:020000040200F8
:100000004026012215010202BDFF01021101020278
:100010001101020211010202110102021101020288
:1000200000000000000000000000000011010202BA
:100030001101020200000000FD8301027984010227
:1000400049AD010281AD0102A5AD0102C9AD0102B8
:10005000EDAD010225AE010249AE0102F5FB010240
:04006000F5FB0102A9
:10006400000000000000000000000000000000008C
:10007400000000000000000000000000000000007C
:10008400000000000000000000000000000000006C
:10009400000000000000000000000000000000005C
:1000A400000000000000000000000000000000004C
:1000B400000000000000000000000000000000003C
:1000C400000000000000000000000000000000002C
:1000D400000000000000000000000000000000001C
:1000E400000000000000000000000000000000000C
:1000F40000000000000000000000000000000000FC
:1001040000000000000000000000000000000000EB
:1001140000000000000000000000000000000000DB
:1001240000000000000000000000000000000000CB
:1001340000000000000000000000000000000000BB
:1001440000000000000000000000000000000000AB
:10015400000000000000000000000000000000009B
:10016400000000000000000000000000000000008B
:10017400000000000000000000000000000000007B
:10018400000000000000000000000000000000006B
:10019400000000000000000000000000000000005B
:1001A400000000000000000000000000000000004B
:1001B400000000000000000000000000000000003B
:1001C400000000000000000000000000000000002B
:1001D400000000000000000000000000000000001B
:1001E400000000000000000000000000000000000B
:1001F40000000000000000000000000000000000FB
:1002040000000000000000000000000000000000EA
:1002140000000000000000000000000000000000DA
:1002240000000000000000000000000000000000CA
:1002340000000000000000000000000000000000BA
:1002440000000000000000000000000000000000AA
:10025400000000000000000000000000000000009A
:10026400000000000000000000000000000000008A
:10027400000000000000000000000000000000007A
:10028400000000000000000000000000000000006A
:10029400000000000000000000000000000000005A
:1002A400000000000000000000000000000000004A
:1002B400000000000000000000000000000000003A
:1002C400000000000000000000000000000000002A
:1002D400000000000000000000000000000000001A
:1002E400000000000000000000000000000000000A
:1002F40000000000000000000000000000000000FA
:1003040000000000000000000000000000000000E9
:1003140000000000000000000000000000000000D9
:1003240000000000000000000000000000000000C9
:1003340000000000000000000000000000000000B9
:1003440000000000000000000000000000000000A9
:100354000000000000000000000000000000000099
:100364000000000000000000000000000000000089
:100374000000000000000000000000000000000079
:100384000000000000000000000000000000000069
:100394000000000000000000000000000000000059
:1003A4000000000000000000000000000000000049
:1003B4000000000000000000000000000000000039
:1003C4000000000000000000000000000000000029
:1003D4000000000000000000000000000000000019
:1003E4000000000000000000000000000000000009
:1003F40000000000000000000000000000000000F9
:1004040000000000000000000000000000000000E8
:1004140000000000000000000000000000000000D8
:1004240000000000000000000000000000000000C8
:1004340000000000000000000000000000000000B8
:1004440000000000000000000000000000000000A8
:100454000000000000000000000000000000000098
:100464000000000000000000000000000000000088
:100474000000000000000000000000000000000078
:100484000000000000000000000000000000000068
:100494000000000000000000000000000000000058
:1004A4000000000000000000000000000000000048
:1004B4000000000000000000000000000000000038
:1004C4000000000000000000000000000000000028
:1004D4000000000000000000000000000000000018
:1004E4000000000000000000000000000000000008
:1004F40000000000000000000000000000000000F8
:1005040000000000000000000000000000000000E7
:1005140000000000000000000000000000000000D7
:1005240000000000000000000000000000000000C7
:1005340000000000000000000000000000000000B7
:1005440000000000000000000000000000000000A7
:100554000000000000000000000000000000000097
:100564000000000000000000000000000000000087
:100574000000000000000000000000000000000077
:100584000000000000000000000000000000000067
:100594000000000000000000000000000000000057
:1005A4000000000000000000000000000000000047
:1005B4000000000000000000000000000000000037
:1005C4000000000000000000000000000000000027
:1005D4000000000000000000000000000000000017
:1005E4000000000000000000000000000000000007
:1005F40000000000000000000000000000000000F7
:1006040000000000000000000000000000000000E6
:1006140000000000000000000000000000000000D6
:1006240000000000000000000000000000000000C6
:1006340000000000000000000000000000000000B6
:1006440000000000000000000000000000000000A6
:100654000000000000000000000000000000000096
:100664000000000000000000000000000000000086
:100674000000000000000000000000000000000076
:100684000000000000000000000000000000000066
:100694000000000000000000000000000000000056
:1006A4000000000000000000000000000000000046
:1006B4000000000000000000000000000000000036
:1006C4000000000000000000000000000000000026
:1006D4000000000000000000000000000000000016
:1006E4000000000000000000000000000000000006
:1006F40000000000000000000000000000000000F6
:1007040000000000000000000000000000000000E5
:1007140000000000000000000000000000000000D5
:1007240000000000000000000000000000000000C5
:1007340000000000000000000000000000000000B5
:1007440000000000000000000000000000000000A5
:100754000000000000000000000000000000000095
:100764000000000000000000000000000000000085
:100774000000000000000000000000000000000075
:100784000000000000000000000000000000000065
:100794000000000000000000000000000000000055
:1007A4000000000000000000000000000000000045
:1007B4000000000000000000000000000000000035
:1007C4000000000000000000000000000000000025
:1007D4000000000000000000000000000000000015
:1007E4000000000000000000000000000000000005
:1007F40000000000000000000000000000000000F5
:1008040000000000000000000000000000000000E4
:1008140000000000000000000000000000000000D4
:1008240000000000000000000000000000000000C4
:1008340000000000000000000000000000000000B4
:1008440000000000000000000000000000000000A4
:100854000000000000000000000000000000000094
:100864000000000000000000000000000000000084
:100874000000000000000000000000000000000074
:100884000000000000000000000000000000000064
:100894000000000000000000000000000000000054
:1008A4000000000000000000000000000000000044
:1008B4000000000000000000000000000000000034
:1008C4000000000000000000000000000000000024
:1008D4000000000000000000000000000000000014
:1008E4000000000000000000000000000000000004
:1008F40000000000000000000000000000000000F4
:1009040000000000000000000000000000000000E3
:1009140000000000000000000000000000000000D3
:1009240000000000000000000000000000000000C3
:1009340000000000000000000000000000000000B3
:1009440000000000000000000000000000000000A3
:100954000000000000000000000000000000000093
:100964000000000000000000000000000000000083
:100974000000000000000000000000000000000073
:100984000000000000000000000000000000000063
:100994000000000000000000000000000000000053
:1009A4000000000000000000000000000000000043
:1009B4000000000000000000000000000000000033
:1009C4000000000000000000000000000000000023
:1009D4000000000000000000000000000000000013
:1009E4000000000000000000000000000000000003
:1009F40000000000000000000000000000000000F3
:100A040000000000000000000000000000000000E2
:100A140000000000000000000000000000000000D2
:100A240000000000000000000000000000000000C2
:100A340000000000000000000000000000000000B2
:100A440000000000000000000000000000000000A2
:100A54000000000000000000000000000000000092
:100A64000000000000000000000000000000000082
:100A74000000000000000000000000000000000072
:100A84000000000000000000000000000000000062
:100A94000000000000000000000000000000000052
:100AA4000000000000000000000000000000000042
:100AB4000000000000000000000000000000000032
:100AC4000000000000000000000000000000000022
:100AD4000000000000000000000000000000000012
:100AE4000000000000000000000000000000000002
:100AF40000000000000000000000000000000000F2
:100B040000000000000000000000000000000000E1
:100B140000000000000000000000000000000000D1
:100B240000000000000000000000000000000000C1
:100B340000000000000000000000000000000000B1
:100B440000000000000000000000000000000000A1
:100B54000000000000000000000000000000000091
:100B64000000000000000000000000000000000081
:100B74000000000000000000000000000000000071
:100B84000000000000000000000000000000000061
:100B94000000000000000000000000000000000051
:100BA4000000000000000000000000000000000041
:100BB4000000000000000000000000000000000031
:100BC4000000000000000000000000000000000021
:100BD4000000000000000000000000000000000011
:100BE4000000000000000000000000000000000001
:100BF40000000000000000000000000000000000F1
:100C040000000000000000000000000000000000E0
:100C140000000000000000000000000000000000D0
:100C240000000000000000000000000000000000C0
:100C340000000000000000000000000000000000B0
:100C440000000000000000000000000000000000A0
:100C54000000000000000000000000000000000090
:100C64000000000000000000000000000000000080
:100C74000000000000000000000000000000000070
:100C84000000000000000000000000000000000060
:100C94000000000000000000000000000000000050
:100CA4000000000000000000000000000000000040
:100CB4000000000000000000000000000000000030
:100CC4000000000000000000000000000000000020
:100CD4000000000000000000000000000000000010
:100CE4000000000000000000000000000000000000
:100CF40000000000000000000000000000000000F0
:100D040000000000000000000000000000000000DF
:100D140000000000000000000000000000000000CF
:100D240000000000000000000000000000000000BF
:100D340000000000000000000000000000000000AF
:100D4400000000000000000000000000000000009F
:100D5400000000000000000000000000000000008F
:100D6400000000000000000000000000000000007F
:100D7400000000000000000000000000000000006F
:100D8400000000000000000000000000000000005F
:100D9400000000000000000000000000000000004F
:100DA400000000000000000000000000000000003F
:100DB400000000000000000000000000000000002F
:100DC400000000000000000000000000000000001F
:100DD400000000000000000000000000000000000F
:100DE40000000000000000000000000000000000FF
:100DF40000000000000000000000000000000000EF
:100E040000000000000000000000000000000000DE
:100E140000000000000000000000000000000000CE
:100E240000000000000000000000000000000000BE
:100E340000000000000000000000000000000000AE
:100E4400000000000000000000000000000000009E
:100E5400000000000000000000000000000000008E
:100E6400000000000000000000000000000000007E
:100E7400000000000000000000000000000000006E
:100E8400000000000000000000000000000000005E
:100E9400000000000000000000000000000000004E
:100EA400000000000000000000000000000000003E
:100EB400000000000000000000000000000000002E
:100EC400000000000000000000000000000000001E
:100ED400000000000000000000000000000000000E
:100EE40000000000000000000000000000000000FE
:100EF40000000000000000000000000000000000EE
:100F040000000000000000000000000000000000DD
:100F140000000000000000000000000000000000CD
:100F240000000000000000000000000000000000BD
:100F340000000000000000000000000000000000AD
:100F4400000000000000000000000000000000009D
:100F5400000000000000000000000000000000008D
:100F6400000000000000000000000000000000007D
:100F7400000000000000000000000000000000006D
:100F8400000000000000000000000000000000005D
:100F9400000000000000000000000000000000004D
:100FA400000000000000000000000000000000003D
:100FB400000000000000000000000000000000002D
:100FC400000000000000000000000000000000001D
:100FD400000000000000000000000000000000000D
:100FE40000000000000000000000000000000000FD
:100FF40000000000000000000000000000000000ED
:1010040000000000000000000000000000000000DC
:1010140000000000000000000000000000000000CC
:1010240000000000000000000000000000000000BC
:1010340000000000000000000000000000000000AC
:10104400000000000000000000000000000000009C
:10105400000000000000000000000000000000008C
:10106400000000000000000000000000000000007C
:10107400000000000000000000000000000000006C
:10108400000000000000000000000000000000005C
:10109400000000000000000000000000000000004C
:1010A400000000000000000000000000000000003C
:1010B400000000000000000000000000000000002C
:1010C400000000000000000000000000000000001C
:1010D400000000000000000000000000000000000C
:1010E40000000000000000000000000000000000FC
:1010F40000000000000000000000000000000000EC
:1011040000000000000000000000000000000000DB
:1011140000000000000000000000000000000000CB
:1011240000000000000000000000000000000000BB
:1011340000000000000000000000000000000000AB
:10114400000000000000000000000000000000009B
:10115400000000000000000000000000000000008B
:10116400000000000000000000000000000000007B
:10117400000000000000000000000000000000006B
:10118400000000000000000000000000000000005B
:10119400000000000000000000000000000000004B
:1011A400000000000000000000000000000000003B
:1011B400000000000000000000000000000000002B
:1011C400000000000000000000000000000000001B
:1011D400000000000000000000000000000000000B
:1011E40000000000000000000000000000000000FB
:1011F40000000000000000000000000000000000EB
:1012040000000000000000000000000000000000DA
:1012140000000000000000000000000000000000CA
:1012240000000000000000000000000000000000BA
:1012340000000000000000000000000000000000AA
:10124400000000000000000000000000000000009A
:10125400000000000000000000000000000000008A
:10126400000000000000000000000000000000007A
:10127400000000000000000000000000000000006A
:10128400000000000000000000000000000000005A
:10129400000000000000000000000000000000004A
:1012A400000000000000000000000000000000003A
:1012B400000000000000000000000000000000002A
:1012C400000000000000000000000000000000001A
:1012D400000000000000000000000000000000000A
:1012E40000000000000000000000000000000000FA
:1012F40000000000000000000000000000000000EA
:1013040000000000000000000000000000000000D9
:1013140000000000000000000000000000000000C9
:1013240000000000000000000000000000000000B9
:1013340000000000000000000000000000000000A9
:101344000000000000000000000000000000000099
:101354000000000000000000000000000000000089
:101364000000000000000000000000000000000079
:101374000000000000000000000000000000000069
:101384000000000000000000000000000000000059
:101394000000000000000000000000000000000049
:1013A4000000000000000000000000000000000039
:1013B4000000000000000000000000000000000029
:1013C4000000000000000000000000000000000019
:1013D4000000000000000000000000000000000009
:1013E40000000000000000000000000000000000F9
:1013F40000000000000000000000000000000000E9
:1014040000000000000000000000000000000000D8
:1014140000000000000000000000000000000000C8
:1014240000000000000000000000000000000000B8
:1014340000000000000000000000000000000000A8
:101444000000000000000000000000000000000098
:101454000000000000000000000000000000000088
:101464000000000000000000000000000000000078
:101474000000000000000000000000000000000068
:101484000000000000000000000000000000000058
:101494000000000000000000000000000000000048
:1014A4000000000000000000000000000000000038
:1014B4000000000000000000000000000000000028
:1014C4000000000000000000000000000000000018
:1014D4000000000000000000000000000000000008
:1014E40000000000000000000000000000000000F8
:1014F40000000000000000000000000000000000E8
:1015040000000000000000000000000000000000D7
:1015140000000000000000000000000000000000C7
:1015240000000000000000000000000000000000B7
:1015340000000000000000000000000000000000A7
:101544000000000000000000000000000000000097
:101554000000000000000000000000000000000087
:101564000000000000000000000000000000000077
:101574000000000000000000000000000000000067
:101584000000000000000000000000000000000057
:101594000000000000000000000000000000000047
:1015A4000000000000000000000000000000000037
:1015B4000000000000000000000000000000000027
:1015C4000000000000000000000000000000000017
:1015D4000000000000000000000000000000000007
:1015E40000000000000000000000000000000000F7
:1015F40000000000000000000000000000000000E7
:1016040000000000000000000000000000000000D6
:1016140000000000000000000000000000000000C6
:1016240000000000000000000000000000000000B6
:1016340000000000000000000000000000000000A6
:101644000000000000000000000000000000000096
:101654000000000000000000000000000000000086
:101664000000000000000000000000000000000076
:101674000000000000000000000000000000000066
:101684000000000000000000000000000000000056
:101694000000000000000000000000000000000046
:1016A4000000000000000000000000000000000036
:1016B4000000000000000000000000000000000026
:1016C4000000000000000000000000000000000016
:1016D4000000000000000000000000000000000006
:1016E40000000000000000000000000000000000F6
:1016F40000000000000000000000000000000000E6
:1017040000000000000000000000000000000000D5
:1017140000000000000000000000000000000000C5
:1017240000000000000000000000000000000000B5
:1017340000000000000000000000000000000000A5
:101744000000000000000000000000000000000095
:101754000000000000000000000000000000000085
:101764000000000000000000000000000000000075
:101774000000000000000000000000000000000065
:101784000000000000000000000000000000000055
:101794000000000000000000000000000000000045
:1017A4000000000000000000000000000000000035
:1017B4000000000000000000000000000000000025
:1017C4000000000000000000000000000000000015
:1017D4000000000000000000000000000000000005
:1017E40000000000000000000000000000000000F5
:1017F40000000000000000000000000000000000E5
:1018040000000000000000000000000000000000D4
:1018140000000000000000000000000000000000C4
:1018240000000000000000000000000000000000B4
:1018340000000000000000000000000000000000A4
:101844000000000000000000000000000000000094
:101854000000000000000000000000000000000084
:101864000000000000000000000000000000000074
:101874000000000000000000000000000000000064
:101884000000000000000000000000000000000054
:101894000000000000000000000000000000000044
:1018A4000000000000000000000000000000000034
:1018B4000000000000000000000000000000000024
:1018C4000000000000000000000000000000000014
:1018D4000000000000000000000000000000000004
:1018E40000000000000000000000000000000000F4
:1018F40000000000000000000000000000000000E4
:1019040000000000000000000000000000000000D3
:1019140000000000000000000000000000000000C3
:1019240000000000000000000000000000000000B3
:1019340000000000000000000000000000000000A3
:101944000000000000000000000000000000000093
:101954000000000000000000000000000000000083
:101964000000000000000000000000000000000073
:101974000000000000000000000000000000000063
:101984000000000000000000000000000000000053
:101994000000000000000000000000000000000043
:1019A4000000000000000000000000000000000033
:1019B4000000000000000000000000000000000023
:1019C4000000000000000000000000000000000013
:1019D4000000000000000000000000000000000003
:1019E40000000000000000000000000000000000F3
:1019F40000000000000000000000000000000000E3
:101A040000000000000000000000000000000000D2
:101A140000000000000000000000000000000000C2
:101A240000000000000000000000000000000000B2
:101A340000000000000000000000000000000000A2
:101A44000000000000000000000000000000000092
:101A54000000000000000000000000000000000082
:101A64000000000000000000000000000000000072
:101A74000000000000000000000000000000000062
:101A84000000000000000000000000000000000052
:101A94000000000000000000000000000000000042
:101AA4000000000000000000000000000000000032
:101AB4000000000000000000000000000000000022
:101AC4000000000000000000000000000000000012
:101AD4000000000000000000000000000000000002
:101AE40000000000000000000000000000000000F2
:101AF40000000000000000000000000000000000E2
:101B040000000000000000000000000000000000D1
:101B140000000000000000000000000000000000C1
:101B240000000000000000000000000000000000B1
:101B340000000000000000000000000000000000A1
:101B44000000000000000000000000000000000091
:101B54000000000000000000000000000000000081
:101B64000000000000000000000000000000000071
:101B74000000000000000000000000000000000061
:101B84000000000000000000000000000000000051
:101B94000000000000000000000000000000000041
:101BA4000000000000000000000000000000000031
:101BB4000000000000000000000000000000000021
:101BC4000000000000000000000000000000000011
:101BD4000000000000000000000000000000000001
:101BE40000000000000000000000000000000000F1
:101BF40000000000000000000000000000000000E1
:101C040000000000000000000000000000000000D0
:101C140000000000000000000000000000000000C0
:101C240000000000000000000000000000000000B0
:101C340000000000000000000000000000000000A0
:101C44000000000000000000000000000000000090
:101C54000000000000000000000000000000000080
:101C64000000000000000000000000000000000070
:101C74000000000000000000000000000000000060
:101C84000000000000000000000000000000000050
:101C94000000000000000000000000000000000040
:101CA4000000000000000000000000000000000030
:101CB4000000000000000000000000000000000020
:101CC4000000000000000000000000000000000010
:101CD4000000000000000000000000000000000000
:101CE40000000000000000000000000000000000F0
:101CF40000000000000000000000000000000000E0
:101D040000000000000000000000000000000000CF
:101D140000000000000000000000000000000000BF
:101D240000000000000000000000000000000000AF
:101D3400000000000000000000000000000000009F
:101D4400000000000000000000000000000000008F
:101D5400000000000000000000000000000000007F
:101D6400000000000000000000000000000000006F
:101D7400000000000000000000000000000000005F
:101D8400000000000000000000000000000000004F
:101D9400000000000000000000000000000000003F
:101DA400000000000000000000000000000000002F
:101DB400000000000000000000000000000000001F
:101DC400000000000000000000000000000000000F
:101DD40000000000000000000000000000000000FF
:101DE40000000000000000000000000000000000EF
:101DF40000000000000000000000000000000000DF
:101E040000000000000000000000000000000000CE
:101E140000000000000000000000000000000000BE
:101E240000000000000000000000000000000000AE
:101E3400000000000000000000000000000000009E
:101E4400000000000000000000000000000000008E
:101E5400000000000000000000000000000000007E
:101E6400000000000000000000000000000000006E
:101E7400000000000000000000000000000000005E
:101E8400000000000000000000000000000000004E
:101E9400000000000000000000000000000000003E
:101EA400000000000000000000000000000000002E
:101EB400000000000000000000000000000000001E
:101EC400000000000000000000000000000000000E
:101ED40000000000000000000000000000000000FE
:101EE40000000000000000000000000000000000EE
:101EF40000000000000000000000000000000000DE
:101F040000000000000000000000000000000000CD
:101F140000000000000000000000000000000000BD
:101F240000000000000000000000000000000000AD
:101F3400000000000000000000000000000000009D
:101F4400000000000000000000000000000000008D
:101F5400000000000000000000000000000000007D
:101F6400000000000000000000000000000000006D
:101F7400000000000000000000000000000000005D
:101F8400000000000000000000000000000000004D
:101F9400000000000000000000000000000000003D
:101FA400000000000000000000000000000000002D
:101FB400000000000000000000000000000000001D
:101FC400000000000000000000000000000000000D
:101FD40000000000000000000000000000000000FD
:101FE40000000000000000000000000000000000ED
:101FF40000000000000000000000000000000000DD
:1020040000000000000000000000000000000000CC
:1020140000000000000000000000000000000000BC
:1020240000000000000000000000000000000000AC
:10203400000000000000000000000000000000009C
:10204400000000000000000000000000000000008C
:10205400000000000000000000000000000000007C
:10206400000000000000000000000000000000006C
:10207400000000000000000000000000000000005C
:10208400000000000000000000000000000000004C
:10209400000000000000000000000000000000003C
:1020A400000000000000000000000000000000002C
:1020B400000000000000000000000000000000001C
:1020C400000000000000000000000000000000000C
:1020D40000000000000000000000000000000000FC
:1020E40000000000000000000000000000000000EC
:1020F40000000000000000000000000000000000DC
:1021040000000000000000000000000000000000CB
:1021140000000000000000000000000000000000BB
:1021240000000000000000000000000000000000AB
:10213400000000000000000000000000000000009B
:10214400000000000000000000000000000000008B
:10215400000000000000000000000000000000007B
:10216400000000000000000000000000000000006B
:10217400000000000000000000000000000000005B
:10218400000000000000000000000000000000004B
:10219400000000000000000000000000000000003B
:1021A400000000000000000000000000000000002B
:1021B400000000000000000000000000000000001B
:1021C400000000000000000000000000000000000B
:1021D40000000000000000000000000000000000FB
:1021E40000000000000000000000000000000000EB
:1021F40000000000000000000000000000000000DB
:1022040000000000000000000000000000000000CA
:1022140000000000000000000000000000000000BA
:1022240000000000000000000000000000000000AA
:10223400000000000000000000000000000000009A
:10224400000000000000000000000000000000008A
:10225400000000000000000000000000000000007A
:10226400000000000000000000000000000000006A
:10227400000000000000000000000000000000005A
:10228400000000000000000000000000000000004A
:10229400000000000000000000000000000000003A
:1022A400000000000000000000000000000000002A
:1022B400000000000000000000000000000000001A
:1022C400000000000000000000000000000000000A
:1022D40000000000000000000000000000000000FA
:1022E40000000000000000000000000000000000EA
:1022F40000000000000000000000000000000000DA
:1023040000000000000000000000000000000000C9
:1023140000000000000000000000000000000000B9
:1023240000000000000000000000000000000000A9
:102334000000000000000000000000000000000099
:102344000000000000000000000000000000000089
:102354000000000000000000000000000000000079
:102364000000000000000000000000000000000069
:102374000000000000000000000000000000000059
:102384000000000000000000000000000000000049
:102394000000000000000000000000000000000039
:1023A4000000000000000000000000000000000029
:1023B4000000000000000000000000000000000019
:1023C4000000000000000000000000000000000009
:1023D40000000000000000000000000000000000F9
:1023E40000000000000000000000000000000000E9
:1023F40000000000000000000000000000000000D9
:1024040000000000000000000000000000000000C8
:1024140000000000000000000000000000000000B8
:1024240000000000000000000000000000000000A8
:102434000000000000000000000000000000000098
:102444000000000000000000000000000000000088
:102454000000000000000000000000000000000078
:102464000000000000000000000000000000000068
:102474000000000000000000000000000000000058
:102484000000000000000000000000000000000048
:102494000000000000000000000000000000000038
:1024A4000000000000000000000000000000000028
:1024B4000000000000000000000000000000000018
:1024C4000000000000000000000000000000000008
:1024D40000000000000000000000000000000000F8
:1024E40000000000000000000000000000000000E8
:1024F40000000000000000000000000000000000D8
:1025040000000000000000000000000000000000C7
:1025140000000000000000000000000000000000B7
:1025240000000000000000000000000000000000A7
:102534000000000000000000000000000000000097
:102544000000000000000000000000000000000087
:102554000000000000000000000000000000000077
:102564000000000000000000000000000000000067
:102574000000000000000000000000000000000057
:102584000000000000000000000000000000000047
:102594000000000000000000000000000000000037
:1025A4000000000000000000000000000000000027
:1025B4000000000000000000000000000000000017
:1025C4000000000000000000000000000000000007
:1025D40000000000000000000000000000000000F7
:1025E40000000000000000000000000000000000E7
:1025F40000000000000000000000000000000000D7
:1026040000000000000000000000000000000000C6
:1026140000000000000000000000000000000000B6
:1026240000000000000000000000000000000000A6
:102634000000000000000000000000000000000096
:102644000000000000000000000000000000000086
:102654000000000000000000000000000000000076
:102664000000000000000000000000000000000066
:102674000000000000000000000000000000000056
:102684000000000000000000000000000000000046
:102694000000000000000000000000000000000036
:1026A4000000000000000000000000000000000026
:1026B4000000000000000000000000000000000016
:1026C4000000000000000000000000000000000006
:1026D40000000000000000000000000000000000F6
:1026E40000000000000000000000000000000000E6
:1026F40000000000000000000000000000000000D6
:1027040000000000000000000000000000000000C5
:1027140000000000000000000000000000000000B5
:1027240000000000000000000000000000000000A5
:102734000000000000000000000000000000000095
:102744000000000000000000000000000000000085
:102754000000000000000000000000000000000075
:102764000000000000000000000000000000000065
:102774000000000000000000000000000000000055
:102784000000000000000000000000000000000045
:102794000000000000000000000000000000000035
:1027A4000000000000000000000000000000000025
:1027B4000000000000000000000000000000000015
:1027C4000000000000000000000000000000000005
:1027D40000000000000000000000000000000000F5
:1027E40000000000000000000000000000000000E5
:1027F40000000000000000000000000000000000D5
:1028040000000000000000000000000000000000C4
:1028140000000000000000000000000000000000B4
:1028240000000000000000000000000000000000A4
:102834000000000000000000000000000000000094
:102844000000000000000000000000000000000084
:102854000000000000000000000000000000000074
:102864000000000000000000000000000000000064
:102874000000000000000000000000000000000054
:102884000000000000000000000000000000000044
:102894000000000000000000000000000000000034
:1028A4000000000000000000000000000000000024
:1028B4000000000000000000000000000000000014
:1028C4000000000000000000000000000000000004
:1028D40000000000000000000000000000000000F4
:1028E40000000000000000000000000000000000E4
:1028F40000000000000000000000000000000000D4
:1029040000000000000000000000000000000000C3
:1029140000000000000000000000000000000000B3
:1029240000000000000000000000000000000000A3
:102934000000000000000000000000000000000093
:102944000000000000000000000000000000000083
:102954000000000000000000000000000000000073
:102964000000000000000000000000000000000063
:102974000000000000000000000000000000000053
:102984000000000000000000000000000000000043
:102994000000000000000000000000000000000033
:1029A4000000000000000000000000000000000023
:1029B4000000000000000000000000000000000013
:1029C4000000000000000000000000000000000003
:1029D40000000000000000000000000000000000F3
:1029E40000000000000000000000000000000000E3
:1029F40000000000000000000000000000000000D3
:102A040000000000000000000000000000000000C2
:102A140000000000000000000000000000000000B2
:102A240000000000000000000000000000000000A2
:102A34000000000000000000000000000000000092
:102A44000000000000000000000000000000000082
:102A54000000000000000000000000000000000072
:102A64000000000000000000000000000000000062
:102A74000000000000000000000000000000000052
:102A84000000000000000000000000000000000042
:102A94000000000000000000000000000000000032
:102AA4000000000000000000000000000000000022
:102AB4000000000000000000000000000000000012
:102AC4000000000000000000000000000000000002
:102AD40000000000000000000000000000000000F2
:102AE40000000000000000000000000000000000E2
:102AF40000000000000000000000000000000000D2
:102B040000000000000000000000000000000000C1
:102B140000000000000000000000000000000000B1
:102B240000000000000000000000000000000000A1
:102B34000000000000000000000000000000000091
:102B44000000000000000000000000000000000081
:102B540000000000000000001B451B252D3132330E
:102B640034355840504A4C2053455420535452490C
:102B74004E47434F44455345543D555446380A4007
:102B8400504A4C20434F4D4D454E543D224A6F62AE
:102B94002053746172742054696D653A20467269D9
:102BA400204465632031362031323A33333A3237A8
:102BB4003A3838312032303232220A40504A4C20DE
:102BC4004A4F42204E414D453D224D6963726F7319
:102BD4006F667420576F7264202D20636F6C6F7260
:102BE4002E646F6378220A40504A4C205345542087
:102BF4004A4F42204E414D453D224D6963726F73E9
:102C04006F667420576F7264202D20636F6C6F722F
:102C14002E646F6378220A40504A4C20434F4D4D36
:102C2400454E543D22485020444A2032313330200E
:102C34007365726965732057696E646F77732031A9
:102C4400302E302E31393034352020554E494452FF
:102C5400562E444C4C3B2031302E302E31393034FA
:102C6400312E32313330202857696E4275696C64D5
:102C74002E3136303130312E3038303029206870E2
:102C84007967696464727632302E646C6C3B2032EE
:102C9400302E37392E30312E36353937220A40500E
:102CA4004A4C20434F4D4D454E543D225573657259
:102CB4006E616D653A2032373335303B2041707098
:102CC4002046696C656E616D653A204D6963726F6B
:102CD400736F667420576F7264202D20636F6C6F5E
:102CE400722E646F63783B220A40504A4C2053454D
:102CF40054204A4F42415454523D224170704E6117
:102D04006D653D4D6963726F736F66745F576F7263
:102D140064220A40504A4C20534554204A4F4241B1
:102D24005454523D224A6F6241636374313D3237D9
:102D3400333530220A40504A4C20534554204A4FE0
:102D440042415454523D224A6F6241636374323D9E
:102D540052656E657361732D3432353736332E54B4
:102D6400454C58534944532E4E4554220A40504A28
:102D74004C20534554204A4F42415454523D224A18
:102D84006F6241636374333D220A40504A4C2053BE
:102D94004554204A4F42415454523D224A6F6241A5
:102DA400636374343D32303232313231363132334E
:102DB400333237220A40504A4C20534554204A4F5C
:102DC40042415454523D224A6F6241636374353D1B
:102DD40066356361333333612D333139342D3466D1
:102DE40063342D623436632D3039306261373936BD
:102DF40039396531220A40504A4C205345542054F5
:102E0400494D455354414D503D32303232313231C7
:102E1400363132333332370A40504A4C205345540A
:102E2400204A4F42415454523D224A6F62416363E7
:102E340074363D53706F6F6C65722053756273798D
:102E44007374656D20417070220A40504A4C2053BF
:102E54004554204A4F42415454523D224A6F6241E4
:102E6400636374373D224D6963726F736F667420B8
:102E7400576F7264202D20636F6C6F722E646F63C2
:102E840078220A40504A4C20534554204A4F42412C
:102E94005454523D224A6F6241636374383D223276
:102EA40037333530220A40504A4C20534554204A87
:102EB4004F42415454523D224A6F62416363743914
:102EC4003D286E756C6C29220A40504A4C205345AB
:102ED40054204A4F42415454523D224F53203D20E6
:102EE40057696E646F7773220A40504A4C205345E9
:102EF40054204A4F42415454523D224F5320566568
:102F04007273696F6E203D2057696E646F7773200A
:102F140031302E302E313930343520220A40504A97
:102F24004C20534554204A4F42415454523D22525E
:102F3400656E6465722054797065203D2044697320
:102F44006372657465220A40504A4C2053455420EC
:102F54004A4F42415454523D2252656E6465722078
:102F64004E616D65203D20485020444A2032313363
:102F74003020736572696573220A40504A4C2053AD
:102F84004554204A4F42415454523D2252656E6486
:102F940065722056657273696F6E203D2032302E43
:102FA40037392E30312E36353937220A40504A4CC3
:102FB40020454E544552204C414E47554147453DCE
:102FC40050434C334755490A40504A4C20534554CA
:102FD40020555345524E414D453D2232373335300D
:102FE400220A1B451B266C30531B266C31481B2AB6
:102FF4006F35570D030003EC1B2A6F304D1B266CF5
:1030040032411B266C304D1B2A6F35570B010000D3
:10301400001B2675363030441B2A74363030521B60
:103024002A6731325706070001025802580A012064
:10303400011B2A7235303330531B266C2D32481B4A
:103044002A7231411B2A70343938591B2A623334AD
:10305400591B2A623138579FFFFFFFFFFFFFFFFF15
:10306400FFFFFFFF007F8000011B2A623137579F5B
:10307400FFFFFFFFFFFFFFFFFFFFFFFD7F80000556
:103084001B2A6230571B2A6230571B2A623231577F
:103094009FFFFFFFFFFFFFFFFFB17F800000FFFFE7
:1030A400FFFFFFD9001B2A623231579FFFFFFFFF4A
:1030B400FFFFFFFFAF7F800004FFFFFFFFFFD5048A
:1030C4001B2A623237579FFFFFFFFF577F800003A1
:1030D400FFFF3003FFFFFFFF0906FFFFFFFFFFD3E2
:1030E400061B2A623333579FFFFFFF827F80000154
:1030F400FFC30CFFA801FF3701FF2D0CFF7C03FF6A
:103104003102FF3C01FF33011B2A62363157DFFFD6
:10311400FFFF81049F647F80002BFF2214FF251989
:10312400FF5805FF3305FF2714FF261BFF2A06FF60
:103134002D05FF3905FF2F05FFFF1E19FF6908FF45
:10314400FF692EFFFFFF4119FFC7081B2A623432B3
:10315400579FFFFFFF7F7F800006FF632DFF1F192E
:10316400FF2120FFCC19FF22227833FF2B07FFFF1A
:10317400A620FFFFDF30FFFFFF3F201B2A62343011
:1031840057DFFFFFFF7E07DF622F9F1C7F80001D3C
:10319400FF1E24FFC71DFF1F26DF6E33FFFF6A24B7
:1031A400FFFFDB32FFFFFF3D241B2A623432579FAF
:1031B400FFFFFF7C7F800009FF6130FF1A21FF1BA6
:1031C40028FFC221FF1C29782FFF2907FFFFA5280C
:1031D400FFFFD733FFFFFF3C281B2A623331579F81
:1031E400FFFFFF7A7F80000BFFB623F84BFFBF235E
:1031F400F84D381DF8FFFF23F8FFFFFFFF821B2A5D
:1032040062333557DFFFFFFF790C9FB47F800026C0
:10321400F84CFFBB26F84E782CFF2707C734F8FF7D
:103224009CF8FFFFFFFF821B2A623335579FFFFF85
:10323400FF777F80000EFFB328784DFFB928784FC1
:10324400381B780DDF353578FF9E78FFFFFFFF834D
:103254001B2A62323857DFFFFFFF760FDFB22AB82E
:103264004DDFB62AB84FDF5307B8FFDDB8FFFFFFC5
:10327400FF821B2A623436579FFFFFFF747F800052
:1032840011FFB12B784FFFB42B78513819780DFF0B
:103294002307C736FFFF0B017889FFDF0178FFFFA3
:1032A400FF96FFFF83011B2A62343657DFFFFFFFBF
:1032B4007312DFB02C3850DFB22C385278199FFFCC
:1032C4008E7F80000578883854DF0C6FE70578FF1F
:1032D400FFFF9538B2DF0CB4E7051B2A623433577D
:1032E4009FFFFFFF717F800014DF990E9F147FFF03
:1032F400FF013865FFC80138673829DF2107E73740
:1033040038FFA3FFFFFF09FF9138DC1B2A62343327
:1033140057DFFFFFFF7015FF980EC70BE7093862F0
:10332400DFAF0BE709788038FFFF297853FF0A7075
:10333400FFFF29FF9238DD78B1FF0AB51B2A6236F8
:1033440033579FFFFFFF6E7F8000179F6F7FFFFF44
:1033540037FF0F0EFF320B3817FFC00EFF330D3847
:10336400153829DF1F07E738FFFF770B3817F853A5
:10337400FF0672FFFCFFBEFFB00B3817F8B1FF0663
:10338400B71B2A62343957DFFFFFFF6D18DFAE0920
:10339400E711FB443813DFAC09E711FA4738127818
:1033A40018380DFF2D39FBFF8B3813FF547BFBFFBF
:1033B400FFFF8C3813FFB2C01B2A623431579FFFC2
:1033C400FFFF6B7F80000B007FFFFFDFBB08E7156B
:1033D400F847DFC008E715F849782DDF2D07F8FF17
:1033E400D2F8FFFFFFFF821B2A62333757DFFFFF4C
:1033F400FF6A0BE0F8EAF8473810F8D9F849380FB3
:103404003829FF2B3AF8FF923810F8FFFFFFFF6EC0
:1034140038101B2A623433579FFFFFFF687F8000F8
:103424000B827FFFFFFFCB19FF0212F828FFCC1994
:10343400FF02137829782BDF2B07F8FFD7F8FFFF5B
:10344400FFFF821B2A62333957DFFFFFFF670AE45D
:10345400FFCA1C7848380EFFB81C7849383BDF197E
:1034640007E73B78FF96380E78FFFFFFFF71380EB1
:103474001B2A62333957DFFFFFFF660AE5DFBA070D
:10348400FF2215782BDFB907FF2216782B380D7829
:1034940019FF383C78FF9778FFFFFFFF831B2A62F0
:1034A400333657FFFFFFFF7700FFC93B782C380DF9
:1034B400FFB63C782C383ADF170778FFDD380D78F3
:1034C400FFFFFFFF72380D1B2A62313557FFFFFFE4
:1034D400FF760178FFFFAB380DFF253D1B2A6232D2
:1034E4003657FFFFFFFF740378FF3E78FF3C782ACE
:1034F400DF250778FFDF78FFFFFFFF831B2A623495
:103504003057FFFFFFFF7205DFB906E73C782E381E
:103514000CDFA506E73D383D382BFF233E78FF9AA4
:10352400380C78FFFFFFFF73380C1B2A62313357C6
:10353400FFFFFFFF710678FFFFADDF23071B2A6241
:10354400313757FFFFFFFF6F0878FFFF7F383BDFFE
:103554001107E73F1B2A62323457FFFFFFFF6E0952
:1035640078FF4078FF6AFF304078FF9B78FFFFFFC9
:10357400FF831B2A6232365778FFFFFF66FF020B78
:1035840038FF5038FF6BDF0F0738FFF438FFFFFFB9
:10359400FF831B2A62363357FFFFFFFF6A0D78FF54
:1035A400FFAF380DFF1D419F817F800004FF420360
:1035B400FFFC00FF5B00FF8203FF4A00FFED04FFF6
:1035C4004E01FF2400FF4D02FF6B03FFCB00FF2DD4
:1035D40004FF7503FF46021B2A62393657FFFFFFBB
:1035E400FF671078FF4178FF6BDF1D079FC67F8060
:1035F400000FFF380C38B4FF2400FF0C06FF100145
:10360400FF1B00FF1009FF780DFF2A00FF0C06FFC7
:103614008203FF2401FF220EFF2B00FF0F09FF1C72
:1036240008FE29FF1209FF620D3884FF2300FF0CF6
:1036340006FF250FFF2F01FF2E0DFF3C0B1B2A62F7
:103644003130315738FFFFFFFF4C38FF3B38B5FFAF
:103654001B429F797F800015FF3212FF1226FF93D1
:1036640003FF090AFF0C05FF1703FF0C0EFF1D26BD
:10367400FF2413FF2503FF090AFF7F05FF2105FF30
:103684001C16FF2503FF0C0DFF180DFF2403FF0D6F
:103694000FFF5C13FFA603FF090AFF2015FF2A058D
:1036A400FF2913FF3612FF12261B2A62373557787B
:1036B400FFFFFFFFFFFF35DF1B079FC27F80001A5C
:1036C400FF2D1678E1FF070C783FFF0912FF6E18F3
:1036D400782FFF070CFF7D07FF1F06FF191B782FAC
:1036E400FF0911FF1411FF3C13FF571878B0FF07AF
:1036F4000CFF1D1AFF5E18FF32161B2A623734575F
:1037040038FFFFFFFFFFFF46FF19439F757F8000CF
:103714001DFF2A1AFF0D28FFA80DFF4B15FF1828BF
:10372400FF1F1AFF380D387D780CDF2C12E71FFFBE
:103734003814FF1114FF3916FF551AFFB90DFF1B7A
:103744001DFF5C1AFF2F1AFF0D281B2A6237315701
:1037540078FFFFFFFF3D380C78FF2B380C78A5DF8E
:103764001906E7449F737F800021FF271CFFE60FA3
:10377400FF4918FF681EFF340FFFAE06FF1622FF35
:103784003617FF0E17FF3619FF511EFFB50FFF192D
:1037940021FF581EFF2B1D1B2A62373057DFFFFF06
:1037A400FFFFFFFF0306E71D380CDF0707DFBF2419
:1037B4009F237F80001FFFE410FF481AFF6522FF4C
:1037C4003110387E780CDF2A0FE725FF331AFF0B00
:1037D4001AFF331CFF4E22FFB210FF1824FF54229D
:1037E400FF28201B2A6236335738FFFFFFFF4E386D
:1037F400FF3BFFCF459F707F800027FF2121FFE221
:1038040011FF461DFF6324FF2F11FFAD06FF132890
:10381400FF311CFF091CFF311EFF4C24FFB011FFB8
:103824001627FF5224FF25231B2A6237325738FFFD
:10383400FFFFFF4F38FF3B78A5380CDF0507DFBDDE
:1038440029DF1F22DFE112DF451FDF6126DF2D1292
:10385400787F380CDF1906E70DC72ADF2F1EDF0734
:103864001D9F2F7F800021FF4A26FFAE12FF1529DE
:10387400FF5026FF23251B2A6235335778FFFFFFAD
:10388400FF3E380E78FF29380E38B5FF1346DF6E39
:103894002BDFFF9021DF5F2838DA3870DF2D1FDF40
:1038A400061FDF2D23DF4828DFDF2BDF4E28DF2133
:1038B400271B2A6237305738FFFFFFFF5138FF3B81
:1038C400DF6D06E720DF1306E747DF6D2DDF1C23DE
:1038D400DFE013DF4323DF5D2ADF2A137880DF274D
:1038E40006E70DC72DDF2B21DF0421DF2B25DF4663
:1038F4002ADFAB13DF132DDF4C2ADF1F281B2A62BC
:1039040039335738FFFFFFFF52DF6E06E735387C47
:1039140038B4DFD02FDF1A0AE701DFBA06E70EDF7B
:103924000C14DF4224DF5C0CE7013812DF28147822
:1039340081380CDF1506E70EFF1202DF4022DF0399
:1039440022DF2A26DF450CE7013812DF7506E70D72
:10395400DF0C14DF122FDF4A0CE7013812DF1D29B8
:103964001B2A623131365778FFFFFFFF3F3810784A
:10397400FF273810DF6A06E722DF1106E748DF6B0E
:103984000EE7023814FF29087816FF2C34DF64157B
:10399400DF4109E538127811FF2C10C70AE707DF69
:1039A4003A15FFE10A380FDF2809E43811DF01096D
:1039B400E43811DF280BE53812DF430AE707DFBBE1
:1039C40015DF110EE7023814DF480AE707FF450147
:1039D40038107806FF2CFFFFFFFFE21B2A6231310B
:1039E4003357B8FFFFFFFF54B8FF3ADF6707782863
:1039F400380CD707FFD0083812DF1706E70DFF424F
:103A040035FC74DF4807E704FF5310C709E70B3898
:103A14000EFC36788A380CDF1306E70FFF0B0FDF36
:103A24003806E704DF1206E704380FDF2608E70547
:103A34003810DF4109E70B380EFCB7FF2D083812A8
:103A4400DF4609E70B380EDF1B0AE708FF45FFFFD7
:103A5400FFFFE31B2A623132385778FFFFFFFF4034
:103A6400381278FF253812FF7524FF1E49DF6A0AD1
:103A7400E70DFF3810FF1203FF0B49DF6305E7036F
:103A8400FF0106FF4008380EFF1103FF0B24FF0D52
:103A94000F380DDF2405E703FF012F784C380CFFA6
:103AA4002010FF0912380DFF3406380ECF06E70642
:103AB400DF3707E709FF630F380DDFA505E703FFCD
:103AC400010BC70AE70DFF690F380DDF1909E70C71
:103AD400FF1503FF0BFFFFFFFFF71B2A6239375760
:103AE400B8FFFFFFFF57DF6707B8BFDF6307782A18
:103AF400BF0C08DFBB09E710380FDF1505E713FF1C
:103B04000112DF8F07FF2D18FF3E0BDF6807E71157
:103B1400FF4041DF7106FF2015FF4209DF0E05E774
:103B240009FF440C380EDF3F07E711DF8207FF2C43
:103B34001CC709E710380FDF4407E711DF2809E73E
:103B44000F1B2A623130385778FFFFFFFF41B8144A
:103B5400FF7436786BB8149F5F7F800008C726DF38
:103B64001C4A9F797FFFFF14380E783EFFBC0FFF7D
:103B74001519FF3D0D380DDF5507E713380CFF2EDF
:103B840042784D380CDF0F06E711FF0518FF400B94
:103B9400FF1A0B380DFF310EDF4F07E713380CFF08
:103BA400800EFF151DFF0D14380EDF4207E7133892
:103BB4000CFF27131B2A6238355778FFFFFFFF429B
:103BC400B815DF620778ABB815DF5C08E728FF1A81
:103BD4004BDF6807E716FF3233DF8E07FF2C1AFF2F
:103BE4003C0FFF7415FF3C437899FF021A380CFF11
:103BF4002F0DFF180DFF3F11380DFF4C15DF7F0708
:103C0400FF2B1DC707E716FF6215DF2507E7151B06
:103C14002A623130335778FFFFFFFF43B81678FF2D
:103C240020B8169F587F800009C729FF7C37FF19E9
:103C340007C718780DFF1205DFFF091BDF3B10FFD4
:103C44006406C717780BDF2B44384E780CFF0D063B
:103C5400C7139F007FFFFF1DFF3D0FFF160FFF3DA2
:103C640013DF4C06E717380BFFAC1DC707E71838FE
:103C74000DDF4006E717380BF843FF030E1B2A62DB
:103C840039375778FFFFFFFF44B817DF5D07E73781
:103C9400786EB8179F527F80000CC72BDF184C3802
:103CA40098DF2F34FF8D07C710DF121CDF3A12781C
:103CB4000CDF6118DF3945FF0B1D381B780CDF1A48
:103CC4003D9F3B7FFFFF11FF1411380CFF2C15386B
:103CD4000CFF4918DF7D07E70FFF121E782EFF5EE9
:103CE40018FF33191B2A6237395778FFFFFFFF4546
:103CF400B81878FF1EB818BF3A21E72DDFD507E7BB
:103D04001BFFFF391DFF3814DF6205E71AFF374632
:103D14003831DF39067843FF3913FF1213FF3A169F
:103D2400DF4A05E71AFFB81EC707E71BDF4E05E7A2
:103D34001ADF2206E71BFF000F1B2A62373457786D
:103D4400FFFFFFFF46B819DF5807E7387870B81946
:103D5400FF612EFF164DFF751C380CDFEA07E711D3
:103D6400788F7892380A38AC781A380CDF0906E76D
:103D74003FFFC218787A380ADF6C07E710FF471C48
:103D8400380C786F380AFF21371B2A623739577885
:103D9400FFFFFFFF47B81ADF550878B2B81AFF5D76
:103DA40031FF144EFF741EDFF808FF2A1EFF37167A
:103DB400DF6005E71CFF35473861FF1640380BFF0D
:103DC4002914FF1114FF3819DF4805E71CDF7908AF
:103DD400FF291FFF0B1EDF4C05E71CDF20061B2AF3
:103DE40062373557BFFFFFFFFF011E781DB81BDF89
:103DF4005208E7397872B81BFF5933DFD3063833DA
:103E0400DFE708E712FF0F1FFF3618FFC948785194
:103E1400DF17067846FF3616FF0F16FF361B380BE2
:103E2400DFE608E711FF0F1FC7063833FFA0381B72
:103E34002A6237335738FFFFFFFF28F81DB81BDF0E
:103E44004F09F8B5B81BB8577837FF124FFF7320E6
:103E5400DFF509FF8A19FF6C1E380A78CB380CFF8E
:103E64001442FF3517FF0E17FF351CFF541E380A86
:103E7400DF6809FF5F20FF581E380ADF10061B2A7F
:103E84006237385778FFFFFFFF4BB81C9F4B7F808A
:103E9400000AC73A3875F81CF9573835FFD0067848
:103EA40055FFC30AC713DF0E20DF341A780BFF4F08
:103EB40005DF5949FF6B06DF7F18DF0D18780BDF2C
:103EC400251EFF4505FF9B0AC712DF0E1FE706FFED
:103ED40073051B2A6237395738FFFFFFFF29F81F84
:103EE400381C9F487F80000CB8B9781CF859DF470C
:103EF40050389CFFF00CDF2921DF331BDF6B1FDF01
:103F0400314A3853780CFF0306C743DF3319DF0CFB
:103F140019DF331F780BDF431FFF720CDF282038B3
:103F240035DF561FDF2C391B2A62353657F8FFFF61
:103F3400FFFF4EB81B9F447F80000DC73BB878F845
:103F44001BF8597845DFCA22782CFFBE0DC71438F8
:103F5400FFFF07780CDF10443855382DFFFF4B0D59
:103F6400C713DF44221B2A62363857F8FFFFFFFFCE
:103F740050381B9F3F7F800010C73CB87A781B786D
:103F84005AFF300D78FF03380F780BFFB910C715AF
:103F9400DF0C2238573892DF2F4BFF690638FFAF0A
:103FA400FF6B10C714DF0C217844386FFF1C061B0D
:103FB4002A6237345778FFFFFFFF52B81BBF29230B
:103FC400E73D787CB81BB85978FF3C382DBFA42353
:103FD400E716FF0B23DFB7053833FF204CFF321BF6
:103FE400380CD706E74578E4DF43053833BF492367
:103FF400E715FF0B227836DF47053833FF1C3A1BE1
:104004002A62343957F8FFFFFFFF53381BFF533E32
:10401400F87D381B385ADF2C0FDFB905E724382E1A
:10402400FFCE17FFFE21FFFFFF8821FF8216DF3539
:1040340005E724FF54211B2A62343357F8FFFFFF9E
:10404400FF55381AFF513FF87F381A385ADF2A10C3
:10405400FF6129787F380DFFCC18FFFFBD43BF0CEB
:1040640007E746FFFFE7171B2A62343157FFFFFFBC
:10407400FFFF29283818FF4F40F9813818FF27100F
:1040840038173842B8FF27FFC91978FFFF0AFF1A0B
:104094004738F3FFEE181B2A62333957F8FFFFFF46
:1040A400FF5A3817FF4C42F8843817FB3FDF3E12A3
:1040B40038FF027810B80FFFC51BFFFFFFFFFF603A
:1040C4001A387E1B2A62343257FFFFFFFFFF282D68
:1040D400FF6443F886F85D38113842B8FF2AFFC2FE
:1040E4001C78FFFF0BFF184878E5FFF91BDFFF1072
:1040F40005E73B1B2A62363357FFFFFFFFFF0156DC
:104104003814FF4944F8883814F8453810DF251569
:10411400DFB505E726781FB912FFBE1DDFF03D7835
:10412400D1FF1636877F800018FFFF1D3DDF6E1C10
:10413400FF3405C726FF453D1B2A62343357F8FF79
:10414400FFFFFF603813FF4547F88A3813F846DF4E
:10415400361678FF16B914FFB8209FFFFF5E7F80E4
:10416400001F9FFFD17FFFFF1F1B2A623436577841
:10417400FFFFFFFF62FF5949788C785E380E783272
:10418400380C78FF16B816FFB42278FFFF0DFF1421
:104194002D877F8000229FFFCF7FFFFF211B2A6294
:1041A400343457F8FFFFFFFF633811FF404BF88D9D
:1041B40038117848DF3306E078FF27B817FFB024BA
:1041C4009FFFFF587F8000259FFFCD7FFFFF231BAC
:1041D4002A6234365778FFFFFFFF65FF504F788F10
:1041E400785D380D7832380C78FF17B818FFAA2894
:1041F40078FFFF0EFF1229877F8000279FFFC97F6A
:10420400FFFF271B2A62343857F8FFFFFFFF663889
:104214000FFF3654F890380F7849DF3006E378FF03
:1042240027B919FFA22D78FFFF0FFF1028877F8081
:1042340000299FFFC47FFFFF2C1B2A62343157786B
:10424400FFFFFFFF68FF33697892386CDF1E073881
:1042540011F8FF18381AFF8C429FFFFF527F80002D
:104264002B9FFFAF7FFFFF411B2A6234335778FF38
:10427400FFFFFF69380E78FF29380E7849FD3D3875
:104284000CF8FF19B819FFFFFF0F0DDFBF0CDF2A71
:104294002CFFFF6236FFFF57081B2A62333857781A
:1042A400FFFFFFFF6A78FF3BDF8B07F8FF32381907
:1042B400FFFFFF0D0E38D49F277F80002EDFFF61A4
:1042C40037DFFF56091B2A6233375778FFFFFFFF9A
:1042D400FFFF09FF3B00380CF8FF1CB818FFFFFF75
:1042E4000A0FDFBE0EDF262FFFFF6038FFFF550ADF
:1042F4001B2A6234315778FFFFFFFF6B78FF3B388E
:104304006ADF1B06E701F8FF2E3818FFFFD344DFEE
:10431400BD10DF240FE70AFFFF396DFFFF203F1BAD
:104324002A6232345738FFFFFFFF7C38FF3B789115
:10433400380CF9FF1F38FFFFFF14FF370E1B2A62EA
:1043440033315778FFFFFFFF6C78FF3B785ADF2942
:1043540006E703F8FF323814DFFFFFDF12DF22091C
:10436400E7111B2A62323957FFFFFFFFFFFF63404B
:10437400DF86077809380CF9FF23381238FFFFF974
:10438400DF2008E7131B2A6234365778FFFFFFFF4C
:104394006D38AEDF31057846FF9406380C38BBDF44
:1043A4002A05E726DFFFFFF114DF1F08E714DFE526
:1043B4000638FF55DF2A05E70F1B2A62333457DF1F
:1043C400FFFFFFFFFFFF3507F8FF46380F78FFC2F6
:1043D400DFFF1516FF2E15FFF30D781E78FF9538B5
:1043E400601B2A6233345778FFFFFFFFFF12FFFF81
:1043F4002E08380C78AC7877380FF8FFFFE8380CC3
:10440400FF2C1678FFFF3F78D71B2A62333057DF23
:10441400FFFFFFFFFFFF3407F8FF4A38FFE0DFFF2D
:104424000606DF2E06E71738FF3938FF951B2A6288
:1044340032395738FFFFFFFFFF21DFFF0E07E70A7E
:10444400380C78FF2ADFFFFFE806E2380CFF291852
:104454001B2A62333057DFFFFFFFFFFF5405E7429B
:10446400FF910B380DFFF32EFCFFFFF5DFFF410634
:10447400FFFF91101B2A62333757DFFFFFFFFFFF57
:10448400FF3207781138C9DF28057834380BDFFF8D
:10449400FFD6063812FFFF3F0E38FF41DF28051B09
:1044A4002A6234355778FFFFFFFFFF13380BDFE331
:1044B40006E710FF0C0D380D78AA78FFFF50FEFFB9
:1044C4001F380CDF1805E71978FF2C78FF10788166
:1044D40038601B2A62333657FFFFFFFFFF7C0CDF77
:1044E400BE06FF560DDF5C07781378FF3B38FFDD0F
:1044F400DFFF020638FF9D38FF9578441B2A62349B
:104504003657DFFFFFFFFF6D06FFE142C706FF815D
:1045140010380C38B8DF2606DFFFFFFF1C06E70162
:10452400380C38FF07DF230638FF59DF2606389F8B
:104534001B2A6233345738FFFFFFFFFF23DF2B06AC
:10454400DFA407DF1407FFFF1A31FFFFFFF0033872
:104554000C38FF07FFFFC5111B2A6234355778FF5B
:10456400FFFFFFFF14DFFF1707E712380C38B8DF2F
:10457400240638FFFF19DFFE0638FF24DF2006E794
:104584000F382E38FF11DF2406384A1B2A623630D2
:1045940057DFFFFFFFFF6C06E70D388FDF2906E7C3
:1045A40042C706E70EDF3307E70E383878A8FF4125
:1045B4003278FFD0DFFF0C06E705380C38FF0878A7
:1045C4006978FF10FF411278227852380B1B2A6257
:1045D40035355778FFFFFFFFFF15380CDF2707DF5E
:1045E400CA07E71438C8DF2206386A38FF7638323B
:1045F400DFFF710638B2DF1D07384738FF11DF22AD
:1046040006384C99797F800078221B2A6237365706
:104614009EFFFFFFC17F8000F96EFF2A0778A7DFA6
:104624003512E1FF2A07FF4907C70EDF0C15780D85
:1046340038A8FF3006C73338FFD1FFFF0A06C70783
:10464400780CFF420778B3DF2B10382138FF10FFB6
:104654003006C71338237861FA21FE4F1B2A6237CC
:1046640035579FFFFFFFBF7F800003F86FFF2707C9
:10467400C70E3881FF3507F81BFF2707C70FFF3127
:1046840008FF1307381B78C8FF6A0678FFD238FF83
:104694001A780C7821FF1B0878B4FF1A0778497838
:1046A400FF1178803843780CFC1FFF4C031B2A62EF
:1046B400373757DFFFFFFFBE05DE6AB8E1DF2207A9
:1046C400E712C6DF8008E70DC707E717380D38B8CB
:1046D400DF1E07FF460E78FFAE380BDFF806E7094A
:1046E400DF4F0938B5DF1807E7117822380B38FF98
:1046F40011DF1E077840380B9E737F8000FF4B0547
:104704001B2A6231303057DFFFFFFFBD07B871DF6E
:104714002207E70F7882380EDF2008B820DF22074F
:10472400E7109F2E7F80000A384338B8780DFF1CAD
:1047340007C70DE13845780B38FF67780B7834FFED
:10474400F606C70B780C3812780BFF180A78B6787F
:104754007638FF00780DFF1C07C714783438427888
:104764000CFF1B003813780BFF24071B2A62383315
:1047740057B8FFFFFFFF449F1E7F80000978ADFFFD
:104784001D09C713F807FF1E09FF450BC70DE707EF
:10479400C71A780C78B9FF1A07C70EF800FF1D0670
:1047A40078FFD6F926FFFF3C0B78B7FF1408C71231
:1047B4007833F92678E4FF1A07C7157835F926788F
:1047C40026FF18021B2A6231313057DFFFFFFFBC7E
:1047D40009B874DF1B09E7107883B80FDF1A09E7FB
:1047E40014B809DF1B09E7119F2A7F80000D785652
:1047F40038A7F80EFF1609FE13FF1A06C710780C27
:1048040078FF763824780DFD22FFC706C70D780C93
:104814007821FF140D78B8FF1209383E780DFD2277
:1048240038D2F80EFF16093843780DFD223815F8F2
:104834000DFF15037823FF22091B2A6231303457F8
:10484400B9FFFFFFFF489F167F80000B389DF810CB
:10485400FF160BF928FF160BFF4010C70DE707C71B
:104864001C38B8780FFF130AC70EF805FF1707386E
:10487400FFC8F80DFF1E00FFC6073813780C381167
:10488400780CFF120EF8B9FF0F09C7133824F80D7E
:10489400FF1E0038D3780FFF130AC7163826F80D09
:1048A400FF1E007828FF12051B2A62313235579FFC
:1048B400FFFFFF687F800032F9A4FF110CC7113895
:1048C40085F811FF110DC715F90EFF110CC712FF62
:1048D4000B2AC70DE707C71D780DF9BBFF0E0BC7E1
:1048E4000FF807FF1407C712F80CFA0938FF55F838
:1048F4000CFA093814780EFF1A03FF8624DF1F0F01
:104904007832FF0F10F8BBFF0B0B3841780EFF1AFB
:1049140003F9E7FF0E0BC7173827780EFF1A033881
:1049240016F80FFF0E073814F80CFA091B2A623127
:10493400313057DFFFFFFF6734BAA69F097F80003D
:104944000FC712FA9CFF0910C716FA11FF090FC707
:1049540013DF3D0E383338B8F912FF080EF921FF82
:104964000F09F829FE04F8FF66FE04F926FF130771
:1049740078B3FF0E06C711780CF822FF0B12F9BDAD
:10498400FF050DC714F938FF130738D4F912FF08CF
:104994000EF95AFF13073817F910FF070BF826FE14
:1049A400041B2A6231303757BFFFFFFFFF521AE75B
:1049B400137886BF161BE717BF151AE714FF3C0EC2
:1049C400C707E71F380D78A8BF1418E710BA0C9F63
:1049D400077F80000CC713FF1006FFFF680638141A
:1049E400FA11FF0A0C78B4FF0C0778273810F90F76
:1049F400FF0515FFC014C7153826FA11FF0A0C3835
:104A0400D5FF1418C7183828FA11FF0A0CFF2E1501
:104A1400FF28061B2A62373657DFFFFFFF6636FF83
:104A2400CB147887FF3818FF3715FF3B0F783538DC
:104A34000D78A8FF3311BF1016781978FF767836F1
:104A4400BF1419FFD3137821BF11106078BAFF2A5D
:104A5400167827BF141978D6FF33197829BF14198B
:104A64007818FF2F111B2A6235395778FFFFFFFF93
:104A74003AFF35157888FF361AFF3516FF3A0FC707
:104A840007E72178BAFF3112FF2E1578FFB1DFFB5B
:104A9400073829F83D78BB787378FF10FF311A780E
:104AA4002A7851FF2D121B2A6236345778FFFFFFF4
:104AB400FF3BFF33167889FF341CFF3317FF38118F
:104AC4007837380D78A9FF2F13FF2D1778FF7678E4
:104AD40037FFFF0A157821F92778BCFF27177829B3
:104AE40078FF10FF2F1B782B785178471B2A6237E9
:104AF400325778FFFFFFFF3CFF3117F88AFF301F62
:104B0400FF3118FF3711C707E72378BBFF2D15FFC7
:104B14002B1878FFB2FF3210DFAA06E717380C789B
:104B240011FA25F8BDFF2418782AFF32397898FF46
:104B34002D1C782CFF3217FF29151B2A6236385793
:104B440078FFFFFFFF3DFF2E19788CFF2E21FF2EEB
:104B54001AFF3512C7087829380D78AAFF2A18FFDA
:104B6400291A78FF767838DFF607382D7811FB2379
:104B740078BFFF2219782B78FF10FF2A1E782D7832
:104B840051FF27171B2A6238325778FFFFFFBCFFFB
:104B94000D1CF848FF2B1AF88DFF2A25FF2B1BFF4D
:104BA4003314FF0D26F8BBFF261BFF261D78FF7666
:104BB400F838FF2D12FFB8197822FD2078C0FF1FA6
:104BC4001BF82CFF2D3BF89AFF2620F82EFF2D1CF6
:104BD400FF231A782DFF0DFFFFFFFFBE1B2A62384B
:104BE4003357F8FFFFFFFF40FF271CF88FFF2629EC
:104BF400FF271EFF2F16C707E727380D78ACFF24C1
:104C04001DFF241FFF193478FF1DFF1919FF2914F4
:104C14007860DF4407382F7812FE1EF8C1FF1B1D91
:104C2400F82EFF293D789CFF2421F830FF291FFF2F
:104C3400201DFF190B1B2A6239305778FFFFFF66CE
:104C4400FF3A11FF0B1DF84CFF231EF891FF222D94
:104C5400FF2321FF2A1A783DF8BDFF2022FF1F22DF
:104C640078FF76F83AFF24177861FF3703FF0C1BAF
:104C7400F823FF1A0178C3FF191EF830FF2440F807
:104C84009DFF2023F832FF2424FF1D1F782CFF0BE7
:104C9400FFFFFFFFBF1B2A6239365778FFFFFF670C
:104CA400FF3813FF091EF94EFF1D21F893FF1E3232
:104CB400FF1D25FF241FFF0C29F9BFFF1B26FF1A28
:104CC40027FF1535F8FF1FFF151EFF1F1A7862FF17
:104CD4003504FF0B1DF824FF1603F8C4FF1520F854
:104CE40032FF1F43F99FFF1B25F834FF1F29FF18CC
:104CF40024FF150EFF09FFFFFFFFC01B2A6231329C
:104D04003857FFFFFFFF6850FF0522FF0743FF16D8
:104D140026FF0787FF163AFF1679FF082DFF09358E
:104D2400FF072DFF0729FF142EFF142BFF103AFF56
:104D34000746FF0727FF0715FF0720FF0722FF107D
:104D440025FF1720FF0798FF0820FF0816FF10080B
:104D5400FF0515FF071EFF071EFF0712F917FF0FB8
:104D640025FF0726FF1749FF0745FF073BFF1429C7
:104D7400FA36FF1730FF1229FF1013FF05FFFFFF5C
:104D8400FFC21B2A62363257FFFFFFFFC186FF0BAB
:104D9400CBFF0A46FF0BFF8CFF0938FF0A34FF08DC
:104DA400FF66FF082EFF0CFF34FF08B9F91AFF074E
:104DB40068FF0CFBFF092EFB3AFF0C3BFF0832FF98
:104DC40008FFFFFFFFEA1B2A62323657FFFFFFFF8F
:104DD400FF51FFFFFFFFFFFFFF48FF1DFFC9FF3F1C
:104DE400FFFFFFFFFF8F1B2A6230571B2A623057D9
:104DF4001B2A6230571B2A6230571B2A6230571B0A
:104E04002A6230571B2A6230571B2A62323357DF1B
:104E1400FFFFFFFFFFFFFFFFFFFFFFFFFF9405E71B
:104E2400FFFFFFFFFFC41B2A6230571B2A62305763
:104E34001B2A6230571B2A62313657DFFFFFFFFF00
:104E4400FFFFFFFFFFFFFFFFFF93061B2A623136C0
:104E540057DFFFFFFFFFFFFFFFFFFFFFFFFFFF9293
:104E6400071B2A62323157FFFFFFFFFFFFFFFFFFDF
:104E7400FFFFFFFFFFA1FFFFFFFFFFC51B2A6231FA
:104E840039579FFFFFFFFFFFFFFFFFFFFFFFFFFFFC
:104E9400907F8000081B2A623139579FFFFFFFFF74
:104EA400FFFFFFFFFFFFFFFFFF8E7F80000A1B2A2B
:104EB400623236579FFFFFFFFFFFFFFFFFFFFFFF39
:104EC400FFFF847F800013C7FFFFFFFFFFC61B2A7D
:104ED40062313657DFFFFFFFFFFFFFFFFFFFFFFFDA
:104EE400FFFF83141B2A62323157FFFFFFFFFFFFCE
:104EF400FFFFFFFFFFFFFFFF9FFFFFFFFFFFC71B3A
:104F04002A6230571B2A62323157FFFFFFFFFFFF2F
:104F1400FFFFFFFFFFFFFFFF9EFFFFFFFFFFC81B19
:104F24002A62323157FFFFFFFFFFFFFFFFFFFFFF42
:104F3400FFFFFF9DFFFFFFFFFFC91B2A62323157AE
:104F4400FFFFFFFFFFFFFFFFFFFFFFFFFFFF9CFFD0
:104F5400FFFFFFFFCA1B2A62323157FFFFFFFFFF2B
:104F6400FFFFFFFFFFFFFFFFFF9BFFFFFFFFFFCBE5
:104F74001B2A62323157FFFFFFFFFFFFFFFFFFFFD6
:104F8400FFFFFFFF9AFFFFFFFFFFCC1B2A623233B4
:104F94005778FFFFFFFFFFFFFFFFFFFFFFFFFF83C8
:104FA400FF11FFFFFFFFFFCE1B2A6232335778FF4A
:104FB400FFFFFFFFFFFFFFFFFFFFFFFF84FF0EFF69
:104FC400FFFFFFFFD01B2A62323557F8FFFFFFFFB8
:104FD400FFFFFFFFFFFFFFA2FF07FFD0FF07FFFF59
:104FE400FFFFFFD41B2A62323157FFFFFFFFFFFF91
:104FF400FFFFFFFFFFFFA4FFFFFFFFFFFFFFC21B39
:105004002A623738591B2A623138579FFFFFFFFF46
:10501400FFFFFFFFFFFFFFFF00001030011B2A62AC
:105024003137579FFFFFFFFFFFFFFFFFFFFFFFFD2C
:10503400001030051B2A6230571B2A6230571B2A86
:10504400623231579FFFFFFFFFFFFFFFFFB10010E8
:105054003000FFFFFFFFFFD9001B2A623231579F48
:10506400FFFFFFFFFFFFFFFFAF00103004FFFFFF54
:10507400FFFFD5041B2A623239579FFFFFFF7A00D6
:10508400103004FFCC03FFFF3003FFFFFFFF0906CE
:10509400FFFFFFFFFFD3061B2A623333579FFFFF37
:1050A400FF760010300DFFC30CFFA801FF3701FF8E
:1050B4002D0CFF7C03FF3102FF3C01FF33011B2A4F
:1050C400623631579FFFFFFF7200103014FF632BCD
:1050D400FF2214FF2519FF5805FF3305FF2714FF8E
:1050E400261BFF2A06FF2D05FF3905FF2F05FFFFAD
:1050F4001E19FF6908FFFF692EFFFFFF4119FFC753
:10510400081B2A623432579FFFFFFF6F00103019CB
:10511400FF602DFF1F19FF2120FFCC19FF222278E9
:1051240033FF2B07FFFFA620FFFFDF30FFFFFF3F0A
:10513400201B2A623430579FFFFFFF6D0010301D83
:10514400FF5D2FFF1C1DFF1E24FFC71DFF1F26DF51
:105154006E33FFFF6A24FFFFDB32FFFFFF3D241B9A
:105164002A623432579FFFFFFF6B00103021FF5A31
:1051740030FF1A21FF1B28FFC221FF1C29782FFFB3
:105184002907FFFFA528FFFFD733FFFFFF3C281B9C
:105194002A623331579FFFFFFF6900103024FFAEAE
:1051A40023F84BFFBF23F84D381DF8FFFF23F8FF0A
:1051B400FFFFFF821B2A623335579FFFFFFF670003
:1051C400103027FFAB26F84CFFBB26F84E782CFF97
:1051D4002707C734F8FF9CF8FFFFFFFF821B2A62F2
:1051E400333257DFFFFFFF6629DFA928384DDFB9C7
:1051F40028384F781B380DFF353538FF9E38FFFFB0
:10520400FFFF831B2A62323857DFFFFFFF652BDF66
:10521400A72AB84DDFB62AB84FDF5307B8FFDDB869
:10522400FFFFFFFF821B2A62343657DFFFFFFF6454
:105234002DDFA52B384FDFB42B38517819380DDF0B
:105244002307E7369FFF0B001030017889FFDF0149
:1052540078FFFFFF96FFFF83011B2A62343657DF76
:10526400FFFFFF632FDFA32C3850DFB22C385278B6
:10527400199FFF8E0010300578883854DF0C6FE7D3
:105284000578FFFFFF9538B2DF0CB4E7051B2A62EF
:1052940033365738FFFFFF9BFF8B0EFF1401386531
:1052A400FFC80138673829DF2107E73738FFA3FF34
:1052B400FFFF09FF9138DC1B2A62343357FFFFFFDD
:1052C400FF7901FFA30EC70BE7093862DFAF0BE7D5
:1052D40009788038FFFF297853FF0A70FFFF29FF00
:1052E4009238DD78B1FF0AB51B2A62353957FFFFC2
:1052F400FFFF75093812FF6037FF0F0EFF320B38BE
:1053040017FFC00EFF330D38153829DF1F07E738A4
:10531400FFFF770B3817F853FF0672FFFCFFBEFF41
:10532400B00B3817F8B1FF06B71B2A62343957FFA0
:10533400FFFFFF720EDFB309E711FB443813DFAC44
:1053440009E711FA4738127818380DFF2D39FBFF99
:105354008B3813FF547BFBFFFFFF8C3813FFB2C065
:105364001B2A62333657FFFFFFFF70113810DF9D91
:1053740008E715F847DFC008E715F849782DDF2D51
:1053840007F8FFD2F8FFFFFFFF821B2A623336576C
:10539400FFFFFFFF6E14F8DFF8473810F8D9F8491B
:1053A400380F3829FF2B3AF8FF923810F8FFFFFF27
:1053B400FF6E38101B2A62333657FFFFFFFF6C174E
:1053C400FFBF19FF0212F828FFCC19FF0213782936
:1053D400782BDF2B07F8FFD7F8FFFFFFFF821B2A8C
:1053E40062343057FFFFFFFF6A1A380EFFAB1C7898
:1053F40048380EFFB81C7849383BDF1907E73B787B
:10540400FF96380E78FFFFFFFF71380E1B2A6234B7
:10541400305778FFFFFF63FF021CDFAC07FF221544
:10542400782BDFB907FF2216782B380D7819FF384F
:105434003C78FF9778FFFFFFFF831B2A62333657C0
:10544400FFFFFFFF671FFFBA3B782C380DFFB63C08
:10545400782C383ADF170778FFDD380D78FFFFFF27
:10546400FF72380D1B2A62313557FFFFFFFF64229C
:1054740078FFFF9C380DFF253D1B2A623237577891
:10548400FFFFFF8F380C78FF1E78FF3C782ADF255A
:105494000778FFDF78FFFFFFFF831B2A623338574B
:1054A400DFFFFFFFFF3D06E73C782E380CDFA50643
:1054B400E73D383D382BFF233E78FF9A380C78FFC0
:1054C400FFFFFF73380C1B2A6231315778FFFFFF4F
:1054D400FFFFFF31DF23071B2A6231355778FFFFB7
:1054E400FFFFFFFF03383BDF1107E73F1B2A623250
:1054F400335778FFFFFF9078FF2F78FF6AFF304023
:1055040078FF9B78FFFFFFFF831B2A6232315738F5
:10551400FFFFFFFFD338FF6BDF0F0738FFF438FFBF
:10552400FFFFFF831B2A6236315778FFFFFFFFFF1F
:10553400FF33380DFF1D419F8100103004FF4203EB
:10554400FFFC00FF5B00FF8203FF4A00FFED04FF46
:105554004E01FF2400FF4D02FF6B03FFCB00FF2D24
:1055640004FF7503FF46021B2A6239335778FFFF95
:10557400FFFFC478FF6BDF1D079FC60010300FFFCD
:10558400380C38B4FF2400FF0C06FF1001FF1B0089
:10559400FF1009FF780DFF2A00FF0C06FF8203FFAE
:1055A4002401FF220EFF2B00FF0F09FF1C08FE2918
:1055B400FF1209FF620D3884FF2300FF0C06FF254C
:1055C4000FFF2F01FF2E0DFF3C0B1B2A62313031E0
:1055D4005738FFFFFFFF4C38FF3B38B5FF1B429F96
:1055E4007900103015FF3212FF1226FF9303FF09D2
:1055F4000AFF0C05FF1703FF0C0EFF1D26FF2413E3
:10560400FF2503FF090AFF7F05FF2105FF1C16FF85
:105614002503FF0C0DFF180DFF2403FF0D0FFF5C86
:1056240013FFA603FF090AFF2015FF2A05FF29130C
:10563400FF3612FF12261B2A6237355778FFFFFF09
:10564400FFFFFF35DF1B079FC20010301AFF2D1626
:1056540078E1FF070C783FFF0912FF6E18782FFFDF
:10566400070CFF7D07FF1F06FF191B782FFF091189
:10567400FF1411FF3C13FF571878B0FF070CFF1DF0
:105684001AFF5E18FF32161B2A6237345738FFFFA1
:10569400FFFFFFFF46FF19439F750010301DFF2ACF
:1056A4001AFF0D28FFA80DFF4B15FF1828FF1F1A1E
:1056B400FF380D387D780CDF2C12E71FFF3814FFFC
:1056C4001114FF3916FF551AFFB90DFF1B1DFF5C9E
:1056D4001AFF2F1AFF0D281B2A62373357FFFFFFCB
:1056E400FF9F4A7847380C78FF2B380C78A5DF19D0
:1056F40006E7449F7300103021FF271CFFE60FFFCD
:105704004918FF681EFF340FFFAE06FF1622FF364E
:1057140017FF0E17FF3619FF511EFFB50FFF192192
:10572400FF581EFF2B1D1B2A62373057DFFFFFFF78
:10573400FFFFFF0306E71D380CDF0707DFBF249FC9
:10574400230010301FFFE410FF481AFF6522FF31C9
:1057540010387E780CDF2A0FE725FF331AFF0B1A67
:10576400FF331CFF4E22FFB210FF1824FF5422FF08
:1057740028201B2A6236335738FFFFFFFF4E38FFBD
:105784003BFFCF459F7000103027FF2121FFE2111E
:10579400FF461DFF6324FF2F11FFAD06FF1328FFF3
:1057A400311CFF091CFF311EFF4C24FFB011FF16F2
:1057B40027FF5224FF25231B2A62373457DFFFFFBC
:1057C400FF900638AC38FF3B78A5380CDF0507DFBF
:1057D400BD29DF1F22DFE112DF451FDF6126DF2D38
:1057E40012787F380CDF1906E70DC72ADF2F1EDF7A
:1057F400071D9F2F00103021FF4A26FFAE12FF1510
:1058040029FF5026FF23251B2A6235335778FFFFD3
:10581400FFFF3E380E78FF29380E38B5FF1346DFF8
:105824006E2BDFFF9021DF5F2838DA3870DF2D1F01
:10583400DF061FDF2D23DF4828DFDF2BDF4E28DFC5
:1058440021271B2A6237305738FFFFFFFF5138FFEB
:105854003BDF6D06E720DF1306E747DF6D2DDF1C16
:1058640023DFE013DF4323DF5D2ADF2A137880DFA1
:105874002706E70DC72DDF2B21DF0421DF2B25DFD2
:10588400462ADFAB13DF132DDF4C2ADF1F281B2A28
:105894006239335738FFFFFFFF52DF6E06E73538B2
:1058A4007C38B4DFD02FDF1A0AE701DFBA06E70E2F
:1058B400DF0C14DF4224DF5C0CE7013812DF28140C
:1058C4007881380CDF1506E70EFF1202DF4022DF75
:1058D4000322DF2A26DF450CE7013812DF7506E7CD
:1058E4000DDF0C14DF122FDF4A0CE7013812DF1D25
:1058F400291B2A6231323057DFFFFFFF8F06E74B47
:105904007849381078FF273810DF6A06E722DF115C
:1059140006E748DF6B0EE7023814FF29087816FF04
:105924002C34DF6415DF4109E538127811FF2C109F
:10593400C70AE707DF3A15FFE10A380FDF2809E451
:105944003811DF0109E43811DF280BE53812DF4391
:105954000AE707DFBB15DF110EE7023814DF480A38
:10596400E707FF450138107806FF2CFFFFFFFFE231
:105974001B2A6231313357B8FFFFFFFF54B8FF3A97
:10598400DF67077828380CD707FFD0083812DF17ED
:1059940006E70DFF4235FC74DF4807E704FF5310A8
:1059A400C709E70B380EFC36788A380CDF1306E794
:1059B4000FFF0B0FDF3806E704DF1206E704380F8A
:1059C400DF2608E7053810DF4109E70B380EFCB77E
:1059D400FF2D083812DF4609E70B380EDF1B0AE7F4
:1059E40008FF45FFFFFFFFE31B2A62313238577877
:1059F400FFFFFFFF40381278FF253812FF7524FFA0
:105A04001E49DF6A0AE70DFF3810FF1203FF0B4936
:105A1400DF6305E703FF0106FF4008380EFF1103AB
:105A2400FF0B24FF0D0F380DDF2405E703FF012FC3
:105A3400784C380CFF2010FF0912380DFF3406385B
:105A44000ECF06E706DF3707E709FF630F380DDFE0
:105A5400A505E703FF010BC70AE70DFF690F380D22
:105A6400DF1909E70CFF1503FF0BFFFFFFFFF71B0F
:105A74002A62393957DFFFFFFF8E07B8B5DF6707A2
:105A8400B8BFDF6307782ABF0C08DFBB09E710380B
:105A94000FDF1505E713FF0112DF8F07FF2D18FF36
:105AA4003E0BDF6807E711FF4041DF7106FF201559
:105AB400FF4209DF0E05E709FF440C380EDF3F07FC
:105AC400E711DF8207FF2C1CC709E710380FDF44FA
:105AD40007E711DF2809E70F1B2A6231313057FF2E
:105AE400FFFFFF9D4C784BB814FF7436786BB814E5
:105AF4009F5F00103008C726DF1C4A9F797FFFFF95
:105B040014380E783EFFBC0FFF1519FF3D0D380DFC
:105B1400DF5507E713380CFF2E42784D380CDF0FA2
:105B240006E711FF0518FF400BFF1A0B380DFF3174
:105B34000EDF4F07E713380CFF800EFF151DFF0D16
:105B440014380EDF4207E713380CFF27131B2A62B1
:105B540038355778FFFFFFFF42B815DF620778AB8F
:105B6400B815DF5C08E728FF1A4BDF6807E716FF64
:105B74003233DF8E07FF2C1AFF3C0FFF7415FF3CF6
:105B8400437899FF021A380CFF2F0DFF180DFF3FC1
:105B940011380DFF4C15DF7F07FF2B1DC707E716D4
:105BA400FF6215DF2507E7151B2A6231303757DFFF
:105BB400FFFFFF8D06E74D784DB81678FF20B81625
:105BC4009F5800103009C729FF7C37FF1907C718F1
:105BD400780DFF1205DFFF091BDF3B10FF6406C7CA
:105BE40017780BDF2B44384E780CFF0D06C7139F34
:105BF400007FFFFF1DFF3D0FFF160FFF3D13DF4C1E
:105C040006E717380BFFAC1DC707E718380DDF4050
:105C140006E717380BF843FF030E1B2A6239375780
:105C240078FFFFFFFF44B817DF5D07E737786EB8EA
:105C3400179F520010300CC72BDF184C3898DF2FF9
:105C440034FF8D07C710DF121CDF3A12780CDF61B6
:105C540018DF3945FF0B1D381B780CDF1A3D9F3BBD
:105C64007FFFFF11FF1411380CFF2C15380CFF496E
:105C740018DF7D07E70FFF121E782EFF5E18FF3333
:105C8400191B2A62383357DFFFFFFF8C06E74E7873
:105C94004FB81878FF1EB818BF3A21E72DDFD50793
:105CA400E71BFFFF391DFF3814DF6205E71AFF37D2
:105CB400463831DF39067843FF3913FF1213FF3AB0
:105CC40016DF4A05E71AFFB81EC707E71BDF4E05B4
:105CD400E71ADF2206E71BFF000F1B2A623734573F
:105CE40078FFFFFFFF46B819DF5807E7387870B828
:105CF40019FF612EFF164DFF751C380CDFEA07E70C
:105D040011788F7892380A38AC781A380CDF090683
:105D1400E73FFFC218787A380ADF6C07E710FF47BD
:105D24001C380C786F380AFF21371B2A6238335726
:105D3400DFFFFFFF8B06E74F7851B81ADF5508786D
:105D4400B2B81AFF5D31FF144EFF741EDFF808FF6E
:105D54002A1EFF3716DF6005E71CFF35473861FF51
:105D64001640380BFF2914FF1114FF3819DF4805BA
:105D7400E71CDF7908FF291FFF0B1EDF4C05E71C1A
:105D8400DF20061B2A62373757DFFFFFFF8A07BF72
:105D9400631E781DB81BDF5208E7397872B81BFF01
:105DA4005933DFD3063833DFE708E712FF0F1FFF4D
:105DB4003618FFC9487851DF17067846FF3616FFB4
:105DC4000F16FF361B380BDFE608E711FF0F1FC75E
:105DD400063833FFA0381B2A62373557FFFFFFFF11
:105DE40099503832F81DB81BDF4F09F8B5B81BB805
:105DF400577837FF124FFF7320DFF509FF8A19FF29
:105E04006C1E380A78CB380CFF1442FF3517FF0E8E
:105E140017FF351CFF541E380ADF6809FF5F20FF97
:105E2400581E380ADF10061B2A62383057DFFFFF7E
:105E3400FF890778AEB81C9F4B0010300AC73A3868
:105E440075F81CF9573835FFD0067855FFC30AC7D3
:105E540013DF0E20DF341A780BFF4F05DF5949FF9B
:105E64006B06DF7F18DF0D18780BDF251EFF450555
:105E7400FF9B0AC712DF0E1FE706FF73051B2A628A
:105E8400383157FFFFFFFF98513833F81F381C9FF4
:105E9400480010300CB8B9781CF859DF4750389CCA
:105EA400FFF00CDF2921DF331BDF6B1FDF314A38A2
:105EB40053780CFF0306C743DF3319DF0C19DF33B4
:105EC4001F780BDF431FFF720CDF28203835DF56A5
:105ED4001FDF2C391B2A62353857DFFFFFFF880785
:105EE400F8B2B81B9F440010300DC73BB878F81BBC
:105EF400F8597845DFCA22782CFFBE0DC71438FF45
:105F0400FF07780CDF10443855382DFFFF4B0DC7C1
:105F140013DF44221B2A62373257DFFFFFFF870754
:105F2400E752F85A381B9F3F00103010C73CB87A2C
:105F3400781B785AFF300D78FF03380F780BFFB9C0
:105F440010C715DF0C2238573892DF2F4BFF690634
:105F540038FFAFFF6B10C714DF0C217844386FFF94
:105F64001C061B2A62373857DFFFFFFF8607E753FB
:105F7400785CB81BBF2923E73D787CB81BB85978F7
:105F8400FF3C382DBFA423E716FF0B23DFB70538EA
:105F940033FF204CFF321B380CD706E74578E4DF8B
:105FA40043053833BF4923E715FF0B227836DF4713
:105FB400053833FF1C3A1B2A62353157FFFFFFFFB8
:105FC4009554F85D381BFF533EF87D381B385ADF73
:105FD4002C0FDFB905E724382EFFCE17FFFE21FF73
:105FE400FFFF8821FF8216DF3505E724FF54211BBC
:105FF4002A62343557DFFFFFFF8507F8BC381AFFE4
:10600400513FF87F381A385ADF2A10FF6129787F08
:10601400380DFFCC18FFFFBD43BF0C07E746FFFF59
:10602400E7171B2A62343557DFFFFFFF8407E75564
:10603400FF33283818FF4F40F9813818FF271038EC
:10604400173842B8FF27FFC91978FFFF0AFF1A471C
:1060540038F3FFEE181B2A62343357DFFFFFFF8348
:1060640007E756F8643817FF4C42F8843817FB3FAB
:10607400DF3E1238FF027810B80FFFC51BFFFFFF89
:10608400FFFF601A387E1B2A62343257FFFFFFFF7E
:10609400FF282DFF6443F886F85D38113842B8FFB5
:1060A4002AFFC21C78FFFF0BFF184878E5FFF91B95
:1060B400DFFF1005E73B1B2A62363757DFFFFFFF80
:1060C4008207E757FF0B563814FF4944F888381401
:1060D400F8453810DF2515DFB505E726781FB91216
:1060E400FFBE1DDFF03D78D1FF1636870010301853
:1060F400FFFF1D3DDF6E1CFF3405C726FF453D1B1A
:106104002A62343757DFFFFFFF8107E758F86A3800
:1061140013FF4547F88A3813F846DF361678FF161A
:10612400B914FFB8209FFFFF5E0010301F9FFFD1FE
:106134007FFFFF1F1B2A62353057DFFFFFFF8007F9
:10614400E759786CFF5949788C785E380E78323884
:106154000C78FF16B816FFB42278FFFF0DFF142D3C
:1061640087001030229FFFCF7FFFFF211B2A62345C
:106174003857DFFFFFFF7F07E75AF86D3811FF40FC
:106184004BF88D38117848DF3306E078FF27B817CD
:10619400FFB0249FFFFF58001030259FFFCD7FFFE5
:1061A400FF231B2A62343857DFFFFFFF7E0878D2B3
:1061B400FF504F788F785D380D7832380C78FF17A0
:1061C400B818FFAA2878FFFF0EFF122987001030A5
:1061D400279FFFC97FFFFF271B2A62353257DFFF46
:1061E400FFFF7D08E75BF870380FFF3654F89038EE
:1061F4000F7849DF3006E378FF27B919FFA22D781D
:10620400FFFF0FFF102887001030299FFFC47FFF76
:10621400FF2C1B2A62343557DFFFFFFF7C08E75C45
:106224007872FF33697892386CDF1E073811F8FFF3
:1062340018381AFF8C429FFFFF520010302B9FFF2B
:10624400AF7FFFFF411B2A62343557FFFFFFFF8CEE
:106254005D7873380E78FF29380E7849FD3D380C87
:10626400F8FF19B819FFFFFF0F0DDFBF0CDF2A2C51
:10627400FFFF6236FFFF57081B2A62343257DFFFE5
:10628400FFFF7B07E75E787478FF3BDF8B07F8FF3F
:10629400323819FFFFFF0D0E38D49F270010302E1F
:1062A400DFFF6137DFFF56091B2A62343157DFFFF6
:1062B400FFFF7A07E75F78FFFF13FF3B00380CF816
:1062C400FF1CB818FFFFFF0A0FDFBE0EDF262FFFEB
:1062D400FF6038FFFF550A1B2A62343557DFFFFF82
:1062E400FF7907E760787578FF3B386ADF1B06E7BC
:1062F40001F8FF2E3818FFFFD344DFBD10DF240F51
:10630400E70AFFFF396DFFFF203F1B2A623238572F
:10631400DFFFFFFF7807E761388638FF3B78913865
:106324000CF9FF1F38FFFFFF14FF370E1B2A6233DF
:106334003557DFFFFFFF7707E762787678FF3B7812
:106344005ADF2906E703F8FF323814DFFFFFDF12B4
:10635400DF2209E7111B2A62333157DFFFFFFF7683
:1063640008FFFFD840DF86077809380CF9FF233887
:106374001238FFFFF9DF2008E7131B2A6235305774
:10638400DFFFFFFF7508E763787738AEDF31057804
:1063940046FF9406380C38BBDF2A05E726DFFFFFEB
:1063A400F114DF1F08E714DFE50638FF55DF2A057F
:1063B400E70F1B2A62333857DFFFFFFF7408E764D7
:1063C400DFFFFF3F07F8FF46380F78FFC2DFFF15F6
:1063D40016FF2E15FFF30D781E78FF9538601B2AE3
:1063E40062333857DFFFFFFF7308E76578FF1CFF50
:1063F400FF2E08380C78AC7877380FF8FFFFE838B0
:106404000CFF2C1678FFFF3F78D71B2A62333457D2
:10641400DFFFFFFF7208E766DFFFFF3E07F8FF4A72
:1064240038FFE0DFFF0606DF2E06E71738FF3938AE
:10643400FF951B2A62333357DFFFFFFF7108E767BD
:1064440038FF2BDFFF0E07E70A380C78FF2ADFFF3F
:10645400FFE806E2380CFF29181B2A62333457DFA1
:10646400FFFFFF7008E768DFFF5E05E742FF910B5F
:10647400380DFFF32EFCFFFFF5DFFF4106FFFF9110
:10648400101B2A62343157DFFFFFFF6F08E769DF13
:10649400FFFF3C07781138C9DF28057834380BDF53
:1064A400FFFFD6063812FFFF3F0E38FF41DF2805F5
:1064B4001B2A62343957DFFFFFFF6E08E76A78FF53
:1064C4001D380BDFE306E710FF0C0D380D78AA78B2
:1064D400FFFF50FEFF1F380CDF1805E71978FF2C6B
:1064E40078FF10788138601B2A62343057DFFFFF51
:1064F400FF6D08E76BFF860CDFBE06FF560DDF5C01
:1065040007781378FF3B38FFDDDFFF020638FF9D75
:1065140038FF9578441B2A62353057DFFFFFFF6C44
:1065240008E76CDF7706FFE142C706FF8110380CED
:1065340038B8DF2606DFFFFFFF1C06E701380C38FA
:10654400FF07DF230638FF59DF2606389F1B2A6220
:10655400333857DFFFFFFF6B08E76D38FF2DDF2B64
:1065640006DFA407DF1407FFFF1A31FFFFFFF00364
:10657400380C38FF07FFFFC5111B2A62343957DF77
:10658400FFFFFF6A08E76E78FF1EDFFF1707E712B9
:10659400380C38B8DF240638FFFF19DFFE0638FF51
:1065A40024DF2006E70F382E38FF11DF2406384A8F
:1065B4001B2A62363257FFFFFFFF7A6FDF7606E74A
:1065C4000D388FDF2906E742C706E70EDF3307E7FA
:1065D4000E383878A8FF413278FFD0DFFF0C06E789
:1065E40005380C38FF08786978FF10FF41127822CB
:1065F4007852380B1B2A62353957DFFFFFFF6907D2
:10660400E77078FF1F380CDF2707DFCA07E7143865
:10661400C8DF2206386A38FF763832DFFF71063861
:10662400B2DF1D07384738FF11DF2206384C99794D
:1066340000103078221B2A62383057DFFFFFFF68D2
:1066440007E74086001030F96EFF2A0778A7DF3588
:1066540012E1FF2A07FF4907C70EDF0C15780D3832
:10666400A8FF3006C73338FFD1FFFF0A06C70778F3
:106674000CFF420778B3DF2B10382138FF10FF30AE
:1066840006C71338237861FA21FE4F1B2A62373973
:1066940057DFFFFFFF6707E73F8700103003F86FFE
:1066A400FF2707C70E3881FF3507F81BFF2707C7E9
:1066B4000FFF3108FF1307381B78C8FF6A0678FFFD
:1066C400D238FF1A780C7821FF1B0878B4FF1A0718
:1066D400784978FF1178803843780CFC1FFF4C030D
:1066E4001B2A62383157DFFFFFFF6607E73FC70504
:1066F400DE6AB8E1DF2207E712C6DF8008E70DC7CC
:1067040007E717380D38B8DF1E07FF460E78FFAECF
:10671400380BDFF806E709DF4F0938B5DF1807E75C
:10672400117822380B38FF11DF1E077840380B9E92
:1067340073001030FF4B051B2A6231303457DFFFE2
:10674400FFFF6507E73FC707B871DF2207E70F7848
:1067540082380EDF2008B820DF2207E7109F2E00C2
:1067640010300A384338B8780DFF1C07C70DE138DC
:1067740045780B38FF67780B7834FFF606C70B783B
:106784000C3812780BFF180A78B6787638FF007840
:106794000DFF1C07C71478343842780CFF1B0038EF
:1067A40013780BFF24071B2A62383757DFFFFFFFDC
:1067B4006407E740B8839F1E0010300978ADFF1DC1
:1067C40009C713F807FF1E09FF450BC70DE707C7E5
:1067D4001A780C78B9FF1A07C70EF800FF1D06785F
:1067E400FFD6F926FFFF3C0B78B7FF1408C71278D1
:1067F40033F92678E4FF1A07C7157835F926782681
:10680400FF18021B2A6231313457DFFFFFFF630791
:10681400E740C709B874DF1B09E7107883B80FDFB6
:106824001A09E714B809DF1B09E7119F2A00103081
:106834000D785638A7F80EFF1609FE13FF1A06C77F
:1068440010780C78FF763824780DFD22FFC706C730
:106854000D780C7821FF140D78B8FF1209383E78B2
:106864000DFD2238D2F80EFF16093843780DFD22AB
:106874003815F80DFF15037823FF22091B2A62310E
:10688400303857DFFFFFFF6207E741B9889F1600E2
:1068940010300B389DF810FF160BF928FF160BFF6C
:1068A4004010C70DE707C71C38B8780FFF130AC795
:1068B4000EF805FF170738FFC8F80DFF1E00FFC6C6
:1068C400073813780C3811780CFF120EF8B9FF0F43
:1068D40009C7133824F80DFF1E0038D3780FFF13AF
:1068E4000AC7163826F80DFF1E007828FF12051B6C
:1068F4002A6231323557BFFFFFFF7228B9A49F11B6
:106904000010300CC7113885F811FF110DC715F9A7
:106914000EFF110CC712FF0B2AC70DE707C71D781E
:106924000DF9BBFF0E0BC70FF807FF1407C712F8CA
:106934000CFA0938FF55F80CFA093814780EFF1AC6
:1069440003FF8624DF1F0F7832FF0F10F8BBFF0B05
:106954000B3841780EFF1A03F9E7FF0E0BC71738FF
:1069640027780EFF1A033816F80FFF0E073814F8AD
:106974000CFA091B2A6231313057DFFFFFFF613AFD
:10698400BAA69F090010300FC712FA9CFF0910C75E
:1069940016FA11FF090FC713DF3D0E383338B8F963
:1069A40012FF080EF921FF0F09F829FE04F8FF660B
:1069B400FE04F926FF130778B3FF0E06C711780CFF
:1069C400F822FF0B12F9BDFF050DC714F938FF13A8
:1069D4000738D4F912FF080EF95AFF13073817F9CC
:1069E40010FF070BF826FE041B2A6231303757BF0D
:1069F400FFFFFFFF521AE7137886BF161BE717BF86
:106A0400151AE714FF3C0EC707E71F380D78A8BF17
:106A14001418E710BA0C9F070010300CC713FF10AE
:106A240006FFFF68063814FA11FF0A0C78B4FF0C4D
:106A34000778273810F90FFF0515FFC014C715385C
:106A440026FA11FF0A0C38D5FF1418C7183828FA8B
:106A540011FF0A0CFF2E15FF28061B2A6237355733
:106A640038FFFFFFA4FFCB147887FF3818FF3715D2
:106A7400FF3B0F7835380D78A8FF3311BF10167817
:106A84001978FF767836BF1419FFD3137821BF1114
:106A9400106078BAFF2A167827BF141978D6FF3306
:106AA400197829BF14197818FF2F111B2A62353958
:106AB4005778FFFFFFFF3AFF35157888FF361AFF36
:106AC4003516FF3A0FC707E72178BAFF3112FF2EB8
:106AD4001578FFB1DFFB073829F83D78BB78737868
:106AE400FF10FF311A782A7851FF2D121B2A6236C3
:106AF400345778FFFFFFFF3BFF33167889FF341CC0
:106B0400FF3317FF38117837380D78A9FF2F13FF9B
:106B14002D1778FF767837FFFF0A157821F9277843
:106B2400BCFF2717782978FF10FF2F1B782B78518B
:106B340078471B2A6237325778FFFFFFFF3CFF314B
:106B440017F88AFF301FFF3118FF3711C707E723F3
:106B540078BBFF2D15FF2B1878FFB2FF3210DFAA88
:106B640006E717380C7811FA25F8BDFF2418782A9F
:106B7400FF32397898FF2D1C782CFF3217FF291526
:106B84001B2A6236385778FFFFFFFF3DFF2E197826
:106B94008CFF2E21FF2E1AFF3512C7087829380DD5
:106BA40078AAFF2A18FF291A78FF767838DFF607C3
:106BB400382D7811FB2378BFFF2219782B78FF102A
:106BC400FF2A1E782D7851FF27171B2A6238325767
:106BD40078FFFFFFBCFF0D1CF848FF2B1AF88DFF50
:106BE4002A25FF2B1BFF3314FF0D26F8BBFF261BA2
:106BF400FF261D78FF76F838FF2D12FFB81978228A
:106C0400FD2078C0FF1F1BF82CFF2D3BF89AFF26B0
:106C140020F82EFF2D1CFF231A782DFF0DFFFFFFF8
:106C2400FFBE1B2A6238375778FFFFFF61FF3F1012
:106C3400F87FFF271CF88FFF2629FF271EFF2F163A
:106C4400C707E727380D78ACFF241DFF241FFF1961
:106C54003478FF1DFF1919FF29147860DF440738C1
:106C64002F7812FE1EF8C1FF1B1DF82EFF293D7858
:106C74009CFF2421F830FF291FFF201DFF190B1B47
:106C84002A6238375778FFFFFFBDFF0B1DF84CFF12
:106C9400231EF891FF222DFF2321FF2A1A783DF8A5
:106CA400BDFF2022FF1F2278FF76F83AFF241778D1
:106CB40061FF3703FF0C1BF823FF1A0178C3FF1988
:106CC4001EF830FF2440F89DFF2023F832FF2424CF
:106CD400FF1D1F782CFF0BFFFFFFFFBF1B2A62392C
:106CE400365778FFFFFF62FF3D13FF091EF94EFF81
:106CF4001D21F893FF1E32FF1D25FF241FFF0C29C1
:106D0400F9BFFF1B26FF1A27FF1535F8FF1FFF15D4
:106D14001EFF1F1A7862FF3504FF0B1DF824FF16AF
:106D240003F8C4FF1520F832FF1F43F99FFF1B250A
:106D3400F834FF1F29FF1824FF150EFF09FFFFFF7A
:106D4400FFC01B2A6231323857FFFFFFFF6355FF34
:106D54000522FF0743FF1626FF0787FF163AFF1693
:106D640079FF082DFF0935FF072DFF0729FF142E92
:106D7400FF142BFF103AFF0746FF0727FF0715FFF5
:106D84000720FF0722FF1025FF1720FF0798FF08A1
:106D940020FF0816FF1008FF0515FF071EFF071E3A
:106DA400FF0712F917FF0F25FF0726FF1749FF07F3
:106DB40045FF073BFF1429FA36FF1730FF1229FF5E
:106DC4001013FF05FFFFFFFFC21B2A62363257FF75
:106DD400FFFFFFC186FF0BCBFF0A46FF0BFF8CFFB3
:106DE4000938FF0A34FF08FF66FF082EFF0CFF3442
:106DF400FF08B9F91AFF0768FF0CFBFF092EFB3ADD
:106E0400FF0C3BFF0832FF08FFFFFFFFEA1B2A626B
:106E1400323657FFFFFFFFFF51FFFFFFFFFFFFFF6A
:106E240048FF1DFFC9FF3FFFFFFFFFFF8F1B2A62C3
:106E340030571B2A6230571B2A6230571B2A623094
:106E4400571B2A6230571B2A6230571B2A6230575D
:106E54001B2A62323357DFFFFFFFFFFFFFFFFFFFF5
:106E6400FFFFFFFF9405E7FFFFFFFFFFC41B2A623C
:106E740030571B2A6230571B2A6230571B2A623153
:106E84003657DFFFFFFFFFFFFFFFFFFFFFFFFFFF9F
:106E940093061B2A62313657DFFFFFFFFFFFFFFF18
:106EA400FFFFFFFFFFFF92071B2A62323157FFFFEC
:106EB400FFFFFFFFFFFFFFFFFFFFFFFFA1FFFFFF3C
:106EC400FFFFC51B2A623139579FFFFFFFFFFFFFFA
:106ED400FFFFFFFFFFFFFF90001030081B2A623105
:106EE40039579FFFFFFFFFFFFFFFFFFFFFFFFFFF7C
:106EF4008E0010300A1B2A623236579FFFFFFFFFB5
:106F0400FFFFFFFFFFFFFFFFFF8400103013C7FFE9
:106F1400FFFFFFFFC61B2A62313657DFFFFFFFFF6B
:106F2400FFFFFFFFFFFFFFFFFF83141B2A623231C5
:106F340057FFFFFFFFFFFFFFFFFFFFFFFFFFFF9F65
:106F4400FFFFFFFFFFC71B2A6230571B2A62323143
:106F540057FFFFFFFFFFFFFFFFFFFFFFFFFFFF9E46
:106F6400FFFFFFFFFFC81B2A62323157FFFFFFFFFD
:106F7400FFFFFFFFFFFFFFFFFFFF9DFFFFFFFFFF7F
:106F8400C91B2A62323157FFFFFFFFFFFFFFFFFFDC
:106F9400FFFFFFFFFF9CFFFFFFFFFFCA1B2A6232B8
:106FA4003157FFFFFFFFFFFFFFFFFFFFFFFFFFFF63
:106FB4009BFFFFFFFFFFCB1B2A62323157FFFFFF0E
:106FC400FFFFFFFFFFFFFFFFFFFFFF9AFFFFFFFF32
:106FD400FFCC1B2A6232335778FFFFFFFFFFFFFF0E
:106FE400FFFFFFFFFFFF83FF11FFFFFFFFFFCE1B2C
:106FF4002A6232335778FFFFFFFFFFFFFFFFFFFFD7
:10700400FFFFFF84FF0EFFFFFFFFFFD01B2A62324A
:107014003557F8FFFFFFFFFFFFFFFFFFFFFFA2FF52
:1070240007FFD0FF07FFFFFFFFFFD41B2A623231A7
:1070340057FFFFFFFFFFFFFFFFFFFFFFFFA4FFFF5F
:10704400FFFFFFFFFFC21B2A623738591B2A623138
:1070540038579FFFFFFFFFFFFFFFFFFFFFFFFF000A
:1070640029C09A011B2A623137579FFFFFFFFFFF98
:10707400FFFFFFFFFFFFFD29C09A051B2A6230575F
:107084001B2A6230571B2A623231579FFFFFFFFFD2
:10709400FFFFFFFFB129C09A00FFFFFFFFFFD900E8
:1070A4001B2A623231579FFFFFFFFFFFFFFFFFAF35
:1070B40029C09A04FFFFFFFFFFD5041B2A6232395F
:1070C400579FFFFFFF7A29C09A05FFCB03FFFF30CC
:1070D40003FFFFFFFF0906FFFFFFFFFFD3061B2A85
:1070E400623333579FFFFFFF7529C09A0EFFC30C0D
:1070F400FFA801FF3701FF2D0CFF7C03FF3102FFC6
:107104003C01FF33011B2A623631579FFFFFFF7199
:1071140029C09A15FF632BFF2214FF2519FF580578
:10712400FF3305FF2714FF261BFF2A06FF2D05FF4B
:107134003905FF2F05FFFF1E19FF6908FFFF692EA0
:10714400FFFFFF4119FFC7081B2A623432579FFF14
:10715400FFFF6E29C09A1AFF602DFF1F19FF21201F
:10716400FFCC19FF22227833FF2B07FFFFA620FF55
:10717400FFDF30FFFFFF3F201B2A623430579FFFA1
:10718400FFFF6C29C09A1EFF5D2FFF1C1DFF1E24EC
:10719400FFC71DFF1F26DF6E33FFFF6A24FFFFDBDF
:1071A40032FFFFFF3D241B2A623432579FFFFFFF4B
:1071B4006A29C09A22FF5A30FF1A21FF1B28FFC2F6
:1071C40021FF1C29782FFF2907FFFFA528FFFFD7E0
:1071D40033FFFFFF3C281B2A623331579FFFFFFF19
:1071E4006829C09A25FFAE23F84BFFBF23F84D381A
:1071F4001DF8FFFF23F8FFFFFFFF821B2A623335D0
:1072040057DFFFFFFF67279FAB29C09A26F84CFF83
:10721400BB26F84E782CFF2707C734F8FF9CF8FFED
:10722400FFFFFF821B2A623335579FFFFFFF65294B
:10723400C09A2AFFA928784DFFB928784F381B78BF
:107244000DDF353578FF9E78FFFFFFFF831B2A6231
:10725400323857DFFFFFFF642CDFA72AB84DDFB6B3
:107264002AB84FDF5307B8FFDDB8FFFFFFFF821BCB
:107274002A6234355738FFFFFF99DFA52B384FDFDB
:10728400B42B38517819380DDF2307E7369FFF0BED
:1072940029C09A017889FFDF0178FFFFFF96FFFF7D
:1072A40083011B2A62343657DFFFFFFF632FDFA3FE
:1072B4002C3850DFB22C385278199FFF8E29C09A8F
:1072C4000578883854DF0C6FE70578FFFFFF9538A1
:1072D400B2DF0CB4E7051B2A62333757FFFFFFFF09
:1072E4007901FFA40EFF14013865FFC8013867381F
:1072F40029DF2107E73738FFA3FFFFFF09FF913894
:10730400DC1B2A62343557FFFFFFFF75083812FF74
:107314008A0EC70BE7093862DFAF0BE709788038BC
:10732400FFFF297853FF0A70FFFF29FF9238DD78A9
:10733400B1FF0AB51B2A62353757FFFFFFFF720DF5
:10734400FF7537FF0F0EFF320B3817FFC00EFF33E8
:107354000D38153829DF1F07E738FFFF770B38177B
:10736400F853FF0672FFFCFFBEFFB00B3817F8B1ED
:10737400FF06B71B2A62353157FFFFFFFF70113834
:107384000FDF9F09E711FB443813DFAC09E711FA5B
:107394004738127818380DFF2D39FBFF8B3813FF4F
:1073A400547BFBFFFFFF8C3813FFB2C01B2A6233F0
:1073B4003457FFFFFFFF6E14DFB008E715F847DF0F
:1073C400C008E715F849782DDF2D07F8FFD2F8FF3C
:1073D400FFFFFF821B2A62333657FFFFFFFF6C1744
:1073E400F8DEF8473810F8D9F849380F3829FF2B58
:1073F4003AF8FF923810F8FFFFFFFF6E38101B2A8F
:1074040062333857FFFFFFFF6A1A380DFFAD19FFCB
:107414000212F828FFCC19FF02137829782BDF2BEE
:1074240007F8FFD7F8FFFFFFFF821B2A62333857A4
:10743400FFFFFFFF681CFFBD1C7848380EFFB81C17
:107444007849383BDF1907E73B78FF96380E78FF19
:10745400FFFFFF71380E1B2A6234305778FFFFFF9D
:1074640063FF001EDFAC07FF2215782BDFB907FF8F
:107474002216782B380D7819FF383C78FF9778FF5F
:10748400FFFFFF831B2A62333857FFFFFFFF64218E
:10749400380DFFAA3B782C380DFFB63C782C383ACF
:1074A400DF170778FFDD380D78FFFFFFFF72380D17
:1074B4001B2A6231345778FFFFFF8E78FFFF9C3818
:1074C4000DFF253D1B2A6232335778FFFFFFFFC1B2
:1074D40078FF3C782ADF250778FFDF78FFFFFFFF7E
:1074E400831B2A62333857DFFFFFFFFF3D06E73C6B
:1074F400782E380CDFA506E73D383D382BFF233EB8
:1075040078FF9A380C78FFFFFFFF73380C1B2A6250
:1075140031325778FFFFFF8F78FFFF9DDF23071B72
:107524002A6231355778FFFFFFFFFFFF03383BDF47
:107534001107E73F1B2A6232315778FFFFFFFFC371
:1075440078FF6AFF304078FF9B78FFFFFFFF831BC3
:107554002A6232315738FFFFFFFFD338FF6BDF0F4A
:107564000738FFF438FFFFFFFF831B2A62363157C9
:1075740078FFFFFFFFFFFF33380DFF1D419F812977
:10758400C09A04FF4203FFFC00FF5B00FF8203FF7D
:107594004A00FFED04FF4E01FF2400FF4D02FF6B84
:1075A40003FFCB00FF2D04FF7503FF46021B2A6275
:1075B40039335778FFFFFFFFC478FF6BDF1D079F48
:1075C400C629C09A0FFF380C38B4FF2400FF0C06FC
:1075D400FF1001FF1B00FF1009FF780DFF2A00FFB9
:1075E4000C06FF8203FF2401FF220EFF2B00FF0F76
:1075F40009FF1C08FE29FF1209FF620D3884FF23CE
:1076040000FF0C06FF250FFF2F01FF2E0DFF3C0B83
:107614001B2A623130315738FFFFFFFF4C38FF3BE4
:1076240038B5FF1B429F7929C09A15FF3212FF1209
:1076340026FF9303FF090AFF0C05FF1703FF0C0E37
:10764400FF1D26FF2413FF2503FF090AFF7F05FF03
:107654002105FF1C16FF2503FF0C0DFF180DFF2449
:1076640003FF0D0FFF5C13FFA603FF090AFF20159C
:10767400FF2A05FF2913FF3612FF12261B2A623741
:10768400355778FFFFFFFFFFFF35DF1B079FC22938
:10769400C09A1AFF2D1678E1FF070C783FFF0912F4
:1076A400FF6E18782FFF070CFF7D07FF1F06FF19D9
:1076B4001B782FFF0911FF1411FF3C13FF57187893
:1076C400B0FF070CFF1D1AFF5E18FF32161B2A625B
:1076D400373657FFFFFFFF9E4B38FFFF50FF19431C
:1076E4009F7529C09A1DFF2A1AFF0D28FFA80DFFB8
:1076F4004B15FF1828FF1F1AFF380D387D780CDF53
:107704002C12E71FFF3814FF1114FF3916FF551A06
:10771400FFB90DFF1B1DFF5C1AFF2F1AFF0D281B5D
:107724002A62373357DFFFFFFF8F06789B380C78C8
:10773400FF2B380C78A5DF1906E7449F7329C09AFC
:1077440021FF271CFFE60FFF4918FF681EFF340FB7
:10775400FFAE06FF1622FF3617FF0E17FF3619FF7E
:10776400511EFFB50FFF1921FF581EFF2B1D1B2AA9
:1077740062373057DFFFFFFFFFFFFF0306E71D38C7
:107784000CDF0707DFBF249F2329C09A1FFFE410E3
:10779400FF481AFF6522FF3110387E780CDF2A0F6C
:1077A400E725FF331AFF0B1AFF331CFF4E22FFB2EB
:1077B40010FF1824FF5422FF28201B2A6236335757
:1077C40038FFFFFFFF4E38FF3BFFCF459F7029C0B6
:1077D4009A27FF2121FFE211FF461DFF6324FF2F9B
:1077E40011FFAD06FF1328FF311CFF091CFF311EDA
:1077F400FF4C24FFB011FF1627FF5224FF25231B43
:107804002A62373657DFFFFFFF8E06E74C385938B8
:10781400FF3B78A5380CDF0507DFBD29DF1F22DF1A
:10782400E112DF451FDF6126DF2D12787F380CDF80
:107834001906E70DC72ADF2F1EDF071D9F2F29C05A
:107844009A21FF4A26FFAE12FF1529FF5026FF2377
:10785400251B2A6235335778FFFFFFFF3E380E7829
:10786400FF29380E38B5FF1346DF6E2BDFFF90215A
:10787400DF5F2838DA3870DF2D1FDF061FDF2D2386
:10788400DF4828DFDF2BDF4E28DF21271B2A623762
:107894003257DFFFFFFF8D0738B038FF3BDF6D063F
:1078A400E720DF1306E747DF6D2DDF1C23DFE0133E
:1078B400DF4323DF5D2ADF2A137880DF2706E70D05
:1078C400C72DDF2B21DF0421DF2B25DF462ADFAB89
:1078D40013DF132DDF4C2ADF1F281B2A623935578B
:1078E400FFFFFFFF9C4D385CDF6E06E735387C38C0
:1078F400B4DFD02FDF1A0AE701DFBA06E70EDF0C88
:1079040014DF4224DF5C0CE7013812DF281478818D
:10791400380CDF1506E70EFF1202DF4022DF0322D8
:10792400DF2A26DF450CE7013812DF7506E70DDF95
:107934000C14DF122FDF4A0CE7013812DF1D291B5C
:107944002A6231313857DFFFFFFF8C07789F3810E8
:1079540078FF273810DF6A06E722DF1106E748DFE1
:107964006B0EE7023814FF29087816FF2C34DF6405
:1079740015DF4109E538127811FF2C10C70AE70713
:10798400DF3A15FFE10A380FDF2809E43811DF0177
:1079940009E43811DF280BE53812DF430AE707DF73
:1079A400BB15DF110EE7023814DF480AE707FF456D
:1079B4000138107806FF2CFFFFFFFFE21B2A62311B
:1079C400313757DFFFFFFF8B07E74EB85EB8FF3A4A
:1079D400DF67077828380CD707FFD0083812DF177D
:1079E40006E70DFF4235FC74DF4807E704FF531038
:1079F400C709E70B380EFC36788A380CDF1306E724
:107A04000FFF0B0FDF3806E704DF1206E704380F19
:107A1400DF2608E7053810DF4109E70B380EFCB70D
:107A2400FF2D083812DF4609E70B380EDF1B0AE783
:107A340008FF45FFFFFFFFE31B2A6231333057DFA6
:107A4400FFFFFF8A0878A1381278FF253812FF75E6
:107A540024FF1E49DF6A0AE70DFF3810FF1203FFF7
:107A64000B49DF6305E703FF0106FF4008380EFFFB
:107A74001103FF0B24FF0D0F380DDF2405E703FF6F
:107A8400012F784C380CFF2010FF0912380DFF34F9
:107A940006380ECF06E706DF3707E709FF630F381E
:107AA4000DDFA505E703FF010BC70AE70DFF690F0B
:107AB400380DDF1909E70CFF1503FF0BFFFFFFFF6C
:107AC400F71B2A6231303157DFFFFFFF8908E74F88
:107AD400B861DF6707B8BFDF6307782ABF0C08DF28
:107AE400BB09E710380FDF1505E713FF0112DF8F1D
:107AF40007FF2D18FF3E0BDF6807E711FF4041DF4A
:107B04007106FF2015FF4209DF0E05E709FF440C4B
:107B1400380EDF3F07E711DF8207FF2C1CC709E798
:107B240010380FDF4407E711DF2809E70F1B2A622B
:107B340031313257DFFFFFFF8808E750784BB81424
:107B4400FF7436786BB8149F5F29C09A08C726DF84
:107B54001C4A9F797FFFFF14380E783EFFBC0FFF4D
:107B64001519FF3D0D380DDF5507E713380CFF2EAF
:107B740042784D380CDF0F06E711FF0518FF400B64
:107B8400FF1A0B380DFF310EDF4F07E713380CFFD8
:107B9400800EFF151DFF0D14380EDF4207E7133862
:107BA4000CFF27131B2A623935579FFFFFFF8629D5
:107BB400C09A09C751384CF815FF620738ABF8155D
:107BC400FF5C08C728DF1A4BFF6807C716DF32338C
:107BD400FF8E07DF2C1ADF3C0FDF7415DF3C4338C0
:107BE400999F027FFFFF1A380CFF2F0DFF180DFF1E
:107BF4003F11380DFF4C15DF7F07FF2B1DC707E72B
:107C040016FF6215DF2507E7151B2A623130375747
:107C14009FFFFFFF8429C09A0AC752384DF81638CF
:107C2400FF20F816FF5809C729FF7C37FF1907C73B
:107C340018780DFF1205DFFF091BDF3B10FF6406F8
:107C4400C717780BDF2B44384E780CFF0D06C7138B
:107C54009F007FFFFF1DFF3D0FFF160FFF3D13DF4A
:107C64004C06E717380BFFAC1DC707E718380DDFC4
:107C74004006E717380BF843FF030E1B2A62313026
:107C840031579FFFFFFF8229C09A0BC753384EF824
:107C940017FF5D07C737386EF817FF520CC72BDF85
:107CA400184C3898DF2F34FF8D07C710DF121CDF04
:107CB4003A12780CDF6118DF3945FF0B1D381B7849
:107CC4000CDF1A3D9F3B7FFFFF11FF1411380CFF9F
:107CD4002C15380CFF4918DF7D07E70FFF121E78BB
:107CE4002EFF5E18FF33191B2A623839579FFFFF96
:107CF400FF7E29C09A0EC754384FF81838FF1EF873
:107D040018FF3A21C72DFFD507C71BDFFF391D9F79
:107D1400387FFFFF14DF6205E71AFF37463831DF8B
:107D240039067843FF3913FF1213FF3A16DF4A0569
:107D3400E71AFFB81EC707E71BDF4E05E71ADF2265
:107D440006E71BFF000F1B2A623831579FFFFFFF16
:107D54006D29C09A1EC7553850F819FF5807C738FF
:107D64003870F819DF612EDF164DDF751C780CFFB3
:107D7400EA07C711388F3892780A78AC381A780C29
:107D8400FF0906C73FDFC218387A780AFF6C07C7B5
:107D940010DF471C780C386F780ADF21371B2A6202
:107DA400383357DFFFFFFF6C1DE7577851B81ADFF0
:107DB400550878B2B81AFF5D31FF144EFF741EDF08
:107DC400F808FF2A1EFF3716DF6005E71CFF35475A
:107DD4003861FF1640380BFF2914FF1114FF3819BE
:107DE400DF4805E71CDF7908FF291FFF0B1EDF4C66
:107DF40005E71CDF20061B2A62373957DFFFFFFF28
:107E04006B1CE759BF0B1E781DB81BDF5208E739FE
:107E14007872B81BFF5933DFD3063833DFE708E73E
:107E240012FF0F1FFF3618FFC9487851DF17067875
:107E340046FF3616FF0F16FF361B380BDFE608E742
:107E440011FF0F1FC7063833FFA0381B2A623735CE
:107E540057FFFFFFFF8D5C3832F81DB81BDF4F0959
:107E6400F8B5B81BB8577837FF124FFF7320DFF50A
:107E740009FF8A19FF6C1E380A78CB380CFF1442AC
:107E8400FF3517FF0E17FF351CFF541E380ADF6835
:107E940009FF5F20FF581E380ADF10061B2A6238CC
:107EA4003057FFFFFFFF8C5D7855B81C9F4B29C0EE
:107EB4009A0AC73A3875F81CF9573835FFD006784E
:107EC40055FFC30AC713DF0E20DF341A780BFF4FA8
:107ED40005DF5949FF6B06DF7F18DF0D18780BDFCC
:107EE400251EFF4505FF9B0AC712DF0E1FE706FF8D
:107EF40073051B2A62383057BBFFFFFF8C3894F898
:107F04001F381C9F4829C09A0CB8B9781CF859DF4F
:107F14004750389CFFF00CDF2921DF331BDF6B1F38
:107F2400DF314A3853780CFF0306C743DF3319DFC8
:107F34000C19DF331F780BDF431FFF720CDF28207F
:107F44003835DF561FDF2C391B2A62353757B8FF07
:107F5400FFFF91F8B7B81B9F4429C09A0DC73BB8DF
:107F640078F81BF8597845DFCA22782CFFBE0DC774
:107F74001438FFFF07780CDF10443855382DFFFF05
:107F84004B0DC713DF44221B2A62363957B9FFFF52
:107F9400FF93F8B6381B9F3F29C09A10C73CB87AA4
:107FA400781B785AFF300D78FF03380F780BFFB930
:107FB40010C715DF0C2238573892DF2F4BFF6906A4
:107FC40038FFAFFF6B10C714DF0C217844386FFF04
:107FD4001C061B2A6237355738FFFFFF9678B7B85F
:107FE4001BBF2923E73D787CB81BB85978FF3C3880
:107FF4002DBFA423E716FF0B23DFB7053833FF207B
:108004004CFF321B380CD706E74578E4DF430538CC
:1080140033BF4923E715FF0B227836DF4705383392
:10802400FF1C3A1B2A6235325778FFFFFF6BB828D2
:10803400F8B6381BFF533EF87D381B385ADF2C0F37
:10804400DFB905E724382EFFCE17FFFE21FFFFFF1F
:108054008821FF8216DF3505E724FF54211B2A629D
:1080640034365778FFFFFF6C3829F8B7381AFF51B8
:108074003FF87F381A385ADF2A10FF6129787F3891
:108084000DFFCC18FFFFBD43BF0C07E746FFFFE71A
:10809400171B2A62343557FFFFFFFF6D0A3817FF9D
:1080A4008A283818FF4F40F9813818FF27103817ED
:1080B4003842B8FF27FFC91978FFFF0AFF1A47386B
:1080C400F3FFEE181B2A62343257FBFFFFFF80B820
:1080D40013F8B93817FF4C42F8843817FB3FDF3EDA
:1080E4001238FF027810B80FFFC51BFFFFFFFFFF18
:1080F400601A387E1B2A62343557F9FFFFFF853832
:1081040012FF862DFF6443F886F85D38113842B8B3
:10811400FF2AFFC21C78FFFF0BFF184878E5FFF920
:108124001BDFFF1005E73B1B2A62363457F8FFFFBD
:10813400FF88FF73563814FF4944F8883814F8450B
:108144003810DF2515DFB505E726781FB912FFBE05
:108154001DDFF03D78D1FF16368729C09A18FFFF3E
:108164001D3DDF6E1CFF3405C726FF453D1B2A62FB
:10817400343657F8FFFFFF8A380FF8BD3813FF4530
:1081840047F88A3813F846DF361678FF16B914FF15
:10819400B8209FFFFF5E29C09A1F9FFFD17FFFFF7A
:1081A4001F1B2A62343957F8FFFFFF8C380E78BE44
:1081B400FF5949788C785E380E7832380C78FF167F
:1081C400B816FFB42278FFFF0DFF142D8729C09A3B
:1081D400229FFFCF7FFFFF211B2A6234355778FF90
:1081E400FFFF8EF8D03811FF404BF88D38117848D6
:1081F400DF3306E078FF27B817FFB0249FFFFF584E
:1082040029C09A259FFFCD7FFFFF231B2A623439A3
:108214005778FFFFFF8F380D78C0FF504F788F7865
:108224005D380D7832380C78FF17B818FFAA287813
:10823400FFFF0EFF12298729C09A279FFFC97FFFDE
:10824400FF271B2A6235315778FFFFFF90380DF85E
:10825400C0380FFF3654F890380F7849DF3006E302
:1082640078FF27B919FFA22D78FFFF0FFF10288789
:1082740029C09A299FFFC47FFFFF2C1B2A62343137
:108284005778FFFFFFFF68FF33697892386CDF1E71
:10829400073811F8FF18381AFF8C429FFFFF522944
:1082A400C09A2B9FFFAF7FFFFF411B2A62343457D4
:1082B40078FFFFFF9178D3380E78FF29380E78497C
:1082C400FD3D380CF8FF19B819FFFFFF0F0DDFBF94
:1082D4000CDF2A2CFFFF6236FFFF57081B2A62348B
:1082E400315778FFFFFF92380C78C378FF3BDF8B60
:1082F40007F8FF323819FFFFFF0D0E38D49F2729E6
:10830400C09A2EDFFF6137DFFF56091B2A6233371D
:108314005778FFFFFFFFFFFF09FF3B00380CF8FF12
:108324001CB818FFFFFF0A0FDFBE0EDF262FFFFF6A
:108334006038FFFF550A1B2A6234325778FFFFFF6B
:108344009378D378FF3B386ADF1B06E701F8FF2EEA
:108354003818FFFFD344DFBD10DF240FE70AFFFF07
:10836400396DFFFF203F1B2A6232355738FFFFFF6C
:10837400A338D438FF3B7891380CF9FF1F38FFFF3E
:10838400FF14FF370E1B2A6233315778FFFFFFFFBC
:108394006C78FF3B785ADF2906E703F8FF3238147C
:1083A400DFFFFFDF12DF2209E7111B2A6233305798
:1083B40078FFFFFF94FFFFCA40DF86077809380C77
:1083C400F9FF23381238FFFFF9DF2008E7131B2ACF
:1083D4006234365778FFFFFFFF6D38AEDF31057822
:1083E40046FF9406380C38BBDF2A05E726DFFFFF7B
:1083F400F114DF1F08E714DFE50638FF55DF2A050F
:10840400E70F1B2A62333457DFFFFFFFFFFFFF35FF
:1084140007F8FF46380F78FFC2DFFF1516FF2E1549
:10842400FFF30D781E78FF9538601B2A62333457AA
:1084340078FFFFFFFFFF12FFFF2E08380C78AC789F
:1084440077380FF8FFFFE8380CFF2C1678FFFF3F52
:1084540078D71B2A62333057DFFFFFFFFFFFFF345B
:1084640007F8FF4A38FFE0DFFF0606DF2E06E717AE
:1084740038FF3938FF951B2A6232395738FFFFFF1E
:10848400FFFF21DFFF0E07E70A380C78FF2ADFFF22
:10849400FFE806E2380CFF29181B2A62333057DF45
:1084A400FFFFFFFFFF5405E742FF910B380DFFF379
:1084B4002EFCFFFFF5DFFF4106FFFF91101B2A6230
:1084C400333757DFFFFFFFFFFFFF3207781138C94B
:1084D400DF28057834380BDFFFFFD6063812FFFF9C
:1084E4003F0E38FF41DF28051B2A6234355778FFD9
:1084F400FFFFFFFF13380BDFE306E710FF0C0D3817
:108504000D78AA78FFFF50FEFF1F380CDF1805E72F
:108514001978FF2C78FF10788138601B2A62343078
:1085240057DFFFFFFF9406E746FF860CDFBE06FF1A
:10853400560DDF5C07781378FF3B38FFDDDFFF0261
:108544000638FF9D38FF9578441B2A62343657DF7E
:10855400FFFFFFFF6D06FFE142C706FF8110380CE5
:1085640038B8DF2606DFFFFFFF1C06E701380C38AA
:10857400FF07DF230638FF59DF2606389F1B2A62D0
:1085840033345738FFFFFFFFFF23DF2B06DFA40739
:10859400DF1407FFFF1A31FFFFFFF003380C38FF29
:1085A40007FFFFC5111B2A62343757DFFFFFFF9314
:1085B4000778FF6DDFFF1707E712380C38B8DF24A0
:1085C4000638FFFF19DFFE0638FF24DF2006E70F19
:1085D400382E38FF11DF2406384A1B2A62363257F8
:1085E400FFFFFFFFA247DF7606E70D388FDF29067E
:1085F400E742C706E70EDF3307E70E383878A8FFEF
:10860400413278FFD0DFFF0C06E705380C38FF084D
:10861400786978FF10FF411278227852380B1B2AB0
:1086240062353757DFFFFFFF920778FF6F380CDFA3
:108634002707DFCA07E71438C8DF2206386A38FF7D
:10864400763832DFFF710638B2DF1D07384738FF4E
:1086540011DF2206384C997929C09A78221B2A62A4
:1086640037385799FFFFFF6129C09AFE5AF96EFF08
:108674002A0778A7DF3512E1FF2A07FF4907C70E4B
:10868400DF0C15780D38A8FF3006C73338FFD1FF4B
:10869400FF0A06C707780CFF420778B3DF2B1038B0
:1086A4002138FF10FF3006C71338237861FA21FE02
:1086B4004F1B2A6238315738FFFFFF64DF2907E771
:1086C400158729C09A03F86FFF2707C70E3881FF63
:1086D4003507F81BFF2707C70FFF3108FF130738BB
:1086E4001B78C8FF6A0678FFD238FF1A780C782105
:1086F400FF1B0878B4FF1A07784978FF117880388F
:1087040043780CFC1FFF4C031B2A62383257DDFFF1
:10871400FFFF60DF2608DF1A05DE6AB8E1DF220703
:10872400E712C6DF8008E70DC707E717380D38B82A
:10873400DF1E07FF460E78FFAE380BDFF806E709A9
:10874400DF4F0938B5DF1807E7117822380B38FFF7
:1087540011DF1E077840380B9E7329C09AFF4B0522
:108764001B2A6231303657B8FFFFFF67DF2308E763
:1087740014C707B871DF2207E70F7882380EDF20AD
:1087840008B820DF2207E7109F2E29C09A0A384331
:1087940038B8780DFF1C07C70DE13845780B38FF52
:1087A40067780B7834FFF606C70B780C3812780B11
:1087B400FF180A78B6787638FF00780DFF1C07C7D3
:1087C4001478343842780CFF1B003813780BFF24DC
:1087D400071B2A62383757B8FFFFFF69DF2009B843
:1087E400A09F1E29C09A0978ADFF1D09C713F80779
:1087F400FF1E09FF450BC70DE707C71A780C78B9A8
:10880400FF1A07C70EF800FF1D0678FFD6F926FFEA
:10881400FF3C0B78B7FF1408C7127833F92678E4C5
:10882400FF1A07C7157835F9267826FF18021B2A80
:108834006231313657B9FFFFFF6B9F1B29C09A0A7B
:10884400C714E709F874FF1B09C7103883F80FFF32
:108854001A09C714F809FF1B09C711FF2A0D785616
:1088640038A7F80EFF1609FE13FF1A06C710780C76
:1088740078FF763824780DFD22FFC706C70D780CE3
:108884007821FF140D78B8FF1209383E780DFD22C7
:1088940038D2F80EFF16093843780DFD223815F842
:1088A4000DFF15037823FF22091B2A623130385744
:1088B400B8FFFFFF6E9F1729C09A0CF9A5FF160B8E
:1088C400389DF810FF160BF928FF160BFF4010C750
:1088D4000DE707C71C38B8780FFF130AC70EF80551
:1088E400FF170738FFC8F80DFF1E00FFC60738132F
:1088F400780C3811780CFF120EF8B9FF0F09C71362
:108904003824F80DFF1E0038D3780FFF130AC7165A
:108914003826F80DFF1E007828FF12051B2A623145
:10892400323957B9FFFFFF709F1229C09A0DC7153E
:10893400F98BFF110CC7113885F811FF110DC715FC
:10894400F90EFF110CC712FF0B2AC70DE707C71D4D
:10895400780DF9BBFF0E0BC70FF807FF1407C712FA
:10896400F80CFA0938FF55F80CFA093814780EFF98
:108974001A03FF8624DF1F0F7832FF0F10F8BBFFA6
:108984000B0B3841780EFF1A03F9E7FF0E0BC717DC
:108994003827780EFF1A033816F80FFF0E0738141D
:1089A400F80CFA091B2A6231313457BBFFFFFF73FD
:1089B4009F0929C09A10C716FA8EFF090FC712FA29
:1089C4009CFF0910C716FA11FF090FC713DF3D0EEC
:1089D400383338B8F912FF080EF921FF0F09F829C6
:1089E400FE04F8FF66FE04F926FF130778B3FF0EB2
:1089F40006C711780CF822FF0B12F9BDFF050DC74D
:108A040014F938FF130738D4F912FF080EF95AFF86
:108A140013073817F910FF070BF826FE041B2A6208
:108A240031313157BFFFFFFF781BE717BF921AE7B9
:108A3400137886BF161BE717BF151AE714FF3C0E01
:108A4400C707E71F380D78A8BF1418E710BA0C9FA2
:108A54000729C09A0CC713FF1006FFFF68063814D5
:108A6400FA11FF0A0C78B4FF0C0778273810F90FB5
:108A7400FF0515FFC014C7153826FA11FF0A0C3874
:108A8400D5FF1418C7183828FA11FF0A0CFF2E1541
:108A9400FF28061B2A62373657FFFFFFFF9B18FF8C
:108AA400B4147887FF3818FF3715FF3B0F78353833
:108AB4000D78A8FF3311BF1016781978FF76783631
:108AC400BF1419FFD3137821BF11106078BAFF2A9D
:108AD400167827BF141978D6FF33197829BF1419CB
:108AE4007818FF2F111B2A6236335778FFFFFF6077
:108AF400FF3619787AFF35157888FF361AFF351650
:108B0400FF3A0FC707E72178BAFF3112FF2E157815
:108B1400FFB1DFFB073829F83D78BB787378FF1085
:108B2400FF311A782A7851FF2D121B2A62363657E4
:108B3400FFFFFFFF991A787BFF33167889FF341CF7
:108B4400FF3317FF38117837380D78A9FF2F13FF3B
:108B54002D1778FF767837FFFF0A157821F92778E3
:108B6400BCFF2717782978FF10FF2F1B782B78512B
:108B740078471B2A6237365778FFFFFF61FF331BA4
:108B8400787CFF3117F88AFF301FFF3118FF371147
:108B9400C707E72378BBFF2D15FF2B1878FFB2FF1B
:108BA4003210DFAA06E717380C7811FA25F8BDFF52
:108BB4002418782AFF32397898FF2D1C782CFF323C
:108BC40017FF29151B2A62373257F8FFFFFF62FF90
:108BD4002F1D787DFF2E19788CFF2E21FF2E1AFF72
:108BE4003512C7087829380D78AAFF2A18FF291AE0
:108BF40078FF767838DFF607382D7811FB2378BFB5
:108C0400FF2219782B78FF10FF2A1E782D7851FF48
:108C140027171B2A6238355778FFFFFF64FF2D1F83
:108C2400FF0D1CF848FF2B1AF88DFF2A25FF2B1B7C
:108C3400FF3314FF0D26F8BBFF261BFF261D78FF0C
:108C440076F838FF2D12FFB8197822FD2078C0FF7E
:108C54001F1BF82CFF2D3BF89AFF2620F82EFF2D22
:108C64001CFF231A782DFF0DFFFFFFFFBE1B2A6296
:108C7400383757F9FFFFFF65FF2821F87FFF271CCE
:108C8400F88FFF2629FF271EFF2F16C707E727386F
:108C94000D78ACFF241DFF241FFF193478FF1DFF3E
:108CA4001919FF29147860DF4407382F7812FE1E43
:108CB400F8C1FF1B1DF82EFF293D789CFF2421F8E5
:108CC40030FF291FFF201DFF190B1B2A6239305763
:108CD400F8FFFFFF68FF2424FF0B1DF84CFF231E41
:108CE400F891FF222DFF2321FF2A1A783DF8BDFFBA
:108CF4002022FF1F2278FF76F83AFF24177861FFBD
:108D04003703FF0C1BF823FF1A0178C3FF191EF861
:108D140030FF2440F89DFF2023F832FF2424FF1D58
:108D24001F782CFF0BFFFFFFFFBF1B2A623936574A
:108D3400F9FFFFFF6AFF1E28FF091EF94EFF1D21E0
:108D4400F893FF1E32FF1D25FF241FFF0C29F9BFD6
:108D5400FF1B26FF1A27FF1535F8FF1FFF151EFFFF
:108D64001F1A7862FF3504FF0B1DF824FF1603F861
:108D7400C4FF1520F832FF1F43F99FFF1B25F83469
:108D8400FF1F29FF1824FF150EFF09FFFFFFFFC077
:108D94001B2A6231333057FAFFFFFF6DFF162EFF97
:108DA4000522FF0743FF1626FF0787FF163AFF1623
:108DB40079FF082DFF0935FF072DFF0729FF142E22
:108DC400FF142BFF103AFF0746FF0727FF0715FF85
:108DD4000720FF0722FF1025FF1720FF0798FF0831
:108DE40020FF0816FF1008FF0515FF071EFF071ECA
:108DF400FF0712F917FF0F25FF0726FF1749FF0783
:108E040045FF073BFF1429FA36FF1730FF1229FFED
:108E14001013FF05FFFFFFFFC21B2A62363457FC05
:108E2400FFFFFF71FF0BC2FF0BCBFF0A46FF0BFFD7
:108E34008CFF0938FF0A34FF08FF66FF082EFF0C79
:108E4400FF34FF08B9F91AFF0768FF0CFBFF092E6E
:108E5400FB3AFF0C3BFF0832FF08FFFFFFFFEA1B52
:108E64002A62323657FFFFFFFF77FFFFFFFFFFFF46
:108E7400FFFF22FF1DFFC9FF3FFFFFFFFFFF8F1B07
:108E84002A6230571B2A6230571B2A6230571B2A2A
:108E94006230571B2A6230571B2A6230571B2A62E2
:108EA40030571B2A62323357DFFFFFFFFFFFFFFFFC
:108EB400FFFFFFFFFFFF9405E7FFFFFFFFFFC41B5A
:108EC4002A6230571B2A6230571B2A6230571B2AEA
:108ED40062313657DFFFFFFFFFFFFFFFFFFFFFFF9A
:108EE400FFFF93061B2A62313657DFFFFFFFFFFFA8
:108EF400FFFFFFFFFFFFFFFF92071B2A623231577C
:108F0400FFFFFFFFFFFFFFFFFFFFFFFFFFFFA1FFCB
:108F1400FFFFFFFFC51B2A623139579FFFFFFFFF89
:108F2400FFFFFFFFFFFFFFFFFF9029C09A081B2AE6
:108F3400623139579FFFFFFFFFFFFFFFFFFFFFFF76
:108F4400FFFF8E29C09A0A1B2A623236579FFFFF01
:108F5400FFFFFFFFFFFFFFFFFFFFFF8429C09A13FE
:108F6400C7FFFFFFFFFFC61B2A62313657DFFFFF33
:108F7400FFFFFFFFFFFFFFFFFFFFFF83141B2A62BA
:108F8400323157FFFFFFFFFFFFFFFFFFFFFFFFFF30
:108F9400FF9FFFFFFFFFFFC71B2A6230571B2A6298
:108FA400323157FFFFFFFFFFFFFFFFFFFFFFFFFF10
:108FB400FF9EFFFFFFFFFFC81B2A62323157FFFFEE
:108FC400FFFFFFFFFFFFFFFFFFFFFFFF9DFFFFFF0F
:108FD400FFFFC91B2A62323157FFFFFFFFFFFFFF6C
:108FE400FFFFFFFFFFFFFF9CFFFFFFFFFFCA1B2ADE
:108FF40062323157FFFFFFFFFFFFFFFFFFFFFFFF5D
:10900400FFFF9BFFFFFFFFFFCB1B2A62323157FF9D
:10901400FFFFFFFFFFFFFFFFFFFFFFFFFF9AFFFFC1
:10902400FFFFFFCC1B2A6232335778FFFFFFFFFF9D
:10903400FFFFFFFFFFFFFFFF83FF11FFFFFFFFFFA6
:10904400CE1B2A6232335778FFFFFFFFFFFFFFFF7B
:10905400FFFFFFFFFF84FF0EFFFFFFFFFFD01B2A70
:1090640062323557F8FFFFFFFFFFFFFFFFFFFFFFEF
:10907400A2FF07FFD0FF07FFFFFFFFFFD41B2A62F9
:10908400323157FFFFFFFFFFFFFFFFFFFFFFFFA48A
:10909400FFFFFFFFFFFFFFC21B2A623738591B2A5D
:1090A400623138579FFFFFFFFFFFFFFFFFFFFFFF06
:1090B400FF0062AD08011B2A623137579FFFFFFF93
:1090C400FFFFFFFFFFFFFFFFFD62AD08051B2A62E4
:1090D40030571B2A6230571B2A623231579FFFFFD9
:1090E400FFFFFFFFFFFFB162AD0800FFFFFFFFFFBF
:1090F400D8001B2A623231579FFFFFFFFFFFFFFF9B
:10910400FFAF62AD0804FFFFFFFFFFD4041B2A6218
:109114003237579FFFFFFFFF5762AD0803FFFF3051
:1091240003FFFFFFFF0906FFFFFFFFFFD2061B2A15
:10913400623333579FFFFFFF8862AD0805FFB90C08
:10914400FFA801FF3701FF2D0CFF7C03FF3102FF55
:109154003C01FF33011B2A623631579FFFFFFF8614
:1091640062AD080AFF592BFF2214FF2519FF580589
:10917400FF3305FF2714FF251BFF2B06FF2D05FFDB
:109184003905FF2F05FFFF1E19FF6908FFFF692E30
:10919400FFFFFF4119FFC6081B2A62343257DFFF65
:1091A400FFFF850CDF572D9F1F62AD0819FF21209B
:1091B400FFCC19FF21227834FF2B07FFFFA620FFE5
:1091C400FFDF30FFFFFF3F201B2A62343057DFFFF1
:1091D400FFFF840DDF562F9F1C62AD081DFF1E2468
:1091E400FFC71DFF1E26DF6F33FFFF6A24FFFFDB6F
:1091F40032FFFFFF3D241B2A62343257DFFFFFFF9B
:10920400830EDF55309F1A62AD0821FF1B28FFC271
:1092140021FF1B297830FF2907FFFFA528FFFFD76F
:1092240033FFFFFF3C281B2A62323657DFFFFFFF64
:10923400FF4823B84BDFBF23B84C781EB8FFFF2389
:10924400B8FFFFFFFF821B2A62333557DFFFFFFFA2
:10925400820F9FA862AD0826F84CFFBB26F84D7814
:109264002DFF2707C734F8FF9CF8FFFFFFFF821B81
:109274002A62333057DFFFFFFFFF4528384DDFB93F
:1092840028384E781C380DFF353538FF9E38FFFFDF
:10929400FFFF831B2A62323857DFFFFFFF8110DF95
:1092A400A62AB84DDFB62AB84EDF5407B8FFDDB89A
:1092B400FFFFFFFF821B2A62343657DFFFFFFF8068
:1092C40011DFA52B384FDFB42B3850781A380DDF57
:1092D4002307E7369FFF0B62AD08017889FFDF01A2
:1092E40078FFFFFF96FFFF83011B2A62343457DFA8
:1092F400FFFFFFFF422C3850DFB22C3851781A9F01
:10930400FF8E62AD080578883854DF0C6FE7057866
:10931400FFFFFF9538B1DF0CB5E7051B2A62333731
:1093240057DFFFFFFF7F12FF8D0EFF14013865FF2B
:10933400C8013866382ADF2107E73738FFA3FFFF63
:10934400FF09FF9138DC1B2A62343157FFFFFFFF0E
:10935400FF2A0EC70BE7093862DFAF0BE7097880F5
:1093640038FFFF297853FF0A70FFFF29FF9238DD89
:1093740078B0FF0AB61B2A62353857DFFFFFFF7E3D
:109384000460FF7137FF0F0EFF320B3817FFC00E5A
:10939400FF320D3815382ADF1F07E738FFFF770B38
:1093A4003817F853FF0672FFFCFFBEFFB00B3817E7
:1093B400F8B0FF06B81B2A62343957DFFFFFFF7D80
:1093C40005DFB109E711FB443813DFAC09E711FAF3
:1093D4004638127819380DFF2D39FBFF8B3813FFEF
:1093E400547BFBFFFFFF8C3813FFB1C11B2A623390
:1093F4003357F8FFFFFF8ADFAF08E715F847DFC0F0
:1094040008E715F848782EDF2D07F8FFD2F8FFFF9C
:10941400FFFF821B2A62333657DFFFFFFF7C05F80C
:10942400E0F8473810F8D9F848380F382AFF2B3AB3
:10943400F8FF923810F8FFFFFFFF6E38101B2A6206
:10944400333557F9FFFFFF89FFBF19FF0212F828D0
:10945400FFCC19FF02127829782CDF2B07F8FFD7ED
:10946400F8FFFFFFFF821B2A62333957DFFFFFFF3C
:109474007B04E2FFBE1C7848380EFFB81C784838DD
:109484003CDF1907E73B78FF96380E78FFFFFFFFB4
:1094940071380E1B2A62333657DFFFFFFFFF3E078A
:1094A400FF2215782BDFB907FF2215782B380D78AA
:1094B4001AFF383C78FF9778FFFFFFFF831B2A626F
:1094C400333757DFFFFFFF7A04E3FFBD3B782C38C7
:1094D4000DFFB63B782C383BDF170778FFDD380DDE
:1094E40078FFFFFFFF72380D1B2A62313557DFFF0B
:1094F400FFFF790578FFFFA4380DFF253D1B2A6285
:10950400323557FCFFFFFF8678FF3278FF3B782B1C
:10951400DF250778FFDF78FFFFFFFF831B2A623414
:109524003157DFFFFFFF7804E5DFAD06E73C782E17
:10953400380CDFA506E73C383D382CFF233E78FF86
:109544009A380C78FFFFFFFF73380C1B2A62313105
:109554005778FFFFFFFFFFFF31DF23071B2A62312C
:109564003857DFFFFFFF7704E678FFFF72383CDFF0
:109574001107E73F1B2A62323457DFFFFFFF7605EE
:1095840078FF3C78FF6AFF304078FF9B78FFFFFF4D
:10959400FF831B2A62323457FFFFFFFF830038FF2B
:1095A4004438FF6BDF0F0738FFF438FFFFFFFF83FA
:1095B4001B2A62363357DFFFFFFF750578FFFFACC8
:1095C400380DFF1D419F8162AD0804FF4203FFFC7B
:1095D40000FF5B00FF8203FF4A00FFED04FF4D0123
:1095E400FF2400FF4E02FF6D03FFC900FF2D04FF9F
:1095F4007503FF46021B2A62393657FFFFFFFF82BD
:109604000178FF3578FF6BDF1D079FC662AD080F39
:10961400FF380C38B4FF2400FF0C06FF1001FF1BB9
:1096240000FF1009FF780DFF2A00FF0C06FF8403DA
:10963400FF2401FF200EFF2A00FF0F09FF1C08FE74
:109644002AFF1209FF640D3882FF2300FF0C06FF76
:10965400250FFF2E01FF2F0DFF3C0B1B2A6231301B
:109664003557DFFFFFFF7404E70238BC38FF3B388F
:10967400B5FF1B429F7962AD0815FF3212FF122617
:10968400FF9303FF090AFF0C05FF1703FF0C0EFFEE
:109694001D26FF2413FF2503FF090AFF8105FF216F
:1096A40005FF1A16FF2403FF0C0DFF180DFF2503F9
:1096B400FF0D0FFF5E13FFA403FF090AFF2015FF30
:1096C4002905FF2A13FF3612FF12261B2A62373799
:1096D40057DFFFFFFF730578FFFFB0DF1B079FC253
:1096E40062AD081AFF2D1678E1FF070C783FFF09D9
:1096F40012FF6E18782FFF070CFF7F07FF1F06FF6E
:10970400171B782EFF0911FF1411FF3D13FF591881
:1097140078AEFF070CFF1D1AFF5E18FF32161B2AD6
:1097240062373657FFFFFFFF800338FFFFB6FF198C
:10973400439F7562AD081DFF2A1AFF0D28FFA80D6F
:10974400FF4B15FF1828FF1F1AFF380D387F780CC0
:10975400DF2C10E71FFF3714FF1114FF3A16FF57D1
:109764001AFFB70DFF1B1DFF5C1AFF2F1AFF0D28F0
:109774001B2A62373357DFFFFFFF720578B9380CB5
:1097840078FF2B380C78A5DF1906E7449F7362AD88
:109794000821FF271CFFE60FFF4918FF681EFF344E
:1097A4000FFFB006FF1422FF3517FF0E17FF3719FE
:1097B400FF531EFFB30FFF1921FF581EFF2B1D1B64
:1097C4002A62373257FFFFFFFF7F04DFFFFF720675
:1097D400E71E380CDF0707DFBF249F2362AD081F95
:1097E400FFE410FF481AFF6522FF31103880780C1F
:1097F400DF2A0DE725FF321AFF0B1AFF341CFF5036
:1098040022FFB010FF1824FF5422FF28201B2A62D5
:10981400363757DFFFFFFF7104E70538BE38FF3BDB
:10982400FFCF459F7062AD0827FF2121FFE211FFA2
:10983400461DFF6324FF2F11FFAF06FF1128FF30E1
:109844001CFF091CFF321EFF4E24FFAE11FF16271A
:10985400FF5224FF25231B2A62373457DFFFFFFF03
:10986400700538CD38FF3B78A5380CDF0507DFBD20
:1098740029DF1F22DFE112DF451FDF6126DF2D1202
:109884007881380CDF1906E70BC72ADF2E1EDF07A5
:109894001D9F3062AD0821FF4C26FFAC12FF152935
:1098A400FF5026FF23251B2A62353557FFFFFFFF94
:1098B4007D0678AE380E78FF29380E38B5FF13468A
:1098C400DF6E2BDFFF9021DF5F2838DC386EDF2C62
:1098D4001FDF061FDF2E23DF4A28DFDD2BDF4E28A4
:1098E400DF21271B2A62373257DFFFFFFF6F05385E
:1098F400D038FF3BDF6C06E721DF1306E747DF6D57
:109904002DDF1C23DFE013DF4323DF5D2ADF2A136F
:109914007882DF2706E70BC72DDF2A21DF0421DF4A
:109924002C25DF482ADFA913DF132DDF4C2ADF1F84
:10993400281B2A62393557FFFFFFFF7C0738C2DF37
:109944006E06E735387C38B4DFD02FDF1A0AE7011A
:10995400DFBA06E70EDF0C14DF4224DF5C0CE701FC
:109964003812DF28147883380CDF1506E70CFF1251
:1099740002DF3F22DF0322DF2B26DF470CE701381B
:1099840012DF7306E70DDF0C14DF122FDF4A0CE73A
:10999400013812DF1D291B2A6231323057DFFFFFE5
:1099A400FF6E04E70878AF381078FF273810DF69B6
:1099B40006E723DF1106E748DF6B0EE7023814FFE2
:1099C40029087816FF2C34DF6415DF4109E53812C5
:1099D4007811FF2C10C70AE707DF3A15FFE10A38B0
:1099E4000FDF2709E43811DF0109E43811DF290BFF
:1099F400E53812DF450AE707DFB915DF110EE70284
:109A04003814DF480AE707FF450138107806FF2CB1
:109A1400FFFFFFFFE21B2A6231313357B8FFFFFF1C
:109A2400FF54B8FF3ADF66077829380CD707FFD010
:109A3400083812DF1706E70DFF4235FC74DF4807CC
:109A4400E704FF5310C709E70B380EFC36788C384F
:109A54000CDF1306E70DFF0B0FDF3706E704DF12F9
:109A640006E704380FDF2708E7053810DF4309E766
:109A74000B380EFCB5FF2D083812DF4609E70B380A
:109A84000EDF1B0AE708FF45FFFFFFFFE31B2A6207
:109A940031333257DFFFFFFF6D04E70978B0381226
:109AA40078FF253812FF7425FF1E49DF6A0AE70D87
:109AB400FF3810FF1203FF0B49DF6305E703FF01C3
:109AC40006FF4008380EFF1103FF0B24FF0D0F386B
:109AD4000DDF2405E703FF012F784E380CFF200E1D
:109AE400FF0912380DFF3306380ECF06E706DF38BC
:109AF40007E709FF650F380DDFA305E703FF010B37
:109B0400C70AE70DFF690F380DDF1909E70CFF15C8
:109B140003FF0BFFFFFFFFF71B2A62393957DFFFF3
:109B2400FFFF6C05B8D9DF6707B8BFDF6207782B82
:109B3400BF0C08DFBB09E710380FDF1505E713FF7B
:109B44000112DF8F07FF2D18FF3E0BDF6807E711B7
:109B5400FF4041DF7306FF1E15FF4109DF0E05E7D5
:109B640009FF450C380EDF4107E711DF8007FF2CA2
:109B74001CC709E710380FDF4407E711DF2809E79E
:109B84000F1B2A6231313057FFFFFFFF790A78B18A
:109B9400B814FF7436786BB8149F5E62AD0808C7BA
:109BA40027DF1C4A9F797FFFFF14380E783EFFBCE5
:109BB4000FFF1519FF3D0D380DDF5507E713380C5E
:109BC400FF2E42784F380CDF0F06E70FFF0518FF12
:109BD4003F0BFF1A0B380DFF320EDF5107E7133826
:109BE4000CFF7E0EFF151DFF0D14380EDF4207E734
:109BF40013380CFF27131B2A62383957DFFFFFFF86
:109C04006B04E70B78B2B815DF620778ABB815DFE1
:109C14005B08E729FF1A4BDF6807E716FF3233DFDB
:109C24008E07FF2C1AFF3C0FFF7415FF3C437899F5
:109C3400FF021A380CFF2E0DFF180DFF4011380DCE
:109C4400FF4E15DF7D07FF2B1DC707E716FF6215C3
:109C5400DF2507E7151B2A623130335778FFFFFFF2
:109C6400FF43B81678FF20B8169F5762AD0809C79E
:109C74002AFF7C37FF1907C718780DFF1205DFFF8D
:109C8400091BDF3B10FF6406C717780BDF2B443832
:109C940050780CFF0D06C7119F007FFFFF1DFF3C8E
:109CA4000FFF160FFF3E13DF4E06E717380BFFAA10
:109CB4001DC707E718380DDF4006E717380BF843D0
:109CC400FF030E1B2A6231303157DFFFFFFF6A04A6
:109CD400E70C78B4B817DF5D07E737786EB8179FDD
:109CE4005162AD080CC72CDF184C3898DF2F34FFB5
:109CF4008D07C710DF121CDF3A12780CDF6118DF02
:109D04003945FF0B1D381D780CDF1A3B9F3A7FFF46
:109D1400FF11FF1411380CFF2D15380CFF4B18DF01
:109D24007B07E70FFF121E782EFF5E18FF33191B07
:109D34002A62383157DFFFFFFF690578CAB81878FF
:109D4400FF1EB818BF3921E72EDFD507E71BFFFF39
:109D5400391DFF3814DF6205E71AFF37463831DF53
:109D64003B067841FF3813FF1213FF3B16DF4C0507
:109D7400E71AFFB61EC707E71BDF4E05E71ADF2207
:109D840006E71BFF000F1B2A62373657FFFFFFFF52
:109D9400760D78B6B819DF5807E7387870B819FF28
:109DA400602FFF164DFF751C380CDFEA07E71178AA
:109DB4008F7892380A38AC781C380CDF0906E73DF6
:109DC400FFC218787C380ADF6A07E710FF471C389F
:109DD4000C786F380AFF21371B2A62383157DFFFAE
:109DE400FFFF680578CDB81ADF550878B2B81AFFB6
:109DF4005C32FF144EFF741EDFF808FF2A1EFF3783
:109E040016DF6005E71CFF35473863FF163E380B45
:109E1400FF2814FF1114FF3919DF4A05E71CDF7707
:109E240008FF291FFF0B1EDF4C05E71CDF20061B64
:109E34002A62373757FFFFFFFF750EBF711E781D6B
:109E4400B81BDF5208E7397872B81BFF5834DFD3E8
:109E5400063833DFE708E712FF0F1FFF3618FFC984
:109E6400487853DF17067844FF3516FF0F16FF377F
:109E74001B380BDFE608E711FF0F1FC7063833FF57
:109E8400A0381B2A62373757DFFFFFFF6704E70F4D
:109E94003898F81DB81BDF4F09F8B5B81BB85678C9
:109EA40038FF124FFF7320DFF509FF8A19FF6C1E7C
:109EB400380A78CD380CFF1440FF3417FF0E17FF13
:109EC400361CFF561E380ADF6609FF5F20FF581E46
:109ED400380ADF10061B2A62383057DFFFFFFF669F
:109EE4000578D3B81C9F4B62AD080AC73A3875F899
:109EF4001CF9563836FFD0067855FFC30AC713DF5E
:109F04000E20DF341A780BFF4F05DF5949FF6D0629
:109F1400DF7C18DF0D18780BDF261EFF4705FF993D
:109F24000AC712DF0E1FE706FF73051B2A623831CA
:109F340057FFFFFFFF73103899F81F381C9F4862C2
:109F4400AD080CB8B9781CF858DF4850389CFFF0BD
:109F54000CDF2921DF331BDF6B1FDF314A385578D3
:109F64000CFF0306C741DF3219DF0C19DF341F78F9
:109F74000BDF451FFF700CDF28203835DF561FDF4D
:109F84002C391B2A62353857DFFFFFFF6505F8D7E8
:109F9400B81B9F4462AD080DC73BB878F81BF8584E
:109FA4007846DFCA22782CFFBE0DC71438FFFF099C
:109FB400780CDF10423854382DFFFF4C0DC713DFE7
:109FC40044221B2A62373057FFFFFFFF7211F8C08B
:109FD400381B9F3F62AD0810C73CB87A781B78598C
:109FE400FF310D78FF03380F780BFFB910C715DF69
:109FF4000C2238573892DF2F4BFF6B0638FFAFFF28
:10A004006910C714DF0C217844386FFF1C061B2A23
:10A0140062373857DFFFFFFF6404E71278C2B81BCA
:10A02400BF2923E73D787CB81BB85878FF3D382D0D
:10A03400BFA423E716FF0B23DFB7053833FF204CFB
:10A04400FF321D380CD706E74378E4DF4505383383
:10A05400BF4723E715FF0B227836DF47053833FF68
:10A064001C3A1B2A62353157DFFFFFFF6305F8DE18
:10A07400381BFF533EF87D381B3859DF2D0FDFB9ED
:10A0840005E724382EFFCE17FFFE21FFFFFF8A21AC
:10A09400FF8016DF3505E724FF54211B2A6234357F
:10A0A40057FFFFFFFF7013F8C5381AFF513FF87FC1
:10A0B400381A3859DF2B10FF6129787F380DFFCC0F
:10A0C40018FFFFBD45BF0C07E744FFFFE7171B2A36
:10A0D40062343357DFFFFFFF6205FFB5283818FFEE
:10A0E4004F40F9813818FF261038173843B8FF2736
:10A0F400FFC91978FFFF0CFF1A4538F3FFEE181B50
:10A104002A62343157FFFFFFFF6F14F8CA3817FF74
:10A114004C42F8843817FB3EDF3F1238FF027810B8
:10A12400B80FFFC51BFFFFFFFFFF601A387E1B2A15
:10A1340062343657DFFFFFFF6104E715FF982DFFF8
:10A144006443F886F85C38113843B8FF2AFFC21C10
:10A1540078FFFF0DFF184678E5FFF91BDFFF1005B8
:10A16400E73B1B2A62363357FFFFFFFFFF015638D8
:10A1740014FF4944F8883814F8443810DF2615DFF2
:10A18400B505E726781FB912FFBE1DDFF03D78D371
:10A19400FF16348762AD0818FFFF1F3DDF6C1CFFFC
:10A1A4003405C726FF453D1B2A62343757DFFFFFBE
:10A1B400FF6004E716F8D03813FF4547F88A3813D0
:10A1C400F845DF371678FF16B914FFB8209FFFFF54
:10A1D4005E62AD081F9FFFD17FFFFF1F1B2A623401
:10A1E4003857DFFFFFFF5F0578F1FF5949788C7816
:10A1F4005D380E7833380C78FF16B816FFB4227821
:10A20400FFFF0FFF142B8762AD08229FFFCF7FFF54
:10A21400FF211B2A62343657FFFFFFFF6C17F8D368
:10A224003811FF404BF88D38117847DF3406E07859
:10A23400FF27B817FFB0249FFFFF5862AD08259F82
:10A24400FFCD7FFFFF231B2A62353057DFFFFFFF5F
:10A254005E04E71878D5FF504F788F785C380D7816
:10A2640033380C78FF17B818FFAA2878FFFF10FFBF
:10A2740012278762AD08279FFFC97FFFFF271B2A8C
:10A2840062343857F8FFFFFFFF66380FFF3654F883
:10A2940090380F7848DF3106E378FF27B919FFA219
:10A2A4002D78FFFF11FF10268762AD08299FFFC498
:10A2B4007FFFFF2C1B2A62343557DFFFFFFF5D044D
:10A2C400E71978D8FF33697892386BDF1F073811A4
:10A2D400F8FF18381AFF8C429FFFFF5262AD082B1B
:10A2E4009FFFAF7FFFFF411B2A6234335778FFFF84
:10A2F400FFFF69380E78FF29380E7848FD3E380C88
:10A30400F8FF19B819FFFFFF0F0DDFC10CDF282C70
:10A31400FFFF6434FFFF57081B2A62343257DFFF04
:10A32400FFFF5C04E71A78DA78FF3BDF8B07F8FF5E
:10A33400323819FFFFFF0D0E38D69F2562AD082E67
:10A34400DFFF6335DFFF56091B2A62333957FFFFEE
:10A35400FFFF681B78FFFF78FF3C00380CF8FF1CF8
:10A36400B818FFFFFF0A0FDFC00EDF242FFFFF62C4
:10A3740036FFFF550A1B2A62343357DFFFFFFF5BAA
:10A384004478BF78FF3B3869DF1C06E701F8FF2EED
:10A394003818FFFFD344DFBF10DF220FE70AFFFFA7
:10A3A4003B6BFFFF203F1B2A6232355738FFFFFF0C
:10A3B400A838CF38FF3B7891380CF9FF1F38FFFFDE
:10A3C400FF16FF350E1B2A6233315778FFFFFFFF5C
:10A3D4006C78FF3B7859DF2A06E703F8FF3238141C
:10A3E400DFFFFFE112DF2009E7111B2A6232395730
:10A3F400FFFFFFFFFFFF6340DF86077809380CF992
:10A40400FF23381238FFFFFBDF1E08E7131B2A6205
:10A4140034365778FFFFFFFF6D38AEDF31057846DD
:10A42400FF9406380C38BBDF2A05E726DFFFFFF36D
:10A4340014DF1D08E714DFE50638FF55DF2A05E7BA
:10A444000E1B2A62333457DFFFFFFFFFFFFF350780
:10A45400F8FF46380F78FFC2DFFF1716FF2C15FFF1
:10A46400F30D782078FF9338601B2A6233345778D1
:10A47400FFFFFFFFFF12FFFF2E08380C78AC787740
:10A48400380FF8FFFFEA380CFF2A1678FFFF3F78F1
:10A49400D71B2A62333057DFFFFFFFFFFFFF34076C
:10A4A400F8FF4A38FFE0DFFF0806DF2C06E717381D
:10A4B400FF3B38FF931B2A6232395738FFFFFFFFF7
:10A4C400FF21DFFF0E07E70A380C78FF2ADFFFFFC2
:10A4D400EA06E2380CFF27181B2A62333057DFFFE5
:10A4E400FFFFFFFF5405E742FF910B380DFFF32EEA
:10A4F400FCFFFFF7DFFF3F06FFFF910F1B2A6233CC
:10A50400385778FFFFFF5BDFFFFFD207781138C9A8
:10A51400DF28057834380BDFFFFFD8063812FFFF39
:10A524003D0E38FF41DF28051B2A6234395778FF76
:10A53400FFFF5CFF484178FF1D380BDFE206E7119F
:10A54400FF0C0D380D78AA78FFFF50FEFF21380C60
:10A55400DF1605E71978FF2E78FF0E788138601B27
:10A564002A62343157FFFFFFFF5D26FF0B4FFF8642
:10A574000CDFBE06FF560CDF5D07781378FF3B380F
:10A58400FFDDDFFF040638FF9D38FF9378441B2A64
:10A5940062343657DFFFFFFFFF6D06FFE142C70657
:10A5A400FF8110380C38B8DF2606DFFFFFFF1E06D8
:10A5B400E701380C38FF05DF230638FF59DF26068C
:10A5C400389F1B2A6233345738FFFFFFFFFF23DF16
:10A5D4002B06DFA307DF1507FFFF1A31FFFFFFF28A
:10A5E40003380C38FF05FFFFC5101B2A62343657A9
:10A5F40078FFFFFFFFFF14DFFF1707E712380C385F
:10A60400B8DF240638FFFF19DFFF010638FF22DF19
:10A614002006E70F383038FF0FDF2406384A1B2A9C
:10A6240062363057DFFFFFFFFF6C06E70D388FDF20
:10A634002906E742C706E70DDF3307E70F38387806
:10A64400A8FF413278FFD0DFFF0E06E705380C384B
:10A65400FF06786B78FF0EFF411178237852380B90
:10A664001B2A6235355778FFFFFFFFFF15380CDFD3
:10A674002707DFCA07E71438C8DF2206386A38FF1D
:10A68400763832DFFF710638B2DF1D07384938FFEC
:10A694000FDF2206384C997962AD0878221B2A62B2
:10A6A4003736579EFFFFFFC162AD08F96EFF2A07D8
:10A6B40078A7DF3512E1FF2A07FF4807C70FDF0C31
:10A6C40015780D38A8FF3006C73338FFD1FFFF0CCB
:10A6D40006C707780CFF400778B3DF2B1038233800
:10A6E400FF0EFF3006C71238247861FA21FE4E1B94
:10A6F4002A623735579FFFFFFFBF62AD0803F86F2B
:10A70400FF2707C70E3881FF3507F81BFF2707C748
:10A714000EFF3108FF1407381B78C8FF6A0678FF5C
:10A72400D238FF1C780C781FFF1B0878B4FF1A0777
:10A73400784B78FF0F78803843780CFC1FFF4B036D
:10A744001B2A62373757DFFFFFFFBE05DE6AB8E119
:10A75400DF2207E712C6DF7F08E70EC707E71738CF
:10A764000D38B8DF1E07FF460E78FFAE380BDFFA50
:10A7740006E709DF4D0938B5DF1807E711782438F3
:10A784000B38FF0FDF1E077840380B9E7362AD084D
:10A79400FF4A051B2A62393957DFFFFFFFBD07B89F
:10A7A40071DF2207E70F7882380EDF2008B820DF38
:10A7B4002207E70F9F2E62AD080A384438B8780D97
:10A7C400FF1C07C70DE13845780B38FF67780B7815
:10A7D40034FFF806C70B780C3810780BFF180A788A
:10A7E400B6787838FD780DFF1C07C71378353842E2
:10A7F400780CFF1B003813780BFF23071B2A6238E1
:10A804003357B8FFFFFFFF449F1E62AD080978ADC0
:10A81400FF1D09C713F807FF1E09FF440BC70EE706
:10A8240007C71A780C78B9FF1A07C70EF800FF1D7E
:10A834000678FFD6F926FFFF3C0B78B7FF1408C74C
:10A84400127835F92678E2FF1A07C7147836F92604
:10A854007826FF18021B2A6231313057DFFFFFFFD1
:10A86400BC09B874DF1B09E7107883B80FDF1A0935
:10A87400E714B809DF1B09E7109F2A62AD080D78B9
:10A884005738A7F80EFF1609FE13FF1A06C71078EB
:10A894000C78FF763824780DFD22FFC906C70D78A1
:10A8A4000C781FFF140D78B8FF12093840780DFD9D
:10A8B4002238D0F80EFF16093843780DFD223815DA
:10A8C400F80DFF15037823FF21091B2A6231303468
:10A8D40057B9FFFFFFFF489F1662AD080B389DF87C
:10A8E40010FF160BF928FF160BFF3F10C70EE707E2
:10A8F400C71C38B8780FFF130AC70EF805FF1707EF
:10A9040038FFC8F80DFF1E00FFC8073813780C384D
:10A914000F780CFF120EF8B9FF0F09C7133826F889
:10A924000DFF1E0038D1780FFF130AC7153827F81A
:10A934000DFF1E007828FF12051B2A62313233579F
:10A94400B9FFFFFFFF4B9F1162AD080CC71138859B
:10A95400F811FF110DC715F90EFF110CC711FF0BEC
:10A964002AC70EE707C71D780DF9BBFF0E0BC70FEB
:10A97400F807FF1407C712F80CFA0938FF55F80C4A
:10A98400FA093814780EFF1A03FF8624DF210F78A2
:10A9940030FF0F10F8BBFF0B0B3843780EFF1A0380
:10A9A400F9E5FF0E0BC7163828780EFF1A03381680
:10A9B400F80FFF0E073814F80CFA091B2A6231301D
:10A9C4003857BAFFFFFFFF4E9F0962AD080FC71249
:10A9D400FA9CFF0910C716FA11FF090FC712DF3DD1
:10A9E4000F383338B8F912FF080EF921FF0F09F8B0
:10A9F40029FE04F8FF66FE04F926FF130778B3FF67
:10AA04001006C711780CF820FF0B12F9BDFF050DD5
:10AA1400C714F93AFF130738D2F912FF080EF95A8E
:10AA2400FF13073817F910FF070BF826FE041B2A3B
:10AA34006231303757BFFFFFFFFF521AE7137886A2
:10AA4400BF161BE717BF151AE713FF3C0FC707E72D
:10AA54001F380D78A8BF1418E710BA0C9F0762AD11
:10AA6400080CC713FF1006FFFF68063814FA11FF1D
:10AA74000A0C78B4FF0E077827380EF90FFF051576
:10AA8400FFC014C7153828FA11FF0A0C38D3FF1475
:10AA940018C7173829FA11FF0A0CFF2E15FF2806CC
:10AAA4001B2A62373457FFFFFFFFFF74147887FFB8
:10AAB4003818FF3714FF3B107835380D78A8FF336A
:10AAC40011BF1016781978FF767836BF1419FFD5A0
:10AAD40013781FBF11106078BAFF2A167829BF14A3
:10AAE4001978D4FF3318782ABF14197818FF2F1156
:10AAF4001B2A6235395778FFFFFFFF3AFF35157877
:10AB040088FF361AFF3515FF3A10C707E72178BAD0
:10AB1400FF3112FF2E1578FFB1DFFD073829F83B0E
:10AB240078BB787578FF0EFF3119782B7851FF2D9B
:10AB3400121B2A6236345778FFFFFFFF3BFF3316A0
:10AB44007889FF341CFF3316FF38127837380D78B4
:10AB5400A9FF2F13FF2D1778FF767837FFFF0C1509
:10AB6400781FF92778BCFF2717782B78FF0EFF2F63
:10AB74001A782C785178471B2A6237325778FFFFAE
:10AB8400FFFF3CFF3117F88AFF301FFF3117FF37F3
:10AB940012C707E72378BBFF2D15FF2B1878FFB2E8
:10ABA400FF3210DFAC06E717380C780FFA25F8BD32
:10ABB400FF2418782CFF32377898FF2D1B782DFF4F
:10ABC4003217FF29151B2A6236385778FFFFFFFF1B
:10ABD4003DFF2E19788CFF2E21FF2E19FF3513C748
:10ABE400087829380D78AAFF2A18FF291A78FF76E1
:10ABF4007838DFF807382D780FFB2378BFFF221948
:10AC0400782D78FF0EFF2A1D782E7851FF27171B09
:10AC14002A6238325778FFFFFFBCFF0D1CF848FF4B
:10AC24002B1AF88DFF2A25FF2B1AFF3315FF0D264B
:10AC3400F8BBFF261BFF261D78FF76F838FF2D1280
:10AC4400FFBA197820FD2078C0FF1F1BF82EFF2DB6
:10AC540039F89AFF261FF82FFF2D1CFF231A782C92
:10AC6400FF0DFFFFFFFFBF1B2A62383357F8FFFFBA
:10AC7400FFFF40FF271CF88FFF2629FF271DFF2F0A
:10AC840017C707E727380D78ACFF241DFF241FFFE3
:10AC9400193478FF1DFF1919FF29147860DF46075E
:10ACA400382F7810FE1EF8C1FF1B1DF830FF293B1A
:10ACB400789CFF2420F831FF291FFF201DFF190A6B
:10ACC4001B2A6238375778FFFFFFBDFF0B1DF84C76
:10ACD400FF231EF891FF222DFF2320FF2A1B783D1E
:10ACE400F8BDFF2022FF1F2278FF76F83AFF2417D1
:10ACF4007861FF3705FF0C1BF821FF1A0178C3FFA9
:10AD0400191EF832FF243EF89DFF2022F833FF2459
:10AD140024FF1D1F782BFF0BFFFFFFFFC01B2A62C0
:10AD240039335778FFFFFFBEFF091EF94EFF1D217F
:10AD3400F893FF1E32FF1D24FF2420FF0C29F9BFC6
:10AD4400FF1B26FF1A27FF1535F8FF1FFF151EFFEF
:10AD54001F1A7862FF3506FF0B1DF822FF1603F851
:10AD6400C4FF1520F834FF1F41F99FFF1B24F83559
:10AD7400FF1F29FF1824FF150DFF09FFFFFFFFC167
:10AD84001B2A6231333057F8FFFFFF8CFF0720FF87
:10AD94000522FF0743FF1626FF0787FF163AFF1613
:10ADA40079FF082DFF0935FF072DFF0729FF142E12
:10ADB400FF142BFF103AFF0746FF0727FF0715FF75
:10ADC4000720FF0722FF1025FF1720FF079AFF081F
:10ADD40020FF0814FF1008FF0514FF071EFF071EBD
:10ADE400FF0713F917FF0F25FF0728FF1747FF0772
:10ADF40045FF073BFF1428FA37FF1730FF1229FFDE
:10AE04001012FF05FFFFFFFFC31B2A62363257FFF4
:10AE1400FFFFFF8EB9FF0BCBFF0A46FF0BFF8CFF32
:10AE24000938FF0A34FF08FF66FF082EFF0CFF34C1
:10AE3400FF08B9F91AFF076AFF0CF9FF092DFB3B5C
:10AE4400FF0C3BFF0832FF08FFFFFFFFEA1B2A62EB
:10AE5400323657FFFFFFFFFF51FFFFFFFFFFFFFFEA
:10AE640048FF1DFFC8FF40FFFFFFFFFF8F1B2A6243
:10AE740030571B2A6230571B2A6230571B2A623014
:10AE8400571B2A6230571B2A6230571B2A623057DD
:10AE94001B2A62323357DFFFFFFFFFFFFFFFFFFF75
:10AEA400FFFFFFFF9305E7FFFFFFFFFFC51B2A62BC
:10AEB40030571B2A6230571B2A6230571B2A6231D3
:10AEC4003657DFFFFFFFFFFFFFFFFFFFFFFFFFFF1F
:10AED40092061B2A62313657DFFFFFFFFFFFFFFF99
:10AEE400FFFFFFFFFFFF91071B2A62323157FFFF6D
:10AEF400FFFFFFFFFFFFFFFFFFFFFFFFA0FFFFFFBD
:10AF0400FFFFC61B2A623139579FFFFFFFFFFFFF78
:10AF1400FFFFFFFFFFFFFF8F62AD08081B2A6231AE
:10AF240039579FFFFFFFFFFFFFFFFFFFFFFFFFFFFB
:10AF34008D62AD080A1B2A623236579FFFFFFFFF5E
:10AF4400FFFFFFFFFFFFFFFFFF8362AD0813C7FF93
:10AF5400FFFFFFFFC71B2A62313657DFFFFFFFFFEA
:10AF6400FFFFFFFFFFFFFFFFFF82141B2A62323146
:10AF740057FFFFFFFFFFFFFFFFFFFFFFFFFFFF9EE6
:10AF8400FFFFFFFFFFC81B2A6230571B2A623231C2
:10AF940057FFFFFFFFFFFFFFFFFFFFFFFFFFFF9DC7
:10AFA400FFFFFFFFFFC91B2A62323157FFFFFFFF7C
:10AFB400FFFFFFFFFFFFFFFFFFFF9CFFFFFFFFFF00
:10AFC400CA1B2A62323157FFFFFFFFFFFFFFFFFF5B
:10AFD400FFFFFFFFFF9BFFFFFFFFFFCB1B2A623238
:10AFE4003157FFFFFFFFFFFFFFFFFFFFFFFFFFFFE3
:10AFF4009AFFFFFFFFFFCC1B2A62323157FFFFFF8E
:10B00400FFFFFFFFFFFFFFFFFFFFFF99FFFFFFFFB2
:10B01400FFCD1B2A6232335778FFFFFFFFFFFFFF8C
:10B02400FFFFFFFFFFFF82FF11FFFFFFFFFFCF1BAB
:10B034002A6232335778FFFFFFFFFFFFFFFFFFFF56
:10B04400FFFFFF83FF0EFFFFFFFFFFD11B2A6232CA
:10B054003557F8FFFFFFFFFFFFFFFFFFFFFFA2FFD2
:10B0640007FFCFFF07FFFFFFFFFFD51B2A62323127
:10B0740057FFFFFFFFFFFFFFFFFFFFFFFFA4FFFFDF
:10B08400FFFFFFFFFFC21B2A623738591B2A6231B8
:10B0940038579FFFFFFFFFFFFFFFFFFFFFFFFF008A
:10B0A400068686011B2A623137579FFFFFFFFFFF89
:10B0B400FFFFFFFFFFFFFD068686051B2A62305750
:10B0C4001B2A6230571B2A623231579FFFFFFFFF52
:10B0D400FFFFFFFFB106868600FFFFFFFFFFD800DA
:10B0E4001B2A623231579FFFFFFFFFFFFFFFFFAFB5
:10B0F40006868604FFFFFFFFFFD4041B2A62323753
:10B10400579FFFFFFFFF5706868603FFFF3003FFAD
:10B11400FFFFFF0906FFFFFFFFFFD2061B2A623372
:10B1240031579FFFFFFFFF530686860CFFA801FFE0
:10B134003701FF2D0CFF7C03FF3102FF3C01FF337D
:10B14400011B2A623631579FFFFFFF680686862A55
:10B15400FF572BFF2214FF2519FF5805FF3305FF66
:10B164002714FF251BFF2B06FF2D05FF3905FF2F95
:10B1740005FFFF1E19FF6908FFFF692EFFFFFF414E
:10B1840019FFC6081B2A623432579FFFFFFF660669
:10B1940086862DFF552DFF1F19FF2120FFCC19FF97
:10B1A40021227834FF2B07FFFFA620FFFFDF30FFAB
:10B1B400FFFF3F201B2A62333757DFFFFFFFF32FC8
:10B1C4009F1C0686861DFF1E24FFC71DFF1E26DF4B
:10B1D4006F33FFFF6A24FFFFDB32FFFFFF3D241BB9
:10B1E4002A62343257DFFFFFFF652FDF52309F1A88
:10B1F40006868621FF1B28FFC221FF1B297830FF0A
:10B204002907FFFFA528FFFFD733FFFFFF3C281BBB
:10B214002A62323657DFFFFFFFFF4823B84BDFBFF8
:10B2240023B84C781EB8FFFF23B8FFFFFFFF821B33
:10B234002A623333579FFFFFFFFF4606868626F8B0
:10B244004CFFBB26F84D782DFF2707C734F8FF9C29
:10B25400F8FFFFFFFF821B2A62333057DFFFFFFF37
:10B26400FF4528384DDFB928384E781C380DFF3596
:10B274003538FF9E38FFFFFFFF831B2A62323657A3
:10B28400DFFFFFFFFF442AB84DDFB62AB84EDF5474
:10B2940007B8FFDDB8FFFFFFFF821B2A6234345773
:10B2A400DFFFFFFFFF432B384FDFB42B3850781AF2
:10B2B400380DDF2307E7369FFF0B06868601788962
:10B2C400FFDF0178FFFFFF96FFFF83011B2A623433
:10B2D4003457DFFFFFFFFF422C3850DFB22C3851C8
:10B2E400781A9FFF8E0686860578883854DF0C6F9F
:10B2F400E70578FFFFFF9538B1DF0CB5E7051B2A9A
:10B3040062333757FFFFFFFF9C4DFF350EFF1401DB
:10B314003865FFC8013866382ADF2107E73738FF68
:10B32400A3FFFFFF09FF9138DC1B2A62343157FF6A
:10B33400FFFFFFFF2A0EC70BE7093862DFAF0BE7F9
:10B3440009788038FFFF297853FF0A70FFFF29FF2F
:10B354009238DD78B0FF0AB61B2A62353757FFFFF3
:10B36400FFFF9B4EFF0B37FF0F0EFF320B3817FF0B
:10B37400C00EFF320D3815382ADF1F07E738FFFFEC
:10B38400770B3817F853FF0672FFFCFFBEFFB00BB4
:10B394003817F8B0FF06B81B2A62343957FFFFFF8D
:10B3A400FF7376DF4A09E711FB443813DFAC09E782
:10B3B40011FA4638127819380DFF2D39FBFF8B38F6
:10B3C40013FF547BFBFFFFFF8C3813FFB1C11B2A13
:10B3D40062333257DFFFFFFFFF3F08E715F847DF0F
:10B3E400C008E715F848782EDF2D07F8FFD2F8FFDC
:10B3F400FFFFFF821B2A62333457F8FFFFFFFF6E03
:10B40400F8473810F8D9F848380F382AFF2B3AF89B
:10B41400FF923810F8FFFFFFFF6E38101B2A6233CB
:10B424003457FFFFFFFFFF4F19FF0212F828FFCC2C
:10B4340019FF02127829782CDF2B07F8FFD7F8FFC1
:10B44400FFFFFF821B2A62333657FFFFFFFFFF4EC9
:10B454001C7848380EFFB81C7848383CDF1907E7D9
:10B464003B78FF96380E78FFFFFFFF71380E1B2ADA
:10B4740062333657DFFFFFFFFF3E07FF2215782BAD
:10B48400DFB907FF2215782B380D781AFF383C787E
:10B49400FF9778FFFFFFFF831B2A62333457FFFFB8
:10B4A400FFFFFF4D3B782C380DFFB63B782C383B23
:10B4B400DF170778FFDD380D78FFFFFFFF72380DC7
:10B4C4001B2A6231335778FFFFFFFFFFFF2F380D30
:10B4D400FF253D1B2A6232335778FFFFFFFFC178F7
:10B4E400FF3B782BDF250778FFDF78FFFFFFFF8323
:10B4F4001B2A62333857DFFFFFFFFF3D06E73C7826
:10B504002E380CDFA506E73C383D382CFF233E7867
:10B51400FF9A380C78FFFFFFFF73380C1B2A623147
:10B52400315778FFFFFFFFFFFF31DF23071B2A623C
:10B5340031355778FFFFFFFFFFFF02383CDF11076B
:10B54400E73F1B2A6232315778FFFFFFFFC378FFC2
:10B554006AFF304078FF9B78FFFFFFFF831B2A625E
:10B5640032315738FFFFFFFFD338FF6BDF0F073847
:10B57400FFF438FFFFFFFF831B2A6236315778FF41
:10B58400FFFFFFFFFF33380DFF1D419F81068686B5
:10B5940004FF4203FFFC00FF5B00FF8203FF4A003D
:10B5A400FFED04FF4D01FF2400FF4E02FF6D03FF7A
:10B5B400C900FF2D04FF7503FF46021B2A623933BD
:10B5C4005778FFFFFFFFC478FF6BDF1D079FC60698
:10B5D40086860FFF380C38B4FF2400FF0C06FF10DA
:10B5E40001FF1B00FF1009FF780DFF2A00FF0C0666
:10B5F400FF8403FF2401FF200EFF2A00FF0F09FF31
:10B604001C08FE2AFF1209FF640D3882FF2300FF85
:10B614000C06FF250FFF2E01FF2F0DFF3C0B1B2AED
:10B62400623130315738FFFFFFFF4C38FF3B38B5EC
:10B63400FF1B429F7906868615FF3212FF1226FFF2
:10B644009303FF090AFF0C05FF1703FF0C0EFF1DF0
:10B6540026FF2413FF2503FF090AFF8105FF2105A7
:10B66400FF1A16FF2403FF0C0DFF180DFF2503FF1F
:10B674000D0FFF5E13FFA403FF090AFF2015FF2926
:10B6840005FF2A13FF3612FF12261B2A623735578D
:10B6940078FFFFFFFFFFFF35DF1B079FC20686868B
:10B6A4001AFF2D1678E1FF070C783FFF0912FF6E91
:10B6B40018782FFF070CFF7F07FF1F06FF171B7863
:10B6C4002EFF0911FF1411FF3D13FF591878AEFF27
:10B6D400070CFF1D1AFF5E18FF32161B2A6237344F
:10B6E4005738FFFFFFFFFFFF46FF19439F7506868C
:10B6F400861DFF2A1AFF0D28FFA80DFF4B15FF1802
:10B7040028FF1F1AFF380D387F780CDF2C10E71F35
:10B71400FF3714FF1114FF3A16FF571AFFB70DFF36
:10B724001B1DFF5C1AFF2F1AFF0D281B2A623731DD
:10B734005778FFFFFFFF3D380C78FF2B380C78A5B6
:10B74400DF1906E7449F7306868621FF271CFFE660
:10B754000FFF4918FF681EFF340FFFB006FF1422C5
:10B76400FF3517FF0E17FF3719FF531EFFB30FFFE7
:10B774001921FF581EFF2B1D1B2A62373057DFFF8C
:10B78400FFFFFFFFFF0206E71E380CDF0707DFBFDE
:10B79400249F230686861FFFE410FF481AFF6522B4
:10B7A400FF31103880780CDF2A0DE725FF321AFFAD
:10B7B4000B1AFF341CFF5022FFB010FF1824FF5453
:10B7C40022FF28201B2A6236335738FFFFFFFF4E23
:10B7D40038FF3BFFCF459F7006868627FF2121FF58
:10B7E400E211FF461DFF6324FF2F11FFAF06FF1177
:10B7F40028FF301CFF091CFF321EFF4E24FFAE1130
:10B80400FF1627FF5224FF25231B2A62373257389D
:10B81400FFFFFFFF4F38FF3B78A5380CDF0507DF3C
:10B82400BD29DF1F22DFE112DF451FDF6126DF2D87
:10B83400127881380CDF1906E70BC72ADF2E1EDFCA
:10B84400071D9F3006868621FF4C26FFAC12FF158C
:10B8540029FF5026FF23251B2A6235335778FFFF23
:10B86400FFFF3E380E78FF29380E38B5FF1346DF48
:10B874006E2BDFFF9021DF5F2838DC386EDF2C1F52
:10B88400DF061FDF2E23DF4A28DFDD2BDF4E28DF14
:10B8940021271B2A6237305738FFFFFFFF5138FF3B
:10B8A4003BDF6C06E721DF1306E747DF6D2DDF1C66
:10B8B40023DFE013DF4323DF5D2ADF2A137882DFEF
:10B8C4002706E70BC72DDF2A21DF0421DF2C25DF24
:10B8D400482ADFA913DF132DDF4C2ADF1F281B2A78
:10B8E4006239335738FFFFFFFF52DF6E06E7353802
:10B8F4007C38B4DFD02FDF1A0AE701DFBA06E70E7F
:10B90400DF0C14DF4224DF5C0CE7013812DF28145B
:10B914007883380CDF1506E70CFF1202DF3F22DFC5
:10B924000322DF2B26DF470CE7013812DF7306E71B
:10B934000DDF0C14DF122FDF4A0CE7013812DF1D74
:10B94400291B2A623131365778FFFFFFFF3F381039
:10B9540078FF273810DF6906E723DF1106E748DFA1
:10B964006B0EE7023814FF29087816FF2C34DF64C5
:10B9740015DF4109E538127811FF2C10C70AE707D3
:10B98400DF3A15FFE10A380FDF2709E43811DF0138
:10B9940009E43811DF290BE53812DF450AE707DF30
:10B9A400B915DF110EE7023814DF480AE707FF452F
:10B9B4000138107806FF2CFFFFFFFFE21B2A6231DB
:10B9C400313357B8FFFFFFFF54B8FF3ADF660778FB
:10B9D40029380CD707FFD0083812DF1706E70DFF08
:10B9E4004235FC74DF4807E704FF5310C709E70B2F
:10B9F400380EFC36788C380CDF1306E70DFF0B0F7E
:10BA0400DF3706E704DF1206E704380FDF2708E70D
:10BA1400053810DF4309E70B380EFCB5FF2D083855
:10BA240012DF4609E70B380EDF1B0AE708FF45FF64
:10BA3400FFFFFFE31B2A623132385778FFFFFFFF15
:10BA440040381278FF253812FF7425FF1E49DF6A3B
:10BA54000AE70DFF3810FF1203FF0B49DF6305E708
:10BA640003FF0106FF4008380EFF1103FF0B24FFFC
:10BA74000D0F380DDF2405E703FF012F784E380C36
:10BA8400FF200EFF0912380DFF3306380ECF06E7EC
:10BA940006DF3807E709FF650F380DDFA305E70365
:10BAA400FF010BC70AE70DFF690F380DDF1909E71E
:10BAB4000CFF1503FF0BFFFFFFFFF71B2A6231305A
:10BAC40035579FFFFFFF740686860AF8CCFF670789
:10BAD400F8BFFF6207382BFF0C08FFBB09877FFF05
:10BAE400FF10380FDF1505E713FF0112DF8F07FF83
:10BAF4002D18FF3E0BDF6807E711FF4041DF730697
:10BB0400FF1E15FF4109DF0E05E709FF450C380E3E
:10BB1400DF4107E711DF8007FF2C1CC709E7103856
:10BB24000FDF4407E711DF2809E70F1B2A623131D1
:10BB34003057DFFFFFFF731078B1B814FF74367805
:10BB44006BB8149F5E06868608C727DF1C4A9F7958
:10BB54007FFFFF14380E783EFFBC0FFF1519FF3D21
:10BB64000D380DDF5507E713380CFF2E42784F3898
:10BB74000CDF0F06E70FFF0518FF3F0BFF1A0B380A
:10BB84000DFF320EDF5107E713380CFF7E0EFF1551
:10BB94001DFF0D14380EDF4207E713380CFF27137F
:10BBA4001B2A62383657BAFFFFFF8C78AEB815DF10
:10BBB400620778ABB815DF5B08E729FF1A4BDF682B
:10BBC40007E716FF3233DF8E07FF2C1AFF3C0FFF07
:10BBD4007415FF3C437899FF021A380CFF2E0DFFB1
:10BBE400180DFF4011380DFF4E15DF7D07FF2B1D8B
:10BBF400C707E716FF6215DF2507E7151B2A623121
:10BC0400303457B8FFFFFF9078ADB81678FF20B8EE
:10BC1400169F5706868609C72AFF7C37FF1907C770
:10BC240018780DFF1205DFFF091BDF3B10FF6406C8
:10BC3400C717780BDF2B443850780CFF0D06C7115B
:10BC44009F007FFFFF1DFF3C0FFF160FFF3E13DF1A
:10BC54004E06E717380BFFAA1DC707E718380DDF94
:10BC64004006E717380BF843FF030E1B2A623938E6
:10BC740057B9FFFFFF9278ABB817DF5D07E7377856
:10BC84006EB8179F510686860CC72CDF184C38985F
:10BC9400DF2F34FF8D07C710DF121CDF3A12780C38
:10BCA400DF6118DF3945FF0B1D381D780CDF1A3BA7
:10BCB4009F3A7FFFFF11FF1411380CFF2D15380C2C
:10BCC400FF4B18DF7B07E70FFF121E782EFF5E186D
:10BCD400FF33191B2A6238305738FFFFFF9578ABC2
:10BCE400B81878FF1EB818BF3921E72EDFD507E74B
:10BCF4001BFFFF391DFF3814DF6205E71AFF3746C3
:10BD04003831DF3B067841FF3813FF1213FF3B162F
:10BD1400DF4C05E71AFFB61EC707E71BDF4E05E732
:10BD24001ADF2206E71BFF000F1B2A62373557B8BC
:10BD3400FFFFFF9678AAB819DF5807E7387870B87C
:10BD440019FF602FFF164DFF751C380CDFEA07E75B
:10BD540011788F7892380A38AC781C380CDF0906D1
:10BD6400E73DFFC218787C380ADF6A07E710FF470F
:10BD74001C380C786F380AFF21371B2A6238305779
:10BD840038FFFFFF9878AAB81ADF550878B2B81AB6
:10BD9400FF5C32FF144EFF741EDFF808FF2A1EFFFB
:10BDA4003716DF6005E71CFF35473863FF163E385A
:10BDB4000BFF2814FF1114FF3919DF4A05E71CDFB4
:10BDC4007708FF291FFF0B1EDF4C05E71CDF200649
:10BDD4001B2A62373657B8FFFFFF99BF621E781DD2
:10BDE400B81BDF5208E7397872B81BFF5834DFD329
:10BDF400063833DFE708E712FF0F1FFF3618FFC9C5
:10BE0400487853DF17067844FF3516FF0F16FF37BF
:10BE14001B380BDFE608E711FF0F1FC7063833FF97
:10BE2400A0381B2A6237345738FFFFFF9B3888F845
:10BE34001DB81BDF4F09F8B5B81BB8567838FF1288
:10BE44004FFF7320DFF509FF8A19FF6C1E380A784B
:10BE5400CD380CFF1440FF3417FF0E17FF361CFFBC
:10BE6400561E380ADF6609FF5F20FF581E380ADFB6
:10BE740010061B2A6237385778FFFFFFFF4BB81CA8
:10BE84009F4B0686860AC73A3875F81CF956383629
:10BE9400FFD0067855FFC30AC713DF0E20DF341A1C
:10BEA400780BFF4F05DF5949FF6D06DF7C18DF0D66
:10BEB40018780BDF261EFF4705FF990AC712DF0E0D
:10BEC4001FE706FF73051B2A6238325778FFFFFF0E
:10BED4006538333888F81F381C9F480686860CB8A6
:10BEE400B9781CF858DF4850389CFFF00CDF292142
:10BEF400DF331BDF6B1FDF314A3855780CFF030635
:10BF0400C741DF3219DF0C19DF341F780BDF451FFF
:10BF1400FF700CDF28203835DF561FDF2C391B2A31
:10BF24006236325778FFFFFF66FF06083819F8AC0F
:10BF3400B81B9F440686860DC73BB878F81BF85893
:10BF44007846DFCA22782CFFBE0DC71438FFFF09DC
:10BF5400780CDF10423854382DFFFF4C0DC713DF27
:10BF640044221B2A62373257FFFFFFFF671638153A
:10BF7400F8AD381B9F3F06868610C73CB87A781BFD
:10BF84007859FF310D78FF03380F780BFFB910C7CC
:10BF940015DF0C2238573892DF2F4BFF6B0638FF22
:10BFA400AFFF6910C714DF0C217844386FFF1C06FB
:10BFB4001B2A62373557F9FFFFFF8678C5B81BBFC8
:10BFC4002923E73D787CB81BB85878FF3D382DBF4E
:10BFD400A423E716FF0B23DFB7053833FF204CFFFC
:10BFE400321D380CD706E74378E4DF45053833BF04
:10BFF4004723E715FF0B227836DF47053833FF1C4C
:10C004003A1B2A62353257F8FFFFFF893811F8AF1F
:10C01400381BFF533EF87D381B3859DF2D0FDFB92D
:10C0240005E724382EFFCE17FFFE21FFFFFF8A21EC
:10C03400FF8016DF3505E724FF54211B2A623436BE
:10C0440057F8FFFFFF8B3810F8B0381AFF513FF84C
:10C054007F381A3859DF2B10FF6129787F380DFF9C
:10C06400CC18FFFFBD45BF0C07E744FFFFE7171BD4
:10C074002A6234325778FFFFFF8DFF97283818FF64
:10C084004F40F9813818FF261038173843B8FF2776
:10C09400FFC91978FFFF0CFF1A4538F3FFEE181B90
:10C0A4002A6234325778FFFFFF8E380FF8B43817FE
:10C0B400FF4C42F8843817FB3EDF3F1238FF02780A
:10C0C40010B80FFFC51BFFFFFFFFFF601A387E1B70
:10C0D4002A6234335778FFFFFF8FFF942DFF6443A8
:10C0E400F886F85C38113843B8FF2AFFC21C78FF81
:10C0F400FF0DFF184678E5FFF91BDFFF1005E73B4E
:10C104001B2A6236345778FFFFFF90FF6C563814B1
:10C11400FF4944F8883814F8443810DF2615DFB591
:10C1240005E726781FB912FFBE1DDFF03D78D3FF67
:10C1340016348706868618FFFF1F3DDF6C1CFF340C
:10C1440005C726FF453D1B2A6234345778FFFFFF9D
:10C1540091F8CA3813FF4547F88A3813F845DF3792
:10C164001678FF16B914FFB8209FFFFF5E06868677
:10C174001F9FFFD17FFFFF1F1B2A6234375738FFF1
:10C18400FFFFA278BBFF5949788C785D380E78336D
:10C19400380C78FF16B816FFB42278FFFF0FFF148F
:10C1A4002B87068686229FFFCF7FFFFF211B2A62F3
:10C1B40034355778FFFFFF92F8CC3811FF404BF825
:10C1C4008D38117847DF3406E078FF27B817FFB0C1
:10C1D400249FFFFF58068686259FFFCD7FFFFF2300
:10C1E4001B2A6234365778FFFFFFFF65FF504F78F4
:10C1F4008F785C380D7833380C78FF17B818FFAA9D
:10C204002878FFFF10FF122787068686279FFFC91D
:10C214007FFFFF271B2A6234395778FFFFFF93F80B
:10C22400CE380FFF3654F890380F7848DF3106E3E4
:10C2340078FF27B919FFA22D78FFFF11FF10268779
:10C24400068686299FFFC47FFFFF2C1B2A62343297
:10C254005738FFFFFFA378C0FF33697892386BDF4C
:10C264001F073811F8FF18381AFF8C429FFFFF523E
:10C274000686862B9FFFAF7FFFFF411B2A62343364
:10C284005778FFFFFFFF69380E78FF29380E78488A
:10C29400FD3E380CF8FF19B819FFFFFF0F0DDFC181
:10C2A4000CDF282CFFFF6434FFFF57081B2A62337E
:10C2B400395778FFFFFF9478D178FF3BDF8B07F87D
:10C2C400FF323819FFFFFF0D0E38D69F25068686EC
:10C2D4002EDFFF6335DFFF56091B2A623337577899
:10C2E400FFFFFFFFFFFF08FF3C00380CF8FF1CB8FE
:10C2F40018FFFFFF0A0FDFC00EDF242FFFFF623697
:10C30400FFFF550A1B2A6234315778FFFFFFFF6B8A
:10C3140078FF3B3869DF1C06E701F8FF2E3818FF69
:10C32400FFD344DFBF10DF220FE70AFFFF3B6BFFA1
:10C33400FF203F1B2A6232345738FFFFFFFF7C384F
:10C34400FF3B7891380CF9FF1F38FFFFFF16FF35CC
:10C354000E1B2A6233315778FFFFFFFF6C78FF3BD7
:10C364007859DF2A06E703F8FF323814DFFFFFE1CC
:10C3740012DF2009E7111B2A62323957FFFFFFFF42
:10C38400FFFF6340DF86077809380CF9FF23381272
:10C3940038FFFFFBDF1E08E7131B2A623436577889
:10C3A400FFFFFFFF6D38AEDF31057846FF94063896
:10C3B4000C38BBDF2A05E726DFFFFFF314DF1D0877
:10C3C400E714DFE50638FF55DF2A05E70E1B2A626E
:10C3D400333457DFFFFFFFFFFFFF3507F8FF463811
:10C3E4000F78FFC2DFFF1716FF2C15FFF30D78201F
:10C3F40078FF9338601B2A6233345778FFFFFFFFBE
:10C40400FF12FFFF2E08380C78AC7877380FF8FF4E
:10C41400FFEA380CFF2A1678FFFF3F78D71B2A6201
:10C42400333057DFFFFFFFFFFFFF3407F8FF4A38C1
:10C43400FFE0DFFF0806DF2C06E71738FF3B38FF75
:10C44400931B2A62333157FFFFFFFFA34638FF2BAC
:10C45400DFFF0E07E70A380C78FF2ADFFFFFEA0642
:10C46400E2380CFF27181B2A62333257DFFFFFFF25
:10C474009406DFFFAD05E742FF910B380DFFF32E65
:10C48400FCFFFFF7DFFF3F06FFFF910F1B2A62331C
:10C494003757DFFFFFFFFFFFFF3207781138C9DF8F
:10C4A40028057834380BDFFFFFD8063812FFFF3D2C
:10C4B4000E38FF41DF28051B2A6234355778FFFF09
:10C4C400FFFFFF13380BDFE206E711FF0C0D380DF9
:10C4D40078AA78FFFF50FEFF21380CDF1605E71914
:10C4E40078FF2E78FF0E788138601B2A6233365726
:10C4F400FFFFFFFFFF7C0CDFBE06FF560CDF5D076E
:10C50400781378FF3B38FFDDDFFF040638FF9D38E2
:10C51400FF9378441B2A62353057DFFFFFFF9306F1
:10C52400E747DF7706FFE142C706FF8110380C3882
:10C53400B8DF2606DFFFFFFF1E06E701380C38FFD1
:10C5440005DF230638FF59DF2606389F1B2A62338E
:10C55400345738FFFFFFFFFF23DF2B06DFA307DF7E
:10C564001507FFFF1A31FFFFFFF203380C38FF05F0
:10C57400FFFFC5101B2A62343857DFFFFFFF920705
:10C5840078FF6EDFFF1707E712380C38B8DF240690
:10C5940038FFFF19DFFF010638FF22DF2006E70F0F
:10C5A400383038FF0FDF2406384A1B2A62363257E8
:10C5B400FFFFFFFFA148DF7606E70D388FDF29066E
:10C5C400E742C706E70DDF3307E70F383878A8FFDF
:10C5D400413278FFD0DFFF0E06E705380C38FF063E
:10C5E400786B78FF0EFF411178237852380B1B2AA1
:10C5F40062353757DFFFFFFF910778FF70380CDF94
:10C604002707DFCA07E71438C8DF2206386A38FF6D
:10C61400763832DFFF710638B2DF1D07384938FF3C
:10C624000FDF2206384C997906868678221B2A6207
:10C63400373957DFFFFFFF90089E1D068686F96E87
:10C64400FF2A0778A7DF3512E1FF2A07FF4807C74B
:10C654000FDF0C15780D38A8FF3006C73338FFD12B
:10C66400FFFF0C06C707780CFF400778B3DF2B10D9
:10C67400382338FF0EFF3006C71238247861FA21B8
:10C68400FE4E1B2A62373957DFFFFFFF8F08E7167C
:10C694008706868603F86FFF2707C70E3881FF35A4
:10C6A40007F81BFF2707C70EFF3108FF1407381BC5
:10C6B40078C8FF6A0678FFD238FF1C780C781FFF11
:10C6C4001B0878B4FF1A07784B78FF0F788038433B
:10C6D400780CFC1FFF4B031B2A6238335799FFFF6A
:10C6E400FF60068686FF2808C716E705FE6AF8E19C
:10C6F400FF2207C712E6FF7F08C70EE707C71778B0
:10C704000D78B8FF1E07DF460E38FFAE780BFFFA30
:10C7140006C709FF4D0978B5FF1807C711382478F3
:10C724000B78FF0FFF1E073840780BFE73FF4A0596
:10C734001B2A6231303457B8FFFFFF63DF2509DF5E
:10C744001B07B871DF2207E70F7882380EDF200855
:10C75400B820DF2207E70F9F2E0686860A38443862
:10C76400B8780DFF1C07C70DE13845780B38FF6713
:10C77400780B7834FFF806C70B780C3810780BFF69
:10C78400180A78B6787838FD780DFF1C07C7137837
:10C79400353842780CFF1B003813780BFF23071B36
:10C7A4002A62383957DEFFFFFF5FDF2209E716B838
:10C7B400839F1E0686860978ADFF1D09C713F807F7
:10C7C400FF1E09FF440BC70EE707C71A780C78B998
:10C7D400FF1A07C70EF800FF1D0678FFD6F926FFDB
:10C7E400FF3C0B78B7FF1408C7127835F92678E2B6
:10C7F400FF1A07C7147836F9267826FF18021B2A71
:10C804006231313557B8FFFFFF679F1E0686860BDE
:10C81400FF1B09F874FF1B09C7103883F80FFF1AB0
:10C8240009C714F809FF1B09C710FF2A0D785738E8
:10C83400A7F80EFF1609FE13FF1A06C710780C7826
:10C84400FF763824780DFD22FFC906C70D780C78D1
:10C854001FFF140D78B8FF12093840780DFD2238F7
:10C86400D0F80EFF16093843780DFD223815F80D5F
:10C87400FF15037823FF21091B2A6231313057B990
:10C88400FFFFFF699F190686860CC716F988FF16F5
:10C894000B389DF810FF160BF928FF160BFF3F10FD
:10C8A400C70EE707C71C38B8780FFF130AC70EF87E
:10C8B40005FF170738FFC8F80DFF1E00FFC807382B
:10C8C40013780C380F780CFF120EF8B9FF0F09C754
:10C8D400133826F80DFF1E0038D1780FFF130AC74E
:10C8E400153827F80DFF1E007828FF12051B2A6251
:10C8F40031323957B9FFFFFF6C9F140686860DC786
:10C9040017F98BFF110CC7113885F811FF110DC7EA
:10C9140015F90EFF110CC711FF0B2AC70EE707C745
:10C924001D780DF9BBFF0E0BC70FF807FF1407C7DF
:10C9340012F80CFA0938FF55F80CFA093814780E75
:10C94400FF1A03FF8624DF210F7830FF0F10F8BB96
:10C95400FF0B0B3843780EFF1A03F9E5FF0E0BC7E4
:10C96400163828780EFF1A033816F80FFF0E07380A
:10C9740014F80CFA091B2A6231313457BBFFFFFF4C
:10C984006F9F0A06868611C718FA8EFF090FC71211
:10C99400FA9CFF0910C716FA11FF090FC712DF3DF1
:10C9A4000F383338B8F912FF080EF921FF0F09F8D0
:10C9B40029FE04F8FF66FE04F926FF130778B3FF87
:10C9C4001006C711780CF820FF0B12F9BDFF050DF6
:10C9D400C714F93AFF130738D2F912FF080EF95AAF
:10C9E400FF13073817F910FF070BF826FE041B2A5C
:10C9F4006231313157BFFFFFFF741DE719BF921A2F
:10CA0400E7137886BF161BE717BF151AE713FF3C19
:10CA14000FC707E71F380D78A8BF1418E710BA0C22
:10CA24009F070686860CC713FF1006FFFF680638AB
:10CA340014FA11FF0A0C78B4FF0E077827380EF9A0
:10CA44000FFF0515FFC014C7153828FA11FF0A0C8B
:10CA540038D3FF1418C7173829FA11FF0A0CFF2E10
:10CA640015FF28061B2A62373657FFFFFFFF991A66
:10CA7400FFB4147887FF3818FF3714FF3B1078355C
:10CA8400380D78A8FF3311BF1016781978FF76781F
:10CA940036BF1419FFD513781FBF11106078BAFF81
:10CAA4002A167829BF141978D4FF3318782ABF14AA
:10CAB400197818FF2F111B2A62363157FFFFFFFF29
:10CAC400981B787AFF35157888FF361AFF3515FFDD
:10CAD4003A10C707E72178BAFF3112FF2E1578FF05
:10CAE400B1DFFD073829F83B78BB787578FF0EFF76
:10CAF4003119782B7851FF2D121B2A62363657FFD5
:10CB0400FFFFFF971C787BFF33167889FF341CFFE7
:10CB14003316FF38127837380D78A9FF2F13FF2DFD
:10CB24001778FF767837FFFF0C15781FF92778BC44
:10CB3400FF2717782B78FF0EFF2F1A782C7851785F
:10CB4400471B2A6237365778FFFFFF5FFF331D7894
:10CB54007CFF3117F88AFF301FFF3117FF3712C7E8
:10CB640007E72378BBFF2D15FF2B1878FFB2FF32A0
:10CB740010DFAC06E717380C780FFA25F8BDFF2450
:10CB840018782CFF32377898FF2D1B782DFF321739
:10CB9400FF29151B2A6237325778FFFFFF60FF30E9
:10CBA4001F787DFF2E19788CFF2E21FF2E19FF355B
:10CBB40013C7087829380D78AAFF2A18FF291A788C
:10CBC400FF767838DFF807382D780FFB2378BFFF1E
:10CBD4002219782D78FF0EFF2A1D782E7851FF2711
:10CBE400171B2A6238355778FFFFFF61FF2E21FF9C
:10CBF4000D1CF848FF2B1AF88DFF2A25FF2B1AFF6E
:10CC04003315FF0D26F8BBFF261BFF261D78FF7684
:10CC1400F838FF2D12FFBA197820FD2078C0FF1FC5
:10CC24001BF82EFF2D39F89AFF261FF82FFF2D1C15
:10CC3400FF231A782CFF0DFFFFFFFFBF1B2A62386A
:10CC44003757F8FFFFFF62FF2924F87FFF271CF8FE
:10CC54008FFF2629FF271DFF2F17C707E727380D4A
:10CC640078ACFF241DFF241FFF193478FF1DFF1922
:10CC740019FF29147860DF4607382F7810FE1EF854
:10CC8400C1FF1B1DF830FF293B789CFF2420F8319D
:10CC9400FF291FFF201DFF190A1B2A62393057F98B
:10CCA400FFFFFF64FF2427FF0B1DF84CFF231EF832
:10CCB40091FF222DFF2320FF2A1B783DF8BDFF2082
:10CCC40022FF1F2278FF76F83AFF24177861FF3796
:10CCD40005FF0C1BF821FF1A0178C3FF191EF83257
:10CCE400FF243EF89DFF2022F833FF2424FF1D1F5C
:10CCF400782BFF0BFFFFFFFFC01B2A62393657F961
:10CD0400FFFFFF67FF1F2AFF091EF94EFF1D21F8D1
:10CD140093FF1E32FF1D24FF2420FF0C29F9BFFFBF
:10CD24001B26FF1A27FF1535F8FF1FFF151EFF1FCF
:10CD34001A7862FF3506FF0B1DF822FF1603F8C4AC
:10CD4400FF1520F834FF1F41F99FFF1B24F835FF1E
:10CD54001F29FF1824FF150DFF09FFFFFFFFC11B4B
:10CD64002A6231333057FAFFFFFF6AFF1730FF059D
:10CD740022FF0743FF1626FF0787FF163AFF16799F
:10CD8400FF082DFF0935FF072DFF0729FF142EFF8C
:10CD9400142BFF103AFF0746FF0727FF0715FF076D
:10CDA40020FF0722FF1025FF1720FF079AFF082006
:10CDB400FF0814FF1008FF0514FF071EFF071EFFDE
:10CDC4000713F917FF0F25FF0728FF1747FF07452C
:10CDD400FF073BFF1428FA37FF1730FF1229FF1013
:10CDE40012FF05FFFFFFFFC31B2A62363457FDFF06
:10CDF400FFFF6EFF0AC5FF0BCBFF0A46FF0BFF8C3C
:10CE0400FF0938FF0A34FF08FF66FF082EFF0CFFF6
:10CE140034FF08B9F91AFF076AFF0CF9FF092DFB63
:10CE24003BFF0C3BFF0832FF08FFFFFFFFEA1B2A12
:10CE340062323657FFFFFFFF75FFFFFFFFFFFFFF63
:10CE4400FF24FF1DFFC8FF40FFFFFFFFFF8F1B2ACA
:10CE54006230571B2A6230571B2A6230571B2A62E2
:10CE640030571B2A6230571B2A6230571B2A623004
:10CE7400571B2A62323357DFFFFFFFFFFFFFFFFF1D
:10CE8400FFFFFFFFFF9305E7FFFFFFFFFFC51B2A1F
:10CE94006230571B2A6230571B2A6230571B2A62A2
:10CEA400313657DFFFFFFFFFFFFFFFFFFFFFFFFFED
:10CEB400FF92061B2A62313657DFFFFFFFFFFFFF99
:10CEC400FFFFFFFFFFFFFF91071B2A62323157FF6D
:10CED400FFFFFFFFFFFFFFFFFFFFFFFFFFA0FFFFBD
:10CEE400FFFFFFC61B2A623139579FFFFFFFFFFF79
:10CEF400FFFFFFFFFFFFFFFF8F068686081B2A62E6
:10CF04003139579FFFFFFFFFFFFFFFFFFFFFFFFFC9
:10CF1400FF8D0686860A1B2A623236579FFFFFFF63
:10CF2400FFFFFFFFFFFFFFFFFFFF8306868613C798
:10CF3400FFFFFFFFFFC71B2A62313657DFFFFFFFEA
:10CF4400FFFFFFFFFFFFFFFFFFFF82141B2A623278
:10CF54003157FFFFFFFFFFFFFFFFFFFFFFFFFFFF53
:10CF64009EFFFFFFFFFFC81B2A6230571B2A623255
:10CF74003157FFFFFFFFFFFFFFFFFFFFFFFFFFFF33
:10CF84009DFFFFFFFFFFC91B2A62323157FFFFFFDE
:10CF9400FFFFFFFFFFFFFFFFFFFFFF9CFFFFFFFF00
:10CFA400FFCA1B2A62323157FFFFFFFFFFFFFFFF5B
:10CFB400FFFFFFFFFFFF9BFFFFFFFFFFCB1B2A626B
:10CFC400323157FFFFFFFFFFFFFFFFFFFFFFFFFFB0
:10CFD400FF9AFFFFFFFFFFCC1B2A62323157FFFF8E
:10CFE400FFFFFFFFFFFFFFFFFFFFFFFF99FFFFFFB3
:10CFF400FFFFCD1B2A6232335778FFFFFFFFFFFF8D
:10D00400FFFFFFFFFFFFFF82FF11FFFFFFFFFFCFC7
:10D014001B2A6232335778FFFFFFFFFFFFFFFFFF3A
:10D02400FFFFFFFF83FF0EFFFFFFFFFFD11B2A62FD
:10D03400323557F8FFFFFFFFFFFFFFFFFFFFFFA29F
:10D04400FF07FFCFFF07FFFFFFFFFFD51B2A623259
:10D054003157FFFFFFFFFFFFFFFFFFFFFFFFA4FFAD
:10D06400FFFFFFFFFFFFC21B2A623738591B2A62EA
:10D074003138579FFFFFFFFFFFFFFFFFFFFFFFFF59
:10D08400007FFF80011B2A623137579FFFFFFFFF9C
:10D09400FFFFFFFFFFFFFFFD7FFF80051B2A6230BC
:10D0A400571B2A6230571B2A623231579FFFFFFFFA
:10D0B400FFFFFFFFFFB17FFF8000FFFFFFFFFFD9EE
:10D0C400001B2A623231579FFFFFFFFFFFFFFFFF64
:10D0D400AF7FFF8004FFFFFFFFFFD5041B2A6232EE
:10D0E40039579FFFFFFF867FFF8005FFBF03FFFFC8
:10D0F4003003FFFFFFFF0906FFFFFFFFFFD3061BFF
:10D104002A623333579FFFFFFF817FFF800FFFB6F3
:10D114000CFFA801FF3701FF2D0CFF7C03FF310238
:10D12400FF3C01FF33011B2A623631579FFFFFFF8B
:10D134007D7FFF8017FF552BFF2214FF2519FF5811
:10D1440005FF3305FF2714FF261BFF2A06FF2D05C5
:10D15400FF3905FF2F05FFFF1E19FF6908FFFF694F
:10D164002EFFFFFF4119FFC7081B2A623432579F65
:10D17400FFFFFF7B7FFF801BFF522DFF1F19FF2145
:10D1840020FFCC19FF22227833FF2B07FFFFA620B4
:10D19400FFFFDF30FFFFFF3F201B2A623430579F21
:10D1A400FFFFFF797FFF801FFF4F2FFF1C1DFF1E16
:10D1B40024FFC71DFF1F26DF6E33FFFF6A24FFFF16
:10D1C400DB32FFFFFF3D241B2A623432579FFFFFEF
:10D1D400FF777FFF8021FF4E30FF1A21FF1B28FFBE
:10D1E400C221FF1C29782FFF2907FFFFA528FFFF75
:10D1F400D733FFFFFF3C281B2A623331579FFFFFC1
:10D20400FF757FFF8024FFA223F84BFFBF23F84D57
:10D21400381DF8FFFF23F8FFFFFFFF821B2A62334C
:10D224003557DFFFFFFF74259FA07FFF8026F84C52
:10D23400FFBB26F84E782CFF2707C734F8FF9CF86D
:10D24400FFFFFFFF821B2A623335579FFFFFFF72E8
:10D254007FFF8027FF9F28784DFFB928784F381B20
:10D26400780DDF353578FF9E78FFFFFFFF831B2A9B
:10D2740062323857DFFFFFFF7128DF9E2AB84DDF87
:10D28400B62AB84FDF5307B8FFDDB8FFFFFFFF82B0
:10D294001B2A62343657DFFFFFFF7029DF9D2B38CE
:10D2A4004FDFB42B38517819380DDF2307E7369F49
:10D2B400FF0B7FFF80017889FFDF0178FFFFFF9676
:10D2C400FFFF83011B2A62343657DFFFFFFF6F2AFB
:10D2D400DF9C2C3850DFB22C385278199FFF8E7F98
:10D2E400FF800578883854DF0C6FE70578FFFFFF6F
:10D2F4009538B2DF0CB4E7051B2A62333957DFFFD8
:10D30400FFFF6E10E703FF940EFF14013865FFC89A
:10D314000138673829DF2107E73738FFA3FFFFFF0C
:10D3240009FF9138DC1B2A62343557DFFFFFFF6D9C
:10D334000DE70CFF8E0EC70BE7093862DFAF0BE772
:10D3440009788038FFFF297853FF0A70FFFF29FF0F
:10D354009238DD78B1FF0AB51B2A62353957DFFFF1
:10D36400FFFF6C0CE711FF6237FF0F0EFF320B3823
:10D3740017FFC00EFF330D38153829DF1F07E738B4
:10D38400FFFF770B3817F853FF0672FFFCFFBEFF51
:10D39400B00B3817F8B1FF06B71B2A62353257FFB6
:10D3A400FFFFFF7F16FF0048DF4A09E711FB4438FF
:10D3B40013DFAC09E711FA4738127818380DFF2D3E
:10D3C40039FBFF8B3813FF547BFBFFFFFF8C3813B3
:10D3D400FFB2C01B2A62333657DFFFFFFF6B09E73A
:10D3E4006CDF4908E715F847DFC008E715F8497806
:10D3F4002DDF2D07F8FFD2F8FFFFFFFF821B2A6203
:10D40400333857DFFFFFFF6A09E76DF878F84738CC
:10D4140010F8D9F849380F3829FF2B3AF8FF923819
:10D4240010F8FFFFFFFF6E38101B2A62333657FFD8
:10D43400FFFFFF7B6EFF5919FF0212F828FFCC197A
:10D44400FF02137829782BDF2B07F8FFD7F8FFFFAB
:10D45400FFFF821B2A62343057DFFFFFFF6908E7B2
:10D464006FFF581C7848380EFFB81C7849383BDFEA
:10D474001907E73B78FF96380E78FFFFFFFF7138F6
:10D484000E1B2A62343057DFFFFFFF6808E770DFA6
:10D494004807FF2215782BDFB907FF2216782B38AF
:10D4A4000D7819FF383C78FF9778FFFFFFFF831B47
:10D4B4002A62333657FFFFFFFF7871FF573B782C02
:10D4C400380DFFB63C782C383ADF170778FFDD3883
:10D4D4000D78FFFFFFFF72380D1B2A62313757DFCB
:10D4E400FFFFFF6707E77278FFFF39380DFF253D1F
:10D4F4001B2A62323557FFFFFFFF767378CB78FF24
:10D504003C782ADF250778FFDF78FFFFFFFF831BC6
:10D514002A62343057DFFFFFFF6607DFC306E73CAC
:10D52400782E380CDFA506E73D383D382BFF233E27
:10D5340078FF9A380C78FFFFFFFF73380C1B2A62C0
:10D54400313357FFFFFFFF757478FFFF3BDF23077D
:10D554001B2A62313757DFFFFFFF650778FFFF8A19
:10D56400383BDF1107E73F1B2A62323357FFFFFFC7
:10D57400FF747578CD78FF6AFF304078FF9B78FFA1
:10D58400FFFFFF831B2A62323357FFFFFFFF7376CF
:10D5940038DD38FF6BDF0F0738FFF438FFFFFFFF7C
:10D5A400831B2A62363357DFFFFFFF640678FFFFD1
:10D5B400BC380DFF1D419F817FFF8004FF4203FFA4
:10D5C400FC00FF5B00FF8203FF4A00FFED04FF4EF7
:10D5D40001FF2400FF4D02FF6B03FFCB00FF2D046E
:10D5E400FF7503FF46021B2A6239335778FFFFFF9A
:10D5F400FFC478FF6BDF1D079FC67FFF800FFF38D6
:10D604000C38B4FF2400FF0C06FF1001FF1B00FFC1
:10D614001009FF780DFF2A00FF0C06FF8203FF2488
:10D6240001FF220EFF2B00FF0F09FF1C08FE29FF3C
:10D634001209FF620D3884FF2300FF0C06FF250F3B
:10D64400FF2F01FF2E0DFF3C0B1B2A623130335795
:10D65400FFFFFFFF7277385638FF3B38B5FF1B4298
:10D664009F797FFF8015FF3212FF1226FF9303FF7D
:10D67400090AFF0C05FF1703FF0C0EFF1D26FF24EC
:10D6840013FF2503FF090AFF7F05FF2105FF1C1671
:10D69400FF2503FF0C0DFF180DFF2403FF0D0FFFE3
:10D6A4005C13FFA603FF090AFF2015FF2A05FF29C3
:10D6B40013FF3612FF12261B2A62373757DFFFFF8C
:10D6C400FF630678FFFFBFDF1B079FC27FFF801A3F
:10D6D400FF2D1678E1FF070C783FFF0912FF6E1843
:10D6E400782FFF070CFF7D07FF1F06FF191B782FFC
:10D6F400FF0911FF1411FF3C13FF571878B0FF07FF
:10D704000CFF1D1AFF5E18FF32161B2A62373457AE
:10D7140038FFFFFFFFFFFF46FF19439F757FFF8020
:10D724001DFF2A1AFF0D28FFA80DFF4B15FF18280F
:10D73400FF1F1AFF380D387D780CDF2C12E71FFF0E
:10D744003814FF1114FF3916FF551AFFB90DFF1BCA
:10D754001DFF5C1AFF2F1AFF0D281B2A623733574F
:10D76400FFFFFFFF71787847380C78FF2B380C786F
:10D77400A5DF1906E7449F737FFF8021FF271CFF65
:10D78400E60FFF4918FF681EFF340FFFAE06FF16B1
:10D7940022FF3617FF0E17FF3619FF511EFFB50F74
:10D7A400FF1921FF581EFF2B1D1B2A62373057DF3C
:10D7B400FFFFFFFFFFFF0306E71D380CDF0707DF4E
:10D7C400BF249F237FFF801FFFE410FF481AFF65DB
:10D7D40022FF3110387E780CDF2A0FE725FF331A39
:10D7E400FF0B1AFF331CFF4E22FFB210FF1824FF59
:10D7F4005422FF28201B2A62363557DFFFFFFF62C1
:10D804000638D938FF3BFFCF459F707FFF8027FF45
:10D814002121FFE211FF461DFF6324FF2F11FFADFD
:10D8240006FF1328FF311CFF091CFF311EFF4C2487
:10D83400FFB011FF1627FF5224FF25231B2A62374E
:10D844003457FFFFFFFF7079385938FF3B78A5380C
:10D854000CDF0507DFBD29DF1F22DFE112DF451FD3
:10D86400DF6126DF2D12787F380CDF1906E70DC73C
:10D874002ADF2F1EDF071D9F2F7FFF8021FF4A26EF
:10D88400FFAE12FF1529FF5026FF23251B2A623500
:10D89400335778FFFFFFFF3E380E78FF29380E38E4
:10D8A400B5FF1346DF6E2BDFFF9021DF5F2838DAE8
:10D8B4003870DF2D1FDF061FDF2D23DF4828DFDF51
:10D8C4002BDF4E28DF21271B2A6237305738FFFF12
:10D8D400FFFF5138FF3BDF6D06E720DF1306E74704
:10D8E400DF6D2DDF1C23DFE013DF4323DF5D2ADF41
:10D8F4002A137880DF2706E70DC72DDF2B21DF04ED
:10D9040021DF2B25DF462ADFAB13DF132DDF4C2A63
:10D91400DF1F281B2A6239335738FFFFFFFF52DF0E
:10D924006E06E735387C38B4DFD02FDF1A0AE701FA
:10D93400DFBA06E70EDF0C14DF4224DF5C0CE701DC
:10D944003812DF28147881380CDF1506E70EFF1231
:10D9540002DF4022DF0322DF2A26DF450CE70138FD
:10D9640012DF7506E70DDF0C14DF122FDF4A0CE718
:10D97400013812DF1D291B2A6231313857DFFFFFBE
:10D98400FF610678CB381078FF273810DF6A06E786
:10D9940022DF1106E748DF6B0EE7023814FF29087F
:10D9A4007816FF2C34DF6415DF4109E5381278114D
:10D9B400FF2C10C70AE707DF3A15FFE10A380FDF2B
:10D9C4002809E43811DF0109E43811DF280BE538B0
:10D9D40012DF430AE707DFBB15DF110EE702381435
:10D9E400DF480AE707FF450138107806FF2CFFFFE0
:10D9F400FFFFE21B2A6231313357B8FFFFFFFF54A8
:10DA0400B8FF3ADF67077828380CD707FFD0083803
:10DA140012DF1706E70DFF4235FC74DF4807E70401
:10DA2400FF5310C709E70B380EFC36788A380CDF31
:10DA34001306E70FFF0B0FDF3806E704DF1206E7D4
:10DA440004380FDF2608E7053810DF4109E70B38F3
:10DA54000EFCB7FF2D083812DF4609E70B380EDF3E
:10DA64001B0AE708FF45FFFFFFFFE31B2A62313370
:10DA74003057FFFFFFFF6F7A784A381278FF253856
:10DA840012FF7524FF1E49DF6A0AE70DFF3810FFF5
:10DA94001203FF0B49DF6305E703FF0106FF40089C
:10DAA400380EFF1103FF0B24FF0D0F380DDF240583
:10DAB400E703FF012F784C380CFF2010FF091238C0
:10DAC4000DFF3406380ECF06E706DF3707E709FFF8
:10DAD400630F380DDFA505E703FF010BC70AE70D48
:10DAE400FF690F380DDF1909E70CFF1503FF0BFF62
:10DAF400FFFFFFF71B2A62313035579FFFFFFF827C
:10DB04007FFF8004F8C4FF6707F8BFFF6307382A64
:10DB1400FF0C08FFBB09877FFFFF10380FDF1505D7
:10DB2400E713FF0112DF8F07FF2D18FF3E0BDF689D
:10DB340007E711FF4041DF7106FF2015FF4209DFAF
:10DB44000E05E709FF440C380EDF3F07E711DF82BB
:10DB540007FF2C1CC709E710380FDF4407E711DF64
:10DB64002809E70F1B2A62313130579FFFFFFF7DE1
:10DB74007FFF800D38AAF814DF7436386BF814FF71
:10DB84005F08C726DF1C4A9F797FFFFF14380E7891
:10DB94003EFFBC0FFF1519FF3D0D380DDF5507E79C
:10DBA40013380CFF2E42784D380CDF0F06E711FFB7
:10DBB4000518FF400BFF1A0B380DFF310EDF4F071E
:10DBC400E713380CFF800EFF151DFF0D14380EDF10
:10DBD4004207E713380CFF27131B2A623933579F78
:10DBE400FFFFFF797FFF801538A7F815FF6207381C
:10DBF400ABF815FF5C08C728DF1A4BFF6807C71688
:10DC0400DF3233FF8E07DF2C1ADF3C0FDF7415DFA2
:10DC14003C4338999F027FFFFF1A380CFF2F0DFFFA
:10DC2400180DFF3F11380DFF4C15DF7F07FF2B1D2B
:10DC3400C707E716FF6215DF2507E7151B2A6231C0
:10DC44003035579FFFFFFF767FFF801A38A6F816FE
:10DC540038FF20F816FF5809C729FF7C37FF19073A
:10DC6400C718780DFF1205DFFF091BDF3B10FF64A7
:10DC740006C717780BDF2B44384E780CFF0D06C708
:10DC8400139F007FFFFF1DFF3D0FFF160FFF3D1386
:10DC9400DF4C06E717380BFFAC1DC707E718380D34
:10DCA400DF4006E717380BF843FF030E1B2A6239DF
:10DCB40039579FFFFFFF747FFF801D38A6F817FFB9
:10DCC4005D07C737386EF817FF520CC72BDF184CA7
:10DCD4003898DF2F34FF8D07C710DF121CDF3A128C
:10DCE400780CDF6118DF3945FF0B1D381B780CDF1A
:10DCF4001A3D9F3B7FFFFF11FF1411380CFF2C15B9
:10DD0400380CFF4918DF7D07E70FFF121E782EFF3E
:10DD14005E18FF33191B2A623837579FFFFFFF72C3
:10DD24007FFF802138A5F81838FF1EF818FF3A2124
:10DD3400C72DFFD507C71BDFFF391D9F387FFFFFA6
:10DD440014DF6205E71AFF37463831DF39067843B6
:10DD5400FF3913FF1213FF3A16DF4A05E71AFFB81B
:10DD64001EC707E71BDF4E05E71ADF2206E71BFF86
:10DD7400000F1B2A623739579FFFFFFF707FFF8018
:10DD84002438A5F819FF5807C7383870F819DF6127
:10DD94002EDF164DDF751C780CFFEA07C711388F8C
:10DDA4003892780A78AC381A780CFF0906C73FDF36
:10DDB400C218387A780AFF6C07C710DF471C780C42
:10DDC400386F780ADF21371B2A62383157DFFFFFAB
:10DDD400FF603578A5B81ADF550878B2B81AFF5D28
:10DDE40031FF144EFF741EDFF808FF2A1EFF37169A
:10DDF400DF6005E71CFF35473861FF1640380BFF2D
:10DE04002914FF1114FF3819DF4805E71CDF7908CE
:10DE1400FF291FFF0B1EDF4C05E71CDF20061B2A12
:10DE24006237365738FFFFFF9EBF5E1E781DB81B52
:10DE3400DF5208E7397872B81BFF5933DFD306384D
:10DE440033DFE708E712FF0F1FFF3618FFC94878D2
:10DE540051DF17067846FF3616FF0F16FF361B38BC
:10DE64000BDFE608E711FF0F1FC7063833FFA038A2
:10DE74001B2A6237345738FFFFFF9F3884F81DB8D8
:10DE84001BDF4F09F8B5B81BB8577837FF124FFF9F
:10DE94007320DFF509FF8A19FF6C1E380A78CB3826
:10DEA4000CFF1442FF3517FF0E17FF351CFF541EDD
:10DEB400380ADF6809FF5F20FF581E380ADF1006A2
:10DEC4001B2A6237395738FFFFFFA078A6B81C9F7A
:10DED4004B7FFF800AC73A3875F81CF9573835FF6D
:10DEE400D0067855FFC30AC713DF0E20DF341A7833
:10DEF4000BFF4F05DF5949FF6B06DF7F18DF0D1855
:10DF0400780BDF251EFF4505FF9B0AC712DF0E1F96
:10DF1400E706FF73051B2A62383357FFFFFFFF80B4
:10DF24000138143883F81F381C9F487FFF800CB8D1
:10DF3400B9781CF859DF4750389CFFF00CDF2921D1
:10DF4400DF331BDF6B1FDF314A3853780CFF0306C6
:10DF5400C743DF3319DF0C19DF331F780BDF431F8F
:10DF6400FF720CDF28203835DF561FDF2C391B2ABF
:10DF740062353857FFFFFFFF7B0AF8BCB81B9F448C
:10DF84007FFF800DC73BB878F81BF8597845DFCA86
:10DF940022782CFFBE0DC71438FFFF07780CDF1062
:10DFA400443855382DFFFF4B0DC713DF44221B2A7D
:10DFB40062373257FFFFFFFF780F380FF8A9381B7D
:10DFC4009F3F7FFF8010C73CB87A781B785AFF3098
:10DFD4000D78FF03380F780BFFB910C715DF0C223B
:10DFE40038573892DF2F4BFF690638FFAFFF6B10AD
:10DFF400C714DF0C217844386FFF1C061B2A6237D4
:10E004003857FFFFFFFF7612380F78AAB81BBF29D5
:10E0140023E73D787CB81BB85978FF3C382DBFA462
:10E0240023E716FF0B23DFB7053833FF204CFF32FD
:10E034001B380CD706E74578E4DF43053833BF497E
:10E0440023E715FF0B227836DF47053833FF1C3AE8
:10E054001B2A62353157FFFFFFFF7415F8BD381BCB
:10E06400FF533EF87D381B385ADF2C0FDFB905E724
:10E0740024382EFFCE17FFFE21FFFFFF8821FF82E9
:10E0840016DF3505E724FF54211B2A62343557FF78
:10E09400FFFFFF7219F8BD381AFF513FF87F381A95
:10E0A400385ADF2A10FF6129787F380DFFCC18FF1A
:10E0B400FFBD43BF0C07E746FFFFE7171B2A623487
:10E0C4003557FFFFFFFF701B380DFF80283818FFFE
:10E0D4004F40F9813818FF271038173842B8FF2706
:10E0E400FFC91978FFFF0AFF1A4738F3FFEE181B20
:10E0F4002A62343157FFFFFFFF6F1DF8C13817FF45
:10E104004C42F8843817FB3FDF3E1238FF02781088
:10E11400B80FFFC51BFFFFFFFFFF601A387E1B2AE5
:10E1240062343257FFFFFFFFFF282DFF6443F88658
:10E13400F85D38113842B8FF2AFFC21C78FFFF0B84
:10E14400FF184878E5FFF91BDFFF1005E73B1B2AA2
:10E154006236365778FFFFFF95380CFF5756381450
:10E16400FF4944F8883814F8453810DF2515DFB521
:10E1740005E726781FB912FFBE1DDFF03D78D1FFF9
:10E184001636877FFF8018FFFF1D3DDF6E1CFF34AE
:10E1940005C726FF453D1B2A62343357F8FFFFFFAE
:10E1A400FF603813FF4547F88A3813F846DF361600
:10E1B40078FF16B914FFB8209FFFFF5E7FFF801F12
:10E1C4009FFFD17FFFFF1F1B2A6234375778FFFF61
:10E1D400FF9678C7FF5949788C785E380E783238C4
:10E1E4000C78FF16B816FFB42278FFFF0DFF142D2C
:10E1F400877FFF80229FFFCF7FFFFF211B2A62348E
:10E204003457F8FFFFFFFF633811FF404BF88D3898
:10E21400117848DF3306E078FF27B817FFB0249F52
:10E22400FFFF587FFF80259FFFCD7FFFFF231B2A21
:10E234006234365778FFFFFFFF65FF504F788F78C1
:10E244005D380D7832380C78FF17B818FFAA287893
:10E25400FFFF0EFF1229877FFF80279FFFC97FFFE3
:10E26400FF271B2A6234395738FFFFFFA6F8BB3853
:10E274000FFF3654F890380F7849DF3006E378FF03
:10E2840027B919FFA22D78FFFF0FFF1028877FFF02
:10E2940080299FFFC47FFFFF2C1B2A6234325778EA
:10E2A400FFFFFF9778CCFF33697892386CDF1E0745
:10E2B4003811F8FF18381AFF8C429FFFFF527FFF76
:10E2C400802B9FFFAF7FFFFF411B2A6234335778B7
:10E2D400FFFFFFFF69380E78FF29380E7849FD3DAE
:10E2E400380CF8FF19B819FFFFFF0F0DDFBF0CDF63
:10E2F4002A2CFFFF6236FFFF57081B2A6233385768
:10E3040078FFFFFFFF6A78FF3BDF8B07F8FF3238A7
:10E3140019FFFFFF0D0E38D49F277FFF802EDFFFEC
:10E324006137DFFF56091B2A6233385778FFFFFF36
:10E334006078FFFFA4FF3B00380CF8FF1CB818FFFF
:10E34400FFFF0A0FDFBE0EDF262FFFFF6038FFFF3F
:10E35400550A1B2A6234325738FFFFFF6F78F7786B
:10E36400FF3B386ADF1B06E701F8FF2E3818FFFF72
:10E37400D344DFBD10DF240FE70AFFFF396DFFFF31
:10E38400203F1B2A6232345738FFFFFFFF7C38FFDF
:10E394003B7891380CF9FF1F38FFFFFF14FF370E4D
:10E3A4001B2A6233315778FFFFFFFF6C78FF3B78FD
:10E3B4005ADF2906E703F8FF323814DFFFFFDF12C4
:10E3C400DF2209E7111B2A62323957FFFFFFFFFFE3
:10E3D400FF6340DF86077809380CF9FF23381238C9
:10E3E400FFFFF9DF2008E7131B2A6234365778FF52
:10E3F400FFFFFF6D38AEDF31057846FF9406380C19
:10E4040038BBDF2A05E726DFFFFFF114DF1F08E72B
:10E4140014DFE50638FF55DF2A05E70F1B2A6233B0
:10E424003457DFFFFFFFFFFFFF3507F8FF46380FC4
:10E4340078FFC2DFFF1516FF2E15FFF30D781E7847
:10E44400FF9538601B2A6233345778FFFFFFFFFFC4
:10E4540012FFFF2E08380C78AC7877380FF8FFFFDE
:10E46400E8380CFF2C1678FFFF3F78D71B2A62335D
:10E47400315738FFFFFF70DFFFFFBF07F8FF4A384F
:10E48400FFE0DFFF0606DF2E06E71738FF3938FF07
:10E49400951B2A6233335778FFFFFF61DF32073859
:10E4A400FF76DFFF0E07E70A380C78FF2ADFFFFF4D
:10E4B400E806E2380CFF29181B2A62333257FFFFA3
:10E4C400FFFFA643DFFF5E05E742FF910B380DFF18
:10E4D400F32EFCFFFFF5DFFF4106FFFF91101B2A1F
:10E4E40062333757DFFFFFFFFFFFFF320778113832
:10E4F400C9DF28057834380BDFFFFFD6063812FF52
:10E50400FF3F0E38FF41DF28051B2A623436573897
:10E51400FFFFFF7178FF9D380BDFE306E710FF0C68
:10E524000D380D78AA78FFFF50FEFF1F380CDF1856
:10E5340005E71978FF2C78FF10788138601B2A6270
:10E54400333657FFFFFFFFFF7C0CDFBE06FF560D7F
:10E55400DF5C07781378FF3B38FFDDDFFF02063806
:10E56400FF9D38FF9578441B2A6235325778FFFFA8
:10E57400FF62DF3006E744DF7706FFE142C706FFAC
:10E584008110380C38B8DF2606DFFFFFFF1C06E7D2
:10E5940001380C38FF07DF230638FF59DF26063819
:10E5A4009F1B2A6233345738FFFFFFFFFF23DF2B03
:10E5B40006DFA407DF1407FFFF1A31FFFFFFF00394
:10E5C400380C38FF07FFFFC5111B2A62343957384E
:10E5D400FFFFFF72DF1F0778FF6BDFFF1707E712EC
:10E5E400380C38B8DF240638FFFF19DFFE0638FF81
:10E5F40024DF2006E70F382E38FF11DF2406384ABF
:10E604001B2A6236325778FFFFFF63DFFF0506E7F8
:10E614000D388FDF2906E742C706E70EDF3307E729
:10E624000E383878A8FF413278FFD0DFFF0C06E7B8
:10E6340005380C38FF08786978FF10FF41127822FA
:10E644007852380B1B2A6236315738FFFFFF73DFCD
:10E654001D07E74578FF1F380CDF2707DFCA07E7E8
:10E664001438C8DF2206386A38FF763832DFFF7183
:10E674000638B2DF1D07384738FF11DF2206384C51
:10E6840099797FFF8078221B2A623736579EFFFFD5
:10E69400FFC17FFF80F96EFF2A0778A7DF3512E1FB
:10E6A400FF2A07FF4907C70EDF0C15780D38A8FFAE
:10E6B4003006C73338FFD1FFFF0A06C707780CFFBF
:10E6C400420778B3DF2B10382138FF10FF3006C71C
:10E6D4001338237861FA21FE4F1B2A6238335778A6
:10E6E400FFFFFF64380CDF1B07E713877FFF8003FE
:10E6F400F86FFF2707C70E3881FF3507F81BFF2780
:10E7040007C70FFF3108FF1307381B78C8FF6A06D5
:10E7140078FFD238FF1A780C7821FF1B0878B4FFF1
:10E724001A07784978FF1178803843780CFC1FFF6A
:10E734004C031B2A6238325738FFFFFF75DF190874
:10E74400DF1805DE6AB8E1DF2207E712C6DF8008BA
:10E75400E70DC707E717380D38B8DF1E07FF460E69
:10E7640078FFAE380BDFF806E709DF4F0938B5DF6D
:10E774001807E7117822380B38FF11DF1E0778409D
:10E78400380B9E737FFF80FF4B051B2A62313034A8
:10E7940057DFFFFFFF9108E712C707B871DF2207B1
:10E7A400E70F7882380EDF2008B820DF2207E71051
:10E7B4009F2E7FFF800A384338B8780DFF1C07C7A7
:10E7C4000DE13845780B38FF67780B7834FFF6068F
:10E7D400C70B780C3812780BFF180A78B67876389D
:10E7E400FF00780DFF1C07C71478343842780CFFFB
:10E7F4001B003813780BFF24071B2A62383957781B
:10E80400FFFFFF65380DDF1609B89E9F1E7FFF804E
:10E814000978ADFF1D09C713F807FF1E09FF450B53
:10E82400C70DE707C71A780C78B9FF1A07C70EF89F
:10E8340000FF1D0678FFD6F926FFFF3C0B78B7FFD3
:10E844001408C7127833F92678E4FF1A07C7157835
:10E8540035F9267826FF18021B2A6231313657B85B
:10E86400FFFFFF77DF1309E712C709B874DF1B093D
:10E87400E7107883B80FDF1A09E714B809DF1B091A
:10E88400E7119F2A7FFF800D785638A7F80EFF16F0
:10E8940009FE13FF1A06C710780C78FF763824781F
:10E8A4000DFD22FFC706C70D780C7821FF140D78E3
:10E8B400B8FF1209383E780DFD2238D2F80EFF1643
:10E8C400093843780DFD223815F80DFF1503782318
:10E8D400FF22091B2A623131325778FFFFFF663865
:10E8E4000F9F107FFF800AC713F988FF160B389D0E
:10E8F400F810FF160BF928FF160BFF4010C70DE7A1
:10E9040007C71C38B8780FFF130AC70EF805FF179E
:10E914000738FFC8F80DFF1E00FFC6073813780C30
:10E924003811780CFF120EF8B9FF0F09C7133824F9
:10E93400F80DFF1E0038D3780FFF130AC7163826C8
:10E94400F80DFF1E007828FF12051B2A62313237AA
:10E9540057B8FFFFFF7A9F0C7FFF800CF9A7FF11C8
:10E964000CC7113885F811FF110DC715F90EFF11E9
:10E974000CC712FF0B2AC70DE707C71D780DF9BB9B
:10E98400FF0E0BC70FF807FF1407C712F80CFA099C
:10E9940038FF55F80CFA093814780EFF1A03FF866D
:10E9A40024DF1F0F7832FF0F10F8BBFF0B0B384129
:10E9B400780EFF1A03F9E7FF0E0BC7173827780EF6
:10E9C400FF1A033816F80FFF0E073814F80CFA096B
:10E9D4001B2A623131365778FFFFFF67B9119F0652
:10E9E4007FFF800EC714FA8EFF090FC712FA9CFF2F
:10E9F4000910C716FA11FF090FC713DF3D0E38338C
:10EA040038B8F912FF080EF921FF0F09F829FE049E
:10EA1400F8FF66FE04F926FF130778B3FF0E06C756
:10EA240011780CF822FF0B12F9BDFF050DC714F97C
:10EA340038FF130738D4F912FF080EF95AFF1307E9
:10EA44003817F910FF070BF826FE041B2A62313130
:10EA5400335778FFFFFF68BF1316E715BF921AE715
:10EA6400137886BF161BE717BF151AE714FF3C0E71
:10EA7400C707E71F380D78A8BF1418E710BA0C9F12
:10EA8400077FFF800CC713FF1006FFFF68063814CA
:10EA9400FA11FF0A0C78B4FF0C0778273810F90F25
:10EAA400FF0515FFC014C7153826FA11FF0A0C38E4
:10EAB400D5FF1418C7183828FA11FF0A0CFF2E15B1
:10EAC400FF28061B2A6237385778FFFFFF69FF309B
:10EAD40016FFB4147887FF3818FF3715FF3B0F78FB
:10EAE40035380D78A8FF3311BF1016781978FF76E2
:10EAF4007836BF1419FFD3137821BF11106078BA88
:10EB0400FF2A167827BF141978D6FF33197829BF3E
:10EB140014197818FF2F111B2A62363157FFFFFF93
:10EB2400FF9C17787AFF35157888FF361AFF35165B
:10EB3400FF3A0FC707E72178BAFF3112FF2E157885
:10EB4400FFB1DFFB073829F83D78BB787378FF10F5
:10EB5400FF311A782A7851FF2D121B2A6236385752
:10EB640078FFFFFF6AFF2D18787BFF33167889FF43
:10EB7400341CFF3317FF38117837380D78A9FF2F6D
:10EB840013FF2D1778FF767837FFFF0A157821F9E0
:10EB94002778BCFF2717782978FF10FF2F1B782BC5
:10EBA400785178471B2A6237365778FFFFFF6BFF8F
:10EBB4002B19787CFF3117F88AFF301FFF3118FFBB
:10EBC4003711C707E72378BBFF2D15FF2B1878FFF4
:10EBD400B2FF3210DFAA06E717380C7811FA25F8CD
:10EBE400BDFF2418782AFF32397898FF2D1C782C21
:10EBF400FF3217FF29151B2A6237325778FFFFFFB0
:10EC04006CFF291A787DFF2E19788CFF2E21FF2E98
:10EC14001AFF3512C7087829380D78AAFF2A18FF79
:10EC2400291A78FF767838DFF607382D7811FB2318
:10EC340078BFFF2219782B78FF10FF2A1E782D78D1
:10EC440051FF27171B2A62383557F8FFFFFF6DFF66
:10EC5400251DFF0D1CF848FF2B1AF88DFF2A25FFF0
:10EC64002B1BFF3314FF0D26F8BBFF261BFF261DAD
:10EC740078FF76F838FF2D12FFB8197822FD207836
:10EC8400C0FF1F1BF82CFF2D3BF89AFF2620F82EFF
:10EC9400FF2D1CFF231A782DFF0DFFFFFFFFBE1B66
:10ECA4002A6238375778FFFFFF6FFF221FF87FFF74
:10ECB400271CF88FFF2629FF271EFF2F16C707E7FB
:10ECC40027380D78ACFF241DFF241FFF193478FF6B
:10ECD4001DFF1919FF29147860DF4407382F7812B3
:10ECE400FE1EF8C1FF1B1DF82EFF293D789CFF2452
:10ECF40021F830FF291FFF201DFF190B1B2A623941
:10ED04003057F8FFFFFF70FF1E22FF0B1DF84CFF6A
:10ED1400231EF891FF222DFF2321FF2A1A783DF8A4
:10ED2400BDFF2022FF1F2278FF76F83AFF241778D0
:10ED340061FF3703FF0C1BF823FF1A0178C3FF1987
:10ED44001EF830FF2440F89DFF2023F832FF2424CE
:10ED5400FF1D1F782CFF0BFFFFFFFFBF1B2A62392B
:10ED64003657F8FFFFFF72FF1A25FF091EF94EFF01
:10ED74001D21F893FF1E32FF1D25FF241FFF0C29C0
:10ED8400F9BFFF1B26FF1A27FF1535F8FF1FFF15D4
:10ED94001EFF1F1A7862FF3504FF0B1DF824FF16AF
:10EDA40003F8C4FF1520F832FF1F43F99FFF1B250A
:10EDB400F834FF1F29FF1824FF150EFF09FFFFFF7A
:10EDC400FFC01B2A6231333057F9FFFFFF74FF1471
:10EDD4002AFF0522FF0743FF1626FF0787FF163A7F
:10EDE400FF1679FF082DFF0935FF072DFF0729FFBF
:10EDF400142EFF142BFF103AFF0746FF0727FF07C7
:10EE040015FF0720FF0722FF1025FF1720FF079893
:10EE1400FF0820FF0816FF1008FF0515FF071EFF57
:10EE2400071EFF0712F917FF0F25FF0726FF1749D3
:10EE3400FF0745FF073BFF1429FA36FF1730FF127F
:10EE440029FF1013FF05FFFFFFFFC21B2A623634A0
:10EE540057FBFFFFFF77FF0ABEFF0BCBFF0A46FFFE
:10EE64000BFF8CFF0938FF0A34FF08FF66FF082EEA
:10EE7400FF0CFF34FF08B9F91AFF0768FF0CFBFF0A
:10EE8400092EFB3AFF0C3BFF0832FF08FFFFFFFF90
:10EE9400EA1B2A62323657FFFFFFFF7CFFFFFFFFAA
:10EEA400FFFFFFFF1DFF1DFFC9FF3FFFFFFFFFFF28
:10EEB4008F1B2A6230571B2A6230571B2A62305735
:10EEC4001B2A6230571B2A6230571B2A6230571B99
:10EED4002A6230571B2A62323357DFFFFFFFFFFFDE
:10EEE400FFFFFFFFFFFFFFFF9405E7FFFFFFFFFFAB
:10EEF400C41B2A6230571B2A6230571B2A623057C0
:10EF04001B2A62313657DFFFFFFFFFFFFFFFFFFFC2
:10EF1400FFFFFFFF93061B2A62313657DFFFFFFF17
:10EF2400FFFFFFFFFFFFFFFFFFFF92071B2A623275
:10EF34003157FFFFFFFFFFFFFFFFFFFFFFFFFFFF53
:10EF4400A1FFFFFFFFFFC51B2A623139579FFFFF57
:10EF5400FFFFFFFFFFFFFFFFFFFFFF907FFF800822
:10EF64001B2A623139579FFFFFFFFFFFFFFFFFFF9F
:10EF7400FFFFFFFF8E7FFF800A1B2A623236579FF6
:10EF8400FFFFFFFFFFFFFFFFFFFFFFFFFF847FFF88
:10EF94008013C7FFFFFFFFFFC61B2A62313657DF0E
:10EFA400FFFFFFFFFFFFFFFFFFFFFFFFFF83141BB8
:10EFB4002A62323157FFFFFFFFFFFFFFFFFFFFFF12
:10EFC400FFFFFF9FFFFFFFFFFFC71B2A6230571B96
:10EFD4002A62323157FFFFFFFFFFFFFFFFFFFFFFF2
:10EFE400FFFFFF9EFFFFFFFFFFC81B2A623231575E
:10EFF400FFFFFFFFFFFFFFFFFFFFFFFFFFFF9DFF7F
:10F00400FFFFFFFFC91B2A62323157FFFFFFFFFFDB
:10F01400FFFFFFFFFFFFFFFFFF9CFFFFFFFFFFCA94
:10F024001B2A62323157FFFFFFFFFFFFFFFFFFFF85
:10F03400FFFFFFFF9BFFFFFFFFFFCB1B2A62323165
:10F0440057FFFFFFFFFFFFFFFFFFFFFFFFFFFF9AD9
:10F05400FFFFFFFFFFCC1B2A6232335778FFFFFF0D
:10F06400FFFFFFFFFFFFFFFFFFFF83FF11FFFFFF16
:10F07400FFFFCE1B2A6232335778FFFFFFFFFFFFEB
:10F08400FFFFFFFFFFFFFF84FF0EFFFFFFFFFFD027
:10F094001B2A62323557F8FFFFFFFFFFFFFFFFFF18
:10F0A400FFFFA2FF07FFD0FF07FFFFFFFFFFD41BF7
:10F0B4002A62323157FFFFFFFFFFFFFFFFFFFFFF11
:10F0C400FFA4FFFFFFFFFFFFFFC21B2A6237375970
:10F0D4001B2A623138579FFFFFFFFFFFFFFFFFFF2F
:10F0E400FFFFFF00173ADB011B2A623137579FFFEE
:10F0F400FFFFFFFFFFFFFFFFFFFFFD173ADB051BCD
:10F104002A6230571B2A6230571B2A623231579FBA
:10F11400FFFFFFFFFFFFFFFFB1173ADB00FFFFFF19
:10F12400FFFFD8001B2A623231579FFFFFFFFFFF0A
:10F13400FFFFFFAF173ADB04FFFFFFFFFFD4041B01
:10F144002A623237579FFFFFFFFF57173ADB03FF4F
:10F15400FF3003FFFFFFFF0906FFFFFFFFFFD2069B
:10F164001B2A623331579FFFFFFFFF53173ADB0C13
:10F17400FFA801FF3701FF2D0CFF7C03FF3102FFC5
:10F184003C01FF33011B2A623631579FFFFFFF61A9
:10F19400173ADB3AFF4E2BFF2214FF2519FF5805BF
:10F1A400FF3305FF2714FF251BFF2B06FF2D05FF4B
:10F1B4003905FF2F05FFFF1E19FF6908FFFF692EA0
:10F1C400FFFFFF4119FFC6081B2A62343257DFFFD5
:10F1D400FFFF603CDF4C2D9F1F173ADB19FF2120F6
:10F1E400FFCC19FF21227834FF2B07FFFFA620FF55
:10F1F400FFDF30FFFFFF3F201B2A62333757DFFF5B
:10F20400FFFFF32F9F1C173ADB1DFF1E24FFC71DB2
:10F21400FF1E26DF6F33FFFF6A24FFFFDB32FFFF91
:10F22400FF3D241B2A62343257DFFFFFFF5F3EDFBE
:10F2340049309F1A173ADB21FF1B28FFC221FF1B0D
:10F24400297830FF2907FFFFA528FFFFD733FFFFE9
:10F25400FF3C281B2A62323657DFFFFFFFFF48239B
:10F26400B84BDFBF23B84C781EB8FFFF23B8FFFFAD
:10F27400FFFF821B2A623333579FFFFFFFFF4617AE
:10F284003ADB26F84CFFBB26F84D782DFF2707C73D
:10F2940034F8FF9CF8FFFFFFFF821B2A62333057CC
:10F2A400DFFFFFFFFF4528384DDFB928384E781CB3
:10F2B400380DFF353538FF9E38FFFFFFFF831B2ACB
:10F2C40062323657DFFFFFFFFF442AB84DDFB62A0C
:10F2D400B84EDF5407B8FFDDB8FFFFFFFF821B2ADB
:10F2E40062343457DFFFFFFFFF432B384FDFB42B6B
:10F2F4003850781A380DDF2307E7369FFF0B173A8B
:10F30400DB017889FFDF0178FFFFFF96FFFF8301B0
:10F314001B2A62343457DFFFFFFFFF422C3850DFD3
:10F32400B22C3851781A9FFF8E173ADB057888384B
:10F3340054DF0C6FE70578FFFFFF9538B1DF0CB59C
:10F34400E7051B2A6233365778FFFFFF5FFFC70EBE
:10F35400FF14013865FFC8013866382ADF2107E742
:10F364003738FFA3FFFFFF09FF9138DC1B2A623403
:10F374003157FFFFFFFFFF2A0EC70BE7093862DF93
:10F38400AF0BE709788038FFFF297853FF0A70FF35
:10F39400FF29FF9238DD78B0FF0AB61B2A6235399F
:10F3A4005778FFFFFF60FF4144FF0B37FF0F0EFF4D
:10F3B400320B3817FFC00EFF320D3815382ADF1F05
:10F3C40007E738FFFF770B3817F853FF0672FFFC87
:10F3D400FFBEFFB00B3817F8B0FF06B81B2A623423
:10F3E4003957FFFFFFFF612CDFA609E711FB443803
:10F3F40013DFAC09E711FA4638127819380DFF2DDE
:10F4040039FBFF8B3813FF547BFBFFFFFF8C381352
:10F41400FFB1C11B2A62333257DFFFFFFFFF3F08F2
:10F42400E715F847DFC008E715F848782EDF2D0701
:10F43400F8FFD2F8FFFFFFFF821B2A62333857DF41
:10F44400FFFFFF9506E745F878F8473810F8D9F834
:10F4540048380F382AFF2B3AF8FF923810F8FFFF8C
:10F46400FFFF6E38101B2A62333457FFFFFFFFFF84
:10F474004F19FF0212F828FFCC19FF0212782978DD
:10F484002CDF2B07F8FFD7F8FFFFFFFF821B2A6250
:10F49400343057DFFFFFFF9406E746FF581C7848D7
:10F4A400380EFFB81C7848383CDF1907E73B78FF73
:10F4B40096380E78FFFFFFFF71380E1B2A62333631
:10F4C40057DFFFFFFFFF3E07FF2215782BDFB90749
:10F4D400FF2215782B380D781AFF383C78FF97787F
:10F4E400FFFFFFFF831B2A62333457FFFFFFFFFF39
:10F4F4004D3B782C380DFFB63B782C383BDF170793
:10F5040078FFDD380D78FFFFFFFF72380D1B2A628C
:10F51400313757DFFFFFFF9306E74778FFFF39389E
:10F524000DFF253D1B2A6232335778FFFFFFFFC1D1
:10F5340078FF3B782BDF250778FFDF78FFFFFFFF9D
:10F54400831B2A62343257DFFFFFFF9206E748DF4E
:10F554004706E73C782E380CDFA506E73C383D38F3
:10F564002CFF233E78FF9A380C78FFFFFFFF733897
:10F574000C1B2A6231315778FFFFFFFFFFFF31DF99
:10F5840023071B2A62313957DFFFFFFF9106E74942
:10F5940078FFFF0C383CDF1107E73F1B2A6232314A
:10F5A4005778FFFFFFFFC378FF6AFF304078FF9B67
:10F5B40078FFFFFFFF831B2A62323457DFFFFFFF10
:10F5C400900738FF3038FF6BDF0F0738FFF438FF40
:10F5D400FFFFFF831B2A62363357FFFFFFFF9F4A5B
:10F5E40078FFFF3D380DFF1D419F81173ADB04FF73
:10F5F4004203FFFC00FF5B00FF8203FF4A00FFEDB4
:10F6040004FF4D01FF2400FF4E02FF6D03FFC900FC
:10F61400FF2D04FF7503FF46021B2A623933577816
:10F62400FFFFFFFFC478FF6BDF1D079FC6173ADBA0
:10F634000FFF380C38B4FF2400FF0C06FF1001FF45
:10F644001B00FF1009FF780DFF2A00FF0C06FF8442
:10F6540003FF2401FF200EFF2A00FF0F09FF1C08EF
:10F66400FE2AFF1209FF640D3882FF2300FF0C06F7
:10F67400FF250FFF2E01FF2F0DFF3C0B1B2A6231CC
:10F68400303557DFFFFFFF8F06E74B385638FF3B17
:10F6940038B5FF1B429F79173ADB15FF3212FF1270
:10F6A40026FF9303FF090AFF0C05FF1703FF0C0E47
:10F6B400FF1D26FF2413FF2503FF090AFF8105FF11
:10F6C4002105FF1A16FF2403FF0C0DFF180DFF255B
:10F6D40003FF0D0FFF5E13FFA403FF090AFF2015AC
:10F6E400FF2905FF2A13FF3612FF12261B2A623751
:10F6F400355778FFFFFFFFFFFF35DF1B079FC2175A
:10F704003ADB1AFF2D1678E1FF070C783FFF091248
:10F71400FF6E18782FFF070CFF7F07FF1F06FF17E8
:10F724001B782EFF0911FF1411FF3D13FF591878A0
:10F73400AEFF070CFF1D1AFF5E18FF32161B2A626C
:10F74400373857DFFFFFFF8E06E74C38FFFF50FFC7
:10F7540019439F75173ADB1DFF2A1AFF0D28FFA8CE
:10F764000DFF4B15FF1828FF1F1AFF380D387F783F
:10F774000CDF2C10E71FFF3714FF1114FF3A16FF9C
:10F78400571AFFB70DFF1B1DFF5C1AFF2F1AFF0D41
:10F79400281B2A6237315778FFFFFFFF3D380C786A
:10F7A400FF2B380C78A5DF1906E7449F73173ADB63
:10F7B40021FF271CFFE60FFF4918FF681EFF340FC7
:10F7C400FFB006FF1422FF3517FF0E17FF3719FF8E
:10F7D400531EFFB30FFF1921FF581EFF2B1D1B2AB9
:10F7E40062373257DFFFFFFF8D07DFFFFF6106E758
:10F7F4001E380CDF0707DFBF249F23173ADB1FFFE8
:10F80400E410FF481AFF6522FF31103880780CDFBE
:10F814002A0DE725FF321AFF0B1AFF341CFF502272
:10F82400FFB010FF1824FF5422FF28201B2A623641
:10F834003557FFFFFFFF9C4D385838FF3BFFCF453E
:10F844009F70173ADB27FF2121FFE211FF461DFFBE
:10F854006324FF2F11FFAF06FF1128FF301CFF099F
:10F864001CFF321EFF4E24FFAE11FF1627FF522449
:10F87400FF25231B2A62373457DFFFFFFF8C07382D
:10F88400AF38FF3B78A5380CDF0507DFBD29DF1F44
:10F8940022DFE112DF451FDF6126DF2D1278813878
:10F8A4000CDF1906E70BC72ADF2E1EDF071D9F306A
:10F8B400173ADB21FF4C26FFAC12FF1529FF502617
:10F8C400FF23251B2A62353557FFFFFFFF9B4E7828
:10F8D40048380E78FF29380E38B5FF1346DF6E2BF3
:10F8E400DFFF9021DF5F2838DC386EDF2C1FDF0656
:10F8F4001FDF2E23DF4A28DFDD2BDF4E28DF212701
:10F904001B2A6237305738FFFFFFFF5138FF3BDFB8
:10F914006C06E721DF1306E747DF6D2DDF1C23DFCD
:10F92400E013DF4323DF5D2ADF2A137882DF270613
:10F93400E70BC72DDF2A21DF0421DF2C25DF482A2E
:10F94400DFA913DF132DDF4C2ADF1F281B2A62399E
:10F954003757DFFFFFFF8B06E74F385CDF6E06E7A4
:10F9640035387C38B4DFD02FDF1A0AE701DFBA0656
:10F97400E70EDF0C14DF4224DF5C0CE7013812DFF2
:10F9840028147883380CDF1506E70CFF1202DF3FDA
:10F9940022DF0322DF2B26DF470CE7013812DF7357
:10F9A40006E70DDF0C14DF122FDF4A0CE7013812D3
:10F9B400DF1D291B2A623131365778FFFFFFFF3FD5
:10F9C400381078FF273810DF6906E723DF1106E7D0
:10F9D40048DF6B0EE7023814FF29087816FF2C3431
:10F9E400DF6415DF4109E538127811FF2C10C70ACE
:10F9F400E707DF3A15FFE10A380FDF2709E438117A
:10FA0400DF0109E43811DF290BE53812DF450AE785
:10FA140007DFB915DF110EE7023814DF480AE707DC
:10FA2400FF450138107806FF2CFFFFFFFFE21B2A79
:10FA34006231313757DFFFFFFF8A06E750B85EB8FF
:10FA4400FF3ADF66077829380CD707FFD008381249
:10FA5400DF1706E70DFF4235FC74DF4807E704FFB4
:10FA64005310C709E70B380EFC36788C380CDF13BB
:10FA740006E70DFF0B0FDF3706E704DF1206E70486
:10FA8400380FDF2708E7053810DF4309E70B380E86
:10FA9400FCB5FF2D083812DF4609E70B380EDF1BD3
:10FAA4000AE708FF45FFFFFFFFE31B2A62313238F4
:10FAB4005778FFFFFFFF40381278FF253812FF7494
:10FAC40025FF1E49DF6A0AE70DFF3810FF1203FF06
:10FAD4000B49DF6305E703FF0106FF4008380EFF0B
:10FAE4001103FF0B24FF0D0F380DDF2405E703FF7F
:10FAF400012F784E380CFF200EFF0912380DFF330A
:10FB040006380ECF06E706DF3807E709FF650F382A
:10FB14000DDFA305E703FF010BC70AE70DFF690F1C
:10FB2400380DDF1909E70CFF1503FF0BFFFFFFFF7B
:10FB3400F71B2A62393957DFFFFFFF8907B8BADF9D
:10FB44006707B8BFDF6207782BBF0C08DFBB09E784
:10FB540010380FDF1505E713FF0112DF8F07FF2DA4
:10FB640018FF3E0BDF6807E711FF4041DF7306FF14
:10FB74001E15FF4109DF0E05E709FF450C380EDFAE
:10FB84004107E711DF8007FF2C1CC709E710380F76
:10FB9400DF4407E711DF2809E70F1B2A6231313000
:10FBA40057FFFFFFFF9851784BB814FF7436786BFA
:10FBB400B8149F5E173ADB08C727DF1C4A9F797F7A
:10FBC400FFFF14380E783EFFBC0FFF1519FF3D0DE3
:10FBD400380DDF5507E713380CFF2E42784F380CE9
:10FBE400DF0F06E70FFF0518FF3F0BFF1A0B380D59
:10FBF400FF320EDF5107E713380CFF7E0EFF151D91
:10FC0400FF0D14380EDF4207E713380CFF27131BD0
:10FC14002A62383757DFFFFFFF880778A6B815DF59
:10FC2400620778ABB815DF5B08E729FF1A4BDF687A
:10FC340007E716FF3233DF8E07FF2C1AFF3C0FFF56
:10FC44007415FF3C437899FF021A380CFF2E0DFF00
:10FC5400180DFF4011380DFF4E15DF7D07FF2B1DDA
:10FC6400C707E716FF6215DF2507E7151B2A623170
:10FC7400303557FFFFFFFF9752784DB81678FF20B5
:10FC8400B8169F57173ADB09C72AFF7C37FF1907B5
:10FC9400C718780DFF1205DFFF091BDF3B10FF6457
:10FCA40006C717780BDF2B443850780CFF0D06C7B6
:10FCB400119F007FFFFF1DFF3C0FFF160FFF3E1338
:10FCC400DF4E06E717380BFFAA1DC707E718380DE4
:10FCD400DF4006E717380BF843FF030E1B2A62398F
:10FCE400375778FFFFFFFF44B817DF5D07E7377822
:10FCF4006EB8179F51173ADB0CC72CDF184C389895
:10FD0400DF2F34FF8D07C710DF121CDF3A12780C87
:10FD1400DF6118DF3945FF0B1D381D780CDF1A3BF6
:10FD24009F3A7FFFFF11FF1411380CFF2D15380C7B
:10FD3400FF4B18DF7B07E70FFF121E782EFF5E18BC
:10FD4400FF33191B2A62383357DFFFFFFF8706E7AB
:10FD540053784FB81878FF1EB818BF3921E72EDF43
:10FD6400D507E71BFFFF391DFF3814DF6205E71ACB
:10FD7400FF37463831DF3B067841FF3813FF121353
:10FD8400FF3B16DF4C05E71AFFB61EC707E71BDF6C
:10FD94004E05E71ADF2206E71BFF000F1B2A623716
:10FDA400345778FFFFFFFF46B819DF5807E7387864
:10FDB40070B819FF602FFF164DFF751C380CDFEA71
:10FDC40007E711788F7892380A38AC781C380CDF42
:10FDD4000906E73DFFC218787C380ADF6A07E71096
:10FDE400FF471C380C786F380AFF21371B2A62380A
:10FDF4003157DFFFFFFF860778ADB81ADF55087863
:10FE0400B2B81AFF5C32FF144EFF741EDFF808FF0D
:10FE14002A1EFF3716DF6005E71CFF35473863FFEE
:10FE2400163E380BFF2814FF1114FF3919DF4A0559
:10FE3400E71CDF7708FF291FFF0B1EDF4C05E71CBB
:10FE4400DF20061B2A62373757FFFFFFFF9554BF99
:10FE54000B1E781DB81BDF5208E7397872B81BFFF8
:10FE64005834DFD3063833DFE708E712FF0F1FFFEC
:10FE74003618FFC9487853DF17067844FF3516FF54
:10FE84000F16FF371B380BDFE608E711FF0F1FC7FC
:10FE9400063833FFA0381B2A62373557DFFFFFFFD0
:10FEA4008507388FF81DB81BDF4F09F8B5B81BB8A4
:10FEB400567838FF124FFF7320DFF509FF8A19FFC8
:10FEC4006C1E380A78CD380CFF1440FF3417FF0E2F
:10FED40017FF361CFF561E380ADF6609FF5F20FF36
:10FEE400581E380ADF10061B2A62383057FFFFFFFE
:10FEF400FF94557855B81C9F4B173ADB0AC73A381C
:10FF040075F81CF9563836FFD0067855FFC30AC772
:10FF140013DF0E20DF341A780BFF4F05DF5949FF3A
:10FF24006D06DF7C18DF0D18780BDF261EFF4705F2
:10FF3400FF990AC712DF0E1FE706FF73051B2A622B
:10FF4400383157DFFFFFFF84073891F81F381C9FB3
:10FF540048173ADB0CB8B9781CF858DF4850389C7D
:10FF6400FFF00CDF2921DF331BDF6B1FDF314A3841
:10FF740055780CFF0306C741DF3219DF0C19DF3453
:10FF84001F780BDF451FFF700CDF28203835DF5644
:10FF94001FDF2C391B2A62353857FFFFFFFF9356AA
:10FFA400F858B81B9F44173ADB0DC73BB878F81BC9
:10FFB400F8587846DFCA22782CFFBE0DC71438FFE4
:10FFC400FF09780CDF10423854382DFFFF4C0DC761
:10FFD40013DF44221B2A62363857F8FFFFFFFF5015
:10FFE400381B9F3F173ADB10C73CB87A781B785907
:0CFFF400FF310D78FF03380F780BFFB9C8
:020000040201F7
:1000000010C715DF0C2238573892DF2F4BFF6B06D5
:1000100038FFAFFF6910C714DF0C217844386FFF39
:100020001C061B2A62373657DFFFFFFF830778BBAA
:10003000B81BBF2923E73D787CB81BB85878FF3D33
:10004000382DBFA423E716FF0B23DFB7053833FF96
:10005000204CFF321D380CD706E74378E4DF450516
:100060003833BF4723E715FF0B227836DF470538C3
:1000700033FF1C3A1B2A62353157FFFFFFFF9257AF
:10008000F85D381BFF533EF87D381B3859DF2D0FC4
:10009000DFB905E724382EFFCE17FFFE21FFFFFF53
:1000A0008A21FF8016DF3505E724FF54211B2A62D1
:1000B000343557DFFFFFFF8207F8BF381AFF513F83
:1000C000F87F381A3859DF2B10FF6129787F380DF7
:1000D000FFCC18FFFFBD45BF0C07E744FFFFE71744
:1000E0001B2A62343357FFFFFFFF9158FF33283834
:1000F00018FF4F40F9813818FF261038173843B8D9
:10010000FF27FFC91978FFFF0CFF1A4538F3FFEEF0
:10011000181B2A62343157DFFFFFFF8107F8C5380B
:1001200017FF4C42F8843817FB3EDF3F1238FF02BE
:100130007810B80FFFC51BFFFFFFFFFF601A387E66
:100140001B2A62343457FFFFFFFF9059FF322DFF07
:100150006443F886F85C38113843B8FF2AFFC21CA4
:1001600078FFFF0DFF184678E5FFF91BDFFF10054C
:10017000E73B1B2A62363557DFFFFFFF8007FF6D25
:10018000563814FF4944F8883814F8443810DF26EC
:1001900015DFB505E726781FB912FFBE1DDFF03D5C
:1001A00078D3FF163487173ADB18FFFF1F3DDF6C4B
:1001B0001CFF3405C726FF453D1B2A62343357F820
:1001C000FFFFFFFF603813FF4547F88A3813F845F3
:1001D000DF371678FF16B914FFB8209FFFFF5E17B0
:1001E0003ADB1F9FFFD17FFFFF1F1B2A6234385766
:1001F000FFFFFFFF8F5A786CFF5949788C785D3884
:100200000E7833380C78FF16B816FFB42278FFFF4B
:100210000FFF142B87173ADB229FFFCF7FFFFF21B1
:100220001B2A62343657DFFFFFFF7F07F8D03811F3
:10023000FF404BF88D38117847DF3406E078FF2710
:10024000B817FFB0249FFFFF58173ADB259FFFCD5B
:100250007FFFFF231B2A62343857FFFFFFFF8E5BAF
:10026000786FFF504F788F785C380D7833380C7882
:10027000FF17B818FFAA2878FFFF10FF122787176B
:100280003ADB279FFFC97FFFFF271B2A62353057C4
:10029000DFFFFFFF7E07F8D4380FFF3654F89038A1
:1002A0000F7848DF3106E378FF27B919FFA22D78D0
:1002B000FFFF11FF102687173ADB299FFFC47FFF3E
:1002C000FF2C1B2A62343357FFFFFFFF8D5C7872CF
:1002D000FF33697892386BDF1F073811F8FF183841
:1002E0001AFF8C429FFFFF52173ADB2B9FFFAF7F15
:1002F000FFFF411B2A62343557DFFFFFFF7D077880
:10030000D8380E78FF29380E7848FD3E380CF8FFB3
:1003100019B819FFFFFF0F0DDFC10CDF282CFFFFFD
:100320006434FFFF57081B2A6233385778FFFFFFFA
:10033000FF6A78FF3BDF8B07F8FF323819FFFFFFBA
:100340000D0E38D69F25173ADB2EDFFF6335DFFF12
:1003500056091B2A62343157DFFFFFFF7C07E75D38
:1003600078FFFF12FF3C00380CF8FF1CB818FFFFA5
:10037000FF0A0FDFC00EDF242FFFFF6236FFFF559D
:100380000A1B2A6234315778FFFFFFFF6B78FF3B6F
:100390003869DF1C06E701F8FF2E3818FFFFD34449
:1003A000DFBF10DF220FE70AFFFF3B6BFFFF203F9D
:1003B0001B2A62323657FFFFFFFF8B5E388638FFFD
:1003C0003B7891380CF9FF1F38FFFFFF16FF350E01
:1003D0001B2A62333357DFFFFFFF7B0778DD78FF8F
:1003E0003B7859DF2A06E703F8FF323814DFFFFFB6
:1003F000E112DF2009E7111B2A62333157FFFFFFAB
:10040000FF8A5FFFFF6D40DF86077809380CF9FF30
:1004100023381238FFFFFBDF1E08E7131B2A623464
:100420003857DFFFFFFF7A0778DF38AEDF31057816
:1004300046FF9406380C38BBDF2A05E726DFFFFFAE
:10044000F314DF1D08E714DFE50638FF55DF2A0542
:10045000E70E1B2A62333657FFFFFFFF8960DFFF7D
:10046000FF3F07F8FF46380F78FFC2DFFF1716FF80
:100470002C15FFF30D782078FF9338601B2A623328
:100480003657DFFFFFFF790778FF85FFFF2E08381B
:100490000C78AC7877380FF8FFFFEA380CFF2A1693
:1004A00078FFFF3F78D71B2A62333057DFFFFFFF0B
:1004B000FFFFFF3407F8FF4A38FFE0DFFF0806DFE1
:1004C0002C06E71738FF3B38FF931B2A623333575C
:1004D000DFFFFFFF7807E76138FF2BDFFF0E07E73D
:1004E0000A380C78FF2ADFFFFFEA06E2380CFF2704
:1004F000181B2A62333057DFFFFFFFFFFF5405E769
:1005000042FF910B380DFFF32EFCFFFFF7DFFF3F9B
:1005100006FFFF910F1B2A62333957FFFFFFFF874A
:1005200062DFFFFF3C07781138C9DF2805783438CF
:100530000BDFFFFFD8063812FFFF3D0E38FF41DF0B
:1005400028051B2A62343757DFFFFFFF770778FF44
:1005500088380BDFE206E711FF0C0D380D78AA781A
:10056000FFFF50FEFF21380CDF1605E71978FF2E3C
:1005700078FF0E788138601B2A62333857FFFFFFFF
:10058000FF8663FF860CDFBE06FF560CDF5D077833
:100590001378FF3B38FFDDDFFF040638FF9D38FF8F
:1005A0009378441B2A62343857DFFFFFFF7607DF5A
:1005B000E306FFE142C706FF8110380C38B8DF269A
:1005C00006DFFFFFFF1E06E701380C38FF05DF23BB
:1005D0000638FF59DF2606389F1B2A623334573806
:1005E000FFFFFFFFFF23DF2B06DFA307DF1507FF5A
:1005F000FF1A31FFFFFFF203380C38FF05FFFFC57C
:10060000101B2A62353057DFFFFFFF7507E764785C
:10061000FF1EDFFF1707E712380C38B8DF24063853
:10062000FFFF19DFFF010638FF22DF2006E70F3842
:100630003038FF0FDF2406384A1B2A62363057DF76
:10064000FFFFFFFF6C06E70D388FDF2906E742C783
:1006500006E70DDF3307E70F383878A8FF41327817
:10066000FFD0DFFF0E06E705380C38FF06786B7801
:10067000FF0EFF411178237852380B1B2A6235395F
:1006800057DFFFFFFF7407E76578FF1F380CDF2790
:1006900007DFCA07E71438C8DF2206386A38FF7652
:1006A0003832DFFF710638B2DF1D07384938FF0FD7
:1006B000DF2206384C9979173ADB78221B2A6237F9
:1006C00036579EFFFFFFC1173ADBF96EFF2A077806
:1006D000A7DF3512E1FF2A07FF4807C70FDF0C1518
:1006E000780D38A8FF3006C73338FFD1FFFF0C065E
:1006F000C707780CFF400778B3DF2B10382338FF8B
:100700000EFF3006C71238247861FA21FE4E1B2AEC
:1007100062373757FFFFFFFF833387173ADB03F852
:100720006FFF2707C70E3881FF3507F81BFF270724
:10073000C70EFF3108FF1407381B78C8FF6A067818
:10074000FFD238FF1C780C781FFF1B0878B4FF1A03
:1007500007784B78FF0F78803843780CFC1FFF4BED
:10076000031B2A62383057DFFFFFFF7307DF3805AE
:10077000DE6AB8E1DF2207E712C6DF7F08E70EC7AF
:1007800007E717380D38B8DF1E07FF460E78FFAEB3
:10079000380BDFFA06E709DF4D0938B5DF1807E740
:1007A000117824380B38FF0FDF1E077840380B9E76
:1007B00073173ADBFF4A051B2A62393957DFFFFFFF
:1007C000FFBD07B871DF2207E70F7882380EDF2000
:1007D00008B820DF2207E70F9F2E173ADB0A3844BC
:1007E00038B8780DFF1C07C70DE13845780B38FF86
:1007F00067780B7834FFF806C70B780C3810780B45
:10080000FF180A78B6787838FD780DFF1C07C713F3
:1008100078353842780CFF1B003813780BFF23071C
:100820001B2A62383757DFFFFFFF7207E732B883B2
:100830009F1E173ADB0978ADFF1D09C713F807FFA4
:100840001E09FF440BC70EE707C71A780C78B9FFDB
:100850001A07C70EF800FF1D0678FFD6F926FFFF1E
:100860003C0B78B7FF1408C7127835F92678E2FFF9
:100870001A07C7147836F9267826FF18021B2A6251
:1008800031313057DFFFFFFFBC09B874DF1B09E7C8
:10089000107883B80FDF1A09E714B809DF1B09E7DE
:1008A000109F2A173ADB0D785738A7F80EFF160964
:1008B000FE13FF1A06C710780C78FF763824780DDF
:1008C000FD22FFC906C70D780C781FFF140D78B8FC
:1008D000FF12093840780DFD2238D0F80EFF1609B6
:1008E0003843780DFD223815F80DFF15037823FFE6
:1008F00021091B2A6231303857DFFFFFFF7107E7FC
:1009000032B9889F16173ADB0B389DF810FF160B8B
:10091000F928FF160BFF3F10C70EE707C71C38B8B2
:10092000780FFF130AC70EF805FF170738FFC8F83E
:100930000DFF1E00FFC8073813780C380F780CFF26
:10094000120EF8B9FF0F09C7133826F80DFF1E0065
:1009500038D1780FFF130AC7153827F80DFF1E008E
:100960007828FF12051B2A6231323357B9FFFFFF87
:10097000FF4B9F11173ADB0CC7113885F811FF1197
:100980000DC715F90EFF110CC711FF0B2AC70EE793
:1009900007C71D780DF9BBFF0E0BC70FF807FF1433
:1009A00007C712F80CFA0938FF55F80CFA09381481
:1009B000780EFF1A03FF8624DF210F7830FF0F1017
:1009C000F8BBFF0B0B3843780EFF1A03F9E5FF0E57
:1009D0000BC7163828780EFF1A033816F80FFF0ECB
:1009E000073814F80CFA091B2A6231313257DFFF3D
:1009F000FFFF7007E733BA8E9F09173ADB0FC71264
:100A0000FA9CFF0910C716FA11FF090FC712DF3D44
:100A10000F383338B8F912FF080EF921FF0F09F823
:100A200029FE04F8FF66FE04F926FF130778B3FFDA
:100A30001006C711780CF820FF0B12F9BDFF050D49
:100A4000C714F93AFF130738D2F912FF080EF95A02
:100A5000FF13073817F910FF070BF826FE041B2AAF
:100A60006231303757BFFFFFFFFF521AE713788616
:100A7000BF161BE717BF151AE713FF3C0FC707E7A1
:100A80001F380D78A8BF1418E710BA0C9F07173A43
:100A9000DB0CC713FF1006FFFF68063814FA11FFBE
:100AA0000A0C78B4FF0E077827380EF90FFF0515EA
:100AB000FFC014C7153828FA11FF0A0C38D3FF14E9
:100AC00018C7173829FA11FF0A0CFF2E15FF280640
:100AD0001B2A62373457FFFFFFFFFF74147887FF2C
:100AE0003818FF3714FF3B107835380D78A8FF33DE
:100AF00011BF1016781978FF767836BF1419FFD514
:100B000013781FBF11106078BAFF2A167829BF1416
:100B10001978D4FF3318782ABF14197818FF2F11C9
:100B20001B2A62363357DFFFFFFF6F07E734787AFF
:100B3000FF35157888FF361AFF3515FF3A10C707BD
:100B4000E72178BAFF3112FF2E1578FFB1DFFD07DC
:100B50003829F83B78BB787578FF0EFF3119782B70
:100B60007851FF2D121B2A6236345778FFFFFFFFA2
:100B70003BFF33167889FF341CFF3316FF38127899
:100B800037380D78A9FF2F13FF2D1778FF767837A8
:100B9000FFFF0C15781FF92778BCFF2717782B78F3
:100BA000FF0EFF2F1A782C785178471B2A623736B0
:100BB00057DFFFFFFF6E07E735787CFF3117F88AB4
:100BC000FF301FFF3117FF3712C707E72378BBFF3E
:100BD0002D15FF2B1878FFB2FF3210DFAC06E71798
:100BE000380C780FFA25F8BDFF2418782CFF32371F
:100BF0007898FF2D1B782DFF3217FF29151B2A62CD
:100C000036385778FFFFFFFF3DFF2E19788CFF2EF7
:100C100021FF2E19FF3513C7087829380D78AAFF50
:100C20002A18FF291A78FF767838DFF807382D78E8
:100C30000FFB2378BFFF2219782D78FF0EFF2A1DA6
:100C4000782E7851FF27171B2A62383557DFFFFFB0
:100C5000FF6D07E737FF0D1CF848FF2B1AF88DFFD3
:100C60002A25FF2B1AFF3315FF0D26F8BBFF261B85
:100C7000FF261D78FF76F838FF2D12FFBA1978206D
:100C8000FD2078C0FF1F1BF82EFF2D39F89AFF2694
:100C90001FF82FFF2D1CFF231A782CFF0DFFFFFFDD
:100CA000FFBF1B2A62383357F8FFFFFFFF40FF27C3
:100CB0001CF88FFF2629FF271DFF2F17C707E727DF
:100CC000380D78ACFF241DFF241FFF193478FF1D59
:100CD000FF1919FF29147860DF4607382F7810FEB6
:100CE0001EF8C1FF1B1DF830FF293B789CFF242014
:100CF000F831FF291FFF201DFF190A1B2A6238380F
:100D000057FFFFFFFF7C39FF0B1DF84CFF231EF838
:100D100091FF222DFF2320FF2A1B783DF8BDFF20E5
:100D200022FF1F2278FF76F83AFF24177861FF37F9
:100D300005FF0C1BF821FF1A0178C3FF191EF832BA
:100D4000FF243EF89DFF2022F833FF2424FF1D1FBF
:100D5000782BFF0BFFFFFFFFC01B2A623933577848
:100D6000FFFFFFBEFF091EF94EFF1D21F893FF1E76
:100D700032FF1D24FF2420FF0C29F9BFFF1B26FF93
:100D80001A27FF1535F8FF1FFF151EFF1F1A78627F
:100D9000FF3506FF0B1DF822FF1603F8C4FF1520D0
:100DA000F834FF1F41F99FFF1B24F835FF1F29FF6F
:100DB0001824FF150DFF09FFFFFFFFC11B2A623139
:100DC000333057F8FFFFFF6DFF083EFF0522FF0796
:100DD00043FF1626FF0787FF163AFF1679FF082DF7
:100DE000FF0935FF072DFF0729FF142EFF142BFFE6
:100DF000103AFF0746FF0727FF0715FF0720FF07E9
:100E000022FF1025FF1720FF079AFF0820FF081474
:100E1000FF1008FF0514FF071EFF071EFF0713F949
:100E200017FF0F25FF0728FF1747FF0745FF073B61
:100E3000FF1428FA37FF1730FF1229FF1012FF05A1
:100E4000FFFFFFFFC31B2A62363257FFFFFFFF6F12
:100E5000D8FF0BCBFF0A46FF0BFF8CFF0938FF0AB8
:100E600034FF08FF66FF082EFF0CFF34FF08B9F9B6
:100E70001AFF076AFF0CF9FF092DFB3BFF0C3BFF34
:100E80000832FF08FFFFFFFFEA1B2A62323657FFD6
:100E9000FFFFFFFF51FFFFFFFFFFFFFF48FF1DFFA9
:100EA000C8FF40FFFFFFFFFF8F1B2A6230571B2A3E
:100EB0006230571B2A6230571B2A6230571B2A6246
:100EC00030571B2A6230571B2A6230571B2A623266
:100ED0003357DFFFFFFFFFFFFFFFFFFFFFFFFFFFB6
:100EE0009305E7FFFFFFFFFFC51B2A6230571B2A50
:100EF0006230571B2A6230571B2A62313657DFFF98
:100F0000FFFFFFFFFFFFFFFFFFFFFFFF92061B2A10
:100F100062313657DFFFFFFFFFFFFFFFFFFFFFFFDD
:100F2000FFFF91071B2A62323157FFFFFFFFFFFFD0
:100F3000FFFFFFFFFFFFFFFFA0FFFFFFFFFFC61B3D
:100F40002A623139579FFFFFFFFFFFFFFFFFFFFFBF
:100F5000FFFFFF8F173ADB081B2A623139579FFFCB
:100F6000FFFFFFFFFFFFFFFFFFFFFFFF8D173ADBD4
:100F70000A1B2A623236579FFFFFFFFFFFFFFFFF6A
:100F8000FFFFFFFFFF83173ADB13C7FFFFFFFFFFE2
:100F9000C71B2A62313657DFFFFFFFFFFFFFFFFF4E
:100FA000FFFFFFFFFF82141B2A62323157FFFFFF52
:100FB000FFFFFFFFFFFFFFFFFFFFFF9EFFFFFFFFA2
:100FC000FFC81B2A6230571B2A62323157FFFFFFCE
:100FD000FFFFFFFFFFFFFFFFFFFFFF9DFFFFFFFF83
:100FE000FFC91B2A62323157FFFFFFFFFFFFFFFFE0
:100FF000FFFFFFFFFFFF9CFFFFFFFFFFCA1B2A62EF
:10100000323157FFFFFFFFFFFFFFFFFFFFFFFFFF33
:10101000FF9BFFFFFFFFFFCB1B2A62323157FFFF11
:10102000FFFFFFFFFFFFFFFFFFFFFFFF9AFFFFFF35
:10103000FFFFCC1B2A62323157FFFFFFFFFFFFFF8C
:10104000FFFFFFFFFFFFFF99FFFFFFFFFFCD1B2A01
:101050006232335778FFFFFFFFFFFFFFFFFFFFFF05
:10106000FFFF82FF11FFFFFFFFFFCF1B2A6232331A
:101070005778FFFFFFFFFFFFFFFFFFFFFFFFFF832B
:10108000FF0EFFFFFFFFFFD11B2A62323557F8FF2B
:10109000FFFFFFFFFFFFFFFFFFFFA2FF07FFCFFFE5
:1010A00007FFFFFFFFFFD51B2A62323157FFFFFF0B
:1010B000FFFFFFFFFFFFFFFFFFA4FFFFFFFFFFFF9B
:1010C000FFC21B2A62323438591B2A6230561B2A4F
:1010D0006230571B2A72430C1B451B252D313233BE
:1010E00034355800000000980000000000000000A7
:1010F0000000000000001890000000000000000048
:101100000000000075785F686F73745F636C6173D3
:10111000735F7072696E74657200000075785F6845
:101120006F73745F636C6173735F68756200000056
:10113000010101020101010101010101010101019E
:101140000101010101010101010000000101020191
:10115000010101010101020101010102020201017B
:10116000010100000101010102010000F0F0F0F0B6
:10117000000000000000000014002540140025407D
:101180000000000018002540180025400000000065
:101190001C0025401C002540141035401610354019
:1011A00017103540181035401A1035401B103540C7
:1011B0001C1035401E1035401F1035400000000047
:1011C00060B5012228B50122F0B4012280B40122C9
:1011D000B8B4012248B4012210B40122D8B30122CC
:1011E000A0B3012268B3012230B30122D5B50102B8
:1011F0009DB501029DB501029DB50102A1B5010297
:101200009DB501029DB501029DB5010225B6010201
:101210009DB501029DB50102FDB501029DB501021A
:101220009DB501029DB5010200000000BDD901027B
:101230001DDB0102BDD90102BDD90102BDD90102E8
:10124000BDD9010295DB0102A1D90102EC110122F5
:1012500000000000F0D9012258DA0122C0DA012290
:10126000000000000000000000000000000000007E
:10127000000000000000000000000000000000006E
:10128000000000000000000000000000000000005E
:0C12900000000000000000000000000052
:1012A0000348044B834202D0034B03B118477047F5
:1012B000381201223812012200000000064B0749B3
:1012C000C91A891048BF0131491003D0044B0BB132
:1012D00001481847704700BF381201223812012216
:1012E0000000000010B5064C237843B9FFF7D8FF83
:1012F000044B13B10448AFF300800123237010BDE9
:10130000702601220000000084A2000308B5054BEE
:101310001BB105490548AFF30080BDE80840FFF761
:10132000CDBF00BF000000007426012284A200038C
:101330002DE9F041D0E902850446A8EB0507406895
:1013400097422844154408D80E463A46A5EB0805AE
:101350000FF050F82A466068F1190FF04BF8BFF310
:101360005F8FE560BDE8F0812DE9F8434FF000099B
:10137000064688461746D0E902243369151B9C426D
:1013800003F1FF3125BF03F1FF339B180B1B1B1B20
:10139000BD4228BF3D469D4228BF1D46706841465C
:1013A0002A4620440FF026F8B2682C44A24208BF17
:1013B0000024A944A8447F1BBFF35F8FF460002F73
:1013C000DBD14846BDE8F883F8B5164CA8220021C9
:1013D00020460EF0EDFF4FF48056002303214020FD
:1013E000114A124F124D21616161A261E7612662CB
:1013F000A3626362E36222666566A0662367E366B2
:101400006367BFF35F8F4FF0100E0A4B4EF001E0A1
:101410001846C21A13F9011DA1540FF007C0BFF3FB
:101420005F8FF8BDD0360122BC0C0202D02601220B
:1014300090260122081702022DE9F04FDFF8A8904C
:10144000054699F800300F46532B144683B001D05F
:10145000FFF7BAFF05EB450309EBC3031E6FD3F893
:101460006CB04FEA45085E451FD8ABEB060B5C45F8
:1014700028BF5C461CB9204603B0BDE8F08FA246E9
:1014800008EB050309EBC303596E38463144224685
:101490000EF0B0FF2644BAF1000F04D0A84409EBC7
:1014A000C808C8F870605446E5E79A6E596EA2EB1A
:1014B000060AA24528BFA246314438465246019347
:1014C0000EF098FF019B56449B6EA4EB0A04B342B6
:1014D00014BFABEB060B00265C4528BF5C46002C16
:1014E000D9D05744A244CBE7D036012210B50B46E1
:1014F000EFF311844FF0200181F311881946FFF7B3
:101500009BFF84F3118810BD70B51D4D441C00EB8A
:10151000400005EBC00304EB440405EBC400DC6AA7
:101520008C46012C164612D0022C0CD0FCB99A6ABB
:10153000596A8A429CBF1B6AD218013A511A8E42DC
:1015400018D9204670BDBDE87040FFF70DBF9A6AFC
:101550005C6AA2429CBF1B6AD218013A141BB442B7
:1015600028BF34462246FFF7E3FE204670BD002424
:10157000204670BD32466146FFF7DAFE3446E0E7AA
:10158000D0360122F8B50B4B04461B780D46532B81
:10159000164601D0FFF718FFEFF311874FF0200137
:1015A00081F31188324629462046FFF7ADFF87F3C5
:1015B0001188F8BDD036012210B5064C2378532B84
:1015C00001D0FFF701FFE36E206FC01A18BF0120A2
:1015D00010BD00BFD0360122D0E9013210B504465B
:1015E000501C984207D8236899540246E168636802
:1015F0000131C4E902019A4200D010BD216820697E
:10160000FFF7C0FFA368984215BF4FF0FF330023D8
:10161000E360A36010BD00BF2DE9F84F91428A46F8
:10162000DDE90A84154683461E466AD30B46012728
:10163000B3FBF5F39D4207F10107F9D9B74238BF73
:10164000374614F0010902D1B8F1000F40D1DBF8A0
:101650000C30002B2CDB0124002E14BF3346234614
:1016600001E005FB04F4013BFBD1BAFBF4F39D421E
:1016700005D805FB04F4BAFBF4F39D42F9D9224ED8
:1016800006E0AC42B4FBF5F30CD31C46BAFBF3F313
:10169000F156584604FB13AAFFF79EFFDBF80C3007
:1016A000002BEEDAB9F1000F02D0B8F1000F09D12A
:1016B000BDE8F88F20215846FFF78EFFDBF80C308D
:1016C000002BF5DBB84508F1FF38F3D8BDE8F88FFB
:1016D000A30711D420240CE021465846FFF77CFFD5
:1016E000DBF80C3008F1FF38002BE1DBB8F1000F1C
:1016F000AFD0B845F0D8AAE7002E0CBF3024202484
:10170000F7E701279AE700BF101702022DE9F04F13
:10171000002340259BB00DF1280980460C46174652
:10172000CDE90553CDE90730CDF8109006E004A8C7
:10173000FFF752FF079B002BC0F2AD8014F9011B8D
:10174000002900F0A0802529F1D10026234613F9B5
:10175000011BA1F123020D2A08D8DFE802F07F0760
:101760000707070707077B0783070777A1F1300201
:10177000D2B2092A4FF0000501D90EE0013305EB82
:10178000850501EB450593F900101C46A1F13002D7
:10179000D2B2092AA5F13005F0D92E297FD0002236
:1017A000924694F9001021F00403682B04F101041F
:1017B0005CD02529BBD05839CBB2202BBAD82029F0
:1017C000B8D801A353F821F0ED1801023517010232
:1017D00035170102351701023517010235170102CD
:1017E00035170102351701023517010235170102BD
:1017F0003517010209190102911901023517010279
:10180000351701023517010235170102351701029C
:10181000351701023517010235170102351701028C
:10182000351701023517010273190102351701023C
:101830003517010237190102351701021D1901027E
:101840003517010235170102ED1801021C4646F05A
:1018500002067BE71C4646F0040677E71C4646F086
:10186000080673E71C4646F001066FE714F9011BF2
:1018700021F00403682B9CD114F9011B21F004030F
:10188000682B96D1F2E7079B002B04DD069C002C09
:1018900040F0B280234418461BB0BDE8F08F94F9A5
:1018A00001102A2909D13B684FF0010A1A1D3A603C
:1018B00094F902101A68023475E7A1F13003DBB223
:1018C000092B4FF0000204F1010400F2E18002EB69
:1018D000820201EB420214F9011F303AA1F13003F8
:1018E000DBB2092BF3D94FF0010A5CE71346102253
:1018F000386801680430CDE9005638600DEB02000D
:10190000FFF78AFE079B16E73B6804A81A1D93F9A8
:1019100000103A60FFF760FE079B0CE7386813463B
:1019200001680430CDE900560A22386004A8FFF7A8
:1019300073FE079BFFE63B68191D39601D68002D8B
:1019400000F08D800132AE1815F9011B00293FF41B
:10195000F1AEBAF1000F02D0B5423FF4EBAE04A8ED
:10196000FFF73AFE079B002BEEDA18461BB0BDE8E6
:10197000F08F3A680823116804323A600020102280
:10198000CDE900300DEB0200FFF746FE079BD2E6E3
:101990003B684FF0010AD3F800B004333B608BEA98
:1019A000EB73A3EBEB73092B09DD4A481946A0FB47
:1019B00003C363290AF1010A4FEAD303F6DC924517
:1019C00038BF92460DBB079900250B460029FFF64C
:1019D00062AFBBF1000F46DB730752D406F003037E
:1019E000022B57D0134659460A22CDE9005604A8C7
:1019F000FFF712FE079B9EE62246494640460393A8
:101A0000FFF7C0FD039B234445E7BBF1000F06F041
:101A100002031BDB710719D4002B53D09AB1F307D3
:101A20000FD510E0202104A80392FFF7D5FD0799F8
:101A3000039A00290B4605F1FF35FFF62CAF002D68
:101A4000C4D0AA45EED307990B46BFE7013D0BB1C1
:101A5000002AF8D0F107F6D4002DF2D1B3E74FF009
:101A6000000A1D4D6EE72D2104A80392FFF7B4FD77
:101A7000039ACBF1000B079900290B46FFF60BAF39
:101A8000ACE72B2104A80392FFF7A6FD039AF2E727
:101A9000924688E6002AA5D1002DA3D0554517D936
:101AA000302104A80392FFF797FD0799013D002913
:101AB0000B46FFF6F0AE039A002DEFD10029FFF69A
:101AC000EAAE8FE7F007BCD5079B002B8ADAE2E687
:101AD0000B46F3E7CDCCCCCCC80C02020EB400B55B
:101AE00082B003AB53F8041B01AA0193FFF70EFE6B
:101AF00002B05DF804EB03B0704700BF70B534244A
:101B000082B000944FF48073174A1849184805F0C2
:101B1000ADF9044610B1204602B070BD3826142538
:101B20000122CDE90056134B1349144805F03CFB44
:101B3000044698B90122CDE90056114B11491248CB
:101B400005F032FB04460028E5D0094805F0E8F925
:101B50000A4805F089FB204602B070BD044805F034
:101B6000DFF9204602B070BDA8370122D00C020276
:101B7000A838012290370122E80C02021439012210
:101B800078370122F80C0202DC38012208B5084837
:101B900005F0C6F9074805F067FB074805F064FB48
:101BA000012206490020FFF799FF00BE08BD00BFD3
:101BB000A838012214390122DC380122080D020262
:101BC000022800D07047024B024859680DF002BD50
:101BD000201702029C8101222DE9F0430025A9B0C3
:101BE0003F22002118A80EF0E3FB2322002106A8C3
:101BF0000EF0DEFB039504F08BFF23210346604AC1
:101C000006A80EF0A1FBFFF779FF002840F0A7809F
:101C10000027DFF8A081DFF8A091FFF7CDFC50B3DB
:101C20003F2218A90020FFF761FC02464FF0FF3366
:101C300040460FA909320F9705F0E2F80446002844
:101C400040F082800F9D18A803952C700EF0DFFBEA
:101C5000421C18A9C5F8012005F109000EF0CAFBC5
:101C60004FF0FF3203A9484605F036FB3F222146DC
:101C700018A80EF09DFB232200210FA80497414CC9
:101C80000EF096FB3E4D404E01E00A2826D0012280
:101C9000204604A905F0FEFA0028F6D1049B2A4646
:101CA000D3F8053023210FA80EF04EFB049A1378C9
:101CB000013B052B5FD8DFE803F0312B251C150312
:101CC000002092F909203049FFF708FF04980378B3
:101CD000052B11D105F03AF90A28D8D1012004F0DA
:101CE000E1FC9AE792F9092028490020FFF7F6FE67
:101CF000ECE7D2F8092062BB31460020FFF7EEFE88
:101D00000498E7E7224909320020FFF7E7FEDDE704
:101D1000204909320020FFF7E1FED7E705A8059723
:101D20000EF0F8F89DF815301B4A01939DF8163017
:101D30001A49009300209DF81730FFF7CFFE18498D
:101D40000020FFF7CBFEC1E716490020FFF7C6FED3
:101D500091E715490020FFF7C1FE00BEB6E7044633
:101D600012492846FFF7BAFE224628460E49FFF7D9
:101D7000B5FE00BE4CE70E490020FFF7AFFEA5E719
:101D8000280D020214390122440D02023811020208
:101D900028110202181102029C0D0202A00D02027B
:101DA000C00F0202700D0202080D0202480D02026D
:101DB0003C110202A8380122DC380122F0B50C46A1
:101DC000002783B0064615464FF0FF33144801A99B
:101DD00004F10902CDE9007705F012F8E0B13846C8
:101DE0001049FFF77BFEFFF7D1FE009F3E7004F025
:101DF0008FFE009BC7F8050022462946C3F8014024
:101E000003F109000EF0F6FA4FF0FF32694606487A
:101E100005F062FA03B0F0BD019F0097E6E700BF4E
:101E2000A83801226811020214390122202230B59B
:101E300091B000210DEB02000EF0BAFA0C4B002419
:101E40001846079304E0012004F02CFC75B90798AC
:101E50000AAB0021CDE90344CDE9014409AA00946D
:101E600005F092FB0A9B0546002BECD011B030BD6B
:101E7000C8810122F8B505461C480C46164602F0FA
:101E80004FFE21460246194802F07AFD20B9012D85
:101E9000044603D0022D1AD00020F8BD144F1C2197
:101EA0000220144A3E60FFF789FF386828B12246B5
:101EB0002946114805F0CCF8386800F079FF002871
:101EC000EAD027210D4A0220FFF778FFE4E72A46EF
:101ED0006FF00101084805F0BBF81B212846084AAD
:101EE000FFF76CFF024B1C60D6E700BFA010012279
:101EF000748101229011020278810122AC11020248
:101F0000D41102022DE9F047002496B04022214668
:101F100006A8CDE9034405940EF04AFAFFF786FFC0
:101F2000224621460120FFF749FF4FF49041234606
:101F30002246664802F094FB2321002800F0C0806E
:101F4000634A0320FFF73AFF042105AC2246084606
:101F5000FFF734FF5F4801F03DFF002800F0AA8042
:101F600026215D4A0320FFF729FF04212246084667
:101F7000FFF724FF59495A480CF07CFF05900028D0
:101F800000F092801921574A0320FFF717FF042120
:101F900022460846FFF712FF1E210220524AFFF791
:101FA0000DFF524E524DDFF878A1524FDFF890915D
:101FB000DFF890814FF0FF3403AB00220121384657
:101FC000009405F021F8336893B3424612210220B1
:101FD000FFF7F4FE2121484A0220FFF7EFFE02E05E
:101FE000022004F05FFBFFF7E7FA0028F8D006A90B
:101FF00040220020FFF77AFA306804A900F0CCFFF5
:1020000028B12E213D4A0220FFF7D8FED2E72F212A
:102010003B4A0220FFF7D2FE20223A49306800F006
:1020200027FE58B13021384A0220FFF7C7FEC1E72A
:102030004A463D210220FFF7C1FEBBE73321334A68
:102040000220FFF7BBFE0D210220314AFFF7B6FE4A
:10205000304C2246012105200134FFF7AFFEAC428F
:10206000F7D12D4C01212D4A0620FFF7A7FE22466D
:102070002B4B2C49306800F097FF48B9DAF8003054
:10208000A3420BD01521284A0220FFF797FE91E7C3
:102090002921264A0220FFF791FE8BE72A21244AB4
:1020A0000220FFF78BFE85E72021224A0220FFF75E
:1020B00085FE71E72721204A0220FFF77FFE59E7BE
:1020C00002201E4AFFF77AFE05AC43E75039012291
:1020D000F0110202751E01023812020238190202C2
:1020E0007882012288120202C41202027481012243
:1020F0007081012278810122F81202021C1302026F
:102100004C130202508101227C130202AC13020222
:10211000E0130202528101227F1001001411020219
:10212000708101220000002248140202F013020212
:102130001C140202A4120202601202021412020211
:1021400060140202E412020208B52422054906487E
:1021500004F012FF00B908BD0021BDE808400248A4
:1021600000F008B8A014020278810122FFF7ECBF4A
:10217000704700BF00BE704770B500240E4E0F4D73
:102180001C2301220E490F4834602C7005F0C6F85C
:1021900030B900F08FF800F057F8FFF7E9FF70BD95
:1021A00021460848FFF7E6FF00F084F800F04CF8FD
:1021B000FFF7DEFF70BD00BFC4810122C081012294
:1021C000B0140202A481012238B54FF0FF31144847
:1021D00005F004F9F0B9134B1A7802B138BD0122A9
:1021E000114C1A70FFF7C2FF2368013B2360002BDC
:1021F000F4D00B4D04E02368013B2360002BEDD0AD
:10220000284605F001F90028F5D000212846FFF7FF
:10221000B1FFF0E700210248FFF7ACFFDBE700BFAA
:10222000A4810122C0810122C481012208B503F0EA
:10223000EDF9002008BD00BF08B5FFF7C5FFBDE8F8
:102240000840FFF7C9BC00BF012130B51022B025FE
:102250004FF480540E4889B003680B4403600D4866
:10226000CDE90411CDE90222009000230A4A0B496E
:102270000B480695019405F0D3F808B909B030BDB4
:102280000021074809B0BDE83040FFF773BF00BF29
:10229000C481012238DB012239220102C414020266
:1022A000C881012208B5FFF78FFFBDE80840FFF79E
:1022B00029BE00BF012130B50F22B0254FF4804464
:1022C0000E4889B003680B4403600D48CDE9041142
:1022D000CDE90222009000230A4A0B490B480695DB
:1022E000019405F09DF808B909B030BD00210748F8
:1022F00009B0BDE83040FFF73DBF00BFC4810122F7
:1023000038EB0122A5220102D0140202CC82012264
:102310000021F8B505461D4E1D4C33683422084691
:10232000C3F8F8406F6802F049FA58B32B6B0446C3
:10233000C0E9013700F080F8054620B1204602F0E0
:102340003BFB2846F8BD204600F016F9054600285C
:10235000F4D1204600F040FB204600F0C9F90546C4
:102360000028EBD12146606801F0A8F8012033680D
:102370007C64D3F8CC31A061002BE2D022466168A6
:102380009847DEE712252846F8BD00BF808301226A
:102390009523010210B582B069460C4801F05CF843
:1023A00000242146009801AA01F0AEF808B102B05D
:1023B00010BD0198C3690BB90134F2E700F008F8C9
:1023C000019AD369013BD361F6E700BFB81001223F
:1023D0002DE9F041C76806463B6BB86A012B07F14F
:1023E00020081ED1057896F8222001241AB90FE0A2
:1023F0000134A2420CD345FA04F3DB07F8D5214699
:10240000304600F063FA96F822200134A242F2D25C
:10241000EA070AD4002340463B63BDE8F04102F0DE
:10242000A1B802F05DFB85B2DDE7304600F05EF951
:10243000F0E700BF00000000F0B583B0002101AA62
:102440000646806801F060FA019B022201214FF0EC
:10245000FF301D6A02F0B2F900283DD002229FED44
:10246000246B9FED257B05F180070446C5F88800A5
:1024700085ED257F3846C5F88C2002F073F808BB3F
:10248000D5F89070022F1DD12378204603F0010368
:1024900001336B6102F090FAB3685B69012B05D1DF
:1024A000D5F8EC3013B15B69012B18D0019801F01D
:1024B00049FA00220198114606F1100301F05AF979
:1024C00003B0F0BD204602F077FA5A22062102201E
:1024D00002F0B4F85A20F3E7122003B0F0BD5A22FC
:1024E0000621384602F0AAF8F4E700BFAFF30080F7
:1024F000800000000000000000000000000000005C
:10250000F8B502238568D5E90220D2F8E860AB610E
:1025100001F0DEFB95F82220EF6892B1012402E081
:102520000134A2420DD3EB6AE340DB07F8D5224623
:102530003046A96801F0B0FA95F822200134A24291
:10254000F1D2142002F02EFBB86A02F035FA2946C7
:10255000686800F0BFFF074B1B68D3F8CC311BB194
:102560002A46022069689847284602F025FA00208A
:10257000F8BD00BF80830122F8B50746092201217A
:102580004FF0FF30BE6802F019F908B309229FED41
:10259000366B9FED377B06F18005C6F88800044650
:1025A00086ED257F2846C6F88C2001F0DBFF054626
:1025B00048B9D6F89030092B0DD0422206210220CE
:1025C00002F03CF84225204602F0F6F92846F8BD14
:1025D00012252846F8BD08222046274907F1200386
:1025E00002F0B6F840F20121BA683B6992F8520055
:1025F000DB7C43EA00238B4229D00BD8002BE2D0AE
:10260000B3F5807F23D042252A460621022002F01E
:1026100015F8D8E740F202218B42F4D197F8221046
:1026200008291FD80029CED02B4641F001E0012611
:1026300041F2707002F1F407F83206FA03F147F83C
:10264000331042F8330001330FF009C8BBE797F8A5
:102650002230082B06D840F2FF1141F27073C2E914
:102660003D13B0E74525CFE7A000000006000000BD
:102670000029000000000000CC1001220268022A9C
:102680000FD0032A0BD0012A08B50CD1C268032A47
:1026900010D18369092B0CBF0020572008BDFFF71C
:1026A0002FBFFFF735BE54220721022001F0C6FFDD
:1026B000542008BD572008BD30B40025002914BFA0
:1026C00023242024806884B0C0F88C50CDE90123F5
:1026D000039100949DED007F00F19403803083ED21
:1026E000007F04B030BC01F03DBF00BF0020704748
:1026F00070B504460021006904F10C0201F03EFCB3
:10270000054678B9E66896F90E30002B04DAF37BBB
:1027100003F00303032B07D053220621022001F00C
:102720008DFF5325284670BD4FF0FF308023B26DDA
:102730000A49C6E90B257164B464012130657363ED
:1027400002F03CF8B06228B106F12000BDE870400C
:1027500001F008BFE5601225E4E700BFC92A0102C5
:102760002DE9F04701230D46002681680446C06A22
:1027700084B0AB4012F001070396D1F8E89003EA69
:10278000000652D0002E77D10343E36210230122CA
:1027900029462046FFF790FF4FF00308642001F020
:1027A000C9FF2946204600F0E9F8002850D1294603
:1027B00020460DF10A0302AA00F040F9064600285F
:1027C00046D1BDF80830D90742D59A054FF00A0026
:1027D00004D413F4806F0CBF3E460226A3685B69E5
:1027E000012B14BF4FF0FA0A4FF0320A01F0A2FF9A
:1027F000A16803AAD1F8E8003346CDE900A22A4631
:1028000001F05AFC002844D0112824D0572822D0A7
:10281000B8F101081FD02A464846A16801F03CF9EA
:102820004FF4967001F086FFB8E756BB01232946A6
:102830001A462046FFF740FF112301222946204671
:10284000FFF73AFF1023012229462046FFF734FF05
:1028500004B0BDE8F087144B1B68D3F8CC311BB132
:1028600000218120039A984744220521022001F08B
:10287000E5FE04B0BDE8F0872A46484601F00CF9B1
:1028800084E720EA03032A464846E36201F004F99C
:10289000CCE7054B1B68D3F8CC31002BD8D00146D0
:1028A000039A81209847D3E78083012211230122D4
:1028B000FFF702BF08B501221323FFF7FDFEBDE8B5
:1028C000084043220621022001F0B8BE70B582B054
:1028D0000DF1060301AA05460E4600F0AFF80446C6
:1028E00058B9BDF80630DA0734D4980727D4590709
:1028F0001AD41A070DD4DB0602D4204602B070BDEC
:1029000028463146BDF8042000F030F8204602B0D9
:1029100070BD31462846BDF80420FFF7CBFFBDF857
:102920000630DB06E9D5EBE7BDF804203146284642
:1029300000F020F8BDF806301A07DCD5E9E731468B
:102940002846BDF80420FFF7B1FFBDF8063059074F
:10295000CFD5E9E728463146BDF80420FFF700FF50
:10296000BDF806309807C2D5E9E700BF142301225D
:10297000FFF7A2BE12230122FFF79EBEF0B504238B
:10298000032283B006460F46FFF796FE0446C0B901
:102990000325394630460DF1060301AA00F04EF832
:1029A000044670B9BDF80630DB060DD4642001F092
:1029B000C1FE013DEDD131220621022001F03EFE93
:1029C0003124204603B0F0BD39463046BDF804201E
:1029D000FFF7CCFFF5E700BF838C9B072BD42DE9D5
:1029E000F04190F82270054617B30124A04608E094
:1029F0002B6BA74223EA06062E6304F1010317D0CE
:102A00001C460823032221462846FFF755FE08FAF4
:102A100004F60028ECD195F82600400001F08AFE6B
:102A20002B6BA74246EA03062E6304F10103E7D1AC
:102A30000020BDE8F0810020704700BF2DE9F0477D
:102A40008A460446BAF1000F90464FF001014FF05C
:102A500004024FF0FF3014BF032600261F46A4686F
:102A600001F0ACFE00B305460023042246F0A006A8
:102A700004F18009C4F894604846C4E92633C4F8D8
:102A8000A0A0C4F88850C4F88C2001F06BFD064665
:102A900020B9D4F89030042B0AD02926284601F01A
:102AA0008BFF3046BDE8F08712263046BDE8F08740
:102AB000284602F015F80346A81CA8F8003002F0DA
:102AC0000FF83880EAE700BF426B836A4AB19B691E
:102AD000022B05D0042A03D0222A01D001F042BDE6
:102AE00070470449DA6908680132DA61DC3001F0C4
:102AF000F5BF00BF80830122002170B50546782212
:102B000008466E6801F05AFE80B30446B36A286B2B
:102B10001B6A2146C4E902366060F46100F0CEFC15
:102B2000204600F037F8054650B12146606800F0B5
:102B3000D1FC00232046F36101F03EFF284670BD22
:102B4000204600F0C9F805460028EED1204600F0E6
:102B50002FF905460028E8D101220C4904F15C0058
:102B600001F086FF054620B11525DEE7122528462F
:102B700070BD0120064B1B68D3F8CC31A061002B3F
:102B8000DCD0224661689847D8E700BFDC14020217
:102B90008083012210B50446806882B08368032BCD
:102BA00021D0002101AA00F0AFFEF8B9A3685A694C
:102BB000012A05D1D3F8EC3013B15B69012B1CD08D
:102BC000019800F0BFFE08B102B010BD02460146F8
:102BD00004F10C03019800F0CDFD0028F4D0E36867
:102BE000DC6102B010BD002002B010BD02205122F5
:102BF000072101F023FD5120E6E702205A22072198
:102C000001F01CFD5A20DFE7022370B584684FF005
:102C1000FF3104F15C063046A36101F03BFF05463D
:102C200008B1284670BD206901F052F8E368DB7CEA
:102C3000022B17D0142001F0B5FF2146606800F088
:102C400049FC304601F024FF084B1B68D3F8CC3117
:102C50001BB12246022061689847204601F0ACFE75
:102C6000284670BD606901F033F8E3E780830122F4
:102C70002DE9F04100F15C070E4605464FF0FF31AB
:102C80003846904601F006FF044610B12046BDE8E4
:102C9000F081A8684FF0FF31243001F0FBFE0446BC
:102CA000A0B9D5E90232A121C3E92600C3F88860A2
:102CB000C3F88C80C3F89410D28903F1800052BA13
:102CC00092B2C3F8A02001F04DFC0446384601F052
:102CD00005FF2046BDE8F08170B50546C06882B0AA
:102CE000037CABB1002401AE2146324601F046F927
:102CF000013448B9019B93F90E20002A04DBDA7BEA
:102D000002F00302022A32D0E868037CA342EBD827
:102D10002B694BB3C37C023B012B02D9002002B0CC
:102D200070BD037CEBB1002401AE03E0E868037CD6
:102D3000A34216D92146324601F020F90134002879
:102D4000F4D1019B93F90E20002AEFDADA7B02F02E
:102D50000302022AEAD1802208495A6319656B618D
:102D6000DCE76B69002BD9D1532002B070BD034A58
:102D700058631A65E8682B61CCE700BFE093040054
:102D80000268022A0ED0032A0AD0012A0CD1C26896
:102D9000022A0BD18369072B0CBF002057207047F4
:102DA000FFF732BFFFF7A8BE542070475720704787
:102DB0002DE9F84F80464FF4806201214FF0FF303B
:102DC000D8F8084001F0FAFC002866D00023A121C1
:102DD0004FF48067D8F80C20C4E92513C4F88800A4
:102DE000C4F88C70C4F89C30D38904F180065BBAB7
:102DF0009BB20546C4F8A030304601F0B3FB06464E
:102E000028B1284601F0D8FD3046BDE8F88F2846A5
:102E100001F068FE80B2B842044628BF3C4670B15B
:102E200005F10209DFF88CA0DFF88CB0A1440C2C6E
:102E3000A9EB04070AD8042C0ED8013CF7D10B22C9
:102E40001B4908F11C0001F0A9FDDAE70C225946E4
:102E5000384601F095FD38B104225146384601F05C
:102E60008FFDF0B1013CE2E7A4F10C039BB20C37FB
:102E700008F11C08013B01334021013F434407E0B6
:102E80003B2ABED008F8012B9845BAD00139B8D0FA
:102E900017F8012F002AF3D1B3E712263046BDE818
:102EA000F88F231F9BB2043708F11C08013BE2E7AF
:102EB000141502020C150202FC1402022DE9F0475F
:102EC00000F15C090F4606464FF0FF31484601F01D
:102ED000E1FD044610B12046BDE8F087B0684FF030
:102EE000FF31243001F0D6FD0446002848D10422E9
:102EF00001214FF0FF30D6F8088001F05FFC08F1A7
:102F0000800A0546002841D00422F368C8F89C4096
:102F1000C8F88C20A1240122C8E92542C8F88800FD
:102F20009B7B5046C8F8A03001F01CFB0446F8B962
:102F3000D8F89030013B032B1AD82B783B60D8F897
:102F40009020012A19D96A7843EA02233B60D8F815
:102F50009020022A11D9AA7843EA02433B60D8F8AC
:102F60009020032A09D9EA7843EA02633B6004E02F
:102F700022460721022001F061FB284601F01CFDDA
:102F8000484601F0ABFD2046BDE8F087484601F019
:102F9000A5FD12249FE700BF8369012B01D05B20B0
:102FA0007047FFF78BBF00BF2DE9F04F984683694C
:102FB00083B0012B3ED100F15C0304460F46184656
:102FC0004FF0FF311646009301F064FD024668BBE6
:102FD0002569DFF8A4B0C8F8000005F1200905F163
:102FE000640A11E05946504601F054FD2744024658
:102FF00050BBD8F80030296B0B44C8F800302B6B5D
:103000009C420ED1361B0CD0EB6C4846B34228BF15
:103010003346C5E90A731C4601F0A4FA02460028AB
:10302000E0D00098019201F059FD019A104603B0DA
:10303000BDE8F08F5B220721022001F0FFFA5B223E
:10304000104603B0BDE8F08F5C24484601F0D0FA8A
:103050002A6BD8F8003000981344C8F8003001F00B
:103060003DFD2246072102206C6501F0E7FA224669
:10307000104603B0BDE8F08FE09304000B4630B576
:10308000434A85B004AD844607CA05E907001946DE
:10309000B3F810E0DB7BC969CEF30A0203F0030347
:1030A0003C4CC2EBC20203EB430308690532103308
:1030B000A4FB0242DCE923546B44034413F80C3CA8
:1030C000022803EB92039AB23AD0B4F5007F09D0FC
:1030D00000284BD102EB8202D20092B2AA4227D83A
:1030E00005B030BD002849D1D200AB4292B21FD802
:1030F000D1F8EC000028F3D0D1F8E430013B06E031
:10310000D0F8E430D0F8EC00013B0028E8D00169A9
:103110000229F5D101250021082400F1F40C9D407D
:103120005CF831301D422CD1013C01F10101F7D195
:1031300041220421022001F081FA412005B030BD76
:10314000CEF3C12E0EF1010E1EFB02FEB4F5007F80
:103150001FFA8EF205D0AA424FF00000E8D805B061
:1031600030BDAA42E4D8002005B030BD0128F2D11C
:1031700002EB820292B2AA42F5D9D9E7AB42B7D9A3
:10318000D6E700EBC100D0F8F8309342EBD2CFE79E
:10319000D4190202ABAAAAAA0B4670B4044685B0A1
:1031A0003E4A04AE07CA06E9070019462046B3F8AE
:1031B00010C0DB7BCCF30A02394DCC69C2EBC202F2
:1031C00003F00303053203EB4303A5FB0252103364
:1031D00025696B442B4413F80C3C022D03EB92033E
:1031E00099B2D0E923263DD0B6F5007F0BD0002D53
:1031F00046D101EB8103DB009BB2D31AC0F88C30BF
:1032000005B070BC7047D21A0DB9C90089B2D4F8A4
:10321000EC30C0F88C20002BF2D0D4F8E420013A36
:1032200006E0D3F8E420D3F8EC30013A002BE7D0E5
:1032300018690228F5D11D46012455F8F40F944071
:1032400014EA000227D1013255F832000442FAD0C4
:1032500003EBC202D2F8F8305B1AC2F8F83005B0BE
:1032600070BC7047CCF3C12C0CF1010C1CFB01FCB1
:103270001FFA8CF1521AC0F88C2005B070BC704750
:10328000012DF7D101EB81039BB2D31AC0F88C302A
:1032900005B070BC70470022DAE700BFE0190202F7
:1032A000ABAAAAAA0B4670B4044685B0404A04AE45
:1032B00007CA06E9070019462046B3F810C0DB7BB1
:1032C000CCF30A023B4DCC69C2EBC20203F003030C
:1032D000053203EB4303A5FB0252103325696B440F
:1032E0002B4413F80C3C022D03EB920399B2D0E966
:1032F00023263DD0B6F5007F0BD0002D49D101EB40
:103300008103DB009BB21344C0F88C3005B070BC65
:1033100070471A440DB9C90089B2D4F8EC30C0F82E
:103320008C20002BF2D0D4F8E420013A06E0D3F848
:10333000E420D3F8EC30013A002BE7D018690228DA
:10334000F5D101250020082403F1F406954003E09F
:10335000013C00F10100D9D056F830201542F7D0D9
:1033600003EBC003D3F8F8200A44C3F8F820CDE7F4
:10337000CCF3C12C0CF1010C1CFB01FCB6F5007F59
:103380001FFA8CF110D00A44C0F88C2005B070BC34
:103390007047012DF7D101EB810112FA81F1C0F8DC
:1033A0008C1005B070BC70471144C0F88C10ADE7AC
:1033B000EC190202ABAAAAAAF8B50D4E3368D3E9FC
:1033C000002492B10746002505E0336801351B68EB
:1033D0005834AB4209D9236C012BF6D13846636CC3
:1033E00098470028F1D12046F8BD00242046F8BDBA
:1033F0008083012210B50023044601228EB0CDE95E
:103400000B330A930192B4F856300492B4F8542066
:1034100094F85010CDE9053294F8512094F85230C8
:1034200001A8CDE9071202940993FFF7C5FF48B13F
:10343000034602215A6C01A823640D930191904721
:103440000EB010BD032301A80493FFF7B5FF034698
:103450000028EED15720F3E700232DE9F04182B098
:1034600088463F2201A90746019301F03FFB04462D
:10347000C8B9114E3368D3E9003533B917E0336862
:1034800001341B685835A34211D92B6C012BF6D19E
:10349000019A39462846013201F072FA0028EED12D
:1034A0000446C8F80050204602B0BDE8F081592417
:1034B000204602B0BDE8F08180830122836C33B1E5
:1034C0001A461B68002BFBD10020116070478164F5
:1034D00000207047836C10B50C6843B1994202D14B
:1034E0000FE08B420AD01A461B68002BF9D15B22F1
:1034F0000421022001F0A2F85B2010BD146000201E
:1035000010BD8464FBE700BF836C43B1013101E06F
:103510001B6823B10139FBD10020136070475B2089
:10352000704700BF806C08B100F032B9FF207047CF
:103530000023F0B583B00F463F2201A90646019350
:1035400001F0D4FAC0B9154B1A68D2E9003433B986
:1035500014E0626C5834BA4218D0013B0ED0256C8E
:10356000002DF6D1019A20463146013201F016FABB
:1035700001232846C4E9103703B0F0BD1A22032105
:10358000022001F05BF81A2003B0F0BD582203219D
:10359000022001F053F8582003B0F0BD80830122CF
:1035A0002DE9F8430F46B7F80E8004461646012170
:1035B0004FF0FF30424601F001F930B300230546D9
:1035C0008022C4F8A030062346F4007604F1800976
:1035D000C4F89C604846C4E92258C4F89420C4F852
:1035E000983000F0BFFF064628B1284601F0E4F904
:1035F0003046BDE8F883D4F890304345F5D12946EC
:10360000384600F0F1FC0646EFE712263046BDE8EA
:10361000F88300BF2DE9F04F0922044683B0012151
:103620004FF0FF3001F0CAF8002857D094F85D80C1
:103630000746B8F1000F56D000264FF0090B4FF0A7
:10364000800A04F1800902E00136B04534D0062238
:10365000002346F40071C4E926214846C4E9227BD0
:10366000C4F894A0C4F8A03000F07CFF014660BB11
:10367000D4F89030092B28D1302201F09FF805466C
:1036800050B32046294600F00BFD05F10C0308223B
:103690003846164901F05CF8324629462046FFF7C5
:1036A0007FFF03460028CFD001900136284600F066
:1036B00031F8B045019BCAD13846019301F07CF93D
:1036C000019B184603B0BDE8F08F4222042102207E
:1036D00000F0B4FF4223EFE71223EDE71223184670
:1036E00003B0BDE8F08FFF23E6E700BFE81001223A
:1036F00010B5846914B90AE0646A44B1E37B002B15
:10370000FAD1204600F058FC0028F5D010BD00206A
:1037100010BD00BF38B5846974B1002501E0646A4A
:1037200054B1E37B03B9A568AB42F8D1204600F061
:1037300051FC646A002CF4D138BD00BF10B590B1C3
:10374000044619B1646A74B10139FBD1A07B01321E
:1037500004E0646A3CB1A17B814204D1013AF8D112
:1037600000201C6010BD52220421022000F066FFE0
:10377000522010BD10B40468A04204D180695DF8E5
:10378000044BFFF7DBBF51205DF8044B704700BFCF
:103790002DE9F041846992B0002C3FD00646002507
:1037A0004FF00108022701E0646AFCB1E37B002BC3
:1037B000FAD1A27C617CE37CCDE900120293E36A3A
:1037C00004A803939DED007FD4E90C238DED0A7FBF
:1037D000CDE90484CDE90E230797FFF7EDFD00281E
:1037E000E2D0A061646A0135002CDFD1B5B130466A
:1037F00000F0A8F898B9B4698CB10225E37B3BB915
:10380000A369CDE904541BB15A6C04A810939047E6
:10381000646A002CF2D112B0BDE8F081572012B0DA
:10382000BDE8F08138B509220023046A0546C4E9E1
:103830002532C4F88C30427C04F18000C4E927238F
:1038400000F090FE48B90323A561A360EB7C13F060
:10385000400F0CBF01230223636138BD2DE9F04105
:10386000D0F8E880054608F1770717F801EF002641
:103870001EF0010F4FF0010C00F180001AD00CF186
:10388000010C002308221FFA8CFC01E0C90714D5A3
:103890000CEB0301013A03F101038CB24EFA03F180
:1038A000F4D10136102E2BD017F801EFA4461EF0EC
:1038B000010FE4D16446012303E0012202FA03F37D
:1038C000DBB243EA0E03B04488F8783000220523C7
:1038D000C5F89C40C5E92222C5E92523C5F8A020EA
:1038E00000F040FEEC60044610B12046BDE8F081D7
:1038F00002233220AB6000F01DFF2046BDE8F081BE
:10390000FF242046BDE8F08108B50368984212D133
:10391000836C33B111B90BE0013909D0DB69002B9D
:10392000FAD151220421022000F088FE512008BD66
:103930000020136008BD50220421022000F07EFE0A
:10394000502008BD036810B598421DD1C27C0446C2
:103950005206036A07D59A68032A1CD02046FFF74F
:1039600061FF60B110BD4169D3F8F0209142F2D9F6
:1039700043220421022000F061FE432010BD2046B6
:10398000BDE81040FFF7B4BE51220421022000F030
:1039900055FE512010BD9869FFF7BCFEDEE700BF61
:1039A0002DE9F8431222044601214FF0FF3000F0C8
:1039B00005FF002858D008239FED316B9FED327B27
:1039C000274604F18008C4F88800C4F88C30054606
:1039D000A7ED257F404600F0C5FD064618B9D4F88E
:1039E0009030082B05D0284600F0E6FF3046BDE8B1
:1039F000F88304F14C094B460E222846244900F076
:103A0000A7FE94F85330202B27D8072B27D9214A1B
:103A1000A3F10801C9B2CA40D20720D59FED186BA7
:103A20009FED197B1222A4F87030C4F88850C4F8B6
:103A30008C20404687ED007FC4F8B83000F092FD3E
:103A4000064618B9D4F89030122B11D04222042126
:103A5000022000F0F3FD4226C5E7402BDED02846C9
:103A600000F0AAFF4226C1E712263046BDE8F883DF
:103A70004B460E222846064900F06AFEB3E700BF17
:103A800080000000060000000001000000000000AF
:103A9000F0100122010100012DE9F043304E8FB0FA
:103AA000D6F80080D8E90574002F50D04FF0010CF3
:103AB00005463B4607EB0C0904E0013B04F59A740C
:103AC00012D0F44620680CF1010E0028F5D0D4F88D
:103AD000EC008842F1D1D4F8E4009042EDD1D4F862
:103AE000E800A842E9D1E1464F4530D30A2103223C
:103AF000636CA1600192BBB1226C039301A8536C6B
:103B00009847D6F80080D8F8CC311BB12246002166
:103B100082209847204600F025F800202B6E013BBC
:103B20002B660FB0BDE8F083A369002BEBD09F6933
:103B3000002FE8D0FB6923B1BA6901A8526C039346
:103B400090477F6A002FF5D1D6F80080DBE750223E
:103B50000421022000F072FD50200FB0BDE8F08378
:103B6000808301222DE9F041876C8046002627B32F
:103B7000BD69E5B1EB7B03B9AE682C6A34B910E0DE
:103B80002046646900F018FF5CB1EB7BB342F7D1CB
:103B9000204600F083F82046646900F00DFF002CF9
:103BA000F3D128466D6A00F007FF002DE2D13846B8
:103BB000FF6900F001FF002FDAD1D8F81C0008B12E
:103BC00000F0FAFED8F86430D8F8E8401BBB08F1E2
:103BD000C40000F05DFFD8F80C306BB10121013B4F
:103BE00004EBD30494F8782003F0070301FA03F3FD
:103BF00022EA030384F8783008F1240000F048FF3B
:103C000040464FF49A72002100F00EFF0020C8F8E1
:103C10000000BDE8F08108F16005284600F058F882
:103C2000142000F0BFFF0F212A462046236F98473B
:103C3000CDE700BF38B5C37BC269DB070446D2F8C5
:103C4000E85019D501462846FFF718FAE0B9224690
:103C50000E2128462B6F984700B138BD21462846D3
:103C6000FFF79AFA00220C4904F1640000F000FF0B
:103C70000028F2D1646238BD02460E2128462B6F1F
:103C800098470028EED038BD41220421022000F0E0
:103C9000D5FC412038BD00BF2015020238B5C269ED
:103CA00083680446D2F8E85043B102460F21284603
:103CB0002B6F984704F1640000F0EAFEE37BDB071A
:103CC00005D521462846BDE83840FFF7EBBA38BD98
:103CD000203000F08DBC00BF08B5074C20684FF0C5
:103CE000FF31DC3000F0D6FE2368D3F8F83003B1A2
:103CF000984700F049FBF1E7808301222DE9F04766
:103D0000002482B00E46904601A93F2281461F46FC
:103D1000019400F0EBFE10BBDFF850A0DAF80030A1
:103D20009D681C69F5B1AC4604E0BCF1010C04F1DE
:103D3000940417D0256C002DF7D1019A49462046EE
:103D4000013200F02BFE0121DAF80020C4F86C806B
:103D5000D368A7640B4421642046D360B04702B007
:103D6000BDE8F087122002B0BDE8F0878083012211
:103D7000F8B5174E30684FF0FF3100F5D87000F0FD
:103D800089FE33689A68002AF4D000251C692F4602
:103D90002C44236C022B0AD0336801379A6894357F
:103DA000BA42E7D91C692C44236C022BF4D1636E10
:103DB000002BF1D0002211212046236F9847EFF30A
:103DC000108272B6636E013B636682F31088E3E78C
:103DD00080830122F0B54FF0500C082404262027E0
:103DE00000215F4D87B02B684FF41472C3F8CC01EB
:103DF000C3E907C708465C621E609E605C6100F014
:103E0000DDFC00286FD000212B684FF4B0721861E0
:103E1000084600F0D3FC68B300212B684FF41A6207
:103E20005860084600F0CAFC20B300212E684FF409
:103E30000062B061084600F0C1FC2C68B062A36A61
:103E4000002B4ED000214FF48062084600F0B6FCF3
:103E5000C4F8FC002C68D4F8FC30002B41D00022C0
:103E6000404904F1DC0000F003FE00283FD0152695
:103E70002C6801E012262C68E36A63BBD4F8B031E9
:103E80001BBBD4F8DC30D3B9D4F8FC0010B100F07F
:103E900093FD2C68A06A10B100F08EFD2C68A0691B
:103EA00010B100F089FD2C68606810B100F084FD4D
:103EB0002C68206900F080FD304607B0F0BD04F1A9
:103EC000DC0000F0E5FD2C68DEE704F5D87000F0BA
:103ED000DFFD2C68D5E704F12C0000F04BFE2C68C8
:103EE000CCE71226C8E71226304607B0F0BD2B6893
:103EF00002461D4903F5D87000F0BAFD0028B6D17E
:103F000014264FF4006C01272C68CDE901C60490FB
:103F100003960597034604F12C00A46A134A14493A
:103F2000009400F007FE10B116262C68A4E70226C4
:103F30004FF4806C2C68CDE90407CDE90266CDF81A
:103F400004C0034604F58070D4F8FC40094A0A49CD
:103F5000009400F0EFFD06460028E5D1ACE700BF75
:103F6000808301224015020260150202D93C010241
:103F700080150202713D01029C15020208B503681A
:103F8000984212D1036A33B111B90BE0013909D05B
:103F90005B69002BFAD153220421022000F04EFB72
:103FA000532008BD0020136008BD522204210220C6
:103FB00000F044FB522008BD10B5046A14B907E0B4
:103FC00064692CB12046FFF735FE0028F8D010BDFB
:103FD000002010BD10B5046A2CB12046FFF75EFE2C
:103FE0006469002CF9D110BD2DE9F047C68982B073
:103FF000002E4ED04FF0000807460D46C246DFF8AF
:104000009C9008E0092B04BFAB78BB60B44237D862
:10401000361B25443DD02C786B78022C30D90B2BE5
:1040200019D0042BEED132462946384600F04EF91D
:10403000BAF1000F04D10028E8D002B0BDE8F08743
:10404000B8F10108F7D1C246C7E90988C7F82C8042
:104050000028DBD0F1E76B4608224946284600F0ED
:1040600077FB9DF804109DF805209DF80630B442BA
:104070004FF0010AC7E909129DF80380FB62C7D916
:1040800042220421022000F0D9FA422002B0BDE809
:10409000F087002002B0BDE8F08700BFD4100122F5
:1040A000836C086209602BB11A46DB69002BFBD1D7
:1040B000D1617047816470472DE9F0411E46036E5F
:1040C0007F2B44D805460F46904600F075F804460D
:1040D00000283CD02B6E079A013310602B66C0F885
:1040E000EC7000230127069AC0E93985C0F8F0205A
:1040F000006006613A46C4E902732D4924306761C5
:1041000000F0B6FC0246F0B904F16008C4E91D00F5
:104110002849C4F86080E467C4F8848004F1C400CE
:1041200000F0A6FC78B9022E14BF082640262B6F9B
:10413000284642460E21A4F870609847054678B19B
:104140002846BDE8F08115252846BDE8F0811125F7
:1041500011220421022000F071FA2846BDE8F08106
:1041600020466766FFF77AFB05460028E8D120461F
:10417000FFF716FC05460028E2D12046FFF74AFA71
:1041800005460028DCD12046FFF734F957280546BC
:1041900009D0E0690028D3D0266A002ED0D100F0E3
:1041A0000BFCE661CCE72046FFF7BCF90546F0E7DB
:1041B000B8150202D4150202144B10B51A68D2E9E0
:1041C000053003B34FF04D0C0CFB03F310494D3B8E
:1041D00001FB03F304460022013303E0013B04F535
:1041E0009A740DD050F822104D320029F6D14FF4B8
:1041F0009A72204600F018FC01232360204610BD6F
:104200000024204610BD1C46F8E700BF8083012231
:1042100085382B3F70B50E4600210546842208469E
:1042200000F0CCFA002845D00446AB6A06221B6A8F
:104230002549E36130462460646204F10C0300F018
:1042400087FAE17B228A01F0030152B171B9082A91
:1042500037D0082301E09A4221D05B00B3F5007FFC
:10426000F9D9204600F0A8FB422070BD0229EED00B
:10427000C2F30A03B3F5806FF3D802F4C052B2F56B
:10428000C05FEED0A07C0028EBD0012916D0A96A2F
:10429000096A0969022911D0D20A02FB03332A6A8A
:1042A000A365A56142B113465269002AFBD15C6146
:1042B000002070BD122070BD2C62F9E71028EBD9E8
:1042C000CFE71346EBE700BF001101222DE9F843C9
:1042D00089460021044615460846382200F06EFA49
:1042E00000284CD0074600F10C0309220060254944
:1042F000484600F02DFAD4E90923C7E90B23A36946
:10430000E26ABC627A63002B37D01A465B6A002BE4
:10431000FBD1576297F8108085B1B8F1000F0DD02E
:104320004E4634787378022C0DD9052B13D0AC424D
:1043300009D8042B05D02D1B2644F2D10020BDE85E
:10434000F883B145F7D042220421022000F076F92B
:104350004220BDE8F88331463846FFF75BFF08F19D
:10436000FF3826440028EAD1AC42ECD82D1BE5D01A
:10437000B8F1000FD5D10020E1E7A761CAE712200C
:10438000BDE8F883DC1001222DE9F047DFF8B4A086
:10439000DAF800309A68002A39D000254FF0010978
:1043A0002E4606E0DAF8003001369A689435B242BB
:1043B0002DD91C692C44236C022BF3D1E26C002A0A
:1043C000F0D0002704F14C0858F8043FDBB1EFF3BC
:1043D000108272B6D8F80030013BC8F8003082F382
:1043E000108802213A462046236F9847562809D064
:1043F000A26E09FA07F31340C2070AD5E3B1D8F851
:1044000000306BB9E26C0137BA42DDD8CAE7BDE8CB
:10441000F087002BF6D03946204600F015F8F1E77A
:10442000EFF3108372B60022C8F8002083F31088DF
:104430003946204600F008F83946204600F014F8C6
:10444000E26CE0E78083012238B50D4604462A4637
:104450000021FFF721FB0122A36EAA4023EA0203F9
:104460000020A36638BD00BF2DE9F0430E460027AB
:1044700085B003213246036F0397044698475628B8
:1044800005464ED0642000F055F9B94603AF3246D8
:1044900009212046236F98478046002845D1236F85
:1044A000324602212046984756284FEA901332D0D0
:1044B000C20735D5FA253246009541462046019778
:1044C000FFF7FAFD0546002838D0236C022B45D1B2
:1044D000112812D0572810D0B9F1020F0AD0324655
:1044E00041462046FFF7D8FA642000F023F909F18D
:1044F0000109CCE7642000F01DF901221849A36EE0
:104500000968B240D1F8CC511343A3661DB1002114
:104510008120039AA84744220521022000F08EF84A
:104520004425284605B0BDE8F083642009F101095F
:1045300000F000F9B9F1030FA9D1DEE70122084923
:10454000A36E0968B240D1F8CC711343A366002F63
:10455000E7D00146039A8120B847E2E73325E0E738
:10456000808301222DE9F0414668F769EFF3108559
:1045700072B6BB68013B022B1BD801234363044680
:1045800000F002FB206685F31088B37BD7F8E88043
:10459000590601D1FB6AE3B92246D8F870300C21E4
:1045A00040469847B37B05465A060BD02846BDE8DF
:1045B000F08185F31088B37B5B0601D1FB6A93B170
:1045C0002525F3E707F1240000F088FA2846BDE826
:1045D000F0814FF0FF3107F1240000F05BFA05464F
:1045E0000028D9D0E2E707F1240000F077FAE7E7E6
:1045F000426838B5436BD269012B0446D2F8E80013
:1046000001D0002038BD2246036F0D2198470422B7
:10461000636A656B62630BB120469847012DF0D148
:10462000256E00F0B1FA8542EBD0636A002BE8D129
:1046300004F1440000F052FAE3E700BF074B10B466
:104640001B685C6C1A6401345C649C6C1CB123466E
:104650005DF8044B18475DF8044B704784830122D2
:1046600000285DD02DE9F0410D4621B304461746E0
:104670000A4600211E4600F0D7F92A4A2A4BDFF8E5
:10468000B08004F14C01116004F5697004F5077203
:104690001A60C8F800402544206004F56E7317B313
:1046A00066B104F2D33121F007018D42636022D854
:1046B0001220BDE8F081FA20BDE8F08104F2BF319C
:1046C00021F007018D426060F2D96A1A00F0F8F813
:1046D000D8F8000015490C3000F0AAF9002818BFDE
:1046E0001720BDE8F08104F2BF3121F00701A94293
:1046F0006060DDD2E9E76A1A00F0E2F83246002194
:10470000384600F091F9F91D21F007013E44B1420D
:10471000CED2D8F800205068721A00F0D1F8D7E74E
:10472000FA207047808301227C830122F81502025F
:10473000848301224FF47A7202FB00F0034BA3FB47
:1047400000308009013001F0ADBF00BFD34D6210D1
:1047500082B32DE9F04107460E461C46002501EBC9
:10476000020807E0042B1CD017F8013B04F8013BBA
:10477000464512D016F8013B022BF3D1E30703D5CF
:1047800004F8015BE307FBD4384600F0A9F946457D
:1047900007F1020724F8020BECD1BDE8F08104F820
:1047A000015BA207FBD1384600F006F8043744F855
:1047B000040BDDE7704700BF006870472DE9F0414A
:1047C0000646144600295FD13B4F3B681D68002D0B
:1047D00070D0002C6ED0386807340C3000F03AF9F5
:1047E000731C24F0070455D0072EB04638BF4FF095
:1047F0000708072E4ED9284608EB040100F07EF882
:1048000000284ED0016800F108060A1A16EA080FBF
:10481000A2F1080213D008F10803334423EA080385
:1048200043F8081C6968254E013143F8046C69603F
:10483000A3F108010160081A121A1E460846131B4C
:10484000132B0BD904F10803224604686968C4508D
:104850001A4C034401315C60696003602B68456059
:10486000083B9B1A2B60AB680021834208BF03689A
:10487000304608BFAB6000F0D7F838680C3000F065
:10488000E7F83046BDE8F081012913D10A4F3B68B3
:104890005D689CE72146284600F030F84FF0070895
:1048A000AEE738680C3000F0D3F81222082102205D
:1048B000FFF7C4FE0026E4E784830122EEEEFFFF4B
:1048C000F8B516460C46054602271422002100F0D2
:1048D000ABF826F00302A3180749A2F10806C5E9C0
:1048E0000067C5E902442A6143F8045C43F8084DB7
:1048F0000020C4E90031F8BDEEEEFFFFF0B4D0E9CE
:104900000036B21E03EBC2038B4213D98446D0E9B2
:10491000020398420ED3DCF810201344984209D8C1
:104920000024164D731C4268AA4206D000680BB1E1
:10493000013BF8D10020F0BC70470CB9CCF808005E
:104940000268141A083CA14214D9D2E90074AC429E
:1049500005D0002BEED03846013B0124E7E7076085
:10496000DCF80840013E9442CCF80460F5D1CCF864
:104970000800F2E7002CDDD0F0BC7047EEEEFFFF40
:10498000013205E011F801CB10F8013B9C4503D141
:10499000013AF7D100207047FF2070475AB100B5A7
:1049A00042F001E0013811F8013B00F8013F0FF03F
:1049B00007C05DF804FB704738B50446184D2868F9
:1049C0000C3000F047F8FCB154F8043C154A286854
:1049D00093421AD0CBB102689A4202D042689A42FE
:1049E00013D1104A54F8081C44F8042C1A68083CE7
:1049F0009D68091BA5420A441A6088BF9C600C3060
:104A0000BDE8384000F024B828680C3000F020F8E9
:104A1000BDE83840192208210220FFF70FBE00BF71
:104A200084830122EEEEFFFF0AB10BF0C1BC704798
:104A300010B53423002202F025FB044608B92046B5
:104A400010BD024608210220FFF7F8FD204610BDE8
:104A500002F08EBB08B54FF0FF3102F061FB00B9E8
:104A600008BD0246BDE8084008210220FFF7E6BD68
:104A700010B51C2302F052FC044608B9204610BDB4
:104A8000024608210220FFF7D9FD204610BD00BFD5
:104A900002F08EBC30B50D4604468FB001F0ECFC40
:104AA0000DAA0CABCDE903320BA90AAA09ABCDE9DB
:104AB0000121009307AA08AB06A902F065FD064B89
:104AC000099A1B6820469968914238BF9A60294626
:104AD00002F084FC0FB030BD8483012202F094BC4C
:104AE00000887047008840BA80B27047A8B10023A0
:104AF00010B5013802E00133934207D810F8014F96
:104B0000002CF8D101B10B60002010BDFF2208215C
:104B10000220FFF793FDFF2010BDFF20704700BF6C
:104B200008B5037823B101300BF071FC013008BDEA
:104B3000184608BD30B589B00C9C119D00940D9CA1
:104B400001940E9C02940F9C0394109C0494B02436
:104B5000CDE9055402F064FC044610B9204609B0C2
:104B600030BD024608210220FFF768FD204609B04B
:104B700030BD00BF10B5044602F056FD2046BDE82A
:104B8000104002F0EBBC00BFEFF30582034B1B6843
:104B9000134301D101F070BC0020704708110122BD
:104BA00002F032BD10B582B001F066FC094B01AADB
:104BB0001B680446996802F003FD08B102B010BDFD
:104BC000FFF7EEFF2046019901AA02F0F9FC02B0BE
:104BD00010BD00BF8483012238B5EFF3108C72B68C
:104BE00083685BB10269013B141D83600C6013682C
:104BF000036110608CF31088002038BD0B603AB35D
:104C0000174B1C6824BB174C174D2468E167D4F878
:104C1000AC10E0660131C4F8AC10416AA5664D1CC9
:104C20004562C9B1016A486FC4E91C1004674C674A
:104C300001210820E2641A6820630A441A60A16313
:104C40008CF31088204601F0F7FDD4F8840038BDBD
:104C50008CF31088102038BD0462C4E91C44E7E7D7
:104C6000C48301225C8401226D4C010238B5EFF34C
:104C7000108372B61A4A846E944202D083F310886D
:104C800038BDD0F8AC208A42F8D1C26E002AF5D0E7
:104C9000144914688C42F1D1516A0029EED00024E5
:104CA000013984665162C1B1D0E91C14156A4C67A0
:104CB0008542216711D0026B082ADFD110240A49EE
:104CC000C0F884400A6801320A6083F3108801F05A
:104CD00037FDEFF3108372B6D0E71162EBE700BF48
:104CE0006D4C0102434F4C42C48301222DE9F04137
:104CF000164605461C468846069F033626F00306E0
:104D0000302200210BF054FB27F00307331DBB4278
:104D1000B7FBF3FCC5E90547C5F80480EE6104EB79
:104D200003003ED8BCF1000FE64614BFE6464FF044
:104D3000010E00214EF001E04218625019440FF0BC
:104D400005C8BB428CBF00270127002F0CF1FF32A2
:104D500008BF002203FB02006FF0030214BF63468A
:104D600001230021921BC5E9023381502C61EFF32E
:104D7000108072B60C4A0D49136829600C4963B162
:104D80000968CC6ACD62A562C5E90A1401331360D3
:104D900080F310880020BDE8F081AD620D60ED6207
:104DA000F4E70520BDE8F08194830122434F4C4293
:104DB0009883012238B50346EFF3108C72B650F891
:104DC000042C106AD0B1516A01395162A1B1D0E905
:104DD0001C1411624C67216700240E49C56F0A68D4
:104DE000846601322B60C0F884400A608CF310881E
:104DF00001F0A6FC002038BD1162EDE79168106952
:104E0000013143F8040D136191608CF31088002088
:104E100038BD00BFC483012203322DE9F0410446AE
:104E20000F46984622F00306EFF3108272B6264B27
:104E30001D68256282F310883146204600F018F97B
:104E4000EFF3108272B628B1386082F31088002028
:104E5000BDE8F081236AAB42EBD13860B8F1000FB6
:104E600025D01A4B196811BBD5F8AC101848013180
:104E7000C5F8AC10A16AA866481CEF67EC66AE677F
:104E8000A062C9B96562C5E91C55012009241968E9
:104E9000C5F84C80014419602C63A86382F3108824
:104EA000284601F0C9FCD5F88400BDE8F08182F302
:104EB00010881020BDE8F081616A486FC5E91C10B8
:104EC00005674D67E1E700BF5C840122C4830122CE
:104ED000D54E010238B5EFF3108372B61A4A846ECC
:104EE000944202D083F3108838BDD0F8AC208A42B7
:104EF000F8D1C26E002AF5D0144914688C42F1D161
:104F0000916A0029EED00024013984669162C1B112
:104F1000D0E91C14556A4C678542216711D0026B99
:104F2000092ADFD110240A49C0F884400A680132F6
:104F30000A6083F3108801F003FCEFF3108372B66C
:104F4000D0E75162EBE700BFD54E0102455459420C
:104F5000C4830122F8B51E4615460F4634220021AF
:104F600004460BF025FA4FF0020C002126F0030353
:104F7000EA181548A3F10806C4E9026CC4E906530F
:104F8000C4E90455676042F8044C42F8085DC5E97D
:104F900000202162EFF3108172B60C4A0C481368AE
:104FA00020600C4843B9E462046024630133136059
:104FB00081F310880020F8BD0068056B0463EC6283
:104FC000C4E90B05F2E700BFEEEEFFFF8C83012280
:104FD00045545942908301222DE9F041EFF31081AD
:104FE00072B600241F4A13680460013B136073BB50
:104FF0001D4A136000271D4E446A3368856A0133D9
:10500000C0E90977336081F310889DB14FF0010842
:10501000013DEFF3108272B6336820460133A76674
:10502000C4F884803360246F82F3108801F088FB19
:10503000002DEDD1EFF3108272B63368013B33607F
:1050400082F3108801F05EFB0020BDE8F081064C81
:10505000D0E90B3225681A638542D36208BF23600A
:10506000C8E700BF8C83012290830122C483012200
:10507000F0B5EFF3108C72B6D0E902239C1E02EB60
:10508000C4028A421AD90027324A44691568324E4E
:10509000013305626268B24220D0246893B1013BBB
:1050A0008CF31088EFF3108C72B6026AAA4203D018
:1050B000C368446901330562002BEBD18CF310887F
:1050C0000020F0BD8CF31088EFF3108C72B6036AE9
:1050D0009D42EDD18CF310880020F2E707B94461BE
:1050E00027683A1B083A914214D9D7E900E2B24244
:1050F00004D0744663B1013B0127CFE7C268C4F80E
:1051000000E0013AC2604269BA42F5D14461F3E776
:105110000127C5E7002AD1D0531A132B0AD901F170
:1051200008030A460C49E75023445960C16801311D
:10513000C1602360836860604169083B9B1AA1429B
:10514000836004BF236843618CF3108804F1080076
:10515000F0BD00BF5C840122EEEEFFFFEFF3108391
:1051600072B600287CD02DE9F0413F4A50F8044C3B
:10517000A0F10805944204D01CB13C4926688E4237
:1051800004D083F310880320BDE8F08138490E680D
:1051900050F8081C266240F8042CA268491B0A44F7
:1051A0006169A260A94200D96561A26A002A52D051
:1051B0002D4F656AD5F8788083F3108841462046E4
:1051C000FFF756FFEFF3108372B6A0F108022662D4
:1051D00090B1D4E9091CA94215D050F8085C40F8F8
:1051E000047CA1686069AD1A29449042A16088BF1F
:1051F0006261BCF1000FDCD183F3108801F082FA08
:105200000020BDE8F081A96F4145E6D10CF1FF32E5
:10521000A2621AB3D5E91C21626251670A674FF096
:10522000000E1449C5F868E00A6802F1010CEA6F43
:105230001060C5F884E0C1F800C083F310882846E8
:1052400001F07EFAEFF3108372B6D4F828C0BCF1F7
:10525000000FAED1D0E783F31088D1E76262DEE7BA
:1052600083F3108803207047EEEEFFFF4554594248
:105270005C840122C483012238B5EFF3108372B637
:105280001B4A846E944202D083F3108838BDD0F854
:10529000AC208A42F8D1C26E002AF5D015491468B4
:1052A0008C42F1D151690029EED000251469856640
:1052B000DCB101395161B1B1D0E91C15A0424D6793
:1052C000296710D0026B072ADED10B49C0F8842071
:1052D0000A6801320A6083F3108801F031FAEFF3B3
:1052E000108372B6D0E71161ECE70121D160E9E7E4
:1052F000795201024E445644C483012238B50D460A
:105300000446242200210BF053F86560EFF310816E
:1053100072B60B4A0B48136820600B4843B9A4616E
:105320000460E4610133136081F31088002038BD0C
:105330000068C569C461AC61C4E90605F2E700BF55
:10534000A48301224E445644A883012270B5054629
:10535000EFF3108C72B68468006A24EA00001860CB
:105360002E6A24EA0600002E18BF044602F002004E
:105370000C40002835D0A14233D00498002841D0F9
:1053800027480468002C3DD100293BD0254C2468D7
:10539000C4F88020D4F8AC20E36701326B69C4F80C
:1053A000AC20214AA167E566A2667BBB2C61C4E9FB
:1053B0001C440122072101336B610368049D1344DF
:1053C000E56403602163A2638CF31088204601F03A
:1053D00033FAEFF3108C72B6D4F884008CF3108893
:1053E00070BD002CC9D012F001000CD06B690BB15C
:1053F000286990B1AB68002023EA0103AB608CF30D
:10540000108870BD07208CF3108870BD2A69516F19
:10541000226761670C675467CBE70E432E62F2E7A1
:10542000C48301225C84012279520102EFF3108CC3
:1054300072B6930710D5436933B983680B40836014
:105440008CF31088002070470369002BF5D1036AA4
:1054500063EA01030362F3E72DE9F04F8568036A0D
:105460000D4383B0856013B123EA01030362D0E9E1
:105470000428002A00F08D80B8F1010F00F094801C
:1054800000215D4E8E4633680C4601330F46019273
:105490003360016117E0D9452ED0072910D093421F
:1054A0003DD0596F51670A6701998B4267D04169B6
:1054B00001394161002C39D0CEF870309E461F670B
:1054C000B8F1010838D08CF31088EFF3108C72B665
:1054D000C168134629B18268019BD0F81480C76067
:1054E0001543D3F880A0D3F878901AF0020F1A6F02
:1054F000196B05EA090BCED10729D0D1BBF1000FFA
:10550000DED0D96F1AF0010F0D6003D0816821EA57
:105510000901816093429F66C3F88470C1D1002164
:105520000191416901394161002CC5D1B8F10108EF
:105530001C679E461C46C6D1019B0361036A0BBBD8
:105540008CF310886CB12046246FEFF3108272B692
:1055500033680133336082F3108801F0F1F8002CD6
:10556000F1D1EFF3108272B63368013B336082F3FE
:10557000108801F0C7F8002003B0BDE8F08F196F64
:10558000019194E78268C0F8208022EA03028260D9
:10559000D6E7B8F1000F01D00123C3608CF3108867
:1055A000002003B0BDE8F08FD2F88010936F8E0713
:1055B00005EA030401D59C42F0D1002CEED0D46F53
:1055C000C907256003D5816821EA030181600023B2
:1055D000094CC0E904332168936601312160C2F8A7
:1055E00084308CF31088104601F0AAF8EFF3108392
:1055F00072B683F31088BEE7C483012208B500F0B9
:1056000077FFBDE8084001F00FBB00BF10B50E4C9E
:10561000236813F10F3F0AD04FF0F033236002F0FC
:1056200089FEFFF7EBFF094A1368013313604FF05F
:10563000F033074A23601068FCF79EFD00232360C7
:10564000BDE8104002F0C6BE08110122C483012249
:105650008883012238B5EFF3108372B61A4A846E3C
:10566000944202D083F3108838BDD0F8AC208A422F
:10567000F8D1C26E002AF5D0144914688C42F1D1D9
:10568000D1690029EED0002401398466D161C1B10D
:10569000D0E91C1495694C678542216711D0026BD3
:1056A0000D2ADFD11D240A49C0F884400A6801325E
:1056B0000A6083F3108801F043F8EFF3108372B6A9
:1056C000D0E79161EBE700BF555601024554554DB7
:1056D000C483012270B50446EFF3108372B60D4EF9
:1056E000D0F8A40032680132326028B93268013A39
:1056F000326083F3108870BD0125856083F31088C4
:1057000000F05EF9EFF3108372B6D4F8A40000281D
:10571000F3D1EBE7C483012270B504460E4615466B
:10572000002134220AF044FE66602561EFF3108107
:1057300072B60C4B0C480D4A0D4D2560186013686D
:105740000C4843B92462046064620133136081F33E
:105750001088002070BD0068456A44622C62C4E96C
:105760000805F2E7C0830122D55601029C8301227D
:105770004554554DA0830122F8B5EFF3108C72B655
:10578000384A83681468E3B90123C0E90234A4B13C
:105790000369012B03D12023E26A83624261D4F8BA
:1057A000A430002B40D01A6B1863D062C0E90B32D2
:1057B000D4F8A0300133C4F8A0308CF31088002056
:1057C000F8BDC268A24229D021B3274B1D680DBB8A
:1057D000D4F8AC50E0660135C4F8AC50234DA56652
:1057E000C56935BB8461C4E91C440135C561E16408
:1057F0001968013119600D2101232163A3638CF322
:1058000010880369012B1BD0204601F015F8D4F84D
:105810008400F8BD8CF310881D20F8BD013383602F
:105820008CF310880020CBE7C4F8A400C0E90B007B
:10583000BEE78669776F266767673C677467D4E75A
:10584000E16A836A8B42D2F89C3088BF81629942B8
:10585000D36A38BFC2F89C109942D5D2104600F0E6
:1058600053F8D1E75C840122C4830122555601021A
:1058700070B5EFF3108C72B6C469012C26D9826919
:10588000022C116FD36ACD6A1DD01E4E9646336826
:105890000133336005E0C4691A46196F8B4219D091
:1058A0009E46D36ACD6A9D4238BF0A468CF3108863
:1058B000EFF3108C72B683697345ECD1C569A542CC
:1058C0001ED02C46E8E79D4238BF81618CF31088DA
:1058D000002070BD3168934201F1FF31316009D081
:1058E000D2E91C4161670C67596FC2E91C310A6734
:1058F0005A6782618CF3108800F004FF002070BDAD
:10590000096FCBE7C48301222DE9F04104460D461F
:10591000EFF3108272B6036B53B1D0F89830E162A6
:105920008B4228BF0B46C36382F31088BDE8F08129
:10593000C3640E23036301231E4983630B68DFF8EE
:105940007C800233D8F80060C76A0B6082F310884D
:1059500000F072FFEFF3108272B6D4F89830E5626F
:10596000AB4228BF2B46E36382F31088204600F049
:10597000E7FEEFF3108272B6D8F800309C4207D0F1
:10598000216B29B9D96AE36A8B4205D8B44208D0A1
:1059900082F31088BDE8F081E06B8342F8D9814240
:1059A000F6D3AF4238BF0449C8F8004038BF41F8C9
:1059B0002340EDE7C4830122C883012258840122D9
:1059C000EFF3108272B68368002B5ED07C492DE91C
:1059D000F04109680446C0689446884203D0794D76
:1059E0002968002962D0013BA360002B49D100281F
:1059F00047D0D0F8A030013BC0F8A030002B5AD0DF
:105A0000D4E90B311963CB62D0F8A410A14252D073
:105A1000A6692369002E31D0012BD0F894707AD07A
:105A2000E369684D012B35D9002E47D04FF00008AF
:105A3000D6F8A020002A66D1C6F8A440C4E90B44D9
:105A40000132C6F8A0200122013BE660E361A260BA
:105A5000002B52D1A36100222B68B26601332B6068
:105A6000C6F884208CF310882369012B00F089800C
:105A7000304600F065FE0020BDE8F081002BCBD160
:105A8000E36082F310880020F6E782F310881E207E
:105A90007047A66996B12369012B2AD12023F26AA7
:105AA000D4F80C80A3626261E369C1E782F31088D5
:105AB0001E20BDE8F081C0F8A430A9E72B680133AF
:105AC0002B608CF310882022E068C36AA262BB427C
:105AD00002D03946FFF718FFEFF3108272B60021AB
:105AE0002B68E160013B2B6082F3108800F00AFE16
:105AF000C9E74FF00008E3699AE7336F726FA3615B
:105B00005A671367A7E7D6F8A410086B0C63C46242
:105B1000C4E90B1094E72B4D2B6801332B6082F303
:105B20001088D0F8A460202133464BB11A69012AAD
:105B300003D19A6A914228BF1146DB6A9E42F4D192
:105B4000EFF3108C72B62A68E3698F4228BF0F46C4
:105B5000013A012BC0F89C102A609AD92269012AC7
:105B60001BD12B6801332B608CF310882046FFF784
:105B70007FFEEFF3108C72B62B68A669013B2B6099
:105B800088E7E36973B9D8F82C30BB423FF470AFB3
:105B900039464046FFF7B8FE6AE7A669002E7FF453
:105BA00045AF8BE72046FFF763FEEFF3108272B636
:105BB000A3690BB1DB6AA36282F31088E3E700BF3D
:105BC0005C840122C483012238B5EFF3108372B6DE
:105BD0001C4A846E944202D083F3108838BDD0F8FA
:105BE000AC208A42F8D1C26E002AF5D0164914685A
:105BF0008C42F1D1D16A0029EED0002401398466AB
:105C0000D162E1B1D0E91C14956A4C6785422167E5
:105C100015D0016B0529DFD112690C49002A0CBF90
:105C20000A240B240A68C0F8844001320A6083F316
:105C3000108800F085FDEFF3108372B6CCE7916217
:105C4000E7E700BFC95B010255455551C4830122F6
:105C5000F0B5164685B00F463822002104461D4691
:105C60000AF0A6FB0A9BB200B3FBF2F3CDE90255A2
:105C7000009503FB0255C4E9017601959DED007F77
:105C8000636184ED067FE360EFF3108172B60B4A27
:105C90000B48136820600B484BB9246304606463AD
:105CA0000133136081F31088002005B0F0BD006857
:105CB000456B44632C63C4E90C05F1E7AC83012216
:105CC00055455551B08301222DE9F041EFF3108184
:105CD00072B600241F4A13680460013B136073BB53
:105CE0001D4A136000271D4E846A3368C56A01335C
:105CF000C0E90A77336081F310889DB14FF0010845
:105D0000013DEFF3108272B6336820460133A76677
:105D1000C4F884803360246F82F3108800F010FD93
:105D2000002DEDD1EFF3108272B63368013B336082
:105D300082F3108800F0E6FC0020BDE8F081064CFC
:105D4000D0E90C3225685A638542136308BF23608B
:105D5000C8E700BFAC830122B0830122C4830122C3
:105D600003462DE9F047EFF3108C72B60569C66A59
:105D700035B38768002E50D1066A012F56F8042BE0
:105D80000A600ED97A1E42F001E0304650F8044B0A
:105D900041F8044F0FF007C007F18047013F06EBC1
:105DA0008706DA695969B24208BF9E69013D01312F
:105DB0001E62C3E904518CF310880020BDE8F0870F
:105DC000002A7AD06C4D2868002876D16B4C246864
:105DD000C4E91F10D4F8AC10E3660131C4F8AC106C
:105DE0006749A166002E6DD0996A486F2167606788
:105DF00004674C67012105200136DE622B68E264EE
:105E00000B442B602063A1638CF31088204600F0C4
:105E100013FDD4F88400BDE8F087806AD0E91F54F0
:105E2000012C05F1040251D0D3F82080012F58F83D
:105E3000044B0C6072D907F1FF3A44464AF001E086
:105E400054F8049B41F8049F0FF007C007F1804409
:105E5000D3F81C90013C08EB8401494571D01962CC
:105E6000596AD5F800E08846434D2F6801372F6006
:105E70002F68013F2F6048F804EB4AF001E052F828
:105E8000047B41F8047F0FF007C008EB8408C84585
:105E900008BFD3F81880013EC3F8248038D19E6231
:105EA0000022DE622B68826601332B60C0F88420FA
:105EB0008CF3108800F044FC7FE78CF310880A20F4
:105EC000BDE8F0879C62C4E91C4493E72C68012F6D
:105ED0000C6008D9013F47F001E052F8044B41F84B
:105EE000044F0FF007C0013E44D0D0E91C219A6254
:105EF00051670A6700222049DE620B68826601331F
:105F00000B60C0F884208CF3108800F019FC54E773
:105F1000026F416F9A6251670A67C1E7D3F81C901C
:105F2000C8450ED02968144DC3F820802A68D3F8DC
:105F3000248001322A602A68013A2A6048F8041B4A
:105F4000A5E7596AD5F800E088460B4D012F2C686B
:105F500004F101042C602C6804F1FF342C609C696E
:105F60001C6248F804EB92D907F1804407F1FF3A2C
:105F7000013C82E79E62BDE7C48301225C8401226A
:105F8000C95B0102F8B50346EFF3108C72B64069A5
:105F9000DD6A30B39C6851F8046B002D4DD11A694D
:105FA000013801321A615A6A012C1546586145F8C8
:105FB000046B0DD9601E40F001E051F8040B42F86B
:105FC000040F0FF007C004F18044013C05EB840589
:105FD000DA69AA4208BF9D695D628CF310880020CF
:105FE000F8BD002A4DD02C480668002E49D12B4C14
:105FF0002468C4E91F16D4F8AC10E3660131C4F874
:10600000AC102749A166002D41D0996A4E6F2167D7
:10601000666734674C6701210135DD620525036839
:10602000E2640B4403602563A1638CF3108820466F
:1060300000F002FCD4F88400F8BD013D986A24D039
:10604000026F476F9A6257673A670022DD62C36F3B
:10605000012C82661E6008D9013C44F001E051F831
:10606000042B43F8042F0FF007C000210A4AC0F8A0
:1060700084101368013313608CF3108800F060FB08
:10608000ADE78CF310880B20F8BD9D62DDE79C62C4
:10609000C4E91C44BFE700BFC48301225C84012221
:1060A000C95B010238B5EFF3108372B61A4A846EE9
:1060B000944202D083F3108838BDD0F8AC208A42D5
:1060C000F8D1C26E002AF5D0144914688C42F1D17F
:1060D00011690029EED00024013984661161C1B133
:1060E000D0E91C14D5684C678542216711D0026B3A
:1060F000062ADFD10D240A49C0F884400A6801321B
:106100000A6083F3108800F01BFBEFF3108372B674
:10611000D0E7D160EBE700BFA5600102414D4553D8
:10612000C4830122002330B4C0E901120360C360BC
:10613000036143618361EFF3108172B60B4A0C4C2B
:10614000136804600B4C4BB94061206080610133DF
:10615000136081F31088002030BC70472468A56963
:10616000A0616861C0E90545F1E700BFB483012281
:10617000414D4553B88301222DE9F041EFF31081E1
:1061800072B600241F4A13680460013B136073BB9E
:106190001D4A136000271D4EC4683368056901332A
:1061A000C0E90377336081F310889DB14FF0010897
:1061B000013DEFF3108272B6336820460133A766C3
:1061C000C4F884803360246F82F3108800F0B8FA3A
:1061D000002DEDD1EFF3108272B63368013B3360CE
:1061E00082F3108800F08EFA0020BDE8F081064CA2
:1061F000D0E9053225689A618542536108BF236062
:10620000C8E700BFB4830122B8830122C4830122FE
:10621000F8B5EFF3108272B683682BB1013B83604F
:1062200082F310880020F8BD31B3174B1C681CBBEB
:10623000164C174D2468A566D4F8AC50E0660135BD
:10624000C4F8AC500569DDB1C668776F266767672B
:106250003C6774670135056101200625E164196812
:10626000256301441960A06382F31088204600F082
:10627000E3FAD4F88400F8BD82F310880D20F8BD4D
:10628000C460C4E91C44E5E7C48301225C840122A4
:10629000A560010238B50346EFF3108172B60269BA
:1062A00032B982680132826081F31088002038BDE3
:1062B000013AC06813D0D0E91C45DC6065672C67E3
:1062C0000024084D1A612B68846601332B60C0F8E6
:1062D000844081F3108800F033FA002038BDDA6082
:1062E000EEE700BFC48301222DE9F84F0446DDE943
:1062F0000A568A469146EF21324628460C9F984618
:10630000DDF838B00AF054F8B022002120460AF037
:106310004FF82023C4F89C300D9B374A9F424FF022
:106320000303666106F1FF36E56035442046C4E9A3
:106330001198C4E906BBC4E915243049C4F828A063
:10634000E762C4F89470256104BFE763C4F89870ED
:10635000236302F093F8EFF3108072B62849294ABC
:106360000B682260284A6BBBC4F888401460C4F8EC
:106370008C40264A01330B601368013313600F9B76
:10638000012B29D1EFF30582214B1B681343B3F195
:10639000F03F07D280F31088204600F0D1F90020AA
:1063A000BDE8F88F1B4B1D68002DF3D0EB6AEE6B38
:1063B000EB6380F31088204600F0C2F90020EE6302
:1063C000BDE8F88F1268D2F88C50C2F88C40C5F83E
:1063D0008840C4E92225CCE780F31088EFF31081D0
:1063E00072B61368013B136081F3108800F08AF9DC
:1063F0000020BDE8F88F00BFE16A01024D6601028E
:10640000508401224452485454840122C4830122FE
:106410000811012258840122EFF3108272B6036B37
:10642000013B012B03D982F310881120704710B46F
:1064300000240F490B680460013B0B6083B1D0E975
:1064400022310C4CC3F88C10C1F88830216881428D
:1064500008BF236082F3108800205DF8044B70476A
:1064600004490B6082F3108800205DF8044B7047EC
:106470005084012254840122EFF3108372B6024A41
:10648000106883F3108870475C8401222DE9F04185
:10649000DDF82880DDE906C7DDE90865EFF3108E39
:1064A00072B609B1846A0C600AB1016B11600BB15C
:1064B00042681A60BCF1000F03D0D0F89430CCF8D9
:1064C000003017B1D0F898303B600EB1836933606B
:1064D00015B1D0F888302B60B8F1000F02D0036FEF
:1064E000C8F800308EF310880020BDE8F08100BFAE
:1064F0002020044A04491368086043F0C7731360FE
:10650000704700BFBC830122488401222DE9F84373
:1065100004460D46EFF3108172B6D0F89430136044
:10652000036B7BB1D0F89C30C0F89450AB4228BFCD
:106530002B46C0F89850C363C36281F310880020D3
:10654000BDE8F883C3640E2301221F4E0363336842
:10655000DFF87C900333D9F80070D0F82C80826388
:10656000336081F3108800F067F9D4F89C3020463E
:10657000AB4228BF2B46C4E92555E363E36200F034
:10658000DFF8EFF3108272B63368013B3360D9F85D
:1065900000309C4207D0216B29B9D96AE36A8B424B
:1065A00001D8BC4206D082F3108800F0ABF800207E
:1065B000BDE8F883A84538BF0449C9F8004038BF92
:1065C00041F82340EFE700BFC4830122C8830122C2
:1065D00058840122174B10B41B68EFF3108C72B66D
:1065E0001549D3E907029A420860D86A20D0134CB3
:1065F000134944F820200A60124A1268824203D2EA
:106600000E4850F822200A608CF310880A689A42DB
:106610000BD04FF080520C4B5A60EFF3058323B937
:10662000EFF3108362B683F310885DF8044B704774
:106630000349E1E75C84012264840122C8830122CA
:10664000588401224884012200ED00E038B5124B45
:106650001C68D4E911309847104B1B680BB12046D9
:106660009847EFF3108072B6012200250C4922638F
:106670000B68A26313440B60E56480F31088EFF3AA
:10668000148323F0040383F31488BFF36F8F204631
:10669000BDE8384000F0D0B85C840122C0830122FC
:1066A000C483012238B5EFF3108272B6124B1C6816
:1066B00064B1EFF30581114B1B680B4306D110B990
:1066C00082F3108838BD0E4B196819B182F3108817
:1066D000132038BDC4F884101968042501311960ED
:1066E0000123E0642563A36382F31088204600F051
:1066F000A3F8D4F8840038BD5C840122081101227B
:10670000C48301220A4B1B688BB90A4A0A4B1268E0
:106710001B689A420BD04FF08052084B5A60EFF33F
:10672000058323B9EFF3108362B683F310887047B3
:10673000C48301225C8401225884012200ED00E020
:10674000F8B50446EFF3108572B6436E002B5DD0AA
:106750004C3000F0AFFA314AA06B1368216B013B5B
:106760001360002847D159B92D492E4B1B6885F37A
:1067700010880968994202D01368002B2DD0F8BD0B
:10678000636B002B3CD1E06A2749236351F820302A
:1067900033B1586A224904625C62C4E90830E4E714
:1067A0004FF0010C214E41F8204033680CFA00F103
:1067B0001F4F0B4333603B68C4E9084483421849C8
:1067C000D3D90B6838603BB3DB6B8342CDD90C6007
:1067D00085F310881368002BD1D14FF08052154BF0
:1067E0005A60EFF30583002BC9D1EFF3108362B633
:1067F00083F31088F8BD01390129B5D9636B3BB12A
:10680000032000230649C4E90C03AEE7C364A2E7F2
:106810000349A3632363A8E70C60A6E7C4830122AE
:10682000588401225C840122C88301224C84012205
:106830004884012200ED00E0F8B5394B04461D689C
:10684000EFF3108672B685423CD0364AA16B1368CE
:10685000012903F1FF33136008D0334B86F310880E
:106860001B68AB4201D01368F3B1F8BD4FF0000CC8
:10687000236AE06A9C42C4F838C032D0616A2B4F68
:1068800059620B6257F82010A14227D0264B196895
:10689000A142E3D12649096857F82110196086F30F
:1068A00010881368002BE0D14FF08052214B5A60C2
:1068B000EFF30583002BD8D1EFF3108362B683F397
:1068C0001088F8BDEB6C013B033303D805F14C0095
:1068D00000F0C4F9184BE2691A60B6E747F82030B7
:1068E000D4E7DFF858E0114FDEF80030814023EAAA
:1068F000010347F820C0CEF8003033B193FAA3F378
:10690000B3FA83F30A490B60C0E720200849064C1C
:106910000860236086F310881368002BC4D0F8BD8C
:106920005C840122C483012258840122C88301228D
:106930004884012200ED00E0648401224C8401229D
:1069400070B50446EFF3108672B64C3000F0B2F921
:10695000236B022B3CD0012B3AD0424D2A680132E6
:106960002A60002B3AD101220221E3642B682163C3
:1069700013442B60A26386F31088EFF305823A4B31
:106980001B6813435BD04FF0E023D3F8343FD807A4
:1069900005D5EFF31483B0EE400A590753D52046CE
:1069A000FFF74AFFEFF3108372B683F310882F4B83
:1069B0001B680BB120469847EFF3108272B62B6824
:1069C000013B2B6082F31088FFF79CFE002070BD16
:1069D00086F31088FFF796FE002070BD022001228A
:1069E000A36ED4F8AC102063A26386F310880BB1B9
:1069F00020469847EFF3108372B60022A26383F318
:106A00001088EFF30582184B1B68134324D04FF016
:106A1000E023D3F8343FDA070DD5EFF31483B0EE5B
:106A2000400A5B0707D4EFF3148323F0040383F3D6
:106A30001488BFF36F8FEFF3108372B6B5E70C4B7A
:106A40001B68A3429FD1EFF3148323F0040383F365
:106A50001488BFF36F8FA2E7054B1B68A342D6D102
:106A6000E1E700BFC483012208110122C083012293
:106A70005C840122144B1B68EFF3108272B6002075
:106A80001249086093B1196B81B9186A10B4D969B9
:106A90000F4C98429961216003D0D96ADB6B99420F
:106AA00007D082F310885DF8044B704782F310889A
:106AB0007047084C084B246843F8210053F82430F1
:106AC00006490B60EDE700BF5C84012200850122CE
:106AD0006484012248840122C8830122588401224F
:106AE000EFF3108C72B6026B042A07D0826ED0F8D6
:106AF000AC108CF3108802B110477047034A13683A
:106B0000013313608CF31088FFF71ABEC48301228F
:106B1000EFF3108372B6024A106883F3108870474F
:106B2000048501222DE9F04F83B0EFF3108A72B68D
:106B3000374A1768002F5FD1364E3368002B5BD081
:106B40000123DFF8D880DFF8D8B0DFF8D8901360E1
:106B5000314B1B681868009008B1C0F818D0D8F8FD
:106B600000002D4A43F8047B8342136008BFDBF822
:106B70000030376008BF13608AF31088EFF3108A83
:106B800072B6009C002C32D001AD12E0203820609B
:106B9000A56124610194C9F800408AF31088EFF3DD
:106BA000108A72B6019BC9F800709C422BD0009CE1
:106BB000ECB1236901979C4223D06069586103615D
:106BC000C3F818D0206800932028DFD8D4E9012327
:106BD000E068226012B12A4624610194A261C9F8DA
:106BE00000408AF31088002BD9D09847D7E7336844
:106BF000002BADD1064A13608AF3108803B0BDE8BC
:106C0000F08F0023DEE72046A76100F027F8CEE7EB
:106C10006884012270840122748401227884012214
:106C20007C8401226C840122002230B4064B074D83
:106C3000074C03F180002B6023600649064B086077
:106C40001A6030BC704700BF808401227C8401221E
:106C500074840122788401226884012203685A1E08
:106C6000033201D8826902B17047202B28BF20234C
:106C70000D4A0E4912680968013B02EB83039942F1
:106C800008D91A685AB1516908615061C0E90421F4
:106C90008361E9E7064A5B1A12681344F1E7C0E929
:106CA00004001860F4E700BF748401227884012294
:106CB0007C840122836963B1026990420AD04169F0
:106CC00051610A611968814204BF93611A6000230F
:106CD000836170471A688242F9D100221A60F6E790
:106CE000B8B110B40D4B04689C4203D002205DF88B
:106CF000044B704779B132B1EFF3058C084B1B6838
:106D000053EA0C0303D15DF8044BFDF765BF042083
:106D1000EDE7022070470320E9E700BF434F4C42F4
:106D2000081101222DE9F047DDE9088408B1302C73
:106D300002D00220BDE8F087894692461F460646EB
:106D4000EFF3108172B6234B1A6801321A6081F397
:106D50001088214A1468214A15684CB1A84207D00E
:106D6000A44601E0AE4203D0BCF1010CAD6AF9D1FA
:106D7000EFF3108172B61A68013A1A6081F3108835
:106D8000FFF7C0FCAE42D4D0FFB12AF003030433B6
:106D900028F00302934216D8EFF30581104A1368D6
:106DA0000B4306D0EFF3058113680B43B3F1F03FBB
:106DB0000DD33B46524649463046CDF82080BDE8CB
:106DC000F047FDF793BF0520B4E70320B2E7132097
:106DD000B0E700BFC483012294830122988301227B
:106DE0000811012230B150F8043C1BB1034A1B6862
:106DF000934201D003207047FDF7DCBF434F4C4264
:106E0000E8B130B4174C0568A54202D0022030BC6E
:106E10007047E1B1AAB1C469944212D3CBB9124C04
:106E2000EFF3058C256855EA0C050DD0EFF30585C9
:106E300024682C43B4F1F03F06D21320E7E7022088
:106E40007047052030BC704730BCFDF7E5BF03201C
:106E5000DDE7EFF3058C044C256855EA0C05DFD01F
:106E60000420D4E745545942081101222DE9F04786
:106E7000089C08B1342C02D00220BDE8F0870646F9
:106E8000894690461F46EFF3108172B6204B1A6870
:106E900001321A6081F310881E4A15681E4A146870
:106EA0004CB1A84207D0A44601E0AE4203D0BCF1E9
:106EB000010CED6AF9D1EFF3108172B61A68013A4C
:106EC0001A6081F31088FFF71DFCAE42D4D0B8F1F0
:106ED000000F18D0632F14D9EFF305810F4A136800
:106EE0000B4306D0EFF3058113680B43B3F1F03F7A
:106EF0000BD33B46424649463046BDE8F047FEF7D5
:106F000029B80520B9E70320B7E71320B5E700BF8C
:106F1000C4830122908301228C8301220811012263
:106F200018B1084A0368934201D002207047EFF37A
:106F30000582054B1B68134301D013207047FEF7F1
:106F40004BB800BF455459420811012280B1EFF3FC
:106F50000581084A13680B4306D0EFF305811368D7
:106F60000B43B3F1F03F01D3FEF7F8B8132070479D
:106F7000032070470811012208B1242A01D00620FD
:106F8000704770B505460E46EFF3108172B61A4A87
:106F900013680133136081F31088184B18491B687C
:106FA0000C681BB904E0013BA46901D0A542FAD1E9
:106FB000EFF3108172B61368013B136081F3108800
:106FC000FFF7A0FBA54212D0EFF305810D4A13682D
:106FD0000B4306D0EFF3058113680B43B3F1F03F89
:106FE00007D331462846BDE87040FEF787B9062032
:106FF00070BD132070BD00BFC4830122A483012291
:10700000A88301220811012270B4039C18B10E4D0F
:107010000668AE4202D0062070BC70477BB134B126
:10702000EFF3058C094D2D6855EA0C0509D1032AAB
:1070300003D8039470BCFEF789B90820ECE703205D
:10704000EAE70420E8E700BF4E4456440811012255
:1070500098B110B403680A4CA34203D006205DF82F
:10706000044B704732F0020303D008205DF8044B54
:1070700070475DF8044BFEF7D9B90620704700BF92
:107080004E44564408B1342B01D01C207047F8B54B
:1070900005460F461646EFF3108172B61C4A136878
:1070A0000133136081F310881A4B1B491B680C686D
:1070B0001BB904E0013B246A01D0A542FAD1EFF3E9
:1070C000108172B61368013B136081F31088FFF7DB
:1070D00019FBA54217D0012E01D91F20F8BDEFF3EF
:1070E00005810E4A13680B4306D0EFF30581136840
:1070F0000B43B3F1F03F08D3324639462846BDE88A
:10710000F840FEF709BB1C20F8BD1320F8BD00BFF6
:10711000C48301229C830122A08301220811012241
:1071200018B1114B02689A4201D01C20704779B9FE
:107130000E4BEFF3058C1A6852EA0C0206D0EFF3FF
:1071400005821B681343B3F1F03F0AD3FEF714BB6B
:10715000EFF3058C054B1A6852EA0C02E9D00420C3
:1071600070471320704700BF4554554D0811012248
:1071700018B10B4B02689A4201D01C207047EFF304
:107180000581084A13680B4306D0EFF305811368A5
:107190000B43B3F1F03F01D3FEF712BC132070474D
:1071A0004554554D081101222DE9F047DDE90884C9
:1071B00008B1382C02D00920BDE8F08789469246F4
:1071C0001F460646EFF3108172B6234B1A68013250
:1071D0001A6081F31088214A1468214A15684CB15D
:1071E000A84207D0A44601E0AE4203D0BCF1010C96
:1071F0002D6BF9D1EFF3108172B61A68013A1A605B
:1072000081F31088FFF77EFAAE42D4D017B30AF1AB
:10721000FF330F2B11D8BAEB980F0ED8EFF305817F
:10722000104A13680B430BD0EFF3058113680B432F
:10723000B3F1F03F04D21320BEE70520BDE8F0878C
:107240003B46524649463046CDF82080BDE8F047DF
:10725000FEF7FEBC0320AFE7C4830122AC8301220A
:10726000B08301220811012218B1084A0368934231
:1072700001D009207047EFF30582054B1B681343CB
:1072800001D013207047FEF71FBD00BF5545555173
:1072900008110122B8B110B40D4B04689C4203D010
:1072A00009205DF8044B704779B132B1EFF3058CDA
:1072B000084B1B6853EA0C0303D15DF8044BFEF73F
:1072C0004FBD0420EDE7092070470320E9E700BF28
:1072D0005545555108110122B8B110B40D4B046841
:1072E0009C4203D009205DF8044B704779B132B15C
:1072F000EFF3058C084B1B6853EA0C0303D15DF8D0
:10730000044BFEF73FBE0420EDE709207047032041
:10731000E9E700BF554555510811012208B11C2B62
:1073200001D00C207047F8B505460F461646EFF31E
:10733000108172B61A4A13680133136081F3108802
:10734000184B19491B680C681BB904E0013B6469C0
:1073500001D0A542FAD1EFF3108172B61368013B58
:10736000136081F31088FFF7CDF9A54213D0EFF336
:1073700005810E4A13680B4306D0EFF305811368AD
:107380000B43B3F1F03F08D3324639462846BDE8F7
:10739000F840FEF7C7BE0C20F8BD1320F8BD00BFB3
:1073A000C4830122B4830122B8830122081101227F
:1073B00018B1084A0368934201D00C207047EFF3DC
:1073C0000582054B1B68134301D013207047FEF75D
:1073D000D3BE00BF414D45530811012218B1084BDF
:1073E00002689A4201D00C20704729B1EFF3058260
:1073F000044B1B68134301D1FEF70ABF04207047FA
:10740000414D45530811012218B1044A03689342C3
:1074100001D00C207047FEF73DBF00BF414D4553E2
:107420002DE9F04F85B0DDE910940194129CDDE95F
:107430000E570394139C0294149C08B1B02C03D0F3
:107440000E2005B0BDE8F08F8B4690469A46064662
:10745000EFF3108272B6DFF800C1DCF800300133C0
:10746000CCF8003082F31088384B7A1E1968384BFC
:107470002A441C6889B1A0420FD0E368AB4254D8BB
:107480002069A84251D901200025934242D823699E
:1074900093423FD90025D4F88840EFF3108272B6AA
:1074A000DCF80030013BCCF8003082F31088FFF7A5
:1074B00029F9A642C4D0002D3BD0B8F1000F38D036
:1074C000C72F34D9B9F11F0F39D8019B994538D34B
:1074D000029B012B31D8EFF305811E4A13680B4341
:1074E00006D0EFF3058113680B43B3F1F03F2AD3C5
:1074F000029B42461393039B59461293019B3046CD
:10750000CDE910935346CDE90E5705B0BDE8F04FD5
:10751000FEF7EABE0139D4F88840BED0A642BCD0FE
:107520000028BAD1E368AB42AAD90020ADE7052014
:1075300087E7032005B0BDE8F08F102081E70F201A
:107540007FE718207DE713207BE700BF50840122EE
:107550005484012208110122C4830122EFF3058122
:10756000074A12680A4306D118B1064A03689342D3
:1075700003D00E20704713207047FEF74DBF00BFA9
:1075800008110122445248542DE9F043DDF82C90B3
:10759000DDE90767DDE909E818B10568074CA54290
:1075A00002D00E20BDE8F083CDE90A89CDE9087E3E
:1075B0000796BDE8F043FEF769BF00BF4452485448
:1075C000B0B130B40E4B05689D4202D00E2030BCE5
:1075D000704792B11F290DD8EFF30584094B1B6842
:1075E000234302D030BC1320704730BCFEF78EBF5F
:1075F0000E2070470F2030BC70470320E7E700BF24
:107600004452485408110122054B1B682BB1EFF37B
:107610000582044B1B68134300D07047FEF7DABFA6
:107620005C8401220811012218B1084A03689342C0
:1076300001D00E207047EFF30582054B1B68134302
:1076400001D013207047FFF77BB900BF4452485464
:1076500008110122704700BF2DE9F0470239144696
:10766000C56E82B00C2908D8DFE801F014070707BF
:1076700007070707070718141000022054220121EA
:10768000FCF7DCFF542002B0BDE8F0874FF4007334
:10769000A260D364002002B0BDE8F08700235768E1
:1076A000864A2361AD1AB5FA85F5FB7B6D0913F0A7
:1076B000030664D0B31E012BECD8D7E90612BB7BBE
:1076C000487CDB430728D168E768C3F3C01200F0A9
:1076D000EB800928009233460CBF952215222846DC
:1076E00089B206F035F880464FF4347680216B423B
:1076F000334005FB06F608EBC80ADFF8E49103EB1C
:10770000CA03A268103306EBCA064E44DFF8D4C1A0
:1077100003EB090EB260A6F82680284649F80370EC
:10772000CEF80470C6F804C086F83B1086F82850DE
:1077300002F01EFF624ADFF8B0C152F82520002D8A
:10774000F2635CF825204FF04803326414BF4FF415
:1077500034720022706413FB08205A4F05EB850534
:1077600008EB4505584947F825404844103441F88E
:10777000254005F0BFF800288CD0232083E7002D9A
:1077800014BF4FF01C084FF00008504B4FF0FF3172
:1077900098444046FFF722FEA369092B6BD0B446FC
:1077A00030466269E16842EA032262F30F0C226A02
:1077B000C5F1000E62F30F00E2690EF00A0E62F3EB
:1077C0001F4C434A61F31F4042F80EC0DFF81C9182
:1077D0009644CEF80400DFF818C105EBC50009EBAC
:1077E000C000052BC0F804C04FEAC5003FD13346A6
:1077F000AE00002D284406EB050709EBC00614BFB8
:107800000A2000204FF0000C104402EB4702A6F8BB
:1078100026C013814FF0010C8022A368B061284676
:107820007161A6F82CC0B36086F83B2086F828501A
:1078300002F09EFE002D706414BF48200020224BF1
:10784000E2684844103443F83740326104F02EFABD
:10785000002D14BF4FF48C7300231E484FF0FF31EE
:107860001844FFF7BBFD4046FFF7CEFD12E7AE0020
:10787000FB699B89BDE74FF41060154AE36905EB8E
:10788000850122F81100DFF8649002EB41014B8082
:107890008E80CE8005EBC5030F4909EBC303596009
:1078A000AE00E168E800E3E789B217310B4802EB6C
:1078B0004103DBB210F8038016E700BF001035402B
:1078C0004CD2012288870122D88701220885012213
:1078D000588E012240850122F9800102189201226E
:1078E00028880122F578010244D20122C88D0122A4
:1078F000897B0102F8B590F8282090F8265023499A
:1079000002EB820305EB430351F8236004467368DE
:107910009B695F7C8DB32946204601F061FC2046BF
:1079200001F06CFCC3061AD594F82830184903EB13
:10793000830305EB4303226951F823301A60092FB2
:1079400001D0072F05D10022736A72630BB1304654
:10795000984706F14400BDE8F840FDF7BFB894F839
:1079600028300B4A03EB830305EB430552F825202F
:10797000D4E904315B1A1360E1E74FF48C70054BD6
:1079800000FB0230FFF740FDC5E700BF88870122FA
:10799000D8870122408501222DE9F04F0E468F68DD
:1079A000F3697A798969072A8146B1F800B01B88A2
:1079B00087B03AD04FF0000A7768B7F80280002409
:1079C00004ADB8F1000F15D0CDF808B003969B4672
:1079D00006E0052B14D0337823449CB2444508D2EA
:1079E0003E197378042BF4D17379092B1AD00E2B1E
:1079F000F1D1039E0022F3681A8007B0BDE8F08F32
:107A0000594699F828005246CDE90065029B05F0D9
:107A1000F3FE014628B12A4699F8280004F06EFECC
:107A2000D9E7FEE74FF0950AD5E73A7997F8008055
:107A3000C2EBC20290444FF0110A1FFA88F8BEE769
:107A40002DE9F04390F8289080460F4683B0B9F1B5
:107A5000000F3DD12F4B1B681A0CADF804308DF888
:107A600006202D4B1B689E681C6976B1002503E03B
:107A7000B54204F1940408D0022201A904F10E00D9
:107A800008F09EFC01350028F2D10422234904F1BC
:107A9000090008F095FC90B97B1E012B06D93946E8
:107AA000484603B0BDE8F04305F0C6BD1C4B1D4A77
:107AB00003F8090098F82830D05498F828903946EF
:107AC000484605F0B9FD012F0AD003B0BDE8F083A8
:107AD000154B1B681A0CADF804308DF80620C0E772
:107AE00000212046FCF7B0FC0023236698F828000C
:107AF0000E4DC0EBC00005EB8000FFF785FC98F849
:107B00002800C0EBC00005EB800003B0BDE8F043E7
:107B1000FFF74EBC081602028083012210160202F3
:107B200074C4012270C401220C16020208850122CD
:107B300009032DE9F843012464268146104DDFF83E
:107B400044808FB202E001340A2C17D099F8283013
:107B500004EB840206FB03F303EB4203EA5A2B44D3
:107B6000012AF0D1DB8808EA03039F42EBD1A1B2DE
:107B70004846013405F0A6FD0A2CE7D1BDE8F8839C
:107B80005091012200F0FFFFD823D0E904212DE914
:107B9000F04F044640F2233690F828E0AB4FAC4D4E
:107BA00003FB0E73B3F806908369511A0EEB8E0235
:107BB00055F832001A8894F8265089B0B2420395DD
:107BC000016000F0EB8040F223118A4200F0DE8079
:107BD000A32A2ED1D4E904129E4B8A1A1846A16812
:107BE00008F008FC026802F0FF13B3F1011F00F077
:107BF000E280B3F5803F00F04581974E3388002B3B
:107C000000F0E680954B1B88002B00F0E18002F429
:107C1000E062B2F5407F00F00182B2F5A06F00F0A3
:107C20002282B2F5807F00F033820021A369318087
:107C30001A88B2F5A06F37D1894A59881388090389
:107C40001B024FF40062204603F47F4301F47041AD
:107C500002F0E8F8834E94F82830204636F81320D6
:107C6000A3695988090301F4704104F0F5FFA36981
:107C700094F828205988DFF8FCC136F812002CF857
:107C8000121002EB420201EB420240284FEA01319E
:107C900075480CBF41F0080141F0400120F8121076
:107CA0000021724A11601A8894F82800B2F5D06F4A
:107CB000834640F006825E88F50505D5D4E90421A7
:107CC000521A122A00F0A180B1055846DE464ED560
:107CD000D4E90421521A092A49D9DFF89081D8F849
:107CE0000060002E00F0518101361A88C8F800604B
:107CF00040F601318A423AD1B9F10E0F37D844F239
:107D0000820222FA09F2D20731D5594EB3F802A005
:107D100006EB80267788B3F80480FFB100229446F2
:107D200007E0BCF1010F56D0B15C0A4492B2974211
:107D300014D906EB020B9BF801100429F1D19BF832
:107D400002104145F0D19BF803105145B15C08BFCA
:107D50004FF0010C0A4492B29742EAD8454B33F8EF
:107D60001E1021B12046FFF7E3FE94F828E04FF4FF
:107D70008C73039A4048C2EBC205AD0003FB0E555D
:107D80002844FFF741FB09B0BDE8F08F324B1B8858
:107D9000002BECD00122314B1A80E8E737481979E3
:107DA0002F4A03881180002BDFD001222A4B94F840
:107DB00028E01A80DBE701210023304A1180264A9F
:107DC0001380264A1380A3691A8832E7DDF81490DD
:107DD000A3691A882DE70529A6D19BF9021000296D
:107DE000A2DBB9F1070F9FD119891E4BCDF800B066
:107DF00006AE33F810301122019605F0FDFC002884
:107E000040F02A8194F828E0A8E7A3681C4900B252
:107E1000D3F80080D3F804E0D3F808C0DE6800EBA4
:107E2000800001EB800241F82080C2F804E0C2F833
:107E300008C0D6601B8A1382A3691A88B2F5D06F76
:107E400040F03D815E8894F828B03DE7A0B901225A
:107E5000D88701227C870122828701228087012224
:107E600086870122ACB80122B8B8012278870122A6
:107E700058C90122B0B8012240850122848701221D
:107E800058D101224FF000088F499048A1F8008096
:107E9000A3698F49A0F80080A1F800808D48197966
:107EA00094F828B08C4A018032F81B00002890D04A
:107EB0009246CDF8149009E03AF81B2008F1010829
:107EC0001FFA88F39A4281D9824B1988D82303FB81
:107ED0000BF308EBC80203EB8203FA5A4FEAC80619
:107EE0008A4207EB0305E7D12046AB69EA88698837
:107EF00098474FF00109049604E009F10109B9F12E
:107F0000090F1DD01FFA89F63146204605F01EF8EC
:107F10006B88B0EB033FF0D194F828306F4A03EB45
:107F2000830309EB430352F8233023B1082231467F
:107F3000204602F0E7F93146204600F0F9FBDCE785
:107F4000D82200210A204FF6FF7502FB0BF2049E97
:107F500094F82830464402EB860207EB020C03EB50
:107F60004306BCF8023003EB46035D4EBE505D4E47
:107F7000ACF8040006EB03121B01F552508091800F
:107F8000D180118194F828B096E75748A16800EB9A
:107F90008B2008F02FFA94F828B04F4A584632F850
:107FA0001B30002B00F088805B46D8259346CDF827
:107FB000109006E03BF813100136B2B29142184619
:107FC00025D905FB03FA06EBC6020AEB820A07EB8A
:107FD0000A09B9F804200A2AECD14946204605F0DE
:107FE00069FE10B194F82830E4E7494694F8280077
:107FF0003E4BDDF8109033F8103086464B80354B01
:10800000D8F800601B8827F80A30A3696CE69E4602
:10801000DDF81090D8F80060A36965E62D4B4FF4A9
:1080200000621B8800211B02204603F47F4301F0FD
:10803000F9FE00214022204604F00EFE08214FF0F8
:10804000400C94F828302A482A4A20F813C003EB41
:10805000430322F82310E8E50146324694F828004D
:1080600004F04CFBCEE61B4B4FF400621B88002152
:108070001B02204603F47F4301F0D4FE0021C022FE
:10808000204604F0E9FD4FF400714FF0C00CD8E732
:10809000104B4FF400621B8800211B02204603F4A2
:1080A0007F4301F0BFFE00218022204604F0D4FD72
:1080B00040214FF0800CC4E7DE46A36914E694F833
:1080C0002800864614E600BF8487012282870122A9
:1080D0008087012286870122A8B8012288B7012261
:1080E000FFFF00F0E0B8012258C90122B0B8012218
:1080F000ACB80122B8B8012270B54FF48C7C4FF0B7
:10810000460E1C22044690F828300F4D90F82600A9
:1081100025F813E00CFB03F312FB00300B49084475
:10812000FFF772F90A4B94F8282033F8121011B1B6
:108130002046FFF7FDFC2046A38DE28C4FF49271A0
:10814000BDE8704003F064BED0B801224085012232
:10815000B0B80122704700BF30B403464FF4106539
:1081600001210222044C0020C3F88C501C67D96402
:108170001A6430BC704700BF5976010230B5184B05
:10818000184C8FB0CDE90043174A184B9129CDE91F
:10819000022304469DED007F154B0FD08DED077F28
:1081A000144A0B9306920C9304AD092329462046EA
:1081B000ADF8163004F06AFA0FB030BD07220D4951
:1081C00004AD069129468DED077FCDE90B33ADF85F
:1081D000162004F05BFA2946204604F057FAE4E73B
:1081E000997901025581010255760102417A010215
:1081F00005BB0102F8190202F0B5074695B0002848
:108200007BD1424B1B681A0CADF804308DF8062068
:108210003F4B1B689E681C6976B1002503E0B542A0
:1082200004F1940408D0022201A904F10E0008F020
:10823000C7F801350028F2D1FBF7BEFF012100602D
:1082400081600546334BE06E0022C01AB0FA80F020
:10825000C5F8EC20C5F8E84040098DF8300002F080
:1082600087F9034602A8139302F064FE0026C02893
:108270001CBF8038B0FA80F04FF0080208BF02201F
:108280004FF001044FF0FA01C5E91D6605F16003E6
:108290002B66C5F88430D5F8E83018BF4009A5F83A
:1082A00070201A6E28611C482244C5F8F010ED6752
:1082B00040F82750C5F8E460EC60184983F878402E
:1082C0001A6605F124002246FCF7D2FB4FF48C70AD
:1082D000134A1C2300FB072012493246FFF71EF801
:1082E0001C2322461048C7EBC707104900EB870044
:1082F00015B0BDE8F040FFF711B80D4B1B681A0C24
:10830000ADF804308DF8062082E700BF081602029F
:10831000808301220010354070870122B8150202C7
:108320004085012218160202088501222C1602023D
:108330000C16020210B472B60020154A154B1649ED
:108340001468164A18600B68146043F00103144C5B
:108350000B60144A2368A2FB03239B09013BB3F182
:10836000807F0AD24FF0E0224FF0F00C07210E4C34
:10837000536184F823C090611161F02200210A4BFF
:1083800083F82310DA7783F822205DF8044B7047D6
:108390000000000288830122001000E060840122B6
:1083A000ECD90122D34D621000ED00E038B5074D45
:1083B000074C2868206038B90121084607F0BAFD4B
:1083C000286820600028F7D038BD00BF58840122FB
:1083D0005C8401220022074B1A60EFF3148C2CF00E
:1083E000040C8CF3148862B64FF08052024B5A6032
:1083F000FEE700BFC483012200ED00E01B480168D6
:1084000000292DD0EFF3098323E9F00F1EF0100FA0
:1084100001D123ED108A43F804ED8B60144C2368DE
:1084200013B18B6100232360124E3668D6B106600B
:10843000706801307060B0692060F16801F1280156
:1084400081F30B88B36853F804EB1EF0100F01D1D1
:10845000B3EC108AB3E8F00F83F309887047FEE7A6
:10846000034CE1E7FFF7A2FF0646E1E75C84012247
:10847000648401225884012200F01CB86FF00203CA
:1084800070B504690D4624F00704A4F14406866023
:10849000342244F8443C0021A4F1400007F088FF56
:1084A0004FF0FF324FF0807344E9032544F8043C59
:1084B00070BD00BF244925480A680368013210B521
:1084C0000A6013B1013B0360DBB1214A214C136800
:1084D00021681868F8B101221F4B1A60FEF722FBD1
:1084E000236833BB1D4B1B6853B11D4A126893426E
:1084F00006D01C4B1B681BB94FF080521A4B5A60B8
:1085000010BD0121124A134C13681868216010B184
:10851000114B1960E2E71548043300681360834289
:108520000AD00D4B1B6811B9002BDBD0D6E7002B0E
:10853000D4D1FEF79FFAD5E70D48074B00681B68BA
:1085400010600029F0D0F2E7048501226484012242
:108550007484012200850122708401225884012242
:108560005C840122C483012200ED00E078840122B2
:108570007C84012210B5044631B900F0F5FDC30535
:1085800017D54FF4807010BD00F02AFE204600F091
:1085900035FE10F4807F204606D000F05DFE800A94
:1085A0000130800180B210BD00F06AFEC0F30A0005
:1085B00010BD204600F0F6FD00F07F0010BD00BFAA
:1085C0002DE9F843564B90F82860054633F81630ED
:1085D0000C469BB2022B00F09880524F06EB8603AC
:1085E00001EB430357F82310B30029B1012002F037
:1085F000B3FE95F82860B3000022334404EB430334
:108600002146284647F8232004F0BCFB95F8286053
:1086100000F1FF391FFA89F92146284600F0C0FC15
:108620002146284600F0EEFC2146284600F02CFDAD
:108630002146284602F06EFC6423012206FB03F368
:1086400004EB8401384F03EB41033B44598837481E
:108650004FEA840830F81630A240002952D0134364
:108660009BB2B9F1010F20F816300AD8642306FB3B
:1086700003F308EB040203EB420341F480613B4443
:1086800059802146284600F0ABFD642306FB03F326
:1086900008EB040203EB42033B44284659884FEAA7
:1086A000420900F0BBFD012E32D0642303FB06F625
:1086B000A04406EB480637442846F98800F0F0FD50
:1086C0002846398900F0FAFD2846002100F088FD8F
:1086D0002146284600F066FE2146284602F006FCA8
:1086E0002146284600F016FE2146284600F0E4FC0C
:1086F0002146284600F0F8FC21462846BDE8F8430C
:1087000000F00ABD23EA0203ABE74FF6FF7983E7E7
:1087100007EB09022846B2F8681000F08DFDC4E7A7
:108720005CD2012288B70122509101226C8E012275
:1087300070B53C4A90F82830054632F813200E46B2
:1087400092B2022A14D0384C03EB830201EB4202AE
:1087500054F822109A0029B1012002F0FDFD95F88D
:1087600028309A0000211A4406EB420244F82210F5
:108770003146284602F0CEFB3146284600F010FC78
:108780003146284600F03EFC3146284600F07CFC8D
:1087900048F22F034FF400420021284600F02EFA41
:1087A0000021284600F008FA10F02F04F0D13146DD
:1087B000284600F015FD2146284600F02FFD2146F1
:1087C000284600F039FD2146284600F069FD214683
:1087D000284600F073FD2146284600F001FD314691
:1087E000284600F0DFFD3146284602F07FFB314687
:1087F000284600F08FFD3146284600F05DFE3146E8
:10880000284600F06FFE3146284600F055FC314600
:10881000284600F069FC31462846BDE8704000F06B
:108820007BBC00BF5CD2012288B7012270B5012257
:1088300006460D464FF6FF7400F010FE29463046FE
:1088400000F04AFD013C10F0200FA4B200D170BD31
:10885000002CF3D170BD00BF70B504460E4682B146
:10886000531E012B15460BD80A46294600F0A8FADC
:108870002946204600F0A0F900F00F008642F7D10B
:1088800070BD41EA030545F4004648F22F03324625
:108890000021204600F0B2F90021204600F08CF9BA
:1088A00000F02F008542F0D170BD00BF70B50546C5
:1088B00016466424FFF7D0FF0BE0284600F030F89E
:1088C000013C284600F066F8A4B20A2002F014FA2F
:1088D00034B13146284600F0C3FA8304EDD570BDAB
:1088E000FF2070BD70B504460D46164600F0FAFD37
:1088F00029462046324600F00BFE29462046BDE8B8
:10890000704000F0C3BD00BF38B504460D4600F00E
:10891000D3FD29462046BDE8384000F0E3BD00BF46
:1089200090F82820054B33F812309BB2022B1DBF64
:10893000436C188880B20020704700BF5CD20122CF
:10894000084B90F8282033F812309BB2022B01D04C
:10895000012A00D07047426C13889BB243F0800319
:10896000138070475CD20122094B90F8282033F81D
:1089700012309BB2022B01D0012A00D07047426C0A
:10898000138823F080031B041B0C1380704700BF67
:108990005CD2012290F82820054B33F812309BB2AC
:1089A000022B1DBF436C988880B20020704700BF27
:1089B0005CD2012210B5084B044690F8280033F829
:1089C00010309BB2022B01D1002010BD01F0D0FD70
:1089D0000389606498B210BD5CD20122406C0389A7
:1089E0009BB223EA02030A4013430381704700BF8E
:1089F000426C13899BB223EA01031381704700BFC5
:108A0000426C13899BB243F400731381704700BF1B
:108A1000426C138923F400731B041B0C13817047F1
:108A20000B4B90F8282033F812309BB2022B04D065
:108A3000012907D0022908D009B100207047436CF2
:108A400058697047436C98697047436CD8697047A0
:108A50005CD201220B4B90F828C033F81C309BB23B
:108A6000022B04D0012906D0022907D001B170479A
:108A7000436C5A617047436C9A617047436CDA618A
:108A8000704700BF5CD2012210B41A4C90F8283015
:108A9000024634F8130080B202280CD04BB90129E9
:108AA0001BD0022915D0184631B9536C988A80B270
:108AB00002E0012B03D000205DF8044B7047012930
:108AC00013D002290DD00029F5D1536CD88A80B279
:108AD000F2E7536C988B80B2EEE7536C188B80B240
:108AE000EAE7536CD88B80B2E6E7536C588B80B2C0
:108AF000E2E700BF5CD20122144B90F8280033F863
:108B000010309BB2022B00D038B901290BD00229BA
:108B100006D021B90E4B9A827047012806D07047C3
:108B20000B4B9A8370470A4B1A837047012909D06F
:108B3000022904D00029F2D1064BDA827047054B96
:108B4000DA83ECE7034B5A83704700BF5CD2012203
:108B50000000254000103540144B90F8280033F8F1
:108B600010309BB2022B00D038B901290BD002295A
:108B700006D021B90E4B1A757047012806D07047F0
:108B80000B4B1A7770470A4B1A767047012909D0A8
:108B9000022904D00029F2D1064BDA757047054B43
:108BA000DA77ECE7034BDA76704700BF5CD201223C
:108BB00000002540001035400F4B90F8282033F876
:108BC00012309BB2022B13D001290CD0022904D100
:108BD000436C988D2C3380B2704749B9436C188C24
:108BE000203380B27047436C188D283380B27047B1
:108BF00000231B88FFDE00BF5CD2012210B4124CA0
:108C000090F828C034F81CC01FFA8CFCBCF1020F8D
:108C100016D0012911D0022902D1406C2C3002E07B
:108C200071B9406C203001881A4089B221EA0303EF
:108C300013435DF8044B03807047406C2830F2E723
:108C400000231B88FFDE00BF5CD201220F4B90F88F
:108C5000282033F812309BB2022B13D001290ED0FA
:108C6000022902D1426C2C3202E059B9426C203206
:108C7000138823F400531B041B0C13807047426CB1
:108C80002832F5E700231B88FFDE00BF5CD20122FB
:108C900010B51A4B90F8282033F812309BB2022BF3
:108CA00027D0012927D0022916D011BB446C2034CB
:108CB00002F042F8238823F48053B0B123F00F036D
:108CC0001B041B0C238023881B07FCD123889BB229
:108CD00043F48053238010BD446C02F02DF8A38D23
:108CE0002C3423F480530028E8D11B041B0C238070
:108CF000ECE70024DCE7446C2834D9E75CD201229D
:108D00000F4B90F8282033F812309BB2022B13D06F
:108D100001290ED0022902D1426C2C3202E059B94D
:108D2000426C2032138823F480531B041B0C1380E5
:108D30007047426C2832F5E700231B88FFDE00BF36
:108D40005CD2012230B41D4D90F8284035F8143023
:108D50009BB2022B17D0012926D0022910D091B93D
:108D6000416C203135F814309BB2022B06D064B927
:108D70000B88E2B19BB243F480630B8030BC704738
:108D8000416C2C31EEE70021ECE7012CF6D10B8889
:108D900023F440631B041B0C0B80002AEED00B88CD
:108DA0009BB213430B80E9E7416C2831DAE723F4E7
:108DB00080631B041B0C0B8030BC70475CD201220B
:108DC00030B5264B154690F8282083B033F8123082
:108DD0009BB2022B3FD0012936D0022911D1446C1D
:108DE000A38D2C349BB2ADF8063001F0A5FF78B905
:108DF000BDF8063023F480531B041B0CADF806307D
:108E000006E041BB446C238C20349BB2ADF80630A5
:108E1000BDF8063023F00F031B041B0CADF8063021
:108E2000BDF806309BB2238023881B07FCD1BDF818
:108E300006309BB243EA0502ADF80620BDF80630C5
:108E40009BB2238003B030BD446C238D28349BB289
:108E5000ADF80630C9E700231B88FFDE5CD2012293
:108E60000F4B90F8282033F812309BB2022B13D00E
:108E700001290CD0022904D1436CD88D2E3380B245
:108E8000704749B9436C588C223380B27047436CA9
:108E9000588D2A3380B2704700231B88FFDE00BF45
:108EA0005CD201220F4B90F8282033F812309BB28D
:108EB000022B14D001290FD0022902D1426C2E328C
:108EC00002E061B9426C223213886FEA43436FEAD1
:108ED00053439BB213807047426C2A32F4E700235D
:108EE0001B88FFDE5CD20122104B90F8282033F85B
:108EF00012309BB2022B16D001290ED0022905D1C7
:108F00004FF48042436C2E331A80704759B94FF4A6
:108F10008042436C22331A8070474FF48042436C86
:108F20002A331A80704700231B80FFDE5CD20122A7
:108F3000064B90F8282033F812309BB2022B04D055
:108F4000426C138E9BB21943118670475CD201228A
:108F5000426C138EC3F30E0313867047426C138E5C
:108F600023F400531B041B0C13867047EFF310828D
:108F700072B60A4B90F828C033F81C309BB2022B13
:108F800008D00123406C8B40B0F836C043EA0C0394
:108F90009BB2C38682F31088704700BF5CD2012267
:108FA000EFF3108C72B6094B90F8282033F812308A
:108FB0009BB2022B07D00122406C8A40C38E9BB229
:108FC00023EA0201C1868CF3108870475CD201222B
:108FD000EFF3108272B60A4B90F828C033F81C30B9
:108FE0009BB2022B08D00123406C8B40B0F838C0F4
:108FF00043EA0C039BB2038782F31088704700BFDB
:109000005CD20122EFF3108C72B6094B90F8282045
:1090100033F812309BB2022B07D00122406C8A40F9
:10902000038F9BB223EA020101878CF310887047FB
:109030005CD20122EFF3108C72B6114A90F82830FE
:1090400032F8132092B2022A16D010B54FF0000E5B
:109050000122406C0B4C03EB830301EB430324F828
:1090600013E0B0F83AE002FA01F343EA0E039BB2D0
:1090700043878CF3108810BD8CF31088704700BFB5
:109080005CD2012228910122EFF3108C72B6094BB9
:1090900090F8282033F812309BB2022B07D001221F
:1090A000406C8A40438F9BB223EA020141878CF3D4
:1090B000108870475CD20122EFF3108272B6094B20
:1090C00090F828C033F81C309BB2022B07D0012344
:1090D0008B40DB43406CC3F30903A0F8463082F3B6
:1090E000108870475CD20122EFF3108272B6094BF0
:1090F00090F828C033F81C309BB2022B07D0012314
:109100008B40DB43406CC3F30903A0F8483082F383
:10911000108870475CD20122EFF3108272B6094BBF
:1091200090F828C033F81C309BB2022B07D00123E3
:109130008B40DB43406CC3F30903A0F84A3082F351
:10914000108870475CD2012290F82820054B33F834
:1091500012309BB2022B1DBF436CB3F84C0080B29F
:10916000002070475CD2012290F82820054B33F88C
:1091700012309BB2022B1DBF436CB3F85C0080B26F
:10918000002070475CD2012290F82820044B33F86D
:1091900012309BB2022B1CBF436CA3F85C107047CB
:1091A0005CD2012290F82820054B33F812309BB294
:1091B000022B1DBF436CB3F85E0080B200207047E5
:1091C0005CD2012290F82820044B33F812309BB275
:1091D000022B1CBF436CA3F85E1070475CD20122C7
:1091E00090F82820044B33F812309BB2022B1CBF9E
:1091F000436CA3F8641070475CD2012290F82820D9
:10920000054B33F812309BB2022B1DBF436CB3F8F1
:10921000680080B2002070475CD2012290F82820BC
:10922000044B33F812309BB2022B1CBF436CA3F8E3
:10923000681070475CD20122064B90F8282033F862
:1092400012309BB2022B04D0012A04BF436CA3F856
:109250006A1070475CD20122084B90F8282033F83E
:1092600012309BB2022B01D0012A01D0002070479E
:10927000436CB3F86A0080B2704700BF5CD2012231
:1092800090F82820054B33F812309BB2022B1DBFFB
:10929000436CB3F86C0080B2002070475CD20122AE
:1092A00090F82820044B33F812309BB2022B1CBFDD
:1092B000436CA3F86C1070475CD2012290F8282010
:1092C000044B33F812309BB2022B1CBF436CA3F843
:1092D0006E1070475CD20122002282B0ADF80620E9
:1092E0000B4B90F8282033F812309BB2022B08D099
:1092F000436C59B103EB41036E331B889BB2ADF84D
:109300000630BDF8060080B202B070476033F4E763
:109310005CD201220A4B90F8282033F812309BB21D
:10932000022B0BD0426C01F100417032013932F84E
:1093300011309BB243F4005322F81130704700BF44
:109340005CD201220A4B90F8282033F812309BB2ED
:10935000022B0BD0426C01F100417032013932F81E
:1093600011309BB243F4007322F81130704700BFF4
:109370005CD201220A4B90F8282033F812309BB2BD
:10938000022B0CD0426C01F100417032013932F8ED
:10939000113023F400731B041B0C22F811307047AA
:1093A0005CD201220E4B90F8282033F812309BB289
:1093B000022B14D0436C39B9B3F8602092B242F456
:1093C0008072A3F86020704701F1004170330139C9
:1093D00033F8112092B242F4807223F811207047C2
:1093E0005CD201220E4B90F8282033F812309BB249
:1093F000022B14D0436C39B9B3F8602092B242F01A
:109400008002A3F86020704701F1004170330139F8
:1094100033F8112092B242F0800223F811207047F5
:109420005CD201220C4B90F828C033F81C309BB260
:10943000022B0ED0436C69B103EB41036E331988E4
:1094400021F003010904090C1980198889B20A4323
:109450001A8070476033F2E75CD201220A4B90F821
:1094600028C033F81C309BB2022B09D0436C41B1A9
:1094700003EB41036E33198889B221EA02021A8094
:1094800070476033F7E700BF5CD20122094B90F8C8
:10949000282033F812309BB2022B09D0426C0139DC
:1094A000903232F821309BB243F4007322F821301D
:1094B000704700BF5CD20122094B90F8282033F896
:1094C00012309BB2022B0AD0426C0139903232F832
:1094D000213023F400731B041B0C22F82130704749
:1094E0005CD20122094B90F8282033F812309BB24D
:1094F000022B09D0426C0139903232F821309BB2F4
:1095000043F4807322F82130704700BF5CD20122FF
:10951000064B90F828C033F81C309BB2022B04D0C5
:10952000436C0139923323F8212070475CD2012229
:10953000084B90F8282033F812309BB2022B01D050
:10954000012A01D000207047436CB3F8400180B27B
:10955000704700BF5CD2012290F82830012B07D160
:10956000426CB2F840319BB243F01003A2F8403194
:10957000704700BF90F82830012B08D1426CB2F838
:10958000403123F010031B041B0CA2F8403170473C
:1095900090F82830012B07D1426CB2F840319BB2D1
:1095A00043F00803A2F84031704700BF90F828301C
:1095B000012B08D1426CB2F8403123F008031B04A0
:1095C0001B0CA2F84031704730B41A4C90F8283088
:1095D00034F8132092B2022A25D09C4601290CBFF0
:1095E000026CC26B5268516834F8132092B2022A9E
:1095F00017D00978104A01EB8C0132F811200F487E
:109600000F4D03EB830302EB430350F8234055F85F
:1096100021100022A4EB010C8C4228BF624640F8C6
:10962000232030BC7047B3F1000C18BF4FF0010C81
:10963000D4E700BF5CD20122A08E012230B8012203
:10964000C08E012290F828305BB90129144A1DD040
:10965000D2F80C1363F31041C2F80C13D2F80C3398
:10966000704701290E4B08D0D3F8182322F480321A
:10967000C3F81823D3F818337047D3F8142322F40F
:109680008032C3F81423D3F814337047D2F8081388
:1096900063F31041C2F80813D2F80833704700BFD3
:1096A00000C0004038B101290CBF036CC36B5B687C
:1096B0005B68187870470A20704700BFF0B5204BF0
:1096C00004460E4693B040B19F691E4B33F81450C8
:1096D000ADB2012D08D013B0F0BDDF68194B33F8DF
:1096E0001450ADB2012DF6D120468DF8284000F07F
:1096F0003FFF314611906846FFF702FB1248134ABC
:10970000038803EBC301013303F007030380CB009D
:10971000284602EBC1010E4D81F82840043203F1C6
:109720002004155138338E85D7E90954D550134498
:10973000119A5C604A6401F0E1FD13B0F0BD00BF16
:10974000B8D901225CD20122708E0122E08E012262
:109750001701040002210020FFF7B0BF002878D0D5
:109760002DE9F043066C0F467168012A4C6890F8A9
:10977000285008BF20464FF0000C18BFC06B24785B
:1097800018BF406804F1807418BF406804F5207465
:1097900090F800803068A401846094F81EE05FEACD
:1097A000DE1E39D10CF1010C1FFA8CFCBCF1640FE8
:1097B000F3D1012D096837D0B5F1000C18BF4FF077
:1097C000010C02EB420E234A08EB850432F81440E8
:1097D0000CEBCC0CDFF880904FEA8C0C0CEB8E0C71
:1097E000013C04EBD474E144D9F804C064100134A2
:1097F000AD00A4B2C1F804C08F604544CC8132F8FA
:109800001520013BB3FBF2F3B26801339BB25268FF
:10981000BDE8F0438B81104794F81EC05FEADC1C62
:10982000FAD14FF0010CB8E70B4D02EB420C094A9C
:1098300008F1040405EB8C0532F814406D6A4D60A4
:10984000A51C013C48BF2C46A41001340425A4B239
:10985000D2E77047B08E0122101101222DE9F84F96
:109860003B4F90F82830154637F81320044692B243
:10987000012A0E4613D04FF0000B9F00012D0CBFA4
:10988000236CE36BDFF8D0805B685B6893F8009033
:1098900007EB090A58F82A3053B9BDE8F88F2D4A6A
:1098A0009F0003EB830301EB430352F823B0E5E78A
:1098B00029462046FFF724FA20462946FFF7C2FE34
:1098C00059462A4658F82A30FFF748FF204601F04B
:1098D00033FA48B33146204601F0D8FA4F4458F8DD
:1098E00027203146013AB2FBF0F2013292B2204613
:1098F000FEF7F8FF31462046FFF738FB3146204699
:1099000001F0B4FA29462046FFF7A0F9204629467F
:10991000FFF7BEF9204601F00FFA60B93146204644
:10992000BDE8F84F01F0F0BA03462A46314620461A
:10993000FEF792FFCEE73146204600232A46FEF787
:109940008BFF31462046BDE8F84F01F0DDBA00BF7D
:109950005CD20122D8B70122C08E0122002868D033
:109960002DE9F043C66B0D467168074690F8284014
:109970004868012A844657D09CF800802D4F08EB98
:10998000840C37F81C900968994528BF994613F054
:10999000030F4FEA840E3BD0003C18BF012404EBB8
:1099A000C404DFF894C002EB4202A40004EB82027C
:1099B0009444DCF804204FEA59098A6000220478B4
:1099C000306804F1807404F52074A401846094F874
:1099D0001EC05FEADC1C16D1013292B2642AF6D1B5
:1099E0001FFA89F94D60C644A1F80E9037F81E2081
:1099F000013BB3FBF2F3B26801339BB25268BDE89E
:109A0000F0438B811047A27FD209FCD10122DEE70F
:109A1000012CC1D1084C02EB420204EB8202526AD3
:109A20004FEA99098A60C9E73F6C7F68D7F804C09C
:109A3000A2E77047B08E0122101101222DE9F04FEC
:109A4000DFF838C190F8287005463CF81730884692
:109A50009BB2012B164683B020D000224FEA870923
:109A6000012E0CBF2B6CEB6BDFF814B15B68002F81
:109A70005B6893F800A009EB0A035BF8234024F02D
:109A8000010124F0030408BF0C468CB93CF81730E0
:109A90009BB2012B51D003B0BDE8F08F334A07EBE6
:109AA000870301EB430352F823204FEA8709D7E7E6
:109AB00031462846CDE90023FFF722F931462846F2
:109AC000FFF7C0FD2A49019B009A31F81310A1420B
:109AD0002DD9002F40D15BF82A30264903F001032D
:109AE00001F80A30244B09EB0A01101943F8210050
:109AF0001146284623463246D1444BF82940FFF709
:109B00002DFF284601F018F9F8B128463146FFF735
:109B1000BFF8284601F010F90028BCD000233246D7
:109B20004146284603B0BDE8F04FFEF795BEB4FBB2
:109B3000F1F301FB1343E41ADAE7324641462846C3
:109B400003B0BDE8F04F02F09BBD034632464146EC
:109B50002846FEF781FED8E75BF82310054B01F09D
:109B600003014B4403F80A10BCE700BFD8B7012239
:109B7000B08E0122988E0122788E01225CD20122C1
:109B8000C08E01222DE9F04104460F4619461E46BB
:109B90009046FFF725FB2046FFF730FB03462046A3
:109BA00013F0100F14BF0225012501F0C5F8B0B164
:109BB00029462046FFF7A4F820462946FFF742FD34
:109BC00043462A463946FFF7C9FE20462946FFF795
:109BD0005FF8204601F0B0F840B9BDE8F0810346D7
:109BE0002A4631462046FEF737FEE1E72A4631464F
:109BF0002046BDE8F0410023FEF72EBE01290CBF30
:109C0000036CC36B2DE9F04F5B6890F828505B68DC
:109C100004461F785A4B0E4633F81500594980B256
:109C200007EB8502012831F8121083B04FEA85084E
:109C300002D003B0BDE8F08F5348C9B2DFF854C179
:109C400008EB050901EB490930F812A05CF829007E
:109C5000DFF844E150455EF829B001912FD34B491C
:109C600051F822A0A0EB0A004CF8290000284AD0A5
:109C70004649DA4441F8220082B2C0B2BDBBDFF8E7
:109C80001C9100F0010022F001021FFA82FB09F88A
:109C900007003F4808EB07020AEB0B0140F82210CF
:109CA000BBF1000F5FD133F815309BB2012B45D0CB
:109CB0000023C14409F8073003B0BDE8F08FDFF896
:109CC000DC9009EB0802D25D002AECD1BDF804500B
:109CD00020462946FFF720FA31462046FFF7E2F8F2
:109CE0002946204603B0BDE8F04FFFF7A3B9DFF8DF
:109CF000AC9022F0030200F003001FFA82FB09EB94
:109D00000802D055C5E7BDF8046020463146FFF78C
:109D100003FA31462046FFF7DFFA43040CD4184B10
:109D200033F8152092B2012A83D13146204603B080
:109D3000BDE8F04F03F004BB3146D2E7019920465D
:109D400009EB0804E45D454401EB4505104B4CF874
:109D5000254008EB070453F8243032464EF82530EE
:109D600002F08EFCA4E72046084C514644F822B08D
:109D70005A46019B03B0BDE8F04FFFF703BF00BF99
:109D80005CD20122A08E0122B08E0122C08E01225F
:109D9000788E012230B80122D8B70122988E012294
:109DA00001294FF0000317D0C26BD2E900214968A6
:109DB000097801F1807101F52071890191608A7F34
:109DC000D20904D101339BB2642BF8D170478B7F49
:109DD000DB09FCD10123F2E7026CD2E900214968DA
:109DE000097801F1807101F52071890191608A7F04
:109DF000D20904D101339BB2642BF8D170478B7F19
:109E0000DB09FCD10123F2E700B5036C85B09A6849
:109E100069461868D3699847BDF8040005B05DF835
:109E200004FB00BF00B590F828E0BEF1010F01D09F
:109E30005DF804FB9C465DF804EB4FF4FE4342EAF8
:109E40000C0200F09DBC00BF2DE9F0474FF0000967
:109E5000436C0446B3F84010B3F84260B3F846C010
:109E6000B3F84870B3F84A50B3F830E05A8E92B263
:109E7000324012F0100FDE8EB3F838A0B3F83A80FB
:109E8000A0F82690A0F82C900DD04DF6600261212C
:109E9000A3F842205A8E22F030021204120C5A8685
:109EA000E184BDE8F08712F0200F03D04DF6500298
:109EB0006221EDE789B21FFA8EFE01EA0E0111F46C
:109EC000807F0FD14E051ED5ADB21FFA88F805EA86
:109ED0000805EA430221C2F30902A3F84A20C1841B
:109EE0008585DEE71FFA8CFCB6B20CEA060C6FEA39
:109EF0000C020121C2F30902A3F84620C184A0F894
:109F00002CC0BDE8F0878D050CD4170418D41605B5
:109F100034D455061BD54DF630014522A3F8421026
:109F2000C284BEE7BFB21FFA8AFA07EA0A07FA43F9
:109F30000321C2F30902A3F84820C1848785B0E752
:109F400045F670014122A3F84210C284A9E75704E4
:109F500019D4D60427D4D5071AD590F82820012A79
:109F60009FD14DF670024621A3F842205A8E22F06E
:109F700001021204120C5A86C18492E701F0A0FF7C
:109F80004423E3848DE702F087FE4223E38488E7DD
:109F900008040DD48A0484D54DF6FF711322A3F86A
:109FA0004010E2847DE701F08BFF4323E38478E7F0
:109FB00047F6FF711122A3F84010E28471E700BF59
:109FC00010B5094B90F82820044633F812300A2BBC
:109FD00002D0502B00D010BD012000F08DFE204695
:109FE000BDE8104002F04EBED0B8012238B505469B
:109FF0000C462846FEF7CEFC03461E20238000F0C8
:10A000007FFE2846FEF7C6FC2388608043409A07FF
:10A01000EFD1142000F074FE2846FEF7BBFC238825
:10A02000608043409B07E4D12846FEF7C3FC608074
:10A0300038BD00BF10B582B069460446FFF7D6FFB1
:10A04000BDF8021011F007010AD1BDF8003003F08D
:10A050000303012B07D0022B0FD0432002B010BD09
:10A06000002002B010BD074B94F82820204633F89A
:10A07000121002F057FF4220F3E7204602F052FF91
:10A080004120EEE784B7012210B5044602F030FE0D
:10A09000204602F041FE204602F0FEFD2046FFF77A
:10A0A000C9FF412814D0432805D02046BDE8104000
:10A0B000422104F015BE204604F034FE0B4B94F808
:10A0C000282033F812300A2B08D0502B06D010BDB0
:10A0D00001462046BDE8104004F002BE012000F019
:10A0E0000BFE2046BDE8104002F0CCBDD0B80122E6
:10A0F000012000F001BE00BF38B5044650224021C7
:10A10000FEF76CFC322000F0FBFD94F82830012BA8
:10A110001ED0204602F0CAFD142000F0F1FD0325F8
:10A120002046FEF747FC00F00703042B04D0BDE8EF
:10A1300038401E2000F0E4BD013D0A20ADB200F021
:10A14000DFFD002DECD1BDE838401E2000F0D8BD69
:10A1500020464021FEF74CFC4FF4967000F0CCFDF9
:10A16000D7E700BF10B5044602F096FDA0222021DB
:10A170002046FEF733FC142000F0C2FD204602F01A
:10A1800095FDBDE81040052000F0BABD08B5FEF70A
:10A1900011FC002200F00700431E032B4FEA801041
:10A1A00028BF104608BD00BF2DE9F0411C4690F8BD
:10A1B00028300546884616468BB94F0841D004EB37
:10A1C000470734F8022B31462846FEF795FCBC427F
:10A1D000F7D118F0010F20D13846BDE8F081012BEE
:10A1E0002746F9D18B0809D004EB830754F8042BD8
:10A1F00031462846FEF72EFCBC42F7D118F0020F7C
:10A200002DD118F0010F1ED128464FF400623146BF
:10A21000FEF798FD3846BDE8F08131462846002219
:10A22000FEF790FD17F8012B31462846FEF794FC07
:10A2300028464FF480623146FEF784FD3846BDE87B
:10A24000F0812746C5E7314628460022FEF77AFD11
:10A250003146284617F8012BFEF77EFCD4E731463D
:10A2600028464FF48062FEF76DFD3146284637F8E8
:10A27000022BFEF741FCC4E72DE9F0411C4690F8A3
:10A2800028300546884617468BB94E0838D004EB6F
:10A29000460639462846FEF7F7FB24F8020BB4427F
:10A2A000F7D118F0010F22D13046BDE8F081012B23
:10A2B0002646F9D18B080BD004EB83063946284695
:10A2C000FEF7AEFB44F8040BB442F7D108F00308E4
:10A2D000B8F1000FE8D039462846FEF7A1FBB0449C
:10A2E00006F8010B46454FEA1020F9D1DCE7394664
:10A2F0002846FEF7C9FB06F8010B3046BDE8F081A1
:10A300002646CEE72DE9F04104460D461646FEF7F7
:10A310008DFA29462046FEF743FE29462046FEF7E1
:10A3200071FE29462046FEF7AFFE29462046FEF77D
:10A33000EBFA00212046FEF73FFC00F00F008542BB
:10A340007CD001212046FEF737FC00F00F0085424B
:10A350006DD002212046FEF72FFC00F00F00854251
:10A360005ED02946204600F0C1FD29462046FEF772
:10A37000D1FF94F82830354F03EB830305EB4303FB
:10A3800057F82380B8F1000F48D0314A294652F8D7
:10A3900023302046C8F81430A8F82C60FEF79CFF44
:10A3A000A8F82E0094F828202A4902EB820305EB36
:10A3B000430331F8131057F8233083F83A10616CD7
:10A3C00083F82820596494F82830E26B03EB830368
:10A3D00005EB430357F82310206C4B68CA630864ED
:10A3E0005BB1002208461146984794F8283003EBE9
:10A3F000830305EB430357F82310012000F0ACFF63
:10A40000002394F82800294600EB800205EB420562
:10A4100047F82530BDE8F04101F00AB8BDE8F08109
:10A420000023022220461946FEF716FA99E7002378
:10A43000012220461946FEF70FFA8AE7002320463C
:10A440001A461946FEF708FA7BE700BF88B70122D3
:10A4500030B8012280B801222DE9F843064602F007
:10A4600047FC304602F058FC304602F015FC4FF431
:10A470008055DFF8F490DFF8F48005E005F58055AD
:10A48000ADB2B5F5C04F42D02946304602F04EFC81
:10A490000028F3D096F8283039F81330002B5BD120
:10A4A000012402E001340A2C1BD0A7B23946304601
:10A4B00002F04CFDA842F5D196F8283003EB830357
:10A4C00004EB430358F8233023B1082239463046C1
:10A4D000FFF718FF394630460134FEF729F90A2CF8
:10A4E000E3D100222946304602F0B6FB96F8283028
:10A4F000012BC3D1294605F580554FF4FE430022B8
:10A500003046ADB200F03CF9B5F5C04FBCD1304695
:10A51000FFF790FD422811D0432801D041280DD0EB
:10A52000304604F0FFFB0F4B96F8282033F812302A
:10A530000A2B09D0502B07D0BDE8F88301463046DE
:10A54000BDE8F84304F0CCBB012000F0D5FB304659
:10A55000BDE8F84302F096BB0721304601F06EF9E2
:10A560009EE700BFD0B80122D4B8012288B70122EB
:10A5700028B1044B01280CBF184600207047024840
:10A58000704700BF001035400000254038B5044634
:10A590000D4600F071FC830706D529462046BDE82C
:10A5A00038400622FFF7AEBE2046FEF7F3F994F8D6
:10A5B00028300E4903EB830305EB430331F81320E6
:10A5C000013292B2012A21F8132008D0052000F0B0
:10A5D00097FB29462046BDE8384000F095BC294647
:10A5E0002046BDE838400722FFF78CBE80B8012224
:10A5F000426C13899BB243F080031381704700BF04
:10A60000426C138923F010031B041B0C1381704749
:10A61000426C538E6FEA43436FEA53439BB25386B7
:10A62000704700BF426C538EC3F30E0353867047CE
:10A63000426C538E9BB243F480435386704700BFF5
:10A64000426C538E23F480431B041B0C53867047CB
:10A65000426C538E9BB243F480535386704700BFC5
:10A66000426C538E23F480531B041B0C538670479B
:10A67000426C538E9BB243F400635386704700BF15
:10A68000426C538E23F400631B041B0C53867047EB
:10A69000426C538E9BB243F020035386704700BF39
:10A6A000426C538E9BB243F010035386704700BF39
:10A6B00090F82830012B05D1426C538E9BB243F0A9
:10A6C00001035386704700BF45F67002436CA3F840
:10A6D0004220704749F67002436CA3F8422070474D
:10A6E0004CF67002436CA3F8422070474DF27002A2
:10A6F000436CA3F8422070474DF65002436CA3F818
:10A70000422070474DF66002436CA3F84220704728
:10A7100090F82830012B04D14DF67002436CA3F859
:10A7200042207047436CA3F854107047436CA3F861
:10A7300056107047436CA3F858107047436CA3F849
:10A740005A107047436CA3F860107047426CB2F81F
:10A7500060309BB243F48043A2F86030704700BF82
:10A76000B1F5C04F4FEA113C08D247F6C073426CB6
:10A77000D03232F81C2003EA02007047FF207047F5
:10A78000406C090B00F1D00C3CF8110080B220EABB
:10A790000300134018432CF811007047406C090B5C
:10A7A000D03030F8113023F0C0031B041B0C20F80C
:10A7B000113030F811309BB2134320F8113070473C
:10A7C00010B5002858D17A4C23889BB243F480639B
:10A7D000238023885805FCD5238876489BB243F014
:10A7E0004003238023889BB243F0200323802388E7
:10A7F00023F010031B041B0C238000F083FA4FF49A
:10A80000806223889BB243F0010323802284228547
:10A81000A28510B3013880B2012821D823893220C3
:10A820009BB243F04003238100F06AFA2389604A17
:10A8300023F040031B041B0C238113895907FCD40C
:10A84000138903F00703012B00F0A980584A1389EC
:10A850009BB243F01003138102E04FF40063638660
:10A8600045F670004FF4E0614FF40842504BA3F8F6
:10A87000420019865A8610BD4F4C0120E38F9BB2CF
:10A8800043F03103E387E38F23F030031B041B0CF9
:10A89000E387E38F9BB243F02003E387E38F9BB210
:10A8A00043F48073E38700F027FAE38F012023F05D
:10A8B00001031B041B0CE38700F022FAE38F23F053
:10A8C00002031B041B0CE387B4F802319BB243F470
:10A8D0008043A4F80231E388DA07FCD540F607721A
:10A8E000238801209BB243F04003238023889BB23E
:10A8F00043F020032380238823F010031B041B0C48
:10A90000238023889BB243F480732380628000F00D
:10A91000F3F9A38F29489BB243F02003A38700F0EB
:10A92000F1F94FF4006223889BB243F001032380C6
:10A9300022842285A285002837D0013880B20128E0
:10A9400021D8238932209BB243F04003238100F0B9
:10A95000D7F92389184A23F040031B041B0C2381D9
:10A9600013895B07FCD4138903F00703012B04D17F
:10A97000938F9BB243F4807393870F4A13899BB2E2
:10A9800043F01003138145F670004FF4E0614FF47B
:10A990000842094BA3F8420019865A8610BD938FCE
:10A9A0009BB243F48073938750E76286EBE700BF66
:10A9B00000002540040025400010354004103540BB
:10A9C000426C938F9BB243F480739387704700BFB0
:10A9D00010B5124B5A6850B911051BD5EFF310840E
:10A9E000012181F310885A6822F4006209E0D20440
:10A9F00010D5EFF31084012181F310885A6822F4F6
:10AA000080525A605B68962005F094FA84F31088AF
:10AA1000002010BD40F2DD5010BD00BF00302040CE
:10AA200030B4002840F0CA80AE4BD3F8002460F365
:10AA30000412C3F8002491F90E30002B80F29180AB
:10AA400091F90F30002B5FDA91F90D30002B2FDADE
:10AA500091F90C30002B03DAA34B196030BC70471E
:10AA6000CA7CA24D03F160441201A148D2B204F5A0
:10AA7000614484F8002303F5C65245F8231050F8CA
:10AA8000224024F4803440F8224050F82220BFF3C2
:10AA90005F8F01205A09920003F01F0302F1604208
:10AAA00002F5614200FA03F3C2F880311360D3E784
:10AAB0000A7D8E4D03F1604412018D48D2B204F537
:10AAC000614484F8002303F5C65245F8231050F87A
:10AAD000224024F4803440F8224050F82220BFF372
:10AAE0005F8F01205A09920003F01F0302F16042B8
:10AAF00002F5614200FA03F3C2F88031136091F964
:10AB00000C30002BA8DBABE78A7D784D03F1604465
:10AB100012017748D2B204F5614484F8002303F5AA
:10AB2000C65245F8231050F8224024F4803440F8EF
:10AB3000224050F82220BFF35F8F01205A09920073
:10AB400003F01F0302F1604202F5614200FA03F3D1
:10AB5000C2F88031136091F90D30002BFFF678AF09
:10AB6000A6E74A7D03F160441201604DD2B204F5BC
:10AB7000614484F800235E4A03F5C65445F8231067
:10AB800052F8245060F3104542F8245052F8242023
:10AB9000BFF35F8F01205A09920003F01F0302F1F7
:10ABA000604202F5614200FA03F3C2F8803113609B
:10ABB00091F90F30002BFFF647AFA5E701287FF48E
:10ABC0004DAF91F91130002B61DA91F91230002B61
:10ABD00031DA91F91030002B03DA464B196030BCA2
:10ABE0007047CA7D414D03F1604412014048D2B222
:10ABF00004F5614484F8002303F5C65245F8231098
:10AC000050F8224024F4803440F8224050F82220AA
:10AC1000BFF35F8F01205A09920003F01F0302F176
:10AC2000604202F5614200FA03F3C2F8803113601A
:10AC3000304B1960D3E74A7E2C4D03F1604412017A
:10AC40002B48D2B204F5614484F8002303F5C652C0
:10AC500045F8231050F8224024F4803440F8224074
:10AC600050F82220BFF35F8F01205A09920003F0B1
:10AC70001F0302F1604202F5614200FA03F3C2F8D9
:10AC80008031136091F91030002BA6DBA9E70A7E12
:10AC900003F160441201154DD2B204F5614484F809
:10ACA0000023134A03F5C65445F8231052F82450E4
:10ACB00025F4803542F8245052F82420BFF35F8FEA
:10ACC0005A09920003F01F0302F16042984002F516
:10ACD0006142C2F88001106091F91230002BFFF63A
:10ACE00078AFA8E70000254024910122B8D90122BD
:10ACF0000060004020910122012105F01BB900BF36
:10AD0000FBF7D0BC70B50646038803F003030120AF
:10AD10009DB2FBF7C7FC3488012004F00304FBF765
:10AD2000C1FCA5423388F0D103F0030295421346DB
:10AD3000EDD1284670BD00BF90F82800A0F10100B9
:10AD4000B0FA80F040097047EFF30383103B0A4AE2
:10AD50005BB203F5C65352F8231021F4803142F858
:10AD6000231052F82330054B1B889BB2012B00D0D7
:10AD7000704701F0DDBE00BF006000405CD20122E0
:10AD8000EFF30383103B064A5BB203F5C65352F858
:10AD9000231021F4803142F8231052F823307047F9
:10ADA00000600040EFF30383103B064A5BB203F5FB
:10ADB000C65352F8231021F4803142F8231052F880
:10ADC0002330704700600040EFF30383103B064AD6
:10ADD0005BB203F5C65352F8231021F4803142F8D8
:10ADE000231052F82330704700600040EFF30383D4
:10ADF000103B0A4A5BB203F5C65352F8231021F404
:10AE0000803142F8231052F82330054B5B889BB207
:10AE1000012B00D0704701F0E1BE00BF0060004090
:10AE20005CD20122EFF30383103B064A5BB203F5C9
:10AE3000C65352F8231021F4803142F8231052F8FF
:10AE40002330704700600040EFF30383103B064A55
:10AE50005BB203F5C65352F8231021F4803142F857
:10AE6000231052F82330704700600040092900D9B0
:10AE70007047FEF7ADB800BF092901D9002070471F
:10AE800008B5FEF729FA00F0030008BD09290FD81C
:10AE900010B541B10446FEF7A3F92046FEF7F0F9DC
:10AEA000C0F30A0010BDFEF77DF9C0F30A0010BD23
:10AEB00000207047092901D90020704710B50446C9
:10AEC000FEF78EF92046FEF799F900F0100010BD4C
:10AED000092901D90020704710B50446FEF780F912
:10AEE0002046FEF78BF900F4404010BD092900D937
:10AEF000704738B50C460546FEF724FA2146284629
:10AF0000BDE83840FEF736BA092900D9704701225A
:10AF1000FEF788BA092900D9704738B50C460546AE
:10AF2000FDF784FC21462846BDE838400222FEF7A2
:10AF300095BA00BF08B5FDF73DFD002200F00700FF
:10AF4000431E032B4FEA801028BF104608BD00BFE8
:10AF50002DE9F0478E46394DDFF8F4A0B5F80080B2
:10AF6000887108EBC80C0AEB8C0C0F46441EBEE837
:10AF70000F00ACE80F00BEE80F00ACE80F00DEF8F1
:10AF8000003046464FEAC809CCF800300C2C14D8E3
:10AF9000DFE804F00713071F1F07074134340707D2
:10AFA000070000223978264B09EB080053F82130BE
:10AFB0000AEB8000114698472E88224B721CA3FB97
:10AFC0000213DB0803EB8303A2EB43022A80BDE8F4
:10AFD000F08739781C4B33F811309BB2012BECD140
:10AFE0001A4C174B09EB080053F82130002254F893
:10AFF00021100AEB800098472E88DEE73978104B45
:10B0000009EB080053F82130002279690AEB80002F
:10B0100098472E88D1E73A780B4B33F812309BB221
:10B02000012BCAD1064B09EB080053F8223079698D
:10B0300000220AEB800098472E88BEE7609201222A
:10B0400000D80122CDCCCCCC5CD2012204B70122A5
:10B0500008D80122704700BF2DE9F04F4FF4187354
:10B0600030258BB0CDE900356B4F85786B4E03FBF7
:10B07000057305EB450504464822694906EB0510B2
:10B08000FBF750FE002874D12378664F012B05464C
:10B090003A784AD03B78002B40D17B78002B3DD1C9
:10B0A000DFF8EC9109944C46DFF8E881A146A4F55D
:10B0B0008C7638222824304601925B4B01225B4972
:10B0C0000094FCF771F8383600284ED1B145F0D124
:10B0D0004C464FF03809DFF8C0B1DFF8C0A1A8F541
:10B0E0000C764FF0280C30465B4601225146CDF8D5
:10B0F0000490CDF800C0FCF757F83836002834D15A
:10B10000B045EED105F58C75B5F50C7F08F50C78DA
:10B1100004F58C74CAD1099CA37800E0A3780122BD
:10B120000020FA540BB0BDE8F08F32B3A378404949
:10B13000B3FA83F2520931F8122092B2022AEED108
:10B140004FF0380828260122CDE90068394B3A49EA
:10B150003A48FCF729F840B90122CDE90068384B9C
:10B1600038493948FCF720F858B101200BB0BDE848
:10B17000F08F02200BB0BDE8F08F7B78002BD5D18B
:10B18000DEE70122CDE90068304B31493148FCF758
:10B190000BF80028E9D10122CDE900682E4B2F4998
:10B1A0002F48FCF701F80028DFD10122CDE9006823
:10B1B0002C4B2D492D48FBF7F7FF0028D5D14FF038
:10B1C0000A0C4FF0B00801264FF42069284A0346C4
:10B1D00004900092CDE90568CDE902CC254A2649C4
:10B1E0002648CDF80490FCF71BF9034688B9CDE951
:10B1F00005680B26224A04900092CDE90266214A96
:10B2000021492248CDF80490FCF70AF900283FF4C0
:10B2100041AF032086E700BFB89201227897012250
:10B2200048160202F8B6012290920122AC160202E0
:10B230005CD20122789801225816020260B50122E0
:10B24000509801226416020228B501222898012292
:10B2500070160202F0B40122009801227C1602024C
:10B2600080B40122D89701228816020230B301224D
:10B27000A0A20122F5BF01029816020248B60122DF
:10B28000A0980122B9E10102A416020298B5012298
:10B2900018B20122D0AE012268920122BC1602022D
:10B2A00081B110B5002440F6B83C074BA24208BF5C
:10B2B000624653F820000C60FBF7ECFF00B910BDAC
:10B2C000FF2010BDFF2070475811012200B583B048
:10B2D000019161B1084B002253F8200001A9FBF74E
:10B2E000FBFF20B9019B13B103B05DF804FBFF2005
:10B2F00003B05DF804FB00BF5811012200B583B014
:10B30000019161B1084B002253F8200001A9FBF71D
:10B31000E3FF20B9019B13B103B05DF804FBFF20EC
:10B3200003B05DF804FB00BF5811012279B1094B4D
:10B3300002EB420010B5002203EB00100C46FBF7B5
:10B34000CFFC10B9236803B110BDFF2010BDFF2052
:10B35000704700BF7897012239B108B50846FBF75E
:10B3600041FD00B908BDFF2008BDFF20704700BFA8
:10B37000704700BF704700BF30B50C4683B090F8EF
:10B380002850FBF72FFD631E082B19D84FF40C72C1
:10B39000C4EBC404E40002FB05440A4B00221C4435
:10B3A000204601A9FBF776FF50B9019840B1FBF7A1
:10B3B00019FD0022204601A9FBF76CFF0028F4D0FC
:10B3C00003B030BDA0AC012270B50C4682B005467A
:10B3D00090F82860FBF706FD631E042B22D84FF47B
:10B3E0000C72C4EBC404E40002FB06440E4B0022C2
:10B3F0001C44204601A9FBF74DFF50B9019840B10C
:10B40000FBF7F0FC0022204601A9FBF743FF0028D0
:10B41000F4D04FF48C7095F82820044B00FB0230D8
:10B42000FBF7F2FF02B070BDA0AC01224085012203
:10B430004B1E082B00D9704730B505464FF40C74ED
:10B4400005FB04F4C1EBC103164891B004EBC30340
:10B45000002201A91844FBF71DFF864600BB019B93
:10B46000F3B1114B114A33F815300DF1080C9BB2B2
:10B47000012B14BF0523012352F823400FCCACE865
:10B480000F000FCCACE80F000FCCACE80F007246F9
:10B4900094E803008CE8030001A902A8FBF71CFF55
:10B4A00011B030BDA0AC01225CD2012258110122A2
:10B4B0004FF48C732DE9F04307461B4DDFF86C9079
:10B4C000EE1800FB03F3DFF8688091B01D441E44C2
:10B4D0000022284601A9FBF7DDFE8646F0B9019B54
:10B4E0000DF1080CD3B139F817309BB2012B14BF02
:10B4F0000523012358F823400FCCACE80F000FCCF4
:10B50000ACE80F000FCCACE80F00724694E80300E3
:10B510008CE8030001A902A8FBF7DEFE3835B5422E
:10B52000D6D111B0BDE8F08300B101225CD2012276
:10B530005811012210B54B1E82B0082B01900ED875
:10B540004FF40C7CC1EBC10190F82800CB000CFB40
:10B550000030044C002201A92044FBF7BDFE02B0DC
:10B5600010BD00BFA0AC012210B54B1E82B0042B51
:10B5700001900ED84FF40C7CC1EBC10190F828006B
:10B58000CB000CFB0030044C002201A92044FBF747
:10B59000A3FE02B010BD00BFA0AC0122704700BFE7
:10B5A00010B50446FFF784F82046FFF7B1F82046AF
:10B5B000FDF7FCFF064B94F8282003EB4201497885
:10B5C00000290CBF0321022103F8121010BD00BF97
:10B5D000FCB6012210B50121044690F82820064B44
:10B5E00003F81210FDF7D4FF2046FFF791F820462C
:10B5F000BDE81040FFF75CB8FCB6012210B5012190
:10B60000044690F82820064B03F81210FDF7C0FFFF
:10B610002046FFF77DF82046BDE81040FFF748B808
:10B62000FCB601224FF0010110B5044690F8282025
:10B63000064B23F81210FDF7ABFF2046FFF768F822
:10B640002046BDE81040FFF733B800BFFCB601222A
:10B6500070B506463046FDF76BFF05460120FFF743
:10B660004FFB3046FDF764FF04460120FFF748FB1F
:10B670003046FDF75DFF85EA040344402343990506
:10B68000E8D43046FFF714F8AA0505F0100301D5F9
:10B690006BB170BD002BFCD03046FDF76BFF012273
:10B6A000054B96F8281003EB41035A7070BD3046E5
:10B6B000BDE87040FDF750BFFCB60122F8B5044666
:10B6C00015460E460021FFF725FC94F828302C4A39
:10B6D0002C4803EB8303DB00C6504FF48871D55030
:10B6E0002046FDF751FD00212046FDF77BFE264F49
:10B6F00094F8283037F81320132A35D0002600217B
:10B700002046FDF709FD94F82830204903EB830318
:10B710009B00CE5232463146204601F04DFC0128B6
:10B7200005461DD020F00206B6B20EB12846F8BD7F
:10B7300094F8283037F81320022A14BF1322042269
:10B7400027F8132031462046FDF774FC3146204689
:10B75000FFF78CFB20463146FFF7D6FB2846F8BDA5
:10B76000072294F82830EBE7094A03EB830352F8E9
:10B77000333000212046DA8D01F0DEFBBEE700BF4A
:10B78000D8B7012230B80122D4B8012280B80122F2
:10B7900088B7012270B504460E4615460021FFF712
:10B7A000B9FB94F82830204A204803EB8303DB00E0
:10B7B000C6508021D5502046FDF7E6FC802120466A
:10B7C000FEF7C0FF1A4E94F8283036F81320142ADA
:10B7D0001AD0032A4FF0000514BF1420052003EBF4
:10B7E0008302144992008D5226F813002946204600
:10B7F000FDF7BCFB29462046FFF738FB29462046CB
:10B80000BDE87040FFF780BB0B4A03EB830352F89F
:10B8100033300021DA8D204601F08EFB94F8283079
:10B8200036F81320D5E700BFD8B7012230B801227F
:10B83000D4B8012280B8012288B70122F8B50446A5
:10B840000E460021FDF720FC00212046FDF7A8FB55
:10B8500000212046FDF7D6FB00212046FFF75AFBCA
:10B8600094F8281000295CD0012965D000232046D7
:10B870001A461946FCF7F0FF00212046FDF734FB7D
:10B880000022202311462046FCF7E6FF0021204637
:10B89000FDF72AFBA6F11103012B05D900212C4B42
:10B8A00094F8282023F8121094F82830294D03EB3F
:10B8B000830355F833700021BE852046FDF70CFD4B
:10B8C000F88594F82820244E02EB820155F8313097
:10B8D00036F8211083F83A10616C83F828205964F7
:10B8E00094F8283003EB830355F8331059B14B68B3
:10B8F0004BB1002208461146984794F8283003EBD4
:10B90000830355F833100120FFF726FD002294F839
:10B91000280000EB8003DB00EA50BDE8F840FFF7A9
:10B92000C7BD20464FF48062FDF70CFA4FF410615A
:10B930002046FEF707FF99E720464FF400620021FA
:10B94000FDF700FA4FF424512046FEF7FBFE8DE789
:10B95000D4B8012288B7012280B8012270B504460C
:10B96000002184B0FDF790FB00212046FDF718FB75
:10B9700094F828301F49204E03EB8302D2008958E7
:10B980001E4DB2581E48516135F8132040F823105F
:10B99000013A132A15D8DFE802F00A141414161419
:10B9A0000A141414141414141414141414166A46D7
:10B9B00000212046FFF7EEFE072294F8283025F8F4
:10B9C000132004B070BD0526002120466A4625F8E4
:10B9D0001360FFF773FEFF2806D0062294F8283084
:10B9E00025F8132004B070BD07212046FFF726FF7D
:10B9F000E7E700BF30B8012288B70122D4B801229E
:10BA000028B801222DE9F047044690F82830394E35
:10BA100003EB830256F83210374D8A6991F83B7078
:10BA2000118903EB430301EB430335F81310B2F81C
:10BA300000A0D588B2F80290B2F80480FDF7C2FBEE
:10BA400094F82830802F03EB830256F83200294601
:10BA5000426903D1AA423CBF114695B28A4288BFCF
:10BA600041610AF0800265B90AB9802F3FD00025F4
:10BA7000224A204622F813500821BDE8F047FFF77C
:10BA8000DDBE7AB3802F0CBF032212221B48514621
:10BA900020F813202046FEF745FE49462046FEF7D3
:10BAA00045FE41462046FEF745FE29462046FEF764
:10BAB00045FE002194F82830114A03EB83039B00D4
:10BAC000D1522046FEF718FE2046FEF71BFE204608
:10BAD000FEF7DEFD2046FEF7E3FD2046BDE8F04719
:10BAE000FEF734BE802F0CBF02221122CEE70122C6
:10BAF000CCE700BF88B70122B8B80122D4B8012230
:10BB000080B80122704700BF70B504460D46164646
:10BB1000FDF746FA002094F82830154903EB83031B
:10BB200005EB430321F8130032462946204601F075
:10BB300043FA012809D829462046FDF77BFA294611
:10BB40002046BDE87040FFF791B9022806D029468B
:10BB50002046BDE870400722FEF7D4BB29462046A8
:10BB6000FDF704FA29462046BDE87040FFF77EB98C
:10BB700080B801222DE9F84390F82830444A03EBBD
:10BB8000830301EB430352F82360044696F83B30ED
:10BB90000D46D6F81480002B6DD029462046FCF7C0
:10BBA00045FE002194F82830B6683A4A3A4803EB3B
:10BBB000830305EB4303394F40F8236022F8131049
:10BBC0002046294647F82380FDF7A6FA2946204655
:10BBD000FDF772FA2946204601F0D4F806460028FF
:10BBE0003ED0431E9BB2012B33D8E36B94F82890D0
:10BBF0005B6829465B68204693F80080284B08EB79
:10BC0000890923F81950FCF7B5FC264A22F81900D7
:10BC100094F8283008EB830803EB830305EB430318
:10BC200057F8233032F81820934228D9B3FBF2F1A9
:10BC300002FB11329B1A1C4A42F828302946204642
:10BC40003246FDF7FBFE29462046BDE8F843FFF7E4
:10BC50005BB929462046BDE8F8430722FEF752BBF0
:10BC6000294602462046FFF74FFF29462046BDE8F9
:10BC7000F843FFF749B9F28D01F05EF98DE70A4A02
:10BC80002946204642F82830FDF7D4F9D6E700BF10
:10BC900088B7012280B80122D8B7012230B801222A
:10BCA000A08E0122B08E0122C08E012270B5C58CFB
:10BCB000044682B01DBB4FF4897305608384012064
:10BCC00094F8282001A9FFF731FBE0B9019E482232
:10BCD0002146304604F08EFBA36903B105B3FAF7A1
:10BCE000CBFBE36B01993062CB63236C01200B64C7
:10BCF000FFF7ECFA044608BB204602B070BD2946A7
:10BD000001F024F918B9FF24204602B070BD0022CA
:10BD10004FF48973092D2260A384D0D9FF24F3E75F
:10BD2000198806F130023186598871869988B18662
:10BD3000D988F1861989B2613187D0E7019901204C
:10BD4000FFF70AFB204602B070BD00BF70B5044685
:10BD500082B00D46022094F8282001A9FFF7E6FAE8
:10BD600000B1FEE740F20513019E626C3060708501
:10BD7000F5847264B38494F82830314686F828300C
:10BD8000236AD4E90F520220C6E90F523362FFF74B
:10BD90009DFA08B902B070BD31460220FFF7DCFA07
:10BDA00002B070BD2DE9F041044682B00F469046C6
:10BDB000012094F8282001A91E46FFF7B7FA00B128
:10BDC000FEE7019D636C089A2860AF84A5F8268081
:10BDD000AE606A606B6494F82830294685F8283094
:10BDE000236AD4E90F620120C5E90F622B62FFF7D5
:10BDF0006DFA044618B9204602B0BDE8F081294624
:10BE00000120FFF7A9FA204602B0BDE8F08100BF8B
:10BE10002DE9F041044682B00F469046022094F886
:10BE2000282001A91D46FFF781FA00B1FEE7019E17
:10BE3000636C3060B784A6F826807585736494F8C7
:10BE40002830314686F82830236AD4E90F52022080
:10BE5000C6E90F523362FFF739FA10B902B0BDE8F4
:10BE6000F08131460220FFF777FA02B0BDE8F08199
:10BE700030B5114B90F82820044633F8125083B0A7
:10BE80006DB902F007FF20465021FEF799F82946C8
:10BE900020466368A28C03B0BDE8304018470120FB
:10BEA000FEF72EFF0023054DA18C20461A46009573
:10BEB000FFF778FF03B030BDD4B80122A5D9010245
:10BEC00010B5044600F014FF204600F025FF204680
:10BED000BDE8104000F0E0BEFF2A2DE9F0418C469D
:10BEE00018BF4FF4817E4FF000014FF080080546E7
:10BEF00008BF002290F82800254C00EBC00604EB98
:10BF0000C60608BFDFF894E0224F736000EB8003A1
:10BF100086F8280086F83B80B1607161F18447F8AB
:10BF200013E007EB4303B36195F828009A80D980AA
:10BF3000A3F808C000EBC00304EBC3036A6C184607
:10BF40005A64FFF7B3FED52802D0D0B1BDE8F08126
:10BF5000114E0220FEF7D4FE95F8283003EBC30201
:10BF600004EBC202D18C104629B992F8283036F879
:10BF70001330282BEDD0FFF799FED528E9D0002803
:10BF8000E4D140F6B831284602F05EFFBDE8F0810A
:10BF900050BB0122E0BB0122D0B801220001010008
:10BFA000F8B5164604460F4600F0D8FE3946054659
:10BFB000204600F0DFFF01462A4633462046C1F303
:10BFC0000F31FFF789FF054608B12846F8BD94F800
:10BFD0002830074E204636F81310FEF79BFF94F8E2
:10BFE0002830204636F81310FDF7DCF92846F8BD56
:10BFF000F4BB01222DE9F04FDFF8A493E54DE64FA5
:10C00000E64EDFF8A08383B042F21072012001A94E
:10C01000FFF746F90028F7D16FF48072019CA38CDA
:10C02000B4F826B01344162BEED801A252F823F030
:10C03000C7C30102B9C30102A9C3010285C301023A
:10C04000EBC30102D5C30102F9C3010269C30102B6
:10C0500049C3010223C3010211C3010209C0010245
:10C0600003C3010209C00102F1C2010209C00102B9
:10C0700009C001029DC2010277C2010251C2010240
:10C0800043C2010225C201028DC001020BF1FF3B38
:10C09000BBF1610FB8D801A353F82BF085C501029D
:10C0A0007DC5010275C5010263C5010209C0010217
:10C0B00009C0010209C0010209C0010209C0010250
:10C0C00009C0010209C0010209C0010209C0010240
:10C0D00009C0010209C0010209C001025BC50102D9
:10C0E00009C0010253C5010209C0010209C00102D1
:10C0F00009C0010209C0010209C0010209C0010210
:10C1000009C0010209C0010209C0010209C00102FF
:10C1100009C0010209C0010209C0010209C00102EF
:10C1200009C0010209C0010209C0010209C00102DF
:10C1300009C0010209C0010209C0010209C00102CF
:10C1400009C0010209C0010209C0010209C00102BF
:10C1500009C0010209C0010209C0010209C00102AF
:10C1600009C0010209C0010209C0010209C001029F
:10C1700009C0010209C0010209C0010209C001028F
:10C1800009C0010209C0010209C0010209C001027F
:10C1900009C0010209C0010209C001024BC5010228
:10C1A00043C501023BC5010233C5010209C00102BA
:10C1B00021C5010209C0010209C0010209C0010232
:10C1C00009C0010209C0010209C0010209C001023F
:10C1D00009C0010209C0010209C0010209C001022F
:10C1E00009C0010209C0010209C0010209C001021F
:10C1F00009C0010209C0010209C0010209C001020F
:10C2000009C0010209C0010209C0010209C00102FE
:10C2100009C0010209C0010209C00102C1C4010232
:10C2200081C4010259462046FDF7DCF84FF48B72B9
:10C23000002120466368984721460120FFF78CF8CB
:10C24000E2E659462046FDF7ADF840F21512EFE759
:10C2500094F8283003EB83030BEB430355F82330AA
:10C26000002BE9D0BBF1000F40F0D380082120461D
:10C27000FFF7E4FAE0E794F8283003EB83030BEBD5
:10C28000430355F82330002BD6D0BBF1000F40F00C
:10C29000C68009212046FFF7D1FACDE7BBF1000F98
:10C2A00040F0C380A36920461989090301F4704155
:10C2B00000F048FD002800F0D88094F8283003EB07
:10C2C000830255F83210002940F0C98045F8324009
:10C2D00039F81320002A00F05981142A00F05A81FD
:10C2E000132A00F0618120460721FFF7A7FA8BE6A9
:10C2F0005A4620460BF0070100F01EFE40F20F12D6
:10C3000096E759462046FEF705FE40F20D128FE7EC
:10C310002046FDF7B9FE2046FEF70CFE59460246C0
:10C3200087E7F0212046FCF763FB0120FEF7E8FCDD
:10C33000204600F0DDFC204600F0EEFC204600F038
:10C34000ABFC4FF4857273E794F82830BBF1090F0A
:10C3500026F813B05BD8594642462046FFF720FE28
:10C3600081B240F2091264E70021204602F076FC17
:10C37000204600F0A9FC6420FEF7C2FC4FF4847252
:10C38000594656E72046FFF773FD4FF4827259462F
:10C390004FE700BF88B70122D8B80122F4BB0122C1
:10C3A000D4B8012241EE01022046FDF7A5FE204649
:10C3B000FEF7C0FD02463BE72046FEF74DF84FF47E
:10C3C0008172594635E72046FDF75EFE40F20112C4
:10C3D00059462EE7502294F82830204627F813209B
:10C3E000FFF746FD4FF4837222E72046FDF7BAFEC1
:10C3F00040F2051259461CE7204600F05BFC012183
:10C40000204602F02BFC40F20712594611E7FF21AB
:10C41000A7E7594608222046FDF774FF0CE7594666
:10C4200009222046FDF76EFF06E75946204600F038
:10C430008DFD82462046514600F084FCD8B194F828
:10C44000282002EB82030BEB430355F82330002B2B
:10C4500000F0BB8059462046FFF76CF8D4E5A3698D
:10C4600020461989FFF780F8CEE5A369204619898F
:10C47000FEF7AAFFC8E559462046FEF77DFFC3E553
:10C48000142394F82820614903FB02F28B5A0133EC
:10C490009BB2012B8B523FF426AF0520FEF730FCF8
:10C4A0002046FEF729F92046FEF72CF92046FEF734
:10C4B000EFF82046FEF7F4F82046FEF747F9A3E52B
:10C4C00094F8283039F81320013A112A3FF69CAD30
:10C4D00001A151F822F000BFC3C50102A9C50102A4
:10C4E00095C5010209C0010209C0010209C001028B
:10C4F00009C0010209C0010209C0010209C001020C
:10C5000009C0010209C0010209C0010209C00102FB
:10C5100009C0010209C00102A9C5010295C50102B5
:10C5200094F82830012B7FF46FAD2046FFF790F888
:10C530006AE52046FDF7A8FD66E52046FDF78CFF7D
:10C5400062E5204602F00EFC5EE5204602F04CFC5F
:10C550005AE52046FCF702FD56E52046FCF7F8FCBC
:10C5600052E52046A18DFDF71BFC2046A18DFDF76D
:10C5700045FB49E5204600F017FA45E5204600F066
:10C580004FFA41E5204600F0C5F93DE52046FFF7AA
:10C5900039FA39E5282202FB03F3EB5820469A6862
:10C5A0005969FFF7F7F82FE5282202FB03F3EB5850
:10C5B00020469A685969FFF781F8FF287FF424AD77
:10C5C00091E62046FFF7CAF91EE50A2303FB02B2F3
:10C5D00045F82240BAF1000F0DD0BBF1090F3FF62C
:10C5E00013AD59462046FEF765FC594648B920462A
:10C5F00000F076FD08E5594620460722FDF782FE49
:10C6000002E52046FFF7B6FAFEE400BF80B801223B
:10C61000092900D970474FF0000C70B590F8283008
:10C62000164E03EB830301EB43030C46054626F845
:10C6300013C000F0FDFD032819D8DFE800F0110A4F
:10C64000020370BD21462846BDE870400522FDF773
:10C6500059BE21462846BDE87040042200F070BE55
:10C6600021462846BDE87040032200F069BE2146FD
:10C670002846BDE870400722FDF744BE80B801227D
:10C68000092900D97047FFF73FBA00BFF8B5184D28
:10C6900090F8283035F81320052A28D8D82606FB2C
:10C6A00003F30A26044602EBC20203EB8203114F96
:10C6B000114AD75013449E80CA88DA808A689A60EB
:10C6C000CE68DE600A691A614A695A618A699A61AC
:10C6D000CA69DA610A6A4FF470411A620022B047EF
:10C6E00094F8282035F81230013325F81230F8BDBF
:10C6F000A8B80122FFFF00F0A0B9012264232DE9B0
:10C70000F0410126844603FB00F3174D01EB810045
:10C7100003EB4003EE52B04016882B44BCF1010FEE
:10C720004FEA81045E8003D153880544A5F8683040
:10C7300064274FF48C7000FB0CF007FB0CFC556871
:10C740000C44C1EBC10EDFF82C80084E00EB8E00CC
:10C750000CEB440C404446F80C501C23BDE8F0415F
:10C7600000220349FAF7DABD5091012256910122C5
:10C7700018160202408501222DE9F84F494D064660
:10C780002C78002C76D000274FF0D80AB8463D46CA
:10C790003C46DFF854B1DFF8549196F82800424B3C
:10C7A0001AFB008024220021184403F001FE062217
:10C7B0003C2196F828003D4B12FB005210010BEB78
:10C7C00002124BF80040C2E90144D46096F82800F8
:10C7D00008F1240811FB007200EB400005EB40005B
:10C7E000013549F80240062D4A4423F810405460B0
:10C7F000148107F10A07D0D1282796F828502C4831
:10C8000005EB85063A46002100EBC60003F0D0FD9B
:10C8100028484FEAC6083A460021404403F0C8FDC4
:10C82000254BB2009C50254A03EB860322F81540A5
:10C83000234AC3E90144C3E90344224B22F81540CB
:10C840002148224A23F81540214B22F815400021A7
:10C850003A46404423F8157003F0AAFD0121012D4A
:10C8600008BF1C4B084608BF9C70FEF783FD0020E4
:10C87000BDE8F88F48222146174803F099FD174F6D
:10C88000174B4822214617481C60C7E900443C81E9
:10C8900003F08EFD0123C7F80A40C7F80E407C82E2
:10C8A0002B7070E700B70122A0B90122B8B80122AD
:10C8B00030B80122D8B7012280B80122B0B80122D5
:10C8C000ACB80122A8B8012288B70122D4B801224D
:10C8D000D8B80122FCB6012250BB0122E0BB0122E4
:10C8E000F4BB012298BB0122E0B801220CB701225F
:10C8F000FBF744BCC38C33B9054B90F8282033F8C0
:10C900001230282B01D0FFF7D1B9D520704700BFD6
:10C91000D0B8012238B5858D0446EB0716D5214BDA
:10C9200090F8282033F81230072B15D0142B23D081
:10C93000052B0BD10022114600F07AFC032826D0EB
:10C9400013D8022802D02046FFF708F829462046CF
:10C95000BDE8384000F0FABC0021FEF76FFF294621
:10C960002046BDE8384000F0F1BCFF28EED1072199
:10C970002046FEF763FFE9E70022114600F058FC6D
:10C98000032804D0F1D838B10128DCD0DEE7052136
:10C990002046FEF753FFD9E711212046FEF74EFF50
:10C9A000D4E700BFD4B8012270B5858D0446EB07EB
:10C9B00005D429462046BDE8704000F08FBD002117
:10C9C000FEF75AFA10F002061DD194F828301349E8
:10C9D00003EB83039B00CA5A013292B2012ACA5266
:10C9E0000CD00520FEF78CF931462046FEF78CFA74
:10C9F00029462046BDE8704000F070BD0721204662
:10CA0000FEF71CFFD5E720460621FEF717FF294653
:10CA10002046BDE8704000F061BD00BF80B8012233
:10CA200070B5858D0446EA0705D429462046BDE841
:10CA3000704000F089BD0021FEF71EFA83072BD459
:10CA40003A4E94F8283036F81330043B0F2BECD8CC
:10CA500001A252F823F000BFDBCA01022BCA010277
:10CA600001CB01020BCB01022BCA01022BCA01022E
:10CA70002BCA01022BCA01022BCA01022BCA0102D6
:10CA80002BCA01022BCA01022BCA01022BCA0102C6
:10CA90002BCA0102ADCA010220460621FEF7CEFED6
:10CAA00029462046BDE8704000F04EBD00222046D9
:10CAB000114600F081FA022819D02AD880B3072243
:10CAC00094F828302046002126F81320FCF7B2FA0B
:10CAD00000212046FEF7CAF9A7E7002220461146AA
:10CAE00000F06AFA022802D013D80028E7D12046C5
:10CAF0000021FCF79FFA00212046FEF7B7F994E7E2
:10CB000000212046FEF79AFE8FE72046FEF726FF1B
:10CB10008BE7FF2889D107212046FEF78FFE84E7A7
:10CB200012212046FEF78AFE7FE700BFD4B801221B
:10CB30002DE9F843EFF303834FF00008164D174F2C
:10CB40002C88174A04EBC404103B07EBC4065BB205
:10CB5000404652F8239086F82880FDF709FDE4004E
:10CB600070643A1D04F13803D9E90901D050134427
:10CB700059603046FDF768F90120314647F80480D6
:10CB8000FEF7BCFB2B8801339BB20F2B08BF43463B
:10CB90002B80BDE8F88300BFF8BB012200BC012256
:10CBA000B8D9012200B54FF00F0E4FF4876C40F258
:10CBB00017124EF001E0074B90F828100CFB0133E0
:10CBC0009A8448330FF005C00022034B23F811204C
:10CBD0005DF804FB00BC0122F8BB01222DE9F047FF
:10CBE000EFF303820126194D194F6C88194B04EBA2
:10CBF000C404E400103A07EB040952B253F822A02F
:10CC0000304689F86064FDF7B3FC04F58768C9F81D
:10CC10007C043B1D04F58E64DAE90912B84419510D
:10CC20001C4440466260FDF70FF900234146C9F8F5
:10CC300038343046FEF762FB6B8833449BB20F2BCF
:10CC400008BF00236B80BDE8F08700BFF8BB01225E
:10CC500000BC0122B8D9012270B505460C46164623
:10CC600031B1324621462846BDE87040FDF796BDF9
:10CC70004021FCF7A7FA324621462846BDE870401D
:10CC8000FDF78CBD10B50446FDF724FD2046BDE838
:10CC90001040FDF7CDBC00BF10B50446FDF71AFDEE
:10CCA0002046BDE81040FDF7CBBC00BF702210212C
:10CCB000FBF794BE10B50446FDF706FD2046BDE81F
:10CCC0001040FDF7A5BC00BF10B50446FDF7FCFC05
:10CCD0002046BDE81040FDF7A5BC00BF10B50446D6
:10CCE000FDF704FD2046BDE81040FDF7C1BC00BFC4
:10CCF00010B50446FDF7FAFC2046BDE81040FDF7EC
:10CD0000BFBC00BF10B50446FDF7EAFC2046BDE8F5
:10CD10001040FDF79DBC00BF10B50446FDF7E0FCD8
:10CD20002046BDE81040FDF79BBC00BF08B5FDF7ED
:10CD300017FD0022FF2800F0C00314BF184610465C
:10CD400008BD00BF08B5FDF70BFD0022FF2800F06D
:10CD5000C00314BF1846104608BD00BF092901D9F9
:10CD60000020704710B50446FCF73AFA2046FCF75D
:10CD700045FAC34300F00F02D80000F080001043D2
:10CD800010BD00BF092901D90020704738B50C46F5
:10CD9000054641B3642095F8283001EB810100FB82
:10CDA00003F31A4A03EB4103D15A012901D00020B1
:10CDB00038BD1A44D3881B0B013B012BF7D8052C37
:10CDC000F5D821462846FCF70BFA2846FCF716FA58
:10CDD000C30610D40E4B95F8282053F822000038D3
:10CDE00018BF012038BDFCF7DDF9030B013BDBB2B6
:10CDF000012BE6D9DBE7074B95F8282053F82200F2
:10CE0000003818BF0120400038BD00BF50910122FA
:10CE100044D201224CD201222DE9F04704460D46AE
:10CE2000914690F82870FBF701FD29462046FFF750
:10CE3000A9FF064629462046FCF7B2F829462046B7
:10CE4000FCF7E0F829462046FCF71EF92946204663
:10CE5000FBF75AFD012E4AD0022E38D0DFF8C080F1
:10CE600007EB870605EB460658F826A0BAF1000F37
:10CE70003BD0294B294653F826302046CAF81430B7
:10CE8000AAF82C90FCF728FA244BAAF82E0058F8A0
:10CE9000264033F81630384684F83A30FDF768FB00
:10CEA0000022606458F826001146436880F8287014
:10CEB000984758F826100120FEF74EFA002329461D
:10CEC000384648F82630BDE8F047FEF7B1BA31469B
:10CED0002046FBF7BBFEC7B1012FBFD14FF4006264
:10CEE00031462046FBF72EFFB8E7BDE8F087314614
:10CEF0002046FBF7ABFE47B1012FAFD14FF40062E4
:10CF000039462046FBF71EFFA8E74FF48062314602
:10CF10002046FBF717FFA1E730B8012280B80122B5
:10CF200088B7012209B9FBF71FBDFBF709BD00BF98
:10CF30004FF4E061FBF7FCBF092905D8530601D582
:10CF4000FCF750BAFCF72EBA704700BF09290FD87A
:10CF500010B541B10446FCF743F92046FCF790F9BF
:10CF600000F4704010BDFCF71DF900F4704010BDD6
:10CF70000020704709291BD808B5A1B103466420D9
:10CF800093F8283001EB810100FB03F3094A03EB1E
:10CF90004103D15A012901D0FF2008BD1A44D0888D
:10CFA00000F4704008BDFCF7FDF800F4704008BDC7
:10CFB000FF207047509101222DE9F04F092983B0DD
:10CFC0006DD851EA0206174608BF32460C4606BF26
:10CFD0002023114600230546FBF768FCFF28064680
:10CFE00049D021462846FBF7C5FA80462146284607
:10CFF000FDF74CFF95F82830DFF8DCA003EB830346
:10D0000004EB43035AF82330CDF80080434536D96A
:10D01000022621462846FDF72FFF2146019028468B
:10D02000FBF704FC95F82890DFF8B0B009EB89090C
:10D0300004EB49093A4641465BF829302846FDF79A
:10D04000B3F84BF8290095F82830009903EB8303D7
:10D0500004EB43035AF8232091422FD8A2EB080295
:10D060004AF8232021462846FCF756F8019B03F096
:10D070000303012B1AD0304603B0BDE8F08F1FFA2E
:10D0800083F8B8F1000F0FD0B8FBF0F300FB138367
:10D090009BB24BB9B4FA84F676097600B9E701265B
:10D0A000304603B0BDE8F08F0126B2E7284621469E
:10D0B000FDF72AFF304603B0BDE8F08F0022394665
:10D0C0004AF823202846FBF7CBFE0304CAD439468E
:10D0D0002846FBF7E7FEC5E730B80122D8B70122A2
:10D0E000092900F285802DE9F84390F82830494A53
:10D0F00003EB830301EB430352F823900C4699F8AA
:10D100003B300546D9F81470002B6AD00026214622
:10D110002846FBF78BFB95F82830D9F808103E4AD3
:10D120003E48DFF8088103EB830304EB430348F830
:10D13000237020F8136042F8231028462146FFF799
:10D1400021FE064650B3431E9BB2012B51D8D9F89D
:10D15000403095F828905B6821465B6828461F7828
:10D160002F4B07EB890923F81940FBF703FA2D4BE6
:10D17000324623F8190095F82830214607EB83073B
:10D1800003EB830304EB430358F82360264B284644
:10D1900043F82760BDE8F843FCF760BB034602464E
:10D1A00021462846FBF758FB21462846FDF76EFE30
:10D1B0004FB1B7FBF0F200FB127792B21FBB2146D2
:10D1C0002846FBF78FFB21462846FDF79DFE2146AA
:10D1D0002846FBF7CBFE21462846BDE8F843FDF77D
:10D1E00045BEB9F82E305B060AD5FCF7FBF88DE793
:10D1F000704721462846BDE8F8430722FDF782B86C
:10D20000FCF7D0F882E701322146284692B2FBF7BC
:10D2100069FBD8E788B70122D8B7012280B801227C
:10D22000A08E0122B08E0122C08E012230B80122D0
:10D2300009292DE9F84F4BD800230C46064617461E
:10D24000FBF734FBFF28054642D021463046FDF768
:10D250001DFE96F82830DFF8E48003EB830204EB30
:10D26000420258F82210C5F30B05A942AA464FEA1C
:10D2700083023FD353D085B3B5FBF0F100FB1151CE
:10D2800089B2002948D04FF0010921463046FBF70A
:10D29000CDFA96F828309A001A442946264D04EB18
:10D2A000420B30463A4655F82B30FCF7E5FF45F87F
:10D2B0002B0096F82830484603EB830304EB430425
:10D2C00058F82430A3EB0A0348F82430BDE8F88F5F
:10D2D0004FF0FF094846BDE8F88F21463046FBF77E
:10D2E000A5FA4FF0010939463046FBF7FDFD4FF036
:10D2F000000ADEE721463046FBF798FA96F8283018
:10D300004FF0030903EB830204EB420258F82210AA
:10D310009A008DB2AA46BFE74FF00209BCE721464A
:10D320003046FBF783FAA946002DDCD096F828306A
:10D330004FF000099A00AFE7D8B7012230B80122B8
:10D34000092900D97047FFF767BD00BF2DE9F04FED
:10D35000012490F828C05C4A0CEB8C0387B002EBE8
:10D36000C302DB0007468B46A04692460293CDF8E7
:10D3700000C002E001340A2C24D008FA04F31BEAAE
:10D38000030FF7D0A6B231463846FBF7C5FE5AF870
:10D390002430002BEED031463846FFF7F3FC431E15
:10D3A0009BB2012B054610D931463846FDF782FD68
:10D3B00010282A463146384677D00134FFF728F93D
:10D3C0000A2CDAD107B0BDE8F08F01463846FCF7E9
:10D3D00069F98446009B29469A0001923B4A0CEB6E
:10D3E000830932F819C003903846CDF814C0FBF712
:10D3F00087FC29463846FCF7D3FC00232A463146F1
:10D400003846FBF753FA324B304933F8193031F8CC
:10D4100019C0304A0490DDE90001081803EB40030D
:10D4200052F823303846013BB3FBFCF301331FFABB
:10D4300083F9FCF7E9FC049B8145264AC3F30B0101
:10D4400029D80B468C46039801990144224840F89C
:10D4500021C097F8281001EB810104EB410152F83B
:10D460002110994224D002990A4452F824209A4269
:10D470002CBF4FF004094FF0050929463846FCF748
:10D48000A3F8314638464A46FFF7C6FC29463846D7
:10D49000FBF72AFD6EE771B1431C0598A9EB030366
:10D4A00013FB00139BB29C46CDE7FFF7E9F861E759
:10D4B0004FF00309E1E70599A9EB000313FB01F322
:10D4C0009BB29C46BFE700BF88B70122B08E012205
:10D4D000A08E012230B80122C08E01222DE9F8432E
:10D4E000012405460E462746DFF8588007FA04F364
:10D4F0001E4215D095F828301FFA84F903EB8303F8
:10D5000004EB430358F8233053B149462846FDF74E
:10D51000DFFCB0F5404F08D049462846FDF736F805
:10D5200001340A2CE2D1BDE8F8832846FBF70CFE53
:10D5300003044CBF0522072249462846FCF7E2FEB9
:10D54000EEE700BF88B701222DE9F0470124064627
:10D550000D462746DFF8D890DFF8D88007FA04F3A5
:10D560001D4219D096F8283003EB830304EB4303E4
:10D5700059F8232082B138F813301FFA84FA012BAE
:10D580000AD051463046FDF777FC800751462ED52C
:10D5900006223046FCF7B6FE0134062CDED14FF0F1
:10D5A0000108234F08FA04F31D4215D096F82830DD
:10D5B0001FFA84F903EB830304EB430357F823308A
:10D5C00053B149463046FDF757FC830709D506227B
:10D5D00049463046FCF796FE01340A2CE2D1BDE8FC
:10D5E000F087012249463046FFF716FCF4E7304643
:10D5F000FBF772FE4204CFD451463046FFF7C2FB20
:10D6000080B9012296F82830514603EB830304EBDE
:10D6100043033046013428F81320FFF7FDFB062CA6
:10D620009CD1BCE751463046FBF776FDE9E700BFE9
:10D6300088B70122289101222DE9F84F64244FF484
:10D640008C721D4B1D4E1F1904FB00F404F10A05DA
:10D6500027444FF0000B814602FB0066DFF860A014
:10D660004FEA01381C441D4406E00A35BD4204F16E
:10D670000A0406F11C061DD06389012BF5D1238A0B
:10D680000AEA03039845F0D1B9F1010FC5F800B0DB
:10D69000C5F806B0304608BFA4F80EB0F9F7B4FEDE
:10D6A0000A353046F9F784FEBD4204F10A0406F15A
:10D6B0001C06E1D1BDE8F88F509101225C85012262
:10D6C00000F0FFFF4FF0640C38B590F828300C469E
:10D6D0000CFB03F31D4A01EB810103EB4103D35A19
:10D6E000012B00D038BD00210546FBF765FA00F09C
:10D6F0000F0084421CD001212846FBF75DFA00F0A0
:10D700000F0084421BD002212846FBF755FA00F097
:10D710000F00844205D021462846BDE83840FAF77C
:10D720004FBF0023022228461946FBF795F8F2E77F
:10D73000002328461A461946FBF78EF8DBE700233C
:10D74000012228461946FBF787F8DCE750910122B1
:10D7500030B5112A9DF80C4004D0952A14BF002042
:10D76000092030BD022B01D0002030BD844634BBDF
:10D770001D4B185C38BB64201C4B01394FF0010E67
:10D78000052200FB0C338DB205E0012D21D9013AB1
:10D790000EF1010E1BD058890A330028F7D15FFA29
:10D7A0008EF0002CF1D0012DF1D81831104D114A16
:10D7B00004EB4103DBB205F80C00D05430BD0C4B38
:10D7C000185C0028D7D04B1E012BD4D830BD0620C2
:10D7D00030BD01F11803074A03495B00DBB201F8D1
:10D7E0000C00D05430BD00BF74C4012250910122FE
:10D7F00070C4012218920122F0B583B0089C94F8FD
:10D8000001C0BCF1050F02D0002003B0F0BD94F8B8
:10D8100003C005460CF0030CBCF1020F0E4632D0DB
:10D82000BCF1030F964618D0BCF1010FECD194F96E
:10D830000200A2780028A17952DBBEF1950FE3D156
:10D8400000296ED0C02B7FD0B1FA81F1C1F11F0148
:10D850004CF21023092089B224E094F90200A27846
:10D860000028A1794BDBBEF1950FCDD1002954D012
:10D87000C02B74D0B1FA81F1C1F11F0148F210033D
:10D88000092089B20EE094F90230002B634620DBB8
:10D8900001270097FFF75CFF44F210230028B3D064
:10D8A0000021A27802F00F021A432379647943EA37
:10D8B0000633099E43EA0423012D3280B380F180B0
:10D8C000A3D1431E9BB2042B21D90023099A538074
:10D8D0009BE700270097FFF73BFF4FF48543DDE709
:10D8E000BEF1950F90D159B3C02B3BD0B1FA81F165
:10D8F000C1F11F014CF28023092089B2D2E7BEF1A9
:10D90000950F81D189B94FF400430920CAE743013B
:10D91000183B43F470539BB2D8E748F21003092038
:10D92000C0E74CF210230920BCE7C02B1DD0B1FA90
:10D9300081F1C1F11F014FF40043092089B2B1E721
:10D940004CF280230920ADE74CF21023082903D8BC
:10D950000139092089B2A5E707210920A2E748F289
:10D960001003F3E74CF28023F0E74FF40043EDE7B8
:10D9700038B5094D90F8283035F8132052B10749D1
:10D98000044651F8233000219847002294F82830AB
:10D9900025F8132038BD00BF8CD1012284D101228B
:10D9A000704700BF134640F223110022FEF730BA41
:10D9B0004FF49271838DC28CFEF72ABAF0B5052A16
:10D9C00000F29B80DFE802F0030388704F034FF4FE
:10D9D000A01C90F82830494C03EB8302DFF838E1B3
:10D9E00004EB4207464D474E44F812E0C7F804C026
:10D9F00003EBC30203EB830306EB830605EBC203D1
:10DA00009E6090F82820802602EB820C04EB4C0CE0
:10DA1000ACF8081002EBC203BCF8061005EBC30318
:10DA200059610024012183F83B60DC84446C9985B2
:10DA3000354983F828205960C3F818C05C6490F811
:10DA40002820C66B02EBC2033049DB00046C38337C
:10DA5000CE5002EBC2020B4405EBC2005C60BDE895
:10DA6000F040FEF723B990F82830294E4FF0000E11
:10DA700006EB8326B6F802C0214DBCF5806F28BFA7
:10DA80004FF4806C03EB830203EBC30305EBC3038A
:10DA90001A4C9E601F4B44F8123004EB4203A3F86B
:10DAA00006C0A3F804E0ACE74FF4102E90F828303D
:10DAB000174A134D03EB830602EB832203EBC303E8
:10DAC0000E4C05EBC3039A60124B04EB460C44F872
:10DAD0001630CCF804E094E74FF4901E90F828300C
:10DAE000064C03EB83020C4F04EB420C44F812701B
:10DAF000034D044ECCF804E07AE7F0BD28D20122B1
:10DB000098D1012258D10122B1D901029CD1012220
:10DB100058C9012280060002800600012DE9F04369
:10DB20004FF0800900254FF0010E4FF4A06890F8E7
:10DB300028C0154F0CEBCC0307EBC303134E83F83F
:10DB40003B905E60466C124C5E640CEB8C0604EB02
:10DB5000460683F828C0DD849D605D619E61A3F860
:10DB60002CE090F828E00CEB8C0C0EEBCE0E24F899
:10DB70001C80728007EBCE00B580F5803181BDE856
:10DB8000F043FEF793B800BF98D10122B1D901024A
:10DB900028D201222DE9F0434FF0800900254FF0F3
:10DBA000010E4FF4106890F828C0154F0CEBCC0311
:10DBB00007EBC303134E83F83B905E60466C124C38
:10DBC0005E640CEB8C0604EB460683F828C0DD840B
:10DBD0009D605D619E61A3F82CE090F828E00CEB5D
:10DBE0008C0C0EEBCE0E24F81C80728007EBCE005E
:10DBF000B580F5803181BDE8F043FEF757B800BF2E
:10DC000098D10122B1D9010228D20122F8B54FF0F2
:10DC1000000C4FF0800E044690F82830214A22492B
:10DC200002EB432003EB830201EB42021F4DD68837
:10DC30001F4F03EBC30205EBC20282F82830C2E992
:10DC4000017003EB830301EB430182F83BE0566173
:10DC5000A2F826C0916194F82800626C00EBC00322
:10DC600005EBC30318465A64FEF720F880B2D528A6
:10DC700001D078B1F8BD0220FDF742F894F82830C1
:10DC800003EBC30305EBC300FEF710F880B2D52801
:10DC9000F1D0EEE72046BDE8F84040F6B83101F09B
:10DCA000D3B800BF28C5012280C4012294C4012238
:10DCB00041EE01020023FF222DE9F04790F8287081
:10DCC0008AB0584CADF8023007EB870304EB8304AD
:10DCD00023790546092BADF800206079A2790FFA67
:10DCE00087FE62D041F60A232689B4F80A809E4254
:10DCF00054D08A681388002B4AD09B00043B9B08B1
:10DD0000FF204FF6FF7A013305E0B14507D0013B14
:10DD100002F104020ED0B2F80490D145F5D1B2F868
:10DD20000690D14538D0C14508BF0020013B02F123
:10DD30000402F0D1FF282CD04FF000093A4E4B4698
:10DD400006EB8726B6F80280B8F5806F28BF4FF43F
:10DD500080680DE0042803F1050704D116F807A038
:10DD6000C888824530D0127813449BB2F25C7AB1F5
:10DD7000434506EB03020BD250780228EAD19446C1
:10DD800012784FF0010913449BB2F25C002AEFD1E4
:10DD9000FF200AB0BDE8F0870020B8E7B8F5007FA3
:10DDA000A7D100200AB0BDE8F08700289AD11AB99F
:10DDB0000123ADF8023095E7012A2ED0022A04BFD4
:10DDC0000323ADF802308DE7B9F1000F01D0CDF893
:10DDD00008C00DF102030593144B0194144C03EB9E
:10DDE0004E03079304EB4E032846D1F810800392AC
:10DDF000089301A9CDF810D0C04795F828300D4AF6
:10DE000034F8131003EB4303F55D01EB430302EB1E
:10DE10000313BDF80000DD80BBE70223ADF802303C
:10DE200060E700BF58D1012258C90122ACB80122D5
:10DE3000B0B80122E0B801220B46002240F22111C5
:10DE4000FDF7E6BF00234FF491711A46FDF7E0BFDE
:10DE50004FF0000C70B590F82830184C184E03EBBA
:10DE6000830544F81560B2F5007F04EB4505A5F87D
:10DE700004C01BD94FF400722981EA8000224FF0C0
:10DE8000FF0E104D05EB432303F802E090F8283015
:10DE9000013203EB830104EB4101B1F806C091B2FA
:10DEA0008C45EFD8BDE87040FFF7B0BEEA8029810D
:10DEB000002AE3D1BDE87040FFF7A8BE80C401226C
:10DEC0008006000228C501222DE9F043DFF81C91ED
:10DED00090F8283083B059F823300546B3F82680EF
:10DEE0004FEA0837BFB23946FEF720FFB8B3012426
:10DEF00002E001340A2C1DD0A6B231462846FFF7B5
:10DF000025F8B842F5D131462846FCF7B5FF01287F
:10DF1000EFD131462846FAF789FC502195F8283090
:10DF20002C4A03EB830304EB430301340A2C22F84D
:10DF30001310E1D1092241462846FFF789FF264BFD
:10DF400095F8282003EB4223DB7913F0200310D14E
:10DF5000B8F1010F28D05021204B23F812100220D5
:10DF600095F8283059F8231003B0BDE8F043FDF7C9
:10DF7000F3B900241A491B4802EB820201EB420369
:10DF800041F8120028465C60A3F80880FFF73EFEC7
:10DF90000028E4D1B8F1010F11D050210F4B95F8B2
:10DFA000282023F81210DAE70F491A460091284674
:10DFB0004FF48371FDF7F6FE95F82820CBE70A4968
:10DFC00003460246009128464FF48371FDF7EAFEAE
:10DFD000E3E700BF30C9012228C50122D0B80122E1
:10DFE00080C4012200030100A5D9010290D10122C1
:10DFF0002DE9F04F654A90F8283083B052F823306D
:10E000000646DC8C2503ADB22946FEF78FFE0028BC
:10E0100000F08280012C00F08F806420FCF770FEFD
:10E02000092221463046FFF713FF594B96F8282066
:10E0300003EB4223DB799B0600F18C804621554B94
:10E0400023F812100124544F02E001340A2C21D08D
:10E050001FFA84F841463046FEF78CFFA842F4D1FF
:10E0600096F8283003EB830304EB430337F81330AF
:10E07000502BEAD141463046FCF746FF002296F885
:10E08000283003EB830304EB430301340A2C27F805
:10E090001320DDD196F828A0DFF814B13BF81A3030
:10E0A000002B40D000254FF0D808DFF8089107E09A
:10E0B00096F828A03BF81A200135ABB29A4232D923
:10E0C00008FB0AF405EBC50304EB83044C446188A8
:10E0D000EF000129ECD1236A0022304698474622FE
:10E0E00040F2072096F82810638801EB410403EB07
:10E0F00044032A4C04EB03135A80294B33F81120B4
:10E10000824236D0462208FB0AF32F4403EB8703F2
:10E110004B448A469A80CDE796F828A01D4B33F8E9
:10E120001A30462B8ED00220184B53F82A1003B019
:10E13000BDE8F04FFDF710B996F828201349194BA8
:10E1400051F822203046918C009300231A46FDF7A7
:10E1500029FE62E7FF2221463046134BFDF7BCFE45
:10E160000028D9D146210B4B96F8282023F812100D
:10E1700068E70E4B304653F82130002198470023C2
:10E1800096F82810064A22F81130BBE790D10122F8
:10E1900028C50122D0B8012230C90122E0B80122ED
:10E1A0008CD10122A5D9010241EE010284D10122C4
:10E1B000A8B80122A0B901222DE9F04FB74FDFF82E
:10E1C0000483DFF804A3DFF804B38FB042F21072C7
:10E1D000022004A9FDF764F80028F7D1049CA38C61
:10E1E00094F82890B3F5927F4D46E68C47F8294085
:10E1F00075D9A3F20222062A52D8A3F20323052BD3
:10E2000000F21E84DFE803F0513E2F12036040F25B
:10E21000051340F20721A24AA384636820462AF826
:10E22000191042F82930FFF7E3FECFE74FF483736C
:10E2300040F206212046A384FFF746FE40F2062264
:10E2400094F8283096492AF813206268012E41F884
:10E250002320A18CBAD1934B2046009300231A4669
:10E26000FDF7A0FDB2E74FF4837340F205218C4A1D
:10E27000A384636820462AF8191042F82930FFF772
:10E2800023FEA3E74FF48473854AA3846368012EB9
:10E2900042F8293000F0A7814FF401732AF81930B1
:10E2A00021460220FDF758F890E740F207137C4A18
:10E2B000A3846368012E42F8293000F0A98140F25E
:10E2C00003232AF81930EBE740F205134FF40271EB
:10E2D0002046A384FFF78CFE4FF40272B0E7B3F53B
:10E2E000827FDDD96FF4827213441F2BD8D801A22C
:10E2F00052F823F037E50102A1E20102A1E2010296
:10E30000A1E20102A1E20102A1E20102A1E20102F5
:10E31000A1E20102A1E20102A1E20102A1E20102E5
:10E32000A1E20102A1E20102A1E20102A1E20102D5
:10E33000A1E20102A1E20102A1E20102A1E20102C5
:10E34000A1E20102A1E20102A1E20102A1E20102B5
:10E35000A1E20102A1E20102A1E20102A1E20102A5
:10E36000A1E20102D1E4010207E401029FE30102FC
:10E3700075E3010231462046FEF7E8FD94F82830A7
:10E38000494A32F81320282A00F04A81462A00F030
:10E39000478157F823100220FCF7DEFF16E7424BB7
:10E3A00033F81930462B00F0A98100F25A810A2B6C
:10E3B00000F09681282B7FF473AF628D3B4E0021D5
:10E3C00026F819202046FEF747FC0022402594F845
:10E3D0002830374903EB430021F8132036F8131097
:10E3E000344E802926F8205000F0D481C02900F056
:10E3F000D181A94200F0EF810A222B4957F823402E
:10E4000021F813204CE70C2005A98DF81490FCF797
:10E410009FFD0021204600F021FC282394F828507D
:10E42000214A22F81530244B33F8153083B34FF6C8
:10E43000FF794FF00A0C002403EBC3039B001F4A33
:10E44000243B9B0802FB03F305EB450223F040430A
:10E4500002EBC20205EB450E013308EBC2024FEAA4
:10E460004E0E1188B1420FD15188A2F804C07144F8
:10E470000BEB011009012BF8019011491160A0F874
:10E4800002C08480C4800481013B02F12402E8D1EF
:10E4900057F825100220FCF75FFF97E690D1012284
:10E4A00084D10122A5D90102D0B80122ACB8012241
:10E4B00080D10122B8B80122A8B80122398EE338F0
:10E4C000FFFF00F0A0B901228CD10122E0B80122A7
:10E4D000638D422B37D8402B7FF6E2AEC14931F82D
:10E4E00019300A2B7FF4DCAE2822012321F81920F1
:10E4F000BD4A22F81930BD4A12F81920022A00F04C
:10E50000038200F06DFC94F82830B74A32F81320EB
:10E51000012A7FF43EAFB64B40F203110093002373
:10E5200020461A46FDF73EFC282294F82830AD49D3
:10E5300021F813202DE740F2051120462AF8191082
:10E54000FFF756FD42E6432B7FF4AAAE0A230026CE
:10E55000A44A22F81930A74BA74A33F8193022F8F9
:10E56000196063B994E79B88462B14D0A14B94F8AB
:10E570002850013633F81520B3B29A4288D9D823EF
:10E5800003FB05F306EBC60203EB82034344598801
:10E5900010460129E7D1D82303FB05F505EB8005DB
:10E5A00008EB05092046D9F81830B9F80620984735
:10E5B000924B94F82820B9F802C0002148F80530A1
:10E5C0000A204FF0FF3502EB42020CEB42030BEB4B
:10E5D00003121B012BF80350A9F80400508091800E
:10E5E000D1801181C2E70A237E4A22F81930002324
:10E5F0004FF401722AF819207D4AA18C204600921E
:10E600001A46FDF7CFFB94F8283057F8234047E629
:10E610000A23744A22F81930002340F20322E9E762
:10E620002046FBF7B3FD94F8283000283FF4B1AE44
:10E6300057F823209946568D002E00F0BE800A22FE
:10E64000684921F813203AF81320A2F2022292B26C
:10E65000012A3FF69EAE2046FFF78AF994F828304B
:10E6600097E6502B7FF41CAE624B002533F819302F
:10E670003BB915E65F4B013533F81920ABB29A422E
:10E680002BD9D82303FB09F305EBC50203EB820367
:10E6900043445988EE000129ECD10022DB69204671
:10E6A000984740F2052394F828203AF8121099422E
:10E6B00064D0D823502103FB09F32E4403EB8603D7
:10E6C0004344588802EB420200EB42020BEB021279
:10E6D0005180998094F82890CCE757F82940DFE5DD
:10E6E0003AF81930B3F5017F7FF4DAAD2046FFF731
:10E6F0003FF994F8283057F82340D1E53D4B33F8E3
:10E700001930002B3FF4CCAD711C204600250C467F
:10E7100006E0384B013533F81920ABB29A42DCD908
:10E72000D82303FB09F305EBC50203EB8203434443
:10E730005A88EE00A242ECD11B6A002221460390C7
:10E74000984740F20721039890F828203AF81230B1
:10E750008B4219D0D823462103FB09F32E4403EB47
:10E76000860343445E8802EB420206EB42020BEB57
:10E7700002125180998090F82890CAE72046FFF74E
:10E78000F7F894F8282094E7FFF7F2F8039890F848
:10E790002820DFE71A4B114620461B68984794F85B
:10E7A0002800104B33F810300A2B69D0F9F724FDFC
:10E7B00094F8283057F8234072E5124A32F81330A3
:10E7C000013B052B44D8DFE813F0C400E6001F002E
:10E7D00068004300F6002046FCF7F2F8204600F0FF
:10E7E000F7FADCE7D0B80122B0B80122FCB601226A
:10E7F000A5D90102A8B80122ACB80122FFFF00F0A0
:10E80000C811012280D101220021984B30220846F4
:10E8100053F82960F5F7D2FFB36C05460662006035
:10E82000002B00F00B811A46DB69002BFBD1D56170
:10E8300094F828008E4B082203EB80208D4905F1C7
:10E840000C03F5F785FF94F828908B4B43F829507B
:10E850008A4B33F81920013292B2052A23F8192085
:10E8600011D0062A63D0012A854B56D133F81920DE
:10E87000844B00215B682046984794F8283088E54F
:10E8800057F820400CE57E4B204633F819107D4B9D
:10E890005B69984794F828307BE500252422494697
:10E8A00000E00135784B33F811C0ABB29C4540F223
:10E8B000A580002E40F0A280D82002FB03F300FBCD
:10E8C0000139C144B9F804000A28EAD1D82212FB60
:10E8D000013120464144FFF7EDF938B9012694F89B
:10E8E0002830674931F81330A9F8023094F828101D
:10E8F000614B53F821005E4B03EB8121F5F774FB6C
:10E90000242294F82810CCE70B2005A98DF81530A7
:10E910008DF81490FCF71CFBF3E533F81910594BF4
:10E92000204653F82230984794F8283031E54F4B71
:10E9300053F82900F4F75EFD572894F828307FF447
:10E9400028AD4A4A52F82300F4F7ECFD94F8283039
:10E950001FE54B4E4D4B36F8195033F819202D0357
:10E96000ADB229462046FEF777F90622484B09EB5F
:10E97000890903EB8903DB7994F8281003F07F03FE
:10E980001D4336F8113002FB0133424A22F813507E
:10E9900094F828905CE7354B3D4A53F8293009EB51
:10E9A000890902EB89003C490E224C33F5F7D0FE71
:10E9B00094F828904CE7D8223349002309FB0282BF
:10E9C00031F8196009E02E49508831F819102432C5
:10E9D000814203F1010513D02B4699B28E42F2D841
:10E9E00046232E4A22F819303AF819204B46A2F253
:10E9F000022292B2012A3FF6CCAC2CE6894627E7E8
:10EA0000D8204FF0060E4FF0240C462500FB09F0ED
:10EA10000EFB091E0CFB03031C4A0BEB0E1E32F807
:10EA200019604344AEF80250AEF8086000229D80A1
:10EA300020465B69984794F82890D1E7B064F7E6E0
:10EA400040F20B13164AA3846368012E42F8293062
:10EA500004D040F202232AF8193021E40A230F4A95
:10EA600022F81930002340F20222C3E57087012208
:10EA700058C90122E810012278C4012280D1012264
:10EA8000B0B80122C8110122A8B80122ACB80122F5
:10EA900058D10122B8B80122F0100122D0B80122C9
:10EAA00084D101222DE9F84F574C054621780029E1
:10EAB00000F09F80002495F82830544E544803EB12
:10EAC0008302910000EB432006EB820374504FF465
:10EAD00000722146C3E90144C3E9034401F068FC24
:10EAE00095F828304B4F03EB830307EB83019B0022
:10EAF000FC50C1E90144C1E90344474895F8283076
:10EB00004FF48062214600EB832001F051FC95F820
:10EB10002810424B01EB810143F8114003EB410304
:10EB20005C601C8195F828303D4803EBC303482204
:10EB3000214600EBC30001F03BFC4FF0060E0A2318
:10EB400095F828B0DFF800A1DFF800C14AF82B40A3
:10EB500095F828504FF6FF722CF815404EF001E062
:10EB6000A446DFF8EC802F4F2F483049DFF8E490BF
:10EB700028F8154029F8154047F8254020F81530A9
:10EB800021F815402A492B4F21F815402A4905EB59
:10EB9000850021F8154005EB450101EBC10107EBAC
:10EBA000C10706EB800180003450C1E90144C1E98E
:10EBB000034405EB4505214EDFF89C806D0005EB15
:10EBC0000C0006EB0011000132520CF1010CC7F8E9
:10EBD00000804B80243747F8203C8C80CC800C810F
:10EBE0000FF013C802210846FCF7C4FB0020BDE863
:10EBF000F88F134B48221348C3E90011198101F023
:10EC0000D7FB0123237055E776C4012230C90122C6
:10EC100028C5012258D1012258C9012280C40122ED
:10EC200094C4012284D10122D0B80122ACB80122BF
:10EC3000B0B80122A0B90122A8B80122E0B801228F
:10EC400028D2012298D1012290D101228CD1012217
:10EC500028C9012280D10122FFFF00F0012901D043
:10EC6000F9F7D6BE10B50446F9F7CAFE94F8283075
:10EC7000012B00D010BD054B054A9B782046BDE80E
:10EC8000104003EB430352F823301847FCB601222F
:10EC90008811012210B5114B90F8282033F812305A
:10ECA000502B06D0FBF7ACFCBDE810400520FCF76C
:10ECB00027B80446FBF7A4FC0120FCF721F8204606
:10ECC000FBF716FA2046FBF793FC2046FDF7DAFF28
:10ECD000BDE810400520FCF713B800BFD8B80122EA
:10ECE00070B504460D46FEF70DF82046FEF720F9F4
:10ECF00029462046FFF7A0F894F82830012B00D0D1
:10ED000070BD064B064A9B782046BDE8704003EB79
:10ED1000430302EB83035B68184700BFFCB6012284
:10ED20008811012210B590F828300446012B08D133
:10ED30000A4B0B4A9B7803EB430302EB83039B686C
:10ED40009847F0212046F9F753FE2046FDF7C6FF0D
:10ED50002046BDE810404321FFF76EB8FCB6012203
:10ED60008811012270B5194D90F8283035F81360DC
:10ED7000502E03D0BDE87040FBF76EBB0446F9F798
:10ED800019FE83060DD42046FBF754F9432813D00F
:10ED90002046FDF777FF31462046BDE87040FBF77F
:10EDA0000FB9282294F82830204625F81320012195
:10EDB000BDE87040FCF7CABF282294F828302046EE
:10EDC00025F81320BDE87040FBF746BBD8B80122F8
:10EDD0000022024B11461B68184700BFC8110122D0
:10EDE0006420FBF78DBF00BFFFF72CB8F8B5124FBA
:10EDF00004463D880E4675B12046FDF7D3FE2046F9
:10EE0000FFF750FE2046FDF7B7FC31462046BDE82F
:10EE1000F840FDF76DBDFCF7ABFA4FF00A0E0E227D
:10EE20004EF001E0054B9A715D7024330FF005C878
:10EE300001233B80E0E700BF3CD2012208D8012239
:10EE400001460420FCF742BA042000B583B00A460C
:10EE50000DEB0001FCF724FA38B9019B988D0028CE
:10EE600018BFFF2003B05DF804FBFF2003B05DF87E
:10EE700004FB00BF2DE9F04192B000287BD00C4686
:10EE8000002978D08A78012A6FD805460270CB789D
:10EE9000774903F07F03C370206AA861754841F881
:10EEA00022006178022952D9217801295DD10B3BDA
:10EEB000DBB2082B59D840F2DD1121FA03F3DB074E
:10EEC00053D5D4E909036C496C4E41F822006C49D2
:10EED000C5E9070341F82230B25C012A00F0A180A5
:10EEE00028B1D0E9011300681B6898472B6A23B149
:10EEF000D3E901121868126890472378012B03D1D7
:10EF00002978604A22F811302046FCF7A5F800283D
:10EF100045D131787378194300F0868001224FF48F
:10EF2000347000212B78584FF254584A47F8231078
:10EF300000FB0320564A22F81310482201F038FA49
:10EF400094F80080B8F1010F2CD000260FE0132BAD
:10EF50000BD801204F4E00FA03F3334210D14E4834
:10EF6000034202D02378012B14D040F2E2563046FF
:10EF700012B0BDE8F0810126304612B0BDE8F08144
:10EF80002378022BF1D10029EFD0002A99D1022950
:10EF900097D1EAE7022994D1012A92D0E5E740F21D
:10EFA000DC56E4E728788DF82800FBF7E1FA1190A9
:10EFB0009DF82800FBF70CFD06460028D7D16846CF
:10EFC000E178FFF713FF9DF828002146FBF728FDA5
:10EFD000324B9DF8280023F810606278022A38D05E
:10EFE000FBF7EEFB01216846FFF738FE2C492D4860
:10EFF000F4F79EFAE378912B1CD02378012BA4D14F
:10F000002A78E97857F822008B4003430B2947F808
:10F0100022309AD157F8223043F4805347F82230F7
:10F0200093E740F2DD56A2E74FF4B4721E4801F0B8
:10F03000BFF973E71D491E48F4F77AFA6378022B8B
:10F040000FD0A3786BB91B4A1B491C48F4F756FE36
:10F05000D3E723F810806846F9F772FC9DF8280082
:10F06000BEE70023164A14491648F4F747FEC4E7E2
:10F0700000D8012255B001024CD2012240D2012217
:10F0800044D201225CD2012254D2012260D2012258
:10F090006C8E0122D107010000E80E0084B7012226
:10F0A0007D260102B810012208D80122812D01021B
:10F0B000A01001220000254059810102E016020241
:10F0C00000103540CC160202034648B1054A0168DB
:10F0D000914203D1002210461A6070470720704702
:10F0E0000120704754524F502DE9F84F0388DBB18F
:10F0F0004FF0000A80464FF00109DFF8D4B0002439
:10F10000314D4FEACA07D8F8043035F8022BD91927
:10F11000898891420AD00134032CF4D1B8F8003028
:10F120000AF1010A5345EAD8BDE8F88FDB5909FA1C
:10F1300004F603F0B853B3F1807F244BF6B293F892
:10F140004C2C12D0324230D104F120021BF8123084
:10F15000DB09E0D01BF81230012123F08003C82026
:10F160000BF8123000F0E6FED5E7324210D004F181
:10F1700020021BF81230DB09CDD11BF8123001211F
:10F1800043F08003C8200BF8123000F0D3FEC2E732
:10F19000012000F07BFF0D4B012093F84C2C3243F3
:10F1A00083F84C2C00F042FFE1E7012000F06EFFF5
:10F1B000064B012093F84C2C22EA060283F84C2CD3
:10F1C00000F034FFC0E700BF001A020200E0014077
:10F1D0000020204080B10A4B006898420ED15AB1FD
:10F1E0000B0A08481B0153FA81F150F82130002026
:10F1F000C3F3400313707047012070470720704726
:10F2000054524F500008404070B1094B006898427A
:10F210000CD14AB1090A490101F1804101F580018F
:10F220004B6800201380704701207047072070470B
:10F2300054524F50E8B110B400680F4CA04210D1A6
:10F240009BB1090A490123EA020001F18041134000
:10F2500043EA004301F5800100205DF8044B8B6018
:10F26000704707205DF8044B704703205DF8044B9E
:10F2700070470120704700BF54524F50E8B1104B07
:10F280000068984215D1012A15D801235FFA81FC44
:10F2900003FA0CF3002A9AB24FEA034308BF1A4656
:10F2A000090A490101F1804101F5800100208A60CD
:10F2B000704707207047032070470120704700BF48
:10F2C00054524F50F8B110B40068104CA04212D103
:10F2D000ABB1090A490101F1804101F580010C68D7
:10F2E00003EA0200204362EA030202405DF8044B95
:10F2F00000200A60704707205DF8044B7047032028
:10F300005DF8044B70470120704700BF54524F50C6
:10F31000A8B10E4B0068984213D182B10123090AAB
:10F320008B4013F01E0F0ED0490101F1804101F511
:10F3300080014B680020C3F30F4313807047012006
:10F340007047072070470320704700BF54524F504A
:10F3500018B3164B006898421CD10120E2B10B0A89
:10F3600000FA03FC1CF01E0F1ED010B45B0103F169
:10F37000804303F580035C68C9B200FA01F18BB2E7
:10F3800001EA14418B420AD0002300205DF8044BAF
:10F390001370704707207047704701207047107046
:10F3A0005DF8044B002070470320704754524F50C3
:10F3B00010B310B40068114CA04219D1A3B10120C0
:10F3C000090A884010F01E0F0ED0490123EA0200FE
:10F3D00001F18041134043EA004301F58001002020
:10F3E0005DF8044BCB60704703205DF8044B704719
:10F3F00007205DF8044B70470120704754524F506E
:10F4000030B3164B006898421ED1012A1ED8012045
:10F410000B0A10B400FA03F414F01E0F1AD05B01AB
:10F4200003F18043C9B203F58003DC688840012AF8
:10F430004FEA004113BF84438C4304430C43002034
:10F44000DC605DF8044B704707207047032070476D
:10F450000120704703205DF8044B704754524F5011
:10F46000002853D070B52A4B1546026886B09A42E0
:10F4700002D0072006B070BD012601AB03A80C46E0
:10F48000ADF8081001950493ADF80C60FFF72CFE61
:10F49000EFF3108186F310881E4B1A681AB91E48C4
:10F4A0000275402202751A6801321A6081F31088D1
:10F4B000E9034FEA1422E4B219D4110117480A19DA
:10F4C00040F82250EFF31082012181F3108819686F
:10F4D00011B11968013919601B681BB980200E49E8
:10F4E0000B75087582F31088002006B070BD0B48BC
:10F4F000110104EB021250F8226026F4803640F825
:10F50000226025F4803640F82260D7E7012070475A
:10F5100054524F50B0D90122000D404000084040E5
:10F52000F8B50446FFF7E0FDEFF31082012383F303
:10F530001088254E33681BB9402024490B75087587
:10F5400033680133336082F31088218849B3C900DE
:10F550000839C90860681E4D013107E01B011344DA
:10F56000013945F8234000F108001AD00468828868
:10F57000E7034FEA1223D2B2F0D502EB031C55F891
:10F580002CE01B0124F480372EF4803E1344013913
:10F5900045F82CE000F1080045F82C7045F82340B0
:10F5A000E4D1EFF31082012383F31088336813B1A1
:10F5B0003368013B336033681BB9802003490B7506
:10F5C000087582F31088F8BDB0D90122000D4040C3
:10F5D0000008404098B191B14A6808B503464AB165
:10F5E000094A186890420CD008461A60FFF798FF45
:10F5F000002008BD0A88002AF2D0012008BD0120A1
:10F6000070470E2008BD00BF54524F5080B108B55E
:10F61000084A0368934209D131B14B6823B10846C7
:10F62000FFF77EFF002008BD012008BD072008BDB0
:10F630000120704754524F5050B1064B02689A4215
:10F6400004D100238268184653777047072070471B
:10F650000120704743414D440620704780B179B185
:10F66000034610B407481C68844205D100205DF8A9
:10F67000044BD9605A61704707205DF8044B70470E
:10F680000120704743414D44A8B10C4B02689A4297
:10F690000DD143685B685B895BB9BFF34F8F09018C
:10F6A000826841F00101C9B21846517770470720BE
:10F6B0007047062070470120704700BF43414D440A
:10F6C000E8B1114B02689A421BD1C1B130B44FF47A
:10F6D00080644FF4803582688C600D60B2F810C091
:10F6E0004FF6FF731CF4404F18BF2346D468002028
:10F6F0004C60926830BC92B2C1E90232704701207E
:10F7000070470720704700BF43414D4478B3194A02
:10F7100001680346914228D1002070B55A689D685F
:10F720005268154E1178D468203146F821002877A8
:10F73000BCB14FF0010E92F90110104C4FEA511C70
:10F7400001F01F010CF1200C0EFA01F144F82C100D
:10F75000BFF34F8FBFF36F8F094992F9012041F832
:10F760002200002210461A6070BD07207047012059
:10F77000704700BF43414D4400A8004000E100E055
:10F78000B8D9012230B48268014613685568108ADE
:10F79000B2F810C0C0F30120CCF3813443B13DB1C5
:10F7A0004FF0FF3C2B430CFA00F033EA000002D08C
:10F7B00030BC0120704714B99368002BF8D0BFF318
:10F7C0004F8F30BC01228B681A7770472DE9F047C4
:10F7D000D0E9012391F803E000247746566891F8B8
:10F7E00002903278B6F80A80920002F1804202F567
:10F7F0002842C9F3810CC2F88040CEF3810A1C77FD
:10F800004FEA8C1CC2F880805C774FEA9E12CD894B
:10F810004CEA8A3C07F0C00A9203CEF3011EBAF10B
:10F82000800FADB242EA0E222BD0BAF1400F28D0A1
:10F83000BAF1C00F00F0AC80D0F80CE042F40052F6
:10F84000B8F1000F18BF42F00102BEF1000F2CD139
:10F85000BAF1C00F61D00020074692B21FFA8CFCAB
:10F860009F62D862A3F814C01A8248687268186050
:10F87000896859609D60DC609A6183F813E0BDE897
:10F88000F0878C8905EB0545C9F3001E25F0FC25A2
:10F89000A4B242EA0E32D0F80CE0B8F1000F18BF63
:10F8A00042F00102BEF1000FD2D019F0200F5FD15B
:10F8B0004FF0100EB37896F901701B01002FDBB2E8
:10F8C0005EDB07F1604808F5614888F80033344B87
:10F8D00007F5C65843F82700324B53F8289029F40F
:10F8E000803943F8289053F82830BFF35F8F4FF0EA
:10F8F00001087B099B0007F01F0703F1604303F534
:10F90000614308FA07F7C3F880711F60CF788368F6
:10F9100007F0C00ABAF1C00F9DD1888907F00C0723
:10F92000042F80B208BF074691F80290B1F80E800C
:10F9300009F00C0918BF37891FFA88F808BF4CF482
:10F94000005CB9F1040F1CBF10FB08F81FFA88F027
:10F95000D1F8048008BF4CF0200CC3F82080D1F807
:10F96000088007EB074700EB0040C3F8248074E7EA
:10F97000BAF1C00F14BF4FF01C0E4FF0100E99E7F4
:10F98000DFF8248007F00F09C84488F818309EE794
:10F990008C8905EB054525F0FC25A4B27BE700BF6B
:10F9A000B8D9012200600040FCEC00E0002855D0EE
:10F9B000304B02682DE9F0419A42044654D00D467E
:10F9C000002948D04A68002A45D01378072B47D829
:10F9D000D06818B192F90110002948DB2968002984
:10F9E00039D0CE783F2E04D9CE89B6B2B6F5806F25
:10F9F00031D84CF22006498821F47F5121F01F01B3
:10FA000089B2B14227D0002603F18073526903F511
:10FA100020739B01C4E90230626165602661EFF3E7
:10FA20001088012787F31088134B1A6822F480028C
:10FA30001A601B689620394600F07CFA88F310881B
:10FA40000E4B204629681F70FFF7C0FE3046094B59
:10FA50002360BDE8F0810120BDE8F08101207047FE
:10FA600040F27A50BDE8F0810E20BDE8F0810B2015
:10FA7000EFE700BF43414D440030204000A8004064
:10FA800050B3174B026810B59A42044601D00720C4
:10FA900010BDF9B1CA783F2A17D84CF220004B8824
:10FAA00023F47F5323F01F039BB2834212D002F052
:10FAB0003002302A12D02046FFF788FE2046FFF79A
:10FAC00061FE002818BF132010BDCB899BB2B3F58F
:10FAD000806FE2D9012010BD01207047062010BDC3
:10FAE00043414D4438B3154A01680346914201D061
:10FAF0000720704730B4826810685568118AB2F8E0
:10FB000010C0C1F30121CCF3813488B185B14FF02D
:10FB1000FF3C28430CFA01F1884309D10CB99268E3
:10FB200032B1BFF34F8F30BC01229B681A77704708
:10FB3000012030BC70470120704700BF43414D4455
:10FB4000D8B10F4B02689A4201D0072070470022BB
:10FB5000D0E9013110B45868037844899B0003F15F
:10FB6000804303F52843C3F8802010460A77C3F882
:10FB700080405DF8044B4A7770470120704700BF12
:10FB800043414D4430B583B00191009260B3184AAF
:10FB90000168914202D0072003B030BD0024D0E9B3
:10FBA000012155682A786D89920002F1804202F5A0
:10FBB0002842C2F880400C77C2F880504C77019AF6
:10FBC0000AB1019A0A60009A0AB1009A4A600A8A48
:10FBD00012F4404F14BFCB608B60FFF7D3FD0028B9
:10FBE00018BF132003B030BD012003B030BD00BFEB
:10FBF00043414D4410B582B0EFF30383103B0F4AED
:10FC00005BB203F5C65152F8210020F4803042F86F
:10FC1000210052F821200A4A01A852F823406269C3
:10FC2000E36801929847A368DB6823B1BFF34F8F65
:10FC30000122A3681A7702B010BD00BF0060004027
:10FC4000B8D901221E4A92F8263092F82420DBB25D
:10FC500002F00F02A2F1080103292BD8DFE801F01E
:10FC600020160C021749184A51F82330A2FB03232F
:10FC70001B09164A136070471249134A51F8233082
:10FC8000A2FB0323114ADB08136070470D490E4A9B
:10FC900051F82330A2FB03230C4A9B0813607047E2
:10FCA0000849094A51F82330A2FB0323074A5B089D
:10FCB00013607047034951F82330D340D9E700BFA0
:10FCC00000E0014040260122ABAAAAAAECD90122F9
:10FCD000704700BF00000000F8B54AF2035001234E
:10FCE00059495A4AA1F8FA03938093889BB2002B92
:10FCF000FBD101244FF400409FED4F6B9FED507BF3
:10FD0000534B5449544D5961C3E90751148083ED55
:10FD1000007F1861FFF796FF092206214A4B83F8FE
:10FD2000501A83F8A22093F8002C1AB993F8013CDA
:10FD300098077BD0444C94F8003C002B6BD00022F9
:10FD4000414B83F8012C83F8002C00233E4A82F8B3
:10FD5000323092F83C301907FBD545F6017040F27D
:10FD600031110023384C1085A2F84C1082F82A304B
:10FD700094F83C309B06FBD5042201250526334B25
:10FD8000364F1A77276284F8245084F82660FFF7EC
:10FD900059FF2946962000F0CDF8002384F824303E
:10FDA0002762FFF74FFF2946962000F0C3F884F83A
:10FDB0002660FFF747FF4AF20152294B1A80BFF332
:10FDC0005F8F1D72BFF35F8F4FF42541198084F858
:10FDD000305084F8525084F8535094F874301A4AD2
:10FDE00043F0400384F8743092F87430DB09FBD0A0
:10FDF000062447200723144982F86C4082F87400D7
:10FE000082F8743091F87430DB09FBD14FF425434C
:10FE1000A1F8FA33F8BD0121C82084F8001C00F0D5
:10FE200089F894F8003C012BFBD188E74FF47A70F5
:10FE3000FFF74EFF89E700BF006CDC0200127A007A
:10FE400000800000002D310100E0014000C10140B0
:10FE50004026012200389C1C001C4E0E3223123119
:10FE60000020004038B50025284C0121C82084F826
:10FE7000285000F05FF884F8245094F82430002BC8
:10FE8000FBD194F82430214943F0020384F8243054
:10FE900091F82430C3F340009B07F9D41B4A81F842
:10FEA000220092F8223003F0FF00002BF9D192F8E3
:10FEB0004030164960F3C71382F8403091F8403063
:10FEC000DB09FBD191F84200104A63F3C71081F8B7
:10FED000420092F84230DB09FBD192F844000B4912
:10FEE00063F3C71082F8440091F84430C3F3C014A0
:10FEF000DB09F9D1012000F0C9F8054B012083F896
:10FF00004C4CBDE8384000F091B800BF00202040C4
:10FF100000E00140034618B1024A00201A60704711
:10FF20000120704700000606A0F101000028FBD167
:10FF3000704700BF1E4B1F4A1B6800FB01F1934234
:10FF400013D302F1854202F5071203F5742302F67A
:10FF5000834203F23F23A2FB03239B0CA3FB01314B
:10FF60004FF0FF30E1B1FFF7DFBF4FF47A7210B40A
:10FF7000114C4FF0FF30B4FBF3F3A1FB02C434B9D2
:10FF8000BCFBF3F080B15DF8044BFFF7CDBFB1FBD4
:10FF9000F3F1A1FB0212002AF5D1084620B1F2E7E5
:10FFA0001846002BDFD170475DF8044B704700BF47
:10FFB000ECD9012200127A0000CA9A3B70B50024E5
:10FFC0000D4B0E4EB3F80021B3F82051ADB21540E1
:10FFD00025FA04F3DB0704D556F82430E0B203B168
:10FFE00098470134102CF3D1034AA2F81051B2F80B
:10FFF00020311D42FBD170BD00C0004070D90122EC
:020000040202F6
:100000000022092310B40748074C30F8021F02F5FC
:10001000C65C013209B144F82C10013BF5D15DF802
:10002000044B7047BE19020200600040EFF31081DC
:10003000012383F31088124B33F8102092B22AB1B7
:1000400033F81020013A92B223F8102033F8103020
:100050009BB293B90B4A10B4B2F8FA330A4C9BB274
:1000600034F8100043F4254323EA0003A2F8FA33DE
:1000700081F310885DF8044B704781F31088704756
:10008000DCD9012200E00140E81B020230B4EFF3AA
:100090001081012383F310880E4A32F810309BB28E
:1000A0006BB90D4C0D4DB4F8FA3335F810C09BB256
:1000B00043EA0C0343F425439BB2A4F8FA3332F825
:1000C000103001339BB222F8103081F3108830BC1D
:1000D000704700BFDCD9012200E00140E81B0202AA
:1000E000094908B50A688318B3F5806F03D8074833
:1000F0000B60104408BD00F075F90C2203464FF068
:10010000FF301A6008BD00BFE8D901224012012269
:1001100000BE704708B500F037F8F2F787F8FEE741
:10012000F8B5174F05463E68A6B17C6806EB460653
:1001300004EB860602E00C34B4420BD0637AAB4287
:10014000F9D1D4E900020021121A0C3400F030F980
:10015000B442F3D1BE6896B1FC6804EB061602E027
:100160001034A6420BD0637BAB42F9D1D4E9000234
:10017000A168121A103400F03DF9A642F3D1F8BD7F
:10018000681A020200000000F8B5644A644B5A6124
:10019000BFF34F8FBFF36F8F1B6803F47002B2F58C
:1001A000801F00F0928013F4600F7AD05D4A1368CC
:1001B00043F004031360BFF34F8FBFF36F8F4FF40F
:1001C0007002594B564C0020C4F88820A360F1F708
:1001D000F7FC0025FFF780FD4AF202514FF425425B
:1001E000524B0120A3F8FA1383F8B05AA3F8FA236C
:1001F000F1F7E6FC4E4B83F30A884A4B1A689207E4
:1002000003D5A268B2F1007F63D00020FFF788FF1A
:10021000FFF718FDFFF726FE0320FFF737FF002347
:100220004FF00C0E1C464EF001E0424903F10C0267
:1002300021F8224001330FF007C80320FFF7F6FE34
:100240000320FFF723FF3C4B03205C609C60DC60D5
:100250001C61FFF7EBFE0220F1F7B2FC0120FFF773
:100260005FFFBFF34F8FBFF36F8F2D4BC3F850422B
:10027000BFF34F8FBFF36F8F304B314D5B1B002BA4
:100280004FEAA30606DD002455F8043B01349847E5
:10029000A642F9DCFFF7B4FEBDE8F840002000F00C
:1002A00051B8204A136843F004031360BFF34F8F23
:1002B000BFF36F8F4FF0E022936843F48033936075
:1002C000BFF34F8FBFF36F8F79E719077FF46EAFDE
:1002D00069E701211A695869C2F3C302093201FAB8
:1002E00002F300260027DB0843F007C0AFF30080CD
:1002F000E5E802670FF005C0C0F3C303093301FA54
:1003000003F34FF00052DB0843F007C0AFF3008067
:10031000E2E802670FF005C077E700BF01020E00B8
:1003200000ED00E000E001E00000000200E001401C
:1003300040160122000D404000402040841C020273
:10034000801C0202704700BF0CB4184B30B50C1E65
:100350009DB01D6808DA8B234FF0FF302B601DB075
:10036000BDE8304002B070474FF40273029006902F
:1003700002A9ADF8143014BF04F1FF332346209ACC
:100380002846049307934FF6FF73ADF8163021AB60
:10039000019300F099F9431CBCBF8B232B60002C08
:1003A000DDD0029B00221A70D9E700BFE8110122BC
:1003B00002440346934200D1704703F8011BF9E75A
:1003C00010B56AB10139841810F8012B11F8013FFA
:1003D0009A4203D1A04201D0002AF5D1D01A10BD13
:1003E0001046FCE7014B1868704700BFE811012276
:1003F000704770470A44431E914200D1704710B5C0
:1004000011F8014B914203F8014FF9D110BD034699
:1004100013F8012B002AFBD1181A0138704700008D
:1004200038B50546002941D051F8043C0C1F002B7B
:10043000B8BFE41800F0E0F81D4A136833B96360F0
:1004400014602846BDE8384000F0DCB8A34208D963
:10045000206821188B4201BF19685B680918216068
:10046000EDE71A465B680BB1A342FAD91168501840
:10047000A0420BD120680144501811608342E0D1A2
:1004800018685B68084453601060DAE702D90C23EF
:100490002B60D6E7206821188B4202BF19685B6881
:1004A0000918636008BF21605460CAE738BD00BF07
:1004B00034DB012270B50F4E0C460546316811B988
:1004C00000F0A8FB30602146284600F0A3FB431C47
:1004D00003D14FF0FF34204670BDC41C24F0030448
:1004E000A042F8D0211A284600F094FB0130F2D146
:1004F000EFE700BF30DB01222DE9F843CD1C0646B3
:1005000025F0030508350C2D38BF0C25002D01DB27
:10051000A94204D90C2333600020BDE8F883DFF83A
:10052000D48000F069F8D8F800301C4644BB294656
:100530003046FFF7BFFF431C044658D1D8F80040AF
:100540002746002F43D1002C4BD023683946304634
:1005500004EB030900F05EFB814542D1216830467F
:100560006D1A2946FFF7A6FF01303AD023682B44C5
:100570002360D8F800305A6862BBC8F800700FE0FA
:100580002268521B20D40B2A17D96119A342256077
:1005900018BF5960636808BFC8F8001062514B600B
:1005A000304600F02FF804F10B00231D20F0070067
:1005B000C21A1CBF1B1AA350AFE76268A3420CBF4C
:1005C000C8F800205A60EBE723466468AEE73C4673
:1005D0007F68B6E71A465B68A342FBD100235360ED
:1005E000DEE70C233046336000F00CF894E705603A
:1005F000D6E700BF34DB01220148FFF7F9BE00BF98
:100600002CDB01220148FFF7F4BE00BF2CDB0122E6
:100610002DE9F0471F468E6882460C46BE42904642
:100620000B682DD8B1F90C2012F4906F26D06569B3
:10063000096905EB4505A3EB01097B1C05EBD575A5
:100640004B446D109D4238BF1D46530527D52946A2
:10065000FFF752FF064660B34A462169FFF7CAFE1C
:10066000A38923F4906343F08003A38126614E4461
:100670006561A5EB090526603E46A560BE4200D92E
:100680003E4632464146206800F0AAFAA3680020A0
:100690009B1BA360236833442360BDE8F0872A4690
:1006A00000F0D6FA06460028E0D121695046FFF74F
:1006B000B7FE0C234FF0FF30CAF80030A38943F097
:1006C0004003A381E9E700002DE9F04F98468B89AC
:1006D0009DB007461B060D46144610D50B6973B92D
:1006E0004021FFF709FF2860286130B90C233B60E7
:1006F0004FF0FF301DB0BDE8F08F40236B61002349
:10070000CDF80C804FF00109DFF8A0810993202378
:100710008DF8293030238DF82A3023469A4613F875
:10072000012B0AB1252AF9D1BAEB040B0BD05B4699
:10073000224629463846FFF76BFF013000F0A780BC
:10074000099A5A4409929AF80030002B00F09F80D1
:1007500000234FF0FF320AF1010A049307938DF84A
:1007600053301A93CDE90523544605224F4814F817
:10077000011B00F05FFA049AD8B9D00644BF2023C9
:100780008DF85330110744BF2B238DF853309AF85E
:1007900000302A2B15D0079A544600204FF00A0C3F
:1007A000214611F8013B303B092B4BD9B0B10792E0
:1007B00014E0A0EB0803A24609FA03F313430493E1
:1007C000D2E7039B191D1B68002B0391BBBF5B4243
:1007D00042F0020207930793B8BF049223782E2BAE
:1007E0000AD163782A2B32D1039B02341A1D1B686D
:1007F00043EAE37303920593DFF8C0A00322217854
:10080000504600F017FA38B1A0EB0A004022049BD2
:10081000013482401343049314F8011B0622244838
:100820008DF8281000F006FA002836D0214B1BBBAB
:10083000039B073323F0070308330393099B3344D7
:1008400009936AE70CFB02320C460120A8E700235B
:1008500001344FF00A0C19460593204610F8012B7D
:10086000303A092A03D9002BC6D00591C4E70CFB06
:10087000012104460123F0E703AB2A4604A93846C8
:1008800000930D4BAFF30080421C0646D6D1AB89D6
:100890005B063FF52DAF09982CE703AB2A4604A968
:1008A00038460093044B00F07DF8EDE7F21B02029E
:1008B000FC1B02020000000011060202F81B0202EB
:1008C0002DE9F047164698468A6807460B690C469C
:1008D000DDF820909342B8BF1346336091F843206F
:1008E0000AB1013333602368990642BF336802338B
:1008F0003360256815F0060506D104F1190AE3688E
:1009000032689B1AAB422BDC94F843302268003BE0
:1009100018BF0123920630D404F143024146384601
:10092000C847013023D023681A3454F80A2C03F046
:100930000603042B0ABF54F80E5C002533684FF001
:10094000000608BFED1A54F8123C08BF25EAE57509
:100950009342C4BF9B1AED18B5421AD1002008E09B
:100960000123524641463846C847013003D14FF073
:10097000FF30BDE8F0870135C1E7E1185A1C30208F
:100980000233224481F8430094F8451082F8431062
:10099000C2E70123224641463846C8470130E6D027
:1009A0000136D9E72DE9FF470F7E914680460C4678
:1009B000782F9A460C9E01F1430207D8622F0AD87D
:1009C000002F00F0D180582F00F0B88004F14206CB
:1009D00084F842703AE0A7F16303152BF6D801A121
:1009E00051F823F03D0A0202510A0202CD09020227
:1009F000CD090202CD090202CD090202510A02020A
:100A0000CD090202CD090202CD090202CD0902027E
:100A10004F0B02027B0A0202090B0202CD090202FD
:100A2000CD090202710B0202CD0902027B0A020209
:100A3000CD090202CD090202110B020233681A1D10
:100A40001B68326004F1420684F8423001239CE0C6
:100A500033682068191D3160060601D51D6803E062
:100A60004506FBD5B3F90050002D03DA2D236D4266
:100A700084F8433058480A2311E021683368080697
:100A800053F8045B02D4490648BFADB26F2F336000
:100A9000514814BF0A230823002184F843106668D4
:100AA000002EA66005DB21682E4321F004012160A1
:100AB0004BD01646B5FBF3F103FB1157C75D06F8A3
:100AC000017D2F460D46BB42F4D9082B0BD123687C
:100AD000DF0708D5236961689942DEBF302306F835
:100AE000013C06F1FF36921B22614B4603AA2146C8
:100AF0004046CDF800A0FFF7E3FE01304AD14FF0A9
:100B0000FF3004B0BDE8F087236843F02003236082
:100B100078273248236884F845701F06316851F8F9
:100B2000045B02D45F0648BFADB23160D90744BF51
:100B300043F0200323601DB11023ADE72648E9E709
:100B4000236823F020032360F6E71646BDE73368E9
:100B50002568181D616930602E061B6801D5196073
:100B600002E06806FBD51980002316462361BCE726
:100B7000336800211A1D32601E686268304600F03A
:100B800059F808B1801B606063682361002384F812
:100B90004330AAE72369324649464046D0470130F0
:100BA000ADD023689B0713D4E068039B9842B8BF7D
:100BB0001846A6E70123324649464046D047013051
:100BC0009DD00135E36803995B1AAB42F2DCEBE799
:100BD000002504F11906F5E7031C0202141C0202A9
:100BE000884210B501EB020402D98442234607D89B
:100BF000431EA14208D011F8012B03F8012FF8E79A
:100C0000024401468A4200D110BD13F8014D02F89A
:100C1000014DF7E738B50023054D044608462B6023
:100C2000FFF75EFA431C02D12B6803B1236038BD85
:100C300028DB0122C9B20346024410B5934218468C
:100C400001D1002003E0047801338C42F6D110BDBD
:100C50002DE9F041074614460D4621B91146BDE87D
:100C6000F041FFF749BC2AB92546FFF7D9FB2846D2
:100C7000BDE8F08100F01AF88442064602D8B4EBD1
:100C8000500FF4D821463846FFF736FC804608B9A5
:100C90004546ECE7B4422246294628BF3246FFF7D4
:100CA000A9FB29463846FFF7BBFBF1E751F8043CA6
:100CB000181F002BBCBF0B58C01870475465726DCD
:100CC000696E616C00000000284E554C4C290000F4
:100CD0007274745F70726F63657373696E675F625D
:100CE0006C6F636B000000007274745F6F705F71F3
:100CF00075657565000000007274745F696E7075CB
:100D0000745F7175657565000D0A52657475726E54
:100D10006564204572726F7220436F64653A2030BB
:100D200078257820200D0A0054696D657374616D13
:100D30007020285469636B7329203D20307825305A
:100D4000386C783A0D0A00000D0A204552524F5275
:100D50003A20525454206672616D65776F726B2031
:100D6000696E6974204661696C65640D0A00000053
:100D70004572726F7220696E2070726F6365737353
:100D8000696E672C20706C656173652063686563AC
:100D90006B20616761696E0D0A000000312E300022
:100DA0000D0A2A2A2A2A2A2A2A2A2A2A2A2A2A2AE0
:100DB0002A2A2A2A2A2A2A2A2A2A2A2A2A2A2A2A93
:100DC0002A2A2A2A2A2A2A2A2A2A2A2A2A2A2A2A83
:100DD0002A2A2A2A2A2A2A2A2A2A2A2A2A2A2A2A73
:100DE0002A2A2A2A2A2A2A2A2A2A2A2A2A2A2A2A63
:100DF0002A2A0D0A2A20202052656E65736173200D
:100E0000465350204578616D706C652050726F6A52
:100E100065637420666F7220555342585F48505284
:100E20004E204D6F64756C652020202020202020EE
:100E300020202020202020202020202020202020B2
:100E40002020202A0D0A2A2020204578616D706C10
:100E5000652050726F6A6563742056657273696F9E
:100E60006E202573202020202020202020202020DC
:100E70002020202020202020202020202020202072
:100E80002020202020202020202020202020202062
:100E9000202020202A0D0A2A202020466C65782058
:100EA000536F667477617265205061636B2056657D
:100EB0007273696F6E2025642E25642E25642020B0
:100EC0002020202020202020202020202020202022
:100ED0002020202020202020202020202020202012
:100EE0002020202020202020202A0D0A2A2A2A2AF9
:100EF0002A2A2A2A2A2A2A2A2A2A2A2A2A2A2A2A52
:100F00002A2A2A2A2A2A2A2A2A2A2A2A2A2A2A2A41
:100F10002A2A2A2A2A2A2A2A2A2A2A2A2A2A2A2A31
:100F20002A2A2A2A2A2A2A2A2A2A2A2A2A2A2A2A21
:100F30002A2A2A2A2A2A2A2A2A2A2A2A0D0A5265EB
:100F400066657220746F20726561646D652E7478B9
:100F5000742066696C6520666F72206D6F72652003
:100F600064657461696C73206F6E204578616D7083
:100F70006C652050726F6A65637420616E640D0A3F
:100F800046535020557365722773204D616E75610D
:100F90006C20666F72206D6F726520696E666F726D
:100FA0006D6174696F6E2061626F75742055534274
:100FB000585F4850524E206D6F64756C650D0A0085
:100FC0000D0A546869732070726F6A6563742064D7
:100FD000656D6F6E737472617465732074686520DB
:100FE00062617369632066756E6374696F6E616CAC
:100FF000697479206F662055534258204850524EEC
:10100000204D6F64756C652072756E6E696E672019
:101010006F6E0D0A52656E65736173205241204DEB
:10102000435573206261736564206F6E2052656E54
:101030006573617320465350207573696E67204154
:101040007A75726552544F532E205573657220770E
:10105000696C6C2062652061626C6520746F20751C
:101060007365207468650D0A524120626F61726475
:10107000206173206120486F737420646576696312
:101080006520627920636F6E6E656374696E672098
:10109000697420746F20746865205072696E74657D
:1010A00072204465766963652E205374617475738C
:1010B000206F66200D0A6170706C69636174696FDE
:1010C0006E20285072696E74657220696E666F7248
:1010D0006D6174696F6E20616E64206572726F72EB
:1010E000206D65737361676573292077696C6C2067
:1010F000626520646973706C61796564206F6E202D
:101100004A2D4C696E6B20525454205669657765A0
:10111000722E0D0A000000000D0A494E464F203A7B
:101120002025730D0A0000000D0A4552524F52202F
:101130003A2025730D0A0000256300000D0A205295
:101140005454205072696E74696E672052656365ED
:101150006976656420556E6B6E6F776E204D657392
:1011600073616765204944000D0A4572726F7220F1
:101170003A206D656D6F72795F616C6C6F6361743D
:10118000655F727474206661696C65642E0D0A0077
:10119000555342205072696E746572206465766999
:1011A000636520696E736572746564005F75785F4E
:1011B000686F73745F636C6173735F7072696E7470
:1011C00065725F6E616D655F676574206661696CED
:1011D00065640000555342205072696E7465722038
:1011E0006465766963652072656D6F76656400007D
:1011F000205F75785F73797374656D5F696E69746C
:1012000069616C697A6520617069206661696C65E5
:10121000642E000075785F73797374656D20696E54
:10122000697469616C697A65642073756363657359
:101230007366756C6C7900002075785F686F7374E5
:101240005F737461636B5F696E697469616C697AFD
:101250006520415049206661696C65642E0000007C
:1012600075785F686F73745F737461636B20696E08
:10127000697469616C697A65642073756363657309
:101280007366756C6C790000205553422064726956
:10129000766572206F70656E6564204572726F723C
:1012A0000000000020555342206472697665722068
:1012B0006F70656E656420737563636573736675BF
:1012C0006C6C7900205553425820696E69746961CD
:1012D0006C697A6174696F6E20636F6D706C657490
:1012E000650000005072696E7465722064657465F3
:1012F000637465642E000000456E74657220616E33
:1013000079204B657920746F205072696E74205477
:101310006573742070616765000000002075785F58
:10132000686F73745F636C6173735F7072696E74FE
:1013300065725F7374617475735F67657420617043
:1013400069206661696C65642E00000075785F68CD
:101350006F73745F636C6173735F7072696E7465D1
:10136000725F7374617475735F67657420737563FE
:101370006365737366756C6C7920000075785F68BF
:101380006F73745F636C6173735F7072696E7465A1
:10139000725F6465766963655F69645F6765742021
:1013A000617069206661696C65642E002075785FE4
:1013B000686F73745F636C6173735F7072696E746E
:1013C00065725F6465766963655F69645F676574AC
:1013D000207375636365737366756C6C792E00009A
:1013E000446576696365204944203A200000000086
:1013F0002075785F686F73745F636C6173735F707F
:1014000072696E7465725F77726974652061706964
:10141000206661696C65642E0000000075785F6865
:101420006F73745F636C6173735F7072696E746500
:10143000725F777269746520737563636573736631
:10144000756C6C792000000044617461206C656EDD
:10145000677468206D69736D6174636800000000D3
:101460005072696E746572206E6F74206465746565
:10147000637465642C20706C6561736520636865B6
:10148000636B20746865206861726477617265209F
:10149000636F6E6E656374696F6E732E000000007B
:1014A0005072696E74657220436F6E6E656374006E
:1014B00046535020436F6D6D6F6E20496E697420E6
:1014C00053656D0052545420546872656164000085
:1014D00055534258204850524E00000075785F68BE
:1014E0006F73745F636C6173735F7072696E746540
:1014F000725F73656D6170686F7265004445534338
:1015000052495054494F4E3A000000004445533A66
:1015100000000000555342205052494E544552009D
:1015200075785F7472616E736665725F72657175EE
:101530006573745F73656D6170686F72650000003C
:1015400075785F73797374656D5F686F73745F65C9
:101550006E756D5F73656D6170686F726500000018
:1015600075785F73797374656D5F686F73745F68A6
:1015700063645F73656D6170686F72650000000081
:1015800075785F73797374656D5F686F73745F6589
:101590006E756D5F746872656164000075785F6870
:1015A0006F73745F737461636B5F6863645F7468A7
:1015B000726561640000000075785F686F73745F26
:1015C000656E64706F696E74305F73656D617068AD
:1015D0006F72650075785F686F73745F7472616EA7
:1015E000736665725F726571756573745F73656D3F
:1015F0006170686F7265000075785F7379737465E8
:101600006D5F6D7574657800667300006873000027
:101610006870726E000000005553425F4653505F81
:1016200053454D585F484F53540000005553425F97
:101630004653505F53454D585F484F53545F544194
:10164000534B5F53454D00005553425F4D454D5F31
:10165000424C4F434B0000005553425F4843445FA8
:101660004D4258005553425F4D47525F4D4258001E
:101670005553425F4855425F4D4258005553425FB3
:10168000434C535F4D4258005553425F4850524EB1
:101690005F4D4258000000004843445F5441534BA3
:1016A000000000004D47525F54534B005553425FBA
:1016B00050495045305F4D42580000005553425F3D
:1016C000504950455F4D4258000000006673705FFE
:1016D000757362785F6870726E5F687300000000F7
:1016E0006673705F757362785F6870726E5F667341
:1016F0000000000000000000000000000000545442
:1017000052205245474745530000000000000000AA
:101710003031323334353637383941424344454627
:101720009C8101222C170202081A020240000000CC
:101730003817020200000000000000000000000056
:101740000080000002000000008000000300000094
:101750000080000004000000008000000500000080
:1017600000800000070000000040000008000000AA
:101770000040000009000000008000000B00000095
:10178000008000000E000000008000000F0000003C
:101790000008011C000100000008011C01010000FC
:1017A0000008011C020100000008011C03010000E8
:1017B000000C011C040100000000011C05010000D8
:1017C0000000011C060100000400000007010000E9
:1017D000000C01170C010000000001170E010000B1
:1017E00000000100080200000000010009020000E2
:1017F000000001000A020000000001000B020000CE
:10180000000C011700030000000C01170103000089
:10181000000C011702030000000C01170303000075
:10182000000C011704030000000C01170503000061
:10183000000C011706030000000401170703000055
:101840000004011708030000000001130704000052
:101850000000011408040000000001140904000045
:10186000000C01060A040000000C01060B04000035
:10187000000C01060C040000000C01060D04000021
:10188000040000000E040000000001130005000029
:101890000000011301050000000401070B05000012
:1018A000000401070C050000040000000006000011
:1018B0000008011C000800000008011C01080000CD
:1018C0000008011C020800000008011C03080000B9
:1018D0000008011C040800000008011C08080000A2
:1018E0000400000009080000000001130E080000B9
:1018F000000001130F080000000C0104020A0000A0
:10190000000C0104030A0000000C0104040A00009A
:10191000000C0104050A000000000000060A000097
:10192000000C01050E0A0000000C01050F0A000062
:10193000000C0114010B00000101009100000000E7
:1019400000000000000102030405060C0C0C0C0C46
:101950000C0C0000000000000000000068190202EA
:1019600094190202000000009C82012274190202F4
:101970003C1A0202801001227C19020200070300B7
:10198000000000000100590055970102000000000E
:1019900000000000B4820122A01902023C1A0202D7
:1019A00090100122A81902020108030000000000A3
:1019B00001005800000000000000000000000000CE
:1019C0005A005B0058005900230121012201110037
:1019D000120000003F2DAD000926000D37130D3712
:1019E0003F2DAD000926000D37130D373F2DAD00FB
:1019F0000926000D37130D3701000000FFFFFFFF20
:101A00000204030404040000D5F50102C9F0010238
:101A10000DF6010261F4010251F3010201F4010229
:101A2000D5F101027DF20102C5F2010211F30102BA
:101A3000B1F3010209F2010235F20102ADF901022E
:101A400081FA010285FB0102E5FA010241FB010274
:101A500089F6010239F60102C1F601020DF7010211
:101A600059F601025DF6010208000000881B02021F
:101A70000F000000981A020203000000801A020200
:101A80000000006800000068000000800000008086
:101A9000401201224012012200000068000000688C
:101AA000000000900001090D0000006800000068BF
:101AB000000000270001020D00000068000000681F
:101AC000640000020001010D0000008000000080A1
:101AD0000000009000010908000000800000008064
:101AE00000000027000102080000008000000080C4
:101AF0006400000200010108000000000000000076
:101B00000000009001010905000000000000000035
:101B10000000002701000205000000000000000096
:101B20006400000201000105000000200000002008
:101B300000000090010109040000002000000020C6
:101B40000000002701000204000000200000002027
:101B500064000002010001040000002200000022D5
:101B60000000009000010903000000220000002294
:101B700000000027000002030000002238120122AA
:101B8000640000020000010300000068000000681B
:101B90000001000D00000068000000680001000D59
:101BA00000000080000000800001000800000080AC
:101BB000000000800001000800000000000000009C
:101BC00001000005000000200000002001000004CA
:101BD0003812012240120122000000037026012267
:101BE00038DB0122000000030100020008001000A1
:101BF0002000232D302B2000686C4C006566674563
:101C00004647003031323334353637383941424374
:101C10004445460030313233343536373839616225
:101C200063646566000000004275696C7420776922
:101C300074682052656E6573617320416476616ECD
:101C400063656420466C657869626C6520536F66D5
:101C50007477617265205061636B6167652076659A
:101C60007273696F6E20362E362E3000362E362E69
:081C7000300000000000060630
:041C7800F8B500BFFC
:041C7C00F8B500BFF8
:041C80000D1301023D
:041C8400E512010262
:081C880086E7FF7F0100000068
:020000040300F7
:04A10000FFFFFFFF5F
:04A10400FFFFFFFF5B
:04A20000FFFFFFFD60
:04A2800000000000DA
:0400000502020115DD
:00000001FF
