:020000040200F8
:100000006011062229EB000209EA000239EB000226
:1000100039EB000239EB000239EB000239EB000248
:1000200000000000000000000000000039EB0002AA
:1000300039EB00020000000031780002B1780002C4
:100040000D00000000010000800000001000000012
:1000500060020000A98100021182000241890002B1
:10006000F0F0F0F00C0000008000000080000000C4
:100070001000000060020000A9810002118200024D
:10008000098300020C000000000100008000000055
:100090001000000060020000A9810002118200022D
:1000A000098300021400000000010000200080000D
:1000B0001000000060020000A9810002118200020D
:1000C000C1860002030005000000000000000000DF
:1000D00000000000D00B000041B5000271B5000225
:1000E00079B50002050004000000000000000000D7
:1000F00000000000F809000089AE0002C1AE000255
:10010000C9AE00020C000100000000000000000168
:100110004000000090020000015300024153000221
:10012000495300020200040000000000000000002B
:100130000000000030140000F9BE000239BF0002C8
:1001400041BF00021700060000010000000000008F
:10015000000000000000000000000000000000009F
:1001600001AC0002050003000000000000000001D7
:10017000400000006C01000091CA0002C1CA0002E8
:0C018000D1CA000265F400027DF000020C
:100190002DE9F04381B041F28C161546C2F20626D5
:1001A000884607463378532B36D0A82130460EF0C8
:1001B00060FF03203061706142F6C41041F23421C7
:1001C000C0F20120B061C2F20621F1614FF400617A
:1001D00031620021B1627162F16241F6342230660F
:1001E0004FF0100E41F61620C2F206227266C6F8D3
:1001F00068E03167F1667167BFF35F8FC0F201207D
:100200000F30314600BF00BF10F8012901F8012B63
:100210000FF007C0BFF35F8F07EB470006EBC0008E
:1002200000F16009C76E046FBC4213D9D9E901011E
:10023000091BA94251EA35860119404632460EF0A3
:100240001DFF3019D9F80810411AB04450EA118442
:10025000AD1B00E00026381BA84250EA358545B1A9
:10026000D9F804002A46011940460EF007FF2E4433
:100270002C44002E304618BFC9F8104001B0BDE82C
:10028000F083D4D4D4D4D4D410B50B46EFF3118476
:100290004FF0200181F311881946FFF779FF84F3AD
:1002A000118810BDD4D4D4D42DE9F04381B000EB33
:1002B000400041F28C13C2F20623154603EBC00343
:1002C000894603F11808D86A022819D001280CD0F1
:1002D00048B9D8F80C40D8F81000E143A04267D9DB
:1002E0000844A8426AD2002689E0D8F80C40D8F821
:1002F0001010A14233D9E0430144D8F8080033E09C
:10030000D8F80C40002621E0D8F808101044084422
:10031000091B884250EA31804946A84250EA358795
:10032000D8F8040020443A460EF0A8FE3819D8F850
:100330000810411AA5EB070550EA11843E44B94460
:10034000002DBFF35F8FC8F80C4058D0D8F81000CC
:10035000E243A042D8D91044D8F80810D8E7E243C5
:10036000D8F8080011440144A94251EA3586051B1A
:10037000D8F804002044AE4209D2494632460EF075
:100380007DFEBFF35F8F3019C8F80C0037E0494697
:100390002A460EF073FE771BD8F8040009EB05011E
:1003A0003A460EF06BFEBFF35F8FC8F80C7026E084
:1003B000D8F8082008441044A84294D3D8E9010191
:1003C0000E1B2044B54209D249462A460EF056FE7D
:1003D000BFF35F8F6019C8F80C000FE04946324642
:1003E0000EF04CFEAF1BD8F8040009EB06013A46AC
:1003F0000EF044FEBFF35F8FC8F80C702E463046F7
:1004000001B0BDE8F083D4D4F0B581B041F28C15D1
:100410000C46C2F206252B78532B37D00646A8216E
:10042000284617460EF025FE03202861686142F633
:10043000C41041F23421C0F20120A861C2F20621A9
:10044000E9614FF4006129620021A9626962E962F1
:1004500041F6342228664FF0100E41F61620C2F203
:1004600006226A66C5F868E02967E9666967BFF32E
:100470005F8FC0F201200F3010F8011905F8011B41
:100480000FF007C03A463046BFF35F8FEFF3118598
:100490004FF0200181F311882146FFF705FF85F316
:1004A000118801B0F0BDD4D410B541F28C14C2F261
:1004B00006242078532837D0A82120460EF0D9FDF5
:1004C00003202061606142F6C41041F23421C0F281
:1004D0000120A061C2F20621E1614FF400612162B6
:1004E0000021A1626162E16241F6342220664FF090
:1004F000100E41F61620C2F206226266C4F868E0C9
:100500002167E1666167BFF35F8FC0F201200F30A2
:10051000214600BF00BF00BF10F8012901F8012BE0
:100520000FF007C0BFF35F8FE06E216F81425FEA7B
:100530000F9010BDD4D4D4D42DE9F04F9BB0924687
:100540000F464FF0000903901A900DF1580B002050
:1005500006A9169140211791CDE918990EE0011DC9
:10056000CAF800100168CDE900385846234600F06B
:100570000BFA1998B0F1FF3F40F3008217F8011B06
:1005800025291DD0002900F0E981DDE91720431C51
:10059000934207D8169A115418931998179A013054
:1005A000199018469042E4D116991A98FFF72CFF3B
:1005B0001899884240F0CD81CDF86090D9E700BF0E
:1005C0004FF000083978A1F123030D2B18D802222F
:1005D000DFE803F00E16161616161616101612166B
:1005E000160748EA02080137ECE700BF00BF00BF6A
:1005F0000822F6E70422F4E70122F2E700BF00BF79
:10060000A1F13A02002312F10A0F0FD300BF00BF7D
:100610000A4617F8011F03EB8303A1F13A0602EB28
:10062000430216F10B0FA2F13003F1D82E290FD19E
:100630003A4612F8016F2A2E0DD1DAF8001002376F
:100640000A1DCAF800200C6801211DE000BF00BF90
:100650000021002418E0A6F13A0717F10A0F02D290
:10066000002100240FE0002412F8011F04EB84078E
:10067000A1F13A0506EB470715F10B0FA7F130047E
:100680000E46F1D80121174617F8012B02F0FB06A0
:10069000682EF9D0A2F15806202E26D8DFE806F001
:1006A0001211111111111111111111163C11111109
:1006B0001111111111111111691111761138111146
:1006C000120056E7DAF80000102248E7DDE91720AB
:1006D000411CDAF80030914203F10406CAF80060C8
:1006E0003FF660AF169A1B680AE0252A7FF441AFF7
:1006F000DDE91720411C91423FF654AF169A25239D
:10070000135418911998179A01301990084649E71F
:10071000DAF800000A2222E7DAF800100A1DCAF807
:10072000002009680591002951EA51B201210A2AE5
:100730000EDB4CF6CD4CCCF6CC4C00BF00BF00BF5E
:10074000A2FB0C56632A01F101014FEAD602F7D849
:100750008C4254EA81895E46002B54D0059908F0FA
:10076000040200295FEA5F9141EA9201A3EB010BC9
:100770004BE0DAF800001022011DCAF800100168F1
:1007800008230820CDE900095846F0E6DAF80020F1
:10079000131DCAF80030126842F2FD03002AC0F2AD
:1007A000012352EA13865FEA01880AE000BF00BF16
:1007B0001998CDF86090B0F1FF3FA4F101047FF7E4
:1007C000D8AE16F8011B002C5FEA188200293FF40E
:1007D000D0AE002A7FF4CDAEDDE917235D1C954233
:1007E00007D81698C1542B461998179A01301895B6
:1007F00019909342DFD116991A98FFF705FE1899C0
:100800008842D5D0A5E04FF0000B5FEA88710491D3
:1008100018D5BCB90598B0F1FF3F3DDD5FEA4870DF
:1008200057D5DDE91720411C914208D8169A2B2391
:10083000135418911998179A01301990084690424C
:100840003ED046E05FEAC871E4D1BBF1000FE1D0D1
:10085000ABF101055D4538BFD945DBD2DDE9172194
:100860004B1C934208D816982022425419461998D6
:10087000179A013018931990914209D116991A9834
:10088000FFF7C2FD1899884263D10020189019988B
:100890000028AB46DCD558E0DDE91720411C914229
:1008A00008D8169A2D23135418911998179A0130C5
:1008B0001990084690420598C0F10000059008D1B3
:1008C00016991A98FFF7A0FD1899884241D1002087
:1008D00018901998002851D4049900290BD40A22A1
:1008E000304605992346CDE900B8B34600F04CF8F0
:1008F0004FF000093DE608F001012143EFD1BBF1C3
:10090000000FECD0ABF101055D4538BFD945E6D20B
:10091000DDE917214B1C934208D816983022425427
:1009200019461998179A013018931990914209D1D4
:1009300016991A98FFF768FD1899884209D1002086
:10094000189019980028AB46DCD54FF00009B34643
:100950000FE64FF0FF301BB0BDE8F08F40B1189AA2
:1009600052B106A90398FFF74FFDDDE9181004E026
:1009700000201BB0BDE8F08F002108441BB0BDE88B
:10098000F08FD4D4D4D4D4D42DE9F04F81B015460F
:100990008B4691421F460446DDF828904FF0010037
:1009A00007D3594600BF00BFB1FBF5F10130A942A2
:1009B000FAD2874257EA8088B9F1000F0B9938D0F4
:1009C00011F0010035D188074FF0200048BF3020DA
:1009D0002021002F50EA01864FF0000A06E000BFF8
:1009E000E068A9F10109B0F1FF3F22DDB9F1000F84
:1009F0001FD0C8451DD2D4E90120411C914207D81F
:100A000022681654A160E06862680130E060084620
:100A10009042E5D121682069FFF7F6FCA168884281
:100A200002D1C4F808A0DBE74FF0FF30E060A9F185
:100A30000109E068002842D4012603E000BF00BF9E
:100A4000013F6E43022FFBD2BBFBF6F1A942F8D265
:100A500043F2B747A268C0F2012700BF00BF00BF42
:100A60006168531CBBFBF6FA8B4209D8206817F863
:100A70000A1081541A46E06861680130A360E060A2
:100A80008A4209D121682069FFF7BEFCA268904222
:100A90000CD10022E068A26000280AD4B6FBF5F170
:100AA0000AFB16BBB5420E46DAD902E04FF0FF3022
:100AB000E0600B99C90718BFB9F1000F02D101B06E
:100AC000BDE8F08F2025A9F101064E4538BFC84585
:100AD000F5D26168531C8B4207D8206885541A46AA
:100AE000E06861680130A360E0608A4209D1216852
:100AF0002069FFF789FCA168884207D10022E068DD
:100B0000A260B0F1FF3FB146DDDCD8E74FF0FF3027
:100B1000E06001B0BDE8F08F82B080B582B0CDE971
:100B2000042304AA019201AAFFF706FD02B0BDE862
:100B3000804002B07047D4D4ADF5A16D00208DF88F
:100B4000330001F09DFC01200021002201F038FC5F
:100B500005200021002201F033FC0DF1330400BF19
:100B6000204601F069FC08B12FF007C041F6442986
:100B700041F61450C2F20629C2F2062002210022D8
:100B8000C9F8000041F6F040C2F206204FF0000A1A
:100B900003F0C2FF0B90052003F022FB43F27060CC
:100BA000B1AD0DAC0DF59B67C0F2012010300A907D
:100BB000D9F800004FF0FF314FF0300804F024F86E
:100BC0004FF4187120460EF054FA30212846CDF823
:100BD000C8A4AB460EF04DFA302138460EF049FA63
:100BE0000BF01AF960B141F67B32054603201E2155
:100BF000C0F2012201F0E4FB51E000BF00BF00BFE2
:100C000042F6A65202204721C0F2012201F0D8FB91
:100C100040F2440943F2C741C2F206294FF4807200
:100C20004846C0F201210DF599634FF41876CDE9DD
:100C3000004607F0B9FA38B143F2DA12054603204C
:100C40002321C0F2012224E043F2E740DDF8C8147A
:100C5000C0F20120CDE9010843F217500023C0F291
:100C60000120CDE9030B01204A46CDE908AACDF8C1
:100C700000A0CDF81480CDE9064607F0CDFA002893
:100C800000F0948041F69932054603202821C0F2F5
:100C9000012201F095FB41F64429C2F2062940F2F7
:100CA0000006C2F2062643F2643203203921C0F264
:100CB00001220B9501F084FB042004210BAA01F012
:100CC0007FFBD9F8000003F0CBFF052003F088FA82
:100CD000D9F800004FF0FF3103F096FF4FF4187180
:100CE00020460EF0C6F930215846CDF8C8A40EF0C3
:100CF000C0F9302138460EF0BCF90BF08DF858B130
:100D000041F60372054603202821C0F2012201F0BA
:100D100057FB7DE000BF00BF41F65822022047216B
:100D2000C0F201224FF0000801F04AFB43F2575A8B
:100D30007268C0F2012A304651460DF599634FF4AE
:100D40001877CDE9004707F02FFA50B143F2FD12B2
:100D5000054603202D21C0F2012201F031FBC246DD
:100D600054E07068009043F27B50DDF8C814C0F284
:100D7000012001901020029043F28B503246C0F2C5
:100D80000120CDE9030B3020059001205346CDE929
:100D90000888CDE9064707F03FFA00B341F6C132B3
:100DA000054603203221C0F201222BE043F22758EE
:100DB0003022C0F2012858464146302610F080FD0E
:100DC00041F644290028C2F2062900F0BC8042F610
:100DD0004862054603204021C0F201220AE743F29F
:100DE00093581022C0F201285846414610F068FD81
:100DF000002800F0CC8042F65D42054603204B21DE
:100E0000C0F2012201F0DCFA4FF0000A0DF59B67F9
:100E100042F2C95203203921C0F201220B9501F0A0
:100E2000CFFA042004210BAA01F0CAFAD9F8000075
:100E300003F016FF052003F0D3F9D9F800004FF0B6
:100E4000FF3103F0E1FE4FF4007158460EF011F946
:100E50004FF4247120460EF00CF9CDF8D8A40AF016
:100E6000DBFF48B142F27212054603203021C0F286
:100E700001224DE100BF00BF42F202620220432185
:100E8000C0F2012201F09CFA43F2A3584FF42471FE
:100E900040F2C400C0F201284FF4A872CDE900412D
:100EA000C2F206203B460E46414604F029FA38B10C
:100EB00042F68862054603203D21C0F2012227E167
:100EC00040F2C402DDF8D8144FF4A870CDE9000A4E
:100ED0000520C2F206224346CDE908AACDE902AABE
:100EE000CDE904AACDE9064604F02EFA38B142F65F
:100EF000C562054603205021C0F2012208E143F2F9
:100F0000CD5040F2C402DDF8D814C0F201200190A7
:100F10004120CDE9020A06200023C2F20622CDE9D3
:100F200008AACDF800A0CDE904AACDE9064604F050
:100F30000BFA002855D041F69F72054603204C213C
:100F4000C0F20122E4E043F217504FF41872079206
:100F500040F24402DDF8C814C0F20120CDE90307D5
:100F600002200023C2F20622CDE908AA02960596C5
:100F7000CDE900A8069407F04FF9002851D042F2BD
:100F80000412054603202721C0F2012232E67068D0
:100F9000CDE900081020029043F28B5043F25753E2
:100FA000DDF8C814C0F20120039030200590022023
:100FB0004FF4187207923246C0F201234FF0000A34
:100FC000CDE908AA0DF59B670497069407F024F96C
:100FD000E0B341F6C132054603203221C0F20122BE
:100FE00044E040F2C402DDF8D8144FF400700590DC
:100FF00007200023C2F20622CDE908AACDF810B0DE
:10100000CDE900AACDE902AACDE9064604F09CF993
:1010100078B342F21C42054603204F21C0F2012260
:1010200076E043F2E74130223846C0F2012110F069
:1010300047FC40F20006C2F2062658B342F2DA62DA
:10104000054603203F21C0F2012238E043F27B51E4
:1010500010223846C0F2012110F032FC90B342F267
:101060002B12054603204721C0F2012201F0A8F906
:10107000CCE643F20E6120225846C0F2012110F066
:101080001FFCB8B341F69F22054603202F21C0F272
:1010900001223DE043F25B2202205D21C0F20122E9
:1010A00001F08EF9204607F0B3F8002800F0F68131
:1010B00042F28D22054603202E21C0F2012201F0CA
:1010C0007FF9F0E542F6CD1202205D21C0F2012247
:1010D00001F076F9204607F09BF800280DF59B6794
:1010E00000F0E08142F28D22054603202E21C0F25D
:1010F00001220CE6204604F0FFF8002800F0D5811C
:1011000042F2A212054603201C21C0F2012200BFB8
:1011100001F056F941F6D26203203121C0F20122DA
:101120000B9501F04DF9042004210BAA01F048F9B8
:10113000D9F8000003F094FD052003F051F8D9F828
:1011400000004FF0FF3103F05FFD4FF418712046AF
:10115000CDF8D4A4CDF8D0A4CDF8CCA4CDF8C8A4B3
:101160000DF087FF30215846CDF8C4A40DF081FF63
:10117000302138460DF07DFF0AF04EFE40B141F6B9
:101180007B32054603201E21C0F2012260E000BF31
:1011900041F6215202204621C0F2012201F010F94D
:1011A0000DF5996630460DF0ABF840F22407802229
:1011B000C2F20627314638460DF2C4434FF4187880
:1011C000CDE9004806F0F0FF38B143F2DA120546E7
:1011D00003202321C0F201223AE002AA1020DDF808
:1011E000C414002382E841083020059001203A46CB
:1011F000CDE908AACDE900A6CDE9064807F00CF82C
:1012000038B142F21972054603203921C0F2012299
:101210001EE0DDF8C414CDE900AB30200DF59B6B6A
:10122000CDE9020600233A46CDE904B00220CDE91B
:1012300008AACDE9064806F0EFFF002800F0BF80BD
:1012400042F23E02054603203921C0F2012200BFCE
:1012500001F0B6F840F2640BC2F2062B42F60432FB
:1012600003203921C0F2012230270B9501F0A8F8A4
:10127000042004210BAA01F0A3F8D9F8000003F020
:10128000EFFC052002F0ACFFD9F800004FF0FF3171
:1012900003F0BAFC3021B1A8CDF8C8A40DF0E9FEE6
:1012A00030210DF59B600DF0E4FE0AF0B5FDC0B9EC
:1012B00041F6466202204721C0F2012201F080F887
:1012C00043F22E614FF480725846C0F201210DF5B1
:1012D00099634FF418750DAECDE9006506F064FF13
:1012E00040B343F27F12814603202421C0F2012241
:1012F00001F066F843F2461203203921C0F20122C0
:10130000CDF82C9001F05CF8042004210BAA01F028
:1013100057F841F64429C2F20629D9F8000003F033
:101320009FFC052002F05CFF0DF59B67B1AD0DAC95
:10133000FFF73EBC43F24E60DDF8C814C0F2012056
:1013400001900B2000235A46CDE908AACDF800A051
:101350001024CDE9024ACDE904AACDE9066506F0DC
:101360005BFF38B142F2BE12814603204B21C0F22E
:101370000122BDE743F25E60DDF8C814C0F201202F
:10138000CDE9010443F26E600023C0F20120039016
:1013900001205A46CDE908AAB1ACCDF800A00696C6
:1013A000CDE90447A846079506F036FFC8B143F2D9
:1013B000ED22814603204321C0F2012298E710224A
:1013C0005846314610F07CFA40F2640BC2F2062B0C
:1013D000B0B141F62B72054603203B21C0F2012239
:1013E00021E0102204F110000A9910F069FAE8B126
:1013F00042F63D32814603204C21C0F2012277E7BC
:1014000042F6157202203521C0F2012200F0D8FF09
:10141000204606F0FDFED0B142F28D2205460320A3
:101420002E21C0F2012200F0CBFF17E743F27061DA
:1014300020222046C0F2012110F042FA58B141F6B4
:101440008D62814603203A21C0F2012250E7302705
:10145000CDF82CA011E743F24E60DDF8C814C0F2BD
:10146000012001901020CDE9020A0B2000235A46EA
:10147000CDE908AACDF800A00DAECDE904AA4546F5
:101480000696CDF81C8006F0C7FEC8B141F667523B
:10149000814603204E21C0F2012229E7CDF82CA07D
:1014A000FFF70FBCCDF82CA0C0E443F2B822022015
:1014B0003521C0F2012200F083FFCDF82CA037E6E1
:1014C000B1A801902020029043F26E60DDF8C814AC
:1014D000C0F201200390022000235A46CDE908AA59
:1014E000CDF800A00DF59B64CDE90447CDE9066574
:1014F00006F092FE38B142F62A22814603204321AB
:10150000C0F20122F4E643F25E6110222046C0F2EE
:10151000012110F0D5F938B141F6CE2281460320E1
:101520003721C0F20122E3E641F6EB7202202D21C1
:10153000C0F2012200F044FF0DA806F069FE38B1A8
:1015400042F20E32814603202E21C0F20122CFE664
:10155000CDF82CA0DDE6D4D4B0B582B041F6482059
:1015600043F2303141F67C22C2F20620C0F2012162
:10157000C2F206224FF480733425009503F094F9EB
:1015800008B102B0B0BD41F67C3042F23C3141F6C8
:10159000B433C2F20620C0F20121C2F206230122B6
:1015A00038241425CDE9005403F07AFB40B141F60C
:1015B00048210446C2F20621084603F0E5F91FE07F
:1015C00041F6C83041F6F33141F60043C2F206203D
:1015D000C0F20121C2F206230122CDE9005403F03A
:1015E0005FFB80B141F648210446C2F2062108465D
:1015F00003F0CAF941F67C30C2F2062003F0C8FBC2
:10160000204602B0B0BD002002B0B0BDD4D4D4D4C6
:1016100080B541F64820C2F2062003F0B5F941F644
:101620007C30C2F2062003F0B3FB41F6C830C2F2B0
:10163000062003F0ADFB42F26B410020C0F2012115
:101640000122FFF769FA00BE80BDD4D4D4D4D4D42B
:1016500030B4ADF5905D86B000250D9500F010FF1B
:1016600041F6F0440DABC2F20624022101224FF0F4
:10167000FF300090204603F013FA04210022204698
:1016800003F04AFA0E90052002F0AAFD41F6442824
:1016900040F2A404C2F206280DF13C09C2F206246D
:1016A00009E000BF00BF00BFD8F8000003F0D8FA7F
:1016B000052002F095FDD8F800004FF0FF312646D6
:1016C0004FF0040B03F0A0FA4FF43D6148460DF0D3
:1016D000D0FC0DF1180E4FF400710EF580502F461E
:1016E000CDF8185C0DF0C5FC0AF096FB60B143F232
:1016F0009D32824603202921C0F2012200F060FEC3
:1017000076E000BF00BF00BF42F66D220220382104
:10171000C0F2012200F054FE40F284040021C2F223
:10172000062400224FF43D60CDE9009020460DF6DE
:1017300018434D4609F004FF50B142F20922824697
:1017400003203921C0F2012200F03AFEA9464FE001
:1017500040F22410DDF8181CC2F2062001900C2083
:1017600000232246B846CDE90877D94600974FF4C2
:101770003D67CDE902B8CDE90488CDE9065709F007
:10178000FBFE50B142F24932824600274FF0040B73
:1017900003203F21C0F2012222E0DDF8181C3A4666
:1017A00040F2041729200023CDE906522246CDF845
:1017B0000080CDE90888C2F206270197CB46CDE923
:1017C0000298CDE9048809F0D7FE002800F0BE8019
:1017D00042F6ED528246002703203C21C0F201224E
:1017E00000F0EEFD41F64428A946C2F2062800BFEB
:1017F00041F6053203202B21C0F20122CDF838A09A
:1018000000F0DEFD042004210EAA00F0D9FD3D46C3
:10181000D8F800004FF4007A03F022FA052002F015
:10182000DFFCD8F800004FF0FF3103F0EDF940F68F
:10183000F81148460DF01DFC0DF1180E4FF4007123
:101840000EF580500DF015FC4FF400710DF6186088
:101850000DF00FFC4FF400710DF618400DF009FC6F
:101860000AF0DAFA40F6F81750B142F25272032049
:101870002821C0F2012200F0A3FD344654E000BF4D
:1018800043F23F4202203721C0F2012200F098FDCE
:101890000021002200233046CDE90097344609F0AC
:1018A000F3FA30B142F6A84203202E21C0F2012201
:1018B00038E040F204100021C2F20620CDE9010B0D
:1018C000292000232246CDE9085500950595CDE94C
:1018D0000355CDE9069709F0F7FAE8B90DF1180EAE
:1018E00000210EF58050CDF80C0C0C200590322014
:1018F00000232246CDF810ACCDE908550DF60C4B6F
:10190000CDF810B0CDE90055CDE90255CDE90697E7
:1019100009F0DAFA002850D041F6E55203203321CD
:10192000C0F2012200F04CFD0E9800283FF4BCAE3E
:1019300042F2596203202A21C0F2012200F040FD48
:10194000042004210EAA00F03BFDADE60DF1180EB7
:101950003C4643F290630EF58050CDF8180E4FF4DC
:101960000079CDF81C9EDDF8181C4FF480700090B3
:1019700043F2F1690DF6186004900C2005900D20DB
:101980004FF43D6207922246C0F20123CDE9088858
:10199000C0F20129CDF804902027CDE90278069500
:1019A00009F0EAFDA94690B341F6034282460027BA
:1019B00003203F21C0F2012256E00DF61861CDF858
:1019C0000C1C43F231715B463A46C0F20121019191
:1019D0004121CDE902150C2004930590332000210C
:1019E0000023CDE9069222464FF0040BDDF8147C6B
:1019F000CDF810ACCDE90855009509F065FAC0B3F3
:101A000041F6E55203203321C0F2012233E74FF4BF
:101A10000273009343F2F1630DF1180EDDF8200E0E
:101A2000C0F20123CDE901370EF58053DDF8181C13
:101A30002246CDE904304FF43D63079343F2B0638F
:101A40000E20C0F20123CDE908884746CDF80C806E
:101A5000CDF8189009F090FDC0B142F68932824667
:101A600003204A21C0F2012200F0AAFC41F64428DA
:101A7000BBE64846DDF8144C09F022FA00B341F603
:101A8000272203203121C0F20122F4E641F6303250
:101A900002204B21C0F2012200F092FC484609F0DE
:101AA00067FD41F644280028C2F2062800F0818034
:101AB00042F6A522824603203321C0F201221DE610
:101AC00040F6F8100021002200238246CDE9009064
:101AD00030460C94344609F0D7F900287FF4E2AE82
:101AE00040F204100021C2F20620CDE9010B2920AA
:101AF00000232246CDE9085500950595CDE903550B
:101B0000CDE9069A09F0E0F900287FF405AF4FF41B
:101B10008070009043F2317043F21173C0F20120E3
:101B200001904120CDE90205342000212246C0F277
:101B30000123CDE90855CDE90455CDE9069A09F010
:101B4000C3F900280DF60C417FF4E6AE0DF1180E36
:101B50000DF61840CDF80C0C4FF40070CDF8100CB9
:101B60000EF58050CDE901070C2005903320CDE91A
:101B70000351002100232246CDE908550095CDE907
:101B8000069A09F0A1F900287FF4C6AE0C9ADDF898
:101B9000140C904210D10DF618400DF618610FF09C
:101BA0008FFE80B142F2B74203203921C0F20122F8
:101BB000B8E63D460E972BE642F27A7203202821C2
:101BC000C0F20122AEE642F2836202204D21C0F251
:101BD000012200F0F5FB484609F072F900283FF4B5
:101BE000A3AE41F6272203203121C0F2012299E65B
:101BF000022818BF704741F6C44044F2F411C2F203
:101C00000620C0F201210CF087BBD4D4D4D4D4D4A4
:101C100030B4ADF5B35D82B00DF1040E00260EF5C3
:101C2000B35B0B9600F02CFC41F6F0400BABC2F21C
:101C30000620042101224FF0FF37009702F030FF09
:101C400041F6442440F2241AC2F206240DF50D7820
:101C50000DF13409C2F2062A0CAD0C901AE000BF57
:101C600042F67352074603203321C0F2012200F0EE
:101C7000A7FB42F28B4203202C21C0F201220C97D9
:101C800000F09EFB042004212A4600F099FB206806
:101C900002F0E6FF052002F0A3FA20684FF0FF31C2
:101CA00002F0B2FF41F2304140460DF0E2F94FF44C
:101CB00000714846CBF800600DF0DBF90AF0ACF893
:101CC00050B142F6D642074603202721C0F2012236
:101CD00000F076FB68E000BF43F2764202203A2132
:101CE000C0F2012200F06CFB40F2E40043F272719A
:101CF0004FF40062C2F20620C0F201215B4641F2BD
:101D00003045CDE900850AF0F7F850B142F6D82207
:101D1000074603202C21C0F2012200F051FB0CAD3C
:101D200042E02020009043F6760002AAC0F2012093
:101D300001904FF4807043F6720382E8410240F252
:101D4000E402DBF8001005900120C2F20622C0F286
:101D50000123CDE90866CDE906850AF0F1F850B116
:101D600043F22A22074603203121C0F2012200F06B
:101D700027FB0CAD15E043F676114FF48072484610
:101D8000C0F201210FF09CFD00280CAD00F03A815B
:101D900042F27702074603201B21C0F2012200F025
:101DA0000FFB0DF50D7800BF42F2F04203202E210B
:101DB000C0F201220C9700F003FB042004212A4604
:101DC00000F0FEFA206802F04BFF052002F008FA4E
:101DD00020684FF0FF3102F017FF41F230414046DA
:101DE0000DF047F94FF400714846CBF800600DF054
:101DF00040F90AF011F858B142F6D33207460320F1
:101E00002B21C0F2012200F0DBFA77E000BF00BF17
:101E100042F2920202203A21C0F20122A246444636
:101E20004FF000084D4600F0CBFA40F2E4095E4660
:101E3000C2F2062943F676314FF480524846C0F28A
:101E40000121334641F2304BCDE9004B0AF054F802
:101E500068B141F6B552074603203021C0F2012295
:101E600000F0AEFAA946B3464646A04640E0202020
:101E7000009043F6765043F672033168C0F20120B9
:101E800001904FF40070CDE902084A46C0F20123E8
:101E90004646CDE904500120CDE90888A046CDE9A9
:101EA000064B0AF04DF850B142F6FE3207460320C9
:101EB0003521C0F2012200F083FAA94615E043F66D
:101EC00076714FF400722846C0F201210FF0F8FC41
:101ED0000028A94600F0A48042F6296207460320A4
:101EE0001F21C0F2012200F06BFA01A800F5B35BDC
:101EF000544640F2241A0CADC2F2062A41F666722C
:101F000003202E21C0F201220C9700F059FA042080
:101F100004212A4600F054FA206802F0A1FE0520B0
:101F200002F05EF920684FF0FF3102F06DFE4FF4D1
:101F3000007140460DF09DF84FF4B67148460DF023
:101F400098F8CBF8006009F067FF00287FF488AEAE
:101F500042F25A5202203921C0F2012200F030FA36
:101F6000002100224FF4B670CDE9009050465B4648
:101F70000AF08EFD38B141F67642074603202F2144
:101F8000C0F2012273E6DBF80010052000234FF4B5
:101F9000B67207925246CDE90866CDF81890CDE9A1
:101FA0000066CDE90266CDE904660AF091FD38B11C
:101FB00043F2C632074603205121C0F2012256E601
:101FC00044F27610DBF80010C0F2012001901920D5
:101FD000CDE90206062000234FF4B672079252465E
:101FE000CDE908660096CDF81890CDE904660AF0B0
:101FF0006FFD40B341F6A542074603204D21C0F2D4
:10200000012234E60DF50D78404609F095FFC8B37E
:1020100042F24622074603202F21C0F2012257E652
:10202000404609F089FF01A9002801F5B35B544639
:1020300047D043F2A312074603203321C0F2012206
:1020400000F0BEF955E7DBF80010202005900720CE
:1020500000234FF4B67207925246CDE90866CDF8D8
:102060001080CDF81890CDE90066CDE902660AF03F
:102070002FFDA8B342F2BB22074603205021C0F235
:102080000122F4E54FF4007148460CF0F2FF40F2F3
:10209000E40043F272714FF40062C2F20620C0F213
:1020A00001215B4641F23045CDE9008509F024FF6E
:1020B00038B341F64242074603203421C0F20122E0
:1020C0002BE642F21E5202203C21C0F2012200F017
:1020D00077F940F2241A0CADC2F2062A0C961BE7DF
:1020E00044F28F1120224046C0F201210FF0E8FB9C
:1020F000E0B343F24532074603201F21C0F201221C
:10210000B5E54FF40060009043F6761002AAC0F2E5
:10211000012001904FF4807043F6762382E841025B
:1021200040F2E402DBF8001005900220C2F2062221
:10213000C0F20123CDE90866CDE9068509F000FF6C
:1021400000287FF40DAE43F676014FF480724846C6
:10215000C0F201210FF0B4FB0CADE8B142F60C5215
:10216000074603202321C0F2012218E648460AF060
:10217000A7FC38B142F21802074603201B21C0F227
:10218000012274E541F6F24202202B21C0F2012225
:1021900000F016F90C967AE542F62F5202204421FF
:1021A000C0F2012200F00CF90DF50D78404609F05F
:1021B000C3FE38B141F61862074603202E21C0F253
:1021C000012285E50C96FDE59CB04FF0000BCDF8A3
:1021D0003FB0CDF83CB0CDF80CB0CDE90DBB02F06E
:1021E0001BFA42F288320346C0F201220DF11100BF
:1021F00023210DF0DCF9FFF7AFF980B142F2CC01F9
:102200000446C0F201210020FEF786FC42F26B4139
:102210000020C0F201212246FEF77EFC00BE41F6FE
:102220007C3442F2883942F20B3642F6FD4842F2E3
:10223000A73AC2F206241BADC0F2012912AFC0F2C8
:102240000126C0F20128C0F2012A04E000BF00BF4D
:10225000012001F0C5FFFEF727F9002844D0C2464F
:102260000DF1340800200F224146FEF70DF800F171
:10227000090241F648204FF0FF33C2F206203946EA
:10228000CDF848B002F0D4FA50B142F63341002004
:10229000C0F20121FEF740FC21E000BF00BF00BFFB
:1022A0001298039080F800B040460DF03AF9039977
:1022B000421C01F10900C1F8012041460CF0DEFE8C
:1022C00041F6C8304FF0FF32C2F2062003A902F0F7
:1022D00097FDCDE90DBBCDF83CB0CDF83FB0D04671
:1022E00042F2A73AC0F2012ACDF86CB00AE0FEF73C
:1022F00013FC00203146FEF70FFC1B9802F05CFB3C
:102300000A28A5D001222046294602F059FD0028BE
:10231000F6D11B9823214A46D0F8053038460DF0F7
:1023200046F91B9801780139042943D8DFE801F008
:102330000638242B030000205146D8E711A8CDF819
:1023400044B00CF011FB9DF845109DF846209DF817
:102350004730CDE9002142F2A27141F61D52002022
:10236000C0F20121C0F20122FEF7D6FB42F64A710B
:102370000020C0F20121BAE700F109020020414625
:10238000FEF7CAFBB5E7D0F80920002AB1D042F227
:102390006B410020C0F20121FEF7BEFB00BEA8E7A2
:1023A00042F2752100F109020020C0F20121FEF77E
:1023B000B3FB9EE742F2F0310020C0F2012196E724
:1023C000F0B583B0064600200190029041F6482007
:1023D00015460C4601F10902C2F2062002A94FF08F
:1023E000FF3302F025FA50B143F217410020C0F24A
:1023F00001210027FEF790FBFFF70AF901E0029F99
:1024000001973E7002F008F9C7F8050007F10900CE
:1024100029462246C7F801400CF030FE41F67C30D8
:1024200001A9C2F206204FF0FF3202F0E9FC03B02E
:10243000F0BDD4D4D4D4D4D4B0B582B004460020F6
:10244000019041F6C830C2F2062001A9FF2202F035
:10245000B7FC08B102B0B0BD019850B1017841B9E4
:1024600000F10901054608460FF071F901462846BA
:10247000217002F0A1FA02B0B0BDD4D4D4D4D4D427
:10248000F0B58FB044F2B0110DF1180CC0F201217B
:1024900062460CF10804E8C9E8C291E8E900E9C223
:1024A0000CF10C05002700BF0698002122462B46A0
:1024B000CDE900770297CDE9037702F0F9FD09999C
:1024C00031B90646012001F08BFE0EB92FF015C080
:1024D0000FB0F0BDD4D4D4D480B588B041F6F85054
:1024E00042F2D012C2F20620C2F2062200234FF0BE
:1024F000B00C01680131016001204FF41051CDE9A9
:10250000002142F2F20142F24952C0F20121CDE92A
:102510000200C0F20022CDF818C0CDE9040041F657
:102520001440C2F2062002F00FFD48B141F61440FB
:102530000021C2F2062008B0BDE8804000F090B84B
:1025400008B080BDD4D4D4D480B500F0BDF8BDE8C7
:102550008040FEF7F1BAD4D480B541F6CC4042F2C7
:102560009351C2F20620C0F20121242202F03CFA6B
:1025700030B141F6CC400021C2F2062000F070F8E4
:1025800041F6F04042F2AB51C2F20620C0F2012106
:10259000242202F029FA30B141F6F0400021C2F2C3
:1025A000062000F05DF841F6145042F28321C2F299
:1025B0000620C0F201210022342302F0C1FA0028D3
:1025C00008BF80BD41F614500021C2F20620BDE8CC
:1025D000804000F045B8D4D480B588B041F6F850BA
:1025E00044F2D052C2F20620C2F2062200234FF07B
:1025F000B00C01680131016001204FF40051CDE9B8
:10260000002141F6947142F24962C0F20121CDE904
:102610000200C0F20022CDF818C0CDE9040041F656
:102620004850C2F2062002F08FFC48B141F64850F3
:102630000021C2F2062008B0BDE8804000F010B8CA
:1026400008B080BDD4D4D4D480B500F03DF8BDE846
:102650008040FEF7FDBFD4D4FFF77EBFD4D4D4D4DE
:1026600000BE7047D4D4D4D47047D4D4D4D4D4D4F6
:1026700080B541F6F85041F6FC52C2F20620C2F293
:10268000062200211C230160117041F6006042F215
:102690004561C2F20620C0F20121012202F0D0FB06
:1026A00030B141F600600021C2F20620FFF7D8FFEA
:1026B000FFF712FFFFF790FF00F04AF800F088F8EC
:1026C000BDE88040FFF7D0BFB0B541F600604FF0E5
:1026D000FF31C2F2062002F013FC30B141F6006077
:1026E0000021C2F20620FFF7BBFF41F6FC50C2F208
:1026F0000620017801B1B0BD01210170FFF7ACFFE8
:1027000041F6F855C2F2062528680138286008BF4E
:10271000B0BD41F60064C2F2062405E000BF00BF70
:10272000286801382860E6D0204602F001FC002825
:10273000F6D000212046FFF793FFF1E7D4D4D4D49C
:1027400080B500F0E9FC002080BDD4D4D4D4D4D42A
:1027500080B588B041F6F85046F2D052C2F2062059
:10276000C2F2062200234FF0B00C01680131016073
:1027700001204FF41051CDE9002141F6C76142F22A
:10278000C172C0F20121CDE90200C0F20022CDF8F1
:1027900018C0CDE9040041F61C60C2F2062002F028
:1027A000D3FB48B141F61C600021C2F2062008B0FC
:1027B000BDE88040FFF754BF08B080BDD4D4D4D466
:1027C00080B5FFF781FFBDE88040FFF721BAD4D480
:1027D00080B588B041F6F85048F6D013C2F2062012
:1027E0004FF48062C2F206234FF0B00C0168013151
:1027F000016001200221CDE9003242F64102C0F21F
:1028000000220023CDE9021142F23301C0F201217E
:10281000CDF818C0CDE9040041F6CC60C2F2062024
:1028200002F092FB48B141F6CC600021C2F20620D2
:1028300008B0BDE88040FFF713BF08B080BDD4D416
:1028400080B5FFF741FFBDE88040FFF7BDBCD4D4A1
:102850002DE9F0410646D01C41F6B4720F46C2F293
:102860000622EFF3108172B6984620F00304156833
:102870003562304681F31088214600F039F9EFF3D4
:10288000108172B698B9306AA842F1D1B8F1000F40
:102890004FF00000386010D042F24800C2F206202B
:1028A00002687AB181F310881020BDE8F0813860A9
:1028B000002081F31088BDE8F08181F3108810209A
:1028C000BDE8F08142F62912B36AC0F20022C5E9E0
:1028D0001A26D5F8AC20C5E91E4702F10102C5F859
:1028E000AC2003F10102B26233B1726A536FC5E9E1
:1028F0001C2355671D6702E07562C5E91C55092256
:102900002A630122AA63C5F84C8002680132026082
:1029100081F31088284601F067FDD5F88400BDE8F2
:10292000F081D4D4D4D4D4D480B542F62912EFF3B4
:10293000108E72B6C0F20022836E934202D08EF3E4
:10294000108880BDD0F8AC209142F8D1C16E00292A
:10295000F5D045F245430A68C4F259239A42EED1B4
:102960008B6A002BEBD04FF0000C5A1EC0F868C0E9
:102970008A620BD0D0E91CC24B6A8342CCF8742027
:10298000C2F870C008BFC1F824C001E0C1F824C07B
:10299000016B0929D3D11021C0F8841042F24801FB
:1029A000C2F206210A6801320A608EF3108801F033
:1029B0007FFCEFF3108E72B68EF3108880BDD4D4F6
:1029C000F0B581B00F4634211D46164604460CF082
:1029D00050FB25F00300C4E90660A0F10801304473
:1029E0006760A160C4E904660221E16040F8086DF7
:1029F0004EF6EE614460CFF6FF71C6E9000145F284
:102A00004541EFF3108072B6C4F25921216041F6BE
:102A1000A071C2F2062141F69C73C2F206230A6835
:102A200022B11B681F6B1C63FC6202E01C60234622
:102A30002746C4E90B3701320A6080F31088002072
:102A400001B0F0BDD4D4D4D42DE9F04141F6A07347
:102A5000EFF31081C2F2062372B6002202601F68F3
:102A6000013F1F6041F69C73C2F2062308D0D0E9F3
:102A70000B271E6886421763FA6208BF1A6000E0DF
:102A80001A6042F248044FF00008C2F2062422689D
:102A900001322260D0E90925C0E9098881F3108854
:102AA000B5B11046012700BFEFF3108172B6C0F830
:102AB0006880C0F88470066F22680132226081F35A
:102AC0001088013D01F0F4FB30460DB12FF015C028
:102AD000EFF3108072B621680139216080F310880D
:102AE00001F0BEFB0020BDE8F081D4D4D4D4D4D40E
:102AF000F0B5EFF3108E72B6D0E9022402EBC402F7
:102B0000103A91424CD241F6B4724EF6EE6CC2F2DB
:102B10000622CFF6FF7C4369013412680025026269
:102B200005E000BF00BF00BFA41B002C4BD05E68B7
:102B3000664519D1002D08BF43611D68EE1A083E95
:102B40008E4231D2D5E90067674511D11E60C76852
:102B50004669AE42A7F10105C56000D14361012578
:102B60000CE000BF00BF00BF1B6807E000BF00BF54
:102B7000002C5FEA0F930125E41A33468EF3108888
:102B8000EFF3108E72B6002C076A5FEA0F96974239
:102B9000CAD0C468436901340262A4B12FF039C8B5
:102BA0008EF310880020F0BD6EB1721A142A0ED375
:102BB0005A18C468671CC76042F8085F1546C2F817
:102BC00004C01A6004E08EF310880020F0BD314686
:102BD000586087684269791A08398160934208BF52
:102BE00045618EF3108803F10800F0BDD4D4D4D42D
:102BF0002DE9F04F81B0EFF3108172B648B14EF677
:102C0000EE6850F8044CCFF6FF78444518BF002C0E
:102C100005D181F31088032001B0BDE8F08F45F2A3
:102C200045432268C4F25923B2EB030918BF4FF0A1
:102C300003099A42EDD141F6B473A0F10802C2F241
:102C4000062340F8048C50F8080C1F686369801A4A
:102C500027629A42A3681844A06038BF6261A06AE4
:102C6000002851D042F2480B4FF0000AC2F2062B66
:102C700010E000BF00BF00BF626950F8083DC0F817
:102C800004801B1A9042A2681A44A26038BF606197
:102C9000A06A88B3656A2046AE6F81F3108831461A
:102CA000FFF726FFEFF3108172B6276220B3626A46
:102CB0009542E1D1AA6FB242DED1A26A013AA26284
:102CC00004D0D5E91C2353671A6700E00022EB6F9C
:102CD0006262C5F868A0C5F884A01860DBF800003F
:102CE0000130CBF8000081F31088284601F0E0FAAB
:102CF000EFF3108172B6CBE781F3108801F0B0FAE0
:102D0000484601B0BDE8F08F81F31088002001B083
:102D1000BDE8F08FD4D4D4D480B542F61952EFF385
:102D2000108E72B6C0F20022836E934202D08EF3F0
:102D3000108880BDD0F8AC209142F8D1C16E002936
:102D4000F5D044F24E430A68C4F256439A42EED19B
:102D50004B69002BEBD0D1F810C00022BCF1000F62
:102D600082660AD05A1E4A610AD0D0E91C328445D4
:102D70005A67136706D10B6104E00122CA6001E0C3
:102D800000220A61016B0729D1D10721C0F8841004
:102D900042F24801C2F206210A6801320A608EF34B
:102DA000108801F085FAEFF3108E72B68EF310885A
:102DB00080BDD4D4D4D4D4D4B0B50D462421044697
:102DC0000CF057F944F24E416560EFF3108072B693
:102DD000C4F25641216041F6907141F68C73C2F203
:102DE0000621C2F206230A6822B11B68DD69DC6194
:102DF000AC6102E01C6023462546C4E90635013279
:102E00000A6080F310880020B0BDD4D4D4D4D4D4C8
:102E100070B5EFF3108C72B6066A846824EA060671
:102E20001E60056A21EA050634408C425FEA0F966F
:102E300016EA520F06D12CB1D2072FD100208CF305
:102E4000108870BDDDF810E0BEF1000F32D042F204
:102E50004805C2F206254FF007042E6891B36EBBF9
:102E600041F6B47442F61956C2F20624C0F20026A6
:102E70002468C4E91E134169C4F88020D4F8AC204A
:102E8000C4E91A6002F10102C4F8AC20F1B1026990
:102E9000536FC4E91C2354671C671AE042690AB1E6
:102EA000026972B3826822EA0101816000208CF31A
:102EB000108870BD07208CF3108870BD20468CF3FD
:102EC000108870BD20468CF3108870BD0461C4E981
:102ED0001C4401314161072020630120A063C4F834
:102EE0004CE02868013028608CF31088204601F0FF
:102EF0007BFAEFF3108C72B6D4F884008CF3108850
:102F000070BD2943016200208CF3108870BDD4D4B9
:102F10002DE9F04F81B0EFF3108A72B692073FD4DB
:102F2000026A8368002A43EA010BC0F808B01CBF9C
:102F300022EA01010162D0E90495B9F1000F3BD00A
:102F4000012D40D1D9F87810D9F8803001EA0B076B
:102F50008F425FEA0F9616EA530F31D187B3D9F843
:102F60007C70DB07C7F800B003D0836823EA010157
:102F700081600021C0E9041142F24800C9F86810DC
:102F8000C2F20620C9F884100168013101608AF399
:102F90001088484601F08CF9EFF3108A72B60FE002
:102FA00042691AB10269002A00F0A18082681140CA
:102FB00081608AF31088A0E0002D1CBF0121C16050
:102FC0008AF3108899E042F248020021C2F20622F8
:102FD0000161CE461168013111600021002200928A
:102FE00008E000BF00BF00BF002139671946009705
:102FF000013D4ED08AF31088EFF3108A72B6C36891
:1030000053B10022C260826845694BEA020B7746E1
:1030100003E000BF00BF00BF4F46BE6F3B6B06EA38
:103020000B02D7F87090B2425FEA0F98002A5FEA6D
:103030001F9C072BD7F8804004D108EA540252EABB
:103040000C02D5D1072B0BD1FA6FE307C2F800B001
:1030500002D08268B24382600022BA66C7F8842038
:103060004F4509D07A6FC9F87420BE45C2F87090F8
:1030700008BFD7F870E001E04FF0000E4269002968
:103080003B46A2F101024261AED0009A0B4617679F
:10309000AAE7026AC0F810E02AB1836823EA0202B4
:1030A00082600022026242F248058AF31088C2F26E
:1030B000062589B100BF00BF0C6FEFF3108072B618
:1030C0002A6801322A6080F31088084601F0F0F87F
:1030D00021460CB12FF011C0EFF3108072B62968B1
:1030E0000139296080F3108801F0BAF805E0026A1E
:1030F00062EA010101628AF31088002001B0BDE894
:10310000F08FD4D4D4D4D4D480B501F029F8BDE85C
:10311000804001F029BBD4D410B540F22004C2F2A3
:103120000624206810F10F3F0DD04FF0F0302060E2
:1031300004F00EFBFFF7E8FF42F24800C2F206205F
:103140000168013101604FF0F030206041F6A47059
:10315000C2F206200068FFF78BFA00202060BDE86D
:10316000104004F04DBBD4D480B543F26912EFF3A4
:10317000108E72B6C0F20022836E934202D08EF39C
:10318000108880BDD0F8AC209142F8D1C16E0029E2
:10319000F5D045F245430A68C4F655539A42EED13C
:1031A000CB69002BEBD04FF0000C5A1EC0F868C062
:1031B000CA610BD0D0E91CC28B698342CCF8742061
:1031C000C2F870C008BFC1F818C001E0C1F818C04B
:1031D000016B0D29D3D11D21C0F8841042F24801A2
:1031E000C2F206210A6801320A608EF3108801F0EB
:1031F0005FF8EFF3108E72B68EF3108880BDD4D4D2
:1032000070B542F24805EFF31081C2F2062572B69E
:1032100004460126286801302860D4F8A40000BFC5
:1032200060B1866081F3108800F08EF9EFF31081B1
:1032300072B6D4F8A40008B12FF00FC02868013886
:10324000286081F3108870BD70B50E463421154694
:1032500004460BF00EFF45F2454166602561EFF331
:10326000108072B6C4F65551216041F6987142F251
:103270004C03C2F20621C2F2062343F201260A6879
:10328000C0F200261E6041F69473C2F2062322B1FA
:103290001B685E6A5C62346202E01C60234626465C
:1032A000C4E9083601320A6080F31088002070BD3E
:1032B00070B541F6B475EFF3108372B6C2F206250D
:1032C00082682C6872B1C568A5421ED019B342F25B
:1032D000480CC2F2062CDCF8002002B383F31088FD
:1032E0001D2070BD4FF00101C0E90214D4B3016983
:1032F000012903D1E16A416120218162D4F8A4103F
:1033000029B30A6B0863D06225E0511C816083F306
:103310001088002070BD83F310881D2070BD43F21B
:103320006912D0F81CE0C0F20022C4E91A20D4F8D7
:10333000AC20BEF1000F02F10102C4F8AC2015D0A0
:103340008269566FC4E91C265467346711E0014650
:103350000246C4F8A400C0E90B12D4F8A000013062
:10336000C4F8A00083F31088002070BD8461C4E914
:103370001C440EF10102C2610D2222630122A263EC
:10338000E164DCF800100131CCF8001083F3108800
:103390000169012910D1E16A826A8A4288BF81628B
:1033A000D5F89C00814238BFC5F89C10E86A884275
:1033B00002D9284600F068F8204601F015F8D4F844
:1033C000840070BDD4D4D4D42DE9F041EFF310883B
:1033D00072B6D0F81CC0BCF1010F04D888F3108875
:1033E0000020BDE8F0818369BCF1020F1C6F09D198
:1033F000D96AE26A8A4238BF846188F31088002063
:10340000BDE8F08142F2480E1A46C2F2062EDEF8FE
:1034100000100131CEF8001008E000BF00BF00BF6F
:103420002B462A46B4462C6F944211D0E76AD96ADB
:1034300088F31088EFF3108872B6D0E90656AA42D6
:10344000EED18F4254EA3383B445E9D12546EAE709
:10345000DEF800109342A1F10101CEF8001009D06E
:10346000D3E91C1783614F673967516FC3E91C218A
:1034700053670B6788F3108800F0F2FE0020BDE868
:10348000F081D4D4D4D4D4D42DE9F041EFF3108218
:1034900072B60446006B0D4650B1D4F89800E56250
:1034A000A84250EA3580E06382F31088BDE8F081DD
:1034B00041F6B87642F24800C2F20626C2F2062071
:1034C000D4F82C8037680168023101600E20206337
:1034D0000120A0630020E06482F31088204600F001
:1034E00083FFEFF3108072B6D4F89810E562A9421A
:1034F00051EA3581E16380F31088204600F0D8FE60
:10350000EFF3108072B631688C4201D0226B1AB191
:1035100080F31088BDE8F081CA6AE16A914203D95C
:10352000E36B9342F4D801E0BC42F1D1A84534608A
:10353000EED241F6C872C2F2062242F8214080F370
:103540001088BDE8F081D4D4F0B581B0EFF31081DC
:1035500072B68368ABB141F6B472C2F20622176844
:10356000C268BA4205D042F24807C2F206273F6855
:10357000E7B1013B836007D081F31088002001B0E0
:10358000F0BD81F3108813E0AAB1D2F8A030013B5E
:10359000C2F8A03012D0D0E90B37D2F8A46086422E
:1035A0001F63FB6208BFC2F8A4300AE081F31088F1
:1035B0001E2001B0F0BD81F31088DFE70023C2F8C0
:1035C000A4308369002B036908BF002B21D0012B95
:1035D000D2F894402FD142F24803C2F206231F686A
:1035E00001371F6081F310882027D2F8A460BEB194
:1035F000314606E000BF00BFC96AB14218BF0029CA
:103600000ED00D69012DF7D18D6ABD4255EA37877D
:10361000F2E70022C26081F31088104601B0F0BDCD
:10362000EFF3108172B6A74257EA34841E68013E58
:103630001E60C2F89C70C269022A15D30269012A71
:1036400012D142F248060546C2F20626326801321D
:10365000326081F31088FFF7B7FEEFF3108172B686
:1036600028463268013A3260856945B10269012A0B
:103670002AD1C668EA6A42612022826225E042F2CB
:103680004805C2F206252A6801322A6081F31088B3
:10369000C168CA6AA2424FF02002826205D0064683
:1036A00008462146FFF7F0FE3046EFF3108172B670
:1036B0002A680024013A2A60C46081F3108800F06F
:1036C000CFFD204601B0F0BD0026D5F8A0202AB1DC
:1036D000D5F8A4301F6B1863F86203E0C5F8A400A6
:1036E00003460746C0E90B37C3690132C5F8A0207D
:1036F0000122C0E902255A1EC2614FF0000204D027
:10370000D5E91C375F673B6700E00023AA66C5F870
:10371000842042F248028361C2F206221368013318
:10372000136081F310880169012915D1C16961B164
:103730000746FFF749FEEFF3108072B6B96900291A
:103740001CBFC96AB96280F31088F06AA04203D036
:1037500030462146FFF798FE284600F0A9FD0DE708
:1037600080B543F26172EFF3108E72B6C0F20022A0
:10377000836E934202D08EF3108880BDD0F8AC20C7
:103780009142F8D1C16E0029F5D044F255530A6830
:10379000C5F255139A42EED1CB6A002BEBD04FF015
:1037A000000C5A1EC0F868C0CA620BD0D0E91CC217
:1037B0008B6A8342CCF87420C2F870C008BFC1F88D
:1037C00028C001E0C1F828C0026B052AD3D10969DD
:1037D00000294FF00A0151EA0191C0F8841042F229
:1037E0004801C2F206210A6801320A608EF310888D
:1037F00000F05EFDEFF3108E72B68EF3108880BD80
:103800002DE9F0410F4638211D4616460446DDF8E5
:1038100018800BF02EFCB000C4E90176656241F619
:103820008473B8FBF0F0C4E90505C2F2062300FB7F
:1038300006F1E06005EB8101C4E9071544F255513A
:10384000EFF3108072B6C5F25511216041F6887110
:10385000C2F206210A6822B11B685F6B5C633C639D
:1038600002E01C6023462746C4E90C3701320A6097
:1038700080F310880020BDE8F081D4D4D4D4D4D40F
:103880002DE9F04141F68873EFF31081C2F206236F
:1038900072B6002202601F68013F1F6041F6847308
:1038A000C2F2062308D0D0E90C271E68864257636F
:1038B0003A6308BF1A6000E01A6042F248044FF011
:1038C0000008C2F20624226801322260D0E90A25EB
:1038D000C0E90A8881F31088B5B11046012700BFFE
:1038E000EFF3108172B6C0F86880C0F88470066F7C
:1038F00022680132226081F31088013D00F0D8FC7B
:1039000030460DB12FF015C0EFF3108072B621686C
:103910000139216080F3108800F0A2FC0020BDE88E
:10392000F081D4D4D4D4D4D42DE9F04F81B0EFF3C6
:10393000108C72B60469C36AECB13BB3826A8468C6
:10394000D2F88070012F2BD1D66F022C37680F6010
:10395000C0F02C818F1B0F2FA4F1010700F21981F9
:1039600047F001E00431341D54F8045B41F8045B76
:103970000FF007C01AE1F2B142F24807C2F206277F
:103980003E68002E55D08CF3108816E0026A8768D6
:103990001346022F53F8046B0E6010D21A4675E0DE
:1039A000076A022C3D46A4F1010B55F8046B0E602A
:1039B00023D22E4686E08CF310880A2411E1092FC9
:1039C000A7F1010654D38A1A102A51D326F0030511
:1039D00001272A1F06F0030807EB920E01EB85076B
:1039E00003EB8502043100BFB3EC041FA1EC101EF1
:1039F0000FF007C0AE423ED148E0092C54D3CF1B94
:103A0000102F51D32BF003070126A7F1040E0BF062
:103A1000030801EB8709043106EB9E0E05EB8706D0
:103A2000B5EC041FA1EC101E0FF007C0BB453ED142
:103A300048E041F6B476002BC2F20626346843F221
:103A40006176C0F20026C4E91A604FF00006C4E9AE
:103A50001F16D4F8AC1001F10101C4F8AC1000F04D
:103A6000C480816A4E6FC4E91C164C673467BFE09E
:103A7000B0460F461A4648F001E0391D00BF00BFAE
:103A800052F8043B41F8043B0FF007C0C1698A4279
:103A900008BF8269416902620131621EC0E90421E6
:103AA00000248CF310889CE0D84689462E4648F0C6
:103AB00001E009F1040100BF56F8045B41F8045B22
:103AC0000FF007C0D0F81C8042F24809C2F2062964
:103AD000464508BF86690662022CD9F8007007F1D6
:103AE0000107C9F80070D9F80070A7F10107C9F8FB
:103AF0000070456AD76F2E46396846F8041B01D21C
:103B000034462BE0092C1CD3E91B102919D32BF0C8
:103B1000030A0125AAF1040106EB8A0405EB910EC4
:103B20000BF0030507EB8A01043700BF00BF00BF9D
:103B3000B7EC041FA6EC101E0FF007C0D34503D14D
:103B40000CE05D463446394645F001E00E1D00BFED
:103B500056F8041B44F8041B0FF007C0444508BF87
:103B60008469013B44624FF0000404D0D2E91C7127
:103B700079670F6700E00027C0E90A739466C2F80E
:103B80008440D9F800000130C9F800008CF3108897
:103B900024E00436043127F001E000BF00BF00BF7D
:103BA000B6EC041FA1EC041F1FF007C0591E4FF014
:103BB000000404D0D2E91C375F673B6700E00023B4
:103BC000C0E90A3142F24800C2F206209466C2F807
:103BD00084400168013101608CF31088104600F0C8
:103BE00067FB204601B0BDE8F08F8462C4E91C4445
:103BF000591CC162052020630120A063E26438687B
:103C0000013038608CF31088204600F0EDFBD4F8CA
:103C10008440E6E7D4D4D4D4F0B581B0EFF3108774
:103C200072B64669C36A56B1B3B1013B826A4FF0BE
:103C3000000521D0D2E91C64746726671DE0B2B389
:103C400042F2480CC2F2062CDCF80060002E00F0B4
:103C50006D8087F310882CE0426A731E144643611E
:103C600083680E6844F8046B0669022B06F10106AE
:103C7000066120D2224685E00026C0E90A63D36FA0
:103C800086689566022E086818603FD3581A0F2878
:103C9000A6F101002DD840F001E0181D043100BF4D
:103CA00051F8043B40F8043B0FF007C02EE087F3C7
:103CB00010880B2485E0092BA3F1010353D3521A7A
:103CC000102A50D323F003060125321F03F0030C02
:103CD00005EB920E04EB860201EB8605043100BF72
:103CE000B1EC041FA4EC101E0FF007C0B3423DD18D
:103CF00048E00431043320F001E000BF00BF00BF02
:103D0000B1EC041FA3EC041F1FF007C042F24800EF
:103D10000024C2F20620C2F884400168013101602B
:103D200087F31088104600F0C3FA4AE041F6B476F3
:103D3000C2F20626346843F26176C0F20026C4E976
:103D40001A604FF00006C4E91F16D4F8AC1001F158
:103D50000101C4F8AC10F3B1816A4E6FC4E91C16BE
:103D60004C6734671AE09C4622460D464CF001E051
:103D7000291D00BF00BF00BF51F8043B42F8043BBF
:103D80000FF007C0C16900248A4208BF82694262FD
:103D900087F3108815E08462C4E91C44591CC16291
:103DA000052020630120A063E264DCF800000130FC
:103DB000CCF8000087F31088204600F015FBD4F8FB
:103DC0008440204601B0F0BD80B543F6C952EFF300
:103DD000108E72B6C0F20022836E934202D08EF330
:103DE000108880BDD0F8AC209142F8D1C16E002976
:103DF000F5D044F641530A68C5F245339A42EED1F4
:103E00000B69002BEBD04FF0000C5A1EC0F868C0B5
:103E10000A610BD0D0E91CC2CB688342CCF8742075
:103E2000C2F870C008BFC1F80CC001E0C1F80CC0F6
:103E3000016B0629D3D10D21C0F8841042F248014C
:103E4000C2F206210A6801320A608EF3108800F07F
:103E50002FFAEFF3108E72B68EF3108880BDD4D493
:103E600080B541F6807C0023C0E9003144F6415121
:103E7000C2F2062CC5F24531C0E902238361C0E9D4
:103E80000433EFF3108E72B60160DCF8003041F6B7
:103E90007C71C2F2062123B10A6891699061486180
:103EA00002E0086002460146C0E90521581CCCF832
:103EB000000000208EF3108880BDD4D4D4D4D4D494
:103EC000EFF3108272B683682BB1591E816082F3C2
:103ED00010880020704751B142F2480CC2F2062C03
:103EE000DCF800303BB182F310880D20704782F37C
:103EF00010880D207047B0B541F6B473D0F810E0CB
:103F0000C2F20623BEF1000F1C6843F6C953C0F28B
:103F10000023C4E91A30D4F8AC3003F10103C4F82B
:103F2000AC3006D0C3685D6FC4E91C355C672C6794
:103F300002E0C460C4E91C440EF1010303610620E1
:103F400020630120A063E164DCF800000130CCF8BC
:103F5000000082F31088204600F046FAD4F884006E
:103F6000B0BDD4D4D4D4D4D4EFF3108272B60169E6
:103F700059B110B5B1F1010EC1684FF0000C0BD072
:103F8000D1E91C345C67236707E0816801318160F7
:103F900082F31088002070470023C0E9033E42F2FC
:103FA0004800C2F20620C1F868C0C1F884C00368A6
:103FB0000133036082F31088084600F079F9BDE808
:103FC000104000207047D4D42DE9F04F81B0DDE9D6
:103FD0000A5993460F460446EF222846494698461A
:103FE000DDF838A00C9E0BF03FF8B02120460BF016
:103FF00040F805EB0900A7620138C4E903500D98A9
:10400000E662C4E911B8202186423046C4E9059A27
:10401000C4F81CA018BF0020E063C4F89C10C4E9D9
:1040200025600320206344F2E15044F28111C0F284
:104030000020C4E91504C0F20021204603F03CFC36
:1040400045F24422EFF3108172B6C5F24842226075
:1040500041F6C072C2F2062241F6BC772046C2F297
:10406000062713683BB13F68D7F88C60C7F88C000F
:10407000C6F8880002E03860074606460133136040
:1040800042F24802C0E92276C2F206220F9F012FB7
:10409000136803F10103136014D140F22002C2F24D
:1040A00006221268EFF305831A43B2F1F03F16D3EC
:1040B00041F6B872C2F20622146884B1E56BE26A76
:1040C000E2630EE081F31088EFF3108072B611689E
:1040D0000139116080F3108800F0C2F807E0002475
:1040E000002581F3108800F0E3F804B1E5630020B7
:1040F00001B0BDE8F08FD4D480B5EFF3108C72B668
:1041000000291CBFD0F828E0C1F800E0002A1CBF3D
:10411000016B1160002B02991CBF42681A600029D4
:10412000039A1CBFD0F894300B60002A04991CBF7E
:10413000D0F8983013600029059A1CBF83690B6082
:10414000002A06991CBFD0F88830136000291CBFD4
:10415000006F08608CF31088002080BDD4D4D4D4C4
:1041600041F6A87041F6AC72C2F20620C2F20622F5
:1041700020210160106840F0C77010607047D4D4EF
:1041800010B541F6B470C2F206200468D4E91110EB
:10419000884742F24C00C2F20620016809B120466D
:1041A0008847EFF3108072B601212163A1630021DB
:1041B000E16442F24801C2F206210A6801320A6053
:1041C00080F31088EFF3148020F0040080F314884B
:1041D000BFF36F8F2046BDE8104000F005B9D4D47E
:1041E00010B541F6B472EFF31081C2F2062272B636
:1041F000146864B140F22002C2F206221268EFF3A2
:1042000005831A4307D081F31088132010BD81F372
:104210001088132010BD48B142F24802C2F20622B3
:1042200013683BB181F31088132010BD81F310880F
:10423000002010BD042323630123A3630023C4F8DB
:104240008430E06410680130106081F310882046EB
:1042500000F0CAF8D4F8840010BDD4D4D4D4D4D497
:1042600042F24800C2F20620006800B1704741F6F1
:10427000B87041F6B471C2F20620C2F2062100689D
:1042800009688142F2D04EF604504FF08051CEF2D0
:1042900000000160EFF30580002818BF7047EFF3BE
:1042A000108062B680F310887047D4D4D4D4D4D4AC
:1042B0002DE9F041EFF3108572B60446406E0028F8
:1042C00004F14C0002D000F09BFA01E000210160F3
:1042D00042F24800C2F20620016801390160A16B78
:1042E000226B002941F6B871C2F2062108D0013ACA
:1042F000022A0CD3626B32B90022A263226306E069
:104300002AB1626B2AB300220323C4E90C3241F6BE
:10431000B472C2F20622126885F3108809688A42D4
:1043200001D0006808B1BDE8F0814EF604504FF0AE
:104330008051CEF200000160EFF30580002818BF25
:10434000BDE8F081EFF3108062B680F31088BDE81D
:10435000F081E66A41F6C87EC2F2062E0022226390
:104360005EF826302BB15A6A5C621462C4E90832E6
:10437000CDE741F6A87C41F6C478C2F2062C0122B2
:10438000C2F20628B240DCF800304EF82640D8F8D9
:104390000070C4E908449E4242EA0702C8F80020BF
:1043A000B5D20B68CCF80060D3B1DA6B9642AED2CE
:1043B0000C6085F3108800680028B4D14EF60450D4
:1043C0004FF08051CEF200000160EFF3058000282D
:1043D000A9D1EFF3108062B680F31088BDE8F081B8
:1043E0000C6094E7D4D4D4D4F0B581B041F6B47164
:1043F000C2F206210D68EFF3108472B6A84211D103
:10440000014651F84C2F013A12F1030F04D8064629
:10441000084600F0C5F9304642F2F001C269C2F226
:1044200006210A6042F2480141F6B87CC2F2062138
:10443000C2F2062C0A68013A0A60826B012A33D163
:10444000026A4FF0000E8242C36AC0F838E00DD015
:10445000466A41F6C87EC2F2062E566232625EF8A5
:10446000236086421CD14EF8232019E041F6C47621
:104470000122C2F206269A40376837EA020241F664
:10448000C877C2F20627326047F823E04CD041F6E5
:10449000A87392FAA2F2C2F20623B2FA82F21A606A
:1044A000DCF8002090421BD084F31088DCF8000078
:1044B000854201D0086808B101B0F0BD4EF6045045
:1044C0004FF08051CEF200000160EFF3058000282C
:1044D000F2D1EFF3108062B680F3108801B0F0BD26
:1044E00041F6A87041F6C872C2F20620C2F2062256
:1044F000006852F82000CCF8000084F310880868A7
:104500000028D9D14EF604504FF08051CEF2000071
:104510000160EFF305800028CED1EFF3108062B682
:1045200080F3108801B0F0BD41F6A8702022C2F2DD
:10453000062002600020CCF8000084F31088086890
:104540000028B9D14EF604504FF08051CEF2000051
:104550000160EFF305800028AED1EFF3108062B662
:1045600080F3108801B0F0BD80B541F6B47042F21E
:10457000E402C2F20620C2F2062200230168EFF331
:10458000108072B6136009B10A6B12B180F3108803
:1045900080BD42F2F00CD1E90732C2F2062C8A4209
:1045A0008B61CCF80030F1D0CB6BC96A9942EDD168
:1045B00041F6A87C41F6C87EC2F2062CC2F2062E55
:1045C000DCF800304EF8212041F6B871C2F2062125
:1045D0005EF823200A6080F3108880BDD4D4D4D440
:1045E000EFF3108272B6016B04290AD142F248013E
:1045F000C2F206210B6801330B6082F31088FFF7CB
:1046000057BE836ED0F8AC1082F31088002B08BF21
:1046100070471847D4D4D4D442F2E000EFF31081AD
:10462000C2F2062072B6006881F310887047D4D4B5
:104630002DE9F04F83B042F2DC01EFF31085C2F2B6
:10464000062172B60868002840F0868042F2E80928
:10465000C2F20629D9F80000002800F07D8042F25D
:10466000D40642F2EC0BC2F2062600270DF1040834
:10467000C2F2062B0DF1080A0120086004E000BF19
:10468000D9F80000002861D0306801680291002943
:1046900018BFC1F818A042F2D80140F8047BC2F25A
:1046A000062130600968884205D142F2D000C2F28A
:1046B000062000683060C9F8007085F31088EFF3B9
:1046C000108572B600BF00BF029C002CD8D02069B4
:1046D00000210191844207D061694161C0F818A0AE
:1046E000086102E000BF00BF00202168029021297C
:1046F0000ED3A1F120002060C4F818802461019439
:10470000CBF8004085F3108813E000BF00BF00BF66
:10471000D4E901212260E0681AB142462461019483
:1047200000E00022A261CBF8004085F3108801B1BF
:104730008847EFF3108572B60198CBF80070A0425D
:10474000C2D12046A76100F02BF8BDE742F2DC01A0
:104750000020C2F20621086085F3108803B0BDE88E
:10476000F08FD4D4D4D4D4D442F2D00042F2D402C4
:10477000C2F2062042F25001C2F20622C2F2062123
:10478000016001F18000116042F2D801C2F20621FD
:10479000086042F2DC00C2F206200021016070478E
:1047A0000268511E11F1030F26D88369002B18BF30
:1047B0007047202A42F2D402C2F2062242F2D0030B
:1047C00088BF1F211268C2F2062302EB810142F268
:1047D000D802C2F206221B6812688A1A28BF9918EA
:1047E0000A682AB1536950611861C0E9042302E0E4
:1047F000C0E90400086081617047D4D4D4D4D4D413
:104800008169002908BF70470269904207D0436957
:1048100053611A610B68834206D1916103E00A6813
:10482000824201D100220A60002181617047D4D404
:1048300010B578B145F2454ED0F800C0C4F2592EFB
:10484000F44507D141B11AB1D0F81CC0624505D971
:10485000052010BD022010BD032010BD40F2200C29
:10486000C2F2062C43B1DCF800E0EFF3058454EA11
:104870000E041CBF042010BDDCF800E0EFF305843B
:1048800054EA0E040AD0DCF800C0EFF3058444EAD1
:104890000C04B4F1F03F01D2132010BDBDE810406C
:1048A000FDF7D6BFD4D4D4D42DE9F04700284FF07B
:1048B000020564D0089F342F61D142F24804EFF31F
:1048C0001087C2F2062472B69246984626680136D0
:1048D000266087F3108841F69C77C2F206273D6870
:1048E00041F6A077C2F20627A8425FEA1F963F680A
:1048F000002F18BFA84218D10546EFF3108072B6FA
:10490000894621680139216080F31088FFF7A8FCEF
:1049100016B10220BDE8F087BAF1000F13D0B8F14C
:10492000640F13D20520BDE8F087012200BF00BF4D
:10493000ED6AA8425FEA1F96BA42DDD2A84202F1B0
:104940000102F5D1D8E70320BDE8F08740F220004E
:104950005246C2F2062043460168EFF30587394309
:1049600006D00068EFF305810843B0F1F03F05D3AE
:1049700028464946BDE8F047FEF722B813252846E9
:10498000BDE8F087D4D4D4D498B145F2454201684B
:10499000C4F2592291420CD140F22001C2F2062108
:1049A0000968EFF3058211431CBF13207047FEF71F
:1049B0004BB802207047D4D488B140F22001C2F233
:1049C00006210A68EFF305831A4306D00968EFF35E
:1049D00005821143B1F1F03F03D3FEF709B903207B
:1049E000704713207047D4D470B500284FF00603E9
:1049F00052D0242A50D142F24802EFF31083C2F27F
:104A0000062272B60C4616680136166083F31088CB
:104A100041F68C73C2F2062341F69076C2F2062666
:104A20001B68356898425FEA1F96002D18BF9842B0
:104A300023D10546EFF3108072B611680139116079
:104A400080F31088FFF70CFC0EB1062070BD40F219
:104A50002000C2F206200168EFF30582114306D060
:104A60000068EFF305810843B0F1F03F13D3284607
:104A70002146BDE87040FEF79FB9012100BF00BF8D
:104A80009B6998425FEA1F96A942D2D2984201F1EF
:104A90000101F5D1CDE71323184670BDD4D4D4D489
:104AA00010B5DDF808E0D8B144F24E44D0F800C0AB
:104AB000C4F25644A44513D13BB3BEF1000F27D036
:104AC00040F22004C2F20624D4F800C0EFF30584BB
:104AD0005CEA040C5FEA1F9418BF4FF0040C02E07C
:104AE0004FF0060C0024002C644618BF0824032A4B
:104AF00054EA8C8CBCF1000F1CBF604610BDCDF891
:104B000008E0BDE81040FEF783B94FF0030CE9E779
:104B10004FF0000C0124E6E778B144F24E43D0F8A0
:104B200000C0C4F256439C4507D16FF002031A42FD
:104B30001CBF08207047FEF7EBB906207047D4D49D
:104B40002DE9F04100284FF01C0543D0342B41D112
:104B500042F24803EFF31087C2F2062372B688468A
:104B60001E6801361E6087F3108841F69477C2F202
:104B7000062716463D6841F69877C2F20627A842F6
:104B80003C685FEA1F97002C18BFA84225D1054654
:104B9000EFF3108072B619680139196080F310883C
:104BA000FFF75EFB17B11C20BDE8F081012E22D873
:104BB00040F220003246C2F206200168EFF305837E
:104BC00019431BD00068EFF305810843B0F1F03FB3
:104BD00014D213252846BDE8F081012100BF00BF93
:104BE0002D6AA8425FEA1F97A142D0D2A84201F1E4
:104BF0000101F5D1CBE71F20BDE8F08128464146F1
:104C0000BDE8F041FEF720BB18B345F2454302680A
:104C1000C4F655539A421CD140F2200CC2F2062C25
:104C200039B1DCF80030EFF305821A431CBF0420D1
:104C30007047DCF80020EFF305831A430BD0DCF853
:104C40000020EFF305831A43B2F1F03F03D21320A3
:104C500070471C207047FEF72BBBD4D4D4D4D4D4D7
:104C6000C0B145F245420168C4F65552914211D196
:104C700040F22001C2F206210A68EFF305831A43CD
:104C800006D00968EFF305821143B1F1F03F03D379
:104C9000FEF75ABC1C20704713207047D4D4D4D4DC
:104CA0002DE9F04700284FF0090C6DD0099F382FEF
:104CB0006AD142F24804DDF82080C2F20624EFF304
:104CC000108772B6914626689A460136266087F3A9
:104CD000108841F68477C2F206273E6841F688774D
:104CE000C2F20627B0425FEA1F953F68002F18BF47
:104CF000B04237D10646EFF3108072B60F462168F6
:104D00000139216080F31088FFF7AAFA15B1092054
:104D1000BDE8F087BAF1000F31D0A9F111004FF0D2
:104D2000050C10F1100F2FD34FEA98004A46484562
:104D30002AD3394640F22007C2F2062730465346AE
:104D40003E68EFF305852E4306D03F68EFF30586F6
:104D50003743B7F1F03F15D3CDF82080BDE8F047D9
:104D6000FEF74EBD012200BF366BB0425FEA1F95D1
:104D7000BA42BFD2B04202F10102F5D1BAE7032034
:104D8000BDE8F0874FF0130C6046BDE8F087D4D43F
:104D900098B144F255520168C5F2551291420CD1B6
:104DA00040F22001C2F206210968EFF305821143A7
:104DB0001CBF13207047FEF763BD09207047D4D491
:104DC000C0B144F25553D0F800C0C5F255139C450C
:104DD00010D189B162B140F22003C2F20623D3F8A8
:104DE00000C0EFF3058353EA0C031CBF0420704797
:104DF000FEF79ABD0920704703207047D4D4D4D45D
:104E0000C0B144F25553D0F800C0C5F255139C45CB
:104E100010D189B162B140F22003C2F20623D3F867
:104E200000C0EFF3058353EA0C031CBF0420704756
:104E3000FEF7F2BE0920704703207047D4D4D4D4C3
:104E40002DE9F04100284FF00C0640D01C2B3ED13C
:104E500042F24803EFF31087C2F2062372B60D4602
:104E600090461E6801361E6087F3108841F67C77F5
:104E7000C2F206273E6841F68077C2F20627B042AA
:104E80003C685FEA1F97002C18BFB04229D1064644
:104E9000EFF3108072B619680139196080F3108839
:104EA000FFF7DEF917B10C20BDE8F08140F22000D9
:104EB000C2F206200168EFF3058211430AD00068B0
:104EC000EFF305810843B0F1F03F03D213263046DB
:104ED000BDE8F081304629464246BDE8F041FEF784
:104EE000BFBF012100BF00BF7669B0425FEA1F97D4
:104EF000A142CCD2B04201F10101F5D1C7E7D4D42F
:104F0000A0B144F641530268C5F245339A420DD12F
:104F100051B140F22002C2F206221268EFF305837B
:104F20001A431CBF04207047FEF7CABF0C2070470D
:104F300040B144F641520168C5F24532914201D177
:104F4000FFF712B80C2070472DE9F04F83B00446EC
:104F500000284FF00E0061D09146129AB02A5DD120
:104F6000119801901098009042F2480C0F9802900E
:104F7000C2F2062CDDF83880DDE90C6BEFF310800F
:104F800072B6DCF800200132CCF8002080F31088E3
:104F900041F6C070C2F20620026841F6BC70C2F24F
:104FA0000620D0F800A01AB306EB0B000025471E20
:104FB000544518BF012D1BD0DAF80C00864203D2ED
:104FC0000025874209D20FE0DAF81050AE425FEABE
:104FD0002F9538BF0026874206D3DAF810008742A3
:104FE00055EA2F9538BF0026013ADAF888A0DFD1BC
:104FF000EFF3108072B60D46DCF800100139CCF8E2
:10500000001080F310881F46FFF72AF9544508D096
:105010000320B9F1000F18BF002E06D103B0BDE880
:10502000F08F0E2003B0BDE8F08FBBF1C80F03D2A4
:10503000052003B0BDE8F08FB8F11F0F03D90F2092
:1050400003B0BDE8F08F2946029D454503D91820DD
:1050500003B0BDE8F08FDDF804C0BCF1010F03D947
:10506000102003B0BDE8F08F40F220003B46C2F2B2
:1050700006200268EFF305873A4306D00068EFF395
:1050800005821043B0F1F03F0ED3CDF844C04A463C
:1050900000981090CDE90E852046CDE90C6B03B049
:1050A000BDE8F04FFEF790BF132003B0BDE8F08FCE
:1050B00070B5B8B145F2442ED0F800C0C5F2484EE4
:1050C000F4450FD1DDF820C0DDE9064EDDE90465C9
:1050D000CDF820C0CDE9064ECDE90465BDE87040AD
:1050E000FFF70AB80E2070BD2DE9F04190B01646CA
:1050F0000F46DDE9162819460546189C00F03CF8D5
:105100002868D5F814313946324698476E462868E3
:10511000D5F80421D5F81831314698472868D5F8D4
:105120000411D5F8102190472868D5F80821D5F842
:10513000143105F1840198472868D5F80C21D5F879
:105140001431314698472868D5F80421D5F818312C
:105150003146984740F248103146C2F206200368B3
:10516000D5F80C01844254EA30824046984700202A
:1051700010B0BDE8F081D4D42DE9F047A0B00446CA
:10518000D0F8080117468946824215D92068D4F81C
:105190000411D4F8102190472068D4F814314946FE
:1051A0003A469847E9462068D4F80421D4F81831E3
:1051B00049469847D4F80C712068D4F80411D4F803
:1051C0001021904740F2441504F10408C2F206256C
:1051D0000021404600262B68D4F8082198472B6808
:1051E00004F18405D4F8082100212846984740F2AC
:1051F000481A4046C2F2062A49463A46DAF80030D2
:105200009847DAF80030284649463A469847D4F895
:10521000080188B1002000BF15F8801C2A780130F1
:1052200081F0360105F8801C82F05C0105F8011B55
:10523000D4F80861B042EFD32068D4F81431414665
:1052400032469847002020B0BDE8F087D4D4D4D4AB
:1052500080B50368D0F814C11846E047002080BD2F
:10526000F0B591B0064601AF15460C460068D6F879
:105270000421D6F81831394698473068D6F8041119
:10528000D6F8102190473068D6F80821D6F81431A6
:1052900006F1840198473068D6F80C21D6F814310D
:1052A000394698473068D6F80421D6F8183139467F
:1052B000984740F248103946C2F206200368D6F8F3
:1052C0000C01854255EA308220469847002011B0F3
:1052D000F0BDD4D4D4D4D4D4B0B5016000F582717B
:1052E000DDE906ECC0F818C1DDE90454C0E9444E1C
:1052F0002CC1B0BDD4D4D4D400207047D4D4D4D4DD
:10530000019ADDF800C0B2F5247F4FF000023CBFE7
:105310000722C0F202025FEA8C7340F20703C0F278
:10532000020352EA0382BCF1000F52EA1382002901
:1053300052EA1381002851EA13807047D4D4D4D4A0
:1053400000207047D4D4D4D42DE9F04F85B01599FE
:1053500006460720B1F5247FC0F2020005D31746A8
:10536000002A1CBF1499002902D105B0BDE8F08FB6
:1053700011F00302F9D10F253A68C0F20105AA42E3
:1053800008D00C25C0F20105AA4231D19946054644
:10539000202002E0994605461C2001F5B67B4BF61D
:1053A000E1734CF6391C4CF27104C0F20023CDE9D4
:1053B000000340235846DDE9128AC0F2002CC0F2F7
:1053C0000024CDE9024CFFF787FF072E18D0062EE8
:1053D000DDE90F1210D02846052E0E9E1FD1B9F11F
:1053E000000FC2D04946F2085846FFF7C5FE29E033
:1053F000023005B0BDE8F08F5846FFF729FF21E0E5
:10540000BAF1000F22D078894146BAEBD00F28BFFD
:105410004FEAD00A58465246FFF722FF12E0B9F190
:10542000000FA2D0BAF1000F14D078894B46F708CC
:10543000BAEBD00F28BF4FEAD00A58468DE8800556
:10544000FFF752FE002005B0BDE8F08F681E05B0E2
:10545000BDE8F08F013805B0BDE8F08FD4D4D4D4C6
:10546000416831B1006800BF50F8042B1AB9013906
:10547000FAD10120704700207047D4D4D4D4D4D4BA
:105480002DE9F04FD0F804B0D1F80490BBF1000F33
:105490000BD0026802EB8B02131F5A4600BF00BFFD
:1054A00053F8047917B9013AFAD10022B9F1000F83
:1054B0000BD00B6803EB89031F1F4B4600BF00BFD7
:1054C00057F8046916B9013BFAD100239A4201D971
:1054D000022217E0934212D8013A00BF00BF00BF7A
:1054E000531C012B0DDB0B68076853F8223057F86B
:1054F00022709F42ECD8BB42A2F10102F0D90122F6
:1055000000E00022D1F80CC0C368634537D1D0F861
:1055100000C00968CB4551EA3C885CEA31864FF00F
:1055200000035BEA398A4FF000025BEA89894AF09E
:1055300011C84446674600BF54F8041B56F8045B84
:10554000891843F10002491942F1000247F8041B8F
:105550000FF00FC0B9EB0A071AD947F001E00CEBC6
:105560008A0308EB8A04002554F8041B891843F8C1
:10557000041B45F100020FF009C85AB917E0012ACF
:1055800019D0002A58D101680022C2600A609AE04E
:10559000D14662B18168B1EB890F08D901214CF87D
:1055A000291009F10109C0F80490BDE8F08FC0F896
:1055B0000490BDE8F08FD1F80080D0F800A001225F
:1055C0004BF017C000274546534600BF00BF00BF41
:1055D00055F8046B1C68921947F10006121B66F11E
:1055E0000004013A43F8042B44F100020FF011C00B
:1055F000B9EB0B0E10D90AEB8B0708EB8B030024D9
:1056000053F8045B521944F10005013A47F8042BA2
:1056100045F100020FF00DC00AEB890309F1010208
:10562000043B00BF00BF00BF971E40D453F804796D
:10563000013A002FF8D03FE0D0F800C0012249F035
:1056400013C8096800256646336851F8044BD21820
:1056500045F10003121B63F10003013A46F8042BE5
:1056600043F100020FF011C0BBEB090E0FD90CEB98
:105670008901002300BF00BF0C68121943F1000428
:10568000013A41F8042B44F100020FF00BC80CEB77
:105690008B020BF10101043A8B1E12D452F804392B
:1056A00001390BB92FF009C04160BDE8F08F00222D
:1056B000C260D1F80CC001224260C0F80CC0BDE845
:1056C000F08F0021C16001214160BDE8F08FD4D48A
:1056D00080B5D0F804C0D1F804E0BCF1000F09D0C7
:1056E000026802EB8C02043A52F8043923B9BCF187
:1056F000010CF9D14FF0000CBEF1000F0AD00A687E
:1057000002EB8E02043A00BF52F8043923B9BEF10D
:10571000010EF9D14FF0000EF44501D9022080BDF1
:10572000E64511D8ACF10102531C012B0EDB0B68CE
:10573000D0F800E053F822C05EF822306345EDD87F
:105740009C45A2F10102EFD9012080BD002080BD5F
:105750002DE9F047D1E900120025D0E900839342FA
:1057600051EA388C58EA318453EA328A53EA828902
:1057700000234AF013C86746464600BF00BF00BF7B
:1057800057F8042B54F8041BD21845F1000389186C
:1057900043F1000346F8041B0FF00FC0B9EB0A07F2
:1057A00014D947F001E008EB8A050CEB8A010027C9
:1057B00051F8042BD21845F8042B47F100030FF0E1
:1057C00009C833B9C0F80490BDE8F087D146002B72
:1057D000F8D08168B1EB890FF4D9012148F829107C
:1057E00009F10109C0F80490BDE8F087D4D4D4D4FD
:1057F0002DE9F047D0F80080D1F80490D2F800C02D
:10580000012349F017C009684FF0000A4746654672
:1058100057F8044B51F8046B1B194AF100049B1B09
:1058200064F10004013B45F8043B44F100030FF030
:1058300011C84068B0EB090E12D90CEB890108EBD6
:105840008904002500BF00BF54F8046B9B1945F183
:105850000006013B41F8043B46F100030FF00DC088
:105860000CEB800101300439831E08D451F804394F
:1058700001380BB92FF009C05060BDE8F087002057
:10588000D06001205060BDE8F087D4D4D4D4D4D403
:105890002DE9F04FD0F804B0D1F80490BBF1000F1F
:1058A0000BD0026802EB8B02131F5A4600BF00BFE9
:1058B00053F8047917B9013AFAD10022B9F1000F6F
:1058C0000BD00B6803EB89031F1F4B4600BF00BFC3
:1058D00057F8046916B9013BFAD100239A4201D95D
:1058E000022217E0934212D8013A00BF00BF00BF66
:1058F000531C012B0DDB0B68076853F8223057F857
:1059000022709F42ECD8BB42A2F10102F0D90122E1
:1059100000E00022CB68D0F80CC09C4509D1012AD8
:1059200054D0002A40F0908001680022C2600A60D2
:10593000D4E0D0F800C00968CB4551EA3C885CEA65
:1059400031864FF000035BEA398A4FF000025BEAD0
:1059500089894AF013C84446674600BF00BF00BFAC
:1059600054F8041B56F8045B891843F100024919E6
:1059700042F1000247F8041B0FF00FC0B9EB0A0711
:1059800011D947F001E00CEB8A0308EB8A040025EB
:1059900054F8041B891843F8041B45F100020FF06A
:1059A00009C812B90EE0D14662B18168B1EB890F26
:1059B00008D901214CF8291009F10109C0F8049017
:1059C000BDE8F08FC0F80490BDE8F08FD1F80080FA
:1059D000D0F800A001224BF013C8002745465346DB
:1059E00055F8046B1C68921947F10006121B66F10A
:1059F0000004013A43F8042B44F100020FF011C0F7
:105A0000B9EB0B0E10D90AEB8B0708EB8B030024C4
:105A100053F8045B521944F10005013A47F8042B8E
:105A200045F100020FF00DC00AEB890309F10102F4
:105A3000043B00BF00BF00BF971E40D453F8047959
:105A4000013A002FF8D03FE0D0F800C0012249F021
:105A500013C8096800256646336851F8044BD2180C
:105A600045F10003121B63F10003013A46F8042BD1
:105A700043F100020FF011C0BBEB090E0FD90CEB84
:105A80008901002300BF00BF0C68121943F1000414
:105A9000013A41F8042B44F100020FF00BC80CEB63
:105AA0008B020BF10101043A8B1E15D452F8043914
:105AB00001390BB92FF009C04160BDE8F08F002219
:105AC000C260D1F80CC00122BCF1000F5FEA1F9147
:105AD0004260C160BDE8F08F0021C16001214160DA
:105AE000BDE8F08FD4D4D4D44168013900BF00BFE1
:105AF000002909D4026852F8212001390AB92FF08F
:105B000009C80231416070470021C1600121416034
:105B10007047D4D4D4D4D4D4D0E9002C13685B1803
:105B20004FF0000141F10001BCF1020F136004D3FA
:105B300019B15068013050607047BCF1010F5FEA45
:105B40000F9381F00101194318BF7047012142F8FA
:105B50002C100CF1010141607047D4D4D4D4D4D4BA
:105B600010B5D0E900CEDCF80020521A4FF0010148
:105B700061F10001BEF1020FCCF8002010D379B919
:105B80000CF10401022300BF0A687345A2F101046D
:105B900041F8044B04D203F101030AB92FF00DC000
:105BA0000CEB8E020EF10101043A00BF00BF00BFF2
:105BB0008B1E07D452F8043901390BB92FF009C0F4
:105BC000416010BD0021C1600121416010BDD4D4ED
:105BD0002DE9F041D0E90038C1F12002A8F101051A
:105BE00003EB880C5CF8046CD64043F8286045F061
:105BF0000DC8ACF104052E4656F8047D2C68D7403C
:105C00008C403C432C6035460FF00BC01A6802FAFA
:105C100001F11960DCF8001000291CBF08F1010136
:105C20004160BDE8F081D4D42DE9F041D0E90038DD
:105C3000A8F1010C4CF013C81C46C1F1200554F822
:105C4000046B00BF00BF00BF2768CE4007FA05F213
:105C5000324344F8042C04343E460FF00BC853F88A
:105C60002C2022FA01F103EB880243F82C1008F1F2
:105C70000101043A00BF00BF8B1E08D452F804395A
:105C800001390BB92FF009C04160BDE8F081002156
:105C9000C16001214160BDE8F081D4D4D4D4D4D412
:105CA000CB68C2689A4242D180B5002A45D0D1F86B
:105CB00004C0D0F804E0BCF1000F0BD00A6802EB7E
:105CC0008C02043A00BF00BF52F8043923B9BCF17A
:105CD000010CF9D14FF0000CBEF1000F0AD00268A0
:105CE00002EB8E02043A00BF52F8043923B9BEF128
:105CF000010EF9D14FF0000EF44543D8E64545D8E2
:105D0000ACF1010300BF00BF5A1C012A57DB026837
:105D1000D1F800E052F823C05EF82320624531D864
:105D20009445A3F101034FF00102EDD948E0002AA8
:105D30004FF0010050EA10907047D0F804C0D1F83D
:105D400004E0BCF1000F09D0026802EB8C02043AB7
:105D500052F8043923B9BCF1010CF9D14FF0000C11
:105D6000BEF1000F0AD00A6802EB8E02043A00BFAF
:105D700052F8043923B9BEF1010EF9D14FF0000EEB
:105D8000F44501D902221BE0E64501D9012217E0C2
:105D9000ACF1010300BF00BF5A1C012A0FDB0A68E7
:105DA000D0F800E052F823C05EF823206245E9D81D
:105DB0009445A3F101034FF00102EDD900E0002268
:105DC000BDE88040104670472DE9F04F83B0019048
:105DD000D0E9006B0091D2F80080D1E9000A40F2CE
:105DE0004411C2F2062102900AEB0B00506091466A
:105DF0000B688200002140469847BBF1000F20D07D
:105E0000002009E008EB800100274AF001C808E003
:105E10000F600130584514D056F820100029F8D0F2
:105E2000F0E70022029B00BF56F8204053F8045BC5
:105E30000F68E5FB642741F8042B3A460FF00DC0CC
:105E4000E6E700980199C068C96881425FEA0F904F
:105E5000D9F80410C9F80C00481E00BF00BF00BFED
:105E6000002809D4D9F8001051F82010013809B9D8
:105E70002FF00BC0023003E00020C9F80C00012015
:105E8000C9F8040003B0BDE8F08FD4D4D4D4D4D47E
:105E9000D1B12DE9F041D0F804C000234CF01DC071
:105EA000D2F800800568464655F8044B0027E4FB0D
:105EB000013746F8043B3B460FF00BC05FB10CF1D5
:105EC000010348F82C7007E011680020D0600860DA
:105ED00001215160704763465360C068BDE8F041DE
:105EE000D0607047D4D4D4D42DE9F04F83B0D0E93A
:105EF000006B01914FEA4B000090486040F2441063
:105F0000C2F206200D684FEACB0200210368284642
:105F10009847BBF1000F2FD0ABF10100341D2F1DAE
:105F2000002302950FE000BF4FF00008614605EB2B
:105F300083020138DC4504F1040407F108076346D5
:105F400042F8218018D003F1010CDC45ECD240F07E
:105F500001E000253A46214656F8239051F804AB5B
:105F6000D2F80080EAFB695842F8045B45460FF01E
:105F70000DC85946029DDAE7009905EBCB00A1F167
:105F8000010E0438014600BF026851F8043D52007A
:105F900042EAD372026008460FF00BC02868400046
:105FA00028604BF015C8281D0021002200BF00BF4B
:105FB00056F8047B50F8043CE7FB6723076840F879
:105FC000042CDB1940F8083B41F100020FF011C02E
:105FD000019A00205168D060481E00BF00BF00BF7A
:105FE000002808D4116851F82010013809B92FF0A1
:105FF00009C8023000E00120506003B0BDE8F08F16
:106000002DE9F04F8BB0044640688E46D1F80480ED
:1060100058B1216801EB80010A1F014600BF00BF93
:1060200052F8043913B90139FAD10021B8F1000F3F
:106030000BD0DEF8002002EB8802131F424600BF9F
:1060400053F8047917B9013AFAD10022914240F28B
:106050000F810227DEF80010256801EB880A0991FC
:106060005AF8041DA8F1010809B92FF007C8012248
:106070000B0C089302EB1141019101380A90281F83
:106080000790099804380590C8F100000690CDE902
:10609000025E009404E000BF0227012F00F0FD80A3
:1060A0000A9A0699424501EB020B55F822604FEA25
:1060B000164011D0089988420ED80898ABF1010B10
:1060C000864229D901984FF00009B6FBF0FC5CEA42
:1060D0000F495A451BD92CE0424523D1DAF800502C
:1060E0004FF0000B6A1C4FF000014BF100033046EB
:1060F00008F070FEB54251EA3B894FF0010150EAC9
:10610000318C0A9ADDF80CE0029D5A4511D8002323
:10611000002600215A4649E005EB820030F8020CC7
:1061200040EA064001994FF00009B0FBF1FC5A45E6
:10613000EDD90497A2EB0B0040F001E005EB8B05D5
:1061400083460023099A0026002700BF00BF00BF36
:1061500052F8044BACFB040109FB0411DC17801955
:1061600041EB07062968C9184FF0000744F1000306
:10617000081A63F1000345F8040B0FF017C8C34574
:10618000049F0DD90A9A029D991B009CDDF80CE032
:1061900055F82200084445F8220016E000BF00BF71
:1061A0000A9A59469346009CDDE9025E0998BBF1C4
:1061B000000F50F8210055F82B100CFB0060A3EBEA
:1061C0000000084445F82B0007D0514205EB82003F
:1061D00050F80429A2B90131FAD301206060DEF839
:1061E000041000220A92079A02EB800200BF00BF4F
:1061F00052F804398BB90138FAD10DE000BF00BF65
:106200004A42C1F10100424560600A923FF645AF43
:106210000129DEF80410E6D1002051B1059A02EB05
:10622000810200BF00BF00BF52F8043913B9013921
:10623000FAD1002188423FF62FAF81422DD805992F
:10624000079A01EB800102EB800200BF00BF00BF94
:1062500001280BDB51F8043952F804799F423FF6CC
:106260001BAFBB42A0F10100F2D916E0002714E7F2
:106270008A4212D8013900BF4A1C012A19DBDEF814
:106280000020236852F8212053F8213093423FF632
:10629000E0AE9A42A1F10101EED9E06830B12046AA
:1062A00071460BB0BDE8F04FFFF7EAB80BB0BDE8A0
:1062B000F08F0027CEE6D4D42DE9F04740F2080C49
:1062C000C0F2020C62B14E1C0023144600BF00BF96
:1062D00016F8017CAFB90133033401369A42F7D185
:1062E0008168042916D3016800224FF0010C0A606E
:1062F000C0F804C04FF0000CC0F80CC06046BDE808
:10630000F087A2EB030E82680EF1030828F0030564
:10631000AA4202D26046BDE8F0874FEA980C0268B4
:106320000EF0030902EB8C08A8F1040ADFE809F07B
:10633000100C0206327842EA072705E032787578B9
:10634000120242EA07425719A8F1080A48F8047CE9
:10635000BEF1040FCCD304F0030211441944CB1C4A
:106360008C1C4E1C00BF00BF11F8048B16F8047B78
:1063700014F8042B13F8045B3F0409F1040947EAFD
:10638000086747EA0222F1452A444AF80429EBD378
:10639000AEE7D4D4D4D4D4D470B5054620280C4666
:1063A0000E4608D300BF00BF06F052FC203D46F861
:1063B000040B1F2DF8D8F5B106F04AFCE91D4FF08B
:1063C000FF3202EBD101DFE801F00B08050206F80D
:1063D000010B000A06F8010B000A06F8010B000A7F
:1063E00015F00701307006D04FF0FF30884021785B
:1063F00021EA00002070002070BDD4D4D4D4D4D4BD
:1064000080B5D0F804E0B2EB8E0F03D20920C0F2C1
:10641000020080BDBEF101024FEA8E0C0ED402686C
:106420006244A2F1040C00BF5CF8042912BA41F8DE
:10643000042B0FF007C840684FEA800C0020C3F817
:1064400000C080BDD4D4D4D42DE9F04F83B0D0E9BE
:1064500000C08A46451E4FEA800EA2EB800100264E
:1064600051440CEB80000C1F0438002100BF00BF1A
:1064700050F80479013D41F10003A6F1040604F14E
:10648000040417B90BB12FF00DC8B7F5807F08D3FE
:10649000B7F5803F4FF0000809D26FF001090023E3
:1064A0000EE06FF002094FF00008002308E0B8EB9F
:1064B000176F5FEA0F98B7F1807F5FEA2FA901237A
:1064C00009EB0E0030440430904205D90820C0F298
:1064D000020003B0BDE8F08FA2EB0E0BABEB09009E
:1064E000011FB14210D040F24411801BC2F20621BC
:1064F0000093021F50460B680021CDE901EC98473C
:10650000DDE9003EDDF808C00BEB0A00B8F1000F32
:10651000A0EB0900A0EB060006D0C9F1000103388A
:106520003A0E625413B904E0043813B1390C00F880
:10653000011BB7F5807F02D3390A00F8011B002D3B
:10654000077014D40EEB0C0105F1010E314404392F
:10655000421C00BF00BF00BF51F8040900BA42F856
:10656000040B00200FF009C003B0BDE8F08F00203D
:1065700003B0BDE8F08FD4D42DE9F04F93B0D0F83C
:106580000480894649680427414551EA88810026EC
:10659000109640F2481AC46807EB8105C2F2062A39
:1065A0005E190F93771911950B960D95079709951D
:1065B00079190391059512949346DAF80040016821
:1065C0004FEA88021846A047D9E90010CDF8089094
:1065D000D9F80C200C900E928200DAF80030304688
:1065E0009847B8F1000F4FF0010070514FF00001D3
:1065F0000A91089079510691049000F05E8107AEEF
:10660000DDF83C904146484650F8042B22B9013948
:10661000FAD152E100BF00BFD9F80010CDF804B0A4
:10662000C807DDF848B040F08B80A9F1040A08E003
:1066300000200A900120D9F800100890CA0740F005
:106640007F80A8F1010040F00DC809F1040200BFED
:106650001368DF0747EA510142F8041C0432194667
:106660000FF00BC059F820200AEB880108F101084F
:10667000520849F8202000BFB8F1020008D451F8B0
:106680000409A8F1010838B92FF00BC000BF00BF02
:106690004FF001084FF0000B07980468E10723D181
:1066A00008994A1E42F00FC0071D00BF00BF00BF7F
:1066B0003B68DD0745EA540547F8045C04371C468F
:1066C0000FF00BC050F822305B0840F8223000EB8E
:1066D0008102481C111F00BF821EA9D451F8042951
:1066E0000138002AF8D0A6E730460299FEF7C8FE26
:1066F00008980799421E42F00DC80B4653F8047BD8
:106700001D68EC0744EA570743F8047C04332F461E
:106710000FF00BC051F822305B0841F8223001EB3A
:1067200080010130043900BF821E3FF581AF51F86E
:1067300004290138002AF7D07DE700BF00BF00BF61
:10674000DDF82CA00C9FDDF83890CDF84080DAF809
:106750000010CDF848B0C80740F08680AAF1040BBD
:106760000BE000BF00BF00BF002006900120DAF858
:1067700000100490CA0740F07780781E40F00FC0E8
:106780000AF1040200BF00BF1368DC0744EA5101AC
:1067900042F8041C043219460FF00BC05AF82020AE
:1067A0000BEB8701013752084AF8202000BF00BFD9
:1067B000B81E05D451F80409013F20B92FF009C0D3
:1067C00001274FF0000903980568E90720D10499D3
:1067D0004A1E42F00BC8041D2368DE0746EA550630
:1067E00044F8046C04341D460FF00BC050F82230FE
:1067F0005B0840F8223000EB8102481C111F00BFEB
:10680000821EB1D451F804290138002AF8D0AEE72D
:1068100003A80299FEF734FE04980399421E42F041
:106820000DC80B4653F8044B1E68F50745EA54059E
:1068300043F8045C043334460FF00BC051F82230A7
:106840005B0841F8223001EB80010130043900BFC0
:10685000821E3FF589AF51F804290138002AF7D08C
:1068600085E700BF00BF00BF0FAC0BAD2046294637
:106870000C97CDF83890FFF713FA01280CD1284671
:106880002146FFF705F807AE03A83146FFF700F8E9
:106890000DE000BF00BF00BF20462946FEF7F8FF0D
:1068A00007AE03A93046FEF7F3FFDDF84080DDF8C0
:1068B00004B0B8F1000F7FF4A3AE03A80299FFF76C
:1068C0009FFB0698CBF80C0040F24810049AC2F2E5
:1068D0000620CBF80420039992000368DBF800003F
:1068E0009847002013B0BDE8F08FD4D4D4D4D4D4CA
:1068F0002DE9F04F9BB088460968814609200F7842
:106900009A46C0F20200FF0704D1D9F800301B7884
:10691000DB070AD0D9F804603EB1D9F800703346DD
:1069200057F8045B25B9013BFAD11BB0BDE8F08FE5
:10693000D8F804B00192B3455BEA86800422D8F807
:106940000C30CDF85CA0CDF860B002EB8007199751
:106950000AEB07061396F4191597E5190F94E81931
:10696000009007903844CDE9023040F24810C2F25E
:10697000062011970B950D97099705971A934FEAE3
:106980008B02036850469847D9F80C20169240F2C3
:106990004812D9E90010C2F206221490136882004E
:1069A00030469847009A0120F05100211291109032
:1069B000E1510E910C90E9510A910890D051069145
:1069C0000490DAF80010C80740F0EA80029C08E062
:1069D00000200E900120DAF800100C90CA0740F059
:1069E000E080ABF1010040F00DC80AF1040200BFE5
:1069F0001368DE0746EA510142F8041C04321946C6
:106A00000FF00BC0AAF104015AF8202001EB8B0112
:106A10000BF1010B52084AF8202000BF00BF00BF55
:106A2000BBF1020008D451F80409ABF1010B30B9F5
:106A30002FF00BC000BF00BF4FF0010B00240F99D7
:106A40000D68E80728D10B980278D20724D1109A54
:106A5000A446561E46F00FC00C1D00BF00BF00BF6D
:106A60002368DF0747EA550744F8047C04341D46D1
:106A70000FF00BC051F826305B0841F8263001EBCF
:106A800082010132043900BF931E5AD451F80439EF
:106A9000013A002BF8D057E00FA84946FEF7F0FC6A
:106AA00010980F99421E42F00DC80B4653F8046B24
:106AB0001F68FD0745EA560643F8046C04333E465A
:106AC0000FF00BC051F822305B0841F8223001EB87
:106AD00080010130043900BF821E05D451F8042919
:106AE000013822B92FF009C0002012900120109027
:106AF0000BA84146FEF7CCFE0C980B99421E42F0C3
:106B00000DC80B4653F8046B1F68FD0745EA56068F
:106B100043F8046C04333E460FF00BC051F82230AA
:106B20005B0841F8223001EB80010130043900BFDD
:106B3000821E3FF54DAF51F804290138002AF7D0E5
:106B400049E70122002112910C9964464B1E1092D4
:106B500043F011C0024652F8046B00BF00BF00BFF3
:106B60001768FD0745EA560642F8046C04323E46B3
:106B70000FF00BC050F82320520840F8232000EB00
:106B80008102481C111F00BF821E3FF521AF51F842
:106B900004290138002AF7D01DE700BF00BF00BF5D
:106BA000029CDDF84CA0149FCDF860B01A94DAF87E
:106BB0000010C8071698029022D017AC13AD0298A7
:106BC0001690204629461497FFF76AF8012840F0EE
:106BD000EB8028462146FEF75BFE07A80FA9FEF7CB
:106BE00057FE03A80BA9FEF753FEEBE000BF00BF62
:106BF000002006900120DAF800100490CA07DCD1CA
:106C0000781E40F00FC80AF1040200BF00BF00BFA9
:106C10001368DD0745EA510142F8041C04321946A5
:106C20000FF00BC0AAF104015AF8202001EB8701F4
:106C3000013752084AF82020B81E05D451F804093B
:106C4000013F20B92FF009C00127002002900799C9
:106C50000E68F00728D103980278D20724D1089A49
:106C6000A2F1010C4CF00FC00D1D00BF00BF00BF12
:106C70002B68DC0744EA560445F8044C04351E46EC
:106C80000FF00BC051F82C305B0841F82C3001EBB1
:106C900082010132043900BF931E5AD451F80439DD
:106CA000013A002BF8D057E007A84946FEF7E8FB69
:106CB00008980799421E42F00DC80B4653F8045B32
:106CC0001E68F40744EA550543F8045C043335466E
:106CD0000FF00BC051F822305B0841F8223001EB75
:106CE00080010130043900BF821E05D451F8042907
:106CF000013822B92FF009C000200A900120089025
:106D000003A84146FEF7C4FD04980399421E42F0D1
:106D10000DC80B4653F8045B1E68F40744EA55059A
:106D200043F8045C043335460FF00BC051F82230B1
:106D30005B0841F8223001EB80010130043900BFCB
:106D4000821E3FF555AF51F804290138002AF7D0CB
:106D500051E7012200210A91049908924B1E43F049
:106D60000DC8024652F8045B1668F40744EA55055C
:106D700042F8045C043235460FF00BC050F8232073
:106D8000520840F8232000EB8102481C111F00BF6D
:106D9000821E3FF52DAF51F804290138002AF7D0A3
:106DA00029E700BF00BF00BF20462946FEF770FD5F
:106DB0000FA807A9FEF76CFD0BA803A9FEF768FD55
:106DC000DDF860B0BBF1000F11D0DDF85CA05946D2
:106DD000504600BF00BF00BF50F8042B22B9013954
:106DE000FAD104E000BF00BF1A980290E9E503A8B9
:106DF0004146FFF705F9019B0698049A0399D8606C
:106E000040F24810C2F206205A60920007681868E3
:106E1000B84700201BB0BDE8F08FD4D4D4D4D4D46C
:106E20002DE9F04F89B00190D0E9000A08904FF0A9
:106E3000000BD2E9000906901298D3E900280592C8
:106E400007910090076840F24410C2F206200AF150
:106E500001018A000021036838469847B9F1000F04
:106E600067D0AAEB080000210130049007EB8800EE
:106E7000039008980430029012E000BF00BF00BFEA
:106E8000012457F8242007EB8400521901F1010175
:106E90004BF10003494540F8042C47F8243048D012
:106EA0004FF0000C48F013C806980026059B50F8D8
:106EB0002120384600BF00BF53F8044BD0F800C073
:106EC000E4FB626C40F8046B66460FF00BC80AF1F5
:106ED000010080450DD2049840F001E0039800BF06
:106EE000026812EB0C0240F8042B4BF1000C0FF07F
:106EF00009C83868079A00FB02F3089A0025BAF11E
:106F0000020F1268E3FB0205BAD3AAF101002A4678
:106F100040F001E0381D029E56F8044B0568E4FB82
:106F20006325544640F8042C04302A460FF00DC067
:106F3000A7E7D14539D20898AAF1010800F1040C5D
:106F400007F1040B00220FE0012457F8241007EB8F
:106F50008400C91809F1010942F10003D14540F844
:106F6000041C47F8243020D039680798089B484310
:106F7000BAF1020F1E684FF00003E0FB0613E3D3E3
:106F800048F001E0594666461D4600BF00BF00BFFD
:106F900056F8044B0B68E4FB6053544641F8045C1C
:106FA00004311D460FF00DC0CFE7DDE9005400BFEE
:106FB000BAF1000F0AD4286850F82A00AAF1010A91
:106FC00008B92FF00BC80AF1020002E00020E860C7
:106FD0000120686028462146FEF762FE012802D1A2
:106FE00009B0BDE8F08F2846214609B0BDE8F04F52
:106FF000FEF74EBCD4D4D4D42DE9F04F9FB0074651
:107000000120059000200490786815468A46289C47
:107010000138019300BF00BF002808D4396851F837
:107020002010013809B92FF009C8023002E0002011
:10703000F86001207860DAF80400013800BF00BF72
:10704000002809D4DAF8001051F82010013809B9E5
:107050002FF00BC0023003E00020CAF80C00012022
:10706000CAF804006868411E002908D4286850F84E
:10707000212001390AB92FF009C8023103E00020AC
:10708000E86028680121696004A90F91022110912C
:1070900008211191079002A80B900D9107A80FA944
:1070A0000BAA2346002612964FF00109CDF8209036
:1070B0004FF0040BCDE909B6FFF71AFC029813A9AB
:1070C00040420290D5E901801B9407301C9620F0C5
:1070D0000300CDE91D0604441794CDE9190606A85E
:1070E000CDF81890169681E8010A40F244104FEA54
:1070F0008802C2F20620002103682046984717AE96
:1071000008F1010018903046294644F82890FEF70F
:1071100077FF019C30462146FEF7E6FE20462946D1
:10712000FEF76EFF02991BA8009028463A462346B8
:10713000FFF776FE1A98E06040F24810189AC2F203
:107140000620626017999200036820689847DAE980
:107150000001234600EB8101A1F1040B834518D205
:10716000029913AA28460096FFF75AFE019FBE42D5
:107170000CD01A98F86040F24810189AC2F2062013
:107180007A60179992000368386898471FB0BDE885
:10719000F08F17AE1BAF019B08E000BF00BF00BF20
:1071A000DAF80000ABF1040B8345D9D3DBF800809B
:1071B0004FF000091C460CE00299284632463B4637
:1071C0000094FFF72DFE234609F10109B9F1200FC4
:1071D000E6D002992846224623460096FFF720FE75
:1071E00008FA09F0C00FE7D1334626461C46EBE704
:1071F0002DE9F04FA1B00E469168033181462C98DD
:1072000021F003011D904FF0000ACDE91F1A084438
:107210009968174603311D4621F00301199044185F
:10722000CDE91B1A19AA184639462346DDF8A8806D
:10723000CDF878A0CDF868A0FFF79EF91DAA3846D2
:10724000294623460695FFF797F9D8F80800B9684C
:107250000330033120F003001790204421F0030194
:10726000451813910F9105EB010808A90991042114
:107270000B91012108910A91D6E900120296F36858
:1072800040F248161594C2F2062611900D95CDF8DD
:1072900030A012921493336892009847D7E90010F7
:1072A0001690FA681892336882002046984715AC09
:1072B00009A92046FEF7ECFA0DF1440A2146504692
:1072C000FEF79EFED9E90010CDF81090D9F80C20F9
:1072D0000E90109282003368284698470DAD3946CB
:1072E0002846FEF78DFE284651463A462346CDF8FD
:1072F0000C80CDF800800597FFF77EFE159807906B
:1073000040F24410DDE9196ADDF85890C2F2062017
:10731000DDF834B009EB0A08CDF838804FEA88026E
:107320000368002158469847BAF1000F21D0002089
:107330000AE00BEB8001002749F003C009E000BF21
:107340000F600130504514D056F820100029F8D0B5
:10735000EFE70022079B00BF56F8205053F8044B7C
:107360000F68E4FB652741F8042B3A460FF00DC087
:10737000E6E718981C992B9A08F1010A81425FEA06
:107380000F940BEB88000438BAF1020106D450F8D0
:107390000419AAF1010A31B92FF00BC000204FF0F7
:1073A000010A04461090069840F24411C2F20621E8
:1073B000D2F80080D0E90096002506EB0A00506064
:1073C0000B688200002140469847A4460CE008EB79
:1073D0008500002146F005C00BE000BF00BF00BFE4
:1073E00001600135554514D05BF825000028F8D020
:1073F000EDE700234A4600BF5BF8254052F8047BC6
:107400000168E7FB643140F8043B0B460FF00DC008
:10741000E6E706982B9AC068516884455FEA0F90AA
:10742000D060481E00BF00BF002808D4116851F882
:107430002010013809B92FF009C8023002E00020FD
:10744000D06001205060029840F24814C2F2062435
:10745000D0E900121292C06814909200236811982B
:107460009847069ED6E900101690F2681892236895
:1074700082000798984715AD09A92846FEF708FA33
:1074800011AF29463846FEF7BBFD049AD2E9001039
:107490000E90D268109223688200584698470DAC2F
:1074A00031462046FEF7ACFD039800902046394651
:1074B00032462B46FFF7A0FD40F24410DDE91D6A7D
:1074C000C2F20620DDF83480DDE915B909EB0A01C6
:1074D000036807918A00002140469847BAF1000FDF
:1074E00023D000200CE008EB8001002549F005C006
:1074F0000BE000BF00BF00BF0D600130504514D04D
:1075000056F820100029F8D0EDE700225B4600BFB6
:1075100056F8204053F8047B0D68E7FB642541F8DA
:10752000042B2A460FF00DC0E6E7189820998142F7
:1075300007995FEA0F9201F1010A08EB8100043814
:10754000BAF1020108D450F80419AAF1010A09B9E4
:107550002FF00BC0154602E04FF0010A00250598F8
:10756000D0E9004940F24410C2F2062009EB0A01BA
:107570008A0003680791002158469847B9F1000F27
:10758000AC461FD0002002E0013048451AD054F824
:1075900020100029F8D04AF001E00BEB8001002315
:1075A000424600BF00BF00BF54F8205052F8046BA1
:1075B0000F68E6FB653741F8043B3B460FF00DC012
:1075C0000B60E1E70598C06860455FEA0F9018908E
:1075D00007980BEB80010130043900BF00BF00BFEA
:1075E000821E05D451F80429013822B92FF009C0B0
:1075F0000020189001202B9C169015A92046FDF71D
:107600003FFF20462A99FEF7FBFC21B0BDE8F08F32
:107610002DE9F04F93B0229F102F49D140F2441A28
:107620000FAEC2F2062A9146884605469B46DAF816
:1076300000300121102230461F9F1D9C98471C9846
:10764000594642092846CDF804B00292C847102393
:10765000284631463246C0470BAEDAF800300021EA
:10766000102230469847112F16D30DF13C0B00BF66
:1076700096ED001E042228465946B4EC103E02FF47
:10768000500186ED001EC847102328463146324679
:10769000C047103F102FEBD840F24410102FC2F219
:1076A000062003680AD107A802211022984715E096
:1076B0000720C0F2020013B0BDE8F08F824607A891
:1076C0000321102298470DF10C0BDAF8003000214D
:1076D00010225846984780200BF807002846DDE91D
:1076E0000112C8470DF11C0A102328465146524684
:1076F000C04740F248100DF10C0BC2F206202146A3
:107700003A4603685846984796ED001E0FA9042292
:1077100028469BED003E02FF50019AED003E02FF1D
:10772000500186ED001EC8471023284631463246D8
:10773000C04740F248103146C2F20620219A036841
:107740001E989847002013B0BDE8F08FD4D4D4D44D
:1077500041F6A47172B6C2F20621002041F6B07261
:10776000086040F20001C0F20021C2F2062209685E
:10777000116041F20001CEF200010A6842F00102FC
:107780000A6042F2C41148F21F52C2F20621C5F249
:10779000EB120968A1FB02124FF0FF3101EB52120C
:1077A0004EF62351CEF20001B0EB126F09D14EF22A
:1077B0001003CEF200035A60F0220A70986007228C
:1077C0001A600870F02001F8040C01F8010C7047F1
:1077D000B0B541F6B87441F6B475C2F20624C2F2EF
:1077E0000625206800BF00BF286028B901200121BC
:1077F00007F0C6F82068F7E7B0BDD4D4D4D4D4D409
:1078000042F248000021C2F2062001604EF6045008
:10781000CEF20000EFF3148C2CF0040C8CF31488DF
:1078200062B64FF080510160FEE7D4D4D4D4D4D4F2
:107830001B48016800292DD0EFF3098323E9F00FDD
:107840001EF0100F01D123ED108A43F804ED8B6078
:10785000144C236813B18B6100232360124E3668E9
:10786000D6B106607068401C7060B0692060F16835
:1078700001F1280181F30B88B36853F804EB1EF083
:10788000100F01D1B3EC108AB3E8F00F83F309882D
:107890007047FEE7034CE1E7FFF79AFF0646E1E792
:1078A000B41F0622F0200622B81F0622D4D4D4D456
:1078B00000F01AB8D4D4D4D4B0B502690C4622F082
:1078C00007056FF0020145F8441D8560281D34212D
:1078D00007F0CFFB4FF0FF304FF08071C5E90E0489
:1078E0002964B0BDD4D4D4D442F2E000C2F2062060
:1078F00001680131016042F2F000C2F20620016825
:1079000041B10139016005D142F2E4000121C2F226
:107910000620016080B542F2D400C2F20620016860
:107920000A6882B142F2E8000121C2F20620016039
:10793000FCF77EFE42F2E400C2F20620006808B3C3
:10794000FCF712FE1EE042F2D8020431C2F2062217
:1079500001601268914205D142F2D001C2F20621C3
:107960000968016042F2E800C2F20620016842F2B2
:10797000E400C2F20620006850EA010202D00029A9
:10798000D6D1DCE741F6B870C2F206200068A8B193
:1079900041F6B471C2F20621096881420ED042F26A
:1079A0004800C2F206200068002818BF80BD4EF6CD
:1079B00004504FF08051CEF20000016080BDD4D45D
:1079C0002DE9F04F84B0877CA7F10F0313F1050F69
:1079D00005D20A20C0F2020004B0BDE8F08F0B7897
:1079E0000292037002464B7801974370B2ED051F77
:1079F0000092A7F1010E8B7844F63C7A837000F177
:107A00003005CB78C0F2012AC3700B7903714B7932
:107A100043718B798371CB79C3710B7A03724B7A83
:107A200043728B7A8372CB7AC3720B7B03734B7B6B
:107A300043738B7B8373C97BC17390ED003F02FF5F
:107A4000500180ED001FD0E90242D0E900B303905D
:107A50001E46C3F307235FFA8BFCC4F30747D946DE
:107A60005AF823B0110E5AF82C305AF8277083EACE
:107A70003B635AF8211055F80CBC83EA3743C4F332
:107A8000072783EA3121F3B2C2F3074894464FEA4D
:107A900019628BEA010B5AF827105AF823305AF86A
:107AA00028705AF8222083EA316155F8083C81EAAF
:107AB0003741C9F3074081EA3221CCF30722E7B20C
:107AC0004FEA16684B405AF822105AF827205AF805
:107AD000200082EA31615AF82820C9F3072981EA97
:107AE000304055F8041CC6F3074680EA32205FFA9E
:107AF0008CF2270E80EA01045AF829005AF8221065
:107B00005AF8262081EA30605AF8271080EA32407D
:107B100055F8102B80EA312042400FF067C8039DD2
:107B200045F23C37C3F30721C0F20127C5E900B392
:107B30005FFA8BF0AC60C4F3074C17F801E04FEA32
:107B40001269DDE900619246385C17F80C8006EB9B
:107B5000011C090117F8099040EA0E20C4F307221E
:107B600040EA084056F80180D9B2CAF30746BA5C29
:107B700040EA096E4FEA1B60795CBE5D385C1B0E03
:107B800041EA0222E1B242EA0642CAF30726CBF3F7
:107B9000074442EA0060DCF80420BE5D795C3C5D8D
:107BA00088EA0E0880EA020EFA5C41EA06236E7843
:107BB00043EA04435FFA8AF143EA0262AB79EC7A62
:107BC000DCF80800BE5D795CFB5C50403A5DDCF897
:107BD0000C7041EA0624029944EA0343C5E9008E89
:107BE00043EA02627A40C5E9020281F800806878BF
:107BF0004870A8788870E878C87028790871687922
:107C00004871A8798871E879C871287A0872687A09
:107C10004872A87A8872E87AC872287B0873687BF1
:107C20004873A87B8873E87BC873002004B0BDE864
:107C3000F08FD4D4D4D4D4D42DE9F04F81B02DED2D
:107C40000C8B8CB0C37C90460BB1877C5EE0024607
:107C500003464FF6FE674FF0010CB2ED051FCFF65D
:107C6000FF77A3ED451FDF5D022F44D36FF00706BA
:107C700045F23C4406EB8705BE0087FF5F000CEB36
:107C8000950E00F59275C0F2012400BF00BF00BF41
:107C900015ED403FB8FF524004EF504194FC456F52
:107CA000B0FF528008EF5081A8FF564094FC49AFC6
:107CB000A8EF566526EF5441A8FF526094FC47CFC9
:107CC000B0FF5A8002EF5021B0EF5AA52AEF588139
:107CD000B8FF5C60B8EF5CA52AEF566194FC43AF37
:107CE00004FF5A2102FF582102FF5621A5EC043F50
:107CF0000FF033C000E0042602EB860280F813C0C8
:107D000003EB860392ED001F83ED001F0A780270DB
:107D10004A7842708A788270CA78C2700A79027191
:107D20004A7942718A798271CA79C2710A7A027279
:107D30004A7A42728A7A8272CA7AC2720A7B027361
:107D40004A7B42738A7B8273A7F10F0212F1050FFF
:107D5000C97BC17303D20A20C0F2020026E100EB06
:107D6000071190ED003FCDF80480A7F1010E91EDD1
:107D7000051F01F5887102FF500180ED001F837A15
:107D80004278049303790993837B0393C37A07931F
:107D9000037A0A93C37B059282780893037B069249
:107DA0000B930778C27890F80DB0C57990F80580EC
:107DB00090F8099090F806A045F63C030290C0F2B6
:107DC000012300BF00BF00BF53F82760049F53F892
:107DD0002B009346099A53F8274086EA306053F8FF
:107DE000256080EA344051F80C4C80EA362053F884
:107DF0002260039A4440059853F82250079A53F89A
:107E0000200053F822700A9A86EA306051F8086C14
:107E100080EA354080EA372053F82270069A4640BF
:107E200053F82800C6F3072853F82250089A87EA27
:107E3000306051F8047C80EA354053F82A5053F8FA
:107E40002220C6F3074A80EA32200B9A80EA070C08
:107E500053F8290053F82B70CCF3072953F822204C
:107E600082EA306051F8102980EA3540CCF30745AA
:107E700080EA372004955040029AC0F3072B350E54
:107E800082E85010D060E2B2F7B20997C4F3072736
:107E90000597C0F3074703974FEA1C6707975FFAF8
:107EA0008CF70A97C4F307470697070E0897C7B2DF
:107EB0000B971746220E0FF079C8010A4FEA1C42B1
:107EC000CBB245F63C41C0F20121D2B2000CCB5CF2
:107ED000CF5D8A5CC0B247EA03234F5D43EA0242AA
:107EE000230ADBB2099D42EA076E029FCB5C4D5D1F
:107EF000D7F81421085C8EEA020845EA0322079BA2
:107F000042EA0040320ACB5C250CD2B2360CF6B203
:107F100040EA0360EBB2D7F818518C5C0A9ACB5C4C
:107F200080EA050E08988A5C8E5D0D5C0B9842EA2B
:107F300004224FEA1C2442EA0342E3B242EA056209
:107F4000FD78CB5C085CD7F81C41495DC7E9008E21
:107F500040EA0320D7F8203140EA064040EA0160B9
:107F6000019962405840C7E9022081F80080787882
:107F70004870B8788870F878C8703879087178795E
:107F80004871B8798871F879C871387A0872787A46
:107F90004872B87A8872F87AC872387B0873787B2E
:107FA0004873B87B8873F87BC87300200CB0BDECB5
:107FB0000C8B01B0BDE8F08F2DE9F04F844690B2F4
:107FC00097000CF11404ACF810201BD0ACEB0103AB
:107FD00014330F2B0BD847F001E0234600BF00BF3E
:107FE00011F8015B03F8015B0FF007C00AE02346BC
:107FF00007F001E000BF00BFB1EC101EA3EC101EA3
:108000001FF007C00E21062A08BF0C21042A4FF0DA
:10801000060208BF0A21062852EA129904EB8002E0
:108020008CF81210042845F63C5808BF4FF0090997
:1080300052F8041CCE46C0F2012845F23C3BC0F287
:10804000012BC246074644E004EB870252E907359C
:10805000594044F82610FE1C0437331A69409160D9
:1080600054F82320514044F82610C1F30722CBB224
:10807000C1F30745090E1BF802201BF803301BF85B
:1080800005501BF8011043EA022242EA054242EA87
:1080900001613A1A023654F82220514044F8271060
:1080A000321A731CB51C54F822202F1A51401A1A88
:1080B00044F8261054F82220514044F8231054F874
:1080C0002720F71C514044F82510BEF1010E00D1C5
:1080D0002FE04FEA31265FFA91F1C6F30723C6F38A
:1080E00007451BF80110360E1BF803301BF805502E
:1080F0003A1A082841EA03211BF806301AF8016BE6
:1081000041EA054154F8222041EA036182EA06026D
:1081100007F1010681EA020144F8271094D00628ED
:10812000BED1321A023754F82220514044F82610AA
:10813000AFE74FEA31225FFA91F1C2F30723C2F3AE
:1081400007451BF80110120E1BF803301BF80550F1
:108150001BF8022041EA032118F8093041EA0541E1
:108160003D1A41EA026154F82520351D5A402B1A68
:10817000514044F8271054F82320731DB71D514077
:108180001A1A44F82510381A54F82220514044F89D
:10819000231054F82000484044F827000020002114
:1081A0008CF81310BDE8F08FF0B581B0079B072461
:1081B000B3F5187FC0F2020421D300B300291CBF1D
:1081C000069E002E1BD016F0030018D11546802AFB
:1081D00004D0B5F5807F18BFC02D13D140F24410F4
:1081E0000F46C2F2062000214C220024036806F547
:1081F000057098476A0930463946FFF7DDFE20468C
:1082000001B0F0BD4FF00214F9E7D4D4D4D4D4D4E3
:1082100000207047D4D4D4D42DE9F047DDF838E0FD
:1082200040F2070CBEF1000FC0F2020C65D00F9EA9
:10823000B6F5187F61D3002A5FD01EF003015CD130
:1082400014680C9D0B9F0C2CDDE9099A09D1CDE92E
:108250000EE6CDE90B75CDE9099ABDE8F04700F0CF
:1082600053B8A4F10E01DDF8348003290AD80F9623
:10827000CDE90D8ECDE90B75CDE9099ABDE8F04742
:1082800000F0CEB8A4F1120102290AD80F96CDE968
:108290000D8ECDE90B75CDE9099ABDE8F04700F0E8
:1082A0000FBA0521DDF82080C0F201018C420CD00C
:1082B0000D2C25D108A9CDE90EE6CDE90B7581E895
:1082C0000007BDE8F04700F03BBBB3B147F6C11172
:1082D00047F6B97210200E900C200D9000200C90E3
:1082E000CDE90A5AC0F20021C0F200227046CDE961
:1082F0000889BDE8F047FFF78BB96046BDE8F08715
:10830000ACF10300BDE8F0872DE9F04704230F9995
:10831000C0F20203B1F5187F014603F1030004D354
:10832000002A1CBF0E9C002C01D1BDE8F08714F080
:108330000307FAD14D1E222D21D8DDE90B1ADDE904
:1083400009960020DFE805F036501B1B1B1B1B1B8A
:108350001B1B1B1B1B1B1B1B1B1B1B1B1B1B1B1B6D
:108360001B1B1B1B1B13131E2A121200DDE7128995
:1083700004F50570D208BDE8F04700F059BD184675
:10838000BDE8F08747F6C11204F5057110200A9088
:10839000C0F20022CDE908A6204620E047F6394287
:1083A00004F5057110200A90C0F20022CDE908A65C
:1083B00020462DE0108904F50578C208404600F0FB
:1083C00037FD002818BFBDE8F08747F6C11210201E
:1083D0000A90C0F2002220464146CDE908A64B464D
:1083E000BDE8F04700F01CBB108904F50578C20811
:1083F000404600F01DFD00287FF497AF47F6394254
:1084000010200A90C0F2002220464146CDE908A67D
:108410004B46BDE8F04700F0FBBBD4D4D4D4D4D451
:108420002DE9F04F87B017990727B1F5187FC0F2F3
:10843000020704D3002A1CBF169C002C03D1384627
:1084400007B0BDE8F08F014614F00300F7D11068C3
:10845000123810F1040FA7F1030002D207B0BDE8F3
:10846000F08F01392229F9D8DDF85490DDE9135C49
:10847000DDE91138DFE811F07200870023002300E6
:1084800023002300230023002300230049002300AE
:1084900023002300230023002300230023002300C4
:1084A00023002300230023002300230023002300B4
:1084B0002300240024003E004F006300DF00CDE7CE
:1084C000002D3846CAD050891022149247F6C112A6
:1084D00004F50571C0F3C7001295CDF84490C0F2C1
:1084E0000022CDF840801390204607B0BDE8F04F41
:1084F00000F0AEBC47F6C11504F505721020CDE9B9
:108500001280C0F2002520200FE00020C4E98E3840
:1085100007B0BDE8F08F47F6C11504F505721020CD
:10852000CDE91280C0F200252120CDF844C010937F
:1085300021462B4607B0BDE8F04F00F02DBD47F6B1
:10854000C11204F50571C0F20022102010902046DF
:10855000634607B0BDE8F04F00F09ABE002D3FF42F
:108560006EAFD4F83C1229B1D4F83802002838464E
:108570003FF474AF508908EBD002914569D2781E60
:1085800007B0BDE8F08F002D3FF459AFD4F83CA2FE
:10859000BAF1000F05D0D4F83802002838463FF46D
:1085A0005DAF5189781EB8EBD10FFFF457AFCF08FC
:1085B000A8EB070EF145FFF451AF059204F50579DC
:1085C00047F6C1120693D4F838324FF0100BF8B2C8
:1085D000C0F20022CDE9030B204649466646CDE9AC
:1085E00000AE029500F034FC00287FF437AF059808
:1085F00047F6C113C0F200234A464089A8EBD001D8
:108600000698CDE900062120CDE9021B214600F0A5
:10861000C3FC00287FF422AF059847F6C112C0F2D0
:108620000022418906984044A0EBD103102010900D
:108630002046494608E047F6C11204F50571C0F22C
:10864000002210201090204607B0BDE8F04F00F047
:108650004FBE04F50577C00847F6C1121E46D4F890
:1086600038324FF0100AC0B2CDE90018C0F2002233
:108670003946CDE9030A2046E146029500F0E8FBC1
:1086800000287FF4EBAE47F6C1132020C0F2002390
:1086900021463A46CDE90069CDE9028A00F07CFC2A
:1086A00000287FF4DBAE47F6C11209EB0803C0F2E5
:1086B000002210201090204639464AE7D4D4D4D462
:1086C0002DE9F04F83B013990725B1F5187FC0F25B
:1086D0000205C0F00F81002A00F00C8103461298B9
:1086E000002800F0078110F0030140F003811168B9
:1086F000153911F1030FA5F10301C0F0FC805F1ED5
:10870000222F00F2F8800DF1340EDDE910949EE87E
:108710000848DFE817F07000B400F000F000F00047
:10872000F000F000F000F000F0004800F000F00071
:10873000F000F000F000F000F000F000F000F000B9
:10874000F000F000F000F000F000F000F000F000A9
:108750002300230039004C005B00F400BEF1000F41
:10876000294600F0C88010220E9247F6C11200F58B
:108770000571C0F20022CDF834E0CDF830B003B07E
:10878000BDE8F04F03F02CB810220E9247F6C1124C
:1087900000F50571C0F20022CDE90C9B03B0BDE8E5
:1087A000F04F03F0F9B80021C0E9963BA3E0102296
:1087B0000E9247F6C11200F50571C0F20022CDE914
:1087C0000C9B03B0BDE8F04F03F026BA5389B4EB1D
:1087D000D30FC0F0988010220D9247F6C11200F519
:1087E0000571C0F20022DB080C934B4603B0BDE8D4
:1087F000F04F03F0C1B9BEF1000F7BD0D0F85CC2DE
:10880000BCF1000F04D0D0F858120029294672D0CC
:10881000B2F80AA00BEBDA018C4274D300F50575AF
:1088200047F6C1129846D0F85832C0F200222946C5
:108830001024CDF800C0CDE901E4064602F0D0FFD7
:10884000002855D147F6C1123046C0F20022294611
:108850004346CDF80090CDE901B403F09DF800281F
:1088600046D147F6C11209EB0B0310200D90C0F260
:1088700000224FEADA000C9030462946B6E7BEF1F6
:10888000000F37D0D0F85CC2BCF1000F04D0D0F894
:108890005812002929462ED05289691EBBEBD20FEF
:1088A00029D3D508ABEB0507BC4224D300F50574EA
:1088B00047F6C1129846D0F85832C0F2002221463D
:1088C0004FF0100ACDF800C0CDE901EA064602F0EB
:1088D00087FF68B947F6C1123046C0F20022214630
:1088E0004346CDF80090CDE9017A03F095F9D8B16F
:1088F000014600E02946084603B0BDE8F08F5789DD
:10890000BBEBD70F01D2691EF5E710220D9247F697
:10891000C11200F50571C0F20022FF080C9703B0E8
:10892000BDE8F04F03F0A4B947F6C11208EB070306
:108930001020C0F20022CDE90C5030462146EEE76F
:108940002DE9F04782B004251199C0F20205B1F576
:10895000187F014605F1030004D3002A1CBF109CB8
:10896000002C02D102B0BDE8F08714F00302F9D167
:108970004A1E222A00F24D80DDE90D1ADDE90B972F
:108980000020DFE802F013134646464646464646B8
:108990004646464646464646464646464646464677
:1089A0004646463C3C2B2B121200DBE70A9804F5A6
:1089B0000578082203EBD00304200090404600F025
:1089C0004BFE0028CED147F6C11210200C90C0F209
:1089D000002220464146CDE90AA70AE047F6C11227
:1089E00004F5057110200C90C0F20022CDE90AA711
:1089F00020464B4602B0BDE8F04700F041BD04F50B
:108A0000057008220A974B4602B0BDE8F04700F017
:108A100023BE284602B0BDE8F087D4D4D4D4D4D441
:108A20002DE9F04F81B02DED108BA0B0DDF8F0B046
:108A3000CDE90D020720BBF1000FC0F2020000F0EB
:108A4000B180BBF1100F00F2B980DDF8EC90B9FBFA
:108A5000FBF202FB1B92002A40F0B080B9F1000F3C
:108A60008846019100F0A08059A065A13A9AAEEE27
:108A700010BB4FF0000A18AD90ED005F58A014AC89
:108A800080EF508E1CAED71A90ED007F58A0039750
:108A900087FF5FCE90ED001F0BF10F0000F030005C
:108AA000029001988DED101F91ED00BF11468DEDE4
:108AB000085F8DED047F11E00D98414642465B460C
:108AC0000E9FB847DA440F9B9DED047FCA4508EB23
:108AD0000B015B4440469DED085F65D2039A8846D2
:108AE000102A0F9350D33A995144091A10294BD3A5
:108AF00000211A464346029F24FE610F103F2FFEBD
:108B0000810F3DFE090F8DED040F26FE610F2FFE34
:108B1000810F3DFE090F8DED000F9DED101F20FE12
:108B2000610F2FFE810F3DFE090F8CED040F2AFE11
:108B3000610F01F110012FFE810F3DFE090F8CED39
:108B4000000F95ED001F11FECF0F3DFE090F86EDC2
:108B5000880E94ED001F11FECF0F3DFE090F86ED2C
:108B6000800E96ED001F01FECF8FB2EC101EB0EC10
:108B7000103E02FF500171FE4D0FA3EC101EBBD141
:108B80009AE700BF00BF00BF4BF001E01946424624
:108B900011F8013B10F8017B7B4002F8013B0FF01C
:108BA00009C889E7033009E040F248104146C2F2A3
:108BB00006205A46036801989847002020B0BDEC73
:108BC000108B01B0BDE8F08F00BF00BF00BF00BF39
:108BD0000C0000000D0000000E0000000F0000005F
:108BE00008000000090000000A0000000B0000005F
:108BF000040000000500000006000000070000005F
:108C0000000000000100000002000000030000005E
:108C10002DE9F04F81B02DED108BA4B00DF1300C8B
:108C2000DDF80081B8F1000F8CE80D0040F207007C
:108C3000C0F2020000F0D180B8F1100F00F2D08035
:108C40003F9A8A46B2FBF8F101FB1821002940F057
:108C5000C780002A00F0C38065A03E9A0AEB080195
:108C60000B9190ED001F66A008F10F018DED061F1E
:108C700040F248164FF0000990ED001F64A0C2F2C8
:108C800006268DED021F18AF14AC90ED001F02EB0D
:108C900008000A9001F03000019061A0ACEE108B4A
:108CA00020A91CAD80EF508E0F9290ED00BF87FF82
:108CB0005FEE8DED101F13E040F248160DF1800BB2
:108CC000C2F20626504659464246336898473F98B6
:108CD000C144594681450F9840440F9080F07F80F1
:108CE00033680E9800EB090B0846594642469847F0
:108CF0003E984346D04600EB090A0C985946524626
:108D00000D9E9B46B0470B988245C24614D20A98E6
:108D10004844824510D24BF001E0D8460F985146A6
:108D2000027811F8013B5A4000F8012B0FF009C0FE
:108D3000C2E700BF00BF00BF00200F995246019B51
:108D4000D8469DED065F9DED027F00BF00BF00BFCE
:108D500024FE600F103B2DFE810F3FFE090F8FEDAB
:108D6000040F26FE600F2DFE810F3FFE090F8FEDD1
:108D7000000F9DED101F20FE600F2DFE810F3FFEA6
:108D8000090F8CED040F2AFE600F00F110002DFE7C
:108D9000810F3FFE090F8CED000F97ED001F11FEB4
:108DA000CF0F3FFE090F85ED880E94ED001F11FED9
:108DB000CF0F3FFE090F85ED800E95ED001F01FEE0
:108DC000CF8F91ED001EB2EC103E02FF500171FEFC
:108DD0004D0FA1EC101EBBD16EE7033000E0002068
:108DE00024B0BDEC108B01B0BDE8F08F00BF00BF18
:108DF0000C0000000D0000000E0000000F0000003D
:108E000008000000090000000A0000000B0000003C
:108E1000040000000500000006000000070000003C
:108E2000000000000100000002000000030000003C
:108E3000102A03D90720C0F20200704780B540F223
:108E40004813C2F206231B689847002080BDD4D483
:108E50002DE9F04F89B0169F102F40F20707C0F29E
:108E6000020740F09480149D834615F8018BA8F109
:108E70000E00C0B2F928C0F08A8091460C46DDF899
:108E800054A0081DA1F800A040F2441140F248127D
:108E9000BAF1000FC2F20621C2F2062268D0049392
:108EA00005A80B680F460021102204F1140698470C
:108EB0003B680021102230469847F820C8F10E0286
:108EC00000EA8A0012990838002918BF40F04000D3
:108ED00010438DF8140040F248100392C2F20620AD
:108EE00005AE294642460368701C9847139804F162
:108EF00014034946324600BA000CADF82200102097
:108F0000CDE90003584600F0FBF8129F0E2F38BA47
:108F10004FEA1040ADF8140040F24810C2F20620AB
:108F200028BF0E2782460368B01C04993A4698472A
:108F3000B81C04F11407CDE90007584649463246EB
:108F40003B4600F0DDF812980F280AD304990E383A
:108F500001F10E02CDE90007584649463B4600F0B4
:108F6000CFF840F24411201DC2F20621039E02E018
:108F70009246C8F10E060B68002110220027984780
:108F80002671601DDAF80030294642469847384677
:108F900009B0BDE8F08FD4D42DE9F04F8FB01B9FFE
:108FA000CDE90713102F40F0908014462028DDF8FB
:108FB0006890DDF860C003900CD1208850B104F1B6
:108FC0001403DDE907016246CDE90093654600F030
:108FD00097F8AC46B9F1000F00F07D80DDF86480B1
:108FE0004FF0000A0BAA4FF0000B0025201D059042
:108FF000A8EB0C00049006940EE000BF00BF00BF79
:1090000010350BF1010BAAF1100A4D4508F11008BB
:109010000CF1100C069C5ED2A94559EA8580E77CCC
:109020000F2300EB0A01A0EB0B160F2951EA338145
:109030000991781CE074102307980599089CCDF8D5
:1090400028C01746A047082E4FF0000024D30499EB
:109050003A460829DDF828C021D30F2E4FF00F0023
:1090600056EA308066461446013010F0070108BF0A
:109070000821099B401A5B1A591C434600BF00BFD8
:10908000B4FC880E0839B6FC882E02FF5001A3EC10
:10909000880EF5D103E000BF3A46DDF828C0C0F1E4
:1090A000100E0CEB000108EB00074319104400BF41
:1090B0004B45A5D210F8016B11F8014B0133664006
:1090C00007F8016B0FF00DC09AE70720C0F202000D
:1090D0000FB0BDE8F08F039821280AD1208840B155
:1090E00004F11403DDE90701199ACDE9009300F0BA
:1090F00007F800200FB0BDE8F08FD4D4D4D4D4D476
:109100002DE9F04F87B0814640F24810C2F20620A8
:109110001C46154688461199036802A81022109E25
:109120009847002E00F0A5804FF0000A3746C6F1A0
:10913000100001904CE000BF40F248102946C2F2F6
:1091400006203A4603682046984740F24410C2F28F
:10915000062003680199E01901EB0A0200219847F3
:1091600002AA207B94F80DE094F80EC094FD800EC6
:1091700031469DF814309DF815609DF816B092FDAB
:10918000802E5840207302FF500186EA0E000E46E2
:1091900094FD082F60738BEA0C0084ED800E92FD25
:1091A000080FA07304F10F0000FF520184ED080FB7
:1091B00000789DF8171010234840E0734846214678
:1091C000C0470AF1100A1035B245A7F1100750D276
:1091D0000F2FB1D928789DF8081002AA48402070B6
:1091E00068789DF8091048406070A8789DF80A10CA
:1091F0004840A070E8789DF80B104840E07028794E
:109200009DF80C104840207168799DF80D10484079
:109210006071A8799DF80E104840A071E8799DF81A
:109220000F104840E071287A9DF8101048402072D5
:10923000687A9DF8111048406072A87A9DF8121063
:109240004840A072E87A9DF813104840E072287BED
:109250009DF8141048402073687B9DF81510484015
:109260006073A87B9DF816104840A07305F10F00AD
:109270009EE740F2481002A9C2F2062010220368BD
:109280002046984707B0BDE8F08FD4D4D4D4D4D4C6
:109290002DE9F0470D4635F8047B1FB3814640F2B7
:1092A0004810C2F206201E460C4690460368143150
:1092B00030463A46DDF820A098470020E074484642
:1092C00029462A465346C047208858B1002000BF8F
:1092D00015F8011B32780130514006F8011B218836
:1092E0008842F5D30020BDE8F087D4D4D4D4D4D4B8
:1092F0002DE9F0472DED108B94B02C9F4FF6F078B0
:10930000102FC0F2010840F08F800F88002F00F06E
:109310008E8040F2481701F1040CC2F206270DF1CD
:109320004009924610223C68054648460E46614672
:109330001F46A04700208DF84F00102328464946BD
:109340004A46D04732883046002A64D03CA339468A
:1093500043A7012693ED001F3DA310AD8DED001F27
:1093600008AC93ED003F02F10F0303EA0803A4EEFB
:10937000102B103B97ED007F06EB131E3CA780EFF0
:10938000508E00230CAE97ED00BF04AF87FF5FCE79
:109390009DED001F20FE63EF25FE8F0F3DFE09EFC0
:1093A0008CED04EF22FE63EF25FE8F0F3DFE09EFEB
:1093B0008CED00EF26FE63EF25FE8F0F3DFE09EFDB
:1093C0008FED04EF2AFE63EF103325FE8F0F3DFE75
:1093D00009EF8FED00EF94ED00FF1FFECF0F3DFE74
:1093E00009EF86ED88EE97ED00FF1FFECF0F3DFEE3
:1093F00009EF86ED80EE96ED00FF0FFECF8F95ED25
:1094000000FEB1EC101E00FF5E0171FE4D0FA5ECD9
:10941000101E0FF043C800F1140110A808F050FA14
:1094200028B108F1130003E008F1170000E0002064
:1094300014B0BDEC108BBDE8F08700BF00BF00BFCB
:109440000C0000000D0000000E0000000F000000E6
:1094500008000000090000000A0000000B000000E6
:1094600004000000050000000600000007000000E6
:1094700000000000010000000200000003000000E6
:109480002DE9F04F85B0109F102F0FD1DDF83CB0C3
:1094900015460E460746BBF1100F0E990CD24FF041
:1094A00000085C46C34540F0B780D1E00720C0F219
:1094B000020005B0BDE8F08F03F1070A01F10708CB
:1094C0004FF010095C46009310233846314601AA3C
:1094D000A8471AF8070C9DF80410D945A4F1100408
:1094E00080EA010008F8070C1AF8060C9DF8051030
:1094F00080EA010008F8060C1AF8050C9DF8061021
:1095000080EA010008F8050C1AF8040C9DF8071011
:1095100080EA010008F8040C1AF8030C9DF8081002
:1095200080EA010008F8030C1AF8020C9DF80910F3
:1095300080EA010008F8020C1AF8010C9DF80A10E4
:1095400080EA010008F8010C9AF800009DF80B1061
:1095500080EA010088F800009AF801009DF80C10DC
:1095600080EA010088F801009AF802009DF80D10C9
:1095700080EA010088F802009AF803009DF80E10B6
:1095800080EA010088F803009AF804009DF80F10A3
:1095900080EA010088F804009AF805009DF8101090
:1095A00080EA010088F805009AF806009DF811107D
:1095B00080EA010088F806009AF807009DF812106A
:1095C00080EA010088F807009AF808009DF8131057
:1095D00080EA010088F80800F07BB17B727B337B66
:1095E00000F10100F07301EB1021B17302EB1122C5
:1095F000727303EB1220307309F1100007D20F2CA5
:109600000AF1100A08F1100881463FF65DAFA0F19B
:109610001008009BC3451BD00DF104099A46102386
:10962000384631464A46A8470AEB080099ED003E05
:109630004946224690ED001E40F24810C2F2062034
:1096400002FF500189ED001E03680E9840449847C0
:10965000002005B0BDE8F08F2DE9F0410725082A6C
:10966000C0F2020520D1069A042A1DD140F244120C
:109670001C46C2F206220E46002100251368102265
:109680000746984740F248180120C2F20628F873AE
:10969000381D0822D8F8003031469847D8F80030F5
:1096A00004223846214698472846BDE8F081D4D4A4
:1096B0002DE9F04F8FB00C460968984616460546CE
:1096C00011B104F1240005E0201DFBF7C9FEE8B14B
:1096D00004F11400FBF7C4FEC0B140F24815D6E90E
:1096E0000112C2F206253069A26020612B68606811
:1096F00092009847D6E90512A261306A20622B6871
:10970000606992000FB0BDE8F04F1847306810B1A3
:1097100006F1240005E0301DFBF7A2FE38B106F18A
:109720001400FBF79DFE10B10FB0BDE8F08F05F1FE
:1097300010000190E0680321271D002201EB40008A
:10974000CDF82C8020F00300CDE90D0208EB0001DC
:109750000C9201EB0009CDE9071209EB000A311D5B
:10976000CDE909020291CDE905023846CDE903921F
:10977000FCF796FA40B906F1140104F11400FCF765
:109780008FFA002800F0CC8040F24819D6E9011089
:10979000C2F2062932690C900E92D9F8003082008C
:1097A000404698470BA83946BB46FBF791FF012876
:1097B00005F1100803D10BA84146FBF7C9FF0BAF19
:1097C000594638463A46FCF713F807AA3846414648
:1097D0005346FCF7D1FED6E905120C92306A0E9082
:1097E000D9F800300B989200984704F114093846D4
:1097F0004946FBF76DFF012803D10BA84146FBF753
:10980000A7FF0BAE494630463246FBF7F1FF07A9EA
:1098100003AA3046FCF7D8FA03AED5F8A4302846A0
:109820003146524698470BAF30463946FCF75CFB51
:10983000D5F8A43028463946524698473846594606
:10984000FBF746FF012803D10BA84146FBF780FF39
:109850000BAE594630463246FBF7CAFF029F3046F0
:109860003946FBF735FF012803D10BA84146FBF72A
:109870006FFF0BAE394630463246FBF7B9FF40F278
:109880004818D4E90112C2F20628206908920A9009
:10989000D8F800300798920098470C9A0E98A2606A
:1098A00020610B99D8F8003060689200984707A8AB
:1098B0003146FBF70DFF012804D107A805F110017F
:1098C000FBF746FF0BAE07AF384631463A46FBF78B
:1098D0008FFF03A938463246FCF776FAD5F8A43054
:1098E000284631465246984730464946FBF7F0FE37
:1098F000012803D10BA80199FBF72AFF0BA84946C1
:109900000246FBF775FF0C9A0E98A26120620B9934
:10991000D8F800306069920098470FB0BDE8F08F2A
:10992000226A069240F24812D4E90510C2F20622D9
:109930000490136882004846984703AE01213046E0
:10994000FCF746F9D5F8A4302846314652469847E8
:1099500005F110080BAA304641465346FCF70CFEB1
:1099600038463146BB46FCF7BFFAD5F8A430284646
:1099700031465246984707AF032130463A46FCF736
:1099800087FAD5F8A43028463946524698470898B1
:10999000012803D007980068022803D807A8414689
:1099A000FBF7D6FE07AE03213046FCF7D9F80BA92A
:1099B00003AA3046FCF708FA04F114092CE7D4D4C2
:1099C0002DE9F04F8FB08146D069033040F248183E
:1099D00020F003064FEA900A02A8C2F2062801917D
:1099E000039302F1140BD2E90115126905969C1933
:1099F00000F114070794099600200290049506923E
:109A0000D8F80060AA001846B0474D4655F8101F18
:109A10006868EA6808900A92D8F800308200204608
:109A2000984738465946FBF753FE012803D138467C
:109A30002946FBF78DFE384659463A4604EB8A0420
:109A4000FBF7D6FE02AA484601992346FFF730FEEF
:109A50000FB0BDE8F08FD4D42DE9F04F9DB005468E
:109A6000D0F89400984692460E46269B58B105F1D0
:109A70004000B04207D12846514642461DB0BDE8DD
:109A8000F04F00F07DBEF0681193033040F24819AA
:109A900020F0030203AF1344C2F20629981819906C
:109AA0001044002184181291CDE913214FF0010CCC
:109AB0001B92CDF840C0CDE9153107F1140B04908D
:109AC0000692CDE91721A71808940A9201970391ED
:109AD00099501C91CDF868C0D6E9011233690592FE
:109AE00007939200D9F8003098472F4657F8101F77
:109AF0007868FA6809900B92D9F800308200204605
:109B0000984706F1140458462146FBF7E1FD012869
:109B100003D158463946FBF71BFE584621465A46A4
:109B2000FBF766FE019C02AA5046214600F08CFD20
:109B300002986FF001011E23CDF8008004EB800431
:109B4000A2465AF8042D00BF22FA03F70231BF07DC
:109B500004D11D29A3F10203F6D3202180B310AF55
:109B600008E000BF00BF00BF0198AAF1040A00216D
:109B7000824525D31E29F7D8DAF80080A1F1020921
:109B8000C1F11E0B0CE000BF28463946234600F009
:109B90006FFA09F10209ABF1020BB9F11D0FE3D223
:109BA00028463946224600F0EFFB28FA0BF03246F1
:109BB00000F003000128E7D00328EAD103AAE3E775
:109BC00010A92846224600F0C3F9009C40F248152F
:109BD000C2F20625129A1498A260206111992B688E
:109BE000606892009847169A1898A26120621599A9
:109BF0002B686069920098471DB0BDE8F08FD4D4FF
:109C00002DE9F04786B00C4600F1100500210191C6
:109C1000204629461746FCF743F8012800F05181F9
:109C200040B920680021E16001600120606006B059
:109C3000BDE8F08707F12701242021F003060490F6
:109C400001AB4022204631460297FCF7D9FB019A2E
:109C50003F2A0FD8C2F14008314606EB080005F054
:109C600083FA40F244100021C2F206204246036803
:109C70003046984706F1200120222046FCF71CFBC5
:109C80003068D6F80CC00DF1080A4FF0000800BA91
:109C9000C7E90088C10F400001F108020392D6E92C
:109CA00001233962CDF8148012BA40EAD27E520004
:109CB0001BBA306942EAD3795B009CFA8CF2C7E99F
:109CC000069E43EAD271520000BA42EAD0724000C6
:109CD000C7E902802046C7E904215146FBF7D0FBC3
:109CE0004FF00809CDF80C9031680298726809BAF3
:109CF000C0F82080CB0FC36112BA4900B36841EAB3
:109D0000D2718161F1681BBA520042EAD37242619A
:109D100009BA5A0042EAD17202614900C0E90281DF
:109D20005146CDF81480C0E900882046FBF7A8FB17
:109D3000D6E90001CDF80C90029ACDF81480D6E94E
:109D4000053700BAD06108BAC2E9058018BA906038
:109D5000F06939BA516000BA106020465146C2E934
:109D60000388FBF78DFBF0690299D6E90023CDF853
:109D70000C9000BAC861B068376912BA4A6100BA7B
:109D800088611ABAC1E9030238BA72698860B06999
:109D900012BA4A6000BA086020465146CDF81480D5
:109DA000FBF76EFB7169029AB068F36809BAD1617A
:109DB0003169F76900BA906018BA506008BA10604B
:109DC000204651463FBAC2E90587CDF80C90CDF840
:109DD0001480C2E90388FBF75BFD30690299B26920
:109DE00000BAC86110BA886196E88D00C1E904889C
:109DF00000BAC86010BA886018BA486038BA0860FB
:109E000020465146CDF80C90CDF81480FBF740FD6C
:109E1000F068029A7369316800BAD061B0697768F6
:109E20001BBA536100BA1061F069B368C2F81880B8
:109E3000CDF80C9000BAD06008BA906038BA506083
:109E400018BA106020465146CDF81480FBF720FD6B
:109E5000B168029A30687368376909BAC2E9068145
:109E60007169B66900BA09BA116131BAC2E90281F1
:109E7000506018BA1060204651463FBA5761CDF87D
:109E80000C90CDF81480FBF703FD00BF00BF00BFAE
:109E900020462946FBF71CFC012805D02046294610
:109EA0002246FBF7A5FCF3E72046FBF7D9FA30B9C9
:109EB000E06830B1284621462246FBF799FC002095
:109EC000E06006B0BDE8F08770B50B78042B13D1C5
:109ED0004D1C511E4C080646043029462246FCF70C
:109EE000EBF9002818BF70BD291906F114002246AD
:109EF000BDE87040FCF7E0B91020C0F2020070BD70
:109F0000F0B581B0C068069D0730C408B3EB440FBC
:109F100016D9042002F8010B012028600E46081D06
:109F2000174611462246FCF78FFA48B928683919B6
:109F30002044286006F114002246FCF785FA18B187
:109F40000020286001B0F0BD28682044F9E7D4D48F
:109F50002DE9F0478CB00C4609681646054611B14C
:109F600004F1240005E0201DFBF77AFA90B104F11A
:109F70001400FBF775FA68B160686269002121601E
:109F8000016021610120A06011602162A0610CB01C
:109F9000BDE8F087E06803220023089602EB400248
:109FA000033022F00302CDE90A23B71820F00300A2
:109FB000CDE906233A441618E84605F11001099345
:109FC000CDE9047304F1040900920193CDE9020381
:109FD00004F1240042463346FCF7CEFA0DF1200A84
:109FE00040465146FBF780FFD5F8A430284651463D
:109FF0003246984704AF484651463A46FBF7E4FEDE
:10A00000D5F8A430284639463246984740F24819D8
:10A01000059AC2F206290798A26020610499D9F82E
:10A020000030606892009847404651463A46FBF738
:10A03000CBFED5F8A430284639463246984704F17D
:10A04000140039465246FBF7BFFED5F8A430284627
:10A05000514632469847099A0B98A26120620899A6
:10A06000D9F800306069920098470CB0BDE8F087DD
:10A070002DE9F04F95B00C4609681E461746054677
:10A0800011B104F1240005E0201DFBF7E9F920B32C
:10A0900004F11400FBF7E4F9F8B140F24815D7E9F0
:10A0A0000112C2F206253869A26020612B6860683F
:10A0B00092009847D7E90512A261386A20622B689E
:10A0C000606992009847606A01212160A162016085
:10A0D0000020206315B0BDE8F08F386810B107F19B
:10A0E000240005E0381DFBF7BBF938B107F1140077
:10A0F000FBF7B6F910B115B0BDE8F08FE0680321A9
:10A10000002204F1240B01EB40000DF1440820F083
:10A110000300CDE91302311804F1040ACDE90D1250
:10A12000014411961292CDE909120144CDE90512BC
:10A13000014401EB0009CDE90F02CDE90B02CDE9A5
:10A140000702CDE901124146CDE903025846FBF76B
:10A15000CBFED5F8A430284641464A4698470DAE76
:10A16000381D41463246FBF72FFED5F8A43028466D
:10A1700031464A46984730465146FBF7A9FA01282E
:10A1800005F1100A03D10DA85146FBF7E1FA0DA81D
:10A19000211D0246FBF72CFB0DF1440809AE584681
:10A1A00041463246FBF710FED5F8A430284631462A
:10A1B0004A46984707F1140031464246FBF704FE31
:10A1C000D5F8A430284641464A46984704F114067B
:10A1D00040463146FBF77CFA012803D111A85146CD
:10A1E000FBF7B6FA11A831460246FBF701FB0DF169
:10A1F000340809AF584641463A46FBF7E5FDD5F825
:10A20000A430284639464A46984740F248160A9AEA
:10A21000C2F206260C98A262206309993368606A2C
:10A220009200984740463946FBF75EFED5F8A430C9
:10A23000284639464A4698470DF1140B40463946A0
:10A240005A46FBF7C1FDD5F8A430284659464A4680
:10A250009847201D39464246FBF7B6FDD5F8A43095
:10A26000284641464A4698470E9A10980A920C9002
:10A270000D99336809989200B046984701213846F5
:10A28000FBF7A6FCD5F8A430284639464A4698473D
:10A2900038465946FBF75CFA38465146FBF718FA40
:10A2A000012804D009A851460246FBF7A1FA01AEE5
:10A2B00011A83146FBF718FED5F8A43028463146E0
:10A2C0004A46984709A93046FBF702FA012803D10C
:10A2D00001A85146FBF73CFA01AE09A930463246C7
:10A2E000FBF786FA029A0498A26020610199D8F8D7
:10A2F000003060689200C34698470DA83146FBF7CE
:10A30000E7F9012803D10DA85146FBF721FA0DAF5B
:10A3100001A938463A46FBF76BFA11AE0DF1240855
:10A32000304639464246FBF74FFDD5F8A430284663
:10A3300041464A46984705A904F114003246FBF706
:10A3400043FDD5F8A430284631464A469847404652
:10A350003146FBF7BDF9012803D109A85146FBF7A7
:10A36000F7F909A811A90246FBF742FA0A9A0C98D4
:10A37000A26120620999DBF8003060699200984779
:10A3800015B0BDE8F08FD4D42DE9F04F95B00C4650
:10A3900009681646054611B104F1240005E0201DA8
:10A3A000FBF75EF838B104F11400FBF759F810B16F
:10A3B00015B0BDE8F08FE068032100220DF1240AFA
:10A3C00001EB4000119620F00300CDE91302311893
:10A3D0000790CDE90D12014401EB0009039009EB50
:10A3E000000BCDE90F020BEB00081292CDE9091228
:10A3F0005146CDF81490CDF804B0CDE90B0204F12C
:10A400001400FBF771FDD5F8A430284651464246AA
:10A41000984711AF201D51463A46FBF7D5FCD5F8B9
:10A42000A430284639464246984702213846FBF771
:10A43000CFFBD5F8A43028463946424698470DAFA1
:10A4400050463946FBF750FDD5F8A430284639462A
:10A450004246984703213846FBF7BAFBD5F8A430AB
:10A46000284639464246984704F124005146FBF7F6
:10A470003BFDD5F8A430284651464246984740F265
:10A480004817D4E90110C2F2062722690690089203
:10A490003B6882004846B9469847D4E901100290CB
:10A4A000226904923B6882005846984705A85146A5
:10A4B000FBF70EF9012805F1100A03D105A8514652
:10A4C000FBF746F909AF05A839460246FBF790F9B4
:10A4D00001AE39463046FBF73BF930465146FBF7B3
:10A4E000F7F8012804D001A851460246FBF780F98D
:10A4F00005AE01AF0DF1240B304639465A46FBF745
:10A5000063FCD5F8A43028465946424698470321B3
:10A5100058463246FBF7BCFCD5F8A43028463146F5
:10A520004246984704F1140004F124013A46FBF72F
:10A530004BFCD5F8A43028463946424698470121BD
:10A540003846FBF745FBD5F8A43028463946424645
:10A550009847029A0498A26220630199D9F80030C2
:10A56000606A9200984730465946FBF7BDFCD5F823
:10A57000A4302846594642469847129A14980292A7
:10A5800004901199D9F80030019892009847012160
:10A590003846FBF71DFBD5F8A4302846394642461D
:10A5A000984758463946FBF793F8012803D109A884
:10A5B0005146FBF7CDF809AE01A930463246FBF70C
:10A5C00017F90A9A0C98A26020610999D9F800300D
:10A5D00060689200984711A83146FBF779F8012886
:10A5E00003D111A85146FBF7B3F809AE11AF3846B5
:10A5F00031463A46FBF7FCF805A938463246FBF7E8
:10A60000E3FBD5F8A43028463146424698470DA9C9
:10A610003046FBF75DF8012803D109A85146FBF746
:10A6200097F809A80DA90246FBF7E2F80A9A0C98D8
:10A63000A26120620999D9F80030606992009847B8
:10A6400015B0BDE8F08FD4D42DE9F04F82B0D0E939
:10A6500000A00192B0F101094FF0000008600091E4
:10A6600054D01F274FF0000B00238C46394600249E
:10A6700000250DE000BF00BF54EA5F05661C45F1F0
:10A680000002032F56EA048452EA0585CB4541D0E7
:10A690005AF82B708E46E41945F100050EE000BF14
:10A6A00054EA5F05661C45F10008032F56EA04844E
:10A6B00058EA0585BEF1010E00D111E004F0030750
:10A6C00007FA03F60233202B40EA0600CCF800001C
:10A6D000E6D1002000234CF8040FE1E700BF00BFE3
:10A6E0000BF1010B5AF82B7004EB470707F0030737
:10A6F00007FA03F60233202B40EA0600CCF80000EC
:10A70000BAD1002000234CF8040FB5E7002400253F
:10A710008C4600235AF82910641845F1000509E019
:10A7200054EA5F05611C45F10002032F52EA0585DA
:10A7300051EA048454EA05010FD004F0030707FA34
:10A7400003F10233202B40EA0100CCF80000E7D1EE
:10A75000002000234CF8040FE2E700980199ACEBCD
:10A760000000002B4FEA900050EA0090086002B011
:10A77000BDE8F08FD4D4D4D4D4D4D4D4D4D4D4D4C5
:10A780002DE9F04F81B02DED108B96B0D0F894905C
:10A79000044688460192D9F80000D9F80C70784335
:10A7A0000727E16C0A930126099607EB400003276F
:10A7B00007EB4101139621F0030107EBD0005A1873
:10A7C00020F0030A00200B90CDE90C1053185050D4
:10A7D0001590CDE90E205F1812931491CDE9101059
:10A7E00040F24810C2F2062007EB0A030893D8E9AA
:10A7F00000150368AA003846984740F24410C2F298
:10A8000006200368D8F8041007EB8500AAEB810244
:10A8100000219847D9F80CA0BAF1010000F1FA80A4
:10A820008FA181EF5FA04FF0040B079481EF5FE0F1
:10A8300080EF518091ED001F04F1400106918DEDF4
:10A84000021F07E000BF00BFBAF1000FAAF101002C
:10A8500040F3E080D0468246204609A9089AFFF7D7
:10A8600093FDD9F80030002B64D0042BD9F80800F0
:10A8700006D20021524600253BE000BF00BF00BFCA
:10A8800023F0030176A60A1FA0EE10AB850096ED1B
:10A89000003F012606EB920E23EE400E01FB00A2C4
:10A8A00080EF504000BF00BFBBFF50A000EF5E61D3
:10A8B000B9FFC66397FC4BCF26FF4C6406EF586187
:10A8C00022FF466426EF544123EE4B2F21EE450F25
:10A8D0000FF017C056EC15CB8B4255EC144B46EAE3
:10A8E0000C0681EF5FA045EA0405079C45EA0605D2
:10A8F00010D0A3EB010E00BF530902F01F06024463
:10A9000057F82330F34003F001038B4001311D431E
:10A910000FF00FC075B1012D069A06D03421D9F879
:10A92000100005FB0100A0F16802204609A9089B60
:10A93000FFF79EFBD9E90201C20702D088453FF428
:10A9400083AFD9F80030002B3FF47EAF042B01EB2E
:10A950000A0202D20021002539E023F0030101257B
:10A960000E1FA0EE102B01FB002205EB960E9DEDB5
:10A97000025F850025EE400E80EF502000BF00BF33
:10A9800000EF5A61BBFF50A097FC4BCFB9FFC663E5
:10A9900081EF5FA026FF4C6480EF51C006EF5C6141
:10A9A00024FF466426EF522125EE4B4F21EE450F42
:10A9B0000FF01BC05CEC136B8B4255EC124B46EA5C
:10A9C0000C0645EA0405079C45EA060512D0A3EBF0
:10A9D000010E00BF00BF00BF530902F01F06024472
:10A9E00057F82330F34003F001038B4001311D433E
:10A9F0000FF00FC0002D3FF427AF3421D9F8140019
:10AA000005FB010009A9089BA0F134022046FFF7CD
:10AA10002FFB19E709A92046089AFFF799FA019C2C
:10AA200040F24815C2F206250B9A0D98A2602061EB
:10AA30000A992B686068920098470F9A1198A26152
:10AA400020620E992B6860699200984716B0BDECA1
:10AA5000108B01B0BDE8F08F00BF00BF00BF00BF8A
:10AA600000000000010000000200000003000000E0
:10AA70002DE9F04F89B09346C26802F147050746B9
:10AA800002F14000032202EBD5028946129922F01E
:10AA900003028E180591B4189846214600230693A8
:10AAA0000196CDE907230392FBF776FC10B109B0BC
:10AAB000BDE8F08FEA0805A82146FBF7FDFB00285A
:10AAC000F5D140F24815D7E91D10C2F20625D7F896
:10AAD0008020029004922B688200304698470DF146
:10AAE000040A01215046FBF73BF805AE51463046BB
:10AAF000FBF786FA01213046FBF70EF83046FAF7ED
:10AB0000F3FF069A0898CBF80420CBF80C000599BF
:10AB10002B68DBF8000092009847D7F8A060384611
:10AB200049465A4643460094B047002009B0BDE864
:10AB3000F08FD4D4D4D4D4D42DE9F04792B0C768E0
:10AB400001260737FD0806EBD70707EB45069642B7
:10AB50000E4640F20801C0F202012AD89846EB1CCA
:10AB600089461A9923F003030DF1180C0291194438
:10AB700000220DF1040A8CE80E000DF1380C194486
:10AB800003920992CDE904320446019211928CE8B5
:10AB90000E000B4400F140010EAA00935346FFF74C
:10ABA00067FF28B90EA831462A46FBF74DFC20B1B5
:10ABB0000146084612B0BDE8F087E068C11DB5EB5C
:10ABC000D10F0BD32E44CD0804202A4606F8010BE2
:10ABD0000AF104003146FBF737FC08B14946E8E7C3
:10ABE0000AF1140071192A46FBF72EFC0028494689
:10ABF000DFD1002107EB4500C8F80000D9E7D4D425
:10AC0000282807D1049845F60C61C0F201210160A3
:10AC1000002070470920C0F202007047D4D4D4D479
:10AC20002DE9F04F89B00646006805249B460D4685
:10AC3000C0F20204CF6F10B106F1240005E0301D10
:10AC4000FAF70EFC28B106F11400FAF709FC002807
:10AC50005ED106F1040A05F1100950464946FBF79A
:10AC60001FF8012854D106F1140849464046FBF765
:10AC700017F801284CD13069002849D1306A0028E2
:10AC800046D1032105AE01EB4701002021F003016D
:10AC90000690CDE907100BEB0102CDF814B0CDE919
:10ACA00001203246CDE9031050465146FBF78CF89F
:10ACB00030464946FBF7A4F905F120013046FAF782
:10ACC00047FD30464946FBF79BF901AF30465146F8
:10ACD0003A46FBF779F838464946FBF791F905F112
:10ACE00030013846FAF734FD38464946FBF788F913
:10ACF000404641463246FBF767F830464946FBF787
:10AD00007FF930463946FAF7CBFF002854EA108421
:10AD1000204609B0BDE8F08F2DE9F04794B01C9EA5
:10AD200001250824F768C0F20204073745EA9705B1
:10AD30001395AA423DD31746F26FD51C9846894613
:10AD40001D99466540F8042B002325F003050DF1FD
:10AD50001C0C920810925022CDE9112340F24412AB
:10AD600003912944C2F206220493CDE905530A93C4
:10AD700002938CE82A000F900D44136800215022A2
:10AD800098470DF1080A06F140010FAA30465346D4
:10AD90000095FFF76DFE13A80090304651464A46D5
:10ADA0003B46FFF7ADF8139800281CBFC8F8000019
:10ADB0000024204614B0BDE8F087D4D4D4D4D4D431
:10ADC0002DE9F04F9FB0074604680820C0F202004A
:10ADD0008CB316466200551C299AAA422BD8D7F884
:10ADE00054B0DBF80C5005F10709B6EBD90F22D3AC
:10ADF000E61C2A9826F003060DF14C0C0F90304407
:10AE00009A4600238CE849000DF1080C304488462E
:10AE100028998CE8490085190EA810931693CDE95E
:10AE200011630E930593CDE906530193CDE90863B1
:10AE3000FFF74AF810B11FB0BDE8F08F2E440EA8FE
:10AE4000012259463346FFF7EBFE0028F3D101A853
:10AE50000EA9051D381D1B90A008CDE91C0400207B
:10AE60001E90DBF8A0701BAA01AB58464FEAD90927
:10AE70000096B847284641464A46FBF7E5FACAF825
:10AE800000901FB0BDE8F08F40F6F811019A8A4299
:10AE90004FF00001009A3CBF0721C0F20201930766
:10AEA00040F20703C0F2020351EA0381002A51EA8B
:10AEB0001381002851EA13807047D4D4D4D4D4D459
:10AEC00000207047D4D4D4D42DE9F04184B00824B4
:10AED00040F6F811C0F20204119E671E8E423946F8
:10AEE00005D3002A1EBF05461098002803D1084646
:10AEF00004B0BDE8F08110F00302F8D1293D611CD7
:10AF00000C2DF4D8DDF83880DDE90B2CDFE805F0F6
:10AF10000849070707070707071E58672C00E6E7D9
:10AF2000D2F81CC054300027CDE912770421002349
:10AF3000CDE91077CDE90E0128200021CDE90C776D
:10AF4000CDE90A7704B0BDE8F0416047D8E90012C6
:10AF500008F10803476D00F15806CDE90A7604B000
:10AF6000BDE8F041FFF7D8BE0268002A5DD0416D10
:10AF7000C968CB1DD8F80410B1EBD30F55D3DD0849
:10AF8000D8F80010043000909008CDE901020020AC
:10AF9000039068462A46FBF757FA0446C8F808505B
:10AFA00043E0456D002D42D0D8E9001208F10803B6
:10AFB00058300A90284604B0BDE8F041FFF7BCBD08
:10AFC000D8E9001708F1080300F158060C96CDE9FE
:10AFD0000A2C3A4604B0BDE8F041FFF7F1BE33B3A6
:10AFE0000A99CF08502F20D8416D0126CA68073230
:10AFF00046EA9202944518D8C96F40F8041B40F203
:10B0000044115022C2F2062100244FF05008064697
:10B01000D1F800C000211D46E047684629463A465F
:10B020000096CDF80880FBF747F921465FE73946DF
:10B030005DE7D4D4D4D4D4D42DE9F04FA7B00646DC
:10B04000C06847074FEAD00050EA009B0920329FB2
:10B0500000EB4B00874240F20800C0F202003ED3F2
:10B06000F46F1746309AA24239D802963E46E71C42
:10B070008A46349927F003072391394404F10B05DC
:10B080000020CDE91F10394425F003051B91CDE9BF
:10B090001D5029440325249005EB4405CDE91710E4
:10B0A000394425F0030513912944CDE9257001EBBE
:10B0B00007081C901490CDE921700690CDE9197015
:10B0C000CDE91550CDE907101946CDE90970CDE954
:10B0D0000B80CDE90D7023A8FBF7EEF810B127B077
:10B0E000BDE8F08FA64256EA34841FA85146224696
:10B0F000FBF7E2F80028F2D1029808EB070A00F10A
:10B1000074010391C06806A9B0EBC40F01F10409F2
:10B11000CDF804B004D2E100091A1FA8FAF784FDA3
:10B12000DDF808801BAF08F1400506AC0DF14C0BB3
:10B13000039E00BF00BF00BF404629463A46234653
:10B14000CDF800A0FFF794FC48463146FAF758FFC7
:10B150004846FAF785F908B12FF013C00DF15C08E5
:10B160003846314642465346FBF7C2FB484623A9C0
:10B170005A46FAF729FE58461FA9FAF7E9FA58463F
:10B180000399FAF73DFF16981E9040F24810149A62
:10B19000C2F206201C921399920003681B989847EC
:10B1A000404639465A46DDE90286FAF70DFE584612
:10B1B0003146FAF725FF5846FAF752F908B12FF051
:10B1C00045C8319C019F04F1030BFD1C05AB4846AB
:10B1D00059462A46FBF714F900287FF480AFE0199E
:10B1E00004AB861D13A831462A46FBF709F900284F
:10B1F0007FF475AF0598002238B1594611F8013B2C
:10B200001BB901329042F9D102461BF802E0049DBD
:10B21000A0EB02084FEADE1A4FF000030BEB02012D
:10B2200003913DB1304610F8012B1AB901339D420C
:10B23000F9D12B46F05CED1A08EB0A09302109EB35
:10B24000050204F8021B02EBD0124FFA8EF102F154
:10B25000040C0191BCF1800F06EB0301029101D2B5
:10B26000062305E084F800C04FF0810C07235C46FC
:10B27000319946B24FEAD01BD01881F801C004EBD7
:10B280000A01339A8F1C039910603846424603F036
:10B290006BFF01984FF0020AB0F1FF3F84F800A065
:10B2A00084F8019001DC0020A07007EB08040299EB
:10B2B00004EB0B002A46023003F056FF0BEB0500AF
:10B2C0006070002007F808A0B6F1FF3FD8BFA0705B
:10B2D00027B0BDE8F08FD4D42DE9F04FC3B0C66FCE
:10B2E00004467500DDF830C1681C844540F2080052
:10B2F000C0F2020002D943B0BDE8F08FDDF834910E
:10B3000099F80070302F11D199F901B0DDF838E1CA
:10B31000BBF1FF3F0EDD0BF10207BE45EBD30394FB
:10B3200004464FF0020ACDE901210FE0053843B091
:10B33000BDE8F08F99F802B00BF10307BE45DAD3F0
:10B34000CDE901214FF0030A03940446F21C4F9902
:10B3500022F003083F9141440020CDE93B104144D5
:10B36000EA1C4090CDE93710414422F003023090AE
:10B37000CDE9331041442F911144CDE92B101144F4
:10B380001E901190CDE91F1041440490CDE9231087
:10B390004144CDE912104144CDE91610414401EB7E
:10B3A0000805CDE94180CDE93D80CDE93980CDE981
:10B3B0003580CDE93120CDE92D206246CDE92180CF
:10B3C000CDE92580CDE91480CDE91880CDE90510BF
:10B3D0001946CDE90780CDE90950CDE90B801EA8BB
:10B3E000FEF772FD002886D105EB08071EA8002293
:10B3F00003993B46FFF714FC00287FF47CAF09EB70
:10B400000A056A78901C834503D2204643B0BDE804
:10B41000F08FA91C3FA8FAF74FFF00287FF46BAF0D
:10B42000687802302918ABEB00004A78931C9842E8
:10B430002046FFF460AF054602313BA8FAF73CFF17
:10B4400000287FF458AF3FA8FAF70AF8002805F162
:10B450000104DAD13BA8FAF703F80028D5D1039804
:10B4600000F174093FA84946FAF732F90128CCD116
:10B470003BA84946FAF72CF90128C6D10198029950
:10B48000B04250EA368837A84246FAF715FF00283E
:10B490007FF431AF039811A904310291C068B0EB79
:10B4A000C80F05D24FEAC801091A37A8FAF7BCFB42
:10B4B00033AE3BA8494632463B46FBF719FA2FAC60
:10B4C00037A831462246FAF77FFC20464946FAF76C
:10B4D00097FD0DF1AC0A3FA831465246FAF774FCCD
:10B4E00050464946FAF78CFDDDF80CB00DF14408E2
:10B4F0000BF140015846DBF8A06022464346009716
:10B50000B04704AEDBF8A0401EA958465246334669
:10B510000097A047DBF898405846414632463B46E4
:10B52000A047029C49462046FAF76AFD20463FA9FB
:10B53000FAF7CEF8002850EA059043B0BDE8F08F46
:10B540000199B1F53D6F014640F20700C0F20200DB
:10B5500004D300291CBF0099002900D1704711F0C5
:10B56000030204BF0020C1E900007047D4D4D4D442
:10B5700000207047D4D4D4D42DE9F04F91B0DDE948
:10B58000205640F2070811461C9ADDE91E9BC0F2C6
:10B590000208B6F53D6F4FF00006DDE91A7410960B
:10B5A00003D3002918BF002D03D1404611B0BDE8D8
:10B5B000F08F15F00301F8D1C11E272943D8DFE829
:10B5C00011F02800BD00420042004200420042004B
:10B5D00042004200B00042004200420042004200ED
:10B5E000420042004200420042004200420042004B
:10B5F000420042004200420042004200420042003B
:10B600004200420042004200420042004200CD009F
:10B61000E300002BC9D029684046002900F0C4800F
:10B620004FEAD70CD9E9007609F1080008351E95D4
:10B63000CDE91C6008462146CDE91AC711B0BDE826
:10B64000F04FFFF7F9BCA0F10D01012900F2AF8026
:10B65000D5F804A0BAF1000F3FF4A7AF0D90BAF8E7
:10B660000A0005F10806DAF814C00F93BCF1000FC8
:10B67000A6EBD0010C9601F6C8330E9310D00B92B6
:10B68000DAF8100010AB00210022CDE9006050462E
:10B69000E047E0B9BAF80A000B9A05F108060E9BDC
:10B6A000C008DAF810E0DAF81CC00021CDE9022168
:10B6B0005246CDE9043003200023CDE90811CDE93D
:10B6C0000014CDE9066EE04700286DD10020DAF8BD
:10B6D000181011B105F10800884700280F9B63D1AD
:10B6E000002B3FF462AF2968404600295CD0BAF8CD
:10B6F0000A200D980D284FEAD7004FEAD20260D1F8
:10B70000D9E9007609F10805CDE90007CDE9026520
:10B710000C98049008460E99FFF78EFC11B0BDE816
:10B72000F08F6089216940F6C83201EBD000904269
:10B7300042D908F1010011B0BDE8F08F40469BB33B
:10B740000DF1680CF90855F8080B1D958CE8020AF4
:10B75000214611B0BDE8F04FFFF7BEBDD4F81CC0C4
:10B760000022CDE92222042000210023CDE920225D
:10B77000CDE91E502820CDE91C22CDE91A2222460F
:10B7800011B0BDE8F04F60472F68404667B1D9E976
:10B79000001209F1080305F108001A90384611B0AB
:10B7A000BDE8F04FFFF7C8B911B0BDE8F08F08F160
:10B7B000020011B0BDE8F08F6C60002011B0BDE850
:10B7C000F08F8DE8010A0C98039008460E99FFF758
:10B7D00083FD11B0BDE8F08FD4D4D4D4D4D4D4D464
:10B7E0002DE9F04F85B0109F102F2AD140F2441A56
:10B7F0000D1DC2F2062A994690460C4601F1140B23
:10B80000DAF8003000211022074628460F9E98479C
:10B810001023384629462A46C04716F8017B40F2D5
:10B820004818C2F206280C2F11D1D8F800300C228B
:10B8300058463146984732A090ED001F84ED200F06
:10B8400024E00720C0F2020005B0BDE8F08FDAF86E
:10B8500000300021102258469847284631463A4683
:10B860005B4600F055F801AEDAF8003000211022F6
:10B8700030469847F80079098DF812108DF81300BA
:10B880001022284631465B4600F042F804F12407B6
:10B89000DAF8003000211022384600269847284662
:10B8A0000E9D49462A463B4600F032F8D8F8003053
:10B8B000102204F134005946984794F8431094F844
:10B8C000422094F8413094F84070013184F84310DC
:10B8D0003046A56402EB112284F84220266003EB77
:10B8E000122184F8411007EB112184F8401005B0B3
:10B8F000BDE8F08F00BF00BF00BF00BF00BF00BFAA
:10B900000000000000000000000000000100000036
:10B910002DE9F04385B0904615091C460E46814638
:10B9200011D001AF00BF00BF94ED001E384649465C
:10B930002246B6EC103E02FF500187ED001E00F0DB
:10B94000F3F9013DF0D118F00F0722D040F2481072
:10B950000DF10408C2F2062031463A46036840461B
:10B96000984740F24410C7F11002C2F206200021AD
:10B97000036808EB0700984794ED001E40464946CF
:10B98000224698ED003E02FF500188ED001E00F0B7
:10B99000CBF905B0BDE8F0832DE9F04182B00A9FF4
:10B9A000102F1BD1DDE9085401F1340601F1240800
:10B9B0000F1DCDE900460E4611461A462B4600F0F3
:10B9C00013F83846294622464346FFF7A1FF306860
:10B9D00020443060002002B0BDE8F0810720C0F2B2
:10B9E000020002B0BDE8F0812DE9F04F85B0DDF82E
:10B9F00038A01C465FEA1A171546884683460F9EF4
:10BA000000F09A800DF104091023584631464A4649
:10BA1000C04715F8100B9DF80410013F80EA0100A3
:10BA200004F8100B15F80F0C9DF8051080EA0100C2
:10BA300004F80F0C15F80E0C9DF8061080EA0100B2
:10BA400004F80E0C15F80D0C9DF8071080EA0100A3
:10BA500004F80D0C15F80C0C9DF8081080EA010094
:10BA600004F80C0C15F80B0C9DF8091080EA010085
:10BA700004F80B0C15F80A0C9DF80A1080EA010076
:10BA800004F80A0C15F8090C9DF80B1080EA010067
:10BA900004F8090C15F8080C9DF80C1080EA010058
:10BAA00004F8080C15F8070C9DF80D1080EA010049
:10BAB00004F8070C15F8060C9DF80E1080EA01003A
:10BAC00004F8060C15F8050C9DF80F1080EA01002B
:10BAD00004F8050C15F8040C9DF8101080EA01001C
:10BAE00004F8040C15F8030C9DF8111080EA01000D
:10BAF00004F8030C15F8020C9DF8121080EA0100FE
:10BB000004F8020C15F8010C9DF8131080EA0100EE
:10BB100004F8010CF07BB17B727B337B00F10100F8
:10BB2000F07301EB1021B17302EB1120707303EB82
:10BB3000102030737FF468AF1AF00F0917D00DF1A1
:10BB4000040A1023584631465246C04740F2481076
:10BB500095ED001EC2F2062051464A469AED003E7F
:10BB600002FF50018AED001E03682046984705B089
:10BB7000BDE8F08FD4D4D4D42DE9F04F87B0119F15
:10BB8000102F41D116460A688C6C01F1240701F18F
:10BB9000040C994601F1140AE100630D8DF8103090
:10BBA000630B8DF8113063098DF812308DF8131086
:10BBB000D100530D8DF81830530B8DF81930520900
:10BBC0008DF81A208DF81B1003A910220446604638
:10BBD0003B46DDF840800025039505954FF0100B9E
:10BBE000FFF796FE204631463A463B46CDE900BA7D
:10BBF000FFF7FAFE40F248103946C2F206204246EC
:10BC000003684846984702E00725C0F20205284627
:10BC100007B0BDE8F08FD4D42DE9F04782B00C9F77
:10BC2000102F1FD11446DDE90A8A01F1240C0A1DE8
:10BC300001F13409074610460D46194652461E4684
:10BC40006346FFF765FE3846214632464346CDE956
:10BC500000A9FFF7C9FE286850442860002002B000
:10BC6000BDE8F0870720C0F2020002B0BDE8F0870F
:10BC70002DE9F04F87B0119F40F20309102FC0F259
:10BC8000020948D1904601F124060A688F6C01F13F
:10BC9000040C1D4601F1140AF9007B0D8DF81030DB
:10BCA0007B0B8DF811307B098DF812308DF8131055
:10BCB000D100530D8DF81830530B8DF819305209FF
:10BCC0008DF81A208DF81B1003A910220746604634
:10BCD0003346109C4FF0000ECDF80CE0CDF814E088
:10BCE0004FF0100BFFF714FE3846414632463346FC
:10BCF000CDE900BAFFF778FE54B100BF00BF00BF26
:10BD000016F8010B15F8011B814206D1013CF7D151
:10BD10004FF0000901E009F10409484607B0BDE809
:10BD2000F08FD4D4D4D4D4D42DE9F04F85B040F2E0
:10BD300044131446C2F206230D46804600211B68B8
:10BD4000102220460027984740F2481001AEC2F268
:10BD50000620102229460368304698479DF80400C3
:10BD600080224FF00F0C6FF01E0906F10F010091B9
:10BD700098F800309DF813A01A4224D001A9237826
:10BD800094FD810E667B94F80EB094F80FE043406A
:10BD900091FD812E237002FF50019DF8123084ED39
:10BDA000810E91FD090F9DF8111094FD092F71402E
:10BDB000617300FF520183EA0B01A17384ED090F47
:10BDC0008AEA0E01E1734CF001E0009E334600BFA9
:10BDD000317813F8015DC1F3460141EAC5113170B4
:10BDE0001E460FF00BC8C0F34600C2F346025FEADE
:10BDF000CA7107F1010718BF80EA0900002A58EA52
:10BE0000189808BF8022802F8DF80400B0D105B0AB
:10BE1000BDE8F08FD4D4D4D480B502F045FA002820
:10BE20001CBF0920C0F2020080BDD4D4D4D4D4D425
:10BE30002DE9F04F9DB015460A460146DDE92C700C
:10BE4000189018441C4610901844149018440C90F4
:10BE500000EB440614A8DDF898901A93DDE92A8ACD
:10BE6000129316935B000E93FAF726FA10A8414638
:10BE70005246FAF721FA0DF1600A29465046224649
:10BE8000FAF71AFAB9F1000F23D0289D0DB306EB8B
:10BE900054010DF1200B279A60080A90049101EBE0
:10BEA00054080690584649460896FAF705FA04AE33
:10BEB00029463046299AFAF7FFF90CAA10A814A9C6
:10BEC000CDE901285A463346CDF800A0FBF790F99A
:10BED00006E010A814A918AA0CAB0096FBF78CF882
:10BEE0000CA81CAB39462246FAF78AFA00201DB08E
:10BEF000BDE8F08FD4D4D4D441F2304C019B6345DB
:10BF0000034640F20700C0F2020007D333B1002914
:10BF10001CBFDDF800C0BCF1000F00D170471CF061
:10BF20000303FBD10020D208CCE90012CCE90200C7
:10BF3000CCE904007047D4D400207047D4D4D4D4C2
:10BF40002DE9F04389B041F23041179D8D42014601
:10BF500040F20700C0F2020006D3002A1CBFDDF841
:10BF600058E0BEF1000F02D109B0BDE8F0831EF029
:10BF70000302F9D10A29DDE9115404D0092908D1B5
:10BF8000CEE9025401E0CEE90454002009B0BDE836
:10BF9000F083002BE8D01099159AB2EBD10F03D2A1
:10BFA000013809B0BDE8F083DEF804C06445DBD891
:10BFB000C908DEF80020DEE90267DDF85080DEE91E
:10BFC0000409CDE90209184663460EF1180ECDE9C1
:10BFD0000067CDE90454CDE9068EFFF729FFD4E7C9
:10BFE000F8B113A216A392ED001F0C22C0F20102B9
:10BFF000914293ED003F4FF00002C0E908220AD0C1
:10C000000522C0F20302914205D011A191ED001F5B
:10C0100013A191ED003F80ED003F80ED041F002053
:10C0200070470720C0F20200704700BF00BF00BF8A
:10C030007F520E518C68059BABD9831F19CDE05BF5
:10C0400067E6096A85AE67BB72F36E3C3AF54FA5A9
:10C05000310BC0FF11155868A78FF964A44FFABEC1
:10C06000D89E05C107D57C3617DD703039590EF7DB
:10C07000002843D02DE9F04381B01446D2B30D46D9
:10C08000D0E908120646C1F3C50011EBC4014FEA1E
:10C09000547340F248195A41C2F20629C6E90812FF
:10C0A00088B1C0F14007BC421DD306F12808D9F879
:10C0B0000030404429463A4698473046414600F011
:10C0C00023F8E41B3D44402C0AD300BF00BF00BF4F
:10C0D0003046294600F018F8403C40353F2CF7D850
:10C0E0004FF000003CB13044D9F8003028302946E8
:10C0F00022469847002001B0BDE8F0830720C0F237
:10C1000002007047D4D4D4D42DE9F04F8FB00591FC
:10C1100000F168010E9181680B91C16808914FF0A0
:10C12000020E0090D0E9005CD0F818B0D0F81C9056
:10C13000D0E904A7002000BF059A01464FEABA16CD
:10C14000B84652F820400E9886EAFA2607EA0A070F
:10C1500024BA40F8214045F6B46086EA7A66CDF804
:10C1600028B02BEA0A0BC0F201204E445F440B4674
:10C170000C91374450F821104FEAB5063944DDF8E8
:10C180002C9086EA7536214489EA0C0409EA0C07EA
:10C1900086EAB55B43F001062C400CEA05000490EA
:10C1A0007C40089852F8267004EB0B020C1845F6F8
:10C1B000B46009950A4439BA04EA0A0728EA040374
:10C1C0000E9DC0F201203B444FEAB41745F82610FB
:10C1D00087EAF42750F826600A9887EA74670344D0
:10C1E0003B444FEAB2003344099E80EA7230CDF8F6
:10C1F00034C080EAB25B19448CEA060302EA060006
:10C20000B446049E1340CDF81C80DDF830807340A6
:10C2100048F002075B44DDF814B0089089445818D0
:10C220005BF8276009EA0403CDF818A00A9031BA38
:10C2300045F8271045F6B4652AEA0906C0F201253B
:10C2400033444FEAB91655F82770079D2F4486EA04
:10C25000F9263B4486EA796619444FEAB00731442F
:10C2600082EA0C0600EA02050795089D87EA70330A
:10C27000064083EAB0576E4048F003033E440D9FEA
:10C2800001EB070A06EB010C4FEABA175BF82350E3
:10C2900087EAFA260E9986EA7A6845F6B466C0F20D
:10C2A00001262DBA41F823500AEA090756F823302F
:10C2B000069E334424EA0A063E442B4433444FEAA4
:10C2C000BC05984485EA7C356346CDF82CC0DDF882
:10C2D00030C080EA02064CF0040707981E4085EA49
:10C2E000B35546405BF827300998354440441EBAA0
:10C2F0004FEAB0130D9083EAF023454441F82760DC
:10C3000083EA706800EA0A0329EA000145F6B4608E
:10C310001944C0F2012050F827302344DDE90A0B0C
:10C3200033444FEAB5040BEA000719448BEA0003D3
:10C330004CF0050684EA75342B4084EAB554414438
:10C340007B40DDF814C0234401EB02080D985CF833
:10C3500026405A1808EA000345F6B46021BAC0F234
:10C3600001200E9F2AEA08040892234450F8264030
:10C3700047F826104FEAB81604EB090086EAF826BB
:10C38000084486EA786618444FEAB20105EA0B04CD
:10C39000831981EA72300C9E85EA0B0146F006068D
:10C3A000114080EAB25061405CF8264001440A988E
:10C3B00003EB000B0D9801EB030921BA20EA0B04F3
:10C3C00045F6B460C0F2012047F826100BEA0803D6
:10C3D00050F82660234406EB0A074FEAB9063944B1
:10C3E0004FEABB1486EA793702EA0506194482EA65
:10C3F000050384EAFB2403EA09030C9884EA7B64BE
:10C4000087EAB95740F00700734021443B440B9F33
:10C410005CF820400F4403EB010C0E9B21BA0D9EEB
:10C4200043F8201007EA0B0328EA0704CDF82C9004
:10C43000234445F6B464C0F2012454F820004FEAC6
:10C44000B714304409EA0206084489EA020101EA05
:10C450000C0184EAF72471404FEABC06184486EACE
:10C460007C3384EA7764C14683EABC532044194490
:10C4700000EB050A0D1808200FF0A3C14FF0060EBF
:10C48000CDF828B00098CDF834C000F1C40145F6CD
:10C49000B460C0F2012000F15C0800BF00BF00BF23
:10C4A0000E91AC463E460797CDF818A0CDF83080E7
:10C4B0000E9850F8241C02914FEA714080EAF14036
:10C4C00080EA91200E9951F8383C0E99184451F8A1
:10C4D000584C0E994FEAF41351F85C5C83EAB4436C
:10C4E0000E9983EAD40328444FEABA1551F854BC94
:10C4F000C1180E9B85EAFA200A9D80EA7A6043F80B
:10C500001C1C07EA0A0325EA0A054844EA180591B3
:10C51000104458F81C2C10440B9D08440D994FEA08
:10C52000BC024FEAFB1785EA01030D400E9982EA2F
:10C530007C3203EA0C0382EABC5251F8201C6B40A7
:10C540004FEA71451A44089B85EAF145039103447B
:10C5500002EB000985EA91200E99CDF804B051F85C
:10C56000345C0D992C4487EABB4585EADB05204401
:10C5700000EB050B81EA0C0001EA0C04674600EAB7
:10C5800009009C4603EA0A0526EA03032B4480EAD5
:10C59000040158F8184C4FEABC150A9885EAFC25A6
:10C5A00004444FEAB90085EA7C65234480EA793087
:10C5B0002B4480EAB9505B4408440B994E4603EB88
:10C5C00001090599C2184FEA71450E9B85EAF140B1
:10C5D000049680EA9120019953F8504C08440E9932
:10C5E0004FEAF41383EAB443099751F8305C83EAC5
:10C5F000D403284406EA0705184486EA07031340D3
:10C60000494609EA0C062AEA09094E4483EA050963
:10C6100058F8145C4FEAB113079F83EAF1233D44B5
:10C620004FEAB20A83EA716388460B9105448AEAAD
:10C630007231354481EAB2512B4449440D9ECDF804
:10C6400020C003EB060A01EB030C0C990E9B0A9227
:10C6500051F8101C0D9143F818BC0E9B4FEA7B411A
:10C6600053F84C6C0E9B81EAFB414FEAF61753F8E6
:10C670002C3C81EA9B21234487EAB64703EB01095E
:10C68000049902EA010587EAD603514009EB030742
:10C6900001EA0C014FEABA1381EA050908990AEA8E
:10C6A000080521EA0A042C4406990D9D83EAFA2321
:10C6B0000D444FEABC013D4481EA7C3183EA7A6350
:10C6C0002C4481EABC5123444944099C1D1901EBC7
:10C6D00003094FEA70410E9B81EAF041D04643F8CE
:10C6E000140C81EA90210E980E9BE346CDF824901D
:10C6F00050F8480C53F8283C4FEAF014334484EACD
:10C70000B044194484EAD0030B9E01EB030A8CEA7F
:10C7100002010CEA020301EA0901AC4605EA080439
:10C7200059400E9B26EA0505089E43F8107C0E9B97
:10C730002C440C9D43F80CAC4FEABC1355F80C5C30
:10C7400083EAFC2335444FEAB906554486EA793634
:10C7500083EA7C632C4486EAB95523442944049A2D
:10C7600003EB0209CA180E9B4FEA774484EAF741AB
:10C77000029C53F8443C20444FEAF31481EA972189
:10C7800084EAB3440844099D84EAD30405EA0B0112
:10C79000071928EA090009EA0C0485EA0B050E9E30
:10C7A000204402EA05040C9D46F8087C0B9E61407B
:10C7B00055F8085C4FEAB91435444FEAB20684EAEA
:10C7C000F9243D4486EA7236284484EA7964CDF837
:10C7D0001C8086EAB255204429440A9E4FEA7A44D6
:10C7E000CDF834C000EB060C01EB000884EAFA40F7
:10C7F0000E9980EA9A209246039A51F8404C1344CD
:10C80000099A4FEAF4110AEA020581EAB441184490
:10C810008AEA02060E9A81EAD401CDF82C804318E8
:10C820000D9842F8043C0C9A20EA0C000CEA09012D
:10C83000084408EA060152F8046C079A69404FEA76
:10C84000BC1516444FEAB80285EAFC25334482EA57
:10C850007832184485EA7C65CDF820A082EAB85287
:10C86000284411444FEA77420E180E9900EB0B034F
:10C8700082EAF74051F83C1C80EA97204FEAF11217
:10C880001F46059B82EAB142234482EAD1010E9AF7
:10C890001844084429EA0703106007EA0C021A4406
:10C8A0000C9B0D9D08EA0A041B684FEAB7112B4444
:10C8B00088EA0A05354081EAF7216C404FEAB6055F
:10C8C000184485EA763381EA7761104483EAB652E8
:10C8D00008441119099A0D180E99DDF8308000EB03
:10C8E000020A08F120082031CDF828C00D960FF07B
:10C8F00029CA00983E4607460068D7E90114284433
:10C9000038600D98084478600B98FB682044B86044
:10C91000089839691844F86001EB0A0038617869B1
:10C92000B969304478610A980844B861F8694844A4
:10C93000F8610FB0BDE8F08F2DE9F04F83B00446E9
:10C94000D0E9080392460D4619BA0191C0F3C5011A
:10C950007822382900BA38BF3822521A45F6B47105
:10C960000290C0F201212046FFF782FBD4E90801C2
:10C9700040F24819C0F3C50600F1400210F1410F22
:10C9800051EA9190C2F20629C4E9082026B1382E56
:10C9900001A905D2082218E0002601A9082214E006
:10C9A000C6F1400704F12808D9F8003008EB06006A
:10C9B0003A468B46984720464146FFF7A5FBB6F11D
:10C9C000380207D00BEB07010026A019D9F8003078
:10C9D00028309847E07805212870C0F2030160886C
:10C9E00068708A4520684FEA1020A8702068E870B7
:10C9F000E0792871E088687160684FEA1020A871BA
:10CA00006068E871E07A287260896872A0684FEA0D
:10CA10001020A872A068E872E07B2873E089687330
:10CA2000E0684FEA1020A873E068E873E07C28749F
:10CA3000608A687420694FEA1020A8742069E8743D
:10CA4000E07D2875E08A687560694FEA1020A87556
:10CA50006069E875E07E2876608B6876A0694FEAA9
:10CA60001020A876A069E87604D00C20C0F201005E
:10CA7000824508D1E07F2877E08B6877E069000A7B
:10CA8000A877E069E877002003B0BDE8F08FD4D440
:10CA90000199009AB1F5B67F4FF000013CBF072124
:10CAA000C0F20201930740F20703C0F2020351EA09
:10CAB0000381002A51EA1381002851EA138070474C
:10CAC00000207047D4D4D4D4D4D4D4D4D4D4D4D49F
:10CAD0002DE9F0410627002AC0F2020707F10105FF
:10CAE00064D006460D98B0F5B67F5FD30C98002849
:10CAF0005CD010F0030159D1144612686FF0031195
:10CB00001144022904D30C21C0F201018A4228D128
:10CB1000072EDDE90A852BD0062EDDE9071323D089
:10CB2000052E31D13AA13EA391ED001F0C21C0F298
:10CB300001018A4293ED003F4FF00001C0E9081166
:10CB40000AD00521C0F203018A4205D038A191ED37
:10CB5000001F3BA191ED003F80ED003F80ED041FE1
:10CB600049E0F81CBDE8F0811A46FFF781FA42E07F
:10CB70000521C0F203018A4204D00C21C0F2010158
:10CB80008A4210D1202D0FE040F2050CC0F2030CB8
:10CB9000624504D00C26C0F20106B24209D1202D14
:10CBA0003D4603D308E01C2D3D4621D22846BDE872
:10CBB000F0811C2D3D46F9D315A719A6254697ED02
:10CBC000001F0C27C0F2010796ED003FBA424FF05C
:10CBD0000007C0E9087718BF624510D11A4680EDFA
:10CBE000003F044680ED041FFFF742FA2A68204602
:10CBF0004146FFF7A1FE00252846BDE8F0810CA2C2
:10CC000092ED001F0EA292ED003FE7E700BF00BFCC
:10CC10007F520E518C68059BABD9831F19CDE05B09
:10CC200067E6096A85AE67BB72F36E3C3AF54FA5BD
:10CC3000310BC0FF11155868A78FF964A44FFABED5
:10CC4000D89E05C107D57C3617DD703039590EF7EF
:10CC500010B584B068460024CDE90244CDE9004413
:10CC600001F04EFB0099002851EA048004B010BD89
:10CC700000BA7047D4D4D4D410B541F24444002251
:10CC8000C4F23B04C721C8F201022160C4F8C421E8
:10CC90002168B1F1FF3FFBDC0068FFF7E9FF44F8D2
:10CCA000240C0020606110BD2DE9F04141F62427DD
:10CCB00041F22044C4F23B07984615460E4640F226
:10CCC000F511C4F23B04C0F60721396000BF00BF74
:10CCD000616AB1F1FF3FFBDCFFF7CAFF206030461D
:10CCE000FFF7C6FF20602846FFF7C2FF20604046DE
:10CCF000FFF7BEFF206000BF7868C003FCD4BDE82A
:10CD0000F081D4D4D4D4D4D42DE9F04141F62427F1
:10CD100041F22044C4F23B07984615460E4640F2C5
:10CD2000E511C4F23B04C0F60721396000BF00BF23
:10CD3000616AB1F1FF3FFBDCFFF79AFF20603046EC
:10CD4000FFF796FF20602846FFF792FF20604046DD
:10CD5000FFF78EFF206000BF78688003FCD4BDE839
:10CD6000F081D4D4D4D4D4D4F0B581B00E4641F6F9
:10CD70002421C4F23B0141F220471C46154640F2F3
:10CD8000D512C4F23B07C0F607220A6000BF00BFFD
:10CD9000796AB1F1FF3FFBDCFFF76AFF386030468C
:10CDA000FFF766FF38602846FFF762FF38602046CD
:10CDB000FFF75EFF386001B0F0BDD4D4D4D4D4D432
:10CDC000F0B581B041F6242541F24444C4F23B055C
:10CDD000C4F23B0440F6045640F2A220C0F233767F
:10CDE0002060A6F5807028602068B0F1FF3FFBDC72
:10CDF0000020FFF73DFF44F8240C2E6000BF00BF69
:10CE00002068B0F1FF3FFBDC0020FFF731FF44F862
:10CE1000240C2E6000BF00BF2068B0F1FF3FFBDC98
:10CE2000652711260020C0F60007C0F28206FFF732
:10CE30001FFF44F8240C2F6044F8446C00BF00BF6F
:10CE400054F8400C4000FBD474214FF4C05044F817
:10CE5000080CA220C0F233612060296000BF00BF2F
:10CE60002068B0F1FF3FFBDC0020FFF701FF44F832
:10CE7000240C07F15000286044F8446C00BF00BF48
:10CE800054F8400C4000FBD44FF4C05044F8080C58
:10CE900001B0F0BDD4D4D4D441F258400021C4F242
:10CEA0003B0040F84C1C0160016001607047D4D425
:10CEB00070B541F22045C4F23B05D5F89C10C90677
:10CEC0001CBF4FF0011070BD41F624260446C4F289
:10CED0003B060220C0F220004BF68771C6F8DC004A
:10CEE0000020E86241F6A30042F2E0724FF61743D9
:10CEF000CEF25320C2F29E21C7F28A02CBF6CE6355
:10CF0000FFF7D2FEFFF75CFF4CF65C1041F699315B
:10CF10004AF6D17249F22653C8F2A140CAF29741AB
:10CF2000CAF27D22C1F25E03FFF7BEFE40F2041199
:10CF3000A220C0F620416862316000BF00BF00BF80
:10CF4000686AB0F1FF3FFBDC0020FFF791FE28602C
:10CF500042F2120045F8180C55F8180C4000FBD5A9
:10CF600028682060286860602868A0602868E06001
:10CF70004CF62C504FF63B114FF209424FF6EC1392
:10CF8000C5F29510CFF67F41C5F63662CCF20C2380
:10CF9000FFF7EAFE4020C5F89C0000BF00BF00BFBD
:10CFA000E868C004FCD4002070BDD4D4D4D4D4D458
:10CFB0002DE9F04F81B041F200654FF6BC68C4F234
:10CFC0003B05CFF6FF7855F80810C90604D04FF09E
:10CFD000011001B0BDE8F08F41F6242A0121C4F20E
:10CFE0003B0AC0F2400148F600060027CAF8DC10F0
:10CFF0004FF64C61CFF6FF71C3F6000604466F5042
:10D00000FFF73AFE4BF2204028600A2028602E608D
:10D010000220286043F20140C1F2000028602E6027
:10D020000321296028602E6005212960286042F6CE
:10D0300001004FF63C624FF65861C3F22040286071
:10D0400043F20140CFF6FF72CFF6FF71C2F200004B
:10D0500028604FF4F840286042F20000C0F26000FF
:10D06000A8506F50206809281BD8DFE800F0054958
:10D070001A1A731A889D345E4FF43800A85046F689
:10D08000FB1046F62311144643F25F5248F2D14397
:10D09000CDF29670C9F63451C3F61422C3F284530C
:10D0A00096E0A6F5F84028608020A8604FF426009E
:10D0B000A8504DF682204CF69821144649F2E472AD
:10D0C00041F2BD13CEF68600CAF25041CDF20E32C7
:10D0D000CFF671637CE04FF43700A8504AF2651038
:10D0E00045F2813114464BF2A1224EF27C43CAF63E
:10D0F000FA10CCF68F31CDF25F72C1F2B13367E036
:10D100004FF43000A85040F2E17048F234711446F8
:10D110004EF65D0242F6C173CFF20D20CEF61841F5
:10D12000C2F29E02CBF65E3352E04FF43900A850B3
:10D1300040F64E2048F2EB3114464DF26D3248F283
:10D140003A23C0F25450C1F68651CDF68742C6F25A
:10D1500020333DE04FF43300A8504BF6E0504CF242
:10D16000031114464FF6B45240F66853C9F2EE70FC
:10D17000C8F66051C9F24732CEF23C0328E04FF4C2
:10D180003500A8504BF66B504CF2775114464EF6D2
:10D19000816248F25513CDF2CE40C8F68271C5F2D5
:10D1A0008602C8F2897313E04FF43600A85045F2A6
:10D1B000573040F6B271144641F2A05249F6DC33C2
:10D1C000C3F6CF60C0F60811C1F2B732C1F624032E
:10D1D000FFF79AFD49F2FC3045F6D23147F68A1244
:10D1E0004BF6EC23C6F21E40C3F6D861C9F2633297
:10D1F000C4F21A23FFF758FD4FF480002851285934
:10D20000400200F168824FF6446440F2F508CFF620
:10D21000FF74C0F6072840F2A2302851CAF80080F7
:10D220002859B0F1FF3FFBDC48F62A3041F2840771
:10D23000C0F28150C3F24707FFF71AFD4FF6206B8B
:10D24000CFF6FF7B45F80B0040F68350C0F6DF2099
:10D25000FFF70EFD45F80B004AF6BD50C0F637400B
:10D26000FFF706FD45F80B0046F66B10CAF6AE2038
:10D27000FFF7FEFC45F80B00CAF8007000BF00BFC6
:10D280002859B0F1FF3FFBDC47F25D200426C0F2D5
:10D29000EA10C0F60006FFF7EBFC45F80B00A220F1
:10D2A0002851CAF8006000BF2859B0F1FF3FFBDCED
:10D2B0000020FFF7DDFC45F80B0007F11000CAF86D
:10D2C000000000BF00BF00BF2859B0F1FF3FFBDCEA
:10D2D00047F25D20C0F2EA20FFF7CAFC45F80B00D8
:10D2E000A22028510420C0F60000CAF8000000BFA8
:10D2F0002859B0F1FF3FFBDC0020FFF7B9FC45F8EF
:10D300000B0040F2A2302851CAF8008000BF00BFD5
:10D310002859B0F1FF3FFBDC41F6383048F605579D
:10D320001126C1F65750CFF20077C0F28806FFF7FA
:10D330009FFC45F80B0048F67240C1F6EE50FFF72F
:10D3400097FC45F80B0048F2DD30CCF6D260FFF7D1
:10D350008FFC45F80B0043F62310C6F6C260FFF7BA
:10D3600087FC45F80B004DF2363042F29C314AF210
:10D370006A524CF6C323C0F25700CFF22861CEF2B6
:10D380006652C3F2FE73FFF78FFC40F200104FF6B7
:10D3900038694FF600683A46C4F20000CAF808003F
:10D3A00007F58050CFF6FF79CFF6FF784FF6046788
:10D3B000CFF6FF77CAF800004FF0005045F809009B
:10D3C00045F8086000BF00BFE8594000FCD44FF6A4
:10D3D0003C611023CFF6FF71C2F200034FF4C0503E
:10D3E00068504FF08040CAF80800CAF8002045F89D
:10D3F000093045F8086000BFE8594000FCD4112608
:10D400004FF4C05068500420C0F24206C0F600003D
:10D4100081304AF8080045F8086000BF00BF00BF2F
:10D42000E8594000FCD44FF4C05068504EF63E60BE
:10D430004AF22C2145F6A4224FF26D33C2F2387025
:10D44000CEF2C601CFF22A02CCF69F53FFF72CFC96
:10D450000420C0F6000091304AF8080045F8086042
:10D46000E8594000FCD44FF63C624FF4C050CFF670
:10D47000FF721123C0F28803A8504BF220402860AD
:10D480004FF4D870286043F6014028604FF0804088
:10D49000CAF8080048F60550C0F20070CAF800004B
:10D4A0001020C2F20000103045F8090045F808309D
:10D4B000E8594000FCD405214FF4C050C8F6104193
:10D4C000A850CAF80010A3F5C02045F8080000BF16
:10D4D000E8594000FCD44FF6086648F24401CFF604
:10D4E000FF76C4F600214FF4C050A85040F2A120AE
:10D4F00028514FF080404AF806004AF8081000BF53
:10D500002859B0F1FF3FFBDC48F204190020C0F6B7
:10D510000069FFF7ADFB45F80B004FF080404AF87B
:10D5200006004AF8089000BF2859B0F1FF3FFBDC25
:10D530004EF6A730C0F28B10FFF79AFB45F80B00B0
:10D540004FF080404AF806004AF8089000BF00BF3C
:10D550002859B0F1FF3FFBDC4EF6A7300126C0F2A0
:10D560008B20C8F28406FFF783FB45F80B004BF2D3
:10D57000204028604FF4E870286006F5802048F2CB
:10D5800044062121C4F60026C0F24131A86045F8C6
:10D59000081000BF00BF00BFE8594000FCD44FF6A0
:10D5A0003C614FF4C050CFF6FF7144F2F95245F29E
:10D5B000E453CAF2C552685046F2214046F2510186
:10D5C000CBF65860C0F6B231CEF28763FFF76CFB42
:10D5D00006F58D00CAF800002859B0F1FF3FFBDCCA
:10D5E0000020FFF745FB40F2C44145F80B00C0F6B0
:10D5F0004761CAF8001000BF2859B0F1FF3FFBDCBB
:10D600004DF63830C0F25210FFF732FB45F80B00F0
:10D6100006F56030CAF800002859B0F1FF3FFBDC86
:10D620000020FFF725FB45F80B0009F56130CAF82B
:10D63000000000BF00BF00BF2859B0F1FF3FFBDC76
:10D6400043F20E70C0F2F710FFF712FB45F80B0023
:10D650004BF2204028604FF4E07028601120012137
:10D66000C0F24230C8F28401A96045F8080000BF4A
:10D67000E8594000FCD44FF63C614FF4C050CFF65F
:10D68000FF7148F6112249F6A443CEF23A226850BF
:10D6900040F20220CAF8E40046F6FE004DF2137193
:10D6A000CDF27700CAF6BA11C5F6C223FFF75CFBCC
:10D6B0004FF6BC614020CFF6FF7168504FF62C60EA
:10D6C000CFF6FF7000BF00BF2958C904FCD400206A
:10D6D00001B0BDE8F08F4EF6E33049F6643142F612
:10D6E000C83249F23403CFF2DC30CCF24831C7F60D
:10D6F000A332CBF25343FFF737FB402045F8080035
:10D700004FF62C610220CFF6FF71C0F2010000BF7E
:10D710006A58D204FCD401B0BDE8F08FD4D4D4D47C
:10D720002DE9F04F81B041F600544EF60540C4F2A9
:10D730003B0443F69041C0F20D00C0F20F0160605F
:10D74000A1600120206000BF20688007FCD4206811
:10D7500010F4403F40F20200C0F2010002D001B0DC
:10D76000BDE8F08F41F2204740F6ED60C4F23B0780
:10D77000C3F6C6004FF0000B41F2016147F8140CEC
:10D78000C7F828B0012047F8180C47F80C1CD7F848
:10D790009C10C90604D04FF0011001B0BDE8F08F15
:10D7A000C7F8E003C7F8E0024FF600604FF6086ADA
:10D7B000CFF6FF70CFF6FF7A48F2010140F2A239AE
:10D7C000C0F2810121504FF4506044F80A0048F241
:10D7D0000200C7F8E40343F21220C7F82490C7F20E
:10D7E0001C60FFF745FA80464BF26150C5F62910E0
:10D7F000FFF73EFA054643F67150C4F2D610FFF724
:10D8000037FA06464EF20E20CCF20320FFF730FA2C
:10D810000346404629463246FFF776FA4FF6245033
:10D82000F521CFF6FF70C7F8E4B3C0F60721C7F8BB
:10D830002490215000BF00BF786AB0F1FF3FFBDCAD
:10D8400048F635204DF6B241CFF66220386042F2FC
:10D85000B070C2F6F9013960C6F6F93038604FF69B
:10D86000484049F20971C4F26240C1F21B113960AB
:10D87000FFF7FEF980460520C4F2C250FFF7F8F921
:10D8800005464AF63040C3F62D00FFF7F1F906468B
:10D8900049F6B600C8F20420FFF7EAF9034640460D
:10D8A00029463246FFF730FA43F20B60C0F6854056
:10D8B000FFF7DEF9804641F27A40C8F29470FFF734
:10D8C000D7F9054647F2E470C9F6E170FFF7D0F9E1
:10D8D000064642F6E420C3F6D600FFF7C9F9034630
:10D8E000404629463246FFF7DFF94FF4003047F84B
:10D8F000180CF868800408D42020C7F89C00022087
:10D90000C0F2010001B0BDE8F08F4FF6FF70386142
:10D910004FF4087044F80A0047F64360C3F6F66017
:10D92000FFF7A6F904464DF23650CBF68270FFF7AA
:10D930009FF9054642F2C930C6F28D40FFF798F9CB
:10D94000064647F6A760CAF6AD30FFF791F90346E1
:10D95000204629463246FFF707FA4020C7F89C00C8
:10D96000F868C004FCD4002001B0BDE8F08FD4D426
:10D970002DE9F04F81B041F200654FF6BC60C4F272
:10D980003B05CFF6FF702858C00604D04FF00110B9
:10D9900001B0BDE8F08F41F624271120C4F23B0707
:10D9A000C0F2820010384FF64466C7F8DC004FF62C
:10D9B0004C60CFF6FF70CFF6FF760021295040F281
:10D9C0009411A220C0F60731A851396000BF00BFF2
:10D9D000A859B0F1FF3FFBDC4BF6562040F275082A
:10D9E000C0F2C710C0F60008FFF742F94FF62069F1
:10D9F000CFF6FF7945F80900A220A851A8F101004F
:10DA0000386000BF00BF00BFA859B0F1FF3FFBDC8A
:10DA100004240020C0F20104FFF72AF94AF620018D
:10DA200045F80900C3F2000129600320286004F1D1
:10DA30001C00286040F6210028608020286000BF7C
:10DA4000D5F80801C007FBD1D5F80801C007FBD104
:10DA50008020C5F8040140F66300286040F6840089
:10DA6000286040F6A50028604BF2C04028601320D3
:10DA700028604BF2E04028604FF4527028604FF469
:10DA800035402860B72028604AF6A77044F63B511D
:10DA90004EF6091243F62F43C0F21A00CEF2197166
:10DAA000C4F26062CDF24463FFF7FEF84FF63C64C7
:10DAB0004FF65861CFF6FF74CFF6FF7147F601407D
:10DAC00028604FF4C0002851002068504FF6406095
:10DAD000CFF6FF70295819B3295801293FD100BF4B
:10DAE000D5F80801C007FBD1D5F80801C007FBD164
:10DAF000052043F6DC61C0F22000C5F8040142F2C3
:10DB0000921042F2C7324CF2AD43CFF2E900CFF2AD
:10DB1000B471C6F2C422C6F2057342E000BF00BF72
:10DB2000D5F80801C007FBD1D5F80801C007FBD123
:10DB300005204FF65841C0F2200042F63A0202306A
:10DB4000C5F804014FF2F9404FF24D73C7F6E830C3
:10DB5000CDF62841C7F23F12C5F2934321E0285881
:10DB6000022820D100BF00BFD5F80801C007FBD1B3
:10DB7000D5F80801C007FBD105207821C0F22000AC
:10DB80004DF2EA620130C5F8040145F213604DF22E
:10DB90000E63CCF69520CCF28A21C4F20762C7F25C
:10DBA000EB63FFF7B1F848F207424FF4E060C0F6CC
:10DBB0003D62B8603A604FF600621121CFF6FF7205
:10DBC0004FF6046BC0F28401CFF6FF7B01F17000C9
:10DBD000A85000BF00BF00BF55F80B004000FBD4A9
:10DBE0004FF4C050285100BFD5F808014007FBD5BD
:10DBF0004FF49050285100BF78684006FCD40021B3
:10DC00004FF42060C8F2040128514FF400602860EE
:10DC100001F506002921C0F24431A860A95000BFD7
:10DC200055F80B004000FBD44FF63C6142F6E0088B
:10DC3000CFF6FF71C3F2204845F266094FF4C05099
:10DC4000C1F20009685043F6A000286043F2054085
:10DC5000286042F604002860C5F80080C5F80090EE
:10DC6000A8F1D8002860C5F8009043F285402860EC
:10DC70004CF61F2046F6F9314BF6CA6249F6DB1323
:10DC800043F6040AC5F6E050C8F69711CAF6230217
:10DC9000CFF20063C0F2001AFFF736F84FF6586172
:10DCA0000020CFF6FF714FF0100E42F2854268500F
:10DCB0004BF2E04028605A20286040F6420028607D
:10DCC00040F6C60028604BF280402860042028609F
:10DCD0004BF2A0402860022028604FF411504FF40E
:10DCE000335100BF00BF00BFC5F800A0C5F80080D9
:10DCF000C5F80090286029602A600FF00BC84FF625
:10DD000058674FF63C61CFF6FF77CFF6FF7148F6C4
:10DD1000400C42F200040020E85142F62042C3F6D3
:10DD2000000C2A60C5F800C04FF480722A6080227F
:10DD3000AA604FF41813C0F240046B506C50E851C5
:10DD40004BF2E0432B6033232B604BF280432B607C
:10DD500024242C60C5F800A0C5F80080C5F8009008
:10DD60004FF433542C602B6026232B60C5F800A0A1
:10DD70008A46C5F80080C5F800900CF120012960A2
:10DD80002860AA604FF4260045F80A004AF21B708A
:10DD90004BF2176145F6781249F61533C3F2C030DD
:10DDA000C6F2ED01C3F66872C8F6C753FEF77CFFF2
:10DDB0004FF4800045F80A0055F80A00400200F1CF
:10DDC0004A824EF2B55041F6F23149F28B024DF6DD
:10DDD0001743C3F64560CCF69701C1F66512C7F646
:10DDE0001C53FEF761FF41F6242740F20411C4F2F0
:10DDF0003B07A220C0F63041A851396000BF00BFE8
:10DE0000A859B0F1FF3FFBDC11240020C0F24234DE
:10DE1000FEF72EFF4FF620694FF60062CFF6FF792E
:10DE2000CFF6FF7240F2750845F809000020C0F6F1
:10DE30000008C8F20400A860AC5000BF00BF00BFDB
:10DE400055F80B004000FBD44FF4C05045F80A00D1
:10DE50004FF4C060B86048F207401123C0F63D603F
:10DE6000C0F2840300F58050386000BF00BF00BFDF
:10DE7000D5F80801C007FBD1D5F80801C007FBD1D0
:10DE80001320C0F21C00C5F8040103F16000A85083
:10DE900055F80B004000FBD440F205514FF4C05040
:10DEA000C0F63D6145F80A00396000BF00BF00BF01
:10DEB000D5F80801C007FBD1D5F80801C007FBD190
:10DEC0001320C0F20400C5F80401AB5000BF00BF2E
:10DED00055F80B004000FBD44FF4C05045F80A0041
:10DEE000D5F808010007FBD40020C5F80001002088
:10DEF000C8F204008030A860AC5000BF00BF00BF73
:10DF000055F80B004000FBD411244FF4C050C0F270
:10DF1000820445F80A00A220A85108F13F003860A9
:10DF2000A859B0F1FF3FFBDC0020FEF7A1FE45F849
:10DF3000090049F6911049F6F67149F2064242F697
:10DF40002453C4F6FC50C2F6E041C7F64A32CAF682
:10DF50007F13FEF7A9FE40F2A230A851C7F8008057
:10DF6000A859B0F1FF3FFBDC0020FEF781FE45F829
:10DF700009000020FEF77CFE45F809000020FEF7AE
:10DF800077FE45F809000120FEF772FE4FF60062A9
:10DF900045F809004FF4807048F60751B86000203A
:10DFA000CFF6FF72C0F233713960C8F2040021214C
:10DFB00000F18270C0F28901A860A95000BF00BFC3
:10DFC00055F80B004000FBD44FF4C05045F80A0050
:10DFD00008F140003860AC5055F80B004000FBD40D
:10DFE0004FF4C05045F80A004CF2C45045F2EB2102
:10DFF0004FF25D6242F2E153C6F6C200C6F28331CF
:10E00000CAF24352C8F29853FEF74EFE4FF6006034
:10E01000C7F80080CFF6FF702C5000BF00BF00BFD4
:10E0200055F80B004000FBD440F204184FF4C050E8
:10E03000C0F6204845F80A00FEF7C2FE4FF2EC1089
:10E0400045F2AC614AF62E4242F2CE53C9F2662046
:10E05000C7F2EB71C3F28422C4F69133FEF724FEBB
:10E06000A220A851A8F13000386000BF00BF00BF57
:10E07000A859B0F1FF3FFBDC0020FEF7F9FD45F8A1
:10E08000090046F2CE304CF64A2143F65B724BF65D
:10E090007463C1F6FE20CDF68E01CFF27D22CBF661
:10E0A000C313FEF701FEFEF78BFE4AF2893042F2FF
:10E0B000AA414FF6B3224CF63943C8F6E050CEF2EF
:10E0C000C941C5F2EE62C6F25B33FEF7EDFDA22058
:10E0D000A851C7F8008000BFA859B0F1FF3FFBDC92
:10E0E0000020FEF7C5FD45F809004FF60860CFF6A1
:10E0F000FF7042F21201295029584900FCD542F222
:10E10000F40455F80900C2F20624206455F80910F9
:10E11000616455F80910A16455F80910E164FEF72F
:10E12000A7FD2064606CFEF7A3FD6064A06CFEF7A1
:10E130009FFDA064E06CFEF79BFDE06442F6680082
:10E140004DF6CA714DF20B0246F2AE73CBF2C72008
:10E15000CAF67E61C1F2C972CFF2D403FEF7A4FD04
:10E16000FEF72EFEA220A851C7F8008000BF00BF16
:10E17000A859B0F1FF3FFBDC0020FEF779FD4FF618
:10E1800000620521CFF6FF7245F809004FF00050FC
:10E19000C0F2C20145F80B00A95000BF00BF00BF8C
:10E1A00055F80B004000FBD40D214FF4C050C0F2D5
:10E1B000020145F80A00A95055F80B004000FBD4B5
:10E1C00041F201014FF4C05045F80A004FF0805071
:10E1D000C0F2C00145F80B00A95000BF00BF00BF4E
:10E1E00055F80B004000FBD44FF4C05045F80A002E
:10E1F00048F20200C7F8DC0040F60150C7F8E4001E
:10E2000048F20100C7F8DC004FF40570C7F8E400DD
:10E210004BF648704AF2A8614AF6B62246F292439B
:10E22000C5F65A20C1F69521CFF27F62C1F684036C
:10E23000FEF79AFD4FF6BC614020CFF6FF716850A3
:10E240004FF62C60CFF6FF702958C904FCD400208B
:10E2500001B0BDE8F08F47F29B6041F25C5147F29C
:10E26000F06246F20D73CFF2AE40CFF65A11C3F60C
:10E270003742C7F25E43FEF777FD4FF6BC614020A0
:10E28000CFF6FF7168504FF62C60CFF6FF7000BFDD
:10E290002958C904FCD40420C0F2010001B0BDE833
:10E2A000F08FD4D4D4D4D4D480B582B043F2080053
:10E2B000C4F22000016821F000410160FEF7ECFD8E
:10E2C000FFF72EFA08B102B080BD41F224404FF0B2
:10E2D0000111C4F23B0001604160FFF749FB0028D7
:10E2E000F1D144F23800C4F22000006800F00F00C1
:10E2F000019001A8FEF75CFE02B080BDD4D4D4D456
:10E3000080B5FEF7D5FD00281CBF0220C0F2010039
:10E3100080BDD4D4D4D4D4D40122002818BF00297D
:10E3200001D1104670474A6822B90A88002A1CBFEA
:10E330000120704745F254220368C5F24F02934210
:10E3400001D10E20704780B50260084600F008F841
:10E350000022BDE8804010467047D4D4D4D4D4D431
:10E3600070B5044600F064F842F2B41CEFF310817B
:10E37000C2F2062C012080F31088DCF8000038B9C6
:10E3800040F614500022C4F2400002704022027095
:10E39000DCF800000130CCF8000081F31088208800
:10E3A00030B340F6000E0021C4F2400E08E000BF7A
:10E3B0000EEB8010013140F822302088814217D2C4
:10E3C000606800EBC10250F831309288D8034FEA00
:10E3D0001220D2B2ECD50EEB801555F8226026F44F
:10E3E000803645F8226023F4803645F82260DFE766
:10E3F0000120EFF3108180F31088DCF8000020B1D9
:10E40000DCF800000138CCF80000DCF8000010B1A6
:10E4100081F3108870BD40F614500022C4F2400011
:10E4200002708022027081F3108870BDD4D4D4D4DD
:10E430002DE9F04F81B004460088002862D04EF6E6
:10E440004C4B0025C4F2010B4FF0010A04E000BF61
:10E4500020880135854255D242F2400645F6F478CF
:10E460000027C4F22006C0F201280AE000BF00BF66
:10E470003070C820012100F083FA01370236032FE3
:10E48000E6D0606838F8021B00EBC50082888A423B
:10E49000F3D100689BF8001000F0B8500AFA07F9B1
:10E4A000B0F1807F09EA010016D158B9012000F0CF
:10E4B00013FB9BF8000040EA09008BF800000120E4
:10E4C00000F0DEFA96F900000028D6D4307840F04B
:10E4D0008000CDE700BF00BF58B1012000F0FCFA7A
:10E4E0009BF8000020EA09008BF80000012000F0F2
:10E4F000C7FA96F90000B0F1FF3FBEDC307800F0BB
:10E500007F00B5E701B0BDE8F08FD4D4D4D4D4D423
:10E510004EF22401C4F201018878097801F00F025B
:10E52000A2F1080103293BD8DFE801F0022C101EFC
:10E5300041F26011C2F2062151F820004AF6AB21E7
:10E54000CAF6AA21A0FB0101480830E041F260119F
:10E55000C2F2062151F820004AF6AB21CAF6AA21E0
:10E56000A0FB0101C80822E041F26011C2F20621BD
:10E5700051F820004AF6AB21CAF6AA21A0FB0101FE
:10E58000080914E041F26011C2F2062151F820009E
:10E590004AF6AB21CAF6AA21A0FB0101880806E0D1
:10E5A00041F26011C2F2062151F82000D04042F23F
:10E5B000C411C2F2062108607047D4D4D4D4D4D494
:10E5C0002DE9F0474EF2FA394CF20414C4F2010975
:10E5D000C4F201044AF201504AF20158CFF6FF702A
:10E5E0000230A9F800000120208000BF00BF00BF5A
:10E5F000208808B12FF005C0B1A041F26016C2F228
:10E6000006264EF2240790ED001FC4F2010742F6E1
:10E610000020012124F8041C86ED001FC1F2755072
:10E620004FF40041C6E90410C6E90700B87839780C
:10E6300001F00F02A2F1080103292BD8DFE801F055
:10E6400002200C164AF6AB2156F82000CAF6AA2181
:10E65000A0FB0101480820E04AF6AB2156F8200053
:10E66000CAF6AA21A0FB0101C80816E04AF6AB21B0
:10E6700056F82000CAF6AA21A0FB010108090CE007
:10E680004AF6AB2156F82000CAF6AA21A0FB0101E8
:10E69000880802E056F82000D04042F2C41A4EF634
:10E6A0000045C2F2062AC4F20105CAF80000287823
:10E6B00018B96878800700F0FA80287858B90120E6
:10E6C0002870C820012100F05BF900BF00BF00BF27
:10E6D00028780128FCD10020687028700020B874C8
:10E6E000387EC007FCD044F21170B88040F211109F
:10E6F00038850020B87100BF387E8006FCD548F60A
:10E7000098150220C9F68A05207647F8045C08208F
:10E7100038700520B870B878397801F00F02A2F18E
:10E72000080103292BD8DFE801F002200C164AF675
:10E73000AB2156F82000CAF6AA21A0FB0101480827
:10E7400020E04AF6AB2156F82000CAF6AA21A0FB29
:10E750000101C80816E04AF6AB2156F82000CAF6B7
:10E76000AA21A0FB010108090CE04AF6AB2156F8EA
:10E770002000CAF6AA21A0FB0101880802E056F891
:10E780002000D040CAF800009620012100F0F8F8DF
:10E790000020387047F8045CB878397801F00F022F
:10E7A000A2F1080103292BD8DFE801F002200C16A2
:10E7B0004AF6AB2156F82000CAF6AA21A0FB0101B7
:10E7C000480820E04AF6AB2156F82000CAF6AA21F4
:10E7D000A0FB0101C80816E04AF6AB2156F820005C
:10E7E000CAF6AA21A0FB010108090CE04AF6AB21F8
:10E7F00056F82000CAF6AA21A0FB0101880802E011
:10E8000056F82000D040CAF800009620012100F000
:10E81000B7F80520B870B878397801F00F02A2F186
:10E82000080103292BD8DFE801F002200C164AF674
:10E83000AB2156F82000CAF6AA21A0FB0101480826
:10E8400020E04AF6AB2156F82000CAF6AA21A0FB28
:10E850000101C80816E04AF6AB2156F82000CAF6B6
:10E86000AA21A0FB010108090CE04AF6AB2156F8E9
:10E870002000CAF6AA21A0FB0101880802E056F890
:10E880002000D04042F20001CAF80000C4F20001AA
:10E890000020A1F80080BFF35F8F08724FF425407D
:10E8A000BFF35F8F0880A9F80000BDE8F0874FF440
:10E8B0007A7000F00DF811E700BF00BF00BF00BF85
:10E8C000002D310100127A000080000000000000DD
:10E8D0007047D4D4D4D4D4D4B0B542F22404C820E0
:10E8E000C4F2200401210025257100F049F82570AB
:10E8F000207808B12FF005C0207840F00200207089
:10E9000020788007FCD4002004F8020C00BF00BF70
:10E9100014F8020C08B12FF005C84FF0030E0020C8
:10E9200004F11C0100BF00BF11F8102002F07F02AB
:10E9300001F8102000BF00BF11F91020002AFBD4FD
:10E9400001300FF00FC8012000F0C6F84EF64C4120
:10E950000120C4F2010100220A70BDE8B04000F0BD
:10E960008FB8D4D4D4D4D4D428B10021C0F2066155
:10E9700001600020704701207047D4D4D4D4D4D48F
:10E9800042F2C41241F20023C2F20622C0F27A031C
:10E99000484312689A420FD344F23F21C0F20F015C
:10E9A00011444DF68362C4F21B32A1FB0212910C9A
:10E9B000A0FB0101C9B11DE04CF60021C3F69A315C
:10E9C000B1FBF2F148F63812C0F24102904205D292
:10E9D0004FF47A725043B0FBF1F006E0B0FBF1F077
:10E9E000904207D24FF47A714843002808BF70471D
:10E9F00000F006B84FF0FF3000F002B8D4D4D4D401
:10EA000001380028FCD17047F0B581B04CF22015D8
:10EA100042F27417C4F200050024C2F2062735F84A
:10EA2000200C2988084086B205E000BF00BF00BF67
:10EA30000134102C0AD026FA04F0C007F8D057F899
:10EA400024100029F4D020468847F1E725F8106CFF
:10EA500028883042FCD101B0F0BDD4D4D4D4D4D471
:10EA600046F24810C0F201200088002808BF704715
:10EA70004CF20031C4F2000108607047D4D4D4D401
:10EA8000EFF31081012282F3108842F2B812C2F231
:10EA9000062232F8103023B132F81030013B22F850
:10EAA000103032F8102012B181F3108870474EF206
:10EAB000FA3246F24A1CC4F20102C0F2012C138859
:10EAC0003CF8100043F4254323EA0000108081F352
:10EAD00010887047D4D4D4D410B5EFF3108101223C
:10EAE00082F3108842F2B812C2F2062232F81030D5
:10EAF00083B94EF2FA3E46F24A1CC4F2010EC0F24D
:10EB0000012CBEF800403CF81030234343F4254369
:10EB1000AEF8003032F81030013322F8103081F3B3
:10EB2000108810BDD4D4D4D400F00AF8F3F708FE4E
:10EB3000FEE7D4D4D4D4D4D400BE7047D4D4D4D433
:10EB40002DE9F04381B04EF6085840F20120CEF294
:10EB50000008C0F20E004EF20004C8F80C00CEF21D
:10EB60000104BFF34F8FBFF36F8F58F8081C236861
:10EB7000C1F3035043F0040301285FEA1F922360AE
:10EB800011F00F0F5FEA0F91BFF34F8FBFF36F8F3D
:10EB900011420DD101280BD84EF20800CEF2000030
:10EBA000016841F480310160BFF34F8FBFF36F8F75
:10EBB0004FF4700040F20001C8F880000020C0F25D
:10EBC0000021C8F800100025F3F712F8FFF7F8FC51
:10EBD0004EF2FA304EF6B022C4F20100C4F2010245
:10EBE0004AF20251018015704FF425410180012045
:10EBF000F2F7FEFF40F26010C2F2062080F30A88AE
:10EC00002068800724D5D8F80000B0F1007F1FD11C
:10EC100020694FF40071C0F3C300626901FA00F388
:10EC2000C2F3C30081400020DA08CB080146074642
:10EC300042F007C000BF00BFE7E802010FF005C0C7
:10EC40004FF0005243F005C0E2E802010FF005C0AA
:10EC500046F20C04C0F20124276897B160683E4672
:10EC6000051D05E000BF00BF013E05F10C0508D001
:10EC700068790028F8D155E90101091A00F0F9F97D
:10EC8000F2E7D4F80890B9F1000F13D0E0684E46CF
:10EC900000F1080504E000BF013E05F1100509D0B0
:10ECA00068790028F8D155E902022968121A00F0A3
:10ECB000E5F9F1E7FFF72CFCFFF70EFE0320FFF765
:10ECC0000BFF4FF00A0E40F63050C4F24000002116
:10ECD00020F8041B0FF005C00320FFF7D1FE03202E
:10ECE000FFF7FAFE44F204000021C4F220000160A4
:10ECF00041608160C1600320FFF7C2FE0220F2F78D
:10ED000077FF9FB160684FF48076051D04E000BF77
:10ED1000013F05F10C0509D06879B6EB002FF7D15A
:10ED200055E90101091A00F0A4F9F1E7B9F1000F62
:10ED300016D0E0684FF4807500F1080405E000BFCC
:10ED4000B9F1010904F110040AD06079B5EB002F84
:10ED5000F6D154E902022168121A00F08FF9EFE7A8
:10ED600042F2CC14C2F20624204600F008FC2046F1
:10ED700000F0CCFBBFF34F8FBFF36F8F0020C8F8BC
:10ED8000480246F2666046F26661C0F20120C0F2B7
:10ED90000121BFF34F8F081ABFF36F8F8410012C2E
:10EDA0000BDB46F26665C0F2012500BF00BF00BF65
:10EDB00055F8040B8047013CFAD1FFF751FE0020C3
:10EDC00001B0BDE8F04300F003B8D4D4D4D4D4D417
:10EDD0007047D4D440B584B002AE009600F004F879
:10EDE000029A039B04B040BD2DE9F04FDDF824B03A
:10EDF000844671B1C2B1BBB3B1FA81F7B3FA83F6FD
:10EE0000F71B202F07D207F10109B9F1200F1BD101
:10EE100037E0002B42D0BBF1000F18BFCBE900C197
:10EE200000200021BDE8F08F002B45D0002846D0FF
:10EE30005F1E3B427ED0B1FA81F7B3FA83F6F71B2F
:10EE40001F2FE8D207F10109C7F11F0720FA09F6C1
:10EE500021FA09FC01FA07F4B84034434FF0000AE4
:10EE6000B9F1010F17D088E0571E3A4235D0B1FAF8
:10EE700081F7B2FA82F6F71B07F12109B9F1200FE9
:10EE800045D14FF0000C4FF020090C464FF0000A1E
:10EE9000B9F1010F71D14FF0000EB8E0B0FBF2FCF8
:10EEA000BBF1000F1EBF0CFB12000021CBE90001DB
:10EEB00000216046BDE8F08F6046BDE8F08FB1FBF1
:10EEC000F3FCBBF1000F1EBF0CFB13100021CBE9BC
:10EED000001000216046BDE8F08FBBF1000F1EBF9F
:10EEE00000230740CBE90073012A00F0BA8092FAB0
:10EEF000A2F24F00B2FA82F202F01F03D140D840D2
:10EF00001F23934307FA03F31843BDE8F08FB9F1C9
:10EF10001F0F1FD8C9F1200620FA09F721FA09FCB2
:10EF200001FA06F4B0403C434FF0000AB9F1010F7A
:10EF3000B1D022E0BBF1000F1CBF07EA0100CBE912
:10EF400000C093FAA3F0B0FA80F021FA00F000219B
:10EF5000BDE8F08FA9F1200CC9F1400720FA0CF6AA
:10EF600001FA07F4264321FA0CF400FA07FA4FF0ED
:10EF7000000C3046B9F1010F8DD029F001070126B0
:10EF8000023F4FF0000B06EB570E4FEA4C0747EAE3
:10EF9000D477640044EAD0744000FD43E14389180B
:10EFA00043EB0508A51A67EB0306B8F1000F56EA14
:10EFB000478755EA44867F0047EAD677760046EAD7
:10EFC000D07440EADA70A51A6FEA040167EB030611
:10EFD00089184FEA40006FEA0701594156EA478C09
:10EFE00055EA4484CF0F4BEA4A01BB4640EAD17050
:10EFF000490041EAD87A0FF039C05FEAC97103D1FC
:10F000005246DDF824B01EE0DDF824B0BE466700AD
:10F010004FEA4C0147EAD07741EAD471B7EB0208D6
:10F020004FEA400061EB0304FD4352196FEA010609
:10F0300053EB060240EADA7054EA418C58EA4784FE
:10F04000D70F4EEA4A02D10FBBF1000F41EA40014F
:10F050004FEA420020F0010018BFCBE9004C07EB5B
:10F06000000C6046BDE8F08F0B4611461A4600F0D2
:10F07000F9B90A46002100F0F5B9D4D4844641EA32
:10F08000000313F0030349D1403A23D30B68036014
:10F090004B6843608B688360CB68C3600B69036116
:10F0A0004B6943618B698361CB69C3610B6A0362FE
:10F0B0004B6A43628B6A8362CB6AC3620B6B0363E6
:10F0C0004B6B43638B6B8363CB6BC36340304031CB
:10F0D000403ADBD230320BD30B6803604B6843609D
:10F0E0008B688360CB68C36010301031103AF3D264
:10F0F0000C3205D351F8043B40F8043B043AF9D2F2
:10F10000043208D0D2071CBF11F8013B00F8013BC4
:10F1100001D30B8803806046704700BF082A13D3D1
:10F120008B07B1D010F00303AED0C3F10403D21AA1
:10F13000DB071CBF11F8013B00F8013BA4D331F8F9
:10F14000023B20F8023B9FE7043AD9D3013A11F879
:10F15000013B00F8013BF9D20B7803704B78437008
:10F160008B7883706046704770B581423CBF01EB7D
:10F17000020C604521D3042A11D20346002A70D024
:10F1800012F0030513D08C461C461CF8016B012DB0
:10F1900004F8016B27D1511E042A4FD261E041EAE5
:10F1A00000039B072AD0034612F00305EBD18C46DF
:10F1B0001C461146042A41D253E000EB020E042AF9
:10F1C00027D273466146002A4BD012F0030529D09E
:10F1D0008C461C461CF8016D012D04F8016D43D1CD
:10F1E000A2F1010E75E04E78022D5E701ED101F184
:10F1F000020C9C1C911E042A20D232E0102A31D32A
:10F20000A2F1100C6FEA0C0313F0300F3DD103464E
:10F21000A1E04CEA0E01890731D06146734612F035
:10F220000305D5D18C461C46964652E08E7801F1F6
:10F23000030CDC1CD11E9E70042A12D30439012257
:10F2400002EB910E211FACF1040212F8043F01F809
:10F25000043F53784B7093788B70D378CB700FF05A
:10F260000DC070BD0346A3E08C461C461CF8026D21
:10F27000022D04F8026D24D1A2F1020E29E0141F20
:10F28000E14311F00C0F3DD1D2E00B681CF0300FC0
:10F2900003604B6843608B688360CB68C36049D070
:10F2A0000B6903614B6943618B698361CB69C361FE
:10F2B0000CF03003102B42D1203A00F12003203112
:10F2C00049E011F8036DA2F1030E03F8036D8C46BB
:10F2D0001C46042AC5D3AEF10401012202EB910EB3
:10F2E000ACF10201221F4B78D3700B78937011F8A8
:10F2F000013C537011F8023C043902F804390FF054
:10F300000FC0AEE76146734651F8045D14F00C0F70
:10F3100043F8045D00F081806146734651F8085D52
:10F3200043F8085D04F00C05042D7AD1083A8C46A8
:10F330009E467DE000F11003103162460BE00B6A3F
:10F34000303A03624B6A43628B6A8362CB6A303124
:10F35000C36200F13003BCF1300F26D30E68403A8F
:10F360001E600F2A4E685E608E689E60CE68DE600A
:10F370000E691E614E695E618E699E61CE69DE61B5
:10F380000E6A1E624E6A5E628E6A9E62CE6ADE629D
:10F390000E6B1E634E6B5E638E6B9E63CE6B01F1D4
:10F3A0004001DE6303F14003D8D8042AFFF4E6AE3F
:10F3B00000249C460E59151F01EB040E042D1E510E
:10F3C0001AD31D19DEF804606E60A2F10806042E3F
:10F3D00018D3DEF80860AE60A2F10C06042E16D336
:10F3E000103A10340CF1100CDEF80C60032AEE60B9
:10F3F000E0D823442144C1E60CF104030EF10401DA
:10F400002A46BBE60CF108030EF1080103E00CF1FB
:10F410000C030EF10C013246B0E68C469E462246A5
:10F4200006E05CF80C1D0C3A4EF80C1D6146734664
:10F430000C2CFFF4C8AE6146734651F8046C103AC8
:10F4400043F8046C032A51F8086C43F8086C51F82F
:10F450000C6C43F80C6C51F8106D43F8106DECD83F
:10F46000B1E6D4D470B4840746D0541E002A41D0EB
:10F47000CDB2034602E0621EE4B3144603F8015B1A
:10F480009A07F8D1032C2ED9CDB245EA05250F2CC9
:10F4900045EA054519D9264603F11002103E0F2E04
:10F4A00042F8105C42F80C5C42F8085C42F8045CDC
:10F4B00002F11002F2D8A4F1100222F00F0204F0BF
:10F4C0000F041032032C13440DD91E462246121F7E
:10F4D000032A46F8045BFAD8221F22F00302121D09
:10F4E000134404F003042CB1C9B21C4403F8011BFB
:10F4F000A342FBD170BC704714460346C2E7D4D484
:10F500000148006870470000C821062240F2080147
:10F51000C0F20001401A42F2C811C2F2062108608E
:10F52000704720F0030110F00300C0F1000051F813
:10F53000043B00F1040C4FEACC0C6FF000021CBF3E
:10F5400022FA0CF213434FF0010C4CEA0C2C4CEA5B
:10F550000C4CA3EB0C0222EA030212EACC1204BF09
:10F5600051F8043B001DF4D0C2F1000102EA01028F
:10F57000B2FA82F2C2F11F0200EBD200704710B55E
:10F5800040F28C1140F20002C0F20021C0F20002F1
:10F590000446FFF773FD40F2000040F20401C0F2A0
:10F5A0000000C0F200012044FFF763FD10BD81B0F0
:10F5B000B0B589B00C464FF20361C0F200210025BE
:10F5C00001914FF4003194460DAA009101190D9359
:10F5D000002C0892CDE906550490CDE9025518BFDC
:10F5E000481E48BF002005906846614600F012F8AA
:10F5F000002C1CBF04990D7009B0BDE8B04001B0EB
:10F600007047D1E904239A421EBF531C0B6110704E
:10F610007047D4D42DE9F04F9BB0814680781A9280
:10F62000800740F1DF85D9F80400002712908A4650
:10F630001A98199013A8821D0C92421E1192421D15
:10F6400004300D920E900F91514611F8010B2528B0
:10F6500003D08A4638B900F0C7BD9AF801500AF1C4
:10F66000020A252D07D1129A4946904701370028F2
:10F67000EAD500F0B1BD002200244FF000084FF0A1
:10F68000000B04E01AF8015B002D00F01D811FFA49
:10F690008BF61F2E20D8A5F1200010281ED8DFE8F9
:10F6A00010F015001D001D0018001D001D001D009C
:10F6B00014001D001D001D0011001D00CC001D00C8
:10F6C0001D00C9004BF0020B00E0DBE74BF0040B20
:10F6D000D8E74BF0100BD5E77F2E0DD8A5F1300001
:10F6E000092840D8402E80F0A08004EB84014BF024
:10F6F000200B00EB4104C5E7A5F14C002E2800F2D9
:10F70000E480DFE810F08F00E200E200E200E200B7
:10F71000E200E200E200E200E200E200E200E200D9
:10F72000E200E200E200E200E200E200E200E200C9
:10F73000E200E200E200E200E200E200E200A400F7
:10F74000E2008F00E2009D00E200E200E200E20041
:10F75000E200E200E2002F00E200E200E200E2004C
:10F76000E2002F008EE7A5F12400562800F2AD80BC
:10F77000DFE810F08300AB00AB00AB00AB00AB00E8
:10F780007400AB00AB00AB009A00AB00AB00AB0069
:10F79000AB00AB00AB00AB00AB00AB00AB00AB0011
:10F7A000AB00AB00AB00AB00AB00AB00AB00AB0001
:10F7B000AB00AB00AB00AB00AB00AB00AB00AB00F1
:10F7C000AB00AB005800AB00AB00AB00AB00AB0034
:10F7D000AB00AB00AB00AB00AB00AB00AB00AB00D1
:10F7E000AB00AB00AB00AB00AB00AB00AB00AB00C1
:10F7F000AB00AB00AB00AB00AB00AB006D00AB00EF
:10F800005800AB006600AB00AB00AB00AB00AB0038
:10F81000AB00AB005700AB00AB00AB00AB00AB00E4
:10F8200057002FE74BF4207B2CE708EB880100EB17
:10F83000410827E74BF0010B24E74BF0080B21E7C9
:10F840000BF080004BEA800040F0800B1AE70BF4CD
:10F8500080704BEA400040F4807B13E7002A7FF47D
:10F8600011AF19983F2E00F104011991006828D8B2
:10F870004BF0200B0022044604E7DAB11A98402E20
:10F88000199019A90F98154654EA388200F0B0FC77
:10F890001998402E2A4600F104011991006850EA97
:10F8A000348458EA3088EDE63F2E00F29D844BF018
:10F8B000400BE7E622464FF0000800244FF0000B13
:10F8C000E0E600228046DDE600252AB11A9819A953
:10F8D00019900F9800F08CFCB8F1000F48BF2BF086
:10F8E000400B002C28EAE87C45F0200248BF4BF092
:10F8F000080B54EA54B0612A10901CBFA2F16500B5
:10F90000022825D81998561B612A00F1070020F01B
:10F9100007010B46496853F8080B199346D1F2B218
:10F9200000925FEA4B6213AA58BF4FF0FF3C634658
:10F93000E04600F0FCFD01300B904BF4C05B01236E
:10F94000C0B28045D8BFA0F10108702009905EE0E8
:10F95000A5F16300122800F2178108230026DFE8D2
:10F9600010F04001130013011301130113011300E0
:10F97000130113011301130113016F016B01130133
:10F9800013011A01130139011FFA8BF15FEA0B60B1
:10F9900000F117811998021D19920068CA0540F1FB
:10F9A0001781890554BF00B240B211E15FEA4B6391
:10F9B00058BF4FF0060C662A0BD0652A11D1652579
:10F9C0004BF4805BE0460CF101034FF0000C09950D
:10F9D00011E066224BF4005B012509921123E046F9
:10F9E0000AE05FEA0C63E04663464FF0000C08BF94
:10F9F0000123023A0992002513AADBB2CDE9005C8B
:10FA0000112B28BF112300F072FF02230B90139DCE
:10FA1000A4469DF85000A5F10A01A5F1640211F178
:10FA2000130F38BF022312F1C70F38BF0323C107DA
:10FA300011D15FEA8B713AD41FFA8BF11446202260
:10FA400002EAC10E11F0040F22465FEA1F9410F083
:10FA50000C0F06D131E04FF02D0E002410F00C0FEA
:10FA60002BD0002C4FF00300109950EA109025463F
:10FA7000814218D95FEA0B7160D4CCF10001F046E5
:10FA80008C455CEACCB1441A129A20204946904732
:10FA9000002800F1A18301370134F5D30024C646C4
:10FAA000002D4ED055E00024002D4AD051E04FF0FB
:10FAB0002B0E002410F00C0FD3D11BF4405F0392E7
:10FAC000CDE907E5CDF814C040F015820A94B8F1ED
:10FAD000010F0B9C4FF0010058EA80801FFA8BF158
:10FAE000220600F0448198460E9BE2B29B5C302BCC
:10FAF00022D1631E1A061DD00E9DDAB2AD5C302DE8
:10FB000040F0DA81A31E1A0600F0DA810E9DDAB207
:10FB1000AD5C302D40F0D081E31E1A0600F0D0819C
:10FB20000E9DDAB2AD5C302D40F0C681089D043CDC
:10FB30002206D9D1002400224346C5E110990C1AAF
:10FB40003DB9129A704649469047002800F1448317
:10FB500001379DF8500043F2D611C0F20121000791
:10FB600042F24220C0F2012050EA51852878002854
:10FB700000F01E83801B129A4946C0B2904701379D
:10FB800001350028F2D527E3782A40F09980C5F1A5
:10FB900088032E4654E01998011D1991006843F21C
:10FBA000B041C0F20121002851EA00855FEA4B60B4
:10FBB00058BF4FF0FF3C2846614601F004FF06465F
:10FBC00017E01998890500F18B80011D19910068D3
:10FBD000C1178DE04FF6EF700BEA000B0A23752674
:10FBE0002EE01998012613AD011D199100688DF8BA
:10FBF0004C005FEA0B7010D41098B0420DD9129AE5
:10FC0000202049469047002800F1E68210980137ED
:10FC100001381090B042F2D8109610983744841BE7
:10FC2000002E00F0C58215F8010B4946129A904744
:10FC3000013E0028F4D5CFE24BF0100B10237826BC
:10FC40004FF6F9700BEA000E5FEA0B600B960CD4CE
:10FC50001998011D199106685FEACE510CD55FEA2B
:10FC60008E5054BFB6B2F6B206E019985FEA8E51D4
:10FC70000AD4011D19910668002156EA010008BF47
:10FC80002BF0160E77D10DE0073020F0070002466A
:10FC9000416852F8086B199256EA010008BF2BF030
:10FCA000160E68D100265FEA4B6063D50021B8F1DB
:10FCB000010F60DA4FF6E9700BEA0001A04665E03B
:10FCC000129A252049469047002800F18582129A11
:10FCD000284649469047023700287FF5B5AC7BE2BD
:10FCE000073020F007010A46496852F8080B1992BC
:10FCF00000295A46CDF82CC048BF42F4806250EA31
:10FD0000010323D080EAE17081EAE173B0EBE17096
:10FD100063EBE171A04613AC22F010060A232246E1
:10FD200000F08FFB3146061BDDF82CC0480630D5AD
:10FD30004FF6FE7044460840664505DA002D08BFC0
:10FD400021F01100614627E0314625E05FEA4B6073
:10FD50004FF0000040F1B2800021B8F1010FD9DA74
:10FD60004FF6EE70DDF82CC000EA0B0014E0002422
:10FD70000022A9E00021A04613AC30466546224689
:10FD8000764600F05EFB3146AC46061B0B9D4806EE
:10FD9000CED40846314644461FFA80FBC0060BD439
:10FDA00040F206401BEA000F5FEA0F9000EB0108EB
:10FDB0005FEA0B700AD531E0002D4FF0010050EAE8
:10FDC000009000EB01085FEA0B7027D45FEACB706C
:10FDD00009D01098B446804505DA10997018A0EB48
:10FDE000080C88461AE01098804517DA002CCDF8E8
:10FDF0002CC054EA54B00A906042844254EAC4B021
:10FE0000A0EB0804129A202049469047002800F1F0
:10FE1000E3810137013CF5D1DDE90A8C5FEACB6073
:10FE200015D440F206401BEA000F24D05FEA8B7025
:10FE300064464FF02B0058BF20205FEA4B5148BF6B
:10FE40002D20129A49469047002812D5C4E1129AF3
:10FE50003020494664469047002800F1BD8145B1F5
:10FE6000129A284649469047002800F1B58102378A
:10FE700000E00137A446E3466546B44509DD129A21
:10FE8000302049469047002800F1A681013DB54247
:10FE9000F5DC10985E45A0EB080456EACB800744D9
:10FEA000002E00F0858111984946129A805D904796
:10FEB000013E0028F4D58FE11C4603E0002129E72C
:10FEC000002400224346089DC9060B9452EA508143
:10FED00015F1040F09DB854207DA4BF4005B8D4214
:10FEE00006DAE84301EB000804E0A1F1010801E0B3
:10FEF0004FF000080A9C1FFA8BFCA5F57A714FEAB7
:10FF00000C52CDF828C0B4465FEA8B4002930491AE
:10FF100006920AD4184611F5FA6F98BF04200521FD
:10FF2000002A58BF0321084402E025EAE5700130A9
:10FF30000A9EB8F1000F84F00102109DA346C6F39B
:10FF4000001151EA08918B180344EB1A4FF0000599
:10FF500053EAC58416F0090F1CD1664694B10844D3
:10FF60001044059A51428A4252EAC2B1441A129A86
:10FF7000202049469047002800F12E8101370134A6
:10FF8000F5D300240798BBF1000F08D0069800288D
:10FF90000FD41FE066460798BBF1000FF6D1129A06
:10FFA00049469047002800F117810137069800283C
:10FFB00010D5129A302049469047002800F10C8154
:10FFC000C6F17800129A4946C0B29047002800F165
:10FFD000038102370A9800070BD454B12744129AC0
:10FFE000302049469047002800F1F680013CF6D1C8
:10FFF00000240A98800429D49DF851004946129A99
:020000040201F7
:100000009047002800F1E880B8F1010F5ADB129AFE
:100010002E2049469047002800F1DE8008EB0700BB
:1000200000F1020B0B98C5B20020471CAF4202D270
:100030000C99085C00E03020129A4946904700284D
:1000400000F1CA803846B845EFD149E00898C8F1B8
:10005000000B20EAE076851B0B985FFA80F8701C95
:1000600007D1129A2E2049469047002800F1B4800B
:1000700001373020002D03D44545BCBF0D98405DAD
:1000800049465E4507DD129A904701350137013E2A
:100090000028E4D5A0E0129A9047002800F19C8047
:1000A0000A99781CC90640F19580002E40F0908096
:1000B000129A2E2049469047B0F1FF3F40F38C80C2
:1000C000023775E00A98C00602D407F1010B07E079
:1000D000129A2E204946904700287DD407F1020B42
:1000E00009984946129A801BC0B29047002873D4E1
:1000F00008984946002850EA50B54FF02B0048BFF9
:100100002D20129A9047002866D4049810F5FA6FB3
:1001100016D844F6D350129AC1F262004946A5FBA4
:100120000006302000EB9610C0B29047002853D450
:10013000B0094FF47A7100FB11550BF1030605E08D
:1001400003980BF1020610F1C80F3DD848F21F507A
:10015000129AC5F2EB104946A5FB0007302000EBD0
:100160005710C0B29047002836D47809642100FBAC
:10017000115501364CF6CD40129ACCF6CC4049468A
:10018000A5FB0007302000EBD700C0B29047002845
:1001900022D4F808013600EB8000A5EB400505F1FC
:1001A0003000129A4946C0B29047002814D4771CF8
:1001B000012CFFF649AA129A2020494690470137A0
:1001C000013C0028F4D507E002980228D2D2E6E7E5
:1001D0000746EDE70746EBE799F8020040F0040018
:1001E00089F802004FF0FF3738461BB0BDE8F08FAA
:1001F000022AB8BF70472DE9F04F42F689084FF048
:10020000010CC0F2010804464FF0010E03E05F78D4
:100210009C1C252F29D1234613F8015B252D01D0E5
:1002200025B90BE16778A31C252F1DD11C4614F8B6
:10023000015B252D01D025B900E15F789C1C252F9D
:1002400013D1234613F8015B252D01D025B9F5E024
:100250006778A31C252F07D11C4614F8015B252DB8
:10026000D5D0002DD7D1E9E01C464FF000094FF062
:10027000000A002604E014F8017B002F00F0AA8099
:100280003346BAF11F0F0AD8A7F12005102D09D85F
:100290000CFA05F515EA080F40F07D8002E0BAF18E
:1002A0007F0F0AD8A7F13005092D3ED803EB830351
:1002B0004AF0200A05EB4306DDE7A7F14C052E2D99
:1002C00000F289801E46DFE815F06800860086008F
:1002D00086008600860086008600860086008600EE
:1002E00086008600860086008600860086008600DE
:1002F00086008600860086008600860086008600CE
:1003000086007800860068008600710086008600FE
:10031000860086008600860086002F008600860004
:100320008600860086002F00A5E7A7F1240BBBF10D
:10033000560F00F250800026DFE80BF0334D4D4D94
:100340004D4D324D4D4D324D4D4D4D4D4D4D4D4D13
:100350004D4D4D4D4D4D4D4D4D4D4D4D4D4D4D4DCD
:100360004D4D4D4D2F4D4D4D4D4D4D4D4D4D4D4DDB
:100370004D4D4D4D4D4D4D4D4D4D4D4D4D4D4D4DAD
:100380003F4D2F4D384D4D4D4D4D4D4D2C4D4D4DFF
:100390004D4D2C00FFE71E466DE74AF4207AFAE740
:1003A00069E7B9F1000F0FD1994664E70AF08005BB
:1003B0004AEA850545F0800AEDE70AF480754AEAC5
:1003C000450545F4807AE6E773457FF454AF63272B
:1003D000F14600E00027B9F1000F2FD0F14524D1FC
:1003E00047F02003612B1CBF653B022B05D80B682F
:1003F000073323F00703083313E0A7F16303102B3F
:100400000AD8DFE803F00C090909090909090909F3
:100410000909090909090C005FEA0A6309D40B6894
:1004200004330EF1010E04460B609645FFF6F3AE61
:1004300004E00B685FEA8A54DAD4F1E7BDE8F04FD4
:1004400070472DE9F04703F01F06984691468A460B
:1004500005462846514632460023FEF7BBFC0446BB
:1004600000FB16500F46A0EB0801092888BF01F1D8
:100470003700303089F80000A81B7AF1000049D31A
:100480002046394632460023FEF7A4FC054600FB11
:1004900016408A46A0EB0801092888BF01F1370001
:1004A000303089F80100A01B77F1000036D32846D0
:1004B000514632460023FEF78DFC044600FB1650E1
:1004C0000F46A0EB0801092888BF01F13700303042
:1004D00089F80200A81B7AF1000023D32046394690
:1004E00032460023FEF776FC054600FB16408A469E
:1004F000A0EB0801092888BF01F13700303089F8E6
:10050000030009F10409A01B77F10000A1D24846BD
:10051000BDE8F08709F10100BDE8F08709F10200AC
:10052000BDE8F08709F103094846BDE8F0872DE9E9
:10053000F04F86B0CF0FC1F30A566FF31F519B46A1
:1005400050EA010517715FEA0F9508BF002E0FD022
:1005500040F2FF74A6423AD10420002D18BF0820B3
:100560004FF0000B38441071584606B0BDE8F08FCC
:10057000002700200021DDF83CC0BBF1000F176010
:1005800035D4BBF10D0F35D3030F00F00F0A43EA4A
:1005900001130393030E541D43EA01230293030D39
:1005A0000D0D43EA01330193030C43EA0147030BAA
:1005B00043EA015E030A43EA01680309080A059059
:1005C000080943EA01790E0C0B0B049084E04FF606
:1005D0000247002ECFF6FF771CBFA6F2FF3701F5CA
:1005E0008011DDF83CC0BBF1000F1760C9D54FF09A
:1005F000000B44E03325A5EB8B03C3F12005132743
:100600004FF0020EA7EB8B072EFA05F6012400250A
:10061000002F58BF0EFA07F658BF04FA07F504FA80
:1006200003F40EFA03F358BF002458BF0023D3F19C
:1006300000094FF0000868EB060E013B66F100066A
:1006400003400E40E31A75EB060312D34FEA8B0307
:10065000C3F13406D3F1140320FA06F7C6F12006DD
:1006600001FA06F646EA070658BF21FA03F6F30731
:1006700001D00019694100EA090001EA0E010309ED
:1006800043EA0179030F541D43EA01130393030E58
:1006900010F00F0A43EA012302934FEA10534FEA86
:1006A000115543EA013301934FEA104343EA0147EE
:1006B0004FEA103343EA015E4FEA102343EA016830
:1006C0004FEA11204FEA11464FEA113305904FEAE5
:1006D0001110049000F09880AAEB0C000093BAF17E
:1006E000090F88BF00F1270A0AF13000907409F061
:1006F0000F004FF00D0BA0EB0C03092888BF03F18E
:100700002700BBF10C0F00F13000507498BF4FF080
:100710000C0B08F00F00A0EB0C03092888BF03F1B5
:100720002700303010740EF00F00A0EB0C030928E6
:1007300088BF03F127003030D07307F00F00A0EB23
:100740000C03092888BF03F127003030907301980B
:1007500000F00F00A0EB0C03092888BF03F127006D
:1007600030305073029800F00F00A0EB0C03092802
:1007700088BF03F1270030301073039800F00F009A
:10078000A0EB0C03092888BF03F12700009B303041
:10079000D07201F00F00A0EB0C01092888BF01F115
:1007A000270030309072049800F00F00A0EB0C018D
:1007B000092888BF01F1270030305072059800F0F9
:1007C0000F00A0EB0C01092888BF01F12700303091
:1007D000107203F00F00A0EB0C01092888BF01F193
:1007E00027003030D07106F00F00A0EB0C01092873
:1007F00088BF01F127003030907105F13000207082
:10080000584606B0BDE8F08F19F00F0000937FF452
:1008100072AFBBF10C0FBFF46EAF18F00F0045D1F3
:10082000BBF10B0F42D21EF00F0042D1BBF10A0FF9
:100830003FD217F00F003FD1BBF1090F3CD2019816
:1008400010F00F003BD1BBF1080F38D2029810F026
:100850000F0037D1BBF1070F34D2039810F00F000F
:1008600033D1BBF1060F30D211F00F0030D1BBF104
:10087000050F2DD2049810F00F002CD1BBF1040FFE
:1008800029D2059810F00F0028D1BBF1030F25D213
:1008900013F00F0025D1BBF1020F22D206F00F009A
:1008A00050EA0B0120D04FF0010B9EE74FF00B0BED
:1008B00031E74FF00A0B38E74FF0090B3FE74FF0F5
:1008C000080B47E74FF0070B4FE74FF0060B57E7D2
:1008D0004FF0050B5FE74FF0040B67E74FF0030B9A
:1008E0006FE74FF0020B76E74FF0000B85E72DE93D
:1008F000F04F9FB00D46CC0F6FF31F55994650EA4D
:100900000503C1F30A515FEA1F9708BF00290ED003
:1009100040F2FF76B14215D10820002F18BF042005
:1009200000252044107128461FB0BDE8F08FA01CA0
:1009300010713020012550710020106028461FB032
:10094000BDE8F08F0394A1F235440029059206BF5B
:100950004FF6CC34CFF6FF7405F58015AA00002BB6
:1009600042EA907B5FEA0F9202295FEA2F9180466C
:1009700042EA010A00F001018000002C049113906A
:10098000CDF81C90CDF848A04ED4204600F017FDBD
:100990008146032C88BFA9F10109484600F01DFDDE
:1009A00014AF06464846394600F002FE18A81AA9B8
:1009B0003A46CDF808A0CDE90010A9EB0400304478
:1009C000294600F17C03404600F028FC80460B4697
:1009D000B9F1150FCDF8189053D8139E4CF6CD47AA
:1009E0001CA8CCF6CC471D460090304659463A46E6
:1009F0004FF0CC335C46BB4600F064FEDDE91C01E1
:100A0000DDF81C90820842EA817120F0030008445E
:100A10004042F04255D13046214600F0E7FC0699AD
:100A200088425FEA3F9183E06742CDF844B03846A0
:100A300000F0CCFC0646601C18BF013EBF1B3846C8
:100A400000F0CBFC14A9834638460F4600F02DFD7C
:100A500018A81AA93A46CDF808A0CDE90010A6EBCF
:100A60000B0000F17D034046294600F0D7FB80468D
:100A70000B463019012E06900DD8049890BB012129
:100A80003DE04CF6CD4B002000211290CCF6CC4B33
:100A9000DDF81C904FE03E2E2ED84FF0FF30B6F11F
:100AA000200200FA06F158BF0021139F58BF904062
:100AB000119A27EA010122EA000008435FEA1F9128
:100AC0001BE0049800BB1298C043801964F1000138
:100AD00000F08CFC06992B4688424FF000015FEA3B
:100AE0003F9027E0DDE91A0101381A9061F100001A
:100AF0001B900020012101E00021002012904CF603
:100B0000CD4BCCF6CC4B16E046F00200214600F06F
:100B10006DFCDDE91A12069C4B1E62F10006A04234
:100B200053EA21804FF000011A9056EA22801B9070
:100B300000202B461290DDE9280A10910028CDF8FC
:100B400028904DD0B8F10A0073F1000001D20120C5
:100B50003AE000214FF00A0C02204FF064094FF4F4
:100B60007A751F4642F2107E0A22A2FB0C4601EB68
:100B7000810306EB4303B8EB040477EB030320D3B4
:100B8000A2FB093401FB0944B8EB030377EB040330
:100B900014D3A2FB053401FB0544B8EB030377EB48
:100BA00004030DD3A2FB0E23043001FB0E31B8EB7E
:100BB000020377EB0103D8D2013802E0013000E0F4
:100BC0000230DDF81C903B46069951440844B0EBD6
:100BD000DA7FB8BF4FEADA70814559EAB0800A90EF
:100BE000DDE91A1A5F46DDE918B9002014AC13904C
:100BF0000F900990084611932FE0119940463A460C
:100C00004FF0CC3314AC4FEADA0A009400F05AFDEE
:100C10001398109910F0FF0FDDE914235FEA1F907D
:100C200001400BEB8B00109140420E994942B1EB11
:100C3000400F12995FEA1F9001401291D00840EADC
:100C4000437101EB8000A8EB400013900F98884699
:100C500001300F90D8081190284651463A464FF07F
:100C6000CC330094CDE90B0A00F02CFD58464946E0
:100C70003A464FF0CC33DDE9146A0094CDE90D9B80
:100C800000F020FDDDE91401F20842EA4A754FEA5E
:100C9000D109C00840EA417BBBEB050079EBDA00E3
:100CA000ABD31199B8F10A0071F1000002D24FF0F4
:100CB000010E40E0089500200A224FF0020E4FF08E
:100CC0000A0C64254FF47A76A2FB0C3400EB800703
:100CD00004EB4707B8EB030371EB070326D3A2FB32
:100CE000053700FB0577B8EB030371EB070318D357
:100CF000A2FB063700FB0677B8EB030371EB070393
:100D000012D342F210740EF1040EA2FB042300FB76
:100D10000430B8EB020371EB0003D5D2AEF1010E43
:100D200004E00EF1010E01E00EF1020E089D4CF6FA
:100D3000CD47CCF6CC470A9A48EA010010435FEA57
:100D40001F90964503DD10B90120099056E71298CF
:100D5000C00770D0DDF838B014A80D993A4600905D
:100D60004FF0CC33584600F0ADFCDDE91410CBF168
:100D70000003CA0842EA407505EB82025242B3EB17
:100D8000420F60D1C208DDE90FA9DDF84CC0DDE9F2
:100D90000B01119C934614AA00923A464FF0CC33B3
:100DA000CDF84CC000F08EFC14982146119014A888
:100DB000009040463A464FF0CC33159E00F082FC3E
:100DC0004CF6CD4214A8009028465946CCF6CC42A9
:100DD0004FF0CC33DDE91474CDF834B000F072FC80
:100DE000F90841EA447E0EEB81011398AB46CBF142
:100DF0000007A8EB410CDDE9141210F0FF0F0AF117
:100E0000010A5FEA1F90E408CB0843EA427509EA49
:100E10000009119805EB8303F1085B42D208C00872
:100E2000F046B7EB430F4CF6CD4740EA4670CCF6A0
:100E3000CC47AFD00DE0C646DDF84CC0DDE90EBAB8
:100E4000DDE9109405E0C646DDE90FA9DDF84CC0E8
:100E5000119C0D988EEA0B01234684EA000211438F
:100E6000099A5FEA0F911143CA07049900295FEAC2
:100E70001F91002A04BF129811EA00010ED05FFAF8
:100E80008CF105295FEA0F92042962EA09025FEA00
:100E90009F9142EA0E0202EA010801E04FF00108C8
:100EA000DDE905C11EEB08000AEB010443F1000176
:100EB000B0F10A0271F1000202D20127079B36E06D
:100EC0001394E64600254FF00A09022764234FF4E5
:100ED0007A7B42F2107A0A24A4FB096205EB850CA6
:100EE00002EB4C02861B71EB02021DD3A4FB03260E
:100EF00005FB0366821A71EB060212D3A4FB0B26D4
:100F000005FB0B66821A71EB06020CD3A4FB0A42A6
:100F1000043705FB0A25021B71EB0502DCD2013FF9
:100F200002E0013700E00237079BF446139C0A9A5F
:100F300097425FEAD882012A32D1289A4AB1299A87
:100F400022443A44012AD8BF0122934253EAB28292
:100F50000A920A9A974223DD05304CF6CD4541F1BD
:100F60000001CCF6CC454008013F40EAC170013495
:100F700010EB51024FEA510142F10002A2FB05368B
:100F800026F0030303EB96034FF0CC36D21A821AF5
:100F900061F10001A2FB050302FB063201FB052102
:100FA0000A9A23B2974257EAB28215B22B44A3F1B0
:100FB0000108012DC0F229810CEB050302F00309A1
:100FC00003F1050A042D02D24FF0000BB2E04CF6FB
:100FD000CD44CDE9109803F104084FF0000BCCF696
:100FE000CC44A5EB09021295139264220023054616
:100FF0000E46FDF7EFFE420800F0010042EAC17222
:1010000012EB510141F10001A1FB042323F0030283
:1010100002EB93020023891A4FF47A7240EA4100EE
:10102000314640F030092846FDF7D4FE42084CF620
:10103000CD4742EAC172CCF6CC4712EB510100F029
:10104000010041F10002690841EAC67111EB560343
:1010500043F10003A3FB077424F0030707EB940795
:10106000DB1B6FF00207CB1A4CF6CD41CCF6CC411E
:10107000A3FB011C01EB8104A5EB440444F0300404
:1010800008F804498BEA07044CF6CD47CCF6CC4768
:101090000AF80490A2FB074727F0030404EB970724
:1010A0004CF6CD44A2EB0702CCF6CC4440EA420019
:1010B0006FF0030282EA0B0240F030000AF80200EF
:1010C0004FF0CC304FEA560203FB00C062F1000241
:1010D00002FB04004A0801F0010142EAC07212EB6F
:1010E000500040F10000A0FB042323F0030202EBB8
:1010F00093020023801A42F2107241EA40006FF01E
:10110000010181EA0B0140F030000AF80100284695
:101110003146FDF75FFE0BF1040B139A5A457FF43D
:1011200064AFDDF84090DDF814C0DDE91185B9F158
:10113000000F6AD042084CF6CD4442EAC172CCF6A8
:10114000CC4412EB510343F10003A3FB047626F0D9
:10115000030707EB9607DB1B4F08D31A67F100065E
:10116000B9F1010FA3FB042E6FEA0B0402EB820717
:10117000A0EB470747F030070AF8047045D04FF05E
:10118000CC374CF6CD4403FB07E3CCF6CC445708F0
:1011900002F0010206FB043347EAC37717EB53035F
:1011A00043F10003B9F1020FA3FB0476AAEB0B0491
:1011B00026F0030707EB9607A3EB070342EA430277
:1011C00042F0300204F8022C1FD064220023FDF705
:1011D00001FE4208DDF814C042EAC17200F00100CD
:1011E00012EB51014CF6CD4241F10001CCF6CC425C
:1011F000A1FB022323F0030202EB9302891A40EAC7
:10120000410040F0300004F8030C03988CF804000F
:10121000CCF8008028461FB0BDE8F08F2DE9F04FD4
:101220008BB0490041EAD07405931646D2E90023F9
:1012300045002846214608AF009700F043FAD6E95A
:101240000223834606A88946009028462146DDE908
:10125000087A00F037FA10EB0708DDE906234AEBBD
:10126000010ADDE90801571C059C43F10005B8EBB4
:1012700000007AEB0100A4F1410455EA338357EAF8
:10128000328296E8830017EB0807F568049445EB73
:101290000A0510EB0B0059EB0100009457F1000018
:1012A000CDE9062345F10001571C43F10005B0EBE1
:1012B000080471EB0A04CDF80CB055EA338357EA01
:1012C0003282CDF8089000F01BFADDE91429169B54
:1012D000C2E9000143B3D6E900C1D6E9025603983A
:1012E000B8EB0505DDE906236AEB06066C1E66F120
:1012F0000007B0EB0C000298DDF810B08841CDF883
:1013000000B054EA358057EA3681571E63F1000673
:10131000B8EB00057AEB010557EA328256EA3383CF
:1013200000F0EEF95F463EE0DDE906204FEA4804B2
:10133000D6E900EC01900598D6E90276A0F14005C7
:10134000029800954FEA4A05039945EAD87544EAA0
:10135000D0744300E71B65EB0606B7F1010B43EAC7
:10136000D17366F10000DEEB410173EB0C0150EA32
:1013700036815BEA3780B4EB0803019F75EB0A0303
:101380005FEA2F937F0043EA420347EAD2775A1E6F
:1013900067F10006241A8D4152EA338256EA3783F8
:1013A00000F0AEF9049FDDE90623C9E900014046DB
:1013B0005146009700F0A4F90BB0BDE8F08F43F25E
:1013C0004141C0F201014843800C704742F6FB6185
:1013D000C0F20B014843000D704749F24F31C0F293
:1013E00012014843012101EBD04070472DE9F04F35
:1013F0004CF6CD4E45F6294442F6F50A47F6D50897
:1014000047F6916943F2343B02460020CCF6CC4EBD
:101410004FF03333CCF28F24C8F65C7AC2F2E9681D
:10142000C3F6FB29C3F2333BA2FB0E5C4FF0CC3773
:1014300002FB07C7D5F1333501FB0E7773EB0707C6
:101440002ED3A2FB047502FB0A55D7F1333701FBFB
:10145000045573EB050722D3A2FB087540F631064D
:10146000C1F6AC4602FB0655D7F1333701FB0855F0
:1014700073EB050716D3A2FB09754CF67066CDF227
:101480008826043002FB065201FB0921B7EB0B0250
:1014900071F133323A46C7D30138BDE8F08F0130DD
:1014A000BDE8F08F0230BDE8F08F2DE9F04F87B036
:1014B00005464EF64F40C4F6C4608B46A5FB0001BE
:1014C000C8081A2100FB01F646F25811C0F20121AA
:1014D00001EB0010B54209D190E80E00C0688BE81E
:1014E0000E00CBF80C0007B0BDE8F08FD0E90092F9
:1014F00046F22821C0F201210192D0E90223A81B63
:1015000051F8307001EBC000446804A800903846E0
:10151000214600F0D7F8019B824602A88846009039
:10152000384621464A4600F0CDF881460191DDE972
:101530000201002210EB0A0758EB010842F10000FB
:10154000012806D1DDE904010130049041F10000D9
:1015500005902846FFF741FF04463046FFF73DFF60
:101560000199241A48463A464346009400F0C8F8C8
:101570006FF0030246F2F82302EA9502C0F201235B
:101580009A581E2303EA4503DA4002F00306801945
:10159000DDE9042341F10001CBE900013846414671
:1015A000009400F0ADF8CBE9020107B0BDE8F08F80
:1015B0002DE9F04F87B08B464EF64F410546193066
:1015C000C4F6C461A0FB0101C8081A2100FB01F6A2
:1015D00046F25031C0F2012101EB0010AE4209D1B8
:1015E00090E80E00C0688BE80E00CBF80C0007B046
:1015F000BDE8F08FD0E900A246F22821C0F2012117
:101600000192D0E90223701B51F8307001EBC00049
:10161000446804A800903846214600F053F88046FC
:1016200002A80090BAF1010201988946214660F1B2
:101630000003384600F046F804468A46DDE9020118
:10164000002210EB080751EB090842F100000128C5
:1016500006D1DDE904010130049041F1000005905C
:101660003046FFF7BAFE06462846FFF7B6FE361AA2
:10167000204651463A464346009600F041F86FF046
:10168000030246F2404302EA9502C0F201239A584F
:101690001E2303EA4503DA4002F003054019DDE9A1
:1016A000042341F10001013041F10001CBE90001C7
:1016B00038464146009600F023F8CBE9020107B016
:1016C000BDE8F08FF0B5A2FB01CEA2FB0075A3FB35
:1016D000011415EB0C05DDF814C051EB0E0629467C
:1016E00044F100043246E3FB0012A3FB000340195F
:1016F00056EB030044F10000CCE900203846F0BD71
:1017000010B5DDF808C0CCF1400ECEF1200420FA6F
:101710000CF003FA0EF322FA04F42343DCF1200464
:1017200058BF02FA04F302FA0EF201FA04F440EA96
:10173000040058BF0022BCF1200458BF21FA04F075
:1017400021FA0CF158BF00211043194310BD0021AC
:101750000A2200F001B8D4D42DE9F0410346242A2E
:101760002BD8012A29D046F298450026C0F201253F
:101770009E46985D2F1897F880409F19240729D519
:1017800078782C1894F88040240729D5B8782C183C
:1017900094F8804024072BD5F87804360EF1040E17
:1017A0002F1897F880703F07E3D49C19A4F1010E1D
:1017B0004FF0000C2B2822D125E0404A1624FDF7DB
:1017C0009FFE845019B100200B60BDE8F08100201D
:1017D000BDE8F0817C1C4FF0000C2B280FD112E0EB
:1017E0000EF1010EBC1C4FF0000C2B2807D10AE0B3
:1017F0000EF1020EFC1C4FF0000C2B2803D02D28FC
:1018000004D14FF0010C20780EF1020430280CD1E5
:1018100012F02F0F02BF207800F0DF00582848D0C8
:10182000002A08BF0822302002E0002A08BF0A224E
:1018300027466FF000460CEB0608461E392846F096
:10184000200688BFA6F12600A0F1300696421DD2E0
:10185000B8FBF2F47B1E04FB128500200EE04CF076
:10186000020C13F8017F7E1E392F46F0200688BF38
:10187000A6F12607A7F13006964208D2A042EED87C
:1018800001D1AE42EBD800FB0260EAE7002000295C
:1018900018BF0B605FEACC7150EA00B05FEA8C7150
:1018A00005D506492222FDF72BFE42504046BDE8F1
:1018B000F081A71C607810222346BAE708000000D8
:1018C0002DE9F041042A03D21346844633B928E0B7
:1018D00041EA00039B072AD013468446581EA3F111
:1018E0000208A3F1030E00240D5D1CF80460AE4253
:1018F0001AD1A04215D00CEB04070A1955787E784E
:10190000AE4211D1A0450CD09578BE78AE420BD135
:10191000A64506D0D578FE78AE4205D10434A34260
:10192000E2D10020BDE8F081701BBDE8F0814FF0EE
:10193000000E044651F80E3050F80E709F422DD123
:10194000131F01EB0E0504F1040C042B2BD300EB49
:101950000E06D5F804807768474526D1A2F1080322
:1019600004F1080C042B22D3D5F80880B76847454A
:1019700020D1A2F10C0304F10C0C042B1DD3EF6851
:10198000F668BE421CD1103A0EF1100E1034032A34
:10199000D0D800EB0E0C7144134697E700EB0E0C09
:1019A000714413469AE7291D90E7291D96E705F132
:1019B00008018BE705F1080190E705F10C0185E7C7
:1019C00005F10C018AE7024619B370B54218A1F17E
:1019D000010EA1F1020CCC1E0023C55C85B19E4511
:1019E00015D0C5186E786EB19C4510D0AE785EB13A
:1019F0009C420CD0EE784EB104339942EDD106E012
:101A0000C21804E06A1C02E0AA1C00E0EA1CBDE85F
:101A10007040101A7047000000000000545452201B
:101A2000524547474553005F6E785F637279707423
:101A30006F5F6D6574686F645F656364685F636C36
:101A400065616E757020696E204543444820697356
:101A5000206661696C6564006165733235362063A8
:101A60007472206D756C74697061727420616C673A
:101A70006F726974686D20696E697469616C697AE6
:101A8000656420616E642073746172746564207390
:101A900075636365737366756C6C792E2E2E0056B4
:101AA0006572696679696E672074686520686D6122
:101AB000635F736861323536206F70657261746977
:101AC0006F6E206973206661696C65642E006D65B8
:101AD0006D6F727920636F6D70617269736F6E20C4
:101AE0006F6620706C61696E7465787420616E64D5
:101AF00020706C61696E2067636D20697320666178
:101B0000696C6564006E6574785F73656375726592
:101B10005F63727970746F5F65636473615F65782A
:101B2000616D706C65206973206661696C65640025
:101B3000454344534120416C676F726974686D205E
:101B40006578656375746564207375636365737325
:101B500066756C6C7920616E642067656E65726174
:101B6000746564207369676E61747572652069734A
:101B700020766572696669656421005F6E785F63CF
:101B8000727970746F5F696E697469616C697A6586
:101B9000206661696C65642E005F6E785F637279A0
:101BA00070746F5F6D6574686F645F6165735F6F9C
:101BB0007065726174696F6E206661696C65642E10
:101BC000005F6E785F63727970746F5F6D657468C3
:101BD0006F645F6165735F6F7065726174696F6E6A
:101BE00020696E20414553323536206661696C6547
:101BF000642E007274745F696E7075745F717565C0
:101C00007565005F6E785F63727970746F5F6D6584
:101C100074686F645F65636473615F6F7065726140
:101C200074696F6E206F66207369676E20686173D8
:101C300068206461746120206973206661696C6545
:101C400064005F6E785F63727970746F5F6D657446
:101C5000686F645F7273615F696E697420696E207A
:101C600052534120646563727970742069732066F1
:101C700061696C6564005F6E785F63727970746F20
:101C80005F6D6574686F645F7368613235365F6974
:101C90006E697420696E20727361206973206661B9
:101CA000696C6564005F6E785F63727970746F5FF2
:101CB0006D6574686F645F7368613235365F6F702D
:101CC00065726174696F6E20696E20727361206144
:101CD00074204E585F43525950544F5F4841534807
:101CE0005F555044415445206973206661696C65B5
:101CF000640073686132353620616C676F72697495
:101D0000686D2069732065786563757465642073F8
:101D100075636365737366756C6C792100312E3061
:101D200000616573313238636263207769746820BB
:101D300054524E4720616C676F726974686D2069F8
:101D40006E697469616C697A656420616E64207380
:101D5000746172746564207375636365737366750B
:101D60006C6C792E2E2E005F6E785F6372797074C2
:101D70006F5F6D6574686F645F6165735F6F7065D9
:101D8000726174696F6E2061742061646469746942
:101D90006F6E616C2061757468656E7469636174DF
:101DA00065206461746120696E20616573206661DD
:101DB000696C6564005F6E785F63727970746F5FE1
:101DC0006D6574686F645F727361343039365F6952
:101DD0006E697420696E2072736120697320666178
:101DE000696C6564005F6E785F63727970746F5FB1
:101DF0006D6574686F645F656364685F6F7065725A
:101E00006174696F6E20696E204543444820697390
:101E1000206661696C6564005F6E785F63727970DB
:101E2000746F5F6D6574686F645F65636473615F31
:101E3000636C65616E7570206170692069732066DE
:101E400061696C6564006165733235365F67636D27
:101E5000206D756C74697061727420616C676F724B
:101E60006974686D20696E697469616C697A65640A
:101E700020616E642073746172746564207375638D
:101E80006365737366756C6C792E2E2E006D656DAF
:101E90006F727920636F6D70617269736F6E206FFE
:101EA00066206369706865727465787420776974F8
:101EB00068207365637265742067636D20697320A1
:101EC0006661696C656400525341205468726561B3
:101ED00064006E6574785F7365637572655F6372C5
:101EE0007970746F5F686D61635F736861323536F6
:101EF0005F6578616D706C65206973206661696CDF
:101F00006564005F6E785F63727970746F5F696E8D
:101F1000697469616C697A6520696E204145533244
:101F20003536206661696C65642E006D656D636D84
:101F300070206F6620696E70757420736F757263A0
:101F40006520776974682067656E65726174656481
:101F50005F706C61696E7465787420697320666166
:101F6000696C65642E006E6574785F736563757265
:101F7000655F63727970746F5F7273615F3430395B
:101F8000365F6578616D706C652069732066616984
:101F90006C65640045434320546872656164005F6A
:101FA0006E785F63727970746F5F6D6574686F646B
:101FB0005F686D61635F7368613235365F6F70654E
:101FC000726174696F6E206174204E585F4352597C
:101FD00050544F5F484153485F5550444154452049
:101FE0006973206661696C65642E006165735F6763
:101FF000636D5F32353620616C676F726974686D2E
:1020000020657865637574656420737563636573B3
:102010007366756C6C7921007368612032353620E7
:10202000636C65616E757020617069206661696CB2
:1020300065640052545420546872656164005F6E98
:10204000785F63727970746F5F6D6574686F645FD9
:102050006165735F6F7065726174696F6E20776818
:10206000696C652064656372797074206973206699
:1020700061696C65642E006B6579206D61746368BD
:1020800020696E20525341206973206661696C6536
:1020900064005253413430393620616C676F726985
:1020A00074686D20696E697469616C697A65642011
:1020B000616E642073746172746564207375636308
:1020C00065737366756C6C792E2E2E000D0A204593
:1020D00052524F523A20525454206672616D6577C5
:1020E0006F726B20696E6974204661696C65640D5E
:1020F0000A004145532054687265616400284E55BA
:102100004C4C29005F6E785F63727970746F5F6DFD
:102110006574686F645F6165735F6F706572617429
:10212000696F6E206661696C65640020566572692E
:1021300066792067656E65726174656420706C6194
:10214000696E74657874206D69732D6D6174636850
:1021500065732074686520696E70757420706C6199
:10216000696E7465787420696E2041455332353646
:102170002E005F6E785F63727970746F5F696E694D
:102180007469616C697A6520696E20686D61635F4E
:10219000736861323536206973206661696C6564E5
:1021A0002E00686D616320636C65616E75702061DF
:1021B0007069206973206661696C65642E005F6ECA
:1021C000785F63727970746F5F6D6574686F645F58
:1021D0006165735F6F7065726174696F6E206174A1
:1021E000206164646974696F6E616C2064617461FC
:1021F000206F7065726174696F6E20696E20616511
:1022000073206661696C6564005F6E785F637279E4
:1022100070746F5F6D6574686F645F65636473612C
:102220005F696E6974206F6620696E697469616C9C
:10223000697A6174696F6E206973206661696C6583
:102240006400696E66005F6E785F63727970746FA8
:102250005F6D6574686F645F7273615F636C656105
:102260006E757020696E205253412069732066613B
:10227000696C6564000D0A494E464F203A2025736B
:102280000D0A00534345204D75746578005F6E78E4
:102290005F63727970746F5F6D6574686F645F659A
:1022A000636473615F636C65616E757020696E2035
:1022B000616573206661696C6564005F6E785F6359
:1022C000727970746F5F6D6574686F645F73686155
:1022D0003235365F6F7065726174696F6E20696E3A
:1022E00020727361206174204E585F4352595054DC
:1022F0004F5F484153485F43414C43554C4154451F
:10230000206973206661696C6564000D0A00636C66
:1023100065616E757020636F6E74726F6C2064619E
:10232000746120696E206165735F67636D5F32352C
:1023300036206973206661696C6564007274745F2D
:102340006F705F7175657565005F6E785F63727938
:1023500070746F5F6D6574686F645F6563647361EB
:102360005F6F7065726174696F6E206F6620736550
:10237000742068617368206D6574686F6420697388
:10238000206661696C65640054696D657374616D84
:102390007020285469636B7329203D2030782530E4
:1023A000386C783A0D0A00456E74657220616E795A
:1023B000206B657920746F20737461727420746867
:1023C00065206D756C74692D7468726561646564EF
:1023D00020657865637574696F6E206F6620746818
:1023E0006520616C676F726974686D73200D0A00F7
:1023F0000D0A20525454205072696E74696E672021
:10240000526563656976656420556E6B6E6F776E95
:10241000204D657373616765204944005F6E785F86
:1024200063727970746F5F6D6574686F645F686DF7
:1024300061635F7368613235365F6F7065726174B6
:10244000696F6E206174204E585F43525950544F4B
:102450005F484153485F43414C43554C41544520EC
:102460006973206661696C65642E000D0A5265749B
:1024700075726E6564204572726F7220436F646579
:102480003A203078257820200D0A006E6574785F38
:102490007365637572655F63727970746F5F73687B
:1024A000613235365F6578616D706C6520697320C7
:1024B0006661696C65640073686172656420736548
:1024C0006372657420616E6420657874656E6465FE
:1024D00064206F757470757420696E20454344489C
:1024E000206973206D69732D6D6174636865640084
:1024F0006E6574785F7365637572655F637279701A
:10250000746F5F7273615F323034385F6578616D0C
:10251000706C65206973206661696C656400525354
:10252000413430393620616C676F726974686D2090
:10253000657865637574656420737563636573732B
:1025400066756C6C7920616E6420656E637279705B
:1025500074206D6174636865730053484132353689
:1025600020616C676F726974686D20696E69746947
:10257000616C697A656420616E6420737461727441
:102580006564207375636365737366756C6C792E0F
:102590002E2E004E6574782043727970746F20453A
:1025A00076656E7420466C616773004E65747820A2
:1025B00043727970746F20496E707574204576652A
:1025C0006E7420466C616773006E6574785F736526
:1025D000637572655F63727970746F5F6165733282
:1025E00035366374725F6D756C7469706172745F97
:1025F0006578616D706C65206973206661696C65D2
:102600006400686D61632077697468207368613263
:10261000353620616C676F726974686D20696E6908
:102620007469616C697A656420616E642073746199
:1026300072746564207375636365737366756C6C1F
:10264000792E2E2E0046535020436F6D6D6F6E20F5
:10265000496E69742053656D006E6574785F7365AB
:10266000637572655F63727970746F5F65636468C8
:102670005F6578616D706C65206973206661696C57
:102680006564004543444820416C676F7269746813
:102690006D20657865637574656420737563636523
:1026A000737366756C6C7920616E6420426F746818
:1026B00020746865206B657973206D61746368654B
:1026C00064207375636365737366756C6C79210040
:1026D000736563703235367231005665726966799A
:1026E0002067656E65726174656420706C61696EE7
:1026F00074657874206661696C656420746F206D00
:10270000617463682074686520696E7075742070E8
:102710006C61696E74657874005F6E785F6372795E
:1027200070746F5F6D6574686F645F6165735F6F10
:102730007065726174696F6E207768696C65206579
:102740006E6372797074206973206661696C656468
:102750002E005F6E785F63727970746F5F696E6967
:102760007469616C697A6520696E2045434448202C
:102770006973206661696C65640067656E65726186
:10278000746564207468652073616D652073686189
:1027900072656420736563726574206661696C6537
:1027A00064000D0A2A2A2A2A2A2A2A2A2A2A2A2AB6
:1027B0002A2A2A2A2A2A2A2A2A2A2A2A2A2A2A2A79
:1027C0002A2A2A2A2A2A2A2A2A2A2A2A2A2A2A2A69
:1027D0002A2A2A2A2A2A2A2A2A2A2A2A2A2A2A2A59
:1027E0002A2A2A2A2A2A2A2A2A2A2A2A2A2A2A2A49
:1027F0002A2A2A2A0D0A2A20202052656E65736132
:102800007320465350204578616D706C652050727E
:102810006F6A65637420666F72204E6574585F63DB
:10282000727970746F204D6F64756C652020202064
:102830002020202020202020202020202020202098
:1028400020202020202A0D0A2A2020204578616D92
:10285000706C652050726F6A656374205665727380
:10286000696F6E202573202020202020202020202A
:102870002020202020202020202020202020202058
:102880002020202020202020202020202020202048
:102890002020202020202A0D0A2A202020466C6596
:1028A0007820536F667477617265205061636B2086
:1028B00056657273696F6E202025642E25642E255F
:1028C00064202020202020202020202020202020C4
:1028D00020202020202020202020202020202020F8
:1028E00020202020202020202020202A0D0A2A2AF3
:1028F0002A2A2A2A2A2A2A2A2A2A2A2A2A2A2A2A38
:102900002A2A2A2A2A2A2A2A2A2A2A2A2A2A2A2A27
:102910002A2A2A2A2A2A2A2A2A2A2A2A2A2A2A2A17
:102920002A2A2A2A2A2A2A2A2A2A2A2A2A2A2A2A07
:102930002A2A2A2A2A2A2A2A2A2A2A2A2A2A0D0A34
:10294000526566657220746F20726561646D652ED4
:102950007478742066696C6520666F72206D6F7282
:10296000652064657461696C73206F6E20457861C1
:102970006D706C652050726F6A65637420616E645F
:102980000D0A46535020557365722773204D616EB2
:1029900075616C20666F72206D6F726520696E665E
:1029A0006F726D6174696F6E2061626F7574204E15
:1029B0006574585F63727970746F206D6F64756CA5
:1029C000650D0A005465726D696E616C0061657316
:1029D00032353620637472206D756C746970617263
:1029E0007420616C676F726974686D20636F6D70BD
:1029F0006C6574656420616E642067656E657261E4
:102A000074656420706C61696E74657874206D61A2
:102A100074636865732074686520696E70757420CE
:102A2000706C61696E74657874005F6E785F637254
:102A30007970746F5F6D6574686F645F6165735FF3
:102A40006F7065726174696F6E2061742064656374
:102A500072797074206F7065726174696F6E20692D
:102A60006E20616573206661696C6564004543444E
:102A7000534120416C676F726974686D20696E699B
:102A80007469616C697A656420616E642073746135
:102A900072746564207375636365737366756C6CBB
:102AA000792E2E2E005F6E785F63727970746F5F7F
:102AB0006D6574686F645F65636473615F636C65A3
:102AC000616E757020696E2065636473612069733F
:102AD000206661696C6564005F6E785F637279700F
:102AE000746F5F6D6574686F645F7273615F696E48
:102AF000697420696E207273612069732066616950
:102B00006C6564006E6574785F7365637572655F8C
:102B100063727970746F5F616573313238636263B9
:102B20005F776974685F74726E675F6578616D70F6
:102B30006C65206973206661696C6564006D656D04
:102B40006F727920636F6D70617269736F6E206F41
:102B5000662063697068657274657874207769743B
:102B600068207365637265742067636D207769748C
:102B70006820617070656E646564207461672069A7
:102B800073206661696C6564005F6E785F6372795B
:102B900070746F5F6D6574686F645F6563647361A3
:102BA0005F6F7065726174696F6E20746F207665F7
:102BB000726966792067656E6572617465642073F9
:102BC00069676E6174757265206973206661696CEE
:102BD0006564005F6E785F63727970746F5F696EB1
:102BE000697469616C697A6520696E2072736134F9
:102BF000303936206973206661696C6564005F6EE8
:102C0000785F63727970746F5F6D6574686F645F0D
:102C10007273615F6F7065726174696F6E20696E47
:102C20002052534134303936206973206661696C13
:102C30006564004572726F7220696E2070726F63F6
:102C4000657373696E672C20706C656173652063B2
:102C50006865636B20616761696E0D0A0056657275
:102C60006966792067656E65726174656420636961
:102C70007068657274657874206D69732D6D617408
:102C80006368657320746865206578706563746532
:102C900064206369706865727465787420696E2059
:102CA0004145533235362E005F6E785F637279701E
:102CB000746F5F6D6574686F645F656364685F6996
:102CC0006E697420696E204543444820697320660C
:102CD00061696C6564005F6E785F63727970746FB0
:102CE0005F696E697469616C697A6520696E2072CA
:102CF0007361206973206661696C6564000D0A4523
:102D000052524F52203A2025730D0A004B6579200C
:102D10006D6174636820696E20525341206465635D
:102D200072797074206973206661696C6564005201
:102D300053413230343820616C676F726974686D4A
:102D40002065786563757465642073756363657366
:102D50007366756C6C7920616E6420656E63727940
:102D600070742F64656372797074206D6174636828
:102D70006573005F6E785F63727970746F5F696E00
:102D8000697469616C697A6520696E207368615F36
:102D9000323536206578616D706C65206973206608
:102DA00061696C6564006165733235362063626306
:102DB000206D756C74697061727420616C676F72DC
:102DC0006974686D20696E697469616C697A65649B
:102DD00020616E642073746172746564207375631E
:102DE0006365737366756C6C792E2E2E005F6E783A
:102DF0005F63727970746F5F6D6574686F645F652F
:102E0000636473615F6F7065726174696F6E206F68
:102E1000662073657420454320637572766520696A
:102E200073206661696C6564006B6579206D6174FF
:102E3000636820696E2052534134303936206973FB
:102E4000206661696C656400566572696679206701
:102E5000656E65726174656420636970686572741B
:102E6000657874206D69732D6D6174636865732076
:102E70007468652065787065637465642063697043
:102E800068657274657874005F6E785F63727970DC
:102E9000746F5F6D6574686F645F686D61635F73A5
:102EA00068613235365F696E697420696E20686DBD
:102EB00061635F73686132353620697320666169CA
:102EC0006C65642E005F6E785F63727970746F5FFB
:102ED0006D6574686F645F686D61635F73686132AC
:102EE00035365F6F7065726174696F6E2061742032
:102EF0004E585F43525950544F5F484153485F49C1
:102F00004E495449414C495A4520697320666169CC
:102F10006C65642E006165733132386362632077BB
:102F20006974682054524E4720616C676F726974EF
:102F3000686D206578656375746564207375636377
:102F400065737366756C6C7921000D0A546869733A
:102F50002070726F6A6563742064656D6F6E737440
:102F6000726174657320746865206261736963209F
:102F700066756E6374696F6E616C697479206F66D3
:102F8000204E65745820736563757265206372798D
:102F900070746F206F6E2052656E657361730D0AD9
:102FA0005241204D435573206261736564206F6EFA
:102FB0002052656E6573617320465350207375709F
:102FC000706F7274696E6720534345372F534345C2
:102FD000392F525349502D45353141204861726493
:102FE0007761726520616363656C65726174696F96
:102FF0006E207573696E670D0A417A757265525459
:103000004F532E20546865206578616D706C652083
:1030100070726F6A65637420657865637574657333
:10302000204145532C204543432C205253412061DD
:103030006C676F726974686D7328696E636C756410
:10304000696E6720646966666572656E7420636880
:1030500061696E696E670D0A6D6F64657329206919
:103060006E206D756C74692D746872656164656439
:1030700020656E7669726F6E6D656E74207573690A
:103080006E67206D7574657820746F20656E61625F
:103090006C652061636365737320746F20534345CF
:1030A0002F525349502E2054686520757365722045
:1030B00063616E0D0A656E74657220616E79206BB6
:1030C000657920746F20656E61626C6520636F6E38
:1030D00063757272656E7420657865637574696F67
:1030E0006E206F6620746865206469666665726527
:1030F0006E7420616C676F726974686D7320616EA5
:103100006420737461747573206F66207468650D34
:103110000A657865637574696F6E2077696C6C20D9
:10312000626520646973706C61796564206F6E20DC
:103130004A2D4C696E6B2052545420566965776550
:10314000722E0D0A0A006E6574785F73656375727E
:10315000655F63727970746F5F616573323536676E
:10316000636D5F6D756C7469706172745F657861B1
:103170006D706C65206973206661696C6564005FC1
:103180006E785F63727970746F5F696E697469617C
:103190006C697A6520696E20616573206661696C6F
:1031A0006564005F6E785F63727970746F5F6D65E0
:1031B00074686F645F7273615F636C65616E757074
:1031C00020696E20525341343039362069732066AD
:1031D00061696C6564006E616E005F6E785F63723A
:1031E0007970746F5F6D6574686F645F6165735F3C
:1031F000696E6974206661696C65642E005F6E7823
:103200005F63727970746F5F6D6574686F645F611E
:1032100065735F696E697420696E2041455332356C
:1032200036206661696C65642E005F6E785F63723C
:103230007970746F5F6D6574686F645F7273615FDE
:103240006F7065726174696F6E20696E20525341B0
:10325000206973206661696C65640061657332354D
:103260003620636263206D756C74697061727420BE
:10327000616C676F726974686D20636F6D706C65E7
:1032800074656420616E642067656E657261746543
:103290006420706C61696E74657874206D6174630C
:1032A0006865732074686520696E70757420706C31
:1032B00061696E7465787400686D61632077697404
:1032C000682073686132353620616C676F7269748B
:1032D000686D206973206578656375746564207313
:1032E00075636365737366756C6C7921005F6E78C6
:1032F0005F63727970746F5F6D6574686F645F612E
:1033000065735F6F7065726174696F6E20617420A0
:10331000656E6372797074206F7065726174696F25
:103320006E20696E20616573206661696C6564005A
:103330007274745F70726F63657373696E675F62D6
:103340006C6F636B006B6579206D617463682069D5
:103350006E2073686120323536206973206661699A
:103360006C6564006E6574785F7365637572655F24
:1033700063727970746F5F6165733235366362634F
:103380005F6D756C7469706172745F6578616D7082
:103390006C65206973206661696C6564005F6E7896
:1033A0005F63727970746F5F696E697469616C696B
:1033B0007A6520696E204543445341206973206635
:1033C00061696C6564005F6E785F63727970746FB9
:1033D0005F6D6574686F645F7368613235365F6F07
:1033E0007065726174696F6E20696E2072736120FE
:1033F0006174204E585F43525950544F5F484153B7
:10340000485F494E495449414C495A452069732007
:103410006661696C6564000D0A4572726F72203ACC
:10342000206D656D6F72795F616C6C6F636174653F
:103430005F727474206661696C65642E0D0A0045C4
:1034400043444820416C676F726974686D20696EEF
:10345000697469616C697A656420616E6420737453
:103460006172746564207375636365737366756CEC
:103470006C792E2E2E005253413230343820616C3C
:10348000676F726974686D20696E697469616C69CF
:103490007A656420616E642073746172746564205F
:1034A0007375636365737366756C6C792E2E2E006D
:1034B000286E756C6C29003031323334353637382C
:1034C00039414243444546FE8901FECD3CCD2EC5DF
:1034D000FDC7C7A0B50519C245B42D611A5EF9E94B
:1034E0000268D59F3EDF338D3AA196EC3D7C9B5B15
:1034F000B122E7FE77FB1295A6DA75ABE5D3A510EE
:10350000194D3A8A4157D5C89D406197166198591F
:10351000DA3EC9B247CED9BD416CB3B9892228D8A9
:10352000F1DF575692E4D0608E82C7AB04007ADB9D
:1035300022E389A44797FED7DE090C8C03CA8A2CA4
:103540005ACD9E84DF37FBC58CE8EDB293E98F023C
:10355000B640D6D1D72464D0E78C4D0B30D33F5B37
:10356000F4A132B2F94A4A38963511A3904B117E34
:1035700035A37B5AAC8A193BF0D158981FA332224D
:10358000C5451017530155A4BF7F29A1A31704C82F
:10359000B7E16C643B91B4E541B20AAAEAB77F2D6A
:1035A000328566C4DA057B81EA740B697FFE1B6E87
:1035B000B8591356BA6D5EA7F1B96E4F0480304406
:1035C0009ACD64E4BB271CB4DCF94937E6BDACB640
:1035D000555D294D3AFFC245520116062D98F88DCA
:1035E00064276BDA593492AE71CFE16E46CABC28BB
:1035F0007CB00DF21D96066D5856C2224EEF609DAE
:103600004896302540078F3A0EE325F5337E940F18
:10361000986AC891C9000B72EF0CEC69AB66AF00F9
:103620002E3A34EB8A3A5F94484E45C0396CBB461B
:1036300035D766DD0E4A7019D1724C736E1F2C019E
:103640006AF9E29E7D3AA2C0DE23E780AF260F85AD
:10365000C7DBEB674B7A70C35125D3619350D05CC5
:10366000E878D94662D1520B184B4BEF3C4501AB81
:1036700051BAA26A6A719C1600645FF3BFDFA53B72
:103680006BD54E5184EB300934B392C32B7C1A6E48
:103690007D7DC5F71EB29DDAF80D6214632EEAE057
:1036A0003D9058AF1FB6D22ED80BADB62BC1A53466
:1036B00004EAD218590119E8876B29146FF89CA6FF
:1036C0001770C4EDBBF97D38CE385ED281D8A6B272
:1036D0003028AF61281FD35E2FA7002523ACC85A1E
:1036E000429CB06EE6648325389F59EDFCE1405161
:1036F000414153594D4D45545249435F494E5055F0
:10370000545F464F525F5349474E2E2E2E2E2E2E7B
:103710000059137E38152350B195C9718D39673D15
:10372000519838055AD908DD4757152FD8255C0917
:10373000BF04A8C5FDCE8B62C5ADA598F141ADB360
:10374000B26CF254C280B2857A63D2AD783A73110A
:103750005F6B806E1AAFEC4AF80A0D786B3DE4534C
:1037600075B517A7E5B51FFB2C356537C9E6EF2200
:103770007D4AE0F5059966A8AEC4BF7CDAC8AE24E0
:1037800030BDF61C54D09CAB9963CBF9A52AC64139
:10379000E384B6431D3B6A9D1811519A2904E11731
:1037A0000A44446C80E7638A4AF2720A7654AB7426
:1037B0000D8A151FDD216F3D6933422FD9AC14AE40
:1037C000DE9CCD021EA79E46925F4B18FD1AF2C0EA
:1037D000073CFC3A69AC71A2B3673D08136CDB018E
:1037E000C379892601C7C857D68018DAE924CB8C5B
:1037F000D29377A14C752B92BAFF14C3A49725AE30
:103800002FEFAAD4686D8A7D9F94EB11BF81E05B96
:10381000D5D2586526FB129E73539F9223D496B23D
:10382000ACA23CCACC34D5B18533BD0F5815A76FB7
:1038300094F4F55D965FE61599B44BD8FBAD35F47D
:103840002B612A4C4F2765B2097A5C0090EA8166A9
:10385000D9C6DA1E03B6119736B794600491C484B2
:1038600033132D0F15D5DE3BB4270DF6BC9012B7E0
:10387000493100010001551C2E268F7ED44D0E8B40
:10388000063F5B2B510CB809F53BD54E9956971E58
:10389000243B2363DA123C29AB4A009EDE1FCEC5CF
:1038A0004625971A4E3490F3EA398BF7386AAC34D0
:1038B000720E43FB0C795445B520AEE4D7694EE156
:1038C000474F60F77E1B5F09FE2ED004333658D277
:1038D00012122F040322D1564512A1540400F27E85
:1038E00018049A762A5EDC9F072CA4F49F4082522B
:1038F000D42B31BC35523373740E90DDDA6A8CE709
:10390000865EEB7C694A662C74412406AB190FE095
:10391000435DA2551F0C24A48939DDA58A023970A4
:103920006D40B4977473689DC36CE5A4DF4EF89244
:10393000816CBDE2780D9389B7384674C93B1DDAB6
:10394000F728F292B5671679FC7175AC0A3B21979E
:10395000B809E7CF410417010F3B1316D10D82467A
:103960006C62F3A01667B70A714E0499400E255D8C
:103970004C39EA7DE55C10F904E071338569EC139C
:103980001401A7869F42F3BCAE252B5D3C8755FDF5
:1039900024D47997A9CD4221D992B2871E05283B1C
:1039A00098841FC5C379C5D0E35B3938279B34425F
:1039B00099C3CF1566E0C994D0A9013AF64174F1D4
:1039C000379A4B5E4E9DE57491F3078F6D10011E83
:1039D000A55535D0763E538662C9996F4FCF8B641B
:1039E000A768685AA417ADB6978743D3D1F513CF0C
:1039F000143DD6D383AD6357728A88928D39E27EA7
:103A0000A4D0B2AF92FC7F63875F9D6A70FAE7999A
:103A10003C1FF04DF9A2F99216874BC123D4B7DAB7
:103A20007E7E8974CFC10ACF0C7BC8747526A8D15D
:103A30006791F969082EA9B0C36D77B67C37B325B5
:103A4000682D74178E4234D52D5635273301A6CCF8
:103A500035E315AE74D659B1433576DAAE6780FAE0
:103A600039E0550D971F2CB5817CAAFC24B5220E98
:103A700021C8CEEE85DD13FF7429F8E851F1079CCB
:103A8000CFCE3B3CD8606ABA8607AD85CBB305750F
:103A900001EBD58811F3C04823171F192C048E1E83
:103AA000883AF8CF958810151D3874AEDC8EC4F8AE
:103AB0008D2065C581569F1E200852DD40B6DFD19E
:103AC000652659085A9DD1D3B869EA3617D904D268
:103AD00009DE156A60BA5929D02F16430273D1073F
:103AE00020C2F28D2B95684DCAA6B9F6A508EA2C1E
:103AF000BBC11B9F3F30D6201EA6CFFBBF1C442559
:103B00005CEC58EE70DBC872442BCCF115D8F7434F
:103B1000557B5DE5F42DDDA6CEAE7977793CC9D92C
:103B20000ADFE65E520F5520B615CF3B8C2DC82D0F
:103B30007AC75EDB1297CF38AB23A37EED18D4DDB6
:103B400045D9AD051B26401BE86E8C8E53F9585A9B
:103B5000702D02F1B5BD65F6739DFA6BFFE560CA85
:103B6000130B6F1D4779C556C06D9CD29FB72D882A
:103B700051904F9CDEE9CD0B9F926AB52E04736D78
:103B8000716641FE6C6425E65D450FB54DB70909C8
:103B9000AA6D33CCE0CA8BC0A45DEC6D4382FCAF50
:103BA000501420F545994FB6302D2E353B6F0CA99A
:103BB0008880AC99613253C44CB43224B29F1376DE
:103BC0006831C8754BF70446343F96FCFDA0C56DBF
:103BD0007A38184FD6C82604CE5473129A2127E398
:103BE0007FDEE76968CC667B1034342891D7E3B771
:103BF000973AF1947C869580A6EBC0A68369E5BCD4
:103C00000972F18BA9CFBCBA224287B6D06E577C1D
:103C100042631DA539EFC796B9EA8E33ED95742935
:103C2000B3CE8766432E329EA9509205184986BAB4
:103C3000A741C646C6EACD61337410099603FCCB92
:103C400049B51E0088860A52BC4A087B8B2596AB74
:103C50006079CC27C49B6A148E825CBC7EB0BAA308
:103C600062F15A57E55A4ABF85CA311B90D5E578AB
:103C7000F38C1DAFA02EB9D61E465EE0D1F60352DE
:103C8000590E801C5690BBFD7690867DCC1D07ACEE
:103C9000A0C182910445E493D442710355932B8CC7
:103CA000E7263E5EEDB835934D8DF2DC8BED771354
:103CB00032ED974A759DE21D8BD9DBB8FD5CE8318A
:103CC00077FE43C71DAB3143CE893A8438203F5E2F
:103CD0004714DBB417A7A285BDDEF0E5E6AC225998
:103CE0001EDD151E1EC5E7FC111501F51DD7089C2C
:103CF00095C70347DC982E4BE16EDE57459A4C5131
:103D000030A9232CB61836DA1148AE6E5C7619A3AA
:103D10005DEC2A4F2D4C5258552EF7C95F95A95886
:103D200031E06D85C05DE67E4317389369DD27B2CB
:103D300008A0E2BE94A73EF46C16654FD515B617E1
:103D400013994C3A5B33217F3F13B12E39B2C7C66A
:103D500066A4ACB93AF9A69F5C6550E6B41E0B01A7
:103D6000894E601765AC10CE1F9E4F7888DFE67DC8
:103D7000C1AF80B073FD77FB285B3307225D3C97B2
:103D8000072E838DBC7B1F177474A95FE063AFF0AF
:103D9000344EB9CEDD5311E7397376A5C63ED0A6B1
:103DA000DF1DA6F4D61C367F3E752641A75B063E76
:103DB0003E34239A4D20E312AF1A9CC10A1C5CC505
:103DC0008D301E74B904F26C843BCD787878578BB3
:103DD000C8618F3DF47D4BFDA8523AB3C77E3B428C
:103DE0002E5A3386F1724EC3230D1196FE2F812178
:103DF0001863C5BE4C68449D200DBDB81F11494CC9
:103E0000096464B4940167180075F83C3E321D8360
:103E1000725578FF39686EE20471ED2952731FF410
:103E20001005A4614366146BF94E25324F39C8FB67
:103E30009006F77DA869C2F3595524C11E3715F2C3
:103E4000616EB460DE10F139972F6D7D2A50449E6B
:103E5000D20E3D374002A730F24E7FE0006970BDC0
:103E60003175F5F3155C9076FF18F1DE4958BAB25A
:103E70006244D5132026AE97696903FF6B2839C8C1
:103E8000B42715B0695EFC3BAA5A564B277D8EAF0E
:103E9000A3466A1EAF4B43757970ADA3B44B0F8038
:103EA000F23157E0723FD2D50305D77B83384F5E9E
:103EB0001B2994C95D5AFB3CA26F64507D17492AA7
:103EC0003C6BEC76391FD1CDA7678DC80E7A29AE31
:103ED000792178FE99360CA90F63996BAB166DF2B8
:103EE000AF129D1F0F7C8A4AF56E28A512577233B8
:103EF0002F2239E25E582BA47E7FABFBE3494E9222
:103F0000C83627E0285A01470B47DC416C7D92FEFA
:103F1000D72544BC843789E52049A17ECA579C9C9B
:103F2000F7765CBB244E78FA4D10EBFA1220F08441
:103F300082287337F07F4F4B903739AFBE135FAE97
:103F4000291F2119381FC677CD0D895CA340991709
:103F5000D255D320DD7022C84E57070A82687040C0
:103F6000EC6CAD1244462FAF943FE2731B0FE6F4A6
:103F7000A21E5A53133F77D78EF257A03397F5FC02
:103F8000DB96F13035AF7DE4886130EF5E6DD4B102
:103F9000C92113883E5F69260331A017344C1AF6F5
:103FA0005D420491A51DF570262BD14D234495D17A
:103FB0006C900CD87843F5875BD071358D67EAB289
:103FC00094FC160971E11F015037BF9C27FCCB41BF
:103FD000E257181021C6C9D5689AE2E5538E02D27D
:103FE00010C4274DF58E4602E5F8B30B67AB23A24C
:103FF0009BBFC7596A8CE414012302141A71B14E95
:1040000047DBDF716018BB1E4FF0CBEC2DD339A618
:104010005F5F64FBAB3C421FD87FE377874C390678
:104020004F581D41A674D5668E51E22F1E55DF20D4
:104030001F5B68921ADA20B3B5695EDA31FC826CD4
:104040008EEE6C064A97780075881FCD9D63A40894
:104050004B49925292DDE637958F7AE48A3701BF59
:1040600007E25D19FDC122C44C9656813E5A5D4D52
:10407000E5A66912261AA2D5A3A569CF559CDAAC8C
:1040800002FE446EA0EAB149F40F0DD83BB026D928
:1040900062C162F5E48EF1DF33E2D9C3CEB3A58C01
:1040A00018630CCCF2654FA3CEE93545DA54863758
:1040B00081B58BAAB0FAD56C921588AEFDF60CB717
:1040C000E34A2E809D3C82D65DACAD72AC5E21A7EA
:1040D000FA5B6557B717FF6B8419B447C1AD4E3112
:1040E0004FAE70564614FD412CDACCABFCE15C12AD
:1040F000CE08BB0D324CC5FE5F6F36CC3B89CE255A
:1041000038ADC26D7AF513D6A8F6A78128F060BB4A
:104110008919BBEF1B59BDA6267904AA2C40304F44
:10412000EFCB07B6B85F591435163A656405E6C398
:10413000F9D5C73C354DE66520EE8A056A64C5367B
:10414000D15C3FD9C90516729504DD9783C4A7E6F3
:1041500022F207383F46F8E9427FA96E6C1C8813AB
:1041600013BBE99F010B2C6853F3F1ED2ED49ABCDD
:10417000FAEFECC09BE92E7EA84DA4BC4D7CFB461B
:104180003E3F2C8647057AFFF3FBECECA1D200768C
:10419000E3ACBC718836F2DF8AD2D0D2D76F0CFA8A
:1041A0005FEA0986BE918F10BCEE730DF441B9D45D
:1041B000CC1E0622000000000000000000000000ED
:1041C00000000000000000000000000000000000EF
:1041D00000000000000001000802000000000100D3
:1041E00009020000000001000A02000000000100B6
:1041F0000B02000004000000D44101020000000096
:1042000000000000FC470102080000002000000040
:10421000000000001C48010208000000200000000F
:10422000000000000000000000000000000000008E
:1042300000000000000000003C48010208000000EF
:1042400020000000000000005C480102080000009F
:10425000200000000000000000000000000000003E
:104260000000000000000000000000007C48010287
:104270000800000020000000000000009C4801022F
:104280000800000020000000000000000000000006
:10429000000000000000000000000000000000001E
:1042A000BC480102080000002000000000000000DF
:1042B000DC480102080000002000000000000000AF
:1042C00000000000000000000000000000000000EE
:1042D00000000000FC48010208000000200000006F
:1042E000000000001C49010208000000200000003E
:1042F00000000000000000000000000000000000BE
:1043000000000000000000003C490102080000001D
:1043100020000000000000005C49010208000000CD
:10432000200000000000000000000000000000006D
:104330000000000000000000000000007C490102B5
:104340000800000020000000000000009C4901025D
:104350000800000020000000000000000000000035
:10436000000000000000000000000000000000004D
:10437000BC4901020800000020000000000000000D
:10438000DC490102080000002000000000000000DD
:10439000000000000000000000000000000000001D
:1043A00000000000FC49010208000000200000009D
:1043B000000000001C4A010208000000200000006C
:1043C00000000000000000000000000000000000ED
:1043D00000000000000000003C4A0102080000004C
:1043E00020000000000000005C4A010208000000FC
:1043F000200000000000000000000000000000009D
:104400000000000000000000000000007C4A0102E3
:104410000800000020000000000000009C4A01028B
:104420000800000020000000000000000000000064
:10443000000000000000000000000000000000007C
:10444000BC4A01020800000020000000000000003B
:10445000DC4A01020800000020000000000000000B
:10446000000000000000000000000000000000004C
:1044700000000000FC4A01020800000020000000CB
:10448000000000001C4B010208000000200000009A
:10449000000000000000000000000000000000001C
:1044A00000000000000000003C4B0102080000007A
:1044B00020000000000000005C4B0102080000002A
:1044C00020000000000000000000000000000000CC
:1044D0000000000000000000000000007C4B010212
:1044E0000800000020000000000000009C4B0102BA
:1044F0000800000020000000000000000000000094
:1045000000000000000000000000000000000000AB
:10451000BC4B010208000000200000000000000069
:10452000DC4B010208000000200000000000000039
:10453000000000000000000000000000000000007B
:1045400000000000FC4B01020800000020000000F9
:10455000000000001C4C01020800000020000000C8
:10456000000000000000000000000000000000004B
:1045700000000000000000003C4C010208000000A8
:1045800020000000000000005C4C01020800000058
:1045900020000000000000000000000000000000FB
:1045A0000000000000000000000000007C4C010240
:1045B0000800000020000000000000009C4C0102E8
:1045C00008000000200000000000000000000000C3
:1045D00000000000000000000000000000000000DB
:1045E000BC4C010208000000200000000000000098
:1045F000DC4C010208000000200000000000000068
:1046000000000000000000000000000000000000AA
:1046100000000000FC4C0102080000002000000027
:10462000000000001C4D01020800000020000000F6
:10463000000000000000000000000000000000007A
:1046400000000000000000003C4D010208000000D6
:1046500020000000000000005C4D01020800000086
:10466000200000000000000000000000000000002A
:104670000000000000000000000000007C4D01026E
:104680000800000020000000000000009C4D010216
:1046900008000000200000000000000000000000F2
:1046A000000000000000000000000000000000000A
:1046B000BC4D0102080000002000000000000000C6
:1046C000DC4D010208000000200000000000000096
:1046D00000000000000000000000000000000000DA
:1046E00000000000FC4D0102080000002000000056
:1046F000000000001C4E0102080000002000000025
:1047000000000000000000000000000000000000A9
:1047100000000000000000003C4E01020800000004
:1047200020000000000000005C4E010208000000B4
:104730002000000000000000000000000000000059
:104740000000000000000000000000007C4E01029C
:104750000800000020000000000000009C4E010244
:104760000800000020000000000000000000000021
:104770000000000000000000000000000000000039
:10478000BC4E0102080000002000000000000000F4
:10479000DC4E0102080000002000000000000000C4
:1047A0000000000000000000000000000000000009
:1047B00000000000FC4E0102080000002000000084
:1047C000000000001C4F0102080000002000000053
:1047D00000000000000000000000000000000000D9
:1047E0000000000004000000000100004000000084
:1047F0002000000000420102D844010263DB148E55
:10480000B45CE7907E1F65ADAA3B4929DE256E3278
:104810002E599284A5AA1128BC22A80FE72E465F24
:10482000542411E4F582FE5050A6B1348B18DFB346
:10483000BCD44A6F0DA8DBF5E84AF4BFAF92790902
:10484000E21C3993FAF1350DFD986CE98927E09562
:10485000DEC057B26F72D689BC4B0A30A02781C028
:1048600091A254AAA506D8A9ADEEB15B6F3C1EFF7C
:1048700025DB1D7F44469BD0E0C7AA7285BD89D742
:10488000C94FC857C3EA97C27DFF35FC6E76C6880C
:10489000D52F98FB675EDBEE9B737D44325BE27243
:1048A000C9337E0C00E5FAA7959B343DF7AF4A3A31
:1048B000959D2EE1EE314183AB25482D7F361D2A93
:1048C000939C9413B7110A1A2BBD7FEF60FC1DB99E
:1048D0008B06C6DDFF729C8A321995EFA8D87673D5
:1048E000A73560194017CA95083B18239C212C0254
:1048F0000798EEC19B2CBB7DC39F1E61BCF4570B78
:1049000092B1E2CA36BCC9C65EDF3629BF3812E1B1
:104910008264EA7DD8F5517B796306554C968A34DA
:1049200016E2FF44E1FBDEDB76D5B39FE5509D8DBB
:104930000140FA0A51B8EC8A8464711501DE5CFC0E
:10494000FFCA8EE4265F710DE784CD7C91433EF46F
:1049500083F4E8A2EA4111B245775DEB79341A732A
:10496000E217C9CA45B64428FE2CF285EE6C005801
:10497000A1E690097BC1ECDBEB72FDEABE28373182
:10498000FB0FF26C4AB9C6A391954396C55F3144BB
:1049900083FF3627769284A77796D3A6F4F557C37C
:1049A00033B8BAF29B0584220C924A82DFEC272DA1
:1049B000BDBAB86616880B9B74844F673E8A7C67C5
:1049C000048CF42D6BA50302082FE074DBFEC7B83E
:1049D0007D5F8531ADDDC972769E764EB0BB24B861
:1049E0006561C3A4A522913B6FE19AFB8172940695
:1049F0007205C01E630683DE8290B942B968A8DDE5
:104A00005051F96E31E10C9C799EF8D178C4A1081F
:104A1000A01CDC7F4DE06C1CF68E877876D9E01FF9
:104A200012B9629C4F8DE0BD0E57CE6AEF9D3012D9
:104A30002C1453DE21C3727B5D3FCBB673351AC392
:104A4000D21E997F96B44FD55BDD825BAEFC2F8181
:104A500020525C5987126B714DBC880CA8AC485F22
:104A600063BF573AF36425DFF481817CAAE6049C96
:104A7000B3B5D118C61D90F3A3DE5DDD0CAD723E5B
:104A8000FB796AE92F79BA428CA2A043F3493E0828
:104A900023A4E0EF6674316BAF44F3684A4DB23F34
:104AA000DB17FECD26C6F57122FC8B66F37FD6247C
:104AB0003CD94E60200A54F805C4B9317F2E58A263
:104AC00089476BD3289CC34E14101A0DA0D7BAED9A
:104AD000C3623C66B91D466F4BBF5240EB258D1833
:104AE000C3275A235BCCBF9939F324E7C80CD7718D
:104AF000BDE62B8661FCB090514DCFFEACCFD4A16A
:104B0000106C3474A4A72685C05CDFAF7AFF2BF647
:104B1000A80232121AE402C8E2BADD1E44F803D633
:104B20002DAFA08F1719704C7E6BE036A033DB736E
:104B300052F4450CFCBC0E56864D1043E5781D0D15
:104B400011B515964B74C42532DEB0663A36AF6A9D
:104B5000FB464A0A1CA2F784B4268EB42D1BA02162
:104B6000F6B0EB06980F7B8B04E404C068F6D6FE23
:104B7000CD1B1364AB3D4D4D4015C0FA43595A1837
:104B8000229E5A3AB6DF655C3619B91ADA712C26BC
:104B9000326B652189AF22AF406BE37F01A19C6935
:104BA0002C150DD512F28A7B86D5B374F1A6DC07DD
:104BB00004F4099F2436B62558D497E68E21127541
:104BC00039A94AA84101CA74B021A5E902E9A2188D
:104BD0003A0B8857A677A61266505B4A40384F4C6E
:104BE0007ADAEA0B9D6DE21954B16D62407D62E1A3
:104BF000FB0426C4F189C0EA1C4613EB8132A427CA
:104C000009EDFAF9BCEC034114C4525E57C815A86B
:104C10007A9642C30A226A1C29B88107805FC5EAD6
:104C2000CE43835AE3054AE5EE0EF88834649112C8
:104C30004FA1B297931515F08DDE0C692A2FF8F766
:104C40005DC7E9AE3AF4FD4A87354C9E26133737E7
:104C5000F42D62F51736C76E565F538AB79430222B
:104C6000ACA0F9C569768C4C8633E5CDBF925A0865
:104C70001928E037D78BB06884C05504D9B577942C
:104C80002C6E0A0C44C46D8762BFA4F979C2CDB6FC
:104C900049A9505076827FB77ADABA06C9DA48EA6B
:104CA000D1AEB4C80F07A17E4B8ABDDE70EB661390
:104CB00010497D428AB16C0EFD6D475B0A348C272A
:104CC000443E5C7C3B6FD6126860544DD8C523AE21
:104CD000B151A72908C92E8A4E86293E50B8DB2635
:104CE000662A2D1480D75B76C44417ADEDD122E33C
:104CF000680E151F7E1EC33DEA909B232A32537A0D
:104D00005216C4788E6F770967DE5D30D42E86F830
:104D100059B7CADBF72FF749D94D0F82D4EB5D2B7A
:104D2000A644C56CC48C4E7B935DBE75D3145C21C8
:104D30001B1B481BEC053A78EC06041407DF95E8CA
:104D4000103F706AD86B8701FAF375FDFE8FE00C97
:104D5000E7065BEBEEDF832754B8F66855267178DB
:104D60008A6FC7907FBF10F3D29352CF2850A4FD13
:104D70004D04C8FBE60CE492BAFEE1CBC1E49643D5
:104D8000EACE98E974A2CE6A0BEF82FC27E95022A2
:104D90009F720F230901422F4DF9B2D066498DB39E
:104DA000DDAD0543453B4C62F838B8107A4E955856
:104DB0006663B27DE519078B82591497C99F362324
:104DC00026B7D64B76B8D0539E92F257870634F268
:104DD000A4CBD5C2BA6A864A001016965E7A402ED7
:104DE000CD7B994924CBDD927D19AB691C13E58FEE
:104DF00043F2F12C445EE7CEAD9FCB7AC0D4D223F0
:104E000094834E255B68EA7A910C7FF5EAAA756F68
:104E10000F880DA65BBF33A3CC9AEB24EA5DDA1CA6
:104E2000CB4CDEE34F6B1AC54193EFFE4D4CAC8B80
:104E3000F8253174CC79D0ACC591F869B576247079
:104E4000354BE4EE58225CE4A031D07E14856FBD72
:104E5000E7D122B407A172597C541FE53D34CFC974
:104E60006FCD5BA24E187C09EE22A98C069AFEA992
:104E7000B3982FA68713BB252B9A301C59C46719EA
:104E8000EBDB95928EC97234834801B02818010873
:104E9000779704C503E5C4A28A7BB82077C257E0A0
:104EA0005D176330DD82E58F3339D51B44A0695F20
:104EB000EFAD110DBE76979149FAC6F5119ED50F4B
:104EC000764E948C5FAD2F10A1CB763856AA3FD882
:104ED000FAC354A4B9102033B9D1D71E89B824001D
:104EE000271A01A144D30CACDCD0E405242A6AEBD8
:104EF000F020B5527A251732F0032B3A3D041DDF1E
:104F0000AFC20FF2625A8DB50D2430F33B8C05A071
:104F10009C227DFCF6D98DC745E5FE15DA8CC95B70
:104F200088821E5004AC46D0E580EF41FB1012464B
:104F3000499F7D55813F75B8B2B6B54AC66363A532
:104F4000F87C7C84EE777799F67B7B8DFFF2F20D0F
:104F5000D66B6BBDDE6F6FB191C5C55460303050FC
:104F600002010103CE6767A9562B2B7DE7FEFE19D0
:104F7000B5D7D7624DABABE6EC76769A8FCACA4509
:104F80001F82829D89C9C940FA7D7D87EFFAFA1593
:104F9000B25959EB8E4747C9FBF0F00B41ADADEC70
:104FA000B3D4D4675FA2A2FD45AFAFEA239C9CBFF8
:104FB00053A4A4F7E47272969BC0C05B75B7B7C2E6
:104FC000E1FDFD1C3D9393AE4C26266A6C36365AA5
:104FD0007E3F3F41F5F7F70283CCCC4F6834345C19
:104FE00051A5A5F4D1E5E534F9F1F108E271719329
:104FF000ABD8D873623131532A15153F0804040C1D
:1050000095C7C752462323659DC3C35E3018182831
:10501000379696A10A05050F2F9A9AB50E0707092C
:10502000241212361B80809BDFE2E23DCDEBEB26A3
:105030004E2727697FB2B2CDEA75759F1209091B09
:105040001D83839E582C2C74341A1A2E361B1B2D4C
:10505000DC6E6EB2B45A5AEE5BA0A0FBA45252F6BC
:10506000763B3B4DB7D6D6617DB3B3CE5229297B73
:10507000DDE3E33E5E2F2F7113848497A65353F52F
:10508000B9D1D16800000000C1EDED2C40202060B6
:10509000E3FCFC1F79B1B1C8B65B5BEDD46A6ABEB4
:1050A0008DCBCB4667BEBED97239394B944A4ADEA6
:1050B000984C4CD4B05858E885CFCF4ABBD0D06B71
:1050C000C5EFEF2A4FAAAAE5EDFBFB16864343C5C1
:1050D0009A4D4DD766333355118585948A4545CF12
:1050E000E9F9F91004020206FE7F7F81A05050F01A
:1050F000783C3C44259F9FBA4BA8A8E3A25151F3AA
:105100005DA3A3FE804040C0058F8F8A3F9292AD81
:10511000219D9DBC70383848F1F5F50463BCBCDFB7
:1051200077B6B6C1AFDADA754221216320101030AC
:10513000E5FFFF1AFDF3F30EBFD2D26D81CDCD4C4A
:10514000180C0C1426131335C3ECEC2FBE5F5FE173
:10515000359797A2884444CC2E17173993C4C45767
:1051600055A7A7F2FC7E7E827A3D3D47C86464ACB9
:10517000BA5D5DE73219192BE6737395C06060A0C4
:10518000198181989E4F4FD1A3DCDC7F4422226697
:10519000542A2A7E3B9090AB0B8888838C4646CA63
:1051A000C7EEEE296BB8B8D32814143CA7DEDE791D
:1051B000BC5E5EE2160B0B1DADDBDB76DBE0E03B9D
:1051C00064323256743A3A4E140A0A1E924949DB46
:1051D0000C06060A4824246CB85C5CE49FC2C25DDD
:1051E000BDD3D36E43ACACEFC46262A6399191A833
:1051F000319595A4D3E4E437F279798BD5E7E7329A
:105200008BC8C8436E373759DA6D6DB7018D8D8CF9
:10521000B1D5D5649C4E4ED249A9A9E0D86C6CB4E6
:10522000AC5656FAF3F4F407CFEAEA25CA6565AF3F
:10523000F47A7A8E47AEAEE9100808186FBABAD57C
:10524000F07878884A25256F5C2E2E72381C1C2435
:1052500057A6A6F173B4B4C797C6C651CBE8E823E6
:10526000A1DDDD7CE874749C3E1F1F21964B4BDD55
:1052700061BDBDDC0D8B8B860F8A8A85E0707090D6
:105280007C3E3E4271B5B5C4CC6666AA904848D80B
:1052900006030305F7F6F6011C0E0E12C26161A3A8
:1052A0006A35355FAE5757F969B9B9D01786869117
:1052B00099C1C1583A1D1D27279E9EB9D9E1E138F1
:1052C000EBF8F8132B9898B322111133D26969BB0C
:1052D000A9D9D970078E8E89339494A72D9B9BB63C
:1052E0003C1E1E2215878792C9E9E92087CECE4948
:1052F000AA5555FF50282878A5DFDF7A038C8C8FBC
:1053000059A1A1F8098989801A0D0D1765BFBFDA67
:10531000D7E6E631844242C6D06868B8824141C3CC
:10532000299999B05A2D2D771E0F0F117BB0B0CB54
:10533000A85454FC6DBBBBD62C16163A637C777B05
:10534000F26B6FC53001672BFED7AB76CA82C97D81
:10535000FA5947F0ADD4A2AF9CA472C0B7FD932612
:10536000363FF7CC34A5E5F171D8311504C723C316
:105370001896059A071280E2EB27B27509832C1A5A
:105380001B6E5AA0523BD6B329E32F8453D100EDB4
:1053900020FCB15B6ACBBE394A4C58CFD0EFAAFB98
:1053A000434D338545F9027F503C9FA851A3408F60
:1053B000929D38F5BCB6DA2110FFF3D2CD0C13EC78
:1053C0005F974417C4A77E3D645D197360814FDC0D
:1053D000222A908846EEB814DE5E0BDBE0323A0AF1
:1053E0004906245CC2D3AC629195E479E7C8376D75
:1053F0008DD54EA96C56F4EA657AAE08BA78252E9A
:105400001CA6B4C6E8DD741F4BBD8B8A703EB56622
:105410004803F60E613557B986C11D9EE1F8981113
:1054200069D98E949B1E87E9CE5528DF8CA1890D02
:10543000BFE6426841992D0FB054BB160000000032
:105440000E090D0B1C121A16121B171D3824342CB2
:10545000362D392724362E3A2A3F23317048685892
:105460007E4165536C5A724E62537F45486C5C7442
:105470004665517F547E46625A774B69E090D0B0C2
:10548000EE99DDBBFC82CAA6F28BC7ADD8B4E49C12
:10549000D6BDE997C4A6FE8ACAAFF38190D8B8E812
:1054A0009ED1B5E38CCAA2FE82C3AFF5A8FC8CC422
:1054B000A6F581CFB4EE96D2BAE79BD9DB3BBB7B96
:1054C000D532B670C729A16DC920AC66E31F8F57CE
:1054D000ED16825CFF0D9541F104984AAB73D3231E
:1054E000A57ADE28B761C935B968C43E9357E70F7E
:1054F0009D5EEA048F45FD19814CF0123BAB6BCBEE
:1055000035A266C027B971DD29B07CD6038F5FE76D
:105510000D8652EC1F9D45F1119448FA4BE303931D
:1055200045EA0E9857F1198559F8148E73C737BF9D
:105530007DCE3AB46FD52DA961DC20A2AD766DF693
:10554000A37F60FDB16477E0BF6D7AEB955259DAC5
:105550009B5B54D1894043CC87494EC7DD3E05AEA5
:10556000D33708A5C12C1FB8CF2512B3E51A318255
:10557000EB133C89F9082B94F701269F4DE6BD46B5
:1055800043EFB04D51F4A7505FFDAA5B75C2896A25
:105590007BCB846169D0937C67D99E773DAED51E65
:1055A00033A7D81521BCCF082FB5C203058AE13235
:1055B0000B83EC391998FB241791F62F764DD68D75
:1055C0007844DB866A5FCC9B6456C1904E69E2A149
:1055D0004060EFAA527BF8B75C72F5BC0605BED5F9
:1055E000080CB3DE1A17A4C3141EA9C83E218AF9F9
:1055F000302887F2223390EF2C3A9DE496DD063D69
:1056000098D40B368ACF1C2B84C61120AEF93211E8
:10561000A0F03F1AB2EB2807BCE2250CE6956E65B8
:10562000E89C636EFA877473F48E7978DEB15A4918
:10563000D0B85742C2A3405FCCAA4D5441ECDAF730
:105640004FE5D7FC5DFEC0E153F7CDEA79C8EEDB4C
:1056500077C1E3D065DAF4CD6BD3F9C631A4B2AF2C
:105660003FADBFA42DB6A8B923BFA5B209808683DC
:1056700007898B8815929C951B9B919EA17C0A475C
:10568000AF75074CBD6E1051B3671D5A99583E6BEC
:1056900097513360854A247D8B432976D134621F2C
:1056A000DF3D6F14CD267809C32F7502E9105633FC
:1056B000E7195B38F5024C25FB0B412E9AD7618C1C
:1056C00094DE6C8786C57B9A88CC7691A2F355A030
:1056D000ACFA58ABBEE14FB6B0E842BDEA9F09D480
:1056E000E49604DFF68D13C2F8841EC9D2BB3DF8E0
:1056F000DCB230F3CEA927EEC0A02AE57A47B13C50
:10570000744EBC376655AB2A685CA621426385108F
:105710004C6A881B5E719F065078920D0A0FD964FF
:105720000406D46F161DC3721814CE79322BED48BF
:105730003C22E0432E39F75E2030FA55EC9AB7014F
:10574000E293BA0AF088AD17FE81A01CD4BE832D67
:10575000DAB78E26C8AC993BC6A594309CD2DF59E7
:1057600092DBD25280C0C54F8EC9C844A4F6EB75F7
:10577000AAFFE67EB8E4F163B6EDFC680C0A67B1F7
:1057800002036ABA10187DA71E1170AC342E539D07
:105790003A275E96283C498B263544807C420FE9A7
:1057A000724B02E2605015FF6E5918F444663BC517
:1057B0004A6F36CE587421D3567D2CD837A10C7A37
:1057C00039A801712BB3166C25BA1B670F853856A3
:1057D000018C355D139722401D9E2F4B47E96422B3
:1057E00049E069295BFB7E3455F2733F7FCD500E53
:1057F00071C45D0563DF4A186DD64713D731DCCA23
:10580000D938D1C1CB23C6DCC52ACBD7EF15E8E602
:10581000E11CE5EDF307F2F0FD0EFFFBA779B49272
:10582000A970B999BB6BAE84B562A38F9F5D80BE32
:1058300091548DB5834F9AA88D4697A351F4A750E4
:105840007E4165531A17A4C33A275E963BAB6BCBD8
:105850001F9D45F1ACFA58AB4BE303932030FA554A
:10586000AD766DF688CC7691F5024C254FE5D7FCE8
:10587000C52ACBD726354480B562A38FDEB15A49FD
:1058800025BA1B6745EA0E985DFEC0E1C32F75027D
:10589000814CF0128D4697A36BD3F9C6038F5FE757
:1058A00015929C95BF6D7AEB955259DAD4BE832D33
:1058B000587421D349E069298EC9C84475C2896AE0
:1058C000F48E797899583E6B27B971DDBEE14FB6F9
:1058D000F088AD17C920AC667DCE3AB463DF4A18B4
:1058E000E51A31829751336062537F45B16477E0A6
:1058F000BB6BAE84FE81A01CF9082B9470486858DD
:105900008F45FD1994DE6C87527BF8B7AB73D323B8
:10591000724B02E2E31F8F576655AB2AB2EB2807A2
:105920002FB5C20386C57B9AD33708A5302887F2E6
:1059300023BFA5B202036ABAED16825C8ACF1C2B84
:10594000A779B492F307F2F04E69E2A165DAF4CDDB
:105950000605BED5D134621FC4A6FE8A342E539DDF
:10596000A2F355A0058AE132A4F6EB750B83EC395E
:105970004060EFAA5E719F06BD6E10513E218AF90C
:1059800096DD063DDD3E05AE4DE6BD4691548DB536
:1059900071C45D050406D46F605015FF1998FB248F
:1059A000D6BDE997894043CC67D99E77B0E842BD20
:1059B00007898B88E7195B3879C8EEDBA17C0A4739
:1059C0007C420FE9F8841EC900000000098086832C
:1059D000322BED481E1170AC6C5A724EFD0EFFFB5F
:1059E0000F8538563DAED51E362D39270A0FD9649E
:1059F000685CA6219B5B54D124362E3A0C0A67B111
:105A00009357E70FB4EE96D21B9B919E80C0C54F73
:105A100061DC20A25A774B691C121A16E293BA0A6B
:105A2000C0A02AE53C22E043121B171D0E090D0BF6
:105A3000F28BC7AD2DB6A8B9141EA9C857F11985A8
:105A4000AF75074CEE99DDBBA37F60FDF701269F84
:105A50005C72F5BC44663BC55BFB7E348B432976A8
:105A6000CB23C6DCB6EDFC68B8E4F163D731DCCA01
:105A7000426385101397224084C61120854A247DF5
:105A8000D2BB3DF8AEF93211C729A16D1D9E2F4B37
:105A9000DCB230F30D8652EC77C1E3D02BB3166C39
:105AA000A970B999119448FA47E96422A8FC8CC4FA
:105AB000A0F03F1A567D2CD8223390EF87494EC76D
:105AC000D938D1C18CCAA2FE98D40B36A6F581CFA5
:105AD000A57ADE28DAB78E263FADBFA42C3A9DE426
:105AE0005078920D6A5FCC9B547E4662F68D13C24D
:105AF00090D8B8E82E39F75E82C3AFF59F5D80BEBF
:105B000069D0937C6FD52DA9CF2512B3C8AC993B32
:105B100010187DA7E89C636EDB3BBB7BCD26780924
:105B20006E5918F4EC9AB701834F9AA8E6956E6502
:105B3000AAFFE67E21BCCF08EF15E8E6BAE79BD9BD
:105B40004A6F36CEEA9F09D429B07CD631A4B2AFD1
:105B50002A3F2331C6A5943035A266C0744EBC37A7
:105B6000FC82CAA6E090D0B033A7D815F104984AB9
:105B700041ECDAF77FCD500E1791F62F764DD68D8A
:105B800043EFB04DCCAA4D54E49604DF9ED1B5E36B
:105B90004C6A881BC12C1FB84665517F9D5EEA0484
:105BA000018C355DFA877473FB0B412EB3671D5A68
:105BB00092DBD252E91056336DD647139AD7618CD7
:105BC00037A10C7A59F8148EEB133C89CEA927EE35
:105BD000B761C935E11CE5ED7A47B13C9CD2DF598C
:105BE00055F2733F1814CE7973C737BF53F7CDEA18
:105BF0005FFDAA5BDF3D6F147844DB86CAAFF3819B
:105C0000B968C43E3824342CC2A3405F161DC37249
:105C1000BCE2250C283C498BFF0D954139A8017148
:105C2000080CB3DED8B4E49C6456C1907BCB84618D
:105C3000D532B670486C5C74D0B8574252096AD5F8
:105C40003036A538BF40A39E81F3D7FB7CE3398271
:105C50009B2FFF87348E4344C4DEE9CB547B9432C0
:105C6000A6C2233DEE4C950B42FAC34E082EA16608
:105C700028D924B2765BA2496D8BD12572F8F664DF
:105C800086689816D4A45CCC5D65B6926C7048505A
:105C9000FDEDB9DA5E154657A78D9D8490D8AB000F
:105CA0008CBCD30AF7E45805B8B34506D02C1E8F38
:105CB000CA3F0F02C1AFBD0301138A6B3A91114174
:105CC0004F67DCEA97F2CFCEF0B4E67396AC74225D
:105CD000E7AD3585E2F937E81C75DF6E47F11A71DB
:105CE0001D29C5896FB7620EAA18BE1BFC563E4B14
:105CF000C6D279209ADBC0FE78CD5AF41FDDA833D6
:105D00008807C731B11210592780EC5F60517FA915
:105D100019B54A0D2DE57A9F93C99CEFA0E03B4D44
:105D2000AE2AF5B0C8EBBB3C83539961172B047EB8
:105D3000BA77D626E169146355210C7D0102040867
:105D4000102040801B36D4D4FFFFFFFFFFFFFFFF72
:105D5000FFFFFFFF00000000000000000000000047
:105D600001000000FFFFFFFFFCFFFFFFFFFFFFFF41
:105D7000FFFFFFFF00000000000000000000000027
:105D800001000000FFFFFFFF4B60D2273E3CCE3BEF
:105D9000F6B053CCB0061D65BC86987655BDEBB306
:105DA000E7933AAAD835C65A96C298D84539A1F48D
:105DB000A033EB2D817D0377F240A463E5E6BCF8C8
:105DC00047422CE1F2D1176BF551BF376840B6CB93
:105DD000CE5E316B5733CE2B169E0F7C4AEBE78E8F
:105DE0009B7F1AFEE242E34F512563FCC2CAB9F31E
:105DF000849E17A7ADFAE6BCFFFFFFFFFFFFFFFF82
:105E000000000000FFFFFFFF01000000D02601029C
:105E1000170006000400000000010000485D0102B8
:105E2000080000002000000000000000685D010282
:105E3000080000002000000000000000885D010252
:105E4000080000002000000000000000000000002A
:105E5000A85D010208000000200000000000000012
:105E6000C85D0102080000002000000000000000E2
:105E70000000000000000000000000000000000022
:105E8000E85D0102080000002000000000000000A2
:105E9000085E010201000000040000000000000094
:105EA000E4470102B1960002C1990002599A00022A
:105EB000019C0002982F8A4291443771CFFBC0B5F4
:105EC000A5DBB5E95BC25639F111F159A4823F92C5
:105ED000D55E1CAB98AA07D8015B8312BE8531241E
:105EE000C37D0C55745DBE72FEB1DE80A706DC9BDF
:105EF00074F19BC1C1699BE48647BEEFC69DC10F8B
:105F0000CCA10C246F2CE92DAA84744ADCA9B05CC6
:105F1000DA88F97652513E986DC631A8C82703B089
:105F2000C77F59BFF30BE0C64791A7D55163CA0697
:105F300067292914850AB72738211B2EFC6D2C4DA3
:105F4000130D385354730A65BB0A6A762EC9C28191
:105F5000852C7292A1E8BFA24B661AA8708B4BC227
:105F6000A3516CC719E892D1240699D685350EF451
:105F700070A06A1016C1A419086C371E4C77482708
:105F8000B5BCB034B30C1C394AAAD84E4FCA9C5B7E
:105F9000F36F2E68EE828F746F63A5781478C884CF
:105FA0000802C78CFAFFBE90EB6C50A4F7A3F9BEB1
:105FB000F27871C6800000000000000000000000C0
:105FC00000000000000000000000000000000000D1
:105FD00000000000000000000000000000000000C1
:105FE00000000000000000000000000000000000B1
:105FF00000000000020403040404D4D40000008064
:1060000000000080600106226001062207000000F7
:10601000246001020D00000078600102020000000F
:10602000FC5F010200000080000000800001000809
:106030000000008000000080000100080000000057
:10604000000000000100000500000020000000200A
:106050000100000460010622600106220000000326
:106060008C110622CC21062200000003CC2106223E
:10607000D021062200000003000000800000008004
:10608000000000900001090800000080000000806E
:1060900000000027000102080000008000000080CE
:1060A00040000002000101080000000000000000A4
:1060B0000000009001010905000000000000000040
:1060C00000000027010002050000000000000000A1
:1060D0004000000201000105000000200000002037
:1060E00000000090010109040000002000000020D1
:1060F0000000002701000204000000200000002032
:1061000040000002010001040000062200000622F7
:106110000000009000010903000006220000062292
:106120000000002700000203000006224C010622A6
:106130004000000200000103CC210622CC210622EF
:106140008C010002000001030000010002000800B1
:1061500010002000D4D4D4D40000000000000000BF
:10616000000000000000001000000000000000001F
:10617000B9340332B7F4AD1410DB1AB30892540EDD
:106180000D307D951447BA1A66088F4D26ADC66D41
:10619000F598BF85E2B74511CA96853D92BD1DEBC6
:1061A000FCA11860DCEF52163C92AE220BB8C1B4D1
:1061B000839D2D5B0562DA1C304C7E8F4E8BB25B6B
:1061C00016F4529F8B56A512FBD4827643ED8AF0CB
:1061D0008FE7F9311565191850F19BD94A13EEB4C0
:1061E000284CF0A686C1251F035FC270CB9E4916BE
:1061F000E642889C44EB2014B0650836AD6EA58558
:1062000085F0CA14E2FD031A0B899979D5B13D09CD
:10621000D8DA973A35EBCF10AC363F5E73BB38CF48
:106220003E6752FA44AFBA150100000000000000BA
:106230000500000000000000190000000000000040
:106240007D0000000000000071020000000000005E
:10625000350C000000000000093D000000000000B7
:106260002D31010000000000E1F5050000000000F4
:1062700065CD1D0000000000F9029500000000003F
:10628000DD0EE90200000000514A8D0E0000000002
:106290009573C24800000000E941CC6B010000008A
:1062A0008D49FD1A07000000C16FF286230000002F
:1062B000C52EBCA2B1000000D9E9AC2D78030000C6
:1062C0003D9160E45811000031D6E275BC560000E3
:1062D000F52E6E4DAEB10100C9EA2683677808003D
:1062E000ED95C28F055A2A00A1EDCCCE1BC2D3007A
:1062F00025A4000A8BCA2204000000000000000050
:10630000000000000000000000000040955969599D
:1063100055555455155555560405154110545540BD
:106320004551554440455044505555450040004066
:1063300040044496655556554540455451411540D5
:10634000559155555555405105010000D4D4D4D42C
:10635000010000000000000000000000000000201C
:10636000345065C05FC9A652BB13CBAEC440C2183F
:1063700006C8DF7100D5A87CF56F0FDA58FC27132B
:106380006E4756357D24206502C7E768E48CA41D5E
:10639000E9E60268D7CD39617977FCC2405BEF1638
:1063A000798CDE43FFA751F991F3B278F5BDBE11A8
:1063B000E857E9D6E8BEE87BB054AC8F848D751BF6
:1063C000EA23A499E9F9D38BB7A3714061DA3E15AA
:1063D000CEE33ECB73F948088C97B427D51B7010D9
:1063E000A2BFEFB9EB8532154DB44DB49BBB6F190D
:1063F00096B6076CF8E7EEAD36D9B4F59135AE1325
:10640000222218AF4E6A684D91DAAA3D4F40741EA1
:106410009FBD9EE006A1C09857C2A7FDA40E90178D
:106420000E7D497173E3208FB220D87605143B129C
:10643000853D7434811343B0AD297A5F27F4351C50
:1064400054455454455505040010041014044000EC
:10645000000001405555154154040000440001005E
:106460000000004041000044504445505400555540
:106470005455655100400040010000010005010035
:106480001154515154555505001541500000044018
:1064900010010405000000000000000000000000E2
:1064A00000000000000000000000000000000000EC
:1064B00000000000000000000000000000000000DC
:1064C00000000000000000000000000000000000CC
:1064D00000000000000000000000000000000000BC
:1064E00000000000000000000000000000000000AC
:1064F000000000000000000000000000000000009C
:10650000000000000000000000000000000000008B
:10651000000000000000000020202020202020207B
:106520002028282828282020202020202020202043
:106530002020202020202020881010101010101063
:1065400010101010101010100404040404040404AB
:10655000040410101010101010414141414141013C
:10656000010101010101010101010101010101011B
:10657000010101101010101010424242424242022A
:1065800002020202020202020202020202020202EB
:106590000202021010101020000000000000000095
:1065A00000000000000000000000000000000000EB
:1065B00000000000000000000000000000000000DB
:1065C00000000000000000000000000000000000CB
:1065D00000000000000000000000000000000000BB
:1065E00000000000000000000000000000000000AB
:1065F000000000000000000000000000000000009B
:10660000000000000000000000000000000000008A
:10661000000000000000000000000606362E362EA6
:1066200030004275696C7420776974682052656E19
:106630006573617320416476616E63656420466CA6
:10664000657869626C6520536F6674776172652046
:106650005061636B6167652076657273696F6E2048
:06666000362E362E30003C
:020000040300F7
:04A10000FFFFFFFF5F
:04A10400FFFFFFFF5B
:04A20000FFF5FFFD6A
:04A2800000000000DA
:040000050200EB29E1
:00000001FF
