TA7FC 000:005.208   SEGGER J-Link V9.14a Log File
TA7FC 000:005.504   DLL Compiled: Jan 28 2026 17:11:52
TA7FC 000:005.526   Logging started @ 2026-03-10 03:32
TA7FC 000:005.546   Process: C:\Users\trung.tran-quoc\.eclipse\com.renesas.platform_121336757\DebugComp\RA\e2-server-gdb.exe
TA7FC 000:005.575 - 5.568ms 
TA7FC 000:005.616 JLINK_GetDLLVersion()
TA7FC 000:005.638 - 0.025ms returns 91401
TA7FC 000:025.209 JLINK_OpenEx(...)
TA7FC 000:054.374   Firmware: J-Link OB-RA4M2 compiled Dec 10 2025 15:52:53
TA7FC 000:056.257   Firmware: J-Link OB-RA4M2 compiled Dec 10 2025 15:52:53
TA7FC 000:073.269   Hardware: V1.00
TA7FC 000:073.339   S/N: 1082531270
TA7FC 000:073.368   OEM: SEGGER
TA7FC 000:073.617   Feature(s): None
TA7FC 000:074.868   Bootloader: 2021 May 14
TA7FC 000:075.384   USB speed mode: Full speed (12 MBit/s)
TA7FC 000:076.310   TELNET listener socket opened on port 19021
TA7FC 000:076.615   WEBSRV WEBSRV_Init(): Starting webserver thread(s)
TA7FC 000:076.986   WEBSRV Webserver running on local port 19080
TA7FC 000:077.266   Looking for J-Link GUI Server exe at: C:\Users\trung.tran-quoc\.eclipse\com.renesas.platform_121336757\DebugComp\RA\ARM\Segger_v9.14.1\JLinkGUIServer.exe
TA7FC 000:077.507   Looking for J-Link GUI Server exe at: C:\Users\trung.tran-quoc\SEGGER\JLink_V892\JLinkGUIServer.exe
TA7FC 000:077.575   Forking J-Link GUI Server: C:\Users\trung.tran-quoc\SEGGER\JLink_V892\JLinkGUIServer.exe
TA7FC 000:376.266   J-Link GUI Server info: "J-Link GUI server V8.92 "
TA7FC 000:545.737 - 520.526ms returns "O.K."
TA7FC 000:546.346 JLINK_ExecCommand("ProjectFile=C:\Users\trung.tran-quoc\Documents\RVC_TASK_26_1H\migrate\r11an0995_Vision_AI_RA8P1_Ethos-U55\ws_mobinet\cm85_image_classification_ethosu/cm33_system_management Debug_Multicore.jlink", ...). 
TA7FC 000:641.789 - 95.443ms returns 0x00
TA7FC 000:645.085 JLINK_ExecCommand("device=R7KA8P1KF_CPU0", ...). 
TA7FC 000:648.020   Flash bank @ 0x02000000: SFL: Parsing sectorization info from ELF file
TA7FC 000:648.095     FlashDevice.SectorInfo[0]: .SectorSize = 0x00000800, .SectorStartAddr = 0x00000000
TA7FC 000:648.120   FlashBank @0x02000000: Sectorization info from SFL ELF file ignored because sectorization override from DLL / XML file is active.
TA7FC 000:648.578   Flash bank @ 0x02E07400: SFL: Parsing sectorization info from ELF file
TA7FC 000:648.619     FlashDevice.SectorInfo[0]: .SectorSize = 0x00000010, .SectorStartAddr = 0x00000000
TA7FC 000:648.643   FlashBank @0x02C9F020: Sectorization info from SFL ELF file ignored because sectorization override from DLL / XML file is active.
TA7FC 000:648.678   Flash bank @ 0x02E07400: SFL: Parsing sectorization info from ELF file
TA7FC 000:648.706     FlashDevice.SectorInfo[0]: .SectorSize = 0x00000010, .SectorStartAddr = 0x00000000
TA7FC 000:648.730   FlashBank @0x02E07400: Sectorization info from SFL ELF file ignored because sectorization override from DLL / XML file is active.
TA7FC 000:648.771   Flash bank @ 0x12000000: SFL: Parsing sectorization info from ELF file
TA7FC 000:648.795     FlashDevice.SectorInfo[0]: .SectorSize = 0x00000800, .SectorStartAddr = 0x00000000
TA7FC 000:648.819   FlashBank @0x12000000: Sectorization info from SFL ELF file ignored because sectorization override from DLL / XML file is active.
TA7FC 000:649.246   Flash bank @ 0x12E07400: SFL: Parsing sectorization info from ELF file
TA7FC 000:649.280     FlashDevice.SectorInfo[0]: .SectorSize = 0x00000010, .SectorStartAddr = 0x00000000
TA7FC 000:649.305   FlashBank @0x12C9F4C0: Sectorization info from SFL ELF file ignored because sectorization override from DLL / XML file is active.
TA7FC 000:649.341   Flash bank @ 0x12E07400: SFL: Parsing sectorization info from ELF file
TA7FC 000:649.366     FlashDevice.SectorInfo[0]: .SectorSize = 0x00000010, .SectorStartAddr = 0x00000000
TA7FC 000:649.391   FlashBank @0x12E07780: Sectorization info from SFL ELF file ignored because sectorization override from DLL / XML file is active.
TA7FC 000:649.943   Flash bank @ 0x70000000: SFL: Parsing sectorization info from ELF file
TA7FC 000:650.165     FlashDevice.SectorInfo[0]: .SectorSize = 0x00010000, .SectorStartAddr = 0x00000000
TA7FC 000:660.008   Flash bank @ 0x78000000: SFL: Parsing sectorization info from ELF file
TA7FC 000:660.063     FlashDevice.SectorInfo[0]: .SectorSize = 0x00010000, .SectorStartAddr = 0x00000000
TA7FC 000:671.574   Flash bank @ 0x80000000: SFL: Parsing sectorization info from ELF file
TA7FC 000:671.641     FlashDevice.SectorInfo[0]: .SectorSize = 0x00010000, .SectorStartAddr = 0x00000000
TA7FC 000:707.268   Flash bank @ 0x90000000: SFL: Parsing sectorization info from ELF file
TA7FC 000:707.346     FlashDevice.SectorInfo[0]: .SectorSize = 0x00010000, .SectorStartAddr = 0x00000000
TA7FC 000:764.539   Device "R7KA8P1KF_CPU0" selected.
TA7FC 000:771.118 - 126.031ms returns 0x00
TA7FC 000:772.080 JLINK_TIF_GetAvailable(...)
TA7FC 000:772.353 - 0.272ms 
TA7FC 000:772.585 JLINK_TIF_Select(JLINKARM_TIF_SWD)
TA7FC 000:773.557 - 0.972ms returns 0x00
TA7FC 000:773.739 JLINK_SetSpeed(4000)
TA7FC 000:774.156 - 0.558ms 
TA7FC 000:774.650 JLINK_ReadMem(0xE000EDF0, 0x4 Bytes, ...)
TA7FC 000:775.533   ConfigTargetSettings() start
TA7FC 000:775.570    J-Link Script File: Executing ConfigTargetSettings()
TA7FC 000:775.979   Configuring FlashDLNoRMWThreshold=0x200 in order to make sure that option bytes programming is done via read-modify-write
TA7FC 000:979.353   ConfigTargetSettings() end - Took 203ms
TA7FC 000:979.691   InitTarget() start
TA7FC 000:979.764    J-Link Script File: Executing InitTarget()
TA7FC 000:979.789   Identifying target device...
TA7FC 000:980.316   SWD selected. Executing JTAG -> SWD switching sequence...
TA7FC 000:981.322   Initializing DAP...
TA7FC 000:982.771   Error: Failed to initialize DAP.
TA7FC 000:982.850   Attach to CPU failed. Trying connect under reset.
TA7FC 001:083.719   Identifying target device...
TA7FC 001:083.836   SWD selected. Executing JTAG -> SWD switching sequence...
TA7FC 001:084.647   Initializing DAP...
TA7FC 001:085.663   DAP initialized successfully.
TA7FC 001:197.768   Determining TrustZone configuration...
TA7FC 001:198.762     Secure Debug: Enabled (SSD)
TA7FC 001:198.796   Determining currently configured transfer type by reading the AHB-AP CSW register.
TA7FC 001:199.455     --> Correct transfer type configured. Done.
TA7FC 001:199.486   InitTarget() end - Took 219ms
TA7FC 001:200.729   Found SW-DP with ID 0x6BA02477
TA7FC 001:204.095   DPIDR: 0x6BA02477
TA7FC 001:204.245   CoreSight SoC-400 or earlier
TA7FC 001:204.470   Scanning AP map to find all available APs
TA7FC 001:305.562   AP[2]: Stopped AP scan as end of AP map seems to be reached
TA7FC 001:306.056   AP[0]: AHB-AP (IDR: 0x84770001, ADDR: 0x00000000)
TA7FC 001:306.129   AP[1]: APB-AP (IDR: 0x54770002, ADDR: 0x01000000)
TA7FC 001:306.380   Iterating through AP map to find AHB-AP to use
TA7FC 001:307.336   AP[0]: Core found
TA7FC 001:307.409   AP[0]: AHB-AP ROM base: 0xE00FE000
TA7FC 001:307.993   CPUID register: 0x411FD231. Implementer code: 0x41 (ARM)
TA7FC 001:308.107   Feature set: Mainline
TA7FC 001:308.636   Cache: L1 I/D-cache present
TA7FC 001:308.886   Found Cortex-M85 r1p1, Little endian.
TA7FC 001:309.394   -- Max. mem block: 0x0001D908
TA7FC 001:310.120   CPU_ReadMem(4 bytes @ 0xE000EDF0)
TA7FC 001:310.564   CPU_WriteMem(4 bytes @ 0xE000EDF0)
TA7FC 001:310.923   CPU_ReadMem(4 bytes @ 0xE0002000)
TA7FC 001:311.287   FPUnit: 8 code (BP) slots and 0 literal slots
TA7FC 001:311.338   CPU_ReadMem(4 bytes @ 0xE000EDFC)
TA7FC 001:311.670   CPU_WriteMem(4 bytes @ 0xE000EDFC)
TA7FC 001:312.027   CPU_ReadMem(4 bytes @ 0xE0001000)
TA7FC 001:312.464   CPU_ReadMem(4 bytes @ 0xE0001000)
TA7FC 001:312.924   CPU_ReadMem(4 bytes @ 0xE0001028)
TA7FC 001:313.305   CPU_ReadMem(4 bytes @ 0xE0001038)
TA7FC 001:313.671   CPU_ReadMem(4 bytes @ 0xE0001048)
TA7FC 001:314.041   CPU_ReadMem(4 bytes @ 0xE0001058)
TA7FC 001:314.386   CPU_ReadMem(4 bytes @ 0xE0001068)
TA7FC 001:314.753   CPU_ReadMem(4 bytes @ 0xE0001078)
TA7FC 001:315.137   CPU_ReadMem(4 bytes @ 0xE0001088)
TA7FC 001:315.502   CPU_ReadMem(4 bytes @ 0xE0001098)
TA7FC 001:315.897   CPU_WriteMem(4 bytes @ 0xE0001000)
TA7FC 001:316.296   CPU_ReadMem(4 bytes @ 0xE000ED88)
TA7FC 001:316.679   CPU_WriteMem(4 bytes @ 0xE000ED88)
TA7FC 001:317.028   CPU_ReadMem(4 bytes @ 0xE000ED88)
TA7FC 001:317.471   CPU_WriteMem(4 bytes @ 0xE000ED88)
TA7FC 001:317.846   CPU_ReadMem(4 bytes @ 0xE000EFB8)
TA7FC 001:318.197   Security extension: implemented
TA7FC 001:318.252   Secure debug: enabled
TA7FC 001:318.277   CPU_ReadMem(4 bytes @ 0xE000ED74)
TA7FC 001:318.594   PACBTI extension: implemented
TA7FC 001:318.644   CoreSight components:
TA7FC 001:318.684   ROMTbl[0] @ E00FE000
TA7FC 001:318.727   CPU_ReadMem(64 bytes @ 0xE00FE000)
TA7FC 001:319.471   CPU_ReadMem(32 bytes @ 0xE00FFFE0)
TA7FC 001:319.976   [0][0]: E00FF000 CID B105100D PID 000BB4D4 ROM Table
TA7FC 001:320.016   ROMTbl[1] @ E00FF000
TA7FC 001:320.041   CPU_ReadMem(64 bytes @ 0xE00FF000)
TA7FC 001:320.738   CPU_ReadMem(32 bytes @ 0xE000EFE0)
TA7FC 001:321.240   CPU_ReadMem(4 bytes @ 0xE000EFBC)
TA7FC 001:321.645   CPU_ReadMem(4 bytes @ 0xE000EFCC)
TA7FC 001:321.968   [1][0]: E000E000 CID B105900D PID 000BBD23 DEVARCH 47702A04 DEVTYPE 00 ???
TA7FC 001:321.999   CPU_ReadMem(32 bytes @ 0xE0001FE0)
TA7FC 001:322.482   CPU_ReadMem(4 bytes @ 0xE0001FBC)
TA7FC 001:322.821   CPU_ReadMem(4 bytes @ 0xE0001FCC)
TA7FC 001:323.154   [1][1]: E0001000 CID B105900D PID 000BBD23 DEVARCH 47711A02 DEVTYPE 00 DWT
TA7FC 001:323.182   CPU_ReadMem(32 bytes @ 0xE0002FE0)
TA7FC 001:323.638   CPU_ReadMem(4 bytes @ 0xE0002FBC)
TA7FC 001:323.998   CPU_ReadMem(4 bytes @ 0xE0002FCC)
TA7FC 001:324.338   [1][2]: E0002000 CID B105900D PID 000BBD23 DEVARCH 47701A03 DEVTYPE 00 FPB
TA7FC 001:324.404   CPU_ReadMem(32 bytes @ 0xE0000FE0)
TA7FC 001:324.875   CPU_ReadMem(4 bytes @ 0xE0000FBC)
TA7FC 001:325.234   CPU_ReadMem(4 bytes @ 0xE0000FCC)
TA7FC 001:325.538   [1][3]: E0000000 CID B105900D PID 000BBD23 DEVARCH 47701A01 DEVTYPE 43 ITM
TA7FC 001:325.577   CPU_ReadMem(32 bytes @ 0xE0041FE0)
TA7FC 001:326.039   CPU_ReadMem(4 bytes @ 0xE0041FBC)
TA7FC 001:326.466   CPU_ReadMem(4 bytes @ 0xE0041FCC)
TA7FC 001:326.829   [1][5]: E0041000 CID B105900D PID 004BBD23 DEVARCH 47754A13 DEVTYPE 13 ETM
TA7FC 001:326.865   CPU_ReadMem(32 bytes @ 0xE0003FE0)
TA7FC 001:327.326   CPU_ReadMem(4 bytes @ 0xE0003FBC)
TA7FC 001:327.641   CPU_ReadMem(4 bytes @ 0xE0003FCC)
TA7FC 001:327.963   [1][6]: E0003000 CID B105900D PID 000BBD23 DEVARCH 47700A06 DEVTYPE 16 ???
TA7FC 001:328.012   CPU_ReadMem(32 bytes @ 0xE0042FE0)
TA7FC 001:328.518   CPU_ReadMem(4 bytes @ 0xE0042FBC)
TA7FC 001:328.879   CPU_ReadMem(4 bytes @ 0xE0042FCC)
TA7FC 001:329.261   [1][7]: E0042000 CID B105900D PID 000BBD23 DEVARCH 47701A14 DEVTYPE 14 CSS600-CTI
TA7FC 001:329.314   CPU_ReadMem(32 bytes @ 0xE0040FE0)
TA7FC 001:329.813   [0][1]: E0040000 CID 05900D00 PID 0BBD2300 ???
TA7FC 001:329.890   CPU_WriteMem(4 bytes @ 0xE000ED84)
TA7FC 001:330.301   CPU_ReadMem(4 bytes @ 0xE000ED80)
TA7FC 001:330.690   I-Cache L1: 16 KB, 256 Sets, 32 Bytes/Line, 2-Way
TA7FC 001:330.762   CPU_WriteMem(4 bytes @ 0xE000ED84)
TA7FC 001:331.133   CPU_ReadMem(4 bytes @ 0xE000ED80)
TA7FC 001:331.499   D-Cache L1: 16 KB, 128 Sets, 32 Bytes/Line, 4-Way
TA7FC 001:331.891   CPU_ReadMem(4 bytes @ 0xE000EDF0)
TA7FC 001:332.316   Data:  01 00 19 00
TA7FC 001:332.389   Debug reg: DHCSR
TA7FC 001:332.417 - 557.767ms returns 0
TA7FC 001:332.454 JLINK_ReadMem(0x40204038, 0x4 Bytes, ...)
TA7FC 001:332.482   CPU_ReadMem(4 bytes @ 0x40204038)
TA7FC 001:333.110   Data:  04 00 00 00
TA7FC 001:333.189 - 0.734ms returns 0
TA7FC 001:334.421 JLINK_ReadMem(0xE000EDF0, 0x4 Bytes, ...)
TA7FC 001:334.515   CPU_ReadMem(4 bytes @ 0xE000EDF0)
TA7FC 001:334.926   Data:  01 00 19 00
TA7FC 001:334.997   Debug reg: DHCSR
TA7FC 001:335.038 - 0.617ms returns 0
TA7FC 001:335.112 JLINK_ReadMem(0xE000EDF0, 0x4 Bytes, ...)
TA7FC 001:335.151   CPU_ReadMem(4 bytes @ 0xE000EDF0)
TA7FC 001:335.523   Data:  01 00 19 00
TA7FC 001:335.585   Debug reg: DHCSR
TA7FC 001:335.624 - 0.512ms returns 0
TA7FC 001:335.678 JLINK_ReadMem(0xE000EDF0, 0x4 Bytes, ...)
TA7FC 001:335.718   CPU_ReadMem(4 bytes @ 0xE000EDF0)
TA7FC 001:336.163   Data:  01 00 19 00
TA7FC 001:336.290   Debug reg: DHCSR
TA7FC 001:336.342 - 0.663ms returns 0
TA7FC 001:336.392 JLINK_ReadMem(0xE000EDF0, 0x4 Bytes, ...)
TA7FC 001:336.432   CPU_ReadMem(4 bytes @ 0xE000EDF0)
TA7FC 001:336.788   Data:  01 00 19 00
TA7FC 001:336.835   Debug reg: DHCSR
TA7FC 001:336.860 - 0.468ms returns 0
TA7FC 001:336.891 JLINK_ReadMem(0xE000EDF0, 0x4 Bytes, ...)
TA7FC 001:336.914   CPU_ReadMem(4 bytes @ 0xE000EDF0)
TA7FC 001:337.252   Data:  01 00 19 00
TA7FC 001:337.313   Debug reg: DHCSR
TA7FC 001:337.354 - 0.462ms returns 0
TA7FC 001:337.391 JLINK_ReadMem(0x40204038, 0x4 Bytes, ...)
TA7FC 001:337.428   CPU_ReadMem(4 bytes @ 0x40204038)
TA7FC 001:338.069   Data:  04 00 00 00
TA7FC 001:338.134 - 0.743ms returns 0
TA7FC 001:338.172 JLINK_ReadMem(0xE000EDF0, 0x4 Bytes, ...)
TA7FC 001:338.208   CPU_ReadMem(4 bytes @ 0xE000EDF0)
TA7FC 001:338.564   Data:  01 00 19 00
TA7FC 001:338.611   Debug reg: DHCSR
TA7FC 001:338.637 - 0.465ms returns 0
TA7FC 001:338.875 JLINK_ReadMem(0xE000EDF0, 0x4 Bytes, ...)
TA7FC 001:338.930   CPU_ReadMem(4 bytes @ 0xE000EDF0)
TA7FC 001:339.299   Data:  01 00 19 00
TA7FC 001:339.356   Debug reg: DHCSR
TA7FC 001:339.398 - 0.523ms returns 0
TA7FC 001:339.446 JLINK_ReadMem(0x40204030, 0x4 Bytes, ...)
TA7FC 001:339.498   CPU_ReadMem(4 bytes @ 0x40204030)
TA7FC 001:340.129   Data:  00 80 FF 00
TA7FC 001:340.221 - 0.787ms returns 0
TA7FC 001:341.525 JLINK_SetEndian(ARM_ENDIAN_LITTLE)
TA7FC 001:341.589 - 0.065ms returns 0
TA7FC 001:341.612 JLINK_SetInitRegsOnReset(OFF)
TA7FC 001:341.628 - 0.016ms returns 1
TA7FC 001:341.647 JLINK_SetResetType(JLINKARM_CM3_RESET_TYPE_CONNECT_UNDER_RESET)
TA7FC 001:341.663 - 0.016ms returns JLINKARM_CM3_RESET_TYPE_NORMAL
TA7FC 001:341.683 JLINK_ExecCommand("EnableFlashBPs", ...). 
TA7FC 001:341.709 - 0.026ms returns 0x00
TA7FC 001:341.729 JLINK_ExecCommand("SetAllowFlashCache = 1", ...). 
TA7FC 001:341.746 - 0.017ms returns 0x01
TA7FC 001:341.765 JLINK_ExecCommand("SetRestartOnClose = 0", ...). 
TA7FC 001:341.783 - 0.018ms returns 0x01
TA7FC 001:341.802 JLINK_ExecCommand("SetAllowSimulation = 0", ...). 
TA7FC 001:341.821 - 0.019ms returns 0x00
TA7FC 001:341.841 JLINK_EnableSoftBPs(ON)
TA7FC 001:341.856 - 0.017ms 
TA7FC 001:342.048 JLINK_Connect()
TA7FC 001:343.214   ConfigTargetSettings() start
TA7FC 001:343.308    J-Link Script File: Executing ConfigTargetSettings()
TA7FC 001:343.331   Configuring FlashDLNoRMWThreshold=0x200 in order to make sure that option bytes programming is done via read-modify-write
TA7FC 001:491.968   ConfigTargetSettings() end - Took 148ms
TA7FC 001:492.014   InitTarget() start
TA7FC 001:492.041    J-Link Script File: Executing InitTarget()
TA7FC 001:492.060   Identifying target device...
TA7FC 001:492.087   SWD selected. Executing JTAG -> SWD switching sequence...
TA7FC 001:492.813   Initializing DAP...
TA7FC 001:493.645   DAP initialized successfully.
TA7FC 001:493.686   Determining TrustZone configuration...
TA7FC 001:494.578     Secure Debug: Enabled (SSD)
TA7FC 001:494.614   Determining currently configured transfer type by reading the AHB-AP CSW register.
TA7FC 001:495.359     --> Correct transfer type configured. Done.
TA7FC 001:495.411   InitTarget() end - Took 3.36ms
TA7FC 001:495.983   Found SW-DP with ID 0x6BA02477
TA7FC 001:498.124   DPIDR: 0x6BA02477
TA7FC 001:498.202   CoreSight SoC-400 or earlier
TA7FC 001:498.243   AP map detection skipped. Manually configured AP map found.
TA7FC 001:498.284   AP[0]: AHB-AP (IDR: Not set, ADDR: 0x00000000)
TA7FC 001:499.195   AP[0]: Core found
TA7FC 001:499.246   AP[0]: AHB-AP ROM base: 0xE00FE000
TA7FC 001:499.736   CPUID register: 0x411FD231. Implementer code: 0x41 (ARM)
TA7FC 001:499.804   Feature set: Mainline
TA7FC 001:500.284   Cache: L1 I/D-cache present
TA7FC 001:500.337   Found Cortex-M85 r1p1, Little endian.
TA7FC 001:500.538   -- Max. mem block: 0x0001D5D8
TA7FC 001:500.673   CPU_ReadMem(4 bytes @ 0xE000EDF0)
TA7FC 001:501.001   CPU_ReadMem(4 bytes @ 0xE0002000)
TA7FC 001:501.347   FPUnit: 8 code (BP) slots and 0 literal slots
TA7FC 001:501.451   CPU_ReadMem(4 bytes @ 0xE000EDFC)
TA7FC 001:501.782   CPU_ReadMem(4 bytes @ 0xE0001000)
TA7FC 001:502.123   CPU_ReadMem(4 bytes @ 0xE0001000)
TA7FC 001:502.462   CPU_ReadMem(4 bytes @ 0xE0001028)
TA7FC 001:502.787   CPU_ReadMem(4 bytes @ 0xE0001038)
TA7FC 001:503.153   CPU_ReadMem(4 bytes @ 0xE0001048)
TA7FC 001:503.562   CPU_ReadMem(4 bytes @ 0xE0001058)
TA7FC 001:503.887   CPU_ReadMem(4 bytes @ 0xE0001068)
TA7FC 001:504.240   CPU_ReadMem(4 bytes @ 0xE0001078)
TA7FC 001:504.647   CPU_ReadMem(4 bytes @ 0xE0001088)
TA7FC 001:505.040   CPU_ReadMem(4 bytes @ 0xE0001098)
TA7FC 001:505.368   CPU_WriteMem(4 bytes @ 0xE0001000)
TA7FC 001:505.715   CPU_ReadMem(4 bytes @ 0xE000ED88)
TA7FC 001:506.084   CPU_WriteMem(4 bytes @ 0xE000ED88)
TA7FC 001:506.456   CPU_ReadMem(4 bytes @ 0xE000ED88)
TA7FC 001:506.793   CPU_WriteMem(4 bytes @ 0xE000ED88)
TA7FC 001:507.157   CPU_ReadMem(4 bytes @ 0xE000EFB8)
TA7FC 001:507.485   Security extension: implemented
TA7FC 001:507.514   Secure debug: enabled
TA7FC 001:507.539   CPU_ReadMem(4 bytes @ 0xE000ED74)
TA7FC 001:507.860   PACBTI extension: implemented
TA7FC 001:507.894   CoreSight components:
TA7FC 001:507.919   ROMTbl[0] @ E00FE000
TA7FC 001:507.944   CPU_ReadMem(64 bytes @ 0xE00FE000)
TA7FC 001:508.644   CPU_ReadMem(32 bytes @ 0xE00FFFE0)
TA7FC 001:509.130   [0][0]: E00FF000 CID B105100D PID 000BB4D4 ROM Table
TA7FC 001:509.167   ROMTbl[1] @ E00FF000
TA7FC 001:509.196   CPU_ReadMem(64 bytes @ 0xE00FF000)
TA7FC 001:509.830   CPU_ReadMem(32 bytes @ 0xE000EFE0)
TA7FC 001:510.371   CPU_ReadMem(4 bytes @ 0xE000EFBC)
TA7FC 001:510.703   CPU_ReadMem(4 bytes @ 0xE000EFCC)
TA7FC 001:511.037   [1][0]: E000E000 CID B105900D PID 000BBD23 DEVARCH 47702A04 DEVTYPE 00 ???
TA7FC 001:511.067   CPU_ReadMem(32 bytes @ 0xE0001FE0)
TA7FC 001:511.530   CPU_ReadMem(4 bytes @ 0xE0001FBC)
TA7FC 001:511.879   CPU_ReadMem(4 bytes @ 0xE0001FCC)
TA7FC 001:512.291   [1][1]: E0001000 CID B105900D PID 000BBD23 DEVARCH 47711A02 DEVTYPE 00 DWT
TA7FC 001:512.339   CPU_ReadMem(32 bytes @ 0xE0002FE0)
TA7FC 001:512.809   CPU_ReadMem(4 bytes @ 0xE0002FBC)
TA7FC 001:513.137   CPU_ReadMem(4 bytes @ 0xE0002FCC)
TA7FC 001:513.458   [1][2]: E0002000 CID B105900D PID 000BBD23 DEVARCH 47701A03 DEVTYPE 00 FPB
TA7FC 001:513.495   CPU_ReadMem(32 bytes @ 0xE0000FE0)
TA7FC 001:513.954   CPU_ReadMem(4 bytes @ 0xE0000FBC)
TA7FC 001:514.260   CPU_ReadMem(4 bytes @ 0xE0000FCC)
TA7FC 001:514.641   [1][3]: E0000000 CID B105900D PID 000BBD23 DEVARCH 47701A01 DEVTYPE 43 ITM
TA7FC 001:514.678   CPU_ReadMem(32 bytes @ 0xE0041FE0)
TA7FC 001:515.137   CPU_ReadMem(4 bytes @ 0xE0041FBC)
TA7FC 001:515.462   CPU_ReadMem(4 bytes @ 0xE0041FCC)
TA7FC 001:515.831   [1][5]: E0041000 CID B105900D PID 004BBD23 DEVARCH 47754A13 DEVTYPE 13 ETM
TA7FC 001:515.864   CPU_ReadMem(32 bytes @ 0xE0003FE0)
TA7FC 001:516.347   CPU_ReadMem(4 bytes @ 0xE0003FBC)
TA7FC 001:516.751   CPU_ReadMem(4 bytes @ 0xE0003FCC)
TA7FC 001:517.096   [1][6]: E0003000 CID B105900D PID 000BBD23 DEVARCH 47700A06 DEVTYPE 16 ???
TA7FC 001:517.145   CPU_ReadMem(32 bytes @ 0xE0042FE0)
TA7FC 001:517.668   CPU_ReadMem(4 bytes @ 0xE0042FBC)
TA7FC 001:518.024   CPU_ReadMem(4 bytes @ 0xE0042FCC)
TA7FC 001:518.372   [1][7]: E0042000 CID B105900D PID 000BBD23 DEVARCH 47701A14 DEVTYPE 14 CSS600-CTI
TA7FC 001:518.436   CPU_ReadMem(32 bytes @ 0xE0040FE0)
TA7FC 001:518.930   [0][1]: E0040000 CID 05900D00 PID 0BBD23B1 ???
TA7FC 001:518.996   CPU_WriteMem(4 bytes @ 0xE000ED84)
TA7FC 001:519.474   CPU_ReadMem(4 bytes @ 0xE000ED80)
TA7FC 001:519.803   I-Cache L1: 16 KB, 256 Sets, 32 Bytes/Line, 2-Way
TA7FC 001:519.836   CPU_WriteMem(4 bytes @ 0xE000ED84)
TA7FC 001:520.141   CPU_ReadMem(4 bytes @ 0xE000ED80)
TA7FC 001:520.454   D-Cache L1: 16 KB, 128 Sets, 32 Bytes/Line, 4-Way
TA7FC 001:520.489 - 178.441ms returns 0x00
TA7FC 001:521.348 JLINK_Halt()
TA7FC 001:525.111 - 3.761ms returns 0x00
TA7FC 001:525.153 JLINK_IsHalted()
TA7FC 001:525.462 - 0.308ms returns TRUE
TA7FC 001:525.510 JLINK_ResetPullsRESET(ON)
TA7FC 001:525.527 - 0.017ms 
TA7FC 001:525.545 JLINK_Reset()
TA7FC 001:525.750   ResetTarget() start
TA7FC 001:525.788    J-Link Script File: Executing ResetTarget()
TA7FC 001:525.813   CPU_ReadMem(4 bytes @ 0xE000ED44)
TA7FC 001:526.167   CPU_ReadMem(4 bytes @ 0xE000EE08)
TA7FC 001:526.740   CPU_WriteMem(4 bytes @ 0xE000EE08)
TA7FC 001:527.073   CPU_ReadMem(4 bytes @ 0xE000EE08)
TA7FC 001:527.370   Reset: ARMv8M core with Security Extension enabled detected. Switch to secure domain.
TA7FC 001:527.412   Reset: Halt core after reset via DEMCR.VC_CORERESET.
TA7FC 001:527.445   CPU_WriteMem(4 bytes @ 0xE000EDF0)
TA7FC 001:527.783   CPU_WriteMem(4 bytes @ 0xE000EDFC)
TA7FC 001:528.323   Reset: Reset device via AIRCR.SYSRESETREQ.
TA7FC 001:528.360   CPU_WriteMem(4 bytes @ 0xE000ED0C)
TA7FC 001:580.780   CPU_ReadMem(4 bytes @ 0xE000EDF0)
TA7FC 001:581.343   CPU_ReadMem(4 bytes @ 0xE000EDF0)
TA7FC 001:581.744   CPU_WriteMem(4 bytes @ 0xE000EDFC)
TA7FC 001:582.121   ResetTarget() end - Took 56.3ms
TA7FC 001:582.169   Device specific reset executed.
TA7FC 001:585.930   CPU_WriteMem(4 bytes @ 0xE0002000)
TA7FC 001:586.370   CPU_ReadMem(4 bytes @ 0xE000EDFC)
TA7FC 001:586.783   CPU_ReadMem(4 bytes @ 0xE0001000)
TA7FC 001:587.191   CPU_ReadMem(4 bytes @ 0xE000EE08)
TA7FC 001:587.562 - 62.016ms 
TA7FC 001:588.830 JLINK_ReadMem(0xE000EDF0, 0x4 Bytes, ...)
TA7FC 001:588.916   CPU_ReadMem(4 bytes @ 0xE000EDF0)
TA7FC 001:589.269   Data:  03 00 13 00
TA7FC 001:589.299   Debug reg: DHCSR
TA7FC 001:589.323 - 0.493ms returns 0
TA7FC 001:589.345 JLINK_IsHalted()
TA7FC 001:589.363 - 0.017ms returns TRUE
TA7FC 001:589.424 JLINK_ReadMem(0x4000F050, 0x1 Bytes, ...)
TA7FC 001:589.445   CPU_ReadMem(1 bytes @ 0x4000F050)
TA7FC 001:590.030   Data:  00
TA7FC 001:590.074 - 0.650ms returns 0
TA7FC 001:593.648 JLINK_IsHalted()
TA7FC 001:593.691 - 0.042ms returns TRUE
TA7FC 001:593.719 JLINK_ReadMem(0xE000EDF0, 0x4 Bytes, ...)
TA7FC 001:593.746   CPU_ReadMem(4 bytes @ 0xE000EDF0)
TA7FC 001:594.086   Data:  03 00 13 00
TA7FC 001:594.120   Debug reg: DHCSR
TA7FC 001:594.144 - 0.425ms returns 0
TA7FC 001:594.166 JLINK_ReadMem(0x40204038, 0x4 Bytes, ...)
TA7FC 001:594.187   CPU_ReadMem(4 bytes @ 0x40204038)
TA7FC 001:594.777   Data:  04 00 00 00
TA7FC 001:594.834 - 0.667ms returns 0
TA7FC 001:594.865 JLINK_ReadMem(0xE000EDF0, 0x4 Bytes, ...)
TA7FC 001:594.892   CPU_ReadMem(4 bytes @ 0xE000EDF0)
TA7FC 001:595.215   Data:  03 00 13 00
TA7FC 001:595.277   Debug reg: DHCSR
TA7FC 001:595.315 - 0.450ms returns 0
TA7FC 001:595.369 JLINK_MeasureCPUSpeed(RAMAddr = 0xFFFFFFFF)
TA7FC 001:595.409   CPU_ReadMem(16 bytes @ 0x22060000)
TA7FC 001:596.133   CPU_ReadMem(4 bytes @ 0xE000EDFC)
TA7FC 001:596.519   CPU_ReadMem(4 bytes @ 0xE0001000)
TA7FC 001:596.963   CPU_ReadMem(64 bytes @ 0x22060000)
TA7FC 001:598.223    -- Updating C cache (64 bytes @ 0x22060000)
TA7FC 001:598.300    -- Read from C cache (6 bytes @ 0x22060000)
TA7FC 001:598.348   CPU_ReadMem(4 bytes @ 0xE000ED90)
TA7FC 001:598.726   CPU_ReadMem(4 bytes @ 0xE000ED94)
TA7FC 001:599.124   CPU_WriteMem(16 bytes @ 0x22060000)
TA7FC 001:599.855   CPU_WriteMem(6 bytes @ 0x22060000)
TA7FC 001:600.604   CPU_ReadMem(64 bytes @ 0x22060000)
TA7FC 001:601.670    -- Updating C cache (64 bytes @ 0x22060000)
TA7FC 001:601.723    -- Read from C cache (6 bytes @ 0x22060000)
TA7FC 001:601.752   CPU_ReadMem(4 bytes @ 0xE000EE08)
TA7FC 001:602.312   CPU_WriteMem(4 bytes @ 0xE0002008)
TA7FC 001:602.346   CPU_WriteMem(4 bytes @ 0xE000200C)
TA7FC 001:602.370   CPU_WriteMem(4 bytes @ 0xE0002010)
TA7FC 001:602.393   CPU_WriteMem(4 bytes @ 0xE0002014)
TA7FC 001:602.415   CPU_WriteMem(4 bytes @ 0xE0002018)
TA7FC 001:602.438   CPU_WriteMem(4 bytes @ 0xE000201C)
TA7FC 001:602.459   CPU_WriteMem(4 bytes @ 0xE0002020)
TA7FC 001:602.481   CPU_WriteMem(4 bytes @ 0xE0002024)
TA7FC 001:604.165   CPU_WriteMem(4 bytes @ 0xE0001004)
TA7FC 001:610.322   CPU_ReadMem(4 bytes @ 0xE0001004)
TA7FC 001:610.671   CPU_ReadMem(4 bytes @ 0xE000EE08)
TA7FC 001:611.151   CPU_WriteMem(4 bytes @ 0xE0002008)
TA7FC 001:611.490   CPU_WriteMem(4 bytes @ 0xE000200C)
TA7FC 001:611.826   CPU_WriteMem(4 bytes @ 0xE0002010)
TA7FC 001:612.134   CPU_WriteMem(4 bytes @ 0xE0002014)
TA7FC 001:612.451   CPU_WriteMem(4 bytes @ 0xE0002018)
TA7FC 001:612.751   CPU_WriteMem(4 bytes @ 0xE000201C)
TA7FC 001:613.048   CPU_WriteMem(4 bytes @ 0xE0002020)
TA7FC 001:613.352   CPU_WriteMem(4 bytes @ 0xE0002024)
TA7FC 001:613.708   CPU_ReadMem(4 bytes @ 0xE000EE08)
TA7FC 001:614.002   CPU_ReadMem(4 bytes @ 0xE000EE08)
TA7FC 001:614.308   CPU_WriteMem(4 bytes @ 0xE0001004)
TA7FC 001:641.311   CPU_ReadMem(4 bytes @ 0xE0001004)
TA7FC 001:641.674   CPU_WriteMem(6 bytes @ 0x22060000)
TA7FC 001:642.574   ClockFreq: 8281200 Hz
TA7FC 001:642.736 - 47.366ms returns 8281200
TA7FC 001:642.768 JLINK_ReadReg(XPSR)
TA7FC 001:642.791   CPU_ReadMem(4 bytes @ 0xE000EE08)
TA7FC 001:643.223 - 0.454ms returns 0x01000000
T9088 003:760.218 JLINK_WriteMem(0x22090FA4, 0x4 Bytes, ...)
T9088 003:760.347   Data:  00 00 00 00
T9088 003:761.197   CPU_WriteMem(4 bytes @ 0x22090FA4)
T9088 003:762.028 - 1.811ms returns 0x4
T9088 003:763.357 JLINK_ReadMem(0x22090FA4, 0x4 Bytes, ...)
T9088 003:763.456   CPU_ReadMem(4 bytes @ 0x22090FA4)
T9088 003:764.222   Data:  00 00 00 00
T9088 003:764.320 - 0.962ms returns 0
T9088 003:764.374 JLINK_ReadMem(0x22090F80, 0x4 Bytes, ...)
T9088 003:764.426   CPU_ReadMem(4 bytes @ 0x22090F80)
T9088 003:765.129   Data:  EC C8 08 22
T9088 003:765.222 - 0.848ms returns 0
T9088 003:765.277 JLINK_ReadMem(0x020B8868, 0x4 Bytes, ...)
T9088 003:765.324   CPU_ReadMem(64 bytes @ 0x020B8840)
T9088 003:766.396    -- Updating C cache (64 bytes @ 0x020B8840)
T9088 003:766.495    -- Read from C cache (4 bytes @ 0x020B8868)
T9088 003:766.547   Data:  FF FF FF FF
T9088 003:766.596 - 1.319ms returns 0
T9088 005:345.082 JLINK_ResetPullsRESET(ON)
T9088 005:345.186 - 0.104ms 
T9088 005:345.227 JLINK_Halt()
T9088 005:345.665 - 0.435ms returns 0x00
T9088 005:345.753 JLINK_IsHalted()
T9088 005:345.793 - 0.039ms returns TRUE
T9088 005:345.829 JLINK_Reset()
T9088 005:345.877   ResetTarget() start
T9088 005:345.929    J-Link Script File: Executing ResetTarget()
T9088 005:345.976   CPU_ReadMem(4 bytes @ 0xE000ED44)
T9088 005:346.494   CPU_ReadMem(4 bytes @ 0xE000EE08)
T9088 005:346.971   CPU_WriteMem(4 bytes @ 0xE000EE08)
T9088 005:347.477   CPU_ReadMem(4 bytes @ 0xE000EE08)
T9088 005:347.914   Reset: ARMv8M core with Security Extension enabled detected. Switch to secure domain.
T9088 005:347.991   Reset: Halt core after reset via DEMCR.VC_CORERESET.
T9088 005:348.052   CPU_WriteMem(4 bytes @ 0xE000EDF0)
T9088 005:348.473   CPU_WriteMem(4 bytes @ 0xE000EDFC)
T9088 005:349.172   Reset: Reset device via AIRCR.SYSRESETREQ.
T9088 005:349.271   CPU_WriteMem(4 bytes @ 0xE000ED0C)
T9088 005:401.745   CPU_ReadMem(4 bytes @ 0xE000EDF0)
T9088 005:402.298   CPU_ReadMem(4 bytes @ 0xE000EDF0)
T9088 005:402.773   CPU_WriteMem(4 bytes @ 0xE000EDFC)
T9088 005:403.213   ResetTarget() end - Took 57.2ms
T9088 005:403.289   Device specific reset executed.
T9088 005:407.215   CPU_WriteMem(4 bytes @ 0xE0002000)
T9088 005:407.792   CPU_ReadMem(4 bytes @ 0xE000EDFC)
T9088 005:408.274   CPU_ReadMem(4 bytes @ 0xE0001000)
T9088 005:408.743   CPU_ReadMem(4 bytes @ 0xE000EE08)
T9088 005:409.213 - 63.382ms 
T9088 005:409.317 JLINK_SetEndian(ARM_ENDIAN_LITTLE)
T9088 005:409.360 - 0.043ms returns 0
T9088 005:410.827 JLINK_BeginDownload(Flags = 0x00000000)
T9088 005:410.910 - 0.084ms 
T9088 005:443.925 JLINK_ReadMem(0xE000EDF0, 0x4 Bytes, ...)
T9088 005:444.035   CPU_ReadMem(4 bytes @ 0xE000EDF0)
T9088 005:444.481   Data:  03 00 13 00
T9088 005:444.606   Debug reg: DHCSR
T9088 005:444.668 - 0.743ms returns 0
T9088 005:448.024 JLINK_WriteMem(0x02000000, 0x98 Bytes, ...)
T9088 005:448.109   Data:  00 54 00 22 81 DE 00 02 E9 DB 00 02 91 DE 00 02 ...
T9088 005:449.574   completely In flash
T9088 005:449.674 - 1.650ms returns 0x98
T9088 005:450.973 JLINK_WriteMem(0x02000098, 0xBC8 Bytes, ...)
T9088 005:451.071   Data:  01 00 00 00 94 96 03 02 7F 9D 03 02 E3 71 03 02 ...
T9088 005:451.179   completely In flash
T9088 005:451.245 - 0.273ms returns 0xBC8
T9088 005:452.191 JLINK_WriteMem(0x02000C60, 0x834 Bytes, ...)
T9088 005:452.269   Data:  B2 87 03 02 BB 87 03 02 C5 72 03 02 7A A9 03 02 ...
T9088 005:452.322   completely In flash
T9088 005:452.363 - 0.172ms returns 0x834
T9088 005:453.257 JLINK_WriteMem(0x02001500, 0xBC0 Bytes, ...)
T9088 005:453.332   Data:  B0 B5 48 F2 C4 00 C0 F2 0B 20 85 68 D0 E9 00 41 ...
T9088 005:453.388   completely In flash
T9088 005:453.433 - 0.176ms returns 0xBC0
T9088 005:454.552 JLINK_WriteMem(0x020020C0, 0xBD0 Bytes, ...)
T9088 005:454.630   Data:  54 22 22 F0 19 FD 45 F2 44 50 C2 F2 00 20 FF F7 ...
T9088 005:454.688   completely In flash
T9088 005:454.745 - 0.193ms returns 0xBD0
T9088 005:455.602 JLINK_WriteMem(0x02002C90, 0xBD0 Bytes, ...)
T9088 005:455.682   Data:  53 FA 4F F0 FF 30 50 FA 87 F0 04 28 80 F0 AD 81 ...
T9088 005:455.771   completely In flash
T9088 005:455.831 - 0.229ms returns 0xBD0
T9088 005:456.738 JLINK_WriteMem(0x02003860, 0xBD0 Bytes, ...)
T9088 005:456.825   Data:  41 69 B9 42 EC D8 19 D2 43 68 0B B1 2F F0 15 C8 ...
T9088 005:456.905   completely In flash
T9088 005:457.016 - 0.277ms returns 0xBD0
T9088 005:457.934 JLINK_WriteMem(0x02004430, 0xBD0 Bytes, ...)
T9088 005:457.990   Data:  10 B1 17 20 FD F7 44 FD 4E F2 20 00 C4 F2 01 00 ...
T9088 005:458.045   completely In flash
T9088 005:458.080 - 0.146ms returns 0xBD0
T9088 005:458.761 JLINK_WriteMem(0x02005000, 0xBE0 Bytes, ...)
T9088 005:458.823   Data:  98 00 D9 F8 48 00 C4 F8 9C 00 D9 F8 5C 00 C4 F8 ...
T9088 005:458.867   completely In flash
T9088 005:458.908 - 0.147ms returns 0xBE0
T9088 005:459.743 JLINK_WriteMem(0x02005BE0, 0xBD0 Bytes, ...)
T9088 005:459.830   Data:  01 F0 D2 F8 05 F1 94 00 01 F0 CE F8 05 F1 AC 00 ...
T9088 005:459.937   completely In flash
T9088 005:460.002 - 0.260ms returns 0xBD0
T9088 005:460.912 JLINK_WriteMem(0x020067B0, 0xBD0 Bytes, ...)
T9088 005:460.977   Data:  28 46 FF F7 7D FC BC 08 1A D1 17 F0 03 00 3C D0 ...
T9088 005:461.021   completely In flash
T9088 005:461.059 - 0.148ms returns 0xBD0
T9088 005:461.818 JLINK_WriteMem(0x02007380, 0xBD0 Bytes, ...)
T9088 005:461.855   Data:  84 00 40 42 01 F1 08 02 C4 F8 B8 21 26 22 C1 E9 ...
T9088 005:461.900   completely In flash
T9088 005:461.937 - 0.118ms returns 0xBD0
T9088 005:462.547 JLINK_WriteMem(0x02007F50, 0xBB0 Bytes, ...)
T9088 005:462.589   Data:  30 30 30 30 30 30 30 30 30 30 30 30 30 30 30 30 ...
T9088 005:462.638   completely In flash
T9088 005:462.676 - 0.130ms returns 0xBB0
T9088 005:464.189 JLINK_WriteMem(0x02008B00, 0xBD0 Bytes, ...)
T9088 005:464.317   Data:  D0 F8 00 C0 01 2A DC F8 08 00 00 F0 04 03 08 BF ...
T9088 005:464.409   completely In flash
T9088 005:464.508 - 0.319ms returns 0xBD0
T9088 005:465.320 JLINK_WriteMem(0x020096D0, 0xBC0 Bytes, ...)
T9088 005:465.378   Data:  E8 68 A0 60 28 69 E0 60 96 F9 79 20 96 F8 78 00 ...
T9088 005:465.419   completely In flash
T9088 005:465.455 - 0.135ms returns 0xBC0
T9088 005:466.226 JLINK_WriteMem(0x0200A290, 0xBD0 Bytes, ...)
T9088 005:466.303   Data:  C4 F2 00 00 50 F8 24 10 21 F4 80 31 40 F8 24 10 ...
T9088 005:466.356   completely In flash
T9088 005:466.398 - 0.172ms returns 0xBD0
T9088 005:467.526 JLINK_WriteMem(0x0200AE60, 0xBC0 Bytes, ...)
T9088 005:467.595   Data:  80 B5 4E F2 00 1C 49 79 CE F2 00 0C 00 EB 0C 03 ...
T9088 005:467.652   completely In flash
T9088 005:467.706 - 0.180ms returns 0xBC0
T9088 005:468.839 JLINK_WriteMem(0x0200BA20, 0xB90 Bytes, ...)
T9088 005:468.909   Data:  01 F1 01 01 F8 D1 4F F0 70 41 EF F3 03 80 01 EB ...
T9088 005:468.958   completely In flash
T9088 005:468.994 - 0.155ms returns 0xB90
T9088 005:469.978 JLINK_WriteMem(0x0200C5B0, 0xBD0 Bytes, ...)
T9088 005:470.072   Data:  1F 01 03 FA 01 F1 4C F8 20 10 92 F9 2A 10 00 29 ...
T9088 005:470.296   completely In flash
T9088 005:470.358 - 0.382ms returns 0xBD0
T9088 005:471.189 JLINK_WriteMem(0x0200D180, 0xBC0 Bytes, ...)
T9088 005:471.259   Data:  86 F3 10 88 20 46 00 F0 47 F8 08 B1 20 46 70 BD ...
T9088 005:471.308   completely In flash
T9088 005:471.351 - 0.162ms returns 0xBC0
T9088 005:472.019 JLINK_WriteMem(0x0200DD40, 0xBC0 Bytes, ...)
T9088 005:472.089   Data:  0B 2C BE F8 00 40 3C F8 10 30 23 43 43 F4 25 43 ...
T9088 005:472.143   completely In flash
T9088 005:472.188 - 0.169ms returns 0xBC0
T9088 005:473.179 JLINK_WriteMem(0x0200E900, 0xBB0 Bytes, ...)
T9088 005:473.261   Data:  1B F9 D4 D4 D4 D4 D4 D4 FF F7 B2 BE D4 D4 D4 D4 ...
T9088 005:473.333   completely In flash
T9088 005:473.445 - 0.265ms returns 0xBB0
T9088 005:474.179 JLINK_WriteMem(0x0200F4B0, 0xBC0 Bytes, ...)
T9088 005:474.233   Data:  F9 F7 9E FE A0 6B 28 B9 04 F1 24 00 31 46 2A 46 ...
T9088 005:474.283   completely In flash
T9088 005:474.324 - 0.145ms returns 0xBC0
T9088 005:474.980 JLINK_WriteMem(0x02010070, 0xBB0 Bytes, ...)
T9088 005:475.024   Data:  C9 6A 88 42 06 D9 41 F2 08 11 01 20 C2 F2 09 21 ...
T9088 005:475.067   completely In flash
T9088 005:475.109 - 0.130ms returns 0xBB0
T9088 005:475.954 JLINK_WriteMem(0x02010C20, 0xBC0 Bytes, ...)
T9088 005:476.037   Data:  0D 21 00 F0 56 FB 00 28 40 F0 15 81 2A 46 E8 07 ...
T9088 005:476.104   completely In flash
T9088 005:476.163 - 0.210ms returns 0xBC0
T9088 005:477.041 JLINK_WriteMem(0x020117E0, 0xBE0 Bytes, ...)
T9088 005:477.117   Data:  78 31 4E EA 47 07 C0 F8 6C 21 39 44 C0 E9 56 1C ...
T9088 005:477.192   completely In flash
T9088 005:477.240 - 0.199ms returns 0xBE0
T9088 005:478.345 JLINK_WriteMem(0x020123C0, 0xBC0 Bytes, ...)
T9088 005:478.393   Data:  65 18 04 F5 CC 76 78 BB 00 20 04 F5 BA 71 C4 E9 ...
T9088 005:478.435   completely In flash
T9088 005:478.481 - 0.136ms returns 0xBC0
T9088 005:479.407 JLINK_WriteMem(0x02012F80, 0xBB0 Bytes, ...)
T9088 005:479.505   Data:  98 15 50 1C 58 F8 05 40 4F F2 07 02 CF F6 FF 72 ...
T9088 005:479.585   completely In flash
T9088 005:479.643 - 0.237ms returns 0xBB0
T9088 005:480.672 JLINK_WriteMem(0x02013B30, 0xBC0 Bytes, ...)
T9088 005:480.800   Data:  67 AD 96 E5 1A 1F 11 1A CD E9 02 01 02 A9 40 46 ...
T9088 005:480.893   completely In flash
T9088 005:480.952 - 0.282ms returns 0xBC0
T9088 005:481.861 JLINK_WriteMem(0x020146F0, 0xBD0 Bytes, ...)
T9088 005:481.920   Data:  59 12 01 98 03 21 43 F8 08 0F 08 20 C0 F2 03 22 ...
T9088 005:481.967   completely In flash
T9088 005:482.007 - 0.147ms returns 0xBD0
T9088 005:482.688 JLINK_WriteMem(0x020152C0, 0xBD0 Bytes, ...)
T9088 005:482.740   Data:  06 D8 04 34 04 60 74 45 DF D1 22 46 74 46 02 E0 ...
T9088 005:482.787   completely In flash
T9088 005:482.829 - 0.141ms returns 0xBD0
T9088 005:483.680 JLINK_WriteMem(0x02015E90, 0xBC0 Bytes, ...)
T9088 005:483.753   Data:  FF 71 01 98 B9 F1 00 0F 46 F8 08 0F 4F F0 28 00 ...
T9088 005:483.813   completely In flash
T9088 005:483.865 - 0.185ms returns 0xBC0
T9088 005:484.863 JLINK_WriteMem(0x02016A50, 0xBC0 Bytes, ...)
T9088 005:484.945   Data:  50 46 B2 46 A8 60 00 EB 0B 06 4F EA 6B 01 00 EB ...
T9088 005:485.001   completely In flash
T9088 005:485.038 - 0.176ms returns 0xBC0
T9088 005:485.735 JLINK_WriteMem(0x02017610, 0xBE0 Bytes, ...)
T9088 005:485.785   Data:  04 0B E5 60 D4 E9 00 01 88 42 03 D0 01 78 45 29 ...
T9088 005:485.933   completely In flash
T9088 005:485.973 - 0.238ms returns 0xBE0
T9088 005:487.019 JLINK_WriteMem(0x020181F0, 0xB70 Bytes, ...)
T9088 005:487.109   Data:  56 00 56 00 56 00 56 00 56 00 56 00 56 00 56 00 ...
T9088 005:487.189   completely In flash
T9088 005:487.253 - 0.234ms returns 0xB70
T9088 005:488.029 JLINK_WriteMem(0x02018D60, 0xBD0 Bytes, ...)
T9088 005:488.086   Data:  00 28 00 F0 A5 80 06 EB 08 02 00 21 C0 E9 00 71 ...
T9088 005:488.134   completely In flash
T9088 005:488.172 - 0.144ms returns 0xBD0
T9088 005:488.727 JLINK_WriteMem(0x02019930, 0xBE0 Bytes, ...)
T9088 005:488.762   Data:  44 59 91 46 4F F2 07 02 98 46 07 46 CF F6 FF 72 ...
T9088 005:488.815   completely In flash
T9088 005:488.853 - 0.126ms returns 0xBE0
T9088 005:490.292 JLINK_WriteMem(0x0201A510, 0xBD0 Bytes, ...)
T9088 005:490.373   Data:  E1 60 0B F0 37 FA 00 28 60 60 00 F0 F1 80 A1 68 ...
T9088 005:490.475   completely In flash
T9088 005:490.531 - 0.241ms returns 0xBD0
T9088 005:491.631 JLINK_WriteMem(0x0201B0E0, 0xBC0 Bytes, ...)
T9088 005:491.708   Data:  F0 8F 08 88 47 F2 55 42 90 42 3F D0 08 88 46 F6 ...
T9088 005:491.764   completely In flash
T9088 005:491.811 - 0.180ms returns 0xBC0
T9088 005:492.528 JLINK_WriteMem(0x0201BCA0, 0xBD0 Bytes, ...)
T9088 005:492.587   Data:  AB F1 30 02 28 BF A7 F1 57 01 D2 B2 0A 2A 03 EB ...
T9088 005:492.629   completely In flash
T9088 005:492.665 - 0.137ms returns 0xBD0
T9088 005:493.289 JLINK_WriteMem(0x0201C870, 0xBD0 Bytes, ...)
T9088 005:493.330   Data:  24 43 8B 52 11 44 54 22 8A 70 DA F8 08 10 03 31 ...
T9088 005:493.371   completely In flash
T9088 005:493.409 - 0.120ms returns 0xBD0
T9088 005:493.938 JLINK_WriteMem(0x0201D440, 0xBE0 Bytes, ...)
T9088 005:493.975   Data:  E1 31 B1 EB 42 0F 38 BF 51 00 E1 60 08 F0 9A FA ...
T9088 005:494.016   completely In flash
T9088 005:494.055 - 0.117ms returns 0xBE0
T9088 005:494.551 JLINK_WriteMem(0x0201E020, 0xBE0 Bytes, ...)
T9088 005:494.585   Data:  F3 80 A1 68 00 E0 60 68 46 F2 72 52 C7 F2 71 52 ...
T9088 005:494.626   completely In flash
T9088 005:494.665 - 0.115ms returns 0xBE0
T9088 005:495.522 JLINK_WriteMem(0x0201EC00, 0xBD0 Bytes, ...)
T9088 005:495.582   Data:  A2 68 20 68 01 32 A2 60 A9 68 82 68 20 46 BD E8 ...
T9088 005:495.658   completely In flash
T9088 005:495.716 - 0.194ms returns 0xBD0
T9088 005:496.585 JLINK_WriteMem(0x0201F7D0, 0xBD0 Bytes, ...)
T9088 005:496.711   Data:  41 F2 98 17 0C 46 C6 59 4F F2 07 02 05 46 CF F6 ...
T9088 005:496.762   completely In flash
T9088 005:496.795 - 0.211ms returns 0xBD0
T9088 005:497.565 JLINK_WriteMem(0x020203A0, 0xBC0 Bytes, ...)
T9088 005:497.615   Data:  00 F0 A7 80 01 46 A0 19 00 22 01 60 40 46 C1 E9 ...
T9088 005:497.662   completely In flash
T9088 005:497.709 - 0.145ms returns 0xBC0
T9088 005:498.567 JLINK_WriteMem(0x02020F60, 0xBD0 Bytes, ...)
T9088 005:498.618   Data:  C0 F2 0B 23 D5 E9 00 12 08 33 40 F8 08 3F 05 27 ...
T9088 005:498.656   completely In flash
T9088 005:498.698 - 0.130ms returns 0xBD0
T9088 005:499.427 JLINK_WriteMem(0x02021B30, 0xBD0 Bytes, ...)
T9088 005:499.475   Data:  A1 68 00 E0 60 68 46 F2 20 32 C6 F6 6F 62 42 50 ...
T9088 005:499.516   completely In flash
T9088 005:499.556 - 0.128ms returns 0xBD0
T9088 005:500.251 JLINK_WriteMem(0x02022700, 0xBD0 Bytes, ...)
T9088 005:500.316   Data:  5C 63 06 E0 48 68 47 F2 5C 63 02 E0 48 68 45 F6 ...
T9088 005:500.363   completely In flash
T9088 005:500.407 - 0.157ms returns 0xBD0
T9088 005:501.217 JLINK_WriteMem(0x020232D0, 0xBC0 Bytes, ...)
T9088 005:501.281   Data:  CC 69 41 46 03 90 38 46 01 23 02 95 00 97 A0 47 ...
T9088 005:501.356   completely In flash
T9088 005:501.398 - 0.181ms returns 0xBC0
T9088 005:501.995 JLINK_WriteMem(0x02023E90, 0xBD0 Bytes, ...)
T9088 005:502.042   Data:  FF 3F 04 FA 07 F4 43 EA 04 03 1E DC 11 F9 01 6C ...
T9088 005:502.081   completely In flash
T9088 005:502.115 - 0.120ms returns 0xBD0
T9088 005:502.957 JLINK_WriteMem(0x02024A60, 0xBB0 Bytes, ...)
T9088 005:503.040   Data:  B5 D0 0C F1 02 00 96 1E 83 07 B2 D0 D6 B3 03 78 ...
T9088 005:503.101   completely In flash
T9088 005:503.156 - 0.200ms returns 0xBB0
T9088 005:504.043 JLINK_WriteMem(0x02025610, 0xBC0 Bytes, ...)
T9088 005:504.155   Data:  0F 28 5E DC B0 F1 FF 3F F3 DD 79 E0 CC 1C A0 07 ...
T9088 005:504.204   completely In flash
T9088 005:504.235 - 0.193ms returns 0xBC0
T9088 005:505.134 JLINK_WriteMem(0x020261D0, 0xBD0 Bytes, ...)
T9088 005:505.200   Data:  24 E7 4B F0 08 0B 21 E7 0B F0 80 00 4B EA 80 00 ...
T9088 005:505.249   completely In flash
T9088 005:505.291 - 0.157ms returns 0xBD0
T9088 005:506.150 JLINK_WriteMem(0x02026DA0, 0xBD0 Bytes, ...)
T9088 005:506.209   Data:  32 46 00 23 FD F7 16 FD 04 46 00 FB 16 50 0F 46 ...
T9088 005:506.259   completely In flash
T9088 005:506.297 - 0.147ms returns 0xBD0
T9088 005:507.135 JLINK_WriteMem(0x02027970, 0xBB0 Bytes, ...)
T9088 005:507.176   Data:  02 F1 04 08 4F F0 00 0A 13 93 64 22 00 23 83 46 ...
T9088 005:507.219   completely In flash
T9088 005:507.257 - 0.124ms returns 0xBB0
T9088 005:507.955 JLINK_WriteMem(0x02028520, 0xBE0 Bytes, ...)
T9088 005:508.003   Data:  00 00 00 00 00 00 00 00 00 00 00 00 00 00 00 00 ...
T9088 005:508.081   completely In flash
T9088 005:508.121 - 0.166ms returns 0xBE0
T9088 005:508.871 JLINK_WriteMem(0x02029100, 0xBE0 Bytes, ...)
T9088 005:508.945   Data:  00 00 00 00 00 00 00 00 00 00 00 00 00 00 00 00 ...
T9088 005:509.009   completely In flash
T9088 005:509.067 - 0.196ms returns 0xBE0
T9088 005:509.975 JLINK_WriteMem(0x02029CE0, 0xBE0 Bytes, ...)
T9088 005:510.047   Data:  00 00 00 00 00 00 00 00 00 00 00 00 00 00 00 00 ...
T9088 005:510.106   completely In flash
T9088 005:510.158 - 0.183ms returns 0xBE0
T9088 005:510.839 JLINK_WriteMem(0x0202A8C0, 0xBE0 Bytes, ...)
T9088 005:510.891   Data:  6D 6B FF FF 6D 6B 00 00 00 00 00 00 00 00 00 00 ...
T9088 005:510.937   completely In flash
T9088 005:510.979 - 0.140ms returns 0xBE0
T9088 005:511.563 JLINK_WriteMem(0x0202B4A0, 0xBE0 Bytes, ...)
T9088 005:511.633   Data:  00 00 00 00 00 00 00 00 00 00 00 00 00 00 00 00 ...
T9088 005:511.677   completely In flash
T9088 005:511.723 - 0.160ms returns 0xBE0
T9088 005:512.503 JLINK_WriteMem(0x0202C080, 0xBE0 Bytes, ...)
T9088 005:512.579   Data:  00 00 6D 6B FF FF 6D 6B 00 00 96 B5 FF FF 00 00 ...
T9088 005:512.645   completely In flash
T9088 005:512.707 - 0.204ms returns 0xBE0
T9088 005:513.439 JLINK_WriteMem(0x0202CC60, 0xBE0 Bytes, ...)
T9088 005:513.495   Data:  00 00 00 00 00 00 00 00 00 00 00 00 00 00 00 00 ...
T9088 005:513.533   completely In flash
T9088 005:513.565 - 0.126ms returns 0xBE0
T9088 005:514.291 JLINK_WriteMem(0x0202D840, 0xBE0 Bytes, ...)
T9088 005:514.352   Data:  00 00 00 00 00 00 00 00 00 00 00 00 00 00 00 00 ...
T9088 005:514.583   completely In flash
T9088 005:514.626 - 0.335ms returns 0xBE0
T9088 005:515.419 JLINK_WriteMem(0x0202E420, 0xBE0 Bytes, ...)
T9088 005:515.480   Data:  00 00 00 00 00 00 00 00 96 B5 FF FF FF FF E3 18 ...
T9088 005:515.536   completely In flash
T9088 005:515.572 - 0.153ms returns 0xBE0
T9088 005:517.313 JLINK_WriteMem(0x0202F000, 0xBE0 Bytes, ...)
T9088 005:517.386   Data:  00 00 00 00 00 00 00 00 00 00 00 00 00 00 00 00 ...
T9088 005:517.447   completely In flash
T9088 005:517.495 - 0.183ms returns 0xBE0
T9088 005:518.347 JLINK_WriteMem(0x0202FBE0, 0xBE0 Bytes, ...)
T9088 005:518.415   Data:  00 00 00 00 00 00 DB DE DB DE 00 00 00 00 00 00 ...
T9088 005:518.482   completely In flash
T9088 005:518.529 - 0.182ms returns 0xBE0
T9088 005:519.293 JLINK_WriteMem(0x020307C0, 0xBD0 Bytes, ...)
T9088 005:519.355   Data:  00 00 00 00 00 00 00 00 96 B5 1C E7 DB DE 96 B5 ...
T9088 005:519.408   completely In flash
T9088 005:519.454 - 0.161ms returns 0xBD0
T9088 005:520.263 JLINK_WriteMem(0x02031390, 0xBE0 Bytes, ...)
T9088 005:520.331   Data:  00 00 00 00 00 00 00 00 00 00 FF FF 96 B5 00 00 ...
T9088 005:520.393   completely In flash
T9088 005:520.440 - 0.177ms returns 0xBE0
T9088 005:521.172 JLINK_WriteMem(0x02031F70, 0xBE0 Bytes, ...)
T9088 005:521.226   Data:  00 00 00 00 00 00 00 00 00 00 00 00 00 00 00 00 ...
T9088 005:521.291   completely In flash
T9088 005:521.338 - 0.167ms returns 0xBE0
T9088 005:522.303 JLINK_WriteMem(0x02032B50, 0xBE0 Bytes, ...)
T9088 005:522.370   Data:  6D 6B FF FF 6D 6B 00 00 96 B5 FF FF 00 00 00 00 ...
T9088 005:522.429   completely In flash
T9088 005:522.471 - 0.169ms returns 0xBE0
T9088 005:523.209 JLINK_WriteMem(0x02033730, 0xBE0 Bytes, ...)
T9088 005:523.269   Data:  00 00 00 00 00 00 00 00 00 00 00 00 00 00 00 00 ...
T9088 005:523.313   completely In flash
T9088 005:523.350 - 0.142ms returns 0xBE0
T9088 005:524.063 JLINK_WriteMem(0x02034310, 0xBE0 Bytes, ...)
T9088 005:524.135   Data:  00 00 00 00 00 00 00 00 00 00 00 00 00 00 00 00 ...
T9088 005:524.417   completely In flash
T9088 005:524.471 - 0.409ms returns 0xBE0
T9088 005:525.294 JLINK_WriteMem(0x02034EF0, 0xBE0 Bytes, ...)
T9088 005:525.363   Data:  00 00 00 00 00 00 00 00 73 00 00 00 08 00 00 00 ...
T9088 005:525.415   completely In flash
T9088 005:525.461 - 0.167ms returns 0xBE0
T9088 005:526.244 JLINK_WriteMem(0x02035AD0, 0xBE0 Bytes, ...)
T9088 005:526.307   Data:  00 00 00 00 00 00 00 00 00 00 00 00 00 00 00 00 ...
T9088 005:526.365   completely In flash
T9088 005:526.410 - 0.166ms returns 0xBE0
T9088 005:527.245 JLINK_WriteMem(0x020366B0, 0xBE0 Bytes, ...)
T9088 005:527.319   Data:  00 00 00 00 00 00 00 00 00 00 00 00 00 00 00 00 ...
T9088 005:527.393   completely In flash
T9088 005:527.449 - 0.205ms returns 0xBE0
T9088 005:528.237 JLINK_WriteMem(0x02037290, 0xBE0 Bytes, ...)
T9088 005:528.310   Data:  79 00 69 72 6F 6E 00 6A 65 61 6E 00 6D 6F 70 65 ...
T9088 005:528.379   completely In flash
T9088 005:528.436 - 0.200ms returns 0xBE0
T9088 005:529.228 JLINK_WriteMem(0x02037E70, 0xBE0 Bytes, ...)
T9088 005:529.298   Data:  65 54 43 42 00 73 31 30 00 73 31 36 00 73 32 35 ...
T9088 005:529.365   completely In flash
T9088 005:529.460 - 0.231ms returns 0xBE0
T9088 005:530.465 JLINK_WriteMem(0x02038A50, 0xBE0 Bytes, ...)
T9088 005:530.535   Data:  74 75 72 6E 20 21 3D 20 28 20 2D 31 20 29 00 73 ...
T9088 005:530.597   completely In flash
T9088 005:530.641 - 0.176ms returns 0xBE0
T9088 005:531.415 JLINK_WriteMem(0x02039630, 0xBE0 Bytes, ...)
T9088 005:531.469   Data:  31 39 00 73 32 33 00 74 68 72 65 61 64 2D 6C 6F ...
T9088 005:531.513   completely In flash
T9088 005:531.552 - 0.137ms returns 0xBE0
T9088 005:532.141 JLINK_WriteMem(0x0203A210, 0xBE0 Bytes, ...)
T9088 005:532.199   Data:  73 69 63 5F 6F 73 74 72 65 61 6D 00 5F 53 61 74 ...
T9088 005:532.249   completely In flash
T9088 005:532.296 - 0.154ms returns 0xBE0
T9088 005:533.095 JLINK_WriteMem(0x0203ADF0, 0xBE0 Bytes, ...)
T9088 005:533.161   Data:  72 6F 72 2E 20 0D 0A 00 0D 0A 5B 66 61 69 6C 75 ...
T9088 005:533.214   completely In flash
T9088 005:533.259 - 0.164ms returns 0xBE0
T9088 005:534.414 JLINK_WriteMem(0x0203B9D0, 0xBD0 Bytes, ...)
T9088 005:534.498   Data:  A0 38 00 00 22 40 00 00 C0 98 01 00 16 01 03 00 ...
T9088 005:534.927   completely In flash
T9088 005:534.999 - 0.586ms returns 0xBD0
T9088 005:535.851 JLINK_WriteMem(0x0203C5A0, 0xBE0 Bytes, ...)
T9088 005:535.915   Data:  00 00 00 00 00 00 00 00 00 00 00 00 00 00 00 00 ...
T9088 005:535.980   completely In flash
T9088 005:536.029 - 0.177ms returns 0xBE0
T9088 005:536.699 JLINK_WriteMem(0x0203D180, 0xBE0 Bytes, ...)
T9088 005:536.750   Data:  00 00 00 00 00 00 00 00 00 00 00 00 00 00 00 00 ...
T9088 005:536.801   completely In flash
T9088 005:536.835 - 0.137ms returns 0xBE0
T9088 005:537.587 JLINK_WriteMem(0x0203DD60, 0xBE0 Bytes, ...)
T9088 005:537.648   Data:  00 00 00 00 00 00 00 00 00 00 00 00 00 00 00 00 ...
T9088 005:537.702   completely In flash
T9088 005:537.745 - 0.158ms returns 0xBE0
T9088 005:538.567 JLINK_WriteMem(0x0203E940, 0xBE0 Bytes, ...)
T9088 005:538.731   Data:  00 00 00 00 00 00 00 00 00 00 00 00 00 00 00 00 ...
T9088 005:538.806   completely In flash
T9088 005:538.849 - 0.282ms returns 0xBE0
T9088 005:539.655 JLINK_WriteMem(0x0203F520, 0xBE0 Bytes, ...)
T9088 005:539.713   Data:  00 00 00 00 00 00 00 00 00 00 00 00 00 00 00 00 ...
T9088 005:539.767   completely In flash
T9088 005:539.811 - 0.155ms returns 0xBE0
T9088 005:540.627 JLINK_WriteMem(0x02040100, 0xBE0 Bytes, ...)
T9088 005:540.708   Data:  00 00 00 00 00 00 00 00 00 00 00 00 00 00 00 00 ...
T9088 005:540.758   completely In flash
T9088 005:540.796 - 0.169ms returns 0xBE0
T9088 005:541.388 JLINK_WriteMem(0x02040CE0, 0xBE0 Bytes, ...)
T9088 005:541.443   Data:  00 00 00 00 00 00 00 00 00 00 00 00 00 00 00 00 ...
T9088 005:541.496   completely In flash
T9088 005:541.540 - 0.151ms returns 0xBE0
T9088 005:542.333 JLINK_WriteMem(0x020418C0, 0xBE0 Bytes, ...)
T9088 005:542.389   Data:  00 00 00 00 00 00 00 00 00 00 00 00 00 00 00 00 ...
T9088 005:542.463   completely In flash
T9088 005:542.509 - 0.176ms returns 0xBE0
T9088 005:544.453 JLINK_WriteMem(0x020424A0, 0xBE0 Bytes, ...)
T9088 005:544.561   Data:  00 00 00 00 00 00 00 00 00 00 00 00 00 00 00 00 ...
T9088 005:544.638   completely In flash
T9088 005:544.705 - 0.254ms returns 0xBE0
T9088 005:545.769 JLINK_WriteMem(0x02043080, 0xBE0 Bytes, ...)
T9088 005:545.845   Data:  00 00 00 00 00 00 00 00 00 00 00 00 00 00 00 00 ...
T9088 005:545.912   completely In flash
T9088 005:545.967 - 0.200ms returns 0xBE0
T9088 005:547.045 JLINK_WriteMem(0x02043C60, 0xBE0 Bytes, ...)
T9088 005:547.121   Data:  00 00 00 00 00 00 00 00 00 00 00 00 00 00 00 00 ...
T9088 005:547.503   completely In flash
T9088 005:547.576 - 0.533ms returns 0xBE0
T9088 005:548.485 JLINK_WriteMem(0x02044840, 0xBE0 Bytes, ...)
T9088 005:548.540   Data:  00 00 00 00 00 00 00 00 00 00 00 00 00 00 00 00 ...
T9088 005:548.585   completely In flash
T9088 005:548.621 - 0.136ms returns 0xBE0
T9088 005:549.353 JLINK_WriteMem(0x02045420, 0xBE0 Bytes, ...)
T9088 005:549.410   Data:  00 00 00 00 00 00 00 00 00 00 00 00 00 00 00 00 ...
T9088 005:549.462   completely In flash
T9088 005:549.501 - 0.148ms returns 0xBE0
T9088 005:550.262 JLINK_WriteMem(0x02046000, 0xBD0 Bytes, ...)
T9088 005:550.319   Data:  00 00 00 00 00 00 00 00 00 00 00 00 00 00 00 00 ...
T9088 005:550.377   completely In flash
T9088 005:550.421 - 0.160ms returns 0xBD0
T9088 005:551.241 JLINK_WriteMem(0x02046BD0, 0xBC0 Bytes, ...)
T9088 005:551.303   Data:  0E 6B 99 D7 F6 4D 58 BF 23 20 8F D1 AD 15 01 07 ...
T9088 005:551.356   completely In flash
T9088 005:551.399 - 0.158ms returns 0xBC0
T9088 005:552.375 JLINK_WriteMem(0x02047790, 0xBB0 Bytes, ...)
T9088 005:552.447   Data:  B0 BB EF AD 04 F3 C5 FD 79 77 58 74 F0 7E 17 4F ...
T9088 005:552.512   completely In flash
T9088 005:552.558 - 0.183ms returns 0xBB0
T9088 005:553.598 JLINK_WriteMem(0x02048340, 0xBC0 Bytes, ...)
T9088 005:553.664   Data:  FF 80 C2 B4 50 24 72 EF FF FF FF 80 2E A7 5E 25 ...
T9088 005:553.734   completely In flash
T9088 005:553.771 - 0.175ms returns 0xBC0
T9088 005:554.449 JLINK_WriteMem(0x02048F00, 0xBC0 Bytes, ...)
T9088 005:554.509   Data:  E8 9F BF F1 67 EE 58 5C 37 CC F3 E5 2D FE 5C 5E ...
T9088 005:554.567   completely In flash
T9088 005:554.613 - 0.165ms returns 0xBC0
T9088 005:555.366 JLINK_WriteMem(0x02049AC0, 0xBC0 Bytes, ...)
T9088 005:555.424   Data:  C9 A9 FA CA 0A 86 1A 0C 00 49 88 4C 4F 5A 75 5A ...
T9088 005:555.467   completely In flash
T9088 005:555.503 - 0.137ms returns 0xBC0
T9088 005:556.390 JLINK_WriteMem(0x0204A680, 0xBC0 Bytes, ...)
T9088 005:556.472   Data:  74 A1 B9 4B 9F 4F 2A 1E FE 2B BB AC 60 52 68 BD ...
T9088 005:556.546   completely In flash
T9088 005:556.599 - 0.210ms returns 0xBC0
T9088 005:557.638 JLINK_WriteMem(0x0204B240, 0xBB0 Bytes, ...)
T9088 005:557.728   Data:  8A B0 A3 21 31 C0 D3 42 F6 A8 AC 53 A0 2E B8 8F ...
T9088 005:557.787   completely In flash
T9088 005:557.831 - 0.193ms returns 0xBB0
T9088 005:558.647 JLINK_WriteMem(0x0204BDF0, 0xBB0 Bytes, ...)
T9088 005:558.721   Data:  4F FD CF FA 4A B7 67 FD 7F 34 5B 65 FF 5F F5 B3 ...
T9088 005:558.770   completely In flash
T9088 005:558.813 - 0.167ms returns 0xBB0
T9088 005:559.580 JLINK_WriteMem(0x0204C9A0, 0xBC0 Bytes, ...)
T9088 005:559.637   Data:  5C 5B 95 1F 37 39 1A 74 00 E8 01 00 1F 00 00 64 ...
T9088 005:560.005   completely In flash
T9088 005:560.059 - 0.480ms returns 0xBC0
T9088 005:560.975 JLINK_WriteMem(0x0204D560, 0xBB0 Bytes, ...)
T9088 005:561.048   Data:  8C 9B A8 68 08 70 E0 A6 E8 17 43 08 C6 3D CF 0A ...
T9088 005:561.121   completely In flash
T9088 005:561.177 - 0.203ms returns 0xBB0
T9088 005:561.940 JLINK_WriteMem(0x0204E110, 0xBC0 Bytes, ...)
T9088 005:562.002   Data:  71 22 3E 60 3D 0C 2D 17 8D 98 E4 3E 8A 70 D8 2B ...
T9088 005:562.057   completely In flash
T9088 005:562.093 - 0.154ms returns 0xBC0
T9088 005:563.001 JLINK_WriteMem(0x0204ECD0, 0xBB0 Bytes, ...)
T9088 005:563.076   Data:  FC CB 84 73 BA 4A 51 E4 D8 E6 A4 88 1C 82 DA 80 ...
T9088 005:563.153   completely In flash
T9088 005:563.209 - 0.209ms returns 0xBB0
T9088 005:564.126 JLINK_WriteMem(0x0204F880, 0xBB0 Bytes, ...)
T9088 005:564.203   Data:  23 39 F9 01 4B 10 B6 6D B5 90 13 83 2E A8 6F 1C ...
T9088 005:564.269   completely In flash
T9088 005:564.317 - 0.194ms returns 0xBB0
T9088 005:565.173 JLINK_WriteMem(0x02050430, 0xBC0 Bytes, ...)
T9088 005:565.243   Data:  6B 59 5D 11 B3 00 C8 EC 2A A3 79 F0 9B AD 6A 1A ...
T9088 005:565.305   completely In flash
T9088 005:565.350 - 0.179ms returns 0xBC0
T9088 005:566.377 JLINK_WriteMem(0x02050FF0, 0xBC0 Bytes, ...)
T9088 005:566.448   Data:  A0 34 8D 16 C3 F2 0F A2 BF 2D D8 49 1E 00 BA 9B ...
T9088 005:566.507   completely In flash
T9088 005:566.551 - 0.174ms returns 0xBC0
T9088 005:567.491 JLINK_WriteMem(0x02051BB0, 0xBB0 Bytes, ...)
T9088 005:567.570   Data:  B7 86 9C DB D5 44 F0 9C AB 8F CE 03 AF BF 62 DF ...
T9088 005:567.639   completely In flash
T9088 005:567.706 - 0.217ms returns 0xBB0
T9088 005:568.619 JLINK_WriteMem(0x02052760, 0xBC0 Bytes, ...)
T9088 005:568.686   Data:  8C 86 7E B8 69 4D 9F 60 8C 30 FE 5E DD B8 09 E7 ...
T9088 005:568.743   completely In flash
T9088 005:568.778 - 0.160ms returns 0xBC0
T9088 005:570.019 JLINK_WriteMem(0x02053320, 0xBC0 Bytes, ...)
T9088 005:570.086   Data:  92 B6 42 04 12 56 40 91 72 85 DD CE F5 2B 91 87 ...
T9088 005:570.153   completely In flash
T9088 005:570.206 - 0.188ms returns 0xBC0
T9088 005:571.277 JLINK_WriteMem(0x02053EE0, 0xBB0 Bytes, ...)
T9088 005:571.353   Data:  FB 5E A2 9F 50 F1 AF F6 2C BB 12 E6 C6 9B 89 A7 ...
T9088 005:571.413   completely In flash
T9088 005:571.461 - 0.184ms returns 0xBB0
T9088 005:572.283 JLINK_WriteMem(0x02054A90, 0xBC0 Bytes, ...)
T9088 005:572.340   Data:  AF DA 72 65 21 FF F2 38 F5 02 60 61 FD 92 15 3C ...
T9088 005:572.376   completely In flash
T9088 005:572.407 - 0.125ms returns 0xBC0
T9088 005:573.054 JLINK_WriteMem(0x02055650, 0xBD0 Bytes, ...)
T9088 005:573.108   Data:  F3 F8 FF FF FF 00 75 F2 48 26 6A 28 00 00 00 80 ...
T9088 005:573.156   completely In flash
T9088 005:573.197 - 0.143ms returns 0xBD0
T9088 005:573.931 JLINK_WriteMem(0x02056220, 0xBB0 Bytes, ...)
T9088 005:573.983   Data:  41 EE 6E 28 75 CA 00 00 00 00 92 2A 55 27 A5 0C ...
T9088 005:574.037   completely In flash
T9088 005:574.083 - 0.151ms returns 0xBB0
T9088 005:574.805 JLINK_WriteMem(0x02056DD0, 0xBB0 Bytes, ...)
T9088 005:574.849   Data:  9D DF 34 F2 6A A8 65 13 09 E1 4C 5B 8D 2C 84 20 ...
T9088 005:575.001   completely In flash
T9088 005:575.041 - 0.236ms returns 0xBB0
T9088 005:575.835 JLINK_WriteMem(0x02057980, 0xBB0 Bytes, ...)
T9088 005:575.912   Data:  E8 3A 1F CA 05 CD 52 4E F4 8E 66 AA 44 B3 DE BF ...
T9088 005:576.033   completely In flash
T9088 005:576.079 - 0.244ms returns 0xBB0
T9088 005:577.002 JLINK_WriteMem(0x02058530, 0xBB0 Bytes, ...)
T9088 005:577.082   Data:  2D EF 77 ED 45 D6 E3 AA AE 71 1F 41 9E A1 C0 85 ...
T9088 005:577.139   completely In flash
T9088 005:577.226 - 0.224ms returns 0xBB0
T9088 005:578.021 JLINK_WriteMem(0x020590E0, 0xBB0 Bytes, ...)
T9088 005:578.080   Data:  40 6A EA 7D 13 DD B8 12 BD AA EA 69 2A C8 FC 35 ...
T9088 005:578.132   completely In flash
T9088 005:578.176 - 0.155ms returns 0xBB0
T9088 005:578.899 JLINK_WriteMem(0x02059C90, 0xBD0 Bytes, ...)
T9088 005:578.967   Data:  CB 59 00 00 00 80 2E A0 6B 27 FB E4 FF FF FF 00 ...
T9088 005:579.029   completely In flash
T9088 005:579.080 - 0.181ms returns 0xBD0
T9088 005:579.925 JLINK_WriteMem(0x0205A860, 0xBC0 Bytes, ...)
T9088 005:579.977   Data:  37 EE FF FF FF 80 BD 3A 75 27 70 95 00 00 00 80 ...
T9088 005:580.013   completely In flash
T9088 005:580.045 - 0.121ms returns 0xBC0
T9088 005:580.813 JLINK_WriteMem(0x0205B420, 0xBC0 Bytes, ...)
T9088 005:580.855   Data:  11 DB 19 35 77 C8 9C D7 91 DC E6 FC A5 57 E3 6A ...
T9088 005:580.908   completely In flash
T9088 005:580.971 - 0.159ms returns 0xBC0
T9088 005:581.796 JLINK_WriteMem(0x0205BFE0, 0xBB0 Bytes, ...)
T9088 005:581.868   Data:  D9 79 E5 13 A1 6F E4 E5 32 78 B1 0B 9E C3 82 A6 ...
T9088 005:581.945   completely In flash
T9088 005:582.031 - 0.235ms returns 0xBB0
T9088 005:582.861 JLINK_WriteMem(0x0205CB90, 0xBB0 Bytes, ...)
T9088 005:582.926   Data:  AB 23 46 88 38 B8 E4 CD F5 C5 89 76 86 54 37 27 ...
T9088 005:582.992   completely In flash
T9088 005:583.044 - 0.183ms returns 0xBB0
T9088 005:583.967 JLINK_WriteMem(0x0205D740, 0xBB0 Bytes, ...)
T9088 005:584.044   Data:  0B F1 2D 86 E7 FE EF 52 76 F3 1F A2 66 C2 07 46 ...
T9088 005:584.109   completely In flash
T9088 005:584.167 - 0.200ms returns 0xBB0
T9088 005:585.046 JLINK_WriteMem(0x0205E2F0, 0xBC0 Bytes, ...)
T9088 005:585.129   Data:  F2 FA 79 35 7F A2 7A 3D 12 19 20 2C 79 49 F6 85 ...
T9088 005:585.207   completely In flash
T9088 005:585.262 - 0.217ms returns 0xBC0
T9088 005:586.199 JLINK_WriteMem(0x0205EEB0, 0xBC0 Bytes, ...)
T9088 005:586.276   Data:  67 26 D0 2D 00 00 00 00 89 79 5B 26 17 DD FF FF ...
T9088 005:586.385   completely In flash
T9088 005:586.439 - 0.241ms returns 0xBC0
T9088 005:587.418 JLINK_WriteMem(0x0205FA70, 0xBC0 Bytes, ...)
T9088 005:587.492   Data:  32 3B 0D 8F 90 5D E3 51 61 50 92 85 71 DB 09 CE ...
T9088 005:587.558   completely In flash
T9088 005:587.611 - 0.194ms returns 0xBC0
T9088 005:588.462 JLINK_WriteMem(0x02060630, 0xBC0 Bytes, ...)
T9088 005:588.536   Data:  24 A4 C0 7C 23 B7 F5 BF 9C 51 9D D0 A5 50 26 E3 ...
T9088 005:588.596   completely In flash
T9088 005:588.649 - 0.187ms returns 0xBC0
T9088 005:589.509 JLINK_WriteMem(0x020611F0, 0xBB0 Bytes, ...)
T9088 005:589.579   Data:  76 FA 19 BF 98 16 0F 11 E7 DB C3 83 6F F2 48 C7 ...
T9088 005:589.643   completely In flash
T9088 005:589.689 - 0.179ms returns 0xBB0
T9088 005:590.584 JLINK_WriteMem(0x02061DA0, 0xBB0 Bytes, ...)
T9088 005:590.643   Data:  15 84 1E 2E C8 2D 1B 0B B7 D7 55 95 44 73 0A 35 ...
T9088 005:590.702   completely In flash
T9088 005:590.747 - 0.164ms returns 0xBB0
T9088 005:592.486 JLINK_WriteMem(0x02062950, 0xBC0 Bytes, ...)
T9088 005:592.567   Data:  5D 50 90 28 7C 0E F3 84 DA 3B ED E0 24 B5 8F F7 ...
T9088 005:592.645   completely In flash
T9088 005:592.752 - 0.265ms returns 0xBC0
T9088 005:593.681 JLINK_WriteMem(0x02063510, 0xBC0 Bytes, ...)
T9088 005:593.748   Data:  BF BF BF CF BF AF 06 00 55 7E 73 73 67 7A 6D 32 ...
T9088 005:593.801   completely In flash
T9088 005:593.847 - 0.166ms returns 0xBC0
T9088 005:594.718 JLINK_WriteMem(0x020640D0, 0xBB0 Bytes, ...)
T9088 005:594.805   Data:  00 00 00 80 9D 11 4E 26 86 78 00 00 00 00 89 85 ...
T9088 005:594.881   completely In flash
T9088 005:594.939 - 0.222ms returns 0xBB0
T9088 005:595.680 JLINK_WriteMem(0x02064C80, 0xBB0 Bytes, ...)
T9088 005:595.748   Data:  DD BE 50 1F 1B A7 F2 67 BD 37 49 B7 61 DF AF 83 ...
T9088 005:595.806   completely In flash
T9088 005:595.848 - 0.169ms returns 0xBB0
T9088 005:597.579 JLINK_WriteMem(0x02065830, 0xBC0 Bytes, ...)
T9088 005:597.649   Data:  42 EA 4B F3 AC FF C5 AF 3A 39 55 09 0F B0 F0 76 ...
T9088 005:597.706   completely In flash
T9088 005:597.763 - 0.185ms returns 0xBC0
T9088 005:598.617 JLINK_WriteMem(0x020663F0, 0xBB0 Bytes, ...)
T9088 005:598.683   Data:  AC 46 6E 31 15 99 C6 28 A2 0C 28 DF E5 46 DC 24 ...
T9088 005:598.753   completely In flash
T9088 005:598.801 - 0.184ms returns 0xBB0
T9088 005:600.032 JLINK_WriteMem(0x02066FA0, 0xBC0 Bytes, ...)
T9088 005:600.102   Data:  BC 9C D5 6B 52 FF BD A8 C4 C8 F2 4D FD 5E B6 DF ...
T9088 005:600.171   completely In flash
T9088 005:600.223 - 0.192ms returns 0xBC0
T9088 005:600.983 JLINK_WriteMem(0x02067B60, 0xBB0 Bytes, ...)
T9088 005:601.052   Data:  10 8D 56 B6 F5 72 BE A8 AB 57 FB FC 79 0C AB 19 ...
T9088 005:601.109   completely In flash
T9088 005:601.151 - 0.170ms returns 0xBB0
T9088 005:601.936 JLINK_WriteMem(0x02068710, 0xBB0 Bytes, ...)
T9088 005:602.007   Data:  B9 7B 6F 97 D4 55 3F 05 57 AB F5 74 2C F2 23 22 ...
T9088 005:602.061   completely In flash
T9088 005:602.108 - 0.172ms returns 0xBB0
T9088 005:602.919 JLINK_WriteMem(0x020692C0, 0xBC0 Bytes, ...)
T9088 005:602.981   Data:  B5 DA F3 D2 01 BE 61 C2 A7 56 59 35 89 D3 E2 6A ...
T9088 005:603.050   completely In flash
T9088 005:603.096 - 0.177ms returns 0xBC0
T9088 005:604.042 JLINK_WriteMem(0x02069E80, 0xBC0 Bytes, ...)
T9088 005:604.122   Data:  55 49 5F 9D E2 36 25 1B 48 E5 BF 47 84 EF 1E CA ...
T9088 005:604.193   completely In flash
T9088 005:604.248 - 0.207ms returns 0xBC0
T9088 005:605.100 JLINK_WriteMem(0x0206AA40, 0xBB0 Bytes, ...)
T9088 005:605.173   Data:  AB 2C FE 67 D2 88 B3 54 EA B7 37 71 43 82 62 19 ...
T9088 005:605.248   completely In flash
T9088 005:605.305 - 0.206ms returns 0xBB0
T9088 005:606.310 JLINK_WriteMem(0x0206B5F0, 0xBC0 Bytes, ...)
T9088 005:606.392   Data:  92 EE 37 83 5D 2F 6D 02 75 B7 C1 5A 02 A9 D5 F9 ...
T9088 005:606.456   completely In flash
T9088 005:606.510 - 0.201ms returns 0xBC0
T9088 005:607.496 JLINK_WriteMem(0x0206C1B0, 0xBD0 Bytes, ...)
T9088 005:607.578   Data:  00 00 00 00 A3 EE 71 27 62 68 00 00 00 00 29 DA ...
T9088 005:607.655   completely In flash
T9088 005:607.779 - 0.284ms returns 0xBD0
T9088 005:608.666 JLINK_WriteMem(0x0206CD80, 0xAE0 Bytes, ...)
T9088 005:608.747   Data:  CA CB FC 9C F0 44 93 76 00 20 1F E7 47 69 E8 1A ...
T9088 005:608.815   completely In flash
T9088 005:608.867 - 0.200ms returns 0xAE0
T9088 005:609.685 JLINK_WriteMem(0x0206D860, 0xBC0 Bytes, ...)
T9088 005:609.750   Data:  F4 38 95 44 5D 98 95 69 DB D7 71 A1 97 E1 AF 3F ...
T9088 005:609.792   completely In flash
T9088 005:609.831 - 0.146ms returns 0xBC0
T9088 005:610.416 JLINK_WriteMem(0x0206E420, 0xBB0 Bytes, ...)
T9088 005:610.479   Data:  3F 08 15 B8 2E 26 95 3F 1E F6 8C E4 B2 A6 87 D5 ...
T9088 005:610.540   completely In flash
T9088 005:610.586 - 0.171ms returns 0xBB0
T9088 005:611.387 JLINK_WriteMem(0x0206EFD0, 0xBC0 Bytes, ...)
T9088 005:611.470   Data:  63 30 AF F8 C6 55 2A 31 2F 9F 00 5A D4 17 AB 3B ...
T9088 005:611.523   completely In flash
T9088 005:611.558 - 0.172ms returns 0xBC0
T9088 005:612.153 JLINK_WriteMem(0x0206FB90, 0xBC0 Bytes, ...)
T9088 005:612.190   Data:  4D 8C E6 8E 9B 7E 6C D9 D8 BF F6 DE AB AF D2 A0 ...
T9088 005:612.234   completely In flash
T9088 005:612.269 - 0.116ms returns 0xBC0
T9088 005:613.154 JLINK_WriteMem(0x02070750, 0xBB0 Bytes, ...)
T9088 005:613.226   Data:  BB 86 53 FA 24 2B 99 0F 7C E0 2C B3 D2 8C 65 21 ...
T9088 005:613.279   completely In flash
T9088 005:613.325 - 0.171ms returns 0xBB0
T9088 005:614.119 JLINK_WriteMem(0x02071300, 0xBB0 Bytes, ...)
T9088 005:614.186   Data:  9A 91 8B EE BB E0 84 F7 DF 56 D4 F1 75 70 32 FA ...
T9088 005:614.247   completely In flash
T9088 005:614.293 - 0.175ms returns 0xBB0
T9088 005:615.578 JLINK_WriteMem(0x02071EB0, 0xBC0 Bytes, ...)
T9088 005:615.643   Data:  F1 8C 21 27 56 D7 F5 8F F9 BA 6D D7 08 0A 47 16 ...
T9088 005:615.687   completely In flash
T9088 005:615.734 - 0.156ms returns 0xBC0
T9088 005:616.643 JLINK_WriteMem(0x02072A70, 0xBB0 Bytes, ...)
T9088 005:616.726   Data:  10 34 34 2A F3 D7 67 B1 11 7D 01 B5 5D 93 F9 4B ...
T9088 005:616.795   completely In flash
T9088 005:616.850 - 0.208ms returns 0xBB0
T9088 005:617.873 JLINK_WriteMem(0x02073620, 0xBB0 Bytes, ...)
T9088 005:617.956   Data:  37 7D 07 01 38 AC 0D 9B B8 D5 74 F1 79 44 31 F7 ...
T9088 005:618.020   completely In flash
T9088 005:618.076 - 0.204ms returns 0xBB0
T9088 005:619.017 JLINK_WriteMem(0x020741D0, 0xBB0 Bytes, ...)
T9088 005:619.089   Data:  03 0E C1 F5 39 AA BE EF 59 C6 B5 7E DF 52 34 22 ...
T9088 005:619.160   completely In flash
T9088 005:619.216 - 0.200ms returns 0xBB0
T9088 005:620.161 JLINK_WriteMem(0x02074D80, 0xBB0 Bytes, ...)
T9088 005:620.238   Data:  08 78 54 48 DF D7 7C A7 B9 E5 F0 F3 75 89 26 F3 ...
T9088 005:620.311   completely In flash
T9088 005:620.369 - 0.209ms returns 0xBB0
T9088 005:621.285 JLINK_WriteMem(0x02075930, 0xBC0 Bytes, ...)
T9088 005:621.355   Data:  B6 BF EA 53 02 70 EE CD 7B D4 8F AE 1B C3 AE CB ...
T9088 005:621.415   completely In flash
T9088 005:621.465 - 0.181ms returns 0xBC0
T9088 005:622.316 JLINK_WriteMem(0x020764F0, 0xBC0 Bytes, ...)
T9088 005:622.384   Data:  51 61 7F 15 1D C1 DA 4C 87 3F D6 DF 14 12 68 D1 ...
T9088 005:622.541   completely In flash
T9088 005:622.579 - 0.264ms returns 0xBC0
T9088 005:624.269 JLINK_WriteMem(0x020770B0, 0xBC0 Bytes, ...)
T9088 005:624.331   Data:  A4 FC 4C 57 3B 90 4B CA CF 5A F8 87 D8 88 B8 9B ...
T9088 005:624.391   completely In flash
T9088 005:624.432 - 0.163ms returns 0xBC0
T9088 005:625.427 JLINK_WriteMem(0x02077C70, 0xBB0 Bytes, ...)
T9088 005:625.498   Data:  20 52 E8 93 E3 2B BB 5E F6 93 6B CB 80 E0 3F D9 ...
T9088 005:625.555   completely In flash
T9088 005:625.596 - 0.169ms returns 0xBB0
T9088 005:626.461 JLINK_WriteMem(0x02078820, 0xBB0 Bytes, ...)
T9088 005:626.527   Data:  1F A2 08 35 0B 0E E8 AF 5B 02 BF 93 B2 FC 18 AE ...
T9088 005:626.587   completely In flash
T9088 005:626.637 - 0.177ms returns 0xBB0
T9088 005:627.527 JLINK_WriteMem(0x020793D0, 0xBC0 Bytes, ...)
T9088 005:627.588   Data:  5B 1C FC 98 12 C2 85 C5 B6 CE F6 D0 4C 3F D5 05 ...
T9088 005:627.651   completely In flash
T9088 005:627.701 - 0.175ms returns 0xBC0
T9088 005:628.539 JLINK_WriteMem(0x02079F90, 0xBB0 Bytes, ...)
T9088 005:628.594   Data:  F3 D1 EA 1F 3A 13 A9 51 08 CF 1C 60 CE 1C 45 FB ...
T9088 005:628.650   completely In flash
T9088 005:628.701 - 0.163ms returns 0xBB0
T9088 005:629.587 JLINK_WriteMem(0x0207AB40, 0xBC0 Bytes, ...)
T9088 005:629.665   Data:  41 D4 FF 4D C8 70 A0 E3 01 10 33 29 AD 0A F2 F5 ...
T9088 005:629.755   completely In flash
T9088 005:629.809 - 0.223ms returns 0xBC0
T9088 005:630.660 JLINK_WriteMem(0x0207B700, 0xBB0 Bytes, ...)
T9088 005:630.784   Data:  9F 62 7E C0 D3 9E 04 D1 76 8B B3 CE 12 38 B7 CA ...
T9088 005:630.836   completely In flash
T9088 005:630.878 - 0.219ms returns 0xBB0
T9088 005:631.627 JLINK_WriteMem(0x0207C2B0, 0xBE0 Bytes, ...)
T9088 005:631.678   Data:  4E 07 51 E7 68 6E 20 83 16 01 AA DF 1A DD 88 B3 ...
T9088 005:631.744   completely In flash
T9088 005:631.788 - 0.161ms returns 0xBE0
T9088 005:632.739 JLINK_WriteMem(0x0207CE90, 0xBE0 Bytes, ...)
T9088 005:632.820   Data:  00 01 00 00 00 00 00 00 00 00 00 01 00 00 00 00 ...
T9088 005:632.904   completely In flash
T9088 005:632.983 - 0.245ms returns 0xBE0
T9088 005:633.897 JLINK_WriteMem(0x0207DA70, 0xBC0 Bytes, ...)
T9088 005:633.968   Data:  FF 2B 66 72 6A 29 52 29 00 00 00 64 3B 2E 7D 29 ...
T9088 005:634.705   completely In flash
T9088 005:634.773 - 0.878ms returns 0xBC0
T9088 005:636.287 JLINK_WriteMem(0x0207E630, 0xBC0 Bytes, ...)
T9088 005:636.418   Data:  FF FF FF 00 B5 85 49 28 24 E5 FF FF FF 49 6A 48 ...
T9088 005:636.546   completely In flash
T9088 005:636.587 - 0.301ms returns 0xBC0
T9088 005:637.501 JLINK_WriteMem(0x0207F1F0, 0xBD0 Bytes, ...)
T9088 005:637.577   Data:  F4 D9 FF FF FF 8D 0D CA 40 28 72 D0 FF FF FF E8 ...
T9088 005:637.645   completely In flash
T9088 005:637.735 - 0.235ms returns 0xBD0
T9088 005:638.590 JLINK_WriteMem(0x0207FDC0, 0xBC0 Bytes, ...)
T9088 005:638.662   Data:  00 54 77 BE 5E 29 D8 D0 FF FF FF BB 87 E1 79 29 ...
T9088 005:638.729   completely In flash
T9088 005:638.771 - 0.181ms returns 0xBC0
T9088 005:639.641 JLINK_WriteMem(0x02080980, 0xBC0 Bytes, ...)
T9088 005:639.715   Data:  37 45 FA 2E D4 D4 4D ED AC 89 37 FA 69 3F 46 C9 ...
T9088 005:639.773   completely In flash
T9088 005:639.812 - 0.171ms returns 0xBC0
T9088 005:640.725 JLINK_WriteMem(0x02081540, 0xBB0 Bytes, ...)
T9088 005:640.803   Data:  41 F9 79 DA 62 6D A3 63 C7 AC ED DB 8D 14 7B 84 ...
T9088 005:640.862   completely In flash
T9088 005:640.916 - 0.192ms returns 0xBB0
T9088 005:641.796 JLINK_WriteMem(0x020820F0, 0xBC0 Bytes, ...)
T9088 005:641.849   Data:  8E D3 A2 42 5F B2 23 DC 63 8C 90 06 15 FD BE 8D ...
T9088 005:641.893   completely In flash
T9088 005:641.927 - 0.131ms returns 0xBC0
T9088 005:642.713 JLINK_WriteMem(0x02082CB0, 0xBC0 Bytes, ...)
T9088 005:642.766   Data:  DE A7 D7 79 E7 08 89 17 CF C5 AC 7B C4 92 2F 41 ...
T9088 005:642.813   completely In flash
T9088 005:642.849 - 0.137ms returns 0xBC0
T9088 005:643.467 JLINK_WriteMem(0x02083870, 0xBC0 Bytes, ...)
T9088 005:643.529   Data:  6A FD 04 40 32 52 7E E5 6E 94 1A 4E B2 4E 71 AF ...
T9088 005:643.577   completely In flash
T9088 005:643.619 - 0.152ms returns 0xBC0
T9088 005:644.455 JLINK_WriteMem(0x02084430, 0xBC0 Bytes, ...)
T9088 005:644.516   Data:  C7 7D B1 46 94 EC 0D 67 98 F9 19 89 95 9D 61 D2 ...
T9088 005:644.571   completely In flash
T9088 005:644.615 - 0.160ms returns 0xBC0
T9088 005:645.487 JLINK_WriteMem(0x02084FF0, 0xBC0 Bytes, ...)
T9088 005:645.561   Data:  EF 83 36 E9 A8 A1 EE 74 B7 2D 53 EF 30 E5 31 79 ...
T9088 005:645.633   completely In flash
T9088 005:645.689 - 0.203ms returns 0xBC0
T9088 005:646.604 JLINK_WriteMem(0x02085BB0, 0xBB0 Bytes, ...)
T9088 005:646.673   Data:  11 B1 96 C4 65 B1 AC 49 01 64 AB AA 14 10 23 08 ...
T9088 005:646.791   completely In flash
T9088 005:646.839 - 0.236ms returns 0xBB0
T9088 005:647.665 JLINK_WriteMem(0x02086760, 0xBB0 Bytes, ...)
T9088 005:647.733   Data:  2B CD 66 AA F2 6A 60 B6 EC 64 A6 E4 D6 E9 48 DD ...
T9088 005:647.779   completely In flash
T9088 005:647.812 - 0.148ms returns 0xBB0
T9088 005:648.571 JLINK_WriteMem(0x02087310, 0xBB0 Bytes, ...)
T9088 005:648.617   Data:  F5 66 09 D8 12 A0 3C 4E 16 80 0A 61 D6 7F 30 80 ...
T9088 005:648.665   completely In flash
T9088 005:648.715 - 0.144ms returns 0xBB0
T9088 005:650.201 JLINK_WriteMem(0x02087EC0, 0xBC0 Bytes, ...)
T9088 005:650.263   Data:  B7 F4 BA 84 CF CC 2E FE CF 16 7C 00 15 BF 65 00 ...
T9088 005:650.326   completely In flash
T9088 005:650.370 - 0.170ms returns 0xBC0
T9088 005:651.365 JLINK_WriteMem(0x02088A80, 0xBC0 Bytes, ...)
T9088 005:651.434   Data:  30 64 A1 B8 41 67 DD 92 74 5F 9A 3F 78 77 4D 9E ...
T9088 005:651.495   completely In flash
T9088 005:651.537 - 0.173ms returns 0xBC0
T9088 005:652.451 JLINK_WriteMem(0x02089640, 0xBB0 Bytes, ...)
T9088 005:652.502   Data:  59 E7 0E E6 3F 71 8B F7 17 67 D5 6D B6 F7 6A 0F ...
T9088 005:652.554   completely In flash
T9088 005:652.599 - 0.149ms returns 0xBB0
T9088 005:653.376 JLINK_WriteMem(0x0208A1F0, 0xBC0 Bytes, ...)
T9088 005:653.448   Data:  3F 38 F2 54 4E 22 FF EF 0C 44 D5 80 D2 EB 44 08 ...
T9088 005:653.520   completely In flash
T9088 005:653.577 - 0.201ms returns 0xBC0
T9088 005:654.415 JLINK_WriteMem(0x0208ADB0, 0xBC0 Bytes, ...)
T9088 005:654.487   Data:  8F 71 EC 1D 44 6D 8B AD 78 5F 80 16 54 0F 1C 9D ...
T9088 005:654.554   completely In flash
T9088 005:654.610 - 0.195ms returns 0xBC0
T9088 005:655.309 JLINK_WriteMem(0x0208B970, 0xBB0 Bytes, ...)
T9088 005:655.375   Data:  91 E2 A3 BF 36 85 97 BA 85 ED 4A 1D CB BA 46 9D ...
T9088 005:655.477   completely In flash
T9088 005:655.509 - 0.200ms returns 0xBB0
T9088 005:656.364 JLINK_WriteMem(0x0208C520, 0xBC0 Bytes, ...)
T9088 005:656.435   Data:  D6 20 40 CC 42 D7 BB 4B 9E 4A 26 63 DE 73 BE 06 ...
T9088 005:656.484   completely In flash
T9088 005:656.529 - 0.165ms returns 0xBC0
T9088 005:657.407 JLINK_WriteMem(0x0208D0E0, 0xBC0 Bytes, ...)
T9088 005:657.490   Data:  7F 43 F0 E8 05 77 CA BF E6 86 24 58 0C 0A 74 7E ...
T9088 005:657.557   completely In flash
T9088 005:657.603 - 0.197ms returns 0xBC0
T9088 005:658.491 JLINK_WriteMem(0x0208DCA0, 0xBC0 Bytes, ...)
T9088 005:658.553   Data:  19 37 47 86 D6 6E 12 D0 F2 3D 21 CF EE FD C0 E6 ...
T9088 005:659.405   completely In flash
T9088 005:659.482 - 0.992ms returns 0xBC0
T9088 005:660.321 JLINK_WriteMem(0x0208E860, 0xBB0 Bytes, ...)
T9088 005:660.393   Data:  4D DD 5F 73 C9 DB 79 49 EF BF 0D DA E0 F3 98 DA ...
T9088 005:660.440   completely In flash
T9088 005:660.471 - 0.151ms returns 0xBB0
T9088 005:661.262 JLINK_WriteMem(0x0208F410, 0xBB0 Bytes, ...)
T9088 005:661.321   Data:  6B AE 5A 04 D1 53 75 7D 37 41 27 6D CC D2 DD BF ...
T9088 005:661.367   completely In flash
T9088 005:661.399 - 0.137ms returns 0xBB0
T9088 005:662.190 JLINK_WriteMem(0x0208FFC0, 0xBB0 Bytes, ...)
T9088 005:662.253   Data:  39 59 93 84 D7 B9 FE 7C 80 FB CA E3 28 1F 84 3E ...
T9088 005:662.312   completely In flash
T9088 005:662.357 - 0.166ms returns 0xBB0
T9088 005:663.495 JLINK_WriteMem(0x02090B70, 0xBC0 Bytes, ...)
T9088 005:663.559   Data:  74 5F 27 E3 5D 96 68 9E 56 80 1F 10 4A 64 EB 7D ...
T9088 005:663.609   completely In flash
T9088 005:663.645 - 0.150ms returns 0xBC0
T9088 005:664.516 JLINK_WriteMem(0x02091730, 0xBC0 Bytes, ...)
T9088 005:664.582   Data:  97 78 9A 71 CA FF 15 7B 29 74 5A 36 98 D5 E8 25 ...
T9088 005:664.636   completely In flash
T9088 005:664.682 - 0.166ms returns 0xBC0
T9088 005:665.535 JLINK_WriteMem(0x020922F0, 0xBA0 Bytes, ...)
T9088 005:665.597   Data:  58 D9 18 A1 27 E9 81 BE 0B 7F F1 E3 3E 1E D3 38 ...
T9088 005:665.655   completely In flash
T9088 005:665.718 - 0.184ms returns 0xBA0
T9088 005:666.510 JLINK_WriteMem(0x02092E90, 0xBB0 Bytes, ...)
T9088 005:666.573   Data:  66 D1 73 24 8D 5E A7 B4 C2 BA 10 4A D1 8A DB 67 ...
T9088 005:666.624   completely In flash
T9088 005:666.663 - 0.154ms returns 0xBB0
T9088 005:667.495 JLINK_WriteMem(0x02093A40, 0xBB0 Bytes, ...)
T9088 005:667.566   Data:  AF D9 AF 5B E9 5F 21 EC AC 75 9B 5F E2 A5 67 47 ...
T9088 005:667.633   completely In flash
T9088 005:667.683 - 0.190ms returns 0xBB0
T9088 005:668.592 JLINK_WriteMem(0x020945F0, 0xBC0 Bytes, ...)
T9088 005:668.653   Data:  1C E7 84 1C 8A DF 82 28 21 34 45 76 FB 8B EE B3 ...
T9088 005:668.699   completely In flash
T9088 005:668.736 - 0.144ms returns 0xBC0
T9088 005:669.536 JLINK_WriteMem(0x020951B0, 0xBB0 Bytes, ...)
T9088 005:669.600   Data:  EE BD F4 35 4A 33 94 59 6D E9 9A 42 C5 EC 7C E5 ...
T9088 005:669.657   completely In flash
T9088 005:669.706 - 0.170ms returns 0xBB0
T9088 005:670.873 JLINK_WriteMem(0x02095D60, 0xBC0 Bytes, ...)
T9088 005:670.938   Data:  58 A4 53 27 D3 D2 5A 7C FF EA C8 36 3A 68 C0 DE ...
T9088 005:670.998   completely In flash
T9088 005:671.042 - 0.170ms returns 0xBC0
T9088 005:671.809 JLINK_WriteMem(0x02096920, 0xBB0 Bytes, ...)
T9088 005:671.872   Data:  FB 23 D8 A6 F8 DC DA 8C 78 4D B9 03 F8 25 D3 58 ...
T9088 005:671.923   completely In flash
T9088 005:671.969 - 0.160ms returns 0xBB0
T9088 005:672.894 JLINK_WriteMem(0x020974D0, 0xBB0 Bytes, ...)
T9088 005:672.969   Data:  D3 B1 17 CE B1 75 59 4A DE 6D 65 40 15 34 F1 D9 ...
T9088 005:673.035   completely In flash
T9088 005:673.086 - 0.193ms returns 0xBB0
T9088 005:674.028 JLINK_WriteMem(0x02098080, 0xBB0 Bytes, ...)
T9088 005:674.090   Data:  F0 F4 3F 06 CD 7A 2A 28 48 B8 24 B2 51 E8 F7 44 ...
T9088 005:674.147   completely In flash
T9088 005:674.185 - 0.158ms returns 0xBB0
T9088 005:676.372 JLINK_WriteMem(0x02098C30, 0xBC0 Bytes, ...)
T9088 005:676.422   Data:  FD B8 7E 25 9E 99 AB 9C A3 B2 F5 49 4A FB CC 37 ...
T9088 005:676.466   completely In flash
T9088 005:676.496 - 0.124ms returns 0xBC0
T9088 005:677.405 JLINK_WriteMem(0x020997F0, 0xBB0 Bytes, ...)
T9088 005:677.472   Data:  26 51 F9 4E D0 C2 DC F7 5E AC 53 07 FE 01 26 AE ...
T9088 005:677.526   completely In flash
T9088 005:677.573 - 0.170ms returns 0xBB0
T9088 005:678.427 JLINK_WriteMem(0x0209A3A0, 0xBB0 Bytes, ...)
T9088 005:678.503   Data:  13 30 2C 4A 06 1B 53 C6 2F F7 FF 61 12 C2 78 3D ...
T9088 005:678.572   completely In flash
T9088 005:678.623 - 0.198ms returns 0xBB0
T9088 005:679.595 JLINK_WriteMem(0x0209AF50, 0xBB0 Bytes, ...)
T9088 005:679.682   Data:  71 B6 F3 F2 91 DF A4 2A AE 14 48 C5 36 69 98 34 ...
T9088 005:679.827   completely In flash
T9088 005:679.889 - 0.294ms returns 0xBB0
T9088 005:680.902 JLINK_WriteMem(0x0209BB00, 0xBB0 Bytes, ...)
T9088 005:680.967   Data:  7D 5A 74 11 AC D4 E7 63 10 94 B8 42 DC 86 B1 E4 ...
T9088 005:681.027   completely In flash
T9088 005:681.061 - 0.159ms returns 0xBB0
T9088 005:681.658 JLINK_WriteMem(0x0209C6B0, 0xBC0 Bytes, ...)
T9088 005:681.709   Data:  4C 47 28 32 A7 F4 B6 30 82 7F 8B 08 1E CF B8 E7 ...
T9088 005:681.751   completely In flash
T9088 005:681.791 - 0.133ms returns 0xBC0
T9088 005:682.383 JLINK_WriteMem(0x0209D270, 0xBC0 Bytes, ...)
T9088 005:682.452   Data:  86 C3 DA D4 28 8B 11 3B AF F1 00 E7 E4 32 79 95 ...
T9088 005:682.513   completely In flash
T9088 005:682.563 - 0.181ms returns 0xBC0
T9088 005:683.323 JLINK_WriteMem(0x0209DE30, 0xBC0 Bytes, ...)
T9088 005:683.392   Data:  0B 98 F1 91 0C 42 AA DA 9B AC E4 29 51 D7 32 5F ...
T9088 005:683.459   completely In flash
T9088 005:683.510 - 0.187ms returns 0xBC0
T9088 005:684.422 JLINK_WriteMem(0x0209E9F0, 0xBB0 Bytes, ...)
T9088 005:684.488   Data:  29 1D 43 3D 51 C5 DF 98 04 84 EF 7C 7D ED E9 7C ...
T9088 005:684.549   completely In flash
T9088 005:684.592 - 0.171ms returns 0xBB0
T9088 005:685.605 JLINK_WriteMem(0x0209F5A0, 0xBC0 Bytes, ...)
T9088 005:685.677   Data:  5B 65 EF 8D 6B 7E C2 FD 34 2C 17 9D 54 40 87 24 ...
T9088 005:685.794   completely In flash
T9088 005:685.846 - 0.242ms returns 0xBC0
T9088 005:686.687 JLINK_WriteMem(0x020A0160, 0xBB0 Bytes, ...)
T9088 005:686.768   Data:  42 08 D1 E8 77 58 9C 1A 2C 6A EE 1A 36 3E 2A A2 ...
T9088 005:686.841   completely In flash
T9088 005:686.900 - 0.214ms returns 0xBB0
T9088 005:687.670 JLINK_WriteMem(0x020A0D10, 0xBC0 Bytes, ...)
T9088 005:687.754   Data:  D2 84 93 7D CE 79 BA 9C 4B 09 35 91 24 06 15 13 ...
T9088 005:688.711   completely In flash
T9088 005:688.784 - 1.114ms returns 0xBC0
T9088 005:689.702 JLINK_WriteMem(0x020A18D0, 0xBC0 Bytes, ...)
T9088 005:689.766   Data:  DD 8C 2B E1 E7 C7 1C 67 EE B2 9B 7C E2 1D 9E 70 ...
T9088 005:689.824   completely In flash
T9088 005:689.878 - 0.176ms returns 0xBC0
T9088 005:690.723 JLINK_WriteMem(0x020A2490, 0xBB0 Bytes, ...)
T9088 005:690.799   Data:  03 C9 AD 15 20 74 53 71 46 A5 F4 D8 98 3B F3 5F ...
T9088 005:690.876   completely In flash
T9088 005:690.937 - 0.215ms returns 0xBB0
T9088 005:691.792 JLINK_WriteMem(0x020A3040, 0xBB0 Bytes, ...)
T9088 005:691.858   Data:  60 9C EA 5B F2 4D 16 8C FA E7 EB 71 4D 36 51 99 ...
T9088 005:691.916   completely In flash
T9088 005:691.959 - 0.167ms returns 0xBB0
T9088 005:692.827 JLINK_WriteMem(0x020A3BF0, 0xBB0 Bytes, ...)
T9088 005:692.895   Data:  37 CE 22 43 56 C1 DF F9 9F 1A 93 58 21 19 B4 42 ...
T9088 005:692.959   completely In flash
T9088 005:693.007 - 0.181ms returns 0xBB0
T9088 005:693.841 JLINK_WriteMem(0x020A47A0, 0xBB0 Bytes, ...)
T9088 005:693.892   Data:  61 3A 22 C7 13 57 E0 CA DB 7F 4C 5F 46 ED 63 5C ...
T9088 005:693.934   completely In flash
T9088 005:693.975 - 0.135ms returns 0xBB0
T9088 005:694.717 JLINK_WriteMem(0x020A5350, 0xBC0 Bytes, ...)
T9088 005:694.787   Data:  0D 2C C8 25 07 A4 69 D9 FB 79 32 95 2E 21 A5 00 ...
T9088 005:694.845   completely In flash
T9088 005:694.891 - 0.174ms returns 0xBC0
T9088 005:695.569 JLINK_WriteMem(0x020A5F10, 0xBC0 Bytes, ...)
T9088 005:695.627   Data:  20 07 79 2F 44 C5 EA 70 DB 7B 4A 22 4B CC F3 67 ...
T9088 005:695.680   completely In flash
T9088 005:695.725 - 0.157ms returns 0xBC0
T9088 005:696.543 JLINK_WriteMem(0x020A6AD0, 0xBB0 Bytes, ...)
T9088 005:696.620   Data:  D0 DF 9F 5F B3 ED 4D C0 3C 85 67 FB 42 FA CF 96 ...
T9088 005:696.684   completely In flash
T9088 005:696.744 - 0.201ms returns 0xBB0
T9088 005:697.653 JLINK_WriteMem(0x020A7680, 0xBC0 Bytes, ...)
T9088 005:697.746   Data:  B9 99 AB BA 1E E5 4C C2 63 A5 A9 2F 35 03 F4 08 ...
T9088 005:697.808   completely In flash
T9088 005:697.846 - 0.194ms returns 0xBC0
T9088 005:698.554 JLINK_WriteMem(0x020A8240, 0xBB0 Bytes, ...)
T9088 005:698.603   Data:  24 C5 EC E1 A7 CE 93 9C DB AC ED 02 B6 7E BB 2A ...
T9088 005:698.648   completely In flash
T9088 005:698.681 - 0.127ms returns 0xBB0
T9088 005:699.305 JLINK_WriteMem(0x020A8DF0, 0xBC0 Bytes, ...)
T9088 005:699.352   Data:  C4 EE E6 61 E1 3E 4D 99 81 D6 18 05 61 73 92 0F ...
T9088 005:699.399   completely In flash
T9088 005:699.431 - 0.126ms returns 0xBC0
T9088 005:700.187 JLINK_WriteMem(0x020A99B0, 0xBC0 Bytes, ...)
T9088 005:700.242   Data:  BB 6D E9 E5 DB 35 5A D1 49 39 A1 94 81 5D 31 7C ...
T9088 005:700.292   completely In flash
T9088 005:700.329 - 0.143ms returns 0xBC0
T9088 005:701.225 JLINK_WriteMem(0x020AA570, 0xBB0 Bytes, ...)
T9088 005:701.310   Data:  45 4F DD 7D 87 4D AC 4F 0A C4 B8 E7 29 DB 87 EC ...
T9088 005:701.379   completely In flash
T9088 005:701.436 - 0.212ms returns 0xBB0
T9088 005:703.567 JLINK_WriteMem(0x020AB120, 0xBC0 Bytes, ...)
T9088 005:703.648   Data:  9C A6 91 9F 19 75 97 A5 E9 42 74 66 CB A9 86 A0 ...
T9088 005:703.731   completely In flash
T9088 005:703.775 - 0.208ms returns 0xBC0
T9088 005:704.686 JLINK_WriteMem(0x020ABCE0, 0xBC0 Bytes, ...)
T9088 005:704.749   Data:  68 20 4B C7 A5 DA A9 74 47 A2 F6 AE BC B1 B4 C6 ...
T9088 005:704.795   completely In flash
T9088 005:704.836 - 0.149ms returns 0xBC0
T9088 005:705.589 JLINK_WriteMem(0x020AC8A0, 0xBB0 Bytes, ...)
T9088 005:705.660   Data:  9C F2 18 CF E5 7C 1F 40 D2 0F 5B 86 F8 28 BE 94 ...
T9088 005:705.772   completely In flash
T9088 005:705.820 - 0.231ms returns 0xBB0
T9088 005:706.613 JLINK_WriteMem(0x020AD450, 0xBB0 Bytes, ...)
T9088 005:706.674   Data:  01 62 E4 3B 0D D6 6B BC 00 5A 95 46 BD AD 41 0A ...
T9088 005:706.737   completely In flash
T9088 005:706.775 - 0.161ms returns 0xBB0
T9088 005:707.705 JLINK_WriteMem(0x020AE000, 0xBB0 Bytes, ...)
T9088 005:707.806   Data:  00 C6 83 10 88 C1 94 1E 01 52 B1 B1 E4 D3 F0 76 ...
T9088 005:707.912   completely In flash
T9088 005:708.024 - 0.318ms returns 0xBB0
T9088 005:708.927 JLINK_WriteMem(0x020AEBB0, 0xBC0 Bytes, ...)
T9088 005:708.984   Data:  61 BA B2 27 FF A5 C7 66 DD 45 27 D5 6D CE 4B 4B ...
T9088 005:709.032   completely In flash
T9088 005:709.063 - 0.137ms returns 0xBC0
T9088 005:709.939 JLINK_WriteMem(0x020AF770, 0xBB0 Bytes, ...)
T9088 005:710.005   Data:  7B 26 8D 23 C4 CA 57 97 4B 32 44 66 B2 1C 1D 68 ...
T9088 005:710.058   completely In flash
T9088 005:710.105 - 0.167ms returns 0xBB0
T9088 005:710.866 JLINK_WriteMem(0x020B0320, 0xBC0 Bytes, ...)
T9088 005:710.926   Data:  E1 A9 8F 33 8D BC 1B F5 18 41 58 D9 E6 08 83 DD ...
T9088 005:710.979   completely In flash
T9088 005:711.017 - 0.150ms returns 0xBC0
T9088 005:711.756 JLINK_WriteMem(0x020B0EE0, 0xBC0 Bytes, ...)
T9088 005:711.818   Data:  5A 6B 87 36 2E 4D 97 EE EB D1 6C 20 9E 4F E5 04 ...
T9088 005:711.877   completely In flash
T9088 005:711.922 - 0.167ms returns 0xBC0
T9088 005:712.721 JLINK_WriteMem(0x020B1AA0, 0xBB0 Bytes, ...)
T9088 005:712.790   Data:  1F 51 D7 E5 55 ED D7 38 FF 6E ED 0A 3C 29 69 74 ...
T9088 005:712.853   completely In flash
T9088 005:712.898 - 0.178ms returns 0xBB0
T9088 005:713.699 JLINK_WriteMem(0x020B2650, 0xBC0 Bytes, ...)
T9088 005:713.757   Data:  52 DE CE 1E 5A 03 3B F5 C9 06 6A F4 D3 E0 36 8C ...
T9088 005:713.802   completely In flash
T9088 005:713.845 - 0.147ms returns 0xBC0
T9088 005:714.652 JLINK_WriteMem(0x020B3210, 0xBC0 Bytes, ...)
T9088 005:714.741   Data:  F5 19 3D 0D A5 A9 D6 9A AD 1E 2D F1 B0 EE 90 44 ...
T9088 005:714.806   completely In flash
T9088 005:714.851 - 0.199ms returns 0xBC0
T9088 005:715.651 JLINK_WriteMem(0x020B3DD0, 0xBC0 Bytes, ...)
T9088 005:715.708   Data:  A0 7D 29 2D 73 24 5A C4 4D 9F 55 DE 32 91 58 B0 ...
T9088 005:715.756   completely In flash
T9088 005:715.791 - 0.141ms returns 0xBC0
T9088 005:716.561 JLINK_WriteMem(0x020B4990, 0xBB0 Bytes, ...)
T9088 005:716.620   Data:  83 2A A0 C2 7B A4 2B F2 24 D2 2E CB D5 AC F3 49 ...
T9088 005:716.679   completely In flash
T9088 005:716.732 - 0.171ms returns 0xBB0
T9088 005:717.904 JLINK_WriteMem(0x020B5540, 0xBB0 Bytes, ...)
T9088 005:717.973   Data:  4D 45 CC 59 3D 33 7B 9F 89 EA AC 82 C1 1D 49 7D ...
T9088 005:718.933   completely In flash
T9088 005:719.011 - 1.107ms returns 0xBB0
T9088 005:720.208 JLINK_WriteMem(0x020B60F0, 0xBB0 Bytes, ...)
T9088 005:720.277   Data:  4E AF AE 1E 1F 43 5D 83 5D 3D A5 DA A0 76 F1 6A ...
T9088 005:720.337   completely In flash
T9088 005:720.379 - 0.171ms returns 0xBB0
T9088 005:721.265 JLINK_WriteMem(0x020B6CA0, 0xBB0 Bytes, ...)
T9088 005:721.326   Data:  F5 3D F4 CF 38 E7 66 9E 9B 5D 1B 4B 6D 55 FB EA ...
T9088 005:721.385   completely In flash
T9088 005:721.431 - 0.168ms returns 0xBB0
T9088 005:722.414 JLINK_WriteMem(0x020B7850, 0xBD0 Bytes, ...)
T9088 005:722.497   Data:  5D ED 8F CC FA 5C E9 A7 A3 8A 29 7E 81 8F 6C B8 ...
T9088 005:722.559   completely In flash
T9088 005:722.617 - 0.204ms returns 0xBD0
T9088 005:723.450 JLINK_WriteMem(0x020B8420, 0xBE0 Bytes, ...)
T9088 005:723.535   Data:  00 0C 01 0B 0A 0C 00 00 00 0C 01 0B 0B 0C 00 00 ...
T9088 005:723.673   completely In flash
T9088 005:723.727 - 0.278ms returns 0xBE0
T9088 005:724.519 JLINK_WriteMem(0x020B9000, 0xBE0 Bytes, ...)
T9088 005:724.581   Data:  09 57 01 02 0D 57 01 02 11 57 01 02 15 57 01 02 ...
T9088 005:724.640   completely In flash
T9088 005:724.684 - 0.166ms returns 0xBE0
T9088 005:725.741 JLINK_WriteMem(0x020B9BE0, 0xBE0 Bytes, ...)
T9088 005:725.813   Data:  65 31 35 42 72 61 63 65 64 52 61 6E 67 65 45 78 ...
T9088 005:725.880   completely In flash
T9088 005:725.931 - 0.192ms returns 0xBE0
T9088 005:726.755 JLINK_WriteMem(0x020BA7C0, 0xBE0 Bytes, ...)
T9088 005:726.830   Data:  47 4C 4F 42 41 4C 5F 5F 4E 5F 31 31 36 69 74 61 ...
T9088 005:726.890   completely In flash
T9088 005:726.941 - 0.188ms returns 0xBE0
T9088 005:727.598 JLINK_WriteMem(0x020BB3A0, 0x39E Bytes, ...)
T9088 005:727.650   Data:  DC 0F 00 22 D4 D4 D4 D4 00 00 00 00 00 00 00 00 ...
T9088 005:727.703   completely In flash
T9088 005:727.738 - 0.140ms returns 0x39E
T9088 005:729.215 JLINK_WriteMem(0x020BB73E, 0xA0 Bytes, ...)
T9088 005:729.321   Data:  10 B5 04 46 01 28 98 BF 01 24 20 46 69 F7 A9 FD ...
T9088 005:729.387   completely In flash
T9088 005:729.439 - 0.225ms returns 0xA0
T9088 005:730.283 JLINK_WriteMem(0x020BB7E0, 0x4 Bytes, ...)
T9088 005:730.355   Data:  08 00 00 00
T9088 005:730.421   completely In flash
T9088 005:730.475 - 0.193ms returns 0x4
T9088 005:735.663 JLINK_ReadMem(0x02011DF6, 0x2 Bytes, ...)
T9088 005:735.759    -- Read from flash cache (2 bytes @ 0x02011DF6)
T9088 005:735.804   Data:  10 B5
T9088 005:735.851 - 0.188ms returns 0
T9088 005:745.060 JLINK_WriteMem(0x020BC000, 0x58 Bytes, ...)
T9088 005:745.143   Data:  40 44 0A 22 6D DE 0B 02 69 DD 0B 02 79 DE 0B 02 ...
T9088 005:745.205   completely In flash
T9088 005:745.258 - 0.198ms returns 0x58
T9088 005:746.086 JLINK_WriteMem(0x020BC060, 0x10 Bytes, ...)
T9088 005:746.153   Data:  00 00 10 08 00 00 00 00 00 00 00 00 00 00 00 00
T9088 005:746.194   completely In flash
T9088 005:746.228 - 0.142ms returns 0x10
T9088 005:748.112 JLINK_WriteMem(0x020BC070, 0xBC0 Bytes, ...)
T9088 005:748.197   Data:  80 B5 82 B0 44 F2 6C 40 C2 F2 0A 20 00 68 01 A9 ...
T9088 005:748.269   completely In flash
T9088 005:748.325 - 0.214ms returns 0xBC0
T9088 005:749.326 JLINK_WriteMem(0x020BCC30, 0xBD0 Bytes, ...)
T9088 005:749.399   Data:  42 EA CE 12 42 F0 04 02 8C F8 03 20 02 69 13 79 ...
T9088 005:749.465   completely In flash
T9088 005:749.516 - 0.190ms returns 0xBD0
T9088 005:750.349 JLINK_WriteMem(0x020BD800, 0xBC0 Bytes, ...)
T9088 005:750.411   Data:  18 21 11 70 90 F9 04 10 5C F8 21 00 40 F0 80 72 ...
T9088 005:750.465   completely In flash
T9088 005:750.505 - 0.156ms returns 0xBC0
T9088 005:751.438 JLINK_WriteMem(0x020BE3C0, 0xBB0 Bytes, ...)
T9088 005:751.497   Data:  54 F8 24 0F 69 1C 61 61 70 B1 20 46 00 F0 B0 FF ...
T9088 005:751.539   completely In flash
T9088 005:751.571 - 0.132ms returns 0xBB0
T9088 005:752.682 JLINK_WriteMem(0x020BEF70, 0xBB0 Bytes, ...)
T9088 005:752.784   Data:  44 F6 A0 40 C2 F2 0A 20 00 21 44 F6 88 4C 01 60 ...
T9088 005:752.875   completely In flash
T9088 005:752.927 - 0.246ms returns 0xBB0
T9088 005:755.404 JLINK_WriteMem(0x020BFB20, 0xA52 Bytes, ...)
T9088 005:755.480   Data:  20 28 20 28 20 28 20 70 78 44 65 6C 61 79 65 64 ...
T9088 005:755.540   completely In flash
T9088 005:755.587 - 0.184ms returns 0xA52
T9088 005:756.893 JLINK_ReadMem(0x02011DF6, 0x2 Bytes, ...)
T9088 005:756.979    -- Read from flash cache (2 bytes @ 0x02011DF6)
T9088 005:757.036   Data:  10 B5
T9088 005:757.093 - 0.202ms returns 0
T9088 005:781.583 JLINK_EndDownload()
T9088 005:782.167   CPU_ReadMem(4 bytes @ 0xE000ED90)
T9088 005:782.575   CPU_ReadMem(4 bytes @ 0xE000ED94)
T9088 005:783.552    -- --------------------------------------
T9088 005:783.625    -- Start of determining flash info (Bank @ 0x02000000)
T9088 005:783.925    -- End of determining flash info
T9088 005:784.015    -- Start of determining dirty areas in flash cache
T9088 005:784.085    -- Filling invalid ranges in sector buffer (flash cache) for sector @ 0x02000000 if necessary
T9088 005:784.136    -- Filling invalid ranges in sector buffer (flash cache) for sector @ 0x02000800 if necessary
T9088 005:784.187    -- Filling invalid ranges in sector buffer (flash cache) for sector @ 0x02001000 if necessary
T9088 005:784.235    -- Filling invalid ranges in sector buffer (flash cache) for sector @ 0x02001800 if necessary
T9088 005:784.295    -- Filling invalid ranges in sector buffer (flash cache) for sector @ 0x02002000 if necessary
T9088 005:784.346    -- Filling invalid ranges in sector buffer (flash cache) for sector @ 0x02002800 if necessary
T9088 005:784.393    -- Filling invalid ranges in sector buffer (flash cache) for sector @ 0x02003000 if necessary
T9088 005:784.443    -- Filling invalid ranges in sector buffer (flash cache) for sector @ 0x02003800 if necessary
T9088 005:784.493    -- Filling invalid ranges in sector buffer (flash cache) for sector @ 0x02004000 if necessary
T9088 005:784.544    -- Filling invalid ranges in sector buffer (flash cache) for sector @ 0x02004800 if necessary
T9088 005:784.594    -- Filling invalid ranges in sector buffer (flash cache) for sector @ 0x02005000 if necessary
T9088 005:784.641    -- Filling invalid ranges in sector buffer (flash cache) for sector @ 0x02005800 if necessary
T9088 005:784.688    -- Filling invalid ranges in sector buffer (flash cache) for sector @ 0x02006000 if necessary
T9088 005:784.751    -- Filling invalid ranges in sector buffer (flash cache) for sector @ 0x02006800 if necessary
T9088 005:784.809    -- Filling invalid ranges in sector buffer (flash cache) for sector @ 0x02007000 if necessary
T9088 005:784.866    -- Filling invalid ranges in sector buffer (flash cache) for sector @ 0x02007800 if necessary
T9088 005:784.919    -- Filling invalid ranges in sector buffer (flash cache) for sector @ 0x02008000 if necessary
T9088 005:784.975    -- Filling invalid ranges in sector buffer (flash cache) for sector @ 0x02008800 if necessary
T9088 005:785.031    -- Filling invalid ranges in sector buffer (flash cache) for sector @ 0x02009000 if necessary
T9088 005:785.084    -- Filling invalid ranges in sector buffer (flash cache) for sector @ 0x02009800 if necessary
T9088 005:785.139    -- Filling invalid ranges in sector buffer (flash cache) for sector @ 0x0200A000 if necessary
T9088 005:785.193    -- Filling invalid ranges in sector buffer (flash cache) for sector @ 0x0200A800 if necessary
T9088 005:785.244    -- Filling invalid ranges in sector buffer (flash cache) for sector @ 0x0200B000 if necessary
T9088 005:785.297    -- Filling invalid ranges in sector buffer (flash cache) for sector @ 0x0200B800 if necessary
T9088 005:785.399    -- Filling invalid ranges in sector buffer (flash cache) for sector @ 0x0200C000 if necessary
T9088 005:785.448    -- Filling invalid ranges in sector buffer (flash cache) for sector @ 0x0200C800 if necessary
T9088 005:785.550    -- Filling invalid ranges in sector buffer (flash cache) for sector @ 0x0200D000 if necessary
T9088 005:785.597    -- Filling invalid ranges in sector buffer (flash cache) for sector @ 0x0200D800 if necessary
T9088 005:785.640    -- Filling invalid ranges in sector buffer (flash cache) for sector @ 0x0200E000 if necessary
T9088 005:785.681    -- Filling invalid ranges in sector buffer (flash cache) for sector @ 0x0200E800 if necessary
T9088 005:785.728    -- Filling invalid ranges in sector buffer (flash cache) for sector @ 0x0200F000 if necessary
T9088 005:785.761    -- Filling invalid ranges in sector buffer (flash cache) for sector @ 0x0200F800 if necessary
T9088 005:785.795    -- Filling invalid ranges in sector buffer (flash cache) for sector @ 0x02010000 if necessary
T9088 005:785.836    -- Filling invalid ranges in sector buffer (flash cache) for sector @ 0x02010800 if necessary
T9088 005:785.873    -- Filling invalid ranges in sector buffer (flash cache) for sector @ 0x02011000 if necessary
T9088 005:785.915    -- Filling invalid ranges in sector buffer (flash cache) for sector @ 0x02011800 if necessary
T9088 005:785.947    -- Filling invalid ranges in sector buffer (flash cache) for sector @ 0x02012000 if necessary
T9088 005:785.981    -- Filling invalid ranges in sector buffer (flash cache) for sector @ 0x02012800 if necessary
T9088 005:786.010    -- Filling invalid ranges in sector buffer (flash cache) for sector @ 0x02013000 if necessary
T9088 005:786.049    -- Filling invalid ranges in sector buffer (flash cache) for sector @ 0x02013800 if necessary
T9088 005:786.089    -- Filling invalid ranges in sector buffer (flash cache) for sector @ 0x02014000 if necessary
T9088 005:786.129    -- Filling invalid ranges in sector buffer (flash cache) for sector @ 0x02014800 if necessary
T9088 005:786.169    -- Filling invalid ranges in sector buffer (flash cache) for sector @ 0x02015000 if necessary
T9088 005:786.206    -- Filling invalid ranges in sector buffer (flash cache) for sector @ 0x02015800 if necessary
T9088 005:786.261    -- Filling invalid ranges in sector buffer (flash cache) for sector @ 0x02016000 if necessary
T9088 005:786.305    -- Filling invalid ranges in sector buffer (flash cache) for sector @ 0x02016800 if necessary
T9088 005:786.346    -- Filling invalid ranges in sector buffer (flash cache) for sector @ 0x02017000 if necessary
T9088 005:786.390    -- Filling invalid ranges in sector buffer (flash cache) for sector @ 0x02017800 if necessary
T9088 005:786.430    -- Filling invalid ranges in sector buffer (flash cache) for sector @ 0x02018000 if necessary
T9088 005:786.471    -- Filling invalid ranges in sector buffer (flash cache) for sector @ 0x02018800 if necessary
T9088 005:786.514    -- Filling invalid ranges in sector buffer (flash cache) for sector @ 0x02019000 if necessary
T9088 005:786.560    -- Filling invalid ranges in sector buffer (flash cache) for sector @ 0x02019800 if necessary
T9088 005:786.603    -- Filling invalid ranges in sector buffer (flash cache) for sector @ 0x0201A000 if necessary
T9088 005:786.644    -- Filling invalid ranges in sector buffer (flash cache) for sector @ 0x0201A800 if necessary
T9088 005:786.686    -- Filling invalid ranges in sector buffer (flash cache) for sector @ 0x0201B000 if necessary
T9088 005:786.733    -- Filling invalid ranges in sector buffer (flash cache) for sector @ 0x0201B800 if necessary
T9088 005:786.775    -- Filling invalid ranges in sector buffer (flash cache) for sector @ 0x0201C000 if necessary
T9088 005:786.818    -- Filling invalid ranges in sector buffer (flash cache) for sector @ 0x0201C800 if necessary
T9088 005:786.854    -- Filling invalid ranges in sector buffer (flash cache) for sector @ 0x0201D000 if necessary
T9088 005:786.890    -- Filling invalid ranges in sector buffer (flash cache) for sector @ 0x0201D800 if necessary
T9088 005:786.927    -- Filling invalid ranges in sector buffer (flash cache) for sector @ 0x0201E000 if necessary
T9088 005:786.961    -- Filling invalid ranges in sector buffer (flash cache) for sector @ 0x0201E800 if necessary
T9088 005:787.005    -- Filling invalid ranges in sector buffer (flash cache) for sector @ 0x0201F000 if necessary
T9088 005:787.047    -- Filling invalid ranges in sector buffer (flash cache) for sector @ 0x0201F800 if necessary
T9088 005:787.086    -- Filling invalid ranges in sector buffer (flash cache) for sector @ 0x02020000 if necessary
T9088 005:787.128    -- Filling invalid ranges in sector buffer (flash cache) for sector @ 0x02020800 if necessary
T9088 005:787.160    -- Filling invalid ranges in sector buffer (flash cache) for sector @ 0x02021000 if necessary
T9088 005:787.191    -- Filling invalid ranges in sector buffer (flash cache) for sector @ 0x02021800 if necessary
T9088 005:787.221    -- Filling invalid ranges in sector buffer (flash cache) for sector @ 0x02022000 if necessary
T9088 005:787.252    -- Filling invalid ranges in sector buffer (flash cache) for sector @ 0x02022800 if necessary
T9088 005:787.292    -- Filling invalid ranges in sector buffer (flash cache) for sector @ 0x02023000 if necessary
T9088 005:787.343    -- Filling invalid ranges in sector buffer (flash cache) for sector @ 0x02023800 if necessary
T9088 005:787.383    -- Filling invalid ranges in sector buffer (flash cache) for sector @ 0x02024000 if necessary
T9088 005:787.419    -- Filling invalid ranges in sector buffer (flash cache) for sector @ 0x02024800 if necessary
T9088 005:787.459    -- Filling invalid ranges in sector buffer (flash cache) for sector @ 0x02025000 if necessary
T9088 005:787.498    -- Filling invalid ranges in sector buffer (flash cache) for sector @ 0x02025800 if necessary
T9088 005:787.535    -- Filling invalid ranges in sector buffer (flash cache) for sector @ 0x02026000 if necessary
T9088 005:787.578    -- Filling invalid ranges in sector buffer (flash cache) for sector @ 0x02026800 if necessary
T9088 005:787.613    -- Filling invalid ranges in sector buffer (flash cache) for sector @ 0x02027000 if necessary
T9088 005:787.653    -- Filling invalid ranges in sector buffer (flash cache) for sector @ 0x02027800 if necessary
T9088 005:787.698    -- Filling invalid ranges in sector buffer (flash cache) for sector @ 0x02028000 if necessary
T9088 005:787.740    -- Filling invalid ranges in sector buffer (flash cache) for sector @ 0x02028800 if necessary
T9088 005:787.783    -- Filling invalid ranges in sector buffer (flash cache) for sector @ 0x02029000 if necessary
T9088 005:787.821    -- Filling invalid ranges in sector buffer (flash cache) for sector @ 0x02029800 if necessary
T9088 005:787.870    -- Filling invalid ranges in sector buffer (flash cache) for sector @ 0x0202A000 if necessary
T9088 005:787.913    -- Filling invalid ranges in sector buffer (flash cache) for sector @ 0x0202A800 if necessary
T9088 005:787.956    -- Filling invalid ranges in sector buffer (flash cache) for sector @ 0x0202B000 if necessary
T9088 005:787.997    -- Filling invalid ranges in sector buffer (flash cache) for sector @ 0x0202B800 if necessary
T9088 005:788.034    -- Filling invalid ranges in sector buffer (flash cache) for sector @ 0x0202C000 if necessary
T9088 005:788.077    -- Filling invalid ranges in sector buffer (flash cache) for sector @ 0x0202C800 if necessary
T9088 005:788.116    -- Filling invalid ranges in sector buffer (flash cache) for sector @ 0x0202D000 if necessary
T9088 005:788.157    -- Filling invalid ranges in sector buffer (flash cache) for sector @ 0x0202D800 if necessary
T9088 005:788.200    -- Filling invalid ranges in sector buffer (flash cache) for sector @ 0x0202E000 if necessary
T9088 005:788.244    -- Filling invalid ranges in sector buffer (flash cache) for sector @ 0x0202E800 if necessary
T9088 005:788.284    -- Filling invalid ranges in sector buffer (flash cache) for sector @ 0x0202F000 if necessary
T9088 005:788.329    -- Filling invalid ranges in sector buffer (flash cache) for sector @ 0x0202F800 if necessary
T9088 005:788.367    -- Filling invalid ranges in sector buffer (flash cache) for sector @ 0x02030000 if necessary
T9088 005:788.409    -- Filling invalid ranges in sector buffer (flash cache) for sector @ 0x02030800 if necessary
T9088 005:788.448    -- Filling invalid ranges in sector buffer (flash cache) for sector @ 0x02031000 if necessary
T9088 005:788.492    -- Filling invalid ranges in sector buffer (flash cache) for sector @ 0x02031800 if necessary
T9088 005:788.533    -- Filling invalid ranges in sector buffer (flash cache) for sector @ 0x02032000 if necessary
T9088 005:788.580    -- Filling invalid ranges in sector buffer (flash cache) for sector @ 0x02032800 if necessary
T9088 005:788.627    -- Filling invalid ranges in sector buffer (flash cache) for sector @ 0x02033000 if necessary
T9088 005:788.671    -- Filling invalid ranges in sector buffer (flash cache) for sector @ 0x02033800 if necessary
T9088 005:788.724    -- Filling invalid ranges in sector buffer (flash cache) for sector @ 0x02034000 if necessary
T9088 005:788.768    -- Filling invalid ranges in sector buffer (flash cache) for sector @ 0x02034800 if necessary
T9088 005:788.823    -- Filling invalid ranges in sector buffer (flash cache) for sector @ 0x02035000 if necessary
T9088 005:788.871    -- Filling invalid ranges in sector buffer (flash cache) for sector @ 0x02035800 if necessary
T9088 005:788.912    -- Filling invalid ranges in sector buffer (flash cache) for sector @ 0x02036000 if necessary
T9088 005:788.954    -- Filling invalid ranges in sector buffer (flash cache) for sector @ 0x02036800 if necessary
T9088 005:788.999    -- Filling invalid ranges in sector buffer (flash cache) for sector @ 0x02037000 if necessary
T9088 005:789.043    -- Filling invalid ranges in sector buffer (flash cache) for sector @ 0x02037800 if necessary
T9088 005:789.087    -- Filling invalid ranges in sector buffer (flash cache) for sector @ 0x02038000 if necessary
T9088 005:789.130    -- Filling invalid ranges in sector buffer (flash cache) for sector @ 0x02038800 if necessary
T9088 005:789.175    -- Filling invalid ranges in sector buffer (flash cache) for sector @ 0x02039000 if necessary
T9088 005:789.220    -- Filling invalid ranges in sector buffer (flash cache) for sector @ 0x02039800 if necessary
T9088 005:789.266    -- Filling invalid ranges in sector buffer (flash cache) for sector @ 0x0203A000 if necessary
T9088 005:789.310    -- Filling invalid ranges in sector buffer (flash cache) for sector @ 0x0203A800 if necessary
T9088 005:789.355    -- Filling invalid ranges in sector buffer (flash cache) for sector @ 0x0203B000 if necessary
T9088 005:789.399    -- Filling invalid ranges in sector buffer (flash cache) for sector @ 0x0203B800 if necessary
T9088 005:789.443    -- Filling invalid ranges in sector buffer (flash cache) for sector @ 0x0203C000 if necessary
T9088 005:789.488    -- Filling invalid ranges in sector buffer (flash cache) for sector @ 0x0203C800 if necessary
T9088 005:789.530    -- Filling invalid ranges in sector buffer (flash cache) for sector @ 0x0203D000 if necessary
T9088 005:789.576    -- Filling invalid ranges in sector buffer (flash cache) for sector @ 0x0203D800 if necessary
T9088 005:789.629    -- Filling invalid ranges in sector buffer (flash cache) for sector @ 0x0203E000 if necessary
T9088 005:789.674    -- Filling invalid ranges in sector buffer (flash cache) for sector @ 0x0203E800 if necessary
T9088 005:789.723    -- Filling invalid ranges in sector buffer (flash cache) for sector @ 0x0203F000 if necessary
T9088 005:789.764    -- Filling invalid ranges in sector buffer (flash cache) for sector @ 0x0203F800 if necessary
T9088 005:789.813    -- Filling invalid ranges in sector buffer (flash cache) for sector @ 0x02040000 if necessary
T9088 005:789.865    -- Filling invalid ranges in sector buffer (flash cache) for sector @ 0x02040800 if necessary
T9088 005:789.908    -- Filling invalid ranges in sector buffer (flash cache) for sector @ 0x02041000 if necessary
T9088 005:789.949    -- Filling invalid ranges in sector buffer (flash cache) for sector @ 0x02041800 if necessary
T9088 005:789.993    -- Filling invalid ranges in sector buffer (flash cache) for sector @ 0x02042000 if necessary
T9088 005:790.037    -- Filling invalid ranges in sector buffer (flash cache) for sector @ 0x02042800 if necessary
T9088 005:790.081    -- Filling invalid ranges in sector buffer (flash cache) for sector @ 0x02043000 if necessary
T9088 005:790.121    -- Filling invalid ranges in sector buffer (flash cache) for sector @ 0x02043800 if necessary
T9088 005:790.163    -- Filling invalid ranges in sector buffer (flash cache) for sector @ 0x02044000 if necessary
T9088 005:790.203    -- Filling invalid ranges in sector buffer (flash cache) for sector @ 0x02044800 if necessary
T9088 005:790.245    -- Filling invalid ranges in sector buffer (flash cache) for sector @ 0x02045000 if necessary
T9088 005:790.286    -- Filling invalid ranges in sector buffer (flash cache) for sector @ 0x02045800 if necessary
T9088 005:790.327    -- Filling invalid ranges in sector buffer (flash cache) for sector @ 0x02046000 if necessary
T9088 005:790.377    -- Filling invalid ranges in sector buffer (flash cache) for sector @ 0x02046800 if necessary
T9088 005:790.419    -- Filling invalid ranges in sector buffer (flash cache) for sector @ 0x02047000 if necessary
T9088 005:790.459    -- Filling invalid ranges in sector buffer (flash cache) for sector @ 0x02047800 if necessary
T9088 005:790.503    -- Filling invalid ranges in sector buffer (flash cache) for sector @ 0x02048000 if necessary
T9088 005:790.543    -- Filling invalid ranges in sector buffer (flash cache) for sector @ 0x02048800 if necessary
T9088 005:790.586    -- Filling invalid ranges in sector buffer (flash cache) for sector @ 0x02049000 if necessary
T9088 005:790.626    -- Filling invalid ranges in sector buffer (flash cache) for sector @ 0x02049800 if necessary
T9088 005:790.668    -- Filling invalid ranges in sector buffer (flash cache) for sector @ 0x0204A000 if necessary
T9088 005:790.715    -- Filling invalid ranges in sector buffer (flash cache) for sector @ 0x0204A800 if necessary
T9088 005:790.757    -- Filling invalid ranges in sector buffer (flash cache) for sector @ 0x0204B000 if necessary
T9088 005:790.800    -- Filling invalid ranges in sector buffer (flash cache) for sector @ 0x0204B800 if necessary
T9088 005:790.844    -- Filling invalid ranges in sector buffer (flash cache) for sector @ 0x0204C000 if necessary
T9088 005:790.888    -- Filling invalid ranges in sector buffer (flash cache) for sector @ 0x0204C800 if necessary
T9088 005:790.929    -- Filling invalid ranges in sector buffer (flash cache) for sector @ 0x0204D000 if necessary
T9088 005:790.972    -- Filling invalid ranges in sector buffer (flash cache) for sector @ 0x0204D800 if necessary
T9088 005:791.013    -- Filling invalid ranges in sector buffer (flash cache) for sector @ 0x0204E000 if necessary
T9088 005:791.055    -- Filling invalid ranges in sector buffer (flash cache) for sector @ 0x0204E800 if necessary
T9088 005:791.097    -- Filling invalid ranges in sector buffer (flash cache) for sector @ 0x0204F000 if necessary
T9088 005:791.137    -- Filling invalid ranges in sector buffer (flash cache) for sector @ 0x0204F800 if necessary
T9088 005:791.175    -- Filling invalid ranges in sector buffer (flash cache) for sector @ 0x02050000 if necessary
T9088 005:791.215    -- Filling invalid ranges in sector buffer (flash cache) for sector @ 0x02050800 if necessary
T9088 005:791.247    -- Filling invalid ranges in sector buffer (flash cache) for sector @ 0x02051000 if necessary
T9088 005:791.278    -- Filling invalid ranges in sector buffer (flash cache) for sector @ 0x02051800 if necessary
T9088 005:791.309    -- Filling invalid ranges in sector buffer (flash cache) for sector @ 0x02052000 if necessary
T9088 005:791.350    -- Filling invalid ranges in sector buffer (flash cache) for sector @ 0x02052800 if necessary
T9088 005:791.390    -- Filling invalid ranges in sector buffer (flash cache) for sector @ 0x02053000 if necessary
T9088 005:791.435    -- Filling invalid ranges in sector buffer (flash cache) for sector @ 0x02053800 if necessary
T9088 005:791.467    -- Filling invalid ranges in sector buffer (flash cache) for sector @ 0x02054000 if necessary
T9088 005:791.501    -- Filling invalid ranges in sector buffer (flash cache) for sector @ 0x02054800 if necessary
T9088 005:791.534    -- Filling invalid ranges in sector buffer (flash cache) for sector @ 0x02055000 if necessary
T9088 005:791.565    -- Filling invalid ranges in sector buffer (flash cache) for sector @ 0x02055800 if necessary
T9088 005:791.597    -- Filling invalid ranges in sector buffer (flash cache) for sector @ 0x02056000 if necessary
T9088 005:791.629    -- Filling invalid ranges in sector buffer (flash cache) for sector @ 0x02056800 if necessary
T9088 005:791.661    -- Filling invalid ranges in sector buffer (flash cache) for sector @ 0x02057000 if necessary
T9088 005:791.701    -- Filling invalid ranges in sector buffer (flash cache) for sector @ 0x02057800 if necessary
T9088 005:791.741    -- Filling invalid ranges in sector buffer (flash cache) for sector @ 0x02058000 if necessary
T9088 005:791.775    -- Filling invalid ranges in sector buffer (flash cache) for sector @ 0x02058800 if necessary
T9088 005:791.809    -- Filling invalid ranges in sector buffer (flash cache) for sector @ 0x02059000 if necessary
T9088 005:791.841    -- Filling invalid ranges in sector buffer (flash cache) for sector @ 0x02059800 if necessary
T9088 005:791.873    -- Filling invalid ranges in sector buffer (flash cache) for sector @ 0x0205A000 if necessary
T9088 005:791.908    -- Filling invalid ranges in sector buffer (flash cache) for sector @ 0x0205A800 if necessary
T9088 005:791.940    -- Filling invalid ranges in sector buffer (flash cache) for sector @ 0x0205B000 if necessary
T9088 005:791.973    -- Filling invalid ranges in sector buffer (flash cache) for sector @ 0x0205B800 if necessary
T9088 005:792.003    -- Filling invalid ranges in sector buffer (flash cache) for sector @ 0x0205C000 if necessary
T9088 005:792.036    -- Filling invalid ranges in sector buffer (flash cache) for sector @ 0x0205C800 if necessary
T9088 005:792.069    -- Filling invalid ranges in sector buffer (flash cache) for sector @ 0x0205D000 if necessary
T9088 005:792.104    -- Filling invalid ranges in sector buffer (flash cache) for sector @ 0x0205D800 if necessary
T9088 005:792.135    -- Filling invalid ranges in sector buffer (flash cache) for sector @ 0x0205E000 if necessary
T9088 005:792.169    -- Filling invalid ranges in sector buffer (flash cache) for sector @ 0x0205E800 if necessary
T9088 005:792.202    -- Filling invalid ranges in sector buffer (flash cache) for sector @ 0x0205F000 if necessary
T9088 005:792.235    -- Filling invalid ranges in sector buffer (flash cache) for sector @ 0x0205F800 if necessary
T9088 005:792.268    -- Filling invalid ranges in sector buffer (flash cache) for sector @ 0x02060000 if necessary
T9088 005:792.300    -- Filling invalid ranges in sector buffer (flash cache) for sector @ 0x02060800 if necessary
T9088 005:792.332    -- Filling invalid ranges in sector buffer (flash cache) for sector @ 0x02061000 if necessary
T9088 005:792.365    -- Filling invalid ranges in sector buffer (flash cache) for sector @ 0x02061800 if necessary
T9088 005:792.397    -- Filling invalid ranges in sector buffer (flash cache) for sector @ 0x02062000 if necessary
T9088 005:792.430    -- Filling invalid ranges in sector buffer (flash cache) for sector @ 0x02062800 if necessary
T9088 005:792.462    -- Filling invalid ranges in sector buffer (flash cache) for sector @ 0x02063000 if necessary
T9088 005:792.493    -- Filling invalid ranges in sector buffer (flash cache) for sector @ 0x02063800 if necessary
T9088 005:792.527    -- Filling invalid ranges in sector buffer (flash cache) for sector @ 0x02064000 if necessary
T9088 005:792.559    -- Filling invalid ranges in sector buffer (flash cache) for sector @ 0x02064800 if necessary
T9088 005:792.591    -- Filling invalid ranges in sector buffer (flash cache) for sector @ 0x02065000 if necessary
T9088 005:792.622    -- Filling invalid ranges in sector buffer (flash cache) for sector @ 0x02065800 if necessary
T9088 005:792.652    -- Filling invalid ranges in sector buffer (flash cache) for sector @ 0x02066000 if necessary
T9088 005:792.688    -- Filling invalid ranges in sector buffer (flash cache) for sector @ 0x02066800 if necessary
T9088 005:792.728    -- Filling invalid ranges in sector buffer (flash cache) for sector @ 0x02067000 if necessary
T9088 005:792.760    -- Filling invalid ranges in sector buffer (flash cache) for sector @ 0x02067800 if necessary
T9088 005:792.793    -- Filling invalid ranges in sector buffer (flash cache) for sector @ 0x02068000 if necessary
T9088 005:792.831    -- Filling invalid ranges in sector buffer (flash cache) for sector @ 0x02068800 if necessary
T9088 005:792.868    -- Filling invalid ranges in sector buffer (flash cache) for sector @ 0x02069000 if necessary
T9088 005:792.905    -- Filling invalid ranges in sector buffer (flash cache) for sector @ 0x02069800 if necessary
T9088 005:792.949    -- Filling invalid ranges in sector buffer (flash cache) for sector @ 0x0206A000 if necessary
T9088 005:792.989    -- Filling invalid ranges in sector buffer (flash cache) for sector @ 0x0206A800 if necessary
T9088 005:793.026    -- Filling invalid ranges in sector buffer (flash cache) for sector @ 0x0206B000 if necessary
T9088 005:793.065    -- Filling invalid ranges in sector buffer (flash cache) for sector @ 0x0206B800 if necessary
T9088 005:793.103    -- Filling invalid ranges in sector buffer (flash cache) for sector @ 0x0206C000 if necessary
T9088 005:793.141    -- Filling invalid ranges in sector buffer (flash cache) for sector @ 0x0206C800 if necessary
T9088 005:793.180    -- Filling invalid ranges in sector buffer (flash cache) for sector @ 0x0206D000 if necessary
T9088 005:793.217    -- Filling invalid ranges in sector buffer (flash cache) for sector @ 0x0206D800 if necessary
T9088 005:793.256    -- Filling invalid ranges in sector buffer (flash cache) for sector @ 0x0206E000 if necessary
T9088 005:793.297    -- Filling invalid ranges in sector buffer (flash cache) for sector @ 0x0206E800 if necessary
T9088 005:793.340    -- Filling invalid ranges in sector buffer (flash cache) for sector @ 0x0206F000 if necessary
T9088 005:793.381    -- Filling invalid ranges in sector buffer (flash cache) for sector @ 0x0206F800 if necessary
T9088 005:793.421    -- Filling invalid ranges in sector buffer (flash cache) for sector @ 0x02070000 if necessary
T9088 005:793.461    -- Filling invalid ranges in sector buffer (flash cache) for sector @ 0x02070800 if necessary
T9088 005:793.501    -- Filling invalid ranges in sector buffer (flash cache) for sector @ 0x02071000 if necessary
T9088 005:793.542    -- Filling invalid ranges in sector buffer (flash cache) for sector @ 0x02071800 if necessary
T9088 005:793.582    -- Filling invalid ranges in sector buffer (flash cache) for sector @ 0x02072000 if necessary
T9088 005:793.623    -- Filling invalid ranges in sector buffer (flash cache) for sector @ 0x02072800 if necessary
T9088 005:793.663    -- Filling invalid ranges in sector buffer (flash cache) for sector @ 0x02073000 if necessary
T9088 005:793.707    -- Filling invalid ranges in sector buffer (flash cache) for sector @ 0x02073800 if necessary
T9088 005:793.746    -- Filling invalid ranges in sector buffer (flash cache) for sector @ 0x02074000 if necessary
T9088 005:793.785    -- Filling invalid ranges in sector buffer (flash cache) for sector @ 0x02074800 if necessary
T9088 005:793.825    -- Filling invalid ranges in sector buffer (flash cache) for sector @ 0x02075000 if necessary
T9088 005:793.865    -- Filling invalid ranges in sector buffer (flash cache) for sector @ 0x02075800 if necessary
T9088 005:793.905    -- Filling invalid ranges in sector buffer (flash cache) for sector @ 0x02076000 if necessary
T9088 005:793.946    -- Filling invalid ranges in sector buffer (flash cache) for sector @ 0x02076800 if necessary
T9088 005:793.985    -- Filling invalid ranges in sector buffer (flash cache) for sector @ 0x02077000 if necessary
T9088 005:794.027    -- Filling invalid ranges in sector buffer (flash cache) for sector @ 0x02077800 if necessary
T9088 005:794.069    -- Filling invalid ranges in sector buffer (flash cache) for sector @ 0x02078000 if necessary
T9088 005:794.101    -- Filling invalid ranges in sector buffer (flash cache) for sector @ 0x02078800 if necessary
T9088 005:794.135    -- Filling invalid ranges in sector buffer (flash cache) for sector @ 0x02079000 if necessary
T9088 005:794.170    -- Filling invalid ranges in sector buffer (flash cache) for sector @ 0x02079800 if necessary
T9088 005:794.205    -- Filling invalid ranges in sector buffer (flash cache) for sector @ 0x0207A000 if necessary
T9088 005:794.244    -- Filling invalid ranges in sector buffer (flash cache) for sector @ 0x0207A800 if necessary
T9088 005:794.277    -- Filling invalid ranges in sector buffer (flash cache) for sector @ 0x0207B000 if necessary
T9088 005:794.314    -- Filling invalid ranges in sector buffer (flash cache) for sector @ 0x0207B800 if necessary
T9088 005:794.350    -- Filling invalid ranges in sector buffer (flash cache) for sector @ 0x0207C000 if necessary
T9088 005:794.382    -- Filling invalid ranges in sector buffer (flash cache) for sector @ 0x0207C800 if necessary
T9088 005:794.417    -- Filling invalid ranges in sector buffer (flash cache) for sector @ 0x0207D000 if necessary
T9088 005:794.451    -- Filling invalid ranges in sector buffer (flash cache) for sector @ 0x0207D800 if necessary
T9088 005:794.486    -- Filling invalid ranges in sector buffer (flash cache) for sector @ 0x0207E000 if necessary
T9088 005:794.519    -- Filling invalid ranges in sector buffer (flash cache) for sector @ 0x0207E800 if necessary
T9088 005:794.552    -- Filling invalid ranges in sector buffer (flash cache) for sector @ 0x0207F000 if necessary
T9088 005:794.587    -- Filling invalid ranges in sector buffer (flash cache) for sector @ 0x0207F800 if necessary
T9088 005:794.622    -- Filling invalid ranges in sector buffer (flash cache) for sector @ 0x02080000 if necessary
T9088 005:794.656    -- Filling invalid ranges in sector buffer (flash cache) for sector @ 0x02080800 if necessary
T9088 005:794.698    -- Filling invalid ranges in sector buffer (flash cache) for sector @ 0x02081000 if necessary
T9088 005:794.739    -- Filling invalid ranges in sector buffer (flash cache) for sector @ 0x02081800 if necessary
T9088 005:794.781    -- Filling invalid ranges in sector buffer (flash cache) for sector @ 0x02082000 if necessary
T9088 005:794.817    -- Filling invalid ranges in sector buffer (flash cache) for sector @ 0x02082800 if necessary
T9088 005:794.851    -- Filling invalid ranges in sector buffer (flash cache) for sector @ 0x02083000 if necessary
T9088 005:794.889    -- Filling invalid ranges in sector buffer (flash cache) for sector @ 0x02083800 if necessary
T9088 005:794.926    -- Filling invalid ranges in sector buffer (flash cache) for sector @ 0x02084000 if necessary
T9088 005:794.964    -- Filling invalid ranges in sector buffer (flash cache) for sector @ 0x02084800 if necessary
T9088 005:795.005    -- Filling invalid ranges in sector buffer (flash cache) for sector @ 0x02085000 if necessary
T9088 005:795.049    -- Filling invalid ranges in sector buffer (flash cache) for sector @ 0x02085800 if necessary
T9088 005:795.087    -- Filling invalid ranges in sector buffer (flash cache) for sector @ 0x02086000 if necessary
T9088 005:795.127    -- Filling invalid ranges in sector buffer (flash cache) for sector @ 0x02086800 if necessary
T9088 005:795.169    -- Filling invalid ranges in sector buffer (flash cache) for sector @ 0x02087000 if necessary
T9088 005:795.209    -- Filling invalid ranges in sector buffer (flash cache) for sector @ 0x02087800 if necessary
T9088 005:795.249    -- Filling invalid ranges in sector buffer (flash cache) for sector @ 0x02088000 if necessary
T9088 005:795.291    -- Filling invalid ranges in sector buffer (flash cache) for sector @ 0x02088800 if necessary
T9088 005:795.329    -- Filling invalid ranges in sector buffer (flash cache) for sector @ 0x02089000 if necessary
T9088 005:795.362    -- Filling invalid ranges in sector buffer (flash cache) for sector @ 0x02089800 if necessary
T9088 005:795.395    -- Filling invalid ranges in sector buffer (flash cache) for sector @ 0x0208A000 if necessary
T9088 005:795.430    -- Filling invalid ranges in sector buffer (flash cache) for sector @ 0x0208A800 if necessary
T9088 005:795.465    -- Filling invalid ranges in sector buffer (flash cache) for sector @ 0x0208B000 if necessary
T9088 005:795.500    -- Filling invalid ranges in sector buffer (flash cache) for sector @ 0x0208B800 if necessary
T9088 005:795.538    -- Filling invalid ranges in sector buffer (flash cache) for sector @ 0x0208C000 if necessary
T9088 005:795.579    -- Filling invalid ranges in sector buffer (flash cache) for sector @ 0x0208C800 if necessary
T9088 005:795.625    -- Filling invalid ranges in sector buffer (flash cache) for sector @ 0x0208D000 if necessary
T9088 005:795.658    -- Filling invalid ranges in sector buffer (flash cache) for sector @ 0x0208D800 if necessary
T9088 005:795.703    -- Filling invalid ranges in sector buffer (flash cache) for sector @ 0x0208E000 if necessary
T9088 005:795.743    -- Filling invalid ranges in sector buffer (flash cache) for sector @ 0x0208E800 if necessary
T9088 005:795.783    -- Filling invalid ranges in sector buffer (flash cache) for sector @ 0x0208F000 if necessary
T9088 005:795.821    -- Filling invalid ranges in sector buffer (flash cache) for sector @ 0x0208F800 if necessary
T9088 005:795.863    -- Filling invalid ranges in sector buffer (flash cache) for sector @ 0x02090000 if necessary
T9088 005:795.905    -- Filling invalid ranges in sector buffer (flash cache) for sector @ 0x02090800 if necessary
T9088 005:795.939    -- Filling invalid ranges in sector buffer (flash cache) for sector @ 0x02091000 if necessary
T9088 005:795.973    -- Filling invalid ranges in sector buffer (flash cache) for sector @ 0x02091800 if necessary
T9088 005:796.007    -- Filling invalid ranges in sector buffer (flash cache) for sector @ 0x02092000 if necessary
T9088 005:796.045    -- Filling invalid ranges in sector buffer (flash cache) for sector @ 0x02092800 if necessary
T9088 005:796.078    -- Filling invalid ranges in sector buffer (flash cache) for sector @ 0x02093000 if necessary
T9088 005:796.109    -- Filling invalid ranges in sector buffer (flash cache) for sector @ 0x02093800 if necessary
T9088 005:796.143    -- Filling invalid ranges in sector buffer (flash cache) for sector @ 0x02094000 if necessary
T9088 005:796.177    -- Filling invalid ranges in sector buffer (flash cache) for sector @ 0x02094800 if necessary
T9088 005:796.208    -- Filling invalid ranges in sector buffer (flash cache) for sector @ 0x02095000 if necessary
T9088 005:796.242    -- Filling invalid ranges in sector buffer (flash cache) for sector @ 0x02095800 if necessary
T9088 005:796.273    -- Filling invalid ranges in sector buffer (flash cache) for sector @ 0x02096000 if necessary
T9088 005:796.309    -- Filling invalid ranges in sector buffer (flash cache) for sector @ 0x02096800 if necessary
T9088 005:796.345    -- Filling invalid ranges in sector buffer (flash cache) for sector @ 0x02097000 if necessary
T9088 005:796.378    -- Filling invalid ranges in sector buffer (flash cache) for sector @ 0x02097800 if necessary
T9088 005:796.413    -- Filling invalid ranges in sector buffer (flash cache) for sector @ 0x02098000 if necessary
T9088 005:796.445    -- Filling invalid ranges in sector buffer (flash cache) for sector @ 0x02098800 if necessary
T9088 005:796.479    -- Filling invalid ranges in sector buffer (flash cache) for sector @ 0x02099000 if necessary
T9088 005:796.512    -- Filling invalid ranges in sector buffer (flash cache) for sector @ 0x02099800 if necessary
T9088 005:796.545    -- Filling invalid ranges in sector buffer (flash cache) for sector @ 0x0209A000 if necessary
T9088 005:796.580    -- Filling invalid ranges in sector buffer (flash cache) for sector @ 0x0209A800 if necessary
T9088 005:796.613    -- Filling invalid ranges in sector buffer (flash cache) for sector @ 0x0209B000 if necessary
T9088 005:796.646    -- Filling invalid ranges in sector buffer (flash cache) for sector @ 0x0209B800 if necessary
T9088 005:796.679    -- Filling invalid ranges in sector buffer (flash cache) for sector @ 0x0209C000 if necessary
T9088 005:796.720    -- Filling invalid ranges in sector buffer (flash cache) for sector @ 0x0209C800 if necessary
T9088 005:796.754    -- Filling invalid ranges in sector buffer (flash cache) for sector @ 0x0209D000 if necessary
T9088 005:796.789    -- Filling invalid ranges in sector buffer (flash cache) for sector @ 0x0209D800 if necessary
T9088 005:796.821    -- Filling invalid ranges in sector buffer (flash cache) for sector @ 0x0209E000 if necessary
T9088 005:796.857    -- Filling invalid ranges in sector buffer (flash cache) for sector @ 0x0209E800 if necessary
T9088 005:796.897    -- Filling invalid ranges in sector buffer (flash cache) for sector @ 0x0209F000 if necessary
T9088 005:796.931    -- Filling invalid ranges in sector buffer (flash cache) for sector @ 0x0209F800 if necessary
T9088 005:796.969    -- Filling invalid ranges in sector buffer (flash cache) for sector @ 0x020A0000 if necessary
T9088 005:797.009    -- Filling invalid ranges in sector buffer (flash cache) for sector @ 0x020A0800 if necessary
T9088 005:797.047    -- Filling invalid ranges in sector buffer (flash cache) for sector @ 0x020A1000 if necessary
T9088 005:797.085    -- Filling invalid ranges in sector buffer (flash cache) for sector @ 0x020A1800 if necessary
T9088 005:797.121    -- Filling invalid ranges in sector buffer (flash cache) for sector @ 0x020A2000 if necessary
T9088 005:797.159    -- Filling invalid ranges in sector buffer (flash cache) for sector @ 0x020A2800 if necessary
T9088 005:797.195    -- Filling invalid ranges in sector buffer (flash cache) for sector @ 0x020A3000 if necessary
T9088 005:797.229    -- Filling invalid ranges in sector buffer (flash cache) for sector @ 0x020A3800 if necessary
T9088 005:797.263    -- Filling invalid ranges in sector buffer (flash cache) for sector @ 0x020A4000 if necessary
T9088 005:797.297    -- Filling invalid ranges in sector buffer (flash cache) for sector @ 0x020A4800 if necessary
T9088 005:797.328    -- Filling invalid ranges in sector buffer (flash cache) for sector @ 0x020A5000 if necessary
T9088 005:797.360    -- Filling invalid ranges in sector buffer (flash cache) for sector @ 0x020A5800 if necessary
T9088 005:797.393    -- Filling invalid ranges in sector buffer (flash cache) for sector @ 0x020A6000 if necessary
T9088 005:797.427    -- Filling invalid ranges in sector buffer (flash cache) for sector @ 0x020A6800 if necessary
T9088 005:797.459    -- Filling invalid ranges in sector buffer (flash cache) for sector @ 0x020A7000 if necessary
T9088 005:797.490    -- Filling invalid ranges in sector buffer (flash cache) for sector @ 0x020A7800 if necessary
T9088 005:797.523    -- Filling invalid ranges in sector buffer (flash cache) for sector @ 0x020A8000 if necessary
T9088 005:797.555    -- Filling invalid ranges in sector buffer (flash cache) for sector @ 0x020A8800 if necessary
T9088 005:797.587    -- Filling invalid ranges in sector buffer (flash cache) for sector @ 0x020A9000 if necessary
T9088 005:797.621    -- Filling invalid ranges in sector buffer (flash cache) for sector @ 0x020A9800 if necessary
T9088 005:797.650    -- Filling invalid ranges in sector buffer (flash cache) for sector @ 0x020AA000 if necessary
T9088 005:797.682    -- Filling invalid ranges in sector buffer (flash cache) for sector @ 0x020AA800 if necessary
T9088 005:797.721    -- Filling invalid ranges in sector buffer (flash cache) for sector @ 0x020AB000 if necessary
T9088 005:797.753    -- Filling invalid ranges in sector buffer (flash cache) for sector @ 0x020AB800 if necessary
T9088 005:797.785    -- Filling invalid ranges in sector buffer (flash cache) for sector @ 0x020AC000 if necessary
T9088 005:797.816    -- Filling invalid ranges in sector buffer (flash cache) for sector @ 0x020AC800 if necessary
T9088 005:797.850    -- Filling invalid ranges in sector buffer (flash cache) for sector @ 0x020AD000 if necessary
T9088 005:797.879    -- Filling invalid ranges in sector buffer (flash cache) for sector @ 0x020AD800 if necessary
T9088 005:797.911    -- Filling invalid ranges in sector buffer (flash cache) for sector @ 0x020AE000 if necessary
T9088 005:797.944    -- Filling invalid ranges in sector buffer (flash cache) for sector @ 0x020AE800 if necessary
T9088 005:797.975    -- Filling invalid ranges in sector buffer (flash cache) for sector @ 0x020AF000 if necessary
T9088 005:798.007    -- Filling invalid ranges in sector buffer (flash cache) for sector @ 0x020AF800 if necessary
T9088 005:798.041    -- Filling invalid ranges in sector buffer (flash cache) for sector @ 0x020B0000 if necessary
T9088 005:798.156    -- Filling invalid ranges in sector buffer (flash cache) for sector @ 0x020B0800 if necessary
T9088 005:798.189    -- Filling invalid ranges in sector buffer (flash cache) for sector @ 0x020B1000 if necessary
T9088 005:798.221    -- Filling invalid ranges in sector buffer (flash cache) for sector @ 0x020B1800 if necessary
T9088 005:798.278    -- Filling invalid ranges in sector buffer (flash cache) for sector @ 0x020B2000 if necessary
T9088 005:798.312    -- Filling invalid ranges in sector buffer (flash cache) for sector @ 0x020B2800 if necessary
T9088 005:798.344    -- Filling invalid ranges in sector buffer (flash cache) for sector @ 0x020B3000 if necessary
T9088 005:798.377    -- Filling invalid ranges in sector buffer (flash cache) for sector @ 0x020B3800 if necessary
T9088 005:798.409    -- Filling invalid ranges in sector buffer (flash cache) for sector @ 0x020B4000 if necessary
T9088 005:798.441    -- Filling invalid ranges in sector buffer (flash cache) for sector @ 0x020B4800 if necessary
T9088 005:798.473    -- Filling invalid ranges in sector buffer (flash cache) for sector @ 0x020B5000 if necessary
T9088 005:798.506    -- Filling invalid ranges in sector buffer (flash cache) for sector @ 0x020B5800 if necessary
T9088 005:798.541    -- Filling invalid ranges in sector buffer (flash cache) for sector @ 0x020B6000 if necessary
T9088 005:798.571    -- Filling invalid ranges in sector buffer (flash cache) for sector @ 0x020B6800 if necessary
T9088 005:798.607    -- Filling invalid ranges in sector buffer (flash cache) for sector @ 0x020B7000 if necessary
T9088 005:798.641    -- Filling invalid ranges in sector buffer (flash cache) for sector @ 0x020B7800 if necessary
T9088 005:798.677    -- Filling invalid ranges in sector buffer (flash cache) for sector @ 0x020B8000 if necessary
T9088 005:798.720    -- Filling invalid ranges in sector buffer (flash cache) for sector @ 0x020B8800 if necessary
T9088 005:798.751    -- Filling invalid ranges in sector buffer (flash cache) for sector @ 0x020B9000 if necessary
T9088 005:798.782    -- Filling invalid ranges in sector buffer (flash cache) for sector @ 0x020B9800 if necessary
T9088 005:798.812    -- Filling invalid ranges in sector buffer (flash cache) for sector @ 0x020BA000 if necessary
T9088 005:798.842    -- Filling invalid ranges in sector buffer (flash cache) for sector @ 0x020BA800 if necessary
T9088 005:798.873    -- Filling invalid ranges in sector buffer (flash cache) for sector @ 0x020BB000 if necessary
T9088 005:798.910    -- Filling invalid ranges in sector buffer (flash cache) for sector @ 0x020BC000 if necessary
T9088 005:798.941    -- Filling invalid ranges in sector buffer (flash cache) for sector @ 0x020BC800 if necessary
T9088 005:798.973    -- Filling invalid ranges in sector buffer (flash cache) for sector @ 0x020BD000 if necessary
T9088 005:799.006    -- Filling invalid ranges in sector buffer (flash cache) for sector @ 0x020BD800 if necessary
T9088 005:799.036    -- Filling invalid ranges in sector buffer (flash cache) for sector @ 0x020BE000 if necessary
T9088 005:799.065    -- Filling invalid ranges in sector buffer (flash cache) for sector @ 0x020BE800 if necessary
T9088 005:799.095    -- Filling invalid ranges in sector buffer (flash cache) for sector @ 0x020BF000 if necessary
T9088 005:799.124    -- Filling invalid ranges in sector buffer (flash cache) for sector @ 0x020BF800 if necessary
T9088 005:799.154    -- Filling invalid ranges in sector buffer (flash cache) for sector @ 0x020C0000 if necessary
T9088 005:799.256    -- End of determining dirty areas
T9088 005:799.287    -- Start of preparing flash programming
T9088 005:799.316    -- Preparing RAMCode
T9088 005:799.345    -- Calculating RAM usage
T9088 005:799.384    -- RAM usage = 19424 Bytes
T9088 005:799.421    -- Preserving CPU registers
T9088 005:800.397    -- Preparing memory
T9088 005:800.489    -- Preparing target
T9088 005:800.537    -- Preserving target RAM temporarily used for programming
T9088 005:911.825    -- Downloading RAMCode
T9088 005:941.879    -- Initializing RAMCode (InitType: 3 = Verify)
T9088 005:941.959    -- Executing SEGGER_FL_Prepare(3)
T9088 005:947.936    -- SEGGER_FL_Prepare() changed clock speed to 150000000Hz
T9088 005:948.001    -- End of preparing flash programming
T9088 005:997.375    -- CPU is running at 150000 kHz.
T9088 005:997.456    -- Start of comparing flash
T9088 005:997.485    -- CRC check was estimated as fastest method
T9088 006:524.202    -- Comparing range 0x2000000 - 0x201FFFF (64 Sectors, 128 KB), using single-block CRC calculation
T9088 006:599.634    -- CRC does not match, checking individual sectors
T9088 006:622.166    -- CRC does not match for sectors 0-15
T9088 006:640.926    -- CRC does not match for sectors 16-31
T9088 006:659.171    -- CRC does not match for sectors 32-47
T9088 006:681.211    -- CRC does not match for sectors 48-63
T9088 006:681.994    -- Comparing range 0x2020000 - 0x203FFFF (64 Sectors, 128 KB), using single-block CRC calculation
T9088 006:750.125    -- CRC does not match, checking individual sectors
T9088 006:769.933    -- CRC does not match for sectors 64-79
T9088 006:789.469    -- CRC does not match for sectors 80-95
T9088 006:808.809    -- CRC does not match for sectors 96-111
T9088 006:827.544    -- CRC does not match for sectors 112-127
T9088 006:828.026    -- Comparing range 0x2040000 - 0x205FFFF (64 Sectors, 128 KB), using single-block CRC calculation
T9088 006:892.558    -- CRC does not match, checking individual sectors
T9088 006:910.984    -- CRC does not match for sectors 128-143
T9088 006:929.952    -- CRC does not match for sectors 144-159
T9088 006:949.368    -- CRC does not match for sectors 160-175
T9088 006:968.937    -- CRC does not match for sectors 176-191
T9088 006:969.433    -- Comparing range 0x2060000 - 0x207FFFF (64 Sectors, 128 KB), using single-block CRC calculation
T9088 007:034.119    -- CRC does not match, checking individual sectors
T9088 007:055.301    -- CRC does not match for sectors 192-207
T9088 007:074.437    -- CRC does not match for sectors 208-223
T9088 007:092.877    -- CRC does not match for sectors 224-239
T9088 007:111.309    -- CRC does not match for sectors 240-255
T9088 007:111.865    -- Comparing range 0x2080000 - 0x209FFFF (64 Sectors, 128 KB), using single-block CRC calculation
T9088 007:182.277    -- CRC does not match, checking individual sectors
T9088 007:203.289    -- CRC does not match for sectors 256-271
T9088 007:222.850    -- CRC does not match for sectors 272-287
T9088 007:242.920    -- CRC does not match for sectors 288-303
T9088 007:262.427    -- CRC does not match for sectors 304-319
T9088 007:276.573    -- Comparing range 0x20A0000 - 0x20BB7FF (55 Sectors, 110 KB), using single-block CRC calculation
T9088 007:350.957    -- CRC does not match, checking individual sectors
T9088 007:370.450    -- CRC does not match for sectors 320-335
T9088 007:389.273    -- CRC does not match for sectors 336-351
T9088 007:408.098    -- CRC does not match for sectors 352-367
T9088 007:419.645    -- CRC does not match for sectors 368-374
T9088 007:420.341    -- Comparing range 0x20BC000 - 0x20C07FF (9 Sectors, 18 KB), using single-block CRC calculation
T9088 007:437.555    -- CRC does not match, checking individual sectors
T9088 007:451.945    -- CRC does not match for sectors 376-384
T9088 007:452.053    -- End of comparing flash
T9088 007:452.101    -- Start of erasing sectors
T9088 007:452.145    -- Erasing range 0x02000000 - 0x0201FFFF ( 64 Sectors, 128 KB)
T9088 007:704.006    -- Erasing range 0x02020000 - 0x0203FFFF ( 64 Sectors, 128 KB)
T9088 007:955.598    -- Erasing range 0x02040000 - 0x0205FFFF ( 64 Sectors, 128 KB)
T9088 008:206.320    -- Erasing range 0x02060000 - 0x0207FFFF ( 64 Sectors, 128 KB)
T9088 008:457.394    -- Erasing range 0x02080000 - 0x0209FFFF ( 64 Sectors, 128 KB)
T9088 008:708.422    -- Erasing range 0x020A0000 - 0x020BB7FF ( 55 Sectors, 110 KB)
T9088 008:932.911    -- Erasing range 0x020BC000 - 0x020C07FF (  9 Sectors, 18 KB)
T9088 008:975.208    -- End of erasing sectors
T9088 008:975.269    -- Start of flash programming
T9088 008:975.301    -- Programming range 0x02000000 - 0x02007FFF ( 16 Sectors, 32 KB)
T9088 009:227.106    -- Programming range 0x02008000 - 0x0200FFFF ( 16 Sectors, 32 KB)
T9088 009:484.632    -- Programming range 0x02010000 - 0x02017FFF ( 16 Sectors, 32 KB)
T9088 009:744.002    -- Programming range 0x02018000 - 0x0201FFFF ( 16 Sectors, 32 KB)
T9088 010:021.026    -- Programming range 0x02020000 - 0x02027FFF ( 16 Sectors, 32 KB)
T9088 010:267.860    -- Programming range 0x02028000 - 0x0202FFFF ( 16 Sectors, 32 KB)
T9088 010:519.498    -- Programming range 0x02030000 - 0x02037FFF ( 16 Sectors, 32 KB)
T9088 010:766.144    -- Programming range 0x02038000 - 0x0203FFFF ( 16 Sectors, 32 KB)
T9088 011:015.104    -- Programming range 0x02040000 - 0x02047FFF ( 16 Sectors, 32 KB)
T9088 011:266.516    -- Programming range 0x02048000 - 0x0204FFFF ( 16 Sectors, 32 KB)
T9088 011:510.749    -- Programming range 0x02050000 - 0x02057FFF ( 16 Sectors, 32 KB)
T9088 011:753.618    -- Programming range 0x02058000 - 0x0205FFFF ( 16 Sectors, 32 KB)
T9088 012:002.734    -- Programming range 0x02060000 - 0x02067FFF ( 16 Sectors, 32 KB)
T9088 012:240.655    -- Programming range 0x02068000 - 0x0206FFFF ( 16 Sectors, 32 KB)
T9088 012:497.892    -- Programming range 0x02070000 - 0x02077FFF ( 16 Sectors, 32 KB)
T9088 012:861.757    -- Programming range 0x02078000 - 0x0207FFFF ( 16 Sectors, 32 KB)
T9088 013:116.442    -- Programming range 0x02080000 - 0x02087FFF ( 16 Sectors, 32 KB)
T9088 013:375.512    -- Programming range 0x02088000 - 0x0208FFFF ( 16 Sectors, 32 KB)
T9088 013:703.901    -- Programming range 0x02090000 - 0x02097FFF ( 16 Sectors, 32 KB)
T9088 013:955.818    -- Programming range 0x02098000 - 0x0209FFFF ( 16 Sectors, 32 KB)
T9088 014:214.578    -- Programming range 0x020A0000 - 0x020A7FFF ( 16 Sectors, 32 KB)
T9088 014:592.706    -- Programming range 0x020A8000 - 0x020AFFFF ( 16 Sectors, 32 KB)
T9088 014:884.046    -- Programming range 0x020B0000 - 0x020B7FFF ( 16 Sectors, 32 KB)
T9088 015:164.731    -- Programming range 0x020B8000 - 0x020BB7FF (  7 Sectors, 14 KB)
T9088 015:294.266    -- Programming range 0x020BC000 - 0x020C07FF (  9 Sectors, 18 KB)
T9088 015:449.256    -- End of flash programming
T9088 015:449.341    -- 0x2000000 - 0x20BB7FF (375 Sectors, 750 KB)
T9088 015:449.381    -- 0x20BC000 - 0x20C07FF (  9 Sectors, 18 KB)
T9088 015:449.424    -- Start of verifying flash
T9088 015:449.466    -- Checksum calculation was estimated as fastest method
T9088 015:449.506    -- Checksum is not supported by this flash bank. Switched to read back method.
T9088 015:876.206    -- Checksum calculation was estimated as fastest method
T9088 015:876.282    -- Checksum is not supported by this flash bank. Switched to read back method.
T9088 015:894.402    -- End of verifying flash
T9088 015:894.494    -- Start of restoring
T9088 015:894.539    -- Executing SEGGER_FL_Restore()
T9088 015:902.093    -- Restoring target memory
T9088 016:002.213    -- Restoring CPU registers
T9088 016:002.730    -- End of restoring
T9088 016:002.858    -- Bank 0 @ 0x02000000: 2 ranges affected (786432 bytes)
T9088 016:002.904    -- Total: 10.203s (Prepare: 0.198s, Compare: 1.454s, Erase: 1.523s, Program: 6.492s, Verify: 0.426s, Restore: 0.108s)
T9088 016:003.018    -- Program speed: 118 KB/s
T9088 016:226.976 - 10445.410ms returns 786432 (0xC0000)
T9088 016:229.066 JLINK_WriteReg(R15 (PC), 0x0200DE80)
T9088 016:229.158 - 0.094ms returns 0
T9088 016:229.198 JLINK_WriteReg(XPSR, 0x01000000)
T9088 016:229.232 - 0.035ms returns 0
T9088 016:229.266 JLINK_WriteReg(R15 (PC), 0x020BDE6C)
T9088 016:229.296 - 0.031ms returns 0
T9088 016:229.350 JLINK_WriteMem(0x22090FA4, 0x4 Bytes, ...)
T9088 016:229.381   Data:  00 00 00 00
T9088 016:229.435   CPU_WriteMem(4 bytes @ 0x22090FA4)
T9088 016:230.168 - 0.817ms returns 0x4
T9088 016:230.240 JLINK_ReadMem(0x22090FA4, 0x4 Bytes, ...)
T9088 016:230.285   CPU_ReadMem(4 bytes @ 0x22090FA4)
T9088 016:230.973   Data:  00 00 00 00
T9088 016:231.038 - 0.798ms returns 0
T9088 016:231.082 JLINK_ReadMem(0x22090F80, 0x4 Bytes, ...)
T9088 016:231.120   CPU_ReadMem(4 bytes @ 0x22090F80)
T9088 016:231.806   Data:  EC C8 08 22
T9088 016:231.882 - 0.799ms returns 0
T9088 016:231.925 JLINK_ReadMem(0x020B8868, 0x4 Bytes, ...)
T9088 016:231.960    -- Read from flash cache (4 bytes @ 0x020B8868)
T9088 016:232.003   Data:  0F 00 00 00
T9088 016:232.045 - 0.119ms returns 0
T9088 016:233.544 JLINK_ResetPullsRESET(ON)
T9088 016:233.608 - 0.064ms 
T9088 016:233.642 JLINK_Halt()
T9088 016:234.029 - 0.385ms returns 0x00
T9088 016:234.099 JLINK_IsHalted()
T9088 016:234.131 - 0.031ms returns TRUE
T9088 016:234.158 JLINK_Reset()
T9088 016:234.197   ResetTarget() start
T9088 016:234.235    J-Link Script File: Executing ResetTarget()
T9088 016:234.275   CPU_ReadMem(4 bytes @ 0xE000ED44)
T9088 016:234.667   CPU_ReadMem(4 bytes @ 0xE000EE08)
T9088 016:235.083   CPU_WriteMem(4 bytes @ 0xE000EE08)
T9088 016:235.510   CPU_ReadMem(4 bytes @ 0xE000EE08)
T9088 016:235.923   Reset: ARMv8M core with Security Extension enabled detected. Switch to secure domain.
T9088 016:235.998   Reset: Halt core after reset via DEMCR.VC_CORERESET.
T9088 016:236.054   CPU_WriteMem(4 bytes @ 0xE000EDF0)
T9088 016:236.480   CPU_WriteMem(4 bytes @ 0xE000EDFC)
T9088 016:237.154   Reset: Reset device via AIRCR.SYSRESETREQ.
T9088 016:237.232   CPU_WriteMem(4 bytes @ 0xE000ED0C)
T9088 016:289.856   CPU_ReadMem(4 bytes @ 0xE000EDF0)
T9088 016:290.451   CPU_ReadMem(4 bytes @ 0xE000EDF0)
T9088 016:290.883   CPU_WriteMem(4 bytes @ 0xE000EDFC)
T9088 016:291.333   ResetTarget() end - Took 57.0ms
T9088 016:291.413   Device specific reset executed.
T9088 016:295.374   CPU_WriteMem(4 bytes @ 0xE0002000)
T9088 016:295.917   CPU_ReadMem(4 bytes @ 0xE000EDFC)
T9088 016:296.437   CPU_ReadMem(4 bytes @ 0xE0001000)
T9088 016:296.875   CPU_ReadMem(4 bytes @ 0xE000EE08)
T9088 016:297.304 - 63.143ms 
T9088 016:297.384 JLINK_SetEndian(ARM_ENDIAN_LITTLE)
T9088 016:297.414 - 0.031ms returns 0
T9088 016:298.464 JLINK_ReadMem(0x22090FA4, 0x4 Bytes, ...)
T9088 016:298.530   CPU_ReadMem(4 bytes @ 0x22090FA4)
T9088 016:299.230   Data:  00 00 00 00
T9088 016:299.290 - 0.825ms returns 0
T9088 016:299.331 JLINK_ReadMem(0x22090F80, 0x4 Bytes, ...)
T9088 016:299.366   CPU_ReadMem(4 bytes @ 0x22090F80)
T9088 016:300.026   Data:  EC C8 08 22
T9088 016:300.110 - 0.778ms returns 0
T9088 016:300.157 JLINK_ReadMem(0x020B8868, 0x4 Bytes, ...)
T9088 016:300.189    -- Read from flash cache (4 bytes @ 0x020B8868)
T9088 016:300.229   Data:  0F 00 00 00
T9088 016:300.270 - 0.113ms returns 0
T9088 016:320.467 JLINK_WriteMem(0x22090FA4, 0x4 Bytes, ...)
T9088 016:320.528   Data:  00 00 00 00
T9088 016:320.576   CPU_WriteMem(4 bytes @ 0x22090FA4)
T9088 016:321.314 - 0.846ms returns 0x4
T9088 016:321.360 JLINK_ReadMem(0x22090FA4, 0x4 Bytes, ...)
T9088 016:321.386   CPU_ReadMem(4 bytes @ 0x22090FA4)
T9088 016:322.067   Data:  00 00 00 00
T9088 016:322.144 - 0.783ms returns 0
T9088 016:322.186 JLINK_ReadMem(0x22090F80, 0x4 Bytes, ...)
T9088 016:322.224   CPU_ReadMem(4 bytes @ 0x22090F80)
T9088 016:322.922   Data:  EC C8 08 22
T9088 016:322.970 - 0.782ms returns 0
T9088 016:322.998 JLINK_ReadMem(0x020B8868, 0x4 Bytes, ...)
T9088 016:323.019    -- Read from flash cache (4 bytes @ 0x020B8868)
T9088 016:323.046   Data:  0F 00 00 00
T9088 016:323.072 - 0.073ms returns 0
T9088 016:325.262 JLINK_ReadMem(0x02011DF6, 0x2 Bytes, ...)
T9088 016:325.334    -- Read from flash cache (2 bytes @ 0x02011DF6)
T9088 016:325.376   Data:  10 B5
T9088 016:325.418 - 0.156ms returns 0
T9088 016:329.090 JLINK_ReadMem(0x22090FA4, 0x4 Bytes, ...)
T9088 016:329.166   CPU_ReadMem(4 bytes @ 0x22090FA4)
T9088 016:329.912   Data:  00 00 00 00
T9088 016:329.971 - 0.882ms returns 0
T9088 016:330.002 JLINK_ReadMem(0x22090F80, 0x4 Bytes, ...)
T9088 016:330.029   CPU_ReadMem(4 bytes @ 0x22090F80)
T9088 016:330.618   Data:  EC C8 08 22
T9088 016:330.670 - 0.669ms returns 0
T9088 016:330.701 JLINK_ReadMem(0x020B8868, 0x4 Bytes, ...)
T9088 016:330.723    -- Read from flash cache (4 bytes @ 0x020B8868)
T9088 016:330.749   Data:  0F 00 00 00
T9088 016:330.774 - 0.072ms returns 0
T9088 016:330.816 JLINK_ReadMem(0x22090FA4, 0x4 Bytes, ...)
T9088 016:330.840   CPU_ReadMem(4 bytes @ 0x22090FA4)
T9088 016:331.501   Data:  00 00 00 00
T9088 016:331.565 - 0.748ms returns 0
T9088 016:331.605 JLINK_ReadMem(0x22090F80, 0x4 Bytes, ...)
T9088 016:331.642   CPU_ReadMem(4 bytes @ 0x22090F80)
T9088 016:332.320   Data:  EC C8 08 22
T9088 016:332.371 - 0.766ms returns 0
T9088 016:332.411 JLINK_ReadMem(0x020B8868, 0x4 Bytes, ...)
T9088 016:332.442    -- Read from flash cache (4 bytes @ 0x020B8868)
T9088 016:332.482   Data:  0F 00 00 00
T9088 016:332.522 - 0.110ms returns 0
T9088 016:335.469 JLINK_ReadMem(0x020BDE6C, 0x4 Bytes, ...)
T9088 016:335.528    -- Read from flash cache (4 bytes @ 0x020BDE6C)
T9088 016:335.555   Data:  00 F0 06 F8
T9088 016:335.581 - 0.111ms returns 0
T9088 016:336.123 JLINK_ReadMem(0x020BDE6C, 0x2 Bytes, ...)
T9088 016:336.190    -- Read from flash cache (2 bytes @ 0x020BDE6C)
T9088 016:336.234   Data:  00 F0
T9088 016:336.274 - 0.152ms returns 0
T9088 016:358.642 JLINK_ReadMem(0x22090FA4, 0x4 Bytes, ...)
T9088 016:358.712   CPU_ReadMem(4 bytes @ 0x22090FA4)
T9088 016:359.432   Data:  00 00 00 00
T9088 016:359.488 - 0.847ms returns 0
T9088 016:359.523 JLINK_ReadMem(0x22090F80, 0x4 Bytes, ...)
T9088 016:359.550   CPU_ReadMem(4 bytes @ 0x22090F80)
T9088 016:360.194   Data:  EC C8 08 22
T9088 016:360.230 - 0.707ms returns 0
T9088 016:360.261 JLINK_ReadMem(0x020B8868, 0x4 Bytes, ...)
T9088 016:360.282    -- Read from flash cache (4 bytes @ 0x020B8868)
T9088 016:360.310   Data:  0F 00 00 00
T9088 016:360.336 - 0.075ms returns 0
T9088 016:360.373 JLINK_ReadMem(0x22090FA4, 0x4 Bytes, ...)
T9088 016:360.395   CPU_ReadMem(4 bytes @ 0x22090FA4)
T9088 016:360.995   Data:  00 00 00 00
T9088 016:361.096 - 0.713ms returns 0
T9088 016:361.160 JLINK_ReadMem(0x22090F80, 0x4 Bytes, ...)
T9088 016:361.187   CPU_ReadMem(4 bytes @ 0x22090F80)
T9088 016:361.784   Data:  EC C8 08 22
T9088 016:361.818 - 0.658ms returns 0
T9088 016:361.845 JLINK_ReadMem(0x020B8868, 0x4 Bytes, ...)
T9088 016:361.864    -- Read from flash cache (4 bytes @ 0x020B8868)
T9088 016:361.888   Data:  0F 00 00 00
T9088 016:361.914 - 0.068ms returns 0
T9088 016:362.958 JLINK_ReadMem(0x020BDE6C, 0x4 Bytes, ...)
T9088 016:363.011    -- Read from flash cache (4 bytes @ 0x020BDE6C)
T9088 016:363.038   Data:  00 F0 06 F8
T9088 016:363.066 - 0.106ms returns 0
T9088 016:363.442 JLINK_ReadMem(0x020BDE6C, 0x2 Bytes, ...)
T9088 016:363.480    -- Read from flash cache (2 bytes @ 0x020BDE6C)
T9088 016:363.506   Data:  00 F0
T9088 016:363.531 - 0.089ms returns 0
T9088 017:303.916 JLINK_GetNumBPUnits(Type = 0xFFFFFF00)
T9088 017:304.014 - 0.099ms returns 0x08
T9088 017:304.052 JLINK_GetNumWPUnits()
T9088 017:304.148 - 0.094ms returns 8
T9088 017:304.198 JLINK_GetNumBPUnits(Type = 0xFFFFFF00)
T9088 017:304.228 - 0.028ms returns 0x08
T9088 017:304.248 JLINK_GetNumWPUnits()
T9088 017:304.266 - 0.018ms returns 8
T9088 017:304.294 JLINK_GetNumBPUnits(Type = 0xFFFFFF00)
T9088 017:304.310 - 0.017ms returns 0x08
T9088 017:304.330 JLINK_GetNumWPUnits()
T9088 017:304.348 - 0.017ms returns 8
T9088 017:304.842 JLINK_SetBPEx(Addr = 0x02004AB0, Type = 0xFFFFFF00)
T9088 017:305.120 - 0.277ms returns 0x00000001
T9088 017:305.196 JLINK_ClrBPEx(BPHandle = 0x00000001)
T9088 017:305.620 - 0.422ms returns 0x00
T9088 017:323.936 JLINK_ReadMem(0x02004AB2, 0x2 Bytes, ...)
T9088 017:324.010    -- Read from flash cache (2 bytes @ 0x02004AB2)
T9088 017:324.052   Data:  4C F6
T9088 017:324.096 - 0.162ms returns 0
T9088 017:325.372 JLINK_SetBPEx(Addr = 0x02004AB2, Type = 0xFFFFFF00)
T9088 017:325.456 - 0.084ms returns 0x00000002
T9088 017:354.756 JLINK_ReadMem(0x22090FA4, 0x4 Bytes, ...)
T9088 017:354.860   CPU_ReadMem(4 bytes @ 0x22090FA4)
T9088 017:355.556   Data:  00 00 00 00
T9088 017:355.638 - 0.882ms returns 0
T9088 017:355.684 JLINK_ReadMem(0x22090F80, 0x4 Bytes, ...)
T9088 017:355.726   CPU_ReadMem(4 bytes @ 0x22090F80)
T9088 017:356.428   Data:  EC C8 08 22
T9088 017:356.522 - 0.837ms returns 0
T9088 017:356.558 JLINK_ReadMem(0x020B8868, 0x4 Bytes, ...)
T9088 017:356.584    -- Read from flash cache (4 bytes @ 0x020B8868)
T9088 017:356.612   Data:  0F 00 00 00
T9088 017:356.642 - 0.082ms returns 0
T9088 017:356.708 JLINK_ReadReg(XPSR)
T9088 017:356.734   CPU_ReadMem(4 bytes @ 0xE000EE08)
T9088 017:357.114 - 0.405ms returns 0x01000000
T9088 017:357.216 JLINK_ReadReg(MSP)
T9088 017:357.260 - 0.048ms returns 0x22005400
T9088 017:357.968 JLINK_ReadMem(0x22090FA4, 0x4 Bytes, ...)
T9088 017:358.032   CPU_ReadMem(4 bytes @ 0x22090FA4)
T9088 017:358.694   Data:  00 00 00 00
T9088 017:358.764 - 0.798ms returns 0
T9088 017:358.808 JLINK_ReadMem(0x22090F80, 0x4 Bytes, ...)
T9088 017:358.848   CPU_ReadMem(4 bytes @ 0x22090F80)
T9088 017:359.512   Data:  EC C8 08 22
T9088 017:359.608 - 0.799ms returns 0
T9088 017:359.642 JLINK_ReadMem(0x020B8868, 0x4 Bytes, ...)
T9088 017:359.664    -- Read from flash cache (4 bytes @ 0x020B8868)
T9088 017:359.692   Data:  0F 00 00 00
T9088 017:359.720 - 0.078ms returns 0
T9088 017:359.784 JLINK_ReadReg(XPSR)
T9088 017:359.810 - 0.026ms returns 0x01000000
T9088 017:359.834 JLINK_ReadReg(PSP)
T9088 017:359.852 - 0.019ms returns 0x00000000
T9088 017:360.522 JLINK_ReadMem(0x22090FA4, 0x4 Bytes, ...)
T9088 017:360.606   CPU_ReadMem(4 bytes @ 0x22090FA4)
T9088 017:361.312   Data:  00 00 00 00
T9088 017:361.388 - 0.866ms returns 0
T9088 017:361.436 JLINK_ReadMem(0x22090F80, 0x4 Bytes, ...)
T9088 017:361.480   CPU_ReadMem(4 bytes @ 0x22090F80)
T9088 017:362.166   Data:  EC C8 08 22
T9088 017:362.240 - 0.802ms returns 0
T9088 017:362.286 JLINK_ReadMem(0x020B8868, 0x4 Bytes, ...)
T9088 017:362.360    -- Read from flash cache (4 bytes @ 0x020B8868)
T9088 017:362.390   Data:  0F 00 00 00
T9088 017:362.418 - 0.132ms returns 0
T9088 017:362.492 JLINK_ReadReg(XPSR)
T9088 017:362.522 - 0.029ms returns 0x01000000
T9088 017:362.544 JLINK_ReadReg(MSP_S)
T9088 017:362.564 - 0.018ms returns 0x22005400
T9088 017:363.204 JLINK_ReadMem(0x22090FA4, 0x4 Bytes, ...)
T9088 017:363.296   CPU_ReadMem(4 bytes @ 0x22090FA4)
T9088 017:364.012   Data:  00 00 00 00
T9088 017:364.082 - 0.880ms returns 0
T9088 017:364.126 JLINK_ReadMem(0x22090F80, 0x4 Bytes, ...)
T9088 017:364.166   CPU_ReadMem(4 bytes @ 0x22090F80)
T9088 017:364.892   Data:  EC C8 08 22
T9088 017:364.958 - 0.831ms returns 0
T9088 017:365.002 JLINK_ReadMem(0x020B8868, 0x4 Bytes, ...)
T9088 017:365.036    -- Read from flash cache (4 bytes @ 0x020B8868)
T9088 017:365.076   Data:  0F 00 00 00
T9088 017:365.122 - 0.120ms returns 0
T9088 017:365.202 JLINK_ReadReg(XPSR)
T9088 017:365.244 - 0.041ms returns 0x01000000
T9088 017:365.278 JLINK_ReadReg(MSP_NS)
T9088 017:365.312 - 0.033ms returns 0x00000000
T9088 017:365.968 JLINK_ReadMem(0x22090FA4, 0x4 Bytes, ...)
T9088 017:366.052   CPU_ReadMem(4 bytes @ 0x22090FA4)
T9088 017:366.780   Data:  00 00 00 00
T9088 017:366.866 - 0.897ms returns 0
T9088 017:366.916 JLINK_ReadMem(0x22090F80, 0x4 Bytes, ...)
T9088 017:366.990   CPU_ReadMem(4 bytes @ 0x22090F80)
T9088 017:367.680   Data:  EC C8 08 22
T9088 017:367.756 - 0.841ms returns 0
T9088 017:367.804 JLINK_ReadMem(0x020B8868, 0x4 Bytes, ...)
T9088 017:367.842    -- Read from flash cache (4 bytes @ 0x020B8868)
T9088 017:367.884   Data:  0F 00 00 00
T9088 017:367.932 - 0.127ms returns 0
T9088 017:368.018 JLINK_ReadReg(XPSR)
T9088 017:368.058 - 0.039ms returns 0x01000000
T9088 017:368.090 JLINK_ReadReg(PSP_S)
T9088 017:368.118 - 0.029ms returns 0x00000000
T9088 017:368.774 JLINK_ReadMem(0x22090FA4, 0x4 Bytes, ...)
T9088 017:368.844   CPU_ReadMem(4 bytes @ 0x22090FA4)
T9088 017:369.536   Data:  00 00 00 00
T9088 017:369.606 - 0.834ms returns 0
T9088 017:369.652 JLINK_ReadMem(0x22090F80, 0x4 Bytes, ...)
T9088 017:369.692   CPU_ReadMem(4 bytes @ 0x22090F80)
T9088 017:370.436   Data:  EC C8 08 22
T9088 017:370.500 - 0.848ms returns 0
T9088 017:370.548 JLINK_ReadMem(0x020B8868, 0x4 Bytes, ...)
T9088 017:370.584    -- Read from flash cache (4 bytes @ 0x020B8868)
T9088 017:370.630   Data:  0F 00 00 00
T9088 017:370.676 - 0.127ms returns 0
T9088 017:370.764 JLINK_ReadReg(XPSR)
T9088 017:370.844 - 0.081ms returns 0x01000000
T9088 017:370.884 JLINK_ReadReg(PSP_NS)
T9088 017:370.904 - 0.020ms returns 0x00000000
T9088 017:376.312 JLINK_WriteMemEx(0x4000F054, 0x00000001 Bytes, Flags = 0x00000001)
T9088 017:376.384   Data:  01
T9088 017:376.876   CPU_WriteMem(1 bytes @ 0x4000F054)
T9088 017:377.642 - 1.329ms returns 0x1
T9088 017:377.708 JLINK_WriteMem(0x4000F055, 0x3 Bytes, ...)
T9088 017:377.730   Data:  00 00 00
T9088 017:377.774   CPU_WriteMem(3 bytes @ 0x4000F055)
T9088 017:378.896 - 1.188ms returns 0x3
T9088 017:380.004 JLINK_ReadMem(0x22090FA4, 0x4 Bytes, ...)
T9088 017:380.068   CPU_ReadMem(4 bytes @ 0x22090FA4)
T9088 017:380.704   Data:  00 00 00 00
T9088 017:380.780 - 0.777ms returns 0
T9088 017:380.846 JLINK_ReadMem(0x22090F80, 0x4 Bytes, ...)
T9088 017:380.934   CPU_ReadMem(4 bytes @ 0x22090F80)
T9088 017:381.610   Data:  EC C8 08 22
T9088 017:381.692 - 0.847ms returns 0
T9088 017:381.748 JLINK_ReadMem(0x020B8868, 0x4 Bytes, ...)
T9088 017:381.790    -- Read from flash cache (4 bytes @ 0x020B8868)
T9088 017:381.838   Data:  0F 00 00 00
T9088 017:381.890 - 0.141ms returns 0
T9088 017:381.986 JLINK_ReadRegs(NumRegs = 20)
T9088 017:382.064   
  R0 (0)        = 0x00                 R1 (1)        = 0x00                 R2 (2)        = 0x00                 R3 (3)        = 0x00              
  R4 (4)        = 0x00                 R5 (5)        = 0x00                 R6 (6)        = 0x00                 R7 (7)        = 0x00              
  R8 (8)        = 0x00                 R9 (9)        = 0x00                 R10 (10)      = 0x00                 R11 (11)      = 0x00              
  R12 (12)      = 0x00                 R13 (SP) (13) = 0x22005400           R14 (14)      = 0xFFFFFFFF           R15 (PC) (15) = 0x200DE80         
  XPSR (16)     = 0x1000000            MSPLIM (86)   = 0x00                 PSPLIM (87)   = 0x00                 CFBP (20)     = 0x00              
T9088 017:382.110 - 0.124ms returns 0x00
T9088 017:383.534 JLINK_ReadMem(0x0200DE80, 0x4 Bytes, ...)
T9088 017:383.598    -- Read from flash cache (4 bytes @ 0x0200DE80)
T9088 017:383.628   Data:  00 F0 0A F8
T9088 017:383.658 - 0.124ms returns 0
T9088 017:384.868 JLINK_ReadMem(0x22090FA4, 0x4 Bytes, ...)
T9088 017:384.958   CPU_ReadMem(4 bytes @ 0x22090FA4)
T9088 017:385.636   Data:  00 00 00 00
T9088 017:385.706 - 0.837ms returns 0
T9088 017:385.752 JLINK_ReadMem(0x22090F80, 0x4 Bytes, ...)
T9088 017:385.806   CPU_ReadMem(4 bytes @ 0x22090F80)
T9088 017:386.522   Data:  EC C8 08 22
T9088 017:386.594 - 0.840ms returns 0
T9088 017:386.640 JLINK_ReadMem(0x020B8868, 0x4 Bytes, ...)
T9088 017:386.674    -- Read from flash cache (4 bytes @ 0x020B8868)
T9088 017:386.712   Data:  0F 00 00 00
T9088 017:386.750 - 0.110ms returns 0
T9088 017:386.836 JLINK_ReadReg(XPSR)
T9088 017:386.876 - 0.037ms returns 0x01000000
T9088 017:386.906 JLINK_ReadReg(MSP_S)
T9088 017:386.934 - 0.028ms returns 0x22005400
T9088 017:387.596 JLINK_ReadMem(0x22090FA4, 0x4 Bytes, ...)
T9088 017:387.716   CPU_ReadMem(4 bytes @ 0x22090FA4)
T9088 017:388.456   Data:  00 00 00 00
T9088 017:388.506 - 0.909ms returns 0
T9088 017:388.538 JLINK_ReadMem(0x22090F80, 0x4 Bytes, ...)
T9088 017:388.566   CPU_ReadMem(4 bytes @ 0x22090F80)
T9088 017:389.244   Data:  EC C8 08 22
T9088 017:389.294 - 0.757ms returns 0
T9088 017:389.326 JLINK_ReadMem(0x020B8868, 0x4 Bytes, ...)
T9088 017:389.348    -- Read from flash cache (4 bytes @ 0x020B8868)
T9088 017:389.374   Data:  0F 00 00 00
T9088 017:389.402 - 0.075ms returns 0
T9088 017:389.466 JLINK_ReadReg(XPSR)
T9088 017:389.488 - 0.023ms returns 0x01000000
T9088 017:389.556 JLINK_ReadReg(MSP_NS)
T9088 017:389.574 - 0.019ms returns 0x00000000
T9088 017:390.154 JLINK_ReadMem(0x22090FA4, 0x4 Bytes, ...)
T9088 017:390.232   CPU_ReadMem(4 bytes @ 0x22090FA4)
T9088 017:390.922   Data:  00 00 00 00
T9088 017:390.992 - 0.840ms returns 0
T9088 017:391.038 JLINK_ReadMem(0x22090F80, 0x4 Bytes, ...)
T9088 017:391.080   CPU_ReadMem(4 bytes @ 0x22090F80)
T9088 017:391.762   Data:  EC C8 08 22
T9088 017:391.838 - 0.800ms returns 0
T9088 017:391.886 JLINK_ReadMem(0x020B8868, 0x4 Bytes, ...)
T9088 017:391.920    -- Read from flash cache (4 bytes @ 0x020B8868)
T9088 017:391.962   Data:  0F 00 00 00
T9088 017:392.004 - 0.116ms returns 0
T9088 017:392.088 JLINK_ReadReg(XPSR)
T9088 017:392.128 - 0.040ms returns 0x01000000
T9088 017:392.160 JLINK_ReadReg(PSP_S)
T9088 017:392.194 - 0.032ms returns 0x00000000
T9088 017:392.866 JLINK_ReadMem(0x22090FA4, 0x4 Bytes, ...)
T9088 017:392.944   CPU_ReadMem(4 bytes @ 0x22090FA4)
T9088 017:393.618   Data:  00 00 00 00
T9088 017:393.690 - 0.825ms returns 0
T9088 017:393.734 JLINK_ReadMem(0x22090F80, 0x4 Bytes, ...)
T9088 017:393.782   CPU_ReadMem(4 bytes @ 0x22090F80)
T9088 017:394.468   Data:  EC C8 08 22
T9088 017:394.542 - 0.808ms returns 0
T9088 017:394.588 JLINK_ReadMem(0x020B8868, 0x4 Bytes, ...)
T9088 017:394.624    -- Read from flash cache (4 bytes @ 0x020B8868)
T9088 017:394.668   Data:  0F 00 00 00
T9088 017:394.710 - 0.122ms returns 0
T9088 017:394.800 JLINK_ReadReg(XPSR)
T9088 017:394.846 - 0.046ms returns 0x01000000
T9088 017:394.882 JLINK_ReadReg(PSP_NS)
T9088 017:394.918 - 0.035ms returns 0x00000000
T9088 017:398.878 JLINK_WriteMemEx(0x4000F044, 0x00000004 Bytes, Flags = 0x00000004)
T9088 017:398.942   Data:  00 C0 0B 02
T9088 017:399.010   CPU_WriteMem(4 bytes @ 0x4000F044)
T9088 017:399.728 - 0.849ms returns 0x4
T9088 017:401.314 JLINK_ReadMem(0x22090FA4, 0x4 Bytes, ...)
T9088 017:401.378   CPU_ReadMem(4 bytes @ 0x22090FA4)
T9088 017:402.046   Data:  00 00 00 00
T9088 017:402.122 - 0.809ms returns 0
T9088 017:402.172 JLINK_ReadMem(0x22090F80, 0x4 Bytes, ...)
T9088 017:402.220   CPU_ReadMem(4 bytes @ 0x22090F80)
T9088 017:402.934   Data:  EC C8 08 22
T9088 017:403.020 - 0.849ms returns 0
T9088 017:403.078 JLINK_ReadMem(0x020B8868, 0x4 Bytes, ...)
T9088 017:403.118    -- Read from flash cache (4 bytes @ 0x020B8868)
T9088 017:403.166   Data:  0F 00 00 00
T9088 017:403.212 - 0.133ms returns 0
T9088 017:403.310 JLINK_ReadRegs(NumRegs = 20)
T9088 017:403.396   
  R0 (0)        = 0x00                 R1 (1)        = 0x00                 R2 (2)        = 0x00                 R3 (3)        = 0x00              
  R4 (4)        = 0x00                 R5 (5)        = 0x00                 R6 (6)        = 0x00                 R7 (7)        = 0x00              
  R8 (8)        = 0x00                 R9 (9)        = 0x00                 R10 (10)      = 0x00                 R11 (11)      = 0x00              
  R12 (12)      = 0x00                 R13 (SP) (13) = 0x22005400           R14 (14)      = 0xFFFFFFFF           R15 (PC) (15) = 0x200DE80         
  XPSR (16)     = 0x1000000            MSPLIM (86)   = 0x00                 PSPLIM (87)   = 0x00                 CFBP (20)     = 0x00              
T9088 017:403.450 - 0.138ms returns 0x00
T9088 017:404.364 JLINK_ReadMem(0x0200DE80, 0x4 Bytes, ...)
T9088 017:404.462    -- Read from flash cache (4 bytes @ 0x0200DE80)
T9088 017:404.508   Data:  00 F0 0A F8
T9088 017:404.560 - 0.199ms returns 0
T9088 017:405.222 JLINK_ReadMem(0x22090FA4, 0x4 Bytes, ...)
T9088 017:405.306   CPU_ReadMem(4 bytes @ 0x22090FA4)
T9088 017:406.012   Data:  00 00 00 00
T9088 017:406.086 - 0.871ms returns 0
T9088 017:406.134 JLINK_ReadMem(0x22090F80, 0x4 Bytes, ...)
T9088 017:406.176   CPU_ReadMem(4 bytes @ 0x22090F80)
T9088 017:406.904   Data:  EC C8 08 22
T9088 017:406.978 - 0.843ms returns 0
T9088 017:407.028 JLINK_ReadMem(0x020B8868, 0x4 Bytes, ...)
T9088 017:407.064    -- Read from flash cache (4 bytes @ 0x020B8868)
T9088 017:407.108   Data:  0F 00 00 00
T9088 017:407.148 - 0.121ms returns 0
T9088 017:407.292 JLINK_ReadReg(XPSR)
T9088 017:407.362 - 0.070ms returns 0x01000000
T9088 017:407.398 JLINK_ReadReg(MSP_S)
T9088 017:407.428 - 0.029ms returns 0x22005400
T9088 017:408.116 JLINK_ReadMem(0x22090FA4, 0x4 Bytes, ...)
T9088 017:408.196   CPU_ReadMem(4 bytes @ 0x22090FA4)
T9088 017:408.924   Data:  00 00 00 00
T9088 017:408.988 - 0.873ms returns 0
T9088 017:409.030 JLINK_ReadMem(0x22090F80, 0x4 Bytes, ...)
T9088 017:409.068   CPU_ReadMem(4 bytes @ 0x22090F80)
T9088 017:409.776   Data:  EC C8 08 22
T9088 017:409.834 - 0.804ms returns 0
T9088 017:409.876 JLINK_ReadMem(0x020B8868, 0x4 Bytes, ...)
T9088 017:409.910    -- Read from flash cache (4 bytes @ 0x020B8868)
T9088 017:409.954   Data:  0F 00 00 00
T9088 017:409.996 - 0.121ms returns 0
T9088 017:410.078 JLINK_ReadReg(XPSR)
T9088 017:410.118 - 0.040ms returns 0x01000000
T9088 017:410.156 JLINK_ReadReg(MSP_NS)
T9088 017:410.230 - 0.075ms returns 0x00000000
T9088 017:410.838 JLINK_ReadMem(0x22090FA4, 0x4 Bytes, ...)
T9088 017:410.904   CPU_ReadMem(4 bytes @ 0x22090FA4)
T9088 017:411.610   Data:  00 00 00 00
T9088 017:411.696 - 0.857ms returns 0
T9088 017:411.748 JLINK_ReadMem(0x22090F80, 0x4 Bytes, ...)
T9088 017:411.796   CPU_ReadMem(4 bytes @ 0x22090F80)
T9088 017:412.566   Data:  EC C8 08 22
T9088 017:412.672 - 0.924ms returns 0
T9088 017:412.740 JLINK_ReadMem(0x020B8868, 0x4 Bytes, ...)
T9088 017:412.780    -- Read from flash cache (4 bytes @ 0x020B8868)
T9088 017:412.824   Data:  0F 00 00 00
T9088 017:412.868 - 0.130ms returns 0
T9088 017:413.004 JLINK_ReadReg(XPSR)
T9088 017:413.056 - 0.053ms returns 0x01000000
T9088 017:413.092 JLINK_ReadReg(PSP_S)
T9088 017:413.128 - 0.034ms returns 0x00000000
T9088 017:414.284 JLINK_ReadMem(0x22090FA4, 0x4 Bytes, ...)
T9088 017:414.416   CPU_ReadMem(4 bytes @ 0x22090FA4)
T9088 017:415.252   Data:  00 00 00 00
T9088 017:415.332 - 1.050ms returns 0
T9088 017:415.384 JLINK_ReadMem(0x22090F80, 0x4 Bytes, ...)
T9088 017:415.432   CPU_ReadMem(4 bytes @ 0x22090F80)
T9088 017:416.146   Data:  EC C8 08 22
T9088 017:416.238 - 0.855ms returns 0
T9088 017:416.292 JLINK_ReadMem(0x020B8868, 0x4 Bytes, ...)
T9088 017:416.330    -- Read from flash cache (4 bytes @ 0x020B8868)
T9088 017:416.376   Data:  0F 00 00 00
T9088 017:416.434 - 0.142ms returns 0
T9088 017:416.574 JLINK_ReadReg(XPSR)
T9088 017:416.628 - 0.053ms returns 0x01000000
T9088 017:416.666 JLINK_ReadReg(PSP_NS)
T9088 017:416.698 - 0.033ms returns 0x00000000
T9088 017:422.132 JLINK_WriteMemEx(0x4000F064, 0x00000002 Bytes, Flags = 0x00000002)
T9088 017:422.226   Data:  01 A5
T9088 017:422.308   CPU_WriteMem(2 bytes @ 0x4000F064)
T9088 017:423.196 - 1.065ms returns 0x2
T9088 017:423.276 JLINK_WriteMem(0x4000F066, 0x2 Bytes, ...)
T9088 017:423.300   Data:  00 00
T9088 017:423.342   CPU_WriteMem(2 bytes @ 0x4000F066)
T9088 017:424.052 - 0.773ms returns 0x2
T9088 017:425.126 JLINK_ReadMem(0x22090FA4, 0x4 Bytes, ...)
T9088 017:425.224   CPU_ReadMem(4 bytes @ 0x22090FA4)
T9088 017:425.930   Data:  00 00 00 00
T9088 017:425.988 - 0.863ms returns 0
T9088 017:426.028 JLINK_ReadMem(0x22090F80, 0x4 Bytes, ...)
T9088 017:426.066   CPU_ReadMem(4 bytes @ 0x22090F80)
T9088 017:426.706   Data:  EC C8 08 22
T9088 017:426.822 - 0.792ms returns 0
T9088 017:427.828 JLINK_ReadMem(0x020B8868, 0x4 Bytes, ...)
T9088 017:427.894    -- Read from flash cache (4 bytes @ 0x020B8868)
T9088 017:427.924   Data:  0F 00 00 00
T9088 017:427.952 - 0.126ms returns 0
T9088 017:428.020 JLINK_ReadRegs(NumRegs = 20)
T9088 017:428.076   
  R0 (0)        = 0x00                 R1 (1)        = 0x00                 R2 (2)        = 0x00                 R3 (3)        = 0x00              
  R4 (4)        = 0x00                 R5 (5)        = 0x00                 R6 (6)        = 0x00                 R7 (7)        = 0x00              
  R8 (8)        = 0x00                 R9 (9)        = 0x00                 R10 (10)      = 0x00                 R11 (11)      = 0x00              
  R12 (12)      = 0x00                 R13 (SP) (13) = 0x22005400           R14 (14)      = 0xFFFFFFFF           R15 (PC) (15) = 0x200DE80         
  XPSR (16)     = 0x1000000            MSPLIM (86)   = 0x00                 PSPLIM (87)   = 0x00                 CFBP (20)     = 0x00              
T9088 017:428.112 - 0.090ms returns 0x00
T9088 017:428.902 JLINK_ReadMem(0x0200DE80, 0x4 Bytes, ...)
T9088 017:428.958    -- Read from flash cache (4 bytes @ 0x0200DE80)
T9088 017:428.988   Data:  00 F0 0A F8
T9088 017:429.020 - 0.116ms returns 0
T9088 017:429.528 JLINK_ReadMem(0x22090FA4, 0x4 Bytes, ...)
T9088 017:429.602   CPU_ReadMem(4 bytes @ 0x22090FA4)
T9088 017:430.356   Data:  00 00 00 00
T9088 017:430.404 - 0.877ms returns 0
T9088 017:430.436 JLINK_ReadMem(0x22090F80, 0x4 Bytes, ...)
T9088 017:430.466   CPU_ReadMem(4 bytes @ 0x22090F80)
T9088 017:431.108   Data:  EC C8 08 22
T9088 017:431.196 - 0.761ms returns 0
T9088 017:431.236 JLINK_ReadMem(0x020B8868, 0x4 Bytes, ...)
T9088 017:431.260    -- Read from flash cache (4 bytes @ 0x020B8868)
T9088 017:431.288   Data:  0F 00 00 00
T9088 017:431.316 - 0.082ms returns 0
T9088 017:431.382 JLINK_ReadReg(XPSR)
T9088 017:431.410 - 0.027ms returns 0x01000000
T9088 017:431.430 JLINK_ReadReg(MSP_S)
T9088 017:431.450 - 0.019ms returns 0x22005400
T9088 017:431.990 JLINK_ReadMem(0x22090FA4, 0x4 Bytes, ...)
T9088 017:432.054   CPU_ReadMem(4 bytes @ 0x22090FA4)
T9088 017:432.716   Data:  00 00 00 00
T9088 017:432.764 - 0.774ms returns 0
T9088 017:432.792 JLINK_ReadMem(0x22090F80, 0x4 Bytes, ...)
T9088 017:432.820   CPU_ReadMem(4 bytes @ 0x22090F80)
T9088 017:433.460   Data:  EC C8 08 22
T9088 017:433.518 - 0.726ms returns 0
T9088 017:433.554 JLINK_ReadMem(0x020B8868, 0x4 Bytes, ...)
T9088 017:433.580    -- Read from flash cache (4 bytes @ 0x020B8868)
T9088 017:433.610   Data:  0F 00 00 00
T9088 017:433.640 - 0.087ms returns 0
T9088 017:433.700 JLINK_ReadReg(XPSR)
T9088 017:433.724 - 0.025ms returns 0x01000000
T9088 017:433.748 JLINK_ReadReg(MSP_NS)
T9088 017:433.766 - 0.019ms returns 0x00000000
T9088 017:434.384 JLINK_ReadMem(0x22090FA4, 0x4 Bytes, ...)
T9088 017:434.436   CPU_ReadMem(4 bytes @ 0x22090FA4)
T9088 017:435.094   Data:  00 00 00 00
T9088 017:435.162 - 0.777ms returns 0
T9088 017:435.204 JLINK_ReadMem(0x22090F80, 0x4 Bytes, ...)
T9088 017:435.246   CPU_ReadMem(4 bytes @ 0x22090F80)
T9088 017:435.940   Data:  EC C8 08 22
T9088 017:436.024 - 0.822ms returns 0
T9088 017:436.078 JLINK_ReadMem(0x020B8868, 0x4 Bytes, ...)
T9088 017:436.116    -- Read from flash cache (4 bytes @ 0x020B8868)
T9088 017:436.160   Data:  0F 00 00 00
T9088 017:436.204 - 0.125ms returns 0
T9088 017:436.310 JLINK_ReadReg(XPSR)
T9088 017:436.354 - 0.044ms returns 0x01000000
T9088 017:436.388 JLINK_ReadReg(PSP_S)
T9088 017:436.422 - 0.034ms returns 0x00000000
T9088 017:437.084 JLINK_ReadMem(0x22090FA4, 0x4 Bytes, ...)
T9088 017:437.166   CPU_ReadMem(4 bytes @ 0x22090FA4)
T9088 017:437.888   Data:  00 00 00 00
T9088 017:437.956 - 0.873ms returns 0
T9088 017:437.996 JLINK_ReadMem(0x22090F80, 0x4 Bytes, ...)
T9088 017:438.032   CPU_ReadMem(4 bytes @ 0x22090F80)
T9088 017:438.676   Data:  EC C8 08 22
T9088 017:438.778 - 0.780ms returns 0
T9088 017:438.836 JLINK_ReadMem(0x020B8868, 0x4 Bytes, ...)
T9088 017:438.860    -- Read from flash cache (4 bytes @ 0x020B8868)
T9088 017:438.890   Data:  0F 00 00 00
T9088 017:438.916 - 0.080ms returns 0
T9088 017:438.980 JLINK_ReadReg(XPSR)
T9088 017:439.008 - 0.027ms returns 0x01000000
T9088 017:439.028 JLINK_ReadReg(PSP_NS)
T9088 017:439.050 - 0.019ms returns 0x00000000
T9088 017:557.962 JLINK_ReadMem(0x22090FA4, 0x4 Bytes, ...)
T9088 017:558.072   CPU_ReadMem(4 bytes @ 0x22090FA4)
T9088 017:558.924   Data:  00 00 00 00
T9088 017:559.018 - 1.056ms returns 0
T9088 017:559.076 JLINK_ReadMem(0x22090F80, 0x4 Bytes, ...)
T9088 017:559.130   CPU_ReadMem(4 bytes @ 0x22090F80)
T9088 017:559.860   Data:  EC C8 08 22
T9088 017:559.946 - 0.870ms returns 0
T9088 017:560.004 JLINK_ReadMem(0x020B8868, 0x4 Bytes, ...)
T9088 017:560.044    -- Read from flash cache (4 bytes @ 0x020B8868)
T9088 017:560.092   Data:  0F 00 00 00
T9088 017:560.138 - 0.133ms returns 0
T9088 017:561.538 JLINK_ReadMem(0x22090FA4, 0x4 Bytes, ...)
T9088 017:561.628   CPU_ReadMem(4 bytes @ 0x22090FA4)
T9088 017:562.464   Data:  00 00 00 00
T9088 017:562.544 - 1.008ms returns 0
T9088 017:562.594 JLINK_ReadMem(0x22090F80, 0x4 Bytes, ...)
T9088 017:562.638   CPU_ReadMem(4 bytes @ 0x22090F80)
T9088 017:563.372   Data:  EC C8 08 22
T9088 017:563.450 - 0.856ms returns 0
T9088 017:563.500 JLINK_ReadMem(0x020B8868, 0x4 Bytes, ...)
T9088 017:563.540    -- Read from flash cache (4 bytes @ 0x020B8868)
T9088 017:563.584   Data:  0F 00 00 00
T9088 017:563.628 - 0.127ms returns 0
T9088 017:563.712 JLINK_ReadRegs(NumRegs = 20)
T9088 017:563.786   
  R0 (0)        = 0x00                 R1 (1)        = 0x00                 R2 (2)        = 0x00                 R3 (3)        = 0x00              
  R4 (4)        = 0x00                 R5 (5)        = 0x00                 R6 (6)        = 0x00                 R7 (7)        = 0x00              
  R8 (8)        = 0x00                 R9 (9)        = 0x00                 R10 (10)      = 0x00                 R11 (11)      = 0x00              
  R12 (12)      = 0x00                 R13 (SP) (13) = 0x22005400           R14 (14)      = 0xFFFFFFFF           R15 (PC) (15) = 0x200DE80         
  XPSR (16)     = 0x1000000            MSPLIM (86)   = 0x00                 PSPLIM (87)   = 0x00                 CFBP (20)     = 0x00              
T9088 017:563.834 - 0.122ms returns 0x00
T9088 017:567.074 JLINK_ReadMem(0x22090FA4, 0x4 Bytes, ...)
T9088 017:567.168   CPU_ReadMem(4 bytes @ 0x22090FA4)
T9088 017:567.916   Data:  00 00 00 00
T9088 017:567.998 - 0.927ms returns 0
T9088 017:568.050 JLINK_ReadMem(0x22090F80, 0x4 Bytes, ...)
T9088 017:568.094   CPU_ReadMem(4 bytes @ 0x22090F80)
T9088 017:568.796   Data:  EC C8 08 22
T9088 017:568.876 - 0.827ms returns 0
T9088 017:568.932 JLINK_ReadMem(0x020B8868, 0x4 Bytes, ...)
T9088 017:568.972    -- Read from flash cache (4 bytes @ 0x020B8868)
T9088 017:569.020   Data:  0F 00 00 00
T9088 017:569.062 - 0.130ms returns 0
T9088 017:569.114 JLINK_ReadMem(0x22090FA4, 0x4 Bytes, ...)
T9088 017:569.162   CPU_ReadMem(4 bytes @ 0x22090FA4)
T9088 017:569.956   Data:  00 00 00 00
T9088 017:570.042 - 0.928ms returns 0
T9088 017:570.100 JLINK_ReadMem(0x22090F80, 0x4 Bytes, ...)
T9088 017:570.154   CPU_ReadMem(4 bytes @ 0x22090F80)
T9088 017:570.908   Data:  EC C8 08 22
T9088 017:570.986 - 0.885ms returns 0
T9088 017:571.038 JLINK_ReadMem(0x020B8868, 0x4 Bytes, ...)
T9088 017:571.078    -- Read from flash cache (4 bytes @ 0x020B8868)
T9088 017:571.124   Data:  0F 00 00 00
T9088 017:571.170 - 0.131ms returns 0
T9088 017:572.996 JLINK_ReadMem(0x0200DE80, 0x4 Bytes, ...)
T9088 017:573.090    -- Read from flash cache (4 bytes @ 0x0200DE80)
T9088 017:573.142   Data:  00 F0 0A F8
T9088 017:573.188 - 0.195ms returns 0
T3E8C 017:751.682 JLINK_GetNumBPUnits(Type = 0xFFFFFF00)
T3E8C 017:751.760 - 0.078ms returns 0x08
T3E8C 017:751.792 JLINK_GetNumWPUnits()
T3E8C 017:751.822 - 0.029ms returns 8
T3E8C 017:752.914 JLINK_GetNumBPUnits(Type = 0xFFFFFF00)
T3E8C 017:752.994 - 0.080ms returns 0x08
T3E8C 017:753.026 JLINK_GetNumWPUnits()
T3E8C 017:753.054 - 0.029ms returns 8
T3E8C 017:753.852 JLINK_GetNumBPUnits(Type = 0xFFFFFF00)
T3E8C 017:753.924 - 0.071ms returns 0x08
T3E8C 017:753.954 JLINK_GetNumWPUnits()
T3E8C 017:753.980 - 0.025ms returns 8
T3E8C 017:754.692 JLINK_GetNumBPUnits(Type = 0xFFFFFF00)
T3E8C 017:754.760 - 0.067ms returns 0x08
T3E8C 017:754.790 JLINK_GetNumWPUnits()
T3E8C 017:754.818 - 0.027ms returns 8
T3E8C 017:755.532 JLINK_GetNumBPUnits(Type = 0xFFFFFF00)
T3E8C 017:755.604 - 0.070ms returns 0x08
T3E8C 017:755.634 JLINK_GetNumWPUnits()
T3E8C 017:755.660 - 0.027ms returns 8
T3E8C 017:756.252 JLINK_GetNumBPUnits(Type = 0xFFFFFF00)
T3E8C 017:756.316 - 0.063ms returns 0x08
T3E8C 017:756.346 JLINK_GetNumWPUnits()
T3E8C 017:756.374 - 0.028ms returns 8
T3E8C 017:757.138 JLINK_GetNumBPUnits(Type = 0xFFFFFF00)
T3E8C 017:757.194 - 0.056ms returns 0x08
T3E8C 017:757.232 JLINK_GetNumWPUnits()
T3E8C 017:757.268 - 0.037ms returns 8
T3E8C 017:757.932 JLINK_GetNumBPUnits(Type = 0xFFFFFF00)
T3E8C 017:757.978 - 0.045ms returns 0x08
T3E8C 017:758.006 JLINK_GetNumWPUnits()
T3E8C 017:758.032 - 0.025ms returns 8
T3E8C 017:767.482 JLINK_ReadReg(XPSR)
T3E8C 017:767.580 - 0.097ms returns 0x01000000
T3E8C 017:767.618 JLINK_ReadReg(R15 (PC))
T3E8C 017:767.648 - 0.031ms returns 0x0200DE80
T9088 051:908.136 JLINK_ReadMem(0x22090FA4, 0x4 Bytes, ...)
T9088 051:908.216   CPU_ReadMem(4 bytes @ 0x22090FA4)
T9088 051:908.888   Data:  00 00 00 00
T9088 051:908.924 - 0.788ms returns 0
T9088 051:908.948 JLINK_ReadMem(0x22090F80, 0x4 Bytes, ...)
T9088 051:908.964   CPU_ReadMem(4 bytes @ 0x22090F80)
T9088 051:909.584   Data:  EC C8 08 22
T9088 051:909.624 - 0.675ms returns 0
T9088 051:909.640 JLINK_ReadMem(0x020B8868, 0x4 Bytes, ...)
T9088 051:909.656    -- Read from flash cache (4 bytes @ 0x020B8868)
T9088 051:909.676   Data:  0F 00 00 00
T9088 051:909.692 - 0.051ms returns 0
T9088 051:909.716 JLINK_ReadMem(0x22090FA4, 0x4 Bytes, ...)
T9088 051:909.732   CPU_ReadMem(4 bytes @ 0x22090FA4)
T9088 051:910.376   Data:  00 00 00 00
T9088 051:910.408 - 0.695ms returns 0
T9088 051:910.428 JLINK_ReadMem(0x22090F80, 0x4 Bytes, ...)
T9088 051:910.444   CPU_ReadMem(4 bytes @ 0x22090F80)
T9088 051:911.052   Data:  EC C8 08 22
T9088 051:911.076 - 0.648ms returns 0
T9088 051:911.096 JLINK_ReadMem(0x020B8868, 0x4 Bytes, ...)
T9088 051:911.112    -- Read from flash cache (4 bytes @ 0x020B8868)
T9088 051:911.128   Data:  0F 00 00 00
T9088 051:911.144 - 0.048ms returns 0
T9088 051:912.148 JLINK_ReadMem(0x0200DE80, 0x4 Bytes, ...)
T9088 051:912.180    -- Read from flash cache (4 bytes @ 0x0200DE80)
T9088 051:912.200   Data:  00 F0 0A F8
T9088 051:912.216 - 0.071ms returns 0
T9088 109:676.240 JLINK_ReadMem(0x22090FA4, 0x4 Bytes, ...)
T9088 109:676.328   CPU_ReadMem(4 bytes @ 0x22090FA4)
T9088 109:676.992   Data:  00 00 00 00
T9088 109:677.032 - 0.789ms returns 0
T9088 109:677.056 JLINK_ReadMem(0x22090F80, 0x4 Bytes, ...)
T9088 109:677.072   CPU_ReadMem(4 bytes @ 0x22090F80)
T9088 109:677.784   Data:  EC C8 08 22
T9088 109:677.840 - 0.780ms returns 0
T9088 109:677.848 JLINK_ReadMem(0x020B8868, 0x4 Bytes, ...)
T9088 109:677.872    -- Read from flash cache (4 bytes @ 0x020B8868)
T9088 109:677.888   Data:  0F 00 00 00
T9088 109:677.912 - 0.055ms returns 0
T9088 109:677.928 JLINK_ReadMem(0x22090FA4, 0x4 Bytes, ...)
T9088 109:677.952   CPU_ReadMem(4 bytes @ 0x22090FA4)
T9088 109:678.592   Data:  00 00 00 00
T9088 109:678.616 - 0.683ms returns 0
T9088 109:678.632 JLINK_ReadMem(0x22090F80, 0x4 Bytes, ...)
T9088 109:678.640   CPU_ReadMem(4 bytes @ 0x22090F80)
T9088 109:679.208   Data:  EC C8 08 22
T9088 109:679.248 - 0.617ms returns 0
T9088 109:679.272 JLINK_ReadMem(0x020B8868, 0x4 Bytes, ...)
T9088 109:679.280    -- Read from flash cache (4 bytes @ 0x020B8868)
T9088 109:679.312   Data:  0F 00 00 00
T9088 109:679.320 - 0.053ms returns 0
T9088 109:680.832 JLINK_ReadMem(0x22090FA4, 0x4 Bytes, ...)
T9088 109:680.872   CPU_ReadMem(4 bytes @ 0x22090FA4)
T9088 109:681.520   Data:  00 00 00 00
T9088 109:681.560 - 0.729ms returns 0
T9088 109:681.576 JLINK_ReadMem(0x22090F80, 0x4 Bytes, ...)
T9088 109:681.600   CPU_ReadMem(4 bytes @ 0x22090F80)
T9088 109:682.256   Data:  EC C8 08 22
T9088 109:682.280 - 0.703ms returns 0
T9088 109:682.304 JLINK_ReadMem(0x020B8868, 0x4 Bytes, ...)
T9088 109:682.320    -- Read from flash cache (4 bytes @ 0x020B8868)
T9088 109:682.344   Data:  0F 00 00 00
T9088 109:682.352 - 0.054ms returns 0
T9088 109:682.384 JLINK_ReadMem(0x22090FA4, 0x4 Bytes, ...)
T9088 109:682.392   CPU_ReadMem(4 bytes @ 0x22090FA4)
T9088 109:683.088   Data:  00 00 00 00
T9088 109:683.112 - 0.737ms returns 0
T9088 109:683.152 JLINK_ReadMem(0x22090F80, 0x4 Bytes, ...)
T9088 109:683.160   CPU_ReadMem(4 bytes @ 0x22090F80)
T9088 109:683.760   Data:  EC C8 08 22
T9088 109:683.792 - 0.648ms returns 0
T9088 109:683.816 JLINK_ReadMem(0x020B8868, 0x4 Bytes, ...)
T9088 109:683.824    -- Read from flash cache (4 bytes @ 0x020B8868)
T9088 109:683.856   Data:  0F 00 00 00
T9088 109:683.880 - 0.060ms returns 0
T9088 110:511.400 JLINK_ReadMem(0x22090FA4, 0x4 Bytes, ...)
T9088 110:511.464   CPU_ReadMem(4 bytes @ 0x22090FA4)
T9088 110:512.088   Data:  00 00 00 00
T9088 110:512.152 - 0.756ms returns 0
T9088 110:512.192 JLINK_ReadMem(0x22090F80, 0x4 Bytes, ...)
T9088 110:512.216   CPU_ReadMem(4 bytes @ 0x22090F80)
T9088 110:512.896   Data:  EC C8 08 22
T9088 110:512.944 - 0.763ms returns 0
T9088 110:512.984 JLINK_ReadMem(0x020B8868, 0x4 Bytes, ...)
T9088 110:513.008    -- Read from flash cache (4 bytes @ 0x020B8868)
T9088 110:513.048   Data:  0F 00 00 00
T9088 110:513.072 - 0.092ms returns 0
T9088 110:513.392 JLINK_IsHalted()
T9088 110:513.776 - 0.381ms returns TRUE
T9088 110:513.816 JLINK_GoEx(MaxEmulInsts = 0, Flags = 0x01)
T9088 110:513.840   CPU_WriteMem(4 bytes @ 0xE0002000)
T9088 110:514.256   CPU_ReadMem(4 bytes @ 0xE0001000)
T9088 110:514.624   CPU_WriteMem(4 bytes @ 0xE0002008)
T9088 110:514.672   CPU_WriteMem(4 bytes @ 0xE000200C)
T9088 110:514.704   CPU_WriteMem(4 bytes @ 0xE0002010)
T9088 110:514.736   CPU_WriteMem(4 bytes @ 0xE0002014)
T9088 110:514.768   CPU_WriteMem(4 bytes @ 0xE0002018)
T9088 110:514.800   CPU_WriteMem(4 bytes @ 0xE000201C)
T9088 110:514.840   CPU_WriteMem(4 bytes @ 0xE0002020)
T9088 110:514.864   CPU_WriteMem(4 bytes @ 0xE0002024)
T9088 110:516.464   CPU_WriteMem(4 bytes @ 0xE0001004)
T9088 110:517.656   Memory map 'after startup completion point' is active
T9088 110:517.712 - 3.898ms 
T9088 110:617.240 JLINK_IsHalted()
T9088 110:620.760 - 3.516ms returns TRUE
T9088 110:620.800 JLINK_ReadReg(XPSR)
T9088 110:620.816   CPU_ReadMem(4 bytes @ 0xE000EE08)
T9088 110:621.200 - 0.396ms returns 0x41000000
T9088 110:621.224 JLINK_ReadReg(R15 (PC))
T9088 110:621.248 - 0.015ms returns 0x02004AB2
T9088 110:621.264 JLINK_ReadReg(XPSR)
T9088 110:621.272 - 0.013ms returns 0x41000000
T9088 110:621.912 JLINK_ReadReg(XPSR)
T9088 110:621.968 - 0.057ms returns 0x41000000
T9088 110:621.976 JLINK_ReadReg(R15 (PC))
T9088 110:621.992 - 0.013ms returns 0x02004AB2
T9088 110:622.016 JLINK_ReadReg(XPSR)
T9088 110:622.032 - 0.013ms returns 0x41000000
T9088 110:622.040 JLINK_ReadReg(XPSR)
T9088 110:622.056 - 0.011ms returns 0x41000000
T9088 110:622.064 JLINK_ReadMem(0x02004AB2, 0x1 Bytes, ...)
T9088 110:622.080    -- Read from flash cache (1 bytes @ 0x02004AB2)
T9088 110:622.096   Data:  4C
T9088 110:622.120 - 0.051ms returns 0
T9088 110:622.128 JLINK_IsHalted()
T9088 110:622.144 - 0.012ms returns TRUE
T9088 110:622.160 JLINK_ReadReg(XPSR)
T9088 110:622.168 - 0.012ms returns 0x41000000
T9088 110:622.184 JLINK_ReadReg(XPSR)
T9088 110:622.192 - 0.012ms returns 0x41000000
T9088 110:622.208 JLINK_ReadReg(R15 (PC))
T9088 110:622.224 - 0.012ms returns 0x02004AB2
T9088 110:622.232 JLINK_ReadReg(XPSR)
T9088 110:622.248 - 0.014ms returns 0x41000000
T9088 110:622.256 JLINK_ReadReg(XPSR)
T9088 110:622.272 - 0.012ms returns 0x41000000
T9088 110:622.296 JLINK_ReadMem(0x02004AB2, 0x1 Bytes, ...)
T9088 110:622.312    -- Read from flash cache (1 bytes @ 0x02004AB2)
T9088 110:622.320   Data:  4C
T9088 110:622.336 - 0.047ms returns 0
T9088 110:622.416 JLINK_IsHalted()
T9088 110:622.440 - 0.014ms returns TRUE
T9088 110:622.448 JLINK_ReadReg(XPSR)
T9088 110:622.464 - 0.012ms returns 0x41000000
T9088 110:622.480 JLINK_ReadReg(R15 (PC))
T9088 110:622.488 - 0.012ms returns 0x02004AB2
T9088 110:622.504 JLINK_ReadReg(XPSR)
T9088 110:622.512 - 0.012ms returns 0x41000000
T9088 110:622.528 JLINK_ReadReg(XPSR)
T9088 110:622.544 - 0.013ms returns 0x41000000
T9088 110:622.552 JLINK_ReadReg(R15 (PC))
T9088 110:622.568 - 0.013ms returns 0x02004AB2
T9088 110:622.576 JLINK_ReadReg(XPSR)
T9088 110:622.592 - 0.011ms returns 0x41000000
T9088 110:622.608 JLINK_ReadReg(XPSR)
T9088 110:622.616 - 0.012ms returns 0x41000000
T9088 110:622.632 JLINK_ReadMem(0x02004AB2, 0x1 Bytes, ...)
T9088 110:622.640    -- Read from flash cache (1 bytes @ 0x02004AB2)
T9088 110:622.656   Data:  4C
T9088 110:622.680 - 0.052ms returns 0
T9088 110:622.696 JLINK_IsHalted()
T9088 110:622.704 - 0.011ms returns TRUE
T9088 110:622.720 JLINK_ReadReg(XPSR)
T9088 110:622.736 - 0.011ms returns 0x41000000
T9088 110:622.744 JLINK_ReadReg(XPSR)
T9088 110:622.760 - 0.011ms returns 0x41000000
T9088 110:622.768 JLINK_ReadReg(R15 (PC))
T9088 110:622.784 - 0.011ms returns 0x02004AB2
T9088 110:622.800 JLINK_ReadReg(XPSR)
T9088 110:622.800 - 0.011ms returns 0x41000000
T9088 110:622.808 JLINK_ReadReg(XPSR)
T9088 110:622.824 - 0.011ms returns 0x41000000
T9088 110:622.832 JLINK_ReadMem(0x02004AB2, 0x1 Bytes, ...)
T9088 110:622.848    -- Read from flash cache (1 bytes @ 0x02004AB2)
T9088 110:622.872   Data:  4C
T9088 110:622.888 - 0.046ms returns 0
T9088 110:622.912 JLINK_ReadMem(0x22090FA4, 0x4 Bytes, ...)
T9088 110:622.928   CPU_ReadMem(4 bytes @ 0x22090FA4)
T9088 110:623.576   Data:  00 00 00 00
T9088 110:623.600 - 0.701ms returns 0
T9088 110:623.632 JLINK_ReadMem(0x22090F80, 0x4 Bytes, ...)
T9088 110:623.656   CPU_ReadMem(4 bytes @ 0x22090F80)
T9088 110:624.240   Data:  00 00 00 00
T9088 110:624.256 - 0.632ms returns 0
T9088 110:624.280 JLINK_ReadMem(0x020B8868, 0x4 Bytes, ...)
T9088 110:624.296    -- Read from flash cache (4 bytes @ 0x020B8868)
T9088 110:624.304   Data:  0F 00 00 00
T9088 110:624.336 - 0.048ms returns 0
T9088 110:624.856 JLINK_ReadMem(0x22090FA4, 0x4 Bytes, ...)
T9088 110:624.896   CPU_ReadMem(4 bytes @ 0x22090FA4)
T9088 110:625.496   Data:  00 00 00 00
T9088 110:625.520 - 0.660ms returns 0
T9088 110:625.536 JLINK_ReadMem(0x22090F80, 0x4 Bytes, ...)
T9088 110:625.560   CPU_ReadMem(4 bytes @ 0x22090F80)
T9088 110:626.160   Data:  00 00 00 00
T9088 110:626.192 - 0.643ms returns 0
T9088 110:626.200 JLINK_ReadMem(0x020B8868, 0x4 Bytes, ...)
T9088 110:626.216    -- Read from flash cache (4 bytes @ 0x020B8868)
T9088 110:626.224   Data:  0F 00 00 00
T9088 110:626.256 - 0.047ms returns 0
T9088 110:626.280 JLINK_ReadRegs(NumRegs = 20)
T9088 110:626.320   
  R0 (0)        = 0x00                 R1 (1)        = 0x20B84A0            R2 (2)        = 0x67                 R3 (3)        = 0x22091560        
  R4 (4)        = 0x00                 R5 (5)        = 0x00                 R6 (6)        = 0x00                 R7 (7)        = 0x00              
  R8 (8)        = 0x00                 R9 (9)        = 0x00                 R10 (10)      = 0x00                 R11 (11)      = 0x00              
  R12 (12)      = 0x2209155C           R13 (SP) (13) = 0x220053F8           R14 (14)      = 0x200DE89            R15 (PC) (15) = 0x2004AB2         
  XPSR (16)     = 0x41000000           MSPLIM (86)   = 0x22004400           PSPLIM (87)   = 0x00                 CFBP (20)     = 0xC000000         
T9088 110:626.328 - 0.051ms returns 0x00
T9088 110:627.376 JLINK_ReadMem(0x22090FA4, 0x4 Bytes, ...)
T9088 110:627.416   CPU_ReadMem(4 bytes @ 0x22090FA4)
T9088 110:628.056   Data:  00 00 00 00
T9088 110:628.080 - 0.698ms returns 0
T9088 110:628.096 JLINK_ReadMem(0x22090F80, 0x4 Bytes, ...)
T9088 110:628.112   CPU_ReadMem(4 bytes @ 0x22090F80)
T9088 110:628.672   Data:  00 00 00 00
T9088 110:628.696 - 0.595ms returns 0
T9088 110:628.712 JLINK_ReadMem(0x020B8868, 0x4 Bytes, ...)
T9088 110:628.720    -- Read from flash cache (4 bytes @ 0x020B8868)
T9088 110:628.736   Data:  0F 00 00 00
T9088 110:628.760 - 0.048ms returns 0
T9088 110:628.776 JLINK_ReadMem(0x22090FA4, 0x4 Bytes, ...)
T9088 110:628.784   CPU_ReadMem(4 bytes @ 0x22090FA4)
T9088 110:629.376   Data:  00 00 00 00
T9088 110:629.416 - 0.631ms returns 0
T9088 110:629.424 JLINK_ReadMem(0x22090F80, 0x4 Bytes, ...)
T9088 110:629.440   CPU_ReadMem(4 bytes @ 0x22090F80)
T9088 110:630.160   Data:  00 00 00 00
T9088 110:630.184 - 0.759ms returns 0
T9088 110:630.208 JLINK_ReadMem(0x020B8868, 0x4 Bytes, ...)
T9088 110:630.224    -- Read from flash cache (4 bytes @ 0x020B8868)
T9088 110:630.232   Data:  0F 00 00 00
T9088 110:630.248 - 0.048ms returns 0
T9088 110:630.952 JLINK_ReadMem(0x02004AB2, 0x4 Bytes, ...)
T9088 110:630.976    -- Read from flash cache (4 bytes @ 0x02004AB2)
T9088 110:630.992   Data:  4C F6 9C 02
T9088 110:631.016 - 0.061ms returns 0
T9088 110:634.064 JLINK_ClrBPEx(BPHandle = 0x00000002)
T9088 110:634.096 - 0.037ms returns 0x00
T3E8C 110:640.408 JLINK_ReadReg(XPSR)
T3E8C 110:640.464 - 0.052ms returns 0x41000000
T3E8C 110:640.472 JLINK_ReadReg(R15 (PC))
T3E8C 110:640.488 - 0.013ms returns 0x02004AB2
T3E8C 110:640.688 JLINK_IsHalted()
T3E8C 110:640.720 - 0.025ms returns TRUE
T3E8C 110:640.728 JLINK_ReadReg(XPSR)
T3E8C 110:640.744 - 0.014ms returns 0x41000000
T3E8C 110:640.752 JLINK_ReadReg(R15 (PC))
T3E8C 110:640.768 - 0.012ms returns 0x02004AB2
T3E8C 110:640.792 JLINK_ReadReg(XPSR)
T3E8C 110:640.792 - 0.012ms returns 0x41000000
T3E8C 110:640.816 JLINK_ReadReg(XPSR)
T3E8C 110:640.816 - 0.012ms returns 0x41000000
T3E8C 110:640.832 JLINK_ReadReg(R15 (PC))
T3E8C 110:640.848 - 0.011ms returns 0x02004AB2
T3E8C 110:640.856 JLINK_ReadReg(XPSR)
T3E8C 110:640.872 - 0.011ms returns 0x41000000
T3E8C 110:640.880 JLINK_ReadReg(XPSR)
T3E8C 110:640.896 - 0.011ms returns 0x41000000
T3E8C 110:640.912 JLINK_ReadMem(0x02004AB2, 0x1 Bytes, ...)
T3E8C 110:640.936    -- Read from flash cache (1 bytes @ 0x02004AB2)
T3E8C 110:640.944   Data:  4C
T3E8C 110:640.960 - 0.051ms returns 0
T3E8C 110:640.976 JLINK_IsHalted()
T3E8C 110:640.984 - 0.013ms returns TRUE
T3E8C 110:641.008 JLINK_ReadReg(XPSR)
T3E8C 110:641.008 - 0.012ms returns 0x41000000
T3E8C 110:641.024 JLINK_ReadReg(XPSR)
T3E8C 110:641.040 - 0.012ms returns 0x41000000
T3E8C 110:641.048 JLINK_ReadReg(R15 (PC))
T3E8C 110:641.064 - 0.012ms returns 0x02004AB2
T3E8C 110:641.072 JLINK_ReadReg(XPSR)
T3E8C 110:641.088 - 0.012ms returns 0x41000000
T3E8C 110:641.104 JLINK_ReadReg(XPSR)
T3E8C 110:641.112 - 0.011ms returns 0x41000000
T3E8C 110:641.136 JLINK_ReadMem(0x02004AB2, 0x1 Bytes, ...)
T3E8C 110:641.152    -- Read from flash cache (1 bytes @ 0x02004AB2)
T3E8C 110:641.168   Data:  4C
T3E8C 110:641.192 - 0.046ms returns 0
T3E8C 110:641.256 JLINK_ReadMem(0xE0001000, 0x4 Bytes, ...)
T3E8C 110:641.264   CPU_ReadMem(4 bytes @ 0xE0001000)
T3E8C 110:641.624   Data:  01 00 00 80
T3E8C 110:641.648   Debug reg: DWT_CTRL
T3E8C 110:641.680 - 0.421ms returns 0
T3E8C 110:641.704 JLINK_WriteMem(0xE0001FB0, 0x8 Bytes, ...)
T3E8C 110:641.712   Data:  00 00 00 00 55 CE AC C5
T3E8C 110:642.024   CPU_WriteMem(8 bytes @ 0xE0001FB0)
T3E8C 110:642.416 - 0.719ms returns 0x8
T3E8C 110:642.448 JLINK_ReadMem(0xE000EDFC, 0x4 Bytes, ...)
T3E8C 110:642.456   CPU_ReadMem(4 bytes @ 0xE000EDFC)
T3E8C 110:642.736   Data:  00 00 10 01
T3E8C 110:642.752   Debug reg: DEMCR
T3E8C 110:642.776 - 0.330ms returns 0
T3E8C 110:644.008 JLINK_ReadMem(0xE0001004, 0x4 Bytes, ...)
T3E8C 110:644.032   CPU_ReadMem(4 bytes @ 0xE0001004)
T3E8C 110:644.368   Data:  83 E6 11 00
T3E8C 110:644.392   Debug reg: DWT_CYCCNT
T3E8C 110:644.400 - 0.393ms returns 0
T9088 110:749.040 JLINK_ReadMem(0x02004AB2, 0x4 Bytes, ...)
T9088 110:749.096    -- Read from flash cache (4 bytes @ 0x02004AB2)
T9088 110:749.120   Data:  4C F6 9C 02
T9088 110:749.144 - 0.098ms returns 0
T9088 110:998.672 JLINK_ReadMem(0x22090FA4, 0x4 Bytes, ...)
T9088 110:998.736   CPU_ReadMem(4 bytes @ 0x22090FA4)
T9088 110:999.360   Data:  00 00 00 00
T9088 110:999.400 - 0.734ms returns 0
T9088 110:999.424 JLINK_ReadMem(0x22090F80, 0x4 Bytes, ...)
T9088 110:999.440   CPU_ReadMem(4 bytes @ 0x22090F80)
T9088 111:000.128   Data:  00 00 00 00
T9088 111:000.152 - 0.727ms returns 0
T9088 111:000.168 JLINK_ReadMem(0x020B8868, 0x4 Bytes, ...)
T9088 111:000.176    -- Read from flash cache (4 bytes @ 0x020B8868)
T9088 111:000.192   Data:  0F 00 00 00
T9088 111:000.208 - 0.044ms returns 0
T9088 111:000.232 JLINK_ReadMem(0x22090FA4, 0x4 Bytes, ...)
T9088 111:000.240   CPU_ReadMem(4 bytes @ 0x22090FA4)
T9088 111:000.832   Data:  00 00 00 00
T9088 111:000.856 - 0.632ms returns 0
T9088 111:000.872 JLINK_ReadMem(0x22090F80, 0x4 Bytes, ...)
T9088 111:000.880   CPU_ReadMem(4 bytes @ 0x22090F80)
T9088 111:001.424   Data:  00 00 00 00
T9088 111:001.472 - 0.603ms returns 0
T9088 111:001.488 JLINK_ReadMem(0x020B8868, 0x4 Bytes, ...)
T9088 111:001.496    -- Read from flash cache (4 bytes @ 0x020B8868)
T9088 111:001.512   Data:  0F 00 00 00
T9088 111:001.536 - 0.042ms returns 0
T9088 111:046.784 JLINK_ReadMem(0x22090FA4, 0x4 Bytes, ...)
T9088 111:046.848   CPU_ReadMem(4 bytes @ 0x22090FA4)
T9088 111:047.568   Data:  00 00 00 00
T9088 111:047.600 - 0.823ms returns 0
T9088 111:047.632 JLINK_ReadMem(0x22090F80, 0x4 Bytes, ...)
T9088 111:047.640   CPU_ReadMem(4 bytes @ 0x22090F80)
T9088 111:048.192   Data:  00 00 00 00
T9088 111:048.216 - 0.592ms returns 0
T9088 111:048.240 JLINK_ReadMem(0x020B8868, 0x4 Bytes, ...)
T9088 111:048.256    -- Read from flash cache (4 bytes @ 0x020B8868)
T9088 111:048.272   Data:  0F 00 00 00
T9088 111:048.280 - 0.046ms returns 0
T9088 111:048.296 JLINK_ReadMem(0x22090FA4, 0x4 Bytes, ...)
T9088 111:048.320   CPU_ReadMem(4 bytes @ 0x22090FA4)
T9088 111:048.872   Data:  00 00 00 00
T9088 111:048.880 - 0.586ms returns 0
T9088 111:048.912 JLINK_ReadMem(0x22090F80, 0x4 Bytes, ...)
T9088 111:048.920   CPU_ReadMem(4 bytes @ 0x22090F80)
T9088 111:049.472   Data:  00 00 00 00
T9088 111:049.496 - 0.597ms returns 0
T9088 111:049.512 JLINK_ReadMem(0x020B8868, 0x4 Bytes, ...)
T9088 111:049.520    -- Read from flash cache (4 bytes @ 0x020B8868)
T9088 111:049.552   Data:  0F 00 00 00
T9088 111:049.560 - 0.045ms returns 0
T9088 112:874.968 JLINK_ReadMem(0x22090FA4, 0x4 Bytes, ...)
T9088 112:875.048   CPU_ReadMem(4 bytes @ 0x22090FA4)
T9088 112:875.736   Data:  00 00 00 00
T9088 112:875.816 - 0.845ms returns 0
T9088 112:875.840 JLINK_ReadMem(0x22090F80, 0x4 Bytes, ...)
T9088 112:875.880   CPU_ReadMem(4 bytes @ 0x22090F80)
T9088 112:876.496   Data:  00 00 00 00
T9088 112:876.528 - 0.691ms returns 0
T9088 112:876.568 JLINK_ReadMem(0x020B8868, 0x4 Bytes, ...)
T9088 112:876.584    -- Read from flash cache (4 bytes @ 0x020B8868)
T9088 112:876.648   Data:  0F 00 00 00
T9088 112:876.672 - 0.109ms returns 0
T9088 112:878.064 JLINK_ReadMem(0xE0001004, 0x4 Bytes, ...)
T9088 112:878.104   Data:  83 E6 11 00
T9088 112:878.144   Debug reg: DWT_CYCCNT
T9088 112:878.184 - 0.109ms returns 0
T9088 112:878.192 JLINK_IsHalted()
T9088 112:878.544 - 0.340ms returns TRUE
T9088 112:879.744 JLINK_ReadMem(0xE0001004, 0x4 Bytes, ...)
T9088 112:879.768   Data:  83 E6 11 00
T9088 112:879.784   Debug reg: DWT_CYCCNT
T9088 112:879.792 - 0.059ms returns 0
T9088 112:879.808 JLINK_GoEx(MaxEmulInsts = 0, Flags = 0x01)
T9088 112:879.832   CPU_ReadMem(4 bytes @ 0xE0001000)
T9088 112:880.232   CPU_WriteMem(4 bytes @ 0xE0002008)
T9088 112:900.776 - 20.964ms 
T9088 113:007.232 JLINK_IsHalted()
T9088 113:007.592 - 0.355ms returns FALSE
T9088 113:007.600 JLINK_IsHalted()
T9088 113:007.872 - 0.270ms returns FALSE
T9088 113:117.224 JLINK_IsHalted()
T9088 113:117.592 - 0.366ms returns FALSE
T9088 113:117.608 JLINK_IsHalted()
T9088 113:117.872 - 0.264ms returns FALSE
T9088 113:226.320 JLINK_IsHalted()
T9088 113:226.664 - 0.350ms returns FALSE
T9088 113:226.688 JLINK_IsHalted()
T9088 113:226.928 - 0.247ms returns FALSE
T9088 113:335.256 JLINK_IsHalted()
T9088 113:335.616 - 0.357ms returns FALSE
T9088 113:335.656 JLINK_IsHalted()
T9088 113:336.040 - 0.375ms returns FALSE
T9088 113:445.208 JLINK_IsHalted()
T9088 113:445.616 - 0.411ms returns FALSE
T9088 113:445.720 JLINK_IsHalted()
T9088 113:446.056 - 0.336ms returns FALSE
T9088 113:554.280 JLINK_IsHalted()
T9088 113:554.776 - 0.490ms returns FALSE
T9088 113:554.816 JLINK_IsHalted()
T9088 113:555.112 - 0.291ms returns FALSE
T9088 113:664.216 JLINK_IsHalted()
T9088 113:664.704 - 0.488ms returns FALSE
T9088 113:664.784 JLINK_IsHalted()
T9088 113:665.088 - 0.310ms returns FALSE
T9088 113:773.440 JLINK_IsHalted()
T9088 113:773.848 - 0.406ms returns FALSE
T9088 113:773.888 JLINK_IsHalted()
T9088 113:774.224 - 0.333ms returns FALSE
T3E8C 113:879.640 JLINK_IsHalted()
T3E8C 113:880.024 - 0.385ms returns FALSE
T3E8C 113:880.048 JLINK_IsHalted()
T3E8C 113:880.360 - 0.310ms returns FALSE
T9088 113:882.432 JLINK_IsHalted()
T9088 113:882.776 - 0.348ms returns FALSE
T9088 113:882.792 JLINK_IsHalted()
T9088 113:883.136 - 0.336ms returns FALSE
T9088 113:991.528 JLINK_IsHalted()
T9088 113:991.856 - 0.338ms returns FALSE
T9088 113:991.896 JLINK_IsHalted()
T9088 113:992.208 - 0.311ms returns FALSE
T9088 114:101.464 JLINK_IsHalted()
T9088 114:101.864 - 0.400ms returns FALSE
T9088 114:101.912 JLINK_IsHalted()
T9088 114:102.256 - 0.354ms returns FALSE
T9088 114:210.456 JLINK_IsHalted()
T9088 114:210.792 - 0.336ms returns FALSE
T9088 114:210.816 JLINK_IsHalted()
T9088 114:211.112 - 0.282ms returns FALSE
T9088 114:320.496 JLINK_IsHalted()
T9088 114:320.960 - 0.466ms returns FALSE
T9088 114:321.008 JLINK_IsHalted()
T9088 114:321.432 - 0.432ms returns FALSE
T9088 114:429.544 JLINK_IsHalted()
T9088 114:429.888 - 0.342ms returns FALSE
T9088 114:429.904 JLINK_IsHalted()
T9088 114:430.192 - 0.294ms returns FALSE
T9088 114:538.544 JLINK_IsHalted()
T9088 114:538.896 - 0.342ms returns FALSE
T9088 114:538.928 JLINK_IsHalted()
T9088 114:539.328 - 0.393ms returns FALSE
T9088 114:648.408 JLINK_IsHalted()
T9088 114:648.752 - 0.348ms returns FALSE
T9088 114:648.792 JLINK_IsHalted()
T9088 114:649.200 - 0.412ms returns FALSE
T9088 114:757.504 JLINK_IsHalted()
T9088 114:757.936 - 0.438ms returns FALSE
T9088 114:757.976 JLINK_IsHalted()
T9088 114:758.440 - 0.460ms returns FALSE
T9088 114:867.432 JLINK_IsHalted()
T9088 114:867.880 - 0.444ms returns FALSE
T9088 114:867.920 JLINK_IsHalted()
T9088 114:868.272 - 0.353ms returns FALSE
T3E8C 114:881.168 JLINK_IsHalted()
T3E8C 114:881.600 - 0.436ms returns FALSE
T3E8C 114:881.640 JLINK_IsHalted()
T3E8C 114:882.024 - 0.383ms returns FALSE
T9088 114:976.424 JLINK_IsHalted()
T9088 114:985.616 - 9.185ms returns FALSE
T9088 114:985.664 JLINK_IsHalted()
T9088 114:986.160 - 0.492ms returns FALSE
T9088 115:085.648 JLINK_IsHalted()
T9088 115:086.032 - 0.391ms returns FALSE
T9088 115:086.064 JLINK_IsHalted()
T9088 115:086.352 - 0.285ms returns FALSE
T9088 115:195.584 JLINK_IsHalted()
T9088 115:196.032 - 0.447ms returns FALSE
T9088 115:196.072 JLINK_IsHalted()
T9088 115:196.368 - 0.289ms returns FALSE
T9088 115:304.576 JLINK_IsHalted()
T9088 115:304.936 - 0.360ms returns FALSE
T9088 115:304.960 JLINK_IsHalted()
T9088 115:305.232 - 0.271ms returns FALSE
T9088 115:413.456 JLINK_IsHalted()
T9088 115:413.912 - 0.464ms returns FALSE
T9088 115:413.952 JLINK_IsHalted()
T9088 115:414.232 - 0.285ms returns FALSE
T9088 115:523.560 JLINK_IsHalted()
T9088 115:523.904 - 0.342ms returns FALSE
T9088 115:523.928 JLINK_IsHalted()
T9088 115:524.376 - 0.437ms returns FALSE
T9088 115:632.512 JLINK_IsHalted()
T9088 115:632.832 - 0.322ms returns FALSE
T9088 115:632.872 JLINK_IsHalted()
T9088 115:633.200 - 0.328ms returns FALSE
T9088 115:741.456 JLINK_IsHalted()
T9088 115:741.824 - 0.371ms returns FALSE
T9088 115:741.840 JLINK_IsHalted()
T9088 115:742.208 - 0.363ms returns FALSE
T9088 115:851.408 JLINK_IsHalted()
T9088 115:851.776 - 0.363ms returns FALSE
T9088 115:851.800 JLINK_IsHalted()
T9088 115:852.080 - 0.284ms returns FALSE
T3E8C 115:882.000 JLINK_IsHalted()
T3E8C 115:882.328 - 0.341ms returns FALSE
T3E8C 115:882.368 JLINK_IsHalted()
T3E8C 115:882.640 - 0.278ms returns FALSE
T9088 115:960.528 JLINK_IsHalted()
T9088 115:960.896 - 0.375ms returns FALSE
T9088 115:960.936 JLINK_IsHalted()
T9088 115:961.256 - 0.321ms returns FALSE
T9088 116:070.488 JLINK_IsHalted()
T9088 116:070.864 - 0.372ms returns FALSE
T9088 116:070.896 JLINK_IsHalted()
T9088 116:071.208 - 0.310ms returns FALSE
T9088 116:179.440 JLINK_IsHalted()
T9088 116:179.800 - 0.348ms returns FALSE
T9088 116:179.824 JLINK_IsHalted()
T9088 116:180.312 - 0.487ms returns FALSE
T9088 116:288.512 JLINK_IsHalted()
T9088 116:288.872 - 0.361ms returns FALSE
T9088 116:288.912 JLINK_IsHalted()
T9088 116:289.216 - 0.308ms returns FALSE
T9088 116:398.480 JLINK_IsHalted()
T9088 116:398.936 - 0.457ms returns FALSE
T9088 116:398.992 JLINK_IsHalted()
T9088 116:399.384 - 0.400ms returns FALSE
T9088 116:507.456 JLINK_IsHalted()
T9088 116:507.824 - 0.375ms returns FALSE
T9088 116:507.856 JLINK_IsHalted()
T9088 116:508.208 - 0.353ms returns FALSE
T9088 116:616.640 JLINK_IsHalted()
T9088 116:617.024 - 0.384ms returns FALSE
T9088 116:617.048 JLINK_IsHalted()
T9088 116:617.320 - 0.272ms returns FALSE
T9088 116:726.736 JLINK_IsHalted()
T9088 116:727.080 - 0.343ms returns FALSE
T9088 116:727.104 JLINK_IsHalted()
T9088 116:727.376 - 0.280ms returns FALSE
T9088 116:835.696 JLINK_IsHalted()
T9088 116:836.048 - 0.346ms returns FALSE
T9088 116:836.080 JLINK_IsHalted()
T9088 116:836.376 - 0.287ms returns FALSE
T3E8C 116:882.968 JLINK_IsHalted()
T3E8C 116:883.328 - 0.354ms returns FALSE
T3E8C 116:883.368 JLINK_IsHalted()
T3E8C 116:883.632 - 0.270ms returns FALSE
T9088 116:944.728 JLINK_IsHalted()
T9088 116:945.072 - 0.349ms returns FALSE
T9088 116:945.112 JLINK_IsHalted()
T9088 116:945.392 - 0.286ms returns FALSE
T9088 117:055.408 JLINK_IsHalted()
T9088 117:055.872 - 0.451ms returns FALSE
T9088 117:055.896 JLINK_IsHalted()
T9088 117:056.208 - 0.307ms returns FALSE
T9088 117:163.800 JLINK_IsHalted()
T9088 117:164.224 - 0.420ms returns FALSE
T9088 117:164.264 JLINK_IsHalted()
T9088 117:164.584 - 0.327ms returns FALSE
T9088 117:272.832 JLINK_IsHalted()
T9088 117:273.296 - 0.454ms returns FALSE
T9088 117:273.320 JLINK_IsHalted()
T9088 117:273.616 - 0.299ms returns FALSE
T9088 117:382.960 JLINK_IsHalted()
T9088 117:383.344 - 0.387ms returns FALSE
T9088 117:383.384 JLINK_IsHalted()
T9088 117:383.704 - 0.322ms returns FALSE
T9088 117:491.920 JLINK_IsHalted()
T9088 117:492.272 - 0.359ms returns FALSE
T9088 117:492.304 JLINK_IsHalted()
T9088 117:492.584 - 0.286ms returns FALSE
T9088 117:601.064 JLINK_IsHalted()
T9088 117:601.472 - 0.408ms returns FALSE
T9088 117:601.512 JLINK_IsHalted()
T9088 117:601.920 - 0.413ms returns FALSE
T9088 117:710.832 JLINK_IsHalted()
T9088 117:711.256 - 0.423ms returns FALSE
T9088 117:711.312 JLINK_IsHalted()
T9088 117:711.680 - 0.374ms returns FALSE
T9088 117:819.824 JLINK_IsHalted()
T9088 117:820.208 - 0.395ms returns FALSE
T9088 117:820.248 JLINK_IsHalted()
T9088 117:820.544 - 0.297ms returns FALSE
T3E8C 117:884.272 JLINK_IsHalted()
T3E8C 117:884.632 - 0.368ms returns FALSE
T3E8C 117:884.672 JLINK_IsHalted()
T3E8C 117:885.016 - 0.348ms returns FALSE
T9088 117:929.896 JLINK_IsHalted()
T9088 117:930.264 - 0.364ms returns FALSE
T9088 117:930.288 JLINK_IsHalted()
T9088 117:930.704 - 0.413ms returns FALSE
T9088 118:039.024 JLINK_IsHalted()
T9088 118:039.384 - 0.363ms returns FALSE
T9088 118:039.408 JLINK_IsHalted()
T9088 118:039.680 - 0.271ms returns FALSE
T9088 118:148.072 JLINK_IsHalted()
T9088 118:148.432 - 0.362ms returns FALSE
T9088 118:148.456 JLINK_IsHalted()
T9088 118:148.720 - 0.270ms returns FALSE
T9088 118:258.128 JLINK_IsHalted()
T9088 118:258.472 - 0.349ms returns FALSE
T9088 118:258.496 JLINK_IsHalted()
T9088 118:258.816 - 0.316ms returns FALSE
T9088 118:367.168 JLINK_IsHalted()
T9088 118:374.144 - 6.965ms returns FALSE
T9088 118:374.224 JLINK_IsHalted()
T9088 118:374.544 - 0.324ms returns FALSE
T9088 118:476.144 JLINK_IsHalted()
T9088 118:476.504 - 0.363ms returns FALSE
T9088 118:476.528 JLINK_IsHalted()
T9088 118:476.816 - 0.281ms returns FALSE
T9088 118:585.256 JLINK_IsHalted()
T9088 118:585.752 - 0.506ms returns FALSE
T9088 118:585.792 JLINK_IsHalted()
T9088 118:586.256 - 0.454ms returns FALSE
T9088 118:695.208 JLINK_IsHalted()
T9088 118:695.592 - 0.383ms returns FALSE
T9088 118:695.696 JLINK_IsHalted()
T9088 118:696.016 - 0.322ms returns FALSE
T9088 118:804.328 JLINK_IsHalted()
T9088 118:804.952 - 0.624ms returns FALSE
T9088 118:805.056 JLINK_IsHalted()
T9088 118:805.616 - 0.562ms returns FALSE
T3E8C 118:885.760 JLINK_IsHalted()
T3E8C 118:886.296 - 0.540ms returns FALSE
T3E8C 118:886.360 JLINK_IsHalted()
T3E8C 118:886.704 - 0.348ms returns FALSE
T9088 118:914.280 JLINK_IsHalted()
T9088 118:915.024 - 0.738ms returns FALSE
T9088 118:915.112 JLINK_IsHalted()
T9088 118:915.856 - 0.731ms returns FALSE
T9088 119:023.400 JLINK_IsHalted()
T9088 119:023.920 - 0.523ms returns FALSE
T9088 119:023.976 JLINK_IsHalted()
T9088 119:024.488 - 0.513ms returns FALSE
T9088 119:132.240 JLINK_IsHalted()
T9088 119:132.672 - 0.436ms returns FALSE
T9088 119:132.696 JLINK_IsHalted()
T9088 119:133.008 - 0.316ms returns FALSE
T9088 119:242.176 JLINK_IsHalted()
T9088 119:242.536 - 0.353ms returns FALSE
T9088 119:242.560 JLINK_IsHalted()
T9088 119:242.856 - 0.289ms returns FALSE
T9088 119:351.280 JLINK_IsHalted()
T9088 119:351.632 - 0.351ms returns FALSE
T9088 119:351.664 JLINK_IsHalted()
T9088 119:351.920 - 0.261ms returns FALSE
T9088 119:460.200 JLINK_IsHalted()
T9088 119:460.584 - 0.377ms returns FALSE
T9088 119:460.608 JLINK_IsHalted()
T9088 119:460.888 - 0.282ms returns FALSE
T9088 119:570.264 JLINK_IsHalted()
T9088 119:570.736 - 0.476ms returns FALSE
T9088 119:570.816 JLINK_IsHalted()
T9088 119:573.224 - 2.408ms returns FALSE
T9088 119:679.192 JLINK_IsHalted()
T9088 119:679.536 - 0.352ms returns FALSE
T9088 119:679.568 JLINK_IsHalted()
T9088 119:679.888 - 0.315ms returns FALSE
T9088 119:788.368 JLINK_IsHalted()
T9088 119:788.760 - 0.393ms returns FALSE
T9088 119:788.800 JLINK_IsHalted()
T9088 119:789.144 - 0.345ms returns FALSE
T3E8C 119:886.736 JLINK_IsHalted()
T3E8C 119:887.232 - 0.502ms returns FALSE
T3E8C 119:887.280 JLINK_IsHalted()
T3E8C 119:887.600 - 0.318ms returns FALSE
T9088 119:898.480 JLINK_IsHalted()
T9088 119:898.928 - 0.443ms returns FALSE
T9088 119:898.960 JLINK_IsHalted()
T9088 119:899.368 - 0.402ms returns FALSE
T9088 120:007.344 JLINK_IsHalted()
T9088 120:007.696 - 0.341ms returns FALSE
T9088 120:007.720 JLINK_IsHalted()
T9088 120:008.016 - 0.289ms returns FALSE
T9088 120:117.520 JLINK_IsHalted()
T9088 120:117.912 - 0.392ms returns FALSE
T9088 120:117.968 JLINK_IsHalted()
T9088 120:118.352 - 0.388ms returns FALSE
T9088 120:226.456 JLINK_IsHalted()
T9088 120:226.880 - 0.428ms returns FALSE
T9088 120:226.920 JLINK_IsHalted()
T9088 120:227.200 - 0.290ms returns FALSE
T9088 120:335.440 JLINK_IsHalted()
T9088 120:335.792 - 0.356ms returns FALSE
T9088 120:335.824 JLINK_IsHalted()
T9088 120:336.104 - 0.284ms returns FALSE
T9088 120:445.456 JLINK_IsHalted()
T9088 120:445.928 - 0.474ms returns FALSE
T9088 120:446.000 JLINK_IsHalted()
T9088 120:446.464 - 0.456ms returns FALSE
T9088 120:554.456 JLINK_IsHalted()
T9088 120:554.832 - 0.365ms returns FALSE
T9088 120:554.864 JLINK_IsHalted()
T9088 120:555.200 - 0.337ms returns FALSE
T9088 120:663.408 JLINK_IsHalted()
T9088 120:663.760 - 0.343ms returns FALSE
T9088 120:663.792 JLINK_IsHalted()
T9088 120:664.104 - 0.308ms returns FALSE
T9088 120:773.464 JLINK_IsHalted()
T9088 120:773.848 - 0.385ms returns FALSE
T9088 120:773.888 JLINK_IsHalted()
T9088 120:774.288 - 0.398ms returns FALSE
T9088 120:882.408 JLINK_IsHalted()
T9088 120:882.776 - 0.365ms returns FALSE
T9088 120:882.816 JLINK_IsHalted()
T9088 120:883.088 - 0.266ms returns FALSE
T3E8C 120:887.704 JLINK_IsHalted()
T3E8C 120:888.064 - 0.359ms returns FALSE
T3E8C 120:888.104 JLINK_IsHalted()
T3E8C 120:888.536 - 0.439ms returns FALSE
T9088 120:992.464 JLINK_IsHalted()
T9088 120:992.920 - 0.450ms returns FALSE
T9088 120:993.008 JLINK_IsHalted()
T9088 120:993.424 - 0.408ms returns FALSE
T9088 121:101.400 JLINK_IsHalted()
T9088 121:101.736 - 0.332ms returns FALSE
T9088 121:101.744 JLINK_IsHalted()
T9088 121:102.016 - 0.272ms returns FALSE
T9088 121:210.416 JLINK_IsHalted()
T9088 121:210.856 - 0.427ms returns FALSE
T9088 121:210.880 JLINK_IsHalted()
T9088 121:211.184 - 0.309ms returns FALSE
T9088 121:320.432 JLINK_IsHalted()
T9088 121:320.912 - 0.477ms returns FALSE
T9088 121:320.960 JLINK_IsHalted()
T9088 121:321.392 - 0.427ms returns FALSE
T9088 121:429.416 JLINK_IsHalted()
T9088 121:429.800 - 0.384ms returns FALSE
T9088 121:429.824 JLINK_IsHalted()
T9088 121:430.104 - 0.279ms returns FALSE
T9088 121:538.408 JLINK_IsHalted()
T9088 121:538.960 - 0.550ms returns FALSE
T9088 121:539.048 JLINK_IsHalted()
T9088 121:539.456 - 0.404ms returns FALSE
T9088 121:648.432 JLINK_IsHalted()
T9088 121:648.880 - 0.445ms returns FALSE
T9088 121:648.936 JLINK_IsHalted()
T9088 121:649.280 - 0.349ms returns FALSE
T9088 121:757.424 JLINK_IsHalted()
T9088 121:757.864 - 0.436ms returns FALSE
T9088 121:757.904 JLINK_IsHalted()
T9088 121:758.288 - 0.376ms returns FALSE
T9088 121:867.480 JLINK_IsHalted()
T9088 121:867.864 - 0.382ms returns FALSE
T9088 121:867.888 JLINK_IsHalted()
T9088 121:868.176 - 0.287ms returns FALSE
T3E8C 121:889.712 JLINK_IsHalted()
T3E8C 121:890.192 - 0.468ms returns FALSE
T3E8C 121:890.200 JLINK_IsHalted()
T3E8C 121:890.472 - 0.263ms returns FALSE
T9088 121:976.400 JLINK_IsHalted()
T9088 121:976.744 - 0.343ms returns FALSE
T9088 121:976.768 JLINK_IsHalted()
T9088 121:977.024 - 0.256ms returns FALSE
T9088 122:085.352 JLINK_IsHalted()
T9088 122:085.720 - 0.365ms returns FALSE
T9088 122:085.760 JLINK_IsHalted()
T9088 122:086.144 - 0.387ms returns FALSE
T9088 122:195.480 JLINK_IsHalted()
T9088 122:195.840 - 0.362ms returns FALSE
T9088 122:195.864 JLINK_IsHalted()
T9088 122:196.136 - 0.262ms returns FALSE
T9088 122:304.424 JLINK_IsHalted()
T9088 122:304.848 - 0.416ms returns FALSE
T9088 122:304.896 JLINK_IsHalted()
T9088 122:305.200 - 0.311ms returns FALSE
T9088 122:413.424 JLINK_IsHalted()
T9088 122:413.888 - 0.464ms returns FALSE
T9088 122:413.936 JLINK_IsHalted()
T9088 122:414.352 - 0.403ms returns FALSE
T9088 122:523.480 JLINK_IsHalted()
T9088 122:524.032 - 0.551ms returns FALSE
T9088 122:524.096 JLINK_IsHalted()
T9088 122:524.464 - 0.363ms returns FALSE
T9088 122:633.168 JLINK_IsHalted()
T9088 122:633.536 - 0.373ms returns FALSE
T9088 122:633.576 JLINK_IsHalted()
T9088 122:633.920 - 0.349ms returns FALSE
T9088 122:742.448 JLINK_IsHalted()
T9088 122:742.872 - 0.419ms returns FALSE
T9088 122:742.896 JLINK_IsHalted()
T9088 122:743.208 - 0.305ms returns FALSE
T9088 122:851.352 JLINK_IsHalted()
T9088 122:851.736 - 0.373ms returns FALSE
T9088 122:851.760 JLINK_IsHalted()
T9088 122:852.056 - 0.289ms returns FALSE
T3E8C 122:891.664 JLINK_IsHalted()
T3E8C 122:892.032 - 0.366ms returns FALSE
T3E8C 122:892.056 JLINK_IsHalted()
T3E8C 122:892.400 - 0.347ms returns FALSE
T9088 122:960.408 JLINK_IsHalted()
T9088 122:960.944 - 0.536ms returns FALSE
T9088 122:961.024 JLINK_IsHalted()
T9088 122:961.424 - 0.386ms returns FALSE
T9088 123:070.384 JLINK_IsHalted()
T9088 123:070.760 - 0.362ms returns FALSE
T9088 123:070.800 JLINK_IsHalted()
T9088 123:071.064 - 0.275ms returns FALSE
T9088 123:179.408 JLINK_IsHalted()
T9088 123:179.824 - 0.419ms returns FALSE
T9088 123:179.880 JLINK_IsHalted()
T9088 123:180.200 - 0.317ms returns FALSE
T9088 123:288.432 JLINK_IsHalted()
T9088 123:288.872 - 0.436ms returns FALSE
T9088 123:288.944 JLINK_IsHalted()
T9088 123:289.280 - 0.333ms returns FALSE
T9088 123:398.416 JLINK_IsHalted()
T9088 123:398.912 - 0.495ms returns FALSE
T9088 123:398.992 JLINK_IsHalted()
T9088 123:399.360 - 0.373ms returns FALSE
T9088 123:507.440 JLINK_IsHalted()
T9088 123:507.904 - 0.460ms returns FALSE
T9088 123:507.968 JLINK_IsHalted()
T9088 123:508.376 - 0.397ms returns FALSE
T9088 123:617.448 JLINK_IsHalted()
T9088 123:617.936 - 0.480ms returns FALSE
T9088 123:618.000 JLINK_IsHalted()
T9088 123:618.416 - 0.428ms returns FALSE
T9088 123:726.424 JLINK_IsHalted()
T9088 123:727.056 - 0.626ms returns FALSE
T9088 123:727.128 JLINK_IsHalted()
T9088 123:727.504 - 0.374ms returns FALSE
T9088 123:836.944 JLINK_IsHalted()
T9088 123:837.392 - 0.447ms returns FALSE
T9088 123:837.464 JLINK_IsHalted()
T9088 123:837.840 - 0.380ms returns FALSE
T3E8C 123:892.760 JLINK_IsHalted()
T3E8C 123:893.208 - 0.441ms returns FALSE
T3E8C 123:893.272 JLINK_IsHalted()
T3E8C 123:893.632 - 0.358ms returns FALSE
T9088 123:945.472 JLINK_IsHalted()
T9088 123:946.048 - 0.571ms returns FALSE
T9088 123:946.136 JLINK_IsHalted()
T9088 123:946.536 - 0.399ms returns FALSE
T9088 124:054.424 JLINK_IsHalted()
T9088 124:054.896 - 0.479ms returns FALSE
T9088 124:054.960 JLINK_IsHalted()
T9088 124:055.360 - 0.393ms returns FALSE
T9088 124:163.456 JLINK_IsHalted()
T9088 124:163.968 - 0.502ms returns FALSE
T9088 124:164.048 JLINK_IsHalted()
T9088 124:164.456 - 0.404ms returns FALSE
T9088 124:273.432 JLINK_IsHalted()
T9088 124:273.936 - 0.501ms returns FALSE
T9088 124:273.984 JLINK_IsHalted()
T9088 124:274.344 - 0.357ms returns FALSE
T9088 124:382.416 JLINK_IsHalted()
T9088 124:382.864 - 0.442ms returns FALSE
T9088 124:382.912 JLINK_IsHalted()
T9088 124:383.232 - 0.327ms returns FALSE
T9088 124:492.400 JLINK_IsHalted()
T9088 124:493.264 - 0.863ms returns FALSE
T9088 124:493.328 JLINK_IsHalted()
T9088 124:493.712 - 0.378ms returns FALSE
T9088 124:601.432 JLINK_IsHalted()
T9088 124:601.904 - 0.475ms returns FALSE
T9088 124:601.968 JLINK_IsHalted()
T9088 124:602.344 - 0.374ms returns FALSE
T9088 124:710.424 JLINK_IsHalted()
T9088 124:710.872 - 0.451ms returns FALSE
T9088 124:710.952 JLINK_IsHalted()
T9088 124:711.376 - 0.421ms returns FALSE
T9088 124:820.440 JLINK_IsHalted()
T9088 124:820.824 - 0.391ms returns FALSE
T9088 124:820.864 JLINK_IsHalted()
T9088 124:821.184 - 0.317ms returns FALSE
T3E8C 124:894.720 JLINK_IsHalted()
T3E8C 124:895.256 - 0.535ms returns FALSE
T3E8C 124:895.296 JLINK_IsHalted()
T3E8C 124:895.616 - 0.322ms returns FALSE
T9088 124:929.408 JLINK_IsHalted()
T9088 124:929.856 - 0.453ms returns FALSE
T9088 124:929.920 JLINK_IsHalted()
T9088 124:930.304 - 0.383ms returns FALSE
T9088 125:038.400 JLINK_IsHalted()
T9088 125:038.896 - 0.500ms returns FALSE
T9088 125:038.952 JLINK_IsHalted()
T9088 125:039.360 - 0.406ms returns FALSE
T9088 125:148.432 JLINK_IsHalted()
T9088 125:148.864 - 0.438ms returns FALSE
T9088 125:148.912 JLINK_IsHalted()
T9088 125:149.272 - 0.363ms returns FALSE
T9088 125:257.392 JLINK_IsHalted()
T9088 125:257.832 - 0.415ms returns FALSE
T9088 125:257.872 JLINK_IsHalted()
T9088 125:258.192 - 0.313ms returns FALSE
T9088 125:367.408 JLINK_IsHalted()
T9088 125:367.832 - 0.424ms returns FALSE
T9088 125:367.872 JLINK_IsHalted()
T9088 125:368.176 - 0.311ms returns FALSE
T9088 125:476.400 JLINK_IsHalted()
T9088 125:476.864 - 0.464ms returns FALSE
T9088 125:476.944 JLINK_IsHalted()
T9088 125:477.312 - 0.377ms returns FALSE
T9088 125:585.384 JLINK_IsHalted()
T9088 125:585.752 - 0.368ms returns FALSE
T9088 125:585.792 JLINK_IsHalted()
T9088 125:586.176 - 0.381ms returns FALSE
T9088 125:695.400 JLINK_IsHalted()
T9088 125:695.768 - 0.376ms returns FALSE
T9088 125:695.792 JLINK_IsHalted()
T9088 125:696.104 - 0.297ms returns FALSE
T9088 125:804.416 JLINK_IsHalted()
T9088 125:804.840 - 0.416ms returns FALSE
T9088 125:804.880 JLINK_IsHalted()
T9088 125:805.248 - 0.371ms returns FALSE
T3E8C 125:896.752 JLINK_IsHalted()
T3E8C 125:897.128 - 0.367ms returns FALSE
T3E8C 125:897.168 JLINK_IsHalted()
T3E8C 125:897.456 - 0.294ms returns FALSE
T9088 125:913.424 JLINK_IsHalted()
T9088 125:913.904 - 0.491ms returns FALSE
T9088 125:913.968 JLINK_IsHalted()
T9088 125:914.352 - 0.376ms returns FALSE
T9088 126:023.384 JLINK_IsHalted()
T9088 126:023.784 - 0.391ms returns FALSE
T9088 126:023.808 JLINK_IsHalted()
T9088 126:024.176 - 0.370ms returns FALSE
T9088 126:132.440 JLINK_IsHalted()
T9088 126:133.040 - 0.609ms returns FALSE
T9088 126:133.104 JLINK_IsHalted()
T9088 126:133.520 - 0.375ms returns FALSE
T9088 126:242.456 JLINK_IsHalted()
T9088 126:242.920 - 0.472ms returns FALSE
T9088 126:243.008 JLINK_IsHalted()
T9088 126:243.432 - 0.427ms returns FALSE
T9088 126:351.440 JLINK_IsHalted()
T9088 126:351.872 - 0.437ms returns FALSE
T9088 126:351.912 JLINK_IsHalted()
T9088 126:352.384 - 0.468ms returns FALSE
T9088 126:460.440 JLINK_IsHalted()
T9088 126:460.912 - 0.483ms returns FALSE
T9088 126:460.992 JLINK_IsHalted()
T9088 126:461.360 - 0.363ms returns FALSE
T9088 126:570.448 JLINK_IsHalted()
T9088 126:570.856 - 0.413ms returns FALSE
T9088 126:570.896 JLINK_IsHalted()
T9088 126:571.200 - 0.309ms returns FALSE
T9088 126:679.472 JLINK_IsHalted()
T9088 126:680.040 - 0.574ms returns FALSE
T9088 126:680.128 JLINK_IsHalted()
T9088 126:680.528 - 0.383ms returns FALSE
T9088 126:788.416 JLINK_IsHalted()
T9088 126:788.904 - 0.489ms returns FALSE
T9088 126:789.016 JLINK_IsHalted()
T9088 126:789.440 - 0.424ms returns FALSE
T3E8C 126:897.648 JLINK_IsHalted()
T3E8C 126:898.088 - 0.436ms returns FALSE
T3E8C 126:898.136 JLINK_IsHalted()
T3E8C 126:898.456 - 0.319ms returns FALSE
T9088 126:898.520 JLINK_IsHalted()
T9088 126:898.896 - 0.370ms returns FALSE
T9088 126:898.928 JLINK_IsHalted()
T9088 126:899.288 - 0.358ms returns FALSE
T9088 127:007.472 JLINK_IsHalted()
T9088 127:007.896 - 0.418ms returns FALSE
T9088 127:007.936 JLINK_IsHalted()
T9088 127:008.232 - 0.297ms returns FALSE
T9088 127:117.392 JLINK_IsHalted()
T9088 127:117.824 - 0.424ms returns FALSE
T9088 127:117.848 JLINK_IsHalted()
T9088 127:118.184 - 0.336ms returns FALSE
T9088 127:226.472 JLINK_IsHalted()
T9088 127:227.008 - 0.539ms returns FALSE
T9088 127:227.056 JLINK_IsHalted()
T9088 127:227.416 - 0.352ms returns FALSE
T9088 127:335.424 JLINK_IsHalted()
T9088 127:335.808 - 0.386ms returns FALSE
T9088 127:335.832 JLINK_IsHalted()
T9088 127:336.208 - 0.369ms returns FALSE
T9088 127:445.400 JLINK_IsHalted()
T9088 127:445.872 - 0.475ms returns FALSE
T9088 127:445.936 JLINK_IsHalted()
T9088 127:446.312 - 0.363ms returns FALSE
T9088 127:554.456 JLINK_IsHalted()
T9088 127:554.920 - 0.454ms returns FALSE
T9088 127:554.960 JLINK_IsHalted()
T9088 127:555.264 - 0.309ms returns FALSE
T9088 127:663.512 JLINK_IsHalted()
T9088 127:663.896 - 0.384ms returns FALSE
T9088 127:663.936 JLINK_IsHalted()
T9088 127:664.240 - 0.300ms returns FALSE
T9088 127:773.696 JLINK_IsHalted()
T9088 127:774.096 - 0.393ms returns FALSE
T9088 127:774.160 JLINK_IsHalted()
T9088 127:774.512 - 0.360ms returns FALSE
T9088 127:882.432 JLINK_IsHalted()
T9088 127:882.880 - 0.449ms returns FALSE
T9088 127:882.928 JLINK_IsHalted()
T9088 127:883.288 - 0.354ms returns FALSE
T3E8C 127:898.832 JLINK_IsHalted()
T3E8C 127:899.432 - 0.591ms returns FALSE
T3E8C 127:899.496 JLINK_IsHalted()
T3E8C 127:900.008 - 0.504ms returns FALSE
T9088 127:992.472 JLINK_IsHalted()
T9088 127:993.040 - 0.563ms returns FALSE
T9088 127:993.128 JLINK_IsHalted()
T9088 127:993.552 - 0.421ms returns FALSE
T9088 128:101.416 JLINK_IsHalted()
T9088 128:101.848 - 0.428ms returns FALSE
T9088 128:101.888 JLINK_IsHalted()
T9088 128:102.232 - 0.342ms returns FALSE
T9088 128:210.448 JLINK_IsHalted()
T9088 128:210.896 - 0.449ms returns FALSE
T9088 128:210.944 JLINK_IsHalted()
T9088 128:211.288 - 0.341ms returns FALSE
T9088 128:320.432 JLINK_IsHalted()
T9088 128:320.912 - 0.471ms returns FALSE
T9088 128:320.960 JLINK_IsHalted()
T9088 128:321.264 - 0.309ms returns FALSE
T9088 128:429.424 JLINK_IsHalted()
T9088 128:429.888 - 0.466ms returns FALSE
T9088 128:429.928 JLINK_IsHalted()
T9088 128:430.288 - 0.349ms returns FALSE
T9088 128:538.496 JLINK_IsHalted()
T9088 128:538.880 - 0.373ms returns FALSE
T9088 128:538.904 JLINK_IsHalted()
T9088 128:539.240 - 0.338ms returns FALSE
T9088 128:648.400 JLINK_IsHalted()
T9088 128:648.816 - 0.412ms returns FALSE
T9088 128:648.848 JLINK_IsHalted()
T9088 128:649.192 - 0.348ms returns FALSE
T9088 128:757.464 JLINK_IsHalted()
T9088 128:757.904 - 0.431ms returns FALSE
T9088 128:757.936 JLINK_IsHalted()
T9088 128:758.312 - 0.366ms returns FALSE
T9088 128:867.472 JLINK_IsHalted()
T9088 128:867.824 - 0.360ms returns FALSE
T9088 128:867.856 JLINK_IsHalted()
T9088 128:868.144 - 0.297ms returns FALSE
T3E8C 128:900.632 JLINK_IsHalted()
T3E8C 128:900.976 - 0.342ms returns FALSE
T3E8C 128:900.992 JLINK_IsHalted()
T3E8C 128:901.272 - 0.276ms returns FALSE
T9088 128:976.424 JLINK_IsHalted()
T9088 128:976.768 - 0.344ms returns FALSE
T9088 128:976.792 JLINK_IsHalted()
T9088 128:977.152 - 0.350ms returns FALSE
T9088 129:085.552 JLINK_IsHalted()
T9088 129:085.976 - 0.427ms returns FALSE
T9088 129:086.016 JLINK_IsHalted()
T9088 129:086.312 - 0.288ms returns FALSE
T9088 129:195.440 JLINK_IsHalted()
T9088 129:195.864 - 0.422ms returns FALSE
T9088 129:195.952 JLINK_IsHalted()
T9088 129:196.336 - 0.385ms returns FALSE
T9088 129:304.432 JLINK_IsHalted()
T9088 129:304.784 - 0.349ms returns FALSE
T9088 129:304.832 JLINK_IsHalted()
T9088 129:305.112 - 0.281ms returns FALSE
T9088 129:413.416 JLINK_IsHalted()
T9088 129:413.840 - 0.430ms returns FALSE
T9088 129:413.888 JLINK_IsHalted()
T9088 129:414.192 - 0.305ms returns FALSE
T9088 129:523.480 JLINK_IsHalted()
T9088 129:524.048 - 0.556ms returns FALSE
T9088 129:524.120 JLINK_IsHalted()
T9088 129:524.520 - 0.393ms returns FALSE
T9088 129:632.464 JLINK_IsHalted()
T9088 129:632.984 - 0.529ms returns FALSE
T9088 129:633.040 JLINK_IsHalted()
T9088 129:633.368 - 0.330ms returns FALSE
T9088 129:742.416 JLINK_IsHalted()
T9088 129:742.768 - 0.365ms returns FALSE
T9088 129:742.800 JLINK_IsHalted()
T9088 129:743.080 - 0.276ms returns FALSE
T9088 129:851.392 JLINK_IsHalted()
T9088 129:851.752 - 0.358ms returns FALSE
T9088 129:851.776 JLINK_IsHalted()
T9088 129:852.144 - 0.372ms returns FALSE
T3E8C 129:902.592 JLINK_IsHalted()
T3E8C 129:902.896 - 0.299ms returns FALSE
T3E8C 129:902.912 JLINK_IsHalted()
T3E8C 129:903.272 - 0.351ms returns FALSE
T9088 129:960.448 JLINK_IsHalted()
T9088 129:960.816 - 0.363ms returns FALSE
T9088 129:960.856 JLINK_IsHalted()
T9088 129:961.152 - 0.289ms returns FALSE
T9088 130:070.440 JLINK_IsHalted()
T9088 130:070.808 - 0.366ms returns FALSE
T9088 130:070.832 JLINK_IsHalted()
T9088 130:071.144 - 0.314ms returns FALSE
T9088 130:179.440 JLINK_IsHalted()
T9088 130:179.816 - 0.376ms returns FALSE
T9088 130:179.840 JLINK_IsHalted()
T9088 130:180.176 - 0.332ms returns FALSE
T9088 130:288.448 JLINK_IsHalted()
T9088 130:288.856 - 0.407ms returns FALSE
T9088 130:288.896 JLINK_IsHalted()
T9088 130:289.216 - 0.319ms returns FALSE
T9088 130:398.464 JLINK_IsHalted()
T9088 130:399.016 - 0.539ms returns FALSE
T9088 130:399.056 JLINK_IsHalted()
T9088 130:399.400 - 0.341ms returns FALSE
T9088 130:507.392 JLINK_IsHalted()
T9088 130:507.792 - 0.398ms returns FALSE
T9088 130:507.840 JLINK_IsHalted()
T9088 130:508.200 - 0.350ms returns FALSE
T9088 130:616.576 JLINK_IsHalted()
T9088 130:617.048 - 0.470ms returns FALSE
T9088 130:617.072 JLINK_IsHalted()
T9088 130:617.496 - 0.419ms returns FALSE
T9088 130:726.608 JLINK_IsHalted()
T9088 130:727.064 - 0.470ms returns FALSE
T9088 130:727.088 JLINK_IsHalted()
T9088 130:727.504 - 0.406ms returns FALSE
T9088 130:835.544 JLINK_IsHalted()
T9088 130:835.984 - 0.429ms returns FALSE
T9088 130:836.008 JLINK_IsHalted()
T9088 130:836.272 - 0.262ms returns FALSE
T3E8C 130:903.936 JLINK_IsHalted()
T3E8C 130:904.296 - 0.353ms returns FALSE
T3E8C 130:904.304 JLINK_IsHalted()
T3E8C 130:904.600 - 0.292ms returns FALSE
T9088 130:944.536 JLINK_IsHalted()
T9088 130:944.984 - 0.447ms returns FALSE
T9088 130:945.008 JLINK_IsHalted()
T9088 130:945.320 - 0.299ms returns FALSE
T9088 131:054.704 JLINK_IsHalted()
T9088 131:055.040 - 0.328ms returns FALSE
T9088 131:055.056 JLINK_IsHalted()
T9088 131:055.336 - 0.277ms returns FALSE
T9088 131:163.712 JLINK_IsHalted()
T9088 131:164.136 - 0.420ms returns FALSE
T9088 131:164.144 JLINK_IsHalted()
T9088 131:164.520 - 0.360ms returns FALSE
T9088 131:272.680 JLINK_IsHalted()
T9088 131:273.040 - 0.366ms returns FALSE
T9088 131:273.064 JLINK_IsHalted()
T9088 131:273.424 - 0.353ms returns FALSE
T9088 131:382.696 JLINK_IsHalted()
T9088 131:383.040 - 0.340ms returns FALSE
T9088 131:383.064 JLINK_IsHalted()
T9088 131:383.336 - 0.265ms returns FALSE
T9088 131:491.712 JLINK_IsHalted()
T9088 131:492.048 - 0.338ms returns FALSE
T9088 131:492.096 JLINK_IsHalted()
T9088 131:492.368 - 0.277ms returns FALSE
T9088 131:601.712 JLINK_IsHalted()
T9088 131:602.352 - 0.636ms returns FALSE
T9088 131:602.408 JLINK_IsHalted()
T9088 131:602.984 - 0.581ms returns FALSE
T9088 131:710.720 JLINK_IsHalted()
T9088 131:711.080 - 0.356ms returns FALSE
T9088 131:711.128 JLINK_IsHalted()
T9088 131:711.408 - 0.281ms returns FALSE
T9088 131:819.856 JLINK_IsHalted()
T9088 131:820.224 - 0.365ms returns FALSE
T9088 131:820.264 JLINK_IsHalted()
T9088 131:820.624 - 0.353ms returns FALSE
T3E8C 131:904.944 JLINK_IsHalted()
T3E8C 131:905.296 - 0.352ms returns FALSE
T3E8C 131:905.320 JLINK_IsHalted()
T3E8C 131:905.688 - 0.367ms returns FALSE
T9088 131:929.832 JLINK_IsHalted()
T9088 131:930.152 - 0.318ms returns FALSE
T9088 131:930.160 JLINK_IsHalted()
T9088 131:930.416 - 0.255ms returns FALSE
T9088 132:038.832 JLINK_IsHalted()
T9088 132:039.184 - 0.352ms returns FALSE
T9088 132:039.216 JLINK_IsHalted()
T9088 132:039.536 - 0.324ms returns FALSE
T9088 132:147.728 JLINK_IsHalted()
T9088 132:148.160 - 0.426ms returns FALSE
T9088 132:148.184 JLINK_IsHalted()
T9088 132:148.464 - 0.285ms returns FALSE
T9088 132:257.872 JLINK_IsHalted()
T9088 132:258.240 - 0.372ms returns FALSE
T9088 132:258.280 JLINK_IsHalted()
T9088 132:258.600 - 0.315ms returns FALSE
T9088 132:366.832 JLINK_IsHalted()
T9088 132:367.248 - 0.408ms returns FALSE
T9088 132:367.272 JLINK_IsHalted()
T9088 132:367.592 - 0.321ms returns FALSE
T9088 132:475.840 JLINK_IsHalted()
T9088 132:476.160 - 0.321ms returns FALSE
T9088 132:476.184 JLINK_IsHalted()
T9088 132:476.568 - 0.382ms returns FALSE
T9088 132:585.688 JLINK_IsHalted()
T9088 132:586.032 - 0.342ms returns FALSE
T9088 132:586.048 JLINK_IsHalted()
T9088 132:586.328 - 0.283ms returns FALSE
T9088 132:694.848 JLINK_IsHalted()
T9088 132:695.184 - 0.336ms returns FALSE
T9088 132:695.216 JLINK_IsHalted()
T9088 132:695.472 - 0.265ms returns FALSE
T9088 132:804.816 JLINK_IsHalted()
T9088 132:805.184 - 0.366ms returns FALSE
T9088 132:805.208 JLINK_IsHalted()
T9088 132:805.488 - 0.286ms returns FALSE
T3E8C 132:906.032 JLINK_IsHalted()
T3E8C 132:906.408 - 0.363ms returns FALSE
T3E8C 132:906.416 JLINK_IsHalted()
T3E8C 132:906.704 - 0.278ms returns FALSE
T9088 132:913.832 JLINK_IsHalted()
T9088 132:914.152 - 0.322ms returns FALSE
T9088 132:914.176 JLINK_IsHalted()
T9088 132:914.448 - 0.268ms returns FALSE
T9088 133:022.872 JLINK_IsHalted()
T9088 133:023.232 - 0.360ms returns FALSE
T9088 133:023.248 JLINK_IsHalted()
T9088 133:023.704 - 0.458ms returns FALSE
T9088 133:132.816 JLINK_IsHalted()
T9088 133:133.264 - 0.444ms returns FALSE
T9088 133:133.296 JLINK_IsHalted()
T9088 133:133.672 - 0.367ms returns FALSE
T9088 133:241.792 JLINK_IsHalted()
T9088 133:242.216 - 0.418ms returns FALSE
T9088 133:242.240 JLINK_IsHalted()
T9088 133:242.624 - 0.388ms returns FALSE
T9088 133:351.792 JLINK_IsHalted()
T9088 133:352.128 - 0.341ms returns FALSE
T9088 133:352.152 JLINK_IsHalted()
T9088 133:352.408 - 0.262ms returns FALSE
T9088 133:460.816 JLINK_IsHalted()
T9088 133:461.136 - 0.317ms returns FALSE
T9088 133:461.160 JLINK_IsHalted()
T9088 133:461.592 - 0.431ms returns FALSE
T9088 133:570.160 JLINK_IsHalted()
T9088 133:570.688 - 0.521ms returns FALSE
T9088 133:570.776 JLINK_IsHalted()
T9088 133:571.160 - 0.386ms returns FALSE
T9088 133:679.016 JLINK_IsHalted()
T9088 133:679.472 - 0.472ms returns FALSE
T9088 133:679.504 JLINK_IsHalted()
T9088 133:679.872 - 0.372ms returns FALSE
T9088 133:788.992 JLINK_IsHalted()
T9088 133:789.360 - 0.375ms returns FALSE
T9088 133:789.376 JLINK_IsHalted()
T9088 133:789.840 - 0.457ms returns FALSE
T9088 133:898.576 JLINK_IsHalted()
T9088 133:898.968 - 0.386ms returns FALSE
T9088 133:899.008 JLINK_IsHalted()
T9088 133:899.264 - 0.258ms returns FALSE
T3E8C 133:907.264 JLINK_IsHalted()
T3E8C 133:907.624 - 0.353ms returns FALSE
T3E8C 133:907.632 JLINK_IsHalted()
T3E8C 133:908.008 - 0.364ms returns FALSE
T9088 134:008.040 JLINK_IsHalted()
T9088 134:008.368 - 0.330ms returns FALSE
T9088 134:008.400 JLINK_IsHalted()
T9088 134:008.656 - 0.249ms returns FALSE
T9088 134:116.976 JLINK_IsHalted()
T9088 134:117.328 - 0.348ms returns FALSE
T9088 134:117.360 JLINK_IsHalted()
T9088 134:117.616 - 0.259ms returns FALSE
T9088 134:225.952 JLINK_IsHalted()
T9088 134:226.304 - 0.359ms returns FALSE
T9088 134:226.336 JLINK_IsHalted()
T9088 134:226.624 - 0.280ms returns FALSE
T9088 134:335.920 JLINK_IsHalted()
T9088 134:336.368 - 0.454ms returns FALSE
T9088 134:336.400 JLINK_IsHalted()
T9088 134:336.640 - 0.248ms returns FALSE
T9088 134:445.024 JLINK_IsHalted()
T9088 134:445.536 - 0.514ms returns FALSE
T9088 134:445.600 JLINK_IsHalted()
T9088 134:445.888 - 0.302ms returns FALSE
T9088 134:555.008 JLINK_IsHalted()
T9088 134:555.424 - 0.425ms returns FALSE
T9088 134:555.440 JLINK_IsHalted()
T9088 134:555.840 - 0.386ms returns FALSE
T9088 134:664.016 JLINK_IsHalted()
T9088 134:664.416 - 0.390ms returns FALSE
T9088 134:664.432 JLINK_IsHalted()
T9088 134:664.688 - 0.256ms returns FALSE
T9088 134:774.528 JLINK_IsHalted()
T9088 134:775.088 - 0.568ms returns FALSE
T9088 134:775.184 JLINK_IsHalted()
T9088 134:775.552 - 0.362ms returns FALSE
T9088 134:882.976 JLINK_IsHalted()
T9088 134:883.376 - 0.411ms returns FALSE
T9088 134:883.424 JLINK_IsHalted()
T9088 134:883.744 - 0.319ms returns FALSE
T3E8C 134:908.368 JLINK_IsHalted()
T3E8C 134:908.752 - 0.383ms returns FALSE
T3E8C 134:908.784 JLINK_IsHalted()
T3E8C 134:909.152 - 0.350ms returns FALSE
T9088 134:991.904 JLINK_IsHalted()
T9088 134:992.224 - 0.333ms returns FALSE
T9088 134:992.240 JLINK_IsHalted()
T9088 134:992.528 - 0.282ms returns FALSE
T9088 135:101.136 JLINK_IsHalted()
T9088 135:101.552 - 0.419ms returns FALSE
T9088 135:101.568 JLINK_IsHalted()
T9088 135:101.856 - 0.286ms returns FALSE
T9088 135:211.200 JLINK_IsHalted()
T9088 135:211.552 - 0.347ms returns FALSE
T9088 135:211.568 JLINK_IsHalted()
T9088 135:211.952 - 0.380ms returns FALSE
T9088 135:320.160 JLINK_IsHalted()
T9088 135:320.560 - 0.393ms returns FALSE
T9088 135:320.576 JLINK_IsHalted()
T9088 135:320.960 - 0.378ms returns FALSE
T9088 135:429.216 JLINK_IsHalted()
T9088 135:429.584 - 0.369ms returns FALSE
T9088 135:429.616 JLINK_IsHalted()
T9088 135:429.872 - 0.253ms returns FALSE
T9088 135:539.232 JLINK_IsHalted()
T9088 135:539.712 - 0.482ms returns FALSE
T9088 135:539.744 JLINK_IsHalted()
T9088 135:540.176 - 0.443ms returns FALSE
T9088 135:648.560 JLINK_IsHalted()
T9088 135:649.024 - 0.461ms returns FALSE
T9088 135:649.072 JLINK_IsHalted()
T9088 135:649.504 - 0.421ms returns FALSE
T9088 135:757.136 JLINK_IsHalted()
T9088 135:759.120 - 1.980ms returns FALSE
T9088 135:759.184 JLINK_IsHalted()
T9088 135:759.520 - 0.340ms returns FALSE
T9088 135:867.136 JLINK_IsHalted()
T9088 135:867.456 - 0.320ms returns FALSE
T9088 135:867.488 JLINK_IsHalted()
T9088 135:867.840 - 0.347ms returns FALSE
T3E8C 135:909.408 JLINK_IsHalted()
T3E8C 135:909.760 - 0.351ms returns FALSE
T3E8C 135:909.776 JLINK_IsHalted()
T3E8C 135:910.192 - 0.411ms returns FALSE
T9088 135:976.128 JLINK_IsHalted()
T9088 135:976.480 - 0.355ms returns FALSE
T9088 135:976.512 JLINK_IsHalted()
T9088 135:976.832 - 0.315ms returns FALSE
T9088 136:086.784 JLINK_IsHalted()
T9088 136:087.136 - 0.354ms returns FALSE
T9088 136:087.152 JLINK_IsHalted()
T9088 136:087.456 - 0.291ms returns FALSE
T9088 136:195.168 JLINK_IsHalted()
T9088 136:195.552 - 0.385ms returns FALSE
T9088 136:195.616 JLINK_IsHalted()
T9088 136:195.968 - 0.357ms returns FALSE
T9088 136:304.112 JLINK_IsHalted()
T9088 136:304.592 - 0.462ms returns FALSE
T9088 136:304.608 JLINK_IsHalted()
T9088 136:304.992 - 0.383ms returns FALSE
T9088 136:414.256 JLINK_IsHalted()
T9088 136:414.592 - 0.328ms returns FALSE
T9088 136:414.624 JLINK_IsHalted()
T9088 136:414.944 - 0.323ms returns FALSE
T9088 136:523.264 JLINK_IsHalted()
T9088 136:523.744 - 0.470ms returns FALSE
T9088 136:523.808 JLINK_IsHalted()
T9088 136:524.384 - 0.573ms returns FALSE
T9088 136:632.352 JLINK_IsHalted()
T9088 136:632.768 - 0.423ms returns FALSE
T9088 136:632.800 JLINK_IsHalted()
T9088 136:633.168 - 0.356ms returns FALSE
T9088 136:742.352 JLINK_IsHalted()
T9088 136:742.688 - 0.335ms returns FALSE
T9088 136:742.720 JLINK_IsHalted()
T9088 136:743.056 - 0.339ms returns FALSE
T9088 136:851.440 JLINK_IsHalted()
T9088 136:851.824 - 0.381ms returns FALSE
T9088 136:851.856 JLINK_IsHalted()
T9088 136:852.112 - 0.256ms returns FALSE
T3E8C 136:911.008 JLINK_IsHalted()
T3E8C 136:911.488 - 0.491ms returns FALSE
T3E8C 136:911.584 JLINK_IsHalted()
T3E8C 136:912.192 - 0.608ms returns FALSE
T9088 136:960.496 JLINK_IsHalted()
T9088 136:961.056 - 0.551ms returns FALSE
T9088 136:961.088 JLINK_IsHalted()
T9088 136:961.552 - 0.468ms returns FALSE
T9088 137:071.104 JLINK_IsHalted()
T9088 137:071.472 - 0.376ms returns FALSE
T9088 137:071.520 JLINK_IsHalted()
T9088 137:071.808 - 0.289ms returns FALSE
T9088 137:179.488 JLINK_IsHalted()
T9088 137:179.856 - 0.356ms returns FALSE
T9088 137:179.872 JLINK_IsHalted()
T9088 137:180.224 - 0.352ms returns FALSE
T9088 137:288.464 JLINK_IsHalted()
T9088 137:288.832 - 0.366ms returns FALSE
T9088 137:288.848 JLINK_IsHalted()
T9088 137:289.248 - 0.388ms returns FALSE
T9088 137:398.624 JLINK_IsHalted()
T9088 137:399.104 - 0.482ms returns FALSE
T9088 137:399.168 JLINK_IsHalted()
T9088 137:399.504 - 0.338ms returns FALSE
T9088 137:508.976 JLINK_IsHalted()
T9088 137:509.536 - 0.553ms returns FALSE
T9088 137:509.632 JLINK_IsHalted()
T9088 137:510.144 - 0.513ms returns FALSE
T9088 137:616.560 JLINK_IsHalted()
T9088 137:617.168 - 0.570ms returns FALSE
T9088 137:617.216 JLINK_IsHalted()
T9088 137:617.744 - 0.522ms returns FALSE
T9088 137:726.496 JLINK_IsHalted()
T9088 137:726.960 - 0.465ms returns FALSE
T9088 137:727.008 JLINK_IsHalted()
T9088 137:727.328 - 0.322ms returns FALSE
T9088 137:835.504 JLINK_IsHalted()
T9088 137:835.984 - 0.471ms returns FALSE
T9088 137:836.064 JLINK_IsHalted()
T9088 137:836.352 - 0.294ms returns FALSE
T3E8C 137:913.728 JLINK_IsHalted()
T3E8C 137:914.144 - 0.413ms returns FALSE
T3E8C 137:914.208 JLINK_IsHalted()
T3E8C 137:914.512 - 0.294ms returns FALSE
T9088 137:945.504 JLINK_IsHalted()
T9088 137:945.952 - 0.445ms returns FALSE
T9088 137:945.984 JLINK_IsHalted()
T9088 137:946.272 - 0.288ms returns FALSE
T9088 138:054.496 JLINK_IsHalted()
T9088 138:054.944 - 0.454ms returns FALSE
T9088 138:054.976 JLINK_IsHalted()
T9088 138:055.264 - 0.295ms returns FALSE
T9088 138:163.504 JLINK_IsHalted()
T9088 138:163.968 - 0.459ms returns FALSE
T9088 138:164.048 JLINK_IsHalted()
T9088 138:164.384 - 0.348ms returns FALSE
T9088 138:273.536 JLINK_IsHalted()
T9088 138:273.952 - 0.409ms returns FALSE
T9088 138:273.968 JLINK_IsHalted()
T9088 138:274.400 - 0.415ms returns FALSE
T9088 138:382.560 JLINK_IsHalted()
T9088 138:382.992 - 0.416ms returns FALSE
T9088 138:383.024 JLINK_IsHalted()
T9088 138:383.408 - 0.386ms returns FALSE
T9088 138:491.584 JLINK_IsHalted()
T9088 138:492.256 - 0.674ms returns FALSE
T9088 138:492.336 JLINK_IsHalted()
T9088 138:493.136 - 0.792ms returns FALSE
T9088 138:601.536 JLINK_IsHalted()
T9088 138:601.952 - 0.408ms returns FALSE
T9088 138:602.000 JLINK_IsHalted()
T9088 138:602.400 - 0.398ms returns FALSE
T9088 138:710.608 JLINK_IsHalted()
T9088 138:711.024 - 0.424ms returns FALSE
T9088 138:711.072 JLINK_IsHalted()
T9088 138:711.392 - 0.335ms returns FALSE
T9088 138:820.576 JLINK_IsHalted()
T9088 138:821.024 - 0.432ms returns FALSE
T9088 138:821.040 JLINK_IsHalted()
T9088 138:821.344 - 0.296ms returns FALSE
T3E8C 138:915.872 JLINK_IsHalted()
T3E8C 138:916.368 - 0.499ms returns FALSE
T3E8C 138:916.416 JLINK_IsHalted()
T3E8C 138:916.768 - 0.346ms returns FALSE
T9088 138:929.632 JLINK_IsHalted()
T9088 138:929.936 - 0.303ms returns FALSE
T9088 138:929.952 JLINK_IsHalted()
T9088 138:930.240 - 0.281ms returns FALSE
T9088 139:038.560 JLINK_IsHalted()
T9088 139:039.024 - 0.476ms returns FALSE
T9088 139:039.072 JLINK_IsHalted()
T9088 139:039.488 - 0.400ms returns FALSE
T9088 139:148.576 JLINK_IsHalted()
T9088 139:148.944 - 0.357ms returns FALSE
T9088 139:148.960 JLINK_IsHalted()
T9088 139:149.296 - 0.327ms returns FALSE
T9088 139:257.504 JLINK_IsHalted()
T9088 139:257.824 - 0.323ms returns FALSE
T9088 139:257.856 JLINK_IsHalted()
T9088 139:258.144 - 0.291ms returns FALSE
T9088 139:366.640 JLINK_IsHalted()
T9088 139:367.136 - 0.496ms returns FALSE
T9088 139:367.232 JLINK_IsHalted()
T9088 139:367.568 - 0.340ms returns FALSE
T9088 139:476.528 JLINK_IsHalted()
T9088 139:476.944 - 0.407ms returns FALSE
T9088 139:476.960 JLINK_IsHalted()
T9088 139:477.280 - 0.305ms returns FALSE
T9088 139:585.600 JLINK_IsHalted()
T9088 139:585.984 - 0.378ms returns FALSE
T9088 139:586.016 JLINK_IsHalted()
T9088 139:586.320 - 0.292ms returns FALSE
T9088 139:694.672 JLINK_IsHalted()
T9088 139:695.280 - 0.618ms returns FALSE
T9088 139:695.344 JLINK_IsHalted()
T9088 139:695.888 - 0.526ms returns FALSE
T9088 139:804.624 JLINK_IsHalted()
T9088 139:804.960 - 0.346ms returns FALSE
T9088 139:804.992 JLINK_IsHalted()
T9088 139:805.472 - 0.489ms returns FALSE
T9088 139:913.632 JLINK_IsHalted()
T9088 139:914.144 - 0.505ms returns FALSE
T9088 139:914.176 JLINK_IsHalted()
T9088 139:914.464 - 0.293ms returns FALSE
T3E8C 139:916.992 JLINK_IsHalted()
T3E8C 139:917.280 - 0.297ms returns FALSE
T3E8C 139:917.328 JLINK_IsHalted()
T3E8C 139:917.728 - 0.401ms returns FALSE
T9088 140:023.632 JLINK_IsHalted()
T9088 140:023.968 - 0.345ms returns FALSE
T9088 140:023.984 JLINK_IsHalted()
T9088 140:024.272 - 0.279ms returns FALSE
T9088 140:132.640 JLINK_IsHalted()
T9088 140:132.960 - 0.338ms returns FALSE
T9088 140:132.992 JLINK_IsHalted()
T9088 140:133.280 - 0.281ms returns FALSE
T9088 140:241.696 JLINK_IsHalted()
T9088 140:242.160 - 0.449ms returns FALSE
T9088 140:242.176 JLINK_IsHalted()
T9088 140:242.464 - 0.282ms returns FALSE
T9088 140:351.600 JLINK_IsHalted()
T9088 140:352.032 - 0.441ms returns FALSE
T9088 140:352.096 JLINK_IsHalted()
T9088 140:352.384 - 0.300ms returns FALSE
T9088 140:460.640 JLINK_IsHalted()
T9088 140:461.024 - 0.380ms returns FALSE
T9088 140:461.040 JLINK_IsHalted()
T9088 140:461.360 - 0.317ms returns FALSE
T9088 140:569.680 JLINK_IsHalted()
T9088 140:570.048 - 0.373ms returns FALSE
T9088 140:570.080 JLINK_IsHalted()
T9088 140:570.384 - 0.299ms returns FALSE
T9088 140:679.712 JLINK_IsHalted()
T9088 140:680.032 - 0.331ms returns FALSE
T9088 140:680.048 JLINK_IsHalted()
T9088 140:680.336 - 0.278ms returns FALSE
T9088 140:788.832 JLINK_IsHalted()
T9088 140:789.312 - 0.482ms returns FALSE
T9088 140:789.328 JLINK_IsHalted()
T9088 140:789.680 - 0.348ms returns FALSE
T9088 140:897.824 JLINK_IsHalted()
T9088 140:898.208 - 0.404ms returns FALSE
T9088 140:898.240 JLINK_IsHalted()
T9088 140:898.528 - 0.290ms returns FALSE
T3E8C 140:918.112 JLINK_IsHalted()
T3E8C 140:918.464 - 0.348ms returns FALSE
T3E8C 140:918.496 JLINK_IsHalted()
T3E8C 140:918.816 - 0.324ms returns FALSE
T9088 141:008.288 JLINK_IsHalted()
T9088 141:008.656 - 0.369ms returns FALSE
T9088 141:008.672 JLINK_IsHalted()
T9088 141:009.120 - 0.444ms returns FALSE
T9088 141:116.768 JLINK_IsHalted()
T9088 141:117.104 - 0.349ms returns FALSE
T9088 141:117.136 JLINK_IsHalted()
T9088 141:117.504 - 0.369ms returns FALSE
T9088 141:226.608 JLINK_IsHalted()
T9088 141:227.024 - 0.402ms returns FALSE
T9088 141:227.056 JLINK_IsHalted()
T9088 141:227.408 - 0.355ms returns FALSE
T9088 141:335.776 JLINK_IsHalted()
T9088 141:336.176 - 0.398ms returns FALSE
T9088 141:336.224 JLINK_IsHalted()
T9088 141:336.512 - 0.299ms returns FALSE
T9088 141:444.576 JLINK_IsHalted()
T9088 141:444.928 - 0.342ms returns FALSE
T9088 141:444.960 JLINK_IsHalted()
T9088 141:445.232 - 0.273ms returns FALSE
T9088 141:554.704 JLINK_IsHalted()
T9088 141:555.120 - 0.426ms returns FALSE
T9088 141:555.152 JLINK_IsHalted()
T9088 141:555.424 - 0.286ms returns FALSE
T9088 141:663.776 JLINK_IsHalted()
T9088 141:664.208 - 0.429ms returns FALSE
T9088 141:664.256 JLINK_IsHalted()
T9088 141:664.528 - 0.272ms returns FALSE
T9088 141:772.752 JLINK_IsHalted()
T9088 141:773.104 - 0.349ms returns FALSE
T9088 141:773.120 JLINK_IsHalted()
T9088 141:773.408 - 0.283ms returns FALSE
T9088 141:882.640 JLINK_IsHalted()
T9088 141:882.976 - 0.336ms returns FALSE
T9088 141:882.976 JLINK_IsHalted()
T9088 141:883.280 - 0.289ms returns FALSE
T3E8C 141:919.984 JLINK_IsHalted()
T3E8C 141:920.384 - 0.399ms returns FALSE
T3E8C 141:920.416 JLINK_IsHalted()
T3E8C 141:920.688 - 0.278ms returns FALSE
T9088 141:991.616 JLINK_IsHalted()
T9088 141:992.128 - 0.505ms returns FALSE
T9088 141:992.160 JLINK_IsHalted()
T9088 141:992.640 - 0.490ms returns FALSE
T9088 142:101.728 JLINK_IsHalted()
T9088 142:102.112 - 0.400ms returns FALSE
T9088 142:102.160 JLINK_IsHalted()
T9088 142:102.464 - 0.300ms returns FALSE
T9088 142:210.672 JLINK_IsHalted()
T9088 142:211.168 - 0.478ms returns FALSE
T9088 142:211.184 JLINK_IsHalted()
T9088 142:211.520 - 0.327ms returns FALSE
T9088 142:319.632 JLINK_IsHalted()
T9088 142:320.144 - 0.513ms returns FALSE
T9088 142:320.208 JLINK_IsHalted()
T9088 142:320.544 - 0.344ms returns FALSE
T9088 142:429.664 JLINK_IsHalted()
T9088 142:430.064 - 0.394ms returns FALSE
T9088 142:430.112 JLINK_IsHalted()
T9088 142:430.432 - 0.333ms returns FALSE
T9088 142:538.672 JLINK_IsHalted()
T9088 142:539.088 - 0.409ms returns FALSE
T9088 142:539.104 JLINK_IsHalted()
T9088 142:539.408 - 0.287ms returns FALSE
T9088 142:648.640 JLINK_IsHalted()
T9088 142:648.992 - 0.365ms returns FALSE
T9088 142:649.040 JLINK_IsHalted()
T9088 142:649.312 - 0.265ms returns FALSE
T9088 142:757.728 JLINK_IsHalted()
T9088 142:758.160 - 0.439ms returns FALSE
T9088 142:758.192 JLINK_IsHalted()
T9088 142:758.464 - 0.275ms returns FALSE
T9088 142:866.592 JLINK_IsHalted()
T9088 142:866.960 - 0.365ms returns FALSE
T9088 142:866.976 JLINK_IsHalted()
T9088 142:867.264 - 0.281ms returns FALSE
T3E8C 142:920.848 JLINK_IsHalted()
T3E8C 142:921.216 - 0.373ms returns FALSE
T3E8C 142:921.232 JLINK_IsHalted()
T3E8C 142:921.520 - 0.288ms returns FALSE
T9088 142:976.608 JLINK_IsHalted()
T9088 142:976.992 - 0.379ms returns FALSE
T9088 142:977.008 JLINK_IsHalted()
T9088 142:977.312 - 0.285ms returns FALSE
T9088 143:085.664 JLINK_IsHalted()
T9088 143:086.032 - 0.376ms returns FALSE
T9088 143:086.064 JLINK_IsHalted()
T9088 143:086.368 - 0.290ms returns FALSE
T9088 143:194.656 JLINK_IsHalted()
T9088 143:195.136 - 0.475ms returns FALSE
T9088 143:195.168 JLINK_IsHalted()
T9088 143:195.456 - 0.279ms returns FALSE
T9088 143:304.656 JLINK_IsHalted()
T9088 143:305.040 - 0.377ms returns FALSE
T9088 143:305.056 JLINK_IsHalted()
T9088 143:305.328 - 0.268ms returns FALSE
T9088 143:413.600 JLINK_IsHalted()
T9088 143:413.968 - 0.359ms returns FALSE
T9088 143:413.984 JLINK_IsHalted()
T9088 143:414.304 - 0.319ms returns FALSE
T9088 143:523.776 JLINK_IsHalted()
T9088 143:524.128 - 0.352ms returns FALSE
T9088 143:524.176 JLINK_IsHalted()
T9088 143:524.432 - 0.265ms returns FALSE
T9088 143:632.656 JLINK_IsHalted()
T9088 143:633.056 - 0.399ms returns FALSE
T9088 143:633.088 JLINK_IsHalted()
T9088 143:633.696 - 0.609ms returns FALSE
T9088 143:741.648 JLINK_IsHalted()
T9088 143:742.176 - 0.535ms returns FALSE
T9088 143:742.240 JLINK_IsHalted()
T9088 143:742.768 - 0.531ms returns FALSE
T9088 143:851.632 JLINK_IsHalted()
T9088 143:852.000 - 0.363ms returns FALSE
T9088 143:852.016 JLINK_IsHalted()
T9088 143:852.272 - 0.261ms returns FALSE
T3E8C 143:922.784 JLINK_IsHalted()
T3E8C 143:923.184 - 0.400ms returns FALSE
T3E8C 143:923.216 JLINK_IsHalted()
T3E8C 143:923.504 - 0.289ms returns FALSE
T9088 143:960.656 JLINK_IsHalted()
T9088 143:961.120 - 0.464ms returns FALSE
T9088 143:961.168 JLINK_IsHalted()
T9088 143:961.424 - 0.264ms returns FALSE
T9088 144:069.632 JLINK_IsHalted()
T9088 144:069.984 - 0.358ms returns FALSE
T9088 144:070.032 JLINK_IsHalted()
T9088 144:070.304 - 0.266ms returns FALSE
T9088 144:179.600 JLINK_IsHalted()
T9088 144:180.000 - 0.391ms returns FALSE
T9088 144:180.016 JLINK_IsHalted()
T9088 144:180.288 - 0.265ms returns FALSE
T9088 144:288.640 JLINK_IsHalted()
T9088 144:289.024 - 0.379ms returns FALSE
T9088 144:289.056 JLINK_IsHalted()
T9088 144:289.344 - 0.296ms returns FALSE
T9088 144:398.768 JLINK_IsHalted()
T9088 144:399.248 - 0.470ms returns FALSE
T9088 144:399.280 JLINK_IsHalted()
T9088 144:399.584 - 0.297ms returns FALSE
T9088 144:507.616 JLINK_IsHalted()
T9088 144:508.000 - 0.380ms returns FALSE
T9088 144:508.032 JLINK_IsHalted()
T9088 144:508.304 - 0.269ms returns FALSE
T9088 144:616.640 JLINK_IsHalted()
T9088 144:617.040 - 0.396ms returns FALSE
T9088 144:617.072 JLINK_IsHalted()
T9088 144:617.392 - 0.325ms returns FALSE
T9088 144:726.688 JLINK_IsHalted()
T9088 144:727.120 - 0.420ms returns FALSE
T9088 144:727.152 JLINK_IsHalted()
T9088 144:727.648 - 0.476ms returns FALSE
T9088 144:835.648 JLINK_IsHalted()
T9088 144:836.016 - 0.376ms returns FALSE
T9088 144:836.048 JLINK_IsHalted()
T9088 144:836.400 - 0.353ms returns FALSE
T3E8C 144:924.064 JLINK_IsHalted()
T3E8C 144:924.480 - 0.413ms returns FALSE
T3E8C 144:924.512 JLINK_IsHalted()
T3E8C 144:924.992 - 0.466ms returns FALSE
T9088 144:944.592 JLINK_IsHalted()
T9088 144:945.120 - 0.519ms returns FALSE
T9088 144:945.200 JLINK_IsHalted()
T9088 144:945.632 - 0.421ms returns FALSE
T9088 145:054.688 JLINK_IsHalted()
T9088 145:055.152 - 0.465ms returns FALSE
T9088 145:055.200 JLINK_IsHalted()
T9088 145:055.520 - 0.318ms returns FALSE
T9088 145:163.712 JLINK_IsHalted()
T9088 145:164.112 - 0.402ms returns FALSE
T9088 145:164.160 JLINK_IsHalted()
T9088 145:164.432 - 0.275ms returns FALSE
T9088 145:273.616 JLINK_IsHalted()
T9088 145:274.000 - 0.378ms returns FALSE
T9088 145:274.032 JLINK_IsHalted()
T9088 145:274.336 - 0.295ms returns FALSE
T9088 145:382.656 JLINK_IsHalted()
T9088 145:383.072 - 0.410ms returns FALSE
T9088 145:383.104 JLINK_IsHalted()
T9088 145:383.392 - 0.297ms returns FALSE
T9088 145:491.632 JLINK_IsHalted()
T9088 145:492.016 - 0.385ms returns FALSE
T9088 145:492.048 JLINK_IsHalted()
T9088 145:492.448 - 0.415ms returns FALSE
T9088 145:601.632 JLINK_IsHalted()
T9088 145:602.016 - 0.385ms returns FALSE
T9088 145:602.032 JLINK_IsHalted()
T9088 145:602.336 - 0.289ms returns FALSE
T9088 145:710.640 JLINK_IsHalted()
T9088 145:711.120 - 0.476ms returns FALSE
T9088 145:711.152 JLINK_IsHalted()
T9088 145:711.456 - 0.296ms returns FALSE
T9088 145:819.600 JLINK_IsHalted()
T9088 145:820.016 - 0.418ms returns FALSE
T9088 145:820.048 JLINK_IsHalted()
T9088 145:820.352 - 0.300ms returns FALSE
T3E8C 145:925.968 JLINK_IsHalted()
T3E8C 145:926.384 - 0.416ms returns FALSE
T3E8C 145:926.416 JLINK_IsHalted()
T3E8C 145:926.816 - 0.397ms returns FALSE
T9088 145:929.680 JLINK_IsHalted()
T9088 145:930.112 - 0.433ms returns FALSE
T9088 145:930.144 JLINK_IsHalted()
T9088 145:930.528 - 0.387ms returns FALSE
T9088 146:038.672 JLINK_IsHalted()
T9088 146:039.056 - 0.377ms returns FALSE
T9088 146:039.072 JLINK_IsHalted()
T9088 146:039.360 - 0.286ms returns FALSE
T9088 146:148.640 JLINK_IsHalted()
T9088 146:149.024 - 0.384ms returns FALSE
T9088 146:149.040 JLINK_IsHalted()
T9088 146:149.344 - 0.292ms returns FALSE
T9088 146:257.632 JLINK_IsHalted()
T9088 146:258.112 - 0.476ms returns FALSE
T9088 146:258.160 JLINK_IsHalted()
T9088 146:258.432 - 0.268ms returns FALSE
T9088 146:366.640 JLINK_IsHalted()
T9088 146:367.120 - 0.479ms returns FALSE
T9088 146:367.152 JLINK_IsHalted()
T9088 146:367.440 - 0.281ms returns FALSE
T9088 146:476.704 JLINK_IsHalted()
T9088 146:477.120 - 0.419ms returns FALSE
T9088 146:477.152 JLINK_IsHalted()
T9088 146:477.584 - 0.421ms returns FALSE
T9088 146:586.080 JLINK_IsHalted()
T9088 146:586.848 - 0.768ms returns FALSE
T9088 146:587.168 JLINK_IsHalted()
T9088 146:587.728 - 0.572ms returns FALSE
T9088 146:694.880 JLINK_IsHalted()
T9088 146:695.376 - 0.475ms returns FALSE
T9088 146:695.440 JLINK_IsHalted()
T9088 146:695.824 - 0.388ms returns FALSE
T9088 146:804.832 JLINK_IsHalted()
T9088 146:805.152 - 0.317ms returns FALSE
T9088 146:805.168 JLINK_IsHalted()
T9088 146:805.440 - 0.266ms returns FALSE
T9088 146:914.208 JLINK_IsHalted()
T9088 146:914.752 - 0.528ms returns FALSE
T9088 146:914.800 JLINK_IsHalted()
T9088 146:915.280 - 0.471ms returns FALSE
T3E8C 146:927.920 JLINK_IsHalted()
T3E8C 146:928.544 - 0.604ms returns FALSE
T3E8C 146:928.576 JLINK_IsHalted()
T3E8C 146:928.992 - 0.423ms returns FALSE
T9088 147:023.088 JLINK_IsHalted()
T9088 147:023.456 - 0.376ms returns FALSE
T9088 147:023.488 JLINK_IsHalted()
T9088 147:023.920 - 0.441ms returns FALSE
T9088 147:132.064 JLINK_IsHalted()
T9088 147:132.432 - 0.356ms returns FALSE
T9088 147:132.448 JLINK_IsHalted()
T9088 147:132.896 - 0.449ms returns FALSE
T9088 147:242.032 JLINK_IsHalted()
T9088 147:242.400 - 0.362ms returns FALSE
T9088 147:242.432 JLINK_IsHalted()
T9088 147:242.816 - 0.383ms returns FALSE
T9088 147:351.280 JLINK_IsHalted()
T9088 147:351.808 - 0.532ms returns FALSE
T9088 147:351.856 JLINK_IsHalted()
T9088 147:352.192 - 0.335ms returns FALSE
T9088 147:460.240 JLINK_IsHalted()
T9088 147:460.576 - 0.348ms returns FALSE
T9088 147:460.624 JLINK_IsHalted()
T9088 147:460.896 - 0.291ms returns FALSE
T9088 147:570.192 JLINK_IsHalted()
T9088 147:570.832 - 0.638ms returns FALSE
T9088 147:570.864 JLINK_IsHalted()
T9088 147:571.248 - 0.382ms returns FALSE
T9088 147:679.296 JLINK_IsHalted()
T9088 147:679.776 - 0.482ms returns FALSE
T9088 147:679.824 JLINK_IsHalted()
T9088 147:680.256 - 0.431ms returns FALSE
T9088 147:789.088 JLINK_IsHalted()
T9088 147:789.440 - 0.333ms returns FALSE
T9088 147:789.456 JLINK_IsHalted()
T9088 147:789.712 - 0.258ms returns FALSE
T9088 147:898.144 JLINK_IsHalted()
T9088 147:898.496 - 0.361ms returns FALSE
T9088 147:898.528 JLINK_IsHalted()
T9088 147:898.816 - 0.283ms returns FALSE
T3E8C 147:930.304 JLINK_IsHalted()
T3E8C 147:930.704 - 0.391ms returns FALSE
T3E8C 147:930.720 JLINK_IsHalted()
T3E8C 147:931.120 - 0.402ms returns FALSE
T9088 148:007.200 JLINK_IsHalted()
T9088 148:007.584 - 0.364ms returns FALSE
T9088 148:007.600 JLINK_IsHalted()
T9088 148:007.904 - 0.300ms returns FALSE
T9088 148:117.184 JLINK_IsHalted()
T9088 148:117.520 - 0.333ms returns FALSE
T9088 148:117.536 JLINK_IsHalted()
T9088 148:117.808 - 0.272ms returns FALSE
T9088 148:226.080 JLINK_IsHalted()
T9088 148:226.496 - 0.404ms returns FALSE
T9088 148:226.528 JLINK_IsHalted()
T9088 148:226.816 - 0.288ms returns FALSE
T9088 148:336.096 JLINK_IsHalted()
T9088 148:336.416 - 0.334ms returns FALSE
T9088 148:336.464 JLINK_IsHalted()
T9088 148:336.720 - 0.263ms returns FALSE
T9088 148:445.152 JLINK_IsHalted()
T9088 148:445.536 - 0.386ms returns FALSE
T9088 148:445.568 JLINK_IsHalted()
T9088 148:445.920 - 0.357ms returns FALSE
T9088 148:554.272 JLINK_IsHalted()
T9088 148:554.720 - 0.441ms returns FALSE
T9088 148:554.752 JLINK_IsHalted()
T9088 148:555.104 - 0.356ms returns FALSE
T9088 148:664.224 JLINK_IsHalted()
T9088 148:664.784 - 0.556ms returns FALSE
T9088 148:664.896 JLINK_IsHalted()
T9088 148:665.248 - 0.367ms returns FALSE
T9088 148:773.264 JLINK_IsHalted()
T9088 148:773.840 - 0.572ms returns FALSE
T9088 148:773.888 JLINK_IsHalted()
T9088 148:774.416 - 0.518ms returns FALSE
T9088 148:882.176 JLINK_IsHalted()
T9088 148:882.576 - 0.398ms returns FALSE
T9088 148:882.608 JLINK_IsHalted()
T9088 148:883.040 - 0.437ms returns FALSE
T3E8C 148:931.296 JLINK_IsHalted()
T3E8C 148:931.584 - 0.289ms returns FALSE
T3E8C 148:931.616 JLINK_IsHalted()
T3E8C 148:931.904 - 0.294ms returns FALSE
T9088 148:992.112 JLINK_IsHalted()
T9088 148:992.448 - 0.336ms returns FALSE
T9088 148:992.480 JLINK_IsHalted()
T9088 148:992.736 - 0.253ms returns FALSE
T9088 149:101.200 JLINK_IsHalted()
T9088 149:101.584 - 0.386ms returns FALSE
T9088 149:101.616 JLINK_IsHalted()
T9088 149:101.952 - 0.335ms returns FALSE
T9088 149:211.184 JLINK_IsHalted()
T9088 149:211.552 - 0.353ms returns FALSE
T9088 149:211.568 JLINK_IsHalted()
T9088 149:211.904 - 0.327ms returns FALSE
T9088 149:320.096 JLINK_IsHalted()
T9088 150:219.808 - 899.706ms returns ERROR
T46D0 156:844.896   
  ***** Error: 
T46D0 156:845.024   Communication timed out: Requested 76 bytes, received 0 bytes !
T9088 156:845.296 JLINK_IsHalted()
T9088 156:845.472 - 0.189ms returns ERROR
TA7FC 156:846.976 JLINK_Halt()
TA7FC 156:848.864   
  ***** Warning: 
TA7FC 156:848.976   CPU could not be halted
TA7FC 156:848.992 - 2.351ms returns 0x01
TA7FC 156:849.040 JLINK_ReadReg(XPSR)
TA7FC 156:850.848   CPU is running
TA7FC 156:850.928   
  ***** Error: 
TA7FC 156:850.976   Cannot read register 16 (XPSR) while CPU is running
TA7FC 156:851.024 - 1.989ms returns 0x00000000
TA7FC 156:856.496 JLINK_Close()
TA7FC 156:908.048 - 51.552ms
TA7FC 156:908.128   
TA7FC 156:908.160   Closed
