:10000000400D00207D8A0000FD880000798A0000F4
:10001000798A0000798A0000798A0000798A0000D4
:1000200000000000000000000000000001180000B7
:10003000798A0000000000001918000081180000F3
:0C004000553E0000893E0000AD3E00006F
:10004C004E6F206B6579000000000000000000007E
:10005C000000000000000000004B6579626F6172C7
:10006C0064204572726F7220526F6C6C204F7665F3
:10007C0072004B6579626F61726420504F5354204B
:10008C004661696C000000000000004B6579626FEE
:10009C00617264204572726F7220556E6465666978
:1000AC006E6564004B6579626F617264206B657973
:1000BC00206100000000000000000000004B65798A
:1000CC00626F617264206B65792062000000000031
:1000DC000000000000004B6579626F617264206B58
:1000EC006579206300000000000000000000004B58
:1000FC006579626F617264206B6579206400000021
:10010C0000000000000000004B6579626F617264B2
:10011C00206B6579206500000000000000000000E5
:10012C00004B6579626F617264206B6579206600A3
:10013C00000000000000000000004B6579626F6158
:10014C007264206B657920670000000000000000DD
:10015C000000004B6579626F617264206B657920D9
:10016C006800000000000000000000004B65796290
:10017C006F617264206B65792069000000000000DB
:10018C0000000000004B6579626F617264206B6542
:10019C0079206A00000000000000000000004B65A0
:1001AC0079626F617264206B6579206B00000000CE
:1001BC00000000000000004B6579626F61726420E2
:1001CC006B6579206C00000000000000000000004E
:1001DC004B6579626F617264206B6579206D0000EC
:1001EC000000000000000000004B6579626F617236
:1001FC0064206B6579206E00000000000000000098
:10020C0000004B6579626F617264206B6579206FB9
:10021C0000000000000000000000004B6579626FD8
:10022C00617264206B657920700000000000000092
:10023C00000000004B6579626F617264206B657918
:10024C00207100000000000000000000004B6579E8
:10025C00626F617264206B6579207200000000008F
:10026C000000000000004B6579626F617264206BC6
:10027C006579207300000000000000000000004BB6
:10028C006579626F617264206B657920740000007F
:10029C0000000000000000004B6579626F61726421
:1002AC00206B657920750000000000000000000044
:1002BC00004B6579626F617264206B657920760002
:1002CC00000000000000000000004B6579626F61C7
:1002DC007264206B6579207700000000000000003C
:1002EC000000004B6579626F617264206B65792048
:1002FC007800000000000000000000004B657962EF
:10030C006F617264206B6579207900000000000039
:10031C0000000000004B6579626F617264206B65B0
:10032C0079207A00000000000000000000004B65FE
:10033C0079626F617264206B657920310000000076
:10034C00000000000000004B6579626F6172642050
:10035C006B657920320000000000000000000000F6
:10036C004B6579626F617264206B65792033000094
:10037C000000000000000000004B6579626F6172A4
:10038C0064206B6579203400000000000000000040
:10039C0000004B6579626F617264206B6579203562
:1003AC0000000000000000000000004B6579626F47
:1003BC00617264206B65792036000000000000003B
:1003CC00000000004B6579626F617264206B657987
:1003DC00203700000000000000000000004B657991
:1003EC00626F617264206B65792038000000000038
:1003FC000000000000004B6579626F617264206B35
:10040C006579203900000000000000000000004B5E
:10041C006579626F617264206B6579203000000031
:10042C0000000000000000004E6F206B657900009A
:10043C0000000000000000000000000000000000B0
:10044C00004B6579626F617264204572726F722025
:10045C00526F6C6C204F766572004B6579626F61E0
:10046C00726420504F5354204661696C00000000A8
:10047C000000004B6579626F617264204572726F87
:10048C007220556E646566696E6564004B657962B1
:10049C006F617264206B65792041000000000000E0
:1004AC0000000000004B6579626F617264206B651F
:1004BC0079204200000000000000000000004B65A5
:1004CC0079626F617264206B6579204300000000D3
:1004DC00000000000000004B6579626F61726420BF
:1004EC006B65792044000000000000000000000053
:1004FC004B6579626F617264206B657920450000F1
:10050C000000000000000000004B6579626F617212
:10051C0064206B657920460000000000000000009C
:10052C0000004B6579626F617264206B65792047BE
:10053C0000000000000000000000004B6579626FB5
:10054C00617264206B657920480000000000000097
:10055C00000000004B6579626F617264206B6579F5
:10056C00204900000000000000000000004B6579ED
:10057C00626F617264206B6579204A000000000094
:10058C000000000000004B6579626F617264206BA3
:10059C006579204B00000000000000000000004BBB
:1005AC006579626F617264206B6579204C00000084
:1005BC0000000000000000004B6579626F617264FE
:1005CC00206B6579204D0000000000000000000049
:1005DC00004B6579626F617264206B6579204E0007
:1005EC00000000000000000000004B6579626F61A4
:1005FC007264206B6579204F000000000000000041
:10060C000000004B6579626F617264206B65792024
:10061C005000000000000000000000004B657962F3
:10062C006F617264206B657920510000000000003E
:10063C0000000000004B6579626F617264206B658D
:10064C0079205200000000000000000000004B6503
:10065C0079626F617264206B657920530000000031
:10066C00000000000000004B6579626F617264202D
:10067C006B657920540000000000000000000000B1
:10068C004B6579626F617264206B6579205500004F
:10069C000000000000000000004B6579626F617281
:1006AC0064206B65792056000000000000000000FB
:1006BC0000004B6579626F617264206B657920571D
:1006CC0000000000000000000000004B6579626F24
:1006DC00617264206B6579205800000000000000F6
:1006EC00000000004B6579626F617264206B657964
:1006FC00205900000000000000000000004B65794C
:10070C00626F617264206B6579205A0000000000F2
:10071C000000000000004B6579626F617264206B11
:10072C006579202100000000000000000000004B53
:10073C006579626F617264206B65792040000000FE
:10074C0000000000000000004B6579626F6172646C
:10075C00206B6579202300000000000000000000E1
:10076C00004B6579626F617264206B65792024009F
:10077C00000000000000000000004B6579626F6112
:10078C007264206B657920250000000000000000D9
:10079C000000004B6579626F617264206B65792093
:1007AC005E00000000000000000000004B65796254
:1007BC006F617264206B65792026000000000000D8
:1007CC0000000000004B6579626F617264206B65FC
:1007DC0079202A00000000000000000000004B659A
:1007EC0079626F617264206B6579202800000000CB
:1007FC00000000000000004B6579626F617264209C
:10080C006B6579202900000000000000000000004A
:10081C0000000000000000000000000000000000CC
:10082C0000000000000000000000000000000000BC
:10083C0000000000000000000000000000000000AC
:10084C00000000000000000000000000000000009C
:10085C00000000000000000000000000000000008C
:10086C00000000000000000000000000000000007C
:10087C000000000000000000F51C0000551D0000E9
:10088C00000000000000000000000000000000005C
:10089C00000000000000000000000000000000004C
:1008AC00000000000000000000000000000000003C
:1008BC0000000000CC240020C8240020C424002008
:1008CC00C024002000000000BC240020B82400201C
:1008DC00B4240020B0240020AC2400200000000030
:1008EC00702500206C250020682500206025002044
:1008FC00642500205C25002058250020542500206C
:10090C00502500204C25002048250020914900004E
:10091C005949000059490000594900005D4900003F
:10092C00594900005949000059490000E1490000AB
:10093C005949000059490000B949000059490000C3
:10094C005949000059490000ED6900004D6B000049
:10095C00ED690000ED690000ED690000ED69000033
:08096C00C56B0000D169000019
:100974000348044B834202D0034B03B1184770472A
:10098400280900202809002000000000064B074920
:10099400C91A891048BF0131491003D0044B0BB167
:1009A40001481847704700BF280900202809002083
:1009B4000000000010B5064C237843B9FFF7D8FFB8
:1009C400044B13B10448AFF300800123237010BD1E
:1009D400600D00200000000084A2000108B5054B52
:1009E4001BB105490548AFF30080BDE80840FFF797
:1009F400CDBF00BF00000000640D002084A20001F0
:100A04002DE9F041D0E902850446A8EB05074068CA
:100A140097422844154408D80E463A46A5EB0805E3
:100A240009F0A6FD2A466068F11909F0A1FDBFF39B
:100A34005F8FE560BDE8F0812DE9F8434FF00009D0
:100A4400064688461746D0E902243369151B9C42A2
:100A540003F1FF3125BF03F1FF339B180B1B1B1B55
:100A6400BD4228BF3D469D4228BF1D467068414691
:100A74002A46204409F07CFDB2682C44A24208BFF7
:100A84000024A944A8447F1BBFF35F8FF460002FA8
:100A9400DBD14846BDE8F883F8B5164CA8220021FE
:100AA400204609F05DFD4FF4006600230321102069
:100AB400114A124F124D21616161A261E761266200
:100AC400A3626362E36222666566A0662367E366E7
:100AD4006367BFF35F8F0B4B9C46A3F11000ACEB35
:100AE400030213F9011D8342A154F8D1BFF35F8FB0
:100AF400F8BD00BF8C15002090A500008C0D0020CF
:100B04007C0D0020A0AC000038B5214B00EB400464
:100B140003EBC40EDEF82C40013000EB4000012C46
:100B24008C46154603EBC00015D0022C0FD034BB05
:100B3400DEF82830DEF8242093429CBFDEF8201033
:100B44005B18013B9A1A95421CD9204638BDBDE872
:100B54003840FFF771BFDEF82830DEF82440A342A6
:100B64009CBFDEF820105B18013B1C1B944228BF7D
:100B7400144661462246FFF743FF204638BD002451
:100B8400204638BD2A466146FFF73AFF2C46DCE78B
:100B94008C150020F8B50B4B04461B780D46532BDF
:100BA400164601D0FFF778FFEFF311874FF02001CD
:100BB40081F31188324629462046FFF7A5FF87F3C3
:100BC4001188F8BD8C150020D0E9013210B5044617
:100BD400501C984207D8236899540246E168636818
:100BE4000131C4E902019A4200D010BD2168206994
:100BF400FFF7D0FFA368984215BF4FF0FF330023DF
:100C0400E360A36010BD00BF2DE9F84F91420F4689
:100C1400DDE90A94154683461E4668D30B464FF019
:100C24000108B3FBF5F39D4208F10108F9D9B04579
:100C340038BFB04614F0010A02D1B9F1000F3DD11A
:100C4400DBF80C30002B29DB012402E005FB04F463
:100C5400013E012EFAD8B7FBF4F39D4205D805FBFB
:100C640004F4B7FBF4F39D42F9D9224E06E0AC42FA
:100C7400B4FBF5F30CD31C46B7FBF3F3F15658461B
:100C840004FB1377FFF7A0FFDBF80C30002BEEDA40
:100C9400BAF1000F02D0B9F1000F09D1BDE8F88F05
:100CA40020215846FFF790FFDBF80C30002BF5DBD2
:100CB400C14509F1FF39F3D8BDE8F88FA30711D472
:100CC40020240CE021465846FFF77EFFDBF80C3069
:100CD40009F1FF39002BE1DBB9F1000FB2D0C145B6
:100CE400F0D8ADE7002E0CBF30242024F7E74FF0F6
:100CF40001089CE7A4AC00002DE9F04F00234FF459
:100D04000074ADF50B7D0DF12809059480460C4661
:100D14001746CDE90633CDF81090089006E004A8F4
:100D2400FFF752FF079B002BC0F2AF8014F9011BA1
:100D3400002900F0A2802529F1D10026234613F9C9
:100D4400011BA1F123020D2A08D8DFE802F0810774
:100D54000707070707077D0785070779A1F1300211
:100D6400D2B2092A4FF0000501D90EE0013305EB98
:100D7400850501EB450593F900101C46A1F13002ED
:100D8400D2B2092AA5F13005F0D92E2900F08280CB
:100D94000022924694F9001021F00403682B04F118
:100DA40001045DD02529BAD05839CBB2202BB9D84B
:100DB4002029B7D801A353F821F000BFE70E0000A3
:100DC400290D0000290D0000290D0000290D000047
:100DD400290D0000290D0000290D0000290D000037
:100DE400290D0000290D0000030F00008D0F0000E5
:100DF400290D0000290D0000290D0000290D000017
:100E0400290D0000290D0000290D0000290D000006
:100E1400290D0000290D0000290D00006F0F0000AE
:100E2400290D0000290D0000310F0000290D0000DC
:100E3400170F0000290D0000290D0000E70E000027
:100E44001C4646F0020679E71C4646F0040675E7A0
:100E54001C4646F0080671E71C4646F001066DE79D
:100E640014F9011B21F00403682B9BD114F9011B15
:100E740021F00403682B95D1F2E7079B002B04DDD6
:100E8400069C002C40F0B380234418460DF50B7DDE
:100E9400BDE8F08F94F901102A2909D13B684FF07D
:100EA400010A1A1D3A6094F902101A68023473E7B1
:100EB400A1F13003DBB2092B4FF0000204F101046D
:100EC40000F2DD8002EB820201EB420214F9011F01
:100ED400303AA1F13003DBB2092BF3D94FF0010A08
:100EE4005AE713461022386801680430CDE90056E9
:100EF40038600DEB0200FFF787FE079B13E73B68A2
:100F040004A81A1D93F900103A60FFF75DFE079BD1
:100F140009E73868134601680430CDE900560A220F
:100F2400386004A8FFF770FE079BFCE63B68191DB8
:100F340039601D68002D00F08A800132AE1815F961
:100F4400011B00293FF4EEAEBAF1000F02D0B54206
:100F54003FF4E8AE04A8FFF737FE079B002BEEDA58
:100F640018460DF50B7DBDE8F08F082310220025EF
:100F74003868016804303860CDE900350DEB0200B3
:100F8400FFF742FE079BCEE63B684FF0010AD3F819
:100F940000B004333B608BEAEB73A3EBEB73092BD8
:100FA40009DD47481946A0FB03C363290AF1010A76
:100FB4004FEAD303F6DC924538BF924605BB0025C1
:100FC400079B002BFFF661AFBBF1000F43DB7307F8
:100FD4004ED406F00303022B53D0134659460A227B
:100FE400CDE9005604A8FFF70FFE079B9BE62246B7
:100FF400494640460393FFF7CDFD039B234444E752
:10100400BBF1000F06F0020318DB710716D4002BA6
:101014004ED08AB1F3070DD50EE0202104A8039227
:10102400FFF7D2FD079B013D002BFFF62EAF039A7D
:10103400002DC6D0AA45F0D3079BC2E7013D0BB1F2
:10104400002AF9D0F107F7D4002DF3D1B7E74FF018
:10105400000A1C4D71E72D2104A80392FFF7B4FD8B
:10106400039ACBF1000B079B002BFFF60EAFB0E702
:101074002B2104A80392FFF7A7FD039AF3E79246F6
:101084008AE6002AA9D1002DA7D0554516D93021CA
:1010940004A80392FFF798FD079B013D002BFFF680
:1010A400F4AE039A002DF0D1002BFFF6EEAE94E7D8
:1010B400F007BFD5079B002B8FDAE6E6079BF3E723
:1010C400CDCCCCCC9CA500000EB400B582B003AB53
:1010D40053F8041B01AA0193FFF70EFE02B05DF85A
:1010E40004EB03B0704700BF022800D070470249E8
:1010F400024807F059BA00BF00AD00008C17002069
:101104002DE9F04F002487B003A8CDE9024407F08D
:101114009DFB9DF80D009DF80E30B24ACDE90030DC
:10112400B1499DF80F302046FFF7CEFFAF49204666
:10113400FFF7CAFFAE49AF4807F040F8002840F077
:101144004381AD4DAD4FDFF8F0B2DFF808A3AC4EEC
:10115400AC4C2B78002B7AD14FF0FF32386802A9BF
:1011640008F0DAF8012880460FD0324621460020E4
:10117400A54BFFF7A9FF9F4806F02CFE002840F07E
:10118400B880B8F1000F40F0BE80029B9B79033B0E
:10119400062BDED801A252F823F000BF891200000A
:1011A40057110000571100007F1200005711000072
:1011B4002D120000BD110000944800234FF0FF32AF
:1011C4009349006807F0ACFF012880460FD03246EF
:1011D400214600208F4BFFF777FF864806F0FAFD83
:1011E400002840F09780B8F1000F40F09D80029BEA
:1011F400BBF800205B7886497E4806F07DFF804678
:101204000028A6D0324621460020834BFFF75CFF1E
:10121400784806F0DFFD002864D021467F4B804AE1
:101224000020FFF751FF5DE000207E49FFF74CFFEF
:10123400029A938903F47F43B3F5306F00F09380EF
:1012440000207949FFF740FF2B78002B84D05346C8
:10125400324621460020FFF737FF664806F0BAFD04
:10126400002868D12B78002B3FF476AF2A786F4999
:101274000020FFF729FF00BE6EE76D490020FFF74D
:1012840023FF66E76B490020FFF71EFF029B002245
:10129400694958485B7800F00DFF8046002851D119
:1012A40040F6213C4FF00009029B644A5B785148A8
:1012B40004A9CDE904C907F063F8804600283FF487
:1012C40048AF21465E4B5F4A4846FFF7FDFE324673
:1012D400214648465C4BFFF7F7FE464806F07AFD88
:1012E40000285CD1424651490020FFF7EDFE00BEC4
:1012F4002FE721460020494B494AFFF7E5FEB8F1A4
:10130400000F3FF442AF424648490020FFF7DCFE9D
:1013140000BE3AE721460020404B414AFFF7D4FE85
:10132400B8F1000F3FF463AF424640490020FFF795
:10133400CBFE00BE5BE72146384B394A0020FFF75D
:10134400C3FE8FE7324621460020404BFFF7BCFE28
:10135400284806F03FFD48BB424634490020FFF7C9
:10136400B3FE00BE9CE753782949BBF8002021480E
:1013740006F0C2FE804600283FF462AF32462146A2
:101384000020254BFFF7A0FE1A4806F023FDA0B964
:10139400424626490020FFF797FE00BE50E7484624
:1013A40021461E4B1E4AFFF78FFE9BE721461B4B2F
:1013B4001B4A0020FFF788FECEE7184B184A114954
:1013C4000020FFF781FEE3E70546214B20460C4A47
:1013D4000C49FFF779FE2A4620461449FFF774FEAC
:1013E40000BEAEE6A4A50000A8A50000D0A700009A
:1013F400C0AF0000A81C002036160020881700206B
:10140400D0AC000078A9000004AA0000EC1600206B
:101414003C160020F0AA00001CAB0000E4A9000068
:10142400B4AC00003CAB000068AB000094A9000021
:10143400CCAB000030AA000034160020381600207F
:1014440080AA0000C0AC0000B0AA000050AA0000AE
:1014540058A90000B4A90000002300B5074A83B0CE
:10146400019001A910681A4607F05AFE012802D01B
:101474000122034B1A7003B05DF804FB88170020A7
:101484003616002010B5064806F0A4FC00B910BDBD
:101494000020BDE81040034B034A0449FFF714BE83
:1014A400A81C0020E4A90000B4AC000078A9000046
:1014B4002DE9F04F3B4EDFF808913B4FDFF80481F4
:1014C400DFF804A1DFF804B18BB000244FF0FF3241
:1014D4003146D9F80000CDE90344CDE90544CDE90E
:1014E40007448DF8244007F017FF012838603ED1E7
:1014F4003378022B4FD0A3F12003B3FA83F35B09B3
:101504000193B8F80030012B2DD90124335D23B3A6
:10151400019A272BC2F10002244902F47A723CD8C2
:10152400192111FB0323224A03AD02EB030CD0580B
:10153400DCF80410DCF80820DCF80C309CF818E027
:101544000FC5DCF81000DCF8141003AA03C5002052
:10155400184985F800E0FFF7B7FDB8F8003001340A
:10156400E4B2A342D2D8012008F0AEFCADE75A465B
:10157400534611492046FFF7A7FDFFF783FF3A685A
:10158400002AF0D020460D49FFF79EFD00BE012041
:1015940008F09AFC99E70190B3E70020FFF794FD67
:1015A400DBE700BF4816002044160020F8AB00001B
:1015B40000000020E8AB000078A9000094A9000016
:1015C400EC1600203416002028AC0000E8AC000023
:1015D40010B5002482B0104B042114200F4A00944B
:1015E40007F020FD0E4B186068B1002404210D4B58
:1015F40014200D4A009407F015FD0C4B01461860A9
:1016040028B102B010BD014600F014F8EDE702B0B5
:10161400BDE8104000F00EB840170020F01600207E
:1016240088170020A416002054160020EC16002071
:10163400FFF7CEBF00BE704738B5164C4FF0FF31F0
:10164400206807F00BFF012803D000212068FFF772
:10165400F1FF114B1A7802B138BD01221A70FFF75D
:10166400E7FF0E4D2B68013B2B60002BF4D00023C9
:1016740020681A46194607F053FD0128F2D00021CC
:101684002068FFF7D7FF2B68013B2B60002BEED1BE
:1016940038BD00BF9C1C0020A01C0020A41C0020FE
:1016A40038B500230C4D0D4C01214FF480700C4AC9
:1016B4002B60237007F00CFD0A4B186038B100F062
:1016C40039F800F06DF808F0E9FA002038BD014659
:1016D400FFF7B0FFF3E700BFA41C0020A01C00200C
:1016E400541C00209C1C0020802330B4034D044C67
:1016F40005600C60136030BC704700BFF41B002011
:10170400F4190020802330B4034D044C05600C60B0
:10171400136030BC704700BF941900209417002058
:1017240010B50446FFF788FF2046BDE81040FFF7D8
:10173400E7BC00BF30B505240D480E4A03680E4DC2
:1017440085B0591CCDE901250C4B01604FF4806232
:101754000B490C48009408F0B1F90B4B186008B120
:1017640005B030BD014605B0BDE83040FFF762BFAB
:10177400A41C0020C0E60020D01C0020BCAF000048
:1017840054AC000025170000CC1C002010B5044602
:10179400FFF752FF2046BDE81040FFF789BE00BFA7
:1017A40030B501240D480E4A03680E4D85B0191951
:1017B400CDE901250C4B01604FF480620B490C48C4
:1017C400009408F07BF90B4B186008B105B030BDEC
:1017D400014605B0BDE83040FFF72CBFA41C002033
:1017E400C0F60020341D0020F0AF000060AC000003
:1017F40091170000301D002000BEFEE71EF0040F0C
:101804000CBFEFF30880EFF309800149084700009B
:10181400A51800000F4B1968EFF309821EF0100F92
:1018240008BF22ED108A22E9F04FEFF30B8342F850
:10183400043D0A604FF0100080F31188BFF34F8F0E
:10184400BFF36F8F08F07AFB4FF0000080F311882C
:1018540000F002B8C0E50020074801680A6802CA1F
:1018640081F30B88B2E8F04F1EF0100F08BFB2EC02
:10187400108A82F309887047C0E5002010B5EFF3A1
:101884001184102383F3118808F048FB18B14FF03A
:101894008052024B5A6084F3118810BD00ED00E0C1
:1018A400836913F8023C022B03D0032B00D900BE3A
:1018B4007047FFF7D1BF00BF70B44FF080756FF071
:1018C4000204094E283122F0010240F80C6C40F861
:1018D400045C40F8244C40F8203C40F8082C70BCD0
:1018E40040F8481D704700BFFD170000EFF3118159
:1018F400102383F31188084A13680133012B136002
:1019040000D07047054A064B11605B68C3F30803B7
:10191400002BF6D000BE7047981D0020941D0020B7
:1019240000ED00E0064A13680BB900BE1368013BE2
:1019340013601BB9034B1B6883F31188704700BF06
:10194400981D0020941D002080B3194B9A8990B2F1
:10195400120409D4BFF34F8F30BFBFF36F8F62B649
:10196400BFF36F8F72B670474AF202514FF0000C0A
:10197400B3F8FE23A3F8FE1392B242F42542A3F86F
:101984000CC0A3F8FE23BFF34F8F30BFBFF36F8F9C
:1019940062B6BFF36F8F72B6B3F8FE23A3F8FE13DB
:1019A40092B242F425429881A3F8FE23704700BF07
:1019B40000E0014008B572B608F0B6F90120FFF75F
:1019C400C3FF62B6BDE8084008F0B6B90D4B0E4A35
:1019D4001B68A2FB03239B09013BB3F1807F00D367
:1019E40070474FF0E0224FF0F00C0020072110B4B4
:1019F400064C536184F823C05DF8044B9061116177
:101A0400704700BF44470020D34D621000ED00E052
:101A1400F02208B50B4B83F82220FFF7D7FF0A4AC0
:101A2400536B43F04043536362B6BFF36F8FEFF3DE
:101A3400148C2CF0040C8CF31488BFF36F8F02DF2A
:101A440000BEFDE700ED00E000EF00E0EFF30383EC
:101A5400103B190603F0FF0205D5084BDB685B0554
:101A640000D500BE704702F1604303F5614393F86B
:101A740000331B09F1D100BEEFE700BF00ED00E029
:101A840002468C468D2300B58BB092F824200520A5
:101A940001A98DF805C08DF804208DF8073002F0F7
:101AA4003BFB0BB05DF804FB0146092002F004BEC9
:101AB40030B505468BB00C4690F8240004F0F0FDD8
:101AC4008D2395F824208DF80540062001A9013CBA
:101AD4008DF804208DF8073002F01EFB012C08D885
:101AE400002395F8242004480449835495F82420BD
:101AF4008B540BB030BD00BF6C3200206832002024
:101B04002DE9F04F98464B7887B0042B51D183468A
:101B140000209BF82430DFF8D0900C7839F813506B
:101B24000E4603EB83032D492B4431F813102C4D3F
:101B340025F81300002940D00123444539D24FF041
:101B4400000ACDE9022304AF04E02B7823449CB2BD
:101B5400A0452ED935196B78052BF6D19BF82400B6
:101B6400CDE900570D2239F81010029B04F060FEF5
:101B74000146F0B13A469BF8240003F055FFBDF846
:101B84001030DB0620D54FF001019BF8243039F8E2
:101B9400132003EB83031344114A22F81310BAF100
:101BA400000F16D1012303932B7823449CB2A04544
:101BB400D0D8FF2007B0BDE8F08F0A4931F81330C0
:101BC400023B18BF0123B8E7039B13B94FF0010A86
:101BD400BBE7002007B0BDE8F08F00BFEC21002078
:101BE400C4210020D8210020C01D00202DE9F04789
:101BF40090F824C082B0002A5DD04FF40079394EA9
:101C040002F5407806EB4C22D47892781FFA88F8D3
:101C140042EA04224FEA4C244FF4D06A324D0CEBD2
:101C24008C0C25F81CA005EB4C0C4FF0000EFF2784
:101C3400ACF80420ACF80690ACF80280ACF80810BC
:101C440001E04FEA4C24344404F80E7090F824C0A8
:101C54000EF1010E0CEB8C0205EB4202D1881FFA47
:101C64008EF28A42EDD34FF0000E80271F4C0CEB0E
:101C74000C1204EB820206EB4C2682F824C0C2E963
:101C840001360CEB8C0C05EB4C05116182F83770B6
:101C94005561A2F822E090F82430016C03EB0312A2
:101CA40004EB82021046116403F090F958B1FF204E
:101CB40002B0BDE8F0874FF004094FF44078094EB4
:101CC4004FEA4C24A8E740F6B832092001A902F0F3
:101CD400D5FC0028EBD1019B188D0028E7D102B078
:101CE400BDE8F087C41D00208822002000220020C7
:101CF40030B5438C044690F824208BB0D9B28DF8CB
:101D040004208DF8063004F035FAD4E903358D212A
:101D1400228D000B5B1B042A8DF805008DF807103B
:101D2400039311D0052A0CD0032A40F2DC5308BFD8
:101D34000023092001A9ADF8083002F0EDF90BB039
:101D440030BD40F2DF53F4E740F2DE53F1E700BF69
:101D540010B5438C044690F824208AB0D9B28DF88B
:101D640004208DF8063004F005FA218D024601297D
:101D740040F2DC534FF08D0C08BF0023120B0A20F5
:101D840001A98DF805208DF807C0ADF8083002F0E0
:101D9400C3F90AB010BD00BF032210B50A4B0B4CA7
:101DA4000B498AB0CDE9034305910A4C0A49ADF8C1
:101DB4000A20CDE90641094C01A9CDE9083403F014
:101DC400C5FD0AB010BD00BFBD4E0000FCAF000051
:101DD40015200000351F0000B51A0000851A000008
:101DE4002DE9F8432F4F90F824303E7846FA03F457
:101DF40014F0010454D105462B48DFF8C8C02B4920
:101E04002B4A00EB432003EB83034CF8134041F8C7
:101E140013400CEB430C42F8134001EB430102EB7B
:101E24004302CCF80440ACF808404C600C812146D5
:101E3400546014814FF4007208F092FB95F824105A
:101E44001C4B01EB810143F8114003EB41035C603F
:101E54001C8195F82430184803EB031344222146CF
:101E640000EB830008F07CFB012295F82430134931
:101E7400DFF85490DFF85480DFF854E0DFF854C002
:101E84000F489A40324329F8134028F813404EF87B
:101E940023404CF8234040F8234021F813403A7083
:101EA400BDE8F8839C1D0020C41D0020D82100201B
:101EB400C42100208822002000220020C01D002010
:101EC400A01D0020EC210020BC1D0020B81D002016
:101ED400B01D0020A81D00202DE9F843012464262C
:101EE4008146114DDFF844800F0302E001340A2CCF
:101EF40017D099F8243004EB840206FB03F303EBB8
:101F04004203EA5A2B44012AF0D1DB8808EA03038E
:101F14009F42EBD1A1B24846013404F0F3FB0A2CF2
:101F2400E7D1BDE8F88300BFD022002000F0FFFF16
:101F340030B505468BB00C46FFF7CEFF8D2395F8E0
:101F44002420032001A98DF804208DF805408DF884
:101F5400073002F0E1F80BB030BD00BF70B5254B7F
:101F64001646002204460D46FFF740FE00283ED1E7
:101F74002946324620461F4BFFF738FE0546B0BBC4
:101F840094F824201C4B1D4933F8120002EB820301
:101F9400034431F813301A4E013BDBB2012B194BC9
:101FA400194953F8223088BF26F8125051F82210EC
:101FB40093F803C09878CB1AC3EB0C2310FA83F37D
:101FC40012489BB230F812202046FFF799FDFF28F3
:101FD40006D0002294F8243026F81320284670BD39
:101FE400002394F8240026F8103003F013FEFF2594
:101FF400F4E700BFAD1A0000C01D0020EC21002052
:10200400BC1D0020B01D0020A01D0020B81D002014
:102014002DE9F84F0C464FF001094FF0000C2668EB
:1020240090F824301B49DFF87CA041F82360A169B3
:10203400DFF874B00988DFF874E02BF81310D4E9E2
:1020440001714AF82370E76903EB8302B7F800A033
:102054004EF8231091F807E00F4F524427F812E08E
:1020640009790E4F0E4D27F81210DFF84480E2680C
:1020740025F813A028F81390A2F800C0F27B35F8D5
:102084001310FFF76BFF10B1FF22E3681A80BDE85D
:10209400F88F00BFA81D0020EC210020D8210020CB
:1020A400C01D0020B01D0020B81D0020A01D002070
:1020B400BC1D00202DE9F04196B0002841D00E4609
:1020C40000293ED090F800C0154642EA0C0CBCF141
:1020D400010F04462FD81F46013B042B2BD83A4648
:1020E40004A905F0FDFE88BB9DF81230032B2DD109
:1020F40020788DB30122394600920D2204F048FB6A
:1021040080463A4620460DF10E0105F08FFF054644
:10211400E0B9BDF80E3043FA08F3DB0716D5207892
:102124008DF8380001F0C2FA4146159005A801F077
:1021340093FF308001E040F2E255284616B0BDE836
:10214400F0810125284616B0BDE8F08140F2DC5547
:10215400284616B0BDE8F0810D223946009504F0FA
:1021640017FB8046CDE700BF10B5044631B900F037
:10217400F3FCC30517D54FF4807010BD00F028FDA3
:10218400204600F033FD10F4807F204606D000F096
:102194005BFD800A0130800180B210BD00F068FD53
:1021A400C0F30A0010BD204600F0F4FC00F07F00EC
:1021B40010BD00BF2DE9F843564B90F82460054646
:1021C40033F816300C469BB2022B00F09780524F26
:1021D40006EB860201EB420257F82200B30020B15D
:1021E40006F098FD95F82460B3000022334404EB14
:1021F40043032146284647F8232003F0A5FF95F81A
:10220400246000F1FF391FFA89F92146284600F0BD
:10221400E5FB2146284600F007FC2146284600F04D
:102224003BFC2146284601F05BFF6423012206FBA8
:1022340003F304EB8401394F03EB41033B44598816
:102244003748A24030F816304FEA8408002952D0AB
:1022540013439BB2B9F1010F20F816300AD8642356
:1022640006FB03F308EB040203EB420341F4806131
:102274003B4459802146284600F0AAFC642306FB0F
:1022840003F308EB040203EB42033B44284659885A
:102294004FEA420900F0BAFC012E32D0642303FB5A
:1022A40006F6A04406EB480637442846F98800F0B1
:1022B400EFFC2846398900F0F9FC2846002100F09B
:1022C40087FC2146284600F065FD2146284601F09A
:1022D400F3FE2146284600F015FD2146284600F06D
:1022E400EFFB2146284600F0FFFB21462846BDE8C7
:1022F400F84300F00DBC23EA0203ABE74FF6FF7985
:1023040083E707EB09022846B2F8681000F08CFC5A
:10231400C4E700BF244000200C260020D022002067
:102324009C22002070B53B4A90F82430054632F8D0
:1023340013200E4692B2022A13D0374C03EB8301CA
:1023440006EB410154F821009A0020B106F0E2FCAA
:1023540095F824309A001A44002306EB420244F80C
:1023640022303146284601F0BBFE3146284600F0B3
:1023740035FB3146284600F057FB3146284600F02D
:102384008BFB48F22F034FF400420021284600F053
:1023940027FA0021284600F001FA10F02F04F0D1AA
:1023A4003146284600F014FC2146284600F02EFC55
:1023B4002146284600F038FC2146284600F068FCF7
:1023C4002146284600F072FC2146284600F000FC15
:1023D4003146284600F0DEFC3146284601F06CFE0A
:1023E4003146284600F08EFC3146284600F05CFD5C
:1023F4003146284600F06EFD3146284600F060FB69
:102404003146284600F070FB31462846BDE870404E
:1024140000F07EBB244000200C26002070B5012271
:1024240006460D464FF6FF7400F010FD294630466F
:1024340000F04AFC013C10F0200FA4B200D170BDA2
:10244400002CF3D170BD00BFF8B50546164692B90D
:1024540041EA030444F4004748F22F033A460021BA
:10246400284600F0BDF90021284600F097F900F055
:102474002F008442F0D164240BE0284600F048F891
:10248400013C284600F07EF8A4B20A2001F0C0FC0A
:1024940034B13146284600F009FA8304EDD5F8BD7D
:1024A400FF20F8BDAAB970B5044643EA010545F416
:1024B4000046324648F22F030021204600F090F9EE
:1024C4000021204600F06AF900F02F029542F0D175
:1024D40070BD704770B504460D46164600F0FAFC10
:1024E40029462046324600F00BFD29462046BDE829
:1024F400704000F0C3BC00BF38B504460D4600F080
:10250400D3FC29462046BDE8384000F0E3BC00BFB8
:1025140090F82420054B33F812309BB2022B1DBFD8
:10252400036C188880B20020704700BF244000204C
:10253400084B90F8242033F812309BB2022B01D0C0
:10254400012A00D07047026C13889BB243F08003C9
:102554001380704724400020094B90F8242033F85E
:1025640012309BB2022B01D0012A00D07047026CBA
:10257400138823F080031B041B0C1380704700BFD7
:102584002440002090F82420054B33F812309BB2ED
:10259400022B1DBF036C988880B20020704700BFD7
:1025A4002440002010B5084B044690F8240033F86A
:1025B40010309BB2022B01D1002010BD01F076F83F
:1025C4000389206498B210BD24400020006C038964
:1025D4009BB223EA02030A4013430381704700BFFE
:1025E400026C13899BB223EA01031381704700BF75
:1025F400026C13899BB243F400731381704700BFCC
:10260400026C138923F400731B041B0C13817047A1
:102614000B4B90F8242033F812309BB2022B04D0D9
:10262400012907D0022908D009B100207047036CA2
:1026340058697047036C98697047036CD869704790
:10264400244000200B4B90F824C033F81C309BB27C
:10265400022B04D0012906D0022907D001B170470A
:10266400036C5A617047036C9A617047036CDA61BA
:10267400704700BF24400020174A90F8243032F8F5
:10268400132092B2022A0BD043B9012918D002298F
:1026940012D029B9036C988A80B27047012B01D0FB
:1026A40000207047012913D002290DD00029F7D149
:1026B400036CDB8A98B27047036C988B80B27047C6
:1026C400036C188B80B27047036CDB8B98B2704735
:1026D400036C5B8B98B2704724400020144B90F835
:1026E400240033F810309BB2022B00D038B90129F2
:1026F4000BD0022906D021B90E4B9A8270470128CB
:1027040006D070470B4B9A8370470A4B1A83704765
:10271400012909D0022904D00029F2D1064BDA821A
:102724007047054BDA83ECE7034B5A83704700BFCD
:10273400244000200000094000101140144B90F880
:10274400240033F810309BB2022B00D038B9012991
:102754000BD0022906D021B90E4B1A7570470128F7
:1027640006D070470B4B1A7770470A4B1A7670479E
:10277400012909D0022904D00029F2D1064BDA75C7
:102784007047054BDA77ECE7034BDA76704700BF06
:102794002440002000000940001011400F4B90F825
:1027A400242033F812309BB2022B13D001290CD011
:1027B400022904D1036C988D2C3380B2704749B937
:1027C400036C188C203380B27047036C188D283347
:1027D40080B2704700231B88FFDE00BF2440002026
:1027E40010B4124C90F824C034F81CC01FFA8CFCAE
:1027F400BCF1020F16D0012911D0022902D1006CBC
:102804002C3002E071B9006C203001881A4089B282
:1028140021EA030313435DF8044B03807047006C03
:102824002830F2E700231B88FFDE00BF244000208D
:1028340030B41D4D90F8244035F814309BB2022B6F
:1028440017D0012926D0022910D091B9016C20316A
:1028540035F814309BB2022B06D064B90B88E2B170
:102864009BB243F480630B8030BC7047016C2C3105
:10287400EEE70021ECE7012CF6D10B8823F440634A
:102884001B041B0C0B80002AEED00B889BB2134355
:102894000B80E9E7016C2831DAE723F480631B0439
:1028A4001B0C0B8030BC7047244000200F4B90F869
:1028B400242033F812309BB2022B13D001290CD000
:1028C400022904D1036CD88D2E3380B2704749B9E4
:1028D400036C588C223380B27047036C588D2A33B2
:1028E40080B2704700231B88FFDE00BF2440002015
:1028F4000F4B90F8242033F812309BB2022B14D0E3
:1029040001290FD0022902D1026C2E3202E061B9F2
:10291400026C223213886FEA43436FEA53439BB23B
:1029240013807047026C2A32F4E700231B88FFDE11
:1029340024400020104B90F8242033F812309BB22E
:10294400022B16D001290ED0022905D14FF4804262
:10295400036C2E331A80704759B94FF48042036CCC
:1029640022331A8070474FF48042036C2A331A8052
:10297400704700231B80FFDE24400020064B90F8A4
:10298400242033F812309BB2022B04D0026C138E35
:102994009BB219431186704724400020026C138EA9
:1029A400C3F30E0313867047026C138E23F4005393
:1029B4001B041B0C13867047074B90F8242033F834
:1029C40012309BB2022B06D00123026C8B40D08EB6
:1029D40003439BB2D386704724400020084B90F8F1
:1029E400242033F812309BB2022B07D00122006C52
:1029F4008A40C38E9BB223EA0201C186704700BF9E
:102A040024400020074B90F8242033F812309BB266
:102A1400022B06D00123026C8B40108F03439BB220
:102A24001387704724400020084B90F8242033F883
:102A340012309BB2022B07D00122006C8A40038F14
:102A44009BB223EA02010187704700BF24400020A3
:102A54000F4A90F8243032F8132092B2022A16D08A
:102A64004FF0000C012210B4006C0A4C03EB8303FA
:102A740001EB430324F813C0B0F83AC002FA01F39F
:102A840043EA0C039BB25DF8044B438770477047DD
:102A940024400020A8220020084B90F8242033F87A
:102AA40012309BB2022B07D00122006C8A40438F64
:102AB4009BB223EA02014187704700BF24400020F3
:102AC400084B90F8242033F812309BB2022B07D025
:102AD40001238B40DB43026CC3F30903A2F84630A5
:102AE400704700BF24400020084B90F8242033F89E
:102AF40012309BB2022B07D001238B40DB43026CC4
:102B0400C3F30903A2F84830704700BF24400020F3
:102B1400084B90F8242033F812309BB2022B07D0D4
:102B240001238B40DB43026CC3F30903A2F84A3050
:102B3400704700BF2440002090F82420054B33F850
:102B440012309BB2022B1DBF036CB3F84C0080B251
:102B5400002070472440002090F82420054B33F8CF
:102B640012309BB2022B1DBF036CB3F85C0080B221
:102B7400002070472440002090F82420044B33F8B0
:102B840012309BB2022B1CBF036CA3F85C1070477D
:102B94002440002090F82420054B33F812309BB2D7
:102BA400022B1DBF036CB3F85E0080B20020704797
:102BB4002440002090F82420044B33F812309BB2B8
:102BC400022B1CBF036CA3F85E1070472440002046
:102BD40090F82420044B33F812309BB2022B1CBF14
:102BE400036CA3F8641070472440002090F824205C
:102BF400054B33F812309BB2022B1DBF036CB3F8A4
:102C0400680080B2002070472440002090F82420FF
:102C1400044B33F812309BB2022B1CBF036CA3F895
:102C24006810704724400020064B90F8242033F8A5
:102C340012309BB2022B04D0012A04BF036CA3F808
:102C44006A10704724400020084B90F8242033F881
:102C540012309BB2022B01D0012A01D00020704710
:102C6400036CB3F86A0080B2704700BF24400020B0
:102C740090F82420054B33F812309BB2022B1DBF71
:102C8400036CB3F86C0080B200207047244000202D
:102C940090F82420044B33F812309BB2022B1CBF53
:102CA400036CA3F86C1070472440002090F8242093
:102CB400044B33F812309BB2022B1CBF036CA3F8F5
:102CC4006E10704724400020002282B0ADF8062028
:102CD4000B4B90F8242033F812309BB2022B08D00F
:102CE400036C59B103EB41036E331B889BB2ADF8FF
:102CF4000630BDF8060080B202B070476033F4E7D6
:102D0400244000200A4B90F8242033F812309BB260
:102D1400022B0BD0026C01F100417032013932F800
:102D240011309BB243F4005322F81130704700BFB6
:102D3400244000200A4B90F8242033F812309BB230
:102D4400022B0BD0026C01F100417032013932F8D0
:102D540011309BB243F4007322F81130704700BF66
:102D6400244000200A4B90F8242033F812309BB200
:102D7400022B0CD0026C01F100417032013932F89F
:102D8400113023F400731B041B0C22F8113070471C
:102D9400244000200E4B90F8242033F812309BB2CC
:102DA400022B14D0036C39B9B3F8602092B242F408
:102DB4008072A3F86020704701F10041703301393B
:102DC40033F8112092B242F4807223F81120704734
:102DD400244000200E4B90F8242033F812309BB28C
:102DE400022B14D0036C39B9B3F8602092B242F0CC
:102DF4008002A3F86020704701F10041703301396B
:102E040033F8112092B242F0800223F81120704767
:102E1400244000200C4B90F824C033F81C309BB2A3
:102E2400022B0ED0036C69B103EB41036E33198896
:102E340021F003010904090C1980198889B20A4395
:102E44001A8070476033F2E7244000200A4B90F860
:102E540024C033F81C309BB2022B09D0036C41B15F
:102E640003EB41036E33198889B221EA02021A8006
:102E740070476033F7E700BF24400020094B90F807
:102E8400242033F812309BB2022B09D0026C013992
:102E9400903232F821309BB243F4007322F821308F
:102EA400704700BF24400020094B90F8242033F8D9
:102EB40012309BB2022B0AD0026C0139903232F8E4
:102EC400213023F400731B041B0C22F821307047BB
:102ED40024400020094B90F8242033F812309BB290
:102EE400022B09D0026C0139903232F821309BB2A6
:102EF40043F4807322F82130704700BF244000203F
:102F0400064B90F824C033F81C309BB2022B04D03B
:102F1400036C0139923323F82120704724400020A8
:102F2400084B90F8242033F812309BB2022B01D0C6
:102F3400012A01D000207047036CB3F8400180B22D
:102F4400704700BF2440002090F82430012B07D1A3
:102F5400026CB2F840319BB243F01003A2F8403146
:102F6400704700BF90F82430012B08D1026CB2F8EE
:102F7400403123F010031B041B0CA2F840317047AE
:102F840090F82430012B07D1026CB2F840319BB287
:102F940043F00803A2F84031704700BF90F8243092
:102FA400012B08D1026CB2F8403123F008031B0452
:102FB4001B0CA2F8403170472DE9F0474FF000098F
:102FC400036C0446B3F84010B3F84260B3F846C04B
:102FD400B3F84870B3F84A50B3F830E05A8E92B25E
:102FE4003240DE8EB3F8388012F0100F1FFA88FAE0
:102FF400B3F83A80A0F82290A0F828900DD04DF6AE
:1030040060026121A3F842205A8E22F03002120499
:10301400120C5A866184BDE8F08712F0200F03D0A9
:103024004DF650026221EDE789B21FFA8EFE01EAE5
:103034000E0111F4807F0FD14E051ED5ADB21FFADB
:1030440088F805EA0805EA430221C2F30902A3F855
:103054004A2041840585DEE71FFA8CFCB6B20CEAEF
:10306400060C6FEA0C020121C2F30902A3F8462000
:103074004184A0F828C0BDE8F0878D050CD417045E
:1030840016D4160532D4550619D54DF6300145220D
:10309400A3F842104284BEE7BFB207EA0A07FA4324
:1030A4000321C2F30902A3F8482041840785B2E74B
:1030B40045F670014122A3F842104284ABE757045D
:1030C40019D4D60427D4D5071AD590F82420012A78
:1030D400A1D14DF670024621A3F842205A8E22F067
:1030E40001021204120C5A86418494E702F05EF83D
:1030F400442363848FE702F0B5FF422363848AE7A5
:1031040008040DD48A0486D54DF6FF711322A3F862
:10311400401062847FE702F049F8432363847AE72E
:1031240047F6FF711122A3F84010628473E700BFD1
:1031340010B5094B90F82420044633F812300A2BBA
:1031440002D0502B00D010BD012000F061FE2046BB
:10315400BDE8104002F07CBF5027002038B505467A
:103164000C462846FFF70EFA03461E20238000F083
:1031740053FE2846FFF706FA2388608043409A07E7
:10318400EFD1142000F048FE2846FFF7FBF923880E
:10319400608043409B07E4D12846FFF703FA608030
:1031A40038BD00BF10B582B069460446FFF7D6FFAC
:1031B400BDF8021011F007010AD1BDF8003003F088
:1031C4000303012B07D0022B0FD0432002B010BD04
:1031D400002002B010BD074B94F82420204633F899
:1031E400121002F0B3FF4220F3E7204602F0AEFFD4
:1031F4004120EEE70826002010B5044602F05EFFE9
:10320400204602F06FFF204602F02CFF2046FFF715
:10321400C9FF412814D0432805D02046BDE81040FA
:10322400422104F00DBD204604F02CFD0B4B94F814
:10323400242033F812300A2B08D0502B06D010BDAE
:1032440001462046BDE8104004F0FABC012000F01D
:10325400DFFD2046BDE8104002F0FABE50270020F2
:10326400012000F0D5BD00BF38B5044650224021EE
:10327400FFF7ACF9322000F0CFFD94F82430012B95
:103284001ED0204602F0F8FE142000F0C5FD0325F0
:103294002046FFF787F900F00703042B04D0BDE8AC
:1032A40038401E2000F0B8BD013D0A20ADB200F048
:1032B400B3FD002DECD1BDE838401E2000F0ACBDBC
:1032C40020464021FFF78CF94FF4967000F0A0FDE2
:1032D400D7E700BF10B5044602F0C4FEA0222021A7
:1032E4002046FFF773F9142000F096FD204602F003
:1032F400C3FEBDE81040052000F08EBD08B5FFF701
:1033040051F900F00700431E022B8CBF00208001FE
:1033140008BD00BF2DE9F0411C4690F82430054655
:10332400884616468BB94F0830D004EB470734F86B
:10333400022B31462846FFF7D1F9BC42F7D118F0E9
:10334400010F25D13846BDE8F081012B03D0274673
:103354003846BDE8F0818F0847D004EB870754F85E
:10336400042B31462846FFF76DF9BC42F7D118F01B
:10337400020F2DD118F0010F1ED128464FF4006220
:103384003146FFF755FA3846BDE8F0812746D6E7BF
:10339400314628460022FFF74BFA17F8012B314635
:1033A4002846FFF7CBF928464FF480623146FFF7F1
:1033B4003FFA3846BDE8F081314628460022FFF73F
:1033C40037FA3146284617F8012BFFF7B7F9D4E747
:1033D400314628464FF48062FFF72AFA31462846E0
:1033E40037F8022BFFF77AF9C4E72746BFE700BF97
:1033F4002DE9F0411C4690F82430054688461746CE
:103404008BB94E0832D004EB460639462846FFF7FE
:1034140033F924F8020BB442F7D118F0010F27D185
:103424003046BDE8F081012B03D026463046BDE886
:10343400F0818E0825D004EB860639462846FFF72E
:10344400E7F844F8040BB442F7D108F00308B8F1E4
:10345400000FE5D039462846FFF7DAF8B04406F8FD
:10346400010B46454FEA1020F9D1D9E72646D4E7A7
:1034740039462846FFF700F906F8010B3046BDE847
:10348400F0812646E3E700BF2DE9F04105460C46EE
:103494001646FEF7C3FF21462846FFF79FFA21464A
:1034A4002846FFF7C1FA21462846FFF7F5FA2146D8
:1034B4002846FFF721F800212846FFF76FF900F0AE
:1034C4000F00844258D02146284600F0F5FD2146DD
:1034D4002846FFF717FC95F824302B4F03EB8303A2
:1034E40004EB430357F82380B8F1000F42D0274A76
:1034F400214652F823302846C8F81030A8F828602E
:10350400FFF7E2FBA8F82A0095F82420204902EBF3
:10351400820304EB430331F8131057F8233083F884
:103524003610296C83F82420196495F8243003EBB1
:10353400830304EB430357F82300436853B1002289
:103544001146984795F8243003EB830304EB4303B7
:1035540057F8230005F0DEFB002395F824002146EC
:1035640000EB800204EB420447F82430BDE8F0414C
:1035740001F05AB9BDE8F081002328461A461946DD
:10358400FEF790FF9FE700BF0C260020B426002022
:10359400042700202DE9F843064602F08FFD30464B
:1035A40002F0A0FD304602F05DFD4FF48055DFF8D7
:1035B400F490DFF8F48005E005F58055ADB2B5F57B
:1035C400C04F42D02946304602F096FD0028F3D081
:1035D40096F8243039F81330002B5BD1012402E033
:1035E40001340A2C1BD0A7B23946304602F0C2FD82
:1035F400A842F5D196F8243003EB830304EB43038C
:1036040058F8233023B1082239463046FFF73CFFEF
:10361400394630460134FEF785FE0A2CE3D10022F8
:103624002946304602F0FEFC96F82430012BC3D123
:10363400294605F580554FF4FE4300223046ADB2CD
:1036440000F03CF9B5F5C04FBCD13046FFF7AAFDF8
:10365400422811D0432801D041280DD0304604F02F
:1036640011FB0F4B96F8242033F812300A2B09D0A3
:10367400502B07D0BDE8F88301463046BDE8F84337
:1036840004F0DEBA012000F0C3FB3046BDE8F84385
:1036940002F0DEBC0721304601F0ACFA9EE700BF21
:1036A40050270020542700200C26002028B1044B6A
:1036B40001280CBF1846002070470248704700BF1D
:1036C400001011400000094038B504460D4600F0D2
:1036D400B9FC830706D529462046BDE838400622B2
:1036E400FFF7D2BE2046FEF74DFF94F824300E4972
:1036F40003EB830305EB430331F81320013292B249
:10370400012A21F8132008D0052000F085FB294662
:103714002046BDE8384000F0DDBC29462046BDE81F
:1037240038400722FFF7B0BE04270020026C13893B
:103734009BB243F080031381704700BF026C13896E
:1037440023F010031B041B0C13817047026C538E6F
:103754006FEA43436FEA53439BB25386704700BFFB
:10376400026C538EC3F30E0353867047026C538E60
:103774009BB243F480435386704700BF026C538E60
:1037840023F480431B041B0C53867047026C538E36
:103794009BB243F480535386704700BF026C538E30
:1037A40023F480531B041B0C53867047026C538E06
:1037B4009BB243F400635386704700BF026C538E80
:1037C40023F400631B041B0C53867047026C538E56
:1037D4009BB243F020035386704700BF026C538EA4
:1037E4009BB243F010035386704700BF90F8243017
:1037F400012B05D1026C538E9BB243F00103538617
:10380400704700BF45F67002036CA3F8422070476E
:1038140049F67002036CA3F8422070474CF670021C
:10382400036CA3F8422070474DF27002036CA3F8B6
:10383400422070474DF65002036CA3F842207047B3
:103844004DF66002036CA3F84220704790F82430D0
:10385400012B04D14DF67002036CA3F8422070478B
:10386400036CA3F854107047036CA3F85610704708
:10387400036CA3F858107047036CA3F85A107047F0
:10388400036CA3F860107047026CB2F860309BB20E
:1038940043F48043A2F86030704700BFB1F5C04FD5
:1038A4004FEA113C08D247F6C073026CD03232F8AA
:1038B4001C2003EA02007047FF207047006C090BCC
:1038C40000F1D00C3CF8110080B220EA0300134050
:1038D40018432CF811007047006C090BD03030F8F5
:1038E400113023F0C0031B041B0C20F8113030F8F6
:1038F40011309BB2134320F81130704710B50028E3
:1039040058D1764C23889BB243F480632380238868
:103914005805FCD5238872489BB243F040032380AA
:1039240023889BB243F020032380238823F01003D1
:103934001B041B0C238000F071FA4FF4806223886F
:103944009BB243F00103238022842285A28510B315
:10395400013880B2012821D8238932209BB243F058
:103964004003238100F058FA23895C4A23F0400382
:103974001B041B0C238113895907FCD4138903F0FE
:103984000703012B00F0A280544A13899BB243F031
:103994001003138102E04FF40063638645F6700060
:1039A4004FF4E0614FF408424C4BA3F842001986EF
:1039B4005A8610BD4B4C0120E38F9BB243F0310378
:1039C400E387E38FC3F30E03E387E38F9BB243F4F0
:1039D4008073E38700F01CFAE38F012023F00103D6
:1039E4001B041B0CE38700F017FAE38F23F0020398
:1039F4001B041B0CE387B4F802319BB243F48043ED
:103A0400A4F80231E388DA07FCD540F6077223886C
:103A140001209BB243F04003238023889BB243F0F0
:103A240020032380238823F010031B041B0C238012
:103A340023889BB243F480732380628000F0E8F90A
:103A4400A38F29489BB243F02003A38700F0E6F933
:103A54004FF4006223889BB243F001032380228445
:103A64002285A285002837D0013880B2012821D8C8
:103A7400238932209BB243F04003238100F0CCF928
:103A84002389184A23F040031B041B0C2381138948
:103A94005B07FCD4138903F00703012B04D1938F34
:103AA4009BB243F4807393870E4A13899BB243F00D
:103AB4001003138145F670004FF4E0614FF408429F
:103AC400084BA3F8420019865A8610BD938F9BB207
:103AD40043F48073938757E76286EBE7000009405D
:103AE400040009400010114004101140026C938F2F
:103AF4009BB243F480739387704700BF124B5A689C
:103B040078B911051DD5EFF31081012282F31088D5
:103B14005A6822F400625A605B6881F310880020BE
:103B24007047D2040DD5EFF31081012282F310887F
:103B34005A6822F480525A605B6881F3108800202E
:103B4400704740F2DD5070470040084000283BD1E8
:103B540080223D4B1881A3F86020A3F87000A3F8DD
:103B64007200A3F87400A3F87600A3F87800A3F811
:103B74007A00A3F87C00A3F87E00A3F88000D8861E
:103B84001887588718865886A3F84600A3F8480073
:103B9400A3F84A001A88002022F010021204120C22
:103BA4001A801A8822F020021204120C1A801A8831
:103BB40022F040021204120C1A801A8822F0010228
:103BC4001204120C1A807047002280211F4B00201F
:103BD4001A81A3F86010A3F87020A3F87220A3F848
:103BE4007420A3F87620A3F87820A3F87A20A3F809
:103BF4007C20A3F87E20A3F88020DA861A875A87CF
:103C04001A865A86A3F84620A3F84820A3F84A2027
:103C1400198821F010010904090C1980198821F070
:103C240020010904090C1980198821F040010904B4
:103C3400090C1980198821F001010904090C198063
:103C4400A3F80221704700BF000009400010114092
:103C540010B50446FFF77AFFA4B9194B5A68140546
:103C640025D45A68100525D4EFF31081012282F37C
:103C740010885A6842F400625A605B6881F31088C5
:103C8400002010BD012C18D10D4B5A68D1040ED45C
:103C94005A68D2040ED4EFF3108184F310885A6862
:103CA40042F480525A605B6881F31088E8E740F27E
:103CB400DC5010BD4FF4BC6010BD40F2E25010BDAA
:103CC4000040084030B4002866D14C4BD3F800249F
:103CD40060F30412C3F8002491F90D30002B2FDA9D
:103CE40091F90C30002B03DA454B196030BC704756
:103CF400CA7C03F160401201424CD2B200F561402B
:103D040080F80023404A03F1C00044F8231052F81D
:103D1400204024F4803442F8204052F82020BFF39D
:103D24005F8F01205A09920003F01F0302F16042E1
:103D340002F5614200FA03F3C2F880311360D3E75D
:103D44000A7D03F160441201D2B204F5614484F89F
:103D540000232C4C2C4A44F8231003F1C00452F8DD
:103D6400245060F3104542F8245052F82420BFF345
:103D74005F8F01205A09920003F01F0302F1604291
:103D840002F5614200FA03F3C2F88031136091F93D
:103D94000C30002BA8DBABE70128A7D191F9103038
:103DA400002B03DA194B196030BC7047CA7D03F14C
:103DB40060441201D2B204F5614484F80023114C2A
:103DC400114A44F8231003F1C00452F8245025F496
:103DD400803542F8245052F82420BFF35F8F5A09EB
:103DE400920003F01F0302F16042984002F5614221
:103DF400C2F880011060054B1960D5E70000094046
:103E0400A42200202C47002000600040A0220020B3
:103E1400012104F02BBD00BF06F056B870B506466C
:103E2400038803F0030301209DB206F04DF83488A3
:103E3400012004F0030406F047F8A5423388F0D1CA
:103E440003F0030295421346EDD1284670BD00BF2E
:103E5400EFF30383103B094A5BB2C03352F82310DB
:103E640021F4803142F8231052F82330044B1B888C
:103E74009BB2012B00D0704701F0EEBF0060004000
:103E840024400020EFF30383103B064A5BB2C033A7
:103E940052F8231021F4803142F8231052F82330D1
:103EA400704700BF00600040EFF30383103B094AF2
:103EB4005BB2C03352F8231021F4803142F823104E
:103EC40052F82330044B5B889BB2012B00D070471F
:103ED40002F014B800600040244000201C4B90F80D
:103EE40000C033F81C309BB2012B01D00020704776
:103EF40010B5184B92B04478019300F10C03802064
:103F040002910A214FF0000E8DF83700CCEB0C1013
:103F1400800011FB0401CDE903220F4AADF822E031
:103F24001144059104EB840100EB410E03CB42F8EC
:103F34000E00724460468DF824C014815160FFF76E
:103F4400B5FB03466846109301F054FE12B010BD51
:103F540024400020ED580000902500201C4B90F8D0
:103F640000C033F81C309BB2012B01D000207047F5
:103F740010B5184B92B04478019300F10C038020E3
:103F840002910A214FF0000E8DF83700CCEB0C1093
:103F9400800011FB0401CDE903220F4AADF822E0B1
:103FA4001144059104EB840100EB410E03CB42F86C
:103FB4000E00724460468DF824C014815160FFF7EE
:103FC40075FB03466846109301F014FE12B010BD51
:103FD40024400020ED5800009025002090F803C0F4
:103FE400BCF10A0F21D910B592B002918021104B77
:103FF400104C53F83C30039201934378007803EB60
:104004008C032D3B5B00DBB2E35C0492ADF8223001
:104014008DF837108DF82400FFF748FB03466846F7
:10402400109301F0E7FD12B010BD0020704700BFEF
:10403400D007002098230020092900D97047FEF7F3
:10404400E1BC00BF092901D90020704708B5FEF77B
:104054003BFE00F0030008BD09290FD810B541B19B
:104064000446FEF7B5FD2046FEF702FEC0F30A0043
:1040740010BDFEF78FFDC0F30A0010BD002070478D
:10408400092901D90020704710B50446FEF7A0FDA8
:104094002046FEF7ABFD00F0100010BD092901D940
:1040A4000020704710B50446FEF792FD2046FEF747
:1040B4009DFD00F4404010BD092900D9704738B572
:1040C4000C460546FEF736FE21462846BDE8384034
:1040D400FEF748BE092900D970470122FEF79ABEAF
:1040E400092900D9704738B50C460546FEF796F9FC
:1040F40021462846BDE838400222FEF7A7BE00BF8D
:1041040008B5FEF74FFA00F00700431E022B8CBFE0
:104114000020800108BD00BF2DE9F0478E46394DCF
:10412400DFF8F4A0B5F80080887108EBC80C0AEB3E
:104134008C0C0F46441EBEE80F00ACE80F00BEE82E
:104144000F00ACE80F00DEF8003046464FEAC8091D
:10415400CCF800300C2C14D8DFE804F00713071F48
:104164001F07074134340707070000223978264B1C
:1041740009EB080053F821300AEB800011469847F8
:104184002E88224B721CA3FB0213DB0803EB830370
:10419400A2EB43022A80BDE8F08739781C4B33F840
:1041A40011309BB2012BECD1174B1A4C09EB0800D0
:1041B40053F82130002254F821100AEB800098476C
:1041C4002E88DEE73A78104B09EB080053F82230CA
:1041D400796900220AEB800098472E88D1E73A7863
:1041E4000B4B33F812309BB2012BCAD1064B09EBAF
:1041F400080053F82230796900220AEB80009847BE
:104204002E88BEE7E023002078450020CDCCCCCC1E
:104214002440002088250020804500202DE9F0431B
:104224000678944D012E04462B7885B031D02B7836
:104234003BBB6B782BBB904E904F06F15008A7F117
:104244001409002204210A2004F01CFF49F8040B7D
:10425400002800F0FB80B945F3D1A6F1280900221B
:1042640004210A2004F00EFF49F8040F002800F08E
:10427400ED80B145F3D109F12806464507F114074D
:10428400DDD1A37801220026EA54304605B0BDE80A
:10429400F083002B40F0CE806B78002B40F0CA8076
:1042A400002704210A203A46039704F0EBFE744BDE
:1042B40018600028E9D03A4604210A2004F0E2FEFE
:1042C400704B18600028E0D03A4604210A2004F01C
:1042D400D9FE6D4B18600028D7D03A4604210A2035
:1042E40004F0D0FE694B18600028CED03A46042171
:1042F4000A2004F0C7FE664B18600028C5D03A4671
:1043040004210A2004F0BEFE624F3860002800F049
:104314009D80614E06F12808442004F047FC039078
:10432400002800F09380002346F8040B1A463868EE
:1043340003A904F0F5FE4645EED1002204210A202B
:1043440004F0A0FE554F386000287FD0544E06F18B
:104354002808442004F02AFC0390002876D0002387
:1043640046F8040B1A46386803A904F0D9FE4645FA
:10437400EFD1002204210A2004F084FE494F386062
:10438400002863D0484E06F12808442004F00EFCAF
:10439400039000285AD0002346F8040B1A463868C4
:1043A40003A904F0BDFE4645EFD1002204210A20F2
:1043B40004F068FE3D4F3860002847D03C4E06F1BB
:1043C4002808442004F0F2FB039000283ED0002388
:1043D40046F8040B1A46386803A904F0A1FE4645C2
:1043E400EFD1002204210A2004F04CFE314F386042
:1043F40060B3314E06F12808442004F0D7FB039043
:1044040020B3002346F8040B1A46386803A904F0C5
:1044140087FE4645F0D10E26284A002301922849FA
:104424004FF400722748009605F08CFB012812D047
:1044340003262AE7A3782449B3FA83F2520931F810
:10444400122092B2022A7FF41DAF29E702263046D9
:1044540005B0BDE8F0830D261C4A002301921C49D7
:104464004FF400721B48009605F06CFB0128DFD165
:10447400DDE600BF7C250020F42400203425002044
:10448400702500206C250020682500206025002070
:1044940050250020CC24002084240020C82400209F
:1044A4005C240020C424002034240020C0240020E4
:1044B4000C240020B0240020E423002078250020D0
:1044C40070AC0000E5520000244000207425002058
:1044D40078AC0000E17100000021514A70B532F857
:1044E4001030504D9BB2012B295429D06B782A7877
:1044F40013431BBB4C4DA5F1140454F8040B05F0F5
:1045040039F8AC42F9D1494DA5F1280454F8040B0B
:1045140005F030F8AC42F9D1454C04F1140554F8D7
:10452400040F05F027F8AC42F9D1424C04F12805F8
:1045340054F8040F05F01EF8A542F9D1002070BD0F
:104544002B7869780B4360D13B4B3C4C186805F0E1
:1045540011F83B4B04F12806186805F00BF8394BA9
:10456400186805F007F8384B186805F003F8374B5E
:10457400186804F0FFFF364B186804F0FBFF54F88A
:10458400040B04F0C7FBB442F9D1324B324C186827
:1045940004F0F0FF04F1280654F8040B04F0BAFB0D
:1045A400B442F9D12D4B2E4C186804F0E3FF04F10A
:1045B400280654F8040B04F0ADFBB442F9D1294B9E
:1045C400294C186804F0D6FF04F1280654F8040BAB
:1045D40004F0A0FBB442F9D1244B254C186804F034
:1045E400C9FF04F1280654F8040B04F093FBB44209
:1045F400F9D1204B186805F0D5FA1F4B186805F05F
:10460400D1FA2B786A78134373E7B0FA80F0400943
:1046140032F810309BB2022B96D0002070BD00BF40
:10462400244000207C25002034250020F82400208C
:1046340030250020F424002070250020842400204C
:104644006C250020682500206025002050250020CE
:10465400CC240020C82400205C240020C424002092
:1046640034240020C02400200C240020B024002086
:10467400E42300207825002074250020B9B138B542
:10468400002540F6B833AA4208BF1A46094B0D600C
:1046940053F820300C46186804F03EFE012801D07F
:1046A400FF2038BD2368002BFAD0284638BDFF20F0
:1046B400704700BF9C08002000B583B0019151B140
:1046C4000023094A01A952F8202010681A4604F070
:1046D40027FD012803D0FF2003B05DF804FB002070
:1046E40003B05DF804FB00BF9C080020002300B564
:1046F40085B00191039349B10D4A52F8201003AAE1
:10470400086801A904F0B4FD012803D0FF2005B016
:104714005DF804FB039B3BB14FF08052054B5A609C
:10472400BFF34F8FBFF36F8F002005B05DF804FB1C
:104734009C08002000ED00E099B138B500250A4B33
:104744002A4653F820300C4618680D6004F0E4FD46
:10475400012801D0FF2038BD2368002BFAD0284659
:1047640038BDFF20704700BF7008002000B583B03B
:10477400019151B10023094A01A952F8202010687F
:104784001A4604F0CDFC012803D0FF2003B05DF8E5
:1047940004FB002003B05DF804FB00BF7008002098
:1047A400704700BF704700BF30B50C4683B090F827
:1047B400245004F0AFFA631E082B11D805EB8503CF
:1047C40004EB4304074D03E0019848B104F0A2FA56
:1047D400002255F8240001A904F09EFD0128F3D01D
:1047E40003B030BDD024002070B50E4682B090F8DE
:1047F400244004F08FFA731E042B10D804EB8404B5
:10480400084D344403E0019848B104F083FA0022CF
:1048140055F8240001A904F07FFD0128F3D002B06B
:1048240070BD00BF202500204B1E082B00D9704707
:1048340010B500EB8003124A01EB430182B0044639
:1048440052F82100002201A904F066FD012801D0DC
:1048540002B010BD019B002BFAD00A4A002332F8A3
:104864001420094C92B2012A18BF052054F82000E4
:104874001A4601A9006804F053FC02B010BD00BF41
:10488400D0240020244000209C08002070B5154C42
:1048940000EB800304F11405064682B004EB8304A4
:1048A40005EB830501E0AC421AD0002254F8040B56
:1048B40001A904F031FD0128F5D1019B002BF2D0B0
:1048C400094A002332F81620084C92B2012A18BF74
:1048D400052054F820001A46006801A904F020FCC1
:1048E40002B070BD20250020244000209C08002038
:1048F40010B54B1E82B0082B01900ED88C460023B5
:1049040090F82400064C00EB80000CEB400C1A4697
:1049140054F82C0001A904F003FC02B010BD00BF40
:10492400D024002010B54B1E82B0042B01900DD86A
:104934008C46002390F82400054C00EB8000604472
:104944001A4654F8200001A904F0EAFB02B010BD95
:1049540020250020704700BF10B50446FEF746FF2F
:104964002046FEF773FF2046FEF718FB064B94F82B
:10497400242003EB4201497800290CBF03210221C2
:1049840003F8121010BD00BF8025002010B50121CE
:10499400044690F82420064B03F81210FEF7F0FAB0
:1049A4002046FEF753FF2046BDE81040FEF71EBF29
:1049B4008025002010B50121044690F82420064BE0
:1049C40003F81210FEF7DCFA2046FEF73FFF2046FC
:1049D400BDE81040FEF70ABF80250020012110B574
:1049E400044690F82420064B23F81210FEF7C8FA68
:1049F4002046FEF72BFF2046BDE81040FEF7F6BE2A
:104A04008025002070B506463046FEF789FA054633
:104A14000120FFF701FA3046FEF782FA044601202E
:104A2400FFF7FAF93046FEF77BFA85EA04034440BF
:104A340023439905E8D43046FEF7D8FEAA0505F0CD
:104A4400100301D56BB170BD002BFCD03046FEF7CE
:104A540089FA0122054B96F8241003EB41035A709E
:104A640070BD3046BDE87040FEF76EBA8025002068
:104A7400F8B5044615460E460021FFF731FB94F8BD
:104A840024302D4A2D4803EB8303DB00C6504FF43A
:104A94008871D5502046FEF76FF800212046FEF7B6
:104AA40099F9274F94F8243037F81320132A38D073
:104AB400002600212046FEF72BF894F82430214AE2
:104AC40003EB83039B00D65231463246204601F065
:104AD40087FB012805461DD020F00206B6B20EB1B0
:104AE4002846F8BD94F82430314637F81320022ABA
:104AF40014BF1322042227F813202046FDF7A8FF31
:104B040031462046FFF798FA20463146FFF7E2FA8D
:104B14002846F8BD072294F82430314627F813209C
:104B2400EBE7094A03EB830352F8333000212046B4
:104B34005A8D01F015FBBBE75C260020B42600204B
:104B440054270020042700200C26002070B50446BA
:104B54000E4615460021FFF7C3FA94F82430204A84
:104B6400204803EB8303DB00C6508021D550204648
:104B7400FEF702F880212046FEF782FE1A4E94F8D2
:104B8400243036F81320142A1AD0032A4FF00005D3
:104B940014BF1421052103EB8302144892008552AB
:104BA40026F8131020462946FDF706FF294620461D
:104BB400FFF742FA29462046BDE87040FFF78ABA5B
:104BC4000B4A03EB830352F8333000215A8D2046FD
:104BD40001F0C6FA94F8243036F81320D5E700BF64
:104BE4005C260020B426002054270020042700203F
:104BF4000C260020F8B504460E460021FDF74CFFB4
:104C040000212046FDF7EAFE00212046FDF70CFFB7
:104C140000212046FFF764FA94F8241000295AD0A2
:104C2400012963D0002320461A461946FDF73AFCB1
:104C340000212046FDF77EFE002220231146204657
:104C4400FDF730FC00212046FDF774FEA6F11103A8
:104C5400012B05D900212B4B94F8242023F81210A2
:104C640094F82430284D03EB830355F83370002166
:104C740020463E85FEF728F8788594F824202349B9
:104C840002EB820331F8231055F8333083F83610E1
:104C9400216C83F82420196494F8243003EB8303F3
:104CA40055F8330050B1436843B100221146984788
:104CB40094F8243003EB830355F8330004F02AF806
:104CC400002294F8240000EB8003DB00EA50BDE8E6
:104CD400F840FFF7DBBD20464FF48062FDF7A8FDE6
:104CE4004FF410612046FEF7CBFD9BE720464FF4BE
:104CF40000620021FDF79CFD4FF424512046FEF78D
:104D0400BFFD8FE7542700200C2600200427002035
:104D140070B50446002184B0FDF7BEFE0021204694
:104D2400FDF75CFE94F824301F49204E03EB830208
:104D3400D20089581E4DB2581E48116135F813200F
:104D440040F82310013A132A15D8DFE802F00A14B8
:104D5400141416140A141414141414141414141417
:104D640014166A4600212046FFF7F0FE072294F845
:104D7400243025F8132004B070BD052600216A46AE
:104D8400204625F81360FFF773FEFF2806D006229D
:104D940094F8243025F8132004B070BD0721204670
:104DA400FFF728FFE7E700BFB42600200C26002009
:104DB40054270020AC2600202DE9F047044690F843
:104DC4002430394E03EB830256F83210374D4A69CA
:104DD40091F83770118903EB430301EB430335F872
:104DE4001310B2F800A0D588B2F80290B2F804808B
:104DF400FDF7E0FE94F82430802F03EB830256F88D
:104E040032002946026903D1AA423CBF114695B239
:104E14008A4288BF01610AF0800265B90AB9802F0D
:104E24003FD00025224A204622F813500821BDE82D
:104E3400F047FFF7DFBE7AB3802F0CBF03221222A4
:104E44001B48514620F813202046FEF709FD494629
:104E54002046FEF709FD41462046FEF709FD294696
:104E64002046FEF709FD002194F82430114A03EB93
:104E740083039B00D1522046FEF7DCFC2046FEF75C
:104E8400DFFC2046FEF7A2FC2046FEF7A7FC2046E6
:104E9400BDE8F047FEF7F8BC802F0CBF02221122B8
:104EA400CEE70122CCE700BF0C26002038270020E3
:104EB4005427002004270020704700BF70B5044623
:104EC4000D461646FDF78AFD002094F82430154956
:104ED40003EB830305EB430321F813003246294611
:104EE400204601F07DF9012809D829462046FDF71E
:104EF400AFFD29462046BDE87040FFF79DB8022863
:104F040006D029462046BDE870400722FEF7BCBA09
:104F140029462046FDF750FD29462046BDE870404D
:104F2400FFF78AB804270020F8B590F82430234A04
:104F340003EB830301EB430352F82360044696F822
:104F440037300D463769A3B329462046FDF766FA84
:104F5400002194F824301A4AB6681A4803EB8303F4
:104F640005EB4303DFF860C022F8131040F8236018
:104F7400294620464CF82370FDF7CAFD29462046F1
:104F8400FDF79EFD2946204601F0DEF8024648B9A9
:104F940029462046FFF792FF29462046BDE8F840FF
:104FA400FFF798B829462046BDE8F8400722FEF7E7
:104FB4006BBA728D01F0D4F8C6E700BF0C2600204E
:104FC400042700205C260020B426002070B5468CFF
:104FD400044646BB4FF4897306600384442003F0FF
:104FE400E5FD054618B34422214605F0C1FA63697C
:104FF4006BB166B9198805F12C02A9855988E98530
:1050040099882986D988698619896A61A98605F0EB
:10501400BFF8034629460120EB61FFF74DFB044628
:1050240040B9204670BD314601F0A4F838B9FF24D8
:10503400204670BD284603F06DFE204670BD002258
:105044004FF48973092E22602384C7D9FF24EFE724
:1050540070B5044682B00D46022094F8242001A9BC
:10506400FFF76AFB00B1FEE740F20513019E226CD4
:105074003060F08475843264338494F8243031468B
:1050840086F82430E3690220F361FFF715FB08B9C1
:1050940002B070BD31460220FFF768FB02B070BD5C
:1050A4002DE9F041044682B00F469046012094F861
:1050B400242001A91D46FFF73FFB00B1FEE7019E36
:1050C400236C089A30603784A6F82280B560726039
:1050D400336494F82430314686F82430E36901209F
:1050E400F361FFF7E9FA044618B9204602B0BDE8B7
:1050F400F08131460120FFF739FB204602B0BDE8BC
:10510400F08100BF2DE9F041044682B00F4690467D
:10511400022094F8242001A91D46FFF70DFB00B1DD
:10512400FEE7019E236C30603784A6F82280F58464
:10513400336494F82430314686F82430E36902203D
:10514400F361FFF7B9FA10B902B0BDE8F081314656
:105154000220FFF70BFB02B0BDE8F08130B5114B24
:1051640090F82420044633F8125083B06DB902F04D
:1051740041FD20465021FDF7DBFF294620466368A8
:10518400228C03B0BDE8304018470120FEF744FEEE
:105194000023054D218C20461A460095FFF780FF19
:1051A40003B030BD54270020D569000010B5044673
:1051B40000F084FF204600F095FF2046BDE8104033
:1051C40000F050BFFF2A2DE9F0418C4618BF4FF480
:1051D400817E4FF000014FF08008054608BF002291
:1051E40090F82400254C00EB001604EB860608BF5B
:1051F400DFF894E0224F736000EB800386F824000C
:1052040086F83780B1603161718447F813E007EBA9
:105214004303736195F824009A80D980A3F808C0E9
:1052240000EB001304EB83032A6C18461A64FFF79F
:10523400CDFED52802D0D0B1BDE8F081114E0220B8
:10524400FEF7EAFD95F8243003EB031204EB820227
:10525400518C104629B992F8243036F81330282B93
:10526400EDD0FFF7B3FED528E9D00028E4D140F60D
:10527400B831284602F098FDBDE8F081CC29002021
:10528400542A00205027002000010100F8B51646DA
:1052940004460F4600F044FF39460546204600F018
:1052A4007DFF01462A4633462046C1F30F31FFF7FE
:1052B40089FF054608B12846F8BD94F82430074E06
:1052C400204636F81310FEF70BFF94F824302046DE
:1052D40036F81310FDF75EFD2846F8BD682A002055
:1052E4002DE9F04FDFF89493E14DE24FE24EDFF801
:1052F400908383B042F21072012001A9FFF7BEF936
:105304000028F7D16FF48072019C238CB4F822B08A
:105314001344162BEED801A252F823F0C155000015
:10532400B3550000A355000095550000E555000055
:10533400CF550000F35500009D5400000D550000AA
:10534400E7540000C7540000F9520000B9540000AB
:10535400F952000083550000F9520000F952000090
:105364002F550000775400005154000043540000AE
:10537400255400007D530000BBF1130F40F242811D
:10538400ABF1410B1FFA8BF3212BB3D8BBF1210FE7
:10539400B0D801A353F82BF0E7570000DF57000003
:1053A400D7570000CF570000F9520000BD57000046
:1053B400F9520000F9520000F9520000F9520000BD
:1053C400F9520000F9520000F9520000F9520000AD
:1053D400F9520000F9520000F9520000F95200009D
:1053E400F9520000F9520000F9520000F95200008D
:1053F400F9520000F9520000F9520000F95200007D
:10540400F9520000F9520000F9520000F95200006C
:10541400F9520000F95200005F5700001F570000C6
:1054240059462046FDF7D6FC4FF48B7200212046E6
:105434006368984721460120FFF798F95AE75946CF
:105444002046FDF7A7FC40F21512EFE794F824304C
:1054540003EB83030BEB430355F82330002BE9D014
:10546400BBF1000F40F0148108212046FFF7C2FB76
:10547400E0E794F8243003EB83030BEB430355F884
:105484002330002BD6D0BBF1000F40F0FB80092164
:105494002046FFF7AFFBCDE70021204602F08EFB4C
:1054A400204600F0F7FD6420FEF7B6FC4FF484724A
:1054B4005946BCE759462046FEF712FE40F20D124B
:1054C400B4E72046FDF798FE2046FEF719FE59463C
:1054D400024663682046984721460120FFF746F9B3
:1054E40008E7F0212046FDF77BF80120FEF794FC45
:1054F400204600F0E3FD204600F0F4FD204600F0D5
:10550400B1FD4FF4857291E794F82430BBF1090F93
:1055140026F813B000F2AA80594642462046FFF707
:10552400B5FE81B240F2091281E7BBF1000F40F0F1
:10553400B580636920461989090301F4704100F0BC
:10554400E5FD002800F0CA8094F8243003EB8302C0
:1055540055F83210002940F0BB8045F8324039F844
:105564001320002A00F04E81142A00F04F81132AE0
:1055740000F03B8120460721FFF73CFBBAE65A4680
:1055840020460BF0070100F0EBFD40F20F124DE74F
:105594002046FFF7E3FD4FF48272594647E7204661
:1055A400FDF762FE2046FEF7ABFD02463EE72046CD
:1055B400FDF7F0FF4FF48172594638E72046FDF7B6
:1055C4001BFE40F20112594631E7502294F8243070
:1055D400204627F81320FFF7C1FD4FF4837225E717
:1055E4002046FDF777FE40F2051259461FE7204694
:1055F40000F046FD0121204602F0E0FA40F20712D5
:10560400594614E7BBF1000F3FF474AE0BF1FF3BB6
:10561400BBF1120F3FF66EAE01A353F82BF000BF9F
:10562400175700000F57000007570000F9520000F9
:10563400F9520000F9520000F9520000F95200003A
:10564400F9520000F9520000F9520000F95200002A
:10565400F9520000F9520000F9520000F95200001A
:10566400FF560000F9520000F7560000FF2159E7E9
:105674000C26002058270020682A002054270020E8
:10568400A57D0000594609222046FDF7FDFED1E61E
:10569400594608222046FDF7F7FECBE65946204638
:1056A40000F068FD82462046514600F02FFDD8B137
:1056B40094F8242002EB82030BEB430355F82330C8
:1056C400002B00F0B18059462046FFF711F911E68E
:1056D400636920461989FFF725F90BE663692046BB
:1056E4001989FFF781F805E659462046FFF75CF86B
:1056F40000E62046FDF758F9FCE52046FDF74EF993
:10570400F8E5204600F0E4FAF4E5204600F01CFB3E
:10571400F0E5204600F092FAECE5142394F82420F6
:10572400514903FB02F28B5A01339BB2012B8B527A
:105734003FF420AF0520FEF76FFB2046FEF77AF812
:105744002046FEF77DF82046FEF740F82046FEF797
:1057540045F82046FEF798F8CCE594F8243039F85B
:105764001320013A112A3FF6C5AD01A151F822F0E8
:1057740025580000EF57000011580000F9520000AE
:10578400F9520000F9520000F9520000F9520000E9
:10579400F9520000F9520000F9520000F9520000D9
:1057A400F9520000F9520000F9520000F9520000C9
:1057B400EF5700001158000094F82430012B7FF4B7
:1057C40099AD2046FFF71EF994E52046FDF714FD38
:1057D40090E52046FDF7DEFE8CE5204602F072FAE5
:1057E40088E5204602F0B0FA84E5282202FB03F3A0
:1057F400EB5820469A681969FFF73AF9FF287FF4B5
:1058040079ADB7E62046FFF7D7FA73E5282202FB05
:1058140003F3EB5820469A681969FFF797F969E58D
:105824002046FFF775FA65E50A2303FB02B245F843
:105834002240BAF1000F05D1594620460722FDF750
:1058440023FE57E5BBF1090F3FF654AD59462046F8
:10585400FEF716FC594618B9204600F055FD49E5F7
:105864002046FFF761FB45E504270020092900D9FC
:1058740070474FF0000C70B590F82430164E03EBCF
:10588400830301EB43030C46054626F813C000F0DE
:105894009FFD032819D8DFE800F0110A020370BD48
:1058A40021462846BDE870400522FDF7EDBD21469E
:1058B4002846BDE87040042200F012BE2146284666
:1058C400BDE87040032200F00BBE21462846BDE827
:1058D40070400722FDF7D8BD04270020092900D90C
:1058E4007047FFF7EBBA00BF30B5028D8BB01AB129
:1058F400062A0CBF0122FF224FF4144C90F8241006
:105904004369ADF808208DF804101A88ADF806C074
:10591400ADF810200C4AC46952F821505A88082066
:10592400ADF812209A8801A9ADF81420DA88ADF8F0
:1059340016201B89521B8DF8053003920694FEF73E
:10594400EBFB0BB030BD00BFAC260020F8B5184D02
:1059540090F8243035F81320052A28D8D82606FBD9
:1059640003F30A26044602EBC20203EB8203114F3F
:10597400114AD75013449E80CA88DA808A689A6094
:10598400CE68DE600A691A614A695A618A699A6155
:10599400CA69DA610A6A4FF470411A620022B04798
:1059A40094F8242035F81230013325F81230F8BD6C
:1059B4002C270020FFFF00F01C28002090F8242052
:1059C40019B9164B23F812107047002070B402EB7B
:1059D4004203134C03EBC30304EBC303B3F806C045
:1059E40024338C4504D001300628F7D170BC7047AD
:1059F4004FF0D80C0A25094900EBC00031F81230E9
:105A0400084E013B21F812300CFB02F202EB80023B
:105A1400A318A6505D6070BC704700BF2C270020FF
:105A24001C280020FFFF00F0642330B5012500FB93
:105A340003F30F4C01EB810C03EB4C03E5520CFA1E
:105A440005FC1588234401284FEA810E5D8003D1AB
:105A540053886444A4F868304FF0640C0CFB00F0E5
:105A640054680EEB0103034A00EB4300145030BDAD
:105A7400D0220020D62200202DE9F84F494D0646B9
:105A84002C78002C76D000274FF0D80AB8463D4633
:105A94003C46DFF854B1DFF8549196F82400424BA9
:105AA4001AFB008024220021184404F059FD062228
:105AB4003C2396F8241008F1240812FB01520BEB46
:105AC400021112014BF80240C1E90144CC6096F87E
:105AD4002420364913FB027302EB420205EB420217
:105AE400013549F80340062D4B4421F812405C600F
:105AF4001C8107F10A07D0D1282796F824502C4896
:105B040005EB85063A46002100EBC60004F028FDAB
:105B140028484FEAC6083A460021404404F020FDD4
:105B2400254B264923F81540254B264823F81540D4
:105B3400254B3A4623F81540244B404423F815409E
:105B4400234B23F8157001EB8603B6008C51C3E98F
:105B54000144C3E90344002104F002FD0121012DA5
:105B640008BF1C4B084608BF9C70FEF71BFE0020B4
:105B7400BDE8F88F44222146174804F0F1FC174F82
:105B8400174B4422214617481C60C7E900443C8156
:105B940004F0E6FC0123C7F80A40C7F80E407C82F3
:105BA4002B7070E7842500201C2800203827002053
:105BB400B42600205C26002034270020042700207F
:105BC400302700200C2600202C27002054270020FA
:105BD4005827002080250020CC290020542A0020AA
:105BE400682A0020102A00205C270020902500202D
:105BF400FCF7D2B8438C33B9054B90F8242033F822
:105C04001230282B01D0FFF7E1B9D520704700BF2F
:105C140050270020034600B5074A8BB032F8132002
:105C24000D2001A98DF804308DF80520FEF774FAD3
:105C34000BB05DF804FB00BF3427002038B5058D98
:105C44000446EB0716D5214B90F8242033F8123084
:105C5400072B15D0142B23D0052B0BD10022114672
:105C640000F0B6FB032826D013D8022802D0204621
:105C7400FFF74EF829462046BDE8384000F036BC10
:105C84000021FEF7B7FF29462046BDE8384000F062
:105C94002DBCFF28EED107212046FEF7ABFFE9E734
:105CA4000022114600F094FB032804D0F1D838B147
:105CB4000128DCD0DEE705212046FEF79BFFD9E76B
:105CC40011212046FEF796FFD4E700BF5427002099
:105CD40070B5058D0446EB0705D429462046BDE87A
:105CE400704000F03BBC0021FEF7ACF910F0020656
:105CF4001DD194F82430134903EB83039B00CA5A43
:105D0400013292B2012ACA520CD00520FEF784F85F
:105D140031462046FEF7DEF929462046BDE87040AC
:105D240000F01CBC07212046FEF764FFD5E720469F
:105D34000621FEF75FFF29462046BDE8704000F0CB
:105D44000DBC00BF0427002070B5058D0446EA078A
:105D540005D429462046BDE8704000F035BC00213A
:105D6400FEF770F983072BD43A4E94F8243036F8B2
:105D74001330043B0F2BECD801A252F823F000BFE0
:105D8400075E0000575D00002D5E0000375E0000D6
:105D9400575D0000575D0000575D0000575D00002F
:105DA400575D0000575D0000575D0000575D00001F
:105DB400575D0000575D0000575D0000D95D00008D
:105DC40020460621FEF716FF29462046BDE870400E
:105DD40000F0FABB00222046114600F001FA022826
:105DE40019D02AD880B3072294F824302046002101
:105DF40026F81320FCF72CFE00212046FEF71CF9A0
:105E0400A7E700222046114600F0EAF9022802D052
:105E140013D80028E7D120460021FCF719FE002101
:105E24002046FEF709F994E700212046FEF7E2FE3A
:105E34008FE72046FEF76CFF8BE7FF2889D1072107
:105E44002046FEF7D7FE84E712212046FEF7D2FE55
:105E54007FE700BF542700202DE9F843EFF30383C5
:105E64004FF00008154D164E2C88164A04EB041406
:105E7400103B06EB84075BB2404652F8239087F848
:105E84002480FDF713FCA400386404F13803D9E935
:105E94000912F15033445A603846FDF78DF8012059
:105EA400394646F80480FEF721FC2B8801339BB267
:105EB4000F2B08BF43462B80BDE8F8836C2A0020D3
:105EC400702A00202C47002040F21711094B90F84B
:105ED400240003F57F72C0EB002C03EB8C0302EB70
:105EE4008C02198444339342FBD10022024B23F8E1
:105EF40010207047702A00206C2A00202DE9F047FA
:105F0400EFF303834FF00109184D194F6C88194AB8
:105F140004EB0414A400103B07EB04085BB252F832
:105F240023A0484688F82094FDF7C0FB04F57F764B
:105F3400C8F83C0404F23444DAE909233E443A51F3
:105F44003C4430466360FDF737F800233146C8F817
:105F5400FC334846FEF7CAFB6B884B449BB20F2BBD
:105F640008BF00236B80BDE8F08700BF6C2A0020C7
:105F7400702A00202C4700202DE9F0470C460546E6
:105F8400924690F82480FCF749FA21462846FCF70B
:105F940025FD21462846FCF747FDDFF8849021467D
:105FA400284608EB8806FCF777FD04EB46062146F5
:105FB4002846FCF7A1FA59F8267057B3164B214628
:105FC40053F8263028463B61A7F828A0FCF77CFE4E
:105FD400124B788559F8265033F81630404685F828
:105FE4003630FDF763FB0022286459F82600114679
:105FF400436880F82480984759F8260002F08AFE06
:1060040000232146404649F82630BDE8F047FEF714
:106014000BBCBDE8F08700BFB42600200427002095
:106024000C26002070B505460C46164631B13246A2
:1060340021462846BDE87040FDF74EBC4021FCF7E0
:10604400B9FD324621462846BDE87040FDF744BC00
:1060540010B50446FDF7DCFB2046BDE81040FDF713
:1060640085BB00BF10B50446FDF7D2FB2046BDE852
:106074001040FDF783BB00BF70221021FCF7A6BAC5
:1060840010B50446FDF7BEFB2046BDE81040FDF701
:106094005DBB00BF10B50446FDF7B4FB2046BDE868
:1060A4001040FDF75DBB00BF10B50446FDF7BCFB17
:1060B4002046BDE81040FDF779BB00BF10B504468B
:1060C400FDF7B2FB2046BDE81040FDF777BB00BFEB
:1060D40010B50446FDF7A2FB2046BDE81040FDF7CD
:1060E40055BB00BF10B50446FDF798FB2046BDE83C
:1060F4001040FDF753BB00BF08B5FDF7CFFBFF28E9
:106104000CBF002000F0C00008BD00BF08B5FDF7BB
:10611400C5FBFF280CBF002000F0C00008BD00BF75
:10612400092901D90020704710B50446FCF750FD39
:106134002046FCF75BFDC34300F00F02D80000F0DB
:106144008000104310BD00BF0020704709B9FCF760
:1061540003BAFCF7EDB900BF4FF4E061FCF70EBCE5
:10616400092905D8530601D5FCF734BEFCF712BE45
:10617400704700BF09290FD810B541B10446FCF798
:1061840027FD2046FCF774FD00F4704010BDFCF7B9
:1061940001FD00F4704010BD0020704709291BD890
:1061A40008B5A1B10346642093F8243001EB8101C2
:1061B40000FB03F3094A03EB4103D15A012901D03F
:1061C400FF2008BD1A44D08800F4704008BDFCF7D5
:1061D400E1FC00F4704008BDFF207047D02200208D
:1061E4002DE9F04F092983B06DD851EA020617460C
:1061F40008BF32460C4606BF20231146002305463D
:10620400FCF722F9FF28064649D021462846FBF729
:10621400ABFF804621462846FDF71EFF95F8243043
:10622400DFF8DCA003EB830304EB43035AF82330C9
:10623400CDF80080434536D9022621462846FDF78D
:1062440001FF214601902846FCF7E8F895F82490D0
:10625400DFF8B0B009EB890904EB49093A46414635
:106264005BF829302846FDF755F84BF8290095F8D6
:106274002430009903EB830304EB43035AF82320EF
:1062840091422FD8A2EB08024AF82320214628463F
:10629400FCF73EFC019B03F00303012B1AD03046AC
:1062A40003B0BDE8F08F1FFA83F8B8F1000F0FD0E8
:1062B400B8FBF0F300FB13839BB24BB9B4FA84F63A
:1062C40076097600B9E70126304603B0BDE8F08FC1
:1062D4000126B2E728462146FDF7FCFE304603B00E
:1062E400BDE8F08F002239464AF823202846FCF7FF
:1062F400DDFA0304CAD439462846FCF7F9FAC5E79F
:10630400B42600205C26002009294DD8F8B590F861
:1063140024302B4A03EB830301EB430352F823702D
:106324000C4697F8373005463E69BBB321462846EC
:10633400FCF774F8002395F82420BF682148DFF89F
:106344008CC0214902EB820204EB42024CF8227019
:1063540040F8226021F81230284621461A46FCF7FC
:10636400A1F821462846FDF777FE4EB1B6FBF0F2C0
:1063740000FB126092B2C0B921462846FCF7AAF885
:1063840021462846FDF7A6FE21462846FCF714FBC5
:1063940021462846BDE8F840FDF74EBE7B8D5B06DE
:1063A4000AD5FCF717FDC1E770470132214628469C
:1063B40092B2FCF78FF8E3E7FCF7ECFCB6E700BF1A
:1063C4000C260020B4260020042700205C26002090
:1063D40009292DE9F84F4AD800230C4605461746EB
:1063E400FCF732F8FF2842D0C0F30B0621462846BA
:1063F400FDF732FE95F82430DFF8E09003EB8302DA
:1064040004EB420259F82280B246B0454FEA8302B7
:106414003FD355D086B3B6FBF0F100FB116189B2CE
:1064240000294AD04FF0010821462846FBF7F6FF21
:1064340095F824309A001A443146274E04EB420B57
:1064440028463A4656F82B30FCF7D2FF46F82B0084
:1064540095F82430404603EB830304EB430459F8D6
:106464002430A3EB0A0349F82430BDE8F88F4FF039
:10647400FF084046BDE8F88F21462846FBF7CEFFCB
:106484004FF0010839462846FCF754FA4FF0000A49
:10649400DEE721462846FBF7C1FF95F824304FF08C
:1064A400030803EB830204EB420259F8221049F873
:1064B40022608EB2B2469A00BDE74FF00208BAE7F6
:1064C40021462846FBF7AAFF002EDBD095F824309E
:1064D4004FF000089A00AEE75C260020B4260020A6
:1064E400092900D97047FFF747BD00BF2DE9F843DC
:1064F400012490F82430184A03EB830306460D4622
:10650400274602EBC30902E001340A2C1BD007FA28
:1065140004F31D42F8D01FFA84F841463046FCF7D4
:10652400F7FA59F82430002BEED041463046FDF7F7
:10653400A7FD102809D00022414630460134FFF758
:1065440095F90A2CE3D1BDE8F88341460022304690
:10655400FFF7C4F9D8E700BF0C2600202DE9F84363
:10656400012405460E462746DFF8588007FA04F34F
:106574001E4215D095F824301FFA84F903EB8303E7
:1065840004EB430358F8233053B149462846FDF73A
:1065940085FDB0F5404F08D049462846FDF794F8EC
:1065A40001340A2CE2D1BDE8F8832846FCF7C4FA8A
:1065B400030449464CBF052207222846FCF764FF22
:1065C400EEE700BF0C2600202DE9F0470124064623
:1065D4000D462746DFF8C090DFF8C08007FA04F3C1
:1065E4001D4219D096F8243003EB830304EB4303D4
:1065F40059F8232082B138F813301FFA84FA012B9A
:106604000AD051463046FDF71DFD800751462DD571
:1066140006223046FCF738FF0134062CDED14FF059
:1066240001081D4F08FA04F31D4215D096F82430D2
:106634001FFA84F903EB830304EB430357F8233075
:1066440053B149463046FDF7FDFC8307494608D55A
:1066540006223046FCF718FF01340A2CE2D1BDE8CB
:10666400F08701223046FFF787FCF5E73046FCF758
:106674002BFB4204D0D496F82430514603EB830319
:1066840004EB430301223046013428F81370FFF76A
:1066940073FC062CA2D1C2E70C260020A8220020FD
:1066A40070B5642400FB04F4144B00261A4603F16D
:1066B4005A0E134D0903234404E00A32964503F1AC
:1066C4000A031AD0B3F80AC0BCF1010FF5D1B3F82C
:1066D40010C005EA0C0C6145EFD104EB020C012853
:1066E400CCF80A60CCF8106002F10A0208BFA2F8E4
:1066F4006860964503F10A03E4D170BDD0220020FE
:1067040000F0FFFF4FF0640C38B590F824300C46CD
:106714000CFB03F31D4A01EB810103EB4103D35A44
:10672400012B00D038BD00210546FCF737F800F0F6
:106734000F0084421CD001212846FCF72FF800F0FA
:106744000F0084421BD002212846FCF727F800F0F2
:106754000F00844205D021462846BDE83840FBF7A7
:1067640029BD0023022228461946FBF79BFEF2E7C7
:10677400002328461A461946FBF794FEDBE700235C
:10678400012228461946FBF78DFEDCE7D0220020C3
:1067940010B50D2A9DF8084004D0952A14BF002096
:1067A400092010BD032B01D0002010BD8446BCB9C4
:1067B4001B4B185CC0B9642006231A4A013900FB3C
:1067C4000C221FFA81FE908F0A3220B9D8B27CB90C
:1067D400BEF1010F19D901330A2BF4D1184610BDAB
:1067E400114B185C0028E6D04B1E012BE3D810BDDA
:1067F400BEF1010FEFD80C4A083102F80C0004EB8B
:1068040041030A4ADBB2D05410BD01F10803074A20
:1068140003495B00DBB201F80C00D05410BD00BF8B
:106824006C320020D02200206832002098230020FF
:10683400F0B583B0089C94F801C0BCF1050F02D0F8
:10684400002003B0F0BD94F803C01F460CF0030C05
:10685400BCF1020F05460E4613464ED0BCF1030FA1
:1068640030D0BCF1010FEBD194F802E0A1791EF015
:10687400800F724656D1952BE2D1002973D0C02FD8
:106884007DD0B1FA81F34CF2102C0920C3F11F031F
:106894009BB27246217902F00F02647941EA063113
:1068A400099E4CEA02023280012D41EA0422B280A0
:1068B400F380C6D1431E9BB2042B49D90023099A05
:1068C4005380BEE794F90230002B634621DB4FF07E
:1068D400010CCDF800C0FFF75BFF48F2100CA37960
:1068E40033B1C02F3AD0B3FA83F3C3F11F039BB281
:1068F4000028A5D094F802E0CBE794F90210A2781E
:1069040000291DDB952B9BD1002344F2102C092078
:10691400C0E74FF0000CCDF800C0FFF739FF4FF48B
:10692400004CDCE7952B8BD111B3C02F2FD0B1FADB
:1069340081F3C3F11F034CF2802C09209BB2A8E71A
:10694400952B7FF47DAF00234FF4854C0920A1E7FC
:106954004301183B43F470539BB2B0E7082B0CD8A7
:10696400013B9BB2C4E70B464CF2102C092091E783
:106974000B464CF2802C09208CE70723B8E74CF235
:10698400102C082906D84B1E09209BB281E74CF233
:10699400802CF6E7072309207CE700BF38B5094DB2
:1069A40090F8243035F8132052B10749044651F8C1
:1069B400233000219847002294F8243025F813202E
:1069C40038BD00BF6C3F0020643F0020704700BF0B
:1069D400134640F223110022FEF794BB4FF4927148
:1069E400038D428CFEF78EBBF0B5052A00F29D8024
:1069F400DFE802F003038A7251034FF4A01790F802
:106A040024304A4CDFF83CC103EB830244F812C043
:106A1400474D04EB4202474E576003EB031203EB6E
:106A2400830306EB830605EB82039E604FF0010CA3
:106A340080264FF0000E90F8242002EB021305EBA1
:106A44008303A3F828C002EB820C04EB4C0CACF8D3
:106A54000810BCF8061083F837601961016C83F8DC
:106A64002420354AA3F822E05A601964C3F814C0FC
:106A740090F82420D0E90E4102EB02139B00383336
:106A8400EC5002EB02122B4405EB82005960BDE886
:106A9400F040FEF79BBA90F82430284E4FF0000ED9
:106AA40006EB8326B6F802C0214DBCF5806F28BFE3
:106AB4004FF4806C03EB830203EB031305EB8303B6
:106AC4001A4C9E601E4B44F8123004EB4203A3F8A8
:106AD40006C0A3F804E0A9E74FF4102C90F8243082
:106AE400164E134D03EB830206EB832603EB0313CD
:106AF40005EB83039E600D4C114B44F8123004EBFC
:106B04004202C2F804C091E74FF4901C90F824307C
:106B1400064C0C4F03EB830244F8127004EB420260
:106B2400034D044EC2F804C077E7F0BD00400020D6
:106B3400783F0020383F0020E1690000383700200A
:106B440080060002800600012DE9F0434FF0800921
:106B540000254FF0010E4FF4A06890F824C0154FA3
:106B64000CEB0C1307EB8303134E83F837905E6032
:106B7400066C124C1E640CEB8C0604EB460683F880
:106B840024C05D849D601D615E61A3F828E090F8D7
:106B940024E00CEB8C0C0EEB0E1E24F81C8072808F
:106BA40007EB8E00B580F5803181BDE8F043FEF738
:106BB4000DBA00BF783F0020E169000000400020CA
:106BC4002DE9F0434FF0800900254FF0010E4FF4FA
:106BD400106890F824C0154F0CEB0C1307EB8303DB
:106BE400134E83F837905E60066C124C1E640CEBF7
:106BF4008C0604EB460683F824C05D849D601D6109
:106C04005E61A3F828E090F824E00CEB8C0C0EEB0A
:106C14000E1E24F81C80728007EB8E00B580F58070
:106C24003181BDE8F043FEF7D1B900BF783F0020C1
:106C3400E169000000400020F8B54FF0000C4FF06F
:106C4400800E044690F82430214A224902EB432066
:106C540003EB830201EB42021F4DD6881F4F03EB67
:106C6400031205EB820282F82430C2E9017003EBBF
:106C7400830301EB430182F837E01661A2F822C0D6
:106C8400516194F82400226C00EB001305EB83039C
:106C940018461A64FEF79AF980B2D52801D078B163
:106CA400F8BD0220FDF7B8F894F8243003EB031381
:106CB40005EB8300FEF78AF980B2D528F1D0EEE720
:106CC4002046BDE8F84040F6B83101F06DB800BF89
:106CD4000C3300207032002084320020A57D000097
:106CE4000023FF222DE9F04790F824A08AB0564DE6
:106CF400ADF802300AEB8A0305EB83052B790746CE
:106D0400092BADF800206879AA790FFA8AF860D0C7
:106D140041F60A23B5F808C0B5F80A909C4551D04D
:106D24008B68FF201E88002E47D04FF6FF7403EBBC
:106D3400860604E0624505D004339E420BD09A884F
:106D4400A242F7D1DA88A2423AD004334A4508BFB6
:106D540000209E42F3D1FF282FD04FF000093B4C76
:106D64004B4604EB8A246088B0F5806F28BF4FF44B
:106D740080600FE0BCF1040F03F1050605D114F89F
:106D840006A0B1F806C0E24532D0127813449BB293
:106D9400E25C8AB1834204EB03020DD292F801C093
:106DA400BCF1020FE6D1964612784FF00109134464
:106DB4009BB2E25C002AEDD1FF200AB0BDE8F08767
:106DC4000020B9E7B9F5007FAAD100200AB0BDE8D8
:106DD400F08700289CD11AB90123ADF8023097E757
:106DE400012A2DD0022A04BF0323ADF802308FE715
:106DF400B9F1000F01D0CDF808E0154B0195154D00
:106E040003EB4803079305EB480308930DF10203D2
:106E14003846039205930A69CDF810D001A990472A
:106E240097F824300C4A35F8131003EB4303A45DA0
:106E340001EB430302EB0313BDF80000DC80BCE765
:106E44000223ADF8023063E7383F002038370020D2
:106E540030270020342700205C2700200B46002226
:106E640040F22111FEF74EB900234FF491711A46F6
:106E7400FEF748B94FF0000C70B590F82430184C68
:106E8400184E03EB830544F81560B2F5007F04EB5C
:106E94004505A5F804C029811AD94FF40072EA8087
:106EA40000224FF0FF0E104D05EB432303F802E0E0
:106EB40090F82430013203EB830104EB4101B1F873
:106EC40006C091B28C45EFD8BDE87040FFF7B4BE60
:106ED400EA80002AE4D1BDE87040FFF7ADBE00BFF0
:106EE40070320020800600020C3300202DE9F043AC
:106EF400DFF81C9190F8243083B059F8233005460C
:106F0400B3F822804FEA0837BFB23946FFF7F4F8E6
:106F1400B8B3012402E001340A2C1DD0A6B23146D4
:106F24002846FFF727F9B842F5D131462846FDF740
:106F340089F80128EFD131462846FBF76FFA502132
:106F440095F824302C4A03EB830304EB4303013408
:106F54000A2C22F81310E1D1092241462846FFF7F2
:106F640089FF264B95F8242003EB4223DB7913F0A9
:106F7400200310D1B8F1010F28D05021204B23F861
:106F84001210022095F8243059F8231003B0BDE8FC
:106F9400F043FDF7EBBB00211A4B1B4802EB8202C6
:106FA40043F8120003EB420328465960A3F8088013
:106FB400FFF742FE0028E4D1B8F1010F11D05021AF
:106FC4000F4B95F8242023F81210DAE70F491A46DC
:106FD400009128464FF48371FEF762F895F8242057
:106FE400CBE70A4903460246009128464FF48371D1
:106FF400FEF756F8E3E700BF103700200C330020FB
:10700400502700207032002000030100D5690000E1
:10701400703F00202DE9F04F654A90F8243083B08A
:1070240052F8233006465C8C2503ADB22946FFF79F
:1070340063F8002800F08280012C00F08F80642027
:10704400FCF7EAFE092221463046FFF713FF594BAD
:1070540096F8242003EB4223DB799B0600F18C8015
:107064004621554B23F812100124544F02E00134F9
:107074000A2C21D01FFA84F841463046FFF78EF8D7
:10708400A842F4D196F8243003EB830304EB4303C2
:1070940037F81330502BEAD141463046FDF71AF841
:1070A400002296F8243003EB830304EB43030134FA
:1070B4000A2C27F81320DDD196F824A0DFF814B1A8
:1070C4003BF81A30002B40D000254FF0D809DFF8E8
:1070D400088107E096F824A03BF81A200135ABB2EA
:1070E4009A4232D909FB0AF405EBC50304EB830485
:1070F40044446188EF000129ECD1236A0022304620
:107104009847462240F2072096F82410638801EB42
:10711400410403EB44032A4C04EB03135A80294B28
:1071240033F81120824236D0462209FB0AF32F4459
:1071340003EB870343448A469A80CDE796F824A05C
:107144001D4B33F81A30462B8ED00220184B53F8BF
:107154002A1003B0BDE8F04FFDF708BB96F82430C1
:10716400134A304652F82330174A198C00230092F0
:107174001A46FDF795FF62E72146FF223046134B7E
:10718400FEF720F80028D9D146210B4B96F824208D
:1071940023F8121068E70E4B304653F821300021D3
:1071A4009847002396F82410064A22F81130BBE7CA
:1071B400703F00200C33002050270020103700209F
:1071C4005C2700206C3F0020D5690000A57D0000ED
:1071D400643F00202C2700201C2800202DE9F04FBC
:1071E400B24FDFF8EC82DFF8ECA2DFF8ECB28FB03C
:1071F40042F21072022004A9FDF740FA0028F7D1E8
:10720400049C238C94F82490B3F5927F4D46668CAD
:1072140047F8294075D9A3F20222062A52D8A3F2CC
:107224000323052B00F2C583DFE803F0513E2F1240
:10723400036040F2051340F207219D4A23846368EA
:1072440020462AF8191042F82930FFF7E3FECFE769
:107254004FF4837340F2062120462384FFF746FE51
:1072640040F2062294F8243091492AF813206268E7
:10727400012E41F82320218CBAD18E4B2046009355
:1072840000231A46FDF70CFFB2E74FF4837340F274
:107294000521874A2384636820462AF8191042F896
:1072A4002930FFF723FEA3E74FF48473804A238435
:1072B4006368012E42F8293000F09B814FF401737A
:1072C4002AF8193021460220FDF750FA90E740F2DF
:1072D4000713774A23846368012E42F8293000F0AB
:1072E4009D8140F203232AF81930EBE740F205139D
:1072F4004FF4027120462384FFF78CFE4FF4027290
:10730400B0E7B3F5827FDDD96FF4827213441F2B8B
:10731400D8D801A252F823F047750000C9720000C2
:10732400C9720000C9720000C9720000C97200006D
:10733400C9720000C9720000C9720000C97200005D
:10734400C9720000C9720000C9720000C97200004D
:10735400C9720000C9720000C9720000C97200003D
:10736400C9720000C9720000C9720000C97200002D
:10737400C9720000C9720000C9720000C97200001D
:10738400C9720000C9720000E17400002974000091
:10739400C17300009D73000031462046FEF7EAFEEB
:1073A40094F82430444A32F81320282A00F07E81CD
:1073B40057F823100220FDF7D9F919E73E4B33F8AB
:1073C4001930462B00F0A88100F230810A2B00F01E
:1073D400E381282B7FF476AFE28C384E002126F827
:1073E40019202046FEF71EFE0022402594F8243082
:1073F400334903EB430021F8132036F81310314EC0
:10740400802926F8205000F0E181C02900F0DE81B7
:10741400A94200F0E5810A22274957F8234021F8C0
:1074240013204FE70C2005A98DF81490FCF774FE87
:107434000021204600F0C2FB282394F824501E4A61
:1074440022F81530204B33F8151041B34FF6FF796D
:107454004FF00A0C002405EB450303EBC30301EBD7
:10746400C10108EBC30305EB450E03EB81014FEAB1
:107474004E0E1A88B2420FD15A88A3F804C072443F
:107484000BEB021012012BF80290104A1A60A0F8BC
:1074940002C08480C480048124339942E9D157F81E
:1074A40025100220FDF762F9A2E600BF703F00201C
:1074B400643F0020D56900005027002030270020B9
:1074C400603F0020382700202C270020FFFF00F019
:1074D4001C2800206C3F00205C270020E38C422BFA
:1074E40037D8402B7FF6EEAEC34931F819300A2B5A
:1074F4007FF4E8AE2822012321F81920BF4A22F89C
:107504001930BF4A12F81920022A00F0998100F0BC
:1075140017FC94F82430B94A32F81320012A7FF476
:1075240047AFB84B40F203110093002320461A469C
:10753400FDF7B6FD282294F82430AF4921F8132032
:1075440036E740F2051120462AF81910FFF762FDCC
:107554004EE6432B7FF4B6AE0A230026A64A22F851
:107564001930A94BA94A33F8193022F8196063B9C4
:1075740095E79B88462B14D0A34B94F824500136EE
:1075840033F81520B3B29A4289D9D82303FB05F303
:1075940006EBC60203EB82034344598810460129D3
:1075A400E7D1D82303FB05F505EB800508EB0509B6
:1075B4002046D9F81830B9F80620984794F82430B2
:1075C400B9F802C003EB4300914B002248F80530A0
:1075D4000A214FF0FF350CEB400318010BEB0313AA
:1075E400A9F804102BF8005059809A80DA801A8187
:1075F400C2E70A23804A22F8193000234FF40172AB
:107604002AF819207F4A218C204600921A46FDF759
:1076140047FD94F8243057F8234053E60A23764A6A
:1076240022F81930002340F20322E9E7502B7FF4BB
:1076340049AE754B002533F819303BB942E6724B1D
:10764400013533F81920ABB29A422CD9D82303FB65
:1076540009F305EBC50203EB820343445988EE00AA
:107664000129ECD10022DB692046984740F205232A
:1076740094F824203AF81210994200F09B80D82301
:10768400502103FB09F32E4403EB8603434458883B
:1076940002EB420200EB42020BEB02125180998092
:1076A40094F82490CBE757F829400BE62046FBF7E3
:1076B40025FE94F8243000283FF47AAE57F82320AE
:1076C4009946D28C002A40F0A980524931F81330EF
:1076D400042B00F00C81062B00F0E680012B00F057
:1076E400B8804C4B33F81920013292B223F8192098
:1076F400424B052A33F8191000F03681062A00F0AF
:107704002281012A00F0C780434B204653F82230DF
:10771400984794F824304BE63B4B33F81930002B50
:107724003FF4D0AD711C204600250C4606E0364BD4
:10773400013533F81920ABB29A42B4D9D82303FBEC
:1077440009F305EBC50203EB820343445A88EE00B8
:10775400A242ECD11B6A002221460390984740F2D2
:107764000721039890F824203AF812308B4227D04E
:10777400D82303FB09F32E4403EB860343445988BF
:1077840002EB420201EB420246210BEB0212518052
:10779400998090F82490CAE73AF81930B3F5017F3C
:1077A4007FF490AD2046FFF7F9F894F8243057F8A9
:1077B400234087E52046FFF7F1F894F824205EE79C
:1077C400FFF7ECF8039890F82420D1E7124B2046F9
:1077D4001B681146984794F8243057F8234071E504
:1077E4002046FCF783F9204600F0A2FA94F82430EE
:1077F40057F8234066E500BF5027002034270020B7
:1078040080250020D56900002C2700203027002087
:10781400FFFF00F0603F0020080900200A227049A1
:1078240021F813203AF81320A2F2022292B2012A7C
:107834003FF6BEAD2046FFF7B1F894F82430B7E523
:107844000B2005A98DF815308DF81490FCF764FC15
:107854005DE6644E644B36F8195033F819202D0355
:10786400ADB229462046FEF7DDFB06225F4B09EB4D
:10787400890903EB8903DB7994F8241003F07F036F
:107884001D4336F8113002FB0133594A22F81350D4
:1078940094F8249025E7574B0A465B68002120465C
:1078A400984794F8243083E51346D822524909FBBB
:1078B400028231F8196009E04A49558831F81910F3
:1078C4002432A94203F1010055D0034699B2B142D2
:1078D400F2D34623424A22F819303AF819204B468B
:1078E400A2F2022292B2012A3FF662ADA2E7154645
:1078F4001646D8234A4600E001353F4931F812C004
:10790400A9B28C451DD9E6B9242000FB01F103FB83
:107914000219C144B9F804000A28EDD113FB02117D
:1079240020464144FFF7DCF9D82338B9012694F8FE
:1079340024202C4931F81220A9F8022094F824209C
:10794400DAE79146CDE602FB09132C4A0BEB03134D
:1079540002EB892999F8052020469A80254B9B69DA
:10796400984794F8243023E5224B20465B699847D6
:1079740094F824301CE5D8204FF0060E4FF0240C68
:10798400462500FB09F00EFB091E0CFB0303164AF7
:107994000BEB0E1E32F819604344AEF80250AEF8F9
:1079A400086000229D8020465B69984794F82490E3
:1079B4008FE740F20B13124A23846368012E42F8C6
:1079C400293004D040F202232AF819307AE40A2339
:1079D400034A22F81930002340F2022210E600BFC5
:1079E400502700203427002030270020383F002073
:1079F40038270020080900202C27002038370020D1
:107A0400643F00202DE9F84F574C054621780029A2
:107A140000F09F80002495F82430544E544803EB22
:107A2400830200EB432006EB82039200B45021460C
:107A34004FF40072C3E90144C3E9034402F090FD2A
:107A440095F824304B4F03EB830307EB83019B0032
:107A5400FC50C1E90144C1E90344474895F8243086
:107A64004FF48062214600EB832002F079FD95F803
:107A74002410424B01EB810143F8114003EB410315
:107A84005C601C8195F824303D4803EB03134422C9
:107A9400214600EB830002F063FD0A2395F824B02D
:107AA400DFF800A1DFF800C14AF82B4095F8245014
:107AB4004FF6FF724CF82540A446DFF8F0E0314F52
:107AC40031483249DFF8E890DFF8E88029F81540BA
:107AD40028F815402EF8154027F8153020F81540E1
:107AE40021F815402A4905EB450721F81540294995
:107AF40005EB850007EBC70701EBC70706EB800121
:107B040080003450C1E90144C1E9034405EB450553
:107B1400214EDFF8A4E06D0005EB0C000CF1010C24
:107B240006EB0011BCF1060F4FEA0010325207F1C8
:107B3400240747F824EC4B8047F8203C8C80CC8009
:107B44000C81E9D102210846FCF72CFE0020BDE897
:107B5400F88F124B44221248C3E90011198102F034
:107B6400FFFC0123237055E76E32002010370020FC
:107B74000C330020383F00203837002070320020BA
:107B84008432002050270020302700203427002092
:107B94002C2700201C2800205C2700200040002007
:107BA400783F0020703F0020643F00206C3F00209D
:107BB400603F00200C370020FFFF00F0012901D0B6
:107BC400FAF71EBD10B50446FAF712FD94F82430F6
:107BD400012B00D010BD054B054A9B782046BDE81B
:107BE400104003EB430352F823301847802500204C
:107BF400CC08002010B5114B90F8242033F8123033
:107C0400502B06D0FBF79AFDBDE810400520FCF789
:107C140003B90446FBF792FD0120FCF7FDF820466A
:107C2400FBF71EFB2046FBF781FD2046FEF710FA0A
:107C3400BDE810400520FCF7EFB800BF582700202E
:107C440070B504460D46FEF743FA2046FEF784FA63
:107C540029462046FFF702F994F82430012B00D07E
:107C640070BD064B064A9B782046BDE8704003EB86
:107C7400430302EB83035B68184700BF80250020A1
:107C8400CC08002010B590F824300446012B08D10C
:107C94000A4B0B4A9B7803EB430302EB83039B6879
:107CA4009847F0212046FAF79BFC2046FEF7FCF9A2
:107CB4002046BDE810404321FFF7D0B880250020BE
:107CC400CC08002070B5194D90F8243035F81360B5
:107CD400502E03D0BDE87040FBF75CBC0446FAF7B5
:107CE40061FC83060DD42046FBF75CFA432813D0CD
:107CF4002046FEF7ADF931462046BDE87040FBF75B
:107D040017BA282294F82430204625F8132001219C
:107D1400BDE87040FDF79CB9282294F82430204631
:107D240025F81320BDE87040FBF734BC5827002029
:107D34000022024B11461B68184700BF08090020A7
:107D44006420FCF769B800BFFFF78EB8F8B5124F8E
:107D540004463D880E468DB12046FEF7B5F8204610
:107D6400FFF750FE2046FDF787FE2046FAF738F865
:107D740031462046BDE8F840FDF73ABFFCF710FD58
:107D84000E21064B03F5B47299715D70243393424E
:107D9400FAD101233B80DFE7144000208045002016
:107DA40001460420FCF788BC042000B583B00A46D1
:107DB4000DEB0001FCF762FC38B9019B188D00281B
:107DC40018BFFF2003B05DF804FBFF2003B05DF88B
:107DD40004FB00BF2DE9F04192B0002872D0037873
:107DE4000446012B2AD801F09FFF3A4F237837F835
:107DF40013309BB2012B2AD04FF0020801F09CFFF4
:107E040001F092FF2078FBF723FF0546E0B92078C4
:107E1400314B37F810601D54B6B2012E30D0002615
:107E24002E4B43F82060FCF757FB237827F81360A8
:107E340001F082FF284612B0BDE8F08140F2E2551D
:107E4400284612B0BDE8F0814FF4BC65F0E7E37852
:107E54000B3B082B34D801A252F823F0FD7D00001F
:107E6400C57E0000D37E0000BF7E0000CD7E0000F2
:107E7400C57E0000B97E0000B37E0000AD7E000028
:107E84008DF82800FBF712FC4146119001A8FDF77C
:107E940095FD314601369DF82800B6B2FEF700FC88
:107EA400062EF6D12078BAE74FF00108A6E74FF086
:107EB4000E08A3E74FF00708A0E74FF0FF089DE77F
:107EC40001F03AFF0125BBE74FF0080896E74FF0B1
:107ED400030893E724400020184000201C400020A1
:107EE40088B32DE9F0410D4679B303784B4F04462E
:107EF40037F81300164680B201281CD0012B1ED877
:107F0400474A52F823301BB301F00EFF94F8008067
:107F140037F818309BB2012B4FF0060308BF667088
:107F2400AB7037F818309BB2012B15D001F004FF69
:107F34000020BDE8F081002AFBD0052ADED940F2FA
:107F4400E250BDE8F081012070470120BDE8F081D6
:107F540040F2DC50BDE8F0814046FBF7A7FB6178B6
:107F6400304808EB480301EB430300EB0313DB88C1
:107F74004FEA48029BB2082B2FD040D8022B43D0A3
:107F8400032B14BF002384232B7002EB080301EBA3
:107F9400430300EB03131B899BB2802B36D0A3F160
:107FA400C003B3FA83F35B095B00424401EB420272
:107FB4006B7000EB021043889BB2322B28D00ED892
:107FC4000A2B27D0A3F12803B3FA83F35B09012911
:107FD400AB700DD00023EB70A8E79023D4E7462BB9
:107FE4001AD0A3F15003B3FA83F35B099B00EEE7C5
:107FF4000D4B13F81830022BECD1E97096E7FF2BE8
:1080040014BF00238A23BFE78023BDE70123CCE705
:108014000223DCE70623DAE70323D8E72440002021
:108024001C4000205C270020802500200023F0B5A0
:1080340083B08DF80630002833D00D4689B3037819
:108044002A4F044637F81300164680B2012821D07F
:10805400012B22D801F068FE2378204637F813302C
:1080640001A99BB2012B14BF667866703246FFF7F4
:1080740037FF9DF80630032B32D101232B80217862
:1080840037F811309BB2012B0ED001F055FE0020C1
:1080940003B0F0BD1AB1052ADAD940F2E25003B0B8
:1080A400F0BD012003B0F0BD114A01EB810101EBE9
:1080B4008101104F02EB810204E001330A2B02F12B
:1080C4000A02E2D051890129F7D1108A6678384032
:1080D400B0EB063FF1D12888994001432980ECE7B1
:1080E40001F02AFE40F2DC50D9E700BF2440002012
:1080F400D022002000F0FFFF2DE9F04182B00028DB
:108104003ED01746DFF8B08002781D4638F81230AA
:1081140004469BB2022B0E4602D08DB3052D34D8F3
:1081240076B36FB3012A30D8E378102B03D82049F3
:10813400D940C90729D4012101FA03F31D4951F893
:108144002220134221D001F0EFFD2378204638F895
:10815400133001A99BB2022B0CBF657865702A46C7
:10816400FFF7BEFE054628B99DF80630032B12D052
:1081740040F2DC5501F0E0FD284602B0BDE8F08194
:108184000125284602B0BDE8F08140F2E2552846B8
:1081940002B0BDE8F0813A4631462046FBF71EFFA7
:1081A4000028E7D0D528E3D140F2DD55E2E700BF4F
:1081B4000AC401001C400020244000202DE9F041A5
:1081C40092B048B30C4639B38A78012A37D8027082
:1081D400CB78054603F07F03C370096A81615E4969
:1081E400E06941F82200617802291AD9217801292D
:1081F40025D10B3BDBB2082B21D840F2DD1121FA4B
:1082040003F3DB071BD5554EB35C012B48D001218A
:10821400534B23F8121022E00126304612B0BDE879
:10822400F081132B0BD8012000FA03F34D480342CD
:1082340008D14D48034202D02378012B33D040F2B9
:10824400E256EAE72378022BF9D10029F7D06368D4
:10825400002BF4D062B3414EB35C012B20D02046F6
:10826400FBF7DCFF38BB31787378194361D0012206
:108274004FF42A7000212B783C4FF2543C4A47F8C3
:10828400231000FB03203B4A22F81310442202F07F
:1082940067F994F80080B8F1010F0FD00026BCE70D
:1082A40040F2DD56B9E70229ADD1012AABD0C6E7C9
:1082B4000229D0D1C3E740F2DC56AEE728788DF826
:1082C4002800FBF7F3F911909DF82800FBF716FC42
:1082D40006460028A1D1E17801A8FFF737FD9DF8F3
:1082E40028002146FBF7EEFC234B9DF8280023F8D9
:1082F40010606278022A26D0FBF700FBEB780D2B86
:108304001DD0012101A8FFF759FC2378012BC5D109
:108314002A78E97857F822008B4003430B2947F861
:108324002230BBD157F8223043F4805347F822302F
:10833400B4E74FF4B472114802F012F997E701A8B8
:10834400FBF7D4FBDDE723F8108001A8FAF7F0F877
:108354009DF82800D0E700BF784500201840002091
:1083640024400020D107010000E80E001C4000203A
:10837400284000209C220020082600208045002060
:108384002DE9F04182B070B30E4661B3044617463E
:108394001D462AB33DB3052D2ED801F0C5FC2A464F
:1083A400204601A9FFF79CFD804670BB65703368C9
:1083B40072683946C4E903321B0620464FEA12426A
:1083C40017D4FBF7CBFDD5281CD040F2DC53FF2893
:1083D40008BF984601F0B0FC404602B0BDE8F08109
:1083E400CB88002BD6D04FF00108404602B0BDE840
:1083F400F081FBF773FDE6E740F2E258404602B035
:10840400BDE8F08140F2DD58E4E701F095FC40F26C
:10841400DC58EAE72DE9F84F0388DBB182464FF0D8
:10842400000B4FF00109DFF8D0800024304D4FEAF3
:10843400CB07DAF8043035F8022BD9198988914230
:108444000AD00134032CF4D1BAF800300BF1010B3B
:108454005B45EAD8BDE8F88FDB5909FA04F603F066
:10846400B853B3F1807FF6B298F8BB3413D03342DB
:1084740031D1204A04F1200612F81630DB09E0D08D
:1084840012F81630012123F08003C82002F81630B8
:1084940000F0ECF9D5E7334211D0164A04F120017B
:1084A40012F81130DB09CCD112F81130C82043F096
:1084B400800302F81130012100F0D8F9C1E701204E
:1084C40000F0AEFA98F8BB340120334388F8BB348B
:1084D40000F076FAE1E7012000F0A2FA98F8BB3444
:1084E400012023EA060388F8BB3400F069FAC0E7E8
:1084F40004B000000030084000E00140F8B5044634
:10850400FFF788FFEFF31082012383F31088234FD2
:108514003B681BB92249CB704023CB703B680133C5
:108524003B6082F3108823882BB361681D4C01EBF8
:10853400C30E06E01B01083113448E4544F82300A2
:1085440019D008688A88C5034FEA1223D2B2F1D53C
:1085540002EB031C54F82C601B01083120F4803515
:1085640026F4803613448E4544F82C6044F82C508D
:1085740044F82300E5D1EFF31082012383F310883C
:108584003B6813B13B68013B3B603B681BB98020EF
:108594000349CB70C87082F31088F8BD28470020C7
:1085A400000D08400008084098B191B14A6808B528
:1085B40003464AB1094A186890420CD008461A602A
:1085C400FFF79CFF002008BD0A88002AF2D0012092
:1085D40008BD012070470E2008BD00BF54524F5003
:1085E400064B074993F826001A6A51F82030C2F363
:1085F40002620449D3400B60704700BF00E00140B1
:10860400400D002044470020704700BFF8B54AF2EF
:10861400035001235549564AA1F8FE03A2F8043138
:10862400B2F804319BB2002BFAD101204FF400457B
:108634004FF0090C4F4CDFF85CE14F4EC4F804E0F6
:10864400DFF854E14949C4F80CE0A2F80001B06035
:108654004A4A30604A484B4FC4E90502276091F802
:108664002620A5602561086A54F82220464EC0F3EE
:108674000260C240326081F8133481F8A2C091F8DC
:1086840080341BB991F8813499076AD0374D95F835
:108694008034002B5AD00022344B83F8812483F891
:1086A40080240023314981F8323091F83C301A0794
:1086B400FBD5002342F2017543F202102B4AA1F8C4
:1086C400485081F84A30088581F82A3092F83C30C5
:1086D4009B06FBD50320052325494FF0F10C81F8B7
:1086E4001C012A492A48116282F8263092F8263061
:1086F400156A54F82310C5F302640123E140F02401
:10870400316080F80CC00372047382F8303082F850
:10871400523092F87430154943F0400382F87430B3
:1087240091F87430DB09FBD0062346200F4A81F808
:108734006C3081F8740081F8743092F87430DB097D
:10874400FBD14FF42543A2F8FE33F8BD0121C82024
:1087540085F8801400F08AF895F88034012BFBD159
:1087640099E74FF47A70FFF74FFF9AE700E0014072
:1087740000C00140400D002000700040001C4E0E5F
:1087840000C2EB0B002D31014447002021120120CF
:108794000020004000127A0000366E0138B5002532
:1087A400284C0121C82084F8285000F05FF884F890
:1087B400245094F82430002BFBD194F82430214920
:1087C40043F0020384F8243091F82430C3F34000CA
:1087D4009B07F9D41B4A81F8220092F8223003F057
:1087E400FF00002BF9D192F84030164960F3C7130B
:1087F40082F8403091F84030DB09FBD191F8420017
:10880400104A63F3C71081F8420092F84230DB0942
:10881400FBD192F844000B4963F3C71082F844007B
:1088240091F84430C3F3C014DB09F9D1012000F0FE
:10883400F7F8054B012083F8BB44BDE8384000F04D
:10884400BFB800BF0030084000E00140034618B143
:10885400024A00201A607047012070470000060693
:10886400A0F101000028FBD1704700BF1F4B204A34
:108874001B6800FB01F1934213D302F1854202F518
:10888400071203F5741302F6834203F6FF03A2FBF7
:1088940003231B0DA3FB01314FF0FF30F9B1FFF7A8
:1088A400DFBF4FF47A7210B4A1FB02C41148B0FBCD
:1088B400F3F34FF0FF3044B9BCFBF3FC4FEA9C00E8
:1088C40088B15DF8044BFFF7CBBF9B00B1FBF3F11C
:1088D400A1FB0212002AF4D1084620B1F1E71846A0
:1088E400002BDCD170475DF8044B704744470020EF
:1088F40000127A0000CA9A3B70B500240B4B0C4E50
:10890400B3F82021B3F84051ADB2154025FA04F371
:10891400DB0704D556F82430E0B203B1984701349C
:10892400102CF3D1014BA3F8305170BD006000400E
:10893400E846002070B5032084B000F071F84FF0D1
:10894400FF336FF0FF001A4A1A4916888864CDE98C
:10895400013303931EB16FF001010B460191558859
:1089640015B123F002030193948814B123F0040396
:1089740001931049104A0B67C2F88032029B03200E
:108984004B67C2F88432039B8B67C2F8883200F0CD
:1089940017F816B1094BC3F8006315B1074BC3F8B8
:1089A400045314B1054BC3F8084304B070BD00BFB1
:1089B400F4AF00000080004000E100E000600040EF
:1089C400EFF31081012383F31088124B33F8102046
:1089D40092B22AB133F81020013A92B223F810204F
:1089E40033F810309BB293B90B4A10B4B2F8FE338B
:1089F4000A4C9BB234F8100043F4254323EA0003E5
:108A0400A2F8FE3381F310885DF8044B704781F3BC
:108A1400108870473847002000E00140E4B00000AF
:108A240030B4EFF31081012383F310880E4A32F837
:108A340010309BB26BB90D4C0D4DB4F8FE3335F8C4
:108A440010C09BB243EA0C0343F425439BB2A4F841
:108A5400FE3332F8103001339BB222F8103081F328
:108A6400108830BC704700BF3847002000E0014048
:108A7400E4B0000000BE704708B500F035F8F8F720
:108A84000FFEFEE7F8B5174F05463E68A6B17C68B1
:108A940006EB460604EB860602E00C34B4420BD027
:108AA400637AAB42F9D1D4E900020021121A0C34E2
:108AB40001F056FDB442F3D1BE6896B1FC6804EBF4
:108AC400061602E01034A6420BD0637BAB42F9D108
:108AD400D4E90002A168121A103401F049FDA6423B
:108AE400F3D1F8BD0CB000004FF47001274B284AB5
:108AF40070B50020C3F888109A60F8F7F5FAFFF70C
:108B040085FD0120F8F7F0FA224B83F30A88002050
:108B1400FFF7B8FFFFF764FDFFF740FE0320FFF700
:108B24007FFF00234FF6FF701B4903F10802013356
:108B34000C2B21F81200F8D100240320FFF740FF8A
:108B44000320FFF76DFF154B03205C609C60DC6025
:108B54001C61FFF735FF0220F8F7C6FA0120FFF782
:108B640091FF0F4D0F4B5B1BA3424FEAA30605DD9C
:108B740055F8043B01349847A642F9DCFFF7DAFEC6
:108B8400BDE87040002000F00FB800BF00ED00E029
:108B94000000000040090020000D084000000E40C5
:108BA4004CB1000050B10000704700BFF8B5431E3F
:108BB4000A3369D810F0070300F108046ED14D4F51
:108BC40001F0B2F83B682246002B7AD0002C60DB1F
:108BD400DFF83CC1DCF80030A3425AD3464B474887
:108BE4001A68824202D3464B9A4200D900BE5368A7
:108BF400414EA3420ED2424D09E0834201D3AB421F
:108C040000D900BE59681646A1421A4602D213681A
:108C1400002BF2D13B6893423BD03568083585423E
:108C240002D3374B9D4200D900BE136833605368AA
:108C3400A34201D200BE5368191B10290AD9101986
:108C4400470702D000BE5168091B234641603168C2
:108C5400016030602B48DCF800100468C91AA14296
:108C640038BF01600020CCF80010274943F00043CE
:108C740053600B68106001330B6001F05DF86B0703
:108C84000AD000BE2846F8BD1A4F01F04DF83B68E3
:108C9400ABB101F051F800252846F8BDA3F1090253
:108CA400A242F1D3134F1030C41A01F03DF83B68CF
:108CB400224633B1002AECDB002C89D1E9E70022FB
:108CC40014460E48002143071CBF073020F007005C
:108CD40005460E4B084E23F00703181AC6E9005147
:108CE4003B60C3E90011C5E90030064B1860084B2E
:108CF4001860DFE7584700205C47002064470020E5
:108D0400A3E30020504700204C4700209CE30020B0
:108D140054470020002855D0F8B5394EA0F1080575
:108D2400B542044612D200BE54F8043C002B14DBB6
:108D340000BE54F8083C002B45D000BE54F8043C57
:108D4400002B02DA54F8082C5AB1F8BD2D4B9D4281
:108D5400E9D854F8043C002BEADA54F8082C002A29
:108D6400EBD123F0004344F8043C00F0DDFF264837
:108D7400264F03463A6854F8041C0A443A601A46DB
:108D84001B689D42FBD8824208D0B24202D31D48E0
:108D9400824203D900BE54F8041C136850681618A4
:108DA400B54215D06818834222D044F8083CAA4240
:108DB40018BF1560164A136801331360BDE8F84004
:108DC40000F0BABF704754F8043C002BC9DBF8BD6F
:108DD4000144501883425160ECD10E480068984217
:108DE4000BD01546D3E900400144C5E90041DEE754
:108DF400084800689842F5D1D7E71360DAE700BF66
:108E040064470020A3E300205C470020544700206F
:108E140048470020584700204FF0FF31002200F15E
:108E24000803C0E90131C0E903330260704700BFA1
:108E340000230361704700BFD0E9003210B4946886
:108E44000133C1E90124616091605DF8044B08615C
:108E54000360704730B40D686B1C10D000F1080338
:108E64001C465B681A68AA42FAD902684B60013250
:108E740099608C606160086130BC0260704704696D
:108E84006368F2E70346026910B45468406899685D
:108E94009C428160486008BF5160002110685DF801
:108EA400044B013819611060704700BF70B5164655
:108EB400026C0446856B0AB386B9406801F058FB1E
:108EC4006368216CA2680B449342636005F1010559
:108ED40015D3236800206360A56370BDC06801F0EA
:108EE40047FB226CE36851429B1A2268E360934279
:108EF40002D2A3680B44E360022E03D001350020A4
:108F0400A56370BD012D38BF0125F8E770B505468E
:108F1400F8F7ECFC95F845305CB2002C14DD05F153
:108F2400240603E0631EDAB25CB26AB16B6A5BB119
:108F3400304601F079F80028F4D001F023F9631EDB
:108F4400DAB25CB2002AF1D1FF2385F84530F8F794
:108F5400E9FCF8F7CBFC95F844305CB2002C14DD46
:108F640005F1100603E0631EDAB25CB26AB12B6944
:108F74005BB1304601F058F80028F4D001F002F952
:108F8400631EDAB25CB2002AF1D1FF2385F84430C3
:108F9400BDE87040F8F7C6BC28B370B5C56B04468D
:108FA400F5B1026CA2FB0525D5B90E46F8F79EFC77
:108FB400D4E90F31FF2001FB03F32268591A6260E0
:108FC40013440A44A563C4E9023284F8440084F8D3
:108FD4004500DEB9236953B9F8F7A4FC012070BD3C
:108FE40000BE002070BD00BE00BE0020704704F12A
:108FF400100001F019F80028EED04FF08052084B11
:109004005A60BFF34F8FBFF36F8FE5E704F1100091
:10901400FFF702FF04F12400FFF7FEFEDCE700BFC8
:1090240000ED00E0F3B170B5064682B0B0B10D4674
:109034001C46DAB191B148230193019B482B00D01F
:1090440000BE019B01212046C4E90F65226084F81B
:109054004610FFF7A1FF204602B070BD00BE0020FD
:1090640002B070BD00BE00BE002070470029F5D1DB
:1090740048230193019B482B00D000BE2246019B4C
:10908400E0E700BFF8B5E0B1A1FB003704460D46A8
:10909400BFB901FB00F010F1490F12D84830FFF7B7
:1090A40085FD064670B180F8467075B100F148033D
:1090B400012130463360F4633564FFF76DFF3046B9
:1090C400F8BD00BE00263046F8BD0346F0E700BFF9
:1090D400F8B130B588420D4683B016D31446DAB1E0
:1090E40048230193019B482B00D000BE012100239B
:1090F400E0632460204684F846102364019AFFF755
:109104004BFF2046A56303B030BD00BE002003B072
:1091140030BD00BE0020704700BE00BEF6E700BFB1
:109124002DE9F04184B004460F461E460192002802
:1091340071D0002F72D0022E76D001F02FF810B922
:10914400019B002B75D1F8F7D1FBA26BE36B9A421C
:1091540053D3022E51D00020DFF8108105460DE0D4
:10916400F8F7E0FB2046FFF7D1FE00F0E5FDF8F745
:10917400BDFBA26BE36B01209A423ED3019B002B03
:1091840068D0B0B3F8F7CEFB00F0CEFDF8F7AEFB35
:1091940094F84430FF2B08BF84F8445094F84530C9
:1091A400FF2B08BF84F84550F8F7BCFB02A801A9BF
:1091B40000F0B2FF002853D1F8F798FBA26BE36BE1
:1091C4009A42CDD1F8F7AEFB019904F1100000F0FA
:1091D400EFFE2046FFF79AFE00F0AEFD0028C6D150
:1091E4004FF08053C8F80430BFF34F8FBFF36F8F35
:1091F400BDE702A800F084FFC4E7324639462046A2
:10920400FFF754FE636AB3B9D8B9F8F78BFB0120B2
:1092140004B0BDE8F08100BE002F8CD1236C002B7C
:1092240089D000BE022E88D1E36B012B85D000BE0D
:1092340083E700BE87E704F1240000F0F5FE002870
:10924400E3D04FF08052094B5A60BFF34F8FBFF306
:109254006F8FDAE7F8F766FB002004B0BDE8F08111
:109264002046FFF753FE00F067FDF5E700ED00E050
:109274002DE9F04104460D4617461E46002835D018
:10928400002D36D0022E0FD0F8F7E0FBEFF3118853
:10929400102383F31188A26BE36B9A4210D300204E
:1092A40088F31188BDE8F081E36B012B00D000BE88
:1092B400F8F7CCFBEFF31188102383F31188A36B29
:1092C400294694F84550324620466DB2A36BFFF709
:1092D400EDFD6B1C12D1636ADBB104F1240000F0D4
:1092E400A3FEB0B1AFB101233B6012E000BE002D7C
:1092F400C8D1236C002BC5D000BEC3E700F008FE24
:10930400854206D27F2D00D100BE01356DB284F8AE
:1093140045500120C4E700BFF0B585B004460E46B1
:109324000192002868D0002E69D000F037FF10B9F0
:10933400019B002B68D1F8F7D9FAA56B002D65D1F4
:10934400019B002B35D002A800F0DAFE2F46F8F777
:10935400E9FA00F0E9FCF8F7C9FA94F84430FF2B75
:1093640008BF84F8447094F84530FF2B08BF84F894
:109374004570F8F7D7FA01A902A800F0CDFEE8B9C4
:10938400F8F7B4FAA36B33BBF8F7CCFA019904F1FC
:10939400240000F00DFE2046FFF7B8FD00F0CCFCE1
:1093A40008B3F8F7A3FAA56B002D2FD1019B002B6E
:1093B400CDD1F8F7B7FA002005B0F0BD2046FFF78D
:1093C400A5FD00F0B9FCF8F791FAA36B002BF0D0DF
:1093D400F8F7A8FAE5E7F8F7A5FA2046FFF796FDAF
:1093E40000F0AAFCDDE74FF080521B4B5A60BFF33C
:1093F4004F8FBFF36F8FD4E700BE002E95D1236C3F
:10940400002B92D000BE90E700BE94E7226C5AB1C4
:10941400E168A36811449942E16028BF216830469D
:1094240028BFE16001F0A4F82369013DA56323B9D5
:10943400F8F778FA012005B0F0BD04F1100000F04F
:10944400F3FD0028F4D04FF08052034B5A60BFF371
:109454004F8FBFF36F8FEBE700ED00E070B584B082
:1094640004460191002869D0236C03B100BE00F0CA
:1094740095FE10B9019B002B5ED1F8F737FAA56B66
:10948400002D5DD1019BA3B302A800F039FE2E4646
:10949400F8F748FA00F048FCF8F728FA94F8443052
:1094A400FF2B08BF84F8446094F84530FF2B08BFB5
:1094B40084F84560F8F736FA01A902A800F02CFEFA
:1094C400E0B9F8F713FAA36B2BBBF8F72BFA019961
:1094D40004F1240000F06CFD2046FFF717FD00F0B6
:1094E4002BFC00B3F8F702FAA56B4DBB019B002BD4
:1094F400CED1F8F717FA002004B070BD2046FFF76C
:1095040005FD00F019FCF8F7F1F9A36B002BF0D07E
:10951400F8F708FAE6E7F8F705FA2046FFF7F6FC4D
:1095240000F00AFCDEE74FF08052114B5A60BFF3A3
:109534004F8FBFF36F8FD5E700BE9EE700BE93E762
:109544002369013DA56323B9F8F7ECF9012004B0C0
:1095540070BD04F1100000F067FD0028F4D04FF056
:109564008052034B5A60BFF34F8FBFF36F8FEBE70B
:1095740000ED00E010B4F0B10023104C54F8332097
:10958400D900904203F1010307D00A2BF6D190F8D9
:10959400463063B15DF8044B704700230022084C49
:1095A4002144C1E9002390F84630002BF2D15DF844
:1095B400044BFFF7AFBB00BE00BEDDE7ACE3002009
:1095C400A8E30020F8B109B370B40024114D234678
:1095D4002A4604E001330A2B02F108020ED0566831
:1095E400864214D0002CF5D155F833600133002E97
:1095F40008BF14460A2B02F10802F0D10CB1C4E9E9
:10960400001070BC704700BE0029DDD1704705EB27
:10961400C304F4E7A8E3002070B504460E461546DB
:10962400F8F764F994F84430FF2B04BF002384F85E
:10963400443094F84530FF2B04BF002384F84530B0
:10964400F8F770F9A36B23B12046BDE87040FFF72B
:109654005DBC04F124002A46314600F0BBFC2046E0
:10966400BDE87040FFF752BC2DE9F0410446F8F71D
:109674003DF9394A394E1368013313603368002BBE
:109684003DD0374FE36A3A68002A31D0354D364928
:1096940036480A6804F1040C01320A6002689A42EE
:1096A40038BF036003EB830305EB830041689B0031
:1096B400EA58D1F808E0A160C4F80CE00132CEF811
:1096C40004C0C1F808C06061EA50F8F72BF93B68A0
:1096D40063B13268E36AD26A9A4207D24FF0805289
:1096E400234B5A60BFF34F8FBFF36F8FBDE8F081F8
:1096F40032681C4DD26A9A4298BF3460C7E734601E
:109704001368012B03D0E36A164D154FBFE7154DBF
:109714002F4605F5967838461437FFF77DFB474505
:10972400F9D1DFF86880134F4046FFF775FB3846E0
:10973400FFF772FB1048FFF76FFB1048FFF76CFB55
:109744000F48FFF769FB0F4BC3F800800E4B1F60F7
:10975400E36A034F9BE700BF20E40020C0E500203C
:1097640014E4002094E4002004E4002018E4002021
:1097740000ED00E06CE4002050E400203CE4002014
:1097840024E4002068E4002064E4002080E4002055
:109794002DE9F8430446264B2648274A274DD0F89E
:1097A40000901768D3F8008028680E460430FFF74D
:1097B40069FB631C17D02B6819EB04045C600BD2A3
:1097C400296838460431FFF745FB1D4B1A68A2424D
:1097D40000D91C60BDE8F88329684046BDE8F84319
:1097E4000431FFF737BB76B92B6809F1FF325A60B1
:1097F400B9F1000FF0D1296838460431FFF72AFB8C
:109804000F4B1B68E6E70F4B29685A681C688A608F
:109814002E680134286829681C602D689468043017
:109824000431F460606091606B61BDE8F88300BF4F
:1098340064E400201CE4002068E40020C0E500206B
:1098440000E4002024E400202DE9F84302F18042E2
:10985400DDE90984266B013A06EB82069946074640
:10986400089B26F0070679B101F1FF3C01F10F05D1
:1098740004F1330E1CF9011F0EF8011F09B1AC45A8
:10988400F8D1002284F843200E2B1AD8C3F10F0517
:10989400E362201DFFF7CCFA04F11800FFF7C8FAC1
:1098A4004B463A463046216BA56124616462F8F761
:1098B40003F82060B8F1000F01D0C8F80040BDE8FB
:1098C400F88300BE01250E23E2E700BFF8B5174D6B
:1098D4002B682BB3164F174E06E0012B21D0022B19
:1098E40000D000BE2B68DBB1F8F700F8FB68DC6839
:1098F400201DFFF7C7FA3368013B33602B68013B37
:109904002B60F8F70FF894F85D30002BE5D1206B4D
:10991400FFF700FA2046FFF7FDF92B68002BE3D18F
:10992400F8BD2046FFF7F6F9DCE700BF38E4002075
:109934003CE4002020E400204FF0805608B5074C9A
:10994400074DFFF7C3FF2368012B04D96E60BFF3F3
:109954004F8FBFF36F8FF8F72DF8F2E794E40020F0
:1099640000ED00E02DE9F04F4B4B83B01E6801364B
:109974001E60002E62D049490B689E4276D3484D42
:109984002B681868002800F082800020B246074641
:109994008146A846DFF820E1424C019140E0586935
:1099A400D3E902269660726042688A42026808BF60
:1099B4004660013A5F610260986A58B1D3E90726AC
:1099C400966072604268AA42026808BF4660013A23
:1099D4009F620260DA6ADEF8000002EB820C8242C7
:1099E40004EB8C00466854F82C50D6F808B09E60FE
:1099F400C3F80CB0CBF80410B16058612A4B88BF8F
:109A0400CEF8002019680135D8F8003044F82C50FD
:109A1400C96A1B688A4288BF4FF00109002B34D001
:109A2400D8F80030DB68DB685A68191D924503F1E9
:109A34001805B4D2019948460A6018E0184D2B68FD
:109A44001B6803B100BE194B29681A682A60184ABA
:109A540019601368013313602B681B687BB94FF0DE
:109A6400FF330E490B600B689E4288D20020114BD5
:109A74001B68002B18BF012003B0BDE8F08F2B68D2
:109A84000649DB681B680B6076E7484601994FF08E
:109A9400FF330B60EBE700BF1CE4002000E4002070
:109AA40068E4002094E40020C0E5002064E4002081
:109AB40008E400200CE4002018E400202DE9F04321
:109AC400002487B0DDF83C800494109CB8F1000FAA
:109AD40027D044B31E4660230593059B0546602B9F
:109AE400894617462BD000BE059B602200212046E4
:109AF40000F036FD28460E9DC4F8308000950225FE
:109B0400029484F85D5004AD33463A4649460195C3
:109B1400FFF79AFE2046FFF7A7FD049807B0BDE8BB
:109B2400F08300BE04B900BE60230593059B602B3F
:109B340000D000BE0498059B07B0BDE8F083059BE8
:109B4400D3E700BF2DE9F043074685B090001646E1
:109B540088469946FFF72AF8F8B105466020FFF7D2
:109B640025F80446B0B16022002100F0F9FC256319
:109B74000D9D4B4601950C9D324641463846029454
:109B84000095FFF761FE2046FFF76EFD012005B04A
:109B9400BDE8F0832846FFF7BDF84FF0FF3005B06D
:109BA400BDE8F083F8B50446324EF7F79FFE002C6B
:109BB4004DD0271D3846FFF765F9A36A1BB104F1A0
:109BC4001800FFF75FF92C4A2C4D1368013313601A
:109BD4003368A3422B682DD0294A1368013B1360D4
:109BE400284B1A681268A2B11A68274BD268126807
:109BF4001A60F7F797FE94F85D30A3B1012B35D0C6
:109C0400022B00D000BE2B6813B13368A34220D0CE
:109C1400F8BD4FF0FF321C4B1A60F7F783FE94F83F
:109C24005D30002BEAD1206BFFF774F82046FFF774
:109C340071F8E8E7002BCFD039461448FFF7FCF859
:109C4400134A136801331360F7F76CFEDBE73468DB
:109C5400AFE7104B1B6803B100BE4FF080520E4BB0
:109C64005A60BFF34F8FBFF36F8FF8BD2046FFF7E5
:109C740051F8C8E7C0E5002004E4002014E4002003
:109C840020E4002068E4002000E400203CE40020FC
:109C940038E40020F8E3002000ED00E030B50024B3
:109CA4008DB01A4B07AA06A905A80893CDE9054467
:109CB4008DF82440F7F718FDDDE905122346CDE9B8
:109CC40001211348079A009408A9FFF7F7FE114BE6
:109CD400186018B9104B1B680DB030BD00F012FCB1
:109CE400012806D00130F5D100BE0B4B1B680DB026
:109CF40030BD80F310884FF0FF350849084A094BFE
:109D04000D6010601C60F7F783FEE3E749444C459F
:109D14003D990000FCE30020F0B0000000E40020C6
:109D240014E400201CE40020024A13680133136089
:109D3400704700BFF8E300202DE9F04F574F83B080
:109D4400F7F7D4FD3B6803B900BE3B68013B3B60B9
:109D5400D7F800A0BAF1000F40F09180504B1B6877
:109D6400002B00F08C80DFF85CE1DEF80030002B83
:109D740000F091804B4B4C4E0193DEF80C30DB68C5
:109D84009A6AD3E9070181604860506803F11804B6
:109D9400A04208BF51601168C3F828A001391160BE
:109DA4005A69D3E902148C60616051681D1DA9428F
:109DB40011683E4801F1FF31116008BF546000682A
:109DC400DA6ADEF80080824288BF384802EB8201FA
:109DD40088BF0260364806EB810C0068DCF804405A
:109DE400D0F82C9056F82100D4F808B001304A4538
:109DF4009C60C3F80CB0CBF80450A560C3F814C041
:109E040046F8210002D90122019B1A60B8F1000F23
:109E1400B3D1284B1A681268002A37D01A68264B27
:109E2400D26812681A60254D2C68A4B10126DDF8A9
:109E3400048006E0FFF796FD08B1C8F80060013C15
:109E440008D03B68002BF5D02B68013C03F10103DB
:109E54002B60F6D12C60019B1B6883B14FF08052BC
:109E6400174B134909685A60BFF34F8FBFF36F8FC5
:109E74000124F7F757FD204603B0BDE8F08F002416
:109E8400F7F750FD204603B0BDE8F08F4FF0FF32E6
:109E9400094B1A60C7E7034B0193C4E7F8E30020BA
:109EA40020E400200CE4002094E4002018E40020C6
:109EB400C0E5002068E4002000E4002010E4002055
:109EC40000ED00E050E4002008B568B10B4B1A68BF
:109ED40001321A601B68012B00D000BE0021FFF77D
:109EE40057FCFFF729FF38B94FF08052044B5A60F2
:109EF400BFF34F8FBFF36F8F08BD00BFF8E300209F
:109F040000ED00E0014B1868704700BF1CE400201E
:109F1400014B1868704700BF20E40020054B1B6804
:109F24000BB9FFF71FBD044A002013680133136007
:109F3400704700BFF8E3002010E40020174B1B68B3
:109F44001BB10122164B1A607047154A30B4154CE8
:109F540013602368144803EB830250F822509900DD
:109F640000EB82023DB903B900BE52F8141D013B57
:109F74000029F8D09900CA1800EB820108464A6803
:109F84000830526882424A6004BFCA684A6007497E
:109F9400D2680A6023600B6830BC7047F8E3002085
:109FA4000CE4002018E4002094E40020C0E5002024
:109FB40010B50C4650B1064B19681831FEF74AFF2C
:109FC4002046BDE810400121FFF7E2BB00BEF2E7E6
:109FD400C0E500200346F0B508461146FBB1114C1C
:109FE4005D682268D4F800E027682668D5611A689D
:109FF400D4F800C006F11804AE681837002902F13D
:10A004000102CEF8206018BF4FF0FF307760AC60DB
:10A01400CCF82830BDE8F0401A60FFF7B9BB00BEA9
:10A02400DDE700BFC0E50020C368F0B4DB68002BA7
:10A0340057D0D3E9070100269A6A816048605068C6
:10A0440003F11804A042284808BF5160116805684C
:10A054000139D86A9E621160002D2FD1D3E90241E3
:10A064005A69A1604C6054681E1DB44208BF516017
:10A074001168013911601D4A116881421C4938BFB9
:10A08400106000EB800201EB82077D689200D5F836
:10A0940008C08C589D60C3F80CC0CCF80460AE6056
:10A0A4005F61144B01341B688C50DB6A834215D208
:10A0B400F0BC0123104A1846136070470F4A156814
:10A0C4005168013515608D68D9611D626C608C60C2
:10A0D4009A62084B1B68DB6A8342E9D3F0BC002018
:10A0E400704700BEA5E700BFF8E3002018E4002095
:10A0F40094E40020C0E500200CE4002050E400209B
:10A10400034A044B12681B68C0E90023704700BF70
:10A1140008E400201CE40020F8B504460D46C0B154
:10A12400D5B1F7F7E3FB2B68144A581C116820D00B
:10A13400D4E90060DFF848C0DCF80070BE420DD0FE
:10A1440088420BD8002301242B60F7F7EBFB204651
:10A15400F8BD00BE002DE4D100BEE2E70F1ABB42F9
:10A16400F0D95B1ADCF80010126803442B60C4E9D0
:10A1740000120024F7F7D6FB2046F8BD1CE40020AB
:10A1840008E400200122014B1A6070470CE400200F
:10A19400014B1868704700BFC0E50020054B1B68E1
:10A1A40033B1054B1868B0FA80F04009400070479D
:10A1B4000120704714E40020F8E30020F0B5124CAD
:10A1C40083B0F7F793FB256825B103B0BDE8F040F1
:10A1D400F7F7A8BB0D4E0E4F3046FEF71DFE38466E
:10A1E400FEF71AFE0B490C4B00950A201F600E6007
:10A1F4000A4B0C210A4AFEF715FF20600028E4D020
:10A204000849FFF7DFF9E0E78CE60020ACE6002020
:10A2140098E6002094E6002090E60020C4E50020A3
:10A224000CE6002080AC00002DE9F047DFF88490B4
:10A234000546D9F800300F46DB68DC6804F10408F1
:10A244004046FEF71FFE94F824305A070ED423F03C
:10A25400010384F824302046236ABDE8F0471847F8
:10A2640093421BD82046236A98473546A3697A1B34
:10A27400EE182CBF01210021B74266602461EFD2A1
:10A28400AF4201D20029EDD0D9F800004146FEF7D3
:10A29400E1FD2046236ABDE8F0471847044B4146D8
:10A2A4001868FEF7D7FD2046236ABDE8F047184733
:10A2B40090E6002094E600202DE9F04F4FF00009CD
:10A2C4008B4DDFF83882DFF838A28A4C85B02B68D2
:10A2D4001F68002F00F0D380DB681F68FFF724FDA0
:10A2E400FFF710FED8F800300646984242D3874262
:10A2F400C8F8000040F2E08000222068B91BFFF794
:10A304008BF9FFF719FD38B94FF080527A4B5A6038
:10A31400BFF34F8FBFF36F8FCDE90199CDF80C9048
:10A324000022206801A9FEF7F7FF0028CFD0019B87
:10A33400002BF5DB039E736913B1301DFEF7A2FDFC
:10A34400FFF7E0FDD8F800300746984226D3019B7A
:10A35400C8F80070013B082BE2D8DFE803F0292994
:10A36400676E872929676E00DB684FF0FF31186834
:10A37400FFF75AFF2B681A68002AF5D1DAF8002093
:10A38400C8F800602A60CAF80030FFF7D5FCC3E7BC
:10A39400DB684FF0FF311868FFF746FF2B681A6837
:10A3A400002AF5D1DAF80020CAF800302A60CEE796
:10A3B40096F82410029AB06941F0010386F824301B
:10A3C40013182CBF4FF0010C4FF0000CBB42366148
:10A3D400736078D8BA1A904242D84A070ED421F052
:10A3E400010186F824103046336A984798E788427A
:10A3F40077D83046336A98475B46B06913EB000B55
:10A404002CBF4FF0010C4FF0000C5F45A7EB03018C
:10A41400C6F804B03661EAD29F4202D2BCF1000F02
:10A42400E7D02868311DFEF715FDDCE796F82430E7
:10A4340023F0010386F8243072E796F82420029B67
:10A4440042F0010286F82420B3615BBB00BEB2690E
:10A454003661D319BB42736029D8002A3FF460AF38
:10A46400DAF80000311DFEF7F5FC59E796F82430C0
:10A474009A0732D523F0010386F8243050E7FFF71A
:10A4840053FCFFF73FFDD8F80030064683423FF601
:10A4940071AFDAF80030C8F800601A68B2FA82F2D4
:10A4A40052092AE73B449F4273603661D8D2286838
:10A4B400311DFEF7CFFC33E7FFF73EFC314638464B
:10A4C400FFF7B2FE28E7BA42F1D9BCF1000F84D0FD
:10A4D4002868311DFEF7BEFC22E73046FEF71AFC61
:10A4E4001EE7DAF80000311DFEF7B4FC7BE700BF7D
:10A4F40094E600208CE6002000ED00E084E60020D5
:10A5040090E6002010B588B0FFF758FE104B1B688A
:10A51400CBB1002407AA06A905A8CDE90544F7F79D
:10A52400F1F803222346059C00920294069C0949F3
:10A534000948079A0194FFF7C1FA084B186010B153
:10A54400012008B010BD00BE002008B010BD00BF3F
:10A554008CE6002088AC0000BDA2000088E6002044
:10A5640002440346934200D1704703F8011BF9E704
:10A574000A44431E914200D1704710B511F8014BB3
:10A58400914203F8014FF9D110BD00005465726D7A
:10A59400696E616C00000000284E554C4C29000087
:10A5A400312E30000D0A2A2A2A2A2A2A2A2A2A2A5D
:10A5B4002A2A2A2A2A2A2A2A2A2A2A2A2A2A2A2AF7
:10A5C4002A2A2A2A2A2A2A2A2A2A2A2A2A2A2A2AE7
:10A5D4002A2A2A2A2A2A2A2A2A2A2A2A2A2A2A2AD7
:10A5E4002A2A2A2A2A2A2A2A2A2A2A2A2A2A2A2AC7
:10A5F4002A2A2A2A2A2A0D0A2A20202052656E6530
:10A6040073617320465350204578616D706C6520EA
:10A6140050726F6A65637420666F722055534220CE
:10A624004848494420436C617373204D6F64756CD2
:10A6340065202020202020202020202020202020D1
:10A64400202020202020202A0D0A2A20202045789E
:10A65400616D706C652050726F6A65637420566515
:10A664007273696F6E202573202020202020202003
:10A6740020202020202020202020202020202020D6
:10A6840020202020202020202020202020202020C6
:10A6940020202020202020202A0D0A2A20202046A5
:10A6A4006C657820536F66747761726520506163BE
:10A6B4006B2056657273696F6E202025642E2564A5
:10A6C4002E2564202020202020202020202020202F
:10A6D4002020202020202020202020202020202076
:10A6E400202020202020202020202020202A0D0A85
:10A6F4002A2A2A2A2A2A2A2A2A2A2A2A2A2A2A2AB6
:10A704002A2A2A2A2A2A2A2A2A2A2A2A2A2A2A2AA5
:10A714002A2A2A2A2A2A2A2A2A2A2A2A2A2A2A2A95
:10A724002A2A2A2A2A2A2A2A2A2A2A2A2A2A2A2A85
:10A734002A2A2A2A2A2A2A2A2A2A2A2A2A2A2A2A75
:10A744000D0A526566657220746F20726561646DCE
:10A75400652E7478742066696C6520666F72206D4E
:10A764006F72652064657461696C73206F6E204537
:10A7740078616D706C652050726F6A6563742061D6
:10A784006E640D0A46535020557365722773204D2D
:10A79400616E75616C20666F72206D6F72652069E1
:10A7A4006E666F726D6174696F6E2061626F75742D
:10A7B40020555342204848494420436C6173732018
:10A7C4006472697665720D0A000000000D0A54680F
:10A7D4006973206578616D706C652070726F6A654D
:10A7E40063742064656D6F6E737472617465732035
:10A7F40062617369632066756E6374696F6E616C00
:10A804006974696573206F662055534220486F73DD
:10A81400742048756D616E20496E7465726661635B
:10A824006520446576696365200D0A436C61737322
:10A834002028484849442920647269766572207743
:10A84400697468204672656552544F53206F6E20B8
:10A8540052656E65736173205241204D43557320D8
:10A864006261736564206F6E2052656E65736173F7
:10A87400204653502E0D0A5553422048484944203F
:10A8840064726976657220636F6E66696775726556
:10A8940073206B6579626F6172642061732061203B
:10A8A40068686964206465766963652E206F6E202C
:10A8B4007072657373696E67206B65792066726F59
:10A8C4006D0D0A746865206B6579626F6172642C22
:10A8D4007265636569766564206B6579636F646529
:10A8E400206973206465636F64656420616E64200D
:10A8F400646973706C61796564206F6E2074686537
:10A90400204A6C696E6B205254545669657765729F
:10A914002E0D0A4572726F7220616E6420696E6634
:10A924006F206D657373616765732077696C6C2044
:10A934006265207072696E746564206F6E204A6C63
:10A94400696E6B5254545669657765722E0D0A0A06
:10A954000A0000002A2A20525F5553425F4F706557
:10A964006E20415049204641494C4544202A2A0D35
:10A974000A0000005B4552525D20496E2046756E08
:10A984006374696F6E3A20257328292C202573007F
:10A994000D0A52657475726E6564204572726F7229
:10A9A40020436F64653A203078257820200D0A0012
:10A9B4000D0A4572726F7220696E2073656E646948
:10A9C4006E6720757362206576656E742074687294
:10A9D4006F7567682071756575650D0A0000000064
:10A9E4002A2A20525F5553425F436C6F736520419E
:10A9F4005049204641494C4544202A2A0D0A00006A
:10AA04000D0A4572726F7220696E20726563656902
:10AA140076696E67206576656E74207468726F75EA
:10AA240067682071756575650D0A000055534220ED
:10AA3400436F6E66696775726564205375636365F9
:10AA4400737366756C6C790D0A0000002A2A205213
:10AA54005F5553425F484849445F4D617850616394
:10AA64006B657453697A6547657420415049204683
:10AA740041494C4544202A2A0D0A00002A2A205222
:10AA84005F5553425F486F7374436F6E74726F6C9B
:10AA94005472616E73666572204150492046414983
:10AAA4004C4544202A2A0D0A000000002A2A20537B
:10AAB400656E642074686520484944207265717528
:10AAC4006573742853657450726F746F636F6C2967
:10AAD40020746F2048494420646576696365204684
:10AAE40041494C4544202A2A0D0A00000D0A4572AA
:10AAF400726F7220696E2073656E64696E6720756B
:10AB040073622064617461207468726F7567682071
:10AB140071756575650D0A002A2A20525F555342E6
:10AB24005F5265616420415049204641494C454487
:10AB3400202A2A0D0A0000005553422053746174E0
:10AB44007573205265717565737420436F6D706CF5
:10AB540065746564205375636365737366756C6CA3
:10AB6400790D0A000D0A456E74657220616E7920B4
:10AB74006B657920617320737065636966696564C8
:10AB84002066726F6D206120746F207A2C20412022
:10AB9400746F205A2C203020746F203920616E6429
:10ABA40020616E79207370656369616C20636861EC
:10ABB400726163746572206F6E206B6579626F6178
:10ABC40072640D0A0A0000005553422052656D6FED
:10ABD400766564205375636365737366756C6C790D
:10ABE4000D0A000025732069732070726573736504
:10ABF400640A000050726573736564206B65792084
:10AC04006973206F7574206F66207370656369665D
:10AC1400696564206B65792072616E67652E0D0A23
:10AC2400000000000D0A4572726F7220696E207276
:10AC34006563656976696E67206461746120746810
:10AC4400726F7567682071756575650D0A0000007F
:10AC54004170702054687265616400004C6F6767CE
:10AC64006572205468726561640000004843445F63
:10AC740054534B004D47525F54534B00546D725123
:10AC840000000000546D7220537663000000000041
:10AC940000005454522052454747455300000000D9
:10ACA40030313233343536373839414243444546FE
:10ACB4006465696E69745F75736200007365745FBF
:10ACC40070726F746F636F6C000000007573625F65
:10ACD4006170705F7468726561645F656E747279C7
:10ACE400000000007573625F6C6F676765725F7464
:10ACF40068726561645F656E747279005600000065
:10AD04000CAD000000000000008000000000000006
:10AD1400008000000100000000800000020000002C
:10AD24000080000003000000004000000400000058
:10AD340000400000050000000400000006000000C0
:10AD440004000000070000000400000008000000E8
:10AD5400008000000E000000008000000F000000D2
:10AD64000008011C000100000008011C0101000092
:10AD74000008011C020100000008011C030100007E
:10AD84000008011C040100000008011C050100006A
:10AD94000008011C060100000008011C0701000056
:10ADA4000000010008010000000C01030B01000079
:10ADB400040C00000C010000040C00000D01000054
:10ADC400040C00000E010000040C00000F01000040
:10ADD400000C010602020000000C01060302000040
:10ADE400000C010604020000000C0106050200002C
:10ADF400000C010606020000040C0000070200001B
:10AE04000000010000030000000C01060103000023
:10AE1400000C010602030000040C00000303000000
:10AE2400000C011105030000000C011106030000D1
:10AE3400000C011107030000000C011108030000BD
:10AE4400000C011109030000000C01110A030000A9
:10AE5400040C00000B03000010400000000400007C
:10AE6400000C011701040000000C0117020400008B
:10AE7400050C000003040000040C0000040400009E
:10AE8400000C011705040000000C01170604000063
:10AE9400000C011307040000040C00000804000067
:10AEA4001040000009040000000C01060A04000020
:10AEB400000C01060B040000000C01060C04000049
:10AEC400000C01060D040000000C01070E04000034
:10AED400000C01070F040000000C01130005000022
:10AEE400000C011301050000400C010405050000DD
:10AEF400400C010406050000000C01070B050000CE
:10AF0400000C01070C0500000008011C00060000ED
:10AF14000008011C010600000000011C02060000DC
:10AF2400040C0000080600000000011009060000DF
:10AF3400000001100A060000040C00000B060000CB
:10AF4400000001050D060000000001050E060000CA
:10AF5400040000000F060000000C011700070000A9
:10AF6400000C011701070000000C01170207000084
:10AF7400000C011703070000000C01170407000070
:10AF8400000C011705070000004000000607000040
:10AF94000000011407070000000C01060807000068
:10AFA4001040000005090000000C0114000B000013
:10AFB400000C0114010B0000000000000101008DD1
:10AFC40000000000000000000001DFDF02DFDF0CF2
:10AFD4000CFFFF0CFFFF00005D14000000000000E8
:10AFE400000000000000000000000000000000005D
:10AFF4006D006E007F01000001000000FFFFFFFFF5
:10B00400020403040404000004000000B4B00000BF
:10B014000800000034B000000200000024B000006A
:10B02400000000680000006840090020400900207A
:10B0340000000068000000680000006000010C08C7
:10B0440000000068000000680000007000010908AA
:10B054000000006800000068000000080001020809
:10B0640000000068000000684C00000000010108B6
:10B0740000000020000000200000006000010C031C
:10B0840000000020000000200000007000010903FF
:10B09400000000200000002000000008000002035F
:10B0A40000000020280900204C00000000000103DB
:10B0B400000000680000006800010008000000684B
:10B0C4000000006800010008280900204009002051
:10B0D40000000003600D0020C0E600200000000313
:10B0E4000100020008001000200000000E00000013
:10B0F4004275696C7420776974682052656E657353
:10B10400617320416476616E63656420466C657882
:10B1140069626C6520536F66747761726520506153
:10B12400636B6167652076657273696F6E20362E76
:10B13400362E3000362E362E300000000000060673
:04B14400F8B500BF9B
:04B14800F8B500BF97
:04B14C00E109000015
:04B15000B909000039
:020000040100F9
:04A10000FFFFFFFF5F
:04A20000FFFDFFFF60
:04A28000F8F8FFFFEC
:0400000300008A7DF2
:00000001FF
