T9560 000:010.067   SEGGER J-Link V9.14a Log File
T9560 000:010.528   DLL Compiled: Jan 28 2026 17:11:52
T9560 000:010.573   Logging started @ 2026-03-09 06:56
T9560 000:010.616   Process: C:\Users\trung.tran-quoc\.eclipse\com.renesas.platform_121336757\DebugComp\RA\e2-server-gdb.exe
T9560 000:010.673 - 10.663ms 
T9560 000:010.750 JLINK_GetDLLVersion()
T9560 000:010.793 - 0.045ms returns 91401
T9560 000:054.297 JLINK_OpenEx(...)
T9560 000:082.548   Firmware: J-Link OB-RA4M2 compiled Dec 10 2025 15:52:53
T9560 000:084.333   Firmware: J-Link OB-RA4M2 compiled Dec 10 2025 15:52:53
T9560 000:102.256   Hardware: V1.00
T9560 000:102.382   S/N: 1082531270
T9560 000:102.442   OEM: SEGGER
T9560 000:102.510   Feature(s): None
T9560 000:104.223   Bootloader: 2021 May 14
T9560 000:135.782   USB speed mode: Full speed (12 MBit/s)
T9560 000:137.155   TELNET listener socket opened on port 19021
T9560 000:137.781   WEBSRV WEBSRV_Init(): Starting webserver thread(s)
T9560 000:138.093   WEBSRV Failed to put socket into listener state (port 19080)
T9560 000:138.738   WEBSRV Webserver running on local port 19081
T9560 000:139.471   Looking for J-Link GUI Server exe at: C:\Users\trung.tran-quoc\.eclipse\com.renesas.platform_121336757\DebugComp\RA\ARM\Segger_v9.14.1\JLinkGUIServer.exe
T9560 000:140.008   Looking for J-Link GUI Server exe at: C:\Users\trung.tran-quoc\SEGGER\JLink_V892\JLinkGUIServer.exe
T9560 000:140.171   Forking J-Link GUI Server: C:\Users\trung.tran-quoc\SEGGER\JLink_V892\JLinkGUIServer.exe
T9560 000:213.940   J-Link GUI Server info: "J-Link GUI server V8.92 "
T9560 000:215.890 - 161.579ms returns "O.K."
T9560 000:216.297 JLINK_ExecCommand("ProjectFile=C:\Users\trung.tran-quoc\Documents\RVC_TASK_26_1H\migrate\r11an0995_Vision_AI_RA8P1_Ethos-U55\ws_640\cm33_system_management/cm33_system_management Debug_Attach.jlink", ...). 
T9560 000:440.259 - 223.368ms returns 0x00
T9560 000:445.106 JLINK_ExecCommand("device=R7KA8P1KF_CPU1", ...). 
T9560 000:451.495   Flash bank @ 0x02000000: SFL: Parsing sectorization info from ELF file
T9560 000:452.035     FlashDevice.SectorInfo[0]: .SectorSize = 0x00000800, .SectorStartAddr = 0x00000000
T9560 000:452.215   FlashBank @0x02000000: Sectorization info from SFL ELF file ignored because sectorization override from DLL / XML file is active.
T9560 000:455.514   Flash bank @ 0x02E07400: SFL: Parsing sectorization info from ELF file
T9560 000:455.921     FlashDevice.SectorInfo[0]: .SectorSize = 0x00000010, .SectorStartAddr = 0x00000000
T9560 000:455.980   FlashBank @0x02C9F020: Sectorization info from SFL ELF file ignored because sectorization override from DLL / XML file is active.
T9560 000:456.162   Flash bank @ 0x02E07400: SFL: Parsing sectorization info from ELF file
T9560 000:456.296     FlashDevice.SectorInfo[0]: .SectorSize = 0x00000010, .SectorStartAddr = 0x00000000
T9560 000:456.346   FlashBank @0x02E07400: Sectorization info from SFL ELF file ignored because sectorization override from DLL / XML file is active.
T9560 000:456.441   Flash bank @ 0x12000000: SFL: Parsing sectorization info from ELF file
T9560 000:456.494     FlashDevice.SectorInfo[0]: .SectorSize = 0x00000800, .SectorStartAddr = 0x00000000
T9560 000:456.548   FlashBank @0x12000000: Sectorization info from SFL ELF file ignored because sectorization override from DLL / XML file is active.
T9560 000:458.518   Flash bank @ 0x12E07400: SFL: Parsing sectorization info from ELF file
T9560 000:458.628     FlashDevice.SectorInfo[0]: .SectorSize = 0x00000010, .SectorStartAddr = 0x00000000
T9560 000:458.885   FlashBank @0x12C9F4C0: Sectorization info from SFL ELF file ignored because sectorization override from DLL / XML file is active.
T9560 000:459.178   Flash bank @ 0x12E07400: SFL: Parsing sectorization info from ELF file
T9560 000:459.267     FlashDevice.SectorInfo[0]: .SectorSize = 0x00000010, .SectorStartAddr = 0x00000000
T9560 000:459.318   FlashBank @0x12E07780: Sectorization info from SFL ELF file ignored because sectorization override from DLL / XML file is active.
T9560 000:459.566   Flash bank @ 0x70000000: SFL: Parsing sectorization info from ELF file
T9560 000:459.801     FlashDevice.SectorInfo[0]: .SectorSize = 0x00010000, .SectorStartAddr = 0x00000000
T9560 000:489.637   Flash bank @ 0x78000000: SFL: Parsing sectorization info from ELF file
T9560 000:489.876     FlashDevice.SectorInfo[0]: .SectorSize = 0x00010000, .SectorStartAddr = 0x00000000
T9560 000:519.623   Flash bank @ 0x80000000: SFL: Parsing sectorization info from ELF file
T9560 000:520.008     FlashDevice.SectorInfo[0]: .SectorSize = 0x00010000, .SectorStartAddr = 0x00000000
T9560 000:582.642   Flash bank @ 0x90000000: SFL: Parsing sectorization info from ELF file
T9560 000:582.995     FlashDevice.SectorInfo[0]: .SectorSize = 0x00010000, .SectorStartAddr = 0x00000000
T9560 000:634.385   Device "R7KA8P1KF_CPU1" selected.
T9560 000:642.102 - 196.992ms returns 0x00
T9560 000:642.256 JLINK_TIF_GetAvailable(...)
T9560 000:642.930 - 0.672ms 
T9560 000:643.166 JLINK_TIF_Select(JLINKARM_TIF_SWD)
T9560 000:644.809 - 1.641ms returns 0x00
T9560 000:645.079 JLINK_SetSpeed(4000)
T9560 000:645.668 - 0.600ms 
T9560 000:645.808 JLINK_ReadMem(0xE000EDF0, 0x4 Bytes, ...)
T9560 000:646.628   ConfigTargetSettings() start
T9560 000:646.782    J-Link Script File: Executing ConfigTargetSettings()
T9560 000:646.838   Configuring FlashDLNoRMWThreshold=0x200 in order to make sure that option bytes programming is done via read-modify-write
T9560 000:898.907   ConfigTargetSettings() end - Took 252ms
T9560 000:898.965   InitTarget() start
T9560 000:898.995    J-Link Script File: Executing InitTarget()
T9560 000:899.016   Identifying target device...
T9560 000:899.045   SWD selected. Executing JTAG -> SWD switching sequence...
T9560 000:900.362   Initializing DAP...
T9560 000:902.064   DAP initialized successfully.
T9560 000:902.155   Enabling secondary core if necessary...
T9560 000:903.742     Secondary core already enabled. Performing attach...
T9560 000:903.818   Determining TrustZone configuration...
T9560 000:905.637     Secure Debug: Enabled (SSD)
T9560 000:905.708   Determining currently configured transfer type by reading the AHB-AP CSW register.
T9560 000:906.898     --> Correct transfer type configured. Done.
T9560 000:906.968   InitTarget() end - Took 7.97ms
T9560 000:907.888   Found SW-DP with ID 0x6BA02477
T9560 000:911.469   DPIDR: 0x6BA02477
T9560 000:911.616   CoreSight SoC-400 or earlier
T9560 000:911.657   AP map detection skipped. Manually configured AP map found.
T9560 000:911.690   AP[0]: AHB-AP (IDR: Not set, ADDR: 0x00000000)
T9560 000:911.727   AP[1]: APB-AP (IDR: Not set, ADDR: 0x00000000)
T9560 000:911.755   AP[2]: AHB-AP (IDR: Not set, ADDR: 0x00000000)
T9560 000:913.180   AP[2]: Core found
T9560 000:913.289   AP[2]: AHB-AP ROM base: 0xE00FE000
T9560 000:914.000   CPUID register: 0x410FD214. Implementer code: 0x41 (ARM)
T9560 000:914.095   Feature set: Mainline
T9560 000:914.782   Cache: No cache
T9560 000:914.876   Found Cortex-M33 r0p4, Little endian.
T9560 000:915.831   -- Max. mem block: 0x0001D408
T9560 000:917.321   
  ***** Warning: 
T9560 000:917.419   Cortex-M: NonCacheAwareDebugAHBAP == 1 specified but there is no workaround available for the connected core. Proper debug functionality cannot be guaranteed
T9560 000:917.989   CPU_ReadMem(4 bytes @ 0xE000EDF0)
T9560 000:918.949   CPU_WriteMem(4 bytes @ 0xE000EDF0)
T9560 000:919.685   CPU_ReadMem(4 bytes @ 0xE0002000)
T9560 000:920.362   FPUnit: 8 code (BP) slots and 0 literal slots
T9560 000:920.485   CPU_ReadMem(4 bytes @ 0xE000EDFC)
T9560 000:921.121   CPU_WriteMem(4 bytes @ 0xE000EDFC)
T9560 000:921.856   CPU_ReadMem(4 bytes @ 0xE0001000)
T9560 000:922.570   CPU_ReadMem(4 bytes @ 0xE0001000)
T9560 000:923.199   CPU_ReadMem(4 bytes @ 0xE0001028)
T9560 000:923.798   CPU_ReadMem(4 bytes @ 0xE0001038)
T9560 000:924.487   CPU_ReadMem(4 bytes @ 0xE0001048)
T9560 000:925.134   CPU_ReadMem(4 bytes @ 0xE0001058)
T9560 000:925.745   CPU_WriteMem(4 bytes @ 0xE0001000)
T9560 000:926.338   CPU_ReadMem(4 bytes @ 0xE000ED88)
T9560 000:926.885   CPU_WriteMem(4 bytes @ 0xE000ED88)
T9560 000:927.518   CPU_ReadMem(4 bytes @ 0xE000ED88)
T9560 000:928.141   CPU_WriteMem(4 bytes @ 0xE000ED88)
T9560 000:928.748   CPU_ReadMem(4 bytes @ 0xE000EFB8)
T9560 000:929.354   Security extension: implemented
T9560 000:929.431   Secure debug: enabled
T9560 000:929.480   CoreSight components:
T9560 000:929.528   ROMTbl[0] @ E00FE000
T9560 000:929.579   CPU_ReadMem(64 bytes @ 0xE00FE000)
T9560 000:930.578   CPU_ReadMem(32 bytes @ 0xE00FFFE0)
T9560 000:931.495   [0][0]: E00FF000 CID B105100D PID 000BB4C9 ROM Table
T9560 000:931.625   ROMTbl[1] @ E00FF000
T9560 000:931.665   CPU_ReadMem(64 bytes @ 0xE00FF000)
T9560 000:932.668   CPU_ReadMem(32 bytes @ 0xE000EFE0)
T9560 000:933.458   CPU_ReadMem(4 bytes @ 0xE000EFBC)
T9560 000:934.070   CPU_ReadMem(4 bytes @ 0xE000EFCC)
T9560 000:934.719   [1][0]: E000E000 CID B105900D PID 000BBD21 DEVARCH 47702A04 DEVTYPE 00 Cortex-M33
T9560 000:934.823   CPU_ReadMem(32 bytes @ 0xE0001FE0)
T9560 000:935.650   CPU_ReadMem(4 bytes @ 0xE0001FBC)
T9560 000:936.342   CPU_ReadMem(4 bytes @ 0xE0001FCC)
T9560 000:936.962   [1][1]: E0001000 CID B105900D PID 000BBD21 DEVARCH 47701A02 DEVTYPE 00 DWT
T9560 000:937.039   CPU_ReadMem(32 bytes @ 0xE0002FE0)
T9560 000:937.816   CPU_ReadMem(4 bytes @ 0xE0002FBC)
T9560 000:938.380   CPU_ReadMem(4 bytes @ 0xE0002FCC)
T9560 000:939.007   [1][2]: E0002000 CID B105900D PID 000BBD21 DEVARCH 47701A03 DEVTYPE 00 FPB
T9560 000:939.079   CPU_ReadMem(32 bytes @ 0xE0000FE0)
T9560 000:939.835   CPU_ReadMem(4 bytes @ 0xE0000FBC)
T9560 000:940.483   CPU_ReadMem(4 bytes @ 0xE0000FCC)
T9560 000:941.127   [1][3]: E0000000 CID B105900D PID 000BBD21 DEVARCH 47701A01 DEVTYPE 43 ITM
T9560 000:941.225   CPU_ReadMem(32 bytes @ 0xE0041FE0)
T9560 000:942.115   CPU_ReadMem(4 bytes @ 0xE0041FBC)
T9560 000:942.782   CPU_ReadMem(4 bytes @ 0xE0041FCC)
T9560 000:943.423   [1][5]: E0041000 CID B105900D PID 002BBD21 DEVARCH 47724A13 DEVTYPE 13 ETM
T9560 000:943.517   CPU_ReadMem(32 bytes @ 0xE0042FE0)
T9560 000:944.404   CPU_ReadMem(4 bytes @ 0xE0042FBC)
T9560 000:945.093   CPU_ReadMem(4 bytes @ 0xE0042FCC)
T9560 000:945.844   [1][6]: E0042000 CID B105900D PID 000BBD21 DEVARCH 47701A14 DEVTYPE 14 CSS600-CTI
T9560 000:945.934   CPU_ReadMem(32 bytes @ 0xE0040FE0)
T9560 000:946.722   CPU_ReadMem(4 bytes @ 0xE0040FBC)
T9560 000:947.361   CPU_ReadMem(4 bytes @ 0xE0040FCC)
T9560 000:948.010   [0][1]: E0040000 CID B105900D PID 000BBD21 DEVARCH 00000000 DEVTYPE 11 TPIU
T9560 000:948.192   CPU_ReadMem(4 bytes @ 0xE000EDF0)
T9560 000:948.834   Data:  01 00 10 00
T9560 000:948.924   Debug reg: DHCSR
T9560 000:948.972 - 303.164ms returns 0
T9560 000:949.128 JLINK_ReadMem(0x40204038, 0x4 Bytes, ...)
T9560 000:949.184   CPU_ReadMem(4 bytes @ 0x40204038)
T9560 000:951.296   Data:  04 00 00 00
T9560 000:951.428 - 2.299ms returns 0
T9560 000:951.658 JLINK_ReadMem(0xE000EDF0, 0x4 Bytes, ...)
T9560 000:951.722   CPU_ReadMem(4 bytes @ 0xE000EDF0)
T9560 000:952.429   Data:  01 00 10 00
T9560 000:952.521   Debug reg: DHCSR
T9560 000:952.570 - 0.912ms returns 0
T9560 000:952.756 JLINK_ReadMem(0xE000EDF0, 0x4 Bytes, ...)
T9560 000:952.817   CPU_ReadMem(4 bytes @ 0xE000EDF0)
T9560 000:953.521   Data:  01 00 10 00
T9560 000:953.614   Debug reg: DHCSR
T9560 000:953.663 - 0.907ms returns 0
T9560 000:953.887 JLINK_ReadMem(0xE000EDF0, 0x4 Bytes, ...)
T9560 000:953.929   CPU_ReadMem(4 bytes @ 0xE000EDF0)
T9560 000:954.489   Data:  01 00 10 00
T9560 000:954.557   Debug reg: DHCSR
T9560 000:954.604 - 0.719ms returns 0
T9560 000:954.764 JLINK_ReadMem(0xE000EDF0, 0x4 Bytes, ...)
T9560 000:954.827   CPU_ReadMem(4 bytes @ 0xE000EDF0)
T9560 000:955.522   Data:  01 00 10 00
T9560 000:955.618   Debug reg: DHCSR
T9560 000:955.668 - 0.904ms returns 0
T9560 000:955.848 JLINK_ReadMem(0xE000EDF0, 0x4 Bytes, ...)
T9560 000:955.906   CPU_ReadMem(4 bytes @ 0xE000EDF0)
T9560 000:956.574   Data:  01 00 10 00
T9560 000:956.660   Debug reg: DHCSR
T9560 000:956.715 - 0.867ms returns 0
T9560 000:956.869 JLINK_ReadMem(0x40204038, 0x4 Bytes, ...)
T9560 000:956.936   CPU_ReadMem(4 bytes @ 0x40204038)
T9560 000:957.639   Data:  04 00 00 00
T9560 000:957.740 - 0.869ms returns 0
T9560 000:957.814 JLINK_ReadMem(0xE000EDF0, 0x4 Bytes, ...)
T9560 000:957.849   CPU_ReadMem(4 bytes @ 0xE000EDF0)
T9560 000:958.349   Data:  01 00 10 00
T9560 000:958.442   Debug reg: DHCSR
T9560 000:958.475 - 0.661ms returns 0
T9560 000:958.556 JLINK_ReadMem(0xE000EDF0, 0x4 Bytes, ...)
T9560 000:958.588   CPU_ReadMem(4 bytes @ 0xE000EDF0)
T9560 000:959.126   Data:  01 00 10 00
T9560 000:959.169   Debug reg: DHCSR
T9560 000:959.199 - 0.643ms returns 0
T9560 000:959.259 JLINK_ReadMem(0x40204030, 0x4 Bytes, ...)
T9560 000:959.287   CPU_ReadMem(4 bytes @ 0x40204030)
T9560 000:959.853   Data:  00 80 FF 00
T9560 000:959.931 - 0.671ms returns 0
T9560 000:960.475 JLINK_SetEndian(ARM_ENDIAN_LITTLE)
T9560 000:960.528 - 0.052ms returns 0
T9560 000:960.564 JLINK_SetInitRegsOnReset(OFF)
T9560 000:960.595 - 0.031ms returns 1
T9560 000:960.630 JLINK_SetResetType(JLINKARM_CM3_RESET_TYPE_NORMAL)
T9560 000:960.663 - 0.032ms returns JLINKARM_CM3_RESET_TYPE_NORMAL
T9560 000:960.747 JLINK_ExecCommand("EnableFlashBPs", ...). 
T9560 000:960.792 - 0.045ms returns 0x00
T9560 000:960.831 JLINK_ExecCommand("SetAllowFlashCache = 1", ...). 
T9560 000:960.866 - 0.034ms returns 0x01
T9560 000:960.906 JLINK_ExecCommand("SetRestartOnClose = 0", ...). 
T9560 000:960.941 - 0.034ms returns 0x01
T9560 000:960.978 JLINK_ExecCommand("SetAllowSimulation = 0", ...). 
T9560 000:961.019 - 0.041ms returns 0x00
T9560 000:961.059 JLINK_EnableSoftBPs(ON)
T9560 000:961.092 - 0.037ms 
T9560 000:961.131 JLINK_Connect()
T9560 000:961.703   ConfigTargetSettings() start
T9560 000:961.815    J-Link Script File: Executing ConfigTargetSettings()
T9560 000:961.842   Configuring FlashDLNoRMWThreshold=0x200 in order to make sure that option bytes programming is done via read-modify-write
T9560 001:369.427   ConfigTargetSettings() end - Took 407ms
T9560 001:369.494   InitTarget() start
T9560 001:369.532    J-Link Script File: Executing InitTarget()
T9560 001:369.558   Identifying target device...
T9560 001:369.591   SWD selected. Executing JTAG -> SWD switching sequence...
T9560 001:371.004   Initializing DAP...
T9560 001:372.809   DAP initialized successfully.
T9560 001:372.922   Enabling secondary core if necessary...
T9560 001:374.938     Secondary core already enabled. Performing attach...
T9560 001:375.039   Determining TrustZone configuration...
T9560 001:376.973     Secure Debug: Enabled (SSD)
T9560 001:377.074   Determining currently configured transfer type by reading the AHB-AP CSW register.
T9560 001:378.729     --> Correct transfer type configured. Done.
T9560 001:378.862   InitTarget() end - Took 9.32ms
T9560 001:380.300   Found SW-DP with ID 0x6BA02477
T9560 001:385.171   DPIDR: 0x6BA02477
T9560 001:385.322   CoreSight SoC-400 or earlier
T9560 001:385.359   AP map detection skipped. Manually configured AP map found.
T9560 001:385.399   AP[0]: AHB-AP (IDR: Not set, ADDR: 0x00000000)
T9560 001:385.437   AP[1]: APB-AP (IDR: Not set, ADDR: 0x00000000)
T9560 001:385.470   AP[2]: AHB-AP (IDR: Not set, ADDR: 0x00000000)
T9560 001:387.141   AP[2]: Core found
T9560 001:387.275   AP[2]: AHB-AP ROM base: 0xE00FE000
T9560 001:388.262   CPUID register: 0x410FD214. Implementer code: 0x41 (ARM)
T9560 001:388.334   Feature set: Mainline
T9560 001:389.104   Cache: No cache
T9560 001:389.253   Found Cortex-M33 r0p4, Little endian.
T9560 001:389.668   -- Max. mem block: 0x0001D110
T9560 001:389.764   
  ***** Warning: 
T9560 001:389.797   Cortex-M: NonCacheAwareDebugAHBAP == 1 specified but there is no workaround available for the connected core. Proper debug functionality cannot be guaranteed
T9560 001:389.838   CPU_ReadMem(4 bytes @ 0xE000EDF0)
T9560 001:390.402   CPU_ReadMem(4 bytes @ 0xE0002000)
T9560 001:391.104   FPUnit: 8 code (BP) slots and 0 literal slots
T9560 001:391.158   CPU_ReadMem(4 bytes @ 0xE000EDFC)
T9560 001:391.826   CPU_ReadMem(4 bytes @ 0xE0001000)
T9560 001:392.646   CPU_ReadMem(4 bytes @ 0xE0001000)
T9560 001:393.274   CPU_ReadMem(4 bytes @ 0xE0001028)
T9560 001:393.930   CPU_ReadMem(4 bytes @ 0xE0001038)
T9560 001:394.618   CPU_ReadMem(4 bytes @ 0xE0001048)
T9560 001:395.226   CPU_ReadMem(4 bytes @ 0xE0001058)
T9560 001:395.712   CPU_WriteMem(4 bytes @ 0xE0001000)
T9560 001:396.316   CPU_ReadMem(4 bytes @ 0xE000ED88)
T9560 001:397.115   CPU_WriteMem(4 bytes @ 0xE000ED88)
T9560 001:397.870   CPU_ReadMem(4 bytes @ 0xE000ED88)
T9560 001:398.666   CPU_WriteMem(4 bytes @ 0xE000ED88)
T9560 001:399.546   CPU_ReadMem(4 bytes @ 0xE000EFB8)
T9560 001:400.369   Security extension: implemented
T9560 001:400.432   Secure debug: enabled
T9560 001:400.467   CoreSight components:
T9560 001:400.504   ROMTbl[0] @ E00FE000
T9560 001:400.547   CPU_ReadMem(64 bytes @ 0xE00FE000)
T9560 001:401.554   CPU_ReadMem(32 bytes @ 0xE00FFFE0)
T9560 001:402.485   [0][0]: E00FF000 CID B105100D PID 000BB4C9 ROM Table
T9560 001:402.539   ROMTbl[1] @ E00FF000
T9560 001:402.578   CPU_ReadMem(64 bytes @ 0xE00FF000)
T9560 001:403.514   CPU_ReadMem(32 bytes @ 0xE000EFE0)
T9560 001:404.294   CPU_ReadMem(4 bytes @ 0xE000EFBC)
T9560 001:404.918   CPU_ReadMem(4 bytes @ 0xE000EFCC)
T9560 001:405.482   [1][0]: E000E000 CID B105900D PID 000BBD21 DEVARCH 47702A04 DEVTYPE 00 Cortex-M33
T9560 001:405.553   CPU_ReadMem(32 bytes @ 0xE0001FE0)
T9560 001:406.314   CPU_ReadMem(4 bytes @ 0xE0001FBC)
T9560 001:406.868   CPU_ReadMem(4 bytes @ 0xE0001FCC)
T9560 001:407.512   [1][1]: E0001000 CID B105900D PID 000BBD21 DEVARCH 47701A02 DEVTYPE 00 DWT
T9560 001:407.568   CPU_ReadMem(32 bytes @ 0xE0002FE0)
T9560 001:408.337   CPU_ReadMem(4 bytes @ 0xE0002FBC)
T9560 001:409.086   CPU_ReadMem(4 bytes @ 0xE0002FCC)
T9560 001:409.898   [1][2]: E0002000 CID B105900D PID 000BBD21 DEVARCH 47701A03 DEVTYPE 00 FPB
T9560 001:409.985   CPU_ReadMem(32 bytes @ 0xE0000FE0)
T9560 001:410.763   CPU_ReadMem(4 bytes @ 0xE0000FBC)
T9560 001:411.577   CPU_ReadMem(4 bytes @ 0xE0000FCC)
T9560 001:412.396   [1][3]: E0000000 CID B105900D PID 000BBD21 DEVARCH 47701A01 DEVTYPE 43 ITM
T9560 001:412.483   CPU_ReadMem(32 bytes @ 0xE0041FE0)
T9560 001:413.364   CPU_ReadMem(4 bytes @ 0xE0041FBC)
T9560 001:414.133   CPU_ReadMem(4 bytes @ 0xE0041FCC)
T9560 001:414.803   [1][5]: E0041000 CID B105900D PID 002BBD21 DEVARCH 47724A13 DEVTYPE 13 ETM
T9560 001:414.913   CPU_ReadMem(32 bytes @ 0xE0042FE0)
T9560 001:415.770   CPU_ReadMem(4 bytes @ 0xE0042FBC)
T9560 001:416.512   CPU_ReadMem(4 bytes @ 0xE0042FCC)
T9560 001:417.289   [1][6]: E0042000 CID B105900D PID 000BBD21 DEVARCH 47701A14 DEVTYPE 14 CSS600-CTI
T9560 001:417.427   CPU_ReadMem(32 bytes @ 0xE0040FE0)
T9560 001:418.219   CPU_ReadMem(4 bytes @ 0xE0040FBC)
T9560 001:418.993   CPU_ReadMem(4 bytes @ 0xE0040FCC)
T9560 001:419.713   [0][1]: E0040000 CID B105900D PID 000BBD21 DEVARCH 00000000 DEVTYPE 11 TPIU
T9560 001:419.783 - 458.650ms returns 0x00
T9560 001:420.112 JLINK_ReadMem(0xE000EDF0, 0x4 Bytes, ...)
T9560 001:420.155   CPU_ReadMem(4 bytes @ 0xE000EDF0)
T9560 001:421.751   Data:  01 00 10 00
T9560 001:421.855   Debug reg: DHCSR
T9560 001:421.906 - 1.793ms returns 0
T9560 001:422.085 JLINK_IsHalted()
T9560 001:423.306 - 1.219ms returns FALSE
T9560 001:423.628 JLINK_ReadMem(0x4000F054, 0x1 Bytes, ...)
T9560 001:423.714   CPU_ReadMem(1 bytes @ 0x4000F054)
T9560 001:424.607   Data:  01
T9560 001:424.723 - 1.094ms returns 0
T9560 001:424.919 JLINK_Halt()
T9560 001:428.316   
  ***** Warning: 
T9560 001:428.428   CPU could not be halted
T9560 001:428.488 - 3.568ms returns 0x01
T9560 001:429.612 JLINK_ReadReg(XPSR)
T9560 001:430.580   CPU is running
T9560 001:430.696   
  ***** Error: 
T9560 001:430.751   Cannot read register 16 (XPSR) while CPU is running
T9560 001:430.812 - 1.199ms returns 0x00000000
T210C 003:546.151 JLINK_ReadMem(0x22144C18, 0x4 Bytes, ...)
T210C 003:546.298   CPU_ReadMem(4 bytes @ 0x22144C18)
T210C 003:547.106   Data:  00 00 00 00
T210C 003:547.217 - 1.067ms returns 0
T210C 003:547.329 JLINK_ReadMem(0x22144BF4, 0x4 Bytes, ...)
T210C 003:547.372   CPU_ReadMem(4 bytes @ 0x22144BF4)
T210C 003:548.055   Data:  00 00 00 00
T210C 003:548.174 - 0.843ms returns 0
T210C 003:548.333 JLINK_ReadMem(0x02046120, 0x4 Bytes, ...)
T210C 003:548.434   CPU_ReadMem(4 bytes @ 0x02046120)
T210C 003:549.088   Data:  04 00 00 00
T210C 003:549.172 - 0.839ms returns 0
T210C 003:549.324 JLINK_ReadMem(0x22144C18, 0x4 Bytes, ...)
T210C 003:549.381   CPU_ReadMem(4 bytes @ 0x22144C18)
T210C 003:550.069   Data:  00 00 00 00
T210C 003:550.173 - 0.849ms returns 0
T210C 003:550.328 JLINK_ReadMem(0x22144BF4, 0x4 Bytes, ...)
T210C 003:550.384   CPU_ReadMem(4 bytes @ 0x22144BF4)
T210C 003:551.137   Data:  00 00 00 00
T210C 003:551.225 - 0.897ms returns 0
T210C 003:551.375 JLINK_ReadMem(0x02046120, 0x4 Bytes, ...)
T210C 003:551.432   CPU_ReadMem(4 bytes @ 0x02046120)
T210C 003:552.082   Data:  04 00 00 00
T210C 003:552.171 - 0.796ms returns 0
T210C 003:617.460 JLINK_ReadMem(0x22144C18, 0x4 Bytes, ...)
T210C 003:617.534   CPU_ReadMem(4 bytes @ 0x22144C18)
T210C 003:618.154   Data:  00 00 00 00
T210C 003:618.273 - 0.813ms returns 0
T210C 003:618.345 JLINK_ReadMem(0x22144BF4, 0x4 Bytes, ...)
T210C 003:618.373   CPU_ReadMem(4 bytes @ 0x22144BF4)
T210C 003:618.980   Data:  00 00 00 00
T210C 003:619.057 - 0.712ms returns 0
T210C 003:619.198 JLINK_ReadMem(0x02046120, 0x4 Bytes, ...)
T210C 003:619.246   CPU_ReadMem(4 bytes @ 0x02046120)
T210C 003:619.892   Data:  04 00 00 00
T210C 003:619.962 - 0.763ms returns 0
T210C 003:620.047 JLINK_ReadMem(0x22144C18, 0x4 Bytes, ...)
T210C 003:620.075   CPU_ReadMem(4 bytes @ 0x22144C18)
T210C 003:620.673   Data:  00 00 00 00
T210C 003:620.742 - 0.695ms returns 0
T210C 003:620.871 JLINK_ReadMem(0x22144BF4, 0x4 Bytes, ...)
T210C 003:620.947   CPU_ReadMem(4 bytes @ 0x22144BF4)
T210C 003:621.534   Data:  00 00 00 00
T210C 003:621.567 - 0.696ms returns 0
T210C 003:621.626 JLINK_ReadMem(0x02046120, 0x4 Bytes, ...)
T210C 003:621.647   CPU_ReadMem(4 bytes @ 0x02046120)
T210C 003:622.271   Data:  04 00 00 00
T210C 003:622.310 - 0.685ms returns 0
T210C 003:623.664 JLINK_ReadMem(0x22144C18, 0x4 Bytes, ...)
T210C 003:623.719   CPU_ReadMem(4 bytes @ 0x22144C18)
T210C 003:624.342   Data:  00 00 00 00
T210C 003:624.407 - 0.743ms returns 0
T210C 003:624.467 JLINK_ReadMem(0x22144BF4, 0x4 Bytes, ...)
T210C 003:624.494   CPU_ReadMem(4 bytes @ 0x22144BF4)
T210C 003:625.025   Data:  00 00 00 00
T210C 003:625.062 - 0.595ms returns 0
T210C 003:625.114 JLINK_ReadMem(0x02046120, 0x4 Bytes, ...)
T210C 003:625.135   CPU_ReadMem(4 bytes @ 0x02046120)
T210C 003:625.654   Data:  04 00 00 00
T210C 003:625.696 - 0.582ms returns 0
T210C 003:625.761 JLINK_ReadMem(0x22144C18, 0x4 Bytes, ...)
T210C 003:625.785   CPU_ReadMem(4 bytes @ 0x22144C18)
T210C 003:626.351   Data:  00 00 00 00
T210C 003:626.388 - 0.627ms returns 0
T210C 003:626.443 JLINK_ReadMem(0x22144BF4, 0x4 Bytes, ...)
T210C 003:626.464   CPU_ReadMem(4 bytes @ 0x22144BF4)
T210C 003:626.993   Data:  00 00 00 00
T210C 003:627.026 - 0.584ms returns 0
T210C 003:627.076 JLINK_ReadMem(0x02046120, 0x4 Bytes, ...)
T210C 003:627.096   CPU_ReadMem(4 bytes @ 0x02046120)
T210C 003:627.648   Data:  04 00 00 00
T210C 003:627.714 - 0.638ms returns 0
T210C 005:034.939 JLINK_IsHalted()
T210C 005:035.640 - 0.701ms returns FALSE
T210C 005:035.766 JLINK_IsHalted()
T210C 005:036.311 - 0.543ms returns FALSE
T8448 005:094.580 JLINK_GetNumBPUnits(Type = 0xFFFFFF00)
T8448 005:094.664 - 0.083ms returns 0x08
T8448 005:094.688 JLINK_GetNumWPUnits()
T8448 005:094.709 - 0.020ms returns 4
T8448 005:095.281 JLINK_GetNumBPUnits(Type = 0xFFFFFF00)
T8448 005:095.324 - 0.042ms returns 0x08
T8448 005:095.345 JLINK_GetNumWPUnits()
T8448 005:095.364 - 0.018ms returns 4
T8448 005:095.906 JLINK_GetNumBPUnits(Type = 0xFFFFFF00)
T8448 005:096.003 - 0.097ms returns 0x08
T8448 005:096.040 JLINK_GetNumWPUnits()
T8448 005:096.101 - 0.060ms returns 4
T8448 005:097.101 JLINK_GetNumBPUnits(Type = 0xFFFFFF00)
T8448 005:097.179 - 0.078ms returns 0x08
T8448 005:097.209 JLINK_GetNumWPUnits()
T8448 005:097.251 - 0.041ms returns 4
T8448 005:098.425 JLINK_ReadMem(0xE000EDF0, 0x4 Bytes, ...)
T8448 005:098.502   CPU_ReadMem(4 bytes @ 0xE000EDF0)
T8448 005:099.048   Data:  03 00 10 00
T8448 005:099.103   Debug reg: DHCSR
T8448 005:099.132 - 0.707ms returns 0
T8448 005:099.233 JLINK_ReadMem(0x40204038, 0x4 Bytes, ...)
T8448 005:099.263   CPU_ReadMem(4 bytes @ 0x40204038)
T8448 005:099.919   Data:  04 00 00 00
T8448 005:100.009 - 0.775ms returns 0
T8448 005:100.075 JLINK_ReadMem(0xE000EDF0, 0x4 Bytes, ...)
T8448 005:100.103   CPU_ReadMem(4 bytes @ 0xE000EDF0)
T8448 005:101.317   Data:  03 00 10 00
T8448 005:101.368   Debug reg: DHCSR
T8448 005:101.395 - 1.320ms returns 0
T8448 005:102.408 JLINK_GetNumBPUnits(Type = 0xFFFFFF00)
T8448 005:102.455 - 0.046ms returns 0x08
T8448 005:102.475 JLINK_GetNumWPUnits()
T8448 005:102.493 - 0.017ms returns 4
T8448 005:103.140 JLINK_ReadReg(XPSR)
T8448 005:103.708   CPU is running
T8448 005:103.791   
  ***** Error: 
T8448 005:103.826   Cannot read register 16 (XPSR) while CPU is running
T8448 005:103.860 - 0.719ms returns 0x00000000
T8448 005:103.945 JLINK_ReadReg(R15 (PC))
T8448 005:104.445   CPU is running
T8448 005:104.530   
  ***** Error: 
T8448 005:104.575   Cannot read register 15 (R15) while CPU is running
T8448 005:104.619 - 0.680ms returns 0x00000000
T8448 005:105.174 JLINK_GetNumBPUnits(Type = 0xFFFFFF00)
T8448 005:105.226 - 0.052ms returns 0x08
T8448 005:105.249 JLINK_GetNumWPUnits()
T8448 005:105.269 - 0.019ms returns 4
T8448 005:106.085 JLINK_GetNumBPUnits(Type = 0xFFFFFF00)
T8448 005:106.161 - 0.076ms returns 0x08
T8448 005:106.197 JLINK_GetNumWPUnits()
T8448 005:106.229 - 0.031ms returns 4
T8448 005:106.831 JLINK_GetNumBPUnits(Type = 0xFFFFFF00)
T8448 005:106.882 - 0.051ms returns 0x08
T8448 005:106.915 JLINK_GetNumWPUnits()
T8448 005:106.933 - 0.018ms returns 4
T210C 005:143.915 JLINK_IsHalted()
T210C 005:144.630 - 0.714ms returns FALSE
T210C 005:144.822 JLINK_IsHalted()
T210C 005:145.401 - 0.577ms returns FALSE
T210C 005:253.938 JLINK_IsHalted()
T210C 005:254.551 - 0.593ms returns FALSE
T210C 005:254.714 JLINK_IsHalted()
T210C 005:255.224 - 0.508ms returns FALSE
T210C 005:279.579 JLINK_ReadMem(0x22144C18, 0x4 Bytes, ...)
T210C 005:279.655   CPU_ReadMem(4 bytes @ 0x22144C18)
T210C 005:280.365   Data:  00 00 00 00
T210C 005:280.406 - 0.826ms returns 0
T210C 005:280.469 JLINK_ReadMem(0x22144BF4, 0x4 Bytes, ...)
T210C 005:280.494   CPU_ReadMem(4 bytes @ 0x22144BF4)
T210C 005:281.116   Data:  00 00 00 00
T210C 005:281.178 - 0.709ms returns 0
T210C 005:281.281 JLINK_ReadMem(0x02046120, 0x4 Bytes, ...)
T210C 005:281.311   CPU_ReadMem(4 bytes @ 0x02046120)
T210C 005:281.946   Data:  04 00 00 00
T210C 005:281.990 - 0.709ms returns 0
T210C 005:282.075 JLINK_ReadMem(0x22144C18, 0x4 Bytes, ...)
T210C 005:282.105   CPU_ReadMem(4 bytes @ 0x22144C18)
T210C 005:283.397   Data:  00 00 00 00
T210C 005:283.453 - 1.377ms returns 0
T210C 005:283.557 JLINK_ReadMem(0x22144BF4, 0x4 Bytes, ...)
T210C 005:283.589   CPU_ReadMem(4 bytes @ 0x22144BF4)
T210C 005:284.139   Data:  00 00 00 00
T210C 005:284.177 - 0.620ms returns 0
T210C 005:284.239 JLINK_ReadMem(0x02046120, 0x4 Bytes, ...)
T210C 005:284.265   CPU_ReadMem(4 bytes @ 0x02046120)
T210C 005:284.810   Data:  04 00 00 00
T210C 005:284.855 - 0.615ms returns 0
T210C 005:362.935 JLINK_IsHalted()
T210C 005:363.539 - 0.604ms returns FALSE
T210C 005:363.651 JLINK_IsHalted()
T210C 005:364.148 - 0.495ms returns FALSE
T210C 005:471.905 JLINK_IsHalted()
T210C 005:472.468 - 0.562ms returns FALSE
T210C 005:472.604 JLINK_IsHalted()
T210C 005:473.004 - 0.399ms returns FALSE
T210C 005:581.942 JLINK_IsHalted()
T210C 005:582.487 - 0.544ms returns FALSE
T210C 005:582.591 JLINK_IsHalted()
T210C 005:582.958 - 0.366ms returns FALSE
T210C 005:690.927 JLINK_IsHalted()
T210C 005:691.885 - 0.956ms returns FALSE
T210C 005:691.990 JLINK_IsHalted()
T210C 005:692.417 - 0.426ms returns FALSE
T210C 005:800.931 JLINK_IsHalted()
T210C 005:801.501 - 0.570ms returns FALSE
T210C 005:801.581 JLINK_IsHalted()
T210C 005:801.973 - 0.391ms returns FALSE
T210C 005:909.913 JLINK_IsHalted()
T210C 005:910.534 - 0.620ms returns FALSE
T210C 005:910.619 JLINK_IsHalted()
T210C 005:911.000 - 0.379ms returns FALSE
T210C 006:018.938 JLINK_IsHalted()
T210C 006:019.469 - 0.525ms returns FALSE
T210C 006:019.524 JLINK_IsHalted()
T210C 006:019.861 - 0.336ms returns FALSE
T210C 006:128.948 JLINK_IsHalted()
T210C 006:130.741 - 1.790ms returns FALSE
T210C 006:130.948 JLINK_IsHalted()
T210C 006:131.559 - 0.608ms returns FALSE
T210C 006:237.994 JLINK_IsHalted()
T210C 006:238.816 - 0.822ms returns FALSE
T210C 006:238.987 JLINK_IsHalted()
T210C 006:239.638 - 0.650ms returns FALSE
T210C 006:346.956 JLINK_IsHalted()
T210C 006:347.621 - 0.664ms returns FALSE
T210C 006:347.754 JLINK_IsHalted()
T210C 006:348.264 - 0.509ms returns FALSE
T210C 006:456.951 JLINK_IsHalted()
T210C 006:457.568 - 0.616ms returns FALSE
T210C 006:457.659 JLINK_IsHalted()
T210C 006:458.077 - 0.416ms returns FALSE
T210C 006:565.917 JLINK_IsHalted()
T210C 006:566.689 - 0.772ms returns FALSE
T210C 006:566.848 JLINK_IsHalted()
T210C 006:567.465 - 0.620ms returns FALSE
T210C 006:675.943 JLINK_IsHalted()
T210C 006:676.494 - 0.549ms returns FALSE
T210C 006:676.560 JLINK_IsHalted()
T210C 006:676.994 - 0.433ms returns FALSE
T210C 006:784.921 JLINK_IsHalted()
T210C 006:785.469 - 0.547ms returns FALSE
T210C 006:785.555 JLINK_IsHalted()
T210C 006:785.965 - 0.410ms returns FALSE
T210C 006:893.901 JLINK_IsHalted()
T210C 006:894.485 - 0.584ms returns FALSE
T210C 006:894.543 JLINK_IsHalted()
T210C 006:895.066 - 0.477ms returns FALSE
T210C 007:003.952 JLINK_IsHalted()
T210C 007:004.697 - 0.744ms returns FALSE
T210C 007:004.811 JLINK_IsHalted()
T210C 007:005.233 - 0.420ms returns FALSE
T210C 007:112.900 JLINK_IsHalted()
T210C 007:113.432 - 0.531ms returns FALSE
T210C 007:113.543 JLINK_IsHalted()
T210C 007:114.091 - 0.547ms returns FALSE
T210C 007:221.933 JLINK_IsHalted()
T210C 007:222.556 - 0.622ms returns FALSE
T210C 007:222.617 JLINK_IsHalted()
T210C 007:223.061 - 0.442ms returns FALSE
T210C 007:331.945 JLINK_IsHalted()
T210C 007:332.729 - 0.784ms returns FALSE
T210C 007:332.836 JLINK_IsHalted()
T210C 007:333.320 - 0.482ms returns FALSE
T210C 007:440.961 JLINK_IsHalted()
T210C 007:441.648 - 0.687ms returns FALSE
T210C 007:441.757 JLINK_IsHalted()
T210C 007:442.241 - 0.483ms returns FALSE
T210C 007:550.941 JLINK_IsHalted()
T210C 007:551.680 - 0.738ms returns FALSE
T210C 007:551.834 JLINK_IsHalted()
T210C 007:552.357 - 0.521ms returns FALSE
T210C 007:659.921 JLINK_IsHalted()
T210C 007:660.570 - 0.648ms returns FALSE
T210C 007:660.699 JLINK_IsHalted()
T210C 007:661.158 - 0.458ms returns FALSE
T210C 007:768.901 JLINK_IsHalted()
T210C 007:769.518 - 0.617ms returns FALSE
T210C 007:769.620 JLINK_IsHalted()
T210C 007:770.054 - 0.432ms returns FALSE
T210C 007:878.945 JLINK_IsHalted()
T210C 007:879.528 - 0.582ms returns FALSE
T210C 007:879.632 JLINK_IsHalted()
T210C 007:880.022 - 0.390ms returns FALSE
T210C 007:987.934 JLINK_IsHalted()
T210C 007:988.506 - 0.571ms returns FALSE
T210C 007:988.563 JLINK_IsHalted()
T210C 007:989.002 - 0.438ms returns FALSE
T210C 008:097.069 JLINK_IsHalted()
T210C 008:098.029 - 0.958ms returns FALSE
T210C 008:098.137 JLINK_IsHalted()
T210C 008:098.498 - 0.359ms returns FALSE
T210C 008:206.969 JLINK_IsHalted()
T210C 008:207.757 - 0.786ms returns FALSE
T210C 008:207.895 JLINK_IsHalted()
T210C 008:208.392 - 0.496ms returns FALSE
T210C 008:315.894 JLINK_IsHalted()
T210C 008:316.442 - 0.545ms returns FALSE
T210C 008:316.581 JLINK_IsHalted()
T210C 008:317.033 - 0.452ms returns FALSE
T210C 008:425.922 JLINK_IsHalted()
T210C 008:426.527 - 0.604ms returns FALSE
T210C 008:426.593 JLINK_IsHalted()
T210C 008:426.950 - 0.356ms returns FALSE
T210C 008:534.938 JLINK_IsHalted()
T210C 008:535.529 - 0.589ms returns FALSE
T210C 008:535.593 JLINK_IsHalted()
T210C 008:535.951 - 0.357ms returns FALSE
T210C 008:643.933 JLINK_IsHalted()
T210C 008:644.390 - 0.456ms returns FALSE
T210C 008:644.536 JLINK_IsHalted()
T210C 008:644.939 - 0.403ms returns FALSE
T210C 008:753.919 JLINK_IsHalted()
T210C 008:754.479 - 0.559ms returns FALSE
T210C 008:754.568 JLINK_IsHalted()
T210C 008:754.986 - 0.416ms returns FALSE
T210C 008:862.922 JLINK_IsHalted()
T210C 008:863.430 - 0.507ms returns FALSE
T210C 008:863.483 JLINK_IsHalted()
T210C 008:863.981 - 0.497ms returns FALSE
T210C 008:971.989 JLINK_IsHalted()
T210C 008:972.458 - 0.467ms returns FALSE
T210C 008:972.562 JLINK_IsHalted()
T210C 008:973.026 - 0.462ms returns FALSE
T210C 009:081.920 JLINK_IsHalted()
T210C 009:082.542 - 0.621ms returns FALSE
T210C 009:082.698 JLINK_IsHalted()
T210C 009:083.132 - 0.432ms returns FALSE
T210C 009:190.994 JLINK_IsHalted()
T210C 009:191.869 - 0.872ms returns FALSE
T210C 009:192.079 JLINK_IsHalted()
T210C 009:192.679 - 0.598ms returns FALSE
T210C 009:300.974 JLINK_IsHalted()
T210C 009:301.755 - 0.780ms returns FALSE
T210C 009:301.903 JLINK_IsHalted()
T210C 009:302.550 - 0.644ms returns FALSE
T210C 009:409.966 JLINK_IsHalted()
T210C 009:410.962 - 0.996ms returns FALSE
T210C 009:411.193 JLINK_IsHalted()
T210C 009:411.907 - 0.712ms returns FALSE
T210C 009:518.990 JLINK_IsHalted()
T210C 009:519.790 - 0.797ms returns FALSE
T210C 009:519.994 JLINK_IsHalted()
T210C 009:520.592 - 0.595ms returns FALSE
T210C 009:628.970 JLINK_IsHalted()
T210C 009:629.527 - 0.556ms returns FALSE
T210C 009:629.649 JLINK_IsHalted()
T210C 009:630.051 - 0.402ms returns FALSE
T210C 009:737.944 JLINK_IsHalted()
T210C 009:738.424 - 0.480ms returns FALSE
T210C 009:738.474 JLINK_IsHalted()
T210C 009:738.854 - 0.380ms returns FALSE
T210C 009:846.883 JLINK_IsHalted()
T210C 009:847.450 - 0.561ms returns FALSE
T210C 009:847.539 JLINK_IsHalted()
T210C 009:847.985 - 0.445ms returns FALSE
T210C 009:956.954 JLINK_IsHalted()
T210C 009:957.478 - 0.524ms returns FALSE
T210C 009:957.526 JLINK_IsHalted()
T210C 009:958.005 - 0.478ms returns FALSE
T210C 010:065.972 JLINK_IsHalted()
T210C 010:066.457 - 0.484ms returns FALSE
T210C 010:066.515 JLINK_IsHalted()
T210C 010:066.861 - 0.345ms returns FALSE
T210C 010:175.974 JLINK_IsHalted()
T210C 010:176.567 - 0.592ms returns FALSE
T210C 010:176.639 JLINK_IsHalted()
T210C 010:177.027 - 0.387ms returns FALSE
T210C 010:284.989 JLINK_IsHalted()
T210C 010:285.912 - 0.923ms returns FALSE
T210C 010:286.078 JLINK_IsHalted()
T210C 010:286.610 - 0.530ms returns FALSE
T210C 010:393.981 JLINK_IsHalted()
T210C 010:394.471 - 0.489ms returns FALSE
T210C 010:394.531 JLINK_IsHalted()
T210C 010:394.862 - 0.330ms returns FALSE
T210C 010:503.918 JLINK_IsHalted()
T210C 010:504.390 - 0.471ms returns FALSE
T210C 010:504.444 JLINK_IsHalted()
T210C 010:504.778 - 0.333ms returns FALSE
T210C 010:612.939 JLINK_IsHalted()
T210C 010:613.412 - 0.472ms returns FALSE
T210C 010:613.458 JLINK_IsHalted()
T210C 010:613.930 - 0.472ms returns FALSE
T210C 010:721.958 JLINK_IsHalted()
T210C 010:722.527 - 0.567ms returns FALSE
T210C 010:722.607 JLINK_IsHalted()
T210C 010:723.082 - 0.473ms returns FALSE
T210C 010:831.908 JLINK_IsHalted()
T210C 010:832.394 - 0.494ms returns FALSE
T210C 010:832.442 JLINK_IsHalted()
T210C 010:832.774 - 0.332ms returns FALSE
T210C 010:940.914 JLINK_IsHalted()
T210C 010:941.537 - 0.622ms returns FALSE
T210C 010:941.617 JLINK_IsHalted()
T210C 010:942.035 - 0.414ms returns FALSE
T210C 011:050.976 JLINK_IsHalted()
T210C 011:052.100 - 1.120ms returns FALSE
T210C 011:052.386 JLINK_IsHalted()
T210C 011:053.143 - 0.757ms returns FALSE
T210C 011:159.961 JLINK_IsHalted()
T210C 011:160.460 - 0.499ms returns FALSE
T210C 011:160.513 JLINK_IsHalted()
T210C 011:160.938 - 0.425ms returns FALSE
T210C 011:268.910 JLINK_IsHalted()
T210C 011:269.709 - 0.797ms returns FALSE
T210C 011:269.764 JLINK_IsHalted()
T210C 011:270.151 - 0.386ms returns FALSE
T210C 011:378.963 JLINK_IsHalted()
T210C 011:379.674 - 0.710ms returns FALSE
T210C 011:379.792 JLINK_IsHalted()
T210C 011:380.266 - 0.472ms returns FALSE
T210C 011:488.168 JLINK_IsHalted()
T210C 011:489.024 - 0.854ms returns FALSE
T210C 011:489.319 JLINK_IsHalted()
T210C 011:490.069 - 0.748ms returns FALSE
T210C 011:596.976 JLINK_IsHalted()
T210C 011:597.481 - 0.503ms returns FALSE
T210C 011:597.537 JLINK_IsHalted()
T210C 011:597.996 - 0.458ms returns FALSE
T210C 011:706.958 JLINK_IsHalted()
T210C 011:707.458 - 0.498ms returns FALSE
T210C 011:707.514 JLINK_IsHalted()
T210C 011:707.823 - 0.309ms returns FALSE
T210C 011:815.885 JLINK_IsHalted()
T210C 011:816.434 - 0.548ms returns FALSE
T210C 011:816.498 JLINK_IsHalted()
T210C 011:816.952 - 0.453ms returns FALSE
T210C 011:925.930 JLINK_IsHalted()
T210C 011:926.398 - 0.467ms returns FALSE
T210C 011:926.444 JLINK_IsHalted()
T210C 011:926.773 - 0.329ms returns FALSE
T210C 012:035.006 JLINK_IsHalted()
T210C 012:035.483 - 0.477ms returns FALSE
T210C 012:035.534 JLINK_IsHalted()
T210C 012:035.930 - 0.394ms returns FALSE
T210C 012:144.013 JLINK_IsHalted()
T210C 012:144.970 - 0.955ms returns FALSE
T210C 012:145.223 JLINK_IsHalted()
T210C 012:146.123 - 0.898ms returns FALSE
T210C 012:253.991 JLINK_IsHalted()
T210C 012:254.502 - 0.509ms returns FALSE
T210C 012:254.580 JLINK_IsHalted()
T210C 012:254.928 - 0.347ms returns FALSE
T210C 012:363.006 JLINK_IsHalted()
T210C 012:363.798 - 0.789ms returns FALSE
T210C 012:364.007 JLINK_IsHalted()
T210C 012:364.670 - 0.661ms returns FALSE
T210C 012:471.973 JLINK_IsHalted()
T210C 012:472.680 - 0.706ms returns FALSE
T210C 012:472.760 JLINK_IsHalted()
T210C 012:473.158 - 0.396ms returns FALSE
T210C 012:581.871 JLINK_IsHalted()
T210C 012:582.408 - 0.535ms returns FALSE
T210C 012:582.464 JLINK_IsHalted()
T210C 012:582.814 - 0.349ms returns FALSE
T210C 012:690.939 JLINK_IsHalted()
T210C 012:691.443 - 0.503ms returns FALSE
T210C 012:691.498 JLINK_IsHalted()
T210C 012:691.835 - 0.336ms returns FALSE
T210C 012:800.948 JLINK_IsHalted()
T210C 012:801.451 - 0.497ms returns FALSE
T210C 012:801.506 JLINK_IsHalted()
T210C 012:801.822 - 0.315ms returns FALSE
T210C 012:909.959 JLINK_IsHalted()
T210C 012:910.438 - 0.476ms returns FALSE
T210C 012:910.517 JLINK_IsHalted()
T210C 012:910.880 - 0.362ms returns FALSE
T210C 013:018.950 JLINK_IsHalted()
T210C 013:019.444 - 0.493ms returns FALSE
T210C 013:019.522 JLINK_IsHalted()
T210C 013:019.921 - 0.398ms returns FALSE
T210C 013:129.085 JLINK_IsHalted()
T210C 013:131.482 - 2.396ms returns FALSE
T210C 013:131.689 JLINK_IsHalted()
T210C 013:132.438 - 0.747ms returns FALSE
T210C 013:237.988 JLINK_IsHalted()
T210C 013:238.834 - 0.844ms returns FALSE
T210C 013:239.042 JLINK_IsHalted()
T210C 013:239.670 - 0.627ms returns FALSE
T210C 013:346.984 JLINK_IsHalted()
T210C 013:347.738 - 0.754ms returns FALSE
T210C 013:347.878 JLINK_IsHalted()
T210C 013:348.535 - 0.655ms returns FALSE
T210C 013:456.960 JLINK_IsHalted()
T210C 013:457.698 - 0.736ms returns FALSE
T210C 013:457.859 JLINK_IsHalted()
T210C 013:458.384 - 0.523ms returns FALSE
T210C 013:565.978 JLINK_IsHalted()
T210C 013:566.838 - 0.860ms returns FALSE
T210C 013:567.090 JLINK_IsHalted()
T210C 013:567.749 - 0.657ms returns FALSE
T210C 013:676.026 JLINK_IsHalted()
T210C 013:677.021 - 0.993ms returns FALSE
T210C 013:677.264 JLINK_IsHalted()
T210C 013:677.930 - 0.663ms returns FALSE
T210C 013:785.030 JLINK_IsHalted()
T210C 013:785.526 - 0.496ms returns FALSE
T210C 013:785.606 JLINK_IsHalted()
T210C 013:785.942 - 0.336ms returns FALSE
T210C 013:893.947 JLINK_IsHalted()
T210C 013:894.435 - 0.488ms returns FALSE
T210C 013:894.517 JLINK_IsHalted()
T210C 013:894.878 - 0.359ms returns FALSE
T210C 014:003.930 JLINK_IsHalted()
T210C 014:004.514 - 0.583ms returns FALSE
T210C 014:004.566 JLINK_IsHalted()
T210C 014:004.923 - 0.355ms returns FALSE
T210C 014:112.936 JLINK_IsHalted()
T210C 014:113.840 - 0.902ms returns FALSE
T210C 014:114.050 JLINK_IsHalted()
T210C 014:114.694 - 0.643ms returns FALSE
T210C 014:222.008 JLINK_IsHalted()
T210C 014:222.845 - 0.835ms returns FALSE
T210C 014:223.061 JLINK_IsHalted()
T210C 014:223.586 - 0.524ms returns FALSE
T210C 014:332.003 JLINK_IsHalted()
T210C 014:332.874 - 0.867ms returns FALSE
T210C 014:333.098 JLINK_IsHalted()
T210C 014:334.613 - 1.515ms returns FALSE
T210C 014:440.893 JLINK_IsHalted()
T210C 014:441.395 - 0.501ms returns FALSE
T210C 014:441.462 JLINK_IsHalted()
T210C 014:441.822 - 0.359ms returns FALSE
T210C 014:550.942 JLINK_IsHalted()
T210C 014:551.467 - 0.523ms returns FALSE
T210C 014:551.546 JLINK_IsHalted()
T210C 014:551.922 - 0.375ms returns FALSE
T210C 014:659.974 JLINK_IsHalted()
T210C 014:660.445 - 0.470ms returns FALSE
T210C 014:660.525 JLINK_IsHalted()
T210C 014:660.923 - 0.397ms returns FALSE
T210C 014:768.963 JLINK_IsHalted()
T210C 014:769.456 - 0.490ms returns FALSE
T210C 014:769.531 JLINK_IsHalted()
T210C 014:769.989 - 0.457ms returns FALSE
T210C 014:878.914 JLINK_IsHalted()
T210C 014:879.565 - 0.650ms returns FALSE
T210C 014:879.650 JLINK_IsHalted()
T210C 014:879.992 - 0.341ms returns FALSE
T210C 014:987.934 JLINK_IsHalted()
T210C 014:988.410 - 0.475ms returns FALSE
T210C 014:988.486 JLINK_IsHalted()
T210C 014:988.813 - 0.325ms returns FALSE
T210C 015:097.118 JLINK_IsHalted()
T210C 015:098.344 - 1.221ms returns FALSE
T210C 015:098.598 JLINK_IsHalted()
T210C 015:099.562 - 0.960ms returns FALSE
T210C 015:207.034 JLINK_IsHalted()
T210C 015:208.088 - 1.054ms returns FALSE
T210C 015:208.386 JLINK_IsHalted()
T210C 015:209.054 - 0.666ms returns FALSE
T210C 015:315.931 JLINK_IsHalted()
T210C 015:316.798 - 0.865ms returns FALSE
T210C 015:317.067 JLINK_IsHalted()
T210C 015:317.640 - 0.571ms returns FALSE
T210C 015:425.971 JLINK_IsHalted()
T210C 015:427.205 - 1.231ms returns FALSE
T210C 015:427.378 JLINK_IsHalted()
T210C 015:428.045 - 0.664ms returns FALSE
T210C 015:534.952 JLINK_IsHalted()
T210C 015:535.947 - 0.992ms returns FALSE
T210C 015:536.131 JLINK_IsHalted()
T210C 015:536.824 - 0.691ms returns FALSE
T210C 015:643.973 JLINK_IsHalted()
T210C 015:644.640 - 0.664ms returns FALSE
T210C 015:644.806 JLINK_IsHalted()
T210C 015:645.421 - 0.612ms returns FALSE
T210C 015:753.891 JLINK_IsHalted()
T210C 015:754.571 - 0.680ms returns FALSE
T210C 015:754.702 JLINK_IsHalted()
T210C 015:755.214 - 0.510ms returns FALSE
T210C 015:862.910 JLINK_IsHalted()
T210C 015:863.424 - 0.514ms returns FALSE
T210C 015:863.506 JLINK_IsHalted()
T210C 015:863.819 - 0.313ms returns FALSE
T210C 015:971.923 JLINK_IsHalted()
T210C 015:972.413 - 0.487ms returns FALSE
T210C 015:972.499 JLINK_IsHalted()
T210C 015:972.845 - 0.345ms returns FALSE
T210C 016:082.029 JLINK_IsHalted()
T210C 016:082.976 - 0.944ms returns FALSE
T210C 016:083.099 JLINK_IsHalted()
T210C 016:083.821 - 0.721ms returns FALSE
T210C 016:191.099 JLINK_IsHalted()
T210C 016:192.258 - 1.157ms returns FALSE
T210C 016:192.566 JLINK_IsHalted()
T210C 016:193.395 - 0.827ms returns FALSE
T210C 016:301.050 JLINK_IsHalted()
T210C 016:301.829 - 0.779ms returns FALSE
T210C 016:301.901 JLINK_IsHalted()
T210C 016:302.293 - 0.390ms returns FALSE
T210C 016:409.936 JLINK_IsHalted()
T210C 016:410.525 - 0.587ms returns FALSE
T210C 016:410.637 JLINK_IsHalted()
T210C 016:411.099 - 0.461ms returns FALSE
T210C 016:518.886 JLINK_IsHalted()
T210C 016:519.424 - 0.537ms returns FALSE
T210C 016:519.515 JLINK_IsHalted()
T210C 016:519.947 - 0.430ms returns FALSE
T210C 016:628.955 JLINK_IsHalted()
T210C 016:629.514 - 0.557ms returns FALSE
T210C 016:629.600 JLINK_IsHalted()
T210C 016:629.941 - 0.340ms returns FALSE
T210C 016:737.901 JLINK_IsHalted()
T210C 016:738.618 - 0.715ms returns FALSE
T210C 016:738.696 JLINK_IsHalted()
T210C 016:739.216 - 0.518ms returns FALSE
T210C 016:846.884 JLINK_IsHalted()
T210C 016:847.388 - 0.501ms returns FALSE
T210C 016:847.440 JLINK_IsHalted()
T210C 016:847.824 - 0.371ms returns FALSE
T210C 016:956.998 JLINK_IsHalted()
T210C 016:957.692 - 0.693ms returns FALSE
T210C 016:957.812 JLINK_IsHalted()
T210C 016:958.324 - 0.509ms returns FALSE
T210C 017:065.932 JLINK_IsHalted()
T210C 017:066.626 - 0.694ms returns FALSE
T210C 017:066.716 JLINK_IsHalted()
T210C 017:067.116 - 0.400ms returns FALSE
T210C 017:176.004 JLINK_IsHalted()
T210C 017:176.668 - 0.663ms returns FALSE
T210C 017:176.836 JLINK_IsHalted()
T210C 017:177.364 - 0.527ms returns FALSE
T210C 017:284.966 JLINK_IsHalted()
T210C 017:285.656 - 0.686ms returns FALSE
T210C 017:285.896 JLINK_IsHalted()
T210C 017:286.442 - 0.545ms returns FALSE
T210C 017:393.946 JLINK_IsHalted()
T210C 017:394.980 - 1.034ms returns FALSE
T210C 017:395.066 JLINK_IsHalted()
T210C 017:395.570 - 0.503ms returns FALSE
T210C 017:503.932 JLINK_IsHalted()
T210C 017:504.748 - 0.791ms returns FALSE
T210C 017:504.860 JLINK_IsHalted()
T210C 017:505.502 - 0.638ms returns FALSE
T210C 017:612.932 JLINK_IsHalted()
T210C 017:613.542 - 0.610ms returns FALSE
T210C 017:613.654 JLINK_IsHalted()
T210C 017:614.178 - 0.523ms returns FALSE
T210C 017:721.924 JLINK_IsHalted()
T210C 017:722.448 - 0.523ms returns FALSE
T210C 017:722.496 JLINK_IsHalted()
T210C 017:722.924 - 0.429ms returns FALSE
T210C 017:831.930 JLINK_IsHalted()
T210C 017:832.428 - 0.497ms returns FALSE
T210C 017:832.476 JLINK_IsHalted()
T210C 017:832.860 - 0.382ms returns FALSE
T210C 017:940.898 JLINK_IsHalted()
T210C 017:941.364 - 0.464ms returns FALSE
T210C 017:941.444 JLINK_IsHalted()
T210C 017:941.774 - 0.330ms returns FALSE
T210C 018:050.890 JLINK_IsHalted()
T210C 018:051.414 - 0.524ms returns FALSE
T210C 018:051.476 JLINK_IsHalted()
T210C 018:051.798 - 0.324ms returns FALSE
T210C 018:159.904 JLINK_IsHalted()
T210C 018:160.514 - 0.609ms returns FALSE
T210C 018:160.632 JLINK_IsHalted()
T210C 018:161.092 - 0.457ms returns FALSE
T210C 018:268.964 JLINK_IsHalted()
T210C 018:269.604 - 0.642ms returns FALSE
T210C 018:269.730 JLINK_IsHalted()
T210C 018:270.308 - 0.575ms returns FALSE
T210C 018:378.974 JLINK_IsHalted()
T210C 018:379.942 - 0.968ms returns FALSE
T210C 018:380.006 JLINK_IsHalted()
T210C 018:380.552 - 0.544ms returns FALSE
T210C 018:487.926 JLINK_IsHalted()
T210C 018:488.434 - 0.505ms returns FALSE
T210C 018:488.488 JLINK_IsHalted()
T210C 018:488.814 - 0.326ms returns FALSE
T210C 018:596.956 JLINK_IsHalted()
T210C 018:597.436 - 0.479ms returns FALSE
T210C 018:597.484 JLINK_IsHalted()
T210C 018:597.794 - 0.308ms returns FALSE
T210C 018:706.942 JLINK_IsHalted()
T210C 018:707.416 - 0.472ms returns FALSE
T210C 018:707.496 JLINK_IsHalted()
T210C 018:707.812 - 0.313ms returns FALSE
T210C 018:815.948 JLINK_IsHalted()
T210C 018:816.556 - 0.607ms returns FALSE
T210C 018:816.642 JLINK_IsHalted()
T210C 018:817.012 - 0.371ms returns FALSE
T210C 018:925.940 JLINK_IsHalted()
T210C 018:926.430 - 0.490ms returns FALSE
T210C 018:926.478 JLINK_IsHalted()
T210C 018:926.810 - 0.330ms returns FALSE
T210C 019:034.916 JLINK_IsHalted()
T210C 019:035.390 - 0.472ms returns FALSE
T210C 019:035.470 JLINK_IsHalted()
T210C 019:035.782 - 0.313ms returns FALSE
T210C 019:144.020 JLINK_IsHalted()
T210C 019:144.740 - 0.718ms returns FALSE
T210C 019:144.960 JLINK_IsHalted()
T210C 019:145.500 - 0.538ms returns FALSE
T210C 019:253.972 JLINK_IsHalted()
T210C 019:254.548 - 0.576ms returns FALSE
T210C 019:254.666 JLINK_IsHalted()
T210C 019:255.092 - 0.425ms returns FALSE
T210C 019:362.978 JLINK_IsHalted()
T210C 019:363.470 - 0.492ms returns FALSE
T210C 019:363.522 JLINK_IsHalted()
T210C 019:363.898 - 0.375ms returns FALSE
T210C 019:472.004 JLINK_IsHalted()
T210C 019:472.646 - 0.641ms returns FALSE
T210C 019:472.796 JLINK_IsHalted()
T210C 019:473.308 - 0.511ms returns FALSE
T210C 019:582.006 JLINK_IsHalted()
T210C 019:582.466 - 0.459ms returns FALSE
T210C 019:582.504 JLINK_IsHalted()
T210C 019:582.808 - 0.304ms returns FALSE
T210C 019:690.940 JLINK_IsHalted()
T210C 019:691.670 - 0.729ms returns FALSE
T210C 019:691.750 JLINK_IsHalted()
T210C 019:692.148 - 0.396ms returns FALSE
T210C 019:800.916 JLINK_IsHalted()
T210C 019:801.550 - 0.635ms returns FALSE
T210C 019:801.692 JLINK_IsHalted()
T210C 019:802.232 - 0.540ms returns FALSE
T210C 019:909.942 JLINK_IsHalted()
T210C 019:910.468 - 0.523ms returns FALSE
T210C 019:910.588 JLINK_IsHalted()
T210C 019:911.100 - 0.521ms returns FALSE
T210C 020:018.964 JLINK_IsHalted()
T210C 020:019.474 - 0.509ms returns FALSE
T210C 020:019.532 JLINK_IsHalted()
T210C 020:019.894 - 0.362ms returns FALSE
T210C 020:129.060 JLINK_IsHalted()
T210C 020:129.638 - 0.577ms returns FALSE
T210C 020:129.716 JLINK_IsHalted()
T210C 020:130.170 - 0.453ms returns FALSE
T210C 020:237.900 JLINK_IsHalted()
T210C 020:238.522 - 0.622ms returns FALSE
T210C 020:238.648 JLINK_IsHalted()
T210C 020:239.172 - 0.523ms returns FALSE
T210C 020:346.996 JLINK_IsHalted()
T210C 020:347.602 - 0.604ms returns FALSE
T210C 020:347.684 JLINK_IsHalted()
T210C 020:348.098 - 0.412ms returns FALSE
T210C 020:456.948 JLINK_IsHalted()
T210C 020:457.428 - 0.480ms returns FALSE
T210C 020:457.530 JLINK_IsHalted()
T210C 020:458.012 - 0.481ms returns FALSE
T210C 020:565.980 JLINK_IsHalted()
T210C 020:566.484 - 0.503ms returns FALSE
T210C 020:566.534 JLINK_IsHalted()
T210C 020:566.940 - 0.402ms returns FALSE
T210C 020:675.970 JLINK_IsHalted()
T210C 020:676.458 - 0.486ms returns FALSE
T210C 020:676.508 JLINK_IsHalted()
T210C 020:676.930 - 0.420ms returns FALSE
T210C 020:784.980 JLINK_IsHalted()
T210C 020:785.564 - 0.585ms returns FALSE
T210C 020:785.628 JLINK_IsHalted()
T210C 020:786.002 - 0.366ms returns FALSE
T210C 020:893.920 JLINK_IsHalted()
T210C 020:894.448 - 0.527ms returns FALSE
T210C 020:894.528 JLINK_IsHalted()
T210C 020:894.938 - 0.408ms returns FALSE
T210C 021:003.938 JLINK_IsHalted()
T210C 021:004.562 - 0.624ms returns FALSE
T210C 021:004.612 JLINK_IsHalted()
T210C 021:004.946 - 0.334ms returns FALSE
T210C 021:112.984 JLINK_IsHalted()
T210C 021:114.078 - 1.093ms returns FALSE
T210C 021:114.298 JLINK_IsHalted()
T210C 021:115.096 - 0.796ms returns FALSE
T210C 021:221.938 JLINK_IsHalted()
T210C 021:222.676 - 0.738ms returns FALSE
T210C 021:222.792 JLINK_IsHalted()
T210C 021:223.356 - 0.565ms returns FALSE
T210C 021:331.972 JLINK_IsHalted()
T210C 021:332.652 - 0.677ms returns FALSE
T210C 021:332.828 JLINK_IsHalted()
T210C 021:333.412 - 0.580ms returns FALSE
T210C 021:440.948 JLINK_IsHalted()
T210C 021:442.084 - 1.135ms returns FALSE
T210C 021:442.388 JLINK_IsHalted()
T210C 021:443.256 - 0.865ms returns FALSE
T210C 021:551.122 JLINK_IsHalted()
T210C 021:552.652 - 1.530ms returns FALSE
T210C 021:552.982 JLINK_IsHalted()
T210C 021:553.714 - 0.729ms returns FALSE
T210C 021:659.956 JLINK_IsHalted()
T210C 021:660.494 - 0.539ms returns FALSE
T210C 021:660.636 JLINK_IsHalted()
T210C 021:661.066 - 0.429ms returns FALSE
T210C 021:768.932 JLINK_IsHalted()
T210C 021:769.484 - 0.552ms returns FALSE
T210C 021:769.542 JLINK_IsHalted()
T210C 021:769.908 - 0.366ms returns FALSE
T210C 021:878.942 JLINK_IsHalted()
T210C 021:879.424 - 0.481ms returns FALSE
T210C 021:879.476 JLINK_IsHalted()
T210C 021:879.794 - 0.316ms returns FALSE
T210C 021:987.964 JLINK_IsHalted()
T210C 021:988.454 - 0.490ms returns FALSE
T210C 021:988.538 JLINK_IsHalted()
T210C 021:988.886 - 0.347ms returns FALSE
T210C 022:097.010 JLINK_IsHalted()
T210C 022:097.898 - 0.885ms returns FALSE
T210C 022:098.120 JLINK_IsHalted()
T210C 022:098.742 - 0.620ms returns FALSE
T210C 022:207.068 JLINK_IsHalted()
T210C 022:208.108 - 1.036ms returns FALSE
T210C 022:208.262 JLINK_IsHalted()
T210C 022:208.978 - 0.715ms returns FALSE
T210C 022:316.006 JLINK_IsHalted()
T210C 022:316.484 - 0.478ms returns FALSE
T210C 022:316.532 JLINK_IsHalted()
T210C 022:316.908 - 0.376ms returns FALSE
T210C 022:425.956 JLINK_IsHalted()
T210C 022:426.440 - 0.484ms returns FALSE
T210C 022:426.492 JLINK_IsHalted()
T210C 022:426.808 - 0.315ms returns FALSE
T210C 022:534.974 JLINK_IsHalted()
T210C 022:535.484 - 0.507ms returns FALSE
T210C 022:535.540 JLINK_IsHalted()
T210C 022:535.884 - 0.345ms returns FALSE
T210C 022:643.926 JLINK_IsHalted()
T210C 022:644.444 - 0.516ms returns FALSE
T210C 022:644.500 JLINK_IsHalted()
T210C 022:644.886 - 0.387ms returns FALSE
T210C 022:753.954 JLINK_IsHalted()
T210C 022:754.436 - 0.480ms returns FALSE
T210C 022:754.520 JLINK_IsHalted()
T210C 022:754.940 - 0.419ms returns FALSE
T210C 022:863.070 JLINK_IsHalted()
T210C 022:863.678 - 0.607ms returns FALSE
T210C 022:863.776 JLINK_IsHalted()
T210C 022:864.124 - 0.348ms returns FALSE
T210C 022:971.920 JLINK_IsHalted()
T210C 022:972.428 - 0.505ms returns FALSE
T210C 022:972.472 JLINK_IsHalted()
T210C 022:972.806 - 0.333ms returns FALSE
T210C 023:081.954 JLINK_IsHalted()
T210C 023:082.540 - 0.583ms returns FALSE
T210C 023:082.674 JLINK_IsHalted()
T210C 023:083.096 - 0.421ms returns FALSE
T210C 023:190.956 JLINK_IsHalted()
T210C 023:191.662 - 0.703ms returns FALSE
T210C 023:191.750 JLINK_IsHalted()
T210C 023:192.308 - 0.555ms returns FALSE
T210C 023:300.908 JLINK_IsHalted()
T210C 023:301.364 - 0.455ms returns FALSE
T210C 023:301.404 JLINK_IsHalted()
T210C 023:301.724 - 0.318ms returns FALSE
T210C 023:409.986 JLINK_IsHalted()
T210C 023:410.784 - 0.796ms returns FALSE
T210C 023:410.924 JLINK_IsHalted()
T210C 023:411.672 - 0.745ms returns FALSE
T210C 023:519.058 JLINK_IsHalted()
T210C 023:520.046 - 0.988ms returns FALSE
T210C 023:520.194 JLINK_IsHalted()
T210C 023:520.916 - 0.722ms returns FALSE
T210C 023:628.948 JLINK_IsHalted()
T210C 023:629.484 - 0.534ms returns FALSE
T210C 023:629.572 JLINK_IsHalted()
T210C 023:629.916 - 0.344ms returns FALSE
T210C 023:737.632 JLINK_IsHalted()
T210C 023:738.568 - 0.935ms returns FALSE
T210C 023:738.668 JLINK_IsHalted()
T210C 023:739.012 - 0.343ms returns FALSE
T210C 023:847.650 JLINK_IsHalted()
T210C 023:848.162 - 0.513ms returns FALSE
T210C 023:848.242 JLINK_IsHalted()
T210C 023:848.566 - 0.324ms returns FALSE
T210C 023:956.656 JLINK_IsHalted()
T210C 023:957.182 - 0.525ms returns FALSE
T210C 023:957.228 JLINK_IsHalted()
T210C 023:957.580 - 0.351ms returns FALSE
T210C 024:066.414 JLINK_IsHalted()
T210C 024:066.908 - 0.493ms returns FALSE
T210C 024:066.984 JLINK_IsHalted()
T210C 024:067.476 - 0.490ms returns FALSE
T210C 024:175.376 JLINK_IsHalted()
T210C 024:176.290 - 0.911ms returns FALSE
T210C 024:176.450 JLINK_IsHalted()
T210C 024:177.070 - 0.619ms returns FALSE
T210C 024:285.342 JLINK_IsHalted()
T210C 024:285.900 - 0.556ms returns FALSE
T210C 024:285.940 JLINK_IsHalted()
T210C 024:286.282 - 0.341ms returns FALSE
T210C 024:394.370 JLINK_IsHalted()
T210C 024:394.910 - 0.539ms returns FALSE
T210C 024:394.962 JLINK_IsHalted()
T210C 024:395.386 - 0.423ms returns FALSE
T210C 024:503.354 JLINK_IsHalted()
T210C 024:503.828 - 0.473ms returns FALSE
T210C 024:503.878 JLINK_IsHalted()
T210C 024:504.214 - 0.335ms returns FALSE
T210C 024:613.324 JLINK_IsHalted()
T210C 024:614.584 - 1.259ms returns FALSE
T210C 024:614.684 JLINK_IsHalted()
T210C 024:615.098 - 0.412ms returns FALSE
T210C 024:722.308 JLINK_IsHalted()
T210C 024:722.930 - 0.618ms returns FALSE
T210C 024:723.026 JLINK_IsHalted()
T210C 024:723.472 - 0.446ms returns FALSE
T210C 024:831.364 JLINK_IsHalted()
T210C 024:831.814 - 0.451ms returns FALSE
T210C 024:831.896 JLINK_IsHalted()
T210C 024:832.228 - 0.333ms returns FALSE
T210C 024:941.284 JLINK_IsHalted()
T210C 024:941.748 - 0.465ms returns FALSE
T210C 024:941.826 JLINK_IsHalted()
T210C 024:942.160 - 0.332ms returns FALSE
T210C 025:050.380 JLINK_IsHalted()
T210C 025:050.948 - 0.564ms returns FALSE
T210C 025:051.046 JLINK_IsHalted()
T210C 025:051.454 - 0.406ms returns FALSE
T210C 025:159.428 JLINK_IsHalted()
T210C 025:159.890 - 0.462ms returns FALSE
T210C 025:159.928 JLINK_IsHalted()
T210C 025:160.340 - 0.410ms returns FALSE
T210C 025:269.436 JLINK_IsHalted()
T210C 025:270.156 - 0.717ms returns FALSE
T210C 025:270.228 JLINK_IsHalted()
T210C 025:270.676 - 0.447ms returns FALSE
T210C 025:378.370 JLINK_IsHalted()
T210C 025:378.908 - 0.538ms returns FALSE
T210C 025:378.954 JLINK_IsHalted()
T210C 025:379.340 - 0.385ms returns FALSE
T210C 025:488.388 JLINK_IsHalted()
T210C 025:488.988 - 0.600ms returns FALSE
T210C 025:489.070 JLINK_IsHalted()
T210C 025:489.512 - 0.441ms returns FALSE
T210C 025:597.408 JLINK_IsHalted()
T210C 025:598.126 - 0.716ms returns FALSE
T210C 025:598.214 JLINK_IsHalted()
T210C 025:598.732 - 0.516ms returns FALSE
T210C 025:706.378 JLINK_IsHalted()
T210C 025:706.926 - 0.548ms returns FALSE
T210C 025:706.980 JLINK_IsHalted()
T210C 025:707.348 - 0.367ms returns FALSE
T210C 025:816.372 JLINK_IsHalted()
T210C 025:817.082 - 0.709ms returns FALSE
T210C 025:817.132 JLINK_IsHalted()
T210C 025:817.564 - 0.430ms returns FALSE
T210C 025:925.380 JLINK_IsHalted()
T210C 025:925.888 - 0.506ms returns FALSE
T210C 025:925.972 JLINK_IsHalted()
T210C 025:926.304 - 0.330ms returns FALSE
T210C 026:035.530 JLINK_IsHalted()
T210C 026:036.282 - 0.750ms returns FALSE
T210C 026:036.404 JLINK_IsHalted()
T210C 026:037.012 - 0.608ms returns FALSE
T210C 026:144.390 JLINK_IsHalted()
T210C 026:146.802 - 2.408ms returns FALSE
T210C 026:147.058 JLINK_IsHalted()
T210C 026:147.808 - 0.747ms returns FALSE
T210C 026:253.400 JLINK_IsHalted()
T210C 026:254.114 - 0.712ms returns FALSE
T210C 026:254.226 JLINK_IsHalted()
T210C 026:254.778 - 0.550ms returns FALSE
T210C 026:363.348 JLINK_IsHalted()
T210C 026:364.856 - 1.506ms returns FALSE
T210C 026:365.050 JLINK_IsHalted()
T210C 026:365.586 - 0.535ms returns FALSE
T210C 026:472.376 JLINK_IsHalted()
T210C 026:472.898 - 0.520ms returns FALSE
T210C 026:472.946 JLINK_IsHalted()
T210C 026:473.284 - 0.336ms returns FALSE
T210C 026:581.316 JLINK_IsHalted()
T210C 026:581.810 - 0.493ms returns FALSE
T210C 026:581.878 JLINK_IsHalted()
T210C 026:582.214 - 0.336ms returns FALSE
T210C 026:691.422 JLINK_IsHalted()
T210C 026:691.878 - 0.455ms returns FALSE
T210C 026:691.956 JLINK_IsHalted()
T210C 026:692.300 - 0.341ms returns FALSE
T210C 026:800.384 JLINK_IsHalted()
T210C 026:801.634 - 1.249ms returns FALSE
T210C 026:801.786 JLINK_IsHalted()
T210C 026:802.550 - 0.762ms returns FALSE
T210C 026:909.380 JLINK_IsHalted()
T210C 026:909.892 - 0.511ms returns FALSE
T210C 026:909.942 JLINK_IsHalted()
T210C 026:910.262 - 0.320ms returns FALSE
T210C 027:019.370 JLINK_IsHalted()
T210C 027:019.946 - 0.576ms returns FALSE
T210C 027:020.022 JLINK_IsHalted()
T210C 027:020.362 - 0.337ms returns FALSE
T210C 027:128.372 JLINK_IsHalted()
T210C 027:128.940 - 0.568ms returns FALSE
T210C 027:129.044 JLINK_IsHalted()
T210C 027:129.462 - 0.418ms returns FALSE
T210C 027:238.396 JLINK_IsHalted()
T210C 027:238.874 - 0.476ms returns FALSE
T210C 027:238.956 JLINK_IsHalted()
T210C 027:239.296 - 0.337ms returns FALSE
T210C 027:347.388 JLINK_IsHalted()
T210C 027:347.892 - 0.501ms returns FALSE
T210C 027:348.004 JLINK_IsHalted()
T210C 027:348.394 - 0.390ms returns FALSE
T210C 027:456.396 JLINK_IsHalted()
T210C 027:456.934 - 0.538ms returns FALSE
T210C 027:456.998 JLINK_IsHalted()
T210C 027:457.370 - 0.369ms returns FALSE
T210C 027:566.384 JLINK_IsHalted()
T210C 027:566.970 - 0.582ms returns FALSE
T210C 027:567.100 JLINK_IsHalted()
T210C 027:567.516 - 0.416ms returns FALSE
T210C 027:675.324 JLINK_IsHalted()
T210C 027:675.914 - 0.588ms returns FALSE
T210C 027:675.978 JLINK_IsHalted()
T210C 027:676.352 - 0.375ms returns FALSE
T210C 027:784.326 JLINK_IsHalted()
T210C 027:785.130 - 0.801ms returns FALSE
T210C 027:785.184 JLINK_IsHalted()
T210C 027:785.568 - 0.382ms returns FALSE
T210C 027:894.378 JLINK_IsHalted()
T210C 027:895.076 - 0.696ms returns FALSE
T210C 027:895.164 JLINK_IsHalted()
T210C 027:895.722 - 0.555ms returns FALSE
T210C 028:003.398 JLINK_IsHalted()
T210C 028:003.898 - 0.500ms returns FALSE
T210C 028:003.948 JLINK_IsHalted()
T210C 028:004.292 - 0.340ms returns FALSE
T210C 028:113.382 JLINK_IsHalted()
T210C 028:113.988 - 0.604ms returns FALSE
T210C 028:114.076 JLINK_IsHalted()
T210C 028:114.570 - 0.491ms returns FALSE
T210C 028:222.346 JLINK_IsHalted()
T210C 028:222.908 - 0.563ms returns FALSE
T210C 028:222.996 JLINK_IsHalted()
T210C 028:223.434 - 0.435ms returns FALSE
T210C 028:331.296 JLINK_IsHalted()
T210C 028:331.948 - 0.654ms returns FALSE
T210C 028:332.044 JLINK_IsHalted()
T210C 028:332.490 - 0.444ms returns FALSE
T210C 028:441.292 JLINK_IsHalted()
T210C 028:441.788 - 0.496ms returns FALSE
T210C 028:441.868 JLINK_IsHalted()
T210C 028:442.308 - 0.438ms returns FALSE
T210C 028:550.362 JLINK_IsHalted()
T210C 028:550.976 - 0.615ms returns FALSE
T210C 028:551.030 JLINK_IsHalted()
T210C 028:551.418 - 0.386ms returns FALSE
T210C 028:659.366 JLINK_IsHalted()
T210C 028:660.180 - 0.814ms returns FALSE
T210C 028:660.256 JLINK_IsHalted()
T210C 028:660.736 - 0.480ms returns FALSE
T210C 028:769.356 JLINK_IsHalted()
T210C 028:770.000 - 0.642ms returns FALSE
T210C 028:770.074 JLINK_IsHalted()
T210C 028:770.438 - 0.364ms returns FALSE
T210C 028:878.352 JLINK_IsHalted()
T210C 028:878.902 - 0.549ms returns FALSE
T210C 028:878.954 JLINK_IsHalted()
T210C 028:879.322 - 0.369ms returns FALSE
T210C 028:988.394 JLINK_IsHalted()
T210C 028:988.998 - 0.602ms returns FALSE
T210C 028:989.062 JLINK_IsHalted()
T210C 028:989.440 - 0.377ms returns FALSE
T210C 029:097.382 JLINK_IsHalted()
T210C 029:097.978 - 0.594ms returns FALSE
T210C 029:098.042 JLINK_IsHalted()
T210C 029:098.476 - 0.434ms returns FALSE
T210C 029:206.380 JLINK_IsHalted()
T210C 029:206.944 - 0.560ms returns FALSE
T210C 029:207.068 JLINK_IsHalted()
T210C 029:207.466 - 0.396ms returns FALSE
T210C 029:316.396 JLINK_IsHalted()
T210C 029:316.896 - 0.496ms returns FALSE
T210C 029:316.972 JLINK_IsHalted()
T210C 029:317.318 - 0.346ms returns FALSE
T210C 029:425.312 JLINK_IsHalted()
T210C 029:425.900 - 0.586ms returns FALSE
T210C 029:426.038 JLINK_IsHalted()
T210C 029:426.468 - 0.427ms returns FALSE
T210C 029:534.304 JLINK_IsHalted()
T210C 029:535.024 - 0.718ms returns FALSE
T210C 029:535.164 JLINK_IsHalted()
T210C 029:535.798 - 0.634ms returns FALSE
T210C 029:644.348 JLINK_IsHalted()
T210C 029:644.916 - 0.564ms returns FALSE
T210C 029:644.982 JLINK_IsHalted()
T210C 029:645.366 - 0.383ms returns FALSE
T210C 029:753.344 JLINK_IsHalted()
T210C 029:753.910 - 0.565ms returns FALSE
T210C 029:754.026 JLINK_IsHalted()
T210C 029:754.380 - 0.355ms returns FALSE
T210C 029:863.376 JLINK_IsHalted()
T210C 029:863.884 - 0.509ms returns FALSE
T210C 029:863.968 JLINK_IsHalted()
T210C 029:864.294 - 0.326ms returns FALSE
T210C 029:972.396 JLINK_IsHalted()
T210C 029:973.284 - 0.883ms returns FALSE
T210C 029:973.334 JLINK_IsHalted()
T210C 029:973.684 - 0.349ms returns FALSE
T210C 030:081.418 JLINK_IsHalted()
T210C 030:082.080 - 0.659ms returns FALSE
T210C 030:082.166 JLINK_IsHalted()
T210C 030:082.596 - 0.426ms returns FALSE
T210C 030:191.388 JLINK_IsHalted()
T210C 030:192.186 - 0.797ms returns FALSE
T210C 030:192.268 JLINK_IsHalted()
T210C 030:192.672 - 0.400ms returns FALSE
T210C 030:300.380 JLINK_IsHalted()
T210C 030:301.116 - 0.734ms returns FALSE
T210C 030:301.388 JLINK_IsHalted()
T210C 030:302.244 - 0.855ms returns FALSE
T210C 030:409.344 JLINK_IsHalted()
T210C 030:409.882 - 0.534ms returns FALSE
T210C 030:409.924 JLINK_IsHalted()
T210C 030:410.266 - 0.341ms returns FALSE
T210C 030:519.348 JLINK_IsHalted()
T210C 030:519.868 - 0.521ms returns FALSE
T210C 030:519.946 JLINK_IsHalted()
T210C 030:520.394 - 0.447ms returns FALSE
T210C 030:628.378 JLINK_IsHalted()
T210C 030:628.880 - 0.500ms returns FALSE
T210C 030:628.928 JLINK_IsHalted()
T210C 030:629.258 - 0.329ms returns FALSE
T210C 030:738.420 JLINK_IsHalted()
T210C 030:738.944 - 0.527ms returns FALSE
T210C 030:739.020 JLINK_IsHalted()
T210C 030:739.392 - 0.373ms returns FALSE
T210C 030:847.354 JLINK_IsHalted()
T210C 030:847.876 - 0.521ms returns FALSE
T210C 030:847.926 JLINK_IsHalted()
T210C 030:848.256 - 0.331ms returns FALSE
T210C 030:956.356 JLINK_IsHalted()
T210C 030:956.956 - 0.588ms returns FALSE
T210C 030:957.004 JLINK_IsHalted()
T210C 030:957.388 - 0.372ms returns FALSE
T210C 031:066.400 JLINK_IsHalted()
T210C 031:066.864 - 0.462ms returns FALSE
T210C 031:066.940 JLINK_IsHalted()
T210C 031:067.276 - 0.337ms returns FALSE
T210C 031:175.408 JLINK_IsHalted()
T210C 031:176.564 - 1.165ms returns FALSE
T210C 031:176.604 JLINK_IsHalted()
T210C 031:176.928 - 0.321ms returns FALSE
T210C 031:284.406 JLINK_IsHalted()
T210C 031:284.902 - 0.493ms returns FALSE
T210C 031:284.976 JLINK_IsHalted()
T210C 031:285.396 - 0.416ms returns FALSE
T210C 031:394.396 JLINK_IsHalted()
T210C 031:394.912 - 0.512ms returns FALSE
T210C 031:394.966 JLINK_IsHalted()
T210C 031:395.334 - 0.365ms returns FALSE
T210C 031:503.386 JLINK_IsHalted()
T210C 031:504.116 - 0.730ms returns FALSE
T210C 031:504.182 JLINK_IsHalted()
T210C 031:504.644 - 0.447ms returns FALSE
T210C 031:613.388 JLINK_IsHalted()
T210C 031:614.138 - 0.748ms returns FALSE
T210C 031:614.212 JLINK_IsHalted()
T210C 031:615.776 - 1.564ms returns FALSE
T210C 031:722.326 JLINK_IsHalted()
T210C 031:722.884 - 0.557ms returns FALSE
T210C 031:722.966 JLINK_IsHalted()
T210C 031:723.376 - 0.409ms returns FALSE
T210C 031:831.376 JLINK_IsHalted()
T210C 031:831.862 - 0.484ms returns FALSE
T210C 031:831.940 JLINK_IsHalted()
T210C 031:832.282 - 0.341ms returns FALSE
T210C 031:941.284 JLINK_IsHalted()
T210C 031:941.740 - 0.457ms returns FALSE
T210C 031:941.818 JLINK_IsHalted()
T210C 031:942.156 - 0.340ms returns FALSE
T210C 032:050.362 JLINK_IsHalted()
T210C 032:050.970 - 0.607ms returns FALSE
T210C 032:051.060 JLINK_IsHalted()
T210C 032:051.482 - 0.422ms returns FALSE
T210C 032:159.396 JLINK_IsHalted()
T210C 032:160.022 - 0.626ms returns FALSE
T210C 032:160.116 JLINK_IsHalted()
T210C 032:160.580 - 0.462ms returns FALSE
T210C 032:269.306 JLINK_IsHalted()
T210C 032:269.948 - 0.643ms returns FALSE
T210C 032:270.038 JLINK_IsHalted()
T210C 032:270.448 - 0.411ms returns FALSE
T210C 032:378.346 JLINK_IsHalted()
T210C 032:378.874 - 0.526ms returns FALSE
T210C 032:378.918 JLINK_IsHalted()
T210C 032:379.268 - 0.346ms returns FALSE
T210C 032:488.372 JLINK_IsHalted()
T210C 032:488.876 - 0.505ms returns FALSE
T210C 032:488.932 JLINK_IsHalted()
T210C 032:489.270 - 0.338ms returns FALSE
T210C 032:597.372 JLINK_IsHalted()
T210C 032:597.876 - 0.502ms returns FALSE
T210C 032:597.946 JLINK_IsHalted()
T210C 032:598.278 - 0.334ms returns FALSE
T210C 032:706.342 JLINK_IsHalted()
T210C 032:706.890 - 0.546ms returns FALSE
T210C 032:706.970 JLINK_IsHalted()
T210C 032:707.340 - 0.372ms returns FALSE
T210C 032:816.390 JLINK_IsHalted()
T210C 032:816.860 - 0.471ms returns FALSE
T210C 032:816.938 JLINK_IsHalted()
T210C 032:817.274 - 0.335ms returns FALSE
T210C 032:925.366 JLINK_IsHalted()
T210C 032:926.490 - 1.123ms returns FALSE
T210C 032:926.554 JLINK_IsHalted()
T210C 032:926.900 - 0.345ms returns FALSE
T210C 033:034.390 JLINK_IsHalted()
T210C 033:034.874 - 0.483ms returns FALSE
T210C 033:034.924 JLINK_IsHalted()
T210C 033:035.268 - 0.341ms returns FALSE
T210C 033:144.362 JLINK_IsHalted()
T210C 033:144.950 - 0.588ms returns FALSE
T210C 033:145.020 JLINK_IsHalted()
T210C 033:145.408 - 0.386ms returns FALSE
T210C 033:253.418 JLINK_IsHalted()
T210C 033:253.910 - 0.490ms returns FALSE
T210C 033:253.958 JLINK_IsHalted()
T210C 033:254.282 - 0.322ms returns FALSE
T210C 033:363.420 JLINK_IsHalted()
T210C 033:364.202 - 0.782ms returns FALSE
T210C 033:364.276 JLINK_IsHalted()
T210C 033:364.588 - 0.312ms returns FALSE
T210C 033:472.374 JLINK_IsHalted()
T210C 033:473.124 - 0.746ms returns FALSE
T210C 033:473.210 JLINK_IsHalted()
T210C 033:473.844 - 0.632ms returns FALSE
T210C 033:581.324 JLINK_IsHalted()
T210C 033:581.912 - 0.587ms returns FALSE
T210C 033:581.976 JLINK_IsHalted()
T210C 033:582.380 - 0.400ms returns FALSE
T210C 033:691.444 JLINK_IsHalted()
T210C 033:692.456 - 1.010ms returns FALSE
T210C 033:692.640 JLINK_IsHalted()
T210C 033:693.400 - 0.755ms returns FALSE
T210C 033:800.380 JLINK_IsHalted()
T210C 033:801.144 - 0.760ms returns FALSE
T210C 033:801.316 JLINK_IsHalted()
T210C 033:801.860 - 0.544ms returns FALSE
T210C 033:909.400 JLINK_IsHalted()
T210C 033:910.292 - 0.885ms returns FALSE
T210C 033:910.484 JLINK_IsHalted()
T210C 033:911.044 - 0.557ms returns FALSE
T210C 034:019.312 JLINK_IsHalted()
T210C 034:019.776 - 0.465ms returns FALSE
T210C 034:019.832 JLINK_IsHalted()
T210C 034:020.192 - 0.362ms returns FALSE
T210C 034:128.348 JLINK_IsHalted()
T210C 034:128.884 - 0.535ms returns FALSE
T210C 034:128.968 JLINK_IsHalted()
T210C 034:129.352 - 0.383ms returns FALSE
T210C 034:238.360 JLINK_IsHalted()
T210C 034:238.936 - 0.572ms returns FALSE
T210C 034:238.980 JLINK_IsHalted()
T210C 034:239.320 - 0.343ms returns FALSE
T210C 034:347.336 JLINK_IsHalted()
T210C 034:347.756 - 0.417ms returns FALSE
T210C 034:347.816 JLINK_IsHalted()
T210C 034:348.168 - 0.350ms returns FALSE
T210C 034:456.388 JLINK_IsHalted()
T210C 034:456.852 - 0.465ms returns FALSE
T210C 034:456.936 JLINK_IsHalted()
T210C 034:457.268 - 0.331ms returns FALSE
T210C 034:566.412 JLINK_IsHalted()
T210C 034:566.888 - 0.473ms returns FALSE
T210C 034:566.940 JLINK_IsHalted()
T210C 034:567.268 - 0.326ms returns FALSE
T210C 034:675.432 JLINK_IsHalted()
T210C 034:675.920 - 0.486ms returns FALSE
T210C 034:675.996 JLINK_IsHalted()
T210C 034:676.364 - 0.366ms returns FALSE
T210C 034:784.360 JLINK_IsHalted()
T210C 034:785.004 - 0.647ms returns FALSE
T210C 034:785.056 JLINK_IsHalted()
T210C 034:785.452 - 0.397ms returns FALSE
T210C 034:894.404 JLINK_IsHalted()
T210C 034:894.920 - 0.517ms returns FALSE
T210C 034:895.000 JLINK_IsHalted()
T210C 034:895.364 - 0.363ms returns FALSE
T210C 035:003.348 JLINK_IsHalted()
T210C 035:003.860 - 0.510ms returns FALSE
T210C 035:003.940 JLINK_IsHalted()
T210C 035:004.268 - 0.329ms returns FALSE
T210C 035:113.344 JLINK_IsHalted()
T210C 035:113.864 - 0.518ms returns FALSE
T210C 035:113.964 JLINK_IsHalted()
T210C 035:114.404 - 0.438ms returns FALSE
T210C 035:222.380 JLINK_IsHalted()
T210C 035:222.900 - 0.517ms returns FALSE
T210C 035:222.960 JLINK_IsHalted()
T210C 035:223.444 - 0.480ms returns FALSE
T210C 035:331.420 JLINK_IsHalted()
T210C 035:331.876 - 0.454ms returns FALSE
T210C 035:331.920 JLINK_IsHalted()
T210C 035:332.236 - 0.316ms returns FALSE
T210C 035:441.280 JLINK_IsHalted()
T210C 035:441.732 - 0.452ms returns FALSE
T210C 035:441.800 JLINK_IsHalted()
T210C 035:442.116 - 0.312ms returns FALSE
T210C 035:550.396 JLINK_IsHalted()
T210C 035:550.948 - 0.547ms returns FALSE
T210C 035:551.032 JLINK_IsHalted()
T210C 035:551.392 - 0.359ms returns FALSE
T210C 035:659.392 JLINK_IsHalted()
T210C 035:659.944 - 0.551ms returns FALSE
T210C 035:660.000 JLINK_IsHalted()
T210C 035:660.376 - 0.374ms returns FALSE
T210C 035:769.296 JLINK_IsHalted()
T210C 035:769.876 - 0.580ms returns FALSE
T210C 035:769.952 JLINK_IsHalted()
T210C 035:770.360 - 0.412ms returns FALSE
T210C 035:878.356 JLINK_IsHalted()
T210C 035:878.900 - 0.541ms returns FALSE
T210C 035:878.972 JLINK_IsHalted()
T210C 035:879.336 - 0.361ms returns FALSE
T210C 035:988.332 JLINK_IsHalted()
T210C 035:988.772 - 0.436ms returns FALSE
T210C 035:988.852 JLINK_IsHalted()
T210C 035:989.188 - 0.335ms returns FALSE
T210C 036:097.392 JLINK_IsHalted()
T210C 036:097.944 - 0.553ms returns FALSE
T210C 036:098.072 JLINK_IsHalted()
T210C 036:098.472 - 0.401ms returns FALSE
T210C 036:206.392 JLINK_IsHalted()
T210C 036:206.976 - 0.584ms returns FALSE
T210C 036:207.048 JLINK_IsHalted()
T210C 036:207.384 - 0.337ms returns FALSE
T210C 036:316.480 JLINK_IsHalted()
T210C 036:316.984 - 0.502ms returns FALSE
T210C 036:317.024 JLINK_IsHalted()
T210C 036:317.360 - 0.336ms returns FALSE
T210C 036:425.364 JLINK_IsHalted()
T210C 036:425.896 - 0.534ms returns FALSE
T210C 036:425.976 JLINK_IsHalted()
T210C 036:426.336 - 0.358ms returns FALSE
T210C 036:534.328 JLINK_IsHalted()
T210C 036:534.872 - 0.539ms returns FALSE
T210C 036:534.932 JLINK_IsHalted()
T210C 036:535.264 - 0.333ms returns FALSE
T210C 036:644.368 JLINK_IsHalted()
T210C 036:644.864 - 0.494ms returns FALSE
T210C 036:644.916 JLINK_IsHalted()
T210C 036:645.280 - 0.364ms returns FALSE
T210C 036:753.308 JLINK_IsHalted()
T210C 036:754.204 - 0.898ms returns FALSE
T210C 036:754.312 JLINK_IsHalted()
T210C 036:754.664 - 0.350ms returns FALSE
T210C 036:863.352 JLINK_IsHalted()
T210C 036:863.868 - 0.514ms returns FALSE
T210C 036:863.928 JLINK_IsHalted()
T210C 036:864.328 - 0.400ms returns FALSE
T210C 036:972.508 JLINK_IsHalted()
T210C 036:973.060 - 0.550ms returns FALSE
T210C 036:973.136 JLINK_IsHalted()
T210C 036:973.500 - 0.364ms returns FALSE
T210C 037:081.336 JLINK_IsHalted()
T210C 037:081.864 - 0.523ms returns FALSE
T210C 037:081.936 JLINK_IsHalted()
T210C 037:082.264 - 0.326ms returns FALSE
T210C 037:191.312 JLINK_IsHalted()
T210C 037:191.880 - 0.570ms returns FALSE
T210C 037:191.928 JLINK_IsHalted()
T210C 037:192.288 - 0.357ms returns FALSE
T210C 037:300.448 JLINK_IsHalted()
T210C 037:301.412 - 0.962ms returns FALSE
T210C 037:301.564 JLINK_IsHalted()
T210C 037:302.184 - 0.621ms returns FALSE
T210C 037:409.384 JLINK_IsHalted()
T210C 037:410.152 - 0.768ms returns FALSE
T210C 037:410.404 JLINK_IsHalted()
T210C 037:410.920 - 0.514ms returns FALSE
T210C 037:519.404 JLINK_IsHalted()
T210C 037:520.104 - 0.708ms returns FALSE
T210C 037:520.392 JLINK_IsHalted()
T210C 037:520.856 - 0.462ms returns FALSE
T210C 037:628.404 JLINK_IsHalted()
T210C 037:628.864 - 0.459ms returns FALSE
T210C 037:628.940 JLINK_IsHalted()
T210C 037:629.256 - 0.313ms returns FALSE
T210C 037:738.348 JLINK_IsHalted()
T210C 037:738.860 - 0.520ms returns FALSE
T210C 037:738.904 JLINK_IsHalted()
T210C 037:739.316 - 0.413ms returns FALSE
T210C 037:847.368 JLINK_IsHalted()
T210C 037:847.848 - 0.477ms returns FALSE
T210C 037:847.896 JLINK_IsHalted()
T210C 037:848.224 - 0.329ms returns FALSE
T210C 037:956.408 JLINK_IsHalted()
T210C 037:957.212 - 0.807ms returns FALSE
T210C 037:957.368 JLINK_IsHalted()
T210C 037:957.780 - 0.412ms returns FALSE
T210C 038:066.408 JLINK_IsHalted()
T210C 038:066.904 - 0.494ms returns FALSE
T210C 038:066.952 JLINK_IsHalted()
T210C 038:067.428 - 0.473ms returns FALSE
T210C 038:175.348 JLINK_IsHalted()
T210C 038:176.052 - 0.701ms returns FALSE
T210C 038:176.200 JLINK_IsHalted()
T210C 038:176.620 - 0.419ms returns FALSE
T210C 038:285.400 JLINK_IsHalted()
T210C 038:286.080 - 0.680ms returns FALSE
T210C 038:286.168 JLINK_IsHalted()
T210C 038:286.656 - 0.483ms returns FALSE
T210C 038:394.332 JLINK_IsHalted()
T210C 038:394.980 - 0.645ms returns FALSE
T210C 038:395.024 JLINK_IsHalted()
T210C 038:395.356 - 0.331ms returns FALSE
T210C 038:503.288 JLINK_IsHalted()
T210C 038:503.784 - 0.495ms returns FALSE
T210C 038:503.840 JLINK_IsHalted()
T210C 038:504.188 - 0.349ms returns FALSE
T210C 038:613.352 JLINK_IsHalted()
T210C 038:613.908 - 0.553ms returns FALSE
T210C 038:613.984 JLINK_IsHalted()
T210C 038:614.328 - 0.346ms returns FALSE
T210C 038:722.328 JLINK_IsHalted()
T210C 038:722.840 - 0.512ms returns FALSE
T210C 038:722.920 JLINK_IsHalted()
T210C 038:723.256 - 0.333ms returns FALSE
T210C 038:831.400 JLINK_IsHalted()
T210C 038:831.880 - 0.478ms returns FALSE
T210C 038:831.928 JLINK_IsHalted()
T210C 038:832.256 - 0.327ms returns FALSE
T210C 038:941.288 JLINK_IsHalted()
T210C 038:941.764 - 0.472ms returns FALSE
T210C 038:941.816 JLINK_IsHalted()
T210C 038:942.164 - 0.350ms returns FALSE
T210C 039:050.388 JLINK_IsHalted()
T210C 039:050.832 - 0.443ms returns FALSE
T210C 039:050.872 JLINK_IsHalted()
T210C 039:051.208 - 0.331ms returns FALSE
T210C 039:159.416 JLINK_IsHalted()
T210C 039:159.960 - 0.539ms returns FALSE
T210C 039:160.012 JLINK_IsHalted()
T210C 039:160.388 - 0.373ms returns FALSE
T210C 039:269.372 JLINK_IsHalted()
T210C 039:269.988 - 0.615ms returns FALSE
T210C 039:270.060 JLINK_IsHalted()
T210C 039:270.492 - 0.430ms returns FALSE
T210C 039:378.344 JLINK_IsHalted()
T210C 039:379.076 - 0.730ms returns FALSE
T210C 039:379.164 JLINK_IsHalted()
T210C 039:379.552 - 0.386ms returns FALSE
T210C 039:488.384 JLINK_IsHalted()
T210C 039:489.020 - 0.634ms returns FALSE
T210C 039:489.216 JLINK_IsHalted()
T210C 039:489.896 - 0.681ms returns FALSE
T210C 039:597.292 JLINK_IsHalted()
T210C 039:597.764 - 0.466ms returns FALSE
T210C 039:597.848 JLINK_IsHalted()
T210C 039:598.184 - 0.333ms returns FALSE
T210C 039:706.456 JLINK_IsHalted()
T210C 039:707.120 - 0.663ms returns FALSE
T210C 039:707.232 JLINK_IsHalted()
T210C 039:707.776 - 0.544ms returns FALSE
T210C 039:816.384 JLINK_IsHalted()
T210C 039:816.856 - 0.470ms returns FALSE
T210C 039:816.952 JLINK_IsHalted()
T210C 039:817.304 - 0.357ms returns FALSE
T210C 039:925.356 JLINK_IsHalted()
T210C 039:926.136 - 0.775ms returns FALSE
T210C 039:926.304 JLINK_IsHalted()
T210C 039:926.904 - 0.601ms returns FALSE
T210C 040:034.372 JLINK_IsHalted()
T210C 040:035.112 - 0.741ms returns FALSE
T210C 040:035.256 JLINK_IsHalted()
T210C 040:035.996 - 0.739ms returns FALSE
T210C 040:144.424 JLINK_IsHalted()
T210C 040:145.436 - 1.016ms returns FALSE
T210C 040:145.592 JLINK_IsHalted()
T210C 040:147.060 - 1.463ms returns FALSE
T210C 040:253.396 JLINK_IsHalted()
T210C 040:254.292 - 0.895ms returns FALSE
T210C 040:254.588 JLINK_IsHalted()
T210C 040:255.244 - 0.655ms returns FALSE
T210C 040:363.352 JLINK_IsHalted()
T210C 040:363.940 - 0.589ms returns FALSE
T210C 040:364.016 JLINK_IsHalted()
T210C 040:364.400 - 0.383ms returns FALSE
T210C 040:472.380 JLINK_IsHalted()
T210C 040:472.856 - 0.471ms returns FALSE
T210C 040:472.932 JLINK_IsHalted()
T210C 040:473.260 - 0.326ms returns FALSE
T210C 040:581.276 JLINK_IsHalted()
T210C 040:581.724 - 0.445ms returns FALSE
T210C 040:581.800 JLINK_IsHalted()
T210C 040:582.136 - 0.338ms returns FALSE
T210C 040:691.412 JLINK_IsHalted()
T210C 040:691.880 - 0.468ms returns FALSE
T210C 040:691.960 JLINK_IsHalted()
T210C 040:692.304 - 0.341ms returns FALSE
T210C 040:800.320 JLINK_IsHalted()
T210C 040:800.880 - 0.549ms returns FALSE
T210C 040:800.948 JLINK_IsHalted()
T210C 040:801.388 - 0.442ms returns FALSE
T210C 040:909.364 JLINK_IsHalted()
T210C 040:909.828 - 0.464ms returns FALSE
T210C 040:909.912 JLINK_IsHalted()
T210C 040:910.416 - 0.506ms returns FALSE
T210C 041:019.360 JLINK_IsHalted()
T210C 041:019.832 - 0.469ms returns FALSE
T210C 041:019.908 JLINK_IsHalted()
T210C 041:020.424 - 0.517ms returns FALSE
T210C 041:128.340 JLINK_IsHalted()
T210C 041:128.852 - 0.512ms returns FALSE
T210C 041:128.936 JLINK_IsHalted()
T210C 041:129.292 - 0.356ms returns FALSE
T210C 041:238.536 JLINK_IsHalted()
T210C 041:239.092 - 0.553ms returns FALSE
T210C 041:239.160 JLINK_IsHalted()
T210C 041:239.620 - 0.457ms returns FALSE
T210C 041:347.508 JLINK_IsHalted()
T210C 041:348.276 - 0.767ms returns FALSE
T210C 041:348.396 JLINK_IsHalted()
T210C 041:348.888 - 0.491ms returns FALSE
T210C 041:456.436 JLINK_IsHalted()
T210C 041:457.268 - 0.833ms returns FALSE
T210C 041:457.340 JLINK_IsHalted()
T210C 041:457.916 - 0.576ms returns FALSE
T210C 041:566.424 JLINK_IsHalted()
T210C 041:567.112 - 0.682ms returns FALSE
T210C 041:567.232 JLINK_IsHalted()
T210C 041:567.856 - 0.622ms returns FALSE
T210C 041:675.388 JLINK_IsHalted()
T210C 041:676.056 - 0.664ms returns FALSE
T210C 041:676.136 JLINK_IsHalted()
T210C 041:676.520 - 0.383ms returns FALSE
T210C 041:784.360 JLINK_IsHalted()
T210C 041:784.876 - 0.486ms returns FALSE
T210C 041:784.936 JLINK_IsHalted()
T210C 041:785.272 - 0.327ms returns FALSE
T210C 041:894.348 JLINK_IsHalted()
T210C 041:894.852 - 0.502ms returns FALSE
T210C 041:894.932 JLINK_IsHalted()
T210C 041:895.300 - 0.366ms returns FALSE
T210C 042:003.368 JLINK_IsHalted()
T210C 042:003.888 - 0.515ms returns FALSE
T210C 042:003.972 JLINK_IsHalted()
T210C 042:004.440 - 0.468ms returns FALSE
T210C 042:113.400 JLINK_IsHalted()
T210C 042:114.168 - 0.764ms returns FALSE
T210C 042:114.248 JLINK_IsHalted()
T210C 042:114.988 - 0.738ms returns FALSE
T210C 042:222.408 JLINK_IsHalted()
T210C 042:223.588 - 1.178ms returns FALSE
T210C 042:223.724 JLINK_IsHalted()
T210C 042:224.116 - 0.387ms returns FALSE
T210C 042:331.416 JLINK_IsHalted()
T210C 042:331.900 - 0.480ms returns FALSE
T210C 042:331.972 JLINK_IsHalted()
T210C 042:332.308 - 0.332ms returns FALSE
T210C 042:441.276 JLINK_IsHalted()
T210C 042:441.864 - 0.586ms returns FALSE
T210C 042:441.944 JLINK_IsHalted()
T210C 042:442.292 - 0.347ms returns FALSE
T210C 042:550.336 JLINK_IsHalted()
T210C 042:550.924 - 0.586ms returns FALSE
T210C 042:550.992 JLINK_IsHalted()
T210C 042:551.400 - 0.403ms returns FALSE
T210C 042:659.368 JLINK_IsHalted()
T210C 042:659.852 - 0.481ms returns FALSE
T210C 042:659.940 JLINK_IsHalted()
T210C 042:660.316 - 0.374ms returns FALSE
T210C 042:769.352 JLINK_IsHalted()
T210C 042:769.896 - 0.544ms returns FALSE
T210C 042:769.948 JLINK_IsHalted()
T210C 042:770.380 - 0.432ms returns FALSE
T210C 042:878.416 JLINK_IsHalted()
T210C 042:878.936 - 0.520ms returns FALSE
T210C 042:879.020 JLINK_IsHalted()
T210C 042:879.400 - 0.378ms returns FALSE
T210C 042:988.348 JLINK_IsHalted()
T210C 042:988.896 - 0.546ms returns FALSE
T210C 042:988.984 JLINK_IsHalted()
T210C 042:989.352 - 0.367ms returns FALSE
T210C 043:097.460 JLINK_IsHalted()
T210C 043:097.976 - 0.513ms returns FALSE
T210C 043:098.032 JLINK_IsHalted()
T210C 043:098.380 - 0.349ms returns FALSE
T210C 043:206.336 JLINK_IsHalted()
T210C 043:206.872 - 0.535ms returns FALSE
T210C 043:206.948 JLINK_IsHalted()
T210C 043:207.312 - 0.364ms returns FALSE
T210C 043:315.968 JLINK_IsHalted()
T210C 043:316.568 - 0.597ms returns FALSE
T210C 043:316.644 JLINK_IsHalted()
T210C 043:317.044 - 0.397ms returns FALSE
T210C 043:425.916 JLINK_IsHalted()
T210C 043:426.536 - 0.617ms returns FALSE
T210C 043:426.616 JLINK_IsHalted()
T210C 043:427.084 - 0.466ms returns FALSE
T210C 043:534.872 JLINK_IsHalted()
T210C 043:535.552 - 0.681ms returns FALSE
T210C 043:535.640 JLINK_IsHalted()
T210C 043:536.084 - 0.444ms returns FALSE
T210C 043:643.976 JLINK_IsHalted()
T210C 043:644.568 - 0.596ms returns FALSE
T210C 043:644.704 JLINK_IsHalted()
T210C 043:645.108 - 0.403ms returns FALSE
T210C 043:753.992 JLINK_IsHalted()
T210C 043:754.632 - 0.638ms returns FALSE
T210C 043:754.728 JLINK_IsHalted()
T210C 043:755.172 - 0.441ms returns FALSE
T210C 043:862.964 JLINK_IsHalted()
T210C 043:863.472 - 0.509ms returns FALSE
T210C 043:863.528 JLINK_IsHalted()
T210C 043:863.920 - 0.389ms returns FALSE
T210C 043:971.944 JLINK_IsHalted()
T210C 043:972.836 - 0.894ms returns FALSE
T210C 043:972.888 JLINK_IsHalted()
T210C 043:973.232 - 0.343ms returns FALSE
T210C 044:082.060 JLINK_IsHalted()
T210C 044:082.664 - 0.603ms returns FALSE
T210C 044:082.752 JLINK_IsHalted()
T210C 044:083.228 - 0.475ms returns FALSE
T210C 044:190.868 JLINK_IsHalted()
T210C 044:191.328 - 0.459ms returns FALSE
T210C 044:191.400 JLINK_IsHalted()
T210C 044:191.704 - 0.307ms returns FALSE
T210C 044:300.916 JLINK_IsHalted()
T210C 044:301.476 - 0.559ms returns FALSE
T210C 044:301.540 JLINK_IsHalted()
T210C 044:301.880 - 0.339ms returns FALSE
T210C 044:409.924 JLINK_IsHalted()
T210C 044:410.736 - 0.810ms returns FALSE
T210C 044:410.840 JLINK_IsHalted()
T210C 044:411.240 - 0.404ms returns FALSE
T210C 044:518.936 JLINK_IsHalted()
T210C 044:519.404 - 0.469ms returns FALSE
T210C 044:519.456 JLINK_IsHalted()
T210C 044:519.800 - 0.343ms returns FALSE
T210C 044:628.920 JLINK_IsHalted()
T210C 044:629.448 - 0.526ms returns FALSE
T210C 044:629.548 JLINK_IsHalted()
T210C 044:629.880 - 0.327ms returns FALSE
T210C 044:737.888 JLINK_IsHalted()
T210C 044:738.468 - 0.579ms returns FALSE
T210C 044:738.568 JLINK_IsHalted()
T210C 044:739.056 - 0.484ms returns FALSE
T210C 044:846.932 JLINK_IsHalted()
T210C 044:847.456 - 0.525ms returns FALSE
T210C 044:847.540 JLINK_IsHalted()
T210C 044:847.880 - 0.338ms returns FALSE
T210C 044:956.968 JLINK_IsHalted()
T210C 044:957.472 - 0.505ms returns FALSE
T210C 044:957.528 JLINK_IsHalted()
T210C 044:957.880 - 0.355ms returns FALSE
T210C 045:065.996 JLINK_IsHalted()
T210C 045:066.496 - 0.499ms returns FALSE
T210C 045:066.572 JLINK_IsHalted()
T210C 045:066.904 - 0.328ms returns FALSE
T210C 045:175.964 JLINK_IsHalted()
T210C 045:176.928 - 0.964ms returns FALSE
T210C 045:177.024 JLINK_IsHalted()
T210C 045:177.376 - 0.351ms returns FALSE
T210C 045:284.904 JLINK_IsHalted()
T210C 045:285.388 - 0.487ms returns FALSE
T210C 045:285.444 JLINK_IsHalted()
T210C 045:285.800 - 0.356ms returns FALSE
T210C 045:394.008 JLINK_IsHalted()
T210C 045:394.448 - 0.437ms returns FALSE
T210C 045:394.520 JLINK_IsHalted()
T210C 045:394.860 - 0.338ms returns FALSE
T210C 045:503.964 JLINK_IsHalted()
T210C 045:504.664 - 0.696ms returns FALSE
T210C 045:504.820 JLINK_IsHalted()
T210C 045:505.744 - 0.877ms returns FALSE
T210C 045:612.992 JLINK_IsHalted()
T210C 045:614.128 - 1.134ms returns FALSE
T210C 045:614.248 JLINK_IsHalted()
T210C 045:614.608 - 0.362ms returns FALSE
T210C 045:721.904 JLINK_IsHalted()
T210C 045:722.408 - 0.502ms returns FALSE
T210C 045:722.452 JLINK_IsHalted()
T210C 045:722.800 - 0.350ms returns FALSE
T210C 045:831.940 JLINK_IsHalted()
T210C 045:832.448 - 0.509ms returns FALSE
T210C 045:832.504 JLINK_IsHalted()
T210C 045:832.852 - 0.348ms returns FALSE
T210C 045:941.016 JLINK_IsHalted()
T210C 045:941.560 - 0.544ms returns FALSE
T210C 045:941.608 JLINK_IsHalted()
T210C 045:941.944 - 0.333ms returns FALSE
T210C 046:050.908 JLINK_IsHalted()
T210C 046:051.392 - 0.481ms returns FALSE
T210C 046:051.472 JLINK_IsHalted()
T210C 046:051.820 - 0.349ms returns FALSE
T210C 046:159.976 JLINK_IsHalted()
T210C 046:160.756 - 0.778ms returns FALSE
T210C 046:160.896 JLINK_IsHalted()
T210C 046:161.560 - 0.659ms returns FALSE
T210C 046:268.964 JLINK_IsHalted()
T210C 046:269.740 - 0.776ms returns FALSE
T210C 046:269.900 JLINK_IsHalted()
T210C 046:270.412 - 0.513ms returns FALSE
T210C 046:378.896 JLINK_IsHalted()
T210C 046:379.560 - 0.658ms returns FALSE
T210C 046:379.652 JLINK_IsHalted()
T210C 046:380.132 - 0.478ms returns FALSE
T210C 046:487.896 JLINK_IsHalted()
T210C 046:488.428 - 0.530ms returns FALSE
T210C 046:488.516 JLINK_IsHalted()
T210C 046:488.880 - 0.362ms returns FALSE
T210C 046:596.960 JLINK_IsHalted()
T210C 046:597.448 - 0.483ms returns FALSE
T210C 046:597.512 JLINK_IsHalted()
T210C 046:597.848 - 0.331ms returns FALSE
T210C 046:706.996 JLINK_IsHalted()
T210C 046:707.440 - 0.444ms returns FALSE
T210C 046:707.520 JLINK_IsHalted()
T210C 046:707.840 - 0.321ms returns FALSE
T210C 046:815.976 JLINK_IsHalted()
T210C 046:816.580 - 0.599ms returns FALSE
T210C 046:816.712 JLINK_IsHalted()
T210C 046:817.236 - 0.523ms returns FALSE
T210C 046:925.960 JLINK_IsHalted()
T210C 046:926.472 - 0.513ms returns FALSE
T210C 046:926.524 JLINK_IsHalted()
T210C 046:926.844 - 0.321ms returns FALSE
T210C 047:034.912 JLINK_IsHalted()
T210C 047:035.524 - 0.610ms returns FALSE
T210C 047:035.608 JLINK_IsHalted()
T210C 047:036.044 - 0.436ms returns FALSE
T210C 047:143.964 JLINK_IsHalted()
T210C 047:144.524 - 0.557ms returns FALSE
T210C 047:144.584 JLINK_IsHalted()
T210C 047:145.040 - 0.451ms returns FALSE
T210C 047:253.928 JLINK_IsHalted()
T210C 047:254.588 - 0.643ms returns FALSE
T210C 047:254.720 JLINK_IsHalted()
T210C 047:255.196 - 0.475ms returns FALSE
T210C 047:363.096 JLINK_IsHalted()
T210C 047:363.924 - 0.824ms returns FALSE
T210C 047:364.040 JLINK_IsHalted()
T210C 047:364.724 - 0.684ms returns FALSE
T210C 047:471.924 JLINK_IsHalted()
T210C 047:472.568 - 0.645ms returns FALSE
T210C 047:472.648 JLINK_IsHalted()
T210C 047:473.104 - 0.453ms returns FALSE
T210C 047:581.952 JLINK_IsHalted()
T210C 047:582.568 - 0.615ms returns FALSE
T210C 047:582.648 JLINK_IsHalted()
T210C 047:583.056 - 0.409ms returns FALSE
T210C 047:690.880 JLINK_IsHalted()
T210C 047:691.424 - 0.542ms returns FALSE
T210C 047:691.464 JLINK_IsHalted()
T210C 047:691.788 - 0.327ms returns FALSE
T210C 047:800.940 JLINK_IsHalted()
T210C 047:801.440 - 0.495ms returns FALSE
T210C 047:801.488 JLINK_IsHalted()
T210C 047:801.816 - 0.323ms returns FALSE
T210C 047:909.960 JLINK_IsHalted()
T210C 047:910.488 - 0.530ms returns FALSE
T210C 047:910.608 JLINK_IsHalted()
T210C 047:910.984 - 0.375ms returns FALSE
T210C 048:018.996 JLINK_IsHalted()
T210C 048:019.472 - 0.475ms returns FALSE
T210C 048:019.552 JLINK_IsHalted()
T210C 048:019.912 - 0.358ms returns FALSE
T210C 048:128.984 JLINK_IsHalted()
T210C 048:129.636 - 0.651ms returns FALSE
T210C 048:129.792 JLINK_IsHalted()
T210C 048:130.416 - 0.621ms returns FALSE
T210C 048:238.036 JLINK_IsHalted()
T210C 048:238.664 - 0.630ms returns FALSE
T210C 048:238.768 JLINK_IsHalted()
T210C 048:239.168 - 0.401ms returns FALSE
T210C 048:346.980 JLINK_IsHalted()
T210C 048:347.496 - 0.516ms returns FALSE
T210C 048:347.560 JLINK_IsHalted()
T210C 048:348.008 - 0.450ms returns FALSE
T210C 048:456.952 JLINK_IsHalted()
T210C 048:457.524 - 0.570ms returns FALSE
T210C 048:457.576 JLINK_IsHalted()
T210C 048:457.996 - 0.424ms returns FALSE
T210C 048:565.944 JLINK_IsHalted()
T210C 048:566.436 - 0.489ms returns FALSE
T210C 048:566.520 JLINK_IsHalted()
T210C 048:566.868 - 0.348ms returns FALSE
T210C 048:675.896 JLINK_IsHalted()
T210C 048:676.456 - 0.556ms returns FALSE
T210C 048:676.520 JLINK_IsHalted()
T210C 048:676.888 - 0.364ms returns FALSE
T210C 048:784.968 JLINK_IsHalted()
T210C 048:785.500 - 0.528ms returns FALSE
T210C 048:785.560 JLINK_IsHalted()
T210C 048:785.912 - 0.351ms returns FALSE
T210C 048:893.944 JLINK_IsHalted()
T210C 048:894.736 - 0.778ms returns FALSE
T210C 048:894.836 JLINK_IsHalted()
T210C 048:895.328 - 0.494ms returns FALSE
T210C 049:003.976 JLINK_IsHalted()
T210C 049:004.688 - 0.712ms returns FALSE
T210C 049:004.744 JLINK_IsHalted()
T210C 049:005.236 - 0.490ms returns FALSE
T210C 049:112.968 JLINK_IsHalted()
T210C 049:113.536 - 0.566ms returns FALSE
T210C 049:113.608 JLINK_IsHalted()
T210C 049:113.980 - 0.372ms returns FALSE
T210C 049:221.916 JLINK_IsHalted()
T210C 049:222.808 - 0.890ms returns FALSE
T210C 049:223.212 JLINK_IsHalted()
T210C 049:223.992 - 0.775ms returns FALSE
T210C 049:331.992 JLINK_IsHalted()
T210C 049:332.492 - 0.498ms returns FALSE
T210C 049:332.596 JLINK_IsHalted()
T210C 049:332.968 - 0.371ms returns FALSE
T210C 049:440.952 JLINK_IsHalted()
T210C 049:441.704 - 0.752ms returns FALSE
T210C 049:441.780 JLINK_IsHalted()
T210C 049:442.372 - 0.592ms returns FALSE
T210C 049:551.032 JLINK_IsHalted()
T210C 049:551.800 - 0.763ms returns FALSE
T210C 049:551.940 JLINK_IsHalted()
T210C 049:552.552 - 0.614ms returns FALSE
T210C 049:659.984 JLINK_IsHalted()
T210C 049:660.540 - 0.555ms returns FALSE
T210C 049:660.672 JLINK_IsHalted()
T210C 049:661.180 - 0.507ms returns FALSE
T210C 049:768.880 JLINK_IsHalted()
T210C 049:769.412 - 0.531ms returns FALSE
T210C 049:769.456 JLINK_IsHalted()
T210C 049:769.784 - 0.328ms returns FALSE
T210C 049:878.896 JLINK_IsHalted()
T210C 049:879.400 - 0.502ms returns FALSE
T210C 049:879.456 JLINK_IsHalted()
T210C 049:879.808 - 0.352ms returns FALSE
T210C 049:987.952 JLINK_IsHalted()
T210C 049:988.568 - 0.614ms returns FALSE
T210C 049:988.712 JLINK_IsHalted()
T210C 049:989.220 - 0.508ms returns FALSE
T210C 050:096.960 JLINK_IsHalted()
T210C 050:097.508 - 0.546ms returns FALSE
T210C 050:097.560 JLINK_IsHalted()
T210C 050:098.040 - 0.481ms returns FALSE
T210C 050:206.916 JLINK_IsHalted()
T210C 050:207.544 - 0.625ms returns FALSE
T210C 050:207.620 JLINK_IsHalted()
T210C 050:207.976 - 0.357ms returns FALSE
T210C 050:316.000 JLINK_IsHalted()
T210C 050:316.700 - 0.698ms returns FALSE
T210C 050:316.800 JLINK_IsHalted()
T210C 050:317.232 - 0.431ms returns FALSE
T210C 050:425.992 JLINK_IsHalted()
T210C 050:426.580 - 0.585ms returns FALSE
T210C 050:426.660 JLINK_IsHalted()
T210C 050:427.064 - 0.403ms returns FALSE
T210C 050:534.872 JLINK_IsHalted()
T210C 050:535.416 - 0.539ms returns FALSE
T210C 050:535.472 JLINK_IsHalted()
T210C 050:535.804 - 0.332ms returns FALSE
T210C 050:643.972 JLINK_IsHalted()
T210C 050:644.492 - 0.521ms returns FALSE
T210C 050:644.548 JLINK_IsHalted()
T210C 050:644.888 - 0.339ms returns FALSE
T210C 050:753.944 JLINK_IsHalted()
T210C 050:754.436 - 0.487ms returns FALSE
T210C 050:754.512 JLINK_IsHalted()
T210C 050:754.860 - 0.346ms returns FALSE
T210C 050:862.928 JLINK_IsHalted()
T210C 050:863.404 - 0.478ms returns FALSE
T210C 050:863.488 JLINK_IsHalted()
T210C 050:863.868 - 0.378ms returns FALSE
T210C 050:971.948 JLINK_IsHalted()
T210C 050:972.564 - 0.613ms returns FALSE
T210C 050:972.664 JLINK_IsHalted()
T210C 050:973.252 - 0.585ms returns FALSE
T210C 051:081.904 JLINK_IsHalted()
T210C 051:082.412 - 0.506ms returns FALSE
T210C 051:082.504 JLINK_IsHalted()
T210C 051:082.832 - 0.329ms returns FALSE
T210C 051:191.064 JLINK_IsHalted()
T210C 051:194.228 - 3.161ms returns FALSE
T210C 051:194.528 JLINK_IsHalted()
T210C 051:195.648 - 1.116ms returns FALSE
T210C 051:300.948 JLINK_IsHalted()
T210C 051:301.788 - 0.840ms returns FALSE
T210C 051:301.988 JLINK_IsHalted()
T210C 051:302.584 - 0.597ms returns FALSE
T210C 051:409.952 JLINK_IsHalted()
T210C 051:410.540 - 0.587ms returns FALSE
T210C 051:410.680 JLINK_IsHalted()
T210C 051:411.192 - 0.506ms returns FALSE
T210C 051:518.956 JLINK_IsHalted()
T210C 051:519.788 - 0.831ms returns FALSE
T210C 051:519.980 JLINK_IsHalted()
T210C 051:520.564 - 0.581ms returns FALSE
T210C 051:629.048 JLINK_IsHalted()
T210C 051:629.952 - 0.902ms returns FALSE
T210C 051:630.056 JLINK_IsHalted()
T210C 051:631.184 - 1.130ms returns FALSE
T210C 051:737.924 JLINK_IsHalted()
T210C 051:738.468 - 0.542ms returns FALSE
T210C 051:738.528 JLINK_IsHalted()
T210C 051:739.008 - 0.478ms returns FALSE
T210C 051:846.952 JLINK_IsHalted()
T210C 051:847.432 - 0.477ms returns FALSE
T210C 051:847.524 JLINK_IsHalted()
T210C 051:847.960 - 0.438ms returns FALSE
T210C 051:956.936 JLINK_IsHalted()
T210C 051:957.528 - 0.594ms returns FALSE
T210C 051:957.624 JLINK_IsHalted()
T210C 051:958.068 - 0.442ms returns FALSE
T210C 052:065.928 JLINK_IsHalted()
T210C 052:067.016 - 1.083ms returns FALSE
T210C 052:067.092 JLINK_IsHalted()
T210C 052:067.472 - 0.379ms returns FALSE
T210C 052:175.916 JLINK_IsHalted()
T210C 052:176.568 - 0.651ms returns FALSE
T210C 052:176.684 JLINK_IsHalted()
T210C 052:177.088 - 0.402ms returns FALSE
T210C 052:284.908 JLINK_IsHalted()
T210C 052:285.396 - 0.485ms returns FALSE
T210C 052:285.480 JLINK_IsHalted()
T210C 052:285.824 - 0.346ms returns FALSE
T210C 052:393.896 JLINK_IsHalted()
T210C 052:394.380 - 0.486ms returns FALSE
T210C 052:394.492 JLINK_IsHalted()
T210C 052:394.824 - 0.328ms returns FALSE
T210C 052:503.944 JLINK_IsHalted()
T210C 052:504.420 - 0.470ms returns FALSE
T210C 052:504.496 JLINK_IsHalted()
T210C 052:504.820 - 0.322ms returns FALSE
T210C 052:612.952 JLINK_IsHalted()
T210C 052:613.492 - 0.535ms returns FALSE
T210C 052:613.612 JLINK_IsHalted()
T210C 052:614.020 - 0.404ms returns FALSE
T210C 052:722.092 JLINK_IsHalted()
T210C 052:723.176 - 1.085ms returns FALSE
T210C 052:723.368 JLINK_IsHalted()
T210C 052:724.116 - 0.742ms returns FALSE
T210C 052:832.020 JLINK_IsHalted()
T210C 052:832.616 - 0.592ms returns FALSE
T210C 052:832.684 JLINK_IsHalted()
T210C 052:833.164 - 0.479ms returns FALSE
T210C 052:941.016 JLINK_IsHalted()
T210C 052:941.592 - 0.578ms returns FALSE
T210C 052:941.656 JLINK_IsHalted()
T210C 052:942.076 - 0.422ms returns FALSE
T210C 053:050.044 JLINK_IsHalted()
T210C 053:050.772 - 0.723ms returns FALSE
T210C 053:050.904 JLINK_IsHalted()
T210C 053:051.428 - 0.523ms returns FALSE
T210C 053:160.056 JLINK_IsHalted()
T210C 053:160.724 - 0.667ms returns FALSE
T210C 053:160.792 JLINK_IsHalted()
T210C 053:161.188 - 0.392ms returns FALSE
T210C 053:269.116 JLINK_IsHalted()
T210C 053:269.944 - 0.828ms returns FALSE
T210C 053:270.076 JLINK_IsHalted()
T210C 053:270.632 - 0.551ms returns FALSE
T210C 053:379.080 JLINK_IsHalted()
T210C 053:379.644 - 0.567ms returns FALSE
T210C 053:379.712 JLINK_IsHalted()
T210C 053:380.080 - 0.368ms returns FALSE
T210C 053:488.104 JLINK_IsHalted()
T210C 053:488.696 - 0.591ms returns FALSE
T210C 053:488.776 JLINK_IsHalted()
T210C 053:489.208 - 0.429ms returns FALSE
T210C 053:597.096 JLINK_IsHalted()
T210C 053:597.868 - 0.771ms returns FALSE
T210C 053:597.956 JLINK_IsHalted()
T210C 053:598.404 - 0.448ms returns FALSE
T210C 053:707.112 JLINK_IsHalted()
T210C 053:707.628 - 0.516ms returns FALSE
T210C 053:707.688 JLINK_IsHalted()
T210C 053:708.172 - 0.484ms returns FALSE
T210C 053:815.992 JLINK_IsHalted()
T210C 053:816.468 - 0.470ms returns FALSE
T210C 053:816.544 JLINK_IsHalted()
T210C 053:816.872 - 0.326ms returns FALSE
T210C 053:925.004 JLINK_IsHalted()
T210C 053:925.516 - 0.512ms returns FALSE
T210C 053:925.568 JLINK_IsHalted()
T210C 053:925.952 - 0.384ms returns FALSE
T210C 054:035.080 JLINK_IsHalted()
T210C 054:035.668 - 0.584ms returns FALSE
T210C 054:035.756 JLINK_IsHalted()
T210C 054:036.128 - 0.376ms returns FALSE
T210C 054:144.104 JLINK_IsHalted()
T210C 054:144.696 - 0.591ms returns FALSE
T210C 054:144.820 JLINK_IsHalted()
T210C 054:145.224 - 0.402ms returns FALSE
T210C 054:254.004 JLINK_IsHalted()
T210C 054:254.504 - 0.494ms returns FALSE
T210C 054:254.580 JLINK_IsHalted()
T210C 054:254.952 - 0.369ms returns FALSE
T210C 054:363.060 JLINK_IsHalted()
T210C 054:363.572 - 0.509ms returns FALSE
T210C 054:363.640 JLINK_IsHalted()
T210C 054:364.040 - 0.396ms returns FALSE
T210C 054:472.032 JLINK_IsHalted()
T210C 054:472.608 - 0.572ms returns FALSE
T210C 054:472.748 JLINK_IsHalted()
T210C 054:473.184 - 0.439ms returns FALSE
T210C 054:582.068 JLINK_IsHalted()
T210C 054:582.700 - 0.605ms returns FALSE
T210C 054:582.772 JLINK_IsHalted()
T210C 054:583.180 - 0.408ms returns FALSE
T210C 054:691.048 JLINK_IsHalted()
T210C 054:692.140 - 1.095ms returns FALSE
T210C 054:692.212 JLINK_IsHalted()
T210C 054:692.632 - 0.418ms returns FALSE
T210C 054:800.056 JLINK_IsHalted()
T210C 054:800.736 - 0.672ms returns FALSE
T210C 054:800.820 JLINK_IsHalted()
T210C 054:801.300 - 0.480ms returns FALSE
T210C 054:910.080 JLINK_IsHalted()
T210C 054:910.636 - 0.557ms returns FALSE
T210C 054:910.700 JLINK_IsHalted()
T210C 054:911.160 - 0.457ms returns FALSE
T210C 055:019.052 JLINK_IsHalted()
T210C 055:019.592 - 0.534ms returns FALSE
T210C 055:019.700 JLINK_IsHalted()
T210C 055:020.160 - 0.459ms returns FALSE
T210C 055:129.036 JLINK_IsHalted()
T210C 055:129.580 - 0.543ms returns FALSE
T210C 055:129.688 JLINK_IsHalted()
T210C 055:130.068 - 0.380ms returns FALSE
T210C 055:238.048 JLINK_IsHalted()
T210C 055:238.624 - 0.562ms returns FALSE
T210C 055:238.696 JLINK_IsHalted()
T210C 055:239.128 - 0.434ms returns FALSE
T210C 055:347.096 JLINK_IsHalted()
T210C 055:347.860 - 0.760ms returns FALSE
T210C 055:347.988 JLINK_IsHalted()
T210C 055:348.488 - 0.500ms returns FALSE
T210C 055:457.032 JLINK_IsHalted()
T210C 055:457.640 - 0.604ms returns FALSE
T210C 055:457.704 JLINK_IsHalted()
T210C 055:458.104 - 0.398ms returns FALSE
T210C 055:566.056 JLINK_IsHalted()
T210C 055:567.060 - 1.003ms returns FALSE
T210C 055:567.156 JLINK_IsHalted()
T210C 055:567.512 - 0.358ms returns FALSE
T210C 055:675.008 JLINK_IsHalted()
T210C 055:675.572 - 0.560ms returns FALSE
T210C 055:675.628 JLINK_IsHalted()
T210C 055:675.980 - 0.353ms returns FALSE
T210C 055:785.064 JLINK_IsHalted()
T210C 055:785.836 - 0.769ms returns FALSE
T210C 055:785.952 JLINK_IsHalted()
T210C 055:786.464 - 0.511ms returns FALSE
T210C 055:894.104 JLINK_IsHalted()
T210C 055:894.688 - 0.584ms returns FALSE
T210C 055:894.796 JLINK_IsHalted()
T210C 055:895.212 - 0.413ms returns FALSE
T210C 056:004.052 JLINK_IsHalted()
T210C 056:004.844 - 0.791ms returns FALSE
T210C 056:004.948 JLINK_IsHalted()
T210C 056:005.364 - 0.413ms returns FALSE
T210C 056:113.048 JLINK_IsHalted()
T210C 056:113.624 - 0.568ms returns FALSE
T210C 056:113.720 JLINK_IsHalted()
T210C 056:114.104 - 0.388ms returns FALSE
T210C 056:222.072 JLINK_IsHalted()
T210C 056:222.840 - 0.765ms returns FALSE
T210C 056:222.976 JLINK_IsHalted()
T210C 056:223.532 - 0.556ms returns FALSE
T210C 056:332.056 JLINK_IsHalted()
T210C 056:332.616 - 0.553ms returns FALSE
T210C 056:332.672 JLINK_IsHalted()
T210C 056:333.044 - 0.370ms returns FALSE
T210C 056:441.064 JLINK_IsHalted()
T210C 056:441.752 - 0.691ms returns FALSE
T210C 056:441.896 JLINK_IsHalted()
T210C 056:442.336 - 0.436ms returns FALSE
T210C 056:550.040 JLINK_IsHalted()
T210C 056:550.688 - 0.651ms returns FALSE
T210C 056:550.784 JLINK_IsHalted()
T210C 056:551.544 - 0.761ms returns FALSE
T210C 056:660.040 JLINK_IsHalted()
T210C 056:660.856 - 0.818ms returns FALSE
T210C 056:660.940 JLINK_IsHalted()
T210C 056:661.356 - 0.417ms returns FALSE
T210C 056:769.044 JLINK_IsHalted()
T210C 056:770.164 - 1.121ms returns FALSE
T210C 056:770.228 JLINK_IsHalted()
T210C 056:770.648 - 0.420ms returns FALSE
T210C 056:879.032 JLINK_IsHalted()
T210C 056:879.628 - 0.594ms returns FALSE
T210C 056:879.704 JLINK_IsHalted()
T210C 056:880.104 - 0.398ms returns FALSE
T210C 056:988.044 JLINK_IsHalted()
T210C 056:988.600 - 0.557ms returns FALSE
T210C 056:988.660 JLINK_IsHalted()
T210C 056:989.096 - 0.433ms returns FALSE
T210C 057:097.096 JLINK_IsHalted()
T210C 057:097.652 - 0.561ms returns FALSE
T210C 057:097.720 JLINK_IsHalted()
T210C 057:098.164 - 0.426ms returns FALSE
T210C 057:207.052 JLINK_IsHalted()
T210C 057:207.592 - 0.541ms returns FALSE
T210C 057:207.668 JLINK_IsHalted()
T210C 057:208.072 - 0.400ms returns FALSE
T210C 057:316.056 JLINK_IsHalted()
T210C 057:316.652 - 0.591ms returns FALSE
T210C 057:316.716 JLINK_IsHalted()
T210C 057:317.100 - 0.383ms returns FALSE
T210C 057:425.068 JLINK_IsHalted()
T210C 057:425.612 - 0.543ms returns FALSE
T210C 057:425.708 JLINK_IsHalted()
T210C 057:426.100 - 0.391ms returns FALSE
T210C 057:534.996 JLINK_IsHalted()
T210C 057:535.508 - 0.511ms returns FALSE
T210C 057:535.564 JLINK_IsHalted()
T210C 057:535.956 - 0.391ms returns FALSE
T210C 057:644.084 JLINK_IsHalted()
T210C 057:644.884 - 0.798ms returns FALSE
T210C 057:644.960 JLINK_IsHalted()
T210C 057:645.428 - 0.466ms returns FALSE
T210C 057:754.008 JLINK_IsHalted()
T210C 057:754.636 - 0.624ms returns FALSE
T210C 057:754.708 JLINK_IsHalted()
T210C 057:755.136 - 0.428ms returns FALSE
T210C 057:863.084 JLINK_IsHalted()
T210C 057:863.656 - 0.572ms returns FALSE
T210C 057:863.720 JLINK_IsHalted()
T210C 057:864.120 - 0.403ms returns FALSE
T210C 057:972.020 JLINK_IsHalted()
T210C 057:972.632 - 0.612ms returns FALSE
T210C 057:972.712 JLINK_IsHalted()
T210C 057:973.196 - 0.486ms returns FALSE
T210C 058:082.088 JLINK_IsHalted()
T210C 058:082.604 - 0.521ms returns FALSE
T210C 058:082.732 JLINK_IsHalted()
T210C 058:083.124 - 0.391ms returns FALSE
T210C 058:191.052 JLINK_IsHalted()
T210C 058:191.720 - 0.669ms returns FALSE
T210C 058:191.816 JLINK_IsHalted()
T210C 058:192.276 - 0.459ms returns FALSE
T210C 058:300.108 JLINK_IsHalted()
T210C 058:300.768 - 0.655ms returns FALSE
T210C 058:300.920 JLINK_IsHalted()
T210C 058:301.484 - 0.561ms returns FALSE
T210C 058:410.060 JLINK_IsHalted()
T210C 058:410.764 - 0.701ms returns FALSE
T210C 058:410.936 JLINK_IsHalted()
T210C 058:411.512 - 0.573ms returns FALSE
T210C 058:519.048 JLINK_IsHalted()
T210C 058:519.832 - 0.786ms returns FALSE
T210C 058:520.000 JLINK_IsHalted()
T210C 058:521.736 - 1.734ms returns FALSE
T210C 058:629.044 JLINK_IsHalted()
T210C 058:629.832 - 0.786ms returns FALSE
T210C 058:630.040 JLINK_IsHalted()
T210C 058:630.688 - 0.646ms returns FALSE
T210C 058:738.072 JLINK_IsHalted()
T210C 058:738.688 - 0.615ms returns FALSE
T210C 058:738.764 JLINK_IsHalted()
T210C 058:739.168 - 0.402ms returns FALSE
T210C 058:847.020 JLINK_IsHalted()
T210C 058:847.704 - 0.685ms returns FALSE
T210C 058:847.820 JLINK_IsHalted()
T210C 058:848.288 - 0.461ms returns FALSE
T210C 058:957.048 JLINK_IsHalted()
T210C 058:957.824 - 0.777ms returns FALSE
T210C 058:957.944 JLINK_IsHalted()
T210C 058:958.552 - 0.604ms returns FALSE
T210C 059:066.088 JLINK_IsHalted()
T210C 059:066.668 - 0.580ms returns FALSE
T210C 059:066.740 JLINK_IsHalted()
T210C 059:067.128 - 0.390ms returns FALSE
T210C 059:175.048 JLINK_IsHalted()
T210C 059:175.720 - 0.669ms returns FALSE
T210C 059:175.820 JLINK_IsHalted()
T210C 059:176.204 - 0.387ms returns FALSE
T210C 059:285.032 JLINK_IsHalted()
T210C 059:285.720 - 0.691ms returns FALSE
T210C 059:285.868 JLINK_IsHalted()
T210C 059:286.452 - 0.584ms returns FALSE
T210C 059:394.028 JLINK_IsHalted()
T210C 059:394.924 - 0.893ms returns FALSE
T210C 059:395.040 JLINK_IsHalted()
T210C 059:395.520 - 0.476ms returns FALSE
T210C 059:503.112 JLINK_IsHalted()
T210C 059:503.668 - 0.556ms returns FALSE
T210C 059:503.736 JLINK_IsHalted()
T210C 059:504.128 - 0.389ms returns FALSE
T210C 059:613.108 JLINK_IsHalted()
T210C 059:613.688 - 0.578ms returns FALSE
T210C 059:613.792 JLINK_IsHalted()
T210C 059:614.168 - 0.379ms returns FALSE
T210C 059:722.080 JLINK_IsHalted()
T210C 059:722.712 - 0.624ms returns FALSE
T210C 059:722.792 JLINK_IsHalted()
T210C 059:723.244 - 0.451ms returns FALSE
T210C 059:832.096 JLINK_IsHalted()
T210C 059:832.864 - 0.766ms returns FALSE
T210C 059:833.036 JLINK_IsHalted()
T210C 059:833.684 - 0.641ms returns FALSE
T210C 059:941.100 JLINK_IsHalted()
T210C 059:941.816 - 0.721ms returns FALSE
T210C 059:941.944 JLINK_IsHalted()
T210C 059:943.640 - 1.697ms returns FALSE
T210C 060:050.104 JLINK_IsHalted()
T210C 060:050.964 - 0.855ms returns FALSE
T210C 060:051.176 JLINK_IsHalted()
T210C 060:051.872 - 0.695ms returns FALSE
T210C 060:160.116 JLINK_IsHalted()
T210C 060:160.884 - 0.765ms returns FALSE
T210C 060:161.044 JLINK_IsHalted()
T210C 060:161.704 - 0.658ms returns FALSE
T210C 060:269.100 JLINK_IsHalted()
T210C 060:269.912 - 0.817ms returns FALSE
T210C 060:270.120 JLINK_IsHalted()
T210C 060:270.708 - 0.592ms returns FALSE
T210C 060:378.124 JLINK_IsHalted()
T210C 060:378.732 - 0.603ms returns FALSE
T210C 060:378.856 JLINK_IsHalted()
T210C 060:379.336 - 0.482ms returns FALSE
T210C 060:488.064 JLINK_IsHalted()
T210C 060:488.680 - 0.603ms returns FALSE
T210C 060:488.748 JLINK_IsHalted()
T210C 060:489.172 - 0.420ms returns FALSE
T210C 060:597.068 JLINK_IsHalted()
T210C 060:597.620 - 0.551ms returns FALSE
T210C 060:597.688 JLINK_IsHalted()
T210C 060:598.092 - 0.398ms returns FALSE
T210C 060:707.092 JLINK_IsHalted()
T210C 060:707.768 - 0.678ms returns FALSE
T210C 060:707.872 JLINK_IsHalted()
T210C 060:708.288 - 0.417ms returns FALSE
T210C 060:816.116 JLINK_IsHalted()
T210C 060:816.736 - 0.622ms returns FALSE
T210C 060:816.820 JLINK_IsHalted()
T210C 060:817.208 - 0.390ms returns FALSE
T210C 060:925.128 JLINK_IsHalted()
T210C 060:925.804 - 0.676ms returns FALSE
T210C 060:925.908 JLINK_IsHalted()
T210C 060:926.368 - 0.460ms returns FALSE
T210C 061:035.064 JLINK_IsHalted()
T210C 061:035.680 - 0.618ms returns FALSE
T210C 061:035.744 JLINK_IsHalted()
T210C 061:036.136 - 0.385ms returns FALSE
T210C 061:144.084 JLINK_IsHalted()
T210C 061:144.864 - 0.785ms returns FALSE
T210C 061:144.968 JLINK_IsHalted()
T210C 061:145.460 - 0.487ms returns FALSE
T210C 061:253.100 JLINK_IsHalted()
T210C 061:253.684 - 0.581ms returns FALSE
T210C 061:253.760 JLINK_IsHalted()
T210C 061:254.136 - 0.380ms returns FALSE
T210C 061:363.128 JLINK_IsHalted()
T210C 061:364.468 - 1.335ms returns FALSE
T210C 061:364.576 JLINK_IsHalted()
T210C 061:365.032 - 0.452ms returns FALSE
T210C 061:472.076 JLINK_IsHalted()
T210C 061:472.620 - 0.546ms returns FALSE
T210C 061:472.728 JLINK_IsHalted()
T210C 061:473.132 - 0.402ms returns FALSE
T210C 061:582.092 JLINK_IsHalted()
T210C 061:582.616 - 0.523ms returns FALSE
T210C 061:582.712 JLINK_IsHalted()
T210C 061:583.084 - 0.367ms returns FALSE
T210C 061:691.096 JLINK_IsHalted()
T210C 061:691.672 - 0.575ms returns FALSE
T210C 061:691.768 JLINK_IsHalted()
T210C 061:692.152 - 0.383ms returns FALSE
T210C 061:800.096 JLINK_IsHalted()
T210C 061:800.904 - 0.800ms returns FALSE
T210C 061:801.048 JLINK_IsHalted()
T210C 061:801.544 - 0.493ms returns FALSE
T210C 061:910.144 JLINK_IsHalted()
T210C 061:911.032 - 0.889ms returns FALSE
T210C 061:911.340 JLINK_IsHalted()
T210C 061:912.120 - 0.775ms returns FALSE
T210C 062:019.104 JLINK_IsHalted()
T210C 062:019.736 - 0.632ms returns FALSE
T210C 062:019.816 JLINK_IsHalted()
T210C 062:020.224 - 0.407ms returns FALSE
T210C 062:128.072 JLINK_IsHalted()
T210C 062:128.672 - 0.602ms returns FALSE
T210C 062:128.760 JLINK_IsHalted()
T210C 062:129.160 - 0.397ms returns FALSE
T210C 062:238.112 JLINK_IsHalted()
T210C 062:238.656 - 0.541ms returns FALSE
T210C 062:238.760 JLINK_IsHalted()
T210C 062:239.148 - 0.389ms returns FALSE
T210C 062:347.064 JLINK_IsHalted()
T210C 062:347.616 - 0.553ms returns FALSE
T210C 062:347.720 JLINK_IsHalted()
T210C 062:348.136 - 0.414ms returns FALSE
T210C 062:457.080 JLINK_IsHalted()
T210C 062:457.704 - 0.624ms returns FALSE
T210C 062:457.868 JLINK_IsHalted()
T210C 062:458.400 - 0.526ms returns FALSE
T210C 062:566.144 JLINK_IsHalted()
T210C 062:567.048 - 0.901ms returns FALSE
T210C 062:567.144 JLINK_IsHalted()
T210C 062:567.816 - 0.670ms returns FALSE
T210C 062:675.272 JLINK_IsHalted()
T210C 062:676.384 - 1.113ms returns FALSE
T210C 062:676.652 JLINK_IsHalted()
T210C 062:677.256 - 0.598ms returns FALSE
T210C 062:785.100 JLINK_IsHalted()
T210C 062:785.832 - 0.726ms returns FALSE
T210C 062:785.908 JLINK_IsHalted()
T210C 062:786.376 - 0.467ms returns FALSE
T210C 062:894.100 JLINK_IsHalted()
T210C 062:894.828 - 0.730ms returns FALSE
T210C 062:894.944 JLINK_IsHalted()
T210C 062:895.468 - 0.519ms returns FALSE
T210C 063:003.092 JLINK_IsHalted()
T210C 063:003.724 - 0.628ms returns FALSE
T210C 063:003.864 JLINK_IsHalted()
T210C 063:004.320 - 0.451ms returns FALSE
T210C 063:113.068 JLINK_IsHalted()
T210C 063:113.676 - 0.603ms returns FALSE
T210C 063:113.792 JLINK_IsHalted()
T210C 063:114.260 - 0.467ms returns FALSE
T210C 063:222.088 JLINK_IsHalted()
T210C 063:222.840 - 0.754ms returns FALSE
T210C 063:223.020 JLINK_IsHalted()
T210C 063:223.532 - 0.511ms returns FALSE
T210C 063:332.096 JLINK_IsHalted()
T210C 063:333.088 - 0.990ms returns FALSE
T210C 063:333.428 JLINK_IsHalted()
T210C 063:334.196 - 0.765ms returns FALSE
T210C 063:441.112 JLINK_IsHalted()
T210C 063:442.152 - 1.035ms returns FALSE
T210C 063:442.280 JLINK_IsHalted()
T210C 063:442.848 - 0.563ms returns FALSE
T210C 063:550.080 JLINK_IsHalted()
T210C 063:550.680 - 0.600ms returns FALSE
T210C 063:550.796 JLINK_IsHalted()
T210C 063:551.224 - 0.416ms returns FALSE
T210C 063:660.108 JLINK_IsHalted()
T210C 063:660.872 - 0.759ms returns FALSE
T210C 063:660.984 JLINK_IsHalted()
T210C 063:661.448 - 0.458ms returns FALSE
T210C 063:769.120 JLINK_IsHalted()
T210C 063:769.848 - 0.731ms returns FALSE
T210C 063:769.996 JLINK_IsHalted()
T210C 063:770.508 - 0.508ms returns FALSE
T210C 063:879.096 JLINK_IsHalted()
T210C 063:879.700 - 0.601ms returns FALSE
T210C 063:879.872 JLINK_IsHalted()
T210C 063:880.344 - 0.469ms returns FALSE
T210C 063:988.104 JLINK_IsHalted()
T210C 063:988.724 - 0.621ms returns FALSE
T210C 063:988.808 JLINK_IsHalted()
T210C 063:989.260 - 0.451ms returns FALSE
T210C 064:097.064 JLINK_IsHalted()
T210C 064:097.696 - 0.633ms returns FALSE
T210C 064:097.768 JLINK_IsHalted()
T210C 064:098.196 - 0.430ms returns FALSE
T210C 064:207.096 JLINK_IsHalted()
T210C 064:208.056 - 0.958ms returns FALSE
T210C 064:208.232 JLINK_IsHalted()
T210C 064:208.820 - 0.585ms returns FALSE
T210C 064:316.120 JLINK_IsHalted()
T210C 064:316.968 - 0.843ms returns FALSE
T210C 064:317.076 JLINK_IsHalted()
T210C 064:317.560 - 0.482ms returns FALSE
T210C 064:425.140 JLINK_IsHalted()
T210C 064:425.908 - 0.770ms returns FALSE
T210C 064:426.068 JLINK_IsHalted()
T210C 064:426.636 - 0.573ms returns FALSE
T210C 064:535.092 JLINK_IsHalted()
T210C 064:535.864 - 0.774ms returns FALSE
T210C 064:536.008 JLINK_IsHalted()
T210C 064:536.576 - 0.566ms returns FALSE
T210C 064:644.120 JLINK_IsHalted()
T210C 064:644.800 - 0.674ms returns FALSE
T210C 064:644.872 JLINK_IsHalted()
T210C 064:645.324 - 0.440ms returns FALSE
T210C 064:753.096 JLINK_IsHalted()
T210C 064:753.748 - 0.650ms returns FALSE
T210C 064:753.896 JLINK_IsHalted()
T210C 064:754.440 - 0.543ms returns FALSE
T210C 064:863.096 JLINK_IsHalted()
T210C 064:863.816 - 0.715ms returns FALSE
T210C 064:863.948 JLINK_IsHalted()
T210C 064:864.500 - 0.547ms returns FALSE
T210C 064:972.072 JLINK_IsHalted()
T210C 064:972.888 - 0.818ms returns FALSE
T210C 064:973.036 JLINK_IsHalted()
T210C 064:973.592 - 0.555ms returns FALSE
T210C 065:082.100 JLINK_IsHalted()
T210C 065:082.796 - 0.698ms returns FALSE
T210C 065:082.868 JLINK_IsHalted()
T210C 065:083.304 - 0.436ms returns FALSE
T210C 065:191.092 JLINK_IsHalted()
T210C 065:191.828 - 0.730ms returns FALSE
T210C 065:191.944 JLINK_IsHalted()
T210C 065:192.424 - 0.465ms returns FALSE
T210C 065:300.104 JLINK_IsHalted()
T210C 065:300.744 - 0.633ms returns FALSE
T210C 065:300.888 JLINK_IsHalted()
T210C 065:301.408 - 0.518ms returns FALSE
T210C 065:410.112 JLINK_IsHalted()
T210C 065:410.792 - 0.677ms returns FALSE
T210C 065:410.952 JLINK_IsHalted()
T210C 065:411.400 - 0.450ms returns FALSE
T210C 065:519.156 JLINK_IsHalted()
T210C 065:519.840 - 0.685ms returns FALSE
T210C 065:520.000 JLINK_IsHalted()
T210C 065:520.620 - 0.617ms returns FALSE
T210C 065:628.120 JLINK_IsHalted()
T210C 065:628.696 - 0.573ms returns FALSE
T210C 065:628.808 JLINK_IsHalted()
T210C 065:629.208 - 0.403ms returns FALSE
T210C 065:738.124 JLINK_IsHalted()
T210C 065:738.664 - 0.541ms returns FALSE
T210C 065:738.720 JLINK_IsHalted()
T210C 065:739.112 - 0.391ms returns FALSE
T210C 065:847.084 JLINK_IsHalted()
T210C 065:847.784 - 0.698ms returns FALSE
T210C 065:847.912 JLINK_IsHalted()
T210C 065:848.312 - 0.404ms returns FALSE
T210C 065:957.088 JLINK_IsHalted()
T210C 065:957.688 - 0.600ms returns FALSE
T210C 065:957.784 JLINK_IsHalted()
T210C 065:958.284 - 0.497ms returns FALSE
T210C 066:066.132 JLINK_IsHalted()
T210C 066:066.712 - 0.582ms returns FALSE
T210C 066:066.828 JLINK_IsHalted()
T210C 066:067.276 - 0.447ms returns FALSE
T210C 066:175.116 JLINK_IsHalted()
T210C 066:176.032 - 0.915ms returns FALSE
T210C 066:176.216 JLINK_IsHalted()
T210C 066:176.808 - 0.588ms returns FALSE
T210C 066:285.108 JLINK_IsHalted()
T210C 066:285.752 - 0.647ms returns FALSE
T210C 066:285.880 JLINK_IsHalted()
T210C 066:286.296 - 0.419ms returns FALSE
T210C 066:394.072 JLINK_IsHalted()
T210C 066:394.696 - 0.615ms returns FALSE
T210C 066:394.808 JLINK_IsHalted()
T210C 066:395.296 - 0.482ms returns FALSE
T210C 066:503.104 JLINK_IsHalted()
T210C 066:503.800 - 0.700ms returns FALSE
T210C 066:503.896 JLINK_IsHalted()
T210C 066:504.416 - 0.520ms returns FALSE
T210C 066:613.100 JLINK_IsHalted()
T210C 066:613.784 - 0.680ms returns FALSE
T210C 066:613.864 JLINK_IsHalted()
T210C 066:614.304 - 0.442ms returns FALSE
T210C 066:722.060 JLINK_IsHalted()
T210C 066:722.664 - 0.598ms returns FALSE
T210C 066:722.816 JLINK_IsHalted()
T210C 066:723.328 - 0.515ms returns FALSE
T210C 066:832.108 JLINK_IsHalted()
T210C 066:833.664 - 1.558ms returns FALSE
T210C 066:833.768 JLINK_IsHalted()
T210C 066:834.260 - 0.493ms returns FALSE
T210C 066:941.080 JLINK_IsHalted()
T210C 066:941.824 - 0.741ms returns FALSE
T210C 066:941.996 JLINK_IsHalted()
T210C 066:942.520 - 0.527ms returns FALSE
T210C 067:050.120 JLINK_IsHalted()
T210C 067:050.828 - 0.707ms returns FALSE
T210C 067:050.996 JLINK_IsHalted()
T210C 067:051.604 - 0.604ms returns FALSE
T210C 067:160.112 JLINK_IsHalted()
T210C 067:161.104 - 0.989ms returns FALSE
T210C 067:161.272 JLINK_IsHalted()
T210C 067:161.840 - 0.560ms returns FALSE
T210C 067:269.088 JLINK_IsHalted()
T210C 067:269.808 - 0.717ms returns FALSE
T210C 067:269.936 JLINK_IsHalted()
T210C 067:270.416 - 0.489ms returns FALSE
T210C 067:378.752 JLINK_IsHalted()
T210C 067:379.464 - 0.710ms returns FALSE
T210C 067:379.584 JLINK_IsHalted()
T210C 067:380.112 - 0.518ms returns FALSE
T210C 067:487.792 JLINK_IsHalted()
T210C 067:488.472 - 0.683ms returns FALSE
T210C 067:488.552 JLINK_IsHalted()
T210C 067:489.008 - 0.460ms returns FALSE
T210C 067:597.064 JLINK_IsHalted()
T210C 067:597.784 - 0.723ms returns FALSE
T210C 067:597.904 JLINK_IsHalted()
T210C 067:598.416 - 0.505ms returns FALSE
T210C 067:706.352 JLINK_IsHalted()
T210C 067:706.984 - 0.625ms returns FALSE
T210C 067:707.120 JLINK_IsHalted()
T210C 067:707.600 - 0.485ms returns FALSE
T210C 067:816.592 JLINK_IsHalted()
T210C 067:817.384 - 0.791ms returns FALSE
T210C 067:817.544 JLINK_IsHalted()
T210C 067:818.120 - 0.571ms returns FALSE
T210C 067:925.600 JLINK_IsHalted()
T210C 067:926.216 - 0.617ms returns FALSE
T210C 067:926.312 JLINK_IsHalted()
T210C 067:926.752 - 0.441ms returns FALSE
T210C 068:034.576 JLINK_IsHalted()
T210C 068:035.280 - 0.701ms returns FALSE
T210C 068:035.400 JLINK_IsHalted()
T210C 068:035.856 - 0.462ms returns FALSE
T210C 068:144.592 JLINK_IsHalted()
T210C 068:145.232 - 0.634ms returns FALSE
T210C 068:145.336 JLINK_IsHalted()
T210C 068:145.840 - 0.493ms returns FALSE
T210C 068:253.592 JLINK_IsHalted()
T210C 068:254.232 - 0.637ms returns FALSE
T210C 068:254.344 JLINK_IsHalted()
T210C 068:254.736 - 0.390ms returns FALSE
T210C 068:362.600 JLINK_IsHalted()
T210C 068:363.800 - 1.203ms returns FALSE
T210C 068:363.920 JLINK_IsHalted()
T210C 068:364.336 - 0.422ms returns FALSE
T210C 068:472.560 JLINK_IsHalted()
T210C 068:473.176 - 0.608ms returns FALSE
T210C 068:473.240 JLINK_IsHalted()
T210C 068:473.728 - 0.481ms returns FALSE
T210C 068:581.584 JLINK_IsHalted()
T210C 068:582.192 - 0.607ms returns FALSE
T210C 068:582.256 JLINK_IsHalted()
T210C 068:582.744 - 0.483ms returns FALSE
T210C 068:691.576 JLINK_IsHalted()
T210C 068:692.304 - 0.733ms returns FALSE
T210C 068:692.440 JLINK_IsHalted()
T210C 068:693.072 - 0.620ms returns FALSE
T210C 068:800.600 JLINK_IsHalted()
T210C 068:801.296 - 0.687ms returns FALSE
T210C 068:801.416 JLINK_IsHalted()
T210C 068:801.880 - 0.466ms returns FALSE
T210C 068:909.600 JLINK_IsHalted()
T210C 068:911.656 - 2.055ms returns FALSE
T210C 068:911.784 JLINK_IsHalted()
T210C 068:912.256 - 0.472ms returns FALSE
T210C 069:019.592 JLINK_IsHalted()
T210C 069:020.272 - 0.687ms returns FALSE
T210C 069:020.392 JLINK_IsHalted()
T210C 069:020.952 - 0.558ms returns FALSE
T210C 069:128.592 JLINK_IsHalted()
T210C 069:129.232 - 0.638ms returns FALSE
T210C 069:129.296 JLINK_IsHalted()
T210C 069:129.776 - 0.479ms returns FALSE
T210C 069:237.584 JLINK_IsHalted()
T210C 069:238.224 - 0.615ms returns FALSE
T210C 069:238.304 JLINK_IsHalted()
T210C 069:238.744 - 0.445ms returns FALSE
T210C 069:347.576 JLINK_IsHalted()
T210C 069:348.336 - 0.762ms returns FALSE
T210C 069:348.464 JLINK_IsHalted()
T210C 069:348.944 - 0.477ms returns FALSE
T210C 069:456.632 JLINK_IsHalted()
T210C 069:457.344 - 0.710ms returns FALSE
T210C 069:457.488 JLINK_IsHalted()
T210C 069:457.976 - 0.488ms returns FALSE
T210C 069:565.616 JLINK_IsHalted()
T210C 069:566.200 - 0.577ms returns FALSE
T210C 069:566.320 JLINK_IsHalted()
T210C 069:566.776 - 0.452ms returns FALSE
T210C 069:675.584 JLINK_IsHalted()
T210C 069:676.304 - 0.717ms returns FALSE
T210C 069:676.464 JLINK_IsHalted()
T210C 069:676.992 - 0.520ms returns FALSE
T210C 069:784.592 JLINK_IsHalted()
T210C 069:785.296 - 0.697ms returns FALSE
T210C 069:785.424 JLINK_IsHalted()
T210C 069:785.936 - 0.501ms returns FALSE
T210C 069:894.608 JLINK_IsHalted()
T210C 069:895.312 - 0.714ms returns FALSE
T210C 069:895.456 JLINK_IsHalted()
T210C 069:896.008 - 0.549ms returns FALSE
T210C 070:003.600 JLINK_IsHalted()
T210C 070:004.328 - 0.724ms returns FALSE
T210C 070:004.424 JLINK_IsHalted()
T210C 070:004.920 - 0.496ms returns FALSE
T210C 070:112.560 JLINK_IsHalted()
T210C 070:113.264 - 0.700ms returns FALSE
T210C 070:113.336 JLINK_IsHalted()
T210C 070:113.776 - 0.440ms returns FALSE
T210C 070:222.600 JLINK_IsHalted()
T210C 070:223.304 - 0.700ms returns FALSE
T210C 070:223.440 JLINK_IsHalted()
T210C 070:224.016 - 0.578ms returns FALSE
T210C 070:331.592 JLINK_IsHalted()
T210C 070:332.168 - 0.570ms returns FALSE
T210C 070:332.272 JLINK_IsHalted()
T210C 070:332.648 - 0.367ms returns FALSE
T210C 070:441.608 JLINK_IsHalted()
T210C 070:442.256 - 0.652ms returns FALSE
T210C 070:442.424 JLINK_IsHalted()
T210C 070:443.024 - 0.595ms returns FALSE
T210C 070:550.608 JLINK_IsHalted()
T210C 070:552.440 - 1.841ms returns FALSE
T210C 070:552.600 JLINK_IsHalted()
T210C 070:553.104 - 0.499ms returns FALSE
T210C 070:659.584 JLINK_IsHalted()
T210C 070:660.368 - 0.782ms returns FALSE
T210C 070:660.512 JLINK_IsHalted()
T210C 070:661.080 - 0.571ms returns FALSE
T210C 070:769.560 JLINK_IsHalted()
T210C 070:770.280 - 0.716ms returns FALSE
T210C 070:770.456 JLINK_IsHalted()
T210C 070:771.008 - 0.550ms returns FALSE
T210C 070:878.592 JLINK_IsHalted()
T210C 070:879.280 - 0.690ms returns FALSE
T210C 070:879.376 JLINK_IsHalted()
T210C 070:879.912 - 0.536ms returns FALSE
T210C 070:987.584 JLINK_IsHalted()
T210C 070:988.320 - 0.730ms returns FALSE
T210C 070:988.432 JLINK_IsHalted()
T210C 070:988.960 - 0.522ms returns FALSE
T210C 071:097.576 JLINK_IsHalted()
T210C 071:099.248 - 1.679ms returns FALSE
T210C 071:099.392 JLINK_IsHalted()
T210C 071:099.888 - 0.498ms returns FALSE
T210C 071:206.592 JLINK_IsHalted()
T210C 071:207.312 - 0.716ms returns FALSE
T210C 071:207.416 JLINK_IsHalted()
T210C 071:207.920 - 0.496ms returns FALSE
T210C 071:315.600 JLINK_IsHalted()
T210C 071:316.256 - 0.661ms returns FALSE
T210C 071:316.320 JLINK_IsHalted()
T210C 071:316.784 - 0.465ms returns FALSE
T210C 071:425.584 JLINK_IsHalted()
T210C 071:426.384 - 0.800ms returns FALSE
T210C 071:426.552 JLINK_IsHalted()
T210C 071:427.120 - 0.555ms returns FALSE
T210C 071:534.552 JLINK_IsHalted()
T210C 071:535.224 - 0.669ms returns FALSE
T210C 071:535.312 JLINK_IsHalted()
T210C 071:535.728 - 0.403ms returns FALSE
T210C 071:644.568 JLINK_IsHalted()
T210C 071:645.088 - 0.514ms returns FALSE
T210C 071:645.176 JLINK_IsHalted()
T210C 071:645.592 - 0.418ms returns FALSE
T210C 071:753.552 JLINK_IsHalted()
T210C 071:754.104 - 0.557ms returns FALSE
T210C 071:754.160 JLINK_IsHalted()
T210C 071:754.624 - 0.465ms returns FALSE
T210C 071:862.592 JLINK_IsHalted()
T210C 071:863.160 - 0.567ms returns FALSE
T210C 071:863.264 JLINK_IsHalted()
T210C 071:863.728 - 0.453ms returns FALSE
T210C 071:972.560 JLINK_IsHalted()
T210C 071:973.128 - 0.565ms returns FALSE
T210C 071:973.224 JLINK_IsHalted()
T210C 071:973.616 - 0.397ms returns FALSE
T210C 072:081.608 JLINK_IsHalted()
T210C 072:082.144 - 0.537ms returns FALSE
T210C 072:082.232 JLINK_IsHalted()
T210C 072:082.792 - 0.556ms returns FALSE
T210C 072:190.576 JLINK_IsHalted()
T210C 072:191.088 - 0.520ms returns FALSE
T210C 072:191.184 JLINK_IsHalted()
T210C 072:191.600 - 0.405ms returns FALSE
T210C 072:300.616 JLINK_IsHalted()
T210C 072:301.248 - 0.629ms returns FALSE
T210C 072:301.344 JLINK_IsHalted()
T210C 072:301.728 - 0.382ms returns FALSE
T210C 072:409.560 JLINK_IsHalted()
T210C 072:410.104 - 0.543ms returns FALSE
T210C 072:410.160 JLINK_IsHalted()
T210C 072:410.528 - 0.365ms returns FALSE
T210C 072:519.600 JLINK_IsHalted()
T210C 072:520.208 - 0.599ms returns FALSE
T210C 072:520.264 JLINK_IsHalted()
T210C 072:520.608 - 0.348ms returns FALSE
T210C 072:628.608 JLINK_IsHalted()
T210C 072:629.168 - 0.562ms returns FALSE
T210C 072:629.248 JLINK_IsHalted()
T210C 072:629.744 - 0.488ms returns FALSE
T210C 072:737.608 JLINK_IsHalted()
T210C 072:738.264 - 0.658ms returns FALSE
T210C 072:738.344 JLINK_IsHalted()
T210C 072:738.840 - 0.498ms returns FALSE
T210C 072:847.600 JLINK_IsHalted()
T210C 072:848.352 - 0.752ms returns FALSE
T210C 072:848.496 JLINK_IsHalted()
T210C 072:849.056 - 0.562ms returns FALSE
T210C 072:956.544 JLINK_IsHalted()
T210C 072:957.232 - 0.687ms returns FALSE
T210C 072:957.368 JLINK_IsHalted()
T210C 072:957.904 - 0.532ms returns FALSE
T210C 073:066.576 JLINK_IsHalted()
T210C 073:067.152 - 0.582ms returns FALSE
T210C 073:067.216 JLINK_IsHalted()
T210C 073:067.616 - 0.396ms returns FALSE
T210C 073:175.584 JLINK_IsHalted()
T210C 073:176.288 - 0.701ms returns FALSE
T210C 073:176.440 JLINK_IsHalted()
T210C 073:177.136 - 0.696ms returns FALSE
T210C 073:284.528 JLINK_IsHalted()
T210C 073:285.088 - 0.558ms returns FALSE
T210C 073:285.184 JLINK_IsHalted()
T210C 073:285.744 - 0.559ms returns FALSE
T210C 073:394.592 JLINK_IsHalted()
T210C 073:395.184 - 0.582ms returns FALSE
T210C 073:395.264 JLINK_IsHalted()
T210C 073:395.728 - 0.460ms returns FALSE
T210C 073:503.592 JLINK_IsHalted()
T210C 073:504.120 - 0.534ms returns FALSE
T210C 073:504.184 JLINK_IsHalted()
T210C 073:504.560 - 0.368ms returns FALSE
T210C 073:612.648 JLINK_IsHalted()
T210C 073:613.368 - 0.721ms returns FALSE
T210C 073:613.480 JLINK_IsHalted()
T210C 073:614.000 - 0.524ms returns FALSE
T210C 073:722.560 JLINK_IsHalted()
T210C 073:723.056 - 0.498ms returns FALSE
T210C 073:723.136 JLINK_IsHalted()
T210C 073:723.488 - 0.353ms returns FALSE
T210C 073:831.592 JLINK_IsHalted()
T210C 073:832.104 - 0.510ms returns FALSE
T210C 073:832.152 JLINK_IsHalted()
T210C 073:832.568 - 0.414ms returns FALSE
T210C 073:941.608 JLINK_IsHalted()
T210C 073:942.160 - 0.555ms returns FALSE
T210C 073:942.272 JLINK_IsHalted()
T210C 073:942.768 - 0.490ms returns FALSE
T210C 074:050.584 JLINK_IsHalted()
T210C 074:051.152 - 0.564ms returns FALSE
T210C 074:051.248 JLINK_IsHalted()
T210C 074:051.728 - 0.471ms returns FALSE
T210C 074:159.576 JLINK_IsHalted()
T210C 074:160.536 - 0.956ms returns FALSE
T210C 074:160.680 JLINK_IsHalted()
T210C 074:161.520 - 0.842ms returns FALSE
T210C 074:269.584 JLINK_IsHalted()
T210C 074:270.456 - 0.868ms returns FALSE
T210C 074:270.576 JLINK_IsHalted()
T210C 074:271.440 - 0.871ms returns FALSE
T210C 074:378.592 JLINK_IsHalted()
T210C 074:379.440 - 0.849ms returns FALSE
T210C 074:379.600 JLINK_IsHalted()
T210C 074:380.472 - 0.866ms returns FALSE
T210C 074:487.568 JLINK_IsHalted()
T210C 074:488.840 - 1.275ms returns FALSE
T210C 074:488.976 JLINK_IsHalted()
T210C 074:489.840 - 0.857ms returns FALSE
T210C 074:597.552 JLINK_IsHalted()
T210C 074:598.464 - 0.915ms returns FALSE
T210C 074:598.608 JLINK_IsHalted()
T210C 074:599.624 - 1.008ms returns FALSE
T210C 074:706.608 JLINK_IsHalted()
T210C 074:707.552 - 0.941ms returns FALSE
T210C 074:707.656 JLINK_IsHalted()
T210C 074:708.504 - 0.852ms returns FALSE
T210C 074:816.600 JLINK_IsHalted()
T210C 074:817.488 - 0.888ms returns FALSE
T210C 074:817.584 JLINK_IsHalted()
T210C 074:818.472 - 0.888ms returns FALSE
T210C 074:925.616 JLINK_IsHalted()
T210C 074:927.008 - 1.386ms returns FALSE
T210C 074:927.104 JLINK_IsHalted()
T210C 074:927.976 - 0.869ms returns FALSE
T210C 075:034.576 JLINK_IsHalted()
T210C 075:035.440 - 0.863ms returns FALSE
T210C 075:035.536 JLINK_IsHalted()
T210C 075:036.392 - 0.845ms returns FALSE
T210C 075:144.616 JLINK_IsHalted()
T210C 075:145.648 - 1.026ms returns FALSE
T210C 075:145.744 JLINK_IsHalted()
T210C 075:146.496 - 0.743ms returns FALSE
T210C 075:253.568 JLINK_IsHalted()
T210C 075:254.448 - 0.881ms returns FALSE
T210C 075:254.552 JLINK_IsHalted()
T210C 075:255.376 - 0.826ms returns FALSE
T210C 075:362.616 JLINK_IsHalted()
T210C 075:363.280 - 0.660ms returns FALSE
T210C 075:363.368 JLINK_IsHalted()
T210C 075:364.104 - 0.740ms returns FALSE
T210C 075:472.616 JLINK_IsHalted()
T210C 075:476.448 - 3.829ms returns FALSE
T210C 075:476.536 JLINK_IsHalted()
T210C 075:477.296 - 0.756ms returns FALSE
T210C 075:581.616 JLINK_IsHalted()
T210C 075:582.160 - 0.538ms returns FALSE
T210C 075:582.224 JLINK_IsHalted()
T210C 075:582.616 - 0.399ms returns FALSE
T210C 075:690.608 JLINK_IsHalted()
T210C 075:691.184 - 0.574ms returns FALSE
T210C 075:691.280 JLINK_IsHalted()
T210C 075:691.776 - 0.499ms returns FALSE
T210C 075:800.624 JLINK_IsHalted()
T210C 075:801.384 - 0.755ms returns FALSE
T210C 075:801.552 JLINK_IsHalted()
T210C 075:802.080 - 0.528ms returns FALSE
T210C 075:909.648 JLINK_IsHalted()
T210C 075:910.416 - 0.772ms returns FALSE
T210C 075:910.600 JLINK_IsHalted()
T210C 075:911.216 - 0.622ms returns FALSE
T210C 076:019.656 JLINK_IsHalted()
T210C 076:020.368 - 0.716ms returns FALSE
T210C 076:020.496 JLINK_IsHalted()
T210C 076:020.984 - 0.483ms returns FALSE
T210C 076:128.624 JLINK_IsHalted()
T210C 076:129.312 - 0.691ms returns FALSE
T210C 076:129.432 JLINK_IsHalted()
T210C 076:130.016 - 0.584ms returns FALSE
T210C 076:237.656 JLINK_IsHalted()
T210C 076:238.264 - 0.604ms returns FALSE
T210C 076:238.328 JLINK_IsHalted()
T210C 076:238.752 - 0.420ms returns FALSE
T210C 076:347.624 JLINK_IsHalted()
T210C 076:348.400 - 0.769ms returns FALSE
T210C 076:348.568 JLINK_IsHalted()
T210C 076:350.328 - 1.759ms returns FALSE
T210C 076:456.632 JLINK_IsHalted()
T210C 076:457.448 - 0.813ms returns FALSE
T210C 076:457.648 JLINK_IsHalted()
T210C 076:458.312 - 0.654ms returns FALSE
T210C 076:565.640 JLINK_IsHalted()
T210C 076:566.456 - 0.817ms returns FALSE
T210C 076:566.704 JLINK_IsHalted()
T210C 076:567.312 - 0.600ms returns FALSE
T210C 076:675.680 JLINK_IsHalted()
T210C 076:676.560 - 0.879ms returns FALSE
T210C 076:676.880 JLINK_IsHalted()
T210C 076:677.520 - 0.629ms returns FALSE
T210C 076:784.640 JLINK_IsHalted()
T210C 076:785.400 - 0.763ms returns FALSE
T210C 076:785.648 JLINK_IsHalted()
T210C 076:786.296 - 0.652ms returns FALSE
T210C 076:894.640 JLINK_IsHalted()
T210C 076:895.504 - 0.852ms returns FALSE
T210C 076:895.688 JLINK_IsHalted()
T210C 076:896.376 - 0.692ms returns FALSE
T210C 077:003.632 JLINK_IsHalted()
T210C 077:004.288 - 0.651ms returns FALSE
T210C 077:004.360 JLINK_IsHalted()
T210C 077:004.800 - 0.443ms returns FALSE
T210C 077:112.656 JLINK_IsHalted()
T210C 077:113.296 - 0.644ms returns FALSE
T210C 077:113.376 JLINK_IsHalted()
T210C 077:113.936 - 0.548ms returns FALSE
T210C 077:222.648 JLINK_IsHalted()
T210C 077:224.448 - 1.799ms returns FALSE
T210C 077:224.600 JLINK_IsHalted()
T210C 077:225.176 - 0.578ms returns FALSE
T210C 077:331.656 JLINK_IsHalted()
T210C 077:332.392 - 0.731ms returns FALSE
T210C 077:332.520 JLINK_IsHalted()
T210C 077:333.088 - 0.568ms returns FALSE
T210C 077:440.616 JLINK_IsHalted()
T210C 077:441.232 - 0.621ms returns FALSE
T210C 077:441.328 JLINK_IsHalted()
T210C 077:441.728 - 0.396ms returns FALSE
T210C 077:550.648 JLINK_IsHalted()
T210C 077:551.256 - 0.606ms returns FALSE
T210C 077:551.400 JLINK_IsHalted()
T210C 077:551.888 - 0.495ms returns FALSE
T210C 077:659.648 JLINK_IsHalted()
T210C 077:660.312 - 0.662ms returns FALSE
T210C 077:660.440 JLINK_IsHalted()
T210C 077:660.912 - 0.465ms returns FALSE
T210C 077:769.624 JLINK_IsHalted()
T210C 077:770.864 - 1.230ms returns FALSE
T210C 077:770.976 JLINK_IsHalted()
T210C 077:771.504 - 0.522ms returns FALSE
T210C 077:878.632 JLINK_IsHalted()
T210C 077:879.208 - 0.576ms returns FALSE
T210C 077:879.312 JLINK_IsHalted()
T210C 077:879.768 - 0.461ms returns FALSE
T210C 077:987.704 JLINK_IsHalted()
T210C 077:998.864 - 11.157ms returns FALSE
T210C 077:999.032 JLINK_IsHalted()
T210C 077:999.600 - 0.562ms returns FALSE
T210C 078:097.616 JLINK_IsHalted()
T210C 078:098.496 - 0.881ms returns FALSE
T210C 078:098.624 JLINK_IsHalted()
T210C 078:099.488 - 0.866ms returns FALSE
T210C 078:206.624 JLINK_IsHalted()
T210C 078:207.504 - 0.875ms returns FALSE
T210C 078:207.568 JLINK_IsHalted()
T210C 078:208.376 - 0.803ms returns FALSE
T210C 078:315.632 JLINK_IsHalted()
T210C 078:316.408 - 0.775ms returns FALSE
T210C 078:316.512 JLINK_IsHalted()
T210C 078:317.192 - 0.677ms returns FALSE
T210C 078:425.616 JLINK_IsHalted()
T210C 078:426.344 - 0.729ms returns FALSE
T210C 078:426.400 JLINK_IsHalted()
T210C 078:427.120 - 0.719ms returns FALSE
T210C 078:534.656 JLINK_IsHalted()
T210C 078:535.400 - 0.742ms returns FALSE
T210C 078:535.488 JLINK_IsHalted()
T210C 078:536.216 - 0.729ms returns FALSE
T210C 078:644.648 JLINK_IsHalted()
T210C 078:645.360 - 0.719ms returns FALSE
T210C 078:645.472 JLINK_IsHalted()
T210C 078:646.200 - 0.728ms returns FALSE
T210C 078:753.616 JLINK_IsHalted()
T210C 078:754.576 - 0.950ms returns FALSE
T210C 078:754.704 JLINK_IsHalted()
T210C 078:755.560 - 0.853ms returns FALSE
T210C 078:862.672 JLINK_IsHalted()
T210C 078:863.464 - 0.790ms returns FALSE
T210C 078:863.552 JLINK_IsHalted()
T210C 078:864.272 - 0.716ms returns FALSE
T210C 078:972.632 JLINK_IsHalted()
T210C 078:973.776 - 1.142ms returns FALSE
T210C 078:973.872 JLINK_IsHalted()
T210C 078:974.696 - 0.821ms returns FALSE
T210C 079:081.640 JLINK_IsHalted()
T210C 079:082.384 - 0.737ms returns FALSE
T210C 079:082.472 JLINK_IsHalted()
T210C 079:083.192 - 0.725ms returns FALSE
T210C 079:190.648 JLINK_IsHalted()
T210C 079:191.376 - 0.730ms returns FALSE
T210C 079:191.480 JLINK_IsHalted()
T210C 079:192.168 - 0.683ms returns FALSE
T210C 079:300.664 JLINK_IsHalted()
T210C 079:301.472 - 0.807ms returns FALSE
T210C 079:301.584 JLINK_IsHalted()
T210C 079:302.352 - 0.772ms returns FALSE
T210C 079:409.664 JLINK_IsHalted()
T210C 079:410.536 - 0.869ms returns FALSE
T210C 079:410.616 JLINK_IsHalted()
T210C 079:411.016 - 0.396ms returns FALSE
T210C 079:519.728 JLINK_IsHalted()
T210C 079:520.520 - 0.791ms returns FALSE
T210C 079:520.616 JLINK_IsHalted()
T210C 079:521.456 - 0.844ms returns FALSE
T210C 079:628.688 JLINK_IsHalted()
T210C 079:629.392 - 0.707ms returns FALSE
T210C 079:629.496 JLINK_IsHalted()
T210C 079:630.288 - 0.786ms returns FALSE
T210C 079:737.600 JLINK_IsHalted()
T210C 079:738.384 - 0.782ms returns FALSE
T210C 079:738.480 JLINK_IsHalted()
T210C 079:738.960 - 0.485ms returns FALSE
T210C 079:847.656 JLINK_IsHalted()
T210C 079:848.392 - 0.736ms returns FALSE
T210C 079:848.440 JLINK_IsHalted()
T210C 079:849.144 - 0.703ms returns FALSE
T210C 079:956.680 JLINK_IsHalted()
T210C 079:957.448 - 0.764ms returns FALSE
T210C 079:957.488 JLINK_IsHalted()
T210C 079:958.192 - 0.698ms returns FALSE
T210C 080:065.616 JLINK_IsHalted()
T210C 080:066.376 - 0.756ms returns FALSE
T210C 080:066.440 JLINK_IsHalted()
T210C 080:067.152 - 0.716ms returns FALSE
T210C 080:175.632 JLINK_IsHalted()
T210C 080:176.416 - 0.791ms returns FALSE
T210C 080:176.472 JLINK_IsHalted()
T210C 080:177.224 - 0.735ms returns FALSE
T210C 080:284.656 JLINK_IsHalted()
T210C 080:285.552 - 0.894ms returns FALSE
T210C 080:285.640 JLINK_IsHalted()
T210C 080:286.520 - 0.878ms returns FALSE
T210C 080:394.592 JLINK_IsHalted()
T210C 080:395.312 - 0.719ms returns FALSE
T210C 080:395.384 JLINK_IsHalted()
T210C 080:395.728 - 0.337ms returns FALSE
T210C 080:503.624 JLINK_IsHalted()
T210C 080:504.560 - 0.937ms returns FALSE
T210C 080:504.632 JLINK_IsHalted()
T210C 080:505.392 - 0.760ms returns FALSE
T210C 080:612.624 JLINK_IsHalted()
T210C 080:613.360 - 0.731ms returns FALSE
T210C 080:613.448 JLINK_IsHalted()
T210C 080:614.288 - 0.843ms returns FALSE
T210C 080:722.648 JLINK_IsHalted()
T210C 080:723.472 - 0.820ms returns FALSE
T210C 080:723.560 JLINK_IsHalted()
T210C 080:724.288 - 0.727ms returns FALSE
T210C 080:831.640 JLINK_IsHalted()
T210C 080:832.432 - 0.784ms returns FALSE
T210C 080:832.488 JLINK_IsHalted()
T210C 080:833.304 - 0.816ms returns FALSE
T210C 080:940.640 JLINK_IsHalted()
T210C 080:941.448 - 0.804ms returns FALSE
T210C 080:941.504 JLINK_IsHalted()
T210C 080:941.896 - 0.390ms returns FALSE
T210C 081:050.600 JLINK_IsHalted()
T210C 081:051.520 - 0.918ms returns FALSE
T210C 081:051.608 JLINK_IsHalted()
T210C 081:052.384 - 0.776ms returns FALSE
T210C 081:159.632 JLINK_IsHalted()
T210C 081:160.400 - 0.764ms returns FALSE
T210C 081:160.464 JLINK_IsHalted()
T210C 081:161.264 - 0.805ms returns FALSE
T210C 081:269.648 JLINK_IsHalted()
T210C 081:270.704 - 1.058ms returns FALSE
T210C 081:270.784 JLINK_IsHalted()
T210C 081:271.248 - 0.457ms returns FALSE
T210C 081:378.632 JLINK_IsHalted()
T210C 081:379.376 - 0.737ms returns FALSE
T210C 081:379.448 JLINK_IsHalted()
T210C 081:380.120 - 0.674ms returns FALSE
T210C 081:487.664 JLINK_IsHalted()
T210C 081:488.392 - 0.726ms returns FALSE
T210C 081:488.464 JLINK_IsHalted()
T210C 081:489.232 - 0.771ms returns FALSE
T210C 081:597.616 JLINK_IsHalted()
T210C 081:598.384 - 0.760ms returns FALSE
T210C 081:598.432 JLINK_IsHalted()
T210C 081:598.784 - 0.355ms returns FALSE
T210C 081:706.608 JLINK_IsHalted()
T210C 081:707.376 - 0.765ms returns FALSE
T210C 081:707.472 JLINK_IsHalted()
T210C 081:708.144 - 0.671ms returns FALSE
T210C 081:815.640 JLINK_IsHalted()
T210C 081:816.368 - 0.733ms returns FALSE
T210C 081:816.448 JLINK_IsHalted()
T210C 081:816.848 - 0.402ms returns FALSE
T210C 081:925.584 JLINK_IsHalted()
T210C 081:926.392 - 0.807ms returns FALSE
T210C 081:926.480 JLINK_IsHalted()
T210C 081:927.408 - 0.914ms returns FALSE
T210C 082:034.664 JLINK_IsHalted()
T210C 082:035.504 - 0.846ms returns FALSE
T210C 082:035.608 JLINK_IsHalted()
T210C 082:036.424 - 0.810ms returns FALSE
T210C 082:144.600 JLINK_IsHalted()
T210C 082:145.464 - 0.868ms returns FALSE
T210C 082:145.560 JLINK_IsHalted()
T210C 082:146.248 - 0.684ms returns FALSE
T210C 082:253.632 JLINK_IsHalted()
T210C 082:254.568 - 0.928ms returns FALSE
T210C 082:254.696 JLINK_IsHalted()
T210C 082:255.424 - 0.718ms returns FALSE
T210C 082:362.616 JLINK_IsHalted()
T210C 082:363.408 - 0.789ms returns FALSE
T210C 082:363.488 JLINK_IsHalted()
T210C 082:364.232 - 0.740ms returns FALSE
T210C 082:472.600 JLINK_IsHalted()
T210C 082:473.568 - 0.966ms returns FALSE
T210C 082:473.632 JLINK_IsHalted()
T210C 082:474.432 - 0.793ms returns FALSE
T210C 082:581.632 JLINK_IsHalted()
T210C 082:582.432 - 0.797ms returns FALSE
T210C 082:582.512 JLINK_IsHalted()
T210C 082:583.288 - 0.774ms returns FALSE
T210C 082:690.624 JLINK_IsHalted()
T210C 082:692.120 - 1.494ms returns FALSE
T210C 082:692.248 JLINK_IsHalted()
T210C 082:693.088 - 0.838ms returns FALSE
T210C 082:800.608 JLINK_IsHalted()
T210C 082:801.504 - 0.895ms returns FALSE
T210C 082:801.584 JLINK_IsHalted()
T210C 082:802.352 - 0.775ms returns FALSE
T210C 082:909.608 JLINK_IsHalted()
T210C 082:910.760 - 1.150ms returns FALSE
T210C 082:910.856 JLINK_IsHalted()
T210C 082:911.312 - 0.458ms returns FALSE
T210C 083:019.624 JLINK_IsHalted()
T210C 083:020.768 - 1.144ms returns FALSE
T210C 083:020.976 JLINK_IsHalted()
T210C 083:021.840 - 0.871ms returns FALSE
T210C 083:128.624 JLINK_IsHalted()
T210C 083:130.064 - 1.431ms returns FALSE
T210C 083:130.192 JLINK_IsHalted()
T210C 083:131.120 - 0.919ms returns FALSE
T210C 083:237.936 JLINK_IsHalted()
T210C 083:238.912 - 0.974ms returns FALSE
T210C 083:239.056 JLINK_IsHalted()
T210C 083:239.968 - 0.907ms returns FALSE
T210C 083:347.000 JLINK_IsHalted()
T210C 083:347.792 - 0.786ms returns FALSE
T210C 083:347.856 JLINK_IsHalted()
T210C 083:348.752 - 0.891ms returns FALSE
T210C 083:456.920 JLINK_IsHalted()
T210C 083:457.744 - 0.823ms returns FALSE
T210C 083:457.840 JLINK_IsHalted()
T210C 083:458.560 - 0.725ms returns FALSE
T210C 083:565.952 JLINK_IsHalted()
T210C 083:566.744 - 0.792ms returns FALSE
T210C 083:566.792 JLINK_IsHalted()
T210C 083:567.464 - 0.670ms returns FALSE
T210C 083:675.904 JLINK_IsHalted()
T210C 083:676.784 - 0.873ms returns FALSE
T210C 083:676.864 JLINK_IsHalted()
T210C 083:677.520 - 0.653ms returns FALSE
T210C 083:784.960 JLINK_IsHalted()
T210C 083:785.712 - 0.748ms returns FALSE
T210C 083:785.800 JLINK_IsHalted()
T210C 083:786.544 - 0.744ms returns FALSE
T210C 083:893.928 JLINK_IsHalted()
T210C 083:894.824 - 0.892ms returns FALSE
T210C 083:894.928 JLINK_IsHalted()
T210C 083:895.920 - 0.987ms returns FALSE
T210C 084:003.904 JLINK_IsHalted()
T210C 084:004.784 - 0.886ms returns FALSE
T210C 084:004.864 JLINK_IsHalted()
T210C 084:005.784 - 0.923ms returns FALSE
T210C 084:112.912 JLINK_IsHalted()
T210C 084:113.736 - 0.819ms returns FALSE
T210C 084:113.840 JLINK_IsHalted()
T210C 084:114.736 - 0.900ms returns FALSE
T210C 084:221.936 JLINK_IsHalted()
T210C 084:222.896 - 0.962ms returns FALSE
T210C 084:223.000 JLINK_IsHalted()
T210C 084:223.768 - 0.764ms returns FALSE
T210C 084:331.944 JLINK_IsHalted()
T210C 084:332.848 - 0.901ms returns FALSE
T210C 084:332.960 JLINK_IsHalted()
T210C 084:333.688 - 0.726ms returns FALSE
T210C 084:440.952 JLINK_IsHalted()
T210C 084:442.104 - 1.155ms returns FALSE
T210C 084:442.336 JLINK_IsHalted()
T210C 084:443.248 - 0.909ms returns FALSE
T210C 084:550.896 JLINK_IsHalted()
T210C 084:551.712 - 0.823ms returns FALSE
T210C 084:551.808 JLINK_IsHalted()
T210C 084:552.744 - 0.934ms returns FALSE
T210C 084:659.920 JLINK_IsHalted()
T210C 084:660.720 - 0.782ms returns FALSE
T210C 084:660.816 JLINK_IsHalted()
T210C 084:661.760 - 0.936ms returns FALSE
T210C 084:768.928 JLINK_IsHalted()
T210C 084:769.800 - 0.868ms returns FALSE
T210C 084:769.904 JLINK_IsHalted()
T210C 084:770.736 - 0.829ms returns FALSE
T210C 084:878.936 JLINK_IsHalted()
T210C 084:879.728 - 0.774ms returns FALSE
T210C 084:879.792 JLINK_IsHalted()
T210C 084:880.624 - 0.829ms returns FALSE
T210C 084:987.888 JLINK_IsHalted()
T210C 084:988.712 - 0.813ms returns FALSE
T210C 084:988.808 JLINK_IsHalted()
T210C 084:989.712 - 0.902ms returns FALSE
T210C 085:096.872 JLINK_IsHalted()
T210C 085:097.680 - 0.809ms returns FALSE
T210C 085:097.776 JLINK_IsHalted()
T210C 085:098.520 - 0.748ms returns FALSE
T210C 085:206.920 JLINK_IsHalted()
T210C 085:207.696 - 0.778ms returns FALSE
T210C 085:207.776 JLINK_IsHalted()
T210C 085:208.176 - 0.394ms returns FALSE
T210C 085:315.936 JLINK_IsHalted()
T210C 085:316.664 - 0.728ms returns FALSE
T210C 085:316.760 JLINK_IsHalted()
T210C 085:317.424 - 0.662ms returns FALSE
T210C 085:425.944 JLINK_IsHalted()
T210C 085:426.688 - 0.737ms returns FALSE
T210C 085:426.768 JLINK_IsHalted()
T210C 085:427.504 - 0.728ms returns FALSE
T210C 085:534.920 JLINK_IsHalted()
T210C 085:535.696 - 0.776ms returns FALSE
T210C 085:535.784 JLINK_IsHalted()
T210C 085:536.504 - 0.723ms returns FALSE
T210C 085:643.936 JLINK_IsHalted()
T210C 085:644.896 - 0.959ms returns FALSE
T210C 085:644.968 JLINK_IsHalted()
T210C 085:645.680 - 0.712ms returns FALSE
T210C 085:753.888 JLINK_IsHalted()
T210C 085:754.672 - 0.777ms returns FALSE
T210C 085:754.752 JLINK_IsHalted()
T210C 085:755.488 - 0.739ms returns FALSE
T210C 085:862.936 JLINK_IsHalted()
T210C 085:863.720 - 0.779ms returns FALSE
T210C 085:863.824 JLINK_IsHalted()
T210C 085:864.536 - 0.714ms returns FALSE
T210C 085:971.904 JLINK_IsHalted()
T210C 085:972.688 - 0.785ms returns FALSE
T210C 085:972.752 JLINK_IsHalted()
T210C 085:973.448 - 0.695ms returns FALSE
T210C 086:081.936 JLINK_IsHalted()
T210C 086:082.712 - 0.776ms returns FALSE
T210C 086:082.768 JLINK_IsHalted()
T210C 086:083.456 - 0.687ms returns FALSE
T210C 086:190.928 JLINK_IsHalted()
T210C 086:191.760 - 0.829ms returns FALSE
T210C 086:191.848 JLINK_IsHalted()
T210C 086:192.680 - 0.835ms returns FALSE
T210C 086:300.864 JLINK_IsHalted()
T210C 086:301.688 - 0.823ms returns FALSE
T210C 086:301.776 JLINK_IsHalted()
T210C 086:302.552 - 0.778ms returns FALSE
T210C 086:409.920 JLINK_IsHalted()
T210C 086:410.728 - 0.807ms returns FALSE
T210C 086:410.808 JLINK_IsHalted()
T210C 086:411.728 - 0.914ms returns FALSE
T210C 086:518.920 JLINK_IsHalted()
T210C 086:519.728 - 0.806ms returns FALSE
T210C 086:519.808 JLINK_IsHalted()
T210C 086:520.664 - 0.857ms returns FALSE
T210C 086:628.904 JLINK_IsHalted()
T210C 086:629.664 - 0.764ms returns FALSE
T210C 086:629.768 JLINK_IsHalted()
T210C 086:630.528 - 0.762ms returns FALSE
T210C 086:737.936 JLINK_IsHalted()
T210C 086:738.768 - 0.835ms returns FALSE
T210C 086:738.840 JLINK_IsHalted()
T210C 086:739.688 - 0.844ms returns FALSE
T210C 086:846.928 JLINK_IsHalted()
T210C 086:847.840 - 0.912ms returns FALSE
T210C 086:847.936 JLINK_IsHalted()
T210C 086:848.672 - 0.738ms returns FALSE
T210C 086:956.920 JLINK_IsHalted()
T210C 086:957.880 - 0.955ms returns FALSE
T210C 086:957.984 JLINK_IsHalted()
T210C 086:958.768 - 0.790ms returns FALSE
T210C 087:065.904 JLINK_IsHalted()
T210C 087:066.928 - 1.026ms returns FALSE
T210C 087:067.088 JLINK_IsHalted()
T210C 087:068.016 - 0.925ms returns FALSE
T210C 087:175.912 JLINK_IsHalted()
T210C 087:176.752 - 0.845ms returns FALSE
T210C 087:176.872 JLINK_IsHalted()
T210C 087:177.728 - 0.858ms returns FALSE
T210C 087:284.920 JLINK_IsHalted()
T210C 087:285.768 - 0.846ms returns FALSE
T210C 087:285.816 JLINK_IsHalted()
T210C 087:286.560 - 0.740ms returns FALSE
T210C 087:393.984 JLINK_IsHalted()
T210C 087:395.576 - 1.588ms returns FALSE
T210C 087:395.856 JLINK_IsHalted()
T210C 087:400.112 - 4.251ms returns FALSE
T210C 087:503.936 JLINK_IsHalted()
T210C 087:504.992 - 1.050ms returns FALSE
T210C 087:505.160 JLINK_IsHalted()
T210C 087:506.256 - 1.094ms returns FALSE
T210C 087:612.992 JLINK_IsHalted()
T210C 087:614.176 - 1.184ms returns FALSE
T210C 087:614.416 JLINK_IsHalted()
T210C 087:615.488 - 1.052ms returns FALSE
T210C 087:721.904 JLINK_IsHalted()
T210C 087:722.992 - 1.078ms returns FALSE
T210C 087:723.168 JLINK_IsHalted()
T210C 087:724.080 - 0.908ms returns FALSE
T210C 087:831.936 JLINK_IsHalted()
T210C 087:832.768 - 0.829ms returns FALSE
T210C 087:832.832 JLINK_IsHalted()
T210C 087:833.744 - 0.910ms returns FALSE
T210C 087:940.912 JLINK_IsHalted()
T210C 087:942.160 - 1.241ms returns FALSE
T210C 087:942.264 JLINK_IsHalted()
T210C 087:943.024 - 0.754ms returns FALSE
T210C 088:050.944 JLINK_IsHalted()
T210C 088:051.808 - 0.864ms returns FALSE
T210C 088:051.944 JLINK_IsHalted()
T210C 088:052.784 - 0.837ms returns FALSE
T210C 088:159.952 JLINK_IsHalted()
T210C 088:160.880 - 0.923ms returns FALSE
T210C 088:160.976 JLINK_IsHalted()
T210C 088:161.880 - 0.910ms returns FALSE
T210C 088:268.920 JLINK_IsHalted()
T210C 088:269.680 - 0.756ms returns FALSE
T210C 088:269.728 JLINK_IsHalted()
T210C 088:270.624 - 0.891ms returns FALSE
T210C 088:378.896 JLINK_IsHalted()
T210C 088:379.736 - 0.840ms returns FALSE
T210C 088:379.824 JLINK_IsHalted()
T210C 088:380.560 - 0.734ms returns FALSE
T210C 088:487.896 JLINK_IsHalted()
T210C 088:488.768 - 0.867ms returns FALSE
T210C 088:488.888 JLINK_IsHalted()
T210C 088:489.680 - 0.790ms returns FALSE
T210C 088:596.928 JLINK_IsHalted()
T210C 088:597.880 - 0.953ms returns FALSE
T210C 088:597.944 JLINK_IsHalted()
T210C 088:598.704 - 0.760ms returns FALSE
T210C 088:706.928 JLINK_IsHalted()
T210C 088:707.672 - 0.751ms returns FALSE
T210C 088:707.736 JLINK_IsHalted()
T210C 088:708.560 - 0.826ms returns FALSE
T210C 088:815.928 JLINK_IsHalted()
T210C 088:816.720 - 0.790ms returns FALSE
T210C 088:816.816 JLINK_IsHalted()
T210C 088:817.664 - 0.848ms returns FALSE
T210C 088:925.888 JLINK_IsHalted()
T210C 088:926.800 - 0.915ms returns FALSE
T210C 088:926.920 JLINK_IsHalted()
T210C 088:927.752 - 0.830ms returns FALSE
T210C 089:034.920 JLINK_IsHalted()
T210C 089:035.680 - 0.760ms returns FALSE
T210C 089:035.736 JLINK_IsHalted()
T210C 089:036.576 - 0.838ms returns FALSE
T210C 089:143.992 JLINK_IsHalted()
T210C 089:144.736 - 0.743ms returns FALSE
T210C 089:144.848 JLINK_IsHalted()
T210C 089:145.648 - 0.801ms returns FALSE
T210C 089:253.928 JLINK_IsHalted()
T210C 089:254.672 - 0.744ms returns FALSE
T210C 089:254.760 JLINK_IsHalted()
T210C 089:255.456 - 0.690ms returns FALSE
T210C 089:362.904 JLINK_IsHalted()
T210C 089:363.712 - 0.810ms returns FALSE
T210C 089:363.792 JLINK_IsHalted()
T210C 089:364.464 - 0.679ms returns FALSE
T210C 089:471.960 JLINK_IsHalted()
T210C 089:472.880 - 0.920ms returns FALSE
T210C 089:472.928 JLINK_IsHalted()
T210C 089:473.384 - 0.449ms returns FALSE
T210C 089:581.912 JLINK_IsHalted()
T210C 089:582.584 - 0.674ms returns FALSE
T210C 089:582.664 JLINK_IsHalted()
T210C 089:583.320 - 0.659ms returns FALSE
T210C 089:690.928 JLINK_IsHalted()
T210C 089:695.120 - 4.190ms returns TRUE
T210C 089:695.184 JLINK_ReadReg(XPSR)
T210C 089:695.216   CPU_ReadMem(4 bytes @ 0xE000EE08)
T210C 089:696.072 - 0.881ms returns 0xF9000000
T210C 089:696.192 JLINK_ReadReg(R15 (PC))
T210C 089:696.232 - 0.033ms returns 0x02043A6C
T210C 089:696.248 JLINK_ReadReg(XPSR)
T210C 089:696.264 - 0.013ms returns 0xF9000000
T210C 089:696.280 JLINK_ReadReg(XPSR)
T210C 089:696.296 - 0.012ms returns 0xF9000000
T210C 089:696.304 JLINK_ReadReg(R15 (PC))
T210C 089:696.320 - 0.012ms returns 0x02043A6C
T210C 089:696.336 JLINK_ReadReg(XPSR)
T210C 089:696.344 - 0.013ms returns 0xF9000000
T210C 089:696.360 JLINK_ReadReg(XPSR)
T210C 089:696.368 - 0.013ms returns 0xF9000000
T210C 089:696.384 JLINK_ReadMem(0x02043A6C, 0x1 Bytes, ...)
T210C 089:696.408   CPU_ReadMem(64 bytes @ 0x02043A40)
T210C 089:697.240    -- Updating C cache (64 bytes @ 0x02043A40)
T210C 089:697.288    -- Read from C cache (1 bytes @ 0x02043A6C)
T210C 089:697.312   Data:  00
T210C 089:697.328 - 0.942ms returns 0
T210C 089:697.376 JLINK_IsHalted()
T210C 089:697.392 - 0.013ms returns TRUE
T210C 089:697.400 JLINK_ReadReg(XPSR)
T210C 089:697.416 - 0.013ms returns 0xF9000000
T210C 089:697.424 JLINK_ReadReg(XPSR)
T210C 089:697.440 - 0.013ms returns 0xF9000000
T210C 089:697.456 JLINK_ReadReg(R15 (PC))
T210C 089:697.464 - 0.012ms returns 0x02043A6C
T210C 089:697.488 JLINK_ReadReg(XPSR)
T210C 089:697.488 - 0.012ms returns 0xF9000000
T210C 089:697.504 JLINK_ReadReg(XPSR)
T210C 089:697.520 - 0.012ms returns 0xF9000000
T210C 089:697.536 JLINK_ReadMem(0x02043A6C, 0x1 Bytes, ...)
T210C 089:697.552    -- Read from C cache (1 bytes @ 0x02043A6C)
T210C 089:697.560   Data:  00
T210C 089:697.584 - 0.049ms returns 0
T210C 089:697.656 JLINK_IsHalted()
T210C 089:697.672 - 0.012ms returns TRUE
T210C 089:697.680 JLINK_ReadReg(XPSR)
T210C 089:697.696 - 0.012ms returns 0xF9000000
T210C 089:697.712 JLINK_ReadReg(R15 (PC))
T210C 089:697.720 - 0.012ms returns 0x02043A6C
T210C 089:697.736 JLINK_ReadReg(XPSR)
T210C 089:697.744 - 0.012ms returns 0xF9000000
T210C 089:697.760 JLINK_ReadReg(XPSR)
T210C 089:697.776 - 0.012ms returns 0xF9000000
T210C 089:697.784 JLINK_ReadReg(R15 (PC))
T210C 089:697.800 - 0.012ms returns 0x02043A6C
T210C 089:697.808 JLINK_ReadReg(XPSR)
T210C 089:697.824 - 0.011ms returns 0xF9000000
T210C 089:697.840 JLINK_ReadReg(XPSR)
T210C 089:697.848 - 0.012ms returns 0xF9000000
T210C 089:697.864 JLINK_ReadMem(0x02043A6C, 0x1 Bytes, ...)
T210C 089:697.872    -- Read from C cache (1 bytes @ 0x02043A6C)
T210C 089:697.896   Data:  00
T210C 089:697.912 - 0.047ms returns 0
T210C 089:697.928 JLINK_IsHalted()
T210C 089:697.936 - 0.011ms returns TRUE
T210C 089:697.952 JLINK_ReadReg(XPSR)
T210C 089:697.968 - 0.012ms returns 0xF9000000
T210C 089:697.976 JLINK_ReadReg(XPSR)
T210C 089:697.992 - 0.012ms returns 0xF9000000
T210C 089:698.000 JLINK_ReadReg(R15 (PC))
T210C 089:698.016 - 0.012ms returns 0x02043A6C
T210C 089:698.032 JLINK_ReadReg(XPSR)
T210C 089:698.040 - 0.012ms returns 0xF9000000
T210C 089:698.056 JLINK_ReadReg(XPSR)
T210C 089:698.064 - 0.012ms returns 0xF9000000
T210C 089:698.080 JLINK_ReadMem(0x02043A6C, 0x1 Bytes, ...)
T210C 089:698.088    -- Read from C cache (1 bytes @ 0x02043A6C)
T210C 089:698.104   Data:  00
T210C 089:698.128 - 0.046ms returns 0
T210C 089:698.144 JLINK_ReadMem(0x22144C18, 0x4 Bytes, ...)
T210C 089:698.160   CPU_ReadMem(4 bytes @ 0x22144C18)
T210C 089:698.712   Data:  00 00 00 00
T210C 089:698.736 - 0.594ms returns 0
T210C 089:698.776 JLINK_ReadMem(0x22144BF4, 0x4 Bytes, ...)
T210C 089:698.792   CPU_ReadMem(4 bytes @ 0x22144BF4)
T210C 089:699.272   Data:  00 00 00 00
T210C 089:699.312 - 0.532ms returns 0
T210C 089:699.376 JLINK_ReadMem(0x02046120, 0x4 Bytes, ...)
T210C 089:699.400   CPU_ReadMem(64 bytes @ 0x02046100)
T210C 089:700.768    -- Updating C cache (64 bytes @ 0x02046100)
T210C 089:700.800    -- Read from C cache (4 bytes @ 0x02046120)
T210C 089:700.824   Data:  04 00 00 00
T210C 089:700.848 - 1.466ms returns 0
T210C 089:701.888 JLINK_ReadMem(0x22144C18, 0x4 Bytes, ...)
T210C 089:701.936   CPU_ReadMem(4 bytes @ 0x22144C18)
T210C 089:702.512   Data:  00 00 00 00
T210C 089:702.544 - 0.656ms returns 0
T210C 089:702.584 JLINK_ReadMem(0x22144BF4, 0x4 Bytes, ...)
T210C 089:702.608   CPU_ReadMem(4 bytes @ 0x22144BF4)
T210C 089:703.088   Data:  00 00 00 00
T210C 089:703.112 - 0.520ms returns 0
T210C 089:703.152 JLINK_ReadMem(0x02046120, 0x4 Bytes, ...)
T210C 089:703.168    -- Read from C cache (4 bytes @ 0x02046120)
T210C 089:703.184   Data:  04 00 00 00
T210C 089:703.200 - 0.051ms returns 0
T210C 089:703.240 JLINK_ReadRegs(NumRegs = 20)
T210C 089:703.280   
  R0 (0)        = 0x00                 R1 (1)        = 0x00                 R2 (2)        = 0x00                 R3 (3)        = 0x00              
  R4 (4)        = 0x00                 R5 (5)        = 0x00                 R6 (6)        = 0x00                 R7 (7)        = 0x00              
  R8 (8)        = 0x00                 R9 (9)        = 0x00                 R10 (10)      = 0x00                 R11 (11)      = 0x00              
  R12 (12)      = 0x00                 R13 (SP) (13) = 0x22144440           R14 (14)      = 0xFFFFFFFF           R15 (PC) (15) = 0x2043A6C         
  XPSR (16)     = 0xF9000000           MSPLIM (86)   = 0x00                 PSPLIM (87)   = 0x00                 CFBP (20)     = 0x00              
T210C 089:703.296 - 0.055ms returns 0x00
T210C 089:708.048 JLINK_ReadMem(0x22144C18, 0x4 Bytes, ...)
T210C 089:708.096   CPU_ReadMem(4 bytes @ 0x22144C18)
T210C 089:708.656   Data:  00 00 00 00
T210C 089:708.688 - 0.646ms returns 0
T210C 089:708.752 JLINK_ReadMem(0x22144BF4, 0x4 Bytes, ...)
T210C 089:708.768   CPU_ReadMem(4 bytes @ 0x22144BF4)
T210C 089:709.344   Data:  00 00 00 00
T210C 089:709.384 - 0.635ms returns 0
T210C 089:709.448 JLINK_ReadMem(0x02046120, 0x4 Bytes, ...)
T210C 089:709.464    -- Read from C cache (4 bytes @ 0x02046120)
T210C 089:709.488   Data:  04 00 00 00
T210C 089:709.496 - 0.053ms returns 0
T210C 089:709.520 JLINK_ReadMem(0x22144C18, 0x4 Bytes, ...)
T210C 089:709.544   CPU_ReadMem(4 bytes @ 0x22144C18)
T210C 089:710.128   Data:  00 00 00 00
T210C 089:710.152 - 0.627ms returns 0
T210C 089:710.192 JLINK_ReadMem(0x22144BF4, 0x4 Bytes, ...)
T210C 089:710.208   CPU_ReadMem(4 bytes @ 0x22144BF4)
T210C 089:710.680   Data:  00 00 00 00
T210C 089:710.704 - 0.510ms returns 0
T210C 089:710.736 JLINK_ReadMem(0x02046120, 0x4 Bytes, ...)
T210C 089:710.752    -- Read from C cache (4 bytes @ 0x02046120)
T210C 089:710.768   Data:  04 00 00 00
T210C 089:710.792 - 0.048ms returns 0
T210C 089:711.616 JLINK_ReadMem(0xE000EDF0, 0x4 Bytes, ...)
T210C 089:711.656   CPU_ReadMem(4 bytes @ 0xE000EDF0)
T210C 089:712.080   Data:  03 00 13 00
T210C 089:712.152   Debug reg: DHCSR
T210C 089:712.176 - 0.555ms returns 0
T210C 089:713.024 JLINK_ReadMem(0x02043A6C, 0x4 Bytes, ...)
T210C 089:713.064    -- Read from C cache (4 bytes @ 0x02043A6C)
T210C 089:713.080   Data:  00 F0 06 F8
T210C 089:713.104 - 0.075ms returns 0
T8448 089:718.440 JLINK_ReadReg(XPSR)
T8448 089:718.512 - 0.076ms returns 0xF9000000
T8448 089:718.536 JLINK_ReadReg(R15 (PC))
T8448 089:718.544 - 0.012ms returns 0x02043A6C
T8448 089:719.184 JLINK_IsHalted()
T8448 089:719.216 - 0.036ms returns TRUE
T8448 089:719.240 JLINK_ReadReg(XPSR)
T8448 089:719.256 - 0.017ms returns 0xF9000000
T8448 089:719.272 JLINK_ReadReg(R15 (PC))
T8448 089:719.280 - 0.012ms returns 0x02043A6C
T8448 089:719.296 JLINK_ReadReg(XPSR)
T8448 089:719.312 - 0.012ms returns 0xF9000000
T8448 089:719.320 JLINK_ReadReg(XPSR)
T8448 089:719.336 - 0.011ms returns 0xF9000000
T8448 089:719.344 JLINK_ReadReg(R15 (PC))
T8448 089:719.360 - 0.012ms returns 0x02043A6C
T8448 089:719.376 JLINK_ReadReg(XPSR)
T8448 089:719.384 - 0.012ms returns 0xF9000000
T8448 089:719.400 JLINK_ReadReg(XPSR)
T8448 089:719.408 - 0.012ms returns 0xF9000000
T8448 089:719.424 JLINK_ReadMem(0x02043A6C, 0x1 Bytes, ...)
T8448 089:719.440    -- Read from C cache (1 bytes @ 0x02043A6C)
T8448 089:719.456   Data:  00
T8448 089:719.472 - 0.054ms returns 0
T8448 089:719.488 JLINK_IsHalted()
T8448 089:719.504 - 0.011ms returns TRUE
T8448 089:719.512 JLINK_ReadReg(XPSR)
T8448 089:719.528 - 0.012ms returns 0xF9000000
T8448 089:719.536 JLINK_ReadReg(XPSR)
T8448 089:719.552 - 0.012ms returns 0xF9000000
T8448 089:719.568 JLINK_ReadReg(R15 (PC))
T8448 089:719.576 - 0.012ms returns 0x02043A6C
T8448 089:719.592 JLINK_ReadReg(XPSR)
T8448 089:719.600 - 0.013ms returns 0xF9000000
T8448 089:719.616 JLINK_ReadReg(XPSR)
T8448 089:719.632 - 0.012ms returns 0xF9000000
T8448 089:719.640 JLINK_ReadMem(0x02043A6C, 0x1 Bytes, ...)
T8448 089:719.656    -- Read from C cache (1 bytes @ 0x02043A6C)
T8448 089:719.672   Data:  00
T8448 089:719.696 - 0.047ms returns 0
T8448 089:719.752 JLINK_ReadMem(0xE0001000, 0x4 Bytes, ...)
T8448 089:719.760   CPU_ReadMem(4 bytes @ 0xE0001000)
T8448 089:720.288   Data:  01 00 00 40
T8448 089:720.352   Debug reg: DWT_CTRL
T8448 089:720.384 - 0.634ms returns 0
T8448 089:720.496 JLINK_WriteMem(0xE0001FB0, 0x8 Bytes, ...)
T8448 089:720.520   Data:  00 00 00 00 55 CE AC C5
T8448 089:720.968   CPU_WriteMem(8 bytes @ 0xE0001FB0)
T8448 089:721.544 - 1.049ms returns 0x8
T8448 089:721.656 JLINK_ReadMem(0xE000EDFC, 0x4 Bytes, ...)
T8448 089:721.680   CPU_ReadMem(4 bytes @ 0xE000EDFC)
T8448 089:722.128   Data:  00 00 10 01
T8448 089:722.160   Debug reg: DEMCR
T8448 089:722.184 - 0.521ms returns 0
T8448 089:724.528 JLINK_ReadMem(0xE0001004, 0x4 Bytes, ...)
T8448 089:724.568   CPU_ReadMem(4 bytes @ 0xE0001004)
T8448 089:725.136   Data:  BB 1C 2E 0B
T8448 089:725.200   Debug reg: DWT_CYCCNT
T8448 089:725.232 - 0.713ms returns 0
T210C 089:738.440 JLINK_ReadMem(0x22144C18, 0x4 Bytes, ...)
T210C 089:738.496   CPU_ReadMem(4 bytes @ 0x22144C18)
T210C 089:739.112   Data:  00 00 00 00
T210C 089:739.184 - 0.743ms returns 0
T210C 089:739.224 JLINK_ReadMem(0x22144BF4, 0x4 Bytes, ...)
T210C 089:739.248   CPU_ReadMem(4 bytes @ 0x22144BF4)
T210C 089:739.776   Data:  00 00 00 00
T210C 089:739.816 - 0.590ms returns 0
T210C 089:739.888 JLINK_ReadMem(0x02046120, 0x4 Bytes, ...)
T210C 089:739.920    -- Read from C cache (4 bytes @ 0x02046120)
T210C 089:739.936   Data:  04 00 00 00
T210C 089:739.960 - 0.065ms returns 0
T210C 089:739.984 JLINK_ReadMem(0x22144C18, 0x4 Bytes, ...)
T210C 089:740.008   CPU_ReadMem(4 bytes @ 0x22144C18)
T210C 089:740.584   Data:  00 00 00 00
T210C 089:740.624 - 0.632ms returns 0
T210C 089:740.696 JLINK_ReadMem(0x22144BF4, 0x4 Bytes, ...)
T210C 089:740.720   CPU_ReadMem(4 bytes @ 0x22144BF4)
T210C 089:741.264   Data:  00 00 00 00
T210C 089:741.296 - 0.607ms returns 0
T210C 089:741.352 JLINK_ReadMem(0x02046120, 0x4 Bytes, ...)
T210C 089:741.368    -- Read from C cache (4 bytes @ 0x02046120)
T210C 089:741.392   Data:  04 00 00 00
T210C 089:741.408 - 0.058ms returns 0
T210C 089:742.360 JLINK_ReadMem(0x02043A6C, 0x4 Bytes, ...)
T210C 089:742.408    -- Read from C cache (4 bytes @ 0x02043A6C)
T210C 089:742.424   Data:  00 F0 06 F8
T210C 089:742.448 - 0.085ms returns 0
T210C 090:162.448 JLINK_ReadMem(0x22144C18, 0x4 Bytes, ...)
T210C 090:162.528   CPU_ReadMem(4 bytes @ 0x22144C18)
T210C 090:163.472   Data:  00 00 00 00
T210C 090:163.536 - 1.093ms returns 0
T210C 090:163.616 JLINK_ReadMem(0x22144BF4, 0x4 Bytes, ...)
T210C 090:163.656   CPU_ReadMem(4 bytes @ 0x22144BF4)
T210C 090:164.304   Data:  00 00 00 00
T210C 090:164.376 - 0.757ms returns 0
T210C 090:164.512 JLINK_ReadMem(0x02046120, 0x4 Bytes, ...)
T210C 090:164.560    -- Read from C cache (4 bytes @ 0x02046120)
T210C 090:164.592   Data:  04 00 00 00
T210C 090:164.672 - 0.154ms returns 0
T210C 090:164.712 JLINK_ReadMem(0x22144C18, 0x4 Bytes, ...)
T210C 090:164.744   CPU_ReadMem(4 bytes @ 0x22144C18)
T210C 090:165.400   Data:  00 00 00 00
T210C 090:165.472 - 0.762ms returns 0
T210C 090:165.600 JLINK_ReadMem(0x22144BF4, 0x4 Bytes, ...)
T210C 090:165.648   CPU_ReadMem(4 bytes @ 0x22144BF4)
T210C 090:166.288   Data:  00 00 00 00
T210C 090:166.352 - 0.750ms returns 0
T210C 090:166.480 JLINK_ReadMem(0x02046120, 0x4 Bytes, ...)
T210C 090:166.520    -- Read from C cache (4 bytes @ 0x02046120)
T210C 090:166.544   Data:  04 00 00 00
T210C 090:166.576 - 0.092ms returns 0
T210C 119:755.032 JLINK_ReadMem(0x22144C18, 0x4 Bytes, ...)
T210C 119:755.136   CPU_ReadMem(4 bytes @ 0x22144C18)
T210C 119:755.760   Data:  00 00 00 00
T210C 119:755.824 - 0.793ms returns 0
T210C 119:755.944 JLINK_ReadMem(0x22144BF4, 0x4 Bytes, ...)
T210C 119:755.984   CPU_ReadMem(4 bytes @ 0x22144BF4)
T210C 119:756.592   Data:  00 00 00 00
T210C 119:756.656 - 0.718ms returns 0
T210C 119:756.776 JLINK_ReadMem(0x02046120, 0x4 Bytes, ...)
T210C 119:756.816    -- Read from C cache (4 bytes @ 0x02046120)
T210C 119:756.848   Data:  04 00 00 00
T210C 119:756.880 - 0.102ms returns 0
T210C 119:758.848 JLINK_ReadMem(0xE0001004, 0x4 Bytes, ...)
T210C 119:758.912   Data:  BB 1C 2E 0B
T210C 119:758.936   Debug reg: DWT_CYCCNT
T210C 119:758.960 - 0.115ms returns 0
T210C 119:758.992 JLINK_IsHalted()
T210C 119:759.632 - 0.640ms returns TRUE
T210C 119:761.680 JLINK_ReadMem(0xE0001004, 0x4 Bytes, ...)
T210C 119:761.712   Data:  BB 1C 2E 0B
T210C 119:761.752   Debug reg: DWT_CYCCNT
T210C 119:761.776 - 0.108ms returns 0
T210C 119:761.808 JLINK_GoEx(MaxEmulInsts = 0, Flags = 0x01)
T210C 119:761.840   CPU_ReadMem(4 bytes @ 0xE0001000)
T210C 119:763.136   Memory map 'after startup completion point' is active
T210C 119:763.184 - 1.386ms 
T210C 119:863.104 JLINK_IsHalted()
T210C 119:863.784 - 0.686ms returns FALSE
T210C 119:863.848 JLINK_IsHalted()
T210C 119:864.216 - 0.379ms returns FALSE
T210C 119:972.096 JLINK_IsHalted()
T210C 119:972.632 - 0.536ms returns FALSE
T210C 119:972.688 JLINK_IsHalted()
T210C 119:973.080 - 0.402ms returns FALSE
T210C 120:082.152 JLINK_IsHalted()
T210C 120:082.856 - 0.701ms returns FALSE
T210C 120:082.928 JLINK_IsHalted()
T210C 120:083.248 - 0.328ms returns FALSE
T210C 120:191.192 JLINK_IsHalted()
T210C 120:191.768 - 0.578ms returns FALSE
T210C 120:191.888 JLINK_IsHalted()
T210C 120:192.512 - 0.633ms returns FALSE
T210C 120:300.080 JLINK_IsHalted()
T210C 120:300.696 - 0.598ms returns FALSE
T210C 120:300.752 JLINK_IsHalted()
T210C 120:301.168 - 0.424ms returns FALSE
T210C 120:410.128 JLINK_IsHalted()
T210C 120:410.584 - 0.465ms returns FALSE
T210C 120:410.648 JLINK_IsHalted()
T210C 120:410.992 - 0.342ms returns FALSE
T210C 120:519.128 JLINK_IsHalted()
T210C 120:519.616 - 0.488ms returns FALSE
T210C 120:519.664 JLINK_IsHalted()
T210C 120:520.040 - 0.378ms returns FALSE
T210C 120:628.080 JLINK_IsHalted()
T210C 120:628.560 - 0.470ms returns FALSE
T210C 120:628.632 JLINK_IsHalted()
T210C 120:628.952 - 0.322ms returns FALSE
T210C 120:738.088 JLINK_IsHalted()
T210C 120:738.600 - 0.514ms returns FALSE
T210C 120:738.704 JLINK_IsHalted()
T210C 120:739.160 - 0.456ms returns FALSE
T8448 120:756.432 JLINK_IsHalted()
T8448 120:756.904 - 0.469ms returns FALSE
T8448 120:756.976 JLINK_IsHalted()
T8448 120:757.328 - 0.342ms returns FALSE
T210C 120:847.104 JLINK_IsHalted()
T210C 120:847.568 - 0.465ms returns FALSE
T210C 120:847.616 JLINK_IsHalted()
T210C 120:847.952 - 0.330ms returns FALSE
T210C 120:957.096 JLINK_IsHalted()
T210C 120:957.656 - 0.566ms returns FALSE
T210C 120:957.784 JLINK_IsHalted()
T210C 120:958.192 - 0.414ms returns FALSE
T210C 121:066.128 JLINK_IsHalted()
T210C 121:066.640 - 0.517ms returns FALSE
T210C 121:066.736 JLINK_IsHalted()
T210C 121:067.112 - 0.373ms returns FALSE
T210C 121:175.064 JLINK_IsHalted()
T210C 121:175.616 - 0.549ms returns FALSE
T210C 121:175.696 JLINK_IsHalted()
T210C 121:176.080 - 0.383ms returns FALSE
T210C 121:285.144 JLINK_IsHalted()
T210C 121:285.968 - 0.820ms returns FALSE
T210C 121:286.064 JLINK_IsHalted()
T210C 121:286.552 - 0.484ms returns FALSE
T210C 121:394.176 JLINK_IsHalted()
T210C 121:394.768 - 0.587ms returns FALSE
T210C 121:394.896 JLINK_IsHalted()
T210C 121:395.440 - 0.544ms returns FALSE
T210C 121:503.104 JLINK_IsHalted()
T210C 121:503.824 - 0.705ms returns FALSE
T210C 121:503.912 JLINK_IsHalted()
T210C 121:504.360 - 0.450ms returns FALSE
T210C 121:613.248 JLINK_IsHalted()
T210C 121:613.928 - 0.674ms returns FALSE
T210C 121:614.000 JLINK_IsHalted()
T210C 121:614.528 - 0.517ms returns FALSE
T210C 121:722.224 JLINK_IsHalted()
T210C 121:723.072 - 0.840ms returns FALSE
T210C 121:723.200 JLINK_IsHalted()
T210C 121:723.688 - 0.494ms returns FALSE
T8448 121:757.416 JLINK_IsHalted()
T8448 121:757.872 - 0.463ms returns FALSE
T8448 121:757.928 JLINK_IsHalted()
T8448 121:758.256 - 0.326ms returns FALSE
T210C 121:832.128 JLINK_IsHalted()
T210C 121:832.752 - 0.617ms returns FALSE
T210C 121:832.808 JLINK_IsHalted()
T210C 121:833.176 - 0.364ms returns FALSE
T210C 121:941.104 JLINK_IsHalted()
T210C 121:941.672 - 0.559ms returns FALSE
T210C 121:941.712 JLINK_IsHalted()
T210C 121:942.104 - 0.394ms returns FALSE
T210C 122:050.128 JLINK_IsHalted()
T210C 122:050.688 - 0.563ms returns FALSE
T210C 122:050.736 JLINK_IsHalted()
T210C 122:051.136 - 0.397ms returns FALSE
T210C 122:160.168 JLINK_IsHalted()
T210C 122:160.792 - 0.628ms returns FALSE
T210C 122:160.880 JLINK_IsHalted()
T210C 122:161.304 - 0.416ms returns FALSE
T210C 122:269.208 JLINK_IsHalted()
T210C 122:269.784 - 0.567ms returns FALSE
T210C 122:269.904 JLINK_IsHalted()
T210C 122:270.400 - 0.500ms returns FALSE
T210C 122:378.136 JLINK_IsHalted()
T210C 122:378.736 - 0.604ms returns FALSE
T210C 122:378.864 JLINK_IsHalted()
T210C 122:379.200 - 0.337ms returns FALSE
T210C 122:488.176 JLINK_IsHalted()
T210C 122:488.640 - 0.466ms returns FALSE
T210C 122:488.688 JLINK_IsHalted()
T210C 122:489.024 - 0.336ms returns FALSE
T210C 122:597.160 JLINK_IsHalted()
T210C 122:597.672 - 0.517ms returns FALSE
T210C 122:597.720 JLINK_IsHalted()
T210C 122:598.040 - 0.329ms returns FALSE
T210C 122:707.224 JLINK_IsHalted()
T210C 122:707.712 - 0.483ms returns FALSE
T210C 122:707.752 JLINK_IsHalted()
T210C 122:708.240 - 0.487ms returns FALSE
T8448 122:759.424 JLINK_IsHalted()
T8448 122:760.024 - 0.603ms returns FALSE
T8448 122:760.112 JLINK_IsHalted()
T8448 122:760.512 - 0.405ms returns FALSE
T210C 122:816.144 JLINK_IsHalted()
T210C 122:816.704 - 0.562ms returns FALSE
T210C 122:816.784 JLINK_IsHalted()
T210C 122:817.128 - 0.345ms returns FALSE
T210C 122:925.184 JLINK_IsHalted()
T210C 122:925.672 - 0.479ms returns FALSE
T210C 122:925.736 JLINK_IsHalted()
T210C 122:926.096 - 0.362ms returns FALSE
T210C 123:035.096 JLINK_IsHalted()
T210C 123:035.584 - 0.489ms returns FALSE
T210C 123:035.648 JLINK_IsHalted()
T210C 123:035.984 - 0.330ms returns FALSE
T210C 123:144.192 JLINK_IsHalted()
T210C 123:145.000 - 0.810ms returns FALSE
T210C 123:145.064 JLINK_IsHalted()
T210C 123:145.520 - 0.459ms returns FALSE
T210C 123:253.312 JLINK_IsHalted()
T210C 123:253.888 - 0.576ms returns FALSE
T210C 123:254.016 JLINK_IsHalted()
T210C 123:254.632 - 0.612ms returns FALSE
T210C 123:363.160 JLINK_IsHalted()
T210C 123:363.760 - 0.607ms returns FALSE
T210C 123:363.800 JLINK_IsHalted()
T210C 123:364.328 - 0.519ms returns FALSE
T210C 123:472.208 JLINK_IsHalted()
T210C 123:472.720 - 0.506ms returns FALSE
T210C 123:472.808 JLINK_IsHalted()
T210C 123:473.128 - 0.315ms returns FALSE
T210C 123:582.192 JLINK_IsHalted()
T210C 123:582.744 - 0.549ms returns FALSE
T210C 123:582.808 JLINK_IsHalted()
T210C 123:583.192 - 0.378ms returns FALSE
T210C 123:691.240 JLINK_IsHalted()
T210C 123:691.816 - 0.576ms returns FALSE
T210C 123:691.944 JLINK_IsHalted()
T210C 123:692.352 - 0.412ms returns FALSE
T8448 123:760.400 JLINK_IsHalted()
T8448 123:760.960 - 0.565ms returns FALSE
T8448 123:761.024 JLINK_IsHalted()
T8448 123:761.392 - 0.367ms returns FALSE
T210C 123:800.128 JLINK_IsHalted()
T210C 123:800.720 - 0.580ms returns FALSE
T210C 123:800.768 JLINK_IsHalted()
T210C 123:801.152 - 0.373ms returns FALSE
T210C 123:910.160 JLINK_IsHalted()
T210C 123:910.616 - 0.461ms returns FALSE
T210C 123:910.696 JLINK_IsHalted()
T210C 123:911.040 - 0.343ms returns FALSE
T210C 124:019.120 JLINK_IsHalted()
T210C 124:019.600 - 0.464ms returns FALSE
T210C 124:019.672 JLINK_IsHalted()
T210C 124:020.048 - 0.373ms returns FALSE
T210C 124:128.296 JLINK_IsHalted()
T210C 124:129.176 - 0.886ms returns FALSE
T210C 124:129.296 JLINK_IsHalted()
T210C 124:130.088 - 0.802ms returns FALSE
T210C 124:238.168 JLINK_IsHalted()
T210C 124:238.864 - 0.688ms returns FALSE
T210C 124:239.056 JLINK_IsHalted()
T210C 124:239.656 - 0.599ms returns FALSE
T210C 124:347.200 JLINK_IsHalted()
T210C 124:348.016 - 0.806ms returns FALSE
T210C 124:348.288 JLINK_IsHalted()
T210C 124:349.224 - 0.937ms returns FALSE
T210C 124:457.128 JLINK_IsHalted()
T210C 124:457.712 - 0.590ms returns FALSE
T210C 124:457.808 JLINK_IsHalted()
T210C 124:458.320 - 0.503ms returns FALSE
T210C 124:566.184 JLINK_IsHalted()
T210C 124:566.736 - 0.547ms returns FALSE
T210C 124:566.808 JLINK_IsHalted()
T210C 124:567.184 - 0.377ms returns FALSE
T210C 124:675.216 JLINK_IsHalted()
T210C 124:675.712 - 0.502ms returns FALSE
T210C 124:675.760 JLINK_IsHalted()
T210C 124:676.200 - 0.437ms returns FALSE
T8448 124:762.384 JLINK_IsHalted()
T8448 124:763.008 - 0.627ms returns FALSE
T8448 124:763.112 JLINK_IsHalted()
T8448 124:763.536 - 0.423ms returns FALSE
T210C 124:785.264 JLINK_IsHalted()
T210C 124:786.032 - 0.761ms returns FALSE
T210C 124:786.112 JLINK_IsHalted()
T210C 124:786.624 - 0.508ms returns FALSE
T210C 124:894.272 JLINK_IsHalted()
T210C 124:894.832 - 0.554ms returns FALSE
T210C 124:894.936 JLINK_IsHalted()
T210C 124:895.336 - 0.396ms returns FALSE
T210C 125:003.184 JLINK_IsHalted()
T210C 125:003.696 - 0.516ms returns FALSE
T210C 125:003.776 JLINK_IsHalted()
T210C 125:004.120 - 0.342ms returns FALSE
T210C 125:113.256 JLINK_IsHalted()
T210C 125:114.008 - 0.758ms returns FALSE
T210C 125:114.136 JLINK_IsHalted()
T210C 125:114.880 - 0.739ms returns FALSE
T210C 125:222.288 JLINK_IsHalted()
T210C 125:222.896 - 0.614ms returns FALSE
T210C 125:223.056 JLINK_IsHalted()
T210C 125:223.528 - 0.477ms returns FALSE
T210C 125:332.200 JLINK_IsHalted()
T210C 125:332.712 - 0.499ms returns FALSE
T210C 125:332.752 JLINK_IsHalted()
T210C 125:333.120 - 0.359ms returns FALSE
T210C 125:441.168 JLINK_IsHalted()
T210C 125:441.744 - 0.571ms returns FALSE
T210C 125:441.856 JLINK_IsHalted()
T210C 125:442.256 - 0.395ms returns FALSE
T210C 125:550.184 JLINK_IsHalted()
T210C 125:550.848 - 0.669ms returns FALSE
T210C 125:550.912 JLINK_IsHalted()
T210C 125:551.312 - 0.392ms returns FALSE
T210C 125:660.144 JLINK_IsHalted()
T210C 125:660.696 - 0.550ms returns FALSE
T210C 125:660.776 JLINK_IsHalted()
T210C 125:661.160 - 0.378ms returns FALSE
T8448 125:764.352 JLINK_IsHalted()
T8448 125:764.888 - 0.530ms returns FALSE
T8448 125:764.928 JLINK_IsHalted()
T8448 125:765.288 - 0.350ms returns FALSE
T210C 125:769.168 JLINK_IsHalted()
T210C 125:769.808 - 0.637ms returns FALSE
T210C 125:770.112 JLINK_IsHalted()
T210C 125:770.576 - 0.695ms returns FALSE
T210C 125:878.272 JLINK_IsHalted()
T210C 125:878.808 - 0.537ms returns FALSE
T210C 125:878.912 JLINK_IsHalted()
T210C 125:879.360 - 0.450ms returns FALSE
T210C 125:988.264 JLINK_IsHalted()
T210C 125:988.888 - 0.642ms returns FALSE
T210C 125:988.968 JLINK_IsHalted()
T210C 125:989.328 - 0.348ms returns FALSE
T210C 126:097.256 JLINK_IsHalted()
T210C 126:098.000 - 0.744ms returns FALSE
T210C 126:098.072 JLINK_IsHalted()
T210C 126:098.648 - 0.581ms returns FALSE
T210C 126:207.192 JLINK_IsHalted()
T210C 126:207.768 - 0.575ms returns FALSE
T210C 126:207.896 JLINK_IsHalted()
T210C 126:208.296 - 0.399ms returns FALSE
T210C 126:316.184 JLINK_IsHalted()
T210C 126:316.720 - 0.534ms returns FALSE
T210C 126:316.824 JLINK_IsHalted()
T210C 126:317.336 - 0.501ms returns FALSE
T210C 126:425.168 JLINK_IsHalted()
T210C 126:425.688 - 0.529ms returns FALSE
T210C 126:425.728 JLINK_IsHalted()
T210C 126:426.072 - 0.344ms returns FALSE
T210C 126:535.128 JLINK_IsHalted()
T210C 126:535.872 - 0.746ms returns FALSE
T210C 126:536.016 JLINK_IsHalted()
T210C 126:536.552 - 0.544ms returns FALSE
T210C 126:644.176 JLINK_IsHalted()
T210C 126:644.776 - 0.607ms returns FALSE
T210C 126:644.864 JLINK_IsHalted()
T210C 126:645.264 - 0.401ms returns FALSE
T210C 126:753.152 JLINK_IsHalted()
T210C 126:753.808 - 0.657ms returns FALSE
T210C 126:753.920 JLINK_IsHalted()
T210C 126:754.416 - 0.504ms returns FALSE
T8448 126:766.360 JLINK_IsHalted()
T8448 126:766.888 - 0.526ms returns FALSE
T8448 126:766.992 JLINK_IsHalted()
T8448 126:767.408 - 0.422ms returns FALSE
T210C 126:863.184 JLINK_IsHalted()
T210C 126:863.848 - 0.673ms returns FALSE
T210C 126:863.936 JLINK_IsHalted()
T210C 126:864.360 - 0.419ms returns FALSE
T210C 126:972.160 JLINK_IsHalted()
T210C 126:972.696 - 0.545ms returns FALSE
T210C 126:972.776 JLINK_IsHalted()
T210C 126:973.144 - 0.377ms returns FALSE
T210C 127:082.224 JLINK_IsHalted()
T210C 127:082.752 - 0.527ms returns FALSE
T210C 127:082.816 JLINK_IsHalted()
T210C 127:083.216 - 0.394ms returns FALSE
T210C 127:191.216 JLINK_IsHalted()
T210C 127:191.792 - 0.580ms returns FALSE
T210C 127:191.888 JLINK_IsHalted()
T210C 127:192.304 - 0.426ms returns FALSE
T210C 127:300.176 JLINK_IsHalted()
T210C 127:300.952 - 0.782ms returns FALSE
T210C 127:301.208 JLINK_IsHalted()
T210C 127:301.888 - 0.683ms returns FALSE
T210C 127:410.112 JLINK_IsHalted()
T210C 127:410.712 - 0.601ms returns FALSE
T210C 127:410.792 JLINK_IsHalted()
T210C 127:411.224 - 0.434ms returns FALSE
T210C 127:519.208 JLINK_IsHalted()
T210C 127:519.936 - 0.735ms returns FALSE
T210C 127:520.064 JLINK_IsHalted()
T210C 127:520.680 - 0.616ms returns FALSE
T210C 127:628.200 JLINK_IsHalted()
T210C 127:629.040 - 0.851ms returns FALSE
T210C 127:629.200 JLINK_IsHalted()
T210C 127:629.784 - 0.594ms returns FALSE
T210C 127:738.192 JLINK_IsHalted()
T210C 127:738.968 - 0.782ms returns FALSE
T210C 127:739.120 JLINK_IsHalted()
T210C 127:739.752 - 0.626ms returns FALSE
T8448 127:767.408 JLINK_IsHalted()
T8448 127:767.936 - 0.525ms returns FALSE
T8448 127:768.024 JLINK_IsHalted()
T8448 127:768.512 - 0.483ms returns FALSE
T210C 127:847.152 JLINK_IsHalted()
T210C 127:847.696 - 0.532ms returns FALSE
T210C 127:847.760 JLINK_IsHalted()
T210C 127:848.240 - 0.484ms returns FALSE
T210C 127:957.144 JLINK_IsHalted()
T210C 127:957.736 - 0.585ms returns FALSE
T210C 127:957.808 JLINK_IsHalted()
T210C 127:958.192 - 0.385ms returns FALSE
T210C 128:066.152 JLINK_IsHalted()
T210C 128:066.928 - 0.779ms returns FALSE
T210C 128:067.088 JLINK_IsHalted()
T210C 128:067.824 - 0.749ms returns FALSE
T210C 128:175.144 JLINK_IsHalted()
T210C 128:175.960 - 0.809ms returns FALSE
T210C 128:176.080 JLINK_IsHalted()
T210C 128:176.808 - 0.733ms returns FALSE
T210C 128:285.200 JLINK_IsHalted()
T210C 128:286.056 - 0.855ms returns FALSE
T210C 128:286.208 JLINK_IsHalted()
T210C 128:286.824 - 0.606ms returns FALSE
T210C 128:394.160 JLINK_IsHalted()
T210C 128:394.816 - 0.659ms returns FALSE
T210C 128:394.904 JLINK_IsHalted()
T210C 128:395.352 - 0.445ms returns FALSE
T210C 128:503.216 JLINK_IsHalted()
T210C 128:504.656 - 1.429ms returns FALSE
T210C 128:504.808 JLINK_IsHalted()
T210C 128:505.304 - 0.495ms returns FALSE
T210C 128:613.200 JLINK_IsHalted()
T210C 128:613.888 - 0.691ms returns FALSE
T210C 128:614.000 JLINK_IsHalted()
T210C 128:614.608 - 0.605ms returns FALSE
T210C 128:722.216 JLINK_IsHalted()
T210C 128:723.224 - 1.016ms returns FALSE
T210C 128:723.504 JLINK_IsHalted()
T210C 128:724.328 - 0.814ms returns FALSE
T8448 128:769.456 JLINK_IsHalted()
T8448 128:770.112 - 0.652ms returns FALSE
T8448 128:770.240 JLINK_IsHalted()
T8448 128:770.712 - 0.475ms returns FALSE
T210C 128:832.128 JLINK_IsHalted()
T210C 128:832.744 - 0.623ms returns FALSE
T210C 128:832.872 JLINK_IsHalted()
T210C 128:833.360 - 0.480ms returns FALSE
T210C 128:941.136 JLINK_IsHalted()
T210C 128:941.776 - 0.641ms returns FALSE
T210C 128:941.888 JLINK_IsHalted()
T210C 128:942.320 - 0.440ms returns FALSE
T210C 129:050.128 JLINK_IsHalted()
T210C 129:050.712 - 0.583ms returns FALSE
T210C 129:050.840 JLINK_IsHalted()
T210C 129:051.280 - 0.429ms returns FALSE
T210C 129:160.152 JLINK_IsHalted()
T210C 129:160.704 - 0.550ms returns FALSE
T210C 129:160.808 JLINK_IsHalted()
T210C 129:161.368 - 0.553ms returns FALSE
T210C 129:269.208 JLINK_IsHalted()
T210C 129:269.952 - 0.738ms returns FALSE
T210C 129:270.056 JLINK_IsHalted()
T210C 129:270.504 - 0.446ms returns FALSE
T210C 129:378.112 JLINK_IsHalted()
T210C 129:378.648 - 0.539ms returns FALSE
T210C 129:378.728 JLINK_IsHalted()
T210C 129:379.216 - 0.483ms returns FALSE
T210C 129:488.168 JLINK_IsHalted()
T210C 129:488.728 - 0.566ms returns FALSE
T210C 129:488.808 JLINK_IsHalted()
T210C 129:489.296 - 0.488ms returns FALSE
T210C 129:597.184 JLINK_IsHalted()
T210C 129:598.000 - 0.808ms returns FALSE
T210C 129:598.128 JLINK_IsHalted()
T210C 129:598.744 - 0.614ms returns FALSE
T210C 129:707.184 JLINK_IsHalted()
T210C 129:708.048 - 0.850ms returns FALSE
T210C 129:708.176 JLINK_IsHalted()
T210C 129:708.784 - 0.604ms returns FALSE
T8448 129:771.344 JLINK_IsHalted()
T8448 129:771.856 - 0.500ms returns FALSE
T8448 129:771.920 JLINK_IsHalted()
T8448 129:772.440 - 0.521ms returns FALSE
T210C 129:816.112 JLINK_IsHalted()
T210C 129:816.768 - 0.654ms returns FALSE
T210C 129:816.872 JLINK_IsHalted()
T210C 129:817.432 - 0.563ms returns FALSE
T210C 129:925.136 JLINK_IsHalted()
T210C 129:925.776 - 0.636ms returns FALSE
T210C 129:925.848 JLINK_IsHalted()
T210C 129:926.272 - 0.424ms returns FALSE
T210C 130:035.200 JLINK_IsHalted()
T210C 130:036.800 - 1.597ms returns FALSE
T210C 130:036.992 JLINK_IsHalted()
T210C 130:037.592 - 0.603ms returns FALSE
T210C 130:144.272 JLINK_IsHalted()
T210C 130:145.040 - 0.772ms returns FALSE
T210C 130:145.176 JLINK_IsHalted()
T210C 130:145.792 - 0.614ms returns FALSE
T210C 130:253.136 JLINK_IsHalted()
T210C 130:253.912 - 0.778ms returns FALSE
T210C 130:254.040 JLINK_IsHalted()
T210C 130:254.888 - 0.847ms returns FALSE
T210C 130:363.184 JLINK_IsHalted()
T210C 130:363.888 - 0.707ms returns FALSE
T210C 130:364.016 JLINK_IsHalted()
T210C 130:364.544 - 0.527ms returns FALSE
T210C 130:472.152 JLINK_IsHalted()
T210C 130:472.808 - 0.656ms returns FALSE
T210C 130:472.880 JLINK_IsHalted()
T210C 130:473.360 - 0.477ms returns FALSE
T210C 130:582.208 JLINK_IsHalted()
T210C 130:582.744 - 0.548ms returns FALSE
T210C 130:582.832 JLINK_IsHalted()
T210C 130:583.312 - 0.468ms returns FALSE
T210C 130:691.200 JLINK_IsHalted()
T210C 130:691.776 - 0.577ms returns FALSE
T210C 130:691.840 JLINK_IsHalted()
T210C 130:692.248 - 0.398ms returns FALSE
T8448 130:772.400 JLINK_IsHalted()
T8448 130:772.952 - 0.540ms returns FALSE
T8448 130:773.072 JLINK_IsHalted()
T8448 130:773.544 - 0.467ms returns FALSE
T210C 130:800.112 JLINK_IsHalted()
T210C 130:800.752 - 0.636ms returns FALSE
T210C 130:800.856 JLINK_IsHalted()
T210C 130:801.296 - 0.435ms returns FALSE
T210C 130:910.160 JLINK_IsHalted()
T210C 130:910.704 - 0.544ms returns FALSE
T210C 130:910.768 JLINK_IsHalted()
T210C 130:911.184 - 0.402ms returns FALSE
T210C 131:019.176 JLINK_IsHalted()
T210C 131:019.736 - 0.565ms returns FALSE
T210C 131:019.840 JLINK_IsHalted()
T210C 131:020.312 - 0.466ms returns FALSE
T210C 131:128.192 JLINK_IsHalted()
T210C 131:128.944 - 0.756ms returns FALSE
T210C 131:129.072 JLINK_IsHalted()
T210C 131:129.664 - 0.596ms returns FALSE
T210C 131:238.208 JLINK_IsHalted()
T210C 131:239.024 - 0.822ms returns FALSE
T210C 131:239.184 JLINK_IsHalted()
T210C 131:239.824 - 0.637ms returns FALSE
T210C 131:347.184 JLINK_IsHalted()
T210C 131:348.016 - 0.837ms returns FALSE
T210C 131:348.176 JLINK_IsHalted()
T210C 131:348.720 - 0.548ms returns FALSE
T210C 131:457.192 JLINK_IsHalted()
T210C 131:457.816 - 0.626ms returns FALSE
T210C 131:457.904 JLINK_IsHalted()
T210C 131:458.352 - 0.448ms returns FALSE
T210C 131:566.168 JLINK_IsHalted()
T210C 131:567.192 - 1.020ms returns FALSE
T210C 131:567.440 JLINK_IsHalted()
T210C 131:568.104 - 0.670ms returns FALSE
T210C 131:675.312 JLINK_IsHalted()
T210C 131:676.400 - 1.097ms returns FALSE
T210C 131:676.592 JLINK_IsHalted()
T210C 131:677.272 - 0.676ms returns FALSE
T8448 131:773.376 JLINK_IsHalted()
T8448 131:773.912 - 0.543ms returns FALSE
T8448 131:773.992 JLINK_IsHalted()
T8448 131:774.416 - 0.424ms returns FALSE
T210C 131:785.112 JLINK_IsHalted()
T210C 131:785.688 - 0.579ms returns FALSE
T210C 131:785.768 JLINK_IsHalted()
T210C 131:786.256 - 0.485ms returns FALSE
T210C 131:894.184 JLINK_IsHalted()
T210C 131:894.808 - 0.624ms returns FALSE
T210C 131:894.896 JLINK_IsHalted()
T210C 131:895.312 - 0.413ms returns FALSE
T210C 132:003.160 JLINK_IsHalted()
T210C 132:003.800 - 0.641ms returns FALSE
T210C 132:003.880 JLINK_IsHalted()
T210C 132:004.416 - 0.533ms returns FALSE
T210C 132:113.176 JLINK_IsHalted()
T210C 132:114.008 - 0.829ms returns FALSE
T210C 132:114.176 JLINK_IsHalted()
T210C 132:114.840 - 0.667ms returns FALSE
T210C 132:222.192 JLINK_IsHalted()
T210C 132:223.000 - 0.800ms returns FALSE
T210C 132:223.152 JLINK_IsHalted()
T210C 132:223.824 - 0.664ms returns FALSE
T210C 132:332.184 JLINK_IsHalted()
T210C 132:332.912 - 0.737ms returns FALSE
T210C 132:333.072 JLINK_IsHalted()
T210C 132:333.616 - 0.559ms returns FALSE
T210C 132:441.112 JLINK_IsHalted()
T210C 132:441.688 - 0.567ms returns FALSE
T210C 132:441.816 JLINK_IsHalted()
T210C 132:442.288 - 0.476ms returns FALSE
T210C 132:550.192 JLINK_IsHalted()
T210C 132:551.088 - 0.904ms returns FALSE
T210C 132:551.208 JLINK_IsHalted()
T210C 132:551.896 - 0.687ms returns FALSE
T210C 132:660.136 JLINK_IsHalted()
T210C 132:661.528 - 1.398ms returns FALSE
T210C 132:661.632 JLINK_IsHalted()
T210C 132:662.056 - 0.421ms returns FALSE
T210C 132:769.200 JLINK_IsHalted()
T210C 132:769.880 - 0.685ms returns FALSE
T210C 132:770.000 JLINK_IsHalted()
T210C 132:770.560 - 0.563ms returns FALSE
T8448 132:774.416 JLINK_IsHalted()
T8448 132:775.104 - 0.686ms returns FALSE
T8448 132:775.232 JLINK_IsHalted()
T8448 132:775.744 - 0.507ms returns FALSE
T210C 132:878.168 JLINK_IsHalted()
T210C 132:878.704 - 0.539ms returns FALSE
T210C 132:878.784 JLINK_IsHalted()
T210C 132:879.336 - 0.546ms returns FALSE
T210C 132:988.160 JLINK_IsHalted()
T210C 132:988.928 - 0.762ms returns FALSE
T210C 132:989.016 JLINK_IsHalted()
T210C 132:989.488 - 0.471ms returns FALSE
T210C 133:097.176 JLINK_IsHalted()
T210C 133:098.072 - 0.899ms returns FALSE
T210C 133:098.224 JLINK_IsHalted()
T210C 133:098.896 - 0.661ms returns FALSE
T210C 133:207.232 JLINK_IsHalted()
T210C 133:208.080 - 0.850ms returns FALSE
T210C 133:208.216 JLINK_IsHalted()
T210C 133:208.856 - 0.637ms returns FALSE
T210C 133:316.184 JLINK_IsHalted()
T210C 133:316.992 - 0.809ms returns FALSE
T210C 133:317.104 JLINK_IsHalted()
T210C 133:317.592 - 0.489ms returns FALSE
T210C 133:425.192 JLINK_IsHalted()
T210C 133:425.968 - 0.781ms returns FALSE
T210C 133:426.096 JLINK_IsHalted()
T210C 133:426.672 - 0.577ms returns FALSE
T210C 133:535.144 JLINK_IsHalted()
T210C 133:535.936 - 0.789ms returns FALSE
T210C 133:536.048 JLINK_IsHalted()
T210C 133:536.616 - 0.567ms returns FALSE
T210C 133:644.176 JLINK_IsHalted()
T210C 133:645.056 - 0.876ms returns FALSE
T210C 133:645.288 JLINK_IsHalted()
T210C 133:645.968 - 0.679ms returns FALSE
T210C 133:753.200 JLINK_IsHalted()
T210C 133:754.176 - 0.968ms returns FALSE
T210C 133:754.496 JLINK_IsHalted()
T210C 133:755.248 - 0.757ms returns FALSE
T8448 133:776.368 JLINK_IsHalted()
T8448 133:776.896 - 0.529ms returns FALSE
T8448 133:776.960 JLINK_IsHalted()
T8448 133:777.384 - 0.420ms returns FALSE
T210C 133:863.168 JLINK_IsHalted()
T210C 133:863.720 - 0.562ms returns FALSE
T210C 133:863.808 JLINK_IsHalted()
T210C 133:864.272 - 0.458ms returns FALSE
T210C 133:972.144 JLINK_IsHalted()
T210C 133:972.720 - 0.581ms returns FALSE
T210C 133:972.800 JLINK_IsHalted()
T210C 133:973.200 - 0.395ms returns FALSE
T210C 134:082.128 JLINK_IsHalted()
T210C 134:082.672 - 0.545ms returns FALSE
T210C 134:082.736 JLINK_IsHalted()
T210C 134:083.120 - 0.383ms returns FALSE
T210C 134:191.152 JLINK_IsHalted()
T210C 134:191.936 - 0.782ms returns FALSE
T210C 134:192.080 JLINK_IsHalted()
T210C 134:192.744 - 0.660ms returns FALSE
T210C 134:300.144 JLINK_IsHalted()
T210C 134:301.296 - 1.152ms returns FALSE
T210C 134:301.504 JLINK_IsHalted()
T210C 134:302.176 - 0.663ms returns FALSE
T210C 134:410.112 JLINK_IsHalted()
T210C 134:410.688 - 0.579ms returns FALSE
T210C 134:410.784 JLINK_IsHalted()
T210C 134:411.168 - 0.399ms returns FALSE
T210C 134:519.152 JLINK_IsHalted()
T210C 134:519.712 - 0.555ms returns FALSE
T210C 134:519.792 JLINK_IsHalted()
T210C 134:520.224 - 0.425ms returns FALSE
T210C 134:628.144 JLINK_IsHalted()
T210C 134:628.688 - 0.534ms returns FALSE
T210C 134:628.768 JLINK_IsHalted()
T210C 134:629.184 - 0.431ms returns FALSE
T210C 134:738.144 JLINK_IsHalted()
T210C 134:738.880 - 0.730ms returns FALSE
T210C 134:738.944 JLINK_IsHalted()
T210C 134:739.360 - 0.405ms returns FALSE
T8448 134:777.392 JLINK_IsHalted()
T8448 134:777.936 - 0.539ms returns FALSE
T8448 134:778.000 JLINK_IsHalted()
T8448 134:778.384 - 0.379ms returns FALSE
T210C 134:847.152 JLINK_IsHalted()
T210C 134:847.696 - 0.538ms returns FALSE
T210C 134:847.776 JLINK_IsHalted()
T210C 134:848.176 - 0.407ms returns FALSE
T210C 134:957.152 JLINK_IsHalted()
T210C 134:957.728 - 0.573ms returns FALSE
T210C 134:957.808 JLINK_IsHalted()
T210C 134:958.208 - 0.396ms returns FALSE
T210C 135:066.224 JLINK_IsHalted()
T210C 135:066.784 - 0.550ms returns FALSE
T210C 135:066.848 JLINK_IsHalted()
T210C 135:067.248 - 0.405ms returns FALSE
T210C 135:175.248 JLINK_IsHalted()
T210C 135:176.224 - 0.969ms returns FALSE
T210C 135:176.432 JLINK_IsHalted()
T210C 135:177.184 - 0.755ms returns FALSE
T210C 135:285.152 JLINK_IsHalted()
T210C 135:285.984 - 0.815ms returns FALSE
T210C 135:286.112 JLINK_IsHalted()
T210C 135:286.800 - 0.674ms returns FALSE
T210C 135:394.208 JLINK_IsHalted()
T210C 135:395.056 - 0.862ms returns FALSE
T210C 135:395.232 JLINK_IsHalted()
T210C 135:395.872 - 0.633ms returns FALSE
T210C 135:503.200 JLINK_IsHalted()
T210C 135:504.096 - 0.889ms returns FALSE
T210C 135:504.224 JLINK_IsHalted()
T210C 135:504.784 - 0.558ms returns FALSE
T210C 135:613.184 JLINK_IsHalted()
T210C 135:614.016 - 0.840ms returns FALSE
T210C 135:614.176 JLINK_IsHalted()
T210C 135:614.912 - 0.739ms returns FALSE
T210C 135:722.208 JLINK_IsHalted()
T210C 135:722.976 - 0.769ms returns FALSE
T210C 135:723.120 JLINK_IsHalted()
T210C 135:723.776 - 0.649ms returns FALSE
T8448 135:778.368 JLINK_IsHalted()
T8448 135:779.360 - 0.982ms returns FALSE
T8448 135:779.424 JLINK_IsHalted()
T8448 135:779.872 - 0.455ms returns FALSE
T210C 135:832.128 JLINK_IsHalted()
T210C 135:832.752 - 0.630ms returns FALSE
T210C 135:832.848 JLINK_IsHalted()
T210C 135:833.312 - 0.460ms returns FALSE
T210C 135:941.104 JLINK_IsHalted()
T210C 135:941.680 - 0.569ms returns FALSE
T210C 135:941.792 JLINK_IsHalted()
T210C 135:942.272 - 0.466ms returns FALSE
T210C 136:050.112 JLINK_IsHalted()
T210C 136:050.768 - 0.645ms returns FALSE
T210C 136:050.848 JLINK_IsHalted()
T210C 136:051.264 - 0.419ms returns FALSE
T210C 136:160.128 JLINK_IsHalted()
T210C 136:160.768 - 0.639ms returns FALSE
T210C 136:160.864 JLINK_IsHalted()
T210C 136:161.392 - 0.532ms returns FALSE
T210C 136:269.152 JLINK_IsHalted()
T210C 136:269.792 - 0.657ms returns FALSE
T210C 136:269.904 JLINK_IsHalted()
T210C 136:270.352 - 0.447ms returns FALSE
T210C 136:378.112 JLINK_IsHalted()
T210C 136:378.688 - 0.572ms returns FALSE
T210C 136:378.800 JLINK_IsHalted()
T210C 136:379.248 - 0.443ms returns FALSE
T210C 136:488.112 JLINK_IsHalted()
T210C 136:489.184 - 1.069ms returns FALSE
T210C 136:489.280 JLINK_IsHalted()
T210C 136:489.728 - 0.443ms returns FALSE
T210C 136:597.152 JLINK_IsHalted()
T210C 136:597.712 - 0.558ms returns FALSE
T210C 136:597.792 JLINK_IsHalted()
T210C 136:598.336 - 0.549ms returns FALSE
T210C 136:707.120 JLINK_IsHalted()
T210C 136:707.760 - 0.634ms returns FALSE
T210C 136:707.840 JLINK_IsHalted()
T210C 136:708.256 - 0.428ms returns FALSE
T8448 136:780.384 JLINK_IsHalted()
T8448 136:781.600 - 1.206ms returns FALSE
T8448 136:781.680 JLINK_IsHalted()
T8448 136:782.160 - 0.475ms returns FALSE
T210C 136:816.112 JLINK_IsHalted()
T210C 136:816.672 - 0.560ms returns FALSE
T210C 136:816.752 JLINK_IsHalted()
T210C 136:817.216 - 0.464ms returns FALSE
T210C 136:925.120 JLINK_IsHalted()
T210C 136:925.696 - 0.582ms returns FALSE
T210C 136:925.792 JLINK_IsHalted()
T210C 136:926.192 - 0.412ms returns FALSE
T210C 137:035.120 JLINK_IsHalted()
T210C 137:035.728 - 0.596ms returns FALSE
T210C 137:035.824 JLINK_IsHalted()
T210C 137:036.320 - 0.483ms returns FALSE
T210C 137:144.128 JLINK_IsHalted()
T210C 137:144.800 - 0.683ms returns FALSE
T210C 137:144.912 JLINK_IsHalted()
T210C 137:145.392 - 0.489ms returns FALSE
T210C 137:253.104 JLINK_IsHalted()
T210C 137:253.712 - 0.606ms returns FALSE
T210C 137:253.840 JLINK_IsHalted()
T210C 137:254.288 - 0.454ms returns FALSE
T210C 137:363.120 JLINK_IsHalted()
T210C 137:363.824 - 0.706ms returns FALSE
T210C 137:363.936 JLINK_IsHalted()
T210C 137:364.560 - 0.620ms returns FALSE
T210C 137:472.112 JLINK_IsHalted()
T210C 137:472.752 - 0.641ms returns FALSE
T210C 137:472.832 JLINK_IsHalted()
T210C 137:473.328 - 0.501ms returns FALSE
T210C 137:582.112 JLINK_IsHalted()
T210C 137:582.672 - 0.551ms returns FALSE
T210C 137:582.752 JLINK_IsHalted()
T210C 137:583.152 - 0.420ms returns FALSE
T210C 137:691.120 JLINK_IsHalted()
T210C 137:691.712 - 0.577ms returns FALSE
T210C 137:691.808 JLINK_IsHalted()
T210C 137:692.288 - 0.494ms returns FALSE
T8448 137:784.352 JLINK_IsHalted()
T8448 137:784.928 - 0.577ms returns FALSE
T8448 137:785.040 JLINK_IsHalted()
T8448 137:785.504 - 0.455ms returns FALSE
T210C 137:800.160 JLINK_IsHalted()
T210C 137:800.800 - 0.621ms returns FALSE
T210C 137:800.896 JLINK_IsHalted()
T210C 137:801.344 - 0.443ms returns FALSE
T210C 137:910.112 JLINK_IsHalted()
T210C 137:910.672 - 0.558ms returns FALSE
T210C 137:910.768 JLINK_IsHalted()
T210C 137:911.216 - 0.454ms returns FALSE
T210C 138:019.104 JLINK_IsHalted()
T210C 138:019.728 - 0.610ms returns FALSE
T210C 138:019.840 JLINK_IsHalted()
T210C 138:020.320 - 0.476ms returns FALSE
T210C 138:128.112 JLINK_IsHalted()
T210C 138:128.688 - 0.582ms returns FALSE
T210C 138:128.768 JLINK_IsHalted()
T210C 138:129.200 - 0.428ms returns FALSE
T210C 138:238.112 JLINK_IsHalted()
T210C 138:238.800 - 0.675ms returns FALSE
T210C 138:238.880 JLINK_IsHalted()
T210C 138:239.312 - 0.427ms returns FALSE
T210C 138:347.104 JLINK_IsHalted()
T210C 138:347.680 - 0.568ms returns FALSE
T210C 138:347.744 JLINK_IsHalted()
T210C 138:348.192 - 0.444ms returns FALSE
T210C 138:457.168 JLINK_IsHalted()
T210C 138:457.760 - 0.586ms returns FALSE
T210C 138:457.840 JLINK_IsHalted()
T210C 138:458.272 - 0.434ms returns FALSE
T210C 138:566.144 JLINK_IsHalted()
T210C 138:566.752 - 0.616ms returns FALSE
T210C 138:566.880 JLINK_IsHalted()
T210C 138:567.392 - 0.508ms returns FALSE
T210C 138:675.136 JLINK_IsHalted()
T210C 138:675.760 - 0.622ms returns FALSE
T210C 138:675.856 JLINK_IsHalted()
T210C 138:676.320 - 0.473ms returns FALSE
T210C 138:785.136 JLINK_IsHalted()
T210C 138:785.824 - 0.685ms returns FALSE
T210C 138:785.936 JLINK_IsHalted()
T210C 138:786.400 - 0.467ms returns FALSE
T8448 138:786.544 JLINK_IsHalted()
T8448 138:787.040 - 0.501ms returns FALSE
T8448 138:787.168 JLINK_IsHalted()
T8448 138:787.680 - 0.494ms returns FALSE
T210C 138:894.112 JLINK_IsHalted()
T210C 138:894.752 - 0.636ms returns FALSE
T210C 138:894.864 JLINK_IsHalted()
T210C 138:895.328 - 0.471ms returns FALSE
T210C 139:003.120 JLINK_IsHalted()
T210C 139:003.744 - 0.617ms returns FALSE
T210C 139:003.872 JLINK_IsHalted()
T210C 139:004.368 - 0.493ms returns FALSE
T210C 139:113.120 JLINK_IsHalted()
T210C 139:113.808 - 0.679ms returns FALSE
T210C 139:113.920 JLINK_IsHalted()
T210C 139:114.368 - 0.449ms returns FALSE
T210C 139:222.240 JLINK_IsHalted()
T210C 139:223.008 - 0.775ms returns FALSE
T210C 139:223.136 JLINK_IsHalted()
T210C 139:223.728 - 0.588ms returns FALSE
T210C 139:332.112 JLINK_IsHalted()
T210C 139:332.720 - 0.610ms returns FALSE
T210C 139:332.800 JLINK_IsHalted()
T210C 139:333.376 - 0.578ms returns FALSE
T210C 139:441.120 JLINK_IsHalted()
T210C 139:441.728 - 0.607ms returns FALSE
T210C 139:441.856 JLINK_IsHalted()
T210C 139:442.368 - 0.517ms returns FALSE
T210C 139:550.112 JLINK_IsHalted()
T210C 139:550.704 - 0.599ms returns FALSE
T210C 139:550.832 JLINK_IsHalted()
T210C 139:551.328 - 0.499ms returns FALSE
T210C 139:660.096 JLINK_IsHalted()
T210C 139:660.704 - 0.596ms returns FALSE
T210C 139:660.768 JLINK_IsHalted()
T210C 139:661.248 - 0.463ms returns FALSE
T210C 139:769.136 JLINK_IsHalted()
T210C 139:769.760 - 0.617ms returns FALSE
T210C 139:769.856 JLINK_IsHalted()
T210C 139:770.304 - 0.444ms returns FALSE
T8448 139:788.368 JLINK_IsHalted()
T8448 139:788.912 - 0.539ms returns FALSE
T8448 139:788.992 JLINK_IsHalted()
T8448 139:789.472 - 0.485ms returns FALSE
T210C 139:878.112 JLINK_IsHalted()
T210C 139:878.688 - 0.579ms returns FALSE
T210C 139:878.752 JLINK_IsHalted()
T210C 139:879.200 - 0.436ms returns FALSE
T210C 139:988.128 JLINK_IsHalted()
T210C 139:988.784 - 0.665ms returns FALSE
T210C 139:988.912 JLINK_IsHalted()
T210C 139:989.408 - 0.493ms returns FALSE
T210C 140:097.120 JLINK_IsHalted()
T210C 140:097.696 - 0.587ms returns FALSE
T210C 140:097.792 JLINK_IsHalted()
T210C 140:098.304 - 0.513ms returns FALSE
T210C 140:207.184 JLINK_IsHalted()
T210C 140:207.840 - 0.657ms returns FALSE
T210C 140:207.936 JLINK_IsHalted()
T210C 140:208.448 - 0.500ms returns FALSE
T210C 140:316.112 JLINK_IsHalted()
T210C 140:316.736 - 0.628ms returns FALSE
T210C 140:316.816 JLINK_IsHalted()
T210C 140:317.376 - 0.561ms returns FALSE
T210C 140:425.120 JLINK_IsHalted()
T210C 140:425.888 - 0.747ms returns FALSE
T210C 140:425.952 JLINK_IsHalted()
T210C 140:426.416 - 0.452ms returns FALSE
T210C 140:535.120 JLINK_IsHalted()
T210C 140:535.744 - 0.617ms returns FALSE
T210C 140:535.952 JLINK_IsHalted()
T210C 140:536.480 - 0.528ms returns FALSE
T210C 140:644.128 JLINK_IsHalted()
T210C 140:644.768 - 0.652ms returns FALSE
T210C 140:644.896 JLINK_IsHalted()
T210C 140:645.392 - 0.486ms returns FALSE
T210C 140:753.120 JLINK_IsHalted()
T210C 140:753.792 - 0.688ms returns FALSE
T210C 140:753.888 JLINK_IsHalted()
T210C 140:754.544 - 0.656ms returns FALSE
T8448 140:789.312 JLINK_IsHalted()
T8448 140:789.904 - 0.583ms returns FALSE
T8448 140:789.984 JLINK_IsHalted()
T8448 140:790.496 - 0.523ms returns FALSE
T210C 140:863.120 JLINK_IsHalted()
T210C 140:863.664 - 0.554ms returns FALSE
T210C 140:863.776 JLINK_IsHalted()
T210C 140:864.256 - 0.461ms returns FALSE
T210C 140:972.128 JLINK_IsHalted()
T210C 140:972.736 - 0.618ms returns FALSE
T210C 140:972.832 JLINK_IsHalted()
T210C 140:973.280 - 0.458ms returns FALSE
T210C 141:082.144 JLINK_IsHalted()
T210C 141:082.784 - 0.651ms returns FALSE
T210C 141:082.912 JLINK_IsHalted()
T210C 141:083.488 - 0.592ms returns FALSE
T210C 141:191.136 JLINK_IsHalted()
T210C 141:191.760 - 0.630ms returns FALSE
T210C 141:191.856 JLINK_IsHalted()
T210C 141:192.544 - 0.694ms returns FALSE
T210C 141:300.160 JLINK_IsHalted()
T210C 141:300.832 - 0.667ms returns FALSE
T210C 141:300.960 JLINK_IsHalted()
T210C 141:301.392 - 0.434ms returns FALSE
T210C 141:410.144 JLINK_IsHalted()
T210C 141:410.912 - 0.789ms returns FALSE
T210C 141:411.040 JLINK_IsHalted()
T210C 141:411.552 - 0.518ms returns FALSE
T210C 141:519.200 JLINK_IsHalted()
T210C 141:519.776 - 0.575ms returns FALSE
T210C 141:519.888 JLINK_IsHalted()
T210C 141:520.288 - 0.406ms returns FALSE
T210C 141:628.192 JLINK_IsHalted()
T210C 141:628.832 - 0.636ms returns FALSE
T210C 141:628.912 JLINK_IsHalted()
T210C 141:629.408 - 0.488ms returns FALSE
T210C 141:738.096 JLINK_IsHalted()
T210C 141:738.864 - 0.761ms returns FALSE
T210C 141:738.976 JLINK_IsHalted()
T210C 141:739.504 - 0.524ms returns FALSE
T8448 141:790.352 JLINK_IsHalted()
T8448 141:791.056 - 0.703ms returns FALSE
T8448 141:791.136 JLINK_IsHalted()
T8448 141:791.648 - 0.506ms returns FALSE
T210C 141:847.152 JLINK_IsHalted()
T210C 141:847.776 - 0.635ms returns FALSE
T210C 141:847.856 JLINK_IsHalted()
T210C 141:848.384 - 0.518ms returns FALSE
T210C 141:957.168 JLINK_IsHalted()
T210C 141:957.856 - 0.682ms returns FALSE
T210C 141:957.936 JLINK_IsHalted()
T210C 141:958.336 - 0.395ms returns FALSE
T210C 142:066.208 JLINK_IsHalted()
T210C 142:066.736 - 0.522ms returns FALSE
T210C 142:066.816 JLINK_IsHalted()
T210C 142:067.216 - 0.400ms returns FALSE
T210C 142:175.168 JLINK_IsHalted()
T210C 142:175.920 - 0.751ms returns FALSE
T210C 142:176.048 JLINK_IsHalted()
T210C 142:176.656 - 0.594ms returns FALSE
T210C 142:285.200 JLINK_IsHalted()
T210C 142:286.016 - 0.817ms returns FALSE
T210C 142:286.160 JLINK_IsHalted()
T210C 142:286.784 - 0.627ms returns FALSE
T210C 142:394.208 JLINK_IsHalted()
T210C 142:394.896 - 0.701ms returns FALSE
T210C 142:394.992 JLINK_IsHalted()
T210C 142:395.472 - 0.468ms returns FALSE
T210C 142:503.136 JLINK_IsHalted()
T210C 142:503.728 - 0.585ms returns FALSE
T210C 142:503.824 JLINK_IsHalted()
T210C 142:504.288 - 0.462ms returns FALSE
T210C 142:613.152 JLINK_IsHalted()
T210C 142:613.728 - 0.565ms returns FALSE
T210C 142:613.792 JLINK_IsHalted()
T210C 142:614.224 - 0.424ms returns FALSE
T210C 142:722.160 JLINK_IsHalted()
T210C 142:723.056 - 0.897ms returns FALSE
T210C 142:723.216 JLINK_IsHalted()
T210C 142:723.872 - 0.662ms returns FALSE
T8448 142:792.464 JLINK_IsHalted()
T8448 142:792.992 - 0.533ms returns FALSE
T8448 142:793.072 JLINK_IsHalted()
T8448 142:793.488 - 0.408ms returns FALSE
T210C 142:832.144 JLINK_IsHalted()
T210C 142:832.736 - 0.604ms returns FALSE
T210C 142:832.912 JLINK_IsHalted()
T210C 142:833.360 - 0.452ms returns FALSE
T210C 142:941.184 JLINK_IsHalted()
T210C 142:941.792 - 0.611ms returns FALSE
T210C 142:941.856 JLINK_IsHalted()
T210C 142:942.336 - 0.468ms returns FALSE
T210C 143:050.144 JLINK_IsHalted()
T210C 143:050.736 - 0.591ms returns FALSE
T210C 143:050.832 JLINK_IsHalted()
T210C 143:051.232 - 0.420ms returns FALSE
T210C 143:160.160 JLINK_IsHalted()
T210C 143:161.072 - 0.911ms returns FALSE
T210C 143:161.296 JLINK_IsHalted()
T210C 143:162.016 - 0.718ms returns FALSE
T210C 143:269.184 JLINK_IsHalted()
T210C 143:270.224 - 1.033ms returns FALSE
T210C 143:270.352 JLINK_IsHalted()
T210C 143:270.976 - 0.623ms returns FALSE
T210C 143:378.208 JLINK_IsHalted()
T210C 143:379.072 - 0.849ms returns FALSE
T210C 143:379.232 JLINK_IsHalted()
T210C 143:379.872 - 0.641ms returns FALSE
T210C 143:488.176 JLINK_IsHalted()
T210C 143:488.960 - 0.789ms returns FALSE
T210C 143:489.120 JLINK_IsHalted()
T210C 143:489.744 - 0.610ms returns FALSE
T210C 143:597.184 JLINK_IsHalted()
T210C 143:597.952 - 0.761ms returns FALSE
T210C 143:598.096 JLINK_IsHalted()
T210C 143:598.800 - 0.706ms returns FALSE
T210C 143:707.232 JLINK_IsHalted()
T210C 143:708.048 - 0.801ms returns FALSE
T210C 143:708.208 JLINK_IsHalted()
T210C 143:708.880 - 0.670ms returns FALSE
T8448 143:794.416 JLINK_IsHalted()
T8448 143:795.488 - 1.068ms returns FALSE
T8448 143:795.568 JLINK_IsHalted()
T8448 143:796.000 - 0.416ms returns FALSE
T210C 143:816.160 JLINK_IsHalted()
T210C 143:816.704 - 0.541ms returns FALSE
T210C 143:816.768 JLINK_IsHalted()
T210C 143:817.168 - 0.393ms returns FALSE
T210C 143:925.200 JLINK_IsHalted()
T210C 143:925.744 - 0.552ms returns FALSE
T210C 143:925.808 JLINK_IsHalted()
T210C 143:926.240 - 0.428ms returns FALSE
T210C 144:035.168 JLINK_IsHalted()
T210C 144:035.776 - 0.621ms returns FALSE
T210C 144:035.856 JLINK_IsHalted()
T210C 144:036.272 - 0.413ms returns FALSE
T210C 144:144.112 JLINK_IsHalted()
T210C 144:144.928 - 0.818ms returns FALSE
T210C 144:145.056 JLINK_IsHalted()
T210C 144:145.648 - 0.590ms returns FALSE
T210C 144:253.184 JLINK_IsHalted()
T210C 144:254.080 - 0.880ms returns FALSE
T210C 144:254.240 JLINK_IsHalted()
T210C 144:254.912 - 0.665ms returns FALSE
T210C 144:363.200 JLINK_IsHalted()
T210C 144:365.664 - 2.453ms returns FALSE
T210C 144:365.904 JLINK_IsHalted()
T210C 144:366.688 - 0.775ms returns FALSE
T210C 144:472.160 JLINK_IsHalted()
T210C 144:472.720 - 0.541ms returns FALSE
T210C 144:472.800 JLINK_IsHalted()
T210C 144:473.200 - 0.407ms returns FALSE
T210C 144:582.144 JLINK_IsHalted()
T210C 144:582.800 - 0.653ms returns FALSE
T210C 144:582.880 JLINK_IsHalted()
T210C 144:583.328 - 0.466ms returns FALSE
T210C 144:691.200 JLINK_IsHalted()
T210C 144:691.952 - 0.753ms returns FALSE
T210C 144:692.064 JLINK_IsHalted()
T210C 144:692.608 - 0.546ms returns FALSE
T8448 144:798.336 JLINK_IsHalted()
T8448 144:798.880 - 0.558ms returns FALSE
T8448 144:798.960 JLINK_IsHalted()
T8448 144:799.376 - 0.406ms returns FALSE
T210C 144:800.112 JLINK_IsHalted()
T210C 144:800.624 - 0.520ms returns FALSE
T210C 144:800.720 JLINK_IsHalted()
T210C 144:801.168 - 0.437ms returns FALSE
T210C 144:910.160 JLINK_IsHalted()
T210C 144:910.720 - 0.567ms returns FALSE
T210C 144:910.800 JLINK_IsHalted()
T210C 144:911.200 - 0.407ms returns FALSE
T210C 145:019.120 JLINK_IsHalted()
T210C 145:020.112 - 0.987ms returns FALSE
T210C 145:020.224 JLINK_IsHalted()
T210C 145:020.688 - 0.458ms returns FALSE
T210C 145:128.208 JLINK_IsHalted()
T210C 145:128.864 - 0.652ms returns FALSE
T210C 145:128.960 JLINK_IsHalted()
T210C 145:129.680 - 0.725ms returns FALSE
T210C 145:238.112 JLINK_IsHalted()
T210C 145:238.768 - 0.665ms returns FALSE
T210C 145:238.944 JLINK_IsHalted()
T210C 145:239.584 - 0.655ms returns FALSE
T210C 145:347.136 JLINK_IsHalted()
T210C 145:347.808 - 0.675ms returns FALSE
T210C 145:347.888 JLINK_IsHalted()
T210C 145:348.496 - 0.601ms returns FALSE
T210C 145:457.152 JLINK_IsHalted()
T210C 145:457.904 - 0.763ms returns FALSE
T210C 145:458.048 JLINK_IsHalted()
T210C 145:458.768 - 0.706ms returns FALSE
T210C 145:566.176 JLINK_IsHalted()
T210C 145:567.136 - 0.941ms returns FALSE
T210C 145:567.312 JLINK_IsHalted()
T210C 145:567.968 - 0.646ms returns FALSE
T210C 145:675.184 JLINK_IsHalted()
T210C 145:676.144 - 0.945ms returns FALSE
T210C 145:676.352 JLINK_IsHalted()
T210C 145:677.040 - 0.695ms returns FALSE
T210C 145:785.152 JLINK_IsHalted()
T210C 145:785.744 - 0.590ms returns FALSE
T210C 145:785.824 JLINK_IsHalted()
T210C 145:786.240 - 0.411ms returns FALSE
T8448 145:799.344 JLINK_IsHalted()
T8448 145:800.080 - 0.728ms returns FALSE
T8448 145:800.192 JLINK_IsHalted()
T8448 145:800.992 - 0.808ms returns FALSE
T210C 145:894.176 JLINK_IsHalted()
T210C 145:894.768 - 0.602ms returns FALSE
T210C 145:894.864 JLINK_IsHalted()
T210C 145:895.264 - 0.413ms returns FALSE
T210C 146:003.152 JLINK_IsHalted()
T210C 146:003.840 - 0.685ms returns FALSE
T210C 146:003.936 JLINK_IsHalted()
T210C 146:004.432 - 0.493ms returns FALSE
T210C 146:113.184 JLINK_IsHalted()
T210C 146:114.064 - 0.881ms returns FALSE
T210C 146:114.224 JLINK_IsHalted()
T210C 146:114.976 - 0.760ms returns FALSE
T210C 146:222.160 JLINK_IsHalted()
T210C 146:222.880 - 0.736ms returns FALSE
T210C 146:223.040 JLINK_IsHalted()
T210C 146:223.520 - 0.484ms returns FALSE
T210C 146:331.456 JLINK_IsHalted()
T210C 146:332.064 - 0.601ms returns FALSE
T210C 146:332.128 JLINK_IsHalted()
T210C 146:332.544 - 0.406ms returns FALSE
T210C 146:441.472 JLINK_IsHalted()
T210C 146:442.864 - 1.395ms returns FALSE
T210C 146:442.960 JLINK_IsHalted()
T210C 146:443.360 - 0.397ms returns FALSE
T210C 146:550.432 JLINK_IsHalted()
T210C 146:551.008 - 0.574ms returns FALSE
T210C 146:551.072 JLINK_IsHalted()
T210C 146:551.472 - 0.389ms returns FALSE
T210C 146:659.472 JLINK_IsHalted()
T210C 146:660.064 - 0.581ms returns FALSE
T210C 146:660.128 JLINK_IsHalted()
T210C 146:660.560 - 0.411ms returns FALSE
T210C 146:769.408 JLINK_IsHalted()
T210C 146:770.032 - 0.616ms returns FALSE
T210C 146:770.112 JLINK_IsHalted()
T210C 146:770.544 - 0.438ms returns FALSE
T8448 146:801.712 JLINK_IsHalted()
T8448 146:802.272 - 0.557ms returns FALSE
T8448 146:802.352 JLINK_IsHalted()
T8448 146:802.768 - 0.417ms returns FALSE
T210C 146:878.464 JLINK_IsHalted()
T210C 146:879.024 - 0.565ms returns FALSE
T210C 146:879.104 JLINK_IsHalted()
T210C 146:879.584 - 0.468ms returns FALSE
T210C 146:988.448 JLINK_IsHalted()
T210C 146:989.104 - 0.659ms returns FALSE
T210C 146:989.184 JLINK_IsHalted()
T210C 146:989.648 - 0.462ms returns FALSE
T210C 147:097.536 JLINK_IsHalted()
T210C 147:098.144 - 0.608ms returns FALSE
T210C 147:098.208 JLINK_IsHalted()
T210C 147:098.704 - 0.485ms returns FALSE
T210C 147:206.464 JLINK_IsHalted()
T210C 147:207.328 - 0.870ms returns FALSE
T210C 147:207.584 JLINK_IsHalted()
T210C 147:208.240 - 0.655ms returns FALSE
T210C 147:316.496 JLINK_IsHalted()
T210C 147:317.088 - 0.607ms returns FALSE
T210C 147:317.184 JLINK_IsHalted()
T210C 147:317.648 - 0.455ms returns FALSE
T210C 147:425.504 JLINK_IsHalted()
T210C 147:426.080 - 0.576ms returns FALSE
T210C 147:426.144 JLINK_IsHalted()
T210C 147:426.592 - 0.432ms returns FALSE
T210C 147:534.544 JLINK_IsHalted()
T210C 147:535.376 - 0.832ms returns FALSE
T210C 147:535.712 JLINK_IsHalted()
T210C 147:536.480 - 0.753ms returns FALSE
T210C 147:644.576 JLINK_IsHalted()
T210C 147:645.632 - 1.059ms returns FALSE
T210C 147:645.888 JLINK_IsHalted()
T210C 147:646.752 - 0.855ms returns FALSE
T210C 147:753.552 JLINK_IsHalted()
T210C 147:754.640 - 1.084ms returns FALSE
T210C 147:754.960 JLINK_IsHalted()
T210C 147:755.808 - 0.861ms returns FALSE
T8448 147:802.752 JLINK_IsHalted()
T8448 147:803.296 - 0.542ms returns FALSE
T8448 147:803.360 JLINK_IsHalted()
T8448 147:803.824 - 0.464ms returns FALSE
T210C 147:862.512 JLINK_IsHalted()
T210C 147:863.072 - 0.551ms returns FALSE
T210C 147:863.136 JLINK_IsHalted()
T210C 147:863.616 - 0.475ms returns FALSE
T210C 147:972.512 JLINK_IsHalted()
T210C 147:973.152 - 0.623ms returns FALSE
T210C 147:973.216 JLINK_IsHalted()
T210C 147:973.648 - 0.425ms returns FALSE
T210C 148:081.504 JLINK_IsHalted()
T210C 148:082.080 - 0.576ms returns FALSE
T210C 148:082.144 JLINK_IsHalted()
T210C 148:082.656 - 0.497ms returns FALSE
T210C 148:191.520 JLINK_IsHalted()
T210C 148:192.160 - 0.637ms returns FALSE
T210C 148:192.240 JLINK_IsHalted()
T210C 148:192.688 - 0.454ms returns FALSE
T210C 148:300.576 JLINK_IsHalted()
T210C 148:301.632 - 1.073ms returns FALSE
T210C 148:301.872 JLINK_IsHalted()
T210C 148:302.688 - 0.797ms returns FALSE
T210C 148:409.488 JLINK_IsHalted()
T210C 148:410.112 - 0.630ms returns FALSE
T210C 148:410.288 JLINK_IsHalted()
T210C 148:410.848 - 0.565ms returns FALSE
T210C 148:519.520 JLINK_IsHalted()
T210C 148:520.160 - 0.639ms returns FALSE
T210C 148:520.288 JLINK_IsHalted()
T210C 148:520.736 - 0.465ms returns FALSE
T210C 148:628.528 JLINK_IsHalted()
T210C 148:629.120 - 0.581ms returns FALSE
T210C 148:629.216 JLINK_IsHalted()
T210C 148:629.648 - 0.436ms returns FALSE
T210C 148:737.568 JLINK_IsHalted()
T210C 148:738.416 - 0.843ms returns FALSE
T210C 148:738.608 JLINK_IsHalted()
T210C 148:739.408 - 0.793ms returns FALSE
T8448 148:803.936 JLINK_IsHalted()
T8448 148:804.832 - 0.892ms returns FALSE
T8448 148:805.072 JLINK_IsHalted()
T8448 148:805.856 - 0.794ms returns FALSE
T210C 148:847.520 JLINK_IsHalted()
T210C 148:848.160 - 0.622ms returns FALSE
T210C 148:848.224 JLINK_IsHalted()
T210C 148:848.688 - 0.471ms returns FALSE
T210C 148:956.496 JLINK_IsHalted()
T210C 148:957.264 - 0.772ms returns FALSE
T210C 148:957.344 JLINK_IsHalted()
T210C 148:957.856 - 0.504ms returns FALSE
T210C 149:066.528 JLINK_IsHalted()
T210C 149:067.088 - 0.565ms returns FALSE
T210C 149:067.168 JLINK_IsHalted()
T210C 149:067.616 - 0.436ms returns FALSE
T210C 149:175.568 JLINK_IsHalted()
T210C 149:176.432 - 0.872ms returns FALSE
T210C 149:176.608 JLINK_IsHalted()
T210C 149:177.360 - 0.743ms returns FALSE
T210C 149:284.528 JLINK_IsHalted()
T210C 149:285.088 - 0.548ms returns FALSE
T210C 149:285.152 JLINK_IsHalted()
T210C 149:285.648 - 0.495ms returns FALSE
T210C 149:394.544 JLINK_IsHalted()
T210C 149:395.408 - 0.856ms returns FALSE
T210C 149:395.616 JLINK_IsHalted()
T210C 149:396.448 - 0.819ms returns FALSE
T210C 149:503.520 JLINK_IsHalted()
T210C 149:504.160 - 0.637ms returns FALSE
T210C 149:504.272 JLINK_IsHalted()
T210C 149:505.104 - 0.841ms returns FALSE
T210C 149:612.512 JLINK_IsHalted()
T210C 151:011.536 - 1399.011ms returns FALSE
T210C 151:011.680 JLINK_IsHalted()
T210C 151:013.104 - 1.408ms returns FALSE
T8448 151:015.248 JLINK_IsHalted()
T8448 151:015.968 - 0.730ms returns FALSE
T8448 151:016.048 JLINK_IsHalted()
T8448 151:016.816 - 0.763ms returns FALSE
T210C 151:112.528 JLINK_IsHalted()
T210C 151:113.568 - 1.038ms returns FALSE
T210C 151:113.696 JLINK_IsHalted()
T210C 151:114.464 - 0.789ms returns FALSE
T210C 151:222.496 JLINK_IsHalted()
T210C 151:223.680 - 1.173ms returns FALSE
T210C 151:223.776 JLINK_IsHalted()
T210C 151:224.752 - 0.986ms returns FALSE
T210C 151:331.552 JLINK_IsHalted()
T210C 151:332.512 - 0.972ms returns FALSE
T210C 151:332.624 JLINK_IsHalted()
T210C 151:333.568 - 0.936ms returns FALSE
T210C 151:441.488 JLINK_IsHalted()
T210C 151:442.528 - 1.050ms returns FALSE
T210C 151:442.640 JLINK_IsHalted()
T210C 151:443.104 - 0.470ms returns FALSE
T210C 151:550.496 JLINK_IsHalted()
T210C 151:551.584 - 1.095ms returns FALSE
T210C 151:551.696 JLINK_IsHalted()
T210C 151:552.496 - 0.804ms returns FALSE
T210C 151:659.504 JLINK_IsHalted()
T210C 151:660.416 - 0.907ms returns FALSE
T210C 151:660.576 JLINK_IsHalted()
T210C 151:661.536 - 0.950ms returns FALSE
T210C 151:769.552 JLINK_IsHalted()
T210C 151:770.496 - 0.944ms returns FALSE
T210C 151:770.592 JLINK_IsHalted()
T210C 151:771.344 - 0.740ms returns FALSE
T210C 151:878.512 JLINK_IsHalted()
T210C 151:879.440 - 0.909ms returns FALSE
T210C 151:879.600 JLINK_IsHalted()
T210C 151:880.496 - 0.901ms returns FALSE
T210C 151:987.552 JLINK_IsHalted()
T210C 151:988.464 - 0.912ms returns FALSE
T210C 151:988.576 JLINK_IsHalted()
T210C 151:989.392 - 0.806ms returns FALSE
T8448 152:016.800 JLINK_IsHalted()
T8448 152:017.472 - 0.685ms returns FALSE
T8448 152:017.632 JLINK_IsHalted()
T8448 152:018.144 - 0.518ms returns FALSE
T210C 152:097.536 JLINK_IsHalted()
T210C 152:098.432 - 0.900ms returns FALSE
T210C 152:098.544 JLINK_IsHalted()
T210C 152:099.312 - 0.760ms returns FALSE
T210C 152:206.528 JLINK_IsHalted()
T210C 152:207.328 - 0.806ms returns FALSE
T210C 152:207.456 JLINK_IsHalted()
T210C 152:208.224 - 0.768ms returns FALSE
T210C 152:316.512 JLINK_IsHalted()
T210C 152:317.536 - 1.029ms returns FALSE
T210C 152:317.728 JLINK_IsHalted()
T210C 152:318.656 - 0.934ms returns FALSE
T210C 152:425.568 JLINK_IsHalted()
T210C 152:426.784 - 1.206ms returns FALSE
T210C 152:426.928 JLINK_IsHalted()
T210C 152:427.888 - 0.953ms returns FALSE
T210C 152:534.544 JLINK_IsHalted()
T210C 152:535.552 - 1.009ms returns FALSE
T210C 152:535.696 JLINK_IsHalted()
T210C 152:536.560 - 0.872ms returns FALSE
T210C 152:644.544 JLINK_IsHalted()
T210C 152:645.488 - 0.956ms returns FALSE
T210C 152:645.616 JLINK_IsHalted()
T210C 152:646.432 - 0.823ms returns FALSE
T210C 152:753.568 JLINK_IsHalted()
T210C 152:756.208 - 2.645ms returns FALSE
T210C 152:756.416 JLINK_IsHalted()
T210C 152:757.616 - 1.206ms returns FALSE
T210C 152:862.528 JLINK_IsHalted()
T210C 152:863.520 - 0.977ms returns FALSE
T210C 152:863.632 JLINK_IsHalted()
T210C 152:864.480 - 0.843ms returns FALSE
T210C 152:972.512 JLINK_IsHalted()
T210C 152:973.568 - 1.047ms returns FALSE
T210C 152:973.680 JLINK_IsHalted()
T210C 152:974.480 - 0.803ms returns FALSE
T8448 153:018.848 JLINK_IsHalted()
T8448 153:019.552 - 0.683ms returns FALSE
T8448 153:019.680 JLINK_IsHalted()
T8448 153:020.192 - 0.493ms returns FALSE
T210C 153:081.552 JLINK_IsHalted()
T210C 153:082.544 - 0.995ms returns FALSE
T210C 153:082.672 JLINK_IsHalted()
T210C 153:083.504 - 0.841ms returns FALSE
T210C 153:191.568 JLINK_IsHalted()
T210C 153:192.784 - 1.224ms returns FALSE
T210C 153:192.944 JLINK_IsHalted()
T210C 153:194.048 - 1.102ms returns FALSE
T210C 153:300.528 JLINK_IsHalted()
T210C 153:301.536 - 1.016ms returns FALSE
T210C 153:301.648 JLINK_IsHalted()
T210C 153:302.496 - 0.853ms returns FALSE
T210C 153:409.568 JLINK_IsHalted()
T210C 153:410.784 - 1.221ms returns FALSE
T210C 153:410.992 JLINK_IsHalted()
T210C 153:412.208 - 1.213ms returns FALSE
T210C 153:519.520 JLINK_IsHalted()
T210C 153:520.368 - 0.855ms returns FALSE
T210C 153:520.496 JLINK_IsHalted()
T210C 153:521.264 - 0.767ms returns FALSE
T210C 153:628.496 JLINK_IsHalted()
T210C 153:629.600 - 1.109ms returns FALSE
T210C 153:629.728 JLINK_IsHalted()
T210C 153:630.512 - 0.792ms returns FALSE
T210C 153:737.584 JLINK_IsHalted()
T210C 153:738.672 - 1.081ms returns FALSE
T210C 153:738.832 JLINK_IsHalted()
T210C 153:740.160 - 1.330ms returns FALSE
T210C 153:847.568 JLINK_IsHalted()
T210C 153:848.352 - 0.781ms returns FALSE
T210C 153:848.432 JLINK_IsHalted()
T210C 153:849.248 - 0.797ms returns FALSE
T210C 153:956.544 JLINK_IsHalted()
T210C 153:957.568 - 1.035ms returns FALSE
T210C 153:957.712 JLINK_IsHalted()
T210C 153:958.704 - 0.997ms returns FALSE
T8448 154:020.816 JLINK_IsHalted()
T8448 154:021.552 - 0.745ms returns FALSE
T8448 154:021.664 JLINK_IsHalted()
T8448 154:022.176 - 0.525ms returns FALSE
T210C 154:066.496 JLINK_IsHalted()
T210C 154:067.440 - 0.933ms returns FALSE
T210C 154:067.568 JLINK_IsHalted()
T210C 154:068.384 - 0.827ms returns FALSE
T210C 154:175.616 JLINK_IsHalted()
T210C 154:176.832 - 1.210ms returns FALSE
T210C 154:176.928 JLINK_IsHalted()
T210C 154:177.856 - 0.916ms returns FALSE
T210C 154:284.544 JLINK_IsHalted()
T210C 154:285.488 - 0.943ms returns FALSE
T210C 154:285.600 JLINK_IsHalted()
T210C 154:286.480 - 0.886ms returns FALSE
T210C 154:394.544 JLINK_IsHalted()
T210C 154:395.488 - 0.949ms returns FALSE
T210C 154:395.616 JLINK_IsHalted()
T210C 154:396.528 - 0.901ms returns FALSE
T210C 154:503.520 JLINK_IsHalted()
T210C 154:504.976 - 1.448ms returns FALSE
T210C 154:505.104 JLINK_IsHalted()
T210C 154:506.032 - 0.928ms returns FALSE
T210C 154:612.512 JLINK_IsHalted()
T210C 154:613.408 - 0.896ms returns FALSE
T210C 154:613.552 JLINK_IsHalted()
T210C 154:614.416 - 0.857ms returns FALSE
T210C 154:722.528 JLINK_IsHalted()
T210C 154:723.568 - 1.047ms returns FALSE
T210C 154:723.712 JLINK_IsHalted()
T210C 154:724.544 - 0.832ms returns FALSE
T210C 154:831.504 JLINK_IsHalted()
T210C 154:832.560 - 1.068ms returns FALSE
T210C 154:832.688 JLINK_IsHalted()
T210C 154:833.536 - 0.838ms returns FALSE
T210C 154:941.520 JLINK_IsHalted()
T210C 154:942.560 - 1.037ms returns FALSE
T210C 154:942.688 JLINK_IsHalted()
T210C 154:943.584 - 0.887ms returns FALSE
T8448 155:023.776 JLINK_IsHalted()
T8448 155:024.480 - 0.688ms returns FALSE
T8448 155:024.608 JLINK_IsHalted()
T8448 155:025.120 - 0.527ms returns FALSE
T210C 155:050.528 JLINK_IsHalted()
T210C 155:051.504 - 0.986ms returns FALSE
T210C 155:051.616 JLINK_IsHalted()
T210C 155:052.464 - 0.853ms returns FALSE
T210C 155:159.584 JLINK_IsHalted()
T210C 155:160.528 - 0.930ms returns FALSE
T210C 155:160.656 JLINK_IsHalted()
T210C 155:161.568 - 0.898ms returns FALSE
T210C 155:269.536 JLINK_IsHalted()
T210C 155:270.464 - 0.919ms returns FALSE
T210C 155:270.608 JLINK_IsHalted()
T210C 155:271.568 - 0.969ms returns FALSE
T210C 155:378.544 JLINK_IsHalted()
T210C 155:379.616 - 1.082ms returns FALSE
T210C 155:379.744 JLINK_IsHalted()
T210C 155:380.576 - 0.845ms returns FALSE
T210C 155:487.568 JLINK_IsHalted()
T210C 155:488.896 - 1.331ms returns FALSE
T210C 155:489.088 JLINK_IsHalted()
T210C 155:490.144 - 1.051ms returns FALSE
T210C 155:597.536 JLINK_IsHalted()
T210C 155:598.368 - 0.846ms returns FALSE
T210C 155:598.464 JLINK_IsHalted()
T210C 155:599.360 - 0.895ms returns FALSE
T210C 155:706.576 JLINK_IsHalted()
T210C 155:707.744 - 1.166ms returns FALSE
T210C 155:707.856 JLINK_IsHalted()
T210C 155:708.768 - 0.905ms returns FALSE
T210C 155:816.560 JLINK_IsHalted()
T210C 155:817.680 - 1.110ms returns FALSE
T210C 155:817.776 JLINK_IsHalted()
T210C 155:818.704 - 0.916ms returns FALSE
T210C 155:925.504 JLINK_IsHalted()
T210C 155:926.480 - 0.976ms returns FALSE
T210C 155:926.608 JLINK_IsHalted()
T210C 155:927.488 - 0.884ms returns FALSE
T8448 156:026.832 JLINK_IsHalted()
T8448 156:027.648 - 0.821ms returns FALSE
T8448 156:027.776 JLINK_IsHalted()
T8448 156:028.576 - 0.798ms returns FALSE
T210C 156:034.528 JLINK_IsHalted()
T210C 156:035.488 - 0.958ms returns FALSE
T210C 156:035.600 JLINK_IsHalted()
T210C 156:036.480 - 0.885ms returns FALSE
T210C 156:144.560 JLINK_IsHalted()
T210C 156:145.872 - 1.310ms returns FALSE
T210C 156:146.080 JLINK_IsHalted()
T210C 156:147.232 - 1.146ms returns FALSE
T210C 156:253.520 JLINK_IsHalted()
T210C 156:254.544 - 1.025ms returns FALSE
T210C 156:254.672 JLINK_IsHalted()
T210C 156:255.552 - 0.892ms returns FALSE
T210C 156:362.544 JLINK_IsHalted()
T210C 156:363.408 - 0.849ms returns FALSE
T210C 156:363.488 JLINK_IsHalted()
T210C 156:364.272 - 0.779ms returns FALSE
T210C 156:472.528 JLINK_IsHalted()
T210C 156:473.600 - 1.074ms returns FALSE
T210C 156:473.712 JLINK_IsHalted()
T210C 156:474.656 - 0.946ms returns FALSE
T210C 156:581.536 JLINK_IsHalted()
T210C 156:582.480 - 0.945ms returns FALSE
T210C 156:582.608 JLINK_IsHalted()
T210C 156:583.488 - 0.883ms returns FALSE
T210C 156:691.536 JLINK_IsHalted()
T210C 156:692.480 - 0.952ms returns FALSE
T210C 156:692.608 JLINK_IsHalted()
T210C 156:693.472 - 0.875ms returns FALSE
T210C 156:800.544 JLINK_IsHalted()
T210C 156:801.504 - 0.964ms returns FALSE
T210C 156:801.616 JLINK_IsHalted()
T210C 156:802.336 - 0.705ms returns FALSE
T210C 156:909.536 JLINK_IsHalted()
T210C 156:910.448 - 0.922ms returns FALSE
T210C 156:910.576 JLINK_IsHalted()
T210C 156:911.392 - 0.806ms returns FALSE
T210C 157:019.520 JLINK_IsHalted()
T210C 157:020.496 - 0.965ms returns FALSE
T210C 157:020.640 JLINK_IsHalted()
T210C 157:021.536 - 0.889ms returns FALSE
T8448 157:028.848 JLINK_IsHalted()
T8448 157:029.840 - 0.987ms returns FALSE
T8448 157:030.016 JLINK_IsHalted()
T8448 157:030.848 - 0.826ms returns FALSE
T210C 157:128.528 JLINK_IsHalted()
T210C 157:129.632 - 1.099ms returns FALSE
T210C 157:129.760 JLINK_IsHalted()
T210C 157:130.752 - 0.978ms returns FALSE
T210C 157:237.536 JLINK_IsHalted()
T210C 157:238.400 - 0.864ms returns FALSE
T210C 157:238.528 JLINK_IsHalted()
T210C 157:239.520 - 0.992ms returns FALSE
T210C 157:347.568 JLINK_IsHalted()
T210C 157:348.768 - 1.185ms returns FALSE
T210C 157:348.896 JLINK_IsHalted()
T210C 157:349.984 - 1.077ms returns FALSE
T210C 157:456.528 JLINK_IsHalted()
T210C 157:457.376 - 0.836ms returns FALSE
T210C 157:457.488 JLINK_IsHalted()
T210C 157:458.336 - 0.863ms returns FALSE
T210C 157:566.544 JLINK_IsHalted()
T210C 157:567.712 - 1.180ms returns FALSE
T210C 157:567.840 JLINK_IsHalted()
T210C 157:568.800 - 0.966ms returns FALSE
T210C 157:675.568 JLINK_IsHalted()
T210C 157:676.832 - 1.271ms returns FALSE
T210C 157:677.088 JLINK_IsHalted()
T210C 157:678.496 - 1.408ms returns FALSE
T210C 157:784.544 JLINK_IsHalted()
T210C 157:785.488 - 0.935ms returns FALSE
T210C 157:785.600 JLINK_IsHalted()
T210C 157:786.128 - 0.528ms returns FALSE
T210C 157:894.560 JLINK_IsHalted()
T210C 157:895.520 - 0.956ms returns FALSE
T210C 157:895.632 JLINK_IsHalted()
T210C 157:896.480 - 0.854ms returns FALSE
T210C 158:003.520 JLINK_IsHalted()
T210C 158:004.512 - 1.000ms returns FALSE
T210C 158:004.640 JLINK_IsHalted()
T210C 158:005.664 - 1.012ms returns FALSE
T8448 158:030.800 JLINK_IsHalted()
T8448 158:031.712 - 0.909ms returns FALSE
T8448 158:031.808 JLINK_IsHalted()
T8448 158:032.704 - 0.901ms returns FALSE
T210C 158:112.544 JLINK_IsHalted()
T210C 158:113.536 - 0.992ms returns FALSE
T210C 158:113.696 JLINK_IsHalted()
T210C 158:114.640 - 0.930ms returns FALSE
T210C 158:222.528 JLINK_IsHalted()
T210C 158:223.712 - 1.178ms returns FALSE
T210C 158:223.808 JLINK_IsHalted()
T210C 158:224.720 - 0.908ms returns FALSE
T210C 158:331.824 JLINK_IsHalted()
T210C 158:333.136 - 1.298ms returns FALSE
T210C 158:333.344 JLINK_IsHalted()
T210C 158:334.624 - 1.285ms returns FALSE
T210C 158:441.504 JLINK_IsHalted()
T210C 158:442.336 - 0.818ms returns FALSE
T210C 158:442.416 JLINK_IsHalted()
T210C 158:443.376 - 0.960ms returns FALSE
T210C 158:550.528 JLINK_IsHalted()
T210C 158:551.552 - 1.023ms returns FALSE
T210C 158:551.648 JLINK_IsHalted()
T210C 158:552.640 - 0.987ms returns FALSE
T210C 158:659.616 JLINK_IsHalted()
T210C 158:660.512 - 0.885ms returns FALSE
T210C 158:660.640 JLINK_IsHalted()
T210C 158:661.616 - 0.972ms returns FALSE
T210C 158:769.504 JLINK_IsHalted()
T210C 158:770.368 - 0.855ms returns FALSE
T210C 158:770.480 JLINK_IsHalted()
T210C 158:771.408 - 0.918ms returns FALSE
T210C 158:878.528 JLINK_IsHalted()
T210C 158:879.360 - 0.835ms returns FALSE
T210C 158:879.488 JLINK_IsHalted()
T210C 158:880.336 - 0.841ms returns FALSE
T210C 158:987.552 JLINK_IsHalted()
T210C 158:988.624 - 1.078ms returns FALSE
T210C 158:988.768 JLINK_IsHalted()
T210C 158:989.632 - 0.874ms returns FALSE
T8448 159:032.864 JLINK_IsHalted()
T8448 159:033.728 - 0.873ms returns FALSE
T8448 159:033.840 JLINK_IsHalted()
T8448 159:034.624 - 0.774ms returns FALSE
T210C 159:097.568 JLINK_IsHalted()
T210C 159:098.448 - 0.887ms returns FALSE
T210C 159:098.560 JLINK_IsHalted()
T210C 159:099.456 - 0.893ms returns FALSE
T210C 159:206.576 JLINK_IsHalted()
T210C 159:207.632 - 1.049ms returns FALSE
T210C 159:207.728 JLINK_IsHalted()
T210C 159:208.688 - 0.958ms returns FALSE
T210C 159:316.576 JLINK_IsHalted()
T210C 159:317.904 - 1.318ms returns FALSE
T210C 159:318.208 JLINK_IsHalted()
T210C 159:321.312 - 3.107ms returns FALSE
T210C 159:425.552 JLINK_IsHalted()
T210C 159:426.592 - 1.028ms returns FALSE
T210C 159:426.768 JLINK_IsHalted()
T210C 159:427.728 - 0.952ms returns FALSE
T210C 159:534.608 JLINK_IsHalted()
T210C 159:536.112 - 1.512ms returns FALSE
T210C 159:536.560 JLINK_IsHalted()
T210C 159:537.968 - 1.397ms returns FALSE
T210C 159:644.512 JLINK_IsHalted()
T210C 159:645.568 - 1.042ms returns FALSE
T210C 159:645.680 JLINK_IsHalted()
T210C 159:646.528 - 0.834ms returns FALSE
T210C 159:753.568 JLINK_IsHalted()
T210C 159:754.912 - 1.357ms returns FALSE
T210C 159:755.136 JLINK_IsHalted()
T210C 159:756.432 - 1.296ms returns FALSE
T210C 159:862.528 JLINK_IsHalted()
T210C 159:863.536 - 1.016ms returns FALSE
T210C 159:863.632 JLINK_IsHalted()
T210C 159:864.480 - 0.841ms returns FALSE
T210C 159:972.576 JLINK_IsHalted()
T210C 159:973.328 - 0.740ms returns FALSE
T210C 159:973.440 JLINK_IsHalted()
T210C 159:974.272 - 0.826ms returns FALSE
T8448 160:034.784 JLINK_IsHalted()
T8448 160:035.440 - 0.673ms returns FALSE
T8448 160:035.552 JLINK_IsHalted()
T8448 160:036.336 - 0.774ms returns FALSE
T210C 160:081.504 JLINK_IsHalted()
T210C 160:082.336 - 0.822ms returns FALSE
T210C 160:082.432 JLINK_IsHalted()
T210C 160:083.200 - 0.777ms returns FALSE
T210C 160:191.520 JLINK_IsHalted()
T210C 160:192.576 - 1.063ms returns FALSE
T210C 160:192.688 JLINK_IsHalted()
T210C 160:193.616 - 0.923ms returns FALSE
T210C 160:300.608 JLINK_IsHalted()
T210C 160:302.240 - 1.644ms returns FALSE
T210C 160:302.560 JLINK_IsHalted()
T210C 160:303.952 - 1.390ms returns FALSE
T210C 160:409.504 JLINK_IsHalted()
T210C 160:410.816 - 1.298ms returns FALSE
T210C 160:410.912 JLINK_IsHalted()
T210C 160:411.760 - 0.842ms returns FALSE
T210C 160:519.536 JLINK_IsHalted()
T210C 160:520.352 - 0.811ms returns FALSE
T210C 160:520.480 JLINK_IsHalted()
T210C 160:521.248 - 0.780ms returns FALSE
T210C 160:628.544 JLINK_IsHalted()
T210C 160:629.520 - 0.977ms returns FALSE
T210C 160:629.632 JLINK_IsHalted()
T210C 160:630.496 - 0.874ms returns FALSE
T210C 160:737.504 JLINK_IsHalted()
T210C 160:738.560 - 1.040ms returns FALSE
T210C 160:738.656 JLINK_IsHalted()
T210C 160:739.552 - 0.887ms returns FALSE
T210C 160:847.520 JLINK_IsHalted()
T210C 160:848.528 - 0.995ms returns FALSE
T210C 160:848.608 JLINK_IsHalted()
T210C 160:849.536 - 0.921ms returns FALSE
T210C 160:956.528 JLINK_IsHalted()
T210C 160:957.472 - 0.940ms returns FALSE
T210C 160:957.584 JLINK_IsHalted()
T210C 160:958.416 - 0.833ms returns FALSE
T8448 161:036.832 JLINK_IsHalted()
T8448 161:037.824 - 0.983ms returns FALSE
T8448 161:037.920 JLINK_IsHalted()
T8448 161:038.960 - 1.052ms returns FALSE
T210C 161:066.528 JLINK_IsHalted()
T210C 161:067.376 - 0.837ms returns FALSE
T210C 161:067.488 JLINK_IsHalted()
T210C 161:068.336 - 0.838ms returns FALSE
T210C 161:175.568 JLINK_IsHalted()
T210C 161:176.480 - 0.905ms returns FALSE
T210C 161:176.688 JLINK_IsHalted()
T210C 161:177.632 - 0.955ms returns FALSE
T210C 161:284.576 JLINK_IsHalted()
T210C 161:285.584 - 1.004ms returns FALSE
T210C 161:285.696 JLINK_IsHalted()
T210C 161:286.592 - 0.885ms returns FALSE
T210C 161:394.608 JLINK_IsHalted()
T210C 161:396.272 - 1.659ms returns FALSE
T210C 161:396.400 JLINK_IsHalted()
T210C 161:397.328 - 0.930ms returns FALSE
T210C 161:503.520 JLINK_IsHalted()
T210C 161:504.544 - 1.014ms returns FALSE
T210C 161:504.640 JLINK_IsHalted()
T210C 161:505.440 - 0.805ms returns FALSE
T210C 161:612.544 JLINK_IsHalted()
T210C 161:613.680 - 1.144ms returns FALSE
T210C 161:613.792 JLINK_IsHalted()
T210C 161:614.880 - 1.084ms returns FALSE
T210C 161:722.592 JLINK_IsHalted()
T210C 161:723.936 - 1.351ms returns FALSE
T210C 161:724.144 JLINK_IsHalted()
T210C 161:725.360 - 1.224ms returns FALSE
T210C 161:831.536 JLINK_IsHalted()
T210C 161:832.608 - 1.060ms returns FALSE
T210C 161:832.688 JLINK_IsHalted()
T210C 161:833.504 - 0.805ms returns FALSE
T210C 161:941.536 JLINK_IsHalted()
T210C 161:942.560 - 1.017ms returns FALSE
T210C 161:942.656 JLINK_IsHalted()
T210C 161:943.488 - 0.836ms returns FALSE
T8448 162:038.816 JLINK_IsHalted()
T8448 162:039.904 - 1.092ms returns FALSE
T8448 162:040.016 JLINK_IsHalted()
T8448 162:040.864 - 0.853ms returns FALSE
T210C 162:050.528 JLINK_IsHalted()
T210C 162:051.488 - 0.951ms returns FALSE
T210C 162:051.600 JLINK_IsHalted()
T210C 162:052.288 - 0.698ms returns FALSE
T210C 162:159.488 JLINK_IsHalted()
T210C 162:160.528 - 1.032ms returns FALSE
T210C 162:160.640 JLINK_IsHalted()
T210C 162:161.472 - 0.822ms returns FALSE
T210C 162:269.584 JLINK_IsHalted()
T210C 162:270.752 - 1.185ms returns FALSE
T210C 162:270.880 JLINK_IsHalted()
T210C 162:272.032 - 1.155ms returns FALSE
T210C 162:378.576 JLINK_IsHalted()
T210C 162:380.160 - 1.591ms returns FALSE
T210C 162:380.432 JLINK_IsHalted()
T210C 162:381.504 - 1.082ms returns FALSE
T210C 162:487.552 JLINK_IsHalted()
T210C 162:488.528 - 0.971ms returns FALSE
T210C 162:488.624 JLINK_IsHalted()
T210C 162:489.472 - 0.849ms returns FALSE
T210C 162:597.536 JLINK_IsHalted()
T210C 162:598.560 - 1.020ms returns FALSE
T210C 162:598.672 JLINK_IsHalted()
T210C 162:599.520 - 0.865ms returns FALSE
T210C 162:706.576 JLINK_IsHalted()
T210C 162:707.552 - 0.986ms returns FALSE
T210C 162:707.664 JLINK_IsHalted()
T210C 162:708.448 - 0.796ms returns FALSE
T210C 162:816.624 JLINK_IsHalted()
T210C 162:817.504 - 0.883ms returns FALSE
T210C 162:817.632 JLINK_IsHalted()
T210C 162:818.560 - 0.913ms returns FALSE
T210C 162:925.520 JLINK_IsHalted()
T210C 162:926.480 - 0.960ms returns FALSE
T210C 162:926.608 JLINK_IsHalted()
T210C 162:927.552 - 0.942ms returns FALSE
T210C 163:034.528 JLINK_IsHalted()
T210C 163:035.552 - 1.029ms returns FALSE
T210C 163:035.664 JLINK_IsHalted()
T210C 163:036.576 - 0.902ms returns FALSE
T8448 163:042.432 JLINK_IsHalted()
T8448 163:042.976 - 0.556ms returns FALSE
T8448 163:043.072 JLINK_IsHalted()
T8448 163:043.568 - 0.504ms returns FALSE
T210C 163:144.544 JLINK_IsHalted()
T210C 163:145.568 - 1.024ms returns FALSE
T210C 163:145.696 JLINK_IsHalted()
T210C 163:146.528 - 0.826ms returns FALSE
T210C 163:253.536 JLINK_IsHalted()
T210C 163:254.608 - 1.062ms returns FALSE
T210C 163:254.704 JLINK_IsHalted()
T210C 163:255.824 - 1.110ms returns FALSE
T210C 163:362.576 JLINK_IsHalted()
T210C 163:363.808 - 1.232ms returns FALSE
T210C 163:364.000 JLINK_IsHalted()
T210C 163:365.200 - 1.194ms returns FALSE
T210C 163:472.576 JLINK_IsHalted()
T210C 163:473.952 - 1.387ms returns FALSE
T210C 163:474.192 JLINK_IsHalted()
T210C 163:475.632 - 1.445ms returns FALSE
T210C 163:581.536 JLINK_IsHalted()
T210C 163:582.656 - 1.130ms returns FALSE
T210C 163:582.752 JLINK_IsHalted()
T210C 163:583.648 - 0.893ms returns FALSE
T210C 163:691.552 JLINK_IsHalted()
T210C 163:692.448 - 0.905ms returns FALSE
T210C 163:692.560 JLINK_IsHalted()
T210C 163:693.344 - 0.803ms returns FALSE
T210C 163:800.512 JLINK_IsHalted()
T210C 163:801.584 - 1.080ms returns FALSE
T210C 163:801.824 JLINK_IsHalted()
T210C 163:803.408 - 1.581ms returns FALSE
T210C 163:909.536 JLINK_IsHalted()
T210C 163:910.432 - 0.909ms returns FALSE
T210C 163:910.560 JLINK_IsHalted()
T210C 163:911.456 - 0.882ms returns FALSE
T210C 164:019.488 JLINK_IsHalted()
T210C 164:020.320 - 0.820ms returns FALSE
T210C 164:020.448 JLINK_IsHalted()
T210C 164:021.232 - 0.778ms returns FALSE
T8448 164:044.720 JLINK_IsHalted()
T8448 164:045.408 - 0.695ms returns FALSE
T8448 164:045.552 JLINK_IsHalted()
T8448 164:046.048 - 0.503ms returns FALSE
T210C 164:128.496 JLINK_IsHalted()
T210C 164:129.472 - 0.978ms returns FALSE
T210C 164:129.600 JLINK_IsHalted()
T210C 164:130.416 - 0.816ms returns FALSE
T210C 164:237.488 JLINK_IsHalted()
T210C 164:238.304 - 0.821ms returns FALSE
T210C 164:238.400 JLINK_IsHalted()
T210C 164:239.184 - 0.776ms returns FALSE
T210C 164:347.520 JLINK_IsHalted()
T210C 164:348.320 - 0.795ms returns FALSE
T210C 164:348.416 JLINK_IsHalted()
T210C 164:349.152 - 0.737ms returns FALSE
T210C 164:456.512 JLINK_IsHalted()
T210C 164:457.424 - 0.902ms returns FALSE
T210C 164:457.536 JLINK_IsHalted()
T210C 164:458.272 - 0.743ms returns FALSE
T210C 164:566.544 JLINK_IsHalted()
T210C 164:567.424 - 0.888ms returns FALSE
T210C 164:567.568 JLINK_IsHalted()
T210C 164:568.432 - 0.874ms returns FALSE
T210C 164:675.520 JLINK_IsHalted()
T210C 164:676.464 - 0.940ms returns FALSE
T210C 164:676.608 JLINK_IsHalted()
T210C 164:677.424 - 0.816ms returns FALSE
T210C 164:784.496 JLINK_IsHalted()
T210C 164:785.456 - 0.959ms returns FALSE
T210C 164:785.600 JLINK_IsHalted()
T210C 164:786.400 - 0.809ms returns FALSE
T210C 164:894.560 JLINK_IsHalted()
T210C 164:895.456 - 0.897ms returns FALSE
T210C 164:895.600 JLINK_IsHalted()
T210C 164:896.416 - 0.820ms returns FALSE
T210C 165:003.488 JLINK_IsHalted()
T210C 165:004.432 - 0.928ms returns FALSE
T210C 165:004.576 JLINK_IsHalted()
T210C 165:005.456 - 0.884ms returns FALSE
T8448 165:046.688 JLINK_IsHalted()
T8448 165:047.328 - 0.636ms returns FALSE
T8448 165:047.456 JLINK_IsHalted()
T8448 165:047.968 - 0.516ms returns FALSE
T210C 165:112.528 JLINK_IsHalted()
T210C 165:113.456 - 0.936ms returns FALSE
T210C 165:113.600 JLINK_IsHalted()
T210C 165:114.448 - 0.844ms returns FALSE
T210C 165:222.496 JLINK_IsHalted()
T210C 165:223.584 - 1.067ms returns FALSE
T210C 165:223.728 JLINK_IsHalted()
T210C 165:224.800 - 1.051ms returns FALSE
T210C 165:331.520 JLINK_IsHalted()
T210C 165:332.400 - 0.888ms returns FALSE
T210C 165:332.544 JLINK_IsHalted()
T210C 165:333.312 - 0.769ms returns FALSE
T210C 165:441.504 JLINK_IsHalted()
T210C 165:442.656 - 1.145ms returns FALSE
T210C 165:442.912 JLINK_IsHalted()
T210C 165:443.792 - 0.862ms returns FALSE
T210C 165:550.496 JLINK_IsHalted()
T210C 165:551.312 - 0.820ms returns FALSE
T210C 165:551.424 JLINK_IsHalted()
T210C 165:552.160 - 0.739ms returns FALSE
T210C 165:659.504 JLINK_IsHalted()
T210C 165:660.416 - 0.916ms returns FALSE
T210C 165:660.576 JLINK_IsHalted()
T210C 165:661.568 - 0.982ms returns FALSE
T210C 165:769.504 JLINK_IsHalted()
T210C 165:770.464 - 0.976ms returns FALSE
T210C 165:770.576 JLINK_IsHalted()
T210C 165:771.408 - 0.823ms returns FALSE
T210C 165:878.496 JLINK_IsHalted()
T210C 165:879.408 - 0.919ms returns FALSE
T210C 165:879.520 JLINK_IsHalted()
T210C 165:880.304 - 0.776ms returns FALSE
T210C 165:987.552 JLINK_IsHalted()
T210C 165:988.432 - 0.868ms returns FALSE
T210C 165:988.576 JLINK_IsHalted()
T210C 165:989.408 - 0.841ms returns FALSE
T8448 166:048.736 JLINK_IsHalted()
T8448 166:049.408 - 0.663ms returns FALSE
T8448 166:049.568 JLINK_IsHalted()
T8448 166:050.080 - 0.531ms returns FALSE
T210C 166:097.536 JLINK_IsHalted()
T210C 166:098.432 - 0.886ms returns FALSE
T210C 166:098.544 JLINK_IsHalted()
T210C 166:099.456 - 0.900ms returns FALSE
T210C 166:206.512 JLINK_IsHalted()
T210C 166:207.408 - 0.907ms returns FALSE
T210C 166:207.568 JLINK_IsHalted()
T210C 166:208.400 - 0.836ms returns FALSE
T210C 166:316.496 JLINK_IsHalted()
T210C 166:317.408 - 0.917ms returns FALSE
T210C 166:317.536 JLINK_IsHalted()
T210C 166:318.416 - 0.874ms returns FALSE
T210C 166:425.504 JLINK_IsHalted()
T210C 166:426.416 - 0.904ms returns FALSE
T210C 166:426.544 JLINK_IsHalted()
T210C 166:427.312 - 0.775ms returns FALSE
T210C 166:534.512 JLINK_IsHalted()
T210C 166:535.424 - 0.919ms returns FALSE
T210C 166:535.568 JLINK_IsHalted()
T210C 166:536.416 - 0.843ms returns FALSE
T210C 166:644.512 JLINK_IsHalted()
T210C 166:645.664 - 1.141ms returns FALSE
T210C 166:645.856 JLINK_IsHalted()
T210C 166:646.912 - 1.059ms returns FALSE
T210C 166:753.504 JLINK_IsHalted()
T210C 166:754.400 - 0.908ms returns FALSE
T210C 166:754.576 JLINK_IsHalted()
T210C 166:755.424 - 0.836ms returns FALSE
T210C 166:862.528 JLINK_IsHalted()
T210C 166:863.408 - 0.882ms returns FALSE
T210C 166:863.568 JLINK_IsHalted()
T210C 166:864.416 - 0.853ms returns FALSE
T210C 166:972.544 JLINK_IsHalted()
T210C 166:973.408 - 0.867ms returns FALSE
T210C 166:973.536 JLINK_IsHalted()
T210C 166:974.432 - 0.887ms returns FALSE
T8448 167:050.784 JLINK_IsHalted()
T8448 167:051.408 - 0.623ms returns FALSE
T8448 167:051.552 JLINK_IsHalted()
T8448 167:052.080 - 0.523ms returns FALSE
T210C 167:081.504 JLINK_IsHalted()
T210C 167:082.416 - 0.904ms returns FALSE
T210C 167:082.544 JLINK_IsHalted()
T210C 167:083.408 - 0.856ms returns FALSE
T210C 167:191.488 JLINK_IsHalted()
T210C 167:192.352 - 0.862ms returns FALSE
T210C 167:192.480 JLINK_IsHalted()
T210C 167:193.312 - 0.834ms returns FALSE
T210C 167:300.496 JLINK_IsHalted()
T210C 167:301.424 - 0.939ms returns FALSE
T210C 167:301.568 JLINK_IsHalted()
T210C 167:302.416 - 0.837ms returns FALSE
T210C 167:409.504 JLINK_IsHalted()
T210C 167:410.400 - 0.912ms returns FALSE
T210C 167:410.544 JLINK_IsHalted()
T210C 167:411.408 - 0.848ms returns FALSE
T210C 167:519.520 JLINK_IsHalted()
T210C 167:520.448 - 0.916ms returns FALSE
T210C 167:520.576 JLINK_IsHalted()
T210C 167:521.408 - 0.832ms returns FALSE
T210C 167:628.544 JLINK_IsHalted()
T210C 167:629.456 - 0.914ms returns FALSE
T210C 167:629.616 JLINK_IsHalted()
T210C 167:630.528 - 0.902ms returns FALSE
T210C 167:737.504 JLINK_IsHalted()
T210C 167:738.400 - 0.904ms returns FALSE
T210C 167:738.528 JLINK_IsHalted()
T210C 167:739.344 - 0.816ms returns FALSE
T210C 167:847.520 JLINK_IsHalted()
T210C 167:848.416 - 0.904ms returns FALSE
T210C 167:848.544 JLINK_IsHalted()
T210C 167:849.392 - 0.852ms returns FALSE
T210C 167:956.512 JLINK_IsHalted()
T210C 167:957.408 - 0.905ms returns FALSE
T210C 167:957.536 JLINK_IsHalted()
T210C 167:958.320 - 0.777ms returns FALSE
T8448 168:052.736 JLINK_IsHalted()
T8448 168:053.424 - 0.692ms returns FALSE
T8448 168:053.584 JLINK_IsHalted()
T8448 168:054.128 - 0.543ms returns FALSE
T210C 168:066.528 JLINK_IsHalted()
T210C 168:067.488 - 0.959ms returns FALSE
T210C 168:067.616 JLINK_IsHalted()
T210C 168:068.496 - 0.864ms returns FALSE
T210C 168:175.520 JLINK_IsHalted()
T210C 168:177.280 - 1.745ms returns FALSE
T210C 168:177.456 JLINK_IsHalted()
T210C 168:178.336 - 0.879ms returns FALSE
T210C 168:284.496 JLINK_IsHalted()
T210C 168:285.408 - 0.920ms returns FALSE
T210C 168:285.568 JLINK_IsHalted()
T210C 168:286.416 - 0.841ms returns FALSE
T210C 168:394.528 JLINK_IsHalted()
T210C 168:395.456 - 0.922ms returns FALSE
T210C 168:395.600 JLINK_IsHalted()
T210C 168:396.448 - 0.844ms returns FALSE
T210C 168:503.520 JLINK_IsHalted()
T210C 168:504.432 - 0.917ms returns FALSE
T210C 168:504.576 JLINK_IsHalted()
T210C 168:505.408 - 0.830ms returns FALSE
T210C 168:612.512 JLINK_IsHalted()
T210C 168:613.536 - 1.026ms returns FALSE
T210C 168:613.696 JLINK_IsHalted()
T210C 168:614.592 - 0.895ms returns FALSE
T210C 168:722.496 JLINK_IsHalted()
T210C 168:723.424 - 0.914ms returns FALSE
T210C 168:723.552 JLINK_IsHalted()
T210C 168:724.448 - 0.890ms returns FALSE
T210C 168:831.536 JLINK_IsHalted()
T210C 168:832.464 - 0.911ms returns FALSE
T210C 168:832.608 JLINK_IsHalted()
T210C 168:833.504 - 0.893ms returns FALSE
T210C 168:941.504 JLINK_IsHalted()
T210C 168:942.544 - 1.035ms returns FALSE
T210C 168:942.688 JLINK_IsHalted()
T210C 168:943.584 - 0.897ms returns FALSE
T210C 169:050.512 JLINK_IsHalted()
T210C 169:051.424 - 0.922ms returns FALSE
T210C 169:051.584 JLINK_IsHalted()
T210C 169:052.416 - 0.837ms returns FALSE
T8448 169:054.768 JLINK_IsHalted()
T8448 169:055.440 - 0.668ms returns FALSE
T8448 169:055.584 JLINK_IsHalted()
T8448 169:056.144 - 0.545ms returns FALSE
T210C 169:159.520 JLINK_IsHalted()
T210C 169:160.480 - 0.957ms returns FALSE
T210C 169:160.640 JLINK_IsHalted()
T210C 169:161.488 - 0.852ms returns FALSE
T210C 169:269.552 JLINK_IsHalted()
T210C 169:270.576 - 1.016ms returns FALSE
T210C 169:270.736 JLINK_IsHalted()
T210C 169:271.616 - 0.881ms returns FALSE
T210C 169:378.496 JLINK_IsHalted()
T210C 169:379.472 - 0.964ms returns FALSE
T210C 169:379.584 JLINK_IsHalted()
T210C 169:380.480 - 0.897ms returns FALSE
T210C 169:487.520 JLINK_IsHalted()
T210C 169:488.448 - 0.927ms returns FALSE
T210C 169:488.544 JLINK_IsHalted()
T210C 169:489.456 - 0.910ms returns FALSE
T210C 169:597.552 JLINK_IsHalted()
T210C 169:598.560 - 1.003ms returns FALSE
T210C 169:598.720 JLINK_IsHalted()
T210C 169:599.520 - 0.803ms returns FALSE
T210C 169:706.528 JLINK_IsHalted()
T210C 169:707.408 - 0.880ms returns FALSE
T210C 169:707.504 JLINK_IsHalted()
T210C 169:708.256 - 0.741ms returns FALSE
T210C 169:816.512 JLINK_IsHalted()
T210C 169:817.392 - 0.891ms returns FALSE
T210C 169:817.504 JLINK_IsHalted()
T210C 169:818.256 - 0.742ms returns FALSE
T210C 169:925.536 JLINK_IsHalted()
T210C 169:926.464 - 0.922ms returns FALSE
T210C 169:926.608 JLINK_IsHalted()
T210C 169:927.392 - 0.774ms returns FALSE
T210C 170:034.528 JLINK_IsHalted()
T210C 170:035.408 - 0.872ms returns FALSE
T210C 170:035.552 JLINK_IsHalted()
T210C 170:036.416 - 0.876ms returns FALSE
T8448 170:056.736 JLINK_IsHalted()
T8448 170:057.280 - 0.545ms returns FALSE
T8448 170:057.440 JLINK_IsHalted()
T8448 170:057.936 - 0.495ms returns FALSE
T210C 170:144.512 JLINK_IsHalted()
T210C 170:145.424 - 0.910ms returns FALSE
T210C 170:145.568 JLINK_IsHalted()
T210C 170:146.416 - 0.858ms returns FALSE
T210C 170:253.632 JLINK_IsHalted()
T210C 170:254.768 - 1.137ms returns FALSE
T210C 170:254.880 JLINK_IsHalted()
T210C 170:256.032 - 1.131ms returns FALSE
T210C 170:362.608 JLINK_IsHalted()
T210C 170:363.680 - 1.069ms returns FALSE
T210C 170:363.792 JLINK_IsHalted()
T210C 170:364.592 - 0.810ms returns FALSE
T210C 170:472.528 JLINK_IsHalted()
T210C 170:473.376 - 0.855ms returns FALSE
T210C 170:473.504 JLINK_IsHalted()
T210C 170:474.272 - 0.764ms returns FALSE
T210C 170:581.536 JLINK_IsHalted()
T210C 170:582.432 - 0.889ms returns FALSE
T210C 170:582.544 JLINK_IsHalted()
T210C 170:583.392 - 0.849ms returns FALSE
T210C 170:691.488 JLINK_IsHalted()
T210C 170:692.416 - 0.923ms returns FALSE
T210C 170:692.544 JLINK_IsHalted()
T210C 170:693.408 - 0.864ms returns FALSE
T210C 170:800.544 JLINK_IsHalted()
T210C 170:801.504 - 0.946ms returns FALSE
T210C 170:801.648 JLINK_IsHalted()
T210C 170:802.512 - 0.846ms returns FALSE
T210C 170:909.488 JLINK_IsHalted()
T210C 170:910.432 - 0.934ms returns FALSE
T210C 170:910.592 JLINK_IsHalted()
T210C 170:911.504 - 0.900ms returns FALSE
T210C 171:019.504 JLINK_IsHalted()
T210C 171:020.384 - 0.892ms returns FALSE
T210C 171:020.528 JLINK_IsHalted()
T210C 171:021.456 - 0.930ms returns FALSE
T8448 171:058.672 JLINK_IsHalted()
T8448 171:059.296 - 0.616ms returns FALSE
T8448 171:059.424 JLINK_IsHalted()
T8448 171:059.952 - 0.524ms returns FALSE
T210C 171:128.512 JLINK_IsHalted()
T210C 171:129.504 - 0.990ms returns FALSE
T210C 171:129.648 JLINK_IsHalted()
T210C 171:130.400 - 0.762ms returns FALSE
T210C 171:237.520 JLINK_IsHalted()
T210C 171:238.416 - 0.904ms returns FALSE
T210C 171:238.672 JLINK_IsHalted()
T210C 171:239.520 - 0.838ms returns FALSE
T210C 171:347.504 JLINK_IsHalted()
T210C 171:348.528 - 1.015ms returns FALSE
T210C 171:348.672 JLINK_IsHalted()
T210C 171:349.536 - 0.861ms returns FALSE
T210C 171:456.544 JLINK_IsHalted()
T210C 171:457.440 - 0.914ms returns FALSE
T210C 171:457.568 JLINK_IsHalted()
T210C 171:458.368 - 0.809ms returns FALSE
T210C 171:566.496 JLINK_IsHalted()
T210C 171:567.456 - 0.956ms returns FALSE
T210C 171:567.584 JLINK_IsHalted()
T210C 171:568.448 - 0.854ms returns FALSE
T210C 171:675.520 JLINK_IsHalted()
T210C 171:676.384 - 0.871ms returns FALSE
T210C 171:676.544 JLINK_IsHalted()
T210C 171:677.296 - 0.763ms returns FALSE
T210C 171:784.544 JLINK_IsHalted()
T210C 171:785.392 - 0.841ms returns FALSE
T210C 171:785.504 JLINK_IsHalted()
T210C 171:786.384 - 0.867ms returns FALSE
T210C 171:894.496 JLINK_IsHalted()
T210C 171:896.112 - 1.619ms returns FALSE
T210C 171:896.288 JLINK_IsHalted()
T210C 171:897.232 - 0.934ms returns FALSE
T210C 172:003.504 JLINK_IsHalted()
T210C 172:004.416 - 0.913ms returns FALSE
T210C 172:004.608 JLINK_IsHalted()
T210C 172:005.456 - 0.840ms returns FALSE
T8448 172:060.992 JLINK_IsHalted()
T8448 172:061.680 - 0.695ms returns FALSE
T8448 172:061.824 JLINK_IsHalted()
T8448 172:062.416 - 0.582ms returns FALSE
T210C 172:112.528 JLINK_IsHalted()
T210C 172:113.456 - 0.924ms returns FALSE
T210C 172:113.568 JLINK_IsHalted()
T210C 172:129.856 - 16.280ms returns FALSE
T210C 172:237.504 JLINK_IsHalted()
T210C 172:238.240 - 0.733ms returns FALSE
T210C 172:238.352 JLINK_IsHalted()
T210C 172:238.912 - 0.565ms returns FALSE
T210C 172:347.488 JLINK_IsHalted()
T210C 172:348.192 - 0.711ms returns FALSE
T210C 172:348.320 JLINK_IsHalted()
T210C 172:348.832 - 0.516ms returns FALSE
T210C 172:456.480 JLINK_IsHalted()
T210C 172:457.120 - 0.640ms returns FALSE
T210C 172:457.248 JLINK_IsHalted()
T210C 172:457.728 - 0.481ms returns FALSE
T210C 172:566.496 JLINK_IsHalted()
T210C 172:567.152 - 0.656ms returns FALSE
T210C 172:567.264 JLINK_IsHalted()
T210C 172:567.776 - 0.505ms returns FALSE
T210C 172:675.504 JLINK_IsHalted()
T210C 172:676.176 - 0.661ms returns FALSE
T210C 172:676.272 JLINK_IsHalted()
T210C 172:676.768 - 0.481ms returns FALSE
T210C 172:784.512 JLINK_IsHalted()
T210C 172:785.136 - 0.630ms returns FALSE
T210C 172:785.248 JLINK_IsHalted()
T210C 172:785.760 - 0.516ms returns FALSE
T210C 172:894.512 JLINK_IsHalted()
T210C 172:895.280 - 0.762ms returns FALSE
T210C 172:895.424 JLINK_IsHalted()
T210C 172:896.016 - 0.577ms returns FALSE
T210C 173:003.552 JLINK_IsHalted()
T210C 173:005.088 - 1.543ms returns FALSE
T210C 173:005.232 JLINK_IsHalted()
T210C 173:005.728 - 0.498ms returns FALSE
T8448 173:062.752 JLINK_IsHalted()
T8448 173:063.552 - 0.789ms returns FALSE
T8448 173:063.664 JLINK_IsHalted()
T8448 173:064.208 - 0.546ms returns FALSE
T210C 173:112.528 JLINK_IsHalted()
T210C 173:113.248 - 0.716ms returns FALSE
T210C 173:113.392 JLINK_IsHalted()
T210C 173:113.984 - 0.588ms returns FALSE
T210C 173:222.496 JLINK_IsHalted()
T210C 173:223.248 - 0.755ms returns FALSE
T210C 173:223.360 JLINK_IsHalted()
T210C 173:223.968 - 0.601ms returns FALSE
T210C 173:331.520 JLINK_IsHalted()
T210C 173:332.256 - 0.732ms returns FALSE
T210C 173:332.352 JLINK_IsHalted()
T210C 173:332.880 - 0.527ms returns FALSE
T210C 173:441.520 JLINK_IsHalted()
T210C 173:442.288 - 0.757ms returns FALSE
T210C 173:442.400 JLINK_IsHalted()
T210C 173:442.928 - 0.542ms returns FALSE
T210C 173:550.560 JLINK_IsHalted()
T210C 173:551.312 - 0.754ms returns FALSE
T210C 173:551.456 JLINK_IsHalted()
T210C 173:552.016 - 0.561ms returns FALSE
T210C 173:659.552 JLINK_IsHalted()
T210C 173:660.352 - 0.796ms returns FALSE
T210C 173:660.480 JLINK_IsHalted()
T210C 173:661.024 - 0.548ms returns FALSE
T210C 173:769.056 JLINK_IsHalted()
T210C 173:769.696 - 0.639ms returns FALSE
T210C 173:769.824 JLINK_IsHalted()
T210C 173:770.400 - 0.569ms returns FALSE
T210C 173:878.704 JLINK_IsHalted()
T210C 173:879.424 - 0.707ms returns FALSE
T210C 173:879.552 JLINK_IsHalted()
T210C 173:880.032 - 0.497ms returns FALSE
T210C 173:987.712 JLINK_IsHalted()
T210C 173:988.400 - 0.698ms returns FALSE
T210C 173:988.544 JLINK_IsHalted()
T210C 173:989.072 - 0.529ms returns FALSE
T8448 174:065.056 JLINK_IsHalted()
T8448 174:065.744 - 0.674ms returns FALSE
T8448 174:065.888 JLINK_IsHalted()
T8448 174:066.464 - 0.573ms returns FALSE
T210C 174:097.760 JLINK_IsHalted()
T210C 174:098.640 - 0.884ms returns FALSE
T210C 174:098.816 JLINK_IsHalted()
T210C 174:099.408 - 0.579ms returns FALSE
T210C 174:206.368 JLINK_IsHalted()
T210C 174:207.104 - 0.720ms returns FALSE
T210C 174:207.216 JLINK_IsHalted()
T210C 174:207.792 - 0.580ms returns FALSE
T210C 174:316.096 JLINK_IsHalted()
T210C 174:316.832 - 0.737ms returns FALSE
T210C 174:316.944 JLINK_IsHalted()
T210C 174:317.504 - 0.556ms returns FALSE
T210C 174:425.056 JLINK_IsHalted()
T210C 174:425.680 - 0.606ms returns FALSE
T210C 174:425.760 JLINK_IsHalted()
T210C 174:426.272 - 0.526ms returns FALSE
T210C 174:534.752 JLINK_IsHalted()
T210C 174:535.392 - 0.641ms returns FALSE
T210C 174:535.504 JLINK_IsHalted()
T210C 174:535.968 - 0.466ms returns FALSE
T210C 174:644.336 JLINK_IsHalted()
T210C 174:645.024 - 0.683ms returns FALSE
T210C 174:645.152 JLINK_IsHalted()
T210C 174:645.664 - 0.503ms returns FALSE
T210C 174:753.984 JLINK_IsHalted()
T210C 174:754.672 - 0.679ms returns FALSE
T210C 174:754.784 JLINK_IsHalted()
T210C 174:755.296 - 0.508ms returns FALSE
T210C 174:862.992 JLINK_IsHalted()
T210C 174:863.792 - 0.809ms returns FALSE
T210C 174:863.936 JLINK_IsHalted()
T210C 174:864.496 - 0.569ms returns FALSE
T210C 174:972.000 JLINK_IsHalted()
T210C 174:972.704 - 0.699ms returns FALSE
T210C 174:972.816 JLINK_IsHalted()
T210C 174:973.296 - 0.487ms returns FALSE
T8448 175:067.248 JLINK_IsHalted()
T8448 175:067.872 - 0.631ms returns FALSE
T8448 175:068.000 JLINK_IsHalted()
T8448 175:068.576 - 0.571ms returns FALSE
T210C 175:082.000 JLINK_IsHalted()
T210C 175:082.656 - 0.670ms returns FALSE
T210C 175:082.784 JLINK_IsHalted()
T210C 175:083.264 - 0.472ms returns FALSE
T210C 175:191.008 JLINK_IsHalted()
T210C 175:191.744 - 0.748ms returns FALSE
T210C 175:191.856 JLINK_IsHalted()
T210C 175:192.448 - 0.596ms returns FALSE
T210C 175:300.000 JLINK_IsHalted()
T210C 175:301.408 - 1.410ms returns FALSE
T210C 175:301.536 JLINK_IsHalted()
T210C 175:302.016 - 0.486ms returns FALSE
T210C 175:410.000 JLINK_IsHalted()
T210C 175:410.672 - 0.679ms returns FALSE
T210C 175:410.816 JLINK_IsHalted()
T210C 175:411.392 - 0.571ms returns FALSE
T210C 175:519.104 JLINK_IsHalted()
T210C 175:520.128 - 1.017ms returns FALSE
T210C 175:520.352 JLINK_IsHalted()
T210C 175:521.120 - 0.765ms returns FALSE
T210C 175:629.040 JLINK_IsHalted()
T210C 175:629.856 - 0.824ms returns FALSE
T210C 175:630.000 JLINK_IsHalted()
T210C 175:630.544 - 0.531ms returns FALSE
T210C 175:738.048 JLINK_IsHalted()
T210C 175:739.072 - 1.025ms returns FALSE
T210C 175:739.248 JLINK_IsHalted()
T210C 175:739.952 - 0.705ms returns FALSE
T210C 175:847.008 JLINK_IsHalted()
T210C 175:847.632 - 0.608ms returns FALSE
T210C 175:847.712 JLINK_IsHalted()
T210C 175:848.160 - 0.444ms returns FALSE
T210C 175:957.088 JLINK_IsHalted()
T210C 175:957.728 - 0.633ms returns FALSE
T210C 175:957.824 JLINK_IsHalted()
T210C 175:958.256 - 0.424ms returns FALSE
T210C 176:066.000 JLINK_IsHalted()
T210C 176:066.656 - 0.660ms returns FALSE
T210C 176:066.784 JLINK_IsHalted()
T210C 176:067.248 - 0.468ms returns FALSE
T8448 176:070.272 JLINK_IsHalted()
T8448 176:070.896 - 0.631ms returns FALSE
T8448 176:071.040 JLINK_IsHalted()
T8448 176:071.536 - 0.486ms returns FALSE
T210C 176:175.024 JLINK_IsHalted()
T210C 176:175.776 - 0.741ms returns FALSE
T210C 176:175.904 JLINK_IsHalted()
T210C 176:176.432 - 0.538ms returns FALSE
T210C 176:285.040 JLINK_IsHalted()
T210C 176:286.176 - 1.120ms returns FALSE
T210C 176:286.416 JLINK_IsHalted()
T210C 176:287.200 - 0.793ms returns FALSE
T210C 176:394.048 JLINK_IsHalted()
T210C 176:394.688 - 0.627ms returns FALSE
T210C 176:394.800 JLINK_IsHalted()
T210C 176:395.248 - 0.449ms returns FALSE
T210C 176:504.032 JLINK_IsHalted()
T210C 176:504.736 - 0.703ms returns FALSE
T210C 176:504.848 JLINK_IsHalted()
T210C 176:505.504 - 0.666ms returns FALSE
T210C 176:612.976 JLINK_IsHalted()
T210C 176:613.648 - 0.658ms returns FALSE
T210C 176:613.744 JLINK_IsHalted()
T210C 176:614.256 - 0.511ms returns FALSE
T210C 176:722.048 JLINK_IsHalted()
T210C 176:722.864 - 0.805ms returns FALSE
T210C 176:722.992 JLINK_IsHalted()
T210C 176:723.680 - 0.679ms returns FALSE
T210C 176:832.064 JLINK_IsHalted()
T210C 176:832.720 - 0.654ms returns FALSE
T210C 176:832.800 JLINK_IsHalted()
T210C 176:833.280 - 0.469ms returns FALSE
T210C 176:941.008 JLINK_IsHalted()
T210C 176:941.664 - 0.661ms returns FALSE
T210C 176:941.776 JLINK_IsHalted()
T210C 176:942.272 - 0.507ms returns FALSE
T210C 177:050.016 JLINK_IsHalted()
T210C 177:050.752 - 0.727ms returns FALSE
T210C 177:050.864 JLINK_IsHalted()
T210C 177:051.376 - 0.509ms returns FALSE
T8448 177:072.288 JLINK_IsHalted()
T8448 177:072.912 - 0.613ms returns FALSE
T8448 177:073.024 JLINK_IsHalted()
T8448 177:073.520 - 0.496ms returns FALSE
T210C 177:160.032 JLINK_IsHalted()
T210C 177:160.816 - 0.796ms returns FALSE
T210C 177:160.928 JLINK_IsHalted()
T210C 177:161.408 - 0.467ms returns FALSE
T210C 177:269.072 JLINK_IsHalted()
T210C 177:269.792 - 0.715ms returns FALSE
T210C 177:269.920 JLINK_IsHalted()
T210C 177:270.480 - 0.556ms returns FALSE
T210C 177:378.992 JLINK_IsHalted()
T210C 177:379.808 - 0.813ms returns FALSE
T210C 177:379.936 JLINK_IsHalted()
T210C 177:380.512 - 0.574ms returns FALSE
T210C 177:488.016 JLINK_IsHalted()
T210C 177:488.816 - 0.798ms returns FALSE
T210C 177:488.912 JLINK_IsHalted()
T210C 177:489.408 - 0.502ms returns FALSE
T210C 177:597.088 JLINK_IsHalted()
T210C 177:598.032 - 0.945ms returns FALSE
T210C 177:598.240 JLINK_IsHalted()
T210C 177:598.896 - 0.662ms returns FALSE
T210C 177:707.008 JLINK_IsHalted()
T210C 177:707.632 - 0.627ms returns FALSE
T210C 177:707.728 JLINK_IsHalted()
T210C 177:708.240 - 0.513ms returns FALSE
T210C 177:816.016 JLINK_IsHalted()
T210C 177:816.672 - 0.664ms returns FALSE
T210C 177:816.816 JLINK_IsHalted()
T210C 177:817.376 - 0.557ms returns FALSE
T210C 177:924.992 JLINK_IsHalted()
T210C 177:925.616 - 0.626ms returns FALSE
T210C 177:925.760 JLINK_IsHalted()
T210C 177:926.288 - 0.515ms returns FALSE
T210C 178:034.992 JLINK_IsHalted()
T210C 178:035.744 - 0.733ms returns FALSE
T210C 178:035.888 JLINK_IsHalted()
T210C 178:036.432 - 0.543ms returns FALSE
T8448 178:074.304 JLINK_IsHalted()
T8448 178:075.040 - 0.729ms returns FALSE
T8448 178:075.200 JLINK_IsHalted()
T8448 178:075.728 - 0.523ms returns FALSE
T210C 178:144.880 JLINK_IsHalted()
T210C 178:145.504 - 0.636ms returns FALSE
T210C 178:145.648 JLINK_IsHalted()
T210C 178:146.128 - 0.477ms returns FALSE
T210C 178:254.016 JLINK_IsHalted()
T210C 178:254.816 - 0.791ms returns FALSE
T210C 178:254.992 JLINK_IsHalted()
T210C 178:255.584 - 0.601ms returns FALSE
T210C 178:362.992 JLINK_IsHalted()
T210C 178:363.744 - 0.752ms returns FALSE
T210C 178:363.920 JLINK_IsHalted()
T210C 178:364.496 - 0.578ms returns FALSE
T210C 178:472.000 JLINK_IsHalted()
T210C 178:472.688 - 0.695ms returns FALSE
T210C 178:472.800 JLINK_IsHalted()
T210C 178:473.360 - 0.555ms returns FALSE
T210C 178:582.000 JLINK_IsHalted()
T210C 178:582.768 - 0.763ms returns FALSE
T210C 178:582.976 JLINK_IsHalted()
T210C 178:583.520 - 0.538ms returns FALSE
T210C 178:690.992 JLINK_IsHalted()
T210C 178:691.680 - 0.691ms returns FALSE
T210C 178:691.792 JLINK_IsHalted()
T210C 178:692.352 - 0.562ms returns FALSE
T210C 178:800.016 JLINK_IsHalted()
T210C 178:800.784 - 0.758ms returns FALSE
T210C 178:800.928 JLINK_IsHalted()
T210C 178:801.504 - 0.580ms returns FALSE
T210C 178:909.984 JLINK_IsHalted()
T210C 178:910.688 - 0.701ms returns FALSE
T210C 178:910.816 JLINK_IsHalted()
T210C 178:912.448 - 1.625ms returns FALSE
T210C 179:019.008 JLINK_IsHalted()
T210C 179:019.744 - 0.744ms returns FALSE
T210C 179:019.920 JLINK_IsHalted()
T210C 179:020.464 - 0.540ms returns FALSE
T8448 179:077.408 JLINK_IsHalted()
T8448 179:078.208 - 0.793ms returns FALSE
T8448 179:078.400 JLINK_IsHalted()
T8448 179:079.072 - 0.668ms returns FALSE
T210C 179:129.056 JLINK_IsHalted()
T210C 179:129.952 - 0.881ms returns FALSE
T210C 179:130.144 JLINK_IsHalted()
T210C 179:130.832 - 0.682ms returns FALSE
T210C 179:238.000 JLINK_IsHalted()
T210C 179:238.752 - 0.733ms returns FALSE
T210C 179:238.896 JLINK_IsHalted()
T210C 179:239.472 - 0.562ms returns FALSE
T210C 179:347.088 JLINK_IsHalted()
T210C 179:347.824 - 0.743ms returns FALSE
T210C 179:347.952 JLINK_IsHalted()
T210C 179:348.512 - 0.548ms returns FALSE
T210C 179:457.024 JLINK_IsHalted()
T210C 179:457.696 - 0.671ms returns FALSE
T210C 179:457.792 JLINK_IsHalted()
T210C 179:458.272 - 0.464ms returns FALSE
T210C 179:565.984 JLINK_IsHalted()
T210C 179:566.624 - 0.641ms returns FALSE
T210C 179:566.720 JLINK_IsHalted()
T210C 179:567.200 - 0.474ms returns FALSE
T210C 179:674.976 JLINK_IsHalted()
T210C 179:675.600 - 0.610ms returns FALSE
T210C 179:675.680 JLINK_IsHalted()
T210C 179:676.144 - 0.462ms returns FALSE
T210C 179:784.976 JLINK_IsHalted()
T210C 179:785.648 - 0.670ms returns FALSE
T210C 179:785.744 JLINK_IsHalted()
T210C 179:786.208 - 0.459ms returns FALSE
T210C 179:893.984 JLINK_IsHalted()
T210C 179:894.624 - 0.640ms returns FALSE
T210C 179:894.736 JLINK_IsHalted()
T210C 179:895.200 - 0.469ms returns FALSE
T210C 180:003.984 JLINK_IsHalted()
T210C 180:004.640 - 0.645ms returns FALSE
T210C 180:004.768 JLINK_IsHalted()
T210C 180:005.248 - 0.485ms returns FALSE
T8448 180:080.256 JLINK_IsHalted()
T8448 180:080.928 - 0.683ms returns FALSE
T8448 180:081.056 JLINK_IsHalted()
T8448 180:081.520 - 0.468ms returns FALSE
T210C 180:112.976 JLINK_IsHalted()
T210C 180:113.648 - 0.669ms returns FALSE
T210C 180:113.760 JLINK_IsHalted()
T210C 180:114.288 - 0.539ms returns FALSE
T210C 180:221.984 JLINK_IsHalted()
T210C 180:222.672 - 0.687ms returns FALSE
T210C 180:222.784 JLINK_IsHalted()
T210C 180:223.312 - 0.523ms returns FALSE
T210C 180:332.000 JLINK_IsHalted()
T210C 180:332.640 - 0.643ms returns FALSE
T210C 180:332.768 JLINK_IsHalted()
T210C 180:333.264 - 0.488ms returns FALSE
T210C 180:440.992 JLINK_IsHalted()
T210C 180:441.728 - 0.720ms returns FALSE
T210C 180:441.840 JLINK_IsHalted()
T210C 180:442.352 - 0.511ms returns FALSE
T210C 180:550.048 JLINK_IsHalted()
T210C 180:550.752 - 0.698ms returns FALSE
T210C 180:550.880 JLINK_IsHalted()
T210C 180:551.408 - 0.537ms returns FALSE
T210C 180:660.000 JLINK_IsHalted()
T210C 180:660.720 - 0.729ms returns FALSE
T210C 180:660.832 JLINK_IsHalted()
T210C 180:661.376 - 0.529ms returns FALSE
T210C 180:769.056 JLINK_IsHalted()
T210C 182:774.016   
  ***** Error: 
T210C 182:774.112   Communication timed out: Requested 4 bytes, received -2 bytes !
T210C 182:774.144 - 2005.090ms returns ERROR
T210C 182:774.288 JLINK_IsHalted()
T210C 184:778.784 - 2004.501ms returns ERROR
T8448 186:054.960 JLINK_IsHalted()
T8448 188:060.880 - 2005.901ms returns ERROR
T8448 188:061.296 JLINK_IsHalted()
T8448 190:064.944 - 2003.647ms returns ERROR
T9560 190:067.616 JLINK_Halt()
T9560 190:158.032   
  ***** Warning: 
T9560 190:158.112   CPU could not be halted
T9560 190:158.144 - 90.983ms returns 0x01
T9560 190:158.288 JLINK_ReadReg(XPSR)
T9560 190:162.032   CPU is running
T9560 190:162.112   
  ***** Error: 
T9560 190:162.144   Cannot read register 16 (XPSR) while CPU is running
T9560 190:162.192 - 3.905ms returns 0x00000000
T9560 190:167.008 JLINK_Close()
T9560 190:194.304 - 27.298ms
T9560 190:194.656   
T9560 190:194.752   Closed
