:020000040200F8
:10000000A0300022855300022D52000281530002CD
:100010008153000281530002815300028153000288
:100020000000000000000000000000008534000215
:1000300081530002000000009D34000205350002DB
:100040005D4300024942000235440002814400023F
:10005000F4A10002104000000000100800000000A1
:100060000000000000000000000008000000000088
:1000700000000000000000003C0000220000000022
:100080005CC20022C4C200222CC300220000000077
:100090000000000000000000000000000000000060
:1000A0000000000000000000000000000000000050
:1000B0000000000000000000000000000000000040
:0800C000000000000000000038
:1000C8000348044B834202D0034B03B118477047DF
:1000D800880000228800002200000000064B074923
:1000E800C91A891048BF0131491003D0044B0BB11C
:1000F80001481847704700BF880000228800002286
:100108000000000010B5064C237843B9FFF7D8FF6C
:10011800044B13B10448AFF300800123237010BDD2
:10012800D03000220000000084A2000308B5054B6F
:100138001BB105490548AFF30080BDE80840FFF74B
:10014800CDBF00BF00000000D430002284A200030D
:100158002DE9F041D0E902850446A8EB050740687F
:1001680097422844154408D80E463A46A5EB080598
:1001780007F0AFFB2A466068F11907F0AAFBBFF346
:100188005F8FE560BDE8F0812DE9F8434FF0000985
:10019800064688461746D0E902243369151B9C4257
:1001A80003F1FF3125BF03F1FF339B180B1B1B1B0A
:1001B800BD4228BF3D469D4228BF1D467068414646
:1001C8002A46204407F085FBB2682C44A24208BFA7
:1001D8000024A944A8447F1BBFF35F8FF460002F5D
:1001E800DBD14846BDE8F883F8B5164CA8220021B3
:1001F800204607F0D7FC4FF4006600230321202097
:10020800114A124F124D21616161A261E7612662B4
:10021800A3626362E36222666566A0662367E3669B
:100228006367BFF35F8F4FF0100E0A4B4EF001E08B
:100238001846C21A13F9011DA1540FF007C0BFF3E5
:100248005F8FF8BD10390022B08B000210310022F8
:10025800F030002258A400022DE9F04FDFF8A890F2
:10026800054699F800300F46532B144683B001D049
:10027800FFF7BAFF05EB450309EBC3031E6FD3F87D
:100288006CB04FEA45085E451FD8ABEB060B5C45E2
:1002980028BF5C461CB9204603B0BDE8F08FA246D3
:1002A80008EB050309EBC303596E3846314422466F
:1002B80007F00FFB2644BAF1000F04D0A84409EB5D
:1002C800C808C8F870605446E5E79A6E596EA2EB04
:1002D800060AA24528BFA246314438465246019331
:1002E80007F0F7FA019B56449B6EA4EB0A04B3424D
:1002F80014BFABEB060B00265C4528BF5C46002C00
:10030800D9D05744A244CBE71039002210B50B4688
:10031800EFF311844FF0200181F311881946FFF79C
:100328009BFF84F3118810BD70B51D4D441C00EB74
:10033800400005EBC00304EB440405EBC400DC6A91
:100348008C46012C164612D0022C0CD0FCB99A6AA5
:10035800596A8A429CBF1B6AD218013A511A8E42C6
:1003680018D9204670BDBDE87040FFF70DBF9A6AE6
:100378005C6AA2429CBF1B6AD218013A141BB442A1
:1003880028BF34462246FFF7E3FE204670BD00240E
:10039800204670BD32466146FFF7DAFE3446E0E794
:1003A80010390022F8B50B4B04461B780D46532B29
:1003B800164601D0FFF718FFEFF311874FF0200121
:1003C80081F31188324629462046FFF7ADFF87F3AF
:1003D8001188F8BD1039002210B5064C2378532B2C
:1003E80001D0FFF701FFE36E206FC01A18BF01208C
:1003F80010BD00BF10390022D0E9013210B5044603
:10040800501C984207D8236899540246E1686368EB
:100418000131C4E902019A4200D010BD2168206967
:10042800FFF7C0FFA368984215BF4FF0FF330023C2
:10043800E360A36010BD00BF2DE9F84F91428A46E2
:10044800DDE90A84154683461E466AD30B46012712
:10045800B3FBF5F39D4207F10107F9D9B74238BF5D
:10046800374614F0010902D1B8F1000F40D1DBF88A
:100478000C30002B2CDB0124002E14BF33462346FE
:1004880001E005FB04F4013BFBD1BAFBF4F39D4208
:1004980005D805FB04F4BAFBF4F39D42F9D9224EC2
:1004A80006E0AC42B4FBF5F30CD31C46BAFBF3F3FD
:1004B800F156584604FB13AAFFF79EFFDBF80C30F1
:1004C800002BEEDAB9F1000F02D0B8F1000F09D114
:1004D800BDE8F88F20215846FFF78EFFDBF80C3077
:1004E800002BF5DBB84508F1FF38F3D8BDE8F88FE5
:1004F800A30711D420240CE021465846FFF77CFFBF
:10050800DBF80C3008F1FF38002BE1DBB8F1000F05
:10051800AFD0B845F0D8AAE7002E0CBF302420246D
:10052800F7E701279AE700BF60A400022DE9F04F22
:10053800002340259BB00DF1280980460C4617463C
:10054800CDE90553CDE90730CDF8109006E004A8B1
:10055800FFF752FF079B002BC0F2AD8014F9011B77
:10056800002900F0A0802529F1D10026234613F99F
:10057800011BA1F123020D2A08D8DFE802F07F074A
:100588000707070707077B0783070777A1F13002EB
:10059800D2B2092A4FF0000501D90EE0013305EB6C
:1005A800850501EB450593F900101C46A1F13002C1
:1005B800D2B2092AA5F13005F0D92E297FD0002220
:1005C800924694F9001021F00403682B04F1010409
:1005D8005CD02529BBD05839CBB2202BBAD82029DA
:1005E800B8D801A353F821F0150700025D050002F1
:1005F8005D0500025D0500025D0500025D05000263
:100608005D0500025D0500025D0500025D05000252
:100618005D05000231070002B90700025D0500020E
:100628005D0500025D0500025D0500025D05000232
:100638005D0500025D0500025D0500025D05000222
:100648005D0500025D0500029B0700025D050002D2
:100658005D0500025F0700025D0500024507000214
:100668005D0500025D050002150700021C4646F004
:1006780002067BE71C4646F0040677E71C4646F070
:10068800080673E71C4646F001066FE714F9011BDC
:1006980021F00403682B9CD114F9011B21F00403F9
:1006A800682B96D1F2E7079B002B04DD069C002CF3
:1006B80040F0B280234418461BB0BDE8F08F94F98F
:1006C80001102A2909D13B684FF0010A1A1D3A6026
:1006D80094F902101A68023475E7A1F13003DBB20D
:1006E800092B4FF0000204F1010400F2E18002EB53
:1006F800820201EB420214F9011F303AA1F13003E2
:10070800DBB2092BF3D94FF0010A5CE7134610223C
:10071800386801680430CDE9005638600DEB0200F6
:10072800FFF78AFE079B16E73B6804A81A1D93F992
:1007380000103A60FFF760FE079B0CE73868134625
:1007480001680430CDE900560A22386004A8FFF792
:1007580073FE079BFFE63B68191D39601D68002D75
:1007680000F08D800132AE1815F9011B00293FF405
:10077800F1AEBAF1000F02D0B5423FF4EBAE04A8D7
:10078800FFF73AFE079B002BEEDA18461BB0BDE8D0
:10079800F08F3A680823116804323A60002010226A
:1007A800CDE900300DEB0200FFF746FE079BD2E6CD
:1007B8003B684FF0010AD3F800B004333B608BEA82
:1007C800EB73A3EBEB73092B09DD4A481946A0FB31
:1007D80003C363290AF1010A4FEAD303F6DC924501
:1007E80038BF92460DBB079900250B460029FFF636
:1007F80062AFBBF1000F46DB730752D406F0030368
:10080800022B57D0134659460A22CDE9005604A8B0
:10081800FFF712FE079B9EE6224649464046039391
:10082800FFF7C0FD039B234445E7BBF1000F06F02B
:1008380002031BDB710719D4002B53D09AB1F307BD
:100848000FD510E0202104A80392FFF7D5FD0799E2
:10085800039A00290B4605F1FF35FFF62CAF002D52
:10086800C4D0AA45EED307990B46BFE7013D0BB1AB
:10087800002AF8D0F107F6D4002DF2D1B3E74FF0F3
:10088800000A1D4D6EE72D2104A80392FFF7B4FD61
:10089800039ACBF1000B079900290B46FFF60BAF23
:1008A800ACE72B2104A80392FFF7A6FD039AF2E711
:1008B800924688E6002AA5D1002DA3D0554517D920
:1008C800302104A80392FFF797FD0799013D0029FD
:1008D8000B46FFF6F0AE039A002DEFD10029FFF684
:1008E800EAAE8FE7F007BCD5079B002B8ADAE2E671
:1008F8000B46F3E7CDCCCCCCBC8B00020EB400B5D4
:1009080082B003AB53F8041B01AA0193FFF70EFE54
:1009180002B05DF804EB03B0704700BF022800D0B6
:1009280070470249024804F06FB800BFD4A500021E
:10093800603A002230B52022002189B0054607F030
:1009480031F91F4CFFF748FD0028FBD0202200207A
:100958006946FFF7DBFC024618B92146FFF7CEFFD0
:10096800F0E7411E01F120030DEB030414F9203CCC
:100978000A2B10D00D2B08D100236946284604F80D
:10098800203C06F0A6FF09B030BD6946284606F0AF
:10099800A0FF09B030BD00F11E036B4413F9200C11
:1009A8000D28E9D14FF0000C0A462846694603F89D
:1009B80020CC04F820CC06F08CFF09B030BD00BF75
:1009C800C48B00022DE9F04FADF55D7D202200219A
:1009D80002A807F0E7F8DFF870A14FF4527200217F
:1009E8000AA807F0DFF851460020FFF787FF142117
:1009F8000AA802F0EDFB0646002840F0848047492B
:100A0800FFF77CFFB346DFF84491DFF84481444F99
:100A18000AACDCAD23789BB194F82730032B0FD8B0
:100A2800DFE803F06446570294F829E094F928C0F7
:100A3800002023465A464946CDE900CEFFF75EFF1F
:100A48002A34AC420BF1010BE4D136490020FFF700
:100A580055FF35490020FFF751FF02A8FFF76AFF4D
:100A680002A807F06BF89DF80830303B092BB4D882
:100A7800C3B2132BB1D82A220AA902FB03142B4DA7
:100A88002146284606F010FF94F8273085F84030B4
:100A9800002B3ED02A4626490020FFF72FFF05F1FC
:100AA8002000FFF747FF30460DF55D7DBDE8F08F6C
:100AB80094F829E094F928C0394623465A46CDE9E6
:100AC80000CE0020FFF71AFF1A490020FFF716FF93
:100AD800B6E794F829E094F928C023465A464146D7
:100AE800CDE900CE0020FFF709FFA9E794F829E037
:100AF80094F928C023465A46CDE900CE0E49002075
:100B0800FFF7FCFE9CE700200C4B0D4A0D49FFF750
:100B1800F5FE30460DF55D7DBDE8F08F588C00027E
:100B2800C88C0002EC8D00021C8E0002083A0022DC
:100B3800488E00020C8D0002848C0002F48B0002A7
:100B480004A500023C8C0002D48B0002A88D000290
:100B5800648D000270B588B020220021684607F035
:100B680021F831490020FFF7C9FE3048FFF7E2FEBF
:100B78002F4D304C29460020FFF7C0FE21460020AB
:100B8800FFF7BCFE2C490020FFF7B8FE2B490020D8
:100B9800FFF7B4FE2A490020FFF7B0FE29490020DC
:100BA800FFF7ACFE6846FFF7C5FE9DF80030303B06
:100BB800022BDFD89DF90160002EDBD1684606F0D4
:100BC800BDFF98B9194C84F84000184A1E49002006
:100BD800FFF794FE1D4A94F84010A2F1200001F09E
:100BE800F7FF0446B8B9204608B070BD684606F05D
:100BF800A5FF0346012B14BF032302230B4C3046E9
:100C08002246134984F84030FFF778FE04F12000AB
:100C1800FFF790FED9E70F4B0F4A10490020FFF766
:100C28006DFE204608B070BD6C8E0002083A0022A6
:100C3800908E0002C48E0002DC8E0002008F00023B
:100C48001C8F0002388F0002708F0002283A0022A1
:100C58004C8F0002948F0002F4A400023C8C000226
:100C680070B504460F480D4600F0EEFD0E4B5E6D64
:100C78003EB92046294601F0A5FC044648B920465D
:100C880070BD4FF0FF3409490020FFF737FE2046BA
:100C980070BD3046064B074A0749FFF72FFE20462E
:100CA80070BD00BF5C3A0022083A0022E08F0002C3
:100CB800F88F0002E8A400023C8C000238B5044614
:100CC8000F4800F0C1FD0F4B5D6D45B92046642209
:100CD800042101F05BFB044648B9204638BD4FF0BB
:100CE800FF3409490020FFF709FE204638BD284691
:100CF800064B074A0749FFF701FE204638BD00BFEB
:100D08005C3A0022083A0022E08F00024890000274
:100D1800E0A400023C8C000238B5104800F094FDB5
:100D28000F4B5D6D4DB90F4B04222946186801F031
:100D3800FDFD044648B9204638BD4FF0FF340A4946
:100D48000020FFF7DBFD204638BD2846074B084A40
:100D58000849FFF7D3FD204638BD00BF5C3A0022A2
:100D6800083A0022B8390022E08F00029090000271
:100D7800CCA400023C8C00022DE9F0410646144840
:100D88000F4600F061FD134B5B6DC3B90624DFF815
:100D9800588036BA3A463146D8F8000001F00AFDC4
:100DA800631E054640B113F0FF04F3D120460A4BF9
:100DB8000A4A0B49FFF7A2FD2846BDE8F0814FF02B
:100DC800FF3508490020FFF799FD2846BDE8F08166
:100DD8005C3A0022083A0022E4900002B8A400021B
:100DE8003C8C0002E08F0002B839002238B5114867
:100DF80000F02AFD104B5D6D5DB91049A1F14C045E
:100E080051F84C0C00F03CFDE36C042B0BD1284648
:100E180038BD00200A4B0B4A0B49FFF76FFD4FF016
:100E2800FF35284638BD2846084B064A0649FFF7CD
:100E380065FDF4E75C3A0022083A0022043A0022F1
:100E4800E08F00027CA400023C8C00023491000276
:100E580038B50446FFF7CAFF78B90546204606F0BC
:100E68000CFE0B4902464FF4C8730868214601F08E
:100E780017FE041E05DD204638BD4FF0FF3420461E
:100E880038BD2846034B044A0449FFF737FDF2E70B
:100E9800B839002250910002A8A400023C8C00023C
:100EA80038B50546FFF7A2FF60B904460B48294646
:100EB80043F698232022006802F010F8051E05DB8F
:100EC800284638BD4FF0FF35284638BD2046044B2C
:100ED800044A0549FFF712FDF2E700BFB8390022BE
:100EE8009C91000298A400023C8C000238B5184C72
:100EF800214654F84C0CA4F14C0500F0C1FCEB6CF5
:100F0800042B18D0134800F09FFC134B5C6D04B100
:100F180038BD01F087F905460028F9D00F4B204667
:100F28000F4A1049FFF7EAFC2A4620460E49FFF708
:100F3800E5FC00BE38BD54F84C0C01F0CDF9002892
:100F4800E0D00A4B064A07490020FFF7D7FCD9E74B
:100F5800043A00225C3A0022083A00223892000241
:100F680070A400023C8C000284920002E891000206
:100F78002DE9F04F00248FB02022214606A80494C2
:100F880006F010FE04A8059404F0F8F89DF8110086
:100F98009DF81230BF4ACDE90030BF499DF81330A3
:100FA8002046FFF7ABFC2046BC49FFF7A7FCBC482E
:100FB80000F0CAFE002840F0BE826FF00043B94D31
:100FC800B94FBA4E6B6539460020FFF797FC31469A
:100FD8000020FFF793FCB6490020FFF78FFCB549C6
:100FE8000020FFF78BFC06A8FFF7A4FC06A806F074
:100FF800A5FDC0B201286AD002285DD00020AE4904
:10100800FFF77CFCAD4800F01FFC6B6DA3BBAC493F
:101018000020FFF773FCAB4801F040FA04460028B3
:1010280040F07A82D5E91310D5E911230526CDE9D8
:1010380000100020A449FFF761FC3446DFF80C8358
:10104800A24F41460020FFF759FC06A8FFF772FCA3
:1010580039460020FFF752FC05A906A8FFF700FE55
:101068009B49054680B10020FFF748FC002C40F35F
:101078007B81013C64B2E4E700209649FFF73EFC1F
:101088006B6D002B9FD1C2E705A8FFF717FE9249A9
:101098000446002842D02846FFF730FC06F1FF3905
:1010A800002E4FFA89F940F3EA8100208B49FFF7B7
:1010B80025FC05244E46C4E7FFF74CFD0028A1D0C7
:1010C800874B884A88490020FFF718FC9AE7FFF702
:1010D80079FC044640B185490020FFF70FFC84499C
:1010E8000020FFF70BFC8DE76E4A8249FFF706FCEC
:1010F800814A95F84010A2F1200001F069FD00280E
:1011080080D020467D4B774A7749FFF7F7FB20468A
:10111800734B744A7449FFF7F1FB73E79DF8155058
:101128009DF817709DF816609DF8143006AA74494A
:101138000095CDE90167FFF7E1FB72492046FFF70B
:10114800DDFB71492046FFF7D9FB70492046FFF7C0
:10115800D5FBFFF7E1FD0546002840F0C8810527CB
:1011680000206B49FFF7CAFB3D46DFF8E491DFF842
:10117800E48149460020FFF7C1FB06A8FFF7DAFB28
:1011880041460020FFF7BAFB624906A8FFF768FD51
:101198006149044648B100206049FFF7AFFB002DC4
:1011A80040F3F180013D6DB2E3E7FFF7A7FB594833
:1011B800FFF784FD4849054670B12046FFF79EFBBE
:1011C8007E1E002F76B240F3498100205449FFF774
:1011D80095FB05253746CCE75249FFF78FFB524967
:1011E8002846FFF78BFB06A8FFF7A4FB06A806F026
:1011F800A5FC0146DFF86091D9F80400C9F8081089
:10120800FFF7BAFD0446002840F0628147490020F4
:10121800FFF774FBDFF84481454B424693E803002F
:10122800C8F80000A8F8041000204249FFF766FB40
:101238004046FFF70DFE0446002800F03B810020E1
:101248003D49FFF75BFB3D4D3D4FDFF814A1DFF84B
:1012580014B13C4E0EE020222146284606F0A2FC9E
:1012680031462046FFF74AFB2846FFF719FE0028BB
:1012780040F09880FFF7BAFD04460028EBD03249C9
:101288000020FFF73BFBFFF731FE012005F056FB7E
:10129800FBE700BFA4920002A8920002909400020B
:1012A80034A50002083A0022289900023099000269
:1012B8005C990002388F0002489A00025C3A0022CA
:1012C8005C9A00024C3A0022D89A00021C9B000249
:1012D800389B0002709A0002BC9C0002149D000218
:1012E8000C9A000214A500023C8C0002909900029E
:1012F800BC990002F8990002283A0022948F000253
:10130800A49B0002CC9B0002FC9B0002509C0002A4
:10131800C49D0002BC390022949E0002589E00021F
:10132800C09F0002D49E0002009F000260A000023D
:101338007CA0000284A00002CCA00002E4390022B4
:1013480095AD0002F8A00002B8A10002F89A0002C8
:10135800F49D0002209E0002B8390022C439002200
:1013680044A10002B0A100027A4B7B4A7B490020CD
:10137800FFF7C4FAFFF7BAFD2A4679490020FFF7BC
:10138800BDFA00BE75E6734B734A74490020FFF737
:10139800B5FAFFF7ABFD224671490020FFF7AEFA18
:1013A80000BEFFE699F82C3083B120206D4901E09A
:1013B80001380BD0FA5C02F00302012A04BF203383
:1013C800DBB20B7011F8013F002BF1D12B786F2B9A
:1013D8002CD16B786E2B29D1AC783CBB614A624921
:1013E8002046FFF78BFA61492046FFF787FA40F25B
:1013F800071101225E4803F05BF99AE8030088E8C8
:1014080003005C48FFF724FD044600287FF432AF50
:10141800594B514A5149FFF771FAFFF767FD2046CA
:10142800564A4F49FFF76AFA00BE23E754494D4828
:1014380006F030FA0446002830D14A4A4A49FFF7F4
:101448005DFA50492046FFF759FA40F20711224643
:10145800474803F02DF99AE80300D0E706AA4A4B5B
:101468003E49009220463C4AFFF748FAFFF73EFD06
:101478002A4620463A49FFF741FA00BEA5E6434B03
:10148800354A36492846FFF739FAFFF72FFD224635
:1014980028463349FFF732FA00BE06E6314A324998
:1014A8000020FFF72BFA3A490020FFF727FA9BE8BC
:1014B8000300A4E7374B284A2849FFF71FFAFFF72C
:1014C80015FD20462D4A2649FFF718FA00BEB6E654
:1014D800314B214A21492846FFF710FAFFF706FD4C
:1014E800224628461E49FFF709FA00BE8EE6204626
:1014F8002A4B194A1949FFF701FA294B164A174985
:101508002046FFF7FBF9FFF7F1FC2A46204614496D
:10151800FFF7F4F900BE22E6224B0F4A0F490020DC
:10152800FFF7ECF9FFF7E2FC22460D490020FFF730
:10153800E5F900BE76E505461B4B2046064A0749F5
:10154800FFF7DCF92A4620460549FFF7D7F900BE20
:1015580033E500BF689B000214A500023C8C000222
:1015680084920002E439002220A1000230A1000286
:10157800603A0022C43900224CA100027411010013
:1015880070A1000274A100026C9F0002D49C0002AA
:1015980088A1000294A0000210A00002789D000219
:1015A800A49D0002889A0002E0980002704700BFDC
:1015B800FFF7FCBF00BE704738B5164C4FF0FF313F
:1015C800206804F0A5FB012803D000212068FFF75C
:1015D800F1FF114B1A7802B138BD01221A70FFF7DA
:1015E800E7FF0E4D2B68013B2B60002BF4D0002346
:1015F80020681A46194604F0DBF90128F2D00021C8
:101608002068FFF7D7FF2B68013B2B60002BEED13A
:1016180038BD00BFC83F0022CC3F0022D03F002287
:1016280038B500230B4D0C4C01214FF480700B4A48
:101638002B60237004F094F9094B186028B100F06E
:1016480037F805F065F8002038BD0146FFF7B2FF0E
:10165800F5E700BFD03F0022CC3F0022803F0022A8
:10166800C83F0022802330B4034D044C05600C6051
:10167800136030BC704700BF183F0022183D00229D
:10168800802330B4034D044C05600C60136030BCFB
:10169800704700BFB03C0022B03A002210B50446A3
:1016A800FFF78AFF2046BDE81040FFF761BC00BF86
:1016B80070B501250D4C0E4923680E4E84B058199B
:1016C800CDE901160C4B20604FF480620B490C48A1
:1016D800009504F0DBFF0B4B186008B104B070BD37
:1016E800014604B0BDE87040FFF764BFD03F002258
:1016F800A0C30022D83F002278AA0002FCA1000261
:10170800A5160002D43F0022934228BF13462DE9B4
:10171800F0411C46F3B10568836807465E1BA64284
:1017280028BF2646B242884601D200BE8368AA195D
:101738009A4200D900BEB96932464046294406F0AB
:10174800C8F8B44209D8BA682544A91AAA4298BF69
:101758000D463D602046BDE8F081B969A21B08EB43
:10176800060006F0B6F8EEE70B4B70B51E689D68EC
:101778000A4CEB692189002230469847192005F068
:10178800DDF83046EB69218901229847BDE87040B1
:10179800012005F0D3B800BF28A500024840002268
:1017A80070B5264CD4F8A80D20B104F081FB0023B5
:1017B800C4F8A83DD4F8AC0D20B104F079FB00239F
:1017C800C4F8AC3D1E4DD5F8D80B20B104F098FCF8
:1017D8000023C5F8D83BD4F8C80D20B104F068FB45
:1017E8000023C4F8C83DD4F8CC0D20B104F060FB48
:1017F8000023C4F8CC3DD4F8D00D20B104F080FC0F
:101808000023C4F8D03DD4F8C03D0E4A186841689A
:10181800914202D19B68DB699847EB68022B00D0A4
:1018280070BDD4F8C43D074A186841689142F7D1A1
:10183800BDE870409B68DB69184700BF485000222C
:101848004840002242494353034688B1094A0A499D
:10185800106888420AD1002002F58052D2F89C1DF7
:10186800064A814218BF02461A607047072070472F
:101878000120704748400022495749577411010018
:10188800A1B103460B4A506998420FD910B50A48CE
:10189800146884420CD141F2380E42F6F85C0EFB13
:1018A800032252F80C3000200B6010BD0120704755
:1018B800072010BD484000224957495770B511F01C
:1018C80001060C46054603D1A3070DD4002070BDC0
:1018D80000F5805342F21071D3F8A80D04F018FAFD
:1018E80001280CD1A307F1D505F5805542F21071F6
:1018F800D5F8AC0D04F00CFA0128E7D016B94FF072
:10190800FF3070BD0023D5F8A80D1A46194604F01B
:101918004FF8F4E78A0770B50C46054602D4E3078A
:101928000BD470BD002300F580521946D2F8AC0DD7
:101938001A4604F03DF8E307F3D5002305F5805077
:101948001A46BDE870401946D0F8A80D04F030B822
:10195800002330B583B00193002844D03A4D027972
:1019680005F58053D3F8C43D002B3ED05968022AB0
:10197800036809783ED0042A35D18B4257D041F20A
:101988003804D5F8003C90F808C004FB035303F56D
:1019980038531B68002B3FD0EB68012B3CD041F635
:1019A800D051D5F8002C01AB04FB0252505801224B
:1019B8000DF103018DF803C004F0ECFB012808D0F9
:1019C80042F6FC51D5F8003C04FB03535A58013247
:1019D8005A50019B3BB14FF080521C4B5A60BFF3E9
:1019E8004F8FBFF36F8F03B030BD022A06D0042A91
:1019F800C5D0F8E75B1AB3FA83F35B0903F2727494
:101A080055F8240004F04EFA0028E2D155F82400D5
:101A180001A904F09BF8DCE70122D5F8D80B01AB4B
:101A28000DF103018DF803C004F0B4FBD1E784681D
:101A38000122D5F8D80B01AB0DF103018DF8034055
:101A480004F0A8FBC5E700BF4840002200ED00E015
:101A58002DE9F04305460E461746994685B00029FC
:101A68004FD0002D50D0287F10F0010014BF4FF048
:101A78000408D5F80C80B9F1000F47D1AB686C6841
:101A88002A681C44A41AA342A4EB030398BF1C466B
:101A980028B9D4B90024204605B0BDE8F0834445F0
:101AA800F8D9B8F1000F10D023464246284603A9BA
:101AB800D5F80090FFF728FE039BA4EB08049F428B
:101AC80036BF00271F46C5F8009023463A463146E0
:101AD8002846FFF719FE04460028DBD004F05EFE16
:101AE8006B6943B100266869334632463146009631
:101AF80005F0DEF96E6104F059FE204605B0BDE838
:101B0800F08300BE002DAED100BEACE701F02AFD87
:101B1800AB686C682A681C44A41AA342A4EB0303AC
:101B280098BF1C46A0450ED201F038FD2B7FDB077D
:101B3800B7D423463A4631462846FFF7E5FD044622
:101B48000028A7D0CAE70021084605F0DFFA2B696C
:101B580003B100BE05F058F8286101F01FFD00230D
:101B6800CDF800901A461946184605F03DF90022AE
:101B78002A61AB686C682A68287F1C44A41AA342AF
:101B880000F0010098BFE41A002888D181E700BF5F
:101B98002DE9F04F8BB09DF85440002706940A2495
:101BA8008246CDE90423890000F5ED5B00F58F53EB
:101BB800009402910BF1100B039340F6B832002108
:101BC8000398CBF80070CBF80470CBF80870ABF82A
:101BD8000C7005F0E7FF029B0AEB030404F5805440
:101BE800D4F8C80D04F04CF9002840F09A80049EFF
:101BF800D4F8C05D304605F040FFAB680246314678
:101C080028689B6898470790002840F08A801499B4
:101C1800D4F8C80D04F07CF80128024640F0818011
:101C2800149BDAF8D80B0DF12701FFF711FF0128F3
:101C3800044676D19DF827300AF5805888F8E031B7
:101C480088F8B03D0AF58F5540F6B731DAF8D80B69
:101C5800013504F091FA294640F6B732059BDAF8C7
:101C6800D80BFFF7F5FE06462146DAF8D80B04F044
:101C780083FA002E5BD041F6B05C0C23A81906E06D
:101C880015F8011B0134854202F80C101DD0013BE8
:101C98000AEB0402F4D10AF5ED5909F111095B4682
:101CA800D346B24626464C4681460C221846214663
:101CB80005F05EFF15F8012B03464D4588F8BB2D4E
:101CC800F3D134465646DA468346D8F8985D069BE3
:101CD800DFF86C8005EB430358F8231001360846FB
:101CE800019105F0CAFEB04202461AD804F5ED5437
:101CF8001034241A54442046019905F0ACFEB0B1C2
:101D08000E3558F82550284605F0B7FE29460246F4
:101D1800204605F0A0FE80B1009B013B00937FF4B4
:101D28004CAFDFF820C060460BB0BDE8F08FDDF89F
:101D38001CC060460BB0BDE8F08F4FF0070CF2E70F
:101D480080AA000274110100002800F0C3812DE967
:101D5800F047DFF89080204BD8F8002092B09A42E4
:101D680000F0B481814642F608620021404605F041
:101D780019FFD9F80030C8F80490C8F80C309BB3A4
:101D880000264FF0030A154D154C09F1080709E024
:101D9800002103F0BDFFD8F80C300136B34205F13D
:101DA800480521D9002257F8041F2B46CDF800A07A
:101DB800012044F8041C114603F0A2FD44F8040F66
:101DC8000028E5D1FFF7ECFC20680028E0D10920C5
:101DD80012B0BDE8F08700BF49574957506E00223E
:101DE8000C5E002248400022002241F28833B9F8F4
:101DF8000800D9F80410C04DA8F80800C8E9051271
:101E0800C8F81030FFF7B0FCD5F8A80D08B104F0F9
:101E18004FF80120B94903F073FEC5F8A80D002852
:101E280000F09A81D5F8AC0D08B104F041F8012012
:101E3800B34903F065FEC5F8AC0D002800F04C81ED
:101E48000022B04B0121009340F6B830CDE90122C1
:101E5800A3F6BC3304F006F9C8F8D80B002800F044
:101E680083810DF1140A56464FF47A7004F066FD2A
:101E7800D5F8C07D0AAC7B68DFF8D892D3F81CC0CF
:101E8800DCF80000DCF80410DCF80820DCF80C3082
:101E98000FC6DCF8100030607E6830687168B26880
:101EA800F3680FC430697169B269F3694FF6FF7658
:101EB8000FC44B4642F2283200214FF4E13002F0C1
:101EC800A5F800238DF82030BB6838681B68CDF86A
:101ED80044A00AA9CDF81890ADF81E6098470446AA
:101EE800002840F0ED80642004F028FD4FF4C8710C
:101EF800CDE900140A23D8F81810834A8348C5F896
:101F0800984DC8F8004CFFF743FE0146002840F002
:101F1800D7807F4C4FF48052204605F043FE7D4B1E
:101F28000A2293E803007C4B20602171204619683F
:101F380005F07EFD204605F0A0FD0346774A11799D
:101F48001068E218E0501171D5F8C02D5268D269B6
:101F58005189B14203D1127B032A40F00C81704AA7
:101F6800043311889278E15223449A7000244FF484
:101F7800C876D8F818100A23CDE90064644A634883
:101F8800FFF706FE002840F09B80D5F8C03D9A6810
:101F98001868D3699847002840F09280642004F0BC
:101FA800CDFCD5F8C03DD3E90112186812689047F6
:101FB8000446002840F084804FF47A7004F0BEFC98
:101FC800CDE900640A23504AD8F818104F48FFF7A3
:101FD800DFFDCDE900640A23524A4C48D8F81810AE
:101FE800FFF7D6FD00286BD1C82701240190D8F847
:101FF8001810032300974C4A4448C5F8984DFFF73A
:10200800C7FD014600285BD1D8F80C30022B00F040
:10201800BA809FED356B9FED367B444B83ED007F97
:102028000025C8244FF4FA560323414ACDE9004558
:102038003648FFF7ADFDCDE9006564233D4A3348D6
:10204800D8F81810FFF7A4FD002839D1CDE90060B1
:102058002346394AD8F818102C48FFF799FD78BB61
:10206800D8F818102346CDE90040344A2748FFF72E
:102078008FFD28BB4FF47A750190D8F818102346C5
:102088002F4A22480095FFF783FDC8B9CDE90040E3
:1020980003232C4AD8F818101C48FFF779FD78B9A3
:1020A800D8F818100323CDE90050274A1748FFF73E
:1020B8006FFD28B9254BC8F8000CC8F8003087E632
:1020C800FFF76EFB224812B0BDE8F0870E2012B071
:1020D800BDE8F08701207047FFF762FBD5F8AC3DFB
:1020E800002B3FF474AEABE688130000010000003B
:1020F800000000000000000048500022E06E0022AE
:10210800286F0022244C002208A200024840002226
:10211800405E00220CA200021000002214A200025D
:102128001CA2000224A200022CA200025840002295
:102138004CA2000258A2000264A2000270A200028F
:1021480080A2000288A2000294A2000249574957BF
:102158007411010040400022FFF722FBD5F8A83D8A
:10216800002B3FF434AE5DE6FFF71AFBD8F8D83BF6
:10217800002BA7D075E6254A043311889278E152DE
:102188001C44A270F2E64FF4FA670190D8F81810D0
:1021980003231F4A1F480097FFF7FAFC00288FD136
:1021A800D5F8C43DC8F81840D3E901121868126878
:1021B8009047002884D1CDE900700323164AD8F847
:1021C80018101448FFF7E4FC00287FF47BAFD8F818
:1021D80018100323CDE90060104A0E48FFF7D8FC19
:1021E80000287FF46DAF0025D8F818100323CDE937
:1021F80000750B4A0748FFF7CBFC00287FF460AF57
:10220800012200230121C8E9062309E720A20002D0
:1022180034A20002484000222CA2000224A200029C
:1022280040A20002F0B5264D264B2A6883B09A4298
:1022380003D00724204603B0F0BD03212846FFF74A
:102248003DFB0446002837D1EB682860012B1FD0DE
:1022580000274FF47A76A9690323CDE900671A4A63
:102268001748FFF795FC20BB0023184D1A4619465E
:10227800D5F8AC0D03F09CFB0023D5F8A80D1A4641
:10228800194603F095FBFFF78BFA204603B0F0BD23
:1022980005F50053D3F8F83D042BD9D14FF47A76DD
:1022A800A969032301900A4A28460096FFF770FCA3
:1022B800CEE7FFF759FAD7E7064C204603B0F0BD42
:1022C800484000224957495780A20002485000223E
:1022D8009CA2000274110100F0B5264D264B2A6815
:1022E80083B09A4203D00724204603B0F0BD0321EF
:1022F8002846FFF7E3FA0446002836D1EB68012B9D
:1023080022D000264FF47A77A9690323CDE9007615
:102318001A4A1848FFF73CFC194A3346A2F69C555E
:10232800966042F8046B31461660D5F8AC0D32461B
:1023380003F03EFB334632463146D5F8A80D03F08C
:1023480037FB204603B0F0BD05F50053D3F8F83D40
:10235800042BD6D14FF47A76A96903230190094A50
:1023680028460096FFF714FCCBE7074C204603B03D
:10237800F0BD00BF484000224957495780A20002DB
:10238800E45D00229CA20002741101002DE9F047CF
:1023980082B0002870D03B4E3B4B32689A4204D042
:1023A8000727384602B0BDE8F08704460D46304698
:1023B8000321FFF783FA074690BBE278A3783349F5
:1023C800CDE9003206F604406378227805F05EFB1A
:1023D800F368012B26D00024002D3AD0A2464FF4F2
:1023E800FA59DFF8B48001E0A54232D0B16903237D
:1023F8004246CDE9009A2348FFF7CAFB013400287A
:10240800F2D00023224C1A461946D4F8AC0D03F03A
:10241800CFFA0023D4F8A80D1A46194603F0C8FAD3
:102428001C4FBEE706F50053D3F8F83D042BD2D174
:1024380006F580563B463A463946D6F8AC0D03F0C9
:10244800B7FA3B463A463946D6F8A80D03F0B0FA33
:10245800E6E700230E4C1A461946D4F8AC0D03F0F3
:10246800A7FA0023D4F8A80D1A46194603F0A0FAD3
:10247800384602B0BDE8F0870127384602B0BDE80B
:10248800F08700BF4840002249574957A0A20002E0
:1024980048500022741101004C4C0022F0B587B05E
:1024A800002853D0414D424B2A689A4203D0072551
:1024B800284607B0F0BD044603212846FFF7FEF979
:1024C8000646002854D1EB68012B05D105F50053C9
:1024D800D3F8F83D042B58D041F288360027A96973
:1024E8001E23CDE90067334A3048FFF751FB324ECF
:1024F800054678BB96F9E0310A2B1DD006F5F07039
:1025080005AB019304AB00932C4903AB02AA05F079
:10251800DDFA04282ED00023D6F8AC0D1A46194649
:1025280003F046FA0023D6F8A80D1A46194603F018
:102538003FFA284607B0F0BD96F9E12106F5F07399
:10254800002A06F5F17018BF1846D9E70125284674
:1025580007B0F0BD0023D6F8AC0D1A46194603F0B3
:1025680027FA0023D6F8A80D1A46194603F020FAD0
:10257800134D9DE702AB043C53F8042BFF2AE9D81E
:10258800013844F8042FF7D1C5E705F5805503460F
:1025980002460146D5F8AC0D03F00AFA3346324636
:1025A8003146D5F8A80D03F003FAE1E748400022C8
:1025B80049574957B8A2000248500022C4A2000255
:1025C80074110100F0B58BB000286BD00D460029BE
:1025D80068D04A4C4A4B22689A425FD1064605F0B9
:1025E8004CFA40F2CB53984273D803212046FFF7A8
:1025F80065F90746002868D1424B04F6044C0FCB16
:10260800ACE80700324660463F498CF8003005F0D8
:102618003DFAE368012B05D104F50053D3F8F83DE2
:10262800042B5AD0002740F6B836384AA1694FF42F
:102638009673CDE90067A2F60440FFF7A9FA0446AD
:10264800002833D109A908AB07AACDE901310092C6
:102658002F49304806AB05AA05F038FA052825D1D8
:10266800059B012B22D1042206AB691E53F8040BEB
:10267800FF281BD8013A01F8010FF7D10023264D96
:102688001A461946D5F8AC0D03F092F90023D5F88F
:10269800A80D1A46194603F08BF900E007242046D6
:1026A8000BB0F0BD012420460BB0F0BD00231A4C3E
:1026B8001A461946D4F8AC0D03F07AF90023D4F879
:1026C800A80D1A46194603F073F9144C20460BB0AE
:1026D800F0BD032420460BB0F0BD04F580543B4602
:1026E8003A463946D4F8AC0D03F062F93B463A460F
:1026F8003946D4F8A80D03F05BF9E6E74840002214
:1027080049574957D4A20002E4A200024C4C0022C7
:10271800E8A2000228520022485000227411010049
:102728002DE9F043214D83B0EB68022B27D1D5F872
:10273800003C0446834229D04FF00A09DFF8708034
:1027480005F6044605F5805722464146304605F011
:102758009DF900234FF47A62CDE90023134803233F
:102768003246A969FFF714FAC8B997F8E1310D2B79
:1027780018D197F8E031302B06D0342B0AD04FF01F
:10278800FF3003B0BDE8F083C5F8004C002003B06B
:10279800BDE8F083B9F10109D6D10420F7E76FF05D
:1027A8000100F4E76FF00200F1E700BF48400022A3
:1027B800FCA200022DE9F041554C564B276886B023
:1027C8009F4204D00727384606B0BDE8F081064688
:1027D8000D46204603219046FFF770F8074600286B
:1027E80040F0828041F2380303FB064303F5385377
:1027F8001B68002B7AD0E368022B4FD040F2DC52E2
:102808000021454805F0CEF9CDF80880EBB2434ADF
:10281800DFF804810193C5F3072307CA0093A8E8EA
:102828000300C5F307433E4988F8002040462A0EB6
:1028380005F02CF9012143F69822CDE90021032364
:10284800A169A8F10802A8F60C40FFF7A1F920B188
:10285800C0B2072801D0012836D141F23808002338
:1028680042F60462032142F6F85C4FF0040E08FBBE
:1028780006442C4DA150D5F8AC0D1A46194644F81B
:102888000CE003F095F80023D5F8A80D1A46194670
:1028980003F08EF8384606B0BDE8F0813046FFF701
:1028A8003FFF0028AAD004F580543B463A463946F3
:1028B800D4F8AC0D03F07CF83B463A463946D4F8D8
:1028C800A80D03F075F80FE0002308F57D781A4687
:1028D8001946D8F8AC0D03F06BF80023D8F8A80D0A
:1028E8001A46194603F064F80F4F6CE704F5805454
:1028F8001A461946D4F8AC0D059303F059F8059B10
:10290800D4F8A80D1A46194603F052F8ECE700BFB0
:1029180048400022495749574C4C00223CA300022A
:102928001CA3000248500022741101002DE9F04355
:10293800554D564B2A6883B09A4254D102290C4609
:1029480004D90126304603B0BDE8F08307460321C9
:102958002846FEF7B3FF0646002874D141F2380333
:1029680003FB075303F538531B68012B5BD0EB6857
:10297800022B53D0A4F10202B2FA82F20423444992
:102988005209444805F082F84FF00009C821CDE902
:102998000019404A0323A969A2F60440FFF7F8F892
:1029A800044628B3C3B2DFF8F480072BD8F8AC0D7F
:1029B8005BD141F23802012302FB075202F538527B
:1029C80013600023D8F8AC0D1A46194602F0F0FF40
:1029D8000023D8F8A80D1A46194602F0E9FF304638
:1029E80003B0BDE8F0830726304603B0BDE8F083A6
:1029F80041F23803012242F6F85041F6D05103FB68
:102A080007531A50585803F538531A6018B103F091
:102A180083FB012819D1DFF88480D2E73846FFF715
:102A28007FFE0028A6D005F580553346324631464C
:102A3800D5F8AC0D02F0BCFF334632463146D5F826
:102A4800A80D02F0B5FF144E7CE7144D234622462C
:102A58002146D5F8AC0D02F0ABFF234622462146AD
:102A6800D5F8A80D02F0A4FFEDE74B464A464946C3
:102A780002F09EFF4B464A464946D8F8A80D02F098
:102A880097FF26465EE700BF48400022495749574E
:102A980048A300024C4C0022741101004850002247
:102AA8002DE9F84F00295FD0474D174699462A6807
:102AB800464B9A420ED141F2380B42F604630BFBA7
:102AC800005B5BF80340064614F0020406D120467A
:102AD800BDE8F88F07242046BDE8F88F05F5805A31
:102AE8008846DAF8A80D42F2107103F011F90128AE
:102AF80037D10BF538531B6863B342F6F8535BF8CC
:102B08000330042B26D1EB68022B3AD0002440F284
:102B18008C5B6FB92CE0EB69494603F2727355F888
:102B2800230003F0F5F83444002844D0A74220D904
:102B38003E1B5E4528BF5E46EB6908EB040103F5C2
:102B4800EE6355F823309A681868936832469847B8
:102B58000028E0D00023DAF8A80D1A46194602F03A
:102B680027FF4FF0FF34B2E701242046BDE8F88F75
:102B78003C460023DAF8A80D1A46194602F018FF59
:102B8800A5E7D5F8003CB342C0D042F21071DAF89C
:102B9800AC0D03F0BDF80128DCD13046FFF7C0FDCD
:102BA800002304461A461946DAF8AC0D02F000FF75
:102BB800002CABD0CEE7034602460146DAF8A80D52
:102BC80002F0F6FECDE700BF4840002249574957BA
:102BD8002DE9F04F97B0E0B11446D2B1AC4DAD4BF2
:102BE800D5F8008098450FD10F462C21064604F0F1
:102BF80063FE20B92C21204604F05EFE70B1032448
:102C0800204617B0BDE8F08F0724204617B0BDE86E
:102C1800F08F0124204617B0BDE8F08F0321284625
:102C2800FEF74CFEB8B92B6805F58059434504D129
:102C3800D9F89CADBAF1000F0FD00023D9F8AC0D2C
:102C48001A46194602F0B4FE0023D9F8A80D1A4610
:102C5800194602F0ADFE904CD7E705F6044840F25D
:102C6800DC525146404604F09DFF4FF4C873CDF83E
:102C780004A0009328460323884AA969FEF788FF21
:102C88000028DAD1002F00F0AF80BB1E012BD4D86A
:102C9800DFF81C82824A434607CA03C331461A70CA
:102CA8004046202204F0C4FE404604F0E6FE7D4B78
:102CB800022F1B8828F800300CBF7B4B7B4B013060
:102CC80019889B7800EB080228F800109370784860
:102CD80004F0D3FE774903460E790868202221467E
:102CE80048F8030043441E71714804F0A1FE70487F
:102CF80004F0C3FE002644F620646F4B6C4A1B8820
:102D080028F80030A969A2F60440CDE9004603235B
:102D1800FEF73EFF044640F2DC523146644804F0B8
:102D280041FF002C40F098804FF00508DFF8A8B16B
:102D3800DFF85CA164230022CDE9003250465A46F0
:102D4800A969FEF725FF0446002843D115AB09936E
:102D580014AB089313AB079311AB059310AB049313
:102D68000FAB03930DAB019312AE0CAB0EAF0093F8
:102D780052495348069602970AAA0BAB04F0A6FEDE
:102D88000C2827D1DDE90A3213430C9A13430D9A14
:102D980013431FD04FF0040E4EF001E0494B0AAA2E
:102DA80052F8041B03F8011F57F8041B197156F851
:102DB800041B19720FF00DC0EB68022B1ED0354BA7
:102DC8002A68D9F8AC0D9A4202D1D9F89C3DB3BB18
:102DD800002335E74FF4FA5003F0B0FDB8F10108CD
:102DE800A8D14FF0FF34EAE7374B202293E80300DD
:102DF800A8F80410C8F80000314675E76B69002B85
:102E0800DDD00026314B012100934FF4805032462B
:102E1800CDE90166243303F025F9C9F8D00DA0B334
:102E28006B69012BCBD92A4C324601214FF48050D3
:102E3800CDE9016604F12403009403F013F900239B
:102E48001A46194602F0B4FD0023D9F8A80D1A460F
:102E5800194602F0ADFDD8E64FF47A74A969032348
:102E68001C4A019600940A48FEF792FE3346324601
:102E78003146D9F8AC0D02F09BFD33463246314657
:102E8800D9F8A80D02F094FDE5E6034C97E700BFDA
:102E980048400022495749577411010024A20002F2
:102EA80060A300026CA3000270A3000274A30002D6
:102EB8004C4C002278A300027CA200028CA30002E2
:102EC80028520022E35D002258A300021C5E002263
:102ED800546E002280A2000280A300022DE9F04F68
:102EE80085B000294FD0784F144699463A68774BF9
:102EF8009A420FD141F2380A42F604630AFB007A7B
:102F08005AF80360804616F0010608D1304605B02D
:102F1800BDE8F08F0726304605B0BDE8F08F07F50D
:102F2800805B0D46DBF8AC0D42F2107102F0F0FE4A
:102F38000128064640F0BF80FA680AF53853022A8D
:102F48001B6825D0002B00F0AF8002464B4629466F
:102F5800D7F8D80BFEF77CFD0390DDF80C80B8F1AC
:102F6800010F5CD000260121D7F8D80B03F004F933
:102F78000023DBF8AC0D1A46194602F019FD30465D
:102F880005B0BDE8F08F0126304605B0BDE8F08FEA
:102F9800002B00F0898042F6F8535AF80330042BCE
:102FA80040F08280D7F8003C43451BD00023DBF873
:102FB800AC0D19461A4602F0FBFC03213846FEF711
:102FC8007DFC0190002876D14046FFF7A9FB824698
:102FD800019BDBF8A80D1A46194602F0E9FCBAF184
:102FE800000F6BD141F2380A41F6D0500AFB087A3B
:102FF8004B46012229465AF80000FEF729FD012810
:1030080081462ED0002641F2380241F6D05302FB09
:103018000878012158F8030003F0AEF8A8E7002C5F
:10302800A0D0B4F101099ED0002606E0039BB4426B
:10303800984497D0B4EB080911D04946D7F8D80B73
:1030480003F09AF80A234A46D7F8D80B05EB08018B
:10305800FEF7FEFC0390039B0136002BE6D14646A3
:1030680081E7002CCED0621ECDD00AF5EE5A00269C
:103078000AF1100A05E0B4428144C3D0B4EB090256
:1030880010D01146DAF80000019203F075F80A230F
:10309800019ADAF8000005EB0901FEF7D9FC0136C0
:1030A8000028E8D14E46AEE70023DBF8AC0D1A46FF
:1030B800194602F07DFC4FF0FF3627E7022102484F
:1030C800FEF728FCF7E700BF484000224957495758
:1030D8002DE9F0410D46044640F6B8320021354846
:1030E80082B004F05FFD344EDDB104F2727556F81B
:1030F800250002F0C5FE002850D104F5EE6356F80D
:103108002330052298682D4984681868A04700284C
:1031180044D14FF4FA5156F8250002F0F9FD012880
:103128003CD14FF4FA530122D6F8D80B0DF1070120
:10313800FEF78EFC0128054630D1214C9DF807305A
:10314800204F84F8E03104F5F0744FF47A730122CB
:10315800D6F8D80B0DF10701FEF77AFC0346012BD0
:10316800A4F1020005F1010504F1010816D19DF84A
:103178000730032D637015D90422394604F06BFC1F
:1031880068B114F8013C013C0D2B05D163780A2B7A
:1031980002D1A378302B09D04446D6E70A4802B0BA
:1031A800BDE8F081022DECD14446CEE7074802B0D5
:1031B800BDE8F0812852002248400022C4A3000242
:1031C80048500022CCA300027411010075110100BF
:1031D8002DE9F04F8DB0002800F0E6809B4E9C4B07
:1031E80032689A4240F0DA800F46002900F0F180F8
:1031F800044603213046FEF761FB0546002840F0EF
:10320800E880F368012B06D106F50053D3F8F83DA2
:10321800042B00F0E1800121B069FFF759FF8146D6
:10322800002840F0C78080468A4ADFF844A2DFF8C9
:1032380044B22634002304F8263C47F2733311883D
:10324800994219D0844C0021B069FFF741FFA04290
:10325800F9D10023814C1A461946D4F8AC0D02F076
:10326800A7FB0023D4F8A80D1A46194602F0A0FBC4
:1032780048460DB0BDE8F08F46F26943518899423F
:10328800E0D143F6205391889942DBD192F9073077
:10329800D01D0D2B0BD01F22A4F1270101E0013A0C
:1032A80005D001F8013F10F9013F0D2BF7D10A2194
:1032B80004F002FB002800F0BB8000230BAA039255
:1032C8000AAA029209AA0192451C08AACDE9063366
:1032D800CDE90833CDE90A3300925146284606AABB
:1032E80007AB04F0F3FB062873D14FF0060E4EF03F
:1032F80001E006ABA21F53F8041B02F8011F0FF0F0
:1033080007C028460A2104F0D7FA002800F0908068
:10331800451C5946284605AA04F0D8FB012840F068
:103328008780059B28460A21E37004F0C5FA002827
:103338007ED0451C28464A4905AA04F0C7FB012847
:1033480076D1059B28460A21A37004F0B5FA002817
:103358006ED0451C10222846424904F07CFB002808
:103368004BD160700A21284604F0A6FA00285FD0E5
:10337800451C28460A2104F09FFAB36900283FF447
:1033880061AF1846002108F10108FFF7A1FE474583
:10339800354A04F12A047FF44DAF53E74FF007098B
:1033A80048460DB0BDE8F08F4FF0010948460DB012
:1033B800BDE8F08F0023294C1A461946D4F8AC0D05
:1033C80002F0F6FA0023D4F8A80D1A46194602F0BE
:1033D800EFFADFF884904BE706F58056034602467D
:1033E8000146D6F8AC0D02F0E3FA2B462A462946E8
:1033F800D6F8A80D02F0DCFAEBE728460A2104F01B
:103408005BFAA8B190F90130451C0D2BB1D0437877
:10341800572B10D16B78502B0DD1AB78412B0AD19B
:103428000223637028460A2104F046FA00289FD137
:10343800DFF8249006E7082228460C4904F00BFB25
:103448000028EFD103236370ECE700BF4840002257
:10345800495749572A520022741101004850002246
:1034680008A4000218A40002285200222CA400027A
:10347800DCA30002F8A3000200BEFEE71EF0040F62
:103488000CBFEFF30880EFF30980014908470000FB
:10349800293500020F4B1968EFF309821EF0100F4F
:1034A80008BF22ED108A22E9F04FEFF30B8342F8B0
:1034B800043D0A604FF0100080F31188BFF34F8F6E
:1034C800BFF36F8F03F074FA4FF0000080F3118898
:1034D80000F002B850C10022074801680A6802CA11
:1034E80081F30B88B2E8F04F1EF0100F08BFB2EC62
:1034F800108A82F30988704750C1002210B5EFF393
:103508001184102383F3118803F042FA18B14FF0A5
:103518008052024B5A6084F3118810BD00ED00E020
:10352800836913F8023C022B03D0032B00D900BE99
:103538007047FFF7D1BF00BF70B44FF080756FF0D0
:103548000204074E283122F0010240E9022540E931
:10355800094340F80C6C40F8481D70BC704700BF28
:1035680081340002EFF31181102383F31188084A94
:1035780013680133012B136000D07047054A064BCE
:1035880011605B68C3F30803002BF6D000BE7047D8
:10359800746F0022706F002200ED00E0064A136885
:1035A8000BB900BE1368013B13601BB9034B1B68C2
:1035B80083F31188704700BF746F0022706F002278
:1035C80038B572B60B4D03F0E9F80B4C6B68234223
:1035D80006D10121084601F0E1FD6B682342F8D0CD
:1035E80062B6BFF36F8F72B662B6BDE8384003F0BB
:1035F800DDB800BF00ED00E000F01F000D4B0E4AE3
:103608001B68A2FB03239B09013BB3F1807F00D316
:1036180070474FF0E0224FF0F00C0020072110B463
:10362800064C536184F823C05DF8044B9061116126
:10363800704700BFE86F0022D34D621000ED00E034
:10364800F02208B50B4B83F82220FFF7D7FF0A4A70
:10365800536B43F04043536362B6BFF36F8FEFF38E
:10366800148C2CF0040C8CF31488BFF36F8F02DFDA
:1036780000BEFDE700ED00E000EF00E0EFF303839C
:10368800103B190603F0FF0205D5084BDB685B0504
:1036980000D500BE704702F1604303F5614393F81B
:1036A80000331B09F1D100BEEFE700BF00ED00E0D9
:1036B80098B191B1844610B40948DCF804408442BA
:1036C80007D10020CCE90B325DF8044BCCF8281068
:1036D800704707205DF8044B70470120704700BF12
:1036E800424943530620704730B40124164D53090C
:1036F80002F01F0C203304FA0CF445F82340BFF302
:103708004F8FBFF36F8F114B02F5C65C53F82C40F7
:1037180024F4803443F82C4053F82C300901002A53
:10372800C9B207DB15440A4B85F8001330BC43F8CF
:1037380022007047074B02F00F0423441976044B0C
:1037480030BC43F82200704700E100E00060004010
:10375800C86F0022FCEC00E0F0B5C46A85B00546ED
:103768000F4694466E46B4B194E80F0086E80F0001
:103778002B6A20461B7884F804C02A6B2360A76054
:10378800AB6AE2609847EC6A1CB196E80F0084E8DF
:103798000F0005B0F0BD3446EAE700BFC8B1C1B1BB
:1037A8000D4B42689A4212D1036A0020DA688242BD
:1037B8000CBF4FF0FF324FF480324A601B698342DE
:1037C80014BF4FF480334FF0FF330B60704707206E
:1037D80070470120704700BF42494353002849D031
:1037E80038B54268254B04469A4239D188070D46B8
:1037F80013D40620EB070FD50023226AD068E361B3
:1038080018B1836800681B699847237823B1626AF6
:10381800536A43F40003536238BD636A9A6822F41A
:1038280040129A609A6C5100FCD59A6822F01002F6
:103838009A601A7FD206FCD4226A126992B1936800
:1038480010681B699847237823B1626A536A43F466
:1038580000435362002363610028DDD10020C9E7DB
:10386800072038BD217839B1596A41F400415962BD
:103878006261F3E7012070476161EFE74249435312
:1038880000282AD030B5164B426804469A4285B0C3
:1038980020D10D46D0E907130022DB682960C261F8
:1038A80073B19A6818681369984788B9236A694692
:1038B800DB689A681868D369984748B9039B2B60F6
:1038C800237823B1626A536A43F4000353620020E9
:1038D80005B030BD072005B030BD0120704700BFDE
:1038E80042494353F8B5002842D0002940D0002A65
:1038F8003ED00546274B4068984242D195F802E0F1
:103908000EF00303022B36D06E69002E3CD16B6A91
:10391800986820F4401098609C6C6000FCD598680A
:1039280020F01000986093F81CC01CF0100FCCF326
:103938000010F8D12C6AC5E90412246994B10EF07C
:10394800030E0EF1FF3E22FA0EFEBEF5803F6861BF
:103958000ED8A76802461FFA8EF32068BC68A047F5
:10396800A8B96B6A9A68304642F010129A60F8BD9E
:1039780001263046F8BD41EA0203DC07C4D5032618
:10398800F7E707263046F8BD08263046F8BD064654
:10399800EFE700BF42494353002800F0878038B55D
:1039A8004268434B04469A427ED1426A936823F4A4
:1039B800401393600378002B6FD1936823F01003B2
:1039C8009360137FDB06FCD40123226A394992F9FC
:1039D8000720500902F01F02203003FA02F241F8D2
:1039E8002020BFF34F8FBFF36F8F226A92F909200F
:1039F800500902F01F0203FA02F2203041F8202099
:103A0800BFF34F8FBFF36F8FD4E90850826822F459
:103A18008032826095F90520500902F01F0203FAEE
:103A280002F2203041F82020BFF34F8FBFF36F8F91
:103A3800226A92F90B20500902F01F02934000F10C
:103A4800200241F82230BFF34F8FBFF36F8F236AF4
:103A5800DA6822B1936810681B6A9847236A1B6961
:103A68001BB19A681868136A9847EFF3108501210B
:103A780081F310884FF00043206A0F4A0078C34052
:103A88005068034353605368962001F087FB85F321
:103A9800108800231846636038BD0021536A43F438
:103AA80000435362516188E7072038BD0120704701
:103AB8004249435300E100E00030204006207047AF
:103AC8002DE9F04140B30D4631B3164622B31C4BE5
:103AD800426804469A422BD1837803F00302022AF3
:103AE8001ED0E76947BB226AD26882B103F003039C
:103AF800013B26FA03F3B3F5803F0DD891681068AF
:103B0800D1F808802A4639469BB2C04770B9384672
:103B1800C4E90656BDE8F08101273846BDE8F081C2
:103B280041EA0602D207DCD50327F6E70746F4E7A1
:103B380007273846BDE8F08108273846BDE8F081F8
:103B480042494353002370B5026AD56983606B7C90
:103B580003B970BD184B044693F8543003F00F03B3
:103B6800072B24D8DFE803F0040404211F191B1DC8
:103B780001269E40104B93F8550000F00F0001F00D
:103B88009FFAB0FBF6F00D4B1A686B7C02FB03F34F
:103B9800B3FBF0F30133A36070BD0326EAE7052603
:103BA800E8E70A26E6E70826E4E70626E2E710261D
:103BB800083B9E40DEE700BF00E00140E86F0022BE
:103BC80010B3F8B54268114B04469A421AD1426ABA
:103BD8005369C3F30163012B01D90120F8BD002506
:103BE8000E46936823F4401723F4441323F011037B
:103BF80093600561FFF7A6FF636A326828461A6179
:103C08009F60F8BD0720F8BD012070474249435323
:103C18002DE9F041002800F0C9810C46002900F088
:103C2800C581CE69002E00F0C1817368002B00F0B9
:103C3800BD81BD4B426807469A4200F0C681012308
:103C480040F21F2209788B40134200F0BB81337B7E
:103C5800052B00F0AF8194F90530002BC0F2A68146
:103C680094F90730002BC0F2A18194F90930002B98
:103C7800C0F29C8194F90B20002AC0F2978110258C
:103C880001F5800101F556510902C7E908410021F3
:103C98003D706569BB78BD62A5693846C7E90B15F3
:103CA8006178002914BF0121022161F30103BB706F
:103CB800A17AFFF719FD94F905202179FFF714FD82
:103CC80094F90720A179FFF70FFD94F90920217ACB
:103CD800FFF70AFDE36863B39A68596818681368C0
:103CE800D1F8008098470546002840F060814FF4DD
:103CF8000021E368786A9A68C8F80010002A00F082
:103D080055815B68002B00F051811A68002A00F089
:103D18004D815B68002B00F049813B6A5B7833B9C1
:103D2800012298F8033062F3051388F80330C8F8C5
:103D3800040023696BB39A68596818681368D1F846
:103D4800008098470546002840F048814FF0006001
:103D580022697B6A9168C8F80000002900F0268172
:103D68005268002A00F022811168002900F01E81A3
:103D78005268002A00F01A813A6A527832B9012151
:103D880098F8032061F3051288F803200433C8F873
:103D98000830EFF31085012181F310884FF00040BF
:103DA8002278624BD0405A6822EA00025A605B6867
:103DB800962001F0F3F985F310884FF48063E269E7
:103DC800796A50688B60637894F803C0A5781B0201
:103DD8004FEA8C3404F4804403F44073234354784A
:103DE80092F800E0E403A4B22343547B4FEA0E6C3C
:103DF800640504F4001423433C780CF0407C43EA47
:103E08000C030CB143F4801343F480534B61AEF1BF
:103E18000203012B40F2DB8003680B61107B00F08A
:103E2800030040F0300035B1022D14BF4FF4407349
:103E38004FF480731843002593781B0703F08053D1
:103E48000343CB608D6174B13B6A3948013C4862D9
:103E5800D868002800F0CA80486A230603F0706317
:103E680003432B434B620024937BD07B127C00F0EE
:103E78001F0003F0010302F01F0243EA002343EA94
:103E880002430B633846C7E90444C7E90644FFF711
:103E980059FE012175897A6A2648BD819066386A7B
:103EA800116790F90520244B02F5C65053F82050AD
:103EB80064F3104543F8205053F82000BFF35F8F98
:103EC80002F01F005209920002F1604201FA00F06C
:103ED80002F56142C2F8800110603A6A92F90B203B
:103EE80002F5C65053F8205064F3104543F82050AB
:103EF80053F82000BFF35F8F02F01F0052099200B1
:103F080002F1604201FA00F002F56142C2F8800154
:103F180010603A6A92F9072002F5C65053F820500B
:103F280064F310450AE000BF424943530030204083
:103F3800008080001000079D0060004043F820507A
:103F480053F82000BFF35F8F02F01F005209920060
:103F580002F1604201FA00F002F56142C2F8800104
:103F680010603A6A92F9092002F5C65053F82050B9
:103F780064F3104543F8205053F82030BFF35F8FA7
:103F880053099B0002F01F0203F16043914003F5BF
:103F98006143C3F880111960184B7A6A9360137FE4
:103FA800DB07FCD5164B00257B6000E00125284681
:103FB800BDE8F0814FF6FF7372899A427FF44BAEE9
:103FC8000325F4E740F27A55F1E70E25EFE70D48AF
:103FD800BEF1020F0C4B18BF03461EE7E368002B27
:103FE800E5D09A681868136A9847E0E7DB691D7A94
:103FF80025402D0405F470252EE700BF11040100AB
:104008004249435304FF00FF24FF00FF2DE9F04F0E
:104018008FB003900891002B00F001819A4643F677
:1040280098239A4215461BD8039BCBB1DAF8003087
:104038007F4A03F0FF1392F8542023F4803343F0AF
:10404800004343F47F4302F00F02CAF80030072A06
:1040580000F2EA80DFE802F009090983817F7B7DAD
:10406800032630460FB0BDE8F08F01249440704B12
:10407800002693F8550000F00F0001F021F8B0FB7E
:10408800F4F26C4B05920193A2FB03130A93130AF3
:104098000B96099102930D95F3B2002400930C96A8
:1040A80002E001340D2C4AD0634B009A1F5DC7F320
:1040B8004009C7F3800849EA08039342F1D15F4BEE
:1040C80033F81460039B03FB06F6059BB3FBF6F27B
:1040D800531EFF2B0493E4D8DDE9090102FB06FB1C
:1040E8001D465A464FEAEB7303F002FA089A002A73
:1040F80041D1A0F5C330A0380028019BB8BF404289
:104108009842CEDA049BC7F300028AF801309AF885
:104118000030C7F3C10762F3041369F3451368F36A
:1041280086138AF800309AF80230013467F30513D1
:104138008AF80230089B0D2C01900B93B4D10C9E89
:104148007EB9019B0D9A93428BDD0126A4E70524D5
:104158008DE70A248BE7032489E7082487E70624E8
:1041680085E70D9D019BAB423FF77AAF00263046AD
:104178000FB0BDE8F08FCDE90698DDE90989049410
:104188000B9F5C46DDF804B005E0224640464946F0
:10419800013D03F0ADF9029BB4FBF3F10A06CBB283
:1041A80038D503FB00F0002800F1FF01B8BF08462E
:1041B8000012A0F5C330A0380028B8BF404283459C
:1041C8001CDD1D4A04991F46515C9AF80030069A76
:1041D8008346C1F3000060F3041362F345139AF8B1
:1041E8000200079AC1F3C10161F3051062F3861357
:1041F8008AF801508AF802008AF800309AF802100A
:10420800A41B41F00101E3178AF802108AF8037031
:10421800002DBAD1049CCDF804B00B9741E70126D4
:1042280030460FB0BDE8F08F1024083A94401EE7DE
:1042380000E00140A08601008CAB000270AB0002D8
:1042480038B5EFF30383103B404A5BB203F5C65120
:1042580052F8210020F4803042F8210052F8212041
:104268003B4A52F82340236A1B69BBB1636903B117
:1042780038BD626A9568A06825F4801545F4001574
:10428800002839D10021A36A95602161002BEFD065
:104298002046BDE838408022FFF75EBA6369626A4B
:1042A800002BE7D0207858B3516D01F03F018142CF
:1042B80046D2012594F802C001EB050E8645A0EB15
:1042C80001000CF0030E88BF2846CCF3010C09E06E
:1042D8000D781571654661445B1B0138C4E9041308
:1042E80021D003B3BEF1020F2169F1D10D8825F465
:1042F800DC45ADB25560EDE700F04AFF626AC1E700
:1043080094F802C021690CF00300022812D0087842
:1043180010710CF0030CA3EB0C036144C4E9041303
:10432800002BA5D1A5E7916E41F000519166002BB5
:104338009ED19EE7088820F4DC4080B25060E8E710
:10434800936E43F00053936638BD00BF0060004091
:10435800C86F002210B582B0EFF30383103B314AD7
:104368005BB203F5C65152F8210020F4803042F8C0
:10437800210052F821202C4A52F82340236ADB6896
:1043880013B1E369002B3FD12078636AD0B9A278D2
:1043980002F0030102290CBF19681978E3690CBF00
:1043A800C1F30801C9B20191B3B9A36A23B1204688
:1043B8000422FFF7D1F9207860B1636A1A6D12F40C
:1043C8007C5F03D01A6D12F47C5FE0D19A6E42F0E4
:1043D80000429A6602B010BD02F0030201A9A0696A
:1043E80003F077FAD4E90621A37803F003031A440B
:1043F800C91AC4E9062129B9A36A1BB101222046BA
:10440800FFF7AAF92078D7E70021A36AC4E90611C3
:10441800002BDFD00122204602B0BDE81040FFF794
:104428009BB900BF00600040C86F002210B5EFF3D1
:1044380003830F4A103B5CB252F82400D0E90921EB
:10444800936823F4401323F01003936019B10222F8
:104458000021FFF781F9074A04F5C65352F82310E3
:1044680021F4803142F8231052F8233010BD00BFE8
:10447800C86F00220060004038B5EFF303831D4A7F
:10448800103B5CB252F824008378456A03F00303BA
:10449800022B0CBF29682978AA6C08BFC1F3080150
:1044A800C2F30073C2F3006C4FEA031343EA4C13E0
:1044B800C2F3C06243EAC20C18BFC9B2DB06624647
:1044C80004D5AB6C1B0458BF4CF04002AB6E43F0F4
:1044D800C853AB66836A0BB1FFF73EF9064A04F589
:1044E800C65352F8231021F4803142F8231052F8B1
:1044F800233038BDC86F002200600040034648B131
:10450800054A0168914203D1002210461A6070479B
:10451800072070470120704754524F502DE9F84F3B
:104528000388DBB14FF0000A80464FF00109DFF83D
:10453800D4B00024314D4FEACA07D8F8043035F812
:10454800022BD919898891420AD00134032CF4D15D
:10455800B8F800300AF1010A5345EAD8BDE8F88FE7
:10456800DB5909FA04F603F0B853B3F1807F244B02
:10457800F6B293F84C2C12D0324230D104F120021A
:104588001BF81230DB09E0D01BF81230012123F0B0
:104598008003C8200BF8123000F000FED5E7324245
:1045A80010D004F120021BF81230DB09CDD11BF822
:1045B8001230012143F08003C8200BF8123000F0BC
:1045C800EDFDC2E7012000F095FE0D4B012093F8A8
:1045D8004C2C324383F84C2C00F05CFEE1E70120C0
:1045E80000F088FE064B012093F84C2C22EA0602C4
:1045F80083F84C2C00F04EFEC0E700BF9CAB0002D5
:1046080000E001400020204080B10A4B0068984239
:104618000ED15AB10B0A08481B0153FA81F150F820
:1046280021300020C3F34003137070470120704706
:104638000720704754524F500008404070B1094B52
:10464800006898420CD14AB1090A490101F1804138
:1046580001F580014B6800201380704701207047E6
:104668000720704754524F50E8B110B400680F4CFF
:10467800A04210D19BB1090A490123EA020001F1C5
:104688008041134043EA004301F5800100205DF8B2
:10469800044B8B60704707205DF8044B704703207C
:1046A8005DF8044B70470120704700BF54524F50CB
:1046B800E8B1104B0068984215D1012A15D801239A
:1046C8005FFA81FC03FA0CF3002A9AB24FEA03431B
:1046D80008BF1A46090A490101F1804101F5800124
:1046E80000208A6070470720704703207047012028
:1046F800704700BF54524F50F8B110B40068104CC6
:10470800A04212D1ABB1090A490101F1804101F57A
:1047180080010C6803EA0200204362EA03020240B7
:104728005DF8044B00200A60704707205DF8044BD1
:10473800704703205DF8044B70470120704700BFA5
:1047480054524F50A8B10E4B0068984213D182B111
:104758000123090A8B4013F01E0F0ED0490101F105
:10476800804101F580014B680020C3F30F4313809B
:10477800704701207047072070470320704700BF2B
:1047880054524F5018B3164B006898421CD1012060
:10479800E2B10B0A00FA03FC1CF01E0F1ED010B485
:1047A8005B0103F1804303F580035C68C9B200FA3A
:1047B80001F18BB201EA14418B420AD00023002098
:1047C8005DF8044B1370704707207047704701204D
:1047D800704710705DF8044B002070470320704745
:1047E80054524F5010B310B40068114CA04219D164
:1047F800A3B10120090A884010F01E0F0ED049010C
:1048080023EA020001F18041134043EA004301F525
:10481800800100205DF8044BCB60704703205DF8F1
:10482800044B704707205DF8044B70470120704720
:1048380054524F5030B3164B006898421ED1012A8B
:104848001ED801200B0A10B400FA03F414F01E0F4E
:104858001AD05B0103F18043C9B203F58003DC6819
:104868008840012A4FEA004113BF84438C43044324
:104878000C430020DC605DF8044B7047072070474C
:10488800032070470120704703205DF8044B7047F0
:1048980054524F50002853D070B52A4B1546026821
:1048A80086B09A4202D0072006B070BD012601AB3F
:1048B80003A80C46ADF8081001950493ADF80C60F8
:1048C800FFF72CFEEFF3108186F310881E4B1A6851
:1048D8001AB91E480275402202751A6801321A6018
:1048E80081F31088E9034FEA1422E4B219D41101C4
:1048F80017480A1940F82250EFF31082012181F37A
:104908001088196811B11968013919601B681BB939
:1049180080200E490B75087582F31088002006B0B8
:1049280070BD0B48110104EB021250F8226026F406
:10493800803640F8226025F4803640F82260D7E7B8
:104948000120704754524F50C06F0022000D404064
:1049580000084040F8B50446FFF7E0FDEFF3108289
:10496800012383F31088254E33681BB9402024495E
:104978000B75087533680133336082F3108821881A
:1049880049B3C9000839C90860681E4D013107E0FC
:104998001B011344013945F8234000F108001AD0DF
:1049A80004688288E7034FEA1223D2B2F0D502EBFB
:1049B800031C55F82CE01B0124F480372EF4803EAC
:1049C8001344013945F82CE000F1080045F82C7033
:1049D80045F82340E4D1EFF31082012383F31088D4
:1049E800336813B13368013B336033681BB98020E7
:1049F80003490B75087582F31088F8BDC06F002253
:104A0800000D40400008404098B191B14A6808B58F
:104A180003464AB1094A186890420CD008461A6001
:104A2800FFF798FF002008BD0A88002AF2D001206D
:104A380008BD012070470E2008BD00BF54524F50DA
:104A480080B108B5084A0368934209D131B14B686F
:104A580023B10846FFF77EFF002008BD012008BDEE
:104A6800072008BD0120704754524F500620704758
:104A7800062070470620704706207047C37803F069
:104A88000C02042A11D0827802F00C0104290CD0FF
:104A98003F2B04D9C3899BB2B3F5807F07D83F2A3F
:104AA80000F11000EAD80020704706207047012066
:104AB800704700BF30B51D4B90F904204FF0FF340C
:104AC800054653F8223016E093F802C00CF00C02A9
:104AD800042A19D05A68CAB19A68BAB19A686FEAB2
:104AE800010E8A4312D15868103310EA0E000DD116
:104AF800BCF13F0F0CD9DA78C2F3011102F00C02B5
:104B0800042A04FA01F1DFD1062030BD012030BDAE
:104B1800BFF34F8F95F90430054903F5C65351F893
:104B2800232042F0807241F8232030BD000000228B
:104B38000060004038B1054A0368934201D007205D
:104B48007047FFF7B7BF0120704700BF00435444C8
:104B5800F0B1194B02689A421CD1C9B1002390F9EF
:104B68000400164A52F82020C1E90033D3783F2BBD
:104B780012D910B44FF48074D08903F0C003C0B2C6
:104B8800802BC1E902400FD000205DF8044B70472C
:104B980001207047072070474FF48030D3899BB2BB
:104BA800C1E90203002070474FF4803093899BB21B
:104BB800C1E90003E8E700BF0043544400000022B5
:104BC800002854D038B502682A4B04469A424AD184
:104BD8000D46002945D00846FFF750FF002840D170
:104BE800EB7803F03003302B3FD094F904309B006E
:104BF80003F1804303F54043D3F8002322F0807289
:104C080022F48032C3F80023D3F8003394F9042047
:104C1800194942F40042CB899BB29A42FBD02B46F9
:104C2800DA7819463F2A05D9DA89D2B202EB02228C
:104C380092B2DA818A7810333F2AF1D84FF0080C03
:104C480018220D4B0D4983F810C0204694F90440F2
:104C580041F824501A74FFF72DFF002818BF1320BD
:104C680038BD012038BD072038BD062038BD0120D9
:104C7800704700BF0043544400AC004000000022CD
:104C880000283BD0304B02682DE9F0419A42044697
:104C980055D00D4679B34B686BB32C4A16787EB362
:104CA80093F90060002E4DDB294F57F82630002B72
:104CB80042D126712D68CDB12846FFF7DFFED8B95D
:104CC8002B46DA7819463F2A05D9DA89D2B202EB9F
:104CD800022292B2DA818A7810333F2AF1D8082169
:104CE80018221C4B197447F826501A74164B0020CA
:104CF8002360BDE8F0810120BDE8F0810120704704
:104D080001271770EFF3108887F31088124B1A6881
:104D180022F480021A601B689620394600F03EFA99
:104D280088F310880A4B0B4AC3E90066C3E9026698
:104D380053616B681773B3E70820BDE8F0810E2054
:104D4800BDE8F0810B20D7E700435444786F002278
:104D58000000002200AC004000302040C0B10D4BE4
:104D680002689A4201D00720704790F904309B00EE
:104D780003F1804303F54043D3F8002322F0807207
:104D880022F48032C3F80023D3F8003300207047A0
:104D98000120704700435444024638B3144B01685D
:104DA800994201D00720704790F904C04FEA8C035C
:104DB80003F1804303F54043D3F8001321F08071D9
:104DC80021F48031C3F80013D3F8003390F90410AC
:104DD800084841F40041C3899BB29942FBD00023A3
:104DE8000549184641F82C30136070470120704778
:104DF8000043544400AC00400000002230B583B0AA
:104E08000191009200283FD0224A0168914202D0C5
:104E1800072003B030BD90F904401F4DA20002F1F5
:104E2800804202F54042D2F8001355F8245021F090
:104E3800807121F48031C2F80013D2F8002390F970
:104E48000410164C41F40041E28992B29142FBD021
:104E580008222274019A0AB1019A6A60009A0AB17A
:104E6800009AAA60EA7802F0C00180290FD03F2A90
:104E780098BFEB811822094B1A74FFF71BFE002814
:104E880018BF132003B030BD012003B030BDAB8183
:104E9800F0E700BF004354440000002200AC00408B
:104EA8001E4A92F8263092F82420DBB202F00F0254
:104EB800A2F1080103292BD8DFE801F020160C0223
:104EC8001749184A51F82330A2FB03231B09164A35
:104ED800136070471249134A51F82330A2FB032389
:104EE800114ADB08136070470D490E4A51F8233008
:104EF800A2FB03230C4A9B08136070470849094A20
:104F080051F82330A2FB0323074A5B08136070475C
:104F1800034951F82330D340D9E700BF00E00140EE
:104F2800A0300022ABAAAAAAE86F0022704700BFEF
:104F3800F8B54AF2035001235B495C4AA1F8FA0329
:104F4800938093889BB2002BFBD101244FF400403F
:104F58009FED516B9FED527B554B5649C3E90711A5
:104F68005961148083ED007F1861FFF799FF0922CA
:104F780006214D4B83F8501A83F8A22093F8002C91
:104F88001AB993F8013C98077ED0474C94F8003C36
:104F9800002B6ED00022444B83F8012C83F8002CA0
:104FA8000023414A82F8323092F83C301907FBD589
:104FB80045F6017040F2111100233B4C1085A2F810
:104FC8004C1082F82A3094F83C309B06FBD504221A
:104FD80001250526354B384F1A77276284F8245067
:104FE80084F82660FFF75CFF2946962000F0D6F883
:104FF800002384F824302762FFF752FF29469620C1
:1050080000F0CCF884F82660FFF74AFF4AF2015214
:105018002A4B1A80BFF35F8F1D72BFF35F8F4FF467
:105028002541198084F8305084F8525084F8535040
:1050380094F855301C4A43F0400384F8553092F8F0
:105048005530DB09FBD0C523022082F8540082F8D2
:10505800553092F85530144903F0BF0382F85530A3
:1050680091F85530DB09FBD14FF42543A1F8FA3309
:10507800F8BD0121C82084F8001C00F08FF894F8CE
:10508800003C012BFBD185E74FF47A70FFF74EFF08
:1050980086E700BFAFF30080006CDC0200127A00E4
:1050A80000800000002D310100E0014000C10140F6
:1050B800A030002200389C1C32231231002000400E
:1050C800014B53F820007047A030002238B5002566
:1050D800284C0121C82084F8285000F05FF884F893
:1050E800245094F82430002BFBD194F82430214923
:1050F80043F0020384F8243091F82430C3F34000CD
:105108009B07F9D41B4A81F8220092F8223003F059
:10511800FF00002BF9D192F84030164960F3C7130D
:1051280082F8403091F84030DB09FBD191F8420019
:10513800104A63F3C71081F8420092F84230DB0945
:10514800FBD192F844000B4963F3C71082F844007E
:1051580091F84430C3F3C014DB09F9D1012000F001
:10516800C9F8054B012083F84C4CBDE8384000F0E5
:1051780091B800BF0020204000E00140034618B16C
:10518800024A00201A607047012070470000050697
:10519800A0F101000028FBD1704700BF1E4B1F4A39
:1051A8001B6800FB01F1934213D302F1854202F51B
:1051B800071203F5742302F6834203F23F23A2FB8E
:1051C80003239B0CA3FB01314FF0FF30E1B1FFF744
:1051D800DFBF4FF47A7210B4114C4FF0FF30B4FBBC
:1051E800F3F3A1FB02C434B9BCFBF3F080B15DF862
:1051F800044BFFF7CDBFB1FBF3F1A1FB0212002A6C
:10520800F5D1084620B1F2E71846002BDFD17047E8
:105218005DF8044B704700BFE86F002200127A0067
:1052280000CA9A3B70B500240D4B0E4EB3F800210E
:10523800B3F82051ADB2154025FA04F3DB0704D5C5
:1052480056F82430E0B203B198470134102CF3D15A
:10525800034AA2F81051B2F820311D42FBD170BDAB
:1052680000C00040806F00220022042310B40748C9
:10527800074C30F8021B02F5C65C013209B144F84C
:105288002C10013BF5D15DF8044B704770AA000261
:1052980000600040EFF31081012383F31088124B64
:1052A80033F8102092B22AB133F81020013A92B2A2
:1052B80023F8102033F810309BB293B90B4A10B47E
:1052C800B2F8FA330A4C9BB234F8100043F4254381
:1052D80023EA0003A2F8FA3381F310885DF8044B3F
:1052E800704781F310887047D86F002200E00140B2
:1052F80084AD000230B4EFF31081012383F31088EA
:105308000E4A32F810309BB26BB90D4C0D4DB4F803
:10531800FA3335F810C09BB243EA0C0343F4254333
:105328009BB2A4F8FA3332F8103001339BB222F85A
:10533800103081F3108830BC704700BFD86F00224E
:1053480000E0014084AD0002094908B50A688318E5
:10535800B3F5005F03D807480B60104408BD02F09E
:1053680001FC0C2203464FF0FF301A6008BD00BF55
:10537800E46F0022A000002200BE704708B500F0CC
:1053880037F8FCF74DF9FEE7F8B5174F05463E68C4
:10539800A6B17C6806EB460604EB860602E00C34F0
:1053A800B4420BD0637AAB42F9D1D4E900020021B0
:1053B800121A0C3402F0F6FBB442F3D1BE6896B16F
:1053C800FC6804EB061602E01034A6420BD0637B9F
:1053D800AB42F9D1D4E90002A168121A103402F0E4
:1053E80078FAA642F3D1F8BD04AC00020000000030
:1053F800F8B5744A744B5A61BFF34F8FBFF36F8F80
:105408001B6803F47002B2F5801F00F0B48013F437
:10541800600F00F09C806D4A136843F0040313602A
:10542800BFF34F8FBFF36F8F4FF47002684B664C1A
:105438000020C4F88820A360FBF770FA0025FFF766
:1054480077FD4AF202514FF42542624B0120A3F83E
:10545800FA1383F8B05AA3F8FA23FBF75FFA5E4B06
:1054680083F30A88594B1A68920704D5A268B2F1E7
:10547800007F00F084800020FFF786FFFFF710FD13
:10548800FFF724FE0320FFF735FF00234FF00C0E33
:105498001C464EF001E0514903F10C0221F822406C
:1054A80001330FF007C80320FFF7F4FE0320FFF7CE
:1054B80021FF4B4B03205C609C60DC601C61454C09
:1054C800FFF7E8FED4F8D8339B0727D5D4F8D833AC
:1054D8000120FFF759FFBFF34F8FBFF36F8F0024F1
:1054E800394BC3F85042BFF34F8FBFF36F8F3D4B1B
:1054F8003D4D5B1BA3424FEAA30605DD55F8043B6F
:1055080001349847A642F9DC0220FBF707FAFFF7B7
:10551800ABFEBDE8F840002000F068B894F8103100
:10552800002BD5D00120FFF7E5FE94F8103103F0E9
:10553800C003802BF9D10023264A84F8103192F851
:1055480010313F2BFBD80120FFF7A4FEC0E71F4A0C
:10555800136843F004031360BFF34F8FBFF36F8FDB
:105568004FF0E022936843F480339360BFF34F8F8A
:10557800BFF36F8F58E719077FF44DAF47E7012155
:105588001A695869C2F3C302093201FA02F3002604
:105598000027DB0843F005C0E5E802670FF005C007
:1055A800C0F3C303093301FA03F34FF00052DB08D9
:1055B80043F007C0AFF30080E2E802670FF005C0D0
:1055C80059E700BF01020E0000ED00E000E001E035
:1055D8000000000200E00140A0200022000D404031
:1055E800004020404CAF000248AF0002704700BFA7
:1055F800002855D0F8B5394EA0F10805B542044643
:1056080012D200BE54F8043C002B14DB00BE54F840
:10561800083C002B45D000BE54F8043C002B02DAAD
:1056280054F8082C5AB1F8BD2D4B9D42E9D854F8CE
:10563800043C002BEADA54F8082C002AEBD123F0BA
:10564800004344F8043C01F0A9F82648264F0346D5
:105658003A6854F8041C0A443A601A461B689D428A
:10566800FBD8824208D0B24202D31D48824203D9F5
:1056780000BE54F8041C136850681618B54215D0BB
:105688006818834222D044F8083CAA4218BF156023
:10569800164A136801331360BDE8F84001F086B874
:1056A800704754F8043C002BC9DBF8BD014450187E
:1056B80083425160ECD10E481546006898420AD0E2
:1056C800D3E900400144C5E90041DEE70848006825
:1056D8009842F5D1D7E71360DAE700BF00700022DF
:1056E800FFBF0022F86F0022F06F0022EC6F00224B
:1056F800F46F00224FF0FF31002200F10803C0E9E7
:105708000131C0E903330260704700BF0023036121
:10571800704700BF30B40D686B1C10D000F108034F
:105728001C465B681A68AA42FAD902684B600132C3
:1057380099608C606160086130BC026070470469E0
:105748006368F2E70346026910B4546840689968D0
:105758009C428160486008BF5160002110685DF874
:10576800044B013819611060704700BF70B51646C8
:10577800026C0446856B2AB90668013510464EB39B
:10578800A56370BD8EB9406802F0A3F86368216C08
:10579800A2680B449342636028BF236805F10105A2
:1057A80028BF63600020A56370BDC06802F091F84F
:1057B800226CE36821689B1A8B42E360C2F1000205
:1057C80002D2A3681344E360022E08D001350020FA
:1057D800A56370BDA06801F075FAA660D0E7012D39
:1057E80038BF0125DEE700BF70B50546FDF7BAFEF4
:1057F80095F845305CB2002C14DD05F1240603E071
:10580800631EDAB25CB26AB16B6A5BB1304601F012
:1058180047F90028F4D001F0F1F9631EDAB25CB25E
:10582800002AF1D1FF2385F84530FDF7B7FEFDF7D3
:1058380099FE95F844305CB2002C14DD05F1100691
:1058480003E0631EDAB25CB26AB12B695BB1304621
:1058580001F026F90028F4D001F0D0F9631EDAB27D
:105868005CB2002AF1D1FF2385F84430BDE87040CE
:10587800FDF794BE28B370B5C56B0446F5B1026C4C
:10588800A2FB0525D5B90E46FDF76CFED4E90F310C
:10589800FF2001FB03F32268591A626013440A448B
:1058A800A563C4E9023284F8440084F84500DEB9EF
:1058B800236953B9FDF772FE012070BD00BE0020B8
:1058C80070BD00BE00BE0020704704F1100001F05A
:1058D800E7F80028EED04FF08052084B5A60BFF32B
:1058E8004F8FBFF36F8FE5E704F11000FFF702FF5A
:1058F80004F12400FFF7FEFEDCE700BF00ED00E046
:10590800F3B170B5064682B0B0B10D461C46DAB1A7
:1059180091B148230193019B482B00D000BE019B05
:1059280001212046C4E90F65226084F84610FFF77C
:10593800A1FF204602B070BD00BE002002B070BDBD
:1059480000BE00BE002070470029F5D1482301930E
:10595800019B482B00D000BE2246019BE0E700BF18
:1059680000B330B5884203460D4683B016D31446BB
:10597800DAB148220192019A482A00D000BE0121DA
:105988000022E3632046246084F846102264019BC9
:10599800FFF770FF2046A56303B030BD00BE0020AE
:1059A80003B030BD00BE0020704700BE00BEF6E761
:1059B8002DE9F04184B004460F461E4601920028A6
:1059C80071D0002F72D0022E76D001F023F910B9D1
:1059D800019B002B75D1FDF7C5FDA26BE36B9A42C5
:1059E80053D3022E51D00020DFF8108105460DE078
:1059F800FDF7D4FD2046FFF7F7FE00F0D7FEFDF7D0
:105A0800B1FDA26BE36B01209A423ED3019B002BB0
:105A180068D0B0B3FDF7C2FD00F0C0FEFDF7A2FDEF
:105A280094F84430FF2B08BF84F8445094F845306C
:105A3800FF2B08BF84F84550FDF7B0FD02A801A967
:105A480001F0A6F8002853D1FDF78CFDA26BE36B9B
:105A58009A42CDD1FDF7A2FD019904F1100000F0A2
:105A6800E3FF2046FFF7C0FE00F0A0FE0028C6D1E5
:105A78004FF08053C8F80430BFF34F8FBFF36F8FD8
:105A8800BDE702A801F078F8C4E732463946204657
:105A9800FFF76CFE636AB3B9D8B9FDF77FFD012043
:105AA80004B0BDE8F08100BE002F8CD1236C002B20
:105AB80089D000BE022E88D1E36B012B85D000BEB1
:105AC80083E700BE87E704F1240000F0E9FF00281F
:105AD800E3D04FF08052094B5A60BFF34F8FBFF3AA
:105AE8006F8FDAE7FDF75AFD002004B0BDE8F081BA
:105AF8002046FFF779FE00F059FEF5E700ED00E0DB
:105B080030B50C4683B0E1B148230193019B482B83
:105B180000D000BE002501212046C4E90F1584F8F5
:105B280046102460019BFFF7A5FE2B462A4629460E
:105B38002046A5602560E560FFF73AFF204603B0E0
:105B480030BD00BE00BE204603B030BDF8B50446E7
:105B58000D46002837D0236C03B100BE23686BB311
:105B6800FDF78CFDEFF31186102383F31188A36BE7
:105B7800E26B9A4211D994F845200133FF2AA363B6
:105B880057B20ED1636ABBB104F1240000F088FF5C
:105B980090B18DB101232B600EE0002086F31188AF
:105BA800F8BD00F0EFFE874206D27F2F00D100BE7D
:105BB80001377FB284F845700120EFE7A368002B16
:105BC800CED000BECCE700BEC5E700BFF0B585B0BB
:105BD80004460E460192002868D0002E69D001F0D4
:105BE80019F810B9019B002B68D1FDF7BBFCA56B18
:105BF800002D65D1019B002B35D002A800F0BCFF19
:105C08002F46FDF7CBFC00F0C9FDFDF7ABFC94F87F
:105C18004430FF2B08BF84F8447094F84530FF2BBC
:105C280008BF84F84570FDF7B9FC01A902A800F087
:105C3800AFFFE8B9FDF796FCA36B33BBFDF7AEFCED
:105C4800019904F1240000F0EFFE2046FFF7CCFD97
:105C580000F0ACFD08B3FDF785FCA56B002D2FD136
:105C6800019B002BCDD1FDF799FC002005B0F0BDBC
:105C78002046FFF7B9FD00F099FDFDF773FCA36B13
:105C8800002BF0D0FDF78AFCE5E7FDF787FC2046FE
:105C9800FFF7AAFD00F08AFDDDE74FF080521B4BAD
:105CA8005A60BFF34F8FBFF36F8FD4E700BE002E4B
:105CB80095D1236C002B92D000BE90E700BE94E7EC
:105CC800226C5AB1D4E9023111449942E16028BFEB
:105CD8002168304628BFE16001F0FBFD2369013DE2
:105CE800A56323B9FDF75AFC012005B0F0BD04F106
:105CF800100000F0D5FE0028F4D04FF08052034B7E
:105D08005A60BFF34F8FBFF36F8FEBE700ED00E0F2
:105D1800F0B585B004460191002800F09080236C0E
:105D280003B100BE00F076FF10B9019B002B76D1BD
:105D38000026FDF717FCA36B35463746002B41D1EB
:105D4800019B002B78D0002D58D0FDF727FC00F0E0
:105D580025FDFDF707FC94F84430FF2B08BF84F8B5
:105D6800447094F84530FF2B08BF84F84570FDF760
:105D780015FC01A902A800F00BFF00282FD1FDF7A0
:105D8800F1FBA36B002B41D1FDF708FC2368002B26
:105D980057D0019904F1240000F046FE2046FFF791
:105DA80023FD00F003FD38B94FF08052334B5A60A1
:105DB800BFF34F8FBFF36F8F0125FDF7D3FBA36BA5
:105DC800002BBDD02268013BA363002A51D0236970
:105DD800002B3FD1FDF7E2FB012005B0F0BD2046C6
:105DE800FFF702FD00F0E2FCFDF7BCFBA36B4BB92B
:105DF800FDF7D4FBAEB9002005B0F0BD02A800F055
:105E0800BBFEA2E7FDF7CAFB0125D6E7FDF7C6FBF7
:105E18002046FFF7E9FC012500F0C8FCCDE700BEED
:105E280086E7FDF79FFB616A19B1236B1968C1F119
:105E38000501A06800F086FFFDF7B0FBDBE700BEB8
:105E48006DE7FDF78FFBA06800F0F4FE0646FDF74E
:105E5800A5FB9EE704F1100000F022FE0028B9D04F
:105E68004FF08052054B5A60BFF34F8FBFF36F8FCF
:105E7800B0E700F0AFFFA060A9E700BF00ED00E0C9
:105E880010B5044630B1FDF76DFBA46BFDF786FB3A
:105E9800204610BD00BEFDF765FBA46BFDF77EFB39
:105EA800204610BD08B1806B704700BE806B7047FC
:105EB80010B400B300230A22104C54F833104FEAF0
:105EC800C30C884203F1010307D0013AF5D190F8D9
:105ED800463063B15DF8044B70470023002208493F
:105EE8008C44CCE9002390F84630002BF2D15DF8C1
:105EF800044BFFF77DBB00BE00BEDBE704C00022F9
:105F080000C0002210B321B370B40024134D0A223C
:105F18002B46A44605E0013A0CF1010C03F10803F5
:105F28000FD05E68864215D0002CF4D155F83C603D
:105F38000CF1010C002E08BF1C46013A03F10803BE
:105F4800EFD10CB1C4E9001070BC704700BE002945
:105F5800DAD1704705EBCC04F4E700BF00C000229B
:105F680070B504460E461546FDF7FCFA94F8443021
:105F7800FF2B04BF002384F8443094F84530FF2BEE
:105F880004BF002384F84530FDF708FBA36B23B159
:105F98002046BDE87040FFF727BC04F124002A46DC
:105FA800314600F053FD2046BDE87040FFF71CBCA9
:105FB8002DE9F0410746884614461D4602BB00BE3F
:105FC80083689D4214D9164600BEB86932464146D8
:105FD800284401F07EFCB44209D9BB68A21B9A424E
:105FE80000D900BEB86908EB060101F072FCBB6875
:105FF8002C44A342A4EB030088BF2046BDE8F081EF
:1060080083685E1B964228BF1646AA199342DCD2C3
:10601800DAE700BFF0B51646027F1C46D2070546F0
:106028000F46436883B007D5089A0196944211D267
:106038000024204603B0F0BDB44228BF3446002CEB
:10604800F7D0224639462846FFF7B2FF6860204657
:1060580003B0F0BD04220DEB0201FFF7A9FF34469F
:106068000346ECE72DE9F04182B006460F461D468F
:10607800089C4BB35CB3B7422CD900BE012A2ED082
:10608800022A32D04FF0020824230193019B242BCB
:1060980000D000BE75B39CB132465521284601F0A8
:1060A80081FD854200D000BE24220021204601F057
:1060B80079FDC4E9026748F00208A56184F81C80EC
:1060C800204602B0BDE8F08100BE002CD3D100BE4E
:1060D800B742D2D8012F38BF0127012AD0D1042EC8
:1060E80000D800BE4FF00308CEE706B900BE4FF057
:1060F8000608C9E72C46204602B0BDE8F08100BF7B
:1061080040B1037F9B0701D4FFF772BA2422002114
:1061180001F048BD00BEF4E72DE9F843044648B154
:10612800FDF720FA25695DB10025FDF737FA284605
:10613800BDE8F88300BEFDF715FA2569002DF3D1F7
:106148006369002BF1D1D4E90279A6693A46552151
:10615800304694F81C8001F025FD864200D000BE30
:1061680024220021204601F01DFD0125C4E9027901
:10617800A66184F81C80D8E7034648B1012938BFD6
:1061880001219A688A4286BF0120D96000207047A1
:1061980000BEF3E72DE9F04104461F4682B000290E
:1061A80043D0002C44D0237F02F1040E13F0010FDA
:1061B80008BF9646D4F808C0256826686368206832
:1061C8008542F9D16644013EF61AB445A6EB0C03A4
:1061D800204688BF3346CDF800E0FFF71BFF054691
:1061E800F8B1A2686368216813445B1A9A42A3EB6A
:1061F800020198BF0B46E2689A4212D8EFF3118861
:10620800102383F3118823694BB100262069019775
:10621800216A33463246009600F0D4FE266188F3A0
:106228001188284602B0BDE8F08100BE002CBAD122
:1062380000BEB8E72DE9F8430446FDF793F93A4A5A
:106248003A4E1368013313603368002B3DD0384F42
:10625800E36A3A68002A31D0364D374937480A6828
:1062680004F1040C01320A6002689A4238BF0360E4
:1062780003EB8303980005EB830359682A58D1F888
:1062880008E0A160C4F80CE00132CEF804C0C1F8FF
:1062980008C063612A50FDF781F93B6863B1326831
:1062A800E36AD26A9A4207D24FF08052244B5A606E
:1062B800BFF34F8FBFF36F8FBDE8F88332681D4D72
:1062C800D26A9A4298BF3460C7E734601368012BDA
:1062D80003D0E36A174D164FBFE7164D2F4605F159
:1062E800640838461437FFF705FA4745F9D1DFF84F
:1062F8006890DFF868804846FFF7FCF94046FFF7EA
:10630800F9F91048FFF7F6F90F48FFF7F3F90F48C6
:10631800FFF7F0F90E4B0F4A054FC2F80090C3F88B
:106328000080E36A99E700BF78C0002250C10022CC
:106338006CC00022ECC000225CC0002270C00022A9
:1063480000ED00E0A8C0002294C000227CC000221A
:10635800BCC00022C0C00022D8C00022C4C0002295
:106368002DE9F8430446264B2648274A274DD0F8FE
:1063780000901768D3F8008028680E460430FFF7AD
:10638800E1F9631C17D02B6819EB04045C600BD28D
:10639800296838460431FFF7BDF91D4B1A68A24237
:1063A80000D91C60BDE8F88329684046BDE8F84379
:1063B8000431FFF7AFB976B92B6809F1FF325A609B
:1063C800B9F1000FF0D1296838460431FFF7A2F976
:1063D8000F4B1B68E6E70F4B28685A6829689668D0
:1063E8001C688260CE60286829682D6804300431F2
:1063F800013470601C6091606B61BDE8F88300BF78
:10640800BCC0002274C00022C0C0002250C10022BB
:1064180058C000227CC000222DE9F8430A9C02F1F2
:106428008042256B013A05EB82050646DDE908073F
:10643800984625F0070581B14FF0100C01F1FF3E99
:1064480004F133031EF9011F03F8011F11B1BCF158
:10645800010CF7D1002384F84330042819D8C0F17F
:106468000509E0626064201DFFF750F904F1180087
:10647800FFF74CF9434632462846216B2461C4F89D
:1064880018906462FDF758F8206007B13C60BDE8D9
:10649800F88300BE4FF001090420E2E7F8B5174D74
:1064A8002B682BB3164F174E06E0012B21D0022B79
:1064B80000D000BE2B68DBB1FDF754F8FB68DC6840
:1064C800201DFFF73FF93368013B33602B68013B20
:1064D8002B60FDF763F894F86530002BE5D1206B4D
:1064E800FFF786F82046FFF783F82B68002BE3D1E7
:1064F800F8BD2046FFF77CF8DCE700BF90C000221B
:1065080094C0002278C000224FF0805608B5074C8E
:10651800074DFFF7C3FF2368012B04D96E60BFF353
:106528004F8FBFF36F8FFDF74BF8F2E7ECC00022F7
:1065380000ED00E02DE9F04F4B4B83B01E680136AB
:106548001E60002E62D049490B689E4276D3484DA2
:106558002B681868002800F082800020B2460746A1
:106568008146A846DFF820E1424C019140E0586995
:10657800D3E902269660726042688A42026808BFC0
:106588004660013A5F610260986A58B1D3E907260C
:10659800966072604268AA42026808BF4660013A83
:1065A8009F620260DA6ADEF8005002EB820C04EBAC
:1065B8008C004668AA42D6F808B054F82C509E6061
:1065C800C3F80CB0CBF80410B1602B4988BFCEF8E3
:1065D8000020096858610135D8F80030C96A44F8C4
:1065E8002C501B688A4288BF4FF00109002B34D019
:1065F800D8F80030DB68DB685A68191D924503F14A
:106608001805B4D2019948460A6018E0184D2B685D
:106618001B6803B100BE194B29681868184A28601E
:1066280019601368013313602B681B687BB94FF03E
:10663800FF330E490B600B689E4288D20020114B35
:106648001B68002B18BF012003B0BDE8F08F2B6832
:106658000649DB681B680B6076E7484601994FF0EE
:10666800FF330B60EBE700BF74C0002258C0002264
:10667800C0C00022ECC0002250C10022BCC00022D1
:1066880060C0002264C0002270C000222DE9F043DF
:10669800002587B00495DDE90F84B8F1000F27D0F5
:1066A80044B31E4668230593059B0546682B894617
:1066B80017462BD000BE059B68220021204601F01A
:1066C80071FA022328460E9D84F86530C4F830809C
:1066D800009504AD33463A46494602940195FFF7C2
:1066E8009BFE2046FFF7A6FD049807B0BDE8F0839F
:1066F80000BE04B900BE68230593059B682B00D033
:1067080000BE0498059B07B0BDE8F083059BD3E75E
:1067180030B500248DB01A4B07AA06A905A808931E
:10672800CDE905448DF82440FAF79CFF0699059DAC
:106738002346CDE901151348079A009408A9FFF7E5
:10674800A5FF114B186018B9104B1B680DB030BD70
:1067580000F0A0FE012806D00130F5D100BE0B4B99
:106768001B680DB030BD80F310884FF0FF35084925
:10677800084A094B0D6010601C60FCF761FFE3E7F5
:1067880049444C451165000254C0002290AD0002F6
:1067980058C000226CC0002274C00022024A13684C
:1067A80001331360704700BF50C000222DE9F04F3D
:1067B800574F83B0FCF7D6FE3B6803B900BE3B6871
:1067C800013B3B60D7F800A0BAF1000F40F0918080
:1067D800504B1B68002B00F08C80DFF85CE1DEF882
:1067E8000030002B00F091804B4B4C4E0193DEF8AB
:1067F8000C30DB689A6AD3E9070181604860506809
:1068080003F11804A04208BF51601168C3F828A01A
:10681800013911605A69D3E902148C6061605168CA
:106828001D1DA94211683E4801F1FF31116008BFE2
:1068380054600068DA6ADEF80080824288BF38480F
:1068480002EB820188BF0260364806EB810C0068C3
:10685800DCF80440D0F82C9056F82100D4F808B0A1
:1068680001304A459C60C3F80CB0CBF80450A560D1
:10687800C3F814C046F8210002D90122019B1A600E
:10688800B8F1000FB3D1284B1A681268002A37D024
:106898001A68264BD26812681A60254D2C68A4B174
:1068A8000126DDF8048006E0FFF744FE08B1C8F8C9
:1068B8000060013C08D03B68002BF5D02B68013CF8
:1068C80003F101032B60F6D12C60019B1B6883B197
:1068D8004FF08052174B134909685A60BFF34F8F26
:1068E800BFF36F8F0124FCF759FE204603B0BDE8C3
:1068F800F08F0024FCF752FE204603B0BDE8F08F6D
:106908004FF0FF32094B1A60C7E7034B0193C4E706
:1069180050C0002278C0002264C00022ECC00022CF
:1069280070C0002250C10022C0C0002258C00022FE
:1069380068C0002200ED00E0A8C0002208B568B1D8
:106948000B4B1A6801321A601B68012B00D000BE7D
:106958000021FFF705FDFFF729FF38B94FF08052F6
:10696800044B5A60BFF34F8FBFF36F8F08BD00BF52
:1069780050C0002200ED00E0014B1868704700BFCE
:1069880074C00022014B1868704700BF78C000220D
:10699800054B1B680BB9FFF7CDBD044A00201368EF
:1069A80001331360704700BF50C0002268C0002246
:1069B800184B1B681BB10122174B1A607047164A07
:1069C80030B4164C13602368154903EB830251F861
:1069D8002250980001EB82023DB903B900BE52F87B
:1069E800140D013B0028F8D09800C21801EB820072
:1069F80001464268083152688A42426008BFC2684C
:106A0800084908BF4260D2680A6023600B6830BC3E
:106A1800704700BF50C0002264C0002270C000222E
:106A2800ECC0002250C1002210B50C4650B1064BF4
:106A380019681831FEF76EFE2046BDE810400121A6
:106A4800FFF78EBC00BEF2E750C100220346F0B546
:106A58000846114603B3114C5D6822682768D56162
:106A680026682268D4F800E002F118041A68D5F8FC
:106A780008C01836002902F10102C7F820C018BF63
:106A88004FF0FF30CCF80460AC60CEF828301A60C4
:106A9800BDE8F040FFF764BC00BEDCE750C100224F
:106AA800C368F0B4DB68002B57D0D3E90701002690
:106AB8009A6A03F1180455688160A542486028481D
:106AC80008BF5160116805680139D86A9E62116073
:106AD800002D2FD1D3E902415A69A1604C60546856
:106AE8001E1DB44208BF516011681E4C0139116067
:106AF80022681D49824200EB80024FEA820C01EBBA
:106B08008202556838BF2060AF6851F80C409D601C
:106B1800DF607E60AE605A61144B01341B6841F837
:106B28000C40DB6A834215D2F0BC0123104A184698
:106B3800136070470F4A5568A968C3E907514C604C
:106B4800AC609A62094B11681B680131DB6A1160FD
:106B58008342E9D3F0BC0020704700BEA5E700BF20
:106B680050C0002270C00022ECC0002250C1002298
:106B780064C00022A8C00022034A044B12681B68A4
:106B8800C0E90023704700BF60C0002274C0002223
:106B9800F8B504460D46C0B1D5B1FCF7E3FC2B6847
:106BA800144A581C116820D0DFF84CC02668DCF85D
:106BB80000706068BE420DD088420BD800230124C3
:106BC8002B60FCF7EBFC2046F8BD00BE002DE4D19D
:106BD80000BEE2E70F1ABB42F0D95B1ADCF80010DE
:106BE800126803442B60C4E900120024FCF7D6FCA9
:106BF8002046F8BD74C0002260C000220122014B6B
:106C08001A60704764C00022014B1868704700BFC3
:106C180050C10022054B1B6833B1054B1868B0FA08
:106C280080F0400940007047012070476CC0002286
:106C380050C00022F8B50446C8B11F4DC36A2A687F
:106C4800D26A934214D28269002A04DB2A68D26A83
:106C5800C2F105028261194E626903EB830306EBF8
:106C680083039A420CD02B68DB6AE3620120F8BDEB
:106C78002B68406CDB6A98422CBF00200120F8BDCD
:106C8800271D3846FEF75EFD2B680D4ADB6A116842
:106C9800E3628B4288BF136003EB830306EB830038
:106CA80041689B00F2588D680132A160E5606F6011
:106CB8008F606061F250D9E750C10022ECC0002219
:106CC80070C0002298B1F8B51B4B04461B6883427C
:106CD80000D000BEA36C0BB900BEA36CE16A626C65
:106CE800013B9142A36400D01BB10020F8BD0020F5
:106CF8007047261D3046FEF725FD636C0F4AC3F129
:106D08000500A06101201168E3628B4288BF13600F
:106D18000B4A03EB830302EB83077D689B00D15882
:106D2800D5F808C00144A560C4F80CC0CCF80460CC
:106D3800AE606761D150F8BD50C1002270C000221A
:106D4800ECC0002278B1F8B5836C044603B900BEE4
:106D5800626CE36A914238BF11468B4202D0A26C42
:106D6800012A01D0F8BD7047174A1268A24228D0FC
:106D7800A269164D002A03EB83036269E16205EB01
:106D88008303A4BFC1F10501A1619A42EAD1261D7E
:106D98003046FEF7D7FC0E4AE36A11688B4288BF7B
:106DA800136003EB830305EB830041689B00EA58FB
:106DB8008F680132A160E7607E608E606061EA5092
:106DC800F8BD00BEE36AD3E750C10022ECC0002240
:106DD80070C00022034B186810B1836C01338364C0
:106DE800704700BF50C100222DE9F047089F0446B4
:106DF800894690461E4600B100BE2A4A13680133F0
:106E08001360294DFCF7AEFB2B68234493F86430DC
:106E1800022B0DD04FF0010A2B6803EB84031A6E86
:106E280022EA09021A662B68234483F864A0EFB9A2
:106E3800FCF7B4FBFFF7BAFCFCF794FB2EB12B6808
:106E480004F1180253F8223033602B68234493F876
:106E58006430022B1DD0002600222B68234483F8BF
:106E68006420FCF79BFB3046BDE8F087FCF796FBF7
:106E780051463846FFF774FAFFF798FC0028DBD133
:106E88004FF08052094B5A60BFF34F8FBFF36F8F9B
:106E9800D2E72B68012603EB84031A6E22EA080264
:106EA8001A66D9E750C0002250C1002200ED00E068
:106EB8002DE9F041DDF8188004460D4617461E46B8
:106EC80001B100BE002C5BD0FCF74CFBB8F1000F01
:106ED80005D005F1180354F82330C8F80030022112
:106EE800621992F8643082F86410DBB2042E59D823
:106EF800DFE806F0065248034E00183544F82570BE
:106F0800012B05D00124FCF749FB2046BDE8F081A0
:106F18006269D4E902135068261D8B6059601168B4
:106F2800B04208BF53602248E36A01391160214921
:106F3800056803EB8302970001EB8202AB425568B8
:106F480088BF0360D5F808C0C859A560C4F80CC04C
:106F5800CCF80460AE606261A26A0130C8510AB11F
:106F680000BEE36A144A1268D26A9A42CAD24FF043
:106F78008052124B5A60BFF34F8FBFF36F8FC1E738
:106F880000BEA1E704EB85052A6E01322A66B7E741
:106F9800022BB2D10024B6E704EB85052A6E3A43EA
:106FA8002A66ADE7064A1268002AA9D000BEA7E7FC
:106FB80070C00022ECC0002250C1002200ED00E0A9
:106FC80074C000222DE9F041DDF8188004460D4612
:106FD80017461E4648B305B100BEFCF74FFBEFF35A
:106FE8001181102383F31188B8F1000F05D005F142
:106FF800180354F82330C8F800300220631993F8B6
:10700800642083F86400D3B2042E6AD8DFE806F05F
:10701800063731033D00183544F82570012B06D09A
:10702800012081F31188BDE8F08100BED3E7A36A8F
:1070380003B100BE2E4AE36A126852B32D4A506863
:10704800156886680135156004F11805C4E9070656
:1070580075608560A262284A1268D26A9A42DFD2B5
:10706800079B13B10123079A13600122234B1A606F
:10707800D6E704EB85052A6E01322A66CEE704EBD3
:1070880085052A6E3A432A66C8E7022BC3D1002039
:10709800C7E76269D4E90250A86045605568271DB2
:1070A800BD4208BF5060106801381060144A10686B
:1070B8009842144838BF136003EB830200EB820C3C
:1070C800DCF8046092008558D6F808E00135A6601F
:1070D800C4F80CE0CEF80470B760C4F814C085504A
:1070E800B9E7094A1268002A98D000BE96E700BF9F
:1070F80050C00022A8C0002250C1002264C0002253
:1071080070C00022ECC0002274C0002238B50446CA
:107118000D4601B100BE7CB12C44FCF723FA94F86B
:107128006430022B05BF00230125002584F8643054
:10713800FCF734FA284638BD014B1C68ECE700BF61
:1071480050C10022F0B5144C83B0FCF70BFA256847
:1071580025B103B0BDE8F040FCF720BA0F4F104E40
:107168003846FEF7C7FA3046FEF7C4FADFF840E0C3
:10717800DFF840C000950C210A200A4B0A4ACEF8D5
:107188000070CCF80060FEF7BBFB20600028E0D060
:107198000649FEF7B7FEDCE720C2002240C2002203
:1071A8002CC2002254C10022A0C1002238A400022F
:1071B80028C2002224C200222DE9F047DFF884907B
:1071C8000546D9F800300F46DB68DC6804F104088E
:1071D8004046FEF7B7FA94F824305A070ED423F045
:1071E800010384F824302046236ABDE8F047184795
:1071F80093421BD82046236A98473546A3697A1BD1
:10720800EE182CBF01210021B74266602461EFD23D
:10721800AF4201D20029EDD0D9F800004146FEF76F
:1072280079FA2046236ABDE8F0471847044B4146DF
:107238001868FEF76FFA2046236ABDE8F04718473A
:1072480024C2002228C200222DE9F04F4FF0000985
:107258008B4DDFF83882DFF838A28A4C85B02B686E
:107268001F68002F00F0D380DB681F68FFF796FACD
:10727800FFF782FBD8F800300646984242D387428F
:10728800C8F8000040F2E08000222068B91BFEF731
:1072980067FEFFF78BFA38B94FF080527A4B5A6085
:1072A800BFF34F8FBFF36F8FCDE90199CDF80C90E5
:1072B8000022206801A9FEF789FC0028CFD0019B95
:1072C800002BF5DB039E736913B1301DFEF73AFA04
:1072D800FFF752FBD8F800300746984226D3019BA7
:1072E800C8F80070013B082BE2D8DFE803F0292931
:1072F800676E872929676E00DB684FF0FF311868D1
:10730800FFF75AFF2B681A68002AF5D1DAF800202F
:10731800C8F800602A60CAF80030FFF747FAC3E7E8
:10732800DB684FF0FF311868FFF746FF2B681A68D3
:10733800002AF5D1DAF80020CAF800302A60CEE732
:1073480096F82410029AB06941F0010386F82430B7
:1073580013182CBF4FF0010C4FF0000CBB427360A8
:10736800366178D8BA1A904242D84A070ED421F02A
:10737800010186F824103046336A984798E7884216
:1073880077D83046336A98475B46B06913EB000BF1
:107398002CBF4FF0010C4FF0000C5F45A7EB030129
:1073A800C6F804B03661EAD29F4202D2BCF1000F9F
:1073B800E7D02868311DFEF7ADF9DCE796F82430F0
:1073C80023F0010386F8243072E796F82420029B04
:1073D80042F0010286F82420B3615BBB00BEB269AB
:1073E8003661D319BB42736029D8002A3FF460AFD5
:1073F800DAF80000311DFEF78DF959E796F82430C8
:107408009A0732D523F0010386F8243050E7FFF7B6
:10741800C5F9FFF7B1FAD8F80030064683423FF6BF
:1074280071AFDAF80030C8F800601A68B2FA82F270
:1074380052092AE73B449F4273603661D8D22868D4
:10744800311DFEF767F933E7FFF7B0F931463846E3
:10745800FFF7B2FE28E7BA42F1D9BCF1000F84D099
:107468002868311DFEF756F922E73046FEF7C0F8C6
:107478001EE7DAF80000311DFEF74CF97BE700BF84
:1074880028C2002220C2002200ED00E018C200221B
:1074980024C2002230B589B0FFF754FE104B1B6898
:1074A800CBB10024032507AA06A905A8CDE9054400
:1074B800FAF7E6F82346069A059C0A49CDE901241D
:1074C8000948079A0095FFF7E1F8084B186010B1D2
:1074D800012009B030BD00BE002009B030BD00BF9A
:1074E80020C2002240A40002517200021CC20022E5
:1074F8007BB972B90029BEBF00204FF0004106E0F9
:1075080008BF00281CBF6FF000414FF0FF3000F0AB
:10751800BFB9ADF1080C6DE904CE002909DB002BD9
:107528001ADB00F035F8DDF804E0DDE9022304B0E9
:107538007047404261EB4101002B1BDB00F028F84B
:10754800DDF804E0DDE9022304B0404261EB4101CB
:10755800524263EB43037047524263EB430300F02C
:1075680017F8DDF804E0DDE9022304B0404261EBDE
:1075780041017047524263EB430300F009F8DDF81C
:1075880004E0DDE9022304B0524263EB4303704791
:107598002DE9F04F099D0E4604460F46002B47D1B2
:1075A8008A429446B2FA82F35AD943B102FA03FCEA
:1075B800C3F120029F409C4020FA02F217434FEA91
:1075C8001C461FFA8CFE220CB7FBF6F106FB11775E
:1075D80001FB0EF042EA0742904208D91CEB020276
:1075E80001F1FF3702D2904200F23C813946121A6B
:1075F800A4B2B2FBF6F006FB102200FB0EFE44EA32
:107608000244A64508D91CEB040400F1FF3202D25B
:10761800A64500F22A81104640EA0140A4EB0E0478
:1076280000211DB1DC400023C5E90043BDE8F08F0F
:107638008B4205D90DB1C5E9000100210846F5E7DF
:10764800B3FA83F100294FD1B342C0F002818242DC
:1076580040F2FF800846002DE8D0C5E90047E5E77D
:10766800002B40F0AF808A1A4FEA1C4E1FFA8CF7A5
:107678000121B2FBFEF60EFB1620220C42EA004264
:1076880007FB06F090420FD91CEB020206F1FF3807
:107698002CBF4FF001094FF00009904203D9B9F10E
:1076A800000F00F0DC804646121AA4B2B2FBFEF0CE
:1076B8000EFB102200FB07F744EA0244A7420FD949
:1076C8001CEB040400F1FF322CBF4FF0010E4FF009
:1076D800000EA74203D9BEF1000F00F0C980104682
:1076E800E41B40EA06409CE7C1F120048B4006FAFF
:1076F80001FC00FA01FE22FA04F7E6408A401F4323
:1077080020FA04F34FEA174843EA0C031FFA87FCF0
:107718004FEA1349B6FBF8F008FB106649EA06463B
:1077280000FB0CF9B1450ED9BE1900F1FF3A2CBF88
:107738004FF0010B4FF0000BB14503D9BBF1000F1F
:1077480000F0A2805046A6EB09061FFA83F9B6FBA3
:10775800F8F308FB136603FB0CFC49EA0646B4453C
:107768000ED9BE1903F1FF382CBF4FF001094FF0B5
:107778000009B44503D9B9F1000F00F082804346EF
:1077880043EA0040A6EB0C06A0FB028C6645434684
:10779800E14602D307D1C64505D2B8EB02036CEB2C
:1077A800070C0138E1465DB1BEEB030266EB090642
:1077B80006FA04F422FA01F3CE401C43C5E9004658
:1077C800002133E702FA03FCC3F1200299409C40F0
:1077D800D6404FEA1C4E20FA02F21FFA8CF7B6FB8D
:1077E800FEF00A430EFB1066110C41EA064100FB4D
:1077F80007F68E420ED91CEB010100F1FF382CBFB1
:107808004FF001094FF000098E4202D9B9F1000F7B
:1078180034D04046891B92B2B1FBFEF60EFB16111E
:1078280042EA014206FB07F191420ED91CEB020223
:1078380006F1FF382CBF4FF001094FF000099142C3
:1078480002D9B9F1000F16D04646521A46EA00414D
:107858000FE7841A66EB030201201746FBE6023E97
:10786800624421E702396244C1E664440238D3E63F
:107878006444023834E7023E6244E6E70238614471
:10788800C8E7023B3E447BE702383E445BE700BF63
:10789800704700BF10F8012B11F8013B012A28BFDF
:1078A8009A42F7D0D01A7047034611F8012B03F813
:1078B800012B002AF9D17047C9B20346184613F8BC
:1078C800012B12B18A42F9D17047002918BF002054
:1078D80070470A44431E914200D1704710B511F811
:1078E800014B914203F8014FF9D110BD70B50F4E0D
:1078F8000C460546316811B900F024F9306021467C
:10790800284600F01FF9431C03D14FF0FF342046EE
:1079180070BDC41C24F00304A042F8D0211A2846E4
:1079280000F010F90130F2D1EFE700BF54C2002295
:107938002DE9F843CD1C064625F0030508350C2D26
:1079480038BF0C25002D01DBA94204D90C23336074
:107958000020BDE8F883DFF8D48000F0E3F8D8F819
:1079680000301C4644BB29463046FFF7BFFF431C86
:10797800044658D1D8F800402746002F43D1002CA0
:107988004BD023683946304604EB030900F0DAF897
:10799800814542D1216830466D1A2946FFF7A6FF76
:1079A80001303AD023682B442360D8F800305A6855
:1079B80062BBC8F800700FE02268521B20D40B2A63
:1079C80017D96119A342256018BF5960636808BFB9
:1079D800C8F8001062514B60304600F0A9F804F175
:1079E8000B00231D20F00700C21A1CBF1B1AA3504E
:1079F800AFE76268A3420CBFC8F800205A60EBE703
:107A080023466468AEE73C467F68B6E71A465B687B
:107A1800A342FBD100235360DEE70C2330463360DA
:107A280000F086F894E70560D6E700BF58C2002248
:107A380030B50446257823460134002DFAD1013AA1
:107A480004D311F8014B03F8014B04B930BD002AE7
:107A5800F5D11A70F3E710B56AB10139841810F836
:107A6800012B11F8013F9A4203D1A04201D0002A0C
:107A7800F5D1D01A10BD1046FCE7034613F8012BC8
:107A8800002AFBD1181A0138704700000EB400B55F
:107A98009CB06FF000411DAB0290069007910491D5
:107AA8000848094953F8042B059102A90068019375
:107AB80000F0AEF9029B00221A701CB05DF804EBCE
:107AC80003B07047380000220802FFFF0EB430B53B
:107AD8009CB04FF401721FACADF81420029054F81A
:107AE800045B0690FFF7C9FF0B4B2A46039002A9D7
:107AF8000B93002307900F9314934FF6FF730748D7
:107B0800ADF8163023460068019400F0D7FA1CB08F
:107B1800BDE8304003B07047297B000238000022DE
:107B280000207047014800F015B900BF94C3002237
:107B3800014800F010B900BF94C300220A220021B6
:107B480000F0FEB838B50023054D044608462B6002
:107B5800FDF7FAFB431C02D12B6803B1236038BD43
:107B680098C30022014B1868704700BF38000022F4
:107B7800884210B501EB020402D98442234607D893
:107B8800431EA14208D011F8012B03F8012FF8E792
:107B9800024401468A4200D110BD13F8014D02F893
:107BA800014DF7E702440346934200D1704703F8BA
:107BB800011BF9E738B50546002941D051F8043CC6
:107BC8000C1F002BB8BFE418FFF7ACFF1D4A136861
:107BD80033B9636014602846BDE83840FFF7A8BF92
:107BE800A34208D9206821188B4201BF19685B6835
:107BF80009182160EDE71A465B680BB1A342FAD970
:107C080011685018A0420BD1206801445018116027
:107C18008342E0D118685B68084453601060DAE773
:107C280002D90C232B60D6E7206821188B4202BFAB
:107C380019685B680918636008BF21605460CAE767
:107C480038BD00BF58C20022242B2DE9F0478646D4
:107C5800904601D8012B06D1FFF784FF1623036055
:107C68000020BDE8F0870D4633482A4615F8014B39
:107C7800065D16F00806F8D12D2C10D12C780126B7
:107C8800951C33F0100215D1302C0DD12A7802F052
:107C9800DF02582A08D16C78023510230AE02B2C11
:107CA80004BF2C78951CECE7002BF6D1302C14BFC0
:107CB8000A23082306F1004C00220CF1FF3C104671
:107CC800BCFBF3F903FB19CAA4F13007092F0FD83D
:107CD8003C46A3421BDD571C07D0814514D301D174
:107CE800A24511DB00FB0340012215F8014BEBE72D
:107CF800A4F14107192F01D8373CEAE7A4F161073D
:107D0800192F04D8573CE4E74FF0FF32EDE7531C36
:107D180008D122236046CEF80030B8F1000FA0D079
:107D2800691E06E006B14042B8F1000F99D0002A5A
:107D3800F6D1C8F8001094E795AD0002FFF784BFAC
:107D480013460A46014602480068FFF77DBF00BF98
:107D580038000022704770472DE9F0471F468E68AB
:107D680082460C46BE4290460B682DD8B1F90C20CD
:107D780012F4906F26D06569096905EB4505A3EBF8
:107D880001097B1C05EBD5754B446D109D4238BF2E
:107D98001D46530527D52946FFF7CAFD064660B399
:107DA8004A462169FFF795FDA38923F4906343F0C0
:107DB8008003A38126614E446561A5EB0905266011
:107DC8003E46A560BE4200D93E463246414620683E
:107DD800FFF7CEFEA36800209B1BA36023683344F3
:107DE8002360BDE8F0872A4600F038FE06460028E2
:107DF800E0D121695046FFF7DDFE0C234FF0FF303C
:107E0800CAF80030A38943F04003A381E9E70000E2
:107E18002DE9F04F98468B899DB007461B060D4605
:107E2800144610D50B6973B94021FFF781FD28600E
:107E3800286130B90C233B604FF0FF301DB0BDE81E
:107E4800F08F40236B610023CDF80C804FF00109BF
:107E5800DFF8A081099320238DF8293030238DF88D
:107E68002A3023469A4613F8012B0AB1252AF9D15C
:107E7800BAEB040B0BD05B46224629463846FFF77F
:107E88006BFF013000F0A780099A5A4409929AF8CA
:107E98000030002B00F09F8000234FF0FF320AF1E2
:107EA800010A049307938DF853301A93CDE90523FB
:107EB800544605224F4814F8011B00F051FD049A5E
:107EC800D8B9D00644BF20238DF85330110744BFDA
:107ED8002B238DF853309AF800302A2B15D0079AA7
:107EE800544600204FF00A0C214611F8013B303B64
:107EF800092B4BD9B0B1079214E0A0EB0803A246B6
:107F080009FA03F313430493D2E7039B191D1B6873
:107F1800002B0391BBBF5B4242F002020793079319
:107F2800B8BF049223782E2B0AD163782A2B32D13A
:107F3800039B02341A1D1B6843EAE37303920593FB
:107F4800DFF8C0A003222178504600F009FD38B1BF
:107F5800A0EB0A004022049B01348240134304939F
:107F680014F8011B062224488DF8281000F0F8FCAC
:107F7800002836D0214B1BBB039B073323F0070394
:107F880008330393099B334409936AE70CFB0232D5
:107F98000C460120A8E7002301344FF00A0C1946CB
:107FA8000593204610F8012B303A092A03D9002BF3
:107FB800C6D00591C4E70CFB012104460123F0E774
:107FC80003AB2A4604A9384600930D4BAFF3008053
:107FD800421C0646D6D1AB895B063FF52DAF099802
:107FE8002CE703AB2A4604A938460093044B00F05B
:107FF8004DFAEDE795AE00029FAE000200000000CA
:10800800617D00029BAE000238B54B1C144603D1BB
:108018004FF0FF35284638BD9389CDB223F02003B1
:108028009381636B52688BB1A36B934208DD23681D
:108038005A1E226003F8015C636801336360E9E754
:10804800214600F0D4FC0028F1D0E1E7216923683B
:1080580051B1994208D213F8011CA94204D1013B3D
:10806800013223606260D5E7C4E90F3204F14403AA
:1080780063630323A363234603F8465F2360012356
:10808800DCE710B50C46496B69B104F14403994229
:1080980001D0FFF78FFD0020236C6063636013B18C
:1080A800E36B236010BD23694FF0FF30236000238A
:1080B8006360A38943F02003A381F3E72DE9F04F20
:1080C8000C46ADF5237D002106460DF10408A64FA8
:1080D8000093CDF81881CDE94411A449A091A44991
:1080E800A19192F80090B9F1000F00F0588117F8AB
:1080F8000930551C13F0080319D06368002B0FDDF5
:1081080023681A78BA5C120701D42A46E9E7459A27
:1081180001330132236045926268013A6260ECE7FC
:10812800A19B2146304698470028E9D0EDE7B9F1F0
:10813800250F40F086804193439353782A2B04BF40
:108148001023951C4FF00A0208BF4193AA461AF85B
:10815800011BA1F13003092B1ED9DFF818B2032245
:10816800584600F0FDFB38B1A0EB0B000123419A03
:10817800554683401343419315F8013B782B06D8A5
:10818800572B10D8252B5CD056D8002B74D003233E
:1081980047930A23429387E0439B554602FB03110A
:1081A80030394391D2E7A3F15802202AEFD801A130
:1081B80051F822F08F820002978100029781000215
:1081C800E9820002978100029781000297810002EC
:1081D800978100029781000297810002978100022F
:1081E800FF820002E5820002478200024782000205
:1081F8004782000297810002A18200029781000253
:108208009781000297810002978100020F83000284
:10821800A9820002878200029781000297810002EA
:108228000B83000297810002E58200029781000219
:10823800978100028F820002453B022BA7D80523B5
:1082480031E06368002B0DDD23681A784A4540F059
:10825800A680013362682360013A459B626001335E
:10826800459352E7A19B2146304698470028EBD01A
:108278004498002840F08B804FF0FF308BE0419A03
:1082880042F020024192419A42F400724192102237
:108298006E2B429202D905E000234293032302E0A9
:1082A80008234293042347936368002B3ADD419BDC
:1082B800590604D423681A78BA5C120739D4479B44
:1082C800022B48DC6B46224641A9304600F0FCF9F7
:1082D800012864D002287FF418AFC9E70A22D7E73B
:1082E8002946404600F04AFB419B054643F04003BF
:1082F80041930123D7E7419B43F040034193002377
:10830800D1E70223CFE74198C3063FF5FEAE009BB5
:10831800C007459A03F1040100911B684CBF1A80FD
:108328001A60F2E6A19B2146304698470028BED045
:108338009EE7459A013245926268013A002A6260D6
:1083480002DD01332360B5E7A19B214630469847FB
:108358000028AFD08CE7042B0EDC6B46224641A9DF
:10836800304600F00BFAB3E795AD00021180000229
:108378008B8000029BAE00020A4B002B3FF4C5AE77
:108388006B46224641A93046AFF30080A0E7A38997
:108398005B063FF571AF0DF5237DBDE8F08F44987E
:1083A800F9E700BF000000002DE9F047164698469F
:1083B8008A6807460B690C46DDF820909342B8BFDF
:1083C8001346336091F843200AB1013333602368C0
:1083D800990642BF336802333360256815F00605F5
:1083E80006D104F1190AE36832689B1AAB422BDC08
:1083F80094F843302268003B18BF0123920630D41A
:1084080004F1430241463846C847013023D0236867
:108418001A3454F80A2C03F00603042B0ABF54F844
:108428000E5C002533684FF0000608BFED1A54F8BB
:10843800123C08BF25EAE5759342C4BF9B1AED18A4
:10844800B5421AD1002008E0012352464146384679
:10845800C847013003D14FF0FF30BDE8F087013540
:10846800C1E7E1185A1C30200233224481F8430046
:1084780094F8451082F84310C2E70123224641468A
:108488003846C8470130E6D00136D9E72DE9FF471D
:108498000F7E914680460C46782F9A460C9E01F135
:1084A800430207D8622F0AD8002F00F0D180582F36
:1084B80000F0B88004F1420684F842703AE0A7F16F
:1084C8006303152BF6D801A151F823F02D8500027E
:1084D80041850002BD840002BD840002BD84000203
:1084E800BD84000241850002BD840002BD840002F3
:1084F800BD840002BD8400023F8600026B85000235
:10850800F9850002BD840002BD8400026186000274
:10851800BD8400026B850002BD840002BD84000298
:108528000186000233681A1D1B68326004F1420696
:1085380084F8423001239CE033682068191D3160BB
:10854800060601D51D6803E04506FBD5B3F90050C2
:10855800002D03DA2D236D4284F8433058480A234E
:1085680011E021683368080653F8045B02D4490611
:1085780048BFADB26F2F3360514814BF0A23082398
:10858800002184F843106668002EA66005DB216888
:108598002E4321F0040121604BD01646B5FBF3F1C0
:1085A80003FB1157C75D06F8017D2F460D46BB42F8
:1085B800F4D9082B0BD12368DF0708D52369616834
:1085C8009942DEBF302306F8013C06F1FF36921BC4
:1085D80022614B4603AA21464046CDF800A0FFF78A
:1085E800E3FE01304AD14FF0FF3004B0BDE8F08718
:1085F800236843F02003236078273248236884F8EF
:1086080045701F06316851F8045B02D45F0648BF05
:10861800ADB23160D90744BF43F0200323601DB1D8
:108628001023ADE72648E9E7236823F020032360F9
:10863800F6E71646BDE733682568181D616930609E
:108648002E061B6801D5196002E06806FBD5198063
:10865800002316462361BCE7336800211A1D3260E7
:108668001E686268304600F07BF908B1801B6060C4
:1086780063682361002384F84330AAE723693246FC
:1086880049464046D0470130ADD023689B0713D4F4
:10869800E068039B9842B8BF1846A6E70123324614
:1086A80049464046D04701309DD00135E3680399DB
:1086B8005B1AAB42F2DCEBE7002504F11906F5E79B
:1086C800A6AE0002B7AE00022DE9F84315468A6847
:1086D80080460C4632B98A69002A14BF4FF0FF322F
:1086E80001228A6022680027DFF88C90D1065FBFDC
:1086F8001A68111D19601668A06988B1012807D188
:108708002B681A7863699B5C53B9002F31D022E03B
:10871800022820D12B681B7819F803301B071AD4BC
:1087280023680137DA065EBF2B681B7806F8013B21
:108738002A686B680132013B2A60A2686B60013AC3
:10874800A26042B1002BD7DCD4F8803129464046DC
:1087580098470028D0D0236813F0100305D1E268A9
:108768000132E260A26902B13370236900203B4400
:108778002361BDE8F88300BF95AD00022DE9F04FF5
:10878800984687B0724B0C468246164627464FF0ED
:10879800000B93E8070003AB83E807006D4BA16962
:1087A8006D4A032908BF1A46A36801925A1EB2F5FA
:1087B800AE7F89BF6FF4AE754FF0000903EB050972
:1087C80040F25D1388BFA36057F81C3B43F4506325
:1087D8003D462360316803AB0222097853F82B0029
:1087E80000F0BEF828B3BBF1010F59D162682AB96D
:1087F8002268082142F4007261602260226822F433
:10880800A0622260A268511EA16092B13268511C18
:108818003160127805F8012B7268013A002A7260FB
:1088280007DCD4F88021314650469047002840F0B4
:1088380085800BF1010BBBF1030FCBD163680BB93A
:108848000A23636063684FF0000B44496069C91AE2
:1088580000F094F8A3682268002B3DD03168606965
:1088680091F800C010F80C00002835D0BCF1300F8A
:1088780024D1100522D50BF1010BB9F1000F03D05B
:10888800013309F1FF39A3607368013B002B736062
:108898001BDD336801333360A368013BA360D9E76C
:1088A800BBF1020FAED1226802F4C061B1F5007FBE
:1088B800BFD1102142F480726160A2E722F41062F5
:1088C80022600B7805F8013BDEE7D4F880313146A9
:1088D800504698470028DFD02368D9050DD5BD42FA
:1088E80009D905F1FF3915F8011CD4F87C31324655
:1088F8004D4650469847BD4228D0226812F01002D3
:1089080013D12A70394663685046019EB047D8F89B
:10891800003021681A1D11F0200FC8F800201B68CC
:108928000FD01860E3680133E360ED1B2369002072
:108938005D442B44236107B0BDE8F08F4FF0000B76
:10894800CAE7CA074CBF18801860EBE70120F2E7B6
:10895800E4AE0002457D00029D8B0002D8AE000205
:10896800C9B20346024410B59342184601D100200B
:1089780003E0047801338C42F6D110BD70B50B7852
:10898800044601385E2B04F1FF0513BF4A1C8A1CFC
:108998004B78002108BF012100F8011FA842FBD134
:1089A8000BB9501E70BD81F001011046E15402461A
:1089B80012F8015B2D2D05D05D2D16D0002DF1D0BC
:1089C8002B46F2E746785D2EFAD0B342F8DC023047
:1089D8001A4601329642A154FBDCF21A5D1C013A98
:1089E800B342A8BF0022AB18E1E71046DAE72DE949
:1089F800F0410C46496B04F1440399421AD14FF4F3
:108A08008061FEF795FF18B94FF0FF30BDE8F0819F
:108A18004FF48063606300F2FD30A36394F846303E
:108A2800837094F84530437094F8443003702060A4
:108A38000020EBE7A66B77003A4600F00FF80546F2
:108A48000028E1D000EB0608014632464046FEF712
:108A580040FFC4F80080C4E90D57E9E72DE9F0416B
:108A6800074614460D4621B91146BDE8F041FEF708
:108A78005FBF2AB92546FFF79DF82846BDE8F08173
:108A880000F08AF88442064602D8B4EB500FF4D8B6
:108A980021463846FEF74CFF804608B94546ECE7C4
:108AA800B4422246294628BF3246FEF712FF29461D
:108AB8003846FFF77FF8F1E72DE9F04386460D4683
:108AC800334E284615F8014B375D17F00807F8D1E3
:108AD8002D2C10D12C780127851C33F0100015D1CE
:108AE800302C0DD1287800F0DF00582808D16C7898
:108AF800023510230AE02B2C04BF2C78851CECE7E8
:108B0800002BF6D1302C14BF0A2308234FF0FF386E
:108B18000026B8FBF3F803FB08F930466FEA0909A9
:108B2800A4F1300CBCF1090F10D86446A3421EDD35
:108B3800B6F1FF3F07D0804516D301D1A14513DB1D
:108B480000FB0340012615F8014BE9E7A4F1410CAD
:108B5800BCF1190F01D8373CE8E7A4F1610CBCF16E
:108B6800190F04D8573CE1E74FF0FF36EBE7731CC9
:108B780006D122233046CEF8003032B9BDE8F08362
:108B880007B14042002AF9D006B1691E1160F5E725
:108B980095AD0002FFF790BF51F8043C181F002B59
:108BA800BCBF0B58C01870475465726D696E616C14
:108BB80000000000284E554C4C2900000D0A4E6F4D
:108BC80020496E7075740D0A000000000D0A536389
:108BD800616E6E696E6720576946692041636365F7
:108BE800737320506F696E74730D0A000D0A2A2A78
:108BF80020726D5F776966695F6F6E636869705F21
:108C080073696C65785F7363616E204150492066B3
:108C18006F7220726D5F776966695F6F6E636869EE
:108C2800705F73696C6578206661696C6564202A79
:108C38002A0D0A005B4552525D20496E2046756E2A
:108C48006374696F6E3A20257328292C20257300D8
:108C58000D0A2A2A2A2A2A204C697374206F662052
:108C6800576946692041636365737320506F696E65
:108C78007473202A2A2A2A2A000000000D0A2825AF
:108C880064292025733A200D0A202020205365638B
:108C980075726974793A204F70656E2C2053696734
:108CA8006E616C20737472656E6774683A2025640F
:108CB8002C204368616E6E656C3A202564000000C4
:108CC8000D0A282564292025733A200D0A20202022
:108CD8002053656375726974793A205745502C2082
:108CE8005369676E616C20737472656E6774683A55
:108CF8002025642C204368616E6E656C3A202564DB
:108D0800000000000D0A4E6F74653A2043757272B8
:108D1800656E746C792057694669204150732077D5
:108D28006974682057455020736563757269747952
:108D3800206973206E6F7420737570706F7274651C
:108D4800642E20506C6561736520646F206E6F74AB
:108D58002073656C6563742E000000000D0A2825D9
:108D680064292025733A200D0A20202020536563AA
:108D780075726974793A205750412C205369676E8F
:108D8800616C20737472656E6774683A2025642C70
:108D9800204368616E6E656C3A202564000000000F
:108DA8000D0A282564292025733A200D0A20202041
:108DB8002053656375726974793A20575041322C93
:108DC800205369676E616C20737472656E6774688E
:108DD8003A2025642C204368616E6E656C3A202524
:108DE800640000000D0A456E746572205769466973
:108DF8002041502773205353494420696E64657895
:108E080020746F20626520636F6E6E65637465649D
:108E18002E0000000D0A4F5220456E7465722061C5
:108E28006E79206F7468657220636861726163741B
:108E3800657220746F2052652D7363616E0D0A0090
:108E48000D0A456E7465722070617373776F726472
:108E580020666F72201B5B313B33366D25732E1BEA
:108E68005B306D000D0A456E74657220535349449A
:108E7800206F6620576946692041636365737320D4
:108E8800506F696E743A00000D0A53656C6563741F
:108E980020736563757269747920747970652066CA
:108EA8006F7220746865205769466920416363655D
:108EB800737320506F696E743A0000000D0A576989
:108EC8004669205365637572697479207479706591
:108ED800733A00000D0A5072657373203020666F74
:108EE80072204F70656E202D204E6F20536563757C
:108EF80072697479000000000D0A5072657373205E
:108F08003120666F7220575041205365637572692E
:108F1800747900000D0A5072657373203220666FF1
:108F28007220575041322053656375726974790015
:108F38000D0A5573657220496E7075743A200D0AD2
:108F4800000000000D0A456E74657220706173732D
:108F5800776F726420666F72201B5B313B33366D0E
:108F680025731B5B306D00000D0A436F6E6E6563E1
:108F780074696E6720746F201B5B313B33366D2537
:108F880073200D0A1B5B306D000000000D0A2A2AB1
:108F980020726D5F776966695F6F6E636869705F7D
:108FA80073696C65785F636F6E6E6563742041509A
:108FB8004920666F7220726D5F776966695F6F6EB0
:108FC800636869705F73696C6578206661696C6550
:108FD80064202A2A200D0A000D0A57694669206E66
:108FE8006F7420636F6E6E656374656400000000C3
:108FF8000D0A2A2A20726D5F776966695F6F6E6352
:109008006869705F73696C65785F646E735F7175AA
:109018006572792041504920666F7220726D5F77C2
:109028006966695F6F6E636869705F73696C65789C
:10903800206661696C6564202A2A0D0A0000000018
:109048000D0A2A2A20726D5F776966695F6F6E6301
:109058006869705F73696C65785F70696E672041D5
:10906800504920666F7220726D5F776966695F6F1D
:109078006E636869705F73696C6578206661696C96
:109088006564202A2A0D0A000D0A2A2A20726D5FBB
:10909800776966695F6F6E636869705F73696C652D
:1090A800785F736F636B65745F6372656174652065
:1090B80041504920666F7220726D5F776966695FFB
:1090C8006F6E636869705F73696C65782066616943
:1090D8006C6564202A2A0D0A000000000D0A2A2A5D
:1090E80020726D5F776966695F6F6E636869705F2C
:1090F80073696C65785F7463705F636F6E6E6563C8
:10910800742041504920666F7220726D5F776966DE
:10911800695F6F6E636869705F73696C65782066F4
:1091280061696C6564202A2A0D0A00000D0A5443FF
:109138005020736F636B657420646973636F6E6E20
:1091480065637465640000000D0A2A2A20726D5F49
:10915800776966695F6F6E636869705F73696C656C
:10916800785F7463705F73656E6420415049206650
:109178006F7220726D5F776966695F6F6E63686989
:10918800705F73696C6578206661696C6564202A14
:109198002A0D0A000D0A2A2A20726D5F776966690E
:1091A8005F6F6E636869705F73696C65785F74631D
:1091B800705F726563762041504920666F72207235
:1091C8006D5F776966695F6F6E636869705F736901
:1091D8006C6578206661696C6564202A2A0D0A002E
:1091E8000D0A2A2A20726D5F776966695F6F6E6360
:1091F8006869705F73696C65785F646973636F6EC3
:109208006E6563742041504920666F7220726D5FED
:10921800776966695F6F6E636869705F73696C65AB
:1092280078206661696C6564202A2A0D0A000000AE
:109238000D0A2A2A20726D5F776966695F6F6E630F
:109248006869705F73696C65785F636C6F736520BC
:1092580041504920666F7220726D5F776966695F59
:109268006F6E636869705F73696C657820666169A1
:109278006C6564202A2A0D0A000000000D0A526558
:109288007475726E6564204572726F7220436F64E4
:10929800653A203078257820200D0A00312E3000DC
:1092A8000D0A2A2A2A2A2A2A2A2A2A2A2A2A2A2A53
:1092B8002A2A2A2A2A2A2A2A2A2A2A2A2A2A2A2A06
:1092C8002A2A2A2A2A2A2A2A2A2A2A2A2A2A2A2AF6
:1092D8002A2A2A2A2A2A2A2A2A2A2A2A2A2A2A2AE6
:1092E8002A2A2A2A0D0A2A20202052656E657361CF
:1092F8007320465350204578616D706C652050721C
:109308006F6A65637420666F7220726D5F77696635
:10931800695F6F6E636869705F73696C6578204D0B
:109328006F64756C6520202A0D0A2A202020457854
:10933800616D706C652050726F6A65637420566544
:109348007273696F6E202573202020202020202032
:109358002020202020202020202020202020202005
:10936800202020202020202020202A0D0A2A20200A
:1093780020466C657820536F66747761726520505B
:1093880061636B2056657273696F6E202025642EA9
:1093980025642E2564202020202020202020202025
:1093A80020202020202020202020202020202020B5
:1093B800202A0D0A2A2A2A2A2A2A2A2A2A2A2A2A4C
:1093C8002A2A2A2A2A2A2A2A2A2A2A2A2A2A2A2AF5
:1093D8002A2A2A2A2A2A2A2A2A2A2A2A2A2A2A2AE5
:1093E8002A2A2A2A2A2A2A2A2A2A2A2A2A2A2A2AD5
:1093F8002A2A2A2A2A2A0D0A526566657220746F5B
:1094080020726561646D652E7478742066696C6578
:1094180020666F72206D6F72652064657461696C77
:1094280073206F6E204578616D706C652050726F87
:109438006A65637420616E640D0A46535020557343
:1094480065722773204D616E75616C20666F72209E
:109458006D6F726520696E666F726D6174696F6E8B
:109468002061626F757420726D5F776966695F6FDE
:109478006E636869705F73696C6578206472697679
:1094880065720D0A000000000D0A546865206578B1
:10949800616D706C652070726F6A656374206465B5
:1094A8006D6F6E737472617465732074686520667D
:1094B800756E6374696F6E616C6974696573206F2A
:1094C8006620576946695F4F6E436869705F5369E4
:1094D8006C6578200D0A72756E6E696E67206F6E06
:1094E8002052656E65736173205241204D43557358
:1094F800207573696E672052656E657361732053BA
:10950800696C6578205541525420506D6F6420680D
:10951800617264776172652E200D0A546865207047
:10952800726F6A6563742067697665732075736501
:1095380072206F7074696F6E20746F20656974682B
:109548006572207363616E2057694669206E657481
:10955800776F726B73206F72206D616E75616C6CC2
:1095680079200D0A656E746572206E6574776F7266
:109578006B2063726564656E7469616C7320696ED3
:10958800204A6C696E6B525454566965776572202F
:10959800616E6420636F6E6E6563742E2054686517
:1095A8006E20697420706572666F726D73200D0A83
:1095B80070696E67206F7065726174696F6E206F75
:1095C8006E207573657220656E74657265642055CA
:1095D800524C206F72204950206164647265737325
:1095E8002E20204966207375636365737366756CF6
:1095F8002C200D0A2750696E6720537563636573C5
:109608007366756C276D6573736167652070726921
:109618006E746564206F6E204A6C696E6B52545488
:109628005669657765722E205468652070726F6A76
:1096380065637420616C736F200D0A64656D6F6ECD
:10964800737472617465732054435020736F636B35
:109658006574206F7065726174696F6E7320696ECE
:1096680020636C69656E74206D6F64652E20497483
:1096780020747269657320636F6E6E656374696EBA
:109688006720746F200D0A746865207573657220F1
:10969800656E7465726564205443502073657276F4
:1096A8006572204950206164647265737320616E2D
:1096B8006420706F7274206E756D6265722E204919
:1096C80074206973206578706563746564200D0A79
:1096D800746861742054435020736F636B65742001
:1096E800696E20736572766572206D6F6465207788
:1096F8006F756C642062652072756E6E696E672086
:109708006F6E207573657220504320616E64206C03
:10971800697374656E696E67200D0A6F6E2061202B
:109728006672656520706F7274206265666F726517
:109738002074686520455020747269657320746FC1
:1097480020636F6E6E6563742E204F6E63652063B1
:109758006F6E6E656374656420746F20746865202D
:10976800544350200D0A7365727665722C20746814
:109778006520757365722073686F756C64207365F6
:109788006E6420276F6E27206F7220276F6666270A
:10979800206D6573736167652066726F6D207468EC
:1097A80065207365727665722E200D0A42617365B5
:1097B80064206F6E20746865206D657373616765DA
:1097C8002C206F6E2D626F61726420757365722034
:1097D8004C454420776F756C64207475726E206FE9
:1097E8006E2F6F666620616E6420746865207361F1
:1097F8006D65200D0A776F756C6420626520646959
:1098080073706C61796564206F6E204A6C696E6B49
:109818005254545669657765722E20496620616EE8
:1098280020696E76616C6964206D65737361676524
:109838002069732072656365697665642C200D0A5A
:109848007468656E2070726576696F7573204C4513
:109858004420737461746520776F756C6420626549
:10986800206D61696E7461696E65642E204166744D
:10987800657220726563656976696E67206D6573C8
:1098880073616765732066726F6D200D0A74686571
:10989800207365727665722C20617070726F7072B9
:1098A800696174652061636B6E6F776C6564676D61
:1098B800656E7420206D65737361676573206172CE
:1098C800652073656E7420746F20746865207365F5
:1098D800727665722E0D0A000D0A2A2A20726D5FB3
:1098E800776966695F6F6E636869705F73696C65D5
:1098F800785F6F70656E2041504920666F722072E4
:109908006D5F776966695F6F6E636869705F7369B9
:109918006C6578206661696C6564202A2A0D0A00E6
:109928000D0A4D656E753A000D0A50726573732005
:109938003120746F207363616E20666F72205769DF
:1099480046692041636365737320506F696E747351
:10995800000000000D0A5072657373203220746F86
:1099680020656E7465722057694669204163636596
:10997800737320506F696E74277320637265646512
:109988006E7469616C7300000D0A5769466920415D
:10999800636365737320506F696E74207363616EBF
:1099A8006E696E67206661696C65642E2052657405
:1099B80072792E000D0A4966206D756C7469706C99
:1099C80065206661696C757265732C20706C6561C1
:1099D800736520656E746572205769466920415029
:1099E8002063726564656E7469616C732E0D0A007C
:1099F8000D0A436F6E6E656374696E6720746F201D
:109A0800257300000D0A496E636F727265637420D6
:109A180041636365737320506F696E742063726568
:109A280064656E7469616C7320656E7465726564D3
:109A38002E2054727920616761696E2E0D0A00002C
:109A48000D0A496E76616C696420496E7075742ED2
:109A58000D0A00000D0A5769466920636F6E6E652E
:109A6800637465642E0D0A000D0A57694669206EF5
:109A78006F7420636F6E6E65637465642E000000FA
:109A88000D0A2A2A20726D5F776966695F6F6E63B7
:109A98006869705F73696C65785F69705F61646439
:109AA800725F6765742041504920666F7220726D3D
:109AB8005F776966695F6F6E636869705F73696C09
:109AC8006578206661696C6564202A2A0D0A0000A1
:109AD8000D0A4D43552049502061646472657373C3
:109AE8003A2025642E25642E25642E25640D0A004F
:109AF8000D0A456E74657220746865204950206FA0
:109B0800722055524C20746F2070696E673A0D0AA6
:109B1800000000000D0A50696E67696E672E2050BC
:109B28006C6561736520776169742E2E2E0D0A00AD
:109B38000D0A444E53206C6F6F6B75702066616917
:109B48006C65642E20436865636B2049502F55521D
:109B58004C20656E74657265642E0D0A0000000065
:109B68000D0A4661696C6564206D6178696D756D73
:109B780020726574727920636F756E7420666F72D7
:109B880020444E53206C6F6F6B75702E2052657396
:109B98006574204D43552E0D0A0000000D0A5069CA
:109BA8006E67205375636365737366756C20746F95
:109BB8002025735B25642E25642E25642E25645D7F
:109BC8000D0A00000D0A537461727420544350202A
:109BD80073657276657220696E20504320616E64E9
:109BE800207374617274206C697374656E696E6732
:109BF8002E0000000D0A53756767657374696F6EF0
:109C08003A205443502073657276657220696E203D
:109C180050432073686F756C64206C697374656E4B
:109C2800206174206120706F7274206E756D62659A
:109C3800722067726561746572207468616E203184
:109C4800303030302E0000001B5B313B33336D0D5C
:109C58000A4E6F74653A2049662054435020736554
:109C680072766572206E6F742073746172746564A5
:109C7800206265666F7265204D4355207472696570
:109C88007320746F20636F6E6E6563742C20746824
:109C9800656E206170706C69636174696F6E20779E
:109CA8006F756C64206661696C2E0D0A1B5B306DE4
:109CB800000000000D0A50696E6720556E737563C9
:109CC8006365737366756C2E0D0A00000D0A466194
:109CD800696C6564206D6178696D756D2072657455
:109CE800727920636F756E7420666F722070696E6A
:109CF80067206F7065726174696F6E2E205265738C
:109D08006574204D43552E0D0A0000000D0A4E655E
:109D180074776F726B20646576696365206D61790D
:109D2800206265206F66662D6C696E65206F7220F3
:109D3800696E76616C69642055524C2F49502061D8
:109D48006464726573732E20547279206167616947
:109D58006E206F7220656E74657220646966666530
:109D680072656E742055524C2F49502E0D0A000012
:109D78000D0A54435020736F636B657420637265DA
:109D880061746520696E20636C69656E74206D6FFF
:109D98006465206661696C65642E00000D0A43687D
:109DA80065636B206E6574776F726B20636F6E6E80
:109DB80065637469766974792E0000000D0A54434E
:109DC8005020536F636B65742063726561746564BA
:109DD80020696E20636C69656E74206D6F64652000
:109DE8006F6E204D43552E0D0A0000000D0A456E7A
:109DF80074657220544350207365727665722049E9
:109E080050206164647265737320746F20636F6E91
:109E18006E6563743A0D0A000D0A56616C696461D7
:109E280074696E672054435020736572766572209A
:109E3800495020616464726573732E20506C6561AB
:109E4800736520776169742E2E2E0D0A00000000BC
:109E58000D0A444E53206C6F6F6B757020666169F4
:109E68006C65642E20436865636B205443502073EF
:109E780065727665722049502061646472657373F7
:109E880020656E74657265642E0D0A000D0A5069AE
:109E98006E67696E672054435020736572766572E9
:109EA800204950206164647265737320746F207652
:109EB800616C69646174652E20506C6561736520FE
:109EC800776169742E2E2E0D0A0000000D0A456E6A
:109ED80074657220544350207365727665722070E1
:109EE8006F7274206E756D62657220746F20636F77
:109EF8006E6E6563743A00000D0A4E6F74653A2001
:109F0800506C656173652067697665206672656562
:109F180020706F7274206E756D6265722C206F747C
:109F2800686572776973652054435020636F6E6E5D
:109F380065637420776F756C64206661696C206155
:109F48006E64206170706C69636174696F6E2077EC
:109F58006F756C6420616C736F206661696C2E0D7F
:109F68000A0000000D0A4661696C6564206D61781D
:109F7800696D756D20726574727920636F756E7482
:109F880020666F722070696E67696E6720746F2033
:109F98002273657276657220495020616464726527
:109FA80073733A20257322202E205265736574201E
:109FB8004D43552E0D0A00000D0A54435020736579
:109FC80072766572206D6179206265206F66662DF4
:109FD8006C696E65206F7220696E76616C696420A9
:109FE8007365727665722049502061646472657386
:109FF800732E20506C6561736520636865636B21FF
:10A0080021210D0A000000000D0A436F6E6E656382
:10A0180074696F6E206661696C65642E200D0A4351
:10A028006865636B205443502073657276657220AF
:10A0380073657474696E677320616E64206E6574ED
:10A04800776F726B20636F6E6E656374697669747F
:10A05800792E0D0A000000000D0A54435020736F3A
:10A06800636B657420636F6E6E65637465642E0D33
:10A078000A00000048656C6C6F0000000D0A53650B
:10A088006E64696E673A2025730000000D0A436804
:10A0980065636B2054435020736572766572207334
:10A0A800657474696E677320616E64206E65747779
:10A0B8006F726B20636F6E6E65637469766974790D
:10A0C8002E0000000D0A53656E6420276F6E27204E
:10A0D8006F7220276F666627206D657373616765E9
:10A0E8002066726F6D207365727665722E0D0A0098
:10A0F8000D0A57616974696E6720666F72206D6515
:10A1080073736167652066726F6D2073657276651B
:10A11800722E2E2E0D0A00000D0A526563656976AF
:10A1280065643A20257300000D0A55736572204C4A
:10A138004544204F4E2E0D0A0000000053756363FE
:10A14800657373000D0A436F6E6E656374696F6E95
:10A15800206661696C7572652E0D0A5265736574A7
:10A16800204D43552E0D0A006F6666000D0A557383
:10A178006572204C4544204F46462E0D0A000000CB
:10A188000D0A496E76616C6964206D657373616749
:10A19800652E2053656E6420276F6E27206F72200E
:10A1A800276F6666270D0A00496E76616C69640040
:10A1B8000D0A57694669206578616D706C65207075
:10A1C800726F6A6563742065786974696E672E209A
:10A1D800526573657420746865204D43552E0D0AC9
:10A1E80000000000302E302E302E30003131353254
:10A1F8003030000057694669205468726561640010
:10A2080041540D004154423D000000002C2C2C2CE0
:10A2180000000000680D00006E0D0000415445303C
:10A228000D000000415456300D00000041545541C6
:10A2380052543D320D0000004154554152543D32B4
:10A248002C310D004154533130383F0D00000000CF
:10A258004154533130383D310D00000041545331E1
:10A26800323D310D0000000041544253495A453DEA
:10A27800313432300D000000415457440D000000C5
:10A2880041544E444843503D310D00004154544F11
:10A298003D310D002B2B2B0041544E50494E473D6C
:10A2A80025642E25642E25642E25640D00000000EB
:10A2B80041544E5345543F0D0000000049503A2583
:10A2C800752E25752E25752E25752C0041544E4466
:10A2D8004E5351554552593D0000000025730D005D
:10A2E80025750D0A25752E25752E25752E25750DB6
:10A2F8000A00000041544E534F434B494E444558C1
:10A308003D25640D0000000041544E435544503D26
:10A318000000000025642E25642E25642E25642C5B
:10A3280025640D0041544E535544503D0000000033
:10A3380025640D0041544E435443503D0000000035
:10A3480041544E534F434B3D25752C25750D000048
:10A35800415457413D000000415457415750413D39
:10A36800000000002C000000312C0000322C0000FE
:10A37800312C312C0000000041544E5345543D3FD0
:10A388000D00000049503A25642E25642E25642EC0
:10A3980025642C204D61736B3A25642E25642E2587
:10A3A800642E25642C20476174657761793A2564A9
:10A3B8002E25642E25642E25640D0A00415457531A
:10A3C8000D0000000D0A0D0A000000007373696497
:10A3D800203D00006273736964203D2025783A258A
:10A3E800783A25783A25783A25783A25780D000084
:10A3F8006368616E6E656C203D2025640D00000069
:10A40800696E64696361746F72203D2025640D0074
:10A418007365637572697479203D204E4F4E4521EE
:10A428000000000052534E2F5750413200000000E8
:10A43800546D725100000000546D72205376630011
:10A44800000000000000545452205245474745532D
:10A458000000000000000000303132333435363758
:10A468003839414243444546776966695F6465699E
:10A478006E6974006E6574776F726B5F636F6E6E72
:10A4880065637469766974795F636865636B0000F6
:10A498007463705F726563765F6461746100000065
:10A4A8007463705F73656E645F646174610000005B
:10A4B8007463705F736F636B65745F636F6E6E65F3
:10A4C800637400007463705F736F636B65745F63BC
:10A4D800726561746500000070696E6700000000B5
:10A4E800646E735F71756572790000006D616E75D9
:10A4F800616C5F636F6E6E65637400007363616E99
:10A508005F616E645F73656C656374007769666923
:10A518005F7468726561645F656E747279000000CB
:10A52800603A0022D4A50002A4AB0002010000009A
:10A53800010000000908000064A5000200000000F6
:10A5480000000000ECA10002000000000000000074
:10A55800000000000000000000000000683A00222F
:10A5680070A5000244AB0002020200000C000C01BE
:10A578000C020C03BCA50002A4A500025919000294
:10A588000000000090A50002000100001400002255
:10A598000F00FFFF00000001010000009C3A0022AC
:10A5A800B0A50002D8AB000218000022B8A500022E
:10A5B80001000000A43A0022C8A50002D8AB00029E
:10A5C80028000022D0A50002000000009200000030
:10A5D800E0A500020000000000800000020000006A
:10A5E800008000000300000000800000040000005C
:10A5F8000080000005000000008000000700000047
:10A60800008000000B000000008000000E00000029
:10A61800008000000F0000000000011C0001000085
:10A628000000011C010100000000011C02010000E3
:10A638000000011C030100000000011C04010000CF
:10A648000000011C050100000000011C06010000BB
:10A658000400000007010000000C010B0C010000C1
:10A66800000C010B0D010000000C010B0E01000095
:10A67800000C010B0F0100000000011F0602000082
:10A688000000011907020000000001000802000094
:10A698000000010009020000000001000A02000099
:10A6A800000001000B020000000C010B0003000079
:10A6B800000C010B01030000000C010B0203000059
:10A6C800000C010B03030000000C010B0403000045
:10A6D800000C010B05030000000C010B0603000031
:10A6E800000C010B07030000000C010B080300001D
:10A6F800000C010B09030000000C010B0A03000009
:10A70800000C010B0B030000000C010B0C030000F4
:10A718000000010F00040000000001170104000000
:10A7280000000117020400000000011703040000E4
:10A7380000000117050400000000011706040000CE
:10A7480000000113070400000000010508040000D0
:10A758000004010509040000000401060A040000C1
:10A76800000401060B040000000001060C040000B0
:10A77800000401060D040000040000000E0400009F
:10A788000000010F0F040000000001130005000085
:10A79800000001130105000000000000040500008E
:10A7A800000000000505000000000000060500008C
:10A7B8000400000007050000000401070B05000065
:10A7C800000401070C050000000001190D05000038
:10A7D800000001190E050000000001190F05000016
:10A7E8000400000000060000000C010B0106000038
:10A7F800000C010B02060000000C010B0306000010
:10A80800000C010B04060000000C010B05060000FB
:10A81800000C010B06060000000C010B07060000E7
:10A82800000C010B09060000000C010B0A060000D1
:10A83800000C010B0B060000000C010B0C060000BD
:10A84800000C010B0D060000000C010B0E060000A9
:10A85800000C010B0F0600000000011700070000A4
:10A86800000001170107000000000117020700009F
:10A87800000001170307000000000117040700008B
:10A88800000001170507000004000000060700008B
:10A8980000000119070700000000010F0807000069
:10A8A8000000010F090700000000010F0A0700005F
:10A8B800000001190B070000000001190C07000037
:10A8C800000001190D070000000001190E07000023
:10A8D800000001190F0700000000011C000800001B
:10A8E8000000011C010800000000011C0208000013
:10A8F8000000011C030800000000011C04080000FF
:10A9080000000119050800000000011906080000F0
:10A9180000000119070800000000011C08080000D9
:10A928000400000009080000000000000A080000F8
:10A93800000000000B080000040000000D080000E3
:10A94800000001130E080000000001130F080000AA
:10A9580000000119020900000000011903090000A4
:10A968000000011904090000000C010B0509000092
:10A97800000C010B06090000000000000709000098
:10A98800000C010B08090000000C010B090900006C
:10A99800000001190A090000000001190B09000054
:10A9A800000001190C090000000001190D09000040
:10A9B800000001190E090000000001190F0900002C
:10A9C8000000010B000A000000000000010A00005E
:10A9D80000000104020A000000000104030A00004C
:10A9E80000000000060A000000000000070A00003E
:10A9F8000000010B080A00000000010B090A000012
:10AA08000000010B0A0A0000000000000B0A000009
:10AA1800040000000D0A0000000001050E0A0000F5
:10AA2800000001050F0A000000000119000B0000DA
:10AA380000000119010B000000000119020B0000C1
:10AA480000000119030B000000000119040B0000AD
:10AA580000000119050B000000000119060B000099
:10AA680000000119070B00003201330134013501E0
:10AA780000000000000000003CAB0002E8AA000251
:10AA880030AB0002E4AA000228AB0002E0AA0002F0
:10AA980018AB0002DCAA000210AB0002D8AA000220
:10AAA800C8AA0002C8AA000200AB0002D4AA000289
:10AAB800F8AA0002D0AA0002ECAA0002CCAA00025E
:10AAC80000000000380D0000370D0000360D0000B2
:10AAD800340D0000330D0000320D0000310D000070
:10AAE800300D00004E4F5F414E535745520D0A003E
:10AAF800425553590D0A00004E4F5F4449414C548A
:10AB08004F4E450D0A0000004552524F520D0A00A3
:10AB18004E4F5F434152524945520D0A0000000012
:10AB280052494E470D0A0000434F4E4E4543540DBF
:10AB38000A0000004F4B0D0A00000000193C0002FB
:10AB4800C93A0002ED380002C93B0002A5370002ED
:10AB5800E5370002B9360002A1390002893800023F
:10AB6800ED360002C53A0002060008001000180081
:10AB78002000400060008000000180010002000405
:10AB8800000800000403010C00091408111C101926
:10AB9800180000000204030404040000114A000223
:10ABA80005450002494A00029D4800028D470002FF
:10ABB8003D48000211460002B94600020147000262
:10ABC8004D470002ED47000245460002714600026B
:10ABD800894C0002C94B0002054E00023D4B0002A1
:10ABE800654D0002754A0002794A0002594B00027D
:10ABF800A14D00027D4A0002814A000208000000BF
:10AC080024AD00020F00000034AC00020300000075
:10AC18001CAC000200000068000000680000008012
:10AC280000000080A0000022A000002200000068B0
:10AC380000000068000000900001090D0000006895
:10AC480000000068000000270001020D00000068F5
:10AC580000000068500000020001010D00000080A3
:10AC6800000000800000009000010908000000803A
:10AC7800000000800000002700010208000000809A
:10AC880000000080500000020001010800000000E0
:10AC9800000000000000009001010905000000000C
:10ACA800000000000000002701000205000000006D
:10ACB8000000000050000002010001050000002013
:10ACC800000000200000009001010904000000209D
:10ACD80000000020000000270100020400000020FE
:10ACE80000000020500000020100010410000022B2
:10ACF800100000220000009000010903100000224B
:10AD080010000022000000270000020310000022AB
:10AD180088000022500000020000010300000068C3
:10AD2800000000680001000D0000006800000068D5
:10AD38000001000D000000800000008000010008F4
:10AD480000000080000000800001000800000000F2
:10AD580000000000010000050000002000000020A5
:10AD68000100000488000022A00000220000000367
:10AD7800D03000229CC30022000000030100020022
:10AD8800080010002000000004000000002020201F
:10AD98002020202020202828282828202020202083
:10ADA8002020202020202020202020202088101053
:10ADB80010101010101010101010101010040404AF
:10ADC800040404040404041010101010101041416D
:10ADD800414141410101010101010101010101015B
:10ADE800010101010101010110101010101042426F
:10ADF800424242420202020202020202020202022B
:10AE080002020202020202021010101020000000CA
:10AE1800000000000000000000000000000000002A
:10AE2800000000000000000000000000000000001A
:10AE3800000000000000000000000000000000000A
:10AE480000000000000000000000000000000000FA
:10AE580000000000000000000000000000000000EA
:10AE680000000000000000000000000000000000DA
:10AE780000000000000000000000000000000000CA
:10AE880000000000000000000000000000232D303A
:10AE98002B2000686C4C00656667454647003031DA
:10AEA8003233343536373839414243444546003029
:10AEB8003132333435363738396162636465660058
:10AEC800412D46612D6638393031323334353637C5
:10AED8005D002B2D0030300078580000DAAE0002FB
:10AEE800DDAE0002E0AE00024275696C742077693D
:10AEF80074682052656E6573617320416476616E73
:10AF080063656420466C657869626C6520536F667A
:10AF18007477617265205061636B6167652076653F
:10AF28007273696F6E20362E352E3000362E352E10
:08AF38003000000000000506D6
:04AF4000F8B500BFA1
:04AF4400F8B500BF9D
:04AF480035010002CD
:04AF4C000D010002F1
:08AF500048C6FF7F010000006C
:020000040300F7
:04A10000FFFFFFFF5F
:04A10400FFFFFFFF5B
:04A20000FFFFFFFD60
:04A2800000000000DA
:04000005020053851D
:00000001FF
