:020000040200F8
:1000000040620122394C0202E94A0202434C0202D8
:10001000434C0202434C0202434C0202434C020294
:10002000000000000000000000000000434C02023D
:10003000434C020200000000434C0202434C020207
:100040002F400202578100028B810002BB81000217
:10005000DD810002FF81000233820002558200022E
:10006000C1090002E90800026F0900021708000236
:10007000102B01AD1201000202000040000002003E
:100080000002010206010A06000200000040010011
:1000900009004300020100C005090400000102023A
:1000A00001000524001001042402020524060001B9
:1000B0000524010301070583031000100904010052
:1000C000020A000000070581024000000705020245
:1000D0004000000009004300020100C005090400BF
:1000E000000102020100052400100104240202059F
:1000F00024060001052401030107058303100010F5
:1001000009040100020A0000000705810200020044
:100110000705020200020000040309041003520054
:1001200045004E0045005300410053002C0343009E
:1001300044004300200055005300420020004400CA
:1001400065006D006F006E00730074007200610046
:10015000740069006F006E002E0343006F006D0095
:100160006D0075006E006900630061007400690035
:100170006F006E0073002000440065007600690087
:100180006300650073001603460075006C006C0088
:100190002D005300700065006500640012034800E4
:1001A00069002D00530070006500650064001C03A9
:1001B00030003000300030003000300030003000BF
:1001C000300030003000300031000000A800002274
:1001D000AC000022BC000022E80000221601002230
:1001E0002C0100223E010022841D0402081E04028C
:1001F00000000000AB6E00020D6F00020000000066
:100200000D6F0002AB6E00020D6F000200000000D7
:100210000D6F000200000000000000000000000060
:1002200000000000000000000000000000000000CE
:1002300000000000000000000000000000000000BE
:1002400000000000000000000000000000000000AE
:10025000000000000000000000000000000000009E
:10026000000000000000000000000000000000008E
:10027000000000000000000000000000000000007E
:10028000000000000000000000000000000000006E
:0E02900000000000A12000000000020000009D
:1002A0002DE9F0410D46097848F200020446C4F2F7
:1002B000350202EB0120206200202070E561A27867
:1002C00069696162A969C4E90A0122F00300D5F8ED
:1002D0001C80411CA170697811B940F00200A07027
:1002E000A97A95F90B20204600F0ADFB297995F904
:1002F0000520204600F0A7FBA97995F907202046A4
:1003000000F0A1FB297A95F90920204600F09BFB1B
:100310000120EFF3108780F310884FF00041287818
:1003200021FA00F043F20401C4F220010A6822EA33
:100330000000086008681E20012124F092FB87F36A
:1003400010884FF48061206A4FF480428160E86930
:10035000E9786F78437802EA8131067867F30921FA
:10036000DA03437B92B206F0030703F00103114462
:1003700041EA4352236A42EA0762416802F5805229
:100380005A61027802F0FE03022B07D14FF6047186
:10039000022ACFF6007108BF203100E00968226A06
:1003A00011610C22017BAB78877862F39F014FF4D7
:1003B0004072022B08BF4FF48072002B07F001033C
:1003C000276A18BF114341EA0371F960226A0021CC
:1003D00091612A78092A04D8226A0023C1F61F7382
:1003E0005362B0F80F20807B236A40EA022041F676
:1003F0000172C0F21F0210401863C4E90311206AA1
:100400001022C4E90511C9F60752B8F80A10218173
:100410008266E06990F905304CF20030C4F20000C9
:100420005F0903F01F0650F8231021F4803140F8D3
:10043000231050F823104EF200110123CEF20001D8
:1004400003FA06F601F5C072BFF35F8F42F827602A
:1004500041F82760E76997F90B7050F8276026F498
:10046000803640F8276050F827607E0907F01F07A4
:10047000BFF35F8F03FA07F742F8267041F8267042
:10048000E76997F9077050F8276026F4803640F83E
:10049000276050F827607E0907F01F07BFF35F8FC2
:1004A00003FA07F742F8267041F82670E76997F9D2
:1004B000097050F8276026F4803640F8276050F81D
:1004C0002700780907F01F07BFF35F8FBB4042F892
:1004D000203041F8203040F21141206AC0F2010181
:1004E0008160206A00BF00BF017FC907FCD044F6CD
:1004F00042110020C5F243316160BDE8F081D4D4DF
:10050000D0F820C0DCF8083023F44013CCF80830D1
:10051000D0F820C000BF00BFDCF848305B00FBD53E
:10052000DCF8083023F01003CCF80830D0F820C0F5
:100530009CF81C30DB06FBD4C0E903120020DCF879
:10054000081041F01011CCF808107047026A4FF6FD
:10055000EE73CFF6CE73D2F808C003EA0C039360B3
:10056000026A0023C36009681161016A00202CF44B
:1005700040128A607047D4D4B0B544F642110446A4
:10058000C5F24331406888426AD1206A816821F40B
:1005900040118160206A816821F010018160206A29
:1005A000017FC906FCD4E0694EF28011CEF2000151
:1005B00090F90700430900F01F02012000FA02F23F
:1005C00041F82320BFF34F8FBFF36F8FE26992F999
:1005D0000920530902F01F0200FA02F241F8232019
:1005E000BFF34F8FBFF36F8F226A936823F480337A
:1005F0009360E26992F90520530902F01F0200FAA4
:1006000002F241F82320BFF34F8FBFF36F8FE269EF
:1006100092F90B20530902F01F0200FA02F241F88E
:10062000232043F20401BFF34F8FBFF36F8FEFF32B
:10063000108580F31088E069C4F220014FF0004279
:1006400000780B6822FA00F01843086008681E2042
:10065000012124F006FA85F3108800206060B0BD07
:100660000720B0BDD4D4D4D42DE9F04F8BB0FF25F2
:100670001C46C0F2FE051B6803EA05074EF2540350
:10068000C4F2010347F0004747F47F4727601F7813
:100690000E460192049007F00F07022F03D80120A5
:1006A00000FA07F70EE0F81E052806D24DF6E461C1
:1006B000C0F2032151F8207004E0A7F108001021D6
:1006C00001FA00F7587848F2A068C0F2010800F07B
:1006D0000F0024F06BF90199414580F29880B0FB3E
:1006E000F7F003904FF0000B010A0691A0FB080100
:1006F000CDE90910012105F57F4008900020059003
:100700000027029100BF00BF40F24B200599F8403E
:1007100000F00100814210D14DF6CA600499C0F288
:10072000032030F8170001FB00FA0398B0FBFAF938
:10073000B9F5807F98BF824503D901370D2FE3D1EA
:1007400052E04DF6BC607022C0F20320C05DC0F3E1
:10075000C10102EA001040EA0150079000BF00BF4B
:1007600009FB0AF5DDE90910EB172A463BF094FD79
:1007700076B10699B5FBF1F1C9B28029DDD34843C2
:10078000C21700EB1260001203E000BF00BF00BF01
:10079000002147F6601248F2A063CFF6FE72C0F265
:1007A00001031218A9F1010948BF1A1A42450DDACE
:1007B0004FEA09208F25236880B2CFF6CF758B468C
:1007C0002B40079D2843904618432060002EB4D04C
:1007D000206808990840B9F1000F40EA0B6040F426
:1007E00080302060BCD1A8E70198012105910299D1
:1007F00080455FEADF9001424FF000004FF00001BA
:100800007FF47EAF01998845C8BF032000E0002037
:100810000BB0BDE8F08F4FF07041EFF3038001EBB8
:1008200000604CF200318015C4F20001425822F4FD
:10083000803242504DF690324158C2F20122105897
:10084000C16909690029016918D1C1B1817801F034
:1008500003010229C16805D10988026A21F4DC413B
:10086000516002E0026A097811718178C36801F071
:1008700003020169891A01611A44C26071B9016AEF
:1008800002238A6863F315528A60416A00294FF097
:100890000001C16002D0802200F001B870472DE94C
:1008A000F04385B08146806A0DF1040830B10546F9
:1008B000C44695E8D8008CE8D80000E04046D9F856
:1008C0001C301B78816003600271D9F82C10C16064
:1008D000D9F824108847D9F8280010B198E88E007C
:1008E0008EC005B0BDE8F08310B582B04FF0704106
:1008F000EFF3038001EB00604CF200318015C4F28D
:100900000001425822F4803242504DF69032415854
:10091000C2F201221458A07800F00302206A022AD1
:1009200003D101686FF35F2100E00178A0690191B4
:1009300090B1606901A93BF0D6FDA078D4E9051219
:1009400000F003000144101AC4E905100DD1606ADB
:1009500058B10021012202E0606A30B10422204631
:1009600002B0BDE81040FFF79ABF02B010BD10B54D
:100970004FF07041EFF3038001EB00614DF69032D0
:100980008815C2F201224FF6EF741058CFF6CF74DB
:10099000026A936823409360426A0C161AB10021E0
:1009A0000222FFF77CFF4CF20030C4F2000050F846
:1009B000241021F4803140F8241050F8240010BD98
:1009C0004FF07041EFF3038001EB006C4DF6903176
:1009D0004FEAAC50C2F2012108588178036A01F055
:1009E0000301022903D119686FF35F2100E0197830
:1009F00070B59A6C20244FF0080E04EAD2441026F9
:100A00000EEA126516EA126204EB0506324403D0C0
:100A10009E6C360458BF40329E6E4FEA2C6446F0FE
:100A2000C8569E66436A0BB1FFF739FF4CF200309F
:100A3000C4F2000050F8241021F4803140F8241052
:100A400050F8240070BD10B54EF2801C4FEA521EC3
:100A5000CEF2000C02F01F030124002A04FA03F373
:100A60004CF82E304CF200334FEA0111BFF34F8F98
:100A7000C4F20003BFF36F8F53F8224024F4803494
:100A800043F8224053F8223004D40CEB020383F8DD
:100A9000801206E04EF6145402F00F03CEF200046A
:100AA00019554DF69031C2F2012141F8220010BDD6
:100AB0004DF60C710268C0F2032109788A4243D1D5
:100AC000017904290AD002293ED146F2A020C2F2BF
:100AD0000120017841F002010170704746F2A12126
:100AE000C2F20121097879B346F2A421C2F20121B0
:100AF0000A6880683F2A0FD80A68531C0B6046F2C8
:100B0000A823C2F20123985446F2A022C2F2012285
:100B1000137843F004031370C0B208280DD00D28D9
:100B200018BF0A2810D1086870B146F2A020C2F29E
:100B30000120017841F00101CEE70868022838BFA2
:100B4000704708680138086070474DF68C31EFF344
:100B50001082C2F20121012080F310880868002869
:100B600040F64830C4F2400005D1002380F8CC3173
:100B7000402380F8CC310B6801330B6040F6004312
:100B800082F31088C0F20143436003600123EFF356
:100B9000108283F310880B6813B10B68013B0B6064
:100BA000096829B9002180F8CC11802180F8CC1186
:100BB00010B546F270204DF60C7182F31088C2F227
:100BC0000120C0F20321FFF76BFB00B110BD4DF611
:100BD000F8600021C0F203204FF47A6244684FF4B9
:100BE000E1302346FFF740FD0028EFD146F27020A8
:100BF0002146C2F20120FFF7A9FC002818BF10BD52
:100C000046F2A1200121C2F201200170002010BD96
:100C100046F27020C2F20120406828B146F27020EE
:100C2000C2F20120FFF7A8BC7047D4D4D4D4D4D4E6
:100C300083B0B0B581B0044605A80EC046F2E820E6
:100C400005AAC2F20120214600923CF005FB0028D3
:100C500029D446F2E820C2F201203BF081FC20B307
:100C600046F2A0250446C2F2012546F2E821C2F26E
:100C700001212246287800F0FD00287046F27020FD
:100C8000C2F20120FFF73CFC90B90020A0EB041455
:100C9000287880070BD45620012123F0E2FE01348E
:100CA000F6D3142004E0032002E0172000E0002027
:100CB00001B0BDE8B04003B0704770B546F2A12561
:100CC0000C46C2F2012546F2A426012CC2F20126EE
:100CD0004FF0000129700DD1316859B1316846F2E9
:100CE000A822013931603168C2F201220124515C2D
:100CF000017016E03168A14246F2A82138BF34687D
:100D0000C2F2012122463BF0EEFB46F2A020C2F2E5
:100D10000120017801F0FA0101700020306001200B
:100D20002870204670BD46F2A020C2F20120007853
:100D300000F00100704700F00FB8022818BF70479C
:100D400046F6FC2042F2F021C2F20120C0F204215A
:100D500022F09EBDD4D4D4D430B4ADF5AA5D84B015
:100D6000002005908DF81300FFF7EFFE00B100BEE4
:100D700005A823F06AFE9DF816309DF8172040F272
:100D80000C104EF671619DF81570C0F20420C0F28F
:100D900003210097FFF74CFF4EF25F00C0F20320E3
:100DA000FFF746FF46F6C83041F61461C2F2012053
:100DB000C0F2042105F046FFC0B1044640F6CF3032
:100DC0004FF24B414EF64542C0F20420C0F20321DF
:100DD000C0F20322FFF72CFF40F2B9402146C0F2D7
:100DE0000420FFF725FFFFF713FF00BE0DF11300EE
:100DF00003F037FE4FF2C361C0F2032100F0C9FADD
:100E000028F0F3FE41F63521C0F2042100F0C1FACA
:100E100040F68500C0F20420FFF70AFF40F2D944F3
:100E200005A8C0F2042407AD4FF0FF3A00F58F5932
:100E300000F5A75B00BF00BF2046FFF7F9FE00BF2B
:100E4000FFF771FF08B92FF005C8412128463BF094
:100E500046FB41212846FFF730FF28463CF083FE41
:100E60005AFA80F0042800F28080DFE800F0037274
:100E70005C670F004FF40070002101F076F84FF628
:100E80004761C0F2032100F084FAD5E70DF5805EDA
:100E900000271821AEF84E750DF10C0E0EF5A9586D
:100EA0000DF1100E0EF5A9563046C8F81C703BF037
:100EB00016FB0DF1140E18210EF5A850C8F800709D
:100EC0003BF00DFB40F63340CDF8D07EC0F204205D
:100ED000FFF7AEFE4EF68F40C0F20320FFF7A8FEEC
:100EE00040F61630C0F20420FFF7A2FE00214FF4B6
:100EF00000720023304600F0DDFF0DF1080E304691
:100F00000EF5AA5128F074FDB0B3064640F6CF3076
:100F100041F258714FF25F42C0F20420C0F2042146
:100F2000C0F203222BE14120002100F0D4FA40F668
:100F3000ED31C0F2042100F02CFA7DE741200021C0
:100F400000F0ECFC40F60E41C0F2042100F021FA62
:100F500072E74FF40070002101F0C3F940F6F1216F
:100F6000C0F2042100F015FA66E741F21D60C0F2FC
:100F70000420FFF75DFE5FE741F24460C0F2042009
:100F8000FFF756FE4FF29D50C0F20320FFF750FED0
:100F9000D8F81C004FF448720DF6D4610DF56D635E
:100FA00027F07FFD68B1064640F6CF3041F2587118
:100FB0004FF62D42C0F20420C0F20421C0F20322F9
:100FC000DDE041F26210DDF8D01EC0F20420FFF730
:100FD0002FFE41F28620C0F20420FFF729FE4FF2D7
:100FE0003220C0F20320FFF723FE00BF00BF00BF86
:100FF00001F093FC08B100BFFAE7DDF8D01E0DF652
:10100000D46001F0A0FC68B1064640F6CF3041F252
:10101000587140F67042C0F20420C0F20421C0F2C0
:101020000422ACE04FF65A40C0F20320FFF700FE66
:101030000DF10E0E02210EF5AA5001F0F6FC68B17A
:10104000064640F6CF3041F2587141F64C22C0F2CC
:101050000420C0F20421C0F2042290E00DF5805E6D
:101060004F46BEF84E0590FA90F84846414601F0CA
:10107000DCFC68B1064640F6CF3041F2587141F2CF
:101080007F62C0F20420C0F20421C0F2042276E0A4
:1010900040F6FF104146C0F20420FFF7C9FD0DF1F4
:1010A000140E02210EF5A85600220023304600F04F
:1010B00001FF0DF10C0E40F200210EF5A9584FF47E
:1010C0004073C0F600413A46D8F81C00CDE90068EC
:1010D00028F0FFFC68B1064640F6CF3041F2587167
:1010E00040F20602C0F20420C0F20421C0F2042241
:1010F00045E0D8F80000202259460DF56D635F46A3
:1011000027F011FC68B1064640F6CF3041F2587125
:101110004FF29042C0F20420C0F20421C0F2032238
:101120002DE02021384601F00EFC68B1064640F65D
:10113000CF3041F2587141F29D12C0F20420C0F24A
:101140000421C0F204221AE040F23C30C0F2042034
:10115000FFF76EFD0DF10E0E01210EF5AA5001F004
:10116000C3FBB0B1064640F6CF3041F2587140F6AD
:10117000B002C0F20420C0F20421C0F20422FFF742
:1011800057FD4EF675613046C0F2032100F001F9BB
:1011900052E60DF5805090F84E05012831D14FF6FA
:1011A0009140C0F20320FFF743FD0DF6B46618210D
:1011B00030460027CDF8CC7E3BF091F94FF2E1604C
:1011C000CDF89079C0F203200697FFF731FD00219A
:1011D0002C220023304600F03BF930460DF6CC615E
:1011E00028F006FCF0B1064640F6CF3041F25871C7
:1011F0004FF6B942C0F20420C0F20421C0F203222B
:10120000BDE740F6CF3041F258714EF67422C0F27D
:101210000420C0F20421C0F20322FFF709FD6FF0A1
:101220008306AEE74FF21C70C0F20320FFF700FD0B
:1012300040F67411019106A9029144F20041DDF8D3
:10124000CC0E2023C0F200615A46009527F0C2FE62
:1012500068B1064640F6CF3041F258714FF29F32E6
:10126000C0F20420C0F20421C0F2032287E74FF24B
:101270006A20C0F20320FFF7DBFC0DF69418DDF8BE
:10128000CC0E4FF4A46241460DF5196327F009FC1A
:1012900068B1064640F6CF3041F258714FF27E02F7
:1012A000C0F20420C0F20421C0F2032267E74FF627
:1012B000E440DDF89019C0F20320FFF7B9FC41F2D9
:1012C0008620C0F20420FFF7B3FCDDF890194046F9
:1012D00001F039FB68B1064640F6CF3041F2587153
:1012E0004FF25772C0F20420C0F20421C0F2032270
:1012F00045E74FF2A520C0F20320FFF799FC0699BD
:10130000284601F020FB68B1064640F6CF3041F296
:10131000587140F25272C0F20420C0F20421C0F2AF
:1013200004222CE740F27630C0F20420FFF780FC64
:101330000DF10E0E01210EF5AA5001F0D5FA68B19B
:10134000064640F6CF3041F258714EF69E22C0F26A
:101350000420C0F20421C0F2032210E70DF58050F2
:1013600090F84E05012807D14FF2D220C0F2032099
:10137000FFF75EFC002604E740F6CF3041F25871DB
:101380004FF2A502C0F20420C0F20421C0F20322F1
:1013900043E7C8B110B504460A4640F6CF304EF6D2
:1013A000A371C0F20420C0F20321FFF741FC00F05A
:1013B00036F840F2B9402146C0F20420FFF738FC6D
:1013C000FFF726FC00BE10BD7047D4D4D4D4D4D4CB
:1013D000F0B581B04FF00004F1B10D46064600BFF4
:1013E000306818B127F03FF930B93460013D06F19B
:1013F0000406F5D100240FE0074640F6CF3041F255
:1014000037614EF66E42C0F20420C0F20421C0F2F1
:101410000322FFF70DFC3C46204601B0F0BD80B52D
:1014200046F6EC20C2F2012005F000FC78B140F64F
:10143000CF304FF28F314FF6E602C0F20420C0F2F7
:101440000321C0F20322BDE88040FFF7F1BB80BD5D
:10145000F0B581B01C4617460E46054628F050FDF3
:1014600044F200412006C0F20061E9606C6001D1E5
:10147000002169614FF6F8718F4288BF4FF0FF3746
:10148000012E6F800CD0EEB940F20141A960E10756
:1014900047F20601298013D0002840F2EB300AE021
:1014A0004FF40061A960E10744F20601298007D0EA
:1014B00000284FF47B70686102D144F0010068603D
:1014C00001B0F0BD40F22D00C0F2042001B0BDE833
:1014D000F040FFF7ADBB2DE9F04FADF5A95D87B04A
:1014E0000DF1140E88460EF5A9590DF11C0E0EF5DE
:1014F000A85B8246182158460027C9E900773AF0D0
:10150000EEFF0DF1040E18210EF5A8503AF0E7FF9A
:1015100041F6AC40CDF8607DC0F204200DF63851A4
:101520007CC87CC190E87C0040F2A230C0F204206C
:101530007CC11197FFF77CFB41F68720C0F20420A5
:10154000FFF776FB41F23F40C0F20420FFF770FB4B
:101550004FF61E50C0F20320FFF76AFB00215846E9
:1015600052464346FFF774FF0DF1180E58460EF52C
:10157000A95128F03DFA68B1054640F6CF3041F256
:10158000C3214EF6CA42C0F20420C0F20421C0F2C8
:10159000032204E14FF61710C0F20320FFF748FBC7
:1015A000D9F804000DF664510DF556634FF4F4625A
:1015B00027F077FA68B1054640F6CF3041F2C321F3
:1015C0004FF27E02C0F20420C0F20421C0F20322D6
:1015D000E5E041F6B820DDF8601DC0F20420FFF719
:1015E00027FB4FF64810C0F20320FFF721FB40F61F
:1015F0002D70C0F20420FFF71BFB4FF2CD00C0F2AC
:101600000320FFF715FB0DF1040E01210EF5A8557F
:10161000524628464346FFF71BFF0DF1140EDDF836
:10162000602D0DF664510EF5A953284627F0A0FA57
:1016300068B1054640F6CF3041F2C32140F645225D
:10164000C0F20420C0F20421C0F20422A7E041F657
:10165000E82044F2004BC0F20420C0F2006BFFF718
:10166000E7FA41F2DB20C0F20420FFF7E1FA41F291
:101670000C30C0F20420FFF7DBFA4FF64810C0F23E
:101680000320FFF7D5FA40F6DD00C0F20420FFF793
:10169000CFFA4FF64F50C0F20320FFF7C9FA4DF6CC
:1016A0002C700DF63855C0F203202946FFF7C0FA1A
:1016B00040F6D950C0F20420FFF7BAFAD9F8040076
:1016C00011A940F6ED4201922723029159462A467C
:1016D0000DF14B06009627F07DFC68B1054640F6FB
:1016E000CF3041F2C3214FF29F32C0F20420C0F24A
:1016F0000421C0F2032252E04FF66D60C0F20320D5
:10170000FFF796FA4EF6A5601199C0F20320FFF795
:101710008FFA4FF64810C0F20320FFF789FA41F61E
:10172000AD00C0F20420FFF783FA4EF6EC40C0F2A1
:101730000320FFF77DFA41F21D00C0F20420FFF7FD
:1017400077FA4DF62C700DF63855C0F20320294675
:10175000FFF76EFA4EF6C5201199C0F20320FFF78D
:1017600067FA40F6D950C0F20420FFF761FAD9F8C1
:10177000000011992723CDE9006159462A4627F038
:101780007AFDA0B1054640F6CF3041F2C3214EF6B6
:101790001D52C0F20420C0F20421C0F20322FFF760
:1017A00047FA28460DF5A95D07B0BDE8F08F40F275
:1017B000D530C0F20420FFF73BFA40F25600C0F2E9
:1017C0000420FFF735FA40F6D958C0F20428404605
:1017D000FFF72EFA41F27240C0F20420FFF728FA18
:1017E00040F60A60C0F20420FFF722FA40F28700B8
:1017F000C0F20420FFF71CFA41F24E00C0F20420B0
:10180000FFF716FA4FF64810C0F20320FFF710FA60
:1018100041F2A340C0F20420FFF70AFA41F6145047
:101820000DF11C0AC0F204205146BCC8BCC190E8AE
:10183000BC004EF6B070C0F20320BCC1FFF7F8F94F
:101840004DF62C705146C0F20320FFF7F1F94FF22C
:10185000FE00C0F20320FFF7EBF94046FFF7E8F97E
:10186000D9F8000011992723CDE900615946524665
:1018700027F001FD70B341F2D440C0F20420FFF71D
:10188000D7F94FF2C130C0F20320FFF7D1F94FF280
:101890002F10C0F20320FFF7CBF94FF64810C0F22B
:1018A0000320FFF7C5F9D9E90010CDE9050105A826
:1018B0000221FFF78DFD054618B340F6CF3041F207
:1018C000C3214FF27872C0F20420C0F20421C0F2AA
:1018D000032264E74FF69E60C0F20320FFF7A8F9E9
:1018E00040F6CF3041F2C3214FF26012C0F2042023
:1018F000C0F20421C0F20322FFF79AF96FF08305CA
:101900004FE70DF11C0E0EF5A85028F0F9FA0DF175
:10191000040E0EF5A85028F0F3FA42E72DE9F04F37
:10192000ADF5665D89B00DF1180E0DF566560EF534
:1019300066588A468346182130460DF5D25900274D
:10194000C8E90077C8F808703AF0C9FD0DF1280E13
:1019500018210EF565503AF0C2FD41F6D440C9F8A1
:10196000A477C0F20420C9F800700DF5D1512CC83D
:101970002CC13CC83CC10088088041F6F440C0F24C
:1019800004200DF5D0512CC82CC13CC83CC10088A6
:10199000CDF80C7D088040F2A230C0F204200697FA
:1019A000FFF746F94FF28E70C0F20320FFF740F9BF
:1019B00041F23F47C0F204273846FFF739F941F6B4
:1019C000DE00C0F20420FFF733F94FF2D640C0F238
:1019D0000320FFF72DF93846FFF72AF940F6A44017
:1019E000C0F20420FFF724F9002130465A4653463E
:1019F000FFF72EFD0DF1200E30460EF5665127F053
:101A0000F7FF68B1074640F6CF304FF67B114DF631
:101A10003872C0F20420C0F20321C0F203223EE17A
:101A20004EF64350C0F20320FFF702F941F23D3079
:101A3000C0F20420FFF7FCF84FF64810C0F2032074
:101A4000FFF7F6F841F2E110C0F20420FFF7F0F8DA
:101A50000DF1280ED8F808000EF507510DF1240EEF
:101A60000EF507534FF4BC5226F05DFF68B10746F0
:101A700040F6CF304FF67B1141F2AD62C0F2042048
:101A8000C0F20321C0F2042209E140F20660C0F274
:101A90000420FFF7CDF84FF207504FF4BC51C0F2CD
:101AA0000320FFF7C5F84FF64810C0F20320FFF7F8
:101AB000BFF84FF2BF70C0F20320FFF7B9F80DF185
:101AC000040ED8F808000EF5D2510DF5D2534FF49C
:101AD000F46226F0E6FF68B1074640F6CF304FF6D5
:101AE0007B1141F2C562C0F20420C0F20321C0F2B2
:101AF0000422D4E04DF6527044F20045C0F20320B7
:101B0000C0F20065FFF794F84FF20750D9F80010C3
:101B1000C0F20320FFF78CF841F27F70C0F204207E
:101B2000FFF786F84FF64810C0F20320FFF780F861
:101B30004EF67450C0F20320FFF77AF840F63B608F
:101B4000C0F20420FFF774F840F66C600DF5D15731
:101B5000C0F204203946FFF76BF840F6D950C0F2C6
:101B60000420FFF765F8D8F808000DF60C5140F690
:101B7000ED4201921D23029129463A460DF6135675
:101B8000009627F027FA68B1074640F6CF304FF6A7
:101B90007B1140F27F72C0F20420C0F20321C0F238
:101BA00004227CE04EF6D560C0F20320FFF740F837
:101BB0004EF6A550DDF80C1DC0F20320FFF738F8F3
:101BC0004FF64810C0F20320FFF732F841F6DE006E
:101BD000C0F20420FFF72CF84EF60670C0F2032086
:101BE000FFF726F841F23F40C0F20420FFF720F84B
:101BF000D8F8080026F037FD68B1074640F6CF3028
:101C00004FF67B1140F20642C0F20420C0F20321DD
:101C1000C0F2042243E00020C8F808004FF2F07040
:101C2000C0F20320FFF704F841F6DE00C0F2042002
:101C3000FEF7FEFF4EF6E170C0F20320FEF7F8FF5C
:101C400041F23F40C0F20420FEF7F2FF4DF68370F0
:101C5000C0F20320FEF7ECFF0DF566570021384671
:101C60005A465346FFF7F4FB0DF1280E4FF4BC52D1
:101C70000EF507510DF11C0E0EF56653384626F091
:101C800077FFA0B1074640F6CF304FF67B1140F604
:101C90005332C0F20420C0F20321C0F20422FEF746
:101CA000C7FF38460DF5665D09B0BDE8F08F4FF609
:101CB0008050C0F20320FEF7BBFF41F21220C0F2B9
:101CC0000420FEF7B5FF4FF64810C0F20320FEF7E0
:101CD000AFFF41F26E30C0F20420FEF7A9FF40F2E0
:101CE0003760C0F20420FEF7A3FF40F66C600DF5EC
:101CF000D057C0F204203946FEF79AFF40F6D9507B
:101D0000C0F20420FEF794FFD8F8040006A940F6BC
:101D1000ED4201921D23029129463A460DF11F041E
:101D2000009427F057F900287FF42EAF41F29F303E
:101D3000C0F20420FEF77CFF4EF6A5500699C0F2D3
:101D40000320FEF775FF4FF64810C0F20320FEF7A0
:101D50006FFF4EF63770C0F20320FEF769FF0DF1FA
:101D6000280E01210EF565575A4638465346FFF7AF
:101D70006FFB0DF1040E4FF4F4620EF5D2510DF12C
:101D8000180E0EF56653384626F0F2FE68B1074687
:101D900040F6CF304FF67B1141F2B072C0F2042012
:101DA000C0F20321C0F2042279E7D8F80000DDF880
:101DB0000C1D0DF5D1521D23CDE90061294627F0F8
:101DC0005AFA68B1074640F6CF304FF67B1140F61D
:101DD0006B32C0F20420C0F20321C0F204225EE79D
:101DE0004FF69710C0F20320FEF722FF40F21F408B
:101DF000C0F20420FEF71CFFD8F8000006990DF58C
:101E0000D0521D23CDE90041294627F034FA68B1AC
:101E1000074640F6CF304FF67B114FF2F232C0F258
:101E20000420C0F20321C0F2032238E74FF6CF604E
:101E3000C0F20320FEF7FCFE4FF62700C0F203209D
:101E4000FEF7F6FE40F6D950C0F20420FEF7F0FE91
:101E500041F27F00C0F20420FEF7EAFE41F2055095
:101E6000C0F20420FEF7E4FE4FF6B150C0F20320AA
:101E7000FEF7DEFE40F29970C0F20420FEF7D8FEB5
:101E80004FF64810C0F20320FEF7D2FED8E900104A
:101E9000CDE9040104A80221FFF79AFA0DF5665076
:101EA00028F02EF80DF1280E0EF5655028F028F8D0
:101EB0000027F6E6F0B581B01D4616460F460446EB
:101EC00028F01EF840F200212806C0F60041E1602B
:101ED000656001D100216161022F2ED0012F14D045
:101EE000D7BB4FF6F8720121C0F20201A160964201
:101EF00047F2040188BF4FF0FF36EA072180668071
:101F000028D0002840F2E93011E04FF6F8714FF484
:101F10008032A26044F204028E4288BF4FF0FF3646
:101F2000E9072280668015D0002840F2EA3060611F
:101F300010D145F0010060600CE041F20101EA07B8
:101F40004FF00100C0F20011A060216002D000201B
:101F50006060606101B0F0BD40F22D00C0F204206D
:101F600001B0BDE8F040FEF763BEF0B5ADF29C6D88
:101F70000DF274660C460546182130460027CDF850
:101F80009876CDF89476CDF89076CDF88C763AF0B8
:101F9000A6FA0DF25C6018213AF0A1FA0DF2446045
:101FA00018213AF09CFA40F63340C897C0F204205A
:101FB0000797FEF73DFE4EF6F520C0F20320FEF730
:101FC00037FE40F61630C0F20420FEF731FE40F630
:101FD0000E10C0F20420FEF72BFE002130462A46E8
:101FE0002346FFF767FF0DF5D361304627F000FD6C
:101FF00068B1064640F6CF3041F2365140F64912FC
:10200000C0F20420C0F20421C0F20422F8E04FF62E
:10201000C810C0F20320FEF70BFEDDF89806C9A930
:10202000C8AB4FF4487226F03CFD68B1064640F656
:10203000CF3041F236514FF60072C0F20420C0F2A8
:102040000421C0F20322DBE04DF6B470C899C0F25F
:102050000320FEF7EDFD41F28620C0F20420FEF7DA
:10206000E7FD40F66F10C0F20420FEF7E1FD40F6F8
:102070008A30C0F20420FEF7DBFD0DF25C66012120
:1020800030462A462346FFF715FFC89AC9A90DF521
:10209000D263304626F06CFD68B1064640F6CF307C
:1020A00041F2365141F2D172C0F20420C0F2042153
:1020B000C0F20422A4E040F6D54040F20025C0F270
:1020C0000420C0F60045FEF7B3FD4FF60320C0F232
:1020D0000320FEF7ADFD41F61930C0F20420FEF7F3
:1020E000A7FD0DF244670221002238462346FFF780
:1020F000E1FEDDF8900607A94FF4407208AB0093AB
:102100000DF28C63CDE9012129463A4627F07EFC89
:1021100068B1064640F6CF3041F2365141F2535293
:10212000C0F20420C0F20421C0F2042268E04FF69D
:10213000E2500799C0F20320FEF77AFD4FF2120039
:10214000C0F20320FEF774FD41F28620C0F20420A5
:10215000FEF76EFD4FF27A10C0F20320FEF768FD25
:1021600040F60E10C0F20420FEF762FDDDF898067E
:10217000079B08AA0DF29461CDE90071294627F06A
:10218000A8FC68B1064640F6CF3041F2365141F620
:102190005432C0F20420C0F20421C0F204222FE025
:1021A00041F60F10C0F20420FEF742FD4EF6D55066
:1021B000C0F20320FEF73CFD41F28620C0F204206D
:1021C000FEF736FD41F27850C0F20420FEF730FDF4
:1021D00040F26862DDF89406DDF88C16C0F2042245
:1021E00000F044F890B1064640F6CF3041F2365147
:1021F0004EF61062C0F20420C0F20421C0F20322A5
:10220000FEF716FD30460DF29C6DF0BD4FF2D85032
:10221000C0F20320FEF70CFD41F67930C0F2042035
:10222000FEF706FD41F28620C0F20420FEF700FD15
:10223000DDF898060390DDF890060490DDF894062A
:102240000590DDF88C06069003A80421FFF7C0F87E
:102250000DF2746027F054FE0DF25C6027F050FE22
:102260000DF2446027F04CFE0026CBE770B592B02B
:1022700014460E460021CDE900110AA901AB202227
:1022800026F051FB28B14FF239340546C0F2032441
:1022900017E002A96B462022304626F044FB28B105
:1022A0004FF6A6340546C0F203240AE0DDE9000239
:1022B000824204D10AA802A93BF0BEFD78B16FF0BA
:1022C000830540F6CF304FF68F31C0F20420C0F2C4
:1022D00003212246FEF7ACFC284612B070BD002553
:1022E000FAE72DE9F043ADF64C5D0DF61C560C46B1
:1022F0000546182130460027CDF8487DCDF8447DAD
:10230000CDF8407DCDF83C7DCDF8387DCDF8347DDD
:102310003AF0E5F80DF6045018213AF0E0F80DF621
:10232000EC4018213AF0DBF841F6B430CDF84876AD
:10233000C0F20420C9970897FEF77AFC41F64A10CC
:10234000C0F20420FEF774FC4EF63037C0F20327CB
:102350003846FEF76DFC41F6EF30C0F20420FEF780
:1023600067FC40F61050C0F20420FEF761FC3846CE
:10237000FEF75EFC4FF21140C0F20320FEF758FC5E
:10238000002130462A462346FFF794FD0DF64851BA
:10239000304627F02DFB68B1064640F6CF3040F2BC
:1023A00050414FF62B72C0F20420C0F20421C0F25B
:1023B000032276E141F2B350C0F20420FEF738FC6C
:1023C00040F28B60C0F20420FEF732FC40F2C460A1
:1023D000C0F20420FEF72CFC4DF6EF70C0F2032093
:1023E000FEF726FCDDF8480D0DF24C610DF5C963D2
:1023F0004FF4D46226F097FA68B1064640F6CF3023
:1024000040F2504141F68312C0F20420C0F2042190
:10241000C0F2042245E14FF63E20C0F20320FEF751
:1024200007FC40F649504FF4D461C0F20420FEF797
:10243000FFFB40F2C460C0F20420FEF7F9FB4FF24C
:102440003750C0F20320FEF7F3FBDDF8480DCAA9B0
:10245000C9AB4FF4487226F024FB68B1064640F63B
:10246000CF3040F250414FF67722C0F20420C0F244
:102470000421C0F2032214E140F2CA70C0F2042029
:10248000FEF7D6FB40F68260C999C0F20420FEF741
:10249000CFFB40F2C460C0F20420FEF7C9FB40F657
:1024A0006F10C0F20420FEF7C3FB4FF21360C0F2BE
:1024B0000320FEF7BDFB0DF60456012130462A46E7
:1024C0002346FFF7F7FCC99ACAA90DF554633046B5
:1024D00026F04EFB68B1064640F6CF3040F2504140
:1024E0004EF66B32C0F20420C0F20421C0F2032287
:1024F000D7E041F6991040F20028C0F20420C0F65F
:102500000048FEF795FB4EF63060C0F20320FEF760
:102510008FFB4FF24C60C0F20320FEF789FB40F2C4
:10252000C460C0F20420FEF783FB40F60300C0F253
:102530000420FEF77DFB0DF6EC4702210022384611
:102540002346FFF7B7FCDDF8400D08A94FF44072B1
:1025500009AB00930DF63853CDE9012141463A46C7
:1025600027F054FA68B1064640F6CF3040F25041A9
:1025700041F6D212C0F20420C0F20421C0F20422BB
:102580008FE04FF65800C0F20320FEF751FB40F6F3
:1025900058700899C0F20420FEF74AFB4FF64370CA
:1025A000C0F20320FEF744FB40F2C460C0F20420F6
:1025B000FEF73EFB4FF27A10C0F20320FEF738FB25
:1025C0004FF20030C0F20320FEF732FBDDF8480D79
:1025D000089B09AA0DF63C51CDE90071414627F050
:1025E00078FA68B1064640F6CF3040F2504141F6E5
:1025F000E912C0F20420C0F20421C0F2042250E02B
:1026000041F24320C0F20420FEF712FB40F2B80072
:10261000C0F20420FEF70CFB4FF2B710C0F203200B
:10262000FEF706FB4FF69420C0F20320FEF700FBF6
:1026300040F2C460C0F20420FEF7FAFA41F6EF302F
:10264000C0F20420FEF7F4FA41F60200C0F20420C2
:10265000FEF7EEFA4EF63030C0F20320FEF7E8FA4D
:10266000DDF8480D25F0FFFF70B940F691704FF08E
:102670000009C0F20420CDF8489DFEF7D9FADDF834
:10268000400D25F0F0FF98B1064640F6CF3040F2FD
:1026900050414FF6CD22C0F20420C0F20421C0F216
:1026A0000322FEF7C5FA30460DF64C5DBDE8F08317
:1026B0004EF68A30CDF8409DC0F20320FEF7B8FAFE
:1026C00041F6EF30C0F20420FEF7B2FA40F26C405F
:1026D000C0F20420FEF7ACFA4EF63030C0F2032010
:1026E000FEF7A6FA4FF69100C0F20320FEF7A0FA1B
:1026F0000DF61C56002130462A462346FFF7DAFB2A
:1027000001200DF24C61C0F20200CDF8240D0DF64F
:1027100044534FF4D462304626F02AFA68B1064694
:1027200040F6CF3040F2504140F63C02C0F2042067
:10273000C0F20421C0F20422B3E740F68150C0F297
:102740000420FEF775FA4EF6C930C0F20320FEF7FA
:102750006FFA4FF67C70C0F20320FEF769FA40F280
:10276000C460C0F20420FEF763FA41F2B000C0F288
:102770000420FEF75DFADDF8440D089B09AA0DF66A
:102780003451CDE90071414627F0A3F900287FF4C8
:1027900029AF40F6CB70C0F20420FEF749FA40F6AC
:1027A000AC10C0F20420FEF743FA40F2C460C0F25D
:1027B0000420FEF73DFA41F2D030C0F20420FEF7CB
:1027C00037FA4EF60242DDF83C0DDDF8341DC0F25A
:1027D0000322FFF74BFD68B1064640F6CF3040F2CA
:1027E00050414EF66872C0F20420C0F20421C0F2DB
:1027F000032256E740F65202DDF8380DDDF8341DAD
:10280000C0F20422FFF732FD68B1064640F6CF3031
:1028100040F2504140F2FF62C0F20420C0F20421B5
:10282000C0F204223DE741F62840C0F20420FEF742
:10283000FFF941F63B00C0F20420FEF7F9F94FF62C
:10284000E420C0F20320FEF7F3F941F67400C0F271
:102850000420FEF7EDF94FF61D30C0F20320FEF71D
:10286000E7F940F6BB60C0F20420FEF7E1F940F65C
:10287000F460C0F20420FEF7DBF94FF65630C0F2E8
:102880000320FEF7D5F9DDF8440D0490DDF83C0D8A
:102890000590DDF8380D0690DDF8340D079004A89A
:1028A0000421FEF795FD0DF61C5027F029FB0DF6CF
:1028B000045027F025FB0DF6EC4027F021FB002605
:1028C000F1E678B1007A012806D002280AD146F64E
:1028D000E920C2F2012003E046F6E820C2F201201E
:1028E000012101707047D4D480B50A46014646F6EE
:1028F000C830C2F2012004F0F3F900B180BD46F601
:10290000E9210022C2F201210A7000BF00BF00BF0E
:102910000A78002AF2D100BFFAE780B582B0002021
:10292000ADF806000DF106000121FFF7DDFF9DF86F
:102930000610C9B20129014618BF0121002851EA39
:10294000008002B080BD70B582B0064608BA0D4660
:10295000000CADF802000DF10200022100F04CF86D
:1029600028B141F2E9020446C0F2042220E000202E
:10297000ADF8040001A80121FFF7B6FF9DF804108F
:10298000C9B20129014618BF0121002851EA00847B
:1029900024B14FF6B572C0F2032209E03046294651
:1029A00000F02AF888B140F22D720446C0F20422E9
:1029B00040F6CF3041F60021C0F20420C0F20421DD
:1029C000FEF736F9204602B070BD0020ADF80600D3
:1029D0000DF106000121FFF787FF9DF80610C9B22F
:1029E0000129014618BF0121002851EA0084002C6A
:1029F000CFD10024E6E7D4D480B50A46014646F696
:102A0000C830C2F2012004F088F900B180BD46F65A
:102A1000E8210022C2F201210A7000BF00BF00BFFE
:102A20000A78002AF2D100BFFAE710B582B0FFF7AA
:102A30005BFF68B1044640F6CF3041F6102141F605
:102A40006142C0F20420C0F20421C0F2042215E069
:102A500001208DF807000DF107000121FFF7CCFFE1
:102A600088B1044640F6CF3041F610214FF6BA3215
:102A7000C0F20420C0F20421C0F20322FEF7D8F80D
:102A8000204602B010BD0024FAE780B5FEF753F9E6
:102A9000002080BD40F40040B0F5244F2AD1A1F1C0
:102AA00080004FEA70116FF085000A2924D810B514
:102AB00014468AB240F2356323FA02F2D20718D0E4
:102AC00042F21430C0F2042050F8212042F240308B
:102AD000C0F2042050F82100042162603BF0C2F8EB
:102AE000002820604FF0000018BF10BD60606FF03C
:102AF0008C0010BD6FF08500704780B540F4004039
:102B0000B0F5244F0CD1B1F5807F12D0C0290AD086
:102B1000802905D1242B14D1104612F0E9FF0DE0D5
:102B20006FF085010FE0382B0BD1104613F024FB1A
:102B300004E0342B05D1104613F05EF90021012288
:102B400003E06FF0890100200022002A0A4618BF26
:102B50006FF09202002852EA118080BD70B582B0F9
:102B6000E1B10C460146204601F028FCD0B904F141
:102B70006405012020660022002320462946002605
:102B800001F0D8FA70B904F16C0104F11C0320467D
:102B90002A46CDE9006601F056F903E04BF28000C9
:102BA000CFF6FF7002B070BD10B54FF4A4710446AB
:102BB00039F095FC4FF0FF30206110BD68B110B5C1
:102BC000044620304FF4907125F0F8FA4FF4A471C8
:102BD0002046BDE8104025F0F1BA7047D4D4D4D4D3
:102BE000B2F5C07F02D96FF0370070472DE9F04F82
:102BF000ADF54B7D0DF5C6780D4601904FF4D071C3
:102C000040461646170A39F06AFC8DF89E7108F1A5
:102C1000180730208DF8A3013846294632468DF832
:102C20009F6139F060FC42A08021B9554FF0020E3F
:102C300090ED001F4FA81021A0EC101E01EE410FD7
:102C40000FF007C003AD4FF49071284639F047FCF0
:102C50004FA9284600F048F94BAF4FF0000B4FF05A
:102C6000000806F129000290DDF808900DF5C67AFB
:102C70000020CDE94D00CDE94B0000BF00BF00BFF3
:102C800097ED001F284639463A46BAEC103E02FF3F
:102C9000500187ED001F00F0D7FAA9F11009B9F132
:102CA000100FEDD857A839464044B8F1200F91E8ED
:102CB0005C0008F110080BF1010B5CC08DF88FB1BE
:102CC000D2D303AD57AC2846214600F00DF904F1EC
:102CD00020066FF00F07019C28463146324600F06F
:102CE000B3FA10222046314639F0FDFB103710347C
:102CF000202FF1D303A84FF4907125F05FFA63A859
:102D00004FF4D07125F05AFA57A8302125F056FA21
:102D10004FA8202125F052FA4BA8102125F04EFA99
:102D200000200DF54B7DBDE8F08F00BF00BF00BF58
:102D3000000102030405060708090A0B0C0D0E0F1B
:102D40002DE9F0478CB06F460D468246302138465B
:102D500039F0C5FB0AF120080AF10C09002600240D
:102D60006FF00200494600BF0A6812BA531C46F1D0
:102D700000021BBA41F8043920B100F101000AB188
:102D80002FF00FC0404651463A4600F05DFA202C25
:102D900004F1100407F11007E2D34FF0030E6F4661
:102DA000384600BF00BF00BF90ED001EB5EC103EDE
:102DB00002FF5001A0EC101E0FF00BC04046394638
:102DC00000F092F807F1200090E84E008AE84E00EB
:102DD0003021384625F0F2F90CB0BDE8F0872DE936
:102DE000F04FE1B08569B5F5C07F02D96FF03706C5
:102DF00046E00446C5F5C0701F4698426FF037069E
:102E00003ED3C01B934682423AD80DF104098A464C
:102E10004FF4C071484639F062FBD4E9503049465E
:102E20002A46984710B16FF0330629E0D4F818808D
:102E30003FB1D4E9503001A93A4698470028F2D171
:102E4000B844BAF1000F18BFBBF1000F06D009EB70
:102E5000080051465A4639F046FBD84401A842467C
:102E60000146FFF7BDFE064628B901A92046FFF737
:102E700067FF0020206101A84FF4C07125F09EF982
:102E8000304661B0BDE8F08F2DE9F04389B00C46C3
:102E9000064601A8202198461746109D4FF02009AC
:102EA00039F01DFBB069C6E9504710B92020C6F8BB
:102EB0001890421C316952082F2888BF002200292F
:102EC00052EA418442F21070F06106F1200001A93B
:102ED00000F00AF8304641462A46234609B0BDE8CC
:102EE000F043FFF77CBFD4D42DE9F04381B02DED42
:102EF000108BADF5006D46F6EC3C0E22C2F2012CB3
:102F0000026046F618499CF80020C2F20129002A06
:102F100040F0AD804FF4807E0DF5806801220025E1
:102F20006B46474600BF00BF560047F8042BF6B279
:102F3000802A43F8225005F1010528BF86F01B06C0
:102F400072400FF00FC84FF00A0E46F6F03201251E
:102F5000C2F2012200BF00BF6E00802DF6B242F81F
:102F6000045B28BF86F01B0635460FF00BC84A46A7
:102F700087FF5F006327FF2502F8017B87FF5E2044
:102F8000043325F001E000BFB3EC047F20FF468846
:102F900098FC496FA1EF5685B9FF56A028EF5A81DA
:102FA00008EF50A1A1EF58C50CEF52C1B9FF5AA0CC
:102FB0002CEF5AA1B9FF5CE0A1EF5AC50CEF52C14A
:102FC000B9FF5C402CEF5EC1A1EF5CE50EEF52E172
:102FD0002EEF544108FF544104FF564104FF5A416B
:102FE00004FF5C4186EF536004FF5641A2EC044F9E
:102FF0001FF037C04FF0400E46F6185246F6184301
:1030000087FF5F2EC2F20122C2F2012381EF5B40F3
:1030100087FF5E6000BF00BFB3FC048FA8EE48AF1F
:1030200087FF5F00B0EE4AAF2BFE031FA1EF58A54C
:103030000AEF56C10CFF54C108EF50E171FE4D0F6D
:103040000AEF56C1A8EF5E050CFF5881B0EF5EA5F0
:1030500020EF5A01B8EF588528EF500120EF5C01AE
:10306000A2EC101E0FF029C001228CF8002000F104
:10307000080242604FF0080E51F8043B42F8043B4E
:103080000FF007C04FF0070E836846F6F03C24307F
:10309000C2F2012C00BF00BF02685CF8046BC2F3EF
:1030A0000727C2F30745140ED1B219F8077019F8B3
:1030B0000550734019F8044019F801107B4050F88E
:1030C0000C7C83EA052350F8105C83EA044350F833
:1030D000184C83EA0163436083EA040150F8144CFE
:1030E00081604C40C46085EA04010161CCB2C1F347
:1030F0000725C1F30746090E19F8044019F80550D1
:1031000019F8066019F801107C4084EA052450F88B
:10311000085C84EA064484EA0161416181EA0504AD
:1031200050F8041C846161404A4040F8202F40F868
:10313000041C0FF04FC80DF5006DBDEC108B01B0F5
:10314000BDE8F083D4D4D4D42DE9F04F91B0B2F5DA
:10315000806F02D96FF035075FE0DDF86890B9F550
:10316000807F02D96FF0370757E00DF104080E4653
:1031700082463021404614461F4639F0B0F9DAF84D
:103180001C00DAF81010814203DADAF81400002883
:1031900047D00023504639464A46FFF720FE0746EF
:1031A000D8BB64B30AF1200908F1300B0AF10C080E
:1031B000002700BF00BF00BF6FF00200414600BF04
:1031C0000A6812BA531C47F100021BBA41F80439CD
:1031D00020B100F101000AB12FF00FC0484651465E
:1031E0005A4600F031F82546102C28BF10253046ED
:1031F00059462A4639F077F9641B2E44DCD101A9DF
:103200005046FFF79DFDDAF8100000270130CAF89C
:10321000100001A8402124F0D1FF384611B0BDE8CC
:10322000F08FB9F1000FBCD001A839464A46FFF72C
:10323000D7FC07460028ECD101A95046FFF780FDD6
:10324000AFE7D4D4D4D4D4D42DE9F04F8FB0D0E9A3
:1032500000B004920F684E688D68D1F80CE0D0E998
:10326000004146F6185C836884EA0702C76881EA71
:1032700006084FEA6B0185EA030900F110040229F0
:1032800087EA0E0AC2F2012CC0F2D0804FF0FF3163
:1032900001EB6B0E00BF00BFD1B2C8F30726236855
:1032A000C9F307475CF821105CF826604FEA1A65FD
:1032B00059405CF8273081EA36615CF82550CAF342
:1032C000074781EA3341100E81EA352609965FFAF5
:1032D00088F1C9F3072563685CF820005CF82110C9
:1032E0005CF8255059405CF8273081EA3561C2F31B
:1032F000074581EA33415FFA89F381EA302708976D
:103300005CF82300A168CAF30723D4F80CB0484046
:103310005CF823105CF825304FEA1865C8F30748BD
:1033200080EA3160216980EA33405CF825306569C4
:1033300005955FFA8AF580EA332AC2F307234FEA3C
:1033400019605CF82550D4F818905CF8233085EAB1
:103350000B025CF828505CF8200082EA336282EAB3
:103360003542F5B282EA3023C7F307205CF82580A6
:10337000CAF307455CF820001A0E81EA08015CF8E0
:10338000255081EA30605CF8221080EA3540FAB2BC
:1033900080EA312BCAF307205CF82210C3F30742FE
:1033A000350EB046059E5CF820005CF82220714086
:1033B000464681EA30605CF8251080EA3240C3F36B
:1033C000072280EA31215FFA8AF0C6F30745884672
:1033D0005CF820005CF82220390E80EA09005CF8D5
:1033E000255080EA32605CF82110C6F3072280EA9B
:1033F00035404FEA1A6580EA3129CDF82C90D8B2D1
:10340000E169C7F307435CF822205CF82000203410
:1034100048405CF8231080EA32605CF8252080EA9E
:10342000314080EA322A5A460FF0CBC0D0B2C8F3FE
:1034300007271346D4E90021C9F307465CF82000AA
:103440005CF827704FEA1A6550405CF8262080EA45
:1034500037605CF8257080EA32405FFA88F280EAD3
:103460003727C9F30720CAF307455CF822205CF828
:1034700020001E0E51405CF8252081EA30605CF887
:10348000261080EA32405FFA89F280EA312ECAF3D0
:103490000720D4F808B05CF82210C3F307425CF8A8
:1034A00020004FEA186581EA0B015CF8222081EACE
:1034B00030605CF825104FEA196680EA32405FFA06
:1034C0008AF280EA3125C3F307215CF82200E26822
:1034D000C8F307435CF82110504009975CF823209B
:1034E00080EA31605CF82610B94680EA3240CEF3BB
:1034F000072280EA312C46F61840F9B2C2F20120C8
:10350000C5F307474FEA1C66435C825CC75D2169CF
:10351000865D5FFA85FA81EA030B390441EA0221EC
:103520005FFA8EF241EA06610291C5F30726CCF3F9
:1035300007414FEA1967825C865D415CC75D63693C
:1035400009045A4041EA062110F80A30079503950C
:1035500041EA0765CCF30727C9F3074AF046A66995
:10356000CDF820E086EA030E4FEA1861C35D10F83B
:103570000AA00592029E85EA02075FFA8CF2CDF856
:1035800004B086EA0B0610F801B04FEA0A41CDF804
:1035900018C041EA0321C9F3072CC8F3074310F808
:1035A0000290039A150E10F80CC0C35CE269455DE9
:1035B00082EA09001A0441EA0B6142EA0C2204F192
:1035C000200342EA0562049D81EA0E010B9142400C
:1035D0000E93019B2B70330A6B70330CAB70330E60
:1035E000EB70059B2B713B0A6B713B0CAB713B0E77
:1035F000EB710B0A6B720B0C090EE9722873100A3F
:103600006873100CA873100EE8730DA804210D96B2
:103610000C970A9285F808E0AB7224F0CFFD0CA855
:10362000042124F0CBFD0BA8042124F0C7FD0AA837
:10363000042124F0C3FD09A8042124F0BFFD08A83B
:10364000042124F0BBFD07A8042124F0B7FD06A83F
:10365000042124F0B3FD0EA8042124F0AFFD0FB027
:10366000BDE8F08F80B582B000234FF0000CCDF89C
:1036700000C0FFF769FD02B080BD03285FEA1F901C
:103680007047007803385FFA80FCBCF1090F21D83D
:1036900040F25F2020FA0CF0C0071BD0B0B542F218
:1036A000A830049DC0F2042050F82CE042F274309F
:1036B000C0F2042050F82C4042F29C30C0F20420AA
:1036C00010F80CC00020C1F800E010602C60BDE8CC
:1036D000B04003E04FF0310C4FF0FF300BB183F8F6
:1036E00000C070472DE9F04F89B0054600784BF2D5
:1036F0008009CFF6FF79032809F580746AD1686BD9
:10370000002867D08B46D5F83C80082042F26C3107
:1037100000EA1810C0F204219246014408F00802A1
:10372000286E1F4600285FEA0F9301EB420151F813
:103730002310002953D000285FEA0F9006912946F4
:1037400000F0EDFC002845D0064608F10700C4084B
:10375000012104EB440000EB86003AF083FA0028D4
:1037600046D08046B10008EB010213980591422C27
:10377000129902EB44062346049207D140F2092233
:10378000EB6B93424FF0420308BF4023984250EA4C
:1037900033820396981A304438F0A5FE287803380F
:1037A000C0B209281ED840F25F21C140C90719D014
:1037B00042F2A831059AC0F2042151F82000089085
:1037C000002007903846414621F0A6FE98B16FF0E0
:1037D000070909E0A146484609B0BDE8F08F6FF03F
:1037E0007109F8E74FF0FF3940463AF04BFAF2E73B
:1037F00009F50079EFE7049E08A807A94246039B54
:10380000069F3519CDE90065B8470028ECD1584628
:103810003146224621F06AFE10B16FF00F09E3E74E
:1038200050462946224621F061FE8146002818BFF5
:103830006FF00F09D8E72DE9F04F85B007784BF20C
:10384000801BCFF6FF7B032F4CD10D46416B002927
:1038500048D0C76B0121F81D9846C608144606EBF0
:1038600086003AF0FFF9D8B3824640F209200AEB0D
:103870004609294687424FF0420008BF4020422EA9
:1038800050EA068009EB4607844254EA3082801AE7
:10389000384438F028FE0020CDE903004046514668
:1038A000324621F039FEA8B908F108000AEB0601FA
:1038B000324621F031FE68B90E984946324621F071
:1038C0002BFE38B909EB06040F982146324621F049
:1038D00023FE58B16FF0070B50463AF0D3F901E0E0
:1038E0000BF5807B584605B0BDE8F08F04A803A90E
:1038F00052463B46CDE9009400F08BF8002818BFF3
:103900000BF180008346E7E72DE9F047A0B00DF109
:1039100040088A460746402140469946144638F0FA
:10392000DEFD386840B1B0F1807F0BD142F68845AA
:103930001D21C0F204250AE042F2F8551721C0F219
:10394000042504E042F648752321C0F20425012035
:103950000022002303AECDE900461FF0B3FEC0B93C
:1039600003AA384651464B46CDE900581FF0EDFEFC
:1039700078B941462898CCC9CCC091E8E800E8C0A5
:1039800008F12000299ACAC8CAC290E8CA000020DB
:10399000CAC220B0BDE8F0872DE9F04393B00546D8
:1039A000006842F6884742F648760DF10C08C0F2EE
:1039B0000427C0F20426B0F1807F57EA068742F25E
:1039C000F85600280C464FF040014046C0F204264D
:1039D00056EA07869946174638F081FD2846214663
:1039E0003A464B46CDE900681FF0AFFE70B942463B
:1039F0001A99E8CAE8C192E8F000F0C108F1200184
:103A00001B9BE4C9E4C391E8E400E4C313B0BDE840
:103A1000F0832DE9F04FADB00DF1140A0491064684
:103A20006021504699469046DDE9367538F057FDDD
:103A30000DF1740B58461ECF1EC097E81E001EC025
:103A40000BF120008ECD8EC095E88E008EC03068C0
:103A500040B1B0F1807F0BD142F688451C21C0F205
:103A600004250AE042F2F8551621C0F2042504E0CC
:103A700042F648752221C0F20425012000220023CD
:103A8000CDE9008A1FF01EFE48B905AA3046049908
:103A90004346CDF80090CDE901B51FF05FFE2DB093
:103AA000BDE8F08F42F2D0310328C0F2042118BFE4
:103AB000002108467047B0B504460546002004F8CA
:103AC0003C0B281D21F0CDFB05F10C0021F0C9FBBA
:103AD00005F1140021F0C5FB05F11C0021F0C1FB2C
:103AE00005F1240021F0BDFB05F12C0021F0B9FB0C
:103AF00005F1340021F0B5FB2421204638F0EFFC1D
:103B0000B0BD10B50446FFF7D6FF04F1640021F004
:103B1000A8FB04F16C0021F0A4FB04F1740021F077
:103B2000A0FB04F17C00BDE8104021F09ABB68B115
:103B300010B5044621F09AFB04F1080021F096FB31
:103B400004F11000BDE8104021F090BB7047D4D4C0
:103B5000002843D070B50446406C01281AD004F107
:103B60000C0021F083FB04F1140021F07FFB04F131
:103B70001C0021F07BFB04F1240021F077FB04F111
:103B80002C0021F073FB04F1340021F06FFB201DA9
:103B900021F06CFB2078092806D1201D21F066FB5E
:103BA00004F1340021F062FBA06D88B1E06D78B1C2
:103BB0000025002600BF00BFA06D2844FFF7B7FF17
:103BC000E06D013618358642F6D3A06D3AF05AF80A
:103BD00064212046BDE8704024F0F0BA7047A8B1D7
:103BE00010B50446FFF7B4FF04F1640021F03EFB7A
:103BF00004F16C0021F03AFB04F1740021F036FB73
:103C000004F17C00BDE8104021F030BB704710B5D6
:103C10000121044621F0B1FB28B904F1080001217B
:103C200021F0ABFB00B110BD04F110000021BDE894
:103C3000104021F0A2BB80B51030002121F048FDDA
:103C400000285FEA1F9080BD2DE9F04F81B04BF254
:103C50000016012ACFF6FF7601D9803E2CE00546FA
:103C6000043017461C468A46DDE90A8B21F0CAFB60
:103C7000E969814606F18000E9B1696AD9B10AF1C2
:103C80001000002121F024FDD0B117B309F101008B
:103C90002060834510D30AF10800002121F087FB42
:103CA000023008F8010B504641464A4601B0BDE8D3
:103CB000F04F21F031BC0646304601B0BDE8F08F30
:103CC000BBF1000FF8D0002688F8006001202060CA
:103CD000F2E74FEA4900BBEB490F00F10100206019
:103CE000EAD9042008F8010B504641464A4621F023
:103CF00013FC06460028DFD10AF1080008EB090191
:103D0000D3E72DE9F04F81B04BF28004CFF6FF747A
:103D100013B3074604301E461546894621F072FB50
:103D2000F969804604F58070A9B1796A99B128785B
:103D3000B0B108F1010B5E450ED305F1010A48460A
:103D40005146424621F0D2FB28B909F11000012169
:103D500021F013FB60B10446204601B0BDE8F08FAE
:103D6000012EF9D1484601B0BDE8F04FFFF74FBF33
:103D70002878811E02290CD25E45EDD109F1080296
:103D800000F001033846494601B0BDE8F04F00F0AD
:103D900011B80428E0D14FEA480001308642DBD157
:103DA00009F108000AEB0801424601B0BDE8F04FF6
:103DB00021F09CBB2DE9F04383B0051D0E4604465F
:103DC0004BF280170021284698469146CFF6FF77A0
:103DD00021F0EDFA012832D10121284621F0E7FA3D
:103DE00001282CD101A821F03CFA20464946324650
:103DF00000F0CAF8F8B901A80122294621F044FBD5
:103E0000C8B901A8022121F0ADFBA0B901AA002088
:103E10000090484649462B4622F02FF858B9002119
:103E20004846002721F0C3FA404505D048462946B8
:103E30004A4621F046FD074601A821F017FA384608
:103E400003B0BDE8F08310B584B0DDE906CE0024F0
:103E5000CDE900CE029400F0E3F904B010BD2DE9E5
:103E6000F04184B00D4606464BF2803401F110005B
:103E70000121CFF6FF7421F02BFC002840D1F0691E
:103E80000028A4F540703AD0716AC1B300212846D9
:103E900021F01EFC002833D405F10808002140461B
:103EA00021F016FC00282BD4371D2846394621F076
:103EB000ABFBB0F1FF3F23DC4046394621F0A4FBC9
:103EC000B0F1FF3F1CDC02AF384621F0CAF968466A
:103ED00021F0C7F9304639464246434600F0B8F86B
:103EE00028B9694630462A4600F04EF860B10446CB
:103EF00002A821F0BBF9684621F0B8F900E00446B9
:103F0000204604B0BDE8F08102A8694621F07CFBA0
:103F1000002854EA1084EBE7F0B581B00F46014663
:103F200038461D46164600F049FA044660B9643723
:103F3000314638462A4621F0D9FA20B1044638469F
:103F400021F094F900E00024204601B0F0BDD0F843
:103F500040C00CF1070C4FEADC0CC1F800C0B0F80F
:103F60006A1059B1C16931B1416A21B16430114659
:103F70001A4621F0D1BA6FF06D0070474BF2800005
:103F8000CFF6FF707047D4D4F0B581B01346164613
:103F90000C46054600F05CF808B101B0F0BD2A46B9
:103FA00052F80C0FB0B12046214621F04CFC0028FD
:103FB000F3D12F1D00BF00BF2046394621F024FB5E
:103FC000002823D4204621463A4621F0EDFB002864
:103FD000F2D0E2E703222046214621F076FC0028B9
:103FE000DBD12F1D00BF00BFB4F90400B0F1FF3FCB
:103FF0000CDC0021204621F06BFB38B12046214625
:104000003A4621F020FC0028EED0C6E7284621469B
:104010002246334600F01CF80028BED105F11402F8
:104020002046214621F00FFC0028B6D10435204659
:10403000294621F0E9FA002807D4204621462A46DD
:1040400021F0B2FB0028F2D0A7E70020A5E7D4D4E6
:1040500070B50C460646084611461A4621F04CFC3F
:1040600010B10546284670BDB06CC0B3B4F9040069
:104070004BF28005CFF6FF75B0F1FF3F36DD2046ED
:1040800021F0BCF9F16BB0EB410FEBD8B16C2046DD
:1040900088470028E5D10436B4F90400002816D575
:1040A0000021204621F014FB88B1204621463246EB
:1040B00021F0C9FB0028EFD0D3E700BF00BF00BF4D
:1040C00020462146324621F06FFB0028C9D1204608
:1040D000314621F099FA0028F2D50025C2E7321DB9
:1040E00020462146BDE8704021F07EBE00212046DA
:1040F00021F0EEFA0028B5D1C1E780B5DDE902EC88
:10410000CDE902ECBDE880401FF00BBB80B5DDE9D6
:1041100002ECCDE902ECBDE880401FF00BBB0028AB
:104120004FF00800C96B18BF0D20B1F5807F18BF94
:10413000002070472DE9F047ADF53A7DA1AD8946E5
:1041400007464BF2800464212846CFF6FF7438F00E
:10415000C6F9386E04F5807600284FF00001A09172
:1041600047D03878FFF789FA002842D0786B0028CA
:104170003FD0387809283CD0F86B396E4FF00D0AE3
:10418000002908BF4FF0080AB0F5807F31D10AF14D
:104190001500042139F066FD48B3804600209D904B
:1041A0009FA99EAA00239DA800903846FFF769FAB0
:1041B0000646C0B9F86BB0F5807F13D1387809286E
:1041C00010D005AE4FF41871304638F088F99D9B39
:1041D0009FA89EA9A0AA00960295019603961FF09B
:1041E000C8FA58B12646404639F04CFD01E004F5C6
:1041F000007630460DF53A7DBDE8F0874FEA8A0536
:10420000A1A940462A4638F06EF9484641462A465A
:1042100021F06CF90646002818BF6FF00F06E2E7A0
:104220002DE9F04F8DB0054600784BF280089A4694
:1042300016468B46CFF6FF78FFF71FFA002808F5E1
:10424000807052D0696B00294FD0BAF8161001293E
:104250004BD10AF1100739680968002945D029783F
:104260002C6E42F2E83C42F20843D5F83C90002C18
:104270005FEA0F9EC0F2042CC0F2042309295CEA15
:104280000381082303EA191309F00802194401EB1A
:10429000420151F82E1069B3B9F5807F25D1CDE9DF
:1042A00004710D27002C4FF0040108BF082707F107
:1042B0002D0039F0D7FC08F50071F0B1089080307E
:1042C0000391079000EB87000690002009900CA94D
:1042D0000BAA0DF12B0309A800902846FFF7D1F98E
:1042E00068B1079E04B3089F40E0804640460DB089
:1042F000BDE8F08F6FF07108F8E78846F6E73046C2
:10430000079EBA00314621F007F900285FEA0F95B1
:104310005CB13446069900286CCC6CC16CCC6CC185
:1043200094E8EC00ECC10DE001259DF82B10012074
:1043300000220023069FCDE900671FF0C3F9002883
:10434000D1D1002D089F11D109F107003946C508C8
:1043500050462A4621F0E0F830B90AF108007919F0
:104360002A4621F0D9F828B1DDF80C80384639F01A
:1043700089FCBBE707F14004099A0CA80BA9CDE919
:104380000024069A3B46059EB0470028EED15846C9
:1043900021462A4621F0AAF830B90BF1080061192C
:1043A0002A4621F0A3F810B16FF00F089BE70BF13C
:1043B0001000049920F0A8FF804694E7B0B50D46A0
:1043C0000446FFF7C5FB2046FFF775FB032D25705C
:1043D00037D142F2104042F29042C0F2042044F839
:1043E000040F2546012042F2304CC0F2042245F869
:1043F000302F42F2504242F27043C0F20800606037
:10440000C0F2042C6063C0F20422C0F2042342F222
:10441000B041C4E904C04FF0011EC0F20421C4E958
:104420000620C4E908302046C4E90A1E20F0E6FF51
:10443000A063284620F0E2FF0121C4E90F0100201B
:10444000B0BD002020704BF28010CFF6FF70B0BDE1
:1044500020B180B5182138F042F880BD7047B0B562
:104460000B4614460546D0E90421184638F03BF8BF
:10447000002029692160B0BDB0B50B461446054641
:10448000D0E90221184638F02EF80020A9682160F2
:10449000B0BDF0B58BB06F46064638461C46154693
:1044A00000F008F8304639462A46089400F054F8DF
:1044B0000BB0F0BD2C290AD0572905D0412918BFCF
:1044C000704741F2221104E041F2331101E041F260
:1044D000111110B5C18147F2181148F6486EC2F2A9
:1044E000012140F8141B002148F6286248F6386381
:1044F000C2F2012EC2F20122C2F2012345F2CA3CED
:104500000EC048F6586145F65540C2F20121CEF87A
:10451000001048F64071AEF804C0C2F2012144F226
:10452000277C44F22B74C0F2002C888048F650702F
:10453000C2F20120086044F22370C0F20024C0F2ED
:104540000020C2E9000CC2E9024EC3E9000CC3E935
:104550000241BDE810407047B0B50D46044608461C
:10456000114630F0AAF8B0F1553F12D1284630F08C
:10457000FEF9B0F1553F0CD104F1080204F110032B
:104580002846214630F044FAB0F1553F5FEA0FA0CB
:10459000B0BD4FF0FF30B0BD70B58CB001AE054678
:1045A00030461446FFF786FF00222846314609941C
:1045B000FFF7D2FF0CB070BD2DE9F04F95B042F27D
:1045C000B4470DF10409C0F204274FF0000BCDF8F9
:1045D0001CB0CDF810B0CDE905BB4D4650CF50C54D
:1045E000824638881646BA78288009A898461F9CC3
:1045F000AA70FFF75FFF119440F6AA20ADF83000D3
:1046000006A80D90B6B114A96A463046CDF800B0A0
:10461000CDF850B023F0ACFD38BB009E09F102008C
:104620001499324637F05FFFCDF81490B01C049017
:1046300004A80E90DAE90201CDE9120109A9504659
:104640002CF012FDB0F1553F0FD109A940462CF0D6
:10465000A5FEB0F1553F08D11E9909A82CF0C4FF62
:10466000B0F1553F5FEA0FA001E04FF0FF3015B009
:10467000BDE8F08F2DE9F04F95B042F2B4440DF152
:104680000408C0F204244FF0000BCDF81CB0CDF8A4
:1046900010B0CDE905BB4546C0CCC0C582462088D8
:1046A0001646A278288009A899461F9FAA70FFF78E
:1046B00001FF119706A80D90B6B114A96A463046BD
:1046C000CDF800B0CDF850B023F052FD20BB009ED5
:1046D00008F102001499324637F005FFCDF8148036
:1046E000B01C049004A80E900AF1080109AA4846DB
:1046F0002EF030FEB0F1553F0ED11E9809A92EF0D4
:10470000F6FFB0F1553F07D109A82FF0BFF8B0F17F
:10471000553F5FEA0FA001E04FF0FF3015B0BDE854
:10472000F08F36F058BA36F013BB36F0D9BCD0F85B
:10473000E812CA1ED2B2102A06D842F2C043C0F212
:10474000042353F8222000E0002280B5C0F8EC22B8
:1047500024F0F6FA002840F20000CAF6AA2008BFAA
:104760004FF0553080BD80B524F016FB002840F294
:104770000000CAF6AA2008BF4FF0553080BD80B5B2
:104780001346D0F8EC2224F046FB002840F200004B
:10479000CAF6AA2008BF4FF0553080BD36F01BBACC
:1047A00036F0D6BA36F09CBC20B180B5202137F067
:1047B00096FE80BD704770B50D4614460646D0E99A
:1047C0000221284637F08FFEB068D6E9042128443C
:1047D00037F089FEB168326900201144216070BD54
:1047E000B1F5007F0FD0B1F5806F07D0B1F5407FF4
:1047F00013D14FF490714FF4946207E04FF4C071FD
:104800004FF4C46202E0C0214FF44872436803EBE6
:104810008101C0E90621002070476FF06D007047EC
:104820002DE9F0418AB001AF804638461D46164654
:10483000109C00F021F8384631462A46099434F09D
:1048400041FCB0F1553F12D101A834F083FDB0F125
:10485000553F0CD108F1080208F1100301A84146A8
:1048600034F0C6FDB0F1553F5FEA0FA001E04FF014
:10487000FF300AB0BDE8F081B1F5007F0CD0B1F592
:10488000806F06D0B1F5407F18BF704742F22221F9
:1048900004E042F2332101E042F211212DE9F0411E
:1048A00049F26838818149F278611124C2F2012805
:1048B000C2F20121016049F2380149F2480349F28C
:1048C000580249F2680CC0F20024C2F20121C2F27F
:1048D0000123C2F20122C2F2012CC0E9041349F201
:1048E000780E8261C0F81CC0A01CC8F8E80249F22A
:1048F000586045F2CA35C2F20120C2F2012E4BF6D1
:10490000A81645F65547858049F26865C2F201252B
:10491000CEF8E842C2F201260660AF802E6044F273
:104920002F7644F2677744F27F74C0F20026C0F21B
:104930000027C0F20024C1E90067D060CCF80C5019
:10494000C1E9024E44F29D71C0F20021C3E9006743
:1049500044F2A577C0F20027C3E9024844F2A173EC
:10496000C0F200238AC28CE88A00BDE8F04170479B
:1049700070B58AB001AE044630461546FFF77CFF9D
:10498000002100223046099534F09CFBB0F1553FE0
:1049900012D101A834F0DEFCB0F1553F0CD104F186
:1049A000080204F1100301A8214634F021FDB0F102
:1049B000553F5FEA0FA001E04FF0FF300AB070BD35
:1049C0002DE9F0418AB001AF0646384698461546B3
:1049D000109CFFF751FF06F118003946099432F098
:1049E00003FEB0F1553F0FD101A832F016FFB0F130
:1049F000553F09D101A82946424632F0CFFFB0F118
:104A0000553F5FEA0FA001E04FF0FF300AB0BDE86C
:104A1000F0812DE9F0418AB001AF0646384698464C
:104A20001546109CFFF728FF284631463A46099460
:104A300033F06AFAB0F1553F0ED101A833F094FB80
:104A4000B0F1553F08D101A8414634F0C1F9B0F1A9
:104A5000553F5FEA0FA001E04FF0FF300AB0BDE81C
:104A6000F08180B51EF0FEFD002818BF6FF06F00CA
:104A700080BDD4D4D4D4D4D42DE9F04788B09146A5
:104A80000D46064611294FF000000790CDE90500BC
:104A900000901060CDE90300CDE901001ED30DF1B7
:104AA0001008EA4600BF00BF4046514600F02CF80F
:104AB00028BB5146404691E89C009CC010223046DD
:104AC000514637F010FD103DD9F80000102D06F1C9
:104AD000100600F11000C9F80000E5D86F4604A8E0
:104AE000394600F011F80446304639462A4637F078
:104AF000FAFCD9F800002844C9F8000000E0044698
:104B0000204608B0BDE8F08770B50C460546002683
:104B100020461EF0CEFD98B910222046294639F0D5
:104B20008BF900285FEA1F9186F0010201261142ED
:104B3000EED1002840F20800C0F2010018BF0020AA
:104B400070BD704770B586B0044601A815460E4684
:104B500020F087FB354403A804AA30232946039696
:104B600020F0FCF908B1064608E0DDE903014BF648
:104B700080760844CFF6FF76854202D0304606B0F4
:104B800070BD03A805AA294620F001FA0028EAD141
:104B900005980028F2D103A801AA294600F08CF854
:104BA00038B1064601A820F061FB204600F051F91B
:104BB000E4E704F1080601A9304620F0A5FB18B18E
:104BC000B0F5814604D013E0304620F01BFC606055
:104BD00003A801AA294600F06FF80028E1D104F1EA
:104BE000100001A920F090FB48B1B0F5814606D035
:104BF00001A820F03BFB002ED7D10026BEE703A87A
:104C000001AA294600F058F80028CAD104F118007A
:104C100001A920F079FB10B1B0F58146E8D103A8D5
:104C200001AA294600F048F80028BAD104F1200072
:104C300001A920F069FB10B1B0F58146D8D103A8D5
:104C400001AA294600F038F80028AAD104F128006A
:104C500001A920F059FB10B1B0F58146C8D103A8D5
:104C600001AA294600F028F800289AD103A801AA31
:104C7000294600F021F800287FF493AF03A801AA89
:104C8000294600F019F800287FF48BAF204600F089
:104C900026F806460028ABD1204600F0B4F80028DC
:104CA0007FF47FAF0398A84202D06FF0650679E7E2
:104CB00001A820F0DBFAA0E7B0B5144620F0C3F954
:104CC000054650B900212046002520F001FD0028AE
:104CD00004BF4BF68075CFF6FF752846B0BD2DE9B1
:104CE000F04F83B004460830002120F0F1FC029020
:104CF000002804F120004FF000015FEA1F9A20F025
:104D0000E7FC074604F12800002120F0E1FC804682
:104D100047EA000504F118000021002F5FEA0F9612
:104D200020F0D6FC814604F11000002120F0D0FCD8
:104D300000285FEA0F92B8F1000F5FEA068B002DA2
:104D40005FEA0F91B9F1000F5FEA0F9641EA0A019D
:104D50005FEA1B8981F0010A41EA060181F0010145
:104D600018BF4BEA0A0B41EA0B0101294BF680718F
:104D7000CFF6FF713AD1C8B3029804F1080588B99B
:104D800087B1B8F1000F0DD01746284604F1200175
:104D900004F1280220F0B0FD30BB284620F032FBA1
:104DA0003A46606006EA0A0010400DD004F128007F
:104DB0000090284604F11001154604F1180204F190
:104DC000200326F086FF0DE019EA020004F120001E
:104DD00004F128010ED0154604F1100204F1180365
:104DE00027F06EF82A4628B1A0F58141084603B0A5
:104DF000BDE8F08F0BEA02010122204603B0BDE8B6
:104E0000F04F00F067BA70B54BF600640021002245
:104E10000646CFF6FF7400F05DFAC0B906F108054A
:104E2000284620F0EBFA802811D3103600213046B6
:104E300020F0BDFA58B1304620F0E0FA022806D33F
:104E40003046294620F0E0FB002848BF00242046D9
:104E500070BD10B310B50446603020F007FA04F1BD
:104E6000680020F003FA04F1480020F0FFF904F193
:104E7000180020F0FBF904F1280020F0F7F904F104
:104E8000200020F0F3F904F1100020F0EFF904F114
:104E90000800BDE8104020F0E9B97047F0B583B0D4
:104EA0008D180646029102A801AA3023294620F057
:104EB00055F808B1044608E0DDE901104BF68074AE
:104EC0000844CFF6FF74854202D0204603B0F0BDFF
:104ED00002A801AA0223294620F040F80028E9D1BF
:104EE000029971B106F10807019A384620F0FEFADE
:104EF000B0F5814F05D00028E7D1384620F082FA7E
:104F00007060DDE9010101AA0844029002A80223B1
:104F1000294620F023F80028CCD1029949B1019A02
:104F200006F1100020F0E2FAB0F5814F18BF00281A
:104F3000CBD1DDE90101084402903046FFF7CFFEF6
:104F40000028C2D13046FFF75EFF0028BDD102988D
:104F5000441B18BF6FF06504B7E72DE9F04184B03A
:104F600002AE074630461546884620F07AF9002101
:104F7000002238463346002400F0C0F820B306462D
:104F800002A820F073F9002E00F1B4800022284618
:104F9000414620F0F8F80646002800F1AB80344482
:104FA00028464146224620F073F80646002800F1C4
:104FB000A18030222846414620F095F8002800F1D3
:104FC000928031190E1895E002AA2846414620F039
:104FD00097F80446002800F1898002AA00210023E6
:104FE000384600F08BF80028C9D102AA284641466D
:104FF00020F086F8002878D4044402A90022002377
:10500000384600F07BF80028B9D102AA284641466C
:1050100020F076F8002868D40444002002AB002178
:105020000022CDE90000384600F0A6F80028A6D1FD
:1050300002AA2846414620F063F8002855D40444CB
:10504000002002AA00210023CDE90000384600F02C
:1050500093F8002893D102AE28464146324620F00C
:105060004FF8002841D404440021002200230020EE
:10507000CDE90060384600F07FF800287FF47FAF6C
:1050800002AE28464146324620F03AF800282CD499
:1050900004440021002200230020CDE90006384608
:1050A00000F06AF800287FF46AAF02AA2846414659
:1050B00020F026F8002818D40444002002A9002279
:1050C0000023CDE90000384600F056F800287FF4B0
:1050D00056AF02AA2846414620F012F8064620EABA
:1050E000E07004444CE7064604E0044602A820F0C1
:1050F000BDF82646304604B0BDE8F0812DE9F04108
:1051000082B00C4606464BF6807508300021984662
:105110001746CFF6FF7520F0DBFA38B306F1200012
:10512000002120F0D5FA08B306F12800002120F074
:10513000CFFAD8B106F11800002120F0C9FAA8B1C1
:1051400006F11000002120F0C3FA78B14FF0FF30D3
:1051500001902CB93C461FB9B8F1000F444609D064
:1051600001A90422204620F0C1F90546284602B0D4
:10517000BDE8F0810025F9E72DE9F04381B000F1A9
:1051800008090D460446002148461E461746DDF82C
:10519000208020F09DFAB8B104F12000002120F019
:1051A00097FA88B104F12800002120F091FA58B153
:1051B00004F11800002120F08BFA28B104F110004E
:1051C000002120F085FA40B94BF68070CFF6FF70D1
:1051D00047BB3EBBB8F1000F24D125B12846494654
:1051E00020F092F8F0B92FB104F12001384620F0F8
:1051F0008BF8B8B92EB104F12801304620F084F8BC
:1052000080B9B8F1000F05D004F11801404620F034
:105210007BF838B9099820B104F1100120F074F836
:1052200000B9002001B0BDE8F0832DE9F04184B061
:1052300002AF044638461546884620F012F8002191
:105240000022002320460026CDE90067FFF794FFE7
:10525000B8B1074602A820F009F8002F36D4284636
:10526000414632461FF014FF074600282ED4302254
:10527000284641461FF037FF002826D4B9190F18D9
:1052800024E002AA284641461FF03AFF0646B0F144
:10529000FF3F15DD002002A900220023CDE9000018
:1052A0002046FFF769FF07460028D3D102AA284607
:1052B00041461FF025FF074620EAE0700644C9E793
:1052C00002A81FF0D3FF374600E00746384604B077
:1052D000BDE8F0812DE9F04381B000F108060546F4
:1052E0004BF680744768304690468946CFF6FF7487
:1052F00020F088F8874233D16868B0F5806F2FD8E6
:105300000021304620F0E4F9012829DB0021304655
:1053100020F04DF820B305F11000002120F0D8F95D
:1053200001281DDBB9F1000F19D005F1180000218B
:1053300020F0CEF9012813DBB8F1000F0FD005F1F2
:105340002000002120F0C4F9012809DB05F1280024
:10535000002120F0BDF90128A8BF002400E00024AE
:10536000204601B0BDE8F08380B57C2137F0B7F866
:1053700080BDF0B581B04BF600750129CFF6FF7501
:105380000BD80C461646074604D11EB1304622F013
:10539000EFF810B10025C7E91C46284601B0F0BD62
:1053A00040687047D4D4D4D42DE9F04F95B0074667
:1053B00001A8984691460E461E9C22F0E6F820462B
:1053C00022F0D6F8A8B101AD0446284622F0DDF857
:1053D0000022284621464FF0000B22F00DF980B143
:1053E000824604A8402122F0E9FE01A822F0D2F86A
:1053F00003E04BF6807ACFF6FF7A504615B0BDE851
:10540000F08F204622F01AFA044604A8402137F013
:1054100066F8CDF850B0A6B301AD00BF00BF00BF25
:105420002846A64256EA348B22F03CF90028D7D110
:1054300028464946424622F06BF90028D0D1042282
:10544000284614A922F064F90028C9D1284604A9E5
:1054500022F084F90028C3D154B14BF001E004A834
:1054600010F8011B3A78514007F8011B0FF009C0F2
:105470009DF85300B6EB0B0600F101008DF85300C8
:10548000CED14FF0000AACE72DE9F04F89B0129F62
:105490008A46139D4BF6807853EA0701CFF6FF78D2
:1054A0005FEA0F91002D5FEA1181BAF1000F7BD006
:1054B000002979D18146159807901E461446DDF8DB
:1054C00050B0D9F80400089043B1304622F050F8AB
:1054D00022F0B4F9002867D0874265D1D9F874006A
:1054E0000694010656EA0080C6B2304622F040F823
:1054F00022F0A4F9002857D004461BF101000596BC
:1055000009D0BBF1000F089E4ED40BEB0400023013
:10551000B0420CD948E0089EB6EB440F44D360007B
:10552000A3460230864202D2301BA0F1020BDDF806
:105530001C803146404636F0D2FF09F108001FF0CA
:105540005DFF361B0490A6EB0B01012041445A4637
:10555000A1F1010801F8020C06984146D04710B1AC
:10556000A0F5894820E0029608EB0B00059E039009
:10557000CDE900062846394642465B4600F027FA48
:1055800088B90498079D00F00700029A01285FEA95
:105590001F9000962346039EC1432844114432467F
:1055A000FFF702FF20B18046404609B0BDE8F08F0A
:1055B00009F108001FF022FF08992A78C9002B463C
:1055C0000131081AFF2121FA00F0514610402870DD
:1055D000BC20305512954846069A09B0BDE8F04FF8
:1055E00000F0CABCD0F870C0BCF1010F05D14BB9B6
:1055F000D0F874C0BCF1000F04D14BF68070CFF628
:10560000FF707047B0B584B0DDF828C04FF0FF35AB
:10561000DDE9084ECDE9004ECDE9025CFFF734FF2D
:1056200004B0B0BD2DE9F04F81B00A9D4BF68078F3
:10563000CFF6FF78934653EA05070F4604460B9AC8
:10564000464601D0002A3ED0206FE0BB666818466F
:1056500029463346DDF83090CDF8009000F049F847
:10566000064680BB65680120294638F0FBFA40B346
:1056700082460120294638F0F5FAF8B10546204661
:1056800039465A464B46CDF800A000F075FC28B9C3
:10569000204651462A4600F01BFCD0B10646616800
:1056A000504622F099FD6168284622F095FD76B1BA
:1056B00061682122484636F00DFF04E0504638F07C
:1056C000E1FA6FF00F06304601B0BDE8F08F00261A
:1056D000F9E762682846494621F096FD10B1A8F521
:1056E0002076DCE762684846514636F0FCFE00262C
:1056F000D5E72DE9F04F83B007464BF680799B46FE
:1057000090460E46CFF6FF794FF00000CDE901003C
:10571000EFB1384621F02CFF22F090F8002866D037
:10572000044601A902AA384622F022FDA64208BF7B
:1057300000285CD1029C301908307F289CBF06F1FC
:105740000A0010EB040052D2834504D24FE0B34567
:105750004DD300243046ABEB000ABAF10B0F46D311
:105760000C9D4FF48070AAF10301FF2225F8020B73
:10577000284636F0AFFEAAF1030005EB00014FF01A
:105780000002084600F8012B5FB30C9F05EB0A03EB
:105790003020321905F80A001D1D07F80A000832EA
:1057A0008A70201D5870062098700199284622465C
:1057B000DC7036F098FE281905212953041D0421B8
:1057C0008170C67020464146324636F08CFE07EBAB
:1057D0000B00A119814208D03846594622F0EEFC50
:1057E00005E04146324636F07EFE4FF0000948465D
:1057F00003B0BDE8F08FF0B585B0DDF828E04BF6DA
:10580000007CCFF6FF7C0C9C53EA0E050B9D0CF13F
:10581000800602D00DB9B4460BE0076F012F0BD004
:105820003FB90C94CDE90AE505B0BDE8F040FFF7BB
:10583000F9BE604605B0F0BD13B9476F002FEAD03E
:105840004FF0FF37CDE900E5CDE90274FFF71CFE0C
:10585000F0E72DE9F04FADF2544D0D4606464BF6FC
:10586000007905A84FF480619A461446CFF6FF7977
:1058700036F035FE55EA040009F1800703D0BAF18D
:10588000000F00F09F80D6F804806FF47C70A8F2BF
:1058900001418142C0F096800DF1140BDDF88014B7
:1058A00030465A4600F014FB08B107468AE0A8F1DA
:1058B00001001BF80000BC2840F0838045B1284659
:1058C00021F056FE21F0BAFF00287BD0844279D126
:1058D000DDF8780421F04CFE21F0B0FF002871D0F3
:1058E000054606F108001FF089FD9DF81410A0EB95
:1058F000C8020732D14065D1461E7007A8F10100E9
:1059000050EA088805F1020008BF0BF1010B804541
:1059100058D3A8EB050004900BEB0001E84303917A
:105920004A1E08EB0001DDF87804009058462B462B
:105930000292FFF739FD0028B7D1C6EBC800FF215E
:105940009DF8142021FA00F00499DDE902370329BB
:1059500000EA02008DF814000AD3B81EDDF878C4FE
:105960009BF8001041B90BF1010B8345F8D301E01E
:10597000DDF878C49BF80010012922D1DDF87C0401
:105980000BF10102411C1E46A3EB020302D083422D
:105990004F4617D10DF21440CDE9000C5046214678
:1059A00000F015F800287FF480AF0DF21441304666
:1059B0002A4638F041FA0746002818BFA9F5207793
:1059C00000E04F4638460DF2544DBDE8F08F2DE90A
:1059D000F04387B007460F98984691460E4600213F
:1059E000CDE9041121F0C4FD48B301AD04462846B9
:1059F00021F0CBFD00222846214621F0FDFDC8B94B
:105A000001A821F04FFEA8B901A804A9082221F09D
:105A10007FFE78B901A83946324621F079FE48B9AF
:105A200001A84946424621F073FE18B90E9901A813
:105A300021F094FE044601A821F0ACFD03E04BF6F2
:105A40008074CFF6FF74204607B0BDE8F08351EABA
:105A5000020C05D023B94BF68070CFF6FF7070476B
:105A6000B0B584B0D0F874C0DDF820E0BCF1000F10
:105A700051EA0C8C4FF0FF355FFA8CF48DE8304022
:105A8000FFF7E7FE04B0B0BD2DE9F04F81B04BF653
:105A9000804B17460D4611431C460646CFF6FF7B4A
:105AA00003D014B90BF540772BE0D6F804A0012001
:105AB000514638F0D7F8D0B181460120514638F030
:105AC000D1F8B8B180460090284639462246534660
:105AD000FFF70FFE28B90A9930464A4600F0F8F958
:105AE00098B107464846514622F076FB05E06FF034
:105AF0000F0706E06FF00F07C8464046514622F0F8
:105B00006BFB384601B0BDE8F08F4846414652462F
:105B100021F07AFB00285BEA1087E3E710B54BF62B
:105B2000007C51EA0204DDF808E0CFF6FF7C03D0E8
:105B300013B90CF1800C09E0046F012C08D02CB9CA
:105B4000CDF808E0BDE81040FFF79EBF604610BDED
:105B5000CDF808E0BDE81040FFF779BFF0B5E9B037
:105B600002A91D4614460746002068900E1D01201C
:105B70000B2100220023CDE900461DF0A3FD30B922
:105B800068A8002231463B4600951DF067FE69B0CB
:105B9000F0BD80B582B084460020019001A80022AB
:105BA000009363461DF05AFE02B080BD2DE9F0431C
:105BB000F1B027AC0F4681464FF4947120469846C9
:105BC000164636F08CFC03AD002026908022CDE9ED
:105BD00024002846314636F086FC386823900120A0
:105BE0000A2100220023261DCDE900561DF06AFD82
:105BF00028B903A930464A4643461DF039FE71B024
:105C0000BDE8F0832DE9F043ADF2645D09AD0E46C9
:105C100004464FF4A86128469846914636F05FFC4A
:105C200005F548770020039005F54772043503A970
:105C300004A8CDE9005020463B461DF0A2FD0446D5
:105C400080B94FF445723046294636F04CFC4FF48B
:105C500080724846394636F046FC182105224046F7
:105C600036F038FC20460DF2645DBDE8F083F0B5F7
:105C7000ADF5497D02A91D46144607460020C8908F
:105C80000E1D01200D2100220023CDE900461DF04C
:105C900019FD30B9C8A8002231463B4600951DF0D9
:105CA000E2FD0DF5497DF0BD80B582B0844600204F
:105CB000019001A80022009363461DF0D4FD02B0BC
:105CC00080BD062070472DE9F04782B00A994BF657
:105CD0008066B1F1011FCFF6FF764ED10446B3F5D1
:105CE000006F4FF0012001904AD1A06F002847D0EB
:105CF00042F20451C0F2042151F820704FF4D370E5
:105D0000042137F0AFFF002840D0054600F5467A61
:105D100000F583694FF4A040294652464B46B847E8
:105D200004F10808F0B94FF48072404651461FF064
:105D3000DDFBA8B904F1100001A904221FF0D6FB75
:105D400070B904F118004FF4467229461FF0CEFBDB
:105D500030B904F12800182249461FF0C7FBE0B112
:105D60006FF00F060027284637F08CFF40461FF0E3
:105D700049FB60606FB1002604E006F5807601E023
:105D80006FF07106304602B0BDE8F0876FF00F0685
:105D9000F8E72046FFF75DF8F4E704F12000182249
:105DA00049461FF0A3FB00285FEA1F97064618BF6D
:105DB0006FF00F06D7E72DE9F043ADF27C4D86ACCE
:105DC0000F4681464FF4197120469846164636F024
:105DD00086FB02AD002085904FF40072CDE9830070
:105DE0002846314636F07FFB38688290012010212A
:105DF00000220023261DCDE900561DF063FC28B9C2
:105E000002A930464A4643461DF03EFD0DF27C4D48
:105E1000BDE8F0832DE9F043ADF55F7D66AC0F463C
:105E200081464FF4F27120469846164636F057FBED
:105E300002AD002065904FF4C072CDE963002846A2
:105E4000314636F050FB3868629001200E21002266
:105E50000023261DCDE900561DF034FC28B902A907
:105E600030464A4643461DF00BFD0DF55F7DBDE80B
:105E7000F0832DE9F043ADF5517D47AC0F468146E7
:105E80004FF40A7120469846164636F028FB03ADBB
:105E9000002046904FF48072CDE9440028463146F8
:105EA00036F021FB3868439001200C2100220023AA
:105EB000261DCDE900561DF005FC28B903A9304682
:105EC0004A4643461DF0D8FC0DF5517DBDE8F083F0
:105ED0002DE9F04782B0D0F804800746A8F1800091
:105EE0004FEAF013032B1BD8924642F21C52C0F229
:105EF00004220D46F9894FEA980052F823404BF6E8
:105F00009022C2F201224BF680598142CFF6FF79EE
:105F1000176008D00139814205D009F5007025E0ED
:105F20006FF0710022E03969096809BA0191042112
:105F300037F098FEC0B1064607F1080031464246E8
:105F40001FF0EAFA0DF1040828464146324653464E
:105F5000A047B0F5803FF7D00746304637F092FEB5
:105F6000002F59EA178001E06FF00F0002B0BDE882
:105F7000F087D4D4D4D4D4D42DE9F04F81B046687E
:105F80000546C089B7084BF600599846B842CFF687
:105F9000FF7905D00138B84202D009F5207448E0F5
:105FA000802E10D0B6F5807F3ED1A86F42F20C5102
:105FB00000285FEA0F90C0F204214FF4807418BFEC
:105FC0004FF446740CE0A86F42F2145100285FEAC7
:105FD0000F90C0F204214FF0800418BF4FF4CC742E
:105FE00001EB8000D0F800B0BBF1000F1CD0A0196D
:105FF0000421800837F036FEC8B1824605F108005A
:10600000514632461FF088FA40B90AEB870605F17F
:106010001800314622461FF07FFA70B16FF00F046E
:10602000504637F02FFE04E06FF0710401E06FF08E
:106030000F04204601B0BDE8F08F0A9D4FF4803474
:10604000B4F5803F06D14046314652462B46D847EC
:106050000446F5E7002CE3D04C46E1E780B54FF469
:10606000867136F03CFA80BD18B14FF4867122F08B
:10607000A5B87047D4D4D4D4012902D96FF07300E5
:1060800070474FF00002C0E9002221B112A292ED48
:10609000001F15A203E008A292ED001F0AA292EDD4
:1060A000003F8166012180ED023F80F8701080ED95
:1060B000061F0020704700BF510E527F9B05688C61
:1060C0001F83D9AB5BE0CD196A09E667BB67AE8574
:1060D0003C6EF372A54FF53AFFC00B3168581511AD
:1060E00064F98FA7BEFA4FA4C1059ED8367CD507A8
:1060F0003070DD17F70E59397AB12DE9F04381B0D0
:10610000064600681446894648B110F03F052F4600
:1061100014BFC7F14007402503E000207047002767
:1061200000250019306002D3706801307060D5B16D
:10613000BC4219D906F12808494608EB05003A4641
:1061400036F0D1F9D6F80401012803D1D6F80801B8
:1061500000284CD040223046414600F0DFF80028AD
:1061600042D1B944E41B002507F14000844233D9F1
:10617000A7094FF0FF30A10608BF00EB9417A4EB6E
:1061800087144FEA8718D6F804014CB1012802D1D0
:10619000D6F80801C0B301200021C6E9411011E082
:1061A000012802D1D6F80801B8B309EB080106F1BD
:1061B000C4004039402236F096F9013F0120002109
:1061C000C6E94101402C00D837B1BA0130464946F2
:1061D00000F0A4F840B9C1442CB1701949462830E8
:1061E000224636F080F9002001B0BDE8F08306F1C8
:1061F000C4014022304600F091F80028F4D101207B
:106200000021C6E94110A5E706F1C401402230464D
:1062100000F084F80028BED0E6E706F1C401402271
:10622000304600F07BF80028DED101200021C6E9CD
:106230004110BAE7F0B581B00446006810F03F069F
:106240000D4608BF40260028D4F804010FD00128CD
:1062500002D1D4F80801D8B194F8700004F12801F3
:106260003246013818BF032084F870000AE0012884
:1062700002D1D4F80801F8B1002084F8700004F1CC
:10628000C4010022204600F049F860B307463DE013
:1062900094F87000012802D0022084F8700004F104
:1062A000C4014022204600F039F80028EED1012038
:1062B0000021C4E94110CFE794F87000012803D011
:1062C000022804D1032000E0002084F8700004F1CB
:1062D000C4014022204600F021F80028D6D1012038
:1062E0000021C4E94110A0682860E0686860206966
:1062F000A8606069E860A0692861E0696861206A57
:10630000A861A06E08B9606AE86100274FF4867141
:10631000204621F053FF384601B0F0BD2DE9F0438F
:1063200091B009AE0D46044620213046174636F09E
:10633000D6F8A06E94F8701001284FF0010050EAD2
:106340000090079105F01EF894F87010089003294A
:1063500033D002291FD001294ED1022084F87000C9
:106360004FF0004005F00EF844F8BC0F0020A4F1F7
:1063700048084FF0000905F005F8F91C60608A082C
:1063800008A807A9CDE903292A462346CDE90086B6
:10639000CDF808800DE0F81C04F174018008CDE907
:1063A000001600230022CDE9021008A807A90492D4
:1063B0002A461DF0EBF9A8BB3CE0206804F1740C00
:1063C000C100400FC4E92D10F81C7B0FFA00C4F87F
:1063D000BC30C4F8C02080080022CDE902C008A863
:1063E00007A9002304922A46CDF800C001961DF0AB
:1063F000CDF9B8B9083418E004F1740054F8081B5A
:106400004A0F0592FA1CC90006919108009005AB4D
:10641000CDE9020108A807A92A46019604941DF0B7
:10642000B5F910B16FF06F0005E00FCE0FC496E81C
:106430000F000FC4002011B0BDE8F08380B54FF409
:10644000367136F04CF880BD18B14FF4367121F03A
:10645000B5BE7047B0B54A1ED2B2032A1DD8044655
:1064600042F24450C0F2042042F23C53C0F20423F2
:10647000002530F8120033F81220A4F8CC0084F87C
:10648000D010CC212046A4F8CE20C4E9355536F0F2
:1064900026F8012084F8DC0001E06FF0750528463D
:1064A000B0BDA2B32DE9F047B0F8CE700646D0F8E3
:1064B000D40088461446B0FBF7F101FB170A801898
:1064C000C6F8D40004D3D6F8D8000130C6F8D800F6
:1064D000BAF1000F21D0A7EB0A05AC421FD306F595
:1064E0001279414609EB0A002A4635F0FCFFD6F83E
:1064F0004002012803D1D6F84402002854D0304687
:1065000049463A4600F04CF918B1BDE8F087002042
:106510007047B6F8CE70A844641B4FF0000ABC4226
:1065200036D3B4FBF7F9D6F8400209FB17445CB147
:10653000012803D1D6F84402002844D001200021CC
:10654000C6E990104D4612E0012803D1D6F8440266
:10655000002843D0A9F1010506F5D87005FB078195
:106560003A4635F0C0FF01200021C6E990010DB97F
:10657000BC420DD905FB07F23046414600F010F948
:10658000002818BFBDE8F087B6F8CE0009FB0088E8
:106590003CB106EB0A00414600F51270224635F088
:1065A000A2FF0020BDE8F08706F5D87130463A46D4
:1065B00000F0F6F80028A8D1B6F8CE70012000212E
:1065C000C6E990109BE706F5D87130463A4600F0D0
:1065D000E7F8002899D1B6F8CE70AFE706F5D87184
:1065E00030463A4600F0DCF800287FF48EAFB6F86B
:1065F000CE7001200021C6E99010ABE7F0B581B064
:10660000B0F8CE200446D0F8D4000D46B0FBF2F32B
:1066100003FB1206D4F840027EB1012802D1D4F85F
:106620004402D8B194F8DC0004F512713246013806
:1066300018BF032084F8DC000AE0012802D1D4F856
:106640004402F0B1002084F8DC0004F5D871002287
:10665000204600F0A5F850B3074652E094F8DC005D
:10666000012802D0022084F8DC0004F5D87120460D
:1066700000F096F80028EFD101200021C4E9901025
:10668000D0E794F8DC00012803D0022804D10320CD
:1066900000E0002084F8DC0004F5D871204600F00A
:1066A0007FF80028D8D101200021C4E9901094F887
:1066B000D000013803282CD8DFE800F014120A02B9
:1066C000D4E90E01E963A863D4E90C016963286386
:1066D000D4E90A01E962A862D4E908016962286282
:1066E000E069E861A069A861D4E9040169612861F1
:1066F0000027D4E90201E960A860D4E900016960DB
:1067000028604FF43671204621F058FD384601B01C
:10671000F0BD6FF07507F4E7F0B5ADF5377D0E46C7
:10672000074668464FF436711C46154635F0D7FECD
:10673000781EC0B2032828D842F2445142F23C529B
:10674000C0F20421C0F204228DF8D0706F4631F8F7
:10675000101032F81000ADF8CC10ADF8CE000020CB
:106760003690CC21384635F0BAFE01208DF8DC0099
:10677000384631462A46FFF794FE054638B9684642
:106780002146FFF73BFF054601E06FF075056846BF
:106790004FF4367121F012FD28460DF5377DF0BD1E
:1067A000F0B599B009AE0C46054640213046174673
:1067B00035F095FE95F8D00095F8DC10079101387A
:1067C000C0B203281DD804F0DDFD95F8DC10089058
:1067D000032929D0022917D001292FD1D5F8D410A7
:1067E000022085F8DC00480F0590C8000690F81CD0
:1067F00005F1E002870808A807A905ABCDE9005616
:106800000BE06FF0750038E0F81C05F1E002870836
:10681000CDE9002608A807A90023CDE902272246D2
:106820001CF0E8FFF8B927E0F81C05F1E002870842
:1068300008A807A90023CDE900260EE0D5F8D4006A
:1068400005F1E002410FC0000690F81C0591870891
:10685000CDE9002608A807A905ABCDE90227224605
:106860001CF0C8FF10B16FF06F0006E0B5F8CC2047
:1068700009A9284635F037FE002019B0F0BD70B5E3
:106880001C4615460E461CF0EDFE10B16FF06F0071
:1068900070BD304629462246FEF7EEF8002818BFA4
:1068A0006FF06F0070BD2DE9F04184B01D460E46BB
:1068B00004461AB915B16FF0860567E0208800F428
:1068C000E041B1F5005F18BFB1F5805F10D104F170
:1068D00020023146FCF7DEF80546002856D1208814
:1068E0003146D4E9082304B0BDE8F041FCF705B90E
:1068F0004FF20101884238D1A6F580604FF00111B6
:106900004FEAB020039103283ED871073CD142F2F0
:106910004C51C0F2042151F8208035B1101D03AA5A
:10692000294624F0F1FB054680BB01207C2101258E
:1069300037F098F900284ED00746FEF715FDBD67E1
:10694000039800210022009038463346FFF7BBF938
:1069500028B92046414621F0BEFD00283ED005461C
:106960003846FEF776FA38465AE020F0FF01B1F5D6
:10697000714F09D100210291C0B2314625F094F93E
:106980000746FDF78FF82DB16FF08505284604B056
:10699000BDE8F081002F6FF08505F7D00028F5D015
:1069A0000120842137F05EF9A8B10646FDF7A9F869
:1069B00038463146FCF7D2F868BB6088A0F1FF0189
:1069C00002291ED3B0F5C07F1DD040F209218842B4
:1069D0001BD164271AE06FF08C05D7E72088226A64
:1069E00004F1240100913946434624F02EFB05466C
:1069F0003846FEF72EFA384637F044F9002DC5D058
:106A000026E0342702E0442700E0002720463946EC
:106A100021F061FD38B105463046FDF7E0F830461B
:106A200037F030F9B2E7226A02A930463B46FDF75B
:106A30008EFA21F0E3FB05463046FDF7D0F83046EC
:106A400037F020F9002DA1D0206A394635F047FDF6
:106A5000204621F0DCFD99E72DE9F04385B00C4696
:106A60000E8890461D46678806F4E041B1F5005F48
:106A7000049718BFB1F5805F1BD10020B0EB557FA4
:106A80006FF085006CD14FF6F872E900914267D83B
:106A900004F1200930464A46FBF7FCFF00285FD18D
:106AA000002D41D0D9F8000041462A4635F01BFDA3
:106AB0003AE0814646F4004020F0FF00B0F5714F07
:106AC00014D12046294621F006FD002848D1204651
:106AD00004AA50F8241F50F8043CCDE9001002929B
:106AE000484641462A4623F0E8FA1BE044F6FF7088
:106AF0004CF20101304000F50040884218D1204698
:106B0000294621F0E8FC58BB204604AA50F8241F6F
:106B100050F8043CCDE900100292484641462A460E
:106B200024F06BFAE0B9049F4FF6F870874202D95F
:106B30006FF0850014E021880D9801F4E042B2F571
:106B4000005F18BFB2F5805F0DD1616AC900618036
:106B500028B10C9A0021204621F0E7FF00E0002038
:106B600005B0BDE8F08344F6FF724CF201030A4021
:106B700002F500429A42E8D021F0FF02B2F5714FCF
:106B800001D16188E3E701F49E4101F50041B1F5CF
:106B9000414FDAD00021DAE7F0B583B0446A5CB344
:106BA00006460120214637F05DF8054600284FF0E3
:106BB0000000029023D0308800F4E041B1F5805FFE
:106BC00018BFB1F5005F1FD1306A02A900912146BC
:106BD0002A46234621F013FE074628B9029A30467A
:106BE000294624F0F3FD07462846214621F0E6FA1F
:106BF000284637F047F804E06FF0850701E06FF0B2
:106C00008C07384603B0F0BD44F6FF714CF2010228
:106C1000014001F500419142D6D000F49E4000F5BC
:106C20000040B0F5414FCFD00027DDE780B5416887
:106C3000002202604868006881680068096B884724
:106C4000002080BD2DE9F04381B04D6804462F68D7
:106C5000C4E901150869E061C868206278684BF6EC
:106C60009421C2F20121807841F82040696891E8BE
:106C70000302D9F8002090470E2818BF00282CD115
:106C8000686846F65551D9F82C60BA680068C0F2B9
:106C900000210023B04700BB97E80301D8F800208B
:106CA0009047D0B9D7E900014BF69C22C2F20122ED
:106CB000D8F85C30897801EBC10102EB810198477B
:106CC00058B96868D9F804100068884728B945F2AF
:106CD0005450C4F24F302060002001B0BDE8F08372
:106CE00080B5836893F808E0D3F800C0BEF1020FC6
:106CF0000ED0BEF1010F01D1406960B1DCF808305F
:106D0000DCF80000D3F808C08023BDE8804060476D
:106D1000008AC007F2D1132080BD80B5836893F844
:106D200008E0D3F800C0BEF1020F0ED0BEF1010F93
:106D300001D1406960B1DCF80830DCF80000D3F81C
:106D40000CC08023BDE880406047008AC007F2D1B4
:106D5000132080BD80B58AB0016801A88A6B811DAF
:106D600090479DF80A000E2802D001A800F002F812
:106D70000AB080BD10B584B001784BF69422C2F2FF
:106D8000012252F82110C8608279033A072A55D8A7
:106D9000DFE802F004451E262F540D168868007A9D
:106DA000022837D0012849D10020486146E0CA694D
:106DB000002A43D0086A019000200290022135E0A9
:106DC000CA69DAB3086A01900020029001212DE01F
:106DD000CA699AB3086A01900020CDE902002BE04D
:106DE0008868007A022818D0012818D1002048614C
:106DF00015E0427B8B6812021C68B2F5085F28D050
:106E0000B2F5045F1CD0B2F5005F2BD1A2682068F8
:106E1000936C18E00020088210E000200882CA6904
:106E200062B1086A01900020032102908DF80C10D5
:106E3000ADF80D008DF80F0001A8904704B010BD0B
:106E4000A2682068D36C1431072204B0BDE810405A
:106E500018471A7A022A0DD0012A01D10020486170
:106E600003200EE0A16820680A6D002104B0BDE88F
:106E700010401047C2890A82D0074FF0010008BFB6
:106E80000320CA695AB18DF80C0001A8096A019162
:106E900000210291ADF80D108DF80F109047A168F8
:106EA00020680A6D00219047C8E74BF6FC61C2F2EA
:106EB00001210988012918BF704780B58AB0838CE9
:106EC000D0E90312891A0391D91E827F89B28DF805
:106ED000062002294FF080028DF8072006D842F2E2
:106EE0006C52C0F2042232F8111001E040F2DC5181
:106EF00090F82000ADF808108DF8040001A90920D1
:106F000001F08BFE0AB0BDE8804070474BF6FC6193
:106F1000C2F201210988012918BF704780B58AB0E3
:106F200090F820104BF65C73C2F20123827F808CB4
:106F30008DF806205B5C93426FF07F0252EA02926A
:106F400001388DF8072018BF40F2DC50ADF808007A
:106F50008DF8041001A90A2001F05FFE0AB0BDE817
:106F60008040704710B5044661B100F041FD2046F5
:106F700000F054FDC0050FD4204600F0A1FD6FF3D2
:106F8000DF2010BD00F0CFFCC0050ED4204600F07D
:106F9000F7FC00F07F0010BD204600F07DFD6FF093
:106FA0003F0101EA1010403010BD4FF4807010BD59
:106FB0002DE9F041044690F820604BF670700D46C4
:106FC000C2F20120002730F8160002280FD14BF63C
:106FD0004C302946C2F2012040F82570204602F0CC
:106FE000FBFB013894F8206002285FEA2F972046C7
:106FF000294600F05BFB2046294600F090FB204626
:10700000294600F0CEFB2046294601F0E9FD4BF66B
:107010007438002FC2F2012805EB850708D06420E0
:1070200016FB008000EB4700418841F480614180FD
:107030002046294600F0DCFC642016FB008000EBB3
:1070400047072046798800F000FD012E03D1B9885A
:10705000204600F010FDF988204600F048FD3989EF
:10706000204600F05AFD0021204600F0C1FC2046D9
:10707000294600F0EAFD2046294601F09DFD204604
:10708000294600F08BFD2046294600F0B2FB204641
:10709000294600F0CBFB20462946BDE8F04100F030
:1070A000E2BBB0B5044690F820004BF670720D4676
:1070B000C2F2012232F81000022806D14BF64C3001
:1070C0000021C2F2012040F825102046294601F097
:1070D00087FD2046294600F0E9FA2046294600F0BF
:1070E0001EFB2046294600F05CFB00210022002305
:1070F000204600F03DF82046294600F079FC0021AA
:10710000204600F0A2FC0021204600F0B4FC002143
:10711000204600F0ECFC0021204600F0FEFC00219F
:10712000204600F065FC2046294600F08EFD2046F2
:10713000294601F041FD2046294600F02FFD20465A
:10714000294600F00BFE2046294600F024FE20468A
:10715000294600F04EFB2046294600F067FB2046FA
:107160002946BDE8B04000F07EBBD4D4D4D4D4D4FA
:1071700002B1704770B5044648F20000CFF6FF70C8
:1071800043EA0106304385B2002148F22F0320462E
:107190002A4600F000FA0021204600F0C2F900F073
:1071A0002F00B042F0D1BDE870407047B0B50C463A
:1071B000054600F0D3FD28462146BDE8B04000F06A
:1071C000EABDD4D4D4D4D4D4F0B581B001220C46D5
:1071D000054600F088FD00264FF6FF7700BF00BF90
:1071E0002846214600F0AFFC800602D50136BE429B
:1071F000F6D101B0F0BDD4D470B514460546FFF702
:10720000B7FF002600BF00BF2846214600F0E9F97D
:1072100081040DD4284600F01DF8284600F094F8AB
:107220000A2000F091FF632E06F10106ECD3FF2047
:1072300070BD70B514460D46064600F0ACFD3046F4
:107240002946224600F0C4FD30462946BDE870407C
:1072500000F067BD90F820004BF67071C2F201217A
:1072600031F8101002290AD1002841F20000C4F2BE
:10727000350004BF0020C4F22500008870470020BC
:107280007047012818BF704741F20000C4F2350072
:10729000018841F480710180704790F820104BF60E
:1072A0007070C2F20120012930F8110008BF0228D5
:1072B00000D0704741F20000C4F23500018821F48B
:1072C00080710180704790F820104BF67070C2F208
:1072D0000120012930F8110008BF022800D07047B2
:1072E00041F20000C4F23500018841F080010180C4
:1072F000704790F820204BF67070C2F20120012AEE
:1073000030F8120008BF022800D0704741F2401048
:10731000C4F23500028811430180704790F82020A4
:107320004BF67070C2F20120012A30F8120008BF3B
:10733000022800D0704741F24010C4F235000288A4
:1073400022EA01010180704790F820004BF670712D
:10735000C2F2012131F8101002290AD1002841F2AD
:107360000400C4F2350004BF0420C4F225000088E4
:1073700070470020704790F820004BF67071C2F201
:10738000012131F8101002290AD1002841F2080029
:10739000C4F2350004BF0820C4F2250000887047FD
:1073A0000020704790F820204BF67070C2F2012048
:1073B00030F8120032B1022802BF41F20C00C4F2D0
:1073C00035000180704790F820004BF67072C2F2D1
:1073D0000122012832F810204FF0000008BF0029D8
:1073E00000D07047022A02BF41F21400C4F23500F7
:1073F0000068704790F820304BF67070C2F20120A0
:10740000012B30F8130008BF002900D07047022874
:1074100002BF41F21400C4F235000260704790F8D8
:1074200020204BF67070C2F2012030F812304FF07D
:10743000000069B9022B18BF7047012A04D141F23C
:107440001600C4F2350002E01420C4F225000088C2
:10745000704790F820304BF67070C2F20120012B7B
:1074600030F8130008BF022808D002291BD00129D8
:107470000FD009BB1420C4F2250008E0022916D061
:1074800001290AD0C1B941F21600C4F235000280C8
:1074900070471420C4F2250003E041F21600C4F244
:1074A0003500828070471420C4F2250003E041F2C9
:1074B0001600C4F235000281704790F820304BF678
:1074C0007070C2F20120012B30F8130008BF0228AF
:1074D00008D002291BD001290FD009BB1420C4F207
:1074E000250008E0022916D001290AD0C1B941F2CD
:1074F0001700C4F23500027070471420C4F2250052
:1075000003E041F21700C4F2350002717047142005
:10751000C4F2250003E041F21700C4F23500027204
:10752000704780B500F002F8008880BD90F82020F8
:107530004BF67070C2F2012030F8120002280ED112
:1075400002291BD001290CD049B92020012AC4F2FC
:10755000250004BF41F22000C4F23500704700202E
:107560007047202041F22001C4F22500C4F2350109
:107570000830012A08BF01F108007047202041F2BD
:107580002001C4F22500C4F235010C30012A08BFE5
:1075900001F10C007047B0B51C461546FFF7C6FF59
:1075A000018804EA0502A14311440180B0BDB0B5D1
:1075B00014460546FFF7BAFF95F820104BF6707297
:1075C000C2F2012232F81110022909D10188002CDF
:1075D00021F44061018008BFB0BD018821430180D2
:1075E000B0BD80B500F002F8008880BD90F8202082
:1075F0004BF67070C2F2012030F8120002280ED152
:1076000002291BD001290CD049B92220012AC4F239
:10761000250004BF41F22200C4F23500704700206B
:107620007047222041F22201C4F22500C4F2350144
:107630000830012A08BF01F108007047222041F2FA
:107640002201C4F22500C4F235010C30012A08BF22
:1076500001F10C00704780B5FFF7C8FF018841F4C5
:107660000041018080BD80B5FFF7C0FF4FF480412D
:10767000018080BD90F820004BF67072C2F20122AA
:1076800032F81020022A18BF7047002841F2360055
:10769000C4F235004FF0010204BF3620C4F22500C9
:1076A00002FA01F1028811430180704790F820002E
:1076B0004BF67072C2F2012232F81020022A18BF73
:1076C0007047002841F23600C4F235004FF0010245
:1076D00004BF3620C4F2250002FA01F1028822EA32
:1076E00001010180704790F820004BF67072C2F2E1
:1076F000012232F81020022A18BF7047002841F2F8
:107700003800C4F235004FF0010204BF3820C4F243
:10771000250002FA01F1028811430180704790F8B8
:1077200020004BF67072C2F2012232F81020022AB9
:1077300018BF7047002841F23800C4F235004FF0FE
:10774000010204BF3820C4F2250002FA01F10288C8
:1077500022EA01010180704790F820004BF6707218
:10776000C2F2012232F81020022A18BF70474BF6ED
:107770003C420028C2F2012241F23A0018BF143202
:10778000C4F235004FF0010C04BF3A20C4F22500CA
:10779000002322F811300CFA01F102881143018014
:1077A000704790F820004BF67072C2F2012232F856
:1077B0001020022A18BF7047002841F23A00C4F294
:1077C00035004FF0010204BF3A20C4F2250002FA4E
:1077D00001F1028822EA010101807047002841F28C
:1077E0004000C4F2350004BF4020C4F225000088E8
:1077F000704790F820004BF67072C2F2012232F806
:107800001020022A18BF70470122002841F24600CA
:1078100002FA01F1C4F2350040F2FF3204BF462003
:10782000C4F2250022EA01010180704790F820008F
:107830004BF67072C2F2012232F81020022A18BFF1
:1078400070470122002841F2480002FA01F1C4F217
:10785000350040F2FF3204BF4820C4F2250022EA7E
:1078600001010180704790F820004BF67072C2F25F
:10787000012232F81020022A18BF70470122002886
:1078800041F24A0002FA01F1C4F2350040F2FF323F
:1078900004BF4A20C4F2250022EA0101018070479A
:1078A00090F820004BF67071C2F2012131F81010EF
:1078B00002290AD1002841F24C00C4F2350004BF6D
:1078C0004C20C4F225000088704700207047002833
:1078D00041F25400C4F2350004BF5420C4F2250024
:1078E00000887047002841F25600C4F2350004BFFA
:1078F0005620C4F2250000887047002841F2580045
:10790000C4F2350004BF5820C4F225000088704737
:10791000002841F25A00C4F2350004BF5A20C4F2D4
:1079200025000088704790F820004BF67071C2F275
:10793000012131F8101002290AD1002841F25C001F
:10794000C4F2350004BF5C20C4F2250000887047F3
:107950000020704790F820004BF67072C2F20122AE
:1079600032F81020022A18BF7047002841F25C004C
:10797000C4F2350004BF5C20C4F2250001807047CA
:1079800090F820004BF67071C2F2012131F810100E
:1079900002290AD1002841F25E00C4F2350004BF7A
:1079A0005E20C4F22500008870470020704790F8E0
:1079B00020004BF67072C2F2012232F81020022A27
:1079C00018BF7047002841F25E00C4F2350004BFC2
:1079D0005E20C4F2250001807047002841F260005B
:1079E000C4F2350004BF6020C4F22500008870474F
:1079F00090F820004BF67072C2F2012232F810208B
:107A0000022A18BF7047002841F26400C4F2350012
:107A100004BF6420C4F225000180704790F8200064
:107A20004BF67071C2F2012131F8101002290AD10F
:107A3000002841F26800C4F2350004BF6820C4F297
:107A40002500008870470020704790F820004BF612
:107A50007072C2F2012232F81020022A18BF704759
:107A6000002841F26800C4F2350004BF6820C4F267
:107A700025000180704790F820204BF67070C2F20C
:107A80000120012A30F8120001BF022841F26A00E9
:107A9000C4F235000180704790F820004BF67071F9
:107AA000C2F20121002831F810104FF0000006D07A
:107AB000022902BF41F26A00C4F235000088704713
:107AC00090F820004BF67071C2F2012131F81010CD
:107AD00002290AD1002841F26C00C4F2350004BF2B
:107AE0006C20C4F22500008870470020704790F891
:107AF00020004BF67072C2F2012232F81020022AE6
:107B000018BF7047002841F26C00C4F2350004BF72
:107B10006C20C4F225000180704790F820004BF6DD
:107B20007072C2F2012232F81020022A18BF704788
:107B3000002841F26E00C4F2350004BF6E20C4F28A
:107B400025000180704781B00022ADF8022090F836
:107B500020004BF67072C2F2012232F81020022A85
:107B600018D141F2600340F2600CC4F23503C4F254
:107B7000250C03F11002002802BF0CF11002602353
:107B8000C4F2250302EB4100002918BF831E1888A8
:107B9000ADF80200BDF8020001B0704790F8200077
:107BA0004BF67072C2F2012232F81020022A18BF7E
:107BB0007047002841F27000C4F2350004BF702005
:107BC000C4F2250000EB410030F8021C41F40051E2
:107BD00020F8021C704790F820004BF67072C2F239
:107BE000012232F81020022A18BF7047002841F203
:107BF0007000C4F2350004BF7020C4F2250000EB11
:107C0000410030F8021C41F4007120F8021C70475A
:107C100090F820004BF67072C2F2012232F8102068
:107C2000022A18BF7047002841F27000C4F23500E4
:107C300004BF7020C4F2250000EB410030F8021CA4
:107C400021F4007120F8021C704790F820004BF6D8
:107C50007072C2F2012232F81020022A18BF704757
:107C600058B141F26000C4F2350059B100EB410057
:107C7000C18941F48071C181704760200029C4F23C
:107C80002500F3D1018841F480710180704790F89C
:107C900020004BF67073C2F2012333F81030022B30
:107CA00018BF704780B541F2600340F2600CC4F227
:107CB0003503C4F2250C03F1100E002802BF0CF1AD
:107CC000100E6023C4F225030EEB4100002918BFFB
:107CD000831E188820F0030018801888104318802D
:107CE000BDE88040704790F820004BF67073C2F2F8
:107CF000012333F81030022B18BF704758B141F2FE
:107D00006000C4F2350011B100EB41000E30018873
:107D100091430180704760200029C4F22500F3D10F
:107D2000F5E790F820004BF67072C2F2012232F8AB
:107D30001020022A18BF7047002841F29000C4F2B8
:107D4000350004BF9020C4F2250000EB810030F81C
:107D5000041C41F4007120F8041C704790F82000C6
:107D60004BF67072C2F2012232F81020022A18BFBC
:107D70007047002841F29000C4F2350004BF902003
:107D8000C4F2250000EB810030F8041C21F40071DE
:107D900020F8041C704790F820004BF67072C2F275
:107DA000012232F81020022A18BF7047002841F241
:107DB0009000C4F2350004BF9020C4F2250000EB0F
:107DC000810030F8041C41F4807120F8041C7047D5
:107DD00090F820004BF67073C2F2012333F8103094
:107DE000022B18BF7047002841F29200C4F2350000
:107DF00004BF9220C4F2250000EB810020F8042C7F
:107E0000704790F820004BF67071C2F201210128F2
:107E100031F810104FF0000001BF022941F240106C
:107E2000C4F2350000887047012818BF704741F23E
:107E30000210C4F23500018841F48041018070478E
:107E4000012818BF704741F20210C4F235000188C2
:107E500021F480410180704710B543F204010028ED
:107E6000C4F22001086812D0C00412D50120EFF33B
:107E7000108480F31088086820F480500860086837
:107E80001E2001211CF0EDFD84F3108814E0000594
:107E900002D440F2DD5010BD0120EFF3108480F3D6
:107EA0001088086820F40060086008681E2001211E
:107EB0001CF0D7FD84F31088002010BDC0B341F240
:107EC00000000021C4F2350080220181A0F860206A
:107ED000A0F87010A0F87210A0F87410A0F8761036
:107EE000A0F87810A0F87A10A0F87C10A0F87E1006
:107EF000A0F88010C1860187418701864186A0F8DD
:107F00004610A0F84810A0F84A10028822F010028B
:107F10000280028822F020020280028822F04002C1
:107F20000280028822F001020280A0F8021134E0EF
:107F300000200021C4F2250080220181A0F86020E9
:107F4000A0F87010A0F87210A0F87410A0F87610C5
:107F5000A0F87810A0F87A10A0F87C10A0F87E1095
:107F6000A0F88010C1860187418701864186A0F86C
:107F70004610A0F84810A0F84A10018821F010011E
:107F80000180018821F020010180018821F0400159
:107F90000180018821F0010101800020704710B5A7
:107FA0000446FFF78BFF012C1CD0002C39D143F283
:107FB0000400C4F22000016809052FD401680905F6
:107FC00032D40121EFF3108481F31088016841F469
:107FD0000061016000681E2001211CF042FD84F355
:107FE000108819E043F20400C4F220000168C904BB
:107FF00014D40168C90417D40121EFF3108481F36C
:108000001088016841F48051016000681E20012140
:108010001CF027FD84F31088002010BD40F2DC50D6
:1080200010BD40F2E25010BD4FF4BC6010BDB0B5C1
:1080300001285BD0002840F0868040F200404EF2DC
:10804000001EC4F225004DF6903CCEF2000EC2F2A6
:10805000012C026822F01002026091F90D304CF2FE
:108060000032C4F20002002B1DD4087D0EEB030485
:108070000125000184F800034CF8231052F8230076
:1080800020F4803042F8230052F82300580903F00E
:108090001F03BFF35F8F0EEB800405FA03F3C4F8F0
:1080A00080314EF8203091F90C30002B4BD4C87C35
:1080B0000EEB0304000184F800034CF8231052F87F
:1080C000230020F4803042F8230052F8230058099E
:1080D00003F01F0201230EEB800103FA02F2BFF34B
:1080E0005F8FC1F880214EF82020B0BD91F91000BB
:1080F000002828D44EF20013CA7DCEF20003C51822
:10810000120185F800234DF69032C2F201220125BA
:1081100042F820104CF20031C4F2000151F8202046
:1081200022F4803241F8202051F82010410900F05B
:108130001F00BFF35F8F03EB810205FA00F0C2F866
:10814000800143F82100B0BD01211CF08ABC4FF42E
:108150007A711CF086BC4FF07041EFF3038001EBA5
:1081600000604CF200318015C4F20001425822F444
:108170008032425040584BF67071C2F2012108889B
:10818000012808BF704701F0DDBA4FF07041EFF3EE
:10819000038001EB00604CF200318015C4F2000155
:1081A000425822F4803242504DF690324158C2F289
:1081B00001221058807800F01FBB4FF07041EFF3A0
:1081C000038001EB00604CF200318015C4F2000125
:1081D000425822F480324250405870474FF070416C
:1081E000EFF3038001EB00604CF200318015C4F224
:1081F0000001425822F480324250405870474FF0FC
:108200007041EFF3038001EB00604CF20031801508
:10821000C4F20001425822F48032425040584BF6DA
:108220007071C2F201214888012808BF704701F02F
:1082300089BA4FF07041EFF3038001EB00604CF21C
:1082400000318015C4F20001425822F480324250BD
:10825000405870474FF07041EFF3038001EB00602E
:108260004CF200318015C4F20001425822F48032F1
:108270004250405870472DE9F04F81B040F230092C
:10828000012AC4F2250916464D468A4604BF41F22A
:108290003005C4F235052B8A8346EC8AB5F818C040
:1082A0006F8B2A88E888B5F808E06D89B3F5807F80
:1082B0004FF00001ABF80010AAF800103CD31A40B0
:1082C00041F230085104C4F235081AD411B2B1F1A8
:1082D000FF3F1EDDB2F5005F23D2B2F5805F2ED2E4
:1082E0002040D40583B238D513F0010035D0012EDB
:1082F00058EA098040F2FE31C1820120ABF800004B
:108300004EE0012E58EA09806FF48041018212206C
:1083100010E0012E58EA098047F6FF710182112012
:1083200008E0012E58EA09806FF4804101F5005100
:1083300001821320ABF8000001B0BDE8F08F012EE0
:1083400058EA09806FF4804101F540510182142000
:10835000ABF80000AAF80030EEE705EA0700550583
:1083600087B20AD517F0010007D0012E58EA09801C
:1083700040F2FE31418302200FE00EEA0C005FEA7A
:10838000825C80B20FD510F001010CD0012E58EAAA
:10839000098040F2FE3101830320ABF80000012088
:1083A000AAF80000C8E7B2F5006F11D2002C2AD459
:1083B000002D31D4BCF1000FBED5012E58EA098141
:1083C00040F2FF3282430A830321ABF80010E7E753
:1083D0003046FFF703FA012E58EA0981AAF8000097
:1083E0006FF4804000F5605008821520ABF8000063
:1083F000BAF8000000F0070006289DD1304600F0D2
:1084000008FA00207AE7012E58EA098040F2FF318D
:108410009943C18201209BE7012E58EA098040F26E
:10842000FF31B94341830220ABF80000AAF8007085
:1084300082E710B5044600F0ECF92046FFF747FA52
:108440004BF60271C2F2012108802046FFF74AFA7A
:108450004BF60471C2F2012108802046FFF74DFA65
:108460004BF60671C2F2012108802046FFF750FA50
:108470004BF60871C2F20121088010BD80B590F85A
:108480002000FFF7ABF900F0700030285FEA1F9082
:1084900080BDB0B54BF668414BF6FE65C2F20121D6
:1084A000C2F201250446FF200988288001290FD146
:1084B000204600F093F92046FFF790F9410408D4D4
:1084C000400658BFB0BD204600F06CF9002028805F
:1084D000B0BDD52028802046BDE8B04000F08CB962
:1084E000B0B54BF600750022C2F201252988A1F52E
:1084F0008071B2EB912F18BFB0BD00210446FEF78A
:1085000051FF69782046BDE8B040FEF74BBF10B57B
:10851000044690F8200000F06FF994F82000BDE8C0
:10852000104000F05BB90346022208461946FFF7E7
:10853000AEBB00210222FFF7AABBD4D4D4D4D4D43A
:108540002DE9F0411D4693F8203014460E46804632
:108550005BB35FEA980708D054F8042B28463146ED
:10856000FEF748FF013F3804F6D15FEA88700BD56B
:108570004FF4806228463146FFF719F834F8022B91
:1085800028463146FEF765FF5FEAC8700AD0002230
:1085900028463146FFF70BF814F8012B28463146E0
:1085A000FEF78BFF4FF400621BE05FEA580708D02C
:1085B00034F8022B28463146FEF74BFF013F3804C2
:1085C000F6D15FEAC87010D0002228463146FEF787
:1085D000EEFF14F8012B28463146FEF76EFF4FF4EC
:1085E000806228463146FEF7E2FF2046BDE8F08172
:1085F0002DE9F0411D4693F8203014460E46804682
:1086000003B35FEA980708D028463146FEF7DBFE41
:10861000013F44F8040B3804F6D118F0030029D0C8
:108620000138012111FA80F728463146FEF7CBFECA
:1086300047F001E000BF00BF04F8010B000A0FF093
:1086400005C817E05FEA58070BD000BF00BF00BFA6
:1086500028463146FEF7E3FE013F24F8020B3804BA
:10866000F6D15FEAC87005D028463146FEF7D7FE3E
:1086700004F8010B2046BDE8F081F0B581B0044656
:108680000E46104621461546FEF79EFD2846214619
:10869000FFF70CF828462146FFF741F82846214607
:1086A000FFF77FF828462146FEF780FD0021284687
:1086B000FEF737FF00F00F00A04205D10021002295
:1086C00000232846FEF754FD2846214600F074FAA0
:1086D00028462146FFF762FA4BF64C37C2F20127D3
:1086E00057F82400D0B14BF6FC21C2F2012151F819
:1086F0002410016157F82400214686842846FFF79C
:1087000022FA57F82410C88457F82400436813B19C
:10871000002100229847002047F8240001B0F0BD56
:1087200010B54BF6E424C2F20124218831B1FFF7E1
:108730007BFB6420FFF708FD0020208010BD10B5F2
:108740004BF6E424C2F20124218831B1FFF76CFB1F
:108750006420FFF7F9FC0020208010BD4BF6E421D7
:108760000122C2F201210A80FFF76ABB002841F210
:108770000000C4F2350004BF0020C4F225000188C7
:1087800041F0100101807047002841F20000C4F25E
:10879000350004BF0020C4F22500018821F010013B
:1087A00001807047002841F20800C4F2350004BF80
:1087B0000820C4F22500018841F4807101807047CF
:1087C000002841F23000C4F2350004BF3020C4F26A
:1087D0002500018841F4804101807047002841F262
:1087E0003000C4F2350004BF3020C4F225000188F7
:1087F00021F4804101807047002841F24000C4F21A
:1088000035004BF6FF7104BF4020C4F22500018003
:108810007047002841F24000C4F235004FF6F7716E
:1088200004BF4020C4F2250001807047002841F2B7
:108830006000C4F2350004BF6020C4F22500018846
:1088400041F004010180704710B500283DD041F28D
:108850000004C4F23504E08F40F03100E087E08F7F
:108860006FF3DF30E0870120FFF76EFCE08F20F030
:108870000100E0870120FFF76AFCE08F20F0020092
:10888000E087208820F020002080208840F0010030
:108890002080B4F8020140F48040A4F8020100BF37
:1088A000E088C007FCD040F607706080E08F40F49D
:1088B0008070E0874FF4006020842085A085002030
:1088C000A4F8400004F1300017E00020C4F22500B5
:1088D000018841F48061018001884905FCD5018847
:1088E00021F020010180018841F0010101804FF455
:1088F000806101840185818530304FF41D41018004
:1089000010BD20B141F20000C4F2350002E00020A9
:10891000C4F225000288012902D142F0100101E0D1
:1089200022F010010180704720B141F26000C4F2D2
:10893000350002E06020C4F22500028822F0030224
:108940000280028811B142F0020101E042F001010F
:108950000180704700784BF67073C2F2012333F840
:108960001030022B08D14BF60A73C2F201231B8888
:10897000012B03D1D52070470020704780B58EB001
:108980008DF820004BF60C70C2F201200123038009
:108990006B4610461A4600F067FA00200EB080BD04
:1089A00010B598B0044600784BF670738DF824002B
:1089B000C2F2012333F8100002281BD131B92AB9C1
:1089C000A088C8B101A8FFF7B4FD19E04BF60A7002
:1089D000C2F201200088012801D1D52422E04BF603
:1089E0000C700123C2F20120038001AB10461A462D
:1089F00000F001FA002415E001A8002100F0EAF8D7
:108A0000D4E90301CDE9120120780FA98DF83C00CB
:108A100094208DF83F00082000241194ADF84040C8
:108A200000F0FBF8204618B010BD90F803C0BCF170
:108A30000A0F01D90020704780B54BF6E623C2F239
:108A4000012313F81CC04CF20013C2F20123CCEB3B
:108A5000CC0E03EBCE0ECEF80C200378AEF81EC081
:108A60008EF82030CEF80810CEF8102040F2841195
:108A7000C078C2F2002151F83000CEF804007046F0
:108A8000BDE8804000F079BC90F803C0BCF10A0F4B
:108A900001D90020704710B54BF6E62390F800E0AE
:108AA000C2F201234CF2001403EB4C0C4BF6607342
:108AB000C2F20123C2F201249CF801C013F80E3067
:108AC000CCEBCC0E634504EBCE0309D140F2242459
:108AD0000A78C2F2002422720A2249786172214681
:108AE00099601A610178A3F81EC083F8201040F243
:108AF0008411C078C2F2002101EBC00040685860C8
:108B00001846BDE8104000F038BCC2780A2A12D8D6
:108B100001EB42014BF6E622C9B2C2F20122515CDE
:108B200049B180B58EB000788DF82000684600F01D
:108B300045FC0EB080BDFF207047092988BF7047F3
:108B4000FEF7D1BD092901D90020704780B5FEF795
:108B5000FAFF00F0030080BD092901D90020704709
:108B600010B5044631B12046FEF742FF2046FEF71D
:108B7000A7FF02E02046FEF703FF6FF3DF2010BDE2
:108B8000092901D90020704710B50446FEF730FFCF
:108B90002046FEF743FF00F0100010BD092901D95F
:108BA0000020704710B50446FEF722FF2046FEF76E
:108BB00035FF00F4404010BD092988BF7047B0B5AB
:108BC0000C460546FFF707F828462146BDE8B040A9
:108BD000FFF71EB8092988BF70470122FFF757B871
:108BE000092988BF7047B0B50C460546FEF7ECFA78
:108BF000022228462146BDE8B040FFF774B880B590
:108C0000FEF7B9FB00F007004021013800220328DD
:108C100038BF01EB801290B280BD2DE9F04389B0DE
:108C20004BF6747C0C46C2F2012C9CF800800CEBD5
:108C3000080E08EBC8028EF8020008F1010E0CEBDA
:108C400082025FFA8EFE02F10C09BEF1090FE8CC38
:108C5000A9E8E8004FF0000353EA889E94E8EC008E
:108C600089E8EC008CF800E04CF2E80C0B78C2F2DA
:108C7000012C5CF82370F7B188714BF66870C2F272
:108C80000120EE4650F8230040B1074674CFAEE80D
:108C9000740097E87C008EE87C0000E070468E4609
:108CA0000346BEE8F000F0C39EE8F400F4C3097880
:108CB0005CF82110884709B0BDE8F08300F03AB9AC
:108CC0004BF66841C2F201210988012910D180B513
:108CD00049F28F420346C0F2002240F255100021B3
:108CE00000F081FB4BF6FE60C2F20120008880BDDF
:108CF000FF20704710B58AB0044600F025F82046E2
:108D000000F050F8A8B1204600F062F84BF664413C
:108D10000028C2F201214FF0010050EA009094F8BF
:108D20002020088001A90B208DF80420FFF775FF93
:108D300005E04BF664400021C2F2012001800AB038
:108D400010BDD4D4D4D4D4D470B5044690F8200047
:108D5000FEF797FA01212046FEF7CBFA0520FFF730
:108D6000F6F9002540F257262046FEF7EDFA800777
:108D700008D10B20FFF7EBF92046FEF7E5FA800754
:108D800009D00B350120FFF7E2F9B54205F10105E5
:108D9000EAD3002500E0012501212046FEF7BEFAB6
:108DA000284670BDB0B506210446FEF7A2FA2A2077
:108DB000FFF7CDF92046FFF724F8054606212046A7
:108DC000FEF7ACFA1620FFF7C2F9C5F30020B0BDDC
:108DD000B0B518210446FEF78CFA2A20FFF7B7F940
:108DE0002046FFF70EF8054618212046FEF796FAB2
:108DF000C5F34020B0BDB0B514464BF60A72C2F2BE
:108E00000122012313804BF6FC224BF62433C2F2DD
:108E10000122C2F2012310600022196000212023E8
:108E20002046FEF7A5F900212046FEF71CFC002194
:108E30002046FEF718FD00200021224600F004FD28
:108E40000546022802D0012D04D05DB9002120463C
:108E5000FEF782FC00212046FFF76FFE002120462E
:108E6000FFF7B8FE2846B0BD10B514464BF60A729F
:108E7000C2F20122012313804BF6FC224BF624336D
:108E8000C2F20122C2F20123106000221960002107
:108E900000232046FEF76CF900212046FEF7E3FB95
:108EA00000212046FEF7E6FB00212046FFF745FEA5
:108EB00000212046BDE81040FFF78CBEB0B5054646
:108EC0004BF60A70C2F201204BF60C720C46C2F24D
:108ED00001220021018020461180FEF762FC002162
:108EE0002046FEF7E3FB00212046FEF718FC94F82D
:108EF00020004FF4806200210128204608BF4FF473
:108F00000062FEF754FB25F00200052804D120463C
:108F1000BDE8B040FFF70DBB082D05D1002120466C
:108F2000BDE8B040FEF750B994F82000BDE8B0406D
:108F3000FFF77CBC70B58EB04BF61876C2F20126F6
:108F400096F8410096F84010814200F0A18006EBAF
:108F5000C00136F830004A684988102895788DF8A5
:108F6000205014DD1138042800F28B80DFE800F077
:108F70000332891925002846FEF783F9284601F0B7
:108F8000DFF8402843D1684601F054F879E0012821
:108F90002ED0022830D0032873D1684600F0A7FBFA
:108FA0006FE0C1F30210012101FA00F010F0F00FA0
:108FB00026D0684601F08AF863E011F007042AD051
:108FC00001F00500012818BF052C2ED12846FFF717
:108FD00030FA2AE04BF6B060C2F20120436A1BB1BE
:108FE00068460021002298476846FFF790FA48E05B
:108FF000684600F04BFB44E0684600F07DFB40E033
:1090000010F00D0F3DD1684600F0F2FF39E06846E0
:1090100001F01EF835E04BF66A40C2F201200088EC
:10902000012802D16846FFF75BFA4BF60270C2F2E4
:109030000120008810F0600F2CD04BF60E714BF61B
:109040000472C2F20121C2F201224BF608750880B7
:1090500010884BF6B06248804BF60670C2F20122CF
:10906000C2F20120C2F20125D36A00882A888880D2
:10907000CA8033B14BF60E706A46C2F20120214617
:10908000984796F84100013000F0070086F841004B
:109090000EB070BDDFE804F015240D11092804049A
:1090A00069460720FFF70AFFEBE7684601F0F6FC88
:1090B000E7E7684601F0A2FCE3E7684601F0B9FA89
:1090C000DFE74BF60A704BF60C72C2F20120C2F2D7
:1090D0000122002101806846118001F0DDF8D0E70F
:1090E000684601F021F9CCE7684601F0A5FAC8E727
:1090F000B0B50546C48B4BF64C30C2F2012040F8A7
:1091000024502846FFF7BAF9012808D128462146FD
:10911000FFF736FD48B1204600F066FB08E0072166
:1091200020462A46FFF7A9FA02E0204600F00BFC91
:109130000020B0BD80B54BF666404BF66842C2F2E7
:109140000120C2F20122002101804BF66C40118007
:10915000C2F201204FF4FF7133F0C1F980BD80B538
:109160004BF66641C2F2012108804BF66C40C2F218
:1091700001204FF4FF7133F0B2F980BDD4D4D4D4C0
:1091800080B54FF0020E4BF66A60C2F2012020302B
:1091900087FF5F0800BF00BF00ED901EA0EC881E97
:1091A0000FF007C080BD4BF6B060C2F201208068AE
:1091B00000797047D4D4D4D480B54BF6B061C2F2F4
:1091C00001218B681A78B3F802E0964513D913444D
:1091D0004FF0000C00BF00BF5978042904D19978E2
:1091E000884208BF93F803C019780A440B4492B22E
:1091F0007245F1D301E04FF0000C1FFA8CF080BDF6
:109200002DE9F0474BF6B062C2F2012293681F7855
:109210005A88BA4298BFBDE8F0874BF66A683B446B
:109220004FF0000C4FF0200EC2F201284FF0000961
:109230004FF0000A3C4600BF5D78052D0CD0042D90
:109240001DD19D78A8421FD1DD78A9421CD193F889
:1092500004C01BE000BF00BF1FFA8CF41FFA8AF5A0
:10926000A5420CD29C7809EB0A060AF1010AF6B273
:1092700004F00F050EEA9404444424F815601D78A8
:109280007C1906E000BF00BF1D79A9441D782C445D
:10929000E4B2A7B22B449742CED3BDE8F0874BF699
:1092A0006640C2F20120008840B14BF6B060C2F2C5
:1092B00001208068C079C0F34010704700207047DB
:1092C0004BF6B060C2F201208068C079C0F3801014
:1092D0007047D4D4B0B5092888BFB0BD0546144640
:1092E00000F073FB032805D8DFE800F002120A0B38
:1092F00003210EE0FF2801D1152103E0072101E041
:10930000B0BD052128462246BDE8B040FFF7B5B9FB
:10931000042128462246BDE8B04000F0C4BB70B529
:10932000092888BF70BD04460E46104621461546E2
:10933000FEF7BCF9204631462A4600F085FA02289D
:1093400008D3FF2810D0022810D128462146FEF766
:1093500091F903E028462146FEF7FEF9284621460A
:10936000BDE87040FFF7E9BB152100E0072120466A
:109370002A46BDE87040FFF780B9C18BC1B110B576
:1093800004464BF64C30C2F2012050F8210028B1BF
:109390002046FFF703FCB0F5404F0DD12046FFF704
:1093A0006DF8012806D12046FFF7A2FE002010BD6F
:1093B000FF207047FF2010BDD52010BD092910D80F
:1093C00003464BF64C30C2F201200A4650F8210009
:1093D00038B180B5082110461A46FFF74EF9002033
:1093E00080BDFF20704770B5B0F5AC7F1C460DDA2C
:1093F00040F25511884221D040F2571188421CD1C9
:1094000094F82000BDE87040FFF7B0B920D0B0F567
:10941000B27F18BF70BD0E46084621461546FFF7BD
:1094200082F84BF6E4604BF6F862C2F20120C2F219
:109430000122012120F81610156070BD94F820005B
:10944000FFF77DF994F82000BDE87040FFF721B8E0
:1094500094F82000BDE87040FFF796B910B54BF6C0
:10946000B0641421C2F20124204633F038F849F2E6
:109470008F4049F29141C0F20020C0F20021C4E9BE
:109480000500E162C4E90700C4E9090010BD7047A6
:109490007047F0B548684BF6B064C2F2012449F257
:1094A0001155D0E900C2C0F20025002AD0F810E022
:1094B000D0E9023153EA0282C4E900C104F1080193
:1094C00049F2A35649F2C75781E80C4004F1140150
:1094D000007DC0F20026C0F20027E0C149F2F7513A
:1094E00004F1200CC0F2002149F20F6249F2276317
:1094F0004AF63137C0F20022C0F20023C0F2002742
:1095000084F830008CE88E00F0BDD4D4D4D4D4D408
:1095100070B58AB04BF6FC620D46C2F201220446D9
:109520001388012B09D194F82010002010808DF8A9
:10953000041001A90620FFF770FBC02D0DD14BF6DA
:10954000B061C2F20121D1E90225284612B10720FB
:109550005070C86868B102210AE04BF6B060C2F2F0
:10956000012085680DB102216970C06808B107212A
:109570004170ADB194F820006E8800F0A9FC284637
:109580003246234600F050F894F8200001A98DF8E7
:1095900004000120FFF741FB0AB070BD00BF00BF0F
:1095A000FEE780B58AB04BF6FC6190F82000C2F26D
:1095B000012101228DF8040003200A8001A9FFF790
:1095C0002CFB0AB080BD4BF6FC61C2F201210A8877
:1095D000012A18BF704780B58AB090F82000002299
:1095E0000A808DF8040001A90620FFF716FB0AB0D7
:1095F000BDE88040704780B58AB090F8200001A98E
:109600008DF804000420FFF708FB0AB080BD80B588
:109610008AB090F8200001A98DF804000520FFF71A
:10962000FCFA0AB080BD70472DE9F04F81B0067892
:10963000964224D20446154698464FF0FF094FF053
:10964000000A4FF0000B00BFA7197878052807D053
:1096500004280ED197F805B00BE000BF00BF00BF93
:109660005FFA8BF23846414600F030FB002859EA99
:109670000A893878304486B2AE42E5D301E04FF033
:10968000FF091FFA89F001B0BDE8F08F10B5CA07D5
:10969000044604D12046BDE8104000F049BA00203D
:1096A0000021224600F091F9022806DC0CD20021AC
:1096B0002046BDE81040FDF7F9BF03280CD0FF2875
:1096C00018BF10BD07200CE002280FD10021204652
:1096D000BDE81040FFF77EBA00212046FDF7C3FF2A
:1096E00005202146BDE81040FFF7E8BB10BDCA07C2
:1096F00018BF704700F04CBA10B5CA07044604D131
:109700002046BDE8104000F073BA00200021224638
:1097100000F09AF8022809D30ED0FF2818BF10BD18
:1097200007202146BDE81040FFF7C8BB00212046B6
:10973000BDE81040FEF735B800212046BDE81040D6
:10974000FFF748BAB0B54FF07041EFF3038001EB7B
:1097500000604DF690318015C2F201210C58A078BE
:10976000FEF7DEFF4BF61875C2F2012595F84000B2
:1097700005EBC000811C4460A278FEF77CFD95F8E3
:109780004000013000F0070085F84000B0BDD4D49F
:1097900091F820104BF674326423C2F2012211FBBF
:1097A0000322102101EAD00100F00F0001440C3225
:1097B000012000BF00BF00BF32F8023C012B04D1E2
:1097C000138803F01F03994204D001300A320A289B
:1097D000F2D1FF2080B270470020704780B5FDF7BE
:1097E00039FDC0F3C01080BD092888BF704770B52F
:1097F00004464BF64C30C2F20120214650F824506A
:1098000028462E69FDF7E0FC4BF6FC20C2F2012051
:1098100040F824604BF62430C2F20120A96840F8D9
:10982000241028462146FEF71EF828462146FDF75B
:10983000E0FF002120462A46FFF771FD2846214619
:10984000BDE87040FFF7C6B92DE9F04F81B0092897
:1098500011D8044615468A46084304D000232846FA
:109860002146524603E00022202328462146FDF7E8
:10987000C3FCFF2804D1FF27384601B0BDE8F08FB4
:1098800028462146FDF76EFB804628462146FFF715
:1098900063F94BF6FC21C2F2012151F82410414535
:1098A00002D90227464610E04FF001074FF00006AC
:1098B00059B18AB2002C08BF0226B2FBF0F303FBB9
:1098C0001020002856EA07870E4628462146FFF753
:1098D00039F9814628462146FDF776FC4BF6243BB4
:1098E000B6B2C2F2012B304651462B465BF824201B
:1098F000FEF726FE4BF6FC224BF82400C2F20122B2
:1099000052F8241041450ED2002042F82400284687
:109910005146FDF766FE00B2002807D4284651469E
:10992000FDF799FE02E0881B42F8240028462146F4
:10993000FDF799FF09F0030001289DD12846214633
:10994000FFF748F998E7092888BF704770B50446C3
:109950004BF64C30C2F20120214650F824502846E4
:109960002E69FDF731FC4BF6FC200022C2F20120EB
:10997000002340F824604BF62430C2F20120A9688D
:1099800040F8241028462146FDF7F2FB28462146E0
:10999000FFF7E2F85EB1B6FBF0F101FB10600028C2
:1099A00051EA0190214682B22846FDF742FC284642
:1099B0002146FFF70FF928462146FDF75BFE2846B2
:1099C0002146BDE87040FFF7B8B82DE9F04F81B0EF
:1099D00009280AD804468846154600231046214621
:1099E0004246FDF709FCFF2801D1FF2657E0074654
:1099F000284621466FF31F37FFF7AEF84BF6FC2AD7
:109A0000C2F2012A5AF82410B94209D22846214646
:109A1000FDF7DAFB5AF824904AF82470032623E075
:109A200081460BD124B9B7FBF9F000FB1970C8B11E
:109A300028462146FDF7C8FB002614E00FB1022698
:109A400004E028462146FDF7BFFB0126B7FBF9F0ED
:109A500000FB197038B128462146FDF7B5FB0126F9
:109A6000B94603E00226B94677B14F464BF6243B90
:109A7000B8B2C2F2012B41462B465BF82420FEF718
:109A8000B7FD4BF8240003E028464146FDF7EBFD07
:109A90001FFA89F05AF82410081A4AF824003046B0
:109AA00001B0BDE8F08F092888BF7047F0B581B0DC
:109AB00004460E46104621461546FDF785FB28460E
:109AC0002146FDF7F3FD28462146FDF728FE2846EE
:109AD0002146FDF766FE28462146FDF767FB4BF65B
:109AE0004C37C2F2012757F82400E0B14BF6FC21B5
:109AF000C2F2012151F82410016157F824002146D7
:109B000086842846FEF71FF857F824100022002507
:109B1000C884002157F82400C48357F82400436800
:109B2000984747F8245001B0BDE8F0407047D4D4BE
:109B3000F0B581B04BF64C370C4605460126C2F213
:109B4000012700BF00BF00BF24FA06F0C00717D0EE
:109B500028463146FDF787FE57F8260080B1284693
:109B60003146FFF70DF80021102804D130462A466F
:109B7000FFF7D5FB04E030462A46FFF7ABFB00BFFA
:109B800001360A2EE0D101B0F0BDD4D4D4D4D4D45F
:109B9000F0B581B04BF64C370C4605460126C2F2B3
:109BA000012700BF00BF00BF24FA06F0C00717D08E
:109BB00057F82600A0B128463146FEF7EFFFB0F572
:109BC000404F0DD12846FDF76BFE00B20521B0F1E4
:109BD000FF3F30462A46C8BF0721FEF74EFD00BFB3
:109BE00001360A2EE0D101B0F0BDD4D4D4D4D4D4FF
:109BF0002DE9F04381B005464BF63C40C2F201200E
:109C00004BF64C380C46871C4FF00109C2F2012874
:109C1000012600BF00BF00BF24FA06F0C0072FD006
:109C200058F8260060B395F8200000EB800037F864
:109C30002000012824D028463146FEF783FF800704
:109C400011D428463146FDF77EFF400411D495F823
:109C5000200001212A4600EB800027F820903046A2
:109C6000FFF721FF0CE0062130462A46FEF705FDEE
:109C700006E028463146FDF76FFD00BF00BF00BF7C
:109C800001360237062EC7D1062600BF00BF00BF2F
:109C900024FA06F0C00713D058F8260080B12846F1
:109CA0003146FEF74FFF800705D4012130462A4692
:109CB000FFF7F9FE04E0062130462A46FEF7DDFCF8
:109CC00001360A2EE4D101B0BDE8F0832DE9F04160
:109CD0000546407805287BD1E87800F0030002288B
:109CE00076D313460C4603280CD195F90200B0F147
:109CF000FF3F6DDC03200021224600F06DF848F2A2
:109D0000100E13E095F90200B0F1FF3F07DD0220CD
:109D10000121224600F060F84FF4854E06E0022053
:109D20000021224600F058F844F2102E00284FD0AF
:109D300094F820104BF6743C6423C2F2012C11FB02
:109D400003C600EB800236F8121001294FF0000123
:109D50003FD006EB4206AF78B5F804800125358088
:109D600007F00F0694F820504EEA060715FB03C5CE
:109D700005EB42056F8094F8207017FB03C707EBD3
:109D80004207A7F8068094F8207017FB03C303EB83
:109D90004203198194F82010012917D14BF65E7106
:109DA0004BF65C73C2F20121C2F201230CEB4202BA
:109DB00049785B7888424FF0000108BF47F6484178
:109DC000984208BF47F60841A2F86810014600E033
:109DD00000210846BDE8F081F0B54FF0000C0228E4
:109DE00008BF0A2B25D0002963D1032808BF022B06
:109DF0005FD192F820004BF674316423C2F2012146
:109E000010FB03114FF0060C01F13C034BF660719F
:109E1000C2F2012100BF00BF33F80A7B0FB90F5C0B
:109E200097B30CF1010CBCF10A0FF5D14FF00A0CFD
:109E30003FE092F820E04BF674366425C2F201262A
:109E40001EFB05664BF65C744FF0010CC2F2012458
:109E500006F10A054BF65E76C2F2012600BF00BF8E
:109E600035F80A7B47B919B116F80E70BFB103E097
:109E700014F80E7007B300BF0CF1010CBCF1060F13
:109E8000EED14FF0060CAEE701F800C092F82000CA
:109E9000085C4BF6E621C2F20121C87009E006F821
:109EA0000EC04BF6E62192F82000C2F20121305C90
:109EB00008705FFA8CF0F0BD04F80EC04BF6E62691
:109EC00092F82070C2F20126E75D77708BE7D4D458
:109ED00080B54BF674316422C2F2012110FB0211ED
:109EE0004FF0090E00220A310B88012B05D1012801
:109EF0000A6008BF8A80C1F806200A310FF00DC041
:109F00004BF65C710022C2F201214BF66073C2F283
:109F100001230A544BF65E71C2F201211A540A540D
:109F200080BDD4D4D4D4D4D42DE9F0414BF67431CF
:109F30000446C2F20121012501F10A064FF064082E
:109F400094F8200000FB08F0305A01282ED100219F
:109F50002046FDF7E6FAAFB200F00F00B84205D197
:109F60000021002200232046FDF702F901212046AE
:109F7000FDF7D7FA00F00F00B84205D10021012209
:109F800000232046FDF7F4F802212046FDF7C9FA28
:109F900000F00F00B84205D1002102220023204624
:109FA000FDF7E6F820462946FDF702F801350A36A6
:109FB0000A2DC5D1BDE8F081F0B581B04BF6743102
:109FC0000446C2F20121012501F10A06642700BFFF
:109FD00094F820007843305A012803D120462946BE
:109FE000FDF75FF801350A360A2DF1D101B0F0BD59
:109FF000B0B5044600F0C8F8FFF79CF82046FEF71D
:10A00000FEFD4BF6B065C2F201256B693BB101461E
:10A010004BF66440C2F20120028820469847002196
:10A020002046FDF797FC2868C1792046BDE8B0407E
:10A03000FDF7BDBC10B504460A20FEF788F820469F
:10A04000FEF758FE94F82000BDE81040FEF78EBBE6
:10A05000F0B581B00446FDF720F994F82000FEF732
:10A0600093FB4BF666400021C2F201204BF674329E
:10A07000C2F20122012501804BF66840C2F20120A4
:10A0800002F10A066427018094F820007843305AD0
:10A09000012808D1082128462246FEF7EEFA20467C
:10A0A0002946FCF7FEFF01350A360A2DECD14BF6A6
:10A0B000B060C2F20120C36933B11E2100222046E4
:10A0C00001B0BDE8F040184701B0F0BDB0B504469E
:10A0D00090F82000FEF774FB94F82000FDF77EFB5B
:10A0E00005462046FDF730F994F820106A0618D589
:10A0F00000F00300012814D10846FEF72FFB00F002
:10A1000044F84BF6B060C2F20120036A93B14BF6FB
:10A1100068400022C2F2012001882046BDE8B0401C
:10A1200018470846FEF768FB94F82000BDE8B040E9
:10A13000FEF754BBB0BDFEF7FCB9D4D4D4D4D4D40C
:10A1400070B5044600BF00BF2046FDF747FB05463B
:10A150000A20FDF7F9FF2046FDF740FB06460A20DE
:10A16000FDF7F2FF2046FDF739FB06F0800205F00F
:10A1700080019142E8D100F080008242E4D1402089
:10A18000002908BF432070BD7047704770B5054671
:10A190004BF66A600C46C2F20120402132F09FF972
:10A1A0004BF66C404FF4FF71C2F2012032F097F988
:10A1B0004BF600700026C2F201204BF6F861C2F2A5
:10A1C000012106804BF60270C2F201200E6034219C
:10A1D00006804BF60470C2F2012006804BF6067032
:10A1E000C2F2012006804BF60870C2F20120068000
:10A1F0004BF60A70C2F2012006804BF60C70C2F2D8
:10A20000012006804BF6FC60C2F2012006804BF66E
:10A210000E70C2F20120466006604BF6B060C2F2DA
:10A22000012032F05CF94BF624302821C2F20120E3
:10A2300032F055F94BF6FC202821C2F2012032F011
:10A240004EF94BF6747040F60E61C2F20120418166
:10A250004FF00E31C0F80610C0F802104BF6E46063
:10A260001421C2F2012032F03AF94BF64C30282189
:10A27000C2F2012032F033F94BF666404BF66841EA
:10A28000C2F20120C2F2012106800E80284621463A
:10A29000BDE87040FFF7FDB8F0B581B04BF6027134
:10A2A0006FF0FF02C2F201210446497802EB01215E
:10A2B00000224FEA71204BF60C71C2F201210528F1
:10A2C0000A8019D004282DD14BF604764BF666454A
:10A2D000C2F20126C2F2012530882F88FEF73FFF27
:10A2E0003088B8421ED04BF6B060C2F201208369BC
:10A2F000C3B12988002210E04BF6B060C2F2012001
:10A30000836A7BB14BF606704BF66C41C2F20120BA
:10A31000C2F20121008831F81010204601B0BDE8DA
:10A32000F040184701B0F0BD70B54BF6027104461D
:10A33000C2F20121098821F0FF024FEA7222062AA7
:10A3400000F26B80DFE802F004696938606E690032
:10A350004BF60470C2F20120008800285DD14BF654
:10A360000870C2F201200088022856D14BF66275AF
:10A3700001F01F00C2F2012502284FF000012980E0
:10A3800000F0C180012800F0AE80002845D14BF6D6
:10A390000670C2F20120008800283ED1FEF790FF2F
:10A3A0004BF668412870C2F201210988012940F06A
:10A3B000CB8040F00200C6E001F01F0001286FD002
:10A3C00058BB4BF604704FF0FF31C2F201200088F9
:10A3D00001EB1021072920D8C5B2DFE811F00800F1
:10A3E000BF00FB001E001E000D01D5001E004BF635
:10A3F0000670C2F20120008828430ED14BF6B060EF
:10A40000C2F2012001680AE1C80601BF4BF60470E0
:10A41000C2F201200088002828D02046BDE8704004
:10A42000FEF787B801F01F000128F6D14BF6047043
:10A43000C2F2012000880028EFD14BF60870C2F26A
:10A44000012000880128E8D14BF60670C2F20120F5
:10A450000088FE28E1D84BF66C41C2F2012111F8C8
:10A4600010204BF66671C2F2012116E04BF6067021
:10A47000C2F2012000880028CFD14BF60870C2F24A
:10A48000012000880128C8D14BF666404BF6647164
:10A49000C2F20120C2F20121027801200A7058E0C4
:10A4A0004BF60E704BF60472C2F20120C2F201228A
:10A4B0004BF60876018011884BF6B06241804BF66E
:10A4C0000671C2F20122C2F20121C2F20126D36A50
:10A4D000098832888180C28023B100212246BDE8EC
:10A4E0007040184770BD2046FDF7C8FF012894D181
:10A4F0004BF60670C2F201200588FEF754FE854235
:10A50000BFF48BAF20E04BF60676C2F2012630880E
:10A51000000711D02046FDF7B1FF01287FF47DAF81
:10A5200030882146FFF734F9FF283FF476AF014623
:10A530002046FEF707FB03E094F82000FDF74DFAF4
:10A54000800701D5012028704BF662710220C2F20B
:10A5500001212246BDE87040FEF74DBC4BF6067067
:10A56000C2F20120008828437FF457AF2046FEF74F
:10A5700046FB4BF6B061C028C2F2012101F108028E
:10A5800008BF01F10C021AE02046FFF727F9012865
:10A5900001BF4BF60670C2F20120008850EA0500A8
:10A5A0007FF43BAF2046FEF72AFB4BF6B061C02894
:10A5B000C2F2012101F10C0208BF01F108024BF6C1
:10A5C00008701168C2F201204A880088824298BF50
:10A5D0001046BEE74BF6B060C2F2012090F8301092
:10A5E0008D42BFF41AAF00694BF60872C2F2012225
:10A5F00050F82510087817E02046FFF7EFF80128FB
:10A6000001BF4BF60670C2F20120008850EA050037
:10A610007FF403AF4BF6B060C2F2012041684BF605
:10A6200008720878C2F201221288824291D2104642
:10A630008FE7FDF77EBFD4D42DE9F0418AB04BF609
:10A6400002760446C2F20126318821F0FF02A2F50B
:10A6500080724FEA7222052A00F26D81DFE812F063
:10A660000600530035006B018500D0004BF60870E2
:10A67000C2F201200088002840F05D8101F01F0037
:10A68000022800F0FD80012800F05581002840F0EC
:10A6900052814BF60470C2F201200088012840F07C
:10A6A0004A814BF60670C2F201200088002840F073
:10A6B0004281FEF7F4FD012840F03D814BF66840F1
:10A6C0000021C2F20120018019E0C80640F0338168
:10A6D0004BF608704BF60671C2F20120C2F201215E
:10A6E0000088098880B2084340F025814BF6047049
:10A6F000C2F2012000887F2800F21D81002120463F
:10A70000FEF768FA1AE14BF60870C2F201200088E1
:10A71000002840F0108101F01F00022800F0D980CD
:10A72000012800F00881002840F005814BF60470F4
:10A73000C2F201200088022800F0E280012840F0E7
:10A7400033814BF60670C2F201200088002840F0E9
:10A75000F280FEF7A4FD012840F0ED804BF6684042
:10A760000121C2F201200180C8E7C80640F0E38061
:10A770004BF6B0604BF60475C2F20120C2F201251F
:10A7800080682988407900295FEA0F9281425FEA58
:10A790000F90024240F0CF804BF60670C2F20120CB
:10A7A0000088002840F0C7804BF60870C2F20120F4
:10A7B0000088002840F0BF8000212046FEF70AFAFA
:10A7C0002888002800F0BA804BF66641C2F20121C9
:10A7D0000988884200F0B280FEF7D2FCFEF7E3FC65
:10A7E00050B10546002700BFB8B20021FEF708FDB2
:10A7F0000137B8B2A842F7D32046FFF7DDFB3BE0B4
:10A800002046FDF73BFE012840F09580308800F09F
:10A810001F00012840F08F804BF60675C2F201251B
:10A820002F88FEF7C0FC874200F285804BF6087047
:10A83000C2F20120008800287DD14BF604782888D8
:10A84000C2F20128B8F80070FEF7B6FC874272D851
:10A8500028884BF66C47C2F2012798F8001027F8B9
:10A86000101000212046FEF7B5F9FEF789FC288874
:10A8700037F81010FEF7C4FC2046FFF755FB5DE0EB
:10A880004BF60470C2F201200088002853D14BF629
:10A890000670C2F201200088010700F0898021467D
:10A8A000FEF776FFFF2846D0054620462946FEF7EC
:10A8B00049F9012840F0818020462946FCF784FCB4
:10A8C00020462946FDF7C1F920462946FEF782F9C0
:10A8D0007BE04BF60470C2F20120008858BB4BF6B7
:10A8E0000670C2F20120008801073FF407AF21463D
:10A8F000FEF74EFFFF281ED02146FDF714FEFDE6B1
:10A900002046FEF77CF9C02815D14BF60670C2F23E
:10A910000120008800F5804109B200290BD44BF6D4
:10A920006A414BF60073C2F20121C2F201230122F7
:10A930000A801880E2E62046FDF7FBFD4BF60C7519
:10A94000C2F201252888012827D14BF604713088EE
:10A95000C2F20121ADF810000026039608884BF6DC
:10A960000871ADF812004BF60670C2F20120C2F277
:10A970000121ADF808600088ADF814000888ADF832
:10A98000160094208DF8070094F820008DF804003C
:10A9900001A90820FEF741F92E8000202146FEF78C
:10A9A0008DFA0AB0BDE8F0812046FFF7C4FBC5E789
:10A9B00000212046FEF714F9A0E620462946FEF7BE
:10A9C0000FF920462946FDF740F9002120460027CF
:10A9D000FEF700F94BF6E460C2F2012030F81510E2
:10A9E0000129ABD14BF6F86120F81570C2F20121B4
:10A9F000002220460B68002198479FE770B58AB077
:10AA00004BF602750446C2F20125697809024FEA45
:10AA1000712106293ED8DFE801F0043D3D0404041D
:10AA2000040000212046FEF7D5F84BF60C76C2F262
:10AA300001263088012827D14BF604712888C2F2FC
:10AA40000121ADF810000025039508884BF6087128
:10AA5000ADF812004BF60670C2F20120C2F20121DD
:10AA6000ADF808500088ADF814000888ADF816005D
:10AA700094208DF8070094F820008DF8040001A9B7
:10AA80000820FEF7CAF8358000202146FEF716FAA6
:10AA90000AB070BD2046FDF74CFDC6E770B58AB020
:10AAA0004BF602764FF4E062C2F20126044671785A
:10AAB000B2EB012F04D100212046FEF78BF802E013
:10AAC0002046FDF736FD4BF60C75C2F201252888AD
:10AAD000012827D14BF604713088C2F20121ADF86C
:10AAE00010000026039608884BF60871ADF8120096
:10AAF0004BF60670C2F20120C2F20121ADF80860E7
:10AB00000088ADF814000888ADF8160094208DF880
:10AB1000070094F820008DF8040001A90820FEF732
:10AB20007CF82E8000202146FEF7C8F90AB070BDDF
:10AB300080B58AB0038803F06003402B18BF202B38
:10AB400017D106292AD8DFE801F03604300442483C
:10AB5000290092F820108DF80410016840680590D3
:10AB6000049100200390ADF8080094208DF80700B0
:10AB70000EE094218DF8071001684068CDE90410BB
:10AB800092F820008DF8040000200390ADF8080032
:10AB900001A90720FEF741F80AB080BD0720114641
:10ABA0000AB0BDE88040FEF789B911460AB0BDE899
:10ABB000804000F034B84BF60A704BF60C72C2F2CB
:10ABC0000120C2F20122002101801180E4E7114638
:10ABD0000AB0BDE8804000F047B811460AB0BDE8B1
:10ABE000804000F000B810B58AB00C46016840689B
:10ABF000CDE9041094F8200001A98DF8040000208C
:10AC00000390ADF8080094208DF807000720FEF7A8
:10AC100004F800202146FEF751F90AB010BDB0B586
:10AC20008AB00C4601684068CDE904100021204636
:10AC30000025FDF7CFFF94F8200001A98DF804004E
:10AC400094208DF8070008200395ADF80850FDF713
:10AC5000E4FF4BF60C702146C2F201200580002073
:10AC6000FEF72CF90AB0B0BD70B58AB00C46016889
:10AC70004568CDE90415002120460026FDF7AAFF0E
:10AC80004BF6FC2094F82010C2F201208DF804103D
:10AC900001A9ADF808600068C0EB1540039094204E
:10ACA0008DF807000820FDF7B8FF4BF60C70214621
:10ACB000C2F2012006800020FEF700F90AB070BD44
:10ACC000F0B58FB00D46897801700446E8784CF2F3
:10ACD000F006C2F2012600F07F00E070286AA06151
:10ACE0004CF2E800EA69C2F2012040F82120207805
:10ACF000315C012902D140F2DD566BE0297801294F
:10AD000006D04BF670710222C2F2012121F8102008
:10AD100070783178C0B2084307D14BF674704FF4A5
:10AD2000BA71C2F2012031F0DAFB20784CF2F4075C
:10AD3000C2F2012701213154002647F820604CF26D
:10AD4000FC012078C2F2012121F810604CF20010C1
:10AD5000C2F201204FF40C7131F0C1FB28780128B8
:10AD600038D02078FDF778F8064698BB204629466B
:10AD7000FFF70CFA20782946FDF759F96878022880
:10AD800005D120788DF8240001A8FCF79CFA2078E2
:10AD9000FDF75AFD2078FFF7D3F9402808D1207835
:10ADA000FCF76FFA0A20FDF7D2F92078FDF7DEFCF8
:10ADB000287801280DD0207857F8201041F00101A3
:10ADC00047F82010207857F8201041F0020147F88A
:10ADD0002010002630460FB0F0BD70B50446007854
:10ADE000FDF7DDF810B14FF4BC651DE020784CF2A2
:10ADF000F001C2F201214BF67076C2F20126002565
:10AE00000D5436F81010012905D0FEF727FB2078E5
:10AE1000FFF75EF820784CF2F401C2F2012141F80C
:10AE20002050207826F81050284670BDF0B581B02B
:10AE3000044600784BF670771546C2F201270E469D
:10AE400037F81000022802D103F07F00E070694655
:10AE5000204600F074F8074680B99DF8020040F2E1
:10AE6000DC5703280AD1204631462A46FDF7DDFD8E
:10AE7000D52857EA1791002851EA1087384601B0C3
:10AE8000F0BDF0B581B0044600784BF670771546FA
:10AE9000C2F201270E4637F81000022802D103F053
:10AEA0007F00E0706946204600F049F8074680B907
:10AEB0009DF8020040F2DC5703280AD120463146B3
:10AEC0002A46FDF7E1FDD52857EA1791002851EAF7
:10AED0001087384601B0F0BD70B582B004460078E6
:10AEE00000238DF806304BF670730D46C2F2012335
:10AEF00033F81000022802D102F07F00E07001A9AF
:10AF0000204600F01CF89DF8060040F2DC560328AD
:10AF100009D120462946FDF7F8FDD52856EA1691B5
:10AF2000002851EA1086304602B070BD40F2DC5075
:10AF3000704740F2DC50704740F2DC50704770B50B
:10AF40008EB0064600784CF2F402C2F2012252F8AA
:10AF5000202072B30C464BF67071C2F2012100251D
:10AF600031F810000620A07030788DF8200031F8FC
:10AF7000100001281FD068462570FDF740FE002113
:10AF8000C02808BF0221802808BF012161703078E5
:10AF9000FCF724FC42F22C514BF66442C0F3021041
:10AFA000C0F20421C2F20122085C1178A070E170A5
:10AFB00001E040F2DC5528460EB070BD40F2DC5096
:10AFC000704740F2DC50704740F2DC507047D4D4F8
:10AFD00070B582B0044600784BF670760022C2F25B
:10AFE00001268DF806200D4601A936F810002046EE
:10AFF000FFF7A5FF9DF8060003280AD14FF0010CCA
:10B00000A5F800C0207836F81000012804D10020EF
:10B010001CE040F2DC5019E04BF674304FF0090EA2
:10B02000C2F2012000F10A0264230121012600BFBF
:10B0300020785843105A012803D10CFA06F0014336
:10B0400029800A32013600200FF00FC002B070BD17
:10B0500070B590B004464BF67076C2F2012600201F
:10B0600023788DF83E00A2708DF824300D460FA98C
:10B0700036F813002046FFF762FF9DF83E000328D4
:10B0800032D1207836F81010012901D1012038E0A2
:10B09000A1784BF674326423C2F2012210FB032024
:10B0A00001EB810100EB4100408800F00F002870A7
:10B0B000A178267816FB032201EB810302EB430201
:10B0C0005288D20602D580302870A17801A8FDF7F9
:10B0D00065FDB0F5404F0CD0B0F5004F07D0B0F58E
:10B0E000804F01D1002005E040F2DC5009E0012052
:10B0F00000E00220687001A8A178FDF72DFD6880AE
:10B10000002010B070BD2DE9F041884605460E20A4
:10B110000870FDF7D3FD4BF67470C2F20120417840
:10B1200002788A4217D001EBC10100EB81010C319A
:10B130005CC95CC591E8DC00DCC5417801448978D4
:10B1400088F8001041784A1CD2B2092A4FF0000258
:10B1500052EA819141700020BDE8F0814CF2E80292
:10B160000146C2F201220020C2E9001170470078B6
:10B170004BF67072C2F2012232F81020012A02D17D
:10B1800040F2DC50704780B5FDF7BBFB002080BD6E
:10B19000F0B581B00E4669461F4614460546FFF7D6
:10B1A000CEFE10B140F2DC501CE06F703088A881F8
:10B1B00071880006E9812846B18829822146F288F3
:10B1C0006A8202D4FDF7ECFB01E0FDF7C3FB014608
:10B1D000FF284FF0000008BF40F2DC50D52908BF1F
:10B1E00040F2DD5001B0F0BD70B582B00D4601A94E
:10B1F00014460646FFF7A3FE10B140F2DC500FE004
:10B20000304629462246FDF7A5FB0146FF284FF0B0
:10B21000000008BF40F2DC50D52908BF40F2DD50E5
:10B2200002B070BD70B582B00D4601A91446064645
:10B23000FFF785FE10B140F2DC500FE030462946A2
:10B240002246FDF7ADFB0146FF284FF0000008BF86
:10B2500040F2DC50D52908BF40F2DD5002B070BD8D
:10B26000B0B582B00C4601A90546FFF768FE10B1E3
:10B2700040F2DC5005E028782146AC80FDF754FB15
:10B28000002002B0B0BD80B58EB000788DF82000EF
:10B290006846FDF715FD40F2DC51D52808BF40F2A5
:10B2A000E151002851EA10800EB080BD00784BF6C5
:10B2B0007071C2F2012131F81000022804D180B56A
:10B2C000FDF7FCFC002080BD40F2DC5070470078A8
:10B2D0004BF67072C2F2012232F81020022A07D116
:10B2E0004BF66872C2F2012242F82010002070472B
:10B2F00040F2DC507047027800200A707047C27834
:10B30000002042F080020A707047427800200A70E4
:10B310007047827800200A70704700784BF6707290
:10B32000C2F2012232F81020012A0ED010B50C46CC
:10B33000FCF754FA42F25C51C0F30210C0F204214F
:10B3400031F810002080BDE8104000207047024610
:10B35000002092680A607047D0E9032300204B6008
:10B360000A607047002940F2DC5108BF0121002823
:10B3700008BF012108467047002840F2DC5008BF92
:10B380000120704700BA704741F2000040F2010C02
:10B39000C4F23B00C0F2044C4FF488724FF001132A
:10B3A00042614FF4647282617022C2614FF4D872BC
:10B3B00002620CF101024260036000BF00BF00BFE7
:10B3C0000368DB07FCD14FF4B07343614FF464733F
:10B3D00083617023C3614FF40073036242604FF0D6
:10B3E0000113036000BF00BF0368DB07FCD14FF40B
:10B3F000D87343617023C3614FF488730362C0F84C
:10B4000004C04FF0011303600368DB07FCD14FF465
:10B41000887343614FF4096383617023C3614FF400
:10B42000B07303620CF1040343604FF0011101603B
:10B430000168C907FCD14FF4B07141614FF4D87174
:10B4400081617021C1614FF48871016242604FF0E7
:10B450000111016000BF00BF0168C907FCD14FF4B2
:10B46000887141614FF40E6181617021C1614FF4B7
:10B47000B071016243604FF00111016000BF00BF75
:10B480000168C907FCD14FF4007141617021C161AD
:10B490004FF488710162C0F804C04FF001110160DF
:10B4A0000168C907FCD10CF109024FF488714161B0
:10B4B0004FF4B07181614FF41471016242604FF03A
:10B4C0000111016000BF00BF0168C907FCD141F252
:10B4D0003C414FF40413C4F23B010B604FF4B073D2
:10B4E00043614FF4887383614FF4147303624260C5
:10B4F0004FF00112026000BF0268D207FCD14FF486
:10B50000041008607047D4D42DE9F04F81B005468F
:10B5100048F2DD104AF2E00147F2A7224AF2761320
:10B5200041F6242641F200494424CDF25910C6F6D2
:10B53000B561CFF66902CEF66903C4F23B06C4F2E8
:10B540003B09C0F6000408F073FE40F62100C9F87C
:10B5500000024BF24040C9F800020420C9F8000282
:10B5600040F66300C9F80002A220C9F84400346024
:10B57000D9F84400B0F1FF3FFADC0020FFF702FFEA
:10B5800041F62421C9F82000C4F23B01A220C9F8E9
:10B59000440004F110000860D9F84400B0F1FF3F06
:10B5A000FADC0020FFF7EEFE0021C9F82000C8F207
:10B5B0000111C9F8081245F20600C9F8080000BFD9
:10B5C000D9F808004000FBD54CF23834D9F82000F7
:10B5D000C2F20124A060FFF7D5FEA06000284CF263
:10B5E000B8300095C2F2012000F0838000EB850B9B
:10B5F00040F2395541F2EC4646F2F2174BF68D080F
:10B6000042F22244CEF60F25C9F68566C9F6B80780
:10B61000C3F2A9284FF0000A42F620004AF2A431F2
:10B62000C3F22040C9F800024DF260004FF29212BE
:10B63000C2F20000C9F8000247F60340C9F8000250
:10B6400042F200004AF60F73C0F26000C9F83C00F5
:10B650000020C9F858004DF61A30CBF2A501C2F20D
:10B660000900C6F28322CBF62B6308F0E1FD41F618
:10B67000242040F60551C4F23B00CEF20C7101606B
:10B680001120C0F2820000F58030C9F8000000BF30
:10B69000D9F804004000FBD44FF4C050C9F83C0076
:10B6A00042F21200C9F80800D9F808004000FBD5A2
:10B6B0000BEB8A00D9F820104BF82A103A46D9F83B
:10B6C00020104160D9F820108160D9F82010C160A5
:10B6D000284631464346C9F8004208F0D9FD4CF2ED
:10B6E00038300AF1040AC2F201208068824593D3FF
:10B6F00001E04FF0000A40F601000021C9F858109F
:10B70000C3F60000C9F800028020C9F808024FF40F
:10B710001810C9F83C0042F20000C0F2600043F289
:10B72000D042A0F50010C9F83C00C9F8581043F603
:10B73000734041F2D16143F25B13CEF67D10C7F640
:10B740000471CFF21842C2F2B36308F071FDA22077
:10B75000C9F8440041F6242040F20411C4F23B0031
:10B76000C0F60041016000BFD9F84400B0F1FF3FCE
:10B77000FADC0020FFF706FE41F62421C9F820007C
:10B78000C4F23B0140F20510C0F61C100860112005
:10B79000C0F28200C9F80000009900BF00BF00BFDE
:10B7A000D9F804004000FBD44FF4C050C9F83C0065
:10B7B00042F21200C9F80800D9F808004000FBD591
:10B7C0004CF2B830D9F82020C2F2012000EB810001
:10B7D00000EB8A0140F82A20D9F820004860D9F807
:10B7E00020008860D9F82000C86047F61D40C9F8DD
:10B7F000000242F20000C0F26000C9F83C000020E4
:10B80000C9F8580001B0BDE8F08FD4D4D4D4D4D452
:10B810002DE9F04F83B007464BF6783049F2ED1131
:10B8200048F6142249F6064341F6242641F2004523
:10B830004424CEF62050CFF2DE21CCF20A42C7F2E9
:10B84000B833C4F23B06C4F23B05C0F6000408F06E
:10B85000EFFC40F62100C5F800024BF24040C5F86D
:10B8600000020420C5F8000240F66300C5F800029B
:10B87000A2206864346000BF686CB0F1FF3FFBDC5D
:10B880000020FFF77FFD41F624212862C4F23B012E
:10B89000A220686404F11000086000BF00BF00BF70
:10B8A000686CB0F1FF3FFBDC0020FFF76BFD00216F
:10B8B0002862C8F20111C5F8081245F20600A86016
:10B8C000A8684000FCD54CF238361124C2F201269B
:10B8D000286AC0F28204B060FFF754FDB06000280F
:10B8E0004CF2B8300197C2F2012069D000EB870812
:10B8F00004F5800047F6C51940F2E2164CF24367A2
:10B900004AF6085442F2224AC0F62649C4F2326688
:10B91000CBF6DC07C1F2C7744FF0000B029000BFFA
:10B9200042F6200040F60551C3F22040C5F800025F
:10B930004DF26000CFF20C71C2F20000C5F80002B7
:10B9400047F60340C5F8000242F20000C0F2600072
:10B95000E8630020A86540F2C230686441F6242004
:10B96000C4F23B00016000BF686CB0F1FF3FFBDC3C
:10B9700008EB8B0058F82B10296241682962816816
:10B980002962C06828620298286000BF00BF00BF1B
:10B9900068684000FCD44FF4C050E8634846314624
:10B9A0003A462346C5F800A208F072FC4CF2383043
:10B9B0000BF1040BC2F2012080688345B0D301E093
:10B9C0004FF0000B40F601000021A965C3F600000E
:10B9D000C5F800028020C5F808024FF41810E8638B
:10B9E00042F20000C0F26000A0F50010E863A96513
:10B9F00040F2C230686441F62420C4F23B0040F6B5
:10BA00000551C0F20C710160686CB0F1FF3FFBDCC6
:10BA100001984CF2B831C2F2012101EB800000EB39
:10BA20008B0150F82B0028624868286288682862D9
:10BA3000C86841F62421C4F23B0128620520C8F6FB
:10BA4000104008601120C0F28200286000BF00BFD3
:10BA500068684000FCD44FF4C050E86347F61D40CE
:10BA6000C5F8000242F20000C0F26000E863002066
:10BA7000A86503B0BDE8F08F2DE9F04744F6240037
:10BA80004EF68B6141F6B2624DF2693340F20A091B
:10BA900041F6242541F2004440F2040A1126CAF678
:10BAA000FE70C3F26041C2F69B72CAF2FC03C8F298
:10BAB0008419C4F23B05C4F23B04C0F6000AC0F28C
:10BAC000890608F0B5FB0AF181084BF24050C4F832
:10BAD00000024FF4E870C4F8000209F58020C4F8B1
:10BAE0000802C5F80080266060684000FCD44FF46E
:10BAF000C050E0634BF67A104FF6B66147F2E112A0
:10BB00004DF28833C6F60260C0F24F11C3F27812CC
:10BB1000CEF20D4308F08CFB0AF1910028602660FC
:10BB200060684000FCD44FF4C050E0634CF6FC1059
:10BB30004CF28F714DF200624AF67833CEF2C96052
:10BB4000C3F6F511CBF6FD12C7F2985308F070FB5F
:10BB50004BF24050C4F800024FF4E070C4F8000209
:10BB6000C4F808920AF1C1002860266000BF00BF37
:10BB700060684000FCD44FF4C050E06340F2041011
:10BB8000E021C0F60430C8F201112860C4F80812A0
:10BB9000A6F10C00206000BF60684000FCD44FF4A8
:10BBA000C050E06340F240101121C8F20400C0F21E
:10BBB0004231C4F80802216060684000FCD440F2C1
:10BBC000401949F24507C8F20419C3F200074FF4BF
:10BBD000C050E06348F64050C4F800026FF07F4068
:10BBE000C4F8000249F24010C4F800024FF080701F
:10BBF000C4F800024FF08040A86007F1C000286040
:10BC0000C4F80892266000BF60684000FCD44FF47E
:10BC1000C050E063A2206064C5F800A000BF00BF70
:10BC2000606CB0F1FF3FFBDC0020FFF7ABFB206254
:10BC300048F64050C4F800026FF07F40C4F800029C
:10BC400049F24010C4F800024FF00070C4F800023E
:10BC50004FF08040A8602F60C4F80892266000BFB3
:10BC600060684000FCD44FF4C050E063A2206064E0
:10BC7000C5F800A000BF00BF606CB0F1FF3FFBDC67
:10BC80000020FFF77FFB20624AF633704DF2E63169
:10BC90004FF638524EF2C403CBF2FC60C6F2D81114
:10BCA000CDF26422C5F60F0308F0C2FA1120C5F8E0
:10BCB0000080C0F28200206060684000FCD44FF435
:10BCC000C050E06344F6006040F2DB4145F203629D
:10BCD00045F6C053C5F2F930C5F6EA41C4F2207208
:10BCE000CBF6C55308F0A4FA9421A220C0F6004177
:10BCF0006064296000BF00BF606CB0F1FF3FFBDCF7
:10BD000000200025FFF73EFB206247F61D40C4F8E7
:10BD1000000242F20000C0F26000E063A565BDE8E9
:10BD2000F087D4D4D4D4D4D42DE9F04381B041F6F3
:10BD3000242541F2004440F2E008C4F23B05C4F27D
:10BD40003B0449F2440740F20509C8F20118C3F266
:10BD50000007C0F2890948F6E040C4F800026FF01D
:10BD60007F40C4F8000249F2E000C4F800024FF03E
:10BD70008070C4F800024FF08040A86007F1C00056
:10BD80002860C4F80882C4F8009000BF00BF00BF5C
:10BD900060684000FCD404264FF4C050C0F6000692
:10BDA000E063A22060642E60606CB0F1FF3FFBDCBA
:10BDB0000020FFF7E7FA206248F6E040C4F80002EE
:10BDC0006FF07F40C4F8000249F2E000C4F80002BE
:10BDD0004FF00070C4F800024FF08040A8602F6060
:10BDE000C4F80882C4F8009060684000FCD44FF4A6
:10BDF000C050E063A22060642E6000BF00BF00BF9F
:10BE0000606CB0F1FF3FFBDC0020FFF7BBFA206263
:10BE10004BF63F4049F62A1148F2CF1247F222432F
:10BE2000CFF60370C8F2A231CAF20402CFF6703323
:10BE300008F0FEF9112106F18100C0F282012860AC
:10BE4000216000BF00BF00BF60684000FCD44FF419
:10BE5000C050E0634AF6932043F62F0148F24D723A
:10BE600043F20943C5F6BB30C9F21131CCF6C732F3
:10BE7000CFF28A4308F0DCF99421A220C0F60041F9
:10BE80006064296000BF00BF606CB0F1FF3FFBDC65
:10BE900000200025FFF776FA206247F61D40C4F81F
:10BEA000000242F20000C0F26000E063A56501B04C
:10BEB000BDE8F083D4D4D4D410B541F2204400229C
:10BEC000C4F23B04C721C8F201026162C4F8E82150
:10BED000616AB1F1FF3FFBDC0068FFF753FA2060B5
:10BEE0000020A06310BDD4D441F220418023C4F2CD
:10BEF0003B01C722C8F201034A62C1F8E83100BF22
:10BF00004A6AB2F1FF3FFBDC0068086000208863EA
:10BF10007047D4D4D4D4D4D42DE9F04F83B041F2B7
:10BF2000044840F24036C4F23B0841F200090023C5
:10BF30000521052246F67107C8F20106C4F23B0945
:10BF4000C1F29833C0F24331C0F203024FF4C05A39
:10BF50004FF4087B4FF001144FF4C665C4F241075B
:10BF600043F23D70C8F8FC0140F6DE30C8F8FC0131
:10BF700003F12470029006F12000009000BF00BF82
:10BF80000020C1F21820C8F80000C8F80462C9F8FF
:10BF9000002400BF00BF00BFD8F800004000FBD461
:10BFA000C8F838A0C9F80014D8F800004000FBD445
:10BFB000C8F838A00298C8F8000006F12000C8F8B8
:10BFC0000402C9F8002400BFD8F800004000FBD4E8
:10BFD000C8F838A0C9F80014D8F800004000FBD415
:10BFE000C8F838A041F25B30C8F8FC014DF640308B
:10BFF000C3F60000C8F8FC018020C8F804024FF422
:10C000001810C8F838004AF2BC3046F2A8614AF667
:10C010006A1249F62B43CBF22260CDF61571CEF2AF
:10C020005952C3F6271308F003F94FF48000C8F8FB
:10C030003800D8F83800400238D50920C9F814B0C3
:10C04000C1F21000C9F820B00330C9F80400C9F8E3
:10C05000004000BF00BF00BFD9F80010C907FBD1E6
:10C06000C9F81450C9F82050C9F80400C9F80040B4
:10C07000D9F80000C007FBD14FF43F50C8F8FC01CD
:10C0800044F6AF104CF66D214BF66072C1F2DB2026
:10C09000C4F20751C3F285423B4608F0F9F8052186
:10C0A0000522C0F24331C0F2030269E742F6C540FF
:10C0B0004AF69F0141F671124BF6F30300257D24E9
:10C0C000C3F6A320CCF63F21CEF68662CDF64633EA
:10C0D000C1F6B015C0F2C00408F0DAF8C8F8005094
:10C0E00004F11400C9F80004D8F800004000FBD4A3
:10C0F00040F284144FF4C050C0F60434C8F838003D
:10C10000A220C8F84000C8F8204600BF00BF00BF0A
:10C11000D8F84000B0F1FF3FFADC49F2B84ACFF25C
:10C12000292A5046FFF72EF906F1600BC8F81C00CB
:10C13000C8F800504FF43440C8F8FC012420C8F877
:10C14000FC01A720C8F84000C8F804B200BF00BF37
:10C15000D8F84000B0F1FF3FFADC40F22150FFF781
:10C1600011F9C8F81C000020C8F854004DF2D51091
:10C170004EF6A8014BF2951249F25753C5F61F002F
:10C18000C3F23F21C9F6EC42C0F6C82308F080F89C
:10C190002820FFF7B9F9A220C8F84000C8F82046C7
:10C1A000D8F84000B0F1FF3FFADC48F68200C7F251
:10C1B0005C20FFF7E7F82F46C8F81C00C8F80050CD
:10C1C0004FF43440C8F8FC012420C8F8FC01A72033
:10C1D000C8F84000C8F804B2D8F84000B0F1FF3FFA
:10C1E000FADC40F2041540F22250C0F60005FFF7D9
:10C1F000C9F8C8F81C000020C8F8540040F61B60BD
:10C200004BF6082149F290724DF2A433CCF25F60F4
:10C21000C4F6CC01C6F6D772C5F6692308F038F823
:10C220005020FFF771F94FF0CE50C8F80000A2205F
:10C23000C8F84000C8F82056D8F84000B0F1FF3FD9
:10C24000FADC0120FFF79EF8C8F81C007D20C0F240
:10C25000C000C9F8000400BFD8F800004000FBD4BB
:10C2600005213D46C0F2C2014FF4C050C8F8380065
:10C27000C9F8001400BF00BFD8F800004000FBD48C
:10C280000D214FF4C050C0F20201C8F83800C9F8BF
:10C29000001400BF00BF00BFD8F800004000FBD46E
:10C2A0004FF4C050C8F83800A220C8F84000C8F8C1
:10C2B000204600BF00BF00BFD8F84000B0F1FF3FEC
:10C2C000FADC4AF66F40C6F6D200FFF75BF8C8F812
:10C2D0001C00C8F800504FF43440C8F8FC0124207A
:10C2E000C8F8FC01A720C8F84000C8F804B200BF95
:10C2F000D8F84000B0F1FF3FFADC40F22350FFF7DE
:10C3000041F8C8F81C000020C8F8540046F6500058
:10C3100046F2656145F2CA2246F61F43C2F6C710CF
:10C32000C5F69771CCF68562CDF65A1307F0B0FFCB
:10C330000020FFF7E9F8A220C8F84000C8F820461E
:10C34000D8F84000B0F1FF3FFADC48F2BF50C6F623
:10C35000FA20FFF717F8C8F81C00C8F800504FF48F
:10C360003440C8F8FC012420C8F8FC01A720C8F814
:10C370004000C8F804B200BFD8F84000B0F1FF3F59
:10C38000FADC40F22450FEF7FDFFC8F81C00002044
:10C39000C8F854004FF6A2204EF210714FF67932D1
:10C3A00041F21963CEF2AD60C1F69431CDF6A542EB
:10C3B000CBF2DC0307F06CFF7820FFF7A5F8A22092
:10C3C000C8F84000C8F82046D8F84000B0F1FF3F58
:10C3D000FADC47F60450C0F63B10FEF7D3FFC8F86E
:10C3E0001C004FF08D50C8F800004FF43440C8F8DE
:10C3F000FC012020C8F8FC01A720C8F84000C8F8BC
:10C4000004B200BF00BF00BFD8F84000B0F1FF3F4A
:10C41000FADC40F22550FEF7B5FFC8F81C000020FA
:10C42000C8F8540047F2F46049F2E75142F2CA42B8
:10C4300042F2E533CAF68470C4F65D61CAF6724210
:10C44000CEF2C91307F024FFA020FFF75DF800200B
:10C450001B21C1F29830C8F2A00100F10670C8F8A3
:10C46000000040F67B30C8F8FC010520C8F8041233
:10C47000C0F243307C30C9F8000400BF00BF00BFE9
:10C48000D8F800004000FBD44FF4C050C8F8380082
:10C4900009204FF43447C1F21000242601300190E6
:10C4A000CDF808B000BF00BF4FF0CE50C8F8000074
:10C4B000A220C8F8400040F20410C0F60000C8F8FE
:10C4C000200600BF00BF00BFD8F84000B0F1FF3F1A
:10C4D000FADC0120FEF756FFC8F81C007D20C0F2F0
:10C4E000C000C9F8000400BFD8F800004000FBD429
:10C4F0004FF4C050C8F8380005204FF00111C0F2C9
:10C50000C200C9F8000400BFD8F800004000FBD406
:10C510004FF4C050C8F838000D20C0F20200C9F82E
:10C52000000400BF00BF00BFD8F800004000FBD4EB
:10C530004FF4C050C8F838004FF40870C9F8140020
:10C540004FF42460C9F8180040F63800C9F82000FC
:10C550000198C9F80400C9F8001000BF00BF00BF6F
:10C56000D9F80000C007FBD14FF40410C8F8380018
:10C570004DF285104CF2DE3142F6D15249F6BA0343
:10C58000C5F67230CFF23031C2F63302CBF65C43DF
:10C5900007F04EFE4FF48000C8F83800D8F8380095
:10C5A000400200F16B87A220C8F84000C8F820467E
:10C5B000D8F84000B0F1FF3FFADC4AF66F40C6F60B
:10C5C000D200FEF7DFFEC8F81C000020C1F2983050
:10C5D000C8F80000C8F8FC71C8F8FC61A720C8F8CA
:10C5E0004000C8F804B200BFD8F84000B0F1FF3FE7
:10C5F000FADC40F22150FEF7C5FEC8F81C0000200E
:10C60000C8F8540042F6DF504AF60A4144F6953223
:10C6100045F22B63C6F2F610CAF2AB71CEF22502D8
:10C62000CCF63F0307F034FE0020FFF7F1F8A2201C
:10C63000C8F84000C8F82046D8F84000B0F1FF3FE5
:10C64000FADC5046FEF79EFEC8F81C00C8F8005001
:10C65000C8F8FC71C8F8FC61A720C8F84000C8F809
:10C6600004B200BF00BF00BFD8F84000B0F1FF3FE8
:10C67000FADC40F22250FEF785FEC8F81C000020CC
:10C68000C8F8540040F66C3047F2E26148F22842A4
:10C690004AF2B773C1F68810C5F28F21CBF24C1263
:10C6A000CAF6797307F0F4FD2820FFF7B1F8A72048
:10C6B000C8F84000C8F804B2D8F84000B0F1FF3F15
:10C6C000FADC40F22150FEF75DFEC8F81C000020A5
:10C6D000C8F8540040F25F704CF216114CF65A52F2
:10C6E0004DF66003C0F6DA20CCF6C621CFF6C012B4
:10C6F000CFF2E51307F0CCFD01F05AF9A220C8F8FB
:10C700004000C8F8204600BFD8F84000B0F1FF3F15
:10C71000FADC4AF66F40C6F6D200FEF733FEC8F8E0
:10C720001C000020C1F29830C8F80000C8F8FC7165
:10C73000C8F8FC61A720C8F84000C8F804B200BFE0
:10C74000D8F84000B0F1FF3FFADC40F22650FEF787
:10C7500019FEC8F81C000020C8F854004BF64430FD
:10C7600048F2AF0149F6267240F6E443CCF6980051
:10C77000C7F28831CFF23742CAF6221307F088FD9C
:10C780000020FEF7C1FEA220C8F84000C8F82046ED
:10C79000D8F84000B0F1FF3FFADC5046FEF7F2FD5A
:10C7A000C8F81C00C8F80050C8F8FC71C8F8FC6153
:10C7B000A720C8F84000C8F804B200BF00BF00BFFF
:10C7C000D8F84000B0F1FF3FFADC40F22750FEF706
:10C7D000D9FDC8F81C000020C8F8540049F698603C
:10C7E00041F28D6149F604424AF22803CCF6D64064
:10C7F000CCF2C651C1F64D72C2F6F52307F048FDE2
:10C800002820FEF781FEA220C8F84000C8F8204684
:10C81000D8F84000B0F1FF3FFADC48F68200C7F2DA
:10C820005C20FEF7AFFDC8F81C000020C1F2983074
:10C83000C8F80000C8F8FC71C8F8FC61A720C8F867
:10C840004000C8F804B200BFD8F84000B0F1FF3F84
:10C85000FADC40F223504FF4344AFEF793FDC8F857
:10C860001C000020C8F854004EF290704DF6CA111A
:10C8700049F27A5240F6E673C8F65F40CCF2DE61C8
:10C88000CAF27B42C7F6D75307F002FD5020FEF7ED
:10C89000BFFFA220C8F84000C8F8204600BF00BF74
:10C8A000D8F84000B0F1FF3FFADC48F2BF50C6F6BE
:10C8B000FA20FEF767FD2F46C8F81C00C8F80050A4
:10C8C000C8F8FCA1C8F8FC61A720C8F84000C8F867
:10C8D00004B200BF00BF00BFD8F84000B0F1FF3F76
:10C8E000FADC40F22450FEF74DFDC8F81C00002091
:10C8F000C8F8540046F65E1040F64F5147F66F42B6
:10C900004EF66443C6F26570C9F23701CCF2FB0201
:10C91000C6F6FE6307F0BCFC7820FEF779FF002026
:10C92000C1F65870C8F800007D20C0F2C000051D97
:10C93000C9F8005400BF00BFD8F800004000FBD485
:10C94000092140F6D873C1F210014FF001124FF4E3
:10C95000C6644FF4C050C8F838004FF40870C9F8E6
:10C960001400C9F8183040F63800C9F82000C9F89A
:10C970000410C9F8002000BFD9F80000C007FBD19F
:10C98000C9F81440C9F818304FF40870C9F82000ED
:10C99000C9F80410C9F80020D9F80000C007FBD17D
:10C9A000242640F63800C9F81400C9F81830C9F830
:10C9B0002040C9F80410C9F8002000BF00BF00BF24
:10C9C000D9F80000C007FBD140F6D8744FF0011B26
:10C9D000A720C8F840000298C8F8040200BF00BFB2
:10C9E000D8F84000B0F1FF3FFADC40F22250FEF7E9
:10C9F000C9FCC8F81C000020C8F8540046F2496081
:10CA000041F6607148F683524AF2FB43C1F2BD0021
:10CA1000C4F26361CDF64402CAF6944307F038FCD1
:10CA200000F0C6FFA220C8F8400040F28410C0F613
:10CA30000430C8F8200600BFD8F84000B0F1FF3F2E
:10CA4000FADC48F68200C7F25C20FEF79BFCC8F8CF
:10CA50001C000020C1F29830C8F80000C8F8FCA102
:10CA6000C8F8FC61A720C8F840000298C8F8040282
:10CA7000D8F84000B0F1FF3FFADC4FF4A560FEF7B4
:10CA800081FCC8F81C000020C8F854004BF6B440E4
:10CA900043F2E50146F2190245F69D43C6F6CE6023
:10CAA000C4F62611C2F66E62C8F20D3307F0F0FB31
:10CAB0005020FEF729FDA220C8F8400040F2841063
:10CAC000C0F60430C8F82006D8F84000B0F1FF3FA7
:10CAD000FADC48F2BF50C6F6FA20FEF753FCC8F85D
:10CAE0001C00C8F80070C8F8FCA1C8F8FC61A720B9
:10CAF000C8F840000298C8F8040200BF00BF00BF99
:10CB0000D8F84000B0F1FF3FFADC40F22950FEF7C0
:10CB100039FCC8F81C000020C8F854004CF2CA3098
:10CB200044F69D7140F60A3249F64433C0F69B1034
:10CB3000C4F60951CFF6DB22CDF6734307F0A8FB0C
:10CB40007820FEF7E1FC0020C1F65870C8F800001C
:10CB5000C9F8005400BF00BFD8F800004000FBD463
:10CB60004FF4C050C8F838004FF40870C9F81400EA
:10CB70002246C9F81840092140F28414C1F210017C
:10CB8000C0F604344FF4C66340F63800C9F82000FC
:10CB9000C9F80410C9F800B0D9F80000C007FBD1EB
:10CBA00049F2B847C9F81430CFF22927C9F818203C
:10CBB0004FF40870C9F82000C9F80410C9F800B093
:10CBC000D9F80000C007FBD1002540F63800C1F2BB
:10CBD000A875C9F81400C9F81820C9F82030C9F898
:10CBE0000410C9F800B000BFD9F80000C007FBD19D
:10CBF0004FF40870C9F81400C9F8183040F638002E
:10CC0000C9F82000DA460198C9F80400C9F800B054
:10CC1000D9F80000C007FBD14FF42100C8F8380054
:10CC200041F2BA504DF682414DF2F00245F238031E
:10CC3000C0F65470C7F2D401C6F68A72CCF68323CC
:10CC400007F0F6FA4FF4800BC8F838B0D8F838007F
:10CC5000400200F101824FF4C661C9F814104FF48C
:10CC60000870C9F81800C9F820100198C9F8040024
:10CC7000C9F800A0DDF808B0D9F80000C007FBD162
:10CC8000BA46A220C8F84000C8F8204600BF00BF3E
:10CC9000D8F84000B0F1FF3FFADC48F68200C7F256
:10CCA0005C20FEF76FFB4FF43447C8F81C00C8F84F
:10CCB0000050C8F8FC71C8F8FC61A720C8F8400013
:10CCC000C8F804B200BF00BFD8F84000B0F1FF3F81
:10CCD000FADC40F22A50FEF755FBC8F81C00002091
:10CCE000C8F8540048F2050044F2992147F67E3214
:10CCF00044F2BB63C6F60C60CCF66821C6F61C3263
:10CD0000C2F6633307F0C4FA5020FEF781FDA2207B
:10CD1000C8F84000C8F82046D8F84000B0F1FF3FFE
:10CD2000FADC4AF66F40C6F6D200FEF72BFBC8F8D5
:10CD30001C000020C1F64870C8F80000C8F8FC715B
:10CD4000C8F8FC61A720C8F84000C8F804B200BFCA
:10CD5000D8F84000B0F1FF3FFADC40F22B50FEF76C
:10CD600011FBC8F81C000020C8F854004CF66020E5
:10CD70004CF6A52143F2C01245F29B33CAF2FC6087
:10CD8000C2F60A21CFF63362C4F6695307F080FA7F
:10CD90000020FEF73DFDA720C8F84000C8F804B207
:10CDA000D8F84000B0F1FF3FFADC40F22350FEF724
:10CDB000E9FAC8F81C000020C8F8540041F20350FA
:10CDC00040F6B1414AF6305244F62B33C6F2E14008
:10CDD000CAF6BC41CBF61B52CAF2172307F058FA29
:10CDE00007F072FCA220C8F84000C8F8204600BF37
:10CDF000D8F84000B0F1FF3FFADC48F68200C7F2F5
:10CE00005C20FEF7BFFAC8F81C00C8F80050C8F84C
:10CE1000FC71C8F8FC61A720C8F84000C8F804B24B
:10CE2000D8F84000B0F1FF3FFADC40F22C50FEF79A
:10CE3000A9FAC8F81C000020C8F8540048F2337062
:10CE400049F60A514CF6EA5240F28C63C7F2A460EC
:10CE5000C8F25A31CFF29D62C8F24D2307F018FA9A
:10CE60005020FEF751FBA220C8F84000C8F8204629
:10CE7000D8F84000B0F1FF3FFADC48F2BF50C6F6E8
:10CE8000FA20FEF77FFAC8F81C00C8F80050C8F86E
:10CE9000FC71C8F8FC61A720C8F84000C8F804B2CB
:10CEA000D8F84000B0F1FF3FFADC40F22C50FEF71A
:10CEB00069FAC8F81C000020C8F8540040F26E203F
:10CEC00048F2146143F2511245F62863CAF27C40DD
:10CED000C8F65711CDF6AF12CDF2E86307F0D8F9D6
:10CEE0007820FEF795FCA220C8F84000C8F820463C
:10CEF000D8F84000B0F1FF3FFADC5046FEF742FAA6
:10CF0000C8F81C000020C1F64870C8F80000C8F836
:10CF1000FC71C8F8FC61A720C8F84000C8F804B24A
:10CF2000D8F84000B0F1FF3FFADC40F22D50FEF798
:10CF300029FAC8F81C000020C8F8540040F67D20EB
:10CF400046F23C0147F6BD424FF28233C3F6ED7024
:10CF5000CCF27D11C4F2FE22C8F2E24307F098F948
:10CF60002820FEF755FCA720C8F84000C8F804B2F6
:10CF7000D8F84000B0F1FF3FFADC40F22450FEF751
:10CF800001FAC8F81C000020C8F854004BF2D94040
:10CF900045F668714EF6813240F29433C6F22310A2
:10CFA000C3F6DE71C5F2A132C2F2C41307F070F904
:10CFB00007F08AFBA220C8F84000C8F8204600BF4E
:10CFC000D8F84000B0F1FF3FFADC48F2BF50C6F697
:10CFD000FA20FEF7D7F9C8F81C00C8F80050C8F8C6
:10CFE000FC71C8F8FC61A720C8F84000C8F804B27A
:10CFF000D8F84000B0F1FF3FFADC40F22D50FEF7C8
:10D00000C1F9C8F81C000020C8F8540044F2D5301B
:10D0100040F217414CF6C51245F24A03C3F28D7037
:10D02000CFF28221C6F22002C2F2EA6307F030F9A1
:10D030007820FEF769FA42F610004AF2AC314AF65F
:10D04000FB5244F6A853C0F2EB00C8F24351C3F2BE
:10D050005F02C0F613430AE240F63800C9F8140034
:10D0600040F6D870C9F818004FF40870C9F82000CD
:10D070000920C1F21000C9F80400C9F800A0DDF8C9
:10D0800008B000BF00BF00BFD9F80000C007FBD147
:10D09000BA46A220C8F84000C8F8204600BF00BF2A
:10D0A000D8F84000B0F1FF3FFADC4AF66F40C6F610
:10D0B000D200FEF767F94FF43447C8F81C00C8F8EF
:10D0C0000050C8F8FC71C8F8FC61A720C8F84000FF
:10D0D000C8F804B200BF00BFD8F84000B0F1FF3F6D
:10D0E000FADC40F22550FEF74DF9C8F81C0000208C
:10D0F000C8F8540041F68C0042F2BC514AF68562F1
:10D1000042F6FE73CCF6E120C7F2FE11C0F63D32C6
:10D11000C8F2054307F0BCF80020FEF779FBA22017
:10D12000C8F84000C8F82046D8F84000B0F1FF3FEA
:10D13000FADC48F68200C7F25C20FEF723F9C8F853
:10D140001C000020C1F64870C8F80000C8F8FC7147
:10D15000C8F8FC61A720C8F84000C8F804B200BFB6
:10D16000D8F84000B0F1FF3FFADC40F22650FEF75D
:10D1700009F9C8F81C000020C8F8540047F66150AF
:10D1800047F661114BF631024AF68703C1F630705B
:10D19000C2F21D61C4F29632C1F2647307F078F8EE
:10D1A0005020FEF735FBA720C8F84000C8F804B2AD
:10D1B000D8F84000B0F1FF3FFADC40F22150FEF712
:10D1C000E1F8C8F81C000020C8F854004DF26100D6
:10D1D00043F61F214EF2E4324CF64753C3F6994012
:10D1E000C3F6F321CCF29852CFF6D65307F050F89D
:10D1F00007F06AFAA220C8F84000C8F8204600BF2D
:10D20000D8F84000B0F1FF3FFADC4AF66F40C6F6AE
:10D21000D200FEF7B7F8C8F81C00C8F80050C8F8EC
:10D22000FC71C8F8FC61A720C8F84000C8F804B237
:10D23000D8F84000B0F1FF3FFADC40F22A50FEF788
:10D24000A1F8C8F81C000020C8F854004CF6E050C3
:10D250004AF6714148F2366248F23403CBF2B82004
:10D26000C3F6B251C9F6E572C8F6FE1307F010F81E
:10D270000020FEF749F9A220C8F84000C8F820466F
:10D28000D8F84000B0F1FF3FFADC5046FEF77AF8DC
:10D29000C8F81C00C8F80050C8F8FC71C8F8FC6158
:10D2A000A720C8F84000C8F804B200BF00BF00BF04
:10D2B000D8F84000B0F1FF3FFADC40F22750FEF70B
:10D2C00061F8C8F81C000020C8F8540041F60C3082
:10D2D0004DF24C514FF2D41249F60003C3F60C4004
:10D2E000C7F22D31C4F69E72C9F65A2306F0D0FF5C
:10D2F0002820FEF78DFAA220C8F84000C8F8204682
:10D30000D8F84000B0F1FF3FFADC48F2BF50C6F653
:10D31000FA20FEF737F8C8F81C000020C1F6487064
:10D32000C8F80000C8F8FC71C8F8FC61A720C8F86C
:10D330004000C8F804B200BFD8F84000B0F1FF3F89
:10D34000FADC4FF4A560FEF71DF8C8F81C000020B9
:10D35000C8F8540046F6E9504FF6774140F26312A0
:10D360004AF68523C0F6FF20C6F6E501CDF6340265
:10D37000CFF2B25306F08CFF7820FEF749FAA720CF
:10D38000C8F84000C8F804B2D8F84000B0F1FF3F38
:10D39000FADC40F22250FDF7F5FFC8F81C0000202F
:10D3A000C8F8540047F24E6044F2085146F25D322C
:10D3B0004AF2F963C2F24B70C3F6BB11C9F2C5124F
:10D3C000CBF6BB5306F064FF07F07EF9A220C8F845
:10D3D0004000C8F8204600BFD8F84000B0F1FF3F39
:10D3E000FADC5046FDF7CEFFC8F81C00C8F8005024
:10D3F000C8F8FC71C8F8FC61A720C8F84000C8F85C
:10D4000004B200BF00BF00BFD8F84000B0F1FF3F3A
:10D41000FADC40F22B50FDF7B5FFC8F81C000020E5
:10D42000C8F854004EF291104EF633314CF6783273
:10D4300044F28A73CFF26550C7F20401CAF2FD527A
:10D44000C0F6D16306F024FF2820FEF75DF84EF207
:10D45000504040F2B02143F6672240F28E13C0F2F2
:10D460007530CBF21511C7F62A12C7F2C87306F051
:10D470000FFF0025C1F6B015FFF716B84AF6E820F1
:10D4800042F6035142F2504248F6C513CBF2A720B0
:10D49000C8F6F021C4F6FB12C7F6644306F0F8FEA6
:10D4A000A220C8F84000C8F8204600BF00BF00BF57
:10D4B000D8F84000B0F1FF3FFADC47F60450C0F660
:10D4C0003B10FDF75FFFC8F81C004FF08D50C8F807
:10D4D00000004FF43440C8F8FC012020C8F8FC01DB
:10D4E000A720C8F84000C8F804B200BF00BF00BFC2
:10D4F000D8F84000B0F1FF3FFADC40F22E50FDF7C3
:10D5000041FFC8F81C000020C8F8540043F61E3044
:10D5100041F673714CF6FB3240F6CB23CBF23E0062
:10D52000C0F60F71CDF60442C8F6791306F0B0FECE
:10D53000A020FEF76DF94FF0CE50C8F80000A220F1
:10D54000C8F8400040F20410C0F60000C8F82006F9
:10D55000D8F84000B0F1FF3FFADC0220FDF712FFDF
:10D56000C8F81C007D20C0F2C000C9F8000400BF4C
:10D57000D8F800004000FBD44FF4C050C8F8380081
:10D580000520C0F2C200C9F8000400BF00BF00BF00
:10D59000D8F800004000FBD44FF4C050C8F8380061
:10D5A0000D20C0F20200C9F8000400BF00BF00BF98
:10D5B000D8F800004000FBD44BF6BE6140F2B650F4
:10D5C0004DF2353242F25663C5F69E61C4F2E87000
:10D5D00040F6DE76C3F24252C0F20A33C3F60006CA
:10D5E0004FF4C057C8F83870C8F8FC618027C8F8F5
:10D5F00004724FF42607C8F8387006F019FE4FF48D
:10D600008000C8F838000446D8F83800400266D5D3
:10D6100009204FF4246BC1F210004FF4C665461E7A
:10D620004FF001174FF4087AC9F814B0C9F8185030
:10D63000C9F82050C9F80460C9F8007000BF00BFE5
:10D64000D9F80000C007FBD1C9F814B0C9F818A078
:10D65000C9F820A0C9F80460C9F8007000BF00BF75
:10D66000D9F80000C007FBD14FF44F50C8F8FC01B7
:10D6700047F670604EF2845146F2A2724CF2D32308
:10D68000C3F23710C8F6D471C0F6F862CFF60B4378
:10D6900006F0FEFD40F6DE704BF6BE61C3F60000FC
:10D6A000C8F8FC018020C8F804024FF42600C8F82E
:10D6B000380040F2B6504DF2353242F25663C4F2B1
:10D6C000E870C5F69E61C3F24252C0F20A3306F01A
:10D6D000AFFDC8F83840D8F838004002A4D44CF266
:10D6E000793041F2952141F2975248F2E953CDF257
:10D6F0003A00CAF63011CAF61632CBF6367306F087
:10D70000C7FDA220C8F8400040F28410C0F60430E3
:10D71000C8F8200600BF00BFD8F84000B0F1FF3FB6
:10D72000FADC48F2BF50C6F6FA20FDF72BFE0025C2
:10D73000C8F81C00C1F2A875C8F800504FF4344076
:10D74000C8F8FC012420C8F8FC01A720C8F8400054
:10D750000298C8F8040200BFD8F84000B0F1FF3FBB
:10D76000FADC40F22F50FDF70DFEC8F81C00002037
:10D77000C8F8540049F6C43042F2033149F60A525F
:10D780004CF60D53CFF68750C2F28051C0F2796249
:10D79000C8F2D54306F07CFD7820FEF739F8C8F8CA
:10D7A00000500098C8F804020520C0F20300C9F830
:10D7B000000400BF00BF00BFD8F800004000FBD449
:10D7C0004FF4C050C8F838000520C0F24330C9F803
:10D7D000000400BF00BF00BFD8F800004000FBD429
:10D7E00040F20A0A40F28F164CF2FA64C1F2111AA2
:10D7F0004FF4087B40F638074FF00115C7F6BE36E8
:10D80000CFF680344FF4C050C8F8380000BF00BFD6
:10D81000C9F814B0C9F818704FF42460C9F8200092
:10D82000C9F804A0C9F80050D9F80000C007FBD11E
:10D830004FF40410C8F8380047F65C3047F68E11F4
:10D8400042F2290240F26123CEF2B310C1F65F61C9
:10D85000C3F20672C3F6BB4306F0EAFC4FF4800045
:10D86000C8F83800D8F8380040021AD5C9F8147042
:10D87000C9F818B0C9F82070C9F804A0C9F8005058
:10D88000D9F80000C007FBD14EF6C74041F27C1129
:10D89000C5F2BC40C0F6B5013246234606F0F8FC9E
:10D8A000B6E740F22E404EF2430144F2C14249F63F
:10D8B0009C43C6F2B050CBF62171C6F22A02C3F2E5
:10D8C000FA4306F0E5FC4DF6403045F66511C3F627
:10D8D000000040F66C322030C8F8FC018020C8F807
:10D8E00004024FF42600C8F8380040F2402043F606
:10D8F000F073CBF6BC40C5F60321CCF61662CAF62F
:10D90000B04306F095FC4FF48000C8F83800D8F812
:10D910003800400210D446F2CE4045F243614AF648
:10D92000116246F24353C4F21F50C0F68F41C0F259
:10D930002C52C8F2E11323E04FF40870C9F8140028
:10D9400040F63800C9F81800C9F82000C9F804A04A
:10D950004FF00110C9F80000D9F80000C007FBD152
:10D960004DF26C5048F2013144F6D66242F6E04383
:10D97000CEF26A10CBF66351C6F21242C9F24A23C4
:10D9800006F086FC42F2000143F2B970C8F8FC01CF
:10D9900047F61D40C0F26001C8F8FC01C8F8381015
:10D9A0000020C8F8540003B0BDE8F08FD4D4D4D41C
:10D9B0002DE9F04F85B041F2044840F2E02BC4F26B
:10D9C0003B0841F2000A4DF640340025002740F2A2
:10D9D0000C09C8F2010BC4F23B0AC3F60004C1F201
:10D9E000A875C1F29837C1F211194FF4C05643F22D
:10D9F0009D70C8F8FC01A7F1C07003900BF16000A6
:10DA0000049000BF00BF00BF0398C8F8000004984E
:10DA1000C8F804020520C0F20300CAF8000400BFE1
:10DA2000D8F800004000FBD40520C8F83860C0F2E8
:10DA30004330CAF8000400BFD8F800004000FBD40F
:10DA4000C8F83860C8F8FC418020C8F804024FF4D8
:10DA50001810C8F83800B42046F68A1140F61502AE
:10DA60004AF25133CCF62750C2F2FC41CBF281028C
:10DA7000C6F67B2306F0DCFB4FF48000C8F83800C4
:10DA8000D8F83800400240F151834FF40870CAF8CA
:10DA90001400CAF820000C20C1F21000CAF80400DB
:10DAA0004FF00110CAF80000DAF80000C007FBD1FF
:10DAB0004FF0A150C8F800000498C8F804020520EF
:10DAC000C0F20300CAF80004D8F800004000FBD4FC
:10DAD0000520C8F83860C0F24330CAF8000400BF1F
:10DAE000D8F800004000FBD4C8F8386005F1247075
:10DAF000C8F800000BF18000C8F804020520C0F24D
:10DB00000300CAF8000400BFD8F800004000FBD4AE
:10DB10000520C8F83860C0F24330CAF8000400BFDE
:10DB2000D8F800004000FBD4C8F8386041F25B3000
:10DB3000C8F8FC01C8F8FC418020C8F804024FF482
:10DB40001810C8F838004EF21B4048F2D9314FF295
:10DB5000C77243F2B523CEF6C940C7F6D071C2F200
:10DB60006D62C1F6BF2306F063FB4FF48000C8F876
:10DB70003800D8F83800400200F10A820020C1F6CF
:10DB80004870C8F8000040F67B30C8F8FC011B2044
:10DB9000C8F2A010C8F804020520C0F2C0000C3082
:10DBA000CAF8000400BF00BFD8F800004000FBD452
:10DBB0008120C8F83860C0F2C900CAF8000400BF6C
:10DBC000D8F800004000FBD405202F46C0F2C0006A
:10DBD000C8F8386000F18C04C8F80050CAF8004456
:10DBE000D8F800004000FBD4C8F838604FF48560D6
:10DBF000CAF8140040F63800CAF81800CAF8200025
:10DC00000920C1F21220CAF804004FF00110CAF82E
:10DC1000000000BF00BF00BFDAF80000C007FBD162
:10DC2000D9460BF1C005A720C8F84000C8F8045237
:10DC3000D8F84000B0F1FF3FFADC4FF25300FDF797
:10DC4000A1FBC8F81C004EF20C6040F2584144F2AF
:10DC5000F53240F21B13C0F2FB70CCF61511CDF279
:10DC60008952C0F616734FF0000BC8F854B006F096
:10DC70000FFB06F0C5FB0520C8F80070C8F8049239
:10DC8000C0F20300CAF80004D8F800004000FBD43A
:10DC90000520C8F83860C0F24330CAF8000400BF5D
:10DCA000D8F800004000FBD40520C8F83860C0F266
:10DCB000C000C8F8007004300290CAF8000400BF29
:10DCC000D8F800004000FBD4C8F8386040F63800AF
:10DCD000CAF814004FF48560CAF820000C20C1F285
:10DCE0001110CAF804004FF00110CAF8000000BF7C
:10DCF000DAF80000C007FBD10020C1F29830C8F864
:10DD0000000009F180700190C8F804020520C0F2FB
:10DD1000C000CAF8000400BFD8F800004000FBD4DF
:10DD20000520C8F83860C0F2C00000F5102000904F
:10DD3000CAF8000400BF00BFD8F800004000FBD4C0
:10DD40000020C8F83860C1F64870C8F80000CAF86A
:10DD5000004400BF00BF00BFD8F800004000FBD463
:10DD6000C8F83860A220C8F8400040F28410C0F61D
:10DD70000430C8F8200600BFD8F84000B0F1FF3FDB
:10DD8000FADC47F60450C0F63B10FDF7FBFAC8F882
:10DD90001C000020C1F6487000F58010C8F8000093
:10DDA0004FF43440C8F8FC012020C8F8FC01A7203B
:10DDB000C8F84000C8F80452D8F84000B0F1FF3F5E
:10DDC000FADC4FF25300FDF7DDFAC8F81C0046F20A
:10DDD0003E204FF65F5148F272624EF62143CCF27C
:10DDE0001730CEF62561CBF65942C5F21923C8F893
:10DDF00054B006F04DFAA020FDF70AFDC8F80070F7
:10DE0000CAF8004400BF00BFD8F800004000FBD4AF
:10DE10004DF64034C8F838604FF42460CAF8140056
:10DE200040F63800CAF81800CAF820000920C3F6E6
:10DE30000004C1F21220CAF804004FF00110CAF821
:10DE4000000000BF00BF00BFDAF80000C007FBD130
:10DE5000A720C8F84000C8F804523D4600BF00BFE4
:10DE6000D8F84000B0F1FF3FFADC4FF25300FDF765
:10DE700089FAC8F81C0043F2CB004FF6F64141F690
:10DE80008E6242F23A03CEF63A40C6F2DB21C9F680
:10DE90002B42CAF63473C8F854B006F0F9F906F00C
:10DEA00013FC0027CB460520C1F29837C8F8005074
:10DEB000C8F80492C0F20300CAF8000400BF00BF13
:10DEC000D8F800004000FBD440F20C090520C1F254
:10DED0001119C8F83860C0F24330CAF8000400BF16
:10DEE000D8F800004000FBD4C8F83860C8F80050EB
:10DEF0000298CAF8000400BFD8F800004000FBD424
:10DF0000C8F8386040F63800CAF814004FF42460AE
:10DF1000CAF82000CAF804904FF00110CAF80000B7
:10DF2000DAF80000C007FBD105F10270C8F8000064
:10DF30000198C8F804020520C0F2C000CAF8000425
:10DF4000D8F800004000FBD4C8F838600098CAF840
:10DF5000000400BF00BF00BFD8F800004000FBD4A1
:10DF60004EF2EE5047F2943145F2993244F6EA63AC
:10DF7000C2F6DE70C9F28031C1F6BA52C1F2DD5389
:10DF8000C8F8386006F084F93EE500BF00BF00BF66
:10DF90000520C8F80070C8F804B2C0F20300CAF83F
:10DFA000000400BF00BF00BFD8F800004000FBD451
:10DFB0000520C8F83860C0F24330CAF8000400BF3A
:10DFC000D8F800004000FBD4C8F8386005F10270B2
:10DFD000C8F800000BF12001C8F804120521C0F2B6
:10DFE0000301CAF8001400BFD8F800104900FBD4A0
:10DFF0000521C8F83860C0F24331CAF8001400BFE8
:10E00000D8F800104900FBD40521C8F83860C0F2E8
:10E01000C001C8F800700431CAF8001400BF00BF86
:10E02000D8F800205200FBD4C8F83860C8F80000C7
:10E03000CAF8001400BF00BFD8F800104900FBD494
:10E04000C8F838604FF48561CAF81410CAF8201077
:10E05000CAF804904FF00111CAF8001000BF00BFC9
:10E06000DAF80010C907FBD14FF42461CAF8141084
:10E07000CAF82010CAF804904FF00111CAF8001035
:10E08000DAF80010C907FBD1C8F800700BF18071F5
:10E09000C8F804120521C0F2C001CAF8001400BF7C
:10E0A000D8F800104900FBD40521C8F83860C0F248
:10E0B000C00101F51021CAF8001400BF00BF00BF65
:10E0C000D8F800205200FBD4C8F83860C8F8000027
:10E0D00040F20030C8F20110C8F804020520C0F276
:10E0E000C000CAF8000400BFD8F800004000FBD40C
:10E0F000C8F83860CAF80014D8F800004000FBD413
:10E1000046F6E60046F2932143F25F0241F23A33CB
:10E11000C0F24670C8F2E821CEF6F952C1F60D43BE
:10E12000C8F8386006F0B4F8FFF76EBC49F27D100D
:10E1300046F2BA5148F2353245F21463C3F2AE608A
:10E14000C7F2C841CDF68672CCF60F2306F0A0F8D0
:10E1500042F2000143F2BC70C8F8FC0147F61D40D2
:10E16000C0F26001C8F8FC01C8F838100020C8F8F7
:10E17000540005B0BDE8F08F2DE9F04F83B041F2B7
:10E18000044840F24037C4F23B0841F2000905213F
:10E19000052243F2A136C8F20107C4F23B09C0F2DE
:10E1A0004331C0F203024FF4C05A4FF4087B4FF0E2
:10E1B00001144FF4C665CDF20A5643F23D70C8F81B
:10E1C000FC0140F6DE30C8F8FC0107F120000190A8
:10E1D0000020C1F21820C8F80000C8F80472C9F87D
:10E1E000002400BF00BF00BFD8F800004000FBD4EF
:10E1F000C8F838A0C9F80014D8F800004000FBD4D3
:10E200000020C8F838A0C1F22860C8F8000007F163
:10E210002000C8F80402C9F8002400BF00BF00BFF6
:10E22000D8F800004000FBD4C8F838A0C9F80014A2
:10E23000D8F800004000FBD4C8F838A041F25B30A9
:10E24000C8F8FC014DF64030C3F60000C8F8FC01E8
:10E250008020C8F804024FF41810C8F8380041F2C2
:10E26000D6104CF2B90148F6160240F67723CEF6E6
:10E270008E60C1F67551C4F2B632C0F22C1305F0AF
:10E28000D7FF4FF48000C8F83800D8F838004002B3
:10E2900038D50920C9F814B0C2F22000C9F820B05E
:10E2A0000330C9F80400C9F8004000BF00BF00BF38
:10E2B000D9F80010C907FBD1C9F81450C9F820508B
:10E2C000C9F80400C9F80040D9F80000C007FBD124
:10E2D0004FF43F50C8F8FC0144F25B0041F60541A1
:10E2E00042F29B52CBF22110CAF6E241C1F2A302E4
:10E2F000334605F0CDFF05210522C0F24331C0F2BF
:10E30000030265E74EF6547046F642614DF60D6223
:10E3100045F6A62340F2000AFD24C8F61800C5F20F
:10E320001071C1F2BB12C9F61C43C1F6301AC0F21B
:10E33000C00405F0ADFFC8F800A004F11400C9F84E
:10E34000000400BF00BF00BFD8F800004000FBD4AD
:10E3500040F284164FF4C050C0F60436C8F83800B6
:10E36000A220C8F84000C8F8206600BF00BF00BF68
:10E37000D8F84000B0F1FF3FFADC44F6A25BCDF6DE
:10E38000631B5846FCF7FEFF07F16004C8F81C0049
:10E39000C8F800A04FF43440C8F8FC014420C8F885
:10E3A000FC01A720C8F84000C8F8044200BF00BF25
:10E3B000D8F84000B0F1FF3FFADC40F24150FCF7E2
:10E3C000E1FFC8F81C000020C8F854004CF22420DB
:10E3D0004CF29D6141F62E524EF21663C0F2477028
:10E3E000C5F22831C8F64722CDF6AA3305F050FF12
:10E3F0004820FDF789F8A220C8F84000C8F8206638
:10E40000D8F84000B0F1FF3FFADC44F25360C9F2A3
:10E410001740FCF7B7FFC8F81C00C8F800A04FF47D
:10E420003440C8F8FC014420C8F8FC01A720C8F813
:10E430004000C8F8044200BFD8F84000B0F1FF3FE8
:10E44000FADC40F2041740F24250C0F60007FCF735
:10E4500099FFC8F81C000020C8F854004BF6FC10C7
:10E4600048F2EC614DF2AF4245F69D53C9F6565065
:10E47000C8F21C61C1F6B842C7F6EA4305F008FFCE
:10E480009020FDF741F84FF0CA50C8F80000A220D4
:10E49000C8F84000C8F82076D8F84000B0F1FF3F37
:10E4A000FADC0120FCF76EFFC8F81C00FD20C0F26A
:10E4B000C000C9F8000400BFD8F800004000FBD439
:10E4C00005214FF4C050C0F2C201C8F83800C9F8A5
:10E4D000001400BF00BF00BFD8F800004000FBD40C
:10E4E0000D214FF4C050C0F20201C8F83800C9F83D
:10E4F000001400BF00BF00BFD8F800004000FBD4EC
:10E500004FF4C050C8F83800A220C8F84000C8F83E
:10E51000206600BF00BF00BFD8F84000B0F1FF3F49
:10E52000FADC45F6E200C9F23F30FCF72BFFC8F8F1
:10E530001C00C8F800A04FF43440C8F8FC01442087
:10E54000C8F8FC01A720C8F84000C8F8044200BF82
:10E55000D8F84000B0F1FF3FFADC40F24350FCF73E
:10E5600011FFC8F81C000020C8F8540043F2FF3027
:10E5700049F2086141F6197240F6B233C7F2C3603E
:10E58000C7F2EC01C4F2BF62CAF2E71305F080FEE5
:10E590000020FCF7B9FFA220C8F84000C8F82066A8
:10E5A000D8F84000B0F1FF3FFADC45F69340CEF2D8
:10E5B0004D10FCF7E7FEC8F81C00C8F800A04FF4A7
:10E5C0003440C8F8FC014420C8F8FC01A720C8F872
:10E5D0004000C8F8044200BFD8F84000B0F1FF3F47
:10E5E000FADC40F24450FCF7CDFEC8F81C000020D5
:10E5F000C8F854004CF643304CF2C71141F62122C2
:10E6000046F21763C9F20A10C6F63141CDF67F42D1
:10E61000C3F2D41305F03CFED820FCF775FFA2200E
:10E62000C8F84000C8F82066D8F84000B0F1FF3FB5
:10E63000FADC47F6E800C9F6EE30FCF7A3FEC8F8AE
:10E640001C004FF08950C8F800004FF43440C8F85F
:10E65000FC014020C8F8FC01A720C8F84000C8F819
:10E66000044200BF00BF00BFD8F84000B0F1FF3F38
:10E67000FADC40F24550FCF785FEC8F81C0000208B
:10E68000C8F8540045F22D5042F239414BF69842F9
:10E6900042F2BD03C5F21530C1F6AA01C5F26112FE
:10E6A000C6F60C2305F0F4FD4FF49070FCF72CFF38
:10E6B00000201B21C1F23050C8F8000040F67B302A
:10E6C000C8F8FC010520C8F2C001C0F24330C8F808
:10E6D0000412FC30C9F80004D8F800004000FBD454
:10E6E00000274FF4C050C8F838000920C1F218378D
:10E6F000C2F220004FF001150130029000BF00BFB0
:10E700004FF0CA50C8F80000A220C8F8400040F2FC
:10E710000410C0F60000C8F8200600BF00BF00BF0C
:10E72000D8F84000B0F1FF3FFADC0120FCF72AFEE8
:10E73000C8F81C00FD20C0F2C000C9F8000400BFEA
:10E74000D8F800004000FBD44FF4C050C8F838009F
:10E750000520C0F2C200C9F8000400BF00BF00BF1E
:10E76000D8F800004000FBD44FF4C050C8F838007F
:10E770000D20C0F20200C9F8000400BF00BF00BFB6
:10E78000D8F800004000FBD44FF4C050C8F838005F
:10E790004FF40870C9F814004FF42460C9F8180049
:10E7A00040F63800C9F820000298C9F80400C9F8FA
:10E7B000005000BF00BF00BFD9F80000C007FBD168
:10E7C0004FF40410C8F8380043F20A104FF20471F5
:10E7D0004BF67D1249F68A13CFF6E920C8F67B6125
:10E7E000CBF62212C2F2A91305F022FD4FF48000ED
:10E7F000C8F83800D8F83800400200F18387A2201A
:10E80000C8F84000C8F82066D8F84000B0F1FF3FD3
:10E81000FADC45F6E200C9F23F30FCF7B3FDC8F878
:10E820001C00C8F800704FF43440C8F8FC014420C4
:10E83000C8F8FC01A720C8F84000C8F8044200BF8F
:10E84000D8F84000B0F1FF3FFADC40F24150FCF74D
:10E8500099FDC8F81C000020C8F8540047F25A403F
:10E8600044F62B4141F2125245F65953C4F6393061
:10E87000C2F63811CFF6CF22CCF6966305F008FD2C
:10E880000020FCF7C5FFA220C8F84000C8F82066A9
:10E89000D8F84000B0F1FF3FFADC5846FCF772FDB3
:10E8A000C8F81C00C8F800A04FF43440C8F8FC01B8
:10E8B0004420C8F8FC01A720C8F84000C8F804426A
:10E8C000D8F84000B0F1FF3FFADC40F24250FCF7CC
:10E8D00059FDC8F81C000020C8F8540043F6147015
:10E8E00045F2CC2142F6033244F66973CFF6E95083
:10E8F000C1F2BD71C7F2AD42CAF2901305F0C8FC77
:10E900004820FCF785FFA720C8F84000C8F804425B
:10E91000D8F84000B0F1FF3FFADC40F24150FCF77C
:10E9200031FDC8F81C000020C8F854004CF22A2021
:10E930004BF284014CF2E6424AF21F13C3F68940BF
:10E94000CEF2FC51C6F69B12C8F6497305F0A0FC46
:10E9500001F076F9A220C8F84000C8F8206600BF90
:10E96000D8F84000B0F1FF3FFADC45F6E200C9F20A
:10E970003F30FCF707FDC8F81C00C8F800704FF4E2
:10E980003440C8F8FC014420C8F8FC01A720C8F8AE
:10E990004000C8F8044200BFD8F84000B0F1FF3F83
:10E9A000FADC40F24650FCF7EDFCC8F81C000020F1
:10E9B000C8F8540049F6E63047F688214AF2670263
:10E9C00040F26F33C5F6BF40C3F60931CFF6AD2232
:10E9D000C6F2397305F05CFC0020FCF795FDA2201F
:10E9E000C8F84000C8F82066D8F84000B0F1FF3FF2
:10E9F000FADC5846FCF7C6FCC8F81C00C8F800A0B2
:10EA00004FF43440C8F8FC014420C8F8FC01A720AA
:10EA1000C8F84000C8F80442D8F84000B0F1FF3F01
:10EA2000FADC40F24750FCF7ADFCC8F81C000020AF
:10EA3000C8F854004FF642504BF6115143F24C02C5
:10EA40004FF6D713C4F6F700C0F6E071CBF24602DA
:10EA5000CEF6B86305F01CFC4820FCF755FDA2205B
:10EA6000C8F84000C8F82066D8F84000B0F1FF3F71
:10EA7000FADC44F25360C9F21740FCF783FCC8F893
:10EA80001C00C8F800704FF43440C8F8FC01442062
:10EA9000C8F8FC01A720C8F84000C8F8044200BF2D
:10EAA000D8F84000B0F1FF3FFADC40F24350FCF7E9
:10EAB00069FCC8F81C000020C8F8540046F2BB30BE
:10EAC00048F2B9414FF2ED224FF20223C1F60C0099
:10EAD000C8F60E61C3F27A02CBF2DB6305F0D8FB15
:10EAE0009020FCF795FEA220C8F84000C8F82066E8
:10EAF000D8F84000B0F1FF3FFADC45F693405D46A0
:10EB0000CEF24D10FCF73EFC5746C8F81C00C8F882
:10EB100000A04FF43440C8F8FC014420C8F8FC01C0
:10EB2000A720C8F84000C8F8044200BF00BF00BFDB
:10EB3000D8F84000B0F1FF3FFADC40F24450FCF757
:10EB400021FCC8F81C000020C8F8540041F662609F
:10EB500046F6BE2145F6167242F27C43C4F6FD200D
:10EB6000CFF2CE61CCF6CF02CDF21D7305F090FB53
:10EB7000D820FCF74DFE0020C1F6C86000F5801AD1
:10EB8000FD20C0F2C000C8F800A000F1040BC9F8D5
:10EB900000B400BF00BF00BFD8F800004000FBD4A5
:10EBA000092140F6D873C2F220014FF001124FF450
:10EBB000C6664FF4C050C8F838004FF40870C9F862
:10EBC0001400C9F8183040F63800C9F82000C9F818
:10EBD0000410C9F8002000BFD9F80000C007FBD11D
:10EBE000C9F81460C9F818304FF40870C9F820004B
:10EBF000C9F80410C9F80020D9F80000C007FBD1FB
:10EC000040F63800C9F81400C9F81830C9F8206077
:10EC1000C9F80410C9F80020D9F80000C007FBD1DA
:10EC200040F6D876A720C8F84000C8F8044200BFD4
:10EC3000D8F84000B0F1FF3FFADC40F24250FCF758
:10EC4000A1FBC8F81C000020C8F8540047F6A1003A
:10EC500048F2AA114DF685024EF66E23CAF2F5105F
:10EC6000C4F64711C6F23522CDF2FC5305F010FB75
:10EC700000F0E6FFA220C8F8400040F28410C0F681
:10EC80000430C8F8200600BFD8F84000B0F1FF3FBC
:10EC9000FADC44F25360C9F21740FCF773FBC8F882
:10ECA0001C000020C1F21830C8F800004FF43440B6
:10ECB000C8F8FC014420C8F8FC01A720C8F84000AF
:10ECC000C8F8044200BF00BFD8F84000B0F1FF3FD1
:10ECD000FADC4FF4A960FCF755FBC8F81C000020D3
:10ECE000C8F854004AF2CD704DF2251146F6A552EF
:10ECF0004DF2C353CCF2D600C5F2C451CCF6E37248
:10ED0000C4F6AC1305F0C4FA9020FCF7FDFBA2207A
:10ED1000C8F8400040F28410C0F60430C8F820065D
:10ED2000D8F84000B0F1FF3FFADC45F69340CEF250
:10ED30004D10FCF727FBC8F81C00C8F800704FF412
:10ED40003440C8F8FC014420C8F8FC01A720C8F8EA
:10ED50004000C8F8044200BFD8F84000B0F1FF3FBF
:10ED6000FADC40F24950FCF70DFBC8F81C0000200B
:10ED7000C8F854004BF64C7048F2315143F66E32ED
:10ED800042F67A03CEF29B30CFF2C641CCF63F2258
:10ED9000C2F6414305F07CFAD820FCF7B5FBC8F871
:10EDA00000A0C9F800B400BFD8F800004000FBD4B0
:10EDB0004FF4C050C8F838004FF40870C9F8140078
:10EDC0003346C9F81860092140F28416C2F22001C6
:10EDD0004FF00112C0F60436BA46AB464FF4C66592
:10EDE00040F63800C9F82000C9F80410C9F800201E
:10EDF000D9F80000C007FBD10027C9F81450C1F2B0
:10EE00002877C9F818304FF40870C9F82000C9F8FD
:10EE10000410C9F8002000BFD9F80000C007FBD1DA
:10EE200040F63800C9F81400C9F81830C9F8205065
:10EE3000C9F80410C9F80020D9F80000C007FBD1B8
:10EE40004FF40870C9F81400C9F8185040F638009B
:10EE5000C9F8200015460298C9F80400C9F8002036
:10EE6000D9F80000C007FBD14FF42100C8F83800E2
:10EE700046F638104FF6670143F2514249F2B403A7
:10EE8000C8F6FA50C9F2C051C3F2AB72CCF6FC130B
:10EE900005F0CEF94FF48000C8F83800D8F83800F3
:10EEA000400200F115824FF4C661C9F814104FF406
:10EEB0000870C9F81800C9F820100298C9F80400B1
:10EEC000C9F8005000BF00BFD9F80000C007FBD14F
:10EED0004FF00115A220C8F84000C8F8206600BF16
:10EEE000D8F84000B0F1FF3FFADC44F25360C9F2B9
:10EEF0001740FCF747FAC8F81C00C8F800704FF438
:10EF00003440C8F8FC014420C8F8FC01A720C8F828
:10EF10004000C8F8044200BFD8F84000B0F1FF3FFD
:10EF2000FADC40F24A50FCF72DFAC8F81C00002029
:10EF3000C8F8540047F2803044F25A514BF27752ED
:10EF40004EF2D653C6F2D960C0F68C01CDF6A3427C
:10EF5000C7F6501305F09CF99020FCF759FCA2204D
:10EF6000C8F84000C8F82066D8F84000B0F1FF3F6C
:10EF7000FADC45F6E200C9F23F30FCF703FAC8F8C4
:10EF80001C000020C1F6C860C8F800004FF43440EF
:10EF9000C8F8FC014420C8F8FC01A720C8F84000CC
:10EFA000C8F8044200BF00BFD8F84000B0F1FF3FEE
:10EFB000FADC40F24B50FCF7E5F9C8F81C000020E1
:10EFC000C8F8540044F2E3204EF6FE314CF2C05231
:10EFD0004FF25433C5F69C50C4F20F61C5F6B162CE
:10EFE000CAF6021305F054F90020FCF711FCA72023
:10EFF000C8F84000C8F80442D8F84000B0F1FF3F1C
:10F00000FADC40F24350FCF7BDF9C8F81C000020C0
:10F01000C8F854004BF63E404AF604314AF23D52DD
:10F0200044F25A03CAF23010C1F2AA51C3F25C1280
:10F03000C4F2B57305F02CF905F002FEA220C8F861
:10F040004000C8F8206600BFD8F84000B0F1FF3F8C
:10F05000FADC44F25360C9F21740FCF793F9C8F8A0
:10F060001C00C8F800704FF43440C8F8FC0144207C
:10F07000C8F8FC01A720C8F84000C8F8044200BF47
:10F08000D8F84000B0F1FF3FFADC40F24C50FCF7FA
:10F0900079F9C8F81C000020C8F854004DF2971008
:10F0A0004CF6C0414AF2E2324BF27E13C7F6DA5018
:10F0B000CEF23B11C2F61762C3F2D40305F0E8F8B2
:10F0C0009020FCF721FAA220C8F84000C8F820667A
:10F0D000D8F84000B0F1FF3FFADC45F69340CEF29D
:10F0E0004D10FCF74FF9C8F81C00C8F800704FF439
:10F0F0003440C8F8FC014420C8F8FC01A720C8F837
:10F100004000C8F8044200BFD8F84000B0F1FF3F0B
:10F11000FADC40F24C50FCF735F9C8F81C0000202E
:10F12000C8F8540047F60B704DF2823146F6910252
:10F1300041F2CA13C4F26240C8F6E851CCF6ED02BF
:10F14000CEF69C2305F0A4F8D820FCF761FBA220A2
:10F15000C8F84000C8F82066D8F84000B0F1FF3F7A
:10F16000FADC5846FCF70EF9C8F81C000020C1F67E
:10F17000C860C8F800004FF43440C8F8FC014420CF
:10F18000C8F8FC01A720C8F84000C8F8044200BF36
:10F19000D8F84000B0F1FF3FFADC40F24D50FCF7E8
:10F1A000F1F8C8F81C000020C8F854004DF26420A3
:10F1B0004BF2AE414FF2F62240F6EC53C2F267003A
:10F1C000C1F66631C5F62932C1F2E24305F060F8B6
:10F1D0004820FCF71DFBA720C8F84000C8F80442EF
:10F1E000D8F84000B0F1FF3FFADC40F24450FCF7A1
:10F1F000C9F8C8F81C000020C8F8540044F6F430E0
:10F2000041F2F6014DF646224CF68323C4F6E100A6
:10F21000C8F60621C9F2BC22C7F24F1305F038F830
:10F2200005F00EFDA220C8F84000C8F8206600BF17
:10F23000D8F84000B0F1FF3FFADC45F69340CEF23B
:10F240004D10FCF79FF8C8F81C00C8F800704FF488
:10F250003440C8F8FC014420C8F8FC01A720C8F8D5
:10F260004000C8F8044200BFD8F84000B0F1FF3FAA
:10F27000FADC40F24D50FCF785F8C8F81C0000207D
:10F28000C8F8540045F628104AF23F714AF28172DC
:10F2900042F28723C0F2F320C1F24151C1F253225E
:10F2A000C5F27E3304F0F4FFD820FCF72DF943F2C9
:10F2B000B3404EF6BE2148F6F6624BF26953C6F6ED
:10F2C0002870C8F29B71CDF2E852CEF22F1312E2F1
:10F2D00040F63800C9F8140040F6D870C9F8180094
:10F2E0004FF40870C9F820000920C2F22000C9F8C4
:10F2F0000400C9F8005000BFD9F80000C007FBD1D6
:10F300004FF00115A220C8F84000C8F8206600BFE1
:10F31000D8F84000B0F1FF3FFADC45F6E200C9F250
:10F320003F30FCF72FF8C8F81C00C8F800704FF405
:10F330003440C8F8FC014420C8F8FC01A720C8F8F4
:10F340004000C8F8044200BFD8F84000B0F1FF3FC9
:10F35000FADC40F24550FCF715F8C8F81C00002014
:10F36000C8F854004DF6D82047F2644140F6707258
:10F370004EF63073CBF62810C9F61A41CDF2DE32C4
:10F38000C0F6161304F084FF0020FCF741FAA22017
:10F39000C8F84000C8F82066D8F84000B0F1FF3F38
:10F3A000FADC44F25360C9F21740FBF7EBFFC8F8F0
:10F3B0001C000020C1F6C860C8F800004FF43440BB
:10F3C000C8F8FC014420C8F8FC01A720C8F8400098
:10F3D000C8F8044200BF00BFD8F84000B0F1FF3FBA
:10F3E000FADC40F24650FBF7CDFFC8F81C000020C5
:10F3F000C8F8540047F60B604AF23B7141F6D1520F
:10F400004FF2F423C4F68000C3F65321C5F218026C
:10F41000CBF2FC4304F03CFF9020FCF7F9F9A72065
:10F42000C8F84000C8F80442D8F84000B0F1FF3FE7
:10F43000FADC40F24150FBF7A5FFC8F81C000020A1
:10F44000C8F8540048F29B5044F2565142F6CB7231
:10F4500048F2C763CBF64600C6F6B601C3F684424F
:10F46000CAF2522304F014FF05F0EAFBA220C8F808
:10F470004000C8F8206600BFD8F84000B0F1FF3F58
:10F48000FADC45F6E200C9F23F30FBF77BFFC8F833
:10F490001C00C8F800704FF43440C8F8FC01442048
:10F4A000C8F8FC01A720C8F84000C8F8044200BF13
:10F4B000D8F84000B0F1FF3FFADC40F24A50FBF7C9
:10F4C00061FFC8F81C000020C8F8540044F27A100C
:10F4D00040F27B314AF679124BF68473CDF2FD305F
:10F4E000CBF65C71C7F66902CCF6153304F0D0FE9A
:10F4F0000020FCF709F8A220C8F84000C8F82066F0
:10F50000D8F84000B0F1FF3FFADC5846FBF73AFF6D
:10F51000C8F81C00C8F800704FF43440C8F8FC016B
:10F520004420C8F8FC01A720C8F84000C8F80442ED
:10F53000D8F84000B0F1FF3FFADC40F24750FBF74B
:10F5400021FFC8F81C000020C8F8540041F2B9207F
:10F550004CF27A614DF6DA4248F21653C1F2193094
:10F56000CFF2FE01C4F20D02CDF6492304F090FE65
:10F570004820FCF74DF9A220C8F84000C8F82066E2
:10F58000D8F84000B0F1FF3FFADC45F69340CEF2E8
:10F590004D10FBF7F7FEC8F81C000020C1F6C8604C
:10F5A000C8F800004FF43440C8F8FC014420C8F803
:10F5B000FC01A720C8F84000C8F8044200BF00BF03
:10F5C000D8F84000B0F1FF3FFADC4FF4A960FBF738
:10F5D000D9FEC8F81C000020C8F854004BF2CD003A
:10F5E00046F610014BF278524DF6CF33C8F6DA608A
:10F5F000C1F6DC01C0F60232CBF6E55304F048FE5A
:10F60000D820FCF705F9A720C8F84000C8F8044244
:10F61000D8F84000B0F1FF3FFADC40F24250FBF76F
:10F62000B1FEC8F81C000020C8F8540042F2C240E5
:10F6300042F2872142F2741246F6FB63C3F6D2709F
:10F64000C1F6BF51C6F27F12C2F6562304F020FE67
:10F6500005F0F6FAA220C8F84000C8F8206600BFFE
:10F66000D8F84000B0F1FF3FFADC5846FBF78AFEBD
:10F67000C8F81C00C8F800704FF43440C8F8FC010A
:10F680004420C8F8FC01A720C8F84000C8F804428C
:10F69000D8F84000B0F1FF3FFADC40F24B50FBF7E6
:10F6A00071FEC8F81C000020C8F8540040F2381061
:10F6B00044F22F6141F29C324FF61373C0F66E0094
:10F6C000C1F62C11C3F6F922C4F61B7304F0E0FD59
:10F6D0004820FBF719FF44F246104AF6381148F269
:10F6E00081024AF6A703C9F25120CCF2D441CDF2EF
:10F6F000DA22CBF2696304F0CBFD0027C1F21837A0
:10F70000FEF7FEBF4CF298204AF24A414CF25512E5
:10F710004FF6A413CFF63220CCF6F901CBF65A629D
:10F72000C4F64F0304F0B4FDA220C8F84000C8F8A6
:10F73000206600BF00BF00BFD8F84000B0F1FF3F17
:10F74000FADC47F6E800C9F6EE30FBF71BFEC8F816
:10F750001C004FF08950C8F800004FF43440C8F83E
:10F76000FC014020C8F8FC01A720C8F84000C8F8F8
:10F77000044200BF00BF00BFD8F84000B0F1FF3F17
:10F78000FADC40F24E50FBF7FDFDC8F81C000020EB
:10F79000C8F8540044F6242043F2B86148F22642E7
:10F7A00049F20F23CFF6F340C6F63551C2F6671281
:10F7B000C5F2E62304F06CFD4FF49070FCF728F8D6
:10F7C0004FF0CA50C8F80000A220C8F8400040F22C
:10F7D0000410C0F60000C8F8200600BF00BF00BF3C
:10F7E000D8F84000B0F1FF3FFADC0220FBF7CAFD79
:10F7F000C8F81C00FD20C0F2C000C9F8000400BF1A
:10F80000D8F800004000FBD44FF4C050C8F83800CE
:10F810000520C0F2C200C9F8000400BF00BF00BF4D
:10F82000D8F800004000FBD44FF4C050C8F83800AE
:10F830000D20C0F20200C9F8000400BF00BF00BFE5
:10F84000D8F800004000FBD44DF27E7049F27B7383
:10F8500043F6CD4241F2C031CAF27A00C5F65043B8
:10F86000C3F65A2240F6DE77C2F68451C3F600078B
:10F870004FF4C056C8F83860C8F8FC718027C8F843
:10F8800004724FF42607C8F8387004F0D1FC4FF426
:10F890008000C8F83800D8F83800400269D509203F
:10F8A0004FF4246BC2F220004FF4C665461E4FF0A1
:10F8B00001174FF4087A00BFC9F814B0C9F81850FE
:10F8C000C9F82050C9F80460C9F8007000BF00BF33
:10F8D000D9F80000C007FBD1C9F814B0C9F818A0C6
:10F8E000C9F820A0C9F80460C9F8007000BF00BFC3
:10F8F000D9F80000C007FBD14FF44F50C8F8FC0105
:10F900004DF699004DF6C4514CF62E024BF6B763F6
:10F91000C1F21C20C8F21251C2F21A52CAF6FE33CA
:10F9200004F0B6FC40F6DE7041F2C031C3F60000D0
:10F93000C8F8FC018020C8F804024FF42600C8F87B
:10F9400038004DF27E7043F6CD4249F27B73CAF225
:10F950007A00C2F68451C3F65A22C5F6504304F029
:10F9600067FC4FF48000C8F83800D8F8380040022F
:10F97000A2D44FF6043048F240714AF2E9224EF622
:10F980005643CBF2B570C6F2C351CBF66172C9F2E1
:10F99000DE1304F07DFCA220C8F8400040F2841081
:10F9A000C0F60430C8F82006D8F84000B0F1FF3F98
:10F9B000FADC45F69340CEF24D10FBF7E3FC002550
:10F9C000C8F81C00C1F22875C8F800504FF4344044
:10F9D000C8F8FC014420C8F8FC01A720C8F8400082
:10F9E000C8F8044200BF00BFD8F84000B0F1FF3FA4
:10F9F000FADC40F24F50FBF7C5FCC8F81C000020B1
:10FA0000C8F854004FF20D104BF2F04146F6660272
:10FA100045F2D003C6F29B40CFF25B61CCF64E12AA
:10FA2000C6F6F42304F034FCD820FBF7F1FEC8F846
:10FA300000500198C8F804020520C0F20300C9F87C
:10FA4000000400BF00BF00BFD8F800004000FBD496
:10FA50004FF4C050C8F838000520C0F24330C9F850
:10FA6000000400BF00BF00BFD8F800004000FBD476
:10FA700040F20A0A4CF6645645F2F224C2F2211A08
:10FA80004FF4087B40F638074FF00115CEF66C2690
:10FA9000CDF621544FF4C050C8F8380000BF00BF65
:10FAA000C9F814B0C9F818704FF42460C9F82000E0
:10FAB000C9F804A0C9F80050D9F80000C007FBD16C
:10FAC0004FF40410C8F8380042F2AE604DF29701CE
:10FAD0004EF6F3324DF2D433CAF64A10CDF28D71A0
:10FAE000C5F60342CCF6331304F0A2FB4FF48000BA
:10FAF000C8F83800D8F8380040021AD5C9F8147090
:10FB0000C9F818B0C9F82070C9F804A0C9F80050A5
:10FB1000D9F80000C007FBD149F2A15048F2861184
:10FB2000C9F63870CFF241213246234604F0B0FBCB
:10FB3000B6E74DF2401049F65C6146F612724FF698
:10FB4000ED63C9F64950C3F23A41C0F60A02C3F662
:10FB5000DD4304F09DFB4DF640304AF22021C3F610
:10FB6000000048F6A4522030C8F8FC018020C8F8F4
:10FB700004024FF42600C8F8380042F2FA4045F675
:10FB80005F63CBF2EF40C6F6AF11C1F68B22C9F628
:10FB90003F6304F04DFB4FF48000C8F83800D8F8FC
:10FBA0003800400210D446F218104BF228614AF691
:10FBB000A53240F64403CAF65A10CEF6FD51CEF2F5
:10FBC0008D72C0F2775323E04FF40870C9F8140027
:10FBD00040F63800C9F81800C9F82000C9F804A098
:10FBE0004FF00110C9F80000D9F80000C007FBD1A0
:10FBF0004FF2AC604DF6837142F2F5224EF2B8132B
:10FC0000C1F24E20CDF2AB21C1F2B462C1F20D734C
:10FC100004F03EFB42F2000143F2B970C8F8FC0167
:10FC200047F61D40C0F26001C8F8FC01C8F8381062
:10FC30000020C8F8540003B0BDE8F08FD4D4D4D469
:10FC40002DE9F04F87B041F2044840F2E021C4F2C0
:10FC50003B0841F2000A40F2000B0027052405256D
:10FC600040F20509C8F20101C4F23B0AC1F2287B47
:10FC7000C1F21837C0F24334C0F2C005C0F2030924
:10FC80004FF4C05643F29D70C8F8FC0107F17F4065
:10FC9000059001F1600006900598C8F800000698EC
:10FCA000C8F80402CAF80094D8F800004000FBD459
:10FCB000C8F83860CAF80044D8F800004000FBD407
:10FCC0004DF64030C8F83860C3F60000C8F8FC01B3
:10FCD0008020C8F804024FF41810C8F8380049F220
:10FCE00041504EF6F9114AF640224EF22043CCF232
:10FCF0002110C8F2DC51C5F64012C5F6536304F07A
:10FD000097FA4FF48000C8F83800D8F8380040025D
:10FD100040F133834FF40870CAF81400CAF8200089
:10FD20000C20C2F22000CAF804004FF00110CAF8FB
:10FD3000000000BF00BF00BFDAF80000C007FBD121
:10FD40004FF0A150C8F800000698C8F80402CAF89D
:10FD5000009400BF00BF00BFD8F800004000FBD4F3
:10FD6000C8F83860CAF80044D8F800004000FBD456
:10FD7000C8F838600BF14470C8F8000040F2E02089
:10FD8000C8F201008030C8F80402CAF8009400BF2D
:10FD9000D8F800004000FBD4C8F83860CAF8004426
:10FDA000D8F800004000FBD4C8F8386041F25B305E
:10FDB000C8F8FC014DF64030C3F60000C8F8FC015D
:10FDC0008020C8F804024FF41810C8F8380046F232
:10FDD00001204FF26D1148F2BE3249F22E03CDF6EA
:10FDE0003F20C0F66671C5F2FA02C0F6A82304F0FF
:10FDF0001FFA4FF48000C8F83800D8F838004002E5
:10FE000000F1FA810BF1F4600190C8F8000040F6AF
:10FE10007B30C8F8FC011B20C8F2C010C8F80402EF
:10FE200005F10C00CAF80004D8F800004000FBD42B
:10FE300040F20110C8F83860C0F2C900CAF80004E6
:10FE4000D8F800004000FBD4D946C8F83860C8F89C
:10FE500000B005F58670CAF8000400BF00BF00BFFF
:10FE6000D8F800004000FBD4C8F838604FF4856033
:10FE7000CAF8140040F63800CAF81800CAF8200082
:10FE800009204FF0A70BC2F22220CAF804004FF05D
:10FE90000110CAF8000000BFDAF80000C007FBD16B
:10FEA00040F2E024C8F840B0C8F201042746C0344C
:10FEB000C8F8044200BF00BFD8F84000B0F1FF3FCF
:10FEC000FADC40F65570FBF75DFAC8F81C0000201C
:10FED000C8F8540042F2116049F25E6146F268626D
:10FEE0004FF2E053CFF29710C7F2FA31CEF25C52E4
:10FEF000C7F65E3304F0CCF904F046FD0520C8F8DF
:10FF00000090C8F80472C0F20300CAF8000400BFF1
:10FF1000D8F800004000FBD40520C8F83860C0F2D3
:10FF20004330CAF8000400BFD8F800004000FBD4FA
:10FF3000C8F83860C8F80090281D0490CAF800047A
:10FF4000D8F800004000FBD4C8F8386040F638000C
:10FF5000CAF814004FF48560CAF820000C20C2F2E1
:10FF60002110CAF804004FF00110CAF8000000BFC9
:10FF7000DAF80000C007FBD10020C1F21830C8F841
:10FF8000000007F180700390C8F80402CAF800541A
:10FF9000D8F800004000FBD4C8F8386005F5102000
:10FFA0000290CAF8000400BFD8F800004000FBD45B
:10FFB000C8F838600198C8F8000005F58670CAF8DE
:10FFC000000400BF00BF00BFD8F800004000FBD411
:10FFD000C8F83860A220C8F8400040F28410C0F68B
:10FFE0000430C8F8200600BFD8F84000B0F1FF3F49
:10FFF000FADC47F6E800C9F6EE30FBF7C3F9C8F8BB
:020000040201F7
:100000001C0009F1F660C8F800004FF43440C8F84D
:10001000FC014020C8F8FC01C8F840B0C8F8044210
:10002000D8F84000B0F1FF3FFADC40F65570FBF71E
:10003000A9F9C8F81C000020C8F8540040F6AD60CB
:1000400041F62F1144F26B7249F67623CCF25260DE
:10005000C1F23241CFF25412C6F6916304F018F99E
:100060004FF49070FBF7D4FBC8F8009005F586704C
:10007000CAF8000400BF00BFD8F800004000FBD45D
:10008000C8F838604FF42460CAF8140040F638000D
:10009000CAF81800CAF820000920C2F22220CAF8C3
:1000A00004004FF00110CAF8000000BF00BF00BFFD
:1000B000DAF80000C007FBD1C8F840B0CB46C8F85A
:1000C000044200BF00BF00BFD8F84000B0F1FF3FBE
:1000D000FADC40F65570FBF755F9C8F81C00002013
:1000E000C8F8540046F62E3048F6AF614DF2616212
:1000F00049F27153CEF68600C3F6CA41C6F6E52230
:10010000C4F61E5304F0C4F804F09AFD40F2050949
:100110000524C0F20309C0F24334C8F800B0C8F89F
:100120000472CAF8009400BFD8F800004000FBD465
:100130000027C8F83860C1F21837CAF8004400BF79
:10014000D8F800004000FBD4C8F83860C8F800B008
:100150000498CAF8000400BFD8F800004000FBD49F
:10016000C8F8386040F63800CAF814004FF424602C
:10017000CAF820000C20C2F22110CAF804004FF087
:100180000110CAF8000000BFDAF80000C007FBD178
:100190000BF10270C8F800000398C8F80402CAF80E
:1001A000005400BF00BF00BFD8F800004000FBD4DF
:1001B000C8F838600298CAF8000400BF00BF00BF4A
:1001C000D8F800004000FBD447F250204DF6020161
:1001D00046F641424EF62873C3F23230C1F2423144
:1001E000C1F24602C4F6CA13C8F8386004F050F8E9
:1001F00052E500BF00BF00BF40F2E020C8F8007029
:10020000C8F20100C8F80402CAF8009400BF00BF99
:10021000D8F800004000FBD4C8F83860CAF80044A1
:10022000D8F800004000FBD440F2E0210BF102704E
:10023000C8F20101C8F83860C8F800002031C8F8D9
:100240000412CAF8009400BFD8F800104900FBD48B
:10025000C8F83860CAF80044D8F800104900FBD448
:10026000291DC8F83860C8F80070CAF8001400BF2B
:10027000D8F800205200FBD4C8F83860C8F8000055
:10028000CAF8001400BF00BFD8F800104900FBD422
:10029000C8F838604FF48561CAF81410CAF8201005
:1002A0000C21C2F22111CAF804104FF00111CAF852
:1002B000001000BF00BF00BFDAF80010C907FBD173
:1002C0004FF42461CAF81410CAF820100C21C2F2AD
:1002D0002111CAF804104FF00111CAF8001000BF34
:1002E000DAF80010C907FBD140F2E021C8F800702D
:1002F000C8F2010101F18071C8F80412CAF8005473
:10030000D8F800104900FBD405F51021C8F8386072
:10031000CAF8001400BF00BFD8F800205200FBD478
:10032000C8F83860C8F8000040F20030C8F2011088
:10033000C8F80402CAF80054D8F800004000FBD402
:10034000C8F83860CAF80014D8F800004000FBD4A0
:1003500040F276104EF220014DF6A6624FF65A6337
:10036000CAF64140C3F25041CAF20F52C0F641539F
:10037000C8F8386003F08CFF8EE44CF2823043F210
:1003800007214DF6CC124EF27A63CDF21E60CAF20E
:10039000AA61CAF2DA52C7F23D3303F079FF42F2A2
:1003A000000143F2BC70C8F8FC0147F61D40C0F2E2
:1003B0006001C8F8FC01C8F838100020C8F85400E3
:1003C00007B0BDE8F08FD4D42DE9F04F83B0CDE96C
:1003D000012104464CF2424045F676614BF6F36249
:1003E0004CF6900341F2044A4425C0F24F10C7F680
:1003F000B471C2F67F62C7F2D803C4F23B0AC0F6FA
:10040000000503F015FF40F2C130CAF84000681C37
:10041000CAF8200400BF00BFDAF84000B0F1FF3F87
:10042000FADC2068CAF81C006068CAF81C00A068E2
:10043000CAF81C00E06805F11004CAF81C00A120ED
:10044000CAF84000CAF82044DAF84000B0F1FF3F93
:10045000FADC40F204160020C0F60046FAF792FFDC
:10046000CAF81C0003F070FFA220CAF8400006F58D
:100470000010CAF8200600BFDAF84000B0F1FF3FD4
:10048000FADC40F2A03641F200470020C8F2010633
:10049000C4F23B07FAF776FF0521CAF81C00A6F55F
:1004A0006870C0F24231CAF80402396000BF00BF70
:1004B000DAF800004000FBD44FF4C050CAF838000E
:1004C00041F200400D21C4F23B00C0F20201016084
:1004D000DAF800004000FBD44FF4C050CAF83800EE
:1004E00043F2E040CAF8FC01A720CAF84000CAF86D
:1004F000046200BF00BF00BFDAF84000B0F1FF3F68
:10050000FADCFF20FAF73EFFCAF81C000020CAF808
:10051000540046F61A304EF2E0114CF619124CF225
:100520008903C9F2C170CCF6B421CEF63D02C6F201
:10053000D13303F0ADFEFBF79FFA43F2E440CAF873
:10054000FC01A720CAF84000CAF8046200BF00BF3F
:10055000DAF84000B0F1FF3FFADCFE20FAF712FFB4
:10056000CAF81C000020CAF8540042F6937046F204
:1005700035414EF22A5246F24533CDF69D50C1F632
:10058000D871C8F62012C6F67C5303F081FEFBF743
:10059000CBFB41F6E2704CF21A714CF6791242F242
:1005A0002E73C8F22340CCF28A71CFF2E752C0F228
:1005B000730303F03DFEA220CAF84000CAF820569B
:1005C000DAF84000B0F1FF3FFADC0020FAF7DAFE7B
:1005D000CAF81C00A220CAF84000CAF8204600BF92
:1005E000DAF84000B0F1FF3FFADC41F62C2700209A
:1005F000C4F23B070024FAF7C5FECAF81C004FF608
:10060000004041F20042CFF6FF70C4F23B024FF4CB
:100610008031115002F03CFB47F60140CAF8FC0162
:100620004FF4C000CAF83800CAF85440DAF83C0069
:10063000002800F0EE80DAF83C000A2840F09981AA
:1006400041F2213040F2311146F2345241F2EB6373
:10065000CFF68D00CEF26341C2F64D32CDF2F67385
:1006600003F0E6FD4FF08054CAF8004000200299E4
:1006700000F0BEFFCAF800400020019C214601F0B6
:100680009BF84CF6057044F2B5514FF2655249F6AD
:10069000D603C5F69930C5F61C51CFF66112CFF2DC
:1006A000F70303F0C5FD0820214601F085F840F26C
:1006B0007C3046F6C33140F6244240F6E443CCF2A7
:1006C000EF70C7F28241C6F64322C6F6D40303F0A8
:1006D000AFFD1020214601F06FF845F6AB5044F60F
:1006E000C05147F6101242F6AB63C1F6F730CBF6B5
:1006F0008241CFF69352C8F2C55303F099FD1820FA
:10070000214601F059F845F6D42040F69D1146F6F1
:10071000A74241F22423CEF23910C9F23721CBF29D
:10072000DE22C8F66C3303F083FD40F60D1140F273
:10073000C130CDF60011CAF84000CAF8201400BF3D
:10074000DAF84000B0F1FF3FFADC029940F20414FD
:10075000C0F60044D1F88000CAF81C00D1F884002B
:10076000CAF81C00D1F88800CAF81C00D1F88C0027
:10077000CAF81C004FF08040386048F20510112183
:10078000CEF60000CAF8200641F20040C0F2810116
:10079000C4F23B00016000BFDAF800004000FBD467
:1007A0004FF4C050CAF8380042F21200CAF80400F0
:1007B000DAF804004000FBD5DAF81C000199C1F812
:1007C0008400DAF81C00C1F88800DAF81C00C1F8CF
:1007D0008C00DAF81C00C1F8900000BF00BF00BF19
:1007E00057F8040C4006FBD44FF6875044F24E31C4
:1007F0004CF2882243F2A563C7F26910C3F6B50133
:10080000C4F65552C7F60D3303F042FD4FF0240BEA
:10081000DAE24CF230304FF0000BC2F201200068F7
:10082000042800F088804CF257264CF21B7747F2E0
:10083000811841F689394FF4C05542F21204C5F6C9
:100840003216C1F6E907C7F20B38C3F2347900BF9C
:1008500040F67D4045F249414CF2AC1243F68C63C0
:10086000C7F2CC20C8F6F911C0F61C32CDF67D7364
:1008700003F0DEFC40F2C130CAF8400040F60D1033
:10088000CDF60010CAF82004DAF84000B0F1FF3FBE
:10089000FADC029901EB8B0051F82B10CAF81C10FE
:1008A0004168CAF81C108168CAF81C10C068CAF8F0
:1008B0001C0041F62C204FF08041C4F23B00016047
:1008C00048F60550CEF20070CAF8200641F200400A
:1008D0001121C4F23B00C0F28101016000BF00BFE2
:1008E000DAF800004000FBD4CAF83850CAF80440D7
:1008F000DAF804004000FBD50198DAF81C1000EB90
:100900008B0042464B464160DAF81C108160DAF8F1
:100910001C10C160DAF81C1001613046394603F042
:10092000B7FC4CF230300BF1040BC2F2012000682E
:10093000043883458CD30020CAF854004BF22110B0
:100940004FF28B3140F6151249F24E43C6F24B106E
:10095000C7F24F01C4F2EB62C1F21C3303F098FC02
:1009600040F2041441F62C27C0F60044C4F23B07C1
:100970002AE2DAF83C000B2840F0E0804DF6EA70FD
:100980004DF6195144F245324FF2A863CBF6D1101F
:10099000C9F64D61CBF22222CFF29E6303F048FCF0
:1009A0004FF08054CAF80040029D0020294600F014
:1009B0001FFECAF800400020019E314600F068FE8C
:1009C0004CF2816044F6871147F25F2241F27F3397
:1009D000CCF2C030C0F2C421CEF21252C9F6532379
:1009E00003F026FC0820314600F052FE43F61C605E
:1009F0004EF2C16148F203224DF24123C5F6B740E1
:100A0000CAF65071C4F62512C8F28D2303F010FC0B
:100A10001020314600F03CFE43F2D25042F69C5189
:100A20004CF60F124DF61603CDF23F20C0F22C11FA
:100A3000C7F6F162C1F24B0303F0FAFB182031460E
:100A400000F026FE4CF61E7040F6005141F65E7234
:100A500044F22903CAF27110C2F6D721CFF6C84278
:100A6000C4F6EA1303F0E4FB002420202946C1F277
:100A70001014CAF8004000F0BBFD20203146CAF82F
:100A8000004000F005FE4DF272704BF696514FF6A5
:100A900088724AF65103CCF64B70C5F2E221CDF6CE
:100AA000CC42C9F2231303F0C3FB2820314600F0E7
:100AB000EFFD4EF20E7040F258214DF6C43241F275
:100AC0003C53CFF2AB70CCF6B751CCF27A72C9F688
:100AD0009A4303F0ADFB3020314600F0D9FD4BF6D0
:100AE000543041F6594146F29B7241F6E303CEF68B
:100AF0004550C1F2F901CAF6F822CFF65D7303F052
:100B000097FB3820314600F0C3FD41F66D1049F2E5
:100B10009A214AF2F1524AF6A053C4F65120C5F286
:100B20001B71CDF6EC42C6F2972303F0B1FB4FF0F8
:100B3000400B40F20414C0F6004445E1DAF83C00F2
:100B40000C2840F0E18140F6002046F68E514FF629
:100B5000C0624FF2FD23C5F64C00C0F6B561CFF27E
:100B60004D72C7F6264303F063FB4FF08054CAF87A
:100B700000400020029900F0CFFDCAF8004000209C
:100B8000019C214600F018FE4DF2120046F6DD41B0
:100B90004FF657624BF66753CBF63940C6F6A7318E
:100BA000CAF62132C6F2C82303F042FB08202146D0
:100BB00000F002FE40F60F204FF2AF5141F2DF325B
:100BC0004BF29653C5F62D70C6F20801C0F6D572E9
:100BD000C1F6E81303F02CFB1020214600F0ECFDD9
:100BE0004BF6735040F2164148F2140240F60C5393
:100BF000C1F2C360CAF6B901C8F6D922C3F66103CF
:100C000003F016FB1820214600F0D6FD42F6B12075
:100C100045F2544143F2217240F60273CAF2E240B7
:100C2000C1F26621C6F29022CAF63F0303F000FB30
:100C30002020214600F0C0FD41F6071040F2B531FA
:100C40004AF260324FF61273CBF67170C7F69E51BE
:100C5000C6F65E32CCF2D57303F0EAFA28202146BC
:100C600000F0AAFD49F2567042F6565143F686123C
:100C700040F2B863CCF24F50C4F63411CEF62A22BB
:100C8000CDF2981303F0D4FA3020214600F094FD01
:100C900048F213004BF2EB6147F6D71248F2D31338
:100CA000C2F6CD50CDF60C61C5F29822CFF6704356
:100CB00003F0BEFA3820214600F07EFD42F62560A2
:100CC00041F6D77149F6CB2243F24E03CCF20F2006
:100CD000CAF69E31CCF67E22C1F6B74303F0A8FADD
:100CE00040F60D1140F2C130CDF60011CAF84000B7
:100CF000CAF8201400BF00BFDAF84000B0F1FF3F8F
:100D0000FADC029940F20414C0F60044D1F8000164
:100D1000CAF81C00D1F80401CAF81C00D1F8080177
:100D2000CAF81C00D1F80C01CAF81C004FF0804032
:100D3000386048F205101121CEF60000CAF82006EE
:100D400041F20040C0F28101C4F23B00016000BFEB
:100D5000DAF800004000FBD44FF4C050CAF8380065
:100D600042F21200CAF80400DAF804004000FBD591
:100D7000DAF81C000199C1F80401DAF81C00C1F886
:100D80000801DAF81C00C1F80C01DAF81C00C1F8FF
:100D9000100100BF00BF00BF57F8040C4006FBD491
:100DA00042F2A1704AF2C66149F2CF524DF6FC639D
:100DB000CEF27260C1F6BA41CDF6B942C2F2452315
:100DC00003F066FA4FF0440B48F629504AF2B63168
:100DD0004BF65B1249F69063CBF60210C3F2D0716A
:100DE000C9F6AF12C5F6726303F022FAA220CAF860
:100DF0004000CAF8204600BFDAF84000B0F1FF3FDB
:100E0000FADC0020FAF7BEFA48F20511CAF81C0015
:100E10004FF08040C0F610113860CAF8201641F239
:100E200000411120C4F23B01C0F2810000F5803086
:100E3000086000BF00BF00BFDAF800004000FBD42C
:100E40004FF4C050CAF8380042F21200CAF8040049
:100E5000DAF804004000FBD50198DAF81C1000EB2A
:100E60008B004160DAF81C108160DAF81C10C16058
:100E7000DAF81C10016140F60D1140F2C130C0F6E5
:100E80000011CAF84000CAF8201400BF00BF00BF1C
:100E9000DAF84000B0F1FF3FFADC029901EB8B0079
:100EA00051F82B10CAF81C104168CAF81C10816850
:100EB000CAF81C10C068CAF81C0005201121C9F628
:100EC0001040CAF8200441F20040C0F24101C4F2CF
:100ED0003B00016000BF00BFDAF800004000FBD417
:100EE00042F200014FF4C050CAF8380047F61C40E7
:100EF000C0F26001CAF8FC01CAF838100020CAF834
:100F0000540003B0BDE8F08FDAF83C000D2840F043
:100F10008C8143F648404FF2D24142F6EE0242F253
:100F20009323CDF24370C7F29721CEF28972C8F6AF
:100F30005F4303F07DF94FF08054CAF80040029DF2
:100F40000020294600F0E8FBCAF800400020019E7E
:100F5000314600F09DFB4CF6B3104BF2A3114EF25C
:100F6000E02240F6D943CFF24B20C9F6D801CEF2A9
:100F70004722CDF2E26303F05BF90820314600F02E
:100F800087FB43F22A2044F28F514FF633224CF66E
:100F9000ED43C4F61830CEF2CB51C0F20A62C9F26A
:100FA0004B5303F045F91020314600F071FB4BF232
:100FB0007E3048F2D90147F27C624BF63D03CEF613
:100FC000C330CCF61D11C6F65F42C0F6FC0303F039
:100FD0002FF91820314600F05BFB4BF6DB1048F68A
:100FE0001C4142F6726242F21E53C2F69870C2F27F
:100FF0006B61CEF6C152CEF21C3303F019F92020FA
:10100000314600F045FB4EF25C5042F2F51148F6D5
:101010009A324AF20603CCF2F220C8F20C31C6F63C
:101020003E02CAF2151303F003F92820314600F0FE
:101030002FFB44F2810044F6B17140F2E7724AF2AC
:101040009563C1F69A30CAF27711C9F2D632CFF65B
:10105000215303F0EDF83020314600F019FB42F641
:101060005C204AF64A114FF2F70245F2D773C8F2F4
:10107000B930CDF6F771C4F63752CEF2460303F01D
:10108000D7F83820314600F003FB43F27C404EF2A3
:10109000D40141F24D0240F2E373CDF65E70C6F624
:1010A0008121C1F6AC52CDF6D57303F0C1F800240E
:1010B00040202946C1F21014CAF8004000F02CFB71
:1010C00040203146CAF8004000F0E2FA4AF23730D8
:1010D0004FF6FF414FF650324FF60313CBF242402A
:1010E000CAF28C11CCF61462CDF2A13303F0A0F851
:1010F0004820314600F0CCFA49F67A3041F2AE1180
:1011000044F2D10242F64903C9F6CB60C8F67371C6
:10111000CAF2D162C8F2041303F08AF850203146B3
:1011200000F0B6FA4BF6E1604FF2153147F2377234
:1011300046F6CE53C0F6EE60CAF23F21C7F6E8226B
:10114000CEF25D6303F074F85820314600F0A0FA47
:101150004BF6445043F2D7414AF62A524BF27553AC
:10116000C0F62060C1F64461C8F24E32CFF2D123FE
:1011700003F05EF86020314600F08AFA4DF28220DA
:101180004DF65E0144F621024EF23363CFF2115068
:10119000C4F2BF11CEF6FB72C3F2837303F048F8BA
:1011A0006820314600F074FA4EF2153043F20C61BB
:1011B0004DF604724EF2EE03C4F28600C9F2987145
:1011C000CAF2CD52CDF20A7303F032F870203146E4
:1011D00000F05EFA40F6353041F6842142F2DE62DC
:1011E00049F21963CCF27550CDF2FC51CAF61422C3
:1011F000CBF2C45303F01CF87820314600F048FAD3
:1012000042F2FC1041F655314DF6881247F67C53F8
:10121000C1F69820C8F67721C5F28172CDF63E035B
:1012200003F036F84FF0800B83E4DAF83C00122824
:1012300040F0A6804CF230304FF0000BC2F201209B
:101240000068042800F087804CF26F0643F246578E
:1012500046F2897446F647154FF4C05942F2120817
:10126000C0F2DB16CBF60567CCF61224C6F2DB55CE
:101270004EF6212042F236314DF6B60245F62523D0
:10128000C1F63F10C9F6CC51C5F66912C4F65F131A
:1012900002F0CEFF40F2C130CAF8400040F60D1017
:1012A000CDF60010CAF82004DAF84000B0F1FF3F94
:1012B000FADC029901EB8B0051F82B10CAF81C10D4
:1012C0004168CAF81C108168CAF81C10C068CAF8C6
:1012D0001C0041F62C204FF08041C4F23B0001601D
:1012E00048F20510CEF60000CAF8200641F2004090
:1012F0001121C4F23B00C0F28101016000BF00BFB8
:10130000DAF800004000FBD4CAF83890CAF804802C
:10131000DAF804004000FBD50198DAF81C1000EB65
:101320008B0022462B464160DAF81C108160DAF807
:101330001C10C160DAF81C1001613046394602F019
:10134000A7FF4CF230300BF1040BC2F20120006811
:10135000043883458CD30020CAF8540040F604209A
:101360004DF2562147F261424BF27F73CAF63700C5
:10137000C9F20841CEF61962CEF2D563FFF7EEBA94
:101380004FF0000BFFF7D5BB2DE9F04381B0884645
:1013900004464FF2BA0045F2FB014AF2D1524BF635
:1013A000362340F2440941F6242741F20046C5F6AF
:1013B000FE70C2F6CC11C4F2EA62CAF6E723C4F6A4
:1013C0000429C4F23B07C4F23B0602F031FF09F5E1
:1013D0004030386000BF00BF706CB0F1FF3FFBDCF5
:1013E00040F2C4450020C0F60465F9F7CBFF306237
:1013F00005F54030386000BF706CB0F1FF3FFBDC9A
:101400004DF28A00C0F27410F9F7BCFF306240F26E
:1014100091204EF6FF0144F281424FF2AC53C5F6E3
:10142000E310C2F62701CAF2A312C7F2EB4302F09F
:10143000FFFE49F22000C6F800024FF08070C6F8A7
:101440000002C7F8009000BF706CB0F1FF3FFBDCFA
:101450000020F9F797FF3062202005213D60C8F297
:101460000110C0F28901C6F80802316000BF00BF58
:1014700070684000FCD44FF4C050F06300BF00BF60
:1014800078684006FCD44FF41060F06340F62010FA
:101490004AF63E4143F6E47240F6DC73C9F6570063
:1014A000C8F2DA41C9F26B72C4F6395302F0C0FED9
:1014B0004FF6006941F6B540CFF6FF79CFF20470E0
:1014C00047F8090000BF00BF706CB0F1FF3FFBDCC4
:1014D00043F2680041F6C003C0F20420C9F21F13B2
:1014E00000EB88052A1D50F82800306207CA3062D8
:1014F0003162326241F62C5047F6DD0147F6487200
:10150000C0F68510CCF6C541C5F6234202F090FE28
:1015100040F60550C0F2047047F8090000BF00BF54
:10152000706CB0F1FF3FFBDC05F110030FCB3062B4
:1015300031620520112132623362C8F61040C0F2D8
:10154000410147F80900316070684000FCD48D25E6
:101550004FF4C050C0F60325F06340F2C130706410
:1015600047F8095000BF00BF706CB0F1FF3FFBDCD3
:101570002068306260683062A0683062E068306283
:1015800046F6B6404FF64B714CF65F424FF24503BC
:10159000C2F6C900CBF6FD41C4F23C22CEF63F2391
:1015A00002F046FE40F2C130706405F1100047F8C9
:1015B000090000BF00BF00BF706CB0F1FF3FFBDC53
:1015C0002069306260693062A069306242F20001D5
:1015D000E069306247F61D40C0F26001C6F80002C3
:1015E000F1630020B06501B0BDE8F083D4D4D4D459
:1015F000B0B541F2004241F6C173C4F23B0248F675
:101600000F1410F1210F4FF4E06C536441F62403E2
:10161000C4F23B03CDF60014C3F808C01C6088BFB9
:10162000B0BD40F2210C00F12003C0F2C10C4FF418
:10163000C05E00BF00BF00BF546CB4F1FF3FFBDCD5
:1016400001EB800451F82050156265681562A568A9
:101650001562E568156200BF556CB5F1FF3FFBDC14
:101660002569156265691562A5691562E4691462E8
:10167000C2F800C000BF00BF54686400FCD408304A
:10168000C2F83CE09842D7D3B0BDD4D4D4D4D4D49B
:1016900080B541F6242341F20042C4F23B0340F2FC
:1016A000001CC4F23B02C4F2000CC3F808C048F6A8
:1016B000075C40F2210ECEF2007CC0F2830EC3F82C
:1016C00000C0C2F800E000BF53685B00FCD44FF4D8
:1016D000C053D36342F22203936000BF00BF00BF38
:1016E00093685B00FCD501EB8000116A4160116AD0
:1016F0008160116AC160116A016100BF00BF00BF53
:1017000091684900FCD5116A4161116A8161116AD1
:10171000C161116A016280BDB0B541F2004243F679
:10172000C173C4F23B0248F60F1410F1410F4FF49D
:10173000706C536441F62403C4F23B03CDF60014ED
:10174000C3F808C01C6088BFB0BD40F2210C00F196
:101750004003C0F2C10C4FF4C05E00BF00BF00BF29
:10176000546CB4F1FF3FFBDC01EB800451F82050D6
:10177000156265681562A5681562E568156200BFA7
:10178000556CB5F1FF3FFBDC256915626569156293
:10179000A5691562E4691462C2F800C000BF00BF09
:1017A00054686400FCD40830C2F83CE09842D7D3B7
:1017B000B0BDD4D4D4D4D4D480B541F6242341F2DE
:1017C0000042C4F23B0340F2001CC4F23B02C4F2EC
:1017D000000CC3F808C048F2071C40F2210ECEF6F8
:1017E000000CC0F2830EC3F800C0C2F800E000BFD6
:1017F00053685B00FCD44FF4C053D36342F222031E
:10180000936000BF00BF00BF93685B00FCD501EB95
:101810008000116A4160116A8160116AC160116AB9
:10182000016100BF00BF00BF91684900FCD5116A8B
:101830004161116A8161116AC161116A016280BDF1
:1018400070B541F2004543F2403CC4F23B05202113
:101850004EF645430446C3F2000CC0F20501C5F83C
:1018600000C2C5F800124BF2C072C5F80022C0F2E7
:1018700031134020C5F800324BF21063C0F2030070
:10188000C5F80002C5F80022C0F24B13C5F80032BB
:10189000402341F62426C0F20703C5F800320CF1BC
:1018A0004003C5F8003201F50033C5F8003242F2BA
:1018B0001463C4F23B06C0F25413C5F80022C5F805
:1018C0000032C5F8000242F2FE40C0F2BA10C5F87C
:1018D0000022C5F8000201F12000C5F8000245F61B
:1018E000D6104421C5F80022C0F2BB10C5F8000292
:1018F0008020C5F80002C4F60721C5F80002316057
:10190000686CB0F1FF3FFBDC0020F9F73BFD40F2D3
:10191000C4412862C0F60761316040F2C030052141
:10192000C8F20110C0F28901C5F80802296000BFA1
:1019300068684000FCD44FF4C050E86300BF00BFAB
:1019400070684006FCD4002149F60752C1F25001EC
:101950004FF41060E863696042F6C27068644FF447
:101960003060CFF20472B060326000BF00BF00BFD1
:10197000686CB0F1FF3FFBDC206D2862606D28626F
:10198000A06D2862E06D2862686CB0F1FF3FFBDC5F
:10199000206E2862606E2862A06E28622120E26EAE
:1019A000C0F2C2002A6228606A685200FCD44FF478
:1019B000C052EA6301F148726A6000BF00BF00BF15
:1019C0006A6CB2F1FF3FFBDC226F2A62626F2A620F
:1019D000A26F2A62E26F2A626A6CB2F1FF3FFBDCFF
:1019E000D4F880202A62D4F884202A62D4F888208F
:1019F0002A62D4F88C202A62286000BF00BF00BF92
:101A00006A685200FCD44FF4C052EA6301F10261EB
:101A1000696000BF00BF00BF696CB1F1FF3FFBDC34
:101A2000D4F890102962D4F894102962D4F8981050
:101A30002962D4F89C102962696CB1F1FF3FFBDC8C
:101A4000D4F8A0102962D4F8A4102962D4F8A81000
:101A50002962D4F8AC102962286000BF00BF00BF23
:101A600069684900FCD44FF4C051E9634FF0C65196
:101A7000696000BF00BF00BF696CB1F1FF3FFBDCD4
:101A8000D4F8B0102962D4F8B4102962D4F8B81090
:101A90002962D4F8BC102962696CB1F1FF3FFBDC0C
:101AA000D4F8C0102962D4F8C4102962D4F8C81040
:101AB0002962D4F8CC102962286000BF00BF00BFA3
:101AC00069684900FCD44FF4C051E9634FF0855177
:101AD000696000BF00BF00BF696CB1F1FF3FFBDC74
:101AE000D4F8D0102962D4F8D4102962D4F8D810D0
:101AF0002962D4F8DC102962696CB1F1FF3FFBDC8C
:101B0000D4F8E0102962D4F8E4102962D4F8E8107F
:101B10002962D4F8EC102962286000BF00BF00BF22
:101B200069684900FCD44FF4C051E9634FF0C151DA
:101B3000696000BF00BF00BF696CB1F1FF3FFBDC13
:101B4000D4F8F0102962D4F8F4102962D4F8F8100F
:101B50002962D4F8FC102962696CB1F1FF3FFBDC0B
:101B6000D4F800112962D4F804112962D4F80811BC
:101B70002962D4F80C112962286000BF00BF00BFA1
:101B800068684000FCD440F605514FF4C050C0F2E4
:101B90000471E863316000BF686CB0F1FF3FFBDCAB
:101BA000D4F810012862D4F814012862D4F818017E
:101BB0002862D4F81C01286205201121C8F61040C3
:101BC000C0F282013060296068684000FCD44FF4A4
:101BD000C050E86370BDD4D470B541F2004543F203
:101BE000403CC4F23B05202144F23A230446C3F2B0
:101BF000000CC0F20501C5F800C2C5F800124BF296
:101C0000C072C5F80022C0F27D134020C5F8003232
:101C10004CF23773C0F20300C5F80002C5F8002289
:101C2000C0F26313C5F80032402341F62426C0F207
:101C30000703C5F800320CF14003C5F8003201F586
:101C40000033C5F8003246F2D873C4F23B06C0F246
:101C50007C13C5F80022C5F80032C5F800024DF625
:101C6000B550C0F22610C5F80022C5F8000201F1F7
:101C70002000C5F800024FF636204421C5F80022A6
:101C8000C0F2BC10C5F800028020C5F80002C4F6FE
:101C90000721C5F800023160686CB0F1FF3FFBDC42
:101CA0000020F9F76FFB40F2C4412862C0F60761DB
:101CB000316040F2C0300521C8F20110C0F2890144
:101CC000C5F80802296000BF68684000FCD44FF4E2
:101CD000C050E86300BF00BF70684006FCD449F6FE
:101CE00007514FF41060E86340F6C27068644FF427
:101CF0004070CFF20471B060316000BF00BF00BF20
:101D0000686CB0F1FF3FFBDC2068286260682862E5
:101D1000A0682862E0682862686CB0F1FF3FFBDCD5
:101D20002069286260692862A06928622120E1692F
:101D3000C0F2C20029624FF08F516960286000BF75
:101D400069684900FCD44FF4C051E96300BF00BF8B
:101D5000696CB1F1FF3FFBDC216A2962616A29628B
:101D6000A16A2962E16A2962696CB1F1FF3FFBDC7B
:101D7000216B2962616B2962A16B2962E16B296287
:101D80000021C1F208216960286000BF00BF00BFC8
:101D900068684000FCD440F605514FF4C050C0F2D2
:101DA0000471E863316000BF686CB0F1FF3FFBDC99
:101DB000206C2862606C2862A06C2862E06C28624B
:101DC00005201121C8F61040C0F282013060296060
:101DD00068684000FCD44FF4C050E86370BDD4D4B0
:101DE0002DE9F04F81B041F200060446C4F23B06F3
:101DF0004FF480304AF6E27144F2102230604FF422
:101E0000FE60706249F21E3046F21A0340F2020A86
:101E1000C8F2A040C6F67A41C0F66F22C9F6603318
:101E2000C0F2044A02F004FA2046FFF709FD202020
:101E30003061C020F0610AF10E0070604FF00111B6
:101E4000316000BF00BF00BF3168C907FCD1182155
:101E500031617021F16170604FF00110306000BF9E
:101E60003068C007FCD141F2044540F20411C4F2CD
:101E70003B05C0F600014FF08F502860A220286477
:101E8000C5F8201600BF00BF286CB0F1FF3FFBDC97
:101E900040F21D0B0120C0F2C00BF9F773FAE861A4
:101EA000C6F800B400BF00BF28684000FCD405217C
:101EB0004FF4C050C0F2C201A863C6F8001400BFBE
:101EC00028684000FCD40D214FF4C050C0F202013C
:101ED000A863C6F8001400BF28684000FCD40AF1CB
:101EE00008074FF4C050A863C02070614FF4007021
:101EF000B0614FF4B070306277604FF00110306025
:101F00003068C007FCD14FF4B07070614FF41360BB
:101F1000B0614FF4D870306277604FF001103060DC
:101F20003068C007FCD14FF40410A8634FF413606D
:101F300070614FF40070B0614FF4D8703062776018
:101F40004FF00110306000BF3068C007FCD14FF483
:101F50000410A8634FF4B07070614FF41860B06162
:101F60004FF4D870306277604FF00110306000BFDE
:101F70003068C007FCD14FF40410A8634FF4186018
:101F800070614FF40070B0614FF4D87030627760C8
:101F90004FF00110306000BF3068C007FCD14FF433
:101FA0000410A8634EF2933049F6E93145F66322F6
:101FB00048F6320343F2BB5848F60009CCF6F96004
:101FC000CCF68C51C7F27C32C5F2EE43C7F67918D5
:101FD000C3F6000902F02CF94FF48000A863A86B47
:101FE000400200F1A4814DF6E60044F2191143F2DB
:101FF000355243F21013C5F2CC50CAF26061CAF6F2
:102000007322CEF2BD4302F013F94FF4B070706149
:102010004FF40070B0614FF4D870306277604FF0C9
:102020000110306000BF00BF3068C007FCD14FF422
:10203000186070614FF4D870B061C020F0614FF447
:1020400088703062202030610AF10D0070604FF41A
:10205000003068604FF00110306000BF00BF00BF6B
:102060003068C007FCD14FF45060A8634FF488700B
:1020700070614FF40460B061C020F0614FF4B07043
:102080003062C6F804A04FF00110306000BF00BFFE
:102090003068C007FCD101220020C8F2881221213B
:1020A00002F11E09C1F2F000C0F2C901286040F639
:1020B000FF30C5F8FC01C5F80492C6F8001400BF53
:1020C00028684000FCD44FF4C050A8634FF48870D7
:1020D00070614FF4B070B061C020F0614FF4507087
:1020E0003062C6F804A04FF00110306000BF00BF9E
:1020F0003068C007FCD14FF4136070614FF4B070CA
:10210000B061C020F0614FF488703062C6F804A05E
:102110004FF00110306000BF3068C007FCD144F2BE
:10212000EE504EF6E82143F223524DF62F63CDF6E2
:102130006E50C7F29931CCF2E712C7F2E24302F0D7
:1021400077F8182030614FF08B5028600BF1D400E5
:10215000C6F8000400BF00BF28684000FCD44FF45C
:10216000C050A8632046FFF737FD4FF464707061DC
:102170007020F0614FF4147030620AF10200706058
:102180004FF00110306000BF3068C007FCD10BF188
:1021900004084FF08A502860C6F8008400BF00BFD2
:1021A00028684000FCD40AF107014FF4C050A8632E
:1021B0004FF4096070614FF4B070B0614FF4327049
:1021C000306271604FF00110306000BF00BF00BF8F
:1021D0003068C007FCD1702070614FF4B070B061FE
:1021E0004FF43C70306271604FF00110306000BFFE
:1021F0003068C007FCD10024A220C1F210442C603A
:10220000286440F20410C0F60000C5F8200600BFA4
:10221000286CB0F1FF3FFBDC0120F9F7B3F8E8616F
:10222000C6F800B400BF00BF28684000FCD44FF4DB
:10223000C050A8630520C0F2C200C6F8000400BF69
:1022400028684000FCD44FF4C050A8630D20C0F2B1
:102250000200C6F8000400BF28684000FCD44FF418
:10226000C050A8634FF4507070614FF48660B06145
:102270004FF4D870306277604FF00110306000BFCB
:102280003068C007FCD14FF42100A86349F2ED602B
:1022900048F6E06144F66B6242F6E023CEF64F70FA
:1022A000C5F23B31C2F25432CCF2B40301F0C0FFAC
:1022B0004FF48000A863A86B40024FD42C60C6F88E
:1022C000008400BF00BF00BF28684000FCD44FF46A
:1022D000C050A86304F520102860C6F8008400BF31
:1022E00028684000FCD44FF4C050A8634FF0A350BE
:1022F0002860C6F8008400BF28684000FCD44FF472
:10230000C050A86340F63930C5F8FC014FF25720A1
:1023100049F62E3144F2BB1247F6F663C0F6CB7095
:10232000C4F62E61C6F61E12CAF21C53ACE04FF47E
:102330000060C5F8FC014BF63D6045F6724148F27D
:1023400044224CF61B33C7F60A20CBF29061CEF63E
:10235000DE22C2F65E2301F09BFF4BE247F2BA3069
:1023600044F2761147F24D024EF2BC03C0F27550B2
:10237000CEF61671C0F63312C0F2483301F058FFA2
:102380004FF4147070614FF45070B0614FF43C70B2
:10239000F0614FF4906030620AF1130070604FF406
:1023A000003068604FF00110306000BF00BF00BF18
:1023B0003068C007FCD14FF45060A8634FF08F50D5
:1023C0002860A220286440F20410C0F60000C5F87E
:1023D000200600BF00BF00BF286CB0F1FF3FFBDC50
:1023E0000120F8F7CFFFE861C6F800B400BF00BFD6
:1023F00028684000FCD44FF4C050A8630520C0F208
:10240000C200C6F8000400BF28684000FCD44FF4A6
:10241000C050A8630D20C0F20200C6F8000400BF3F
:1024200028684000FCD44FF4C050A8634FF490607B
:1024300070614FF40070B0614FF4D8703062776013
:102440004FF00110306000BF3068C007FCD142F28D
:10245000A9514FF40410A8634BF22070C1F60F018C
:10246000C5F8FC01C5F8FC1146F6BA704DF65111DD
:102470004FF64D724FF6FD33CFF6AA70C4F28D5170
:10248000C8F63E42C1F20D3301F002FF42F2A650FF
:102490004BF253714FF67A224EF21263C6F6FC20CD
:1024A000C5F6B141CBF62C62CEF2A65301F0C0FEC8
:1024B0004FF48000A863A86B400200F17D814FF6C5
:1024C00041104CF233414DF6BB3245F6D823C2F6EB
:1024D000E860CCF60C41C2F64C72C7F2A71301F0CB
:1024E000A7FE4FF08F502860C6F8008400BF00BFE1
:1024F00028684000FCD421210022C0F2C901C1F2A9
:10250000F0024FF4C050A8634FF4887070614FF42C
:102510000070B0614FF4507030620AF107007060D3
:102520004FF00110306000BF3068C007FCD143F2AB
:10253000BB580120C7F679182A60C8F28810C5F880
:102540000402C6F8001400BF28684000FCD44FF411
:10255000C050A8634FF4887070614FF46470B0612C
:102560007020F0614FF400703062C6F804A04FF0A4
:102570000110306000BF00BF3068C007FCD12A6086
:1025800043F2E170C5F8FC014AF2E070C5F8FC01C5
:102590002020C5F8FC01C5F80492C6F8001400BF5D
:1025A00028684000FCD448F600094FF4C050C3F638
:1025B0000009A8634FF4887070614FF46470B061D3
:1025C0007020F0614FF40A703062C6F804A04FF03A
:1025D0000110306000BF00BF3068C007FCD14FF46D
:1025E000147070614FF45070B0614FF43C70F06142
:1025F0004FF4AE6030620AF1130070604FF40030A7
:1026000068604FF0011030603068C007FCD14FF4B3
:102610005060A8634FF08F502860A220286440F2D9
:102620000410C0F60000C5F8200600BF00BF00BFC0
:10263000286CB0F1FF3FFBDC0120F8F7A3FEE86156
:10264000C6F800B400BF00BF28684000FCD44FF4B7
:10265000C050A8630520C0F2C200C6F8000400BF45
:1026600028684000FCD44FF4C050A8630D20C0F28D
:102670000200C6F8000400BF28684000FCD44FF4F4
:10268000C050A8634FF4AE6070614FF40070B06149
:102690004FF4D870306277604FF00110306000BFA7
:1026A0003068C007FCD14FF40410A86346F298408C
:1026B00041F2BB214DF65F5248F66103CAF609604C
:1026C000C3F26071CFF68722C8F2134301F0B0FD68
:1026D0004FF48004AC63A86B400200F1A38042F287
:1026E000A95109F54870C1F60F01C5F8FC01C5F8FC
:1026F000FC118020C5F804024FF41810A86347F2BB
:1027000031704AF6230148F2234241F6D573C6F6EA
:10271000DA60C4F29111C8F2EA22CEF6566301F0F3
:1027200087FDAC63A86B400200F191800AF10701BC
:102730004FF4A46070614FF4B070B0614FF400705A
:10274000306271604FF00110306000BF00BF00BF09
:102750003068C007FCD14FF4A96070614FF4B070CD
:10276000B0614FF40A70306271604FF00110306058
:102770003068C007FCD14FF4AE6070614FF4B070A8
:10278000B0614FF41470306271604FF0011030602E
:102790003068C007FCD148F6982042F6896144F6BB
:1027A000687241F27813CEF6C030C3F28821C5F2C8
:1027B000B452C9F2D903BDE04FF40060C5F8FC0182
:1027C00047F6CE3042F2130141F24A5240F6CA2394
:1027D000C4F66A10C1F21B51C5F60D22C3F6AB5305
:1027E00001F056FD43F2BB5848F60009C7F67918C8
:1027F000C3F6000942F20001C5F8FC91C5F8FC815E
:102800008020C5F804024FF42600A86347F61D4057
:10281000C0F26001C5F8FC01A9630020686501B041
:10282000BDE8F08F4FF40060C5F8FC0144F68C70F1
:1028300047F6F84149F6155249F67F53C7F2CE30B4
:10284000CDF6AD31CCF63902C3F21D3383E54FF43A
:10285000906070614FF4AE60B0617020F0614FF431
:10286000147030620AF1110070604FF00110306096
:102870003068C007FCD14FF45060A8634FF094500B
:102880002860A220286440F20410C0F60000C5F8B9
:10289000200600BF00BF00BF286CB0F1FF3FFBDC8B
:1028A0000120F8F76FFDE861C6F800B400BF00BF73
:1028B00028684000FCD44FF4C050A8630520C0F243
:1028C000C200C6F8000400BF28684000FCD44FF4E2
:1028D000C050A8630D20C0F20200C6F8000400BF7B
:1028E00028684000FCD44FF4C050A8634FF4147023
:1028F00070614FF42870B0614FF43C7030627760C3
:102900004FF00110306000BF3068C007FCD14FF4B9
:102910000410A8634EF633104BF2282144F22E0225
:1029200049F2D863CAF63C50C4F67601CFF2CD42E4
:10293000CBF2F02301F0ACFC41F679104BF6080124
:1029400040F2237248F64B43CFF2E340C8F24861AD
:10295000C2F63542CFF6E56301F06AFC4FF4800021
:10296000A863A86B400200F1F5804CF6EE4041F2FE
:102970006F2145F6DE0246F62A53CDF2E460C2F23C
:102980000911C2F2A242CBF65D3301F051FC4FF4C3
:10299000147070617020F0614FF4287030620AF199
:1029A000020070604FF00110306000BF00BF00BF38
:1029B0003068C007FCD14FF08A502860A2202864FC
:1029C00040F20410C0F60000C5F8200600BF00BFAA
:1029D000286CB0F1FF3FFBDC0220F8F7D3FCE86184
:1029E000C6F800B400BF00BF28684000FCD44FF414
:1029F000C050A8630520C0F2C200C6F8000400BFA2
:102A000028684000FCD44FF4C050A8630D20C0F2E9
:102A10000200C6F8000400BF28684000FCD44FF450
:102A2000C050A863702070614FF4B070B0614FF473
:102A30008870306277604FF00110306000BF00BFD7
:102A40003068C007FCD14FF4287070614FF4887073
:102A5000B0617020F0614FF4B07030620AF10D0087
:102A600070604FF4003068604FF00110306000BFBC
:102A70003068C007FCD14FF45060A8634FF4007079
:102A800070614FF4B070B0617020F0614FF4287045
:102A90003062C6F804A04FF00110306000BF00BFE4
:102AA0003068C007FCD14FF4287070614FF4136098
:102AB000B0614FF4D870306277604FF00110306031
:102AC0003068C007FCD14FF40410A8634FF41360C2
:102AD00070614FF42870B0614FF4D8703062776045
:102AE0004FF00110306000BF3068C007FCD14FF4D8
:102AF0000410A8634DF6D6704BF6281146F2BD12AD
:102B000048F63573CFF2B120C6F67151C5F608020A
:102B1000C2F2BC7301F08CFB4FF48000A863A86B79
:102B200040022DD44FF43440C5F8FC0143F68940EF
:102B300048F2651144F2AE1247F21713C1F2F610D3
:102B4000CFF66D01C9F2FD02CEF6C813C5F8FC81BF
:102B5000FFF701BC4FF40060C5F8FC0148F2954056
:102B600047F2B12140F689424EF24553C5F28250F8
:102B7000C1F63341C8F2DB72C9F65C33FFF7EBBB39
:102B80004FF40060C5F8FC014AF2CC1041F6A241B6
:102B900049F637624CF69C13CDF6BF40C0F2433184
:102BA000CCF68052C2F67C03FFF7D5BB10B541F2DC
:102BB000006043F2403EC4F23B0020224024C3F2B6
:102BC000000EC0F20502C0F800E002604BF2C073D4
:102BD00003604FF0230CC0F20304C0F800C004608F
:102BE00003601D2101604021C0F2070101600EF168
:102BF0004001016002F500310160036017210160AE
:102C0000046003601521016002F12001016003608E
:102C10001321016080210160016010BD10B541F2F7
:102C2000006043F2403EC4F23B0020224024C3F245
:102C3000000EC0F20502C0F800E002604BF2C07363
:102C400003604FF0220CC0F20304C0F800C004601F
:102C500003601C2101604021C0F2070101600EF1F8
:102C60004001016002F5003101600360162101603E
:102C7000046003601421016002F12001016003601F
:102C80001221016080210160016010BDD4D4D4D430
:102C900010B541F220444AF68001C4F23B0443F2ED
:102CA0002440C3F2204142F6E403C4F8E001C4F832
:102CB000E01140F621010A20C1F20001C4F8E00150
:102CC000C4F8E0114BF2E040C4F8E0010D22C3F279
:102CD0002043C4F8E021C4F8E031C4F8E01148F61C
:102CE0008001C3F60001C4F8E011FE21C4F8E01130
:102CF0004BF22041C1F20001C4F8E0110C21C4F8EC
:102D0000E0111F21C4F8E0011220C4F8E0014BF2E9
:102D1000A070C4F8E0010420C4F8E00140F6FF30E0
:102D2000C4F8E00140F6A730C8F28C016062C4F834
:102D3000E81100BF00BF00BF606AB0F1FF3FFBDCDD
:102D40001220F8F71FFB2060606AB0F1FF3FFBDC48
:102D50001420F8F717FB2060606AB0F1FF3FFBDC3E
:102D60001620F8F70FFB2060606AB0F1FF3FFBDC34
:102D70001820F8F707FB2060606AB0F1FF3FFBDC2A
:102D80001C20F8F7FFFA2060606AB0F1FF3FFBDC1F
:102D90001E20F8F7F7FA2060606AB0F1FF3FFBDC15
:102DA0002020F8F7EFFA2060606AB0F1FF3FFBDC0B
:102DB0000E20F8F7E7FA2060606AB0F1FF3FFBDC15
:102DC0001020F8F7DFFA2060606AB0F1FF3FFBDC0B
:102DD0002220F8F7D7FA2060606AB0F1FF3FFBDCF1
:102DE0002420F8F7CFFA2060606AB0F1FF3FFBDCE7
:102DF0002620F8F7C7FA20600020A0634FF00C0EE1
:102E000040F69E0143F2274243F6DF30C3F600014D
:102E1000C1F2000242F2FD73C4F8E001C4F8E0110F
:102E2000C4F8E021C4F8E0310FF00BC00020A0632B
:102E300010BDD4D4D4D4D4D42DE9F04F81B041F214
:102E400000050226C4F23B05C0F204464FF464704C
:102E500068617020E8614FF41470286218202861BE
:102E6000B01C68604FF00110286000BF00BF00BFB9
:102E70002868C007FCD141F204440027C4F23B0497
:102E800040F21D0AC1F2F007C0F2C00A07F1487013
:102E900020600AF10400C5F8000400BF00BF00BFB5
:102EA00020684000FCD44FF4C050A0634FF4096088
:102EB00068614FF48660A8614FF432702862F01D9B
:102EC00068604FF0011129602968C907FCD17021A1
:102ED00069614FF48661A9614FF43C7129626860B1
:102EE0004FF00110286000BF2868C007FCD14CF6E5
:102EF000305047F2322144F2A7224DF69873C9F2BE
:102F00003E00C9F6E241C2F21062C7F6FF6301F06B
:102F10008FF94FF4147068614FF45070A8614FF44A
:102F20003C70E8614FF4AE60286206F113006860FF
:102F30004FF4003060604FF00110286000BF00BF08
:102F40002868C007FCD140F2041B4FF45060C0F663
:102F5000000BA0632760A2202064C4F820B600BF45
:102F6000206CB0F1FF3FFBDC0120F8F70BFAE061C9
:102F7000C5F800A400BF00BF20684000FCD40527AE
:102F80004FF4C050C0F2C207A063C5F8007400BF80
:102F900020684000FCD440F20D084FF4C050C0F24D
:102FA0000208A063C5F8008420684000FCD406F144
:102FB00008094FF4C050A0634FF4AE6068614FF44D
:102FC0008870A8614FF4D8702862C5F804904FF05B
:102FD0000110286000BF00BF2868C007FCD14FF473
:102FE0000410A06342F244104FF6095147F2EC027C
:102FF00045F6EB73C7F21C00CEF63F41C1F2DF523B
:10300000C1F2AF5301F014F94FF48000A063A06B3C
:10301000400200F1C18042F6AF0048F6F63149F6B1
:10302000572241F68423C8F61A60CDF2B411CDF6CA
:103030006812C0F25F6301F0FBF84FF4AE606861A4
:103040007020E8614FF414702862B01C68604FF083
:103050000110286000BF00BF2868C007FCD14FF0F6
:103060008A502060A2202064C4F820B600BF00BFB0
:10307000206CB0F1FF3FFBDC0220F8F783F9E06140
:10308000C5F800A400BF00BF20684000FCD44FF486
:10309000C050A063C5F8007420684000FCD44FF411
:1030A000C050A063C5F8008420684000FCD44FF4F1
:1030B000C050A063702068614FF4B070A8614FF4F5
:1030C00088702862C5F804904FF00110286000BF96
:1030D0002868C007FCD14FF4147068614FF4887001
:1030E000A8617020E8614FF4B070286206F10D000D
:1030F00068604FF4003060604FF00110286000BF3E
:103100002868C007FCD14FF45060A0634FF4A4605E
:1031100068614FF4B070A8617020E8614FF42870C6
:1031200028626E604FF00110286000BF00BF00BF32
:103130002868C007FCD14FF4A96068614FF4B070F3
:10314000A8617020E8614FF43C7028626E604FF017
:103150000110286000BF00BF2868C007FCD14FF4F1
:103160003440C4F8FC0143F6117040F65A0141F6B0
:10317000AE5241F22C6345F21865CEF25D10C0F6F6
:10318000D561C0F20262C7F28453C6F28C15C4F84E
:10319000FC5101F07DF819E04FF40060C4F8FC0127
:1031A0004DF6A16048F2726146F2CF7247F2D63313
:1031B000C7F68B70CEF2AA51C7F2EB42C5F62E03CA
:1031C00001F066F845F21865C6F28C1548F6000065
:1031D00042F20001C3F60000C4F8FC01C4F8FC513F
:1031E0008020C4F804024FF42600A06347F61D4077
:1031F000C0F26001C4F8FC01A1630020606501B069
:10320000BDE8F08FD4D4D4D42DE9F04F83B0CDE90C
:10321000010144F2A45044F6393143F688224DF6B8
:103220002E1341F2044A40F20418C7F20D00CCF606
:103230008E01CFF69A32CCF67B33C4F23B0AC0F64D
:10324000004800F0F5FF01F07FF8A220CAF8400026
:1032500008F50010CAF82006DAF84000B0F1FF3F88
:10326000FADC40F2A03441F200450020C8F201042B
:10327000C4F23B05F8F786F80521CAF81C00A4F54E
:103280006870C0F24231CAF80402296000BF00BF72
:10329000DAF800004000FBD44FF4C050CAF8380000
:1032A00041F200400D21C4F23B00C0F20201016076
:1032B000DAF800004000FBD44FF4C050CAF83800E0
:1032C00043F2E040CAF8FC01A720CAF84000CAF85F
:1032D000044200BF00BF00BFDAF84000B0F1FF3F7A
:1032E000FADCFF20F8F74EF8CAF81C000020CAF8F4
:1032F00054004AF26C704AF2792147F271224BF283
:10330000FC23C5F66F20CCF2F531C7F29462CAF601
:10331000644300F0BDFFF8F7AFFB43F2E440CAF8A6
:10332000FC01A720CAF84000CAF8044200BF00BF51
:10333000DAF84000B0F1FF3FFADC4426FE20C0F688
:103340000006F8F71FF8CAF81C000020CAF854005D
:1033500042F6937046F235414EF22A5246F2453318
:10336000CDF69D50C1F6D871C8F62012C6F67C5332
:1033700000F08EFFF8F7D8FC41F6E2704CF21A71BB
:103380004CF6791242F22E73C8F22340CCF28A71C5
:10339000CFF2E752C0F2730300F04AFFA220CAF84E
:1033A0004000CAF8206600BFDAF84000B0F1FF3FE5
:1033B000FADC0020F7F7E6FFCAF81C00A220CAF8E2
:1033C000400006F11000CAF8200600BF00BF00BF91
:1033D000DAF84000B0F1FF3FFADC41F62C2700207C
:1033E000C4F23B070024F7F7CDFFCAF81C004FF6E4
:1033F000004041F20042CFF6FF70C4F23B024FF4AE
:1034000080311150FFF744FC47F60140CAF8FC0137
:103410004FF4C000CAF83800CAF85440DAF83C004B
:10342000002800F0EB80DAF83C000A2840F08E819A
:103430004FF25F3045F234214CF62D0241F2E54364
:10344000C6F62F40C3F29E41C6F60E52C1F6BD73BA
:1034500000F0EEFE4FF08054CAF8004000200199C1
:1034600000F046FECAF800400020029C2146FEF70C
:10347000A3F94CF2ED2049F2277141F6A63245F648
:103480002173CFF63C10CDF29C51C5F2CB12C2F2A3
:103490001D1300F0CDFE08202146FEF78DF947F2FE
:1034A00009504CF67E6149F676124FF2CB23C6F6F0
:1034B0000E60CDF2D471C7F23952C7F6201300F076
:1034C000B7FE10202146FEF777F94BF612204DF299
:1034D000006146F6347240F6CF23CDF61940CBF2A8
:1034E000DC21C6F21D72C8F2567300F0A1FE18204E
:1034F0002146FEF761F94FF2B1304FF2A33146F6A3
:1035000036324FF69563C0F68A70C9F68441C4F628
:103510009662C5F6C53300F08BFE40F2C130CAF8A2
:10352000400006F1C100CAF8200400BF00BF00BF80
:10353000DAF84000B0F1FF3FFADC0199D1F88000E1
:10354000CAF81C00D1F88400CAF81C00D1F8880021
:10355000CAF81C00D1F88C00CAF81C004FF080405B
:10356000386048F205101121CEF60000CAF8200696
:1035700041F20040C0F28101C4F23B00016000BF93
:10358000DAF800004000FBD44FF4C050CAF838000D
:1035900042F21200CAF80400DAF804004000FBD539
:1035A000DAF81C000299C1F88400DAF81C00C1F8AE
:1035B0008800DAF81C00C1F88C00DAF81C00C1F8A9
:1035C000900000BF00BF00BF57F8040C4006FBD4BA
:1035D0004FF2E8604AF6820141F2A9424CF261637F
:1035E000CDF29C10C8F62D01C8F2CA52C9F68E332E
:1035F00000F04EFE4FF0240B00F010BD4CF23030C6
:103600003D46C2F201204FF0000B0068002800F098
:10361000818006F1C1044EF2376649F26C7746F2BA
:1036200039684EF27769CAF21246C5F2A777CCF232
:103630004458CBF6E36900BF46F238604DF6AB4123
:1036400044F2D82243F64C63CEF6A510C6F22251BE
:10365000CCF6A702C9F6E70300F0EAFD40F2C1305C
:10366000CAF84000CAF82044DAF84000B0F1FF3F41
:10367000FADC019901EB8B0051F82B10CAF81C10F1
:103680004168CAF81C108168CAF81C10C068CAF8E2
:103690001C004FF08040286048F605501121CEF202
:1036A0000070CAF8200641F20040C0F28101C4F265
:1036B0003B00016000BF00BFDAF800004000FBD40F
:1036C0004FF4C050CAF8380042F21200CAF80400A1
:1036D000DAF804004000FBD50298DAF81C1000EB81
:1036E0008B0042464B464160DAF81C108160DAF8E4
:1036F0001C10C160DAF81C1001613046394600F038
:10370000C7FD4CF230300BF1040BC2F2012000680F
:10371000834591D30020CAF8540041F6BA5042F2D2
:10372000E62147F2516245F6F843CDF69600C6F61B
:10373000F041CBF21562CDF6D34300F0A9FD40F283
:1037400004182F46C0F6004800F068BCDAF83C00C8
:103750000B2840F0DC8043F6E24041F26F3140F24A
:1037600024524BF60B13C1F27710C4F2F501C1F2EB
:103770005702C5F6B30300F05BFD4FF08054CAF862
:103780000040019E0020314600F0B2FCCAF8004023
:103790000020029D2946FDF77BFF44F6AC6048F609
:1037A000E8714BF2123245F23913C1F21F20C2F612
:1037B0006D21C6F6C052C7F2122300F039FD082071
:1037C0002946FDF765FF45F253704FF6752146F225
:1037D000DB5243F6BE73CCF6AD10CBF28D61C5F66D
:1037E0000972CAF2DF1300F023FD10202946FDF70D
:1037F0004FFF41F243604CF2F1114CF669324AF648
:10380000E523C1F20340C3F20A01CFF2ED32C3F661
:103810006A7300F00DFD18202946FDF739FF46F2C6
:10382000D02049F627514CF6EA524AF68C43C2F2B0
:103830009030CAF28631CCF60C42CFF2826300F0AF
:10384000F7FC002420203146C1F21014CAF80040D1
:1038500000F04EFC20202946CAF80040FDF718FF72
:1038600048F273704EF6493146F67F424DF26F438F
:10387000CDF26040C8F65F11C5F69B02C7F6C27371
:1038800000F0D6FC28202946FDF702FF45F6F0108F
:1038900043F2C01140F681124AF6BC33CAF2BE3080
:1038A000C1F67B61C3F20842C1F2C44300F0C0FC20
:1038B00030202946FDF7ECFE4AF20C104EF2A4111E
:1038C0004BF228224BF6C273C6F61470C7F20C21D5
:1038D000CEF29822C4F2750300F0AAFC38202946E3
:1038E000FDF7D6FE41F2006046F60D6146F2681221
:1038F0004DF2CD63C3F62170C6F25031C2F6DF023D
:10390000C1F6872300F0C4FC4FF0400B86E3DAF8E1
:103910003C000C2840F03D814EF6281043F2CA418D
:103920004BF2FB1246F2B063C8F67E00C1F2ED0125
:10393000C7F6E002CDF2CE5300F07AFC4FF080548F
:10394000CAF800400020019900F022FCCAF80040AB
:103950000020029C2146FDF72FFF44F2D7204FF6AE
:1039600027714EF68E124DF67B73CEF66D10CCF6A7
:103970005F51C7F6F832CEF2244300F059FC08201C
:103980002146FDF719FF44F21F6049F6475145F201
:10399000551244F6B413C9F2FB20C7F27851CFF6A2
:1039A0006A02C7F6380300F043FC10202146FDF7F9
:1039B00003FF4DF6B11049F6A15143F24F4240F2D8
:1039C000BB53C7F29C70CAF63251C4F67342C6F2BA
:1039D0006D3300F02DFC18202146FDF7EDFE48F276
:1039E0009E404FF2AE5142F2650240F64003C2F2F1
:1039F0006C60CBF6BD21C8F29562CDF2ED1300F0FC
:103A000017FC20202146FDF7D7FE4FF29A204FF6F3
:103A1000774144F6707244F24443C2F66950C9F2E9
:103A20001C71CCF26C42C4F6BE0300F001FC2820ED
:103A30002146FDF7C1FE4CF2687040F675214FF249
:103A4000D81240F6C633C6F60620C6F22441C7F6A1
:103A5000AD22CEF2D02300F0EBFB30202146FDF763
:103A6000ABFE4BF67B104AF2ED614DF6066244F276
:103A70000813CEF20320C9F29C11C4F2CF52CDF24A
:103A80003F7300F0D5FB38202146FDF795FE41F24B
:103A9000F53048F208214DF214624CF64663CDF63B
:103AA000F900C0F2FF41CCF2C532CCF2EA0300F0DB
:103AB000BFFB40F2C130CAF8400006F1C100CAF8AD
:103AC000200400BF00BF00BFDAF84000B0F1FF3FA4
:103AD000FADC0199D1F80001CAF81C00D1F8040100
:103AE000CAF81C00D1F80801CAF81C00D1F80C0172
:103AF000CAF81C004FF08040386048F205101121D0
:103B0000CEF60000CAF8200641F20040C0F2810162
:103B1000C4F23B00016000BFDAF800004000FBD4B3
:103B20004FF4C050CAF8380042F21200CAF804003C
:103B3000DAF804004000FBD5DAF81C000299C1F85D
:103B40000401DAF81C00C1F80801DAF81C00C1F819
:103B50000C01DAF81C00C1F8100100BF00BF00BF63
:103B600057F8040C4006FBD448F62D2043F6577155
:103B700046F2640244F27463CEF69D40C1F28B318A
:103B8000C7F63572C2F20E3300F082FB4FF0440BE1
:103B900044E2DAF83C000D2840F08B8144F63D30D9
:103BA00041F287714DF64E120123C8F6B110CDF6E1
:103BB0004A11C3F64422C0F6057300F039FB4FF0FA
:103BC0008054CAF80040019E0020314600F0E0FA1F
:103BD000CAF800400020029D2946FDF759FD4CF22D
:103BE000FF4043F2C26148F2125245F2BC63C3F295
:103BF0006430CCF23221C9F60142CDF6FA3300F03E
:103C000017FB08202946FDF743FD40F26D2047F6DB
:103C1000D47149F2111241F67C73CAF23A30C9F2FA
:103C2000D741C1F67722CEF2497300F001FB102094
:103C30002946FDF72DFD47F2045044F2D50149F61F
:103C40004A524DF2BF13CFF28F40CEF65F31C2F62B
:103C5000A012C2F6F72300F0EBFA18202946FDF770
:103C600017FD43F6115043F29C114EF203124EF62B
:103C70001243CEF60F20CFF6A261C0F6B822CCF2E6
:103C8000831300F0D5FA20202946FDF701FD4DF6FB
:103C900082704AF2274144F235024DF23A43CEF2A5
:103CA0005B70CFF64C01CCF24D12C4F2872300F0CA
:103CB000BFFA28202946FDF7EBFC4AF6443045F6CA
:103CC0001F614EF2B2024FF2DA53CBF24A50C9F200
:103CD0003A61CDF6FB42C5F2061300F0A9FA302096
:103CE0002946FDF7D5FC42F675404BF2943146F675
:103CF0004E424DF23F03C9F63D70C9F21951C0F66C
:103D00004472CBF2BA0300F093FA38202946FDF74B
:103D1000BFFC4CF6170048F6D84145F2932249F60D
:103D20007243CAF6AD50C4F66731C4F6FF02CCF652
:103D3000844300F07DFA002440203146C1F2101483
:103D4000CAF8004000F024FA40202946CAF8004092
:103D5000FDF79EFC40F65C1040F2EA1142F6E912D3
:103D600042F6B733C4F2CA20CFF2A731C6F2685286
:103D7000C6F6955300F05CFA48202946FDF788FC0A
:103D800044F63C2047F2836145F6F24248F268531C
:103D9000CCF6AF60CAF61361CBF26F42C6F2724343
:103DA00000F046FA50202946FDF772FC49F298507F
:103DB00046F2426145F2730244F67773C6F6E910A3
:103DC000CCF65B71C1F60552CEF2073300F030FA43
:103DD00058202946FDF75CFC43F2C0404AF2FF71CF
:103DE00042F6D2524AF6DA33CFF25370C2F2F5718C
:103DF000C2F28F62C3F29F1300F01AFA60202946C4
:103E0000FDF746FC44F6B06049F6F92149F6324226
:103E100047F62373C8F2AA30C8F2BA71CEF6306200
:103E2000C4F62D0300F004FA68202946FDF730FCA3
:103E300047F242304CF6F54147F662224FF2876373
:103E4000CFF21440C8F67A41CAF28F72C4F64873B2
:103E500000F0EEF970202946FDF71AFC4FF2DB2046
:103E60004AF2C30148F222624BF27A53CDF6451072
:103E7000CFF26851CCF23702CCF6E34300F0D8F928
:103E800078202946FDF704FC40F6A06040F2F4716A
:103E90004DF2350242F24643CAF2AF30CDF606117A
:103EA000C1F2BA32CAF6054300F0F2F94FF0800BC6
:103EB000B4E0DAF83C00122840F0AE804CF230302A
:103EC0004FF0000BC2F201200068002800F086804D
:103ED00006F1C1084BF612264FF6361749F64F6524
:103EE00042F6597442F21209CEF6CB06C0F6C85714
:103EF000CAF68105C0F6830447F6187041F603211F
:103F000046F2616249F27F33CFF2FC10C1F2754193
:103F1000C3F6EF42CCF6C90300F08AF940F2C13093
:103F2000CAF84000CAF82084DAF84000B0F1FF3F38
:103F3000FADC019901EB8B0051F82B10CAF81C1028
:103F40004168CAF81C108168CAF81C10C068CAF819
:103F50001C0041F62C204FF08041C4F23B00016070
:103F600048F20510CEF60000CAF8200641F20040E3
:103F70001121C4F23B00C0F28101016000BF00BF0B
:103F8000DAF800004000FBD44FF4C050CAF8380003
:103F9000CAF8049000BF00BFDAF804004000FBD567
:103FA0000298DAF81C1000EB8B002A462346416089
:103FB000DAF81C108160DAF81C10C160DAF81C1005
:103FC00001613046394600F063F94CF230300BF1B4
:103FD000040BC2F20120006883458DD30020CAF88B
:103FE000540040F68F004EF6D46144F25C3248F241
:103FF000E043C5F64060C4F68C61C6F25F12C2F6BB
:10400000D87300F045F940F2041841F62C27C0F6A9
:104010000048C4F23B0701E04FF0000B47F6316067
:1040200046F2FD6148F6590244F6B113C5F67F70B9
:10403000C7F28C31C3F64742CAF69D3300F0F8F858
:10404000A220CAF84000CAF8208600BF00BF00BF07
:10405000DAF84000B0F1FF3FFADC0020F7F792F900
:1040600048F20511CAF81C004FF08040C0F610114C
:104070003860CAF8201641F200411120C4F23B0119
:10408000C0F2810000F58030086000BF00BF00BFB3
:10409000DAF800004000FBD44FF4C050CAF83800F2
:1040A00042F21200CAF80400DAF804004000FBD51E
:1040B0000298DAF81C1000EB8B004160DAF81C1053
:1040C0008160DAF81C10C160DAF81C10016142F25C
:1040D000000147F61C40C0F26001CAF8FC01CAF8B2
:1040E00038100020CAF8540003B0BDE8F08FD4D4D3
:1040F000B0B541F2004241F6C173C4F23B0248F24E
:10410000071410F1210F4FF4E06C536441F62403BF
:10411000C4F23B03C0F60004C3F808C01C6088BFAB
:10412000B0BD40F2210C00F12003C0F2C10C4FF4ED
:10413000C05E00BF00BF00BF546CB4F1FF3FFBDCAA
:1041400001EB800451F82050156265681562A5687E
:104150001562E568156200BF556CB5F1FF3FFBDCE9
:104160002569156265691562A5691562E4691462BD
:10417000C2F800C000BF00BF54686400FCD408301F
:10418000C2F83CE09842D7D3B0BDD4D4D4D4D4D470
:10419000B0B541F2004243F6C173C4F23B0248F2AB
:1041A000071410F1410F4FF4706C536441F624036F
:1041B000C4F23B03C0F60004C3F808C01C6088BF0B
:1041C000B0BD40F2210C00F14003C0F2C10C4FF42D
:1041D000C05E00BF00BF00BF546CB4F1FF3FFBDC0A
:1041E00001EB800451F82050156265681562A568DE
:1041F0001562E568156200BF556CB5F1FF3FFBDC49
:104200002569156265691562A5691562E46914621C
:10421000C2F800C000BF00BF54686400FCD408307E
:10422000C2F83CE09842D7D3B0BDD4D4D4D4D4D4CF
:104230002DE9F04141F6242741F22044C4F23B0726
:10424000984615460E4640F2F511C4F23B04C0F6FE
:104250000721396000BF00BF616AB1F1FF3FFBDC9D
:10426000F7F790F820603046F7F78CF82060284682
:10427000F7F788F820604046F7F784F8206000BF21
:104280007868C003FCD4BDE8F081D4D4D4D4D4D4AD
:104290002DE9F04141F6242741F22044C4F23B07C6
:1042A000984615460E4640F2E511C4F23B04C0F6AE
:1042B0000721396000BF00BF616AB1F1FF3FFBDC3D
:1042C000F7F760F820603046F7F75CF82060284682
:1042D000F7F758F820604046F7F754F8206000BF21
:1042E00078688003FCD4BDE8F081D4D4D4D4D4D48D
:1042F000F0B581B00E4641F62421C4F23B0141F2F3
:1043000020471C46154640F2D512C4F23B07C0F6C2
:1043100007220A6000BF00BF796AB1F1FF3FFBDCF2
:10432000F7F730F838603046F7F72CF83860284651
:10433000F7F728F838602046F7F724F8386001B01E
:10434000F0BDD4D4D4D4D4D4F0B581B041F6242572
:1043500041F20044C4F23B05C4F23B0440F604566B
:1043600040F2A220C0F233766064A6F58070286027
:10437000606CB0F1FF3FFBDC0020F7F703F8206230
:104380002E6000BF00BF00BF606CB0F1FF3FFBDCE0
:104390000020F6F7F7FF20622E6000BF00BF00BFCD
:1043A000606CB0F1FF3FFBDC652711260020C0F6F2
:1043B0000007C0F28206F6F7E5FF20622F60266054
:1043C00060684000FCD474214FF4C050E063A22028
:1043D000C0F2336160642960606CB0F1FF3FFBDCC8
:1043E0000020F6F7CFFF206207F15000286026601A
:1043F00060684000FCD44FF4C050E06301B0F0BDF1
:104400002DE9F04381B041F2044441F2000540F24D
:10441000E020C4F23B04C4F23B0540F20008052151
:10442000C8F20100C1F2A878C0F20301C4F800800C
:10443000C4F80402C5F8001422685200FCD4052216
:104440004FF4C053C0F24332A363C5F8002400BF49
:1044500023685B00FCD44FF4C053A36308F1F463FA
:1044600023602030C4F80402C5F8001400BF00BF68
:1044700020684000FCD44FF4C050A063C5F800246D
:1044800020684000FCD440F209094FF4C050C1F24A
:104490001119A06309F1010640F63800686140F681
:1044A000D870A8614FF4656028626E604FF001100B
:1044B000286000BF00BF00BF2868C007FCD14FF4D0
:1044C0002100A06343F2190048F6A3314EF20E22F8
:1044D0004AF69373C7F60630C2F2A251C9F2B0127F
:1044E000C8F21063FFF7A4FE4FF48007A763A06B28
:1044F00040F6F8214002C3F60001C4F8FC114FF069
:104500008001C4F804124FF41810A06338D44CF2A0
:104510004B2044F2F7314AF69C124BF2BA63CEF6C6
:10452000F420CAF25331C0F23222CBF6D263FFF745
:104530007FFEA763A06B40025AD440F6D870686132
:1045400040F63800A86128626E604FF001102860C4
:104550002868C007FCD14DF6E060C4F8FC0146F2C3
:10456000901040F29F714DF6A27246F6EC03C8F22D
:10457000CA00C6F28011CBF6A842C3F2103372E033
:104580004AF22C5043F6613144F6B67249F26E732A
:10459000C1F25940CAF2B921CFF26652C9F2AD5305
:1045A000FFF746FEA76340F63801A06B6961400241
:1045B00040F6D872AA6129623AD46E604FF00110B9
:1045C000286000BF00BF00BF2868C007FCD14BF6C1
:1045D0003D604DF2587148F2841247F2D753CEF63F
:1045E000AF00C6F6AA01CCF2E102CAF67E033AE0B9
:1045F00040F63800686140F6D871A9612862C5F8B4
:1046000004904FF0011028602868C007FCD149F2DF
:1046100065204AF6FA6140F2EB6243F2B643CAF211
:104620002720CDF23611C4F2BD02CCF26E731AE02F
:10463000C5F804904FF00110286000BF00BF00BF14
:104640002868C007FCD14BF267004DF6B63143F63F
:104650001E1243F6D733C4F24F50CDF68B51CDF234
:104660001F62C5F6D633FFF713FE052040F2E021A6
:10467000C0F2C000C4F80080C8F20111C4F80412EE
:10468000C5F8000400BF00BF21684900FCD44FF406
:10469000C051A16300F51020C5F8000400BF00BFA1
:1046A00020684000FCD442F200014FF4C050A063E7
:1046B00047F61D40C0F26001C4F8FC01A163002070
:1046C000606501B0BDE8F0832DE9F04741F2044494
:1046D00041F2000540F2E028C4F23B04C4F23B057D
:1046E00040F200090520C8F20108C1F2A879C0F221
:1046F0000300C4F80090C4F80482C5F8000400BFA9
:1047000021684900FCD405214FF4C052C0F2433166
:10471000A263C5F8001400BF22685200FCD44FF415
:10472000C052A26309F1F462226008F12002C4F8C9
:104730000422C5F8000400BF20684000FCD44FF4F8
:10474000C050A063C5F8001420684000FCD440F2BB
:10475000090A4FF4C050C1F2111AA0630AF101070F
:1047600040F63800686140F6D870A8614FF4656083
:1047700028626F604FF00110286000BF00BF00BFCB
:104780002868C007FCD14FF42100A0634BF6E85025
:1047900040F274514BF2F61248F28A03C5F6CA5041
:1047A000C9F6EF51CCF2BD22C6F2EB03FFF740FD94
:1047B0004FF48006A663A06B40F6F8214002C3F6D2
:1047C0000001C4F8FC114FF08001C4F804124FF44A
:1047D0001810A06338D44FF2D5504CF2731140F644
:1047E000256243F2AB33C7F2FD30C6F2AD51C1F2E0
:1047F0009E32C4F26D13FFF71BFDA663A06B40024F
:104800005AD440F63800686140F6D871A961286230
:10481000C5F804A04FF00110286000BF00BF00BF22
:104820002868C007FCD14BF2ED104FF6B10149F6F4
:104830005B1248F63453C0F24E30CAF2A421C6F6D9
:104840004052C3F28E4372E0E4204AF6AA5149F680
:10485000826241F26123C6F2B740C8F6D671C6F251
:10486000B662C5F20B13FFF7E3FCA66340F638010E
:10487000A06B6961400240F6D872AA6129623ED4F9
:10488000C5F804A04FF00110286000BF00BF00BFB2
:104890002868C007FCD148F24B4045F6307149F218
:1048A000003242F6BA63CDF2D560C0F25761CCF265
:1048B0009902C3F618733AE040F6D870686140F682
:1048C0003800A86128626F604FF00110286000BFB7
:1048D0002868C007FCD14DF6E060C4F8FC0145F63D
:1048E000A230D6214BF63C224CF2B603CFF6432041
:1048F000CEF6D001C0F69602C8F60E6317E06F60E0
:104900004FF00110286000BF2868C007FCD14CF6AA
:10491000CA004DF2647141F2403243F28103C3F2A6
:104920009D10C5F66111CDF63552C6F6A863FFF7A6
:10493000AFFC0520C4F80090C0F2C00008F18071FF
:10494000C4F80412C5F8000421684900FCD44FF4EF
:10495000C051A16300F51020C5F8000400BF00BFDE
:1049600020684000FCD442F200014FF4C050A06324
:1049700047F61D40C0F26001C4F8FC01A1630020AD
:104980006065BDE8F087D4D42DE9F04741F20444D6
:1049900041F2000540F2E029C4F23B04C4F23B05B9
:1049A00040F200080520C8F20109C1F22878C0F2DF
:1049B0000300C4F80080C4F80492C5F8000400BFE6
:1049C00021684900FCD405214FF4C052C0F24331A4
:1049D000A263C5F8001400BF22685200FCD44FF453
:1049E000C052A2630022C1F6C862226009F120020F
:1049F000C4F80422C5F8000420684000FCD44FF439
:104A0000C050A063C5F8001420684000FCD440F2F8
:104A1000090A4FF4C050C2F2211AA0630AF101063C
:104A200040F63800686140F6D870A8614FF46560C0
:104A300028626E604FF00110286000BF00BF00BF09
:104A40002868C007FCD14FF42100A06342F6910012
:104A500040F22D414AF2B60249F2B813CEF6B370D5
:104A6000C7F6A401C9F21272CDF20D13FFF7E0FBF5
:104A70004FF48007A763A06B40F6F8214002C3F60D
:104A80000001C4F8FC114FF08001C4F804124FF487
:104A90001810A06338D444F68E1048F6644145F2ED
:104AA000C9324EF2F743C4F63460C1F2AB11CDF611
:104AB0001562C5F63E23FFF7BBFBA763A06B400260
:104AC0005AD440F6D870686140F63800A861286270
:104AD0006E604FF0011028602868C007FCD14DF6C9
:104AE000E060C4F8FC0142F643104FF6C07144F692
:104AF000DC224DF2B203CBF69C40C6F63321C7F25E
:104B00007442CFF26E636EE048F26F5041F2FB01E7
:104B10004BF2F73243F6BE23C7F21450C5F65111DB
:104B2000CBF23E22C1F68E03FFF782FBA76340F66D
:104B30003801A06B6961400240F6D872AA6129620F
:104B400039D46E604FF00110286000BF00BF00BF75
:104B50002868C007FCD149F2E72044F28E514FF695
:104B6000C52243F60B03C3F6E470C2F2B551CDF291
:104B7000CA72C2F6893336E040F63800686140F602
:104B8000D871A9612862C5F804A04FF0011028600F
:104B90002868C007FCD145F2151046F22121C62233
:104BA00049F6FB23CBF6B870C0F2BA51C8F6CD2255
:104BB000C3F6022317E0C5F804A04FF001102860E7
:104BC0002868C007FCD148F6C5704DF6366144F63A
:104BD0006F024DF64C03CDF6E760CBF63201CCF612
:104BE0008012C3F62B63FFF753FB0520C4F8008047
:104BF000C0F2C00009F18071C4F80412C5F80004C5
:104C000021684900FCD44FF4C051A16300F5102085
:104C1000C5F8000400BF00BF20684000FCD442F289
:104C200000014FF4C050A06347F61D40C0F2600180
:104C3000C4F8FC01A16300206065BDE8F087D4D40E
:104C40002DE9F04741F2044441F2000540F2E02929
:104C5000C4F23B04C4F23B0540F200080520C8F250
:104C60000109C1F22878C0F20300C4F80080C4F83A
:104C70000492C5F8000400BF21684900FCD4052156
:104C80004FF4C052C0F24331A263C5F8001400BF14
:104C900022685200FCD44FF4C052A2630022C1F635
:104CA000C862226009F12002C4F80422C5F8000499
:104CB00020684000FCD44FF4C050A063C5F8001435
:104CC00020684000FCD440F2090A4FF4C050C2F200
:104CD000211AA0630AF1010640F63800686140F627
:104CE000D870A8614FF4656028626E604FF00110C3
:104CF000286000BF00BF00BF2868C007FCD14FF488
:104D00002100A06345F2350046F2A14144F2FC5275
:104D100049F2D333C0F22910CDF6B661C9F215625B
:104D2000CBF69703FFF784FA4FF48007A763A06BD5
:104D300040F6F8214002C3F60001C4F8FC114FF020
:104D40008001C4F804124FF41810A06338D44FF255
:104D50005D204AF605214FF693724CF25663CBF66E
:104D60004E10CBF63531CAF61822C3F6D343FFF7FF
:104D70005FFAA763A06B40025AD440F6380068611E
:104D800040F6D871A9612862C5F804A04FF001105F
:104D9000286000BF00BF00BF2868C007FCD14CF2EC
:104DA000604044F2597144F6841246F24C63C9F2F1
:104DB000EF40CAF62641CAF21042CDF6A87372E05F
:104DC00045F216604BF6B46146F2784243F69433EE
:104DD000C6F22700CFF6D101CEF26012C0F2D8732E
:104DE000FFF726FAA76340F63801A06B696140021D
:104DF00040F6D872AA6129623ED4C5F804A04FF0EB
:104E00000110286000BF00BF2868C007FCD14EF623
:104E1000F2104DF2497148F2932245F24113CAF65D
:104E2000A370C2F68811C9F25142C9F660033AE094
:104E300040F6D870686140F63800A86128626E605C
:104E40004FF00110286000BF2868C007FCD14DF664
:104E5000E060C4F8FC014BF6573044F288514AF246
:104E6000CB524AF22323CFF6F940C5F6C831CEF62D
:104E70009752CBF61A4316E06E604FF0011028608F
:104E80002868C007FCD145F206504FF2043141F2C8
:104E9000490246F69543C1F6DD20CFF2A241C7F2A2
:104EA0008E52C4F20A03FFF7F3F90520C4F800801C
:104EB000C0F2C00009F18071C4F80412C5F8000402
:104EC00021684900FCD44FF4C051A16300F51020C3
:104ED000C5F8000400BF00BF20684000FCD442F2C7
:104EE00000014FF4C050A06347F61D40C0F26001BE
:104EF000C4F8FC01A16300206065BDE8F087D4D44C
:104F000070B541F23C4440F60040C4F23B04C3F6A5
:104F1000000048F219414DF25C42C4F8C4018020FF
:104F2000C4F8CC014FF4181020604EF6471040F240
:104F3000BC5341F200050A26C3F61970C4F21B6186
:104F4000CDF21F02C8F2CF63C4F23B05C0F20446A3
:104F5000FFF76EF94FF4800020602068400243D4D0
:104F60004FF4906068614FF43160A8614FF4EA60DB
:104F700028626E604FF00110286000BF00BF00BFC4
:104F80002868C007FCD14FF49A6068614FF4316023
:104F9000A8614FF4F46028626E604FF00110286041
:104FA0002868C007FCD14FF4A46068614FF43160F9
:104FB000A8614FF4FE6028626E604FF00110286017
:104FC0002868C007FCD148F2C87040F2325148F25C
:104FD000B13242F27923C1F26420C9F2E361C4F232
:104FE0001602C2F6741342E04FF4366068614FF463
:104FF0003160A8614FF4EA6028626E604FF00110E2
:10500000286000BF00BF00BF2868C007FCD14FF474
:105010003B6068614FF43160A8614FF4F46028622E
:105020006E604FF0011028602868C007FCD14FF473
:10503000406068614FF43160A8614FF4FE602862FF
:105040006E604FF0011028602868C007FCD149F657
:1050500068404FF23B6147F2EB324BF29253C0F2A1
:10506000E410CDF66E41C3F23962C7F6EC53FFF798
:105070000FF942F2000147F61D40C0F26001C4F88A
:10508000C40121600020E06170BDD4D4D4D4D4D454
:1050900041F200000221C4F23B00C0F2044101F1E0
:1050A000030C4FF4CC6242614FF4D66282617022ED
:1050B000C2614FF42C62026208220261C0F804C08F
:1050C0004FF00113036000BF0368DB07FCD14FF40E
:1050D0002C6343614FF4346383614FF4287303629C
:1050E00001F1080343604FF00112026000BF00BFEE
:1050F0000268D207FCD14FF4287242614FF42C624F
:1051000082617022C2614FF414720262082202614D
:1051100041604FF0011202600268D207FCD14FF4E7
:10512000CC6242614FF4316282614FF42C620262C0
:1051300043604FF0011202600268D207FCD14FF4C5
:10514000CC6242614FF42C6282617022C2614FF4E2
:10515000287202620822026141604FF0011202606F
:105160000268D207FCD14FF4D66242614FF431623B
:1051700082614FF42C62026243604FF001120260C0
:105180000268D207FCD14FF4D66242614FF42C6220
:1051900082617022C2614FF43C7202620822026195
:1051A00041604FF0011202600268D207FCD14FF457
:1051B000887242614FF4287282617022C2614FF49A
:1051C000507202620822026141604FF001120260D7
:1051D0000268D207FCD14FF4507242614FF43C7226
:1051E00082617022C2614FF464720262082202611D
:1051F000C0F804C04FF00112026000BF00BF00BF42
:105200000268D207FCD14FF4E06242614FF4316290
:1052100082614FF42C62026243604FF0011202601F
:105220000268D207FCD14FF4E06242614FF42C6275
:1052300082617022C2614FF47872026208220261B8
:1052400041604FF0011202600268D207FCD14FF4B6
:10525000647242614FF4787282617022C2614FF4CD
:10526000AE620262082202610A1D42604FF0011321
:10527000036000BF00BF00BF0368DB07FCD14FF431
:10528000AE6343614FF4787383617023C3614FF45D
:10529000B86303620823036142604FF001130360A7
:1052A0000368DB07FCD14FF4647343614FF4B863C8
:1052B00083617023C3614FF4C263036208230361F7
:1052C00041604FF0011303600368DB07FCD14FF42A
:1052D000147343614FF4287383617023C3614FF4E7
:1052E000787303620823036142604FF00113036087
:1052F0000368DB07FCD14FF4787343614FF43C73D0
:1053000083617023C3614FF4147303620823036144
:1053100042604FF0011303600368DB07FCD14FF4D8
:10532000147343614FF4B86383617023C3614FF416
:10533000AE6303620823036141604FF00113036011
:105340000368DB07FCD14FF4507343614FF43C73A7
:1053500083617023C3614FF4787303620823036190
:1053600042604FF0011202600268D207FCD14FF494
:10537000647242614FF4787282617022C2614FF4AC
:10538000B86202620822026141604FF001110160BF
:105390000168C907FCD1704741F200000221C4F244
:1053A0003B00C0F204414FF4C26242614FF4FE621E
:1053B00082617022C2614FF414720262082202619B
:1053C00041604FF0011202600268D207FCD14FF435
:1053D000147242614FF4346282614FF42C620262B3
:1053E00001F1080242604FF00112026000BF00BFED
:1053F0000268D207FCD14FF4147242614FF42C6260
:1054000082617022C2614FF4E0620262082202618E
:1054100041604FF0011202600268D207FCD14FF4E4
:10542000AE6242614FF4EA6282617022C2614FF45F
:105430003C7202620822026141604FF00112026078
:105440000268D207FCD14FF4B86242614FF4F462B3
:1054500082617022C2614FF45072026208220261BE
:1054600041604FF0011202600268D207FCD14FF494
:10547000B07242614FF43C7282617022C2614FF49B
:10548000647202620822026141604FF00112026000
:105490000268D207FCD14FF4647242614FF450723B
:1054A00082617022C2614FF4287202620822026196
:1054B00041604FF0011202600268D207FCD101F195
:1054C000040C4FF4E06242614FF428728261702252
:1054D000C2614FF46472026208220261C0F804C023
:1054E0004FF00113036000BF0368DB07FCD14FF4EA
:1054F000E06343614FF4287383617023C3614FF409
:105500007873036208230361CB1C43604FF00112E0
:10551000026000BF00BF00BF0268D207FCD14FF499
:10552000647242614FF4787282617022C2614FF4FA
:10553000E06202620822026141604FF001120260E3
:105540000268D207FCD14FF4147242614FF47872B2
:1055500082617022C2614FF4CC6202620822026151
:1055600041604FF0011202600268D207FCD14FF493
:10557000887242614FF43C7282617022C2614FF4C2
:10558000287202620822026141604FF0011202603B
:105590000268D207FCD14FF4507242614FF4287276
:1055A00082617022C2614FF4787202620822026145
:1055B000C0F804C04FF00112026000BF00BF00BF7E
:1055C0000268D207FCD14FF4CC6242614FF478728A
:1055D00082617022C2614FF4D662026208220261C7
:1055E00041604FF0011202600268D207FCD14FF413
:1055F000147242614FF4647282617022C2614FF48E
:10560000287202620822026141604FF001120260BA
:105610000268D207FCD14FF4AE6242614FF4B86227
:1056200082617022C2614FF4147202620822026128
:1056300043604FF0011202600268D207FCD14FF4C0
:10564000EA6242614FF4F46282617022C2614FF4F7
:10565000647202620822026143604FF0011202602C
:105660000268D207FCD14FF4147242614FF46472A5
:1056700082617022C2614FF4787202620822026174
:1056800041604FF0011202600268D207FCD14FF472
:10569000787242614FF43C7282617022C2614FF4B1
:1056A0001472026208220261C0F804C04FF00112B5
:1056B000026000BF00BF00BF0268D207FCD14FF4F8
:1056C000147242614FF4507282617022C2614FF4D1
:1056D0006472026208220261C0F804C04FF0011235
:1056E000026000BF00BF00BF0268D207FCD14FF4C8
:1056F000287242614FF4647282617022C2614FF479
:10570000CC6202620822026141604FF00111016027
:105710000168C907FCD1704741F2006046F6FF728C
:10572000C4F23B00C0F2020243F2E87102F53F33DB
:1057300001600360026043F61F020260016043F2F1
:10574000C171016040F6E171016042F6DF31016034
:1057500044F21E4101604FF4E841016040F61341FC
:1057600001607047D4D4D4D42DE9F04381B041F620
:10577000242641F20045C4F23B0604464420C4F20C
:105780003B05C4F607203060686CB0F1FF3FFBDCDE
:105790000020F5F7F7FD40F2C4412862C0F607612A
:1057A000316000BF00BF00BF686CB0F1FF3FFBDCA1
:1057B00047F23A1040F20008C0F29C10C1F25008C3
:1057C000F5F7E0FD49F607512862C5F8048043F279
:1057D000C23068644FF44060CFF20471B060316051
:1057E000686CB0F1FF3FFBDC206D2862606D2862C1
:1057F000A06D2862E06D2862686CB0F1FF3FFBDCB1
:10580000206E2862606E2862A06E28622120E16E00
:10581000C0F2C2002962286069684900FCD44FF4D4
:10582000C051E9634FF08551696000BF00BF00BF00
:10583000696CB1F1FF3FFBDC216F2962616F296266
:10584000A16F2962E16F2962696CB1F1FF3FFBDC56
:10585000D4F880102962D4F884102962D4F8881012
:105860002962D4F88C102962286000BF00BF00BFF5
:1058700069684900FCD44FF4C051E9634FF08F517F
:10588000696000BF00BF00BF696CB1F1FF3FFBDC86
:10589000D4F890102962D4F894102962D4F89810A2
:1058A0002962D4F89C102962696CB1F1FF3FFBDCDE
:1058B000D4F8A0102962D4F8A4102962D4F8A81052
:1058C0002962D4F8AC102962286000BF00BF00BF75
:1058D00069684900FCD44FF4C051E9634FF080512E
:1058E000696000BF00BF00BF696CB1F1FF3FFBDC26
:1058F00040F21109D4F8B0102962C0F28209D4F83C
:10590000B4102962D4F8B810296209F58007D4F8D8
:10591000BC1029622F6000BF69684900FCD44FF4B5
:10592000C051E96308F1A071696000BF00BF00BF0A
:10593000696CB1F1FF3FFBDCD4F8C0102962D4F8E8
:10594000C4102962D4F8C8102962D4F8CC10296296
:10595000696CB1F1FF3FFBDCD4F8D0102962D4F8B8
:10596000D4102962D4F8D8102962D4F8DC10296246
:10597000286000BF00BF00BF69684900FCD44FF435
:10598000C051E96308F52001696000BF00BF00BF96
:10599000696CB1F1FF3FFBDCD4F8E0102962D4F868
:1059A000E4102962D4F8E8102962D4F8EC102962D6
:1059B000696CB1F1FF3FFBDCD4F8F0102962D4F838
:1059C000F4102962D4F8F8102962D4F8FC10296286
:1059D000286000BF00BF00BF69684900FCD44FF4D5
:1059E000C051E9634FF08A51696000BF00BF00BF3A
:1059F000696CB1F1FF3FFBDCD4F800112962D4F8E7
:105A000004112962D4F808112962D4F80C11296212
:105A1000696CB1F1FF3FFBDCD4F810112962D4F8B6
:105A200014112962D4F818112962D4F81C112962C2
:105A3000286000BF00BF00BF68684000FCD440F68B
:105A400005514FF4C050C0F20471E863316000BFEB
:105A5000686CB0F1FF3FFBDCD4F820012862D4F879
:105A600024012862D4F828012862D4F82C01286285
:105A70000520C8F610403060C5F8009000BF00BF98
:105A800068684000FCD440F204114FF4C050E86351
:105A900008F12A606860A220C0F6000168643160E5
:105AA000686CB0F1FF3FFBDC0020F5F76BFC28626F
:105AB00009F57810286000BF68684000FCD44FF4F6
:105AC000C050E8632F6000BF68684000FCD44FF40A
:105AD000C050E86301B0BDE8F08341F258400021B6
:105AE000C4F23B0040F84C1C01600160016070474B
:105AF0002DE9F04741F20045C4F23B05D5F8BC1052
:105B0000C9061CBF4FF00110BDE8F08741F62426FE
:105B10000446C4F23B060120C0F2070045F6655179
:105B2000C6F8DC000020E8644BF601104FF69B52EB
:105B300042F62F5340F20418C2F6BC40C0F25C712A
:105B4000CDF61342C3F2E543C0F62048FEF770FBE2
:105B5000FEF7FAFBA2206864C6F8008000BF00BF11
:105B6000686CB0F1FF3FFBDC40F2000A40F205092F
:105B70000020C8F2010AC0F24239F5F703FC28629E
:105B8000C5F808A2C5F8009068684000FCD40D2153
:105B90004FF4C050C0F20201E863296000BF00BFAB
:105BA00068684000FCD40AF568774FF4C050E86399
:105BB00043F2E040C5F80002A7206864C5F8087207
:105BC000686CB0F1FF3FFBDC0720F5F7DBFB2862D8
:105BD0000020A86543F25E4047F6432143F66A423F
:105BE00042F68923CAF66A10C6F6F651CAF26C224A
:105BF000C1F69E53FEF74CFBF5F73EFF4BF2E0403B
:105C0000C5F800020520C5F80002A7206864C5F8A1
:105C1000087200BF00BF00BF686CB0F1FF3FFBDC43
:105C20000720F5F7AFFB28620020A86545F2C650B3
:105C300044F26E1147F22A424DF24813C6F2D510D3
:105C4000C1F2A941CEF26632CDF2F253FEF720FB4B
:105C5000F6F76AF84FF6063049F2154143F267123B
:105C60004DF6AE73C7F29430CFF6BC11C0F23422B9
:105C7000C4F6C443FEF7DCFA0AF18070C5F80802E6
:105C800045F20600A86000BFA8684000FCD5286A5D
:105C900020604DF2A47048F6315143F2B40248F24C
:105CA000B513C4F67570C0F6DD31C8F63152CDF6C5
:105CB000C743FEF7BDFAFEF747FBA2206864C6F8AB
:105CC000008000BF00BF00BF686CB0F1FF3FFBDC8D
:105CD0000020F5F757FB28620AF54030C5F80802A6
:105CE00009F10C00286000BF68684000FCD449F648
:105CF00045514FF4C050E8634FF08040CEF2007140
:105D0000B060316000201121C8F20410C0F2890196
:105D1000C5F80802296000BF68684000FCD44FF451
:105D2000C050E8634DF614704DF2F53148F2C77279
:105D30004CF65E73C9F26540CAF60D71C1F66C127D
:105D4000CDF69F53FEF774FA48F2051140F2A230E7
:105D500068644FF08040C0F61011B060316000BF41
:105D6000686CB0F1FF3FFBDC0020F5F70BFB28620D
:105D70000020F5F707FB28620020F5F703FB2862F7
:105D80000120F5F7FFFA286242F22200A86000BF66
:105D9000A8684000FCD5286A6060286AA060286A6C
:105DA000E060286A206100BFA8684000FCD5286A2E
:105DB0006061286AA061286AE061286A20624BF26B
:105DC000DD2048F6712149F681724FF67523C9F23C
:105DD000D830C3F64641C9F24432C9F2C003FEF7D7
:105DE00087FA4020C5F8BC00E86AC004FCD4002053
:105DF000BDE8F087D4D4D4D42DE9F04741F2004572
:105E0000C4F23B05D5F8BC10C9061CBF4FF0011009
:105E1000BDE8F08741F624260446C4F23B06012083
:105E2000C0F2080042F2A921C6F8DC000020E864B4
:105E300045F2B2304DF28A6248F6BE4340F2041990
:105E4000C7F2E560C4F2C371C2F6D942C5F6705319
:105E5000C0F62049FEF7ECF9FEF776FAA220686456
:105E6000C6F8009000BF00BF686CB0F1FF3FFBDCDC
:105E700040F2000A40F205080020C8F2010AC0F210
:105E80004238F5F77FFA2862C5F808A2C5F8008005
:105E900068684000FCD40D214FF4C050C0F20201EC
:105EA000E863296000BF00BF68684000FCD40AF5C1
:105EB00068774FF4C050E86343F2E040C5F8000251
:105EC000A7206864C5F80872686CB0F1FF3FFBDC7E
:105ED0000820F5F757FA28620020A86540F62B1035
:105EE0004BF278314EF23D5241F21F33C9F63A007F
:105EF000C0F22341CEF69C22C8F2BE73FEF7C8F969
:105F0000F5F7BAFD4BF2E040C5F800020720C5F8EE
:105F10000002A7206864C5F8087200BF00BF00BF78
:105F2000686CB0F1FF3FFBDC0820F5F72BFA286224
:105F30000020A8654EF25C7044F237314BF6301207
:105F400040F25573CAF68220C5F23111C3F289229C
:105F5000C3F23423FEF79CF9F5F7E6FE49F2C310CD
:105F600043F64C1147F2817247F6EA63C5F2B95025
:105F7000C3F29001C6F28712CDF2A363FEF758F97F
:105F80000AF18070C5F8080245F20600A86000BF5B
:105F9000A8684000FCD5286A206048F645604BF2AE
:105FA000EF014AF6E41247F29313C7F23C10C9F628
:105FB0006421C6F63922C7F29E23FEF739F9FEF7AF
:105FC000C3F9A2206864C6F8009000BF00BF00BFFC
:105FD000686CB0F1FF3FFBDC0020F5F7D3F908F166
:105FE0000C0728620AF5E020C5F808022F6000BF00
:105FF00068684000FCD44FF4C050E86345F2A770D5
:1060000044F2CB214DF6A3324BF69703C9F2590067
:10601000C0F67C11C2F21B72C1F20053FEF708F900
:10602000FEF792F9A2206864C6F8009000BF00BF96
:10603000686CB0F1FF3FFBDC0020F5F7A3F92862A4
:106040002F6000BF00BF00BF68684000FCD44FF461
:10605000C050E86347F6B87044F6C66144F27D224A
:106060004EF25513C4F22A30CEF61541CAF6075245
:10607000C0F27343FEF7DCF840F2001049F64751D6
:10608000C4F20000CEF20071B06031600020212126
:10609000C8F20810C0F28901C5F80802296000BFE3
:1060A00068684000FCD448F205114FF4C050E86322
:1060B00040F2A23068644FF08040C0F61011B0602A
:1060C000316000BF00BF00BF686CB0F1FF3FFBDC78
:1060D0000020F5F757F928620020F5F753F92862F8
:1060E0000020F5F74FF928620220F5F74BF92862F6
:1060F00042F23200A86000BFA8684000FCD5286AC0
:106100006060286AA060286AE060286A206100BF99
:10611000A8684000FCD5286A6061286AA061286AE6
:10612000E061286A206200BFA8684000FCD5286AA8
:106130006062286AA062286AE062286A20634CF6DE
:1061400054304FF2E97147F2A41248F22703C4F623
:106150002D20C9F25411CFF2A222C3F6F823FEF784
:10616000C7F84020C5F8BC00E86AC004FCD4002091
:10617000BDE8F087D4D4D4D42DE9F04F81B041F2FA
:106180000045C4F23B05D5F8BC10C90602D04FF05B
:106190000110BDE141F624260446C4F23B0601206D
:1061A000C0F215004EF26311C6F8DC000020E8646E
:1061B0004AF6F23046F216424CF63F4340F20419DA
:1061C000C5F2E120C6F2D011C5F25172C8F2AA039D
:1061D000C0F62049FEF72CF8FEF7B6F8A220686456
:1061E000C6F8009000BF00BF686CB0F1FF3FFBDC59
:1061F00040F2000B40F205080020C8F2010BC0F28B
:106200004238F5F7BFF82862C5F808B2C5F8008033
:1062100068684000FCD40D214FF4C050C0F2020168
:10622000E863296000BF00BF68684000FCD40BF53C
:1062300068774FF4C050E86343F2E040C5F80002CD
:10624000A7206864C5F80872686CB0F1FF3FFBDCFA
:106250001520F5F797F828620020A86547F69150B9
:1062600045F214514AF2141243F20413C1F6DA3023
:10627000CFF64151CEF27242C2F2ED23FEF708F89A
:10628000F5F7FAFB4BF2E040C5F800020620C5F82E
:106290000002A7206864C5F8087200BF00BF00BFF5
:1062A000686CB0F1FF3FFBDC40F2000A1520C8F239
:1062B000011AF5F767F828620020A86540F21A2055
:1062C00046F22F414CF29D0240F69D13C6F68260C5
:1062D000C4F6E911C4F2E112CDF21823FDF7D8FF9C
:1062E000F5F722FD46F298304BF21B314EF29A42FE
:1062F00042F2C943CCF67960C5F64D61C0F26842FE
:10630000C5F61B73FDF794FFC5F808A245F2060019
:10631000A86000BF00BF00BFA8684000FCD5286A85
:10632000206042F6543048F23A6145F2370243F2B7
:106330005823C7F6B970C1F2A851C0F2F042CCF6AA
:106340008823FDF775FFFDF7FFFFA2206864C6F8FC
:10635000009000BF00BF00BF686CB0F1FF3FFBDCE6
:106360000020F5F70FF808F10C0728620BF5E02084
:10637000C5F808022F6000BF68684000FCD44FF4E5
:10638000C050E86348F2950049F6F26140F21462A9
:1063900043F24933C2F6A310C8F69101CBF68A3214
:1063A000C1F63D13FDF744FFFDF7CEFFA220686460
:1063B000C6F8009000BF00BF686CB0F1FF3FFBDC87
:1063C0000020F4F7DFFF28622F6000BF00BF00BF8E
:1063D00068684000FCD44FF4C050E86343F2B44016
:1063E00043F20F2141F6990242F63773CAF2C40014
:1063F000CEF6BA21CDF26562CDF69863FDF718FFAF
:1064000040F2001049F64751C4F20000CEF200718C
:10641000B060316019210AF5A020C0F28901C5F8E9
:106420000802296000BF00BF68684000FCD4092151
:106430004FF4C050C0F28001E863296000BF00BF84
:1064400068684000FCD448F205114FF4C050E8637E
:1064500040F2A23068644FF08040C0F61011B06086
:10646000316000BF00BF00BF686CB0F1FF3FFBDCD4
:106470000020F4F787FF28620020F4F783FF2862EA
:106480000020F4F77FFF28620220F4F77BFF2862E8
:1064900042F23200A86000BFA8684000FCD5286A1C
:1064A0006060286AA060286AE060286A206100BFF6
:1064B000A8684000FCD5286A6061286AA061286A43
:1064C000E061286A206200BFA8684000FCD5286A05
:1064D0006062286AA062286AE062286A206343F644
:1064E0001F7041F6560143F2713243F23543CCF24C
:1064F000C220C7F24E21C4F6DE22CBF6B503FDF76B
:10650000F7FE4020C5F8BC00E86AC004FCD40020B7
:1065100001B0BDE8F08FD4D42DE9F04F83B041F243
:106520000449C4F23B09D9F8B870FF0603D04FF014
:10653000011000F0EDBC9346074641F6003041F2F1
:10654000000240F2A034C4F23B00C4F23B021E46FB
:106550000D46C8F201040121C0F21B0101600020B8
:10656000C9F848004FF48030106040F6C80050620F
:10657000C720C9F84000A4F53070C9F8040200BF74
:10658000D9F84000B0F1FF3FFADC3868C9F81C00C8
:106590000020C9F85400A720C9F84000C9F80442F7
:1065A000D9F84000B0F1FF3FFADC1B20F4F7EAFE17
:1065B000C9F81C000020C9F854004AF2412045F2F5
:1065C000A72143F60A5246F6A603C7F2A940CAF627
:1065D0002F51CCF21152CAF28953FDF759FEF5F74B
:1065E0004BFA4BF2E040C9F8FC012720C9F8FC0146
:1065F000A720C9F84000C9F8044200BF00BF00BF8F
:10660000D9F84000B0F1FF3FFADC1B20F4F7BAFEE6
:10661000C9F81C004AF259604CF29D5146F6AB2273
:106620004BF67A23CCF2F850C9F2A171C8F68E72FB
:10663000CBF65C730024C9F85440FDF729FEF5F74A
:1066400073FB40F2C270C9F8400040F200104FF0F6
:10665000020EC4F20000C9F8280649F60750CFF22E
:106660000070C9F8200600BFD9F84000B0F1FF3F24
:10667000FADC07EB840004244168C9F81C10816827
:10668000C9F81C10C168C9F81C100069C9F81C00C1
:106690000FF017C0029600220D210020C9F8540007
:1066A00041F20000C1F2B042C0F2C201C4F23B00AC
:1066B00002F1A06A0C4601F11408C9F800A0C0F864
:1066C000008400BF00BF00BFD9F800004000FBD429
:1066D00048F605514FF4C050C9F8380040F2C230B6
:1066E000C9F840004FF08040C0F20071C9F8280698
:1066F000C9F8201600BF00BFD9F84000B0F1FF3F35
:10670000FADC786AC9F81C00B86AC9F81C00F86A93
:10671000C9F81C00386BC9F81C0005201121C9F606
:106720001040C9F8200641F20000C0F28201C4F214
:106730003B00C0F8001400BFD9F800004000FBD4B3
:106740004FF4C050C9F838004EF6B82049F236115F
:1067500046F64D3242F65F63C6F6F900C4F6A24132
:10676000C5F2EF22C8F6B553FDF762FD4FF4800085
:10677000C9F83800D9F83800400200F1AB8341F283
:1067800000020021C4F23B020020C0F204414AF69C
:1067900001435060516049F2FE504DF6130146F638
:1067A0006D2248F20716C5F69510CDF6B151CFF619
:1067B0005542CEF27E23C0F60006FDF739FD58465D
:1067C000FEF7D2FF40F2C270C9F840004FF480706B
:1067D000C9F82806C9F820664FF0A350C9F8000090
:1067E000D9F84000B0F1FF3FFADC2868C9F81C0076
:1067F0006868C9F81C00A868C9F81C00A346E868C6
:10680000C9F81C0000BF00BFD9F84000B0F1FF3F3D
:10681000FADC2869C9F81C0041F200046869C9F86B
:106820001C00C4F23B04A869C9F81C00E869C9F857
:106830001C00C4F8008400BFD9F800004000FBD45D
:106840004FF4C050C9F8380040F2C270C9F8400097
:106850004FF48070C9F828060020C9F82066C1F2FC
:10686000B040C9F8000000BFD9F84000B0F1FF3FC8
:10687000FADC286AC9F81C00686AC9F81C00A86A12
:10688000C9F81C00E86AC9F81C0000BF00BF00BFBF
:10689000D9F84000B0F1FF3FFADC286BC9F81C00C2
:1068A000686BC9F81C00A86BC9F81C00E86BC9F834
:1068B0001C00C4F8008400BFD9F800004000FBD4DD
:1068C0004FF4C050C9F8380040F2C270C9F8400017
:1068D0004FF48070C9F82806C9F820664FF0A85018
:1068E000C9F8000000BF00BFD9F84000B0F1FF3F79
:1068F000FADC286CC9F81C00686CC9F81C00A86C8C
:10690000C9F81C00E86CC9F81C0000BF00BF00BF3C
:10691000D9F84000B0F1FF3FFADC286DC9F81C003F
:10692000686DC9F81C00A86DC9F81C00E86DC9F8AD
:106930001C00C4F8008400BFD9F800004000FBD45C
:1069400015254FF4C050C0F2C005C9F8380005F154
:106950000C08082020614FF0B250C9F80000C4F8BC
:10696000008400BF00BF00BFD9F800004000FBD486
:1069700040F204164FF4C050C9F838000020C0F6A9
:106980000006C1F2B04000F1F0700190C9F80000BB
:10699000A220C9F84000C9F8206600BF00BF00BFB0
:1069A000D9F84000B0F1FF3FFADC2620F4F7EAFC0A
:1069B000C9F81C00C4F80054D9F800004000FBD40A
:1069C0004FF4C050C9F83800C4F800B400BF00BF8D
:1069D000D9F800004000FBD405274FF4C050C0F2A6
:1069E0000207C9F83800C4F8007400BF00BF00BF38
:1069F000D9F800004000FBD44FF4C050C9F838006B
:106A00004FF0B750C9F80000A220C9F84000C9F8FB
:106A1000206600BF00BF00BFD9F84000B0F1FF3FC3
:106A2000FADC2620F4F7AEFCC9F81C00C4F80054C8
:106A3000D9F800004000FBD44FF4C050C9F838002A
:106A4000C4F800B400BF00BFD9F800004000FBD478
:106A50004FF4C050C9F83800C4F8007400BF00BF3C
:106A6000D9F800004000FBD44FF4C050C9F83800FA
:106A70004FF0DA50C9F80000C4F8008400BF00BF2E
:106A8000D9F800004000FBD44FF4C050C9F83800DA
:106A90000020C1F2B04000F1DC60C9F80000A22083
:106AA000C9F84000C9F82066D9F84000B0F1FF3FAE
:106AB000FADC2620F4F766FCC9F81C00C4F8005480
:106AC000D9F800004000FBD44FF4C050C9F838009A
:106AD000C4F800B400BF00BFD9F800004000FBD4E8
:106AE0004FF4C050C9F83800C4F8007400BF00BFAC
:106AF000D9F800004000FBD44FF4C050C9F838006A
:106B00004FF0DF50C9F80000A220C9F84000C9F8D2
:106B1000206600BF00BF00BFD9F84000B0F1FF3FC2
:106B2000FADC2620F4F72EFCC9F81C00C4F8005447
:106B3000D9F800004000FBD44FF4C050C9F8380029
:106B4000C4F800B400BF00BFD9F800004000FBD477
:106B50004FF4C050C9F83800C4F8007400BF00BF3B
:106B6000D9F800004000FBD44FF4C050C9F83800F9
:106B7000C9F800A040F6FF30C9F8FC011F20212110
:106B8000C8F28800C0F24331C9F80402C4F8001406
:106B9000D9F800004000FBD44FF4C050C9F83800C9
:106BA00040F60810C9F8FC014FF40060C9F8FC0178
:106BB0004BF22040C9F8FC011F20C9F8FC014BF240
:106BC0006060C9F8FC010120C9F8FC014BF22050BB
:106BD000C9F8FC014FF48070C9F8FC01A720C9F87E
:106BE000400040F2A030C8F20100C9F8040200BF22
:106BF000D9F84000B0F1FF3FFADC1B20F4F7C2FBEC
:106C000042F208144BF2FF754AF2451641F233374F
:106C100044F613184FF4807AC8F63E044FF4345B00
:106C2000CAF64E75C7F28546C4F6B837C0F2B30847
:106C3000C9F81C000020C9F8540000BF00BF00BF05
:106C4000FEF76AFDFEF724FA41F665504EF2D611C2
:106C500046F6EC02C4F20770CFF20571C8F24E227C
:106C60002346FDF715FBFEF74BF9FEF795FB28468B
:106C700031463A464346C9F8FCB1FDF709FBBAF183
:106C8000010ADDD140F609110020C9F85400C0F610
:106C90000001C9F8FC118021C9F804124FF4181141
:106CA000C9F8381042F20001C0F24001C9F83810AA
:106CB000C9F854004EF6DB2040F2825147F69A6242
:106CC00044F2AD332124C4F21430C9F2F831CCF6C9
:106CD000E462C6F6ED33C0F28304FDF7A9FA41F28F
:106CE000000648F20717C4F23B06C0F600074FF053
:106CF000B250C9F800004FF48070C9F82806C9F8EE
:106D00002076C6F8004400BFD9F800004000FBD44C
:106D10004FF4C050C9F8380042F22200C9F804000C
:106D2000029D00BF00BF00BFD9F804004000FBD5A2
:106D3000D9F81C002860D9F81C006860D9F81C003C
:106D4000A860D9F81C00E860D9F804004000FBD521
:106D5000D9F81C002861D9F81C006861D9F81C001A
:106D6000A861D9F81C00E86143F2E10045F20F4147
:106D700042F2D40249F21103CFF68E30C9F65071B7
:106D8000C0F6C132C8F69C03FDF752FA0198C9F863
:106D900000004FF48070C9F82806C9F82076C6F8BC
:106DA000004400BF00BF00BFD9F800004000FBD482
:106DB0004FF4C050C9F8380042F22200C9F804006C
:106DC000D9F804004000FBD5D9F81C002862D9F896
:106DD0001C006862D9F81C00A862D9F81C00E8629F
:106DE000D9F804004000FBD5D9F81C002863D9F875
:106DF0001C006863D9F81C00A863D9F81C00E8637C
:106E000043F2783046F6AD4143F6710242F68B13F9
:106E1000CAF2A330C9F6CC31C9F21302CAF24563F3
:106E2000FDF706FA4FF0B750C9F800004FF4807034
:106E3000C9F82806C9F82076C6F8004400BF00BF8C
:106E4000D9F800004000FBD44FF4C050C9F8380016
:106E500042F22200C9F80400D9F804004000FBD532
:106E6000D9F81C002864D9F81C006864D9F81C0003
:106E7000A864D9F81C00E864D9F804004000FBD5E8
:106E8000D9F81C002865D9F81C006865D9F81C00E1
:106E9000A865D9F81C00E86541F27B6043F2C201A5
:106EA00046F2DB7241F20E23C9F6B500CCF605516D
:106EB000CDF6F612C7F67B53FDF71AFA4020C9F853
:106EC000B80000BF00BF00BFD9F82800C004FBD441
:106ED00000201DE04BF6384040F2F0514AF6A8522F
:106EE0004DF28873C6F6F360C8F25C51C9F67D02B4
:106EF000C9F2DB63FDF7FCF94020C9F8B8001220A5
:106F0000C0F2010000BF00BFD9F82810C904FBD4AB
:106F100003B0BDE8F08FD4D470B541F22045C4F27F
:106F20003B05D5F89C10C9061CBF4FF0011070BD81
:106F300041F624260446C4F23B060220C0F220009B
:106F40004BF68771C6F8DC000020E86241F6A3002A
:106F500042F2E0724FF61743CEF25320C2F29E2166
:106F6000C7F28A02CBF6CE63FDF762F9FDF7ECF9C2
:106F70004CF65C1041F699314AF6D17249F226532B
:106F8000C8F2A140CAF29741CAF27D22C1F25E0363
:106F9000FDF74EF940F20411A220C0F620416862CC
:106FA000316000BF00BF00BF686AB0F1FF3FFBDC8B
:106FB0000020F4F7E7F9286042F2120045F8180CB7
:106FC00055F8180C4000FBD52868206028686060E0
:106FD0002868A0602868E0604CF62C504FF63B1102
:106FE0004FF209424FF6EC13C5F29510CFF67F41F0
:106FF000C5F63662CCF20C23FDF77AF94020C5F8CD
:107000009C0000BF00BF00BFE868C004FCD40020A3
:1070100070BDD4D4D4D4D4D42DE9F04F93B041F280
:10702000044AC4F23B0ADAF8B830DB0603D04FF06A
:10703000011003F0A0BB009141F2000941F60031BC
:107040000292C4F23B090122C4F23B01C0F22B02BE
:107050004FF0000800280A60CAF848804FF48031D9
:10706000C9F800104FF46561C9F8241040F63121C9
:10707000CAF8FC1102F00180052140F2A515C0F20A
:10708000890140F2B50B652486310591C0F2A31544
:10709000C0F2B30BC0F261044FF4C05600212E328F
:1070A0000692049000BF00BF09914FF08B50CAF8C0
:1070B000000042F6A270CAF840004FF43060CAF8EF
:1070C000280648F20710C0F60000CAF8200600BFE4
:1070D000DAF84000B0F1FF3FFADC0520C0F203000F
:1070E000F4F750F90B27CAF81C00C0F2070738461E
:1070F000F4F748F9CAF81C0007F10610F4F742F952
:10710000CAF81C0007F10C10F4F73CF9CAF81C008F
:10711000DAF84000B0F1FF3FFADC1F205F46C0F212
:107120001D00F4F72FF9CAF81C002920C0F2250031
:10713000F4F728F9CAF81C000698F4F723F9CAF8FE
:107140001C003D20C0F23B00F4F71CF9CAF81C00FB
:10715000DAF84000B0F1FF3FFADC4720C0F243000C
:10716000F4F710F940F24F0BCAF81C00C0F2490BBB
:107170005846F4F707F9CAF81C000BF10A10F4F7A7
:1071800001F9CAF81C002046F4F7FCF8CAF81C0004
:107190000520C0F2C20000F12C0BC9F800B400BFFA
:1071A000DAF800004000FBD4CAF8386000BF00BF26
:1071B000DAF84000B0F1FF3FFADC04F10610F4F712
:1071C000E1F8CAF81C0004F10C10F4F7DBF8CAF877
:1071D0001C0004F11E10F4F7D5F8CAF81C0005983D
:1071E000F4F7D0F8CAF81C00DAF84000B0F1FF3F1D
:1071F000FADC9720C0F29500F4F7C4F8A324CAF88B
:107200001C00C0F29D042046F4F7BCF8CAF81C002C
:1072100004F10A10F4F7B6F8CAF81C003846F4F77F
:10722000B1F8CAF81C0000BFDAF84000B0F1FF3F27
:10723000FADC07F10C10F4F7A5F8CAF81C00C72017
:10724000C0F2C500F4F79EF8CAF81C00DF20C0F2B7
:10725000D300F4F797F8CAF81C00E520C0F2E30069
:10726000F4F790F8CAF81C00C9F800B400BF00BFDA
:10727000DAF800004000FBD4CAF8386000BF00BF55
:10728000DAF84000B0F1FF3FFADCEF205C46C0F2D4
:10729000E900F4F777F8CAF81C00FB20C0F2F1000F
:1072A000F4F770F8CAF81C0040F20710C0F20110A1
:1072B000F4F768F8CAF81C0040F20F10C0F20D1085
:1072C000F4F760F8CAF81C00DAF84000B0F1FF3FAC
:1072D000FADC40F21910C0F21510F4F753F8CAF8AE
:1072E0001C0040F22510C0F21B10F4F74BF840F2DE
:1072F0003717CAF81C00C0F233173846F4F742F8C3
:10730000CAF81C0007F10610F4F73CF8CAF81C0094
:10731000DAF84000B0F1FF3FFADC40F25110C0F261
:107320004B10F4F72FF8CAF81C0040F25D10C0F2C1
:107330005B10F4F727F840F26717CAF81C00C0F298
:1073400061173846F4F71EF8CAF81C0007F10E1052
:10735000F4F718F8CAF81C00C9F8004400BF00BFD1
:10736000DAF800004000FBD4CAF8386000BF00BF64
:10737000DAF84000B0F1FF3FFADC40F27F10C0F2D3
:107380007B10F3F7FFFF40F28D17CAF81C00C0F224
:1073900085173846F3F7F6FFCAF81C0007F10C1002
:1073A000F3F7F0FFCAF81C002846F3F7EBFFCAF822
:1073B0001C0000BF00BF00BFDAF84000B0F1FF3F83
:1073C000FADC05F10C10F3F7DDFFCAF81C0040F2FF
:1073D000BB10C0F2B710F3F7D5FFCAF81C0040F29B
:1073E000C910C0F2C110F3F7CDFFCAF81C0040F27B
:1073F000CF10C0F2CD10F3F7C5FF2546CAF81C0028
:10740000DAF84000B0F1FF3FFADC40F2DF10C0F2E2
:10741000D310F3F7B7FF40F2EB14CAF81C00C0F228
:10742000E7142046F3F7AEFFCAF81C0004F10C1075
:10743000F3F7A8FFCAF81C000020C0F2FD10F3F714
:10744000A1FFCAF81C00C9F8005400BF00BF00BF6C
:10745000DAF800004000FBD4CAF838604BF2C040B4
:10746000CAF8FC018020CAF8FC010620C8F2B0006E
:10747000CAF804024FF08B50CAF800008120C0F215
:1074800043304030C9F80004DAF800004000FBD473
:107490000020CAF83860C1F2100000F50020089002
:1074A000CAF800001120C0F2C00000F5FC700E9078
:1074B000C9F8000400BF00BFDAF800004000FBD4A8
:1074C00040F697304EF6215146F27F424AF6A243EB
:1074D000C1F6E620CAF2C861C7F28F22CCF23B4364
:1074E0001295CAF83860FCF7A3FEFCF72DFFA22026
:1074F000CAF8400040F20410C0F62040CAF8200646
:10750000DAF84000B0F1FF3FFADC0020F3F73AFF71
:10751000CAF81C000020C8F2010000F540301190AC
:10752000CAF804020520C0F242300C301090C9F8AD
:10753000000400BF00BF00BFDAF800004000FBD429
:10754000CAF838604DF21F00CAF8FC010020C8F2EA
:10755000011000F54030CAF8040207464FF08D5084
:10756000CAF800000520C0F2C9000C30C9F80004B8
:10757000834600BF00BF00BFDAF800004000FBD424
:107580000024CAF8386040F68400CAF8FC014BF2C7
:10759000A040CAF8FC010420CAF8FC014BF2C0402C
:1075A000CAF8FC011820CAF8FC0140F6E700CAF846
:1075B000FC0100BF00BF00BF42F6860047F2560143
:1075C000C3F22040CAF8FC014DF2E00045F2B0429F
:1075D000C2F20000CAF8FC0147F60740CAF8FC01F5
:1075E00042F2000048F64D33C0F26000CAF838009D
:1075F0004DF26100CCF66721C7F22B50CCF6312258
:10760000CFF60453CAF85480FCF712FEFCF79CFE38
:10761000A220CAF8400040F20410C0F62040CAF888
:10762000200600BF00BF00BFDAF84000B0F1FF3F06
:10763000FADC0020F3F7A6FECAF81C000520C0F211
:10764000C20000F10C05C9F8005400BF00BF00BF24
:10765000DAF800004000FBD4CAF8386042F28540F6
:10766000CAF8FC0145F288704BF26A6143F2EA62A3
:107670004CF2AC73C5F24D70C1F29311C9F23832BD
:10768000C9F22E03FCF704FE142C04F1040493D376
:1076900040F68600CAF85480C3F60000CAF8FC0120
:1076A0008020CAF804024FF41810CAF8380042F2D9
:1076B000000049F6E211C0F24000CAF8380042F278
:1076C0001D0046F2E16243F28353C7F6E360CAF657
:1076D0006F71C6F2C342C4F6A473CAF85480FCF7B3
:1076E000A7FDFCF731FEA220CAF8400040F20410CA
:1076F000C0F62040CAF82006DAF84000B0F1FF3F9B
:10770000FADC0020F3F73EFECAF81C001198CAF814
:1077100004021098C9F80004DAF800004000FBD415
:10772000CAF838604DF26000CAF8FC01CAF8047269
:10773000C9F800B4129F00BFDAF800004000FBD483
:1077400041F6B8644EF6853BCAF838604FF0CE502B
:10775000CAF8000041F6A270CAF840004FF4E06099
:10776000CAF8280648F20710CEF68534CBF6510B3E
:10777000C0F60000CAF82006DAF84000B0F1FF3F7A
:10778000FADC4BF65100CBF21E50F3F7FBFDCAF8C2
:107790001C002046F3F7F6FDCAF81C0048F21E5004
:1077A000C5F2EB10F3F7EEFDCAF81C005846F3F7EC
:1077B000E9FDCAF81C0000BFDAF84000B0F1FF3F55
:1077C000FADC45F2EB10C1F6B860F3F7DBFDCAF85E
:1077D0001C004BF65100C8F21E50F3F7D3FDCAF857
:1077E0001C002046F3F7CEFDCAF81C0048F21E50DC
:1077F000C5F2EB10F3F7C6FDCAF81C0000BF00BFCE
:10780000DAF84000B0F1FF3FFADC5846F3F7BAFD72
:10781000CAF81C0045F2EB10C1F6B860F3F7B2FDF0
:10782000CAF81C004BF65100C8F21E50F3F7AAFD2F
:10783000CAF81C002046F3F7A5FDCAF81C00C9F8D9
:10784000007400BF00BF00BFDAF800004000FBD4A6
:10785000CAF8386000BF00BFDAF84000B0F1FF3F5F
:10786000FADC48F21E50C5F2EB10F3F78BFDCAF8B4
:107870001C005846F3F786FDCAF81C0045F2EB10D1
:10788000C1F6B860F3F77EFDCAF81C004BF6510054
:10789000C8F21E50F3F776FDCAF81C0000BF00BF07
:1078A000DAF84000B0F1FF3FFADC2046F3F76AFD5A
:1078B000CAF81C0048F21E50C5F2EB10F3F762FD47
:1078C000CAF81C005846F3F75DFDCAF81C0045F2E3
:1078D000EB10C1F6B860F3F755FDCAF81C0000BF05
:1078E000DAF84000B0F1FF3FFADC4BF65100C8F285
:1078F0001E50F3F747FDCAF81C002046F3F742FD7F
:10790000CAF81C0048F21E50C5F2EB10F3F73AFD1E
:10791000CAF81C005846F3F735FDCAF81C00C9F830
:10792000007400BF00BF00BFDAF800004000FBD4C5
:10793000CAF8386000BF00BFDAF84000B0F1FF3F7E
:10794000FADC45F2EB10C1F6B860F3F71BFDCAF89C
:107950001C004BF65100C8F21E50F3F713FDCAF895
:107960001C002046F3F70EFDCAF81C0048F21E501A
:10797000C5F2EB10F3F706FDCAF81C0000BF00BF0C
:10798000DAF84000B0F1FF3FFADC58461295F3F701
:10799000F9FCCAF81C0045F2EB10C1F6B860F3F729
:1079A000F1FCCAF81C004BF65100C8F21E50F3F768
:1079B000E9FCCAF81C00A4F55770F3F7E3FCCAF819
:1079C0001C000520C0F2C2001C30C9F8000400BF32
:1079D000DAF800004000FBD4CAF838604FF40875AC
:1079E000C9F814504FF42464C9F8184040F6380020
:1079F000C9F820000020C1F210004FF0800B0A30BF
:107A00001090C9F804004FF00110C9F8000000BF41
:107A1000D9F80000C007FBD14FF40410CAF83800B1
:107A20004CF2A05045F25C6142F264424DF2B72341
:107A3000C5F27900CDF66A71C8F6D332C7F20A33BF
:107A4000FCF7F6FB4FF48007CAF83870DAF8380014
:107A5000400255D446F2620048F21F5149F63D02F9
:107A600045F2B703CCF26540C3F2B931CFF63262CA
:107A7000C1F6A643FCF70CFC48F6001045F2B971BC
:107A8000C3F600004AF62E0200F590700390CAF883
:107A9000FC010120CAF8FC01CAF804B24FF4181026
:107AA000CAF8380047F6B54047F6CF73C6F69930A6
:107AB000C9F26401C4F6CC52C0F22E63FCF7B8FBE5
:107AC000CAF83870DAF8380040022DD446F23B404C
:107AD00041F61E214DF2CD5247F6692340F6380794
:107AE0004FF4C0564FF40875C6F2D430C3F6760191
:107AF000C0F63C22C2F6D2030FE100BF00BF00BFB8
:107B000043F6107043F2FD2143F6E82240F2E643CB
:107B1000CDF61B30CEF68E11C9F6EA02C1F6A933B6
:107B200001F02ABA00BF00BF4FF480074FF448703D
:107B3000C9F81400C9F818504FF4C660C9F82000FD
:107B40001098C9F804004FF00110C9F8000000BFF8
:107B5000D9F80000C007FBD14FF40410CAF8380070
:107B600045F2E93046F6E20141F60D124AF65E238F
:107B7000CEF26430C8F62451C0F2E402C1F22913F7
:107B8000FCF756FBCAF83870DAF83800400210D417
:107B90004DF6EA304FF608714FF258724BF67363A8
:107BA000C5F2CD50C8F2D451CDF24D32C6F6EC43F9
:107BB00026E0C9F814504FF44870C9F818004FF483
:107BC000C660C9F820001098C9F804004FF00110F1
:107BD000C9F8000000BF00BFD9F80000C007FBD102
:107BE00046F2074046F6F21148F65E424BF687032E
:107BF000C1F2F150C0F6F631CBF64042C5F6B7738C
:107C0000FCF746FB129D4FF0CE50CAF8000040F240
:107C1000A230CAF840004420C0F60000C130CAF8C3
:107C2000200600BF00BF00BFDAF84000B0F1FF3F00
:107C3000FADC0020F3F7A6FBCAF81C000020F3F7DB
:107C4000A1FBCAF81C000020F3F79CFBCAF81C003B
:107C50004FF08050F3F796FBCAF81C00C9F80054A7
:107C6000DAF800004000FBD41120CAF83860C0F2F6
:107C7000C0006030C9F80004DAF800004000FBD40E
:107C8000CAF838604FF4C660C9F81400C9F8184043
:107C900040F63800C9F820001098C9F804004FF0E9
:107CA0000110C9F8000000BFD9F80000C007FBD1DF
:107CB0004FF40410CAF838004EF2F1504AF6E3715E
:107CC0004DF2AC224DF62D33C9F61330C8F27031A7
:107CD000CEF6E842C5F2B64340F63807FCF7A8FAFC
:107CE0004FF48000CAF83800DAF83800400201F199
:107CF000C68049F6E90046F6401149F6472240F2AF
:107D0000F2334FF4C0564FF40875C6F69470CFF2B4
:107D10009B21CCF25922C6F2B843FCF7B9FA0024F1
:107D20004BF2C040CAF8FC01CAF8FCB140F64A1058
:107D3000CAF8FC0100BF00BF43F60610C0F20010F5
:107D4000CAF8FC014FF43350CAF8FC01CAF8FC0130
:107D50000020C8F2011000F58070CAF8040200206B
:107D6000C1F2283000F1807BCAF800B00E98C9F843
:107D7000000400BF00BF00BFDAF800004000FBD4E1
:107D80000020CAF83860C1F2B050CAF800001120D3
:107D9000C0F2C0006C301190C9F8000400BF00BFF1
:107DA000DAF800004000FBD40520CAF83860C0F2C1
:107DB000C900C9F8000400BFDAF800004000FBD495
:107DC000CAF838601820C9F810004FF4C660C9F826
:107DD0001C000020C1F2100010300D90C9F8040002
:107DE0004FF00110C9F80000D9F80000C007FBD11E
:107DF000C9F814504FF4C660C9F81C000020C1F245
:107E00001000C9F8207004300C90C9F8040040F24A
:107E10000120C0F20100C9F8000000BF00BF00BF90
:107E2000D9F80000C007FBD14FF0CE50CAF80000CF
:107E3000A220CAF840004420C0F60000C0300F90D5
:107E4000CAF8200600BF00BFDAF84000B0F1FF3FDB
:107E5000FADC0120F3F796FACAF81C001198C9F869
:107E6000000400BF00BF00BFDAF800004000FBD4F0
:107E70000520CAF83860C0F2C200C9F8000400BF8B
:107E8000DAF800004000FBD40D20CAF83860C0F2D8
:107E90000200C9F8000400BFDAF800004000FBD47B
:107EA000CAF83860C9F814704FF42460C9F8180093
:107EB0004FF4C660C9F820001098C9F804004FF0CC
:107EC0000110C9F8000000BFD9F80000C007FBD1BD
:107ED0004FF40410CAF8380048F6F5104DF2894105
:107EE0004AF2995246F2B033CEF61700CFF6373148
:107EF000CEF65862C3F66743FCF79AF94FF4800058
:107F0000CAF83800DAF83800400218D444F2916018
:107F10004DF25D714AF63D5245F6DE13C6F6D87055
:107F2000CDF21031C8F2DB22C2F21013FCF7B0F927
:107F30000134CAF854805F2C7FF4FEAE15E04DF298
:107F40004010CAF8FC0144F6BD2040F682114AF206
:107F5000EF5240F6AE13CDF2E720CAF64C31CBF625
:107F60002E22C0F68343FCF793F948F600144EF234
:107F70001C41C3F600044DF2B03204F14000CAF8CF
:107F8000FC010120CAF8FC018020CAF804024FF469
:107F90001810CAF8380043F2323045F21D43C4F6D7
:107FA000D030C4F22731CBF6A062C0F2F413FCF754
:107FB0003FF94FF48000CAF83800DAF83800400280
:107FC00000F14C870020C1F6B800CAF8000011206B
:107FD000C0F2C0007030C9F8000400BF00BF00BF8D
:107FE000DAF800004000FBD4CAF83860C9F8145031
:107FF00040F63810C9F818004FF48560C9F8200021
:108000000020C1F2100009300B90C9F804004FF0B5
:108010000110C9F8000000BFD9F80000C007FBD16B
:108020004FF48560C9F814004FF42460C9F81800B3
:10803000C9F820501098C9F804004FF00110C9F891
:10804000000000BF00BF00BFD9F80000C007FBD18F
:10805000CAF800B00E98C9F8000400BF00BF00BF06
:10806000DAF800004000FBD40020CAF83860C1F202
:10807000B050CAF80000A220CAF840000F98CAF811
:10808000200600BF00BF00BFDAF84000B0F1FF3F9C
:10809000FADC4FF00110F3F775F9CAF81C004FF441
:1080A000246B1198C9F80004DAF800004000FBD4F2
:1080B0000520CAF83860C0F2C200C9F8000400BF49
:1080C000DAF800004000FBD40D20CAF83860C0F296
:1080D0000200C9F8000400BFDAF800004000FBD439
:1080E000CAF838601820C9F810004FF4C660C9F803
:1080F0001C000D98C9F804004FF00110C9F80000E9
:10810000D9F80000C007FBD1C9F814504FF4C6607D
:10811000C9F81C00C9F820700C98C9F8040040F296
:108120000120C0F20100C9F8000000BF00BF00BF7D
:10813000D9F80000C007FBD14FF0CE50CAF80000BC
:10814000A220CAF840000F98CAF8200600BF00BF5E
:10815000DAF84000B0F1FF3FFADC0120F3F712F942
:10816000CAF81C001198C9F8000400BF00BF00BF86
:10817000DAF800004000FBD40520CAF83860C0F2ED
:10818000C200C9F8000400BFDAF800004000FBD4C8
:108190000D20CAF83860C0F20200C9F8000400BF20
:1081A000DAF800004000FBD4CAF83860C9F814704F
:1081B000C9F818B04FF4C660C9F820001098C9F883
:1081C00004004FF00110C9F8000000BF00BF00BF5D
:1081D000D9F80000C007FBD14FF40410CAF83800EA
:1081E00047F6960047F2F8114BF62F324AF26253E7
:1081F000CFF29700C1F66501C0F66E32C9F628537A
:10820000FCF716F84FF48000CAF83800DAF83800A6
:10821000400200F145860020C1F23060CAF800003B
:108220000E98C9F8000400BFDAF800004000FBD443
:1082300044F2313043F66F7141F2E50246F2843385
:10824000CAF28400C1F68F51C8F23532C5F211135B
:10825000CAF83860FBF7ECFF0020C1F2B870CAF82A
:108260000000A220CAF840000F98CAF8200600BFFC
:10827000DAF84000B0F1FF3FFADC0220F3F782F8B1
:10828000CAF81C001198C9F8000400BF00BF00BF65
:10829000DAF800004000FBD40520CAF83860C0F2CC
:1082A000C200C9F8000400BFDAF800004000FBD4A7
:1082B0000D20CAF83860C0F20200C9F8000400BFFF
:1082C000DAF800004000FBD4CAF838601820C9F87A
:1082D00010004FF48560C9F81C000D98C9F804001F
:1082E0004FF00110C9F80000D9F80000C007FBD119
:1082F000C9F81470C9F818504FF48560C9F81C000B
:108300004FF4C660C9F820000020C1F21000C9F87F
:1083100004004FF40030CAF8040040F20120C0F21B
:108320000100C9F8000000BFD9F80000C007FBD168
:108330004FF45060CAF838004FF4C660C9F8140012
:10834000C9F818B0C9F820701098C9F804004FF0A7
:108350000110C9F8000000BFD9F80000C007FBD128
:108360004FF40410CAF83800C9F814B04FF4C660CE
:10837000C9F81800C9F820701098C9F804004FF027
:108380000110C9F8000000BFD9F80000C007FBD1F8
:108390004FF40410CAF838004BF63E5043F649112A
:1083A00047F608424AF69343C6F25A40C4F6AC4137
:1083B000C1F23202CCF28343FBF73AFF4FF4800064
:1083C000CAF83800DAF83800400200F17A8544F63D
:1083D000F8404CF2781148F2F71242F2C203C7F6A5
:1083E0005640CAF2A861C6F2BC32C5F2E863FBF798
:1083F0001FFF4BF26050CAF8FC010320CAF8FC01D1
:1084000040F64A10CAF8FC010A20C8F2A000CAF8D7
:1084100004024FF08D50CAF800008120C0F24330B2
:10842000C9F8000400BF00BFDAF800004000FBD428
:1084300046F6071242F6205346F6E705CAF83860BA
:1084400040F62910CAF8FC0140F60810CAF8FC01F1
:108450004BF2C040CAF8FC017C20CAF8FC010020A5
:10846000C1F28112C1F20003C0F2010500BF00BFDA
:1084700043F6E601CAF8FC114AF6C001CAF8FC113D
:108480000421CAF8FC11202141F001E000BF00BF27
:10849000CAF8FC41CAF8FC81CAF8FC21CAF8FC41C0
:1084A000CAF8FC81CAF8FC31CAF8FC510FF011C0BF
:1084B0000130CAF854802028DAD10020CAF854804C
:1084C000C8F2011000F590700190CAF8040245F25C
:1084D0000600CAF8040000BFDAF804004000FBD52B
:1084E0004CF23834DAF81C00C2F201242060F2F7B2
:1084F00049FF206043F2E970CAF8FC010020C1F294
:10850000B050CAF8000040F64A10CAF8FC010A2030
:10851000C8F2A010CAF804020520C0F2C9007C30DD
:108520000A90C9F8000400BFDAF800004000FBD44C
:108530004CF23830CAF83860C2F2012000680028D6
:108540004CD0002400BF00BF4FF4C660C9F814002F
:108550000020C9F82070C1F210000C30C9F80400E6
:108560004FF00110C9F80000D9F80000C007FBD196
:10857000C9F8147040F63810C9F818004FF4C660F6
:10858000C9F820000B98C9F804004FF00110C9F891
:10859000000000BF00BF00BFD9F80000C007FBD13A
:1085A00043F2E030CAF8FC014AF2496043F68141E7
:1085B0004BF2A2324BF63743CBF25550C2F2FF5189
:1085C000C5F20072C8F2E133FBF762FE4CF23830BC
:1085D0000134C2F2012000688442B5D3CAF8548045
:1085E00047F61F40CAF8FC0142F20000C0F26000EA
:1085F000CAF8380042F6EA7042F68A5144F2F8525C
:1086000049F20B43C6F6F150C2F20931CDF25B528A
:10861000C3F66A53CAF85480FBF70AFE40F65220AC
:10862000CAF8FC010020C8F2011000F5B070CAF8C9
:10863000040245F20600CAF8040000BF00BF00BFF4
:10864000DAF804004000FBD54CF23834DAF81C00AC
:10865000C2F201242060F2F795FE002820604FF05E
:10866000800400F05184002107914FF4C0574FF46B
:1086700024664FF408754FF0800B0898CAF8000084
:108680000E98C9F8000400BFDAF800004000FBD4DF
:108690000024CAF8387040F68400CAF8FC014BF296
:1086A000A040CAF8FC010420CAF8FC014BF2C0400B
:1086B000CAF8FC012020CAF8FC0140F6E700CAF81D
:1086C000FC014FF08D50CAF8000000BF00BF00BF92
:1086D00042F6860043F6B571C3F22040CAF8FC01A9
:1086E0004DF2E00041F22B52C2F20000CAF8FC0148
:1086F00047F60740CAF8FC0142F200004BF6393356
:10870000C0F26000CAF838004EF62C10CAF62951A3
:10871000C6F65110C2F29152CEF20373CAF85480D9
:10872000FBF786FDFBF710FEA220CAF8400040F2DE
:108730000410C0F62040CAF8200600BF00BF00BFEA
:10874000DAF84000B0F1FF3FFADC0020F2F71AFE41
:10875000CAF81C001298C9F8000400BF00BF00BF8F
:10876000DAF800004000FBD4CAF8387042F28540C5
:10877000CAF8FC0142F63D6047F21D5148F6085226
:108780004BF66E73C6F6C340C4F6F621C1F27C52B6
:10879000C6F62143FBF77CFD1C2C04F1040497D39F
:1087A00040F68600CAF85480C3F60000CAF8FC01FF
:1087B000CAF804B24FF41810CAF8380042F20000A8
:1087C000C0F24000CAF838004DF2EC504BF29A71FA
:1087D00045F6E85249F64803C7F6C910CDF21171C3
:1087E000CBF60412CCF242735C46CAF85480FBF715
:1087F0001FFD4FF0CE50CAF80000A220CAF840007A
:108800000F98CAF8200600BFDAF84000B0F1FF3F29
:10881000FADC0420F2F7B6FDCAF81C00B346119842
:10882000C9F8000400BF00BFDAF800004000FBD424
:108830003E460520CAF83870C0F2C200C9F80004EC
:10884000DAF800004000FBD40D2040F63807CAF8E3
:108850003860C0F20200C9F8000400BF00BF00BFCA
:10886000DAF800004000FBD4CAF838604FF48560A5
:10887000C9F81400C9F818B0C9F820701098C9F8E0
:1088800004004FF00110C9F8000000BF00BF00BF96
:10889000D9F80000C007FBD11820C9F81000C9F8AA
:1088A0001C700D98C9F804004FF00110C9F80000C1
:1088B000D9F80000C007FBD1C9F81450C9F81C70E2
:1088C000C9F820B00C98C9F8040040F20120C0F2A9
:1088D0000100C9F8000000BFD9F80000C007FBD1B3
:1088E0000020C1F2B870CAF80000A220CAF8400007
:1088F0000F98CAF8200600BFDAF84000B0F1FF3F39
:10890000FADC0220F2F73EFDCAF81C001198C9F803
:10891000000400BF00BF00BFDAF800004000FBD435
:108920000520CAF83860C0F2C200C9F8000400BFD0
:10893000DAF800004000FBD40D20CAF83860C0F21D
:108940000200C9F8000400BFDAF800004000FBD4C0
:10895000CAF83860C9F814B0C9F81870C9F82050BE
:108960000B98C9F804004FF00110C9F8000000BFCF
:10897000D9F80000C007FBD11820C9F810004FF447
:108980008560C9F81C000D98C9F804004FF001106B
:10899000C9F8000000BF00BFD9F80000C007FBD134
:1089A000C9F814504FF4C660C9F818004FF4856038
:1089B000C9F81C000020C9F82070C1F21000C9F8E5
:1089C00004004FF40030CAF8040040F20120C0F265
:1089D0000100C9F8000000BFD9F80000C007FBD1B2
:1089E0004FF45060CAF838004FF0CE50CAF800007B
:1089F000A220CAF840000F98CAF8200600BF00BFA6
:108A0000DAF84000B0F1FF3FFADC0120F2F7BAFCDF
:108A1000CAF81C001198C9F8000400BF00BF00BFCD
:108A2000DAF800004000FBD40520CAF83860C0F234
:108A3000C200C9F8000400BFDAF800004000FBD40F
:108A40000D20CAF83860C0F20200C9F8000400BF67
:108A5000DAF800004000FBD4CAF83860C9F8147096
:108A6000C9F818B0C9F820501098C9F804004FF0A0
:108A70000110C9F8000000BFD9F80000C007FBD101
:108A80004FF40410CAF83800C9F814B0C9F81870C7
:108A9000C9F820501098C9F804004FF00110C9F827
:108AA000000000BF00BF00BFD9F80000C007FBD125
:108AB0004FF40410CAF8380043F6F66043F2271169
:108AC00049F2B41243F64333CAF21870C5F29A0160
:108AD000C8F69772CBF20623FBF7AAFB4FF480008F
:108AE000CAF83800DAF83800400215D44FF439508B
:108AF000CAF8FC0145F2F5704DF2E74143F62A222F
:108B00004CF67E43C6F24200CAF29651C8F2466263
:108B1000C7F24A0395E100BF40F64A10CAF8FC01CB
:108B20004EF22E004CF2572148F6B37245F6402320
:108B3000C1F6A020C9F2BC31CBF66172C9F29E53D6
:108B4000FBF776FB0198CAF8040245F20600CAF862
:108B5000040000BF00BF00BFDAF804004000FBD5EE
:108B60004CF23834DAF81C00C2F201246060F2F7EB
:108B700009FC606043F2E970CAF8FC0160680028F3
:108B800000F02281002400BF4FF0CE50CAF8000050
:108B90000A20C8F2A010CAF804020A98C9F8000412
:108BA000DAF800004000FBD4CAF83860C9F8147045
:108BB000C9F818B0C9F820501098C9F804004FF04F
:108BC0000110C9F8000000BFD9F80000C007FBD1B0
:108BD0004FF40410CAF83800C9F814B0C9F8187076
:108BE000C9F820501098C9F804004FF00110C9F8D6
:108BF000000000BF00BF00BFD9F80000C007FBD1D4
:108C00004FF40410CAF8380047F2DE304AF69301F8
:108C100048F67D1244F23843CCF6CA50CDF67401C2
:108C2000C0F29F72C6F2F763FBF702FB4FF48000BD
:108C3000CAF83800DAF83800400240F1AF8000206E
:108C4000C1F63800CAF800000E98C9F8000400BF49
:108C5000DAF800004000FBD44DF20F5044F62961D1
:108C60004FF2F55246F6F043C9F63C60C7F2F611F2
:108C7000C4F60022CCF6D753CAF83860FBF7D8FA0E
:108C80004FF0CE50CAF80000A220CAF840000F985A
:108C9000CAF8200600BF00BFDAF84000B0F1FF3F7D
:108CA000FADC0220F2F76EFBCAF81C001198C9F832
:108CB000000400BF00BF00BFDAF800004000FBD492
:108CC0000520CAF83860C0F2C200C9F8000400BF2D
:108CD000DAF800004000FBD40D20CAF83860C0F27A
:108CE0000200C9F8000400BFDAF800004000FBD41D
:108CF000CAF83860C9F81470C9F818B04FF4856024
:108D0000C9F81C000020C9F82050C1F21000C9F8B1
:108D100004004FF40030CAF8040040F20120C0F211
:108D20000100C9F8000000BFD9F80000C007FBD15E
:108D30004FF45060CAF83800C9F8145040F63810A3
:108D4000C9F81800C9F820700B98C9F804004FF052
:108D50000110C9F8000000BFD9F80000C007FBD11E
:108D600045F6DE204BF2CA6145F61F6245F23153EB
:108D7000C3F2B460C3F25F01C5F67612C6F2D13316
:108D8000FBF786FA4CF23830CAF85480C2F2012060
:108D9000013440688442FFF4F7AE15E04FF43950D7
:108DA000CAF8FC0149F2EF1047F647714CF2BA32AB
:108DB0004EF2F953CAF66F60CCF6F601C8F297622C
:108DC000C7F2A963FBF764FA48F60010CAF85480AA
:108DD000C3F60000802400F5A070CAF8FC01CAF8B0
:108DE000FC81CAF804424FF41810CAF8380040F267
:108DF000967047F2C63144F6DD3246F22633CDF2A4
:108E00003350C1F2BE21C9F21432CCF63303FBF762
:108E10000FFA4FF48000CAF83800DAF83800400240
:108E200060D449F2DC004EF6E32149F6DD324EF61D
:108E3000B813C6F28540C0F67321C7F61912C4F202
:108E4000B133FBF725FA4CF238300799C2F2012012
:108E5000013100688142FFF407AC55E048F2A97087
:108E600049F26D014AF679724AF29833C2F22F2024
:108E7000CDF6E471CCF63572C9F285037CE04BF295
:108E8000931042F244014DF6016249F2C453C3F219
:108E9000E420C3F29141CDF66C42C9F68B436BE0FE
:108EA00040F2C53049F2C66146F2D54244F252530F
:108EB000C7F2B330C2F68431C5F2F232CEF27C236F
:108EC0005AE044F61E204EF2832149F6AF424AF2A0
:108ED0005433C6F61120CEF23441C0F6A102C0F6DA
:108EE000405349E043F27D2045F2C21146F642422A
:108EF00046F29473C0F24D40C6F24B41CBF21D32A4
:108F0000C2F6D023FBF7C4F940F64B204AF60951CC
:108F1000C3F60000CAF8FC0143F63E604AF29C0228
:108F200048F28133CAF6F800CFF2B111CDF22142F6
:108F3000CBF2AD73CAF804424FF41817CAF8387070
:108F4000FBF776F94FF48005CAF83850DAF83800A4
:108F5000400225D44EF2542042F2372145F6C95240
:108F600040F6FF13C0F67800CEF2EB51C2F2F542A4
:108F7000C9F6657300BF00BFFBF78AF940F2A5157B
:108F800040F2B50BC0F2A315C0F2B30B09990498D7
:108F900065240131C0F2610481427EF485A86CE051
:108FA00042F62060CAF8FC010398CAF8FC010220CE
:108FB000CAF8FC0147F2CD104EF23D5147F20112C2
:108FC00048F63843CDF61B70CCF22B51C9F66C72C3
:108FD000CBF26A43CAF80442CAF83870FBF728F9A2
:108FE000CAF8385040F2A515DAF8380040F2B50B4F
:108FF0004002C0F2A315C0F2B30B2CD44FF485602D
:10900000C9F8140040F63810C9F818004FF4487039
:10901000C9F820000B98C9F804004FF00110C9F8F6
:10902000000000BF00BF00BFD9F80000C007FBD19F
:109030004FF2CA204DF6755144F6090247F28123DA
:10904000CEF25260C5F6E631C4F6B572C9F27523A8
:10905000FBF71EF99AE74BF6EB1047F6C60148F20C
:109060006F124DF67D43CDF2E220C4F24711C6F6F1
:109070008F32C0F2A473FBF70BF948F600104EF6DE
:109080003551C3F6000041F21A2200F59070CAF87B
:10909000FC010220CAF8FC018020CAF804024FF447
:1090A0002600CAF8380043F2E0004BF6BB23C1F2B9
:1090B000E560CCF64D71CDF69832C1F21613FBF790
:1090C000B7F84FF48000CAF83800DAF838004002E8
:1090D00001F1FC824FF0CE50CAF800001120C0F21E
:1090E000C0007030C9F80004DAF800004000FBD47A
:1090F0004FF4C050CAF838004FF48560C9F8140026
:109100004FF42460C9F8180040F63800C9F8200070
:1091100000204FF00111C1F210000930C9F804001D
:10912000C9F8001000BF00BFD9F80010C907FBD173
:109130004FF44871C9F814104FF42461C9F818109D
:109140004FF4F761C9F82010C9F804004FF001107E
:10915000C9F8000000BF00BFD9F80000C007FBD16C
:1091600046F2966049F67A114DF27E0245F2ED2301
:10917000C7F26130C8F23061CFF6DF62CCF6B333AC
:10918000FBF756F8FBF7E0F841F2546046F61E7123
:109190004BF28A6245F2FB33CDF24300C0F2333129
:1091A000CAF2F872CEF67B33FBF742F8A220CAF877
:1091B000400040F20410C0F620404038CAF82006B3
:1091C000DAF84000B0F1FF3FFADC40F2841B0020E7
:1091D000C0F6043BF2F7D6F8CAF81C00A220CAF881
:1091E0004000CAF820B600BFDAF84000B0F1FF3FF7
:1091F000FADC4DF6A64640F20008C8F20E26C1F28F
:1092000038783046F2F7BEF8CAF81C00CAF8008079
:109210004FF43440CAF8FC014020CAF8FC01A720F2
:10922000CAF840000020C8F2010000F56875CAF8CD
:10923000045200BF00BF00BFDAF84000B0F1FF3FAA
:10924000FADC42F60130F2F79DF8CAF81C00002063
:10925000CAF854004BF2AB104FF2B9714CF21B42FA
:1092600041F2A373CAF23470C2F6BC61C2F68F52E7
:10927000C9F62023FBF70CF84FF4B270F2F744F96B
:109280004FF0CE50CAF80000A220CAF84000442097
:10929000C0F6000000F1C007CAF8207600BF00BF8A
:1092A000DAF84000B0F1FF3FFADC0120F2F76AF88B
:1092B000CAF81C001120C0F2C0006C301190C9F82F
:1092C000000400BF00BF00BFDAF800004000FBD47C
:1092D0004FF4C050CAF838000520C0F2C200C9F8E7
:1092E000000400BF00BF00BFDAF800004000FBD45C
:1092F0004FF4C050CAF838000D20C0F20200C9F87F
:10930000000400BF00BF00BFDAF800004000FBD43B
:109310004FF4C050CAF838004FF44870C9F8140030
:109320004FF42460C9F818004FF40870C9F8200001
:109330000020C1F2100000F10A04C9F804404FF007
:109340000110C9F8000000BFD9F80000C007FBD128
:109350004FF48560C9F814004FF42460C9F8180070
:109360004FF4C660C9F82000C9F804404FF001105E
:10937000C9F8000000BF00BFD9F80000C007FBD14A
:10938000A720CAF84000CAF8045200BF00BF00BFBF
:10939000DAF84000B0F1FF3FFADC2B20F1F7F2FFE2
:1093A000CAF81C000020CAF8540043F2FA104FF229
:1093B0006E7143F6E92240F69473C0F22630C2F68D
:1093C0009621C6F28242C9F6D303FAF761FFF2F79B
:1093D000A3FD4FF0A950CAF800001120C0F2C00050
:1093E0008030C9F8000400BFDAF800004000FBD468
:1093F0004FF4C050CAF83800A220CAF84000CAF89A
:1094000020B600BF00BF00BFDAF84000B0F1FF3F58
:10941000FADC3046F1F7B6FFCAF81C00CAF8008043
:109420004FF43440CAF8FC014020CAF8FC01A720E0
:10943000CAF84000CAF80452DAF84000B0F1FF3F21
:10944000FADC42F60130F1F79DFFCAF81C0000205B
:10945000CAF854004EF2F65047F2307140F29112C1
:1094600047F65703CDF6B010CAF21671C6F29D62E8
:10947000C1F62A43FAF70CFF4FF4B270F2F7C8F9BD
:109480004FF4F760C9F8140040F63800C9F8180026
:109490004FF40870C9F820000020C1F21000C61D6A
:1094A000C9F804604FF00110C9F8000000BF00BF08
:1094B000D9F80000C007FBD1A720CAF84000CAF8BD
:1094C000045200BF00BF00BFDAF84000B0F1FF3F18
:1094D000FADC42F60130F1F755FFCAF81C00002013
:1094E000CAF8540043F66F604FF2620144F62A0254
:1094F00046F2B133C8F2B500C1F2E871C6F6CD52FA
:10950000C8F29863FAF7C4FEF4F736FE4FF0CA507B
:10951000CAF80000A220CAF84000CAF8207600BFAE
:10952000DAF84000B0F1FF3FFADC0120F1F72AFF42
:10953000CAF81C001120C0F2C00000F1EC01C9F80B
:10954000001400BF00BF00BFDAF800004000FBD4E9
:1095500012914FF4C050CAF838000520C0F2C20082
:10956000C9F8000400BF00BFDAF800004000FBD4D7
:10957000A8464FF4C050CAF838000D20C0F20200CF
:10958000C9F8000400BF00BFDAF800004000FBD4B7
:1095900002214FF4C050C2F22001CAF8380001F194
:1095A00008054FF4C660C9F814004FF42460C9F8E8
:1095B00018004FF48560C9F82000C9F804504FF036
:1095C0000110C9F8000000BFD9F80000C007FBD1A6
:1095D0004FF40410CAF838004FF42460C9F814009E
:1095E0004FF4C660C9F818004FF48560C9F8200030
:1095F000C9F804504FF00110C9F8000000BF00BFC7
:10960000D9F80000C007FBD14FF40410CAF83800A5
:1096100044F2FD4044F68541402247F2CD13C2F6A4
:10962000BB00C9F27B11C5F20B42C0F64753FAF7F3
:10963000FFFD4FF48000CAF83800DAF83800400225
:1096400001F15F801095A220CAF84000CAF820B648
:10965000DAF84000B0F1FF3FFADC4DF6A64040F2E8
:10966000000BC8F20E20C1F2283BF1F78BFE4546F5
:10967000CAF81C00CAF800B04FF43440CAF8FC0124
:109680004020CAF8FC01A720CAF84000CAF80482AA
:10969000DAF84000B0F1FF3FFADC42F60230F1F7B1
:1096A00071FECAF81C000020CAF8540046F2E0001F
:1096B0004DF2A8514DF25A1245F23123C6F2A07074
:1096C000CAF20321C2F6C522CBF29063FAF7E0FD9D
:1096D0004FF4B270F2F79CF8BB464FF46A70C9F8C9
:1096E00014004FF48560C9F818004FF4C660C9F83B
:1096F0002000C9F804604FF00110C9F8000000BF55
:10970000D9F80000C007FBD1A220CAF8400040F2FF
:109710008410C0F60430CAF82006074600BF00BF18
:10972000DAF84000B0F1FF3FFADC4DF6A64040F217
:109730000008C8F20E20C1F23058F1F723FECAF833
:109740001C00CAF800804FF43440CAF8FC014020E5
:10975000CAF8FC01A720CAF84000CAF8045200BFAA
:10976000DAF84000B0F1FF3FFADC42F60230F1F7E0
:1097700009FECAF81C000020CAF8540044F6C330A1
:109780004AF6794145F229024DF6EA53C1F6DA402C
:10979000C3F6F951C6F6B932C5F60B43FAF778FDB0
:1097A0004FF4B270F1F7B0FE0020C1F23870A0F5AE
:1097B0008010CAF800001120C0F2C000C9F80004EF
:1097C000DDF8488000BF00BFDAF800004000FBD49D
:1097D0004FF4C050CAF838004FF0CE50CAF800001D
:1097E000A220CAF84000CAF820B600BF00BF00BFE0
:1097F000DAF84000B0F1FF3FFADC0120F1F7C2FDDA
:10980000CAF81C001198C9F8000400BF00BF00BFCF
:10981000DAF800004000FBD44FF4C050CAF838001A
:109820000520C0F2C200C9F8000400BF00BF00BF9D
:10983000DAF800004000FBD44FF4C050CAF83800FA
:109840000D20C0F20200C9F8000400BF00BF00BF35
:10985000DAF800004000FBD44FF4C050CAF83800DA
:109860004FF48560C9F814004FF42460C9F818005B
:109870004FF40870C9F82000C9F804404FF00110F7
:10988000C9F8000000BF00BFD9F80000C007FBD135
:109890004FF46A70C9F814004FF42460C9F8180036
:1098A0004FF4D070C9F82000C9F804404FF00110FF
:1098B000C9F8000000BF00BFD9F80000C007FBD105
:1098C00000244FF4D070C1F23054C9F814004FF4A2
:1098D0000870C9F818004FF48560C9F82000C9F86D
:1098E00004604FF00110C9F8000000BF00BF00BFC6
:1098F000D9F80000C007FBD102261820C2F22006CA
:10990000C9F810004FF4C660C9F81C0006F10E003B
:10991000C9F804004FF00110C9F8000000BF00BFF3
:10992000D9F80000C007FBD140F201204FF4856157
:10993000C0F20100C9F8141040F63802C9F8182026
:109940004FF4C662C9F81C20C9F82010C9F8046099
:10995000C9F8000000BF00BFD9F80010C907FBD14B
:109960004FF4C661C9F81C104FF40871C9F82010F3
:10997000711CC9F80410C9F8000000BF00BF00BF87
:10998000D9F80010C907FBD14FF48561C9F814104C
:109990004FF40871C9F818104FF4C662C9F81C20BA
:1099A000C9F82010C9F80460C9F8000000BF00BF62
:1099B000D9F80000C007FBD1CAF80040A220CAF8BD
:1099C0004000CAF820B600BFDAF84000B0F1FF3F0F
:1099D000FADC4FF00110F1F7D5FCCAF81C00C9F809
:1099E000008400BF00BF00BFDAF800004000FBD4D5
:1099F0004FF4C050CAF838000520C0F2C200C9F8C0
:109A0000000400BF00BF00BFDAF800004000FBD434
:109A10004FF4C050CAF838000D20C0F20200C9F857
:109A2000000400BF00BF00BFDAF800004000FBD414
:109A30004FF4C050CAF83800A720CAF84000CAF84E
:109A4000045200BF00BF00BFDAF84000B0F1FF3F92
:109A5000FADC42F60230F1F795FCCAF81C0000204F
:109A6000CAF8540048F2DD104AF265114BF6F132A3
:109A70004FF61063CEF2F300C8F61801C5F6563261
:109A8000CDF67263FAF704FCF4F776FB4FF0CA5098
:109A9000CAF80000A220CAF84000CAF820B600BFE9
:109AA000DAF84000B0F1FF3FFADC0120F1F76AFC80
:109AB000CAF81C00C9F80084109900BF00BF00BF9D
:109AC000DAF800004000FBD44FF4C050CAF8380068
:109AD0000520C0F2C200C9F8000400BF00BF00BFEB
:109AE000DAF800004000FBD44FF4C050CAF8380048
:109AF0000D20C0F20200C9F8000400BF00BF00BF83
:109B0000DAF800004000FBD44FF4C050CAF8380027
:109B10004FF4C660C9F814004FF42460C9F8180067
:109B20004FF48560C9F82000C9F804104FF0011007
:109B3000C9F8000000BF00BFD9F80000C007FBD182
:109B40004FF40410CAF838004FF42460C9F8140028
:109B50004FF4C660C9F818004FF48560C9F82000BA
:109B6000C9F804104FF00110C9F8000000BF00BF91
:109B7000D9F80000C007FBD14FF40410CAF8380030
:109B80004EF6CC104CF6C1514EF2463241F6984397
:109B9000C1F22F10C7F6B561C1F2D652C7F67633BF
:109BA000FAF746FB4FF48000CAF83800DAF83800BC
:109BB000400200F1C2854FF0CA50CAF800001120DF
:109BC000C0F2C000F030C9F8000400BF00BF00BF01
:109BD000DAF800004000FBD44FF4C050CAF8380057
:109BE00040F63800C9F814004FF42460C9F8180092
:109BF0004FF48560C9F82000F01DC9F804004FF04B
:109C00000110C9F8000000BFD9F80000C007FBD15F
:109C1000A220CAF84000CAF8207600BF00BF00BFEB
:109C2000DAF84000B0F1FF3FFADC4DF6A640C8F28A
:109C30000E20F1F7A7FBCAF81C00CAF800404FF449
:109C40003440CAF8FC014020CAF8FC01A720CAF839
:109C50004000CAF8045200BFDAF84000B0F1FF3FFC
:109C6000FADC42F60330F1F78DFBCAF81C00002045
:109C7000CAF8540047F6510049F2E06146F63F4207
:109C800044F23613C2F6AD00CAF2E071CFF6EB72C1
:109C9000C0F23663FAF7FCFA4FF4B270F1F7B8FD90
:109CA0004BF28060CAF8FC014FF00110CAF8FC01C9
:109CB0004DF246404CF69E1148F22A6249F2C61314
:109CC000C5F6C420CEF27B51C5F22302C2F2DA639C
:109CD000FAF7AEFAFAF738FBA220CAF8400040F2D1
:109CE0000410C0F62040CAF8200600BF00BF00BF25
:109CF000DAF84000B0F1FF3FFADC05260020C0F2A0
:109D00004236F1F73FFBCAF81C000020C8F2010000
:109D1000CAF80402C9F80064DAF800004000FBD475
:109D20004FF4C050CAF838000D20C0F20200C9F844
:109D3000000400BF00BF00BFDAF800004000FBD401
:109D40004FF4C050CAF8380043F2E040CAF8FC01B2
:109D5000A720CAF84000CAF8045200BF00BF00BFE5
:109D6000DAF84000B0F1FF3FFADC40F22B10F1F7D7
:109D700009FBCAF81C000020CAF854004BF6F14059
:109D800043F6DC514DF235224EF66453C1F62820DD
:109D9000C6F22C51CDF6EE02CEF68473FAF778FABD
:109DA000F1F76AFE4BF2E040CAF8FC010D20CAF858
:109DB000FC01A720CAF84000CAF8045200BF00BF47
:109DC000DAF84000B0F1FF3FFADC40F22B10F1F777
:109DD000D9FACAF81C000020CAF8540044F2E27014
:109DE00042F64D214FF2053244F62163C3F6E030CE
:109DF000CEF24E51C2F26D42C6F63203FAF748FA7D
:109E0000F1F792FFA220CAF840004420C0F60000FB
:109E1000CAF8200600BF00BFDAF84000B0F1FF3FEB
:109E2000FADC00201295F1F7ADFACAF81C00A22066
:109E3000CAF840004420C0F6000010301190CAF863
:109E4000200600BF00BF00BFDAF84000B0F1FF3FBE
:109E5000FADC0020F1F796FACAF81C0040F68400FC
:109E6000CAF8FC014BF2A040CAF8FC010420CAF871
:109E7000FC014BF2C040CAF8FC014020CAF8FC01CA
:109E800040F6E700CAF8FC01CAF8004048F615049D
:109E900040F2133543F224764DF2F34742F2854BFC
:109EA000C9F6DE14CEF2B635C7F28456CBF6645747
:109EB0004FF0000800BF00BF42F686004BF205419C
:109EC000C3F22040CAF8FC014DF2E00040F66912EE
:109ED000C2F20000CAF8FC0147F60740CAF8FC01CC
:109EE00042F2000047F2A213C0F26000CAF8380044
:109EF0000020CAF8540045F2CA60C2F2B801C1F2AB
:109F00007510C7F27712CCF24A43FAF791F94FF085
:109F10008040CAF8280648F60550CEF20070CAF80C
:109F200020061120C0F28300C9F8000400BF00BF62
:109F3000DAF800004000FBD44FF4C050CAF83800F3
:109F400042F21200CAF80400DAF804004000FBD51F
:109F50000298DAF81C1000EB880032463B4641605C
:109F6000DAF81C108160DAF81C10C160DAF81C10F5
:109F7000016120462946CAF8FCB1FAF789F9B8F11F
:109F80003C0F08F1040897D340F6860042F2000126
:109F90004AF6666445F6E52544F2E85649F6370781
:109FA000C3F60000C0F240010022CAF85420CAF8EB
:109FB000FC018020CAF804024FF41810CAF83800D7
:109FC000CAF83810CAF8542040F68400CAF8FC01D8
:109FD0004BF2A040CAF8FC010420CAF8FC014BF285
:109FE000C040CAF8FC014020CAF8FC0140F6E70076
:109FF000CAF8FC01002042F2854BC4F28304C7F684
:10A000008F65C1F25E76C7F63B374FF00008C1F2AC
:10A010002830CAF8000000BF42F6860048F2F74137
:10A02000C3F22040CAF8FC014DF2E00040F2D742F2
:10A03000C2F20000CAF8FC0147F60740CAF8FC016A
:10A0400042F2000040F68B03C0F26000CAF838000C
:10A050000020CAF8540045F2B520C1F6E411CBF255
:10A060006830CDF27602C7F23F33FAF7E1F84FF0ED
:10A070008040CAF8280648F60550CEF20070CAF8AB
:10A0800020061120C0F28300C9F8000400BF00BF01
:10A09000DAF800004000FBD44FF4C050CAF8380092
:10A0A00042F21200CAF80400DAF804004000FBD5BE
:10A0B0000298DAF81C1000EB880032463B46C0F8E4
:10A0C0000411DAF81C10C0F80811DAF81C10C0F8F6
:10A0D0000C11DAF81C10C0F8101120462946CAF8F5
:10A0E000FCB1FAF7D5F8B8F13C0F08F1040893D3A6
:10A0F00040F686010020CAF85400C3F60001CAF8F1
:10A10000FC118021CAF804124FF41811CAF8381053
:10A1100042F20001C0F24001CAF83810CAF85400F7
:10A1200045F6235041F6F11146F22D3241F6DF0398
:10A1300040F20414CFF2DA30C1F25A01C5F605023A
:10A14000C4F67D23C0F60044FAF772F8A220CAF8DC
:10A150004000CAF8204600BFDAF84000B0F1FF3FE7
:10A16000FADC48F205140020C0F61014F1F70AF9E1
:10A17000CAF81C004FF08040CAF828061120C0F22F
:10A180008300CAF82046A0F580301090C9F800047A
:10A19000029C129D00BF00BFDAF800004000FBD413
:10A1A0004FF4C050CAF8380042F21200CAF8040056
:10A1B000DAF804004000FBD5DAF81C00C4F8040209
:10A1C000DAF81C00C4F80802DAF81C00C4F80C0223
:10A1D000DAF81C00C4F8100245F6216048F68971CF
:10A1E0004AF27A5242F2CF630026C0F20D70C5F2F5
:10A1F000AF01C1F24E42C8F24673C8F20116FAF737
:10A2000017F8CAF8046245F20600CAF8040000BF55
:10A21000DAF804004000FBD5DAF81C0020604CF2AC
:10A22000BB2045F26C5143F628424CF29743C2F6EC
:10A23000DA70C0F2B861C3F63D02CBF65673F9F797
:10A24000F7FFFAF781F8A220CAF8400040F20410A4
:10A25000C0F62040CAF82006DAF84000B0F1FF3F0F
:10A26000FADC0020F1F78EF8CAF81C000020002468
:10A27000C8F20100CAF804020520C1F23054C0F24D
:10A280004230C9F8000400BFDAF800004000FBD4F7
:10A290004FF4C050CAF838000D20C0F20200C9F8CF
:10A2A000000400BF00BF00BFDAF800004000FBD48C
:10A2B0004FF4C050CAF8380043F2E040CAF8FC013D
:10A2C000A720CAF84000CAF8045200BF00BF00BF70
:10A2D000DAF84000B0F1FF3FFADC40F22B20F1F752
:10A2E00051F8CAF81C000020CAF8540043F26C2050
:10A2F00041F664014AF6B11243F67C33C9F20230EA
:10A30000C9F60D41CDF25E62C2F29B73F9F7C0FF50
:10A31000F1F7B2FB4BF2E040CAF8FC010C20CAF89E
:10A32000FC01A720CAF84000CAF8045200BF00BFD1
:10A33000DAF84000B0F1FF3FFADC40F22B20F1F7F1
:10A3400021F8CAF81C000020CAF8540041F2C47079
:10A3500048F6D33149F6B45243F6CC43C0F2A2706A
:10A36000C4F6D351CDF6ED72CEF67553F9F790FFE2
:10A37000F1F7DAFCA220CAF840004420C0F6000041
:10A38000CAF8200600BF00BFDAF84000B0F1FF3F76
:10A39000FADC0020F0F7F6FFCAF81C00A220CAF889
:10A3A00040001198CAF82006DAF84000B0F1FF3FEB
:10A3B000FADC48F204150020CEF60005F0F7E2FFC3
:10A3C000CAF81C0040F68400CAF8FC014BF2A04019
:10A3D000CAF8FC010420CAF8FC014BF2C040CAF8DC
:10A3E000FC014020CAF8FC0140F6E700CAF8FC0175
:10A3F000CAF80040681C4BF62F1440F27E4548F620
:10A40000821646F6FB4742F28548CCF60154C7F265
:10A410008165CFF28716CFF64D374FF0000B1290C3
:10A4200042F6860043F67731C3F22040CAF8FC01B9
:10A430004DF2E0004DF67042C2F20000CAF8FC0195
:10A4400047F60740CAF8FC0142F2000040F64773A5
:10A45000C0F26000CAF838000020CAF8540049F27F
:10A46000A660CCF21721CAF2E810C2F25022CCF258
:10A470009E73F9F7DDFE4FF08040CAF82806129867
:10A48000CAF820061120C0F28300C9F8000400BFFA
:10A49000DAF800004000FBD44FF4C050CAF838008E
:10A4A00042F21200CAF80400DAF804004000FBD5BA
:10A4B0000098DAF81C1000EB8B0032463B464160F6
:10A4C000DAF81C108160DAF81C10C160DAF81C1090
:10A4D000016120462946CAF8FC81F9F7D9FEBBF193
:10A4E0003C0F0BF1040B9BD340F686010020CAF809
:10A4F0005400C3F60001CAF8FC118021CAF8041206
:10A500004FF41811CAF8381042F20001C0F24001AD
:10A51000CAF83810CAF854004CF2AC1048F6F531BD
:10A520004AF6767241F2CD03C2F6D420C0F6155138
:10A53000CCF6A962CCF27313F9F77AFE00254FF03E
:10A540008040CAF8280648F20410C8F20115052117
:10A55000CEF60000CAF8200605F52070C0F2890189
:10A56000CAF80402C9F80014DAF800004000FBD46D
:10A570004FF4C050CAF8380042F21200CAF8040082
:10A58000009C00BF00BF00BFDAF804004000FBD50C
:10A59000DAF81C00C4F80401DAF81C00C4F8080159
:10A5A000DAF81C00C4F80C01DAF81C00C4F8100139
:10A5B00042F2554046F64E6140F2966240F2F74351
:10A5C000C9F2C970CCF28711C3F61C72C6F24A33C5
:10A5D000F9F72EFEA220CAF8400040F20410C0F69F
:10A5E0000040CAF8200600BFDAF84000B0F1FF3F93
:10A5F000FADC0020F0F7C6FECAF81C004FF08040DD
:10A60000CAF8280648F20510C0F61010CAF820064D
:10A610001098C9F8000400BFDAF800004000FBD42D
:10A620004FF4C050CAF8380042F21200CAF80400D1
:10A63000DAF804004000FBD5DAF81C00C4F8140175
:10A64000DAF81C00C4F81801DAF81C00C4F81C0180
:10A65000DAF81C00C4F8200146F2361046F21A510E
:10A6600049F2BD4242F29633C3F2D070CEF62C418D
:10A67000C9F2E752C5F29943F9F7DAFDCAF8045274
:10A6800045F20600CAF80400DAF804004000FBD5E1
:10A69000DAF81C00206040F6E15043F2860144F6EF
:10A6A00095524EF20633C1F6AA50C2F26221C1F2AF
:10A6B0008F02CBF22113F9F71BFE4020CAF8B80035
:10A6C000DAF82800C004FBD4002054E04CF2EF205C
:10A6D00047F6D27143F64A4241F28E33C0F6543007
:10A6E000C8F25A11CCF67052C6F6B553F9F700FE0F
:10A6F0004020CAF8B80000BFDAF82800C004FBD434
:10A7000036E04FF6EC3041F6034145F61C4245F287
:10A71000B303CFF22A50C8F65771C3F24162CDF6A7
:10A720001D53F9F7E5FD4020CAF8B80000BF00BF8F
:10A73000DAF82800C004FBD41AE04BF6180042F205
:10A74000800146F25D3249F68A43CDF60C20CAF20A
:10A750002E31C4F26652C4F69653F9F7C9FD402073
:10A76000CAF8B80000BF00BFDAF82800C004FBD464
:10A770000220C0F2010013B0BDE8F08FD4D4D4D4CD
:10A780002DE9F04741F20045C4F23B05D5F8BC1075
:10A79000C9061CBF4FF00110BDE8F08741F6242A1E
:10A7A0000446C4F23B0A0120C0F2400048F600070C
:10A7B000CAF8DC002046C3F600070026EE64F1F775
:10A7C0007BFB4BF22040C5F800020A20C5F80002CE
:10A7D000C5F800720220C5F8000243F20140C1F240
:10A7E0000000C5F80002C5F800720321C5F8001288
:10A7F000C5F80002C5F800720521C5F80012C5F8B9
:10A80000000242F60100C3F22040C5F8000243F204
:10A810000140C2F20000C5F800024FF4F840C5F84C
:10A82000000242F20000C0F26000E863AE652068FA
:10A8300009281AD8DFE800F005481919701984981A
:10A84000345C4FF43800E86346F6FB1046F62311FB
:10A8500043F25F5248F2D143CDF29670C9F63451BB
:10A86000C3F61422C3F2845391E0A7F5F840C5F86B
:10A8700000028020C5F808024FF42600E8634DF678
:10A8800082204CF6982149F2E47241F2BD13CEF6D3
:10A890008600CAF25041CDF20E32CFF6716376E0F7
:10A8A0004FF43700E8634AF2651045F281314BF20C
:10A8B000A1224EF27C43CAF6FA10CCF68F31CDF2CB
:10A8C0005F72C1F2B13362E04FF43000E86340F2EE
:10A8D000E17048F234714EF65D0242F6C173CFF278
:10A8E0000D20CEF61841C2F29E02CBF65E334EE04A
:10A8F0004FF43900E86340F64E2048F2EB314DF258
:10A900006D3248F23A23C0F25450C1F68651CDF66A
:10A910008742C6F220333AE04FF43300E8634BF647
:10A92000E0504CF203114FF6B45240F66853C9F2AE
:10A93000EE70C8F66051C9F24732CEF23C0326E011
:10A940004FF43500E8634BF66B504CF277514EF6FE
:10A95000816248F25513CDF2CE40C8F68271C5F23D
:10A960008602C8F2897312E04FF43600E86345F2BC
:10A97000573040F6B27141F2A05249F6DC33C3F6CB
:10A98000CF60C0F60811C1F2B732C1F62403F9F75F
:10A990007FFC49F2FC3045F6D23147F68A124BF67D
:10A9A000EC23C6F21E40C3F6D861C9F26332C4F28A
:10A9B0001A23F9F73DFC4FF48000E863E86B40028E
:10A9C00000F12482F52440F2A230C0F60724686426
:10A9D000CAF8004000BF00BF686CB0F1FF3FFBDC6D
:10A9E00048F62A3041F28407C0F28150C3F247078B
:10A9F000F0F7C8FC286240F68350C0F6DF20F0F77D
:10AA0000C1FC28624AF6BD50C0F63740F0F7BAFCE8
:10AA1000286246F66B10CAF6AE20F0F7B3FC286247
:10AA2000CAF8007000BF00BF686CB0F1FF3FFBDCEC
:10AA300047F25D2040F20408C0F2EA10C0F60008B8
:10AA4000F0F7A0FC2862A2206864CAF8008000BF6A
:10AA5000686CB0F1FF3FFBDC0020F0F793FC28624C
:10AA600007F11000CAF80000686CB0F1FF3FFBDC92
:10AA700047F25D20C0F2EA20F0F784FC2862A220B1
:10AA80006864CAF8008000BF686CB0F1FF3FFBDC6F
:10AA90000020F0F777FC286240F2A2306864CAF820
:10AAA000004000BF00BF00BF686CB0F1FF3FFBDC9F
:10AAB00041F6383048F6055440F21109C1F65750B6
:10AAC000CFF20074C0F28809F0F75CFC286248F607
:10AAD0007240C1F6EE50F0F755FC286248F2DD30C6
:10AAE000CCF6D260F0F74EFC286243F62310C6F68F
:10AAF000C260F0F747FC28624DF2363042F29C31DA
:10AB00004AF26A524CF6C323C0F25700CFF22861D2
:10AB1000CEF26652C3F2FE73F9F78AFB40F20010E0
:10AB2000C4F20000CAF8080004F58050CAF800001A
:10AB30004FF00050A863C5F8009000BF00BF00BFF1
:10AB400068684000FCD410274FF4C050C2F20007E0
:10AB5000E8634FF08040CAF80800CAF80040AF63CD
:10AB6000C5F8009000BF00BF68684000FCD44FF6F5
:10AB700000641126CFF6FF74C0F242064FF4C050B5
:10AB8000E86308F181004AF804002E6000BF00BFAE
:10AB900068684000FCD44FF4C050E8634EF63E6055
:10ABA0004AF22C2145F6A4224FF26D33C2F23870DE
:10ABB000CEF2C601CFF22A02CCF69F53F9F738FB4A
:10ABC00008F191004AF804002E6000BF00BF00BFEA
:10ABD00068684000FCD44FF4C050E8634BF220405A
:10ABE000C5F800024FF4D870C5F8000243F60140E2
:10ABF000C5F800024FF08040CAF8080048F605503A
:10AC0000C0F20070CAF8000007F11000A863C5F890
:10AC1000009000BF00BF00BF68684000FCD4052161
:10AC20004FF4C050C8F61041E863CAF80010A9F507
:10AC3000C020286000BF00BF68684000FCD44FF609
:10AC4000086748F24409CFF6FF77C4F600294FF4AD
:10AC5000C050E86340F2A12068644FF080404AF899
:10AC600007004AF8049000BF686CB0F1FF3FFBDCBE
:10AC700048F204180020C0F60068F0F783FB286251
:10AC80004FF080404AF807004AF8048000BF00BF38
:10AC9000686CB0F1FF3FFBDC4EF6A730C0F28B10C2
:10ACA000F0F770FB28624FF080404AF807004AF83E
:10ACB000048000BF00BF00BF686CB0F1FF3FFBDC49
:10ACC0004EF6A7300124C0F28B20C8F28404F0F7BE
:10ACD00059FB212128624BF22040C5F800024FF4B5
:10ACE000E870C5F8000204F58020C0F24131C5F8D3
:10ACF0000802296000BF00BF68684000FCD44FF420
:10AD0000C050E86346F2214046F2510144F2F95244
:10AD100045F2E453CBF65860C0F6B231CAF2C552E0
:10AD2000CEF28763F9F784FA09F58D00CAF80000BE
:10AD3000686CB0F1FF3FFBDC0020F0F723FB40F232
:10AD4000C4412862C0F64761CAF8001000BF00BFC6
:10AD5000686CB0F1FF3FFBDC4DF63830C0F25210AA
:10AD6000F0F710FB286209F56030CAF8000000BF58
:10AD7000686CB0F1FF3FFBDC0020F0F703FB2862BA
:10AD800008F56130CAF80000686CB0F1FF3FFBDCE9
:10AD900043F20E70C0F2F710F0F7F4FA28624BF2AB
:10ADA0002040C5F800024FF4E070C5F80002112001
:10ADB000C0F24230C5F80842286000BF00BF00BFA3
:10ADC00068684000FCD44FF4C050E86340F20220B1
:10ADD000CAF8E40046F6FE004DF2137148F611225F
:10ADE00049F6A443CDF27700CAF6BA11CEF23A2260
:10ADF000C5F6C223F9F77CFA4020C5F8BC0000BFB5
:10AE0000E86AC004FCD40020BDE8F0874EF6E330C9
:10AE100049F6643142F6C83249F23403CFF2DC30ED
:10AE2000CCF24831C7F6A332CBF25343F9F760FABC
:10AE30004020C5F8BC000220C0F2010000BF00BFE6
:10AE4000E96AC904FCD4BDE8F087D4D4D4D4D4D4FE
:10AE50002DE9F04F81B041F20447C4F23B07D7F827
:10AE6000B43013F01E0F03D04FF0011000F00ABCF5
:10AE7000064641F6003041F2000440F2A038C4F228
:10AE80003B00C4F23B0415468A46C8F20108012182
:10AE9000C0F2530101600020B8644FF4803020609C
:10AEA0004FF465606062C7203864A8F53070C7F859
:10AEB000040200BF00BF00BF386CB0F1FF3FFBDCF5
:10AEC0003068F86100207865A7203864C7F80482EC
:10AED000386CB0F1FF3FFBDC5320F0F753FAF86118
:10AEE0000020786544F2D32044F6237143F6110222
:10AEF00048F29F63CEF2E930CFF6C851CDF6530247
:10AF0000C0F64C13F9F7C4F9F0F7B6FD4BF2E04088
:10AF1000C7F8FC010A20C7F8FC01A7203864C7F86D
:10AF2000048200BF00BF00BF386CB0F1FF3FFBDC04
:10AF3000009544255320C0F60005F0F723FAF86188
:10AF40000020786544F609104CF6DA6149F6925211
:10AF500049F24053C3F2A060C2F64051C9F2A012B8
:10AF6000C8F67833F9F794F9F0F7DEFEA2203864DA
:10AF7000C7F8205600BF00BF386CB0F1FF3FFBDCC4
:10AF800040F2007840F2000B40F221090020C4F2A8
:10AF90000008C1F2B05BC0F2C2090025F0F7F2F977
:10AFA000F86142F2C230386449F20710CEF6000070
:10AFB000C7F82886C7F82006C7F800B04FF0040E7F
:10AFC0004FF4C05000BF00BF396CB1F1FF3FFBDC54
:10AFD00006EB85014A68FA618A68FA61CA68FA6113
:10AFE0000A69FA6100BF00BF3A6CB2F1FF3FFBDCB7
:10AFF0004A69FA618A69FA61CA69FA61096AF9619A
:10B00000C4F8009400BF00BF39684900FCD408357B
:10B01000B8630FF027C848F20511002078654FF09B
:10B020008040CEF60001C7F82806C7F8201600BFFA
:10B03000386CB0F1FF3FFBDCD6F88400F861D6F83D
:10B040008800F8610521D6F88C00F861C0F2C001D3
:10B05000D6F89000F8614FF091503860C4F80014B1
:10B0600038684000FCD401F5003B4FF4C050B86391
:10B07000C4F800B400BF00BF38684000FCD40D2104
:10B080004FF4C050C0F20201B8630D46C4F800147A
:10B0900038684000FCD448F605514FF4C050B863FE
:10B0A00040F2C23038644FF08040C0F20071C7F8FF
:10B0B0002806C7F8201600BF386CB0F1FF3FFBDC54
:10B0C000D6F89400F861D6F89800F861D6F89C009C
:10B0D000F861D6F8A000F86105201121C9F61040EA
:10B0E000C0F28201C7F82006C4F8001400BF00BFF8
:10B0F00038684000FCD44FF4C050B86344F64B406D
:10B100004BF2E6314FF628224DF29823C6F2232067
:10B11000C5F60831C0F6B732CAF6DB23F9F788F86E
:10B120004FF48000B863B86B400200F16E820A21D0
:10B130002020C1F2100120614FF4C660E061881D3B
:10B1400060604FF0011020602068C007FCD148F219
:10B15000071141F6C270386440F20070C0F6000179
:10B16000C4F20000C7F82806C7F820164FF08D502B
:10B1700038604FF0040E00204FF4C05100BF00BFF4
:10B180003A6CB2F1FF3FFBDC0AEB80025AF8203048
:10B19000FB615368FB619368FB61D368FB6100BF8F
:10B1A0003B6CB3F1FF3FFBDC1369FB615369FB614F
:10B1B0009369FB61D269FA61C4F8009400BF00BFD3
:10B1C0003A685200FCD40830B9630FF027C840F247
:10B1D00000090020C1F2B059786509F5F000386027
:10B1E00040F2A0300521C8F20100C0F20301403056
:10B1F000C7F80402C4F8001438684000FCD40521E4
:10B20000AA464FF4C050C0F24331B863C4F80014EA
:10B2100038684000FCD44DF6E0314FF4C050C3F61E
:10B220000001B863C7F8FC118020C7F804024FF48E
:10B230001810B8634FF0CE503860A2203864442014
:10B24000C0F6000000F1C005C7F8205600BF00BFDF
:10B25000386CB0F1FF3FFBDC0120F0F793F8F861A8
:10B260000520C0F2C00000F17806C4F8006400BFF9
:10B2700038684000FCD44FF4C050B863C4F800B440
:10B2800038684000FCD44FF4C050B863C4F800A440
:10B2900038684000FCD44FF4C050B8634FF42460C9
:10B2A00060614FF40870A06140F6380020620A2007
:10B2B000C1F2100060604FF00110206000BF00BFBD
:10B2C0002068C007FCD14FF42100B8634FF0CE5086
:10B2D0003860A2203864C7F8205600BF00BF00BF06
:10B2E000386CB0F1FF3FFBDC0220F0F74BF8F8615F
:10B2F000C4F8006400BF00BF38684000FCD44FF4BD
:10B30000C050B863C4F800B438684000FCD44FF4AF
:10B31000C050B863C4F800A438684000FCD44FF4AF
:10B32000C050B8634FF4C66060614FF42460A06100
:10B3300040F6380020620A20C1F2100060604FF031
:10B340000110206000BF00BF2068C007FCD140F69C
:10B35000380060614FF40870A0614FF424602062EF
:10B360000A20C1F2100060604FF00110206000BFA1
:10B370002068C007FCD14FF40410B86343F60D40B9
:10B3800045F23D214BF67F0240F2B563CDF2EF402E
:10B39000C1F23321C8F68632CAF6F743F8F748FF00
:10B3A0004FF48000B863B86B400200F14D8142F663
:10B3B000033041F6B33141F2CB1248F20263C8F2D6
:10B3C0002F20C8F2CC71C9F29F12C5F2C613F8F74C
:10B3D0002FFF0F214FF4087060614FF40A70A061D5
:10B3E0004FF4C660E06140F63800C0F210112062F0
:10B3F00061604FF4003078604FF00110206000BFB2
:10B400002068C007FCD14FF45060B86344F61E10AA
:10B4100048F2E8714AF6872243F6FC4340F2210ADB
:10B42000C1F2EF30C3F63E41C0F2A702C8F2973333
:10B43000C0F2830AF8F7FCFE48F207180AF110067A
:10B44000C0F6000809F1027038604FF40070C7F8C8
:10B450002806C7F82086C4F8006400BF00BF00BFFC
:10B4600038684000FCD44FF4C050B86342F2320058
:10B470007860009D00BF00BF78684000FCD5F86987
:10B480002860F8696860F869A860F869E86000BF3A
:10B4900078684000FCD5F8692861F8696861F86946
:10B4A000A861F869E86100BF78684000FCD5F869D8
:10B4B0002862F8696862F869A862F869E86241F28E
:10B4C000D4404CF2E75145F6883247F27503CEF688
:10B4D000E570C7F6E851C8F6F352C0F6D813F8F78E
:10B4E000A7FE4FF40070C7F82806C7F82086C4F8F6
:10B4F000006400BF00BF00BF38684000FCD44FF4B8
:10B50000C050B86342F23200786000BF00BF00BF95
:10B5100078684000FCD5F8692863F8696863F869C1
:10B52000A863F869E86300BF78684000FCD5F86953
:10B530002864F8696864F869A864F869E86400BF79
:10B5400078684000FCD5F8692865F8696865F8698D
:10B55000A865F869E86545F64A6048F22C714EF630
:10B56000BD4241F21653C4F64970C3F67961C0F684
:10B57000D642CCF69C03F8F75BFE4FF48070C7F818
:10B580002806C7F82086C4F800A400BF00BF00BF8B
:10B5900038684000FCD44FF4C050B86342F2220037
:10B5A000786000BF00BF00BF78684000FCD5F86934
:10B5B0002866F8696866F869A866F869E86600BFF1
:10B5C00078684000FCD5F8692867F8696867F86909
:10B5D000A867F869E86742F23C2043F6436149F204
:10B5E0004F0249F2AF33CAF2FE00CDF26D11C3F241
:10B5F000A432C6F22113F8F77BFE4020C7F8B4004E
:10B60000B86AC004FCD400203CE044F2F23040F2BE
:10B61000593146F2772242F62043CDF2CA60C0F299
:10B62000FB21CEF2F402CEF2FD13F8F761FE4020CA
:10B63000C7F8B40000BF00BFB86AC004FCD4022041
:10B64000C0F2010010301DE04EF2A2104AF69B41FC
:10B6500041F67E5249F61B43CDF6DA70C9F27F01FE
:10B66000CBF6C052CCF67833F8F742FE4020C7F84C
:10B67000B40000BF00BF00BFB86AC004FCD4022001
:10B68000C0F2010001B0BDE8F08FD4D4D4D4D4D43A
:10B690002DE9F04F81B041F20447C4F23B07D7F8DF
:10B6A000B43013F01E0F03D04FF0011000F00ABCAD
:10B6B000064641F6003041F2000440F2A039C4F2DF
:10B6C0003B00C4F23B0490460D46C8F2010901213B
:10B6D000C0F2540101600020B8644FF48030206053
:10B6E0004FF465606062C7203864A9F53070C7F810
:10B6F000040200BF00BF00BF386CB0F1FF3FFBDCAD
:10B700003068F86100207865A7203864C7F8049293
:10B71000386CB0F1FF3FFBDC5420EFF733FEF861EB
:10B72000002078654DF60A6045F6E2014DF27D6233
:10B730004BF28453CDF62F10C8F6BB21C5F69642C6
:10B74000C3F20313F8F7A4FDF0F796F94BF2E040CB
:10B75000C7F8FC010B20C7F8FC01A7203864C7F824
:10B76000049200BF00BF00BF386CB0F1FF3FFBDCAC
:10B77000CDF8008040F244085420C0F60008EFF7EE
:10B7800001FEF8610020786545F2D1004DF24111CB
:10B7900044F604424AF69F23C5F28670CCF6941113
:10B7A000C4F2A062C5F25043F8F772FDF0F7BCFA9C
:10B7B000A2203864C7F82086386CB0F1FF3FFBDC6C
:10B7C00040F2007B40F2000A40F205080020C4F27B
:10B7D000000BC1F2100AC0F2C2084FF00009EFF7E7
:10B7E000D1FD48F60753F861CFF2007343F6C270FB
:10B7F0003864C7F828B603F58050C7F820060AF168
:10B80000B46038604FF0040EDC4608F11C0A4FF4B7
:10B81000C05000BF00BF00BF396CB1F1FF3FFBDC7F
:10B8200006EB89014A68FA618A68FA61CA68FA61B6
:10B830000A69FA6100BF00BF3A6CB2F1FF3FFBDC5E
:10B840004A69FA618A69FA61CA69FA61096AF96141
:10B85000C4F800A400BF00BF39684900FCD409F156
:10B860000809B8630FF029C0002078650020C7F8E8
:10B8700028C6C1F21000C7F8203600F166703860A3
:10B880004FF0040EE04620204FF4C05100BF00BF2F
:10B890003A6CB2F1FF3FFBDC06EB80025368FB61C0
:10B8A0009368FB61D368FB611369FB6100BF00BF54
:10B8B0003B6CB3F1FF3FFBDC5369FB619369FB61B8
:10B8C000D369FB61126AFA61C4F800A400BF00BF2B
:10B8D0003A685200FCD40830B9630FF027C848F624
:10B8E00005510020786540F2C23038644FF0804046
:10B8F000C0F20071C7F82806C7F8201600BF00BFC5
:10B90000386CB0F1FF3FFBDCD6F80401F861D6F8E3
:10B910000801F861D6F80C01F861D6F81001F86159
:10B9200005201121C9F61040C0F28201C7F8200697
:10B93000C4F8001400BF00BF38684000FCD44FF4C6
:10B94000C050B8634DF2D3204BF69F7145F6EF22FD
:10B9500049F21073C5F6DA10C0F66141C4F23252F2
:10B96000CEF64A63F8F764FC4FF48000B863B86B16
:10B97000400200F16A82202020614FF4C660E0613D
:10B980000020C1F21000103060604FF00110206004
:10B990002068C007FCD148F2071B41F6C270C0F610
:10B9A000000B3864C7F82886C7F820B64FF08D50D2
:10B9B00038604FF0040E00204FF4C05100BF00BFAC
:10B9C0003A6CB2F1FF3FFBDC05EB800255F820300A
:10B9D000FB615368FB619368FB61D368FB6100BF47
:10B9E0003B6CB3F1FF3FFBDC1369FB615369FB6107
:10B9F0009369FB61D269FA61C4F800A400BF00BF7B
:10BA00003A685200FCD40830B9630FF027C8002010
:10BA1000786500200521C1F21000C0F2030100F199
:10BA2000C360386040F2A030C8F201004030C7F86F
:10BA30000402C4F8001400BF38684000FCD405219B
:10BA40004FF4C050C0F24331B863C4F8001400BFD3
:10BA500038684000FCD44DF6E0314FF4C050C3F6D6
:10BA60000001B863C7F8FC118020C7F804024FF446
:10BA70001810B8634FF0CE503860A22038644420CC
:10BA8000C0F6000000F1C006C7F8206600BF00BF86
:10BA9000386CB0F1FF3FFBDC40F27D090120C0F2C1
:10BAA000C009EFF76FFCF861C4F8009400BF00BF55
:10BAB00038684000FCD44FF4C050B8630520C0F291
:10BAC000C200C4F8000400BF38684000FCD440F253
:10BAD0000D0A4FF4C050C0F2020AB863C4F800A4C3
:10BAE00038684000FCD44FF4C050B8634FF4246071
:10BAF00060614FF40870A06140F6380020620020B9
:10BB0000C1F2100000F10A0565604FF001102060DD
:10BB10002068C007FCD14FF42100B8634FF0CE502D
:10BB20003860A2203864C7F8206600BF00BF00BF9D
:10BB3000386CB0F1FF3FFBDC0220EFF723FCF8612B
:10BB4000C4F8009400BF00BF38684000FCD44FF434
:10BB5000C050B8630520C0F2C200C4F80004009EC3
:10BB600038684000FCD44FF4C050B863C4F800A457
:10BB700038684000FCD44FF4C050B8634FF4C6603E
:10BB800060614FF42460A06140F638002062656077
:10BB90004FF00110206000BF2068C007FCD140F6C4
:10BBA000380060614FF40870A0614FF42460206297
:10BBB00065604FF0011020602068C007FCD14FF491
:10BBC0000410B86349F2A96045F6EA1147F2482229
:10BBD00044F21A03CCF64620C0F66141C8F20D3299
:10BBE000C8F6A353F8F724FB4FF48000B863B86B92
:10BBF000400200F1498142F2425042F2747146F62D
:10BC0000D24248F26A03C6F2FA70CFF68061CEF6ED
:10BC10007802CCF6CC33F8F70BFB4FF40870606178
:10BC20004FF48560A0614FF4C660E06140F63800D3
:10BC300020620020C1F2100060604FF40030786094
:10BC40004FF00110206000BF2068C007FCD14FF406
:10BC50005060B863A22041F20E2143F273024BF20E
:10BC6000241340F22108CCF65450C3F2A501C0F6CB
:10BC7000F162C6F21713C0F28308F8F7D9FA002070
:10BC800008F11005C1F2B87038604FF40070C7F8C1
:10BC90002806C7F820B6C4F8005400BF00BF00BF94
:10BCA00038684000FCD44FF4C050B86342F2320010
:10BCB000786000BF00BF00BF78684000FCD5F8691D
:10BCC0003060F8697060F869B060F869F06000BFD2
:10BCD00078684000FCD5F8693061F8697061F869EE
:10BCE000B061F869F06100BF78684000FCD5F86980
:10BCF0003062F8697062F869B062F869F06244F223
:10BD000046404EF2B15144F2472244F25C13C7F26E
:10BD10005020CEF2BC41C2F27E62CBF61243F8F75D
:10BD200087FA4FF40070C7F82806C7F820B6C4F8A1
:10BD3000005400BF00BF00BF38684000FCD44FF47F
:10BD4000C050B86342F23200786000BF00BF00BF4D
:10BD500078684000FCD5F8693063F8697063F86969
:10BD6000B063F869F06300BF78684000FCD5F869FB
:10BD70003064F8697064F869B064F869F06400BF11
:10BD800078684000FCD5F8693065F8697065F86935
:10BD9000B065F869F06544F2E43044F2AB6143F613
:10BDA0003B4242F65F23CFF63E50CDF24051CDF2FA
:10BDB000E762C2F2D753F8F73BFA4FF48070C7F846
:10BDC0002806C7F820B6C4F8008400BF00BF00BF33
:10BDD00038684000FCD44FF4C050B86342F22200EF
:10BDE000786000BF00BF00BF78684000FCD5F869EC
:10BDF0003066F8697066F869B066F869F06600BF89
:10BE000078684000FCD5F8693067F8697067F869B0
:10BE1000B067F869F06748F2DD404EF2356143F6ED
:10BE2000D3524DF2BA23C7F2BC50CDF63231C8F22C
:10BE3000BB22CDF22D73F8F75BFA4020C7F8B400AF
:10BE4000B86AC004FCD400203CE042F212204CF25C
:10BE5000FE0141F2DE424AF20F33C1F6B260CFF684
:10BE60003671CEF62862CEF2AA03F8F741FA4020E6
:10BE7000C7F8B40000BF00BFB86AC004FCD40220F9
:10BE8000C0F2010010301DE048F62F7046F69761B1
:10BE900041F2312249F24143CEF25020C2F68F01E5
:10BEA000C0F2BC12C1F2EC63F8F722FA4020C7F8E6
:10BEB000B40000BF00BF00BFB86AC004FCD40220B9
:10BEC000C0F2010001B0BDE8F08FD4D4D4D4D4D4F2
:10BED0002DE9F04F81B041F20449C4F23B09D9F891
:10BEE000B43013F01E0F03D04FF0011000F087BCE8
:10BEF000064641F6003041F2000A40F2A034C4F296
:10BF00003B00C4F23B0A0D46C8F201040121C0F215
:10BF1000560101600020C9F848004FF48030CAF88B
:10BF200000004FF46560CAF82400C720C9F840003B
:10BF3000A4F53070C9F80402D9F84000B0F1FF3F11
:10BF4000FADC00923068C9F81C000020C9F85400DF
:10BF5000A720C9F84000C9F8044200BF00BF00BFD5
:10BF6000D9F84000B0F1FF3FFADC5620EFF70AFAAB
:10BF7000C9F81C000020C9F854004DF2332047F6E0
:10BF8000A56148F2B22240F66853CAF6DB60CBF2F4
:10BF90009631C4F68832CDF2E133F8F779F9EFF74C
:10BFA0006BFD4BF2E040C9F8FC010C20C9F8FC0124
:10BFB000A720C9F84000C9F8044200BF00BF00BF75
:10BFC000D9F84000B0F1FF3FFADC44275620C0F614
:10BFD0000007EFF7D7F9C9F81C000020C9F8540092
:10BFE00040F2E4704BF68E3149F2872244F6892301
:10BFF000C5F6C760C0F6DC21CFF2D052C1F2FF23F4
:10C00000F8F746F9EFF790FEA220C9F84000C9F80A
:10C01000207600BF00BF00BFD9F84000B0F1FF3F5D
:10C02000FADC40F6007B002440F221080020C4F234
:10C03000000BC1F23054C0F2C2080027EFF7A2F99A
:10C04000C9F81C0044F2C230C9F8400049F2071098
:10C05000CEF60000C9F828B6C9F82006C9F8004095
:10C060004FF0080E4FF4C050D9F84010B1F1FF3F27
:10C07000FADC06EB87014A68C9F81C208A68C9F80F
:10C080001C20CA68C9F81C200A69C9F81C2000BF16
:10C09000D9F84020B2F1FF3FFADC4A69C9F81C2008
:10C0A0008A69C9F81C20CA69C9F81C20096AC9F83C
:10C0B0001C10CAF8008400BFD9F800104900FBD456
:10C0C0000837C9F838000FF031C848F205110020D0
:10C0D000C9F854004FF08040CEF60001C9F8280698
:10C0E000C9F8201600BF00BFD9F84000B0F1FF3FEB
:10C0F000FADCD6F80401C9F81C00D6F80801C9F822
:10C100001C0040F2050BD6F80C01C9F81C00C0F267
:10C11000C00BD6F81001C9F81C004FF09150C9F8B7
:10C120000000CAF800B400BFD9F800004000FBD4FA
:10C130000BF500374FF4C050C9F83800CAF8007446
:10C14000D9F800004000FBD40D214FF4C050C0F2DC
:10C150000201C9F83800CAF8001400BF00BF00BFD0
:10C16000D9F800004000FBD448F605514FF4C05008
:10C17000C9F8380040F2C230C9F840004FF08040A2
:10C18000C0F20071C9F82806C9F8201600BF00BF28
:10C19000D9F84000B0F1FF3FFADCD6F81401C9F835
:10C1A0001C00D6F81801C9F81C00D6F81C01C9F803
:10C1B0001C00D6F82001C9F81C0005201121C9F681
:10C1C0001040C0F28201C9F82006CAF8001400BF6E
:10C1D000D9F800004000FBD44FF4C050C9F8380033
:10C1E00046F6B9304FF6A85148F63F2245F2B4530F
:10C1F000CFF26F20C9F62811C9F26702C8F61B53A7
:10C20000F8F716F84FF48000C9F83800D9F838006C
:10C21000400200F1B7820A212020C2F22001CAF8B0
:10C2200010000C464FF4C660CAF81C00881DCAF8FE
:10C2300004004FF00110CAF8000000BF00BF00BFAB
:10C24000DAF80000C007FBD148F2071143F6C270CC
:10C25000C9F8400040F60070C0F60001C4F20000CA
:10C26000C9F82806C9F820164FF08950C9F800000F
:10C270004FF0080E00204FF4C05100BF00BF00BFB8
:10C28000D9F84020B2F1FF3FFADC05EB800255F807
:10C290002030C9F81C305368C9F81C309368C9F8BD
:10C2A0001C30D368C9F81C30D9F84030B3F1FF3FD7
:10C2B000FADC1369C9F81C305369C9F81C3093695A
:10C2C000C9F81C30D269C9F81C20CAF8008400BF24
:10C2D000D9F800205200FBD40830C9F838100FF00C
:10C2E00031C80020C9F8540000200521C1F23050A7
:10C2F000C0F2030100F57800C9F8000040F2A03058
:10C30000C8F201004030C9F80402CAF8001400BFA6
:10C31000D9F800004000FBD440F20D080521C0F21E
:10C32000020826464FF4C050C0F24331C9F8380025
:10C33000CAF8001400BF00BFD9F800004000FBD4C9
:10C3400040F6E0314FF4C050C3F60001C9F83800A0
:10C3500001F55040C9F8FC018020C9F804024FF4EF
:10C360001810C9F838004FF0CA50C9F80000A220D0
:10C37000C9F840004420C0F6000000F1C004C9F82C
:10C38000204600BF00BF00BFD9F84000B0F1FF3F1A
:10C39000FADC0120EEF7F6FF0BF1F805C9F81C00F6
:10C3A000CAF8005400BF00BFD9F800004000FBD419
:10C3B0004FF4C050C9F83800CAF8007400BF00BF7D
:10C3C000D9F800004000FBD44FF4C050C9F8380041
:10C3D000CAF8008400BF00BFD9F800004000FBD4B9
:10C3E0004FF4C050C9F838004FF42460CAF8140064
:10C3F0004FF40870CAF8180040F63800CAF8200058
:10C40000CAF804604FF00110CAF8000000BF00BF76
:10C41000DAF80000C007FBD14FF42100C9F838005A
:10C420004FF0CA50C9F80000A220C9F84000C9F86E
:10C43000204600BF00BF00BFD9F84000B0F1FF3F69
:10C44000FADC0220EEF79EFFC9F81C00CAF800547F
:10C45000D9F800004000FBD44FF4C050C9F83800B0
:10C46000CAF8007400BF00BFD9F800004000FBD438
:10C470004FF4C050C9F83800CAF8008400BF00BFAC
:10C48000D9F800004000FBD44FF4C050C9F8380080
:10C490004FF4C660CAF814004FF42460CAF81800BC
:10C4A00040F63800CAF82000CAF804604FF00110C6
:10C4B000CAF8000000BF00BFDAF80000C007FBD1D7
:10C4C00040F63800CAF814004FF40870CAF8180093
:10C4D0004FF42460CAF82000CAF804604FF001103D
:10C4E000CAF8000000BF00BFDAF80000C007FBD1A7
:10C4F0004FF40410C9F8380044F26A3049F68E51FE
:10C5000046F6435240F2C643C4F63B20CAF2787165
:10C51000C6F6EF02C2F6D143F7F78AFE4FF4800069
:10C52000C9F83800D9F83800400200F14A8149F2D0
:10C53000D52042F6766143F64D624FF64103C0F2D4
:10C54000B430CBF69C51C0F23942C6F6A923F7F7B6
:10C550006FFE0F214FF40870CAF814004FF40A70F0
:10C56000CAF818004FF4C660CAF81C0040F638003C
:10C57000C0F22011CAF82000CAF804104FF40030AD
:10C58000C9F804004FF00110CAF8000000BF00BF56
:10C59000DAF80000C007FBD14FF2BE4548F6F216AC
:10C5A0004FF6E97746F6B5684FF45060C9F83800A1
:10C5B00040F6FF30C9F8FC014FF43440C9F8FC01E3
:10C5C0004020C9F8FC0100204FF0080BC9F29E156D
:10C5D000CCF2CB26CAF21047CCF2D8280024C1F204
:10C5E0003870C9F8000000BF40F6DE30C9F8FC0121
:10C5F00042F6E03042F63271C3F22040C9F8FC0145
:10C600004DF2C03043F2D452C2F20000C9F8FC012E
:10C6100047F61E40C9F8FC0142F2000041F6DA4339
:10C62000C0F26000C9F838000020C9F854004AF68A
:10C63000A720C4F29B21CDF22350C1F20072CBF2AD
:10C640004B03F7F7F5FD4FF48070C9F8280648F260
:10C650000710C0F60000C9F820062120C0F28300B0
:10C66000CAF8000400BF00BFD9F800004000FBD4A6
:10C670004FF4C050C9F8380042F22200C9F8040053
:10C68000009A00BF00BF00BFD9F804004000FBD5EE
:10C6900002EB8400D9F81C1042F82410D9F81C10C1
:10C6A0004160D9F81C108160D9F81C10C16000BF2E
:10C6B000D9F804104900FBD5D9F81C100161D9F84C
:10C6C0001C104161D9F81C108161D9F81C10C1619E
:10C6D0004AF2E070C9F8FC01284631463A46434622
:10C6E000C9F8FCB1F7F7D4FD382C04F10804FFF4C5
:10C6F0007BAF40F6E0310020C9F85400C3F60001DA
:10C70000C9F8FC118021C9F804124FF41811C9F8B6
:10C71000381042F20001C0F24001C9F83810C9F8DF
:10C7200054004EF2D01041F69B7144F6385249F64F
:10C73000EB13C8F24C30C2F69E21C6F26B22C9F24E
:10C740007403F7F775FD4FF40030C9F8040043F2A5
:10C75000D21049F6C2714CF2404241F27D33C5F627
:10C76000FE30C2F2EF61C0F6EC52C8F23B03F7F7BD
:10C77000BFFD4020C9F8B400D9F82800C004FBD49C
:10C7800000203CE041F237504AF2AC6145F6B1225C
:10C7900040F21443C4F6AF50CFF6B071C7F637522B
:10C7A000C4F6E423F7F7A4FD4020C9F8B40000BFA5
:10C7B000D9F82800C004FBD40220C0F201001030D8
:10C7C0001DE044F6604040F6D60143F6847241F61F
:10C7D0005213C1F61250CCF62321CCF28012CBF6C4
:10C7E0000513F7F785FD4020C9F8B40000BF00BF6E
:10C7F000D9F82800C004FBD40220C0F2010001B027
:10C80000BDE8F08FD4D4D4D42DE9F04F81B041F2FB
:10C810000449C4F23B09D9F8B43013F01E0F03D019
:10C820004FF0011000F083BC064641F6003041F2A3
:10C83000000A40F2A034C4F23B00C4F23B0A0D46A9
:10C84000C8F201040121C0F2570101600020C9F8BB
:10C8500048004FF48030CAF800004FF46560CAF811
:10C860002400C720C9F84000A4F53070C9F80402BC
:10C87000D9F84000B0F1FF3FFADC00923068C9F807
:10C880001C000020C9F85400A720C9F84000C9F8CE
:10C89000044200BF00BF00BFD9F84000B0F1FF3F25
:10C8A000FADC5720EEF76EFDC9F81C000020C9F82D
:10C8B00054004BF204604DF21E714CF2806243F260
:10C8C000E433CFF6A900CEF65411CEF27532C9F694
:10C8D0002543F7F7DDFCEFF7CFF84BF2E040C9F85E
:10C8E000FC010D20C9F8FC01A720C9F84000C9F8D7
:10C8F000044200BF00BF00BFD9F84000B0F1FF3FC5
:10C90000FADC44245720C0F60004EEF73BFDC9F8DA
:10C910001C000020C9F854004BF274104CF2E25194
:10C9200047F62B1248F60C33CFF6FB70C7F2BF5117
:10C93000C6F23342CCF63C43F7F7AAFCEFF7F4F922
:10C94000A220C9F84000C9F8204600BF00BF00BFC0
:10C95000D9F84000B0F1FF3FFADC40F6007800273C
:10C9600040F2050B0020C4F20008C1F22837C0F2E3
:10C97000C20B0024EEF706FD48F60753C9F81C0069
:10C98000CFF2007347F6C270C9F84000C9F8288694
:10C9900003F58050C9F8200607F10270C9F80000BD
:10C9A0004FF0080EC4465F460BF11C0B4FF4C0500D
:10C9B000D9F84010B1F1FF3FFADC06EB84014A6878
:10C9C000C9F81C208A68C9F81C20CA68C9F81C204C
:10C9D0000A69C9F81C2000BFD9F84020B2F1FF3F16
:10C9E000FADC4A69C9F81C208A69C9F81C20CA699E
:10C9F000C9F81C20096AC9F81C10CAF800B400BFA5
:10CA0000D9F800104900FBD40834C9F838000FF0F9
:10CA100031C80020C9F854000020C9F828C6C9F858
:10CA20002036C1F22830C9F800004FF0080E6446E5
:10CA300040204FF4C05100BFD9F84020B2F1FF3F71
:10CA4000FADC06EB80025368C9F81C309368C9F819
:10CA50001C30D368C9F81C301369C9F81C3000BFFA
:10CA6000D9F84030B3F1FF3FFADC5369C9F81C3004
:10CA70009369C9F81C30D369C9F81C30126AC9F827
:10CA80001C20CAF800B400BFD9F800205200FBD423
:10CA90000830C9F838100FF031C848F605510020A9
:10CAA000C9F8540040F2C230C9F840004FF080404D
:10CAB000C0F20071C9F82806C9F8201600BF00BFEF
:10CAC000D9F84000B0F1FF3FFADCD6F80402C9F80B
:10CAD0001C00D6F80802C9F81C00D6F80C02C9F8E8
:10CAE0001C00D6F81002C9F81C0005201121C9F657
:10CAF0001040C0F28201C9F82006CAF8001400BF35
:10CB0000D9F800004000FBD44FF4C050C9F83800F9
:10CB100044F6186048F6904149F289624DF6A32325
:10CB2000C3F6EC40C3F2C431CAF6D162CBF2B943CA
:10CB3000F7F77EFB4FF48000C9F83800D9F83800C9
:10CB4000400200F1B78240F20A082020C2F2200819
:10CB5000CAF810004FF4C660CAF81C0008F10600BD
:10CB6000CAF804004FF00110CAF8000000BF00BF6F
:10CB7000DAF80000C007FBD148F2071143F6C27093
:10CB8000C0F60001C9F84000C9F82846C9F82016C7
:10CB90004FF08950C9F800004FF0080E00204FF404
:10CBA000C05100BF00BF00BFD9F84020B2F1FF3F25
:10CBB000FADC05EB800255F82030C9F81C305368C8
:10CBC000C9F81C309368C9F81C30D368C9F81C3008
:10CBD000D9F84030B3F1FF3FFADC1369C9F81C30D3
:10CBE0005369C9F81C309369C9F81C30D269C9F877
:10CBF0001C20CAF800B400BFD9F800205200FBD4B2
:10CC00000830C9F838100FF031C80020C9F85400B6
:10CC100000200521C1F22830C0F2030100F140706C
:10CC2000C9F8000040F2A030C8F201004030C9F855
:10CC30000402CAF8001400BFD9F800004000FBD479
:10CC400005213E464FF4C050C0F24331C9F83800C8
:10CC5000CAF8001400BF00BFD9F800004000FBD4A0
:10CC600040F6E0314FF4C050C3F60001C9F8380077
:10CC700001F55040C9F8FC018020C9F804024FF4C6
:10CC80001810C9F838004FF0CA50C9F80000A220A7
:10CC9000C9F840004420C0F6000000F1C005C9F802
:10CCA000205600BF00BF00BFD9F84000B0F1FF3FE1
:10CCB000FADCFD240120C0F2C004EEF763FBC9F8E2
:10CCC0001C00CAF8004400BFD9F800004000FBD4A3
:10CCD0004FF4C050C9F83800CAF8006400BF00BF64
:10CCE000D9F800004000FBD40D274FF4C050C0F22B
:10CCF0000207C9F83800CAF8007400BF00BF00BFBF
:10CD0000D9F800004000FBD44FF4C050C9F83800F7
:10CD10004FF42460CAF814004FF40870CAF81800E1
:10CD200040F63800CAF82000CAF804804FF001101D
:10CD3000CAF8000000BF00BFDAF80000C007FBD14E
:10CD40004FF42100C9F838004FF0CA50C9F800006C
:10CD5000A220C9F84000C9F8205600BF00BF00BF9C
:10CD6000D9F84000B0F1FF3FFADC0220EEF70AFBF1
:10CD7000C9F81C00CAF80044D9F800004000FBD4F0
:10CD80004FF4C050C9F83800CAF8006400BF00BFB3
:10CD9000D9F800004000FBD44FF4C050C9F8380067
:10CDA000CAF8007400BF00BFD9F800004000FBD4EF
:10CDB0004FF4C050C9F838004FF4C660CAF81400E8
:10CDC0004FF42460CAF8180040F63800CAF8200072
:10CDD000CAF804804FF00110CAF8000000BF00BF7D
:10CDE000DAF80000C007FBD140F63800CAF814009A
:10CDF0004FF40870CAF818004FF42460CAF82000F5
:10CE0000CAF804804FF00110CAF8000000BF00BF4C
:10CE1000DAF80000C007FBD14FF40410C9F838005D
:10CE20004DF6980049F299014CF2C70242F6A4333C
:10CE3000C8F2C110CAF27B71CCF20972CEF244532F
:10CE4000F7F7F6F94FF48000C9F83800D9F8380040
:10CE5000400200F14E814DF28D704DF2AE314FF235
:10CE600001124DF26773C7F60820CEF63B41CFF6AC
:10CE70002342C1F25073F7F7DBF94FF40870CAF898
:10CE800014004FF48560CAF818004FF4C660CAF861
:10CE90001C0040F63800CAF82000A8F10A00CAF8C1
:10CEA00004004FF40030C9F804004FF00110CAF834
:10CEB000000000BF00BF00BFDAF80000C007FBD1D0
:10CEC0004FF45060C9F8380040F6FF30C9F8FC0153
:10CED0004FF43440C9F8FC014020C9F8FC0100209F
:10CEE0004EF24C3541F62D3641F23C2741F24B08CB
:10CEF000C1F228304FF0080BC0F23E65C7F2307621
:10CF0000CDF6B317CDF22568002400F18260C9F890
:10CF1000000000BF00BF00BF40F6DE30C9F8FC01D2
:10CF200042F6E03042F6DE31C3F22040C9F8FC019F
:10CF30004DF2C03041F23E32C2F20000C9F8FC01AD
:10CF400047F61E40C9F8FC0142F2000046F28C236D
:10CF5000C0F26000C9F838000020C9F8540048F257
:10CF60003870C3F25D71CAF23E00C9F6DF62CDF6D9
:10CF7000E033F7F75DF94FF48070C9F8280648F2FE
:10CF80000710C0F60000C9F820062120C0F2830077
:10CF9000CAF8000400BF00BFD9F800004000FBD46D
:10CFA0004FF4C050C9F8380042F22200C9F804001A
:10CFB000009A00BF00BF00BFD9F804004000FBD5B5
:10CFC00002EB8400D9F81C1042F82410D9F81C1088
:10CFD0004160D9F81C108160D9F81C10C16000BFF5
:10CFE000D9F804104900FBD5D9F81C100161D9F813
:10CFF0001C104161D9F81C108161D9F81C10C16165
:10D000004AF2E070C9F8FC01284631463A464346E8
:10D01000C9F8FCB1F7F73CF9382C04F10804FFF427
:10D020007BAF40F6E0310020C9F85400C3F60001A0
:10D03000C9F8FC118021C9F804124FF41811C9F87D
:10D04000381042F20001C0F24001C9F83810C9F8A6
:10D05000540041F2D13041F26F414DF2B6724FF6B9
:10D060002113C5F2B670C6F69C01C6F6A112CDF228
:10D07000A003F7F7DDF84FF40030C9F8040044F2DC
:10D08000DC5040F62C3143F24D0240F20C53C5F611
:10D09000A870C4F64621C1F2AA12C7F27463F7F76A
:10D0A00027F94020C9F8B400D9F82800C004FBD4FF
:10D0B00000203CE044F2D6604AF6576149F6BF6270
:10D0C0004DF67433C7F22540C9F23021CEF2A742A3
:10D0D000C1F67573F7F70CF94020C9F8B40000BF2A
:10D0E000D9F82800C004FBD40220C0F2010010309F
:10D0F0001DE040F6B10041F257114AF2C76240F21A
:10D100003863C9F67550C4F6BA41CAF6D932C9F6C1
:10D11000A703F7F7EDF84020C9F8B40000BF00BF3F
:10D12000D9F82800C004FBD40220C0F2010001B0ED
:10D13000BDE8F08FD4D4D4D42DE9F04F81B041F2C2
:10D140000846C4F23B06D6F8B470FF0605D04FF08F
:10D150000115284601B0BDE8F08F144640F2803238
:10D160000F460121C8F201020093C0F26E01C6F819
:10D17000F81600217164C721F16302F16001C6F85D
:10D18000001200BF00BF00BFF16BB1F1FF3FFBDC3D
:10D1900040F6FF710068B0610020C3F60001306501
:10D1A000C6F8F8114FF0800AC6F800A24FF4181024
:10D1B00070634AF2783040F2C6214EF2CC224BF630
:10D1C00009034AF680080225C2F2A170CBF2E711EA
:10D1D000CCF28902C0F2BE33C3F20008C0F20105EE
:10D1E000F7F726F84FF4800BC6F834B03846D6F877
:10D1F0003490EEF779FE5FEA492000F1C18043F2F6
:10D20000E470C6F8F801C6F8F8810520C6F8F80100
:10D2100005F11E01C6F8F811C6F8F8813021C6F8EC
:10D22000F81120214DF67C52C0F20401C6F8F81125
:10D230004BF28041C6F8F81148F68001C6F8F801B3
:10D24000C6F8F8A1C6F8F8A1C3F60001C6F8F811AF
:10D25000FE21C6F8F8114BF280414CF62973C1F259
:10D260000001C6F8F8114AF62001C6F8F801C3F229
:10D270002041CAF669726031C6F8F811C6F8F801A3
:10D28000C6F800A24FF41810706340F667404EF6DF
:10D290001021CFF29930C7F2C031CFF6BE73F6F746
:10D2A000C7FFC6F834B0706B400200F1928143F2C0
:10D2B0009F40C6F8F801A720F06340F28030C8F222
:10D2C0000100C6F8000200BFF06BB0F1FF3FFBDCCD
:10D2D0006E20EEF757F8B061002030654FF6A15090
:10D2E0004EF60D514DF2FD1241F25B73CBF2887098
:10D2F000CAF64911C3F6E802C6F2B603F6F7C8FF4C
:10D30000DDE90B042146F5F77FFF40F23D6048F66A
:10D31000253143F23D424CF68233C0F62F50C4F221
:10D320002161C5F60A52CBF28733F6F781FF002060
:10D33000C8F20110C6F8000245F20600306000BFD6
:10D3400030684000FCD5B06920604EF2497048F268
:10D35000E57143F2A0724AF29873C8F2A110C1F6C7
:10D360004F71C3F2F332C7F6D973F6F7C1FF40200D
:10D37000C6F8B40000BF00BF706AC004FCD426E148
:10D3800040F2200B48F6800A4BF2804940F2803789
:10D39000C0F2040BC3F6000AC1F20009C8F201078B
:10D3A000C720F063A7F55870C6F8000200BF00BFA1
:10D3B000F06BB0F1FF3FFBDC2068EDF7E3FFB061FD
:10D3C0000020306540F64A10C6F8F80143F2E470D8
:10D3D000C6F8F801C6F8F8810520C6F8F80105F18D
:10D3E0001E01C6F8F811C6F8F8813021C6F8F81108
:10D3F000C6F8F8B14BF28041C6F8F811C6F8F8014A
:10D400008021C6F8F811C6F8F811C6F8F8A1FF2275
:10D41000C6F8F821C6F8F891C6F8F801C6F8F8A1E0
:10D42000FE22C6F8F821C6F8F891C6F8F8014AF6C7
:10D4300020004FF20A12C3F22040C6F8F801102073
:10D44000C6F8F801C6F800124FF42600706345F6DE
:10D450001E7041F27D614AF62F33C1F23720CDF2C2
:10D460001671C4F68A32C8F25423F6F7E1FE4FF47F
:10D4700080007063706B400200F1C68043F29F40F1
:10D48000C6F8F8012068A721F16307F12001C6F86A
:10D49000001200BF00BF00BFF16BB1F1FF3FFBDC2A
:10D4A000C4006E20EDF76EFFB0610020306541F2E0
:10D4B00055104AF6B16141F6197241F2DE33CFF6EA
:10D4C000CD70C2F2D731CFF6A732C3F24773F6F769
:10D4D000DFFE00982146F3F757FFA720F063C6F858
:10D4E000007200BF00BF00BFF06BB0F1FF3FFBDC7C
:10D4F0006E20EDF747FFB061002030654EF6B910A1
:10D5000049F658314DF23F7243F23D23CFF6EA30EF
:10D51000CBF2DD31CFF2A332C2F65E53F6F7B8FE9E
:10D520000AAC13CC2246F2F74FFF45F2A37042F645
:10D530003F014BF2E53244F23D73CFF6C630CCF6F4
:10D540004F31C4F27E42C4F2E833F6F771FE4FF475
:10D5500080007063706B400272D441F237104BF65A
:10D56000FF3142F224524CF25713C1F27B10CFF636
:10D570007301C5F6AC32C7F28853F6F759FE0020A6
:10D58000C8F20110C6F8000245F20600306000BF84
:10D5900030684000FCD5B069206040F683204DF62D
:10D5A0003C2149F2AE0249F6DD43C8F6C760C1F638
:10D5B000F801C1F2AA62C9F6F413F6F799FE402009
:10D5C000C6F8B40000BF00BF706AC004FCD40025D8
:10D5D000BFE545F650004FF2005141F62A524AF29B
:10D5E0009D03C5F66A10C1F6E941C3F6F672C0F6AE
:10D5F0005013F6F77DFE4020C6F8B40000BF00BF10
:10D60000706AC004FCD4A4E54AF24A404EF2B0313C
:10D6100042F25E5242F60053C0F64D60CEF6114122
:10D62000CAF6BB62C3F20903F6F762FE4020C6F8F1
:10D63000B40000BF00BF00BF706AC004FCD488E51E
:10D6400042F268204CF2660148F2207242F27443C2
:10D65000C3F6C350CEF64021C3F6DE02CCF2BF6360
:10D66000F6F746FE4020C6F8B40000BF00BF00BF7A
:10D67000706AC004FCD46CE52DE9F041884642F2A2
:10D680003001C4F23B0100BF0B68DB07FCD041F264
:10D6900008456426C4F23B0532F00F03C0F20206CF
:10D6A000EE632FD05E1E012404EB161E002400BF83
:10D6B000EE6BB6F1FF3FFBDC00EB840650F8247004
:10D6C000AF6110347768AF61B768AF61F768AF6179
:10D6D0003769AF617769AF61B769AF61F769AF610A
:10D6E000376AAF61776AAF61B76AAF61F76AAF61F6
:10D6F000376BAF61776BAF61B76BAF61F76BAF61E2
:10D700000FF02BC000272F65EF6BB7F1FF3FFBDC5D
:10D71000934212D05F1CBA4252EA8397A7EB030EE2
:10D720006FF03C0303EA8202104400BF00BF00BF59
:10D7300050F8042BAA610FF005C800202865E863A3
:10D740000868C005FCD44FF4B050686300BF00BF48
:10D750000868C006FCD54DF6505049F2DC3144F65D
:10D76000FE5240F6AD03CCF61310C1F6AE01C5F67D
:10D77000E222CDF20A53F6F75BFD48F600004BF2C9
:10D780000042C3F60000C5F8F8010321C1F200020F
:10D79000C5F8F811C5F8F8210121C5F8F811C5F848
:10D7A000F8010420C5F8F801C5F8F8210220C5F8F1
:10D7B000F8014FF4F840C5F8F8014FF4C000686371
:10D7C00000202865A86B00284ED0A86B012840F0E7
:10D7D0008F8046F2555041F6982148F6A3024EF24A
:10D7E000EB73C4F28B10CDF6BC21CDF6DF12CCF278
:10D7F0009473F6F71DFD44F21E00286000BF00BFC1
:10D8000028684000FCD5A869C8F80000A869C8F8D5
:10D810000400A869C8F80800A869C8F80C00A8693D
:10D82000C8F81000A869C8F81400A869C8F818005A
:10D8300041F222004BF6165144F2160245F61C73D3
:10D84000C8F6ED30C0F29F61C9F6B112C3F6487355
:10D85000F6F74EFD4020C5F8B40000BF00BF00BF82
:10D86000686AC004FCD44AE145F6960046F6E71122
:10D870004CF2AD6242F67123C1F6DC30CBF2FB61B3
:10D88000C0F2AD12CAF69413F6F7D2FC44F21600B9
:10D89000286000BF00BF00BF28684000FCD5A86911
:10D8A000C8F80000A869C8F80400A869C8F808000A
:10D8B000A869C8F80C00A869C8F810004EF6A910AD
:10D8C0004CF6E2114CF2EB424FF6DD53CEF27070A3
:10D8D000C8F62541C7F2B002C2F67D33F6F708FD5F
:10D8E0004020C5F8B40000BF686AC004FCD406E15B
:10D8F000A86B022848D14BF2430045F2381141F69B
:10D90000D71247F2D553C9F25E30CDF69A71CCF2F8
:10D910003D62C1F6C533F6F78BFC44F22200286065
:10D9200028684000FCD5A869C8F80000A869C8F8B4
:10D930000400A869C8F80800A869C8F80C00A8691C
:10D94000C8F81000A869C8F81400A869C8F8180039
:10D95000A869C8F81C0049F2EC404EF63D7141F24E
:10D9600065124CF6FE13C1F6B410CAF69861C7F6FC
:10D970003C22C9F21033F6F7BBFC4020C5F8B400D6
:10D98000686AC004FCD4BAE0A86B052854D145F6F7
:10D9900086404DF6057143F2795247F24523C2F6AF
:10D9A000D540C6F2D701CBF6DE72C1F6C023F6F73A
:10D9B0003FFC44F23200286028684000FCD5A8698A
:10D9C000C8F80000A869C8F80400A869C8F80800E9
:10D9D000A869C8F80C00A869C8F81000A869C8F8B8
:10D9E0001400A869C8F81800A869C8F81C00A8693C
:10D9F000C8F82000A869C8F82400A869C8F8280059
:10DA0000A869C8F82C0049F23B104DF6E25144F6E3
:10DA10005B2244F2E113C0F62930CFF2A461CFF2C9
:10DA2000D162C2F63543F6F763FC4020C5F8B40076
:10DA3000686AC004FCD462E0A86B06285FD148F68F
:10DA4000AC1045F2CD414BF6002242F29123C6F6CE
:10DA50004850CBF24841C8F6DD52CAF65D23F6F7CE
:10DA6000E7FB44F24200286028684000FCD5A86922
:10DA7000C8F80000A869C8F80400A869C8F8080038
:10DA8000A869C8F80C00A869C8F81000A869C8F807
:10DA90001400A869C8F81800A869C8F81C00A8698B
:10DAA000C8F82000A869C8F82400A869C8F82800A8
:10DAB000A869C8F82C00A869C8F83000A869C8F897
:10DAC0003400A869C8F83800A869C8F83C004CF2CE
:10DAD00060504FF2FA3149F61F6246F62463C1F2F4
:10DAE000FF10C8F64A61C5F21832C4F2FA43F6F7DD
:10DAF000FFFB4020C5F8B400686AC004FCD40020D5
:10DB0000BDE8F081D4D4D4D470B541F22046C4F23B
:10DB10003B06D6F89C20D2061CBF4FF0011070BD0A
:10DB2000054601200C46C0F27300C6F8E00600204E
:10DB3000F06247F63F5040F2D53145F6A24247F237
:10DB4000FD43C7F67970C0F64301CDF2BB42C7F67C
:10DB50008113F6F76DFB00210120C6F8E00BC7200A
:10DB6000C8F201017062C6F8E81100BF00BF00BF33
:10DB7000706AB0F1FF3FFBDC4AF6000128683060B4
:10DB80000020B063C3F22041C6F8E0110721C6F8B7
:10DB9000E0114BF20041C2F20001C6F8E01106218B
:10DBA000C6F8E0114FF4F841C6F8E0114FF4C00197
:10DBB000F161B06342F20405316AC4F23B05A9B1D8
:10DBC000306A012824D1402028604BF2956048F249
:10DBD000970145F686424DF27843C6F2B870C0F21E
:10DBE000F211CEF26C42CDF289537EE0286045F20C
:10DBF000E9604CF6B46144F6030240F68903CFF6BF
:10DC0000EE50C5F68361CAF21D52CAF2FC536CE0B5
:10DC1000306A022812D15020286046F2F45041F6B2
:10DC20008F3141F6315242F6B653CDF22620C6F678
:10DC3000B551C8F67132CFF6F75356E0306A032873
:10DC400012D18020286040F64A7041F6225141F6F8
:10DC5000AC024FF6C513C3F2E920C6F21B31C5F280
:10DC60004C42C6F6885340E0306A042812D1902016
:10DC700028604BF61E3043F6DF7144F256124FF621
:10DC80003603CFF2B970C6F63B01CDF22442CBF693
:10DC900006132AE0306A052812D1A02028604AF233
:10DCA000571048F25B514AF6F01245F64673C0F23F
:10DCB0007F30CAF2BC31CFF27142CBF6285314E068
:10DCC000306A062813D1B02028604BF27F6040F202
:10DCD000FD314FF6655245F24A73C7F67620CAF613
:10DCE000ED21C5F61122C0F25E53F6F7D1FA206895
:10DCF00008B96068D0B14020706221682961706203
:10DD000047F2FF716068E86042F6F26040F21F423D
:10DD100049F64B33C4F6A010CBF2CE51CCF2DE1252
:10DD2000CFF21A13F6F7B4FA002070BD4FF48070EA
:10DD3000A86041F6266041F6D17147F6FB3244F205
:10DD40007033C2F6B330C5F62A01CCF29152CEF24E
:10DD50009A63E7E7D4D4D4D470B541F22046C4F234
:10DD60003B06D6F89C20D20602D04FF0011411E1F8
:10DD7000054601200C46C0F27300C6F8E0060020FC
:10DD8000F06247F63F5040F2D53145F6A24247F2E5
:10DD9000FD43C7F67970C0F64301CDF2BB42C7F62A
:10DDA0008113F6F745FA00210120C6F8E00BC720E1
:10DDB000C8F201017062C6F8E81100BF00BF00BFE1
:10DDC000706AB0F1FF3FFBDC4AF600012868306062
:10DDD0000020B063C3F22041C6F8E0110721C6F865
:10DDE000E0114BF20041C2F20001C6F8E011062139
:10DDF000C6F8E0114FF4F841C6F8E0114FF4C00145
:10DE0000F161B06342F20405306AC4F23B05B0B17F
:10DE1000306A012827D14FF48250286042F24F2007
:10DE20004CF6BD0146F6380240F2C123CEF6CC20B6
:10DE3000C5F66D41C7F62502CDF29C1385E04FF47F
:10DE40008050286048F2C31048F26C4144F25102FD
:10DE500045F2C723CAF22050C7F24A01C6F61C5247
:10DE6000C3F6F61371E0306A022813D141F2500074
:10DE7000286046F6666046F22D114EF2F96244F6CD
:10DE80001133CDF68D30C2F61831C4F2A302C1F2BF
:10DE90009F135AE0306A032813D14FF4845028604E
:10DEA00041F610104CF602014AF66D6248F63E1338
:10DEB000CAF25300CEF22361CFF27F52C4F24A037A
:10DEC00043E0306A042813D141F29000286042F206
:10DED0004C004BF6183143F69D524DF6CF13CCF65D
:10DEE0003D00CAF6A921C7F24F72C4F29B732CE021
:10DEF000306A052813D14FF4855028604CF6A130C4
:10DF000045F60D2142F27C224EF65043C8F26130B4
:10DF1000C6F21B51CBF2D172C9F2283315E0306A38
:10DF2000062814D141F2B000286046F2686046F637
:10DF3000680141F292524DF2F863CFF67430CFF699
:10DF40009D51CBF28842C8F6FA33F6F7A1F940208A
:10DF50007062A16C296170624FF0120EE16CE96091
:10DF6000706254F8041B69620FF007C04CF684100D
:10DF70004CF6BA414CF23A1248F29043C8F21810EB
:10DF8000CBF6EB11C1F28C62CCF281130024B463A6
:10DF9000F6F77EF9204670BD10B54FF0120E42F232
:10DFA0001001C4F23B010246CB6942F8043B0FF07A
:10DFB00005C841F22C440022C4F23B0449F6A833C0
:10DFC000C5F29703E2624A6882640968C1644BF251
:10DFD0008F504CF2F57143F6BA22CEF6B300C6F676
:10DFE0008E71C5F25652F6F783F94020C4F89000BE
:10DFF0002068C004FCD4002010BDD4D4D4D4D4D420
:10E0000080B541F22042C4F23B0200BF00BF00BF16
:10E01000D2F8103CDB07FBD0642331F00F01C0F2D3
:10E020000203536233D0013901234FF0000C03EB9C
:10E03000111E00BF00BF00BF536AB3F1FF3FFBDCFE
:10E0400000EB8C0350F82C1011600CF1100C596887
:10E05000116099681160D968116019691160596976
:10E06000116099691160D9691160196A1160596A62
:10E070001160996A1160D96A1160196B1160596B4E
:10E080001160996B1160D96B11600FF02BC80020E3
:10E090009063506200BF00BFD2F8100CC005FBD4E3
:10E0A0004FF4B050D06141F60F104DF61B714CF695
:10E0B000C76244F6E373CDF22750C0F2C151CBF6EC
:10E0C000B352C5F25333F6F7E3F8002080BDD4D441
:10E0D0002DE9F04142F2404E8846C4F23B0E00BFAB
:10E0E000DEF80010C907FBD041F208454CF2383386
:10E0F000C4F23B056521C2F20123C0F20201E963CB
:10E100001968B2FBF1F707FB11218A421CD000F11C
:10E11000040C002600BF00BFE96BB1F1FF3FFBDC40
:10E120000CEB8607002400BF57F8041CA96157F8C0
:10E13000081BA961196802348C42F5D3B2FBF1F4D3
:10E140000E444C43A642E7D30021296500BF00BF1F
:10E15000E96BB1F1FF3FFBDC1968B2FBF1F303FBA4
:10E16000112139B1511A00BF50F8213001319142CB
:10E17000AB61F9D300202865E86300BF00BF00BF92
:10E18000DEF80000C005FBD44FF4A050686300BF68
:10E19000DEF80000C006FBD546F64B5045F23D4187
:10E1A00045F68B424EF62D73CCF6BB70C5F6633147
:10E1B000C1F67E72CEF20863F6F73AF84FF4F840F3
:10E1C000C5F8F8014FF4C000686300202865A86B0B
:10E1D00000284DD0A86B012840F0968048F60E101C
:10E1E0004EF65A014DF65D5248F6E733C8F23A4012
:10E1F000CAF6B221C9F2EF02C4F22903F6F718F801
:10E2000046F22200286000BF28684000FCD5A869BB
:10E21000C8F80000A869C8F80400A869C8F8080090
:10E22000A869C8F80C00A869C8F81000A869C8F85F
:10E230001400A869C8F81800A869C8F81C0044F6BA
:10E24000D3004DF689414AF20C7247F68213CAF2A6
:10E250003230C4F22751C4F2EA02C1F6CA03F6F71B
:10E2600047F84020C5F8B400686AC004FCD406E151
:10E270004EF63B5046F66F2141F2334242F2DC0348
:10E28000CBF65A40CEF60301C4F2B762C5F28A63F8
:10E29000F5F7CEFF46F21E00286000BF00BF00BFAA
:10E2A00028684000FCD5A869C8F80000A869C8F82B
:10E2B0000400A869C8F80800A869C8F80C00A86993
:10E2C000C8F81000A869C8F81400A869C8F81800B0
:10E2D0004CF62D2040F61A714AF245024AF2FD33FF
:10E2E000CEF28B30CCF6E111C8F29872C6F65F53CD
:10E2F000F5F7FEFF4020C5F8B40000BF00BF00BF27
:10E30000686AC004FCD4BAE0A86B022854D141F278
:10E3100023104AF2F4114CF628724BF68743C8F6E4
:10E32000B110CEF25821C0F62102CFF20A73F5F7F0
:10E330007FFF46F23200286028684000FCD5A869BB
:10E34000C8F80000A869C8F80400A869C8F808005F
:10E35000A869C8F80C00A869C8F81000A869C8F82E
:10E360001400A869C8F81800A869C8F81C00A869B2
:10E37000C8F82000A869C8F82400A869C8F82800CF
:10E38000A869C8F82C004FF2425049F6FE514FF6EA
:10E390008C5249F2CE53C1F28E00C6F2A971C5F675
:10E3A0004312C4F2D153F5F7A3FF4020C5F8B400DF
:10E3B000686AC004FCD462E0A86B03285FD143F60E
:10E3C0001F3048F6091140F6560247F6FC23CBF2FF
:10E3D000F800C0F66711CBF2F462C2F6A803F5F7B5
:10E3E00027FF46F24200286028684000FCD5A86953
:10E3F000C8F80000A869C8F80400A869C8F80800AF
:10E40000A869C8F80C00A869C8F81000A869C8F87D
:10E410001400A869C8F81800A869C8F81C00A86901
:10E42000C8F82000A869C8F82400A869C8F828001E
:10E43000A869C8F82C00A869C8F83000A869C8F80D
:10E440003400A869C8F83800A869C8F83C004CF244
:10E45000A1704FF2801148F6B42243F2C653CEF2B7
:10E460005310C0F28441CBF21A22C0F2C403F5F774
:10E470003FFF4020C5F8B400686AC004FCD4002007
:10E48000BDE8F081D4D4D4D4F0B581B041F20846CF
:10E49000C4F23B06D6F8B420D20602D04FF00110E9
:10E4A00004E1054601200C46C0F27800C6F8F806E3
:10E4B0000020706445F6B6304BF2DA014CF2B772C8
:10E4C00044F23B3342F20447C7F66240CBF2FF719D
:10E4D000C0F28E52C4F2A673C4F23B07F5F7A8FE51
:10E4E0000021012047F8040CC720C8F20101F063A5
:10E4F000C6F8001200BF00BFF06BB0F1FF3FFBDCBD
:10E500004AF600012868B06100203065C3F220415E
:10E51000C6F8F8110421C6F8F8114BF20041C2F216
:10E520000001C6F8F8110321C6F8F8114FF4F841BC
:10E53000C6F8F8114FF4C00171633065B06BE0B1FB
:10E54000B06B012833D1112038604BF22040C6F85F
:10E55000F8012220C6F8F8014CF2635044F68D41D0
:10E5600042F2FF324BF6A403C9F65550CAF2654198
:10E57000C1F6D812CFF2E23352E0012038604BF2FC
:10E580002040C6F8F8012420C6F8F8014CF2A71084
:10E5900048F6303148F6B21245F65253C4F6BD4043
:10E5A000C4F21171C2F2FB42C9F6565338E0B06BA7
:10E5B000022819D1212038604BF22040C6F8F8011A
:10E5C0001A20C6F8F8014DF21D1040F2A85149F684
:10E5D00078324CF65553CBF23C20CDF2C951CAF6F5
:10E5E0005C22CCF660231BE0B06B03281AD13120EB
:10E5F00038604BF22040C6F8F8011220C6F8F80146
:10E600004EF2564043F209314CF27D024FF6FB4385
:10E61000C6F60620C0F65B51C9F25A32C0F6EC03CA
:10E62000F5F736FE48F2213045F22D114EF6D32291
:10E6300043F6B143CEF66C00C7F68A31CAF674329F
:10E64000CFF64543F5F7F4FD2020C8F20110C6F8D7
:10E65000000245F20600306030684000FCD54CF204
:10E660003835B069C2F201252860ECF78BFE2860CE
:10E67000206808B96068D8B14020F063216839612A
:10E68000F0634BF6EF716068F8604EF665604BF62C
:10E6900083224BF27643C9F61940C0F6F411CBF64B
:10E6A000D522C4F20113F5F7F3FD002001B0F0BD4F
:10E6B0004FF48070B86047F6E31045F6BA3140F683
:10E6C000C5424DF22D73CFF29810CBF2B721CFF6A1
:10E6D000C942CCF2C103E6E7F0B581B041F2084689
:10E6E000C4F23B06D6F8B420D20602D04FF0011097
:10E6F00015E1054601200C46C0F27800C6F8F80680
:10E700000020706445F6B6304BF2DA014CF2B77275
:10E7100044F23B3342F20447C7F66240CBF2FF714A
:10E72000C0F28E52C4F2A673C4F23B07F5F780FD27
:10E730000021012047F8040CC720C8F20101F06352
:10E74000C6F8001200BF00BFF06BB0F1FF3FFBDC6A
:10E750004AF600012868B06100203065C3F220410C
:10E76000C6F8F8110421C6F8F8114BF20041C2F2C4
:10E770000001C6F8F8110321C6F8F8114FF4F8416A
:10E78000C6F8F8114FF4C00171633065B06BE8B1A1
:10E79000B06B012835D141F2110038604BF22040B6
:10E7A000C6F8F8012220C6F8F80145F2717043F668
:10E7B0008B1144F6753249F2E733CCF21B00CBF6ED
:10E7C000F271CFF65B72C6F6651355E041F20100B7
:10E7D00038604BF22040C6F8F8012420C6F8F80152
:10E7E00043F24F6042F292714EF64E0240F2CF2356
:10E7F000C8F6E520C4F68361C8F20742C2F26E2370
:10E800003AE0B06B02281AD141F2210038604BF295
:10E810002040C6F8F8011A20C6F8F8014CF6DB30A3
:10E820004EF6C71148F6AF524CF2E373C4F692604D
:10E83000C8F6FE21C0F63052CAF2C3431CE0B06BEA
:10E8400003281BD141F2310038604BF22040C6F85A
:10E85000F8011220C6F8F80149F2062049F65B31AA
:10E860004CF2D86246F24923CAF25D20CFF66671B7
:10E87000C7F2D972C0F27023F5F70AFD4020F063A9
:10E88000D4F8C8103961F0634FF0320ED4F8CC10D0
:10E89000F96000BF00BF00BFF06354F8041B796348
:10E8A0000FF007C00020306548F6030041F25471B4
:10E8B00040F2987243F62823C7F29430C5F29A3199
:10E8C000C8F6A502CFF64E23F5F7B2FC2020C8F219
:10E8D0000110C6F8000245F20600306000BF00BF1C
:10E8E00030684000FCD54CF23834B069C2F20124E3
:10E8F0002060ECF747FD20604CF6BA604DF27141A4
:10E9000044F2B3324EF24A03C5F64070C0F26A4197
:10E91000C2F64B32C0F20403F5F7BAFC002001B096
:10E92000F0BDD4D4D4D4D4D410B54FF0320E42F2CA
:10E930001041C4F23B010246CB6A42F8043B0FF09F
:10E9400005C841F22C440022C4F23B0447F6F743C9
:10E95000C2F2E433E2624A68C0F8C8200968C0F82D
:10E96000CC104CF63C404FF6174146F29202C5F6E9
:10E970001320C6F2A471CAF6C962F5F7B9FC4020AB
:10E98000C4F8900000BF00BF2068C004FCD4002081
:10E9900010BDD4D4D4D4D4D470B542F2404CC4F217
:10E9A0003B0C00BF00BF00BFDCF80020D207FBD04B
:10E9B00041F220436522C4F23B03C0F202025A62D4
:10E9C0004CF23832C2F201221668B1FBF6F505FBB3
:10E9D0001616B1421CD000F1040E002000BF00BF8B
:10E9E0005C6AB4F1FF3FFBDC0EEB8004002500BF46
:10E9F00054F8046C1E6054F8086B1E6016680235EB
:10EA0000B542F5D3B1FBF6F430447443A042E7D3EA
:10EA100000209863586200BFDCF80000C005FBD4FA
:10EA20004FF4A050D86146F6792042F6F47146F2D0
:10EA30004D3240F28013CAF63500C8F22471C0F698
:10EA40002E52C9F23003F5F723FC002070BDD4D458
:10EA50002DE9F04F83B041F20449C4F23B09D9F8E3
:10EA6000B43013F01E0F03D04FF0011000F083BC40
:10EA7000064641F6003041F2000A40F2A034C4F2EA
:10EA80003B00C4F23B0A0D46C8F201040121C0F26A
:10EA9000790101600020C9F848004FF48030CAF8BD
:10EAA00000004FF46560CAF82400C720C9F8400090
:10EAB000A4F53070C9F80402D9F84000B0F1FF3F66
:10EAC000FADC02923068C9F81C000020C9F8540032
:10EAD000A720C9F84000C9F8044200BF00BF00BF2A
:10EAE000D9F84000B0F1FF3FFADC7920ECF74AFC9E
:10EAF000C9F81C000020C9F854004AF2B6704BF661
:10EB00000A7144F252624EF20323C0F61510CAF69F
:10EB10006C71C2F21312C7F2C303F5F7B9FBECF73D
:10EB2000ABFF4BF2E040C9F8FC010E20C9F8FC0134
:10EB3000A720C9F84000C9F8044200BF00BF00BFC9
:10EB4000D9F84000B0F1FF3FFADC44277920C0F645
:10EB50000007ECF717FCC9F81C000020C9F85400A6
:10EB600044F22A004CF26A2148F24F5248F2132331
:10EB7000CEF6F920CFF2D911C5F22602C0F2017308
:10EB8000F5F786FBEDF7D0F8A220C9F84000C9F8E8
:10EB9000207600BF00BF00BFD9F84000B0F1FF3FB2
:10EBA000FADC41F2007440F221080020C4F20004B3
:10EBB000C0F2C2080027ECF7E5FBC9F81C0046F2DA
:10EBC000C230C9F8400004F58070C9F8280649F23F
:10EBD0000710CEF60000C9F8200600204FF00C0EFA
:10EBE000C1F2B040C9F800004FF4C05000BF00BFF0
:10EBF000D9F84010B1F1FF3FFADC06EB87014A6813
:10EC0000C9F81C208A68C9F81C20CA68C9F81C20E9
:10EC10000A69C9F81C2000BFD9F84020B2F1FF3FB3
:10EC2000FADC4A69C9F81C208A69C9F81C20CA693B
:10EC3000C9F81C20096AC9F81C10CAF8008400BF72
:10EC4000D9F800104900FBD40837C9F838000FF094
:10EC500031C80020C9F85400D9F84000B0F1FF3F96
:10EC6000FADCD6F88401C9F81C00D6F88801C9F886
:10EC70001C0040F2050BD6F88C01C9F81C00C0F24C
:10EC8000C00BD6F89001C9F81C004FF09150C9F89C
:10EC90000000CAF800B400BFD9F800004000FBD45F
:10ECA0000BF500374FF4C050C9F83800CAF80074AB
:10ECB000D9F800004000FBD40D214FF4C050C0F241
:10ECC0000201C9F83800CAF8001400BF00BF00BF35
:10ECD000D9F800004000FBD448F605514FF4C0506D
:10ECE000C9F8380040F2C230C9F840004FF0804007
:10ECF000C0F20071C9F82806C9F8201600BF00BF8D
:10ED0000D9F84000B0F1FF3FFADCD6F89401C9F819
:10ED10001C00D6F89801C9F81C00D6F89C01C9F867
:10ED20001C00D6F8A001C9F81C0005201121C9F665
:10ED30001040C0F28201C9F82006CAF8001400BFD2
:10ED4000D9F800004000FBD44FF4C050C9F8380097
:10ED50004EF2E90046F2AE3142F6E86240F292131A
:10ED6000C8F66330C9F69301C2F61342CCF20F73B2
:10ED7000F5F75EFA4FF48000C9F83800D9F838008A
:10ED8000400200F1BB820A212020C3F23001CAF800
:10ED900010004FF4C660CAF81C00881DCAF80400B1
:10EDA0004FF00110CAF80000DAF80000C007FBD1EC
:10EDB00048F2071145F6C270C9F8400041F20070F0
:10EDC000C0F60001C4F20000C9F82806C9F82016F0
:10EDD0004FF08550C9F800004FF00C0E00204FF4A2
:10EDE000C05100BF00BF00BFD9F84020B2F1FF3FC3
:10EDF000FADC05EB800255F82030C9F81C30536866
:10EE0000C9F81C309368C9F81C30D368C9F81C30A5
:10EE1000D9F84030B3F1FF3FFADC1369C9F81C3070
:10EE20005369C9F81C309369C9F81C30D269C9F814
:10EE30001C20CAF8008400BFD9F800205200FBD47F
:10EE40000830C9F838100FF031C840F2000800202F
:10EE5000C9F8540040F2A030C1F22868C8F201009D
:10EE60000521C9F800804030C0F20301C9F804024E
:10EE7000CAF8001400BF00BFD9F800004000FBD45E
:10EE800005214FF4C050C0F24331C9F83800CAF828
:10EE9000001400BF00BF00BFD9F800004000FBD441
:10EEA00040F6E0314FF4C050C3F60001C9F8380015
:10EEB00001F55040C9F8FC018020C9F804024FF464
:10EEC0001810C9F838004FF0C650C9F80000A22049
:10EED000C9F840004420C0F6000000F1C004C9F8A1
:10EEE000204600BF00BF00BFD9F84000B0F1FF3F8F
:10EEF000FADC0120ECF746FA0BF5BC75C9F81C00EA
:10EF0000CAF8005400BF00BFD9F800004000FBD48D
:10EF100040F20D0B0A26C0F2020BC3F230064FF48A
:10EF2000C050C9F83800CAF8007400BF00BF00BF65
:10EF3000D9F800004000FBD44FF4C050C9F83800A5
:10EF4000CAF800B400BF00BFD9F800004000FBD4ED
:10EF50004FF4C050C9F838004FF42460CAF81400C8
:10EF60004FF40870CAF8180040F63800CAF82000BC
:10EF7000CAF804604FF00110CAF8000000BF00BFDB
:10EF8000DAF80000C007FBD14FF42100C9F83800BF
:10EF90004FF0C650C9F80000A220C9F84000C9F8D7
:10EFA000204600BF00BF00BFD9F84000B0F1FF3FCE
:10EFB000FADC0220ECF7E6F9C9F81C00CAF80054A4
:10EFC000D9F800004000FBD44FF4C050C9F8380015
:10EFD000CAF8007400BF00BFD9F800004000FBD49D
:10EFE0004FF4C050C9F83800CAF800B400BF00BFE1
:10EFF000D9F800004000FBD44FF4C050C9F83800E5
:10F000004FF4C660CAF814004FF42460CAF8180020
:10F0100040F63800CAF82000CAF804604FF001102A
:10F02000CAF8000000BF00BFDAF80000C007FBD13B
:10F0300040F63800CAF814004FF40870CAF81800F7
:10F040004FF42460CAF82000CAF804604FF00110A1
:10F05000CAF8000000BF00BFDAF80000C007FBD10B
:10F060004FF40410C9F8380040F2A97043F21F3180
:10F070004DF2393248F28103CAF60840C4F6F12154
:10F08000C7F64A72CCF62813F5F7D2F84FF4800091
:10F09000C9F83800D9F83800400200F14E8149F231
:10F0A000AC7043F2D21147F2715246F2FF23C5F21F
:10F0B000A720C0F69001CCF29002CEF67A23F5F7A5
:10F0C000B7F80F214FF40870CAF814004FF40A7013
:10F0D000CAF818004FF4C660CAF81C0040F63800A1
:10F0E000C0F23011CAF82000CAF804104FF4003002
:10F0F000C9F804004FF00110CAF8000000BF00BFBB
:10F10000DAF80000C007FBD142F200014FF4506072
:10F11000C9F8380040F6FF30C9F8FC014FF434401C
:10F12000C9F8FC016020C9F8FC0108F5100047F29D
:10F13000354545F6DC464FF6524744F2EB68C0F2DF
:10F1400040014FF0080BC3F2AA65CEF6F946C5F6AA
:10F150009A07C3F276380024C9F8000001F50010C0
:10F16000019000BF00BF00BF40F6DE30C9F8FC01CF
:10F1700042F6E03049F6D501C3F22040C9F8FC015F
:10F180004DF2C0304AF6CA42C2F20000C9F8FC0192
:10F1900047F61E40C9F8FC010198C9F83800002064
:10F1A000C9F8540040F2895040F6C103CAF6AD20B8
:10F1B000CBF20B21C1F67D42C3F6C923F5F738F82F
:10F1C0004FF48070C9F8280648F20710C0F6000016
:10F1D000C9F820062120C0F28300CAF8000400BF4D
:10F1E000D9F800004000FBD44FF4C050C9F83800F3
:10F1F00042F22200C9F80400029A00BF00BF00BF1B
:10F20000D9F804004000FBD502EB8400D9F81C10AB
:10F2100042F82410D9F81C104160D9F81C10816004
:10F22000D9F81C10C16000BFD9F804104900FBD503
:10F23000D9F81C100161D9F81C104161D9F81C10D3
:10F240008161D9F81C10C1614AF2E070C9F8FC0173
:10F25000284631463A464346C9F8FCB1F5F718F856
:10F26000582C04F10804FFF47FAF40F6E031002091
:10F27000C9F85400C3F60001C9F8FC118021C9F88F
:10F2800004124FF41811C9F8381042F20001C0F20C
:10F290004001C9F83810C9F8540049F6517048F2D5
:10F2A000C6214EF2D92245F28463C1F6F870C0F649
:10F2B0009731C7F67042C1F25A33F4F7B9FF4FF4F1
:10F2C0000030C9F804004CF660704DF668714AF6DB
:10F2D000444248F23373CDF67250CDF28431C0F619
:10F2E0002042C6F67113F5F703F84020C9F8B400C0
:10F2F000D9F82800C004FBD400203CE047F2497054
:10F3000041F6671144F2EC724DF23433C8F2B000AA
:10F31000C0F20E71CFF65D52C0F2C043F4F7E8FFC1
:10F320004020C9F8B40000BFD9F82800C004FBD4BD
:10F330000220C0F2010010301DE049F657504AF695
:10F34000B8414DF2117247F61C53C1F21560CFF669
:10F350007B11C4F67C22CFF6CF53F4F7C9FF4020CF
:10F36000C9F8B40000BF00BFD9F82800C004FBD41E
:10F370000220C0F2010003B0BDE8F08FD4D4D4D491
:10F380002DE9F04F83B041F20449C4F23B09D9F8AA
:10F39000B43013F01E0F03D04FF0011000F087BC03
:10F3A000064641F6003041F2000A40F2A034C4F2B1
:10F3B0003B00C4F23B0A0D46C8F201040121C0F231
:10F3C0007B0101600020C9F848004FF48030CAF882
:10F3D00000004FF46560CAF82400C720C9F8400057
:10F3E000A4F53070C9F80402D9F84000B0F1FF3F2D
:10F3F000FADC02923068C9F81C000020C9F85400F9
:10F40000A720C9F84000C9F8044200BF00BF00BFF0
:10F41000D9F84000B0F1FF3FFADC7B20EBF7B2FFF8
:10F42000C9F81C000020C9F8540040F6A43044F28A
:10F43000BC0145F6F40249F29063CBF63770C9F689
:10F440006901C6F60F52C2F23D63F4F721FFECF7F3
:10F4500013FB4BF2E040C9F8FC011020C9F8FC0195
:10F46000A720C9F84000C9F8044200BF00BF00BF90
:10F47000D9F84000B0F1FF3FFADC44247B20C0F60D
:10F480000004EBF77FFFC9F81C000020C9F8540006
:10F4900049F22D0049F6122145F22D7249F2DE6340
:10F4A000C0F6CF30C3F28321CFF25902CEF283638C
:10F4B000F4F7EEFEECF738FCA220C9F84000C9F8DA
:10F4C000204600BF00BF00BFD9F84000B0F1FF3FA9
:10F4D000FADC41F60078002740F2210B0020C4F24C
:10F4E0000008C1F23047C0F2C20B0024EBF74AFF1C
:10F4F000C9F81C0047F6C270C9F8400049F207106D
:10F50000CEF60000C9F82886C9F82006C9F80070B0
:10F510004FF0100E4FF4C050D9F84010B1F1FF3F3A
:10F52000FADC06EB84014A68C9F81C208A68C9F82D
:10F530001C20CA68C9F81C200A69C9F81C2000BF31
:10F54000D9F84020B2F1FF3FFADC4A69C9F81C2023
:10F550008A69C9F81C20CA69C9F81C20096AC9F857
:10F560001C10CAF800B400BFD9F800104900FBD441
:10F570000834C9F838000FF031C848F205110020EE
:10F58000C9F8540040F2C230C9F840004FF0804042
:10F59000CEF60001C9F82806C9F8201600BF00BF42
:10F5A000D9F84000B0F1FF3FFADCD6F80402C9F800
:10F5B0001C00D6F80802C9F81C000524D6F80C0275
:10F5C000C9F81C00C0F2C004D6F81002C9F81C002B
:10F5D0004FF09150C9F80000CAF8004400BF00BFC6
:10F5E000D9F800004000FBD404F500384FF4C050B7
:10F5F000C9F83800CAF80084D9F800004000FBD4EC
:10F600000D274FF4C050C0F20207C9F83800CAF8FD
:10F61000007400BF00BF00BFD9F800004000FBD459
:10F6200048F605514FF4C050C9F8380040F2C230D6
:10F63000C9F840004FF08040C0F20071C9F82806B8
:10F64000C9F8201600BF00BFD9F84000B0F1FF3F55
:10F65000FADCD6F81402C9F81C00D6F81802C9F86A
:10F660001C00D6F81C02C9F81C00D6F82002C9F804
:10F670001C0005201121C9F61040C0F28201C9F812
:10F680002006CAF8001400BFD9F800004000FBD4DF
:10F690004FF4C050C9F8380042F6000045F6AB11EF
:10F6A0004EF25A5244F27243CBF6B420C7F2715173
:10F6B000C5F2FB12CEF65E33F4F7BAFD4FF48000CC
:10F6C000C9F83800D9F83800400200F1B3820A26A0
:10F6D0002020C4F24006CAF810004FF4C660CAF8F1
:10F6E0001C00B01DCAF804004FF00110CAF8000059
:10F6F000DAF80000C007FBD148F2071147F6C270E4
:10F70000C9F8400041F60070C0F60001C4F20000E4
:10F71000C9F82806C9F820164FF08150C9F8000032
:10F720004FF0100E00204FF4C05100BF00BF00BFCB
:10F73000D9F84020B2F1FF3FFADC05EB800255F822
:10F740002030C9F81C305368C9F81C309368C9F8D8
:10F750001C30D368C9F81C30D9F84030B3F1FF3FF2
:10F76000FADC1369C9F81C305369C9F81C30936975
:10F77000C9F81C30D269C9F81C20CAF800B400BF0F
:10F78000D9F800205200FBD40830C9F838100FF027
:10F7900031C840F2000B0020C1F2304BC9F85400D0
:10F7A0000BF1FC70C9F8000040F2A0300521C8F24E
:10F7B0000100C0F203014030C9F80402CAF8001485
:10F7C000D9F800004000FBD405214FF4C050C0F22E
:10F7D0004331C9F83800CAF8001400BF00BF00BFA9
:10F7E000D9F800004000FBD440F6E0314FF4C0509F
:10F7F000C3F60001C9F8380001F55040C9F8FC0112
:10F800008020C9F804024FF41810C9F838004FF0EE
:10F81000C250C9F80000A220C9F840004420C0F638
:10F82000000000F1C005C9F8205600BF00BF00BFAE
:10F83000D9F84000B0F1FF3FFADC0120EBF7A2FD60
:10F8400004F5FC74C9F81C00CAF8004400BF00BFEE
:10F85000D9F800004000FBD44FF4C050C9F838007C
:10F86000CAF8008400BF00BFD9F800004000FBD4F4
:10F870004FF4C050C9F83800CAF8007400BF00BF88
:10F88000D9F800004000FBD44FF4C050C9F838004C
:10F890004FF42460CAF814004FF40870CAF8180036
:10F8A00040F63800CAF82000CAF804604FF0011092
:10F8B000CAF8000000BF00BFDAF80000C007FBD1A3
:10F8C0004FF42100C9F838004FF0C250C9F80000C9
:10F8D000A220C9F84000C9F8205600BF00BF00BFF1
:10F8E000D9F84000B0F1FF3FFADC0220EBF74AFD07
:10F8F000C9F81C00CAF80044D9F800004000FBD445
:10F900004FF4C050C9F83800CAF8008400BF00BFE7
:10F91000D9F800004000FBD44FF4C050C9F83800BB
:10F92000CAF8007400BF00BFD9F800004000FBD443
:10F930004FF4C050C9F838004FF4C660CAF814003C
:10F940004FF42460CAF8180040F63800CAF82000C6
:10F95000CAF804604FF00110CAF8000000BF00BFF1
:10F96000DAF80000C007FBD140F63800CAF81400EE
:10F970004FF40870CAF818004FF42460CAF8200049
:10F98000CAF804604FF00110CAF8000000BF00BFC1
:10F99000DAF80000C007FBD14FF40410C9F83800B2
:10F9A0004DF269404DF2666142F2481240F24273F4
:10F9B000C7F60600C8F2E441C2F2F622CCF6B6332E
:10F9C000F4F736FC4FF48000C9F83800D9F8380055
:10F9D000400200F14E8146F675704AF2770145F219
:10F9E000862242F27853CEF2BF50CBF26651CAF66D
:10F9F000D802C0F6E363F4F71BFC0F214FF4087044
:10FA0000CAF814004FF40A70CAF818004FF4C66020
:10FA1000CAF81C0040F63800C0F24011CAF82000B5
:10FA2000CAF804104FF40030C9F804004FF0011078
:10FA3000CAF8000000BF00BFDAF80000C007FBD121
:10FA400042F200014EF2E85545F6B34644F63867F7
:10FA500042F68238C0F240014FF45060C9F83800D5
:10FA600040F6FF30C9F8FC014FF43440C9F8FC01FE
:10FA70008020C9F8FC010BF102704FF0080BC5F2B1
:10FA80004345C3F67716C3F68967CCF21C580024A9
:10FA9000C9F8000001F50010019000BF00BF00BFD1
:10FAA00040F6DE30C9F8FC0142F6E0304EF6AD71AA
:10FAB000C3F22040C9F8FC014DF2C0304DF23112C2
:10FAC000C2F20000C9F8FC0147F61E40C9F8FC016B
:10FAD0000198C9F838000020C9F8540044F2861093
:10FAE00048F24D23CCF60B70C3F2D041CBF2256225
:10FAF000C4F2D313F4F79CFB4FF48070C9F82806C6
:10FB000048F20710C0F60000C9F820062120C0F214
:10FB10008300CAF8000400BFD9F800004000FBD4FD
:10FB20004FF4C050C9F8380042F22200C9F804006E
:10FB3000029A00BF00BF00BFD9F804004000FBD507
:10FB400002EB8400D9F81C1042F82410D9F81C10DC
:10FB50004160D9F81C108160D9F81C10C16000BF49
:10FB6000D9F804104900FBD5D9F81C100161D9F867
:10FB70001C104161D9F81C108161D9F81C10C161B9
:10FB80004AF2E070C9F8FC01284631463A4643463D
:10FB9000C9F8FCB1F4F77CFB782C04F10804FFF4FD
:10FBA0007FAF40F6E0310020C9F85400C3F60001F1
:10FBB000C9F8FC118021C9F804124FF41811C9F8D2
:10FBC000381042F20001C0F24001C9F83810C9F8FB
:10FBD000540070204AF2BB2145F65A4249F6A2630E
:10FBE000C6F25700C1F69921C5F67002CEF6B95398
:10FBF000F4F71EFB4FF40030C9F8040046F2E7109A
:10FC000042F24E7142F6951244F20A43C3F64D0099
:10FC1000C6F60F31C8F6C502C1F62703F4F768FB34
:10FC20004020C9F8B40000BFD9F82800C004FBD4B4
:10FC300000203CE04FF27720C22140F242324AF6E7
:10FC40009A73CCF62E60C5F22471C5F2C832C9F29F
:10FC50001923F4F74DFB4020C9F8B40000BF00BFE2
:10FC6000D9F82800C004FBD40220C0F201001030F3
:10FC70001DE047F6965045F6CA614FF2D9424BF661
:10FC8000BF53C8F69020CBF6C171C0F24762CAF2EA
:10FC90008353F4F72DFB4020C9F8B40000BF00BF28
:10FCA000D9F82800C004FBD40220C0F2010003B040
:10FCB000BDE8F08FD4D4D4D42DE9F04F81B041F613
:10FCC00024264EF6F470C4F23B064EF60101C0F253
:10FCD0000800C0F20C01C6F8E002C6F8E4120120E8
:10FCE000C6F8DC0200BF00BFD6F8DC028007FBD4F8
:10FCF000D6F8DC02022410F4403FC0F2010440F0C8
:10FD0000EF8041F2084540F6ED60C4F23B05C3F6D2
:10FD1000C6004FF0000A41F201616860C5F840A0DA
:10FD200001202860E960D5F8B410C90602D04FF070
:10FD30000114D5E048F20101C5F8F803C0F28101D1
:10FD4000C5F8F802C6F8DC104FF45060C6F8E400BD
:10FD500048F20200C5F8FC0343F21220C7F21C600F
:10FD600040F2A23BC5F83CB0EBF70CFB80464BF2EF
:10FD70006150C5F62910EBF705FB814643F671503B
:10FD8000C4F2D610EBF7FEFA07464EF20E20CCF284
:10FD90000320EBF7F7FA0346404649463A46F4F7A4
:10FDA00077FAF520C5F8FCA3C0F60720C5F83CB0EB
:10FDB000306000BF00BF00BFE86BB0F1FF3FFBDC6D
:10FDC00044F2804042F26011CFF28860A8614FF2A5
:10FDD000D540CDF22111A961C9F6C870A86149F2D8
:10FDE000843042F28771CAF60310C2F2B011A961E1
:10FDF000EBF7C8FA804642F2D560CEF26910EBF715
:10FE0000C1FA81464EF6FD50C0F27D60EBF7BAFABA
:10FE1000074640F24530C8F60C60EBF7B3FA0346EC
:10FE2000404649463A46F4F733FA43F20B60C0F6CF
:10FE30008540EBF7A7FA804641F27A40C8F2947009
:10FE4000EBF7A0FA814647F2E470C9F6E170EBF7F0
:10FE500099FA074642F6E420C3F6D600EBF792FA89
:10FE60000346404649463A46F4F7E2F94FF400307B
:10FE70002860686A800403D42020C5F8B4002FE00D
:10FE80004FF6FF70A8624FF40870C6F8E40047F61A
:10FE90004360C3F6F660EBF775FA04464DF2365050
:10FEA000CBF68270EBF76EFA074642F2C930C6F223
:10FEB0008D40EBF767FA064647F6A760CAF6AD3005
:10FEC000EBF760FA0346204639463246F4F710FA5B
:10FED0004020C5F8B40000BF686AC004FCD4002408
:10FEE000204601B0BDE8F08F2DE9F04F81B041F21E
:10FEF0000045C4F23B05D5F8BC00C00603D04FF066
:10FF0000011400F01CBC41F624260120C4F23B067B
:10FF100040F29411C0F28200C0F60731C6F8DC004E
:10FF20000020E864A2206864316000BF00BF00BF09
:10FF3000686CB0F1FF3FFBDC4BF656207424C0F236
:10FF4000C710C0F60004EBF71DFA2862A22068640F
:10FF5000346000BF00BF00BF686CB0F1FF3FFBDC46
:10FF600004240020C0F20104EBF70CFA4AF6200149
:10FF70002862C3F20001C5F800120320C5F8000290
:10FF800004F11C00C5F8000240F62100C5F800028B
:10FF90008020C5F8000200BFD5F80803C007FBD1D8
:10FFA000D5F80803C007FBD18020C5F8040340F64C
:10FFB0006300C5F8000240F68400C5F8000240F670
:10FFC000A500C5F800024BF2C040C5F8000213209E
:10FFD000C5F800024BF2E040C5F800024FF4527041
:10FFE000C5F800024FF43540C5F80002B720C5F847
:10FFF00000024AF6A77044F63B514EF6091243F64A
:020000040202F6
:100000002F43C0F21A00CEF21971C4F26062CDF231
:100010004463F4F70DF947F60140C5F800024FF4C8
:10002000C000E8630020A865286C28B3286C01286C
:1000300041D100BF00BF00BFD5F80803C007FBD106
:10004000D5F80803C007FBD1052043F6DC61C0F2F8
:100050002000C5F8040342F2921042F2C7324CF27B
:10006000AD43CFF2E900CFF2B471C6F2C422C6F2BA
:10007000057342E000BF00BFD5F80803C007FBD1FD
:10008000D5F80803C007FBD105204FF65841C0F250
:10009000200042F63A020230C5F804034FF2F9405C
:1000A0004FF24D73C7F6E830CDF62841C7F23F1244
:1000B000C5F2934321E0286C022820D100BF00BF85
:1000C000D5F80803C007FBD1D5F80803C007FBD15A
:1000D00005207821C0F220004DF2EA620130C5F817
:1000E000040345F213604DF20E63CCF69520CCF27A
:1000F0008A21C4F20762C7F2EB63F4F7C9F840F251
:10010000110B48F20741C0F2840BC0F63D614FF479
:10011000E060B06031600BF17000286000BF00BF8C
:1001200068684000FCD44FF4C050E86300BF00BFD3
:10013000D5F808034007FBD54FF49050E86300BFA3
:1001400070684006FCD400214FF42060C8F204011E
:10015000E8634FF40060C5F8000201F506002921AC
:10016000C0F24431C5F80802296000BF00BF00BFDB
:1001700068684000FCD442F6E00845F26609C3F224
:100180002048C1F200094FF4C050E86343F6A000D4
:10019000C5F8000243F20540C5F8000242F604002B
:1001A000C5F80002C5F80082C5F80092A8F1D80091
:1001B000C5F80002C5F8009243F28540C5F8000278
:1001C0004CF61F2046F6F9314BF6CA6249F6DB13AE
:1001D00043F6040AC5F6E050C8F69711CAF62302A2
:1001E000CFF20063C0F2001AF4F752F80020A865BD
:1001F0004BF2E040C5F800025A20C5F8000240F674
:100200004200C5F8000240F6C600C5F800024BF2F5
:100210008040C5F800020420C5F800024BF2A0405F
:10022000C5F800020220C5F800024FF0100E4FF48E
:1002300011504FF4335142F2854200BF00BF00BF5E
:10024000C5F800A2C5F80082C5F80092C5F8000202
:10025000C5F80012C5F800220FF00FC048F64001A3
:1002600042F20007C3F600010020A86542F62042D2
:10027000C5F80022C5F800124FF48072C5F80022BC
:100280008022C5F808224FF41813C0F24007EB6330
:10029000EF63A8654BF2E043C5F800323323C5F89D
:1002A00000324BF28043C5F800322427C5F80072B3
:1002B000C5F800A2C5F80082C5F800924FF4335784
:1002C000C5F80072C5F800322623C5F80032C5F81B
:1002D00000A2C5F80082C5F800922031C5F80012CE
:1002E000C5F80002C5F808224FF42600E8634AF278
:1002F0001B704BF2176145F6781249F61533C3F2BD
:10030000C030C6F2ED01C3F66872C8F6C753F3F702
:100310008FFF4FF48000E863E86B400200F1F58145
:100320004EF2B55041F6F23149F28B024DF61743C9
:10033000C3F64560CCF69701C1F66512C7F61C53AB
:10034000F3F776FF40F20411A220C0F63041686452
:10035000316000BF00BF00BF686CB0F1FF3FFBDC45
:1003600011240020C0F24234EBF70CF840F20008F0
:100370007427C8F20408C0F600072862C5F808828E
:100380002C6000BF00BF00BF68684000FCD44FF481
:10039000C050E8634FF4C060B06048F20740C0F658
:1003A0003D6000F580503060D5F80803C007FBD1F0
:1003B000D5F80803C007FBD11320C0F21C00C5F814
:1003C00004030BF16000286068684000FCD440F230
:1003D00005514FF4C050C0F63D61E863316000BF85
:1003E000D5F80803C007FBD1D5F80803C007FBD137
:1003F0001320C0F20400C5F80403C5F800B000BF24
:1004000068684000FCD44FF4C050E86300BF00BFF0
:10041000D5F808030007FBD40020C5F8000308F155
:100420008000C5F808022C6068684000FCD44FF4D6
:10043000C050E863A220686407F14000306000BF4C
:10044000686CB0F1FF3FFBDC0020EAF79BFF2862FD
:1004500049F6911049F6F67149F2064242F62453E4
:10046000C4F6FC50C2F6E041C7F64A32CAF67F1322
:10047000F3F7DEFE7C1C40F2A2306864346000BFFB
:10048000686CB0F1FF3FFBDC0020EAF77BFF2862DD
:100490000020EAF777FF28620020EAF773FF28625E
:1004A0000120EAF76FFF48F6075128624FF4807089
:1004B000C0F23371B0603160212108F18270C0F266
:1004C0008901C5F80802296068684000FCD44FF42F
:1004D000C050E86307F1410030600120C0F28200A3
:1004E00000F110072F6000BF68684000FCD44FF493
:1004F000C050E8634CF2C45045F2EB214FF25D620C
:1005000042F2E153C6F6C200C6F28331CAF2435248
:10051000C8F29853F3F78CFE34602F6000BF00BF21
:1005200068684000FCD4D4244FF4C050C0F6204486
:10053000E863F3F709FF4FF2EC1045F2AC614AF6BD
:100540002E4242F2CE53C9F26620C7F2EB71C3F2DB
:100550008422C4F69133F3F76BFEA2206864346002
:10056000686CB0F1FF3FFBDC0020EAF70BFF28626C
:1005700046F2CE304CF64A2143F65B724BF674637A
:10058000C1F6FE20CDF68E01CFF27D22CBF6C3134D
:10059000F3F74EFEF3F7D8FE4AF2893042F2AA4151
:1005A0004FF6B3224CF63943C8F6E050CEF2C941BB
:1005B000C5F2EE62C6F25B33F3F73AFE3034A220A6
:1005C0006864346000BF00BF686CB0F1FF3FFBDCC3
:1005D0000020EAF7D7FE286242F21200A86000BFAE
:1005E000A8684000FCD54CF23837286AC2F20127CF
:1005F0003864296A7964296AB964296AF964EAF76E
:10060000C1FE3864786CEAF7BDFE7864B86CEAF72E
:10061000B9FEB864F86CEAF7B5FEF86442F6680013
:100620004DF6CA714DF20B0246F2AE73CBF2C72003
:10063000CAF67E61C1F2C972CFF2D403F3F7F8FDB6
:10064000F3F782FEA2206864346000BF00BF00BFE1
:10065000686CB0F1FF3FFBDC0020EAF793FE052158
:1006600028624FF00050C0F2C2016860296000BFEC
:1006700068684000FCD40D214FF4C050C0F2020164
:10068000E863296000BF00BF68684000FCD441F205
:1006900001014FF4C050E8634FF08050C0F2C00138
:1006A0006860296000BF00BF68684000FCD44FF458
:1006B000C050E86348F20200C6F8DC0040F6015082
:1006C000C6F8E40048F20100C6F8DC004FF40570FB
:1006D000C6F8E4004BF648704AF2A8614AF6B62222
:1006E00046F29243C5F65A20C1F69521CFF27F62B9
:1006F000C1F68403F3F7FCFD4020C5F8BC0000BF41
:10070000E86AC004FCD4002419E047F29B6041F27F
:100710005C5147F2F06246F20D73CFF2AE40CFF675
:100720005A11C3F63742C7F25E43F3F7E1FD4020AA
:10073000C5F8BC0000BF00BFE86AC004FCD4204676
:1007400001B0BDE8F08FD4D42DE9F04F83B041F271
:100750000446C4F23B06D6F8B47017F01E0F02D060
:100760004FF0011097E3019241F2000541F600328B
:1007700040F24034C4F23B05C4F23B02C8F201042B
:100780000127C0F29A0717600022B2644FF480324A
:100790002A604FF4FE626A62C7223264C6F80442DD
:1007A000326CB2F1FF3FFBDC0068F0610020706545
:1007B000C720306404F14000C6F8040200BF00BF47
:1007C000306CB0F1FF3FFBDC1E220868C8F29002DB
:1007D000F0610020706540F6DE31C6F8FC1140F68D
:1007E000C7713164C6F804224FF0100E00BF00BF7D
:1007F000316CB1F1FF3FFBDC53F820100130F161A7
:100800000FF00BC02022002070654FF0020E40F662
:10081000FF734DF2E031C0F20302C3F60003C1F2F0
:10082000000102F12000029043F61E0B4AF2A0756F
:10083000042043F63D0480224FF418184AF2C07990
:100840004FF0200A00BF00BF40F6FF37C6F8FC712A
:1008500043F2803703F1020CC3F20007C6F8FC71C3
:100860002027C0F20707C6F8FC714DF2E037C6F842
:10087000FC71029FC6F8FC7140F60047C6F8FCB157
:10088000C3F60007C6F8FC714027C6F8FC11C0F299
:100890000507C6F8FC71C6F8FCB143F2BE77C6F88E
:1008A000FC71C6F8FC51C6F8FC01C6F8FC41C6F85C
:1008B000FCC1C6F8FC11C6F8FC21C6F8FC31C6F82C
:1008C0000422C6F83880C6F8FC91C6F8FCA10FF0E7
:1008D00045C8002040F65A7270652020C3F200021D
:1008E000C6F8FC21C0F20300C6F8FC014DF2E1306D
:1008F000C6F8FC016020C6F8FC0140F6004044F652
:100900004602C3F6000048F6900300F56770C6F88B
:10091000FC01481C48F6E031C6F8FC018020C6F80E
:10092000FC01C3F60001C6F8FC110321C6F8FC1156
:10093000C6F804024FF42600B0634BF6F83044F6D4
:10094000D011C5F6A420CBF60B41CCF60812C5F2A7
:100950000A43F3F76DFC4FF48000B063B06B4002C4
:1009600000F15F8240F24031C720C8F201013064DB
:10097000A1F51870C6F80402306CB0F1FF3FFBDC43
:10098000019F41F2000501F16008C4F23B0538689F
:10099000F06100207065A7203064C6F8048200BFB3
:1009A000306CB0F1FF3FFBDC9A20EAF7EBFCF06122
:1009B0000020706548F23B7046F670614CF27B0295
:1009C00042F28233CAF2A850CBF23201C4F2496239
:1009D000C3F2ED53F3F75CFCEBF74EF8F2F7E6F8F1
:1009E00043F2FE40C6F8FC01A7203064C6F804823A
:1009F000306CB0F1FF3FFBDC9A20EAF7C3FCF061FA
:100A00004BF6892043F2E6514FF6C95243F6743350
:100A1000C5F68C60C2F6A521CFF2DE22C3F68803AC
:100A200000247465F3F734FCEBF77EF940F2C270F2
:100A3000306440F200104FF0020EC4F20000C6F81D
:100A4000280649F60750CFF20070C6F8200600BF0E
:100A5000306CB0F1FF3FFBDC07EB840004244168FD
:100A6000F1618168F161C168F1610069F0610FF0C5
:100A700011C840F2210B0020C0F2C00B70654FF08E
:100A8000995030600BF50030C5F8000400BF00BF7E
:100A900030684000FCD448F605514FF4C050B063B4
:100AA00040F2C23030644FF08040C0F20071C6F8AE
:100AB0002806C6F8201600BF306CB0F1FF3FFBDC03
:100AC000786AF061B86AF061F86AF061386BF061D9
:100AD00005201121C9F61040C0F28201C6F8200697
:100AE000C5F8001400BF00BF30684000FCD44FF4CC
:100AF000C050B0634BF2951049F694614EF6BD427A
:100B000040F20153CAF23360CAF27611C7F60B52B3
:100B1000C9F6C853F3F78CFB4FF48000B063B06B99
:100B2000400200F19C8143F23E204FF2FD7147F6F6
:100B3000D47241F25C530924CCF6E510CFF2D01107
:100B4000CEF2A522CBF2C423C0F20444F3F770FB2B
:100B50000C98F0F775FE20202861C020E861E01DA8
:100B600068604FF0011129602968C907FCD118217C
:100B700029617021E96168604FF00110286000BFB1
:100B80002868C007FCD140F6DE30C6F8FC011E2004
:100B900040F20009C8F29000C1F2F00900F1807043
:100BA000C6F804020BF51020C6F80090C5F8000442
:100BB00031684900FCD44FF4C051B1634FF08A5101
:100BC0003160C5F8000400BF30684000FCD44FF429
:100BD000C050B063EAF7D8FB44F62A3045F2FA2158
:100BE00049F2FE724EF6AE53C1F2D550CAF2F6315A
:100BF000C7F6A572C5F24E63F3F71AFB4FF48000F7
:100C0000B063B06B400200F14981C6F80090C5F8AE
:100C100000B400BF00BF00BF30684000FCD44FF4F8
:100C2000C050B0634FF4007068614FF48870A861E1
:100C30004FF40A7028626C604FF00110286000BF0A
:100C40002868C007FCD14FF4D87068614FF48870F1
:100C5000A8614FF4007028626C604FF001102860AA
:100C60002868C007FCD1A7203064C6F8048200BF02
:100C7000306CB0F1FF3FFBDC9A20EAF783FBF061B8
:100C80000020706545F63E2046F2D3614BF63022D7
:100C90004FF6B463C5F6C630C1F27941CFF29B324C
:100CA000C5F6D163F3F7F4FAF2F7C6F841F2B250A1
:100CB00047F611514FF690524FF27D43CEF68550D4
:100CC000C7F22A21C3F25262C1F20603F3F7B0FA67
:100CD0004FF48000B063B06B0D9F400200F1F880CC
:100CE00042F2443045F6A05149F208724FF26423B3
:100CF00048F207182124CFF29510C1F27231CAF6DA
:100D00005312C6F6A243C0F60008C0F28304F3F7FC
:100D10008FFA4FF0945030604FF48070C6F8280678
:100D2000C6F82086C5F8004430684000FCD44FF473
:100D3000C050B06342F22200706000BF00BF00BF2D
:100D400070684000FCD5F0693860F0697860F0693F
:100D5000B860F069F86000BF70684000FCD5F069C9
:100D60003861F0697861F069B861F069F86149F655
:100D7000E85048F65C6141F2380241F24763CFF631
:100D8000E860C2F67651C6F67432C1F64873F3F7DE
:100D90004FFA09F1F07030604FF48070C6F8280601
:100DA000C6F82086C5F8004430684000FCD44FF4F3
:100DB000C050B06342F22200706000BF00BF00BFAD
:100DC00070684000FCD5F0693862F0697862F069BB
:100DD000B862F069F86200BF70684000FCD5F06945
:100DE0003863F0697863F069B863F069F86342F6D4
:100DF000075040F206414AF2210241F20A63C7F26B
:100E00009C60CEF26631C7F64312C8F62E13F3F794
:100E10006FFA4020C6F8B400B06AC004FCD40020C9
:100E200039E045F60F7047F2431145F6436247F645
:100E30007673CFF6CB50C3F6ED21C9F2DA02CFF6C6
:100E40007C63F3F755FA4020C6F8B40000BF00BF3A
:100E5000B06AC004FCD40220C0F201001BE045F2DD
:100E60000B7042F2BE214DF6506244F2E853C0F6D8
:100E70003170C5F2A901CDF2C152C0F20F73F3F780
:100E800037FA4020C6F8B400B06AC004FCD402208F
:100E9000C0F20100103003B0BDE8F08F4EF64D30C7
:100EA00047F2A8314BF6D4424BF2D373CDF67C30E7
:100EB000CBF63741C1F60132C1F60803F3F718FA51
:100EC0004020C6F8B40000BFB06AC004FCD4C2E73A
:100ED00043F6EE2044F2763146F2D41249F683030B
:100EE000C8F66E30CAF23141C0F64432C4F266230D
:100EF000F3F7FEF94020C6F8B40000BF00BF00BF02
:100F0000B06AC004FCD4A6E72DE9F04F81B041F2ED
:100F10000446C4F23B06D6F8B47017F01E0F03D097
:100F20004FF0011000F04ABE924641F2000741F630
:100F3000003240F24034C4F23B07C4F23B02DDF819
:100F40002880C8F201040125C0F2F00515600022D6
:100F5000B2644FF480323A604FF4FE627A62C72284
:100F60003264C6F8044200BF326CB2F1FF3FFBDCD2
:100F70000068F06100207065C720306404F1400013
:100F8000C6F8040200BF00BF306CB0F1FF3FFBDCCD
:100F90001E220868C8F28802F0610020706540F6E1
:100FA000DE31C6F8FC1140F2C7713164C6F8042284
:100FB0004FF0080E00BF00BF316CB1F1FF3FFBDC0A
:100FC00053F820100130F1610FF00BC00020706564
:100FD00040F6FF30C6F8FC0143F280302021C3F216
:100FE0000000C6F8FC01202040F60042C0F20300D9
:100FF0004DF2E0334025C0F20701C6F8FC114DF276
:10100000E031C6F8FC1100F12001C6F8FC1143F6EE
:101010001E01C6F8FC11C3F60002C6F8FC21C1F29D
:101020000003C6F8FC31C0F20505C6F8FC5141F2D8
:101030000105C6F8FC1143F2BE71C6F8FC114AF274
:10104000A071C6F8FC110421C6F8FC1143F63D015D
:10105000C3F60005C6F8FC11C6F8FC5140F65A75F7
:10106000C6F8FC318021C6F8FC11C3F20005C6F8B1
:10107000FC51C6F8FC014DF2E130C6F8FC016020DD
:10108000C6F8FC0102F56770C6F8FC01581CC6F8EA
:10109000FC0148F6E030C6F8FC11C3F60000C6F8C3
:1010A000FC010320C6F8FC01C6F804124FF4260028
:1010B000B0634BF6502040F613314AF6391245F62C
:1010C0000E13C9F66370CCF2F161C5F24342C2F26D
:1010D0003533F3F7ADF84FF48000B063B06B4002E6
:1010E00000F1178540F2E74041F2957142F23C72FF
:1010F00046F6394340F20414C0F25B70C1F68771C2
:10110000C3F6C542C2F2B463C0F60004F3F790F828
:101110004046F0F795FB4DF6D61044F6D95143F60C
:101120005C324BF6B063C9F25050CCF6B151CAF6FE
:101130005642C0F69643F3F77BF84FF08A50306082
:10114000A2203064C6F82046306CB0F1FF3FFBDCD3
:1011500040F21D090220C0F2C009EAF713F9F0615C
:10116000C7F8009400BF00BF30684000FCD40521E0
:101170004FF4C050C0F2C201B063C7F8001400BF02
:1011800030684000FCD40D214FF4C050C0F2020181
:10119000B063C7F8001400BF30684000FCD40221DF
:1011A0004FF4C050C0F20441B063C02078614FF4E6
:1011B000B070B8614FF48660386201F10800786061
:1011C0004FF00110386000BF3868C007FCD1202004
:1011D00038614FF48660F8610220C0F2044000F1EB
:1011E0000E0BC7F804B04FF00110386000BF00BF0D
:1011F0003868C007FCD1182038617020F861C7F842
:1012000004B04FF0011038603868C007FCD10020EE
:1012100040F20415A046C1F2F000C0F6204530604F
:10122000F3F792F849F2783045F6613147F6E35228
:101230004DF61F73CBF67030CEF23801CFF28462D8
:10124000C7F22923F2F7F4FFA2203064C6F8205633
:10125000306CB0F1FF3FFBDC0020EAF793F8F0615F
:101260000520C0F2C20000F10C04C7F8004400BF22
:1012700030684000FCD44FF4C050B063F3F764F81A
:10128000A2203064C6F82056306CB0F1FF3FFBDC82
:101290000020EAF777F8F061C7F8004400BF00BF0C
:1012A00030684000FCD44FF4C050B0634FF48870F5
:1012B00078614FF48660F8614FF4B0703862202096
:1012C00038610220C0F20440841C7C604FF00110A1
:1012D000386000BF00BF00BF3868C007FCD10020E5
:1012E000C1F238403060A2203064C6F8208600BFCA
:1012F000306CB0F1FF3FFBDC0120EAF743F8F0610E
:10130000C7F8009400BF00BF30684000FCD44FF421
:10131000C050B0630520C0F2C200C7F8000400BF8F
:1013200030684000FCD44FF4C050B0630D20C0F2D0
:101330000200C7F8000400BF30684000FCD44FF43E
:10134000C050B0634FF4B07078614FF48B60B861F7
:101350004FF4507038620220C0F2044007307860C9
:101360004FF00110386000BF3868C007FCD1202062
:101370003861C020F861C7F804B04FF00110386040
:101380003868C007FCD146F657704AF27E4144F6F1
:10139000F6024FF23F33C8F6A660CCF2B001C4F2B9
:1013A000A722C6F64043F2F743FF0A98F0F714FC71
:1013B00040F2403BA720C8F2010B30640BF16005FE
:1013C000C6F8045200BF00BF306CB0F1FF3FFBDC39
:1013D000F020E9F7D7FFF061002070654DF208308A
:1013E00043F6E8714BF26D5246F28F33CDF2C810DE
:1013F000CEF66561CBF60F52CCF64A03F2F748FF02
:10140000F1F71AFD4EF2F74045F2114142F2330274
:1014100041F64813C8F26A60CAF68271C6F2152214
:10142000C4F6E973F2F704FF4FF48000B063B06BC9
:10143000400200F189834FF4287078614FF4046012
:10144000B861C020F8614FF43C70386220203861E8
:101450000220C0F2044078604FF00110386000BFF5
:101460003868C007FCD14FF43C707861C020F86147
:101470004FF4287038627C604FF00110386000BF74
:101480003868C007FCD10020C1F2F0003060A22013
:1014900030640220C6F82086C0F2044000F108043F
:1014A000306CB0F1FF3FFBDC0120E9F76BFFF0612E
:1014B000C7F8009400BF00BF30684000FCD44FF470
:1014C000C050B0630520C0F2C200C7F8000400BFDE
:1014D00030684000FCD44FF4C050B0630D20C0F21F
:1014E0000200C7F8000400BF30684000FCD44FF48D
:1014F000C050B0634FF4287078614FF48870B861C1
:101500004FF4A07038627C604FF00110386000BF6B
:101510003868C007FCD14FF40410B06340F6874030
:1015200042F6F27145F61C3249F62F63C0F6AA4026
:10153000CAF27651C7F6EB72C8F63E73F2F778FE40
:101540004FF48000B063B06B400200F1198344F2A5
:10155000DC4047F67B6148F6EC2242F6F653C1F6D2
:101560005620C1F6B031CEF23862CFF23E13F2F718
:101570005FFE4FF08A503060A2203064C6F82086AB
:10158000306CB0F1FF3FFBDC0220E9F7FBFEF061BD
:10159000C7F8009400BF00BF30684000FCD44FF48F
:1015A000C050B0630520C0F2C200C7F8000400BFFD
:1015B00030684000FCD44FF4C050B0630D20C0F23E
:1015C0000200C7F8000400BF30684000FCD44FF4AC
:1015D000C050B063C02078614FF4B070B8614FF470
:1015E000887038627C604FF00110386000BF00BF27
:1015F0003868C007FCD14FF4507078614FF48870A0
:10160000B861C020F8614FF4B07038620220C0F2B7
:1016100004400D3078604FF4003070604FF00110DE
:10162000386000BF00BF00BF3868C007FCD14FF46E
:101630005060B0634FF4B07078614FF40460B861EB
:10164000C020F8614FF4887038620220C0F2044074
:1016500078604FF0011038603868C007FCD140F660
:10166000DE30C6F8FC011E202121C8F28800C0F23D
:10167000C90100F18070C6F804024FF08A50306052
:10168000C7F8001400BF00BF30684000FCD44FF41E
:10169000C050B063C7203064ABF51870C6F80402C0
:1016A000306CB0F1FF3FFBDCDAF80000F0610020A5
:1016B0007065A7203064C6F8045200BF00BF00BFA9
:1016C000306CB0F1FF3FFBDCF020E9F75BFEF0612E
:1016D0000020706547F273604DF6F13141F2E2127D
:1016E00048F69703C1F65260C8F20151C1F2BB122D
:1016F000C7F65333F2F7CCFDEAF7BEF9F1F756FA25
:1017000043F2FE40C6F8FC01A7203064C6F804523C
:10171000306CB0F1FF3FFBDCF020E9F733FEF06105
:1017200040F25A4046F21E014AF6C3324FF2FC33F1
:10173000CDF68830C8F27431CCF61022C2F62933C7
:1017400000257565F2F7A4FDEAF7EEFA40F2C270E3
:10175000306440F200104FF0020EC4F20000C6F8F0
:10176000280649F60750CFF20070C6F8200600BFE1
:10177000306CB0F1FF3FFBDC0AEB850004254168CB
:10178000F1618168F161C168F1610069F0610FF098
:1017900011C8002070654FF08F5030600520C0F2F6
:1017A000C2001C30C7F8000430684000FCD448F682
:1017B00005514FF4C050B06340F2C23030644FF076
:1017C0008040C0F20071C6F82806C6F8201600BF97
:1017D000306CB0F1FF3FFBDCDAF82400F061DAF89E
:1017E0002800F061DAF82C00F061DAF83000F061DE
:1017F00005201121C9F61040C0F28201C6F820066A
:10180000C7F8001400BF00BF30684000FCD44FF49C
:10181000C050B0634BF2912045F6A33148F2044228
:1018200041F2DD33C3F22E20C9F6D441CBF6832238
:10183000C8F60F03F2F7FCFC4FF48000B063B06B06
:10184000400200F1BE814FF4007078614FF40460F3
:10185000B861C020F8614FF4D87038620220C0F23D
:10186000044078604FF00110386000BF00BF00BF37
:101870003868C007FCD14FF4D87078614FF42870F5
:10188000B861C020F8614FF4007038620220C0F2E5
:10189000044078604FF00110386000BF00BF00BF07
:1018A0003868C007FCD14FF4B07078614FF4007015
:1018B000B861C020F8614FF4D87038620220C0F2DD
:1018C0000440033078604FF00110386000BF00BF63
:1018D0003868C007FCD14FF4887078614FF4D87035
:1018E000B861C020F8614FF4007038620220C0F285
:1018F000044078604FF00110386000BF00BF00BFA7
:101900003868C007FCD10020C1F2F0003060A2208E
:101910003064C6F8208600BF306CB0F1FF3FFBDCBE
:101920000120E9F72FFDF061C7F8009400BF00BF68
:1019300030684000FCD44FF4C050B0630520C0F2C2
:10194000C200C7F8000400BF30684000FCD44FF468
:10195000C050B0630D20C0F20200C7F8000400BF01
:1019600030684000FCD44FF4C050B0634FF40070B6
:1019700078614FF48870B8614FF4A07038627C6071
:101980004FF00110386000BF3868C007FCD14FF439
:101990000410B06345F6B97041F6934145F6C002B4
:1019A00041F2A333CEF6BD50C7F2DC21CFF64F1281
:1019B000C1F26C53F2F73CFC4FF48000B063B06BA3
:1019C000400200F11D814AF24A6044F217214BF2B5
:1019D000386242F2FB5348F207142125C1F2C0508D
:1019E000C1F29211C0F66832CCF69643C0F60004FC
:1019F000C0F28305F2F71CFC4FF0945030604FF4B6
:101A00008070C6F82806C6F82046C7F8005400BF04
:101A100030684000FCD44FF4C050B06342F2220062
:101A2000706000BF00BF00BF70684000FCD50B991C
:101A3000F0690860F0694860F0698860F069C86022
:101A400070684000FCD50B99F06949F6F16241F2EB
:101A500008730861C5F61622F0694861F06988616B
:101A6000F069C8614FF23A704AF6D931CEF20F50A0
:101A7000CAF25451C5F6E533F2F7DAFB4FF08F5056
:101A800030604FF48070C6F82806C6F82046C7F8C4
:101A9000005400BF00BF00BF30684000FCD44FF4CA
:101AA000C050B06342F22200706000BF00BF00BFB0
:101AB00070684000FCD50B99F0690862F0694862D3
:101AC000F0698862F069C86270684000FCD5F0690E
:101AD0000863F0694863F0698863F069C86346F693
:101AE0005F6045F2445143F6144248F28823C6F23F
:101AF000A310CFF67B51C9F62612CDF24263F2F75E
:101B0000F7FB4020C6F8B400B06AC004FCD4002043
:101B100054E04EF299704BF6591143F698124CF678
:101B20001F43C8F22870C0F68011CCF6DE12CDF645
:101B3000C023F2F7DDFB4020C6F8B40000BF00BFB1
:101B4000B06AC004FCD436E046F2466041F2C051AF
:101B500047F2BF3247F2AF63CAF6E060C0F28D6170
:101B6000C0F6FF42CEF69423F2F7C2FB4020C6F83F
:101B7000B40000BF00BF00BFB06AC004FCD41AE0CC
:101B80004DF2EA604EF2FB114BF218024AF6560390
:101B9000C2F2E410C3F20131C7F68902C1F2971311
:101BA000F2F7A6FB4020C6F8B40000BF00BF00BF9C
:101BB000B06AC004FCD40220C0F2010001B0BDE84C
:101BC000F08F4EF6240043F2914146F2BA7246F687
:101BD0005E63C0F65C50CDF6E541CEF68B32CCF6B6
:101BE0004C23F2F785FB4020C6F8B40000BF00BFCD
:101BF000B06AC004FCD40220C0F201001030DDE75E
:101C00004DF22F304FF2281147F2B6624DF62723DE
:101C1000C1F6C130C4F22D21CBF69E72C6F68543C3
:101C2000F2F766FB4020C6F8B40000BF00BF00BF5B
:101C3000B06AC004FCD4BEE72DE9F04F83B041F296
:101C40000446C4F23B06D6F8B870FF0602D04FF047
:101C5000011018E341F6003740F24034C4F23B076C
:101C600001920C9AC8F201040125C0F2F1053D6011
:101C70000027B764C7273764C6F8044200BF00BF17
:101C8000376CB7F1FF3FFBDC0068F0610020706546
:101C9000C720306404F14000C6F8040200BF00BF52
:101CA000306CB0F1FF3FFBDC1E270868C8F29807D4
:101CB000F0610020706540F6DE31C6F8FC1141F29B
:101CC000C7713164C6F804724FF0100E00BF00BF38
:101CD000316CB1F1FF3FFBDC52F820100130F161B3
:101CE0000FF00BC0002070654FF0080E00BF00BF62
:101CF000316CB1F1FF3FFBDC53F820100130F16192
:101D00000FF00BC02022002070654FF0030E40F64C
:101D1000FF734DF2E031C0F20302C3F60003C1F2DB
:101D2000000102F1200043F61E094AF2A07B4FF0A9
:101D3000040C43F63D0780244FF418124AF2C07594
:101D40004FF02008029000BF40F6FF30C6F8FC01BB
:101D500043F2803003F1020AC3F20000C6F8FC012E
:101D60002020C0F20700C6F8FC014DF2E030C6F8B2
:101D7000FC010298C6F8FC0140F60040C6F8FC9150
:101D8000C3F60000C6F8FC014020C6F8FC11C0F202
:101D90000500C6F8FC01C6F8FC9143F2BE70C6F817
:101DA000FC01C6F8FCB1C6F8FCC1C6F8FC71C6F867
:101DB000FCA1C6F8FC11C6F8FC41C6F8FC31C6F817
:101DC0000442B263C6F8FC51C6F8FC810FF045C06E
:101DD000002040F65A7270652020C3F20002C6F857
:101DE000FC21C0F20300C6F8FC014DF2E130C6F858
:101DF000FC016020C6F8FC0140F600404EF69372EC
:101E0000C3F600004BF2E94300F56770C6F8FC0129
:101E1000481C48F6E031C6F8FC018020C6F8FC01F9
:101E2000C3F60001C6F8FC110321C6F8FC11C6F880
:101E300004024FF42600B06342F2574048F27E415C
:101E4000C8F2D710CCF69311CCF2B862C4F27A7310
:101E5000F2F7EEF94FF48000B063B06B400200F18E
:101E6000D88141F200071E24C4F23B072120C8F2AA
:101E70009804C0F2C9004FF4803139604FF4FE611C
:101E8000796240F6DE31C6F8FC1104F57801C6F837
:101E900004120021C1F610113160C7F8000400BF20
:101EA00031684900FCD44FF4C051B1634FF0CB51BD
:101EB0003160C7F8000440F24033019DC8F20103CD
:101EC00031684900FCD448F207124FF4C051B163A5
:101ED0004FF48071C0F60002C6F82816C6F8202616
:101EE0004BF2C071C6F8FC114021C6F8FC1104F594
:101EF0007001C6F80412A0F58000C7F8000400BF06
:101F000030684000FCD440F221094FF4C050C0F2C8
:101F10004239B06340F6DE30C6F8FC011E20C8F23C
:101F20008800C6F80402C7F8009400BF00BF00BFD5
:101F300030684000FCD44FF4C050B063C720306418
:101F4000A3F51870C6F80402306CB0F1FF3FFBDC5B
:101F500003F160042868F06100207065A7203064F8
:101F6000C6F8044200BF00BF306CB0F1FF3FFBDC9D
:101F7000F120E9F707FAF061002070654BF60E30AA
:101F80004EF61A014BF2AE224DF2E503CBF2A6005B
:101F9000CAF24651CEF2B902CFF2FA23F2F778F93B
:101FA000E9F76AFDF0F73AFE43F2FE40C6F8FC019D
:101FB000A7203064C6F80442306CB0F1FF3FFBDC70
:101FC000F120E9F7DFF9F061002070654CF6605010
:101FD00048F29C3146F6A85243F27543C3F2FA60C8
:101FE000C7F29F61C8F2BB12C9F27F53F2F750F9F2
:101FF000E9F79AFE4421A220C0F600013064C6F839
:10200000201600BF00BF00BF306CB0F1FF3FFBDC0B
:102010000020E9F7B7F9F06140F6C270306440F291
:10202000003049F20711C4F20000CEF60001C6F8F4
:102030002806C6F8201601214BF22040C6F8FC0104
:102040006020C8F29001C6F8FC01C6F8041200BF77
:10205000306CB0F1FF3FFBDC6868F061A868F061AC
:10206000E868F0612869F061306CB0F1FF3FFBDC9B
:102070006869F061A869F061E869F061286AF06157
:10208000C7F8009400BF00BF30684000FCD44FF494
:10209000C050B06300BF00BF306CB0F1FF3FFBDC4D
:1020A000686AF061A86AF061E86AF061286BF06123
:1020B000306CB0F1FF3FFBDC686BF061A86BF06146
:1020C000E86BF061286CF061C7F8009400BF00BFB6
:1020D00030684000FCD448F605514FF4C050B0635E
:1020E00040F2C23030644FF08040C0F20071C6F858
:1020F0002806C6F8201600BF306CB0F1FF3FFBDCAD
:10210000686CF061A86CF061E86CF061286DF061BA
:1021100005201121C9F61040C0F28201C6F8200640
:10212000C7F8001400BF00BF30684000FCD44FF473
:10213000C050B06343F6B21042F21C214EF2D102FD
:1021400048F60823C9F65F40C7F28931C3F6D26268
:10215000C0F26973F2F76CF84FF48000B063B06BB3
:10216000400274D4A7203064C6F8044200BF00BF08
:10217000306CB0F1FF3FFBDCF120E9F703F9F061CF
:102180000020706545F22E704EF6964147F6386293
:1021900049F6A333CBF64340CAF6C471CFF61432E6
:1021A000CDF2E713F2F774F80D98EFF719FE4DF63C
:1021B000DB4041F623614EF286524BF2EC63CCF6E3
:1021C0001D10C3F65B01C1F23672C7F2E903F2F7E4
:1021D0002FF84FF48000B063B06B400256D44CF639
:1021E00093004DF63F014CF63C624AF69663C3F607
:1021F0002940CEF22511CCF28D62C3F27F63F2F753
:1022000077F84020C6F8B800B06AC004FCD40020BB
:1022100039E04AF2913047F2F40146F6220248F6DC
:10222000A653CFF69320C9F2CF61C0F2D142C7F2D4
:102230006823F2F75DF84020C6F8B80000BF00BF81
:10224000B06AC004FCD40220C0F201001BE047F6D3
:1022500036604CF64F3147F670124FF60233CCF62B
:10226000C070C7F23A21C9F69412C8F64313F2F7C8
:102270003FF84020C6F8B800B06AC004FCD4022081
:10228000C0F20100103003B0BDE8F08F46F6003018
:1022900040F697514BF6FA2240F64063C5F274506F
:1022A000C6F26B11CAF6FD32C5F66023F2F720F8CC
:1022B0004020C6F8B80000BFB06AC004FCD4C2E732
:1022C0002DE9F04F87B041F2044AC4F23B0ADAF834
:1022D000B47017F01E0F03D04FF0011001F0BFB91A
:1022E000154641F2000B41F6003240F24037C4F28D
:1022F0003B0BC4F23B021C46C8F201070123C0F2AB
:10230000F40313600022CAF848204FF48032CBF85F
:1023100000204FF4FE62CBF82420C722CAF84020E8
:10232000CAF8047200BF00BFDAF84020B2F1FF3FE4
:10233000FADC0068CAF81C000020CAF85400C72064
:10234000CAF8400007F14000CAF8040200BF00BF0D
:10235000DAF84000B0F1FF3FFADC0868CAF81C0068
:102360000020CAF854004AF6803040F65A77C3F28B
:102370002000CAF8FC010320CAF8FC0120208022BA
:10238000C0F2030040F6FF3300F54031CAF8FC11FB
:102390004BF28071CAF8FC110221CAF8FC11CAF88C
:1023A000FC21C3F20007CAF8FC31CAF8FC71CAF874
:1023B000FC014DF2E130CAF8FC016020CAF8FC01D2
:1023C00040F69C70C3F60000CAF8FC014DF2E13003
:1023D00043F6C743C1F20000CAF8FC0148F6E030FA
:1023E000CAF8FC21C3F60000CAF8FC01CAF8FC11C7
:1023F000CAF804224FF42600CAF8380042F2965078
:1024000048F2D87142F63E52C3F6B030CCF2657154
:10241000C2F6CC32C6F2D643F1F70AFF4FF4800081
:10242000CAF83800DAF83800400200F1D6804EF6DB
:10243000BC504BF2A0614BF206324EF2465340F2D2
:102440000708C9F28610C0F68131C0F2C032C7F267
:102450007443C0F20448F1F7EBFE2846EFF7F0F9B9
:102460004EF2477049F6224148F27A4243F258232D
:10247000C5F22F50C0F60061CDF26F32C6F6C253DE
:10248000F1F7D6FE2020CBF81000C020CBF81C00BE
:1024900008F10900CBF804004FF00111CBF800104F
:1024A000DBF80010C907FBD105951821CBF81010F7
:1024B0007021CBF81C10CBF804004FF00110CBF8C2
:1024C000000000BF00BF00BFDBF80000C007FBD169
:1024D000002040F20417C1F22820052500F5200055
:1024E000CAF8000047F61C40CAF8FC014FF4C000CF
:1024F000CAF838000020CAF85400DAF83C0040F26C
:1025000009090D26C0F62047C0F2C2050028C0F216
:10251000C009C0F2020600F07D80DAF83C00012814
:1025200040F0D3804FF2FF504EF27C2147F66952C3
:102530004BF20023C6F6B400C0F6D711C7F2FC6216
:10254000CEF6A073F1F774FE0920C0F2C00004308B
:10255000CBF8000400BF00BFDAF800004000FBD455
:102560004FF4C050CAF83800F1F7EEFEA220CAF8C6
:102570004000CAF8207600BFDAF84000B0F1FF3F13
:10258000FADC0020E8F7FEFECAF81C00CBF8005485
:10259000DAF800004000FBD44FF4C050CAF838000D
:1025A000CBF8006400BF00BFDAF800004000FBD4A5
:1025B0004FF4C050CAF838004DF627004DF256418E
:1025C0004AF60C2244F6FF03C0F22330C4F6EE5163
:1025D000CFF68F22C5F698639AE043F2164047F291
:1025E000613143F2842244F6AB03CCF25960CFF25E
:1025F0007A41C9F66B22C0F6DC53F1F779FE402030
:10260000CAF8B40000BF00BFDAF82800C004FBD449
:1026100001F022B84DF2BB604DF67F4147F2222215
:1026200043F26933C6F69530CAF20011C0F2DB728C
:10263000C5F61553F1F7FCFDCBF8009400BF00BFC1
:10264000DAF800004000FBD44FF4C050CAF838005C
:10265000F1F77AFEA220CAF84000CAF8207600BF3F
:10266000DAF84000B0F1FF3FFADC0020E8F78AFE1C
:10267000CAF81C00281DCBF8000400BF00BF00BF33
:10268000DAF800004000FBD44FF4C050CAF838001C
:10269000301FCBF8000400BFDAF800004000FBD484
:1026A0004FF4C050CAF8380045F613404DF21C6193
:1026B0004BF6000245F2C463C4F66530C2F68C41A5
:1026C000C1F61A52CEF6193322E0DAF83C0002289D
:1026D00020D10920C0F2C0000830CBF8000400BFB0
:1026E000DAF800004000FBD44FF4C050CAF83800BC
:1026F00042F6E64045F2095149F6993245F6DE13B5
:10270000C9F62D60C9F25C51CCF6A412C6F68773E7
:10271000F1F7BEFD42F6B6604BF6422149F667423C
:102720004DF62A53CDF60A20CFF6E101C5F6DF5269
:10273000C5F670330194F1F77BFDF1F705FE40F625
:1027400049604FF23D6145F68A6241F22373C1F65A
:102750006120CAF6E041C4F26862C2F65B73F1F729
:1027600067FDA220CAF84000CAF8207600BF00BF6B
:10277000DAF84000B0F1FF3FFADC0020E8F702FE93
:1027800005F10C04CAF81C00CBF8004400BF00BFE0
:10279000DAF800004000FBD44FF4C050CAF838000B
:1027A000F1F7D2FDA220CAF84000CAF8207600BF97
:1027B000DAF84000B0F1FF3FFADC0020E8F7E2FD74
:1027C0000927CAF81C00C0F2C007CBF8004400BFBC
:1027D000DAF800004000FBD4002240F20411C1F2FC
:1027E000E802C0F600014FF4C050CAF8380002F504
:1027F00000200490CAF80000A220CAF84000CAF8DD
:10280000201600BF00BF00BFDAF84000B0F1FF3F64
:10281000FADC0120E8F7B6FD07F11404CAF81C0041
:10282000CBF8004400BF00BFDAF800004000FBD442
:102830004FF4C050CAF83800CBF8005400BF00BFB6
:10284000DAF800004000FBD44FF4C050CAF838005A
:10285000CBF8006400BF00BFDAF800004000FBD4F2
:102860004FF4C050CAF83800C020CBF814004FF421
:102870008870CBF818004FF4D870CBF8200008F11E
:102880000300CBF804004FF00110CBF8000000BFAC
:10289000DBF80000C007FBD10020C1F2E80000F522
:1028A000A000CAF80000A220CAF8400040F20410BC
:1028B000C0F60000CAF82006DAF84000B0F1FF3F89
:1028C000FADC0120E8F75EFDCAF81C00CBF80044F2
:1028D000DAF800004000FBD44FF4C050CAF83800CA
:1028E000CBF8005400BF00BFDAF800004000FBD472
:1028F0004FF4C050CAF83800CBF8006400BF00BFE6
:10290000DAF800004000FBD44FF4C050CAF8380099
:10291000CBF8007400BF00BFDAF800004000FBD421
:102920004FF4C050CAF838004FF4D870CBF81400F8
:102930004FF4B070CBF818004FF41470CBF82000AF
:10294000CBF804804FF00110CBF8000000BF00BFAF
:10295000DBF80000C007FBD142F21D3045F26721D1
:1029600047F69F7244F23403C9F2AC10CDF66621EB
:10297000CBF61C12CEF2DB330394F1F759FC4FF483
:102980000060CAF8FC0140F62100CAF8FC0140F6DC
:102990006300CAF8FC0100202921C1F22820CAF8EE
:1029A00000000120C0F24331C8F28A00CAF80402D4
:1029B000CBF8001400BF00BFDAF800004000FBD4E1
:1029C00042F6604042F60041C2F20000C1F200014E
:1029D0004FF4C052CAF8382045F65E021F24202664
:1029E000C3F6000200F5006301F5F8684AF2204CD6
:1029F0004FF00409002700BF40F66345C3F6000509
:102A0000CAF8FC5140F64205C2F20005CAF8FC5172
:102A100043F64105C1F20005CAF8FC514BF2C075FE
:102A2000CAF8FC51CAF8FC4146F001E000BF00BF03
:102A3000CAF8FC21CAF8FC31CAF8FC01CAF8FC113A
:102A4000CAF8FC810FF00DC0013700250A2FCAF823
:102A50005450CAF8FCC1CAF8FC91CDD10926002116
:102A6000C0F2C0060020C1F25841CAF85400CAF8AA
:102A7000001006F120000290CBF8000400BF00BF58
:102A8000DAF800004000FBD40D2405250921C0F22E
:102A90000204C0F2C205C0F205514FF4C050CAF89A
:102AA00038004FF41470CBF814004FF49060CBF85A
:102AB00018004FF4D870CBF82000CBF804104FF07A
:102AC0000110CBF8000000BFDBF80000C007FBD10D
:102AD0000020C1F2E800CAF80000A220CAF84000B5
:102AE00040F20410C0F60000CAF8200600BF00BF84
:102AF000DAF84000B0F1FF3FFADC0220E8F742FCD0
:102B0000CAF81C0006F11C00CBF8000400BF00BF8F
:102B1000DAF800004000FBD44FF4C050CAF8380087
:102B2000CBF8005400BF00BFDAF800004000FBD42F
:102B30004FF4C050CAF83800CBF8004400BF00BFC3
:102B4000DAF800004000FBD400214FF4C050C8F276
:102B50000111CAF8380043F20340CAF8FC0143F2FD
:102B60006000CAF8FC0101F16000CAF8040245F2F5
:102B70000600CAF8040000BFDAF804004000FBD5E4
:102B80004CF23834DAF81C00C2F201242060E8F775
:102B9000F9FB0028206053D009204DF63F3646F25D
:102BA000606700244FF4D8794FF41478C0F20550D0
:102BB0004FF00115CAF6DC66CCF613170238069002
:102BC000CBF814904FF48870CBF81800CBF8208025
:102BD0000698CBF80400CBF8005000BF00BF00BF40
:102BE000DBF80000C007FBD1CBF814804FF49060F5
:102BF000CBF818000920CBF82090C0F20550CBF894
:102C00000400CBF8005000BFDBF80000C007FBD188
:102C100043F26000CAF8FC0146F6AB6042F60831A8
:102C2000CBF24F20CEF28A4132463B46F1F730FBE1
:102C30004CF238300134C2F2012000688442BFD324
:102C400042F200020020C0F26002CAF8540047F6C7
:102C50000341CAF8FC11CAF83820CAF85400002011
:102C6000C1F2E800CAF800000298CBF8000400BFE7
:102C7000DAF800004000FBD44FF4C050CAF8380026
:102C800042F2D7004DF6E45142F22D224CF60323D6
:102C9000C5F60040C8F66621C3F62812C8F63243CE
:102CA000F1F7C6FA4FF42440CAF8FC014020CAF8F4
:102CB000FC010020C8F20110CAF8040245F2060027
:102CC000CAF8040000BF00BFDAF804004000FBD5DA
:102CD0004CF23834DAF81C00C2F201242060E8F724
:102CE00051FB0028206000F0AA80092000244FF446
:102CF0003C764FF4D8774FF41475C0F205504FF07E
:102D000001194FF488780130069000BF00BF00BF62
:102D1000CBF81460CBF81870CBF820500698CBF89D
:102D20000400CBF8009000BFDBF80000C007FBD127
:102D30004FF42100CAF838004DF6EE0046F280212B
:102D40004EF6D1324CF64233CBF23240CBF639015B
:102D5000C6F29162C7F2BA23F1F76AFA4FF4800023
:102D6000CAF83800DAF83800400223D50920CBF839
:102D70001450CBF81880CBF82060C0F20550CBF887
:102D80000400CBF8009000BFDBF80000C007FBD1C7
:102D900048F2E3604DF2C6714EF203424FF29E5389
:102DA000C4F29960C7F2D451C8F2E412C6F65A13BD
:102DB000F1F76EFA0920CBF81470C0F20550CBF889
:102DC00020500330CBF80400CBF8009000BF00BFC8
:102DD000DBF80000C007FBD10920CBF81450CBF87A
:102DE0001880CBF82070C0F20550CBF80400CBF867
:102DF000009000BF00BF00BFDBF80000C007FBD1A0
:102E00004FF44050CAF8FC014AF2F05043F2092155
:102E10004CF2084249F60C63CAF27B30C1F20C2135
:102E2000CCF6F772C3F20303F1F732FA4CF2383002
:102E30000134C2F2012000688442FFF469AF00202F
:102E4000CAF854004FF4F841CAF8FC1142F20001EC
:102E5000C0F26001CAF83810CAF854000498CAF8E1
:102E60000000A220CAF8400040F20410C0F60000A2
:102E7000CAF8200600BF00BFDAF84000B0F1FF3FFB
:102E8000FADC0120E8F77EFA0D2540F2041740F243
:102E9000403607210522CAF81C00C0F20205C0F620
:102EA0002047C8F20106C0F20441C0F2C2020398F2
:102EB000CBF8000400BF00BFDAF800004000FBD4EC
:102EC0004FF4C050CAF83800CBF8002400BF00BF50
:102ED000DAF800004000FBD44FF4C050CAF83800C4
:102EE000CBF8005400BF00BFDAF800004000FBD46C
:102EF0004FF4C050CAF838004FF43C70CBF81400BF
:102F00004FF48870CBF818004FF45070CBF82000C5
:102F1000881CCBF804004FF00110CBF8000000BF74
:102F2000DBF80000C007FBD14CF6300040F66D31F5
:102F30004DF25F424BF28F03C3F6F440C8F2D12149
:102F4000C6F6B832C8F22213F1F772F90598EEF717
:102F500043FE06F16004A720CAF84000CAF8044204
:102F6000DAF84000B0F1FF3FFADCF420E8F70AFAA3
:102F7000CAF81C000020CAF8540048F65B3043F63B
:102F8000017143F65F4245F2FA23CBF21F00C9F606
:102F9000CA11C0F25662C6F63A43F1F779F9EFF773
:102FA0004BFF4FF6E72040F6F4714BF294024FF6D8
:102FB0007673C5F23240C3F29171C7F6DE32CDF2BC
:102FC0003E13F1F735F94FF48000CAF83800DAF80B
:102FD0003800400200F1268346F2FF004BF229310F
:102FE00042F2DF1245F67613C5F6FF70C6F20F51B6
:102FF000CBF2E802C5F66573F1F71AF9F1F7A4F917
:10300000A220CAF84000CAF8207600BF00BF00BF67
:10301000DAF84000B0F1FF3FFADC40F20509002089
:10302000C0F24239E8F7AEF9A6F55078CAF81C00AC
:10303000CAF80482CBF80094DAF800004000FBD410
:103040004FF4C050CAF83800CBF8005400BF00BF9E
:10305000DAF800004000FBD44FF4C050CAF8380042
:1030600043F2E040CAF8FC01A720CAF84000CAF8C1
:10307000044200BF00BF00BFDAF84000B0F1FF3FDC
:10308000FADCF420E8F77EF9CAF81C000020CAF840
:10309000540044F2032044F60C7149F24F424FF6BB
:1030A0002B43CFF6BB00C0F67341CEF24552C5F2BA
:1030B0002513F1F7EDF8E8F7DFFCEFF777FD43F2C2
:1030C000FE40CAF8FC01A720CAF84000CAF8044232
:1030D000DAF84000B0F1FF3FFADC40F2001621259B
:1030E000F420C4F20006C0F28305E8F74BF9CAF8F1
:1030F0001C000020CAF8540042F205404FF2D411DF
:1031000043F629224AF25033C0F2EF70CFF28E21FB
:10311000C7F27832CDF25823F1F7BAF8E8F704FE97
:1031200040F699204AF2F46145F20E6245F2FE1330
:10313000C1F6C410C9F6DB01CCF65642C8F21963D9
:10314000F1F776F849F60750CAF82866CEF2007013
:10315000CAF820064FF09950CAF80000CBF8005486
:10316000DAF800004000FBD44FF4C050CAF8380031
:1031700042F22200CAF80400DAF804004000FBD54D
:103180001099DAF81C004860DAF81C008860DAF858
:103190001C00C860DAF81C00086100BF00BF00BF57
:1031A000DAF804004000FBD51099DAF81C004AF266
:1031B0006A024BF25A034861C9F64612DAF81C005B
:1031C0008861DAF81C00C861DAF81C0008624BF666
:1031D000E11047F6B141CBF23E20CEF68B21C1F291
:1031E000B633F1F725F8A220CAF84000A7F5001081
:1031F000CAF8200600BF00BFDAF84000B0F1FF3F78
:10320000FADC48F2041711250020C0F61017C0F2AE
:103210008305E8F7B7F8CAF81C004FF08040CAF8F9
:103220002806781CCAF82006A5F58030CBF80004E3
:10323000DAF800004000FBD44FF4C050CAF8380060
:1032400042F21200CAF80400DAF804004000FBD58C
:103250001099DAF81C0041F6A22246F2AE13486239
:10326000CDF28062DAF81C008862DAF81C00C862CD
:10327000DAF81C0008634BF6F4704BF6A641CFF663
:103280005440CCF2D211C3F6FD43F0F7D1FF002039
:10329000C8F20110CAF8040245F20600CAF8040098
:1032A000DAF804004000FBD51099DAF81C0041F26E
:1032B000DE0245F6C82308604BF232204DF6476126
:1032C000CBF2DD70C6F2DA61CEF65142C6F28B73F4
:1032D000F0F7AEFFF1F738F8A220CAF8400040F24C
:1032E0000410C0F62040CAF8200600BF00BF00BF8F
:1032F000DAF84000B0F1FF3FFADC0020E8F742F8CE
:10330000CAF81C00CAF80482CBF8009400BF00BFC2
:10331000DAF800004000FBD44FF4C050CAF838007F
:103320000D20C0F20200CBF8000400BF00BF00BFB8
:10333000DAF800004000FBD44FF4C050CAF838005F
:1033400043F2E040CAF8FC01A720CAF84000CAF8DE
:10335000044200BF00BF00BFDAF84000B0F1FF3FF9
:10336000FADC0120E8F70EF8CAF81C000020CAF8C1
:10337000540040F6CD6048F6BB314BF6273246F29A
:10338000A623C8F64B50C2F60031CEF22B02C7F688
:103390008E73F0F77DFFE8F76FFBEFF73FFC43F22A
:1033A000FE40CAF8FC01A720CAF84000CAF804424F
:1033B000DAF84000B0F1FF3FFADC0220E7F7E2FF65
:1033C000CAF81C000020CAF8540047F6D4204EF674
:1033D000DB314EF249624CF6FB23C6F65E10CDF2AD
:1033E0002A11C1F6FF32C6F66423F0F751FFE8F761
:1033F0009BFC4FF2D20045F25A2148F2F46246F6A5
:103400001C03C3F67C20C1F69B71C8F64962CCF65A
:103410003F23F0F70DFF06F58070CAF8280649F241
:103420000710CEF60000CAF820064FF09450CAF8F4
:1034300000002120C0F28300CBF80004019C00BFF3
:10344000DAF800004000FBD44FF4C050CAF838004E
:103450000020C1F2282000F52800CAF80000CBF8AF
:10346000005400BF00BF00BFDAF800004000FBD4EA
:103470004FF4C050CAF8380042F23200CAF80400D3
:10348000DAF804004000FBD5DAF81C006060DAF8D6
:103490001C00A060DAF81C00E060DAF81C00206173
:1034A000DAF804004000FBD5DAF81C006061DAF8B5
:1034B0001C00A061DAF81C00E061DAF81C00206250
:1034C000DAF804004000FBD5DAF81C006062DAF894
:1034D0001C00A062DAF81C00E062DAF81C0020632D
:1034E0004AF2FC604CF6EA3145F20D5241F29A1371
:1034F000CDF2E520C2F61951C2F2A532C6F2075349
:10350000F0F796FE4FF08040CAF8280648F2051002
:10351000CEF60000CAF82006CBF8005400BF00BF6A
:10352000DAF800004000FBD44FF4C050CAF838006D
:10353000A220CAF840004FF08040CAF82806CAF816
:10354000207600BF00BF00BFDAF84000B0F1FF3FB7
:10355000FADC0020E7F716FFCAF81C0042F222004E
:10356000CAF8040000BF00BFDAF804004000FBD531
:10357000DAF81C006063DAF81C00A063DAF81C00BB
:10358000E063DAF81C002064DAF804004000FBD5A0
:10359000DAF81C006064DAF81C00A064DAF81C0099
:1035A000E064DAF81C0020654EF2B24047F21C419C
:1035B00049F68B0242F2A153CBF2E120C0F27C31FA
:1035C000C8F2F032C3F24A23F0F732FE0020C8F20C
:1035D0000110CAF8040245F20600CAF8040000BF50
:1035E000DAF804004000FBD5DAF81C0020604CF249
:1035F0001B7042F6012146F600424DF27513CFF2E0
:103600003320C2F2A051CFF62332C5F2C163F0F7E6
:103610006FFE4020CAF8B400DAF82800C004FBD4DA
:1036200000201CE046F2380043F6F81144F665220B
:103630004CF24E53C9F6EF50CAF26151C1F6203236
:10364000C2F69F63F0F754FE4020CAF8B40000BFF2
:10365000DAF82800C004FBD40220C0F2010007B051
:10366000BDE8F08F80B582B043F20800C4F22000BC
:10367000016821F000410160F2F72FFAFCF71CFB12
:10368000A8B941F224404FF00111C4F23B0001609F
:103690004160FCF729FC50B944F23800C4F2200024
:1036A000006800F00F00019001A8F7F769F802B078
:1036B00080BD80B5F3F730FC00281CBF0220C0F2AB
:1036C000010080BD2DE9F04186B01D4614460E462E
:1036D000DDE90C7800210391E7F754FE05903046B0
:1036E000E7F750FE43F268214CF23032C0F2042179
:1036F000C2F201220490234651F826000095011FD2
:1037000011604CF234310130C2F2012103AACDE93B
:103710000178086005A804A9F9F70EFD06B0BDE818
:10372000F08180B5DDE902ECCDE902ECBDE8804036
:10373000FDF70AB880B5DDE902CE194610466246AB
:103740007346BDE88040F2F7E7BE80B5DDE902ECE4
:10375000CDE902ECBDE88040FDF7D6BB80B5DDF8D1
:1037600010C0DDE9023ECDE902ECBDE88040FEF785
:1037700063BA1A46009BDDF808C0CDF800C0FEF71A
:103780009FBD009B11461A46F3F746BC2DE9F04158
:103790000E68032E23D80DF118081546099C98E8E9
:1037A0008201DFE806F0021306091946FAF7ACF9C0
:1037B00004E0FAF7D1FA0CE0FAF7CEFA78B9284625
:1037C00039462246BDE8F041F9F756BF1946FAF7E7
:1037D0009BF920B928462146FAF712FC28B140F29D
:1037E0000210C0F20100BDE8F0814046BDE8F041A2
:1037F000FAF7D2BB2DE9F0410E68032E23D80DF164
:1038000018081546099C98E88201DFE806F00213C3
:1038100006091946FAF738FE04E0FAF75DFF0CE0F6
:10382000FAF75AFF78B9284639462246BDE8F041F2
:10383000FAF74EBC1946FAF727FE20B9284621466A
:10384000FBF7AAF828B140F20210C0F20100BDE86F
:10385000F0814046BDE8F041FBF766B8009A0846A3
:103860001946F7F715BF009A08461946F8F7CCBF76
:1038700011461A46F7F7ECBA11461A46F8F728BB74
:1038800011461A46FBF7E4B811461A46FBF778BD15
:1038900080B545F25422C5F24F020260084600F09E
:1038A00003F8002080BDD4D470B5044600F060F861
:1038B0004DF68C3CEFF31081C2F2012C012080F315
:1038C0001088DCF8000038B940F614500022C4F229
:1038D0004000027040220270DCF800000130CCF899
:1038E000000081F31088208828B340F6000E0021E4
:1038F000C4F2400E00BF00BF606800EBC10250F888
:1039000031309288D8034FEA1220D2B20BD50EEB99
:10391000801555F8226026F4803645F8226023F49D
:10392000803645F822600EEB8010013140F82230DD
:1039300020888142E0D30120EFF3108180F31088CA
:10394000DCF8000020B1DCF800000138CCF8000001
:10395000DCF8000038B940F614500022C4F24000F0
:1039600002708022027081F3108870BDD4D4D4D448
:103970002DE9F04F81B004460088002862D04EF651
:103980004C4B0025C4F2010B4FF0010A00BF00BFF1
:1039900042F2400643F22C380027C4F22006C0F25F
:1039A000042800BF00BF00BF606838F8021B00EBAE
:1039B000C50082888A423DD100689BF8001000F063
:1039C000B8500AFA07F9B0F1807F09EA010017D16F
:1039D00058B9012001F0EBF89BF8000040EA09001B
:1039E0008BF80000012001F0BBF896F900000028D8
:1039F00020D4307840F0800017E000BF00BF00BF47
:103A000058B1012001F0D3F89BF8000020EA09002A
:103A10008BF80000012001F0A3F896F90000B0F146
:103A2000FF3F07DC307800F07F003070C8200121B4
:103A300001F017F801370236032FB5D12088013580
:103A40008542A5D301B0BDE8F08FD4D4D4D4D4D46A
:103A50002DE9F04381B00D46097C044601220D2971
:103A60005FEA9F9002FA01F1E16065602074287CB2
:103A700042F20001C4F2320100274FF0004801EB8E
:103A80000020A06068696061A869E061A761EE69D3
:103A9000EFF3108982F31088287C011F28FA00F0C8
:103AA00006296FF0006151EA30A043F21001C4F220
:103AB00020010A681040086008681E20012100F0FB
:103AC000D0FF89F310884FF42541A0684FF0060E0F
:103AD0000160A068C762A068C763A0688764287A8D
:103AE0002978A268C0050329696808BF00F58030FD
:103AF000D0620139A068C0F81080A068C0F81480B6
:103B0000A068C0F81880A0684762A0688762A068B3
:103B1000B269C261A068F2690262A0688166A068A9
:103B200041666168D6F850C0C96901F1300200BF32
:103B300091F84830FB40DB070CD03B46042F08BF10
:103B40000323032F08BF0423A06800EB830013683E
:103B5000013BC364013704320FF017C0287C0D28E5
:103B600002D8A06800214164A06800218163A06898
:103B7000C0F88810306D40B996F8200096F82110F2
:103B8000400340EA41704CEA000C96F84800A168F6
:103B900000284FF4A00008BF4FF4AA000864A068F2
:103BA000C0F834C04DF6903C96F8540096F8551085
:103BB000A268C2F2012C4901D36A41EA0010032134
:103BC0001843D062A06801230163A0680363D4E9AD
:103BD0000201C1604EF2001095F912704CF20031F2
:103BE000CEF20000C4F20001002F1AD46D7CC2197D
:103BF0002D0182F800534CF8274051F8272022F479
:103C0000803241F8272051F827207A0907F01F0752
:103C1000BFF35F8F00EB8205BB40C5F8803140F8F1
:103C2000223096F92830002B1DD496F82220C71890
:103C30000125120187F800234CF8234051F8232076
:103C400022F4803241F8232051F823205A0903F04E
:103C50001F03BFF35F8F00EB820705FA03F3C7F87A
:103C6000803140F8223096F92930002B1DD496F887
:103C70002320C7180125120187F800234CF82340A0
:103C800051F8232022F4803241F8232051F82320D8
:103C90005A0903F01F03BFF35F8F00EB820705FA99
:103CA00003F3C7F8803140F8223096F92A30002B10
:103CB0001DD496F82420C7180125120187F8002387
:103CC0004CF8234051F8232022F4803241F823207D
:103CD00051F823205A0903F01F03BFF35F8F00EB55
:103CE000820705FA03F3C7F8803140F8223096F9CD
:103CF0002B30002B1DD496F82520C7180125120162
:103D000087F800234CF8234051F8232022F4803216
:103D100041F8232051F823205A0903F01F03BFF371
:103D20005F8F00EB820705FA03F3C7F8803140F894
:103D3000223096F92C30002B1DD496F82620C71877
:103D40000125120187F800234CF8234051F8232065
:103D500022F4803241F8232051F823205A0903F03D
:103D60001F03BFF35F8F00EB820705FA03F3C7F869
:103D7000803140F8223096F92D30002B1DD496F872
:103D80002720C718120187F800234CF82340012789
:103D900051F8232022F4803241F8232051F82310D7
:103DA000590903F01F03BFF35F8F00EB810207FA8D
:103DB00003F3C2F8803140F8213045F2540100206D
:103DC000C0F24701216001B0BDE8F083D0E90212E2
:103DD00000204A607047D0E9021200208A607047D4
:103DE000D0E902120020CA60704780B5D0E9011EF8
:103DF000C969D1E901C3CA6843F00043CEF8143061
:103E000042F0004283689A614CF00043826813617B
:103E100082680B695362826800204969916280BDA3
:103E200081684FF000420A6181684A6181688A6155
:103E3000002281684A62816800208A627047826835
:103E4000013991668268D36ADB0703D15166D0E9F4
:103E50000201C16000207047062070471346042A03
:103E600008BF0323032AA1F1010108BF04238068CE
:103E700000EB83020020D164704770B582680C4665
:103E8000516E0131A16081684EF25C00C4F2010004
:103E9000C96A027802F00F02022A01D801230BE05E
:103EA000D31E052B06D243F26832C0F2042212F868
:103EB000235003E0083A102303FA02F54078C1F3D7
:103EC000C35600F00F0000F071FDE9B2B0FBF1F055
:103ED00001212170F0406060002070BD8268D26ACC
:103EE00002F001020A7182680020926C0A60704739
:103EF000844641610020CCE906327047B0B5436882
:103F00004EF2801E4DF6903CCEF2000E93F9121048
:103F1000DB69C2F2012C00290ED44A0901F01F040A
:103F2000012505FA04F44EF82240BFF34F8FBFF38A
:103F30006F8F00224CF8212093F9281000290ED40D
:103F40004A0901F01F04012505FA04F44EF8224045
:103F5000BFF34F8FBFF36F8F00224CF8212093F9EE
:103F6000291000290ED44A0901F01F04012505FA81
:103F700004F44EF82240BFF34F8FBFF36F8F00223F
:103F80004CF8212093F92A1000290ED44A0901F097
:103F90001F04012505FA04F44EF82240BFF34F8FA9
:103FA000BFF36F8F00224CF8212093F92B100029CA
:103FB0000ED44A0901F01F04012505FA04F44EF855
:103FC0002240BFF34F8FBFF36F8F00224CF82120A8
:103FD00093F92C1000290ED44A0901F01F04012581
:103FE00005FA04F44EF82240BFF34F8FBFF36F8FF2
:103FF00000224CF8212093F92D1000290ED44A09F3
:1040000001F01F03012404FA03F34EF82230BFF33A
:104010004F8FBFF36F8F00224CF82120D0E902129E
:10402000002303608A60816800204B63B0BDF0B557
:1040300083B04FF07041EFF3038001EB00614CF26D
:1040400000308A15C4F200004DF690351358C2F2C4
:10405000012523F4803313501358AF587A6813782E
:10406000012B40F0AE80D7E902350916D2694EF235
:10407000802C9D600025BB68CEF2000C9D64BB685F
:10408000DD64BB681D65012550F8213023F48033C1
:1040900040F8213050F821304B0901F01F01BFF3E7
:1040A0005F8F05FA01F14CF8231092F84830D907D8
:1040B00017D092F92850002D13D450F8251005F090
:1040C0001F0321F4803140F8251050F825106909AC
:1040D0000125BFF35F8F05FA03F34CF8213092F806
:1040E0004830990715D592F92930002B11D450F892
:1040F0002310012521F4803140F8231050F82310BB
:10410000BFF35F8F590903F01F0305FA03F34CF85F
:10411000213092F92A30002B11D450F823100125B8
:1041200021F4803140F8231050F82310BFF35F8F43
:10413000590903F01F0305FA03F34CF8213092F9F3
:104140002B30002B11D450F82310012521F480319D
:1041500040F8231050F82310BFF35F8F590903F084
:104160001F0305FA03F34CF8213092F92C30002B91
:1041700011D450F82310012521F4803140F8231088
:1041800050F82310BFF35F8F590903F01F0305FA9E
:1041900003F34CF8213092F92D20002A11D450F865
:1041A000221021F4803140F8221050F82200BFF391
:1041B0005F8F500902F01F01012202FA01F14CF851
:1041C00020107869A8B1B8696D4628B10246294621
:1041D00092E8580058C100E0284600210171816032
:1041E000F969016079698847B86910B195E80E00EE
:1041F0000EC003B0F0BDD4D44EF22401C4F20101CC
:104200008878098801F00F02A2F1080103293BD840
:10421000DFE801F0022C101E46F24021C2F201211B
:1042200051F820004AF6AB21CAF6AA21A0FB0101F1
:10423000480830E046F24021C2F2012151F8200046
:104240004AF6AB21CAF6AA21A0FB0101C80822E068
:1042500046F24021C2F2012151F820004AF6AB217A
:10426000CAF6AA21A0FB0101080914E046F2402188
:10427000C2F2012151F820004AF6AB21CAF6AA2168
:10428000A0FB0101880806E046F24021C2F20121AC
:1042900051F82000D0404DF6D031C2F20121086023
:1042A0007047D4D4D4D4D4D42DE9F04182B00FF2E5
:1042B00078504EF2FA38C4F201084AF20151CFF6B2
:1042C000FF7190ED001F46F240200231A8F8001067
:1042D000C2F201200FF260514EF6014680ED001F40
:1042E0004EF600474EF2140591ED001F4BF280216F
:1042F00040F6000280ED041F2030C0F6E66143F670
:104300000003C4F20106C4F20107C4F20105C2F6BB
:10431000AF72C1F69C430EC0FFF76EFF4FF65060C0
:104320000A21CFF6FF703954092085F88E003878BD
:1043300018B93078800700F07282387858B90120B7
:104340003870C820012100F08CFB00BF00BF00BF07
:1043500038780128FCD10020307038704AF20156BC
:10436000002085F82200A87795F828000007FBD5E3
:1043700042F602314EF61450C0F20101C5F8B410F5
:1043800040F223416987002285F836204FF602115A
:10439000C5F8981040F251712987CEF200004EF214
:1043A0000001BFF34F8FBFF36F8F0368CEF201019F
:1043B00023F400330360C0F83C22BFF34F8FBFF3F8
:1043C0006F8F0A6822F440520A60BFF34F8FBFF329
:1043D0006F8F2A7802F0F80201322A7000BF00BF06
:1043E0002A78D206FCD40A6842F440520A60BFF32D
:1043F0004F8FBFF36F8F0168890312D4BFF34F8FC4
:10440000BFF36F8F0021C0F83C12BFF34F8FBFF393
:104410006F8F016841F400310160BFF34F8FBFF32C
:104420006F8F0020A87500BF95F828008006FBD587
:104430004CF200070020C4F213073870387838783F
:1044400038787868FA2807D0FA20C1F6006000BFF3
:1044500078607968FA29FBD1B8687D2808D07D207A
:10446000CEF2001000BF00BFB860B9687D29FBD153
:1044700043F23240C3F22320E86042F22010288247
:104480000520A874FFF7B8FE1E200121012400F0CA
:10449000E8FA78686FF39F20652828BF3C70FFF723
:1044A000ABFE42F200004FF42541C4F2000006804A
:1044B000BFF35F8F0472BFF35F8F018095F8C60072
:1044C00040F0400085F8C60095F9C600B0F1FF3F06
:1044D000FADC032085F8C000C92085F8C60095F8ED
:1044E000C60000F0BF0085F8C60000BF00BF00BFD7
:1044F00095F9C6000028FBD4012085F83F00002074
:1045000085F82A00802085F82A0095F8600040F0A0
:10451000400085F8600000BF95F96000B0F1FF3FF2
:10452000FADC072085F858004A2085F860000A2048
:1045300085F8600000BF00BF95F960000028FBD43B
:104540004FF4C160ADF806000DF1060000F07CF9F3
:1045500095F8620040F0400085F8620000BF00BF9F
:1045600095F96200B0F1FF3FFADC032085F85A00AC
:10457000CA2085F8620095F8620000F0BF0085F857
:10458000620000BF00BF00BF95F962000028FBD4A5
:1045900095F8410040F0400085F8410000BF00BFA1
:1045A00095F94100B0F1FF3FFADC022085F84000A8
:1045B000CA2085F8410095F8410000F0BF0085F859
:1045C000410000BF00BF00BF95F941000028FBD4A7
:1045D00095F8430040F0400085F8430000BF00BF5D
:1045E00095F94300B0F1FF3FFADC002085F8420066
:1045F000C72085F8430095F8430000F0BF0085F818
:10460000430000BF00BF00BF95F943000028FBD462
:1046100095F8490040F0400085F8490000BF00BF10
:1046200095F94900B0F1FF3FFADC012085F8480018
:10463000C62085F8490095F8490000F0BF0085F8CC
:10464000490000BF00BF00BF95F949000028FBD416
:1046500095F8640040F0400085F8640000BF00BF9A
:1046600095F96400B0F1FF3FFADC022085F85C00A8
:10467000C92085F8640095F8640000F0BF0085F853
:10468000640000BF00BF00BF95F964000028FBD4A0
:1046900095F84B0040F0400085F84B0000BF00BF8C
:1046A00095F94B00B0F1FF3FFADC012085F84A0094
:1046B000CA2085F84B0095F84B0000F0BF0085F844
:1046C0004B0000BF00BF00BF95F94B000028FBD492
:1046D00095F8630040F0400085F8630000BF00BF1C
:1046E00095F96300B0F1FF3FFADC042085F85B0028
:1046F000CA2085F8630095F8630000F0BF0085F8D4
:10470000630000BF00BF00BF95F963000028FBD421
:1047100095F8470040F0400085F8470000BF00BF13
:1047200095F94700B0F1FF3FFADC022085F846001A
:10473000CA2085F8470095F8470000F0BF0085F8CB
:10474000470000BF00BF00BF95F947000028FBD419
:1047500095F8C70040F0400085F8C70000BF00BFD3
:1047600095F9C700B0F1FF3FFADC022085F8C100DF
:10477000C52085F8C70095F8C70000F0BF0085F890
:10478000C70000BF00BF00BF95F9C7000028FBD4D9
:1047900095F8C80040F0400085F8C80000BF00BF91
:1047A00095F9C800B0F1FF3FFADC012085F8C2009E
:1047B000C52085F8C80095F8C80000F0BF0085F84E
:1047C000C80000BF00BF00BF95F9C8000028FBD497
:1047D00095F8CA0040F0400085F8CA0000BF00BF4D
:1047E00095F9CA00B0F1FF3FFADC092085F8C40052
:1047F000C92085F8CA0095F8CA0000F0BF0085F806
:10480000CA0000BF00BF00BF95F9CA000028FBD452
:104810004FF42540A8F8000002B0BDE8F0814FF445
:104820007A7000F0C2F899E5006CDC0200127A00A0
:104830000080000000366E010080000000CA9A3B34
:104840000046C3235543DE132DE9F04F81B04EF2ED
:10485000FA3143F20406C4F201018246C4F2200692
:104860004AF20350B1F8009008804FF0010B002588
:104870004FF480340127002004FA00F132680A4224
:1048800010D1EFF310888BF3108832680BFA00F028
:1048900011433160316805431E20012100F0E1F829
:1048A00088F31088F8074FF001004FF00007E3D1BC
:1048B0004EF2750746F24021C4F20107C2F201210F
:1048C000387800F00F0051F8200017F8081C01F0AC
:1048D0000F01022901D801220BE0CA1E052A06D2C7
:1048E00043F2C851C0F2042151F8221003E0083904
:1048F000102202FA01F1B0FBF1F04DF68361C4F22F
:104900001B31A0FB01016FF0010000EA51400121C1
:1049100000F0A7F8387840F04000387000BF00BFC2
:1049200097F90000B0F1FF3FFADC9AF8010007F8B0
:10493000080C9AF8000040F0400038709AF8000027
:10494000387000BF00BF00BF97F900000028FBD4FB
:1049500000204FF0010A4FF48038012400BF00BF4F
:1049600025FA00F1C90710D0EFF310878AF31088F9
:1049700008FA00F0316821EA0000306030681E203B
:10498000012100F06EF887F31088E0074FF0010076
:104990004FF00004E4D14EF2FA3149F42540C4F25C
:1049A0000101088001B0BDE8F08F704746F2402158
:1049B000C2F2012151F820007047D4D4D4D4D4D409
:1049C000B0B542F22404C820C4F22004012100251D
:1049D000257100F046F82570207808B12FF005C049
:1049E000207840F00200207020788007FCD400205E
:1049F00004F8020C00BF00BF14F8020C08B12FF03D
:104A000005C84FF0030E002004F11C0100BF00BFD9
:104A100011F8102002F07F0201F8102000BF00BF43
:104A200011F91020002AFBD401300FF00FC801202B
:104A300000F0BDF84EF64C410120C4F20101002205
:104A40000A70BDE8B04000F08BB80146002200209B
:104A5000C0F206620A60704700BE00BF00BF00BF20
:104A6000FEE74DF6D03241F20023C2F20122C0F23D
:104A70007A03484312689A420FD344F23F21C0F2AE
:104A80000F0111444DF68362C4F21B32A1FB0212E6
:104A9000910CA0FB0101C9B11BE04CF60021C3F64B
:104AA0009A31B1FBF2F148F63812C0F2410290425D
:104AB00005D24FF47A725043B0FBF1F006E0B0FB40
:104AC000F1F0904205D24FF47A71484328B100F0DA
:104AD00007B84FF0FF3000F003B87047D4D4D4D4F7
:104AE00001380028FCD17047F0B581B04CF20015B8
:104AF0004DF63837C4F200050024C2F201272868B9
:104B0000296A01EA000600BF26FA04F0C00704D0B3
:104B100057F8241009B1204688470134152CF3D1E9
:104B20002E6100BF00BF00BF286A3042FCD101B037
:104B3000F0BDD4D4D4D4D4D480B54FF00C0E42F20E
:104B4000FC204CF20031C0F20420C4F2000100BF8E
:104B500030F8022B02B10A6004310FF007C880BDA3
:104B6000EFF31081012282F310884DF6C032C2F2B9
:104B7000012232F8103023B132F81030013B22F814
:104B8000103032F810207AB94EF2FA3243F2DC5C7F
:104B9000C4F20102C0F2042C13883CF8100043F464
:104BA000254323EA0000108081F31088704710B578
:104BB000EFF31081012282F310884DF6C032C2F269
:104BC000012232F8103083B94EF2FA3E43F2DC5C37
:104BD000C4F2010EC0F2042CBEF800403CF81030C4
:104BE000234343F42543AEF8003032F8103001334C
:104BF00022F8103081F3108810BDD4D44DF6CC319A
:104C0000C2F201210A681318B3F1011F0AD380B55B
:104C100008487844016817F093FC0C2242504FF08A
:104C2000FF3080BD40F240200B60C2F200201044F3
:104C3000704700BFAA06020000F006F8DDF725FF66
:104C4000FEE700BE7047D4D470B54EF6005540F272
:104C50000120CEF20005C0F20E004EF2000668619F
:104C6000CEF20106BFF34F8FBFF36F8F2968C1F3F8
:104C7000035001285FEA1F9211F00F0F5FEA0F91B6
:104C80001142316811D102280FD241F00400306086
:104C90004EF20800BFF34F8FCEF20000BFF36F8FCC
:104CA000016841F48031016002E021F004003060CD
:104CB000BFF34F8FBFF36F8F4FF4700040F20001CE
:104CC000C5F888000020C0F20021A9600024DCF7AC
:104CD00034F8FFF7E9FA4EF2FA304EF6B022C4F299
:104CE0000100C4F201024AF20251018014704FF433
:104CF000254101800120DCF720F840F24020C2F27B
:104D0000012080F30A883068800721D5A868B0F1B7
:104D1000007F1DD130694FF40071C0F3C300726988
:104D200001FA00F3C2F3C30081400020DA08CB0887
:104D30000146064642F005C0E6E802010FF005C054
:104D40004FF0005243F005C0E2E802010FF005C049
:104D5000002000F095F8FFF74FFAFFF731FE03202F
:104D6000FFF725FF4FF00E0E40F63050C4F2400022
:104D700020F8044B0FF005C04EF210140320C4F2CB
:104D80000104FFF7EDFE0320FFF711FF44F20400DA
:104D90000021C4F22000016041608160C1600320F5
:104DA000FFF7DEFED4F8C802800714D42078A0B143
:104DB0000120FFF7FCFE00BF94F9000010F1410F45
:104DC000FADC0020207000BF20783F28FCD80120AA
:104DD000FFF7C6FE01E0D4F8C802D4F8C8024007C5
:104DE00015D42079A8B10120FFF7E1FE00BF00BF74
:104DF00094F9040010F1410FFADC0020207100BF8B
:104E000020793F28FCD80120FFF7AAFE01E0D4F862
:104E1000C8020220DBF791FF012000F031F84EF2CA
:104E2000E834C2F20124204617F0A2FB204617F016
:104E30008DFBBFF34F8FBFF36F8F0020C5F850027B
:104E400045F2C42045F2C421C0F20420C0F204217E
:104E5000BFF34F8F081ABFF36F8F8410012C08DB4C
:104E600045F2C425C0F2042555F8040B8047013CE7
:104E7000FAD1FFF761FE0020BDE8704000F02FB8C6
:104E8000F0B581B043F29C350446C0F204252E688B
:104E900076B16868071D00BF7879844204D157E96C
:104EA0000101091A17F01BFB013E07F10C07F3D1B2
:104EB000AE6896B1E86800F1080500BF00BF00BF0A
:104EC0006879844205D155E902022968121A17F05F
:104ED0000AFB013E05F11005F2D101B0F0BD7047AB
:104EE00010B50468A1EB040EBEF1010F33DB94F999
:104EF00000C0BCF1000F0DD4631C03602378136065
:104F00000368C81A116881424FF0000088BF6FF033
:104F10005F0010BD5FFA8CF303F07F0CACF105036A
:104F200013F1040F02D26FF0630010BDE64512D9F1
:104F3000002313600368013303604CF001E000BFFD
:104F400014681B7843EA0423136003680133036089
:104F50000FF00BC0D5E76FF05F0010BD80B5D0F843
:104F600000C0A1EB0C0EBEF1010F0ADB9CF800E0C3
:104F7000734509D10CF101030360BDE88040FFF7E0
:104F8000AFBF6FF05F0080BD6FF0610080BD134662
:104F9000022200F001B8D4D4B0B582B00446006853
:104FA0000D1A012D17DB1D4603789A4216D10130E8
:104FB000206001AA2046FFF793FF88B9DDF804E0DE
:104FC000BEF1000F0ED0206890F90010002909D41E
:104FD0000BD0012119E06FF05F0001E06FF061007C
:104FE00002B0B0BD6FF06300FAE7013000BF00BF50
:104FF000BEF1010E206023D010F9011B09B92FF07A
:1050000009C8B1F1FF3F5FEADF91BEF1040F5FEA2B
:105010000F926FF06300E3D81143E1D000202860C5
:10502000216800BF00BF00BF2868097841EA00205E
:1050300028602068411C002021600FF00BC8CFE7DA
:1050400000202860CCE770B582B0044600680B1AD7
:10505000012B14DB15460278022A13D1013020609F
:1050600001AA2046FFF73CFF70B9019E216828463F
:10507000324600F03BFA21683144216004E06FF0D1
:105080005F0001E06FF0610002B070BDD4D4D4D4F1
:10509000802A84464FF0010006D3134600BF00BFAC
:1050A0001B0A00F10100FBD1DCF80030591A8842DC
:1050B00002DD6FF06B007047DCF800104B1ECCF87F
:1050C000003001F8012C120AF6D1022809D3DCF8CD
:1050D000001000F17F024B1ECCF8003001F8012CCB
:1050E0007047012070470368591A012905DB591ED2
:1050F0000160012003F8012C70476FF06B007047CE
:10510000F0B581B00446104617460E4600F07AF915
:1051100005460128206898BF0125B04202D3811BB3
:10512000A94203D26FF06B0001B0F0BD411B3846BD
:105130002A46216000F0F0F90028F5D1B88801284E
:105140000ED1206890F90010B1F1FF3F08DC811BFF
:105150000129E7DB0135411E2160002100F8011C17
:10516000204631462A46FFF793FF0028DCD4216809
:105170008A1B012AD6DB28444A1E01302260022203
:1051800001F8012CD0E7022300F002B8D4D4D4D423
:10519000F0B581B01C460F460646012500BF00BF92
:1051A0003068C11B01292ADB411E316000F8012C47
:1051B0001212002A05F10105F2DC306890F90010A6
:1051C000B1F1FF3F01DD013D07E0C11B012916DB05
:1051D000411E3160002100F8011C304639462A4644
:1051E000FFF756FF00280CD43168CA1B012A06DBE2
:1051F00028444A1E0130326001F8014C01E06FF092
:105200006B0001B0F0BD42F21072914202D96FF012
:105210000F0070472DE9F04381B0C7880C46054662
:10522000B94217D90421204618F01CFDB0B1D5F8B9
:1052300000900646B9F1000F0AD04FEA87083046C1
:105240004946424617F04FF94846414602F0C4FF2E
:10525000EC802E60002001B0BDE8F0836FF00F00FD
:10526000F9E701210022C0E90021704768B110B5BB
:105270000446006818B1E188890002F0ADFF012002
:105280000021C4E90010BDE810407047D4D4D4D444
:105290002DE9F04142F21072914203D96FF00F00F4
:1052A000BDE8F081C5880446A94227D26A1E00BF26
:1052B000104632B1226852F82020002AA0F10102E3
:1052C000F6D0421C8A4251EA90980421404618F0D8
:1052D000C9FC0028E2D0276806464FB14FEA880291
:1052E0003046394617F0FFF8A900384602F074FF3F
:1052F0000020A4F806802660BDE8F0812046BDE8C5
:10530000F041FFF780BFD4D488421DD070B5044669
:10531000C8880D46D0B16FF0030101EB800200BFD9
:105320001646014632B12868321F80590028A1F183
:105330000100F5D0E088AA88A28088420FD22046DA
:10534000FFF761FF90B170BD00207047E18891B117
:105350000120A0802068890017F0C1F80BE02268C6
:10536000431A02EB8100990017F0B9F82068296808
:10537000321D17F0B8F8002070BDF0B581B00D46B1
:10538000012104460127FFF73EFF064660B9E18888
:105390002068890017F0A3F82068002D55EA55B160
:1053A000016047EAA570A080304601B0F0BDC28818
:1053B000B1EB421F09D200684A0901F01F0150F801
:1053C0002200C84000F00100704700207047D4D48C
:1053D000C2885AB101685201002000BF00BF00BF5F
:1053E00051F8043B23B920308242F9D100207047A4
:1053F00093FAA3F1B1FA81F108447047C1880068BB
:1054000001F022B880B5C188006801F01DF80730AE
:10541000C00880BDD4D4D4D4F0B581B0CD880446C2
:105420000DB308680E4600EB85001746043800BF30
:1054300050F8041911B9013DFAD114E09FB1691C6B
:105440002046FFF7E0FEE8B920463146FFF75CFF53
:10545000C0B9E188206832687B1E00932B4601F0BA
:10546000EBF900200EE0012120460125FFF7CBFEDD
:1054700040B9E1882068890017F031F821680020E0
:105480000860A58001B0F0BD80B584B0002A52EA62
:1054900052B34FF0010C01934CEAA272ADF80C200C
:1054A00001AA029202AA0123ADF80EC000F0CEF9C3
:1054B00004B080BDB0B5044651B1E0880D468142CC
:1054C0000BD12068A90017F00AF80120A08002E0A3
:1054D0002046FFF7CBFE0020B0BD2046FFF7C6FEFA
:1054E00020462946BDE8B040FFF78DBE70B5144692
:1054F00092074FEA940252EA02920D46064611467E
:10550000FFF7D8FF00B170BDF18830682A46234606
:10551000BDE8704001F040B8C388944600680A4670
:105520001946634601F070B8B0B5C28805460C460E
:105530000068114600F088FFE9882044B0EB411F65
:105540000AD9C1064FEA501050EA00912846FFF7E9
:105550005AFE00B1B0BDE9882868224601F0D4F8AF
:105560000020B0BDC28842B180B50B46006811462C
:105570001A4601F089F8BDE8804000207047D4D475
:1055800080B5B0F806C0BCF1000F0BD0026802EB8A
:105590008C02131F00BF00BF53F8042922B9BCF1CD
:1055A000010CF9D14FF0000CB1F806E0BEF1000F8C
:1055B0000CD00A6802EB8E02043A00BF00BF00BFA5
:1055C00052F8043923B9BEF1010EF9D14FF0000EA3
:1055D000F44501D9012080BDE64510D8ACF10102A7
:1055E000531C0FD00B68D0F800E053F822C05EF8CF
:1055F00022306345EED86345A2F10102F0D24FF0AC
:10560000FF3080BD002080BD10B5B0F806C0BCF1F1
:10561000000F0BD0026802EB8C02043A00BF00BFFF
:1056200052F8043923B9BCF1010CF9D14FF0000C48
:10563000B1F806E0BEF1000F0CD00B6803EB8E034F
:10564000043B00BF00BF00BF53F8042922B9BEF1DC
:10565000010EF9D14FF0000E5EEA0C0229D0F4459C
:1056600002D9B0F904E026E0E64504D9B1F9040016
:10567000C0F1000E1FE0B0F904E0B1F90430BEF152
:10568000010F1ADB002B20D4ACF1010300BF00BFD7
:105690005A1C0ED00A68D0F800C052F823405CF8BB
:1056A0002320A24207D8A3F10103F1D2CEF1000ECC
:1056B00001E04FF0000E704610BDBEF1000FE3D0C8
:1056C000002BE1DD4FF0FF3EF5E74FF0010EF2E772
:1056D00080B584B00123002951EA51B243EAA17197
:1056E000ADF80C1001A9029102A90192ADF80E309B
:1056F000FFF78AFF04B080BD2DE9F04381B09042EE
:1057000051EA02868146814218BF914515D1012098
:10571000A9F80400F5880020D5B13168A0EB850414
:1057200001EB8501081F00BF50F8041959B9013D6C
:1057300004F10404F8D100200AE04846FFF7E4FD34
:105740000028E4D004E048462946FFF75CFD10B18C
:1057500001B0BDE8F083D9F8008032684046414688
:105760002B4601F009F80028E5D006466742A8EB71
:10577000040000BF00BF00BFB9F806108D4205F15C
:10578000010508D348462946FFF73DFD0028DFD133
:10579000D9F8000038440168043789194FF0010630
:1057A00040F8041BE8D2C6E7F0B581B0D5881646AC
:1057B0000F46044665B1306800EB8500043800BF31
:1057C00050F8041929B9013DFAD1F988002503E000
:1057D0000025F9888D422ED82046FFF714FD80BBA6
:1057E000F988A74218BFA9420AD920683A684B1B1A
:1057F00000EB850002EB85019A0016F074FEF98833
:10580000E088884206D92268431A02EB8100990099
:1058100016F065FE2068396832682B4600F0F0FF0C
:1058200060B10246E188206800EB85004B1B014611
:1058300001F0AEFA10B16FF0090002E00120A08083
:10584000002001B0F0BD012300F000B82DE9F041C7
:105850000D46B1F904101646B2F904204B43044634
:105860001FFA81F85A43B2F1FF3F0DDD2046294669
:105870003246FFF741FF002818BFBDE8F081002045
:10588000A4F80480BDE8F08128463146FFF778FE91
:1058900000280CD40746204629463246FFF784FFED
:1058A0000028EFD1002F08BF4FF00108E7E720469E
:1058B00031462A46FFF778FF0028E3D1C8F10008F7
:1058C000DDE74FF0FF33FFF7C1BF80B584B0002A9A
:1058D00052EA52B34FF0010C01934CEAA272ADF8B8
:1058E0000C2001AA029202AA4FF0FF33ADF80EC0BD
:1058F000FFF7ACFF04B080BD2DE9F04F85B08946BD
:105900000446904601204C4504904FF0000103915D
:10591000CDE9011014D044451AD0B9F8067067B12A
:10592000D9F8000000EB8700043800BF00BF00BFBB
:1059300050F80419A1B9013FFAD10120002710E065
:1059400003AF49463846FFF7DFFC78BBB946E2E7CC
:1059500001AF41463846FFF7D7FC38BBB846DCE715
:105960000020B8F8066096B1D8F8001001EB860167
:10597000043900BF00BF00BF51F804291AB9013E25
:10598000FAD10120002600285FEA1F9A02E00026D3
:105990004FF0000AF1192046FFF735FC30B901211C
:1059A00020464FF0010BFFF72EFC90B10546019801
:1059B00020B1BDF80A10890002F00EFC039820B156
:1059C000BDF81210890002F007FC284605B0BDE8BA
:1059D000F08FE1882068890016F081FD20680021A1
:1059E0003A460160A4F804B02068D9F80010D8F84D
:1059F0000030009600F0A8FFBAF1000F05D0B9F80A
:105A00000400B8F8041001FB00FB0025A4F804B062
:105A1000CDE72DE9F04F99B009AC8A4683464FF0A7
:105A200001100A9017A80990184621461F461546EE
:105A300000261796FFF7E8FD00285DD00120CDE98C
:105A400014603946CDE91260CDE91060CDE90E60F1
:105A50000120C0F20300CDE90C402846FFF790FD7D
:105A6000B0F1FF3F4BDD14A82946FFF74DFC00289D
:105A700063D112A83946FFF747FC00285DD1E888BA
:105A80000121ADF84C10ADF85410811C10A8FFF79F
:105A9000BAFB002851D110A801210126FFF7B3FB62
:105AA00000284AD1BDF84600DDF84080810040461C
:105AB00016F015FD0020C8F80000E888ADF8446035
:105AC000811C0EA8FFF79FFBB8BBBDF84E40129893
:105AD000214600F0B9FC1F2131EA000954D014A876
:105AE0004946FFF721FD40BB12A84946FFF71CFDC0
:105AF00018BBBDF84E4049E06FF00B043EE0BBF12F
:105B0000000F12D0012158460126FFF77CFBA0B9F7
:105B1000BBF80610DBF80000890016F0E0FCDBF8AB
:105B2000000000210160ABF80460BAF1000F29D039
:105B300050462946FFF7E8FB20B30446149820B1ED
:105B4000BDF85610890002F047FB129820B1BDF84D
:105B50004E10890002F040FB109820B1BDF84610AD
:105B6000890002F039FB0E9820B1BDF83E10890083
:105B700002F032FB09A80C2102F020FB204619B0EC
:105B8000BDE8F08F0024F9E74FF00009BDF856009A
:105B90000690061B12A871010791FFF7C5FC0028AB
:105BA000CBD1CDE904940DF15009601E0890484610
:105BB00012A9FFF729FD00280ED458F826004FF04F
:105BC000FF33013048F826004846494612AAFFF73D
:105BD0003DFE0028B1D1EAE7BDF84E1019B1129888
:105BE000079A00F051FD059B069C591E601E8842D5
:105BF00040F2C2806FEA03094646129ACDF8089037
:105C000008EB89010DF13808039102EB830105913E
:105C100007920899DDF850C0069052F821205CF8F0
:105C20002010914211D20CEB84000023CDF804C067
:105C300050F8080C16F044FC00294FF0FF3150EAF0
:105C40000180DDF804C0069B02E003464FF0FF3000
:105C50000399022B41F8240001D2002003E00CEB51
:105C6000840050F80C0C0CEB84010990A14451F80D
:105C7000080C0A905CF823000B9056F829000130BC
:105C800046F8290056F829000021013846F8290075
:105C90004046FFF772FB00287FF44FAF0898079A41
:105CA00018B1059850F8080C00E000200E99086023
:105CB000089852F82000486056F82920404641468E
:105CC000FFF7AAFB00287FF438AF40460CA9FFF786
:105CD0009BFC0028D6DC56F82920404612A90196E4
:105CE000FFF79AFB00287FF428AF4FEA4916404699
:105CF0003146FFF719FC00287FF41FAF14A84FF0BE
:105D0000FF3301464246FFF7A1FD00287FF415AF9F
:105D1000002016904FF00110189016A8179014A8A4
:105D200017A9FFF771FCB0F1FF3F1CDC404612A938
:105D3000FFF7EAFA00287FF400AF40463146FFF74C
:105D4000F3FB00287FF4F9AE14A801230146424674
:105D5000FFF77CFD00287FF4F0AE019951F829008F
:105D6000013841F82900069C0899601EDDE90169A7
:105D70008842079A3FF64DAFBBF1000F0BD010A938
:105D80005846FFF7C1FA00287FF4D7AEA888B98833
:105D90004843ABF80400BAF1000F21D0BDF856100B
:105DA00019B11498049A00F06FFCA88814A9ADF8F2
:105DB00054005046FFF7A8FA00287FF4BEAE4FF01B
:105DC0000110189016A8179017A950460024169491
:105DD000FFF71AFC00287FF4B1AE0120AAF80400F6
:105DE0000024ABE6D4D4D4D42DE9F04383B00E46DE
:105DF0000546002000904FF00110029001A91046C6
:105E00001446E946CDF80490FFF7FEFB00282FD496
:105E100000202946324623464FF00008FFF7F9FDDF
:105E200040BB4FF0011701AE284631460297CDE93D
:105E30000089FFF7E9FB002812D5012328462946EF
:105E40002246FFF703FDA8B92FF013C000BF00BF23
:105E50004FF0FF33284629462246FFF7F7FC48B9A2
:105E600028462146FFF7D0FB0028F1D5002001E0AD
:105E70006FF0090003B0BDE8F08380B582B09C46A6
:105E80000023DDF810E0CDE900CE00F002F802B00A
:105E900080BD2DE9F04F89B0129D8A4683460020CF
:105EA00006904FF00110089007A928461C46174697
:105EB00006AE0796FFF7A8FB01281DDB28680078CF
:105EC000C00719D0002006904FF00110CDE90760FF
:105ED00007A93846FFF798FB00280DD4F9883868E1
:105EE00000F0B2FAB0F5005F06D8E988286800F043
:105EF000ABFAB0F5005F05D96FF00308404609B072
:105F0000BDE8F08FF988E9B1E88800F0EFFD0421E1
:105F1000064617F0A7FED8B1DDF84C900590B9F110
:105F2000000F4FF0010008904FF00000079012D0D2
:105F3000D9F80000D0B1E9884846FFF764F920B3EA
:105F400080461DE001215846FFF717FA8046D5E745
:105F50006FF00F08D2E707A8294600F0ADFDE8B1C1
:105F60008046B100059802F037F928E00DF11C09D0
:105F70002946484600F0A0FD48B18046DDF84C9027
:105F8000B100059802F028F915E007A800E0139881
:105F9000D9E90012C0E90012DDF84C90584651468C
:105FA000FFF7B2F9A0B18046B100059802F014F9EC
:105FB000B9F1000F03D0D9F8000000289ED107984E
:105FC00000289BD0BDF82210890002F005F995E762
:105FD0000120ABF8040058462946FFF715FB0028BE
:105FE00006D4584659462A46FFF7FEFE0028DAD165
:105FF000E9885846FFF707F90028D4D1286800F04F
:10600000C3FC8446DBF80000EB882A680146DDF813
:106010001CE0CDF810C0DDF81480CDE900CECDF83D
:10602000088000F0DEFEEB88B7F806C0DBF8000061
:106030002A68B4F12A3F3968079C07D1CDE9001CD2
:106040000146CDE9024800F092FE06E0CDE9001CD1
:106050000146CDE9024800F056FDEB88DBF8000070
:106060002A680499CDE90018014600F0C7FEBAF885
:1060700004004FF6FF71884203D138680078C007EA
:1060800002D14FF000088FE7BBF80610DBF80000E4
:1060900000F08EFE4DF6D4310123C2F201215A46A2
:1060A00009684840022121EA000029460138ABF87E
:1060B00004005846FFF7CAFB75E72DE9F04F89B099
:1060C0000DF11C090C46824600294FF0040050EAED
:1060D000009B0020CDE905004FF00110089010460C
:1060E00049461D46174606AE0796FFF78DFA00286B
:1060F00005D438462946FFF787FA002805DD6FF0FA
:106100000306304609B0BDE8F08FB5F80680B8F157
:10611000000FF4D028680078C007F0D0A4B10120A7
:1061200006904FF00110CDE9076007A92846FFF758
:106130006BFA6FF00306AF4218BF0028E1D0AC4203
:10614000DFD0AA45DDD001E0AF42D8D001200890D1
:10615000BAF1000F59EA0A800021079141460490E4
:10616000FFF751F868B106464FF00008079820B1D4
:10617000BDF82210890002F02FF8404617F082FD8A
:10618000BFE72CB1E9882046FFF73DF80028EAD1A7
:10619000EE885946B00017F065FD18B1804624B16D
:1061A000216803E06FF00F06DEE70021FB883A6804
:1061B000DDF810B0002A184605AF08BF012057EAE5
:1061C0000282B34250EA3683DBF800002F68CDE943
:1061D0000076CDF8088000F023FEBAF1000F59EAEE
:1061E0000A814FF00100888004B1A080BAF1000F4D
:1061F00059EA0A81E888C988814207D9DBF800207A
:10620000091A02EB8000890016F069F954B1E88898
:10621000E188814206D92268091A02EB80008900D0
:1062200016F05DF90026A1E72DE9F04F85B015467F
:106230000446012004900022CDE9012003A8039226
:10624000FFF762F8B0BB01A82946FFF75DF888BBED
:10625000BDF80A000122ADF80820ADF81020012891
:1062600050EA828103A8FEF7CEFF18BBBDF812509A
:1062700001A82946FEF7C7FFE0B9039E294630462C
:1062800000F096FD4DF6D437C2F2012739688842F6
:1062900001D101A90BE0BDF80AB0DDF80480404649
:1062A000594600F085FD3968884216D103A9204679
:1062B000FFF72AF80646039820B1BDF812108900AE
:1062C00001F08AFF019820B1BDF80A10890001F0A1
:1062D00083FF304605B0BDE8F08F45B1690100206D
:1062E000324652F8043B2BB920308142F9D14FF0AD
:1062F000000905E093FAA3F1B1FA81F101EB00097D
:10630000BBF1000F09D04FEA4B110020424652F872
:10631000043B2BB920308142F9D14FF0000A05E04F
:1063200093FAA3F1B1FA81F101EB000A25B13046ED
:1063300029464A4600F0A8F9BBF1000F04D04046B8
:106340005946524600F0A0F9404631462A4600F030
:1063500093F80346304641462A4600F0F9F803AA6E
:1063600001AB00212046FFF7A8FE0028A2D1D145AD
:1063700059EA3A812046FFF7D7F89BE72DE9F0412B
:1063800088B00E4614460546012004900021039172
:10639000CDE9011003A811463246FFF725FD30B9BB
:1063A00003A901A80A463346FFF787FE90B10746C6
:1063B000039820B1BDF81210890001F00DFF01987B
:1063C00020B1BDF80A10890001F006FF384608B078
:1063D000BDE8F081012005904FF00110079001A861
:1063E00006A90DF11408CDF81880FFF70DF910B1CA
:1063F0006FF00D07DCE703A822460146FFF77CFAA1
:106400000028D4D1012005904FF00110CDE906807D
:1064100003A806AA4FF0FF330146FFF717FA00283A
:10642000C5D101A803AA00213346FFF7F2FA0028DC
:10643000BDD101AA4FF0FF3328462146FFF706FAE7
:10644000B5E7D4D4D4D4D4D4202200EB810302EB1A
:1064500041101A1F00BF00BF01290BDB52F804399D
:106460000139A0F120000BB92FF00BC0B3FA83F172
:10647000401A7047002070472DE9F0474DF6D43997
:106480008446C2F20129D9F80000D9F80050D9F8A1
:10649000008042F05BC86FF0030505EB820201EB60
:1064A000020A62444FF0000C5AF8045952F8046989
:1064B000D9F80070D9F800406F40D9F80010744046
:1064C00084EA07033F1B81EAD373ACEB51015B42C3
:1064D0001943D9F8003083EAE17304EAE171D9F88D
:1064E000004027EA0303D9F800707E40D9F8007015
:1064F0007D4085EA0607761B1943D9F8003083EA08
:10650000D777ACEB53037F4284EAD1713B43D9F890
:106510000070ACEB5404494287EAE37705EAE37381
:1065200026EA07052B432143D9F8004084EAD373B8
:10653000ACEB54045B4248EAE1712343CC4304EAE8
:10654000E374204341EAE3780FF053C0BDE8F087DD
:1065500070B5884218BF002A1BD042F001E04DF60A
:10656000D43CDA43C2F2012C04680D68DCF8006008
:106570001D40564026401C40354340F8045B0D68E2
:10658000DCF80060564035402C4341F8044B0FF0D6
:1065900015C870BDD4D4D4D42DE9F0411C469B0756
:1065A0004FEA940353EA0393994203D26FF0070032
:1065B000BDE8F0810E4621B34FEA860817464146F2
:1065C000054615F08CFF34B1A8EB04003946284489
:1065D000224615F088FF05EB86000438854210D866
:1065E000291D00BF00BF00BF51F8042C036812BA78
:1065F0001BBA41F8043C40F80429814201F104012E
:10660000F2D90020BDE8F081F0B581B0B3EB810F85
:1066100004464FEA810708D9D018D91BC61B10467B
:1066200015F05DFF3B46324612E0BB4210D2D80067
:10663000194600BF00BF00BF21F0030600F0180597
:10664000A659EE40360619D1013108308F42F3D1F8
:10665000002043F015C898180022411E002300BFF7
:1066600023F0030002F01807013308322058F840E5
:1066700001F8010900200FF00DC801E06FF00700DC
:1066800001B0F0BDD4D4D4D470B50E46B1EB521FD6
:10669000044605D3510902F01F058E4205D125B1EC
:1066A000B100204615F01BFF70BDB1B1B6EB010C77
:1066B0000CD0234604EB81022CF001E000BF00BFA8
:1066C000B2EC041FA3EC041F1FF007C08E4204D3DA
:1066D00004EB8C00890015F002FF9EB195B104EB2C
:1066E000860146F001E0C5F120000439002200BF18
:1066F0000B6823FA05F6324341F8042903FA00F245
:106700000FF00BC070BDD4D4F0B581B057090D4661
:10671000044602F01F0619D0B5EB070E10D96FF032
:10672000030000EB8500A0EB8702211822442846D5
:10673000013852F8043941F804390FF007C801E074
:1067400028461DB18100204615F0C9FE96B1B5EB73
:10675000070E0FD9C6F1200004EB8701002200BF0D
:106760000B6803FA06F73A4341F8042B23FA00F2C8
:106770000FF00BC001B0F0BD70B500244FF0000C5D
:1067800043F013C800BF00BF51F8043B52F8046B3C
:1067900013EB0C05AD1940F8045B44F1000613EB54
:1067A0000C0346F1000C0FF011C8604670BDD4D444
:1067B00070B54DF6D4350024C2F201254FF0000C1F
:1067C0002D6842F01BC885EA03025342A4EB520233
:1067D0001A4300BF00BF00BF51F8043B056803EA3D
:1067E000E27315EB0C069B1940F8043B44F10006DC
:1067F00015EB0C0546F1000C0FF013C0604670BDA0
:1068000010B54FF0000C43F015C000BF00BF00BF33
:1068100051F8043B52F8044B6345A3EB0C035FEAC9
:106820002F9CA3425CEA2C9C1B1B40F8043B0FF0FE
:1068300011C8604610BDD4D42DE9F041994251EA07
:106840003385069B0024A1EB050C4FEAD50E05F01D
:10685000070800214EF055C816680568A6FB0367B7
:10686000891944F10006491901607E415168A1FB74
:1068700003158919466844F10007891941607D4173
:106880009168A1FB03164919856844F1000749196D
:1068900081607E41D168A1FB03158919C66844F166
:1068A00000078919C1607D4111690769A1FB0316C1
:1068B000491944F10005C9190161754151694669D9
:1068C000A1FB0317491944F10005891941617D4174
:1068D00091698769A1FB0316491944F10005C9199B
:1068E00081617541D1692032A1FB03174919C5693E
:1068F00044F100066D1846EB0701C56120300FF02A
:1069000055C848F011C0002452F8045B0768A5FB85
:106910000356491944F10005C91940F8041B45EB19
:1069200006010FF00FC84CF00BC8002200BF00BFDB
:106930000368C91840F8041B42F100010FF009C0B8
:106940000846BDE8F081D4D42DE9F04381B0089E1B
:1069500014463244894691001D46074615F0BFFD96
:106960007EB104F1010800BF55F8040B00903846D1
:1069700041464A462346FFF75FFF013E07F1040701
:10698000F2D101B0BDE8F08380B5006804214FF07A
:10699000030E01EB400101F00801014400BF00BFFC
:1069A00001FB00F2C2F1020251430FF007C8484256
:1069B00080BDD4D4D4D4D4D42DE9F04F87B0DDE950
:1069C00011A58046139C4FEACA000F46011D2046C0
:1069D0009B469146109E15F082FDBAF1000F52D0F1
:1069E000CDF804800AF102000690D046CDE90359A3
:1069F00004EB8A09CDF808B0CDF814A000BF00BFA1
:106A0000049A57F8040B254654F8043B1168A34632
:106A100001FB0031039B00902846069C01FB03FA12
:106A20002146029BFFF708FFCDF800A02846DDF8BD
:106A300014A02146324653465C46FFF7FDFEB8F1EE
:106A4000010809F10409DBD1D9F800004AF001E09E
:106A5000DDF8048000212246434600BF00BF00BF8E
:106A600052F8047B56F8045B8F42A7EB01075FEAFC
:106A70002F91AF4251EA21917F1B43F8047B0FF025
:106A800011C8484001E054F82A004DF6D4310022E4
:106A9000C2F201210023096848404142A2EB5000A4
:106AA000224608434FEA8A01C0171091414607B0B9
:106AB000BDE8F04F00F0B8BBB0B50D46012104466B
:106AC000FEF75BFC58B9E88881012046FEF72CFDF3
:106AD00028B9204621462A46FFF786F900B1B0BD05
:106AE000E9882046BDE8B040FEF7D2BB49014F29F6
:106AF0004FF0010188BF032100FA01F100EB4000D3
:106B000008440130704770B586B0DDE90ACE002632
:106B1000CDE900CEDDE90C450495CDE9026400F035
:106B200003F806B070BDD4D42DE9F04F8FB01A9F92
:106B300099460891B7F12A3FDDE91816059018D15A
:106B4000202001EB860100EB4610043900BF00BF96
:106B5000012E10DB51F80439013EA0F120000BB9E1
:106B60002FF00BC0B3FA83F1401A012898BF01201F
:106B700002E0002703E00120460900F01F0711682A
:106B8000042006924FF0030E00EB410000F00800D5
:106B9000084400BF00BF00BF00FB01F2C2F10202C7
:106BA00050430FF007C8710101220B9607914F293E
:106BB0004FF0010688BF032209FA02F1DDF870A048
:106BC0004FEA8904C0F100080AEB810306FA02F1DA
:106BD000CDE90D1350462146099203EB890515F0C6
:106BE0007EFC504651461B9A4B46CAF80060069EF2
:106BF000CDE90069CDF830800A95CDE90285FFF72F
:106C0000DBFE0AEB890A089950462246A34615F096
:106C10006AFC0798502818D30D984FEAC908851EBA
:106C20001C9800BF00BF00BF00EB0B0440440C9950
:106C300002910A990391214652464B46CDE90069DB
:106C4000FFF7BAFE013D2046EED1059C1C99204677
:106C50005A46DA4615F047FC4DF6D43B0025C2F201
:106C6000012B4FF000080C9802900A9803902046E0
:106C7000214622464B46CDE90069FFF79DFE0B9960
:106C80001898002FA7F1010708BF013908BF1F2777
:106C900050F821000135F8400B9100F0010040EA66
:106CA00048080998854241EA070018BF002857D1D3
:106CB000CDE907071A98B0F12A3F09D108FB09F07E
:106CC0001C99524601EB80010E9815F00CFC34E043
:106CD0000020DDF870C000BFDBF80010B9F1000F34
:106CE000DBF80020DBF8003022D00E9F67451FD074
:106CF000514049F001E05940002381EA08010E9F0C
:106D000041404A42A3EB51010A436146D31700BFF9
:106D100051F8045B3C68DBF80060002A86EA030651
:106D200004EA060458BF2C4347F8044B0FF011C087
:106D30000D990130D4448842CED1059C0C98029024
:106D40000A980390204621460E9A4B46069ECDE9AE
:106D50000069FFF731FE00254FF00008DDE9070765
:106D600000280C987FF480AF0FB0BDE8F08F70B5AD
:106D700086B0DDE90ACE4FF02A36CDE900CEDDE956
:106D80000C450495CDE90264FFF7CEFE06B070BD58
:106D900080B543F00BC000BF51F8043B9B1A40F88C
:106DA000043B5FEA2F920FF009C8104680BDD4D48F
:106DB00080B50022002341F009C000BF00BF00BF22
:106DC00050F8041B0B430FF005C84DF6D430C2F247
:106DD0000120006858404142A2EB50000843C01710
:106DE00080BD10B584B0DDE906EC8DE80C4062464C
:106DF000089C0394FFF7E0FD04B010BD10B586B009
:106E0000CDE9002305AA0123DDE908CE012405947C
:106E1000CDE902CEFFF7D0FD06B010BDD4D4D4D456
:106E20002DE9F04F91B01B9D9446DDF870800F4620
:106E3000AB4253EA3584064608EB05100A90A200DF
:106E400040466146DDF868904FEA850A15F04BFB35
:106E5000291B08EB84008900D04615F040FB4E4505
:106E600004D030464946424615F03DFB0C9657B1DA
:106E70003846414615F033FB0A9D4146284615F039
:106E80002EFB01202860DDF86CA004EB0A001C9C9E
:106E90004001059000F0B4810AEB4A00BAF1000FFE
:106EA00004EB8A010E9104EBCA010F914FEACA016B
:106EB00006910C9904EB80024FEA800009904FEA9A
:106EC0000A1003905FEA0F908A425FEA0081BA429B
:106ED0005FEA00804DF6D43B0491029002EB8A00F9
:106EE00001900A98C2F2012B0021109204380890F8
:106EF0000B9700BF00BF00BF0D912068DBF80010AA
:106F00000C9F00F0010000263A68DBF80030484092
:106F100002F001024042A6EB51015A40084351429F
:106F2000A6EB53024FEAE079114300EA01004FEA71
:106F3000E07648BF4FF000094AF037C000223846DB
:106F400021460E9B00BF00BF50F8044B51F8047B54
:106F50009442A4EB02045FEA2F92BC4252EA2292CE
:106F6000E71B43F8047B0FF011C8DDE90E10424621
:106F700015F0B9FA06981C99E0B11B980D4640F03F
:106F800001E0F0430F9A00BF55F8043B1768DBF8A7
:106F900000403340444027403B4342F8043B0FF05D
:106FA0000DC807E000BF00BFDDE90E10424615F036
:106FB0009AFA1C991098424615F095FA0498A8B1CF
:106FC0001B9840F001E06FEA09000C99109A00BF8D
:106FD00051F8043B1768DBF8004003EA090344401A
:106FE00027403B4342F8043B0FF00FC0099840454F
:106FF0000AD11B9800281C981BD11098414615F007
:107000006EFADDE91BA023E01B98F54340F001E098
:107010001C980E99109A00BF51F8043B1768DBF8D2
:10702000004033406C4027403B4342F8043B0FF0A4
:107030000DC8DDF86CA000214AF001E0089B00BFFC
:107040001A6841EA520143F80419D1070FF009C048
:107050000F9942464446804615F045FA0C9F109918
:107060003846224615F03FFA384641465246FFF769
:1070700003FA05464046394652462B46A046FFF7DE
:1070800067FA0B9F0D99002F00F0B480002307953D
:107090004AF017C8DDE90A100E9A00BF00BF00BF12
:1070A00050F8047B51F8044B9F42A7EB03075FEABB
:1070B0002F93A74253EA23933F1B42F8047B0FF020
:1070C00011C80E9C1A9D204629461B9AFFF770FB9B
:1070D0000F982146424615F006FA03990698884211
:1070E00013D01B9840F001E0F0430A990F9A00BFBB
:1070F00051F8043B1768DBF8004033404440274018
:107100003B4342F8043B0FF00DC810980A994246E1
:1071100015F0E9F90298A8B11B9840F001E06FEA78
:1071200009000B99109A00BF51F8043B1768DBF86F
:10713000004003EA0903444027403B4342F8043B34
:107140000FF00FC0099840450ED11098DDF86CA0E3
:107150005246016801F001032946FFF729FBBAF105
:10716000000F1ED12CE000BFDDF86CA0F0434AF008
:1071700001E00E99109A00BF51F8043B1768DBF844
:107180000050334045402F403B4342F8043B0FF052
:107190000DC810985246016801F001031A99FFF7D3
:1071A00007FB4AF001E00022089900BF00BF00BFC2
:1071B0000B6842EA530241F80429DA070FF009C0CC
:1071C000019A0A9C52F8041C41EAC07042F8040C6F
:1071D00020460F99424615F086F90B9F10993846C4
:1071E000424615F080F9204639465246079BFFF784
:1071F000AFF90D99059801311C9C81427FF47CAE5A
:1072000011B0BDE8F08FD4D480B5002342F00BC09C
:1072100010F801CB11F8012B82EA0C02D2B2134311
:107220000FF00BC0184680BD2DE9F0434DF6D43762
:10723000DDF81CE0C2F20127002B51EA038CBEF1FD
:10724000040F3F684FF0000980EA07046FEA040862
:1072500012D30D466646174657F8043B56F8044BC2
:10726000034004EA0804234309F10804744509F1C2
:10727000040945F8043BEFD9BEEB090E98BFBDE801
:10728000F08349440CEB09074A4400BF00BF00BF2C
:1072900012F8013B17F8016B034006EA0806334376
:1072A00001F8013B0FF00DC0BDE8F08310B50446B6
:1072B0000C304FF4CC7115F012F9204600F065F94E
:1072C00020691328C8BF10BD00EB800020210122D7
:1072D00004EB8000C0E9081246F67F01C0F20021ED
:1072E0000022C0E9051220690130206110BDA0B163
:1072F00010B50446C06801300DD0204600F04AF9B0
:107300000020206104F114004FF4C87100F056FF12
:107310004FF0FF30E060BDE8104070472DE9F043CA
:1073200089B01C46212B90460E4605460CD30920F9
:1073300000F01EF90DF10209414622464B4600F0CD
:1073400037FA08BB2024C846E8688DF822608DF81B
:10735000234060B10DF122010222284600F0D8F945
:1073600090B928464146224600F0D2F90CE00920A7
:1073700000F0FEF801460022284600F03DF918B959
:10738000284600F08FF948B107460DF10200202190
:1073900000F014FF384609B0BDE8F0830120E86032
:1073A000D8E7D4D4D4D4D4D42DE9F04FA1B08346B7
:1073B000006990B3012833DB0BF114064FF000098C
:1073C0000DF1040AE8460025002400BF00BF00BFFD
:1073D00030698022012855EA1085D6E900705146AF
:1073E0004346CDF80090B847E8B9009B4BB1E1B2F5
:1073F00058465246FFF792FFF0B90098B16808442A
:10740000B060DBF81000013414368442E0DB002762
:10741000002D08BF6FF03C0706E06FF03F0707E064
:107420006FF03C0700E0074601A8802100F0C6FE8F
:10743000384621B0BDE8F08F0746F9E7D4D4D4D45C
:107440002DE9F04F89B0202A02D96FF03B075EE0AA
:1074500091468846064600F1240A012440F2011BA9
:107460003046FFF7A1FF00284CD1D6F810E0BEF15E
:10747000010F14DB01210020524600BF00BF00BFF6
:1074800052E9027352F8145B9F4238BF0021012D6C
:1074900008BF38440FF00DC009B11F2806D85C455D
:1074A00004F10104DCD16FF03B072CE001AF202197
:1074B000384615F014F83046394600F04FF908BB4D
:1074C000304600F067F8304600F05FF8092000F021
:1074D0004FF801460022304600F08EF890B9304651
:1074E00000F0E0F870B901A92022304600F010F950
:1074F00040B9092000F03CF801A920220B4600F019
:1075000057F940B1074601A8202100F057FE384640
:1075100009B0BDE8F08F3069012817DB10A1A2EE99
:10752000106B042391ED001F80EF504014211C22AA
:1075300020F001E022EF526121EE416E27EE426F12
:1075400021EE430F86FD005E1FF00DC001A94046ED
:107550004A4614F0C8FF0027D5E700BF00BF00BFB0
:107560000000000001000000020000000300000015
:107570000338C0B2102806D843F20061C0F20421DB
:1075800051F820007047002070470021C0E9001129
:107590008160704710B5B0B10168044699B1606868
:1075A000E8B109780339102916D8DFE801F013157E
:1075B0001015150D0D1515151515150909090900D5
:1075C000DEF742FF08E010BDDEF74EFD04E004F0F8
:1075D000D8FC01E000F03CF9606816F053FBA068AD
:1075E00020B121688978490000F0F6FD0C21204681
:1075F000BDE8104000F0E2BDF0B581B04AF680670A
:107600000446CFF6FF77002807F1800048D00D46EA
:10761000002945D00021C4E90051A160297803392F
:1076200010293DD81646DFE801F0263B1D3B3B13F1
:10763000133B3B3B3B3B3B090909090001204FF44D
:10764000367116F00FFB606048B3DEF7F7FE1AE004
:1076500001204FF4867116F005FB6060F8B1DEF78B
:10766000FDFC10E001205C2116F0FCFA6060B0B176
:1076700004F082FC07E00120582116F0F3FA606064
:1076800068B100F0E0F82EB1A978022016F0EAFA0D
:10769000A06008B1002003E02046FFF77BFF3846DA
:1076A00001B0F0BD98B1016889B10978033910299A
:1076B0000DD8DFE801F0090C150C0C20240C0C0C83
:1076C0000C0C0C2811181C00406800F0C9B84AF6D0
:1076D0000070CFF6FF70704740680221DEF7BABE37
:1076E000406804F055BC40680321DEF7B3BE406833
:1076F0000421DEF7AFBE40680121DEF7BDBC406863
:107700000021DEF7B9BC40680121DEF7A3BED4D466
:10771000A8B103689BB11B78A3F1030CBCF1100F57
:107720000DD8DFE80CF0170C140C0C11110C0C0C1C
:107730000C0C0C09090909004068DEF7B2BE4AF6D4
:107740000070CFF6FF7070474068DEF7D5BC406828
:1077500005F07ABC406800F06FBCD4D4C8B1D0F852
:1077600000C0BCF1000F14D09CF80030033B102B7C
:107770000FD8DFE803F0190E160E0E13130E0E0EBF
:107780000E0E0E09090909009CF801204068DEF779
:1077900035BF4AF60070CFF6FF7070474068DEF7DD
:1077A00049BD406805F088BC406800F07DBCD4D479
:1077B00080B582B0C8B19C460378A3F1030EBEF138
:1077C000100F12D8DFE80EF0091119111127291135
:1077D000111111111132162124000846114662467A
:1077E00002B0BDE8804000F09BBC4AF60070CFF6C6
:1077F000FF7021E0437802201AE0084611466246F5
:1078000002B0BDE8804005F09BBC437803200FE048
:10781000437804200CE0012300E0002308461146D1
:10782000624602B0BDE8804005F0B6BC4378012056
:1078300000936346DEF770FF02B080BD002814BFDE
:1078400040780020704780B5582114F048FE80BD74
:1078500010B1582100F0B2BC7047D4D4D4D4D4D4E1
:1078600009A14DF6FE4245F27643C9F6BA0291ED02
:10787000001F01460020C1F23203C1E9042381ED5B
:10788000001F704700BF00BF0000000000000000A4
:107890000123456789ABCDEF2DE9F04FA9B0D0E9C1
:1078A00003420B4647690D680190866827EA040089
:1078B00002EA04010844A91908444AF27841CDF2C9
:1078C0006A7113950844D3F804901546039204EBAB
:1078D0007060049605979E6822EA000104EA00029F
:1078E000114409EB070211444BF25672CEF6C7025F
:1078F00014961144D3F818800294D3F828C000EBF2
:107900003152CDF81CC000EA0207CDF8008024EA0D
:107910000201CDF8209039447719394447F2DB074A
:10792000C2F22047DD6839440F9502EBF13702EAD5
:10793000070620EA070131442E1931444CF6EE6661
:10794000CCF2BD165C6A3144119407EBB12619697B
:1079500007EA06050B9122EA060E0844754440F634
:10796000AF712844CFF27C51084459690A441291FE
:1079700006EB706006EA000527EA000E47447544EE
:1079800051194CF22A62C4F28772114400EB315251
:1079900000EA020526EA020E7544791944F21367DB
:1079A000CAF63007394402EBF137D96902EA070514
:1079B0000E4420EA070E0E917544711949F20156E2
:1079C000CFF64656314407EBB126196A07EA060599
:1079D0000A9122EA060E0844754449F6D801284463
:1079E000C6F6801108442244DC6A109406EB7060ED
:1079F00006EA000527EA00016744294411444FF2D2
:107A0000AF72C8F64432114400EB315200EA02056D
:107A100026EA0201294439444AF24F47C91B1F6B29
:107A2000099702EBF13E02EA0E0520EA0E01384406
:107A30002944A51929444DF2BE75C8F65C152944A0
:107A40000EEBB1210EEA010622EA010535445E6B18
:107A5000284441F22215C6F6903532442844069651
:107A600001EB706001EA000B2EEA00055D44D3F8DB
:107A700038B02A4447F29315CFF698550BEB0E0712
:107A80002A44DB6B0D93CDF830B000EB325200EAA4
:107A9000020A21EA020519445544DDF824A02F44C6
:107AA00044F28E35CAF279652F4402EBF73E02EAC2
:107AB0000E0720EA0E0548443D442EEA02072944F9
:107AC00040F62105C4F6B415DDF8189029440EEBF4
:107AD000B12101EA020542443D4421EA0E0728444F
:107AE00042F26255CFF21E65DDF83C80284401EB7E
:107AF000F06000EA0E053D4420EA01072A444BF2FB
:107B00004035CCF240052A4400EBF25202EA01056E
:107B100022EA00063D4404EB0E072F4445F65125AA
:107B2000C2F25E65129C2F44DE4602EBB74707EABD
:107B3000000520442E44139D294427EA02053144C0
:107B40004CF2AA76CEF6B616314407EB313101EA93
:107B5000020662442E4421EA0705304441F25D06E4
:107B6000CDF22F66DDF82CC0304401EBF06000EA66
:107B700007061F442E4420EA0105324441F25346D1
:107B8000C0F24426119B324400EBF25202EA010695
:107B900061442E4422EA000537444EF28166CDF658
:107BA000A106374402EBB74707EA000618442E4403
:107BB00027EA020531444FF6C836CEF2D3760A9B47
:107BC000314407EB313101EA02065A442E4421EADE
:107BD000070530444CF6E656C2F2E116DDF838B03F
:107BE000304401EBF06000EA070647442E4420EAE7
:107BF0000105324440F2D676CCF23736324400EBFF
:107C0000F25202EA010619442E4422EA00053744E2
:107C100040F68756CFF2D546374402EBB74707EA1E
:107C2000000648442E4427EA0205314441F2ED465D
:107C3000C4F25A56314407EB313101EA02062E44B0
:107C400021EA070530444EF60516CAF6E31630441D
:107C500001EBF06000EA07065F442E44149D2A44BD
:107C600020EA010532444AF2F836CFF6EF463244B4
:107C700000EBF25202EA010651442E44374440F22E
:107C8000D926C6F26F76374402EBB74787EA020679
:107C900006EA0005204455401A44294444F68A4522
:107CA000C8F62A55109B2944089C07EB31314E40F9
:107CB000304443F64216CFF6FA76304401EB30708A
:107CC00080EA0106714486EA07051F442A444FF200
:107CD0008165C8F27175119B2A44139DC64600EB5D
:107CE00072525640374446F22216C6F69D56374425
:107CF00082EA0006204402EB37477E40314443F6D7
:107D00000C06CFF6E556314487EA02066244DDF8F8
:107D10001CC007EB71214E4030444EF64426CAF297
:107D2000BE46304481EA07065F4401EB30704640AE
:107D300032444CF6A976C4F6DE36324480EA0106B7
:107D4000614400EB72525640374444F66036CFF23D
:107D5000BB66374482EA00064844DDF8009002EB37
:107D600037477E4031444BF67046CBF6BF66314410
:107D700087EA02062A4407EB71214E40304447F659
:107D8000C666C2F69B06304481EA07064744DDF822
:107D9000348001EB30704640324442F2FA76CEF63F
:107DA000A126324480EA0106494400EB7252564053
:107DB000374443F28506CDF2EF46374482EA0006A7
:107DC0001844149B02EB37477E40314441F6055678
:107DD000C0F28846314487EA0206524407EB71211B
:107DE0004E4030444DF23906CDF6D416304481EA87
:107DF0000706474401EB30704640324449F6E51629
:107E0000CEF2DB66324480EA010619440C9B00EB9B
:107E100072525640374447F6F846C1F6A2763744C8
:107E200082EA00062844109D02EB37477E40314429
:107E300045F26566CCF2AC46314407EB712161EA4C
:107E400002065A447E40DDF828B0304442F244260F
:107E5000CFF22946304401EBB06060EA07061F44C8
:107E60004E40129B32444FF69776C4F22A36324483
:107E700000EBB25262EA010619444640374442F22E
:107E8000A736CAF69436374402EB774767EA00060E
:107E900050445640DDF818A031444AF23906CFF676
:107EA0009346314407EBF12161EA020672447E40B9
:107EB000DDF850E0304445F6C316C6F25B56304458
:107EC00001EBB06060EA070667444E40DDF844C04D
:107ED00032444CF69246C8F60C76324400EBB2526D
:107EE00062EA010621444640039C37444FF27D4636
:107EF000CFF6EF76374402EB774767EA000658443F
:107F00005640314445F6D156C8F28456314407EB09
:107F1000F12161EA020642447E40DDF82C803044C3
:107F200047F64F66C6F6A876304401EBB06060EACB
:107F300007064F444E4032444EF2E066CFF62C66C0
:107F4000324400EBB25262EA0106514446403744E3
:107F500044F21436CAF20136374402EB774767EA37
:107F6000000640445640314441F2A116C4F608666A
:107F7000314407EBF12666EA02012A4479400844BD
:107F800047F68261CFF25371084406EBB063019863
:107F900063EA07017744714011444FF23522CBF672
:107FA0003A52114403EBB15161EA060266445A4069
:107FB0003A444DF2BB27C2F6D7273A4401EB72424E
:107FC000CDE9272162EA03074F4037444DF291364D
:107FD000CEF686363744049E1E44866002EBF727B1
:107FE000029E3E44C66016190661059E0E44466117
:107FF000139815900898CDE9160E0DF1700E0F9894
:10800000CDE91808129824A9CDE91A090E988EE82E
:1080100001180798CDE91F050998CDE9210A0C98A8
:1080200023900D9889C115A8502100F0C7F80020B1
:1080300029B0BDE8F08FD4D4A2B32DE9F0410646B3
:10804000006814460D46811800F03F00316002D3ED
:1080500071680131716080B1C0F14007BC4219D331
:1080600006F11808294640443A4614F03CFA3046D6
:108070004146FFF711FC3D44E41B402C08D300BFF0
:1080800030462946FFF708FC403C40353F2CF7D8E6
:1080900034B10020304429461830224614F023FA27
:1080A000BDE8F04100207047F0B581B006460446B7
:1080B0000D46802356F8187B07F03F02B018372A88
:1080C00000F8013B04D8C2F1370114F008FA0CE0C3
:1080D00082F03F0114F003FA20463146FFF7DCFB43
:1080E0003821304614F0FBF927686068F900C000B9
:1080F00040EA5770C4E9141020463146FFF7CCFB24
:10810000A0682860E06868602069A8606069E8602D
:108110005821204600F052F8002001B0F0BDD4D420
:10812000F0B597B001AF0D460646582138461446C3
:1081300014F0D5F90AA031462A4690ED001F3846C2
:108140008DED031FFFF778FF38462146FFF7ACFFA0
:108150005821384600F032F8002017B0F0BD00BFBB
:108160000123456789ABCDEFFEDCBA987654321017
:1081700080B543F244630328C0F2042304D141F2E2
:10818000E46CC0F2042C10E003F1140E00BF00BF39
:10819000DEF800C0BCF1000F0DD09EF810300EF1DB
:1081A000140E8342F4D1AEF11403C1F800C0586834
:1081B0001060002080BD6FF02D0080BD59B110B55A
:1081C000044643F2F860C0F204200A460021036826
:1081D0002046984710BD704710B5044648B10A467E
:1081E00039B143F2F8600021C0F204200368204650
:1081F00098472046BDE8104015F044BD414211F0BB
:108200007F0150EA01B010F5685F19DA10F5894F67
:1082100037DB10F57C5F80F2748010F5844F80F2BC
:10822000B18010F5874FC0F2F48000F01C8110F58A
:10823000864F00F0C78010F5854F00F0C3801BE12A
:1082400010F1410F31DC10F5625FC0F2778000F170
:108250007201122900F20A81DFE811F077000E01A5
:10826000F5000E01B4000E010B010E01D8000E0145
:1082700050000E0150000E0150000E0150000E0182
:10828000500010F5A24F4BDB10F59C4F80F26F8031
:1082900010F59F4FC0F2AC8030D010F59E4F00F02B
:1082A000E88010F59D4F50D0E6E000F12201222930
:1082B0004ED8DFE811F04A0023004A00E100E10057
:1082C000E100E100E100E100E100E100E100DE00A9
:1082D000E1002300E100D800E100AB00D80023005A
:1082E00023002300E1002300E100DE00E100230081
:1082F000E1002300E1008A00E1008C006FF08600BD
:10830000704710F5725F48DA10F5785FC0F28B8025
:108310005BD010F5765FF1D010F5745FEED0ABE076
:1083200010F5C34F44DB10F5C14F59DB0DD010F5EC
:10833000A44F4AD010F5A34F68D09DE010F5685FB8
:1083400018BF10F5665F40F08B806FF085007047B6
:1083500040300C2800F29080012141F2590201FACC
:1083600000F010425CD110F4A06FEED184E010F563
:108370009A4F45DB54D010F5994FBFD010F5984F68
:1083800071D079E010F5824F56DB26D010F5814F81
:10839000B4D010F57E5F39D06EE010F56E5F55DB1E
:1083A0005BD010F56C5FA9D010F56A5FCDD063E0AB
:1083B00010F5C54F0CDA10F5C74F03D010F5C64FB6
:1083C00051D059E06FF0960070476FF09100704700
:1083D0003FF494AF10F5C44F4ED16FF09500704745
:1083E00010F5C34F12D010F5C24F3FF487AF43E0F2
:1083F00010F5A24F3FF482AF10F5A14FA5D03BE09E
:1084000010F59C4F2FD010F59B4F35D16FF08C009D
:10841000704710F5894F03D010F5884F29D02BE015
:108420006FF09300704710F57C5F3FF467AF10F575
:108430007A5F3FF463AF1FE010F5844F3FF45EAF07
:1084400010F5834F18D16FF09200704710F5725FEE
:108450003FF47BAF10F5705F0ED16FF08400704772
:1084600010F5645F08D16FF09400704710F5625FFB
:1084700002D16FF0890070476FF0830070470246A9
:10848000B0F5905F6FF0850018DBA2F5905CBCF151
:10849000050F05D8012303FA0CF313F0290F14D1AB
:1084A000B2F5105F18BF704780290ED0B1F5807FFC
:1084B00018BFC02909D06FF08600704741F2010350
:1084C0009A4202D0B2F5885F04D111F0070018BFBC
:1084D0006FF086007047B0B50446006A10B16FF0C7
:1084E0008A00B0BD01200D4615F0BCFB206210B122
:1084F00000206562B0BD6FF08C00B0BD70B5054660
:10850000006A10B16FF08A0070BD0E46012011465E
:10851000144615F0A7FB286230B1314622466C6242
:1085200013F0E1FF002070BD6FF08C0070BD2DE9ED
:10853000F041F2B10E46018814461D4601F4E043B5
:10854000DDE90772B3F5005F18BFB3F5805F0ED1A8
:10855000E10011600088FFF792FF014658B92846F4
:108560003146224613F0BFFF00213C6003E04B047C
:1085700004D46FF085010846BDE8F08141F4004362
:10858000DDF818C003F44F43B3F5414F09D1089209
:108590003146CDE906C722462B46BDE8F04101F041
:1085A0008CBD44F2050E21F440586FF08501F04572
:1085B00011DC44F20103984515D044F204039845B8
:1085C000D9D108923146CDE906C722462B46BDE8EF
:1085D000F04102F0FDBA44F2060398450DD04CF28A
:1085E00001039845C7D108923146CDE906C7224616
:1085F0002B46BDE8F04102F000BD08923146CDE9BE
:1086000006C722462B46BDE8F04102F0EDB810B592
:108610000446006A10B1616AFFF7DEFD0020002108
:10862000C4E9081110BDB0B50446006A10B1616A12
:10863000FFF7D2FD207E0138C0B202280BD843F2EA
:108640000071C0F2042151F82000E1690D1A18BF31
:108650006FF0960501E06FF096052821204613F093
:108660003EFF2846B0BD90B110B582B001A902F01E
:1086700069FFE8B90198017E02290AD10179032234
:10868000027649B1FF2909D16FF084040BE0002084
:1086900070476FF0960406E0002404E0406903F0A0
:1086A00030F80446019803F00BF8002854EA0080E3
:1086B00002B010BD2DE9F0411E4615460C4602F0F1
:1086C00041FF0746002840F09780D4F800804FF61D
:1086D000FE71C0F20301B8F8007007F4E040B0F595
:1086E000804FD8F8080008BF0D40C04328427CD115
:1086F000002E78D040F2002240F20031C0F2006239
:1087000026F0FF00C0F20061904218BF884208D1F5
:10871000F3B20BB3904218BF884228D1FF2B4CD044
:1087200053E041F20033C0F200639842F0D040F2CF
:10873000FF1340F2004CC0F2006C26EA03056545C9
:10874000E6D00CF58443984218BFB5F1062FDFD070
:108750000CF5A0639842DBD006F0FE40B0F1A06FAC
:1087600018BFB0F1407F2BD1300426D42DE041F268
:108770000031C0F200618842D0D040F2004540F2A2
:10878000FF11C0F2006505F5A06205F5844E26EAEA
:108790000101B1F1062F5FEA1F9C90425FEA1F9230
:1087A00070455FEA1F90A9425FEA1F95FF2B0CD12D
:1087B0004CEA02010843284307D06FF0860716E011
:1087C000FF20C0F200208642F7D0D8F80C103846BF
:1087D000324601F06FFA30B9D8F8101038463246F8
:1087E00001F068FA08B1002706E06FF08407002066
:1087F0002060404602F079FF3846BDE8F0818B42A8
:1088000002D26FF089007047F0B581B00C46164671
:108810000146104622461D46069F13F064FE30199D
:10882000291B13F05CFE3C60002001B0F0BD2DE977
:10883000F04385B0054600881C46164600F4E04724
:108840000A46DDE90C98B7F5805F18BFB7F5005F01
:1088500015D1B14502D26FF089060CE020461146D1
:10886000324613F040FEA019A9EB060113F037FEC3
:10887000C8F800600026304605B0BDE8F08340F43B
:1088800000414CF2010321F440519942E1D000F43F
:108890004F41B1F5824FDCD0B1F5844F18BFB1F52F
:1088A000414FD6D044F2060140F002038B42D0D0B3
:1088B00020F440538B421AD044F204018B422FD152
:1088C00069880023049304AB0093334602F033F924
:1088D00050B96988049A47F204002346CDE900980C
:1088E00002F0BCF90028C5D00646049815E0698856
:1088F0000023039303AB0093334601F017FF50B9F5
:108900006988039A47F206002346CDE9009801F0F2
:10891000A9FF0028AED00646039815F0B3F9AAE7E0
:108920006FF08506A7E782B12DE9F04184B01446C7
:108930001F460D460021196003A901220023FFF7FD
:10894000B9FE28B104B0BDE8F0816FF0890070472E
:108950000121204615F086F90646002803980CD020
:108960004168FF290ED8D0E908123346CDE9004707
:10897000FFF75DFF8046039806E002F0B6FE6FF059
:108980008C00DFE76FF0860802F0AFFE75B1074696
:1089900028463146224613F0A6FD30462146FFF711
:1089A0001BFCB8F1000F57EA0880CBE76FF0960088
:1089B000C8E72DE9F04381B005889846144605F4D0
:1089C000E047B7F5804FDDE9087928D14CF2010284
:1089D00045F4004393420AD005F44F42B2F5824F6A
:1089E00005D0B2F5844F18BFB2F5414F13D1A7425D
:1089F00002D26FF089000BE04046224613F073FD6F
:108A000008EB0400391B13F06AFD0020C9F8004090
:108A100001B0BDE8F08344F204029542E7D025F4AA
:108A200040524CF2010342F400469E4208D1CDE987
:108A300008792246434601B0BDE8F04302F044BB4A
:108A400005F44F43B3F5414F05D0B3F5844F1CD027
:108A5000B3F5824F08D1CDE908792246434601B0EB
:108A6000BDE8F04301F0CDBB44F206039A420FD0BB
:108A700044F204039A4208D1CDE9087922464346DC
:108A800001B0BDE8F04302F025B96FF08500BFE703
:108A9000CDE908792246434601B0BDE8F04301F034
:108AA00010BF72B12DE9F04184B00D46002119606C
:108AB00003A914461F4602F045FD28B104B0BDE8E5
:108AC000F0816FF0890070470121204615F0CAF847
:108AD00006460028039805D00188490407D46FF0A2
:108AE00086080DE002F001FE6FF08C00E6E7D0E9A9
:108AF00008123346CDE9004701F00CFA804603988E
:108B000002F0F3FD75B1074628463146224613F0C0
:108B1000EAFC30462146FFF75FFBB8F1000F57EA49
:108B20000880CBE76FF09600C8E7B0B5044600793F
:108B3000154678B1B4F90000B0F1FF3F05DDD4E986
:108B40000812204602F042FE02E02046DEF724F83A
:108B500000B1B0BD60692860207E012803D10220E9
:108B600020760020B0BD002028606FF09600B0BDD8
:108B70002DE9F04387B00746002006900590186065
:108B800032B11446B0EB527F05D06FF0850522E07C
:108B90006FF086051FE00D46012120461E4615F0A8
:108BA00061F8804660B140462946224613F09BFC9E
:108BB00006A905AA384600F077F880B1054602E01C
:108BC0006FF08C05002440462146FFF705FB069810
:108BD00008B1FFF728FD284607B0BDE8F083069DE1
:108BE000B5F90000B0F1FF3F1BDDA94659F8240F8D
:108BF00048B379686A88FF2904924FD82B6A04A980
:108C0000CDE900093846029141462246FFF78FFC24
:108C10000028D3D10699488838B30499814227D0D7
:108C20003CE00120CDE90060384629464246234613
:108C3000DDF712FF054640462146FFF7CDFA002D2D
:108C4000C5D10025C7E77868FF2827D8286A10B162
:108C50006FF08A05B7E70120214615F003F8286276
:108C6000F8B12046C9F80040C3E70498488004984A
:108C70004FF6F871884202D96FF08505A3E739886D
:108C8000069811B10288914208D1798811B14288C1
:108C9000914203D13246FFF748FFCBE76FF08605DC
:108CA00091E76FF08C058EE72DE9F04381B08146A6
:108CB000002010600D46D9F8046011463046D9F8FE
:108CC000147002F014FDB0B9304602F012FD90B9F4
:108CD000300606D0D9F81400002102F0ACFB08B928
:108CE00007E037B9FC21D9F80800CFF6FC7108423B
:108CF00004D06FF0860001B0BDE8F083B9F802003F
:108D00004FF6F871884202D96FF08500F3E799F8C1
:108D1000048068462946B8F1000F18BF002002F011
:108D2000BFFB0028E7D1D5F800C0B8F1000F6246BC
:108D300099E8FA00FAC2DED10099CCF81410DAE70B
:108D400070B50446006858B16FF08805F8B1012885
:108D500003D104F1080001F091FB0020206016E02F
:108D600001F0FE400D46B0F1007F0ED104F108067F
:108D70004FF43871304613F0B2FB3046294601F00B
:108D8000ADFB30B105462068E0E76FF08605284668
:108D900070BD00250120E1E72DE9F0410568D5B15E
:108DA0001446F2B106460F460121204614F05AFF40
:108DB0008046C0B140463946224613F094FB012D4F
:108DC00015D106F108004146224601F0F5FB00B33B
:108DD000074635680DE04FF000086FF08807002463
:108DE00010E0002712E000246FF08C0701E06FF024
:108DF00088073DB1012D03D106F1080001F03EFBCB
:108E00000020306040462146FFF7E6F93846BDE8CD
:108E1000F0810027F6E72DE9F0411E460546DAB15C
:108E2000884601211046144614F01CFFE0B10746A5
:108E3000284639462246334600F01EF8B8F1000FA6
:108E400015D0064640463946224613F04CFB3846BC
:108E50002146FFF7C1F90CE00021002228463346E5
:108E6000BDE8F04100F008B86FF08C0601E06FF04B
:108E700096063046BDE8F081B0B500251D60044679
:108E800000686FF0880580B1012805D104F1080061
:108E900001F0BCFB0546206838B1012803D104F17C
:108EA000080001F0EBFA002020602846B0BD2DE953
:108EB000F04F97B0814640F20040C0F200601C467F
:108EC0000B4600F58041164624F48072DDF890B020
:108ED000DDF88C80DDF888A08A42DDE920120DD112
:108EE00020A8CDE9238B80E806044846194632467F
:108EF000234617B0BDE8F04F01F0AABD40F20025AF
:108F000040F2003CC0F20065059324F0FF03C0F27C
:108F1000006CAB4218BF634524D1AB4218BF634518
:108F20003AD1E0B2002818BF00F1007006AD16ABD0
:108F30004027CDE900732B4601F0BFFB002846D146
:108F4000D9F80400FF2840D81698CDE90050CDF894
:108F500010B04846CDE902A832460599234600F0F4
:108F60000DFA34E041F20037C0F20067BB42D4D0C2
:108F700040F2FF1724EA070E8645CED000F584475D
:108F8000BB42CAD0BEF1062F1CBF00F5A067BB4292
:108F9000C3D06FF085001AE041F20037C0F20067DD
:108FA000BB42BED040F2FF1724EA07058542B8D085
:108FB00000F58447BB42B4D0B5F1062F1CBF00F5C5
:108FC000A0608342ADD00020B0E76FF0860017B0FC
:108FD000BDE8F08F2DE9F04784B01C468846064670
:108FE0005BB101212046174614F03CFEC0B3394660
:108FF0002246054613F077FA00E00025DDF83490AC
:10900000B9F1000F08D00121484614F02BFE48B3F7
:109010000746DDF830A002E04FF0000A00270E9866
:109020000121CDE90290304642462B46CDE900476A
:1090300000F025F8064628462146FFF7CDF8D7B1BF
:10904000BAF1000F15D0B9F1000F04D050463946DF
:109050004A4613F048FA38464946FFF7BDF80AE099
:109060000025002428462146FFF7B6F86FF08C064D
:1090700001E06FF09606304604B0BDE8F0872DE9B8
:10908000F04F87B0DDF84CB00C4606460020CBF818
:109090000000084611461F46154600F034FA002825
:1090A0005AD1DDF84890B9F1000F12D04FF4806228
:1090B00006A930462B46002CDDF844A008BF4FF42B
:1090C0008052FFF7F7FADDF8188028B10646002134
:1090D00035E06FF089003FE0B8F80000C04310F4BD
:1090E000E04F29D11098D8F8041074B1FF2923D883
:1090F000D8E90812CDE9007040462B46CDE902A917
:10910000CDF810B0FFF7D3FE0DE0FF2914D8D8E951
:109110000812CDE9007040462B46CDE902A9CDF8F2
:1091200010B000F02BF9DBF800100646002818BF3D
:109130000021DDF8188002E000216FF086060AEBBE
:109140000100A9EB0101212213F0C4F9404602F00D
:10915000CCFA002E50EA068007B0BDE8F08F2DE96A
:10916000F04F95B040F200458146C0F200658A4656
:1091700005F5804023F4807117461C46DDF884B065
:10918000DDF880808142DDE91E120BD11EA8234646
:1091900080E80609484651463A4615B0BDE8F04F0A
:1091A00001F0E8BB40F2002340F2003CC0F2006353
:1091B00024F0FF00C0F2006C984218BF604522D135
:1091C000984218BF604538D1E0B2002818BF00F1BE
:1091D000007004AD14AB4026CDE900632B4601F0CE
:1091E0006CFA002844D1D9F80400FF283ED814981E
:1091F000CDE90050484651463A462346CDE9028B18
:1092000000F01FF934E041F20036C0F20066B042CF
:10921000D6D040F2FF1624EA060EAE45D0D005F5B2
:109220008446B042CCD0BEF1062F1CBF05F5A06627
:10923000B042C5D06FF085001AE041F20033C0F2B1
:1092400000639842C0D040F2FF1324EA0303AB420C
:10925000BAD005F58446B042B6D0B3F1062F1CBF94
:1092600005F5A0639842AFD00020B2E76FF086000A
:1092700015B0BDE8F08F2DE9F04383B01C46884659
:1092800081465BB101212046164614F0EBFCF8B193
:1092900031462246054613F026F900E000250B9ED4
:1092A00056B10121304614F0DDFCB0B10A993246C6
:1092B000074613F018F900E000270121484642460E
:1092C0002B460094CDE9017600F017F8804608E0BF
:1092D0006FF08C080025002401E06FF08C08002658
:1092E000002728462146FEF777FF38463146FEF72D
:1092F00073FF404603B0BDE8F083F0B585B00E467D
:109300000746084611461D46144600F0FCF898BB77
:109310004FF4006204A938462346002E08BF4FF4DC
:109320000052FFF7C7F938BB0498002EDDE90B7334
:109330000A9E41680AD0FF291AD8D0E9081203937F
:1093400023468DE8E000FFF70AFF09E0FF290FD868
:10935000D0E90812039323468DE8E00000F071F88D
:109360000446049802F0C1F9002C50EA048003E09E
:1093700002F0BBF96FF0860005B0F0BD2DE9F043B7
:1093800007884FF201040B9EDDF8289047F4004552
:10939000DDF82480A542DDE907CE1CD140F200248F
:1093A00023F0FF07C0F20064A7420BD041F2003463
:1093B000C0F20064A74205D040F20034C0F200645D
:1093C000A7421FD10B96CDE90989CDE907CEBDE8AB
:1093D000F04301F0F7BE07F49E4404F50044B4F5F1
:1093E000414F13D140F2FF1423EA0404B4F1062FD5
:1093F00008D10B96CDE90989CDE907CEBDE8F04348
:1094000000F06ABF6FF08600BDE8F08344F20047C9
:1094100023F48074C0F20067BC4209D007F50074E1
:1094200023F0FF05A5421CBF6FF08500BDE8F08367
:109430000B96CDE90989CDE907CEBDE8F04301F0EF
:1094400007BB2DE9F041068844F6FF75099FDDF85A
:10945000208006EA05044CF2010504F50044DDE92C
:1094600006CEAC421BD140F2002423F0FF06C0F22E
:109470000064A6420BD041F20034C0F20064A64260
:1094800005D040F20034C0F20064A6421DD1CDE9FF
:109490000887CDE906CEBDE8F04101F050BF06F4E3
:1094A0009E4404F50044B4F5414F12D140F2FF143C
:1094B00023EA0404B4F1062F07D1CDE90887CDE9EA
:1094C00006CEBDE8F04100F084BF6FF08600BDE835
:1094D000F08144F2004623F48074C0F20066B44286
:1094E00009D006F5007423F0FF05A5421CBF6FF0FC
:1094F0008500BDE8F081CDE90887CDE906CEBDE85D
:10950000F04101F037BAB0B540F2002521F0FF027A
:10951000C0F20065C0B340F2004CAA42C0F2006C39
:109520002CD040F20033C0F200639A4226D041F2C0
:109530000033C0F200639A4220D040F2FF1321EAC8
:10954000030EBEF1062F19D040F60013C0F20063DF
:109550009A4213D044F20063C0F200639A420DD0E5
:10956000E6450BD044F20043C0F20063994205D0B7
:1095700040F60003C0F2006399422FD10CF58043FE
:1095800021F480749C423AD0AA4220D040F20033A9
:10959000C0F200639A421AD041F20033C0F2006375
:1095A0009A4214D040F2FF1340F2004CC0F2006C1B
:1095B00021EA030363450AD00CF58445AA4206D08C
:1095C000B3F1062F1CBF0CF5A0639A4223D1C9B298
:1095D000002918BF01F1007118B111B96FF08600B0
:1095E000B0BDA1F10070033812280AD8012202FA96
:1095F00000F04EF26502C0F20702104201D00020D6
:10960000B0BDFF20C0F200208142E7D00029F6D093
:109610006FF08500B0BD0021DEE7F0B581B00C46EB
:1096200049B105460121204614F01CFB064620B92D
:109630006FF08C0722E0002500264DF6D8306FF041
:109640008807C2F201204178022908D10178072950
:1096500005D104303146224601F05AFC07466EB16E
:1096600055B124B128463146224612F03CFF30461F
:109670002146FEF7B1FD01E06FF09607384601B0D4
:10968000F0BDB0B504881146DDE904C204F4E0453C
:10969000B5F5005F18BFB5F5805F12D14DF6D83132
:1096A000C2F20121487802286FF088003BD10B7884
:1096B000072B18BFB0BD081D6146BDE8B04001F0E2
:1096C00027BC9E4647F201039C42069B07D1CDE989
:1096D000042372466346BDE8B04001F031BD44F456
:1096E000004101F44F41B1F5414F08BFB5F5E04FDE
:1096F0000DD047F206018C420ED047F204018C4295
:109700000FD140886146BDE8B04001F005BB61461D
:10971000BDE8B04000F0A4BD6146BDE8B04001F036
:10972000F2B86FF08500B0BD2DE9F04F87B0DDF8DD
:10973000409000270646CDE90577C9F800704088BB
:1097400070B130880C4600F4E041B1F5804F07D08D
:1097500047F2010192461D468842206806D138B181
:109760006FF08607384607B0BDE8F08F2843F7D181
:1097700006A905AA3046FFF797FA48B10746DDF873
:109780001880B8F1000FEDD04046FEF74CFFE9E736
:10979000DDF81880B8F9000000282AD4D8F824B0E1
:1097A000BBF1000F35D02068716828436FF0860048
:1097B00050EA0092FF2952EA80870FD808F124006E
:1097C000D8F820100290304652462B46CDE9001BB7
:1097D000FFF757FFA8B10746DDF81880D8F820003A
:1097E00018B1D8F82410FEF7F7FC0020C8E90800EB
:1097F000C5E77188404622462B46DDF754F800281D
:10980000BCD106984A46FFF790F90028B6D1002748
:10981000A8E77068FF281CD8B6F800B071880391DB
:10982000584600F0A6F80028A8D144F20100039A97
:1098300083451AD047F201001146834519D1012012
:1098400000EB510020F0070101EBD00000F13B0BD1
:1098500036E004A9304600F058FB00287FF48EAFB4
:10986000DDF81880DDF810B02CE0102000EBD20BF2
:1098700026E02BF0FF00B0F5414F15DAB0F5824F2E
:109880001AD0B0F5E24F13D044F2040083452CD136
:10989000B1F5007F4FD0B2F5407F49D0B2F5806F6F
:1098A0004CD14FF4C46B0BE006D0B0F5714FEBD147
:1098B000C81D4FEAD00B03E0C81D012141EA900BFF
:1098C000CDF810B0D8F8200010B16FF08A075BE730
:1098D0000120594614F0C6F9C8F8200010B1C8F8A4
:1098E00024B060E76FF08C0749E744F206012BF4DF
:1098F000405088420FD044F20401884216D1B2F59C
:10990000007F26D0B2F5407F1BD0B2F5806F23D107
:109910004FF44A6BD4E72C2A21D0412A14D0572A7D
:1099200022D14FF422604FF49A511FE0D01DC0E7BE
:109930004FF4946BC4E74FF4487BC1E74FF0000B42
:10994000BEE74FF41A6BBBE74FF4F4604FF47E614F
:109950000CE04FF4D46BB3E74FF0400BB0E74FF49B
:10996000A4604FF4226101E00020202101EB000BF4
:10997000A6E700F4E042B2F5005F18BFB2F5805FE1
:1099800006D180B5FEF77BFDBDE8804070B370471F
:1099900044F6FF724CF20103024002F500429A4283
:1099A0006FEA000208BF12F4E04F15D000F49E41A8
:1099B00001F50041B1F5414F03D112F4E04F04D15C
:1099C00014E047F20401884210D047F20601401A21
:1099D00018BF6FF085007047A1F58060B0F5406F4B
:1099E0006FF08500D3D811F00701D0D10020704767
:1099F00080B582B043F2FC6C0022C0F2042C00233C
:109A000000916146FFF790FE02B080BDF0B587B0CF
:109A100040F200240D46C0F6004421F48071A142BA
:109A20004FF000010691CDE9041120D11F461646E2
:109A300006A94FF480322B46FEF73CFE30B10546B6
:109A4000059EB6B13046FEF7EEFD12E0002038600C
:109A5000708860B105A904AA3046FFF725F90028EF
:109A6000EDD1059E306A38B16FF08A05EAE76FF0F4
:109A70008605284607B0F0BD01202021202514F0DE
:109A8000F1F83062D0B1034606987562DDF838C04F
:109A9000D0E90812DDE90C4ECDE90054CDE902EC25
:109AA00001F06FF9059E60B10546306A10B1716A28
:109AB000FEF792FB0020C6E90800C1E76FF08C05B5
:109AC000BEE730463A46FFF730F80028B7D1002508
:109AD000CFE72DE9F04186B040F200240F46C0F6F2
:109AE000004421F48071A1424FF000010591CDE9BD
:109AF000031122D11E46154605A94FF400323B46FC
:109B0000FEF7D8FD30B10446049FC7B13846FEF7D2
:109B10008AFD14E0DDE90C080021C8F80010418836
:109B200059B104A903AAFFF7BFF80028EBD1049F9D
:109B3000386A40B16FF08A04E8E76FF08604204687
:109B400006B0BDE8F08101202021202414F08AF81D
:109B50003862C0B1059947F8244F4B88D1E9081203
:109B6000CDE9006018462B46029701F054F9049D98
:109B700060B10446286A10B1696AFEF72DFB002027
:109B8000C5E90800C0E76FF08C04BDE728464246EF
:109B9000FEF7CBFF0028B6D10024D0E710B54DF674
:109BA000D834C2F201242078410702D500F0FB002E
:109BB0002070800705D501F057FC207800F0FD00EB
:109BC0002070607810B1201D01F07BF900206070DA
:109BD000201D4FF43D71FEF7F1FA2078C10708BF50
:109BE00010BD00F0FE00207010BDB0B54DF6D835A8
:109BF000C2F2012569782878022908BF07281DD0FC
:109C0000C10702D140F001002870800708D401F09C
:109C100021FC29780446002841F00200287004D174
:109C2000032000F00FF818B10446FFF7B7FF06E075
:109C30002878410702D440F0040028700024204610
:109C4000B0BDD4D4B0B54DF6D8350138C2F2012537
:109C50002978DFE800F00224071EC80728D141F068
:109C600001001AE0687800284FF0000021D111F0BF
:109C700001011ED02C1D204601F00AF90120687058
:109C8000204601F02AF9002818BFB0BD02206870F4
:109C90000EE048070CD441F00400287008E0880763
:109CA00006D401F0D7FB297841F002012970B0BD3C
:109CB0000020B0BD8A4201D101239DE02DE9F04191
:109CC00040F2002440F2003EC0F2006422F0FF0C9B
:109CD000C0F2006EA44518BFF4450CD121F0FF037B
:109CE000A34218BF734522D1CF433F0646D16345F7
:109CF0005FEA1F937EE041F20033C0F200639C45AF
:109D0000ECD040F2FF1322EA030540F20043C0F218
:109D100000639D42E2D003F58446B44518BFB5F117
:109D2000062FDBD003F5A0639C45D7D026E041F297
:109D30000036C0F20066B342D6D040F2004740F28F
:109D4000FF16C0F20067CC4307F5A06807F584450D
:109D500021EA0606B6F1062F5FEA1F9E43455FEA39
:109D60001F98AB425FEA1F95BE425FEA1F9624062A
:109D700004D14EEA08072F433743B8D101F0FE4320
:109D800002F0FE44B3F1A06F08BFB4F1A06F14D08D
:109D9000B3F1407F08BFB4F1407F22D021F47F00AF
:109DA0000023B0F1106F08BFB4F1106F22D1002072
:109DB000C8F6FF10104088429AE708044FF00003ED
:109DC00018D547F6FF7782EA0100C8F2C00738408D
:109DD00010D1C2F30540C1F3054181425FEA8F9380
:109DE00008E047F6FF7782EA0103C8F2C0073B426A
:109DF00004D00023BDE8F0411846704701F07074AC
:109E0000B0F5885F08BFB4F1607F0CD010F4E06F4C
:109E10004FF00003EED0B4F1707F04BF00F4E047D0
:109E2000B7F5005FE6D112F47C130AD04FEA134C69
:109E300002F07074B4F1607F1CD0B4F1707F3CD03C
:109E40002DE002F070744FF0000CB4F1707F2AD056
:109E5000B4F1607FEED1FF20C0F200201040A0F1ED
:109E600000700338112805D243F20C77C0F20427A2
:109E700057F820C0FF20C0F200201040A0F1007071
:109E8000C21E102A0BD81020DFE802F02236360955
:109E9000090B3238340B3209090B323834000020F8
:109EA00016E01C2014E000F4E042C0F30227012673
:109EB000B2F5005F08BF06FA07FC00F4E042C0F309
:109EC000022701260020B2F5005F08BF06FA07F05E
:109ED000C1F3054222B12BB9824203D1012389E7A4
:109EE000844505E762455FEA8F9000EAD13381E758
:109EF0002020EDE74020EBE71420E9E73020E7E7FA
:109F000080B5182112F0EBFA80BD6FF086000022B8
:109F10000A607047D0F804C0BCF1FF0F08D880B5C4
:109F2000DDE902ECCDE902ECBDE88040FEF741BD81
:109F30006FF0860070472DE9F04700F4E04A0446D0
:109F4000BAF5804F99469046184612D104F49E40C7
:109F500000F50040B0F5414F03D1E0B2412848463A
:109F600007D05FEAC97002D16FF0860698E04FEA29
:109F70005900412808DC20284FF4807711D0302880
:109F80000BD034280CD10CE0642803D0442804D032
:109F9000422805D140F2092703E04FF4C07700E0E2
:109FA000C7000120842113F05DFEC8B10546D9F732
:109FB000A8FD04F49E406FF08606B0F5824F20465F
:109FC00018BF0020C0B22F280DDC122817D0172888
:109FD00060D16FF04601A7F1C0020A4220D059E0DB
:109FE0006FF08C065CE0302814D0412852D1B7F5D0
:109FF000E07F15D0B7F5807F4CD1FF2710E0B7F593
:10A00000C07F2EDAC02F18BFE02F09D0B7F5807FB0
:10A0100006D03FE0B7F5807F18BFB7F5C07F2BD1E2
:10A02000394601F041FEC8B101462846DAF7C6F9C3
:10A03000FEF7E4F868BBBAF5804F21D105F16C0753
:10A040002846394642464B46D9F75BFEFEF7D6F81E
:10A05000F8B928463946D9F702FF17E06FF08506B0
:10A0600018E0DDD040F209218F42D9D0B7F5047F46
:10A0700010D140F20927D3E7B7F5007FD0D009E02F
:10A080002878294642464B46D9F746FFFEF7B6F8F0
:10A0900048B106462846D9F7A2FD284613F0F2FD3E
:10A0A0003046BDE8F087089821B2B1F1FF3F056066
:10A0B00001DC012028660026F2E7F0B583B00546F2
:10A0C00000881C4613460022029202AA00920A4609
:10A0D000FFF731FF10B10746029E1BE02A8842F4C9
:10A0E000004000F44F410A98B1F5414FDDE90831D5
:10A0F00006D1D2B2412A03D1029E326C013201E074
:10A10000029E326C0260224628880091314600F09F
:10A110000AF807463046D9F762FD304613F0B2FD23
:10A12000384603B0F0BD2DE9F04383B000F4E047BA
:10A130001C46B7F5804F91460F46DDF828802CD19C
:10A1400007F16C052846D9F776FD98B14BF6BF406C
:10A1500007F1640207F11C03C0F202200021CDE9DF
:10A16000000138462946D9F76EFEFEF747F8064645
:10A17000002842D10022384629464346CDE90094C2
:10A180000026D9F761FDFEF739F8B0B30546484619
:10A19000214612F0A4F92E462FE000B2B0F1FF3FA5
:10A1A000386C06DD0730C508AC4214D26FF0890662
:10A1B00023E0A0F1FF01022908D340F209218842DF
:10A1C00006D0B0F5C07F05D14425EDE73425EBE797
:10A1D0006425E9E70025384641464A462346D9F733
:10A1E000B6FEFEF70BF828B106464846214612F0A7
:10A1F00076F902E0C8F800500026304603B0BDE80A
:10A20000F083B0B582B0054600881C461346002294
:10A21000019201AA00920A46FFF78DFEF0B9288844
:10A2200000F49E4101F50041B1F5414FDDE90631F1
:10A2300003D1412262F31F2001E04FF48240019DCF
:10A2400080B2009129462246FFF76DFF044628465A
:10A25000D9F7C5FC284613F015FD204602B0B0BD65
:10A260002DE9F041A2B007881D46904607F49E46AE
:10A2700006F50046B6F5414F0E4618BF0027418847
:10A28000F8B201F011FD10B301AC07462046D9F732
:10A2900038FC20463946DAF791F880B94BF6BF42D0
:10A2A00004F16401C0F2022200232046D9F742FFE4
:10A2B00028B901A8294632464346D9F748FE074641
:10A2C00001A8D9F78CFC3846FDF798FF01E06FF044
:10A2D000850022B0BDE8F0812DE9F0418AB0008808
:10A2E0001F4613460022099209AA00920A46FFF768
:10A2F00022FE00284BD1099C4BF20016139DCFF68D
:10A30000FF76E06B07304FEAD00807A8FAF7A9FFFD
:10A3100005A8FAF7A6FFB5EB480F24D3F80521D41A
:10A320004BF6BF42DDE9101004F16403C0F20222D3
:10A330000091029207A905AA0190204600270397E1
:10A34000D9F7D0F960B9129F07A839464246FBF702
:10A35000E3F828B907EB080105A84246FBF7DCF84B
:10A36000064600E0803607A8FAF780FF05A8FAF74E
:10A370007DFF1EB914984FEA480101602046D9F7C5
:10A380002EFC204613F07EFC3046FDF737FF0AB066
:10A39000BDE8F081B0B582B000F16C0504462846F6
:10A3A000D9F749FC00284FF000000DD04BF6BF4113
:10A3B00004F1640204F11C03C0F20221CDE9001093
:10A3C00020462946D9F73FFD02B0BDE8B040FDF771
:10A3D00015BF2DE9F04387B000881346002206928E
:10A3E00006AA00920A46FFF7A6FD0546002841D1BD
:10A3F000069C119DE06B0730C70804A8FAF731FFEF
:10A4000002A8FAF72EFFB5EB470F25D1109E0DF1EC
:10A410001009484631463A46FBF768F8FDF7EEFE6C
:10A42000C0B90DF10808F11940463A46FBF75EF84D
:10A43000FDF7E4FE70B92046FFF7ACFF50B9DDE947
:10A440000E1204F16C032046CDE90098D9F7F3F918
:10A45000FDF7D4FE054601E06FF0940504A8FAF775
:10A4600005FF02A8FAF702FF2046D9F7B8FB2046FD
:10A4700013F008FC284607B0BDE8F08310B501686A
:10A480000446A1F10070C21E6FF08800102A14D893
:10A49000DFE802F01C221722220E0E2222222222A4
:10A4A00022090909090004F10800DBF7CDFF11E0DA
:10A4B00004F10800DBF7D8FD0CE0002918BF10BD3F
:10A4C00008E004F1080001F05CFD03E004F108007D
:10A4D000FDF7BEF90020206010BDD4D470B504464D
:10A4E000006810B16FF0880070BDA1F100700D46DA
:10A4F0000338102813D8DFE800F0091222121239AD
:10A50000401212121212124A1B2B320004F10806DA
:10A510003046FDF798F93046FDF7A2F940E005F026
:10A52000FE40B0F1007F6FF0860050EA109070BDE1
:10A5300004F108063046DBF781FF02212DE004F12B
:10A540000806304601F018FD304601F021FD27E0F5
:10A5500004F108063046DBF771FF03211DE004F12A
:10A5600008063046DBF76AFF042116E004F108060E
:10A570003046DBF773FD012105E004F108063046A3
:10A58000DBF76CFD00213046DBF776FD08E004F1D7
:10A5900008063046DBF752FF01213046DBF75AFF51
:10A5A000064618B12046FFF769FF00E025603046F7
:10A5B000BDE87040FDF722BE80B50368A3F10073CB
:10A5C000A3F1030CBCF1100F1DD8DFE80CF0151C33
:10A5D000111C1C0D0D1C1C1C1C1C1C09090909004C
:10A5E0000830DBF75EFF0AE00830DBF785FD06E0A8
:10A5F000083002F029FD02E00830FDF71DFDBDE83E
:10A600008040FDF7FBBD6FF0880080BD2DE9F04173
:10A61000064600789846174603380D46C0B2102803
:10A6200006D843F25071C0F2042151F8204000E0F6
:10A630000024C8F8007027B121222846394611F0BD
:10A6400049FFA74203D26FF08900BDE8F08130686E
:10A65000A0F10070C11E6FF0880010292BD8DFE830
:10A6600001F01C2A162A2A10102A2A2A2A2A2A0924
:10A670000909090006F1080029463A46DBF7BEFF42
:10A6800010E006F108002946DBF7D4FD0AE006F1E8
:10A690000800294602F010FD04E006F108002946F2
:10A6A000FDF702FDFDF7AAFD002818BFBDE8F08107
:10A6B0000020C8F80040BDE8F0812DE9F047ADF575
:10A6C000387D6E460C4605464FF438713046994643
:10A6D0001746DDE9C0A811F002FF30462946C8F848
:10A6E00000A0FFF7FBFE58B9684621463A46FFF73F
:10A6F00063FF28B96846494652464346FFF786FF3E
:10A7000005466846FFF7BAFE002D50EA05800DF5B4
:10A71000387DBDE8F08780B50246002001F0CFFA11
:10A7200000284FF0553050EA00A080BDF0B581B050
:10A730000D460646012018211446069F13F092FA92
:10A74000386088B1D9F784FE06F4E040B0F5804F58
:10A7500038680CD12C2DC4603CD0412D37D0572DFA
:10A760003BD14FF4226039E06FF08C003AE02C2DA1
:10A7700044600AD138684FF420610160386801688C
:10A780002144C1604FF4A46016E00021572D4FF022
:10A79000000008BF4FF499513A6808BF4FF4226097
:10A7A000412D08BF4FF47C61116039680A6822446A
:10A7B000CA6008BF4FF4F46039688860386801687F
:10A7C00082682144114441612020102107E04FF4A8
:10A7D000F46003E04FF4A46000E0002008213A6830
:10A7E0005050002001B0F0BD2DE9F04184B0054685
:10A7F00000880E46DDF82C8000F4E047B7F5804F66
:10A8000008D118463146144611F06DFEC8F80040D4
:10A81000002723E0698803AA00921A46FFF786FF03
:10A820000746039CB8B90C9869884AF2177301AAC5
:10A83000016020200190C9B2C0F202232046029696
:10A84000D9F727FE18B1FDF7D9FC074603E000272A
:10A850002068C8F80000204613F014FA384604B007
:10A86000BDE8F08180B5C04310F4E04FDDE9020C93
:10A8700008D11169884215D3104619466246D9F7A6
:10A88000EEFD17E02C2909D0412904D057290CD11D
:10A890004FF4226104E04FF4F46101E04FF4A4614D
:10A8A000884202D26FF0890080BD10461946624688
:10A8B000D9F7E2FD18B1BDE88040FDF79FBC00204C
:10A8C00080BDF0B583B0064600881C460B467288F2
:10A8D00002A9009111461A46FFF728FF0746029D7C
:10A8E00058B9718844F20600DDE90832CDE900323A
:10A8F0002A462346FFF7B6FF0746284613F0C2F95B
:10A90000384603B0F0BD2DE9F04182B0064600881C
:10A9100017460A46758801A9009198462946FFF70F
:10A9200005FF0546019CF0B92068A168226908442A
:10A930001044874202D26FF0890514E0B1784AF2E0
:10A940001772C0F202222046D9F726FE18B1FDF791
:10A9500055FC054607E02068A168226908440025E7
:10A960001044C8F80000204613F08CF9284602B0C5
:10A97000BDE8F0812DE9F04188B0448800880A469E
:10A9800007A9009121461D46FFF7D0FE10B10646EB
:10A99000079D54E040F200210E98C0F2006106903D
:10A9A00025F0FF00DDF8448088420F9E109A05963E
:10A9B000CDE9038220D040F20031C0F2006188422C
:10A9C0001AD041F20031C0F20061884214D040F246
:10A9D000FF1125EA010240F20041C0F200618A4203
:10A9E0000AD001F58443984206D0B2F1062F1CBF6D
:10A9F00001F5A061884229D1E8B2002855EA10800B
:10AA0000079D4AF21777C0F20227E1B2C2B203AB48
:10AA100005A8CDE900072846D9F72CFE18B1FDF7A7
:10AA2000EDFB06460BE005990398B1424FF0000696
:10AA300088BF6FF08906404588BF6FF089062846B9
:10AA400013F020F9304608B0BDE8F0810020D7E7C8
:10AA5000F0B587B0448800880A4606A900912146CF
:10AA60001D46FFF763FE10B10646069D50E0DDE986
:10AA70000C10CDE9040140F2002125F0FF00C0F2E6
:10AA800000610F9F0E9ACDE90272884220D040F2F9
:10AA90000031C0F2006188421AD041F20031C0F2A8
:10AAA0000061884214D040F2FF1125EA010240F211
:10AAB0000041C0F200618A420AD001F58443984205
:10AAC00006D0B2F1062F1CBF01F5A061884225D146
:10AAD000E8B2002855EA1080069D4AF21776C0F2C7
:10AAE0000226E1B2C2B204AB02A8CDE900062846B4
:10AAF000D9F762FD18B1FDF781FB064608E0029820
:10AB0000B84202D96FF0890602E010990026086069
:10AB1000284613F0B7F8304607B0F0BD0020DBE759
:10AB200080B50246002001F0CAF800284FF05530E9
:10AB300050EA00A080BD2DE9F0410E4607460120F5
:10AB400020211D461446DDF8188013F08BF8C8F854
:10AB5000000058B1D9F728FE07F4E040B0F5804F67
:10AB6000D8F8000006D1C46118202BE06FF08C00EB
:10AB7000BDE8F081B6F5007F44600BD0B6F5407FAC
:10AB800005D0B6F5806F08D14FF4466006E04FF46B
:10AB9000166003E04FF4CC6000E00020D8F800100D
:10ABA00020250860D8F8000001682144C160D8F869
:10ABB00000008560D8F800000168826821441144D3
:10ABC00041611020D8F800100D500020BDE8F08140
:10ABD0002DE9F04186B0064600880D46DDF8348048
:10ABE00000F4E047B7F5804F08D1184629461446CF
:10ABF00011F079FCC8F8004000272BE071880C9F09
:10AC000005AA00921A463B46FFF795FF0746059CAA
:10AC1000E8B90E98718805F1200201AB016020208F
:10AC200003900495CDE901024AF62130C0F20220DA
:10AC300003AA00902046D9F7F3FD18B1FDF7DEFA1C
:10AC4000074604E0206800274030C8F8000020468E
:10AC500013F018F8384606B0BDE8F08170B5C0436F
:10AC60001E46144610F4E04FDDE904050BD1A1683F
:10AC700022691144884219D3204631462A46D9F721
:10AC80009AFDD0B924E0B1F5007F0BD0B1F5407F3B
:10AC900005D0B1F5806F0CD14FF4C46204E04FF4DD
:10ACA000946201E04FF44872904202D26FF0890042
:10ACB00070BD2046D9F794FD18B1BDE87040FDF78E
:10ACC0009DBAD4E90621304611F00DFCA069286038
:10ACD000002070BDF0B583B0064600881C461346C0
:10ACE00077880A4602A900913946FFF724FF0746F4
:10ACF000029D58B9718844F20400DDE90832CDE9BB
:10AD000000322A462346FFF7A9FF0746284612F0DD
:10AD1000B9FF384603B0F0BD2DE9F04182B01746C7
:10AD2000064698460A4647F2040001A900913146BA
:10AD30003B46FFF700FF0546019CD8B92068A16893
:10AD4000226908441044874202D26FF0890511E05D
:10AD50004AF621322046C0F202223146D9F708FED7
:10AD600018B1FDF74BFA054604E020680025403095
:10AD7000C8F80000204612F085FF284602B0BDE862
:10AD8000F0812DE9F04387B00546008816469846C5
:10AD90006F880A4606A9009139463346FFF7CBFE75
:10ADA0000746069C30BB2888C04310F4E04F04D10E
:10ADB00069882046D9F714FDC8B9DDE90E70059001
:10ADC00002A8DDF8409080E880032068864202D225
:10ADD0006FF089070EE069884AF62130C0F2022040
:10ADE00004AA02AB00902046D9F7EAFD48B1FDF76E
:10ADF00005FA0746204612F045FF384607B0BDE881
:10AE0000F0830298B842E3D804984845E0D81199F5
:10AE100000270860EEE72DE9F04186B016460546AA
:10AE200098460A4647F2040005A900912946334690
:10AE3000FFF781FE0746059C18BB0E9F02AADDE9BD
:10AE40000C1082E80301386801902068864202D223
:10AE50006FF0890715E04AF6213003AAC0F20220FC
:10AE600001AB009020462946D9F7D3FD18B1FDF774
:10AE7000C5F9074605E0396801988842E8D8386086
:10AE80000027204612F0FEFE384606B0BDE8F081ED
:10AE900010B50168044621B947F2AD21C0F2022184
:10AEA0002160606820B947F2EF20C0F202206060A4
:10AEB00004F10800884704F5D670BDE81040D7F7C4
:10AEC00073BE10B5044600F5D670D7F777FE6168FB
:10AED00004F10800BDE81040084780B582B045F293
:10AEE000503100F5D67CC0F24101019147F2414159
:10AEF00000F10802C0F2022101AB0320009060467D
:10AF0000D7F7C2FFFDF77AF902B080BDD4D4D4D40C
:10AF1000F0B581B09AB114460D4600F5D67600BF63
:10AF20002746B4F5806F28BF4FF480673046294626
:10AF30003A46D8F797FB28B9E41B3D44F0D10020EE
:10AF400001B0F0BD01B0BDE8F040FDF757B9F0B574
:10AF500085B00F46054601207C211C46164612F09E
:10AF600081FE206058B1DAF7FFF9E843394610F462
:10AF7000E04F2068324605D1D9F7E4FD04E06FF0D8
:10AF80008C062BE0D9F78AFFFDF738F9064628BB77
:10AF90002068DAF705FAC000B0F5805F02D96FF0DB
:10AFA00085061BE003AF26683846FAF75AF90020F9
:10AFB00000220023CDE9000030463946DAF7DCF8FC
:10AFC000FDF71CF9064630B903A8FAF717FA40074F
:10AFD00007D06FF0850603A8FAF748F9304605B0A8
:10AFE000F0BD03A8FAF742F928B2B0F1FF3F02DC46
:10AFF0002068012181670026F0E72DE9F04383B046
:10B00000064600881C4602ABFFF7A1FF0746029DDB
:10B0100088B928460C9FDDE90A89DAF7C1F9C00032
:10B02000294680B23860308822464346CDF80090E9
:10B0300000F00BF807462846D9F70BFF284612F018
:10B0400021FE384603B0BDE8F0832DE9F04182B01F
:10B05000C74314461D46084617F4E04F02EB0307AA
:10B0600001AA2146019702D1D9F777FF01E0DAF76B
:10B07000DCF80646B0F1FF3F0EDDB5EB460FDDF81C
:10B08000208011D2B54219D9B91B2046324611F0A1
:10B0900033FAA019A91B0FE02046294611F01FFA28
:10B0A0003046FDF7ABF80CE0BD1B20462946324682
:10B0B00011F019FA2846314611F011FA0020C8F8AB
:10B0C000006002B0BDE8F08170B582B000881C4617
:10B0D00001ABFFF73CFF0646019D48B9DDE90631AB
:10B0E00044F20100009129462246FFF7AEFF0646D2
:10B0F0002846D9F7AEFE284612F0C4FD304602B00D
:10B1000070BDD4D4D4D4D4D4042902D96FF085002E
:10B11000704780B5002341F00DC000BF00BF00BFE5
:10B1200010F801CB19464CEA03230FF007C80802B8
:10B1300002D40020136080BD6FF0850080BDD4D4A0
:10B14000F0B5A1B01C46054692B1042A0DD842F0D4
:10B1500001E0002700BF00BF11F8012B384642EA8A
:10B1600007270FF007C8000204D56FF0850426E01A
:10B170004FF0011702AE3046DAF7F6F86B884BF65F
:10B18000BF41C0F20221002230460097DAF79BFD52
:10B1900040B1064602A8D9F75CFE3046FDF72EF80E
:10B1A00004460CE0288802ADDDE9263100912946ED
:10B1B0002246FFF74AFF04462846D9F74AFE2046B2
:10B1C00021B0F0BDF0B585B000881F4604ABFFF795
:10B1D000BEFE10B10646049C09E00B9D0DF10F0266
:10B1E0003846294600F05FF8049C48B106462046E0
:10B1F000D9F72FFE204612F045FD304605B0F0BDD0
:10B2000020460D9EDAF7CCF8864202D26FF089060E
:10B21000EDE741F2003127F0FF00C0F200610C9E23
:10B220000A9F88421FD040F20031C0F2006188427C
:10B2300019D040F20021C0F20061884230D10021D3
:10B2400000222046DAF795F838BB9DF80F304BF610
:10B25000BF41C0F20221002220460095CDE90176CF
:10B26000DAF7C9FA12E09DF80F2001212046DAF73B
:10B2700080F890B94BF6BF410022C0F202210023B2
:10B2800020460095CDE90176DAF7ACF928B92046D9
:10B290000E9DDAF785F828600020FCF7AFFFA5E7E0
:10B2A0006FF08606A3E770B540F2002320F0FF049C
:10B2B000C0F200630E469C420BD040F20031C0F257
:10B2C00000618C4205D041F20031C0F200618C4235
:10B2D00007D1C1B2002950EA11819842117014D1EE
:10B2E0001CE040F2FF1103F5007C20EA01016145FA
:10B2F00006D003F58845AC4218BFB1F1062F12D134
:10B30000C1B2002950EA11811170080614D0C8B2E8
:10B31000FCF72EF9FCF792FA864201D1002070BDAD
:10B320006FF0860070BD03F5E0618C42E8D0984272
:10B330004FF000001070F1D06FF0850070BD2DE966
:10B34000F04786B000881F4605ABFFF700FE10B13E
:10B350000646059C62E00F9D0DF113023846294612
:10B36000FFF7A1FF059C08B1064657E02046119E55
:10B37000DAF716F886424FD127F0FF0641F2003780
:10B38000C0F20067DDF84090DDF83880BE421BD087
:10B3900040F20030C0F20060864215D040F200203A
:10B3A000C0F2006086421CD1002100222046D9F75D
:10B3B000E0FF70BB9DF8131020462A464346CDF8A7
:10B3C0000090DAF7ABFB24E09DF813A001212046A2
:10B3D0005246D9F7CEFFE0B9BE4205D14FF0FF305B
:10B3E0000DE06FF0860619E02046D9F7D9FF401B23
:10B3F000811EA94251EAB580002948BF0020CDE94D
:10B4000000A0204651462A464346CDF80890DAF778
:10B4100020FA10F5824F0BD16FF094062046D9F731
:10B4200018FD204612F02EFC304606B0BDE8F0872D
:10B43000FCF7E4FE98E76FF04042431E93425FEA58
:10B440002F92B0F1804F5FEABF9000295FEA008041
:10B45000104370474DF6D0610020C2F20121012255
:10B4600081F800257047D4D42DE9F0414DF6D0681D
:10B470002026C2F2012801270325444600BF00BF51
:10B480002046E7612576FDF7CEF8013E04F1280459
:10B49000F6D1002088F80005BDE8F081D4D4D4D4DA
:10B4A000F0B581B04DF6D0620C46C2F2012292F89E
:10B4B0000025DAB14DF6D0670646C2F20127002515
:10B4C0002020394600BF00BF0A7E92B125B9022A6A
:10B4D00001D1CA692AB10025013801F12801F3D14F
:10B4E00018E00A79002A51EA1285F5E76FF0880022
:10B4F00024E00D464FF0010028764EB1E81B4CF6D3
:10B50000CD41C010CCF6CC41484300F180403060C2
:10B51000002014E085B1287E022803D1E8690130BB
:10B5200038BFE8612846FDF77EF838B9287E002844
:10B53000E0D06FF0960001E06FF08C0000252560F0
:10B5400001B0F0BDF0B585B00C46002121604DF68C
:10B55000D061C2F2012191F8001571B12146064671
:10B5600000F06EF805468C3063D10020214600279C
:10B57000FFF796FF20B105465BE06FF0880558E0C5
:10B5800020680121CDE90377466120684160266883
:10B59000706920F01F00B0F1804F05D13046FDF7F3
:10B5A00042F86FF0870542E004A903AA304600F094
:10B5B00082F90546A0B9B6F90000DDE90332B0F121
:10B5C000FF3F05DD304611461A46FCF797FF06E0BF
:10B5D0000020CDE9000030463146DBF73DFA054654
:10B5E000DDE9031000F065F920683DB1FDF71BF8B7
:10B5F00015F18C0008BF6FF0870518E0816811F421
:10B60000405F06D04FF4406202EA9102114381602C
:10B610002068017E012903D1022101762068017E84
:10B62000022902D1C169013106D36FF096050020CD
:10B630002060284605B0F0BD0025C161F9E7D4D4EB
:10B6400020F01F02B2F1804F19D100EB80024DF6BD
:10B65000D063C2F2012303EBC20CBCF1000F23D074
:10B660009CF81830022B1FD1DCF8143098421BD103
:10B67000DCF81C0001301DD36FF0960070470128E4
:10B6800015DB4DF6D06C2023C2F2012C00BF00BFA9
:10B690009CF81820022A03D1DCF814209042E7D04D
:10B6A000013B0CF1280CF3D16FF08B0070476FF069
:10B6B00087007047CCF81C000020C1F800C070471C
:10B6C00060B1017E01F0FE02022A09D10329C1699D
:10B6D00008BF012907D019B10139C16100207047A5
:10B6E0006FF096007047FCF79EBFFFF7E9BF0020A0
:10B6F0007047C04300064FF0000008BF6FF086009F
:10B700007047B0B582B06A4600210446002500F0BB
:10B7100021F98C3012D00021204600F082FA10B1BD
:10B720006FF098050AE06A460021204600F012F901
:10B730006FF08B01451A18BF6FF09805284602B0CC
:10B74000B0BD242902D26FF098007047F0B581B0E7
:10B750000F4642F234511646C0F2042108221D461B
:10B76000044612F069FB08B9A06818B16FF09800A0
:10B7700001B0F0BDA7F12400216A296081426FF079
:10B780009800F5D80022B2EB513FF1D151B1012020
:10B7900012F068FA3060B0B104F124012A6810F0A8
:10B7A000A2FE01E0002030600698E1684160218A35
:10B7B0000180618A418061698160A169C160E1693C
:10B7C00001610020D4E76FF08C00D1E72DE9F04350
:10B7D00083B000296FF0860750D01546002A4DD05F
:10B7E00004460020B0EB553F02D06FF08D0745E0D6
:10B7F00005F124080E460120414612F033FAA0B3A9
:10B80000814644F24B5045F25031C0F25900C0F22B
:10B810004101C9F80400C9F80010C9F8205094E8A3
:10B820008F00C9F80C10C9F81000C9F8142009F1EC
:10B83000240031462A46C9F81830C9F81C7010F0A7
:10B8400052FE666901AA00213046002400F082F809
:10B850008C300DD10021304642464B46009400F01A
:10B8600043F978B16FF0980704E06FF08C0705E0BA
:10B870006FF08A0748464146FCF7AEFC384603B0F5
:10B88000BDE8F08301AA00213046002700F062F8ED
:10B89000019908B94145EDD0B1EB080118BF6FF02F
:10B8A0009801002851EA00870021304600F0B9F9DC
:10B8B000E0E7FCF791BC2DE9F04786B0446990467B
:10B8C0000F46064604AA0021204600F043F808B1BE
:10B8D000054631E0DDF810A00120514612F0C2F912
:10B8E00008B381460020039004AA0021204600F0FE
:10B8F00031F80546E0B90021002203A8CDE9009007
:10B900002046534600F098F803998A450ED1054623
:10B9100070B9484651463A4643460096FFF711FF34
:10B9200070B1054604E06FF08C0505E06FF09805F6
:10B9300048465146FCF750FC284606B0BDE8F08763
:10B94000386820B1D8F8000008B10025F0E76FF0A2
:10B950009105EDE7B0B582B001AB00F010F8019DA4
:10B9600004464DB146F604302946C2F2012001F0EA
:10B970009FFF284612F086F9204602B0B0BD2DE99F
:10B98000F0418EB01D46904600271F6041F62024EE
:10B9900040F6CC524FF24A430DF11F06C0F2042488
:10B9A0000091C0F20422C0F203231921CDE9010461
:10B9B000304610F0F1FD542012F0EAF970B106465D
:10B9C00046F60430C2F201200DF11F020123314678
:10B9D00001F0FEFD40B1304612F054F92F606FF0D7
:10B9E0008B000EB0BDE8F081002130462E60D9F703
:10B9F000A8F846F604302968C2F201200DF10F02C2
:10BA0000102301F0E5FF102809D143F294710DF1E4
:10BA10000F00C0F20421082212F00EFA10B16FF0EC
:10BA20009700DEE7DDF81700DDF81B10C8E900011C
:10BA30000020D6E7D4D4D4D4F0B583B01D46174641
:10BA40006A4602ABFFF79BFF78B10646029C4CB1F9
:10BA500046F604302146C2F2012001F029FF2046BB
:10BA600012F010F9304603B0F0BDE8196FF0860609
:10BA7000029CECD200998842E9D8B7F1FF3F15DC6F
:10BA800007F1004046F604360130C2F2012600BF3D
:10BA900007466FF0004201233046214602F060F86D
:10BAA00000281ED4002F4FF00100F1D446F60430D8
:10BAB0000123C2F2012021463A4602F051F8002843
:10BAC0000FD446F60430089AC2F2012021462B46D4
:10BAD00001F07EFFA84204D1099800B1056000265C
:10BAE000B5E76FF09106B2E7F0B58FB050EA010705
:10BAF00046D01E4645F2494345F250371546149A42
:10BB0000C0F25303C0F24107CDE9047341F6202788
:10BB10004FF24A43CDE9065240F6CC520DF12304D0
:10BB2000C0F204270091C0F20422C0F203231921BD
:10BB3000CDE90107204610F02FFD542012F028F91E
:10BB400088B1044646F6043041F21542C2F20120A3
:10BB5000C0F204224FF48173214601F039FDA0B1F7
:10BB6000204612F08FF86FF0910546F6043041F24E
:10BB70001541C2F20120C0F2042101F034FB01E0C2
:10BB80006FF0870528460FB0F0BD00212046002742
:10BB9000D8F7D7FF46F6043004AAC2F201201023DA
:10BBA000214601F05DFF10280ED155B146F6043054
:10BBB0002146C2F2012032462B4601F051FFA84235
:10BBC00005D10025012705E06FF08D0502E06FF03B
:10BBD0008D05002746F604302146C2F2012001F00F
:10BBE00067FE0646204612F04DF8002E5FEA0F90E1
:10BBF000074218BF6FF08D05B7D1002FB5D046F6BC
:10BC0000043041F21541C2F20120C0F204210DF1CD
:10BC1000230201F07BFB0546002818BF6FF0910559
:10BC2000A3E7B0B58AB041F6202540F6CC524FF2DA
:10BC30004A430DF10F04C0F204250091C0F2042222
:10BC4000C0F203231921CDE90105204610F0A4FC20
:10BC5000542012F09DF870B1044646F60430C2F24A
:10BC600001200DF10F020123214601F0B1FC28B1A2
:10BC7000204612F007F86FF08B0013E046F604350B
:10BC80002146C2F20125284601F012FE204611F09D
:10BC9000F9FF0DF10F01284601F0A5FA002818BFA1
:10BCA0006FF091000AB0B0BDB1F5807F4FF0000198
:10BCB00008BF03210022122851EA0280704780B594
:10BCC00008461146FDF7A9FC002818BF6FF03B009D
:10BCD00080BD2DE9F04F85B06FF0030713B3DDF899
:10BCE00038B0BBF1000F1DD0814618681C46C8B99A
:10BCF000DBF80000B0B90E46002148461546F9F7BA
:10BD0000E7FC01280CDB01212846F9F7E1FC0128BA
:10BD100006DB28464946F9F777FCB0F1FF3F05DD21
:10BD20006FF00307384605B0BDE8F08F01213046BB
:10BD3000F9F7CEFC0128F3DB30464946F9F764FCFD
:10BD4000B0F1FF3FECDC01A8F9F78BFA03AF3846FE
:10BD5000F9F787FA384629463246F9F7CDFD28B972
:10BD600003A801220146F9F7B0FD38B1074601A842
:10BD7000F9F77CFA03A8F9F779FAD3E703A8F9F7FA
:10BD800027FB1FFA80FABAF1000F00F08F8003A89A
:10BD90005146F9F7E7FB0028E8D1D9F80000006820
:10BDA00000F0070543F29D70C0F20420012D50EA17
:10BDB0001090017801A8F9F7E0FA0028D6D1012DFA
:10BDC0005FEA1F950DF104080021204642464B46CC
:10BDD000FAF773F90028C9D101212046F9F778FC58
:10BDE00078B1A8B2342861D8013543F29D71A8B268
:10BDF000C0F20421095C4046F9F7BFFA0028E3D0FD
:10BE0000B4E74046414603AA4B46CDF800B0FAF7E6
:10BE100034F80028AAD1012601214046F9F758FC40
:10BE2000B0B3012240464146F9F72EFB00289DD1D0
:10BE30000021204642464B46FAF73FF9002895D1AB
:10BE400001212046F9F744FC012805D12046494646
:10BE5000F9F7DAFB01302CD0012240464146F9F7D0
:10BE600034FD00287FF482AF404641464246F9F750
:10BE700043FD00287FF47AAF404641464A46F9F731
:10BE8000B3FF00287FF472AF0136B0B25045C3D97A
:10BE900001214046F9F71CFC00286FF003077FF4EE
:10BEA00066AFA8B23528BFF462AF9DE76FF0030715
:10BEB0005DE7002158464A462346F9F7AAFD55E7B3
:10BEC0002DE9F04184B0002B4DD00E4601211C46D7
:10BED00015460746F9F7FCFB012844DB01213046F3
:10BEE000F9F7F6FB01283EDB00212846F9F7F0FBC5
:10BEF000C8B300212846F9F75AFA012839D10DF1C3
:10BF000008084046F9F7ADF96846F9F7AAF90122A1
:10BF100040463946F9F7D9FCE8B96846012231466E
:10BF2000F9F7D3FCB8B902A96A462046FAF77CF9BA
:10BF300088B902A86A460146F9F7DEFC58B902A89A
:10BF4000002102462346F9F764FD20B902AA2046E3
:10BF50002946FAF713FA074602A8F9F787F968465F
:10BF6000F9F784F901E06FF00307384604B0BDE843
:10BF7000F0816FF00D07F8E780B55C2110F0AFFAA3
:10BF800080BD10B15C21FCF719B97047D4D4D4D46A
:10BF90000BA145F276424EF2F013C1F2320291ED5E
:10BFA000001F0146CCF2D23380ED001F4DF6FE405B
:10BFB000C9F6BA0008610020C1E90523704700BF37
:10BFC00000000000000000000123456789ABCDEFB1
:10BFD0002DE9F04FB9B002460F6880680C92D2E9A3
:10BFE00003563CBA209406EA0503D2E9057804EB2F
:10BFF000F06427EA050244441A4447F69918D1F838
:10C0000004E02244C5F6822826EA000902EB08046F
:10C0100000EAB502D1F808C09EFA8EF34A441F44E4
:10C020003A44E74322939CFA8CF302EBF4621E44F9
:10C0300004EAB00C424407EAB5071293BC44D1F8B5
:10C040000C9006EB0C03D64303EBF26E99FA89F7DA
:10C05000139702EAB40906EAB0030EEB080607EBF1
:10C06000B50A99440B69F5430AEB090E06EAB20BCF
:10C0700005EAB405D1F818A01FBA0BEB05090EEBC1
:10C08000F6634D69434407EBB0004844149700EB56
:10C09000F360D1F81CE02FBA4044DD43169705EA5F
:10C0A000B205DDF848B007EBB40903EAB6073D4432
:10C0B000C74307EAB6074D4400EAB30404EB070997
:10C0C0009AFA8AF405EBF065179405EB080704EB80
:10C0D000B2024A449EFA8EF502EBF7621C95FC43CD
:10C0E000424404EAB304D1F824E005EBB6090D6A32
:10C0F00007EAB0063444D64306EAB006A14402EA91
:10C10000B70404EB060A2CBA09EBF2651E9405EBA2
:10C11000080604EBB30353449EFA8EF503EBF66373
:10C120002195F443434404EAB704D1F828A005EB71
:10C13000B009C64606EAB2052C44DD4305EAB2055D
:10C140004C4403EAB60000EB05099AFA8AF004EBC6
:10C15000F364D1F82CA004EB080500EBB7044C44C1
:10C160001D909AFA8AF71F9704EBF560EC4300EBF9
:10C17000080A04EAB60407EBB2000F6B05EAB30243
:10C1800022446FEA0A04104404EAB3040AEAB5023E
:10C190003FBA224400EBFA604C6B404407EBB60612
:10C1A000324494FA84FC02EBF0621997C44302EB28
:10C1B000080604EAB5048F6B0CEBB302C96B00EA06
:10C1C000BA03CDF860C02344F4431A4404EABA0425
:10C1D00006EAB0033FBA234402EBF66215974244E5
:10C1E00007EBB5052B440CBA03EBF261B846D34319
:10C1F000209F03EAB003109402EAB60505EB030999
:10C200001E9B87EA0B0787EA030501EB0E0704EB89
:10C21000BA01494485EA0C03A44601EBF761229C6C
:10C220004FEAF37501EB0E0AF146F943DDF84CE0F5
:10C2300005EBB0001A9301EAB6018EEA040507EA9D
:10C24000B2042144219C6FEA0A03084403EAB203C2
:10C2500065400AEAB7010B4485EA08011B914FEAE1
:10C26000F17100EBFA60DDF8508001EBB60400EBF1
:10C270000901E0181D9C88EA0B0300EBF1606340A4
:10C28000484483EA0C0BDDF85890CB434FEAFB7629
:10C2900003EAB7030B9601EABA04CDF844B006EB03
:10C2A000B2022344C6431F9C06EABA061A4400EAB7
:10C2B000B10389EA0E0533441A9E654002EBF06231
:10C2C000DDF85CE085EAF67647F69915C5F6822535
:10C2D00020964FEAF67602EB050C199D06EBB702A5
:10C2E0008EEA08041A444FEAB0036C401B9D83EAAF
:10C2F000B103069602EBFC6284EAF575229583EAA7
:10C300000C0447F699134FEAF575C5F682231C9E77
:10C31000189F0595134405EBBA02DDF8788086EA8C
:10C32000090522447D404FEABC0485EAFB7B4EF6BA
:10C33000A1394FEAFB77089707EBB101159F88EA0F
:10C340000E05C6F6D9697D40209F02EBF362DDF849
:10C3500084E085EAF77A4A4484EAB0044FEAFA7541
:10C360005C40099505EBB00021448EEA0605109E5D
:10C370004FEAB30401EBF26184EABC04494475401E
:10C38000229E5440CDF848B020444FEAB20485EADA
:10C39000F6751C9500EBF1604FEAF57684EAB3047C
:10C3A00048444C400A9606EBBC051D9E254486EA8F
:10C3B000080705EBF06C1A9DDDF87C804FEAB104AC
:10C3C00087EAF577CDF84CA087EAFB7B1B9F4FEA05
:10C3D000FB750F9505EBB303CC4488EA0E05DDF839
:10C3E00064E085EAF7754F4684EAB204CDF850B0B0
:10C3F00085EAFA7ACDF85CA044404FEAFA75234406
:10C400004FEAB004039505EBB2028EEA0605119ED1
:10C4100003EBFC6384EAB1044B4484EA0C0485EA30
:10C42000F6751C9E22444FEABC0402EBF36285EAD7
:10C43000F6751D9584EAB0044FEAF5754A44DDF8B7
:10C440006090209E5C40019505EBB10189EA0805EA
:10C45000214485EAF6754FEAB30401EBF261B84670
:10C4600085EAFB751E954FEAF5753944159E229FA6
:10C4700084EABC04029505EBB00086EA0E05DDF8FF
:10C4800040E0544085EAF77520444FEAB20485EA5B
:10C49000FA7A00EBF1604FEAFA7584EAB30440449B
:10C4A0004C40079505EBBC074FEAB10527448EEADF
:10C4B000090407EBF06C129F85EAB205C44484EAD4
:10C4C000F7741D9FC146DDF8688084EAF777CDF8E0
:10C4D00058A085EA00044FEAF77505EBB30304950D
:10C4E000234486EAF87503EBFC6B139B4FEAB00418
:10C4F0001C9E85EAF3751E9B84EAB104219785EAA8
:10C50000F3731F9384EA0C054FEAF3730BEB0904F2
:10C51000DDF86CB003EBB2020D932A448EEAFB7592
:10C5200085EAF6754FEABC0302EBF462149E85EAD5
:10C53000FA7A02EB090583EAB0034FEAFA770B9A1D
:10C54000634007EBB101CE4682EAF87219444FEA24
:10C55000B40382EAF672219E01EBF56183EABC0323
:10C560000E9782EAF679179F83EA050201EB0E0324
:10C5700006994FEAF97681EAFB71F04606EBB000C6
:10C58000CDF860A081EAF7711F9F10444FEAB50211
:10C5900082EAB4020B9681EAF77E119F00EBF3600A
:10C5A000C34682EA03014FEAFE720692404402EB60
:10C5B000BC02CDF86CE01144059A01EBF06C1D99BA
:10C5C00082EAF7724FEAB30782EAF1720CEB0801D4
:10C5D00082EAFA7ACDF868A087EAB5074FEAFA76D8
:10C5E00087EA0002059606EBB407089E3A44209FAE
:10C5F0001E9C02EBF16286EAF7774FEAB00687EA03
:10C60000F477229C86EAB30602EB0B0C87EAF978F2
:10C61000CDF8549086EA01074FEAF87606EBB502AA
:10C62000099D3A4485EAF477169C08964FEAB106CC
:10C6300002EBFC6287EAF477D94687EAFE7502EBE3
:10C640000B0786EAB0064FEAF57486EA0C062294D8
:10C6500004EBB3020A9B3244129E219C02EBF76268
:10C6600083EAF6734FEABC0683EAF47302EB0B0E1F
:10C6700086EAB1060F9A83EAFA7A1F9C86EA0703D4
:10C680004FEAFA7606EBB0000A961844139B00EBCB
:10C69000FE60CDF8808082EAF3724FEAB70382EA47
:10C6A000F47200EB090683EABC034FEABE0482EA97
:10C6B000F87B119583EA0E024FEAFB7303EBB1009E
:10C6C000099310441C9A00EBF660039900EB0903F0
:10C6D00081EAF27103EAB600CDF864A043EAB6023B
:10C6E000CDF83CB002EABE0242EA0008149A019872
:10C6F00084EAB70480EAF272189881EAF07115981A
:10C7000081EAF579CDF8509084EA06014FEAF97490
:10C7100004EBBC05039482EAF072294482EAFA7CB5
:10C720004EF6A13201EBF361C6F6D9624FEAFC7016
:10C730008D1800EBB7011C9005EAB30201EB08006D
:10C7400045EAB307029907EAB607CDF840C047EAC1
:10C75000020A4BF6DC47179A00EBF560C8F61B7728
:10C7600081EAF274C11901EAB5001D9A41EAB507E0
:10C7700007EAB30707431B9884EAF07080EAFB7866
:10C78000079880EAF27B4FEAF870019000EBBE0454
:10C790001A9804EB0A024BF6DC4ACDF85C808BEA6F
:10C7A000F070C8F61B7A80EAF97BCDF84CB002EB4A
:10C7B000F1604FEAFB72504402EBB60E00EAB1069C
:10C7C000079240EAB1040EEB070204EAB50444EA1A
:10C7D000060E1E9E02EBF062049C02EB0A0784EA3E
:10C7E000F67407EAB00247EAB00606EAB10646EA7E
:10C7F0000209209A0D9E84EAF272169C82EAFC7C61
:10C80000119A86EAF4744FEAFC7606EBB3030296BB
:10C8100084EAF274734484EAF878D64603EBF7634B
:10C820004FEAF87453441E9404EBB505CDF874C078
:10C8300003EAB70405EB090643EAB702CDF83480F2
:10C8400002EAB00242EA040A219C06EBF3660E9A61
:10C8500082EAF47506EB0E0404EAB30644EAB30276
:10C8600002EAB70242EA060E199E1F9A85EAF67599
:10C870000B9E85EAFB79CDF8589086EAF27B4FEA69
:10C88000F9760F9A06EBB101049651448BEAF276E1
:10C890004BF6DC4B86EAFC7AC8F61B7B01EBF461B5
:10C8A0004FEAFA7559440B9505EBB000069A01EA78
:10C8B000B406704441EAB405CDF838A005EAB305E2
:10C8C00045EA060E189E00EBF16000EB0B0C149885
:10C8D00082EAF6760CEAB1054CEAB10202EAB40249
:10C8E00086EAF07615982A43059D86EAF878CDF811
:10C8F000488085EAF0754FEAF870059000EBB706BE
:10C900001098764485EAF0751B9885EAF979CDF898
:10C91000549006EBFC654FEAF97605EB0B0706969B
:10C9200006EBB30307EABC051A4447EABC0606EA6D
:10C93000B10646EA0503089D85EAF075179802EBF3
:10C94000F76285EAF0751A9885EAFA7E229D85EAF3
:10C95000F0754FEAFE70009000EBB4041398934416
:10C9600023440BEAB70285EAF075CDF860E085EA6A
:10C97000F87022904FEAF0744BF6DC404BEAB706B1
:10C98000C8F61B7003EBFB63089406EABC0603447D
:10C99000324304EBB10103EABB04114443EABB0593
:10C9A000209A05EAB70545EA040A0A9C84EAF2756A
:10C9B0001D9A01EBF36185EAF2750C1885EAF978A6
:10C9C0001198099D4FEAF87285EAF0750A9202EB18
:10C9D000BC000D9A04EAB301504485EAF2754BF6A7
:10C9E000DC4C44EAB306C8F61B7C85EAFE7ECDF833
:10C9F000688006EABB064FEAFE7500EBF46011950D
:10CA00003143604405EBB702199F114400EAB405B5
:10CA100040EAB406039A01EBF061CDF86CE006EA57
:10CA2000B306614446EA050982EAF7751C9A01EAF1
:10CA3000B00641EAB00707EAB40747EA060A0F9FC3
:10CA400082EAF776169A85EAF275229A85EAF27CEE
:10CA50000E9ACDF870C086EAF2754FEAFC7285EA4C
:10CA6000F8760F9202EBBB054FEAF67705EB090269
:10CA7000149D07EBB30B019B4BF6DC4802EBF16214
:10CA800083EAF577C8F61B78129D02EB080343EAA8
:10CA9000B1021F9687EAF5770BEB0A0603EAB105A8
:10CAA000C34602EAB00287EAFE77219742EA050907
:10CAB0004FEAF77505EBB40E109D079A06EBF36489
:10CAC00082EAF576159A44440EEB090586EAF27679
:10CAD00086EAFC7ACDF864A044EAB3074FEAFA7616
:10CAE00004EAB30207EAB10706EBB009179E47EA6A
:10CAF000020C029F05EBF4601F9A87EAF675189EF8
:10CB0000404440EAB40785EAF67500EAB40607EA4D
:10CB1000B30785EAF272209247EA06084FEAF276F6
:10CB200009EB0C0206EBB10E139E02EBF0621E9FA6
:10CB3000229D87EAF67602EB0B07219947EAB002BD
:10CB400086EAF57607EAB00502EAB40286EAF171F0
:10CB50001E9142EA050C4FEAF1720EEB08011D9E90
:10CB600002EBB303049A01EBF761634482EAF675C2
:10CB700001EB0B0242EAB701DC4601EAB0081A9960
:10CB800003EBF26385EAF1755B4402EAB70185EADB
:10CB9000FA760D9D179648EA01094FEAF6710B9E49
:10CBA00086EAF578169D059E01EBB40186EAF57ECE
:10CBB0000E9D069E494486EAF576129D1D96009EBE
:10CBC00086EAF5761B9D13964FEAB20688EAF5745D
:10CBD000209D86EAB70684EAF57BCDF850B086EA58
:10CBE00003044FEAFB7606EBB0000E9601EBF3610F
:10CBF0002044159C8C4408991E9E81EAF47116917C
:10CC00004FEAB30100EBFC6081EAB20181EA0C0457
:10CC10001C998EEAF171DDF87CE081EAF6794CF23C
:10CC2000D611CCF662214FEAF97500EB010A05EB4B
:10CC3000B700189F0A991095204481EAF77118915E
:10CC40001D994FEABC0481EAFE7617994CF2D6157D
:10CC500000EBFA6086EAF178CCF6622584EAB30448
:10CC60004FEAF87784EA0A04284407EBB202229DCF
:10CC70002244119C84EAF5741194219C139D1D9704
:10CC80004FEABA0685EAF4774CF2D61587EAFB7BC1
:10CC9000CCF662254FEAFB7402EBF06286EABC0632
:10CCA000229404EBB3031A9C46402A440F9D33445C
:10CCB00085EAF476199C169D4FEAB00785EAF4756B
:10CCC0004CF2D61485EAF975CCF6622486EAF17640
:10CCD000CDF8549003EBF263CDF8488087EABA07A9
:10CCE000CDF84CB086EAF5710F914FEAF5715740D7
:10CCF00016911E1901EBBC031B993B440E9F87EA5A
:10CD0000F1792099189F4FEAB20587EAF174119FD3
:10CD100084EAF8744CF2D61885EAB0054FEAF4714B
:10CD200075401A9101EBBA01CCF662280D441E99A8
:10CD300003EBF66387EAF17703EB080C89EAFE73ED
:10CD4000DDF83CE087EAFB77DDF884B083EAF47A2B
:10CD50004FEAB6044FEAF77105EBFC6384EAB204CC
:10CD6000189101EBB0001C9984EA0C0503EB080450
:10CD7000109B284483EAF1794FEABC0300EBF4608E
:10CD80004FEAFE7583EAB6031C9583EA040100EBC3
:10CD9000080305EBB2004FEAB402084482EABC0281
:10CDA00000EBF3604FEAFA7589EAF7711B955A4078
:10CDB000404405EBB6051D9FDDF864902A4487EAE0
:10CDC000FE771F9E02EBF062CDF838A087EAF97774
:10CDD00087EAF67502EB080686EAB3020E9F81EA3F
:10CDE000FB7ACDF840A080EAB4011F9582EAB00238
:10CDF00081EAB30102EBF5721F9D01EBFA7102EBC0
:10CE0000B402229C01EBBC01C44684EAF774209F63
:10CE100001EBF66184EAF774614484EAFB78E34647
:10CE200081EAB004CDF8448084EAB60404EBF874D7
:10CE300004EBB30E169B83EAFA74DDF878A002EBDC
:10CE4000F16284EAFA74624484EAF973219382EA13
:10CE5000B6049C4684EAB104DDF8509004EBF37408
:10CE60001A9B04EBB0040EEBF260DDF85CE083EAA1
:10CE7000F573584483EAFE7383EAF775189F80EAD6
:10CE8000B103209583EAB20303EBF57303EBB60617
:10CE900004EBF06387EAF8745B4484EAF9741C9F3E
:10CEA00084EAFA7AD84683EAB204CDF878A084EA14
:10CEB000B00404EBFA7404EBB10106EBF36487EA07
:10CEC000FC76DDF854C05C4486EAFC7686EAFE76A1
:10CED000DDF848E084EAB00787EAB30707EBF677A6
:10CEE00007EBB2021B9F01EBF46187EAF577594427
:10CEF00087EAFE77DDF84CB087EAF97981EAB30773
:10CF000087EAB40707EBF97707EBB00510984FEA0B
:10CF1000F07002EBF16280EAFA771990169824908B
:10CF200087EAFB7742441F9887EAFC774FEAF07064
:10CF300082EAB40C2A908CEAB10000EBF77C2498CA
:10CF400017970CEBB3032A9F784005EBF2671A9D05
:10CF500080EAF670259580EAFE7A07EB0800119FBB
:10CF600080EAB1054FEAF7772B9785EAB207259D4E
:10CF700007EBFA7707EBB4072B9C654003EBF063F4
:10CF8000434485EAF97585EAFB7CCDF88CC083EAD9
:10CF9000B20507EBF36785EAB00407EB080504EB7D
:10CFA000FC74359504EBB10101EBF56188440C99F3
:10CFB0008C680F6944448C60CC682C44CC6007EBCF
:10CFC000B3040C614C698F6904EBB0044C6107EB4E
:10CFD000B2048C611D99329122993391189926914E
:10CFE0001C9927911B9928911999299121994FEA08
:10CFF000B0004FEAF17720992C974FEAF1771E990C
:10D000002D974FEAF17717992E974FEAF6772F97DA
:10D010004FEAF97730974FEAF17737904FEAFC7093
:10D02000CDE933084FEAB300369023A85821319751
:10D030004FEAB20238924FEAFA723292FBF7BEF828
:10D04000002039B0BDE8F08FA2B32DE9F0410646CB
:10D05000006814460D46811800F03F00316002D38D
:10D0600071680131716080B1C0F14007BC4219D3D1
:10D0700006F11C08294640443A460FF034FA30467F
:10D080004146FEF7A5FF3D44E41B402C08D300BFFA
:10D0900030462946FEF79CFF403C40353F2CF7D8F0
:10D0A00034B10020304429461C3022460FF01BFAD0
:10D0B000BDE8F04100207047F0B581B00646044657
:10D0C0000D46802356F81C7B07F03F02B018372A24
:10D0D00000F8013B04D8C2F137010FF000FA0CE070
:10D0E00082F03F010FF0FBF920463146FEF770FF5A
:10D0F000382130460FF0F3F927686068F900C00066
:10D1000040EA577009BA00BAC4E915012046314611
:10D11000FEF75EFFA0685C2100BA2860E06800BAF4
:10D120006860206900BAA860606900BAE860A06918
:10D1300000BA28612046FBF741F8002001B0F0BD9D
:10D14000F0B597B06F460D4606465C21384614464A
:10D150000FF0C5F90CA031462A4690ED001F4EF2A3
:10D16000F010CCF2D230069038468DED021FFFF75A
:10D170006BFF38462146FFF79FFF5C213846FBF7DF
:10D180001DF8002017B0F0BD0123456789ABCDEF36
:10D19000FEDCBA98765432102DE9F041C4B0012B70
:10D1A00002D96FF073051AE001AC074620461D4610
:10D1B00090460E46D8F752FF20462946D8F75CFF26
:10D1C00048B901A839463246D8F796FF18B901A8E0
:10D1D0004146D9F72FF8054601A8D8F745FF28465C
:10D1E00044B0BDE8F0812DE9F0419AB004461991B0
:10D1F00003F046FD10B11AB0BDE8F08111A919AADB
:10D200000023204603F0BCFD0028F4D44FF6004173
:10D21000C0F20F0100EA01068E4202D16FF0150044
:10D22000E9E70021C7F6F07100EA0105A06AB5F54B
:10D23000001F07903BD146F000504FF6004240F0EF
:10D240000803082005A9019111A9C7F20F02029055
:10D2500020460027009702F0EFF80028CBD40DF10C
:10D260001C084FF0FF3008F10801CDE9000705AABE
:10D270004FF0FF332046CDE9027703F069FA00282A
:10D28000B9D1BDF8380000286FF0260004BF9DF822
:10D290003B105FEAC171AED10121204601F092FE40
:10D2A00000208DF82200ADF82000C4F8288046F058
:10D2B000804011A940F07F6005900020069005AAEB
:10D2C0000123204600F047FE00280799A16292D171
:10D2D000B5F5001F18D14FF0FF31204601F072FE66
:10D2E00007A811AA00F108052046294601F0A1FE71
:10D2F00000287FF480AF11A920462A4603F006FEDD
:10D30000002808BF002076E7002074E72DE9F04FE1
:10D31000AFB00446CDE92D2103F0B2FC054618B1AB
:10D3200028462FB0BDE8F08F0DF194092EAA0023F6
:10D330002046494603F024FD0746002819D440F250
:10D34000FF30C7F38926864210D01DA92DAA0DF102
:10D350007203204603F014FD054600280BD44FF657
:10D360000041E843C0F20F0108420CD16FF01505EF
:10D37000D6E73D46D4E7A81CD2D1BDF8720040F2F2
:10D38000FF318842CCD01D982599814202D14FF0BF
:10D3900001080EE01E9A269B93425FEA1F9C914271
:10D3A0005FEA1F9183425FEA1F9041EA0C0140EA65
:10D3B0000108A81CA06A129008D12D980FF0D0F88F
:10D3C000216F884258D96FF02305A9E7C5F30A50A9
:10D3D000B0EB175F68D1BDF87210B2B21FFA81FAD4
:10D3E00092455FEA1F9118EA010F40F0EC80022895
:10D3F0004BD108204FF60042C2F2000008A940EAD3
:10D400008A23082001911DA9C7F20F02029020462D
:10D410004FF0000BCDF800B002F00EF8002800F13C
:10D42000958012A808AA00F108014FF0FF30CDE95D
:10D43000000B4FF0FF332046CDE902BB03F088F923
:10D44000002840F08380BDF864000DF1480B0028EF
:10D450006FF0260004BF9DF867105FEAC17175D1B7
:10D460000121204601F0AEFD00208DF84E00ADF800
:10D470004C00C4F828B008E0BDF87200B1B21FFA41
:10D4800080FA8A455FEA8880064440F2000CB8F1D1
:10D49000000F4FEA972BC4F6F07CCDF8108009D02E
:10D4A000B0B24CEA80201BE002286FF0140050EA72
:10D4B000009535E7B1B2206B40F2FF326FF39E204A
:10D4C0004CEA8123914218BF1843891A259A52EADF
:10D4D0001182269B53EA1181C4E90C020020A1634A
:10D4E00005906FF001000021281AC7F6F0714FF087
:10D4F000000818BF4CEA8A200890ACF17E6007EA69
:10D5000001062D9F40EA8A20CDE90A083846CDF869
:10D5100024800FF025F86FF39F2B08AA30430523D2
:10D520004BEA8A210D9740EA8A200C9041F0805006
:10D530001DA940F48010CDE90E090598CDE9100829
:10D54000204600F008FD18B11299A1620546E7E6F1
:10D55000002600220498C7F6F076C4F6F072A8B947
:10D56000206B10F0E04F11D06FF39E200021C4E932
:10D570000C0142EA8B20A16306AACDE9060125A988
:10D580000123204600F0E7FC0028DDD105EA060073
:10D59000B0F5001F1298A06215D14FF0FF31204660
:10D5A00001F010FD12A81DAA00F108062046314620
:10D5B00001F03FFD0028C9D11DA92046324603F0E5
:10D5C000A5FC0028C2D10025AAE6D4D4D4D4D4D452
:10D5D00080B582B0D0F828C004E000BF00BF00BF13
:10D5E000DCF800C08C4518BFBCF1000FF8D1BCF1CD
:10D5F000000F09D143F6140CC0F2042CCDF800C082
:10D6000000F012F802B080BD4EF2280040F6E5129C
:10D6100040F67E23C0F20320C0F20422C0F20423AD
:10D6200041F2A871F7F718FA2DE9F04F8BB01E46BA
:10D630009B070C4681460A9205D5484603F020FB1D
:10D640000746002862D104F1080804F1040A00200A
:10D65000C4E90C60E0631499C4E913010AAA4846BE
:10D660004146534603F08CFB0746B0F1FF3F2CDDEB
:10D670000120A071B105D9F828002060C9F8284020
:10D6800037D40020C7F6F0703840B0F5801F33D192
:10D69000BAF8000071054FEA802040F0005039D4FC
:10D6A000002200924FF6004240F0080304F12800E7
:10D6B0000821C7F20F02CDE901014846414601F0B9
:10D6C000BBFE0746002819D42AE0B81C16D1BAF8C8
:10D6D000000040F2FF31884208D00120A071F1051E
:10D6E000D9F828002060C9F828405BD46FF0010702
:10D6F00004E06FF0100701E06FF01407206B214683
:10D7000040F400202063484600F0F2F838460BB0A1
:10D71000BDE8F08F40F48017206B40F48030206328
:10D72000206D8168D1B3216B00264FF0000B00BF44
:10D73000CA0720D04068BAF800208119805DD1E97D
:10D740000115000540EA82204FF600422843C7F643
:10D75000FF7240F0405300206FF39F258DE82300B7
:10D760004846414601F068FEB0F1FF3F01DC811CF4
:10D770006BD1216B206D8A070AD54268D9F87830C1
:10D78000324492689A4200F28A8041F480312163E7
:10D7900082680BF1010B0C369345C9D3006860B168
:10D7A000E06412E00A9E30460EF0DAFED9F87010FE
:10D7B00088424ED96FF02307A0E7D9F86800806A45
:10D7C00010F0E6FA0028E0646CD0D9F86810FF2267
:10D7D000896A0EF07FFE00200021C7F6F070C2F2C9
:10D7E000100138404FF0FF3288424FF000002264B1
:10D7F0002DD1226B6FF00101A1626FF39F27E762C9
:10D8000042F480122263C4E91010D9F86800806ADB
:10D81000A064E7B140F2FE31A2880027884250EAB6
:10D82000318040EA82214FF6004241F00053E16C22
:10D830000191C7F20F02029048464146009701F05D
:10D84000FBFDB0F1FF3F3FF761AF074656E700270A
:10D850005CE7BAF800100025C2F21005032305F1B9
:10D86000005240EA812042EA81220492002205927D
:10D8700040F48010CDE9060645EA81204146CDE915
:10D88000080204AA484600F066FB07461C3008BFA1
:10D890006FF02307002F7FF431AF2F4640E76FF082
:10D8A0001B072BE76FF00B0728E7D4D4D4D4D4D4CC
:10D8B00080B5826A01E000BF12688A4218BF002A60
:10D8C000FAD11AB1BDE8804000F012B84EF228003B
:10D8D00040F6B5224FF25733C0F20320C0F20422C3
:10D8E000C0F2032341F2CC71F7F7B6F8D4D4D4D404
:10D8F00070B50C46064600F012F8054606F1280001
:10D900000146006818B1A042FAD100680860206D95
:10D91000006810B9E06C10F0B5F9284670BD70B51C
:10D9200086B00C4691F83210090714D421460546FA
:10D9300000F07EFF216B18B141F4002121630BE060
:10D94000C80308D5264656F8080F01301CBFE0680A
:10D9500010F1010002D1002006B070BDC80208D449
:10D9600005F1100128462A4602F01BFD0028F3D1DC
:10D97000216BC80208D4D4E90A01CDE904010821C9
:10D9800004A8C2F2200105E0E06A40F00051E06C1A
:10D9900041F48011A288236D019041EA8221009117
:10D9A000996841EA82206A4640F0815002905868A6
:10D9B000039002232846314600F0CDFA0028216B5F
:10D9C000BAD121F480302063C5E7D4D4D4D4D4D4E0
:10D9D000F0B581B00446806A0D4688421E4617465F
:10D9E00006D000BF00BF00BF10B10068A842FBD145
:10D9F000A0B1286BC10721D0800306D52046294657
:10DA000000F016FF08B101B0F0BD204629463A46A5
:10DA1000334601B0BDE8F04001F066BE4EF228008A
:10DA200041F2FB624FF25733C0F20320C0F20422EE
:10DA3000C0F2032341F2EE71F7F70EF84EF2280020
:10DA40004FF6E77241F2EC53C0F20320C0F203221A
:10DA5000C0F2042340F6BC51F6F7FEFFD4D4D4D470
:10DA600080B5D0F828C001E0DCF800C08C4518BFB4
:10DA7000BCF1000FF8D1BCF1000F1CBFBDE8804025
:10DA800000F012B84EF2280041F20E024FF2573366
:10DA9000C0F20320C0F20422C0F203234FF4C051AD
:10DAA000F6F7DAFFD4D4D4D42DE9F04782B00C468F
:10DAB000096B8F0742D51D4690460746480305D59A
:10DAC0003846214600F0B4FEA8BB216B0805666B02
:10DAD00004D5E06A864201D206466063786F721907
:10DAE000824202D96FF01A0025E0880317D4E06A59
:10DAF000864214D94FF0000A0DF10709606300BF98
:10DB0000606BB0420BD20123384621464A468DF85D
:10DB100007A001F061FEB0F1FF3FF1DC0BE03846F9
:10DB2000214642462B4601F057FE002803D4216BC4
:10DB300021F40021216302B0BDE8F0874EF22800F5
:10DB40004FF6F67240F6C423C0F20320C0F203225F
:10DB5000C0F2042340F62361F6F77EFFD4D4D4D478
:10DB600080B5D0F828C001E0DCF800C08C4518BFB3
:10DB7000BCF1000FF8D1BCF1000F1CBFBDE8804024
:10DB800000F010B84EF228004FF6D9724FF257331A
:10DB9000C0F20320C0F20322C0F2032341F61201B7
:10DBA000F6F75AFF2DE9F04114460E46496BABB12A
:10DBB000022B04D0012B10D164180FD511E0F26AAA
:10DBC00096F83230914251EA82859B0752EA55829B
:10DBD0001444B4F1FF3F01DC03E00C46426F944271
:10DBE00002D96FF0150174E0A14272D096F832208C
:10DBF000920767D4826ED269083A8A4201D900211D
:10DC00001DE0B1FBF2F34FF05535013B05EA53053A
:10DC10005B1B4FF0333505EA930523F0CC332B44DF
:10DC20004FF0013503EB131323F0F0336B436FF028
:10DC3000030505EA9353C91A0839B1FBF2F1A24270
:10DC400002D90023224631E0B4FBF2F34FF0553CF9
:10DC50004FF0333E013B4FF001380CEA53056FF0B3
:10DC600003075B1B0EEA930523F0CC332B4403EB35
:10DC7000131323F0F03303FB08F307EA9353E31A7B
:10DC8000083BB3FBF2F30CEA53075A43DF1B0EEADF
:10DC9000970527F0CC372F4407EB171727F0F037FD
:10DCA00007FB08F73F0E02EB8702A21A994209D13F
:10DCB000716C8A4206D3B36C19448A4202D27463EF
:10DCC000F26305E0314600F0B3FD014608B9746324
:10DCD00021460846BDE8F0812DE9F04F93B043F2AC
:10DCE000F47E0DF12C0CC0F2042E6746BEE87001E4
:10DCF000A7E870019EE8700187E87001119E144644
:10DD00000D468046771C1CBFDDF848E01EF101017E
:10DD100030D1D8F8286000BF46B3B079012823D1AC
:10DD2000306B00F48811B1F5803F0CD106F1400151
:10DD3000D6E90A30CDE9000540464246029403F098
:10DD40000BF9A0B9306B00F49010B0F5003F0BD187
:10DD500006F14001D6E90D03CDE9000540464246F3
:10DD6000029403F0F9F810B93668D5E7002013B033
:10DD7000BDE8F08F09A999460CF1180701F1040AD2
:10DD80004FF0010B01224FF0FF304FF0FF3386427E
:10DD900002D19E4500F096809E4202D1864500F059
:10DDA0009180934508D14FF0000B52000792CDE9C6
:10DDB000056E04E000BF00BFCDE9050307920BF13B
:10DDC000010B0020012600BF57F820102046A8476D
:10DDD0000028CCD1F0074FF001004FF00006F3D13E
:10DDE0004FF0FF300090002001904FF0FF33CDE95D
:10DDF000020040460BA93A4602F0AAFC0028B6D120
:10DE0000BDF84000CDF8209000284DD04FF000091B
:10DE100008204FF60042C2F200000BA940EA892315
:10DE20000020009009A80190082002904046C7F207
:10DE30000F0201F001FBB0F1FF3F15DD40F20221BE
:10DE4000000D88421CD1DDE90930009000214046D8
:10DE50004246CDE9015403F07FF800287FF487AFF4
:10DE600005E000BF00BF00BF811C7FF480AFBDF89C
:10DE7000400009F101098145CAD315E000BF00BF88
:10DE800008990029F3D0B0F5007FF0D1012609A848
:10DE900001682046A84700287FF469AFF0074FF0DB
:10DEA00000065046E3D0F3E7119E701CDDE9072918
:10DEB000DDE905031CBFDDF848E01EF101017FF438
:10DEC00066AF26E76FF0530051E7D4D4D4D4D4D44E
:10DED00070B584B00C460546012600BF00BF00BFE8
:10DEE000032E0BD006F0010004EB8001284600F061
:10DEF00047F806F1010660BB2FF00FC02646002050
:10DF00002168042246F8080F0423CDE900100021FF
:10DF10002846CDE902622A4600F076F8316810B151
:10DF200010F1540215D1A86E406A012808DB0130B7
:10DF300040F0010001440139B1FBF0F14843306089
:10DF4000002004214FF0FF32C4E90312E261C4E96A
:10DF5000050204B070BD10B5044600F079F9002840
:10DF600048BF10BD07D00021204600F06DFB0028FF
:10DF700008BF002010BD002010BDD4D4D4D4D4D408
:10DF800070B50E460446D4E91610884210D2626E6F
:10DF9000C30800F00705D35CEB40DB0711D001306C
:10DFA000236E013BE06581422366F1D101E000BFB1
:10DFB000236E2BB3204600F00AF908B92FF01DC8D4
:10DFC00070BD616DE26E0844B0FBF2F101FB12001E
:10DFD0003060D4E91602216E0132013900BF00BF62
:10DFE0008242C4E9172109D2636ED60801399B5DCC
:10DFF00002F007060132F340DB07F1D1002070BDCB
:10E000006FF01B0070BDD4D42DE9F04F85B084466D
:10E01000806E119E0F9CC0693719874206D88A46C8
:10E020000E99DCF86C000138884204D26FF053007E
:10E0300005B0BDE8F08F002E00F0A9809B46581E69
:10E0400001AB9646DDF8409083E8051000BF00BFA5
:10E05000BAF1000F35460FD0DAF80000354681429C
:10E060000AD1DAE90102354613189C4204D2031B97
:10E0700074D99E4256EA3385DEF8000081420BD106
:10E08000DEE9010213189C4206D2031B5FD99D42B0
:10E0900055EA338500BF00BF5E4539D2DCF86C001D
:10E0A000049601388842C0F08380CEF80010A04664
:10E0B000DCF86800019E46444069B8FBF0F505FBBA
:10E0C00000F2CEF80420DCF868305C69DF69264491
:10E0D0009B6AB6FBF4F66643BE4256EA378705FBF9
:10E0E0001070984250EA3384CEF80840DEF80C30C5
:10E0F000DCF8680047680094B847012849DA00282E
:10E10000DDE902EC0E994446049E91D13CE000BF4B
:10E11000DCF8680042699642C0D3B4FBF2F303FB1B
:10E120001243002BBAD1B5FBF2F3D0F804C003FBC5
:10E1300002F522464B460095E04700287FF478AF71
:10E14000A9442C44761BDDE902EC0E991CE01A442C
:10E15000DEF80C10954255EA328805E099188E4297
:10E1600056EA3188DAF80C10201A42460144484633
:10E170000EF0B9F90E99C144DDE902EC4444A6EB76
:10E18000080600BF00BF00BF0EB12FF09FC80020DF
:10E190004EE74EF2280040F6F3124EF63C43C0F232
:10E1A0000320C0F20422C0F203237621F6F754FCC8
:10E1B0004EF2280040F6F31241F67543C0F20320F8
:10E1C000C0F20422C0F204236B21F6F745FCB0B57F
:10E1D0000446406D0025E16DE5650844E16EB0FB45
:10E1E000F1F202FB1100A16E6065226EC86AB2EB0B
:10E1F000C00F88BFC200A265606EC96A0EF06FF9D9
:10E200004EF21F210123C0F2022120462246FFF7D1
:10E2100063FD18B1E16EC4E916552166B0BDD0E9C1
:10E22000152CC36E891A1944B1FBF3F202FB1311CA
:10E23000614509D2406ECA0801F00701012303FAC3
:10E2400001F1835C1943815400207047D4D4D4D4A5
:10E250002DE9F04FA1B0866A8146002E9B4692467A
:10E260000D4639D000BF00BF06F1080085422FD00F
:10E2700029680068884223D1B079012828D196F80E
:10E280003200C00624D5D9F86800F16A806A81425C
:10E290001ED9706BF063D9F86C00C9F8600048466D
:10E2A000314600F015FF00284AD1306B314620F48A
:10E2B00080103063484600F0BBFA002840D107E0E8
:10E2C000F2688A42D8D069688A4218BF8842D3D09F
:10E2D00036680EB12FF039C00DF15C0C2946D5E936
:10E2E0000068CDE91F6860469CC99CC091E89C000D
:10E2F0009CC061460FA8CDE900B048462A46534667
:10E3000000F012FB0746002800F189812868B0421E
:10E3100004D040451CBF6868404513D10DF15C0C2A
:10E320002946BCE81D001DC19CE81D001DC1022F2F
:10E3300030D109F148024846294600F0B5FD20B128
:10E3400007466CE1B042E9D0F1E7E87D4FF60841BD
:10E35000C6F20F0105F118020FAD0DAB41EA0050F6
:10E36000CDE90D0200201FAA0121CDE90010484689
:10E3700029460F9EDDF84080CDE91F6800F0D4FAF1
:10E380000746002800F14B8117A81ECD1EC095E856
:10E390001E001EC0012F4FF0000B4FF0000740F091
:10E3A0003E8117AC0FAD0020029000BF00BF00BF40
:10E3B000D9F82000864207D1DDE91701C9E9080133
:10E3C0000AE000BF00BF00BF8045F5D0D9F82400A7
:10E3D000804518BF8642EFD0D9F8280060B3DDE948
:10E3E000171200BF00BF00BF83689E4204D1C0E97E
:10E3F000021209E000BF00BF9845F8D0C3689845F5
:10E4000014BF9E42C0E902128379022B10D1C36A65
:10E410009E4205D1C0E90B120AE000BF00BF00BF59
:10E420009845F7D0036B984514BF9E42C0E90B1284
:10E43000006808B12FF029C048461FA92A4600F0FD
:10E4400063FD0746B0F1FF3F00F1020A03DCBAF1B9
:10E45000000F40F0E480BAF1000F69D00121484676
:10E4600000F0B0FDD9F830000F9E10F0E04F37D02B
:10E47000D9F83410B14208D0D9F83820B24204D0CB
:10E48000109B9A4218BF99422AD140F2FF31C7F33C
:10E490008922C8F20001C9F834B00140C9F830102F
:10E4A000C0F38921C9F838B091424FF60042C0F25A
:10E4B0000F0202EA000240F2FF3038BFA7F5806782
:10E4C000081A40F20001DDF84080C4F6F0710B96A6
:10E4D000CDF8308018BF42EA010007E000BF00BF5E
:10E4E0000B96DDF84080CDF830800020CDE9070B99
:10E4F000022029460BAACDE9000B484607ABCDE91F
:10E50000097400F011FA0746B0F1FF3F40F387802D
:10E51000012F0DD12946CDE91F682046ACC9ACC0FA
:10E5200091E8AC00ACC0012002906FE000BF00BFDA
:10E5300048461FA92A4600F07CFD074608B1B81CD2
:10E540006DD1BAF1000F01D0B81C6CD0B81C61D0ED
:10E55000D9F83000810508D0BAF1000F5FEA0FA1A9
:10E56000484600F02FFDD9F8300010F0E04FDDE90B
:10E570000F6825D0D9F83410B14207D0D9F8382027
:10E58000B24203D0424518BF414519D140F2FF3293
:10E59000C0F38921C8F20002C9F838B01040C9E9B7
:10E5A0000C0B40F2FF300022081AC4F6F0721F96DE
:10E5B000CDF8808018BF42EA812004E000BF00BF90
:10E5C000CDE91F6800209DF85310CDE9030B4FF6ED
:10E5D00008401FAAC6F20F0003AB40EA0150CDE984
:10E5E000050402202946CDE9000B484600F09CF9BD
:10E5F0000746002813D429462046012F3CC93CC0B9
:10E6000091E83C003CC017AC5FEA1F900FAD08B129
:10E610002FF033C1029810F0010718BF03273846C6
:10E6200021B0BDE8F08F4EF2280041F209724FF29E
:10E630008563C0F20320C0F20422C0F2032340F637
:10E64000D911F6F709FAD4D42DE9F04FA9B08246D2
:10E65000008E4FF00009800500F0E38021AA4FF6FC
:10E66000084402F11800089043F2D470C6F20F0477
:10E670000DF1640BC0F2042000250591A446144658
:10E680009046012DCCC8CCC407955FEA118290E872
:10E69000E800E8C46446002682F00100069000BF4E
:10E6A0004FF0FF30CDE900094FF0FF335046594697
:10E6B000089ACDE9029902F04BF8002840F0B380A7
:10E6C0009DF89B0040B158464146ACC8ACC190E8AB
:10E6D000AC00ACC189E000BF5046089911AA00F017
:10E6E00013FC0346B0F1FF3F00F1020002DC0028FA
:10E6F00040F09A800799F9B9F0B118464FF60042F8
:10E700006FF39F200FA9CDE90110504611A9C7F65C
:10E71000FF72CDF8009000F08FFE002800F183809A
:10E7200027980F99814222D1289B109A9A42CAD0E9
:10E730001FE000BF00BF00BF00285FEA0F900699EE
:10E740000843C0D1504659460AF1480200F0ACFBDC
:10E75000002868D19DF87B000123414609AA44EABC
:10E76000005009900BF118000A90504634E0289BA5
:10E77000109A994208BF8242A5D0DAF8300010F012
:10E78000E04F1FD0219ADAF83410914211D1C0F332
:10E7900089216FF39E20CAF8300040F2FF30CAE9A9
:10E7A0000D9981420ED00020C4F6F07040EA81201D
:10E7B00009E0DAF838309342E9D0229A934218BF40
:10E7C0009142E4D00020CDE90B090FA80E9002235E
:10E7D000504641460BAA0D94FFF73AFD0346002828
:10E7E00022D4032B5FEA1F900643279801301CBFF9
:10E7F000289810F101007FF453AFF007079D59EA04
:10E80000159543F2D47005994246022DC0F20420BA
:10E81000FFF634AF9AF83000404241B2504600F063
:10E82000D1FB002300E00346184629B0BDE8F08F75
:10E830002DE9F04397B00C46096B4A03054607D50E
:10E84000C80202D44FF0FF30206421F480212163FC
:10E85000880360D5C802D4F8348050D402AE282191
:10E8600030460DF03CFE2A46D4E90A01CDE90C0100
:10E8700001204FF0000C06F14001CDE90E08CDE972
:10E8800010CC92E8C900C9C14FF0FF362E60E06A93
:10E89000616BCDF858C081421FD20DF108090DF10E
:10E8A000070700BF00BF00BF0123284649463A467C
:10E8B00000F01AFF00282FD40123284621463A46AB
:10E8C00000F08AFF002827D42868013001D0129672
:10E8D0002E60E06A616B8142E6D304F1400600BF1E
:10E8E0000123284631462A4600F063FE10F1540108
:10E8F00015D12846214600F0EBFB68B9F0E7E06A45
:10E90000804558EA80800123A26B63F31141C4E97A
:10E910000A20C4E90C18002017B0BDE8F0830028D5
:10E92000FAD1D4E90C10EEE72DE9F04F99B0229F0F
:10E930008B46002F8446CDE90B230D9056D0DDE9A0
:10E9400022080027A0F1010C0C9800F1040E40F2FF
:10E95000014240F2FF4300250EEBC70400BF00BF99
:10E9600054F8040CC0F30A51914219D0994223D0B3
:10E97000000D00F4E060B0F5C06F16D120680068AB
:10E98000CBF8180020684068CBF81C0054F8040C41
:10E99000C0F300508BF8170007E000BF00BF00BFB6
:10E9A000BBF814000130ABF814000137229808348A
:10E9B000B842D5D111E000BFBBF81400002800F028
:10E9C0004382441EBC4507F101074FF00105ABF837
:10E9D0001440C1D1DDF834C005E0E807DDF834C0EB
:10E9E00004D0BBF81440200400F09D819BF8160071
:10E9F000012833D1DCF86800DBF8001013914FF0E8
:10EA0000FF311691C16CDBE9032314921593179221
:10EA100001B9C169A1F108004FF6B971189013A8A6
:10EA2000129011A8C0F202210027CDE905715946C4
:10EA300007906046CDF844C00C9E0096229ECDE91A
:10EA40000167CDE9037701F027F90546543018BF77
:10EA500015F11C0040F01981DDF834C04FF0FF3093
:10EA6000CCF81000BBF814A040F2E1344FF6004897
:10EA700013AEC0F20324C4F20F081FFA8AF9CDF8CE
:10EA800028A0B9F1020F54D34FF0000A4F4600BF3F
:10EA900000201390CAF100001FFA8AF100B20C9A0C
:10EAA0000092229ACDE90128002205904FF0FF3311
:10EAB000CDE9031960465946CDE9064601F0ECF868
:10EAC000002858D1FE2FDDF834C015D8DCF86800D6
:10EAD000D0E90612C06C002852EA008001EB500019
:10EAE0000138B0FBF1F04843A2F12801814251EA1C
:10EAF00030801399814205D90AEB570AA9EB0A071E
:10EB0000012FC5D8BAF1000F13D01FFA8AF0CDE952
:10EB100000B0604659460C9A229BCDF8089001F04F
:10EB20006CFCDDF834C008B92FF059C805461C301C
:10EB300024D1DCF86800406A01280CDBDBF80810FF
:10EB40000130013140F00100B1FBF0F202FB101086
:10EB5000002800F000810A9988B20021CDE900B1B7
:10EB60005946029060460C9A229B01F08DFCDDF81C
:10EB700034C0054602E00546DDF834C0002D00F142
:10EB8000CE80DCF82840002C00F0C9800B984FF0B4
:10EB9000000A40F20149D0E900600A900996A046B7
:10EBA00058F8080FB04206D00A9988421EBFE068A4
:10EBB0000A99884260D159464046CCC9CCC091E8F8
:10EBC000CC00CCC00B9840F2FF43804532D0229855
:10EBD00080B340F001E00C9850F8081BC1F30A52D2
:10EBE0004A450DD09A4223D1A288C1F389218A4295
:10EBF00014D14FF0FF31C4E9021119E000BF00BF8A
:10EC0000A288C1F389218A4212D3A179022902F193
:10EC10000101A1800CD1A16A013108E008D9A179D4
:10EC20000229A2F10101A18002D1A16A0139A162E8
:10EC30000FF02FC004F12007099E00BF00BF00BFE6
:10EC4000A08BA18881421BD3E27F012A18D1081A28
:10EC5000A0804FF0FF30CDE9000A4FF0FF3360464F
:10EC600041463A46CDE902AA01F072FDDDF834C012
:10EC7000002853D1E4E700BFB0423FF49CAF00BF8F
:10EC80002468002C7FF48BAF49E0002D47D140F67B
:10EC9000FF710D98EDEE101A0026CDE90E660446C0
:10ECA0000EA9109640F2FF3271FE4D0FB4ED0C1F0D
:10ECB000274671FE4D0F91ED003F02FF500131FEDE
:10ECC0004D4F81ED001FB7ED033F91ED001F00FF99
:10ECD000520131FE4D4F81ED001F94ED063F91ED45
:10ECE000001F00FF520171FE4D0F81ED001F0E9BB2
:10ECF00023EA02020E92022251F8043B013A46F145
:10ED0000000513B90DB12FF009C8002B6ED00EAA63
:10ED10005946064600F0C8F8002854D00546284653
:10ED200019B0BDE8F08FB8F1000F00F09D8060468B
:10ED30005946424600F07DF9DDF834C00546023000
:10ED40003FF454AE002DEAD198F8170000283FF4A4
:10ED50004DAE022515E7DBF8000030B1012804D0E4
:10ED6000DBF8040001283FF6F6AE40F649710020BA
:10ED70001390C0F2032113AA002360466446FEF7F5
:10ED8000ABFF1399002851EA0085002DC7D4E06E2F
:10ED9000A446411BB1EBD00F7FF6DDAE0020CDE9DC
:10EDA00000B0604659460C9A229BCDF8089001F0BD
:10EDB00024FB054610B115F11C003AD1002D0A992B
:10EDC00051EA158136E04FF60C4213A9C7F6FF72DF
:10EDD0000EAB304601F0F8F80546543018BF15F177
:10EDE0001C003FF439AE002D0D9898D113A901F005
:10EDF00043F90546543018BF15F11C003FF42CAE02
:10EE0000002D8CD1DDF834C01498DCF868108969C5
:10EE1000B0FBF1F202FB1101B1BB1599CBE9030183
:10EE200094E8070007C70025CCF85050CCE91255EC
:10EE3000A7E60A99002DDDF834C03FF48DAE15F138
:10EE40001C003FF489AE99E64EF228004FF2AA6208
:10EE50004FF62363C0F20320C0F20322C0F2032363
:10EE600040F6A801F5F7F8FD4EF228004FF2AA622D
:10EE70004FF2F713C0F20320C0F20322C0F20323C3
:10EE800040F6B501F5F7E8FD4EF228004FF2AA6210
:10EE90004FF60743C0F20320C0F20322C0F203235F
:10EEA00040F6FF01F5F7D8FD70B586B040F2000CD2
:10EEB0001446C7F6F07C0C220CF10C030292624659
:10EEC00003AE0025CDE9005600F0B6FA6FF001025E
:10EED0000146801A18BF01EAE170002912D440F6F9
:10EEE000FF70EDEE100A71FE4D0F96ED001F002031
:10EEF00071FE4D0F94ED003F02FF500171FE4D0F6A
:10EF000084ED001F06B070BD2DE9F04F89B01746A3
:10EF100006460020144647F8180F05910121796034
:10EF20004FF0FF3B00224FF0FF394FF001084FF048
:10EF3000010A00BF00BF00BF4A4501D159453CD07E
:10EF40005A4501D1494538D0D04505D14FEA4A0A42
:10EF50004FF000088B469146059840F2FF333A4641
:10EF6000C7F6F073D0E90001CDE90701082021467A
:10EF7000C2F2000000900020019040F6EF300696AB
:10EF8000C0F20320029006A80390304601F0E0FB97
:10EF9000014610B1881C084600D128468A1C00D0C2
:10EFA00069B93A68511C05D0E16908F101084B1CA8
:10EFB0000546C1D16FF0010001E06FF0530009B0C8
:10EFC000BDE8F08F80B5026BB1F1FF3F13466FF3E0
:10EFD0009F2300DC6BB1012902DBB3F5FF7F18D85A
:10EFE000114421F00042890518BF02F1004202637A
:10EFF00080BD4EF2280040F2F90241F22C13C0F21B
:10F000000320C0F20422C0F2042341F2DD21F5F70F
:10F0100023FD4EF2280040F2F9024FF2FC13C0F239
:10F020000320C0F20422C0F2032341F2DE21F5F7EF
:10F0300013FD2DE9F04F85B017464FF0000A144636
:10F040008B4647F818AF049001227A6000214FF0F8
:10F05000FF394FF0FF3801250126414501D14A45CE
:10F060002FD0494501D142452BD0B54203D176007E
:10F07000002591468846DBF80000814224D0824278
:10F080004FF0000021D0DBF804309A4218BF9942BB
:10F090001BD04FF0FF30CDE9000A4FF0FF3304984A
:10F0A00021463A46CDE902AA01F052FB68B9396817
:10F0B000481C03D0E2690135501CCED16FF001002D
:10F0C00003E06FF0530000E0002005B0BDE8F08FD2
:10F0D0002DE9F04F87B00C4606A90546FEF750FF14
:10F0E00010B107B0BDE8F08F4FF0FF3806AF4FF01A
:10F0F000010B0DF1170A069E2846314600F071F803
:10F1000010F1540148D0002804F14007E9D1E06B28
:10F1100000284AD04FF000084FF0000900BF00BFA0
:10F1200094F8321000EB0803C90609D4A06B3946E5
:10F130008DE8010E28462A46FEF766FF0EE000BF66
:10F14000A0880021C2F210013A4641EA802004F171
:10F1500008018DE8010E284600F06EF80028C0D1A5
:10F160000123284605F110012A46CDE90069CDE9C1
:10F1700002AB00F0C9F838B9E06B09F10109A8F158
:10F1800001088145CCD310E010F15401A9D14FF012
:10F19000FF3806AF00BF00BF28463946C5F81080CB
:10F1A000FEF7EEFE0028A6D09BE7AA6EE06CE969A8
:10F1B000926A0DF098F92869206468696064A8690A
:10F1C000A064A96EE869FF22896A0DF083F94FF007
:10F1D000FF302861206BA66340F4003020630020DC
:10F1E0007FE780B5C26E914215D2806EC2689047AB
:10F1F0000128B8BF80BD4EF228004EF68A724EF646
:10F200003C43C0F20320C0F20322C0F203234FF4B8
:10F210008B71F5F721FC4EF228004EF68A7241F20E
:10F220002643C0F20320C0F20322C0F204234FF4AD
:10F230008A71F5F711FCD4D42DE9F04F85B004465E
:10F24000806E119EDDF83C80C06906EB080787429E
:10F2500002D96FF0530054E0002E51D015460F46EE
:10F26000DDF84090DDF838A0A3F1010B049100BF58
:10F27000286802301CD16868804519D3A9680A182B
:10F28000904515D2A0EB0802A8EB000011448E4275
:10F2900056EA3187E968014448463A460DF023F9B9
:10F2A000B944B844F61B049F27E000BF00BF00BF6D
:10F2B0006FF001002860A06E0BEB08024069B8FBFC
:10F2C000F0F148436860A16E4B69896A1A44B2FB49
:10F2D000F3F25A4353468A4252EA3181A960EA68FE
:10F2E000CDE900024FF60042029120463946CFF6A2
:10F2F000F77200F0A1F8002803D40EB12FF049C036
:10F30000002005B0BDE8F08F2DE9F04F83B00C9DD3
:10F310000E46AF1C0746CDE9012302D0F86E8542A8
:10F320007AD2B86EDDF83C80DDF83490C06908EB25
:10F330000901814261D8B8F1000F4FF0000448D0B4
:10F34000DDF838A000BF00BF306800BF00BF00BFBD
:10F35000854207D17168894504D3BA6E926A531801
:10F3600099450DD3013038D13560B86E8069B9FB4D
:10F37000F0F14843C6E901042846E9E700BF00BFB1
:10F38000A1EB0900A9EB01011044804558EA308B3C
:10F39000F068084451465A460DF0A5F8D944D6E91C
:10F3A0000101A9EB0000814251EA8080B060B96E92
:10F3B000896A884206D138463146DDE9012300F0EA
:10F3C000F8F828B9B8EB0B08DA44BDD1002400E006
:10F3D0000446204603B0BDE8F08F4EF2280041F607
:10F3E00029224FF27A53C0F20320C0F20422C0F265
:10F3F00003234FF48371F5F72FFB4EF2280041F6FB
:10F4000029224FF6E433C0F20320C0F20422C0F2F6
:10F410000323E921F5F720FB4EF2280041F62922CB
:10F4200041F22173C0F20320C0F20422C0F204238F
:10F43000E821F5F711FBD4D42DE9F04F87B08946C8
:10F44000C16B1E46044611F0E04FD9E903700592E6
:10F4500006900BD0D9F80020236C934208D14FF6C8
:10F460000043059AC0F20F031A4218D1002523E089
:10F47000D9F80450D4F844C0AC455FEA0F9EAB42C3
:10F480004FF600455FEA0E83C0F20F0594455FEA30
:10F490000382059B2B424FF000050DD062B9C6F3E5
:10F4A0008922C1F3892191425FD04FF000053CBF12
:10F4B0004FF60045CFF6FF754FF600420599C0F2B2
:10F4C0000F0201EA020A00BF8046834640F2FF3085
:10F4D0006FF39F2B834558EA18906FF39F2000F13C
:10F4E00008018F4241D3381A0021071FD9F80000C4
:10F4F000CDE90007042306A80290042003902046CB
:10F500002246FEF781FD90BB0698BAF1000F00BAC3
:10F5100080EA080020F0004006901CD008F0E0418E
:10F52000B1F1804F17D1711BC8F38923C1F3892230
:10F53000934210D84FF60042C0F20F021140002251
:10F54000C4F21002114388450FD040F2FF3248F355
:10F55000912191430D44711B059A81EA08011142E2
:10F56000B2D140F2FF30834504D16FF0010007B003
:10F57000BDE8F08FDDF848A010983844D9F80010A5
:10F58000D3455BEA3A860430CDE9001000212046DD
:10F5900022463346119FCDE90276FEF735FD00285D
:10F5A000E5D1B819AAEB06010CF099FF05EB0800AC
:10F5B000DDE72DE9F04383B00C46096811F1030F34
:10F5C00001D9002016E00546C06E814236D2A86EF1
:10F5D00099469046A368826987681344013BB3FB50
:10F5E000F2F303FB02F66268E3680096B84701286D
:10F5F00033DA10B103B0BDE8F083B9F1000F13D0D6
:10F600004FF0FF30C8F80000D4E900303246E1681E
:10F610008DE843002846414600F02EF80028E9D442
:10F6200002D06FF05300E5E7A96EE068FF22896A17
:10F630000CF050FF4FF0FF302060C2E74EF2280080
:10F6400040F2A54241F20B13C0F20320C0F20422A3
:10F65000C0F20423B321F5F7FFF94EF2280040F27F
:10F66000A5424EF63C43C0F20320C0F20422C0F291
:10F670000323B721F5F7F0F92DE9F04F87B0DDF856
:10F6800048A0BAF1000F26D0984691460E4607468C
:10F690004FF0000B05AC00BFAAEB0B051098082D2E
:10F6A000A9EB0B0328BF08255844CDE900800021B1
:10F6B00038463246CDE90245FEF7A6FC88B91198D6
:10F6C0002A4600EB0B0120460EF0B6FB002804D1C1
:10F6D000AB44D345E0D3002003E04FF0010050EAF3
:10F6E000409007B0BDE8F08F2DE9F04F85B00D4692
:10F6F000496BEC6A8C4268D90746601A834253EA28
:10F700003088B8F1000F60D0164605F1400405F1CD
:10F71000380A05F13C0BCDF8108000BF00BF00BFD8
:10F72000286B420305D5BA6ED369DBF800209A42F4
:10F730001AD1C2020CD4D5E90A2338468DE8020C4E
:10F74000214600F00DFA002840D1286BE96B05E056
:10F750006FF00102CAF80020CBF8001040F48020BE
:10F760002863BA6ED3690A46991A884558EA3189DE
:10F77000C0020DD4DAF80000CDE9000200213846BD
:10F780002246CDE90269FEF73FFC0FE000BF00BF53
:10F79000A8880021C2F2100141EA802005F1080189
:10F7A0008DE8450238462246FFF746FD70B9686B82
:10F7B000EA6B00EB0901B8EB09084E44696302EB00
:10F7C0000900E863ACD1049800E0002005B0BDE872
:10F7D000F08FD4D4D4D4D4D42DE9F04F93B00F46C5
:10F7E00091F832101E469246C90683461AD5F96A28
:10F7F000786B82198A4252EA8181DBF87C2091423F
:10F8000010D9F8633946DBF86C00CBF86000584635
:10F81000FFF75EFC05460028386B40F0968120F427
:10F8200080103863002E00F08C8107F140093246C9
:10F8300007F1380005900B96386B810320D4C00285
:10F840007E6B00F1348106922EB3D7E90A23701E35
:10F850000090059801900FA802905846494600F084
:10F860007FF9002840F06F81DBF86810F86CFF2208
:10F87000896A0CF02FFE4FF0FF3038640BE000BFB8
:10F88000DBF86810FE6BC9698E4240F02981C00226
:10F89000069200F10A81DBF86C00CBF86000D7E932
:10F8A0000D400D90584612A9FEF76AFB002840F063
:10F8B0004A81661EA4F109000790CDF828A00C9497
:10F8C000CDF83890CDE90876DDF8488058464146B5
:10F8D000FFF787FC10F1540100F0D680002840F0BB
:10F8E000EB80002C00F0ED80DBF86800C069A0F12F
:10F8F0000801B14204D90021A1463AE000BF00BF8F
:10F90000B6FBF1F24FF055364FF03334013A4FF079
:10F91000013C06EA5203D21A04EA920322F0CC32E6
:10F920001A446FF0030302EB121222F0F03202FBD2
:10F930000CF203EA9252079B9A1AB2FBF1F206EA22
:10F9400052035143D31A013204EA930623F0CC3315
:10F95000334492FAA2F203EB131323F0F03303FBC8
:10F960000CF31B0E01EB83010C9BA3EB0109B2FA14
:10F9700082F1814534D14C1C00260DF140090D98CF
:10F980001090049100BF00BF012358460E995A46BB
:10F990004FF0040ACDE90086CDE9029AFFF7B4FCE6
:10F9A000002847D1013C54D01098CDE90006002131
:10F9B00004230420039058465A46371D0DF1400990
:10F9C000CDF80890FEF720FB3E4608B92FF025C081
:10F9D0004FF0010A0546089F46E000BF00BF00BF88
:10F9E000B9F1000F6FD00024CDF8109000BF00BF18
:10F9F0000D98CDE90004002158465A464B464FF079
:10FA0000010A0DF14706CDE9026AFEF7FDFAB8B921
:10FA100001230120039058460E995A46CDE90084EF
:10FA20000296FFF771FC68B9B9F1010904F101040C
:10FA3000DED134E010F15401089F15D04FF0010AD7
:10FA4000054611E010F15401099E12D14FF0040A4D
:10FA500012E00499089F042000254FF0010A00EBF2
:10FA60008100C7E90E8000BFDDF838900C9C099E2C
:10FA700005E04FF0010A0546DDF838900C9CBAF11C
:10FA8000040FDDF828A018D14FF0FF30C9F80000AE
:10FA9000584612A9FEF774FA002854D114E7DDF88D
:10FAA00028A0DDF83890049E10E07E6B069A6FF077
:10FAB0000100C7E90E060CE00546002D44D1FE6B9F
:10FAC00006E0002602E00026DDF83890C7E90E8641
:10FAD000069A386B40F400303863DBF86800C1697F
:10FAE000881B90460B9E824252EA308400BF00BFC2
:10FAF000D7E90E01CDE900010123584649465A468F
:10FB0000CDE902A4FFF700FC0546543008D1584661
:10FB10003946FFF7DDFAB0B92FF017C000BF00BFBC
:10FB200095B9786BF96B204478630819F863A2449F
:10FB3000B8EB0402DBF86C00CBF860007FF47CAE1D
:10FB400007E0002605E00546386B2E4640F400200D
:10FB50003863304613B0BDE8F08FD4D4D4D4D4D4B5
:10FB60002DE9F04F87B0069253B18246806E8946E8
:10FB7000591EC069109C0838884205D9002721E029
:10FB800000234FF0FF307EE0B1FBF0F14FF0553233
:10FB9000013902EA5102891A4FF0333202EA910226
:10FBA00021F0CC3111444FF0013201EB111121F061
:10FBB000F03151436FF0030202EA9151591A0939A9
:10FBC000B1FBF0F7A04202D90594002630E0B4FB67
:10FBD000F0F14FF055324FF00135013902EA51038F
:10FBE000C91A4FF0333303EA910621F0CC31314486
:10FBF0006FF0030601EB111121F0F031694306EAC1
:10FC00009151611A0839B1FBF0F602EA56017043CE
:10FC1000711A03EA910221F0CC31114401EB111168
:10FC200021F0F0316943090E00EB8100241A05949C
:10FC30004FF0040B06AD4FF0FF3400BF00BF00BF14
:10FC4000B7421ED9B81B97FAA7F1B0FA80F0042387
:10FC5000B1FA81F1C0F11F004A46CDE9025B88424A
:10FC600050EA318806984FEA8801CDE90001002169
:10FC70005046FEF7C9F904FA08F10F4440B92FF0D5
:10FC800021C8DDE90530DDE91112086000201360AC
:10FC900007B0BDE8F08FD4D42DE9F04FAFB01E46C9
:10FCA00093460F460D903F9809903E990024DDE958
:10FCB0003C050790CDE90E44DDE93A090C9000209F
:10FCC0000A90DDE9388ACDE905950A9D0B910C99DA
:10FCD000089400200C91C7F6F07001EA000900BFFB
:10FCE000F043F968800556EA16906FF39F20584458
:10FCF000041D8C4220D23868CDE9000410A802907F
:10FD0000042003900D98002104230246FEF77CF99D
:10FD1000002840F03E8110980EAAA34600BA704019
:10FD200040F00040109039680E91211D0F91064659
:10FD30000AE000BF00BF00BFBAF1010F54DBF8E8D2
:10FD40000202AAF1010A109080EA050119EA010FE6
:10FD5000C6D14FF600410A95C0F20F010C9DDDF8A7
:10FD600014900D4200F01181089CDDF818E0032C7E
:10FD700080F01281C4EB04130DF1440C013408949B
:10FD80000CEB83014CF823700A9BDDF838C04D6101
:10FD90008B61079BCB83099B0B9DC1E909530B46E4
:10FDA000A1F820E0DDF83CE043F82C0F01F1300031
:10FDB000A1F81C904FF0000980E8045040F2812027
:10FDC0000025C1E901B6C0F203200695A1F82290F2
:10FDD000C1E9038A002109930B9000200790059048
:10FDE00077E700BF00BF00BF0020089C002C11AACD
:10FDF00000F0CF8000BF00BF013CC4EB041002EB59
:10FE0000800152F82070D1E905300A90B1F81C90B9
:10FE1000C88B0D8C0790D1E901B6486A0B90D1E9E7
:10FE2000038A886A0990886B0F90486B0E90D1E91D
:10FE30000B0210904FF600410C93C0F20F010B42E1
:10FE40000DD01FFA89F1C0F389238B420B99FFF47F
:10FE50003AAF079989B28B420B99BFF434AFC0F324
:10FE60000A530B990BB92FF0D3C040F201118B420A
:10FE700036D0B3F5817F7AD181050B993FF423AF5A
:10FE800029B20894CDE905958902049102F104098B
:10FE9000002400BF00BF00BF4FF6004219F8041C49
:10FEA000C0F20F02049D1040D9E9002328441843F2
:10FEB0000B9B40EA015040F04051099898470028B8
:10FEC00067D409F10C0906D11098013401466FF38B
:10FED0009F218C42E0D30B99089CDDE90595F2E661
:10FEE00040F281210B9BC0F203218B423FF4EBAE29
:10FEF000C4EB04130DF1440C01340CEB83014CF8FA
:10FF000023700C9B4B610A9B8B61079BCB83C0F3D7
:10FF100089236FF39F20C1E901B6471C07972F1A69
:10FF2000C1E9038AA1F81C900D844FF0000AA1F8E2
:10FF300022A0FD180B9F4F62099BC1E90A3A4FF0BE
:10FF4000FF36C1F838A08146C1E90CAA4FF600413E
:10FF5000C0F20F014FF0000801F1C0410C914FF0C9
:10FF600000510A91394617464FF0000BABE629B213
:10FF700006950B9D00EB81210998A847002808D41D
:10FF80002946069D3FF49FAE30E7089C2B46069D10
:10FF900050E72FB0BDE8F08F4EF228004FF63262E6
:10FFA00040F2B243C0F20320C0F20322C0F20423A5
:10FFB00040F2B631F4F750FDD0E9000394460A460A
:10FFC0001946634600F000B82DE9F04F87B0164699
:10FFD000D24392050C4656EA1695496862696FF35A
:10FFE0009F2529440431914202D96FF01B003FE064
:10FFF00026F0004A0746A068994680EA0A0006AA49
:020000040203F5
:100000000423214600BA0690384600F07AF978BBFE
:10001000B6F1FF3F07DD384621464A462B4600F041
:1000200070F910B324E005B300264FF0010B0DF179
:10003000170800BF00BF00BFD9E900013A463144AC
:10004000CDE90001002138462B46CDE9028BFDF7B2
:10005000DBFF68B9012338462146424600F051F9DA
:1000600030B9013D06F10106E6D1C4F808A0002030
:1000700007B0BDE8F08FD4D42DE9F04F8BB0826E7D
:1000800004460D464868D2E9061200F11403934273
:1000900053EA32820A44013AB2FBF1F202FB01F662
:1000A000B04280F0BD8008A94FF0000904310591ED
:1000B0000021069100BF00BF011D40F2FE33721AFD
:1000C0009A4252EA338202EB010AA6F114018A45F0
:1000D0005AEA3181B24551EA3A8807914FF0FF015F
:1000E0008DF82B1004D24FF60041C5F20F0148E005
:1000F000A16ED1E90631C91A8A454FF60041C5F211
:100100000F013ED82868CDE9000A00210DF12B002F
:1001100002900120039020462246FDF775FF18B19A
:1001200010F1540140F0A980A06E2B68214682692D
:100130004FF0FF3009900598029020460892CDE9D3
:1001400000A200F0FDF810F1540102D0002840F0A8
:1001500094804FF6084220462946C5F6FF7208AB48
:10016000FFF732FF002840F088809DF92B004FF602
:100170000041C5F20F01B0F1FF3F6868C8BF01F54B
:100180008011A8EB000008AF021FD5E9023041EA58
:10019000020B04228BEA030109BA0891394600F0E8
:1001A00047FFE8600990D5E90001CDE9000100238F
:1001B00008200390204604F1100122460297FFF721
:1001C000A3F8002859D1B9F1000F04D16868E96893
:1001D00000F1040906919DF82B008021B245C5F875
:1001E000048021EA00008BEA0060A8604FF0FF3035
:1001F000E86009D2A06E6169806A0844079981426B
:1002000002D2079808E000BF204604F11001224600
:1002100000F0C7F888BB6868B042FFF44DAF03E058
:10022000002006904FF0000928694FF0FF31089137
:1002300009F104022B68A9EB000108AE8DE8430028
:100240002046214600F07CF8B8B906990898884203
:1002500011D12B6804200422CDE901062046214655
:10026000CDF8009000F06CF838B90898002818BF55
:100270006FF0530001E06FF053000BB0BDE8F08F5A
:10028000B0B503684FF6004EC7F6FF7ECA0074464D
:100290006FEA030258BFA4F17F6492054FF0010C8E
:1002A0004FF000021CBF83EA010514EA050402D1E5
:1002B00002606046B0BD4FF6004201EA0E05C0F292
:1002C0000F021A4042F0804242F07F62954201D113
:1002D0000022EDE701F0E042B2F1804F05D1C3F317
:1002E0008922C1F38925954202D94FF0000CE0E73D
:1002F00040F2FF3241F391214FF0000C91435A1824
:10030000D6E7F0B585B00D461C46164600F1100143
:10031000D5E90023CDE9002300230246CDE902649C
:10032000FEF7F2FF074640B9E8683146224600F082
:100330007FFEE860686820446860384605B0F0BD1C
:100340002DE9F04F87B0119E049336B391468B464A
:1003500007464FF0000A05ACA6EB0A051098082DD9
:10036000A9EB0A0328BF082550440499CDE90010E1
:10037000002138465A46CDE90245FDF745FE68B9E9
:10038000DDF8488021462A46D8F8000000F050FEEB
:10039000AA44C8F80000B245DED3002007B0BDE88B
:1003A000F08F10B504464FF0FF3010600023204658
:1003B000FFF7FFF820B9A06E01698847012800DA2D
:1003C00010BD4EF228004EF697724EF63C43C0F236
:1003D0000320C0F20322C0F20323DD21F4F73CFB2B
:1003E000CA43920551EA1192014600686FF39F22B9
:1003F0000244002004320A6070472DE9F0418CB0BD
:100400000D4604A91E4617460446FDF761FD10B1CE
:100410000CB0BDE8F081EA7D1498DDE912188DF882
:100420002720D5E90623CDE90A23009104A9CDE9C7
:10043000018020463A46334600F026F80028E7D4EB
:10044000DDE90412C5E906120123EB75206A2F6865
:1004500087420CD0636A6E689E425FEA1F959F4296
:100460005FEA1F9386425FEA1F902B430343B8F174
:10047000000F4FF00000CBD1002BC9D0C4E9081207
:10048000C6E7D4D4D4D4D4D42DE9F04F95B00D46DA
:100490000446806E2E4698469246416A56F8080FEA
:1004A000012900F1010014DB0131306041F001014C
:1004B000B0FBF1F202FB110161B9286878B10128A3
:1004C0004FF0000B4FF001090DD0686801280AD9E0
:1004D000FDE030604FF000094FF0000B03E04FF0FB
:1004E000000B4FF0010996A0A26E69680F9190ED84
:1004F000001FD06C8DED101F00B9D0690838149022
:100500002046FEF76EFE10F1540100F0E080002856
:1005100040F001810FAF0423204639463246FFF7F1
:10052000F0FE10F1540100F0D280002840F0F3807A
:100530001F9BCDE90D4758424FF6B9774FF6004261
:100540000DA9C0F2022700B2C4F20F02CDE90223C6
:10055000209A4FF0FF33CDE9042000222046CDE958
:1005600006711E99CDE900A8FFF796FB10F1540122
:1005700000F0AD80002840F0CE802B4653F8180FD5
:1005800001301CBFE86910F1010040F08E805FEA85
:10059000CB714FF000000C900B90CDE909101AD1EF
:1005A00040F6FF70EDEE100A0AA831FE4D8F94ED73
:1005B0000F1F90ED003F02FF500131FE4D4F80EDC7
:1005C000001F94ED0C3F90ED001F00FF520171FEE3
:1005D0004D0F80ED001F0AAA40F6FF70EDEE100AE5
:1005E00071FE4D0F94ED121F40F2FF3071FE4D0F62
:1005F00092ED003F02FF500171FE4D0F82ED001F92
:100600000A9921EA00000A9020462946FEF74CFC90
:10061000002840F0808002200AA9002200BF00BF0D
:1006200051F8043B013842F1000713B90FB12FF024
:1006300009C86BB14FF60C420FA9C7F6FF720AAB9F
:100640002046FFF7C1FC10F1540140D0002862D1D0
:100650000FA92046FFF710FD10F1540137D00028F4
:1006600059D1A16E10988969B0FBF1F202FB11011A
:10067000002953D1D5E90012C5E90021DDE91F2188
:10068000891AA9821199C5E9030109990020A0647A
:10069000C4E9130031B904F1300104F13C0091E8E0
:1006A0008C008CC00BF0010035E0E87D4FF608416E
:1006B000C6F20F0141EA00520FA92046FFF784FC61
:1006C00010F1540103D000283FF461AF23E04FF054
:1006D000FF3020612868E0B101286FF01B001AD0BC
:1006E000294651F8042F022A15D32046FDF748FC6D
:1006F00010F11C014FF0010B5FEA1F9130B111EABC
:1007000009014FF000097FF4EEAE04E04FF000095C
:10071000E9E66FF01B0015B0BDE8F08F4EF228003F
:100720004EF241024FF60743C0F20320C0F203220B
:10073000C0F2032340F60601F4F78EF900BF00BFB4
:1007400000000000FFFFFFFFFFFFFFFF00000000B1
:100750002DE9F04F9BB00546C06E1646099338B19F
:100760003268824280F0CE817268824280F0CA8113
:100770000DF16009002701244FF0040B4FF0000831
:100780004FF0000A0A9109F104000E90CDE91877A4
:1007900056F82800CDE900070021042328462A4600
:1007A000CDE9029BFDF730FC10F154010DD000287B
:1007B00040F0AA8188F0010018AAD9F8001052F878
:1007C0002000081A002858EACA8A4FF00108E007FA
:1007D0004FF000004FF00004DDF83890D8D10AF057
:1007E0000102DDF828A00DF1600C82F0010756F837
:1007F00022304CEA82025146CAF8003056F82730BF
:10080000126841F8082F012248604FF0FF3012AC07
:100810004FF0FF3B41F8043C4CEA870305930691F7
:1008200008920422CDE916004FF0FF3000F000FCE2
:100830004FF000084FF0FF37139000200790CDE9EC
:100840000B0BCDE90DB000BFF843A96E80052A4619
:1008500057EA1790CB69002100266FF39F20404490
:1008600000F10408DAF80000CDE900080420039044
:1008700028460294FDF7C8FB002840F01581139824
:1008800004222146A34600F0D3FB129909BA81EA5B
:100890000709CDE91290B9F1FF3F40F30E816FEAED
:1008A0000900A96E800508F1040759EA1990CE697C
:1008B0006FF39F203918B14200F2FD8009F0F0413A
:1008C000B1F1A04F3CD1DAF80000CDE900070021DA
:1008D00011A802900420039028462A463346FDF7CB
:1008E00093FB002840F0E48011981399814240F076
:1008F000E2801298042200F4801013A949EAC0296A
:10090000E86A00F095FB1299E862CA43920551EA41
:1009100011916FF39F217818CAE903090E98AAF87C
:100920001400DDE91601CAE906010B9800F0010088
:100930008AF817004FF0FF3013900D980C9087E065
:10094000DAF80030CDE9007013A802902846294655
:100950003246FFF7F5FC002840F0AA80129C4FF4C5
:10096000E06000EA1451B1F5C06F22D0B1F5806F9C
:100970004FEA14500AD099BBC4F389200E9A411C47
:1009800092B28A4252EA80900E9059E04FF60041AE
:100990000022C0F20F010D9BC4F6F0721940114302
:1009A0008C420E9941FA80F10E9136D143F000430A
:1009B0003EE0A86E00212A460026C3690A98006816
:1009C000CDE9000716A80290082003902846FDF7FD
:1009D0001BFB002840F08F80C4F300500B902FE0E9
:1009E00040F2FF516FF3DF20884229D1A86EDDF875
:1009F00028A000212A46C369DAF80000CDE90007E3
:100A000014A802900820039028460026FDF7FCFA5F
:100A1000543058D00120079014E0591C0AD0C3F379
:100A20008921C4F389228A420AD8000603EBA03345
:100A30000D9305E04FF0FF300D9000BF00BF00BFE9
:100A4000DDF828A024981299099A4840104202D053
:100A50004F465C46F8E6DAF80000CDE90F07279824
:100A60000FAA269B9847002822D4129914D00D9FD4
:100A70004FF60043C7F6FF7381EA07021A420DD012
:100A80000228E5D1C7F38920C1F38922824298BFA9
:100A900041F000470D97DBE70D91D9E74FF0FF30AC
:100AA0000D90D5E700BF00BF10F154012CD10BE031
:100AB00010F1540128D1002605E007F0F040B0F114
:100AC000A04F5FEA1F965C46DAF80C00F8B9059A69
:100AD000DDF830B0DAE90001CAE9001008981268C0
:100AE000C007CAF808204FF0000206994FF0FF3007
:100AF0007FF496AE06E010F15401DDF828A05C46C4
:100B000002D1E1E76FF053001BB0BDE8F08F002E7B
:100B10000C9E4FF000018AF8161028D0A96E8A6941
:100B2000B0FBF2F303FB1202079B002A5FEA1F925D
:100B30001A40012A1BD14FF0FF321292CA69DAF82B
:100B4000003014998DE8130028462946FFF7F8FB7A
:100B500010B110F1540106D11599129A8A425FEA38
:100B60001F918AF8161010B110F15401CCD1E86B26
:100B700010F0E04F16D0DAF80020296C914208D12D
:100B8000C6F38921C0F38920884225D146F000466A
:100B900008E06B6C9342F3D0DAF80420934218BF5C
:100BA0009142EDD0259A3AB1BAF81400C6F38921E2
:100BB000814251EA30801080B6F1FF3F01DD3046BE
:100BC000A2E7BAF81400C6F3892181424FF0000071
:100BD00038BF6FF0010097E7721C259A04D0884255
:100BE00038BFA6F58066DEE74FF0FF36DBE7B0B52D
:100BF00086B005460068D2E900240DF1100E816E22
:100C00004FF0080CCB6900F110018DE8144002464A
:100C1000CDF80CC0FDF7F8F978B96968049A8A42F2
:100C200001D1002009E0AC68059B0020A34218BF59
:100C3000A24202D08B425FEA0F9006B0B0BD70B501
:100C400084B00C4606466FF39F240068D6E9011372
:100C5000A34253EA3485D2E90032CDE900210146AE
:100C60002A460295FEF708FD40B9B068A04201D1BE
:100C7000002003E04FF0010050EA309004B070BD56
:100C800070B594B0044690F83100800738D4E06B1A
:100C900010F0E04F2FD00025C4F6F07505F140515B
:100CA0000840A8425BD104F1400200264FF0FF301B
:100CB000CDE900060CA94FF0FF332046CDE90266CE
:100CC000FFF746FD002843D14FF60042E16BC0F22A
:100CD0000F02206B11406FF39E20C4E90C0641EA1D
:100CE00005000CA906AACDE9060601232046A66345
:100CF000FDF731F960BB01212046FDF7A5FC27E097
:100D000004F1200200204FF0FF31CDE900100CA9C2
:100D10004FF0FF33CDE902002046FFF719FDB8B9C7
:100D200001201821C0F202000690A06EC2F210014C
:100D300004910CA9C069079006A8059004AA012394
:100D4000204694ED1B1F8DED081FFDF704F908B137
:100D500014B070BD206B20F40070206397E74EF252
:100D600028004EF251024FF24D03C0F20320C0F2B0
:100D70000322C0F2032341F22631F3F76DFED4D4EF
:100D80002DE9F04F8DB099460E460746D2F8008007
:100D900008921BB140F2FF30A9F800004FF6004165
:100DA0003546C0F20F014FF28D34386A45F8180FFE
:100DB00001F5001AC0F20324786A68600796CDE94D
:100DC0000595404621460DF06BF88044214640468B
:100DD0000DF04BF8834602280AD0BBF1010F0DD16C
:100DE00098F800002E2809D1D844EAE700BF00BFD8
:100DF000B8F8000042F62E618842F5D008EB0B05EA
:100E00000126099500BF00BF284621460DF048F88D
:100E100005EB0009214648460DF027F8022803D0CB
:100E200090B107E000BF00BFB9F8001042F62E6293
:100E3000914203D0013609EB0005E5E7013EFAD106
:100E400009F10208BDE700BF98F80000002854D05F
:100E50000020C7F6F07000EA0A00B0F5001F0898FD
:100E6000C0F800804DD14FF60041DDE90656C0F2D2
:100E70000F010AEA0100884213D008214FF6004210
:100E8000C2F20001C7F20F0240EA01030020CDE9DF
:100E900000050820029038463146FEF7CDFA0028BA
:100EA00032D4DDF8149000BF2F2140460CF0D2FF61
:100EB00000284FF0000059EA00800AA9CDE900B0EF
:100EC00040F63F404FF0F043C0F2032081E8800934
:100ED00002900AA80390384631462A46FFF738FCAC
:100EE0008246002809D403D1F07D20B12FF025C01F
:100EF000DDF8248065E76FF0010A50460DB0BDE8CB
:100F0000F08F6FF0130AF8E78246F6E770B582B00B
:100F100016460C4600F1480231460546FDF7C4FF6F
:100F200080B9F07D4FF60841C6F20F0106F11802B4
:100F3000012341EA0050CDE900026A4628462146D5
:100F4000FDF709F802B070BD0146026800200132C9
:100F50000A607047D4D4D4D42DE9F04F89B0129EE2
:100F6000CDE90512002E5FD08246806E711E1C46B0
:100F7000C0690838DDE91357884201D900261DE011
:100F8000B1FBF0F14FF05532013902EA5102891AF2
:100F90004FF0333202EA910221F0CC3111444FF08C
:100FA000013201EB111121F0F03151436FF00302D6
:100FB00002EA9151711A0939B1FBF0F6384621461F
:100FC000A84790BB00217EB306F001088946C8F10E
:100FD000020B01914FEA8B0307A8CDE902035046AB
:100FE000DDE905120094FDF70FF8F0B988F001046F
:100FF000002100BF00BF00BFA14209D207993846B7
:10100000A8474FF0010180B92FF00BC000BF00BF0F
:1010100007A8A6EB0B0650F8244038462146A847FF
:10102000494610B92FF031C8002009B0BDE8F08F53
:1010300080B542F019C043F6200CC0F2042C00BF6A
:1010400011F8013B434003F00F025CF8222082EAD2
:101050001313120903F00F0382EA10205CF8233007
:1010600058400FF013C880BDF0B58BB0022705467D
:10107000CAF6AA270C463846BE1E0A964FF0AA3179
:10108000099101964DB144B1696831B1226822B12C
:10109000236A13B11143890735D0019001980A9052
:1010A0000A98B0F1553F24D10A9640F25551206874
:1010B000A0F80C15A08988420AD1226A01A9202033
:1010C000904709900998B0F1553F18BFB81C04E04B
:1010D00001A80021202206F07FF80A900A98B0F1BA
:1010E000553F06D101A9284622460A9600F034F859
:1010F0000A900A98B0F1553F02D0204600F01CF942
:101100000A980BB0F0BD2968B1F5995F0DD0B1F523
:101110007C6F06D0B1F5206FBFD1E18941F2111289
:1011200006E0E18941F2221202E0E18941F2331244
:101130009142B2D1A18940F6AA2040F25552814293
:10114000384608BF4FF05530914208BF4FF0553038
:10115000A3E7D4D4D4D4D4D470B584B01446002634
:1011600048F62333CAF6AA2602964FF0AA32C3F6EF
:10117000D0230192A36041F22213E2890D46216837
:101180009A4226D041F211139A4247D15AA292EDC7
:10119000001F5DA281ED001F92ED001F4FF4BA32D7
:1011A0000A6281ED041F27224A6220228A62039686
:1011B0004068C86200F120020A6300F140024A63FD
:1011C00000F180028A6300F50072CA6300F5607066
:1011D00048E041A292ED001F43A281ED001F92ED75
:1011E000001F4FF6007281ED041FC0F203020A6275
:1011F00031224A6230228A6203964068C86200F156
:1012000020020A6300F140024A6300F180028A630F
:1012100000F54072CA6300F5C06023E03EA292ED83
:10122000001F41A281ED001F92ED001F4FF60072DA
:1012300081ED041FC0F203020A623C224A6240228E
:101240008A6203964068C86200F120020A6300F1D6
:1012500040024A6300F180028A6300F5487200F59B
:10126000C460CA6308644FF055300390039802903D
:101270000298B0F1553F21D1029601F5A161226A91
:101280000420904701900198B0F1553F1FD120688C
:10129000202200F5A260294606F022F8029002986A
:1012A000B0F1553F15D14DF67331A068C0F2790108
:1012B0000844A0604FF48850A0800AE0029803968A
:1012C000B0F1553F56EA00800390039800E0301DCE
:1012D0000290029804B070BD0600000005000000F6
:1012E00000030000800200003CFF07003CFE0300FA
:1012F00037000000000008000400000004000000A7
:101300000003000040020000B2FF0100B2730100C0
:10131000500000000000020008000000070000006C
:10132000000400008002000088FF070088FE030020
:101330004B0000000000080078B3014643F22D4244
:101340000020CEF2C76288808A60086828B310F057
:10135000030222D180B582B0C98941F211129142B3
:10136000D0F8082501920DD041F23312914206D0F7
:1013700041F22212914208D141F2107207E041F687
:10138000105204E041F2101201E04FF4A26201A9F0
:1013900005F04EFF02B0BDE880407047F0B585B063
:1013A00000260746CAF6AA260C4602964FF0AA3037
:1013B000019006F102000396B7B1ACB1396811F1A2
:1013C000250F014611D8216871B1226962B1E26925
:1013D00052B1136843B1536833B1926822B17A684D
:1013E0001143890700F09880014603910399B1F1F8
:1013F000553F0FD1039621690A68531EFE2B12D860
:1014000049688A07024608BF4FF05532002952EA60
:1014100010810DE003990496B1F1553F56EA018120
:101420000491049904E00146002A08BF4FF05531A9
:1014300003910399B1F1553F0ED10396616941B112
:101440004A6892B112F003020FD109680139FF29ED
:101450000BD24FF0553109E003990496B1F1553F95
:1014600056EA01810491049900E001460391039931
:1014700002910299B1F1553F43D1029641F2111107
:10148000A08888422BD0B0F5885F36D12068E36908
:10149000D4E90421B0F80C55406B009500F04FF8EA
:1014A00002900298B0F1553F2CD10296E069D7E93D
:1014B00000214368C068984701900198B0F1553FFA
:1014C0001DD141F21110A0804FF0553002904DF621
:1014D0007331A068C0F279010844A06012E0E069AD
:1014E000D7E900214368C068984701900198B0F19E
:1014F000553F04D14FF0553003E0701C01E006F178
:10150000080002900298B0F1553F02D02046FFF744
:1015100013FF029805B0F0BDE28941F211118A4231
:101520004FF055313FF461AF41F222139A423FF43C
:101530005CAF41F233139A4218BF014655E72DE9DB
:10154000F04383B040F200080746CAF6AA28CDF857
:1015500008804FF0AA3001900D46002000901968D5
:10156000D8681C461646DDF828908847019040222E
:101570006368E0683946984740F25551019A104334
:101580000190894525D115B101208DF800006368CF
:10159000E0686946012298470199012208430190B9
:1015A0006368E068314698470199084301903268C2
:1015B00032B16368E0687168984701990843019007
:1015C0003DB16368E068D5E9002198470199084377
:1015D00001900198B0F1553F18BF08F10800029042
:1015E000029803B0BDE8F0832DE9F04FADF5697DB9
:1015F00040F200090446CAF6AA29002809F10200AF
:101600000B91CDF8A890CDF8F89054D0216800291E
:1016100051D0A269002A4ED01368002B4BD05368DA
:10162000002B48D09268002A45D0E269002A42D0B7
:101630001368002B3FD05368EBB39268DAB30B9A70
:10164000CAB3A26ABAB30B9B5B68A3B31143194335
:10165000890730D10B9A40F6741112688A422AD356
:10166000E18941F2111399420FD040F6ED439A42BD
:1016700021D341F22213994207D041F213239A4217
:1016800019D341F23312914215D1626AB2F5226F39
:1016900008D0B2F5F46F08D0B2F5A46F0BD141F2C7
:1016A000111204E041F2331201E041F222129142A0
:1016B00008BF4FF055303E903E982A902A98B0F1DE
:1016C000553F41F03586CDF8A89041F21111A08820
:1016D000884241F09A854DF67331A068C0F27901D5
:1016E0004FF000080844A060CDF8C090CDF8BC9041
:1016F000CDF8B8804FF0AA3ACDF8B4A02CAD26684A
:10170000E06906F2444740212C91D0E90230394685
:101710002A46CDF8AC8098472D90E0690168C068F2
:1017200088472D99202208432D90E069316B43684A
:10173000C06898472D99202208432D90E0692168C0
:1017400001F5A2614368C06898472D99402208437B
:101750002D90E0693946099737464368C068984735
:101760002D992A4608432D90E06906F28441119193
:10177000D0E9023098472D9908432D902D981A945E
:10178000B0F1553F09F1080041F05E85139007F56F
:10179000A2600E904EF20100C0F27F0041F6FF7B86
:1017A000CDF8B4A08246CDF8BC8007F5A1601690B4
:1017B00007F144001B90DEA8CFF6807B00F1080102
:1017C0000230179007F2155005903EA8149107F2C9
:1017D000C4410A9107F2CC41109107F21B510491C8
:1017E000811C08910430079007F2125006900020E7
:1017F0001290159700BF00BFCDF8C0900422B86AC0
:101800002C902BA8169905F013FD2F9908432F90C3
:101810003868216800EB400201F5A2601202002145
:1018200005F0DAFC2F9908432F90F8682390F86AA6
:1018300022902B9821904FF0AA303C90CDF8EC905C
:10184000CDF8E8902168182039904FF055303A9043
:101850000868002800F0388101F5A1602090002080
:10186000CDE9241000BF00BF4868002800F02081A7
:1018700025980E9900EB400001EB002028900020F5
:10188000269000BF00BF00BF269925988DF8D10093
:10189000129808448DF8CC00000A8DF8CD0020463F
:1018A0008DF8D010E469C7890020CAF6AA203790C5
:1018B0004FF0AA30359023983D902168E068884722
:1018C000359040226368E068119998473599022263
:1018D000084335906368E06833A9984735993DAA75
:1018E00008433590D4E902303EA99847359908431A
:1018F00035903598B0F1553F13980FD141F2111042
:10190000874205D13EA81B9904F022FC04E000BFE9
:101910003EA81B9904F060FC4FF055303790379883
:101920003B903B981A9CB0F1553F40F0C18000209D
:10193000CAF6AA203B90219800901B98209A014655
:10194000134604F0B9F93A9908433A90A06901683E
:10195000C06888473C902022A06922994368C068EB
:1019600098473C99022208433C90A06934A94368F7
:10197000C06898473C994FF00009084300213C900B
:1019800000202791CAF6AA203B90A069DEA939AAB7
:10199000D0E9023098473C9908433C90399F3C99E4
:1019A000B1F1553F68D1002F55D0032217992997DF
:1019B0000B7831F8024C03F07F0344EA03435345AC
:1019C00040D21B98DDF8A0C04FF0FF3750F829A097
:1019D0008AFB036042F20100C0F28030704309EBE1
:1019E00049060CEB060809F10109A0FB0B454FEA7B
:1019F000E07E00FB075041F6FF7598F802B0CFF685
:101A000080750EFB05003CF80650CAFB03404EF201
:101A1000010A45EA0B43C0F27F0A41F6FF7B03440B
:101A2000CFF6807B002848BF534413EB0B00299F5F
:101A300053EA40800CF80600030A88F80130000CD5
:101A400088F80200B9F1FF0F05D8BA4202F103028B
:101A500001F10301ACD34FF055303B90B9F1FF0FCA
:101A600027990DD840F27E3039441A9C8142FFF408
:101A700087AF06E000BF00BF13983B9001E000BFB6
:101A80001A9C3B98B0F1553F12D1B9F5807F07D130
:101A900024982699013126914068814208D2F3E6C4
:101AA0000020CAF6AA2000F580503B9000BF00BF7E
:101AB0003B982499B0F1553F06D10868259A013228
:101AC00025928242FFF4D0AE40F200093A98CAF65D
:101AD000AA29B0F1553F18BFCDF8EC903B98309053
:101AE000309843F66007B0F1553F4FF00005159868
:101AF000C0F2042741F08C8301682B9800290D91D6
:101B0000CDF8C49000F0F4830021C0F580600C9003
:101B10000F9101EB4100CDF8C49010220E99CDF841
:101B2000EC9001EB002648F62520CDF8E890399599
:101B30003495C7F6CE103490DEA8169C214605F0E9
:101B400077FB3A903EAD23789DF8780380216022A0
:101B50000090284605F088FC3A99042208433A9000
:101B600033A8214605F064FB3A9948F277620843AE
:101B70003A90339B3498C3F30841C0F23F3210448B
:101B8000349057F821002790802040F001E0180C95
:101B9000CDE9180383F480702690249600BF00BF1F
:101BA00015F8010B299542F2010AC0F2803A00EBC8
:101BB000400280F0FF00289206EB420336F8124004
:101BC000279E9978B3F8037044EA014944F2600112
:101BD00089FB0645C0F204215D7904FB0AF411F883
:101BE00000B041F6FF704FF0FF31CFF68070A4FBDC
:101BF00000C247EA054004FB012241F6FF71E417E9
:101C000080FB0657CFF68071574604FB01282699C2
:101C100001EB0B0205FB0AF541F6FF71C9FB06C893
:101C2000CFF680716FF35F22A5FB01C443F660011C
:101C3000C0F2042151F822204FF0FF3105FB014B87
:101C400041F6FF7189FB024AED17CFF680717C43A4
:101C500005FB01BB3D46C0FB06CB4FF0FF36A4FBA6
:101C600001C704FB067AE41780FB027141F6FF719D
:101C7000CFF6807104FB01A107FB05F441F6FF7765
:101C8000CFF68077C9FB02C1A4FB075704FB067C93
:101C90000BEB080741F6FF78E417CFF68078249E17
:101CA00004FB08C4C0FB025407F58000C015091BE3
:101CB00000FB087001F580024EF20107D215C0F258
:101CC0007F07002802FB081148BF3844289A0029E2
:101CD00006F812004FEA10225A704FEA104048BF2F
:101CE00039449870080A1871D970080C5871299DE8
:101CF000399840F0553039900FF0AFC043F6600589
:101D00003998402702260124C0F2042540F05530BE
:101D1000399000BF00BF00BF44F26058DDF8549016
:101D2000C0F20428A8EB040099F809358279DEA8EE
:101D3000015D3EA80091394600EB070A05F094FBCF
:101D40003A9908EB040208433A90149812F8012CCF
:101D500099F80A353146005DCDF874A000905046E0
:101D600005F082FB3A99042208433A9033A8169969
:101D700005F05EFA3A99013408433A90339A1146D5
:101D8000C2F308406FF35F2155F82000379055F8F3
:101D9000210038903498110C209148F27761C0F2FC
:101DA0003F3121920844349044F260000021C0F297
:101DB0000420239600EB47001C90CDE91E4700BF8E
:101DC0003EA822911C9A219B405CC143A040515CDB
:101DD000209A01F580710A4419446FF35F226FF372
:101DE0005F2155F82220359255F82110369146F0A2
:101DF00001E025901D9800BF10F8011B299025983F
:101E0000DDF890C0014437A88AB201F00103520006
:101E1000269312FA81F84FF0FF340CEB080A06EB18
:101E200046013CF8085027919AF802203AF80160E0
:101E300045EA024250F823500AEB0100289085FB46
:101E4000023742F20101877842F20100C0F280308D
:101E5000C0F28031434341F6FF70CFF6807046EA0E
:101E60000749A3FB00B089FB056741F6FF7703FB39
:101E70000400DB17CFF6807703FB070006FB01F3B6
:101E800041F6FF71CFF68071C5FB02B0A3FB01766E
:101E90004EF2010B03FB0466DB1703FB0163C0F288
:101EA0007F0BC9FB0573184400F58003DB1503FBAA
:101EB0000100002848BF5844030A8AF80130269BD5
:101EC0000CF80800000C8AF8020035A842F2010C58
:101ED000C0F2803C4FF0FF3850F8230080FB023402
:101EE00080FB096703FB0CF3A3FB015403FB0844CD
:101EF000DB1703FB014306FB0CF4239EC0FB0253DC
:101F0000A4FB015204FB0822E41704FB0122C0FBDE
:101F10000952981A00F58002D21502FB0100002830
:101F200048BF5844279A289B0AF80200020A000C6E
:101F3000987029985A700FF0A1C88B462299399849
:101F40001F9F013140F05530399043F66005B9428A
:101F5000C0F204251E9C7FF433AF189820990844E2
:101F6000189039981999219A072C4FEA46064FEA9A
:101F700057071144199140F0553039907FF4CCAE99
:101F800015980DF1F8098021602290F80B359DF825
:101F90007F030090484605F067FA3A990422084307
:101FA0003A9033A8169905F043F93A994FF0FF3C5F
:101FB00008433A9048F27761339B3498C0F23F313E
:101FC0000844C3F308411A4634906FF35F2255F872
:101FD00021004FF4C071379055F8220001EB1341F6
:101FE00003F5C0726FF35F216FF35F22389055F8ED
:101FF0002100359055F8220036908020494640F067
:1020000001E042F20109DDF890A0C0F28039259389
:10201000180C23900AF5C070299000BF00BF00BFC4
:1020200011F8010B2891299F00F00101269100EB86
:1020300040020AEB02033AF802009D7840EA0548A4
:1020400037A850F82150B91885FB080627918E78DB
:1020500000FB09F4B85A41F6FF77A4FB0BA140EA54
:10206000064004FB0C11E34680FB056CE417CFF639
:10207000807704FB071141F6FF7406FB09F6CFF6E3
:102080008074C5FB08A1DDF890A0A6FB04C406FB84
:102090000B44F61706FB0744C0FB05C4DC4641F6BB
:1020A000FF7B2144CFF6807B01F580064EF20104D0
:1020B000F615C0F27F0406FB0B11002948BF21442E
:1020C0000AF802100E0A5E70090C9970269B35A959
:1020D00051F8231081FB083681FB004703FB09F30D
:1020E00004FB09F7A3FB0B5603FB0C66DB1703FB92
:1020F0000B63C1FB0853A7FB0B5607FB0C66FF17CE
:1021000007FB0B67C1FB0057D81B00F58001C91501
:1021100001FB0B004EF20101C0F27F01002848BF15
:10212000084429998854279A010A000C517028996B
:1021300090700FF08BC83998042240F055303990D8
:10214000169DDEA8294605F073F83A99B82208438F
:102150003A902B789DF878033EAD4FF48071009053
:10216000284605F081F93A99239A084318993A903C
:1021700011440C9A259B501A199919446FF35F204A
:10218000ADF8C800501A6FF35F20ADF8CA004FF4E5
:102190008070AA4640F001E01AF8011B32A842F212
:1021A0000108DDF890C001F00102C0F2803801EBB7
:1021B000410141F6FF7930F8122043F66000C0F289
:1021C0000420CFF6807950F822B04AF2FA308BFB27
:1021D00000370CEB01074FF0FF304AF2FA3203FBF5
:1021E00008F3A3FB0945DE1703FB0053BD7806FB8C
:1021F00009333CF80160CBFB024346EA054283FB0E
:10220000026506FB08F6A6FB094506FB0055F61716
:1022100006FB09564EF20100C3FB0246C0F27F00E6
:10222000002E48BF06440CF80160310A7970310C69
:10223000B970399941F0553139910FF053C840F2D6
:1022400000094BF6DD5134983D90CAF6AA29CDF825
:10225000F090C9F2CA3141F6FF7B3D98CFF6807B02
:1022600088424FF0000504D149F64500C1F6AE5052
:102270003C900321169805F037F94BF6DD513D9857
:10228000C9F2CA311A9C884206D14BF610513C98CB
:10229000C3F2A67108443C903C983A9943F6600713
:1022A00008433A903A98C0F20427B0F1553F07D15D
:1022B0003998B0F1553F03D14FF0553001E000BFE0
:1022C00048460F993B903B9831903198B0F1553F7B
:1022D0000AD10D980131CDF8C49081427FF418AC39
:1022E00006E000BF00BF00BF0D98884203D100BFC9
:1022F0004FF05530319031982F99FC274FF0000A5C
:1023000008432F90E28941F2111142F60B408A42B4
:102310000B99D1F8048040F07F8008F102084FF05B
:10232000000CDDF8109000BF402246F6004142F05C
:1023300001E043464A46C0F27E0100BF00BF00BF35
:1023400012F8096C32F80B5C45EA064606F17F0587
:102350008E424FEAD51500FB05F505F500054FEA5D
:10236000156588BF002503F8025C12F8066C32F888
:10237000084C44EA064606F17F048E424FEAD41424
:1023800000FB04F404F500044FEA146488BF002441
:1023900045EA841603F8026CA60803F8016C12F8EB
:1023A000036C32F8055C45EA064606F17F058E426D
:1023B0004FEAD51500FB05F505F500054FEA156553
:1023C00088BF00252E0146EA940603F8016C2E0909
:1023D0001E7032F8026C12F80C4B46EA044606F105
:1023E0007F048E424FEAD41400FB04F404F5000489
:1023F00007EA945444EA151488BF2C0903F8034BE8
:102400000FF063C00CF1010C09F54079BCF1040F29
:1024100008F1C00888D13CE041F222104FF0080CCE
:102420004FF00009824208BF4FF0060C059F00BF25
:1024300080203B4640F001E04046F02200BF00BF54
:1024400013F8035C33F8054C13F8061B33F8086CDB
:1024500044EA054446EA01417F347F31E409C90971
:1024600004EB842401EB812104F5001401F5001133
:10247000C4F3835402EA9141214400F8011B0FF098
:1024800021C809F1010908F18008E14507F5407705
:10249000CED11A9CE0690168C06888472D9040221F
:1024A000E06909994368C06898472D9908432D90C1
:1024B000E0690B9D159E4368C0686968B2689847DB
:1024C0002D992CAA08432D90E0696968D0E9023063
:1024D00098472D9908432D902D98B0F1553F40F025
:1024E000A186B06A279000214BF6CB406B68CAF6F4
:1024F000AA213C913B91C8F271203A902268E4698C
:10250000CDF8E4A002F144002990D2E909A728926D
:102510003E914FF0AA30DE90DD2037902168E068D0
:102520001E4602F511788847DE9031466368E06800
:102530003A4623969847DE9937AA0843DE90D4E9B5
:10254000023041469847DE994FF6FF780843DE9007
:10255000DE98B0F1553F139832D1289C299D4FF455
:1025600000712846D4F84462D4F8489209F0B7FFC5
:1025700004F5137100242F46CAF58070D522CAF6DF
:10258000AA2400BF00BF00BF11F8013B984210D33E
:1025900037F8135027F8105001300225B0F5807F2E
:1025A00005EA4605C5F1010527F8135006D056EA9D
:1025B0005F09013AE8D104F5805001E04FF0553051
:1025C0003E903E983C903C981A9CB0F1553F40F0AC
:1025D0002F8240F200090021CAF6AA29CDF8F09016
:1025E000289E442206F2C440CDF87893259004F04A
:1025F000F3FDDE90DE98CDF878934AF6DA49B0F133
:10260000553FC0F201092ED14FF4807106F2CC4043
:1026100041F001E00021299A00260023002700BF95
:1026200015885DB146541588454506D1002501241D
:1026300054EA0D152F4323431A9C0131013602320F
:102640000FF013C0082225983EA9CDE93E3704F0CB
:1026500047FEDE90DE98289EB0F1553F03D0002063
:10266000CAF6AA20DE90DE983B907068DDF8A4C020
:10267000002800F0ED81279806F5A16180082791D8
:1026800006F28441269106F14801249123990027FE
:1026900001EB800006F150012391811C229104304E
:1026A000219000BF00BF00BFBA464FB1716A2598A4
:1026B000624603F0B1FDDDF8A4C03B9908433B90AE
:1026C000DDF89C80604641466246654603F0D8FDD1
:1026D0003B99042208433B9039A8414604F0A8FDE9
:1026E0003B99534608433B90E089B16B399ACDE959
:1026F000002028464246029503F0A2FE3B9942463E
:1027000008433B903998009028462946434657464F
:1027100004F0F6F93B9908433B904BF6CB40C8F2E6
:1027200071203A900020CAF6AA20DE904FF0AA301D
:102730003790129821685044ADF8F400E069C968F8
:1027400035910168C068884737904022E069269932
:102750004368C06898473799022208433790E06978
:102760003DA94368C0689847379935AA0843379010
:10277000E0693EA9D0E9023098473799084337907D
:102780003798139AB0F1553F40F08E801A9841F275
:102790001111C089884253D1402040F001E02398B4
:1027A000079900BF00BF00BF3A9A4A443A9211F815
:1027B000042C11F8033C11F8025C50F8084C65F346
:1027C0001142AD0842EA032250F80C3C9A1A02F575
:1027D000003240F80C2C11F8012C11F8093B63F37E
:1027E00091351B0945EA8212A21A50F8044C02F5F1
:1027F000003240F8082C11F8082C11F8075C65F33A
:10280000113343EA0212A21A046802F5003240F8BA
:10281000042C11F8062C11F8053C920042EA95129E
:10282000A21AA2EB832202F5003240F8102B3A9A4A
:102830004A443A924FF055320FF04BC034E000BF9B
:10284000802040F001E00898249900BF00BF00BF3D
:102850003A9A4DF26D6632443A9210F8022C10F812
:10286000013C10F8055B51F8044C65F3134242EA51
:102870000322A21A0C6802F5002241F8042C10F879
:10288000042C10F8033C120142EA1512A21AA2EB22
:10289000033202F5002241F8082B3A9A32443A9268
:1028A0004FF055320FF02DC0DE92DE983C903C98F0
:1028B000B0F1553F40F03E8400204FF48001CAF64D
:1028C000AA203C90402040F001E0DDF8A4C0604622
:1028D00090ED001F21EE412FA9EF522023EE4B0E69
:1028E000A0EC101E0FF00DC0289840F6AA216246F9
:1028F00040F255560069ADF8F8104FF480711A9CFB
:1029000052F8043B03EAE375A3EB4503834207DA7D
:102910000139ADF8F860F3D106E000BF00BF00BF99
:1029200040F6AA20ADF8F800BDF8F800B04240F03B
:102930000E8442F6CB103A99C8F24830279A04F038
:10294000F3FD3C903C98289EB0F1553F40F00B843D
:10295000E08941F21112F168904201FB07F020F08A
:10296000030039D1402141F001E02199DDF8A4C0F4
:102970000844239900BF00BF11E92C00C2F50032C2
:10298000C3F5003351F8104BC5F50035160A00F8B1
:10299000036C9E00C4F5003400F8042C46EA124291
:1029A00000F8022C9A0900F8012C2A0142EA93321D
:1029B00000F8092BA3012A0900F8082C43EA153274
:1029C00000F8072CA20800F8062CA20A00F8052C33
:1029D0000FF02FC021E000BF802141F001E02299DB
:1029E000DDF8A4C00844249951E901230831C2F557
:1029F0000022C3F50023160A00F8016C1E0100F83E
:102A0000022C46EA124200F8052B1A0900F8042CA1
:102A10001A0B00F8032C0FF019C8289E01371A9CD6
:102A200070688742FFF440AE12E000BF00BF00BFF5
:102A30003C9840F20009B0F1553FCAF6AA2959EA7C
:102A40000080CDF8F8903E903E98DDE9286C3C90EF
:102A50003C98B0F1553F40F00B8100204FF0000A48
:102A6000CAF6AA203C903068002800F01B814FF085
:102A70000008DDF8189006F2C440269006F5A16023
:102A8000259006F212502790716A2698624603F04C
:102A9000C3FB3B9908433B90259D29982946299AD9
:102AA00003F0EEFB3B99042208433B9039A82946EA
:102AB00004F0BEFB3B99434608433B90E089F16B31
:102AC000399ACDE900202998029029982A4603F0E6
:102AD000B7FC3B992A4608433B90399800902998C7
:102AE00029992B4604F00CF8299A3B9908433B900E
:102AF00040204EF2010740F001E01046C0F27F078F
:102B000090ED001F61FECF1F21EE470FA0EC101EBD
:102B10000FF00BC04FF4807046F6004640F001E025
:102B20004FF2000C279811464A46C0F27E06C0F2CA
:102B30003F0C00BF00BF00BF30F8023C10F8035B41
:102B400043EA054351F8045B5B1B48BF3B4402F872
:102B5000023C1D0A02F8015C1B0C02F8033B0FF05B
:102B600015C8E08941F21111884229D14FF48070D3
:102B700040F001E04846299930F8022C10F8033B58
:102B800042F60B4542EA034202F17F03B2424FEAAA
:102B9000D31305FB03F341F60005CFF6FD7503F5EE
:102BA00000034FEA136398BF03FB05226245C8BFC9
:102BB0005A4441F8042B0FF021C823E000BF00BFA6
:102BC0004FF4807040F001E04846299900BF00BFF3
:102BD00030F8022C10F8033B42EA034202F17F0373
:102BE000DB0903EB832303F50013C3F38353A3EB48
:102BF000832302EB43226245C8BF5A4441F8042BA9
:102C00000FF01BC0289E40F6AA2140F2555770696C
:102C1000ADF8F810DDF8A4C04FF48071624600BF33
:102C200052F8043B03EAE375A3EB4503834207DA5A
:102C30000139ADF8F870F3D106E000BF00BF00BF66
:102C400040F6AA20ADF8F800BDF8F800B84223D14C
:102C50004FF055303C90306808F1010809F5407993
:102C60008045279800F540702790FFF40DAF19E0DC
:102C70003C9840F20009B0F1553FCAF6AA2959EA3A
:102C80000080CDF8F8903E904FF0000A3E98159FD6
:102C900042F60B483C9012E00020CAF6AA2000F54C
:102CA0002A403C9040F200093B98CAF6AA29B0F1AC
:102CB000553F484642F60B48159F18BF3C903C983C
:102CC00030903098B0F1553F40F02682CDF8C0905A
:102CD000CDF8B0A0B86988B10B987968FA68BB6A7A
:102CE0004068184401FB0200002100BF00BF00BF84
:102CF00000F801AB0131BA699142F9D338684EF25C
:102D0000010A0028C0F27F0A00F0468200202890C5
:102D1000069D00BF00BF00BFCDF8C0900822786AB2
:102D200029903C6CCDF878933EA80A994FF4800620
:102D300004F0D6FADE90DE98CDF87893B0F1553FE6
:102D400040F0D38010982899DDE93ECB2795037891
:102D50004FF4D07001FB0040022101EA4C0843F01F
:102D600025C86FF00C01A8F1010659435A421B9C7B
:102D700001F55065B2F1FF3F01F0070A02F10102CF
:102D800000EBD50501F10D0135F8027B55EAB08560
:102D90002D7847EA054525FA0AF56FF35F35C5F545
:102DA0008055754344F8045B0FF01FC0C3F5807E67
:102DB0001B99C8F1010701EB83010022002300BF2A
:102DC00000EBD204FF2B02F0070603F1010334F8F5
:102DD000025B54EA30840D32247845EA0444F4401E
:102DE0006FF35F34C4F580547C4341F8044B0FF01B
:102DF00019C82999022963D34FF0010A00BF00BF07
:102E000010995CEA5F0B11F80A60022101EA4C0894
:102E100046F02BC06FF00C01724206FB01F4A8F1E2
:102E200001011B9F00BF00BF04F55065B2F1FF3FD9
:102E300004F0070902F1010200EBD50504F10D04CD
:102E400035F8023B55EAB0852D7843EA05433D68E5
:102E500023FA09F36FF35F33C3F5805313FB015378
:102E600047F8043B0FF021C0C6F5807E1B99C8F1DE
:102E7000010701EB86060021002200BF00BF00BF52
:102E800000EBD103FF2A01F0070502F1010233F83C
:102E9000024B53EA30830D311B7844EA0343346814
:102EA000EB406FF35F33C3F5805313FB074346F8E2
:102EB000043B0FF01BC829990AF1010A8A459FD1EA
:102EC0004FF05530DE9040F2000941F6FF7B4EF2A4
:102ED000010ACAF6AA29159FCFF6807BC0F27F0AA5
:102EE00042F60B48279D4FF48006DE9830903098CC
:102EF00046F6004CB0F1553F1A9CC0F27E0C40F0F3
:102F00004B81CDF8C090402040F001E031461B9845
:102F100090ED001F21EE412FA9EF522023EE4B0E22
:102F2000A0EC101E0FF00DC0386A40F6AA21ADF8D3
:102F3000F8104FF480711B9A40F2555600BF00BF45
:102F400052F8043B03EAE377A3EB4703834207DA33
:102F50000139ADF8F860F3D106E000BF00BF00BF53
:102F600040F6AA20ADF8F800BDF8F800B04240F0F5
:102F7000F6804FF48070294640F001E01B9800BFB6
:102F800031F8022C11F8033B076842EA03423A4445
:102F900040F8042B0FF00DC040204FF4800140F0AA
:102FA00001E01B98159B00BF90ED001F21EE412F03
:102FB000A9EF522023EE4B0EA0EC101E0FF00DC017
:102FC000402040F001E01B9890ED001F61FECF1FF4
:102FD00021EE4A0FA0EC101E0FF00BC05868DA6803
:102FE0009B6A00FB02300B9AE18941F2111320F039
:102FF000030052689942104436D100211B9AAE4614
:103000002B4600BF00BF00BF1E7833F8025C52F8A9
:10301000047B7F3745EA0646FF1106F17F0507FB73
:1030200008F7ED0905FB08F507F500073F1605F55C
:1030300000052B2F4FEA1565C8BF0027664588BFDE
:103040000025AF4206D02C9F4F2F5ED8C1552C9F34
:1030500001372C9701310333B1F5807FD4D1502152
:10306000DDF8A0C034E000BF41F22212AE462F4688
:1030700091424FF04B0108BF372100221B9BDDF826
:10308000A0C000BF00BF00BF3E7837F8025C53F815
:10309000044B7F3445EA0646E5117F36F60905EB19
:1030A000852505F5001506EB862606F500166E400B
:1030B00016F0707F06D02C9E8E4210D282552C9E28
:1030C00001362C9601320337B2F5807FDCD11A9C91
:1030D00008442C9900F80C104FF0553002E009F527
:1030E0002A401A9C159F3E9075463E983090309825
:1030F000B0F1553F46D138680CF1010C05F540752B
:10310000CDF8A0C0844547D206E609F52A40159FB0
:10311000DDF8A0C0E7E700BF3098CDF8F890B0F137
:10312000553F59EA00803E904EF2010A3E98C0F2A7
:103130007F0A56E03C980021B0F1553FCAF6AA211B
:1031400051EA00803E913E903E981A9C7DE400201A
:10315000289ECAF6AA2000F52A40FFF778BC09F598
:103160002A40159F17E03C980021B0F1553FCAF660
:10317000AA2151EA00803E913E903E98DDF8A4C01D
:10318000FFF765BC3098CDF8F890B0F1553F59EA9B
:1031900000803E903E9830903098B0F1553F17D166
:1031A000CDF8C090D7E90010FA68BB6A00FB023086
:1031B000BA69104408440B9908604DF67331A06851
:1031C000C0F279010844A0604FF0553009E000BF1B
:1031D0003098CDF8F890B0F1553F59EA00803E9014
:1031E0003E98309078682E9901312E9109F52A4148
:1031F000309A8A421CD140F22E322E999142129975
:1032000001441291FEF4F8AA12E009F1010098E0DD
:103210003098CDF8F890B0F1553F59EA00803E90D3
:103220003E9804E040F200091398CAF6AA293090AB
:103230002F98B0F1553F484606D109F52A403099FC
:10324000814202D109F58050309030982A904DF695
:103250007331A068C0F279010844A0602A98B0F1E7
:10326000553F46D10DF55E782146CDF8A890CDF8B2
:10327000DC90CDF8D4904046DCC9DCC091E8FC007D
:10328000FCC01A9C4022206800F244413EA804F091
:1032900027F8359008F124000B99424600F0E4F835
:1032A00037903798B0F1553F18D1CDF8DC903EA952
:1032B000DE984022383004F013F835994DF6733516
:1032C00008433590A068C0F279052844A060DEA8C4
:1032D00000F07EFB3790A0682844A0603798B0F1DA
:1032E000553F10D13598B0F1553F18BFCDF8DC905F
:1032F0000BE02A98CDF8F890B0F1553F59EA0080DC
:103300003E903E9802E0CDF8DC9037982A902A98BB
:10331000B0F1553F0CD1CDF8A8902068A16800F518
:10332000A16248F64830C3F6256004F0FDF808E0D5
:103330002A98CDF8F890B0F1553F59EA00803E90B8
:103340003E982A902046FDF7F7FF2A980DF5697DF3
:10335000BDE8F08FF0B583B0154602460220CAF6EC
:10336000AA20A0F102030446019302935AB3044633
:1033700049B3D2F804C00446BCF1000F23D0044680
:103380000DB3D1F804E00446BEF1000F1BD02E6847
:103390000446C6B12C6A002C044614D0EF690446DA
:1033A0008FB13C68002C04460DD07C68002C04468C
:1033B00009D0BC68002C044605D04EEA0C07044630
:1033C0003743BF071CD00294029F0197019FB7F1BA
:1033D000553F0AD1019340F255532868A0F8803C2C
:1033E000084611462A4600F03FF801900198B0F1D6
:1033F000553F02D0284600F05FF9019803B0F0BDB8
:10340000EF8941F23316B7421ED041F22216B7427D
:103410000FD041F211160446B742D4D140F67417CA
:1034200016680446BE42CED10F68B7F5A46F14D01B
:1034300016E040F6ED4716680446BE42C3D10F6859
:10344000B7F5F46F09D00BE041F213271668BE42BE
:1034500006D10F68B7F5226F02D14FF05534B2E7AD
:103460000446B0E7D4D4D4D42DE9F04784B0144650
:1034700040F2000826464BF6BD53CAF6AA28CDF8FE
:1034800008804FF0AA320192C1F6CC33009246F880
:10349000083F0F4625688146226A05F67C410420D4
:1034A000904700900098B0F1553F3AD146F65B0A3C
:1034B000A068C0F2010A41F222115044A060E089E4
:1034C000884232D041F21111884259D16AA090ED60
:1034D000001F6DA085ED001F90ED001F20202862C9
:1034E00085ED041FCDF80C80D9F804006862203007
:1034F000A8624FF055300390039802900298B0F103
:10350000553F70D1CDF80880CDF80C80796801F175
:10351000200201F51260C5E90B12042150226863F4
:1035200058E008F1040002905DE04BA090ED001F10
:103530004DA085ED001F90ED001F3020286285ED25
:10354000041FCDF80C80D9F8040068622030A8620E
:103550004FF055300390039802900298B0F1553F18
:1035600041D1CDF80880CDF80C80796801F13002A6
:1035700001F54B60C5E90B1206216863372229E08B
:1035800045A090ED001F48A085ED001F90ED001FA5
:103590004020286285ED041FCDF80C80D9F8040086
:1035A00068622030A8624FF0553003900398029073
:1035B0000298B0F1553F16D1CDF80880CDF80C80B7
:1035C000796801F1400201F58E50C5E90B1208211E
:1035D00068634B22334603F05FFD0390039802902B
:1035E0003068504430600298B0F1553F2ED1CDF88C
:1035F00008804021E06903910168C0688847019014
:10360000E069D9E900214368C0689847019903AA95
:1036100008430190E06905F13801D0E9023098478C
:103620000199084301900198B0F1553F0BD14FF03B
:103630005530029041F22210A080A06800F5B4300D
:103640005B30A06002E008F108000290029804B02C
:10365000BDE8F08700BF00BF0600000005000000C5
:1036600080000000800700003CFF070037000000DA
:103670003100000000FF030004000000040000000F
:10368000C000000000050000B2FF01005000000073
:10369000270000000074010008000000070000007F
:1036A00080000000000A000088FF07004B000000B7
:1036B0003C00000000FF0300C0B143F22D42002196
:1036C000CEF2C76281808260006878B110F0030199
:1036D0000CD180B582B0D0F87C1C019101A940F6D4
:1036E000844203F0A5FD02B0BDE880407047F0B50C
:1036F00085B000260746CAF6AA260C4602964FF069
:10370000AA30019006F102000396B7B1ACB1396856
:1037100011F1250F014611D8216871B1226962B1FA
:10372000E26952B1136843B1536833B1926822B170
:103730007A681143890700F0968001460391039946
:10374000B1F1553F0FD1039621690A68531EFE2B34
:1037500012D849688A07024608BF4FF0553200293F
:1037600052EA10810DE003990496B1F1553F56EAF3
:1037700001810491049904E00146002A08BF4FF03A
:10378000553103910399B1F1553F0ED1039661690B
:1037900041B14A6892B112F003020FD109680139B0
:1037A000FF290BD24FF0553109E003990496B1F18E
:1037B000553F56EA01810491049900E001460391C6
:1037C000039902910299B1F1553F41D1029641F21C
:1037D0003311A088884229D041F22211884233D186
:1037E0002068E369D4E90421B0F8805C38300095A2
:1037F000FDF7A5FE02900298B0F1553F29D1E0698E
:10380000D7E900214368C068984701900198B0F15A
:10381000553F1BD14FF055300290A06800F5B430F1
:103820005B30A06041F23310A08012E0E069D7E97C
:1038300000214368C068984701900198B0F1553F56
:1038400004D14FF0553003E0701C01E006F1080090
:1038500002900298B0F1553F02D02046FFF72CFFAE
:10386000029805B0F0BDE28941F211118A424FF091
:1038700055313FF463AF41F222139A423FF45EAFF9
:1038800041F233139A4218BF014657E770B586B02C
:1038900000250446CAF6AA25049503954FF0AA30E0
:1038A000029005F10200059534B3216821B3A269A5
:1038B00012B3136803B35368F3B19268E2B1E269DB
:1038C000D2B11368C3B15368B3B1890714D19168F9
:1038D0000029014611D0E28941F211118A424FF0CC
:1038E00055310AD041F222139A4206D041F23313E5
:1038F0009A4218BF014600E00146059105980390E1
:103900000398B0F1553F47D1039541F23311A08898
:1039100088421BD1E069266840210191D0E902303C
:1039200006F1380101AA984702900298B0F1553F7C
:103930000ED1204600F04CF803900398B0F1553FAB
:1039400009D10020C5F2555004900DE0681C2DE00F
:1039500005F1080007E003980595B0F1553F55EAD9
:1039600000800590059803900398B0F1553F24D14D
:1039700003954DF24B10A16806F67C42C1F6DA3091
:1039800003F0D2FD03900398B0F1553F04D145F206
:1039900055500499084309E003980595B0F1553F47
:1039A00055EA0080059005980390039804902046FE
:1039B000FFF782FE049806B070BD03980595B0F13C
:1039C000553F55EA008005900598EFE7D4D4D4D44C
:1039D0002DE9F04FA5B040F2000A4FF0AA31CAF627
:1039E000AA2ACDF864A0CDF860A0CDF85CA016910D
:1039F000814600680690D9F81C4000F63805D0F8DA
:103A00001880066AC76A00F587601190CDF888A013
:103A10002491DD202190E068216888472490394670
:103A20006368E06832469847249921AA08432490A5
:103A3000D4E9023029460F959847249908432490E9
:103A400024980AF10801B0F1553F084601912ED1A2
:103A5000069E4FF480611198D6F83848D6F83C5845
:103A600008F03DFDC8F5807006F50461D5224FF0E1
:103A7000020C119B00BF00BF11F8017BB8420FD3AD
:103A800053F8276043F8206001300CEA4406B0F593
:103A9000807FC6F1010643F8276006D054EA5F052F
:103AA000013AE9D10AF5805001E04FF055302290FB
:103AB000229819901998B0F1553F40F0F785CDF84C
:103AC00064A04422069ECDF890A006F6384006F584
:103AD00044610E91002100240A9003F07DFB2490A4
:103AE0002498CDF890A0B0F1553F20D14FF4807EBE
:103AF0000025002111980023026862B106F5446296
:103B000015550268013205D10027012252EA0D47FE
:103B10003B4311430134013504300FF013C8CDE9A4
:103B2000221322A908220A9803F0DAFB2490249891
:103B3000179046F65B01D9F80800C0F2010108446D
:103B4000C9F80800D9F81C000168C06888471690B9
:103B500006F13805D9F81C00402229464368C068A0
:103B600098471699084316903068002800F02E8573
:103B7000069841F6FF7800F13C01059100F13A0109
:103B800000F24440029044F268504FF0FF34CFF608
:103B900080780026C0F20420039100F57F70049025
:103BA000CDF82490129500BFCDF864A0CDF874A094
:103BB000CDF870A040F6AA20ADF86E0000214FF4B9
:103BC00080622846D9F800B003F006FB1C900B96E3
:103BD000DBF80400CDF820B0002800F0E281DBF82B
:103BE000307000210BF5876013900BF638000790BA
:103BF0000BF67C40109000BF40F6AA20ADF86E0096
:103C00000D918DF86810DBF82400D9F81820079979
:103C100000911AA9139B8DF8696001F0DDFE1D90DB
:103C20001D98B0F1553F40F0AD81CDF874A041F240
:103C30001111B9F80E0088420AD1DDF84C903846CF
:103C4000494602F085FA4FF4107009E000BF00BF4A
:103C5000DDF84C903846494602F0BEFA4FF4207029
:103C60000744FF2110980C9703F03EFCDBF810008E
:103C700040F6AA21ADF888104FF480714A4600BF83
:103C800052F8043B03EAE377A3EB4703834207DAE6
:103C9000013940F25553ADF88830F1D104E000BF4E
:103CA00040F6AA20ADF88800BDF8880040F25551D2
:103CB000ADF86E00BDF86E00884240F06D810020C6
:103CC00040F6AA26ADF86E60C5F255501D90FF2152
:103CD000109803F009FCDBF810004FF480714A469D
:103CE000ADF8886000BF00BF52F8043B03EAE377F9
:103CF000A3EB4703834207DA013940F25553ADF88D
:103D00008830F1D104E000BF40F6AA20ADF8880069
:103D1000BDF8880040F25551ADF86E00BDF86E0058
:103D2000884201BF1D9845F2555108431D9004BFBC
:103D30001D98B0F1553F40F0238148F62520CDF87D
:103D400084A0C7F6CE101F9040F6AA20ADF87A00E6
:103D500048F277611F98C0F23F3142F2010C0844EB
:103D60001F9046F2F74020908020C0F2803C40F047
:103D700001E0484600BF00BF2099D0F8002282FB36
:103D8000013703FB0CF3A3FB0867DD1703FB047388
:103D900005FB0833C2FB01630168CA1AC0F80022A0
:103DA000194440F8041B0FF019C8209818B940F2C4
:103DB0005550ADF87A00BDF87A0040F6AA21884245
:103DC00076D14FF0020B4020159000BF00BF00BF1E
:103DD00048F277601F9AC0F23F3002441F92BDF84C
:103DE0007A2040F6AA20824258D11598002309EB88
:103DF0008000149000BF00BF5F1C15995E1844F24C
:103E00006850BE4256EA8395C0F20420A5EB030E2B
:103E100050F82B70209709EB8307149800EB83066A
:103E20004B1900BF00BF00BF209D326882FB05A96F
:103E300042F20100C0F28030A4460AFB00F4A4FB69
:103E400008014FEAE47904FB0C114FF0FF3409FB41
:103E50000811C2FB05013868401A46F8040B38689F
:103E6000084447F8040B0FF021C8209818B940F215
:103E70005550ADF87A00BDF87A0040F6AA210BF152
:103E8000010B884208D1B3F5807FDDF84C90B3D3A5
:103E900004E000BF00BF00BFDDF84C90BDF87A0021
:103EA00040F6AA21884203D11598400815908FD179
:103EB00040F2000A4BF6DD511F982290CAF6AA2A5A
:103EC000CDF890A0C9F2CA312298884204D149F6AF
:103ED0004500C1F6AE5024900321109803F004FB76
:103EE0004BF6DD512298C9F2CA31DDE908B98842A2
:103EF00006D14BF610512498C3F2A67108442490C1
:103F00002498219021981C9942F2010C08431C909E
:103F10004FF48070C0F2803C40F001E0139800BF85
:103F2000D0F80014026882FB013703FB0CF3A3FBFB
:103F30000867DD1703FB047305FB0833C2FB01634D
:103F400040F8043B0FF015C04FF4807040F001E0E2
:103F5000129D1399284600BF026851F8043B1A4489
:103F600040F8042B0FF009C0DBF804000D99013173
:103F7000DDE90B678142FFF43FAE12E000BF00BFF6
:103F800050460DE01D98CDF888A0B0F1553F5AEA93
:103F900000802290229803E041F20100CAF6AA2094
:103FA0001D9040204FF4800140F001E000BF00BFB1
:103FB00095ED001F21EE412FA9EF522023EE480E70
:103FC000A5EC101E0FF00DC048F62520CDF884A0FA
:103FD000C7F6CE10209040F6AA22ADF87C2048F219
:103FE00077612098C0F23F314FF0FF3408442090B1
:103FF000BDF87C0090422FD142F2010A0021FF2738
:10400000DDE904B2C0F2803A52E9019EFD295BF875
:1040100004C9AEEB090080FB0C56A7F1010705FBB4
:104020000AF5A5FB083605FB04664FEAE57505FBB6
:1040300008650EEB0906C0FB0C3542F8046C1560F0
:10404000BDF87C6009D840F6AA20023108328642C9
:1040500003D1D9E700BF00BFFF27BDF87C1040F6B1
:10406000AA20814212996DD10220149000BF00BF96
:1040700048F27760209AC0F23F3002442092BDF8A7
:104080007C2040F6AA2082424FD11498002301EBF5
:104090008000139000BF00BF581C149A9E181597FB
:1040A000864256EA839444F2685042F20108C0F214
:1040B0000420A4EB030E41F6FF7A01EB830650F8CF
:1040C00027B013984FF0FF3900EB83051319C0F2A6
:1040D0008038CFF6807A00BF34682A68111B2244EA
:1040E00081FB0B0746F8042B00FB08F0A0FB0AC776
:1040F00000FB0977C01700FB0A70C1FB0BC045F835
:10410000040B0FF017C8BDF87C0040F6AA21159FDC
:104110004FF0FF348842A7F1010705D1B3F5807F46
:104120001299B9D301E000BF1299BDF87C0040F6A6
:10413000AA22904206D1149880284FEA4009CDF86F
:10414000509095D3BDF87C0040F6AA2142F2010CB4
:1041500041F6FF788842C0F2803CCFF680784AF280
:10416000FA3E1BD100211298026882FB0E3703FB36
:104170000CF3A3FB0867DD1703FB047305FB08338F
:10418000C2FB0E6340F8043B40F6AA23BDF87C2036
:104190009A4203D1FF2901F10101E5D340F2000A5F
:1041A0004BF6DD5120982290CAF6AA2ACDF890A0AD
:1041B000C9F2CA312298DDF82490DDF844B0884273
:1041C00004D149F64500C1F6AE5024900898032169
:1041D00000F67C4003F088F94BF6DD512298C9F2D5
:1041E000CA31884206D14BF610512498C3F2A67109
:1041F000084424902498219021981C994FF4C0449D
:1042000008431C901C98B0F1553F18BFCDF874A01E
:104210001D9819901998B0F1553F40F0CD8106983E
:104220004021806A41F001E002300F9900BF00BFD9
:1042300010F8022C10F8013C63F309220A6010F810
:10424000013C077852039B0867F389134B6010F811
:10425000057B5B0310F8046C3F0966F309178F6058
:1042600010F8046C10F8035C7F0304EAC61646EAF3
:10427000C536CE6081E88C0010310FF027C8069853
:10428000082280691590CDF890A022A80A9903F021
:1042900027F824902498CDF890A0B0F1553F40F035
:1042A0006E800E98DDF888C0DDF88C9002780220D0
:1042B00000EA4C0382B15F1E0A98A0EB82065846C2
:1042C00022F001E000BF00BFB6EC041F21EE671E24
:1042D000A0EC041F1FF009C0C2F58077C3F10103F1
:1042E0000BEB82020F9927F001E000BF00BF00BF77
:1042F000B1EC041F21EE631EA2EC041F1FF009C0E5
:104300001598022836D301220E985CEA5F09022133
:10431000805C01EA4C0788B17E1E0A99A1EB8005FA
:10432000119920F001E000BFB5EC041F91ED003FB2
:1043300021EE462EA1EC043F1FF00BC0DDF844B087
:10434000C0F58076C7F101070F9D0BEB800326F0C7
:1043500001E000BF00BF00BFB5EC041F93ED003FBC
:1043600021EE472EA3EC043F1FF00BC0159801323D
:104370008242C9D14FF055302490DDF82490249822
:1043800017994FF48002084317904020594640F097
:1043900001E012980B9B00BFB0EC041F91ED003FB1
:1043A00020FF4208A1EC101E0FF00BC0402040F08F
:1043B00001E0584600BF00BF90ED001F21EE422FE4
:1043C000A9EF522023EE480EA0EC101E0FF00DC0F6
:1043D00040204EF2010140F001E05846C0F27F015A
:1043E00090ED001F61FECF1F21EE410FA0EC101ECB
:1043F0000FF00BC0B9F80E1041F21110814206986F
:10440000406B05D193B1C11891F84F100FE000BF78
:1044100041F2221291424FF04B0208BF3722002B8B
:104420006AD08118194411F8011C66E00021C218F5
:10443000002342F60B4992F850C04FF4807242F0CC
:1044400001E000BF00BF00BFDBF80050445C05F195
:104450007F06F61106FB09F606F5000636162B2E2A
:10446000C8BF0026A34220D161451ED241F60002FA
:104470000131CFF6FD7206FB02554FF20002C0F289
:104480003F0295424FF00102C8BF4544002D4FF056
:10449000000552EAC2B44FF02B02C8BF2B25C8BF9B
:1044A0000022AE4218BFA219164601334BF8046B26
:1044B0000FF037C0402040F001E0DDE90201129D1D
:1044C000DDF8249000BF00BF50E9032342EA8312C5
:1044D00001F8022C50E902231B0143EA920201F881
:1044E000012C50E9012310309B0043EA121201F81D
:1044F000032B0FF017C847E00021024412F803C055
:104500004FF4807242F001E0002300BF00BF00BF03
:10451000DBF80050445C05F17F02D211A34202EBAC
:10452000822202F50012C2F3835616D1614514D2DD
:10453000A6EB8624920D013105EB44244FF20005D1
:10454000C0F23F05AC42C8BF4444012C4FF0010407
:10455000B8BF0F24224402F00F0601334BF8046B5E
:104560000FF02BC0202040F001E0DDE911052946C5
:1045700090FC001FB0FC201FA4EF522522EF500139
:10458000A1EC040F0FF00DC0D9F81C00069C2946C1
:104590004368C068A2689847169908431690206837
:1045A0000B9E0136A16A864201F5A070A0624FF011
:1045B000FF34FFF4F9AA09E01998CDF888A0B0F10A
:1045C000553F5AEA00802290229819901998B0F12C
:1045D000553F54D1CDF864A02021D9F81C00119F7B
:1045E000229122AAD0E90230394698471699084309
:1045F00016901698B0F1553F4BD1069D43F65544A1
:1046000005F67C46FF213046C3F63C4402F06CFFC1
:1046100046F65B08D9F80800C0F2010820224044A1
:10462000C9F80800E96A384602F092FE1890189816
:10463000A04230D10020FF21C5F2555019903046DC
:1046400002F052FFD9F8080020224044C9F80800BF
:10465000E96A384602F07CFE18901898A0421AD1F8
:1046600045F255501999084319901998B0F1553FE2
:1046700020D1D9F808004044C9F8080010E0199882
:10468000CDF888A0B0F1553F5AEA008022902298D8
:1046900005E0019803E041F20100CAF6AA20199052
:1046A0001798B0F1553F18BFCDF864A0199825B000
:1046B000BDE8F08FCDF864A0F2E7B0B58CB002256C
:1046C0000446CAF6AA254FF0AA32A81E0B900A92F9
:1046D0002A4601900290D4B323682A46BBB3226ACB
:1046E000002A2A4633D0D4F81CC02A46BCF1000F59
:1046F0002DD0DCF80020002A2A4628D0DCF804203F
:10470000002A2A4623D09A072A4620D1DCF808201E
:10471000002A2A461BD0E28941F211139A4208D09E
:1047200041F233139A4204D041F222139A422A46AC
:104730000DD151B10A7992072A4608D10A681F2A79
:104740002A4688BF4FF0553201E04FF055320292B1
:10475000029A0B920B9AB2F1553F20D10B9041B1C6
:10476000496802A8202202F0BBFD019001A8294659
:1047700006E0226A02A9202090470A90A91C0AA8F4
:104780000068B0F1553F51EA10800B900B98B0F1E2
:10479000553F04D102A8214600F00EF805460B95BE
:1047A0000B98B0F1553F02D0204600F0C5F80B98A9
:1047B0000CB0B0BDD4D4D4D4F0B585B00C4600262E
:1047C00045F64E22CAF6AA2604964FF0AA31039166
:1047D000C8F25E020291A260E18941F2111205461F
:1047E000276891420CD041F22210814211D142A09F
:1047F000062190ED001F44A090ED003F052010E041
:1048000035A0042190ED001F37A090ED003F04205B
:1048100007E041A0082190ED001F43A090ED003F6C
:1048200007208DF80100E0698DF8001080210191CA
:104830000168C06887ED003F87ED041F884703903B
:104840002022E06929464368C068984703990222FC
:1048500008430390E06969464368C0689847039934
:1048600001AA08430390E06907F12001D0E9023072
:1048700098470399084303900398B0F1553F19D125
:10488000226A07F54C610420904702900298B0F12B
:10489000553F12D107F54A6020222946049602F0BE
:1048A0001FFD04904EF63A51A068C0F21A11084458
:1048B000A06004E006F1080000E0301D04900498B8
:1048C000B0F1553F02D141F24410A080049805B0E8
:1048D000F0BD00BF00BF00BF000200008003000069
:1048E000000A000020050000040000000400000091
:1048F000600000000005000000030000000600004A
:10490000C00F0000A0070000060000000500000026
:104910008000000080070000200300002006000047
:1049200020130000200A000008000000070000001B
:1049300060000000000A0000C0B143F22D420021D7
:10494000CEF2C76281808260006878B110F0030106
:104950000CD180B582B0D0F8C01C019101A940F6FD
:10496000C44202F065FC02B0BDE880407047B0B5BB
:1049700082B000250446CAF6AA25002805F10200E7
:104980000095019507D0216829B18907014608BF24
:104990004FF0553100E001460191019900910099D5
:1049A000B1F1553F0AD1009541F24411A0888842E7
:1049B0004FF0553050EA05902168FFE700900098CD
:1049C000B0F1553F19D101F1A00001F54C614FF450
:1049D0004062009502F02CFC00904EF63A51A0681F
:1049E000C0F21A110844A0600098B0F1553F03D1FD
:1049F00041F25510A08000E000950098B0F1553FBD
:104A000002D02046FFF798FF009802B0B0BDD4D482
:104A10002DE9F04F81B02DED048BADF5816D40F2A5
:104A2000000A0446CAF6AA2A019306928946CDF8DE
:104A3000C4A0CDF8C0A04FF0AA302F90002C0AF1EE
:104A40000200CDF824A20494079168D021680029BF
:104A500065D0A269002A62D01368002B5FD053682A
:104A6000002B5CD09268002A59D0E269002A56D007
:104A70001368002B53D05368002B50D0B9F1000FAE
:104A80004DD09268002A4AD0069A002A47D0D9F819
:104A90000420002A43D0019B002B40D0069B5B687A
:104AA000EBB3019E7668D6B31143194331438907AE
:104AB00035D101990968202931D3E18941F23312B6
:104AC000914212D041F22212914219D041F21112B8
:104AD000914224D1D9F80010B1F5206F1CD306996A
:104AE00009684909282915D816E0D9F80010B1F548
:104AF000995F11D306990968490950290AD80BE032
:104B0000D9F80010B1F57C6F06D3069909684909F8
:104B10003C2901D94FF05530049CDDF81C90899058
:104B2000899831903198B0F1553F3AD1CDF8C4A071
:104B300041F25511A088884230D12768069E07F1BE
:104B400020052022D7E90601C9F800003160294676
:104B5000D9F8040002F0C4FB309020227068294686
:104B600002F0BEFB3099202208433090D9F80400AF
:104B700007F1800120301C9702F0B2FB3099084306
:104B800030904EF63A51A068C0F21A110844A06065
:104B90003098B0F1553F5AEA108001E00AF1010067
:104BA00031903198B0F1553F40F0008721464EF6E4
:104BB0003A52C0F21A1251F8080F199110440860C5
:104BC0001C9816460068002800F08A861C9A81EF1F
:104BD0007F8C02F5946002F1A0081A9000F5806BBA
:104BE0003BA8242589AF02F12001179102F1400171
:104BF0001B9108301E9002F52A60209002F1BC0043
:104C0000039002F2AC4002900C2015900B201490FF
:104C10000A2013900920129008201190072010906C
:104C200006200F9005200E9004200D9003200C907C
:104C300002200B9001200A90002009901D90CDF8D1
:104C40006080CDF8ACB000BF0895D9F80450CDF81D
:104C5000E0A0CDF8DCA026684FF0AA303490002107
:104C60004FF48062584602F0B7FA379006F54C616F
:104C7000042232A8169102F0DBFA379908433790E4
:104C800070681F9600281A9E00F0C2804FF000093D
:104C900005F180002E9000BFCDF8E0A036A91D9848
:104CA0008DF8D900A269179833468DF8D890CDF8C1
:104CB000008000F091FE38903898B0F1553F40F0F8
:104CC0009780E069ADF8D49040F2E111339101682A
:104CD000C068884734904022E0691B994368C068E7
:104CE00098473499022208433490E06935A9436813
:104CF000C0689847349933AA08433490E06939462C
:104D0000D0E9023098473499084334903498B0F190
:104D1000553F40F07780E2893399199800903846E2
:104D2000334600F0C1FEB0F5807F6ED11D9858B9B2
:104D30001F98E1892E9A8068800800FB09F002EB39
:104D40008002304600F058FF1F9A329802F54C62FC
:104D5000009030463146134600F0AEFF379941F6D9
:104D6000FF77084337904FF4807042F2010B40F018
:104D700001E04FF0FF381C98CFF68077C0F2803BFF
:104D8000D0F8A014D0F8A02082FB013603FB0BF36F
:104D9000A3FB07564FEAE37C03FB08630CFB0733D6
:104DA000C2FB0153C0F8A03404300FF017C84020F4
:104DB00040F001E01A9EDDF8ACB03046594600BF25
:104DC000B0EC041F91ED003F22EF4008A1EC101E53
:104DD0000FF00BC04FF0553038901F9809F10109C2
:104DE000DDF8608089AF40688145FFF455AF0FE082
:104DF0003898CDF8FCA0B0F1553F5AEA00803F90BA
:104E00003F9804E00AF1080001E00AF5805038906C
:104E10003898B0F1553F40F03F83CDF8E0A04020F6
:104E200040F001E041F6FF775846CFF680774FF427
:104E3000800100BF00BF00BF90ED001F21EE412F99
:104E4000A9EF522023EE470EA0EC101E0FF00DC06C
:104E500032980590CDF818A2CDF814A200208490C5
:104E60007F9048F62520C7F6CE107F901F9910221C
:104E700001F54C653BA8294602F0DAF985903FAC74
:104E80002B789DF8EC00802160220090204602F0F3
:104E9000EBFA85990422084385903AA8294602F046
:104EA000C7F9859948F27762084385903A9B43F6A3
:104EB000600A7F98C3F30841C0F23F32C0F2042A6F
:104EC00010447F905AF821002990802040F001E0A2
:104ED000180CCDE9210383F48070289000BF00BF37
:104EE00014F8012B42F2010ACDE92D24299CC0F2CD
:104EF000803A4FF0FF385BF832100BEBC20381FBB6
:104F0000040682F0FF062C9300FB0AF544F26000D1
:104F1000C0F2042010F806B0A5FB076005FB0802EC
:104F2000586880FB0493ED1705FB0725289A09FBB9
:104F30000AF35A44C1FB04656FF35F222A95A3FB71
:104F4000076C3D4643F66007C0F2042703FB08C91F
:104F5000DB1757F822B02F4681FB0B5203FB079259
:104F600005FB0AF3C0FB0462A3FB076503FB0859BA
:104F7000DB1780FB0B5C03FB079305FB0AF5C1FB0A
:104F80000B63A5FB076105FB0811ED1705FB071176
:104F9000C0FB0B61DDE92A0B10442D9A4BF832005F
:104FA000581A2C994860849840F0553084902E9C73
:104FB0000FF06BC042F2010B8498402602250124B9
:104FC000C0F2803B40F05530849000BF00BF00BF6E
:104FD00044F26058DDF87C90C0F20428A8EB04008D
:104FE00099F8C13C82793BA8015D3FA80091314608
:104FF000871902F039FA859908EB04020843859075
:105000001E9812F8012C99F8C23C2946005D24979D
:105010000090384602F028FA8599042208438590CA
:105020003AA809F54C6102F003F985990134084367
:10503000859048F277613A9B7F98C0F23F310844EF
:10504000C3F308411A467F902893180C43F6600377
:105050006FF35F22C0F2042327902A9553F82100B2
:10506000829053F82200839044F260000021C0F245
:105070000420CDE9254600EB4600239000BF00BF89
:105080003FA82991239A289B405CC143A040515CD2
:10509000279A01F580710A44194443F660036FF3BF
:1050A0005F226FF35F21C0F2042353F82220809225
:1050B00053F82110819145F001E02C90DDF890C06B
:1050C0001CF8011B2C9A2B982F46114482AA1FFA18
:1050D00081F901F001032D934FF0FF3650F82910AC
:1050E00052F8238088FB012400EB89054FF0FF3341
:1050F0002E9502FB0BF441F6FF72CFF68072A4FBF3
:1051000002A204FB032355F8272041F6FF75E4179C
:1051100082FB087B42F2010BCFF68075C0F2803B28
:1051200004FB053307FB0BF4C8FB01A341F6FF7A30
:10513000CFF6807AA4FB0A5704FB0677E41704FB3A
:105140000A74C2FB0854234440F829302D9B80A8E0
:1051500050F823304FF0FF3083FB014504FB0BF484
:10516000A4FB0A6504FB0058E41783FB027504FBEB
:105170000A8407FB0BF52A9FC3FB0164A5FB0A61A8
:1051800005FB0011ED1705FB0A112E98C3FB026108
:105190003D46611A40F827100FF06FC02999849896
:1051A000269E013140F055308490B142259C7FF419
:1051B00067AF219827990844219084982299289ACA
:1051C000072C4FEA45054FEA56061144229140F05C
:1051D000553084907FF4FCAE1F983FAC8021602254
:1051E00090F8C33C9DF8F3000090204602F03CF993
:1051F00085990422084385903AA8169902F018F878
:10520000859943F660030843859048F277613A9F99
:105210007F98C0F23F310844C7F308413A46C0F2D4
:1052200004237F906FF35F2253F821004FF4C07185
:10523000829053F8220001EB174107F5C0726FF31B
:105240005F2183906FF35F22A24653F82100809084
:1052500053F822008190802040F001E0380C2D901E
:10526000DDF8AC9020982E971AF8011B82AB42F221
:10527000010741F6FF7C01F0010BC0F2803759F8BD
:105280002120CFF6807C53F82B60C84686FB023481
:1052900003FB07F44FF0FF37A4FB0C5304FB073963
:1052A00050F82130E41783FB067004FB0C9042F2A7
:1052B0000104C0F28034C6FB02507C434FF0FF393A
:1052C000A4FB0C7504FB0955E41704FB0C54C14600
:1052D000C3FB0674204448F8210080A84FF0FF3437
:1052E00050F82B0042F2010B80FB0276C0F2803BAB
:1052F00007FB0BF7A7FB0C5607FB0468FF1780FBA7
:10530000034607FB0C8704FB0BF64FF0FF34C0FB92
:105310000257A6FB0C5206FB0422F61706FB0C22D2
:10532000C0FB0352B81A209A42F8210020980FF0CF
:1053300065C88498042240F055308490169C3BA8A0
:10534000214601F075FF8599B8220843859023789E
:105350009DF8EC003FAC4FF480710090204602F0C5
:1053600083F88599219A084305992D9BC1F58061A1
:105370001A448590881A229A2E9B6FF35F201A4454
:10538000ADF8E400881A41F6FF786FF35F20ADF8BE
:10539000E6004FF4807042F2010B40F001E020463D
:1053A0004FF0FF34CFF68078C0F2803B0DF1E40A75
:1053B000CC464AF2FA3900BF10F8011B43F66003ED
:1053C000C0F2042301F001023AF8122053F822201F
:1053D00082FB093703FB0BF3A3FB0867DD1703FB15
:1053E000047305FB0833C2FB09635CF8212083FBCF
:1053F000027607FB0BF7A7FB085607FB0466FF17AF
:1054000007FB0867C3FB02574CF82170849941F0F1
:10541000553184910FF031C040F2000A4BF6DD5156
:105420007F988890CAF6AA2ACDF81CA2C9F2CA3180
:1054300088984EF63A56049C8842DDF81C90C0F2DB
:105440001A1604D149F64500C1F6AE5087900321E3
:10545000169802F049F84BF6DD518898C9F2CA3126
:10546000DDF8608089AF884206D14BF610518798ED
:10547000C3F2A67108448790879885990843859060
:105480008598B0F1553F17D18498B0F1553F13D1AD
:105490004FF0553011E000BF3898CDF8FCA0B0F1C6
:1054A000553F5AEA00803F904EF63A563F98C0F278
:1054B0001A16DDF81C900AE05046869086983799B7
:1054C000084337903798B0F1553F5AEA108038902A
:1054D000389831903198B0F1553F40F0F7810698F7
:1054E00000214FF4806240682390D9F804002A908C
:1054F0001C98D0E904502E90CDF8FCA0CDF8ECA07B
:10550000D4F800B04FF0AA308090404601F064FE1D
:105510003B90DBF804001D990844E169ADF80802EE
:1055200040F2E1108890C8680A6890478090402255
:10553000E0691B994368C068984780990222084334
:105540008090E06982A94368C0689847809988AADA
:1055500008438090E0693946D0E902309847809945
:10556000084380908098B0F1553F40F05D81E2891A
:105570008899199800903846434600F095FAB0F59E
:10558000807F40F05581DBF808001D9980082E9B34
:10559000484325F003012A9D4FEA93096A18E189DF
:1055A00002EB8002404600F027FB402040F001E083
:1055B00040462B9900BF00BF90ED001FB1EC043FA7
:1055C00022EF4008A0EC101E0FF00BC0402041F667
:1055D000FF7240F001E04EF2010740461A99CFF603
:1055E00080724FF48003C0F27F0740F6FF7600BF61
:1055F00090ED001F21EE432FA9EF522023EE420E23
:10560000A0EC101E0FF00DC0402040F001E040461D
:1056100090ED001F61FECF1F21EE470FA0EC101E82
:105620000FF00BC0402040F001E000BF00BF00BF02
:1056300098ED001F21EE462FB3EF524002EF5821A4
:10564000A1EC105E20FF4208A8EC101E0FF011C064
:105650001598099900EB890020222B18149800EB6B
:1056600089002C18139800EB890005EB000B1298A9
:1056700000EB890005EB000C119800EB890005EBAD
:10568000000A109800EB890005EB00080F9800EB6A
:1056900089002F180E9800EB89002E180D9800EB4A
:1056A000890028442E900C9801EB890100EB8900B9
:1056B00028442D900B9800EB890028442C900A98E0
:1056C00042F001E000EB890005EB0009681803993E
:1056D000CDE928A451F81C4C2A934546B84651E917
:1056E0000673C4F58054C7F58057B24651E90426C5
:1056F000249651F8086C259651F8046C269651F8BA
:10570000206B27967E0100F80D4B46EA14242C9E50
:10571000C3F5805309F80D4BFC0806F80D4B9C00AF
:1057200044EAD7244746A8462D9DC2F580522C96C0
:1057300005F80D4BD40156462D9544EA9313249C4D
:105740002E9DC4F58054DDF8A0A005F80D3B53084C
:1057500006F80D3B230143EA5222259BC3F58053F3
:1057600007F80D2B220908F80D2B5A002E9542EA56
:105770001432269CC4F580540AF80D2BA20142EA8B
:10578000D312279BC3F580530CF80D2BA2080BF8FE
:105790000D2BDA0042EA9422299C04F80D2B5A09B9
:1057A0002A9B03F80D2B0FF06DC8402040F001E05C
:1057B000089D239828440299DDF8ACB000BF00BFD3
:1057C00051F80C2C00F8042C51E903239B0043EA08
:1057D000122200F8032C51E902231B0143EA921222
:1057E00000F8022C51E901239B0143EA121200F850
:1057F000012C51F8102B920800F8052B0FF021C056
:105800003B9840F2000AB0F1553FCAF6AA2A5AEA7C
:1058100010804EF63A56049CDDF81C90C0F21A1621
:10582000DDF8608089AF08E00AF1080002E000BFFF
:105830000AF58050DDF8ACB0089D3F9005F5A075E5
:10584000BDF808021D99884208BFCDF8FCA03F981A
:1058500031901C981D9901311D9100688142159865
:1058600000F5D0701590149800F5D070149013982E
:1058700000F5D0701390129800F5D0701290119826
:1058800000F5D0701190109800F5D07010900F981E
:1058900000F5D0700F900E9800F5D0700E900D9816
:1058A00000F5D0700D900C9800F5D0700C900B980E
:1058B00000F5D0700B900A9800F5D0700A90099806
:1058C00000F5D0700990FFF4BFA909E03198CDF838
:1058D00024A2B0F1553F5AEA00808990899831900E
:1058E00019990868304408603198B0F1553F2AD1C1
:1058F000CDF8C4A04021A0683044A060E0693F9189
:105900000168C06888472F90E06906994368C068BD
:10591000D1E9002198472F993FAA08432F90E069C9
:10592000D9F804104031D0E9023098472F99084344
:105930002F90A0683044A0602F98B0F1553F18BF59
:105940000AF1080008E03198CDF824A2B0F1553FE3
:105950005AEA00808990899831903198B0F1553F8A
:1059600008D101981C9901F54A612022406801F094
:10597000B7FC08E03198CDF824A2B0F1553F5AEABF
:1059800000808990899831903198B0F1553F0DD1C0
:10599000CDF8C4A0199801681C9800F54C624DF22E
:1059A000E460CAF6720001F0BFFD08E03198CDF85E
:1059B00024A2B0F1553F5AEA00808990899831902D
:1059C0002046FEF7B9FF31980DF5816DBDEC048BD3
:1059D00001B0BDE8F08FD4D42DE9F04184B040F29D
:1059E00000080746CAF6AA28CDF80C8040F27E309F
:1059F00002904FF0AA3001900E461168D06815460B
:105A00001C468847019020226B68E8683946984711
:105A100001990222084301906B68E8683146984773
:105A2000019902AA08430190D5E90230214698471E
:105A30000199084301900198B0F1553F27D1029890
:105A4000032827D34EF200060A99A31C002206273A
:105A5000C0F27F0600BF00BF1D7833F8024C05F08E
:105A60007F0544EA0545B54202D841F8225001328B
:105A7000874206D8B2F5807F03F1030307F10307DD
:105A8000EAD3B2F5807F05D14FF0553004E008F13C
:105A9000080001E008F580500390039804B0BDE8C9
:105AA000F081D4D4D4D4D4D42DE9F04F844600204E
:105AB0004FF0010EDDF8249041F2111B4FF0CD0A9A
:105AC0001CF8017B5A4507F00F0611D10F2E0FD09D
:105AD00006FB0AF5D9F8008008F54F44C9F80040E4
:105AE000AD0A05EB8505AC1B4FF44F45A61C0FE036
:105AF00041F22214A2424BD1082E49D8D9F80040D5
:105B0000C6F1040604F5E644C9F800404FF4E64542
:105B100043F82060FE28D9F800402C44C9F8004022
:105B200064D801305A454FEA171611D10F2E0FD005
:105B300006FB0AF4D9F8005005F54F45C9F80050A6
:105B4000A40A4FF44F4504EB8404A41BA61C0FE0E9
:105B500041F22214A24233D18F2F31D8D9F800401C
:105B6000C6F1040604F5E644C9F800404FF4E645E2
:105B700043F820600130D9F800402C44C9F80040B7
:105B8000FF2831D88E450EF1010E99D92CE000BFC7
:105B900041F23314A242C5D10F2EC3D006FB0AF442
:105BA000D9F8008044F2B005A40A04EB8404A41BD5
:105BB00008EB0506C9F8006098E700BF00BF00BF0A
:105BC00041F23314A242DBD10F2ED9D006FB0AF4E6
:105BD000D9F8007044F2B005A40A04EB8404A41BB5
:105BE0007E19C9F80060B1E7BDE8F08F4FF480700E
:105BF000BDE8F08FD4D4D4D42DE9F04741F211138D
:105C0000994203D041F2331399423ED14FF0200C18
:105C100010304CF001E0911C4FF010084FF00409D7
:105C20004FF0080A402500BF50E9046750F8082CDF
:105C3000C6F10206C2F10202A8EBC70750F8043C05
:105C40003E43076846EA8216D2B2A9EB4303446892
:105C5000ACEB0717C4F1020443EA920283683A43AB
:105C6000C76842EAC412E4B2AAEB830301F8026CEB
:105C7000A5EB471601F8012C43EA540220303243C9
:105C800001F8032B0FF031C012E04FF0800E04300A
:105C9000402100BF00BF00BF50E901370830C3F109
:105CA0000403A1EB07173B4302F8013B0FF00DC0C3
:105CB000BDE8F087D4D4D4D42DE9F04FC1B00E9014
:105CC000002015468B46CAF6AA203E903D90002043
:105CD0003C90379013A848F6252148F2776AC7F61A
:105CE000CE1100F1080202923791102229461C467B
:105CF000C0F23F3A01F09CFA3D900DF15C082B7820
:105D00009DF8540080216022009040460395802633
:105D100001F0AAFB3D99042208433D9012A82146B8
:105D2000049401F085FA3D9943F6600508433D90DF
:105D3000129B3798194650443790C3F30840C0F27D
:105D400004256FF35F2103F18002089355F82000CA
:105D50003A9055F8210006EB13416FF35F213B9019
:105D60006FF35F2241F6FF7955F82100389055F81E
:105D700022003990180C079046F001E04446CFF617
:105D8000807900BF00BF00BF14F801CB3AA80E9F76
:105D90004FF0FF360CF0010257F82C10109150F81C
:105DA00022A042F2010081FB0A38C0F28030434356
:105DB000A3FB091003FB060011910CF180010F9069
:105DC00038A857F82180DF1750F822600F9988FB18
:105DD000060307FB091342F20101C0F280314FF0C4
:105DE000FF374843DDE91021C2FB0A13A0FB09126B
:105DF00000FB0722C01700FB09200CF18002C8FB42
:105E00000610191A4BF8221018444BF82C000FF00A
:105E100045C83C98022640F055303C904FF0400871
:105E20000124089900BF00BF44F26050DDF80C90D7
:105E3000C0F204200891204499F80130B1B20E91CB
:105E400010F8012C13A8075D17A810FA86FA00971E
:105E500001F00AFB3D9944F26052C0F2042208436B
:105E60003D90121B029899F8023092794146005DEC
:105E7000CDF834A00090504601F0F6FA3D99042286
:105E800008433D9012A8049901F0D2F93D990843C6
:105E90003D90129B48F277613798C0F23F311A4625
:105EA0000844C3F308416FF35F223790180C0B903E
:105EB00055F821003A9055F822003B90079800EBE6
:105EC000134007900898002218440890C4F1080075
:105ED0000A9044F260000C93C0F2042005940696E8
:105EE00010FA86F0099000BF17A809990F92805CFC
:105EF0000A5C0B998B180C990A446FF35F236FF3BC
:105F00005F2255F82330389355F82220399248F013
:105F100001E00A99DDF834C08840109000BF00BF4E
:105F20001CF8010B109908443AA900F001025BF833
:105F300020700BEB800A51F8223042F2010187FBFE
:105F40000369C0F28031CDF844A04E4341F6FF71A1
:105F5000CFF68071A6FB01454FF0FF3106FB0159DA
:105F600038A95AF82850F61751F822204146D84649
:105F700085FB02BA41F6FF7ACFF6807A06FB0A99D2
:105F800042F20106C0F28036C7FB03490BFB06F65E
:105F9000C34688464FF0FF31A6FB0A4306FB013398
:105FA000F61706FB0A331199C5FB0243A9EB03025E
:105FB00041F8282003EB09014BF820100FF051C0E5
:105FC0000F9A3C980E99013243F6600540F0553027
:105FD0008A42C0F204253C9086D13C98059C40F052
:105FE00055303C900134069E44F26007072C4FEA7E
:105FF00058084FEA46060899C0F204277FF414AF08
:1060000003980DF15C0A0E468021C3789DF8530079
:10601000602200905046802401F026FA3D994A9A69
:1060200008433D90079848F27763101A37996FF349
:106030005F20C0F23F331944379155F820000F908C
:1060400044F001E041F6FF78DDF83CC0CFF68078FF
:106050004FF0FF39901B10901AF8012B1098BB18C5
:106060000BEBC201119193F880304E68C71843F6CC
:1060700060006FF35F27C0F2042050F8277042F2EF
:10608000010086FB0751C0F280305BF832104543B7
:1060900081FB0C03A5FB084305FB0933ED1705FB4A
:1060A000083342F20105C0F28035C6FB074368435E
:1060B000119E44F26007A0FB0854C0F2042700FBC5
:1060C0000944C01700FB0840C1FB0C50C11A7160A5
:1060D00018444BF832003C9840F055303C900FF09B
:1060E00045C83C98002540F055303C904BF6DD54B7
:1060F00037984090CAF6AA253F95C9F2CA3440980D
:10610000A04204D149F64500C1F6AE503F900321AC
:10611000049801F0E9F94098A04206D14BF61051DD
:106120003F98C3F2A67108443F903F983D990843B9
:106130003D903D98B0F1553F05D13C98B0F1553FA9
:1061400008BF4FF055353E953E9841B0BDE8F08F01
:1061500070B54FF0400E0831043000BF00BF00BFE3
:1061600010F8022C30F8043C02F0030243EA024C1F
:1061700041F808CC10F8023C10F8012C0478920188
:1061800042EA930264F3913241F8042C10F8093B7F
:10619000C2F5003210F8084C10F8075C240144EAFC
:1061A000131365F311330B6010F8074C10F8065CFD
:1061B00010F8056CC3F50033AD0045EA941444EAC9
:1061C0008624CCF50036C4F5003541E90262E1E8E9
:1061D00004350FF03BC870BD10B54FF0800E023093
:1061E000027830F8023C02F00F0243EA02420A60F1
:1061F00010F805CBC2F5002210F8043C10F8034C4F
:106200001B0143EA1C1343EA0433C3F50023E1E80E
:1062100002230FF01BC810BDF0B583B00546002760
:1062200014460E46684608222946CAF6AA2702974F
:1062300001F056F802900298B0F1553F19D14FF491
:106240000071204606F04BF946F015C005F1080034
:10625000DDE90021022300BF10F8017B03EA4206BA
:1062600052EA5F01C6F1010624F817600FF00DC075
:1062700000E00297029803B0F0BDD4D4D4D4D4D4B3
:106280002DE9F04F87B0002748F62523CAF6AA2744
:10629000C7F6CE130497029340F6AA23ADF8063052
:1062A00048F27767029BC0F23F374FF0800E3B44C5
:1062B00002934FF65C73ADF80E3000910021C0F2EE
:1062C000FF2140F201331746BDF90E60B0F90051CD
:1062D0006E4306FB01F513FB15660588A5EB164515
:1062E000A7F8005130F8025B05EB164627F8026B61
:1062F0000FF017C0BDF80E0018B940F25550ADF8B8
:106300000600BDF8060040F6AA2B58455AD10224D3
:106310004FF0400A40F2013748F277630298C0F22A
:106320003F3318440290BDF80600584541D102EBB6
:106330004A08002600BF00BF701C06EB0A0308EBEA
:10634000460C834244F26010C0F2042053EA869364
:1063500030F81400A3EB060EADF80E0002EB460079
:106360000AEB030600BF00BFBDF90E30BCF9009078
:1063700009FB03F303FB01F517FB15330588A5EBB8
:1063800013452CF8025B058805EB134320F8023B0C
:106390000FF017C0BDF80E0018B940F25550ADF817
:1063A0000600BDF806000134584502D1B6F5807FDD
:1063B000C2D3BDF80600584504D1BAF1030F4FEA25
:1063C0005A0AA9D84FF0400E4FF40000A0EE100B6F
:1063D00045F239504FF6FF419AED002F20EF504122
:1063E00023EE404EA8EF544025EE412EAAEC042F98
:1063F0000FF00FC002980690002043F26674CAF6B0
:10640000AA200590C9F28B040698A04204D149F64F
:106410004500C1F6AE5005900321009801F064F8E4
:106420000698A04206D14BF610510598C3F2A6710A
:106430000844059005980490049807B0BDE8F08FD3
:106440002DE9F04FBFB0049241F233120290DDE922
:10645000490700269042CAF6AA26119607F500764B
:1064600003D041F21112904262D103EB43004FF08E
:10647000200E4FF0020C01EB401007F20E2101300C
:1064800010F8013C03F0070821F80E8C10F8017C8D
:10649000C7F3C20921F80C9C10F8015C0478C5F31D
:1064A000811545EA840505F0070B21F80ABC04783C
:1064B000C8F10205C4F3420421F8084C0278C4F183
:1064C0000204C2F3021221F8062C10F8033BC2F1B9
:1064D000020210F8027CC3F3C01343EA470303F03F
:1064E000070321F8043C10F8027CC7F3820721F867
:1064F000027C10F802AC21F80E5CC9F1020521F80B
:106500000C5CCBF1020521F80A5C21F8084C21F85B
:10651000062CC3F1020221F8042CC7F1020221F873
:10652000022CACEB5A1221F8102B0FF057C817E0D1
:106530004FF0800E01EBC3100421324600BF00BFB4
:10654000037803F00F03138010F8017BC3F10403F9
:1065500022F8043BA1EB171322F8023C0FF011C004
:10656000002048F62521CAF6AA203C903B90002046
:106570003A90399015A8C7F6CE1100F1080203929F
:10658000399148F27764049D40F2000B10222946AD
:10659000C0F23F34C0F2FF2B00F04AFE3B9019AF2F
:1065A0002B789DF85C0080216022009038464FF0E7
:1065B000800900F059FF3B99042208433B9014A83E
:1065C000294600F035FE3B9944F2602308433B9096
:1065D000DDF850803998C8F30741C0F20423204405
:1065E000399033F811005FFA88F1ADF84C00402083
:1065F00000EB184008F14002C0B233F81110D2B2DB
:10660000ADF84E1033F810004FEA184533F8121069
:106610000895ADF84800ADF84A1049F001E00DF1D9
:106620004C0940F2013C0DF1480A394600BF00BF59
:1066300011F8012B02F0010306EB420736F9124074
:1066400039F913503AF91330B7F900016C43584344
:1066500004FB0BF300FB0BF51CFB13431CFB1500A9
:106660001C0C050CA4EB1040A7F8000105EB13402F
:1066700026F812000FF025C03A9802274FF0400C80
:10668000012540F2013A40F055303A9000BF00BF7A
:10669000CDF81C8044F26058C0F20428049C08EB3A
:1066A00005001FFA87F96378CDF840C010F8012C77
:1066B00015A80697415D19A80091494610FA87F779
:1066C00000F0D2FE3B99A8EB050208433B900398EB
:1066D0009279A3781099405D0B970090384600F0AE
:1066E000C3FE3B99042208433B9014A8214600F0C6
:1066F0009FFDDDF840C03B9908433B9048F277612D
:10670000149B3998C0F23F3108443990190C0D910F
:1067100044F26021D8B2C0F20421C3F307420E93C1
:10672000059531F8100031F81220ADF84E00C5F192
:1067300008000A9044F26040ADF84C20C0F20420FA
:106740000022CDF8309000EB4900099000BF00BF57
:1067500019A809990F9240F20008805C0E9AC0F2C5
:10676000FF2831F810700D993944174444F2602223
:10677000C9B2FFB2C0F2042232F8111032F8177019
:10678000ADF84810ADF84A704CF001E00A9900FAF3
:1067900001F70B9800BF00BF10F8011B13AB12AC40
:1067A000B146394401F0010C06EB410236F911B053
:1067B00033F91C3034F91C50DDF840C00BFB03F3F7
:1067C00032F91C606E4303FB08F506FB08F41AFB64
:1067D00015331AFB14661D0C340CA5EB164622F873
:1067E0001C604E4604EB134229F811200FF02DC017
:1067F0000F9A3A980C99013240F2013A40F0553024
:106800008A423A90A4D108980D9908440890DDF87E
:106810001C800E9880443A9840F05530059D3A907F
:106820000135069F062D4FEA5C0C4FEA47077FF4BF
:106830002FAF049C9DF85A7019A84021637830222C
:1068400000F14005009700F00FFE3B99012208433C
:106850003B90A3789DF862000221009028460F9596
:1068600000F002FE3B9940F2000A08433B90489832
:106870000899411AA0EB08000E910D90C3B248F29E
:106880007760399FC0F23F30074444F26020CAB2BB
:10689000C0F204203997002130F8122030F813306C
:1068A00040F2013CC0F2FF2AADF84C20ADF84E306A
:1068B00019A810910DF1480B475C44F26040C0F2FA
:1068C000042000EB47060E9809EBC707B6F8806076
:1068D00084190D98064444F26020E4B2C0F204200A
:1068E000F6B230F8144030F81660ADF84840ADF814
:1068F0004A60022040F001E00F9C00BF00BF00BFD3
:1069000014F8016B13A906F0010507EB460037F9EF
:10691000162031F915103BF91550B0F90480514398
:1069200008FB05F201FB0AF502FB0AF31CFB15113B
:106930001CFB13220B0C150CA3EB1242828005EBFF
:10694000114027F816000FF025C810993A98013128
:1069500040F0553040293A90AAD13A98002540F0AD
:1069600055303A9043F2667439983E90CAF6AA259B
:106970003D95C9F28B043E98A04204D149F64500EA
:10698000C1F6AE503D900321049800F0ADFD3E9855
:10699000A04206D14BF610513D98C3F2A6710844AF
:1069A0003D903D983B9908433B903B984A99B0F104
:1069B000553F06D13A98B0F1553F02D14FF05530CE
:1069C00000E028463C903C9811901198B0F1553F5A
:1069D00040F091804FF0400E44F2601201F2062028
:1069E0000299C0F2042240F2000801F1040C803246
:1069F000C0F2FF2800BF00BF3CF9021C30F904BC04
:106A00000F9132F902AB0BFB01F740F2013110920A
:106A10003CF9042C07FB08F430F9066C11FB1474E4
:106A200006FB02F714FB2AF307FB08F503FB08F348
:106A30000BFB02F213FB21F314FB2A3311FB157439
:106A40000F9D75431B0C02FB08F605FB08F703EBD3
:106A5000144311FB162220F8063C11FB1755B0F920
:106A60000040120C30F9023C02EB154220F8042CD5
:106A70003CF908BB3CF9062C0F9204FB02F503FB22
:106A80000BF205FB08F611FB1655CAF100068A4603
:106A900015FB26F707FB08F717FB21F702FB08F1A8
:106AA00015FB26751AFB112104FB0BF20F9C6343A7
:106AB00002FB08F403FB08F61AFB14222C0C1AFB49
:106AC000163304EB114120F8021C110C109A01EB53
:106AD000134120F8081B0FF071C84FF0400E4A9880
:106AE000494600BF00BF00BFB9EC040FA0EC101E68
:106AF0000FF007C000E0119511983FB0BDE8F08F8E
:106B00002DE9F04FDFB00546002016468A46CAF64A
:106B1000AA205C905B9015A848F6252140F2000958
:106B200000275A975997C7F6CE1100F10802029232
:106B30005991102231469B46C0F2FF2900F078FBA4
:106B40005B9019A873789DF854404021302200F1E1
:106B50004008009400F088FC5B99012208435B9098
:106B6000B3789DF85C000221009040460396CDF872
:106B70003C8000F079FC5B99042208435B9014A8E8
:106B80005946CDF810B000F053FB5B9944F26026F3
:106B900008435B90149A5998110C069148F277615A
:106BA0000792C0F23F31C0F204260844C2F3074105
:106BB000D2B2599036F8110012AC36F8121040F2E9
:106BC000013CADF84800ADF84A1000BF00BF00BF5F
:106BD00019A80E97C15D44F26040C0F20420C1F1D3
:106BE0007F0230F812200698831807980244DBB21F
:106BF000D2B2022036F8133036F81220ADF8443005
:106C0000ADF84620002240F001E08800109000BF5F
:106C10000F98825C1098831802F001069A1C34F9D0
:106C2000161055F823B055F8228008FB01F40BFB31
:106C300001F104FB09F001FB09F71CFB104011AC4A
:106C40001CFB1711001400EB21404AF8230034F913
:106C5000160055F8221041430BFB00F001FB09F32D
:106C600000FB09F41CFB13111CFB140012AC0914EB
:106C7000A1EB20404AF8220001220FF037C80E9FF6
:106C800044F2602601375A98402FC0F2042640F0A3
:106C900055305A909CD15A9820274FF0040B01246C
:106CA00040F2013540F055305A9000BF00BF00BFA0
:106CB00044F26050DDF80C80C0F20420001B98F80C
:106CC0000130427915A810F804C019A8C1190D9116
:106CD000611C05913946CDF800C000F0C5FB5B99F9
:106CE00008435B9044F2605098F80230C0F20420F0
:106CF0005946025D0298005D00900D9800F0B4FBCB
:106D00005B99042208435B9014A8049900F090FA60
:106D10005B9908435B9048F27761149A5998C0F2E6
:106D20003F3108445990D0B2C2F30741130C0A9383
:106D300036F8100036F81110ADF84A00069800EB4E
:106D4000124006900798ADF8481010440790A01C18
:106D5000099044F260400021C0F204200B9200EB45
:106D6000870008900C9700BF19A80E91089AAC46AE
:106D7000405CC14332F811100A9A57180B9A11441B
:106D8000FFB2C9B236F8177036F81110ADF844707A
:106D9000ADF846104BF001E00999DDF834808840E9
:106DA0000F9000BF00BF00BF18F8010B0F995646A7
:106DB0000F1812A9B8B207F001070AEB800331F9E6
:106DC00017201093594653F82B305AF820A003FB94
:106DD00002F40AFB02F204FB09FB02FB09F51CFBAF
:106DE0001B448B4611A91CFB1522241431F9177082
:106DF000109904EB22427B430AFB07F5B24603FBE2
:106E000009F705FB09F64AF820201CFB17331CFB89
:106E100016551814A0EB254041F82B000FF03DC08B
:106E20000E995A980C9F013144F2602640F20135C8
:106E3000B942C0F2042640F055305A9094D15A9885
:106E40004FEA4B0B40F055305A90059C7F08062CBA
:106E50007FF42EAF03980DF1640B80216022C3787C
:106E60009DF85A0000905846802400F0FDFA5B9986
:106E7000042208435B9014A8049900F0D9F95B99A7
:106E800048F2776208435B90149F5998C7F3074113
:106E9000C0F23F321044599036F81100402101EB06
:106EA000174107F14003FAB2ADF84800C9B20F9795
:106EB000DBB236F8122036F81100ADF84A2036F869
:106EC0001310ADF84400ADF84610380C0E900AF5DA
:106ED000007044F001E01090D04640F2013ADDF835
:106EE00040C000BF00BF00BF1BF8012B12A802F07A
:106EF00001035CF8225058F8226030F9137005FB4A
:106F000007F0774300FB09F107FB09F41AFB1100B6
:106F100011A931F913101AFB1473001405FB01F4C5
:106F2000714300EB234004FB09F548F8220001FB04
:106F300009F61AFB15441AFB16112014A0EB214088
:106F40004CF822000FF031C05A98042240F055301E
:106F50005A90039C15A8214600F06AF95B99B82263
:106F600008435B9023789DF8540019AC4FF480716E
:106F7000009020464FF4807700F076FA5B99069AED
:106F8000084368990E9BC1F500711A445B90881AFA
:106F9000079A0F9BC0B21A44ADF84C00881A04221D
:106FA000C0B2ADF84E0014A8049900F041F95B9905
:106FB00040F2000B08435B909DF8510047F001E060
:106FC00044F2602C40F2013700F00F00CAF6AA2B01
:106FD000C0F11801C0F2042C6FF0710A00BF00BFAD
:106FE00014F8015B13AA45F2395305F0010632F893
:106FF0001660ABF560123CF91660724306FB0AF6A8
:1070000017FB126258F825601214724302FB09F64E
:1070100017FB16224FF4000613FB12666FF4407341
:1070200006410E415E4306EB224248F825200FF050
:1070300029C843F2667459985E90CDF874B1C9F2CC
:107040008B045E98A04204D149F64500C1F6AE50CB
:107050005D900321049800F047FA5E98A04206D1A3
:107060004BF610515D98C3F2A67108445D905D988F
:107070005B9908435B905B98B0F1553F05D15A98F6
:10708000B0F1553F08BF4FF0553BCDF870B15C985B
:107090005FB0BDE8F08FD4D42DE9F04F82B0002767
:1070A00046F65B06CAF6AA2701974FF0AA37009763
:1070B0004FF055370097C0F201061F6800EB020839
:1070C0004FF000094FF0000B37441F6000BF00BFB6
:1070D00018F80BA04F464FF0AA35D14504D85245B9
:1070E00024BF009E46F05535BAEB070EB946009511
:1070F00015D9D146C4193D46BD420CD9267814F89D
:1071000001CCB44504D2009E46F0553602E000BFE3
:107110004FF0AA360096013501340FF013C80BF179
:10712000010B8B45D4D1574557EA8A81914515D239
:10713000A2EB010E574557EA8A81084400BF00BF01
:1071400010F8011B21B14FF0AA3104E000BF00BFCD
:10715000009941F0553100910FF00FC00098B0F147
:10716000553F09D146F65B011868C0F20101084499
:1071700018604FF0553003E041F20100CAF6AA2032
:107180000190019802B0BDE8F08FD4D4D4D4D4D407
:1071900082B040F2000C1318CAF6AA2CCDF804C035
:1071A00004D34FF2020CCAF6AA2C0FE0002300BF52
:1071B0000093009B934204D2009BC154009B013377
:1071C000F6E70098904208BF4FF0553CCDF804C058
:1071D000019802B07047D4D480B582B040F2000C60
:1071E0004FF2020ECAF6AA2C8307CAF6AA2ECDF8D1
:1071F00004C016D1131814D212F0030311D10023C6
:107200000093009B934206D2009B23F00303C150DE
:10721000009B0433F4E70098904208BF4FF0553CC0
:10722000E646CDF804E0019802B080BDD4D4D4D4B1
:107230002DE9F0418AB040F2000C83074FF20203BF
:10724000CAF6AA2CCAF6AA23CDF824C041D1161832
:107250003FD212F003063CD10C684FF0000ECDF87F
:1072600020E0002C089B08BF4FF03334072B6B46FF
:1072700016D840F20108CDF2000800BF00BF00BFE1
:10728000089F88EA5406E50708BF660843F82760A8
:10729000089C01340894089C082C3446F0D300E084
:1072A00026460E60CDF820E0089991420BD208994D
:1072B00001F01C015958089F27F00307C151089994
:1072C00004310891F0E70898904208BF4FF0553C10
:1072D0006346099309980AB0BDE8F081D4D4D4D4A8
:1072E00010B582B040F2000C4FF20204CAF6AA2C8C
:1072F000CAF6AA248307CDF804C004BF42EA0103FA
:107300005FEA837303D00194019802B010BD6FEA65
:10731000020E704598BF7145F5D8002300BF00BF2D
:107320000093009B93420AD2009B23F00303CB58A7
:10733000009C24F003040351009B0133F0E7009804
:10734000904208BF4FF0553C6446DCE7D4D4D4D417
:10735000F0B582B04FF2020E40F2000CCAF6AA2E2F
:10736000CAF6AA2C74468307CDF804C004BF42EACB
:1073700001035FEA837313D043F655400194C3F6CB
:107380003C400199814208D055300199814204D096
:107390000198704518BFCDF804C0019802B0F0BD47
:1073A000D343984298BF9942E6D800230093009BAC
:1073B00093423ED222F003030126C418CD180123C4
:1073C000F6070DD0009E26F003068659009F27F091
:1073D0000307CF59BE425FEA1F9602E000BF00BF1D
:1073E0000026DB0710D0009B6FEA930354F823308C
:1073F000009F6FEA970755F82770BB425FEA1F931B
:1074000003E000BF00BF00BF0023009F04370097C8
:10741000009F9742D4D3009864469042ACD140F686
:107420004F50C1F6CE6096B142F60671C1F66E516C
:1074300011E00098644690429ED142F6067140F6F3
:107440004F50C1F66E51C1F6CE60019109E049F688
:107450002571C1F6595101911BB949F68550C1F604
:10746000E26001990C1887E7F0B582B040F2000C99
:107470004FF0000ECAF6AA2CCDF804C0CDF800E0FB
:10748000009C8C4226D21D46022908BF0125002BF4
:10749000A1F1020308BF3325079C1D404B1E23406A
:1074A0006C1C00BF00BF00BF009D9D4204D1009D29
:1074B00000F805E008E000BF009D82EA5406E707F7
:1074C00008BF660844553446009D01350095009D6F
:1074D0008D42E9D30098884208BF4FF0553CCDF863
:1074E00004C0019802B0F0BD80B581B001220092C5
:1074F00002680123002ACDF2000308BF4FF03332A7
:1075000083EA520CD30708BF4FEA520C01EA0C0180
:10751000C0F800C041F007C000984843013900900E
:107520000FF007C001B080BD70B586B00026039192
:10753000CAF6AA260296019600960399059104962A
:10754000044605991546884204D149F64500C1F61E
:10755000AE500490FF212846FFF7C6FF05988442ED
:1075600006D14BF610510498C3F2A671084404905A
:10757000049802900298B0F1553F27D10020C5F23F
:10758000555000900398059004960598844204D1C4
:1075900049F64500C1F6AE500490FF212846FFF79A
:1075A000A3FF0598844206D14BF610510498C3F20C
:1075B000A67108440490049801900198B0F1553FD9
:1075C00006D145F255500099084309E0029800E0C1
:1075D0000198B0F1553F56EA008005960590059850
:1075E0000090009806B070BD70B58AB000260C46B9
:1075F000CAF6AA260546002806F10200099600965A
:1076000018BF002C16D10090009809900998B0F18D
:10761000553F2FD109966946226A2020904708904D
:107620000898B0F1553F23D169462846224600F01C
:1076300037F81EE069680029E5D02268002AE2D008
:10764000236A002BDFD011438907DCD1A18942F2E4
:10765000332291421DD042F22222914214D042F2B2
:1076600011229142CFD12968B1F5487FCBD114E0E6
:10767000301D09900998B0F1553F02D0204600F026
:107680009BF809980AB070BD2968B1F5946FBAD11A
:1076900003E02968B1F5C46FB5D14FF05530B2E7BA
:1076A0002DE9F04182B0144600254BF24012CAF693
:1076B000AA25C9F203020195A26042F21123A28910
:1076C0000E46804627689A4208D042F22220824223
:1076D00009D129A090ED001F2BA008E01EA090ED7D
:1076E000001F21A003E02CA090ED001F2EA090ED24
:1076F000003F07F1A4010420226A87ED003F87EDD7
:10770000041F904700900098B0F1553F16D107F143
:10771000200020223146FFF7E3FD01900198B0F1EF
:10772000553F0DD1D8F80400C7F8A00045F2FD116F
:10773000A068C0F60D410844A06001E0281D01903A
:107740000198B0F1553F02D14FF40850A080019844
:1077500002B0BDE8F08100BF200300006006000019
:10776000000300008002000002000000030000008F
:107770000A00000004000000A004000060090000EE
:1077800040040000C00300000300000002000000ED
:107790000A0000000400000020060000600C000049
:1077A0002006000080050000040000000200000028
:1077B0000B0000000500000070B301464CF60D42BE
:1077C0000020CEF2D07288808A60086820B310F062
:1077D000030221D180B582B0898942F211229142FF
:1077E000D0F8A42001920DD042F23322914206D06B
:1077F00042F22222914208D141F2A82206E041F64B
:10780000A80203E040F6A84200E0A82201A9FFF781
:107810000FFD02B0BDE8804070472DE9F04387B00E
:1078200000250446CAF6AA25002805F102000595A0
:10783000069526D0216821B3226912B3136803B3D9
:107840005368F3B19268E2B16269D2B11368C3B10F
:107850005368B3B1890714D191680029014611D04A
:10786000A28942F211218A424FF055310AD042F2E8
:1078700022239A4206D042F233239A4218BF01468D
:1078800000E001460691069805900598B0F1553F35
:107890003CD10595A088B0F5085F35D1059545F236
:1078A000FD18C0F60D48A0684044A0602668206915
:1078B00006F140030DF11009D6F8A01032690193CA
:1078C000002300270097CDF8089000F02AF80590D3
:1078D0000598B0F1553F19D1059506F12001606971
:1078E0004022002360360097CDE9016900F019F8C5
:1078F00005900598B0F1553F08D142F21120A080C3
:10790000A0684044A06001E0681C05900598B0F1B3
:10791000553F02D02046FFF74FFF059807B0BDE85E
:10792000F0832DE9F04383B008270446CAF6AA275E
:107930000E46A7F108000290E5682168284698469F
:107940009146884701900198B0F1553F21D1636875
:10795000284631464A46984701900198B0F1553F74
:1079600017D1B8F1000F05D00A9A6368284641463E
:10797000984701900198B0F1553F0AD1DDE90B120B
:107980002846A368984701900198B0F1553F57EAFF
:1079900010870297029803B0BDE8F0832DE9F04FFD
:1079A00089B040F2000B9146CAF6AA2B8A460646D9
:1079B00000280BF10200CDF81CB0CDF820B005D0A6
:1079C000BAF1000F18BFB9F1000F64D10890089800
:1079D00007900798B0F1553F53D1CDF81CB042F253
:1079E0001121B088884240F09A803446CDF81CB00E
:1079F00045F2FD11C0F60D4154F8080F084420600F
:107A00003768DAF80450D6E9061E07F1A800D7F85F
:107A1000A02007F1200307F1800CCDE900C1394611
:107A200007F1A408CDE902E4CDE9048500F098F857
:107A300007900798B0F1553F23D1CDF81CB045F21F
:107A4000FD112068C0F60D410844206007F1600177
:107A5000D9F8040020222025FFF742FC0790079860
:107A6000B0F1553F0DD1B869CAF80000C9F800500F
:107A700049F62E502168CDF653004246FFF754FDDB
:107A80004FE00798CDF820B0B0F1553F5BEA008099
:107A90000890089845E03168002997D0DAF804206A
:107AA000002A93D0D9F80430002B8FD0B769002F6B
:107AB0008CD03C68002C3FF489AF7C68002C3FF4EC
:107AC00085AFBF68002F3FF481AFF769002F3FF407
:107AD0007DAF3C68002C3FF479AF7C68002C3FF40C
:107AE00075AFBF68002F3FF471AF11431943890789
:107AF0007FF46CAFB18942F23322914220D042F23E
:107B00002222914215D042F2112291427FF45EAFBF
:107B1000DAF80010090A02297FF658AF16E00BF1D7
:107B2000010007903046FFF747FE079809B0BDE80F
:107B3000F08FDAF80010890910297FF647AF05E0C9
:107B4000DAF80010B1F5C46FFFF440AFD9F80010B7
:107B50001F297FF63BAF4FF0553037E7D4D4D4D44C
:107B60002DE9F04F8FB040F200091A9ECAF6AA29FB
:107B7000DDF86080CDF830901F460A920C468246B0
:107B8000D1E9005200208DF82F000DF12F0330466F
:107B90004146CDE9005A01F0E7FE0C900C98B0F197
:107BA000553F40F0AD81CDF830901C9A2168504689
:107BB00002F09EFC0C900C98B0F1553F40F0A08173
:107BC00005EB4500CDF830900AEB8522C0010A99FB
:107BD000DDF874C00AEB452602F5007308442568F9
:107BE0000121CDE9021C5146DDF864E0CDE9005EDB
:107BF0000496CDE9083202F083F90C900C98B0F1AC
:107C0000553F40F07D81CDF83090304621681C9A78
:107C100002F02EFD0C900C98B0F1553F40F07081B1
:107C2000CDF830902568CDF834900796FDB19DF8D9
:107C30002F60DDF824B0DDF8689000BF00BF00BF02
:107C4000F2B2484641465B4602F00DFE0D900D989B
:107C5000B0F1553F10D1013D06F101060BF5007B57
:107C6000EED140F200098DF82F60CAF6AA290D98CE
:107C7000CDF838900E900DE08DF82F60002D0D9806
:107C800040F20001CAF6AA210E91F3D0B0F1553F9F
:107C900018BF0E900E980D900D980C900C98B0F1A6
:107CA000553F40F20000CAF6AA2040F029810C900E
:107CB0000694206800283CD000214FF00072A0EE0E
:107CC000102B44F6BF634FF2FF22DDF81CB0DDF845
:107CD00024C000BF00BF00BF4FF480765D4646F071
:107CE00001E0664600BF00BFB5F8009036F8028B91
:107CF00008EB090425F8024B0FF00BC040265D4647
:107D000046F001E000BF00BF9DED002F20EF504185
:107D100023EE434EA6EF544025EE422EADEC042F49
:107D20000FF00FC001310CF5007C81420BF5007B98
:107D3000D2D100214FF400720998FFF729FA0C9074
:107D4000DDF874B00C98DDF81890B0F1553F40F2B2
:107D50000000CAF6AA2040F0D3800C90D9F80000A9
:107D6000DDE9086428B300254FF4807800BF00BF28
:107D700005EB45000A9901EBC010314602F058FDB1
:107D80000AEB452130465A4602F01AFB48F001E062
:107D90002046594600BF00BF028831F8023B1A4412
:107DA00020F8022B0FF009C0D9F8000001358542F8
:107DB000DED34FF0400EDDF86C804FF00070A0EE87
:107DC000100B44F6BF604FF2FF21224600BF00BFF8
:107DD0009AED002F20EF504123EE404EA6EF544085
:107DE00025EE412EAAEC042F0FF00FC09DF82F2096
:107DF0001A9818995B4602F036FD0C900C98B0F179
:107E0000553F40F07D800020082340F28161089EAC
:107E100043F001E0002532463C5CEC40013504F0C3
:107E2000010464420C4022F8024B0FF00BC80130F1
:107E300010362028ECD1012109981C9A02F018FC78
:107E40000C900C98B0F1553F079859D14FF4807EB3
:107E50005946099C27463A8831F8023B1A4427F8CC
:107E6000022B0FF009C04FF0200E2146089A91ED29
:107E7000801EB2EC883E12EF4008A1EC101E0FF0FD
:107E80000BC04FF0400E4FF00071A0EE101B44F6F7
:107E9000BF634FF2FF2122469AED002F20EF5041A1
:107EA00023EE434EA6EF544025EE412EAAEC042FBC
:107EB0000FF00FC0D9F8001004290CD1594602F078
:107EC000EBFCD9F81C0020F003000BEB000120466E
:107ED00002F066FD0BE05A4602F0C6FDD9F81C0020
:107EE00020F003000BEB0001204602F021FE45F2DA
:107EF000FD11D8F80000C0F60D410844C8F8000094
:107F00000C980FB0BDE8F08F70B582B016460246EF
:107F10000220002ACAF6AA20A0F102030446009318
:107F200001934BD00029044648D055680446002DE3
:107F300044D0002E044641D0D1F804C00446BCF120
:107F4000000F3BD0D6F800E00446BEF1000F35D05C
:107F5000346A002C044631D045EA0C05044645EA53
:107F60000E05AD072AD1B58942F23324A54219D0B6
:107F700042F22224A5420CD042F21124A5421CD187
:107F80001568B5F5407F18D10D68B5F5CC6F11D0E7
:107F900013E01568B5F5886F0FD10D68B5F5166F4C
:107FA00008D00AE01568B5F5C46F06D10D68B5F5BF
:107FB000466F02D14FF0553400E004460194019D14
:107FC0000095009DB5F1553F05D108461146324652
:107FD000009300F00DF800900098B0F1553F02D0EA
:107FE000304600F08DF8009802B070BDD4D4D4D4DF
:107FF0002DE9F04182B0144640F2000842F6F42226
:10800000CAF6AA28C4F65632CDF80480A26042F21D
:108010001123A2890D46064627689A4208D042F2EB
:108020002220824209D126A090ED001F28A008E05E
:108030001BA090ED001F1EA003E029A090ED001FE3
:108040002BA090ED003F07F188010420226A87ED04
:10805000003F87ED041F904700900098B0F1553F16
:108060000FD17068C7F880006868C7F8840041F6CF
:10807000B831A068C0F23B410844A0604FF05530D1
:1080800001E008F1040001900198B0F1553F02D1E0
:1080900042F22220A080019802B0BDE8F08100BF2A
:1080A00020030000600600000003000080020000C2
:1080B00002000000030000000A00000004000000AD
:1080C000A00400006009000040040000C00300009C
:1080D00003000000020000000A000000040000008D
:1080E00020060000600C0000200600008005000053
:1080F00004000000020000000B000000050000006A
:1081000070B301464CF60D420020CEF2D07288804A
:108110008A60086820B310F0030221D180B582B0D4
:10812000898942F211229142D0F8882001920DD023
:1081300042F23322914206D042F22222914208D1E9
:1081400041F28C2206E041F68C0203E040F68C42BC
:1081500000E08C2201A9FFF76BF802B0BDE8804077
:108160007047D4D4D4D4D4D42DE9F04F81B02DEDC0
:108170000C8BADF5267D00278146CAF6AA2700287C
:1081800007F102001597189721D0D9F80010F1B126
:10819000D9F81420DAB11368CBB15368BBB18907A1
:1081A00015D191680029014612D0B9F80C2042F28D
:1081B00011218A424FF055310AD042F222239A42CD
:1081C00006D042F233239A4218BF014600E001462E
:1081D0001891189815901598B0F1553F40F0CA8540
:1081E000159742F22221B9F80400884240F0088134
:1081F000159742F23321D9F800A01797B9F80C006F
:108200000AF18C03DAF80050DAF884C088420F9340
:1082100003EB8522139203EB4523109302F50072C2
:1082200004924FF000021692CDF81CA0CDF81490E5
:1082300040F0EA80002DCDF838C0129500F07E8025
:108240000E980025053011904FF48060A0EE100BC1
:1082500040F60159DDF83CB0002100BF00BF00BF6F
:1082600020205C4640F001E01198421801F5B07101
:10827000149100BF00BF00BF12F8040C12F803AC49
:1082800012F805CC12F8028C4FEA4A1320EF506125
:108290004CEA00214FEA880743EAD00C12F8013C6F
:1082A00012F80B6B47EA9A1712F80A0C02EE301B11
:1082B00047EA8321F70147EA5303070102EE70CB37
:1082C00022EE301B47EA161112F8097C12F8086CEE
:1082D00022EE703B7B0012F8077C43EAD01012F8C4
:1082E000063C03EE301B40EA4620B90103EE700B5A
:1082F00041EA9600D90023EE300B41EA571023EEF5
:10830000700B87FF782BB0FE425F25EE496EB0FE02
:10831000422FB5FF564020EF506123EE496EB5FF66
:10832000562035FE853EA4EC103E0FF05BC8129837
:1083300001350BF5007B1499854291D107980E9970
:108340004FF0000A81EF5F00C0694FF0020C20F08F
:1083500003000DF1600801EB00091020A2EE100BE4
:1083600040F601570498002409EB040319F804604F
:108370008DF860605978C6F3421E9A78DE7893F8DB
:1083800004B04EEAC1038DF861308B088DF862307D
:108390005300C2F3031243EAD1118DF8631042EA8D
:1083A00006118DF8641071088DF865104FEA8B0185
:1083B000434641EA96118DF866104FEADB018DF8CD
:1083C00067104CF001E00646B3FC044F04EF504147
:1083D00022EF526125EE476EBBFF5640AEEC044FD4
:1083E0000FF00FC00AF1010A0534BAF1200F00F1B5
:1083F0001000B9D1DDF81CA0DDF84090129D6BE0B3
:10840000781C159000F0B6BC002D4FEA85283ED0B0
:108410000FF68C100FF698110CF1010B002390ED64
:10842000001F4FF47F7040F60154B9FFC0030AF1FA
:108430008C02002791ED005F4FF40071A2EE100B4B
:108440004020A6EE101B00BF40F001E00BEB07013F
:1084500007F5A077164600BF11FD018F20FF488465
:10846000B1FC05AF24FF4AA40AEF52A12AEF5881BC
:1084700026EF56A129EE44AEB6FF5A80AEEC048F2B
:108480000FF017C0013302F50072AB42DCD1DAF80D
:108490001C004FF0800E20F003000CEB000208EBF4
:1084A0000A0000F28E20082140F60153DDF84090CA
:1084B000177807F00F0717FB0317BFB23F0920F823
:1084C000027C12F8017B3F0917FB0317BFB23F097B
:1084D00020F8047B0FF015C0DDF84C80A5B1002614
:1084E0004C46002700BF00BFDAF880002146304428
:1084F00002F09EF9DAF80010013704F5007406F571
:10850000C0768F42F0D300E00021DDF83CB00AF1E4
:1085100088025846089201F0EBFF17901798B0F1C7
:10852000553F40F07D8016A804220AF18801FEF72D
:108530007FFE17901798B0F1553F71D1DAF800A07F
:108540009DF8580014900020BAF1000FCAF6AA2036
:108550009C904FF00000A590A4904AD040F20009F2
:108560000027CFF2013918AD6FF45068089C04223F
:10857000A3A82146FEF75CFEA599B8220843A59062
:1085800023789DF88C024FF4807100902846FEF706
:108590006BFFA5992A460843A59044F668111498E4
:1085A000C0F2042131F910004FF4807141F001E074
:1085B000109901EB472100BF12F8013B31F913403C
:1085C000444304FB09F618FB1646360C21F81360E9
:1085D000A49B43F05533A4930FF013C0A598B0F1BA
:1085E000553F04BFA498B0F1553F02D1013757451C
:1085F000BCD1A598B0F1553F06D1A498B0F1553F34
:1086000002D14FF0553002E00020CAF6AA20DDF872
:108610001CA0DDF84C80DDF840909C909C98179051
:108620001798B0F1553F40F0678300205946CAF6CD
:10863000AA20179048464246DAF8006001F0C0FED2
:10864000022E1ED3012718AC4FF0200800BF00BF38
:1086500009EB472022460BEB472101F0B1FE48F021
:1086600001E02146139800BF90ED801EB1EC883EDA
:1086700012EF4008A0EC101E0FF00BC00137B742FC
:10868000E6D14FF0400E4FF00070A0EE100BDDF879
:108690004C8044F6BF604FF2FF21424600BF00BF4E
:1086A0009AED002F20EF504123EE404EA6EF5440AC
:1086B00025EE412EAAEC042F0FF00FC01698039060
:1086C00000200026CAF6AA20A3909CA8A296A196F4
:1086D000A09600F1080106914AF251510025C5F219
:1086E000C761A091089C4FF64B0918AF1022214694
:1086F000CFF20135C0F27C1907F1400BFEF798FD6F
:10870000A29930220843A2909AF889309DF870020D
:10871000402100903846FEF7A7FEA29901220843A7
:10872000A2909AF88A309DF878020221009058466B
:10873000AA46FEF799FEA29904220843A2909BA89C
:108740002146FEF775FDA29944F668170843A290EA
:10875000BDF86C12BDF86E22A0980A91C9B20B92B6
:10876000D2B2C0F204274844A09037F8110037F87D
:10877000121099AC6FF45069ADF86402ADF866124E
:10878000CDF848B000BF00BF18A81196815D44F62F
:108790006830C0F20420421A0A9892F87F20131819
:1087A0000B980244DBB2D2B2022037F8133037F80C
:1087B0001220ADF86032ADF86222002240F001E0F4
:1087C00008EBC100149000BF1BF80220149B49461F
:1087D00002F0010703EB420533F912B034F91760D8
:1087E0005446B5F9040000FB06F906FB0BF609FB3D
:1087F0000AFC06FB0AFA11FB1C9C98A96FF450694D
:1088000031F9177019FB1A66A246784307FB0BF77C
:10881000DDF848B000FB04F17C4319FB110019FBA3
:1088200014714FEA1C4799AC07EB1647000C23F86C
:1088300012700122A0EB1140A8800FF03BC8119EDE
:1088400044F668170136A198402EC0F2042740F084
:108850005530A19098D1A19820254FF0040A012607
:1088600040F05530A19000BF44F6E849079CC0F2A3
:108870000429A9EB060094F8893042799CA8815D0F
:1088800018A80091294600EB050BFEF7EDFDA29913
:108890000843A290069819F8062094F88A305146A9
:1088A000805DCDF838B000905846FEF7DDFDA29906
:1088B00004220843A2909BA80899FEF7B9FCA2994C
:1088C0000843A290BDF86E324FF64B01BDF86C2202
:1088D000A098C0F27C1110920844A090D8B2002158
:1088E000D2B2119337F810000996ADF86602B01CA9
:1088F0000D9044F6683037F81220C0F20420ADF82D
:10890000642200EB45000C900F9500BF00BF00BF34
:1089100018A8129140F2000B6FF4506C405C0C9957
:10892000CFF2013BC6438E5D1099741811990E4425
:10893000E4B2F6B237F8144037F81660ADF860428A
:10894000ADF862624AF001E00D99DDF83890884098
:10895000149000BF00BF00BF19F8010B14995746CF
:108960000C1899A9A0B204F0010408EB400631F9F3
:10897000141038F9103036F91AA00AFB01F55943E2
:1089800005FB0BF201FB0BF81CFB125298AD1CFB14
:108990001811DDF84C8035F91440120C04FB0AF56F
:1089A000BA46634302EB114105FB0BF428F81010A3
:1089B00003FB0BF71CFB14541CFB1733200CA0EB20
:1089C000134026F81A000FF039C81299A1980F9D8C
:1089D000013144F6681740F05530A942C0F204272F
:1089E000A19095D1099E0A981099013608440A90E1
:1089F000A1980B99119A062E4FEA4A0A4FEA55059B
:108A000011440B9140F05530A1907FF42DAF0798A1
:108A10000DF1600B8021602290F88B309DF876027A
:108A2000009058468024FEF71FFDA2994FF64B0296
:108A30000843A290BDF86C62BDF86E32A098C0F2F7
:108A40007C12F1B21044A09006F1400237F81100F8
:108A5000D9B212934033D2B237F81110DBB2ADF86D
:108A60006402ADF8661237F8120037F81310119649
:108A7000ADF86002ADF8621244F001E008F58070D4
:108A8000149040F200096FF4506ACFF20139DDE929
:108A900013C800BF00BF00BF1BF8012B99A802F04C
:108AA000010338F912403CF9127030F9135004FBFD
:108AB00005F07D4300FB09F105FB09F61AFB1100E7
:108AC00098A931F913101AFB1653000C4C43794343
:108AD00000EB134004FB09F52CF8120001FB09F62A
:108AE0001AFB15441AFB1611200CA0EB114028F8B4
:108AF00012000FF02FC803980422C0F50076A19849
:108B000040F05530A190089C9CA82146FEF790FBB0
:108B1000A299B8220843A29023789DF8700218AC5D
:108B20004FF48071009020464FF48075FEF79CFC56
:108B3000A299119A08430A991144A290701A0B99AC
:108B4000129AC0B21144ADF86802701A0DF51A7C81
:108B5000C0B2ADF86A0245F001E044F6681040F298
:108B6000A1516FF45062DDF84C80C0F2042000BFC8
:108B700014F8013BA9F1D35603F001073CF8177034
:108B800030F917707E434F4312FB167738F91360A4
:108B900017FB26F505FB09F515FB22F517FB2657F4
:108BA0003F0C28F813700FF01DC840F2000946F67C
:108BB0005E74A098A590CAF6AA29CDF89092C6F244
:108BC0003214A598DDF81CA0A04204D149F6450056
:108BD000C1F6AE50A49003210898FEF785FCA59835
:108BE000A04206D14BF61051A498C3F2A6710844D6
:108BF000A490A498A2990843A290A298B0F1553FDE
:108C000006D1A198B0F1553F02D14FF0553000E0A8
:108C10004846A390A39817901798B0F1553F40F09D
:108C20006B804FF0200E4046049900BF00BF00BF8C
:108C3000B1EC881E90ED803E10FF4208A0EC101EA3
:108C40000FF00BC04FF0400E4FF00070A0EE100B75
:108C500044F6BF604FF2FF21424600BF00BF00BF95
:108C60009AED002F20EF504123EE404EA6EF5440E6
:108C700025EE412EAAEC042F0FF00FC050A047F2B2
:108C8000F6520AF1200C002190ED001F49F67B20DE
:108C90000227C0F60000A2EE100BC0F2020204236D
:108CA00080EF514000BF00BF47F001E080EF50600F
:108CB000444620EF508100BFBCEC04AF22EF52C10C
:108CC0002BEE42CEA4FF5CA00AEF54A128FF4AA4D9
:108CD00026EF5A6129EE438F0FF013C055EC176B46
:108CE00008F1100850EC164B2E43204330430CF88B
:108CF000010001312029D7D117981590159800252A
:108D0000B0F1553FDDF81490CAF6AA2532D1159579
:108D100041F6B834C0F23B44D9F808002044C9F801
:108D20000800DAF80000DAF81010DAF880300AF1FA
:108D3000400700EB400018AE800201EBD002D9F8EA
:108D4000140022F003020AF1200113442022CDE98D
:108D500000270296FEF7E5FD15901598B0F1553FF6
:108D600017D1D9F808002044C9F8080042F233208E
:108D7000A9F804001598B0F1553F02D04846FFF716
:108D8000BFF915980DF5267DBDEC0C8B01B0BDE843
:108D9000F08F05F10800FFF734BB00BF00BF00BF34
:108DA00000000000020000000400000006000000B7
:108DB000080000000600000004000000020000009F
:108DC000000000000100000002000000030000009D
:108DD0002DE9F04FADF26C6D40F2000A8B46CAF6F9
:108DE000AA2A044600280AF10200CDF864A6CDF8AC
:108DF0001CA0CDF818A0CDF844A018BFBBF1000FFF
:108E000040F0B28011901198CDF86406DDF8640648
:108E1000B0F1553F40F09D80CDF864A642F2332179
:108E2000A088884240F0E280A146CDF864A641F6D1
:108E3000B8382768C0F23B48E06959F8081F20227B
:108E40004144C9F8001039680892D7E920230DF190
:108E5000200C01EB4101BE698D0239690096CDF805
:108E600008C001EBD501203121F00301114409AA0A
:108E700001922022FEF755FDCDF86406DDF8640668
:108E8000B0F1553F65D12068A268E908D4E90665CC
:108E90004244A260CDF864A68C30D7F8802007F158
:108EA00020030A4407F16001CDE9001602A907F189
:108EB000880E0DF1440C81E8204239467646CDF803
:108EC00014C0FEF74DFECDF86406A0684044A060D3
:108ED000DDF86406B0F1553F40F0D38043F65545C8
:108EE000CDF864A62020CBF80000FF213046C3F661
:108EF0003C45FEF7F9FABA69D7F8840011A9FEF7E4
:108F000027FA07900798A84273D10020FF21C5F2E5
:108F10005550CDF864063046FEF7E6FABA69D7F840
:108F2000840011A9FEF714FA06900698A84279D198
:108F300045F25550DDF864160843CDF86406DDF8B7
:108F40006406CDF864A6B0F1553F71D107F1400138
:108F500057E0DDF86406CDF844A0B0F1553F5AEA79
:108F600000801190119898E0216800293FF44AAFE1
:108F7000DBF80420002A3FF445AFA369002B3FF43F
:108F800041AF1F68002F3FF43DAF5F68002F3FF4F3
:108F900039AF9B68002B3FF435AFE369002B3FF4FA
:108FA00031AF1F68002F3FF42DAF5F68002F3FF4F3
:108FB00029AF9B68002B3FF425AF114389077FF44D
:108FC00021AFA18942F21122914208D042F233220C
:108FD000914204D042F2222291427FF413AFDBF897
:108FE00000101F2988BF4FF055300BE70AF1010030
:108FF00053E005F155000799814216D1CDF864A6DA
:1090000009A9DBF804002022FEF76AF9CDF864060E
:1090100041F6B831D9F80000C0F23B410844C9F824
:10902000000005E0CDF864A602E00798CDF86406DC
:1090300005F155070798B84209D1DBF8040009A9E2
:109040002022FEF785F906900698A84230D141F615
:10905000B831D9F80000C0F23B410844C9F800001B
:10906000DDF86406B0F1553F0BD1CDF864A645F6A6
:10907000B120D9F80010C7F63C103246FEF754FA7A
:109080000BE0DDF86406CDF868A6B0F1553F5AEA6A
:109090000080CDF86806DDF86806CDF86406204645
:1090A000FFF72EF8DDF864060DF26C6DBDE8F08F69
:1090B0000698B84202D1CDF864A6D1E70698CDF85B
:1090C0006406CDE7F0B593B002250446CAF6AA259A
:1090D0001646A81E2A461290109008905CB323688A
:1090E0002A4643B39A072A4625D1226A002A2A46ED
:1090F00021D0A28942F211239A4208D042F23323AE
:109100009A4204D042F222239A422A4613D181B1D4
:109110004FF055327EB14B686BB172684AB11A4359
:1091200092072A4607D10A68202A4DD332681F2A9F
:109130004AD94FF055320892089A1292129AB2F117
:10914000553F36D11290A1B19EB1496808A820229E
:10915000FEF7C6F810902F461098B0F1553F1DD17C
:10916000716868462022FEF7BBF8109010A82F46C1
:109170000FE0226A08A9202090471190AF1C119897
:10918000B0F1553F0AD1226A6946202090471190DC
:1091900011A80068B0F1553F57EA1087129712984E
:1091A000B0F1553F05D108A86946224600F010F8F5
:1091B000054612951298B0F1553F02D0204600F0B6
:1091C00097F8129813B0F0BD2A46B4E7D4D4D4D49B
:1091D0002DE9F04182B0144600274BF6C422CAF6AE
:1091E000AA27C8F2A7120197A26042F21123A2890E
:1091F0008846064625689A4208D042F222208242DA
:1092000009D12BA090ED001F2DA008E020A090ED2B
:10921000001F23A003E02EA090ED001F30A090EDD2
:10922000003F05F2A4610420226A85ED003F85ED30
:10923000041F904700900098B0F1553F1AD105F1F6
:10924000200020223146FEF74BF801900198B0F142
:10925000553F11D105F14400202241460197FEF708
:109260003FF801904AF25151A068C0F2C76108442A
:10927000A06001E0381D01900198B0F1553F02D186
:1092800042F24420A080019802B0BDE8F08100BF06
:1092900020030000600600000003000080020000C0
:1092A00002000000030000000A00000004000000AB
:1092B000A00400006009000040040000C00300009A
:1092C00003000000020000000A000000040000008B
:1092D00020060000600C0000200600008005000051
:1092E00004000000020000000B0000000500000068
:1092F00078B301464CF60D420020CEF2D072888041
:109300008A60086828B310F0030222D180B582B0C9
:10931000898942F211229142D0F8A42601920DD0FF
:1093200042F23322914206D042F22222914208D1E7
:1093300041F6A80207E041F6A86204E041F2A82243
:1093400001E04FF4D56201A9FDF772FF02B0BDE85C
:109350008040704780B582B040F2000ECAF6AA2E57
:10936000CDF800E00EF1020CCDF804E0B0B10268D7
:10937000A2B112F00302634611D1828942F2112395
:109380009A424FF055330AD042F222218A4206D047
:1093900042F233218A4218BF634600E063460193DC
:1093A000019900910099B1F1553F16D1CDF800E037
:1093B00042F24422818891420CD14AF25152816892
:1093C000C0F2C7621144816042F2552181804FF0A2
:1093D000553101E00EF1010100910099B1F1553FC5
:1093E00001D0FFF785FF009802B080BDD4D4D4D45B
:1093F0002DE9F04FA5B040F200081D46CAF6AA2894
:109400008346002808F10200CDF83C80CDF8488062
:1094100018BF002940F0AB80129012980F900F985F
:10942000B0F1553F40F07D82CDF83C8042F25523AB
:10943000BBF80400984240F019810C92CDF83C80B2
:10944000DBF800A0CDF88880D1F804900E91DAF80E
:1094500000008AF8400000228DF847200D900AF1A4
:109460002001DBF8140000922122002310AF12AC7F
:10947000CDE90147FEF755FA22902298B0F1553F09
:1094800040F0B481CDF8888004F12001DBF81C00A5
:109490000DF14703DAE900720AF5D566CDE90076E9
:1094A0000C4600F061FA22902298B0F1553F40F04E
:1094B0009D81CDF888800AF2A462DAF80010304667
:1094C0001346069200F08CFA22902298B0F1553F94
:1094D00040F08C810D98CDF88880DBF818104FF0A3
:1094E000000C06EB40270A9706EB8022DAF8000012
:1094F00002F50073CDE903970B928DE8031012A8D3
:10950000314600F0FDFC22902298B0F1553F40F02A
:109510006D810995CDF88880DAE900600890DBF864
:109520001C000790CDF88C80DEB19DF84770A146F5
:109530000B9C3546FBB29E4240F09D800798494601
:10954000089A009400F039FE23902398B0F1553F1B
:1095500040F091800137013D04F5007406F10106E9
:10956000E8D12398CDF89080099D24908EE0DBF817
:109570000060002E3FF450AF002A3FF44DAF4C681E
:10958000002C3FF449AF002D3FF446AF5368002B49
:109590003FF442AFD5F804A0BAF1000F3FF43CAF5E
:1095A000DBF81070002F3FF437AFAC463D68002D5C
:1095B0005FD07D68002D5CD0BF686546002F3FF40A
:1095C0002BAFDBF81470002F3FF426AF3D68002D61
:1095D0004FD07D68002D4CD0BF686546002F3FF40A
:1095E0001BAFDBF81870002F3FF416AF3D68002D5D
:1095F0003FD07D68EDB3BF68DFB3DBF81C70C7B345
:109600003D68B5B37D6889469646002D00F0A1817E
:10961000BF68002F00F09D8144EA0601194341EA2A
:109620000A01890740F09581DEF800102029C0F07A
:109630009081DCF800102029C0F08B81BBF80C1061
:1096400042F23322914200F0888142F2222291427A
:1096500000F0788142F21122914240F07A81D9F8EB
:1096600000104909322900F2728172E108F101000B
:1096700060E16546D0E6002D2398CDF890803FF458
:1096800073AF099DB0F1553F18BF249024982390E3
:10969000239822902298B0F1553F40F0A780CDF852
:1096A0008880069ADAF800100B98134600F098F9B3
:1096B00022902298B0F1553F40F09880CDF88880F4
:1096C000DAF800100891002900F0878000230021BB
:1096D00040F24952C5F249036FF450604FF00077F1
:1096E000A0EE107B44F6BF694FF2FF24DDE90A7655
:1096F000202545F001E03D469DED002F23EE625E02
:1097000023EE633EB0EF522023EE404E9DED042F3A
:1097100023EE627E23EE633EB0EF522023EE406ED6
:10972000B0FF5420ADEC082FB0FF56200DED042FF4
:109730000FF01FC04FF4807545F001E03D460A97D9
:109740000B9600BF00BF00BF2F8836F802CB6744DE
:1097500025F8027B0FF009C0402747F001E00A9F7F
:109760003D4600BF00BF00BF9DED002F20EF5041E0
:1097700023EE494EA6EF544025EE442EADEC042FC7
:109780000FF00FC0089E013107F50077B1420B9E24
:1097900006F50076ACD10D98002500260E9F0AF143
:1097A00084040AF5D56940020D900D98611948446A
:1097B00000F0E2FC78684119484600F0DDFCDAF878
:1097C0000000013609F5007905F5C0758642ECD335
:1097D00000EB4000099DC00102E000200AF1840472
:1097E000204412A92022FDF77BFD229022980F90A1
:1097F0000F98B0F1553F40F0948009954AF25151CD
:10980000CDF83C80C0F2C761DAF81060DBF80800E0
:109810000844CBF808000AF18409DBF810000AF1CB
:10982000640524A9002200920023CDE90151494694
:109830003246FEF776F80F900F98B0F1553F70D191
:10984000CDF83C804946DAF800000E9F324600EB26
:1098500040008402786800EBD400FDF741FD0F90D2
:109860000F98B0F1553F5CD1E008CDF83C8006443C
:10987000786826F00301202208442946FDF730FDD0
:109880000F900F98B0F1553F4BD14AF25154DBF88D
:109890000800C0F2C7640AF144052044CBF8080070
:1098A000CDF83C8006F12000796820F003000844E0
:1098B00020222946FDF714FD0F900F98B0F1553F77
:1098C0002FD1DBF8080020222044CBF80800CDF887
:1098D0003C8006F140000C9E38600AF120012024F3
:1098E0007068FDF7FDFC0F900F98B0F1553F18D14F
:1098F000099F3460202229467868FDF7F1FC0F901B
:109900000F98B0F1553F0CD1202038604FF25950DC
:10991000DBF808100AF2A462CAF28D30FDF704FEEB
:1099200008E00F98CDF84880B0F1553F58EA008024
:10993000129012980F905846FFF7DAFC0F9825B056
:10994000BDE8F08FD9F8001049094A2901D94FF034
:1099500055306546724649465EE5D9F8001049091A
:109960006229F4D8F5E7D4D42DE9F04784B00C9DF2
:1099700040F20008CAF6AA28CDF80880E5B10746EB
:1099800018781C4691468A460D9E00BF00BF00BF56
:10999000C3B2384651464A46009600F00EFC02908B
:1099A0000298B0F1553F0CD12078013D06F50076C4
:1099B00000F101002070EBD10298CDF80C800390EB
:1099C00008E0002D0298CDF80C80F8D0B0F1553F9A
:1099D00018BF039003980290029804B0BDE8F08786
:1099E0002DE9F04FC5B0CDE907234AF2515302905B
:1099F00000200029CAF6AA20C5F2C76342904FF0A2
:109A000000004190409003913F903F9300F03D82D1
:109A10001BA8002508300590CFF201351FA84FF094
:109A200000086FF450670DF1580B4030069000BFEE
:109A3000079C10221BA82146FDF7FAFB41990DF166
:109A40007C090843419023789DF8740080216022AE
:109A500000904846FDF708FD4199042208434190D3
:109A60001AA80899FDF7E4FB41994FF64B02084309
:109A700041901A9E44F668143F98C6F30741C0F21D
:109A80007C12C0F2042410443F90402234F81100AC
:109A9000F1B202EB164206F14003D2B2DBB234F867
:109AA0001110ADF85C00ADF85E1034F8120034F817
:109AB0001310ADF85800ADF85A10802040F001E0C6
:109AC000300C0B9002980C9600EB4824484617AED9
:109AD000CDF8108000BF00BF10F8011B01F001029B
:109AE00004EB410934F9118036F912C03BF912A098
:109AF000B9F9003108FB0CF203FB0AF302FB05FC89
:109B000003FB05F817FB1C2217FB18334FEA124C16
:109B10004FEA1348ACEB1343A9F8003108EB1242AB
:109B200024F811200FF029C01394022740984025F3
:109B3000012440F05530409044F6E848DDF81C9090
:109B4000C0F20428B9B208EB040099F80130129170
:109B500010F8012C1BA810F804C01FA810FA87FAEF
:109B6000CDF800C0FDF780FC4199A8EB0402084342
:109B700041900598927999F802302946005DCDF818
:109B800044A000905046FDF76FFC41990422084321
:109B900041901AA80899FDF74BFB41990843419061
:109BA0004FF64B001A9B3F99C0F27C1001443F9145
:109BB000180C0F9044F66810C3F30742D9B2C0F2F4
:109BC00004201093099430F8122030F811100B98EB
:109BD000ADF85C2000EB13400B900C980022184469
:109BE0000C90C4F108000E9044F66830ADF85E1099
:109BF000C0F204200A9710FA87F00D9000BF00BF52
:109C00001FA80D99149244F66817805CC0F20427CF
:109C100040F2000B16ACCFF2013BA9460A5C0F994B
:109C2000531810990A44DBB2D2B237F8133037F820
:109C30001220ADF85830ADF85A2045F001E00E99E9
:109C4000DDF844A088406FF45061DDF84C80159039
:109C50001AF8010B159A104400F0010208EB4003BA
:109C600036F912C038F9106034F9122033F919703E
:109C700006FB0CF67A4306FB0BF702FB0BF511FB18
:109C8000176711FB15223E0C150CA6EB124217AEFE
:109C900023F8192005EB174228F810200FF029C0EF
:109CA000149A4098129901324D4640F055308A423C
:109CB0004090A5D14098099C40F055304090013427
:109CC0000A9F062C4FEA55054FEA47077FF434AF49
:109CD000079D9DF87200402130226B7800901FA8EC
:109CE000FDF7C2FB4199012208434190AB789DF8F2
:109CF0007A00022100900698FDF7B6FB41994FF6D5
:109D00004B03084341900B980C993F9AC0F27C1387
:109D1000404249421A443F9244F66812C0B2C9B266
:109D2000C0F20422089D32F8100032F81110ADF88C
:109D30005C00ADF85E1004221AA82946FDF778FAF7
:109D4000419904220843419019A82946FDF770FA69
:109D5000419904220843419018A82946FDF768FA62
:109D600041994FF2FF29084341909DF865009DF805
:109D7000611000F00F08C8F11A00159001F00F00F3
:109D80000021C0F11A0A14901FA812910B9A0C9B83
:109D9000405C44F66831C0F2042144F6BF6B0144D4
:109DA00091F840108A1AC91A44F66813D2B2C9B29F
:109DB000C0F2042333F8122033F81110ADF8582004
:109DC000ADF85A10022141F001E0139901EBC000F7
:109DD000069900BF00BF00BF11F8012B17AB6FF44D
:109DE000506402F0010500EB420C30F9127033F9B7
:109DF000156016AB33F915504346BCF904807E4319
:109E000008FB05F598460023CFF2013306FB03F764
:109E10006B4314FB176614FB13534FF00074350C9F
:109E2000A5EB13461BFB064705EB13431BFB034542
:109E3000159C47FA08F72741149C254107FB096642
:109E400045FA0AF5ACF8046005FB093320F8123036
:109E50000FF03FC012994098013140F05530402931
:109E6000409091D1DDF810804098039908F10108E5
:109E700000256FF450678845CFF201350DF1580B7E
:109E800040F0553040907FF4D3AD00254CF60D20C6
:109E90003F994491CAF6AA254395C0F66A200399D2
:109EA0004AF25152C5F2C76201FB00244498844231
:109EB00004D149F64500C1F6AE50439003210898FD
:109EC000FDF712FB4498844206D14BF6105143989B
:109ED000C3F2A671084443904398419908434190C6
:109EE0004198B0F1553F05D14098B0F1553F08BFBA
:109EF0004FF055354295429845B0BDE8F08FD4D427
:109F00002DE9F04F81B02DED048B94B040F20008A4
:109F10000692CDE90231014607A82022CAF6AA28F6
:109F2000CDF84080FDF7DCF910901098B0F1553F66
:109F300040F01B81269800214FF40062CDF840804C
:109F4000FDF726F910901098B0F1553F40F00D81C3
:109F50002298CDF84080002800F00181DDE92349F6
:109F6000002001904FF0AA3A08F1080005904FF048
:109F70000070A8EE100B0020049000BF00BF00BFCF
:109F800004982699C0B200254FF0000B01EB402643
:109F9000B9F1000F04995BEA018051EA0B818DF859
:109FA0003C008DF83D10CDF84C80CDF848A0E76816
:109FB00021683846884712901298B0F1553F1FD15A
:109FC000CDF848A022226368384607A99847129026
:109FD0001298B0F1553F13D1CDF848A04FF4D2708C
:109FE0001190A3683846259911AA984712901298A3
:109FF0000599B0F1553F51EA108002E000BF00BF63
:10A00000059813901398B0F1553F43D1CDF84C808B
:10A01000DDF8949011994FF480724846069BA24651
:10A02000444600F0F9F9B0F5807F05D14FF0553086
:10A0300029E000BF00BF00BF80464FF0AA30129059
:10A040004FF4D2701190DAF808303846494611AA18
:10A05000984712901298B0F1553F059813D1139478
:10A06000C8F580720698119900EB4803259800F016
:10A07000D3F94044B0F5807F41F20200CAF6AA202D
:10A0800008BF4FF05530A046DDF8909054464FF091
:10A09000AA3A1390139810901098B0F1553F1FD121
:10A0A000039800EB4521029D06982A4600F088F9A6
:10A0B0004FF4807040F001E0304600BF00BF00BFA9
:10A0C000028835F8023B1A4420F8022B0FF009C031
:10A0D0000BF1010B22985FFA8BF5A8423FF658AFBF
:10A0E0002298A8421098CDF84C8005D0B0F1553F89
:10A0F00018BF139001E000BF1390139810901098B0
:10A100004FF2FF21B0F1553F1DD1402040F001E05A
:10A1100044F6BF6000BF00BF9EED000F28EF58213E
:10A1200021EE402EA6EF522023EE410EAEEC040F9E
:10A130000FF00FC00498229901300490C0B2019032
:10A1400081423FF61DAF0198229981421098CDF8C7
:10A150004C8007D0B0F1553F18BF139003E0109822
:10A16000CDF84C80139013981090109814B0BDEC5B
:10A17000048B01B0BDE8F08F80B54FF0800E023146
:10A1800000F1020C00BF00BF3CF9022C3CF9043B7B
:10A19000002A48BF02F60152002B48BF03F60153C4
:10A1A000180101F8022C40EA122001F8010C1809EC
:10A1B00001F8030B0FF019C080BDB0B5B2B01C465A
:10A1C0001546002201ABCAF6AA223192AA010092DA
:10A1D000224600F00DF831903198B0F1553F04D18E
:10A1E000369A01A8294600F03FF8319832B0B0BD48
:10A1F000F0B58DB00027164605461298CAF6AA2774
:10A200000C97019002A820221C46FDF769F80C90DB
:10A210000C98B0F1553F22D10C978DF82860EE686C
:10A220002968304688470B9008370B98B0F1553FA6
:10A2300014D16B6802A92122304698470B900B98E5
:10A24000B0F1553F0AD1AB6801AA30462146984784
:10A250000B900B98B0F1553F57EA10870C970C986C
:10A260000DB0F0BDD4D4D4D410B52DED108B03298E
:10A2700031D14BA14FF0400E49F2492C91ED001F16
:10A280004BA1C0F2240CB9FFC003023091ED005F76
:10A2900080EF5720B9FFC44330F8023C10F8031B8D
:10A2A00043EA01410CEA510301EA0C0423440CEA9D
:10A2B00091011944A6EE101B20FF468408EF52813D
:10A2C00024FF466406EF526128FF4668AAEC046F3B
:10A2D0000FF01FC040E022A14FF0200E033091ED9F
:10A2E000001F23A1B9FFC00391ED003F24A1B9FFD6
:10A2F000C22391ED005F26A1B9FFC44391ED007F19
:10A300004FF05531B9FFC66380EF538000BF00BFE7
:10A3100050F8033C043001EA530423F0AA332344E9
:10A32000AAEE103B22FF4AC40CEF58C126FF4AE4B4
:10A330000EEF58E12CFF4EC88AED04CF20FF4AC42F
:10A340000CEF58C124FF4AA40AEF58A12CFF4AA8D9
:10A35000AAEC08AF0FF025C0BDEC108B10BD00BFFC
:10A360000000000004000000080000000C000000D5
:10A370001000000014000000180000001C00000085
:10A3800002000000060000000A0000000E000000AD
:10A3900012000000160000001A0000001E0000005D
:10A3A00000000000060000000C0000001200000089
:10A3B00003000000090000000F000000150000006D
:10A3C0002DE9F04381B0064644F6E830C0F204209F
:10A3D00014460D4600F180084FF0400900BF00BF51
:10A3E00038F9027B3046294623463A4600F040F8C9
:10A3F0007A42301D291D231D12B200F039F8B9F13F
:10A40000010904F1080405F1080506F10806E7D181
:10A4100001B0BDE8F083D4D4032927D370B500F18F
:10A42000020C00204FF0060E1CF8026C1CF8014CC8
:10A430009CF8005064F30B26B6F5506F02D823F851
:10A4400010600130904208D22D0145EA1414B4F591
:10A45000506F9CBF23F810400130904205D28E45CA
:10A460000EF1030E0CF1030CDED970BD0020704715
:10A4700070B5B0F902C0B1F902E06FF450660EFB9E
:10A480000CFE40F2000CCFF2013C0EFB0CF416FB6C
:10A4900014E414FB22F505FB0CF515FB26F514FB63
:10A4A0002252120C1A80B0F90050B1F900406543F5
:10A4B00005FB0CF416FB145502EB15421A80B0F99B
:10A4C0000020B1F902506A4302FB0CF516FB15227D
:10A4D000150C5D80B0F90200B1F90010484300FB93
:10A4E0000CF116FB1100000C00EB1240588070BDFF
:10A4F0002DE9F04F81B02DED048B88B00024834608
:10A50000CAF6AA24002901920594009140F6AA20D7
:10A51000ADF80E0000F0A38044F6E83A40F20008DF
:10A5200000200290C0F2042ACFF201386FF4506983
:10A530004FF00070A8EE100B4AF251500594C5F28E
:10A54000C7600490012080214FF64B03049AC0F2AB
:10A550007C130BEB410C1A440023049200BF00BF94
:10A560005F1C5D183AF91040BD4255EA83960BEB2B
:10A570004305A6EB030E0CEB43078B1900BF00BF8E
:10A58000B7F90060664306FB08F219FB12622E88D9
:10A59000A6EB124627F8026B2E8806EB124225F82E
:10A5A000022B0FF013C8B3F5807F00F10100D7D361
:10A5B000BDF80E2040F6AA239A4203D103294FEAA0
:10A5C0005101C1D8BDF80E0040F6AA21002446F67C
:10A5D0005E758842CAF6AA24C6F232153FD10498A5
:10A5E000079006940798A84204D149F64500C1F6A1
:10A5F000AE50069003210198FCF776FF0798A84219
:10A6000006D14BF610510698C3F2A6710844069085
:10A61000069805900598B0F1553F20D1402044F6AA
:10A62000BF6140F001E058464FF2FF2200BF00BF7B
:10A6300098ED000F28EF582121EE412EA6EF522071
:10A6400023EE420EA8EC040F0FF00FC00299009801
:10A6500001310BF5007B814202917FF46DAF0598CB
:10A6600008B0BDEC048B01B0BDE8F08FD4D4D4D4D5
:10A670002DE9F04F8BB000240029CAF6AA240192DC
:10A6800005900894009140F6AA20ADF81A0000F059
:10A69000C88040F2000B4FF0007A44F6BF696FF4B7
:10A6A0005068CFF2013B0020029000BF00BF00BF06
:10A6B0004AF251504FF07F0C02250894C5F2C76052
:10A6C000079000BF00BF00BF4FF64B00079AC0F2D3
:10A6D0007C100023024407920598049500EB450086
:10A6E000039000BF00BF00BF5A1C5E19514644F6DC
:10A6F000E830964256EA839AC0F20420AAEB030E91
:10A7000030F91C40039800EB4306059800EB430228
:10A7100005EB0A038A4600BF118830884718401AA3
:10A7200019FB07A514FB00F0A91600FB0BF511FBA4
:10A73000087118FB150022F8021B000C26F8020B0A
:10A740000FF017C0B3F5807FACF1010C049DCBD3A3
:10A75000BDF81A0040F6AA21884203D1412D4FEAE4
:10A760004505B1D3BDF81A00002446F65E75CAF659
:10A77000AA248842C6F2321553D107980A90099448
:10A780000A98A84204D149F64500C1F6AE50099096
:10A7900003210198FCF7A8FE0A98A84206D14BF6BF
:10A7A00010510998C3F2A6710844099009980890BD
:10A7B0000898B0F1553F34D12020002240F001E04C
:10A7C00040F2A1510598CDF6A10200BF00BF00BF25
:10A7D00098ED000F21EE613E21EE621EB0EF5000B9
:10A7E00021EE482E98ED040F21EE615E21EE621EEF
:10A7F000B0EF500021EE484EB0FF5200A8EC080F19
:10A80000B0FF540008ED040F0FF01FC0029900982C
:10A81000013102918142059800F5007005907FF4A6
:10A8200047AF08980BB0BDE8F08FD4D4D4D4D4D4BB
:10A8300080B54FF0800E0130023100BF00BF00BF75
:10A8400010F8012C037863F30B2221F8022C10F886
:10A85000032B10F8023C1B0143EA121221F8042BCF
:10A860000FF013C080BDB0B5A2B000241D4601ABEF
:10A87000CAF6AA24219480240094FFF7B9FC219001
:10A880002198B0F1553F04D101A802212A46FFF7D3
:10A89000EBFC219822B0B0BD2DE9F04F86B041F21B
:10A8A00000634EF2000484464FF0000AC3F6FB73C7
:10A8B000C4F6BE64002200BF4FF0000B0092CDF83A
:10A8C00004C000BF00BF00BF082002AD40F001E09F
:10A8D000674600BF00BF00BF37F9026B98464FF0D4
:10A8E0000009002E48BF06F60156B6B2E6FB048901
:10A8F00058EADF796FF3DF2825F8028B0FF015C0D7
:10A90000BDF80870BDF80A6001EB0A05BDF80C201F
:10A91000F00001F80A7040EA1720BDF80E70687068
:10A92000900140EA5610A8707E00BDF810004FEA72
:10A93000920E85F803E046EA922EBDF81220060139
:10A940000BF1010B46EAD7176F71D70185F804E0C8
:10A9500047EA1010BDF81470A871BDF81600BE00CB
:10A960004FEA520E46EA52222A724201BBF1200FF0
:10A970000AF10B0A0CF1100C85F807E042EA971275
:10A980006A724FEAD000A8729ED1009ADDF804C026
:10A9900001320CF5007C042A8ED106B0BDE8F08FA0
:10A9A0002DE9F04F81B02DED048B4FF0200E40F6D5
:10A9B0000152A0EE102B4BF200324AF6C07CC0F2DE
:10A9C000FF320231C0F2130CA2EE102B00BF00BF09
:10A9D000B8EC084FB1FF546006EF506126EF4448D1
:10A9E00022EF526125EE4C6E18ED044FB1FF5480FA
:10A9F00008EF508128EF444822EF528125EE4C8E1B
:10AA0000A5FF564052EC158B55EC149B4FEA880479
:10AA1000A5FF584049EA451701F8027C5AEC146B2F
:10AA200044EAD50444EAC21401F8014C5BEC153B3E
:10AA3000350145EA52024FEA4A0545EA161401F883
:10AA4000052B44EA831201F8042C4FEACB0242EAB8
:10AA5000930201F8032C0FF045C8BDEC048B01B044
:10AA6000BDE8F08FD4D4D4D42DE9F04F85B00029BF
:10AA700000915AD04DF2375C4DF6004581464FF0BB
:10AA8000000AC8F2090CC4F6BE650023042000BF0A
:10AA90004FF0000B0193CDF8089000BF00BF00BF3E
:10AAA00040F001E003AB4E4636F9028B64460027C6
:10AAB000B8F1000F48BF08F601581FFA88F1E1FB12
:10AAC00005476FF39F2723F8027B0FF013C8BDF8EB
:10AAD0000C10BDF80E30BDF8104002EB0A079E00C6
:10AAE00002F80A1046EA112EBDF8121026010BF1E9
:10AAF000010B46EA9313BB708B01BBF1400F0AF1C7
:10AB0000050A09F1080987F801E043EA1413FB700C
:10AB10004FEA91013971C3D1019B00990133DDF8EE
:10AB200008908B4209F50079B2D105B0BDE8F08FED
:10AB30002DE9F04381B02DED048B4FF0200E40F64F
:10AB40000152A0EE102B49F67B224AF6B07CC0F6EB
:10AB500000020331C0F2130CA2EE102B00BF00BFA5
:10AB6000B8EC084FB1FF546006EF506126EF44483F
:10AB700022EF526125EE4C6E18ED044FB1FF548068
:10AB800008EF508128EF444822EF528125EE4C8E89
:10AB9000A4FF564058EC159B55EC144BA4FF5840AD
:10ABA00044EA051401F8034C57EC146B49EA081405
:10ABB00001F8024C53EC152B46EA071401F8014C3E
:10ABC00042EA031201F8042B0FF037C0BDEC048BEE
:10ABD00001B0BDE8F083F0B585B004464FF0AA306F
:10ABE0000290019034B3266826B304F10C050F21BE
:10ABF0002846FCF779FC40F2555044F67141C5F205
:10AC00005320CCF20171C6F8D800C6F8DC10A08839
:10AC100043F2A22188420EDD43F2A321884215D0DF
:10AC200045F2CA31884214D045F6554188421CD1BC
:10AC300088200FE043E042F25C3188420CD042F6BB
:10AC4000A341884211D14820402107E068203021EB
:10AC500004E0A820306003E088202021C6E900013C
:10AC600044F6F610C0F68B300290D6F8DC0042F6BF
:10AC700013273844C6F8DC000F212846FCF734FCC3
:10AC80004FF0AA30049006F108000021C8220025E8
:10AC9000FCF7A2FA0490C6E93455D6F8DC00384433
:10ACA000C6F8DC00049801900198B0F1553F06D138
:10ACB00040F6CB710298C1F66F510844029045F6F8
:10ACC000C1110298C2F6FA01884232D100214AF23B
:10ACD0009705D6F8DC00CAF6AA2104900391CCF2BD
:10ACE00001750498A84204F10C0004D149F645010D
:10ACF000C1F6AE5103910F21FCF7F6FB0498A84270
:10AD000006D14BF610510398C3F2A6710844039084
:10AD1000039801900198B0F1553F0AD14FF6943154
:10AD20000298C2F65A410844029046F68200A6F8FC
:10AD3000DA000298B0F1553F06D00298B0F1AA3F70
:10AD400002D04FF0AA300290029805B0F0BDD4D4E2
:10AD50002DE9F04F91B006464FF0AA30002E099031
:10AD6000089000F0B9813568002D00F0B58144F2FB
:10AD7000EF2746F68203C6F66E47C5F8DC70B5F8D5
:10AD8000DA00984245F6B643C3F2E41304D042F227
:10AD90004F34A04240F0C7801AB111F0030040F0D8
:10ADA0005A81029142F61328D5F8DC0044F6F61BCE
:10ADB00040440195C5F8DC0006F10C000F21144653
:10ADC000C0F68B3BFCF790FB31684FF0AA300022B5
:10ADD000D1F800A00F900E90CDE90C220B97D1F87E
:10ADE000D090D1F8DC0009EB0403404401F10808DD
:10ADF0000691C1F8DC005345B3FBFAF0CDF838B04A
:10AE00000B9007920A920496C0F097800E985845CE
:10AE100040F08D8006F1080003904FF0AA35002025
:10AE2000079000BF00BF00BF05940F9508220CA833
:10AE30000399FCF7FDF90F90AAEB09070F98B0F101
:10AE4000553F4FF0000018BF0E950F9510901098C9
:10AE5000B8420698D0F8D4003AD20299079A114421
:10AE6000DDE90CCE00BF00BF109E50454E4426F0D9
:10AE7000070608EB060558F806406D68109E09D8CD
:10AE8000109A4A4422F0070208EB020348F802C075
:10AE9000C3F804E0109A06EB090338264FF0000BC4
:10AEA00006EAC3038A5C109E52EA0D3B06EB0903D7
:10AEB00023F0070385EA0B0508EB0306624048F818
:10AEC00003207560109A01321092109ABA42CBD3C7
:10AED000069938444FF0AA35C1F8D4001098B8420A
:10AEE00018BF0E95049E304600F0F6FA0F9044F617
:10AEF000F61B0F98059CB0F1553FC0F68B3B03D174
:10AF00000A9801300A9000E00E95E41B079854451A
:10AF1000384407900F950DD30E984FF0000958450F
:10AF200023460AD180E74FF0AA30089093E0002032
:10AF3000079002E04FF00009234605930A980B9909
:10AF4000884209D10E98584506D140F6CB710E982B
:10AF5000C1F66F5108440E9006F108010CA80822B2
:10AF6000FCF766F90F90002110911098A0423AD298
:10AF70000298079908440699DDE90CEBD1F8D41042
:10AF8000109FA4464F44514527F0070708EB0705DB
:10AF900058F807406D68109F09D8109E4E4426F05F
:10AFA000070608EB060248F806E0C2F804B0109A5B
:10AFB00007EB09063823002703EAC606825C109BCC
:10AFC00052EA0D674B4423F007037D4008EB03066C
:10AFD000624048F8032064467560109A013210926E
:10AFE000109A6245CCD31098A04206D143F647117F
:10AFF0000E98C1F2235108440E90069B42F613228C
:10B00000D3F8D400D3F8DC101144C3F8DC1020448A
:10B010000599C3E934100F98019DB0F1553F06D151
:10B020004CF24D210E98C1F2377108440E900E98E3
:10B0300045F6B643B0F1553F049EC3F2E41302D087
:10B040004FF0AA300E900E9809900998B0F1553F34
:10B05000184608BF08900898984232D100214CF257
:10B060002814D5F8DC00CAF6AA210C901091C6F677
:10B070006E440C98A04206F10C0004D149F645013B
:10B08000C1F6AE5110910F21FCF72EFA0C98A04298
:10B0900006D14BF610511098C3F2A67108441090D7
:10B0A000109809900998B0F1553F0AD14FF69F01C9
:10B0B0000898C2F270310844089042F24F30A5F867
:10B0C000DA000898B0F1553F06D045F25320A5F8B4
:10B0D000DA004FF0AA300890089811B0BDE8F08F60
:10B0E000F0B585B004464FF0AA30002C02900190D4
:10B0F00071D00F4600296ED01646002A6BD017F08B
:10B10000030068D1B00766D12568002D63D043F6EF
:10B1100095500F21CDF69A30C5F8DC0004F10C00F3
:10B12000FCF7E2F9B5F8DA0042F24F31884211D16A
:10B13000A08843F2A221884210DD45F6554188429D
:10B1400000F0858045F2CA31884200F0808043F2E9
:10B15000A32109E04FF0AA30029029E042F25C31CD
:10B16000884203D042F6A341884221D129680622B1
:10B17000284600F09AF801900198B0F1553F04D1AB
:10B1800044F6F610C0F68B300290696838462246C5
:10B1900000F0D2F801900198B0F1553F06D140F689
:10B1A000CB710298C1F66F51084402906868306014
:10B1B00045F6C1110298C2F6FA01884207D143F65A
:10B1C00047110298C1F223510844029003E045F26E
:10B1D0005320A5F8DA0049F208310298C3F61D6140
:10B1E00088422ED1D5F8DC0000214EF2E155CAF696
:10B1F000AA2104900391CDF69A350498A84204F14F
:10B200000C0004D149F64501C1F6AE5103910F215E
:10B21000FCF76AF90498A84206D14BF6105103983E
:10B22000C3F2A67108440390039801900198B0F10D
:10B23000553F06D14CF24D210298C1F237710844B6
:10B2400001E04FF0AA300290029805B0F0BD3068DE
:10B250000028ADD0B5F8D80040F2555188420DD144
:10B2600040F6AA20A5F8D80029681F22284600F039
:10B270001CF801900198B0F1553F04D144F6F61046
:10B28000C0F68B30029031683846224600F054F800
:10B2900001900198B0F1553F7FF48AAF40F6CB7131
:10B2A0000298C1F66F51084456E72DE9F04181B08C
:10B2B0004FF0AA330093D0F8D0304FF0380E0EEA9A
:10B2C000C30400F1080C23F0070345F6B645C3F2AA
:10B2D000E4150CEB03060095002552EA0D455CF8D9
:10B2E0000370746801397A404CF803200EEAC107F4
:10B2F00021F0070185EA04088024002554EA0D7531
:10B300000CEB0107C6F804805CF8016000237A6842
:10B3100066406A404CF801607A60C0F8D0304FF661
:10B320009F010098C2F2703108440090009801B06B
:10B33000BDE8F081D4D4D4D42DE9F04F85B0D2F853
:10B340000080924642F613228146D8F8007004919C
:10B350004FF0AA310291019108F1080BD8F8D010F2
:10B360000391D8F8DC101144C8F8DC10049901B33B
:10B37000F8000025494600BF039A95421AD2039A65
:10B380007B199A1A013522F007020BEB02035BF8D6
:10B3900002205B68039CA0EBC404083004F038046E
:10B3A000644252EA0D4301F8012B049A9542E3D31B
:10B3B00000E000250498854202D20398854204D318
:10B3C00044F6F610C0F68B300190049842F6132133
:10B3D000401B0490D8F8D000401BC8F8D000039858
:10B3E000401B0390D8F8DC000844C8F8DC0040F6A5
:10B3F000CB710198C1F66F51084401900498F8B9D7
:10B400003AE000BF00BF00BF09EB0501002200BF0A
:10B4100020F0070301300BEB03045BF80360636863
:10B4200002F03804644256EA0D4301F8016B049BB4
:10B43000984217D2B84202F10802E9D312E000BFE5
:10B44000504600F049F802900298B0F1553F02D002
:10B450004FF0AA300190049800284FF0000018BF68
:10B46000002FD1D104990544091A0491391A039186
:10B47000049909B12FF01DC043F647110198C1F29C
:10B480002351084401900398C8F8D000D8F8DC0094
:10B4900042F613210844C8F8DC000498A8B949F220
:10B4A00008310198C3F61D6188420ED14CF24D213E
:10B4B0000198C1F2377108440190D8F8DC0042F6D7
:10B4C00013210844C8F8DC0002E04FF0AA300190D4
:10B4D000019805B0BDE8F08F2DE9F04FC7B04FF0EF
:10B4E000AA31449143910190016848F2C520C8F205
:10B4F0009110429088682290C868069008692C9044
:10B5000048692D9088693390C8693490086A2790FB
:10B51000486A2990886A2F90C86A3090086B2E90EC
:10B52000486B2B90086C2890486C2590886C329062
:10B53000C86C3190086D1C90486D1D90886D1A90F4
:10B54000C86D1990086E2490486E2090886E0C90FB
:10B55000C86E0B90086F2190486F1F90886F2A90DB
:10B56000C86F2690D1F880002390D1F884001B90FA
:10B57000D1F888001590D1F88C001490D1F8900083
:10B580001E90D1F894001790D1F898001290D1F83D
:10B590009C001090D1F8A0001690D1F8A40018904B
:10B5A000D1F8A8001390D1F8AC003590D1F8B800CC
:10B5B0000F90D1F8BC00119045F6B640D1E90E7855
:10B5C000C3F2E4100091D1E92C244FF00C0ED1E924
:10B5D00030BAD1E932654490429842F613210844CA
:10B5E000429044F6F040C0F2042000F1080300BF8E
:10B5F000149820996040CDE9044248401599514083
:10B60000249A80EA0800419351402D9A1F9B399754
:10B610005040109A82EA0A020F9C7940219F5A40BA
:10B62000129B83EA0B03CDF8E0807B40329FDDF86C
:10B630003080CDF820B07B40319FDDF82CB00E96E5
:10B640007A40299F0D95CDF824A082EA070C279A0D
:10B65000349FDDF818A083EA02092C9A51404FEA82
:10B660004C0242EAD9724B0043EAD0734240409206
:10B670004FEA4902400042EADC7240EAD170514090
:10B68000119A3F91179951401E9A6240289C82EA74
:10B6900008026240259C81EA0B016140169C7940BA
:10B6A000339F6640189C7A402A9F7E4084EA0507B3
:10B6B000269C67401D9C67401C9C6640309C6740F0
:10B6C0002F9C664078403B9083EA06007B003A90CE
:10B6D000700043EAD67340EAD770570047EAD17743
:10B6E00081EA0305490041EAD271359B82EA0004F0
:10B6F000139A23983D9550401A9A379450401B9ABC
:10B700005A40199B5A402B9B5A402E9B82EA0A02B0
:10B710005840229B584082EA0103410041EAD2711D
:10B72000520080EA07063E9342EAD070389A8CEACB
:10B73000000C39985A4036967040409B89EA0109BE
:10B74000110341EA10563F9981EA0801000383EA98
:10B750000B03CDF8F0C040EA1257D80240EA515826
:10B7600012980A96CDF8E49084EA0002C802109973
:10B770000E9C40EA5350039769400D9D4B0584EAA7
:10B78000090443EAD223520585EA0C05DDF8EC9062
:10B7900042EAD12CA203A90342EA9542419D41EA23
:10B7A000944120EA070B3A9F55F8084C28EA060511
:10B7B00085EA0406419C54F8045C8BEA050B89EA8F
:10B7C0000A0521EA030A8AEA00040E9425EA010424
:10B7D00023EA000A84EA03003890229822EA0C0443
:10B7E00087EA000384EA08000D902CEA080423EAA3
:10B7F000020080EA0C00079086EA03000A9E22906D
:10B8000086EA04000C9026EA0300039E279C504021
:10B81000299A12903D988BEA0503069386EA0A035B
:10B820000B9326EA0503DDF8D8C05040379A6240F2
:10B830001D9C5940109111071C9B41EA10110A915F
:10B840003999000759403C9B634040EA1210279009
:10B850001805199A40EA113A1A98090589EA02046A
:10B860007840119A41EA1338E10041EA5073C00070
:10B87000149940EA547B3E98484015998CEA01049B
:10B88000409981EA02050F9A3F99660381EA02070F
:10B89000410346EAD0427E0746EAD50041EAD44653
:10B8A0006907279D41EAD70125EA00042D9F5440EE
:10B8B000119422EA030420EA02025A401A9223EA6F
:10B8C0000A022B466A400A9D15928AEA04022992CE
:10B8D00025EA010221EA060472400F9226EA0B02D1
:10B8E0002AEA0303DDF8E4A082EA0802279228EAA4
:10B8F000050251401D912C993E9A7A40289F81EA79
:10B900000C0158401C905000259B40EAD1700A90D1
:10B910004098490058403F9B7B40379F41EAD2798D
:10B9200099011F9A41EA906125913D995140219AD0
:10B93000800184EA0B047A40199440EA93600390F2
:10B9400050062BEA080440EAD11C490641EAD21B02
:10B9500016993C986C408AEA0102189914943B9B12
:10B9600080EA010435993A98270283EA0105139980
:10B9700080EA01061102B30441EA146143EA9538F2
:10B98000AB0443EA96330A9E29EA080447EA1260A8
:10B990004F464C40259A21EA0C09219428EA0101DE
:10B9A00081EA0C012C9126EA03012CEA020C4140A9
:10B9B0001F91039920EA0B0423EA000587EA0C0093
:10B9C000289089EA0200189022EA07000A4685EAD0
:10B9D0000B052D952BEA0105DDF8DCB061401691D1
:10B9E00022EA06013C9A59400A912F99309B80EA3D
:10B9F0000800139081EA0A0153403A9AD80686EA71
:10BA0000050740EA51182E9825973B9F50402B9AE6
:10BA1000C906089E7A40369F41EA5319110141EA4E
:10BA2000107A20993E9B00015940249B40EA1274F1
:10BA3000409A7B403D9D980240EA915C179882EACB
:10BA4000000788021E993F9A514040EA9352099B91
:10BA5000C80340EA57405D40FB038BEA060743EA10
:10BA600051412B0643EA17233F0647EA152729EAE7
:10BA7000030528EA07064E402F9627EA0106914360
:10BA800056401796A24361402B9124EA08013C9C42
:10BA900079402491349982EA08020892409A5140F0
:10BAA000339A4540309523EA00053F9F20EA0C0079
:10BAB00080EA0A002E902AEA09007A405840209035
:10BAC000900785EA0C051E952CEA0A0540EA910CC0
:10BAD0008807319940EA92083D9A32984A402A995B
:10BAE000399B80EA0B004B40269989EA05060996A6
:10BAF0004C40D10541EA502AC00540EA522923981A
:10BB0000E2013A9942EA5367DA0181EA00031B989D
:10BB10003B9942EA546281EA000404983E99650226
:10BB200081EA000605983699484045EAD3515B0200
:10BB300043EAD453840044EA9675B40044EA90740E
:10BB400028EA050080EA010BCDF88CB025EA010057
:10BB5000B94381EA0A0604962CEA04017840399038
:10BB600027EA0A0081EA03071B9724EA030180EA17
:10BB700008002A902AEA080082EA0108CDF8C88065
:10BB800022EA090181EA0C01269129EA0C0193437A
:10BB9000279A684034900B9883EA090384EA0109E4
:10BBA000299948402B9905931E9C48400C99CDF843
:10BBB000CC9051402E9A5140189A4A4016994840CC
:10BBC00080EA03011F9B82EA0600119A45005A4051
:10BBD000219B7A400F9F45EAD1755F40079B87EA1A
:10BBE0000B07DDF8B0B05F40389B5A402F9B5A409E
:10BBF000309B560087EA030C46EADC7686EA0103AE
:10BC00004FEA4C064093490046EAD276179B41EA38
:10BC1000D071704037901A985840199B83EA0406F7
:10BC2000399B0D9C80EA08005E402D9B66400E9C6F
:10BC300086EA0B066040129C5840349B84EA030756
:10BC4000139C0A9B6740109C84EA09045C401C9B7F
:10BC50005C401D9B5F40209B5F40249B5C40289B79
:10BC600061403D9187EA05013C917900750041EA08
:10BC7000D471640044EAD77484EA0008149C81EA11
:10BC8000060709995940089B45EAD0754000614074
:10BC9000259C40EAD670159E5C40269B7440CDF8EA
:10BCA000F8805C402A9B3F975940229B5940069B55
:10BCB0004D403A955C4084EA0003480040EAD47065
:10BCC000640044EAD1713B9381EA020A2799299AD8
:10BCD0008CEA000C6940409C5A402D9B1003CDF823
:10BCE000D8C040EA11593798090380EA0B005C403C
:10BCF000C50241EA125B3099E20245EA545542EA34
:10BD000050522F9887EA0106349980EA0800CDF84E
:10BD1000C4908CEA010333994405CDF8D4A044EAD9
:10BD2000D62774058AEA0108DA4644EAD0264FEAA3
:10BD3000883040EA9344980340EA984C134622EA3C
:10BD40000900419A25EA0B01DDF8F4801268DDF85C
:10BD5000F0B050403090419824EA0702406880EAF1
:10BD60000109069880EA080082EA0501349127EA71
:10BD7000050220EA040585EA0701299122992CEAA7
:10BD8000060781EA0B0587EA0301339125EA0C01D6
:10BD90007140279189EA000106912AEA0000DDF846
:10BDA000DC9026EA0307369B8AEA02012D9130993E
:10BDB000319A6040309038986940229182EA0701B8
:10BDC0002C9122EA05013E9A3F9F5040079A81EA52
:10BDD0000C012F917A40359F1107DDF8ECC041EA44
:10BDE000101138911D99000740EA1210259A594008
:10BDF0001C9B1C9088EA020587EA0304DDF8E880B2
:10BE00002005329A40EA11301D902898090580EAF1
:10BE10000B0041EA143BE90041EA507AC00040EAD5
:10BE200055752B988CEA00012E9888EA00064098F8
:10BE300080EA020739987C074A0389EA0003700305
:10BE400040EAD14044EAD3015B0742EAD642389E39
:10BE500026EA010443EAD7035440329422EA050457
:10BE600021EA02026A40289225EA0B021D9D7240D7
:10BE70002E928BEA04021C9C399224EA03022BEADC
:10BE800006074240319220EA0A0223EA000080EAD3
:10BE90000A0025902AEA050060402B9085EA0200FE
:10BEA000389025EA04000C9A58401D900B9882EABD
:10BEB000080279401C9180EA0C0051001A9B409FB7
:10BEC00041EAD07102911999400087EA03043E9B30
:10BED00081EA0901DDF8D48040EAD2700390A00124
:10BEE0003F9A40EA916007902198890141EA946A5B
:10BEF000DDF8D89050401F9A83EA0206249A3C9BB2
:10BF0000710688EA02052A9A41EAD01B209983EA41
:10BF10000207269A3D9B40065340BC0481EA090172
:10BF200040EAD6102E0244EA933C0A0246EA116621
:10BF3000029942EA15629B0421EA0C0443EA973312
:10BF4000039F5440219422EA00042CEA020242405A
:10BF50000C9227EA030223EA060572401F9226EAA2
:10BF60000B02079E20EA0A007240209226EA07028E
:10BF70005A402692109A129B48401A9084EA0A006E
:10BF800024902AEA01003D9982EA0802DDF8DC806B
:10BF900083EA090380EA0C002A90D80685EA0B059B
:10BFA0000B952BEA060540EA521B159887EA050413
:10BFB0003C9F4840D106149A41EA531C3A9B19947D
:10BFC0007A403B9C11013F9F41EA1079189900018A
:10BFD0005940169B40EA127A84EA0305409BA80266
:10BFE0003E9C40EA91521E9888EA00068802179902
:10BFF00040EA955059401B9BCD036340239C45EA82
:10C000005645F6037C4046EA5147190641EA142199
:10C01000240644EA13262BEA01037B40129321EA0B
:10C02000070327EA0004409F43401E932CEA0603BF
:10C030006B40109326EA050395435340179322EA79
:10C0400009020E9B20EA0A0082EA0C021B9285EA92
:10C050000902149229EA0C02724018920D9A80EAA1
:10C060000B00239084EA0A0015902AEA0B0082EA6A
:10C0700008027B404840169098073E9940EA920C8F
:10C08000900740EA930811983F9A359B48400F99D2
:10C0900051400A9A83EA0205139A369B83EA020604
:10C0A000CA0542EA5023C00540EA5129F00140EA9E
:10C0B0005564E80140EA566708983D993C9A484023
:10C0C000099982EA010504993A9A82EA01060599DA
:10C0D0003B9A4A40690241EAD051400240EAD550B9
:10C0E000950045EA9675B60046EA927628EA05027A
:10C0F00082EA010A25EA0102A1436240119224EA80
:10C10000030282EA080235922CEA060282EA000B58
:10C1100026EA0002B8437A400F9227EA0902399FC3
:10C1200081EA030423EA0801419B82EA0C0213928C
:10C1300080EA0902DDF8E08029EA0C0010334D4066
:10C140004299464042F61320084442900FF0B1C590
:10C150000098229900F1340381600699C1602C99FE
:10C1600001612D994161339981613499C1612799A8
:10C170000162299941622F9981623099C1622E9999
:10C1800001632B9983E8820100F1AC0328990164D3
:10C1900025994164329981643199C1641C99016582
:10C1A0001D9941651A9981651999C165249901669E
:10C1B000209941660C9981660B99C16621990167A6
:10C1C0001F9941672A9981672699C1672399C0F809
:10C1D00080101B99C0F884101599C0F88810149924
:10C1E000C0F88C101E99C0F890101799C0F89410E0
:10C1F0001299C0F898101099C0F89C101699C0F8C0
:10C20000A0101899C0F8A4101399C0F8A810359977
:10C21000C0E93265C0F8C4A016C30F99C0F8B810C1
:10C220001199C0E92F1B429842F61321084442900D
:10C2300000214CF6CF744298CAF6AA214690459147
:10C24000C8F293144698A042019800F10C0004D162
:10C2500049F64501C1F6AE5145910321FBF744F97A
:10C260004698A04206D14BF610514598C3F2A671EC
:10C2700008444590459843904398B0F1553F06D106
:10C280004FF69F014498C2F270310844449044989C
:10C2900047B0BDE8F08FD4D440B584B002AE00966C
:10C2A00000F004F8029A039B04B040BDB0B584B01E
:10C2B0000D4602A980EAE57000911C4682EAE3720D
:10C2C00085EAE571B0EBE57083EAE37361EBE57154
:10C2D000B2EBE47263EBE47300F017F8DDE90223DC
:10C2E000DDF820C083EAE57382EAE572B2EBE5721D
:10C2F00063EBE573CCE90023E21782EAE572504074
:10C300005140801A914104B0B0BD2DE9F04FDDF8E5
:10C310002480844699B1DAB15BB3B1FA81F6B3FAFD
:10C3200083F5AE1B202E0BD2751C202D2DD0C6F10F
:10C330001F0620FA05F401FA06F73C4364E04BB30C
:10C34000B8F1000F18BFC8E900C14FF0000CA0E021
:10C350005BB358B35E1E334200F08E80B1FA81F6B3
:10C36000B3FA83F5AE1B1F2EEAD2751CC6F11F0669
:10C3700044E0561E324224D0B1FA81F6B2FA82F578
:10C38000AE1B06F12105202D34D14FF0000C2025E5
:10C390000C463CE0B0FBF2FCB8F1000F1EBF0CFBFA
:10C3A00012000021C8E9000173E073E0B1FBF3FC67
:10C3B000B8F1000F1EBF0CFB13100021C8E90010DC
:10C3C00067E0B8F1000F1EBF00230640C8E9006314
:10C3D000012A5FD092FAA2F24F00B2FA82F202F082
:10C3E0001F03D140D8401F23934307FA03F343EAC6
:10C3F000000C4FE01F2D50D8C5F1200620FA05FC97
:10C4000001FA06F444EA0C0421FA05FCB0404FF0AE
:10C41000000945F001E04FF0000B4FEA4C076500C2
:10C4200047EAD47745EAD074B4EB020A67EB030617
:10C43000E143FD4389184FEA400053EB050140EA10
:10C44000D9704BEA490956EA478C4FEAD1755AEA46
:10C450004484AB460FF01FC84FEAD971B8F1000F02
:10C4600041EA40014FEA490020F0010018BFC8E945
:10C47000004C05EB000C0DE0B8F1000F1CBF06EA04
:10C480000100C8E900C093FAA3F0B0FA80F021FAE5
:10C4900000FC00216046BDE8F08FA5F1200CC5F13D
:10C4A000400620FA0CFE01FA06F44EEA040E21FAC8
:10C4B0000CF400FA06F94FF0000C7046A9E7D4D44A
:10C4C00040B584B002AE0096FFF71FFF029A039BAF
:10C4D00004B040BD0B4611461A4600F023B80A4688
:10C4E000002100F01FB810B5002322B1CC5C013A46
:10C4F000C4540133F9E710BD10B581423CBF8B181D
:10C50000984207D3034662B111F8014B013A03F890
:10C51000014BF8E70139431E1AB18C5C9C54013A77
:10C52000FAE710BD03461AB103F8011B013AFAE716
:10C530007047D4D4D4D4D4D4D4D4D4D4D4D4D4D4AC
:10C540000148006870470000D4E301220249401A04
:10C5500002490860704700BF08000000D4E30122D0
:10C56000034613F8012B002AFBD1181A0138704733
:10C5700010B505490446054AFFF7B5FF04480549CB
:10C580002044FFF7ACFF10BD9E0200020000000037
:10C59000000000000400000081B070B589B00C46B6
:10C5A000104901914FF400310026009101190D93BB
:10C5B000CDE90666002CCDE902661546049018BF49
:10C5C000481E48BF002005900DAA684629460892DB
:10C5D00000F012F80CB104990E7009B0BDE870407B
:10C5E00001B07047E9C50302D1E904239A421EBF96
:10C5F000531C0B61107070472DE9F04F99B08246C3
:10C6000080781892800740F19B8418980027DAF808
:10C610000480179011A8821D0892421E0C92421DA0
:10C62000043009920A900B911091CDF83480109A41
:10C63000114611F8010B252803D0002800F0828450
:10C6400005E0557802F1020B252D08D159461091CD
:10C650005146C04701370028E9D500F06BBC0022E5
:10C6600000244FF000084FF000091FFA89F61F2E32
:10C670000DD8A5F1270009282AD8DFE800F08F0A95
:10C680000A0A050A5B0A0A5849F0020949E07F2EA6
:10C6900011D8A5F13000092821D8402E27BF08EB7A
:10C6A000880100EB410804EB840100EB410438BF32
:10C6B00049F0200972E04C2D36D0682D3DD06A2D0E
:10C6C00032D07A2D18BF742D68D06C2D6CD13BE020
:10C6D000202D26D0232DDCD149F010095EE0242D39
:10C6E0003FD07A2D5AD02E2D35D04C2D1CD0682D10
:10C6F00023D06A2D18D06C2D26D0742D4ED02A2D23
:10C7000052D1002A4AD11798011D179100683F2E77
:10C7100087BF0022804649F02009002298BF0446C6
:10C720003CE049F0040939E049F4207936E049F069
:10C73000010933E049F0080930E009F4807049EA62
:10C74000400040F4807929E009F0800049EA800047
:10C7500040F0800922E03F2E00F2F48349F04009C6
:10C760001CE0AAB11898402E179015460B9817A9EF
:10C7700054EA388200F0F0FB17982A46402E00F168
:10C7800004011791006858EA308850EA348405E0C3
:10C7900022464FF0000800244FF000091BF8015B0F
:10C7A000002D7FF462AF0025CDF840B02AB1189873
:10C7B00017900B9817A900F0CFFBB8F1000F45F0C8
:10C7C000200228EAE87C48BF29F04009002C54EAFE
:10C7D00054BBA2F1650048BF49F00809032801D302
:10C7E000612A3DD11798551B0F95073020F007019E
:10C7F000612A0B46496853F8080B17931BD1EAB21C
:10C8000000925FEA496258BF4FF0FF3C11AA6346AD
:10C810002646D846654600F077FC00F1010B49F446
:10C82000C0594FF0010E5FFA8BF08542D8BF451E0C
:10C830007020049049E05FEA49632646D84658BF15
:10C840004FF0060C662A21D0652A27D1652449F4C9
:10C85000805965460CF101034FF0000C049427E069
:10C86000A5F16F00062862D808234FF0000EDFE81C
:10C8700010F001020700FB01FB01B801FB01B00150
:10C8800049F0100910234FF0780EF3E1662249F4C5
:10C89000005901240492112365460AE05FEA0C6303
:10C8A000654663464FF0000C08BF0123023A04922C
:10C8B0000024DBB2CDE9004C112B28BF112311AAB3
:10C8C00000F0E4FC83464FF0020E119AB4460A9C35
:10C8D00012F1090F08DA12F1630F0FD212F57A7F05
:10C8E00009D84FF0040E0BE0092A09DD632A05D9A7
:10C8F000B2F57A7FF5D24FF0030E01E04FF0020E51
:10C900009DF84810C8071FFA89F009D113465FEA5D
:10C9100089720AD4420721D400220692012220E023
:10C920002D23069300230E931DE02B2217E0692D83
:10C9300018BF642D40F039811FFA89F05FEA096160
:10C9400000F13E8117990A1D17920A68C10540F14E
:10C950003E81800554BF12B252B238E120220692C5
:10C9600000220E921A4611F00C0F1DD00E980028CE
:10C970004FF0030050EA1090804526D94646DDF876
:10C9800034805FEA097124D4CCF100018C455CEA63
:10C99000CCB1441A00F0B1FB002800F1CB82013782
:10C9A0000134F7D3002415E019F4405F44D101218C
:10C9B000012D164655EA81815FFA8BF252B3A35CD2
:10C9C000302B27D1ABF1010BF6E70024DDF83480E2
:10C9D00000E0341A0E9830B906985146C047002836
:10C9E00000F1A88201379DF84800DFF868150007BC
:10C9F000DFF85C0550EA51852878002800F08D8228
:10CA00000F99401A5146C0B2C0470137013500287E
:10CA1000F2D58FE2C00652EA5180324616F1040F79
:10CA200009DB8A4207DA824249F40059AEBF002589
:10CA3000D143451800E0451E1FFA89F15FEA89409D
:10CA40004FEA01590591039206D40520B9F1000F70
:10CA500058BF0320704402E022EAE2700130059ED4
:10CA6000002D0E9A4FF000040795C6F3001182F0D6
:10CA7000010251EA05918B180344B8EB030353EA12
:10CA8000C48416F0090F16D1DDF83480ACB1084427
:10CA9000CCF100018C4510445CEACCB17546441AD7
:10CAA00000F02BFB002800F1458201370134F7D359
:10CAB0000024AE4601E0DDF834800E98CDF808E0A1
:10CAC00030B906985146C047002800F1338201373B
:10CAD000B9F1000F0FD530205146C047002800F1B2
:10CAE00029820F985146C0F17800C0B2C047002893
:10CAF00000F120820237059800070AD44CB1274480
:10CB000030205146C047002800F11482013CF7D183
:10CB100000240598800426D49DF849005146C0475A
:10CB2000002800F1078207980128C0F2E48000F095
:10CB3000E7FA002800F1FE8107985FFA8BF5384488
:10CB400000F1020900200799814200F0A481471CEE
:10CB5000AF423ABF0899085C30205146C0470028D0
:10CB60003846F0D5E6E103985FFA8BFB20EAE076E1
:10CB7000851B0798C0F10009701C05D100F0C0FAB0
:10CB8000002800F1D78101373020002D03D45D4506
:10CB9000BCBF0998405D51464E4552DDC047013546
:10CBA0000137013E0028E7D5C4E1632D5CD1179819
:10CBB0000126011D179100688DF8440011AD22E097
:10CBC0008005179800F19E80011D17910268D31708
:10CBD000A0E04FF6EF7009EA00090A234FF0750E46
:10CBE00048E01798011D17910068D849002851EABC
:10CBF00000855FEA496058BF4FF0FF3C2846614618
:10CC000001F042F90646DDF834805FEA09700AD483
:10CC1000B34508D900F071FA002800F18B81ABF11F
:10CC2000010B0137F4E73744ABEB0604002E00F0AC
:10CC3000748115F8010B5146C047013E0028F5D517
:10CC400078E1C047002800F17581781C0599C90674
:10CC500040F10C81002E40F0098100F051FA0028CB
:10CC600000F16881023758E1782A40F00181C5F16E
:10CC70008803AE464FF6F97009EA00045FEA0960DE
:10CC80000AD41798011D17910068E1050AD5A1057E
:10CC900054BF80B2C0B205E0A005179804D4011DAE
:10CCA00017910068002107E0073020F007010A46CD
:10CCB000496852F8080B179250EA010208BF29F0A0
:10CCC00016040BD0A04611AC6546F146224600F092
:10CCD000EBF9061BAC4644464D4638E05FEA496234
:10CCE000F0D5B8F1010FEDDA4FF6E97009EA00046A
:10CCF000002675462BE00598C00600F1C68007F1B6
:10CD00000109C8E0073020F007000146436851F8E8
:10CD1000082B17911098002B1090484648BF40F4FC
:10CD2000806020F0100482EAE37083EAE371B0EBE4
:10CD3000E37061EBE3711A4373D0A04611AC0A2390
:10CD40006646224600F0B0F9B446061B4446DDF8BC
:10CD50003480600602D4214630460BE04FF6FE7068
:10CD600004EA00013046664504DA6046002D08BF3B
:10CD700024F011011FFA81F9C90606D440F20641D8
:10CD800019EA010F5FEA0F9103E00121002D51EA3A
:10CD900001910C185FEA097018D45FEAC97007D0D6
:10CDA000B4465C45BEBF06EB0B00A0EB040C5C4632
:10CDB000CDF81CC05C4507DA00F09FF9002800F1AF
:10CDC000B98001340137F5E7DDF81CC05FEAC960BE
:10CDD00017D440F2064019EA000F2ED05FEA89709E
:10CDE00065464FF02B0058BF20205FEA495151465D
:10CDF00048BF2D20C047002800F19C800137AC4679
:10CE00001BE030205146E146C047002800F19280E7
:10CE10008DB128465146C047002800F18B8002376B
:10CE20000AE05FEA49627FF588AFB8F1010FBFF60B
:10CE300084AF00268BE70137CC46ABEB04043744C4
:10CE4000B44510DD302051466546C047002871D4F6
:10CE50000137A5F1010CF3E70C985146805DC047FE
:10CE6000013E002866D4002E57D0F5E7074654E06F
:10CE7000DDF8348025205146C04700285AD4284682
:10CE80005146C0470237FFF7E6BB00F039F90028EA
:10CE900050D407F102090F980499081A5146C0B2FC
:10CEA000C047002846D4039E2B205146002E48BF81
:10CEB0002D2056EA56B5C04700283BD402980428D6
:10CEC0000CD34FF47A7000F011F9002832D44FF4EB
:10CED0007A7009F1030607FB105503E009F1020619
:10CEE000032824D1642000F001F9002822D4642012
:10CEF000013607FB10550A2000F0F8F8002819D475
:10CF000007EB87000136A5EB400505F130005146DF
:10CF1000C0B2C04700280DD4771C012CFFF687ABA8
:10CF200000F0EBF80137013C0028F6D502E00228BA
:10CF3000E1D2EAE79AF8020040F004008AF8020021
:10CF40004FF0FF37384619B0BDE8F08FA31C04023C
:10CF500043FE0302191604022DE9F04389465149A4
:10CF60004FF001084FF0010C0546944580F298807F
:10CF70002B4613F8014B252C03D01D46002CF7D16E
:10CF80008EE0AF1C6B783D46252BF1D000264FF08C
:10CF9000000E00251F2E08D8A3F12004102C06D85F
:10CFA00008FA04F40C4202D042E07F2E0AD8A3F122
:10CFB0003004092C13D805EB850346F0200604EB5A
:10CFC000430535E04C2B23D0682B24D06A2B1FD08F
:10CFD0007A2B18BF742B2BD06C2B34D122E07A2BF8
:10CFE00026D02A2B18BF2E2B01D1002520E04C2B58
:10CFF0000ED0682B0FD06A2B0AD06C2B12D0742B5A
:10D0000016D0242B1FD1BEF1000F16D1AE46ECE78F
:10D0100046F420760CE006F4807346EA430343F4BA
:10D02000807605E006F0800346EA830343F080063D
:10D0300017F8013B002BADD104E06545D5D1632342
:10D04000E64600E000233D46BEF1000F28D0E6454D
:10D050007FF48BAF43F02004A4F16505032D01D3C9
:10D06000612C06D1D9F80030073323F007030833C9
:10D0700011E0732B0CD0642B18BF692B06D133063B
:10D0800006D5D9F80030B405EED403E0632BF6D111
:10D09000D9F800300433C9F800300CF1010C63E713
:10D0A000BDE8F083892801002DE9F04103F01F0657
:10D0B000984614460F460546284639463246002310
:10D0C000FFF7FEF900FB1652A2EB0803092A88BFFE
:10D0D00003F13702303204F8012BAA1B054677F121
:10D0E00000020F46E8D22046BDE8F0815146B5FB6C
:10D0F000F0F707F13000C0B24047202051464047CA
:10D100002E2051464047D4D42DE9FE4F0E46074607
:10D11000C80F6FF31F569246107157EA0602C1F30B
:10D120000A515FEA1F921C4608BF00290FD091B137
:10D1300040F2FF73994210D10821002A18BF042140
:10D14000002408448AF804002046BDE8FE8F002031
:10D150000027002605E02E4803E0A1F2FF3006F587
:10D160008016002CCAF8000003D40C2C03D90D241F
:10D1700034E0002432E03320A0EB840802200021B8
:10D1800042464FF0000900F045F84242029269EB36
:10D190000102451E61F10000019206EA000B012028
:10D1A0000021424600F036F8804607EA0500B8EB59
:10D1B0000000894671EB0B0008D3A000C0F13402D7
:10D1C0003846314600F037F8C00703D017EB0807A0
:10D1D00046EB090602980740019806400C98122178
:10D1E0004A1FB1D417F00F0301D1A2420ADC1D1A65
:10D1F000092B88BF05F1270330330AF80130A2421A
:10D2000052EAC4843A0942EA067736090139E7E767
:10D2100002FCFFFF930641BFA2F1200100FA01F1D9
:10D220000020704732B1C2F12003914020FA03F38D
:10D23000194390407047930641BFA2F1200021FAA4
:10D2400000F00021704732B1C2F12003D04001FA52
:10D2500003F31843D1407047B0B588B000250446A9
:10D26000CDE90405084801904FF40030009068466D
:10D27000CDE90255CDE90655FFF7BEF9002800D4E7
:10D28000255408B0B0BD00BFE9C503022DE9F04F39
:10D290009BB00D4607466FF31F55984650EA0504AC
:10D2A000C1F30A505FEA1F934FEAD17608BF002806
:10D2B0000BD040F2FF7188420FD10820002B18BF1D
:10D2C0000420304410710026F3E13020507100201A
:10D2D0001060B01C10710126EBE1002C5FEA0F9189
:10D2E000CDE9076202285FEA2F92002841EA020B8B
:10D2F00018BF05F580154FEA8503A0F235444FEAC3
:10D30000870043EA9773119304BF4FF6CC34CFF6EE
:10D31000FF740F9007F00100002C0490CDF81480EA
:10D320003ED4204600F0CCFA8246032C88BFAAF1F6
:10D33000010A504600F0D0FA0DF148090646504661
:10D34000494600F051FB16A818A94A46CDF808B086
:10D35000CDE90010AAEB04003044294600F17C031B
:10D36000384600F0C3F98946BAF1150F109000F263
:10D3700088800F9E119C3046214600F0A9F9820852
:10D3800042EA817120F0030008444042F0424FD14C
:10D390003046214600F0A8FA50455FEA3F9171E01F
:10D3A000C4F1000A504600F091FA0646601C18BF0E
:10D3B000013EAAEB060A504600F08EFA0DF148082D
:10D3C00081465046414600F0A9FA16A818A94246DF
:10D3D000CDF838B0CDE90010A6EB090000F17D03CF
:10D3E00038462946CDF808B000F080F906EB040A6B
:10D3F0008946012E109006D8DDF81480049828BBC9
:10D4000001210E983FE0DDF814803E2E39D84FF010
:10D41000FF304FF0FF313246FFF7FCFE119A22EA4F
:10D4200001010F9A22EA000008435FEA1F9129E0F8
:10D430000498A8B96FEA0B00801964F1000100F0AC
:10D4400053FA50455FEA3F9000211CE0DDE91801E6
:10D450000138189061F1000019900020012112E0BC
:10D4600046F00200214600F03FFADDE918124B1E9B
:10D4700062F10004504553EA2180189054EA22805A
:10D48000199000210020CDE90D10DDE924040028C9
:10D4900040460DD01098494600F0FFF90AEB040110
:10D4A0000844B0EBD47FB8BFE00F804558EAB080A5
:10D4B000DDE916B4DDE9185109900020CDF818A077
:10D4C0004FF0000A0F90119028460C9100F0F7F8E9
:10D4D00007468846584621460A9400F0F0F806466A
:10D4E000C01B0C4671EB080010D30B954946109DEC
:10D4F000284600F0D2F90999884232DD52464FF0B1
:10D50000010A19B9109850EA090026D0109D494621
:10D51000284600F0D4F889460F990D9A11F0FF0FB4
:10D520005FEA1F910A4000EB80010D9206EB860234
:10D53000A5EB410152420F91CBF10001B1EB420F3B
:10D540000E9A5FEA1F91B3460A4011990E923D462A
:10D550000131119141461090B6E700254FF00009C6
:10D560009246DDF834800F9F0A9E0E98C0071AD1AC
:10D570002AE0DDE90B0100F0A2F8CDE90B01284615
:10D58000494600F09CF8894617F0FF0F5FEA1F91AB
:10D59000A34608EA010800EB8001A5EB41071199B9
:10D5A0000546013111915846314600F088F804468D
:10D5B00000EB8000404232460E46CBF10001B1EB59
:10D5C000400FD6D016460F97069811990F180F984E
:10D5D000C0B205285FEA0F915FEACA72DDF820A0A9
:10D5E0000DD185EA0B0289EA06031A4307D1049A92
:10D5F0000E9B002A5FEA1F921A40012A5DD188F033
:10D6000001021143294304285FEA9F9001EA0004C4
:10D610002D1949F100092846494600F03EF9064611
:10D620000CB309998E421CDD249848B125983844E2
:10D6300030440128D8BF01200599814251EAB081C8
:10D640008E420EDD681D0C4649F100010A220023BE
:10D65000FEF736FF013E07F10108894605462146DF
:10D6600003E0B84601E0B84609998E4256EAB18017
:10D6700006B20024371DB44212DA284649460A226F
:10D680000023FEF71DFF894600EB80010134A5EB66
:10D690004101054641F030010AF80710013FEAE771
:10D6A00007988AF804000FFA88F030440138CAF865
:10D6B000000030461BB0BDE8F08F0124A8E780B51C
:10D6C00000F006F8C00840EA4170C90880BDD4D413
:10D6D000F8B502AA0092044A4FF0CC3300F00FFADA
:10D6E000DDE9020104B080BDCDCCCCCC2DE9F04FFA
:10D6F0008DB007931646D2E900230AAC0094490086
:10D7000041EAD07445002846214600F0F8F9D6E9F0
:10D710000223834605912146DDE90A7A08A8009094
:10D72000284600F0ECF910EB070941EB0A08DDE9A7
:10D730000801DDE90A75421C41F10003B9EB070756
:10D74000079C78EB050552EA308253EA318396E86C
:10D75000A30012F1010CA4F1410A43F1000415EBFE
:10D76000090547EB0807CDF818B010EB0B00DDF802
:10D7700014B009935BEB0100089255F1000047F1EA
:10D780000001B0EB0905CDF800A071EB080554EAE3
:10D7900033835CEA328200F0CEF9169AC2E90001C6
:10D7A000189818B3D6E90223D6E900C1B9EB0202F2
:10D7B000069868EB0303561E63F10007B0EB0C00FC
:10D7C000DDE908457BEB010056EA328057EA3381F8
:10D7D000621E65F10003B9EB0006CDF800A078EBFE
:10D7E000010652EA348253EA358346E030684FEA54
:10D7F0004907049047EADB7770680390D6E9021C7A
:10D8000007AD069B31CDA0F1400600964FEA4806D1
:10D81000B7EB090046EAD976CDF81CA076EB0800F4
:10D82000049A5FEA2F9040EA440A680040EAD47400
:10D83000BAF10100029064F100000190781A4FEAF9
:10D840004B0566EB0C01B0F1010E61F1000C45EAED
:10D85000D375D2EB4303039A75EB02035EEA308083
:10D860005CEA31813B1A029A76EB0103019B52EA92
:10D870003A82DDF81CA053EA348300F05CF9179A71
:10D88000C2E900014846DDE908234146CDF800A081
:10D8900000F051F90DB0BDE8F08F70B500230A24F7
:10D8A00001220A25461B71EB030607D3A5FB04568C
:10D8B00003EB8303013206EB4303F3E7104670BD2D
:10D8C00001494843800C70474134010001494843F5
:10D8D000000D7047FB2E0B0002494843012101EB6C
:10D8E000D04070474F931200F0B50A4B02460A4DE4
:10D8F0004FF0FF304FF0CC34A2FB0367013002FB46
:10D90000047201FB0321721B71F133323246F3D3EF
:10D91000F0BD00BFCDCCCCCC343333332DE9F04F48
:10D9200087B08B461A21B0FBF1F2054602FB01F6E7
:10D930002A4800EB0210B54202D100F0C9F849E0D4
:10D9400004A9274A0091A91BC36852F8317002EB61
:10D95000C101D0E901924C680168019100F0ACF876
:10D96000824602A8019A88460090384621464B46D6
:10D9700000F0C5F801918146DDE90212002011EBAB
:10D980000A0758EB020840F10000012801D100F01D
:10D9900097F82846FFF7A0FF04463046FFF79CFFA4
:10D9A0000199241A48463A464346009400F0C3F8C9
:10D9B0001E226FF0030302EA450203EA9503094DB4
:10D9C000EB5800F08DF800F093F8009400F0B3F8F5
:10D9D000CBE9020107B0BDE8F08F00BFB04D0402F3
:10D9E000804E0402504F04022DE9F04F87B08B4661
:10D9F000054619301A21B0FBF1F22C4802FB01F662
:10DA000000EB0210AE4202D100F062F84BE004A934
:10DA1000274A0091711BD0E900A852F8317002EB3F
:10DA2000C101D0E902234C6800F046F8019002A839
:10DA3000BAF1010268F100038946009000F03CF859
:10DA40008A46DDE9013104460020039ACF1852EBE3
:10DA5000090840F10000012801D100F031F83046FA
:10DA6000FFF73AFF06462846FFF736FF361A2046EC
:10DA700051463A464346009600F05DF86FF00303C6
:10DA80000C4C03EA95031E2202EA4502E35800F01B
:10DA900027F8013041F1000100F02AF8009600F06B
:10DAA0004AF8CBE9020107B0BDE8F08FA84F0402A5
:10DAB000804E0402985004023846214600F01FB8F8
:10DAC000DDE904010130049041F100000590704748
:10DAD00090E80E00C0688BE80E00CBF80C00704791
:10DAE00023FA02F202F00302801841F100017047AC
:10DAF000DDE90423CBE90001384641467047F0B523
:10DB0000A3FB0145DDF814C0A2FB0116A2FB002710
:10DB10007F18744145F1000539462646E3FB00169F
:10DB2000A3FB0003C01954EB030045F10000CCE94E
:10DB300000601046F0BD2DE9F041DDF81880174671
:10DB40000C460546C8F1400238461946FFF762FB0D
:10DB500007460E46284621464246FFF76CFB3843EF
:10DB60003143BDE8F08100210A2200F001B8D4D48D
:10DB70002DE9F0438146242A01D8012A0AD1384AE6
:10DB80001623FEF7DDFC835009B1C1F80090002098
:10DB9000BDE8F083314B4D4615F8010B1C1894F885
:10DBA00080402407F8D42B2804D02D2807D14FF02B
:10DBB000010C01E04FF0000C15F8010B01E04FF0F3
:10DBC000000C30280CD112F02F0F02BF287800F083
:10DBD000DF0058283DD0002A08BF0822302002E08C
:10DBE000002A08BF0A222C466FF000430CEB030802
:10DBF000B8FBF2F7002607FB12852346441E44F0CB
:10DC00002004392888BFA4F12600303890420ED273
:10DC1000BE4202D804D1A84202D94CF0020C01E065
:10DC200006FB02061C46994614F8010BE5E709B10C
:10DC3000C1F800905FEACC7056EA06B05FEA8C71DA
:10DC400005D507492222FEF77BFC42504046BDE83D
:10DC5000F083AC1C68781022A946C5E7F050040296
:10DC600008000000A0FB010139B180B504490C2275
:10DC7000FEF766FC4250002080BD00F089B800BF6E
:10DC80000800000010B5C8B1044600202060194803
:10DC900000F036F81849086890B184420FD950F85E
:10DCA000042C8118A1420146F5D154F8041C044605
:10DCB0001144026840F8041C104605E010BD0ED067
:10DCC00020600C6054F8041C621882420CD1026877
:10DCD00050F8040C2260084444F8040C04E007499E
:10DCE0000C22FEF72DFC42500248BDE8104000F027
:10DCF00008B800BFD8E30122DCE3012208000000DD
:10DD00007047704770B504460D4A54F8040D261844
:10DD1000126896420DD10D1A082D98BF0825284685
:10DD200000F010F8B04206D0411C1CBF20C0FFF725
:10DD3000A9FF002070BD206828442060012070BD2C
:10DD4000E0E30122F8B5002814D40446E6F756FFB4
:10DD5000411C0FD000F10B010C4E21F007012718D8
:10DD60000C1F844237600BD0251A2846E6F746FF81
:10DD7000B84203D04FF0FF342046F8BD284430604D
:10DD800070680028F8D17460F6E700BFE0E3012274
:10DD900070B510F1140F06D326490C22FEF7D0FB04
:10DDA0004250002070BD04462048FFF7A9FF04F14F
:10DDB0000B001F4D20F007042E462D687DB155F84D
:10DDC000040CA04213D228680028F5D12846214629
:10DDD000FFF798FF0028EFD02868306014E0204655
:10DDE000FFF7B0FF0546013017D010C50CE0001B4F
:10DDF000082807D329682951291945F8044C41F806
:10DE0000040C00E0296831600848FFF77AFF211F01
:10DE10002846FEF764FB284670BD06490C22FEF733
:10DE20008FFB42500148FFF76CFFBAE7D8E30122AD
:10DE3000DCE301220800000010B53AB10B78047849
:10DE40009C4205D1013A01310130F6E7002010BDB6
:10DE5000E01A10BD0138C9B210F8012F0AB18A4288
:10DE6000FAD18A4218BF00207047B0B50246137835
:10DE700043B10C4625781DB10134AB42FAD101E023
:10DE80000132F4E7101AB0BD10B54218034629B1AB
:10DE90001C7814B101390133F9E71A46101A10BD84
:10DEA000B0B5024613783BB10C46257825B1013454
:10DEB000AB42FAD10132F5E7101AB0BD0403010CF0
:10DEC00000091408111C101918D4060008001000CD
:10DED0001800200040006000800000018001000266
:10DEE0000004000806000000080000000300000015
:10DEF000050000000A0000000001000000000022F0
:10DF00000F00FFFF000000010100000008020000F8
:10DF10000C090C0B0C0A0C080000000000000000AB
:10DF2000B10A000200000000F8DE03027C20222576
:10DF3000732220207C0D0A007073615F67656E6537
:10DF4000726174655F6B6579206661696C65640DEB
:10DF50000A007C205B5053415D204578706F7274DD
:10DF60006564207075626C6963206B657920202080
:10DF70002020202020202020202020202020207C45
:10DF80000D0A002B2D2D205354455020353A205298
:10DF90006573746F7265204B657970616972206674
:10DFA000726F6D204261636B7570202D2D2D2D2DAC
:10DFB0002B0D0A007C205B5053415D204578706F2B
:10DFC00072746564207075626C6963206B6579207A
:10DFD00028256C7520627974657329202020202003
:10DFE00020202020202020202020207C0D0A002B13
:10DFF0002D2D2D2D2D2D2D205354455020323A20DE
:10E000004261636B7570204B657970616972202D78
:10E010002D2D2D2D2D2D2D2D2D2D2D2D2D2D2D2D30
:10E020002D2D2D2D2B0D0A002E2E2F72612F61729A
:10E030006D2F6C6974746C6566732F6C66732E63D8
:10E04000006C66735F6469725F636F6D70616374A7
:10E05000006C66735F66735F64656D6F7665000D57
:10E060000A5468652070726F6A6563742064656D18
:10E070006F6E737472617465732074686520626179
:10E080007369632066756E6374696F6E616C697421
:10E0900079206F6620506F73742D5175616E7475A1
:10E0A0006D2043727970746F6772617068790D0AC0
:10E0B0002850514329206F6E2052656E657361733D
:10E0C000205241204D435573207573696E6720744B
:10E0D0006865205053412043727970746F2041501D
:10E0E0004920616E642052656E65736173204653EA
:10E0F000502E20416C6C0D0A63727970746F6772D8
:10E100006170686963206F7065726174696F6E73A6
:10E110002061726520706572666F726D656420742F
:10E1200068726F756768207468652050534120439A
:10E13000727970746F2041504920776974680D0AB4
:10E14000756E6465726C79696E67204D62656420D6
:10E15000544C53206C6962726172792073757070CF
:10E160006F72742E20546865206578616D706C65DF
:10E170002073686F77636173657320666F757220B3
:10E1800064697374696E63740D0A757365206361E5
:10E190007365732065786563757465642073657154
:10E1A00075656E7469616C6C79206F6E2061207387
:10E1B000696E676C65204D43552C2073696D756CD5
:10E1C0006174696E67206D756C74692D706172740D
:10E1D000790D0A63727970746F6772617068696330
:10E1E000206F7065726174696F6E732C20616E644C
:10E1F00020612066696674682075736520636173A9
:10E200006520746861742076616C696461746573FB
:10E2100020696E7465726F7065726162696C697491
:10E22000790D0A7769746820616E2065787465726B
:10E230006E616C2064657669636520696E2061207B
:10E240007265616C2D776F726C642064697374728F
:10E2500069627574656420656E7669726F6E6D654E
:10E260006E742E0D0A0D0A466F72204D4C2D4B45D3
:10E270004D20284B657920456E63617073756C6124
:10E2800074696F6E204D656368616E69736D292CCA
:10E2900020746865204D435520666972737420733D
:10E2A000696D756C6174657320610D0A74776F2DEB
:10E2B0007061727479206B65792065786368616E2E
:10E2C00067652077686572652061206465636170A9
:10E2D00073756C61746F722067656E6572617465C9
:10E2E0007320616E204D4C2D4B454D206B65797030
:10E2F0006169722C0D0A6578706F7274732074688E
:10E3000065207075626C6963206B65792C20616E85
:10E310006420616E20656E63617073756C61746FEB
:10E3200072207573657320697420746F2063726541
:10E330006174652061207368617265640D0A73659C
:10E3400063726574207468726F75676820656E63A8
:10E35000617073756C6174696F6E2E2054686520EE
:10E36000646563617073756C61746F722074686545
:10E370006E20646563617073756C6174657320747D
:10E3800068650D0A72656365697665642063697006
:10E390006865727465787420746F2064657269763C
:10E3A0006520746865206964656E746963616C20BA
:10E3B000736861726564207365637265742C206490
:10E3C000656D6F6E7374726174696E670D0A717535
:10E3D000616E74756D2D726573697374616E7420EE
:10E3E0006B65792065737461626C6973686D656EC5
:10E3F000742E20546865207365636F6E64204D4CE5
:10E400002D4B454D2075736520636173650D0A645E
:10E41000656D6F6E73747261746573206B657920BE
:10E4200070657273697374656E63653A20746865AC
:10E4300020646563617073756C61746F72206578B8
:10E44000706F72747320697473206B657970616981
:10E450007220617320610D0A6261636B75702C20FC
:10E460007468656E20726573746F7265732074686A
:10E4700065206B6579706169722066726F6D2062CC
:10E4800061636B757020616E64207375636365737F
:10E490007366756C6C790D0A646563617073756C75
:10E4A0006174657320612070726576696F75736C35
:10E4B000792073746F726564206369706865727423
:10E4C0006578742C20766572696679696E67207448
:10E4D000686520726573746F726564206B65790D71
:10E4E0000A6D61696E7461696E732066756C6C206B
:10E4F00063727970746F67726170686963206675A2
:10E500006E6374696F6E616C6974792E0D0A0D0A01
:10E51000466F72204D4C2D44534120284469676951
:10E5200074616C205369676E617475726520416C0B
:10E53000676F726974686D292C20746865204D437B
:10E54000552073696D756C617465732061207477F3
:10E550006F2D70617274790D0A7369676E696E67E9
:10E56000207363656E6172696F20776865726520DC
:10E5700061207369676E65722067656E657261748C
:10E58000657320616E204D4C2D44534120736967A3
:10E590006E696E67206B6579706169722C0D0A6512
:10E5A00078706F72747320746865207075626C691E
:10E5B00063206B657920666F722064697374726979
:10E5C000627574696F6E2C20616E64207369676E6A
:10E5D000732061206D6573736167652E20546865D3
:10E5E0000D0A766572696669657220696D706F7271
:10E5F000747320746865207075626C6963206B6544
:10E600007920616E6420766572696669657320742D
:10E610006865207369676E617475726520746F2018
:10E6200061757468656E7469636174650D0A7468F8
:10E6300065206D65737361676520736F75726365BF
:10E640002E20546865207365636F6E64204D4C2DD9
:10E650004453412075736520636173652064656D63
:10E660006F6E73747261746573207369676E696E1F
:10E6700067206B65790D0A70657273697374656ED6
:10E6800063653A20746865207369676E65722065FA
:10E6900078706F72747320697473206B6579706120
:10E6A00069722061732061206261636B75702C2038
:10E6B0007468656E20726573746F7265730D0A7489
:10E6C0006865206B6579706169722066726F6D2074
:10E6D0006261636B757020616E64207369676E732D
:10E6E0002061206E6577206D6573736167652077A3
:10E6F0006974682074686520726573746F726564EC
:10E70000206B65792E0D0A53696E63652074686508
:10E7100020726573746F726564207369676E696EC9
:10E7200067206B657920636F72726573706F6E64BA
:10E730007320746F207468652073616D6520707537
:10E74000626C6963206B65790D0A6D61746572692D
:10E75000616C2C207369676E6174757265732063D8
:10E76000726561746564206265666F7265207468A5
:10E7700065206261636B757020726573746F72657A
:10E780002072656D61696E20766572696669616285
:10E790006C650D0A62792074686520766572696619
:10E7A0006965722E2053696D696C61726C792C20D9
:10E7B0007369676E617475726573206372656174E5
:10E7C0006564206166746572207468652072657383
:10E7D000746F72652061726520616C736F0D0A76CB
:10E7E000657269666961626C652077697468207416
:10E7F00068652073616D652076657269666965720A
:10E80000207075626C6963206B65792C20617320C0
:10E8100074686520726573746F726564206B6579C6
:10E82000706169722069730D0A6964656E74696349
:10E83000616C20746F20746865206F726967696EFF
:10E84000616C2E0D0A0D0A5468652066696E616C54
:10E8500020757365206361736520636F6D62696EF7
:10E86000657320626F746820616C676F7269746889
:10E870006D7320696E206120687962726964207707
:10E880006F726B666C6F772C0D0A77686572652006
:10E89000746865205241204D435520706572666F43
:10E8A000726D73204D4C2D4B454D20646563617036
:10E8B00073756C6174696F6E20746F206573746119
:10E8C000626C69736820610D0A7368617265642007
:10E8D00073656372657420616E64207468656E2070
:10E8E00075736573204D4C2D44534120746F207314
:10E8F00069676E2069742C207769746820626F7470
:10E9000068206F7065726174696F6E730D0A76614D
:10E910006C69646174656420616761696E737420F9
:10E92000616E2065787465726E616C20486F7374D7
:10E9300020504320726174686572207468616E2093
:10E9400073696D756C617465642077697468696E4C
:10E950000D0A7468652073616D652064657669636E
:10E96000652E20546869732064656D6F6E737472D0
:10E970006174657320746861742074686520524105
:10E98000204D4355277320505341204372797074B2
:10E990006F0D0A41504920696D706C656D656E742C
:10E9A0006174696F6E2063616E20636F727265635C
:10E9B000746C7920696E7465726F706572617465CC
:10E9C000207769746820616E20696E646570656E79
:10E9D00064656E740D0A65787465726E616C207082
:10E9E0006172747920696E2061207265616C2D7787
:10E9F0006F726C64206469737472696275746564A3
:10EA000020656E7669726F6E6D656E742E0D0A0DDF
:10EA10000A54686520455020696E666F726D617496
:10EA2000696F6E2C206D656E75206F7074696F6EE6
:10EA30007320616E64206572726F72206D657373EE
:10EA4000616765732061726520646973706C6179B8
:10EA5000656420696E207468650D0A7465726D695D
:10EA60006E616C206170706C69636174696F6E0DAA
:10EA70000A0D0A0020205B524553554C545D20542A
:10EA8000686520736861726564207365637265747C
:10EA9000206E6F74206D61746368210D0A005369E4
:10EAA000676E65723A20636F6D6D735F7265616446
:10EAB0002028726573706F6E736529206661696CBA
:10EAC00065640D0A007C205B53494D5D20526563EF
:10EAD0006569766564207369676E61747572653AFD
:10EAE00020256C75206279746573202020202020F9
:10EAF000207C0D0A007C20446563617073756C6135
:10EB0000746F722D456E63617073756C61746F7292
:10EB1000204B65792045786368616E6765206F706A
:10EB200065726174696F6E20202020207C0D0A00C0
:10EB30002B3D3D3D3D3D3D3D3D3D3D3D3D3D3D3D17
:10EB40003D3D3D3D3D3D3D3D3D3D3D3D3D3D3D3DF5
:10EB50003D3D3D3D3D3D3D3D3D3D3D3D3D3D3D3DE5
:10EB60003D3D3D3D3D2B0D0A0D0A007073615F690F
:10EB70006D706F72745F6B657920287075626C6957
:10EB80006329206661696C656400205B5053415DB8
:10EB90002044657374726F792074686520707562A3
:10EBA0006C6963206B6579206F6620656E636170A8
:10EBB00073756C61746F72207375636365737366CC
:10EBC000756C6C790D0A0D0A007C205B5053415D19
:10EBD00020496D706F72746564206B65797061692E
:10EBE00072202020202020202020202020202020D3
:10EBF00020202020202020202020202020207C0DCC
:10EC00000A0053686172656420736563726574738A
:10EC1000206D69736D61746368206166746572202C
:10EC20007265626F6F74210069642D73686132329E
:10EC300034005348412D332D323536006572722031
:10EC40003C3D2030002A2A524D5F434F4D4D535FCB
:10EC50005553425F504344435F4F70656E204150AF
:10EC600049206661696C6564202A2A0D0A002A2AF7
:10EC70007073615F64657374726F795F6B6579201F
:10EC8000415049206661696C65642A2A0D0A007C3E
:10EC9000204D4C2D4B454D2044656361702026204E
:10ECA0004D4C2D445341205369676E202852656DA9
:10ECB0006F74652056657269667929206F70657278
:10ECC0006174696F6E207C0D0A005369676E65720E
:10ECD0003A207073615F67656E65726174655F6B22
:10ECE0006579206661696C65640D0A002B2D2D2005
:10ECF00056455249464945522056657269666965CE
:10ED000073204D657373616765202D2D2D2D2D2D7D
:10ED10002D2D2D2D2D2D2D2D2D2B0D0A00566572EF
:10ED200069666965723A207073615F7665726966BB
:10ED3000795F6D657373616765206661696C656491
:10ED40000D0A007C205B5053415D205369676E655E
:10ED5000722067656E657261746564204D4C2D4448
:10ED60005341206B6579706169722020202020203A
:10ED70007C0D0A002B2D2D205354455020343A2071
:10ED80005369676E204D657373616765202856650A
:10ED90007273696F6E20312E3029202D2D2D2D2D6F
:10EDA0002D2B0D0A007C2020202020202053696775
:10EDB0006E61747572653A20256C75206279746590
:10EDC00073202020202020202020202020202020F0
:10EDD000207C0D0A007C205B5053415D2047656E0E
:10EDE000657261746564207368617265642073651F
:10EDF000637265742028446563617073756C617417
:10EE00006F72207369646529202020207C0D0A0020
:10EE10005368617265642073656372657420636F03
:10EE20006D70617269736F6E206661696C656400F4
:10EE30007C205B5053415D20456E63617073756C3F
:10EE400061746F7220696D706F7274656420707583
:10EE5000626C6963206B65792020202020202020AF
:10EE600020202020207C0D0A0069642D7368613108
:10EE700000312E30007071635F64656361705F7391
:10EE800069676E5F72656D6F74655F7665726966DE
:10EE9000795F6F7065726174696F6E206661696C0D
:10EEA00065640D0A007C2020202020202053696703
:10EEB0006E61747572652073697A653A20256C7588
:10EEC00020627974657320202020202020202020BB
:10EED000207C0D0A007C205B5053415D2053696704
:10EEE0006E656420776974682070726976617465F4
:10EEF000206B657920202020202020202020202029
:10EF000020207C0D0A007C20504841534520323A95
:10EF10002044657374726F79206B657970616972D2
:10EF200020202020202020202020202020202020E1
:10EF30002020207C0D0A002B2D2D205354455020DD
:10EF4000373A20566572696679205369676E617435
:10EF500075726520436F6E73697374656E63792093
:10EF60002D2D2D2D2B0D0A005368617265642073C1
:10EF70006563726574207665726966696361746938
:10EF80006F6E206661696C6564006C66735F6264B5
:10EF90005F6572617365006C66735F62645F73794D
:10EFA0006E630068616E646C655F6572726F72009B
:10EFB0007C205B53494D5D2041747461636B6572C5
:10EFC000206D6F646966696573206669726D77612B
:10EFD00072653A202020202020202020207C0D0A4D
:10EFE000007C20504841534520333A205265636FDE
:10EFF00076657279204B65797061697220202020D6
:10F0000020202020202020202020202020207C0DB7
:10F010000A007C205B5053415D2047656E6572613C
:10F0200074656420736861726564207365637265DA
:10F03000742028456E63617073756C61746F722003
:10F040007369646529202020207C0D0A006C66739A
:10F050005F7461675F7479706533286C66732D3EE9
:10F06000676469736B2E74616729203D3D204C46AF
:10F07000535F545950455F44454C455445005369CE
:10F08000676E65723A207073615F6578706F727435
:10F090005F7075626C69635F6B6579206661696C2E
:10F0A00065640D0A0020205B524553554C545D2089
:10F0B0005369676E617475726520766572696669F9
:10F0C0006564206661696C6564210D0A002B2D2D35
:10F0D0002056455249464945522028566572696670
:10F0E00069657229202D2D2D2D2D2D2D2D2D2D2DA8
:10F0F0002D2D2D2D2D2D2D2D2D2D2B0D0A007C2070
:10F10000284368616E676564206275696C64206479
:10F11000617465292020202020202020202020200C
:10F1200020202020202020202020207C0D0A007C70
:10F13000205B53494D5D2054616D7065726564209C
:10F140006D65737361676520646574656374656478
:10F150002120202020202020202020207C0D0A009B
:10F1600054616D70657220646574656374696F6E57
:10F17000206661696C65640D0A0020205B53494D6F
:10F180005D20456E63617073756C61746F7220737E
:10F19000656E647320434950484552544558542085
:10F1A000746F20446563617073756C61746F722E47
:10F1B0002E2E0D0A0D0A007C205B5053415D204429
:10F1C0006563617073756C61746F722064657269D8
:10F1D0007665642073686172656420736563726527
:10F1E0007420202020202020202020207C0D0A00B8
:10F1F00069642D6D64350070646972006C66735FBC
:10F200007461675F73697A65286C66732D3E6773F6
:10F21000746174652E74616729203C2030783166F2
:10F2200066207C7C206F727068616E73203C3D208C
:10F2300030002020506C656173652072756E2070FF
:10F2400071635F746573742E7079206F6E207468BB
:10F250006520486F737420504320746F20636F6E75
:10F2600074696E75650D0A0D0A007C20205369676C
:10F270006E6572207369676E73207368617265646E
:10F2800020736563726574206B65792020202020CF
:10F29000202020202020202020202020202020206E
:10F2A000207C0D0A0020205369676E65722073650B
:10F2B0006E6473207075626C6963206B657920746D
:10F2C0006F2076657269666965722E2E2E0D0A0DA5
:10F2D0000A0020205B524553554C545D205369670A
:10F2E0006E61747572652076657269666965642001
:10F2F0007375636365737366756C6C79210D0A00B1
:10F300002B2D2D205354455020363A2044656361FF
:10F310007073756C61746F7220446563617073758E
:10F320006C617465732044617461202D2D2D2D2D29
:10F330002D2D2D2D2D2B0D0A004578706F72742008
:10F34000737331206661696C65640D0A00608648DC
:10F35000016503040204006C66735F6D6C6973746D
:10F360005F69736F70656E286C66732D3E6D6C6996
:10F3700073742C2028737472756374206C66735FC9
:10F380006D6C6973742A2966696C6529002F006C9D
:10F390006974746C6566735F6465696E6974005343
:10F3A00069676E65723A207073615F7369676E5F3B
:10F3B0006D657373616765206661696C65640D0ACC
:10F3C000007C205B5053415D20566572696669631D
:10F3D0006174696F6E204641494C45442028617331
:10F3E00020657870656374656421292020207C0D78
:10F3F0000A005665726966792076322E302073696C
:10F40000676E6174757265206661696C65640D0A6A
:10F41000002B2D2D205354455020313A2044656354
:10F42000617073756C61746F722047656E6572618F
:10F43000746573204B657970616972202D2D2D2DB7
:10F440002D2D2D2D2D2D2B0D0A00007071635F6F5A
:10F450007065726174696F6E5F656E747279004475
:10F460006563617073756C61746F723A207073615B
:10F470005F67656E65726174655F6B657920284DA5
:10F480004B2D4B454D29206661696C65640D0A0062
:10F49000446563617073756C61746F723A20707348
:10F4A000615F6578706F72745F6B6579202873682F
:10F4B0006172656420736563726574206F66206491
:10F4C0006563617073756C61746F72292066616920
:10F4D0006C65640D0A007C20504841534520313A48
:10F4E00020496E697469616C205369676E6572208A
:10F4F000536574757020202020202020202020209B
:10F500002020207C0D0A007C202020202020205359
:10F51000697A653A20256C752062797465732020BC
:10F5200020202020202020202020202020202020DB
:10F530002020207C0D0A002B2D2D205354455020D7
:10F54000333A205368617265205075626C6963209C
:10F550004B6579207769746820656E636170737597
:10F560006C61746F722D2D2D2D2D2D2D2B0D0A00FC
:10F5700069642D7368613235360070636163686554
:10F580002D3E626C6F636B203D3D2028286C6673B6
:10F590005F626C6F636B5F74292D3129007C2020C2
:10F5A00047656E657261746564204D4C2D4B454D09
:10F5B000206B657970616972202020202020202036
:10F5C000202020202020202020202020202020203B
:10F5D000202020207C0D0A007C44656361707375D7
:10F5E0006C61746F7220616E6420656E636170730C
:10F5F000756C61746F7220686176652073616D65EA
:10F600002073686172656420736563726574737CCE
:10F610000D0A002B2D2D205354455020343A2045FF
:10F620006E63617073756C61746F7220496D706F79
:10F63000727473205075626C6963204B6579202D5C
:10F640002D2D2D2D2D2D2D2D2B0D0A007C20202034
:10F6500020202028456E63617073756C61746F7231
:10F6600020686173204E4F20707269766174652046
:10F670006B65792129202020202020202020202097
:10F68000207C0D0A002128686173706172656E74B8
:10F6900020262620657272203D3D204C46535F4552
:10F6A00052525F4E4F454E5429006C66735F646939
:10F6B000725F72656C6F636174696E67636F6D6DA5
:10F6C0006974006D626564746C735F706C617466FC
:10F6D0006F726D5F7365747570206661696C6564C7
:10F6E000002B2D2D205349474E4552202D2D2D2DD9
:10F6F0002D2D2D2D2D2D2D2D2D2D2D2D2D2D2D2D3A
:10F700002D2D2D2D2D2D2D2D2D2D2D2D2D2D2D2D29
:10F710002D2D2D2D2D2D2D2D2B0D0A007C2020473C
:10F72000656E657261746564204D4C2D44534120B3
:10F730006B657970616972202020202020202020B4
:10F7400020202020202020202020202020202020B9
:10F750002020207C0D0A005369676E65723A206391
:10F760006F6D6D735F73656E645F64617461206655
:10F7700061696C65640D0A00636C65616E75705F2C
:10F780006B657973206661696C65640D0A007C2085
:10F79000204D4C2D44534120696D706F72742026AA
:10F7A000206578706F7274206B6579706169722062
:10F7B0006F7065726174696F6E20207C0D0A002B7A
:10F7C0002D2D205354455020333A205075626C69DA
:10F7D0007368205075626C6963204B6579202D2D0C
:10F7E0002D2D2D2D2D2D2D2D2D2D2D2D2B0D0A00BB
:10F7F00020205B5053415D2044657374726F792003
:10F80000746865206B657970616972206F6620731A
:10F8100069676E6572207375636365737366756C73
:10F820006C790D0A0D0A007C2020202020285369C5
:10F83000676E6564206166746572207265636F76B9
:10F8400065727929202020202020202020202020BF
:10F85000202020207C0D0A007C205B5053415D203D
:10F86000456E63617073756C61746F7220656E6351
:10F87000617073756C617465642077697468207059
:10F8800075626C6963206B6579202020207C0D0AED
:10F89000002B2D2D205354455020373A20526573AC
:10F8A000746F7265204B657970616972202D2D2D02
:10F8B0002D2D2D2D2D2D2D2D2D2D2D2D2D2D2D2D78
:10F8C0002D2D2D2D2D2D2B0D0A005348412D323578
:10F8D0003600608648016503040209005348412D43
:10F8E000332D333834000D0A2A2A20524D5F4C49FB
:10F8F00054544C4546535F5350495F464C4153481E
:10F900005F436C6F736520415049204641494C4527
:10F9100044202A2A0D0A007C205B5053415D204779
:10F92000656E657261746564204D4C2D44534120B1
:10F930006B657970616972202020202020202020B2
:10F94000202020207C0D0A002B2D2D2D2D2D2D2D3E
:10F950002D2D2D2D2D2D2D2D2D2D2D2D2D2D2D2DD7
:10F960002D2D2D2D2D2D2D2D2D2D2D2D2D2D2D2DC7
:10F970002D2D2D2D2D2B0D0A0D0A006D6C6473613C
:10F980005F6578706F72745F696D706F72745F6BB2
:10F99000657970616972007C205B5053415D20562F
:10F9A000657273696F6E20312E30206D65737361DF
:10F9B000676520766572696669656420202020206D
:10F9C000202020207C0D0A007C205B5053415D20CC
:10F9D00047656E657261746564204D4C2D4B454DD5
:10F9E000206B657970616972202020202020202002
:10F9F0002020202020202020202020202020207CAB
:10FA00000D0A007C20202020202028456E63617094
:10FA100073756C61746F7220686173204E4F207033
:10FA2000726976617465206B657921292020202018
:10FA3000202020202020202020207C0D0A007C2057
:10FA40005B5053415D204578706F72746564206B24
:10FA500065797061697220202020202020202020DC
:10FA60002020202020202020202020202020202096
:10FA70002020207C0D0A007073615F6578706F72C2
:10FA8000745F7075626C69635F6B6579206661692C
:10FA90006C6564007C202020202020285573696E2E
:10FAA000672070726976617465206B657920667273
:10FAB0006F6D206B6579706169722920202020208C
:10FAC0002020202020202020207C0D0A007073613F
:10FAD0005F64657374726F795F6B657920666169C5
:10FAE0006C6564007C202020202020204B6579203C
:10FAF0007265636F7665727920737563636573737E
:10FB000066756C212020202020202020202020200D
:10FB10002020202020202020207C0D0A007C205640
:10FB20004552494649434154494F4E20434F4D5059
:10FB30004C4554453A202020202020202020202001
:10FB400020202020202020202020202020202020B5
:10FB500020207C0D0A002B2D2D2D2D2D2D2D2D2D12
:10FB60002D2D2D2D2D2D2D2D2D2D2D2D2D2D2D2DC5
:10FB70002D2D2D2D2D2D2D2D2D2D2D2D2D2D2D2DB5
:10FB80002D2D2D2D2D2D2D2D2D2D2D2B0D0A0063E1
:10FB90006F6D706172655F7368617265645F7365D4
:10FBA0006372657473004578706F7274207373327A
:10FBB000206661696C65640D0A00636F6D6D735F2B
:10FBC00073656E64206661696C65640D0A00608609
:10FBD000480165030402010069642D736861332DD7
:10FBE000323536006F6666202B2073697A65203CBB
:10FBF0003D206C66732D3E6366672D3E626C6F63BD
:10FC00006B5F73697A6500636F6D6D69742E6F66E3
:10FC1000662025206C66732D3E6366672D3E7072EC
:10FC20006F675F73697A65203D3D203000446563EE
:10FC3000617073756C61746F723A207073615F6587
:10FC400078706F72745F7075626C69635F6B6579F1
:10FC5000206661696C65640D0A002020446563615B
:10FC60007073756C61746F722073656E647320704D
:10FC700075626C6963206B657920746F20456E63D3
:10FC8000617073756C61746F722E2E2E0D0A0D0AE1
:10FC90000020205B524553554C545D20546865202C
:10FCA00073686172656420736563726574206D6149
:10FCB000746368210D0A0D0A005369676E65723A14
:10FCC000207073615F67656E65726174655F6B65F7
:10FCD0007920284D4B2D44534129206661696C657C
:10FCE000640D0A007C20204578706F727465642072
:10FCF0004D4C2D445341207075626C6963206B65D7
:10FD0000792028256C75206279746573292020205C
:10FD1000202020202020202020207C0D0A002B2DB8
:10FD20002D205349474E455220285369676E65720E
:10FD300029202D2D2D2D2D2D2D2D2D2D2D2D2D2D04
:10FD40002D2D2D2D2D2D2D2D2D2D2D2B0D0A007C06
:10FD5000204D65737361676520746F207369676EEA
:10FD60003A20202020202020202020202020202079
:10FD70002020202020202020202020207C0D0A0070
:10FD80007C205B53494D5D2052656164206B657931
:10FD9000706169722066726F6D206261636B75704D
:10FDA000202020202020202020202020207C0D0A20
:10FDB000007C202D20426F7468206F6C6420616E7F
:10FDC00064206E6577206D65737361676573207657
:10FDD000616C6964202020202020202020207C0DC0
:10FDE0000A007C205B5053415D20456E6361707357
:10FDF000756C6174656420286369706865727465E8
:10FE0000787420256C752062797465732920202010
:10FE10002020202020202020207C0D0A002B0E03F3
:10FE2000021A006469722D3E636F756E74203E2065
:10FE300030006C66735F6469725F747261766572BC
:10FE4000736500696E66006D6C6B656D5F74776FCE
:10FE50005F70617274795F6B65795F657863686103
:10FE60006E6765206661696C65640D0A007C205BC5
:10FE70005053415D205369676E6564206D657373EF
:10FE8000616765207769746820707269766174654E
:10FE9000206B65792020202020207C0D0A007C200A
:10FEA0004552524F523A2053686F756C6420686116
:10FEB0007665206661696C65642120202020202001
:10FEC00020202020202020202020207C0D0A007CC3
:10FED000205B5053415D2056657273696F6E20320E
:10FEE0002E30206D65737361676520766572696673
:10FEF0006965642020202020202020207C0D0A001D
:10FF0000446563617073756C61746F723A207073CD
:10FF1000615F6578706F72745F7075626C69635F42
:10FF20006B6579206661696C6564007073615F67F9
:10FF3000656E65726174655F6B6579206661696C79
:10FF40006564007C205B5053415D20456E636170A9
:10FF500073756C61746F7220646572697665642074
:10FF60007368617265642073656372657420202014
:10FF700020202020202020207C0D0A007C20202012
:10FF800020202020446563617073756C61746F720A
:10FF900020726573746F726564206974732069647C
:10FFA000656E746974792120202020202020202073
:10FFB000207C0D0A00636F6D6D735F726563765F01
:10FFC00061636B206661696C65640D0A0069642D6C
:10FFD000736861332D333834006C66735F66696C07
:10FFE000655F7365656B006C66735F66696C655F02
:10FFF000726561645F006C66735F66696C655F77EC
:020000040204F4
:10000000726974655F00446563617073756C6174D7
:100010006F723A207073615F646563617073756CB1
:10002000617465206661696C65640D0A00546865D9
:100030002073656C6563746564206B6579207479E1
:100040007065206973206E6F7420737570706F72A5
:100050007465640D0A007C20202020202028557320
:10006000696E67207075626C6963206B6579206FBB
:100070006E6C792920202020202020202020202084
:100080002020207C0D0A007C202D204D657373619B
:1000900067652063616D652066726F6D20736967A7
:1000A0006E6572202020202020202020202020206B
:1000B000202020207C0D0A007C205B5053415D20D5
:1000C000446563617073756C61746F7220646563FD
:1000D000617073756C6174656420737563636573B7
:1000E0007366756C6C79202020202020207C0D0AFE
:1000F000005348412D323234006C66735F66735F83
:10010000707265706F727068616E73000D0A2A2AD2
:100110002A2A2A2A2A2A2A2A2A2A2A2A2A2A2A2A3F
:100120002A2A2A2A2A2A2A2A2A2A2A2A2A2A2A2A2F
:100130002A2A2A2A2A2A2A2A2A2A2A2A2A2A2A2A1F
:100140002A2A2A2A2A2A2A2A2A2A2A2A2A2A2A2A0F
:100150002A2A2A2A2A2A2A2A2A2A2A2A2A2A0D0A3C
:100160002A20202052656E6573617320465350200B
:100170004578616D706C652050726F6A656374209C
:10018000666F7220506F7374205175616E74756D57
:100190002043727970746F677261706879204D6F57
:1001A00064756C6520202020202020202020202A1B
:1001B0000D0A2A2020204578616D706C65205072F0
:1001C0006F6A6563742056657273696F6E2025735C
:1001D000202020202020202020202020202020201F
:1001E000202020202020202020202020202020200F
:1001F00020202020202020202020202020202020FF
:100200002A0D0A2A202020466C657820536F6674D8
:1002100077617265205061636B2056657273696FF8
:100220006E202025642E25642E2564202020202089
:1002300020202020202020202020202020202020BE
:1002400020202020202020202020202020202020AE
:1002500020202020202A0D0A2A2A2A2A2A2A2A2A6D
:100260002A2A2A2A2A2A2A2A2A2A2A2A2A2A2A2AEE
:100270002A2A2A2A2A2A2A2A2A2A2A2A2A2A2A2ADE
:100280002A2A2A2A2A2A2A2A2A2A2A2A2A2A2A2ACE
:100290002A2A2A2A2A2A2A2A2A2A2A2A2A2A2A2ABE
:1002A0002A2A2A2A2A2A2A2A0D0A526566657220D3
:1002B000746F2074686520524541444D452E6D642D
:1002C00020666F7220746865204578616D706C657A
:1002D0002050726F6A65637420646F63756D656E1C
:1002E000746174696F6E20616E640D0A465350200C
:1002F000557365722773204D616E75616C20666F52
:1003000072206D6F726520696E666F726D617469BF
:100310006F6E2061626F757420506F737420517519
:10032000616E74756D2043727970746F677261705D
:100330006879206472697665720D0A002020446530
:1003400063617073756C61746F722073656E647332
:1003500020736861726564207365637265742074CC
:100360006F20456E63617073756C61746F722E2EB1
:100370002E0D0A0D0A0020205369676E65722073E6
:10038000656E6473207369676E617475726520743D
:100390006F2076657269666965722E2E2E0D0A0DC4
:1003A0000A000D0A2B3D3D3D3D3D3D3D3D3D3D3D62
:1003B0003D3D3D3D3D3D3D3D3D3D3D3D3D3D3D3D6D
:1003C0003D3D3D3D3D3D3D3D3D3D3D3D3D3D3D3D5D
:1003D0003D2B0D0A007C205B5053415D2053696723
:1003E0006E617475726520766572696669656420F0
:1003F0007375636365737366756C6C792120202057
:1004000020207C0D0A007073615F64657374726FE5
:10041000795F6B6579206661696C65640D0A007CA3
:10042000202020202020285369676E6564206265A3
:10043000666F7265207265636F7665727929202018
:100440002020202020202020202020207C0D0A0099
:100450006D6C6B656D5F6578706F72745F696D70E0
:100460006F72745F6B657970616972007C205048AF
:1004700041534520333A205265636F766572792087
:10048000746865206B6579202020202020202020A2
:10049000202020202020202020202020202020205C
:1004A000207C0D0A006C66735F62645F666C757316
:1004B00068007370203C2033000D0A526574757219
:1004C0006E6564204572726F7220436F64653A20D6
:1004D0003078257820200D0A000D0A53656C65637D
:1004E0007420506F7374205175616E74756D204364
:1004F000727970746F6772617068792064656D6F6E
:100500006E7374726174696F6E3A0D0A312E204DEC
:100510004C2D4B454D3A2054776F2D5061727479B4
:10052000204B65792045786368616E67650D0A32F6
:100530002E204D4C2D4B454D3A204578706F7274EE
:100540002F496D706F7274204B65797061697220EC
:10055000284261636B75702026205265636F766553
:100560007279290D0A332E204D4C2D4453413A20E7
:1005700054776F2D5061727479205369676E696E7C
:1005800067202620566572696669636174696F6EBB
:100590000D0A342E204D4C2D4453413A204578709D
:1005A0006F72742F496D706F7274204B6579706132
:1005B000697220284261636B757020262052656342
:1005C0006F76657279290D0A352E204D4C2D4B45DD
:1005D0004D2044656361702026204D4C2D445341CD
:1005E000205369676E202852656D6F7465205665CB
:1005F00072696679290D0A5573657220496E7075A6
:10060000743A200D0A007C205B5053415D204578F0
:10061000706F72746564206B6579706169722074A3
:100620006F206261636B75702020202020202020C5
:100630002020207C0D0A007C20446576656C6F705C
:100640006572207375626D697473206E65772076AC
:10065000657273696F6E3A202020202020202020B0
:10066000202020207C0D0A00435249544943414C2C
:100670003A205368617265642073656372657473B0
:10068000206D69736D6174636821007C20202020D7
:100690002020202850726976617465206B6579206E
:1006A0002B205075626C6963206B657929202020AE
:1006B000202020202020202020202020202020203A
:1006C0007C0D0A002B2D2D2D2D2D2D2D2D2D2D2D7D
:1006D0002D2D2D2D2D2D2D2D2D2D2D2D2D2D2D2D4A
:1006E0002D2D2D2D2D2D2D2D2D2D2D2D2D2D2D2D3A
:1006F0002D2D2D2D2D2D2D2D2D2B0D0A0D0A0044C8
:100700006563617073756C61746F722D456E6361A2
:100710007073756C61746F72207665726966696357
:100720006174696F6E206661696C656400636F6DEA
:100730006D735F73656E642028646174612920663F
:1007400061696C65640D0A006086480165030402F6
:100750000A005369676E65723A20636F6D6D735F4F
:1007600073656E645F6461746120287369676E618C
:100770007475726529206661696C65640D0A007084
:1007800073615F7369676E5F6D6573736167652021
:100790006661696C65640D0A007C202D20536967D1
:1007A0006E696E6720736572766963652066756C25
:1007B0006C79206F7065726174696F6E616C212055
:1007C0002020202020207C0D0A007C205B505341FB
:1007D0005D204578706F72746564207075626C6915
:1007E00063206B65792020202020202020202020DD
:1007F0002020202020202020202020202020207C9D
:100800000D0A002B2D2D205354455020353A2045FC
:100810006E63617073756C61746F722053656E6482
:100820007320456E637279707465642044617461ED
:10083000202D2D2D2D2D2D2D2B0D0A007073615F78
:10084000696D706F72745F6B6579206661696C6544
:100850006400446563617073756C61746F722F45D9
:100860006E63617073756C61746F7220736861720E
:1008700065642073656372657473206D69736D615F
:1008800074636821000D0A505341204372797074DB
:100890006F20696E697469616C697A6174696F6EE1
:1008A000207375636365737366756C6C790D0A00EC
:1008B000446563617073756C61746F723A20636F25
:1008C0006D6D735F726561642028726573706F6E01
:1008D000736529206661696C65640D0A002B2D2DF6
:1008E000205349474E4552205369676E73204D652A
:1008F0007373616765202D2D2D2D2D2D2D2D2D2D03
:100900002D2D2D2D2D2D2D2D2D2D2B0D0A002B2D8B
:100910002D20444543415053554C41544F522028BB
:10092000526563656976657229202D2D2D2D2D2D3B
:100930002D2D2D2D2D2D2D2D2D2D2D2D2D2D2D2DE7
:100940002D2D2D2D2D2B0D0A0044656361707375BF
:100950006C61746F723A207073615F67656E657267
:100960006174655F6B6579206661696C6564002000
:10097000205B53494D5D20446563617073756C6104
:10098000746F722073656E6473205055424C4943F6
:10099000204B455920746F20456E63617073756CF0
:1009A00061746F722E2E2E0D0A0D0A007C205B5092
:1009B00053415D2044657269766564207368617295
:1009C000656420736563726574202861667465725E
:1009D000207265626F6F7429202020202020202043
:1009E000207C0D0A006C66735F66696C655F6F70D2
:1009F000656E006C66735F62645F7265616400209F
:100A000020446563617073756C61746F72207265E8
:100A1000636569766573206369706865727465786B
:100A2000742066726F6D20456E63617073756C61C2
:100A3000746F722028256C75206279746573292083
:100A40000D0A0D0A0056657269666965723A207072
:100A500073615F696D706F72745F6B657920287068
:100A600075626C6963206B657929206661696C65C4
:100A7000640D0A0073656370323536723100216C83
:100A800066735F6D6C6973745F69736F70656E28F0
:100A90006C66732D3E6D6C6973742C2028737472B0
:100AA000756374206C66735F6D6C6973742A296654
:100AB000696C6529006C66735F66696C655F636C61
:100AC0006F7365002866696C652D3E666C6167739F
:100AD0002026204C46535F4F5F57524F4E4C5929AA
:100AE000203D3D204C46535F4F5F57524F4E4C596F
:100AF000006D6C6B656D5F6578706F72745F696DAA
:100B0000706F72745F6B657970616972206661697C
:100B10006C65640D0A002B3D3D3D3D3D3D3D3D3D39
:100B20003D3D3D3D3D3D3D3D3D3D3D3D3D3D3D3DF5
:100B30003D3D3D3D3D3D3D3D3D3D3D3D3D3D3D3DE5
:100B40003D3D3D3D3D3D3D3D3D3D3D3D3D2B0D0A4A
:100B50000D0A007073615F696D706F72745F6B6511
:100B600079206661696C65640D0A00566572696674
:100B7000792076312E30207369676E6174757265E5
:100B8000206661696C65640D0A002B2D2D20454E91
:100B900043415053554C41544F52202853656E6485
:100BA000657229202D2D2D2D2D2D2D2D2D2D2D2D09
:100BB0002D2D2D2D2D2D2D2D2D2D2D2D2D2D2D2D65
:100BC0002D2B0D0A00608648016503040207000D05
:100BD0000A5B4552525D20496E2046756E6374690A
:100BE0006F6E3A20257328292C202573006D6C64C4
:100BF00073615F74776F5F70617274795F73696737
:100C00006E696E67206661696C65640D0A006D6CC3
:100C10006473615F6578706F72745F696D706F7215
:100C2000745F6B657970616972206661696C656477
:100C30000D0A000D0A2B3D3D3D3D3D3D3D3D3D3DF9
:100C40003D3D3D3D3D3D3D3D3D3D3D3D3D3D3D3DD4
:100C50003D3D3D3D3D3D3D3D3D3D3D3D3D3D3D3DC4
:100C60003D3D3D3D3D3D3D3D3D3D3D3D2B0D0A0066
:100C7000446563617073756C61746F723A20636F61
:100C80006D6D735F73656E645F646174612028705D
:100C900075626C6963206B657929206661696C6592
:100CA000640D0A002B2D2D205354455020313A203D
:100CB00047656E6572617465205369676E696E671A
:100CC000204B657970616972202D2D2D2D2D2D2DD4
:100CD0002D2B0D0A007C205B53494D5D20456E6332
:100CE000617073756C61746F72207265636569768B
:100CF000656420746865207075626C6963206B653B
:100D00007920202020202020202020207C0D0A0077
:100D10007C20504841534520313A20496E6974691E
:100D2000616C697A652044657669636520536574F2
:100D3000757020202020202020202020202020200E
:100D400020202020207C0D0A007C20202020202034
:100D50002053697A653A20256C7520627974657331
:100D60002020202020202020202020202020202083
:100D7000202020202020202020202020207C0D0A40
:100D8000007C205B53494D5D2052656164206B659A
:100D900079706169722066726F6D206261636B7534
:100DA00070202020202020202020202020202020F3
:100DB0002020202020207C0D0A005348412D3100A6
:100DC00069642D736861332D323234002573253008
:100DD0003878253038782573007C2020202020208A
:100DE0002020202020202020202020202020202003
:100DF00020202020202020202020202020202020F3
:100E00002020202020207C0D0A007C202D204D65F4
:100E100073736167652069732061757468656E74AA
:100E20006963202020202020202020202020202036
:100E3000202020202020207C0D0A007C2044657684
:100E4000656C6F706572207375626D6974733A209A
:100E50002020202020202020202020202020202092
:100E600020202020202020207C0D0A007C20202013
:100E700022257322202020202020202020207C0DCD
:100E80000A007C2020202020202053697A653A2007
:100E9000256C752062797465732020202020202025
:100EA0002020202020202020202020202020202042
:100EB000202020202020207C0D0A007C202D205284
:100EC0006573746F726564206B65797061697220F7
:100ED0006973206964656E746963616C20202020E9
:100EE0002020202020202020202020202020202002
:100EF0007C0D0A007C202D2043616E2064656372A6
:100F0000797074206F6C64206D65737361676573AD
:100F10002066726F6D20636C69656E74732020208B
:100F20002020202020202020207C0D0A0020205B73
:100F300053494D5D205369676E6572207075626C10
:100F40006973686573205055424C4943204B45599D
:100F50002E2E2E0D0A0D0A007C202020202020207D
:100F6000436970686572746578743A20256C7520E1
:100F700062797465732020202020202020202020EA
:100F8000202020202020202020202020207C0D0A2E
:100F900000205B5053415D2044657374726F79206B
:100FA000746865206B657970616972206F66206472
:100FB0006563617073756C61746F722073756363C0
:100FC00065737366756C6C790D0A007C205B5053F9
:100FD000415D20446563617073756C617465642064
:100FE0007769746820726573746F726564206B65CD
:100FF000797061697220202020202020202020206C
:101000007C0D0A005348412D332D353132006C667A
:10101000735F66696C655F7772697465007C205BDD
:1010200053494D5D205265636569766564204D6561
:1010300073736167653A2020202020202020202023
:10104000202020202020202020207C0D0A007C2031
:101050002D204D65737361676520776173206E6F16
:10106000742074616D7065726564202020202020DA
:1010700020202020202020202020207C0D0A007C01
:1010800020564552494649434154494F4E20434F0B
:101090004D504C4554453A2020202020202020202F
:1010A0002020202020202020202020207C0D0A002D
:1010B0002B2D2D205354455020383A204465636130
:1010C0007073756C617465204F6C6420436970683F
:1010D000657274657874202D2D2D2D2D2D2D2D2DBF
:1010E0002D2D2D2D2D2B0D0A00636F6D6D735F73EC
:1010F000656E64202864617461206C656E67746835
:1011000029206661696C65640D0A0070636163681B
:10111000652D3E626C6F636B203C206C66732D3EC8
:10112000626C6F636B5F636F756E74006C66735F88
:101130007461675F73697A65286C66732D3E6773A7
:10114000746174652E74616729203E2030783030D8
:1011500030207C7C206F727068616E73203E3D2071
:1011600030007C20204578706F72746564204D4C8F
:101170002D4B454D207075626C6963206B6579203D
:1011800028256C7520627974657329202020202021
:101190002020202020202020207C0D0A0044656390
:1011A000617073756C61746F723A20636F6D6D73EB
:1011B0005F73656E645F6461746120286465636158
:1011C0007073756C61746F722073686172656420EE
:1011D00073656372657429206661696C65640D0AC4
:1011E000002B2D2D205354455020323A2045787045
:1011F0006F727420746F206261636B7570206B6511
:101200007970616972202D2D2D2D2D2D2D2D2B0DF9
:101210000A007C205B5053415D20496D706F7274F1
:101220006564206B657970616972207375636365AD
:10123000737366756C6C7920202020202020207C20
:101240000D0A007C205B53494D5D2044656361704D
:1012500073756C61746F722072656365697665641D
:10126000206369706865727465787420202020207E
:1012700020202020202020207C0D0A005348412DD2
:10128000332D323234002B2D2D2D2D2D2D2D2D2DA6
:101290002D2D2D2D2D2D2D2D2D2D2D2D2D2D2D2D7E
:1012A0002D2D2D2D2D2D2D2D2D2D2D2D2D2D2D2D6E
:1012B0002D2D2D2D2D2D2D2D2D2D2D2D2D2B0D0AA3
:1012C0000D0A006D6C6473615F74776F5F7061729B
:1012D00074795F7369676E696E67007C20202020D7
:1012E00020202856657269666965722068617320DE
:1012F0004E4F2070726976617465206B6579212983
:1013000020202020202020207C0D0A007C205B5003
:1013100053415D20566572696669657220696D701A
:101320006F7274656420746865207075626C69639F
:10133000206B657920202020207C0D0A007C202055
:10134000202020202850726976617465206B6579B1
:10135000202B205075626C6963206B6579292020F1
:10136000202020202020202020207C0D0A002B2D52
:101370002D205354455020363A205369676E204D36
:10138000657373616765202856657273696F6E2097
:10139000322E3029202D2D2D2D2D2D2B0D0A007CA8
:1013A000205B5053415D205369676E656420776907
:1013B000746820726573746F7265642070726976E8
:1013C000617465206B657920202020207C0D0A0047
:1013D0002B2D2D205354455020393A2056657269E3
:1013E000667920436F6E73697374656E6379202D1F
:1013F0002D2D2D2D2D2D2D2D2D2D2D2D2D2D2D2D1D
:101400002D2D2D2D2D2B0D0A0069642D7368613350
:101410002D3531320074656D7066696C652E7073A0
:10142000615F69747300626C6F636B203C206C6653
:10143000732D3E626C6F636B5F636F756E74002B10
:101440003D3D3D3D3D3D3D3D3D3D3D3D3D3D3D3DCC
:101450003D3D3D3D3D3D3D3D3D3D3D3D3D3D3D3DBC
:101460003D3D3D3D3D3D3D3D3D3D3D3D2B0D0A0D51
:101470000A007C20564552494649434154494F4E43
:1014800020524553554C543A202020202020202023
:101490002020202020202020202020202020207CF0
:1014A0000D0A002B2D2D20544553543A2054616DC4
:1014B0007065726564204669726D7761726520445B
:1014C0006574656374696F6E202D2D2D2D2D2D2D66
:1014D0002B0D0A007C2D2D20524553554C543A209B
:1014E0002D2D2D2D2D2D2D2D2D2D2D2D2D2D2D2D2C
:1014F0002D2D2D2D2D2D2D2D2D2D2D2D2D2D2D2D1C
:101500002D7C0D0A007C202D20526573746F72654E
:1015100064206B6579706169722069732069646504
:101520006E746963616C2020202020202020202000
:1015300020207C0D0A006D6C6B656D5F74776F5FAA
:1015400070617274795F6B65795F65786368616EED
:10155000676500456E63617073756C61746F723A94
:10156000207073615F656E63617073756C61746523
:10157000206661696C6564002B2D2D20564552490B
:101580004649434154494F4E202D2D2D2D2D2D2DB3
:101590002D2D2D2D2D2D2D2D2D2D2D2D2D2D2D2D7B
:1015A0002D2D2D2D2D2D2D2D2D2D2D2D2D2D2D2B6D
:1015B0000D0A007C205B5053415D204465636170DF
:1015C00073756C61746F722067656E6572617465A6
:1015D00064204D4C2D4B454D206B657970616972CF
:1015E00020202020202020207C0D0A002866696C05
:1015F000652D3E666C6167732026204C46535F4F15
:101600005F52444F4E4C5929203D3D204C46535F7C
:101610004F5F52444F4E4C59006E616E000D0A49A7
:101620006E76616C696420496E70757420656E74A5
:10163000657265640D0A00636C65616E75705F6B41
:10164000657973002B2D2D20444543415053554C53
:1016500041544F52202D2D2D2D2D2D2D2D2D2D2D45
:101660002D2D2D2D2D2D2D2D2D2D2D2D2D2D2D2DAA
:101670002D2D2D2D2D2D2D2D2D2D2D2B0D0A0044F5
:101680006563617073756C61746F723A2052656343
:101690006569766520746865206369706865727431
:1016A000657874206661696C65640D0A0070736109
:1016B0005F6578706F72745F6B6579206661696CC5
:1016C00065640D0A007073615F6578706F72745F96
:1016D0007075626C69635F6B6579206661696C65C2
:1016E000640D0A002A864886F70D0205004D443530
:1016F00000608648016503040208006C66735F663B
:10170000696C655F72656164006C66735F646972C1
:101710005F6F727068616E696E67636F6D6D69741B
:1017200000626C6F636B203D3D2028286C66735F00
:10173000626C6F636B5F74292D3229207C7C206280
:101740006C6F636B203C206C66732D3E626C6F6324
:101750006B5F636F756E74007071635F6465636166
:10176000705F7369676E5F72656D6F74655F7665D4
:10177000726966795F6F7065726174696F6E007C03
:10178000205B53494D5D205075626C6973686564D8
:10179000207075626C6963206B65792020202020A1
:1017A0002020202020202020202020207C0D0A0026
:1017B0007073615F696D706F72745F6B65792028FB
:1017C0007075626C696329206661696C65640D0AD5
:1017D00000456E63617073756C61746F723A20704E
:1017E00073615F696D706F72745F6B6579202870CB
:1017F00075626C6963206B657929206661696C6527
:1018000064007C20504841534520323A204465739F
:1018100074726F79206B6579202020202020202091
:1018200020202020202020202020202020202020B8
:10183000202020202020207C0D0A007C205B50539B
:10184000415D20446563617073756C61746F7220D3
:1018500053532028726573746F72656429203D3D6F
:1018600020456E63617073756C61746F72205353A1
:101870007C0D0A007C2020202020202020202020F9
:101880002020202020202020202020202020202058
:101890002020202020202020202020202020202048
:1018A0002020202020202020207C0D0A0020205BEA
:1018B00053494D5D205369676E65722072656C6592
:1018C00061736573204D455353414745202B205389
:1018D00049474E41545552452E2E2E0D0A002B3DA0
:1018E0003D3D3D3D3D3D3D3D3D3D3D3D3D3D3D3D28
:1018F0003D3D3D3D3D3D3D3D3D3D3D3D3D3D3D3D18
:101900003D3D3D3D3D3D3D3D3D3D3D2B0D0A007C7A
:10191000205B5053415D20446563617073756C6159
:1019200074656420636970686572746578742020DA
:1019300020202020202020202020202020202020A7
:101940002020202020207C0D0A007C202020202028
:10195000204D4C2D4B454D20696D706F72742026C3
:10196000206578706F7274206B6579706169722080
:101970006F7065726174696F6E2020202020207C5A
:101980000D0A007073615F6578706F72745F6B65CC
:1019900079206661696C6564007C205B53494D5D0C
:1019A00020456E63617073756C61746F722072652F
:1019B000636569766564207075626C6963206B6528
:1019C00079202020202020202020202020207C0D75
:1019D0000A007073615F656E63617073756C61742A
:1019E00065206661696C6564007073615F6465633E
:1019F000617073756C617465206661696C65640003
:101A0000636F6D6D735F73656E645F6461746100B5
:101A1000636F6D6D735F726563765F64617461009F
:101A20002E7073615F697473006C66735F62645FCC
:101A300070726F67007073615F63727970746F5F4B
:101A4000696E6974206661696C65640044656361F0
:101A50007073756C61746F723A20636F6D6D735F34
:101A6000726563765F64617461202863697068657C
:101A70007274657874206C656E677468292066617D
:101A8000696C65640D0A007C2020205369676E69CB
:101A90006E67202620566572696669636174696F96
:101AA0006E204F7065726174696F6E202020202057
:101AB000202020207C0D0A007C205B5053415D20BB
:101AC0004578706F72746564207075626C6963200C
:101AD0006B65792028256C752062797465732920DF
:101AE000202020207C0D0A007C205B53494D5D2086
:101AF00056657269666965722072656365697665A7
:101B00006420746865207075626C6963206B657908
:101B100020202020207C0D0A007C205B5053415D5A
:101B200020456E63617073756C61746F7220696DAE
:101B3000706F7274656420746865207075626C697A
:101B400063206B6579202020202020202020202069
:101B50007C0D0A00446563617073756C61746F720B
:101B60003A207073615F646563617073756C617452
:101B700065206661696C6564007C204B6579206531
:101B8000786368616E6765207375636365737366F8
:101B9000756C2120202020202020202020202020A3
:101BA0002020202020202020202020202020202035
:101BB0007C0D0A000D0A2B3D3D3D3D3D3D3D3D3D2B
:101BC0003D3D3D3D3D3D3D3D3D3D3D3D3D3D3D3D45
:101BD0003D3D3D3D3D3D3D3D3D3D3D3D3D3D3D3D35
:101BE0003D3D3D3D3D3D3D3D3D3D3D2B0D0A002BE9
:101BF0003D3D3D3D3D3D3D3D3D3D3D3D3D3D3D3D15
:101C00003D3D3D3D3D3D3D3D3D3D3D3D3D3D3D3D04
:101C10003D3D3D3D3D3D3D3D3D3D3D3D3D3D3D3DF4
:101C20003D3D3D3D2B0D0A007C205B5053415D2026
:101C3000446563617073756C61746F7220535320D7
:101C4000286F726967696E616C29203D3D2028729A
:101C50006573746F7265642920202020207C0D0A32
:101C600000636F6D6D735F72656164206661696C9E
:101C700065640D0A00216C66732D3E626C6F636BA8
:101C80005F636F756E74207C7C20626C6F636B2069
:101C90003C206C66732D3E626C6F636B5F636F7587
:101CA0006E7400286E756C6C2900D4D44669726D10
:101CB000776172652076657273696F6E20322E319E
:101CC0002E30202D204275696C642032303236303F
:101CD000313139006170706C69636174696F6E2EA7
:101CE00062696E202876657273696F6E20312E30BE
:101CF000290000006170706C69636174696F6E2EF9
:101D000062696E202876657273696F6E20322E309C
:101D1000290000004669726D7761726520766572F0
:101D200073696F6E20322E312E30202D204275695E
:101D30006C64203230323630313230000400002200
:101D40002000002264000022160000225C01002214
:101D500007000000020100803C1D0402000000009A
:101D60000102030405060702020202020202000049
:101D70000000000000000000000000000000000063
:101D800000000000846B0122541D0402742504022B
:101D90000000000000000000000000000000000043
:101DA0000000000000000000000000000000000033
:101DB0000000FFFFFFFFFFFFDFDFDFDFDFDF0000EF
:101DC0000000000000000000000000000000000013
:101DD0000000000000000000000000000000000003
:101DE000000000000000000000000000E09304007C
:101DF00000000000F049020000030000556D0002E1
:101E000000000000901D0402A86B0122E81D0402DE
:101E100034330402FFFFFFFF7801002200000000BE
:101E200000000000C3280002004000000000000085
:101E30000040000006000000004000000800000014
:101E40000040000009000000004000000C000000FD
:101E5000450000000D000000000C011C0001000006
:101E6000000C011C01010000000C011C020100001B
:101E7000000C011C03010000000C011C0401000007
:101E8000000C011C05010000000C011C06010000F3
:101E900000400000070100004504000009010000A7
:101EA000104000000B010000000C010B0C010000B1
:101EB000000C010B0D010000000C010B0E010000D5
:101EC000000C010B0F0100000040000000020000A8
:101ED000000C011806020000000C011907020000A6
:101EE000000C010008020000000C010009020000C3
:101EF000000C01000A020000000C01000B020000AF
:101F0000000C010B00030000000C010B010300009A
:101F1000000C010B02030000040C0000030300008E
:101F2000000C011804030000000C01180503000058
:101F3000000C011806030000000C01180703000044
:101F4000000C011809030000000C01180A0300002E
:101F5000400C010700040000400C010701040000D0
:101F6000000001120204000000000112030400003E
:101F70000000011204040000000401120504000026
:101F8000000401120604000000040113070400000D
:101F90000004011F0B040000000401180E040000DF
:101FA000000401180F0400000400000000050000F8
:101FB000000C0103010500000004011B02050000E4
:101FC000000C010B03050000000C010B04050000D0
:101FD000000C010B05050000000C010B06050000BC
:101FE000000C010B07050000000C010B08050000A8
:101FF000000C010B09050000000C010B0A05000094
:10200000400401070B050000400401070C05000017
:10201000000C01190D050000040400000E0500006D
:10202000000C01190F050000040C00000006000060
:102030000404000006060000000C010B0706000067
:10204000000C010B08060000000C010B0906000043
:10205000000C010B0A060000000C010B0B0600002F
:10206000000C010B0C060000000C010B0D0600001B
:10207000000C010B0E060000000C010B0F06000007
:10208000000C011907070000040400000807000005
:102090000404000009070000000C01190A070000F1
:1020A000000C01190B070000000C01190C070000BF
:1020B000000C01190D070000000C01190E070000AB
:1020C000000C01190F070000000C011C00080000A3
:1020D000000C011C01080000000C011C020800009B
:1020E000000C011C03080000000C011C0408000087
:1020F000000C011905080000000C01190608000079
:10210000000C011907080000000C011C0808000061
:102110000004011B0C080000000C010B0D0800005E
:10212000000C011902090000000C0119030900004C
:10213000000C011904090000000C01180509000039
:10214000000C011806090000000C01180709000026
:10215000000C011808090000000C01180909000012
:10216000000C01190A090000000C01190B090000FC
:10217000000C01190C090000000C01190D090000E8
:10218000000C01190E090000000C01190F090000D4
:10219000000C010B000A0000000C010B010A0000FA
:1021A000000C010B020A0000000C010B030A0000E6
:1021B000000C010B040A0000000C010B050A0000D2
:1021C000000C010B060A0000040C0000070A0000C6
:1021D000000C010B080A0000000C010B090A0000AA
:1021E000000C010B0A0A0000000C010B0B0A000096
:1021F000000C010B0C0A0000000C010B0D0A000082
:10220000000C010B0E0A0000000C010B0F0A00006D
:10221000000C0119000B0000000C0119010B00005B
:10222000000C0119020B0000000C0119030B000047
:10223000000C0119040B0000000C0119050B000033
:10224000000C0119060B0000000C0119070B00001F
:10225000000C010B000C0000000C010B010C000035
:10226000000C010B020C0000000C010B030C000021
:10227000000C010B040C0000000C010B050C00000D
:10228000000C010B060C0000000C010B070C0000F9
:10229000000C010B080C0000000C010B090C0000E5
:1022A000000C010B0A0C0000000C010B0B0C0000D1
:1022B000000C010B0C0C0000000C010B0D0C0000BD
:1022C000000C010B0E0C0000000C010B0F0C0000A9
:1022D000000C010B000D0000000C0104020D0000B9
:1022E000000C0104030D000004000000070D0000B5
:1022F00099000000281E04020000000087019A00D7
:102300009B0098009900C302C102C202FF02FC02B6
:10231000FE02FD0224000000000000003800000062
:102320000000000034000000240000000000000055
:102330000000000000000000340000003800000031
:1023400009000000000000000E0000000000000076
:102350000D00000009000000000000000000000067
:10236000000000000D0000000E000000093900020E
:1023700099390002F825040218270402B82804023B
:10238000882C0402A82D040200000000582B04022F
:102390000000000000000000482F04021719251D4E
:1023A0001F0027000023D4D400000000000000001C
:1023B000000000000000000100000001000000001B
:1023C000000000000000000000000000000000020B
:1023D0000300170000010000740A0402000000005E
:1023E00000000000000000000D4100020D4100024D
:1023F00000000000000000000000000000000000DD
:102400000D4100020D410002FB400002FB400002B2
:10241000FFFFFFFFFFFFFFFFFFFFFFFF00000000C8
:10242000000000000000000001000000FFFFFFFFAF
:102430004B60D2273E3CCE3BF6B053CCB0061D6578
:10244000BC86987655BDEBB3E7933AAAD835C65A01
:1024500096C298D84539A1F4A033EB2D817D03773E
:10246000F240A463E5E6BCF847422CE1F2D1176BD9
:10247000F551BF376840B6CBCE5E316B5733CE2BAC
:10248000169E0F7C4AEBE78E9B7F1AFEE242E34FDB
:10249000512563FCC2CAB9F3849E17A7ADFAE6BC06
:1024A000FFFFFFFFFFFFFFFF00000000FFFFFFFF38
:1024B000010000000609000000000000000000D438
:1024C00010000000140000001400000000000000D4
:1024D000000000001C000000200000003000000090
:1024E000400000001C000000200000000000000070
:1024F000000000001C000000200000003000000070
:1025000040000000C35C0002055C00026F5C00023A
:10251000A95C00025D5B0002935B0002AD5B000200
:10252000735E0002155E0002B75D00020601020341
:1025300004040404505341004B45590090008800A6
:10254000680048001C0020003000400040060000E9
:1025500040060000DC050000A406000006000100A3
:102560000200030004000400040004000000DE0573
:10257000DF05D4D4C1AC0002DBAD00022DAE0002F9
:1025800083AE0002D9AE00022DAF000233AF0002CD
:1025900039AF00023FAF0002BDAF0002C3AF00027F
:1025A000C9AF0002D1AF000251B0000207B1000272
:1025B0005DB100026FB1000291B10002E9B1000209
:1025C00025B2000261B2000287B20002ADB2000281
:1025D000CFB20002F7B20002FFB200020BB300025A
:1025E00013B300021BB300024FB3000259B3000241
:1025F00065B3000279B30002170D73EE09F3764F4D
:10260000D34E0A2329C22F76FF5CF08187F88B1501
:10261000827079EB33B2C4CDC6BC952A95AE31CA6F
:1026200041068BA0C3D5AFF764FE97E800674B8FD8
:10263000B36CC1BD1CF2D1CBDBC40D013CEE6475A3
:1026400048E5724FBE70B52ECD91A5B9004C46B08D
:102650000E223A40DE9AA9DB96322FDEEC3524F5C5
:102660000FD5CAF1231D7FAB5999B3D53C286E38DD
:1026700000315BA09659BE4F3E3F84BB7F1B20B507
:10268000148D12589A98DC7687B02CE2FFAB355E39
:1026900065DA784ED3B9529BECB4AADFB321FC883B
:1026A000DB952C96103CF0575B215B71618B1EB261
:1026B000C407E433ADE247BBA86BF600A238996DBE
:1026C00063245A8A1B8F3C53ED6DA8290CB39D3FA0
:1026D000996C4DADDEBB49DDE1F2C5F26DBDDADFCF
:1026E000190B2C7F260E53CCDA02CCD649C0E99BBD
:1026F000F06E693245902410E3580374B997585E20
:10270000918DE9FD8B3FB06F5455ED00A82E6832D6
:10271000678C4F7AB29882272066291127D8D23742
:10272000B86B2F83DA9F1B8549C078AC0C66414794
:10273000C7C46225FD84608DE408CD4979DF165257
:10274000C88AAB906012F175719A47A4DDC0F13070
:10275000EF02FDD4F461627C94031F4899E3D31D1A
:102760003766188DB5740BB854C57977018B523E16
:1027700061A933685F6C608A95B5694CE70E46A421
:102780004601B9F94E679FE3FA34EB33291067C964
:102790004BD8CBA1A34D411361CA37B70A35B9D67F
:1027A000094D30E7AEFBE8E36D5EDC6331772576FB
:1027B0008F20805EE5226B476723ACF8F385DDEA66
:1027C0008918575D32712F98C89AFCEB3A6314F25E
:1027D000B7EF23B086402B951CC886B8D0F555D2EC
:1027E000648FF041FD8E215EF2A916318B7EEA9D49
:1027F00024B3F626AA7B495B01FD70636DF790E474
:10280000391F48788179DAF540872637343440B467
:1028100053654A04E8FEDA5FC20E41D981A219F776
:1028200012A3A40E136168993C54ECD30170EC50D0
:10283000FD7E15100A672FEEE117FCBACBDD183DBF
:1028400088B845E2117EE914EB3129D66203BC95C4
:102850007BC6C8844216C1FE2324BA76696DB2C60F
:102860001FF2D5D8D4C5D5E83894E53257D63CD533
:10287000E368C4AAD2ED5C19668730B61E6248B21E
:102880007FB7CE58291C0995930D3A7805BFB7D16B
:10289000A29CD7FA4FDE45B316B3B9CC3503102945
:1028A000C3389E5792978D8D055688497C9725A9E8
:1028B00016CE33927962218EBFAC2DBB70D8EB5B04
:1028C0006047B27C3A639D5473304C0F3917295BD3
:1028D0008EF99828D696A19DEDCEE29962283DE723
:1028E000B788B8C1E74B7ACCB0D433950E4B3C7463
:1028F000406695BD9CEE4B5FF6E7C752119293E799
:10290000BDF5AD02CC7474EB10D995255034BBE500
:10291000E473EFE9F931EEFDF94AFCC96E14C673B0
:1029200086184A11A8FD1F950178524718736D4CFF
:10293000884F08041941D59C2CB738E30AEFCBEE39
:102940001D9D233BFC59FB903C98343A0F5399034F
:102950002E6282809CB5883F8C35427D4E0B9AD486
:10296000C64864BD7A0E79129F28A114E054924A99
:10297000DB08CE8D5CF128E02DC2BF9231B9267103
:10298000324B0EA2A190443D902778D2D52CA69B25
:1029900065532C418B68DAD4BE4BE5EBFBBB722050
:1029A000AAF9B9E37EAA4EC7306F6811EA5E6BD10F
:1029B000A9341E10EBEA67AD640827F4D5DB48ECB8
:1029C0002FD621D71DAC5D823E48471D64D2771BB0
:1029D000E777A3E807557FF80EB8861FAA727A5EDC
:1029E000CCC09005CA71068820E8CB740F495A51B3
:1029F00008094FE8664D0C686D1AAB4820C476EEA6
:102A000090B06751A2D2ED2236D9CBE7A0757406FB
:102A10001D6B37EDEF8977A287320E6D9FE7783314
:102A20007CC6EE75743176D8C32277458C13240C9E
:102A30006A5B6AAF2780DE1864AB4A8B601C948F98
:102A40009C13E186853F93BFCB7A0F326954F1A284
:102A50000BAC0B92E425757630732C4424479B0114
:102A60007EDB1F0246EBD84DB7FCFB6CEB49CC6C10
:102A7000A483FA62AC0100CED2D0E82590DB133FEC
:102A800058016D438176AF280B9423E84015ABB015
:102A90004143F64CAA812E63F4A80F1EC312FEFB1D
:102AA0006305FF1995DAA8B888B12DC70EC5CD9773
:102AB00032A84F0B0910704EA007B713B408B61414
:102AC000414E30338BAE35C9F195F45717310B8534
:102AD000B617D2255EF2B938ADABC68738145D3C67
:102AE000A634FE24AEEDA9C3624C27A3D2FDC07A62
:102AF0001D557AC19994CC75C9FAB934AF354834AB
:102B000028838D09CC21A61E22283EC2CAD727C2FF
:102B10007CC02092B43DF8A64DF5C095389DC34EBB
:102B2000C1DB9627BBA2E38E0B03BEE9D019436637
:102B3000022FFA464A7F772C7607D517D59B4DF2A0
:102B40001B9AEFC809427A5A1A8D6ABF2CC962E6ED
:102B50004E0D9A0F8A0B55CDE368518AB2BF151FEF
:102B6000928705C61B1366A5EC7A22B1B9CE6973AC
:102B7000AA7D50A4B2F0065964FA5B4E9DF30B3F58
:102B8000E6957795BA7F2FA9EB9EF3646CEEFF561E
:102B90002CC5C6596F16B806A0305F9A327FCCFBA1
:102BA000185E6E6D525939B2890F25FC6EA94188A5
:102BB000105E9F26FC36FAA88D30C9CE9FD7398F7C
:102BC0007577060049738011F8C1C2B2BF6D46D255
:102BD0006BCCDA3E3F7B3540E252FFCF71EC547B49
:102BE0006878114CF1BD47E66A88FB7527EF99407C
:102BF0003EE1BC02A21AC8358531696CB79417B2A0
:102C0000B9369D4942D34B588698E02519D3E9221D
:102C10003F5792D7223AAEFD7D3A3EA7FE340F844D
:102C2000BF95D82E97AF3E7D327EC48645A0F55124
:102C3000ABFFC7619FCD6285CF9C20E5FE29106365
:102C4000AE7E61A1B3C7B0432AF5A1E23DDA486187
:102C5000A43A93AE0293C34D4A27B21DAC097DDF5F
:102C6000F4C24F162E7AEE4115CEBC1F6A102E10FC
:102C7000C2EE3C130281CCF6674608650E695E3CE5
:102C80007B588F8A4BF91198BD3234D41B39B55F0C
:102C900064EEB377B2753499FE0CD6ACA4B7295D57
:102CA0004105D9FCCC05D61BE918486439F0703CC5
:102CB0008FC4B695756B99BC6663D2E0F85D74BF3E
:102CC00082AC255B3C1FFB979A8A2712128546F639
:102CD000AC2B30191DBC0DE4AFF80030E02CE72917
:102CE0006C3F47942B3C95FC850D512E94E04E850E
:102CF000329DF21FA2E43E2711318A6A2D1E0890F0
:102D0000FBF24CBA357A78090C96AC0E4D2AC726E0
:102D1000F4C55F21A6DA7CEB5321F1F9D42A61E2F4
:102D2000409CD587217754BEAF797AB9B25C2784AD
:102D30003E04A890B0EE99F340014FED8469F0ABEA
:102D4000BC86C9B17C092AC5B29EB36AD339B81012
:102D500021844F1D83C9ACE0D3482A64837C475546
:102D60004A436ADB4B146AE1A298F75493B84B5C70
:102D70000DFF30749089140C777ACF1DC8CDECE527
:102D80008D97896B9D1B61596C2A157F9309AFCE76
:102D900094323F60F6930449B4B321FADC05AC6E7B
:102DA0007A9245F4AD7AD22749CB6E3C1FC2D8FE49
:102DB000FBB3AB03B23D0536C2AC560B133A2CE461
:102DC00055DA3E8EB803033CEAA1106DB05F6C0586
:102DD000D43BE7EA5406211BD358416BD3BC5C2F8C
:102DE0006A52A210F4B892216EA2E83F853563E1E1
:102DF000AFBE99C9E8BD7FA4439A7486949A583DA2
:102E00009584B42416CD00C314D5E067042E2FC3D7
:102E10007D535152DED37AF96DB56D52BC6DB3EC72
:102E2000DCCFF8DA3A02C88F131A76D9FAA328C38E
:102E30008E4640CB704B031C6052ED4F9B94F33792
:102E4000BF66BDEB748C093ED3D2469B4EDF507FEC
:102E50000CD5E109E97F9E3E44806D3ACA8EFC5F45
:102E60008394370A3BF531A6EC401CB39A04F6680C
:102E7000204487A2FC6D5B676E8B670F7BAE1317D8
:102E8000F74037988AA61785B8684363F40E6F45F4
:102E900099DC258840802243E3D07A059BCF3F9A76
:102EA000ECF5EDF563B8076988DBBB4B62DF858223
:102EB0006F2AA79292DBE4BA0C14C80381A10C1903
:102EC000D7268649DE351734381C7ADA2780DE2C7F
:102ED000D899E43E659EC7BAED2763EDE6FAB002E5
:102EE000277D7E9B51D80CE2BE6C3C8D7CFA3EF770
:102EF000AD2CE20A2259650248E239BB75ADC51214
:102F0000D29FBFC9DE9EAB7AB9D34A9DD0BE86BDE3
:102F100059DD95D149C9403FEDC40F1751B2E8675B
:102F2000BBB5CF276E088E87F18E972660CE4156AF
:102F3000E29EED35783D57F17C598CB34ACAEA26BA
:102F4000FC1FBB7C6556AB97EB45ECF3696F379F75
:102F5000BAEA7369A7DBB025A1FD37069189B68C63
:102F60000ACB46ACE1585156577C8FB25AF1B43E69
:102F7000880C9572AD9B616ADC768B14E4A39EA0ED
:102F80004635199C7A115BA208BCF83730F564FD10
:102F900093FC68CDD1DDE0B925FFB6B586F4E2AB90
:102FA000C6376A9922CE4D7DF5B37F38DB26AA520B
:102FB000384E9768B15E56333EDAC8B8018173B6B1
:102FC000759E64B42DF540CFF5C284F20D8EA83203
:102FD000EBC50A1CE98F27E78DA4A1EF5780548623
:102FE00070EE5E1BF986AEC7B8C79CCE9D2C1E0541
:102FF0004BAB51DD368B95CDC9EE84668B81C036E7
:103000003FF21E7366B04E48BCCD1E9715CA628F44
:103010001F3C7B88F030A5238D1C57B83F202EFD28
:1030200032B5D9A4E5B7703679A9AC4853A26D5C26
:1030300023E640DAF23CD0CC3CA795714C66149C58
:1030400003F7ED96AC688097D590E64D247B4782D8
:1030500057BB0B0B18CA6CDA0B98273BFE0A42F3DE
:10306000758A94FEF7BBF4C7A505ECC56C23CAC8E6
:1030700034D34AC4E1D9027E920E40F417796E949B
:103080006D05486CDD38DC9185D863F872583B3F9C
:103090005B493E168FD8CB7B1DAA79D65F8DE3673F
:1030A000B59FFF7338B7AF12E7CA6451DDBFDBDAF3
:1030B0000108091C39091FB0A3A2026CA304F0EC9B
:1030C000419A7A3B1A72A115E3D9664551AF8585BD
:1030D000A9822A133ED7C175DA7C3659413D6E1B51
:1030E000365018219D86A345D0B4894D622E250CFB
:1030F000E075F7B16164FE25CA57A56EDA24DE7269
:103100006771FE7A77C103F9F65D3BFB4E31AE5332
:1031100069C2B312F93005417527B1EFA8B5F9D9E5
:1031200023B95BC67A484A9737DA228FB4015E7AB0
:103130004F52FA6264529352F96B5633F8ADCD8117
:1031400016CA6A48A854C544C74E152964A327DA8D
:103150007CE972558164A66B76094A44E2DEFD3152
:103160006B9F3DC8A6AB64DF179C89F182C85A0FDC
:1031700065F6FE14D58FC1AD2274C81203396BD425
:10318000561ED827A12A15B24E5D128C9F78C950C1
:103190002CA1CF58FD13D7D9BDAD7E0A0285ECA86E
:1031A00082274C2C1162ABD688D3FF264EFC329E70
:1031B000A43D7B905E4ADAD299D55218CBC375E212
:1031C0006DC4990143203684C1E143B9FDF7CA07B4
:1031D0004361E7D15357F4692FE3D93E6D144A098F
:1031E000CD620D35EC824E0EAD726A04FE7C0A266D
:1031F000011B1BCFB7E3470C4DB0D83941F8B712CC
:103200000B7C81DBA9DEEDF69AE9E75AFFBC146B73
:10321000D3A918A20ECEDD2683CF81A16D7797F3B7
:103220003D8F65CDCD0AC22D8FDDDA1C292F16C347
:10323000A58E2E0C347AAC6802E57B90336CE330BB
:103240002C15E02B62313107A14EA04A704FAB41E3
:1032500072C981F060602340F4AB128EE01D0187DB
:1032600033A2E923B96D19690000000000000000D5
:103270000000000000000000000000000800000046
:103280000C0000000C0000000C0000001400000006
:1032900028000000440000004800000084000000F6
:1032A00068000000C4000000880000000401000065
:1032B000140000000C000000140000000C000000CE
:1032C000140000000C0000001C00000010000000B2
:1032D0000C0000000C000000140000000C000000B6
:1032E0001C0000001000000024000000140000007A
:1032F000140000000C0000002C000000180000006A
:1033000000000000000000000000000000000000BD
:1033100000000000000000000000000000000000AD
:1033200000000000000000000C0000000204030484
:103330000404D4D4513A0202CD3D0202D73D020228
:10334000E13D0202EB3D0202213E02023F3E02024B
:10335000593E02025D3E02027B3E0202DD3E020257
:10336000F13E0202FD3E02020600000008000000DD
:1033700003000000050000000A00000000000068D3
:103380000000006800000080000000800000007065
:103390000000007040020022400200220B000000EA
:1033A000B4330402190000003834040204000000A1
:1033B0007C33040200000068000000680001000D7A
:1033C00000000068000000680001000D000000809F
:1033D0000000008000010008000000800000008064
:1033E0000001000800000070000000700001000AE9
:1033F00000000070000000700001000A00000000E2
:103400000000000001000005000000200000002076
:1034100001000004400200224002002200000003DC
:1034200070620122E8E3012200000003E8E30122C8
:10343000ECE30122000000030000006800000068C7
:10344000000000900001090D000000680000006805
:103450000000007800010B0D00000068000000680B
:10346000000000270001020D000000680000006855
:10347000700000020001010D0000008000000080CB
:10348000000000900001090800000080000000809A
:103490000000007800010B080000008000000080A0
:1034A00000000027000102080000008000000080EA
:1034B00070000002000101080000007000000070B0
:1034C000000000900001090A000000700000007078
:1034D0000000007800010B0A00000070000000707E
:1034E000000000270001020A0000007000000070C8
:1034F000700000020001010A00000000000000004E
:10350000000000900101090500000000000000001B
:103510000000007801010B05000000000000000021
:10352000000000270100020500000000000000006C
:1035300070000002010001050000002000000020D2
:10354000000000900101090400000020000000209C
:103550000000007801010B040000002000000020A2
:1035600000000027010002040000002000000020ED
:10357000700000020100010400000022000000228F
:10358000000000900001090300000022000000225A
:103590000000007800010B03000000220000002260
:1035A0000000002700000203000000222E0200227B
:1035B0007000000200000103E8E30122E8E30122B9
:1035C0009E02000200000103060000000800000047
:1035D00003000000050000000A00000001000200D6
:1035E000080010002000031040051440081C40098A
:1035F0002040101C90112088123068134048D4D409
:10360000E635040200000000E93504020000000075
:1036100000000000EC350402EF3504020000000059
:10362000000000000000000000000000000000009A
:1036300000000000F2350402F5350402F8350402FA
:10364000FB350402E416040208000000F0F1030256
:10365000ED160402030000001DFE03020500000039
:1036600069EE0302BA0D0402050000004DF30302E7
:103670000900000028EC0302F10004020800000029
:10368000CEFB03020900000070F50302CAF8030232
:1036900009000000C50B040209000000C00D04026F
:1036A0007C12040210000000F11604020900000060
:1036B000D8FB030232EC030211000000D2F803022F
:1036C00009000000CDFF0302DCF803021200000035
:1036D000480704020900000009140402041004024F
:1036E00013000000000000000000000000000000C7
:1036F000000000000000000025C5030200000000DB
:1037000000000000010000000100000010000000A7
:103710001400000014000000000000000000000081
:103720001C000000200000003000000040000000ED
:103730001C0000002000000000000000000000004D
:103740001C000000200000003000000040000000CD
:103750001000000014000000140000000000000031
:10376000000000001C0000002000000030000000ED
:10377000400000001C0000002000000000000000CD
:10378000000000001C0000002000000030000000CD
:10379000400000005053410049545300000203050B
:1037A000070B0D1113171D1F25292B2F353B3D43EB
:1037B00047494F53596165676B6D717F83898B955D
:1037C000979DA3A7ADB3B5BFC1C5C7D3DFE3E5E9F7
:1037D000EFF1FBD40000000000000000000000003A
:1037E00000000000000000000000000100000000D8
:1037F00001000000000000000000000000000000C8
:1038000000000000000000000000000000000000B8
:1038100001000000000000000000000000000000A7
:10382000000000006410B71DC8206E3BAC30D926E4
:103830009041DC76F4516B6B5861B24D3C71055090
:103840002083B8ED44930FF0E8A3D6D68CB361CBB8
:10385000B0C2649BD4D2D38678E20AA01CF2BDBD6C
:10386000FF1DC0FF93EA1F00E506C4FF5379ECFF7C
:10387000674A290019390500E9FBCCFF3CA1D1FFBB
:10388000589629005EBE0D00F21034005846E1FF44
:103890003D12E6FF1885C6FF6CE402006427D3FFE3
:1038A0002BDE1B00F512040075CFECFF34B9F7FFD7
:1038B0008515C5FFE55E2B00CA2BC7FF457DF9FFC7
:1038C000D6ADDFFF2100F6FF82C2F5FFBE6CCFFF51
:1038D000A8630C00BEA8EBFF259E1300508AF7FFDB
:1038E000449E030072FFCCFF5DD6E9FF05E416009D
:1038F00003A5E6FFE772340000AD0000F7C4210025
:10390000909DF7FF838F0700A3B7D2FF98DD1D00BE
:103910003F8435008950D2FF933CDBFF93CC0200FB
:10392000759A2F00A048CAFF8052CFFF1B91D8FF85
:10393000000436001CE13D006C752400988EE6FF03
:1039400035D01A007DB9C9FFDD2BFAFFA55C0C004C
:1039500034853B00E41DF9FFA2EED1FFCA153C00FF
:103960000231D8FFD4582300CFE1C7FF7825D9FF13
:10397000CDF42E0041CDDAFF17C4070015013B003E
:10398000A485EFFFE6E00D0038C62000B7732500E0
:103990001E7E350091382800C2363000DD93F9FFD5
:1039A000AD84FAFFF024EDFF72B0C1FFF87FE6FFAF
:1039B000968A36003A7AD8FF48391900AE7CE4FF7F
:1039C000F7A4EAFF84001F003BA6FFFF08AA180027
:1039D000768F0E003E5ECDFF4499F3FF4E43FFFF0E
:1039E00028A1F2FF9FABDAFFC7352100E81D2200B6
:1039F000D447D9FFC77C1A0044CD0D00E7351A0023
:103A000068F927000457FFFF6DBAF9FFBBD4020025
:103A10005C94E7FF4B0B1D00051314002A9C180053
:103A2000497A2F0056BBEDFFE090C8FFD81009007F
:103A30009CD6230051F02500A1980B00DA05FCFF6D
:103A400001323D009245F4FF63451C0067A1C7FFAA
:103A5000549D1F008372320057A0C8FFB616F3FFB3
:103A6000F76400005AFF330081ACE8FF99401D0065
:103A7000207601000C610400F00A040039C535000D
:103A800070A00F001A5E1C0085FEF0FF8B1D250044
:103A9000D6EAE6FFBE14130008C8C9FFAFE1DDFF98
:103AA0002BE923008725250072971D000CCAD4FF3F
:103AB0007C8ED1FF991129007EDEFFFFD04C1A00C9
:103AC000E71AC5FFF65AD0FF1341EDFF1C7C020038
:103AD0009A1B08001BE11200E0D0E7FF2CCF3B004F
:103AE0001821F4FFFB3D2200EE093500E7DB0B0057
:103AF0002C30C9FF3B00CDFFBE36EFFFF41BF1FFBA
:103B0000A0EAEEFF8A62E7FF4BA4C7FF9868330084
:103B10001756DFFF3F851C00E04AFDFF0518F1FF47
:103B200009FBD3FFFCA2C6FFAED2CFFF122CC7FF0A
:103B30004D6AFBFF84091300DFC7FCFF3326EFFF4C
:103B400022B4FFFFD6FCF7FFD49514009A37190072
:103B500030FCD8FFC70614009CC7C4FF685E150080
:103B60000315F8FFF8413A001998D1FFAD05EBFFB6
:103B7000C5DE35001BB03E0088452F00C01D040087
:103B800088B736005A7F0C009F6E29008F7CFDFF9E
:103B900059AFC5FF90DBC9FFF6BFE3FF091DDDFF8D
:103BA0007F14E0FF5D9B3500F6BCF0FF57D1E3FFCB
:103BB000413ED4FF714D1300C069CEFF68261D0041
:103BC00098FCCDFF86EF3000F709ECFF71FD2D006A
:103BD00053383B002F2DEAFF0208EAFFDF36EBFFE8
:103BE000241E070022A4C9FFBBCFE7FFCFF8330094
:103BF000AFBE3B00241903005A673C000E34070097
:103C00007BD3DFFFFC06F8FF0934DAFFA793EDFF53
:103C10008C733800A6F6EFFF92771400A9E5C9FF70
:103C200027E52800DE45CFFFCAEF01001F5EC6FF73
:103C30005DC5F7FF465A180008E8EBFFDB7FC5FFBC
:103C4000C5450400C221C9FF622CEAFF3D8CE4FF98
:103C50002D4FD5FF6E0DE2FFD9973A00CE291E00F9
:103C600001E23F006D15E0FF1BF93B00AD8613003C
:103C700099B5D6FFE7C6FAFF17043300C45E2E00DD
:103C8000A869D6FFA241F2FF0EEFCBFFA8B91E0034
:103C9000C3ED1900E87A3900941BFDFF9CD82C0075
:103CA000D521E4FF0BEDFBFF8B301300CC46080061
:103CB0007BEA3A001BA1D4FF36D43800BB82060051
:103CC0002A522000DFFF09007E3D0A0042933000A7
:103CD000589CF3FF42571400DB61ECFFB0750800FD
:103CE000BC61FCFF8E003300A3291600FB1BE9FF1B
:103CF000FD5A1900198DCBFF0053FFFF093BDEFF72
:103D0000706208007D70F8FF5D482D006822E2FFB8
:103D1000C17BCAFF77AF2D006DC324006D33FDFF5B
:103D20008B65D0FF60B7350080AD3000E56E2700B1
:103D300000FCC9FFE41EC2FF948ADBFF6871190012
:103D4000CB2FE5FF8346360023D405005BA3F3FFAA
:103D5000CC7AC4FF1CE206005E112E0036EAC3FFD7
:103D6000FECE27002CA7DCFF311E380088DA2600A3
:103D7000330BD1FFBF322500E93BF8FFEBFEC4FF58
:103D80005C7A10001A1FF2FFC839DFFF498CDAFF96
:103D9000E281CAFF6FC7D7FF3EC9CFFF236C060081
:103DA000537B050010DB12008E4F3E000880190087
:103DB0006A75C9FFC6852700B8C6E6FF52831B0097
:103DC000095B15007CFFE0FFC5590000F855E7FFCF
:103DD0008A70F1FFC2A13200BC660C00B2BC0000C8
:103DE000D85E0D006154250039CADEFF18E2DDFF00
:103DF0002CB826003983E5FFBC32F2FF19CAE5FF73
:103E00009806D8FFFCA8000093450600452BFDFF4F
:103E1000A46B1800B5F4E2FFFBECEBFFD663E7FF01
:103E2000B785D0FFAA441200206F370028EFF6FFB5
:103E30006429DCFFAF0FDAFF5F67F4FF26FA0300A7
:103E4000FFCDC2FF6EBA0B009DBAE3FF995E38004A
:103E5000AC62E0FF7D8DCDFFA95F37004AE90C0021
:103E6000099BFFFFA600CCFF7F53170067BFE2FF4F
:103E7000E089FEFFF49EFBFF10F5FBFFC73ACAFF87
:103E8000905FF0FFE6A1E3FF7B010F0075E2DAFF30
:103E90002A15190042EBECFFF8373600511E2200BC
:103EA000D516DCFF79DADAFF8E68E2FFF4352B00F5
:103EB00084712E0067EED6FF8221000030B3E5FF4B
:103EC00019E53A000AA52F00EDBE1200E483FDFFBC
:103ED00066E4F7FFE51EEDFF202F1800D430C4FF85
:103EE000E8DE0B0005C2DDFF12F6CAFF1924F4FF5D
:103EF000D4CF3600C5FF320042C910000CE40E00DA
:103F000060151100769D1800B55B38006897CCFFEE
:103F1000E9A92000C17AE3FF20B50200FBE70E000B
:103F2000F7042C00045D3900522D3000EED3380028
:103F3000B39504007CF6ECFF21380300CDD91000C6
:103F4000DE4B00002A0308002C6AEBFF66C8E6FF80
:103F5000D003270039F9EBFF64383B0098A1EAFF52
:103F6000FDEA070008BEC5FFE7672E0053FA1400FC
:103F70003B21CAFFE54FC1FF78BAD0FF40E2FBFF0B
:103F80007848C9FFA680F3FF6191D6FF71830200D4
:103F9000A7503A00702436000A401C00F7E22200C5
:103FA00081EB1F00A364CAFF0A430F00A92E1C0067
:103FB000BFC12B008FB2ECFF4096310098D9E2FFD1
:103FC000680332007A10CFFF09F613008F02D2FF88
:103FD000ADC7C4FFD1D21500FEF7150021C91400EA
:103FE000DCE1F8FFDE5B3600453018003107CCFF1E
:103FF0005141C4FFDCE6FCFFA698C3FFF2CBF8FFFB
:10400000852C200004F90700F7CB2500596C12001D
:10401000748CC7FF5A0910006E88EBFF571A3600E0
:10402000D91AD7FF22BA30003610FEFFE1A13900BD
:10403000A33A0800BAA5E7FFF817140025803A0054
:104040003BBAFBFF3EDE36009ED31500C3731B0058
:10405000D3B02A0092F21D002768C5FF32D6E1FFD7
:10406000008040C020A060E0109050D030B070F0D0
:10407000088848C828A868E8189858D838B878F840
:10408000048444C424A464E4149454D434B474F470
:104090000C8C4CCC2CAC6CEC1C9C5CDC3CBC7CFCE0
:1040A000028242C222A262E2129252D232B272F270
:1040B0000A8A4ACA2AAA6AEA1A9A5ADA3ABA7AFAE0
:1040C000068646C626A666E6169656D636B676F610
:1040D0000E8E4ECE2EAE6EEE1E9E5EDE3EBE7EFE80
:1040E000018141C121A161E1119151D131B171F140
:1040F000098949C929A969E9199959D939B979F9B0
:10410000058545C525A565E5159555D535B575F5DF
:104110000D8D4DCD2DAD6DED1D9D5DDD3DBD7DFD4F
:10412000038343C323A363E3139353D333B373F3DF
:104130000B8B4BCB2BAB6BEB1B9B5BDB3BBB7BFB4F
:10414000078747C727A767E7179757D737B777F77F
:104150000F8F4FCF2FAF6FEF1F9F5FDF3FBF7FFFEF
:10416000AB005CFF510097FE0300BA0088FFFA0025
:1041700021FF1000CCFE81008300AFFE8F0096FE71
:10418000E6FECB0001FF53014C0062002400B5FFA6
:10419000F6FF95008FFEC000F2FEB200220039FF4C
:1041A0000F00A100A900E0FE94FEF5FECDFFAAFFDE
:1041B0008EFF6DFFCAFFF0FEFEFF84FF50005A0124
:1041C0007C01E9FEB40089FE07019D00F60080FF36
:1041D000BC007900AA001EFFCDFEBF00E8FF320040
:1041E000F700BEFF75004D0104FF0CFF530013FFE5
:1041F0001401C200EEFEBAFF12FF6FFF2401A0FE01
:1042000069FF7AFF90FFE9FF18FFE3003400940094
:1042100047002CFFEC0015007B01ABFEDC0036FFF5
:1042200016013E019EFE610148FF7F00B6FE2F0190
:104230005C012C00B2FF22FFA800A2FEC9009E0074
:104240007A016E010401E3FFD1008DFF6300F2FFEC
:10425000650159FF4B010FFF9AFE6900DDFE9DFECF
:10426000AB00F7000F001601E6FE69FF7C017A0142
:1042700021FF14018EFF5C01F6FF4700BC006501C1
:10428000030004FF94FE48FF4C0018FF0701D10013
:10429000830012FFFEFFA800F2FE7B01CDFE9AFE16
:1042A00051007500A9009EFE01FF90FFB4000401BB
:1042B000CCFEEEFECAFFB2FF8FFEEC00AA004B015F
:1042C00088FF5300CDFFB6FE24003400F6006300E3
:1042D0008F0024015000C9002200DC00E8FFDDFE51
:1042E0005CFFBEFFA1003E01CB007AFFE9FE6E013C
:1042F0001000C2006DFF2C0095002CFF790059FFC3
:10430000BA000CFFF5FE7F006200E3009D008DFF08
:10431000AFFE6FFF84FFA2FEB200ABFEBF006900DC
:1043200097FE4D01E0FE61015301E9FF89FEE3FFC5
:104330008100BAFFF0FE22FFC00015001EFF0FFF34
:10434000FA0013FFAAFF2F01B5FF940080FFF2FFD0
:1043500096FEA0FE5A019E0039FF36FF32009DFEF8
:1043600055FF09FFF1FFEAFE1A01970084FE86FE61
:10437000DF00ECFE7200A4FE0A00B9FF44FF9BFEC2
:10438000FDFFFC006C01B800B4FFE800F9FE2FFF50
:104390007DFFEE00020058FF0E0185FE330166012D
:1043A000AFFF8BFF57FF6201FF0070004CFFFCFE68
:1043B0003401120136004E00710114FF56FFB5FEA4
:1043C0007800ADFF33004A01DCFFCCFF0AFF9DFF00
:1043D00071FFDCFEB0FF37FFDEFF24FF1800230172
:1043E000A40042005FFFC2FE35FF8600170192FE67
:1043F000F0FF3EFF9300D4FF6BFFD40087FFA700C0
:1044000046FFF4000B0181FF9EFF1DFF63FF730059
:10441000510191007C005E014EFF550141FF97FF65
:104420006901B3FE20019FFEADFE170077011D005C
:104430007FFF46001001DE0040FFEBFFE200F100CD
:1044400006FFED005600D1FE4B006CFF80000E0011
:104450006A016001A6FE62FFC700CA00CEFF6301C9
:10446000000040002000600010005000300070008C
:10447000080048002800680018005800380078003C
:10448000040044002400640014005400340074004C
:104490000C004C002C006C001C005C003C007C00FC
:1044A000020042002200620012005200320072003C
:1044B0000A004A002A006A001A005A003A007A00EC
:1044C00006004600260066001600560036007600FC
:1044D0000E004E002E006E001E005E003E007E00AC
:1044E0000100410021006100110051003100710004
:1044F00009004900290069001900590039007900B4
:1045000005004500250065001500550035007500C3
:104510000D004D002D006D001D005D003D007D0073
:1045200003004300230063001300530033007300B3
:104530000B004B002B006B001B005B003B007B0063
:104540000700470027006700170057003700770073
:104550000F004F002F006F001F005F003F007F0023
:104560000103060C143060D4FF1DC0FFF764000087
:104570000231D8FF0315F8FF449E03001821F4FF11
:1045800028A1F2FF241E07002BDE1B002BE92300CD
:10459000AD84FAFF7F14E0FF759A2F0009FBD3FF6B
:1045A000497A2F0027E528005896290070A00F00AF
:1045B000A485EFFF88B73600909DF7FFA0EAEEFFD5
:1045C00068F927007BD3DFFFD6ADDFFFE71AC5FF11
:1045D000F7A4EAFF98FCCDFF35D01A0022B4FFFF04
:1045E00001323D00C5450400674A290020760100DC
:1045F000CDF42E00C5DE350003A5E6FF2C30C9FF43
:10460000D447D9FFAFBE3B008515C5FF7C8ED1FFD7
:10461000968A3600413ED4FF000436004D6AFBFF07
:104620009CD623005DC5F7FF3D12E6FFD6EAE6FF04
:104630001E7E350059AFC5FF3F8435001756DFFF9A
:104640005C94E7FF8C733800A8630C009A1B080089
:10465000768F0E0053383B0034853B0030FCD8FF8A
:10466000549D1F002D4FD5FFE506C4FF81ACE8FF28
:10467000CFE1C7FF1998D1FF5DD6E9FFEE093500FC
:10468000C7352100BBCFE7FF75CFECFF72971D0048
:1046900072B0C1FFF6BCF0FF8052CFFFAED2CFFFA9
:1046A000E090C8FFCAEF0100F210340085FEF0FF71
:1046B00038C620009F6E2900A3B7D2FF4BA4C7FFC6
:1046C0006DBAF9FF0934DAFF82C2F5FF1341EDFF3D
:1046D0003BA6FFFFF709ECFFDD2BFAFFD495140092
:1046E00063451C00622CEAFFE9FBCCFFF00A0400E2
:1046F00017C4070088452F0000AD0000BE36EFFF4D
:1047000044CD0D005A673C00CA2BC7FF7EDEFFFF79
:1047100048391900C069CEFF6C752400DFC7FCFF63
:10472000A1980B0008E8EBFF6CE4020008C8C9FF81
:10473000C2363000F6BFE3FF933CDBFFE04AFDFFEB
:104740000513140092771400259E1300E0D0E7FFB4
:104750004499F3FF0208EAFFA2EED1FF9CC7C4FF11
:1047600057A0C8FFD9973A0093EA1F005AFF3300B9
:10477000D4582300F8413A0072FFCCFFFB3D2200E1
:104780009FABDAFF22A4C9FFF5120400872525009C
:10479000F024EDFF5D9B3500A048CAFFFCA2C6FFD8
:1047A00056BBEDFFDE45CFFF5EBE0D001A5E1C005E
:1047B000E6E00D005A7F0C00838F07008A62E7FF56
:1047C0000457FFFFFC06F8FF2100F6FFF65AD0FF62
:1047D00084001F0086EF30007DB9C9FFD6FCF7FFCB
:1047E0009245F4FFC221C9FF193905000C6104008C
:1047F00041CDDAFF1BB03E00E77234003B00CDFF35
:10480000C77C1A0024190300E55E2B0099112900CA
:104810003A7AD8FF714D13001CE13D008409130062
:1048200051F02500465A18001885C6FFBE14130023
:104830009138280090DBC9FF8950D2FF3F851C00CA
:104840004B0B1D00A6F6EFFFBEA8EBFF1BE112000D
:104850003E5ECDFF2F2DEAFFE41DF9FFC7061400D1
:10486000837232006E0DE2FF5379ECFF99401D0018
:104870007825D9FFAD05EBFF05E41600E7DB0B005B
:10488000E81D2200CFF8330034B9F7FF0CCAD4FF7B
:10489000F87FE6FF57D1E3FF1B91D8FF122CC7FF2B
:1048A000D81009001F5EC6FF5846E1FF8B1D25008A
:1048B000B77325008F7CFDFF98DD1D0098683300DD
:1048C000BBD40200A793EDFFBE6CCFFF1C7C02009F
:1048D00008AA180071FD2D00A55C0C009A3719007C
:1048E00067A1C7FF3D8CE4FF3CA1D1FF39C535006E
:1048F00015013B00C01D0400F7C42100F41BF1FFAB
:10490000E7351A000E340700457DF9FFD04C1A0038
:10491000AE7CE4FF68261D00988EE6FF3326EFFF8D
:10492000DA05FCFFDB7FC5FF6427D3FFAFE1DDFFC6
:10493000DD93F9FF091DDDFF93CC02000518F1FF9F
:104940002A9C1800A9E5C9FF508AF7FF2CCF3B002D
:104950004E43FFFFDF36EBFFCA153C00685E1500D3
:10496000B616F3FFCE291E00ECFBB1FBC7043103E2
:104970003D020AFFABFC5FFB55FFA601040241FBB1
:1049800057FDCAF972FE94FFD5051DFBF3FA2A05FF
:10499000C3FCF7FC6B001AFAC203DDFEAEF996FC0D
:1049A000FAF9A201C001BE0399FE2B02D8FD5B02F9
:1049B00008018704F1FE02FB2906B100C0FEC20413
:1049C000DC0298FC1CFAE4031F010E06E6FE47FA1F
:1049D000BEF9A6FD09FF9AFC3EFA26067E005DFBA5
:1049E00033FF64FFA502F2050AFDAE018C02490403
:1049F000D3FA0A03A6FF06FA6E024B02F8FF78FF0D
:104A0000F9038402C103CCFE8E056703D305FBFACC
:104A1000B205CB0573FAAAFC4EFB34FE76FBDC0034
:104A20009B014901D7FB4CFA13FA4B03F7036202CF
:104A30007F016DFF3E031A03B60015FF66FDC9FA3C
:104A400060025D012BFDDF03CA006900F8F98001F7
:104A50007EFF5F0449FCDE01BC057506BD0585F9D6
:104A6000DDF9B5FF05FB5C0614044F0439FBCFFCF0
:104A7000C3FDF6005503A104AB005AFEFCFDBF04C4
:104A8000A90236068E016C002BFAE3040D05D6FA56
:104A90003D03090395FFE6053EFC230152066A0328
:104AA00006065EFE40FE42FC6701D5FD2802A5FD1C
:104AB000F8FE79FB0F01FE04D7F94FFF40013EFBE2
:104AC00024FD6803E4051CFCE1FEF2F91A01B905B6
:104AD00042065A02F7006603C205DAF982FFA30410
:104AE000CD009C005BFD0EFAF60252FE74FDB7FB92
:104AF0002D05F6FC5A00FA0592FDB5FD0800880068
:104B000007FC7CFD3FFC340172FA99FC2DFA050587
:104B10004EFA35FA8D055603B204CC018A0424FFFF
:104B200065FEB7FE2904B405ED05B5FC09FC9EFD44
:104B300081FE9300C2FCE6FC4AFFEB009A023705B7
:104B4000A0FDA3FED50221FC36FF97FF080680FEDC
:104B50008200A1FBB70322FE44FA8BF943FA7B06DD
:104B600023064B00FB04A4F9004020601050307075
:104B70000848286818583878044424641454347455
:104B80000C4C2C6C1C5C3C7C024222621252327235
:104B90000A4A2A6A1A5A3A7A064626661656367615
:104BA0000E4E2E6E1E5E3E7E01412161115131710D
:104BB0000949296919593979054525651555357505
:104BC0000D4D2D6D1D5D3D7D0343236313533373E5
:104BD0000B4B2B6B1B5B3B7B0747276717573777C5
:104BE0000F4F2F6F1F5F3F7FECFB0AFD99FE13FAFB
:104BF000D5058E051F01CA0055FF6E022906B600B5
:104C0000C2034EFB3EFABC053D02D3FA08017F0108
:104C1000C3FCB205BEF97EFF57FDF903DC0260025A
:104C2000FAF99B0133FFDDF9C7048C02D8FDF703C5
:104C3000F3FAD305E6FEF8F90402F8FFC0FE66FDBC
:104C4000AEF976FB7E00BD05ABFCA6FFF1FE3E0390
:104C50006B0073FA09FF49FC72FEC1031CFA2BFDBD
:104C6000C001D7FBA50205FBB1FBAE012B024B0334
:104C70001DFB67030E066900A6014B02B10015FF7C
:104C8000DDFE34FE260675060AFF0A0387046DFF63
:104C9000F7FCCB05A6FD5F04CAF9840298FC5D0110
:104CA000A201490164FFB5FF310349045B026202BE
:104CB0002A05FBFA47FA800141FB78FFC204C9FAD2
:104CC00096FCDC005DFB85F95FFB06FA02FB1A032C
:104CD0001AFAAAFC9AFCDE0194FFCCFEE403DF037F
:104CE000BE034CFAF2055C060103060C143060D4D6
:104CF00001000000000000008280000000000000B1
:104D00008A80000000000080008000800000008099
:104D10008B80000000000000010000800000000007
:104D20008180008000000080098000000000008079
:104D30008A00000000000000880000000000000061
:104D400009800080000000000A00008000000000D0
:104D50008B800080000000008B00000000000080BD
:104D600089800000000000800380000000000080B7
:104D70000280000000000080800000000000008031
:104D80000A800000000000000A000080000000808F
:104D90008180008000000080808000000000008092
:104DA00001000080000000000880008000000080FA
:104DB00000000000000000000000000000000010E3
:104DC0000000000000000000B9340332B7F4AD1455
:104DD00010DB1AB30892540E0D307D951447BA1AA1
:104DE00066088F4D26ADC66DF598BF85E2B74511B3
:104DF000CA96853D92BD1DEBFCA11860DCEF5216F2
:104E00003C92AE220BB8C1B4839D2D5B0562DA1CC7
:104E1000304C7E8F4E8BB25B16F4529F8B56A51290
:104E2000FBD4827643ED8AF08FE7F93115651918C6
:104E300050F19BD94A13EEB4284CF0A686C1251F29
:104E4000035FC270CB9E4916E642889C44EB201457
:104E5000B0650836AD6EA58585F0CA14E2FD031A6B
:104E60000B899979D5B13D09D8DA973A35EBCF104E
:104E7000AC363F5E73BB38CF3E6752FA44AFBA15CB
:104E8000010000000000000005000000000000001C
:104E900019000000000000007D000000000000007C
:104EA0007102000000000000350C0000000000004E
:104EB000093D0000000000002D310100000000004D
:104EC000E1F505000000000065CD1D0000000000B8
:104ED000F902950000000000DD0EE902000000006C
:104EE000514A8D0E000000009573C248000000007A
:104EF000E941CC6B010000008D49FD1A070000005C
:104F0000C16FF28623000000C52EBCA2B1000000D4
:104F1000D9E9AC2D780300003D9160E45811000000
:104F200031D6E275BC560000F52E6E4DAEB10100D3
:104F3000C9EA268367780800ED95C28F055A2A00D2
:104F4000A1EDCCCE1BC2D30025A4000A8BCA22043B
:104F50000000000000000000000000000000000051
:104F600000000040955969595555545515555556E9
:104F70000405154110545540455155444045504491
:104F800050555545004000404004449665555655DF
:104F90004540455451411540559155555555405141
:104FA00005010000D4D4D4D40100000000000000AA
:104FB0000000000000000020345065C05FC9A65208
:104FC000BB13CBAEC440C21806C8DF7100D5A87CA5
:104FD000F56F0FDA58FC27136E4756357D24206590
:104FE00002C7E768E48CA41DE9E60268D7CD396101
:104FF0007977FCC2405BEF16798CDE43FFA751F94D
:1050000091F3B278F5BDBE11E857E9D6E8BEE87B6A
:10501000B054AC8F848D751BEA23A499E9F9D38B26
:10502000B7A3714061DA3E15CEE33ECB73F9480871
:105030008C97B427D51B7010A2BFEFB9EB85321542
:105040004DB44DB49BBB6F1996B6076CF8E7EEAD47
:1050500036D9B4F59135AE13222218AF4E6A684D99
:1050600091DAAA3D4F40741E9FBD9EE006A1C098F4
:1050700057C2A7FDA40E90170E7D497173E3208FD0
:10508000B220D87605143B12853D7434811343B0A9
:10509000AD297A5F27F4351C544554544555050411
:1050A0000010041014044000000001405555154143
:1050B000540400004400010000000040410000448E
:1050C00050444550540055555455655100400040DA
:1050D00001000001000501001154515154555505BE
:1050E00000154150000004401001040500000000BC
:1050F00000000000000000000000000000000000B0
:10510000000000000000000000000000000000009F
:10511000000000000000000000000000000000008F
:10512000000000000000000000000000000000007F
:10513000000000000000000000000000000000006F
:10514000000000000000000000000000000000005F
:10515000000000000000000000000000000000004F
:10516000000000000000000000000000000000003F
:105170002020202020202020202828282828202007
:10518000202020202020202020202020202020201F
:105190008810101010101010101010101010101097
:1051A0000404040404040404040410101010101077
:1051B0001041414141414101010101010101010150
:1051C0000101010101010101010101101010101084
:1051D0001042424242424202020202020202020221
:1051E0000202020202020202020202101010102049
:1051F00000000000000000000000000000000000AF
:10520000000000000000000000000000000000009E
:10521000000000000000000000000000000000008E
:10522000000000000000000000000000000000007E
:10523000000000000000000000000000000000006E
:10524000000000000000000000000000000000005E
:10525000000000000000000000000000000000004E
:10526000000000000000000000000000000000003E
:1052700000000606362E362E30004275696C74200A
:10528000776974682052656E657361732041647636
:10529000616E63656420466C657869626C65205355
:1052A0006F667477617265205061636B616765201A
:0E52B00076657273696F6E20362E362E3000D2
:0452C00008000000E2
:0200000402C92F
:04F04000FFFFFFFFD0
:04F04400EFFFFFFFDC
:04F0C000FFFFFFFD52
:04F0C400FFFFFFFF4C
:04F1200000000000EB
:04F1240000000000E7
:0400000502024C396E
:00000001FF
