:020000040200F8
:100000008030002281230002B11300028F0400021D
:100010008F0400028F0400028F0400028F0400028C
:10002000000000000000000000000000DD270002CA
:100030008F04000200000000F9130002F5270002FF
:10004000C936000200000000E8030000749050650B
:1000500081640000B4BC0022180000226CA90002D8
:100060000400000000020000040000000002000084
:100070000400000000020000E8030000EEB10002EE
:1000800010000022E6B10002208C00222092002203
:1000900020980022209E002220A4002220AA0022D4
:1000A00020B0002220B60022849E7C01749050650E
:1000B0008164FFFFFF8000000600000006000000D2
:0400C000010000003B
:020000040200F8
:1000C4000649074A0868504343F23902104408605D
:1000D4004008704701490860704700000000002292
:1000E4006D4EC64110B5431A934209D2831888183D
:1000F40003E010F8011D03F8011D521EF9D210BDD2
:1001040040EA01039B0703D009E008C9121F08C095
:10011400042AFAD203E011F8013B00F8013B521E15
:10012400F9D210BDD2B201E000F8012B491EFBD276
:1001340070470022F6E710B513460A4604461946EE
:10014400FFF7F0FF204610BD10B5044604E00B781D
:1001540000F8013B03B1491C521EF8D2204610BDE1
:10016400CAB2401E10F8011F8A4202D00029F9D1F8
:1001740000207047421C10F8011B0029FBD1801A93
:10018400704710B5002200E0521C835C8C5CA342D3
:1001940001D1002BF8D1D8B2E1B2401A10BD30B56C
:1001A40004460020034600E05B1C934203D2E05C5B
:1001B400CD5C401BF8D030BD30B50B460146002065
:1001C4002022012409E021FA02F59D4205D303FA15
:1001D40002F5491B04FA02F52844151EA2F1010296
:1001E400F1DC30BD70B586B06E460C46054618216C
:1001F4003046FFF79EFF02208DF8010018222846A2
:100204003146ADF8024000F0A1FC06B070BD00F02C
:10021400FDBCB0B584B003903220029002200221CC
:10022400112201F041F8044609F037FB78B102AB22
:100234000021012220460425009500F049FF03AB6C
:10024400002100222046009500F042FF00E0002437
:10025400204604B0B0BD00002DE9F047CEB001AD9A
:100264000F46064605F118004FF48C719A469146E4
:10027400569CFFF75EFF05F596704D900C2F4FF0DE
:100284000000ADF82A40CDF82CA051D37388B18872
:10029400F2880597CDE9000606F10C000490A7F159
:1002A4000C0003F478670396802F069048BAADF8E3
:1002B400080053BAADF80A3008D192B339B901A88D
:1002C400FE2100F039F8BDF8080000E049B300B39E
:1002D40000260DF10408002526B10498069900F0C3
:1002E4009FF803E0FE21404600F026F8C8B10699C5
:1002F4000544091A0095042913D3BDF80830049A5B
:1003040001361044043004909E42A1F1040006908A
:10031400E2D3802F07D101A86A46494603F01CFDA9
:1003240002E0002004E00020BAF1000F50EA1A8035
:100334004EB0BDE8F08700002DE9F04FD0F814B0BE
:10034400BBF1000F0CD0D0F80CA09AF80020BF2A03
:1003540009D9BBF1020F5FEA9F904000BDE8F08F1E
:100364000020BDE8F08F00F12C0C0AF101090022F5
:100374004FF02E0800271AF807501DB332B10CF8BD
:10038400028001321AF8075001E000BF00227C1CF1
:10039400002066195E459CBF53198B421BD245F061
:1003A4000DC834460CEB020009EB07051A4600BFE2
:1003B40015F8013B00F8013B0FF007C05C452746E8
:1003C400D9D300E03C464FF0000024B15C453CBF6B
:1003D4000CF80200601CBDE8F08F80B584B0944630
:1003E40018220392002201230DF10C0ECDE9001E08
:1003F400614600F035FD04B080BDB0B582B015464D
:10040400D2E900C201231824CDE90014614600F0AA
:10041400B0FD696888425FEA1F9002B0B0BD000079
:1004240059B180B590F800E0BEF1BF0F08D9022998
:100434005FEA9F904FEA400C09E04FF0000C08E09F
:100444004FF0000CBEF1000F18BF012903D1BDE825
:1004540080406046704700220EF10103994211D991
:100464001A4410F802E0BEF1000F1CBFC91A01299A
:10047400F2D8002A4FF0000CE9D0BEF1000F5CEA7C
:10048400129CE4E74FF0000CE1E700BE7047000067
:1004940088B14BF6A061C2F200210A6842B100BFE4
:1004A400824208D01146526A0AB12FF007C824319B
:1004B400086000214162704780B5B0B14FF0060E6C
:1004C40044F60021C2F201210C314FF0000C00BFB0
:1004D4000B4653F80C29824203D1C3E900CCC3E98B
:1004E40002CC10310FF00DC080BD44F60020602115
:1004F400C2F20120FFF71DFE80BD000000284DD090
:100504002DE9F04F81B00C46002944D00546AC21BA
:1005140020461E461746DDF83080DDE90AA9D4F8E6
:10052400ACB0FFF706FEC4F8ACB03868316861605F
:100534002668DAF80020A260D9F80030E36060EAA7
:1005440001076761D4F818E0C4E90C7E04F11C0EBD
:10055400D4F810C0E6618EE80F10B8F80400A08744
:10056400D8F80000A063286AC4F8A85000B92C6227
:100574004BF69C60C2F20020016841B1A1420AD04E
:100584000846D1F8AC1009B12FF009C0AC300021F5
:10059400C4F8AC10046001B0BDE8F04F704700002F
:1005A40001464BF69C60C2F20020006849B140B19C
:1005B40002688A4205D0D0F8AC0008B12FF009C017
:1005C4000020704770B5044600284FF0000019D091
:1005D4000D464BF69C61C2F200210E6896B100BF35
:1005E4001DB1D6F8A800854206D106F138000622CE
:1005F4002146FFF7D4FD30B1D6F8AC600EB12FF030
:1006040011C8002070BD304670BD00004BF69C61DF
:10061400C2F20021D1F800C0BCF1000F14D080B5A3
:1006240000F1010E624600BFBEF1000F10D0D2E906
:100634000013414019420AD0D2F8AC200AB12FF07D
:100644000DC84FF0000C03E04FF0000C02E094469C
:10065400BDE88040604670474BF69C60C2F20020C3
:10066400006800BF20B1816819B9D0F8AC00F9E77F
:100674000020704701464BF69C60C2F200200068DF
:1006840051B148B1D0F8A8208A4205D0D0F8AC00C6
:1006940008B12FF009C8002070474BF6A060C2F2E1
:1006A40000200068704710B500200024FFF7E2FF27
:1006B40000B1C468204610BD10B500200024FFF727
:1006C400D9FF00B18468204610BD44F64040C2F210
:1006D400012000687047027AD20709D14FF40672EC
:1006E4000A80826A12BA8A60008F00BA000C4880BD
:1006F4001820704710B500200024FFF7BBFF00B19D
:100704004468204610BD2DE9F04383B043F25C18E1
:100714008946C2F200280746002041461C46154679
:100724000A9E06F029FA009543F2AC05C2F20025B0
:10073400404629463A464B46CDE90146FFF7DEFEE0
:1007440095F8400040F0020085F8400003B0BDE891
:10075400F04300F001B80000B0B584B0FFF79DFF8E
:1007640000B900BE07F07EFC43F2841248F28C23E9
:10077400C2F20022C2F200231520082100240094B2
:1007840008F0E4FD45F24005C2F20125286060B39B
:1007940017A107F00FFD08F027FC012820D107F06E
:1007A40056FB0420009044F6C13043F22C2543F25A
:1007B4008C24C0F2002010A14FF4A0520023C2F2F6
:1007C4000025C2F20024CDE9014509F08DF944F673
:1007D40040410028C2F201215FEA0F94086004E05E
:1007E400286807F00FFD00242C60204604B0B0BD3B
:1007F4004E657445766E740049502D5461736B00D8
:1008040020B190F84000C0F3001070474BF69C6094
:10081400C2F20020006800BF30B190F84010C90651
:1008240004D5D0F8AC00F7E70120704700207047EA
:100834004BF69C60C2F20020006800BF30B190F813
:100844004010C90604D5D0F8AC00F7E70120704782
:100854000020704701B900BE01F00302022A00D053
:1008640000BE80B588B08A890023CDE90433082A04
:10087400CDE906330BD0B2F5C16F19D18B8AB3F52C
:10088400807F06D0B3F5007F06D11C2302E01E232F
:1008940000E02623CB5804938B88ADF80C3009680C
:1008A400029104AB02A90091114606F0BDF803467B
:1008B400184608B080BD10B582B00446007F002100
:1008C40000F0FE0020770020CDE90004684608F01F
:1008D40098FF217F012802D101F0FD0007E041F0DB
:1008E400020045F23C01C2F2012101220A60207794
:1008F40002B010BD49B100BFD1F8AC10B0B1A9B17C
:10090400D1F8A8208242F7D110E04BF69C61C2F2E4
:100914000021096850B149B1D1F8A820824205D01C
:10092400D1F8AC1009B12FF009C80021084670476E
:10093400002814BF406A0020704710B50446FFF732
:1009440065FE20B12146BDE8104000F001B810BD9D
:1009540070B582B0054690F84000000729D4286895
:1009640038B30E462A20002106F008F908B30446DD
:1009740046610563D5F8A800E062204606F0D7FD7D
:1009840008F012FB48B1D5F8A80090B1C368012261
:10099400214602B0BDE8704018470220CDE90004AA
:1009A40068464FF0FF3108F02CFF10B9204607F0DD
:1009B40068FC02B070BD2DE9F0471E4690460D4616
:1009C400074609F0E3F907B900BE0EB1002129601A
:1009D40044F6E42441F25971C2F20124CDF2B71174
:1009E400A0FB0101227D4FEA513A32B304F114090C
:1009F40039464846FFF7C5FBF8B9206929698142A1
:100A04001BD1012E33D1D4E94501AAEB010100BA6F
:100A1400814233D2089E94E88F0085E80F004FF09E
:100A240001002F610EB32169F9B90221484622461B
:100A340006F015F920B3306022E0012E03D1002026
:100A44002860BDE8F0873846FFF794FBFD280BD8F3
:100A5400024604F114003946FFF776FB95E88F004F
:100A640084E88F00C4E9458A0020BDE8F08795E852
:100A74008F0084E88F00C4E9458A01E000202075D6
:100A84000120BDE8F08780B506F05FF900B900BE2B
:100A9400BDE8804007F0F5BB2DE9F04782B04AF28B
:100AA40080439146C0F200230E468046D3E90001FC
:100AB400CDE9000106F0EAFB40F2BE51721E0027A8
:100AC4008A4234D8042832D306F12A0449462046FF
:100AD40006F054F84FF0000748B348F2D42A05460C
:100AE400C2F2002A406A0822BAF8001082814284C5
:100AF40078220131AAF80010C18401852A303146D8
:100B0400FFF710FB686A0221817168464946C5F8FF
:100B14001480AF86AC62019508F073FE012802D1FF
:100B2400BAF8007003E0284607F0ABFB002738460C
:100B340002B0BDE8F08710B504460020FFF79AFD27
:100B440018B1A18881872168816310BD2DE9F04126
:100B540086B00D4604464E1C01F1080701F1020857
:100B640091B1307840F008000A280DD0B8F80000A0
:100B74000DF10C08ADF80C00386802AF0DF10F064A
:100B8400029002208DF80F0008F00EFA00B100BEAA
:100B9400601C022801D3E06928B16FF015052846CE
:100BA40006B0BDE8F0814FF00A00CDE904047DB140
:100BB4003078022806D13868217A00BAA06201F0A0
:100BC400FE002072B8F8000000BA000C208704E090
:100BD40004F128001221FFF7ACFA04A84FF0FF310A
:100BE4004FF0FF3508F00DFE68B160681021012256
:100BF40000230095002508F0B3F8E069002808BF39
:100C04006FF01505CBE76FF08B05C8E780B582B0B0
:100C1400411C0B220229CDE9002001D2002008E06A
:100C240068464FF0FF3108F0ECFD0121002851EA3D
:100C340011B002B080BD80B582B00023DDF810C0D1
:100C4400CDF800C0FFF7B7FE012002B080BD80B52B
:100C540044F6E4204FF48E71C2F20120FFF769FAE2
:100C640080BD002104F0D6B980B582B00021019185
:100C740001A900F067F80199002851EA108002B038
:100C840080BD00002DE9F04F82B001900DF101000C
:100C9400894600F1020A00F10108CD254FF0010B4D
:100CA4000020002701A953460C5C022141F001E019
:100CB400E6B2214606FB05F4E40A04EB8402A1EB48
:100CC4004201197043460FF00DC89DF8021000222E
:100CD4008DF801400DF1010300295BEA1B910A2EF6
:100CE40051EA32817A1C09EB070481F0030E03EB0D
:100CF400010C17461CF8011B0137303104F8011BA5
:100D04000FF009C0032803D02E2121700130C9E758
:100D140000202070484602B0BDE8F08F022804D1BC
:100D2400084611461A4600F002B80020704710B574
:100D3400102A01D2002403E000680C46FFF7A2FF4A
:100D4400204610BDB0B581B04FF0000EEC4603460E
:100D5400C1F800E01A78B2F1300403D0092C05D9A7
:100D6400002412E05C78303C0A2C31D3002400BF0C
:100D740004EB840402EB440413F8012F303CA2F189
:100D840030050A2DF4D3FF2C15D8BEF1030F1A46F3
:100D94000CF80E4004D01A4612F8014B2E2C0AD13E
:100DA400834209D00EF1010E1346BEF1040FD1D1D6
:100DB4004FF0040E00E01A46BEF1040F4FF000009D
:100DC40004D1127812B900980860012001B0B0BDB6
:100DD4000020FBE710B504460130022802D26FF070
:100DE4005E0010BDE0690028F9D094F83B000628A5
:100DF400F5D1206F40F008000828F0D14FF6FF70BD
:100E040000F022F894F85C10A4F86A00090715D5DC
:100E1400D4F8940008B107F0EFFBD4F8980008B1B7
:100E240007F0EAFB04F19E005621FFF782F904F56E
:100E340082706021FFF77DF90820E06501212046DA
:100E440007F0F8FB002010BD884250EAB1807047DB
:100E5400884250EA31807047884250EA31807047B6
:100E64002DE9F04F85B007460130022805D26FF016
:100E74001507384605B0BDE8F08FF8690028F6D0AC
:100E840097F83B001128F2D1B86C1C4616468B46E5
:100E9400396A049160B301284FDB07F047FE786D8F
:100EA4006107D0F80C8002D4404606F006FA09F037
:100EB400A3F8B8F1000F40D0404606F0EDF914282D
:100EC4003ED1DDE90E15404608F083FC0DB1182132
:100ED4002960D8E90912E307A2EB0007014435D1E0
:100EE400B74257EAB68758463A46FFF7FBF82FE071
:100EF40001204FEAC46A0DF108080DF1100900BF82
:100F0400C007049D07D0BAF1000F16D4ADB1404616
:100F140007F0AAFD049D7868412101220023009571
:100F240007F01EFFB86C0028B5D14046494608F0CA
:100F34007CFD00284FF00000E2D06FF00A0798E72C
:100F44006FF01507404607F09CF992E7CBF80010C4
:100F540014F0050FF6D0B7F1FF3F3FF78AAFF1E782
:100F640029B108440138B0FBF1F04843704700BE92
:100F740070472DE9F04F8DB0169E1C4690460F46E3
:100F8400824606F1010046B1717841F008010A2950
:100F94000AD106F1020B814615E04FF001094FF02A
:100FA400020B002600BE0EE001A80DF1040C00F1B6
:100FB400010900F1020B6FCE8CE86F0002208DF85E
:100FC400050001AE484607B900BE0078022808D1E2
:100FD400B8F5B86F03D80AF10100022807D200253A
:100FE40001E06FF0150528460DB0BDE8F08F9AF8C2
:100FF4003B001128F3D1DAF81C0060B3E006DAF8FC
:101004002450099502D407F0CFFF08B100250995B3
:10101400E007009005D0384605F097FE044618BB5B
:1010240052E007A807F020FD08F12A00294605F040
:10103400A5FD002848D00446406A2A303946424675
:10104400FFF750F807A809A908F0EFFC01280AD116
:101054000025099508E0002150460025FFF776FD9C
:101064000028C0D1CAE7099D4AF28840C0F2002096
:10107400D0E90001CDE90A0199F800000228DAF864
:101084004000206303D12046314608F0F3FBBBF84F
:10109400001008F12A00A186616AA062DAF80C0047
:1010A400E0869AF83A0088710AA829460B9408F059
:1010B400A8FB012818BF4FF00008009931B9012896
:1010C40004D0204607F0DDF84FF0000845468AE7D3
:1010D400B0B504460130022802D26FF01500B0BD4D
:1010E400122A6FF06C0000F2DE800FF208011D4638
:1010F400DFE802F086893FD90A0AD9D9D9D9D91E9D
:101104004A5CB496D91C2D0094F83B000628E4D11F
:10111400042A40F0BF80D4F898000028DDD1B4F848
:1011240066102868FFF71CFF9021BAE0E563B9E078
:1011340094F83B000628D0D1286894F85C10002865
:101144005FEA0F9001F0F70141EAC0002BE094F848
:101154003B000628C1D1D5E900018842BDD2D4F8AC
:101164008C209142B9D8C4F884006868C4F8880017
:1011740098E094F83A00002D0CBF00F0FD0040F018
:10118400020084F83A008DE094F83B0006287FF4CE
:10119400A4AF286894F85C1000285FEA0F9001F06F
:1011A400EF0141EA001084F85C007BE094F83B0016
:1011B40006287FF492AFD4F8980000287FF48DAF0E
:1011C400B4F866102868FFF7CBFE94F83B10C4F817
:1011D400900006297FF481AFD4F8940000287FF4AE
:1011E4007CAF94F80401A968C4F88C100121C007ED
:1011F400C4E93F1156D0B4F86600C4E9420051E096
:10120400286820624EE040F2DC50296894F83B20C4
:10121400814251EA3080112A50EA0180606241E043
:1012240094F83B0006287FF458AF286894F85E10C1
:1012340000285FEA0F9094F85D2001F0FD0141EA77
:10124400400084F85E0042F0010084F85D00012053
:10125400A4F86400072008F002FB23E094F83B00A4
:1012640006287FF43AAF286894F8041100285FEA4E
:101274000F90226F01F0FD01052A41EA400084F835
:1012840004010FD3D4F8980060B106F0E4F8002804
:10129400DDD107E0D4F8940000287FF41EAF28685D
:1012A4008C2160500020B0BDF0B581B0044640F000
:1012B40008000A280D4600D000BE0020012D08BFFA
:1012C4000620022D08BF1120002A50EA028707F0E9
:1012D40065FE002840D0022C00D000BE44F6C82091
:1012E400C2F201208068013000D000BE44F6B42070
:1012F400C2F201208068013000D000BE062F05D064
:10130400112F24D1022D24D15C2503E0012D22D1FB
:101314004FF4B275022C1FD1284605F0B9FAD8B1A2
:10132400044607F0CDFCE0B1064620462946FEF708
:1013340000FF207A062F666000F0FE00207214D0B1
:10134400112F23D104F1480006F049FD1EE000BE30
:1013540002E000BE00E000BE4FF0FF34204601B0C2
:10136400F0BD204606F0CAFDF6E740F2B450A4F8FA
:10137400660040F6B83040F2B451C4F88C00FFF770
:10138400EFFDC4F890000120C4E93F0004F10C0013
:1013940006F030FDA4614FF4FA60C4E908000220AD
:1013A40084F83A0084F83B70D8E70000F0B581B0C7
:1013B4004CF2001548F6A437C4F200050024C2F22A
:1013C40000272888298C084086B200BF26FA04F03A
:1013D400C00703D0396809B120468847013404376F
:1013E400102CF3D12E8200BF288C3042FCD101B0E6
:1013F400F0BD00000F4B1968EFF309821EF0100FC7
:1014040008BF22ED108A22E9F04FEFF30B8342F874
:10141400043D0A604FF0100080F31188BFF34F8F32
:10142400BFF36F8F07F08AFB4FF0000080F3118841
:1014340005F01CBD78BE0022B0B586B002294FF07D
:1014440000040FD1154601A900220123059400953B
:10145400FFF7B1FA35B128B1286810B14069846842
:1014640000E00024204606B0B0BD000070B505467B
:10147400806A292803D800BEA86A2A2844D36C6A43
:1014840094F8220028B308283ED1002084F82200D2
:10149400A0822083284604F10E06D4F81A10D4F84A
:1014A4001E20C4F81E10C4F81A204021A17505F0AE
:1014B400F3FE02460020314605F0B2FDC043A96A9E
:1014C400012200BA000C2083204605F018FE0220F9
:1014D40070BD208A6FF01B0100BA01EB10421004AA
:1014E4000CD004F12A00002192B200BF0378782BBB
:1014F40006D1013101308BB29342F7D3002000E0D2
:101504000220E18C06F067F9002070BDB0B542F20C
:101514002404C820C4F2200401210025257100F010
:1015240081F82570207808B12FF005C0207840F0AC
:101534000200207020788007FCD4002004F8020CFC
:1015440014F8020C08B12FF005C84FF0030E002068
:1015540004F11C0111F8102002F07F0201F81020A0
:1015640011F91020002AFBD401300FF00DC801201E
:1015740000F00BF84EF64C410120C4F201010022A8
:101584000A70BDE8B04000F026B810B5EFF3108142
:10159400012282F310884BF62C52C2F2002232F858
:1015A400103083B94EF2FA3E4AF6782CC4F2010E9A
:1015B400C0F2002CBEF800403CF81030234343F442
:1015C4002543AEF8003032F81030013322F81030E1
:1015D40081F3108810BDEFF31081012282F310888B
:1015E4004BF62C52C2F2002232F8103023B132F8FA
:1015F4001030013B22F8103032F810207AB94EF244
:10160400FA324AF6782CC4F20102C0F2002C138894
:101614003CF8100043F4254323EA0000108081F3D2
:101624001088704748F2D82241F20023C2F2002207
:10163400C0F27A03484312689A420FD344F23F211E
:10164400C0F20F0111444DF68362C4F21B32A1FBB8
:101654000212910CA0FB0101C9B11BE04CF6002160
:10166400C3F69A31B1FBF2F148F63812C0F24102E6
:10167400904205D24FF47A725043B0FBF1F006E089
:10168400B0FBF1F0904205D24FF47A71484328B18F
:1016940001F0F8BB4FF0FF3001F0F4BB7047704726
:1016A400022818BF70474BF620504AF2C041C2F2DC
:1016B4000020C0F2002100F042BE40B344F64502CF
:1016C4000168C4F25452914223D1416A012922D1C2
:1016D40001690968890521D481680A68002A0ED441
:1016E4004FF660430A68CCF2FF73D1F80CC01A407D
:1016F4000A600A6842F000420A60C0F808C0406903
:101704000169012901D001210161002070470120F4
:1017140070470720704740F6A170704740F6A270EA
:1017240070474FF0010C98B191B180B544F6450E65
:10173400D0F800C0C4F2545EF445BDE8804005D141
:101744004FF0000CC0E90A13026301E04FF0070CEC
:1017540060467047F0B581B0002854D044F6450186
:101764000446C4F25451006888424ED16068D4E9FA
:101774000467006B002811D44EF2801300F01F019F
:101784004009CEF20003012202FA01F143F82010CD
:10179400BFF34F8FBFF36F8F6068006B4BF63C5104
:1017A4000025C2F2002141F820506068C06B8168B6
:1017B400006849688847B06943F2040220F00400D5
:1017C400B061386BC4F2200220F4800038633560C5
:1017D4000120C4E90655C4E90855EFF3108680F3E7
:1017E4001088616809781368C1F10F0188400121EC
:1017F4001843106010689620FFF714FF86F31088D2
:10180400C4E9005502E0012500E00725284601B09F
:10181400F0BDF0B587B058B344F645010446C4F2B0
:1018240054510068884225D16068216A0129476CB7
:1018340027D1A16A00294FF0000121620AD0027861
:10184400CDE90311006C0690CDE9012101A92046E0
:1018540001F082FD6668A06900902046FFF77AFFD8
:1018640020B92046314600F078F838B1054602E048
:10187400012500E00725284607B0F0BD0098A061C7
:101884006068C06B81680068C969884741F2883123
:101894000025884208BF40F6A175A06904D101283B
:1018A40007D10020012102E018B901200221C4E976
:1018B4000601E069012826D00228DCD160680026F0
:1018C400E66190F8251038680901FEF732FC60687B
:1018D40090F8241078680901FEF72BFC204601F0EB
:1018E4006BFF6068012161620022016A204601F0F9
:1018F40059FD0021204601F033FEE0B10546666241
:101904000220E061B7E721690020E0610A6822F063
:1019140040020A600A6822F020020A60A16A60623A
:101924000029A8D0616804900A7801920222CDE9C6
:101934000220086C0BE0A06A002500289BD0606898
:101944000495017801910121CDE90215006C0690FE
:1019540001A9204601F000FD8DE788B12DE9F0438F
:1019640081B00D4641B10446286A28B16E6C1EB19F
:10197400287838B1042000E0022001B0BDE8F083EB
:1019840001207047286B002813D46869032810D8F5
:1019940010B1A8693F280CD8686808B9A86A40B192
:1019A40044F645082068C4F25458404503D10E203B
:1019B400E3E70320E1E70027C4E9067744F22809B6
:1019C4006560C4E90877C4F2350995F8252009F162
:1019D400D800A9F128012061616130681101FEF786
:1019E400A8FB606890F8241070680901FEF7A1FB59
:1019F400204601F0E1FEA86B296CC4E90A07012026
:101A04002163EFF3108580F3108861680978C1F1D0
:101A14000F01884043F20401C4F220010A6822EA5B
:101A240000000860086896200121FFF7FBFD85F39C
:101A340010886069016841F00101016048F2D82012
:101A44004EF20011C2F20020C0F2F5510068B1FB61
:101A5400F0F001210130FFF7E5FD606861698069FC
:101A64008A6F60F305028A676068808A8A6F60F310
:101A740011428A676068C16B07C91268904741F2D6
:101A84008831884253D000287FF477AF6068C06BF8
:101A9400816800684969884740F69F713720C4F21D
:101AA400FF71C9F8E800C9F800104EF61456D9F8C9
:101AB4000800CEF2000640F48000C9F8080061680E
:101AC400086B91F834204EF2001100F00F03CEF2AF
:101AD4000001002800EB01074FEA021207F54077E6
:101AE40048BF9F193A704BF63C52C2F200220127BC
:101AF40042F820404CF20032C4F2000252F8203086
:101B040023F4803342F8203052F82020420900F0B8
:101B14001F00BFF35F8F01EB820307FA00F0C3F8E5
:101B2400800141F822000020C4F8008025E740F637
:101B3400A57022E7F0B581B0044600284FF00000FC
:101B440000902DD00D4669B344F659012068C5F2C2
:101B54005021884228D10120206100214FF4004205
:101B64002046002700F056FA6E4600BF00212046AA
:101B7400324600F0A9F99DF80100013700066868B3
:101B840001D58742F2D3874210D26068C069806869
:101B94004068042802D1204601F0D0FE002006E06F
:101BA400012004E0022002E0072000E0142001B03C
:101BB400F0BD60B144F659020168C5F25022914269
:101BC40007D180B51421FEF7B4FA002080BD0120AE
:101BD4007047072070472DE9F04182B00546002088
:101BE400CDE900002DB3884644F65901C5F25021D1
:101BF400286888421FD10220B8F1000F1CBF174685
:101C0400002A19D01E46BBB12869012817D101AC9E
:101C140001212846224600F057F901212846224690
:101C240000F052F99DF8040040070AD441F28830CC
:101C340002E0012000E0072002B0BDE8F08121208D
:101C4400FAE7E868410504D5386840F002003860D6
:101C5400E868000503D5386840F0010038606A463A
:101C64000021284600F030F90098C10404D410F48F
:101C7400045F1CD0002427E09DF80400800602D4F1
:101C840041F28930D8E701AA0521284600F01CF961
:101C94000198410501D502213160010503D5316860
:101CA40041F001013160800622D400242DE06868EF
:101CB400C06980684068042805D10121284601F0E4
:101CC4004EFE0028D6D00124009800F40450B0F54C
:101CD400807F2DD16868C06980684068042826D157
:101CE4000221284601F03BFE002818BF02241FE011
:101CF4006868C06980684068042805D101212846C5
:101D040001F02DFE0028D0D001249DF804004006E7
:101D14002BD56868C06980684068042824D10221F2
:101D2400284601F01CFE002818BF02241DE00224EE
:101D3400009800F40450B0F5005F0ED16868C069E3
:101D440080684068042807D10321284601F007FE73
:101D5400002818BF032400E00324009800F4045072
:101D6400B0F5045F18D023E002249DF804000006B7
:101D74000ED56868C06980684068042807D10321CB
:101D8400284601F0ECFD002818BF032400E00324DA
:101D94009DF80500C0070BD06868C069806840687A
:101DA400042808D104212846042601F0D8FD18B9D6
:101DB40026460CB93AE704260020C8F800603BE741
:101DC400F8B1B0B582B044F659010446C5F25021C9
:101DD4000068884217D12069012816D101AD01217C
:101DE40020462A4600F070F8012120462A4600F0D9
:101DF4006BF89DF804100020490758BF41F2883061
:101E040004E001207047072000E0212002B0B0BDAB
:101E140078B12DE9F04182B00D4600294CD044F64A
:101E240059080446C5F250280068404503D10E20E5
:101E340043E001207047287808B104203DE0E869B8
:101E4400D0B38068E0B344F2201040F60051C4F2ED
:101E54003500A0606869C4F2400100285FEA1F9061
:101E64000027E760656000010870012020610021FF
:101E74004FF400422046019700F0CCF801AE00BFB9
:101E840000212046324600F01FF89DF80500013776
:101E94000006686801D58742F2D3874212D260688F
:101EA400C06980684068042802D1204601F046FDDC
:101EB4000020C4F8008000E0022002B0BDE8F081F8
:101EC4000320FAE71420F8E7002800F06980F0B551
:101ED40081B01446002A65D00E461F2964D80546F1
:101EE4000069012862D12027284601F0AFFCB8B26E
:101EF400013F0128F8D802222846314601F0FEFCB1
:101F0400284601F0CFFC284601F0CCFCD5E901209D
:101F14000023102601250021D2F808E0BEF1010FAC
:101F240022DB00BF03600FF003C8D2F808E00768A3
:101F3400C7F3C007BEF1010F47EA410119DB00BF37
:101F440005600FF003C8D2F808E0BEF1010F10DB02
:101F540005600FF003C8D2F808E0BEF1010F08DBFA
:101F640003600FF003C804E00768C7F3C00747EA3B
:101F74004101013ED0D89268012A0EDB002552EAC5
:101F84008F050023571E036065F10006D2F101029C
:101F940073EB05023A463546F4D30020216006E08F
:101FA40001207047022002E0032000E0212001B05C
:101FB400F0BDB0B582B020B344F659010446C5F271
:101FC4005021006888421ED1206901281DD1606813
:101FD40040F6E152042100690028204608BF40F27F
:101FE400E112E26000F016F800214FF4905220460E
:101FF400002500F00FF801AA04212046FFF764FF32
:1020040004E0012502E0072500E02125284602B06E
:10201400B0BD0000002848D0F0B581B00E461F299D
:102024004FF0030144D8044600201546B0EB124F8C
:102034003ED1206901283AD1202700BF204601F073
:1020440005FCB8B2013F0128F8D8012220463146E8
:1020540001F054FC204601F0F9FB204601F0CAFBD4
:10206400112600BF280403D4204601F0C3FB02E07C
:10207400204601F0EBFB013E6D00012EF2D86068B2
:1020840000218068012813DB50EA8F01A268002335
:10209400471E136061F10006D0F1010073EB0100EB
:1020A40038463146F4D3002102E0012103E0212126
:1020B40001B0BDE8F04008467047000048B3F0B5F1
:1020C40081B00E4644F64501C4F2545105460068F9
:1020D400884220D14FF00200F6B11446E2B1686A9A
:1020E40001281BD12869006880051AD4AA681068E1
:1020F400002823D46868816811B91168090620D4BE
:102104001168090110D52846FFF7D7FA20B92FF036
:1021140013C801207047072001B0F0BD40F6A1703C
:10212400FAE740F6A270F7E791689288838A9F18CD
:1021340004D0406868B10020316011E04FF47A6047
:10214400EAE72846FFF7B9FA002808BF40F6A4706A
:10215400E2E730463A46FDF7C5FF2846FFF7ADFAF9
:102164002760D9E760B344F645030268C4F25453C8
:102174009A4227D14FF0020229B311F01F0322D152
:1021840042685268012A20D182681368002B1ED449
:1021940091604FF660431168CCF2FF73D2F80CC023
:1021A40019401160116841F0004111604169C0F8A3
:1021B40008C00869012801D001200861002202E05A
:1021C400012200E00722104670470522FBE740F693
:1021D400A672F8E700B344F645030268C4F2545308
:1021E4009A421BD1F1B142684369506CD3F8D8309C
:1021F400B3B1D0F804C0A3F11000604504D292F842
:1022040024000CEB0010103882684AB100680028E2
:1022140006D400200A6070470120704707207047E9
:102224002220704702207047C8B110B544F645011A
:102234000446C4F254510068884212D1606A0128ED
:102244000AD160680122016A204601F0ABF801213D
:10225400204601F085F930B140F6A17010BD01208F
:102264007047072010BD6068C06B81680068C96949
:10227400884741F2883201460020914208BF40F667
:10228400A17010BD90B370B50E4644F64501C4F27A
:1022940054510446006888422AD15EB340F2AE50DD
:1022A400A2F13C011546814226D8606A012825D155
:1022B40020690068800524D46068416821B3E0681F
:1022C400012908BF8660C580016821F04051016082
:1022D400016841F0304101606169C068E06088686C
:1022E400012801D001208860002070BD01207047C2
:1022F400072070BD022070BD032070BD40F6A170A0
:1023040070BD40F6A27070BDE1680A68002A02D46C
:10231400C06AA84202D240F6A37070BD88683146F4
:102324002A46FDF7DFFE60684168C8E728B100214E
:10233400C0F20661016000207047012070474FF031
:102344000102C0B1B9B14A688AB145F254220368A6
:10235400C5F24F02934201D10E220CE080B5026017
:10236400084604F023FD0022BDE8804003E00A880B
:10237400002AEAD0012210467047000000F0A2FAB9
:1023840001F081FBFEE7F0B581B048F2DC2314468E
:10239400C2F200230D4606461B78532B01D000F0F1
:1023A4009DFBEFF311874FF0200181F31188304634
:1023B4002946224600F004F887F3118801B0F0BDE5
:1023C4002DE9F04381B000EB400048F2DC23C2F277
:1023D4000023144603EBC003894603F11805D86AA9
:1023E400022812D0012808D000283ED1EE682869BE
:1023F400F143B04234D9084435E0EE682969B1426A
:102404000BD9F0430144A8680BE02846494622460C
:1024140001B0BDE8F04300F039BCF243A8681144B0
:102424000144A14251EA3484871B68683044BC42A9
:1024340007D249462246FDF755FEBFF35F8F264477
:102444000CE049463A46FDF74DFEE61B686809EB89
:1024540007013246FDF746FEBFF35F8FEE6025E0CD
:10246400AA6808441044A04201D200241EE0D5E921
:1024740001018F1B3044BC4208D249462246FDF775
:1024840031FEBFF35F8F06EB04080DE049463A4680
:10249400FDF728FEA4EB0708686809EB070142462C
:1024A400FDF720FEBFF35F8FC5F80C80204601B016
:1024B400BDE8F08382B080B582B0CDE9042304AADC
:1024C400019201AA00F006F802B0BDE8804002B013
:1024D400704700002DE9F04F9BB091460F46002451
:1024E40006A9169140211791002105901A90CDE973
:1024F400181100BF17F8011B252907D0002900F087
:10250400578116A800F0A2FBD4E000BF4FF00008EA
:1025140039782C2906DC23290AD02B2910D1042050
:1025240009E000BF2D2905D0302909D1022002E09D
:10253400082000E0012048EA00080137E8E700BF6E
:10254400A1F13A0010F10A0F02D2002010E000BFFE
:1025540000200A4617F8011F00EB8000A1F13A039E
:1025640002EB400013F10B0FA0F130000A46F1D842
:102574002E290DD13A4612F8011F2A290BD1D9F878
:10258400001002370A1DC9F800200E6801211BE063
:102594000021002618E0A1F13A0313F10A0F02D238
:1025A400002100260FE0002612F8013F06EB860703
:1025B400A3F13A0601EB470116F10B0FA1F1300626
:1025C4001946F1D80121174617F8012B02F0FB0335
:1025D400682BF9D0632A0DDC252A2CD0582A22D066
:1025E400632A67D1D9F80000011DC9F800100178E9
:1025F40087E700BFA2F17003082B1ED8DFE803F0C1
:10260400055A5A605A4D5A5A1300D9F8000010223C
:10261400011DC9F800100168082300200826CDE92F
:10262400006016A844E0D9F800100A1DC9F800207B
:102634000968102238E0252163E7642A3AD1D9F8E1
:1026440000104CF6CD4C0A1DC9F80020D1F800E06A
:10265400CCF6CC4CCEF100017246BEF1000F48BF5F
:102664000A460A2A03914FF0010107DBA2FB0C354D
:10267400632A01F101014FEAD502F7D88E4256EAE6
:10268400818BD8B3BEF1000F5FEA5F9108F00402BA
:1026940041EA9201A0EB010A32E0D9F800100A1DC8
:1026A400C9F8002009680A22CDE9000816A83346B3
:1026B40000F050FA199CB4F1FF3F3FF71BAF82E0E2
:1026C400D9F80000021DC9F80020006840A20028C3
:1026D40050EA12855FEA01882978002E5FEA1880A3
:1026E4000029E7D00028E5D116A8013500F0AEFA9C
:1026F400199C013EB4F1FF3FEEDC64E04FF0000AA8
:102704005FEA88750CD55EB9002CD3D4BEF1000FF6
:1027140027D45FEA4870CDF810E02BD52B2123E0B5
:102724005FEAC870F0D1BAF1000FEDD0D345EBD217
:102734000295CDF810E0AAF1010500BF202116A8EA
:1027440000F084FA199C002C3DD4681EA84202D2E1
:10275400AB450546F2D300F1010ADDF810E0029D15
:10276400D2E72D210398049016A800F06FFA199C63
:10277400002C28D4002D05D40A22CDE900A816A8DF
:10278400049994E708F001003043F5D1BAF1000F41
:10279400F2D0AAF10105554538BFD345ECD230211A
:1027A40016A800F053FA199CAA46002CF1D50AE0A9
:1027B40044B1189D25B106A905982A46FFF7E3FD03
:1027C4002C4400E0002420461BB0BDE8F08F00BF7D
:1027D400284E554C4C2900001EF0040F0CBFEFF39B
:1027E4000880EFF30980014908470000DB7F0002FD
:1027F40010B51020EFF3118480F3118807F0CCFAA0
:1028040030B14EF604504FF08051CEF2000001601A
:1028140084F3118810BD00004EF22401C4F20101BA
:102824008878097801F00F02A2F1080103293BD846
:10283400DFE801F0022C101E43F28001C2F20021F5
:1028440051F820004AF6AB21CAF6AA21A0FB0101E7
:10285400480830E043F28001C2F2002151F8200020
:102864004AF6AB21CAF6AA21A0FB0101C80822E05E
:1028740043F28001C2F2002151F820004AF6AB2154
:10288400CAF6AA21A0FB0101080914E043F2800161
:10289400C2F2002151F820004AF6AB21CAF6AA215F
:1028A400A0FB0101880806E043F28001C2F2002186
:1028B40051F82000D04048F2D821C2F2002108602B
:1028C4007047000070B54EF6005440F20120CEF27D
:1028D4000004C0F20E004EF200066061CEF2010662
:1028E400BFF34F8FBFF36F8F2068326842F004024A
:1028F4003260C0F3035110F00F0F5FEA0F9001290B
:10290400BFF34F8FBFF36F8F5FEA108001290CD89C
:1029140058B94EF20800CEF20000016841F480314B
:102924000160BFF34F8FBFF36F8F4FF4700040F21D
:102934000001C4F888000020C0F20021A160002535
:10294400FEF7AEFE00F0DEF94EF2FA304EF6B0229B
:10295400C4F20100C4F201024AF20251018015706E
:102964004FF4254101800120FEF79AFE42F28000D7
:10297400C2F2002080F30A883068800722D5A0685C
:10298400B0F1007F1ED130694FF40071C0F3C30071
:10299400726901FA00F3C2F3C30081400020DA082F
:1029A400CB080146064642F005C800BFE6E802012E
:1029B4000FF005C04FF0005243F005C0E2E80201F9
:1029C4000FF005C0002000F05BF8FFF725FFFEF7CD
:1029D4009DFD0320FEF7D9FD4FF00C0E40F630505C
:1029E400C4F2400020F8045B0FF005C04EF210154D
:1029F4000320C4F20105FEF7EEFD0320FEF7C5FD3A
:102A040044F204000021C4F22000016041608160AE
:102A1400C1600320FEF7DFFDD5F8C802800714D497
:102A24002878A0B10120FEF7B0FD00BF287800F09F
:102A3400C0008028FAD10020287000BF28783F28E1
:102A4400FCD80120FEF7C7FD01E0D5F8C80202203A
:102A5400FEF726FE012000F013F8BFF34F8FBFF3FB
:102A64006F8F0020C4F85002BFF34F8FBFF36F8FF6
:102A740000F0F9F90020BDE8704000F0F3B900005F
:102A8400F0B581B04AF65C250446C0F200252E68F4
:102A940076B16868071D00BF7879844204D157E98C
:102AA4000101091AFDF745FB013E07F10C07F3D1BB
:102AB400AE6886B1E86800F1080500BF6879844211
:102AC40005D155E902022968121AFDF70BFB013EF4
:102AD40005F11005F2D101B0F0BD000010B548F2C7
:102AE400DC24A821C2F200242046FDF722FB0320A7
:102AF400206160614BF2FF1048F29431C0F2002073
:102B0400A061C2F20021E1614FF400612162002161
:102B1400A1626162E16248F2843220664FF0100ED5
:102B24004AF26A30C2F200226266C4F868E02167A1
:102B3400E1666167BFF35F8FC0F200200F3000BF12
:102B440010F8011904F8011B0FF007C0BFF35F8FE1
:102B540010BD00002DE9F04F81B015460E4691429C
:102B64001F468146DDF828B04FF0010005D33146F9
:102B7400B1FBF5F10130A942FAD2874257EA808AC3
:102B8400BBF1000F0B991BD011F0010018D188077D
:102B94004FF0200048BF30202021002F50EA018848
:102BA400BBF1000F0CD0DA450AD248464146ABF1DE
:102BB400010B00F04BF8D9F80C00B0F1FF3FEFDC4B
:102BC400D9F80C00002836D4012400BF022F01D309
:102BD400013F03E0B6FBF4F0A84201D36C43F5E7F0
:102BE4000FF25808B6FBF4F7484618F8071000F03F
:102BF4002DF8D9F80C00002806D4B4FBF5F007FB37
:102C04001466A5420446EDD90B98C00718BFBBF162
:102C1400000F10D009E02021484600F017F8D9F839
:102C24000C00A346B0F1FF3F05DDABF101045C45A8
:102C340038BFDA45EFD301B0BDE8F08F303132331D
:102C440034353637383941424344454610B5044695
:102C5400D0E90120431C934207D822681154A36091
:102C6400E06862680130E0601846904218BF10BD09
:102C740021682069FFF787FBA168884202D1002000
:102C8400A06010BD4FF0FF30E06010BD2DE9F043AF
:102C940081B014460D468046C7684FF0000900BF56
:102CA400D8F81000FA43B84204D91044D8F80810F0
:102CB40004E000BFD8F8081010440844C91B884237
:102CC40050EA31802946A04250EA3486D8F80400FC
:102CD40038443246FDF706FAF019D8F80810411ABC
:102CE400A4EB060450EA1187B1443544BFF35F8F67
:102CF400C8F80C700CB12FF02DC8484601B0BDE8DF
:102D0400F08300002DE9F04381B04EF2FA394CF221
:102D14000017C4F20109C4F201074AF201504AF251
:102D24000158CFF6FF700230A9F800000120B880E6
:102D3400B88808B12FF005C046A0012139804EF6AD
:102D4400014590ED001F43F280004EF60044C2F2AC
:102D540000204EF2200643F60001C4F2010580ED86
:102D6400001FC4F20104C4F20106C1F69C414FF4F1
:102D74000042C0E90421C0E90711FFF74DFD4FF6F9
:102D840050600621CFF6FF702154092086F8820096
:102D9400207810B92878800754D0207848B90120C9
:102DA4002070C8200121FEF73DFC00BF20780128D7
:102DB400FCD10020287020700020B074307F000700
:102DC400FCD545F60170308140F21110B085002029
:102DD400B07200BF307F8006FCD542F23235042049
:102DE400C3F2121538773560012434710527B771A1
:102DF400FFF712FD96200121FEF714FC002030712C
:102E04003560FFF709FD96200121FEF70BFCB77131
:102E1400FFF702FD42F200004FF42541C4F2000026
:102E2400A0F80080BFF35F8F0472BFF35F8F01804F
:102E3400347486F8324086F83340A9F8001001B0A3
:102E4400BDE8F0834FF47A70FEF729FCB4E700BFC5
:102E540000BF00BF006CDC0200127A00008000009A
:102E6400002D310170474AF67420C0F2002000683A
:102E740020B14CF20031C4F2000108607047000038
:102E84000000000001380028FCD170472DE9F04F04
:102E940081B00446008800285BD04EF64C4B0025D8
:102EA400C4F2010B4FF0010A42F2400800272AA69F
:102EB400C4F22008606856F8041B00EBC5004268A1
:102EC4008A423DD100689BF8001000F0B8500AFA1D
:102ED40007F9B0F1807F09EA010015D158B9012042
:102EE400FEF753FB9BF8000040EA09008BF8000052
:102EF4000120FEF770FB98F90000002820D498F810
:102F0400000040F0800015E058B10120FEF73DFBC1
:102F14009BF8000020EA09008BF800000120FEF76E
:102F24005AFB98F90000B0F1FF3F09DC98F8000063
:102F340000F07F0088F80000C8200121FEF772FB32
:102F4400013708F10208032FB4D1208801358542E6
:102F5400AAD301B0BDE8F08F02040000030400000E
:102F64000404000010B584B00021CDE90211CDE9BC
:102F74000011FDF776FE50B16C462146FDF782FE46
:102F840006A100202246FFF795FA04B010BD11A156
:102F9400002004B0BDE81040FFF78CBA0D0A444E7F
:102FA40053204C6F6F6B757020666F722022777799
:102FB400772E6672656572746F732E6F7267222046
:102FC40069732020202020203A20257320200D0A18
:102FD400000000000D0A444E53204C6F6F6B757057
:102FE400206661696C656420666F7220227777774A
:102FF4002E6672656572746F732E6F726722200D70
:103004000A0000002DE9F0410D469046064601B93C
:1030140000BE06B900BEB8F1000F00D100BE37688B
:103024000020C8F800003846FDF7BAFA04463846CE
:1030340005F0CDFF50B1002C58D0A08FA880A06B14
:103044002860C8F800400120BDE8F081384605F04A
:10305400C4FFA0B13846294605F099F90020FDF7D0
:1030640009FB002842D0014691F84000000719D519
:103074000020FDF73FFC0146C0B32FF00BC8B7F1A9
:103084007F4F12D34BF23220C0F2002081880068B7
:1030940028603846A980FDF7B9FA0028D3D0C8F8CB
:1030A4000000D0E7C8F80010CDE73068FDF7AEFAAD
:1030B40018B13168C8F8000006E04020FDF7CCFAEA
:1030C400C8F8000090B1816881B144F6002006225E
:1030D400C2F201200C3000BF50F80C3C8B4208D0E7
:1030E400013A00F11000F7D1002011E00220BDE800
:1030F400F08110F8012C52B130F8042CAA8050F859
:10310400082C2A600068C8F80000012000E00220B2
:103114003160BDE8F0812DE9F04387B0466AF1895A
:10312400B1F5807F40F08980318A082940F085809C
:10313400B17C062940F08180F17C04297DD148F6D8
:103144009834D0F83090C2F20024F769D6F826807B
:103154000697217801290DD148F69C3040F20401EC
:10316400C2F20020C2F2002106F05FFC012801D166
:1031740000202070354615F8160FC0075DD138BA07
:10318400B0F1FE4F4FF0000058DAB9F1000F55D0FE
:10319400D9F8000087421DD1207800284DD10120A4
:1031A400207048463946FDF7D3FB06F0EFFD44F6A0
:1031B4004C41C2F20121086048F69C30C2F2002062
:1031C40005F052FC40F204004FF47A71C2F2002080
:1031D400016032E099F84010C9062ED5B18AB1F5E4
:1031E400007F25D0B1F5807F27D1804529D109F111
:1031F4003808062240462946FCF7D1FFE8B12846A4
:1032040039464A4604F0FCF94FF40070B082A888AD
:10321400C6F82670B08428683062D8F800002860A8
:10322400B8F80400A880D9F80000F061022005E095
:10323400304649463A4604F0A3F9002007B0BDE8F9
:10324400F0834745F9D17840D9F8041001424FF092
:103254000000F3D120364BF23221ADF81400049073
:10326400C0F2002106223046FCF799FF30B104A9D0
:1032740006223046FCF793FF0028DED109F138001E
:1032840006222946FCF78BFF0028D6D000200190A7
:1032940006A80DF10A0101AAFFF7B4FE0128CCD15A
:1032A40001984845C9D1069928464A4604F0A8F928
:1032B400C3E790B110B50446808941BAB1F5C06F37
:1032C40048D9B0F5C16F18BF082843D10021204662
:1032D400FDF778F918B1012010BD002070474BF2BA
:1032E40032200622C0F200202146FCF758FF0028B5
:1032F400F1D04BF23C200622C0F200202146FCF71C
:103304004EFF38B34BF242200622C0F20020214681
:10331400FCF745FFF0B14BF248200622C0F2002032
:103324002146FCF73CFFA8B14BF24E200622C0F226
:1033340000202146FCF733FF60B12078012809D131
:10334400607838B9A0785E2804D194F90300B0F10C
:10335400FF3FC0DC002010BD70B586B00446C06AD3
:1033640058B100F10806D0E900CE6CCE059604955C
:1033740003930292CDE900CE00E068466268496892
:103384004160A16A1278236B026043618847E06A56
:1033940030B19DE84E00DDE90454C0E904544EC048
:1033A40006B070BD2DE9F04744F645088246C4F2E4
:1033B40054580068404540F0D080DAE904700E4665
:1033C4009146016841F00101016048F2D8204EF2B3
:1033D4000011C2F20020C0F2F5510068B1FBF0F018
:1033E40001210130FEF71EF9DAF80400DAF81410AE
:1033F40080698A6F60F305028A67DAF80400808ABC
:103404008A6F60F311428A67B188306800BAC7F8DE
:10341400C00049BAC7F8C810DAF8041091F825209A
:10342400D1F844C042F02DC8DCF80000CE6A00F1A7
:10343400100300274FF00045002000BF23F80A6C5A
:1034440023F80C7C8C6A43F8043C2CB154F82040DB
:1034540043F8105C01E000BF0024013043F8084C3D
:1034640010330FF015C853F8200D40F08040186059
:1034740091F82400DCF80070DF60CAF8087018B90D
:1034840021E091F8240038B3DCF8043040F001E086
:103494001033012623F80A6C002023F80C0C43F89F
:1034A400100C4C6843F8043C34B9886A10B150F8E5
:1034B400220001E0002000BF43F8080C0132103361
:1034C4000FF019C0203B186840F080401860DCF809
:1034D4000400D860CAF80C00DAF80000404518BFB0
:1034E400BDE8F087B9F1010FDAE9041006D18A6961
:1034F40042F002028A614FF4800209E0026B42F456
:1035040080020263026B42F4802202634FF40012D1
:10351400036B1A43026340F2EE528A6014220A6576
:10352400DAF80420D269CA66016841F040010160FA
:10353400DAF808100162DAF80C108161DAF8041084
:10354400896800295FEA0F91C901816300218164C0
:1035540040F20F71016501218165BDE8F08700002B
:103564002DE9F04184B044F645020446C4F25452B5
:10357400006890424FF000000390CDE901000FD1A4
:1035840060680D4602AA01ABC06BD4E90468816887
:1035940000688F6903A9B84720B140F6A1707AE0AA
:1035A400072078E0039801380328F6D8DFE800F014
:1035B400021C0B143068012120F0020030603068D6
:1035C40020F0040018E03068012120F0020030608F
:1035D400306840F004000FE0306840F002003060D2
:1035E400306840F0040006E0306840F002003060CB
:1035F400306820F004000021306045B1306840F4A8
:1036040000703060306840F04000306042E041BB00
:1036140060680069012824D14FF6FF7070650020AE
:103624007066C8F870000822306840F400203060EA
:10363400DDE9010100F0030061F383004AF68831FB
:10364400C0F20021093100BF51F8093C51F8057C52
:103654000340BB4222D0013A01F10C01F4D1002015
:1036640025E0306820F480303060306820F4003089
:1036740030606068C068316860F3000131603068B0
:1036840040F040003060306840F02000306001209D
:10369400C8F81000002004B0BDE8F08111F8012C36
:1036A4000878012A03D1316841F4803102E031689D
:1036B40021F48031316001283068D7D140F40030E2
:1036C400D6E700002DE9F04F87B0EFF303806FF3E6
:1036D4005F204BF63C51C2F2002101EB800050F810
:1036E40040BCDBF80420DBE90410566CD1F81090E0
:1036F400876A5FEA472807D55FEA897202D5012203
:10370400CBF82020C1F810908762DBF8280000284D
:103714003ED0DBF8040006250DF1040A017801917E
:103724004AF29041C0F20021006C0690081D044644
:1037340054F8081BB2681140394206D050F8040C02
:10374400029058465146FFF707FE013D2046EFD14F
:10375400B8F1000F1CD54AF26C4700200125C0F2D5
:1037640000270DF1040800BF07EBC000317B42685D
:10377400114011EA090F05D00068029058464146ED
:10378400FFF7EAFDE8074FF001004FF00005EBD129
:103794004CF2C021EFF303806FF35F20C4F2000109
:1037A40051F8202022F4803241F8202051F82000E2
:1037B40007B0BDE8F08F000070B504464068816A28
:1037C400B1B1416811B190F8255004E090F824108B
:1037D40090F8250045185DB1002600BF6068D0E967
:1037E4000A018059FCF7A5FC013D06F10406F5D158
:1037F40070BD000080B54168D1F808E0BEF1010F4A
:1038040023DB8068022200BF02600FF003C8D1F8F6
:1038140008E0BEF1010F18DB032200BF02600FF0C5
:1038240003C8D1F808E0BEF1010F0EDB032200BF8C
:1038340002600FF003C8D1F808E0BEF1010FB8BF71
:1038440080BD022101600FF003C880BD80B54168CE
:10385400D1F808E0BEF1010F23DB8068062200BF27
:1038640002600FF003C8D1F808E0BEF1010F18DBC5
:10387400072200BF02600FF003C8D1F808E0BEF1D0
:10388400010F0EDB072200BF02600FF003C8D1F85E
:1038940008E0BEF1010FB8BF80BD062101600FF042
:1038A40003C880BD80B54168D1F808E0BEF1010FBE
:1038B40023DB8068002200BF02600FF003C8D1F848
:1038C40008E0BEF1010F18DB012200BF02600FF017
:1038D40003C8D1F808E0BEF1010F0EDB012200BFDE
:1038E40002600FF003C8D1F808E0BEF1010FB8BFC1
:1038F40080BD002101600FF003C880BD70B504468F
:1039040040684FF4A043022AC0694FF00F06806854
:10391400007808BF4FF4C04343EA810141EAC0156F
:10392400280403D42046FFF765FF02E02046FFF792
:103934008DFF013E6D00012EF2D870BD10B582B02E
:1039440001AA14210446FEF7BFFA0198142140F09D
:10395400070220460192FEF75DFB02B010BD6FF036
:103964000200023901425FEA1F9070477047FFF777
:10397400FDBF48F69430C2F20020006878B110B55B
:10398400FCF756FF4AF66C110446C0F200210868A1
:10399400FDF73FFF28B9012C03D1002010BD022000
:1039A400704700285FEA0F90012C18BF023010BD49
:1039B400F0B581B00446D0F894001E4617460D4673
:1039C40020B90121204601F0B3FF50B329463A46FD
:1039D400334603F091FC002D054624D194F95C0094
:1039E400002819D4D4F8940003F0E3FCD4F884102C
:1039F400884211D894F85C0094F85D1040F080007F
:103A040084F85C0041F0010084F85D000120A4F812
:103A14006400072005F023FF206840F001002060C7
:103A240001E04FF0FF35284601B0F0BD80B5DDF868
:103A340008C04FF0000E9342CCF800E04FF0FF3C7A
:103A440006D303698B4202BF114401614FF0000C9D
:103A5400604680BDB0B50446806C00284FF000007D
:103A6400C8BFB0BD636C6065994251EA3385616B30
:103A7400C4E91252216406F089F92065606B284478
:103A840060632846B0BD80B54BF6CC424BF61C5063
:103A9400C2F20022C2F20020002111704BF6D4427F
:103AA4000160C2F200224FF48070012105F038FC5D
:103AB4004BF6D041C2F20021086018B90020002161
:103AC40003F02FFA00F004F804F0E4FF002080BDB6
:103AD40080B584B04BF61C504AF66C33C2F2002019
:103AE4004BF6445C45F2381EC0F2002301684FF4E3
:103AF4008062013101600220009043F649500DA11B
:103B0400C0F20020C2F2002CC2F2012ECDE901EC79
:103B140005F0EAFF4BF64051C2F20021086008B1FB
:103B240004B080BD0020002104B0BDE8804003F053
:103B3400F8B900BF4E657420546872656164000072
:103B440084B00020039003A8FEF7F0FB9DF80F302B
:103B54004AF604619DF80D70C0F200219DF80E60D4
:103B640056A20020CDE90067FEF7A4FC4AF61941ED
:103B74000020C0F20021FEF79DFC00F0C9F943F6D5
:103B8400147040F26E0140F264024BF6107340F27E
:103B94006807C2F20120C2F20021C2F20022C2F27E
:103BA4000023C2F200270097FCF7ADFD28B944A119
:103BB4004AA24FA30020FEF77DFC4AF60E510020D6
:103BC400C0F20021FEF776FC43F6207440F2400573
:103BD40043F61C774BF2E4164BF6A458C2F20124C8
:103BE400C2F200250FF2441AC2F20127C0F20026E5
:103BF4000FF24C19C2F200280FF20C1BFFF7B9FEAA
:103C0400002820680AD0800750D400205946FEF7C7
:103C140051FC206840F0020046E000BFC10707D114
:103C240000203EA1FEF746FC206840F00100206021
:103C340041070BD403F0D9F900F06AF940F23800D7
:103C4400C2F200200068FFF78DF92068400704D411
:103C54002A6800205146FEF72DFC386863281BD8DB
:103C64002868FDF701F808210A22FCF715FF00284F
:103C7400404608BF083056EA0981026801320260F2
:103C84000020FEF717FC3868013038600A2004F081
:103C9400F2FD38686428E3D3207840070AD400F0A2
:103CA40005FA206840F00400206003E0002031465B
:103CB400FEF700FC642004F0DEFD9FE7312E3000A7
:103CC4005B4552525D20496E2046756E6374696F80
:103CD4006E3A20257328292C202573006E65745FA5
:103CE4007468726561645F656E74727900000000C7
:103CF4004672656552544F535F4950496E6974204A
:103D04004661696C656400000D0A4E6574776F72D4
:103D14006B20697320446F776E0000000D0A4E65B6
:103D240074776F726B206973205570000D0A5069A7
:103D34006E67696E672025733A0D0A0D0A0000004C
:103D44002100000010B5044603F0BAF82046BDE88F
:103D54001040FFF7F5BE00002DE9F04F95B0044682
:103D6400C0880491002800F0C480154610AF4FF0BD
:103D740000084FF0000B04F11C00059004F12C0026
:103D840002900020039000BFA08C002840F0B38074
:103D9400D4F80CA0D4F8149050464946FCF740FBE4
:103DA400002800F0A68025B1296801442960D4F8D0
:103DB4001490A9EB000150440229E0606161C0F055
:103DC400988003F029F9012820831FD01C2861D191
:103DD40060691021192821625DD9E6683089B0F53F
:103DE400805F75D106F10A0110223846FCF77AF992
:103DF400049828B10A2102983A4602F030FF039051
:103E0400059801211491016020E000BF606904213C
:103E14000E2821623FD3E668D6F80A10E9B3308948
:103E2400B0F5806F54D1059904980028D6F80A009B
:103E34000860084606D002210298059A02F00FFF96
:103E4400039005980068109000201490039860B1C6
:103E5400049908680028084618BFD4F8300103996B
:103E6400016001F11C00C4F83001A06A50B172680D
:103E740000230020009002983946FCF7DCFEA08C59
:103E84000130A084208B1C2816D10A20282339460F
:103E940015E000BF60690A2824D3E1680A3860612C
:103EA4000A890A31E16012BAB0EB124F21D3120C25
:103EB400801A1144E16014E002202823059906AA1F
:103EC400FCF72CFFBBF1000F04BF0598D0F800B03D
:103ED400E068216A62690844511A0A30E060A1F17D
:103EE4000A006061E08808F101088045FFF44CAFE6
:103EF40001E04FF0000B584615B0BDE8F08F00000C
:103F040000A07047454B2D52413844310000000059
:103F14002DE9F04F85B048F6943843F61477C2F291
:103F2400002840F26E0B40F2640A4BF61079D8F880
:103F34000000C2F20127C2F2002BC2F2002AC2F230
:103F4400002968B144F65440C2F2012090E80E0002
:103F5400C068CBF80020CAF80030C9F80000396006
:103F64004BF2A3010020C0F20021FEF7A3FA4BF2AA
:103F74005E110020C0F20021FEF79CFA40F26800B6
:103F8400C2F2002081780579C47846790278CDE9B7
:103F9400001443784BF29F11C0F200210020CDE9B8
:103FA4000256FEF787FAD8F8000024A124A20028BC
:103FB40051EA02824BF23411C0F200210020FEF7D4
:103FC40079FA3A784BF201117B78C0F20021BE787D
:103FD4000020FF78CDE90067FEF76CFA9BF800201B
:103FE4004BF2CE019BF80130C0F200219BF8027025
:103FF40000209BF80360CDE90076FEF75BFA9AF89F
:10400400002010A19AF8013000209AF802709AF862
:104014000360CDE90076FEF74DFA99F8002016A169
:1040240099F80130002099F8027099F80360CDE9FD
:104034000076FEF73FFA05B0BDE8F08F4E6F000042
:10404400596573000944656661756C742047617431
:1040540065776179202E202E202E202E202E202ED2
:10406400202E202E202E203A2025642E25642E2555
:10407400642E25640D0A000009444E5320536572D2
:1040840076657273202E202E202E202E202E202E98
:10409400202E202E202E202E202E203A2025642E65
:1040A40025642E25642E25640D0A000080B582B097
:1040B40040F240000AA1C2F2002002680020FEF78C
:1040C400F9F94BF6A4500EA1C2F2002090E80C10AE
:1040D4000020CDF800C0FEF7EDF902B080BD00BFAE
:1040E4000D0A200D0A50696E672053746174697358
:1040F4007469637320666F72202573203A0D0A0079
:104104000D0A5061636B6574733A2053656E7420B5
:10411400203D20253032642C205265636569766524
:1041240064203D20253032642C204C6F7374203D74
:104134002025303264200D0A000000002DE9F043F0
:1041440081B045F224124BF68063C2F201224BF691
:104154007864C2F20023C2F2002415684BF6A4620C
:10416400C2F20022D3F8008006460F46D2F800902F
:104174002268101D03F0A1F8701C16D1AFB145F2EE
:10418400E400C2F20120D0E90012236801319A60F0
:1041940093682768FB60276804375F6023680433EB
:1041A400936022680160506117E02068AD19456092
:1041B400206800F1040105D3484601B0BDE8F0438E
:1041C40003F01CBE404603F019FE45F25800C2F24B
:1041D400012001688D4238BF056001B0BDE8F0835D
:1041E4002DE9F04381B0044603F055FE43F62870F0
:1041F4004BF67867C2F20120C2F2002745F2D009DB
:104204000168C2F2012901310160396851B1D9F85C
:104214000000002842D13868E16AC06A884298BF29
:104224003C603BE03C600068012837D14BF6AC654C
:104234000526C2F2002500BF284603F0D0FD013E4A
:1042440005F11405F8D144F60048C2F201284046AD
:1042540003F0C5FD44F61445C2F20125284603F0D7
:10426400BEFD45F26C00C2F2012003F0B8FD45F238
:104274001010C2F2012003F0B2FD45F2E400C2F2D4
:10428400012003F0ACFD4BF680604BF6A461C2F252
:104294000020C2F20021C0F800800D6043F638709F
:1042A400261DC2F2012001680131016043F63C7110
:1042B400E06AC2F201210A68904288BF086000EBFC
:1042C40080004BF6AC61C2F2002101EB8002626116
:1042D400536851F82020013241F820209D68C4E938
:1042E40002359E606E6003F0F5FDD9F8000078B1E8
:1042F4003868E16AC06A88420AD24EF604504FF028
:104304008051CEF200000160BFF34F8FBFF36F8F77
:1043140001B0BDE8F083F0B581B00446808A6FF047
:10432400C002104204D1A07B503810F10B0F02D20E
:10433400002001B0F0BDD4F81A70D4F81E600D4608
:1043440039BA30BAB0F1FE4FB8BFB1F1FE4F26DB37
:10435400B1F1FE4F5FEAAF91B0F1FE4F5FEABF905B
:104364004840E5D0A96A2229E2D3686A827BA2F197
:104374005003DBB2F52BDBD392000E2757FA82F3FE
:104384009942D5D3038A1BBA07EB1347B942CFD35B
:10439400C77D112F38D0062F32D1222735E0304681
:1043A400FCF7FEF860B9300EFE2809D806F0F000DC
:1043B400E0284FF00000BCD1390EFE2903D9B8E73C
:1043C400380EFE28B4D84BF232200622C0F2002068
:1043D4002146FBF7E4FE10B9B6F17F4FA8D34BF2A8
:1043E4003220A11DC0F200200622FBF7D8FE0028CF
:1043F4004FF000009DD007F0F001E029B2D198E71A
:10440400013F012F3FF694AF1627D2B21744B942A9
:10441400FFF48EAF190C40F2DC53891A9A1A08295A
:104424005FEA2F9391425FEA9F9119437FF480AF33
:10443400E17D112904D1008D00285FEA0F9078E70F
:10444400012076E770B582B003F025FD45F2281609
:10445400C2F20126306850BB44F68824C2F201241B
:10446400204603F0BCFC44F69C25C2F201252846F4
:1044740003F0B5FC4BF67C604BF6A861C2F2002059
:10448400C2F200214BF6B0524BF6286304600D6073
:10449400C2F20022C2F200230A200C21002500955A
:1044A40004F054FF306010B103A103F083FE02B0A6
:1044B400BDE8704003F00EBD546D72510000000061
:1044C400F0B581B0D0E9095204463C20AE7B00EA45
:1044D400860000F10E03A0F11407E91805F122008B
:1044E400D21AFBF7FFFD288AA16AC91BA16200BA90
:1044F400C7EB1040010241EA102006F0F0012882C7
:1045040001200531A97301B0F0BD000040F23C0167
:104514008246C2F2002140F6A17841F2883940F681
:10452400A1740E6871680F68C86904F0A4F9B968C9
:10453400386889698847844202D1254609E000BF6A
:10454400054630B14D4518BF4545F6D15046FCF7F8
:10455400B2F971682C46E7E770B5044608460D4683
:1045640002F09AFE696A01448A7E512A01D201202E
:1045740070BD00F12203AE6A01209E42F8D93C25A9
:10458400F31A05EA9202143AD5B2AB42F0D3002AE8
:10459400EED001F1220600BF3178012934D0002980
:1045A400E5D0012D34D0022928D1042D30D37078E0
:1045B40004282DD1B01C02F02FFDB4F8661000B908
:1045C40031BBB0F5067F98BF4FF40670814212D913
:1045D400D4F8081194F85C20A4F86201A4F86001EE
:1045E400B1FBF0F142F0010284F85C204143A4F8ED
:1045F4006600C4F80811042106E000BF71780020A9
:10460400022928BF8D42B3D36D1A0E44C4D1AEE73C
:10461400002070BD2DE9F04188460546446A02F049
:104624003BFE2618284602F037FEB17E3C22D5E92F
:1046340009344FF0000C02EA91011A180A440E32B0
:10464400C8F800206B6AA4F10E0500249F89082F86
:1046540002D11B8A1BBA1C0CA54255EAB483084438
:10466400F17E181A50EACC8588060AD5308C00BA37
:10467400010C02EB1040C8F800002846FCF7E4FBEC
:104684002D1A2846BDE8F081F0B581B043F62C75AB
:10469400C2F201252868E8B145F2101643F62877DE
:1046A400C2F20126C2F2012703F0F5FBF068C468E8
:1046B400201D02F002FE386801383860286801388D
:1046C400286003F007FC204600F069F9286808B167
:1046D4002FF017C001B0F0BD10B5D2F810C0BCF86F
:1046E40010309CF80E4093FA83FE3C2303EA8403C3
:1046F4000024B3EB1E4FC2E9004304D941F2342035
:104704009081032010BD212904D841F234209081E6
:10471400042010BD03F10E04A14204D241F234205E
:104724009081052010BD4FEA1E4EA2F818E00EF14C
:104734000E04A14204D241F234209081062010BD1F
:1047440018449CF817100E305061AEEB03005083F0
:104754000020917310BDD0F88410D9B1B0B544F6DF
:10476400E0250446C2F201252868814210D144F6AE
:10477400DC21C2F201210A68012A09DB013A0A603C
:1047840003D103F0A9FE002028600020C4F88400AF
:10479400BDE8B040704770B5866B036C04462BB31C
:1047A4001546B2B1E0681A46FBF79CFC2168E26842
:1047B400206C121AE2608A4203D24042A168084483
:1047C400E060022D5FEA1F90002E5FEA0080361A37
:1047D4000CE060681A46FBF785FCD4E90101226C01
:1047E40010446060884201D320686060701CA0633C
:1047F40070BDF0B589B044F6E0260446C2F2012645
:1048040000200290316869B1D4F8840088424CD009
:1048140044F6DC20C4F88410C2F20120026801329C
:10482400026042E0022002211122FCF73DFD3060CB
:1048340005F033F8012800D000BE306805F02DF8EB
:1048440001282ED102AD3068002100222B46042716
:104854000097FCF73DFC3068002101222B460097AD
:104864000127FCF735FC03AD1421281DFBF761FC7F
:1048740040F218201822C4F200400390306800234C
:10488400294603F091FD44F6DC210028C2F20121FF
:104894003068C4F884000F6007D02046FFF75BFF40
:1048A40003E000203060C4F8840009B0F0BD2DE9B5
:1048B400F04F83B01D461646029180461468FFF7F8
:1048C4001FFB074620B13846FBF754FC824601E043
:1048D4004FF0000A0AF1020B002104EB0B004FF029
:1048E400000900F58D7002F049F9002853D0446A9C
:1048F4004020ED21CDF8048004F8060C04F12D00CD
:10490400FBF717FCA14640F2011048F2632229F894
:104914002A0F062084F82C00A86FE96D00285FEAAE
:104924000F90C6F2533209BAC4F82E10C4F81621F7
:10493400C001A086029955F8380FC4F84600A8882B
:10494400A4F84A0004F58D703268FBF7CBFB30689D
:1049540048444FF00C01804680F8F0A008F8EF1F9F
:1049640027B1F13039465246FBF7BCFBFF2008F86B
:104974000B003068019958443060A888A4F82401D9
:104984002868C4F820014FF0FF3088604FF4864057
:10499400488002204870484603B0BDE8F08F10B547
:1049A400044690F85D0002280BD0012803D038B9E2
:1049B400206B03F0A3FA2046BDE8104003F09EBA32
:1049C40000BE10BD86B040F23C0704464FF0FF35F0
:1049D4000DF10808C2F2002703AE4FF0010B0DF1F0
:1049E400100A0020029000BF002000210F2243463D
:1049F400009505F04FF99DF808004007F4D5386894
:104A040000214068D0F80090D9F80400C06A0390EF
:104A140040F2EA5002F0B2F8D8B30546D9F80810CB
:104A2400D9F8000032468B68696A984730B1B0F50E
:104A34007A6F4FF00000039001D027E00398C5E996
:104A44000A04696A2046FBF705FF2863F0B1686A27
:104A5400FEF72FFC012819D100215046CDE904B5F9
:104A640004F0CFFE012811D1386800214068D0F845
:104A74000090D9F80400C06A039040F2EA5002F0B2
:104A84007DF8054628B12FF037C800BF284603F04B
:104A9400F8FB4FF0FF35A7E7B0B5054608460C46CE
:104AA40002F0FAFB142805D128462146BDE8B0409F
:104AB40000F002B80020B0BD2DE9F04381B00746F4
:104AC40000284FF000006BD00C46002968D0206B02
:104AD400002864D0666A0168D6F81E0088425ED158
:104AE400398F738CD6F81A2002F01DFA002856D09C
:104AF400804697F85C005FEA007912D4B7F86A0040
:104B0400B7F86810814208D2022001210622FCF77E
:104B1400CBFB05460130012845D8204601F009FDAC
:104B24003DE040F0040087F85C007F673D46204686
:104B3400676A02F0B1FB297A226B38442A6401F0D7
:104B4400FE012972718C09BA090CA5F85810D6F81F
:104B54001A10C5F8308109BAA964D0F8120000BA55
:104B6400C5F81401284600F024FE284600F04AFF48
:104B740001280ED10321284603F05CFDD4E9091273
:104B840005F19E00562A28BF5622FBF7ABFA2846A9
:104B940006E0B9F1000F02D4284603F09DFC002082
:104BA40001B0BDE8F0832846394601F0ECFC00284A
:104BB4004FF0000018BF002DF2D0B8E78AB01E20D5
:104BC40003F054F94BF6A060C2F20020046800BF61
:104BD40024B12046FBF76FFE646AF9E7642003F012
:104BE40005FE00204FF0000B03F0B2F8FCF72FF89D
:104BF40044F6444045F24007C2F2012045F23C0924
:104C0400C2F2012708AC4FF0FF38C2F2012901219A
:104C1400017000BF02F0ECFD03F0ECFF02463868BF
:104C2400214604F09BFC78B108980B280ED8DFE8E5
:104C340000F0063F2C5D0D60344D510D68640998F9
:104C440000F05AFC02E000BFCDF82080D9F8000043
:104C540008B92FF021C8C9F800B0FBF71EFD08B948
:104C64002FF029C0054600BF287F800706D52846B7
:104C740000F042FC287F00F0FD0028772846FBF76F
:104C840057FE05460028EFD1C4E70999C86A0028F1
:104C9400DCD0C36801229847D8E7099991F840000D
:104CA40000F00A000228D1D1002002F023FECDE753
:104CB400099E002ECAD0F06A20B1306B10B1B06AE0
:104CC4000E2843D2304603F0DCFABFE7012003F09C
:104CD40064F8BBE7099D284604F0E4FD0028B5D03C
:104CE400286840F00400286028462CE002F0DAFB33
:104CF400ACE7099803F0C7F9A8E7099803F0ECFBBF
:104D0400A4E7099E307AC0074FF018008DF8080018
:104D140007D1B06A02218DF80910C6F828B000BA8C
:104D24000490308F1822002302A9A6F838B000BAE4
:104D3400000CADF80A00304603F036FB306840F052
:104D440010003060304603F048FC7FE7756AA9899B
:104D5400082918D04DF68652914214D0B1F5C16F8E
:104D6400B0D12A28AED33046FEF7D5F90346042B3A
:104D74004CD0032B3FF46AAF022BA3D10121304660
:104D840003F0ABFA62E722289CD308299AD1A97BC5
:104D94003C2202EA810ABAF1140F93D30E3850452B
:104DA400FFF490AFE87D3146019028465246FFF764
:104DB400B2FA0346706AA97B012B00F8061CD6D10F
:104DC400BAF1150F4FF0010109D3A889082806D1BB
:104DD4003046FFF775FB014600283FF473AF019A94
:104DE400112A0CD1042911D0112A3DD0062A32D01F
:104DF400012A7FF467AF3046FCF738FBB6E730464C
:104E04008A4603F050FF019A012818D1A88908287E
:104E140008D04DF6865188423FF454AFB0F5C16FC7
:104E24007FF450AF4BF67461C2F200210868002889
:104E34007FF448AFC8200E6002F0BDFF06E7A889E2
:104E440051460828CED1A81DD5F81A1002F05EFCF0
:104E5400019A5146C6E730468A4604F033F9534670
:104E640001283FF4F3AE82E7D6F824C04DF686500D
:104E74002A21BCF82630BCF80C2082421BBA08BF99
:104E84003E21082A4FEA1342CDF808B00AD1BCF8F3
:104E940010306FF013001BBA00EB1343934201D29E
:104EA400002364E7B06A0023884228BF082AFFF47D
:104EB4005EAF083A431A934201D91144B162BCF877
:104EC40022103046B18602AADCF81A107161BCF8CF
:104ED400241004F0D5F9012801D1032347E70298EF
:104EE40001285FEA1F90830041E770B5017804460A
:104EF400C8070FD0880704F1040509D404F10C0194
:104F0400284604F092FD217810B141F0020121708D
:104F1400880701D4002070BD2846266903F0A4FD4B
:104F240020780122E660002E00F0FC014FF0010021
:104F340008BF03221144217070BD0000FFF7A4FBD9
:104F440002F03DFCFAE700002DE9F04381B00A9F2E
:104F5400054698463E6B089C06EB8200A0F10400CF
:104F640020F0070671B107F134000F2211F8013B5C
:104F740000F8013B1BB1002AA2F10102F6D1002086
:104F840087F84300052CDDF8249000D300BE042CE0
:104F940007F1040028BF0424FC6202F02BFF07F190
:104FA400180002F027FFC4F10500B861396B3046E0
:104FB4002A4643463F617F6201F084FEB9F1000F47
:104FC400386018BFC9F8007001B0BDE8F0838C46A2
:104FD40001469445006141F804CF08D94BF67C6042
:104FE4009A42C2F200200AD29C450ED207E08069A0
:104FF400D21A824209D24BF6A860C2F2002080B5D0
:10500400006802F0FBFE002080BD01207047000014
:10501400000000002DE9F04F81B02DED048B98B015
:10502400002800F0358104460F46FBF7A3F8013051
:10503400FE2800F22D812046FBF716FE064610904E
:105044003FB136B110AA0221204601F008FE109E9D
:105054003860002E40F01D81022120463A46FCF7BC
:10506400EBF90646002840F014810DF14008404653
:1050740003F0B2FD002800F00B814FF4FA70109D8C
:10508400FBF7C7F800284FF0000600F002818146C4
:10509400A8B2069087A008F1040A4FF0000890ED2A
:1050A400009F02972E212046CDE90866FBF758F8A9
:1050B400074614215046FBF73CF84FF45450ADF822
:1050C40042004FB338467FA1FBF75BF820B30020C2
:1050D400FBF7D0FA00B3834640F27C00C2F2002012
:1050E4000068012810D19BF8400000070CD49BF8FD
:1050F4001800022800D300BE0BF10C0757F820500B
:10510400681E10F1020F0DD300205946FBF7F2FB85
:10511400834608B12FF021C008F10108B8F1050F4A
:10512400C0D1BDE0B9F83800129500284FF40670DC
:10513400ADF8400056D02046FBF71CF83C30002167
:1051440001F01CFD0028E7D0416ACDE904A901F172
:105154002A0901900791CDF85890402001F8060CD7
:105164000C22484659A14FF00C0AFAF7BBFFDDE9BF
:105174000601488501F1370003902046FAF7FAFF4B
:10518400421C03982146FAF7DFFFDDF81CE00EF11C
:105194002B0C00BF52460CEB0A014FF0FF3300BF4B
:1051A40011F8010B0AF1010A01332E2818BF002857
:1051B400F6D109F8023011F8010C08B12FF017C02C
:1051C400E02081ED008FCFF6004085420AF1050012
:1051D40017900ED0E020CFF60030854208BFAEF81D
:1051E4002C6008E000214846FAF7FCFF002893D120
:1051F400A1E7AEF82C60DDF8149010A9484616AA71
:10520400FBF7FBF8DDF810A0D8B348460AA908AAB2
:10521400FBF7E3F801460B305FEA0F9000295FEAE1
:105224000F92104213D19DF8410002280FD19BF830
:1052340018000246531CDBB2012B56EA8292D3B209
:1052440057F823500DB99842F4D18BF818200898D8
:1052540000283FF461AF012917DB0991069B0288FE
:105264009A4212D1BDF82A2001230092029AFAF739
:10527400F3FF07460898FBF706FC002F3FF44CAFFA
:1052840013E0019802F0FDFF46E7FBF7FCFB43E760
:105294000026304618B0BDEC048B01B0BDE8F08F99
:1052A40000264846FAF7B3FFF3E73E46F9E700BFA6
:1052B40000BF00BF0000000001000000000000006B
:1052C400010000002E6C6F63616C0000000001009F
:1052D40000010000000000002DE9F04F87B00D46EA
:1052E4008046D1F8840006A9002201230027CDE9D5
:1052F4000077FBF7B5FD012832DB0646F028069C53
:1053040003D24FF0000744BB2AE048F26321D4F8EB
:10531400EC00C6F2533188421ED1207802281BD1FA
:105324006078012818D1A078062815D120690027B3
:10533400010EFE2911D800F07F007F280DD0E86D02
:10534400616800BA814208D104F11C0005F13801FA
:105354000622FAF724FF38B100272046FBF793FB17
:10536400384607B0BDE8F08FB6F1F00B4FF00007F8
:10537400F3D004F1F00905F10C02002100235FFAD7
:1053840088F0059004F1F200049019F803E0BEF1EE
:10539400000F13D0BEF1FF0F00F08780581C584552
:1053A4003EBF19F800603044584580F07E80042EDA
:1053B40003F1020A04D359F80AC003E0013364E09C
:1053C4004FF0000CDA4570D2BEF1320F2CDCBEF186
:1053D400010F3BD0BEF1030F46D0BEF1060F51D1F1
:1053E400042E4FD3B0084FF0020E0391022838BFA9
:1053F4004FEA960E94460498C218002352F8040B00
:10540400411C022902D34CF8230001330FF00BC0D6
:10541400012B624605D8002B42F823704FF001039C
:10542400F9D003992F762DE0BEF1330F13D0BEF1DE
:10543400360F1ED0BEF1350F24D1104619F80A20BC
:10544400059B9A422AD1013102461BE0042E19D150
:10545400C5F804C017E0042E14D19CFA8CF0642320
:1054640040085843E8660EE0042E0BD3C5F808C084
:1054740008E0042E06D1B8F1020F0AD10131C5F8B3
:1054840068C000E08EB10AEB06035B45FFF47DAF14
:105494000BE0A86E604551EA1191F4E7B8F1050FED
:1054A40008BF062A01D10020E8670229FFF429AFCA
:1054B40020692866012750E770B54BF67C620646E2
:1054C400C2F200220D461268D268D468201D01F091
:1054D400F4FE94F82400410704D400F0FA0084F8A0
:1054E400240004E0204631462A4600F05FF8216A91
:1054F4002046BDE87040084770B5044600B900BEB8
:10550400A06800B900BE002002F02FFC2046FBF783
:10551400B1F8C8B1054600BF95F8400000F0EF00AF
:1055240085F840002846FAF7C7FF95F84000800741
:1055340002D5284602F08DFB20462946FBF7DAF90E
:10554400054608B12FF019C0A168204688470128F4
:1055540027D1207F40F0010020772046FBF78AF80E
:10556400F0B1054695F8400081070DD4000707D433
:1055740005F11C0E6E6BAE619EE80F5085E80F506E
:10558400284602F0D8FB03E00120294602F0B2F9D4
:1055940020462946FBF7AEF9054608B12FF01FC097
:1055A40070BD0020BDE8704002F0EBBE70B504464B
:1055B400806915460E460144204600BF3346FFF776
:1055C40006FD48B1A069216A064420468847A069BF
:1055D4002A4681192046F1E770BD0000F0B581B07C
:1055E400044604F0D3FB4BF670660546C2F200266F
:1055F400316888420ED24BF67C67C2F2002700BFA6
:105604003868016841B1C0684FF0FF310068FFF7A6
:1056140053FFF5E7002007E04BF6A861C2F2002132
:105624000A68086001203A6020603560284601B0AD
:10563400F0BDF0B589B003AC0646182002901821DD
:105644002046FAF776FD4AF6E83102AAC0F20021B4
:1056540020463346FFF72BF90546D6F8840004F0BC
:105664001CF94FF0000735B3012824D1706E18B12E
:10567400C5F8FE0002990CE0029F122F00D800BE6C
:10568400A7F1120205F5817105F1FC00FAF72AFD74
:10569400B91FD6F8840001F1F00218210123066431
:1056A4000127CDE900412946FBF763FC18B92846D8
:1056B400FBF7E9F90027384609B0F0BDF0B589B029
:1056C40003AC06461920029018212046FAF731FD52
:1056D4004AF6004102AAC0F2002120463346FFF7F1
:1056E400E6F80546D6F8840004F0D7F84FF0000732
:1056F400D5B1012818D1306EC5F8FE00B06EC5F8DA
:105704000401D6F88400029901F1F002182106641C
:105714000123CDE9004129460127FBF72AFC18B9EA
:105724002846FBF7B0F90027384609B0F0BD70B53C
:10573400054608681C460E4601F0AEFD4CB13168C2
:1057440055EA010000D100BE00232846224600F09D
:1057540026FD204670BDB0B5044608464D6A01F0EA
:105764009BFD226F94F84011052A16D394F85C200F
:10577400D30712D0284402F0FE0184F85C1040F2F2
:105784000241418494F8671080F8241094F866105C
:1057940080F825106021817604210846B0BDB0F858
:1057A400662040F2024088820420130A8B75CA7571
:1057B4007047017AC90718BF7047AFF3008010B56E
:1057C4000446006C68B1A16CD0E9000209BA4840F3
:1057D400104206D04FF4AF6040F2B451FBF73CFBEB
:1057E40001E040F2B450A4F8660010BD2DE9F04386
:1057F40083B0054610461E4614460F4601F04CFD84
:105804009EB1296F042910D3616A05F58278084492
:105814000022D0F81210D5F89400029291FA81F97E
:1058240038B101F020FE034605E0002085F8400170
:105834001BE0D5F88C3002A8009040464946324619
:10584400FEF7F4F8002809D401460298361A3A18EB
:1058540028463346FEF7ACF8B04201D1002004E0FC
:10586400204600F066FE4FF0FF3003B0BDE8F08341
:1058740010B50446D0F8980001F0FEFD0128B8BF29
:1058840010BDD4F89830014604F582705A681B693B
:10589400FEF7E0F8012806DB0146D4F89800BDE8DD
:1058A400104002F0AFBE10BDF0B581B04BF2382706
:1058B4001E46C0F200270C4605463F68002F1746D7
:1058C40004D0BCB1B81900F122070DE0284601F05C
:1058D400ECFCB91901F122073E18562E98BF562642
:1058E40054B1A06AB04207D3284601F0DEFC384424
:1058F400A0621AE040F2F2560021304601F03EF96F
:1059040058B107468662406A4CB1D4E90912FAF7E5
:10591400E9FB204602F0B5FC06E0002405E005F1B1
:105924009E015622FAF7DEFB3C46204601B0F0BD4C
:10593400F0B581B00D46044661B3B4F86630D4F8CE
:105944008C0050211422984209D3B0FBF3F3042BAA
:105954009FBF24A101EBC30151F8082C6421D4F8A2
:1059640084304BB9424348F21F53C5F2EB13A2FBF8
:1059740003235A09C4F88420D4F8882062B9414327
:1059840048F21F52C5F2EB12A1FB02125109C4F8EE
:10599400881001E0D4F8900020F0030707F1180004
:1059A40000F076FF064660B107F104004FF00001F5
:1059B400C6E90011B160C6E903106DB1C4F8946082
:1059C4000CE094F85E00082140F0040084F85E00C6
:1059D400204602F02FFE01E0C4F89860304601B082
:1059E400F0BD00BF000000006400000032000000B1
:1059F40064000000220000006400000019000000A0
:105A04006400000080B582B0D0E93F1240F2B45384
:105A140000F5827C59435A43B0F866E0D0F814315B
:105A2400D0F83001CDE9000E604603F0C3FF02B0A8
:105A340080BDB0B5044608464D6A01F02DFC05440E
:105A4400E87ED5F81630C00704D0D4F81801013028
:105A5400C4F8140194F85D00810608D4D4F8242114
:105A640040F02000C4F8282184F85D000AE0D4F84E
:105A740028211BBA511C8B4204D140F0800084F8C9
:105A84005D0009E041B2B1F1FF3F04DDC4F8242117
:105A94000A2111200FE0511C4006C4F8241104D43B
:105AA4000020E876C4F830111AE094F85E00102162
:105AB40021EA00100821E876204602F0BBFDE87ECA
:105AC4000028D4F82401C4F8300108D0204601F09D
:105AD400ECFB94F8401108441430C0B200E00020FC
:105AE40094F84011502202EB8101A976B0BD000068
:105AF4002DE9F04F83B08B460968054608464C6A89
:105B040001F0CAFB044402A9D4F81200E77E90FA1B
:105B140080F9DBF80000FEF77DFD296F8246052938
:105B24000BD309F10100D5F81411814205D195F880
:105B34005D0040F0010085F85D000AEB0906D5F828
:105B44001C01301A534601282846A8BFC5F81C6119
:105B54000299DBF80020FFF749FE00283CD4DBF86B
:105B640000102846FFF7F7FD296F8046042907D166
:105B740007F01F00022803D10321284602F05AFD32
:105B8400F80711D095F85D0041060DD48106C5F8DB
:105B9400186140F0400085F85D0005D495F85E007A
:105BA40040F0010085F85E00286F002702380828BD
:105BB40000F23B81DFE810F0130082001300540070
:105BC40009000900390139010900DBF800102846F1
:105BD400FFF72FFF07461FE14FF0FF3725E1DBF802
:105BE4000000446A284601F060FB0444286F102337
:105BF4000228E17ED4F8122008BF122301F0170115
:105C040017BA8B4240D1B5F8581002282A8FA5F84C
:105C14005E11A5F85C2140F0BB80284605F582762C
:105C240001F043FB2844102180F8B910E176B5F85F
:105C34006630D5F830213046394602F0ECFDD5F80F
:105C44002411D5F83821781CC5F81C01C5F81401B5
:105C5400286F0131C5F82411511CC5F83811BEE074
:105C6400DBF80000446A284601F01FFB2618B08BBD
:105C7400F47ED6F81220E10600BA4FEA1040C5F8C7
:105C8400F8003FD40027D0E00821284602F0D2FCD7
:105C9400D4F81600E17EC5F8147100BAC5F83001D5
:105CA40041F00400E076284601F0FFFA404400F198
:105CB4001407502000EB8800A076ADE004F10E013B
:105CC4002846FFF76CFD80461220E076284601F056
:105CD400ECFA4044042100F11407502000EB880042
:105CE400A076284602F0A6FCD5F8201109F101009F
:105CF400C5F81C01C5F81401481CC5F83801C5F8DD
:105D0400240189E0D6F8160005F58279019201BADA
:105D1400484601F02CF9D5F8983083B1074670B1A4
:105D2400002100220020009018463B4601F04AFB67
:105D340018B1286840F002002860D5F8983013B1F3
:105D44002846FFF795FD95F85D0004F0010200F088
:105D540010018918D5F82411C5F8301121D1BAF1F0
:105D6400000F4FF01000F07663D0284601F09DFA42
:105D74005021404401EB8801B17695F85D1000F1A3
:105D84001407890656D5D5F82801C5F8240151E031
:105D9400BAF1000F21D0D5F820010130C5F8300147
:105DA4002AE0810614D40198D5F8141100BA50449D
:105DB400441A484603F00AFE0746484603F00CFE20
:105DC400002F43D0002841D0012CC8DC95F85D0099
:105DD40040F0100085F85D00F7E6C5F81471D5F8B9
:105DE4002011BAF1000F01F10101C5F8301103D1FE
:105DF400022801D000270BE01020E076284601F0AD
:105E040054FA404400F11407502000EB8800A076B7
:105E14000521284602F00EFC012F06DB28465946D0
:105E240052463B46FFF783FC0746384603B0BDE8BD
:105E3400F08F0027B8F1000FEED100222846594612
:105E440000F0BBF8002850EAC787E5E7012C3FF7CC
:105E540086AFD5F818010130C5F814017FE710B5F5
:105E640082B00446006F022844F62060019005D1F8
:105E740094F85D00000717D432202BE0B4F86400D6
:105E840050BB04F58270D4F8F81001AA03F0A9FD00
:105E94000199E9B109291CD94CF6CD40CCF6CC4086
:105EA400A1FB0001C80815E094F86C0002280CD886
:105EB40078B140F2DC5101FA00F046F26761C6F2B3
:105EC4006661A0FB0101880804E040F24C4001E057
:105ED40028B10120A4F8640080B202B010BD4FF4D0
:105EE400FA60F7E770B584B00446806C04F14002B0
:105EF4000DF1060100BA039003A8FDF783F8012809
:105F04004FD1218FB4F85830A06AA26C01F00BF87D
:105F140000284FF000054DD094F85D10064604F1BA
:105F24009E0084F86C5041F0080184F85D105621FD
:105F3400FAF7FFF8B4F85820BDF80A00238FA4F844
:105F4400A800DDF80600C4F8A4000820A4F8AA00FC
:105F5400452084F8AC004FF45050A4F8AE004FF440
:105F6400D060A4F8B40010BAA16C000CA4F8C0006E
:105F740018BAC4F81451000CA4F8C2004FF41470F9
:105F8400A4F8CC00204609BAC4F8B810C4F83061AB
:105F9400FFF70FFC2046FFF735FD01285FEA1F9548
:105FA40008E094F86C00013084F86C000398FAF768
:105FB400C4FC0025284604B070BD2DE9F04782B02A
:105FC4000D460968044600290CBF04F19E064E6A7A
:105FD4002046904601F069F930440026019600F10C
:105FE4000E07C17E04F5827941F01001C176D4F820
:105FF4009810002956D0B4F86600022852D3D4F879
:10600400F81001AA484600F0C1FF0646012846DB05
:106014002968204632464346FFF746FC00286CD0E8
:106024002860456A204601F040F905EB000A204645
:106034000AF10E0701F039F9284400EB0801D4F8FD
:10604400980001F122050168019A01F0ACF90146BA
:10605400D4F89800012200922A46334601F0B2F99E
:1060640094F85C1049061DD50546D4F898000199AA
:10607400826801F098F9A84214D19AF81B0040F004
:1060840001008AF81B0094F85D10D4F83001304404
:10609400C4F8280141F0200084F85D0002E0002EDD
:1060A4004DD40026206F05282AD194F85C00800680
:1060B4001BD5484603F090FCB8B194F85C00062167
:1060C40000F0DF0084F85C00787B40F00100787316
:1060D40094F85D0040F0210084F85D00D4F82401B8
:1060E400C4F82801204602F0A5FA94F878000428A0
:1060F4000DD30821204602F09DFA4FF0FF361EE032
:1061040036B994F85D0080071DD0012001E0E6B1A6
:106114000020797B502303EB88033B7301F0E702F3
:1061240041F018010028204618BF02F110017973CC
:1061340001F0BBF808EB0601084400F114063046F0
:1061440002B0BDE8F0870026F9E794F85D00C007C7
:10615400D7D103F01BFE94F878104FF496720029FF
:10616400E16F08BF42F6E062401A9042C9D903F0D9
:106174000DFE94F85D10E06794F8780041F0020198
:1061840084F85D10FA21A4F86410013084F87800D2
:10619400B7E750EA010C00D100BEAFF300802DE94F
:1061A400F04F93B0924605464FF00000019071B154
:1061B4000F460C46009357F8300FA7F1080857F81C
:1061C4000C6C06F10E0906F1220BE8B913E005ACDC
:1061D4003821204604F1300704F12808F9F7A9FF13
:1061E40005F19E060E9656200F9005F1AC0905F1B7
:1061F400C00B0020009014222846214600F0D9F854
:10620400206B002800F092809DB11422284621467C
:1062140000F095F8142228462146534600F0D9F898
:10622400A86C396800BAC6F81E000868C6F81A00D7
:106234000FE0D6F81A00D6F81E10D6F82620D6F8A5
:106244002A30C6F82630C6F82A20C6F81E00C6F83A
:106254001A1043F618704FEA0A22C2F20120802372
:10626400B37542EA1A22018832820BBA01311A0C40
:1062740072820180002014224946B082308300F0EB
:10628400CFFEC043D8F80010012200BA000C3083BE
:10629400304600F034FFB18CBBF80000ABF80010BE
:1062A400B0840AF10E00C8F80000D6F81E0002906F
:1062B40002A80DF10E0101AAFCF7A4FE012804D1E5
:1062C400019939600DF10E0001E0B01D396869B320
:1062D40081883546B180006830603868816B45F844
:1062E400061F808FA8803868D0F8A80018B900BEAF
:1062F4003868D0F8A800C36823B900BE3868D0F85D
:10630400A800C3682146009C22469847A4B9B18CD2
:10631400BBF80000ABF80010D6F81E10C6F81A102F
:10632400B188B08430682860A98005E0009801280D
:1063340002D1204601F0A5FF13B0BDE8F08FF0B5FF
:1063440081B00446D0F8940015464F6A18B101F0A4
:1063540030F8064601E0D4F88C60D4F808013146E0
:10636400FAF77AFD94F95C10002903D494F85E10CE
:10637400890700D50020B4F86610884250EA81826B
:106384008E4250EA32804FF6FC717A19884250EA04
:1063940031810B0243EA1121918394F85D1001F0DD
:1063A400FE0184F85D10D4F814110844206601B08D
:1063B400F0BD10B50C4608B1006C40B9142A05D1E3
:1063C400606AD0F81E00FAF721F900E0002020638B
:1063D40010BD70B5044690F85D00496A860701EB6C
:1063E400020619D4F07ED4F83011C00708BAC6F8F2
:1063F40012001CD020461D4600F057FFD4F830117F
:10640400281AD4F828210844143890420FD0F07E7A
:1064140000F0FE00F0760AE0D4F8301100F0F90044
:106424000139043084F85D0008BAC6F81200D4F8C3
:10643400140100BAC6F8160070BD10B5044600F089
:106444002BFF142805D110212046BDE8104000F090
:106454007EB8002010BDB0B582B00446006F02289B
:1064640009D194F86C00032812D30821204602F0C5
:10647400E1F800253AE00020019001A9204600F04F
:1064840039F80199054689B3084601F0FAFE2DE072
:1064940094F85D00000707D4207AC00704D1204691
:1064A400FFF720FD0128E4D1204600F0FEFE051987
:1064B400B4F8660040F20241A5F8C010010A85F85C
:1064C400C300204685F8C21000F0EFFE602185F875
:1064D400B81094F86C1000F1180500232A46481CE3
:1064E40084F86C0000212046FFF759FE284602B0CC
:1064F400B0BD00002DE9F041884606460024082579
:10650400002230464146FFF758FD01280EDBD8F83B
:106514000010074656EA010000D100BE00233046B1
:106524003A46FFF73CFE013D3C44E9D12046BDE834
:10653400F08110B5044600F0AFFE142805D11421F3
:106544002046BDE8104000F002B8002010BD84468B
:10655400406A90F82F2080F82F1091074FF05001D7
:1065640080F82E1006D5D0F8261009BA013109BAE0
:10657400C0F8261080B50020282200236146FFF7CA
:1065840008FE002080BDB0B586B00D460446D1E9B2
:106594000801C4E9080195F83A0084F83A0069460C
:1065A400D5F88C00C4F88C00D5F89000C4F890009D
:1065B400D5F88400C4F88400D5F88800C4F88800AD
:1065C400D5F8FC00C4F8FC00D5F80001C4F80001BB
:1065D4002846FAF780F894F85C00656740F00400F8
:1065E40084F85C00B5F86800696F00F10100A5F853
:1065F400680001B96C676946182201232046012509
:1066040001F0D2FE18B1204601F066FF00252846AD
:1066140006B0B0BD0B2803D802A151F82000704782
:10662400012070470000000001000000010000008C
:106634000100000001000000010000000100000052
:106644000000000000000000000000000100000045
:1066540000000000B0B50446006F092808D280B2DB
:1066640040F2231121FA00F0C00701D0002513E005
:1066740003F08CFBD4F8801040F6B932401A01259F
:10668400904209D30821204601F0D4FF94F85C001D
:1066940010F0040F55EA05B52846B0BD00BE00BF92
:1066A400FEE7000084B04BF67C6845F22815C2F280
:1066B400002801ACC2F201254FF0000BEA4600BFEE
:1066C400D8F80000D0F80090B9F1000F02D0C068EB
:1066D400066800E0002602F029FA2046FEF77EFF55
:1066E400019919B103F088FC2EE000BF0746B9F107
:1066F400000F08D0BE4206D803F07EFC304639466F
:10670400FEF7DAFE20E0B9F1000F01D0002208E024
:106714004BF6A860C2F200200068006800285FEA17
:106724001F922868F11B01F089FD03F065FC58B93C
:106734004EF604504FF08051CEF200000160BFF3DA
:106744004F8FBFF36F8F00BFCDF80CB0CDE901BB05
:1067540028680022214602F001FF08B92FF051C039
:1067640001980028F4D4039E706910B1301D00F024
:10677400A4FD5046FEF732FF019901390829E7D8F4
:106784000746DFE801F00505301E420505301E000E
:1067940096F82400029BB1693A4640F0010086F85D
:1067A400240019443046FEF712FC08B92FF031C01A
:1067B40096F8240041071DD400F0FA0086F824005E
:1067C4001FE096F824100298B06141F0010186F8A8
:1067D400241008B900BEB069C11930463A463B4698
:1067E400FEF7F5FBB4E796F8240000F0FE0086F807
:1067F4002400ADE70298B169014430463A46FEF7F9
:10680400D5FE316A30468847A2E796F8240081070E
:10681400EBD4304601F072FB9AE70000F0B581B08A
:10682400044601F038FB94F94560012E0EDB04F1B7
:10683400240500BF286848B1284603F069FB08B165
:1068440002F046F870B2013E0128F3DCFF2684F81A
:10685400456001F03FFB01F01EFB94F94470012FE9
:106864000EDB04F1100500BF286848B1284603F088
:106874004FFB08B102F02CF878B2013F0128F3DC99
:1068840084F8446001B0BDE8F04001F023BB00008F
:10689400B0B500F10805092D06D310F0070104D0A6
:1068A40009398D4240F2BB80002502F03FF94BF6D6
:1068B400846CC2F2002CDCF8000028B144F63C40A1
:1068C400C2F20120006828E04BF614710023C2F2E2
:1068D4000021C81D4A0701F5004218BF20F0070136
:1068E40045F2DC00C2F20120C0E9001322F00700E7
:1068F400A0F10802CCF8002040E90233501A4860A5
:10690400DCF800200A6044F6504144F63C42C2F2EE
:106914000121C2F2012208601060012D4FF0000431
:10692400C0F27680854273D845F2DC004BF61471D0
:10693400C2F20120C2F2002102688A4204D347F65F
:10694400FF700844824200D900BE5068A84213D2A6
:10695400106888B147F6FF73CC1800BF134602468F
:10696400884201D3A24200D900BE5068A84207D28F
:10697400106828B12FF00FC045F2DC03C2F20123E6
:10698400DCF80000824242D0186800F108048C420E
:1069940004D347F6FF700844844200D900BED2E90C
:1069A40000011860A94201D200BE5168481B112899
:1069B4000FD302EB050C5FEA4C7102D000BE5068A5
:1069C400401B2946CCF804001868CCF80000C3F832
:1069D40000C044F63C4544F6504CC2F20125C2F2D4
:1069E400012C2B68DCF800005B1A2B60834241F019
:1069F400004038BFCCF8003045F260030021C2F2F9
:106A04000123C2E9001018680130186000E0002476
:106A140003F0F2FA600700D000BE2046B0BD20F0BB
:106A2400070000F1100540E72DE9F04F89B08A46D0
:106A34004BF69C61C2F20021064600930F684FF0AA
:106A4400000008900190CDE90600CDE90400CDE9ED
:106A5400020056B14FB100BFD7F8A800B04206D02B
:106A6400D7F8AC70002FF7D140E0002F3ED00024BF
:106A74004DF686534FF000084FF000090020002522
:106A84004FF0000B97F840109A455FEA1F9211F0FF
:106A9400080F5FEA1F918A4218D007F138000622D6
:106AA4001299F9F77CFB00993A684DF6865309F17F
:106AB400010909688A425BEA1B9B57EA058500289D
:106AC40057EA0484384658EA189800BFD7F8AC70DF
:106AD40026B11FB1D7F8A810B142F7D10FB12FF0EA
:106AE4002FC8CDE90389CDE9074002E04FF0000B40
:106AF400002505A8042101AA0595CDF804B000BF1E
:106B040052F8043B012B05DA013900F10400F7D1F6
:106B1400002000E0006809B0BDE8F08F70B50C46B5
:106B2400054601B900BE4BF6886611A2C2F20026E2
:106B3400112130462B4603F047FB04F114001421C5
:106B4400F9F7F7FA48F66D6004F10803C0F2002083
:106B540048F6517148F64D62C0F20021C0F200229D
:106B6400C4E9006507C32046F9F792FC204670BDCE
:106B74006574682575000000FFF7D0BFF0B581B0DB
:106B84000646422898BF422610F1020F38BF02364B
:106B940016F0030207D0053A964201D9002409E011
:106BA40026F00302161D002410F1030F98BF16F1FE
:106BB4000B0F02D9204601B0F0BD16F10A05F9D435
:106BC40044F67040C2F2012000680028F2D002F0BE
:106BD4006FFD0128E2D101F05EF944F62847C2F2C4
:106BE4000127F868C468204600F067FB01F072F9D9
:106BF40043F630713868C2F201210A68824288BFC4
:106C04000860606A00B100BE002ED3D02846FFF7AA
:106C14003FFE606240B104600021606AC4E90B1168
:106C24000A30C4E90906C5E7204601F02AFBB5E7A6
:106C3400B0B50C46054602F0B1F901464FF000002C
:106C440065B159B105F10801E86800BF884204D074
:106C54000268A24202D04068F8E70020B0BD2DE9E6
:106C6400F04381B007464FF49C7091460E46FFF7FF
:106C74000FFE4FF0000800B34FF49C710446F9F77F
:106C840058FA04F13800FD22394604F12005A061C8
:106C9400F9F75AFA022E84F8358165610AD148461B
:106CA40000F04EF9616900BA886002206060042037
:106CB400206103E0204601F021F90024204601B0C0
:106CC400BDE8F083283140F8481D46F2A1614FF039
:106CD400807CC0F2002122F00102C1630264C0F88A
:106CE40044C06FF00201C0E90913704770B544F65F
:106CF400B420C2F2012000F10803C06898421DD0FC
:106D0400DDE906C589B2ACB24FF0000EC5682E8F1E
:106D14008E420FD12E6F012E02D1AE460AE000BF83
:106D2400B5F85860A64208BFBCF1000F02D1AE6CA2
:106D3400964206D040689842E8D101E04FF0000E38
:106D44000025002D5EEA058070BD48B110F8301CA6
:106D540001F0D0012031602900D000BE810701D0AC
:106D64000020704750F8340C7047000010B50446FA
:106D740002F014F900284FF0000016D044F6C821A0
:106D8400C2F2012101F10802C96891420DD000BF8D
:106D94000868A04203D049689142F9D104E0C86868
:106DA400002818BF10BD00BE002010BD70B50446F9
:106DB400FCF76CF84BF6385CEFF31081C2F2002C50
:106DC400012080F31088DCF8000038B940F6145034
:106DD4000022C4F24000027040220270DCF800007D
:106DE4000130CCF8000081F31088208818B340F6F5
:106DF400000E0021C4F2400E606800EBC10250F89E
:106E040031305268D8034FEA1220D2B20BD50EEBC0
:106E1400801555F8226026F4803645F8226023F464
:106E2400803645F822600EEB8010013140F82230A4
:106E340020888142E0D30120EFF3108180F3108891
:106E4400DCF8000020B1DCF800000138CCF80000C8
:106E5400DCF8000038B940F614500022C4F24000B7
:106E640002708022027081F3108870BD07480168A7
:106E74000A6802CA81F30B88B2E8F04F1EF0100FC3
:106E840008BFB2EC108A82F30988704778BE0022EA
:106E9400A8B1B0B54EF604544FF20005CEF200048A
:106EA400C0F21F052068284204D101200121FAF70D
:106EB400B9FBF7E762B6BFF36F8F72B6B0BD704728
:106EC400B0B54BF6D0444FF0FF31C2F20024206835
:106ED40002F0EEFB012803D02068002100F021F825
:106EE4004BF6CC40C2F20020017801B1B0BD0121C3
:106EF4000170FCF73CFD4BF61C55C2F2002500BFA7
:106F0400286801382860F1D020680021002200237D
:106F140002F084FA0128F3D02068002100F001F87F
:106F2400EEE700BE704710440844D84201D1002067
:106F3400704780B500F007F800285FEA0F9080BD25
:106F4400006800BA704710B5F9F7BAF804466FF351
:106F5400DF34F9F7B5F848F20001C3F6FF7101EA2E
:106F6400C0300444F9F7ACF844EA807010BD826C78
:106F74004AB1036A134499424FF0000104D3816477
:106F84001146036200E0002108467047F0B581B065
:106F9400846C9CB1054690F856001646C10711D082
:106FA40095F85400A96B01FA00F702F0EFFE296D81
:106FB400401A00EB80004000B84201D2002411E0E6
:106FC40095F8560095F8541040F0010085F85600E5
:106FD400481C85F8540002F0D9FE2865286CE96C39
:106FE400E8623160204601B0F0BD48F69430C2F248
:106FF4000020006878B110B5F9F77CFB44F65444DE
:10700400C2F201246060F9F757FBA060F9F74BFB6B
:10701400E060BDE810407047008800BA000C70477B
:107024002DE9F04711F0010301F0030708BF40BA4E
:107034004FF0000C3AB133B10B46013A13F8016B2F
:107044004FEA062C00E00B46013F0026012F09D829
:10705400022A07D333F8027B023A384487B28742C4
:107064005FEA0F960C2A4FF001084FF0000A21D373
:1070740022F00307B7F10C041CD00D3F4FF00009B8
:1070840008EB171EC0EA0640D3E9004600199C68C5
:1070940049F100078019DD6803F1100347EB0A0783
:1070A400001949F1000440194FEA104647EB040A5D
:1070B4000FF019C016FA80F012F00E07504408D0F1
:1070C400013F08EB570E00BF33F8024B20440FF08A
:1070D40005C8D20701D1002200E01A7842EA0C0266
:1070E400C90710444FEA104212FA80F000EB104036
:1070F40002BA18BF100C00BA000CBDE8F087F0B556
:1071040087B00E46044668461C211546F9F711F867
:10711400A089082805D04DF68651884201D000BECA
:10712400A0890828049467D16A4620463146FDF7B1
:10713400D3FA10B1BDF80C0060E09DF80E104A1EA1
:10714400022A10D3062919D0112927D1BDF81A0013
:10715400082851D30198163086424DD34FF00800C9
:1071640002908DBB2BE0BDF81A00082844D3019887
:107174001630864240D30820029015E0BDF81A006C
:10718400142839D301982230864235D30598007BE0
:10719400502831D33C2303EA9000EDE73A2944F226
:1071A40021302BD1009B4BB33DB1022A14D31129BA
:1071B4000AD006290AD110200FE0112902D105981E
:1071C400C08860B301250BE0062006E03A294FF0A1
:1071D400000505D1009818B10220059900250D522B
:1071E400BDF81A20BDF80800904205D8019840F275
:1071F400DC51091A914203D241F2342007B0F0BDA8
:107204009DF80E60771E012F04D8204400F10E0172
:1072140000200FE0009820B1BDF80C000DE0002024
:10722400ECE702F1080390190499ADF80C001A3147
:1072340080B21A46FFF7F4FEC04381B20246002929
:107244005FEA1FA108BF4FF0FF32112E52EA0080FF
:10725400002D51EA108000BA4FEA104101D00846CF
:10726400CCE7022F4FF6FF700CD3112E03D0062E5D
:1072740003D1102207E0062205E03A2EBED1009A7F
:10728400002ABBD00222059B9952B7E744F6284056
:10729400C2F2012000687047406A4DF68652818927
:1072A4001420914208BF2820704710B1007AC0070B
:1072B40001D114207047282070470269D0E9013CAD
:1072C40051688142C3F808C0CCF804304FF0000381
:1072D40008BFC2F804C0116803610139116008468F
:1072E400704710B5044600B900BE00F0D4FDA46B8D
:1072F40000F0F0FD204610BD2DE9F04F83B00446A8
:10730400806891462769C043266830440E463F187A
:1073140050EA3780401A194638BF0020F9F798FD23
:107324000546E0B3D4F808B021690BEB06000291DE
:10733400411A50EA318AB9F1000F1AD0002E5BEAE3
:107344000A8802982946A0EB0800F9F781FD04F1A8
:1073540014010746019101EB080049463A46F8F743
:10736400C1FEBD4205D909EB0701EA1B0198F8F7F4
:10737400B9FE00F090FD3EB90BEB05000299411AED
:1073840050EA318AC4F808A0E0682168AAEB010237
:10739400401A904298BFC4F80CA000F09BFD284608
:1073A40003B0BDE8F08F0069511A401851EA3080EB
:1073B4007047C16802690068C9430844811850EAEB
:1073C400318070472DE9F04F81B0044600680D46C6
:1073D40091462769A668301A3F1850EA3780401A48
:1073E400194638BF0020F9F733FD064678B3206804
:1073F400D4F810A04119B1EB0A0251EA3281002DF0
:1074040050EA018BB9F1000F0A9817D0AAEB0B00D0
:107414003146F9F71DFD04F11408074608EB0B018A
:1074240048463A46F8F75EFE0A98BE4206D909EB8A
:107434000700F21B4146F8F755FE0A98284306D187
:107444000BEB0600B0EB0A0150EA318020603046B5
:1074540001B0BDE8F08F016802698068401A8118A4
:1074640050EA31807047816802690068C943084462
:10747400811850EA31807047416802698068401A77
:10748400811850EA318070474BF67861C2F20021CE
:10749400086880690A68D26A0968C2F105028A61CB
:1074A4007047000070B544F600200625C2F20120A2
:1074B400002600F10A0400BF207878B16178002921
:1074C400A0F10101217018BF042803D854F80A0C54
:1074D400F9F733FA207808B944F80A6C013D04F14D
:1074E4001004E9D102F052FC44F64C460446C2F2C0
:1074F4000126316821B1601AB0F5FA6F98BF70BDEA
:107504004BF69C60C2F20020056800BF6DB195F88F
:107514004000C10606D5000704D4296811B12846E5
:10752400F9F716FAD5F8AC50F0E7346070BDB0B591
:10753400044600B900BEA06A292800D800BE206B0A
:1075440000B900BE656A4BF20C21C0F2002126226C
:107554002846F8F7C7FD206B816BC5F80610808FAD
:107564006881206B816BC5F81610808F6883206B4F
:107574000068E8616069C5F826002A20A062B0BDF1
:10758400B0B582B00B460968D0F8265014468D4237
:107594000ED044F600220621C2F201221568A5424B
:1075A40004D0013902F11002F8D106E0D17A21B1F8
:1075B400163021461A4600F023F84BF67465C2F2E1
:1075C40000252868D0B1FFF767FE142816D1286873
:1075D400416AD1F81A108C4210D10121CDE9001072
:1075E40068460021002402F00CF9012802D0286822
:1075F40000F047FE00202C6000F0AAFB02B0B0BDF2
:107604002DE9F04F85B00546084614468B46F8F739
:10761400FDFF002876D04FF0FF30CDE9030044F69B
:1076240000200194C2F20120002400F10C07FF267F
:107634000DF1080A0DF110080DF10C09029400BFB8
:1076440075B1A7F1080006222946F8F7A8FD57F8F6
:107654000C1C59450AD10028404611D14CE000BF0A
:1076640057F80C0C584502D110E000BF38B117F898
:10767400021CF0B2814204D250460E4600E0484655
:10768400046001341037062CDAD100E00494039826
:10769400049900280FD444F600260029019FC2F261
:1076A400012613D406EB01120B010021F150D16025
:1076B400C2E901110BE00298002950EA418044F626
:1076C4000026C90F019FC2F2012600E00121020138
:1076D40046F802B055B106EB0010A988018129686B
:1076E40041604FF4CB714181C7600BE051B106EBAF
:1076F40000100521418105E04FF4CB7027F8020CFE
:107704000198386005B0BDE8F08F0000D8B1F0B53D
:1077140081B044F6002604460D460627C2F201262F
:107724003068A84205D1301D06222146F8F737FDFE
:1077340020B1013F06F11006F2D101E09620B072AB
:1077440001B0BDE8F040704744F64C410320C2F25A
:10775400012100220A6002F082B8B0B544F6742513
:107764000446C2F201252861281D01F07DF928781C
:107774000121EC60002C00F0FC0008BF0321084448
:107784002870B0BD44F2407C43F64073C2F2012C31
:10779400C2F20123C0F800C00B604FF40070106007
:1077A400704744F6A01C44F2A073C2F2012CC2F24A
:1077B4000123C0F800C00B6080201060704780B5C2
:1077C40072B601F0B3F90120FFF762FB62B6BDE8BF
:1077D400804002F011BC00284BF6A4504FF0080181
:1077E400C2F2002008BF04214258013242507047BF
:1077F400B0B544F67420C2F20120FDF776FB10B157
:10780400032002F02CF844F66024C2F2012420463E
:10781400FDF76BFB68B14BF67465C2F2002528686E
:1078240038B1217801F0FE01217000F02AFD00201A
:1078340028604BF69C60C2F20020046874B104F125
:107844004800FDF752FB30B194F84000800702D5A0
:10785400204601F0C8FFD4F8AC40EFE745F2400001
:10786400C2F201200068FFF73CFD45F2F80405462A
:10787400C2F201242046FDF738FB05B190B1002D7A
:107884005FEA1F9002F04EF80546201D01F0ECF867
:1078940020780121E560002D00F0FC0008BF0321E1
:1078A40008442070002000F078FE002000F084FEE0
:1078B40044F6B025C2F20125286800B1B0BD45F2F6
:1078C4004400C2F20120FDF710FB0028F6D04BF66D
:1078D400A060C2F200200468012000BF44B1217FEF
:1078E400C90703D12046F8F7E6FF0020646AF5E7EC
:1078F4002860B0BD2DE9F04F83B00C46814601B934
:1079040000BE94F84000000700D500BEB9F1000F96
:1079140002D00020E06703E0D4E91F01884253D17C
:10792400D4F8840000284FD048F2632A4BF69C6BAD
:10793400002502954FF0010802AEC6F2533AC2F296
:10794400002B00BF002205233146CDE90055F9F78D
:1079540087FAF02835DB0298D0F8EC10514513D1A2
:107964000178022910D1DBF800706FB1406800BFC4
:10797400F96D09BA884204D0D7F8AC7027B12FF05A
:1079840009C8F86F052813D1D4F884000022012314
:107994003146CDE90055F9F763FA012803DB029873
:1079A40008B1F9F770F8D4F8840050B12FF037C05B
:1079B400002001213A4600F00FF8E01B58EA108835
:1079C400F1E7B8F1000F04D000214846224600F048
:1079D40003F803B0BDE8F08F70B582B0144602B965
:1079E40000BE10B10020E06704E0D4E91F02904219
:1079F40040F0208140F27402C2F2002213688342F4
:107A040018BF1060062800F2F880DFE800F0046771
:107A140029431A83A70004F15C0001F0DDF868B182
:107A240000202066A0664FF4FA71C4E91D102046B8
:107A3400FCF7DFFE1921204600F015F90125E56762
:107A4400DCE02046FDF73AFE002800F0D68002F084
:107A54009DF94FF4FA71C4E91C010320E067CCE0FE
:107A6400002900F0808002202146FDF735FC002823
:107A740000F0C380216E012001F09FF8012800F07E
:107A8400DB80002840F0E1802046FDF717FE002847
:107A9400DDD19BE0002900F08580052021460525E5
:107AA400FDF71AFC002800F0A8806068216E2160B0
:107AB400E56761EA00006061204600F03CF9204679
:107AC400FCF749FEE06E002800F08C8041F26F71F3
:107AD400884200F28C8041F2707087E026460020D4
:107AE400002556F81C1F01F068F8012873D00028FF
:107AF40040F08480D4F88400002500287ED02560DE
:107B040002F044F920672046FDF793FD002874D065
:107B14000220A3E72046F8F773FE002858D0204639
:107B2400FCF767FED4F88400002866D0002001909A
:107B340001A801F051F808B10198E06502F026F9B6
:107B44004FF4FA71C4E91C012046FDF7B7FD032187
:107B5400002851EA11901921E0674BE000212046EA
:107B640000F010F949E002F011F9D4E91C21801A5F
:107B7400884242D942F6E06049006167814264D894
:107B840004F15C0001F028F8B8B302F0FFF8A16F2B
:107B9400206700295FEA1F912046A167FDF749FD90
:107BA40058BB54E002F0F2F8D4E91C21801A884250
:107BB40023D942F6E06049006167814247D802F068
:107BC400E5F820672046FDF779FDB0B9042045E7C4
:107BD4004FF4FA710EE096E82F10B669A66184E8B6
:107BE4002F1032E04AF60040C0F20710E066FFF7BB
:107BF400ABFDE16E204600F036F8012540F2780036
:107C0400E16FC2F2002002688A4218BF01608DB998
:107C140000F041F9E069206000F05CF90620E067BB
:107C24000021204600F0AEF8204600F084F82046FB
:107C3400FCF791FD02B070BD04F11C06D4E90C5CA4
:107C4400C4E9055C4FCE84E84F000025D6E7002048
:107C540004E710B50021044600F094F82046BDE87E
:107C64001040FCF778BDB0B5054681654C300C4634
:107C740000F0FAFE95F8480001216C65002C00F034
:107C8400FC0008BF0321084485F84800B0BD80B556
:107C940084B041690022039201B900BE4268D31E38
:107CA400022B1BD20868806808B300210422012338
:107CB4000DF10C0C4FF0000ECDE900EC01F04AFF81
:107CC4000398A0B14EF604504FF08051CEF200005C
:107CD4000160BFF34F8FBFF36F8F08E0092A06D10D
:107CE4000069006804B0BDE88040F8F724BF04B020
:107CF40080BD0000B0B5044600B900BE00F016FF18
:107D0400606870B104F10C052069A84201D100BE7D
:107D140020694FF0007100F046FE606808B12FF052
:107D24000DC802F069F9207E00B1B0BD2046BDE85F
:107D3400B04000F0E3B890F840100A0741F0100199
:107D440080F8401048BF70474FF47A70FFF705BDC4
:107D540044F660210028C2F201215FEA0F900A78FC
:107D640002F0FE0210440870704744F674210028A3
:107D7400C2F201215FEA0F900A7802F0FE02104479
:107D84000870704790F8482000295FEA0F9102F0CC
:107D9400FE02114480F84810704745F2F8010028AB
:107DA400C2F201210A7802F0FC0342F0030208BF88
:107DB4005A1C0A707047B0B544F660250446C2F2F6
:107DC4000125281D00F050FE28780121EC60002CCC
:107DD40000F0FC0008BF032108442870B0BD02462F
:107DE4004FF0FF3142F8081F0021C0E90322C0E927
:107DF40000127047002101617047000080B5D1F87E
:107E040000C01CF1010207D000F108029646526836
:107E140013686345FAD903E0D0F810E0DEF80420D3
:107E24004A609160C1F808E0CEF804100861016866
:107E34000131016080BDD0E900C308619A68C1E9DD
:107E44000132996051600CF101010160704780B505
:107E540044F6C820C2F20120FFF7C1FF44F6B42063
:107E6400C2F20120BDE88040FFF7B9BFB0B545F2CA
:107E740044050446C2F201252861281D00F0F4FDE2
:107E840028780121EC60002C00F0FC0008BF0321DD
:107E940008442870B0BDEFF31180102181F31188DC
:107EA40043F62471C2F201210A68002A02F1010298
:107EB4000A6000D070474BF62851C2F200210860D6
:107EC4004EF60450CEF200000068C00508BF7047AB
:107ED40000BE704743F62470C2F20120016809B95C
:107EE40000BE01680139016018BF70474BF6285085
:107EF400C2F20020006880F31188704770B5E8B1C1
:107F04004BF61476A0F10805C2F200260446B542E9
:107F140004D347F6FF703044854200D900BE54F8BC
:107F2400040C002800D400BE286800B100BE54F838
:107F3400040CB0F1FF3F01DC296801B170BD20F0F1
:107F4400004044F8040C00F0F1FD44F63C4045F2D6
:107F5400DC02C2F2012054F8041CC2F201220368BC
:107F64000B440360134600BF18461B68AB42FBD3A7
:107F7400904209D0B04204D347F6FF723244904293
:107F840002D900BE54F8041C42688318AB4202D1E3
:107F940011440546416003686E189E4201D01A469A
:107FA4000AE04BF68462C2F200221268964203D0C1
:107FB400D3E9002319446960A8422A6018BF056008
:107FC40045F26400C2F20120016801310160BDE89C
:107FD400704002F011B8806910F8020C022801D137
:107FE400FEF744BF042838BF704700BE704748F20C
:107FF400D82048F21F51C2F20020C5F2EB110068EC
:10800400A0FB01014FF0FF3000EB51110020B0EB59
:10801400116F18BF70474EF21002F023CEF2000227
:1080240051604EF62351CEF200010B709060072090
:1080340010607047EFF303806FF35F20102807D3BD
:108044004EF2F031CEF20001405C0F2800D800BEA1
:108054004EF60C50CEF200000068400558BF704741
:1080640000BE704780B500F099FF00B100BE45F234
:108074004000C2F20120006800B100BEF8F725FB01
:1080840000B100BE80BD28B1416A8989082901D1A7
:1080940000F002B8704700002DE9F04182B00446B8
:1080A400406901906A46D4E90957206B009001A801
:1080B4002946FAF7A7FF216B09B900992163002823
:1080C4003FD0012863D1A08E60B14FF6DE71A88441
:1080D4007818E18E82B20002698440EA1220E884B2
:1080E40000202885606A2DA1182205F10E0610F8DB
:1080F400068FF7F7F7FFA08E08B90120E875A7F1FE
:108104000E0000BA010C206B29826169C5F81E10AB
:1081140010B10068C5F81A0020460027AF822F83EB
:10812400FFF7BAF8024600203146FEF779FFC04354
:108134005FEA887100BA4FEA1040288311D42F8572
:1081440014E0019900200022FFF75AFA6069F8F759
:108154005DFA2063D8B1019860612046FFF7E7F922
:1081640004E0A16A01222846FEF7C9FF216B71B120
:10817400D1F8A800636A8A6B898FC3F806205981F5
:1081840040B1C36833B101222146984702E020463A
:1081940000F077F802B0BDE8F08100BF00000000F5
:1081A40000000800450000000000000080110000ED
:1081B4000000000000B900BE19B310B545F28002FA
:1081C4004FF0000C0A23C2F201224FF0000E00BF50
:1081D4005468A04210D0BEF1000F03D11468002CE3
:1081E40052EA0C8E013B02F10802F1D1BEF1000FFC
:1081F40018BFCEE9001002E09646CEE90010BDE8B3
:108204001040704708B900BE00BE45F280010A2242
:10821400C2F20121043100BF0B68834204D0013A49
:1082240001F10801F8D103E0002241F8042C0A60AE
:1082340090F8461001B17047FFF760BE70B515465F
:108244000E460446FFF727FE94F84400FF2802D1A7
:10825400002084F8440094F84500FF2802D100204F
:1082640084F84500FFF736FEA06B28B904F124001A
:1082740031462A4600F045FB2046BDE87040FEF733
:10828400CDBA10B50446406A10B10A38FFF736FE7D
:108294000020C4E90900FFF7FEFD44F628412069E7
:1082A400C2F20121884214D044F628402146C2F289
:1082B4000120FFF7C0FDFFF70DFE44F670400021DA
:1082C400C2F20120002200230068BDE8104001F042
:1082D400A5B8BDE81040FFF7FDBD2DE9F04385B01A
:1082E400064604468846002156F8300F676A029114
:1082F40090B1B989D0F8A890082918D10DF10E05CC
:10830400D7F81E00029002A829463246FAF77AFEF0
:10831400012818BFBD1D0BE0B88908282ED1D7F855
:108324001E00F8F773F900283060E2D126E0BD1D85
:10833400A888B880286838603068818F7981806B1C
:10834400C7F8060000F030FE012806D1D9F80C3039
:10835400484621464246984710E0B8F1000F0CD039
:108364000220CDE9000468464FF0FF3101F049FADC
:1083740020B92046FFF785FF00E000BE05B0BDE848
:10838400F08344F6B021C2F201210860704700BABC
:1083940001220A805E228A70C0F30642CA70020A71
:1083A4000A714871704700002DE9F04F85B004460A
:1083B400013001288B4600D800BE94F83B5044F6A7
:1083C400B42744F6C820C2F20127C2F20120062DC8
:1083D40057EA0088BBF1000F44D0BBF80260002EBE
:1083E4004AD1CDE9013800F108084FF47C490DF178
:1083F400100A00210491062D00F10C0008BF07F1BA
:1084040008080390504600F0E7FB38B3049840F2A4
:10841400004281B2CFF6FF72B1F57C4F28BF12FA49
:1084240080F101F58060010201EB102600F0B6FD39
:10843400E0B10398062D08BF07F10C000068404521
:1084440014D0B1B202688A4203D040684045F9D1E1
:108454000CE0A9F101095FEA0940D3D10020ABF88F
:10846400020000E000BE6FF07C0032E03004DDE981
:108474000138ABF80260F6D01BB194F83B00062833
:1084840009D0B1B24046FEF7D3FB10B16FF06F00D4
:108494001FE0BBF802602746B0B247F80C0F30BAB1
:1084A400000CB885DBF8080018B1F8F779F82064F7
:1084B40000E0206C18B1006800BAA06204E000205B
:1084C400C4E90A00C4E90C0040463946FFF7B3FC8E
:1084D400002005B0BDE8F08FF0B581B0044690F8F7
:1084E4003B00062839D1D4F8940008B1FFF706FD03
:1084F400D4F8980008B1FFF701FD44F6B420258FA5
:10850400C2F20120216F0129C66813D100F10807C6
:10851400BE4222D0F0687668016F0129F8D0018F3D
:10852400A942F5D190F85C1011F0060FF0D0FFF7D6
:10853400D3FFEDE7083000BF86420ED0F1680A6F22
:10854400012A05D10A8FAA4202D1B1F868200AB9DA
:108554007668F1E7501EA1F86800E06918B104F1EB
:108564000C00FEF7AAFE94F83B0011280BD100BFC3
:10857400A06C40B1606DC5682846FEF79EFE284693
:10858400FFF77FFEF4E7606808B1FFF7B3FB20460E
:10859400FFF7B4FC002001B0F0BDB0B545F2D4053E
:1085A4000446C2F20125296821B1A14202D008463D
:1085B400FFF792FF2C60B0BDB0B545F2D805044674
:1085C400C2F201252A6832B1A24204D0B2F86A107C
:1085D4001046F8F7FFFB2C60B0BD10B5C16B044624
:1085E40009B120468847606818B1216809B100F0D4
:1085F40075FB0020206010BD002181600160C16016
:108604004160704780B5D0F804C0D0F810E08268AB
:10861400A2EB0C0212EB0E0352EA3382914251EAAE
:10862400328142681144B1EB0E0251EA3281416059
:1086340080BD00002DE9F047D0F870A004460E4636
:10864400BAF1040F5FEADF90BAF1080F5FEA008124
:10865400042E5FEADF902AF00102082E5FEA008010
:10866400022A5FEA1F92BAF1040F5FEA1F93082EF1
:10867400A14642EA03025FEA1282114388423DD0D6
:1086840094F85C10A14601F00C01042907D1D4F838
:108694007490B9F1000F02D14FF0000900BE40B14F
:1086A40094F85C0041070BD4206840F00800206077
:1086B4001DE0D9F8000040F02000C9F8000016E0E1
:1086C400B9F1000F0CD0D9F8740008B9C9F8744096
:1086D400D9F8000040F00400C9F8000094F85C00E8
:1086E40000F0F90000216167023084F85C00206F1B
:1086F400FDF790FF10B90020A4F8640046F00800CC
:10870400266708283ED1A14503D1606F002859EAA5
:10871400008900F00BFA94F85C0010F0060F2FD0DB
:1087240010F008012CD144F6B422C2F2012202F165
:108734000801D2688A420ED0D3685268A342F9D0A5
:10874400258F1F8FAF42F5D15F6FA742F2D1002072
:10875400586794F85C0000F0F90084F85C0000F0BD
:1087640023FC00B900BE45F2D408C2F20128D8F8AF
:10877400000018B1A04201D0FFF7AEFEC8F80040D7
:1087840001F03AFC082E17D1AAF10300012813D8EE
:1087940094F85C0010F008000ED045F2D8060021D1
:1087A400C2F201262167306828B1A04203D0B0F894
:1087B4006A10F8F70FFB346001F0E8FA94F85D10E2
:1087C400C4F8800001F0F90084F85D00002084F80A
:1087D400780001F0DBFAB9F1000FE06708BFBDE8EB
:1087E400F0874846BDE8F047FFF7F7BEB0B545F25D
:1087F400F8050446C2F201252861281D00F034F969
:1088040028780121EC60002C00F0FC0008BF032153
:1088140008442870B0BD4FF0010CC0F800C0CBB1C3
:10882400B0F85EC0BCF1000F18BFA0F85E30B0F81D
:108834005CC0BCF1000F01D063450DD2D0F804C078
:10884400A0F85C30BCFBF3FC0CFB03FCC0F804C0D8
:108854009C4601E0B0F85CC01FFA8CF34364C0E9A5
:1088640003110262C0E906124FF4FA71C0E90D2146
:10887400C0E90A22704780B588B143F63471C2F268
:1088840001210A6801320A600968012900D000BE8A
:108894000021FBF753FC01F0AFFB00B180BD4EF6A5
:1088A40004504FF08051CEF200000160BFF34F8FAF
:1088B400BFF36F8F80BD45F25C01C2F201210968EC
:1088C400016045F22411C2F2012109684160704738
:1088D40045F230100121C2F201200160704710B549
:1088E4000C4600B900BE4BF67861C2F2002109685B
:1088F4001831FFF783FA01212046BDE81040FBF749
:108904001DBCB0B5964600B900BE4BF67862D0E9FE
:1089140000C3C2F20022BEF1000F1468E3619C6838
:1089240015682C62156805F118056560146804F172
:1089340018049C60126890620CF1010218BF4FF099
:10894400FF31026008467146BDE8B040FBF7F6BB54
:10895400944600B900BE43F63473C2F201231B6887
:1089640003B900BE10B54BF6786341F00041C2F282
:1089740000231A689161D0E900E11A68D1618A681C
:108984001C6822621C68183454601A6818328A60A1
:1089940019680EF101020260886201216046BDE897
:1089A4001040FBF7CBBB43F63472C2F201221268CB
:1089B40002B900BEB0B5C46841F00041016004B919
:1089C40000BED0F810E004F1040CD0E90113DEF885
:1089D400042082428B6059604FF0000108BFCEF83A
:1089E40004300161D4E902206369DEF80010013922
:1089F400CEF800105D6890606545426008BF58601D
:108A04001868E16A0138186043F63C704BF6AC6EA6
:108A1400C2F20120C2F2002E0268914288BF0160B6
:108A240001EB81000EEB800363615D68AA68C4E911
:108A34000252C5F808C0C2F804C05EF82020013212
:108A44004EF820204BF67860C2F200200068C06A1D
:108A54008142BDE8B04098BF704745F23010012113
:108A6400C2F201200160704710B5044600B900BE8F
:108A7400FFF711FA45F25C00C2F2012000682060A1
:108A840045F22410C2F2012000686060BDE8104085
:108A9400FFF720BA10B58AB044F2494004A9C4F2E1
:108AA4004C50069005A803AA00248DF81C40CDE97B
:108AB4000444FEF767FE0DF10C0E44F64170C0F25B
:108AC400002006A99EE8045000230094CDE901CEBD
:108AD40001F00AF844F64841C2F201210860F0B1FD
:108AE40001F040FB411C19D0012818D145F258016E
:108AF4000120C2F2012180F310884FF0FF320A6096
:108B040045F2D001C2F20121086045F22410C2F2FC
:108B140001200021016000F0B7FA00E000BE4BF232
:108B24000820C0F2002000680AB010BD43F634707B
:108B3400C2F20120016801310160704743F63470CC
:108B4400C2F20120006830B145F230100121C2F2B6
:108B540001200160704745F2301043F63C7CC2F2BC
:108B64000120C2F2012C00214BF6AC630160C2F279
:108B74000023DCF8001001EB810253F8220003EB20
:108B8400820238B901B900BE52F8140D013908B98E
:108B94002FF009C0536802F108005B6853608342F8
:108BA40001D1D36853604BF67862D868C2F20022D0
:108BB4001060CCF800101068704701280AD144F600
:108BC4005440C2F20120016048F69430C2F2002001
:108BD4000121016000207047B0B50446F7F770FA30
:108BE4000546F7F76DFA01460120C5EA0141216007
:108BF400B0BD000044F674214BF69C62C2F2012120
:108C0400C2F20022C8680978B0F57A7F28BF4FF411
:108C14007A70C907116808BF4FF47A7051B191F89E
:108C24004820D20703D04A6D824252EA3080D1F8FC
:108C3400AC10F3E745F2F801C2F201210A78C968E1
:108C4400814251EA3081D20750EA01807047000026
:108C540080B5416A026B8B89082B18BFB3F5C16FCD
:108C640017D1D1F81A10D2E900234A401A4201D090
:108C7400002080BD44F600234FF0060CC2F201230D
:108C84001A688A4207D0BCF1010C03F11003F7D132
:108C940004E000BEE5E7DA7A002AE9D1006BF7F7D1
:108CA40057FE012080BD10B50446FEF7F5FA1428DE
:108CB40004D12046BDE81040FFF7CABF002010BD14
:108CC400B0B51C20FDF7E4FD044628B1201D0025A5
:108CD4002560FFF784F825762046B0BD2DE9F041E4
:108CE40080460D4600B900BEB5F1807F00D300BEBA
:108CF40008F10C06FFF71AFFD8F81070D8F8000036
:108D0400B74240EA0500C8F800001ED0002500BFA5
:108D14003846D7E9003723F07F42D8F800105C01C9
:108D240001EA02040AD434B141F00071DB0148BF06
:108D34001543FFF738FEB742EAD102E09442F3D07C
:108D4400F9E7D8F80000E94301E04FF0FF310840AB
:108D5400C8F8000001F050F9D8F80000BDE8F0812F
:108D64002DE9F04381B004461F4690460D4600B9F4
:108D740000BEB5F1807FDDF8209002D215B900BEA7
:108D840000E000BE00F0F0FFB9F1000F01D000B91F
:108D940000BEFFF7CBFE266816EA05005FEA1F91C6
:108DA400A8425FEA0F90002F51EA008000283FD0CC
:108DB400B9F1000F42D0B8F1000F5FEA0F90002F15
:108DC4004A464FEA006101F1806108BF0106201D97
:108DD4002943FFF7BDFD01F00FF950B94EF60450D9
:108DE4004FF08051CEF200000160BFF34F8FBFF30C
:108DF4006F8FFEF749FB0646800116D4FFF74BF848
:108E0400266816EA05005FEA0F91A8425FEA1F9000
:108E1400002F51EA0080B8F1000F18BF002802D0DB
:108E240026EA05002060FFF755F826F07F4607E0A4
:108E3400B8F1000F02D026EA0500206001F0DCF84A
:108E4400304601B0BDE8F08380B540F23C00C2F288
:108E54000020006840680068816800688969884764
:108E640000285FEA1F9080BDF0B583B040F23C015A
:108E74000746C2F200210E6806B900BED6E9000119
:108E84000D68016105B900BE95E8070012689047B6
:108E940008B10E2834D1A9682868896988473368DD
:108EA40005461C4654F8081F69B9706818A1D0E932
:108EB400033244F6C910C0F20020CDE900343B4629
:108EC40000F0E5FD336853F80C0F60B970681AA11F
:108ED400D0E9054244F21150C0F20020CDE900432C
:108EE4003B4600F0D4FD7DB93068816861B1C1684A
:108EF40051B144F25031C0F254014161012004E007
:108F0400A968286849688847002003B0F0BD00BFFD
:108F140045746865726E65744465666572726564ED
:108F2400496E7465727275707448616E646C6572B2
:108F34005461736B00000000436865636B4C696E99
:108F44006B5374617475735461736B00F0B581B0C5
:108F540040F23C008B6AC2F200200C463B2B1546C3
:108F640000684068076801D83C23A362B968386880
:108F74001A464E69616AB047064610B12046FFF7AB
:108F840080F9012D05D17868406810B92046FFF7B3
:108F940078F9002E5FEA1F9001B0F0BD44F644401A
:108FA400C2F201200078704710B500F0D7FE0446E5
:108FB400F7F78BFB84425FEA1F9010BD44F6E02173
:108FC400C2F20121096881425FEA1F90704700BA2A
:108FD400B0F1FE4F5FEABF90704700F0F000E02868
:108FE4005FEA1F90704700002DE9F04144F6704895
:108FF400C2F20128D8F8000010B10120BDE8F081C8
:1090040044F6F4721020C2F20122102100F088F913
:10901400C8F8000018B900BED8F8000050B317A172
:10902400FFF7C8F844F62844C2F201242046FEF7AC
:10903400D6FE44F674451027C2F20125002600BF6F
:1090440028466E62FEF7D6FE20462946ED60FEF7FE
:10905400D5FE013F05F13805F2D143F63071D8F859
:109064000000C2F2012100285FEA0F9010220A607A
:10907400BDE8F0810020BDE8F08100BF4E65744278
:10908400756653656D0000004EF62250F021CEF255
:1090940000000170FEF7ABFF4EF63470CEF2000014
:1090A400016841F04041016062B6BFF36F8FEFF396
:1090B400148C2CF0040C8CF31488BFF36F8F02DF34
:1090C40000BEFDE72DE9F04186B0044600B900BEBC
:1090D400606A00B900BE20460594FEF7DDF800F191
:1090E4002201A26A8A424BD3676A4DF6865307EB84
:1090F4000008BA89B8F81000B8F80E109A4200BAFD
:109104000EBA4FEA10414FEA164609D1D7F8162095
:10911400D7F81A30D7F81E50D7F822C0012003E040
:10912400D7F81A0002BA002098F81B7002900020A9
:109134000095CDF804C00396FDF7D8FDA8B1054607
:10914400006FFDF767FA80B1286F0021012885F8C8
:109154006C101AD107F01F0002284CD12846214672
:10916400FBF79AFC054648BB0AE007F01F000026FF
:10917400102806D017F0040003D12046FDF7D9F9D2
:109184000026304606B0BDE8F081790736D407F0F2
:109194001B01022901D10428F2D82846FEF785F8DC
:1091A40000F10E0105F19E07626A06467818114423
:1091B4001422F6F797FFF0191021C17600F0E6FDAE
:1091C40095F85D10C5F8800001F0F90085F85D00A0
:1091D400002085F8780000F0D9FDE86798F81A00B7
:1091E40000F0F000512814D328462146FBF7B4F9C7
:1091F400064678B9C4E77807BFD5C1E702281DD170
:10920400D5F83011D8F81600013100BA8842B7D128
:109214001BE00126B8F81C0005A900BA000CC5F82B
:10922400F8002846FCF764FC059818B1FFF729F804
:10923400002005902846FCF712FEA2E7D8F8120099
:10924400D5F8141106BA8E4205D10021284600260D
:10925400FFF7F0F995E7304600F015FB00283FF4DE
:109264008FAFD5F80801D5F814110144304600F049
:109274000FFB00283FF484AF2046FDF7DEF87FE7BC
:1092840000B900BE436A0BB900BE436A9B89082B30
:1092940001D100F002B8002070472DE9F0410446E6
:1092A40000289046084600D100BE676A0FB900BE88
:1092B400676A266BFDF75AFD054600284FF000004B
:1092C400C8F8000008BFBDE8F0818EB1306878B1FD
:1092D4002046FFF7BDFC012805D10120C8F8000095
:1092E4000020BDE8F081B81DD7F81A10FEF70EFA79
:1092F400FFF71CFC05F148002146FEF79CFD00F039
:109304007BFE686810B10121FFF7E8FC2846FFF7EF
:1093140055FE10B1206B00F066FA0120BDE8F08123
:10932400B0B582B068B10C4681420AD81346002118
:1093340000220025009500F009F820B18463054659
:1093440001E0002500BE284602B0B0BD10B582B0D1
:10935400D3B1D0B11C4601B9BAB901B1AAB14823FD
:109364000193019B482B00D000BE019B002954EAC5
:109374000282C4E90F0101212046012384F846300A
:10938400226000F007F802E000BE00BE0024204680
:1093940002B010BDB0B550B30446C06B40B30D4627
:1093A400216CA0FB010119BBFEF775FDD4E90F0187
:1093B4004FF0000C226801FB00230138C4F838C0C8
:1093C40000FB0120C4E90123E060FF2084F844008D
:1093D40084F8450004F110006DB1FEF700FD04F1BE
:1093E4002400FEF7FCFCFEF775FD0120B0BD00BEB5
:1093F400002000BEB0BD01680029F4D000F088FD53
:109404000028F0D04EF604504FF08051CEF2000008
:109414000160BFF34F8FBFF36F8FE4E72DE9F04F87
:1094240085B0044699461546049200B900BE11B9A8
:10943400206C00B100BEB9F1020F019103D1E06BC1
:10944400012800D000BE00F08FFC08B905B100BEB1
:10945400FEF721FDB9F1020FA06B58D0E16B8842F1
:1094640055D304F11007012002AE4FF0000B04ADF8
:109474000499002966D0C00702D03046FFF71BFAD2
:10948400FEF728FDFFF752FBFEF705FD94F84400B4
:10949400FF2808BF84F844B094F84500FF2808BFAB
:1094A40084F845B0FEF716FD3046294600F0BDFAB3
:1094B40000284AD1FEF7EFFCD4F838A0D4F83C8059
:1094C400FEF708FDC24515D104993846FFF707FA9F
:1094D4002046FDF7A3F900F08FFD80B94EF6045045
:1094E4004FF08051CEF200000160BFF34F8FBFF305
:1094F4006F8F04E02046FDF791F900F07DFDFEF743
:10950400CAFCA06BE16B88424FF00000B0D2204649
:1095140001994A46FBF73FF954F8240F70B12046ED
:1095240000F0F6FC50B14EF604504FF08051CEF2EC
:1095340000000160BFF34F8FBFF36F8FFEF7CAFCCB
:10954400012008E0FEF7C6FC04E02046FDF766F9BA
:1095540000F052FD002005B0BDE8F08F2DE9F04F7A
:1095640083B0044616468946029200B900BEB9F19A
:10957400000F02D1206C00B100BE00F0F5FB08B969
:1095840006B100BEFEF787FCD4F838A0BAF1000F8C
:1095940029D0226C52B1D4E902011144E160814224
:1095A40001D32168E1604846F6F79CFD54F8100F9A
:1095B4000028AAF10100A0620ED0204600F0A8FC09
:1095C40050B14EF604504FF08051CEF200000160CD
:1095D400BFF34F8FBFF36F8F0124FEF77BFC204650
:1095E40003B0BDE8F08F04F1240801206F464FF06A
:1095F400000B02AE0299002955D0C00702D03846AC
:10960400FFF759F9FEF766FCFFF790FAFEF743FC03
:1096140094F84400FF2808BF84F844B094F8450047
:10962400FF2808BF84F845B0FEF754FC384631469D
:1096340000F0FBF960B12046FDF7F0F800F0DCFC27
:10964400FEF729FCA56BFEF745FC1DBB2DE000BF12
:10965400FEF721FCA56BFEF73DFC2DB12046FDF77E
:10966400DDF800F0C9FC15E002994046FFF737F930
:109674002046FDF7D3F800F0BFFC58B94EF604506D
:109684004FF08051CEF200000160BFF34F8FBFF363
:109694006F8F00BFFEF7FFFBD4F838A00020BAF1AB
:1096A400000FA7D075E7002497E7002497E7000090
:1096B4002DE9F04F83B004460D46029100B900BE77
:1096C400206C00B100BE00F04FFB08B905B100BE2C
:1096D400FEF7E1FBA06BD0B154F8101F0138A06273
:1096E40071B1204600F014FC50B14EF604504FF016
:1096F4008051CEF200000160BFF34F8FBFF36F8F34
:109704000124FEF7E7FB204603B0BDE8F08F4EF6D8
:10971400045904F1240801216E464FF0000B02AFF6
:10972400CEF200094FF0805A029800284DD0C807A5
:1097340002D03046FFF7BFF8FEF7CCFBFFF7F6F98F
:10974400FEF7A9FB94F84400FF2808BF84F844B04E
:1097540094F84500FF2808BF84F845B0FEF7BAFB2B
:109764003046394600F061F960B12046FDF756F8FD
:1097740000F042FCFEF78FFBA56BFEF7ABFBEDB9E7
:1097840025E000BFFEF787FBA56BFEF7A3FB2DB119
:109794002046FDF743F800F02FFC0FE00299404605
:1097A400FFF79DF82046FDF739F800F025FC28B9AD
:1097B400C9F800A0BFF34F8FBFF36F8FFEF76BFBA9
:1097C400A06B00210028AFD086E7002499E700248D
:1097D40099E730B129B102224A7042698A60808EC9
:1097E40048802A20704780B582B0C16F0622CDE937
:1097F4000020C0F880106846002100F002F802B092
:1098040080BD70B544F644420D46C2F201220446BE
:109814000068127872B1072810D101200126FEF7E2
:10982400BCFA45F24000C2F201200068FDF759FD80
:1098340010B903E010B10026304670BDFFF7B4FB49
:1098440001384FF0000355EA108245F24000C2F29D
:10985400012021460068BDE87040FFF7DFBD80B5F8
:1098640082B000900020019068460021FFF7C9FFF4
:1098740002B080BD28B121B1426A896841610820E3
:10988400908100207047C9430844C043C00F70470B
:10989400C0430844C043C00F7047013001285FEA49
:1098A4009F90704744F6B421C2F2012101F1080CE3
:1098B400CA68624515D080B5018F09BA4FEA114EC6
:1098C4001168714508D1D16891F83B30062B03D15A
:1098D40091F85C309B0706D452686245F0D10020B1
:1098E40080BD002070474167012080BD10B504464B
:1098F400006F052806D3D4F8980038B12046FBF74A
:10990400B7FF206F042801D8022802D12046FCF7B3
:10991400A2FD2046FCF7A3FA2046BDE81040FCF760
:1099240099BE00002DE9F047804600F02FFA45F279
:109934000C1144F6B422C2F20121C2F2012202F156
:1099440008074FF064090B68D568C41A08BF0124DE
:10995400BD4208602BD04FF0000A00BFEE686D686E
:10996400B6F8640040B1844209D33046A6F864A036
:10997400FFF7BCFF002805D5BD42EFD117E0001B5F
:10998400A6F864003068002859EA0A8018BFB8F1C4
:10999400000F03D03046FEF720FE4846B6F86410A8
:1099A400884250EA3182002950EA0289E4E74846B5
:1099B400BDE8F08780B59E46DDE902C3C0E9011227
:1099C40071466246FEF727FF012080BD0169806968
:1099D400081AC043C00F7047806C00285FEA1F90CC
:1099E4007047B0B51446002205462260806CD0B1A1
:1099F40095F85600C00705D1B5F85E0081425FEACC
:109A04003F9210E000F0C2F9296DAA6B401A95F854
:109A1400541000EB800302FA01F05900814201D294
:109A2400401A206001221046B0BD70B504460D46B0
:109A340000B900BE05B900BEFEF72DFA45F2241E9A
:109A4400C2F2012EDEF8003029684A1C16D045F215
:109A54005C0CD4E90002C2F2012CDCF800608642FE
:109A640001D093420CD29A1A914209D9881A2860DB
:109A7400DCF800002060DEF800006060002402E0F2
:109A8400012400202860FEF725FA204670BD2DE948
:109A9400F04F83B007469000984615468946FCF778
:109AA400F7FEE0B106466020FCF7F2FEA0B16021AB
:109AB4000446DDE90CBAF6F73CFB384649462A462B
:109AC400434626630294CDE900BAFBF73DFA2046EB
:109AD400FAF786FB012004E03046FEF70FFA4FF058
:109AE400FF3003B0BDE8F08F2DE9F04786B0DDE923
:109AF4000F56984691460F4604464FF000000490D6
:109B040005B900BE06B900BE60200590059860281E
:109B140000D000BE05984FF00000C5B1BEB1602171
:109B24003046DDF838A0F6F704FB3563022086F8EA
:109B34005D0004A8CDE900A0204639464A464346C4
:109B44000296FBF701FA3046FAF74AFB049806B08E
:109B5400BDE8F0872DE9F04104461F4690460E46C5
:109B640000B900BE069D06B100BEFEF763FAEFF32E
:109B74001181102080F311881DB104EB8600806DE3
:109B84002860A219042F4FF0020392F85C0082F8B7
:109B94005C3019D8DFE807F01F03120D090004EB4D
:109BA4008602936D43EA08030CE0022801D10020E9
:109BB4006CE004EB8602C2F858800CE004EB8602E9
:109BC400936D0133936506E045F22412C2F201223B
:109BD400126802B100BE012857D1A06A00B100BECC
:109BE40043F63470C2F20120006888B145F26C007B
:109BF40004F11807C2F20120A062D0E90023013267
:109C040002609E68E26AC4E9073677609F6029E0D3
:109C14006269201DD4E902734BF6AC6C5668C2F23B
:109C2400002C8642BB605F6008BF53601368013B31
:109C3400136043F63C73E26AC2F201231F68BA421E
:109C440088BF1A6002EB82030CEB830666617568B9
:109C5400AF68C4E90257A86078605CF8230001305B
:109C64004CF823004BF67860C2F200200068C06A0A
:109C740082420AD9079808B10122026045F23012E3
:109C84000120C2F20122106000E0012081F311885A
:109C9400BDE8F0812DE9F04104461E4690460F468A
:109CA40000B100BE43F63470C2F2012001680131F4
:109CB4000160FEF7F0F84BF67865C2F200252868DB
:109CC400204490F85C00022802D1FEF703F921E059
:109CD400286800EB8400816DB94381652868069F7C
:109CE4002044012180F85C10FEF7F4F897B10121BB
:109CF4003846FAF723FA00F07FF968B94EF60450B3
:109D04004FF08051CEF200000160BFF34F8FBFF3DC
:109D14006F8F01E000F070F9FEF7BDF826B12868F6
:109D240000EB8400806D306028680026204490F8A1
:109D34005C0002284FF0000007D12968012601EBDE
:109D440084018A6D22EA08028A652968214481F81F
:109D54005C00FEF7BFF83046BDE8F0814BF6786052
:109D6400C2F200200068704745F2D000C2F2012020
:109D7400006848B143F63470C2F20120006800283C
:109D84005FEA1F90400070470120704745F224109D
:109D9400C2F201200068704743F63470C2F2012019
:109DA400006840B145F26800C2F201200168013147
:109DB4000160002070472DE9F04F45F2241045F270
:109DC4005802C2F20120C2F20122016811F1010B12
:109DD400C0F800B020D34BF68060C2F200200168C6
:109DE400096801B100BE4BF6A4630168C2F2002306
:109DF4001F680760196045F25C01C2F201210B681B
:109E040001330B600168096819B10068C068006813
:109E140001E04FF0FF3010601068834501D200204C
:109E24006CE04BF6806AC2F2002ADAF8000000689F
:109E340000285FD043F63C794BF6AC6E4BF678685D
:109E4400C2F20129C2F2002EC2F20028002000BF93
:109E5400DAF80010C968CE68374657F8041F8B45F6
:109E640043D37169D6E902354A68BA429D606B6092
:109E740008BF4D60B56A0A68A2F101020A607DB1AB
:109E840006F11802D6E90731D5F804C09445996063
:109E94004B6008BF69600021B162296801392960FB
:109EA400F56AD9F800108D4205EB850188BFC9F821
:109EB40000500EEB8102726153685EF8212001327A
:109EC4004EF821209C68C6E902349F606760D8F888
:109ED4000010C96ADAF800208D4288BF0120116899
:109EE40009B12FF04BC84FF0FF3145F25802C2F2CE
:109EF400012202E04FF0FF310020116045F23011E1
:109F0400C2F201210968002918BF0120BDE8F08FC1
:109F1400C068C06800B900BEB0B5826A00F1180C10
:109F2400D0E9071E53686345C1F808E0CEF8041071
:109F34004FF0000108BFC2F804E013688162591EA3
:109F4400116043F63471C2F20121096889B145F206
:109F54006C01C2F201218162D1E9002301320A605D
:109F64009D68C26AC0E90735C5F804C0C3F808C0D3
:109F74002FE0426900F1040CD0E9021E53686345E6
:109F8400C1F808E0CEF8041043F63C7308BFC2F8E9
:109F940004E01168C2F2012301391160C26A196830
:109FA4004BF6AC6E8A42C2F2002E02EB820188BFED
:109FB4001A600EEB810343615C68A568C0E9024541
:109FC4005EF82100C4F808C0C5F804C001304EF89A
:109FD40021004BF67860C2F200200068C06A824219
:109FE400BDE8B04006D945F230110120C2F201218A
:109FF40008607047002070472DE9F04F81B0FDF7ED
:10A004004AFF43F63470C2F20120016801B900BE70
:10A01400016801390160006830B10024FDF75AFF7E
:10A02400204601B0BDE8F08F43F62870C2F201204B
:10A0340000680028F1D045F26C0B45F23019C2F2E9
:10A04400012B4BF67868C2F20129C2F20028DBF832
:10A054000010002961D043F63C7A4BF6AC634FF014
:10A06400000EC2F2012AC2F200234FF0010C00BF1D
:10A07400DBF80C70FC6804F11805A76AD4E907162C
:10A084007A68AA428E60716008BF7E603968C4F83D
:10A0940028E001393960261D6769D4E902157A6818
:10A0A400B2428D60696008BF7D60396801393960EA
:10A0B400E76ADAF800108F4207EB870188BFCAF815
:10A0C400007003EB810262615568A868C4E902501C
:10A0D400AE60466053F82100013043F82100D8F8FF
:10A0E4000000C06A874288BFC9F800C0DBF80000DE
:10A0F40008B12FF043C84BF68060C2F2002001681B
:10A10400096819B10068C068006801E04FF0FF30C9
:10A1140045F25801C2F20121086045F26804C2F216
:10A12400012426684EB10127FFF736FE08B1C9F8AD
:10A134000070013EF8D100202060D9F8000000280A
:10A144003FF46BAFD8F800004EF60450CEF2000096
:10A154004FF0805101240160BFF34F8FBFF36F8F25
:10A164005CE7000080B586B0FAF76CF945F2281078
:10A17400C2F201200068F8B10020CDE9040005A86E
:10A1840004A903AAFDF70DFB0DF10C0E03200090AA
:10A1940046F2A9609EE80450C0F2002008A1002302
:10A1A400CDE901CEFFF7A0FC45F22C11C2F201214A
:10A1B400086008B1012001E0002000BE06B080BDA7
:10A1C400546D7220537663000FB47CB50C0009AD56
:10A1D40001D0611E00E00021CDE90001064B6A4672
:10A1E4002946089800F00AF8002C02D0009A0021B1
:10A1F40011707CBC5DF814FB55A300022DE9FF4FE0
:10A2040089B09B460446002506E025280BD05A4613
:10A214000B999047641C6D1C20780028F5D10DB073
:10A224002846BDE8F08F0027B8460122474900E0E0
:10A23400074314F8013F203B02FA03F00842F7D128
:10A2440020782E2819D114F8010F47F004072A2882
:10A254000ED06FF02F022078A0F1300109290CD81C
:10A2640008EB880102EB410100EB0108641CF2E7F2
:10A274000A98641C50F8048B0A9020780028CED0E9
:10A28400642808D0692806D075281ED05A460B9930
:10A2940090476D1C58E00A994FF00A0901C90A91C8
:10A2A400002802DA40422D2102E0390504D52B2191
:10A2B4008DF82010012103E0F90704D02021F7E7ED
:10A2C4008A4608AE0DE00021FAE70A994FF00A0920
:10A2D40001C90A91F7E74946F5F76EFF303106F8F0
:10A2E400011D0028F7D1ADEB060000F12009780725
:10A2F40001D44FF00108C84502DDA8EB090000E0D5
:10A3040000208046002706E008A85A46C05D0B9945
:10A3140090476D1C7F1C5745F6DB04E030205A46FD
:10A324000B9990476D1CB8F10001A8F10108F5DC08
:10A3340005E016F8010B5A460B9990476D1CB9F1CC
:10A344000001A9F10109F4DC641C65E70928010096
:10A354004A68002A06D00A68531C0B6010704868CB
:10A36400401E486070470000000000005454522012
:10A37400524547474553000000000068000000684C
:10A38400000000900001090D000000680000006852
:10A39400000000270001020D0000006800000068B2
:10A3A400440000020001010D000000800000008054
:10A3B40000000090000109080000008000000080F7
:10A3C4000000002700010208000000800000008057
:10A3D4004400000200010108000000000000000029
:10A3E40000000090010109050000000000000000C9
:10A3F400000000270100020500000000000000002A
:10A4040044000002010001050000002000000020BB
:10A414000000009001010904000000200000002059
:10A4240000000027010002040000002000000020BA
:10A434004400000201000104000000220000002288
:10A444000000009000010903000000220000002227
:10A454000000002700000203000000228000002208
:10A46400440000020000010300000000020000009C
:10A47400080000009F0F804300000000050000005A
:10A4840000000000050000000000000003000000C0
:10A4940000000400040000000000030005000000A8
:10A4A4000000200006000000000018000700000063
:10A4B40000000004080000009F0F80439400000087
:10A4C400CCA4000200000000008000000200000094
:10A4D4000080000003000000008000000400000071
:10A4E400008000000500000000800000070000005C
:10A4F400008000000B000000008000000E0000003F
:10A50400008000000F0000000000011C000100009A
:10A514000000011C010100000000011C02010000F8
:10A524000000011C030100000000011C04010000E4
:10A534000000011C050100000000011C06010000D0
:10A5440004000000070100000000010B0C010000E2
:10A554000000010B0D0100000000010B0E010000C2
:10A564000000010B0F0100000000011F06020000A3
:10A5740000000119070200000000010008020000A9
:10A584000000010009020000000001000A020000AE
:10A59400000001000B0200000000010B000300009A
:10A5A4000000010B010300000000010B0203000086
:10A5B4000000010B030300000000010B0403000072
:10A5C4000000010B050300000000010B060300005E
:10A5D4000000010B070300000000010B080300004A
:10A5E4000000010B090300000000010B0A03000036
:10A5F4000000010B0B0300000000010B0C03000022
:10A604000000010F00040000000C01170104000009
:10A61400000C011702040000000C011703040000E1
:10A62400000C011705040000000C011706040000CB
:10A6340000000113070400000000010508040000E5
:10A644000004010509040000000401060A040000D6
:10A65400000401060B040000000001060C040000C5
:10A66400000401060D040000040000000E040000B4
:10A674000000010F0F04000000000113000500009A
:10A6840000000113010500000000000004050000A3
:10A6940000000000050500000000000006050000A1
:10A6A4000400000007050000000401070B0500007A
:10A6B400000401070C050000000001190D0500004D
:10A6C400000001190E050000000001190F0500002B
:10A6D40004000000000600000000010B0106000059
:10A6E4000000010B020600000000010B030600003D
:10A6F4000000010B040600000000010B0506000029
:10A704000000010B060600000000010B0706000014
:10A714000000010B090600000000010B0A060000FE
:10A724000000010B0B0600000000010B0C060000EA
:10A734000000010B0D0600000000010B0E060000D6
:10A744000000010B0F060000000C011700070000B9
:10A75400000C011701070000000C0117020700009C
:10A76400000C011703070000000C01170407000088
:10A77400000C011705070000050C00000607000087
:10A7840000000119070700000000010F080700007E
:10A794000000010F090700000000010F0A07000074
:10A7A400000001190B070000000001190C0700004C
:10A7B400000001190D070000000001190E07000038
:10A7C400000001190F0700000000011C0008000030
:10A7D4000000011C010800000000011C0208000028
:10A7E4000000011C030800000000011C0408000014
:10A7F4000000011905080000000001190608000006
:10A8040000000119070800000000011C08080000EE
:10A814000400000009080000000000000A0800000D
:10A82400000000000B080000040000000D080000F8
:10A83400000001130E080000000001130F080000BF
:10A8440000000119020900000000011903090000B9
:10A8540000000119040900000000010B05090000B3
:10A864000000010B060900000000000007090000B9
:10A874000000010B080900000000010B0909000099
:10A88400000001190A090000000001190B09000069
:10A89400000001190C090000000001190D09000055
:10A8A400000001190E090000000001190F09000041
:10A8B4000000010B000A000000000000010A000073
:10A8C40000000104020A000000000104030A000061
:10A8D40000000104040A000000000104050A00004D
:10A8E40000000000060A000000000000070A000043
:10A8F4000000010B080A00000000010B090A000017
:10A904000000010B0A0A0000000000000B0A00000E
:10A91400040000000D0A0000000001050E0A0000FA
:10A92400000001050F0A000000000119000B0000DF
:10A9340000000119010B000000000119020B0000C6
:10A9440000000119030B000000000119040B0000B2
:10A9540000000119050B000000000119060B00009E
:10A9640000000119070B0000E48B002278A9000203
:10A97400D0A9000200000000000000000100000057
:10A9840000000000000000000000000001000000C2
:10A99400000000000800002204040000440000221B
:10A9A40000060000000000000C000000937C000280
:10A9B400F8A9000210000022C0A9000220BC002255
:10A9C40060BC002200003F00000000005F1900028C
:10A9D40059170002C1200002BF16000269210002BB
:10A9E40089220002171800022D220002D921000238
:10A9F40027170002A0BC002204AA00023CAA0002FD
:10AA0400000500000000020008000000040000002F
:10AA140000000000010000000000000024AA000261
:10AA2400000000000000000034AA00020000000042
:10AA34000500000004000000151E0002B71B000200
:10AA4400391B0002CD1E000219200002B71F0002AC
:10AA5400DB1B0002C51D00020800000054B2000206
:10AA64000F0000007CA300020300000070AB000292
:10AA74002001000001000200080010002000000076
:10AA84000000002700000027000000200000002034
:10AA940000B4000200B40002000000020000000044
:10AAA4000000000090A1001310A2000310A20003F4
:10AAB40090A2000390A2000390A10013C0A1001370
:10AAC40040A2000340A20003C0A20003C0A20003EE
:10AAD400C0A10013800003278000032784000327FC
:10AAE4008400032788000327880003278C0003279A
:10AAF4008C0003279000032790000327940003276A
:10AB04009400032710A1000310A1000304A1000373
:10AB140000A1000380A1001304A2000300A200030B
:10AB240084A2000380A2000380A1001308A10003F3
:10AB340004A10003E0A1001360A2000360A20003CB
:10AB4400E0A10013000000800000008000000090DD
:10AB54000000009000620122006201220000002235
:10AB640000000068000000680000000000000068A9
:10AB740000000068000000800000008080000022C7
:10AB8400800000220C000000000000000000000013
:10AB94000E00000004000000000000000F00000090
:10ABA40006000000000000000F0000000700000085
:10ABB400010000000E00000008000000000000007A
:10ABC4000A0000000A000000010100000F0000005C
:10ABD4000C000000000000000F0000000D00000049
:10ABE400000100003501013D0701000000000000E4
:10ABF4003204000000003703010306FF3501033D62
:10AC040007010000000000003204000000003604C8
:10AC140000000000FF0D0A200D0A2D2D2D2D2D2DD5
:10AC24002D2D2D2D2D2D2D2D2D2D2D2D2D2D2D2D50
:10AC34002D2D2D2D2D2D2D2D2D2D2D2D2D2D2D2D40
:10AC44002D2D2D2D2D2D2D2D2D2D2D2D2D2D2D2D30
:10AC54002D2D2D2D2D2D2D2D2D2D2D2D2D2D2D2D20
:10AC64002D2D2D2D2D2D2D2D2D2D0D0A4574686581
:10AC7400726E6574206164617074657220436F6ED6
:10AC840066696775726174696F6E20666F722052AF
:10AC9400656E6573617320454B2D52413844313ADA
:10ACA4002050726520495020496E6974202020206C
:10ACB4002020200D0A2D2D2D2D2D2D2D2D2D2D2D2A
:10ACC4002D2D2D2D2D2D2D2D2D2D2D2D2D2D2D2DB0
:10ACD4002D2D2D2D2D2D2D2D2D2D2D2D2D2D2D2DA0
:10ACE4002D2D2D2D2D2D2D2D2D2D2D2D2D2D2D2D90
:10ACF4002D2D2D2D2D2D2D2D2D2D2D2D2D2D2D2D80
:10AD04002D2D2D2D2D0D0A0D0A000D0A200D0A2DB5
:10AD14002D2D2D2D2D2D2D2D2D2D2D2D2D2D2D2D5F
:10AD24002D2D2D2D2D2D2D2D2D2D2D2D2D2D2D2D4F
:10AD34002D2D2D2D2D2D2D2D2D2D2D2D2D2D2D2D3F
:10AD44002D2D2D2D2D2D2D2D2D2D2D2D2D2D2D2D2F
:10AD54002D2D2D2D2D2D2D2D2D2D2D2D2D2D2D0D3F
:10AD64000A45746865726E65742061646170746507
:10AD74007220436F6E66696775726174696F6E20C5
:10AD8400666F722052656E6573617320454B2D5258
:10AD9400413844313A20506F737420495020496E31
:10ADA4006974202020202020200D0A2D2D2D2D2DEA
:10ADB4002D2D2D2D2D2D2D2D2D2D2D2D2D2D2D2DBF
:10ADC4002D2D2D2D2D2D2D2D2D2D2D2D2D2D2D2DAF
:10ADD4002D2D2D2D2D2D2D2D2D2D2D2D2D2D2D2D9F
:10ADE4002D2D2D2D2D2D2D2D2D2D2D2D2D2D2D2D8F
:10ADF4002D2D2D2D2D2D2D2D2D2D2D0D0A0D0A0032
:10AE04000D0A2A2A2A2A2A2A2A2A2A2A2A2A2A2ADB
:10AE14002A2A2A2A2A2A2A2A2A2A2A2A2A2A2A2A8E
:10AE24002A2A2A2A2A2A2A2A2A2A2A2A2A2A2A2A7E
:10AE34002A2A2A2A2A2A2A2A2A2A2A2A2A2A2A2A6E
:10AE44002A2A2A2A2A2A2A2A2A2A2A2A2A2A2A2A5E
:10AE54002A2A0D0A2A20202052656E657361732008
:10AE6400465350204578616D706C652050726F6A4E
:10AE740065637420666F722045746865726E6574CC
:10AE8400207573696E67204672656552544F532B63
:10AE9400544350204D6F64756C6520202020202081
:10AEA4002020202A0D0A2A2020204578616D706C0C
:10AEB400652050726F6A6563742056657273696F9A
:10AEC4006E202573202020202020202020202020D8
:10AED400202020202020202020202020202020206E
:10AEE400202020202020202020202020202020205E
:10AEF400202020202A0D0A2A202020466C65782054
:10AF0400536F667477617265205061636B20566578
:10AF14007273696F6E202025642E25642E256420AB
:10AF2400202020202020202020202020202020201D
:10AF3400202020202020202020202020202020200D
:10AF44002020202020202020202A0D0A2A2A2A2AF4
:10AF54002A2A2A2A2A2A2A2A2A2A2A2A2A2A2A2A4D
:10AF64002A2A2A2A2A2A2A2A2A2A2A2A2A2A2A2A3D
:10AF74002A2A2A2A2A2A2A2A2A2A2A2A2A2A2A2A2D
:10AF84002A2A2A2A2A2A2A2A2A2A2A2A2A2A2A2A1D
:10AF94002A2A2A2A2A2A2A2A2A2A2A2A0D0A5265E7
:10AFA40066657220746F20726561646D652E7478B5
:10AFB400742066696C6520666F72206D6F726520FF
:10AFC40064657461696C73206F6E204578616D707F
:10AFD4006C652050726F6A65637420616E64202012
:10AFE4002020202020202020202020200D0A46532D
:10AFF4005020557365722773204D616E75616C2006
:10B00400666F72206D6F726520696E666F726D6116
:10B0140074696F6E2061626F75742045746865721F
:10B024006E6574207573696E672046726565525447
:10B034004F532B5443502020202020202020202018
:10B04400202020202020202020200D0A2A2A2A2AFD
:10B054002A2A2A2A2A2A2A2A2A2A2A2A2A2A2A2A4C
:10B064002A2A2A2A2A2A2A2A2A2A2A2A2A2A2A2A3C
:10B074002A2A2A2A2A2A2A2A2A2A2A2A2A2A2A2A2C
:10B084002A2A2A2A2A2A2A2A2A2A2A2A2A2A2A2A1C
:10B094002A2A2A2A2A2A2A2A2A2A2A2A0D0A000D90
:10B0A4000A45746865726E657420616461707465C4
:10B0B4007220666F722052656E6573617320454B12
:10B0C4002D52413844313A0D0A00095375626E65B8
:10B0D40074204D61736B202E202E202E202E202EC6
:10B0E400202E202E202E202E202E202E203A2025E9
:10B0F400642E25642E25642E25640D0A000949500A
:10B10400763420416464726573732E202E202E20C1
:10B114002E202E202E202E202E202E202E202E20BB
:10B124003A2025642E25642E25642E25640D0A00FC
:10B13400094448435020456E61626C65642E202E9C
:10B14400202E202E202E202E202E202E202E202E8B
:10B15400202E203A2025730D0A000944657363727A
:10B16400697074696F6E202E202E202E202E202EC2
:10B17400202E202E202E202E202E202E203A20522B
:10B18400656E6573617320454B2D524138443120FF
:10B1940045746865726E65740D0A000950687973A8
:10B1A4006963616C20416464726573732E202E2080
:10B1B4002E202E202E202E202E202E202E203A200F
:10B1C400253032782D253032782D253032782D25D2
:10B1D4003032782D253032782D253032780D0A0022
:10B1E4002E00382E382E382E38007777772E667258
:10B1F400656572746F732E6F7267005465726D6942
:10B204006E616C0004000000FFFFFFFFFFFF000001
:10B214000000000008060001080006040001000008
:10B224000000000000000000000000000000FFFF1C
:10B23400FFFFFFFF0000000001005E0000FC33334D
:10B244000001000301005E0000FB3333000000FB3B
:10B2540000000068000000680001000D00000068A4
:10B26400000000680001000D000000800000008064
:10B2740000010008000000800000008000010008B8
:10B284000000000000000000010000050000002094
:10B294000000002001000004800000228000002241
:10B2A40000000003AC3000223451012200000003EE
:10B2B40000000606362E362E30004275696C742066
:10B2C400776974682052656E657361732041647692
:10B2D400616E63656420466C657869626C652053B1
:10B2E4006F667477617265205061636B6167652076
:10B2F40076657273696F6E20362E362E300000002C
:020000040300F7
:04A10000FFFFFFFF5F
:020000040300F7
:04A10400FFFFFFFF5B
:020000040300F7
:04A20000FFFFFFFD60
:020000040300F7
:04A2800000000000DA
:040000050200238151
:00000001FF
