:100000004031002045A600004104000051A6000038
:1000100051A6000051A6000051A6000051A6000004
:10002000000000000000000000000000990D00002A
:1000300051A6000000000000C90D0000250E0000C0
:100040007197000074905065656D000000C0072036
:1000500000C6072000CC072000D2072000D80720C8
:1000600000DE072000E4072000EA07204C00002003
:100070000CA90000040000000002000004000000C1
:10008000000200000400000000020000E80300007D
:10009000D03500202C0000200000000000000000EF
:1000A0000000000000000000000000000000000050
:1000B0000000000000000000000000000000000040
:1000C0000000000000000000000000000000000030
:1000D0000000000000000000000000000000000020
:1000E0000000000000000000000000000000000010
:1000F000000000000000000000000000E803000015
:100100000000000000000000000000007490506536
:10011000656D000000000000FFFFFF80849E7C01F1
:1001200000000000000000000000000000000000CF
:1001300000000000000000000000000000000000BF
:1001400000000000000000000000000040A90000C6
:1001500054A90000000000000000000000000000A2
:1001600000000000010000000606010055498879E2
:100170000968534A52F82000090E01F00701C840EF
:1001800051490860704770B54AF2035050490880E1
:10019000504C0122A280A0880028FCD122804E4829
:1001A00001218160026046484C4901604FF40041E2
:1001B000816001614A4B4B4A4B494360C2604161D7
:1001C000FFF7D4FF424D002068750921474A11709E
:1001D000474E3078002804BF707810F0030F04D128
:1001E0004FF47A7000F038F80DE0307838B901211A
:1001F0003170C82000F086F830780128FCD1002149
:100200007170002030702F4E0021B174307FC0F328
:10021000C0000028FAD043F202103081B172307F62
:10022000C0F340100028FAD0032020773149316014
:100230000522B271FFF79AFF2448F12101710122D2
:100240000270F02303710120307401212A4A1170D9
:100250004FF42540288070BD7047000010B5274C32
:100260000022A2710121C82000F04CF80021A170E9
:10027000A0780028FCD1A07840F00200A070A078FF
:10028000C0F340000028FAD1217020780028FCD16A
:1002900004F11E020321137803F07F03137010781A
:1002A000C009FCD1921C491EF5D1012000F098F83C
:1002B0000020134908700120BDE8104000F070B81C
:1002C0004031002020E00140981E0120082000401D
:1002D000FEE3014000C1014000700040002D3101EB
:1002E00000127A0000366E0100C2EB0BA2E0014062
:1002F00080E401402112012052E0014022300840F8
:10030000BBE401404843B8B417490A68174B9A4206
:100310000FD317498A18174DA2FB05540123640D0A
:10032000A4FB000199421BD208B1B2BC26E0B1BCCB
:100330007047114BB3FBF2FC4FF47A74A4FB00231B
:100340000127BB4203D2B2FBFCF08008ECE74FEA86
:100350008C0CB0FBFCF2A4FB0201B94200D8E3D341
:100360004FF0FF30E1E70000981E012000127A00F4
:10037000FF083D0006BD378600CA9A3B01380028B9
:10038000FCD1704770478268521C8260426832B16B
:100390000268531C036011704168491E4160704738
:1003A000EFF31082012181F310881B4B33F81010FA
:1003B00029B133F81010A1F1010C23F810C033F863
:1003C000101049B915490B880FF2540C3CF8100075
:1003D00043F4254383430B8082F310887047000069
:1003E00070B4EFF31082012181F310880A4B33F8C7
:1003F000101041B9094C258809A636F810100D4394
:1004000045F42545258033F81010491C23F81010B9
:1004100082F3108870BC7047A4310020FEE30140D5
:1004200001000200080010002000000020B1034974
:100430000A680260002070470120704790B30000F6
:10044000F8B50C4C2588208C0026094F054025FA6C
:1004500006F0C00703D5396809B1F0B28847761CA9
:100460003F1DF0B21028F2DB2582F1BD0000000034
:100470005C3100202061004030B583B00320FFF7DD
:10048000AFFF124D6FF0FF002860FF220C2168467D
:1004900000F024F80E48B0F900401CB10098400864
:1004A000400000900098A86200990A480160019AF3
:1004B000EA6242600299296381600320FFF770FFBE
:1004C0000CB10548046003B030BD00BF4880004057
:1004D00076B3000080E300E00063004062F30F2287
:1004E00062F31F4200B500BF1300964694461039D0
:1004F00028BFA0E80C50FAD85FEA417C28BF0CC0A6
:1005000048BF40F8042BC90728BF20F8022B48BF7A
:1005100000F8012B00BD000070B5514DA86908BB63
:10052000504E06F560721021102000F019F90028D5
:1005300000D100BEA86117D04BA100F07BFB28467C
:1005400000F0E0FB102400207062304600F0E7FB72
:10055000F6603146284600F0F3FB3836641EF2D1CF
:1005600010206861A86908B9002070BD012070BD25
:10057000F8B5044600250020422C34BF422414F173
:10058000020F01D2A41C00E0012014F0030F0AD0D6
:1005900004F00302C2F104024FF0FF339B1AA3429E
:1005A0002CBF1419012014F10A0F30D204F10A06ED
:1005B00068BBB6F1004F2AD2294FB86938B300F0B2
:1005C00019FA012823D100F071FCF868C5682846A3
:1005D00000F0D0FB00F07EFC38687A69904288BF5A
:1005E00010467861686A00B100BE84B1304600F000
:1005F000A1FC28B96862284600F00BF8002506E047
:1006000040F80A5B00216862AC62E962296328460F
:10061000F2BD70B50546686A10B10A3800F034FDC5
:1006200000216962A96200F041FC28690C4EB042C9
:1006300008BF012404D029463046002400F072FB94
:1006400000F048FC3CB9B069002300220021BDE85D
:10065000704000F0A7B870BD014800687047000006
:10066000B0310020CC3100204E6574427566536570
:100670006D000000F8B504460D46012624B900BE01
:10068000002600BE3046F2BDE06B0028F8D04FF0E7
:10069000FF31B1FBF0F0226C9042F1D300F006FC88
:1006A000206CE16B2268002700FB01F3491E4843E0
:1006B000D318A3601018A763E060626004F14400DF
:1006C0004FF0FF310170417085B92069B0B104F17C
:1006D000100001F01FF988B14FF08050DFF8D015FD
:1006E0000860BFF34F8FBFF36F8F07E004F1100076
:1006F00000F008FB04F1240000F004FB00F0EAFB2A
:10070000C0E700007CB500251BB900BE00BE28462E
:1007100076BD0028FAD00AB111B9F7E70029F5D162
:1007200048240094009D482D00D000BE069C009DEA
:1007300001261D4685F846600095E3B200F002F8F8
:10074000E5E7000082B0029B00290CBF1B601A6025
:10075000D86319640121184602B08BE7000000003D
:100760007CB50D460024C8B1A84217D312B900BE0B
:1007700000BE10E048210091009B482B00D000BE35
:1007800000991446012684F8466000940223002252
:100790000021FFF7D7FF14B1A56300E000BE20469B
:1007A00076BD00002DE9F64182B0064688461F4618
:1007B000002406B900BEB8F1000F02D1306C00B1C0
:1007C00000BE022F03D1F06B012800D000BE01F063
:1007D000EDF9002839D10398B8B300BE35E003988D
:1007E000002855D01CB9684601F058F9012400F0E2
:1007F00071FB00F05DFE00F059FB06F1440090F93A
:10080000001011F1010F04BF0022027090F90110D5
:1008100011F1010F04BF0022427000F05BFB03A93D
:10082000684601F045F900284CD100F03FFBB06B61
:10083000F16B884214BF0025012500F04BFB5DBB26
:10084000304600F0C7F900F03BFE00F02FFBB06B24
:10085000F16B884201D3022FC1D13A46414630465E
:1008600000F07BF9716A29B106F1240001F052F819
:1008700008B909E040B14FF08050DFF83414086047
:10088000BFF34F8FBFF36F8F00F024FB01201FE0F9
:1008900000F020FB00201BE0039906F1100000F09F
:1008A00045FF304600F096F900F00AFE0028CCD152
:1008B0004FF08050DFF8F8130860BFF34F8FBFF39D
:1008C0006F8FC2E7304600F085F900F0F9FDE1E7EF
:1008D00004B0BDE8F0810000F7B506460F460024DD
:1008E00006B900BE17B9306C00B100BE01F05EF968
:1008F00048B90298002806D000BE04E0304600F057
:1009000069F900F0DDFD00F0D1FAB56B6DBB02981E
:10091000002841D0002C42D000F0DCFA00F0C8FDE5
:1009200000F0C4FA06F14400415711F1010F3BD029
:1009300090F9011011F1010F39D000F0CBFA02A9A2
:10094000684601F0B5F8002834D0304600F042F98E
:1009500000F0B6FD00F0AAFAB06B451EAD41ED0FF8
:1009600000F0B8FA002DCED018E03946304600F03D
:100970001EF96D1EB563306968B106F1100000F014
:10098000C9FF40B14FF08050DFF824130860BFF377
:100990004F8FBFF36F8FC0E000F09CFABAE068465B
:1009A00001F07CF80124B7E700210170C0E70022C4
:1009B0004270C2E700F07AFAB06B451EAD41ED0F10
:1009C00000F088FA002D99D0029906F1240000F079
:1009D000ADFE304600F0FEF800F072FD002892D126
:1009E0004FF08050DFF8C8120860BFF34F8FBFF39D
:1009F0006F8F88E773B582B00646002406B900BE43
:100A0000306C00B100BE01F0D1F848B9039800285D
:100A100006D000BE04E0304600F0DCF800F050FDE7
:100A200000F044FAB06B70BB0398002842D0002C51
:100A300045D000F04FFA00F03BFD00F037FA06F128
:100A4000440090F9001011F1010F3DD090F9011010
:100A500011F1010F3BD000F03DFA03A9684601F007
:100A600027F8002836D0304600F0B4F800F028FD12
:100A700000F01CFAB06B451EAD41ED0F00F02AFAF4
:100A8000002DCDD018E0401EB063306968B106F18A
:100A9000100000F03FFF40B14FF08050DFF810121F
:100AA0000860BFF34F8FBFF36F8F00F013FA012080
:100AB00004B070BD00F00EFA002004B070BD6846AE
:100AC00000F0ECFF0124B4E700210170BEE7002232
:100AD0004270C0E700F0EAF9B06B451EAD41ED0F82
:100AE00000F0F8F9002D96D0039906F1240000F0EB
:100AF0001DFE304600F06EF800F0E2FC00288FD1B9
:100B00004FF08050DFF8A8110860BFF34F8FBFF39C
:100B10006F8F85E7002003B0F0BD00F0DBF9012006
:100B200003B0F0BD10B5040000D100BE00F0BEF966
:100B3000A46B00F0CFF9204610BD000010B50400F2
:100B400000D100BE00F09CF894F8460020B9204681
:100B5000BDE8104000F098BA10BD70B506461446C6
:100B6000B56B326CFAB164B9706801F075F97168EF
:100B7000306C0818B1687060884214D330687060B7
:100B800011E0F06801F068F9306CF1684042091832
:100B9000F1603268914202D2B1680818F060022C0C
:100BA00001D105B16D1E6D1CB563002070BD18B478
:100BB000026C0B4662B1C16884688918C160A142A9
:100BC00024BF0168C160C168184618BC01F044B96F
:100BD00011BC7047F8B5054600F068F905F1440608
:100BE00096F90140012C0ADB686A40B105F1240046
:100BF00000F090FE08B100F08CFF641EF4D14FF0BD
:100C0000FF37777000F066F900F050F996F9004070
:100C1000012C0ADB286940B105F1100000F07AFED2
:100C200008B100F076FF641EF4D13770BDE8F140E2
:100C300000F050B970B4002200B900BEF1B11D4DF2
:100C400000242E467368984213D0002A02BF3368EE
:100C5000002B3246F368641C98420AD0002A02BF77
:100C6000B368002B06F10802641C10360A2CE9D385
:100C700001E005EBC4020AB11160506070BC70471E
:100C800000B900BE00210C4A136883421EBF491CF4
:100C90009368834204D0491C10320A29F4D3704768
:100CA0000448002240F83120001D40F831207047F0
:100CB00004ED00E09015012094150120F8B50446DC
:100CC0000D46164600F0F2F804F1380797F90C00CB
:100CD00010F1010F04BF0021397397F90D0010F1D5
:100CE000010F04BF0021797300F0F4F8386828B9C7
:100CF0003246294604F1240000F0B0FD2046BDE84C
:100D0000F24067E74FF0FF3200F108018260416076
:100D1000C16000F1080202610021016070470021FA
:100D20000161704742684A6093688B60D2F808C0DE
:100D3000CCF80410916008610168491C016070479B
:100D400030B40A6812F1010F08BF036907D000F13F
:100D5000080300E023465C682568AA42FAD25A6874
:100D60004A6091608B60596008610168491C0160AC
:100D700030BC70478268436801699A604268836842
:100D80005A604A68824204BF83684B600022026155
:100D90000868401E086070471EF0040F0CBFEFF398
:100DA0000880EFF309805B490847000062B6BFF393
:100DB0006F8FEFF3148C2CF0040C8CF31488BFF3BA
:100DC0006F8F02DF00BEFDE7534B1968EFF3098216
:100DD0001EF0100F08BF22ED108A22E9F04FEFF34A
:100DE0000B8342F8043D0A60102080F31188BFF3A2
:100DF0004F8FBFF36F8F00F06DFC4FF0000080F35A
:100E00001188FFE7444801680A6802CA81F30B8829
:100E1000B2E8F04F1EF0100F08BFB2EC108A82F358
:100E20000988704710B5EFF31184102080F3118802
:100E300000F0CAFB18B14FF080503849086084F3C5
:100E4000118810BD806910F8020C022808BFFFF756
:100E5000D9BF042800DB00BE70475208520030B4EE
:100E6000A0F12404E26163604FF080750FF2150277
:100E70006FF002032562A2612360283140F8481D0B
:100E800030BC704700BEFEE780B5F02024490870F2
:100E900001F01EF82348016841F040410160FFF76E
:100EA00085FF00F017FC002002BD0000EFF3118069
:100EB000102181F311881C490A68521C012A06D1AD
:100EC0004860164803685FEAC35C00D000BE0A6051
:100ED000704700001449086800B900BE401E086051
:100EE00004BF486880F3118870470000EFF3038067
:100EF000103841B2002905D40C4A40B2105C0009F8
:100F000000D100BE0A480068C0F30220042800D3C4
:100F100000BE7047450E0000001F012004ED00E0F8
:100F200022ED00E034EF00E08815012000E400E04D
:100F30000CED00E02DE9F8434FF0000804004546B1
:100F400012D014F1080F0ED2083414F0070F0BD092
:100F500004F00700C0F108004FF0FF31091AA14268
:100F600028BF041900D2002400F0A2FA724A906847
:100F7000D3681169E0B902F11C0302F11C074FF4B8
:100F80000040194617F0070F05D0D91DC908C90040
:100F9000C1F50047D81940180838C008C0001160D2
:100FA0005560906045600560431A4B6008601946C3
:100FB000002C60D45FD0A3425DD3D2F800C002F110
:100FC0001C0E1746F44522BF48F21B0696196645CB
:100FD0000BD200BE09E067468446F44522BF48F2C2
:100FE0001B069619664500D200BEDCF80460A642D6
:100FF00003D2DCF800000028EDD1906884453AD097
:101000003D6805F10808F04522BF48F21B001018A2
:10101000404500D200BEDCF800E0A64200D200BE8F
:10102000361B112E13D30CEB040616F0070000D06C
:1010300000BEDCF804000CF10409001B49F80400B0
:10104000CCF80440C7F800E04CF804E0B646DCF801
:1010500004001B1A8B4298BF194640F00040CCF8A0
:101060000400C7F800E00020CCF80000546908F044
:101070000705641C54611161D36000F021FA05B1C9
:1010800000BE4046BDE8F283002800D1704770B52D
:10109000294C04F11C05A0F10806AE4222BF48F21B
:1010A0001B002018B04200D200BE7068002800D497
:1010B00000BE306800B100BE716800293AD5C8BBD7
:1010C00021F00041716000F0F3F9E16870684118A7
:1010D000E16000E004462068B042FBD316498C4230
:1010E00007D0AC4222BF48F21B028A18A24200D2AB
:1010F00000BE6268A318B34203D170682646821806
:10110000626072682368B018984208D18868834288
:1011100004D05868821872601B6800E00346336090
:10112000B44218BF26608869401C8861BDE87040E1
:1011300000F0C6B970BD0000E08900202DE9F04341
:1011400085B006460D9D00200F46904699460490B6
:1011500005B900BE0E9C04B900BE60200090009945
:10116000602900D000BE0098002C18BF002D18D0B8
:101170006021204600F0C8FE0222256384F85D202D
:101180000C9A002004A903900191009202944B460E
:1011900042463946304600F037F814B1204600F098
:1011A00081F804982DE02DE9F8430646174684B0EF
:1011B00088469946B800FFF7BDFE04001FD06020A6
:1011C000FFF7B8FE050017D0602100F09DFE00205B
:1011D0002C6385F85D0003900D980C9901900295A1
:1011E00000914B463A464146304600F00DF82846FD
:1011F00000F058F8012004E02046FFF745FF4FF0CB
:10120000FF3005B0BDE8F0832DE9F8430A9D814623
:10121000286B00EB8202161FF608F60019B30022B5
:1012200005F1340791F800C087F800C00878B8B11C
:1012300091F801C087F801C0487888B191F802C0E0
:1012400087F802C0887800280AD091F803C087F890
:1012500003C0C87820B1121D091D3F1D102AE1D31B
:10126000002085F84300089C042C01D900BE04240A
:10127000099F9846EC62281DFFF751FD05F1180003
:10128000FFF74DFD2D61C4F10504AC61296B6D6262
:1012900043464A463046FFF7E0FD286007B13D600F
:1012A000BDE8F1832DE9F0410446FFF7FFFDDFF8CB
:1012B000C067706CDFF8BC57401C7064686E78BB08
:1012C0006C66706C012833D12846FFF71BFD05F1D1
:1012D0001400FFF717FD05F12800FFF713FD05F1D6
:1012E0003C00FFF70FFD05F15000FFF70BFD05F186
:1012F00084073846FFF706FD05F198084046FFF7DA
:1013000001FD3046FFF7FEFC06F11400FFF7FAFC82
:1013100006F12800FFF7F6FCAF66C6F83C8007E050
:10132000B06C28B9E06A696ECA6A904228BF6C66E0
:10133000706D401C7065E06A296F814238BF286774
:1013400000EB800188002A1D1158221DA1608B68C6
:10135000E3608B685A608A60291861612B585B1CB6
:101360002B50FFF7B7FDB06C68B1686EC16AE06AD8
:10137000814208D24FF08051DFF8AC271160BFF3F3
:101380004F8FBFF36F8FBDE8F08100002DE9F04172
:1013900004002BD0DFF8DC56D5F88000401CC5F8DF
:1013A0008000D5F88000012800D000BED5F86C8000
:1013B000AE6EDFF8BC06C76B696E4444081DFFF7CC
:1013C000D9FC686E44454460686E04D2011D3846FD
:1013D000FFF7B6FC07E0011D3046FFF7B1FCA86F30
:1013E000844238BFAC6700F06BF840B94FF08050D2
:1013F000DFF834170860BFF34F8FBFF36F8FBDE87E
:10140000F0810000F8B58AB0002106AA26A318785A
:10141000107068B15878507050B19878907038B1A9
:10142000D878D07020B1091D1B1D121D1029EEDBCC
:10143000DFF8405605F17C06012400270597049744
:1014400003AA04A905A800F063FD05980499039A6E
:10145000029001910097002306A90FF2C160FFF7E7
:101460006DFE306056F8040B10B10120641EE5D10A
:10147000012808BF00F058FD01280CD180F3108826
:101480004FF0FF32AA67DFF8E81588640022EA66A9
:10149000FFF7FAFC03E010F1010F00D100BEDFF806
:1014A0007C0801680BB0F0BD49444C4500000000C9
:1014B000DFF8C005D0F88010491CC0F880107047D4
:1014C000F8B5FFF7F3FCDFF8AC65D6F88000002430
:1014D000002500B900BED6F88000401EC6F8800086
:1014E000D6F88000002867D1DFF88475786C002872
:1014F00044D161E0E168416020E0306726E0F868AF
:10150000C468216AE269A06A9160E169226A516057
:10151000416804F11802914204BF216A4160A5624A
:101520000168491E0160E168A26860699160A16874
:10153000E26851604168221D9142DBD0656101681B
:10154000491E0160E06A316F8142D6D300EB800210
:101550009000331D1958221DA1608B68E3608B68D1
:101560005A608A603118616133585B1C3350716E68
:10157000C86AE16A88423CBF012272673868002865
:10158000BDD10CB100F000FBFC6C44B100F01CF8C4
:1015900008B101207067641EF8D10020F864706FF4
:1015A00050B1726E4FF08050DFF87C150125086055
:1015B000BFF34F8FBFF36F8FFFF78CFC2846F2BD50
:1015C000DFF8B004C06E7047F0B4DFF8A834D3F889
:1015D00080000021002874D1DA6E521CDA6617D11F
:1015E0009C6E206800B100BE9C6EDFF88404C56B61
:1015F0009D66C463046D641C04659C6E206818B904
:101600004FF0FF349C6703E0986EC46825689D67BF
:10161000986F824251D331E0002565610668761EDD
:101620000660A06A78B1256AE669B560E569266A50
:101630007560456804F11806B54236D00027A762E8
:1016400005686D1E0560E06A1D6F854230D300EBB2
:101650008006B0001F1D3D58261DA560AF68E760DD
:10166000AF687E60AE601D1865611F587F1C1F50FB
:10167000586EC56AE06A854238BF01219C6E2068B9
:10168000C0B1986EC468E4686068824214D3E568AB
:10169000A6686069B560A568E66875604568261D3E
:1016A000B542B9D1E5684560B6E7256A4560C5E74A
:1016B0001867CCE74FF0FF309867586F30B10121C1
:1016C00004E0DFF8AC03C26C521CC2640846F0BCF4
:1016D00070470000DFF87417D1F8800010B10122C4
:1016E0004A6770474867086F00EB800201EB82028F
:1016F00003E000B900BE401E143A11680029F8D07A
:10170000DFF8481700EB800201EB8202536802F118
:10171000080C5B685360634504BFD368536052682C
:10172000D3684B660867486E704700002DE9F843A0
:101730000C4600B900BECF4D6A6EDFF8147702F197
:101740001801FFF7FDFAEE6ED5F86880D7F83C90E7
:10175000686E001DFFF70EFB14F1010F0ED1F86A41
:101760006A6E906081686A6ED1606B6E8268191DC6
:101770005160696E0A1D8260696E67E0686EA41927
:10178000B4424460686E00D25AE0011D4046FFF743
:10179000D7FAA86F844238BFAC67BDE8F183000078
:1017A0002DE9F843154600B900BEB24CD4F88020AC
:1017B00002B900BE626E41F00041DFF8947691619B
:1017C0004168636ED9618A68636E1A62666E8B685F
:1017D00006F118025A60626E02F118038B60616EA6
:1017E00088620268521C0260E66ED4F86880D7F8FE
:1017F0003C90616E081DFFF7BDFA15F1010F0ED187
:10180000F86A626E90608168626ED160636E826811
:10181000191D5160616E0A1D8260616E16E0606E76
:10182000AD19B5424560606E00D209E0011D404629
:10183000FFF786FAA06F854238BFA567BDE8F18340
:10184000011D4846BDE8F443FFF77ABA07F12800C6
:101850004861B86A401CB862BDE8F1832DE9F047E1
:101860000D46144600B900BE4168824E736ED961C0
:101870008A68736E1A62D6F864908B6809F1180250
:101880005A60726E02F118038B60716E8862026892
:10189000521C02600CB14FF0FF35D6F86C90D6F8B0
:1018A0006880DFF8AC75D7F83CA0716E081DFFF7B3
:1018B00061FA15F1010F16D1ACB1F86A726E906041
:1018C0008168726ED160736E8268191D5160716E8D
:1018D0000A1D8260716E07F128004861B86A401CD9
:1018E000B862BDE8F087706E4D444D454560706E3E
:1018F00005D2011D5046BDE8F047FFF721BA011D92
:101900004046FFF71DFAB06F854238BFB567BDE8A6
:10191000F087000070B4C068C06800B900BE026AF9
:10192000C369816A9A60C269036A5A604A6800F1B1
:1019300018039A4204BF026A4A600A680023521ED2
:101940000A604C4AD2F8801039BBC4688568416986
:10195000AC608468C5686C604C68051DAC4204BF0F
:10196000C4684C6043610C68641E0C60C16A146FEB
:101970008C4238BF116701EB8104A100151D6C5822
:10198000051D8460A668C660A6687560A5605418C9
:1019900044615658761C56500DE0DFF8B43459684F
:1019A00000F11804C1618D6805628D686C608C60FF
:1019B0001968491C19608362516EC06ACB6A834200
:1019C0003DBF012001215167002070BC704700001D
:1019D00030B4DFF87834D3F8802002B900BE41F08B
:1019E00000410160C16801B900BE846845680269B0
:1019F000AC60446885686C605468844204BF856844
:101A00005560002404611068401E1060CA688C682C
:101A10004869A2608A68CC68626042680C1DA24274
:101A200004BFCA68426000244C610268521E026012
:101A3000C86A1A6F824238BF186700EB80029000B4
:101A40001C1D22580C1D8A609568CD6095686C60DD
:101A500094601A184A611D586D1C1D50586EC26A58
:101A6000C86A82423CBF0121596730BC7047000000
:101A7000481F01209C1E012010B5040000D100BEAB
:101A8000FFF714FADFF8C803016DDFF8C023216007
:101A9000D06E6060BDE81040FFF71CBADFF8B013ED
:101AA0000A6DDFF8A8330260D96E4160704700000C
:101AB000F8B504000D4600D100BE05B900BEFFF721
:101AC000F5F9DFF88803C16E62682E688B1A16F18B
:101AD000010F15D0DFF87873D7F850C0D4F800E0C4
:101AE000F44505D0914203D30020012428600CE086
:101AF000B34207D2F31A2B60396D2160C06E60606B
:101B0000002402E0002028600124FFF7E3F92046CA
:101B1000F2BD0120DFF834134867704780B500F04C
:101B200005F800F079FBFAE704ED00E038B5DFF8DE
:101B3000204311E0FFF7BAF9206AC568281DFFF7B6
:101B400019F9606C401E6064206C401E2064FFF731
:101B5000C1F9284600F004F8206C0028EAD131BD14
:101B600010B5044694F85D0018B9206BFFF78CFAA5
:101B700001E0012804D12046BDE81040FFF784BAF7
:101B8000022800D000BE10BDDFF8C0128A6E1068B7
:101B900018B94FF0FF328A677047886EC2681368C1
:101BA0008B677047DFF8A402406E7047DFF8A01221
:101BB000886C08B901207047DFF89012D1F88000D6
:101BC00008B90220704700207047DFF88012486E85
:101BD00080694A6E496ECB6AC3F105039361704711
:101BE000000000002DE9FE4F814600248A46904601
:101BF0009B46B9F1000F00D000BEDFF85052D5F877
:101C00008000401CC5F88000FFF750F9686E0C9EFC
:101C1000484490F85C10022910D0686E00F1580119
:101C200051F829205830012122EA0A0A40F829A057
:101C3000686E484480F85C1006B10124FFF74AF949
:101C4000B4B3D5F86CA0A86EDFF804720190F86BFD
:101C50000090696E081DFFF78DF816F1010F14D181
:101C6000F86A6A6E906081686A6ED1606B6E826895
:101C7000191D5160696E0A1D8260696E07F12800A6
:101C80004861B86A401CB86212E0686E5644564516
:101C90004660686E04D2011D0098FFF751F807E016
:101CA000011D0198FFF74CF8A86F864238BFAE6758
:101CB000FFF706FC4CB140B94FF08050DFF89411AB
:101CC0000860BFF34F8FBFF36F8FFFF7EFF8BBF1E3
:101CD000000F05D0686E583050F82910CBF800106E
:101CE000686E484490F85C10022918BF00240AD19D
:101CF000686E012400F1580151F82920583022EA79
:101D0000080840F82980696E0020494481F85C0089
:101D1000FFF7E0F8204603B0BDE8F08F70B3000095
:101D20002DE9F84304460D4690469946012704B92B
:101D300000BE05B100BE089EFFF7D8F8EFF3118191
:101D4000102080F311881EB104EB8500826D326093
:101D5000601990F85C20022380F85C30B9F1040F20
:101D600019D8DFE809F01C0309130F0004EB850004
:101D7000836D48EA03080BE004EB8500836D5B1C70
:101D800083650CE0022A08BF00275AD004EB8500C7
:101D9000C0F8588003E02D4BD86E00B100BE012A78
:101DA0004FD1A06A00B100BE284AD2F8800080BBA3
:101DB000E368A5686069AB60A368E5686B60436829
:101DC000251DAB4204BFE3684360002565610368DD
:101DD0005B1E0360E06A136F834238BF106700EB3D
:101DE0008005131DA8001858231DA0608568E560B4
:101DF00085686B608360E06A00EB8003E06A02EB59
:101E00008303636100EB8003980015586D1C155027
:101E10000DE00F48436804F11805E3619E682662EF
:101E20009E6875609D60A06203685B1C0360506ED5
:101E3000C36AE06A834204D2099800B107600120B6
:101E4000506781F311883846BDE8F2839C1E01205B
:101E5000481F012004ED00E062B38B0708D0521E3A
:101E600011F8013B00F8013B00F024808B07F6D10C
:101E7000830740F0208000BF103A07D330B4B1E8A8
:101E80003810103AA0E83810F9D230BC530724BFFC
:101E9000B1E80810A0E8081044BF51F8043B40F82E
:101EA000043BD20724BF31F8022B20F8022B44BF99
:101EB0000B7803707047083A07D3B1E80810083A66
:101EC00040F8043B40F804CBF7D25307E4E70000A6
:101ED000094B1868094AA0FB02218909491EB1F182
:101EE000807F08D206484160F021064A1170002325
:101EF0008360072101607047981E01203E0AD7A326
:101F000010E000E023ED00E0002200F0B9B900008D
:101F1000044B036003F1600008604FF4007111602E
:101F2000704700BF500A012038B586B000F040F974
:101F3000DFF8CC52A8680024B0B10594049403AA39
:101F400004A905A800F0CCF9059804990322009291
:101F5000039A0290019100230FF2AC210FF27D0051
:101F6000FFF7ECF820B9E86000BE204607B030BDAE
:101F70000124E860F9E770B504460D46164604E012
:101F8000A069216A451920468847A1692B46324637
:101F90004919204600F0F1F80028F1D170BDF8B5DC
:101FA00004460D4696480168CA68D668301DFEF79B
:101FB000E1FE06F120073879410705D52A4621467A
:101FC0003046FFF7D8FF02E000F0FE0038713046DF
:101FD0003968BDE8F440084700000000F0B583B060
:101FE000874D2968086810B90124002602E0C868F6
:101FF00000240668FFF75CFAFFF7E2FA0746286953
:10200000874212D300202F6170BBBCB9B7421AD3EC
:10201000FFF756FA39463046FFF7C1FF26E0D06891
:102020004FF0FF310068FFF7BAFF2A6810680028F8
:10203000F5D168686A6028600120E4E76868016893
:10204000481E8041C40FA8682246F11BFEF736FEE9
:10205000FFF736FA50B94FF080506A490860BFF375
:102060004F8FBFF36F8F01E0FFF72AFA6846002118
:102070000022002380E80E0006E094F82400810787
:1020800047D42046FFF700F8A86800226946FEF70B
:1020900023FC0028A5D000980028F5D4029C606994
:1020A00010B1201DFEF766FEFFF78AFA0646286982
:1020B00086420DD205E0D0684FF0FF310068FFF78F
:1020C0006EFF2A6810680028F5D168686A60286089
:1020D00000982E613746401E0828D5D8DFE800F06A
:1020E00020201907062020190700CDE7C5E794F83E
:1020F000241041F0010184F824100199080000D156
:1021000000BEA161334632468919204600F035F8F9
:10211000BAE794F8240000F0FE0084F82400B3E746
:1021200094F82400324640F0010084F8240001991C
:10213000A0690B464118204600F01FF80028A3D0E4
:1021400094F82400410710D50198A6693618A169B2
:1021500033463A468919204600F00FF848B1A06985
:10216000216A861920468847F1E700F0FE0084F8CE
:102170002400216A2046884786E710B50024416084
:1021800000618A4207D38169D21A8A4207D2011DAF
:102190001B4A506808E09A4203D2994201D30124B5
:1021A00004E0011D16480068FEF7CAFD204610BD78
:1021B0001CB5FEF77BFE124CA068E0B904F11400D8
:1021C000FEF7A0FD04F12800FEF79CFD04F11400C9
:1021D00004F12801002220606160009204F13C03B8
:1021E00004F184020C210A20FEF78CFAA06010B1E1
:1021F00007A1FEF71FFDBDE81340FEF76BBE000010
:10220000A01F012004ED00E0546D7220537663009E
:10221000546D72510000000038B572B6FFF748F9EE
:10222000134801880A0409D5124A13884AF2025455
:1022300014800025058043F425431380BFF34F8F9E
:1022400030BFBFF36F8F62B6BFF36F8F72B60A04F1
:1022500008D5084A13884AF202541480018043F4D6
:102260002543138062B6BDE83140FFF729B900BFAE
:102270000CE00140FEE3014062F30F2262F31F42D3
:10228000401810F0030308D0C91A1FD3DB0748BF5A
:1022900000F8012D28BF20F8022D130030B4144699
:1022A0001546103928BF20E93C00FAD8490728BF55
:1022B00020E90C0048BF40F8042D890028BF20F811
:1022C000022D48BF00F8012D30BC7047C91818BF57
:1022D00000F8012DCB0728BF00F8012D7047000042
:1022E000034B036003F160000860802111607047B8
:1022F000B012012010B51C20FEF71CFE040006D011
:1023000000202060201DFEF7FDFC002020762046E6
:1023100010BD00002DE9F047060089461446984696
:102320004FF0000A00D100BE19F07F4F00D000BE70
:10233000B9F1000F00D100BE089DFFF737FC08B9C6
:1023400005B100BEFFF7B4F8376842464946384643
:1023500000F096F830B10025A4B1306820EA0900F9
:1023600030600FE075B10CB14FF0807AB8F1000F1A
:1023700018BF4AF0806A2A464AEA0901301DFFF771
:102380000FFA0027FFF79CF815B338B94FF08050CB
:1023900011490860BFF34F8FBFF36F8FFFF715FC34
:1023A0000746B80112D4FEF781FD37684246494618
:1023B000384600F065F8002818BF002C04D03068BB
:1023C00020EA0909C6F80090FEF784FD27F07F4750
:1023D0003846BDE8F087000004ED00E0F8B504469B
:1023E0000D46002604B900BE15F07F4F00D000BE98
:1023F000FFF75EF8216820690D43256004E023683B
:102400000B408B420DD0284604F10C01884211D0BC
:102410000268456822F07F415301F0D427683942B1
:10242000F1D0D20148BF0E43216841F00071FFF79F
:10243000CFFAE8E7206820EA06062660FFF740F8B2
:102440002068F2BD10B5040000D100BEFFF730F8DF
:1024500009E0206904F10C01884200D100BE4FF070
:102460000071FFF7B5FA60680028F2D1FFF728F88D
:10247000207E20B92046BDE81040FEF705BE10BD05
:102480000346002012B90B4204D002E00B408B42FD
:1024900000D10120704700002DE9F84185B0466A5F
:1024A000046B0025F089B0F5807F04BF308A0828CE
:1024B00040F0EC80B07C062804BFF07C042840F09B
:1024C000E58006F11C000268DFF8FC760092D6F881
:1024D0002680B86E40B107F1640107F16C00FFF788
:1024E000E7FA012808BFBD66B07DC10700F1CE80C4
:1024F0000098010201F47F0141EA0061000A00F442
:102500007F400143009841EA106101F10141B1F1BE
:10251000807FC0F0BB80002C00F0B88021680246AC
:102520008A4213D1B86E002840F0B0800122BA660A
:10253000204600F096FAFFF743F8386607F16C0082
:10254000FFF79AFA4FF47A7078669FE0206CC0F338
:102550000010002800F09A80B08AB0F5807F03D088
:10256000B0F5007F63D091E0884529D1062206F1BD
:10257000160104F1380000F033FB002800F08680DB
:10258000009D224606F11600294600F01BF94FF483
:102590000070B082062206F1160106F12000FFF756
:1025A0005BFCC6F82650062204F1380106F116003D
:1025B000FFF752FC216806F11C000225016065E06E
:1025C000424501BF6068024001408A425ED1062157
:1025D00002A8FFF799FC0622DFF8F01506F12000AB
:1025E00000F0FEFA38B1062202A906F1200000F040
:1025F000F7FA00284AD1062206F1160104F1380044
:1026000000F0EEFA002841D0019501AA0DF10E016B
:10261000684600F04BF9012804BF0198A04235D16B
:102620000099224606F1160000F0CCF82EE0D6F80C
:1026300026009046884204D0404600F02BF801283E
:1026400005D12246414606F1160000F0BBF8DFF83E
:1026500080452068D0B100F0BBFE142801BF21687E
:102660004A6AD2F81A00804510D1012302918DF8F0
:102670000430002101A800F0D2FD01281CBF206811
:10268000FDF7C7FF0020206000F0F4FF284606B0E9
:10269000BDE8F08110B4DFF830351C680146002039
:1026A00000228C4206D19A18D17A0120B1B90020BB
:1026B00010BC70471C6910228C421EBF20221C6A6D
:1026C0008C42F0D01C6B30228C421EBF40221C6C0E
:1026D0008C421EBF50221C6D8C42E4D010BC70474F
:1026E00070B50446666A0025206BB189082918BFB9
:1026F000B1F5C16F00D000BED6F81A10426800686C
:102700001140024091420AD1D6F81A00FFF7C2FFE9
:1027100028B9D6F81A10206B012500F0A2F9284636
:1027200070BDF8B504000D464BD0DFF89C743B68D3
:102730000026AB4209D106222146381D00F050FA8E
:1027400018B99620B9198872F1BD38691026A842C7
:1027500007D10622214607F1140000F041FA0028B3
:10276000EFD0386A2026A84207D10622214607F179
:10277000240000F035FA0028E3D0386B3026A84258
:1027800007D10622214607F1340000F029FA00287B
:10279000D7D0386C4026A84207D10622214607F13F
:1027A000440000F01DFA0028CBD0386D5026A84216
:1027B00007D10622214607F1540000F011FA002843
:1027C000BFD0F1BD2DE9F04F80460D4683B0914654
:1027D000284601F048F8002865D04FF0FF36002762
:1027E000DFF8E443029501964FF0FF0A04F10A0B6B
:1027F00000970025B8F1000F06D006224146ABF144
:10280000060000F0EDF938B15BF80A0C0299884235
:102810000BD01DB101970DE00125F5E79BF80000F5
:10282000504507D28246009704E0B8F1000F07D068
:10283000ADB93E467F1C0BF1100B062FD9DB00E033
:102840003E4601980D46009F002811D40746002EF1
:1028500011D404EB06101021FFF756FB0BE004EB3C
:102860000710962201218272C172C0F80C901AE002
:10287000002E58BF374604EB0714B8F1000F25604F
:102880000BD006224146201DFFF7E6FA9620A072E3
:102890000121E172C4F80C9005E0002E03D505205B
:1028A000A0720021E17203B0BDE8F08F2DE9F0477E
:1028B0008A460226BAF1000F00D100BE5FEA000985
:1028C00000D100BE150000D100BE00212960D9F85A
:1028D0000040204600F09EFF8046204601F0DAF8D6
:1028E00058B1B8F1000F20D0062208F13801504647
:1028F000FFF7B2FAC5F8008016E0204601F08AF82A
:10290000B0B15146204601F0A5F9002000F059FF72
:1029100003E00146002000F062FF30B1016CC1F31A
:10292000C0010029F5D1286001263046BDE8F087B6
:10293000200EFF280BD10622A4495046FFF78CFA3F
:10294000204600F090FF0028EED02860ECE7D9F890
:10295000000000F088FF40B9402001F03FF810B1BE
:10296000D0F8088003E02860DFE7D9F8008028600D
:10297000B8F1000FD9D0944F3868002600244045A4
:102980001EBF1024386940450FD0386A20244045C6
:102990001EBF3024386B404507D0386C402440457A
:1029A0001EBF5024396D41450ED13819C07A08B97F
:1029B000022609E03819011D06225046FFF74CFA9D
:1029C0003819C06801262860C9F80080ADE770B5E5
:1029D000804D0624287818B91035641EFAD118E005
:1029E000411E2970687848B12978042906DB2878C7
:1029F0000028F1D1002145F80A1CEDE755F80A6CD2
:102A0000304600F030FF0028F1D0314600F029F8C0
:102A1000EDE7FEF7D5FD06466B4D286E20B1301A66
:102A200040F2D171884215D36B4804680FE0226CE4
:102A3000C2F3001000281CBF2168002905D0C2F392
:102A4000C00010B9204600F00CF8D4F8A840002CC3
:102A5000EDD12E6670BD00215B4A1166032000F0A7
:102A6000BBBB7CB50546286C0E46C0F3C00038BB26
:102A7000286828B300212A20FDF77AFD04001FD022
:102A800066612563D5F8A400E062204600F024F8D2
:102A900001F073F938B1D5F8A40088B1C3680122F8
:102AA0002146984773BD02218DF8001001944FF024
:102AB000FF31684600F0B3FB10B92046FDF7A9FDD1
:102AC00073BD10B5044600F0CEFE18B12146BDE836
:102AD0001040C6E710BD000038B5040000D100BEAC
:102AE000A06A2A2800D200BE206B00B900BE656A29
:102AF00026223A492846FFF7AFF9206B062200F15B
:102B00003801A81DFFF7A8F9206B062200F1380153
:102B100005F11600FFF7A0F9206B05F11C01026812
:102B20000A6060692A21C5F82600A16231BD78B427
:102B3000002842D02449CA68824205D100220023DD
:102B40000024002581E83C00CA69824207D101F1D6
:102B50001002002300240025002682E87800CB6ABA
:102B6000834207D101F12002002300240025002622
:102B700082E87800CB6B834207D101F13002002359
:102B800000240025002682E87800CB6C834207D120
:102B900001F14002002300240025002682E878008D
:102BA000CB6D83420ED101F15000002100220023A1
:102BB000002480E81E0071BC70476021024874BC8C
:102BC00001F0C2BA71BC7047540000200434000008
:102BD000183700205E000020A489002018A90000FA
:102BE0000300002013F0030F09D0521E22BF13F878
:102BF000010B11F801CBB0EB0C00F3D07047121FA2
:102C000022BF53F8040B51F804CB6045F7D0121DD6
:102C10000AD200BA9CFA8CFCB0EB0C0038BF6FF003
:102C2000000088BF01207047521E22BF13F8010B1D
:102C300011F801CBB0EB0C00F6D0521C08BF1046C7
:102C4000704700002DE9F8478DB01E2000F0C7FC4A
:102C5000DFF854170C6803E0204600F0E9F9646AD5
:102C6000002CF9D1642000F077FC002000F002FD78
:102C700001F076FADFF834670120306100F0EDFBF7
:102C800000F0C8FB024670686946FDF725FE20B9D2
:102C90004FF0FF308DF800009FE19DF900100B29E7
:102CA00000F29B81DFE811F096016E006600630080
:102CB00099012C001B0017000C0099013400300012
:102CC000019C204601F07CFD002800F086812068F0
:102CD00040F0040046E0012000F0B5FC7DE10199E0
:102CE00001220B6CC3F3C00000B10022980740F131
:102CF0007481002A00F07181002001F093FD6CE1E5
:102D0000019802F02FFA68E1019802F0DFFC64E11B
:102D1000019C18208DF81C00217ACA0711D40220CA
:102D20008DF81D00A16A080200F47F0040EA0160EE
:102D30000A0A02F47F42104340EA11600990002021
:102D4000A062218F00231822080A40EA01200021F6
:102D5000ADF81E00218707A9204602F011FC20686B
:102D600040F010002060204602F0DAFE35E1FFF767
:102D70002EFE32E10199C86A002800F02E8101225E
:102D8000C3680DE1019C002C00F02781E06A00255A
:102D900000281CBF206B002800F01881A06A0E28B4
:102DA000C0F01481676A07F10C08B8F80010082910
:102DB00008D0B1F5C16F00F09E804DF68652914269
:102DC00040F09F802228C0F00181082940F09180C6
:102DD00098F802A00E384FEA8A0A0AF03C0A5045D9
:102DE00028BFBAF1140FC0F0848098F80B905246B7
:102DF0002146384600F062FE054698F80200616AF6
:102E0000012D01F8060C7CD1B8F80000082807D184
:102E1000BAF1140F04D9204600F0F4FE050070D07A
:102E2000B9F1110F0DD0204600F0E6FD01285AD06F
:102E3000B8F80000082804D1D7F81A10B81DFFF719
:102E400070FC042D5DD0B9F1010F4ED0B9F1060F21
:102E500003D0B9F1110F06D04BE0204601F066FB1C
:102E600001284ED13AE000250295616A4DF686525E
:102E70008B89084693420CBF3E232A23B0F826E0F4
:102E800087894FEA1E2C4CEA0E2C082F1FFA8CFC67
:102E90000BD197420CBF28211421028A170A47EA56
:102EA0000227BFB2791A61452BD3A16A994228BF84
:102EB000BCF1080F25D3ACF1080EC91A8E453CBFF2
:102EC0007344A362418C02AAA186D0F81A106161F2
:102ED000818C204602F04EF9012801D1032510E033
:102EE000029801280DD104250BE0204602F096FF40
:102EF00006E0002505E02A2868D32046FFF7CCFA33
:102F00000546022D14D061D3042D01D065D35DE0B8
:102F1000B8F8000008281CBFB0F5C16F204656D194
:102F20003068002852D13460C82000F000FB54E023
:102F30000022616A0292206B0D4638B98889082800
:102F40004BD1D5F81E0000F08EFC2063206B0028CA
:102F500043D0D0F8A480A88908280CD1D5F81E0049
:102F600004F1300205A9029002A8FFF79FFC012896
:102F700008BF05A900D0A91D06222846FEF76CFF50
:102F8000206B062200F13801A81DFEF765FF00F056
:102F9000F4FE012806D1012221464046D8F80C3023
:102FA00098471AE002208DF80C00306904944FF025
:102FB000FF3558B100F0E1FE012808BF0025706818
:102FC00000232A4603A9FDF7EDFB30B92046FDF7A3
:102FD00020FB02E0019800F0DDFEB06800283FF41D
:102FE0004DAE0021B16000F0E6FB04003FF446AEB8
:102FF000E069C0F3400030B1204600F0CBFEE0694C
:1030000020F00200E061204600F0D8FBEDE7DFF899
:103010009C03C0687047016C41F010010164C1F36A
:10302000C000002804BF4FF47A7000F0ABBA7047BC
:103030003EB50446E0690021DFF8705340084000C7
:10304000E0618DF80010019400F097FE686800239D
:1030500000226946FDF7A6FB0128E06906D040F092
:103060000200E0610121A96003B030BD20F0020040
:10307000E06103B030BD00002DE9F043DFF83053CC
:103080000446884605F1AC0983B016461F464946FA
:10309000002002F0DDFF0A98019700960290434657
:1030A00022462946484600F005FB286C40F0020005
:1030B000286403B0BDE8F04330B583B0002400F0CD
:1030C0007AFB00B900BE00F0B7FEDFF8E0520094D2
:1030D00005F1140305F15C0208211520FDF712FB30
:1030E0006860E8B10FF20C31FDF7A4FDFDF714FAAA
:1030F000012818D102F050F805F5827005F5B2717B
:10310000042202900191009200234FF4A0520FF28A
:10311000EC21DFF8A002FEF711F800B10124E8600D
:10312000204603B030BD6868FDF708FD6C60F7E726
:1031300080B500F00FFE00B900BEBDE80240FDF70B
:1031400068BA2DE9FE4F914683468A460FF2BC22AB
:10315000D2E900010027BAF5B86FCDE90001AD4111
:10316000ED0FFDF779FA0AF12A08042830D3BAF1F5
:10317000000F18BF002D2BD049464046FDF7F8F947
:10318000050025D0686A0821DFF82C428181268855
:1031900000F8221F4770761C8680C6807822514630
:1031A0000830FFF769F8696A02208871C5F814B021
:1031B000AF86C5F82880019526804946684600F00C
:1031C0002EF8012803D02846FDF723FA00E02788CF
:1031D000384603B0BDE8F08F1CB58DF80000002024
:1031E0000190724C206920B99DF9000070B1002057
:1031F00016BD9DF90010072908D1012000F023FA1F
:103200006068FDF78FFC08B1012016BD00F0B5FD28
:103210006068002300226946FDF7C4FA16BD70B548
:103220000546624E30690C4695F90010002801D120
:1032300059B170BD072908D1012000F004FA706867
:10324000FDF770FC08B1012070BD00F096FD01286B
:1032500001D104B100242246294670680023BDE84C
:103260007040FDF79FBA000038B504460025002CD9
:103270003CD0A08940F20162010A41EA002189B2F2
:10328000914233D3B0F5C16F18BF08282ED1002169
:10329000204600F0CCFA40BB0622214659A0FFF799
:1032A0009FFC10B3062221464448FFF799FCE8B181
:1032B000062221464248FFF793FCB8B10622214678
:1032C0004048FFF78DFC88B1062221463E48FFF7B3
:1032D00087FC58B12078012801BF60780028A078C9
:1032E0005E2803D1E078802800D20125284632BD2F
:1032F00010B50020002400F064FA00B18468204674
:1033000010BD10B50020002400F05BFA00B1C468C5
:10331000204610BD10B50020002400F052FA00B184
:103320004468204610BD10B50446002000F049FA5C
:1033300030B1214606223830BDE81040FEF78CBD82
:1033400010BD1A4800697047002013E018B1006CE6
:10335000C0F3001070471D490120096800E0916E1C
:1033600039B101F140021168C1F300110029F6D111
:10337000002070470146154A0120126802E002F160
:1033800040039A6E6AB100291EBF02F14003D3F8D0
:1033900064C08C4502BF136CC3F30013002BEED145
:1033A0000020704700000000A88900201837002086
:1033B0007C880020452C00002221012078B30000E9
:1033C0007EB3000084B300008AB30000A48900200B
:1033D000426A4DF686519089884201D12820704773
:1033E0001420704720B1007AC10701D5282070470A
:1033F000142070474E657445766E740049502D5404
:1034000061736B00FFFFFFFFFFFF0000050000007E
:1034100000000000A2490A784FF47A70D30704D55F
:10342000C968B1F57A7F38BF08469E49096809E046
:1034300091F84820D30703D54A6D824238BF104621
:10344000D1F8A8100029F3D195490A7DD30703D5F7
:103450000A6A824298BF1046704770B5904C204669
:1034600000F0D3F810B10320FFF7B6FE04F13C00E2
:1034700000F0CBF800281EBF8B4D2868002807D02D
:10348000E16B49084900E163FDF7C3F800202860BB
:1034900084490C6810E004F1480000F0B6F80028F8
:1034A0001EBF206CC0F3400000281CBF204600F067
:1034B00043FC04F14000846E002CECD17B48006892
:1034C000774DFDF72FFB441EA44105F11400E40FD6
:1034D00000F09BF8002C08BF002807D0204602F01F
:1034E00070FB014605F1140000F01DF8002000F00B
:1034F000F3FE002000F0FCFE286D98B905F12800CD
:1035000000F083F870B16A480126046807E0207F64
:10351000C10703D420460026FFF78AFD646A002C09
:10352000F5D12E6570BD38B505460C462EE038B590
:1035300004465B4D05F14000FEF79EFAAC64002C9A
:10354000E86B0CBF40F0020020F00200E863E86B7B
:1035500040F00100E86331BD38B50446504D6C625F
:1035600005F11800FEF788FA2C62002C68690CBF80
:1035700040F0020020F002006861686940F001003C
:10358000686131BD38B50446454D2C61281DFEF7F4
:1035900073FAEC6024B9286840F00200286003E068
:1035A000296821F002012960286840F001002860A4
:1035B00031BD38B505460C46AC6505F14C00FEF74B
:1035C0005BFA6C65002CA86C0CBF40F0020020F088
:1035D0000200A864A86C40F00100A86431BD38B5B1
:1035E00004462F4DAC6305F12C00FEF745FA6C63E1
:1035F000002CA86A0CBF40F0020020F00200A86274
:10360000A86A40F00100A86231BD10B504462068E8
:10361000C10701D4002010BDC0F3400048B904F137
:103620000C01201DFEF744FA18B1206840F002009A
:1036300020602068C0F3400020B121692046FFF7D8
:1036400072FF012010BD16494A69002842F00102AC
:103650004A6114BF42F0020222F002024A6170473E
:1036600000280F48016812BF41F0010149084900D4
:103670000160704700280A48C16B12BF41F0010188
:1036800049084900C16370470029816C12BF41F0AD
:103690000101490849008164704701490865704784
:1036A00050890020A4890020183700201C370020F2
:1036B000A88900202DE9F84F5FEA0008154668D078
:1036C0000C0066D004F1A40A0B9F0A9E9946DAF812
:1036D00004B0AC21204600F037FDCAF804B0A87849
:1036E000E97899F80120000440EA016069782D78B2
:1036F00040EA012099F80210054399F803000904F3
:1037000041EA006199F8000041EA02210143616049
:10371000B178F2783078090441EA0261727841EABE
:1037200002210143A160B978FA783878090441EAA6
:1037300002617A7841EA02211C220143E16061685A
:1037400004F11C0065EA010161612146FEF794FB6A
:10375000E5610C99062204F13800FEF77DFBCAF8FA
:103760000080D8F8200008B9C8F82040A0480168B7
:1037700029B9CAF804100460BDE8F18F0146A142DE
:1037800007D0D1F8A8000028F8D1CAF80400C1F881
:10379000A840BDE8F18F68B196490A681AB9086077
:1037A000002106E00A46824204D0516A0029F9D17C
:1037B0005062416270478F480068704700B1406AAC
:1037C000704701468A48006800E0506830B100291F
:1037D0001EBF00F1A40213688B42F6D17047024667
:1037E00059B1D1F8A800A0B19AB100F1A4010B68B9
:1037F000934218BF4868F6D170477D48006800E0E2
:10380000486830B1002A1EBF00F1A4010B68934242
:10381000F6D1704701467648006801E0D0F8A8006C
:1038200020B100291CBF02688A42F7D1704770B5E9
:1038300006006F480C46056804D1002511E005F12B
:10384000A40045686DB1002C1CBFD5F8A4309C4283
:10385000F5D10622314605F13800FFF7C1F90028FD
:10386000EDD1284670BD01466148006801E0D0F8FE
:10387000A80058B111F1010F08D04268D0F800C07B
:1038800002EA010302EA0C029342F0D170472DE9EB
:10389000F84388B005461E4604A8002200230024F1
:1038A000002780E89C00684680E89C004DF6865220
:1038B0004FF0000891420CBF4FF00109994628468D
:1038C000FFF77FFF0400109F28E00622394604F12D
:1038D0003800FFF785F9216C401E8041C00FC1F30D
:1038E000C001894515D1DDF80CC004A9CC600CF1EC
:1038F000010CCDF80CC02368D6F800E0734503D165
:10390000009B04945B1C009318B102988C60401CCF
:10391000029021462846FFF762FF0400D5D10098A7
:103920000021012803DB04AA52F801800BE0019A70
:103930000421012ABEBF0821029A012ABEBF0C2120
:1039400003980128EFDA404609B0BDE8F083000093
:10395000F0B504468BB0002001B900BE8A1C12F0FD
:10396000030F00D000BE8D8907AA00230026002780
:10397000844682E8C81003AA82E8C810082D19D02E
:10398000B5F5C16F28D1888AB0F5807F07D101F1E4
:103990001C00036807AA1360D1F826000FE0B0F5F9
:1039A000007F0DD101F11C0003681360D1F82600DF
:1039B000079005E0D1F81A000790D1F81E00039097
:1039C000062201A8FEF748FA01AB009303AB07AA51
:1039D00029462046FFF75BFF0BB0F0BD04480068A6
:1039E00001E0D0F8A80010B181680029F9D0704733
:1039F000A4890020A889002038B504460025FFF7D7
:103A0000E7FC142803D12046FEF76AFE0546284647
:103A100032BD0000010201F47F0141EA0061020AA7
:103A200002F47F42114341EA106101F10051B1F10A
:103A3000805F8041C00F704730B401460B690020A1
:103A400000221C0204F47F0444EA03641D0A05F406
:103A50007F452C4344EA136404F10144B4F1807FB0
:103A600038BF0122CB6800211C0204F47F0444EA21
:103A700003641D0A05F47F452C4344EA136404F1F2
:103A80000144B4F1807F38BF01218A4218BF012070
:103A900030BC704701460A0202F47F0242EA01622A
:103AA0000B0A03F47F431A4342EA1162002002F139
:103AB0000142B2F1807F38BF012070472DE9F04705
:103AC0000546D5F81E70D5F81A80A88A0E4601243E
:103AD0004FF63F71084240F08E80A87B45380B2896
:103AE00080F089803846FFF7D5FF012804D0404692
:103AF000FFF7D0FF012828D105F10E00FFF79CFF4A
:103B0000012878D0B06A716A222874D301F10E02BC
:103B10001378A3F145060B2E6DD29B0003F03C03F6
:103B200003F10E06B04266D35688370A47EA0627E5
:103B3000BFB207F10E06B0425DD3527A112A48D0C7
:103B4000062A42D103F1220245E03846FFF762FE21
:103B500088B9380EFF280ED0390201F47F0141EAFE
:103B600007613A0A02F47F421143084300F1005012
:103B7000B0F1805F3FD24FEA1869B9F1FF0F3AD038
:103B8000DFF87CA0062229465046FFF729F810B935
:103B90003F0EFF2F2FD10622A91D5046FFF720F818
:103BA00048B34FEA082000F47F0040EA08604FEA7B
:103BB000182808F47F4848EA000849EA080808F18C
:103BC0000058B8F1805F9DD215E0012A18BF022A83
:103BD00011D103F11602904224BFFF1A082F22BF11
:103BE00040F2DC50C31ABB4205D3E87D112804BF64
:103BF000088D002800D100242046BDE8F087000091
:103C00000434000070B50446606AA26A00F10E0533
:103C100029782230890001F03C01A1F11406921BA1
:103C2000223A691802F0A4FAA16A891BA162688885
:103C3000010A8A1B41EA0021287889B28E1B360AC4
:103C400046EA022600F0F00040F0050028706E8081
:103C5000012070BD0302020A03F47F0302F47F42D5
:103C60001A4342EA10620120087000234B70100CC6
:103C70004FF05E0C00F07F00130A81F802C0C8709C
:103C80000B714A717047F0B4002313601469278ADE
:103C9000A57B4FEA172C4CEA072C05F00F05AD0069
:103CA0001FFA8CFCAC4507D3556022290AD241F299
:103CB00034209081042325E041F2342090810323B5
:103CC00055601FE00E35A94204D241F234209081A4
:103CD000052317E0258A2E0A46EA05261683B6B282
:103CE0000E36B14204D241F234209081062309E01D
:103CF000E17D91735168401800F10E04108B5461FE
:103D0000411A51831846F0BC70470000837B112B89
:103D100002D14069C1807047062B02D140690182FF
:103D20007047012B18BF022B03D002681AB13A2B3F
:103D300001D14069418070471CB500F17C021378C5
:103D400006248DF800400190537000216846FFF76B
:103D500066FA16BD80B1A0F13001097801F0F001DA
:103D6000402918BF602900D000BE343810F0030F7E
:103D700001D1006870470020704710B5FDF712FFB1
:103D80000446FFF744F9844201D1012010BD002010
:103D900010BD000038B5050000D100BEA86800B90C
:103DA00000BE0020FFF75CFC2846FFF70AFD11E08B
:103DB000206C20F0100020642046FEF7B8FE206C36
:103DC000C0F3400010B1204600F0A3FD2146284674
:103DD000FFF705FD0400EBD1A968284688470128B4
:103DE00024D1E86940F00100E8612846FFF7E9FCCA
:103DF0001AE0C1F3C00018B12046FFF70CF90FE03C
:103E00001C2204F11C012046FEF736F8F4E712D01C
:103E1000216CC1F340000028EBD0214600F002FDE8
:103E200021462846FFF7DBFC0400F0E70020BDE850
:103E30003240FFF732BC31BD80B5FFF782FA00B1E6
:103E400000BE0449086800B100BEFFF7E0F800B109
:103E500000BE01BD1C370020F0B587B006460F46F6
:103E600014461C21684600F06FF9B08908281CBF71
:103E70004DF68651884200D000BE049630468189B6
:103E8000082915D16A463946FFF7FDFE002840F0A3
:103E9000AE809DF80E50112D0DD1BDF81A000828E6
:103EA00022BF01981630874230D241F234215FE0C0
:103EB00041F2342099E0062D13D1BDF81A001428E0
:103EC00023BF01982230874241F2342150D3059814
:103ED000007B0009052828BF800018D241F2342059
:103EE00083E0012D18BF022D06D0009808B13A2DAD
:103EF0000ED044F2213078E0BDF81A00082823BF24
:103F000001981630874241F2342131D308200290C3
:103F10003CB3112D12D105990020C8800299BDF83B
:103F20001A3089B28B4206D3019840F2DC511A460E
:103F3000091A91421FD241F2342056E0062D03D1D6
:103F4000059900200882E9E7012D18BF022D04D051
:103F500000980028E2D03A2DE0D105990020488051
:103F6000DCE7112D02BF0599C8880028D6D10021B1
:103F7000ADF80C103BE0012D18BF022D0AD00098BF
:103F800088B90498EB18ADF80C3000F11A0108322A
:103F900098B203E006F10E010918002000F02BF89A
:103FA000C043ADF80C00002CBDF80C0007D120B9BF
:103FB0004FF6FF71ADF80C1009E0002005E0002875
:103FC00008BF112D03D14FF6FF70ADF80C00BDF8FE
:103FD0000C00010A41EA0021ADF80C103CB189B295
:103FE0006846FFF793FE4FF6FF70ADF80C00BDF882
:103FF0000C0007B0F0BDFCB4030A43EA0023002420
:1040000001F003059BB20093019415F001000ED05E
:10401000009E009B360206F47F46C3F307231E432F
:10402000009622B111F8013B521E8DF80530012D8A
:1040300018BF022D07D1012A05D9009D31F8023B96
:10404000921E5D19009593089B000C2B20D30C3B0E
:1040500026461DD0009D0F687F19AF420CD34D68D6
:10406000ED19BD420AD38F687F19AF4208D3CD68DE
:10407000ED19BD4207D205E0641CF0E7641CF2E7CD
:10408000641CF4E7641C103110369E42E3D30095A3
:10409000BDF80050BDF8023002F00F025D1964193E
:1040A00053085B004FF0000505D031F8026BAD1CE2
:1040B00034199D42F9D3D20744BF09788DF8041012
:1040C00001990C190094BDF80020BDF802108A185F
:1040D0000092BDF80020BDF80210891828B108022E
:1040E00000F47F40C1F3072101430804000E40EAB9
:1040F0000120F6BC80B270478842C8BF08467047AE
:10410000884288BF08467047884288BF0846704783
:1041100009B900BE70470818401EB0FBF1F04843D3
:1041200070470000014648780A78000440EA0260BF
:104130008A78C97840EA02200843704701784078BD
:1041400040EA0120704700000022FCF7CBB90000D4
:104150001CB5049C0023009400F00EF8012016BD4D
:1041600080B54FF48E714C48FFF7EEFF00224B49AB
:104170000A6001BD000000002DE9F84F04468B469F
:1041800090461D46FDF71CFA04B900BE1DB14FF064
:10419000000CCBF800C0424AA0FB0221DFF80491DA
:1041A0003D4EC808A0FB0993307D4FF000094FEA4F
:1041B000532A58B1214606F1140002F015F80028E0
:1041C00002BFDBF810003169884204D0012D3CD1D8
:1041D000CBF800905DE04FF00109012D29D106F5E3
:1041E0008A70016840680A0202F47F02AAEB000AA2
:1041F00042EA0162080A00F47F40024342EA116287
:10420000924513D20A9C142231465846FDF734FEDB
:10421000002C3ED0306900283BD13246022106F105
:10422000140001F0EBFFA0B3206032E000203075F5
:104230002FE0142259463046FDF71EFE06F58A701F
:10424000C0F80080C0F804A023E0204602F0E6F9A0
:10425000FE281ED2114D2F68204602F0DFF94FF4E0
:104260008E71794302467F1C7618214606F11400B0
:1042700002F0F0F9142259463046FDF7EDFD06F53F
:104280008A70C0F80080C0F804A0012F08BF002782
:104290002F604846BDE8F28FF83500201437002023
:1042A000CDCCCCCC986E128338B5002586B01446A0
:1042B00002290ED1059500940123002201A9FFF7E0
:1042C0005BFF002818BF002C03D0206808B14069AC
:1042D0008568284607B030BD38B50446DFF8245558
:1042E000286800281CBFA04201F0F0F92C6031BD05
:1042F00038B50446DFF81055286800281EBFA042D4
:10430000B0F86A1001F01BFC2C6031BD10B50446FA
:1043100094F86D00052805DBD4F8940010B1204610
:1043200002F011FC94F86D00052801DA022802D190
:10433000204602F0C5F9204600F0B6F82046BDE858
:10434000104002F073BC10B500F15C04FDF738F9C1
:10435000206220680021217620F4C0602060FDF7F3
:104360002FF9E06110BD00002DE9F041054605F18F
:104370006407787A0E462C468046B8F1050F03DBB9
:10438000082818BF012100D10021052E03DB082ECB
:1043900018BF012000D10020B8F1020F1CBFB8F1F6
:1043A000030FB8F1040F02D1082E08BF012181428A
:1043B0002AD0E96D01F00C02042A04BFFC68002C2D
:1043C00000D100BEB8B1C1F3800078B134B1206F24
:1043D00000B92567206840F0040020600021F960E2
:1043E000E96D012060F34201E96508E0286840F0CA
:1043F0000800286003E0216841F020012160787AFC
:1044000002F00AFC00B938807E72310018BF082E15
:104410002FD1AC4202D1F86800B10446FDF748F84C
:10442000E86D10F0060F22D0C0F3C000F8B9DFF835
:10443000DC03C16800F1080291420DD0CA684968E6
:10444000AA42F7D0138FB5F838C0634504BF136F85
:10445000AB42EFD100201067E86D20F00600E86560
:10446000FFF78BFC00B900BE2846FFF735FFFDF7CC
:1044700027F8082E0DD1E86DC0F3C00048B1A8F1AF
:104480000308B8F1010F04D8002078722846FFF71E
:104490002FFF2846FFF757FF24B12046BDE8F04123
:1044A00001F03EBBBDE8F08138B544F620650095CB
:1044B00000F15C04617C02291AD12068C0F3C0209D
:1044C00070B1207C032807D208B900900BE040F6B9
:1044D000B831401E814001E042F6F821009102E02F
:1044E0004FF4FA720092009D6421A1FB050113E0D4
:1044F0002189C9B9D0F8F4106A4600F5807002F03D
:10450000ABFE009921B900281ABF01210091009546
:1045100000996422A2FB01014FF47A72002302F099
:10452000D5FE00B901202081208932BD2DE9F0415E
:104530008AB04FF0010800B900BE416A01B900BE5F
:104540000490FEF745FF049B0E3000F11402996AB7
:104550009142C0F0FB80596A4DF686520C18608873
:10456000657B070A47EA00272088060A46EA0026F4
:104570008889904207D1CDF824801022163105A8F1
:10458000FDF76AFC15E000200990D1F81A20D1F857
:104590001A00000200F47F0040EA0260D1F81A20FD
:1045A000D1F81A30120A02F47F42104340EA136035
:1045B0000590B6B2039605A982B068461422FDF7AD
:1045C0005BFC0CBCB9B2002001F037FB070005D042
:1045D00007F16406707A02F01FFB28B905F01F008E
:1045E000102800F0B38008E000203072707A0128B3
:1045F00012D105F01F00022806D0680700F1A6803E
:10460000049802F0FAFAA1E00499384602F077FD26
:10461000070040F0AE8099E0690740F191800228E0
:104620001AD1A168A068000200F47F0040EA01608E
:10463000A168A268090A01F47F41084340EA1260B8
:1046400007F582718A6A401E904240F07F80002107
:104650003846FFF789FE79E06168606865680002A6
:1046600000F47F0040EA016061682D0A05F47F458F
:10467000054345EA116507F58274E1688D4250D122
:10468000707A3C46052814DB082812D097F85C00A5
:1046900000F00C00042804BFF468002C00D100BE18
:1046A000206840F020002060707A02F0B5FA00B96E
:1046B000308000217172BC4202D1F06800B1044622
:1046C000FCF7F6FEF86D10F0060F20D0C0F3C00026
:1046D000E8B94E48C16800F1080291420CD0CA689E
:1046E0004968BA42F7D0138F3D8FAB4204BF136FB6
:1046F000BB42F0D100201067F86D20F00600F8658D
:10470000FFF73BFB00B900BE3846FFF7E5FDFCF7BD
:10471000D7FE3846FFF717FEC4B1204601F000FA75
:1047200014E0284602F0F1FE80B1E16820684118EB
:10473000284602F0E3FE48B1049802F053FA05E07F
:1047400005F01F05022D04D1052802DB4FF00008FB
:1047500032E03846FEF746FE04990E303D184B6AAB
:104760001422191805F19A00FDF776FB102085F840
:10477000A7003846FFF7E7FD207B00F0F000512846
:1047800006D30499384602F0F8FE5FEA000813D019
:10479000E089010A41EA0021384689B2C7F8F410DD
:1047A00004A902F0D3FA049818B1FBF732FF0020F5
:1047B00004903846FFF778FE40460AB0BDE8F08125
:1047C00070B40246108F114CE568030A43EA0023D7
:1047D00000209BB200E06D6804F108018D420ED00C
:1047E0002E689E4202BFEE6896F83B100629F2D171
:1047F000F16DC1F340010029EDD01667012070BCB6
:1048000070470000D8890020DC890020C089002082
:10481000DFF808190A68824201D1012070470020A0
:10482000704700002DE9F84183B080460E4601270D
:1048300006B900BE306CC0F3C00000B100BEB8F1D4
:10484000000F03D0002086F87C0005E006F17C0014
:104850000178407881424BD106F17C0568680028D8
:1048600046D0002102910020019000906868052345
:10487000002202A900F01BFDF02838DB0298DFF8C7
:10488000A028D0F8EC10914204BF017802291CD175
:10489000DFF89028146802E004F17C01CC6AA4B12E
:1048A0004168E26D130203F47F0343EA02634FEAB7
:1048B000122C0CF47F4C4CEA030343EA1263994236
:1048C000EAD194F87C0005281AD1002001900090CC
:1048D00068680123002202A900F0E9FC002803DD3A
:1048E000029808B1FEF724FC68680028BBD127B104
:1048F00032460021404600F015F804B0BDE8F081D2
:1049000022460121002000F00DF8A642ECD100273C
:10491000EAE710B504460021FEF7B6FE2046BDE8E2
:10492000104029E1F8B51446002504B900BE10B1C5
:1049300084F87C5006E004F17C00027840788242E2
:1049400040F0198104F17C06DFF8DC7730783A78A2
:10495000824218BF3870062800F2F580DFE800F0C8
:104960000418448B35C9EF0004F15C0002F0EDFE41
:1049700060B14FF4FA71A5672566A56661672046A8
:1049800000F012F919212046FEF713FE012089E0FC
:10499000E169002002F0B9FF70B97068002846D0C4
:1049A0002560FCF70DFE2067204600F00FFB012874
:1049B00040F0C980022075E0012838D11C2204F1A2
:1049C0001C012046FDF758FA31E0204600F062FA5B
:1049D000012840F0B880FCF7F3FD20674FF4FA702F
:1049E000606703213170AEE019B32146022000F068
:1049F00032F9012840F0A780216E02F086FF70B9DD
:104A0000204600F047FA012807D1FCF7D9FD2067BE
:104A10004FF4FA706067032044E0042042E001286C
:104A200005D11C2204F11C012046FDF725FA0125C1
:104A300089E0FCF7C5FD216F626F401A824280F069
:104A40008280520042F6E16062678242EFD204F156
:104A50005C0002F07AFE002875D0FCF7B1FD2067FB
:104A6000A06F401E8041C00FA067204600F0AEFA44
:104A7000012868D018E0C9B9FCF7A2FD216F626F68
:104A8000401A82425FD2520042F6E160626782427F
:104A90000AD2FCF795FD2067204600F0FBF90128BB
:104AA00051D0042030704EE035704CE02146052096
:104AB00000F0D1F8012846D1216E2160606861EADA
:104AC00000016161052131702046FEF7A4FA2046FD
:104AD00000F052F8E06E10B9DFF8500604E041F241
:104AE0007071884238BF0846E066FDF7B4FFE16E9A
:104AF00021E02046FEF72AFCD8B1204600F054F809
:104B0000706800B30095684602F01FFE08B1009877
:104B1000E065FCF755FD20674FF4FA7060672046AA
:104B200000F0B8F901280CBF0320042030701921CF
:104B300001E04FF4FA712046FEF73BFD03E000214F
:104B40002046FEF7A1FD30787978814218BF787051
:104B50008DB1FCF7ABF9E0692060FCF7BBF90621E9
:104B6000317000212046FEF78FFD2046FEF753FAF4
:104B7000204600F001F8F1BD38B50446D4F88010A5
:104B800089B1DFF89855286881420CD169680029FD
:104B900009DD491E696003D100F098FD00202860FE
:104BA0000021C4F8801031BD38B5044688B000201B
:104BB0000190DFF86855286850B1D4F88010814220
:104BC00004D06A68521C6A60C4F8800009B030BD25
:104BD00011220221022000F0EBFA286001F006F910
:104BE000012800D000BE286801F000F901282FD16B
:104BF00004200090286801AB0022002100F0F2FDA3
:104C000004200090286801AB0122002100F0EAFD99
:104C1000182102A8FFF798FA02208DF80900182140
:104C20004FF4884228688DF80810ADF80A20002358
:104C3000182202A900F0A4FC2A6801216960C4F8C6
:104C400080200028C2D02046FFF796FF09B030BD73
:104C500000202860B8E72DE9F8438AB080460C466A
:104C60001C2103A80026FFF76FFA04F17C090196C6
:104C70000096D9F804000123002202A900F017FBD6
:104C80000746012FC0F2BA80029DF02FC0F2B28019
:104C9000D5F8EC00DFF88814884204BF2878022891
:104CA00040F0A8806878012804BFA878062840F062
:104CB000A1802869286928692869000EFF281EBF7D
:104CC000286900F07F0090F07F0F00F09380686803
:104CD000E16D0A0202F47F0242EA01620B0A03F468
:104CE0007F431A4342EA1162904240F083800622D9
:104CF00004F1380105F11C00FDF772FF002879D19D
:104D000002990890049601F1F0000990F03F059790
:104D100046E0481C904267D2581890F801E0891C80
:104D200004910EEB0100401ECDF818E090425BD2DA
:104D3000BEF1040F04D35818026807A90A6000E006
:104D40000796049B059883424ED29DF80C100129CA
:104D500000F08A80032900F08180062952D033298F
:104D600005D0352900F08680362927D039E006980D
:104D7000042836D10798010201F47F0141EA00615D
:104D8000020A02F47F420A4342EA10626420E266A9
:104D90005208E2664243E26604990698411804917B
:104DA000059A049991421FD2099B585C8DF80C001A
:104DB000FF2819D00028ACD1491CF0E70698042838
:104DC0000FD1B8F1020F05D10898401C0890079840
:104DD000A066E1E7A06E07998842DDD10898401CE3
:104DE000089006980028D7D10898012802D9286988
:104DF00001262066029808B1FEF79AF930460BB0FA
:104E0000BDE8F08306980428EBD30022800802282E
:104E100088BF022000D8B0B109990DF11C0C51F8DF
:104E200003E0CCF800E0BEF1000F18BF1EF1010F47
:104E300004D004F10C0C4CF822E0521C1B1D401E47
:104E4000EAD1012A08D8C2F1020104F10C0089005C
:104E500000EB8200FDF758F82676C2E70698042892
:104E6000BFD30798A06097E706980428B9D10798A0
:104E7000606091E709985FFA88F2C05C9042ADD01B
:104E8000062801D00696AFE7B8F1050FFAD189F8E8
:104E90000060F7E72DE9F84388B00646182102A81C
:104EA000FFF752F900270025002402F0F9FD40F237
:104EB00009185FEA000902D001F0B0FB04460021A6
:104EC00004F23510FBF754FB002859D0416A40200A
:104ED00001F12A0505F8300CF0212846FDF714F8F9
:104EE0000120062228706870AA70F06D010201F49A
:104EF0007F0141EA0061020A02F47F42114341EA64
:104F0000106169608649C5F8EC10B06F00281ABFBF
:104F1000802169816881062206F1380105F11C00B3
:104F2000FCF79AFF5FF0190281A105F1F000FCF790
:104F300093FF05F584700C2101704470B9F1000FE6
:104F400005D02246494605F58570FCF785FFFF2010
:104F500005F585710855062206F1380105F1F600C0
:104F6000FCF77AFF04F11B084FF0FF304FF4864145
:104F700002220490ADF80A108DF8092008F1F0081B
:104F8000D6F8800000F032FF01281ED1EDB106F105
:104F90006000026806F1680005F1FE010A6002681F
:104FA00005F5827101230A60D6F88000182102AA53
:104FB0000664019100924246294600F0E9F918B9C9
:104FC0002846FEF7B5F800E00127A3E02DE9F843F5
:104FD00088B00646182102A8FFF7B6F80027182463
:104FE000002502F05DFDA9465FEA000802D001F04D
:104FF00015FB8146002109F59A70FBF7B9FA0028E4
:1050000058D0416A402001F12A0505F8300CF02102
:105010002846FCF779FF0120062228706870AA70E4
:10502000F06D010201F47F0141EA0061020A02F41D
:105030007F42114341EA106169603949C5F8EC10BB
:10504000B06F00281ABF802169816881062206F1AD
:10505000380105F11C00FCF7FFFE18223BA105F109
:10506000F000FCF7F9FE05F207100C21017080F842
:105070000190B8F1000F05D04A46414605F20910EB
:10508000FCF7EAFEFF2005F2091101F809000622EB
:1050900006F1380105F1F600FCF7DEFE4FF0FF30B7
:1050A0004FF48641022209F11A040490ADF80A1067
:1050B0008DF80920D6F8800000F098FE012828D14C
:1050C0003DB3706E30B106F16400026805F1FE0177
:1050D0000A600BE0132C00D200BEA4F1120205F509
:1050E000817105F1FC0001F043F8A41FD6F880009F
:1050F000182102AA066401910092012304F1F00232
:10510000294600F045F918B92846FEF711F800E0E5
:10511000012700BF384609B0BDE8F083F035002014
:1051200063825363A48900202401002000AC07019E
:105130003501033D070100000000000032040000BB
:105140000000360400000000FF0000003501013DB2
:1051500007010000000000003204000000003703D7
:10516000010306FF28B1416A8A89082A08BF02F0B4
:10517000F1BC704718B40346002003B900BE5C6A56
:1051800004B900BEA489082C03D1184618BC02F04B
:1051900065BD12BC7047000010B5DFF81449204609
:1051A000FBF7B0FD04F11400BDE81040FBF7AABD09
:1051B0002DE9F04107460D4616460A2F18BF022F6B
:1051C00000D000BE32B9012D03D0022D02D111262C
:1051D00000E006260124FEF7B4F880B3022F01D0C8
:1051E000002400BEDFF8C808816811F1010F00D06B
:1051F00000BEC06910F1010F00D000BE112E0CD10D
:10520000022D01D000BE1AE04FF05C08BCB1404650
:10521000FBF790FE04000BD111E0062E06D1012D04
:1052200001D000BE0BE04FF4B078EFE700BE06E01F
:10523000FDF760F8050005D12046FBF725FF4FF08C
:10524000FF3431E041462046FCF75EFE6560022FE8
:1052500003D1A06840084000A060112E04D104F1E1
:105260004800FBF74FFD11E0062E0FD140F2B4517C
:1052700004F13A00818504F1880540F6B8302860D1
:10528000FEF746FF686001202867686704F10C009C
:10529000FBF745FD4FF4FA6020626062A46104F1FF
:1052A0003A000221017046702046BDE8F0812DE9E8
:1052B000F041044684B00E4690461F4614F1010F9B
:1052C00018BF002C05D0E06918B194F83B001128F4
:1052D00002D06FF015041EE0206A04F14805019029
:1052E0002868E0B90198A0B1F90612D402A8FCF729
:1052F000C3FB019800230122009060684121FDF763
:1053000009F8286858B901A902A8FCF7D1FB0028C0
:10531000EFD06FF00A04204604B0BDE8F081002809
:10532000F7DDFCF7C5F8E968CD6879075CBF28466A
:10533000FBF720FDFCF7C4F8002DEAD02846FEF765
:1053400047F8142816D10A990B9C284602F03BFD19
:105350000CB1182121606A6AAC6A1118241AFA0784
:105360000BD4A045C8BFA046444622463046FCF7B1
:1053700073FD03E06FF0150405E0316017F0050FD1
:1053800001D0002CC7D52846FBF743F9C3E700003E
:105390002DE9F04F8BB0149E0546894690461F4676
:1053A0004FF0000A76B170780A2818BF02280AD098
:1053B0001822314605A8FCF75FFD02238DF8153051
:1053C00005AE00E000BEB9F1000F00D100BE70785C
:1053D00002283BD140F2C151884568D215F1010F36
:1053E00018BF002D63D005F13A0B9BF8010011287E
:1053F0005DD1E86930B900220021284600F060F84C
:10540000002854D1686AFA06009002D4FEF7B5FC71
:1054100008B1CDF800A0F8071BD403A8FCF72CFBBB
:10542000009908F12A00FBF7A3F804003FD0606A56
:10543000424649462A30FCF70FFD694603A8FCF7AF
:1054400037FB01280AD1CDF800A007E06FF0150A5C
:105450002DE04846FEF77EFC040028D016A2286CFA
:105460002063D2E90001DDF80090CDE901017278F6
:10547000022A03D13146204602F09AFC08F12A00A4
:10548000A0627188A186E868E0869BF80010606AD7
:1054900081710294494601A8FDF7C1FE012808BFA9
:1054A000C24604D0F8075CBF2046FBF7B2F850466E
:1054B0000BB0BDE8F08F0000050000000000000008
:1054C00078B50C46002689B00546002C1EBF6078D2
:1054D0000A28022807D0182203A8FCF7CDFC0223D3
:1054E0008DF80D3003ACFEF748FC00B100BE15F19D
:1054F000010F18BF002D3DD0E86900283AD10A21DC
:105500008DF804100295CCB16078022810D1A06803
:10551000010201F47F0141EA0061020A02F47F42C4
:10552000114341EA1061A86840084000A962A860E0
:105530006088010A41EA0021298707E0288705F1F0
:10554000280000210022002380E81E004FF0FF31D8
:1055500001A8FDF764FE10B96FF08B060CE04FF068
:10556000FF3000906868002301221021FCF7D2FE72
:10557000E86908B96FF0150630460AB070BD000042
:105580002DE9F84F05461F4615F1010F18BF002DF4
:1055900000D100BE95F83B20062A0CBFDFF8146549
:1055A000DFF80C650C0005D100BE6FF07C073846B3
:1055B000BDE8F28F6088002837D14FF47C48009016
:1055C0004FF00009062A14BFDFF8E4B4DFF8E4B4B2
:1055D00006E0A8F101084FF000091FFA88F0F8B1C1
:1055E000684602F0B2F8D8B1BDF800A048F2082130
:1055F00001FB0AF00144C90FC1EB81125846AAEB26
:10560000822A0AF5806A1FFA8AFA4FEA1A2949EAB9
:105610000A2189B200F0DEF90028DAD149EA0A2924
:10562000A4F8029060880028BFD03846002718B13F
:1056300095F83B00062807D06188304600F0CAF98B
:1056400010B16FF06F07B2E76088020A42EA0022E9
:10565000E8602A87A06810B1FEF7DCF82864286C9F
:1056600068B10068010201F47F0141EA0061020AA9
:1056700002F47F42114341EA1061A96207E005F19B
:105680002800002100220023002480E81E0005F1EC
:105690000C013046FBF746FB89E7E0B50B228DF89D
:1056A0000020019010F1010F18BF00280BD04FF01F
:1056B000FF316846FDF7B3FD00280CBF4FF0FF3007
:1056C000012003B000BD002003B000BDF8B50446C2
:1056D00094F83B0006283ED104F19005286808B1F3
:1056E000FBF7D2FC686808B1FBF7CEFC94F86D00BC
:1056F000258F012817D1DFF8B863376A06F11C003F
:10570000874228D0F8687F6890F86D100129F5D09D
:10571000018FA942F2D190F85C2012F0060FEDD073
:10572000FFF7D4FFEAE7DFF888130A6A00E052685F
:1057300001F11C0082420ED0D06890F86D30012B30
:1057400002BF00F138031888A842F0D1188E002853
:10575000EDD0401E1886E06918B104F10C00FBF78B
:1057600009FB94F83B0011280DD107E0C868C56813
:105770002846FBF7FFFA2846FAF74BFF04F14801E9
:1057800008680028F2D1606808B1FCF75BFE20468B
:10579000FBF77AFC0020F2BD70B504460E461546B4
:1057A00000F016FB94F83B00062818D1042E0BD10C
:1057B00004F18806F06890B9B4F866102868FEF71E
:1057C000A7FC7060002070BD052E03D02868C4F8C7
:1057D0008800F7E704F1880188680028F6D06FF0A8
:1057E000150070BD2DE9F04780466FF01506114693
:1057F0001D46374618F1010F18BFB8F1000F00F031
:10580000E680122900F2E180DFE801F00A0E1CDFD9
:105810004141DFDFDFDFDF7E9046A2C3DF272B00C1
:105820002868C8F820001AE008F13A014A78286888
:10583000112A04D140F2DC51884288BF0846C8F8DA
:1058400024000CE008F13A000178002D0CBF01F0B3
:10585000FD0141F00201017001E0C8F83C50002751
:10586000B5E008F13A004178062940F0AC8068685C
:105870002968814280F0A78008F180029368834202
:10588000C0F0A18011606868002650609BE02A4645
:10589000FFF782FF07469AE008F13A0999F80100FC
:1058A000062840F09480404600F092FA99F80100F2
:1058B000062802BF08F180046069002840F0878054
:1058C00008F13C0ABAF82A1028680027FEF720FCE5
:1058D000E060404600F07CFA99F80100062804BF19
:1058E000206900286FD1A868A0600120A067E06748
:1058F00008F580700278D10769D5BAF82A1041609E
:10590000E26F5143816062E008F13A004178062974
:1059100059D12868002808F13C00016A14BF41F001
:10592000080121F00801016200264CE008F13A006C
:105930004178062947D12868002808F13C00016A0F
:1059400014BF41F0100121F01001016200263AE07D
:1059500008F13A004178062935D12868002808F571
:105960008070016814BF41F0020121F00201016062
:1059700098F86D0004280ADD404600F01DFA30B1A9
:10598000012008F13C0108850720FDF725FC0026D1
:1059900019E008F13A004178062914D12868002856
:1059A00008F13C00016A14BF41F4003121F40031D8
:1059B0000162016A0122028541F4807101620720BF
:1059C000FDF70AFC0026374601E06FF06C07384609
:1059D000BDE8F08770B504460D460026FDF7B1FC22
:1059E000002818BF002C0AD0E06804F1080100E08C
:1059F0004068884203D00268AA42F9D10646304680
:105A000070BD000038B505460024FDF79AFC70B162
:105A10002749C86801F1080200E04068904206D0BA
:105A20000368AB42F9D110B1C46804B900BE204686
:105A300032BD2DE9F14181B00022002301AC207874
:105A4000DFF8FC5280FB0565AE0806EB8607A0EB8D
:105A500047008DF80200DFF8E80286FB00E08008CE
:105A600000EB80088DF80000A6EB48069DF80000CA
:105A70008DF80160002620B99DF80100012600B9CB
:105A800002261DF80600761C30308854521C022E67
:105A9000F7D9022B99BF2E20885400258D54521C13
:105AA0005B1C641C032BCAD90846BDE8F6810000C4
:105AB000AC890020C089002018B40C4611461A4653
:105AC000022803D1204618BC02F065B9002012BCA0
:105AD000704780B500220092694602F00DF900B9C6
:105AE0000090009802BD027AD30717D402224A70B0
:105AF00018230B70826A130203F47F0343EA0263E4
:105B00004FEA122C0CF47F4C4CEA030343EA126375
:105B10008B60008F020A42EA00224A8018207047F8
:105B200010B50446E16B01B18847606800281EBFCC
:105B300021680029FCF752FC0020206010BDF8B558
:105B40000446002514F1010F18BF002C0DD004F1FC
:105B50001C06306848B1F07F062806D104F16A07B8
:105B6000F878002818BF082802D06FF05E0526E0FC
:105B70004FF6FF70FEF7C0FA3880306CC0F3C000FB
:105B8000C8B104F19007386808B102F05AF9786892
:105B900008B102F056F9562104F19A00FCF7B4F965
:105BA000602104F58070FEF7CFFA04F15C00056017
:105BB00045F00801316401212046FEF7D5FB284657
:105BC000F2BD2DE9F8438046FBF7FAFC5D4FBD6A54
:105BD00064263C6A451BB86208D1012506E0002610
:105BE000B9F8640010B1B04298BF064607F11C0135
:105BF0008C421FD0D4F80C906468B9F86400002877
:105C0000F4D0854203D2401BA9F8640007E00020CD
:105C1000A9F864004846FEF779FB0028E6D4D9F8D5
:105C200000000028DCD0B8F1000FD8D04846FFF7BC
:105C300077FFD5E73046BDE8F2830CB4F0B5414DAF
:105C40000A460A9B002000242E6A01E03C46766842
:105C500005F11C018E421ED0F7681FFA82FC398FB5
:105C60006145F4D107F1580191F815C0BCF1010F5D
:105C7000ECD009881FFA83FE7145E8D10999002903
:105C800002BFB96CDDF814C0614502D00028DED037
:105C900001E03846FAE700B92046F0BC5DF80CFB9D
:105CA000F8B506460C0025D006F15C02D36A50898F
:105CB00014255021B3FBF0F040B1052806D200BFF7
:105CC0004EA101EBC00050F8085D4168506A1F46C4
:105CD00038B95D43DFF870E0A5FB0EEC4FEA9C1588
:105CE0005562906A48B95943174DA1FB055399096C
:105CF000916202E006F15C00076B3F1DBF08BF0028
:105D000007F11400FBF716F905000AD106F15C0053
:105D1000016841F48021016008213046FEF724FB30
:105D20000BE01421FCF7F0F82F61002C19BF06F1ED
:105D30005C00456306F15C018D632846F2BD0000FE
:105D400067666666AC8900203E0AD7A32DE9F0415C
:105D5000054605F16406F06A0C461746984638B9C0
:105D600001212846FFF79CFF10B94FF0FF371DE0D7
:105D700043463A46214602F080F80746B4B9E86D3A
:105D8000C0F3C01070B9F06A02F03CF8F1698142CA
:105D900008D3E86D012140F4C070E8653180072028
:105DA000FDF71AFA286840F0010028603846BDE87F
:105DB000F0816FF01500704790F83B10062900D075
:105DC000F7E7D0F89400002818BF02F026B8704713
:105DD000014691F83B200020062A00D0E9E791F81F
:105DE0006D10491F032938BF01207047014600206C
:105DF00011F1010F1CBF00290120704700000000B5
:105E00006400000032000000640000002200000076
:105E100064000000190000006400000070B5064630
:105E2000B06A00242A2801D200BE40E0756A05F15C
:105E30002201087828B3082839D10C70D5F81E0043
:105E4000D5F81A10C5F81E10C5F81A004020A8751C
:105E5000AC822C833046FDF7BBFA024605F10E01F9
:105E60000020FEF7C8F8010A41EA00212883012238
:105E700089B2C9432983B16A28460224FDF7ECFFA1
:105E800015E0288A0022030A43EA0023A3F11C003C
:105E900080B205F12A03002805DD13F8015B782D97
:105EA00007D1401EF9D18988104601F074FC2046C4
:105EB00070BD0222F7E70000FEB507469D48046862
:105EC000002604B900BE606821680861056805B94C
:105ED00000BEAB68696828681A689047002818BF38
:105EE0000E2806D0AA68286851688847002003B0A9
:105EF000F0BDAA68286891698847216805468868C6
:105F000058B9606808310191C2683B468A490092DD
:105F100002690FF24110FBF746F92168C86860B9C1
:105F200060680C31019142694FEA070389A1009230
:105F300082690FF2B910FBF736F94DB9216888680C
:105F400000281CBFC868002802D07C480126486190
:105F5000304603B0F0BDF8B50C46764801681646E9
:105F6000A06A4A6801253C2817683CBF3C21A16211
:105F7000D7F808C0A26A616A3868DCF8143098471C
:105F800018B120460025FAF744FB012E02BF7968BC
:105F90004878002804BF2046FAF73BFB2846F2BDAC
:105FA000644810B5016801244A6811688A68086865
:105FB0009169884700B10024204610BD18B583B010
:105FC00000210291416901B900BE0279032A18BF7C
:105FD000042A17D10868806890B102A901910024B1
:105FE0000094012304220021FBF79AFE029838B1A5
:105FF0004FF0805152480160BFF34F8FBFF36F8F56
:1060000004B010BD092AFBD100690068FDF78BF9C7
:10601000ECE7000070B505460C0000D100BE494E0B
:106020004FEA050350A21121304601F0B5FF2821A7
:106030002046FEF789F844482660A060434844495A
:1060400020616560E1602046FDF7A5FB204670BD3C
:10605000E0E7000070B5054684B0002001901DE027
:106060003068B668616A6A46B368984700281EBF00
:1060700000210091B0F57A6F0DD10098616AE56258
:10608000A0622846FDF764FC206320B1606AFDF73A
:10609000EBF801281FD02046FAF7BBFA4FF0FF308B
:1060A000009001AB0F2200210020FBF79BFD01981F
:1060B0004107F3D51F490A68002000905068066820
:1060C0007168C8690021009040F2EA50FAF750FA6E
:1060D0000400C5D1E2E701218DF8081003940021E6
:1060E00002A8FDF79CF80128E4D0D4E711492DE976
:1060F000F8430E68814640F6A17870684546076807
:1061000000E000257168C869FBF740F9BA68386893
:10611000916988470446A542F4D0002CF1D044454B
:106120001CBF41F288308442ECD14846FCF780FF26
:106130002546E7E72800002044B000005043540003
:1061400004ED00E074150120B95E0000A15F0000BD
:10615000575F0000436865636B4C696E6B537461F5
:106160007475735461736B00657468257500000065
:1061700081423ABF53189842FBF76EBE80189907C8
:1061800007D0521E24BF13F8011D00F8011DF6D8D8
:10619000704781071CD1103A07D330B433E932106D
:1061A000103A20E93210F9D230BC1032121F24BF4D
:1061B00053F8041D40F8041DF8D838BF121D521EB4
:1061C00024BF13F8011D00F8011DF8D8704700BF67
:1061D000083A07D333E90210083A40F804CD40F8F2
:1061E000041DF7D20832EAE710F8012B11F8013B41
:1061F0000AB19A42F8D0D01A704700002DE9F04158
:1062000006460F4690464FF49C700025FAF792FE22
:1062100004002CD04FF49C712546FDF795FF05F145
:106220003800A861FD22314600F014FA002005F183
:10623000200185F835016961022F14D14046FDF730
:1062400071FF010201F47F0141EA0061020A02F4D8
:106250007F42114341EA1061686981600221042094
:106260006960286103E02046FAF70EFF0025284602
:10627000BDE8F081022200212DE9FE438046002482
:106280000E461546B8F1000F00F0938000F0C6F9F5
:10629000401CFF2880F08D800094022D33D14046B1
:1062A000FFF717FC0090002818BF002E2BD04FF4EA
:1062B0009C70FAF73FFE28B304464FF49C71FDF73B
:1062C00043FF04F13800A061FD22414600F0C2F90D
:1062D000002084F8350104F1200161616846FDF772
:1062E00021FF010201F47F0141EA0061020A02F488
:1062F0007F42114341EA10616069816002210420FC
:10630000616020613460009C2CB9324629464046C9
:10631000FDF7CAFF0446002C4BD1684601F015FA80
:10632000009F0028BFB244D04FF4FA7001F06AFE1B
:106330005FEA00093DD04FF4FA70019000953346B2
:106340004A463946404600F039F804002ED14FF451
:10635000FA700190009533464A463946404600F0AF
:106360002DF8040022D14FF4FA70019000953346C5
:106370004A463946404600F021F8040016D14FF451
:10638000FA700190009533464A463946404600F07F
:1063900015F804000AD14FF4FA70019000953346C5
:1063A0004A463946404600F009F80446484601F09E
:1063B0006BFE204603B0BDE8F08300002DE9F04FEE
:1063C00082461446984600BF8FA0D0E9002393B0C0
:1063D0008B46CDE90123182105A8FDF7B5FE2E2136
:1063E000504601F053FE8146182105A8FBF78CFDAD
:1063F000002500260127022018214FF454528DF861
:1064000015008DF81410ADF81620B9F1000F06D064
:1064100079A148460126FFF7E7FE00B900273E4272
:1064200000F0DF800020FDF7CCF903E001460020FA
:10643000FDF7D5F9002800F0D4806C490A78012ACC
:1064400002BF016CC1F3C0010029EFD1017E022916
:1064500000D300BE00F10C0252F82110002918BF31
:1064600011F1010FE2D0009402228DF81520009A5C
:10647000814618238DF814300791CDF84890108F7D
:1064800030B90021104601F0A9FD002840F0A98094
:106490005BA2D2E90001CDE903019DF815000A28AD
:1064A0000CBF3E262A261C980A280CBF1C24012457
:1064B000504600F0B3F8301800211230FAF758F8BF
:1064C00000270B9008B1416A8F190397002F00F045
:1064D00088809DF815100A290CBF6020402007F81D
:1064E000300C039E5FF00C0249A13046FBF7B4FC70
:1064F000A6F800B0504600F091F8421C514606F153
:106500000D0000F0A7F80C270C21491C721800E0C0
:10651000491C107800281CBF12F8013B2E2BF7D124
:10652000C81B421EF255705C0F460028EDD1721C4C
:10653000D0190570447001228570C270491D0798FA
:1065400004912B49884219BF2A4A904203994D80F1
:10655000009803AA05A901F077FD18B90B98FAF77E
:1065600058F83EE00098DDF874A001AA0CA901F0EB
:106570007CFD0146BAF1000F1DD011F10B0F12BFC7
:1065800000299DF81500022815D199F81830129AA3
:106590009A465B1CD8B2012807DC5FFA83FC02F143
:1065A0000C0E5EF82C0010B103E00023F5E7E24585
:1065B000EFD189F81830019898B101290EDB0198C4
:1065C000029101888B4509D1BDF8320002994246FB
:1065D00000900198012301F0BDFD05460198FCF7EC
:1065E000A7FD284613B0BDE8F08F0000260100206B
:1065F000E00000FCE00000FB2E6C6F63616C0000AB
:10660000000000000000000000000000000000008A
:1066100000000100000100000000000000F1010383
:10662000810704D010F8011B820781B1FAD10268FA
:10663000A2F10131914311F0803104BF50F8042FD1
:10664000F6E709BAB1FA81F100EBD100401CC01A9B
:106650007047000001B58B0718D1121F21D351F8E4
:10666000043BA3F1013C2CEA030C1CF0803C04BF6A
:1066700040F8043BF1E79CFA8CFCBCFA8CF1C1F1C8
:1066800018018B40CB4040F8043B13E0042A09D3A7
:1066900011F8013B521E00F8013B5BB18B07F7D1AB
:1066A000DBE7121D5AB111F8013B521E00F8013B05
:1066B00003B1F8D111001CBF0022FBF7E1FD01BDC1
:1066C0002DE9FC41044604F16C067078002502288F
:1066D0000AD000956946204600F03CF8054600982F
:1066E000A8B3F9F796FF32E03078032804D30821E5
:1066F0002046FDF739FE2AE0E06DC0F3C02038B92E
:10670000207AC10704D4204601F02EFF01281ED1B3
:106710002046FCF767FE201800F1A80841462046F5
:1067200000F0DDF807462046FCF75CFE3D18143704
:10673000BF0088F80C70307814352A46401C307041
:1067400004B900BE00230021204601F049FE28467E
:10675000BDE8F6812DE9F04104460E4600270825E4
:1067600000223146204600F019F98046B8F1000FAA
:106770000FDD31684246002908BF002C07D00023F6
:10678000204601F02DFE47446D1EE9D101E000BE18
:10679000F5E73846BDE8F081002908BF002800D1A0
:1067A00000BE01F01DBEF8B50446486A04F1880633
:1067B000801800F10E05B06818B101F023FB074600
:1067C00000E03768F06F3946FDF79AFCE16D684AE2
:1067D000114218BF0020B4F86610884202D28F42DE
:1067E00028BF084601464FF6FC72914288BF114609
:1067F0000A04120E42EA0122EA81E16D21F480715D
:10680000E165D4F8101140182066F1BDF8B50446D2
:10681000486AE16D1D46801800F10E06C1F3402064
:10682000C8B1022060F34A21E16504F58870C169AE
:10683000491E716071687068000200F47F0040EAD0
:10684000016071687268090A01F47F41084340EAF7
:10685000126070601FE004F58877F869010201F4A6
:106860007F0141EA0061020A02F47F42114341EADA
:1068700010617160707BC1070DD52046FCF7B2FD39
:10688000F9696D182D1A7869143D854203D0717B22
:1068900001F0FE017173D4F81001010201F47F01CF
:1068A00041EA0061020A02F47F42114341EA1061A9
:1068B000B160F1BD3EB5B0F8662000F1F80440F2D9
:1068C000B4510192656B00F580700095A369626810
:1068D00024684A43614300F01FFE03B030BDB0F8A6
:1068E000660002220A750423020AC8754B758A7570
:1068F000042070472DE9F8430C4681461D4908687D
:106900001746984668B140F2F256C4B14846FCF7C3
:1069100069FD8044474422372546A7622846BDE8E2
:10692000F2834846FCF75EFD08EB0006BE192236EE
:10693000562E38BF562614B1A06AB042E6D20021C6
:106940003046F9F715FE0500E8D0AE6244B1A26A00
:10695000616A686AFBF780FA2046F9F75AFEDDE7BC
:10696000686A562209F19A01FBF776FAD6E7000029
:10697000800002008CA8000010B50C4600281CBF47
:10698000006C002808D1142A05D1616AD1F81E00D4
:10699000FCF769FF00E00020206310BD2DE9FE4FE9
:1069A00081460D4628689246002814BF446A09F1C2
:1069B0009A044846FCF716FD2018002400F10E0644
:1069C0000194717B09F15C0741F010017173B86BA0
:1069D00000284ED0788902284BD309F1F408D8F862
:1069E000001001AA09F5807000F007FC0446002C95
:1069F0003EDD2968534622464846FFF77BFF0028C4
:106A00005ED02860456A4846FCF7ECFC281800F187
:106A10000E064846FCF7E6FC8346B86B019AD34461
:106A2000016801F0DCF90121009105EB0B0101F196
:106A300022020146B86B234601F069FA0546386820
:106A4000C0F38010A8B1B86B8268019901F0C7F952
:106A5000A8420ED1707B40F001007073D8F8380066
:106A60002018C8F83000396841F40051396000E05E
:106A700047D4787C052846D13868C0F34010C0B1AF
:106A800009F5807000F0E3FB98B1386820F0200031
:106A90003860717B41F001017173386840F4045033
:106AA000386009F1F400C16A016306214846FDF728
:106AB0005BFC387E042806D308214846FDF754FCC9
:106AC0004FF0FF343BE0E4B93868C0F30020E0B990
:106AD000FAF776FDFA69811A387E42F6E06208B16B
:106AE0004FF496728A4210D2FAF76AFDF86138685C
:106AF000FA21398140F400703860387E401C3876C5
:106B000003E0002C1BD4002C03DC386810F4407F19
:106B100015D0707B0AF11401890000F0F700707342
:106B2000317340F01000707314B140F008007073BE
:106B30004846FCF757FC82440AF1140A54442046A4
:106B400003B0BDE8F08F10B50446D4F8940001F00E
:106B50006EF90146012910DBD4F8940003694268FC
:106B600004F5807000F030FB012806DB0146D4F804
:106B70009400BDE8104001F06CB910BD38B5044672
:106B80000D462846FCF724FC696A04F15C02537C3C
:106B9000081800F10E0194F83C01052B11DB136875
:106BA000DC070ED55B085B00136002200423087528
:106BB0004B755089000A8875508960220A73C87520
:106BC000042032BD70B505460E4630681C46FCF701
:106BD000FFFB2CB13168002322462846FFF7DCFD7D
:106BE000204670BD10B50446FCF7F2FB142802D114
:106BF000204610210CE0002010BD10B50446FCF723
:106C0000E7FB142802D12046142101E0002010BD2A
:106C1000BDE8104001F01FBD20B1C01F022801D9FE
:106C2000001F01D1002070470120704770B5054654
:106C300005F15C06707C012803D9401F01D0C01EFD
:106C400001D1002412E0FAF7BBFC316A012440F6BE
:106C5000B932401A904209D308212846FDF784FB37
:106C60003068C0F3800008B14FF0FF34204670BD9B
:106C700070B504460D462846FCF7AAFB696A002653
:106C8000081800F10E05687BA968AA68120202F4D0
:106C90007F0242EA0162A968AB68090A01F47F41F8
:106CA000114341EA1361C00704D504F588704268B6
:106CB000521C0260E26DC2F3403040B904F58870A6
:106CC00001694161E06D40F40050E06508E004F5C1
:106CD00088704369491E994204BF42F40042E2654C
:106CE000E06DC0F3C030002804F58870416904D11C
:106CF0000161112068730A210FE0491C0161E16DF7
:106D0000C1F3803008B968730AE0C1F3004000287D
:106D10000CBF10200020687308212046FDF724FBDB
:106D200004F588700169C161687B38B12046FCF7C1
:106D300059FB94F83C6136181436F6B294F83C01CD
:106D4000143080002873304670BD00002DE9F34FE9
:106D500083B08146086809F158064FF0000AFCF735
:106D600037FB014604980068426A02F10E035C1882
:106D70006168656862682D0205F47F0545EA016572
:106D80006168120A02F47F42154345EA116594F8DE
:106D90000DB002A900F04DFC0190707D042809DDC2
:106DA00009F1F401C869401EA84203D1706840F49B
:106DB00080707060019809F1F40740190090009903
:106DC000786A091A0129A4BF009878620498019B87
:106DD00002990268484600F06AFC002848BF4FF05C
:106DE000FF3A00F18881049801684846FFF7C6FE23
:106DF0008046707D042804BF0BF01F01022903D1D7
:106E000003214846FDF7B0FA5FEACB700FD57068F2
:106E1000C0F3803058B900983862716841F48041FD
:106E20007160C1F3403010B941F480317160707D00
:106E3000801E082800F25581DFE810F02B000900C1
:106E40002B00B6004D014D01530153014D016D1C46
:106E500021464846FFF743FD8046122060734846AE
:106E6000FCF7C0FA042108EB000A08F114084FEA05
:106E7000880884F80C804846FDF776FA7D62FD614B
:106E8000B86A0AF1140A401C3864B86A401CF862F7
:106E900027E1049804684846FCF7A4FA616A01F106
:106EA0000E021418607B616865682D0205F47F0589
:106EB00045EA016561686268090A01F47F410D4392
:106EC00045EA1265727D1021022A08BF122100F0E6
:106ED0001700884226D008214846FDF745FAA168E8
:106EE000A068000200F47F0040EA0160A168A26887
:106EF000090A01F47F41084340EA1260B863FD616A
:106F0000607B40F0040060734846FCF76BFA08EBC6
:106F1000000A08F114084FEA88080AF1140A84F8F4
:106F20000C80DEE0318809F5AC704180B9F838207A
:106F30000280707D022818D14846FCF753FA484475
:106F4000102180F8B5106173F389BA6B294609F5F1
:106F5000807000F0EDFA6D1C7D62FD61F86A401CE6
:106F6000F862386C401C386402E0019800B9FD6199
:106F7000B86A401CB863707D022801D0019870B1D6
:106F8000102161734846FCF72DFA08EB000A08F15E
:106F900014084FEA88080AF1140A84F80C800521C5
:106FA0004846FDF7E1F99CE04846FCF71BFA0499D6
:106FB0000A68536A03F10E010C18657B6068D4F807
:106FC00004B061684FEA0B2B0BF47F0B4BEA006BAC
:106FD0006068090A01F47F4141EA0B0B4BEA106B30
:106FE000E089010A41EA0021E80689B2396078D5D2
:106FF000A068A168090201F47F0141EA0061A0686C
:10700000A268000A00F47F40014341EA126109F5D9
:10701000807000F045F90346F06B88B15BB1002247
:107020000092002100F073FF28B1D9F8000040F071
:107030000200C9F80000F06B10B14846FFF783FD6D
:10704000F86AB8637268D00401D4E90718D50198CA
:10705000F9698344C2F34030ABEB010B002836D111
:1070600009F5807000F029F9054609F5807000F0F7
:10707000EEF8002D18BF002822D0BBF1010F26DD4D
:1070800010216173019880B14846FCF7ABF908EB19
:10709000000A08F114008000207370680AF1140AD5
:1070A000C0F3403008B1386BF862B8F1000F18D166
:1070B000049900224846FFF771FC012811DB0FE01C
:1070C000BBF1010FDCDC386A401CF861D8E770685E
:1070D00040F480507060049801684846FFF7C8FD8E
:1070E0008246BAF1010F06DB019A049953464846DD
:1070F000FFF768FD8246504605B0BDE8F08F70B5D9
:1071000004460D4628460026FCF762F9142804D1EF
:107110002946204601F0D2FA0646304670BD2DE9D8
:10712000F04186B004460E46306A06F13A0806F190
:1071300070052062716A04F15C07616298F80000D2
:1071400084F83A00A869F862E969396328697862C5
:10715000696904F1F800B96206F1F8010A68026091
:107160004B68694643603046FEF7BDFC3A6842F022
:1071700004023A607E61B8F82E10491CA8F82E105F
:10718000286800B92C600123182269462046FEF7C2
:10719000F7F920B12046FEF799FA002000E001201F
:1071A00006B0BDE8F08170B4039D002604462E6051
:1071B00025694FF0FF308D4204D1934202D352191A
:1071C0002261002070BC704738B50446A06C0028CE
:1071D000C8BF00250FDC656C8D4288BF0D46606B13
:1071E000A564E264206400206065FAF7E9F920658F
:1071F000606B28186063284632BDF8B50546AC6C54
:10720000164614B36F6DC7F3004078B1A86B012127
:1072100001FA07F74743FAF7D3F9296D401A00EB53
:1072200080025000B84238BF00240ED3686D40F48D
:1072300080306865411C61F307006865FAF7C0F9A2
:107240002865286CE96CE86231602046F2BD806CEC
:10725000401E8041C00F704738B5154600220446D5
:107260002A60A06CD8B1606DC0F3004088B1FAF715
:10727000A7F90122216D401A00EB8003606D5900CF
:107280008240A06B504381423CBF411A29600120DB
:1072900032BDB4F85E0081428041C043C00F32BDB0
:1072A0000246906C40B1136AC318994201D2002083
:1072B0007047002113629164704701460A69896929
:1072C0000020521A58BF012070470000BBBBE1B13B
:1072D000B2F5803F80F07E80022A1ED98C46B1FB39
:1072E000F2F102FB11C31B0443EA1043B3FBF2FCAF
:1072F00002FB1C3380B240EA0343B3FBF2F002FB13
:10730000103240EA0C4000237047022A05D9844617
:10731000B0FBF2F002FB10C270474AB105D100F099
:10732000010249085FEA30007047002200237047DD
:1073300001F068BA0B000200002100207047904263
:1073400071EB030CF6D3B3F5803F2FD2F0B5B3FA4F
:1073500083F7B1FA81F4A7F10F0E3D1B5340CEF134
:10736000200602FA0EF2F3415340B5F10F0746D85A
:107370000F3C2C444140C4F12006A040F141414063
:10738000B1FBF3F603FB1611A2FB0645001BA94156
:1073900002D2761E8018594180EA010221FA0EF3CA
:1073A00062FA0EF200215A403046F0BD30B4B1FB13
:1073B000F3FC03FB1C11A2FB0C45001BA94103D2EB
:1073C000ACF1010C8018594130BC02460B466046B6
:1073D00000217047B2F1807F65D3F0B5B2FA82F731
:1073E000B1FA81F4C7F10F063D1B22FA06F307F14B
:1073F000110EF24120355A40B5F10F07B8D941407E
:10740000C4F12006A040F1414140B1FBF3FC03FB75
:107410001C11A2FB0C45001BA94103D2BCF1010CBD
:10742000801859410F2F12D30F3FC90341EA504131
:10743000B1FBF3F603FB1611A2FB0645D4EBC030FB
:10744000A94102D2761E8018594146EACC3C07B3C6
:107450004140C7F12006B840F1414140B1FBF3F68D
:1074600003FB1611A2FB0645001BA94102D2761EA2
:107470008018594180EA010221FA0EF3C7F1200475
:1074800062FA0EF20CFA07F05A402CFA04F130437B
:10749000F0BD80EA010221FA0EF3002162FA0EF239
:1074A00060465A40F0BD8C46B1FBF2F102FB11C3BD
:1074B0001B0243EA1063B3FBF2FC02FB1C331B020A
:1074C0004CEA002043EA1063B3FBF2FC02FB1C33DE
:1074D0001B024CEA002043EA1063B3FBF2FC02FB00
:1074E0001C331B024CEA002043EA1063B3FBF2FC9E
:1074F00002FB1C324CEA00200023704702460020A9
:107500008A1A521E58BF0120704702460020521AA4
:10751000521E58BF0120704738B51C46049D059B7C
:10752000416082602A46214600F002F8012032BD07
:1075300030B4002404600125056073B100F15C05DE
:107540006C8804B16B802C88A34200D32CB94468AA
:10755000B4FBF3F45C4344602B80B0F85C304FF430
:10756000FA7484634364C16001618161C261026233
:1075700042638262C26230BC70472DE9F0418046AE
:107580000D462846FBF724FF6B6A0E3000F114010C
:10759000181800F11407007B0126512846D3000972
:1075A000441FA86AA406240E81423FD2411AA14278
:1075B0003CD306E07878022811DB84420FD3241AEA
:1075C0003F189CB3387888B30128F8D0012C06D92D
:1075D0000228EFD1042C02D37878042801D00026A9
:1075E00024E0B81CFCF7AAFD08F15C014A8982423C
:1075F00016D1B0F5067F16D390420FD20A6842F03A
:1076000001020A60D8F8043108F5AE72B3FBF0F35A
:107610004343C8F804315080108048810420CEE7ED
:107620000028DCD0E5E74FF40670E5E73046BDE81A
:10763000F081F8B505460C46FBF7CAFE696A0818E2
:1076400000F10E072846FBF7C3FE0646387B6A6A40
:10765000800800F03C008119521802F10E032360EB
:107660006B6AAA6A9D890E3A082D06D10E335D8891
:107670002B0A43EA05239BB200E000239342C8BFD4
:1076800013469942BABF181A861B0026787B8106DA
:107690000BD5788A010A41EA0021206889B2401896
:1076A00020603046FCF728FD361A3046F2BD2DE941
:1076B000FC47804617468A461C463846FBF788FE3C
:1076C000796A0025D14608180E30416846683602AE
:1076D00006F47F0646EA016641684268090A01F439
:1076E0007F410E4346EA126654B398F86D100429A0
:1076F00026DB019508F18801886810B100F077FB5E
:1077000000E0086801A9009103462246314608F5C9
:107710008070FFF748FD002814D4019911B1641A54
:107720000AEB0109014623464A464046FEF70EFB96
:10773000A04207D03846FFF760FA4FF0FF3501E06E
:1077400088F83C512846BDE8F68738B5044601F074
:107750005BF885B201F058F845EA00450120256044
:1077600032BD000010180818181800D1704710B565
:1077700001F04AF8C0F30E0401F046F8C14901EAED
:10778000C0310C4301F040F844EA8074601E80412F
:10779000C043C00F10BD0028BB4803D1816B491CFA
:1077A00081637047C16B491CC16370470FF2A032FF
:1077B00030B5116883B002A80291F8F737FE9DF842
:1077C00009009DF80A109DF80B30B04C0190009113
:1077D000A7A22146002001F06BFA04F528710020D1
:1077E00001F066FA00F09AF8A74D009505F1140330
:1077F00005F1100205F10C0105F10800FBF73CFC56
:1078000038B900BF0FF2CC230FF29822AAA101F0E1
:107810004FFA04F56671002001F04AFA11E095A1D3
:10782000002001F045FA09E08107F8D4B8A1002052
:1078300001F03EFA286D40F0020028656420F9F757
:10784000A5FD00F0FCF8002895F85000ECD1C10728
:1078500008D400BFA5A1002001F02AFA286D40F04D
:107860000100286595F8500041070FD4A86C40B17D
:10787000FBF750FDE861FBF73BFD2862FBF741FD9C
:10788000686200F04BF8286C00F0BEF895F85000E4
:10789000410721D4D5F8442098A1002001F008FA2E
:1078A0001AE0E86B73A1401CE8630CE0686CFEF71B
:1078B00010F90A220821FBF744FC0028F1D0686B7C
:1078C0006DA1401C6863002001F0F2F9E86C401CD7
:1078D000E8640A20F9F75AFDE86C6428E6D395F8C5
:1078E00050004107AAD46A6C8EA1002001F0E0F993
:1078F000E86BAB6B6A6B009004F59261002001F0BD
:10790000D7F9286D40F0040097E7012803D15E48BD
:1079100081610121816400207047000038B55A4C14
:10792000A06C84B0F8B1E069010EE1732073010A24
:107930006173020C206A010EE1742074010A617403
:10794000A273020C606A010EE1752075010AA2742F
:107950006175020CA069A275010EE172020C010AA8
:10796000A272617220724A4D2946002001F0A0F9EE
:1079700005F12C01002001F09BF960792179039039
:10798000E0780291A178637822780190009105F166
:107990007001002001F08CF9A06C002814BF37A200
:1079A00037A205F1B801002001F082F9E07AA17A4E
:1079B000637A227A0190009105F1E401002001F040
:1079C00077F9E07BA17B637B227B0190009105F539
:1079D0008C71002001F06CF9E07CA17C637C227C3E
:1079E0000190009105F5A671002001F061F9E07D9C
:1079F000A17D637D227D0190009105F5C07100207D
:107A000001F056F905B030BD38B584B069460022A2
:107A100000230024002581E83C00FEF72BFC48B140
:107A20006946FEF706F86A461A49002001F040F957
:107A300005B030BD184901F03BF905B030BD124921
:107A400038B5886C002408B9022032BDFBF77CFCF5
:107A500005461248006801F0BFFA10B9012D01D1A6
:107A600032BD0124012D18BF44F00204204632BD6E
:107A7000312E30002E0000002100000059657300F7
:107A80004E6F00000080FF3FC80000205CA900008E
:107A900028AE0000DCAF000014B000000CA900000C
:107AA00028A070476E65745F7468726561645F6575
:107AB0006E747279000000005B4552525D20496E81
:107AC0002046756E6374696F6E3A20257328292CE1
:107AD000202573004672656552544F535F495049E3
:107AE0006E6974204661696C656400000D0A4E651C
:107AF00074776F726B206973205570000D0A50699E
:107B00006E67696E672025733A0D0A0D0A00000042
:107B10000D0A4E6574776F726B20697320446F771E
:107B20006E0000000D0A200D0A50696E6720537424
:107B3000617469737469637320666F7220257320A2
:107B40003A0D0A00454B2D5241364D3500000000DC
:107B500000000000FEB50546686901AA0090296B87
:107B6000684601916C6AAE6A2146FAF79FFE296B5E
:107B70002A3E09B90199296302286AD0012843D114
:107B8000A88E58B1A084E88E608406F10800010434
:107B9000090E41EA002100202085E184686A18224C
:107BA0004FA18779801DFAF757F9A88E08B90121EE
:107BB000E1751C363004000E40EA06202082686918
:107BC000C4F81E00286B10B10068C4F81A00002128
:107BD000A18221832846FBF7FBFB024604F10E013C
:107BE0000020FCF708FA010A41EA002189B2C943E2
:107BF0002183B80702D40021218514E0A96A01225B
:107C00002046FCF729F90EE018BB00990022FAF78C
:107C1000D9FD6869FBF727FE2863D0B10098686139
:107C20002846FAF759FF286B98B1D0F8A44000F124
:107C30003801686A0622801DFAF70EF9002C1CBF75
:107C4000E368002B08D0012229462046984703B05C
:107C5000F0BD2846F8F7DDFC03B0F0BD2DE9F84390
:107C6000040091464FF0010800D100BE656A05B9D5
:107C700000BE266B0846FDF7C5FE00210746C9F881
:107C800000104FB3002E1CBF306800280ED02046D5
:107C9000FAF726FD012804D1C9F800004FF00008CA
:107CA0001BE0D5F81A10A81DFAF73BFDF9F700FC08
:107CB000214607F14800F9F735F8F9F701FC786833
:107CC00010B10121FAF78AFB3846FCF7A1FD20B17B
:107CD000206BFCF731F800E088464046BDE8F283AF
:107CE0000000000000000800450000000000000047
:107CF0008011000000000000FEB50E46042105467C
:107D00003046FAF701F901242F46002168463B78F6
:107D10000022302B0CD17B78303B0A2B08D2002478
:107D20001CE002EB820317F8012B303A02EB43020E
:107D30003B78303B0A2BF4D3AF4208BF0024B2F5A6
:107D4000807FECD20270032903D23A782E2AE6D142
:107D50007F1C1CB1491C401C0429D8D3387800B1C1
:107D60000024042918BF002412D18CB19DF8021000
:107D70009DF803209DF80000090441EA02619DF886
:107D8000012041EA02210143019101A90868306004
:107D9000204603B0F0BD1CB50C46102A38BF0024A5
:107DA00004D3026800921046FDF743FE204616BD3C
:107DB000002818BF002904D08968426A4161082060
:107DC000908100207047002818BF002905D00222AA
:107DD0004A7043698B60808E48802A207047006912
:107DE0001218511A814228BF091A084670470146E5
:107DF00008688A6809694018801A401E884228BFAE
:107E0000401A704701460868CA6809694018801A14
:107E1000401E884228BF401A7047014688680A6899
:107E200009694018801A884228BF401A70470146E5
:107E300088684A6809694018801A884228BF401A31
:107E4000704700218160002202600023C36041600E
:107E5000704730B4026984684568A418641B944272
:107E600028BFA41A43688C4288BF0C46E418944289
:107E700028BFA41A446030BC70472DE9F04707467C
:107E8000904638680C46BA6839694018801A401E16
:107E9000884228BF401A844234BF001B0020194684
:107EA000FCF732F95FEA000930D03D69BE681CB1C9
:107EB000A619AE4228BF761BB8F1000F15D049466F
:107EC000A81BFCF721F9824607F1140052464146EF
:107ED0008019F9F7C1FFCA4507D2A9EB0A0208EBDE
:107EE0000A0107F11400F9F7B7FFF8F7DFFF24B92B
:107EF0004E44AE4228BF761BBE60F8683968721ADD
:107F0000401A824228BFFE60F8F7E4FF40E02DE906
:107F1000F04707469046B8680C463A6839694018F9
:107F2000801A884228BF401A844234BF001B0020B8
:107F30001946FCF7E9F85FEA000929D03D693E6877
:107F40001CB1A619AE4228BF761BB8F1000F15D0A0
:107F50004946A81BFCF7D8F8824607F1140081199E
:107F600052464046F9F778FFCA4507D2A9EB0A0204
:107F700007F1140108EB0A00F9F76EFF08980028D2
:107F800008BF002C04D14E44AE4228BF761B3E6091
:107F90004846BDE8F087000008B410B585B007ABCF
:107FA00000240493039400290EBF01940190491EFC
:107FB0000291009404AB01A9074878441A3001F0FB
:107FC000B7FC019901B10C70002858BF039805B0A7
:107FD00010BC5DF808FB00BFAF83FFFF38B586B06B
:107FE00004460D4618216846FCF7AEF802228DF8CB
:107FF0000120ADF80250182269462046FDF760FACC
:1080000007B030BD11B583B032200190112202219A
:108010000220FDF7CDF80446FDF7E8FE08B900247C
:108020000FE00420009001AB012200212046FDF763
:10803000D9FB0420009003AB002200212046FDF76D
:10804000D1FB204604B010BD7CB51826144601961D
:1080500000916268216801230025FDF799F96168A4
:10806000884208BF0125284676BD30B5144683B046
:108070001822029202AD00910195012300222146AF
:10808000FDF715F903B030BDFDF707BBC9B20278A3
:108090008A421AB11CBF10F8012FF9E718BF00205F
:1080A00070470346F0B55D690C4600210022DE688A
:1080B00095B3307800F0C000C02814D1022D2BD920
:1080C000022229E04718A74225D260B103F12C070C
:1080D0007F1806EB020C1CF801EB491C521C07F838
:1080E00001EB401EF7D1AA420DD2B05C58B121B1CC
:1080F0002E2003F12C077854491CB05C521C8718C1
:10810000BD42DFD207E03AB1AA4204D200202C33AC
:108110005854521C00E000221046F0BD03460020D7
:10812000B9B11A7802F0C002C02A05D1022910D9CB
:1081300002207047891A10181A5C2AB1012903D944
:10814000521C8A42F6D303E018B10AB9401C7047AA
:10815000002070472DE9F047CEB005460E46924606
:108160001C46DDF858814FF49A7101A80027FBF7EF
:10817000EBFF4CA84FF00109ADF82A804D900B940D
:108180000C2E5DD30596069601950097039505F193
:108190000C01049106990198B8460C390691818822
:1081A000080A40EA01200199ADF80800CA88110ABE
:1081B00041EA0221019AADF80A10538803F478636A
:1081C000802B0AD189B2C846002939D080B230B993
:1081D000FE2101A8FFF765FF01E080B280B3002512
:1081E00004E0101D091F049006916D1CBDF80810D5
:1081F000A8B2884216D220B9FE2101A8FFF751FF8C
:1082000003E006990498FFF789FF50B100994118DF
:10821000009104990A1806990492091A06910429F2
:10822000DFD2B94619EA080F05D051466A4601A8BF
:1082300000F00BF80746B9F1000F18BF002C00D171
:10824000002738464EB0BDE8F0872DE9F0470026FC
:1082500090B007460C461546B046B146AEE0F96808
:1082600001F10A00F86078690A3878610A89110A10
:1082700041EA022189B2884221BFFA685218FA60A5
:10828000401A78D2A7E0012840F09280042038629A
:1082900079690E29C0F08C80FA6802F10A00026840
:1082A0000092002ADBD0F8683A6A8246BAF80810D1
:1082B0000B0A43EA012391B29BB28B4252D1102A9E
:1082C00000F10A010ED101A8F9F7C6FD34B101AAE7
:1082D0000A2107F12C00FDF791FF8046012005904F
:1082E000F86110E007F11C00F9F7B6FD3CB107F1A9
:1082F0001C02022107F12C00FDF780FF8046F8697F
:10830000002105910190B8F1000F0CD020680028E1
:108310001ABFD7F83001C0F80080C4F8008008F117
:108320001C01C7F83011B86A60B1DAF804200020E7
:108330000090002301A907F12C00FBF709FFB88C7E
:10834000401CB884388B1C2804D1282306AA01A914
:108350000A2004E0282306AA07F11C010220FDF7E9
:10836000ABFB56B1F968386A01F10A021218FA60DB
:108370007969081A0A3878611EE0FE69F2E715B1DA
:10838000296841182960FB681918F9607A69101A80
:10839000786102281FD30846FBF7D0FE38831C28DB
:1083A0007FF471AF1020386279691A29BFF47BAF6E
:1083B00078690A28BFF453AF09F10109F9881FFA57
:1083C00089F0884208D2B88C30B97969F868FFF72B
:1083D000A5FE0028D3D10026304610B0BDE8F087B6
:1083E0002DE9F84F814692B00020934698460C46FE
:1083F00000905CB9382104A8FBF7A6FE09F19A02A7
:10840000562104AC0D920E914FF00008002C00F0A4
:108410009F80666A206B06F1220A06F10E05574618
:1084200040B9142221464846FEF7A6FA206B0028E0
:1084300000F08E80B9F1000F1CD01422214648466E
:10844000FEF7B1F95B46142221464846FEF7DEF9F5
:10845000D9F84800010201F47F0141EA0061020AF3
:1084600002F47F42114341EA10612961206B0168E7
:10847000E96007E07868B9687960B8602869E968F8
:108480002961E8604FEA1B2141EA0B218020287214
:108490006980344801880BF10E0B06F106090A0ABF
:1084A00042EA0122AA8001881422491C018000208E
:1084B000E88068812946FBF79EFD010A41EA002118
:1084C0000122304689B2C9436981A16AFBF7C4FC25
:1084D000798838886A4639807880C4F828B0286955
:1084E00002A9019001A8FAF7E1F9012803D1009847
:1084F0000DF108092063206B50B30622494630462F
:10850000F9F7AAFC206B062200F13801B01DF9F73B
:10851000A3FC216BD1F8A40000B900BE0246D068CC
:1085200000B900BE1046C368424621469847B8F1DC
:10853000000F13D1B18CBAF800000622AAF800107F
:10854000B08428693146E860B01DF9F785FC05E084
:10855000B8F1010F04BF2046F8F75BF813B0BDE88F
:10856000F08F000020210120F0B583B00546A96CF2
:108570000126080200F47F0040EA01600A0A02F4C2
:108580007F42104340EA116005F1400201A90090CA
:108590006846FAF78BF9012808D005F15800017DEB
:1085A000491C01750098FAF78CFA50E005F158075C
:1085B0003B88AA6C298FA86AFFF7D4F8040046D03C
:1085C00079680020387541F400617960562105F121
:1085D0009A00F9F799FC062201A905F1A000F9F724
:1085E0003BFC05F1A60008214522018082704FF472
:1085F00050538021062283808172C272A96C0A02C4
:1086000002F47F0242EA01620B0A03F47F431A4339
:1086100042EA1162C5F8B42039880A0A42EA012206
:10862000C282298F0A0A42EA01220021028305F14F
:10863000C8008164502202214466027041702846BD
:1086400001F007FA2846FEF735F9012800D0002688
:10865000304603B0F0BD10B5426A02F12E035C78DB
:10866000597050211970A30720D5D2F82630D2F8BE
:108670002610090201F47F0141EA0361D2F8263095
:10868000D2F826401B0A03F47F43194341EA1461E0
:10869000491C0B0203F47F0343EA01630C0A04F450
:1086A0007F44234343EA1163C2F826300146002386
:1086B00028220020FEF770F8002010BD2DE9F843B5
:1086C00005460026B046002D00F099800C001EBF24
:1086D000676A206B002800F09280D7F81E100068AF
:1086E000814240F08C80D7F81A20D7F81E007B8C8E
:1086F000298FFFF737F85FEA000900F08080E96D05
:10870000C1F3C00038B141F00401E96505F168002A
:108710002E4685601CE005F1680001884088814292
:108720000AD2062201210220FCF742FD5FEA00087E
:1087300018BF18F1010F03D12046FEF75EFA5EE084
:108740002946FEF7ECFC002859D046464FF00108B8
:108750002046FAF73DFE226B616A32640818B16860
:108760000E3049084900B160798C0A0A42EA0122B8
:10877000A6F85820D7F81A20D7F81A10090201F4E1
:108780007F0141EA0261D7F81A20D7F81A30120A9D
:1087900002F47F42114341EA1361B16406F5887126
:1087A000C1F81C9043684268120202F47F0242EA58
:1087B00003624368456830461B0A03F47F431A434B
:1087C00042EA15620A6001F044F93046FEF772F899
:1087D000012807D0B8F1000F1CBF3046FCF776FF28
:1087E00000260CE003213046FBF7BEFDA26A562AA4
:1087F00088BF5622616A06F19A00F9F72DFB3046D0
:10880000BDE8F28370470000F0B5214B2149D3F851
:1088100080704A680878204D204E6FF0004420BBDD
:10882000082006FB02522346B2FBF3F3401E04FB72
:108830001322F6D1164B1F46102006FB0252A44607
:10884000B2FBFCFC04FB1C223A60A64657F8042B42
:1088500006FB0252B2FBFEFE04FB1E22401E47F83E
:10886000042BEAD1DF6F0120087006FB0252254677
:1088700007F01F07B2FBF5F553F8270004FB15229C
:1088800043F82720C3F880004A6020F04040F0BD44
:108890009C2001201C0100205FF36E3C0D66190036
:1088A00038B50446A0686368421C934205D3256826
:1088B0002954E068A260401CE060A26860688242BF
:1088C0000CD12168206901F09FF9A168884203D08A
:1088D0004FF0FF30E06031BD0021A16031BD2DE9D6
:1088E000F84F0746884691469A460125012002E046
:1088F000B1FBF9F1401C4945FAD20B9E824528BFD5
:10890000504600900A9CF00717D4B4B1B00702D5C6
:10891000BAF1000F02D04FF0200B0BE04FF0300BFC
:1089200008E059463846FFF7BBFFF868641E002888
:1089300003D454B10098A042F3D3F96800292FD48E
:1089400003E0AAF1010A09FB05F5BAF1010FF8D815
:10895000B8FBF5F0484528BF09FB05F5F8D2B8FB90
:10896000F5F00FF2683105FB1088095C3846FFF717
:1089700097FFF868002803D4B5FBF9F5002DEED178
:10898000F0070DD564B1009DA54209D220213846DB
:10899000FFF786FFF868641E002801D4002CF3D18D
:1089A000BDE8F18F2DE9F04F97B083460E4607A83A
:1089B00040210023029003910493CDF818B0059351
:1089C000174616F8010B002800F05F81252840F0BB
:1089D0005481002502E045F00105761C30782328FB
:1089E0000CD02B2807D02D28F5D0302808BF45F013
:1089F0000205F2D005E045F00405EEE745F0080574
:108A0000EBE7002406E004EB840100EB4100761C58
:108A1000A0F1300431780846A0F130020A2AF2D3DE
:108A2000002080462E2917D116F8011F2A290ED1C1
:108A30003968761C012051F8048B39600CE008EB92
:108A4000880201EB42010120761CA1F13008317847
:108A5000A1F130020A2AF2D3317801E016F8011FA1
:108A60006C2918BF6829F9D0252900F001815829FF
:108A700000F0B98063290ED0642912D0702900F06B
:108A8000EA80732900F0B780752900F0A380782967
:108A900000F0A980EFE038680168021D3A60C9B2B1
:108AA000E6E0386850F8049B38604846002848BF24
:108AB0004042012106E07D4A80FB0232491C9010B1
:108AC00000EBD0700A28F6DAC246884538BF8A46DD
:108AD0002CB1B9F1000F01D4680700D5641EA807B6
:108AE00002D5B8F1000F27D0E80725D424B3A2455A
:108AF00022D20499039A641E481C824207D2049A27
:108B0000039882420BD00598002813D514E0029BED
:108B100020225A5404900598401C0590EFE70299D2
:108B2000069801F071F80499884204BF002004906F
:108B3000E9D040E024B1DAE70598002800F19B80F5
:108B4000B9F1000F03D5C9F100092D2102E0680732
:108B500007D52B2102A8FFF7A3FE0598002800F1F6
:108B60008A8005F00301022908BFB8F1000F2BD15C
:108B700054B3A24525D20499039A641E481C82422C
:108B800007D2049A039882420BD00598002816D584
:108B900017E0029B30225A5404900598401C05901F
:108BA000EFE70299069801F02FF80499884204BF74
:108BB00000200490E9D04FF0FF30059072E01CB126
:108BC000D7E70598002856D40195009443460A2219
:108BD000494649E0386843460A2250F8041B386089
:108BE0000195009440E03868434650F8041B386013
:108BF0000195009437E0396851F8044B39600CB99D
:108C000030A40020054614F8010BA0B315B1B8F14B
:108C1000000F30D0049A039B511C8B4209D2049A56
:108C2000039882420CD00598A8F101080028EAD5E3
:108C300021E0029B985405980491401C0590EEE7B2
:108C40000299069800F0E0FF0499884204BF0020D2
:108C50000490E8D0AFE738680022082350F8041BDE
:108C6000386001920093102202A8FFF738FE02E05C
:108C700002A8FFF715FE761C03E0014602A8FFF7E5
:108C80000FFE059800287FF59CAE0598002809DDA9
:108C9000049A1AB107A9584600F0B6FF059904983E
:108CA00041180591059817B0BDE8F08F67666666B4
:108CB0000CB480B502AB00936A46FFF773FE02BCAA
:108CC0005DF80CFB284E554C4C29000030313233F6
:108CD0003435363738394142434445462DE9F0476B
:108CE00004460D460027FCB1002D1CBF2869002852
:108CF00018D06E6BB6B1287808B10427B1E095F9A9
:108D0000200000280CD46879042809DA10B1A8687A
:108D1000402805D26878002804BFA869002805D13A
:108D200003279EE002279CE001279AE02068DFF8F5
:108D3000648B404500F08B80DFF85C1B2161287854
:108D4000DFF858AB65600AEB002A6068E776C4F884
:108D500014A0A77667762776417D3068D4F8109006
:108D60000901FBF7F1F96068017D70680901FBF703
:108D7000EBF9204600F0DDFBA86AE061296B276271
:108D80006162EFF31080012585F31088DFF8101B76
:108D90000A6863681E78C6F10F0605FA06F6B24344
:108DA0000A60096880F31088606900F0B1FB204612
:108DB00000F08EFD6068C26A9368516810681A6896
:108DC0009047002846D16068DFF8D86AC16A8A688F
:108DD0000868516988473720C9F81000DFF8C81AB9
:108DE000CAF82810DAF83000DFF8C03A40F4800002
:108DF000CAF83000626892F92000D2F824C0014617
:108E00004FEA0C125A54024646F82240DFF8A03AC4
:108E100003EB8206D6F800C02CF4803CC6F800C0F4
:108E200053F82220BFF35F8F00F01F004A0905FAB4
:108E300000F0DFF8803A43F8220001F01F018D4076
:108E4000DFF8740A40F82250C4F8008009E00E20D0
:108E5000BDE8F08741F2883188420CBF40F6A57723
:108E600007463846BDE8F08770B504004AD0206850
:108E7000DFF8201A884247D161682569666991F94F
:108E8000201008000CD4012201F01F008240DFF8FE
:108E90002C3A490943F82120BFF34F8FBFF36F8F5E
:108EA0006268DFF8000A92F92010002240F82120C1
:108EB0006168C96A8A68086851688847A86900219A
:108EC00020F00400A861306B20F48000306329603A
:108ED000E176A17661762176EFF31080012181F3AE
:108EE0001088DFF8BC29136865682E78C6F10F0674
:108EF000B14019431160116880F310880020606050
:108F0000206070BD012070BD072070BD20B30168D6
:108F1000DFF88029914221D1C17E012920D1016948
:108F200009688A051FD48268116800290CD4136867
:108F3000DFF88C190B40136081680A6842F0004228
:108F40000A608168CA6882604069016901291CBFA2
:108F500001220261002070470120704707207047FE
:108F600040F6A170704740F6A270704710B400221E
:108F700030B30368DFF81C49A34222D111B311F0CA
:108F80001F031FD143685C78012C1CD183681C68C7
:108F9000002C1BD499608368DFF824191C680C40EE
:108FA0001C6081680B6843F000430B608168CB68EC
:108FB00083604069016901290AD00123036107E048
:108FC00088E28AE28CE2052010BC704740F6A67267
:108FD000104610BC704700002DE9F84189B005002B
:108FE0003BD02868DFF8AC68B04238D16968A87E09
:108FF0004F6B012826D1E8690021A97668B16A681B
:1090000010788DF810100591039006916968284634
:109010000A6B03A9089200F08DFB287E8DF80000F2
:10902000D5F804802846FFF71FFF040040F01C819C
:1090300041462846FFF752FE040040F015819DF896
:1090400000002876284600F065FB0400287E08D141
:1090500068B902216976012008E0012005E10720B6
:1090600003E1012803D10121697600202876687E7A
:10907000022840F0D880002068766868417D386812
:109080000901FBF761F86868017D7868002709012C
:10909000FBF75AF8284600F04CFA0120E876686899
:1090A00000220169284600F05CFA0021029101913A
:1090B00000912868B04205D0072400200221E876FC
:1090C0006976D1E068682E69D5F81480C46A6B4669
:1090D00001AAD4F808C0206802A9DCF81840A0470B
:1090E000002840F092800298401E032800F28D80F4
:1090F000DFE800F05602834D316841F00201316033
:10910000306820F00400306068680024017901298B
:109110004FD14FF6FF707065002171660020C8F8CE
:109120007000326842F40022326001990098890090
:1091300001F00C0100F003000843002110F00C0FB7
:109140001EBF012100F00E02042A13D002210628BE
:109150001CBF032107280DD00421082A1EBF0521AA
:1091600000F00A020A2A05D006210C281CBF07219C
:109170000D284DD10FF2807000EB8100C778807808
:10918000012845D1316841F48031316044E03068D4
:1091900040F002003060316841F004013160B3E713
:1091A000306820F002003060316821F00401316045
:1091B0000024306820F480303060316821F40031C0
:1091C00031606A68D078316860F3000131603268DC
:1091D000012142F040023260306840F020003060EF
:1091E000C8F81010002C7FF468AFE86900283BD065
:1091F0006A680121107803902AE0306820F00200AC
:109200003060316841F00401D1E740F6A174E9E72C
:10921000306820F480303060012FCED1306840F4C7
:1092200000303060CDE701281ED100206876286923
:10923000016821F0400101600268002122F0200253
:109240000260E869E97678B16A68022110780390D3
:1092500000228DF81010059206926968086B03A928
:109260000890284600F066FA20460AB0BDE8F08172
:10927000F0B583B0040031D02068DFF81856A8425A
:109280002FD1E17E012950D163680122204619695E
:1092900000F067F900220092029201922168A9422F
:1092A00043D16068256901ABC66A02AA6946B768FE
:1092B0003068BE69B047002837D10098401E0328A7
:1092C00033D8DFE800F015021D11296841F00201D2
:1092D0002960286820F00400286019E0012003B00C
:1092E000F0BD072003B0F0BD286840F002000AE09E
:1092F000286820F002002860296821F0040106E0B7
:10930000286820F002002860296841F004012960E3
:10931000286840F4007028602968204641F0400128
:10932000296000F0F7F903B0F0BD40F6A17003B07A
:10933000F0BDF8B504460D461646002024B321685A
:10934000DFF85025914221D1002D18BF002E1FD0EB
:10935000E17E01291ED1216909688A051BD4A7680D
:10936000396800291ED46268917819B13B681901E7
:1093700012D41AE03B681906F8D52046FFF7C6FD5F
:1093800090B940F6A470F2BD0120F2BD0720F2BDF5
:109390000220F2BD75E077E02046FFF7B7FD002818
:1093A000DDD008B94FF47A60F2BDBB68B98857794F
:1093B0007F18F7D0517841B93A4619462846F8F750
:1093C0004BFD2046FFF7A2FD00E02B603760F2BDA9
:1093D000F8B504460D46174600266CB12068DFF844
:1093E000B42490420AD15DB1A7F13C0040F2AF52E3
:1093F000904207D30320F2BD0120F2BD0720F2BD49
:109400000220F2BDE07E012811D1206900688205AA
:109410000ED462685078B8B9E068D0F800C0BCF1EA
:10942000000F4EBF40F6A3768368D16901E028E0C3
:109430002AE026BBB94238BF40F6A3761FD33A468E
:1094400029461846F8F708FD60684178012904BFED
:10945000E0688560E068C780E068016821F04051FD
:109460000160E068016841F030410160E068C16876
:109470006069E160816801291CBF01228260304679
:10948000F2BD40F6A170F2BD40F6A270F2BD10B47C
:109490002222E0B10368DFF8FC43A34218D1C1B136
:1094A0004369D3F8D8308BB14468103B207D646B9E
:1094B0006468A3423CBF04EB0010A0F1100398685D
:1094C00020B11B68002B5CBF0860002280E501E032
:1094D00003E005E0012010BC7047072010BC704776
:1094E000022010BC704730B460B10C000AD0046890
:1094F000DFF8A053AC4208D1C16142620362002090
:1095000030BC7047012030BC7047072030BC70472A
:1095100018B40368DFF8AC23012143F001030360B2
:10952000DFF8A4331C68B2FBF4F014BC401CF6F75F
:10953000E9BE70B505466968886988B14878002831
:1095400003BF087D4C7D24184C7D4CB10026686813
:109550008269C1699059361DF8F7D6FC641EF6D1B0
:1095600070BD2DE9F84304000F46904600F0D0800E
:109570002068DFF82093484540F0CA80606925697B
:10958000D04A0368012143F001030360CE4BD3F8B6
:1095900000C0B2FBFCF0401CF6F7B4FE63686269E1
:1095A00005F1C00C9868916F60F3050191675879D7
:1095B000916F60F3114191673879797997F801E0FB
:1095C000BD7841EA002138784FEA0E4E4EEA006E2F
:1095D000F8784EEA052E002540EA0E0ECCF800E0A1
:1095E000CCF8081000205F6B8446864618E0816046
:1095F00011E03868D96900264019C180868000F1E1
:109600001001C16099690029F1D051F80E104FF096
:109610000046816006600CF1010C10350EF1040E5D
:10962000597D8C45E5D348B1016841F08041016026
:10963000D7F800C0C0F80CC03968A1604FF0000C2A
:10964000E6461BE0856015E078680121002570443E
:10965000C18085800021016000F11006C660597844
:109660000029EFD199690029ECD05D7D654451F85E
:10967000251081600CF1010C0EF1100E197D8C4546
:10968000E2D348B1016841F080410160D7F804C0DD
:10969000C0F80CC07868E060002C39D020684845DC
:1096A00036D12069B8F1010F07D1816941F002017B
:1096B0008161116B41F480010AE0116B41F480017A
:1096C0001163116B41F480211163116B41F400119E
:1096D000116340F2EE5181604FF01408C0F85080E1
:1096E000D968C166106840F040001060A16811623E
:1096F000E46894619878002807BF00219163802076
:1097000090630021916440F20F7010650121916512
:10971000BDE8F18310B541680024C96A8A68086809
:10972000D169884741F28832904208BF40F6A1745F
:10973000204610BDF8B586B00446206A00280FBF49
:1097400068466A4690E8E85082E8E8500979017175
:10975000626811780160636A4361E1698847206A41
:1097600020B1694691E8FC0080E8FC0007B0F0BD3C
:109770002DE9F04186B0EFF303801038494940B23B
:1097800051F820406068456B2069616907698E6AFD
:10979000720204D5BB0744BF0122A27607618E6224
:1097A000E069002865D06168087800906168086BFE
:1097B0000590A8683040410306D503228DF80420A7
:1097C00069462046FFF7B6FFA868304010F4403FD6
:1097D00006D004208DF8040069462046FFF7AAFF52
:1097E000A8683040810206D505208DF8040069463E
:1097F0002046FFF79FFFA868304010F4C01F06D036
:1098000006208DF8040069462046FFF793FFA868FC
:109810003040410106D507208DF8040069462046F6
:10982000FFF788FFA968DFF8A480314011EA080F2C
:1098300006D008208DF8040069462046FFF77AFF1D
:10984000700216D5297B39408A0706D500208DF88D
:10985000040069462046FFF76DFF287B074017EAA2
:10986000080F06D008218DF8041069462046FFF73E
:1098700061FFEFF30380103840B20D4901EB800225
:10988000136823F48033136051F8200006B0BDE85C
:10989000F08100004548544500411140004011400E
:1098A00004400840A03100209F0FFF4700E400E083
:1098B0000063004080E200E000E100E080E100E0C1
:1098C00060FCFFC700E1F505981E01209F0F804353
:1098D00041694068027A8B6F02F03F029B0942EABD
:1098E00083128A6740798A6F00F0030022F44032C5
:1098F00042EA00428A6770470C0000000E04000034
:109900000F0600000F0701000E0800000A0A0101FF
:109910000F0C00000F0D000170B505461C00084635
:10992000164604D016F8011BA847641EFAD170BD74
:109930002DE9FC4683B081468A4616461F4607E05D
:109940000123324651464846FFF7E6FF8246761C21
:109950003078E0B12528F3D17178B61C252912D0D2
:1099600058295BD0632915D0642918BF692917D0FD
:109970006F2953D0702956D073295AD0752918BF32
:1099800078294BD0E4E75046C8478246E0E705B067
:10999000BDE8F086386850F8041B3860C9B2F2E7B9
:1099A000386850F8045B3860002D03D52D215046EF
:1099B000C847824664216F2908BF082205D041F0BC
:1099C0002000782814BF0A2210220B24642928467C
:1099D00002D1002D48BF4042B0FBF2FC02FB1C004C
:1099E000641E30303A2805DA0DF804005FEA0C00F6
:1099F00003D104E040185138F6E7002CECDC61425A
:109A000011F10B0F0DEB04055046BED0C4F10B0451
:109A100015F8011BC847641EFAD1B6E7386850F83C
:109A2000045B3860C7E7386850F8045B3860782119
:109A3000C1E7386850F8045B38602846FCF7EEFD53
:109A400004005046A1D015F8011BC847641EFAD186
:109A50009BE7017ACA0758BF00F00AB970470000B7
:109A6000F8B5DFF8DC41A8212046F8F74DFA0322CB
:109A70002261032060610FF2D810A06104F1A801F7
:109A8000E1614FF4006222620021A1620022626261
:109A9000E162206604F6A80060661021A16600203D
:109AA00020670021E16600286067BFF35F8F0FF237
:109AB000AC1101F10F0201F10F0312F80469401C0F
:109AC000454204F8016B13F805C0401C01F10F0674
:109AD00004F801CB474216F807E0401C454204F861
:109AE00001EB5E5D401C102804F8016BE5D3BFF369
:109AF0005F8FF1BD2DE9F8430546884614464FF0C7
:109B00000009EE682F69BE4231BFBF1BA868801BE9
:109B10003F18A8687F1E801B874215D2A74288BFC6
:109B2000274668683A4641468019F8F795F9A968CA
:109B3000E41BBE19B944B8448E4207D0BFF35F8F0F
:109B4000EE60002CDED103E00746E7E70026F5E7EC
:109B50004846BDE8F28300002DE9F0410446E7687D
:109B6000A56816468846ED1BAE4207D26068C0194C
:109B7000F8F772F9BFF35F8FF6190DE063682A46B4
:109B8000761BD819F8F768F96068324608EB0501CA
:109B9000F8F762F9BFF35F8FE660BDE8F081014638
:109BA0000869CA68824201D300F04CB844E070B53D
:109BB0000C461546DFF8881000EB400201EBC200AE
:109BC00000F11806716919B1022913D006D318E003
:109BD0003046FFF7E4FFA84206D212E03046FFF716
:109BE000DEFFA84298BF05462A4621463046FFF7C9
:109BF000B3FF07E02A4621463046FFF77BFF0546C4
:109C000000E00025284670BDF8B505460E46DFF891
:109C1000300001781746532918BFFFF721FFEFF3F3
:109C20001184202080F311883A4631462846FFF7F8
:109C3000BEFF84F31188F2BD801A401E70470000F9
:109C4000E01501208968491E8A1A801870470000B3
:109C50005465726D696E616C0000000000000000C8
:109C6000000054545220524547474553000000001D
:109C700070B50446226C40F2B4510846A2B1A36C00
:109C80001D0205F47F0545EA03651E0A06F47F46BA
:109C9000354345EA1365136852685D4015421CBFA1
:109CA0004FF4AF60FAF72CFAA4F8660070BD00001C
:109CB000022803D10249034800F032B8704700007F
:109CC0001CB30000E8350020EFF31081012282F37D
:109CD0001088DFF8AC21106838B9DFF8A80100233C
:109CE00003704FF0400C80F800C01068401C1060FA
:109CF00013E0EFF31081012282F31088DFF8802156
:109D0000106810B113685B1E1360106828B9DFF883
:109D10007401002202708023037081F31088704761
:109D200080B5002818BF00290AD04A680AB90B88F4
:109D300033B90368DFF85021934203D10E2002BDEE
:109D4000012002BD0260084600F002F8002002BDBA
:109D500038B5044600F031F8FFF7B6FF002509E0FA
:109D6000606850F83510001D30F835006D1CADB23C
:109D700000F006F820888542F2DBBDE83140B8E704
:109D800030B4CA030FD5414B040A03EB841300F02F
:109D9000FF0203EB8204256825F48035256021F459
:109DA000803443F82240394A030A02EB831400F05E
:109DB000FF0044F8201030BC70472DE9F84F4FF0F9
:109DC000000B8046D94627E0314C01262278BE4060
:109DD000F1B20A400BDC2878C00913D02A7802F0CF
:109DE0007F022A700121C820F6F78CFA0AE00120D0
:109DF000F6F7F6FA207820EA060626700120F6F734
:109E0000CFFAE8E77F1CAD1C0AF1020A032F0BD33F
:109E10000BF1010B09F10809B8F8000083452DD2B8
:109E200000270FF2740A1B4DD8F80400BAF800207E
:109E3000031D33F809109142E4D150F8090000F0F5
:109E4000F850B0F1807F18BFB0F1106FBCD1104C4A
:109E500021780126BE40314208D10120F6F7C0FA30
:109E60002078064326700120F6F79AFA2878C00970
:109E7000C8D1287840F080002870B3E7BDE8F18FA2
:109E80009C310020030D084054524F5000080840F8
:109E9000BBE4014040300840020403040404000015
:109EA00000BE704710B51E4CA0684FF0FF31F6F7AA
:109EB000A1FD012803D0A0680021FFF7F1FF207861
:109EC000B0B90121217000F02DF80BE0A06800234B
:109ED00000220021F6F766FC012803D0A0680021CB
:109EE000FFF7DEFF6068401E606060680028EDD10B
:109EF00010BD10B50A4C00206060207004F10C0207
:109F000001214FF48070F6F72BFCA06010B90021FE
:109F1000FFF7C6FF00F008F8F7F774FA002010BD4D
:109F2000FC09012000F03AB8104830B50168104C27
:109F300083B0491C0160201D0E4902900191022549
:109F4000CDF800500FF250034FF480620FA10FF2D2
:109F50002900F7F7F3F8206028B903B00021BDE825
:109F60003040FFF79DBF03B030BD0000000A012064
:109F7000101501202821012010B50446FFF792FF9B
:109F80002046BDE81040FDF711BC00004E6574206E
:109F900054687265616400000000000070470000B2
:109FA0002DE9FC4705460E460027B5B1F6B12968F4
:109FB000DFF8E083414513D03078A0B97069A8B1CB
:109FC0008068B0B1DFF8D013A960EF606E60B07B3D
:109FD00000280CBF102000200EE00120BDE8F6870D
:109FE0000E20BDE8F6870420BDE8F6870220BDE814
:109FF000F6870320BDE8F687DFF8A0130870009706
:10A0000001212974284600F04FFA01220021284638
:10A0100000F053FA284600F087FA2846B94600F0C7
:10A02000A2FA4FF4004A10245FEA0A40284602D4FC
:10A0300000F099FA01E000F077FA4FEA4A0A641E4C
:10A04000F2D1284600F056FA6A460021284600F070
:10A05000A7F9009809F10109010402D5706881454A
:10A06000F2D37168894505D2284600F0BAFAC5F8DE
:10A07000008000E014273846BDE8F68760B101682B
:10A08000DFF81023914209D100234360C36083604D
:10A090000374036000207047012070470720704759
:10A0A0007CB50546002000908DB12868B9498842EA
:10A0B0000FD1287C01280ED16968487B002807BF92
:10A0C00040F2E111E96040F6E150E86005E001206E
:10A0D00076BD072076BD212076BDEA68042128469A
:10A0E00000F0B0F9287C01281ED1284600F0DCF9E8
:10A0F00001220021284600F0E0F9284600F014FA79
:10A10000284600F030FA4FF49056102430042846C8
:10A1100002D400F028FA01E000F006FA7600641E8E
:10A12000F4D1284600F0E6F96A460421284600F0FA
:10A1300037F9002076BD2DE9FE434FF000090400F9
:10A14000884616461F46CDF80090CDF804904D463F
:10A150001CD020688F4988421AD1B8F1000F18BF6F
:10A16000002E17D0B7B1207C012815D16A460121F5
:10A17000204600F015F96A460121204600F010F94A
:10A18000009841070AD441F288308CE001208AE02F
:10A19000072088E0022086E0212084E0E068410575
:10A1A00003D5306840F002003060E068010503D557
:10A1B000306840F00100306001AA0021204600F024
:10A1C000EFF80198C1043DD50098810637D56A465D
:10A1D0000521204600F0E4F80098410544BF022024
:10A1E00038600099080503D5396841F001013960EC
:10A1F0000098810605D50121204600F0FBF900B149
:10A2000001250098410605D50221204600F0F2F90B
:10A2100000B102250098010605D50321204600F073
:10A22000E9F900B103250098C10504D504212046B1
:10A2300000F0E0F998BB9DBB41F2883932E041F271
:10A24000893030E010F4045F05D10121204600F090
:10A25000D1F900B10125019800F40450B0F5807FD8
:10A2600005D10221204600F0C5F900B10225019870
:10A2700000F40450B0F5005F05D10321204600F042
:10A28000B9F900B10325019800F40450B0F5045F5A
:10A29000D1D10421204600F0ADF90028CBD004250F
:10A2A000C8F80050484603B0BDE8F08338B504460E
:10A2B0000025BCB120683749884215D1207C01288F
:10A2C00014D16A460121204600F06AF86A4601214D
:10A2D000204600F065F80098410758BF41F28835E4
:10A2E000284632BD012032BD072032BD212032BDBB
:10A2F0002DE9F843002705460E460097B846F5B10C
:10A3000006B32868234988423CD101222A74284692
:10A3100000F0CAF801220021284600F0CEF82846B5
:10A3200000F002F9284600F01EF94FF4004910240D
:10A330005FEA0940284608D400F015F907E001203B
:10A34000BDE8F2830220BDE8F28300F0EDF84FEAA9
:10A350004909641EECD1284600F0CCF86A46002179
:10A36000284600F01DF8009808F10108010402D504
:10A3700070688045F2D37168884506D2284600F09F
:10A3800030F903E00720BDE8F28314273846BDE822
:10A39000F28300005948505220411140000D0840FE
:10A3A00070B504000E46154644D0002D44D0202E32
:10A3B00044D2207C012843D1204600F075F80222C7
:10A3C0003146204600F079F8204600F0EBF82046B0
:10A3D00000F0E8F8A2680026102160688068012873
:10A3E00003DB00231360401EFBD110686368C0F3D9
:10A3F000C00040EA46069868012803DB0123136089
:10A40000401EFBD160688068012803DB01231360D4
:10A41000401EFBD160688068012803DB00231360C5
:10A42000401EFBD1491ED8D1204600F063F82E60B3
:10A43000002070BD012070BD022070BD032070BDE2
:10A44000212070BD70B505000C4616461CD0202C8E
:10A4500038BFB6F5803F19D2287C012822D1284682
:10A4600000F022F801222146284600F026F828466E
:10A4700000F05AF8284600F076F8102430042846F8
:10A4800006D400F070F805E0012070BD032070BD17
:10A4900000F04AF87600641EF0D1284600F02AF851
:10A4A000002070BD212070BD38B505462024284607
:10A4B00000F03AF8641EFAD131BD70B505466868FF
:10A4C000022A40690CBF4FF4C0464FF4A046806892
:10A4D0000E24027846EAC21646EA8106300428466F
:10A4E00002D400F040F801E000F01EF87600641E8F
:10A4F000F4D170BD30B441688468012288680023BB
:10A50000C117890041EA9071800099420ADB01DCA1
:10A51000904207D30025401E256071F10001F9D15A
:10A520000028F7D130BC70474268816890680128E4
:10A5300003DB06230B60401EFBD19068012803DB80
:10A5400007230B60401EFBD19068012803DB072323
:10A550000B60401EFBD19068012803DB06220A60D5
:10A56000401EFBD17047426881689068012803DB78
:10A5700002230B60401EFBD19068012803DB0323FC
:10A580000B60401EFBD19068012803DB03230B60A6
:10A59000401EFBD19068012803DB02220A60401EA6
:10A5A000FBD17047426881689068012803DB002373
:10A5B0000B60401EFBD19068012803DB01230B6078
:10A5C000401EFBD19068012803DB01230B60401E75
:10A5D000FBD19068012803DB00220A60401EFBD1FA
:10A5E000704741684A6991684A78012A08BF00F0BB
:10A5F0000BB87047426853699A685378012B08BFBB
:10A6000000F01EB8012070471CB504464FF4A0624C
:10A610001B21FFF717FF6A461B212046FFF7C0FEEC
:10A620006A461F212046FFF7BBFE00994FF6FF50F8
:10A63000014000910A461F212046FFF703FF13BD8A
:10A640000120704780B500F02EF8FFF752FCFEE7BE
:10A6500000BE7047F8B53B4E346805467CB177685C
:10A66000B868C0F30720854203D00C37641EF7D1C9
:10A6700005E038687968091AF9F766FDF5E7B46806
:10A6800084B1F668F068C0F30720854203D0103625
:10A69000641EF7D1F1BD30687268B168121AF7F71D
:10A6A000EBFBF4E7F1BD80B54FF47000264908607C
:10A6B000264A274B1A600020FFF7FAFAF5F763FDE8
:10A6C0000120FFF7F5FA234880F30A880020FFF7FE
:10A6D000C1FFF5F74BFDF5F7C1FD0320F5F780FE4F
:10A6E0001D4903204FF6FF720A804A808A80CA8083
:10A6F0000831401EF8D10320F5F752FE0320F5F78C
:10A700006FFE164800210160002242600023836032
:10A71000C1600320F5F744FE0220FFF7C9FA0120CB
:10A72000FFF798FF0E4A0F490F48F7F795FB0F49BF
:10A730000F4800F01FF8F5F79FFE0020BDE802402B
:10A7400000F024B874A8000088ED00E000000000CC
:10A7500008ED00E040210020100D084004000E40EC
:10A7600000000000000000000000000000000000E9
:10A770000000000038B504460D46AC4205D0206804
:10A7800020188047241DAC42F9D131BD704700002C
:10A790004EF68851CEF20001086840F4700008605F
:10A7A000BFF34F8FBFF36F8F4FF00170E1EE100AD0
:10A7B0007047000000000068000000680001000809
:10A7C000000000680000006800010008400100204F
:10A7D00040010020000000035C3100202421012002
:10A7E0000000000300000068000000680000006036
:10A7F00000010C0800000068000000680000007004
:10A80000000109080000006800000068000000085E
:10A810000001020800000068000000684400000019
:10A82000000101080000002000000020000000607E
:10A8300000010C0300000020000000200000007058
:10A8400000010903000000200000002000000008B3
:10A850000000020300000020280100204400000046
:10A8600000000103000000680000006840010020B3
:10A870004001002004000000B4A700000800000010
:10A88000E4A700000200000064A80000000000002F
:10A89000000000000000000074B300000000000091
:10A8A000000000000000020008000000010001009C
:10A8B0000000000090A8000094350020A0A800002F
:10A8C00050B3000040F0072000F0072000003F00D8
:10A8D0000000000000000100000000000100000076
:10A8E0000000000000000020040400000800002018
:10A8F00000060000000000000C000000BD5F00002A
:10A90000B8A800004C000020C4A80000A835002012
:10A91000D4A8000028B30000FFFFFFFFFFFF0000E6
:10A920000000000008060001080006040001000005
:10A930000000000000000000000000000000000017
:10A940007777772E6672656572746F732E6F726794
:10A9500000000000382E382E382E38000D0A2A2A22
:10A960002A2A2A2A2A2A2A2A2A2A2A2A2A2A2A2A47
:10A970002A2A2A2A2A2A2A2A2A2A2A2A2A2A2A2A37
:10A980002A2A2A2A2A2A2A2A2A2A2A2A2A2A2A2A27
:10A990002A2A2A2A2A2A2A2A2A2A2A2A2A2A2A2A17
:10A9A0002A2A2A2A2A2A2A2A2A2A2A2A2A2A0D0A44
:10A9B0002A20202052656E65736173204653502013
:10A9C0004578616D706C652050726F6A65637420A4
:10A9D000666F722045746865726E65742075736960
:10A9E0006E67204672656552544F532B5443502076
:10A9F0004D6F64756C652020202020202020202AA7
:10AA00000D0A2A2020204578616D706C65205072F7
:10AA10006F6A6563742056657273696F6E20257363
:10AA20002020202020202020202020202020202026
:10AA30002020202020202020202020202020202016
:10AA40002020202020202020202020202020202006
:10AA50002A0D0A2A202020466C657820536F6674E0
:10AA600077617265205061636B2056657273696F00
:10AA70006E202025642E25642E2564202020202091
:10AA800020202020202020202020202020202020C6
:10AA900020202020202020202020202020202020B6
:10AAA00020202020202A0D0A2A2A2A2A2A2A2A2A75
:10AAB0002A2A2A2A2A2A2A2A2A2A2A2A2A2A2A2AF6
:10AAC0002A2A2A2A2A2A2A2A2A2A2A2A2A2A2A2AE6
:10AAD0002A2A2A2A2A2A2A2A2A2A2A2A2A2A2A2AD6
:10AAE0002A2A2A2A2A2A2A2A2A2A2A2A2A2A2A2AC6
:10AAF0002A2A2A2A2A2A2A2A0D0A526566657220DB
:10AB0000746F20726561646D652E74787420666957
:10AB10006C6520666F72206D6F726520646574616C
:10AB2000696C73206F6E204578616D706C65205084
:10AB3000726F6A65637420616E642020202020207B
:10AB400020202020202020200D0A4653502055731D
:10AB500065722773204D616E75616C20666F72207F
:10AB60006D6F726520696E666F726D6174696F6E6C
:10AB70002061626F75742045746865726E6574201B
:10AB80007573696E67204672656552544F532B5436
:10AB90004350202020202020202020202020202062
:10ABA0002020202020200D0A2A2A2A2A2A2A2A2A7E
:10ABB0002A2A2A2A2A2A2A2A2A2A2A2A2A2A2A2AF5
:10ABC0002A2A2A2A2A2A2A2A2A2A2A2A2A2A2A2AE5
:10ABD0002A2A2A2A2A2A2A2A2A2A2A2A2A2A2A2AD5
:10ABE0002A2A2A2A2A2A2A2A2A2A2A2A2A2A2A2AC5
:10ABF0002A2A2A2A2A2A2A2A0D0A00000D0A200DAA
:10AC00000A2D2D2D2D2D2D2D2D2D2D2D2D2D2D2D97
:10AC10002D2D2D2D2D2D2D2D2D2D2D2D2D2D2D2D64
:10AC20002D2D2D2D2D2D2D2D2D2D2D2D2D2D2D2D54
:10AC30002D2D2D2D2D2D2D2D2D2D2D2D2D2D2D2D44
:10AC40002D2D2D2D2D2D2D2D2D2D2D2D2D2D2D2D34
:10AC50002D0D0A45746865726E65742061646170BB
:10AC600074657220436F6E66696775726174696F8F
:10AC70006E20666F722052656E6573617320454B5E
:10AC80002D5241364D353A205072652049502049A9
:10AC90006E6974202020202020200D0A2D2D2D2DBE
:10ACA0002D2D2D2D2D2D2D2D2D2D2D2D2D2D2D2DD4
:10ACB0002D2D2D2D2D2D2D2D2D2D2D2D2D2D2D2DC4
:10ACC0002D2D2D2D2D2D2D2D2D2D2D2D2D2D2D2DB4
:10ACD0002D2D2D2D2D2D2D2D2D2D2D2D2D2D2D2DA4
:10ACE0002D2D2D2D2D2D2D2D2D2D2D2D0D0A0D0A1A
:10ACF000000000000D0A200D0A2D2D2D2D2D2D2DCB
:10AD00002D2D2D2D2D2D2D2D2D2D2D2D2D2D2D2D73
:10AD10002D2D2D2D2D2D2D2D2D2D2D2D2D2D2D2D63
:10AD20002D2D2D2D2D2D2D2D2D2D2D2D2D2D2D2D53
:10AD30002D2D2D2D2D2D2D2D2D2D2D2D2D2D2D2D43
:10AD40002D2D2D2D2D2D2D2D2D0D0A45746865725F
:10AD50006E6574206164617074657220436F6E6605
:10AD6000696775726174696F6E20666F72205265D3
:10AD70006E6573617320454B2D5241364D353A2037
:10AD8000506F737420495020496E69742020202030
:10AD90002020200D0A2D2D2D2D2D2D2D2D2D2D2D4D
:10ADA0002D2D2D2D2D2D2D2D2D2D2D2D2D2D2D2DD3
:10ADB0002D2D2D2D2D2D2D2D2D2D2D2D2D2D2D2DC3
:10ADC0002D2D2D2D2D2D2D2D2D2D2D2D2D2D2D2DB3
:10ADD0002D2D2D2D2D2D2D2D2D2D2D2D2D2D2D2DA3
:10ADE0002D2D2D2D2D0D0A0D0A0000000D0A50618C
:10ADF000636B6574733A2053656E7420203D202583
:10AE00003032642C205265636569766564203D208C
:10AE1000253032642C204C6F7374203D2025303255
:10AE200064200D0A000000000D0A45746865726E0A
:10AE30006574206164617074657220666F7220525F
:10AE4000656E6573617320454B2D5241364D353A21
:10AE50000D0A0000094465736372697074696F6E4E
:10AE6000202E202E202E202E202E202E202E202E72
:10AE7000202E202E202E203A2052656E657361739D
:10AE800020454B2D5241364D352045746865726E14
:10AE900065740D0A000000000950687973696361E8
:10AEA0006C20416464726573732E202E202E202E38
:10AEB000202E202E202E202E202E203A202530320B
:10AEC000782D253032782D253032782D2530327886
:10AED0002D253032782D253032780D0A0000000003
:10AEE000094448435020456E61626C65642E202EF3
:10AEF000202E202E202E202E202E202E202E202EE2
:10AF0000202E203A2025730D0A00000009495076B2
:10AF10003420416464726573732E202E202E202EFF
:10AF2000202E202E202E202E202E202E202E203AA5
:10AF30002025642E25642E25642E25640D0A00002C
:10AF4000095375626E6574204D61736B202E202E3F
:10AF5000202E202E202E202E202E202E202E202E81
:10AF6000202E203A2025642E25642E25642E25646B
:10AF70000D0A00000944656661756C7420476174B0
:10AF800065776179202E202E202E202E202E202E37
:10AF9000202E202E202E203A2025642E25642E25BA
:10AFA000642E25640D0A000009444E532053657237
:10AFB00076657273202E202E202E202E202E202EFD
:10AFC000202E202E202E202E202E203A2025642ECA
:10AFD00025642E25642E25640D0A00000D0A444EBA
:10AFE00053204C6F6F6B757020666F7220227777DD
:10AFF000772E6672656572746F732E6F726722208A
:10B0000069732020202020203A20257320200D0A5B
:10B01000000000000D0A444E53204C6F6F6B75709A
:10B02000206661696C656420666F7220227777778D
:10B030002E6672656572746F732E6F726722200DB3
:10B040000A00000045746865726E65744465666543
:10B0500072726564496E7465727275707448616E5F
:10B06000646C65725461736B000000000080000026
:10B0700000000000008000000100000000800000CF
:10B0800002000000008000000300000000400000FB
:10B090000400000000400000050000000400000063
:10B0A000060000000400000007000000040000008B
:10B0B00008000000008000000E000000008000007A
:10B0C0000F0000000008011C000100000008011C26
:10B0D000010100000008011C020100000008011C21
:10B0E000030100000008011C040100000008011C0D
:10B0F000050100000008011C060100000008011CF9
:10B10000070100000000010008010000000C01031D
:10B110000B010000040C00000C010000040C0000F6
:10B120000D010000040C00000E010000040C0000E2
:10B130000F010000000C010602020000000C0106D5
:10B1400003020000000C010604020000000C0106CE
:10B1500005020000000C010606020000040C0000BD
:10B16000070200000000010000030000000C0106BF
:10B1700001030000000C010602030000040C0000A3
:10B1800003030000000C011105030000000C011175
:10B1900006030000000C011107030000000C011160
:10B1A00008030000000C011109030000000C01114C
:10B1B0000A030000040C00000B0300001040000014
:10B1C00000040000000C011701040000000C01172E
:10B1D00002040000050C000003040000040C000041
:10B1E00004040000000C011705040000000C011706
:10B1F00006040000000C011307040000040C00000A
:10B20000080400001040000009040000000C0106C2
:10B210000A040000000C01060B040000000C0106EB
:10B220000C040000000C01060D040000000C0107D6
:10B230000E040000000C01070F040000000C0113B5
:10B2400000050000000C011301050000400C010482
:10B2500005050000400C010406050000000C010774
:10B260000B050000000C01070C0500000008011C84
:10B27000000600000008011C010600000000011C7F
:10B2800002060000040C0000080600000000011087
:10B2900009060000000001100A060000040C00006E
:10B2A0000B060000000001050D060000000001056E
:10B2B0000E060000040000000F060000000C01173D
:10B2C00000070000000C011701070000000C011727
:10B2D00002070000000C011703070000000C011713
:10B2E00004070000000C01170507000000400000E3
:10B2F000060700000000011407070000000C01060B
:10B30000080700001040000005090000000C0114AF
:10B31000000B0000000C0114010B0000560000009F
:10B320006CB0000000000000DD8C0000698E0000A1
:10B33000339300000D8F00006D8F0000D19300004B
:10B34000D98F0000719200008F940000E7940000F4
:10B35000A19F00007DA00000F1A20000A1A30000B9
:10B3600045A40000A1A0000037A10000ADA200008C
:10B370000400000000016F0101005E0000FC333397
:10B380000001000301005E0000FB3333000000FBFE
:10B3900000000606362E362E300000004275696C1D
:10B3A0007420776974682052656E657361732041FB
:10B3B0006476616E63656420466C657869626C656D
:10B3C00020536F667477617265205061636B6167AB
:10B3D000652076657273696F6E20362E362E3000CA
:10B3E000000000000000000000000000000000005D
:10B3F000000000000000000000000000000000004D
:020000040100F9
:04A10000FFFFFFFF5F
:04A20000FFFDFFFF60
:04A28000F8F8FFFFEC
:040000050000A6450C
:00000001FF
