T0F18 000:004.750   SEGGER J-Link V9.14a Log File
T0F18 000:004.968   DLL Compiled: Jan 28 2026 17:11:52
T0F18 000:004.991   Logging started @ 2026-03-09 08:22
T0F18 000:005.014   Process: C:\Users\a5145404\.eclipse\com.renesas.platform_770098053\DebugComp\RA\e2-server-gdb.exe
T0F18 000:005.052 - 5.039ms 
T0F18 000:005.098 JLINK_GetDLLVersion()
T0F18 000:005.122 - 0.026ms returns 91401
T0F18 000:021.540 JLINK_OpenEx(...)
T0F18 000:036.184   Firmware: J-Link OB-RA4M2 compiled Dec 10 2025 15:52:53
T0F18 000:037.292   Firmware: J-Link OB-RA4M2 compiled Dec 10 2025 15:52:53
T0F18 000:050.411   Hardware: V1.00
T0F18 000:050.483   S/N: 1086362272
T0F18 000:050.505   OEM: SEGGER
T0F18 000:050.542   Feature(s): None
T0F18 000:051.776   Bootloader: 2021 May 14
T0F18 000:052.484   USB speed mode: Full speed (12 MBit/s)
T0F18 000:053.280   TELNET listener socket opened on port 19021
T0F18 000:053.759   WEBSRV WEBSRV_Init(): Starting webserver thread(s)
T0F18 000:054.092   WEBSRV Webserver running on local port 19080
T0F18 000:054.589   Looking for J-Link GUI Server exe at: C:\Users\a5145404\.eclipse\com.renesas.platform_770098053\DebugComp\RA\ARM\Segger_v9.14.1\JLinkGUIServer.exe
T0F18 000:054.859   Looking for J-Link GUI Server exe at: C:\Users\a5145404\SEGGER\JLink_V874\JLinkGUIServer.exe
T0F18 000:054.997   Forking J-Link GUI Server: C:\Users\a5145404\SEGGER\JLink_V874\JLinkGUIServer.exe
T0F18 000:129.349   J-Link GUI Server info: "J-Link GUI server V8.74 "
T0F18 000:136.760 - 115.207ms returns "O.K."
T0F18 000:137.193 JLINK_ExecCommand("ProjectFile=C:\Workspace\RA8P1_MCUboot\640\ra8_dualcore_with_bootloader\ra8p1_primary_cpu0/ra8p1_primary_cpu1 Debug_Multicore.jlink", ...). 
T0F18 000:166.882 - 29.692ms returns 0x00
T0F18 000:167.514 JLINK_ExecCommand("device=R7KA8P1KF_CPU0", ...). 
T0F18 000:168.346   Flash bank @ 0x02000000: SFL: Parsing sectorization info from ELF file
T0F18 000:168.399     FlashDevice.SectorInfo[0]: .SectorSize = 0x00000800, .SectorStartAddr = 0x00000000
T0F18 000:168.425   FlashBank @0x02000000: Sectorization info from SFL ELF file ignored because sectorization override from DLL / XML file is active.
T0F18 000:168.734   Flash bank @ 0x02E07400: SFL: Parsing sectorization info from ELF file
T0F18 000:168.774     FlashDevice.SectorInfo[0]: .SectorSize = 0x00000010, .SectorStartAddr = 0x00000000
T0F18 000:168.800   FlashBank @0x02C9F020: Sectorization info from SFL ELF file ignored because sectorization override from DLL / XML file is active.
T0F18 000:168.834   Flash bank @ 0x02E07400: SFL: Parsing sectorization info from ELF file
T0F18 000:168.863     FlashDevice.SectorInfo[0]: .SectorSize = 0x00000010, .SectorStartAddr = 0x00000000
T0F18 000:168.888   FlashBank @0x02E07400: Sectorization info from SFL ELF file ignored because sectorization override from DLL / XML file is active.
T0F18 000:168.937   Flash bank @ 0x12000000: SFL: Parsing sectorization info from ELF file
T0F18 000:168.962     FlashDevice.SectorInfo[0]: .SectorSize = 0x00000800, .SectorStartAddr = 0x00000000
T0F18 000:168.988   FlashBank @0x12000000: Sectorization info from SFL ELF file ignored because sectorization override from DLL / XML file is active.
T0F18 000:169.364   Flash bank @ 0x12E07400: SFL: Parsing sectorization info from ELF file
T0F18 000:169.402     FlashDevice.SectorInfo[0]: .SectorSize = 0x00000010, .SectorStartAddr = 0x00000000
T0F18 000:169.425   FlashBank @0x12C9F4C0: Sectorization info from SFL ELF file ignored because sectorization override from DLL / XML file is active.
T0F18 000:169.459   Flash bank @ 0x12E07400: SFL: Parsing sectorization info from ELF file
T0F18 000:169.482     FlashDevice.SectorInfo[0]: .SectorSize = 0x00000010, .SectorStartAddr = 0x00000000
T0F18 000:169.504   FlashBank @0x12E07780: Sectorization info from SFL ELF file ignored because sectorization override from DLL / XML file is active.
T0F18 000:169.587   Flash bank @ 0x70000000: SFL: Parsing sectorization info from ELF file
T0F18 000:169.610     FlashDevice.SectorInfo[0]: .SectorSize = 0x00010000, .SectorStartAddr = 0x00000000
T0F18 000:176.902   Flash bank @ 0x78000000: SFL: Parsing sectorization info from ELF file
T0F18 000:177.007     FlashDevice.SectorInfo[0]: .SectorSize = 0x00010000, .SectorStartAddr = 0x00000000
T0F18 000:184.190   Flash bank @ 0x80000000: SFL: Parsing sectorization info from ELF file
T0F18 000:184.296     FlashDevice.SectorInfo[0]: .SectorSize = 0x00010000, .SectorStartAddr = 0x00000000
T0F18 000:197.824   Flash bank @ 0x90000000: SFL: Parsing sectorization info from ELF file
T0F18 000:197.914     FlashDevice.SectorInfo[0]: .SectorSize = 0x00010000, .SectorStartAddr = 0x00000000
T0F18 000:213.797   Device "R7KA8P1KF_CPU0" selected.
T0F18 000:216.843 - 49.327ms returns 0x00
T0F18 000:216.932 JLINK_TIF_GetAvailable(...)
T0F18 000:217.207 - 0.274ms 
T0F18 000:218.287 JLINK_TIF_Select(JLINKARM_TIF_SWD)
T0F18 000:219.112 - 0.824ms returns 0x00
T0F18 000:219.203 JLINK_SetSpeed(4000)
T0F18 000:219.391 - 0.202ms 
T0F18 000:219.490 JLINK_ReadMem(0xE000EDF0, 0x4 Bytes, ...)
T0F18 000:219.777   ConfigTargetSettings() start
T0F18 000:219.844    J-Link Script File: Executing ConfigTargetSettings()
T0F18 000:219.889   Configuring FlashDLNoRMWThreshold=0x200 in order to make sure that option bytes programming is done via read-modify-write
T0F18 000:246.523   ConfigTargetSettings() end - Took 26.6ms
T0F18 000:246.579   InitTarget() start
T0F18 000:246.605    J-Link Script File: Executing InitTarget()
T0F18 000:246.625   Identifying target device...
T0F18 000:246.655   SWD selected. Executing JTAG -> SWD switching sequence...
T0F18 000:247.757   Initializing DAP...
T0F18 000:249.117   Error: Failed to initialize DAP.
T0F18 000:249.172   Attach to CPU failed. Trying connect under reset.
T0F18 000:350.543   Identifying target device...
T0F18 000:350.650   SWD selected. Executing JTAG -> SWD switching sequence...
T0F18 000:351.698   Initializing DAP...
T0F18 000:352.948   DAP initialized successfully.
T0F18 000:464.469   Determining TrustZone configuration...
T0F18 000:466.110     Secure Debug: Enabled (SSD)
T0F18 000:466.183   Determining currently configured transfer type by reading the AHB-AP CSW register.
T0F18 000:467.396     --> Correct transfer type configured. Done.
T0F18 000:467.476   InitTarget() end - Took 220ms
T0F18 000:469.852   Found SW-DP with ID 0x6BA02477
T0F18 000:472.825   DPIDR: 0x6BA02477
T0F18 000:472.882   CoreSight SoC-400 or earlier
T0F18 000:472.915   Scanning AP map to find all available APs
T0F18 000:573.943   AP[2]: Stopped AP scan as end of AP map seems to be reached
T0F18 000:574.660   AP[0]: AHB-AP (IDR: 0x84770001, ADDR: 0x00000000)
T0F18 000:574.710   AP[1]: APB-AP (IDR: 0x54770002, ADDR: 0x01000000)
T0F18 000:574.738   Iterating through AP map to find AHB-AP to use
T0F18 000:576.036   AP[0]: Core found
T0F18 000:576.085   AP[0]: AHB-AP ROM base: 0xE00FE000
T0F18 000:576.859   CPUID register: 0x411FD231. Implementer code: 0x41 (ARM)
T0F18 000:576.913   Feature set: Mainline
T0F18 000:577.527   Cache: L1 I/D-cache present
T0F18 000:577.637   Found Cortex-M85 r1p1, Little endian.
T0F18 000:578.375   -- Max. mem block: 0x0001D908
T0F18 000:579.556   CPU_ReadMem(4 bytes @ 0xE000EDF0)
T0F18 000:580.180   CPU_WriteMem(4 bytes @ 0xE000EDF0)
T0F18 000:580.715   CPU_ReadMem(4 bytes @ 0xE0002000)
T0F18 000:581.238   FPUnit: 8 code (BP) slots and 0 literal slots
T0F18 000:581.283   CPU_ReadMem(4 bytes @ 0xE000EDFC)
T0F18 000:581.801   CPU_WriteMem(4 bytes @ 0xE000EDFC)
T0F18 000:582.340   CPU_ReadMem(4 bytes @ 0xE0001000)
T0F18 000:582.824   CPU_ReadMem(4 bytes @ 0xE0001000)
T0F18 000:583.374   CPU_ReadMem(4 bytes @ 0xE0001028)
T0F18 000:583.787   CPU_ReadMem(4 bytes @ 0xE0001038)
T0F18 000:584.300   CPU_ReadMem(4 bytes @ 0xE0001048)
T0F18 000:584.796   CPU_ReadMem(4 bytes @ 0xE0001058)
T0F18 000:585.352   CPU_ReadMem(4 bytes @ 0xE0001068)
T0F18 000:585.853   CPU_ReadMem(4 bytes @ 0xE0001078)
T0F18 000:586.479   CPU_ReadMem(4 bytes @ 0xE0001088)
T0F18 000:586.949   CPU_ReadMem(4 bytes @ 0xE0001098)
T0F18 000:587.443   CPU_WriteMem(4 bytes @ 0xE0001000)
T0F18 000:588.001   CPU_ReadMem(4 bytes @ 0xE000ED88)
T0F18 000:588.506   CPU_WriteMem(4 bytes @ 0xE000ED88)
T0F18 000:588.995   CPU_ReadMem(4 bytes @ 0xE000ED88)
T0F18 000:589.445   CPU_WriteMem(4 bytes @ 0xE000ED88)
T0F18 000:589.950   CPU_ReadMem(4 bytes @ 0xE000EFB8)
T0F18 000:590.363   Security extension: implemented
T0F18 000:590.409   Secure debug: enabled
T0F18 000:590.437   CPU_ReadMem(4 bytes @ 0xE000ED74)
T0F18 000:590.825   PACBTI extension: implemented
T0F18 000:590.854   CoreSight components:
T0F18 000:590.880   ROMTbl[0] @ E00FE000
T0F18 000:590.906   CPU_ReadMem(64 bytes @ 0xE00FE000)
T0F18 000:591.762   CPU_ReadMem(32 bytes @ 0xE00FFFE0)
T0F18 000:592.508   [0][0]: E00FF000 CID B105100D PID 000BB4D4 ROM Table
T0F18 000:592.559   ROMTbl[1] @ E00FF000
T0F18 000:592.588   CPU_ReadMem(64 bytes @ 0xE00FF000)
T0F18 000:593.295   CPU_ReadMem(32 bytes @ 0xE000EFE0)
T0F18 000:593.842   CPU_ReadMem(4 bytes @ 0xE000EFBC)
T0F18 000:594.242   CPU_ReadMem(4 bytes @ 0xE000EFCC)
T0F18 000:594.636   [1][0]: E000E000 CID B105900D PID 000BBD23 DEVARCH 47702A04 DEVTYPE 00 ???
T0F18 000:594.686   CPU_ReadMem(32 bytes @ 0xE0001FE0)
T0F18 000:595.255   CPU_ReadMem(4 bytes @ 0xE0001FBC)
T0F18 000:595.668   CPU_ReadMem(4 bytes @ 0xE0001FCC)
T0F18 000:596.074   [1][1]: E0001000 CID B105900D PID 000BBD23 DEVARCH 47711A02 DEVTYPE 00 DWT
T0F18 000:596.106   CPU_ReadMem(32 bytes @ 0xE0002FE0)
T0F18 000:596.753   CPU_ReadMem(4 bytes @ 0xE0002FBC)
T0F18 000:597.171   CPU_ReadMem(4 bytes @ 0xE0002FCC)
T0F18 000:597.532   [1][2]: E0002000 CID B105900D PID 000BBD23 DEVARCH 47701A03 DEVTYPE 00 FPB
T0F18 000:597.565   CPU_ReadMem(32 bytes @ 0xE0000FE0)
T0F18 000:598.302   CPU_ReadMem(4 bytes @ 0xE0000FBC)
T0F18 000:598.712   CPU_ReadMem(4 bytes @ 0xE0000FCC)
T0F18 000:599.047   [1][3]: E0000000 CID B105900D PID 000BBD23 DEVARCH 47701A01 DEVTYPE 43 ITM
T0F18 000:599.088   CPU_ReadMem(32 bytes @ 0xE0041FE0)
T0F18 000:599.757   CPU_ReadMem(4 bytes @ 0xE0041FBC)
T0F18 000:600.192   CPU_ReadMem(4 bytes @ 0xE0041FCC)
T0F18 000:600.531   [1][5]: E0041000 CID B105900D PID 004BBD23 DEVARCH 47754A13 DEVTYPE 13 ETM
T0F18 000:600.560   CPU_ReadMem(32 bytes @ 0xE0003FE0)
T0F18 000:601.105   CPU_ReadMem(4 bytes @ 0xE0003FBC)
T0F18 000:601.531   CPU_ReadMem(4 bytes @ 0xE0003FCC)
T0F18 000:601.862   [1][6]: E0003000 CID B105900D PID 000BBD23 DEVARCH 47700A06 DEVTYPE 16 ???
T0F18 000:601.894   CPU_ReadMem(32 bytes @ 0xE0042FE0)
T0F18 000:602.413   CPU_ReadMem(4 bytes @ 0xE0042FBC)
T0F18 000:602.760   CPU_ReadMem(4 bytes @ 0xE0042FCC)
T0F18 000:603.068   [1][7]: E0042000 CID B105900D PID 000BBD23 DEVARCH 47701A14 DEVTYPE 14 CSS600-CTI
T0F18 000:603.097   CPU_ReadMem(32 bytes @ 0xE0040FE0)
T0F18 000:603.616   [0][1]: E0040000 CID 05900D00 PID 0BBD2300 ???
T0F18 000:603.661   CPU_WriteMem(4 bytes @ 0xE000ED84)
T0F18 000:603.987   CPU_ReadMem(4 bytes @ 0xE000ED80)
T0F18 000:604.366   I-Cache L1: 16 KB, 256 Sets, 32 Bytes/Line, 2-Way
T0F18 000:604.396   CPU_WriteMem(4 bytes @ 0xE000ED84)
T0F18 000:604.736   CPU_ReadMem(4 bytes @ 0xE000ED80)
T0F18 000:605.073   D-Cache L1: 16 KB, 128 Sets, 32 Bytes/Line, 4-Way
T0F18 000:605.160   CPU_ReadMem(4 bytes @ 0xE000EDF0)
T0F18 000:605.559   Data:  01 00 19 00
T0F18 000:605.592   Debug reg: DHCSR
T0F18 000:605.619 - 386.129ms returns 0
T0F18 000:605.649 JLINK_ReadMem(0x40204038, 0x4 Bytes, ...)
T0F18 000:605.671   CPU_ReadMem(4 bytes @ 0x40204038)
T0F18 000:606.264   Data:  04 00 00 00
T0F18 000:606.297 - 0.648ms returns 0
T0F18 000:606.325 JLINK_ReadMem(0xE000EDF0, 0x4 Bytes, ...)
T0F18 000:606.349   CPU_ReadMem(4 bytes @ 0xE000EDF0)
T0F18 000:606.635   Data:  01 00 19 00
T0F18 000:606.665   Debug reg: DHCSR
T0F18 000:606.691 - 0.366ms returns 0
T0F18 000:607.427 JLINK_ReadMem(0xE000EDF0, 0x4 Bytes, ...)
T0F18 000:607.476   CPU_ReadMem(4 bytes @ 0xE000EDF0)
T0F18 000:607.781   Data:  01 00 19 00
T0F18 000:607.821   Debug reg: DHCSR
T0F18 000:607.848 - 0.421ms returns 0
T0F18 000:607.872 JLINK_ReadMem(0xE000EDF0, 0x4 Bytes, ...)
T0F18 000:607.896   CPU_ReadMem(4 bytes @ 0xE000EDF0)
T0F18 000:608.316   Data:  01 00 19 00
T0F18 000:608.364   Debug reg: DHCSR
T0F18 000:608.390 - 0.517ms returns 0
T0F18 000:608.415 JLINK_ReadMem(0xE000EDF0, 0x4 Bytes, ...)
T0F18 000:608.446   CPU_ReadMem(4 bytes @ 0xE000EDF0)
T0F18 000:608.830   Data:  01 00 19 00
T0F18 000:608.867   Debug reg: DHCSR
T0F18 000:608.896 - 0.481ms returns 0
T0F18 000:608.926 JLINK_ReadMem(0xE000EDF0, 0x4 Bytes, ...)
T0F18 000:608.950   CPU_ReadMem(4 bytes @ 0xE000EDF0)
T0F18 000:609.371   Data:  01 00 19 00
T0F18 000:609.418   Debug reg: DHCSR
T0F18 000:609.445 - 0.518ms returns 0
T0F18 000:609.470 JLINK_ReadMem(0x40204038, 0x4 Bytes, ...)
T0F18 000:609.496   CPU_ReadMem(4 bytes @ 0x40204038)
T0F18 000:610.132   Data:  04 00 00 00
T0F18 000:610.163 - 0.692ms returns 0
T0F18 000:610.185 JLINK_ReadMem(0xE000EDF0, 0x4 Bytes, ...)
T0F18 000:610.205   CPU_ReadMem(4 bytes @ 0xE000EDF0)
T0F18 000:610.545   Data:  01 00 19 00
T0F18 000:610.574   Debug reg: DHCSR
T0F18 000:610.599 - 0.414ms returns 0
T0F18 000:610.635 JLINK_ReadMem(0xE000EDF0, 0x4 Bytes, ...)
T0F18 000:610.656   CPU_ReadMem(4 bytes @ 0xE000EDF0)
T0F18 000:610.992   Data:  01 00 19 00
T0F18 000:611.021   Debug reg: DHCSR
T0F18 000:611.047 - 0.411ms returns 0
T0F18 000:611.066 JLINK_ReadMem(0x40204030, 0x4 Bytes, ...)
T0F18 000:611.086   CPU_ReadMem(4 bytes @ 0x40204030)
T0F18 000:611.745   Data:  00 80 FF 00
T0F18 000:611.780 - 0.714ms returns 0
T0F18 000:612.028 JLINK_SetEndian(ARM_ENDIAN_LITTLE)
T0F18 000:612.055 - 0.027ms returns 0
T0F18 000:612.079 JLINK_SetInitRegsOnReset(OFF)
T0F18 000:612.100 - 0.020ms returns 1
T0F18 000:612.118 JLINK_SetResetType(JLINKARM_CM3_RESET_TYPE_CONNECT_UNDER_RESET)
T0F18 000:612.138 - 0.019ms returns JLINKARM_CM3_RESET_TYPE_NORMAL
T0F18 000:612.158 JLINK_ExecCommand("EnableFlashBPs", ...). 
T0F18 000:612.183 - 0.024ms returns 0x00
T0F18 000:612.204 JLINK_ExecCommand("SetAllowFlashCache = 1", ...). 
T0F18 000:612.223 - 0.019ms returns 0x01
T0F18 000:612.242 JLINK_ExecCommand("SetRestartOnClose = 0", ...). 
T0F18 000:612.262 - 0.019ms returns 0x01
T0F18 000:612.281 JLINK_ExecCommand("SetAllowSimulation = 0", ...). 
T0F18 000:612.303 - 0.022ms returns 0x00
T0F18 000:612.326 JLINK_EnableSoftBPs(ON)
T0F18 000:612.344 - 0.021ms 
T0F18 000:612.366 JLINK_Connect()
T0F18 000:613.219   ConfigTargetSettings() start
T0F18 000:613.263    J-Link Script File: Executing ConfigTargetSettings()
T0F18 000:613.284   Configuring FlashDLNoRMWThreshold=0x200 in order to make sure that option bytes programming is done via read-modify-write
T0F18 000:640.288   ConfigTargetSettings() end - Took 27.0ms
T0F18 000:640.337   InitTarget() start
T0F18 000:640.372    J-Link Script File: Executing InitTarget()
T0F18 000:640.388   Identifying target device...
T0F18 000:640.413   SWD selected. Executing JTAG -> SWD switching sequence...
T0F18 000:641.443   Initializing DAP...
T0F18 000:642.762   DAP initialized successfully.
T0F18 000:642.810   Determining TrustZone configuration...
T0F18 000:644.369     Secure Debug: Enabled (SSD)
T0F18 000:644.417   Determining currently configured transfer type by reading the AHB-AP CSW register.
T0F18 000:645.627     --> Correct transfer type configured. Done.
T0F18 000:645.680   InitTarget() end - Took 5.30ms
T0F18 000:646.562   Found SW-DP with ID 0x6BA02477
T0F18 000:649.033   DPIDR: 0x6BA02477
T0F18 000:649.087   CoreSight SoC-400 or earlier
T0F18 000:649.112   AP map detection skipped. Manually configured AP map found.
T0F18 000:649.141   AP[0]: AHB-AP (IDR: Not set, ADDR: 0x00000000)
T0F18 000:649.978   AP[0]: Core found
T0F18 000:650.051   AP[0]: AHB-AP ROM base: 0xE00FE000
T0F18 000:650.564   CPUID register: 0x411FD231. Implementer code: 0x41 (ARM)
T0F18 000:650.615   Feature set: Mainline
T0F18 000:651.046   Cache: L1 I/D-cache present
T0F18 000:651.077   Found Cortex-M85 r1p1, Little endian.
T0F18 000:651.239   -- Max. mem block: 0x0001D5D8
T0F18 000:651.275   CPU_ReadMem(4 bytes @ 0xE000EDF0)
T0F18 000:651.576   CPU_ReadMem(4 bytes @ 0xE0002000)
T0F18 000:652.084   FPUnit: 8 code (BP) slots and 0 literal slots
T0F18 000:652.121   CPU_ReadMem(4 bytes @ 0xE000EDFC)
T0F18 000:652.531   CPU_ReadMem(4 bytes @ 0xE0001000)
T0F18 000:652.862   CPU_ReadMem(4 bytes @ 0xE0001000)
T0F18 000:653.156   CPU_ReadMem(4 bytes @ 0xE0001028)
T0F18 000:653.443   CPU_ReadMem(4 bytes @ 0xE0001038)
T0F18 000:653.830   CPU_ReadMem(4 bytes @ 0xE0001048)
T0F18 000:654.186   CPU_ReadMem(4 bytes @ 0xE0001058)
T0F18 000:654.538   CPU_ReadMem(4 bytes @ 0xE0001068)
T0F18 000:654.873   CPU_ReadMem(4 bytes @ 0xE0001078)
T0F18 000:655.195   CPU_ReadMem(4 bytes @ 0xE0001088)
T0F18 000:655.560   CPU_ReadMem(4 bytes @ 0xE0001098)
T0F18 000:655.864   CPU_WriteMem(4 bytes @ 0xE0001000)
T0F18 000:656.193   CPU_ReadMem(4 bytes @ 0xE000ED88)
T0F18 000:656.531   CPU_WriteMem(4 bytes @ 0xE000ED88)
T0F18 000:656.861   CPU_ReadMem(4 bytes @ 0xE000ED88)
T0F18 000:657.156   CPU_WriteMem(4 bytes @ 0xE000ED88)
T0F18 000:657.485   CPU_ReadMem(4 bytes @ 0xE000EFB8)
T0F18 000:657.820   Security extension: implemented
T0F18 000:657.852   Secure debug: enabled
T0F18 000:657.878   CPU_ReadMem(4 bytes @ 0xE000ED74)
T0F18 000:658.286   PACBTI extension: implemented
T0F18 000:658.333   CoreSight components:
T0F18 000:658.362   ROMTbl[0] @ E00FE000
T0F18 000:658.392   CPU_ReadMem(64 bytes @ 0xE00FE000)
T0F18 000:659.291   CPU_ReadMem(32 bytes @ 0xE00FFFE0)
T0F18 000:659.960   [0][0]: E00FF000 CID B105100D PID 000BB4D4 ROM Table
T0F18 000:660.012   ROMTbl[1] @ E00FF000
T0F18 000:660.041   CPU_ReadMem(64 bytes @ 0xE00FF000)
T0F18 000:660.765   CPU_ReadMem(32 bytes @ 0xE000EFE0)
T0F18 000:661.410   CPU_ReadMem(4 bytes @ 0xE000EFBC)
T0F18 000:661.847   CPU_ReadMem(4 bytes @ 0xE000EFCC)
T0F18 000:662.254   [1][0]: E000E000 CID B105900D PID 000BBD23 DEVARCH 47702A04 DEVTYPE 00 ???
T0F18 000:662.288   CPU_ReadMem(32 bytes @ 0xE0001FE0)
T0F18 000:662.910   CPU_ReadMem(4 bytes @ 0xE0001FBC)
T0F18 000:663.361   CPU_ReadMem(4 bytes @ 0xE0001FCC)
T0F18 000:663.796   [1][1]: E0001000 CID B105900D PID 000BBD23 DEVARCH 47711A02 DEVTYPE 00 DWT
T0F18 000:663.827   CPU_ReadMem(32 bytes @ 0xE0002FE0)
T0F18 000:664.433   CPU_ReadMem(4 bytes @ 0xE0002FBC)
T0F18 000:664.830   CPU_ReadMem(4 bytes @ 0xE0002FCC)
T0F18 000:665.210   [1][2]: E0002000 CID B105900D PID 000BBD23 DEVARCH 47701A03 DEVTYPE 00 FPB
T0F18 000:665.242   CPU_ReadMem(32 bytes @ 0xE0000FE0)
T0F18 000:665.880   CPU_ReadMem(4 bytes @ 0xE0000FBC)
T0F18 000:666.357   CPU_ReadMem(4 bytes @ 0xE0000FCC)
T0F18 000:666.817   [1][3]: E0000000 CID B105900D PID 000BBD23 DEVARCH 47701A01 DEVTYPE 43 ITM
T0F18 000:666.853   CPU_ReadMem(32 bytes @ 0xE0041FE0)
T0F18 000:667.480   CPU_ReadMem(4 bytes @ 0xE0041FBC)
T0F18 000:667.934   CPU_ReadMem(4 bytes @ 0xE0041FCC)
T0F18 000:668.420   [1][5]: E0041000 CID B105900D PID 004BBD23 DEVARCH 47754A13 DEVTYPE 13 ETM
T0F18 000:668.475   CPU_ReadMem(32 bytes @ 0xE0003FE0)
T0F18 000:669.008   CPU_ReadMem(4 bytes @ 0xE0003FBC)
T0F18 000:669.407   CPU_ReadMem(4 bytes @ 0xE0003FCC)
T0F18 000:669.836   [1][6]: E0003000 CID B105900D PID 000BBD23 DEVARCH 47700A06 DEVTYPE 16 ???
T0F18 000:669.886   CPU_ReadMem(32 bytes @ 0xE0042FE0)
T0F18 000:670.513   CPU_ReadMem(4 bytes @ 0xE0042FBC)
T0F18 000:670.880   CPU_ReadMem(4 bytes @ 0xE0042FCC)
T0F18 000:671.372   [1][7]: E0042000 CID B105900D PID 000BBD23 DEVARCH 47701A14 DEVTYPE 14 CSS600-CTI
T0F18 000:671.404   CPU_ReadMem(32 bytes @ 0xE0040FE0)
T0F18 000:672.081   [0][1]: E0040000 CID 05900D00 PID 0BBD23B1 ???
T0F18 000:672.147   CPU_WriteMem(4 bytes @ 0xE000ED84)
T0F18 000:672.678   CPU_ReadMem(4 bytes @ 0xE000ED80)
T0F18 000:673.203   I-Cache L1: 16 KB, 256 Sets, 32 Bytes/Line, 2-Way
T0F18 000:673.252   CPU_WriteMem(4 bytes @ 0xE000ED84)
T0F18 000:673.634   CPU_ReadMem(4 bytes @ 0xE000ED80)
T0F18 000:673.991   D-Cache L1: 16 KB, 128 Sets, 32 Bytes/Line, 4-Way
T0F18 000:674.042 - 61.675ms returns 0x00
T0F18 000:674.094 JLINK_Halt()
T0F18 000:677.897 - 3.802ms returns 0x00
T0F18 000:677.960 JLINK_IsHalted()
T0F18 000:678.480 - 0.518ms returns TRUE
T0F18 000:679.412 JLINK_ResetPullsRESET(ON)
T0F18 000:679.456 - 0.043ms 
T0F18 000:679.475 JLINK_Reset()
T0F18 000:679.513   ResetTarget() start
T0F18 000:679.541    J-Link Script File: Executing ResetTarget()
T0F18 000:679.572   CPU_ReadMem(4 bytes @ 0xE000ED44)
T0F18 000:679.992   CPU_ReadMem(4 bytes @ 0xE000EE08)
T0F18 000:680.485   CPU_WriteMem(4 bytes @ 0xE000EE08)
T0F18 000:680.991   CPU_ReadMem(4 bytes @ 0xE000EE08)
T0F18 000:681.469   Reset: ARMv8M core with Security Extension enabled detected. Switch to secure domain.
T0F18 000:681.548   Reset: Halt core after reset via DEMCR.VC_CORERESET.
T0F18 000:681.580   CPU_WriteMem(4 bytes @ 0xE000EDF0)
T0F18 000:682.115   CPU_WriteMem(4 bytes @ 0xE000EDFC)
T0F18 000:682.867   Reset: Reset device via AIRCR.SYSRESETREQ.
T0F18 000:682.951   CPU_WriteMem(4 bytes @ 0xE000ED0C)
T0F18 000:735.485   CPU_ReadMem(4 bytes @ 0xE000EDF0)
T0F18 000:736.074   CPU_ReadMem(4 bytes @ 0xE000EDF0)
T0F18 000:736.638   CPU_WriteMem(4 bytes @ 0xE000EDFC)
T0F18 000:737.196   ResetTarget() end - Took 57.6ms
T0F18 000:737.248   Device specific reset executed.
T0F18 000:741.531   CPU_WriteMem(4 bytes @ 0xE0002000)
T0F18 000:742.073   CPU_ReadMem(4 bytes @ 0xE000EDFC)
T0F18 000:742.557   CPU_ReadMem(4 bytes @ 0xE0001000)
T0F18 000:743.152   CPU_ReadMem(4 bytes @ 0xE000EE08)
T0F18 000:743.635 - 64.159ms 
T0F18 000:744.638 JLINK_ReadMem(0xE000EDF0, 0x4 Bytes, ...)
T0F18 000:744.699   CPU_ReadMem(4 bytes @ 0xE000EDF0)
T0F18 000:745.121   Data:  03 00 13 00
T0F18 000:745.177   Debug reg: DHCSR
T0F18 000:745.201 - 0.563ms returns 0
T0F18 000:745.222 JLINK_IsHalted()
T0F18 000:745.239 - 0.016ms returns TRUE
T0F18 000:745.292 JLINK_ReadMem(0x4000F050, 0x1 Bytes, ...)
T0F18 000:745.314   CPU_ReadMem(1 bytes @ 0x4000F050)
T0F18 000:746.208   Data:  00
T0F18 000:746.257 - 0.965ms returns 0
T0F18 000:746.627 JLINK_IsHalted()
T0F18 000:746.666 - 0.039ms returns TRUE
T0F18 000:746.689 JLINK_ReadMem(0xE000EDF0, 0x4 Bytes, ...)
T0F18 000:746.713   CPU_ReadMem(4 bytes @ 0xE000EDF0)
T0F18 000:747.196   Data:  03 00 13 00
T0F18 000:747.247   Debug reg: DHCSR
T0F18 000:747.274 - 0.584ms returns 0
T0F18 000:747.296 JLINK_ReadMem(0x40204038, 0x4 Bytes, ...)
T0F18 000:747.319   CPU_ReadMem(4 bytes @ 0x40204038)
T0F18 000:748.141   Data:  04 00 00 00
T0F18 000:748.228 - 0.932ms returns 0
T0F18 000:748.253 JLINK_ReadMem(0xE000EDF0, 0x4 Bytes, ...)
T0F18 000:748.277   CPU_ReadMem(4 bytes @ 0xE000EDF0)
T0F18 000:748.681   Data:  03 00 13 00
T0F18 000:748.756   Debug reg: DHCSR
T0F18 000:748.799 - 0.546ms returns 0
T0F18 000:748.868 JLINK_MeasureCPUSpeed(RAMAddr = 0x22003000)
T0F18 000:748.905   CPU_ReadMem(16 bytes @ 0x22003000)
T0F18 000:749.805   CPU_ReadMem(4 bytes @ 0xE000EDFC)
T0F18 000:750.345   CPU_ReadMem(4 bytes @ 0xE0001000)
T0F18 000:750.880   CPU_ReadMem(6 bytes @ 0x22003000)
T0F18 000:751.638   CPU_ReadMem(4 bytes @ 0xE000ED90)
T0F18 000:752.126   CPU_ReadMem(4 bytes @ 0xE000ED94)
T0F18 000:752.639   CPU_WriteMem(16 bytes @ 0x22003000)
T0F18 000:753.475   CPU_WriteMem(6 bytes @ 0x22003000)
T0F18 000:754.431   CPU_ReadMem(6 bytes @ 0x22003000)
T0F18 000:755.387   CPU_ReadMem(4 bytes @ 0xE000EE08)
T0F18 000:755.948   CPU_WriteMem(4 bytes @ 0xE0002008)
T0F18 000:755.997   CPU_WriteMem(4 bytes @ 0xE000200C)
T0F18 000:756.020   CPU_WriteMem(4 bytes @ 0xE0002010)
T0F18 000:756.045   CPU_WriteMem(4 bytes @ 0xE0002014)
T0F18 000:756.071   CPU_WriteMem(4 bytes @ 0xE0002018)
T0F18 000:756.095   CPU_WriteMem(4 bytes @ 0xE000201C)
T0F18 000:756.118   CPU_WriteMem(4 bytes @ 0xE0002020)
T0F18 000:756.142   CPU_WriteMem(4 bytes @ 0xE0002024)
T0F18 000:757.938   CPU_WriteMem(4 bytes @ 0xE0001004)
T0F18 000:764.970   CPU_ReadMem(4 bytes @ 0xE0001004)
T0F18 000:765.589   CPU_ReadMem(4 bytes @ 0xE000EE08)
T0F18 000:766.123   CPU_WriteMem(4 bytes @ 0xE0002008)
T0F18 000:766.685   CPU_WriteMem(4 bytes @ 0xE000200C)
T0F18 000:767.262   CPU_WriteMem(4 bytes @ 0xE0002010)
T0F18 000:767.826   CPU_WriteMem(4 bytes @ 0xE0002014)
T0F18 000:768.558   CPU_WriteMem(4 bytes @ 0xE0002018)
T0F18 000:769.130   CPU_WriteMem(4 bytes @ 0xE000201C)
T0F18 000:769.716   CPU_WriteMem(4 bytes @ 0xE0002020)
T0F18 000:770.307   CPU_WriteMem(4 bytes @ 0xE0002024)
T0F18 000:770.859   CPU_ReadMem(4 bytes @ 0xE000EE08)
T0F18 000:771.427   CPU_ReadMem(4 bytes @ 0xE000EE08)
T0F18 000:771.931   CPU_WriteMem(4 bytes @ 0xE0001004)
T0F18 000:798.922   CPU_ReadMem(4 bytes @ 0xE0001004)
T0F18 000:799.490   CPU_WriteMem(6 bytes @ 0x22003000)
T0F18 000:800.325   ClockFreq: 8418600 Hz
T0F18 000:800.384 - 51.516ms returns 8418600
T0F18 000:800.420 JLINK_ReadReg(XPSR)
T0F18 000:800.446   CPU_ReadMem(4 bytes @ 0xE000EE08)
T0F18 000:800.912 - 0.490ms returns 0x01000000
T66FC 002:914.548 JLINK_WriteMem(0x22003A90, 0x4 Bytes, ...)
T66FC 002:914.592   Data:  00 00 00 00
T66FC 002:914.823   CPU_WriteMem(4 bytes @ 0x22003A90)
T66FC 002:915.818 - 1.269ms returns 0x4
T66FC 002:915.878 JLINK_ReadMem(0x22003A90, 0x4 Bytes, ...)
T66FC 002:915.914   CPU_ReadMem(4 bytes @ 0x22003A90)
T66FC 002:916.765   Data:  00 00 00 00
T66FC 002:916.825 - 0.946ms returns 0
T66FC 002:916.850 JLINK_ReadMem(0x22003A6C, 0x4 Bytes, ...)
T66FC 002:916.874   CPU_ReadMem(4 bytes @ 0x22003A6C)
T66FC 002:917.675   Data:  60 D0 32 4B
T66FC 002:917.753 - 0.902ms returns 0
T66FC 002:917.782 JLINK_ReadMem(0x020135AC, 0x4 Bytes, ...)
T66FC 002:917.804   CPU_ReadMem(64 bytes @ 0x02013580)
T66FC 002:918.952    -- Updating C cache (64 bytes @ 0x02013580)
T66FC 002:919.024    -- Read from C cache (4 bytes @ 0x020135AC)
T66FC 002:919.060   Data:  FF FF FF FF
T66FC 002:919.089 - 1.307ms returns 0
T66FC 004:681.757 JLINK_ResetPullsRESET(ON)
T66FC 004:681.915 - 0.158ms 
T66FC 004:681.973 JLINK_Halt()
T66FC 004:682.551 - 0.575ms returns 0x00
T66FC 004:682.683 JLINK_IsHalted()
T66FC 004:682.740 - 0.056ms returns TRUE
T66FC 004:682.796 JLINK_Reset()
T66FC 004:682.863   ResetTarget() start
T66FC 004:682.943    J-Link Script File: Executing ResetTarget()
T66FC 004:683.013   CPU_ReadMem(4 bytes @ 0xE000ED44)
T66FC 004:683.704   CPU_ReadMem(4 bytes @ 0xE000EE08)
T66FC 004:684.584   CPU_WriteMem(4 bytes @ 0xE000EE08)
T66FC 004:685.276   CPU_ReadMem(4 bytes @ 0xE000EE08)
T66FC 004:685.899   Reset: ARMv8M core with Security Extension enabled detected. Switch to secure domain.
T66FC 004:686.033   Reset: Halt core after reset via DEMCR.VC_CORERESET.
T66FC 004:686.117   CPU_WriteMem(4 bytes @ 0xE000EDF0)
T66FC 004:686.699   CPU_WriteMem(4 bytes @ 0xE000EDFC)
T66FC 004:687.726   Reset: Reset device via AIRCR.SYSRESETREQ.
T66FC 004:687.873   CPU_WriteMem(4 bytes @ 0xE000ED0C)
T66FC 004:740.663   CPU_ReadMem(4 bytes @ 0xE000EDF0)
T66FC 004:741.297   CPU_ReadMem(4 bytes @ 0xE000EDF0)
T66FC 004:741.861   CPU_WriteMem(4 bytes @ 0xE000EDFC)
T66FC 004:742.449   ResetTarget() end - Took 59.5ms
T66FC 004:742.506   Device specific reset executed.
T66FC 004:746.732   CPU_WriteMem(4 bytes @ 0xE0002000)
T66FC 004:747.501   CPU_ReadMem(4 bytes @ 0xE000EDFC)
T66FC 004:748.113   CPU_ReadMem(4 bytes @ 0xE0001000)
T66FC 004:748.641   CPU_ReadMem(4 bytes @ 0xE000EE08)
T66FC 004:749.195 - 66.397ms 
T66FC 004:749.278 JLINK_SetEndian(ARM_ENDIAN_LITTLE)
T66FC 004:749.307 - 0.029ms returns 0
T66FC 004:750.495 JLINK_BeginDownload(Flags = 0x00000000)
T66FC 004:750.576 - 0.081ms 
T66FC 004:777.248 JLINK_ReadMem(0xE000EDF0, 0x4 Bytes, ...)
T66FC 004:777.377   CPU_ReadMem(4 bytes @ 0xE000EDF0)
T66FC 004:777.972   Data:  03 00 13 00
T66FC 004:778.065   Debug reg: DHCSR
T66FC 004:778.114 - 0.867ms returns 0
T66FC 004:780.428 JLINK_WriteMem(0x02000000, 0x40 Bytes, ...)
T66FC 004:780.545   Data:  C0 15 00 22 C1 96 00 02 89 95 00 02 CB 96 00 02 ...
T66FC 004:781.023   completely In flash
T66FC 004:781.143 - 0.715ms returns 0x40
T66FC 004:782.217 JLINK_WriteMem(0x02000040, 0x1BC Bytes, ...)
T66FC 004:782.322   Data:  80 B5 08 46 11 46 1A 46 00 F0 02 F8 00 20 80 BD ...
T66FC 004:782.377   completely In flash
T66FC 004:782.421 - 0.205ms returns 0x1BC
T66FC 004:783.839 JLINK_WriteMem(0x02000200, 0xBB0 Bytes, ...)
T66FC 004:783.965   Data:  80 B5 84 B0 00 20 8D F8 0F 00 0D F1 0F 00 01 F0 ...
T66FC 004:784.057   completely In flash
T66FC 004:784.136 - 0.297ms returns 0xBB0
T66FC 004:785.792 JLINK_WriteMem(0x02000DB0, 0xBC0 Bytes, ...)
T66FC 004:785.883   Data:  C8 07 4F F0 01 00 4F F0 00 01 F5 D1 16 E0 00 BF ...
T66FC 004:785.951   completely In flash
T66FC 004:786.009 - 0.217ms returns 0xBC0
T66FC 004:787.135 JLINK_WriteMem(0x02001970, 0xBD0 Bytes, ...)
T66FC 004:787.224   Data:  41 0F EB D8 B1 6C 20 46 88 47 00 28 E5 D1 04 36 ...
T66FC 004:787.287   completely In flash
T66FC 004:787.345 - 0.211ms returns 0xBD0
T66FC 004:788.387 JLINK_WriteMem(0x02002540, 0xBD0 Bytes, ...)
T66FC 004:788.455   Data:  FA DC 20 68 CA F8 1C 00 60 68 CA F8 1C 00 A0 68 ...
T66FC 004:788.499   completely In flash
T66FC 004:788.540 - 0.152ms returns 0xBD0
T66FC 004:789.528 JLINK_WriteMem(0x02003110, 0xBD0 Bytes, ...)
T66FC 004:789.598   Data:  6B 61 CE F6 C1 52 CE F2 1C 33 02 F0 0D FF 20 20 ...
T66FC 004:789.646   completely In flash
T66FC 004:789.688 - 0.161ms returns 0xBD0
T66FC 004:790.584 JLINK_WriteMem(0x02003CE0, 0xBE0 Bytes, ...)
T66FC 004:790.652   Data:  C0 F2 82 01 30 60 29 60 68 68 40 00 FC D4 4F F4 ...
T66FC 004:790.704   completely In flash
T66FC 004:790.744 - 0.160ms returns 0xBE0
T66FC 004:791.599 JLINK_WriteMem(0x020048C0, 0xBD0 Bytes, ...)
T66FC 004:791.658   Data:  B0 61 4F F4 14 70 30 62 C6 F8 04 90 4F F0 01 10 ...
T66FC 004:791.713   completely In flash
T66FC 004:791.753 - 0.154ms returns 0xBD0
T66FC 004:792.603 JLINK_WriteMem(0x02005490, 0xBD0 Bytes, ...)
T66FC 004:792.669   Data:  00 F0 B2 FC CA F8 00 40 00 20 02 9D 29 46 FE F7 ...
T66FC 004:792.721   completely In flash
T66FC 004:792.762 - 0.158ms returns 0xBD0
T66FC 004:793.741 JLINK_WriteMem(0x02006060, 0xBD0 Bytes, ...)
T66FC 004:793.829   Data:  C4 F2 3B 04 40 F6 04 56 40 F2 A2 20 C0 F2 33 76 ...
T66FC 004:793.874   completely In flash
T66FC 004:793.914 - 0.173ms returns 0xBD0
T66FC 004:794.783 JLINK_WriteMem(0x02006C30, 0xBD0 Bytes, ...)
T66FC 004:794.861   Data:  88 53 FF F7 81 F9 00 20 C8 F2 01 10 C6 F8 00 02 ...
T66FC 004:794.913   completely In flash
T66FC 004:794.953 - 0.169ms returns 0xBD0
T66FC 004:795.797 JLINK_WriteMem(0x02007800, 0xBE0 Bytes, ...)
T66FC 004:795.859   Data:  01 14 D5 E0 48 F2 01 01 C5 F8 F8 03 C0 F2 81 01 ...
T66FC 004:795.901   completely In flash
T66FC 004:795.939 - 0.141ms returns 0xBE0
T66FC 004:796.908 JLINK_WriteMem(0x020083E0, 0xBD0 Bytes, ...)
T66FC 004:796.965   Data:  E9 43 00 F5 67 70 C6 F8 FC 01 48 1C 48 F6 E0 31 ...
T66FC 004:797.005   completely In flash
T66FC 004:797.042 - 0.134ms returns 0xBD0
T66FC 004:798.018 JLINK_WriteMem(0x02008FB0, 0xBD0 Bytes, ...)
T66FC 004:798.074   Data:  01 20 85 F8 3F 00 00 20 85 F8 2A 00 80 20 85 F8 ...
T66FC 004:798.114   completely In flash
T66FC 004:798.152 - 0.134ms returns 0xBD0
T66FC 004:799.039 JLINK_WriteMem(0x02009B80, 0xBD0 Bytes, ...)
T66FC 004:799.096   Data:  82 00 30 46 01 F0 34 FD E9 88 28 68 89 00 01 F0 ...
T66FC 004:799.136   completely In flash
T66FC 004:799.173 - 0.134ms returns 0xBD0
T66FC 004:800.105 JLINK_WriteMem(0x0200A750, 0xBD0 Bytes, ...)
T66FC 004:800.157   Data:  12 D5 01 23 28 46 29 46 22 46 FF F7 FF FC A8 B9 ...
T66FC 004:800.195   completely In flash
T66FC 004:800.231 - 0.127ms returns 0xBD0
T66FC 004:800.977 JLINK_WriteMem(0x0200B320, 0xBE0 Bytes, ...)
T66FC 004:801.029   Data:  61 FB 10 B1 A0 F5 9F 45 08 E0 DD E9 07 10 08 44 ...
T66FC 004:801.068   completely In flash
T66FC 004:801.106 - 0.129ms returns 0xBE0
T66FC 004:801.939 JLINK_WriteMem(0x0200BF00, 0xA4E Bytes, ...)
T66FC 004:801.990   Data:  5B 00 00 00 A4 BE 00 02 00 BF 00 02 01 00 00 00 ...
T66FC 004:802.028   completely In flash
T66FC 004:802.064 - 0.125ms returns 0xA4E
T66FC 004:802.710 JLINK_WriteMem(0x0200C950, 0x4 Bytes, ...)
T66FC 004:802.772   Data:  08 00 00 00
T66FC 004:802.819   completely In flash
T66FC 004:802.857 - 0.147ms returns 0x4
T66FC 004:803.802 JLINK_WriteMem(0x02C9F040, 0x4 Bytes, ...)
T66FC 004:803.864   Data:  FF FF FF FF
T66FC 004:804.265   completely In flash
T66FC 004:804.323 - 0.521ms returns 0x4
T66FC 004:805.413 JLINK_WriteMem(0x02C9F044, 0x4 Bytes, ...)
T66FC 004:805.475   Data:  EF FF FF FF
T66FC 004:805.528   completely In flash
T66FC 004:805.564 - 0.152ms returns 0x4
T66FC 004:806.877 JLINK_WriteMem(0x02C9F0C0, 0x4 Bytes, ...)
T66FC 004:806.975   Data:  FF FF FF FD
T66FC 004:807.045   completely In flash
T66FC 004:807.105 - 0.230ms returns 0x4
T66FC 004:808.529 JLINK_WriteMem(0x02C9F0C4, 0x4 Bytes, ...)
T66FC 004:808.630   Data:  FF FF FF FF
T66FC 004:808.725   completely In flash
T66FC 004:808.795 - 0.267ms returns 0x4
T66FC 004:810.206 JLINK_WriteMem(0x02C9F120, 0x4 Bytes, ...)
T66FC 004:810.321   Data:  00 00 00 00
T66FC 004:810.396   completely In flash
T66FC 004:810.456 - 0.251ms returns 0x4
T66FC 004:811.534 JLINK_WriteMem(0x02C9F124, 0x4 Bytes, ...)
T66FC 004:811.604   Data:  00 00 00 00
T66FC 004:811.641   completely In flash
T66FC 004:811.672 - 0.138ms returns 0x4
T66FC 004:820.048 JLINK_WriteMem(0x02010000, 0xBD0 Bytes, ...)
T66FC 004:820.138   Data:  3D B8 F3 96 00 00 00 00 00 02 00 00 FE 33 00 00 ...
T66FC 004:820.176   completely In flash
T66FC 004:820.208 - 0.160ms returns 0xBD0
T66FC 004:821.094 JLINK_WriteMem(0x02010BD0, 0xBD0 Bytes, ...)
T66FC 004:821.173   Data:  40 F0 40 00 85 F8 C6 00 95 F9 C6 00 B0 F1 FF 3F ...
T66FC 004:821.210   completely In flash
T66FC 004:821.240 - 0.145ms returns 0xBD0
T66FC 004:821.829 JLINK_WriteMem(0x020117A0, 0xBB0 Bytes, ...)
T66FC 004:821.928   Data:  84 F8 45 B0 FE F7 6B FF 30 46 29 46 01 F0 04 F8 ...
T66FC 004:821.960   completely In flash
T66FC 004:821.987 - 0.157ms returns 0xBB0
T66FC 004:822.807 JLINK_WriteMem(0x02012350, 0xBC0 Bytes, ...)
T66FC 004:822.868   Data:  37 FD 43 F6 34 30 C2 F2 00 20 05 60 65 B3 00 F0 ...
T66FC 004:822.905   completely In flash
T66FC 004:822.947 - 0.139ms returns 0xBC0
T66FC 004:823.447 JLINK_WriteMem(0x02012F10, 0xBE0 Bytes, ...)
T66FC 004:823.491   Data:  41 6C 6C 00 76 54 61 73 6B 50 6C 61 63 65 4F 6E ...
T66FC 004:823.521   completely In flash
T66FC 004:823.545 - 0.098ms returns 0xBE0
T66FC 004:824.036 JLINK_WriteMem(0x02013AF0, 0xBE0 Bytes, ...)
T66FC 004:824.075   Data:  FF FF FF FF FF FF FF FF FF FF FF FF FF FF FF FF ...
T66FC 004:824.103   completely In flash
T66FC 004:824.127 - 0.091ms returns 0xBE0
T66FC 004:824.815 JLINK_WriteMem(0x020146D0, 0xBE0 Bytes, ...)
T66FC 004:824.904   Data:  FF FF FF FF FF FF FF FF FF FF FF FF FF FF FF FF ...
T66FC 004:824.975   completely In flash
T66FC 004:825.040 - 0.225ms returns 0xBE0
T66FC 004:825.996 JLINK_WriteMem(0x020152B0, 0xBE0 Bytes, ...)
T66FC 004:826.099   Data:  FF FF FF FF FF FF FF FF FF FF FF FF FF FF FF FF ...
T66FC 004:826.181   completely In flash
T66FC 004:826.249 - 0.253ms returns 0xBE0
T66FC 004:827.066 JLINK_WriteMem(0x02015E90, 0xBE0 Bytes, ...)
T66FC 004:827.134   Data:  FF FF FF FF FF FF FF FF FF FF FF FF FF FF FF FF ...
T66FC 004:827.167   completely In flash
T66FC 004:827.207 - 0.141ms returns 0xBE0
T66FC 004:827.961 JLINK_WriteMem(0x02016A70, 0xBE0 Bytes, ...)
T66FC 004:828.063   Data:  FF FF FF FF FF FF FF FF FF FF FF FF FF FF FF FF ...
T66FC 004:828.132   completely In flash
T66FC 004:828.199 - 0.252ms returns 0xBE0
T66FC 004:829.655 JLINK_WriteMem(0x02017650, 0xBE0 Bytes, ...)
T66FC 004:829.745   Data:  FF FF FF FF FF FF FF FF FF FF FF FF FF FF FF FF ...
T66FC 004:829.809   completely In flash
T66FC 004:829.862 - 0.208ms returns 0xBE0
T66FC 004:830.788 JLINK_WriteMem(0x02018230, 0xBE0 Bytes, ...)
T66FC 004:830.863   Data:  FF FF FF FF FF FF FF FF FF FF FF FF FF FF FF FF ...
T66FC 004:830.918   completely In flash
T66FC 004:830.969 - 0.181ms returns 0xBE0
T66FC 004:831.964 JLINK_WriteMem(0x02018E10, 0xBE0 Bytes, ...)
T66FC 004:832.037   Data:  FF FF FF FF FF FF FF FF FF FF FF FF FF FF FF FF ...
T66FC 004:832.106   completely In flash
T66FC 004:832.158 - 0.194ms returns 0xBE0
T66FC 004:833.129 JLINK_WriteMem(0x020199F0, 0xBE0 Bytes, ...)
T66FC 004:833.201   Data:  FF FF FF FF FF FF FF FF FF FF FF FF FF FF FF FF ...
T66FC 004:833.269   completely In flash
T66FC 004:833.320 - 0.191ms returns 0xBE0
T66FC 004:834.100 JLINK_WriteMem(0x0201A5D0, 0xBE0 Bytes, ...)
T66FC 004:834.172   Data:  FF FF FF FF FF FF FF FF FF FF FF FF FF FF FF FF ...
T66FC 004:834.227   completely In flash
T66FC 004:834.278 - 0.178ms returns 0xBE0
T66FC 004:835.015 JLINK_WriteMem(0x0201B1B0, 0xBE0 Bytes, ...)
T66FC 004:835.084   Data:  FF FF FF FF FF FF FF FF FF FF FF FF FF FF FF FF ...
T66FC 004:835.141   completely In flash
T66FC 004:835.191 - 0.176ms returns 0xBE0
T66FC 004:835.837 JLINK_WriteMem(0x0201BD90, 0xBE0 Bytes, ...)
T66FC 004:835.881   Data:  FF FF FF FF FF FF FF FF FF FF FF FF FF FF FF FF ...
T66FC 004:835.917   completely In flash
T66FC 004:835.955 - 0.117ms returns 0xBE0
T66FC 004:836.685 JLINK_WriteMem(0x0201C970, 0xBE0 Bytes, ...)
T66FC 004:836.767   Data:  FF FF FF FF FF FF FF FF FF FF FF FF FF FF FF FF ...
T66FC 004:836.828   completely In flash
T66FC 004:836.856 - 0.171ms returns 0xBE0
T66FC 004:837.459 JLINK_WriteMem(0x0201D550, 0xBE0 Bytes, ...)
T66FC 004:837.504   Data:  FF FF FF FF FF FF FF FF FF FF FF FF FF FF FF FF ...
T66FC 004:837.552   completely In flash
T66FC 004:837.579 - 0.119ms returns 0xBE0
T66FC 004:838.170 JLINK_WriteMem(0x0201E130, 0xBE0 Bytes, ...)
T66FC 004:838.211   Data:  FF FF FF FF FF FF FF FF FF FF FF FF FF FF FF FF ...
T66FC 004:838.240   completely In flash
T66FC 004:838.266 - 0.095ms returns 0xBE0
T66FC 004:838.781 JLINK_WriteMem(0x0201ED10, 0xBE0 Bytes, ...)
T66FC 004:838.821   Data:  FF FF FF FF FF FF FF FF FF FF FF FF FF FF FF FF ...
T66FC 004:838.869   completely In flash
T66FC 004:838.915 - 0.134ms returns 0xBE0
T66FC 004:839.501 JLINK_WriteMem(0x0201F8F0, 0xBE0 Bytes, ...)
T66FC 004:839.558   Data:  FF FF FF FF FF FF FF FF FF FF FF FF FF FF FF FF ...
T66FC 004:839.591   completely In flash
T66FC 004:839.630 - 0.128ms returns 0xBE0
T66FC 004:840.199 JLINK_WriteMem(0x020204D0, 0xBE0 Bytes, ...)
T66FC 004:840.244   Data:  FF FF FF FF FF FF FF FF FF FF FF FF FF FF FF FF ...
T66FC 004:840.273   completely In flash
T66FC 004:840.309 - 0.110ms returns 0xBE0
T66FC 004:840.879 JLINK_WriteMem(0x020210B0, 0xBE0 Bytes, ...)
T66FC 004:840.923   Data:  FF FF FF FF FF FF FF FF FF FF FF FF FF FF FF FF ...
T66FC 004:840.953   completely In flash
T66FC 004:840.979 - 0.099ms returns 0xBE0
T66FC 004:841.501 JLINK_WriteMem(0x02021C90, 0xBE0 Bytes, ...)
T66FC 004:841.569   Data:  FF FF FF FF FF FF FF FF FF FF FF FF FF FF FF FF ...
T66FC 004:841.613   completely In flash
T66FC 004:841.650 - 0.149ms returns 0xBE0
T66FC 004:842.157 JLINK_WriteMem(0x02022870, 0xBE0 Bytes, ...)
T66FC 004:842.205   Data:  FF FF FF FF FF FF FF FF FF FF FF FF FF FF FF FF ...
T66FC 004:842.268   completely In flash
T66FC 004:842.296 - 0.138ms returns 0xBE0
T66FC 004:842.851 JLINK_WriteMem(0x02023450, 0xBE0 Bytes, ...)
T66FC 004:842.928   Data:  FF FF FF FF FF FF FF FF FF FF FF FF FF FF FF FF ...
T66FC 004:842.966   completely In flash
T66FC 004:842.993 - 0.141ms returns 0xBE0
T66FC 004:843.756 JLINK_WriteMem(0x02024030, 0xBE0 Bytes, ...)
T66FC 004:843.831   Data:  FF FF FF FF FF FF FF FF FF FF FF FF FF FF FF FF ...
T66FC 004:843.866   completely In flash
T66FC 004:843.893 - 0.138ms returns 0xBE0
T66FC 004:844.508 JLINK_WriteMem(0x02024C10, 0xBE0 Bytes, ...)
T66FC 004:844.578   Data:  FF FF FF FF FF FF FF FF FF FF FF FF FF FF FF FF ...
T66FC 004:844.617   completely In flash
T66FC 004:844.644 - 0.136ms returns 0xBE0
T66FC 004:845.306 JLINK_WriteMem(0x020257F0, 0xBE0 Bytes, ...)
T66FC 004:845.393   Data:  FF FF FF FF FF FF FF FF FF FF FF FF FF FF FF FF ...
T66FC 004:845.430   completely In flash
T66FC 004:845.454 - 0.148ms returns 0xBE0
T66FC 004:845.979 JLINK_WriteMem(0x020263D0, 0xBE0 Bytes, ...)
T66FC 004:846.027   Data:  FF FF FF FF FF FF FF FF FF FF FF FF FF FF FF FF ...
T66FC 004:846.056   completely In flash
T66FC 004:846.080 - 0.100ms returns 0xBE0
T66FC 004:846.534 JLINK_WriteMem(0x02026FB0, 0xBE0 Bytes, ...)
T66FC 004:846.572   Data:  FF FF FF FF FF FF FF FF FF FF FF FF FF FF FF FF ...
T66FC 004:846.615   completely In flash
T66FC 004:846.641 - 0.107ms returns 0xBE0
T66FC 004:847.233 JLINK_WriteMem(0x02027B90, 0xBE0 Bytes, ...)
T66FC 004:847.284   Data:  FF FF FF FF FF FF FF FF FF FF FF FF FF FF FF FF ...
T66FC 004:847.317   completely In flash
T66FC 004:847.365 - 0.131ms returns 0xBE0
T66FC 004:847.944 JLINK_WriteMem(0x02028770, 0xBE0 Bytes, ...)
T66FC 004:848.008   Data:  FF FF FF FF FF FF FF FF FF FF FF FF FF FF FF FF ...
T66FC 004:848.039   completely In flash
T66FC 004:848.067 - 0.122ms returns 0xBE0
T66FC 004:848.560 JLINK_WriteMem(0x02029350, 0xBE0 Bytes, ...)
T66FC 004:848.598   Data:  FF FF FF FF FF FF FF FF FF FF FF FF FF FF FF FF ...
T66FC 004:848.639   completely In flash
T66FC 004:848.667 - 0.106ms returns 0xBE0
T66FC 004:849.242 JLINK_WriteMem(0x02029F30, 0xBE0 Bytes, ...)
T66FC 004:849.277   Data:  FF FF FF FF FF FF FF FF FF FF FF FF FF FF FF FF ...
T66FC 004:849.308   completely In flash
T66FC 004:849.348 - 0.106ms returns 0xBE0
T66FC 004:849.813 JLINK_WriteMem(0x0202AB10, 0xBE0 Bytes, ...)
T66FC 004:849.860   Data:  FF FF FF FF FF FF FF FF FF FF FF FF FF FF FF FF ...
T66FC 004:849.892   completely In flash
T66FC 004:849.919 - 0.106ms returns 0xBE0
T66FC 004:850.353 JLINK_WriteMem(0x0202B6F0, 0xBE0 Bytes, ...)
T66FC 004:850.396   Data:  FF FF FF FF FF FF FF FF FF FF FF FF FF FF FF FF ...
T66FC 004:850.431   completely In flash
T66FC 004:850.461 - 0.107ms returns 0xBE0
T66FC 004:850.953 JLINK_WriteMem(0x0202C2D0, 0xBE0 Bytes, ...)
T66FC 004:850.981   Data:  FF FF FF FF FF FF FF FF FF FF FF FF FF FF FF FF ...
T66FC 004:851.014   completely In flash
T66FC 004:851.040 - 0.086ms returns 0xBE0
T66FC 004:851.581 JLINK_WriteMem(0x0202CEB0, 0xBE0 Bytes, ...)
T66FC 004:851.613   Data:  FF FF FF FF FF FF FF FF FF FF FF FF FF FF FF FF ...
T66FC 004:851.641   completely In flash
T66FC 004:851.671 - 0.089ms returns 0xBE0
T66FC 004:852.122 JLINK_WriteMem(0x0202DA90, 0xBE0 Bytes, ...)
T66FC 004:852.158   Data:  FF FF FF FF FF FF FF FF FF FF FF FF FF FF FF FF ...
T66FC 004:852.191   completely In flash
T66FC 004:852.217 - 0.095ms returns 0xBE0
T66FC 004:852.630 JLINK_WriteMem(0x0202E670, 0xBE0 Bytes, ...)
T66FC 004:852.657   Data:  FF FF FF FF FF FF FF FF FF FF FF FF FF FF FF FF ...
T66FC 004:852.686   completely In flash
T66FC 004:852.712 - 0.082ms returns 0xBE0
T66FC 004:853.077 JLINK_WriteMem(0x0202F250, 0xBE0 Bytes, ...)
T66FC 004:853.102   Data:  FF FF FF FF FF FF FF FF FF FF FF FF FF FF FF FF ...
T66FC 004:853.129   completely In flash
T66FC 004:853.154 - 0.077ms returns 0xBE0
T66FC 004:853.513 JLINK_WriteMem(0x0202FE30, 0xBE0 Bytes, ...)
T66FC 004:853.541   Data:  FF FF FF FF FF FF FF FF FF FF FF FF FF FF FF FF ...
T66FC 004:853.570   completely In flash
T66FC 004:853.596 - 0.083ms returns 0xBE0
T66FC 004:853.946 JLINK_WriteMem(0x02030A10, 0xBE0 Bytes, ...)
T66FC 004:853.973   Data:  FF FF FF FF FF FF FF FF FF FF FF FF FF FF FF FF ...
T66FC 004:854.003   completely In flash
T66FC 004:854.029 - 0.083ms returns 0xBE0
T66FC 004:854.393 JLINK_WriteMem(0x020315F0, 0xBE0 Bytes, ...)
T66FC 004:854.420   Data:  FF FF FF FF FF FF FF FF FF FF FF FF FF FF FF FF ...
T66FC 004:854.448   completely In flash
T66FC 004:854.473 - 0.080ms returns 0xBE0
T66FC 004:855.405 JLINK_WriteMem(0x020321D0, 0xBE0 Bytes, ...)
T66FC 004:855.441   Data:  FF FF FF FF FF FF FF FF FF FF FF FF FF FF FF FF ...
T66FC 004:855.516   completely In flash
T66FC 004:855.541 - 0.135ms returns 0xBE0
T66FC 004:855.925 JLINK_WriteMem(0x02032DB0, 0xBE0 Bytes, ...)
T66FC 004:855.948   Data:  FF FF FF FF FF FF FF FF FF FF FF FF FF FF FF FF ...
T66FC 004:855.975   completely In flash
T66FC 004:856.001 - 0.077ms returns 0xBE0
T66FC 004:856.320 JLINK_WriteMem(0x02033990, 0xBE0 Bytes, ...)
T66FC 004:856.343   Data:  FF FF FF FF FF FF FF FF FF FF FF FF FF FF FF FF ...
T66FC 004:856.369   completely In flash
T66FC 004:856.393 - 0.072ms returns 0xBE0
T66FC 004:856.706 JLINK_WriteMem(0x02034570, 0xBE0 Bytes, ...)
T66FC 004:856.728   Data:  FF FF FF FF FF FF FF FF FF FF FF FF FF FF FF FF ...
T66FC 004:856.760   completely In flash
T66FC 004:856.783 - 0.077ms returns 0xBE0
T66FC 004:857.095 JLINK_WriteMem(0x02035150, 0xBE0 Bytes, ...)
T66FC 004:857.117   Data:  FF FF FF FF FF FF FF FF FF FF FF FF FF FF FF FF ...
T66FC 004:857.141   completely In flash
T66FC 004:857.164 - 0.069ms returns 0xBE0
T66FC 004:857.520 JLINK_WriteMem(0x02035D30, 0xBE0 Bytes, ...)
T66FC 004:857.546   Data:  FF FF FF FF FF FF FF FF FF FF FF FF FF FF FF FF ...
T66FC 004:857.572   completely In flash
T66FC 004:857.595 - 0.075ms returns 0xBE0
T66FC 004:857.915 JLINK_WriteMem(0x02036910, 0xBE0 Bytes, ...)
T66FC 004:857.938   Data:  FF FF FF FF FF FF FF FF FF FF FF FF FF FF FF FF ...
T66FC 004:857.964   completely In flash
T66FC 004:857.989 - 0.074ms returns 0xBE0
T66FC 004:858.305 JLINK_WriteMem(0x020374F0, 0xBE0 Bytes, ...)
T66FC 004:858.328   Data:  FF FF FF FF FF FF FF FF FF FF FF FF FF FF FF FF ...
T66FC 004:858.357   completely In flash
T66FC 004:858.382 - 0.077ms returns 0xBE0
T66FC 004:858.796 JLINK_WriteMem(0x020380D0, 0xBE0 Bytes, ...)
T66FC 004:858.823   Data:  FF FF FF FF FF FF FF FF FF FF FF FF FF FF FF FF ...
T66FC 004:858.853   completely In flash
T66FC 004:858.878 - 0.082ms returns 0xBE0
T66FC 004:859.404 JLINK_WriteMem(0x02038CB0, 0xBE0 Bytes, ...)
T66FC 004:859.454   Data:  FF FF FF FF FF FF FF FF FF FF FF FF FF FF FF FF ...
T66FC 004:859.488   completely In flash
T66FC 004:859.514 - 0.110ms returns 0xBE0
T66FC 004:860.055 JLINK_WriteMem(0x02039890, 0xBE0 Bytes, ...)
T66FC 004:860.106   Data:  FF FF FF FF FF FF FF FF FF FF FF FF FF FF FF FF ...
T66FC 004:860.147   completely In flash
T66FC 004:860.174 - 0.120ms returns 0xBE0
T66FC 004:860.752 JLINK_WriteMem(0x0203A470, 0xBE0 Bytes, ...)
T66FC 004:860.819   Data:  FF FF FF FF FF FF FF FF FF FF FF FF FF FF FF FF ...
T66FC 004:860.865   completely In flash
T66FC 004:860.895 - 0.144ms returns 0xBE0
T66FC 004:861.407 JLINK_WriteMem(0x0203B050, 0xBE0 Bytes, ...)
T66FC 004:861.441   Data:  FF FF FF FF FF FF FF FF FF FF FF FF FF FF FF FF ...
T66FC 004:861.472   completely In flash
T66FC 004:861.499 - 0.092ms returns 0xBE0
T66FC 004:862.057 JLINK_WriteMem(0x0203BC30, 0xBE0 Bytes, ...)
T66FC 004:862.108   Data:  FF FF FF FF FF FF FF FF FF FF FF FF FF FF FF FF ...
T66FC 004:862.135   completely In flash
T66FC 004:862.161 - 0.103ms returns 0xBE0
T66FC 004:862.563 JLINK_WriteMem(0x0203C810, 0xBE0 Bytes, ...)
T66FC 004:862.589   Data:  FF FF FF FF FF FF FF FF FF FF FF FF FF FF FF FF ...
T66FC 004:862.645   completely In flash
T66FC 004:862.684 - 0.121ms returns 0xBE0
T66FC 004:863.267 JLINK_WriteMem(0x0203D3F0, 0xBE0 Bytes, ...)
T66FC 004:863.361   Data:  FF FF FF FF FF FF FF FF FF FF FF FF FF FF FF FF ...
T66FC 004:863.425   completely In flash
T66FC 004:863.461 - 0.194ms returns 0xBE0
T66FC 004:864.170 JLINK_WriteMem(0x0203DFD0, 0xBE0 Bytes, ...)
T66FC 004:864.233   Data:  FF FF FF FF FF FF FF FF FF FF FF FF FF FF FF FF ...
T66FC 004:864.262   completely In flash
T66FC 004:864.290 - 0.121ms returns 0xBE0
T66FC 004:865.068 JLINK_WriteMem(0x0203EBB0, 0xBE0 Bytes, ...)
T66FC 004:865.121   Data:  FF FF FF FF FF FF FF FF FF FF FF FF FF FF FF FF ...
T66FC 004:865.158   completely In flash
T66FC 004:865.184 - 0.117ms returns 0xBE0
T66FC 004:866.008 JLINK_WriteMem(0x0203F790, 0x870 Bytes, ...)
T66FC 004:866.043   Data:  FF FF FF FF FF FF FF FF FF FF FF FF FF FF FF FF ...
T66FC 004:866.074   completely In flash
T66FC 004:866.100 - 0.092ms returns 0x870
T66FC 004:872.288 JLINK_WriteMem(0x02040000, 0xBD0 Bytes, ...)
T66FC 004:872.381   Data:  3D B8 F3 96 00 00 00 00 00 02 00 00 22 2B 00 00 ...
T66FC 004:872.423   completely In flash
T66FC 004:872.457 - 0.169ms returns 0xBD0
T66FC 004:873.205 JLINK_WriteMem(0x02040BD0, 0xBB0 Bytes, ...)
T66FC 004:873.257   Data:  20 60 00 BF 20 68 00 28 FC D1 01 20 44 F8 04 0C ...
T66FC 004:873.298   completely In flash
T66FC 004:873.325 - 0.120ms returns 0xBB0
T66FC 004:873.988 JLINK_WriteMem(0x02041780, 0xBB0 Bytes, ...)
T66FC 004:874.079   Data:  04 20 C0 F2 04 22 C0 F2 04 23 40 F2 64 71 FF F7 ...
T66FC 004:874.146   completely In flash
T66FC 004:874.185 - 0.197ms returns 0xBB0
T66FC 004:874.930 JLINK_WriteMem(0x02042330, 0xBE0 Bytes, ...)
T66FC 004:874.994   Data:  33 46 00 F0 0C F8 48 B1 A8 69 29 6A 06 44 28 46 ...
T66FC 004:875.025   completely In flash
T66FC 004:875.049 - 0.118ms returns 0xBE0
T66FC 004:875.576 JLINK_WriteMem(0x02042F10, 0xBE0 Bytes, ...)
T66FC 004:875.660   Data:  FF FF FF FF FF FF FF FF FF FF FF FF FF FF FF FF ...
T66FC 004:875.719   completely In flash
T66FC 004:875.745 - 0.170ms returns 0xBE0
T66FC 004:876.281 JLINK_WriteMem(0x02043AF0, 0xBE0 Bytes, ...)
T66FC 004:876.343   Data:  FF FF FF FF FF FF FF FF FF FF FF FF FF FF FF FF ...
T66FC 004:876.380   completely In flash
T66FC 004:876.407 - 0.126ms returns 0xBE0
T66FC 004:877.029 JLINK_WriteMem(0x020446D0, 0xBE0 Bytes, ...)
T66FC 004:877.102   Data:  FF FF FF FF FF FF FF FF FF FF FF FF FF FF FF FF ...
T66FC 004:877.144   completely In flash
T66FC 004:877.177 - 0.149ms returns 0xBE0
T66FC 004:877.781 JLINK_WriteMem(0x020452B0, 0xBE0 Bytes, ...)
T66FC 004:877.828   Data:  FF FF FF FF FF FF FF FF FF FF FF FF FF FF FF FF ...
T66FC 004:877.858   completely In flash
T66FC 004:877.884 - 0.103ms returns 0xBE0
T66FC 004:878.474 JLINK_WriteMem(0x02045E90, 0xBE0 Bytes, ...)
T66FC 004:878.534   Data:  FF FF FF FF FF FF FF FF FF FF FF FF FF FF FF FF ...
T66FC 004:878.584   completely In flash
T66FC 004:878.625 - 0.151ms returns 0xBE0
T66FC 004:879.222 JLINK_WriteMem(0x02046A70, 0xBE0 Bytes, ...)
T66FC 004:879.277   Data:  FF FF FF FF FF FF FF FF FF FF FF FF FF FF FF FF ...
T66FC 004:879.311   completely In flash
T66FC 004:879.335 - 0.113ms returns 0xBE0
T66FC 004:879.917 JLINK_WriteMem(0x02047650, 0xBE0 Bytes, ...)
T66FC 004:879.983   Data:  FF FF FF FF FF FF FF FF FF FF FF FF FF FF FF FF ...
T66FC 004:880.017   completely In flash
T66FC 004:880.055 - 0.137ms returns 0xBE0
T66FC 004:881.487 JLINK_WriteMem(0x02048230, 0xBE0 Bytes, ...)
T66FC 004:881.622   Data:  FF FF FF FF FF FF FF FF FF FF FF FF FF FF FF FF ...
T66FC 004:881.675   completely In flash
T66FC 004:881.734 - 0.248ms returns 0xBE0
T66FC 004:882.830 JLINK_WriteMem(0x02048E10, 0xBE0 Bytes, ...)
T66FC 004:882.913   Data:  FF FF FF FF FF FF FF FF FF FF FF FF FF FF FF FF ...
T66FC 004:882.956   completely In flash
T66FC 004:882.983 - 0.154ms returns 0xBE0
T66FC 004:883.990 JLINK_WriteMem(0x020499F0, 0xBE0 Bytes, ...)
T66FC 004:884.585   Data:  FF FF FF FF FF FF FF FF FF FF FF FF FF FF FF FF ...
T66FC 004:884.655   completely In flash
T66FC 004:884.693 - 0.704ms returns 0xBE0
T66FC 004:885.799 JLINK_WriteMem(0x0204A5D0, 0xBE0 Bytes, ...)
T66FC 004:885.924   Data:  FF FF FF FF FF FF FF FF FF FF FF FF FF FF FF FF ...
T66FC 004:885.977   completely In flash
T66FC 004:886.022 - 0.223ms returns 0xBE0
T66FC 004:886.597 JLINK_WriteMem(0x0204B1B0, 0xBE0 Bytes, ...)
T66FC 004:886.656   Data:  FF FF FF FF FF FF FF FF FF FF FF FF FF FF FF FF ...
T66FC 004:886.687   completely In flash
T66FC 004:886.714 - 0.117ms returns 0xBE0
T66FC 004:887.229 JLINK_WriteMem(0x0204BD90, 0xBE0 Bytes, ...)
T66FC 004:887.267   Data:  FF FF FF FF FF FF FF FF FF FF FF FF FF FF FF FF ...
T66FC 004:887.295   completely In flash
T66FC 004:887.321 - 0.092ms returns 0xBE0
T66FC 004:887.900 JLINK_WriteMem(0x0204C970, 0xBE0 Bytes, ...)
T66FC 004:887.937   Data:  FF FF FF FF FF FF FF FF FF FF FF FF FF FF FF FF ...
T66FC 004:887.967   completely In flash
T66FC 004:887.993 - 0.093ms returns 0xBE0
T66FC 004:888.466 JLINK_WriteMem(0x0204D550, 0xBE0 Bytes, ...)
T66FC 004:888.505   Data:  FF FF FF FF FF FF FF FF FF FF FF FF FF FF FF FF ...
T66FC 004:888.549   completely In flash
T66FC 004:888.581 - 0.114ms returns 0xBE0
T66FC 004:889.282 JLINK_WriteMem(0x0204E130, 0xBE0 Bytes, ...)
T66FC 004:889.342   Data:  FF FF FF FF FF FF FF FF FF FF FF FF FF FF FF FF ...
T66FC 004:889.370   completely In flash
T66FC 004:889.397 - 0.115ms returns 0xBE0
T66FC 004:889.949 JLINK_WriteMem(0x0204ED10, 0xBE0 Bytes, ...)
T66FC 004:889.989   Data:  FF FF FF FF FF FF FF FF FF FF FF FF FF FF FF FF ...
T66FC 004:890.025   completely In flash
T66FC 004:890.053 - 0.103ms returns 0xBE0
T66FC 004:890.563 JLINK_WriteMem(0x0204F8F0, 0xBE0 Bytes, ...)
T66FC 004:890.600   Data:  FF FF FF FF FF FF FF FF FF FF FF FF FF FF FF FF ...
T66FC 004:890.629   completely In flash
T66FC 004:890.652 - 0.089ms returns 0xBE0
T66FC 004:891.175 JLINK_WriteMem(0x020504D0, 0xBE0 Bytes, ...)
T66FC 004:891.213   Data:  FF FF FF FF FF FF FF FF FF FF FF FF FF FF FF FF ...
T66FC 004:891.241   completely In flash
T66FC 004:891.270 - 0.095ms returns 0xBE0
T66FC 004:891.787 JLINK_WriteMem(0x020510B0, 0xBE0 Bytes, ...)
T66FC 004:891.825   Data:  FF FF FF FF FF FF FF FF FF FF FF FF FF FF FF FF ...
T66FC 004:891.855   completely In flash
T66FC 004:891.881 - 0.093ms returns 0xBE0
T66FC 004:892.419 JLINK_WriteMem(0x02051C90, 0xBE0 Bytes, ...)
T66FC 004:892.459   Data:  FF FF FF FF FF FF FF FF FF FF FF FF FF FF FF FF ...
T66FC 004:892.487   completely In flash
T66FC 004:892.513 - 0.093ms returns 0xBE0
T66FC 004:893.112 JLINK_WriteMem(0x02052870, 0xBE0 Bytes, ...)
T66FC 004:893.212   Data:  FF FF FF FF FF FF FF FF FF FF FF FF FF FF FF FF ...
T66FC 004:893.405   completely In flash
T66FC 004:893.437 - 0.325ms returns 0xBE0
T66FC 004:894.051 JLINK_WriteMem(0x02053450, 0xBE0 Bytes, ...)
T66FC 004:894.108   Data:  FF FF FF FF FF FF FF FF FF FF FF FF FF FF FF FF ...
T66FC 004:894.142   completely In flash
T66FC 004:894.169 - 0.118ms returns 0xBE0
T66FC 004:894.624 JLINK_WriteMem(0x02054030, 0xBE0 Bytes, ...)
T66FC 004:894.662   Data:  FF FF FF FF FF FF FF FF FF FF FF FF FF FF FF FF ...
T66FC 004:894.690   completely In flash
T66FC 004:894.717 - 0.093ms returns 0xBE0
T66FC 004:895.191 JLINK_WriteMem(0x02054C10, 0xBE0 Bytes, ...)
T66FC 004:895.229   Data:  FF FF FF FF FF FF FF FF FF FF FF FF FF FF FF FF ...
T66FC 004:895.260   completely In flash
T66FC 004:895.286 - 0.095ms returns 0xBE0
T66FC 004:895.740 JLINK_WriteMem(0x020557F0, 0xBE0 Bytes, ...)
T66FC 004:895.791   Data:  FF FF FF FF FF FF FF FF FF FF FF FF FF FF FF FF ...
T66FC 004:895.822   completely In flash
T66FC 004:895.848 - 0.108ms returns 0xBE0
T66FC 004:896.376 JLINK_WriteMem(0x020563D0, 0xBE0 Bytes, ...)
T66FC 004:896.417   Data:  FF FF FF FF FF FF FF FF FF FF FF FF FF FF FF FF ...
T66FC 004:896.446   completely In flash
T66FC 004:896.472 - 0.096ms returns 0xBE0
T66FC 004:896.966 JLINK_WriteMem(0x02056FB0, 0xBE0 Bytes, ...)
T66FC 004:897.008   Data:  FF FF FF FF FF FF FF FF FF FF FF FF FF FF FF FF ...
T66FC 004:897.044   completely In flash
T66FC 004:897.070 - 0.103ms returns 0xBE0
T66FC 004:897.669 JLINK_WriteMem(0x02057B90, 0xBE0 Bytes, ...)
T66FC 004:897.721   Data:  FF FF FF FF FF FF FF FF FF FF FF FF FF FF FF FF ...
T66FC 004:897.768   completely In flash
T66FC 004:897.809 - 0.140ms returns 0xBE0
T66FC 004:898.398 JLINK_WriteMem(0x02058770, 0xBE0 Bytes, ...)
T66FC 004:898.443   Data:  FF FF FF FF FF FF FF FF FF FF FF FF FF FF FF FF ...
T66FC 004:898.475   completely In flash
T66FC 004:898.501 - 0.103ms returns 0xBE0
T66FC 004:899.021 JLINK_WriteMem(0x02059350, 0xBE0 Bytes, ...)
T66FC 004:899.063   Data:  FF FF FF FF FF FF FF FF FF FF FF FF FF FF FF FF ...
T66FC 004:899.095   completely In flash
T66FC 004:899.121 - 0.100ms returns 0xBE0
T66FC 004:899.650 JLINK_WriteMem(0x02059F30, 0xBE0 Bytes, ...)
T66FC 004:899.694   Data:  FF FF FF FF FF FF FF FF FF FF FF FF FF FF FF FF ...
T66FC 004:899.721   completely In flash
T66FC 004:899.747 - 0.097ms returns 0xBE0
T66FC 004:900.195 JLINK_WriteMem(0x0205AB10, 0xBE0 Bytes, ...)
T66FC 004:900.228   Data:  FF FF FF FF FF FF FF FF FF FF FF FF FF FF FF FF ...
T66FC 004:900.255   completely In flash
T66FC 004:900.280 - 0.084ms returns 0xBE0
T66FC 004:900.738 JLINK_WriteMem(0x0205B6F0, 0xBE0 Bytes, ...)
T66FC 004:900.784   Data:  FF FF FF FF FF FF FF FF FF FF FF FF FF FF FF FF ...
T66FC 004:900.939   completely In flash
T66FC 004:900.968 - 0.230ms returns 0xBE0
T66FC 004:901.633 JLINK_WriteMem(0x0205C2D0, 0xBE0 Bytes, ...)
T66FC 004:901.681   Data:  FF FF FF FF FF FF FF FF FF FF FF FF FF FF FF FF ...
T66FC 004:901.729   completely In flash
T66FC 004:901.767 - 0.133ms returns 0xBE0
T66FC 004:902.220 JLINK_WriteMem(0x0205CEB0, 0xBE0 Bytes, ...)
T66FC 004:902.269   Data:  FF FF FF FF FF FF FF FF FF FF FF FF FF FF FF FF ...
T66FC 004:902.331   completely In flash
T66FC 004:902.371 - 0.151ms returns 0xBE0
T66FC 004:902.965 JLINK_WriteMem(0x0205DA90, 0xBE0 Bytes, ...)
T66FC 004:903.000   Data:  FF FF FF FF FF FF FF FF FF FF FF FF FF FF FF FF ...
T66FC 004:903.031   completely In flash
T66FC 004:903.057 - 0.093ms returns 0xBE0
T66FC 004:903.583 JLINK_WriteMem(0x0205E670, 0xBE0 Bytes, ...)
T66FC 004:903.613   Data:  FF FF FF FF FF FF FF FF FF FF FF FF FF FF FF FF ...
T66FC 004:903.637   completely In flash
T66FC 004:903.660 - 0.077ms returns 0xBE0
T66FC 004:904.215 JLINK_WriteMem(0x0205F250, 0xBE0 Bytes, ...)
T66FC 004:904.260   Data:  FF FF FF FF FF FF FF FF FF FF FF FF FF FF FF FF ...
T66FC 004:904.291   completely In flash
T66FC 004:904.320 - 0.105ms returns 0xBE0
T66FC 004:904.817 JLINK_WriteMem(0x0205FE30, 0xBE0 Bytes, ...)
T66FC 004:904.858   Data:  FF FF FF FF FF FF FF FF FF FF FF FF FF FF FF FF ...
T66FC 004:904.888   completely In flash
T66FC 004:904.914 - 0.098ms returns 0xBE0
T66FC 004:905.335 JLINK_WriteMem(0x02060A10, 0xBE0 Bytes, ...)
T66FC 004:905.368   Data:  FF FF FF FF FF FF FF FF FF FF FF FF FF FF FF FF ...
T66FC 004:905.397   completely In flash
T66FC 004:905.424 - 0.089ms returns 0xBE0
T66FC 004:905.911 JLINK_WriteMem(0x020615F0, 0xBE0 Bytes, ...)
T66FC 004:905.949   Data:  FF FF FF FF FF FF FF FF FF FF FF FF FF FF FF FF ...
T66FC 004:905.977   completely In flash
T66FC 004:906.003 - 0.091ms returns 0xBE0
T66FC 004:906.428 JLINK_WriteMem(0x020621D0, 0xBE0 Bytes, ...)
T66FC 004:906.465   Data:  FF FF FF FF FF FF FF FF FF FF FF FF FF FF FF FF ...
T66FC 004:906.495   completely In flash
T66FC 004:906.522 - 0.094ms returns 0xBE0
T66FC 004:906.965 JLINK_WriteMem(0x02062DB0, 0xBE0 Bytes, ...)
T66FC 004:907.005   Data:  FF FF FF FF FF FF FF FF FF FF FF FF FF FF FF FF ...
T66FC 004:907.037   completely In flash
T66FC 004:907.063 - 0.097ms returns 0xBE0
T66FC 004:907.913 JLINK_WriteMem(0x02063990, 0xBE0 Bytes, ...)
T66FC 004:907.955   Data:  FF FF FF FF FF FF FF FF FF FF FF FF FF FF FF FF ...
T66FC 004:907.985   completely In flash
T66FC 004:908.011 - 0.098ms returns 0xBE0
T66FC 004:908.501 JLINK_WriteMem(0x02064570, 0xBE0 Bytes, ...)
T66FC 004:908.539   Data:  FF FF FF FF FF FF FF FF FF FF FF FF FF FF FF FF ...
T66FC 004:908.569   completely In flash
T66FC 004:908.596 - 0.095ms returns 0xBE0
T66FC 004:909.047 JLINK_WriteMem(0x02065150, 0xBE0 Bytes, ...)
T66FC 004:909.086   Data:  FF FF FF FF FF FF FF FF FF FF FF FF FF FF FF FF ...
T66FC 004:909.113   completely In flash
T66FC 004:909.140 - 0.092ms returns 0xBE0
T66FC 004:909.714 JLINK_WriteMem(0x02065D30, 0xBE0 Bytes, ...)
T66FC 004:909.786   Data:  FF FF FF FF FF FF FF FF FF FF FF FF FF FF FF FF ...
T66FC 004:910.060   completely In flash
T66FC 004:910.103 - 0.389ms returns 0xBE0
T66FC 004:910.669 JLINK_WriteMem(0x02066910, 0xBE0 Bytes, ...)
T66FC 004:910.715   Data:  FF FF FF FF FF FF FF FF FF FF FF FF FF FF FF FF ...
T66FC 004:910.745   completely In flash
T66FC 004:910.772 - 0.103ms returns 0xBE0
T66FC 004:911.215 JLINK_WriteMem(0x020674F0, 0xBE0 Bytes, ...)
T66FC 004:911.253   Data:  FF FF FF FF FF FF FF FF FF FF FF FF FF FF FF FF ...
T66FC 004:911.280   completely In flash
T66FC 004:911.306 - 0.091ms returns 0xBE0
T66FC 004:911.722 JLINK_WriteMem(0x020680D0, 0xBE0 Bytes, ...)
T66FC 004:911.759   Data:  FF FF FF FF FF FF FF FF FF FF FF FF FF FF FF FF ...
T66FC 004:911.791   completely In flash
T66FC 004:911.817 - 0.094ms returns 0xBE0
T66FC 004:912.247 JLINK_WriteMem(0x02068CB0, 0xBE0 Bytes, ...)
T66FC 004:912.285   Data:  FF FF FF FF FF FF FF FF FF FF FF FF FF FF FF FF ...
T66FC 004:912.314   completely In flash
T66FC 004:912.341 - 0.093ms returns 0xBE0
T66FC 004:912.772 JLINK_WriteMem(0x02069890, 0xBE0 Bytes, ...)
T66FC 004:912.821   Data:  FF FF FF FF FF FF FF FF FF FF FF FF FF FF FF FF ...
T66FC 004:912.853   completely In flash
T66FC 004:912.879 - 0.108ms returns 0xBE0
T66FC 004:913.322 JLINK_WriteMem(0x0206A470, 0xBE0 Bytes, ...)
T66FC 004:913.362   Data:  FF FF FF FF FF FF FF FF FF FF FF FF FF FF FF FF ...
T66FC 004:913.392   completely In flash
T66FC 004:913.417 - 0.095ms returns 0xBE0
T66FC 004:913.878 JLINK_WriteMem(0x0206B050, 0xBE0 Bytes, ...)
T66FC 004:913.917   Data:  FF FF FF FF FF FF FF FF FF FF FF FF FF FF FF FF ...
T66FC 004:913.948   completely In flash
T66FC 004:913.974 - 0.095ms returns 0xBE0
T66FC 004:914.403 JLINK_WriteMem(0x0206BC30, 0xBE0 Bytes, ...)
T66FC 004:914.441   Data:  FF FF FF FF FF FF FF FF FF FF FF FF FF FF FF FF ...
T66FC 004:914.473   completely In flash
T66FC 004:914.499 - 0.096ms returns 0xBE0
T66FC 004:914.920 JLINK_WriteMem(0x0206C810, 0xBE0 Bytes, ...)
T66FC 004:914.951   Data:  FF FF FF FF FF FF FF FF FF FF FF FF FF FF FF FF ...
T66FC 004:914.979   completely In flash
T66FC 004:915.005 - 0.085ms returns 0xBE0
T66FC 004:915.430 JLINK_WriteMem(0x0206D3F0, 0xBE0 Bytes, ...)
T66FC 004:915.469   Data:  FF FF FF FF FF FF FF FF FF FF FF FF FF FF FF FF ...
T66FC 004:915.497   completely In flash
T66FC 004:915.523 - 0.092ms returns 0xBE0
T66FC 004:916.009 JLINK_WriteMem(0x0206DFD0, 0xBE0 Bytes, ...)
T66FC 004:916.047   Data:  FF FF FF FF FF FF FF FF FF FF FF FF FF FF FF FF ...
T66FC 004:916.078   completely In flash
T66FC 004:916.104 - 0.095ms returns 0xBE0
T66FC 004:916.552 JLINK_WriteMem(0x0206EBB0, 0xBE0 Bytes, ...)
T66FC 004:916.580   Data:  FF FF FF FF FF FF FF FF FF FF FF FF FF FF FF FF ...
T66FC 004:916.718   completely In flash
T66FC 004:916.745 - 0.193ms returns 0xBE0
T66FC 004:917.239 JLINK_WriteMem(0x0206F790, 0x870 Bytes, ...)
T66FC 004:917.277   Data:  FF FF FF FF FF FF FF FF FF FF FF FF FF FF FF FF ...
T66FC 004:917.304   completely In flash
T66FC 004:917.330 - 0.091ms returns 0x870
T66FC 004:929.830 JLINK_EndDownload()
T66FC 004:930.275   CPU_ReadMem(4 bytes @ 0xE000ED90)
T66FC 004:930.854   CPU_ReadMem(4 bytes @ 0xE000ED94)
T66FC 004:931.319    -- --------------------------------------
T66FC 004:931.368    -- Start of determining flash info (Bank @ 0x02000000)
T66FC 004:931.397    -- End of determining flash info
T66FC 004:931.420    -- Start of determining dirty areas in flash cache
T66FC 004:931.444    -- Filling invalid ranges in sector buffer (flash cache) for sector @ 0x02000000 if necessary
T66FC 004:931.468    -- Filling invalid ranges in sector buffer (flash cache) for sector @ 0x02000800 if necessary
T66FC 004:931.492    -- Filling invalid ranges in sector buffer (flash cache) for sector @ 0x02001000 if necessary
T66FC 004:931.516    -- Filling invalid ranges in sector buffer (flash cache) for sector @ 0x02001800 if necessary
T66FC 004:931.540    -- Filling invalid ranges in sector buffer (flash cache) for sector @ 0x02002000 if necessary
T66FC 004:931.564    -- Filling invalid ranges in sector buffer (flash cache) for sector @ 0x02002800 if necessary
T66FC 004:931.587    -- Filling invalid ranges in sector buffer (flash cache) for sector @ 0x02003000 if necessary
T66FC 004:931.617    -- Filling invalid ranges in sector buffer (flash cache) for sector @ 0x02003800 if necessary
T66FC 004:931.641    -- Filling invalid ranges in sector buffer (flash cache) for sector @ 0x02004000 if necessary
T66FC 004:931.665    -- Filling invalid ranges in sector buffer (flash cache) for sector @ 0x02004800 if necessary
T66FC 004:931.688    -- Filling invalid ranges in sector buffer (flash cache) for sector @ 0x02005000 if necessary
T66FC 004:931.712    -- Filling invalid ranges in sector buffer (flash cache) for sector @ 0x02005800 if necessary
T66FC 004:931.738    -- Filling invalid ranges in sector buffer (flash cache) for sector @ 0x02006000 if necessary
T66FC 004:931.762    -- Filling invalid ranges in sector buffer (flash cache) for sector @ 0x02006800 if necessary
T66FC 004:931.785    -- Filling invalid ranges in sector buffer (flash cache) for sector @ 0x02007000 if necessary
T66FC 004:931.813    -- Filling invalid ranges in sector buffer (flash cache) for sector @ 0x02007800 if necessary
T66FC 004:931.837    -- Filling invalid ranges in sector buffer (flash cache) for sector @ 0x02008000 if necessary
T66FC 004:931.860    -- Filling invalid ranges in sector buffer (flash cache) for sector @ 0x02008800 if necessary
T66FC 004:931.884    -- Filling invalid ranges in sector buffer (flash cache) for sector @ 0x02009000 if necessary
T66FC 004:931.907    -- Filling invalid ranges in sector buffer (flash cache) for sector @ 0x02009800 if necessary
T66FC 004:931.931    -- Filling invalid ranges in sector buffer (flash cache) for sector @ 0x0200A000 if necessary
T66FC 004:931.955    -- Filling invalid ranges in sector buffer (flash cache) for sector @ 0x0200A800 if necessary
T66FC 004:931.978    -- Filling invalid ranges in sector buffer (flash cache) for sector @ 0x0200B000 if necessary
T66FC 004:932.002    -- Filling invalid ranges in sector buffer (flash cache) for sector @ 0x0200B800 if necessary
T66FC 004:932.025    -- Filling invalid ranges in sector buffer (flash cache) for sector @ 0x0200C000 if necessary
T66FC 004:932.049    -- Filling invalid ranges in sector buffer (flash cache) for sector @ 0x0200C800 if necessary
T66FC 004:932.079    -- Filling invalid ranges in sector buffer (flash cache) for sector @ 0x02010000 if necessary
T66FC 004:932.103    -- Filling invalid ranges in sector buffer (flash cache) for sector @ 0x02010800 if necessary
T66FC 004:932.127    -- Filling invalid ranges in sector buffer (flash cache) for sector @ 0x02011000 if necessary
T66FC 004:932.153    -- Filling invalid ranges in sector buffer (flash cache) for sector @ 0x02011800 if necessary
T66FC 004:932.177    -- Filling invalid ranges in sector buffer (flash cache) for sector @ 0x02012000 if necessary
T66FC 004:932.201    -- Filling invalid ranges in sector buffer (flash cache) for sector @ 0x02012800 if necessary
T66FC 004:932.225    -- Filling invalid ranges in sector buffer (flash cache) for sector @ 0x02013000 if necessary
T66FC 004:932.248    -- Filling invalid ranges in sector buffer (flash cache) for sector @ 0x02013800 if necessary
T66FC 004:932.273    -- Filling invalid ranges in sector buffer (flash cache) for sector @ 0x02014000 if necessary
T66FC 004:932.297    -- Filling invalid ranges in sector buffer (flash cache) for sector @ 0x02014800 if necessary
T66FC 004:932.320    -- Filling invalid ranges in sector buffer (flash cache) for sector @ 0x02015000 if necessary
T66FC 004:932.343    -- Filling invalid ranges in sector buffer (flash cache) for sector @ 0x02015800 if necessary
T66FC 004:932.367    -- Filling invalid ranges in sector buffer (flash cache) for sector @ 0x02016000 if necessary
T66FC 004:932.391    -- Filling invalid ranges in sector buffer (flash cache) for sector @ 0x02016800 if necessary
T66FC 004:932.414    -- Filling invalid ranges in sector buffer (flash cache) for sector @ 0x02017000 if necessary
T66FC 004:932.437    -- Filling invalid ranges in sector buffer (flash cache) for sector @ 0x02017800 if necessary
T66FC 004:932.463    -- Filling invalid ranges in sector buffer (flash cache) for sector @ 0x02018000 if necessary
T66FC 004:932.487    -- Filling invalid ranges in sector buffer (flash cache) for sector @ 0x02018800 if necessary
T66FC 004:932.511    -- Filling invalid ranges in sector buffer (flash cache) for sector @ 0x02019000 if necessary
T66FC 004:932.535    -- Filling invalid ranges in sector buffer (flash cache) for sector @ 0x02019800 if necessary
T66FC 004:932.561    -- Filling invalid ranges in sector buffer (flash cache) for sector @ 0x0201A000 if necessary
T66FC 004:932.584    -- Filling invalid ranges in sector buffer (flash cache) for sector @ 0x0201A800 if necessary
T66FC 004:932.629    -- Filling invalid ranges in sector buffer (flash cache) for sector @ 0x0201B000 if necessary
T66FC 004:932.653    -- Filling invalid ranges in sector buffer (flash cache) for sector @ 0x0201B800 if necessary
T66FC 004:932.689    -- Filling invalid ranges in sector buffer (flash cache) for sector @ 0x0201C000 if necessary
T66FC 004:932.714    -- Filling invalid ranges in sector buffer (flash cache) for sector @ 0x0201C800 if necessary
T66FC 004:932.740    -- Filling invalid ranges in sector buffer (flash cache) for sector @ 0x0201D000 if necessary
T66FC 004:932.768    -- Filling invalid ranges in sector buffer (flash cache) for sector @ 0x0201D800 if necessary
T66FC 004:932.795    -- Filling invalid ranges in sector buffer (flash cache) for sector @ 0x0201E000 if necessary
T66FC 004:932.823    -- Filling invalid ranges in sector buffer (flash cache) for sector @ 0x0201E800 if necessary
T66FC 004:932.850    -- Filling invalid ranges in sector buffer (flash cache) for sector @ 0x0201F000 if necessary
T66FC 004:932.877    -- Filling invalid ranges in sector buffer (flash cache) for sector @ 0x0201F800 if necessary
T66FC 004:932.905    -- Filling invalid ranges in sector buffer (flash cache) for sector @ 0x02020000 if necessary
T66FC 004:932.932    -- Filling invalid ranges in sector buffer (flash cache) for sector @ 0x02020800 if necessary
T66FC 004:932.959    -- Filling invalid ranges in sector buffer (flash cache) for sector @ 0x02021000 if necessary
T66FC 004:932.987    -- Filling invalid ranges in sector buffer (flash cache) for sector @ 0x02021800 if necessary
T66FC 004:933.014    -- Filling invalid ranges in sector buffer (flash cache) for sector @ 0x02022000 if necessary
T66FC 004:933.044    -- Filling invalid ranges in sector buffer (flash cache) for sector @ 0x02022800 if necessary
T66FC 004:933.071    -- Filling invalid ranges in sector buffer (flash cache) for sector @ 0x02023000 if necessary
T66FC 004:933.099    -- Filling invalid ranges in sector buffer (flash cache) for sector @ 0x02023800 if necessary
T66FC 004:933.127    -- Filling invalid ranges in sector buffer (flash cache) for sector @ 0x02024000 if necessary
T66FC 004:933.155    -- Filling invalid ranges in sector buffer (flash cache) for sector @ 0x02024800 if necessary
T66FC 004:933.183    -- Filling invalid ranges in sector buffer (flash cache) for sector @ 0x02025000 if necessary
T66FC 004:933.211    -- Filling invalid ranges in sector buffer (flash cache) for sector @ 0x02025800 if necessary
T66FC 004:933.238    -- Filling invalid ranges in sector buffer (flash cache) for sector @ 0x02026000 if necessary
T66FC 004:933.268    -- Filling invalid ranges in sector buffer (flash cache) for sector @ 0x02026800 if necessary
T66FC 004:933.295    -- Filling invalid ranges in sector buffer (flash cache) for sector @ 0x02027000 if necessary
T66FC 004:933.322    -- Filling invalid ranges in sector buffer (flash cache) for sector @ 0x02027800 if necessary
T66FC 004:933.349    -- Filling invalid ranges in sector buffer (flash cache) for sector @ 0x02028000 if necessary
T66FC 004:933.377    -- Filling invalid ranges in sector buffer (flash cache) for sector @ 0x02028800 if necessary
T66FC 004:933.405    -- Filling invalid ranges in sector buffer (flash cache) for sector @ 0x02029000 if necessary
T66FC 004:933.432    -- Filling invalid ranges in sector buffer (flash cache) for sector @ 0x02029800 if necessary
T66FC 004:933.459    -- Filling invalid ranges in sector buffer (flash cache) for sector @ 0x0202A000 if necessary
T66FC 004:933.487    -- Filling invalid ranges in sector buffer (flash cache) for sector @ 0x0202A800 if necessary
T66FC 004:933.517    -- Filling invalid ranges in sector buffer (flash cache) for sector @ 0x0202B000 if necessary
T66FC 004:933.545    -- Filling invalid ranges in sector buffer (flash cache) for sector @ 0x0202B800 if necessary
T66FC 004:933.572    -- Filling invalid ranges in sector buffer (flash cache) for sector @ 0x0202C000 if necessary
T66FC 004:933.599    -- Filling invalid ranges in sector buffer (flash cache) for sector @ 0x0202C800 if necessary
T66FC 004:933.634    -- Filling invalid ranges in sector buffer (flash cache) for sector @ 0x0202D000 if necessary
T66FC 004:933.662    -- Filling invalid ranges in sector buffer (flash cache) for sector @ 0x0202D800 if necessary
T66FC 004:933.691    -- Filling invalid ranges in sector buffer (flash cache) for sector @ 0x0202E000 if necessary
T66FC 004:933.719    -- Filling invalid ranges in sector buffer (flash cache) for sector @ 0x0202E800 if necessary
T66FC 004:933.747    -- Filling invalid ranges in sector buffer (flash cache) for sector @ 0x0202F000 if necessary
T66FC 004:933.774    -- Filling invalid ranges in sector buffer (flash cache) for sector @ 0x0202F800 if necessary
T66FC 004:933.801    -- Filling invalid ranges in sector buffer (flash cache) for sector @ 0x02030000 if necessary
T66FC 004:933.829    -- Filling invalid ranges in sector buffer (flash cache) for sector @ 0x02030800 if necessary
T66FC 004:933.857    -- Filling invalid ranges in sector buffer (flash cache) for sector @ 0x02031000 if necessary
T66FC 004:933.884    -- Filling invalid ranges in sector buffer (flash cache) for sector @ 0x02031800 if necessary
T66FC 004:933.912    -- Filling invalid ranges in sector buffer (flash cache) for sector @ 0x02032000 if necessary
T66FC 004:933.939    -- Filling invalid ranges in sector buffer (flash cache) for sector @ 0x02032800 if necessary
T66FC 004:933.967    -- Filling invalid ranges in sector buffer (flash cache) for sector @ 0x02033000 if necessary
T66FC 004:933.994    -- Filling invalid ranges in sector buffer (flash cache) for sector @ 0x02033800 if necessary
T66FC 004:934.025    -- Filling invalid ranges in sector buffer (flash cache) for sector @ 0x02034000 if necessary
T66FC 004:934.052    -- Filling invalid ranges in sector buffer (flash cache) for sector @ 0x02034800 if necessary
T66FC 004:934.079    -- Filling invalid ranges in sector buffer (flash cache) for sector @ 0x02035000 if necessary
T66FC 004:934.107    -- Filling invalid ranges in sector buffer (flash cache) for sector @ 0x02035800 if necessary
T66FC 004:934.134    -- Filling invalid ranges in sector buffer (flash cache) for sector @ 0x02036000 if necessary
T66FC 004:934.161    -- Filling invalid ranges in sector buffer (flash cache) for sector @ 0x02036800 if necessary
T66FC 004:934.189    -- Filling invalid ranges in sector buffer (flash cache) for sector @ 0x02037000 if necessary
T66FC 004:934.216    -- Filling invalid ranges in sector buffer (flash cache) for sector @ 0x02037800 if necessary
T66FC 004:934.245    -- Filling invalid ranges in sector buffer (flash cache) for sector @ 0x02038000 if necessary
T66FC 004:934.273    -- Filling invalid ranges in sector buffer (flash cache) for sector @ 0x02038800 if necessary
T66FC 004:934.301    -- Filling invalid ranges in sector buffer (flash cache) for sector @ 0x02039000 if necessary
T66FC 004:934.329    -- Filling invalid ranges in sector buffer (flash cache) for sector @ 0x02039800 if necessary
T66FC 004:934.356    -- Filling invalid ranges in sector buffer (flash cache) for sector @ 0x0203A000 if necessary
T66FC 004:934.384    -- Filling invalid ranges in sector buffer (flash cache) for sector @ 0x0203A800 if necessary
T66FC 004:934.411    -- Filling invalid ranges in sector buffer (flash cache) for sector @ 0x0203B000 if necessary
T66FC 004:934.438    -- Filling invalid ranges in sector buffer (flash cache) for sector @ 0x0203B800 if necessary
T66FC 004:934.466    -- Filling invalid ranges in sector buffer (flash cache) for sector @ 0x0203C000 if necessary
T66FC 004:934.496    -- Filling invalid ranges in sector buffer (flash cache) for sector @ 0x0203C800 if necessary
T66FC 004:934.524    -- Filling invalid ranges in sector buffer (flash cache) for sector @ 0x0203D000 if necessary
T66FC 004:934.551    -- Filling invalid ranges in sector buffer (flash cache) for sector @ 0x0203D800 if necessary
T66FC 004:934.579    -- Filling invalid ranges in sector buffer (flash cache) for sector @ 0x0203E000 if necessary
T66FC 004:934.606    -- Filling invalid ranges in sector buffer (flash cache) for sector @ 0x0203E800 if necessary
T66FC 004:934.637    -- Filling invalid ranges in sector buffer (flash cache) for sector @ 0x0203F000 if necessary
T66FC 004:934.666    -- Filling invalid ranges in sector buffer (flash cache) for sector @ 0x0203F800 if necessary
T66FC 004:934.693    -- Filling invalid ranges in sector buffer (flash cache) for sector @ 0x02040000 if necessary
T66FC 004:934.721    -- Filling invalid ranges in sector buffer (flash cache) for sector @ 0x02040800 if necessary
T66FC 004:934.750    -- Filling invalid ranges in sector buffer (flash cache) for sector @ 0x02041000 if necessary
T66FC 004:934.777    -- Filling invalid ranges in sector buffer (flash cache) for sector @ 0x02041800 if necessary
T66FC 004:934.805    -- Filling invalid ranges in sector buffer (flash cache) for sector @ 0x02042000 if necessary
T66FC 004:934.833    -- Filling invalid ranges in sector buffer (flash cache) for sector @ 0x02042800 if necessary
T66FC 004:934.860    -- Filling invalid ranges in sector buffer (flash cache) for sector @ 0x02043000 if necessary
T66FC 004:934.888    -- Filling invalid ranges in sector buffer (flash cache) for sector @ 0x02043800 if necessary
T66FC 004:934.915    -- Filling invalid ranges in sector buffer (flash cache) for sector @ 0x02044000 if necessary
T66FC 004:934.943    -- Filling invalid ranges in sector buffer (flash cache) for sector @ 0x02044800 if necessary
T66FC 004:934.973    -- Filling invalid ranges in sector buffer (flash cache) for sector @ 0x02045000 if necessary
T66FC 004:935.001    -- Filling invalid ranges in sector buffer (flash cache) for sector @ 0x02045800 if necessary
T66FC 004:935.028    -- Filling invalid ranges in sector buffer (flash cache) for sector @ 0x02046000 if necessary
T66FC 004:935.056    -- Filling invalid ranges in sector buffer (flash cache) for sector @ 0x02046800 if necessary
T66FC 004:935.083    -- Filling invalid ranges in sector buffer (flash cache) for sector @ 0x02047000 if necessary
T66FC 004:935.110    -- Filling invalid ranges in sector buffer (flash cache) for sector @ 0x02047800 if necessary
T66FC 004:935.138    -- Filling invalid ranges in sector buffer (flash cache) for sector @ 0x02048000 if necessary
T66FC 004:935.165    -- Filling invalid ranges in sector buffer (flash cache) for sector @ 0x02048800 if necessary
T66FC 004:935.193    -- Filling invalid ranges in sector buffer (flash cache) for sector @ 0x02049000 if necessary
T66FC 004:935.220    -- Filling invalid ranges in sector buffer (flash cache) for sector @ 0x02049800 if necessary
T66FC 004:935.248    -- Filling invalid ranges in sector buffer (flash cache) for sector @ 0x0204A000 if necessary
T66FC 004:935.275    -- Filling invalid ranges in sector buffer (flash cache) for sector @ 0x0204A800 if necessary
T66FC 004:935.304    -- Filling invalid ranges in sector buffer (flash cache) for sector @ 0x0204B000 if necessary
T66FC 004:935.331    -- Filling invalid ranges in sector buffer (flash cache) for sector @ 0x0204B800 if necessary
T66FC 004:935.358    -- Filling invalid ranges in sector buffer (flash cache) for sector @ 0x0204C000 if necessary
T66FC 004:935.385    -- Filling invalid ranges in sector buffer (flash cache) for sector @ 0x0204C800 if necessary
T66FC 004:935.413    -- Filling invalid ranges in sector buffer (flash cache) for sector @ 0x0204D000 if necessary
T66FC 004:935.443    -- Filling invalid ranges in sector buffer (flash cache) for sector @ 0x0204D800 if necessary
T66FC 004:935.470    -- Filling invalid ranges in sector buffer (flash cache) for sector @ 0x0204E000 if necessary
T66FC 004:935.497    -- Filling invalid ranges in sector buffer (flash cache) for sector @ 0x0204E800 if necessary
T66FC 004:935.525    -- Filling invalid ranges in sector buffer (flash cache) for sector @ 0x0204F000 if necessary
T66FC 004:935.552    -- Filling invalid ranges in sector buffer (flash cache) for sector @ 0x0204F800 if necessary
T66FC 004:935.579    -- Filling invalid ranges in sector buffer (flash cache) for sector @ 0x02050000 if necessary
T66FC 004:935.606    -- Filling invalid ranges in sector buffer (flash cache) for sector @ 0x02050800 if necessary
T66FC 004:935.642    -- Filling invalid ranges in sector buffer (flash cache) for sector @ 0x02051000 if necessary
T66FC 004:935.669    -- Filling invalid ranges in sector buffer (flash cache) for sector @ 0x02051800 if necessary
T66FC 004:935.697    -- Filling invalid ranges in sector buffer (flash cache) for sector @ 0x02052000 if necessary
T66FC 004:935.724    -- Filling invalid ranges in sector buffer (flash cache) for sector @ 0x02052800 if necessary
T66FC 004:935.751    -- Filling invalid ranges in sector buffer (flash cache) for sector @ 0x02053000 if necessary
T66FC 004:935.779    -- Filling invalid ranges in sector buffer (flash cache) for sector @ 0x02053800 if necessary
T66FC 004:935.806    -- Filling invalid ranges in sector buffer (flash cache) for sector @ 0x02054000 if necessary
T66FC 004:935.833    -- Filling invalid ranges in sector buffer (flash cache) for sector @ 0x02054800 if necessary
T66FC 004:935.861    -- Filling invalid ranges in sector buffer (flash cache) for sector @ 0x02055000 if necessary
T66FC 004:935.889    -- Filling invalid ranges in sector buffer (flash cache) for sector @ 0x02055800 if necessary
T66FC 004:935.920    -- Filling invalid ranges in sector buffer (flash cache) for sector @ 0x02056000 if necessary
T66FC 004:935.947    -- Filling invalid ranges in sector buffer (flash cache) for sector @ 0x02056800 if necessary
T66FC 004:935.974    -- Filling invalid ranges in sector buffer (flash cache) for sector @ 0x02057000 if necessary
T66FC 004:936.001    -- Filling invalid ranges in sector buffer (flash cache) for sector @ 0x02057800 if necessary
T66FC 004:936.029    -- Filling invalid ranges in sector buffer (flash cache) for sector @ 0x02058000 if necessary
T66FC 004:936.057    -- Filling invalid ranges in sector buffer (flash cache) for sector @ 0x02058800 if necessary
T66FC 004:936.084    -- Filling invalid ranges in sector buffer (flash cache) for sector @ 0x02059000 if necessary
T66FC 004:936.111    -- Filling invalid ranges in sector buffer (flash cache) for sector @ 0x02059800 if necessary
T66FC 004:936.139    -- Filling invalid ranges in sector buffer (flash cache) for sector @ 0x0205A000 if necessary
T66FC 004:936.166    -- Filling invalid ranges in sector buffer (flash cache) for sector @ 0x0205A800 if necessary
T66FC 004:936.193    -- Filling invalid ranges in sector buffer (flash cache) for sector @ 0x0205B000 if necessary
T66FC 004:936.222    -- Filling invalid ranges in sector buffer (flash cache) for sector @ 0x0205B800 if necessary
T66FC 004:936.249    -- Filling invalid ranges in sector buffer (flash cache) for sector @ 0x0205C000 if necessary
T66FC 004:936.278    -- Filling invalid ranges in sector buffer (flash cache) for sector @ 0x0205C800 if necessary
T66FC 004:936.305    -- Filling invalid ranges in sector buffer (flash cache) for sector @ 0x0205D000 if necessary
T66FC 004:936.333    -- Filling invalid ranges in sector buffer (flash cache) for sector @ 0x0205D800 if necessary
T66FC 004:936.360    -- Filling invalid ranges in sector buffer (flash cache) for sector @ 0x0205E000 if necessary
T66FC 004:936.390    -- Filling invalid ranges in sector buffer (flash cache) for sector @ 0x0205E800 if necessary
T66FC 004:936.418    -- Filling invalid ranges in sector buffer (flash cache) for sector @ 0x0205F000 if necessary
T66FC 004:936.445    -- Filling invalid ranges in sector buffer (flash cache) for sector @ 0x0205F800 if necessary
T66FC 004:936.472    -- Filling invalid ranges in sector buffer (flash cache) for sector @ 0x02060000 if necessary
T66FC 004:936.500    -- Filling invalid ranges in sector buffer (flash cache) for sector @ 0x02060800 if necessary
T66FC 004:936.527    -- Filling invalid ranges in sector buffer (flash cache) for sector @ 0x02061000 if necessary
T66FC 004:936.554    -- Filling invalid ranges in sector buffer (flash cache) for sector @ 0x02061800 if necessary
T66FC 004:936.583    -- Filling invalid ranges in sector buffer (flash cache) for sector @ 0x02062000 if necessary
T66FC 004:936.610    -- Filling invalid ranges in sector buffer (flash cache) for sector @ 0x02062800 if necessary
T66FC 004:936.639    -- Filling invalid ranges in sector buffer (flash cache) for sector @ 0x02063000 if necessary
T66FC 004:936.666    -- Filling invalid ranges in sector buffer (flash cache) for sector @ 0x02063800 if necessary
T66FC 004:936.693    -- Filling invalid ranges in sector buffer (flash cache) for sector @ 0x02064000 if necessary
T66FC 004:936.721    -- Filling invalid ranges in sector buffer (flash cache) for sector @ 0x02064800 if necessary
T66FC 004:936.748    -- Filling invalid ranges in sector buffer (flash cache) for sector @ 0x02065000 if necessary
T66FC 004:936.776    -- Filling invalid ranges in sector buffer (flash cache) for sector @ 0x02065800 if necessary
T66FC 004:936.803    -- Filling invalid ranges in sector buffer (flash cache) for sector @ 0x02066000 if necessary
T66FC 004:936.830    -- Filling invalid ranges in sector buffer (flash cache) for sector @ 0x02066800 if necessary
T66FC 004:936.861    -- Filling invalid ranges in sector buffer (flash cache) for sector @ 0x02067000 if necessary
T66FC 004:936.888    -- Filling invalid ranges in sector buffer (flash cache) for sector @ 0x02067800 if necessary
T66FC 004:936.915    -- Filling invalid ranges in sector buffer (flash cache) for sector @ 0x02068000 if necessary
T66FC 004:936.942    -- Filling invalid ranges in sector buffer (flash cache) for sector @ 0x02068800 if necessary
T66FC 004:936.970    -- Filling invalid ranges in sector buffer (flash cache) for sector @ 0x02069000 if necessary
T66FC 004:936.999    -- Filling invalid ranges in sector buffer (flash cache) for sector @ 0x02069800 if necessary
T66FC 004:937.026    -- Filling invalid ranges in sector buffer (flash cache) for sector @ 0x0206A000 if necessary
T66FC 004:937.054    -- Filling invalid ranges in sector buffer (flash cache) for sector @ 0x0206A800 if necessary
T66FC 004:937.081    -- Filling invalid ranges in sector buffer (flash cache) for sector @ 0x0206B000 if necessary
T66FC 004:937.109    -- Filling invalid ranges in sector buffer (flash cache) for sector @ 0x0206B800 if necessary
T66FC 004:937.148    -- Filling invalid ranges in sector buffer (flash cache) for sector @ 0x0206C000 if necessary
T66FC 004:937.176    -- Filling invalid ranges in sector buffer (flash cache) for sector @ 0x0206C800 if necessary
T66FC 004:937.204    -- Filling invalid ranges in sector buffer (flash cache) for sector @ 0x0206D000 if necessary
T66FC 004:937.233    -- Filling invalid ranges in sector buffer (flash cache) for sector @ 0x0206D800 if necessary
T66FC 004:937.261    -- Filling invalid ranges in sector buffer (flash cache) for sector @ 0x0206E000 if necessary
T66FC 004:937.288    -- Filling invalid ranges in sector buffer (flash cache) for sector @ 0x0206E800 if necessary
T66FC 004:937.316    -- Filling invalid ranges in sector buffer (flash cache) for sector @ 0x0206F000 if necessary
T66FC 004:937.346    -- Filling invalid ranges in sector buffer (flash cache) for sector @ 0x0206F800 if necessary
T66FC 004:937.468    -- End of determining dirty areas
T66FC 004:937.492    -- Start of preparing flash programming
T66FC 004:937.515    -- Preparing RAMCode
T66FC 004:937.538    -- Calculating RAM usage
T66FC 004:937.562    -- RAM usage = 19424 Bytes
T66FC 004:937.585    -- Preserving CPU registers
T66FC 004:938.215    -- Preparing memory
T66FC 004:938.265    -- Preparing target
T66FC 004:938.289    -- Preserving target RAM temporarily used for programming
T66FC 005:050.183    -- Downloading RAMCode
T66FC 005:080.532    -- Initializing RAMCode (InitType: 3 = Verify)
T66FC 005:080.613    -- Executing SEGGER_FL_Prepare(3)
T66FC 005:086.423    -- SEGGER_FL_Prepare() changed clock speed to 150000000Hz
T66FC 005:086.497    -- End of preparing flash programming
T66FC 005:103.142    -- CPU is running at 150000 kHz.
T66FC 005:103.251    -- Start of comparing flash
T66FC 005:103.292    -- CRC check was estimated as fastest method
T66FC 005:138.135    -- Comparing range 0x2000000 - 0x200CFFF (26 Sectors, 52 KB), using single-block CRC calculation
T66FC 005:173.352    -- CRC does not match, checking individual sectors
T66FC 005:193.523    -- CRC does not match for sectors 0-15
T66FC 005:206.671    -- CRC does not match for sectors 16-25
T66FC 005:209.280    -- Comparing range 0x2010000 - 0x202FFFF (64 Sectors, 128 KB), using single-block CRC calculation
T66FC 005:274.745    -- CRC does not match, checking individual sectors
T66FC 005:293.759    -- CRC does not match for sectors 32-47
T66FC 005:314.363    -- CRC matches for sectors 48-63
T66FC 005:334.154    -- CRC matches for sectors 64-79
T66FC 005:353.237    -- CRC matches for sectors 80-95
T66FC 005:353.891    -- Comparing range 0x2030000 - 0x204FFFF (64 Sectors, 128 KB), using single-block CRC calculation
T66FC 005:418.751    -- CRC does not match, checking individual sectors
T66FC 005:437.613    -- CRC matches for sectors 96-111
T66FC 005:456.263    -- CRC does not match for sectors 112-127
T66FC 005:475.771    -- CRC does not match for sectors 128-143
T66FC 005:494.629    -- CRC matches for sectors 144-159
T66FC 005:495.729    -- Comparing range 0x2050000 - 0x206FFFF (64 Sectors, 128 KB), using single-block CRC calculation
T66FC 005:559.752    -- CRC does not match, checking individual sectors
T66FC 005:579.138    -- CRC matches for sectors 160-175
T66FC 005:597.688    -- CRC matches for sectors 176-191
T66FC 005:616.957    -- CRC matches for sectors 192-207
T66FC 005:635.933    -- CRC does not match for sectors 208-223
T66FC 005:636.456    -- Comparing range 0x2018000 - 0x2037FFF (64 Sectors, 128 KB), using alternative single-block CRC calculation
T66FC 005:700.341    -- CRC matches
T66FC 005:701.115    -- Comparing range 0x2048000 - 0x2067FFF (64 Sectors, 128 KB), using alternative single-block CRC calculation
T66FC 005:765.012    -- CRC matches
T66FC 005:765.104    -- End of comparing flash
T66FC 005:765.130    -- Start of erasing sectors
T66FC 005:765.156    -- Erasing range 0x02000000 - 0x0200CFFF ( 26 Sectors, 52 KB)
T66FC 005:871.388    -- Erasing range 0x02010000 - 0x02017FFF ( 16 Sectors, 32 KB)
T66FC 005:937.795    -- Erasing range 0x02038000 - 0x02047FFF ( 32 Sectors, 64 KB)
T66FC 006:065.188    -- Erasing range 0x02068000 - 0x0206FFFF ( 16 Sectors, 32 KB)
T66FC 006:130.185    -- End of erasing sectors
T66FC 006:130.260    -- Start of flash programming
T66FC 006:130.289    -- Programming range 0x02000000 - 0x02007FFF ( 16 Sectors, 32 KB)
T66FC 006:384.193    -- Programming range 0x02008000 - 0x0200CFFF ( 10 Sectors, 20 KB)
T66FC 006:560.236    -- Programming range 0x02010000 - 0x02017FFF ( 16 Sectors, 32 KB)
T66FC 006:683.882    -- Programming range 0x02038000 - 0x0203FFFF ( 16 Sectors, 32 KB)
T66FC 006:702.659    -- Programming range 0x02040000 - 0x02047FFF ( 16 Sectors, 32 KB)
T66FC 007:011.887    -- Programming range 0x02068000 - 0x0206FFFF ( 16 Sectors, 32 KB)
T66FC 007:028.912    -- End of flash programming
T66FC 007:029.001    -- 0x2000000 - 0x200CFFF ( 26 Sectors, 52 KB)
T66FC 007:029.028    -- 0x2010000 - 0x2017FFF ( 16 Sectors, 32 KB)
T66FC 007:029.053    -- 0x2038000 - 0x2047FFF ( 32 Sectors, 64 KB)
T66FC 007:029.078    -- 0x2068000 - 0x206FFFF ( 16 Sectors, 32 KB)
T66FC 007:029.106    -- Start of verifying flash
T66FC 007:029.133    -- Checksum calculation was estimated as fastest method
T66FC 007:029.159    -- Checksum is not supported by this flash bank. Switched to read back method.
T66FC 007:074.603    -- Checksum calculation was estimated as fastest method
T66FC 007:074.667    -- Checksum is not supported by this flash bank. Switched to read back method.
T66FC 007:094.259    -- Checksum calculation was estimated as fastest method
T66FC 007:094.401    -- Checksum is not supported by this flash bank. Switched to read back method.
T66FC 007:130.945    -- Checksum calculation was estimated as fastest method
T66FC 007:131.089    -- Checksum is not supported by this flash bank. Switched to read back method.
T66FC 007:151.231    -- End of verifying flash
T66FC 007:151.357    -- Start of restoring
T66FC 007:151.393    -- Executing SEGGER_FL_Restore()
T66FC 007:158.184    -- Restoring target memory
T66FC 007:258.587    -- Restoring CPU registers
T66FC 007:259.235    -- End of restoring
T66FC 007:259.333    -- Bank 0 @ 0x02000000: 4 ranges affected (184320 bytes)
T66FC 007:259.365    -- Total: 2.321s (Prepare: 0.165s, Compare: 0.661s, Erase: 0.365s, Program: 0.918s, Verify: 0.102s, Restore: 0.107s)
T66FC 007:259.396    -- Program speed: 195 KB/s
T66FC 007:261.581    -- --------------------------------------
T66FC 007:261.665    -- Start of determining flash info (Bank @ 0x02C9F020)
T66FC 007:261.695    -- End of determining flash info
T66FC 007:261.724    -- Start of determining dirty areas in flash cache
T66FC 007:261.774    -- Filling invalid ranges in sector buffer (flash cache) for sector @ 0x02C9F040 if necessary
T66FC 007:261.808    -- Filling invalid ranges in sector buffer (flash cache) for sector @ 0x02C9F0C0 if necessary
T66FC 007:261.840    -- Filling invalid ranges in sector buffer (flash cache) for sector @ 0x02C9F120 if necessary
T66FC 007:261.872    -- End of determining dirty areas
T66FC 007:261.901    -- Start of preparing flash programming
T66FC 007:261.931    -- Preparing RAMCode
T66FC 007:261.958    -- Calculating RAM usage
T66FC 007:261.989    -- RAM usage = 3472 Bytes
T66FC 007:262.017    -- Preserving CPU registers
T66FC 007:262.075    -- Preparing memory
T66FC 007:262.105    -- Preparing target
T66FC 007:262.135    -- Preserving target RAM temporarily used for programming
T66FC 007:283.074    -- Downloading RAMCode
T66FC 007:309.597    -- Initializing RAMCode (InitType: 3 = Verify)
T66FC 007:309.680    -- Executing SEGGER_FL_Prepare(3)
T66FC 007:317.483    -- End of preparing flash programming
T66FC 007:321.016    -- CPU speed could not be measured.
T66FC 007:321.112    -- Start of comparing flash
T66FC 007:321.145    -- CRC check was estimated as fastest method
T66FC 007:335.115    -- Comparing range 0x2C9F040 - 0x2C9F04F (1 Sector, 16 Bytes), using single-block CRC calculation
T66FC 007:338.943    -- CRC matches
T66FC 007:340.978    -- Comparing range 0x2C9F0C0 - 0x2C9F0CF (1 Sector, 16 Bytes), using single-block CRC calculation
T66FC 007:345.689    -- CRC does not match for sector 9
T66FC 007:346.235    -- Comparing range 0x2C9F120 - 0x2C9F12F (1 Sector, 16 Bytes), using single-block CRC calculation
T66FC 007:349.625    -- CRC does not match for sector 15
T66FC 007:349.972    -- Comparing range 0x2C9F040 - 0x2C9F04F (1 Sector, 16 Bytes), using alternative single-block CRC calculation
T66FC 007:353.040    -- CRC matches
T66FC 007:353.105    -- End of comparing flash
T66FC 007:353.133    -- Start of erasing sectors
T66FC 007:353.161    -- Erasing range 0x02C9F0C0 - 0x02C9F0CF (  1 Sector, 16 Bytes)
T66FC 007:358.976    -- Erasing range 0x02C9F120 - 0x02C9F12F (  1 Sector, 16 Bytes)
T66FC 007:364.947    -- End of erasing sectors
T66FC 007:365.039    -- Start of flash programming
T66FC 007:365.068    -- Programming range 0x02C9F0C0 - 0x02C9F0CF (  1 Sector, 16 Bytes)
T66FC 007:367.477    -- Programming range 0x02C9F120 - 0x02C9F12F (  1 Sector, 16 Bytes)
T66FC 007:369.652    -- End of flash programming
T66FC 007:369.723    -- 0x2C9F0C0 - 0x2C9F0CF (  1 Sector, 16 Bytes)
T66FC 007:369.755    -- 0x2C9F120 - 0x2C9F12F (  1 Sector, 16 Bytes)
T66FC 007:369.797    -- Start of verifying flash
T66FC 007:369.833    -- Use CRC or checksum calculation as verify method
T66FC 007:369.871    -- Checksum is not supported by this flash bank. Switched to read back method.
T66FC 007:384.572    -- Use CRC or checksum calculation as verify method
T66FC 007:384.664    -- Checksum is not supported by this flash bank. Switched to read back method.
T66FC 007:388.124    -- End of verifying flash
T66FC 007:388.240    -- Start of restoring
T66FC 007:388.285    -- Executing SEGGER_FL_Restore()
T66FC 007:394.031    -- Restoring target memory
T66FC 007:413.108    -- Restoring CPU registers
T66FC 007:413.597    -- End of restoring
T66FC 007:413.679    -- Bank 1 @ 0x02C9F020: 2 ranges affected (32 bytes)
T66FC 007:413.718    -- Total: 0.151s (Prepare: 0.059s, Compare: 0.032s, Erase: 0.011s, Program: 0.014s, Verify: 0.008s, Restore: 0.025s)
T66FC 007:413.754    -- Program speed: 2 KB/s
T66FC 007:531.055 - 2601.223ms returns 184352 (0x2D020)
T66FC 007:533.145 JLINK_WriteReg(R15 (PC), 0x020096C0)
T66FC 007:533.248 - 0.103ms returns 0
T66FC 007:533.285 JLINK_WriteReg(XPSR, 0x01000000)
T66FC 007:533.303 - 0.018ms returns 0
T66FC 007:533.333 JLINK_WriteMem(0x22003A90, 0x4 Bytes, ...)
T66FC 007:533.353   Data:  00 00 00 00
T66FC 007:533.390   CPU_WriteMem(4 bytes @ 0x22003A90)
T66FC 007:534.215 - 0.881ms returns 0x4
T66FC 007:534.287 JLINK_ReadMem(0x22003A90, 0x4 Bytes, ...)
T66FC 007:534.311   CPU_ReadMem(4 bytes @ 0x22003A90)
T66FC 007:535.149   Data:  00 00 00 00
T66FC 007:535.209 - 0.923ms returns 0
T66FC 007:535.233 JLINK_ReadMem(0x22003A6C, 0x4 Bytes, ...)
T66FC 007:535.254   CPU_ReadMem(4 bytes @ 0x22003A6C)
T66FC 007:536.185   Data:  60 D0 32 4B
T66FC 007:536.260 - 1.027ms returns 0
T66FC 007:536.293 JLINK_ReadMem(0x020135AC, 0x4 Bytes, ...)
T66FC 007:536.320    -- Read from flash cache (4 bytes @ 0x020135AC)
T66FC 007:536.359   Data:  04 00 00 00
T66FC 007:536.391 - 0.099ms returns 0
T66FC 007:537.588 JLINK_ResetPullsRESET(ON)
T66FC 007:537.645 - 0.058ms 
T66FC 007:537.664 JLINK_Halt()
T66FC 007:537.682 - 0.018ms returns 0x00
T66FC 007:537.699 JLINK_IsHalted()
T66FC 007:537.717 - 0.017ms returns TRUE
T66FC 007:537.736 JLINK_Reset()
T66FC 007:537.757   ResetTarget() start
T66FC 007:537.782    J-Link Script File: Executing ResetTarget()
T66FC 007:537.808   CPU_ReadMem(4 bytes @ 0xE000ED44)
T66FC 007:538.486   CPU_ReadMem(4 bytes @ 0xE000EE08)
T66FC 007:539.061   CPU_WriteMem(4 bytes @ 0xE000EE08)
T66FC 007:539.670   CPU_ReadMem(4 bytes @ 0xE000EE08)
T66FC 007:540.217   Reset: ARMv8M core with Security Extension enabled detected. Switch to secure domain.
T66FC 007:540.264   Reset: Halt core after reset via DEMCR.VC_CORERESET.
T66FC 007:540.295   CPU_WriteMem(4 bytes @ 0xE000EDF0)
T66FC 007:540.808   CPU_WriteMem(4 bytes @ 0xE000EDFC)
T66FC 007:541.718   Reset: Reset device via AIRCR.SYSRESETREQ.
T66FC 007:541.768   CPU_WriteMem(4 bytes @ 0xE000ED0C)
T66FC 007:594.531   CPU_ReadMem(4 bytes @ 0xE000EDF0)
T66FC 007:595.393   CPU_ReadMem(4 bytes @ 0xE000EDF0)
T66FC 007:596.022   CPU_WriteMem(4 bytes @ 0xE000EDFC)
T66FC 007:596.662   ResetTarget() end - Took 58.8ms
T66FC 007:596.754   Device specific reset executed.
T66FC 007:601.298   CPU_WriteMem(4 bytes @ 0xE0002000)
T66FC 007:601.972   CPU_ReadMem(4 bytes @ 0xE000EDFC)
T66FC 007:602.669   CPU_ReadMem(4 bytes @ 0xE0001000)
T66FC 007:603.307   CPU_ReadMem(4 bytes @ 0xE000EE08)
T66FC 007:603.854 - 66.116ms 
T66FC 007:604.033 JLINK_SetEndian(ARM_ENDIAN_LITTLE)
T66FC 007:604.123 - 0.090ms returns 0
T66FC 007:604.261 JLINK_ReadMem(0x22003A90, 0x4 Bytes, ...)
T66FC 007:604.367   CPU_ReadMem(4 bytes @ 0x22003A90)
T66FC 007:605.113   Data:  00 00 00 00
T66FC 007:605.164 - 0.904ms returns 0
T66FC 007:606.126 JLINK_ReadMem(0x22003A6C, 0x4 Bytes, ...)
T66FC 007:606.237   CPU_ReadMem(4 bytes @ 0x22003A6C)
T66FC 007:606.944   Data:  60 D0 32 4B
T66FC 007:607.031 - 0.905ms returns 0
T66FC 007:607.071 JLINK_ReadMem(0x020135AC, 0x4 Bytes, ...)
T66FC 007:607.106    -- Read from flash cache (4 bytes @ 0x020135AC)
T66FC 007:607.147   Data:  04 00 00 00
T66FC 007:607.185 - 0.114ms returns 0
T66FC 007:641.811 JLINK_WriteMem(0x22003A90, 0x4 Bytes, ...)
T66FC 007:641.965   Data:  00 00 00 00
T66FC 007:642.010   CPU_WriteMem(4 bytes @ 0x22003A90)
T66FC 007:642.793 - 0.980ms returns 0x4
T66FC 007:642.893 JLINK_ReadMem(0x22003A90, 0x4 Bytes, ...)
T66FC 007:642.930   CPU_ReadMem(4 bytes @ 0x22003A90)
T66FC 007:643.737   Data:  00 00 00 00
T66FC 007:643.808 - 0.914ms returns 0
T66FC 007:643.835 JLINK_ReadMem(0x22003A6C, 0x4 Bytes, ...)
T66FC 007:643.862   CPU_ReadMem(4 bytes @ 0x22003A6C)
T66FC 007:644.613   Data:  60 D0 32 4B
T66FC 007:644.678 - 0.843ms returns 0
T66FC 007:644.709 JLINK_ReadMem(0x020135AC, 0x4 Bytes, ...)
T66FC 007:644.729    -- Read from flash cache (4 bytes @ 0x020135AC)
T66FC 007:644.753   Data:  04 00 00 00
T66FC 007:644.778 - 0.070ms returns 0
T66FC 007:647.423 JLINK_ReadMem(0x22003A90, 0x4 Bytes, ...)
T66FC 007:647.541   CPU_ReadMem(4 bytes @ 0x22003A90)
T66FC 007:648.368   Data:  00 00 00 00
T66FC 007:648.433 - 1.010ms returns 0
T66FC 007:648.463 JLINK_ReadMem(0x22003A6C, 0x4 Bytes, ...)
T66FC 007:648.486   CPU_ReadMem(4 bytes @ 0x22003A6C)
T66FC 007:649.210   Data:  60 D0 32 4B
T66FC 007:649.293 - 0.829ms returns 0
T66FC 007:649.325 JLINK_ReadMem(0x020135AC, 0x4 Bytes, ...)
T66FC 007:649.352    -- Read from flash cache (4 bytes @ 0x020135AC)
T66FC 007:649.385   Data:  04 00 00 00
T66FC 007:649.409 - 0.083ms returns 0
T66FC 007:649.435 JLINK_ReadMem(0x22003A90, 0x4 Bytes, ...)
T66FC 007:649.456   CPU_ReadMem(4 bytes @ 0x22003A90)
T66FC 007:650.161   Data:  00 00 00 00
T66FC 007:650.273 - 0.837ms returns 0
T66FC 007:650.330 JLINK_ReadMem(0x22003A6C, 0x4 Bytes, ...)
T66FC 007:650.387   CPU_ReadMem(4 bytes @ 0x22003A6C)
T66FC 007:651.213   Data:  60 D0 32 4B
T66FC 007:651.303 - 0.973ms returns 0
T66FC 007:651.357 JLINK_ReadMem(0x020135AC, 0x4 Bytes, ...)
T66FC 007:651.403    -- Read from flash cache (4 bytes @ 0x020135AC)
T66FC 007:651.468   Data:  04 00 00 00
T66FC 007:651.533 - 0.176ms returns 0
T66FC 007:652.840 JLINK_ReadMem(0x020096C0, 0x4 Bytes, ...)
T66FC 007:652.894    -- Read from flash cache (4 bytes @ 0x020096C0)
T66FC 007:652.920   Data:  00 F0 06 F8
T66FC 007:652.945 - 0.105ms returns 0
T66FC 007:674.059 JLINK_ReadMem(0x22003A90, 0x4 Bytes, ...)
T66FC 007:674.201   CPU_ReadMem(4 bytes @ 0x22003A90)
T66FC 007:675.022   Data:  00 00 00 00
T66FC 007:675.093 - 1.035ms returns 0
T66FC 007:675.126 JLINK_ReadMem(0x22003A6C, 0x4 Bytes, ...)
T66FC 007:675.150   CPU_ReadMem(4 bytes @ 0x22003A6C)
T66FC 007:675.901   Data:  60 D0 32 4B
T66FC 007:676.001 - 0.875ms returns 0
T66FC 007:676.044 JLINK_ReadMem(0x020135AC, 0x4 Bytes, ...)
T66FC 007:676.077    -- Read from flash cache (4 bytes @ 0x020135AC)
T66FC 007:676.113   Data:  04 00 00 00
T66FC 007:676.151 - 0.107ms returns 0
T66FC 007:676.191 JLINK_ReadMem(0x22003A90, 0x4 Bytes, ...)
T66FC 007:676.252   CPU_ReadMem(4 bytes @ 0x22003A90)
T66FC 007:677.015   Data:  00 00 00 00
T66FC 007:677.119 - 0.927ms returns 0
T66FC 007:677.147 JLINK_ReadMem(0x22003A6C, 0x4 Bytes, ...)
T66FC 007:677.190   CPU_ReadMem(4 bytes @ 0x22003A6C)
T66FC 007:677.850   Data:  60 D0 32 4B
T66FC 007:677.969 - 0.822ms returns 0
T66FC 007:678.026 JLINK_ReadMem(0x020135AC, 0x4 Bytes, ...)
T66FC 007:678.049    -- Read from flash cache (4 bytes @ 0x020135AC)
T66FC 007:678.082   Data:  04 00 00 00
T66FC 007:678.129 - 0.119ms returns 0
T66FC 007:679.649 JLINK_ReadMem(0x020096C0, 0x4 Bytes, ...)
T66FC 007:679.773    -- Read from flash cache (4 bytes @ 0x020096C0)
T66FC 007:679.826   Data:  00 F0 06 F8
T66FC 007:679.865 - 0.216ms returns 0
T66FC 009:450.381 JLINK_GetNumBPUnits(Type = 0xFFFFFF00)
T66FC 009:450.448 - 0.068ms returns 0x08
T66FC 009:450.469 JLINK_GetNumWPUnits()
T66FC 009:450.486 - 0.017ms returns 8
T66FC 009:450.509 JLINK_GetNumBPUnits(Type = 0xFFFFFF00)
T66FC 009:450.526 - 0.017ms returns 0x08
T66FC 009:450.544 JLINK_GetNumWPUnits()
T66FC 009:450.560 - 0.016ms returns 8
T66FC 009:450.581 JLINK_GetNumBPUnits(Type = 0xFFFFFF00)
T66FC 009:450.601 - 0.019ms returns 0x08
T66FC 009:450.618 JLINK_GetNumWPUnits()
T66FC 009:450.635 - 0.016ms returns 8
T66FC 009:450.698 JLINK_SetBPEx(Addr = 0x020002A0, Type = 0xFFFFFF00)
T66FC 009:450.726 - 0.027ms returns 0x00000001
T66FC 009:450.750 JLINK_ClrBPEx(BPHandle = 0x00000001)
T66FC 009:451.187 - 0.434ms returns 0x00
T66FC 009:468.518 JLINK_ReadMem(0x020002A2, 0x2 Bytes, ...)
T66FC 009:468.624    -- Read from flash cache (2 bytes @ 0x020002A2)
T66FC 009:468.654   Data:  FF F7
T66FC 009:468.680 - 0.163ms returns 0
T66FC 009:469.084 JLINK_ReadMem(0x0201040C, 0x2 Bytes, ...)
T66FC 009:469.131    -- Read from flash cache (2 bytes @ 0x0201040C)
T66FC 009:469.178   Data:  43 F2
T66FC 009:469.203 - 0.119ms returns 0
T66FC 009:469.870 JLINK_SetBPEx(Addr = 0x020002A2, Type = 0xFFFFFF00)
T66FC 009:469.936 - 0.066ms returns 0x00000002
T66FC 009:470.558 JLINK_ClrBPEx(BPHandle = 0x00000002)
T66FC 009:470.615 - 0.057ms returns 0x00
T66FC 009:470.639 JLINK_SetBPEx(Addr = 0x020002A2, Type = 0xFFFFFF00)
T66FC 009:470.658 - 0.018ms returns 0x00000003
T66FC 009:470.676 JLINK_SetBPEx(Addr = 0x0201040C, Type = 0xFFFFFF00)
T66FC 009:470.692 - 0.015ms returns 0x00000004
T66FC 009:482.790 JLINK_ReadMem(0x22003A90, 0x4 Bytes, ...)
T66FC 009:482.894   CPU_ReadMem(4 bytes @ 0x22003A90)
T66FC 009:483.675   Data:  00 00 00 00
T66FC 009:483.759 - 0.971ms returns 0
T66FC 009:483.794 JLINK_ReadMem(0x22003A6C, 0x4 Bytes, ...)
T66FC 009:483.826   CPU_ReadMem(4 bytes @ 0x22003A6C)
T66FC 009:484.612   Data:  60 D0 32 4B
T66FC 009:484.674 - 0.879ms returns 0
T66FC 009:484.703 JLINK_ReadMem(0x020135AC, 0x4 Bytes, ...)
T66FC 009:484.727    -- Read from flash cache (4 bytes @ 0x020135AC)
T66FC 009:484.760   Data:  04 00 00 00
T66FC 009:484.794 - 0.090ms returns 0
T66FC 009:484.850 JLINK_ReadReg(XPSR)
T66FC 009:484.878   CPU_ReadMem(4 bytes @ 0xE000EE08)
T66FC 009:485.402 - 0.551ms returns 0x01000000
T66FC 009:485.462 JLINK_ReadReg(MSP_S)
T66FC 009:485.488 - 0.026ms returns 0x220015C0
T66FC 009:486.153 JLINK_ReadMem(0x22003A90, 0x4 Bytes, ...)
T66FC 009:486.208   CPU_ReadMem(4 bytes @ 0x22003A90)
T66FC 009:486.907   Data:  00 00 00 00
T66FC 009:486.987 - 0.834ms returns 0
T66FC 009:487.019 JLINK_ReadMem(0x22003A6C, 0x4 Bytes, ...)
T66FC 009:487.050   CPU_ReadMem(4 bytes @ 0x22003A6C)
T66FC 009:487.827   Data:  60 D0 32 4B
T66FC 009:487.907 - 0.887ms returns 0
T66FC 009:487.950 JLINK_ReadMem(0x020135AC, 0x4 Bytes, ...)
T66FC 009:487.982    -- Read from flash cache (4 bytes @ 0x020135AC)
T66FC 009:488.019   Data:  04 00 00 00
T66FC 009:488.076 - 0.126ms returns 0
T66FC 009:488.164 JLINK_ReadReg(XPSR)
T66FC 009:488.203 - 0.039ms returns 0x01000000
T66FC 009:488.229 JLINK_ReadReg(MSP_NS)
T66FC 009:488.267 - 0.037ms returns 0x00000000
T66FC 009:488.908 JLINK_ReadMem(0x22003A90, 0x4 Bytes, ...)
T66FC 009:488.981   CPU_ReadMem(4 bytes @ 0x22003A90)
T66FC 009:489.754   Data:  00 00 00 00
T66FC 009:489.848 - 0.940ms returns 0
T66FC 009:489.894 JLINK_ReadMem(0x22003A6C, 0x4 Bytes, ...)
T66FC 009:489.942   CPU_ReadMem(4 bytes @ 0x22003A6C)
T66FC 009:490.750   Data:  60 D0 32 4B
T66FC 009:490.833 - 0.938ms returns 0
T66FC 009:490.878 JLINK_ReadMem(0x020135AC, 0x4 Bytes, ...)
T66FC 009:490.916    -- Read from flash cache (4 bytes @ 0x020135AC)
T66FC 009:490.969   Data:  04 00 00 00
T66FC 009:491.022 - 0.144ms returns 0
T66FC 009:491.098 JLINK_ReadReg(XPSR)
T66FC 009:491.146 - 0.046ms returns 0x01000000
T66FC 009:491.181 JLINK_ReadReg(PSP_S)
T66FC 009:491.215 - 0.033ms returns 0x00000000
T66FC 009:491.878 JLINK_ReadMem(0x22003A90, 0x4 Bytes, ...)
T66FC 009:491.955   CPU_ReadMem(4 bytes @ 0x22003A90)
T66FC 009:492.741   Data:  00 00 00 00
T66FC 009:492.864 - 0.986ms returns 0
T66FC 009:492.908 JLINK_ReadMem(0x22003A6C, 0x4 Bytes, ...)
T66FC 009:492.956   CPU_ReadMem(4 bytes @ 0x22003A6C)
T66FC 009:493.747   Data:  60 D0 32 4B
T66FC 009:493.836 - 0.927ms returns 0
T66FC 009:493.881 JLINK_ReadMem(0x020135AC, 0x4 Bytes, ...)
T66FC 009:493.905    -- Read from flash cache (4 bytes @ 0x020135AC)
T66FC 009:493.930   Data:  04 00 00 00
T66FC 009:493.955 - 0.074ms returns 0
T66FC 009:494.007 JLINK_ReadReg(XPSR)
T66FC 009:494.030 - 0.022ms returns 0x01000000
T66FC 009:494.048 JLINK_ReadReg(PSP_NS)
T66FC 009:494.066 - 0.017ms returns 0x00000000
T66FC 009:497.969 JLINK_WriteMemEx(0x4000F054, 0x00000001 Bytes, Flags = 0x00000001)
T66FC 009:498.053   Data:  01
T66FC 009:498.434   CPU_WriteMem(1 bytes @ 0x4000F054)
T66FC 009:499.219 - 1.250ms returns 0x1
T66FC 009:499.286 JLINK_WriteMem(0x4000F055, 0x3 Bytes, ...)
T66FC 009:499.315   Data:  00 00 00
T66FC 009:499.364   CPU_WriteMem(3 bytes @ 0x4000F055)
T66FC 009:500.451 - 1.164ms returns 0x3
T66FC 009:501.442 JLINK_ReadMem(0x22003A90, 0x4 Bytes, ...)
T66FC 009:501.511   CPU_ReadMem(4 bytes @ 0x22003A90)
T66FC 009:502.190   Data:  00 00 00 00
T66FC 009:502.286 - 0.845ms returns 0
T66FC 009:502.322 JLINK_ReadMem(0x22003A6C, 0x4 Bytes, ...)
T66FC 009:502.358   CPU_ReadMem(4 bytes @ 0x22003A6C)
T66FC 009:503.012   Data:  60 D0 32 4B
T66FC 009:503.093 - 0.769ms returns 0
T66FC 009:503.138 JLINK_ReadMem(0x020135AC, 0x4 Bytes, ...)
T66FC 009:503.174    -- Read from flash cache (4 bytes @ 0x020135AC)
T66FC 009:503.223   Data:  04 00 00 00
T66FC 009:503.271 - 0.133ms returns 0
T66FC 009:503.349 JLINK_ReadRegs(NumRegs = 20)
T66FC 009:503.421   
  R0 (0)        = 0x00                 R1 (1)        = 0x00                 R2 (2)        = 0x00                 R3 (3)        = 0x00              
  R4 (4)        = 0x00                 R5 (5)        = 0x00                 R6 (6)        = 0x00                 R7 (7)        = 0x00              
  R8 (8)        = 0x00                 R9 (9)        = 0x00                 R10 (10)      = 0x00                 R11 (11)      = 0x00              
  R12 (12)      = 0x00                 R13 (SP) (13) = 0x220015C0           R14 (14)      = 0xFFFFFFFF           R15 (PC) (15) = 0x20096C0         
  XPSR (16)     = 0x1000000            MSPLIM (86)   = 0x00                 PSPLIM (87)   = 0x00                 CFBP (20)     = 0x00              
T66FC 009:503.475 - 0.127ms returns 0x00
T66FC 009:505.344 JLINK_ReadMem(0x020096C0, 0x4 Bytes, ...)
T66FC 009:505.408    -- Read from flash cache (4 bytes @ 0x020096C0)
T66FC 009:505.455   Data:  00 F0 06 F8
T66FC 009:505.503 - 0.159ms returns 0
T66FC 009:506.157 JLINK_ReadMem(0x22003A90, 0x4 Bytes, ...)
T66FC 009:506.252   CPU_ReadMem(4 bytes @ 0x22003A90)
T66FC 009:506.974   Data:  00 00 00 00
T66FC 009:507.042 - 0.886ms returns 0
T66FC 009:507.078 JLINK_ReadMem(0x22003A6C, 0x4 Bytes, ...)
T66FC 009:507.111   CPU_ReadMem(4 bytes @ 0x22003A6C)
T66FC 009:507.823   Data:  60 D0 32 4B
T66FC 009:507.884 - 0.805ms returns 0
T66FC 009:507.910 JLINK_ReadMem(0x020135AC, 0x4 Bytes, ...)
T66FC 009:507.930    -- Read from flash cache (4 bytes @ 0x020135AC)
T66FC 009:507.955   Data:  04 00 00 00
T66FC 009:507.979 - 0.070ms returns 0
T66FC 009:508.030 JLINK_ReadReg(XPSR)
T66FC 009:508.053 - 0.022ms returns 0x01000000
T66FC 009:508.070 JLINK_ReadReg(MSP_S)
T66FC 009:508.090 - 0.019ms returns 0x220015C0
T66FC 009:508.706 JLINK_ReadMem(0x22003A90, 0x4 Bytes, ...)
T66FC 009:508.803   CPU_ReadMem(4 bytes @ 0x22003A90)
T66FC 009:509.560   Data:  00 00 00 00
T66FC 009:509.646 - 0.940ms returns 0
T66FC 009:509.677 JLINK_ReadMem(0x22003A6C, 0x4 Bytes, ...)
T66FC 009:509.702   CPU_ReadMem(4 bytes @ 0x22003A6C)
T66FC 009:510.408   Data:  60 D0 32 4B
T66FC 009:510.527 - 0.851ms returns 0
T66FC 009:510.560 JLINK_ReadMem(0x020135AC, 0x4 Bytes, ...)
T66FC 009:510.583    -- Read from flash cache (4 bytes @ 0x020135AC)
T66FC 009:510.610   Data:  04 00 00 00
T66FC 009:510.643 - 0.083ms returns 0
T66FC 009:510.714 JLINK_ReadReg(XPSR)
T66FC 009:510.753 - 0.038ms returns 0x01000000
T66FC 009:510.799 JLINK_ReadReg(MSP_NS)
T66FC 009:510.832 - 0.033ms returns 0x00000000
T66FC 009:511.489 JLINK_ReadMem(0x22003A90, 0x4 Bytes, ...)
T66FC 009:511.590   CPU_ReadMem(4 bytes @ 0x22003A90)
T66FC 009:512.422   Data:  00 00 00 00
T66FC 009:512.486 - 1.000ms returns 0
T66FC 009:512.514 JLINK_ReadMem(0x22003A6C, 0x4 Bytes, ...)
T66FC 009:512.546   CPU_ReadMem(4 bytes @ 0x22003A6C)
T66FC 009:513.308   Data:  60 D0 32 4B
T66FC 009:513.374 - 0.860ms returns 0
T66FC 009:513.405 JLINK_ReadMem(0x020135AC, 0x4 Bytes, ...)
T66FC 009:513.426    -- Read from flash cache (4 bytes @ 0x020135AC)
T66FC 009:513.450   Data:  04 00 00 00
T66FC 009:513.478 - 0.073ms returns 0
T66FC 009:513.530 JLINK_ReadReg(XPSR)
T66FC 009:513.566 - 0.035ms returns 0x01000000
T66FC 009:513.584 JLINK_ReadReg(PSP_S)
T66FC 009:513.604 - 0.020ms returns 0x00000000
T66FC 009:514.356 JLINK_ReadMem(0x22003A90, 0x4 Bytes, ...)
T66FC 009:514.454   CPU_ReadMem(4 bytes @ 0x22003A90)
T66FC 009:515.122   Data:  00 00 00 00
T66FC 009:515.198 - 0.842ms returns 0
T66FC 009:515.227 JLINK_ReadMem(0x22003A6C, 0x4 Bytes, ...)
T66FC 009:515.251   CPU_ReadMem(4 bytes @ 0x22003A6C)
T66FC 009:515.926   Data:  60 D0 32 4B
T66FC 009:516.005 - 0.777ms returns 0
T66FC 009:516.060 JLINK_ReadMem(0x020135AC, 0x4 Bytes, ...)
T66FC 009:516.082    -- Read from flash cache (4 bytes @ 0x020135AC)
T66FC 009:516.118   Data:  04 00 00 00
T66FC 009:516.172 - 0.128ms returns 0
T66FC 009:516.241 JLINK_ReadReg(XPSR)
T66FC 009:516.272 - 0.031ms returns 0x01000000
T66FC 009:516.298 JLINK_ReadReg(PSP_NS)
T66FC 009:516.322 - 0.024ms returns 0x00000000
T66FC 009:517.591 JLINK_WriteMemEx(0x4000F044, 0x00000004 Bytes, Flags = 0x00000004)
T66FC 009:517.648   Data:  00 02 04 02
T66FC 009:517.686   CPU_WriteMem(4 bytes @ 0x4000F044)
T66FC 009:518.340 - 0.748ms returns 0x4
T66FC 009:518.981 JLINK_ReadMem(0x22003A90, 0x4 Bytes, ...)
T66FC 009:519.041   CPU_ReadMem(4 bytes @ 0x22003A90)
T66FC 009:519.698   Data:  00 00 00 00
T66FC 009:519.778 - 0.796ms returns 0
T66FC 009:519.817 JLINK_ReadMem(0x22003A6C, 0x4 Bytes, ...)
T66FC 009:519.843   CPU_ReadMem(4 bytes @ 0x22003A6C)
T66FC 009:520.458   Data:  60 D0 32 4B
T66FC 009:520.507 - 0.690ms returns 0
T66FC 009:520.531 JLINK_ReadMem(0x020135AC, 0x4 Bytes, ...)
T66FC 009:520.550    -- Read from flash cache (4 bytes @ 0x020135AC)
T66FC 009:520.575   Data:  04 00 00 00
T66FC 009:520.604 - 0.073ms returns 0
T66FC 009:520.664 JLINK_ReadRegs(NumRegs = 20)
T66FC 009:520.701   
  R0 (0)        = 0x00                 R1 (1)        = 0x00                 R2 (2)        = 0x00                 R3 (3)        = 0x00              
  R4 (4)        = 0x00                 R5 (5)        = 0x00                 R6 (6)        = 0x00                 R7 (7)        = 0x00              
  R8 (8)        = 0x00                 R9 (9)        = 0x00                 R10 (10)      = 0x00                 R11 (11)      = 0x00              
  R12 (12)      = 0x00                 R13 (SP) (13) = 0x220015C0           R14 (14)      = 0xFFFFFFFF           R15 (PC) (15) = 0x20096C0         
  XPSR (16)     = 0x1000000            MSPLIM (86)   = 0x00                 PSPLIM (87)   = 0x00                 CFBP (20)     = 0x00              
T66FC 009:520.727 - 0.063ms returns 0x00
T66FC 009:521.428 JLINK_ReadMem(0x020096C0, 0x4 Bytes, ...)
T66FC 009:521.482    -- Read from flash cache (4 bytes @ 0x020096C0)
T66FC 009:521.507   Data:  00 F0 06 F8
T66FC 009:521.532 - 0.104ms returns 0
T66FC 009:522.074 JLINK_ReadMem(0x22003A90, 0x4 Bytes, ...)
T66FC 009:522.132   CPU_ReadMem(4 bytes @ 0x22003A90)
T66FC 009:522.826   Data:  00 00 00 00
T66FC 009:522.887 - 0.813ms returns 0
T66FC 009:522.927 JLINK_ReadMem(0x22003A6C, 0x4 Bytes, ...)
T66FC 009:522.961   CPU_ReadMem(4 bytes @ 0x22003A6C)
T66FC 009:523.672   Data:  60 D0 32 4B
T66FC 009:523.717 - 0.795ms returns 0
T66FC 009:523.738 JLINK_ReadMem(0x020135AC, 0x4 Bytes, ...)
T66FC 009:523.756    -- Read from flash cache (4 bytes @ 0x020135AC)
T66FC 009:523.781   Data:  04 00 00 00
T66FC 009:523.805 - 0.066ms returns 0
T66FC 009:523.846 JLINK_ReadReg(XPSR)
T66FC 009:523.866 - 0.019ms returns 0x01000000
T66FC 009:523.883 JLINK_ReadReg(MSP_S)
T66FC 009:523.902 - 0.018ms returns 0x220015C0
T66FC 009:524.543 JLINK_ReadMem(0x22003A90, 0x4 Bytes, ...)
T66FC 009:524.625   CPU_ReadMem(4 bytes @ 0x22003A90)
T66FC 009:525.339   Data:  00 00 00 00
T66FC 009:525.406 - 0.862ms returns 0
T66FC 009:525.451 JLINK_ReadMem(0x22003A6C, 0x4 Bytes, ...)
T66FC 009:525.481   CPU_ReadMem(4 bytes @ 0x22003A6C)
T66FC 009:526.257   Data:  60 D0 32 4B
T66FC 009:526.319 - 0.868ms returns 0
T66FC 009:526.349 JLINK_ReadMem(0x020135AC, 0x4 Bytes, ...)
T66FC 009:526.370    -- Read from flash cache (4 bytes @ 0x020135AC)
T66FC 009:526.395   Data:  04 00 00 00
T66FC 009:526.430 - 0.081ms returns 0
T66FC 009:526.502 JLINK_ReadReg(XPSR)
T66FC 009:526.546 - 0.043ms returns 0x01000000
T66FC 009:526.578 JLINK_ReadReg(MSP_NS)
T66FC 009:526.618 - 0.039ms returns 0x00000000
T66FC 009:527.325 JLINK_ReadMem(0x22003A90, 0x4 Bytes, ...)
T66FC 009:527.421   CPU_ReadMem(4 bytes @ 0x22003A90)
T66FC 009:528.087   Data:  00 00 00 00
T66FC 009:528.157 - 0.832ms returns 0
T66FC 009:528.192 JLINK_ReadMem(0x22003A6C, 0x4 Bytes, ...)
T66FC 009:528.229   CPU_ReadMem(4 bytes @ 0x22003A6C)
T66FC 009:528.912   Data:  60 D0 32 4B
T66FC 009:528.976 - 0.783ms returns 0
T66FC 009:529.006 JLINK_ReadMem(0x020135AC, 0x4 Bytes, ...)
T66FC 009:529.033    -- Read from flash cache (4 bytes @ 0x020135AC)
T66FC 009:529.070   Data:  04 00 00 00
T66FC 009:529.109 - 0.102ms returns 0
T66FC 009:529.169 JLINK_ReadReg(XPSR)
T66FC 009:529.193 - 0.024ms returns 0x01000000
T66FC 009:529.213 JLINK_ReadReg(PSP_S)
T66FC 009:529.232 - 0.019ms returns 0x00000000
T66FC 009:529.814 JLINK_ReadMem(0x22003A90, 0x4 Bytes, ...)
T66FC 009:529.870   CPU_ReadMem(4 bytes @ 0x22003A90)
T66FC 009:530.540   Data:  00 00 00 00
T66FC 009:530.597 - 0.783ms returns 0
T66FC 009:530.620 JLINK_ReadMem(0x22003A6C, 0x4 Bytes, ...)
T66FC 009:530.649   CPU_ReadMem(4 bytes @ 0x22003A6C)
T66FC 009:531.373   Data:  60 D0 32 4B
T66FC 009:531.458 - 0.837ms returns 0
T66FC 009:532.342 JLINK_ReadMem(0x020135AC, 0x4 Bytes, ...)
T66FC 009:532.419    -- Read from flash cache (4 bytes @ 0x020135AC)
T66FC 009:532.470   Data:  04 00 00 00
T66FC 009:532.509 - 0.169ms returns 0
T66FC 009:532.583 JLINK_ReadReg(XPSR)
T66FC 009:532.633 - 0.049ms returns 0x01000000
T66FC 009:532.661 JLINK_ReadReg(PSP_NS)
T66FC 009:532.687 - 0.026ms returns 0x00000000
T66FC 009:535.425 JLINK_WriteMemEx(0x4000F064, 0x00000002 Bytes, Flags = 0x00000002)
T66FC 009:535.477   Data:  01 A5
T66FC 009:535.519   CPU_WriteMem(2 bytes @ 0x4000F064)
T66FC 009:536.201 - 0.776ms returns 0x2
T66FC 009:536.262 JLINK_WriteMem(0x4000F066, 0x2 Bytes, ...)
T66FC 009:536.288   Data:  00 00
T66FC 009:536.334   CPU_WriteMem(2 bytes @ 0x4000F066)
T66FC 009:537.028 - 0.766ms returns 0x2
T66FC 009:537.743 JLINK_ReadMem(0x22003A90, 0x4 Bytes, ...)
T66FC 009:537.823   CPU_ReadMem(4 bytes @ 0x22003A90)
T66FC 009:538.507   Data:  00 00 00 00
T66FC 009:538.574 - 0.831ms returns 0
T66FC 009:538.608 JLINK_ReadMem(0x22003A6C, 0x4 Bytes, ...)
T66FC 009:538.640   CPU_ReadMem(4 bytes @ 0x22003A6C)
T66FC 009:539.362   Data:  60 D0 32 4B
T66FC 009:539.419 - 0.812ms returns 0
T66FC 009:539.452 JLINK_ReadMem(0x020135AC, 0x4 Bytes, ...)
T66FC 009:539.479    -- Read from flash cache (4 bytes @ 0x020135AC)
T66FC 009:539.514   Data:  04 00 00 00
T66FC 009:539.550 - 0.098ms returns 0
T66FC 009:539.632 JLINK_ReadRegs(NumRegs = 20)
T66FC 009:539.684   
  R0 (0)        = 0x00                 R1 (1)        = 0x00                 R2 (2)        = 0x00                 R3 (3)        = 0x00              
  R4 (4)        = 0x00                 R5 (5)        = 0x00                 R6 (6)        = 0x00                 R7 (7)        = 0x00              
  R8 (8)        = 0x00                 R9 (9)        = 0x00                 R10 (10)      = 0x00                 R11 (11)      = 0x00              
  R12 (12)      = 0x00                 R13 (SP) (13) = 0x220015C0           R14 (14)      = 0xFFFFFFFF           R15 (PC) (15) = 0x20096C0         
  XPSR (16)     = 0x1000000            MSPLIM (86)   = 0x00                 PSPLIM (87)   = 0x00                 CFBP (20)     = 0x00              
T66FC 009:539.728 - 0.095ms returns 0x00
T66FC 009:540.426 JLINK_ReadMem(0x020096C0, 0x4 Bytes, ...)
T66FC 009:540.503    -- Read from flash cache (4 bytes @ 0x020096C0)
T66FC 009:540.545   Data:  00 F0 06 F8
T66FC 009:540.586 - 0.160ms returns 0
T66FC 009:541.027 JLINK_ReadMem(0x22003A90, 0x4 Bytes, ...)
T66FC 009:541.079   CPU_ReadMem(4 bytes @ 0x22003A90)
T66FC 009:541.831   Data:  00 00 00 00
T66FC 009:541.905 - 0.878ms returns 0
T66FC 009:541.931 JLINK_ReadMem(0x22003A6C, 0x4 Bytes, ...)
T66FC 009:541.955   CPU_ReadMem(4 bytes @ 0x22003A6C)
T66FC 009:542.817   Data:  60 D0 32 4B
T66FC 009:542.965 - 1.032ms returns 0
T66FC 009:543.003 JLINK_ReadMem(0x020135AC, 0x4 Bytes, ...)
T66FC 009:543.041    -- Read from flash cache (4 bytes @ 0x020135AC)
T66FC 009:543.077   Data:  04 00 00 00
T66FC 009:543.112 - 0.109ms returns 0
T66FC 009:543.185 JLINK_ReadReg(XPSR)
T66FC 009:543.221 - 0.035ms returns 0x01000000
T66FC 009:543.246 JLINK_ReadReg(MSP_S)
T66FC 009:543.270 - 0.024ms returns 0x220015C0
T66FC 009:543.973 JLINK_ReadMem(0x22003A90, 0x4 Bytes, ...)
T66FC 009:544.092   CPU_ReadMem(4 bytes @ 0x22003A90)
T66FC 009:544.899   Data:  00 00 00 00
T66FC 009:544.965 - 0.992ms returns 0
T66FC 009:545.002 JLINK_ReadMem(0x22003A6C, 0x4 Bytes, ...)
T66FC 009:545.028   CPU_ReadMem(4 bytes @ 0x22003A6C)
T66FC 009:545.747   Data:  60 D0 32 4B
T66FC 009:545.817 - 0.815ms returns 0
T66FC 009:545.851 JLINK_ReadMem(0x020135AC, 0x4 Bytes, ...)
T66FC 009:545.878    -- Read from flash cache (4 bytes @ 0x020135AC)
T66FC 009:545.910   Data:  04 00 00 00
T66FC 009:545.935 - 0.083ms returns 0
T66FC 009:545.994 JLINK_ReadReg(XPSR)
T66FC 009:546.018 - 0.024ms returns 0x01000000
T66FC 009:546.037 JLINK_ReadReg(MSP_NS)
T66FC 009:546.054 - 0.017ms returns 0x00000000
T66FC 009:546.651 JLINK_ReadMem(0x22003A90, 0x4 Bytes, ...)
T66FC 009:546.754   CPU_ReadMem(4 bytes @ 0x22003A90)
T66FC 009:547.411   Data:  00 00 00 00
T66FC 009:547.471 - 0.819ms returns 0
T66FC 009:547.497 JLINK_ReadMem(0x22003A6C, 0x4 Bytes, ...)
T66FC 009:547.522   CPU_ReadMem(4 bytes @ 0x22003A6C)
T66FC 009:548.216   Data:  60 D0 32 4B
T66FC 009:548.277 - 0.779ms returns 0
T66FC 009:548.307 JLINK_ReadMem(0x020135AC, 0x4 Bytes, ...)
T66FC 009:548.335    -- Read from flash cache (4 bytes @ 0x020135AC)
T66FC 009:548.374   Data:  04 00 00 00
T66FC 009:548.413 - 0.105ms returns 0
T66FC 009:548.481 JLINK_ReadReg(XPSR)
T66FC 009:548.518 - 0.036ms returns 0x01000000
T66FC 009:548.545 JLINK_ReadReg(PSP_S)
T66FC 009:548.567 - 0.022ms returns 0x00000000
T66FC 009:549.126 JLINK_ReadMem(0x22003A90, 0x4 Bytes, ...)
T66FC 009:549.181   CPU_ReadMem(4 bytes @ 0x22003A90)
T66FC 009:549.805   Data:  00 00 00 00
T66FC 009:549.853 - 0.726ms returns 0
T66FC 009:549.874 JLINK_ReadMem(0x22003A6C, 0x4 Bytes, ...)
T66FC 009:549.898   CPU_ReadMem(4 bytes @ 0x22003A6C)
T66FC 009:550.555   Data:  60 D0 32 4B
T66FC 009:550.606 - 0.731ms returns 0
T66FC 009:550.630 JLINK_ReadMem(0x020135AC, 0x4 Bytes, ...)
T66FC 009:550.650    -- Read from flash cache (4 bytes @ 0x020135AC)
T66FC 009:550.675   Data:  04 00 00 00
T66FC 009:550.703 - 0.072ms returns 0
T66FC 009:550.754 JLINK_ReadReg(XPSR)
T66FC 009:550.776 - 0.022ms returns 0x01000000
T66FC 009:550.794 JLINK_ReadReg(PSP_NS)
T66FC 009:550.812 - 0.018ms returns 0x00000000
T66FC 009:664.882 JLINK_ReadMem(0x22003A90, 0x4 Bytes, ...)
T66FC 009:664.988   CPU_ReadMem(4 bytes @ 0x22003A90)
T66FC 009:665.753   Data:  00 00 00 00
T66FC 009:665.836 - 0.955ms returns 0
T66FC 009:665.874 JLINK_ReadMem(0x22003A6C, 0x4 Bytes, ...)
T66FC 009:665.917   CPU_ReadMem(4 bytes @ 0x22003A6C)
T66FC 009:666.758   Data:  60 D0 32 4B
T66FC 009:666.830 - 0.956ms returns 0
T66FC 009:666.859 JLINK_ReadMem(0x020135AC, 0x4 Bytes, ...)
T66FC 009:666.882    -- Read from flash cache (4 bytes @ 0x020135AC)
T66FC 009:666.907   Data:  04 00 00 00
T66FC 009:666.935 - 0.076ms returns 0
T66FC 009:668.061 JLINK_ReadMem(0x22003A90, 0x4 Bytes, ...)
T66FC 009:668.166   CPU_ReadMem(4 bytes @ 0x22003A90)
T66FC 009:668.862   Data:  00 00 00 00
T66FC 009:668.941 - 0.881ms returns 0
T66FC 009:668.976 JLINK_ReadMem(0x22003A6C, 0x4 Bytes, ...)
T66FC 009:669.013   CPU_ReadMem(4 bytes @ 0x22003A6C)
T66FC 009:669.659   Data:  60 D0 32 4B
T66FC 009:669.746 - 0.770ms returns 0
T66FC 009:669.780 JLINK_ReadMem(0x020135AC, 0x4 Bytes, ...)
T66FC 009:669.806    -- Read from flash cache (4 bytes @ 0x020135AC)
T66FC 009:669.838   Data:  04 00 00 00
T66FC 009:669.870 - 0.090ms returns 0
T66FC 009:669.933 JLINK_ReadRegs(NumRegs = 20)
T66FC 009:669.987   
  R0 (0)        = 0x00                 R1 (1)        = 0x00                 R2 (2)        = 0x00                 R3 (3)        = 0x00              
  R4 (4)        = 0x00                 R5 (5)        = 0x00                 R6 (6)        = 0x00                 R7 (7)        = 0x00              
  R8 (8)        = 0x00                 R9 (9)        = 0x00                 R10 (10)      = 0x00                 R11 (11)      = 0x00              
  R12 (12)      = 0x00                 R13 (SP) (13) = 0x220015C0           R14 (14)      = 0xFFFFFFFF           R15 (PC) (15) = 0x20096C0         
  XPSR (16)     = 0x1000000            MSPLIM (86)   = 0x00                 PSPLIM (87)   = 0x00                 CFBP (20)     = 0x00              
T66FC 009:670.027 - 0.093ms returns 0x00
T66FC 009:670.672 JLINK_ReadMem(0x22003A90, 0x4 Bytes, ...)
T66FC 009:670.746   CPU_ReadMem(4 bytes @ 0x22003A90)
T66FC 009:671.394   Data:  00 00 00 00
T66FC 009:671.442 - 0.771ms returns 0
T66FC 009:671.475 JLINK_ReadMem(0x22003A6C, 0x4 Bytes, ...)
T66FC 009:671.503   CPU_ReadMem(4 bytes @ 0x22003A6C)
T66FC 009:672.152   Data:  60 D0 32 4B
T66FC 009:672.205 - 0.730ms returns 0
T66FC 009:672.231 JLINK_ReadMem(0x020135AC, 0x4 Bytes, ...)
T66FC 009:672.251    -- Read from flash cache (4 bytes @ 0x020135AC)
T66FC 009:672.282   Data:  04 00 00 00
T66FC 009:672.308 - 0.077ms returns 0
T66FC 009:672.335 JLINK_ReadMem(0x22003A90, 0x4 Bytes, ...)
T66FC 009:672.358   CPU_ReadMem(4 bytes @ 0x22003A90)
T66FC 009:673.034   Data:  00 00 00 00
T66FC 009:673.131 - 0.795ms returns 0
T66FC 009:673.166 JLINK_ReadMem(0x22003A6C, 0x4 Bytes, ...)
T66FC 009:673.204   CPU_ReadMem(4 bytes @ 0x22003A6C)
T66FC 009:673.869   Data:  60 D0 32 4B
T66FC 009:673.939 - 0.773ms returns 0
T66FC 009:673.978 JLINK_ReadMem(0x020135AC, 0x4 Bytes, ...)
T66FC 009:674.010    -- Read from flash cache (4 bytes @ 0x020135AC)
T66FC 009:674.053   Data:  04 00 00 00
T66FC 009:674.094 - 0.117ms returns 0
T66FC 009:675.086 JLINK_ReadMem(0x020096C0, 0x4 Bytes, ...)
T66FC 009:675.144    -- Read from flash cache (4 bytes @ 0x020096C0)
T66FC 009:675.172   Data:  00 F0 06 F8
T66FC 009:675.197 - 0.112ms returns 0
T6064 009:789.586 JLINK_GetNumBPUnits(Type = 0xFFFFFF00)
T6064 009:789.694 - 0.108ms returns 0x08
T6064 009:789.725 JLINK_GetNumWPUnits()
T6064 009:789.752 - 0.027ms returns 8
T6064 009:790.557 JLINK_GetNumBPUnits(Type = 0xFFFFFF00)
T6064 009:790.646 - 0.089ms returns 0x08
T6064 009:790.686 JLINK_GetNumWPUnits()
T6064 009:790.721 - 0.035ms returns 8
T6064 009:791.375 JLINK_GetNumBPUnits(Type = 0xFFFFFF00)
T6064 009:791.455 - 0.079ms returns 0x08
T6064 009:791.490 JLINK_GetNumWPUnits()
T6064 009:791.534 - 0.044ms returns 8
T6064 009:792.234 JLINK_GetNumBPUnits(Type = 0xFFFFFF00)
T6064 009:792.372 - 0.155ms returns 0x08
T6064 009:792.402 JLINK_GetNumWPUnits()
T6064 009:792.428 - 0.025ms returns 8
T6064 009:793.283 JLINK_GetNumBPUnits(Type = 0xFFFFFF00)
T6064 009:793.352 - 0.068ms returns 0x08
T6064 009:793.376 JLINK_GetNumWPUnits()
T6064 009:793.399 - 0.023ms returns 8
T6064 009:793.894 JLINK_GetNumBPUnits(Type = 0xFFFFFF00)
T6064 009:793.974 - 0.080ms returns 0x08
T6064 009:794.017 JLINK_GetNumWPUnits()
T6064 009:794.043 - 0.026ms returns 8
T6064 009:794.583 JLINK_GetNumBPUnits(Type = 0xFFFFFF00)
T6064 009:794.677 - 0.077ms returns 0x08
T6064 009:794.703 JLINK_GetNumWPUnits()
T6064 009:794.728 - 0.024ms returns 8
T6064 009:795.168 JLINK_GetNumBPUnits(Type = 0xFFFFFF00)
T6064 009:795.231 - 0.062ms returns 0x08
T6064 009:795.267 JLINK_GetNumWPUnits()
T6064 009:795.290 - 0.022ms returns 8
T6064 009:822.134 JLINK_ReadReg(XPSR)
T6064 009:822.227 - 0.094ms returns 0x01000000
T6064 009:822.255 JLINK_ReadReg(R15 (PC))
T6064 009:822.280 - 0.025ms returns 0x020096C0
T66FC 010:161.894 JLINK_ReadMem(0x22003A90, 0x4 Bytes, ...)
T66FC 010:162.004   CPU_ReadMem(4 bytes @ 0x22003A90)
T66FC 010:162.818   Data:  00 00 00 00
T66FC 010:162.897 - 1.004ms returns 0
T66FC 010:162.945 JLINK_ReadMem(0x22003A6C, 0x4 Bytes, ...)
T66FC 010:162.993   CPU_ReadMem(4 bytes @ 0x22003A6C)
T66FC 010:163.833   Data:  60 D0 32 4B
T66FC 010:163.919 - 0.975ms returns 0
T66FC 010:163.973 JLINK_ReadMem(0x020135AC, 0x4 Bytes, ...)
T66FC 010:164.108    -- Read from flash cache (4 bytes @ 0x020135AC)
T66FC 010:164.197   Data:  04 00 00 00
T66FC 010:164.263 - 0.290ms returns 0
T66FC 010:164.318 JLINK_ReadMem(0x22003A90, 0x4 Bytes, ...)
T66FC 010:164.368   CPU_ReadMem(4 bytes @ 0x22003A90)
T66FC 010:165.107   Data:  00 00 00 00
T66FC 010:165.276 - 0.957ms returns 0
T66FC 010:165.334 JLINK_ReadMem(0x22003A6C, 0x4 Bytes, ...)
T66FC 010:165.397   CPU_ReadMem(4 bytes @ 0x22003A6C)
T66FC 010:166.220   Data:  60 D0 32 4B
T66FC 010:166.288 - 0.954ms returns 0
T66FC 010:166.325 JLINK_ReadMem(0x020135AC, 0x4 Bytes, ...)
T66FC 010:166.355    -- Read from flash cache (4 bytes @ 0x020135AC)
T66FC 010:166.398   Data:  04 00 00 00
T66FC 010:166.436 - 0.111ms returns 0
T66FC 010:167.710 JLINK_ReadMem(0x020096C0, 0x4 Bytes, ...)
T66FC 010:167.791    -- Read from flash cache (4 bytes @ 0x020096C0)
T66FC 010:167.834   Data:  00 F0 06 F8
T66FC 010:167.873 - 0.168ms returns 0
T66FC 014:169.206 JLINK_ReadMem(0x22003A90, 0x4 Bytes, ...)
T66FC 014:169.330   CPU_ReadMem(4 bytes @ 0x22003A90)
T66FC 014:170.208   Data:  00 00 00 00
T66FC 014:170.330 - 1.123ms returns 0
T66FC 014:170.378 JLINK_ReadMem(0x22003A6C, 0x4 Bytes, ...)
T66FC 014:170.424   CPU_ReadMem(4 bytes @ 0x22003A6C)
T66FC 014:171.323   Data:  60 D0 32 4B
T66FC 014:171.414 - 1.037ms returns 0
T66FC 014:171.454 JLINK_ReadMem(0x020135AC, 0x4 Bytes, ...)
T66FC 014:171.485    -- Read from flash cache (4 bytes @ 0x020135AC)
T66FC 014:171.523   Data:  04 00 00 00
T66FC 014:171.563 - 0.108ms returns 0
T66FC 014:171.602 JLINK_ReadMem(0x22003A90, 0x4 Bytes, ...)
T66FC 014:171.635   CPU_ReadMem(4 bytes @ 0x22003A90)
T66FC 014:172.402   Data:  00 00 00 00
T66FC 014:172.528 - 0.926ms returns 0
T66FC 014:172.584 JLINK_ReadMem(0x22003A6C, 0x4 Bytes, ...)
T66FC 014:172.645   CPU_ReadMem(4 bytes @ 0x22003A6C)
T66FC 014:173.530   Data:  60 D0 32 4B
T66FC 014:173.653 - 1.068ms returns 0
T66FC 014:173.715 JLINK_ReadMem(0x020135AC, 0x4 Bytes, ...)
T66FC 014:173.766    -- Read from flash cache (4 bytes @ 0x020135AC)
T66FC 014:173.827   Data:  04 00 00 00
T66FC 014:173.893 - 0.178ms returns 0
T66FC 014:176.181 JLINK_ReadMem(0x22003A90, 0x4 Bytes, ...)
T66FC 014:176.400   CPU_ReadMem(4 bytes @ 0x22003A90)
T66FC 014:177.299   Data:  00 00 00 00
T66FC 014:177.483 - 1.304ms returns 0
T66FC 014:177.586 JLINK_ReadMem(0x22003A6C, 0x4 Bytes, ...)
T66FC 014:177.667   CPU_ReadMem(4 bytes @ 0x22003A6C)
T66FC 014:178.427   Data:  60 D0 32 4B
T66FC 014:178.581 - 0.996ms returns 0
T66FC 014:179.422 JLINK_ReadMem(0x020135AC, 0x4 Bytes, ...)
T66FC 014:179.488    -- Read from flash cache (4 bytes @ 0x020135AC)
T66FC 014:179.515   Data:  04 00 00 00
T66FC 014:179.541 - 0.118ms returns 0
T66FC 014:179.574 JLINK_ReadMem(0x22003A90, 0x4 Bytes, ...)
T66FC 014:179.603   CPU_ReadMem(4 bytes @ 0x22003A90)
T66FC 014:180.496   Data:  00 00 00 00
T66FC 014:180.651 - 1.075ms returns 0
T66FC 014:180.726 JLINK_ReadMem(0x22003A6C, 0x4 Bytes, ...)
T66FC 014:180.792   CPU_ReadMem(4 bytes @ 0x22003A6C)
T66FC 014:181.571   Data:  60 D0 32 4B
T66FC 014:181.624 - 0.899ms returns 0
T66FC 014:181.650 JLINK_ReadMem(0x020135AC, 0x4 Bytes, ...)
T66FC 014:181.669    -- Read from flash cache (4 bytes @ 0x020135AC)
T66FC 014:181.694   Data:  04 00 00 00
T66FC 014:181.720 - 0.070ms returns 0
T66FC 031:804.388 JLINK_ReadMem(0x22003A90, 0x4 Bytes, ...)
T66FC 031:804.460   CPU_ReadMem(4 bytes @ 0x22003A90)
T66FC 031:805.158   Data:  00 00 00 00
T66FC 031:805.248 - 0.861ms returns 0
T66FC 031:805.284 JLINK_ReadMem(0x22003A6C, 0x4 Bytes, ...)
T66FC 031:805.324   CPU_ReadMem(4 bytes @ 0x22003A6C)
T66FC 031:806.020   Data:  60 D0 32 4B
T66FC 031:806.080 - 0.796ms returns 0
T66FC 031:806.106 JLINK_ReadMem(0x020135AC, 0x4 Bytes, ...)
T66FC 031:806.134    -- Read from flash cache (4 bytes @ 0x020135AC)
T66FC 031:806.170   Data:  04 00 00 00
T66FC 031:806.196 - 0.089ms returns 0
T66FC 031:806.262 JLINK_IsHalted()
T66FC 031:806.704 - 0.440ms returns TRUE
T66FC 031:806.774 JLINK_GoEx(MaxEmulInsts = 0, Flags = 0x01)
T66FC 031:807.008   CPU_WriteMem(4 bytes @ 0xE0002000)
T66FC 031:807.392   CPU_WriteMem(4 bytes @ 0xE0002000)
T66FC 031:807.872   CPU_ReadMem(4 bytes @ 0xE0001000)
T66FC 031:808.400   CPU_WriteMem(4 bytes @ 0xE0002008)
T66FC 031:808.470   CPU_WriteMem(4 bytes @ 0xE000200C)
T66FC 031:808.506   CPU_WriteMem(4 bytes @ 0xE0002010)
T66FC 031:808.538   CPU_WriteMem(4 bytes @ 0xE0002014)
T66FC 031:808.572   CPU_WriteMem(4 bytes @ 0xE0002018)
T66FC 031:808.604   CPU_WriteMem(4 bytes @ 0xE000201C)
T66FC 031:808.688   CPU_WriteMem(4 bytes @ 0xE0002020)
T66FC 031:808.756   CPU_WriteMem(4 bytes @ 0xE0002024)
T66FC 031:810.602   CPU_WriteMem(4 bytes @ 0xE0001004)
T66FC 031:812.054   Memory map 'after startup completion point' is active
T66FC 031:812.150 - 5.377ms 
T66FC 031:913.018 JLINK_IsHalted()
T66FC 031:913.604 - 0.582ms returns FALSE
T66FC 031:913.760 JLINK_IsHalted()
T66FC 031:914.224 - 0.464ms returns FALSE
T66FC 032:022.838 JLINK_IsHalted()
T66FC 032:026.986 - 4.147ms returns TRUE
T66FC 032:027.084 JLINK_ReadReg(XPSR)
T66FC 032:027.104   CPU_ReadMem(4 bytes @ 0xE000EE08)
T66FC 032:027.606 - 0.519ms returns 0x41000000
T66FC 032:027.674 JLINK_ReadReg(R15 (PC))
T66FC 032:027.692 - 0.020ms returns 0x020002A2
T66FC 032:027.716 JLINK_ReadReg(XPSR)
T66FC 032:027.732 - 0.016ms returns 0x41000000
T66FC 032:027.748 JLINK_ReadReg(XPSR)
T66FC 032:027.764 - 0.015ms returns 0x41000000
T66FC 032:027.780 JLINK_ReadReg(R15 (PC))
T66FC 032:027.796 - 0.015ms returns 0x020002A2
T66FC 032:027.812 JLINK_ReadReg(XPSR)
T66FC 032:027.828 - 0.018ms returns 0x41000000
T66FC 032:027.844 JLINK_ReadReg(XPSR)
T66FC 032:027.860 - 0.015ms returns 0x41000000
T66FC 032:027.878 JLINK_ReadMem(0x020002A2, 0x1 Bytes, ...)
T66FC 032:027.898    -- Read from flash cache (1 bytes @ 0x020002A2)
T66FC 032:027.920   Data:  FF
T66FC 032:027.942 - 0.065ms returns 0
T66FC 032:027.958 JLINK_IsHalted()
T66FC 032:027.974 - 0.015ms returns TRUE
T66FC 032:027.990 JLINK_ReadReg(XPSR)
T66FC 032:028.006 - 0.017ms returns 0x41000000
T66FC 032:028.022 JLINK_ReadReg(XPSR)
T66FC 032:028.038 - 0.015ms returns 0x41000000
T66FC 032:028.054 JLINK_ReadReg(R15 (PC))
T66FC 032:028.070 - 0.015ms returns 0x020002A2
T66FC 032:028.086 JLINK_ReadReg(XPSR)
T66FC 032:028.102 - 0.015ms returns 0x41000000
T66FC 032:028.118 JLINK_ReadReg(XPSR)
T66FC 032:028.134 - 0.015ms returns 0x41000000
T66FC 032:028.150 JLINK_ReadMem(0x020002A2, 0x1 Bytes, ...)
T66FC 032:028.166    -- Read from flash cache (1 bytes @ 0x020002A2)
T66FC 032:028.188   Data:  FF
T66FC 032:028.208 - 0.059ms returns 0
T66FC 032:028.282 JLINK_IsHalted()
T66FC 032:028.300 - 0.017ms returns TRUE
T66FC 032:028.316 JLINK_ReadReg(XPSR)
T66FC 032:028.332 - 0.018ms returns 0x41000000
T66FC 032:028.352 JLINK_ReadReg(R15 (PC))
T66FC 032:028.368 - 0.017ms returns 0x020002A2
T66FC 032:028.388 JLINK_ReadReg(XPSR)
T66FC 032:028.404 - 0.017ms returns 0x41000000
T66FC 032:028.422 JLINK_ReadReg(XPSR)
T66FC 032:028.438 - 0.017ms returns 0x41000000
T66FC 032:028.460 JLINK_ReadReg(R15 (PC))
T66FC 032:028.476 - 0.017ms returns 0x020002A2
T66FC 032:028.496 JLINK_ReadReg(XPSR)
T66FC 032:028.512 - 0.018ms returns 0x41000000
T66FC 032:028.528 JLINK_ReadReg(XPSR)
T66FC 032:028.544 - 0.015ms returns 0x41000000
T66FC 032:028.560 JLINK_ReadMem(0x020002A2, 0x1 Bytes, ...)
T66FC 032:028.576    -- Read from flash cache (1 bytes @ 0x020002A2)
T66FC 032:028.598   Data:  FF
T66FC 032:028.620 - 0.060ms returns 0
T66FC 032:028.636 JLINK_IsHalted()
T66FC 032:028.652 - 0.015ms returns TRUE
T66FC 032:028.668 JLINK_ReadReg(XPSR)
T66FC 032:028.684 - 0.015ms returns 0x41000000
T66FC 032:028.698 JLINK_ReadReg(XPSR)
T66FC 032:028.716 - 0.018ms returns 0x41000000
T66FC 032:028.732 JLINK_ReadReg(R15 (PC))
T66FC 032:028.748 - 0.015ms returns 0x020002A2
T66FC 032:028.764 JLINK_ReadReg(XPSR)
T66FC 032:028.780 - 0.015ms returns 0x41000000
T66FC 032:028.796 JLINK_ReadReg(XPSR)
T66FC 032:028.812 - 0.015ms returns 0x41000000
T66FC 032:028.828 JLINK_ReadMem(0x020002A2, 0x1 Bytes, ...)
T66FC 032:028.848    -- Read from flash cache (1 bytes @ 0x020002A2)
T66FC 032:028.874   Data:  FF
T66FC 032:028.896 - 0.067ms returns 0
T66FC 032:028.918 JLINK_ReadMem(0x22003A90, 0x4 Bytes, ...)
T66FC 032:028.938   CPU_ReadMem(4 bytes @ 0x22003A90)
T66FC 032:030.074   Data:  00 00 00 00
T66FC 032:030.180 - 1.260ms returns 0
T66FC 032:030.212 JLINK_ReadMem(0x22003A6C, 0x4 Bytes, ...)
T66FC 032:030.236   CPU_ReadMem(4 bytes @ 0x22003A6C)
T66FC 032:031.508   Data:  60 D0 32 4B
T66FC 032:031.574 - 1.364ms returns 0
T66FC 032:031.600 JLINK_ReadMem(0x020135AC, 0x4 Bytes, ...)
T66FC 032:031.622    -- Read from flash cache (4 bytes @ 0x020135AC)
T66FC 032:031.644   Data:  04 00 00 00
T66FC 032:031.668 - 0.067ms returns 0
T66FC 032:032.992 JLINK_ReadMem(0x22003A90, 0x4 Bytes, ...)
T66FC 032:033.078   CPU_ReadMem(4 bytes @ 0x22003A90)
T66FC 032:034.032   Data:  00 00 00 00
T66FC 032:034.138 - 1.146ms returns 0
T66FC 032:034.166 JLINK_ReadMem(0x22003A6C, 0x4 Bytes, ...)
T66FC 032:034.196   CPU_ReadMem(4 bytes @ 0x22003A6C)
T66FC 032:035.548   Data:  60 D0 32 4B
T66FC 032:035.596 - 1.430ms returns 0
T66FC 032:035.622 JLINK_ReadMem(0x020135AC, 0x4 Bytes, ...)
T66FC 032:035.644    -- Read from flash cache (4 bytes @ 0x020135AC)
T66FC 032:035.670   Data:  04 00 00 00
T66FC 032:035.692 - 0.070ms returns 0
T66FC 032:035.740 JLINK_ReadRegs(NumRegs = 20)
T66FC 032:035.776   
  R0 (0)        = 0x00                 R1 (1)        = 0x200C954            R2 (2)        = 0x00                 R3 (3)        = 0x22001DB4        
  R4 (4)        = 0x00                 R5 (5)        = 0x00                 R6 (6)        = 0x00                 R7 (7)        = 0x00              
  R8 (8)        = 0x00                 R9 (9)        = 0x00                 R10 (10)      = 0x00                 R11 (11)      = 0x00              
  R12 (12)      = 0x22001D7C           R13 (SP) (13) = 0x220015B8           R14 (14)      = 0x20096C9            R15 (PC) (15) = 0x20002A2         
  XPSR (16)     = 0x41000000           MSPLIM (86)   = 0x220005C0           PSPLIM (87)   = 0x00                 CFBP (20)     = 0xC000000         
T66FC 032:035.802 - 0.058ms returns 0x00
T66FC 032:036.912 JLINK_ReadMem(0x22003A90, 0x4 Bytes, ...)
T66FC 032:037.004   CPU_ReadMem(4 bytes @ 0x22003A90)
T66FC 032:037.812   Data:  00 00 00 00
T66FC 032:037.894 - 0.982ms returns 0
T66FC 032:037.920 JLINK_ReadMem(0x22003A6C, 0x4 Bytes, ...)
T66FC 032:037.948   CPU_ReadMem(4 bytes @ 0x22003A6C)
T66FC 032:038.698   Data:  60 D0 32 4B
T66FC 032:038.812 - 0.892ms returns 0
T66FC 032:038.842 JLINK_ReadMem(0x020135AC, 0x4 Bytes, ...)
T66FC 032:038.864    -- Read from flash cache (4 bytes @ 0x020135AC)
T66FC 032:038.890   Data:  04 00 00 00
T66FC 032:038.912 - 0.071ms returns 0
T66FC 032:038.940 JLINK_ReadMem(0x22003A90, 0x4 Bytes, ...)
T66FC 032:038.964   CPU_ReadMem(4 bytes @ 0x22003A90)
T66FC 032:039.914   Data:  00 00 00 00
T66FC 032:040.016 - 1.075ms returns 0
T66FC 032:040.044 JLINK_ReadMem(0x22003A6C, 0x4 Bytes, ...)
T66FC 032:040.070   CPU_ReadMem(4 bytes @ 0x22003A6C)
T66FC 032:040.998   Data:  60 D0 32 4B
T66FC 032:041.046 - 0.999ms returns 0
T66FC 032:041.068 JLINK_ReadMem(0x020135AC, 0x4 Bytes, ...)
T66FC 032:041.084    -- Read from flash cache (4 bytes @ 0x020135AC)
T66FC 032:041.108   Data:  04 00 00 00
T66FC 032:041.130 - 0.062ms returns 0
T66FC 032:042.234 JLINK_ReadMem(0x020002A2, 0x4 Bytes, ...)
T66FC 032:042.276    -- Read from flash cache (4 bytes @ 0x020002A2)
T66FC 032:042.300   Data:  FF F7 DE FF
T66FC 032:042.326 - 0.095ms returns 0
T66FC 032:043.718 JLINK_ClrBPEx(BPHandle = 0x00000003)
T66FC 032:043.772 - 0.057ms returns 0x00
T66FC 032:043.792 JLINK_ClrBPEx(BPHandle = 0x00000004)
T66FC 032:043.808 - 0.016ms returns 0x00
T66FC 032:043.830 JLINK_SetBPEx(Addr = 0x0201040C, Type = 0xFFFFFF00)
T66FC 032:043.850 - 0.020ms returns 0x00000005
T66FC 032:044.294 JLINK_ClrBPEx(BPHandle = 0x00000005)
T66FC 032:044.336 - 0.041ms returns 0x00
T6064 032:047.508 JLINK_ReadReg(XPSR)
T6064 032:047.588 - 0.079ms returns 0x41000000
T6064 032:047.612 JLINK_ReadReg(R15 (PC))
T6064 032:047.632 - 0.018ms returns 0x020002A2
T6064 032:050.960 JLINK_IsHalted()
T6064 032:051.046 - 0.085ms returns TRUE
T6064 032:051.066 JLINK_ReadReg(XPSR)
T6064 032:051.092 - 0.023ms returns 0x41000000
T6064 032:051.116 JLINK_ReadReg(R15 (PC))
T6064 032:051.132 - 0.017ms returns 0x020002A2
T6064 032:051.152 JLINK_ReadReg(XPSR)
T6064 032:051.172 - 0.017ms returns 0x41000000
T6064 032:051.188 JLINK_ReadReg(XPSR)
T6064 032:051.206 - 0.017ms returns 0x41000000
T6064 032:051.226 JLINK_ReadReg(R15 (PC))
T6064 032:051.242 - 0.017ms returns 0x020002A2
T6064 032:051.260 JLINK_ReadReg(XPSR)
T6064 032:051.276 - 0.017ms returns 0x41000000
T6064 032:051.296 JLINK_ReadReg(XPSR)
T6064 032:051.312 - 0.018ms returns 0x41000000
T6064 032:051.354 JLINK_ReadMem(0x020002A2, 0x1 Bytes, ...)
T6064 032:051.376    -- Read from flash cache (1 bytes @ 0x020002A2)
T6064 032:051.408   Data:  FF
T6064 032:051.434 - 0.079ms returns 0
T6064 032:051.450 JLINK_IsHalted()
T6064 032:051.468 - 0.016ms returns TRUE
T6064 032:051.484 JLINK_ReadReg(XPSR)
T6064 032:051.500 - 0.017ms returns 0x41000000
T6064 032:051.520 JLINK_ReadReg(XPSR)
T6064 032:051.536 - 0.017ms returns 0x41000000
T6064 032:051.556 JLINK_ReadReg(R15 (PC))
T6064 032:051.572 - 0.017ms returns 0x020002A2
T6064 032:051.588 JLINK_ReadReg(XPSR)
T6064 032:051.606 - 0.017ms returns 0x41000000
T6064 032:051.622 JLINK_ReadReg(XPSR)
T6064 032:051.642 - 0.017ms returns 0x41000000
T6064 032:051.658 JLINK_ReadMem(0x020002A2, 0x1 Bytes, ...)
T6064 032:051.676    -- Read from flash cache (1 bytes @ 0x020002A2)
T6064 032:051.702   Data:  FF
T6064 032:051.728 - 0.071ms returns 0
T6064 032:051.786 JLINK_ReadMem(0xE0001000, 0x4 Bytes, ...)
T6064 032:051.808   CPU_ReadMem(4 bytes @ 0xE0001000)
T6064 032:052.266   Data:  01 00 00 80
T6064 032:052.330   Debug reg: DWT_CTRL
T6064 032:052.364 - 0.578ms returns 0
T6064 032:052.400 JLINK_WriteMem(0xE0001FB0, 0x8 Bytes, ...)
T6064 032:052.416   Data:  00 00 00 00 55 CE AC C5
T6064 032:052.624   CPU_WriteMem(8 bytes @ 0xE0001FB0)
T6064 032:053.092 - 0.690ms returns 0x8
T6064 032:053.124 JLINK_ReadMem(0xE000EDFC, 0x4 Bytes, ...)
T6064 032:053.148   CPU_ReadMem(4 bytes @ 0xE000EDFC)
T6064 032:053.468   Data:  00 00 10 01
T6064 032:053.532   Debug reg: DEMCR
T6064 032:053.574 - 0.449ms returns 0
T6064 032:055.968 JLINK_ReadMem(0xE0001004, 0x4 Bytes, ...)
T6064 032:056.070   CPU_ReadMem(4 bytes @ 0xE0001004)
T6064 032:056.592   Data:  3C C9 81 07
T6064 032:056.662   Debug reg: DWT_CYCCNT
T6064 032:056.688 - 0.719ms returns 0
T66FC 032:084.742 JLINK_ReadMem(0x020002A2, 0x4 Bytes, ...)
T66FC 032:084.844    -- Read from flash cache (4 bytes @ 0x020002A2)
T66FC 032:084.880   Data:  FF F7 DE FF
T66FC 032:084.912 - 0.170ms returns 0
T66FC 032:130.372 JLINK_ReadMem(0x22003A90, 0x4 Bytes, ...)
T66FC 032:130.508   CPU_ReadMem(4 bytes @ 0x22003A90)
T66FC 032:131.302   Data:  00 00 00 00
T66FC 032:131.372 - 1.000ms returns 0
T66FC 032:131.404 JLINK_ReadMem(0x22003A6C, 0x4 Bytes, ...)
T66FC 032:131.430   CPU_ReadMem(4 bytes @ 0x22003A6C)
T66FC 032:132.080   Data:  60 D0 32 4B
T66FC 032:132.148 - 0.742ms returns 0
T66FC 032:132.172 JLINK_ReadMem(0x020135AC, 0x4 Bytes, ...)
T66FC 032:132.198    -- Read from flash cache (4 bytes @ 0x020135AC)
T66FC 032:132.224   Data:  04 00 00 00
T66FC 032:132.250 - 0.077ms returns 0
T66FC 032:132.276 JLINK_ReadMem(0x22003A90, 0x4 Bytes, ...)
T66FC 032:132.298   CPU_ReadMem(4 bytes @ 0x22003A90)
T66FC 032:132.966   Data:  00 00 00 00
T66FC 032:133.012 - 0.734ms returns 0
T66FC 032:133.034 JLINK_ReadMem(0x22003A6C, 0x4 Bytes, ...)
T66FC 032:133.052   CPU_ReadMem(4 bytes @ 0x22003A6C)
T66FC 032:133.702   Data:  60 D0 32 4B
T66FC 032:133.766 - 0.731ms returns 0
T66FC 032:133.792 JLINK_ReadMem(0x020135AC, 0x4 Bytes, ...)
T66FC 032:133.812    -- Read from flash cache (4 bytes @ 0x020135AC)
T66FC 032:133.840   Data:  04 00 00 00
T66FC 032:133.866 - 0.073ms returns 0
T66FC 032:135.456 JLINK_ReadMem(0x22003A90, 0x4 Bytes, ...)
T66FC 032:135.556   CPU_ReadMem(4 bytes @ 0x22003A90)
T66FC 032:136.284   Data:  00 00 00 00
T66FC 032:136.374 - 0.918ms returns 0
T66FC 032:136.412 JLINK_ReadMem(0x22003A6C, 0x4 Bytes, ...)
T66FC 032:136.448   CPU_ReadMem(4 bytes @ 0x22003A6C)
T66FC 032:137.132   Data:  60 D0 32 4B
T66FC 032:137.196 - 0.785ms returns 0
T66FC 032:137.226 JLINK_ReadMem(0x020135AC, 0x4 Bytes, ...)
T66FC 032:137.244    -- Read from flash cache (4 bytes @ 0x020135AC)
T66FC 032:137.274   Data:  04 00 00 00
T66FC 032:137.300 - 0.073ms returns 0
T66FC 032:137.328 JLINK_ReadMem(0x22003A90, 0x4 Bytes, ...)
T66FC 032:137.350   CPU_ReadMem(4 bytes @ 0x22003A90)
T66FC 032:138.108   Data:  00 00 00 00
T66FC 032:138.192 - 0.865ms returns 0
T66FC 032:138.988 JLINK_ReadMem(0x22003A6C, 0x4 Bytes, ...)
T66FC 032:139.050   CPU_ReadMem(4 bytes @ 0x22003A6C)
T66FC 032:139.696   Data:  60 D0 32 4B
T66FC 032:139.732 - 0.740ms returns 0
T66FC 032:139.756 JLINK_ReadMem(0x020135AC, 0x4 Bytes, ...)
T66FC 032:139.776    -- Read from flash cache (4 bytes @ 0x020135AC)
T66FC 032:139.802   Data:  04 00 00 00
T66FC 032:139.830 - 0.076ms returns 0
T66FC 032:871.994 JLINK_ReadMem(0x22003A90, 0x4 Bytes, ...)
T66FC 032:872.086   CPU_ReadMem(4 bytes @ 0x22003A90)
T66FC 032:872.896   Data:  00 00 00 00
T66FC 032:872.966 - 0.973ms returns 0
T66FC 032:872.992 JLINK_ReadMem(0x22003A6C, 0x4 Bytes, ...)
T66FC 032:873.018   CPU_ReadMem(4 bytes @ 0x22003A6C)
T66FC 032:873.744   Data:  60 D0 32 4B
T66FC 032:873.834 - 0.842ms returns 0
T66FC 032:873.862 JLINK_ReadMem(0x020135AC, 0x4 Bytes, ...)
T66FC 032:873.884    -- Read from flash cache (4 bytes @ 0x020135AC)
T66FC 032:873.908   Data:  04 00 00 00
T66FC 032:873.932 - 0.072ms returns 0
T66FC 032:876.102 JLINK_ReadMem(0xE0001004, 0x4 Bytes, ...)
T66FC 032:876.214   Data:  3C C9 81 07
T66FC 032:876.252   Debug reg: DWT_CYCCNT
T66FC 032:876.288 - 0.185ms returns 0
T66FC 032:876.314 JLINK_IsHalted()
T66FC 032:876.784 - 0.468ms returns TRUE
T66FC 032:879.324 JLINK_ReadMem(0xE0001004, 0x4 Bytes, ...)
T66FC 032:879.450   Data:  3C C9 81 07
T66FC 032:879.494   Debug reg: DWT_CYCCNT
T66FC 032:879.542 - 0.219ms returns 0
T66FC 032:879.588 JLINK_GoEx(MaxEmulInsts = 0, Flags = 0x01)
T66FC 032:879.628   CPU_ReadMem(4 bytes @ 0xE0001000)
T66FC 032:880.090   CPU_WriteMem(4 bytes @ 0xE0002008)
T66FC 032:880.182   CPU_WriteMem(4 bytes @ 0xE000200C)
T66FC 032:881.356 - 1.767ms 
T66FC 032:975.562 JLINK_IsHalted()
T66FC 032:975.972 - 0.411ms returns FALSE
T66FC 032:976.012 JLINK_IsHalted()
T66FC 032:976.432 - 0.419ms returns FALSE
T66FC 033:085.046 JLINK_IsHalted()
T66FC 033:085.532 - 0.487ms returns FALSE
T66FC 033:085.600 JLINK_IsHalted()
T66FC 033:085.964 - 0.362ms returns FALSE
T66FC 033:194.128 JLINK_IsHalted()
T66FC 033:194.844 - 0.714ms returns FALSE
T66FC 033:194.918 JLINK_IsHalted()
T66FC 033:195.300 - 0.380ms returns FALSE
T66FC 033:304.070 JLINK_IsHalted()
T66FC 033:304.556 - 0.484ms returns FALSE
T66FC 033:304.596 JLINK_IsHalted()
T66FC 033:304.900 - 0.302ms returns FALSE
T66FC 033:413.574 JLINK_IsHalted()
T66FC 033:414.060 - 0.486ms returns FALSE
T66FC 033:414.118 JLINK_IsHalted()
T66FC 033:414.474 - 0.354ms returns FALSE
T66FC 033:522.228 JLINK_IsHalted()
T66FC 033:522.812 - 0.584ms returns FALSE
T66FC 033:522.868 JLINK_IsHalted()
T66FC 033:523.268 - 0.397ms returns FALSE
T66FC 033:631.652 JLINK_IsHalted()
T66FC 033:632.140 - 0.490ms returns FALSE
T66FC 033:632.196 JLINK_IsHalted()
T66FC 033:632.612 - 0.413ms returns FALSE
T66FC 033:741.956 JLINK_IsHalted()
T66FC 033:742.712 - 0.754ms returns FALSE
T66FC 033:742.876 JLINK_IsHalted()
T66FC 033:745.940 - 3.058ms returns FALSE
T66FC 033:850.572 JLINK_IsHalted()
T66FC 033:851.092 - 0.520ms returns FALSE
T66FC 033:851.160 JLINK_IsHalted()
T66FC 033:851.720 - 0.556ms returns FALSE
T6064 033:880.328 JLINK_IsHalted()
T6064 033:880.888 - 0.559ms returns FALSE
T6064 033:880.976 JLINK_IsHalted()
T6064 033:881.336 - 0.357ms returns FALSE
T66FC 033:960.252 JLINK_IsHalted()
T66FC 033:960.660 - 0.407ms returns FALSE
T66FC 033:960.720 JLINK_IsHalted()
T66FC 033:961.056 - 0.335ms returns FALSE
T66FC 034:069.380 JLINK_IsHalted()
T66FC 034:069.832 - 0.453ms returns FALSE
T66FC 034:069.884 JLINK_IsHalted()
T66FC 034:070.248 - 0.363ms returns FALSE
T66FC 034:178.620 JLINK_IsHalted()
T66FC 034:179.120 - 0.500ms returns FALSE
T66FC 034:179.176 JLINK_IsHalted()
T66FC 034:179.624 - 0.445ms returns FALSE
T66FC 034:288.232 JLINK_IsHalted()
T66FC 034:288.688 - 0.457ms returns FALSE
T66FC 034:288.736 JLINK_IsHalted()
T66FC 034:289.092 - 0.356ms returns FALSE
T66FC 034:397.432 JLINK_IsHalted()
T66FC 034:397.908 - 0.474ms returns FALSE
T66FC 034:397.964 JLINK_IsHalted()
T66FC 034:398.336 - 0.370ms returns FALSE
T66FC 034:507.500 JLINK_IsHalted()
T66FC 034:508.152 - 0.646ms returns FALSE
T66FC 034:508.220 JLINK_IsHalted()
T66FC 034:508.628 - 0.406ms returns FALSE
T66FC 034:616.168 JLINK_IsHalted()
T66FC 034:617.028 - 0.859ms returns FALSE
T66FC 034:617.196 JLINK_IsHalted()
T66FC 034:617.844 - 0.647ms returns FALSE
T66FC 034:725.532 JLINK_IsHalted()
T66FC 034:726.172 - 0.640ms returns FALSE
T66FC 034:726.216 JLINK_IsHalted()
T66FC 034:726.648 - 0.428ms returns FALSE
T66FC 034:835.560 JLINK_IsHalted()
T66FC 034:836.168 - 0.611ms returns FALSE
T66FC 034:836.248 JLINK_IsHalted()
T66FC 034:836.756 - 0.507ms returns FALSE
T6064 034:882.204 JLINK_IsHalted()
T6064 034:882.812 - 0.605ms returns FALSE
T6064 034:882.900 JLINK_IsHalted()
T6064 034:883.380 - 0.479ms returns FALSE
T66FC 034:945.496 JLINK_IsHalted()
T66FC 034:946.008 - 0.507ms returns FALSE
T66FC 034:946.044 JLINK_IsHalted()
T66FC 034:946.480 - 0.434ms returns FALSE
T66FC 035:054.580 JLINK_IsHalted()
T66FC 035:055.204 - 0.624ms returns FALSE
T66FC 035:055.268 JLINK_IsHalted()
T66FC 035:055.840 - 0.571ms returns FALSE
T66FC 035:163.848 JLINK_IsHalted()
T66FC 035:164.420 - 0.567ms returns FALSE
T66FC 035:164.488 JLINK_IsHalted()
T66FC 035:164.968 - 0.483ms returns FALSE
T66FC 035:273.176 JLINK_IsHalted()
T66FC 035:273.780 - 0.603ms returns FALSE
T66FC 035:273.836 JLINK_IsHalted()
T66FC 035:274.304 - 0.467ms returns FALSE
T66FC 035:381.964 JLINK_IsHalted()
T66FC 035:382.560 - 0.593ms returns FALSE
T66FC 035:382.620 JLINK_IsHalted()
T66FC 035:383.008 - 0.388ms returns FALSE
T66FC 035:491.844 JLINK_IsHalted()
T66FC 035:492.492 - 0.649ms returns FALSE
T66FC 035:492.564 JLINK_IsHalted()
T66FC 035:493.016 - 0.448ms returns FALSE
T66FC 035:601.000 JLINK_IsHalted()
T66FC 035:601.812 - 0.807ms returns FALSE
T66FC 035:601.928 JLINK_IsHalted()
T66FC 035:602.536 - 0.609ms returns FALSE
T66FC 035:709.904 JLINK_IsHalted()
T66FC 035:710.576 - 0.671ms returns FALSE
T66FC 035:710.676 JLINK_IsHalted()
T66FC 035:711.424 - 0.747ms returns FALSE
T66FC 035:819.448 JLINK_IsHalted()
T66FC 035:820.016 - 0.563ms returns FALSE
T66FC 035:820.080 JLINK_IsHalted()
T66FC 035:820.592 - 0.511ms returns FALSE
T6064 035:884.888 JLINK_IsHalted()
T6064 035:885.620 - 0.730ms returns FALSE
T6064 035:885.724 JLINK_IsHalted()
T6064 035:886.244 - 0.516ms returns FALSE
T66FC 035:929.200 JLINK_IsHalted()
T66FC 035:929.756 - 0.556ms returns FALSE
T66FC 035:929.804 JLINK_IsHalted()
T66FC 035:930.328 - 0.526ms returns FALSE
T66FC 036:038.020 JLINK_IsHalted()
T66FC 036:038.596 - 0.574ms returns FALSE
T66FC 036:038.676 JLINK_IsHalted()
T66FC 036:039.128 - 0.454ms returns FALSE
T66FC 036:147.336 JLINK_IsHalted()
T66FC 036:148.152 - 0.813ms returns FALSE
T66FC 036:148.220 JLINK_IsHalted()
T66FC 036:148.704 - 0.483ms returns FALSE
T66FC 036:257.408 JLINK_IsHalted()
T66FC 036:259.976 - 2.569ms returns FALSE
T66FC 036:260.092 JLINK_IsHalted()
T66FC 036:260.824 - 0.728ms returns FALSE
T66FC 036:366.472 JLINK_IsHalted()
T66FC 036:367.224 - 0.747ms returns FALSE
T66FC 036:367.320 JLINK_IsHalted()
T66FC 036:367.940 - 0.618ms returns FALSE
T66FC 036:475.480 JLINK_IsHalted()
T66FC 036:476.208 - 0.726ms returns FALSE
T66FC 036:476.312 JLINK_IsHalted()
T66FC 036:476.900 - 0.585ms returns FALSE
T66FC 036:585.568 JLINK_IsHalted()
T66FC 036:585.944 - 0.371ms returns FALSE
T66FC 036:586.808 JLINK_IsHalted()
T66FC 036:587.260 - 0.451ms returns FALSE
T66FC 036:695.336 JLINK_IsHalted()
T66FC 036:695.864 - 0.522ms returns FALSE
T66FC 036:696.988 JLINK_IsHalted()
T66FC 036:697.552 - 0.562ms returns FALSE
T66FC 036:803.488 JLINK_IsHalted()
T66FC 036:803.992 - 0.504ms returns FALSE
T66FC 036:804.052 JLINK_IsHalted()
T66FC 036:804.420 - 0.365ms returns FALSE
T6064 036:887.672 JLINK_IsHalted()
T6064 036:888.076 - 0.405ms returns FALSE
T6064 036:888.120 JLINK_IsHalted()
T6064 036:888.452 - 0.327ms returns FALSE
T66FC 036:913.700 JLINK_IsHalted()
T66FC 036:914.168 - 0.468ms returns FALSE
T66FC 036:914.232 JLINK_IsHalted()
T66FC 036:914.584 - 0.351ms returns FALSE
T66FC 037:022.608 JLINK_IsHalted()
T66FC 037:023.180 - 0.571ms returns FALSE
T66FC 037:023.224 JLINK_IsHalted()
T66FC 037:023.744 - 0.521ms returns FALSE
T66FC 037:132.348 JLINK_IsHalted()
T66FC 037:133.024 - 0.676ms returns FALSE
T66FC 037:133.096 JLINK_IsHalted()
T66FC 037:133.608 - 0.512ms returns FALSE
T66FC 037:241.880 JLINK_IsHalted()
T66FC 037:242.472 - 0.591ms returns FALSE
T66FC 037:242.576 JLINK_IsHalted()
T66FC 037:243.116 - 0.539ms returns FALSE
T66FC 037:351.372 JLINK_IsHalted()
T66FC 037:351.852 - 0.478ms returns FALSE
T66FC 037:351.908 JLINK_IsHalted()
T66FC 037:352.296 - 0.386ms returns FALSE
T66FC 037:460.304 JLINK_IsHalted()
T66FC 037:460.792 - 0.484ms returns FALSE
T66FC 037:460.852 JLINK_IsHalted()
T66FC 037:461.240 - 0.387ms returns FALSE
T66FC 037:569.512 JLINK_IsHalted()
T66FC 037:569.920 - 0.408ms returns FALSE
T66FC 037:569.948 JLINK_IsHalted()
T66FC 037:570.232 - 0.281ms returns FALSE
T66FC 037:678.600 JLINK_IsHalted()
T66FC 037:679.152 - 0.549ms returns FALSE
T66FC 037:679.208 JLINK_IsHalted()
T66FC 037:679.656 - 0.450ms returns FALSE
T66FC 037:787.856 JLINK_IsHalted()
T66FC 037:788.552 - 0.697ms returns FALSE
T66FC 037:788.632 JLINK_IsHalted()
T66FC 037:789.180 - 0.550ms returns FALSE
T6064 037:889.084 JLINK_IsHalted()
T6064 037:889.640 - 0.554ms returns FALSE
T6064 037:889.708 JLINK_IsHalted()
T6064 037:890.280 - 0.570ms returns FALSE
T66FC 037:897.504 JLINK_IsHalted()
T66FC 037:898.120 - 0.620ms returns FALSE
T66FC 037:898.176 JLINK_IsHalted()
T66FC 037:898.596 - 0.417ms returns FALSE
T66FC 038:007.352 JLINK_IsHalted()
T66FC 038:009.320 - 1.965ms returns FALSE
T66FC 038:009.396 JLINK_IsHalted()
T66FC 038:009.884 - 0.486ms returns FALSE
T66FC 038:116.384 JLINK_IsHalted()
T66FC 038:116.776 - 0.393ms returns FALSE
T66FC 038:116.812 JLINK_IsHalted()
T66FC 038:117.144 - 0.334ms returns FALSE
T66FC 038:127.976 JLINK_IsHalted()
T66FC 038:128.416 - 0.440ms returns FALSE
T66FC 038:128.472 JLINK_IsHalted()
T66FC 038:128.772 - 0.294ms returns FALSE
T66FC 038:128.824 JLINK_IsHalted()
T66FC 038:129.128 - 0.307ms returns FALSE
T66FC 038:129.156 JLINK_IsHalted()
T66FC 038:129.448 - 0.293ms returns FALSE
T66FC 038:130.152 JLINK_Halt()
T66FC 038:133.568 - 3.415ms returns 0x00
T66FC 038:133.632 JLINK_IsHalted()
T66FC 038:133.652 - 0.017ms returns TRUE
T66FC 038:133.672 JLINK_ReadReg(XPSR)
T66FC 038:133.692   CPU_ReadMem(4 bytes @ 0xE000EE08)
T66FC 038:134.056 - 0.387ms returns 0x21000000
T66FC 038:134.092 JLINK_ReadReg(R15 (PC))
T66FC 038:134.112 - 0.019ms returns 0x02010300
T66FC 038:134.132 JLINK_ReadReg(XPSR)
T66FC 038:134.148 - 0.017ms returns 0x21000000
T66FC 038:134.168 JLINK_ReadReg(XPSR)
T66FC 038:134.184 - 0.020ms returns 0x21000000
T66FC 038:134.204 JLINK_ReadReg(R15 (PC))
T66FC 038:134.220 - 0.017ms returns 0x02010300
T66FC 038:134.240 JLINK_ReadReg(XPSR)
T66FC 038:134.256 - 0.017ms returns 0x21000000
T66FC 038:134.276 JLINK_ReadReg(XPSR)
T66FC 038:134.292 - 0.017ms returns 0x21000000
T66FC 038:134.312 JLINK_ReadMem(0x02010300, 0x1 Bytes, ...)
T66FC 038:134.332    -- Read from flash cache (1 bytes @ 0x02010300)
T66FC 038:134.356   Data:  FE
T66FC 038:134.380 - 0.071ms returns 0
T66FC 038:134.400 JLINK_IsHalted()
T66FC 038:134.420 - 0.018ms returns TRUE
T66FC 038:134.440 JLINK_ReadReg(XPSR)
T66FC 038:134.456 - 0.020ms returns 0x21000000
T66FC 038:134.476 JLINK_ReadReg(XPSR)
T66FC 038:134.496 - 0.017ms returns 0x21000000
T66FC 038:134.512 JLINK_ReadReg(R15 (PC))
T66FC 038:134.532 - 0.017ms returns 0x02010300
T66FC 038:134.548 JLINK_ReadReg(XPSR)
T66FC 038:134.568 - 0.016ms returns 0x21000000
T66FC 038:134.584 JLINK_ReadReg(XPSR)
T66FC 038:134.600 - 0.017ms returns 0x21000000
T66FC 038:134.616 JLINK_ReadMem(0x02010300, 0x1 Bytes, ...)
T66FC 038:134.632    -- Read from flash cache (1 bytes @ 0x02010300)
T66FC 038:134.664   Data:  FE
T66FC 038:134.688 - 0.069ms returns 0
T66FC 038:134.716 JLINK_IsHalted()
T66FC 038:134.736 - 0.017ms returns TRUE
T66FC 038:134.752 JLINK_ReadReg(XPSR)
T66FC 038:134.772 - 0.017ms returns 0x21000000
T66FC 038:134.788 JLINK_ReadReg(R15 (PC))
T66FC 038:134.808 - 0.017ms returns 0x02010300
T66FC 038:134.824 JLINK_ReadReg(XPSR)
T66FC 038:134.840 - 0.017ms returns 0x21000000
T66FC 038:134.856 JLINK_ReadReg(XPSR)
T66FC 038:134.876 - 0.017ms returns 0x21000000
T66FC 038:134.892 JLINK_ReadReg(R15 (PC))
T66FC 038:134.912 - 0.017ms returns 0x02010300
T66FC 038:134.932 JLINK_ReadReg(XPSR)
T66FC 038:134.952 - 0.017ms returns 0x21000000
T66FC 038:134.968 JLINK_ReadReg(XPSR)
T66FC 038:134.984 - 0.017ms returns 0x21000000
T66FC 038:135.000 JLINK_ReadMem(0x02010300, 0x1 Bytes, ...)
T66FC 038:135.016    -- Read from flash cache (1 bytes @ 0x02010300)
T66FC 038:135.044   Data:  FE
T66FC 038:135.068 - 0.066ms returns 0
T66FC 038:135.084 JLINK_IsHalted()
T66FC 038:135.104 - 0.019ms returns TRUE
T66FC 038:135.124 JLINK_ReadReg(XPSR)
T66FC 038:135.140 - 0.017ms returns 0x21000000
T66FC 038:135.160 JLINK_ReadReg(XPSR)
T66FC 038:135.176 - 0.017ms returns 0x21000000
T66FC 038:135.192 JLINK_ReadReg(R15 (PC))
T66FC 038:135.208 - 0.017ms returns 0x02010300
T66FC 038:135.224 JLINK_ReadReg(XPSR)
T66FC 038:135.244 - 0.017ms returns 0x21000000
T66FC 038:135.260 JLINK_ReadReg(XPSR)
T66FC 038:135.280 - 0.017ms returns 0x21000000
T66FC 038:135.296 JLINK_ReadMem(0x02010300, 0x1 Bytes, ...)
T66FC 038:135.316    -- Read from flash cache (1 bytes @ 0x02010300)
T66FC 038:135.336   Data:  FE
T66FC 038:135.364 - 0.066ms returns 0
T66FC 038:135.388 JLINK_ReadMem(0x22003A90, 0x4 Bytes, ...)
T66FC 038:135.412   CPU_ReadMem(4 bytes @ 0x22003A90)
T66FC 038:135.984   Data:  03 00 00 00
T66FC 038:136.024 - 0.632ms returns 0
T66FC 038:136.040 JLINK_ReadMem(0x22003A6C, 0x4 Bytes, ...)
T66FC 038:136.060   CPU_ReadMem(4 bytes @ 0x22003A6C)
T66FC 038:136.668   Data:  2C 34 00 22
T66FC 038:136.720 - 0.678ms returns 0
T66FC 038:136.744 JLINK_ReadMem(0x020135AC, 0x4 Bytes, ...)
T66FC 038:136.760    -- Read from flash cache (4 bytes @ 0x020135AC)
T66FC 038:136.788   Data:  04 00 00 00
T66FC 038:136.808 - 0.068ms returns 0
T66FC 038:136.828 JLINK_ReadMem(0x22003A74, 0x4 Bytes, ...)
T66FC 038:136.852   CPU_ReadMem(4 bytes @ 0x22003A74)
T66FC 038:137.400   Data:  01 00 00 00
T66FC 038:137.448 - 0.615ms returns 0
T66FC 038:138.416 JLINK_ReadMem(0x22003A90, 0x4 Bytes, ...)
T66FC 038:138.524   CPU_ReadMem(4 bytes @ 0x22003A90)
T66FC 038:139.140   Data:  03 00 00 00
T66FC 038:139.192 - 0.774ms returns 0
T66FC 038:139.212 JLINK_ReadMem(0x22003A6C, 0x4 Bytes, ...)
T66FC 038:139.240   CPU_ReadMem(4 bytes @ 0x22003A6C)
T66FC 038:139.820   Data:  2C 34 00 22
T66FC 038:139.864 - 0.650ms returns 0
T66FC 038:139.888 JLINK_ReadMem(0x020135AC, 0x4 Bytes, ...)
T66FC 038:139.908    -- Read from flash cache (4 bytes @ 0x020135AC)
T66FC 038:139.932   Data:  04 00 00 00
T66FC 038:139.960 - 0.072ms returns 0
T66FC 038:139.980 JLINK_ReadMem(0x22003A74, 0x4 Bytes, ...)
T66FC 038:140.000   CPU_ReadMem(4 bytes @ 0x22003A74)
T66FC 038:140.680   Data:  01 00 00 00
T66FC 038:140.716 - 0.735ms returns 0
T66FC 038:140.760 JLINK_ReadRegs(NumRegs = 20)
T66FC 038:140.796   
  R0 (0)        = 0x40400D14           R1 (1)        = 0x00                 R2 (2)        = 0x80                 R3 (3)        = 0xC04             
  R4 (4)        = 0xB2808830           R5 (5)        = 0xD0F82800           R6 (6)        = 0x46112201           R7 (7)        = 0xBF00E7F2        
  R8 (8)        = 0x22000F76           R9 (9)        = 0x220008EC           R10 (10)      = 0x22000EDC           R11 (11)      = 0x22000F75        
  R12 (12)      = 0x40400800           R13 (SP) (13) = 0x22003E68           R14 (14)      = 0x2010591            R15 (PC) (15) = 0x2010300         
  XPSR (16)     = 0x21000000           MSPLIM (86)   = 0x22003000           PSPLIM (87)   = 0x22003C98           CFBP (20)     = 0x2000000         
T66FC 038:140.840 - 0.078ms returns 0x00
T66FC 038:143.176 JLINK_ReadMem(0x22003A90, 0x4 Bytes, ...)
T66FC 038:143.264   CPU_ReadMem(4 bytes @ 0x22003A90)
T66FC 038:143.996   Data:  03 00 00 00
T66FC 038:144.184 - 0.999ms returns 0
T66FC 038:144.240 JLINK_ReadMem(0x22003A6C, 0x4 Bytes, ...)
T66FC 038:144.296   CPU_ReadMem(4 bytes @ 0x22003A6C)
T66FC 038:145.068   Data:  2C 34 00 22
T66FC 038:145.132 - 0.893ms returns 0
T66FC 038:145.172 JLINK_ReadMem(0x020135AC, 0x4 Bytes, ...)
T66FC 038:145.196    -- Read from flash cache (4 bytes @ 0x020135AC)
T66FC 038:145.228   Data:  04 00 00 00
T66FC 038:145.260 - 0.088ms returns 0
T66FC 038:145.288 JLINK_ReadMem(0x22003A74, 0x4 Bytes, ...)
T66FC 038:145.312   CPU_ReadMem(4 bytes @ 0x22003A74)
T66FC 038:145.996   Data:  01 00 00 00
T66FC 038:146.048 - 0.764ms returns 0
T66FC 038:146.084 JLINK_ReadMem(0x22003A90, 0x4 Bytes, ...)
T66FC 038:146.104   CPU_ReadMem(4 bytes @ 0x22003A90)
T66FC 038:146.736   Data:  03 00 00 00
T66FC 038:146.784 - 0.699ms returns 0
T66FC 038:146.808 JLINK_ReadMem(0x22003A6C, 0x4 Bytes, ...)
T66FC 038:146.824   CPU_ReadMem(4 bytes @ 0x22003A6C)
T66FC 038:147.500   Data:  2C 34 00 22
T66FC 038:147.560 - 0.754ms returns 0
T66FC 038:147.580 JLINK_ReadMem(0x020135AC, 0x4 Bytes, ...)
T66FC 038:147.604    -- Read from flash cache (4 bytes @ 0x020135AC)
T66FC 038:147.628   Data:  04 00 00 00
T66FC 038:147.656 - 0.075ms returns 0
T66FC 038:147.676 JLINK_ReadMem(0x22003A74, 0x4 Bytes, ...)
T66FC 038:147.696   CPU_ReadMem(4 bytes @ 0x22003A74)
T66FC 038:148.324   Data:  01 00 00 00
T66FC 038:148.364 - 0.689ms returns 0
T66FC 038:149.516 JLINK_ReadMem(0x02010300, 0x4 Bytes, ...)
T66FC 038:149.580    -- Read from flash cache (4 bytes @ 0x02010300)
T66FC 038:149.608   Data:  FE E7 00 BF
T66FC 038:149.636 - 0.118ms returns 0
T66FC 038:150.920 JLINK_ReadMem(0x22003A90, 0x4 Bytes, ...)
T66FC 038:150.980   CPU_ReadMem(4 bytes @ 0x22003A90)
T66FC 038:151.692   Data:  03 00 00 00
T66FC 038:151.740 - 0.822ms returns 0
T66FC 038:151.768 JLINK_ReadMem(0x22003A6C, 0x4 Bytes, ...)
T66FC 038:151.792   CPU_ReadMem(4 bytes @ 0x22003A6C)
T66FC 038:152.456   Data:  2C 34 00 22
T66FC 038:152.492 - 0.725ms returns 0
T66FC 038:152.516 JLINK_ReadMem(0x020135AC, 0x4 Bytes, ...)
T66FC 038:152.536    -- Read from flash cache (4 bytes @ 0x020135AC)
T66FC 038:152.564   Data:  04 00 00 00
T66FC 038:152.592 - 0.075ms returns 0
T66FC 038:152.608 JLINK_ReadMem(0x22003A74, 0x4 Bytes, ...)
T66FC 038:152.628   CPU_ReadMem(4 bytes @ 0x22003A74)
T66FC 038:153.256   Data:  01 00 00 00
T66FC 038:153.292 - 0.682ms returns 0
T66FC 038:153.344 JLINK_ReadReg(XPSR)
T66FC 038:153.368 - 0.024ms returns 0x21000000
T66FC 038:153.384 JLINK_ReadReg(MSP_S)
T66FC 038:153.404 - 0.018ms returns 0x220033A0
T66FC 038:153.864 JLINK_ReadMem(0x22003A90, 0x4 Bytes, ...)
T66FC 038:153.900   CPU_ReadMem(4 bytes @ 0x22003A90)
T66FC 038:154.540   Data:  03 00 00 00
T66FC 038:154.588 - 0.724ms returns 0
T66FC 038:154.608 JLINK_ReadMem(0x22003A6C, 0x4 Bytes, ...)
T66FC 038:154.632   CPU_ReadMem(4 bytes @ 0x22003A6C)
T66FC 038:155.236   Data:  2C 34 00 22
T66FC 038:155.268 - 0.658ms returns 0
T66FC 038:155.292 JLINK_ReadMem(0x020135AC, 0x4 Bytes, ...)
T66FC 038:155.312    -- Read from flash cache (4 bytes @ 0x020135AC)
T66FC 038:155.336   Data:  04 00 00 00
T66FC 038:155.360 - 0.069ms returns 0
T66FC 038:155.384 JLINK_ReadMem(0x22003A74, 0x4 Bytes, ...)
T66FC 038:155.404   CPU_ReadMem(4 bytes @ 0x22003A74)
T66FC 038:156.016   Data:  01 00 00 00
T66FC 038:156.064 - 0.681ms returns 0
T66FC 038:156.748 JLINK_ReadReg(XPSR)
T66FC 038:156.776 - 0.030ms returns 0x21000000
T66FC 038:156.796 JLINK_ReadReg(MSP_NS)
T66FC 038:156.816 - 0.018ms returns 0x00000000
T66FC 038:157.196 JLINK_ReadMem(0x22003A90, 0x4 Bytes, ...)
T66FC 038:157.236   CPU_ReadMem(4 bytes @ 0x22003A90)
T66FC 038:157.880   Data:  03 00 00 00
T66FC 038:157.948 - 0.752ms returns 0
T66FC 038:157.980 JLINK_ReadMem(0x22003A6C, 0x4 Bytes, ...)
T66FC 038:158.012   CPU_ReadMem(4 bytes @ 0x22003A6C)
T66FC 038:158.752   Data:  2C 34 00 22
T66FC 038:158.816 - 0.836ms returns 0
T66FC 038:158.848 JLINK_ReadMem(0x020135AC, 0x4 Bytes, ...)
T66FC 038:158.872    -- Read from flash cache (4 bytes @ 0x020135AC)
T66FC 038:158.896   Data:  04 00 00 00
T66FC 038:158.920 - 0.074ms returns 0
T66FC 038:158.940 JLINK_ReadMem(0x22003A74, 0x4 Bytes, ...)
T66FC 038:158.964   CPU_ReadMem(4 bytes @ 0x22003A74)
T66FC 038:159.564   Data:  01 00 00 00
T66FC 038:159.628 - 0.686ms returns 0
T66FC 038:159.684 JLINK_ReadReg(XPSR)
T66FC 038:159.712 - 0.028ms returns 0x21000000
T66FC 038:159.744 JLINK_ReadReg(PSP_S)
T66FC 038:159.768 - 0.024ms returns 0x22003E68
T66FC 038:160.280 JLINK_ReadMem(0x22003A90, 0x4 Bytes, ...)
T66FC 038:160.332   CPU_ReadMem(4 bytes @ 0x22003A90)
T66FC 038:160.980   Data:  03 00 00 00
T66FC 038:161.032 - 0.750ms returns 0
T66FC 038:161.048 JLINK_ReadMem(0x22003A6C, 0x4 Bytes, ...)
T66FC 038:161.072   CPU_ReadMem(4 bytes @ 0x22003A6C)
T66FC 038:161.672   Data:  2C 34 00 22
T66FC 038:161.708 - 0.657ms returns 0
T66FC 038:161.732 JLINK_ReadMem(0x020135AC, 0x4 Bytes, ...)
T66FC 038:161.748    -- Read from flash cache (4 bytes @ 0x020135AC)
T66FC 038:161.772   Data:  04 00 00 00
T66FC 038:161.800 - 0.068ms returns 0
T66FC 038:161.816 JLINK_ReadMem(0x22003A74, 0x4 Bytes, ...)
T66FC 038:161.840   CPU_ReadMem(4 bytes @ 0x22003A74)
T66FC 038:162.440   Data:  01 00 00 00
T66FC 038:162.472 - 0.655ms returns 0
T66FC 038:162.520 JLINK_ReadReg(XPSR)
T66FC 038:162.536 - 0.020ms returns 0x21000000
T66FC 038:162.556 JLINK_ReadReg(PSP_NS)
T66FC 038:162.620 - 0.064ms returns 0x00000000
T66FC 038:167.612 JLINK_ReadMem(0x02010590, 0x4 Bytes, ...)
T66FC 038:167.720    -- Read from flash cache (4 bytes @ 0x02010590)
T66FC 038:167.752   Data:  00 BE 00 BF
T66FC 038:167.788 - 0.175ms returns 0
T6064 038:172.160 JLINK_ReadReg(XPSR)
T6064 038:172.248 - 0.084ms returns 0x21000000
T6064 038:172.268 JLINK_ReadReg(R15 (PC))
T6064 038:172.296 - 0.024ms returns 0x02010300
T6064 038:172.712 JLINK_IsHalted()
T6064 038:172.768 - 0.058ms returns TRUE
T6064 038:172.792 JLINK_ReadReg(XPSR)
T6064 038:172.808 - 0.020ms returns 0x21000000
T6064 038:172.828 JLINK_ReadReg(R15 (PC))
T6064 038:172.852 - 0.022ms returns 0x02010300
T6064 038:172.872 JLINK_ReadReg(XPSR)
T6064 038:172.888 - 0.017ms returns 0x21000000
T6064 038:172.908 JLINK_ReadReg(XPSR)
T6064 038:172.924 - 0.018ms returns 0x21000000
T6064 038:172.944 JLINK_ReadReg(R15 (PC))
T6064 038:172.968 - 0.020ms returns 0x02010300
T6064 038:172.984 JLINK_ReadReg(XPSR)
T6064 038:173.004 - 0.021ms returns 0x21000000
T6064 038:173.024 JLINK_ReadReg(XPSR)
T6064 038:173.076 - 0.049ms returns 0x21000000
T6064 038:173.120 JLINK_ReadMem(0x02010300, 0x1 Bytes, ...)
T6064 038:173.148    -- Read from flash cache (1 bytes @ 0x02010300)
T6064 038:173.176   Data:  FE
T6064 038:173.200 - 0.080ms returns 0
T6064 038:173.220 JLINK_IsHalted()
T6064 038:173.236 - 0.017ms returns TRUE
T6064 038:173.256 JLINK_ReadReg(XPSR)
T6064 038:173.272 - 0.018ms returns 0x21000000
T6064 038:173.300 JLINK_ReadReg(XPSR)
T6064 038:173.320 - 0.018ms returns 0x21000000
T6064 038:173.336 JLINK_ReadReg(R15 (PC))
T6064 038:173.352 - 0.018ms returns 0x02010300
T6064 038:173.372 JLINK_ReadReg(XPSR)
T6064 038:173.396 - 0.021ms returns 0x21000000
T6064 038:173.416 JLINK_ReadReg(XPSR)
T6064 038:173.432 - 0.017ms returns 0x21000000
T6064 038:173.452 JLINK_ReadMem(0x02010300, 0x1 Bytes, ...)
T6064 038:173.472    -- Read from flash cache (1 bytes @ 0x02010300)
T6064 038:173.496   Data:  FE
T6064 038:173.528 - 0.075ms returns 0
T6064 038:174.940 JLINK_ReadMem(0xE0001004, 0x4 Bytes, ...)
T6064 038:175.004   CPU_ReadMem(4 bytes @ 0xE0001004)
T6064 038:175.496   Data:  7B F2 5E 40
T6064 038:175.576   Debug reg: DWT_CYCCNT
T6064 038:175.632 - 0.693ms returns 0
T66FC 038:208.324 JLINK_ReadMem(0x02010300, 0x4 Bytes, ...)
T66FC 038:208.400    -- Read from flash cache (4 bytes @ 0x02010300)
T66FC 038:208.436   Data:  FE E7 00 BF
T66FC 038:208.480 - 0.157ms returns 0
T66FC 038:209.432 JLINK_ReadMem(0x02010590, 0x4 Bytes, ...)
T66FC 038:209.524    -- Read from flash cache (4 bytes @ 0x02010590)
T66FC 038:209.560   Data:  00 BE 00 BF
T66FC 038:209.596 - 0.168ms returns 0
T66FC 038:210.516 JLINK_ReadMem(0x02010590, 0x4 Bytes, ...)
T66FC 038:210.568    -- Read from flash cache (4 bytes @ 0x02010590)
T66FC 038:210.596   Data:  00 BE 00 BF
T66FC 038:210.624 - 0.107ms returns 0
T66FC 038:253.368 JLINK_ReadMem(0x22003A90, 0x4 Bytes, ...)
T66FC 038:253.500   CPU_ReadMem(4 bytes @ 0x22003A90)
T66FC 038:254.376   Data:  03 00 00 00
T66FC 038:254.488 - 1.120ms returns 0
T66FC 038:254.520 JLINK_ReadMem(0x22003A6C, 0x4 Bytes, ...)
T66FC 038:254.548   CPU_ReadMem(4 bytes @ 0x22003A6C)
T66FC 038:255.284   Data:  2C 34 00 22
T66FC 038:255.336 - 0.817ms returns 0
T66FC 038:255.360 JLINK_ReadMem(0x020135AC, 0x4 Bytes, ...)
T66FC 038:255.380    -- Read from flash cache (4 bytes @ 0x020135AC)
T66FC 038:255.400   Data:  04 00 00 00
T66FC 038:255.424 - 0.064ms returns 0
T66FC 038:255.440 JLINK_ReadMem(0x22003A74, 0x4 Bytes, ...)
T66FC 038:255.460   CPU_ReadMem(4 bytes @ 0x22003A74)
T66FC 038:256.248   Data:  01 00 00 00
T66FC 038:256.292 - 0.850ms returns 0
T66FC 038:256.320 JLINK_ReadMem(0x22003A90, 0x4 Bytes, ...)
T66FC 038:256.340   CPU_ReadMem(4 bytes @ 0x22003A90)
T66FC 038:256.972   Data:  03 00 00 00
T66FC 038:257.024 - 0.705ms returns 0
T66FC 038:257.048 JLINK_ReadMem(0x22003A6C, 0x4 Bytes, ...)
T66FC 038:257.100   CPU_ReadMem(4 bytes @ 0x22003A6C)
T66FC 038:257.704   Data:  2C 34 00 22
T66FC 038:257.752 - 0.703ms returns 0
T66FC 038:257.776 JLINK_ReadMem(0x020135AC, 0x4 Bytes, ...)
T66FC 038:257.796    -- Read from flash cache (4 bytes @ 0x020135AC)
T66FC 038:257.864   Data:  04 00 00 00
T66FC 038:257.896 - 0.119ms returns 0
T66FC 038:257.920 JLINK_ReadMem(0x22003A74, 0x4 Bytes, ...)
T66FC 038:257.948   CPU_ReadMem(4 bytes @ 0x22003A74)
T66FC 038:258.600   Data:  01 00 00 00
T66FC 038:258.696 - 0.772ms returns 0
T66FC 038:260.500 JLINK_ReadMem(0x22003A90, 0x4 Bytes, ...)
T66FC 038:260.588   CPU_ReadMem(4 bytes @ 0x22003A90)
T66FC 038:261.292   Data:  03 00 00 00
T66FC 038:261.356 - 0.857ms returns 0
T66FC 038:261.388 JLINK_ReadMem(0x22003A6C, 0x4 Bytes, ...)
T66FC 038:261.416   CPU_ReadMem(4 bytes @ 0x22003A6C)
T66FC 038:262.072   Data:  2C 34 00 22
T66FC 038:262.120 - 0.733ms returns 0
T66FC 038:262.144 JLINK_ReadMem(0x020135AC, 0x4 Bytes, ...)
T66FC 038:262.176    -- Read from flash cache (4 bytes @ 0x020135AC)
T66FC 038:262.200   Data:  04 00 00 00
T66FC 038:262.224 - 0.079ms returns 0
T66FC 038:262.244 JLINK_ReadMem(0x22003A74, 0x4 Bytes, ...)
T66FC 038:262.264   CPU_ReadMem(4 bytes @ 0x22003A74)
T66FC 038:262.840   Data:  01 00 00 00
T66FC 038:262.892 - 0.647ms returns 0
T66FC 038:262.920 JLINK_ReadMem(0x22003A90, 0x4 Bytes, ...)
T66FC 038:262.944   CPU_ReadMem(4 bytes @ 0x22003A90)
T66FC 038:263.560   Data:  03 00 00 00
T66FC 038:263.600 - 0.674ms returns 0
T66FC 038:263.624 JLINK_ReadMem(0x22003A6C, 0x4 Bytes, ...)
T66FC 038:263.640   CPU_ReadMem(4 bytes @ 0x22003A6C)
T66FC 038:264.268   Data:  2C 34 00 22
T66FC 038:264.312 - 0.688ms returns 0
T66FC 038:264.332 JLINK_ReadMem(0x020135AC, 0x4 Bytes, ...)
T66FC 038:264.356    -- Read from flash cache (4 bytes @ 0x020135AC)
T66FC 038:264.376   Data:  04 00 00 00
T66FC 038:264.404 - 0.072ms returns 0
T66FC 038:264.424 JLINK_ReadMem(0x22003A74, 0x4 Bytes, ...)
T66FC 038:264.440   CPU_ReadMem(4 bytes @ 0x22003A74)
T66FC 038:265.164   Data:  01 00 00 00
T66FC 038:265.204 - 0.781ms returns 0
T66FC 049:488.188 JLINK_WriteMem(0xE0001004, 0x4 Bytes, ...)
T66FC 049:488.268   Data:  00 00 00 00
T66FC 049:488.312   Debug reg: DWT_CYCCNT
T66FC 049:488.368 - 0.181ms returns 0x4
T66FC 049:488.404 JLINK_ReadMem(0xE0001000, 0x4 Bytes, ...)
T66FC 049:488.436   CPU_ReadMem(4 bytes @ 0xE0001000)
T66FC 049:488.840   Data:  01 00 00 80
T66FC 049:488.896   Debug reg: DWT_CTRL
T66FC 049:488.936 - 0.531ms returns 0
T66FC 049:488.968 JLINK_WriteMem(0xE0001FB0, 0x8 Bytes, ...)
T66FC 049:488.984   Data:  00 00 00 00 55 CE AC C5
T66FC 049:489.016   CPU_WriteMem(8 bytes @ 0xE0001FB0)
T66FC 049:489.432 - 0.466ms returns 0x8
T66FC 049:489.460 JLINK_ReadMem(0xE000EDFC, 0x4 Bytes, ...)
T66FC 049:489.480   Data:  00 00 10 01
T66FC 049:489.508   Debug reg: DEMCR
T66FC 049:489.532 - 0.072ms returns 0
T66FC 049:490.804 JLINK_ReadMem(0xE0001004, 0x4 Bytes, ...)
T66FC 049:490.836   Data:  00 00 00 00
T66FC 049:490.860   Debug reg: DWT_CYCCNT
T66FC 049:490.888 - 0.084ms returns 0
T66FC 049:490.928 JLINK_ResetPullsRESET(ON)
T66FC 049:490.956 - 0.027ms 
T66FC 049:490.976 JLINK_Halt()
T66FC 049:491.368 - 0.389ms returns 0x00
T66FC 049:491.420 JLINK_IsHalted()
T66FC 049:491.436 - 0.018ms returns TRUE
T66FC 049:491.456 JLINK_Reset()
T66FC 049:491.480   Memory map 'before startup completion point' is active
T66FC 049:491.504   ResetTarget() start
T66FC 049:491.532    J-Link Script File: Executing ResetTarget()
T66FC 049:491.556   CPU_ReadMem(4 bytes @ 0xE000ED44)
T66FC 049:491.924   CPU_ReadMem(4 bytes @ 0xE000EE08)
T66FC 049:492.388   CPU_WriteMem(4 bytes @ 0xE000EE08)
T66FC 049:492.712   CPU_ReadMem(4 bytes @ 0xE000EE08)
T66FC 049:493.016   Reset: ARMv8M core with Security Extension enabled detected. Switch to secure domain.
T66FC 049:493.048   Reset: Halt core after reset via DEMCR.VC_CORERESET.
T66FC 049:493.076   CPU_WriteMem(4 bytes @ 0xE000EDF0)
T66FC 049:493.512   CPU_WriteMem(4 bytes @ 0xE000EDFC)
T66FC 049:493.992   Reset: Reset device via AIRCR.SYSRESETREQ.
T66FC 049:494.028   CPU_WriteMem(4 bytes @ 0xE000ED0C)
T66FC 049:546.980   CPU_ReadMem(4 bytes @ 0xE000EDF0)
T66FC 049:547.480   CPU_ReadMem(4 bytes @ 0xE000EDF0)
T66FC 049:547.880   CPU_WriteMem(4 bytes @ 0xE000EDFC)
T66FC 049:548.408   ResetTarget() end - Took 56.8ms
T66FC 049:548.440   Device specific reset executed.
T66FC 049:552.328   CPU_WriteMem(4 bytes @ 0xE0002000)
T66FC 049:552.716   CPU_ReadMem(4 bytes @ 0xE000EDFC)
T66FC 049:553.092   CPU_ReadMem(4 bytes @ 0xE0001000)
T66FC 049:553.444   CPU_ReadMem(4 bytes @ 0xE000EE08)
T66FC 049:553.772 - 62.316ms 
T66FC 049:553.816 JLINK_SetEndian(ARM_ENDIAN_LITTLE)
T66FC 049:553.832 - 0.017ms returns 0
T66FC 049:554.532 JLINK_WriteMem(0xE0001004, 0x4 Bytes, ...)
T66FC 049:554.584   Data:  00 00 00 00
T66FC 049:554.608   Debug reg: DWT_CYCCNT
T66FC 049:554.648   CPU_ReadMem(4 bytes @ 0xE000EE08)
T66FC 049:554.992 - 0.459ms returns 0x4
T66FC 049:555.036 JLINK_ReadMem(0xE0001000, 0x4 Bytes, ...)
T66FC 049:555.064   CPU_ReadMem(4 bytes @ 0xE0001000)
T66FC 049:555.396   Data:  01 00 00 80
T66FC 049:555.440   Debug reg: DWT_CTRL
T66FC 049:555.464 - 0.427ms returns 0
T66FC 049:555.488 JLINK_WriteMem(0xE0001FB0, 0x8 Bytes, ...)
T66FC 049:555.512   Data:  00 00 00 00 55 CE AC C5
T66FC 049:555.540   CPU_WriteMem(8 bytes @ 0xE0001FB0)
T66FC 049:555.896 - 0.409ms returns 0x8
T66FC 049:555.928 JLINK_ReadMem(0xE000EDFC, 0x4 Bytes, ...)
T66FC 049:555.944   CPU_ReadMem(4 bytes @ 0xE000EDFC)
T66FC 049:556.376   Data:  00 00 10 01
T66FC 049:556.424   Debug reg: DEMCR
T66FC 049:556.452 - 0.523ms returns 0
T66FC 049:557.744 JLINK_ReadMem(0xE0001004, 0x4 Bytes, ...)
T66FC 049:557.772   Data:  00 00 00 00
T66FC 049:557.800   Debug reg: DWT_CYCCNT
T66FC 049:557.824 - 0.080ms returns 0
T66FC 049:558.028 JLINK_BeginDownload(Flags = 0x00000000)
T66FC 049:558.072 - 0.041ms 
T66FC 049:582.980 JLINK_WriteMem(0x020A0000, 0xBD0 Bytes, ...)
T66FC 049:583.048   Data:  3D B8 F3 96 00 00 00 00 00 02 00 00 B6 2B 00 00 ...
T66FC 049:583.080   completely In flash
T66FC 049:583.116 - 0.137ms returns 0xBD0
T66FC 049:583.584 JLINK_WriteMem(0x020A0BD0, 0xBB0 Bytes, ...)
T66FC 049:583.624   Data:  01 04 FF F7 8E FB FF F7 CC FE 20 68 40 F0 01 00 ...
T66FC 049:583.656   completely In flash
T66FC 049:583.680 - 0.097ms returns 0xBB0
T66FC 049:584.124 JLINK_WriteMem(0x020A1780, 0xBB0 Bytes, ...)
T66FC 049:584.176   Data:  31 F9 42 F6 A7 00 42 F2 10 72 42 F2 9C 63 C0 F2 ...
T66FC 049:584.204   completely In flash
T66FC 049:584.232 - 0.108ms returns 0xBB0
T66FC 049:584.628 JLINK_WriteMem(0x020A2330, 0xBE0 Bytes, ...)
T66FC 049:584.664   Data:  00 20 07 E0 4C F2 7C 31 C2 F2 0E 21 0A 68 08 60 ...
T66FC 049:584.696   completely In flash
T66FC 049:584.724 - 0.093ms returns 0xBE0
T66FC 049:585.192 JLINK_WriteMem(0x020A2F10, 0xBE0 Bytes, ...)
T66FC 049:585.224   Data:  FF FF FF FF FF FF FF FF FF FF FF FF FF FF FF FF ...
T66FC 049:585.256   completely In flash
T66FC 049:585.280 - 0.090ms returns 0xBE0
T66FC 049:585.648 JLINK_WriteMem(0x020A3AF0, 0xBE0 Bytes, ...)
T66FC 049:585.676   Data:  FF FF FF FF FF FF FF FF FF FF FF FF FF FF FF FF ...
T66FC 049:585.704   completely In flash
T66FC 049:585.732 - 0.081ms returns 0xBE0
T66FC 049:586.152 JLINK_WriteMem(0x020A46D0, 0xBE0 Bytes, ...)
T66FC 049:586.188   Data:  FF FF FF FF FF FF FF FF FF FF FF FF FF FF FF FF ...
T66FC 049:586.216   completely In flash
T66FC 049:586.248 - 0.091ms returns 0xBE0
T66FC 049:586.672 JLINK_WriteMem(0x020A52B0, 0xBE0 Bytes, ...)
T66FC 049:586.712   Data:  FF FF FF FF FF FF FF FF FF FF FF FF FF FF FF FF ...
T66FC 049:586.740   completely In flash
T66FC 049:586.764 - 0.093ms returns 0xBE0
T66FC 049:587.248 JLINK_WriteMem(0x020A5E90, 0xBE0 Bytes, ...)
T66FC 049:587.288   Data:  FF FF FF FF FF FF FF FF FF FF FF FF FF FF FF FF ...
T66FC 049:587.320   completely In flash
T66FC 049:587.348 - 0.099ms returns 0xBE0
T66FC 049:587.960 JLINK_WriteMem(0x020A6A70, 0xBE0 Bytes, ...)
T66FC 049:588.024   Data:  FF FF FF FF FF FF FF FF FF FF FF FF FF FF FF FF ...
T66FC 049:588.068   completely In flash
T66FC 049:588.100 - 0.141ms returns 0xBE0
T66FC 049:588.632 JLINK_WriteMem(0x020A7650, 0xBE0 Bytes, ...)
T66FC 049:588.680   Data:  FF FF FF FF FF FF FF FF FF FF FF FF FF FF FF FF ...
T66FC 049:588.712   completely In flash
T66FC 049:588.736 - 0.104ms returns 0xBE0
T66FC 049:589.176 JLINK_WriteMem(0x020A8230, 0xBE0 Bytes, ...)
T66FC 049:589.216   Data:  FF FF FF FF FF FF FF FF FF FF FF FF FF FF FF FF ...
T66FC 049:589.240   completely In flash
T66FC 049:589.268 - 0.092ms returns 0xBE0
T66FC 049:589.804 JLINK_WriteMem(0x020A8E10, 0xBE0 Bytes, ...)
T66FC 049:589.852   Data:  FF FF FF FF FF FF FF FF FF FF FF FF FF FF FF FF ...
T66FC 049:589.888   completely In flash
T66FC 049:589.912 - 0.110ms returns 0xBE0
T66FC 049:590.344 JLINK_WriteMem(0x020A99F0, 0xBE0 Bytes, ...)
T66FC 049:590.380   Data:  FF FF FF FF FF FF FF FF FF FF FF FF FF FF FF FF ...
T66FC 049:590.412   completely In flash
T66FC 049:590.440 - 0.096ms returns 0xBE0
T66FC 049:590.880 JLINK_WriteMem(0x020AA5D0, 0xBE0 Bytes, ...)
T66FC 049:590.920   Data:  FF FF FF FF FF FF FF FF FF FF FF FF FF FF FF FF ...
T66FC 049:590.952   completely In flash
T66FC 049:590.976 - 0.096ms returns 0xBE0
T66FC 049:591.384 JLINK_WriteMem(0x020AB1B0, 0xBE0 Bytes, ...)
T66FC 049:591.420   Data:  FF FF FF FF FF FF FF FF FF FF FF FF FF FF FF FF ...
T66FC 049:591.448   completely In flash
T66FC 049:591.476 - 0.089ms returns 0xBE0
T66FC 049:591.892 JLINK_WriteMem(0x020ABD90, 0xBE0 Bytes, ...)
T66FC 049:591.928   Data:  FF FF FF FF FF FF FF FF FF FF FF FF FF FF FF FF ...
T66FC 049:591.956   completely In flash
T66FC 049:591.984 - 0.091ms returns 0xBE0
T66FC 049:592.404 JLINK_WriteMem(0x020AC970, 0xBE0 Bytes, ...)
T66FC 049:592.440   Data:  FF FF FF FF FF FF FF FF FF FF FF FF FF FF FF FF ...
T66FC 049:592.480   completely In flash
T66FC 049:592.520 - 0.114ms returns 0xBE0
T66FC 049:593.052 JLINK_WriteMem(0x020AD550, 0xBE0 Bytes, ...)
T66FC 049:593.084   Data:  FF FF FF FF FF FF FF FF FF FF FF FF FF FF FF FF ...
T66FC 049:593.112   completely In flash
T66FC 049:593.140 - 0.087ms returns 0xBE0
T66FC 049:593.496 JLINK_WriteMem(0x020AE130, 0xBE0 Bytes, ...)
T66FC 049:593.520   Data:  FF FF FF FF FF FF FF FF FF FF FF FF FF FF FF FF ...
T66FC 049:593.544   completely In flash
T66FC 049:593.596 - 0.103ms returns 0xBE0
T66FC 049:594.160 JLINK_WriteMem(0x020AED10, 0xBE0 Bytes, ...)
T66FC 049:594.248   Data:  FF FF FF FF FF FF FF FF FF FF FF FF FF FF FF FF ...
T66FC 049:594.316   completely In flash
T66FC 049:594.384 - 0.224ms returns 0xBE0
T66FC 049:595.260 JLINK_WriteMem(0x020AF8F0, 0xBE0 Bytes, ...)
T66FC 049:595.400   Data:  FF FF FF FF FF FF FF FF FF FF FF FF FF FF FF FF ...
T66FC 049:595.480   completely In flash
T66FC 049:595.544 - 0.285ms returns 0xBE0
T66FC 049:596.424 JLINK_WriteMem(0x020B04D0, 0xBE0 Bytes, ...)
T66FC 049:596.500   Data:  FF FF FF FF FF FF FF FF FF FF FF FF FF FF FF FF ...
T66FC 049:596.528   completely In flash
T66FC 049:596.560 - 0.138ms returns 0xBE0
T66FC 049:597.208 JLINK_WriteMem(0x020B10B0, 0xBE0 Bytes, ...)
T66FC 049:597.264   Data:  FF FF FF FF FF FF FF FF FF FF FF FF FF FF FF FF ...
T66FC 049:597.332   completely In flash
T66FC 049:597.372 - 0.165ms returns 0xBE0
T66FC 049:597.968 JLINK_WriteMem(0x020B1C90, 0xBE0 Bytes, ...)
T66FC 049:598.104   Data:  FF FF FF FF FF FF FF FF FF FF FF FF FF FF FF FF ...
T66FC 049:598.132   completely In flash
T66FC 049:598.180 - 0.211ms returns 0xBE0
T66FC 049:598.824 JLINK_WriteMem(0x020B2870, 0xBE0 Bytes, ...)
T66FC 049:598.868   Data:  FF FF FF FF FF FF FF FF FF FF FF FF FF FF FF FF ...
T66FC 049:598.916   completely In flash
T66FC 049:598.968 - 0.145ms returns 0xBE0
T66FC 049:599.544 JLINK_WriteMem(0x020B3450, 0xBE0 Bytes, ...)
T66FC 049:599.584   Data:  FF FF FF FF FF FF FF FF FF FF FF FF FF FF FF FF ...
T66FC 049:599.632   completely In flash
T66FC 049:599.684 - 0.141ms returns 0xBE0
T66FC 049:600.188 JLINK_WriteMem(0x020B4030, 0xBE0 Bytes, ...)
T66FC 049:600.232   Data:  FF FF FF FF FF FF FF FF FF FF FF FF FF FF FF FF ...
T66FC 049:600.264   completely In flash
T66FC 049:600.292 - 0.102ms returns 0xBE0
T66FC 049:600.768 JLINK_WriteMem(0x020B4C10, 0xBE0 Bytes, ...)
T66FC 049:600.808   Data:  FF FF FF FF FF FF FF FF FF FF FF FF FF FF FF FF ...
T66FC 049:600.856   completely In flash
T66FC 049:600.904 - 0.137ms returns 0xBE0
T66FC 049:601.460 JLINK_WriteMem(0x020B57F0, 0xBE0 Bytes, ...)
T66FC 049:601.500   Data:  FF FF FF FF FF FF FF FF FF FF FF FF FF FF FF FF ...
T66FC 049:601.532   completely In flash
T66FC 049:601.560 - 0.098ms returns 0xBE0
T66FC 049:602.088 JLINK_WriteMem(0x020B63D0, 0xBE0 Bytes, ...)
T66FC 049:602.180   Data:  FF FF FF FF FF FF FF FF FF FF FF FF FF FF FF FF ...
T66FC 049:602.232   completely In flash
T66FC 049:602.272 - 0.188ms returns 0xBE0
T66FC 049:602.856 JLINK_WriteMem(0x020B6FB0, 0xBE0 Bytes, ...)
T66FC 049:602.916   Data:  FF FF FF FF FF FF FF FF FF FF FF FF FF FF FF FF ...
T66FC 049:602.944   completely In flash
T66FC 049:602.968 - 0.117ms returns 0xBE0
T66FC 049:603.576 JLINK_WriteMem(0x020B7B90, 0xBE0 Bytes, ...)
T66FC 049:603.640   Data:  FF FF FF FF FF FF FF FF FF FF FF FF FF FF FF FF ...
T66FC 049:603.684   completely In flash
T66FC 049:603.720 - 0.145ms returns 0xBE0
T66FC 049:604.284 JLINK_WriteMem(0x020B8770, 0xBE0 Bytes, ...)
T66FC 049:604.328   Data:  FF FF FF FF FF FF FF FF FF FF FF FF FF FF FF FF ...
T66FC 049:604.368   completely In flash
T66FC 049:604.444 - 0.161ms returns 0xBE0
T66FC 049:604.972 JLINK_WriteMem(0x020B9350, 0xBE0 Bytes, ...)
T66FC 049:605.032   Data:  FF FF FF FF FF FF FF FF FF FF FF FF FF FF FF FF ...
T66FC 049:605.076   completely In flash
T66FC 049:605.112 - 0.140ms returns 0xBE0
T66FC 049:605.800 JLINK_WriteMem(0x020B9F30, 0xBE0 Bytes, ...)
T66FC 049:605.848   Data:  FF FF FF FF FF FF FF FF FF FF FF FF FF FF FF FF ...
T66FC 049:605.896   completely In flash
T66FC 049:605.936 - 0.140ms returns 0xBE0
T66FC 049:606.404 JLINK_WriteMem(0x020BAB10, 0xBE0 Bytes, ...)
T66FC 049:606.444   Data:  FF FF FF FF FF FF FF FF FF FF FF FF FF FF FF FF ...
T66FC 049:606.472   completely In flash
T66FC 049:606.504 - 0.101ms returns 0xBE0
T66FC 049:606.952 JLINK_WriteMem(0x020BB6F0, 0xBE0 Bytes, ...)
T66FC 049:606.980   Data:  FF FF FF FF FF FF FF FF FF FF FF FF FF FF FF FF ...
T66FC 049:607.008   completely In flash
T66FC 049:607.032 - 0.084ms returns 0xBE0
T66FC 049:607.672 JLINK_WriteMem(0x020BC2D0, 0xBE0 Bytes, ...)
T66FC 049:607.720   Data:  FF FF FF FF FF FF FF FF FF FF FF FF FF FF FF FF ...
T66FC 049:607.752   completely In flash
T66FC 049:607.784 - 0.108ms returns 0xBE0
T66FC 049:608.296 JLINK_WriteMem(0x020BCEB0, 0xBE0 Bytes, ...)
T66FC 049:608.356   Data:  FF FF FF FF FF FF FF FF FF FF FF FF FF FF FF FF ...
T66FC 049:608.384   completely In flash
T66FC 049:608.408 - 0.111ms returns 0xBE0
T66FC 049:609.016 JLINK_WriteMem(0x020BDA90, 0xBE0 Bytes, ...)
T66FC 049:609.064   Data:  FF FF FF FF FF FF FF FF FF FF FF FF FF FF FF FF ...
T66FC 049:609.096   completely In flash
T66FC 049:609.124 - 0.103ms returns 0xBE0
T66FC 049:609.552 JLINK_WriteMem(0x020BE670, 0xBE0 Bytes, ...)
T66FC 049:609.592   Data:  FF FF FF FF FF FF FF FF FF FF FF FF FF FF FF FF ...
T66FC 049:609.616   completely In flash
T66FC 049:609.640 - 0.089ms returns 0xBE0
T66FC 049:610.120 JLINK_WriteMem(0x020BF250, 0xBE0 Bytes, ...)
T66FC 049:610.152   Data:  FF FF FF FF FF FF FF FF FF FF FF FF FF FF FF FF ...
T66FC 049:610.180   completely In flash
T66FC 049:610.208 - 0.086ms returns 0xBE0
T66FC 049:610.768 JLINK_WriteMem(0x020BFE30, 0xBE0 Bytes, ...)
T66FC 049:610.816   Data:  FF FF FF FF FF FF FF FF FF FF FF FF FF FF FF FF ...
T66FC 049:610.848   completely In flash
T66FC 049:610.876 - 0.107ms returns 0xBE0
T66FC 049:611.368 JLINK_WriteMem(0x020C0A10, 0xBE0 Bytes, ...)
T66FC 049:611.420   Data:  FF FF FF FF FF FF FF FF FF FF FF FF FF FF FF FF ...
T66FC 049:611.456   completely In flash
T66FC 049:611.496 - 0.126ms returns 0xBE0
T66FC 049:612.052 JLINK_WriteMem(0x020C15F0, 0xBE0 Bytes, ...)
T66FC 049:612.092   Data:  FF FF FF FF FF FF FF FF FF FF FF FF FF FF FF FF ...
T66FC 049:612.120   completely In flash
T66FC 049:612.148 - 0.094ms returns 0xBE0
T66FC 049:612.584 JLINK_WriteMem(0x020C21D0, 0xBE0 Bytes, ...)
T66FC 049:612.612   Data:  FF FF FF FF FF FF FF FF FF FF FF FF FF FF FF FF ...
T66FC 049:612.640   completely In flash
T66FC 049:612.664 - 0.082ms returns 0xBE0
T66FC 049:613.056 JLINK_WriteMem(0x020C2DB0, 0xBE0 Bytes, ...)
T66FC 049:613.084   Data:  FF FF FF FF FF FF FF FF FF FF FF FF FF FF FF FF ...
T66FC 049:613.112   completely In flash
T66FC 049:613.140 - 0.083ms returns 0xBE0
T66FC 049:613.692 JLINK_WriteMem(0x020C3990, 0xBE0 Bytes, ...)
T66FC 049:613.736   Data:  FF FF FF FF FF FF FF FF FF FF FF FF FF FF FF FF ...
T66FC 049:613.764   completely In flash
T66FC 049:613.792 - 0.097ms returns 0xBE0
T66FC 049:614.264 JLINK_WriteMem(0x020C4570, 0xBE0 Bytes, ...)
T66FC 049:614.304   Data:  FF FF FF FF FF FF FF FF FF FF FF FF FF FF FF FF ...
T66FC 049:614.332   completely In flash
T66FC 049:614.360 - 0.098ms returns 0xBE0
T66FC 049:614.788 JLINK_WriteMem(0x020C5150, 0xBE0 Bytes, ...)
T66FC 049:614.828   Data:  FF FF FF FF FF FF FF FF FF FF FF FF FF FF FF FF ...
T66FC 049:614.856   completely In flash
T66FC 049:614.892 - 0.107ms returns 0xBE0
T66FC 049:615.364 JLINK_WriteMem(0x020C5D30, 0xBE0 Bytes, ...)
T66FC 049:615.400   Data:  FF FF FF FF FF FF FF FF FF FF FF FF FF FF FF FF ...
T66FC 049:615.432   completely In flash
T66FC 049:615.456 - 0.093ms returns 0xBE0
T66FC 049:615.920 JLINK_WriteMem(0x020C6910, 0xBE0 Bytes, ...)
T66FC 049:615.960   Data:  FF FF FF FF FF FF FF FF FF FF FF FF FF FF FF FF ...
T66FC 049:615.992   completely In flash
T66FC 049:616.016 - 0.095ms returns 0xBE0
T66FC 049:616.416 JLINK_WriteMem(0x020C74F0, 0xBE0 Bytes, ...)
T66FC 049:616.452   Data:  FF FF FF FF FF FF FF FF FF FF FF FF FF FF FF FF ...
T66FC 049:616.480   completely In flash
T66FC 049:616.508 - 0.091ms returns 0xBE0
T66FC 049:616.988 JLINK_WriteMem(0x020C80D0, 0xBE0 Bytes, ...)
T66FC 049:617.016   Data:  FF FF FF FF FF FF FF FF FF FF FF FF FF FF FF FF ...
T66FC 049:617.040   completely In flash
T66FC 049:617.076 - 0.085ms returns 0xBE0
T66FC 049:617.504 JLINK_WriteMem(0x020C8CB0, 0xBE0 Bytes, ...)
T66FC 049:617.544   Data:  FF FF FF FF FF FF FF FF FF FF FF FF FF FF FF FF ...
T66FC 049:617.572   completely In flash
T66FC 049:617.596 - 0.093ms returns 0xBE0
T66FC 049:617.992 JLINK_WriteMem(0x020C9890, 0xBE0 Bytes, ...)
T66FC 049:618.028   Data:  FF FF FF FF FF FF FF FF FF FF FF FF FF FF FF FF ...
T66FC 049:618.056   completely In flash
T66FC 049:618.136 - 0.142ms returns 0xBE0
T66FC 049:618.656 JLINK_WriteMem(0x020CA470, 0xBE0 Bytes, ...)
T66FC 049:618.696   Data:  FF FF FF FF FF FF FF FF FF FF FF FF FF FF FF FF ...
T66FC 049:618.732   completely In flash
T66FC 049:618.760 - 0.108ms returns 0xBE0
T66FC 049:619.180 JLINK_WriteMem(0x020CB050, 0xBE0 Bytes, ...)
T66FC 049:619.216   Data:  FF FF FF FF FF FF FF FF FF FF FF FF FF FF FF FF ...
T66FC 049:619.244   completely In flash
T66FC 049:619.272 - 0.088ms returns 0xBE0
T66FC 049:619.776 JLINK_WriteMem(0x020CBC30, 0xBE0 Bytes, ...)
T66FC 049:619.808   Data:  FF FF FF FF FF FF FF FF FF FF FF FF FF FF FF FF ...
T66FC 049:619.836   completely In flash
T66FC 049:619.864 - 0.086ms returns 0xBE0
T66FC 049:620.240 JLINK_WriteMem(0x020CC810, 0xBE0 Bytes, ...)
T66FC 049:620.264   Data:  FF FF FF FF FF FF FF FF FF FF FF FF FF FF FF FF ...
T66FC 049:620.296   completely In flash
T66FC 049:620.324 - 0.085ms returns 0xBE0
T66FC 049:620.800 JLINK_WriteMem(0x020CD3F0, 0xBE0 Bytes, ...)
T66FC 049:620.848   Data:  FF FF FF FF FF FF FF FF FF FF FF FF FF FF FF FF ...
T66FC 049:620.888   completely In flash
T66FC 049:620.920 - 0.122ms returns 0xBE0
T66FC 049:621.404 JLINK_WriteMem(0x020CDFD0, 0xBE0 Bytes, ...)
T66FC 049:621.452   Data:  FF FF FF FF FF FF FF FF FF FF FF FF FF FF FF FF ...
T66FC 049:621.492   completely In flash
T66FC 049:621.528 - 0.120ms returns 0xBE0
T66FC 049:622.000 JLINK_WriteMem(0x020CEBB0, 0xBE0 Bytes, ...)
T66FC 049:622.040   Data:  FF FF FF FF FF FF FF FF FF FF FF FF FF FF FF FF ...
T66FC 049:622.072   completely In flash
T66FC 049:622.100 - 0.098ms returns 0xBE0
T66FC 049:622.496 JLINK_WriteMem(0x020CF790, 0x870 Bytes, ...)
T66FC 049:622.536   Data:  FF FF FF FF FF FF FF FF FF FF FF FF FF FF FF FF ...
T66FC 049:622.564   completely In flash
T66FC 049:622.588 - 0.093ms returns 0x870
T66FC 049:643.988 JLINK_EndDownload()
T66FC 049:644.264   CPU_ReadMem(4 bytes @ 0xE000ED90)
T66FC 049:644.628   CPU_ReadMem(4 bytes @ 0xE000ED94)
T66FC 049:645.064    -- --------------------------------------
T66FC 049:645.144    -- Start of determining flash info (Bank @ 0x02000000)
T66FC 049:645.192    -- End of determining flash info
T66FC 049:645.232    -- Start of determining dirty areas in flash cache
T66FC 049:645.408    -- Filling invalid ranges in sector buffer (flash cache) for sector @ 0x020A0000 if necessary
T66FC 049:645.452    -- Filling invalid ranges in sector buffer (flash cache) for sector @ 0x020A0800 if necessary
T66FC 049:645.492    -- Filling invalid ranges in sector buffer (flash cache) for sector @ 0x020A1000 if necessary
T66FC 049:645.528    -- Filling invalid ranges in sector buffer (flash cache) for sector @ 0x020A1800 if necessary
T66FC 049:645.564    -- Filling invalid ranges in sector buffer (flash cache) for sector @ 0x020A2000 if necessary
T66FC 049:645.600    -- Filling invalid ranges in sector buffer (flash cache) for sector @ 0x020A2800 if necessary
T66FC 049:645.640    -- Filling invalid ranges in sector buffer (flash cache) for sector @ 0x020A3000 if necessary
T66FC 049:645.672    -- Filling invalid ranges in sector buffer (flash cache) for sector @ 0x020A3800 if necessary
T66FC 049:645.712    -- Filling invalid ranges in sector buffer (flash cache) for sector @ 0x020A4000 if necessary
T66FC 049:645.748    -- Filling invalid ranges in sector buffer (flash cache) for sector @ 0x020A4800 if necessary
T66FC 049:645.784    -- Filling invalid ranges in sector buffer (flash cache) for sector @ 0x020A5000 if necessary
T66FC 049:645.820    -- Filling invalid ranges in sector buffer (flash cache) for sector @ 0x020A5800 if necessary
T66FC 049:645.864    -- Filling invalid ranges in sector buffer (flash cache) for sector @ 0x020A6000 if necessary
T66FC 049:645.904    -- Filling invalid ranges in sector buffer (flash cache) for sector @ 0x020A6800 if necessary
T66FC 049:645.944    -- Filling invalid ranges in sector buffer (flash cache) for sector @ 0x020A7000 if necessary
T66FC 049:645.980    -- Filling invalid ranges in sector buffer (flash cache) for sector @ 0x020A7800 if necessary
T66FC 049:646.032    -- Filling invalid ranges in sector buffer (flash cache) for sector @ 0x020A8000 if necessary
T66FC 049:646.068    -- Filling invalid ranges in sector buffer (flash cache) for sector @ 0x020A8800 if necessary
T66FC 049:646.104    -- Filling invalid ranges in sector buffer (flash cache) for sector @ 0x020A9000 if necessary
T66FC 049:646.140    -- Filling invalid ranges in sector buffer (flash cache) for sector @ 0x020A9800 if necessary
T66FC 049:646.180    -- Filling invalid ranges in sector buffer (flash cache) for sector @ 0x020AA000 if necessary
T66FC 049:646.216    -- Filling invalid ranges in sector buffer (flash cache) for sector @ 0x020AA800 if necessary
T66FC 049:646.252    -- Filling invalid ranges in sector buffer (flash cache) for sector @ 0x020AB000 if necessary
T66FC 049:646.288    -- Filling invalid ranges in sector buffer (flash cache) for sector @ 0x020AB800 if necessary
T66FC 049:646.320    -- Filling invalid ranges in sector buffer (flash cache) for sector @ 0x020AC000 if necessary
T66FC 049:646.356    -- Filling invalid ranges in sector buffer (flash cache) for sector @ 0x020AC800 if necessary
T66FC 049:646.392    -- Filling invalid ranges in sector buffer (flash cache) for sector @ 0x020AD000 if necessary
T66FC 049:646.432    -- Filling invalid ranges in sector buffer (flash cache) for sector @ 0x020AD800 if necessary
T66FC 049:646.472    -- Filling invalid ranges in sector buffer (flash cache) for sector @ 0x020AE000 if necessary
T66FC 049:646.504    -- Filling invalid ranges in sector buffer (flash cache) for sector @ 0x020AE800 if necessary
T66FC 049:646.544    -- Filling invalid ranges in sector buffer (flash cache) for sector @ 0x020AF000 if necessary
T66FC 049:646.580    -- Filling invalid ranges in sector buffer (flash cache) for sector @ 0x020AF800 if necessary
T66FC 049:646.620    -- Filling invalid ranges in sector buffer (flash cache) for sector @ 0x020B0000 if necessary
T66FC 049:646.664    -- Filling invalid ranges in sector buffer (flash cache) for sector @ 0x020B0800 if necessary
T66FC 049:646.696    -- Filling invalid ranges in sector buffer (flash cache) for sector @ 0x020B1000 if necessary
T66FC 049:646.728    -- Filling invalid ranges in sector buffer (flash cache) for sector @ 0x020B1800 if necessary
T66FC 049:646.764    -- Filling invalid ranges in sector buffer (flash cache) for sector @ 0x020B2000 if necessary
T66FC 049:646.804    -- Filling invalid ranges in sector buffer (flash cache) for sector @ 0x020B2800 if necessary
T66FC 049:646.840    -- Filling invalid ranges in sector buffer (flash cache) for sector @ 0x020B3000 if necessary
T66FC 049:646.876    -- Filling invalid ranges in sector buffer (flash cache) for sector @ 0x020B3800 if necessary
T66FC 049:646.912    -- Filling invalid ranges in sector buffer (flash cache) for sector @ 0x020B4000 if necessary
T66FC 049:646.948    -- Filling invalid ranges in sector buffer (flash cache) for sector @ 0x020B4800 if necessary
T66FC 049:646.984    -- Filling invalid ranges in sector buffer (flash cache) for sector @ 0x020B5000 if necessary
T66FC 049:647.024    -- Filling invalid ranges in sector buffer (flash cache) for sector @ 0x020B5800 if necessary
T66FC 049:647.064    -- Filling invalid ranges in sector buffer (flash cache) for sector @ 0x020B6000 if necessary
T66FC 049:647.096    -- Filling invalid ranges in sector buffer (flash cache) for sector @ 0x020B6800 if necessary
T66FC 049:647.132    -- Filling invalid ranges in sector buffer (flash cache) for sector @ 0x020B7000 if necessary
T66FC 049:647.176    -- Filling invalid ranges in sector buffer (flash cache) for sector @ 0x020B7800 if necessary
T66FC 049:647.208    -- Filling invalid ranges in sector buffer (flash cache) for sector @ 0x020B8000 if necessary
T66FC 049:647.252    -- Filling invalid ranges in sector buffer (flash cache) for sector @ 0x020B8800 if necessary
T66FC 049:647.288    -- Filling invalid ranges in sector buffer (flash cache) for sector @ 0x020B9000 if necessary
T66FC 049:647.320    -- Filling invalid ranges in sector buffer (flash cache) for sector @ 0x020B9800 if necessary
T66FC 049:647.356    -- Filling invalid ranges in sector buffer (flash cache) for sector @ 0x020BA000 if necessary
T66FC 049:647.400    -- Filling invalid ranges in sector buffer (flash cache) for sector @ 0x020BA800 if necessary
T66FC 049:647.436    -- Filling invalid ranges in sector buffer (flash cache) for sector @ 0x020BB000 if necessary
T66FC 049:647.476    -- Filling invalid ranges in sector buffer (flash cache) for sector @ 0x020BB800 if necessary
T66FC 049:647.512    -- Filling invalid ranges in sector buffer (flash cache) for sector @ 0x020BC000 if necessary
T66FC 049:647.544    -- Filling invalid ranges in sector buffer (flash cache) for sector @ 0x020BC800 if necessary
T66FC 049:647.580    -- Filling invalid ranges in sector buffer (flash cache) for sector @ 0x020BD000 if necessary
T66FC 049:647.620    -- Filling invalid ranges in sector buffer (flash cache) for sector @ 0x020BD800 if necessary
T66FC 049:647.656    -- Filling invalid ranges in sector buffer (flash cache) for sector @ 0x020BE000 if necessary
T66FC 049:647.692    -- Filling invalid ranges in sector buffer (flash cache) for sector @ 0x020BE800 if necessary
T66FC 049:647.736    -- Filling invalid ranges in sector buffer (flash cache) for sector @ 0x020BF000 if necessary
T66FC 049:647.776    -- Filling invalid ranges in sector buffer (flash cache) for sector @ 0x020BF800 if necessary
T66FC 049:647.812    -- Filling invalid ranges in sector buffer (flash cache) for sector @ 0x020C0000 if necessary
T66FC 049:647.848    -- Filling invalid ranges in sector buffer (flash cache) for sector @ 0x020C0800 if necessary
T66FC 049:647.880    -- Filling invalid ranges in sector buffer (flash cache) for sector @ 0x020C1000 if necessary
T66FC 049:647.916    -- Filling invalid ranges in sector buffer (flash cache) for sector @ 0x020C1800 if necessary
T66FC 049:647.956    -- Filling invalid ranges in sector buffer (flash cache) for sector @ 0x020C2000 if necessary
T66FC 049:647.992    -- Filling invalid ranges in sector buffer (flash cache) for sector @ 0x020C2800 if necessary
T66FC 049:648.032    -- Filling invalid ranges in sector buffer (flash cache) for sector @ 0x020C3000 if necessary
T66FC 049:648.072    -- Filling invalid ranges in sector buffer (flash cache) for sector @ 0x020C3800 if necessary
T66FC 049:648.104    -- Filling invalid ranges in sector buffer (flash cache) for sector @ 0x020C4000 if necessary
T66FC 049:648.144    -- Filling invalid ranges in sector buffer (flash cache) for sector @ 0x020C4800 if necessary
T66FC 049:648.180    -- Filling invalid ranges in sector buffer (flash cache) for sector @ 0x020C5000 if necessary
T66FC 049:648.216    -- Filling invalid ranges in sector buffer (flash cache) for sector @ 0x020C5800 if necessary
T66FC 049:648.248    -- Filling invalid ranges in sector buffer (flash cache) for sector @ 0x020C6000 if necessary
T66FC 049:648.276    -- Filling invalid ranges in sector buffer (flash cache) for sector @ 0x020C6800 if necessary
T66FC 049:648.300    -- Filling invalid ranges in sector buffer (flash cache) for sector @ 0x020C7000 if necessary
T66FC 049:648.328    -- Filling invalid ranges in sector buffer (flash cache) for sector @ 0x020C7800 if necessary
T66FC 049:648.356    -- Filling invalid ranges in sector buffer (flash cache) for sector @ 0x020C8000 if necessary
T66FC 049:648.384    -- Filling invalid ranges in sector buffer (flash cache) for sector @ 0x020C8800 if necessary
T66FC 049:648.408    -- Filling invalid ranges in sector buffer (flash cache) for sector @ 0x020C9000 if necessary
T66FC 049:648.440    -- Filling invalid ranges in sector buffer (flash cache) for sector @ 0x020C9800 if necessary
T66FC 049:648.468    -- Filling invalid ranges in sector buffer (flash cache) for sector @ 0x020CA000 if necessary
T66FC 049:648.492    -- Filling invalid ranges in sector buffer (flash cache) for sector @ 0x020CA800 if necessary
T66FC 049:648.520    -- Filling invalid ranges in sector buffer (flash cache) for sector @ 0x020CB000 if necessary
T66FC 049:648.548    -- Filling invalid ranges in sector buffer (flash cache) for sector @ 0x020CB800 if necessary
T66FC 049:648.572    -- Filling invalid ranges in sector buffer (flash cache) for sector @ 0x020CC000 if necessary
T66FC 049:648.600    -- Filling invalid ranges in sector buffer (flash cache) for sector @ 0x020CC800 if necessary
T66FC 049:648.624    -- Filling invalid ranges in sector buffer (flash cache) for sector @ 0x020CD000 if necessary
T66FC 049:648.648    -- Filling invalid ranges in sector buffer (flash cache) for sector @ 0x020CD800 if necessary
T66FC 049:648.676    -- Filling invalid ranges in sector buffer (flash cache) for sector @ 0x020CE000 if necessary
T66FC 049:648.704    -- Filling invalid ranges in sector buffer (flash cache) for sector @ 0x020CE800 if necessary
T66FC 049:648.728    -- Filling invalid ranges in sector buffer (flash cache) for sector @ 0x020CF000 if necessary
T66FC 049:648.756    -- Filling invalid ranges in sector buffer (flash cache) for sector @ 0x020CF800 if necessary
T66FC 049:648.816    -- End of determining dirty areas
T66FC 049:648.840    -- Start of preparing flash programming
T66FC 049:648.868    -- Preparing RAMCode
T66FC 049:648.896    -- Calculating RAM usage
T66FC 049:648.924    -- RAM usage = 19424 Bytes
T66FC 049:648.952    -- Preserving CPU registers
T66FC 049:649.004    -- Preparing memory
T66FC 049:649.032    -- Preparing target
T66FC 049:649.056    -- Preserving target RAM temporarily used for programming
T66FC 049:760.472    -- Downloading RAMCode
T66FC 049:790.588    -- Initializing RAMCode (InitType: 3 = Verify)
T66FC 049:790.664    -- Executing SEGGER_FL_Prepare(3)
T66FC 049:796.792    -- SEGGER_FL_Prepare() changed clock speed to 150000000Hz
T66FC 049:796.872    -- End of preparing flash programming
T66FC 049:800.160    -- CPU is running at 150000 kHz.
T66FC 049:800.264    -- Start of comparing flash
T66FC 049:800.292    -- CRC check was estimated as fastest method
T66FC 049:820.184    -- Comparing range 0x20A0000 - 0x20BFFFF (64 Sectors, 128 KB), using single-block CRC calculation
T66FC 049:886.876    -- CRC does not match, checking individual sectors
T66FC 049:905.124    -- CRC does not match for sectors 320-335
T66FC 049:923.548    -- CRC matches for sectors 336-351
T66FC 049:944.036    -- CRC matches for sectors 352-367
T66FC 049:962.512    -- CRC matches for sectors 368-383
T66FC 049:963.064    -- Comparing range 0x20C0000 - 0x20CFFFF (32 Sectors, 64 KB), using single-block CRC calculation
T66FC 049:996.872    -- CRC does not match, checking individual sectors
T66FC 050:014.932    -- CRC matches for sectors 384-399
T66FC 050:032.840    -- CRC does not match for sectors 400-415
T66FC 050:035.732    -- Comparing range 0x20A8000 - 0x20C7FFF (64 Sectors, 128 KB), using alternative single-block CRC calculation
T66FC 050:100.276    -- CRC matches
T66FC 050:100.368    -- End of comparing flash
T66FC 050:100.396    -- Start of erasing sectors
T66FC 050:100.424    -- Erasing range 0x020A0000 - 0x020A7FFF ( 16 Sectors, 32 KB)
T66FC 050:165.432    -- Erasing range 0x020C8000 - 0x020CFFFF ( 16 Sectors, 32 KB)
T66FC 050:230.500    -- End of erasing sectors
T66FC 050:230.600    -- Start of flash programming
T66FC 050:230.628    -- Programming range 0x020A0000 - 0x020A7FFF ( 16 Sectors, 32 KB)
T66FC 050:314.588    -- Programming range 0x020C8000 - 0x020CFFFF ( 16 Sectors, 32 KB)
T66FC 050:332.496    -- End of flash programming
T66FC 050:332.588    -- 0x20A0000 - 0x20A7FFF ( 16 Sectors, 32 KB)
T66FC 050:332.628    -- 0x20C8000 - 0x20CFFFF ( 16 Sectors, 32 KB)
T66FC 050:332.656    -- Start of verifying flash
T66FC 050:332.684    -- Checksum calculation was estimated as fastest method
T66FC 050:332.712    -- Checksum is not supported by this flash bank. Switched to read back method.
T66FC 050:368.788    -- Checksum calculation was estimated as fastest method
T66FC 050:368.896    -- Checksum is not supported by this flash bank. Switched to read back method.
T66FC 050:389.520    -- End of verifying flash
T66FC 050:389.584    -- Start of restoring
T66FC 050:389.616    -- Executing SEGGER_FL_Restore()
T66FC 050:395.412    -- Restoring target memory
T66FC 050:495.456    -- Restoring CPU registers
T66FC 050:496.008    -- End of restoring
T66FC 050:496.060    -- Bank 0 @ 0x02000000: 2 ranges affected (65536 bytes)
T66FC 050:496.088    -- Total: 0.847s (Prepare: 0.151s, Compare: 0.300s, Erase: 0.130s, Program: 0.121s, Verify: 0.037s, Restore: 0.106s)
T66FC 050:496.108    -- Program speed: 528 KB/s
T66FC 050:612.816 - 968.829ms returns 65536 (0x10000)
T66FC 050:616.920 JLINK_WriteMem(0x22003A90, 0x4 Bytes, ...)
T66FC 050:617.012   Data:  00 00 00 00
T66FC 050:617.064   CPU_WriteMem(4 bytes @ 0x22003A90)
T66FC 050:618.332 - 1.413ms returns 0x4
T66FC 050:618.420 JLINK_ReadMem(0x22003A90, 0x4 Bytes, ...)
T66FC 050:618.440   CPU_ReadMem(4 bytes @ 0x22003A90)
T66FC 050:619.400   Data:  00 00 00 00
T66FC 050:619.456 - 1.038ms returns 0
T66FC 050:619.480 JLINK_ReadMem(0x22003A6C, 0x4 Bytes, ...)
T66FC 050:619.496   CPU_ReadMem(4 bytes @ 0x22003A6C)
T66FC 050:620.328   Data:  2C 34 00 22
T66FC 050:620.396 - 0.920ms returns 0
T66FC 050:620.424 JLINK_ReadMem(0x020135AC, 0x4 Bytes, ...)
T66FC 050:620.440    -- Read from flash cache (4 bytes @ 0x020135AC)
T66FC 050:620.472   Data:  04 00 00 00
T66FC 050:620.496 - 0.072ms returns 0
T66FC 056:741.196 JLINK_WriteMem(0xE0001004, 0x4 Bytes, ...)
T66FC 056:741.280   Data:  00 00 00 00
T66FC 056:741.320   Debug reg: DWT_CYCCNT
T66FC 056:741.376 - 0.182ms returns 0x4
T66FC 056:741.420 JLINK_ReadMem(0xE0001000, 0x4 Bytes, ...)
T66FC 056:741.460   CPU_ReadMem(4 bytes @ 0xE0001000)
T66FC 056:741.888   Data:  01 00 00 80
T66FC 056:741.972   Debug reg: DWT_CTRL
T66FC 056:742.016 - 0.597ms returns 0
T66FC 056:742.060 JLINK_WriteMem(0xE0001FB0, 0x8 Bytes, ...)
T66FC 056:742.092   Data:  00 00 00 00 55 CE AC C5
T66FC 056:742.152   CPU_WriteMem(8 bytes @ 0xE0001FB0)
T66FC 056:742.548 - 0.487ms returns 0x8
T66FC 056:742.624 JLINK_ReadMem(0xE000EDFC, 0x4 Bytes, ...)
T66FC 056:742.648   Data:  00 00 10 01
T66FC 056:742.680   Debug reg: DEMCR
T66FC 056:742.708 - 0.087ms returns 0
T66FC 056:744.076 JLINK_ReadMem(0xE0001004, 0x4 Bytes, ...)
T66FC 056:744.140   Data:  00 00 00 00
T66FC 056:744.184   Debug reg: DWT_CYCCNT
T66FC 056:744.224 - 0.147ms returns 0
T66FC 056:744.256 JLINK_ResetPullsRESET(ON)
T66FC 056:744.280 - 0.025ms 
T66FC 056:744.308 JLINK_Halt()
T66FC 056:744.712 - 0.401ms returns 0x00
T66FC 056:744.776 JLINK_IsHalted()
T66FC 056:744.792 - 0.022ms returns TRUE
T66FC 056:744.812 JLINK_Reset()
T66FC 056:744.832   ResetTarget() start
T66FC 056:744.856    J-Link Script File: Executing ResetTarget()
T66FC 056:744.884   CPU_ReadMem(4 bytes @ 0xE000ED44)
T66FC 056:745.272   CPU_ReadMem(4 bytes @ 0xE000EE08)
T66FC 056:745.752   CPU_WriteMem(4 bytes @ 0xE000EE08)
T66FC 056:746.188   CPU_ReadMem(4 bytes @ 0xE000EE08)
T66FC 056:746.656   Reset: ARMv8M core with Security Extension enabled detected. Switch to secure domain.
T66FC 056:746.720   Reset: Halt core after reset via DEMCR.VC_CORERESET.
T66FC 056:746.760   CPU_WriteMem(4 bytes @ 0xE000EDF0)
T66FC 056:747.188   CPU_WriteMem(4 bytes @ 0xE000EDFC)
T66FC 056:747.832   Reset: Reset device via AIRCR.SYSRESETREQ.
T66FC 056:747.904   CPU_WriteMem(4 bytes @ 0xE000ED0C)
T66FC 056:800.204   CPU_ReadMem(4 bytes @ 0xE000EDF0)
T66FC 056:800.712   CPU_ReadMem(4 bytes @ 0xE000EDF0)
T66FC 056:801.108   CPU_WriteMem(4 bytes @ 0xE000EDFC)
T66FC 056:801.504   ResetTarget() end - Took 56.6ms
T66FC 056:801.560   Device specific reset executed.
T66FC 056:805.400   CPU_WriteMem(4 bytes @ 0xE0002000)
T66FC 056:805.844   CPU_ReadMem(4 bytes @ 0xE000EDFC)
T66FC 056:806.216   CPU_ReadMem(4 bytes @ 0xE0001000)
T66FC 056:806.584   CPU_ReadMem(4 bytes @ 0xE000EE08)
T66FC 056:806.988 - 62.177ms 
T66FC 056:807.048 JLINK_SetEndian(ARM_ENDIAN_LITTLE)
T66FC 056:807.064 - 0.025ms returns 0
T66FC 056:807.944 JLINK_WriteMem(0xE0001004, 0x4 Bytes, ...)
T66FC 056:808.008   Data:  00 00 00 00
T66FC 056:808.052   Debug reg: DWT_CYCCNT
T66FC 056:808.096   CPU_ReadMem(4 bytes @ 0xE000EE08)
T66FC 056:808.608 - 0.666ms returns 0x4
T66FC 056:808.696 JLINK_ReadMem(0xE0001000, 0x4 Bytes, ...)
T66FC 056:808.736   CPU_ReadMem(4 bytes @ 0xE0001000)
T66FC 056:809.176   Data:  01 00 00 80
T66FC 056:809.248   Debug reg: DWT_CTRL
T66FC 056:809.280 - 0.584ms returns 0
T66FC 056:809.324 JLINK_WriteMem(0xE0001FB0, 0x8 Bytes, ...)
T66FC 056:809.352   Data:  00 00 00 00 55 CE AC C5
T66FC 056:809.400   CPU_WriteMem(8 bytes @ 0xE0001FB0)
T66FC 056:809.836 - 0.512ms returns 0x8
T66FC 056:809.928 JLINK_ReadMem(0xE000EDFC, 0x4 Bytes, ...)
T66FC 056:809.972   CPU_ReadMem(4 bytes @ 0xE000EDFC)
T66FC 056:810.376   Data:  00 00 10 01
T66FC 056:810.472   Debug reg: DEMCR
T66FC 056:810.520 - 0.591ms returns 0
T66FC 056:812.184 JLINK_ReadMem(0xE0001004, 0x4 Bytes, ...)
T66FC 056:812.248   Data:  00 00 00 00
T66FC 056:812.276   Debug reg: DWT_CYCCNT
T66FC 056:812.300 - 0.114ms returns 0
T66FC 056:812.500 JLINK_BeginDownload(Flags = 0x00000000)
T66FC 056:812.520 - 0.020ms 
T66FC 056:837.388 JLINK_WriteMem(0x02070000, 0xBD0 Bytes, ...)
T66FC 056:837.460   Data:  3D B8 F3 96 00 00 00 00 00 02 00 00 8A 34 00 00 ...
T66FC 056:837.504   completely In flash
T66FC 056:837.528 - 0.142ms returns 0xBD0
T66FC 056:838.176 JLINK_WriteMem(0x02070BD0, 0xBD0 Bytes, ...)
T66FC 056:838.252   Data:  5F 8F 01 80 95 F8 C6 00 40 F0 40 00 85 F8 C6 00 ...
T66FC 056:838.304   completely In flash
T66FC 056:838.344 - 0.167ms returns 0xBD0
T66FC 056:838.996 JLINK_WriteMem(0x020717A0, 0xBB0 Bytes, ...)
T66FC 056:839.052   Data:  94 F8 45 00 FF 28 08 BF 84 F8 45 B0 FE F7 6B FF ...
T66FC 056:839.272   completely In flash
T66FC 056:839.320 - 0.328ms returns 0xBB0
T66FC 056:839.956 JLINK_WriteMem(0x02072350, 0xBC0 Bytes, ...)
T66FC 056:840.000   Data:  00 22 10 60 CC F8 00 10 10 68 80 BD 43 F2 67 10 ...
T66FC 056:840.024   completely In flash
T66FC 056:840.052 - 0.098ms returns 0xBC0
T66FC 056:840.556 JLINK_WriteMem(0x02072F10, 0xBE0 Bytes, ...)
T66FC 056:840.608   Data:  6F 73 69 74 69 6F 6E 20 3D 3D 20 28 20 28 20 42 ...
T66FC 056:840.640   completely In flash
T66FC 056:840.672 - 0.110ms returns 0xBE0
T66FC 056:841.192 JLINK_WriteMem(0x02073AF0, 0xBE0 Bytes, ...)
T66FC 056:841.240   Data:  FF FF FF FF FF FF FF FF FF FF FF FF FF FF FF FF ...
T66FC 056:841.292   completely In flash
T66FC 056:841.332 - 0.141ms returns 0xBE0
T66FC 056:841.940 JLINK_WriteMem(0x020746D0, 0xBE0 Bytes, ...)
T66FC 056:841.992   Data:  FF FF FF FF FF FF FF FF FF FF FF FF FF FF FF FF ...
T66FC 056:842.028   completely In flash
T66FC 056:842.068 - 0.122ms returns 0xBE0
T66FC 056:842.700 JLINK_WriteMem(0x020752B0, 0xBE0 Bytes, ...)
T66FC 056:842.772   Data:  FF FF FF FF FF FF FF FF FF FF FF FF FF FF FF FF ...
T66FC 056:842.840   completely In flash
T66FC 056:842.904 - 0.204ms returns 0xBE0
T66FC 056:843.512 JLINK_WriteMem(0x02075E90, 0xBE0 Bytes, ...)
T66FC 056:843.560   Data:  FF FF FF FF FF FF FF FF FF FF FF FF FF FF FF FF ...
T66FC 056:843.624   completely In flash
T66FC 056:843.680 - 0.165ms returns 0xBE0
T66FC 056:844.300 JLINK_WriteMem(0x02076A70, 0xBE0 Bytes, ...)
T66FC 056:844.340   Data:  FF FF FF FF FF FF FF FF FF FF FF FF FF FF FF FF ...
T66FC 056:844.376   completely In flash
T66FC 056:844.424 - 0.126ms returns 0xBE0
T66FC 056:845.120 JLINK_WriteMem(0x02077650, 0xBE0 Bytes, ...)
T66FC 056:845.192   Data:  FF FF FF FF FF FF FF FF FF FF FF FF FF FF FF FF ...
T66FC 056:845.248   completely In flash
T66FC 056:845.300 - 0.182ms returns 0xBE0
T66FC 056:845.972 JLINK_WriteMem(0x02078230, 0xBE0 Bytes, ...)
T66FC 056:846.016   Data:  FF FF FF FF FF FF FF FF FF FF FF FF FF FF FF FF ...
T66FC 056:846.088   completely In flash
T66FC 056:846.152 - 0.182ms returns 0xBE0
T66FC 056:846.816 JLINK_WriteMem(0x02078E10, 0xBE0 Bytes, ...)
T66FC 056:846.888   Data:  FF FF FF FF FF FF FF FF FF FF FF FF FF FF FF FF ...
T66FC 056:846.956   completely In flash
T66FC 056:847.028 - 0.211ms returns 0xBE0
T66FC 056:847.712 JLINK_WriteMem(0x020799F0, 0xBE0 Bytes, ...)
T66FC 056:847.776   Data:  FF FF FF FF FF FF FF FF FF FF FF FF FF FF FF FF ...
T66FC 056:847.816   completely In flash
T66FC 056:847.860 - 0.145ms returns 0xBE0
T66FC 056:848.520 JLINK_WriteMem(0x0207A5D0, 0xBE0 Bytes, ...)
T66FC 056:848.616   Data:  FF FF FF FF FF FF FF FF FF FF FF FF FF FF FF FF ...
T66FC 056:848.712   completely In flash
T66FC 056:848.780 - 0.257ms returns 0xBE0
T66FC 056:849.804 JLINK_WriteMem(0x0207B1B0, 0xBE0 Bytes, ...)
T66FC 056:850.048   Data:  FF FF FF FF FF FF FF FF FF FF FF FF FF FF FF FF ...
T66FC 056:850.136   completely In flash
T66FC 056:850.208 - 0.405ms returns 0xBE0
T66FC 056:851.192 JLINK_WriteMem(0x0207BD90, 0xBE0 Bytes, ...)
T66FC 056:851.276   Data:  FF FF FF FF FF FF FF FF FF FF FF FF FF FF FF FF ...
T66FC 056:851.352   completely In flash
T66FC 056:851.424 - 0.229ms returns 0xBE0
T66FC 056:852.184 JLINK_WriteMem(0x0207C970, 0xBE0 Bytes, ...)
T66FC 056:852.264   Data:  FF FF FF FF FF FF FF FF FF FF FF FF FF FF FF FF ...
T66FC 056:852.340   completely In flash
T66FC 056:852.408 - 0.222ms returns 0xBE0
T66FC 056:853.236 JLINK_WriteMem(0x0207D550, 0xBE0 Bytes, ...)
T66FC 056:853.292   Data:  FF FF FF FF FF FF FF FF FF FF FF FF FF FF FF FF ...
T66FC 056:853.364   completely In flash
T66FC 056:853.428 - 0.194ms returns 0xBE0
T66FC 056:854.112 JLINK_WriteMem(0x0207E130, 0xBE0 Bytes, ...)
T66FC 056:854.164   Data:  FF FF FF FF FF FF FF FF FF FF FF FF FF FF FF FF ...
T66FC 056:854.472   completely In flash
T66FC 056:854.548 - 0.434ms returns 0xBE0
T66FC 056:855.264 JLINK_WriteMem(0x0207ED10, 0xBE0 Bytes, ...)
T66FC 056:855.320   Data:  FF FF FF FF FF FF FF FF FF FF FF FF FF FF FF FF ...
T66FC 056:855.404   completely In flash
T66FC 056:855.456 - 0.195ms returns 0xBE0
T66FC 056:856.088 JLINK_WriteMem(0x0207F8F0, 0xBE0 Bytes, ...)
T66FC 056:856.140   Data:  FF FF FF FF FF FF FF FF FF FF FF FF FF FF FF FF ...
T66FC 056:856.212   completely In flash
T66FC 056:856.268 - 0.179ms returns 0xBE0
T66FC 056:856.876 JLINK_WriteMem(0x020804D0, 0xBE0 Bytes, ...)
T66FC 056:856.936   Data:  FF FF FF FF FF FF FF FF FF FF FF FF FF FF FF FF ...
T66FC 056:857.004   completely In flash
T66FC 056:857.076 - 0.199ms returns 0xBE0
T66FC 056:857.876 JLINK_WriteMem(0x020810B0, 0xBE0 Bytes, ...)
T66FC 056:857.952   Data:  FF FF FF FF FF FF FF FF FF FF FF FF FF FF FF FF ...
T66FC 056:858.028   completely In flash
T66FC 056:858.072 - 0.200ms returns 0xBE0
T66FC 056:858.836 JLINK_WriteMem(0x02081C90, 0xBE0 Bytes, ...)
T66FC 056:858.900   Data:  FF FF FF FF FF FF FF FF FF FF FF FF FF FF FF FF ...
T66FC 056:858.976   completely In flash
T66FC 056:859.016 - 0.180ms returns 0xBE0
T66FC 056:860.440 JLINK_WriteMem(0x02082870, 0xBE0 Bytes, ...)
T66FC 056:860.500   Data:  FF FF FF FF FF FF FF FF FF FF FF FF FF FF FF FF ...
T66FC 056:860.552   completely In flash
T66FC 056:860.596 - 0.152ms returns 0xBE0
T66FC 056:861.292 JLINK_WriteMem(0x02083450, 0xBE0 Bytes, ...)
T66FC 056:861.388   Data:  FF FF FF FF FF FF FF FF FF FF FF FF FF FF FF FF ...
T66FC 056:861.432   completely In flash
T66FC 056:861.480 - 0.184ms returns 0xBE0
T66FC 056:862.280 JLINK_WriteMem(0x02084030, 0xBE0 Bytes, ...)
T66FC 056:862.360   Data:  FF FF FF FF FF FF FF FF FF FF FF FF FF FF FF FF ...
T66FC 056:862.408   completely In flash
T66FC 056:862.444 - 0.167ms returns 0xBE0
T66FC 056:863.020 JLINK_WriteMem(0x02084C10, 0xBE0 Bytes, ...)
T66FC 056:863.092   Data:  FF FF FF FF FF FF FF FF FF FF FF FF FF FF FF FF ...
T66FC 056:863.136   completely In flash
T66FC 056:863.180 - 0.158ms returns 0xBE0
T66FC 056:863.688 JLINK_WriteMem(0x020857F0, 0xBE0 Bytes, ...)
T66FC 056:863.736   Data:  FF FF FF FF FF FF FF FF FF FF FF FF FF FF FF FF ...
T66FC 056:863.784   completely In flash
T66FC 056:863.820 - 0.129ms returns 0xBE0
T66FC 056:864.556 JLINK_WriteMem(0x020863D0, 0xBE0 Bytes, ...)
T66FC 056:864.628   Data:  FF FF FF FF FF FF FF FF FF FF FF FF FF FF FF FF ...
T66FC 056:864.672   completely In flash
T66FC 056:864.712 - 0.157ms returns 0xBE0
T66FC 056:865.288 JLINK_WriteMem(0x02086FB0, 0xBE0 Bytes, ...)
T66FC 056:865.416   Data:  FF FF FF FF FF FF FF FF FF FF FF FF FF FF FF FF ...
T66FC 056:865.464   completely In flash
T66FC 056:865.496 - 0.212ms returns 0xBE0
T66FC 056:866.136 JLINK_WriteMem(0x02087B90, 0xBE0 Bytes, ...)
T66FC 056:866.188   Data:  FF FF FF FF FF FF FF FF FF FF FF FF FF FF FF FF ...
T66FC 056:866.220   completely In flash
T66FC 056:866.260 - 0.121ms returns 0xBE0
T66FC 056:866.888 JLINK_WriteMem(0x02088770, 0xBE0 Bytes, ...)
T66FC 056:866.952   Data:  FF FF FF FF FF FF FF FF FF FF FF FF FF FF FF FF ...
T66FC 056:866.988   completely In flash
T66FC 056:867.028 - 0.140ms returns 0xBE0
T66FC 056:867.660 JLINK_WriteMem(0x02089350, 0xBE0 Bytes, ...)
T66FC 056:867.712   Data:  FF FF FF FF FF FF FF FF FF FF FF FF FF FF FF FF ...
T66FC 056:867.756   completely In flash
T66FC 056:867.788 - 0.129ms returns 0xBE0
T66FC 056:868.460 JLINK_WriteMem(0x02089F30, 0xBE0 Bytes, ...)
T66FC 056:868.524   Data:  FF FF FF FF FF FF FF FF FF FF FF FF FF FF FF FF ...
T66FC 056:868.564   completely In flash
T66FC 056:868.608 - 0.143ms returns 0xBE0
T66FC 056:869.260 JLINK_WriteMem(0x0208AB10, 0xBE0 Bytes, ...)
T66FC 056:869.344   Data:  FF FF FF FF FF FF FF FF FF FF FF FF FF FF FF FF ...
T66FC 056:869.396   completely In flash
T66FC 056:869.440 - 0.179ms returns 0xBE0
T66FC 056:870.092 JLINK_WriteMem(0x0208B6F0, 0xBE0 Bytes, ...)
T66FC 056:870.156   Data:  FF FF FF FF FF FF FF FF FF FF FF FF FF FF FF FF ...
T66FC 056:870.196   completely In flash
T66FC 056:870.232 - 0.141ms returns 0xBE0
T66FC 056:870.752 JLINK_WriteMem(0x0208C2D0, 0xBE0 Bytes, ...)
T66FC 056:870.828   Data:  FF FF FF FF FF FF FF FF FF FF FF FF FF FF FF FF ...
T66FC 056:870.868   completely In flash
T66FC 056:870.904 - 0.156ms returns 0xBE0
T66FC 056:871.436 JLINK_WriteMem(0x0208CEB0, 0xBE0 Bytes, ...)
T66FC 056:871.480   Data:  FF FF FF FF FF FF FF FF FF FF FF FF FF FF FF FF ...
T66FC 056:871.912   completely In flash
T66FC 056:871.976 - 0.538ms returns 0xBE0
T66FC 056:872.564 JLINK_WriteMem(0x0208DA90, 0xBE0 Bytes, ...)
T66FC 056:872.616   Data:  FF FF FF FF FF FF FF FF FF FF FF FF FF FF FF FF ...
T66FC 056:872.652   completely In flash
T66FC 056:872.680 - 0.116ms returns 0xBE0
T66FC 056:873.268 JLINK_WriteMem(0x0208E670, 0xBE0 Bytes, ...)
T66FC 056:873.324   Data:  FF FF FF FF FF FF FF FF FF FF FF FF FF FF FF FF ...
T66FC 056:873.356   completely In flash
T66FC 056:873.384 - 0.112ms returns 0xBE0
T66FC 056:873.944 JLINK_WriteMem(0x0208F250, 0xBE0 Bytes, ...)
T66FC 056:873.996   Data:  FF FF FF FF FF FF FF FF FF FF FF FF FF FF FF FF ...
T66FC 056:874.048   completely In flash
T66FC 056:874.088 - 0.140ms returns 0xBE0
T66FC 056:874.612 JLINK_WriteMem(0x0208FE30, 0xBE0 Bytes, ...)
T66FC 056:874.656   Data:  FF FF FF FF FF FF FF FF FF FF FF FF FF FF FF FF ...
T66FC 056:874.680   completely In flash
T66FC 056:874.708 - 0.098ms returns 0xBE0
T66FC 056:875.112 JLINK_WriteMem(0x02090A10, 0xBE0 Bytes, ...)
T66FC 056:875.148   Data:  FF FF FF FF FF FF FF FF FF FF FF FF FF FF FF FF ...
T66FC 056:875.188   completely In flash
T66FC 056:875.232 - 0.120ms returns 0xBE0
T66FC 056:875.884 JLINK_WriteMem(0x020915F0, 0xBE0 Bytes, ...)
T66FC 056:875.948   Data:  FF FF FF FF FF FF FF FF FF FF FF FF FF FF FF FF ...
T66FC 056:876.000   completely In flash
T66FC 056:876.040 - 0.151ms returns 0xBE0
T66FC 056:876.856 JLINK_WriteMem(0x020921D0, 0xBE0 Bytes, ...)
T66FC 056:876.968   Data:  FF FF FF FF FF FF FF FF FF FF FF FF FF FF FF FF ...
T66FC 056:877.004   completely In flash
T66FC 056:877.048 - 0.196ms returns 0xBE0
T66FC 056:877.656 JLINK_WriteMem(0x02092DB0, 0xBE0 Bytes, ...)
T66FC 056:877.740   Data:  FF FF FF FF FF FF FF FF FF FF FF FF FF FF FF FF ...
T66FC 056:877.792   completely In flash
T66FC 056:877.832 - 0.172ms returns 0xBE0
T66FC 056:878.476 JLINK_WriteMem(0x02093990, 0xBE0 Bytes, ...)
T66FC 056:878.540   Data:  FF FF FF FF FF FF FF FF FF FF FF FF FF FF FF FF ...
T66FC 056:878.584   completely In flash
T66FC 056:878.624 - 0.147ms returns 0xBE0
T66FC 056:879.148 JLINK_WriteMem(0x02094570, 0xBE0 Bytes, ...)
T66FC 056:879.208   Data:  FF FF FF FF FF FF FF FF FF FF FF FF FF FF FF FF ...
T66FC 056:879.256   completely In flash
T66FC 056:879.296 - 0.146ms returns 0xBE0
T66FC 056:879.904 JLINK_WriteMem(0x02095150, 0xBE0 Bytes, ...)
T66FC 056:879.948   Data:  FF FF FF FF FF FF FF FF FF FF FF FF FF FF FF FF ...
T66FC 056:879.988   completely In flash
T66FC 056:880.024 - 0.126ms returns 0xBE0
T66FC 056:880.628 JLINK_WriteMem(0x02095D30, 0xBE0 Bytes, ...)
T66FC 056:880.684   Data:  FF FF FF FF FF FF FF FF FF FF FF FF FF FF FF FF ...
T66FC 056:880.736   completely In flash
T66FC 056:880.776 - 0.148ms returns 0xBE0
T66FC 056:881.356 JLINK_WriteMem(0x02096910, 0xBE0 Bytes, ...)
T66FC 056:881.400   Data:  FF FF FF FF FF FF FF FF FF FF FF FF FF FF FF FF ...
T66FC 056:881.432   completely In flash
T66FC 056:881.460 - 0.102ms returns 0xBE0
T66FC 056:882.048 JLINK_WriteMem(0x020974F0, 0xBE0 Bytes, ...)
T66FC 056:882.104   Data:  FF FF FF FF FF FF FF FF FF FF FF FF FF FF FF FF ...
T66FC 056:882.144   completely In flash
T66FC 056:882.184 - 0.137ms returns 0xBE0
T66FC 056:882.828 JLINK_WriteMem(0x020980D0, 0xBE0 Bytes, ...)
T66FC 056:882.868   Data:  FF FF FF FF FF FF FF FF FF FF FF FF FF FF FF FF ...
T66FC 056:882.904   completely In flash
T66FC 056:882.944 - 0.116ms returns 0xBE0
T66FC 056:883.552 JLINK_WriteMem(0x02098CB0, 0xBE0 Bytes, ...)
T66FC 056:883.608   Data:  FF FF FF FF FF FF FF FF FF FF FF FF FF FF FF FF ...
T66FC 056:883.656   completely In flash
T66FC 056:883.692 - 0.146ms returns 0xBE0
T66FC 056:884.300 JLINK_WriteMem(0x02099890, 0xBE0 Bytes, ...)
T66FC 056:884.352   Data:  FF FF FF FF FF FF FF FF FF FF FF FF FF FF FF FF ...
T66FC 056:884.392   completely In flash
T66FC 056:884.424 - 0.120ms returns 0xBE0
T66FC 056:885.024 JLINK_WriteMem(0x0209A470, 0xBE0 Bytes, ...)
T66FC 056:885.068   Data:  FF FF FF FF FF FF FF FF FF FF FF FF FF FF FF FF ...
T66FC 056:885.100   completely In flash
T66FC 056:885.132 - 0.110ms returns 0xBE0
T66FC 056:886.156 JLINK_WriteMem(0x0209B050, 0xBE0 Bytes, ...)
T66FC 056:886.208   Data:  FF FF FF FF FF FF FF FF FF FF FF FF FF FF FF FF ...
T66FC 056:886.232   completely In flash
T66FC 056:886.260 - 0.105ms returns 0xBE0
T66FC 056:886.860 JLINK_WriteMem(0x0209BC30, 0xBE0 Bytes, ...)
T66FC 056:886.920   Data:  FF FF FF FF FF FF FF FF FF FF FF FF FF FF FF FF ...
T66FC 056:886.956   completely In flash
T66FC 056:886.996 - 0.134ms returns 0xBE0
T66FC 056:887.552 JLINK_WriteMem(0x0209C810, 0xBE0 Bytes, ...)
T66FC 056:887.592   Data:  FF FF FF FF FF FF FF FF FF FF FF FF FF FF FF FF ...
T66FC 056:887.624   completely In flash
T66FC 056:887.656 - 0.102ms returns 0xBE0
T66FC 056:888.192 JLINK_WriteMem(0x0209D3F0, 0xBE0 Bytes, ...)
T66FC 056:888.232   Data:  FF FF FF FF FF FF FF FF FF FF FF FF FF FF FF FF ...
T66FC 056:888.492   completely In flash
T66FC 056:888.524 - 0.333ms returns 0xBE0
T66FC 056:888.992 JLINK_WriteMem(0x0209DFD0, 0xBE0 Bytes, ...)
T66FC 056:889.036   Data:  FF FF FF FF FF FF FF FF FF FF FF FF FF FF FF FF ...
T66FC 056:889.076   completely In flash
T66FC 056:889.112 - 0.123ms returns 0xBE0
T66FC 056:889.644 JLINK_WriteMem(0x0209EBB0, 0xBE0 Bytes, ...)
T66FC 056:889.684   Data:  FF FF FF FF FF FF FF FF FF FF FF FF FF FF FF FF ...
T66FC 056:889.716   completely In flash
T66FC 056:889.740 - 0.091ms returns 0xBE0
T66FC 056:890.828 JLINK_WriteMem(0x0209F790, 0x870 Bytes, ...)
T66FC 056:890.904   Data:  FF FF FF FF FF FF FF FF FF FF FF FF FF FF FF FF ...
T66FC 056:891.400   completely In flash
T66FC 056:891.464 - 0.639ms returns 0x870
T66FC 056:927.936 JLINK_EndDownload()
T66FC 056:928.296   CPU_ReadMem(4 bytes @ 0xE000ED90)
T66FC 056:928.680   CPU_ReadMem(4 bytes @ 0xE000ED94)
T66FC 056:929.132    -- --------------------------------------
T66FC 056:929.228    -- Start of determining flash info (Bank @ 0x02000000)
T66FC 056:929.268    -- End of determining flash info
T66FC 056:929.292    -- Start of determining dirty areas in flash cache
T66FC 056:929.400    -- Filling invalid ranges in sector buffer (flash cache) for sector @ 0x02070000 if necessary
T66FC 056:929.432    -- Filling invalid ranges in sector buffer (flash cache) for sector @ 0x02070800 if necessary
T66FC 056:929.460    -- Filling invalid ranges in sector buffer (flash cache) for sector @ 0x02071000 if necessary
T66FC 056:929.484    -- Filling invalid ranges in sector buffer (flash cache) for sector @ 0x02071800 if necessary
T66FC 056:929.512    -- Filling invalid ranges in sector buffer (flash cache) for sector @ 0x02072000 if necessary
T66FC 056:929.536    -- Filling invalid ranges in sector buffer (flash cache) for sector @ 0x02072800 if necessary
T66FC 056:929.560    -- Filling invalid ranges in sector buffer (flash cache) for sector @ 0x02073000 if necessary
T66FC 056:929.588    -- Filling invalid ranges in sector buffer (flash cache) for sector @ 0x02073800 if necessary
T66FC 056:929.620    -- Filling invalid ranges in sector buffer (flash cache) for sector @ 0x02074000 if necessary
T66FC 056:929.644    -- Filling invalid ranges in sector buffer (flash cache) for sector @ 0x02074800 if necessary
T66FC 056:929.684    -- Filling invalid ranges in sector buffer (flash cache) for sector @ 0x02075000 if necessary
T66FC 056:929.720    -- Filling invalid ranges in sector buffer (flash cache) for sector @ 0x02075800 if necessary
T66FC 056:929.752    -- Filling invalid ranges in sector buffer (flash cache) for sector @ 0x02076000 if necessary
T66FC 056:929.780    -- Filling invalid ranges in sector buffer (flash cache) for sector @ 0x02076800 if necessary
T66FC 056:929.824    -- Filling invalid ranges in sector buffer (flash cache) for sector @ 0x02077000 if necessary
T66FC 056:929.848    -- Filling invalid ranges in sector buffer (flash cache) for sector @ 0x02077800 if necessary
T66FC 056:929.880    -- Filling invalid ranges in sector buffer (flash cache) for sector @ 0x02078000 if necessary
T66FC 056:929.908    -- Filling invalid ranges in sector buffer (flash cache) for sector @ 0x02078800 if necessary
T66FC 056:929.932    -- Filling invalid ranges in sector buffer (flash cache) for sector @ 0x02079000 if necessary
T66FC 056:929.964    -- Filling invalid ranges in sector buffer (flash cache) for sector @ 0x02079800 if necessary
T66FC 056:929.992    -- Filling invalid ranges in sector buffer (flash cache) for sector @ 0x0207A000 if necessary
T66FC 056:930.024    -- Filling invalid ranges in sector buffer (flash cache) for sector @ 0x0207A800 if necessary
T66FC 056:930.048    -- Filling invalid ranges in sector buffer (flash cache) for sector @ 0x0207B000 if necessary
T66FC 056:930.088    -- Filling invalid ranges in sector buffer (flash cache) for sector @ 0x0207B800 if necessary
T66FC 056:930.124    -- Filling invalid ranges in sector buffer (flash cache) for sector @ 0x0207C000 if necessary
T66FC 056:930.168    -- Filling invalid ranges in sector buffer (flash cache) for sector @ 0x0207C800 if necessary
T66FC 056:930.220    -- Filling invalid ranges in sector buffer (flash cache) for sector @ 0x0207D000 if necessary
T66FC 056:930.264    -- Filling invalid ranges in sector buffer (flash cache) for sector @ 0x0207D800 if necessary
T66FC 056:930.304    -- Filling invalid ranges in sector buffer (flash cache) for sector @ 0x0207E000 if necessary
T66FC 056:930.344    -- Filling invalid ranges in sector buffer (flash cache) for sector @ 0x0207E800 if necessary
T66FC 056:930.376    -- Filling invalid ranges in sector buffer (flash cache) for sector @ 0x0207F000 if necessary
T66FC 056:930.408    -- Filling invalid ranges in sector buffer (flash cache) for sector @ 0x0207F800 if necessary
T66FC 056:930.444    -- Filling invalid ranges in sector buffer (flash cache) for sector @ 0x02080000 if necessary
T66FC 056:930.484    -- Filling invalid ranges in sector buffer (flash cache) for sector @ 0x02080800 if necessary
T66FC 056:930.516    -- Filling invalid ranges in sector buffer (flash cache) for sector @ 0x02081000 if necessary
T66FC 056:930.560    -- Filling invalid ranges in sector buffer (flash cache) for sector @ 0x02081800 if necessary
T66FC 056:930.592    -- Filling invalid ranges in sector buffer (flash cache) for sector @ 0x02082000 if necessary
T66FC 056:930.632    -- Filling invalid ranges in sector buffer (flash cache) for sector @ 0x02082800 if necessary
T66FC 056:930.664    -- Filling invalid ranges in sector buffer (flash cache) for sector @ 0x02083000 if necessary
T66FC 056:930.688    -- Filling invalid ranges in sector buffer (flash cache) for sector @ 0x02083800 if necessary
T66FC 056:930.712    -- Filling invalid ranges in sector buffer (flash cache) for sector @ 0x02084000 if necessary
T66FC 056:930.744    -- Filling invalid ranges in sector buffer (flash cache) for sector @ 0x02084800 if necessary
T66FC 056:930.772    -- Filling invalid ranges in sector buffer (flash cache) for sector @ 0x02085000 if necessary
T66FC 056:930.804    -- Filling invalid ranges in sector buffer (flash cache) for sector @ 0x02085800 if necessary
T66FC 056:930.836    -- Filling invalid ranges in sector buffer (flash cache) for sector @ 0x02086000 if necessary
T66FC 056:930.872    -- Filling invalid ranges in sector buffer (flash cache) for sector @ 0x02086800 if necessary
T66FC 056:930.900    -- Filling invalid ranges in sector buffer (flash cache) for sector @ 0x02087000 if necessary
T66FC 056:930.944    -- Filling invalid ranges in sector buffer (flash cache) for sector @ 0x02087800 if necessary
T66FC 056:930.984    -- Filling invalid ranges in sector buffer (flash cache) for sector @ 0x02088000 if necessary
T66FC 056:931.008    -- Filling invalid ranges in sector buffer (flash cache) for sector @ 0x02088800 if necessary
T66FC 056:931.040    -- Filling invalid ranges in sector buffer (flash cache) for sector @ 0x02089000 if necessary
T66FC 056:931.064    -- Filling invalid ranges in sector buffer (flash cache) for sector @ 0x02089800 if necessary
T66FC 056:931.092    -- Filling invalid ranges in sector buffer (flash cache) for sector @ 0x0208A000 if necessary
T66FC 056:931.116    -- Filling invalid ranges in sector buffer (flash cache) for sector @ 0x0208A800 if necessary
T66FC 056:931.148    -- Filling invalid ranges in sector buffer (flash cache) for sector @ 0x0208B000 if necessary
T66FC 056:931.176    -- Filling invalid ranges in sector buffer (flash cache) for sector @ 0x0208B800 if necessary
T66FC 056:931.212    -- Filling invalid ranges in sector buffer (flash cache) for sector @ 0x0208C000 if necessary
T66FC 056:931.244    -- Filling invalid ranges in sector buffer (flash cache) for sector @ 0x0208C800 if necessary
T66FC 056:931.272    -- Filling invalid ranges in sector buffer (flash cache) for sector @ 0x0208D000 if necessary
T66FC 056:931.296    -- Filling invalid ranges in sector buffer (flash cache) for sector @ 0x0208D800 if necessary
T66FC 056:931.320    -- Filling invalid ranges in sector buffer (flash cache) for sector @ 0x0208E000 if necessary
T66FC 056:931.348    -- Filling invalid ranges in sector buffer (flash cache) for sector @ 0x0208E800 if necessary
T66FC 056:931.380    -- Filling invalid ranges in sector buffer (flash cache) for sector @ 0x0208F000 if necessary
T66FC 056:931.404    -- Filling invalid ranges in sector buffer (flash cache) for sector @ 0x0208F800 if necessary
T66FC 056:931.432    -- Filling invalid ranges in sector buffer (flash cache) for sector @ 0x02090000 if necessary
T66FC 056:931.456    -- Filling invalid ranges in sector buffer (flash cache) for sector @ 0x02090800 if necessary
T66FC 056:931.500    -- Filling invalid ranges in sector buffer (flash cache) for sector @ 0x02091000 if necessary
T66FC 056:931.540    -- Filling invalid ranges in sector buffer (flash cache) for sector @ 0x02091800 if necessary
T66FC 056:931.576    -- Filling invalid ranges in sector buffer (flash cache) for sector @ 0x02092000 if necessary
T66FC 056:931.616    -- Filling invalid ranges in sector buffer (flash cache) for sector @ 0x02092800 if necessary
T66FC 056:931.648    -- Filling invalid ranges in sector buffer (flash cache) for sector @ 0x02093000 if necessary
T66FC 056:931.688    -- Filling invalid ranges in sector buffer (flash cache) for sector @ 0x02093800 if necessary
T66FC 056:931.720    -- Filling invalid ranges in sector buffer (flash cache) for sector @ 0x02094000 if necessary
T66FC 056:931.744    -- Filling invalid ranges in sector buffer (flash cache) for sector @ 0x02094800 if necessary
T66FC 056:931.768    -- Filling invalid ranges in sector buffer (flash cache) for sector @ 0x02095000 if necessary
T66FC 056:931.800    -- Filling invalid ranges in sector buffer (flash cache) for sector @ 0x02095800 if necessary
T66FC 056:931.832    -- Filling invalid ranges in sector buffer (flash cache) for sector @ 0x02096000 if necessary
T66FC 056:931.864    -- Filling invalid ranges in sector buffer (flash cache) for sector @ 0x02096800 if necessary
T66FC 056:931.912    -- Filling invalid ranges in sector buffer (flash cache) for sector @ 0x02097000 if necessary
T66FC 056:931.944    -- Filling invalid ranges in sector buffer (flash cache) for sector @ 0x02097800 if necessary
T66FC 056:931.988    -- Filling invalid ranges in sector buffer (flash cache) for sector @ 0x02098000 if necessary
T66FC 056:932.024    -- Filling invalid ranges in sector buffer (flash cache) for sector @ 0x02098800 if necessary
T66FC 056:932.064    -- Filling invalid ranges in sector buffer (flash cache) for sector @ 0x02099000 if necessary
T66FC 056:932.108    -- Filling invalid ranges in sector buffer (flash cache) for sector @ 0x02099800 if necessary
T66FC 056:932.140    -- Filling invalid ranges in sector buffer (flash cache) for sector @ 0x0209A000 if necessary
T66FC 056:932.168    -- Filling invalid ranges in sector buffer (flash cache) for sector @ 0x0209A800 if necessary
T66FC 056:932.192    -- Filling invalid ranges in sector buffer (flash cache) for sector @ 0x0209B000 if necessary
T66FC 056:932.236    -- Filling invalid ranges in sector buffer (flash cache) for sector @ 0x0209B800 if necessary
T66FC 056:932.268    -- Filling invalid ranges in sector buffer (flash cache) for sector @ 0x0209C000 if necessary
T66FC 056:932.300    -- Filling invalid ranges in sector buffer (flash cache) for sector @ 0x0209C800 if necessary
T66FC 056:932.340    -- Filling invalid ranges in sector buffer (flash cache) for sector @ 0x0209D000 if necessary
T66FC 056:932.376    -- Filling invalid ranges in sector buffer (flash cache) for sector @ 0x0209D800 if necessary
T66FC 056:932.416    -- Filling invalid ranges in sector buffer (flash cache) for sector @ 0x0209E000 if necessary
T66FC 056:932.460    -- Filling invalid ranges in sector buffer (flash cache) for sector @ 0x0209E800 if necessary
T66FC 056:932.492    -- Filling invalid ranges in sector buffer (flash cache) for sector @ 0x0209F000 if necessary
T66FC 056:932.532    -- Filling invalid ranges in sector buffer (flash cache) for sector @ 0x0209F800 if necessary
T66FC 056:932.648    -- End of determining dirty areas
T66FC 056:932.684    -- Start of preparing flash programming
T66FC 056:932.724    -- Preparing RAMCode
T66FC 056:932.756    -- Calculating RAM usage
T66FC 056:932.800    -- RAM usage = 19424 Bytes
T66FC 056:932.844    -- Preserving CPU registers
T66FC 056:932.920    -- Preparing memory
T66FC 056:932.960    -- Preparing target
T66FC 056:932.992    -- Preserving target RAM temporarily used for programming
T66FC 057:043.976    -- Downloading RAMCode
T66FC 057:074.100    -- Initializing RAMCode (InitType: 3 = Verify)
T66FC 057:074.220    -- Executing SEGGER_FL_Prepare(3)
T66FC 057:079.820    -- SEGGER_FL_Prepare() changed clock speed to 150000000Hz
T66FC 057:079.928    -- End of preparing flash programming
T66FC 057:082.144    -- CPU is running at 150000 kHz.
T66FC 057:082.284    -- Start of comparing flash
T66FC 057:082.312    -- CRC check was estimated as fastest method
T66FC 057:096.696    -- Comparing range 0x2070000 - 0x208FFFF (64 Sectors, 128 KB), using single-block CRC calculation
T66FC 057:163.104    -- CRC does not match, checking individual sectors
T66FC 057:181.972    -- CRC does not match for sectors 224-239
T66FC 057:200.736    -- CRC matches for sectors 240-255
T66FC 057:219.936    -- CRC matches for sectors 256-271
T66FC 057:238.348    -- CRC matches for sectors 272-287
T66FC 057:238.760    -- Comparing range 0x2090000 - 0x209FFFF (32 Sectors, 64 KB), using single-block CRC calculation
T66FC 057:272.328    -- CRC does not match, checking individual sectors
T66FC 057:290.728    -- CRC matches for sectors 288-303
T66FC 057:309.216    -- CRC does not match for sectors 304-319
T66FC 057:309.848    -- Comparing range 0x2078000 - 0x2097FFF (64 Sectors, 128 KB), using alternative single-block CRC calculation
T66FC 057:373.100    -- CRC matches
T66FC 057:373.192    -- End of comparing flash
T66FC 057:373.224    -- Start of erasing sectors
T66FC 057:373.248    -- Erasing range 0x02070000 - 0x02077FFF ( 16 Sectors, 32 KB)
T66FC 057:438.424    -- Erasing range 0x02098000 - 0x0209FFFF ( 16 Sectors, 32 KB)
T66FC 057:503.872    -- End of erasing sectors
T66FC 057:503.968    -- Start of flash programming
T66FC 057:504.000    -- Programming range 0x02070000 - 0x02077FFF ( 16 Sectors, 32 KB)
T66FC 057:609.664    -- Programming range 0x02098000 - 0x0209FFFF ( 16 Sectors, 32 KB)
T66FC 057:626.776    -- End of flash programming
T66FC 057:626.900    -- 0x2070000 - 0x2077FFF ( 16 Sectors, 32 KB)
T66FC 057:626.932    -- 0x2098000 - 0x209FFFF ( 16 Sectors, 32 KB)
T66FC 057:626.964    -- Start of verifying flash
T66FC 057:626.988    -- Checksum calculation was estimated as fastest method
T66FC 057:627.028    -- Checksum is not supported by this flash bank. Switched to read back method.
T66FC 057:669.672    -- Checksum calculation was estimated as fastest method
T66FC 057:669.760    -- Checksum is not supported by this flash bank. Switched to read back method.
T66FC 057:690.476    -- End of verifying flash
T66FC 057:690.612    -- Start of restoring
T66FC 057:690.664    -- Executing SEGGER_FL_Restore()
T66FC 057:696.800    -- Restoring target memory
T66FC 057:796.940    -- Restoring CPU registers
T66FC 057:797.720    -- End of restoring
T66FC 057:797.868    -- Bank 0 @ 0x02000000: 2 ranges affected (65536 bytes)
T66FC 057:797.952    -- Total: 0.865s (Prepare: 0.149s, Compare: 0.290s, Erase: 0.130s, Program: 0.146s, Verify: 0.040s, Restore: 0.107s)
T66FC 057:798.028    -- Program speed: 438 KB/s
T66FC 057:911.860 - 983.915ms returns 65536 (0x10000)
T66FC 057:913.280 JLINK_WriteMem(0x22003A90, 0x4 Bytes, ...)
T66FC 057:913.344   Data:  00 00 00 00
T66FC 057:913.376   CPU_WriteMem(4 bytes @ 0x22003A90)
T66FC 057:914.168 - 0.885ms returns 0x4
T66FC 057:914.240 JLINK_ReadMem(0x22003A90, 0x4 Bytes, ...)
T66FC 057:914.272   CPU_ReadMem(4 bytes @ 0x22003A90)
T66FC 057:914.984   Data:  00 00 00 00
T66FC 057:915.040 - 0.798ms returns 0
T66FC 057:915.060 JLINK_ReadMem(0x22003A6C, 0x4 Bytes, ...)
T66FC 057:915.080   CPU_ReadMem(4 bytes @ 0x22003A6C)
T66FC 057:915.944   Data:  2C 34 00 22
T66FC 057:915.988 - 0.929ms returns 0
T66FC 057:916.012 JLINK_ReadMem(0x020135AC, 0x4 Bytes, ...)
T66FC 057:916.032    -- Read from flash cache (4 bytes @ 0x020135AC)
T66FC 057:916.052   Data:  04 00 00 00
T66FC 057:916.076 - 0.063ms returns 0
T66FC 059:551.412 JLINK_ReadMem(0x22003A90, 0x4 Bytes, ...)
T66FC 059:551.488   CPU_ReadMem(4 bytes @ 0x22003A90)
T66FC 059:552.184   Data:  00 00 00 00
T66FC 059:552.280 - 0.871ms returns 0
T66FC 059:552.320 JLINK_ReadMem(0x22003A6C, 0x4 Bytes, ...)
T66FC 059:552.360   CPU_ReadMem(4 bytes @ 0x22003A6C)
T66FC 059:553.196   Data:  2C 34 00 22
T66FC 059:553.280 - 0.957ms returns 0
T66FC 059:553.312 JLINK_ReadMem(0x020135AC, 0x4 Bytes, ...)
T66FC 059:553.332    -- Read from flash cache (4 bytes @ 0x020135AC)
T66FC 059:553.356   Data:  04 00 00 00
T66FC 059:553.384 - 0.072ms returns 0
T66FC 059:555.220 JLINK_ReadMem(0xE0001004, 0x4 Bytes, ...)
T66FC 059:555.320   CPU_ReadMem(4 bytes @ 0xE0001004)
T66FC 059:555.884   Data:  97 57 79 05
T66FC 059:555.948   Debug reg: DWT_CYCCNT
T66FC 059:555.976 - 0.756ms returns 0
T66FC 059:556.000 JLINK_IsHalted()
T66FC 059:556.404 - 0.400ms returns TRUE
T66FC 059:558.008 JLINK_ReadMem(0xE0001004, 0x4 Bytes, ...)
T66FC 059:558.152   Data:  97 57 79 05
T66FC 059:558.184   Debug reg: DWT_CYCCNT
T66FC 059:558.220 - 0.209ms returns 0
T66FC 059:558.248 JLINK_GoEx(MaxEmulInsts = 0, Flags = 0x01)
T66FC 059:558.280   CPU_ReadMem(4 bytes @ 0xE0001000)
T66FC 059:558.648   CPU_WriteMem(4 bytes @ 0xE0002008)
T66FC 059:558.728   CPU_WriteMem(4 bytes @ 0xE000200C)
T66FC 059:558.760   CPU_WriteMem(4 bytes @ 0xE0002010)
T66FC 059:558.792   CPU_WriteMem(4 bytes @ 0xE0002014)
T66FC 059:558.828   CPU_WriteMem(4 bytes @ 0xE0002018)
T66FC 059:558.868   CPU_WriteMem(4 bytes @ 0xE000201C)
T66FC 059:558.904   CPU_WriteMem(4 bytes @ 0xE0002020)
T66FC 059:558.944   CPU_WriteMem(4 bytes @ 0xE0002024)
T66FC 059:563.968   Memory map 'after startup completion point' is active
T66FC 059:564.064 - 5.816ms 
T66FC 059:663.092 JLINK_IsHalted()
T66FC 059:663.572 - 0.478ms returns FALSE
T66FC 059:663.624 JLINK_IsHalted()
T66FC 059:664.096 - 0.469ms returns FALSE
T66FC 059:773.144 JLINK_IsHalted()
T66FC 059:773.864 - 0.715ms returns FALSE
T66FC 059:773.952 JLINK_IsHalted()
T66FC 059:774.476 - 0.524ms returns FALSE
T66FC 059:882.516 JLINK_IsHalted()
T66FC 059:883.092 - 0.580ms returns FALSE
T66FC 059:883.212 JLINK_IsHalted()
T66FC 059:883.852 - 0.642ms returns FALSE
T66FC 059:992.012 JLINK_IsHalted()
T66FC 059:992.504 - 0.496ms returns FALSE
T66FC 059:992.564 JLINK_IsHalted()
T66FC 059:993.004 - 0.439ms returns FALSE
T66FC 060:101.292 JLINK_IsHalted()
T66FC 060:101.832 - 0.537ms returns FALSE
T66FC 060:101.888 JLINK_IsHalted()
T66FC 060:102.432 - 0.541ms returns FALSE
T66FC 060:210.232 JLINK_IsHalted()
T66FC 060:210.740 - 0.503ms returns FALSE
T66FC 060:210.792 JLINK_IsHalted()
T66FC 060:211.220 - 0.432ms returns FALSE
T66FC 060:320.116 JLINK_IsHalted()
T66FC 060:320.712 - 0.593ms returns FALSE
T66FC 060:320.760 JLINK_IsHalted()
T66FC 060:321.160 - 0.397ms returns FALSE
T66FC 060:429.344 JLINK_IsHalted()
T66FC 060:429.832 - 0.487ms returns FALSE
T66FC 060:429.888 JLINK_IsHalted()
T66FC 060:430.336 - 0.447ms returns FALSE
T66FC 060:538.584 JLINK_IsHalted()
T66FC 060:539.256 - 0.668ms returns FALSE
T66FC 060:539.320 JLINK_IsHalted()
T66FC 060:539.724 - 0.406ms returns FALSE
T6064 060:554.380 JLINK_IsHalted()
T6064 060:554.912 - 0.532ms returns FALSE
T6064 060:554.964 JLINK_IsHalted()
T6064 060:555.380 - 0.414ms returns FALSE
T66FC 060:647.488 JLINK_IsHalted()
T66FC 060:648.192 - 0.700ms returns FALSE
T66FC 060:648.244 JLINK_IsHalted()
T66FC 060:649.000 - 0.750ms returns FALSE
T66FC 060:757.384 JLINK_IsHalted()
T66FC 060:758.156 - 0.773ms returns FALSE
T66FC 060:758.252 JLINK_IsHalted()
T66FC 060:758.808 - 0.550ms returns FALSE
T66FC 060:866.720 JLINK_IsHalted()
T66FC 060:867.432 - 0.709ms returns FALSE
T66FC 060:867.540 JLINK_IsHalted()
T66FC 060:868.204 - 0.662ms returns FALSE
T66FC 060:975.424 JLINK_IsHalted()
T66FC 060:976.024 - 0.604ms returns FALSE
T66FC 060:976.108 JLINK_IsHalted()
T66FC 060:976.648 - 0.539ms returns FALSE
T66FC 061:085.516 JLINK_IsHalted()
T66FC 061:086.120 - 0.604ms returns FALSE
T66FC 061:086.176 JLINK_IsHalted()
T66FC 061:086.732 - 0.554ms returns FALSE
T66FC 061:195.224 JLINK_IsHalted()
T66FC 061:195.848 - 0.616ms returns FALSE
T66FC 061:195.896 JLINK_IsHalted()
T66FC 061:196.500 - 0.597ms returns FALSE
T66FC 061:303.820 JLINK_IsHalted()
T66FC 061:304.404 - 0.585ms returns FALSE
T66FC 061:304.468 JLINK_IsHalted()
T66FC 061:304.856 - 0.387ms returns FALSE
T66FC 061:413.400 JLINK_IsHalted()
T66FC 061:413.920 - 0.518ms returns FALSE
T66FC 061:413.960 JLINK_IsHalted()
T66FC 061:414.388 - 0.428ms returns FALSE
T66FC 061:523.016 JLINK_IsHalted()
T66FC 061:523.572 - 0.553ms returns FALSE
T66FC 061:523.616 JLINK_IsHalted()
T66FC 061:524.148 - 0.533ms returns FALSE
T6064 061:555.980 JLINK_IsHalted()
T6064 061:556.616 - 0.630ms returns FALSE
T6064 061:556.680 JLINK_IsHalted()
T6064 061:557.176 - 0.501ms returns FALSE
T66FC 061:632.596 JLINK_IsHalted()
T66FC 061:633.164 - 0.567ms returns FALSE
T66FC 061:633.208 JLINK_IsHalted()
T66FC 061:633.664 - 0.455ms returns FALSE
T66FC 061:741.064 JLINK_IsHalted()
T66FC 061:741.580 - 0.515ms returns FALSE
T66FC 061:741.696 JLINK_IsHalted()
T66FC 061:742.196 - 0.499ms returns FALSE
T66FC 061:850.504 JLINK_IsHalted()
T66FC 061:850.996 - 0.488ms returns FALSE
T66FC 061:851.040 JLINK_IsHalted()
T66FC 061:851.456 - 0.414ms returns FALSE
T66FC 061:960.000 JLINK_IsHalted()
T66FC 061:960.480 - 0.477ms returns FALSE
T66FC 061:960.524 JLINK_IsHalted()
T66FC 061:960.936 - 0.408ms returns FALSE
T66FC 062:069.184 JLINK_IsHalted()
T66FC 062:069.708 - 0.528ms returns FALSE
T66FC 062:069.768 JLINK_IsHalted()
T66FC 062:070.184 - 0.410ms returns FALSE
T66FC 062:178.540 JLINK_IsHalted()
T66FC 062:179.060 - 0.521ms returns FALSE
T66FC 062:179.104 JLINK_IsHalted()
T66FC 062:179.640 - 0.535ms returns FALSE
T66FC 062:280.744 JLINK_IsHalted()
T66FC 062:281.236 - 0.493ms returns FALSE
T66FC 062:281.280 JLINK_IsHalted()
T66FC 062:281.696 - 0.412ms returns FALSE
T66FC 062:281.812 JLINK_IsHalted()
T66FC 062:282.240 - 0.430ms returns FALSE
T66FC 062:282.292 JLINK_IsHalted()
T66FC 062:282.760 - 0.467ms returns FALSE
T66FC 062:282.836 JLINK_Halt()
T66FC 062:286.452 - 3.615ms returns 0x00
T66FC 062:286.552 JLINK_IsHalted()
T66FC 062:286.572 - 0.020ms returns TRUE
T66FC 062:286.592 JLINK_ReadReg(XPSR)
T66FC 062:286.616   CPU_ReadMem(4 bytes @ 0xE000EE08)
T66FC 062:287.124 - 0.529ms returns 0x41000000
T66FC 062:287.168 JLINK_ReadReg(R15 (PC))
T66FC 062:287.188 - 0.022ms returns 0x02010708
T66FC 062:287.208 JLINK_ReadReg(XPSR)
T66FC 062:287.224 - 0.019ms returns 0x41000000
T66FC 062:287.276 JLINK_ReadReg(XPSR)
T66FC 062:287.296 - 0.019ms returns 0x41000000
T66FC 062:287.316 JLINK_ReadReg(R15 (PC))
T66FC 062:287.336 - 0.017ms returns 0x02010708
T66FC 062:287.352 JLINK_ReadReg(XPSR)
T66FC 062:287.372 - 0.018ms returns 0x41000000
T66FC 062:287.384 JLINK_ReadReg(XPSR)
T66FC 062:287.404 - 0.017ms returns 0x41000000
T66FC 062:287.424 JLINK_ReadMem(0x02010708, 0x1 Bytes, ...)
T66FC 062:287.448    -- Read from flash cache (1 bytes @ 0x02010708)
T66FC 062:287.468   Data:  6F
T66FC 062:287.496 - 0.071ms returns 0
T66FC 062:287.512 JLINK_IsHalted()
T66FC 062:287.532 - 0.016ms returns TRUE
T66FC 062:287.552 JLINK_ReadReg(XPSR)
T66FC 062:287.564 - 0.017ms returns 0x41000000
T66FC 062:287.592 JLINK_ReadReg(XPSR)
T66FC 062:287.608 - 0.022ms returns 0x41000000
T66FC 062:287.628 JLINK_ReadReg(R15 (PC))
T66FC 062:287.656 - 0.020ms returns 0x02010708
T66FC 062:287.724 JLINK_ReadReg(XPSR)
T66FC 062:287.752 - 0.027ms returns 0x41000000
T66FC 062:287.768 JLINK_ReadReg(XPSR)
T66FC 062:287.800 - 0.026ms returns 0x41000000
T66FC 062:287.820 JLINK_ReadMem(0x02010708, 0x1 Bytes, ...)
T66FC 062:287.848    -- Read from flash cache (1 bytes @ 0x02010708)
T66FC 062:287.872   Data:  6F
T66FC 062:287.896 - 0.076ms returns 0
T66FC 062:287.928 JLINK_IsHalted()
T66FC 062:287.948 - 0.016ms returns TRUE
T66FC 062:287.960 JLINK_ReadReg(XPSR)
T66FC 062:287.980 - 0.016ms returns 0x41000000
T66FC 062:287.992 JLINK_ReadReg(R15 (PC))
T66FC 062:288.012 - 0.015ms returns 0x02010708
T66FC 062:288.076 JLINK_ReadReg(XPSR)
T66FC 062:288.096 - 0.017ms returns 0x41000000
T66FC 062:288.116 JLINK_ReadReg(XPSR)
T66FC 062:288.128 - 0.017ms returns 0x41000000
T66FC 062:288.148 JLINK_ReadReg(R15 (PC))
T66FC 062:288.168 - 0.017ms returns 0x02010708
T66FC 062:288.184 JLINK_ReadReg(XPSR)
T66FC 062:288.204 - 0.018ms returns 0x41000000
T66FC 062:288.224 JLINK_ReadReg(XPSR)
T66FC 062:288.248 - 0.024ms returns 0x41000000
T66FC 062:288.268 JLINK_ReadMem(0x02010708, 0x1 Bytes, ...)
T66FC 062:288.280    -- Read from flash cache (1 bytes @ 0x02010708)
T66FC 062:288.312   Data:  6F
T66FC 062:288.340 - 0.073ms returns 0
T66FC 062:288.360 JLINK_IsHalted()
T66FC 062:288.376 - 0.017ms returns TRUE
T66FC 062:288.396 JLINK_ReadReg(XPSR)
T66FC 062:288.408 - 0.017ms returns 0x41000000
T66FC 062:288.428 JLINK_ReadReg(XPSR)
T66FC 062:288.448 - 0.018ms returns 0x41000000
T66FC 062:288.468 JLINK_ReadReg(R15 (PC))
T66FC 062:288.488 - 0.018ms returns 0x02010708
T66FC 062:288.500 JLINK_ReadReg(XPSR)
T66FC 062:288.520 - 0.017ms returns 0x41000000
T66FC 062:288.536 JLINK_ReadReg(XPSR)
T66FC 062:288.556 - 0.018ms returns 0x41000000
T66FC 062:288.576 JLINK_ReadMem(0x02010708, 0x1 Bytes, ...)
T66FC 062:288.596    -- Read from flash cache (1 bytes @ 0x02010708)
T66FC 062:288.620   Data:  6F
T66FC 062:288.648 - 0.071ms returns 0
T66FC 062:288.672 JLINK_ReadMem(0x22003A90, 0x4 Bytes, ...)
T66FC 062:288.696   CPU_ReadMem(4 bytes @ 0x22003A90)
T66FC 062:289.512   Data:  03 00 00 00
T66FC 062:289.568 - 0.891ms returns 0
T66FC 062:289.592 JLINK_ReadMem(0x22003A6C, 0x4 Bytes, ...)
T66FC 062:289.612   CPU_ReadMem(4 bytes @ 0x22003A6C)
T66FC 062:290.356   Data:  EC 34 00 22
T66FC 062:290.432 - 0.837ms returns 0
T66FC 062:290.484 JLINK_ReadMem(0x020135AC, 0x4 Bytes, ...)
T66FC 062:290.508    -- Read from flash cache (4 bytes @ 0x020135AC)
T66FC 062:290.548   Data:  04 00 00 00
T66FC 062:290.584 - 0.103ms returns 0
T66FC 062:290.604 JLINK_ReadMem(0x22003A74, 0x4 Bytes, ...)
T66FC 062:290.624   CPU_ReadMem(4 bytes @ 0x22003A74)
T66FC 062:291.380   Data:  01 00 00 00
T66FC 062:291.444 - 0.840ms returns 0
T66FC 062:292.760 JLINK_ReadMem(0x22003A90, 0x4 Bytes, ...)
T66FC 062:292.840   CPU_ReadMem(4 bytes @ 0x22003A90)
T66FC 062:293.624   Data:  03 00 00 00
T66FC 062:293.720 - 0.958ms returns 0
T66FC 062:293.760 JLINK_ReadMem(0x22003A6C, 0x4 Bytes, ...)
T66FC 062:293.792   CPU_ReadMem(4 bytes @ 0x22003A6C)
T66FC 062:294.572   Data:  EC 34 00 22
T66FC 062:294.696 - 0.936ms returns 0
T66FC 062:294.728 JLINK_ReadMem(0x020135AC, 0x4 Bytes, ...)
T66FC 062:294.744    -- Read from flash cache (4 bytes @ 0x020135AC)
T66FC 062:294.772   Data:  04 00 00 00
T66FC 062:294.996 - 0.270ms returns 0
T66FC 062:295.028 JLINK_ReadMem(0x22003A74, 0x4 Bytes, ...)
T66FC 062:295.060   CPU_ReadMem(4 bytes @ 0x22003A74)
T66FC 062:295.752   Data:  01 00 00 00
T66FC 062:295.820 - 0.793ms returns 0
T66FC 062:295.928 JLINK_ReadRegs(NumRegs = 20)
T66FC 062:295.988   
  R0 (0)        = 0xA500               R1 (1)        = 0x04                 R2 (2)        = 0x4001E3FA           R3 (3)        = 0x00              
  R4 (4)        = 0x22003A9C           R5 (5)        = 0xE000ED04           R6 (6)        = 0x10000000           R7 (7)        = 0x00              
  R8 (8)        = 0x00                 R9 (9)        = 0x00                 R10 (10)      = 0x00                 R11 (11)      = 0x00              
  R12 (12)      = 0xFFFFA502           R13 (SP) (13) = 0x22003738           R14 (14)      = 0x4001EA90           R15 (PC) (15) = 0x2010708         
  XPSR (16)     = 0x41000000           MSPLIM (86)   = 0x22003000           PSPLIM (87)   = 0x22003570           CFBP (20)     = 0x2000001         
T66FC 062:296.032 - 0.098ms returns 0x00
T66FC 062:296.852 JLINK_ReadMem(0x22003A90, 0x4 Bytes, ...)
T66FC 062:296.936   CPU_ReadMem(4 bytes @ 0x22003A90)
T66FC 062:297.656   Data:  03 00 00 00
T66FC 062:297.708 - 0.862ms returns 0
T66FC 062:297.736 JLINK_ReadMem(0x22003A6C, 0x4 Bytes, ...)
T66FC 062:297.752   CPU_ReadMem(4 bytes @ 0x22003A6C)
T66FC 062:298.616   Data:  EC 34 00 22
T66FC 062:298.664 - 0.928ms returns 0
T66FC 062:298.680 JLINK_ReadMem(0x020135AC, 0x4 Bytes, ...)
T66FC 062:298.700    -- Read from flash cache (4 bytes @ 0x020135AC)
T66FC 062:298.720   Data:  04 00 00 00
T66FC 062:298.744 - 0.063ms returns 0
T66FC 062:298.764 JLINK_ReadMem(0x22003A74, 0x4 Bytes, ...)
T66FC 062:298.784   CPU_ReadMem(4 bytes @ 0x22003A74)
T66FC 062:299.832   Data:  01 00 00 00
T66FC 062:299.936 - 1.174ms returns 0
T66FC 062:299.980 JLINK_ReadMem(0x22003A90, 0x4 Bytes, ...)
T66FC 062:300.008   CPU_ReadMem(4 bytes @ 0x22003A90)
T66FC 062:301.280   Data:  03 00 00 00
T66FC 062:301.352 - 1.372ms returns 0
T66FC 062:301.376 JLINK_ReadMem(0x22003A6C, 0x4 Bytes, ...)
T66FC 062:301.400   CPU_ReadMem(4 bytes @ 0x22003A6C)
T66FC 062:302.388   Data:  EC 34 00 22
T66FC 062:302.452 - 1.070ms returns 0
T66FC 062:302.472 JLINK_ReadMem(0x020135AC, 0x4 Bytes, ...)
T66FC 062:302.488    -- Read from flash cache (4 bytes @ 0x020135AC)
T66FC 062:302.516   Data:  04 00 00 00
T66FC 062:302.540 - 0.065ms returns 0
T66FC 062:302.552 JLINK_ReadMem(0x22003A74, 0x4 Bytes, ...)
T66FC 062:302.572   CPU_ReadMem(4 bytes @ 0x22003A74)
T66FC 062:303.424   Data:  01 00 00 00
T66FC 062:303.488 - 0.934ms returns 0
T66FC 062:304.616 JLINK_ReadMem(0x02010708, 0x4 Bytes, ...)
T66FC 062:304.744    -- Read from flash cache (4 bytes @ 0x02010708)
T66FC 062:304.768   Data:  6F 8F 72 B6
T66FC 062:304.788 - 0.173ms returns 0
T66FC 062:305.536 JLINK_ReadMem(0x22003A90, 0x4 Bytes, ...)
T66FC 062:305.624   CPU_ReadMem(4 bytes @ 0x22003A90)
T66FC 062:306.360   Data:  03 00 00 00
T66FC 062:306.420 - 0.883ms returns 0
T66FC 062:306.452 JLINK_ReadMem(0x22003A6C, 0x4 Bytes, ...)
T66FC 062:306.488   CPU_ReadMem(4 bytes @ 0x22003A6C)
T66FC 062:307.476   Data:  EC 34 00 22
T66FC 062:307.576 - 1.129ms returns 0
T66FC 062:307.616 JLINK_ReadMem(0x020135AC, 0x4 Bytes, ...)
T66FC 062:307.640    -- Read from flash cache (4 bytes @ 0x020135AC)
T66FC 062:307.660   Data:  04 00 00 00
T66FC 062:307.688 - 0.067ms returns 0
T66FC 062:307.704 JLINK_ReadMem(0x22003A74, 0x4 Bytes, ...)
T66FC 062:307.724   CPU_ReadMem(4 bytes @ 0x22003A74)
T66FC 062:308.588   Data:  01 00 00 00
T66FC 062:308.680 - 0.971ms returns 0
T66FC 062:309.472 JLINK_ReadReg(XPSR)
T66FC 062:309.516 - 0.043ms returns 0x41000000
T66FC 062:309.536 JLINK_ReadReg(MSP_S)
T66FC 062:309.556 - 0.017ms returns 0x220033A0
T66FC 062:310.260 JLINK_ReadMem(0x22003A90, 0x4 Bytes, ...)
T66FC 062:310.304   CPU_ReadMem(4 bytes @ 0x22003A90)
T66FC 062:311.252   Data:  03 00 00 00
T66FC 062:311.384 - 1.129ms returns 0
T66FC 062:311.424 JLINK_ReadMem(0x22003A6C, 0x4 Bytes, ...)
T66FC 062:311.456   CPU_ReadMem(4 bytes @ 0x22003A6C)
T66FC 062:312.224   Data:  EC 34 00 22
T66FC 062:312.296 - 0.867ms returns 0
T66FC 062:312.320 JLINK_ReadMem(0x020135AC, 0x4 Bytes, ...)
T66FC 062:312.340    -- Read from flash cache (4 bytes @ 0x020135AC)
T66FC 062:312.364   Data:  04 00 00 00
T66FC 062:312.392 - 0.068ms returns 0
T66FC 062:312.408 JLINK_ReadMem(0x22003A74, 0x4 Bytes, ...)
T66FC 062:312.428   CPU_ReadMem(4 bytes @ 0x22003A74)
T66FC 062:313.272   Data:  01 00 00 00
T66FC 062:313.324 - 0.918ms returns 0
T66FC 062:313.368 JLINK_ReadReg(XPSR)
T66FC 062:313.388 - 0.020ms returns 0x41000000
T66FC 062:313.408 JLINK_ReadReg(MSP_NS)
T66FC 062:313.428 - 0.016ms returns 0x00000000
T66FC 062:314.072 JLINK_ReadMem(0x22003A90, 0x4 Bytes, ...)
T66FC 062:314.136   CPU_ReadMem(4 bytes @ 0x22003A90)
T66FC 062:314.904   Data:  03 00 00 00
T66FC 062:314.968 - 0.888ms returns 0
T66FC 062:314.996 JLINK_ReadMem(0x22003A6C, 0x4 Bytes, ...)
T66FC 062:315.020   CPU_ReadMem(4 bytes @ 0x22003A6C)
T66FC 062:315.764   Data:  EC 34 00 22
T66FC 062:315.816 - 0.815ms returns 0
T66FC 062:315.832 JLINK_ReadMem(0x020135AC, 0x4 Bytes, ...)
T66FC 062:315.852    -- Read from flash cache (4 bytes @ 0x020135AC)
T66FC 062:315.872   Data:  04 00 00 00
T66FC 062:315.896 - 0.063ms returns 0
T66FC 062:315.916 JLINK_ReadMem(0x22003A74, 0x4 Bytes, ...)
T66FC 062:315.936   CPU_ReadMem(4 bytes @ 0x22003A74)
T66FC 062:317.000   Data:  01 00 00 00
T66FC 062:317.088 - 1.170ms returns 0
T66FC 062:317.144 JLINK_ReadReg(XPSR)
T66FC 062:317.164 - 0.021ms returns 0x41000000
T66FC 062:317.176 JLINK_ReadReg(PSP_S)
T66FC 062:317.196 - 0.016ms returns 0x22003738
T66FC 062:318.068 JLINK_ReadMem(0x22003A90, 0x4 Bytes, ...)
T66FC 062:318.328   CPU_ReadMem(4 bytes @ 0x22003A90)
T66FC 062:319.124   Data:  03 00 00 00
T66FC 062:319.188 - 1.124ms returns 0
T66FC 062:319.220 JLINK_ReadMem(0x22003A6C, 0x4 Bytes, ...)
T66FC 062:319.240   CPU_ReadMem(4 bytes @ 0x22003A6C)
T66FC 062:320.308   Data:  EC 34 00 22
T66FC 062:320.408 - 1.193ms returns 0
T66FC 062:320.440 JLINK_ReadMem(0x020135AC, 0x4 Bytes, ...)
T66FC 062:320.460    -- Read from flash cache (4 bytes @ 0x020135AC)
T66FC 062:320.500   Data:  04 00 00 00
T66FC 062:320.524 - 0.079ms returns 0
T66FC 062:320.536 JLINK_ReadMem(0x22003A74, 0x4 Bytes, ...)
T66FC 062:320.564   CPU_ReadMem(4 bytes @ 0x22003A74)
T66FC 062:321.400   Data:  01 00 00 00
T66FC 062:321.472 - 0.932ms returns 0
T66FC 062:321.536 JLINK_ReadReg(XPSR)
T66FC 062:321.556 - 0.021ms returns 0x41000000
T66FC 062:321.576 JLINK_ReadReg(PSP_NS)
T66FC 062:321.588 - 0.015ms returns 0x00000000
T66FC 062:323.400 JLINK_ReadMem(0x22003700, 0x40 Bytes, ...)
T66FC 062:323.448   CPU_ReadMem(64 bytes @ 0x22003700)
T66FC 062:324.760   Data:  00 00 00 00 01 00 00 00 04 ED 00 E0 01 00 00 00 ...
T66FC 062:324.872 - 1.470ms returns 0
T66FC 062:325.792 JLINK_ReadMem(0x02010748, 0x4 Bytes, ...)
T66FC 062:325.876    -- Read from flash cache (4 bytes @ 0x02010748)
T66FC 062:325.900   Data:  C3 BC 80 B5
T66FC 062:325.928 - 0.136ms returns 0
T66FC 062:327.904 JLINK_ReadMem(0x22003740, 0x40 Bytes, ...)
T66FC 062:327.968   CPU_ReadMem(64 bytes @ 0x22003740)
T66FC 062:329.096   Data:  00 00 00 00 29 29 01 02 00 00 00 00 50 39 00 22 ...
T66FC 062:329.152 - 1.253ms returns 0
T6064 062:333.760 JLINK_ReadReg(XPSR)
T6064 062:333.868 - 0.107ms returns 0x41000000
T6064 062:333.888 JLINK_ReadReg(R15 (PC))
T6064 062:333.908 - 0.017ms returns 0x02010708
T6064 062:334.368 JLINK_IsHalted()
T6064 062:334.420 - 0.050ms returns TRUE
T6064 062:334.440 JLINK_ReadReg(XPSR)
T6064 062:334.452 - 0.018ms returns 0x41000000
T6064 062:334.472 JLINK_ReadReg(R15 (PC))
T6064 062:334.484 - 0.015ms returns 0x02010708
T6064 062:334.504 JLINK_ReadReg(XPSR)
T6064 062:334.516 - 0.015ms returns 0x41000000
T6064 062:334.536 JLINK_ReadReg(XPSR)
T6064 062:334.548 - 0.015ms returns 0x41000000
T6064 062:334.568 JLINK_ReadReg(R15 (PC))
T6064 062:334.584 - 0.017ms returns 0x02010708
T6064 062:334.604 JLINK_ReadReg(XPSR)
T6064 062:334.624 - 0.017ms returns 0x41000000
T6064 062:334.636 JLINK_ReadReg(XPSR)
T6064 062:334.656 - 0.016ms returns 0x41000000
T6064 062:334.668 JLINK_ReadMem(0x02010708, 0x1 Bytes, ...)
T6064 062:334.688    -- Read from flash cache (1 bytes @ 0x02010708)
T6064 062:334.712   Data:  6F
T6064 062:334.740 - 0.069ms returns 0
T6064 062:334.760 JLINK_IsHalted()
T6064 062:334.772 - 0.016ms returns TRUE
T6064 062:334.792 JLINK_ReadReg(XPSR)
T6064 062:334.808 - 0.017ms returns 0x41000000
T6064 062:334.828 JLINK_ReadReg(XPSR)
T6064 062:334.840 - 0.017ms returns 0x41000000
T6064 062:334.860 JLINK_ReadReg(R15 (PC))
T6064 062:334.872 - 0.015ms returns 0x02010708
T6064 062:334.892 JLINK_ReadReg(XPSR)
T6064 062:334.904 - 0.015ms returns 0x41000000
T6064 062:334.924 JLINK_ReadReg(XPSR)
T6064 062:334.944 - 0.018ms returns 0x41000000
T6064 062:334.956 JLINK_ReadMem(0x02010708, 0x1 Bytes, ...)
T6064 062:334.976    -- Read from flash cache (1 bytes @ 0x02010708)
T6064 062:335.028   Data:  6F
T6064 062:335.060 - 0.101ms returns 0
T6064 062:336.416 JLINK_ReadMem(0xE0001004, 0x4 Bytes, ...)
T6064 062:336.460   CPU_ReadMem(4 bytes @ 0xE0001004)
T6064 062:336.948   Data:  92 0C BB A5
T6064 062:337.004   Debug reg: DWT_CYCCNT
T6064 062:337.036 - 0.622ms returns 0
T66FC 062:358.996 JLINK_ReadMem(0x02010708, 0x4 Bytes, ...)
T66FC 062:359.064    -- Read from flash cache (4 bytes @ 0x02010708)
T66FC 062:359.092   Data:  6F 8F 72 B6
T66FC 062:359.116 - 0.123ms returns 0
T66FC 062:360.936 JLINK_ReadMem(0x22003700, 0x40 Bytes, ...)
T66FC 062:360.984   CPU_ReadMem(64 bytes @ 0x22003700)
T66FC 062:362.132   Data:  00 00 00 00 01 00 00 00 04 ED 00 E0 01 00 00 00 ...
T66FC 062:362.168 - 1.236ms returns 0
T66FC 062:362.676 JLINK_ReadMem(0x02010748, 0x4 Bytes, ...)
T66FC 062:362.900    -- Read from flash cache (4 bytes @ 0x02010748)
T66FC 062:362.920   Data:  C3 BC 80 B5
T66FC 062:362.944 - 0.271ms returns 0
T66FC 062:364.640 JLINK_ReadMem(0x22003740, 0x40 Bytes, ...)
T66FC 062:364.684   CPU_ReadMem(64 bytes @ 0x22003740)
T66FC 062:365.832   Data:  00 00 00 00 29 29 01 02 00 00 00 00 50 39 00 22 ...
T66FC 062:365.864 - 1.220ms returns 0
T66FC 062:366.400 JLINK_ReadMem(0x02012928, 0x4 Bytes, ...)
T66FC 062:366.456    -- Read from flash cache (4 bytes @ 0x02012928)
T66FC 062:366.484   Data:  99 73 C0 F2
T66FC 062:366.508 - 0.108ms returns 0
T66FC 062:366.964 JLINK_ReadMem(0x00000002, 0x4 Bytes, ...)
T66FC 062:366.996   CPU_ReadMem(4 bytes @ 0x00000002)
T66FC 062:368.148   Data:  90 75 A6 96
T66FC 062:368.192 - 1.226ms returns 0
T66FC 062:368.820 JLINK_ReadMem(0x00000002, 0x4 Bytes, ...)
T66FC 062:368.876   CPU_ReadMem(4 bytes @ 0x00000002)
T66FC 062:370.068   Data:  90 75 A6 96
T66FC 062:370.112 - 1.295ms returns 0
T66FC 062:421.768 JLINK_ReadMem(0x22003A90, 0x4 Bytes, ...)
T66FC 062:421.876   CPU_ReadMem(4 bytes @ 0x22003A90)
T66FC 062:422.664   Data:  03 00 00 00
T66FC 062:422.732 - 0.967ms returns 0
T66FC 062:422.764 JLINK_ReadMem(0x22003A6C, 0x4 Bytes, ...)
T66FC 062:422.784   CPU_ReadMem(4 bytes @ 0x22003A6C)
T66FC 062:423.436   Data:  EC 34 00 22
T66FC 062:423.528 - 0.763ms returns 0
T66FC 062:423.564 JLINK_ReadMem(0x020135AC, 0x4 Bytes, ...)
T66FC 062:423.596    -- Read from flash cache (4 bytes @ 0x020135AC)
T66FC 062:423.636   Data:  04 00 00 00
T66FC 062:423.672 - 0.110ms returns 0
T66FC 062:423.704 JLINK_ReadMem(0x22003A74, 0x4 Bytes, ...)
T66FC 062:423.756   CPU_ReadMem(4 bytes @ 0x22003A74)
T66FC 062:424.456   Data:  01 00 00 00
T66FC 062:424.520 - 0.813ms returns 0
T66FC 062:424.552 JLINK_ReadMem(0x22003A90, 0x4 Bytes, ...)
T66FC 062:424.576   CPU_ReadMem(4 bytes @ 0x22003A90)
T66FC 062:425.248   Data:  03 00 00 00
T66FC 062:425.324 - 0.772ms returns 0
T66FC 062:425.352 JLINK_ReadMem(0x22003A6C, 0x4 Bytes, ...)
T66FC 062:425.376   CPU_ReadMem(4 bytes @ 0x22003A6C)
T66FC 062:426.348   Data:  EC 34 00 22
T66FC 062:426.496 - 1.142ms returns 0
T66FC 062:426.540 JLINK_ReadMem(0x020135AC, 0x4 Bytes, ...)
T66FC 062:426.568    -- Read from flash cache (4 bytes @ 0x020135AC)
T66FC 062:426.604   Data:  04 00 00 00
T66FC 062:426.636 - 0.095ms returns 0
T66FC 062:426.656 JLINK_ReadMem(0x22003A74, 0x4 Bytes, ...)
T66FC 062:426.688   CPU_ReadMem(4 bytes @ 0x22003A74)
T66FC 062:427.412   Data:  01 00 00 00
T66FC 062:427.476 - 0.815ms returns 0
T66FC 062:429.472 JLINK_ReadMem(0x22003A90, 0x4 Bytes, ...)
T66FC 062:429.588   CPU_ReadMem(4 bytes @ 0x22003A90)
T66FC 062:430.292   Data:  03 00 00 00
T66FC 062:430.368 - 0.897ms returns 0
T66FC 062:430.408 JLINK_ReadMem(0x22003A6C, 0x4 Bytes, ...)
T66FC 062:430.444   CPU_ReadMem(4 bytes @ 0x22003A6C)
T66FC 062:431.072   Data:  EC 34 00 22
T66FC 062:431.112 - 0.706ms returns 0
T66FC 062:431.136 JLINK_ReadMem(0x020135AC, 0x4 Bytes, ...)
T66FC 062:431.156    -- Read from flash cache (4 bytes @ 0x020135AC)
T66FC 062:431.180   Data:  04 00 00 00
T66FC 062:431.208 - 0.069ms returns 0
T66FC 062:431.220 JLINK_ReadMem(0x22003A74, 0x4 Bytes, ...)
T66FC 062:431.244   CPU_ReadMem(4 bytes @ 0x22003A74)
T66FC 062:431.960   Data:  01 00 00 00
T66FC 062:432.000 - 0.780ms returns 0
T66FC 062:432.024 JLINK_ReadMem(0x22003A90, 0x4 Bytes, ...)
T66FC 062:432.052   CPU_ReadMem(4 bytes @ 0x22003A90)
T66FC 062:432.728   Data:  03 00 00 00
T66FC 062:432.812 - 0.781ms returns 0
T66FC 062:432.852 JLINK_ReadMem(0x22003A6C, 0x4 Bytes, ...)
T66FC 062:432.884   CPU_ReadMem(4 bytes @ 0x22003A6C)
T66FC 062:433.592   Data:  EC 34 00 22
T66FC 062:433.640 - 0.793ms returns 0
T66FC 062:433.664 JLINK_ReadMem(0x020135AC, 0x4 Bytes, ...)
T66FC 062:433.696    -- Read from flash cache (4 bytes @ 0x020135AC)
T66FC 062:433.736   Data:  04 00 00 00
T66FC 062:433.760 - 0.095ms returns 0
T66FC 062:433.780 JLINK_ReadMem(0x22003A74, 0x4 Bytes, ...)
T66FC 062:433.800   CPU_ReadMem(4 bytes @ 0x22003A74)
T66FC 062:434.388   Data:  01 00 00 00
T66FC 062:434.440 - 0.658ms returns 0
T66FC 067:908.128 JLINK_ReadMem(0x22003A90, 0x4 Bytes, ...)
T66FC 067:908.240   CPU_ReadMem(4 bytes @ 0x22003A90)
T66FC 067:909.024   Data:  03 00 00 00
T66FC 067:909.088 - 0.965ms returns 0
T66FC 067:910.176 JLINK_ReadMem(0x22003A6C, 0x4 Bytes, ...)
T66FC 067:910.256   CPU_ReadMem(4 bytes @ 0x22003A6C)
T66FC 067:911.024   Data:  EC 34 00 22
T66FC 067:911.088 - 0.917ms returns 0
T66FC 067:912.080 JLINK_ReadMem(0x020135AC, 0x4 Bytes, ...)
T66FC 067:912.136    -- Read from flash cache (4 bytes @ 0x020135AC)
T66FC 067:912.168   Data:  04 00 00 00
T66FC 067:912.208 - 0.124ms returns 0
T66FC 067:912.240 JLINK_ReadMem(0x22003A74, 0x4 Bytes, ...)
T66FC 067:912.272   CPU_ReadMem(4 bytes @ 0x22003A74)
T66FC 067:912.944   Data:  01 00 00 00
T66FC 067:913.000 - 0.757ms returns 0
T0F18 067:919.152 JLINK_Halt()
T0F18 067:919.648 - 0.497ms returns 0x00
T0F18 067:919.760 JLINK_ReadReg(XPSR)
T0F18 067:919.792 - 0.042ms returns 0x41000000
T0F18 067:932.200 JLINK_Close()
T0F18 067:985.936 - 53.737ms
T0F18 067:986.032   
T0F18 067:986.088   Closed
