T9A38 000:007.600   SEGGER J-Link V9.14a Log File
T9A38 000:007.858   DLL Compiled: Jan 28 2026 17:11:52
T9A38 000:007.876   Logging started @ 2026-03-09 06:54
T9A38 000:007.893   Process: C:\Users\trung.tran-quoc\.eclipse\com.renesas.platform_121336757\DebugComp\RA\e2-server-gdb.exe
T9A38 000:007.931 - 7.915ms 
T9A38 000:007.978 JLINK_GetDLLVersion()
T9A38 000:007.995 - 0.020ms returns 91401
T9A38 000:070.453 JLINK_OpenEx(...)
T9A38 000:089.185   Firmware: J-Link OB-RA4M2 compiled Nov 10 2025 13:48:23
T9A38 000:089.979   Firmware: J-Link OB-RA4M2 compiled Nov 10 2025 13:48:23
T9A38 000:096.177   Looking for J-Link GUI Server exe at: C:\Users\trung.tran-quoc\.eclipse\com.renesas.platform_121336757\DebugComp\RA\ARM\Segger_v9.14.1\JLinkGUIServer.exe
T9A38 000:096.437   Looking for J-Link GUI Server exe at: C:\Users\trung.tran-quoc\SEGGER\JLink_V892\JLinkGUIServer.exe
T9A38 000:096.501   Forking J-Link GUI Server: C:\Users\trung.tran-quoc\SEGGER\JLink_V892\JLinkGUIServer.exe
T9A38 000:250.503   J-Link GUI Server info: "J-Link GUI server V8.92 "
T9A38 001:524.786   Updating firmware:  J-Link OB-RA4M2 compiled Dec 10 2025 15:52:53
T9A38 001:524.852   Replacing firmware: J-Link OB-RA4M2 compiled Nov 10 2025 13:48:23
T9A38 001:525.115   Looking for J-Link GUI Server exe at: C:\Users\trung.tran-quoc\.eclipse\com.renesas.platform_121336757\DebugComp\RA\ARM\Segger_v9.14.1\JLinkGUIServer.exe
T9A38 001:525.201   Looking for J-Link GUI Server exe at: C:\Users\trung.tran-quoc\SEGGER\JLink_V892\JLinkGUIServer.exe
T9A38 001:525.243   Forking J-Link GUI Server: C:\Users\trung.tran-quoc\SEGGER\JLink_V892\JLinkGUIServer.exe
T9A38 001:535.230   J-Link GUI Server info: "J-Link GUI server V8.92 "
T9A38 005:027.433   Waiting for new firmware to boot
T9A38 007:192.042   New firmware booted successfully
T9A38 007:208.233   Hardware: V1.00
T9A38 007:208.347   S/N: 1082531270
T9A38 007:208.389   OEM: SEGGER
T9A38 007:208.657   Feature(s): None
T9A38 007:210.697   Bootloader: 2021 May 14
T9A38 007:212.835   USB speed mode: Full speed (12 MBit/s)
T9A38 007:214.353   TELNET listener socket opened on port 19021
T9A38 007:215.179   WEBSRV WEBSRV_Init(): Starting webserver thread(s)
T9A38 007:215.742   WEBSRV Webserver running on local port 19080
T9A38 007:218.494 - 7147.820ms returns "O.K."
T9A38 007:219.461 JLINK_ExecCommand("ProjectFile=C:\Users\trung.tran-quoc\Documents\RVC_TASK_26_1H\migrate\r11an0995_Vision_AI_RA8P1_Ethos-U55\ws_640\cm85_image_classification_ethosu/cm33_system_management Debug_Multicore.jlink", ...). 
T9A38 007:348.344 - 129.113ms returns 0x00
T9A38 007:354.017 JLINK_ExecCommand("device=R7KA8P1KF_CPU0", ...). 
T9A38 007:357.439   Flash bank @ 0x02000000: SFL: Parsing sectorization info from ELF file
T9A38 007:357.542     FlashDevice.SectorInfo[0]: .SectorSize = 0x00000800, .SectorStartAddr = 0x00000000
T9A38 007:357.597   FlashBank @0x02000000: Sectorization info from SFL ELF file ignored because sectorization override from DLL / XML file is active.
T9A38 007:358.820   Flash bank @ 0x02E07400: SFL: Parsing sectorization info from ELF file
T9A38 007:358.909     FlashDevice.SectorInfo[0]: .SectorSize = 0x00000010, .SectorStartAddr = 0x00000000
T9A38 007:358.965   FlashBank @0x02C9F020: Sectorization info from SFL ELF file ignored because sectorization override from DLL / XML file is active.
T9A38 007:359.041   Flash bank @ 0x02E07400: SFL: Parsing sectorization info from ELF file
T9A38 007:359.100     FlashDevice.SectorInfo[0]: .SectorSize = 0x00000010, .SectorStartAddr = 0x00000000
T9A38 007:359.218   FlashBank @0x02E07400: Sectorization info from SFL ELF file ignored because sectorization override from DLL / XML file is active.
T9A38 007:359.318   Flash bank @ 0x12000000: SFL: Parsing sectorization info from ELF file
T9A38 007:359.416     FlashDevice.SectorInfo[0]: .SectorSize = 0x00000800, .SectorStartAddr = 0x00000000
T9A38 007:359.455   FlashBank @0x12000000: Sectorization info from SFL ELF file ignored because sectorization override from DLL / XML file is active.
T9A38 007:360.237   Flash bank @ 0x12E07400: SFL: Parsing sectorization info from ELF file
T9A38 007:360.393     FlashDevice.SectorInfo[0]: .SectorSize = 0x00000010, .SectorStartAddr = 0x00000000
T9A38 007:360.427   FlashBank @0x12C9F4C0: Sectorization info from SFL ELF file ignored because sectorization override from DLL / XML file is active.
T9A38 007:360.487   Flash bank @ 0x12E07400: SFL: Parsing sectorization info from ELF file
T9A38 007:360.524     FlashDevice.SectorInfo[0]: .SectorSize = 0x00000010, .SectorStartAddr = 0x00000000
T9A38 007:360.557   FlashBank @0x12E07780: Sectorization info from SFL ELF file ignored because sectorization override from DLL / XML file is active.
T9A38 007:361.251   Flash bank @ 0x70000000: SFL: Parsing sectorization info from ELF file
T9A38 007:361.303     FlashDevice.SectorInfo[0]: .SectorSize = 0x00010000, .SectorStartAddr = 0x00000000
T9A38 007:374.897   Flash bank @ 0x78000000: SFL: Parsing sectorization info from ELF file
T9A38 007:374.983     FlashDevice.SectorInfo[0]: .SectorSize = 0x00010000, .SectorStartAddr = 0x00000000
T9A38 007:387.552   Flash bank @ 0x80000000: SFL: Parsing sectorization info from ELF file
T9A38 007:387.655     FlashDevice.SectorInfo[0]: .SectorSize = 0x00010000, .SectorStartAddr = 0x00000000
T9A38 007:418.474   Flash bank @ 0x90000000: SFL: Parsing sectorization info from ELF file
T9A38 007:418.609     FlashDevice.SectorInfo[0]: .SectorSize = 0x00010000, .SectorStartAddr = 0x00000000
T9A38 007:446.455   Device "R7KA8P1KF_CPU0" selected.
T9A38 007:452.022 - 98.004ms returns 0x00
T9A38 007:453.454 JLINK_TIF_GetAvailable(...)
T9A38 007:453.793 - 0.337ms 
T9A38 007:453.877 JLINK_TIF_Select(JLINKARM_TIF_SWD)
T9A38 007:454.663 - 0.784ms returns 0x00
T9A38 007:454.962 JLINK_SetSpeed(4000)
T9A38 007:455.410 - 0.672ms 
T9A38 007:455.497 JLINK_ReadMem(0xE000EDF0, 0x4 Bytes, ...)
T9A38 007:456.301   ConfigTargetSettings() start
T9A38 007:456.398    J-Link Script File: Executing ConfigTargetSettings()
T9A38 007:456.877   Configuring FlashDLNoRMWThreshold=0x200 in order to make sure that option bytes programming is done via read-modify-write
T9A38 007:652.689   ConfigTargetSettings() end - Took 196ms
T9A38 007:652.999   InitTarget() start
T9A38 007:653.042    J-Link Script File: Executing InitTarget()
T9A38 007:653.065   Identifying target device...
T9A38 007:653.097   SWD selected. Executing JTAG -> SWD switching sequence...
T9A38 007:653.881   Initializing DAP...
T9A38 007:655.237   Error: Failed to initialize DAP.
T9A38 007:655.273   Attach to CPU failed. Trying connect under reset.
T9A38 007:755.821   Identifying target device...
T9A38 007:755.889   SWD selected. Executing JTAG -> SWD switching sequence...
T9A38 007:756.750   Initializing DAP...
T9A38 007:757.684   DAP initialized successfully.
T9A38 007:873.097   Determining TrustZone configuration...
T9A38 007:874.753     Secure Debug: Enabled (SSD)
T9A38 007:874.961   Determining currently configured transfer type by reading the AHB-AP CSW register.
T9A38 007:875.870     --> Correct transfer type configured. Done.
T9A38 007:875.992   InitTarget() end - Took 222ms
T9A38 007:876.657   Found SW-DP with ID 0x6BA02477
T9A38 007:880.504   DPIDR: 0x6BA02477
T9A38 007:880.595   CoreSight SoC-400 or earlier
T9A38 007:880.649   Scanning AP map to find all available APs
T9A38 007:981.649   AP[2]: Stopped AP scan as end of AP map seems to be reached
T9A38 007:982.048   AP[0]: AHB-AP (IDR: 0x84770001, ADDR: 0x00000000)
T9A38 007:982.228   AP[1]: APB-AP (IDR: 0x54770002, ADDR: 0x01000000)
T9A38 007:982.360   Iterating through AP map to find AHB-AP to use
T9A38 007:983.471   AP[0]: Core found
T9A38 007:983.571   AP[0]: AHB-AP ROM base: 0xE00FE000
T9A38 007:984.444   CPUID register: 0x411FD231. Implementer code: 0x41 (ARM)
T9A38 007:984.625   Feature set: Mainline
T9A38 007:985.168   Cache: L1 I/D-cache present
T9A38 007:985.489   Found Cortex-M85 r1p1, Little endian.
T9A38 007:986.059   -- Max. mem block: 0x0001D908
T9A38 007:987.009   CPU_ReadMem(4 bytes @ 0xE000EDF0)
T9A38 007:987.580   CPU_WriteMem(4 bytes @ 0xE000EDF0)
T9A38 007:988.057   CPU_ReadMem(4 bytes @ 0xE0002000)
T9A38 007:988.548   FPUnit: 8 code (BP) slots and 0 literal slots
T9A38 007:988.607   CPU_ReadMem(4 bytes @ 0xE000EDFC)
T9A38 007:988.966   CPU_WriteMem(4 bytes @ 0xE000EDFC)
T9A38 007:989.369   CPU_ReadMem(4 bytes @ 0xE0001000)
T9A38 007:989.787   CPU_ReadMem(4 bytes @ 0xE0001000)
T9A38 007:990.189   CPU_ReadMem(4 bytes @ 0xE0001028)
T9A38 007:990.597   CPU_ReadMem(4 bytes @ 0xE0001038)
T9A38 007:991.009   CPU_ReadMem(4 bytes @ 0xE0001048)
T9A38 007:991.503   CPU_ReadMem(4 bytes @ 0xE0001058)
T9A38 007:991.897   CPU_ReadMem(4 bytes @ 0xE0001068)
T9A38 007:992.365   CPU_ReadMem(4 bytes @ 0xE0001078)
T9A38 007:992.775   CPU_ReadMem(4 bytes @ 0xE0001088)
T9A38 007:993.196   CPU_ReadMem(4 bytes @ 0xE0001098)
T9A38 007:993.637   CPU_WriteMem(4 bytes @ 0xE0001000)
T9A38 007:994.059   CPU_ReadMem(4 bytes @ 0xE000ED88)
T9A38 007:994.550   CPU_WriteMem(4 bytes @ 0xE000ED88)
T9A38 007:994.967   CPU_ReadMem(4 bytes @ 0xE000ED88)
T9A38 007:995.429   CPU_WriteMem(4 bytes @ 0xE000ED88)
T9A38 007:995.843   CPU_ReadMem(4 bytes @ 0xE000EFB8)
T9A38 007:996.246   Security extension: implemented
T9A38 007:996.326   Secure debug: enabled
T9A38 007:996.373   CPU_ReadMem(4 bytes @ 0xE000ED74)
T9A38 007:996.749   PACBTI extension: implemented
T9A38 007:996.829   CoreSight components:
T9A38 007:996.872   ROMTbl[0] @ E00FE000
T9A38 007:996.919   CPU_ReadMem(64 bytes @ 0xE00FE000)
T9A38 007:997.631   CPU_ReadMem(32 bytes @ 0xE00FFFE0)
T9A38 007:998.185   [0][0]: E00FF000 CID B105100D PID 000BB4D4 ROM Table
T9A38 007:998.261   ROMTbl[1] @ E00FF000
T9A38 007:998.307   CPU_ReadMem(64 bytes @ 0xE00FF000)
T9A38 007:999.040   CPU_ReadMem(32 bytes @ 0xE000EFE0)
T9A38 007:999.622   CPU_ReadMem(4 bytes @ 0xE000EFBC)
T9A38 008:000.198   CPU_ReadMem(4 bytes @ 0xE000EFCC)
T9A38 008:000.713   [1][0]: E000E000 CID B105900D PID 000BBD23 DEVARCH 47702A04 DEVTYPE 00 ???
T9A38 008:000.797   CPU_ReadMem(32 bytes @ 0xE0001FE0)
T9A38 008:001.484   CPU_ReadMem(4 bytes @ 0xE0001FBC)
T9A38 008:001.895   CPU_ReadMem(4 bytes @ 0xE0001FCC)
T9A38 008:002.280   [1][1]: E0001000 CID B105900D PID 000BBD23 DEVARCH 47711A02 DEVTYPE 00 DWT
T9A38 008:002.361   CPU_ReadMem(32 bytes @ 0xE0002FE0)
T9A38 008:002.921   CPU_ReadMem(4 bytes @ 0xE0002FBC)
T9A38 008:003.365   CPU_ReadMem(4 bytes @ 0xE0002FCC)
T9A38 008:003.785   [1][2]: E0002000 CID B105900D PID 000BBD23 DEVARCH 47701A03 DEVTYPE 00 FPB
T9A38 008:003.860   CPU_ReadMem(32 bytes @ 0xE0000FE0)
T9A38 008:004.481   CPU_ReadMem(4 bytes @ 0xE0000FBC)
T9A38 008:004.867   CPU_ReadMem(4 bytes @ 0xE0000FCC)
T9A38 008:005.281   [1][3]: E0000000 CID B105900D PID 000BBD23 DEVARCH 47701A01 DEVTYPE 43 ITM
T9A38 008:005.364   CPU_ReadMem(32 bytes @ 0xE0041FE0)
T9A38 008:005.927   CPU_ReadMem(4 bytes @ 0xE0041FBC)
T9A38 008:006.364   CPU_ReadMem(4 bytes @ 0xE0041FCC)
T9A38 008:006.785   [1][5]: E0041000 CID B105900D PID 004BBD23 DEVARCH 47754A13 DEVTYPE 13 ETM
T9A38 008:006.896   CPU_ReadMem(32 bytes @ 0xE0003FE0)
T9A38 008:007.437   CPU_ReadMem(4 bytes @ 0xE0003FBC)
T9A38 008:007.912   CPU_ReadMem(4 bytes @ 0xE0003FCC)
T9A38 008:008.272   [1][6]: E0003000 CID B105900D PID 000BBD23 DEVARCH 47700A06 DEVTYPE 16 ???
T9A38 008:008.315   CPU_ReadMem(32 bytes @ 0xE0042FE0)
T9A38 008:008.845   CPU_ReadMem(4 bytes @ 0xE0042FBC)
T9A38 008:009.267   CPU_ReadMem(4 bytes @ 0xE0042FCC)
T9A38 008:009.685   [1][7]: E0042000 CID B105900D PID 000BBD23 DEVARCH 47701A14 DEVTYPE 14 CSS600-CTI
T9A38 008:009.749   CPU_ReadMem(32 bytes @ 0xE0040FE0)
T9A38 008:010.408   [0][1]: E0040000 CID 05900D00 PID 0BBD2300 ???
T9A38 008:010.466   CPU_WriteMem(4 bytes @ 0xE000ED84)
T9A38 008:010.875   CPU_ReadMem(4 bytes @ 0xE000ED80)
T9A38 008:011.253   I-Cache L1: 16 KB, 256 Sets, 32 Bytes/Line, 2-Way
T9A38 008:011.297   CPU_WriteMem(4 bytes @ 0xE000ED84)
T9A38 008:011.654   CPU_ReadMem(4 bytes @ 0xE000ED80)
T9A38 008:012.039   D-Cache L1: 16 KB, 128 Sets, 32 Bytes/Line, 4-Way
T9A38 008:012.697   CPU_ReadMem(4 bytes @ 0xE000EDF0)
T9A38 008:013.109   Data:  01 00 19 00
T9A38 008:013.196   Debug reg: DHCSR
T9A38 008:013.249 - 557.751ms returns 0
T9A38 008:014.272 JLINK_ReadMem(0x40204038, 0x4 Bytes, ...)
T9A38 008:014.323   CPU_ReadMem(4 bytes @ 0x40204038)
T9A38 008:014.973   Data:  04 00 00 00
T9A38 008:015.027 - 0.755ms returns 0
T9A38 008:015.059 JLINK_ReadMem(0xE000EDF0, 0x4 Bytes, ...)
T9A38 008:015.086   CPU_ReadMem(4 bytes @ 0xE000EDF0)
T9A38 008:015.472   Data:  01 00 19 00
T9A38 008:015.510   Debug reg: DHCSR
T9A38 008:015.539 - 0.479ms returns 0
T9A38 008:015.908 JLINK_ReadMem(0xE000EDF0, 0x4 Bytes, ...)
T9A38 008:015.988   CPU_ReadMem(4 bytes @ 0xE000EDF0)
T9A38 008:016.397   Data:  01 00 19 00
T9A38 008:016.488   Debug reg: DHCSR
T9A38 008:016.534 - 0.627ms returns 0
T9A38 008:016.592 JLINK_ReadMem(0xE000EDF0, 0x4 Bytes, ...)
T9A38 008:016.638   CPU_ReadMem(4 bytes @ 0xE000EDF0)
T9A38 008:017.055   Data:  01 00 19 00
T9A38 008:017.136   Debug reg: DHCSR
T9A38 008:017.182 - 0.590ms returns 0
T9A38 008:017.234 JLINK_ReadMem(0xE000EDF0, 0x4 Bytes, ...)
T9A38 008:017.277   CPU_ReadMem(4 bytes @ 0xE000EDF0)
T9A38 008:017.667   Data:  01 00 19 00
T9A38 008:017.763   Debug reg: DHCSR
T9A38 008:017.816 - 0.582ms returns 0
T9A38 008:017.857 JLINK_ReadMem(0xE000EDF0, 0x4 Bytes, ...)
T9A38 008:017.889   CPU_ReadMem(4 bytes @ 0xE000EDF0)
T9A38 008:018.249   Data:  01 00 19 00
T9A38 008:018.343   Debug reg: DHCSR
T9A38 008:018.415 - 0.557ms returns 0
T9A38 008:018.449 JLINK_ReadMem(0x40204038, 0x4 Bytes, ...)
T9A38 008:018.475   CPU_ReadMem(4 bytes @ 0x40204038)
T9A38 008:019.077   Data:  04 00 00 00
T9A38 008:019.147 - 0.698ms returns 0
T9A38 008:019.192 JLINK_ReadMem(0xE000EDF0, 0x4 Bytes, ...)
T9A38 008:019.232   CPU_ReadMem(4 bytes @ 0xE000EDF0)
T9A38 008:019.605   Data:  01 00 19 00
T9A38 008:019.685   Debug reg: DHCSR
T9A38 008:019.742 - 0.550ms returns 0
T9A38 008:020.137 JLINK_ReadMem(0xE000EDF0, 0x4 Bytes, ...)
T9A38 008:020.209   CPU_ReadMem(4 bytes @ 0xE000EDF0)
T9A38 008:020.613   Data:  01 00 19 00
T9A38 008:020.723   Debug reg: DHCSR
T9A38 008:020.753 - 0.617ms returns 0
T9A38 008:020.781 JLINK_ReadMem(0x40204030, 0x4 Bytes, ...)
T9A38 008:020.818   CPU_ReadMem(4 bytes @ 0x40204030)
T9A38 008:021.489   Data:  00 80 FF 00
T9A38 008:021.596 - 0.813ms returns 0
T9A38 008:023.379 JLINK_SetEndian(ARM_ENDIAN_LITTLE)
T9A38 008:023.445 - 0.082ms returns 0
T9A38 008:023.485 JLINK_SetInitRegsOnReset(OFF)
T9A38 008:023.517 - 0.032ms returns 1
T9A38 008:023.553 JLINK_SetResetType(JLINKARM_CM3_RESET_TYPE_CONNECT_UNDER_RESET)
T9A38 008:023.588 - 0.035ms returns JLINKARM_CM3_RESET_TYPE_NORMAL
T9A38 008:023.627 JLINK_ExecCommand("EnableFlashBPs", ...). 
T9A38 008:023.669 - 0.042ms returns 0x00
T9A38 008:023.709 JLINK_ExecCommand("SetAllowFlashCache = 1", ...). 
T9A38 008:023.779 - 0.068ms returns 0x01
T9A38 008:023.829 JLINK_ExecCommand("SetRestartOnClose = 0", ...). 
T9A38 008:023.852 - 0.022ms returns 0x01
T9A38 008:023.874 JLINK_ExecCommand("SetAllowSimulation = 0", ...). 
T9A38 008:023.902 - 0.028ms returns 0x00
T9A38 008:023.925 JLINK_EnableSoftBPs(ON)
T9A38 008:023.945 - 0.021ms 
T9A38 008:023.967 JLINK_Connect()
T9A38 008:025.373   ConfigTargetSettings() start
T9A38 008:025.451    J-Link Script File: Executing ConfigTargetSettings()
T9A38 008:025.489   Configuring FlashDLNoRMWThreshold=0x200 in order to make sure that option bytes programming is done via read-modify-write
T9A38 008:222.830   ConfigTargetSettings() end - Took 197ms
T9A38 008:222.897   InitTarget() start
T9A38 008:222.927    J-Link Script File: Executing InitTarget()
T9A38 008:222.949   Identifying target device...
T9A38 008:222.977   SWD selected. Executing JTAG -> SWD switching sequence...
T9A38 008:223.716   Initializing DAP...
T9A38 008:224.453   DAP initialized successfully.
T9A38 008:224.485   Determining TrustZone configuration...
T9A38 008:225.341     Secure Debug: Enabled (SSD)
T9A38 008:225.373   Determining currently configured transfer type by reading the AHB-AP CSW register.
T9A38 008:226.054     --> Correct transfer type configured. Done.
T9A38 008:226.161   InitTarget() end - Took 3.23ms
T9A38 008:226.832   Found SW-DP with ID 0x6BA02477
T9A38 008:228.861   DPIDR: 0x6BA02477
T9A38 008:228.901   CoreSight SoC-400 or earlier
T9A38 008:228.929   AP map detection skipped. Manually configured AP map found.
T9A38 008:228.957   AP[0]: AHB-AP (IDR: Not set, ADDR: 0x00000000)
T9A38 008:229.857   AP[0]: Core found
T9A38 008:229.901   AP[0]: AHB-AP ROM base: 0xE00FE000
T9A38 008:230.393   CPUID register: 0x411FD231. Implementer code: 0x41 (ARM)
T9A38 008:230.425   Feature set: Mainline
T9A38 008:230.872   Cache: L1 I/D-cache present
T9A38 008:230.925   Found Cortex-M85 r1p1, Little endian.
T9A38 008:231.108   -- Max. mem block: 0x0001D5D8
T9A38 008:231.150   CPU_ReadMem(4 bytes @ 0xE000EDF0)
T9A38 008:231.450   CPU_ReadMem(4 bytes @ 0xE0002000)
T9A38 008:231.893   FPUnit: 8 code (BP) slots and 0 literal slots
T9A38 008:231.923   CPU_ReadMem(4 bytes @ 0xE000EDFC)
T9A38 008:232.217   CPU_ReadMem(4 bytes @ 0xE0001000)
T9A38 008:232.537   CPU_ReadMem(4 bytes @ 0xE0001000)
T9A38 008:232.933   CPU_ReadMem(4 bytes @ 0xE0001028)
T9A38 008:233.351   CPU_ReadMem(4 bytes @ 0xE0001038)
T9A38 008:233.689   CPU_ReadMem(4 bytes @ 0xE0001048)
T9A38 008:234.010   CPU_ReadMem(4 bytes @ 0xE0001058)
T9A38 008:234.342   CPU_ReadMem(4 bytes @ 0xE0001068)
T9A38 008:234.649   CPU_ReadMem(4 bytes @ 0xE0001078)
T9A38 008:234.964   CPU_ReadMem(4 bytes @ 0xE0001088)
T9A38 008:235.253   CPU_ReadMem(4 bytes @ 0xE0001098)
T9A38 008:235.582   CPU_WriteMem(4 bytes @ 0xE0001000)
T9A38 008:235.896   CPU_ReadMem(4 bytes @ 0xE000ED88)
T9A38 008:236.191   CPU_WriteMem(4 bytes @ 0xE000ED88)
T9A38 008:236.529   CPU_ReadMem(4 bytes @ 0xE000ED88)
T9A38 008:236.889   CPU_WriteMem(4 bytes @ 0xE000ED88)
T9A38 008:237.215   CPU_ReadMem(4 bytes @ 0xE000EFB8)
T9A38 008:237.592   Security extension: implemented
T9A38 008:237.625   Secure debug: enabled
T9A38 008:237.651   CPU_ReadMem(4 bytes @ 0xE000ED74)
T9A38 008:237.964   PACBTI extension: implemented
T9A38 008:237.992   CoreSight components:
T9A38 008:238.017   ROMTbl[0] @ E00FE000
T9A38 008:238.043   CPU_ReadMem(64 bytes @ 0xE00FE000)
T9A38 008:238.807   CPU_ReadMem(32 bytes @ 0xE00FFFE0)
T9A38 008:239.326   [0][0]: E00FF000 CID B105100D PID 000BB4D4 ROM Table
T9A38 008:239.354   ROMTbl[1] @ E00FF000
T9A38 008:239.379   CPU_ReadMem(64 bytes @ 0xE00FF000)
T9A38 008:240.059   CPU_ReadMem(32 bytes @ 0xE000EFE0)
T9A38 008:240.609   CPU_ReadMem(4 bytes @ 0xE000EFBC)
T9A38 008:241.034   CPU_ReadMem(4 bytes @ 0xE000EFCC)
T9A38 008:241.343   [1][0]: E000E000 CID B105900D PID 000BBD23 DEVARCH 47702A04 DEVTYPE 00 ???
T9A38 008:241.374   CPU_ReadMem(32 bytes @ 0xE0001FE0)
T9A38 008:241.917   CPU_ReadMem(4 bytes @ 0xE0001FBC)
T9A38 008:242.229   CPU_ReadMem(4 bytes @ 0xE0001FCC)
T9A38 008:242.551   [1][1]: E0001000 CID B105900D PID 000BBD23 DEVARCH 47711A02 DEVTYPE 00 DWT
T9A38 008:242.584   CPU_ReadMem(32 bytes @ 0xE0002FE0)
T9A38 008:243.050   CPU_ReadMem(4 bytes @ 0xE0002FBC)
T9A38 008:243.367   CPU_ReadMem(4 bytes @ 0xE0002FCC)
T9A38 008:243.678   [1][2]: E0002000 CID B105900D PID 000BBD23 DEVARCH 47701A03 DEVTYPE 00 FPB
T9A38 008:243.711   CPU_ReadMem(32 bytes @ 0xE0000FE0)
T9A38 008:244.177   CPU_ReadMem(4 bytes @ 0xE0000FBC)
T9A38 008:244.525   CPU_ReadMem(4 bytes @ 0xE0000FCC)
T9A38 008:244.846   [1][3]: E0000000 CID B105900D PID 000BBD23 DEVARCH 47701A01 DEVTYPE 43 ITM
T9A38 008:244.890   CPU_ReadMem(32 bytes @ 0xE0041FE0)
T9A38 008:245.486   CPU_ReadMem(4 bytes @ 0xE0041FBC)
T9A38 008:245.819   CPU_ReadMem(4 bytes @ 0xE0041FCC)
T9A38 008:246.142   [1][5]: E0041000 CID B105900D PID 004BBD23 DEVARCH 47754A13 DEVTYPE 13 ETM
T9A38 008:246.174   CPU_ReadMem(32 bytes @ 0xE0003FE0)
T9A38 008:246.760   CPU_ReadMem(4 bytes @ 0xE0003FBC)
T9A38 008:247.071   CPU_ReadMem(4 bytes @ 0xE0003FCC)
T9A38 008:247.368   [1][6]: E0003000 CID B105900D PID 000BBD23 DEVARCH 47700A06 DEVTYPE 16 ???
T9A38 008:247.397   CPU_ReadMem(32 bytes @ 0xE0042FE0)
T9A38 008:247.877   CPU_ReadMem(4 bytes @ 0xE0042FBC)
T9A38 008:248.190   CPU_ReadMem(4 bytes @ 0xE0042FCC)
T9A38 008:248.526   [1][7]: E0042000 CID B105900D PID 000BBD23 DEVARCH 47701A14 DEVTYPE 14 CSS600-CTI
T9A38 008:248.576   CPU_ReadMem(32 bytes @ 0xE0040FE0)
T9A38 008:249.028   [0][1]: E0040000 CID 05900D00 PID 0BBD23B1 ???
T9A38 008:249.057   CPU_WriteMem(4 bytes @ 0xE000ED84)
T9A38 008:249.396   CPU_ReadMem(4 bytes @ 0xE000ED80)
T9A38 008:249.760   I-Cache L1: 16 KB, 256 Sets, 32 Bytes/Line, 2-Way
T9A38 008:249.802   CPU_WriteMem(4 bytes @ 0xE000ED84)
T9A38 008:250.122   CPU_ReadMem(4 bytes @ 0xE000ED80)
T9A38 008:250.444   D-Cache L1: 16 KB, 128 Sets, 32 Bytes/Line, 4-Way
T9A38 008:250.480 - 226.512ms returns 0x00
T9A38 008:251.682 JLINK_Halt()
T9A38 008:264.664 - 12.980ms returns 0x00
T9A38 008:264.724 JLINK_IsHalted()
T9A38 008:265.029 - 0.305ms returns TRUE
T9A38 008:265.064 JLINK_ResetPullsRESET(ON)
T9A38 008:265.083 - 0.019ms 
T9A38 008:265.103 JLINK_Reset()
T9A38 008:265.388   ResetTarget() start
T9A38 008:265.442    J-Link Script File: Executing ResetTarget()
T9A38 008:265.471   CPU_ReadMem(4 bytes @ 0xE000ED44)
T9A38 008:265.845   CPU_ReadMem(4 bytes @ 0xE000EE08)
T9A38 008:266.416   CPU_WriteMem(4 bytes @ 0xE000EE08)
T9A38 008:266.878   CPU_ReadMem(4 bytes @ 0xE000EE08)
T9A38 008:267.244   Reset: ARMv8M core with Security Extension enabled detected. Switch to secure domain.
T9A38 008:267.290   Reset: Halt core after reset via DEMCR.VC_CORERESET.
T9A38 008:267.322   CPU_WriteMem(4 bytes @ 0xE000EDF0)
T9A38 008:267.655   CPU_WriteMem(4 bytes @ 0xE000EDFC)
T9A38 008:268.185   Reset: Reset device via AIRCR.SYSRESETREQ.
T9A38 008:268.215   CPU_WriteMem(4 bytes @ 0xE000ED0C)
T9A38 008:319.835   CPU_ReadMem(4 bytes @ 0xE000EDF0)
T9A38 008:320.240   CPU_ReadMem(4 bytes @ 0xE000EDF0)
T9A38 008:320.567   CPU_WriteMem(4 bytes @ 0xE000EDFC)
T9A38 008:320.887   ResetTarget() end - Took 55.4ms
T9A38 008:320.916   Device specific reset executed.
T9A38 008:324.592   CPU_WriteMem(4 bytes @ 0xE0002000)
T9A38 008:325.039   CPU_ReadMem(4 bytes @ 0xE000EDFC)
T9A38 008:325.364   CPU_ReadMem(4 bytes @ 0xE0001000)
T9A38 008:325.676   CPU_ReadMem(4 bytes @ 0xE000EE08)
T9A38 008:326.041 - 60.937ms 
T9A38 008:326.859 JLINK_ReadMem(0xE000EDF0, 0x4 Bytes, ...)
T9A38 008:326.892   CPU_ReadMem(4 bytes @ 0xE000EDF0)
T9A38 008:327.203   Data:  03 00 13 00
T9A38 008:327.231   Debug reg: DHCSR
T9A38 008:327.254 - 0.396ms returns 0
T9A38 008:327.276 JLINK_IsHalted()
T9A38 008:327.292 - 0.016ms returns TRUE
T9A38 008:327.356 JLINK_ReadMem(0x4000F050, 0x1 Bytes, ...)
T9A38 008:327.376   CPU_ReadMem(1 bytes @ 0x4000F050)
T9A38 008:327.985   Data:  00
T9A38 008:328.018 - 0.662ms returns 0
T9A38 008:331.035 JLINK_IsHalted()
T9A38 008:331.079 - 0.044ms returns TRUE
T9A38 008:331.105 JLINK_ReadMem(0xE000EDF0, 0x4 Bytes, ...)
T9A38 008:331.132   CPU_ReadMem(4 bytes @ 0xE000EDF0)
T9A38 008:331.528   Data:  03 00 13 00
T9A38 008:331.556   Debug reg: DHCSR
T9A38 008:331.580 - 0.474ms returns 0
T9A38 008:331.601 JLINK_ReadMem(0x40204038, 0x4 Bytes, ...)
T9A38 008:331.620   CPU_ReadMem(4 bytes @ 0x40204038)
T9A38 008:332.226   Data:  04 00 00 00
T9A38 008:332.275 - 0.674ms returns 0
T9A38 008:332.300 JLINK_ReadMem(0xE000EDF0, 0x4 Bytes, ...)
T9A38 008:332.324   CPU_ReadMem(4 bytes @ 0xE000EDF0)
T9A38 008:332.673   Data:  03 00 13 00
T9A38 008:332.785   Debug reg: DHCSR
T9A38 008:332.833 - 0.533ms returns 0
T9A38 008:332.893 JLINK_MeasureCPUSpeed(RAMAddr = 0xFFFFFFFF)
T9A38 008:332.937   CPU_ReadMem(16 bytes @ 0x22060000)
T9A38 008:333.676   CPU_ReadMem(4 bytes @ 0xE000EDFC)
T9A38 008:334.054   CPU_ReadMem(4 bytes @ 0xE0001000)
T9A38 008:334.454   CPU_ReadMem(64 bytes @ 0x22060000)
T9A38 008:335.388    -- Updating C cache (64 bytes @ 0x22060000)
T9A38 008:335.420    -- Read from C cache (6 bytes @ 0x22060000)
T9A38 008:335.446   CPU_ReadMem(4 bytes @ 0xE000ED90)
T9A38 008:335.819   CPU_ReadMem(4 bytes @ 0xE000ED94)
T9A38 008:336.237   CPU_WriteMem(16 bytes @ 0x22060000)
T9A38 008:336.941   CPU_WriteMem(6 bytes @ 0x22060000)
T9A38 008:337.691   CPU_ReadMem(64 bytes @ 0x22060000)
T9A38 008:338.765    -- Updating C cache (64 bytes @ 0x22060000)
T9A38 008:338.913    -- Read from C cache (6 bytes @ 0x22060000)
T9A38 008:338.953   CPU_ReadMem(4 bytes @ 0xE000EE08)
T9A38 008:339.388   CPU_WriteMem(4 bytes @ 0xE0002008)
T9A38 008:339.449   CPU_WriteMem(4 bytes @ 0xE000200C)
T9A38 008:339.476   CPU_WriteMem(4 bytes @ 0xE0002010)
T9A38 008:339.502   CPU_WriteMem(4 bytes @ 0xE0002014)
T9A38 008:339.529   CPU_WriteMem(4 bytes @ 0xE0002018)
T9A38 008:339.557   CPU_WriteMem(4 bytes @ 0xE000201C)
T9A38 008:339.581   CPU_WriteMem(4 bytes @ 0xE0002020)
T9A38 008:339.617   CPU_WriteMem(4 bytes @ 0xE0002024)
T9A38 008:341.112   CPU_WriteMem(4 bytes @ 0xE0001004)
T9A38 008:347.297   CPU_ReadMem(4 bytes @ 0xE0001004)
T9A38 008:347.679   CPU_ReadMem(4 bytes @ 0xE000EE08)
T9A38 008:348.054   CPU_WriteMem(4 bytes @ 0xE0002008)
T9A38 008:348.441   CPU_WriteMem(4 bytes @ 0xE000200C)
T9A38 008:348.862   CPU_WriteMem(4 bytes @ 0xE0002010)
T9A38 008:349.217   CPU_WriteMem(4 bytes @ 0xE0002014)
T9A38 008:349.629   CPU_WriteMem(4 bytes @ 0xE0002018)
T9A38 008:350.021   CPU_WriteMem(4 bytes @ 0xE000201C)
T9A38 008:350.389   CPU_WriteMem(4 bytes @ 0xE0002020)
T9A38 008:350.735   CPU_WriteMem(4 bytes @ 0xE0002024)
T9A38 008:351.081   CPU_ReadMem(4 bytes @ 0xE000EE08)
T9A38 008:351.416   CPU_ReadMem(4 bytes @ 0xE000EE08)
T9A38 008:351.940   CPU_WriteMem(4 bytes @ 0xE0001004)
T9A38 008:378.413   CPU_ReadMem(4 bytes @ 0xE0001004)
T9A38 008:378.874   CPU_WriteMem(6 bytes @ 0x22060000)
T9A38 008:379.630   ClockFreq: 8282000 Hz
T9A38 008:379.701 - 46.807ms returns 8282000
T9A38 008:379.746 JLINK_ReadReg(XPSR)
T9A38 008:379.781   CPU_ReadMem(4 bytes @ 0xE000EE08)
T9A38 008:380.159 - 0.412ms returns 0x01000000
T1DDC 010:566.162 JLINK_WriteMem(0x2213B854, 0x4 Bytes, ...)
T1DDC 010:566.350   Data:  00 00 00 00
T1DDC 010:566.954   CPU_WriteMem(4 bytes @ 0x2213B854)
T1DDC 010:567.869 - 1.708ms returns 0x4
T1DDC 010:567.958 JLINK_ReadMem(0x2213B854, 0x4 Bytes, ...)
T1DDC 010:568.001   CPU_ReadMem(4 bytes @ 0x2213B854)
T1DDC 010:568.737   Data:  00 00 00 00
T1DDC 010:568.790 - 0.832ms returns 0
T1DDC 010:568.831 JLINK_ReadMem(0x2213B830, 0x4 Bytes, ...)
T1DDC 010:568.868   CPU_ReadMem(4 bytes @ 0x2213B830)
T1DDC 010:569.552   Data:  39 39 3C 41
T1DDC 010:569.609 - 0.776ms returns 0
T1DDC 010:569.645 JLINK_ReadMem(0x0203E7C8, 0x4 Bytes, ...)
T1DDC 010:569.675   CPU_ReadMem(64 bytes @ 0x0203E7C0)
T1DDC 010:570.681    -- Updating C cache (64 bytes @ 0x0203E7C0)
T1DDC 010:570.742    -- Read from C cache (4 bytes @ 0x0203E7C8)
T1DDC 010:570.770   Data:  FF FF FF FF
T1DDC 010:570.797 - 1.152ms returns 0
T1DDC 041:765.728 JLINK_ResetPullsRESET(ON)
T1DDC 041:765.820 - 0.095ms 
T1DDC 041:765.856 JLINK_Halt()
T1DDC 041:766.280 - 0.422ms returns 0x00
T1DDC 041:766.360 JLINK_IsHalted()
T1DDC 041:766.396 - 0.036ms returns TRUE
T1DDC 041:766.432 JLINK_Reset()
T1DDC 041:766.484   ResetTarget() start
T1DDC 041:766.532    J-Link Script File: Executing ResetTarget()
T1DDC 041:766.580   CPU_ReadMem(4 bytes @ 0xE000ED44)
T1DDC 041:767.000   CPU_ReadMem(4 bytes @ 0xE000EE08)
T1DDC 041:767.460   CPU_WriteMem(4 bytes @ 0xE000EE08)
T1DDC 041:767.944   CPU_ReadMem(4 bytes @ 0xE000EE08)
T1DDC 041:768.428   Reset: ARMv8M core with Security Extension enabled detected. Switch to secure domain.
T1DDC 041:768.500   Reset: Halt core after reset via DEMCR.VC_CORERESET.
T1DDC 041:768.556   CPU_WriteMem(4 bytes @ 0xE000EDF0)
T1DDC 041:768.952   CPU_WriteMem(4 bytes @ 0xE000EDFC)
T1DDC 041:769.712   Reset: Reset device via AIRCR.SYSRESETREQ.
T1DDC 041:769.816   CPU_WriteMem(4 bytes @ 0xE000ED0C)
T1DDC 041:822.840   CPU_ReadMem(4 bytes @ 0xE000EDF0)
T1DDC 041:823.352   CPU_ReadMem(4 bytes @ 0xE000EDF0)
T1DDC 041:823.876   CPU_WriteMem(4 bytes @ 0xE000EDFC)
T1DDC 041:824.332   ResetTarget() end - Took 57.7ms
T1DDC 041:824.412   Device specific reset executed.
T1DDC 041:828.584   CPU_WriteMem(4 bytes @ 0xE0002000)
T1DDC 041:829.060   CPU_ReadMem(4 bytes @ 0xE000EDFC)
T1DDC 041:829.504   CPU_ReadMem(4 bytes @ 0xE0001000)
T1DDC 041:829.944   CPU_ReadMem(4 bytes @ 0xE000EE08)
T1DDC 041:830.756 - 64.320ms 
T1DDC 041:832.132 JLINK_SetEndian(ARM_ENDIAN_LITTLE)
T1DDC 041:832.232 - 0.102ms returns 0
T1DDC 041:832.616 JLINK_BeginDownload(Flags = 0x00000000)
T1DDC 041:832.684 - 0.070ms 
T1DDC 041:891.552 JLINK_ReadMem(0xE000EDF0, 0x4 Bytes, ...)
T1DDC 041:891.688   CPU_ReadMem(4 bytes @ 0xE000EDF0)
T1DDC 041:892.184   Data:  03 00 13 00
T1DDC 041:892.280   Debug reg: DHCSR
T1DDC 041:892.332 - 0.779ms returns 0
T1DDC 041:896.680 JLINK_WriteMem(0x02000000, 0x98 Bytes, ...)
T1DDC 041:896.776   Data:  80 FC 10 22 71 E6 00 02 D9 E3 00 02 81 E6 00 02 ...
T1DDC 041:897.664   completely In flash
T1DDC 041:897.764 - 1.087ms returns 0x98
T1DDC 041:898.968 JLINK_WriteMem(0x02000098, 0xBD8 Bytes, ...)
T1DDC 041:899.044   Data:  01 00 00 00 19 9E 03 02 04 A5 03 02 8B 79 03 02 ...
T1DDC 041:899.160   completely In flash
T1DDC 041:899.212 - 0.243ms returns 0xBD8
T1DDC 041:900.112 JLINK_WriteMem(0x02000C70, 0x83C Bytes, ...)
T1DDC 041:900.184   Data:  34 A4 03 02 ED 8E 03 02 D1 82 03 02 C0 98 03 02 ...
T1DDC 041:900.244   completely In flash
T1DDC 041:900.296 - 0.184ms returns 0x83C
T1DDC 041:901.132 JLINK_WriteMem(0x02001500, 0xBC0 Bytes, ...)
T1DDC 041:901.264   Data:  B0 B5 4D F6 CC 60 C0 F2 03 20 85 68 D0 E9 00 41 ...
T1DDC 041:901.368   completely In flash
T1DDC 041:901.468 - 0.336ms returns 0xBC0
T1DDC 041:902.536 JLINK_WriteMem(0x020020C0, 0xBD0 Bytes, ...)
T1DDC 041:902.652   Data:  58 E0 4F F6 C4 50 4B F2 CC 31 C2 F2 10 20 C0 F2 ...
T1DDC 041:902.708   completely In flash
T1DDC 041:902.744 - 0.207ms returns 0xBD0
T1DDC 041:903.604 JLINK_WriteMem(0x02002C90, 0xBD0 Bytes, ...)
T1DDC 041:903.656   Data:  03 90 0B 98 04 90 0E 98 05 90 0A 98 08 90 AB E7 ...
T1DDC 041:903.692   completely In flash
T1DDC 041:903.724 - 0.123ms returns 0xBD0
T1DDC 041:904.536 JLINK_WriteMem(0x02003860, 0xBD0 Bytes, ...)
T1DDC 041:904.588   Data:  F1 EE 10 FA F4 DC B4 EE 40 1A F1 EE 10 FA 03 D4 ...
T1DDC 041:904.628   completely In flash
T1DDC 041:904.660 - 0.126ms returns 0xBD0
T1DDC 041:905.412 JLINK_WriteMem(0x02004430, 0xBD0 Bytes, ...)
T1DDC 041:905.480   Data:  4D F6 B0 41 C2 F2 13 20 C0 F2 03 21 05 F0 B4 F8 ...
T1DDC 041:905.536   completely In flash
T1DDC 041:905.576 - 0.166ms returns 0xBD0
T1DDC 041:906.440 JLINK_WriteMem(0x02005000, 0xBE0 Bytes, ...)
T1DDC 041:906.520   Data:  98 00 D9 F8 48 00 C4 F8 9C 00 D9 F8 5C 00 C4 F8 ...
T1DDC 041:906.572   completely In flash
T1DDC 041:906.616 - 0.175ms returns 0xBE0
T1DDC 041:907.768 JLINK_WriteMem(0x02005BE0, 0xBD0 Bytes, ...)
T1DDC 041:907.916   Data:  01 F0 D2 F8 05 F1 94 00 01 F0 CE F8 05 F1 AC 00 ...
T1DDC 041:907.996   completely In flash
T1DDC 041:908.056 - 0.289ms returns 0xBD0
T1DDC 041:909.168 JLINK_WriteMem(0x020067B0, 0xBD0 Bytes, ...)
T1DDC 041:909.272   Data:  28 46 FF F7 7D FC BC 08 1A D1 17 F0 03 00 3C D0 ...
T1DDC 041:909.356   completely In flash
T1DDC 041:909.416 - 0.252ms returns 0xBD0
T1DDC 041:911.172 JLINK_WriteMem(0x02007380, 0xBD0 Bytes, ...)
T1DDC 041:911.284   Data:  84 00 40 42 01 F1 08 02 C4 F8 B8 21 26 22 C1 E9 ...
T1DDC 041:911.360   completely In flash
T1DDC 041:911.392 - 0.222ms returns 0xBD0
T1DDC 041:912.272 JLINK_WriteMem(0x02007F50, 0xBB0 Bytes, ...)
T1DDC 041:912.348   Data:  30 30 30 30 30 30 30 30 30 30 30 30 30 30 30 30 ...
T1DDC 041:912.408   completely In flash
T1DDC 041:912.456 - 0.181ms returns 0xBB0
T1DDC 041:913.324 JLINK_WriteMem(0x02008B00, 0xBD0 Bytes, ...)
T1DDC 041:913.400   Data:  D0 F8 00 C0 01 2A DC F8 08 00 00 F0 04 03 08 BF ...
T1DDC 041:913.464   completely In flash
T1DDC 041:913.568 - 0.243ms returns 0xBD0
T1DDC 041:914.304 JLINK_WriteMem(0x020096D0, 0xBC0 Bytes, ...)
T1DDC 041:914.368   Data:  E8 68 A0 60 28 69 E0 60 96 F9 79 20 96 F8 78 00 ...
T1DDC 041:914.424   completely In flash
T1DDC 041:914.472 - 0.171ms returns 0xBC0
T1DDC 041:915.252 JLINK_WriteMem(0x0200A290, 0xBC0 Bytes, ...)
T1DDC 041:915.640   Data:  C4 F2 00 00 50 F8 24 10 21 F4 80 31 40 F8 24 10 ...
T1DDC 041:915.724   completely In flash
T1DDC 041:915.772 - 0.521ms returns 0xBC0
T1DDC 041:916.440 JLINK_WriteMem(0x0200AE50, 0xBC0 Bytes, ...)
T1DDC 041:916.492   Data:  4C 21 21 60 10 BD D4 D4 2D E9 F0 47 04 46 01 20 ...
T1DDC 041:916.532   completely In flash
T1DDC 041:916.560 - 0.118ms returns 0xBC0
T1DDC 041:917.228 JLINK_WriteMem(0x0200BA10, 0xBA0 Bytes, ...)
T1DDC 041:917.288   Data:  F7 02 0A 71 21 69 0A 79 02 F0 EF 02 0A 71 21 69 ...
T1DDC 041:917.340   completely In flash
T1DDC 041:917.384 - 0.157ms returns 0xBA0
T1DDC 041:918.164 JLINK_WriteMem(0x0200C5B0, 0xBC0 Bytes, ...)
T1DDC 041:918.216   Data:  20 00 C4 F2 01 00 03 68 80 88 43 EA 00 02 00 F0 ...
T1DDC 041:918.252   completely In flash
T1DDC 041:918.284 - 0.122ms returns 0xBC0
T1DDC 041:919.000 JLINK_WriteMem(0x0200D170, 0xBD0 Bytes, ...)
T1DDC 041:919.060   Data:  B4 FB F6 F6 8F E0 C7 88 07 EB 08 0E BE F1 01 0F ...
T1DDC 041:919.108   completely In flash
T1DDC 041:919.156 - 0.155ms returns 0xBD0
T1DDC 041:919.820 JLINK_WriteMem(0x0200DD40, 0xBD0 Bytes, ...)
T1DDC 041:919.880   Data:  20 E0 4A F6 AB 21 56 F8 20 00 CA F6 AA 21 A0 FB ...
T1DDC 041:919.916   completely In flash
T1DDC 041:919.952 - 0.131ms returns 0xBD0
T1DDC 041:920.696 JLINK_WriteMem(0x0200E910, 0xBB0 Bytes, ...)
T1DDC 041:920.736   Data:  80 30 28 60 BF F3 4F 8F BF F3 6F 8F 4E F2 10 14 ...
T1DDC 041:920.772   completely In flash
T1DDC 041:920.812 - 0.119ms returns 0xBB0
T1DDC 041:921.372 JLINK_WriteMem(0x0200F4C0, 0xBB0 Bytes, ...)
T1DDC 041:921.400   Data:  2D 1A 18 E0 F9 F7 94 FE 04 E0 20 46 00 F0 70 F8 ...
T1DDC 041:921.432   completely In flash
T1DDC 041:921.464 - 0.089ms returns 0xBB0
T1DDC 041:922.148 JLINK_WriteMem(0x02010070, 0xBC0 Bytes, ...)
T1DDC 041:922.228   Data:  07 EB 87 02 88 BF CE F8 00 70 03 EB 82 02 52 68 ...
T1DDC 041:922.284   completely In flash
T1DDC 041:922.340 - 0.192ms returns 0xBC0
T1DDC 041:923.336 JLINK_WriteMem(0x02010C30, 0xBB0 Bytes, ...)
T1DDC 041:923.452   Data:  00 24 FF F7 7D F9 48 46 00 F0 2A F9 02 99 19 B1 ...
T1DDC 041:923.508   completely In flash
T1DDC 041:923.624 - 0.285ms returns 0xBB0
T1DDC 041:924.636 JLINK_WriteMem(0x020117E0, 0xBD0 Bytes, ...)
T1DDC 041:924.700   Data:  58 46 00 F0 EF F9 01 46 09 20 00 29 08 BF 05 20 ...
T1DDC 041:924.756   completely In flash
T1DDC 041:924.812 - 0.175ms returns 0xBD0
T1DDC 041:925.732 JLINK_WriteMem(0x020123B0, 0xBC0 Bytes, ...)
T1DDC 041:925.860   Data:  70 47 48 F6 DB 70 C0 F2 03 20 70 47 47 F2 06 50 ...
T1DDC 041:925.896   completely In flash
T1DDC 041:925.928 - 0.197ms returns 0xBC0
T1DDC 041:926.712 JLINK_WriteMem(0x02012F70, 0xBD0 Bytes, ...)
T1DDC 041:926.752   Data:  41 3B 19 2B 03 D8 01 30 20 60 90 42 F3 D1 00 23 ...
T1DDC 041:926.788   completely In flash
T1DDC 041:926.824 - 0.111ms returns 0xBD0
T1DDC 041:927.436 JLINK_WriteMem(0x02013B40, 0xBC0 Bytes, ...)
T1DDC 041:927.484   Data:  00 F2 73 84 5A 1E C8 F8 00 20 13 F8 02 7C 00 EB ...
T1DDC 041:927.520   completely In flash
T1DDC 041:927.552 - 0.115ms returns 0xBC0
T1DDC 041:928.152 JLINK_WriteMem(0x02014700, 0xBD0 Bytes, ...)
T1DDC 041:928.188   Data:  00 F2 DC 80 FA 1C C8 F8 00 20 8A 42 0B D0 16 78 ...
T1DDC 041:928.220   completely In flash
T1DDC 041:928.248 - 0.097ms returns 0xBD0
T1DDC 041:928.920 JLINK_WriteMem(0x020152D0, 0xBD0 Bytes, ...)
T1DDC 041:928.968   Data:  2D E9 F0 43 81 B0 D0 E9 01 72 97 42 29 D1 06 46 ...
T1DDC 041:929.000   completely In flash
T1DDC 041:929.032 - 0.107ms returns 0xBD0
T1DDC 041:929.536 JLINK_WriteMem(0x02015EA0, 0xBD0 Bytes, ...)
T1DDC 041:929.564   Data:  8A F8 10 80 84 42 CA F8 0C 60 CB F8 00 A0 A3 D1 ...
T1DDC 041:929.596   completely In flash
T1DDC 041:929.628 - 0.093ms returns 0xBD0
T1DDC 041:930.096 JLINK_WriteMem(0x02016A70, 0xBC0 Bytes, ...)
T1DDC 041:930.136   Data:  83 03 8C 42 07 EB 43 03 A3 F1 30 03 13 D0 27 78 ...
T1DDC 041:930.168   completely In flash
T1DDC 041:930.200 - 0.104ms returns 0xBC0
T1DDC 041:931.044 JLINK_WriteMem(0x02017630, 0xBD0 Bytes, ...)
T1DDC 041:931.132   Data:  23 74 E2 68 C3 68 08 46 11 46 98 47 00 20 20 74 ...
T1DDC 041:931.212   completely In flash
T1DDC 041:931.260 - 0.219ms returns 0xBD0
T1DDC 041:932.096 JLINK_WriteMem(0x02018200, 0xBC0 Bytes, ...)
T1DDC 041:932.156   Data:  10 88 50 EA 19 89 F8 E0 B9 F1 45 0F 0F D1 48 1C ...
T1DDC 041:932.208   completely In flash
T1DDC 041:932.252 - 0.159ms returns 0xBC0
T1DDC 041:933.124 JLINK_WriteMem(0x02018DC0, 0xB90 Bytes, ...)
T1DDC 041:933.192   Data:  C0 F2 03 21 01 22 02 B0 BD E8 F0 41 02 F0 2F BC ...
T1DDC 041:933.240   completely In flash
T1DDC 041:933.288 - 0.164ms returns 0xB90
T1DDC 041:934.048 JLINK_WriteMem(0x02019950, 0xBD0 Bytes, ...)
T1DDC 041:934.100   Data:  20 46 F9 F7 25 FE 00 28 D5 D0 D4 E9 03 51 8D 42 ...
T1DDC 041:934.136   completely In flash
T1DDC 041:934.168 - 0.118ms returns 0xBD0
T1DDC 041:934.680 JLINK_WriteMem(0x0201A520, 0xBD0 Bytes, ...)
T1DDC 041:934.712   Data:  08 09 00 26 CF F6 FF 78 4F F0 17 0A 0F E0 2E 46 ...
T1DDC 041:934.744   completely In flash
T1DDC 041:934.776 - 0.095ms returns 0xBD0
T1DDC 041:935.384 JLINK_WriteMem(0x0201B0F0, 0xBD0 Bytes, ...)
T1DDC 041:935.416   Data:  38 BF 59 00 E1 60 0B F0 3D F8 00 28 60 60 75 D0 ...
T1DDC 041:935.448   completely In flash
T1DDC 041:935.480 - 0.097ms returns 0xBD0
T1DDC 041:936.024 JLINK_WriteMem(0x0201BCC0, 0xBC0 Bytes, ...)
T1DDC 041:936.072   Data:  01 0C C4 F8 00 C0 67 45 00 F0 96 80 9C F8 00 20 ...
T1DDC 041:936.104   completely In flash
T1DDC 041:936.136 - 0.114ms returns 0xBC0
T1DDC 041:936.696 JLINK_WriteMem(0x0201C880, 0xBD0 Bytes, ...)
T1DDC 041:936.728   Data:  4F F9 05 46 00 28 00 F0 99 80 12 A9 20 46 00 22 ...
T1DDC 041:936.760   completely In flash
T1DDC 041:936.796 - 0.103ms returns 0xBD0
T1DDC 041:938.024 JLINK_WriteMem(0x0201D450, 0xBE0 Bytes, ...)
T1DDC 041:938.168   Data:  A0 68 09 30 A0 60 05 F1 0C 00 21 46 FD F7 4A FD ...
T1DDC 041:938.248   completely In flash
T1DDC 041:938.296 - 0.270ms returns 0xBE0
T1DDC 041:939.136 JLINK_WriteMem(0x0201E030, 0xBE0 Bytes, ...)
T1DDC 041:939.208   Data:  59 00 E1 60 08 F0 9E F8 00 28 60 60 7C D0 A1 68 ...
T1DDC 041:939.260   completely In flash
T1DDC 041:939.308 - 0.174ms returns 0xBE0
T1DDC 041:940.088 JLINK_WriteMem(0x0201EC10, 0xBE0 Bytes, ...)
T1DDC 041:940.156   Data:  01 F2 E9 31 B1 EB 42 0F 38 BF 51 00 E1 60 07 F0 ...
T1DDC 041:940.332   completely In flash
T1DDC 041:940.376 - 0.284ms returns 0xBE0
T1DDC 041:941.248 JLINK_WriteMem(0x0201F7F0, 0xBD0 Bytes, ...)
T1DDC 041:941.320   Data:  03 2B 27 20 4A F2 E1 48 02 28 C0 F2 03 28 03 D3 ...
T1DDC 041:941.368   completely In flash
T1DDC 041:941.416 - 0.171ms returns 0xBD0
T1DDC 041:942.268 JLINK_WriteMem(0x020203C0, 0xBD0 Bytes, ...)
T1DDC 041:942.336   Data:  00 E0 60 68 45 F6 20 32 C6 F6 65 62 42 50 08 44 ...
T1DDC 041:942.392   completely In flash
T1DDC 041:942.444 - 0.177ms returns 0xBD0
T1DDC 041:943.280 JLINK_WriteMem(0x02020F90, 0xBD0 Bytes, ...)
T1DDC 041:943.340   Data:  C9 F8 00 50 9A F8 00 00 07 EB 87 07 00 EB 47 00 ...
T1DDC 041:943.400   completely In flash
T1DDC 041:943.448 - 0.167ms returns 0xBD0
T1DDC 041:944.140 JLINK_WriteMem(0x02021B60, 0xBE0 Bytes, ...)
T1DDC 041:944.184   Data:  41 F2 1C 11 C0 F2 04 21 B5 F8 05 20 08 31 40 F8 ...
T1DDC 041:944.224   completely In flash
T1DDC 041:944.256 - 0.115ms returns 0xBE0
T1DDC 041:944.952 JLINK_WriteMem(0x02022740, 0xBC0 Bytes, ...)
T1DDC 041:945.012   Data:  06 46 CF F6 FF 72 79 68 A1 F6 E8 70 90 42 0A D8 ...
T1DDC 041:945.060   completely In flash
T1DDC 041:945.104 - 0.152ms returns 0xBC0
T1DDC 041:945.900 JLINK_WriteMem(0x02023300, 0xBD0 Bytes, ...)
T1DDC 041:945.960   Data:  02 12 C8 1C 90 42 0D D9 60 68 01 F2 E3 31 B1 EB ...
T1DDC 041:946.012   completely In flash
T1DDC 041:946.056 - 0.159ms returns 0xBD0
T1DDC 041:946.740 JLINK_WriteMem(0x02023ED0, 0xBC0 Bytes, ...)
T1DDC 041:946.804   Data:  F5 B1 A0 42 13 D0 D4 F8 04 C0 0F 46 D0 F8 04 E0 ...
T1DDC 041:946.864   completely In flash
T1DDC 041:946.908 - 0.173ms returns 0xBC0
T1DDC 041:947.636 JLINK_WriteMem(0x02024A90, 0xBC0 Bytes, ...)
T1DDC 041:947.720   Data:  DE E6 E3 B2 32 46 EE E7 08 20 07 99 88 61 0D B0 ...
T1DDC 041:947.768   completely In flash
T1DDC 041:947.808 - 0.174ms returns 0xBC0
T1DDC 041:948.536 JLINK_WriteMem(0x02025650, 0xBC0 Bytes, ...)
T1DDC 041:948.596   Data:  0C F1 10 0C DE F8 0C 60 03 2A EE 60 E0 D8 23 44 ...
T1DDC 041:948.648   completely In flash
T1DDC 041:948.696 - 0.156ms returns 0xBC0
T1DDC 041:949.528 JLINK_WriteMem(0x02026210, 0xBC0 Bytes, ...)
T1DDC 041:949.592   Data:  17 D3 DA F8 04 10 40 F0 01 00 01 F0 01 01 41 EA ...
T1DDC 041:949.656   completely In flash
T1DDC 041:949.700 - 0.173ms returns 0xBC0
T1DDC 041:950.408 JLINK_WriteMem(0x02026DD0, 0xBD0 Bytes, ...)
T1DDC 041:950.456   Data:  0B 96 0A D4 17 98 01 1D 17 91 06 68 D1 05 0A D5 ...
T1DDC 041:950.492   completely In flash
T1DDC 041:950.524 - 0.119ms returns 0xBD0
T1DDC 041:951.144 JLINK_WriteMem(0x020279A0, 0xBC0 Bytes, ...)
T1DDC 041:951.180   Data:  6A AF 02 9B 13 F0 0F 03 7F F4 73 AF 08 29 BF F4 ...
T1DDC 041:951.216   completely In flash
T1DDC 041:951.244 - 0.100ms returns 0xBC0
T1DDC 041:951.848 JLINK_WriteMem(0x02028560, 0xBC0 Bytes, ...)
T1DDC 041:951.880   Data:  01 01 48 43 80 0C 70 47 42 F6 FB 61 C0 F2 0B 01 ...
T1DDC 041:951.940   completely In flash
T1DDC 041:951.972 - 0.127ms returns 0xBC0
T1DDC 041:952.548 JLINK_WriteMem(0x02029120, 0xBE0 Bytes, ...)
T1DDC 041:952.608   Data:  00 00 00 00 00 00 00 00 00 00 00 00 00 00 00 00 ...
T1DDC 041:952.660   completely In flash
T1DDC 041:952.708 - 0.161ms returns 0xBE0
T1DDC 041:953.540 JLINK_WriteMem(0x02029D00, 0xBE0 Bytes, ...)
T1DDC 041:953.608   Data:  00 00 00 00 00 00 38 C6 38 C6 00 00 00 00 00 00 ...
T1DDC 041:953.656   completely In flash
T1DDC 041:953.704 - 0.166ms returns 0xBE0
T1DDC 041:954.568 JLINK_WriteMem(0x0202A8E0, 0xBE0 Bytes, ...)
T1DDC 041:954.632   Data:  00 00 00 00 00 00 00 00 00 00 00 00 00 00 00 00 ...
T1DDC 041:954.680   completely In flash
T1DDC 041:954.728 - 0.162ms returns 0xBE0
T1DDC 041:955.600 JLINK_WriteMem(0x0202B4C0, 0xBE0 Bytes, ...)
T1DDC 041:955.708   Data:  00 00 00 00 00 00 00 00 00 00 00 00 00 00 00 00 ...
T1DDC 041:955.780   completely In flash
T1DDC 041:955.840 - 0.242ms returns 0xBE0
T1DDC 041:956.756 JLINK_WriteMem(0x0202C0A0, 0xBE0 Bytes, ...)
T1DDC 041:956.816   Data:  00 00 00 00 00 00 00 00 00 00 00 00 00 00 00 00 ...
T1DDC 041:956.852   completely In flash
T1DDC 041:956.880 - 0.125ms returns 0xBE0
T1DDC 041:957.500 JLINK_WriteMem(0x0202CC80, 0xBE0 Bytes, ...)
T1DDC 041:957.544   Data:  00 00 00 00 00 00 00 00 00 00 00 00 00 00 00 00 ...
T1DDC 041:957.576   completely In flash
T1DDC 041:957.608 - 0.105ms returns 0xBE0
T1DDC 041:958.296 JLINK_WriteMem(0x0202D860, 0xBE0 Bytes, ...)
T1DDC 041:958.368   Data:  00 00 00 00 00 00 00 00 6D 6B FF FF 6D 6B 00 00 ...
T1DDC 041:958.680   completely In flash
T1DDC 041:958.760 - 0.460ms returns 0xBE0
T1DDC 041:959.660 JLINK_WriteMem(0x0202E440, 0xBE0 Bytes, ...)
T1DDC 041:959.712   Data:  00 00 00 00 00 00 00 00 00 00 00 00 00 00 00 00 ...
T1DDC 041:959.752   completely In flash
T1DDC 041:959.784 - 0.124ms returns 0xBE0
T1DDC 041:960.608 JLINK_WriteMem(0x0202F020, 0xBE0 Bytes, ...)
T1DDC 041:960.664   Data:  7D EF 00 00 00 00 00 00 6D 6B FF FF 6D 6B 00 00 ...
T1DDC 041:960.704   completely In flash
T1DDC 041:960.732 - 0.127ms returns 0xBE0
T1DDC 041:961.448 JLINK_WriteMem(0x0202FC00, 0xBE0 Bytes, ...)
T1DDC 041:961.520   Data:  00 00 00 00 00 00 00 00 00 00 00 00 00 00 00 00 ...
T1DDC 041:961.556   completely In flash
T1DDC 041:961.588 - 0.137ms returns 0xBE0
T1DDC 041:962.344 JLINK_WriteMem(0x020307E0, 0xBD0 Bytes, ...)
T1DDC 041:962.416   Data:  6D 6B FF FF 6D 6B 00 00 6D 6B FF FF 6D 6B 00 00 ...
T1DDC 041:962.476   completely In flash
T1DDC 041:962.520 - 0.177ms returns 0xBD0
T1DDC 041:964.204 JLINK_WriteMem(0x020313B0, 0xBD0 Bytes, ...)
T1DDC 041:964.276   Data:  00 00 00 00 00 00 00 00 00 00 00 00 00 00 00 00 ...
T1DDC 041:964.336   completely In flash
T1DDC 041:964.380 - 0.177ms returns 0xBD0
T1DDC 041:965.280 JLINK_WriteMem(0x02031F80, 0xBE0 Bytes, ...)
T1DDC 041:965.372   Data:  00 00 00 00 00 00 00 00 00 00 00 00 00 00 00 00 ...
T1DDC 041:965.444   completely In flash
T1DDC 041:965.488 - 0.209ms returns 0xBE0
T1DDC 041:966.548 JLINK_WriteMem(0x02032B60, 0xBE0 Bytes, ...)
T1DDC 041:966.608   Data:  00 00 00 00 00 00 00 00 00 00 00 00 00 00 00 00 ...
T1DDC 041:966.648   completely In flash
T1DDC 041:966.680 - 0.133ms returns 0xBE0
T1DDC 041:967.724 JLINK_WriteMem(0x02033740, 0xBE0 Bytes, ...)
T1DDC 041:967.880   Data:  00 00 00 00 00 00 00 00 00 00 00 00 00 00 00 00 ...
T1DDC 041:967.924   completely In flash
T1DDC 041:967.956 - 0.231ms returns 0xBE0
T1DDC 041:968.736 JLINK_WriteMem(0x02034320, 0xBE0 Bytes, ...)
T1DDC 041:968.804   Data:  00 00 00 00 00 00 00 00 00 00 00 00 00 00 00 00 ...
T1DDC 041:969.144   completely In flash
T1DDC 041:969.228 - 0.494ms returns 0xBE0
T1DDC 041:970.120 JLINK_WriteMem(0x02034F00, 0xBE0 Bytes, ...)
T1DDC 041:970.188   Data:  00 00 00 00 00 00 00 00 00 00 00 00 00 00 00 00 ...
T1DDC 041:970.232   completely In flash
T1DDC 041:970.264 - 0.144ms returns 0xBE0
T1DDC 041:970.904 JLINK_WriteMem(0x02035AE0, 0xBE0 Bytes, ...)
T1DDC 041:970.960   Data:  00 00 DB DE DB DE 00 00 00 00 00 00 00 00 00 00 ...
T1DDC 041:971.000   completely In flash
T1DDC 041:971.032 - 0.128ms returns 0xBE0
T1DDC 041:971.700 JLINK_WriteMem(0x020366C0, 0xBE0 Bytes, ...)
T1DDC 041:971.748   Data:  00 00 00 00 00 00 00 00 00 00 00 00 00 00 00 00 ...
T1DDC 041:971.784   completely In flash
T1DDC 041:971.824 - 0.124ms returns 0xBE0
T1DDC 041:972.840 JLINK_WriteMem(0x020372A0, 0xBE0 Bytes, ...)
T1DDC 041:972.996   Data:  73 69 74 65 00 70 72 65 74 7A 65 6C 00 73 74 72 ...
T1DDC 041:973.068   completely In flash
T1DDC 041:973.128 - 0.290ms returns 0xBE0
T1DDC 041:974.232 JLINK_WriteMem(0x02037E80, 0xBE0 Bytes, ...)
T1DDC 041:974.320   Data:  6E 00 46 72 65 6E 63 68 20 68 6F 72 6E 00 6D 61 ...
T1DDC 041:974.392   completely In flash
T1DDC 041:974.440 - 0.215ms returns 0xBE0
T1DDC 041:975.324 JLINK_WriteMem(0x02038A60, 0xBE0 Bytes, ...)
T1DDC 041:975.384   Data:  63 6F 79 6F 74 65 00 74 61 62 62 79 00 69 63 65 ...
T1DDC 041:975.460   completely In flash
T1DDC 041:975.508 - 0.183ms returns 0xBE0
T1DDC 041:976.528 JLINK_WriteMem(0x02039640, 0xBE0 Bytes, ...)
T1DDC 041:976.636   Data:  00 73 38 00 64 32 38 00 74 79 70 65 69 6E 66 6F ...
T1DDC 041:976.700   completely In flash
T1DDC 041:976.772 - 0.242ms returns 0xBE0
T1DDC 041:977.668 JLINK_WriteMem(0x0203A220, 0xBE0 Bytes, ...)
T1DDC 041:977.728   Data:  74 73 68 61 6B 65 72 00 73 6F 61 70 20 64 69 73 ...
T1DDC 041:977.792   completely In flash
T1DDC 041:977.896 - 0.226ms returns 0xBE0
T1DDC 041:978.652 JLINK_WriteMem(0x0203AE00, 0xBE0 Bytes, ...)
T1DDC 041:978.712   Data:  00 72 61 70 65 73 65 65 64 00 63 6F 72 61 6C 20 ...
T1DDC 041:978.764   completely In flash
T1DDC 041:978.816 - 0.165ms returns 0xBE0
T1DDC 041:979.616 JLINK_WriteMem(0x0203B9E0, 0xBD0 Bytes, ...)
T1DDC 041:979.680   Data:  B8 20 00 00 D4 D4 D4 D4 D4 D4 D4 D4 D4 D4 D4 D4 ...
T1DDC 041:979.772   completely In flash
T1DDC 041:979.832 - 0.214ms returns 0xBD0
T1DDC 041:980.640 JLINK_WriteMem(0x0203C5B0, 0xBC0 Bytes, ...)
T1DDC 041:980.700   Data:  86 40 00 00 E0 00 00 00 85 40 00 00 60 04 00 00 ...
T1DDC 041:980.740   completely In flash
T1DDC 041:980.776 - 0.134ms returns 0xBC0
T1DDC 041:981.576 JLINK_WriteMem(0x0203D170, 0xBD0 Bytes, ...)
T1DDC 041:981.616   Data:  20 40 00 00 10 13 28 00 21 40 00 00 80 24 03 00 ...
T1DDC 041:981.652   completely In flash
T1DDC 041:981.680 - 0.103ms returns 0xBD0
T1DDC 041:982.448 JLINK_WriteMem(0x0203DD40, 0xBE0 Bytes, ...)
T1DDC 041:982.516   Data:  00 FF 00 00 BC 02 00 00 00 00 00 00 00 FF 00 00 ...
T1DDC 041:982.568   completely In flash
T1DDC 041:982.612 - 0.164ms returns 0xBE0
T1DDC 041:983.280 JLINK_WriteMem(0x0203E920, 0xBE0 Bytes, ...)
T1DDC 041:983.376   Data:  05 5F 01 02 07 5F 01 02 0B 5F 01 02 3D 37 02 02 ...
T1DDC 041:983.424   completely In flash
T1DDC 041:983.456 - 0.176ms returns 0xBE0
T1DDC 041:984.220 JLINK_WriteMem(0x0203F500, 0xBE0 Bytes, ...)
T1DDC 041:984.300   Data:  F9 5E 01 02 FD 5E 01 02 01 5F 01 02 05 5F 01 02 ...
T1DDC 041:984.356   completely In flash
T1DDC 041:984.400 - 0.180ms returns 0xBE0
T1DDC 041:985.160 JLINK_WriteMem(0x020400E0, 0xBE0 Bytes, ...)
T1DDC 041:985.224   Data:  47 4C 4F 42 41 4C 5F 5F 4E 5F 31 31 36 69 74 61 ...
T1DDC 041:985.296   completely In flash
T1DDC 041:985.356 - 0.194ms returns 0xBE0
T1DDC 041:986.100 JLINK_WriteMem(0x02040CC0, 0x9DE Bytes, ...)
T1DDC 041:986.168   Data:  F9 5E 01 02 FD 5E 01 02 01 5F 01 02 05 5F 01 02 ...
T1DDC 041:986.228   completely In flash
T1DDC 041:986.276 - 0.175ms returns 0x9DE
T1DDC 041:986.912 JLINK_WriteMem(0x0204169E, 0xA0 Bytes, ...)
T1DDC 041:986.984   Data:  10 B5 04 46 01 28 98 BF 01 24 20 46 E4 F7 F1 F9 ...
T1DDC 041:987.032   completely In flash
T1DDC 041:987.084 - 0.173ms returns 0xA0
T1DDC 041:987.712 JLINK_WriteMem(0x02041740, 0x4 Bytes, ...)
T1DDC 041:987.768   Data:  08 00 00 00
T1DDC 041:987.824   completely In flash
T1DDC 041:987.880 - 0.168ms returns 0x4
T1DDC 041:988.768 JLINK_WriteMem(0x22001480, 0xBE0 Bytes, ...)
T1DDC 041:988.872   Data:  00 00 00 00 00 00 00 00 00 00 00 00 00 00 00 00 ...
T1DDC 041:990.152   CPU_ReadMem(4 bytes @ 0xE000ED90)
T1DDC 041:990.636   CPU_ReadMem(4 bytes @ 0xE000ED94)
T1DDC 041:991.728    -- --------------------------------------
T1DDC 041:991.860    -- Start of determining flash info (Bank @ 0x02000000)
T1DDC 041:992.116    -- End of determining flash info
T1DDC 041:992.224    -- Start of determining dirty areas in flash cache
T1DDC 041:992.272    -- Filling invalid ranges in sector buffer (flash cache) for sector @ 0x02000000 if necessary
T1DDC 041:992.304    -- Filling invalid ranges in sector buffer (flash cache) for sector @ 0x02000800 if necessary
T1DDC 041:992.332    -- Filling invalid ranges in sector buffer (flash cache) for sector @ 0x02001000 if necessary
T1DDC 041:992.364    -- Filling invalid ranges in sector buffer (flash cache) for sector @ 0x02001800 if necessary
T1DDC 041:992.404    -- Filling invalid ranges in sector buffer (flash cache) for sector @ 0x02002000 if necessary
T1DDC 041:992.436    -- Filling invalid ranges in sector buffer (flash cache) for sector @ 0x02002800 if necessary
T1DDC 041:992.472    -- Filling invalid ranges in sector buffer (flash cache) for sector @ 0x02003000 if necessary
T1DDC 041:992.504    -- Filling invalid ranges in sector buffer (flash cache) for sector @ 0x02003800 if necessary
T1DDC 041:992.532    -- Filling invalid ranges in sector buffer (flash cache) for sector @ 0x02004000 if necessary
T1DDC 041:992.564    -- Filling invalid ranges in sector buffer (flash cache) for sector @ 0x02004800 if necessary
T1DDC 041:992.596    -- Filling invalid ranges in sector buffer (flash cache) for sector @ 0x02005000 if necessary
T1DDC 041:992.628    -- Filling invalid ranges in sector buffer (flash cache) for sector @ 0x02005800 if necessary
T1DDC 041:992.656    -- Filling invalid ranges in sector buffer (flash cache) for sector @ 0x02006000 if necessary
T1DDC 041:992.684    -- Filling invalid ranges in sector buffer (flash cache) for sector @ 0x02006800 if necessary
T1DDC 041:992.716    -- Filling invalid ranges in sector buffer (flash cache) for sector @ 0x02007000 if necessary
T1DDC 041:992.748    -- Filling invalid ranges in sector buffer (flash cache) for sector @ 0x02007800 if necessary
T1DDC 041:992.776    -- Filling invalid ranges in sector buffer (flash cache) for sector @ 0x02008000 if necessary
T1DDC 041:992.812    -- Filling invalid ranges in sector buffer (flash cache) for sector @ 0x02008800 if necessary
T1DDC 041:992.844    -- Filling invalid ranges in sector buffer (flash cache) for sector @ 0x02009000 if necessary
T1DDC 041:992.876    -- Filling invalid ranges in sector buffer (flash cache) for sector @ 0x02009800 if necessary
T1DDC 041:992.912    -- Filling invalid ranges in sector buffer (flash cache) for sector @ 0x0200A000 if necessary
T1DDC 041:992.944    -- Filling invalid ranges in sector buffer (flash cache) for sector @ 0x0200A800 if necessary
T1DDC 041:992.988    -- Filling invalid ranges in sector buffer (flash cache) for sector @ 0x0200B000 if necessary
T1DDC 041:993.020    -- Filling invalid ranges in sector buffer (flash cache) for sector @ 0x0200B800 if necessary
T1DDC 041:993.056    -- Filling invalid ranges in sector buffer (flash cache) for sector @ 0x0200C000 if necessary
T1DDC 041:993.092    -- Filling invalid ranges in sector buffer (flash cache) for sector @ 0x0200C800 if necessary
T1DDC 041:993.128    -- Filling invalid ranges in sector buffer (flash cache) for sector @ 0x0200D000 if necessary
T1DDC 041:993.160    -- Filling invalid ranges in sector buffer (flash cache) for sector @ 0x0200D800 if necessary
T1DDC 041:993.196    -- Filling invalid ranges in sector buffer (flash cache) for sector @ 0x0200E000 if necessary
T1DDC 041:993.236    -- Filling invalid ranges in sector buffer (flash cache) for sector @ 0x0200E800 if necessary
T1DDC 041:993.284    -- Filling invalid ranges in sector buffer (flash cache) for sector @ 0x0200F000 if necessary
T1DDC 041:993.324    -- Filling invalid ranges in sector buffer (flash cache) for sector @ 0x0200F800 if necessary
T1DDC 041:993.364    -- Filling invalid ranges in sector buffer (flash cache) for sector @ 0x02010000 if necessary
T1DDC 041:993.400    -- Filling invalid ranges in sector buffer (flash cache) for sector @ 0x02010800 if necessary
T1DDC 041:993.448    -- Filling invalid ranges in sector buffer (flash cache) for sector @ 0x02011000 if necessary
T1DDC 041:993.492    -- Filling invalid ranges in sector buffer (flash cache) for sector @ 0x02011800 if necessary
T1DDC 041:993.528    -- Filling invalid ranges in sector buffer (flash cache) for sector @ 0x02012000 if necessary
T1DDC 041:993.560    -- Filling invalid ranges in sector buffer (flash cache) for sector @ 0x02012800 if necessary
T1DDC 041:993.600    -- Filling invalid ranges in sector buffer (flash cache) for sector @ 0x02013000 if necessary
T1DDC 041:993.632    -- Filling invalid ranges in sector buffer (flash cache) for sector @ 0x02013800 if necessary
T1DDC 041:993.668    -- Filling invalid ranges in sector buffer (flash cache) for sector @ 0x02014000 if necessary
T1DDC 041:993.704    -- Filling invalid ranges in sector buffer (flash cache) for sector @ 0x02014800 if necessary
T1DDC 041:993.736    -- Filling invalid ranges in sector buffer (flash cache) for sector @ 0x02015000 if necessary
T1DDC 041:993.772    -- Filling invalid ranges in sector buffer (flash cache) for sector @ 0x02015800 if necessary
T1DDC 041:993.832    -- Filling invalid ranges in sector buffer (flash cache) for sector @ 0x02016000 if necessary
T1DDC 041:993.872    -- Filling invalid ranges in sector buffer (flash cache) for sector @ 0x02016800 if necessary
T1DDC 041:993.908    -- Filling invalid ranges in sector buffer (flash cache) for sector @ 0x02017000 if necessary
T1DDC 041:993.944    -- Filling invalid ranges in sector buffer (flash cache) for sector @ 0x02017800 if necessary
T1DDC 041:993.976    -- Filling invalid ranges in sector buffer (flash cache) for sector @ 0x02018000 if necessary
T1DDC 041:994.012    -- Filling invalid ranges in sector buffer (flash cache) for sector @ 0x02018800 if necessary
T1DDC 041:994.044    -- Filling invalid ranges in sector buffer (flash cache) for sector @ 0x02019000 if necessary
T1DDC 041:994.076    -- Filling invalid ranges in sector buffer (flash cache) for sector @ 0x02019800 if necessary
T1DDC 041:994.108    -- Filling invalid ranges in sector buffer (flash cache) for sector @ 0x0201A000 if necessary
T1DDC 041:994.144    -- Filling invalid ranges in sector buffer (flash cache) for sector @ 0x0201A800 if necessary
T1DDC 041:994.184    -- Filling invalid ranges in sector buffer (flash cache) for sector @ 0x0201B000 if necessary
T1DDC 041:994.220    -- Filling invalid ranges in sector buffer (flash cache) for sector @ 0x0201B800 if necessary
T1DDC 041:994.252    -- Filling invalid ranges in sector buffer (flash cache) for sector @ 0x0201C000 if necessary
T1DDC 041:994.296    -- Filling invalid ranges in sector buffer (flash cache) for sector @ 0x0201C800 if necessary
T1DDC 041:994.328    -- Filling invalid ranges in sector buffer (flash cache) for sector @ 0x0201D000 if necessary
T1DDC 041:994.356    -- Filling invalid ranges in sector buffer (flash cache) for sector @ 0x0201D800 if necessary
T1DDC 041:994.392    -- Filling invalid ranges in sector buffer (flash cache) for sector @ 0x0201E000 if necessary
T1DDC 041:994.424    -- Filling invalid ranges in sector buffer (flash cache) for sector @ 0x0201E800 if necessary
T1DDC 041:994.452    -- Filling invalid ranges in sector buffer (flash cache) for sector @ 0x0201F000 if necessary
T1DDC 041:994.480    -- Filling invalid ranges in sector buffer (flash cache) for sector @ 0x0201F800 if necessary
T1DDC 041:994.512    -- Filling invalid ranges in sector buffer (flash cache) for sector @ 0x02020000 if necessary
T1DDC 041:994.544    -- Filling invalid ranges in sector buffer (flash cache) for sector @ 0x02020800 if necessary
T1DDC 041:994.572    -- Filling invalid ranges in sector buffer (flash cache) for sector @ 0x02021000 if necessary
T1DDC 041:994.600    -- Filling invalid ranges in sector buffer (flash cache) for sector @ 0x02021800 if necessary
T1DDC 041:994.632    -- Filling invalid ranges in sector buffer (flash cache) for sector @ 0x02022000 if necessary
T1DDC 041:994.664    -- Filling invalid ranges in sector buffer (flash cache) for sector @ 0x02022800 if necessary
T1DDC 041:994.696    -- Filling invalid ranges in sector buffer (flash cache) for sector @ 0x02023000 if necessary
T1DDC 041:994.728    -- Filling invalid ranges in sector buffer (flash cache) for sector @ 0x02023800 if necessary
T1DDC 041:994.756    -- Filling invalid ranges in sector buffer (flash cache) for sector @ 0x02024000 if necessary
T1DDC 041:994.788    -- Filling invalid ranges in sector buffer (flash cache) for sector @ 0x02024800 if necessary
T1DDC 041:994.824    -- Filling invalid ranges in sector buffer (flash cache) for sector @ 0x02025000 if necessary
T1DDC 041:994.856    -- Filling invalid ranges in sector buffer (flash cache) for sector @ 0x02025800 if necessary
T1DDC 041:994.884    -- Filling invalid ranges in sector buffer (flash cache) for sector @ 0x02026000 if necessary
T1DDC 041:994.912    -- Filling invalid ranges in sector buffer (flash cache) for sector @ 0x02026800 if necessary
T1DDC 041:994.940    -- Filling invalid ranges in sector buffer (flash cache) for sector @ 0x02027000 if necessary
T1DDC 041:994.972    -- Filling invalid ranges in sector buffer (flash cache) for sector @ 0x02027800 if necessary
T1DDC 041:995.000    -- Filling invalid ranges in sector buffer (flash cache) for sector @ 0x02028000 if necessary
T1DDC 041:995.032    -- Filling invalid ranges in sector buffer (flash cache) for sector @ 0x02028800 if necessary
T1DDC 041:995.064    -- Filling invalid ranges in sector buffer (flash cache) for sector @ 0x02029000 if necessary
T1DDC 041:995.096    -- Filling invalid ranges in sector buffer (flash cache) for sector @ 0x02029800 if necessary
T1DDC 041:995.128    -- Filling invalid ranges in sector buffer (flash cache) for sector @ 0x0202A000 if necessary
T1DDC 041:995.160    -- Filling invalid ranges in sector buffer (flash cache) for sector @ 0x0202A800 if necessary
T1DDC 041:995.188    -- Filling invalid ranges in sector buffer (flash cache) for sector @ 0x0202B000 if necessary
T1DDC 041:995.220    -- Filling invalid ranges in sector buffer (flash cache) for sector @ 0x0202B800 if necessary
T1DDC 041:995.252    -- Filling invalid ranges in sector buffer (flash cache) for sector @ 0x0202C000 if necessary
T1DDC 041:995.280    -- Filling invalid ranges in sector buffer (flash cache) for sector @ 0x0202C800 if necessary
T1DDC 041:995.308    -- Filling invalid ranges in sector buffer (flash cache) for sector @ 0x0202D000 if necessary
T1DDC 041:995.340    -- Filling invalid ranges in sector buffer (flash cache) for sector @ 0x0202D800 if necessary
T1DDC 041:995.368    -- Filling invalid ranges in sector buffer (flash cache) for sector @ 0x0202E000 if necessary
T1DDC 041:995.404    -- Filling invalid ranges in sector buffer (flash cache) for sector @ 0x0202E800 if necessary
T1DDC 041:995.432    -- Filling invalid ranges in sector buffer (flash cache) for sector @ 0x0202F000 if necessary
T1DDC 041:995.464    -- Filling invalid ranges in sector buffer (flash cache) for sector @ 0x0202F800 if necessary
T1DDC 041:995.496    -- Filling invalid ranges in sector buffer (flash cache) for sector @ 0x02030000 if necessary
T1DDC 041:995.524    -- Filling invalid ranges in sector buffer (flash cache) for sector @ 0x02030800 if necessary
T1DDC 041:995.552    -- Filling invalid ranges in sector buffer (flash cache) for sector @ 0x02031000 if necessary
T1DDC 041:995.584    -- Filling invalid ranges in sector buffer (flash cache) for sector @ 0x02031800 if necessary
T1DDC 041:995.612    -- Filling invalid ranges in sector buffer (flash cache) for sector @ 0x02032000 if necessary
T1DDC 041:995.640    -- Filling invalid ranges in sector buffer (flash cache) for sector @ 0x02032800 if necessary
T1DDC 041:995.672    -- Filling invalid ranges in sector buffer (flash cache) for sector @ 0x02033000 if necessary
T1DDC 041:995.704    -- Filling invalid ranges in sector buffer (flash cache) for sector @ 0x02033800 if necessary
T1DDC 041:995.736    -- Filling invalid ranges in sector buffer (flash cache) for sector @ 0x02034000 if necessary
T1DDC 041:995.768    -- Filling invalid ranges in sector buffer (flash cache) for sector @ 0x02034800 if necessary
T1DDC 041:995.804    -- Filling invalid ranges in sector buffer (flash cache) for sector @ 0x02035000 if necessary
T1DDC 041:995.836    -- Filling invalid ranges in sector buffer (flash cache) for sector @ 0x02035800 if necessary
T1DDC 041:995.880    -- Filling invalid ranges in sector buffer (flash cache) for sector @ 0x02036000 if necessary
T1DDC 041:995.908    -- Filling invalid ranges in sector buffer (flash cache) for sector @ 0x02036800 if necessary
T1DDC 041:995.940    -- Filling invalid ranges in sector buffer (flash cache) for sector @ 0x02037000 if necessary
T1DDC 041:995.968    -- Filling invalid ranges in sector buffer (flash cache) for sector @ 0x02037800 if necessary
T1DDC 041:996.000    -- Filling invalid ranges in sector buffer (flash cache) for sector @ 0x02038000 if necessary
T1DDC 041:996.028    -- Filling invalid ranges in sector buffer (flash cache) for sector @ 0x02038800 if necessary
T1DDC 041:996.060    -- Filling invalid ranges in sector buffer (flash cache) for sector @ 0x02039000 if necessary
T1DDC 041:996.092    -- Filling invalid ranges in sector buffer (flash cache) for sector @ 0x02039800 if necessary
T1DDC 041:996.124    -- Filling invalid ranges in sector buffer (flash cache) for sector @ 0x0203A000 if necessary
T1DDC 041:996.152    -- Filling invalid ranges in sector buffer (flash cache) for sector @ 0x0203A800 if necessary
T1DDC 041:996.184    -- Filling invalid ranges in sector buffer (flash cache) for sector @ 0x0203B000 if necessary
T1DDC 041:996.216    -- Filling invalid ranges in sector buffer (flash cache) for sector @ 0x0203B800 if necessary
T1DDC 041:996.248    -- Filling invalid ranges in sector buffer (flash cache) for sector @ 0x0203C000 if necessary
T1DDC 041:996.288    -- Filling invalid ranges in sector buffer (flash cache) for sector @ 0x0203C800 if necessary
T1DDC 041:996.324    -- Filling invalid ranges in sector buffer (flash cache) for sector @ 0x0203D000 if necessary
T1DDC 041:996.360    -- Filling invalid ranges in sector buffer (flash cache) for sector @ 0x0203D800 if necessary
T1DDC 041:996.404    -- Filling invalid ranges in sector buffer (flash cache) for sector @ 0x0203E000 if necessary
T1DDC 041:996.436    -- Filling invalid ranges in sector buffer (flash cache) for sector @ 0x0203E800 if necessary
T1DDC 041:996.464    -- Filling invalid ranges in sector buffer (flash cache) for sector @ 0x0203F000 if necessary
T1DDC 041:996.496    -- Filling invalid ranges in sector buffer (flash cache) for sector @ 0x0203F800 if necessary
T1DDC 041:996.616    -- Filling invalid ranges in sector buffer (flash cache) for sector @ 0x02040000 if necessary
T1DDC 041:996.648    -- Filling invalid ranges in sector buffer (flash cache) for sector @ 0x02040800 if necessary
T1DDC 041:996.676    -- Filling invalid ranges in sector buffer (flash cache) for sector @ 0x02041000 if necessary
T1DDC 041:996.952    -- End of determining dirty areas
T1DDC 041:996.984    -- Start of preparing flash programming
T1DDC 041:997.016    -- Preparing RAMCode
T1DDC 041:997.048    -- Calculating RAM usage
T1DDC 041:997.076    -- RAM usage = 19424 Bytes
T1DDC 041:997.104    -- Preserving CPU registers
T1DDC 041:998.112    -- Preparing memory
T1DDC 041:998.200    -- Preparing target
T1DDC 041:998.244    -- Preserving target RAM temporarily used for programming
T1DDC 042:109.528    -- Downloading RAMCode
T1DDC 042:139.708    -- Initializing RAMCode (InitType: 3 = Verify)
T1DDC 042:139.816    -- Executing SEGGER_FL_Prepare(3)
T1DDC 042:145.692    -- SEGGER_FL_Prepare() changed clock speed to 150000000Hz
T1DDC 042:145.752    -- End of preparing flash programming
T1DDC 042:150.352    -- CPU is running at 150000 kHz.
T1DDC 042:150.448    -- Start of comparing flash
T1DDC 042:150.492    -- CRC check was estimated as fastest method
T1DDC 042:336.300    -- Comparing range 0x2000000 - 0x201FFFF (64 Sectors, 128 KB), using single-block CRC calculation
T1DDC 042:430.988    -- CRC does not match, checking individual sectors
T1DDC 042:452.872    -- CRC does not match for sectors 0-15
T1DDC 042:476.040    -- CRC does not match for sectors 16-31
T1DDC 042:496.328    -- CRC does not match for sectors 32-47
T1DDC 042:516.112    -- CRC does not match for sectors 48-63
T1DDC 042:516.868    -- Comparing range 0x2020000 - 0x203FFFF (64 Sectors, 128 KB), using single-block CRC calculation
T1DDC 042:594.496    -- CRC does not match, checking individual sectors
T1DDC 042:636.100    -- CRC does not match for sectors 64-79
T1DDC 042:660.872    -- CRC does not match for sectors 80-95
T1DDC 042:681.984    -- CRC does not match for sectors 96-111
T1DDC 042:705.940    -- CRC does not match for sectors 112-127
T1DDC 042:709.832    -- Comparing range 0x2040000 - 0x20417FF (3 Sectors, 6 KB), using single-block CRC calculation
T1DDC 042:718.280    -- CRC does not match, checking individual sectors
T1DDC 042:726.128    -- CRC does not match for sectors 128-130
T1DDC 042:726.216    -- End of comparing flash
T1DDC 042:726.252    -- Start of erasing sectors
T1DDC 042:726.288    -- Erasing range 0x02000000 - 0x0201FFFF ( 64 Sectors, 128 KB)
T1DDC 042:981.080    -- Erasing range 0x02020000 - 0x0203FFFF ( 64 Sectors, 128 KB)
T1DDC 043:233.096    -- Erasing range 0x02040000 - 0x020417FF (  3 Sectors, 6 KB)
T1DDC 043:249.096    -- End of erasing sectors
T1DDC 043:249.216    -- Start of flash programming
T1DDC 043:249.248    -- Programming range 0x02000000 - 0x02007FFF ( 16 Sectors, 32 KB)
T1DDC 043:505.756    -- Programming range 0x02008000 - 0x0200FFFF ( 16 Sectors, 32 KB)
T1DDC 043:776.892    -- Programming range 0x02010000 - 0x02017FFF ( 16 Sectors, 32 KB)
T1DDC 044:054.840    -- Programming range 0x02018000 - 0x0201FFFF ( 16 Sectors, 32 KB)
T1DDC 044:315.072    -- Programming range 0x02020000 - 0x02027FFF ( 16 Sectors, 32 KB)
T1DDC 044:576.552    -- Programming range 0x02028000 - 0x0202FFFF ( 16 Sectors, 32 KB)
T1DDC 044:878.160    -- Programming range 0x02030000 - 0x02037FFF ( 16 Sectors, 32 KB)
T1DDC 045:147.800    -- Programming range 0x02038000 - 0x0203FFFF ( 16 Sectors, 32 KB)
T1DDC 045:428.348    -- Programming range 0x02040000 - 0x020417FF (  3 Sectors, 6 KB)
T1DDC 045:479.352    -- End of flash programming
T1DDC 045:479.416    -- 0x2000000 - 0x20417FF (131 Sectors, 262 KB)
T1DDC 045:479.448    -- Start of verifying flash
T1DDC 045:479.472    -- Checksum calculation was estimated as fastest method
T1DDC 045:479.496    -- Checksum is not supported by this flash bank. Switched to read back method.
T1DDC 045:636.388    -- End of verifying flash
T1DDC 045:636.520    -- Start of restoring
T1DDC 045:636.564    -- Executing SEGGER_FL_Restore()
T1DDC 045:643.068    -- Restoring target memory
T1DDC 045:743.176    -- Restoring CPU registers
T1DDC 045:743.664    -- End of restoring
T1DDC 045:743.728    -- Bank 0 @ 0x02000000: 1 range affected (268288 bytes)
T1DDC 045:743.772    -- Total: 3.746s (Prepare: 0.153s, Compare: 0.575s, Erase: 0.522s, Program: 2.251s, Verify: 0.136s, Restore: 0.107s)
T1DDC 045:743.816    -- Program speed: 116 KB/s
T1DDC 046:027.504   CPU_WriteMem(3040 bytes @ 0x22001480)
T1DDC 046:044.672 - 4055.900ms returns 0xBE0
T1DDC 046:047.956 JLINK_WriteMem(0x22002060, 0xBE0 Bytes, ...)
T1DDC 046:048.080   Data:  00 00 00 00 00 00 00 00 00 00 00 00 00 00 00 00 ...
T1DDC 046:048.168   CPU_WriteMem(3040 bytes @ 0x22002060)
T1DDC 046:065.428 - 17.474ms returns 0xBE0
T1DDC 046:066.468 JLINK_WriteMem(0x22002C40, 0xBE0 Bytes, ...)
T1DDC 046:066.520   Data:  00 00 00 00 00 00 00 00 00 00 00 00 00 00 00 00 ...
T1DDC 046:066.588   CPU_WriteMem(3040 bytes @ 0x22002C40)
T1DDC 046:083.636 - 17.165ms returns 0xBE0
T1DDC 046:085.904 JLINK_WriteMem(0x22003820, 0xBE0 Bytes, ...)
T1DDC 046:085.976   Data:  00 00 00 00 00 00 00 00 00 00 00 00 00 00 00 00 ...
T1DDC 046:086.056   CPU_WriteMem(3040 bytes @ 0x22003820)
T1DDC 046:103.176 - 17.273ms returns 0xBE0
T1DDC 046:104.336 JLINK_WriteMem(0x22004400, 0xBE0 Bytes, ...)
T1DDC 046:104.408   Data:  00 00 00 00 00 00 00 00 00 00 00 00 00 00 00 00 ...
T1DDC 046:104.488   CPU_WriteMem(3040 bytes @ 0x22004400)
T1DDC 046:121.620 - 17.282ms returns 0xBE0
T1DDC 046:123.780 JLINK_WriteMem(0x22004FE0, 0xBE0 Bytes, ...)
T1DDC 046:123.864   Data:  00 00 00 00 00 00 00 00 00 00 00 00 00 00 00 00 ...
T1DDC 046:123.944   CPU_WriteMem(3040 bytes @ 0x22004FE0)
T1DDC 046:141.184 - 17.404ms returns 0xBE0
T1DDC 046:142.636 JLINK_WriteMem(0x22005BC0, 0xBE0 Bytes, ...)
T1DDC 046:142.724   Data:  00 00 00 00 00 00 00 00 00 00 00 00 00 00 00 00 ...
T1DDC 046:142.816   CPU_WriteMem(3040 bytes @ 0x22005BC0)
T1DDC 046:159.928 - 17.288ms returns 0xBE0
T1DDC 046:161.780 JLINK_WriteMem(0x220067A0, 0xBE0 Bytes, ...)
T1DDC 046:161.872   Data:  00 00 00 00 00 00 00 00 00 00 00 00 00 00 00 00 ...
T1DDC 046:161.940   CPU_WriteMem(3040 bytes @ 0x220067A0)
T1DDC 046:179.044 - 17.260ms returns 0xBE0
T1DDC 046:181.832 JLINK_WriteMem(0x22007380, 0xBE0 Bytes, ...)
T1DDC 046:181.916   Data:  00 00 00 00 00 00 00 00 00 00 00 00 00 00 00 00 ...
T1DDC 046:182.004   CPU_WriteMem(3040 bytes @ 0x22007380)
T1DDC 046:199.348 - 17.518ms returns 0xBE0
T1DDC 046:201.280 JLINK_WriteMem(0x22007F60, 0xBE0 Bytes, ...)
T1DDC 046:201.364   Data:  00 00 00 00 00 00 00 00 00 00 00 00 00 00 00 00 ...
T1DDC 046:201.440   CPU_WriteMem(3040 bytes @ 0x22007F60)
T1DDC 046:218.688 - 17.408ms returns 0xBE0
T1DDC 046:219.804 JLINK_WriteMem(0x22008B40, 0xBE0 Bytes, ...)
T1DDC 046:219.892   Data:  00 00 00 00 00 00 00 00 00 00 00 00 00 00 00 00 ...
T1DDC 046:219.976   CPU_WriteMem(3040 bytes @ 0x22008B40)
T1DDC 046:237.176 - 17.372ms returns 0xBE0
T1DDC 046:239.184 JLINK_WriteMem(0x22009720, 0xBE0 Bytes, ...)
T1DDC 046:239.364   Data:  00 00 00 00 00 00 00 00 00 00 00 00 00 00 00 00 ...
T1DDC 046:239.628   CPU_WriteMem(3040 bytes @ 0x22009720)
T1DDC 046:256.896 - 17.786ms returns 0xBE0
T1DDC 046:258.448 JLINK_WriteMem(0x2200A300, 0xBE0 Bytes, ...)
T1DDC 046:258.532   Data:  00 00 00 00 00 00 00 00 00 00 00 00 00 00 00 00 ...
T1DDC 046:258.604   CPU_WriteMem(3040 bytes @ 0x2200A300)
T1DDC 046:276.072 - 17.620ms returns 0xBE0
T1DDC 046:277.468 JLINK_WriteMem(0x2200AEE0, 0xBE0 Bytes, ...)
T1DDC 046:277.540   Data:  00 00 00 00 00 00 00 00 00 00 00 00 00 00 00 00 ...
T1DDC 046:277.608   CPU_WriteMem(3040 bytes @ 0x2200AEE0)
T1DDC 046:294.672 - 17.203ms returns 0xBE0
T1DDC 046:295.828 JLINK_WriteMem(0x2200BAC0, 0xBE0 Bytes, ...)
T1DDC 046:295.904   Data:  00 00 00 00 00 00 00 00 00 00 00 00 00 00 00 00 ...
T1DDC 046:295.988   CPU_WriteMem(3040 bytes @ 0x2200BAC0)
T1DDC 046:313.100 - 17.271ms returns 0xBE0
T1DDC 046:314.548 JLINK_WriteMem(0x2200C6A0, 0xBE0 Bytes, ...)
T1DDC 046:314.632   Data:  00 00 00 00 00 00 00 00 00 00 00 00 00 00 00 00 ...
T1DDC 046:314.704   CPU_WriteMem(3040 bytes @ 0x2200C6A0)
T1DDC 046:331.840 - 17.293ms returns 0xBE0
T1DDC 046:332.892 JLINK_WriteMem(0x2200D280, 0xBE0 Bytes, ...)
T1DDC 046:332.956   Data:  00 00 00 00 00 00 00 00 00 00 00 00 00 00 00 00 ...
T1DDC 046:333.024   CPU_WriteMem(3040 bytes @ 0x2200D280)
T1DDC 046:350.104 - 17.211ms returns 0xBE0
T1DDC 046:351.868 JLINK_WriteMem(0x2200DE60, 0xBE0 Bytes, ...)
T1DDC 046:351.988   Data:  00 00 00 00 00 00 00 00 00 00 00 00 00 00 00 00 ...
T1DDC 046:352.072   CPU_WriteMem(3040 bytes @ 0x2200DE60)
T1DDC 046:369.192 - 17.325ms returns 0xBE0
T1DDC 046:370.424 JLINK_WriteMem(0x2200EA40, 0xBE0 Bytes, ...)
T1DDC 046:370.516   Data:  00 00 00 00 00 00 00 00 00 00 00 00 00 00 00 00 ...
T1DDC 046:370.592   CPU_WriteMem(3040 bytes @ 0x2200EA40)
T1DDC 046:387.700 - 17.275ms returns 0xBE0
T1DDC 046:389.712 JLINK_WriteMem(0x2200F620, 0xBE0 Bytes, ...)
T1DDC 046:389.832   Data:  00 00 00 00 00 00 00 00 00 00 00 00 00 00 00 00 ...
T1DDC 046:389.944   CPU_WriteMem(3040 bytes @ 0x2200F620)
T1DDC 046:407.176 - 17.463ms returns 0xBE0
T1DDC 046:408.136 JLINK_WriteMem(0x22010200, 0xBE0 Bytes, ...)
T1DDC 046:408.204   Data:  00 00 00 00 00 00 00 00 00 00 00 00 00 00 00 00 ...
T1DDC 046:408.280   CPU_WriteMem(3040 bytes @ 0x22010200)
T1DDC 046:425.352 - 17.216ms returns 0xBE0
T1DDC 046:426.736 JLINK_WriteMem(0x22010DE0, 0xBE0 Bytes, ...)
T1DDC 046:426.804   Data:  00 00 00 00 00 00 00 00 00 00 00 00 00 00 00 00 ...
T1DDC 046:426.864   CPU_WriteMem(3040 bytes @ 0x22010DE0)
T1DDC 046:448.712 - 21.976ms returns 0xBE0
T1DDC 046:449.820 JLINK_WriteMem(0x220119C0, 0xBE0 Bytes, ...)
T1DDC 046:449.904   Data:  00 00 00 00 00 00 00 00 00 00 00 00 00 00 00 00 ...
T1DDC 046:449.988   CPU_WriteMem(3040 bytes @ 0x220119C0)
T1DDC 046:467.320 - 17.500ms returns 0xBE0
T1DDC 046:468.896 JLINK_WriteMem(0x220125A0, 0xBE0 Bytes, ...)
T1DDC 046:469.000   Data:  00 00 00 00 00 00 00 00 00 00 00 00 00 00 00 00 ...
T1DDC 046:469.056   CPU_WriteMem(3040 bytes @ 0x220125A0)
T1DDC 046:486.176 - 17.278ms returns 0xBE0
T1DDC 046:486.980 JLINK_WriteMem(0x22013180, 0xBE0 Bytes, ...)
T1DDC 046:487.032   Data:  00 00 00 00 00 00 00 00 00 00 00 00 00 00 00 00 ...
T1DDC 046:487.084   CPU_WriteMem(3040 bytes @ 0x22013180)
T1DDC 046:504.104 - 17.124ms returns 0xBE0
T1DDC 046:505.224 JLINK_WriteMem(0x22013D60, 0xBE0 Bytes, ...)
T1DDC 046:505.272   Data:  00 00 00 00 00 00 00 00 00 00 00 00 00 00 00 00 ...
T1DDC 046:505.332   CPU_WriteMem(3040 bytes @ 0x22013D60)
T1DDC 046:522.440 - 17.215ms returns 0xBE0
T1DDC 046:523.252 JLINK_WriteMem(0x22014940, 0xBE0 Bytes, ...)
T1DDC 046:523.320   Data:  00 00 00 00 00 00 00 00 00 00 00 00 00 00 00 00 ...
T1DDC 046:523.376   CPU_WriteMem(3040 bytes @ 0x22014940)
T1DDC 046:540.488 - 17.233ms returns 0xBE0
T1DDC 046:541.656 JLINK_WriteMem(0x22015520, 0xBE0 Bytes, ...)
T1DDC 046:541.820   Data:  00 00 00 00 00 00 00 00 00 00 00 00 00 00 00 00 ...
T1DDC 046:541.880   CPU_WriteMem(3040 bytes @ 0x22015520)
T1DDC 046:558.948 - 17.290ms returns 0xBE0
T1DDC 046:559.908 JLINK_WriteMem(0x22016100, 0xBE0 Bytes, ...)
T1DDC 046:559.976   Data:  00 00 00 00 00 00 00 00 00 00 00 00 00 00 00 00 ...
T1DDC 046:560.048   CPU_WriteMem(3040 bytes @ 0x22016100)
T1DDC 046:577.144 - 17.236ms returns 0xBE0
T1DDC 046:578.292 JLINK_WriteMem(0x22016CE0, 0xBE0 Bytes, ...)
T1DDC 046:578.360   Data:  00 00 00 00 00 00 00 00 00 00 00 00 00 00 00 00 ...
T1DDC 046:578.412   CPU_WriteMem(3040 bytes @ 0x22016CE0)
T1DDC 046:595.528 - 17.235ms returns 0xBE0
T1DDC 046:596.272 JLINK_WriteMem(0x220178C0, 0xBE0 Bytes, ...)
T1DDC 046:596.316   Data:  00 00 00 00 00 00 00 00 00 00 00 00 00 00 00 00 ...
T1DDC 046:596.368   CPU_WriteMem(3040 bytes @ 0x220178C0)
T1DDC 046:613.464 - 17.189ms returns 0xBE0
T1DDC 046:614.700 JLINK_WriteMem(0x220184A0, 0xBE0 Bytes, ...)
T1DDC 046:614.752   Data:  00 00 00 00 00 00 00 00 00 00 00 00 00 00 00 00 ...
T1DDC 046:614.812   CPU_WriteMem(3040 bytes @ 0x220184A0)
T1DDC 046:631.932 - 17.229ms returns 0xBE0
T1DDC 046:632.716 JLINK_WriteMem(0x22019080, 0xBE0 Bytes, ...)
T1DDC 046:632.756   Data:  00 00 00 00 00 00 00 00 00 00 00 00 00 00 00 00 ...
T1DDC 046:632.808   CPU_WriteMem(3040 bytes @ 0x22019080)
T1DDC 046:650.084 - 17.363ms returns 0xBE0
T1DDC 046:652.316 JLINK_WriteMem(0x22019C60, 0xBE0 Bytes, ...)
T1DDC 046:652.416   Data:  00 00 00 00 00 00 00 00 00 00 00 00 00 00 00 00 ...
T1DDC 046:652.496   CPU_WriteMem(3040 bytes @ 0x22019C60)
T1DDC 046:669.736 - 17.419ms returns 0xBE0
T1DDC 046:670.880 JLINK_WriteMem(0x2201A840, 0xBE0 Bytes, ...)
T1DDC 046:670.984   Data:  00 00 00 00 00 00 00 00 00 00 00 00 00 00 00 00 ...
T1DDC 046:671.092   CPU_WriteMem(3040 bytes @ 0x2201A840)
T1DDC 046:688.312 - 17.428ms returns 0xBE0
T1DDC 046:689.848 JLINK_WriteMem(0x2201B420, 0xBE0 Bytes, ...)
T1DDC 046:689.960   Data:  00 00 00 00 00 00 00 00 00 00 00 00 00 00 00 00 ...
T1DDC 046:690.036   CPU_WriteMem(3040 bytes @ 0x2201B420)
T1DDC 046:707.528 - 17.668ms returns 0xBE0
T1DDC 046:710.500 JLINK_WriteMem(0x2201C000, 0xBE0 Bytes, ...)
T1DDC 046:710.664   Data:  00 00 00 00 00 00 00 00 00 00 00 00 00 00 00 00 ...
T1DDC 046:710.768   CPU_WriteMem(3040 bytes @ 0x2201C000)
T1DDC 046:728.188 - 17.688ms returns 0xBE0
T1DDC 046:729.848 JLINK_WriteMem(0x2201CBE0, 0xBE0 Bytes, ...)
T1DDC 046:729.912   Data:  00 00 00 00 00 00 00 00 00 00 00 00 00 00 00 00 ...
T1DDC 046:729.984   CPU_WriteMem(3040 bytes @ 0x2201CBE0)
T1DDC 046:747.156 - 17.305ms returns 0xBE0
T1DDC 046:748.152 JLINK_WriteMem(0x2201D7C0, 0xBE0 Bytes, ...)
T1DDC 046:748.208   Data:  00 00 00 00 00 00 00 00 00 00 00 00 00 00 00 00 ...
T1DDC 046:748.280   CPU_WriteMem(3040 bytes @ 0x2201D7C0)
T1DDC 046:765.392 - 17.237ms returns 0xBE0
T1DDC 046:766.744 JLINK_WriteMem(0x2201E3A0, 0xBE0 Bytes, ...)
T1DDC 046:766.824   Data:  00 00 00 00 00 00 00 00 00 00 00 00 00 00 00 00 ...
T1DDC 046:766.904   CPU_WriteMem(3040 bytes @ 0x2201E3A0)
T1DDC 046:784.552 - 17.801ms returns 0xBE0
T1DDC 046:786.368 JLINK_WriteMem(0x2201EF80, 0xBE0 Bytes, ...)
T1DDC 046:786.676   Data:  00 00 00 00 00 00 00 00 00 00 00 00 00 00 00 00 ...
T1DDC 046:786.936   CPU_WriteMem(3040 bytes @ 0x2201EF80)
T1DDC 046:804.964 - 18.591ms returns 0xBE0
T1DDC 046:806.980 JLINK_WriteMem(0x2201FB60, 0xBE0 Bytes, ...)
T1DDC 046:807.092   Data:  00 00 00 00 00 00 00 00 00 00 00 00 00 00 00 00 ...
T1DDC 046:807.180   CPU_WriteMem(3040 bytes @ 0x2201FB60)
T1DDC 046:824.452 - 17.472ms returns 0xBE0
T1DDC 046:825.672 JLINK_WriteMem(0x22020740, 0xBE0 Bytes, ...)
T1DDC 046:825.752   Data:  00 00 00 00 00 00 00 00 00 00 00 00 00 00 00 00 ...
T1DDC 046:825.832   CPU_WriteMem(3040 bytes @ 0x22020740)
T1DDC 046:843.196 - 17.516ms returns 0xBE0
T1DDC 046:844.696 JLINK_WriteMem(0x22021320, 0xBE0 Bytes, ...)
T1DDC 046:844.788   Data:  00 00 00 00 00 00 00 00 00 00 00 00 00 00 00 00 ...
T1DDC 046:844.868   CPU_WriteMem(3040 bytes @ 0x22021320)
T1DDC 046:862.072 - 17.376ms returns 0xBE0
T1DDC 046:863.224 JLINK_WriteMem(0x22021F00, 0xBE0 Bytes, ...)
T1DDC 046:863.312   Data:  00 00 00 00 00 00 00 00 00 00 00 00 00 00 00 00 ...
T1DDC 046:863.384   CPU_WriteMem(3040 bytes @ 0x22021F00)
T1DDC 046:880.372 - 17.147ms returns 0xBE0
T1DDC 046:881.872 JLINK_WriteMem(0x22022AE0, 0xBE0 Bytes, ...)
T1DDC 046:881.956   Data:  00 00 00 00 00 00 00 00 00 00 00 00 00 00 00 00 ...
T1DDC 046:882.032   CPU_WriteMem(3040 bytes @ 0x22022AE0)
T1DDC 046:899.168 - 17.295ms returns 0xBE0
T1DDC 046:900.120 JLINK_WriteMem(0x220236C0, 0xBE0 Bytes, ...)
T1DDC 046:900.180   Data:  00 00 00 00 00 00 00 00 00 00 00 00 00 00 00 00 ...
T1DDC 046:900.248   CPU_WriteMem(3040 bytes @ 0x220236C0)
T1DDC 046:917.400 - 17.276ms returns 0xBE0
T1DDC 046:918.808 JLINK_WriteMem(0x220242A0, 0xBE0 Bytes, ...)
T1DDC 046:918.868   Data:  00 00 00 00 00 00 00 00 00 00 00 00 00 00 00 00 ...
T1DDC 046:918.924   CPU_WriteMem(3040 bytes @ 0x220242A0)
T1DDC 046:936.124 - 17.315ms returns 0xBE0
T1DDC 046:937.168 JLINK_WriteMem(0x22024E80, 0xBE0 Bytes, ...)
T1DDC 046:937.280   Data:  00 00 00 00 00 00 00 00 00 00 00 00 00 00 00 00 ...
T1DDC 046:937.368   CPU_WriteMem(3040 bytes @ 0x22024E80)
T1DDC 046:954.424 - 17.255ms returns 0xBE0
T1DDC 046:956.068 JLINK_WriteMem(0x22025A60, 0xBE0 Bytes, ...)
T1DDC 046:956.148   Data:  00 00 00 00 00 00 00 00 00 00 00 00 00 00 00 00 ...
T1DDC 046:956.224   CPU_WriteMem(3040 bytes @ 0x22025A60)
T1DDC 046:973.348 - 17.279ms returns 0xBE0
T1DDC 046:974.344 JLINK_WriteMem(0x22026640, 0xBE0 Bytes, ...)
T1DDC 046:974.412   Data:  00 00 00 00 00 00 00 00 00 00 00 00 00 00 00 00 ...
T1DDC 046:974.480   CPU_WriteMem(3040 bytes @ 0x22026640)
T1DDC 046:991.840 - 17.495ms returns 0xBE0
T1DDC 046:993.456 JLINK_WriteMem(0x22027220, 0xBE0 Bytes, ...)
T1DDC 046:993.632   Data:  00 00 00 00 00 00 00 00 00 00 00 00 00 00 00 00 ...
T1DDC 046:993.692   CPU_WriteMem(3040 bytes @ 0x22027220)
T1DDC 047:011.004 - 17.547ms returns 0xBE0
T1DDC 047:012.196 JLINK_WriteMem(0x22027E00, 0xBE0 Bytes, ...)
T1DDC 047:012.284   Data:  00 00 00 00 00 00 00 00 00 00 00 00 00 00 00 00 ...
T1DDC 047:012.380   CPU_WriteMem(3040 bytes @ 0x22027E00)
T1DDC 047:029.508 - 17.314ms returns 0xBE0
T1DDC 047:030.832 JLINK_WriteMem(0x220289E0, 0xBE0 Bytes, ...)
T1DDC 047:030.932   Data:  00 00 00 00 00 00 00 00 00 00 00 00 00 00 00 00 ...
T1DDC 047:031.008   CPU_WriteMem(3040 bytes @ 0x220289E0)
T1DDC 047:048.120 - 17.288ms returns 0xBE0
T1DDC 047:054.968 JLINK_WriteMem(0x220295C0, 0xBE0 Bytes, ...)
T1DDC 047:055.060   Data:  00 00 00 00 00 00 00 00 00 00 00 00 00 00 00 00 ...
T1DDC 047:055.128   CPU_WriteMem(3040 bytes @ 0x220295C0)
T1DDC 047:072.212 - 17.243ms returns 0xBE0
T1DDC 047:073.904 JLINK_WriteMem(0x2202A1A0, 0xBE0 Bytes, ...)
T1DDC 047:073.984   Data:  00 00 00 00 00 00 00 00 00 00 00 00 00 00 00 00 ...
T1DDC 047:074.056   CPU_WriteMem(3040 bytes @ 0x2202A1A0)
T1DDC 047:091.224 - 17.322ms returns 0xBE0
T1DDC 047:092.188 JLINK_WriteMem(0x2202AD80, 0xBE0 Bytes, ...)
T1DDC 047:092.256   Data:  00 00 00 00 00 00 00 00 00 00 00 00 00 00 00 00 ...
T1DDC 047:092.324   CPU_WriteMem(3040 bytes @ 0x2202AD80)
T1DDC 047:109.368 - 17.179ms returns 0xBE0
T1DDC 047:111.832 JLINK_WriteMem(0x2202B960, 0xBE0 Bytes, ...)
T1DDC 047:111.920   Data:  00 00 00 00 00 00 00 00 00 00 00 00 00 00 00 00 ...
T1DDC 047:111.992   CPU_WriteMem(3040 bytes @ 0x2202B960)
T1DDC 047:129.148 - 17.314ms returns 0xBE0
T1DDC 047:130.136 JLINK_WriteMem(0x2202C540, 0xBE0 Bytes, ...)
T1DDC 047:130.220   Data:  00 00 00 00 00 00 00 00 00 00 00 00 00 00 00 00 ...
T1DDC 047:130.288   CPU_WriteMem(3040 bytes @ 0x2202C540)
T1DDC 047:147.468 - 17.328ms returns 0xBE0
T1DDC 047:149.084 JLINK_WriteMem(0x2202D120, 0xBE0 Bytes, ...)
T1DDC 047:149.164   Data:  00 00 00 00 00 00 00 00 00 00 00 00 00 00 00 00 ...
T1DDC 047:149.240   CPU_WriteMem(3040 bytes @ 0x2202D120)
T1DDC 047:166.432 - 17.345ms returns 0xBE0
T1DDC 047:167.560 JLINK_WriteMem(0x2202DD00, 0xBE0 Bytes, ...)
T1DDC 047:167.656   Data:  00 00 00 00 00 00 00 00 00 00 00 00 00 00 00 00 ...
T1DDC 047:167.740   CPU_WriteMem(3040 bytes @ 0x2202DD00)
T1DDC 047:184.964 - 17.400ms returns 0xBE0
T1DDC 047:186.440 JLINK_WriteMem(0x2202E8E0, 0xBE0 Bytes, ...)
T1DDC 047:186.524   Data:  00 00 00 00 00 00 00 00 00 00 00 00 00 00 00 00 ...
T1DDC 047:186.600   CPU_WriteMem(3040 bytes @ 0x2202E8E0)
T1DDC 047:203.760 - 17.316ms returns 0xBE0
T1DDC 047:204.808 JLINK_WriteMem(0x2202F4C0, 0xBE0 Bytes, ...)
T1DDC 047:204.868   Data:  00 00 00 00 00 00 00 00 00 00 00 00 00 00 00 00 ...
T1DDC 047:204.920   CPU_WriteMem(3040 bytes @ 0x2202F4C0)
T1DDC 047:222.076 - 17.264ms returns 0xBE0
T1DDC 047:224.076 JLINK_WriteMem(0x220300A0, 0xBE0 Bytes, ...)
T1DDC 047:224.180   Data:  00 00 00 00 00 00 00 00 00 00 00 00 00 00 00 00 ...
T1DDC 047:224.252   CPU_WriteMem(3040 bytes @ 0x220300A0)
T1DDC 047:241.448 - 17.368ms returns 0xBE0
T1DDC 047:242.444 JLINK_WriteMem(0x22030C80, 0xBE0 Bytes, ...)
T1DDC 047:242.524   Data:  00 00 00 00 00 00 00 00 00 00 00 00 00 00 00 00 ...
T1DDC 047:242.600   CPU_WriteMem(3040 bytes @ 0x22030C80)
T1DDC 047:259.792 - 17.348ms returns 0xBE0
T1DDC 047:260.916 JLINK_WriteMem(0x22031860, 0xBE0 Bytes, ...)
T1DDC 047:260.964   Data:  00 00 00 00 00 00 00 00 00 00 00 00 00 00 00 00 ...
T1DDC 047:261.012   CPU_WriteMem(3040 bytes @ 0x22031860)
T1DDC 047:278.012 - 17.095ms returns 0xBE0
T1DDC 047:278.776 JLINK_WriteMem(0x22032440, 0xBE0 Bytes, ...)
T1DDC 047:278.824   Data:  00 00 00 00 00 00 00 00 00 00 00 00 00 00 00 00 ...
T1DDC 047:278.876   CPU_WriteMem(3040 bytes @ 0x22032440)
T1DDC 047:296.004 - 17.226ms returns 0xBE0
T1DDC 047:296.976 JLINK_WriteMem(0x22033020, 0xBE0 Bytes, ...)
T1DDC 047:297.016   Data:  00 00 00 00 00 00 00 00 00 00 00 00 00 00 00 00 ...
T1DDC 047:297.064   CPU_WriteMem(3040 bytes @ 0x22033020)
T1DDC 047:314.000 - 17.023ms returns 0xBE0
T1DDC 047:314.688 JLINK_WriteMem(0x22033C00, 0xBE0 Bytes, ...)
T1DDC 047:314.732   Data:  00 00 00 00 00 00 00 00 00 00 00 00 00 00 00 00 ...
T1DDC 047:314.776   CPU_WriteMem(3040 bytes @ 0x22033C00)
T1DDC 047:331.804 - 17.117ms returns 0xBE0
T1DDC 047:332.756 JLINK_WriteMem(0x220347E0, 0xBE0 Bytes, ...)
T1DDC 047:332.796   Data:  00 00 00 00 00 00 00 00 00 00 00 00 00 00 00 00 ...
T1DDC 047:332.840   CPU_WriteMem(3040 bytes @ 0x220347E0)
T1DDC 047:349.916 - 17.161ms returns 0xBE0
T1DDC 047:350.648 JLINK_WriteMem(0x220353C0, 0xBE0 Bytes, ...)
T1DDC 047:350.696   Data:  00 00 00 00 00 00 00 00 00 00 00 00 00 00 00 00 ...
T1DDC 047:350.740   CPU_WriteMem(3040 bytes @ 0x220353C0)
T1DDC 047:367.744 - 17.093ms returns 0xBE0
T1DDC 047:368.792 JLINK_WriteMem(0x22035FA0, 0xBE0 Bytes, ...)
T1DDC 047:368.872   Data:  00 00 00 00 00 00 00 00 00 00 00 00 00 00 00 00 ...
T1DDC 047:368.920   CPU_WriteMem(3040 bytes @ 0x22035FA0)
T1DDC 047:385.940 - 17.149ms returns 0xBE0
T1DDC 047:386.592 JLINK_WriteMem(0x22036B80, 0xBE0 Bytes, ...)
T1DDC 047:386.628   Data:  00 00 00 00 00 00 00 00 00 00 00 00 00 00 00 00 ...
T1DDC 047:386.672   CPU_WriteMem(3040 bytes @ 0x22036B80)
T1DDC 047:403.716 - 17.122ms returns 0xBE0
T1DDC 047:404.664 JLINK_WriteMem(0x22037760, 0xBE0 Bytes, ...)
T1DDC 047:404.756   Data:  00 00 00 00 00 00 00 00 00 00 00 00 00 00 00 00 ...
T1DDC 047:404.800   CPU_WriteMem(3040 bytes @ 0x22037760)
T1DDC 047:421.948 - 17.286ms returns 0xBE0
T1DDC 047:422.620 JLINK_WriteMem(0x22038340, 0xBE0 Bytes, ...)
T1DDC 047:422.664   Data:  00 00 00 00 00 00 00 00 00 00 00 00 00 00 00 00 ...
T1DDC 047:422.708   CPU_WriteMem(3040 bytes @ 0x22038340)
T1DDC 047:439.720 - 17.099ms returns 0xBE0
T1DDC 047:440.876 JLINK_WriteMem(0x22038F20, 0xBE0 Bytes, ...)
T1DDC 047:440.944   Data:  00 00 00 00 00 00 00 00 00 00 00 00 00 00 00 00 ...
T1DDC 047:441.036   CPU_WriteMem(3040 bytes @ 0x22038F20)
T1DDC 047:458.016 - 17.137ms returns 0xBE0
T1DDC 047:458.588 JLINK_WriteMem(0x22039B00, 0xBE0 Bytes, ...)
T1DDC 047:458.624   Data:  00 00 00 00 00 00 00 00 00 00 00 00 00 00 00 00 ...
T1DDC 047:458.664   CPU_WriteMem(3040 bytes @ 0x22039B00)
T1DDC 047:475.768 - 17.178ms returns 0xBE0
T1DDC 047:476.856 JLINK_WriteMem(0x2203A6E0, 0xBE0 Bytes, ...)
T1DDC 047:476.904   Data:  00 00 00 00 00 00 00 00 00 00 00 00 00 00 00 00 ...
T1DDC 047:476.948   CPU_WriteMem(3040 bytes @ 0x2203A6E0)
T1DDC 047:494.016 - 17.155ms returns 0xBE0
T1DDC 047:494.688 JLINK_WriteMem(0x2203B2C0, 0xBE0 Bytes, ...)
T1DDC 047:494.728   Data:  00 00 00 00 00 00 00 00 00 00 00 00 00 00 00 00 ...
T1DDC 047:494.768   CPU_WriteMem(3040 bytes @ 0x2203B2C0)
T1DDC 047:511.840 - 17.152ms returns 0xBE0
T1DDC 047:512.656 JLINK_WriteMem(0x2203BEA0, 0xBE0 Bytes, ...)
T1DDC 047:512.700   Data:  00 00 00 00 00 00 00 00 00 00 00 00 00 00 00 00 ...
T1DDC 047:512.744   CPU_WriteMem(3040 bytes @ 0x2203BEA0)
T1DDC 047:529.688 - 17.040ms returns 0xBE0
T1DDC 047:530.324 JLINK_WriteMem(0x2203CA80, 0xBE0 Bytes, ...)
T1DDC 047:530.368   Data:  00 00 00 00 00 00 00 00 00 00 00 00 00 00 00 00 ...
T1DDC 047:530.408   CPU_WriteMem(3040 bytes @ 0x2203CA80)
T1DDC 047:547.484 - 17.158ms returns 0xBE0
T1DDC 047:548.376 JLINK_WriteMem(0x2203D660, 0xBE0 Bytes, ...)
T1DDC 047:548.452   Data:  00 00 00 00 00 00 00 00 00 00 00 00 00 00 00 00 ...
T1DDC 047:548.496   CPU_WriteMem(3040 bytes @ 0x2203D660)
T1DDC 047:565.492 - 17.113ms returns 0xBE0
T1DDC 047:566.028 JLINK_WriteMem(0x2203E240, 0xBE0 Bytes, ...)
T1DDC 047:566.056   Data:  00 00 00 00 00 00 00 00 00 00 00 00 00 00 00 00 ...
T1DDC 047:566.092   CPU_WriteMem(3040 bytes @ 0x2203E240)
T1DDC 047:583.112 - 17.082ms returns 0xBE0
T1DDC 047:583.972 JLINK_WriteMem(0x2203EE20, 0xBE0 Bytes, ...)
T1DDC 047:584.008   Data:  00 00 00 00 00 00 00 00 00 00 00 00 00 00 00 00 ...
T1DDC 047:584.048   CPU_WriteMem(3040 bytes @ 0x2203EE20)
T1DDC 047:601.060 - 17.088ms returns 0xBE0
T1DDC 047:601.608 JLINK_WriteMem(0x2203FA00, 0xBE0 Bytes, ...)
T1DDC 047:601.708   Data:  00 00 00 00 00 00 00 00 00 00 00 00 00 00 00 00 ...
T1DDC 047:601.768   CPU_WriteMem(3040 bytes @ 0x2203FA00)
T1DDC 047:618.768 - 17.158ms returns 0xBE0
T1DDC 047:619.688 JLINK_WriteMem(0x220405E0, 0xBE0 Bytes, ...)
T1DDC 047:619.728   Data:  00 00 00 00 00 00 00 00 00 00 00 00 00 00 00 00 ...
T1DDC 047:619.768   CPU_WriteMem(3040 bytes @ 0x220405E0)
T1DDC 047:636.864 - 17.176ms returns 0xBE0
T1DDC 047:637.752 JLINK_WriteMem(0x220411C0, 0xBE0 Bytes, ...)
T1DDC 047:637.816   Data:  00 00 00 00 00 00 00 00 00 00 00 00 00 00 00 00 ...
T1DDC 047:637.880   CPU_WriteMem(3040 bytes @ 0x220411C0)
T1DDC 047:654.952 - 17.198ms returns 0xBE0
T1DDC 047:656.056 JLINK_WriteMem(0x22041DA0, 0xBE0 Bytes, ...)
T1DDC 047:656.100   Data:  00 00 00 00 00 00 00 00 00 00 00 00 00 00 00 00 ...
T1DDC 047:656.136   CPU_WriteMem(3040 bytes @ 0x22041DA0)
T1DDC 047:673.300 - 17.241ms returns 0xBE0
T1DDC 047:674.244 JLINK_WriteMem(0x22042980, 0xBE0 Bytes, ...)
T1DDC 047:674.316   Data:  00 00 00 00 00 00 00 00 00 00 00 00 00 00 00 00 ...
T1DDC 047:674.380   CPU_WriteMem(3040 bytes @ 0x22042980)
T1DDC 047:691.440 - 17.196ms returns 0xBE0
T1DDC 047:692.928 JLINK_WriteMem(0x22043560, 0xBE0 Bytes, ...)
T1DDC 047:692.984   Data:  00 00 00 00 00 00 00 00 00 00 00 00 00 00 00 00 ...
T1DDC 047:693.032   CPU_WriteMem(3040 bytes @ 0x22043560)
T1DDC 047:710.116 - 17.185ms returns 0xBE0
T1DDC 047:711.000 JLINK_WriteMem(0x22044140, 0xBE0 Bytes, ...)
T1DDC 047:711.056   Data:  00 00 00 00 00 00 00 00 00 00 00 00 00 00 00 00 ...
T1DDC 047:711.112   CPU_WriteMem(3040 bytes @ 0x22044140)
T1DDC 047:728.248 - 17.249ms returns 0xBE0
T1DDC 047:729.108 JLINK_WriteMem(0x22044D20, 0xBE0 Bytes, ...)
T1DDC 047:729.160   Data:  00 00 00 00 00 00 00 00 00 00 00 00 00 00 00 00 ...
T1DDC 047:729.212   CPU_WriteMem(3040 bytes @ 0x22044D20)
T1DDC 047:746.296 - 17.188ms returns 0xBE0
T1DDC 047:747.688 JLINK_WriteMem(0x22045900, 0xBE0 Bytes, ...)
T1DDC 047:747.752   Data:  00 00 00 00 00 00 00 00 00 00 00 00 00 00 00 00 ...
T1DDC 047:747.816   CPU_WriteMem(3040 bytes @ 0x22045900)
T1DDC 047:764.976 - 17.289ms returns 0xBE0
T1DDC 047:765.884 JLINK_WriteMem(0x220464E0, 0xBE0 Bytes, ...)
T1DDC 047:765.940   Data:  00 00 00 00 00 00 00 00 00 00 00 00 00 00 00 00 ...
T1DDC 047:766.000   CPU_WriteMem(3040 bytes @ 0x220464E0)
T1DDC 047:783.192 - 17.303ms returns 0xBE0
T1DDC 047:784.616 JLINK_WriteMem(0x220470C0, 0xBE0 Bytes, ...)
T1DDC 047:784.680   Data:  00 00 00 00 00 00 00 00 00 00 00 00 00 00 00 00 ...
T1DDC 047:784.740   CPU_WriteMem(3040 bytes @ 0x220470C0)
T1DDC 047:801.784 - 17.164ms returns 0xBE0
T1DDC 047:802.992 JLINK_WriteMem(0x22047CA0, 0xBE0 Bytes, ...)
T1DDC 047:803.084   Data:  00 00 00 00 00 00 00 00 00 00 00 00 00 00 00 00 ...
T1DDC 047:803.164   CPU_WriteMem(3040 bytes @ 0x22047CA0)
T1DDC 047:820.344 - 17.354ms returns 0xBE0
T1DDC 047:822.024 JLINK_WriteMem(0x22048880, 0xBE0 Bytes, ...)
T1DDC 047:822.100   Data:  00 00 00 00 00 00 00 00 00 00 00 00 00 00 00 00 ...
T1DDC 047:822.168   CPU_WriteMem(3040 bytes @ 0x22048880)
T1DDC 047:839.304 - 17.274ms returns 0xBE0
T1DDC 047:840.820 JLINK_WriteMem(0x22049460, 0xBE0 Bytes, ...)
T1DDC 047:840.904   Data:  00 00 00 00 00 00 00 00 00 00 00 00 00 00 00 00 ...
T1DDC 047:840.976   CPU_WriteMem(3040 bytes @ 0x22049460)
T1DDC 047:858.024 - 17.204ms returns 0xBE0
T1DDC 047:859.448 JLINK_WriteMem(0x2204A040, 0xBE0 Bytes, ...)
T1DDC 047:859.524   Data:  00 00 00 00 00 00 00 00 00 00 00 00 00 00 00 00 ...
T1DDC 047:859.588   CPU_WriteMem(3040 bytes @ 0x2204A040)
T1DDC 047:876.728 - 17.281ms returns 0xBE0
T1DDC 047:878.124 JLINK_WriteMem(0x2204AC20, 0xBE0 Bytes, ...)
T1DDC 047:878.200   Data:  00 00 00 00 00 00 00 00 00 00 00 00 00 00 00 00 ...
T1DDC 047:878.268   CPU_WriteMem(3040 bytes @ 0x2204AC20)
T1DDC 047:895.416 - 17.291ms returns 0xBE0
T1DDC 047:897.148 JLINK_WriteMem(0x2204B800, 0xBE0 Bytes, ...)
T1DDC 047:897.268   Data:  00 00 00 00 00 00 00 00 00 00 00 00 00 00 00 00 ...
T1DDC 047:897.352   CPU_WriteMem(3040 bytes @ 0x2204B800)
T1DDC 047:914.548 - 17.395ms returns 0xBE0
T1DDC 047:915.700 JLINK_WriteMem(0x2204C3E0, 0xBE0 Bytes, ...)
T1DDC 047:915.768   Data:  00 00 00 00 00 00 00 00 00 00 00 00 00 00 00 00 ...
T1DDC 047:915.840   CPU_WriteMem(3040 bytes @ 0x2204C3E0)
T1DDC 047:932.952 - 17.251ms returns 0xBE0
T1DDC 047:934.672 JLINK_WriteMem(0x2204CFC0, 0xBE0 Bytes, ...)
T1DDC 047:934.748   Data:  00 00 00 00 00 00 00 00 00 00 00 00 00 00 00 00 ...
T1DDC 047:934.816   CPU_WriteMem(3040 bytes @ 0x2204CFC0)
T1DDC 047:951.932 - 17.257ms returns 0xBE0
T1DDC 047:953.096 JLINK_WriteMem(0x2204DBA0, 0xBE0 Bytes, ...)
T1DDC 047:953.164   Data:  00 00 00 00 00 00 00 00 00 00 00 00 00 00 00 00 ...
T1DDC 047:953.224   CPU_WriteMem(3040 bytes @ 0x2204DBA0)
T1DDC 047:970.452 - 17.350ms returns 0xBE0
T1DDC 047:972.136 JLINK_WriteMem(0x2204E780, 0xBE0 Bytes, ...)
T1DDC 047:972.200   Data:  00 00 00 00 00 00 00 00 00 00 00 00 00 00 00 00 ...
T1DDC 047:972.272   CPU_WriteMem(3040 bytes @ 0x2204E780)
T1DDC 047:989.428 - 17.287ms returns 0xBE0
T1DDC 047:990.816 JLINK_WriteMem(0x2204F360, 0xBE0 Bytes, ...)
T1DDC 047:990.916   Data:  00 00 00 00 00 00 00 00 00 00 00 00 00 00 00 00 ...
T1DDC 047:990.976   CPU_WriteMem(3040 bytes @ 0x2204F360)
T1DDC 048:008.112 - 17.294ms returns 0xBE0
T1DDC 048:009.956 JLINK_WriteMem(0x2204FF40, 0xBE0 Bytes, ...)
T1DDC 048:010.032   Data:  00 00 00 00 00 00 00 00 00 00 00 00 00 00 00 00 ...
T1DDC 048:010.092   CPU_WriteMem(3040 bytes @ 0x2204FF40)
T1DDC 048:027.784 - 17.827ms returns 0xBE0
T1DDC 048:028.856 JLINK_WriteMem(0x22050B20, 0xBE0 Bytes, ...)
T1DDC 048:028.936   Data:  00 00 00 00 00 00 00 00 00 00 00 00 00 00 00 00 ...
T1DDC 048:029.000   CPU_WriteMem(3040 bytes @ 0x22050B20)
T1DDC 048:046.008 - 17.153ms returns 0xBE0
T1DDC 048:047.692 JLINK_WriteMem(0x22051700, 0xBE0 Bytes, ...)
T1DDC 048:047.768   Data:  00 00 00 00 00 00 00 00 00 00 00 00 00 00 00 00 ...
T1DDC 048:047.836   CPU_WriteMem(3040 bytes @ 0x22051700)
T1DDC 048:065.048 - 17.352ms returns 0xBE0
T1DDC 048:066.252 JLINK_WriteMem(0x220522E0, 0xBE0 Bytes, ...)
T1DDC 048:066.336   Data:  00 00 00 00 00 00 00 00 00 00 00 00 00 00 00 00 ...
T1DDC 048:066.408   CPU_WriteMem(3040 bytes @ 0x220522E0)
T1DDC 048:083.560 - 17.304ms returns 0xBE0
T1DDC 048:085.380 JLINK_WriteMem(0x22052EC0, 0xBE0 Bytes, ...)
T1DDC 048:085.472   Data:  00 00 00 00 00 00 00 00 00 00 00 00 00 00 00 00 ...
T1DDC 048:085.552   CPU_WriteMem(3040 bytes @ 0x22052EC0)
T1DDC 048:102.580 - 17.199ms returns 0xBE0
T1DDC 048:103.852 JLINK_WriteMem(0x22053AA0, 0xBE0 Bytes, ...)
T1DDC 048:103.924   Data:  00 00 00 00 00 00 00 00 00 00 00 00 00 00 00 00 ...
T1DDC 048:103.992   CPU_WriteMem(3040 bytes @ 0x22053AA0)
T1DDC 048:121.060 - 17.207ms returns 0xBE0
T1DDC 048:123.496 JLINK_WriteMem(0x22054680, 0xBE0 Bytes, ...)
T1DDC 048:123.576   Data:  00 00 00 00 00 00 00 00 00 00 00 00 00 00 00 00 ...
T1DDC 048:123.652   CPU_WriteMem(3040 bytes @ 0x22054680)
T1DDC 048:140.800 - 17.300ms returns 0xBE0
T1DDC 048:142.244 JLINK_WriteMem(0x22055260, 0xBE0 Bytes, ...)
T1DDC 048:142.340   Data:  00 00 00 00 00 00 00 00 00 00 00 00 00 00 00 00 ...
T1DDC 048:142.424   CPU_WriteMem(3040 bytes @ 0x22055260)
T1DDC 048:159.536 - 17.291ms returns 0xBE0
T1DDC 048:161.632 JLINK_WriteMem(0x22055E40, 0xBE0 Bytes, ...)
T1DDC 048:161.704   Data:  00 00 00 00 00 00 00 00 00 00 00 00 00 00 00 00 ...
T1DDC 048:161.784   CPU_WriteMem(3040 bytes @ 0x22055E40)
T1DDC 048:179.116 - 17.483ms returns 0xBE0
T1DDC 048:180.332 JLINK_WriteMem(0x22056A20, 0xBE0 Bytes, ...)
T1DDC 048:180.408   Data:  00 00 00 00 00 00 00 00 00 00 00 00 00 00 00 00 ...
T1DDC 048:180.476   CPU_WriteMem(3040 bytes @ 0x22056A20)
T1DDC 048:197.656 - 17.319ms returns 0xBE0
T1DDC 048:199.424 JLINK_WriteMem(0x22057600, 0xBE0 Bytes, ...)
T1DDC 048:199.496   Data:  00 00 00 00 00 00 00 00 00 00 00 00 00 00 00 00 ...
T1DDC 048:199.560   CPU_WriteMem(3040 bytes @ 0x22057600)
T1DDC 048:216.632 - 17.206ms returns 0xBE0
T1DDC 048:217.672 JLINK_WriteMem(0x220581E0, 0xBE0 Bytes, ...)
T1DDC 048:217.740   Data:  00 00 00 00 00 00 00 00 00 00 00 00 00 00 00 00 ...
T1DDC 048:217.812   CPU_WriteMem(3040 bytes @ 0x220581E0)
T1DDC 048:235.048 - 17.380ms returns 0xBE0
T1DDC 048:237.280 JLINK_WriteMem(0x22058DC0, 0xBE0 Bytes, ...)
T1DDC 048:237.380   Data:  00 00 00 00 00 00 00 00 00 00 00 00 00 00 00 00 ...
T1DDC 048:237.440   CPU_WriteMem(3040 bytes @ 0x22058DC0)
T1DDC 048:254.556 - 17.275ms returns 0xBE0
T1DDC 048:255.672 JLINK_WriteMem(0x220599A0, 0xBE0 Bytes, ...)
T1DDC 048:255.764   Data:  00 00 00 00 00 00 00 00 00 00 00 00 00 00 00 00 ...
T1DDC 048:255.844   CPU_WriteMem(3040 bytes @ 0x220599A0)
T1DDC 048:273.160 - 17.486ms returns 0xBE0
T1DDC 048:275.256 JLINK_WriteMem(0x2205A580, 0xBE0 Bytes, ...)
T1DDC 048:275.396   Data:  00 00 00 00 00 00 00 00 00 00 00 00 00 00 00 00 ...
T1DDC 048:275.504   CPU_WriteMem(3040 bytes @ 0x2205A580)
T1DDC 048:292.708 - 17.448ms returns 0xBE0
T1DDC 048:293.840 JLINK_WriteMem(0x2205B160, 0xBE0 Bytes, ...)
T1DDC 048:293.920   Data:  00 00 00 00 00 00 00 00 00 00 00 00 00 00 00 00 ...
T1DDC 048:293.996   CPU_WriteMem(3040 bytes @ 0x2205B160)
T1DDC 048:311.156 - 17.314ms returns 0xBE0
T1DDC 048:312.996 JLINK_WriteMem(0x2205BD40, 0xBE0 Bytes, ...)
T1DDC 048:313.108   Data:  00 00 00 00 00 00 00 00 00 00 00 00 00 00 00 00 ...
T1DDC 048:313.236   CPU_WriteMem(3040 bytes @ 0x2205BD40)
T1DDC 048:330.392 - 17.395ms returns 0xBE0
T1DDC 048:331.420 JLINK_WriteMem(0x2205C920, 0xBE0 Bytes, ...)
T1DDC 048:331.488   Data:  00 00 00 00 00 00 00 00 00 00 00 00 00 00 00 00 ...
T1DDC 048:331.556   CPU_WriteMem(3040 bytes @ 0x2205C920)
T1DDC 048:348.704 - 17.281ms returns 0xBE0
T1DDC 048:350.608 JLINK_WriteMem(0x2205D500, 0xBE0 Bytes, ...)
T1DDC 048:350.700   Data:  00 00 00 00 00 00 00 00 00 00 00 00 00 00 00 00 ...
T1DDC 048:350.784   CPU_WriteMem(3040 bytes @ 0x2205D500)
T1DDC 048:367.908 - 17.297ms returns 0xBE0
T1DDC 048:369.044 JLINK_WriteMem(0x2205E0E0, 0xBE0 Bytes, ...)
T1DDC 048:369.132   Data:  00 00 00 00 00 00 00 00 00 00 00 00 00 00 00 00 ...
T1DDC 048:369.212   CPU_WriteMem(3040 bytes @ 0x2205E0E0)
T1DDC 048:386.404 - 17.360ms returns 0xBE0
T1DDC 048:387.800 JLINK_WriteMem(0x2205ECC0, 0xBE0 Bytes, ...)
T1DDC 048:387.892   Data:  00 00 00 00 00 00 00 00 00 00 00 00 00 00 00 00 ...
T1DDC 048:387.972   CPU_WriteMem(3040 bytes @ 0x2205ECC0)
T1DDC 048:405.196 - 17.394ms returns 0xBE0
T1DDC 048:406.288 JLINK_WriteMem(0x2205F8A0, 0xBE0 Bytes, ...)
T1DDC 048:406.372   Data:  00 00 00 00 00 00 00 00 00 00 00 00 00 00 00 00 ...
T1DDC 048:406.528    -- Need to split memory access
T1DDC 048:406.564    -- #0: 0x2205F8A0, 0x00000760 bytes
T1DDC 048:406.612   CPU_WriteMem(1888 bytes @ 0x2205F8A0)
T1DDC 048:417.612    -- #1: 0x22060000, 0x00000480 bytes
T1DDC 048:417.736   CPU_WriteMem(1152 bytes @ 0x22060000)
T1DDC 048:425.176 - 18.888ms returns 0xBE0
T1DDC 048:426.964 JLINK_WriteMem(0x22060480, 0xBE0 Bytes, ...)
T1DDC 048:427.096   Data:  00 00 00 00 00 00 00 00 00 00 00 00 00 00 00 00 ...
T1DDC 048:427.180   CPU_WriteMem(3040 bytes @ 0x22060480)
T1DDC 048:444.360 - 17.396ms returns 0xBE0
T1DDC 048:445.232 JLINK_WriteMem(0x22061060, 0xBE0 Bytes, ...)
T1DDC 048:445.284   Data:  00 00 00 00 00 00 00 00 00 00 00 00 00 00 00 00 ...
T1DDC 048:445.340   CPU_WriteMem(3040 bytes @ 0x22061060)
T1DDC 048:462.456 - 17.221ms returns 0xBE0
T1DDC 048:463.500 JLINK_WriteMem(0x22061C40, 0xBE0 Bytes, ...)
T1DDC 048:463.560   Data:  00 00 00 00 00 00 00 00 00 00 00 00 00 00 00 00 ...
T1DDC 048:463.612   CPU_WriteMem(3040 bytes @ 0x22061C40)
T1DDC 048:480.676 - 17.174ms returns 0xBE0
T1DDC 048:481.376 JLINK_WriteMem(0x22062820, 0xBE0 Bytes, ...)
T1DDC 048:481.416   Data:  00 00 00 00 00 00 00 00 00 00 00 00 00 00 00 00 ...
T1DDC 048:481.756   CPU_WriteMem(3040 bytes @ 0x22062820)
T1DDC 048:498.780 - 17.401ms returns 0xBE0
T1DDC 048:499.880 JLINK_WriteMem(0x22063400, 0xBE0 Bytes, ...)
T1DDC 048:499.936   Data:  00 00 00 00 00 00 00 00 00 00 00 00 00 00 00 00 ...
T1DDC 048:499.992   CPU_WriteMem(3040 bytes @ 0x22063400)
T1DDC 048:517.036 - 17.154ms returns 0xBE0
T1DDC 048:517.752 JLINK_WriteMem(0x22063FE0, 0xBE0 Bytes, ...)
T1DDC 048:517.788   Data:  00 00 00 00 00 00 00 00 00 00 00 00 00 00 00 00 ...
T1DDC 048:517.832   CPU_WriteMem(3040 bytes @ 0x22063FE0)
T1DDC 048:534.952 - 17.198ms returns 0xBE0
T1DDC 048:536.020 JLINK_WriteMem(0x22064BC0, 0xBE0 Bytes, ...)
T1DDC 048:536.068   Data:  00 00 00 00 00 00 00 00 00 00 00 00 00 00 00 00 ...
T1DDC 048:536.120   CPU_WriteMem(3040 bytes @ 0x22064BC0)
T1DDC 048:553.052 - 17.033ms returns 0xBE0
T1DDC 048:553.736 JLINK_WriteMem(0x220657A0, 0xBE0 Bytes, ...)
T1DDC 048:553.768   Data:  00 00 00 00 00 00 00 00 00 00 00 00 00 00 00 00 ...
T1DDC 048:553.820   CPU_WriteMem(3040 bytes @ 0x220657A0)
T1DDC 048:570.960 - 17.222ms returns 0xBE0
T1DDC 048:571.888 JLINK_WriteMem(0x22066380, 0xBE0 Bytes, ...)
T1DDC 048:571.932   Data:  00 00 00 00 00 00 00 00 00 00 00 00 00 00 00 00 ...
T1DDC 048:571.976   CPU_WriteMem(3040 bytes @ 0x22066380)
T1DDC 048:589.032 - 17.144ms returns 0xBE0
T1DDC 048:590.040 JLINK_WriteMem(0x22066F60, 0xBE0 Bytes, ...)
T1DDC 048:590.100   Data:  00 00 00 00 00 00 00 00 00 00 00 00 00 00 00 00 ...
T1DDC 048:590.168   CPU_WriteMem(3040 bytes @ 0x22066F60)
T1DDC 048:607.320 - 17.278ms returns 0xBE0
T1DDC 048:609.564 JLINK_WriteMem(0x22067B40, 0xBE0 Bytes, ...)
T1DDC 048:609.640   Data:  00 00 00 00 00 00 00 00 00 00 00 00 00 00 00 00 ...
T1DDC 048:609.704   CPU_WriteMem(3040 bytes @ 0x22067B40)
T1DDC 048:626.816 - 17.248ms returns 0xBE0
T1DDC 048:627.672 JLINK_WriteMem(0x22068720, 0xBE0 Bytes, ...)
T1DDC 048:627.732   Data:  00 00 00 00 00 00 00 00 00 00 00 00 00 00 00 00 ...
T1DDC 048:627.796   CPU_WriteMem(3040 bytes @ 0x22068720)
T1DDC 048:644.968 - 17.294ms returns 0xBE0
T1DDC 048:646.464 JLINK_WriteMem(0x22069300, 0xBE0 Bytes, ...)
T1DDC 048:646.540   Data:  00 00 00 00 00 00 00 00 00 00 00 00 00 00 00 00 ...
T1DDC 048:646.608   CPU_WriteMem(3040 bytes @ 0x22069300)
T1DDC 048:663.736 - 17.274ms returns 0xBE0
T1DDC 048:664.516 JLINK_WriteMem(0x22069EE0, 0xBE0 Bytes, ...)
T1DDC 048:664.568   Data:  00 00 00 00 00 00 00 00 00 00 00 00 00 00 00 00 ...
T1DDC 048:664.620   CPU_WriteMem(3040 bytes @ 0x22069EE0)
T1DDC 048:681.864 - 17.349ms returns 0xBE0
T1DDC 048:683.228 JLINK_WriteMem(0x2206AAC0, 0xBE0 Bytes, ...)
T1DDC 048:683.288   Data:  00 00 00 00 00 00 00 00 00 00 00 00 00 00 00 00 ...
T1DDC 048:683.340   CPU_WriteMem(3040 bytes @ 0x2206AAC0)
T1DDC 048:700.352 - 17.121ms returns 0xBE0
T1DDC 048:701.128 JLINK_WriteMem(0x2206B6A0, 0xBE0 Bytes, ...)
T1DDC 048:701.176   Data:  00 00 00 00 00 00 00 00 00 00 00 00 00 00 00 00 ...
T1DDC 048:701.232   CPU_WriteMem(3040 bytes @ 0x2206B6A0)
T1DDC 048:718.304 - 17.173ms returns 0xBE0
T1DDC 048:719.376 JLINK_WriteMem(0x2206C280, 0xBE0 Bytes, ...)
T1DDC 048:719.420   Data:  00 00 00 00 00 00 00 00 00 00 00 00 00 00 00 00 ...
T1DDC 048:719.468   CPU_WriteMem(3040 bytes @ 0x2206C280)
T1DDC 048:736.584 - 17.208ms returns 0xBE0
T1DDC 048:737.464 JLINK_WriteMem(0x2206CE60, 0xBE0 Bytes, ...)
T1DDC 048:737.508   Data:  00 00 00 00 00 00 00 00 00 00 00 00 00 00 00 00 ...
T1DDC 048:737.576   CPU_WriteMem(3040 bytes @ 0x2206CE60)
T1DDC 048:754.604 - 17.140ms returns 0xBE0
T1DDC 048:755.544 JLINK_WriteMem(0x2206DA40, 0xBE0 Bytes, ...)
T1DDC 048:755.580   Data:  00 00 00 00 00 00 00 00 00 00 00 00 00 00 00 00 ...
T1DDC 048:755.632   CPU_WriteMem(3040 bytes @ 0x2206DA40)
T1DDC 048:772.644 - 17.100ms returns 0xBE0
T1DDC 048:773.568 JLINK_WriteMem(0x2206E620, 0xBE0 Bytes, ...)
T1DDC 048:773.640   Data:  00 00 00 00 00 00 00 00 00 00 00 00 00 00 00 00 ...
T1DDC 048:773.712   CPU_WriteMem(3040 bytes @ 0x2206E620)
T1DDC 048:790.824 - 17.257ms returns 0xBE0
T1DDC 048:791.920 JLINK_WriteMem(0x2206F200, 0xBE0 Bytes, ...)
T1DDC 048:791.992   Data:  00 00 00 00 00 00 00 00 00 00 00 00 00 00 00 00 ...
T1DDC 048:792.056   CPU_WriteMem(3040 bytes @ 0x2206F200)
T1DDC 048:809.048 - 17.124ms returns 0xBE0
T1DDC 048:809.928 JLINK_WriteMem(0x2206FDE0, 0xBE0 Bytes, ...)
T1DDC 048:809.988   Data:  00 00 00 00 00 00 00 00 00 00 00 00 00 00 00 00 ...
T1DDC 048:810.380    -- Need to split memory access
T1DDC 048:810.416    -- #0: 0x2206FDE0, 0x00000220 bytes
T1DDC 048:810.456   CPU_WriteMem(544 bytes @ 0x2206FDE0)
T1DDC 048:814.616    -- #1: 0x22070000, 0x000009C0 bytes
T1DDC 048:814.684   CPU_WriteMem(2496 bytes @ 0x22070000)
T1DDC 048:828.892 - 18.963ms returns 0xBE0
T1DDC 048:830.312 JLINK_WriteMem(0x220709C0, 0xBE0 Bytes, ...)
T1DDC 048:830.384   Data:  00 00 00 00 00 00 00 00 00 00 00 00 00 00 00 00 ...
T1DDC 048:830.456   CPU_WriteMem(3040 bytes @ 0x220709C0)
T1DDC 048:847.572 - 17.257ms returns 0xBE0
T1DDC 048:848.620 JLINK_WriteMem(0x220715A0, 0xBE0 Bytes, ...)
T1DDC 048:848.696   Data:  00 00 00 00 00 00 00 00 00 00 00 00 00 00 00 00 ...
T1DDC 048:848.760   CPU_WriteMem(3040 bytes @ 0x220715A0)
T1DDC 048:865.908 - 17.284ms returns 0xBE0
T1DDC 048:867.316 JLINK_WriteMem(0x22072180, 0xBE0 Bytes, ...)
T1DDC 048:867.384   Data:  00 00 00 00 00 00 00 00 00 00 00 00 00 00 00 00 ...
T1DDC 048:867.508   CPU_WriteMem(3040 bytes @ 0x22072180)
T1DDC 048:884.536 - 17.222ms returns 0xBE0
T1DDC 048:885.436 JLINK_WriteMem(0x22072D60, 0xBE0 Bytes, ...)
T1DDC 048:885.508   Data:  00 00 00 00 00 00 00 00 00 00 00 00 00 00 00 00 ...
T1DDC 048:885.580   CPU_WriteMem(3040 bytes @ 0x22072D60)
T1DDC 048:902.616 - 17.176ms returns 0xBE0
T1DDC 048:903.912 JLINK_WriteMem(0x22073940, 0xBE0 Bytes, ...)
T1DDC 048:903.972   Data:  00 00 00 00 00 00 00 00 00 00 00 00 00 00 00 00 ...
T1DDC 048:904.044   CPU_WriteMem(3040 bytes @ 0x22073940)
T1DDC 048:921.160 - 17.250ms returns 0xBE0
T1DDC 048:922.092 JLINK_WriteMem(0x22074520, 0xBE0 Bytes, ...)
T1DDC 048:922.152   Data:  00 00 00 00 00 00 00 00 00 00 00 00 00 00 00 00 ...
T1DDC 048:922.204   CPU_WriteMem(3040 bytes @ 0x22074520)
T1DDC 048:939.272 - 17.178ms returns 0xBE0
T1DDC 048:940.592 JLINK_WriteMem(0x22075100, 0xBE0 Bytes, ...)
T1DDC 048:940.664   Data:  00 00 00 00 00 00 00 00 00 00 00 00 00 00 00 00 ...
T1DDC 048:940.744   CPU_WriteMem(3040 bytes @ 0x22075100)
T1DDC 048:957.860 - 17.267ms returns 0xBE0
T1DDC 048:958.676 JLINK_WriteMem(0x22075CE0, 0xBE0 Bytes, ...)
T1DDC 048:958.720   Data:  00 00 00 00 00 00 00 00 00 00 00 00 00 00 00 00 ...
T1DDC 048:958.772   CPU_WriteMem(3040 bytes @ 0x22075CE0)
T1DDC 048:975.852 - 17.178ms returns 0xBE0
T1DDC 048:977.244 JLINK_WriteMem(0x220768C0, 0xBE0 Bytes, ...)
T1DDC 048:977.316   Data:  00 00 00 00 00 00 00 00 00 00 00 00 00 00 00 00 ...
T1DDC 048:977.368   CPU_WriteMem(3040 bytes @ 0x220768C0)
T1DDC 048:994.456 - 17.212ms returns 0xBE0
T1DDC 048:995.352 JLINK_WriteMem(0x220774A0, 0xBE0 Bytes, ...)
T1DDC 048:995.412   Data:  00 00 00 00 00 00 00 00 00 00 00 00 00 00 00 00 ...
T1DDC 048:995.468   CPU_WriteMem(3040 bytes @ 0x220774A0)
T1DDC 049:012.552 - 17.198ms returns 0xBE0
T1DDC 049:014.024 JLINK_WriteMem(0x22078080, 0xBE0 Bytes, ...)
T1DDC 049:014.100   Data:  00 00 00 00 00 00 00 00 00 00 00 00 00 00 00 00 ...
T1DDC 049:014.200   CPU_WriteMem(3040 bytes @ 0x22078080)
T1DDC 049:031.344 - 17.317ms returns 0xBE0
T1DDC 049:032.260 JLINK_WriteMem(0x22078C60, 0xBE0 Bytes, ...)
T1DDC 049:032.308   Data:  00 00 00 00 00 00 00 00 00 00 00 00 00 00 00 00 ...
T1DDC 049:032.360   CPU_WriteMem(3040 bytes @ 0x22078C60)
T1DDC 049:049.396 - 17.136ms returns 0xBE0
T1DDC 049:051.268 JLINK_WriteMem(0x22079840, 0xBE0 Bytes, ...)
T1DDC 049:051.344   Data:  00 00 00 00 00 00 00 00 00 00 00 00 00 00 00 00 ...
T1DDC 049:051.436   CPU_WriteMem(3040 bytes @ 0x22079840)
T1DDC 049:068.536 - 17.269ms returns 0xBE0
T1DDC 049:069.292 JLINK_WriteMem(0x2207A420, 0xBE0 Bytes, ...)
T1DDC 049:069.336   Data:  00 00 00 00 00 00 00 00 00 00 00 00 00 00 00 00 ...
T1DDC 049:069.380   CPU_WriteMem(3040 bytes @ 0x2207A420)
T1DDC 049:086.392 - 17.095ms returns 0xBE0
T1DDC 049:087.288 JLINK_WriteMem(0x2207B000, 0xBE0 Bytes, ...)
T1DDC 049:087.336   Data:  00 00 00 00 00 00 00 00 00 00 00 00 00 00 00 00 ...
T1DDC 049:087.384   CPU_WriteMem(3040 bytes @ 0x2207B000)
T1DDC 049:104.452 - 17.162ms returns 0xBE0
T1DDC 049:105.388 JLINK_WriteMem(0x2207BBE0, 0xBE0 Bytes, ...)
T1DDC 049:105.444   Data:  00 00 00 00 00 00 00 00 00 00 00 00 00 00 00 00 ...
T1DDC 049:105.496   CPU_WriteMem(3040 bytes @ 0x2207BBE0)
T1DDC 049:122.536 - 17.142ms returns 0xBE0
T1DDC 049:123.956 JLINK_WriteMem(0x2207C7C0, 0xBE0 Bytes, ...)
T1DDC 049:124.008   Data:  00 00 00 00 00 00 00 00 00 00 00 00 00 00 00 00 ...
T1DDC 049:124.060   CPU_WriteMem(3040 bytes @ 0x2207C7C0)
T1DDC 049:140.988 - 17.033ms returns 0xBE0
T1DDC 049:141.800 JLINK_WriteMem(0x2207D3A0, 0xBE0 Bytes, ...)
T1DDC 049:141.856   Data:  00 00 00 00 00 00 00 00 00 00 00 00 00 00 00 00 ...
T1DDC 049:141.912   CPU_WriteMem(3040 bytes @ 0x2207D3A0)
T1DDC 049:159.064 - 17.260ms returns 0xBE0
T1DDC 049:159.868 JLINK_WriteMem(0x2207DF80, 0xBE0 Bytes, ...)
T1DDC 049:159.908   Data:  00 00 00 00 00 00 00 00 00 00 00 00 00 00 00 00 ...
T1DDC 049:159.948   CPU_WriteMem(3040 bytes @ 0x2207DF80)
T1DDC 049:177.096 - 17.226ms returns 0xBE0
T1DDC 049:177.968 JLINK_WriteMem(0x2207EB60, 0xBE0 Bytes, ...)
T1DDC 049:178.008   Data:  00 00 00 00 00 00 00 00 00 00 00 00 00 00 00 00 ...
T1DDC 049:178.364   CPU_WriteMem(3040 bytes @ 0x2207EB60)
T1DDC 049:195.464 - 17.496ms returns 0xBE0
T1DDC 049:196.304 JLINK_WriteMem(0x2207F740, 0xBE0 Bytes, ...)
T1DDC 049:196.344   Data:  00 00 00 00 00 00 00 00 00 00 00 00 00 00 00 00 ...
T1DDC 049:196.380   CPU_WriteMem(3040 bytes @ 0x2207F740)
T1DDC 049:213.344 - 17.036ms returns 0xBE0
T1DDC 049:214.020 JLINK_WriteMem(0x22080320, 0xBE0 Bytes, ...)
T1DDC 049:214.056   Data:  00 00 00 00 00 00 00 00 00 00 00 00 00 00 00 00 ...
T1DDC 049:214.100   CPU_WriteMem(3040 bytes @ 0x22080320)
T1DDC 049:231.172 - 17.152ms returns 0xBE0
T1DDC 049:232.056 JLINK_WriteMem(0x22080F00, 0xBE0 Bytes, ...)
T1DDC 049:232.144   Data:  00 00 00 00 00 00 00 00 00 00 00 00 00 00 00 00 ...
T1DDC 049:232.184   CPU_WriteMem(3040 bytes @ 0x22080F00)
T1DDC 049:249.272 - 17.218ms returns 0xBE0
T1DDC 049:249.948 JLINK_WriteMem(0x22081AE0, 0xBE0 Bytes, ...)
T1DDC 049:249.992   Data:  00 00 00 00 00 00 00 00 00 00 00 00 00 00 00 00 ...
T1DDC 049:250.032   CPU_WriteMem(3040 bytes @ 0x22081AE0)
T1DDC 049:267.016 - 17.070ms returns 0xBE0
T1DDC 049:267.680 JLINK_WriteMem(0x220826C0, 0xBE0 Bytes, ...)
T1DDC 049:267.728   Data:  00 00 00 00 00 00 00 00 00 00 00 00 00 00 00 00 ...
T1DDC 049:267.768   CPU_WriteMem(3040 bytes @ 0x220826C0)
T1DDC 049:284.780 - 17.100ms returns 0xBE0
T1DDC 049:285.684 JLINK_WriteMem(0x220832A0, 0xBE0 Bytes, ...)
T1DDC 049:285.720   Data:  00 00 00 00 00 00 00 00 00 00 00 00 00 00 00 00 ...
T1DDC 049:285.756   CPU_WriteMem(3040 bytes @ 0x220832A0)
T1DDC 049:302.864 - 17.179ms returns 0xBE0
T1DDC 049:303.620 JLINK_WriteMem(0x22083E80, 0xBE0 Bytes, ...)
T1DDC 049:303.660   Data:  00 00 00 00 00 00 00 00 00 00 00 00 00 00 00 00 ...
T1DDC 049:303.700   CPU_WriteMem(3040 bytes @ 0x22083E80)
T1DDC 049:320.656 - 17.037ms returns 0xBE0
T1DDC 049:321.520 JLINK_WriteMem(0x22084A60, 0xBE0 Bytes, ...)
T1DDC 049:321.576   Data:  00 00 00 00 00 00 00 00 00 00 00 00 00 00 00 00 ...
T1DDC 049:321.612   CPU_WriteMem(3040 bytes @ 0x22084A60)
T1DDC 049:338.728 - 17.209ms returns 0xBE0
T1DDC 049:339.408 JLINK_WriteMem(0x22085640, 0xBE0 Bytes, ...)
T1DDC 049:339.448   Data:  00 00 00 00 00 00 00 00 00 00 00 00 00 00 00 00 ...
T1DDC 049:339.488   CPU_WriteMem(3040 bytes @ 0x22085640)
T1DDC 049:356.576 - 17.168ms returns 0xBE0
T1DDC 049:357.372 JLINK_WriteMem(0x22086220, 0xBE0 Bytes, ...)
T1DDC 049:357.412   Data:  00 00 00 00 00 00 00 00 00 00 00 00 00 00 00 00 ...
T1DDC 049:357.448   CPU_WriteMem(3040 bytes @ 0x22086220)
T1DDC 049:374.528 - 17.153ms returns 0xBE0
T1DDC 049:375.696 JLINK_WriteMem(0x22086E00, 0xBE0 Bytes, ...)
T1DDC 049:375.788   Data:  00 00 00 00 00 00 00 00 00 00 00 00 00 00 00 00 ...
T1DDC 049:375.864   CPU_WriteMem(3040 bytes @ 0x22086E00)
T1DDC 049:393.064 - 17.368ms returns 0xBE0
T1DDC 049:394.584 JLINK_WriteMem(0x220879E0, 0xBE0 Bytes, ...)
T1DDC 049:394.656   Data:  00 00 00 00 00 00 00 00 00 00 00 00 00 00 00 00 ...
T1DDC 049:394.724   CPU_WriteMem(3040 bytes @ 0x220879E0)
T1DDC 049:411.896 - 17.307ms returns 0xBE0
T1DDC 049:412.856 JLINK_WriteMem(0x220885C0, 0xBE0 Bytes, ...)
T1DDC 049:412.908   Data:  00 00 00 00 00 00 00 00 00 00 00 00 00 00 00 00 ...
T1DDC 049:412.968   CPU_WriteMem(3040 bytes @ 0x220885C0)
T1DDC 049:430.004 - 17.145ms returns 0xBE0
T1DDC 049:431.624 JLINK_WriteMem(0x220891A0, 0xBE0 Bytes, ...)
T1DDC 049:431.696   Data:  00 00 00 00 00 00 00 00 00 00 00 00 00 00 00 00 ...
T1DDC 049:431.764   CPU_WriteMem(3040 bytes @ 0x220891A0)
T1DDC 049:448.792 - 17.165ms returns 0xBE0
T1DDC 049:449.660 JLINK_WriteMem(0x22089D80, 0xBE0 Bytes, ...)
T1DDC 049:449.720   Data:  00 00 00 00 00 00 00 00 00 00 00 00 00 00 00 00 ...
T1DDC 049:449.772   CPU_WriteMem(3040 bytes @ 0x22089D80)
T1DDC 049:466.856 - 17.198ms returns 0xBE0
T1DDC 049:468.272 JLINK_WriteMem(0x2208A960, 0xBE0 Bytes, ...)
T1DDC 049:468.332   Data:  00 00 00 00 00 00 00 00 00 00 00 00 00 00 00 00 ...
T1DDC 049:468.392   CPU_WriteMem(3040 bytes @ 0x2208A960)
T1DDC 049:485.516 - 17.243ms returns 0xBE0
T1DDC 049:486.376 JLINK_WriteMem(0x2208B540, 0xBE0 Bytes, ...)
T1DDC 049:486.436   Data:  00 00 00 00 00 00 00 00 00 00 00 00 00 00 00 00 ...
T1DDC 049:486.504   CPU_WriteMem(3040 bytes @ 0x2208B540)
T1DDC 049:503.668 - 17.291ms returns 0xBE0
T1DDC 049:505.040 JLINK_WriteMem(0x2208C120, 0xBE0 Bytes, ...)
T1DDC 049:505.112   Data:  00 00 00 00 00 00 00 00 00 00 00 00 00 00 00 00 ...
T1DDC 049:505.184   CPU_WriteMem(3040 bytes @ 0x2208C120)
T1DDC 049:522.312 - 17.271ms returns 0xBE0
T1DDC 049:523.320 JLINK_WriteMem(0x2208CD00, 0xBE0 Bytes, ...)
T1DDC 049:523.384   Data:  00 00 00 00 00 00 00 00 00 00 00 00 00 00 00 00 ...
T1DDC 049:523.472   CPU_WriteMem(3040 bytes @ 0x2208CD00)
T1DDC 049:540.632 - 17.314ms returns 0xBE0
T1DDC 049:542.196 JLINK_WriteMem(0x2208D8E0, 0xBE0 Bytes, ...)
T1DDC 049:542.284   Data:  00 00 00 00 00 00 00 00 00 00 00 00 00 00 00 00 ...
T1DDC 049:542.368   CPU_WriteMem(3040 bytes @ 0x2208D8E0)
T1DDC 049:559.468 - 17.276ms returns 0xBE0
T1DDC 049:560.216 JLINK_WriteMem(0x2208E4C0, 0xBE0 Bytes, ...)
T1DDC 049:560.264   Data:  00 00 00 00 00 00 00 00 00 00 00 00 00 00 00 00 ...
T1DDC 049:560.308   CPU_WriteMem(3040 bytes @ 0x2208E4C0)
T1DDC 049:577.436 - 17.218ms returns 0xBE0
T1DDC 049:578.904 JLINK_WriteMem(0x2208F0A0, 0xBE0 Bytes, ...)
T1DDC 049:578.956   Data:  00 00 00 00 00 00 00 00 00 00 00 00 00 00 00 00 ...
T1DDC 049:579.412   CPU_WriteMem(3040 bytes @ 0x2208F0A0)
T1DDC 049:596.524 - 17.618ms returns 0xBE0
T1DDC 049:597.400 JLINK_WriteMem(0x2208FC80, 0xBE0 Bytes, ...)
T1DDC 049:597.444   Data:  00 00 00 00 00 00 00 00 00 00 00 00 00 00 00 00 ...
T1DDC 049:597.492   CPU_WriteMem(3040 bytes @ 0x2208FC80)
T1DDC 049:614.584 - 17.188ms returns 0xBE0
T1DDC 049:616.084 JLINK_WriteMem(0x22090860, 0xBE0 Bytes, ...)
T1DDC 049:616.184   Data:  00 00 00 00 00 00 00 00 00 00 00 00 00 00 00 00 ...
T1DDC 049:616.248   CPU_WriteMem(3040 bytes @ 0x22090860)
T1DDC 049:633.368 - 17.287ms returns 0xBE0
T1DDC 049:634.360 JLINK_WriteMem(0x22091440, 0xBE0 Bytes, ...)
T1DDC 049:634.428   Data:  00 00 00 00 00 00 00 00 00 00 00 00 00 00 00 00 ...
T1DDC 049:634.552   CPU_WriteMem(3040 bytes @ 0x22091440)
T1DDC 049:651.756 - 17.394ms returns 0xBE0
T1DDC 049:653.488 JLINK_WriteMem(0x22092020, 0xBE0 Bytes, ...)
T1DDC 049:653.564   Data:  00 00 00 00 00 00 00 00 00 00 00 00 00 00 00 00 ...
T1DDC 049:653.656   CPU_WriteMem(3040 bytes @ 0x22092020)
T1DDC 049:670.664 - 17.176ms returns 0xBE0
T1DDC 049:671.552 JLINK_WriteMem(0x22092C00, 0xBE0 Bytes, ...)
T1DDC 049:671.608   Data:  00 00 00 00 00 00 00 00 00 00 00 00 00 00 00 00 ...
T1DDC 049:671.656   CPU_WriteMem(3040 bytes @ 0x22092C00)
T1DDC 049:688.708 - 17.152ms returns 0xBE0
T1DDC 049:690.376 JLINK_WriteMem(0x220937E0, 0xBE0 Bytes, ...)
T1DDC 049:690.456   Data:  00 00 00 00 00 00 00 00 00 00 00 00 00 00 00 00 ...
T1DDC 049:690.516   CPU_WriteMem(3040 bytes @ 0x220937E0)
T1DDC 049:707.648 - 17.269ms returns 0xBE0
T1DDC 049:708.620 JLINK_WriteMem(0x220943C0, 0xBE0 Bytes, ...)
T1DDC 049:708.680   Data:  00 00 00 00 00 00 00 00 00 00 00 00 00 00 00 00 ...
T1DDC 049:708.744   CPU_WriteMem(3040 bytes @ 0x220943C0)
T1DDC 049:725.860 - 17.236ms returns 0xBE0
T1DDC 049:727.400 JLINK_WriteMem(0x22094FA0, 0xBE0 Bytes, ...)
T1DDC 049:727.464   Data:  00 00 00 00 00 00 00 00 00 00 00 00 00 00 00 00 ...
T1DDC 049:727.528   CPU_WriteMem(3040 bytes @ 0x22094FA0)
T1DDC 049:744.760 - 17.357ms returns 0xBE0
T1DDC 049:745.728 JLINK_WriteMem(0x22095B80, 0xBE0 Bytes, ...)
T1DDC 049:745.800   Data:  00 00 00 00 00 00 00 00 00 00 00 00 00 00 00 00 ...
T1DDC 049:745.868   CPU_WriteMem(3040 bytes @ 0x22095B80)
T1DDC 049:762.952 - 17.227ms returns 0xBE0
T1DDC 049:764.352 JLINK_WriteMem(0x22096760, 0xBE0 Bytes, ...)
T1DDC 049:764.412   Data:  00 00 00 00 00 00 00 00 00 00 00 00 00 00 00 00 ...
T1DDC 049:764.476   CPU_WriteMem(3040 bytes @ 0x22096760)
T1DDC 049:781.980 - 17.625ms returns 0xBE0
T1DDC 049:783.692 JLINK_WriteMem(0x22097340, 0xBE0 Bytes, ...)
T1DDC 049:783.792   Data:  00 00 00 00 00 00 00 00 00 00 00 00 00 00 00 00 ...
T1DDC 049:783.884   CPU_WriteMem(3040 bytes @ 0x22097340)
T1DDC 049:801.032 - 17.340ms returns 0xBE0
T1DDC 049:802.360 JLINK_WriteMem(0x22097F20, 0xBE0 Bytes, ...)
T1DDC 049:802.428   Data:  00 00 00 00 00 00 00 00 00 00 00 00 00 00 00 00 ...
T1DDC 049:802.492   CPU_WriteMem(3040 bytes @ 0x22097F20)
T1DDC 049:819.520 - 17.161ms returns 0xBE0
T1DDC 049:820.436 JLINK_WriteMem(0x22098B00, 0xBE0 Bytes, ...)
T1DDC 049:820.504   Data:  00 00 00 00 00 00 00 00 00 00 00 00 00 00 00 00 ...
T1DDC 049:820.568   CPU_WriteMem(3040 bytes @ 0x22098B00)
T1DDC 049:837.712 - 17.277ms returns 0xBE0
T1DDC 049:838.840 JLINK_WriteMem(0x220996E0, 0xBE0 Bytes, ...)
T1DDC 049:838.908   Data:  00 00 00 00 00 00 00 00 00 00 00 00 00 00 00 00 ...
T1DDC 049:838.960   CPU_WriteMem(3040 bytes @ 0x220996E0)
T1DDC 049:856.104 - 17.264ms returns 0xBE0
T1DDC 049:856.992 JLINK_WriteMem(0x2209A2C0, 0xBE0 Bytes, ...)
T1DDC 049:857.056   Data:  00 00 00 00 00 00 00 00 00 00 00 00 00 00 00 00 ...
T1DDC 049:857.112   CPU_WriteMem(3040 bytes @ 0x2209A2C0)
T1DDC 049:874.280 - 17.287ms returns 0xBE0
T1DDC 049:875.904 JLINK_WriteMem(0x2209AEA0, 0xBE0 Bytes, ...)
T1DDC 049:875.976   Data:  00 00 00 00 00 00 00 00 00 00 00 00 00 00 00 00 ...
T1DDC 049:876.040   CPU_WriteMem(3040 bytes @ 0x2209AEA0)
T1DDC 049:893.160 - 17.257ms returns 0xBE0
T1DDC 049:894.252 JLINK_WriteMem(0x2209BA80, 0xBE0 Bytes, ...)
T1DDC 049:894.328   Data:  00 00 00 00 00 00 00 00 00 00 00 00 00 00 00 00 ...
T1DDC 049:894.408   CPU_WriteMem(3040 bytes @ 0x2209BA80)
T1DDC 049:911.480 - 17.227ms returns 0xBE0
T1DDC 049:913.080 JLINK_WriteMem(0x2209C660, 0xBE0 Bytes, ...)
T1DDC 049:913.196   Data:  00 00 00 00 00 00 00 00 00 00 00 00 00 00 00 00 ...
T1DDC 049:913.292   CPU_WriteMem(3040 bytes @ 0x2209C660)
T1DDC 049:930.604 - 17.525ms returns 0xBE0
T1DDC 049:931.372 JLINK_WriteMem(0x2209D240, 0xBE0 Bytes, ...)
T1DDC 049:931.412   Data:  00 00 00 00 00 00 00 00 00 00 00 00 00 00 00 00 ...
T1DDC 049:931.460   CPU_WriteMem(3040 bytes @ 0x2209D240)
T1DDC 049:948.552 - 17.176ms returns 0xBE0
T1DDC 049:949.852 JLINK_WriteMem(0x2209DE20, 0xBE0 Bytes, ...)
T1DDC 049:949.964   Data:  00 00 00 00 00 00 00 00 00 00 00 00 00 00 00 00 ...
T1DDC 049:950.016   CPU_WriteMem(3040 bytes @ 0x2209DE20)
T1DDC 049:967.100 - 17.249ms returns 0xBE0
T1DDC 049:968.036 JLINK_WriteMem(0x2209EA00, 0xBE0 Bytes, ...)
T1DDC 049:968.092   Data:  00 00 00 00 00 00 00 00 00 00 00 00 00 00 00 00 ...
T1DDC 049:968.144   CPU_WriteMem(3040 bytes @ 0x2209EA00)
T1DDC 049:985.292 - 17.253ms returns 0xBE0
T1DDC 049:986.360 JLINK_WriteMem(0x2209F5E0, 0xBE0 Bytes, ...)
T1DDC 049:986.416   Data:  00 00 00 00 00 00 00 00 00 00 00 00 00 00 00 00 ...
T1DDC 049:986.472   CPU_WriteMem(3040 bytes @ 0x2209F5E0)
T1DDC 050:003.568 - 17.208ms returns 0xBE0
T1DDC 050:004.216 JLINK_WriteMem(0x220A01C0, 0xBE0 Bytes, ...)
T1DDC 050:004.256   Data:  00 00 00 00 00 00 00 00 00 00 00 00 00 00 00 00 ...
T1DDC 050:004.296   CPU_WriteMem(3040 bytes @ 0x220A01C0)
T1DDC 050:021.292 - 17.074ms returns 0xBE0
T1DDC 050:022.692 JLINK_WriteMem(0x220A0DA0, 0xBE0 Bytes, ...)
T1DDC 050:022.740   Data:  00 00 00 00 00 00 00 00 00 00 00 00 00 00 00 00 ...
T1DDC 050:022.800   CPU_WriteMem(3040 bytes @ 0x220A0DA0)
T1DDC 050:039.976 - 17.282ms returns 0xBE0
T1DDC 050:041.252 JLINK_WriteMem(0x220A1980, 0xBE0 Bytes, ...)
T1DDC 050:041.324   Data:  00 00 00 00 00 00 00 00 00 00 00 00 00 00 00 00 ...
T1DDC 050:042.116   CPU_WriteMem(3040 bytes @ 0x220A1980)
T1DDC 050:059.408 - 18.151ms returns 0xBE0
T1DDC 050:061.208 JLINK_WriteMem(0x220A2560, 0xBE0 Bytes, ...)
T1DDC 050:061.292   Data:  00 00 00 00 00 00 00 00 00 00 00 00 00 00 00 00 ...
T1DDC 050:061.368   CPU_WriteMem(3040 bytes @ 0x220A2560)
T1DDC 050:078.516 - 17.305ms returns 0xBE0
T1DDC 050:079.424 JLINK_WriteMem(0x220A3140, 0xBE0 Bytes, ...)
T1DDC 050:079.484   Data:  00 00 00 00 00 00 00 00 00 00 00 00 00 00 00 00 ...
T1DDC 050:079.544   CPU_WriteMem(3040 bytes @ 0x220A3140)
T1DDC 050:096.688 - 17.265ms returns 0xBE0
T1DDC 050:097.864 JLINK_WriteMem(0x220A3D20, 0xBE0 Bytes, ...)
T1DDC 050:097.936   Data:  00 00 00 00 00 00 00 00 00 00 00 00 00 00 00 00 ...
T1DDC 050:098.052   CPU_WriteMem(3040 bytes @ 0x220A3D20)
T1DDC 050:115.144 - 17.277ms returns 0xBE0
T1DDC 050:116.140 JLINK_WriteMem(0x220A4900, 0xBE0 Bytes, ...)
T1DDC 050:116.196   Data:  00 00 00 00 00 00 00 00 00 00 00 00 00 00 00 00 ...
T1DDC 050:116.248   CPU_WriteMem(3040 bytes @ 0x220A4900)
T1DDC 050:133.340 - 17.199ms returns 0xBE0
T1DDC 050:134.400 JLINK_WriteMem(0x220A54E0, 0xBE0 Bytes, ...)
T1DDC 050:134.472   Data:  00 00 00 00 00 00 00 00 00 00 00 00 00 00 00 00 ...
T1DDC 050:134.520   CPU_WriteMem(3040 bytes @ 0x220A54E0)
T1DDC 050:151.628 - 17.227ms returns 0xBE0
T1DDC 050:152.588 JLINK_WriteMem(0x220A60C0, 0xBE0 Bytes, ...)
T1DDC 050:152.660   Data:  00 00 00 00 00 00 00 00 00 00 00 00 00 00 00 00 ...
T1DDC 050:152.716   CPU_WriteMem(3040 bytes @ 0x220A60C0)
T1DDC 050:169.832 - 17.242ms returns 0xBE0
T1DDC 050:171.476 JLINK_WriteMem(0x220A6CA0, 0xBE0 Bytes, ...)
T1DDC 050:171.540   Data:  00 00 00 00 00 00 00 00 00 00 00 00 00 00 00 00 ...
T1DDC 050:171.740   CPU_WriteMem(3040 bytes @ 0x220A6CA0)
T1DDC 050:189.188 - 17.703ms returns 0xBE0
T1DDC 050:190.920 JLINK_WriteMem(0x220A7880, 0xBE0 Bytes, ...)
T1DDC 050:190.996   Data:  00 00 00 00 00 00 00 00 00 00 00 00 00 00 00 00 ...
T1DDC 050:191.064   CPU_WriteMem(3040 bytes @ 0x220A7880)
T1DDC 050:208.200 - 17.276ms returns 0xBE0
T1DDC 050:210.096 JLINK_WriteMem(0x220A8460, 0xBE0 Bytes, ...)
T1DDC 050:210.228   Data:  00 00 00 00 00 00 00 00 00 00 00 00 00 00 00 00 ...
T1DDC 050:210.328   CPU_WriteMem(3040 bytes @ 0x220A8460)
T1DDC 050:227.552 - 17.458ms returns 0xBE0
T1DDC 050:228.612 JLINK_WriteMem(0x220A9040, 0xBE0 Bytes, ...)
T1DDC 050:228.704   Data:  00 00 00 00 00 00 00 00 00 00 00 00 00 00 00 00 ...
T1DDC 050:228.784   CPU_WriteMem(3040 bytes @ 0x220A9040)
T1DDC 050:246.344 - 17.719ms returns 0xBE0
T1DDC 050:249.764 JLINK_WriteMem(0x220A9C20, 0xBE0 Bytes, ...)
T1DDC 050:249.848   Data:  00 00 00 00 00 00 00 00 00 00 00 00 00 00 00 00 ...
T1DDC 050:249.936   CPU_WriteMem(3040 bytes @ 0x220A9C20)
T1DDC 050:266.992 - 17.228ms returns 0xBE0
T1DDC 050:267.820 JLINK_WriteMem(0x220AA800, 0xBE0 Bytes, ...)
T1DDC 050:267.864   Data:  00 00 00 00 00 00 00 00 00 00 00 00 00 00 00 00 ...
T1DDC 050:267.916   CPU_WriteMem(3040 bytes @ 0x220AA800)
T1DDC 050:285.032 - 17.210ms returns 0xBE0
T1DDC 050:286.748 JLINK_WriteMem(0x220AB3E0, 0xBE0 Bytes, ...)
T1DDC 050:286.820   Data:  00 00 00 00 00 00 00 00 00 00 00 00 00 00 00 00 ...
T1DDC 050:286.872   CPU_WriteMem(3040 bytes @ 0x220AB3E0)
T1DDC 050:303.976 - 17.227ms returns 0xBE0
T1DDC 050:304.780 JLINK_WriteMem(0x220ABFC0, 0xBE0 Bytes, ...)
T1DDC 050:304.836   Data:  00 00 00 00 00 00 00 00 00 00 00 00 00 00 00 00 ...
T1DDC 050:304.904   CPU_WriteMem(3040 bytes @ 0x220ABFC0)
T1DDC 050:321.968 - 17.188ms returns 0xBE0
T1DDC 050:323.324 JLINK_WriteMem(0x220ACBA0, 0xBE0 Bytes, ...)
T1DDC 050:323.384   Data:  00 00 00 00 00 00 00 00 00 00 00 00 00 00 00 00 ...
T1DDC 050:323.444   CPU_WriteMem(3040 bytes @ 0x220ACBA0)
T1DDC 050:340.520 - 17.193ms returns 0xBE0
T1DDC 050:341.672 JLINK_WriteMem(0x220AD780, 0xBE0 Bytes, ...)
T1DDC 050:341.768   Data:  00 00 00 00 00 00 00 00 00 00 00 00 00 00 00 00 ...
T1DDC 050:341.836   CPU_WriteMem(3040 bytes @ 0x220AD780)
T1DDC 050:358.976 - 17.306ms returns 0xBE0
T1DDC 050:360.176 JLINK_WriteMem(0x220AE360, 0xBE0 Bytes, ...)
T1DDC 050:360.232   Data:  00 00 00 00 00 00 00 00 00 00 00 00 00 00 00 00 ...
T1DDC 050:360.284   CPU_WriteMem(3040 bytes @ 0x220AE360)
T1DDC 050:377.448 - 17.272ms returns 0xBE0
T1DDC 050:379.676 JLINK_WriteMem(0x220AEF40, 0xBE0 Bytes, ...)
T1DDC 050:379.924   Data:  00 00 00 00 00 00 00 00 00 00 00 00 00 00 00 00 ...
T1DDC 050:380.092   CPU_WriteMem(3040 bytes @ 0x220AEF40)
T1DDC 050:397.580 - 17.907ms returns 0xBE0
T1DDC 050:398.808 JLINK_WriteMem(0x220AFB20, 0xBE0 Bytes, ...)
T1DDC 050:398.856   Data:  00 00 00 00 00 00 00 00 00 00 00 00 00 00 00 00 ...
T1DDC 050:398.920   CPU_WriteMem(3040 bytes @ 0x220AFB20)
T1DDC 050:416.020 - 17.211ms returns 0xBE0
T1DDC 050:416.828 JLINK_WriteMem(0x220B0700, 0xBE0 Bytes, ...)
T1DDC 050:416.884   Data:  00 00 00 00 00 00 00 00 00 00 00 00 00 00 00 00 ...
T1DDC 050:416.932   CPU_WriteMem(3040 bytes @ 0x220B0700)
T1DDC 050:434.120 - 17.288ms returns 0xBE0
T1DDC 050:435.628 JLINK_WriteMem(0x220B12E0, 0xBE0 Bytes, ...)
T1DDC 050:435.724   Data:  00 00 00 00 00 00 00 00 00 00 00 00 00 00 00 00 ...
T1DDC 050:435.788   CPU_WriteMem(3040 bytes @ 0x220B12E0)
T1DDC 050:452.980 - 17.348ms returns 0xBE0
T1DDC 050:454.008 JLINK_WriteMem(0x220B1EC0, 0xBE0 Bytes, ...)
T1DDC 050:454.056   Data:  00 00 00 00 00 00 00 00 00 00 00 00 00 00 00 00 ...
T1DDC 050:454.120   CPU_WriteMem(3040 bytes @ 0x220B1EC0)
T1DDC 050:471.248 - 17.240ms returns 0xBE0
T1DDC 050:472.364 JLINK_WriteMem(0x220B2AA0, 0xBE0 Bytes, ...)
T1DDC 050:472.424   Data:  00 00 00 00 00 00 00 00 00 00 00 00 00 00 00 00 ...
T1DDC 050:472.480   CPU_WriteMem(3040 bytes @ 0x220B2AA0)
T1DDC 050:489.552 - 17.182ms returns 0xBE0
T1DDC 050:490.520 JLINK_WriteMem(0x220B3680, 0xBE0 Bytes, ...)
T1DDC 050:490.612   Data:  00 00 00 00 00 00 00 00 00 00 00 00 00 00 00 00 ...
T1DDC 050:490.688   CPU_WriteMem(3040 bytes @ 0x220B3680)
T1DDC 050:507.848 - 17.332ms returns 0xBE0
T1DDC 050:509.324 JLINK_WriteMem(0x220B4260, 0xBE0 Bytes, ...)
T1DDC 050:509.404   Data:  00 00 00 00 00 00 00 00 00 00 00 00 00 00 00 00 ...
T1DDC 050:509.480   CPU_WriteMem(3040 bytes @ 0x220B4260)
T1DDC 050:526.544 - 17.218ms returns 0xBE0
T1DDC 050:527.520 JLINK_WriteMem(0x220B4E40, 0xBE0 Bytes, ...)
T1DDC 050:527.612   Data:  00 00 00 00 00 00 00 00 00 00 00 00 00 00 00 00 ...
T1DDC 050:527.696   CPU_WriteMem(3040 bytes @ 0x220B4E40)
T1DDC 050:544.824 - 17.302ms returns 0xBE0
T1DDC 050:546.444 JLINK_WriteMem(0x220B5A20, 0xBE0 Bytes, ...)
T1DDC 050:546.540   Data:  00 00 00 00 00 00 00 00 00 00 00 00 00 00 00 00 ...
T1DDC 050:546.616   CPU_WriteMem(3040 bytes @ 0x220B5A20)
T1DDC 050:563.684 - 17.237ms returns 0xBE0
T1DDC 050:564.788 JLINK_WriteMem(0x220B6600, 0xBE0 Bytes, ...)
T1DDC 050:564.864   Data:  00 00 00 00 00 00 00 00 00 00 00 00 00 00 00 00 ...
T1DDC 050:565.680   CPU_WriteMem(3040 bytes @ 0x220B6600)
T1DDC 050:582.872 - 18.084ms returns 0xBE0
T1DDC 050:584.276 JLINK_WriteMem(0x220B71E0, 0xBE0 Bytes, ...)
T1DDC 050:584.356   Data:  00 00 00 00 00 00 00 00 00 00 00 00 00 00 00 00 ...
T1DDC 050:584.560   CPU_WriteMem(3040 bytes @ 0x220B71E0)
T1DDC 050:601.908 - 17.626ms returns 0xBE0
T1DDC 050:603.112 JLINK_WriteMem(0x220B7DC0, 0xBE0 Bytes, ...)
T1DDC 050:603.192   Data:  00 00 00 00 00 00 00 00 00 00 00 00 00 00 00 00 ...
T1DDC 050:603.268   CPU_WriteMem(3040 bytes @ 0x220B7DC0)
T1DDC 050:620.456 - 17.348ms returns 0xBE0
T1DDC 050:622.188 JLINK_WriteMem(0x220B89A0, 0xBE0 Bytes, ...)
T1DDC 050:622.276   Data:  00 00 00 00 00 00 00 00 00 00 00 00 00 00 00 00 ...
T1DDC 050:622.348   CPU_WriteMem(3040 bytes @ 0x220B89A0)
T1DDC 050:639.976 - 17.776ms returns 0xBE0
T1DDC 050:642.492 JLINK_WriteMem(0x220B9580, 0xBE0 Bytes, ...)
T1DDC 050:642.592   Data:  00 00 00 00 00 00 00 00 00 00 00 00 00 00 00 00 ...
T1DDC 050:642.728   CPU_WriteMem(3040 bytes @ 0x220B9580)
T1DDC 050:660.000 - 17.504ms returns 0xBE0
T1DDC 050:661.804 JLINK_WriteMem(0x220BA160, 0xBE0 Bytes, ...)
T1DDC 050:661.896   Data:  00 00 00 00 00 00 00 00 00 00 00 00 00 00 00 00 ...
T1DDC 050:661.972   CPU_WriteMem(3040 bytes @ 0x220BA160)
T1DDC 050:679.704 - 17.893ms returns 0xBE0
T1DDC 050:681.396 JLINK_WriteMem(0x220BAD40, 0xBE0 Bytes, ...)
T1DDC 050:681.504   Data:  00 00 00 00 00 00 00 00 00 00 00 00 00 00 00 00 ...
T1DDC 050:681.872   CPU_WriteMem(3040 bytes @ 0x220BAD40)
T1DDC 050:699.604 - 18.203ms returns 0xBE0
T1DDC 050:702.012 JLINK_WriteMem(0x220BB920, 0xBE0 Bytes, ...)
T1DDC 050:702.120   Data:  00 00 00 00 00 00 00 00 00 00 00 00 00 00 00 00 ...
T1DDC 050:702.200   CPU_WriteMem(3040 bytes @ 0x220BB920)
T1DDC 050:719.352 - 17.336ms returns 0xBE0
T1DDC 050:720.504 JLINK_WriteMem(0x220BC500, 0xBE0 Bytes, ...)
T1DDC 050:720.584   Data:  00 00 00 00 00 00 00 00 00 00 00 00 00 00 00 00 ...
T1DDC 050:720.660   CPU_WriteMem(3040 bytes @ 0x220BC500)
T1DDC 050:737.816 - 17.311ms returns 0xBE0
T1DDC 050:739.276 JLINK_WriteMem(0x220BD0E0, 0xBE0 Bytes, ...)
T1DDC 050:739.324   Data:  00 00 00 00 00 00 00 00 00 00 00 00 00 00 00 00 ...
T1DDC 050:739.380   CPU_WriteMem(3040 bytes @ 0x220BD0E0)
T1DDC 050:756.512 - 17.236ms returns 0xBE0
T1DDC 050:758.088 JLINK_WriteMem(0x220BDCC0, 0xBE0 Bytes, ...)
T1DDC 050:758.184   Data:  00 00 00 00 00 00 00 00 00 00 00 00 00 00 00 00 ...
T1DDC 050:758.264   CPU_WriteMem(3040 bytes @ 0x220BDCC0)
T1DDC 050:775.400 - 17.315ms returns 0xBE0
T1DDC 050:779.832 JLINK_WriteMem(0x220BE8A0, 0xBE0 Bytes, ...)
T1DDC 050:780.232   Data:  00 00 00 00 00 00 00 00 00 00 00 00 00 00 00 00 ...
T1DDC 050:780.424   CPU_WriteMem(3040 bytes @ 0x220BE8A0)
T1DDC 050:798.456 - 18.614ms returns 0xBE0
T1DDC 050:801.508 JLINK_WriteMem(0x220BF480, 0xBE0 Bytes, ...)
T1DDC 050:801.776   Data:  00 00 00 00 00 00 00 00 00 00 00 00 00 00 00 00 ...
T1DDC 050:801.872   CPU_WriteMem(3040 bytes @ 0x220BF480)
T1DDC 050:819.224 - 17.717ms returns 0xBE0
T1DDC 050:821.612 JLINK_WriteMem(0x220C0060, 0xBE0 Bytes, ...)
T1DDC 050:821.700   Data:  00 00 00 00 00 00 00 00 00 00 00 00 00 00 00 00 ...
T1DDC 050:821.784   CPU_WriteMem(3040 bytes @ 0x220C0060)
T1DDC 050:838.976 - 17.363ms returns 0xBE0
T1DDC 050:840.116 JLINK_WriteMem(0x220C0C40, 0xBE0 Bytes, ...)
T1DDC 050:840.220   Data:  00 00 00 00 00 00 00 00 00 00 00 00 00 00 00 00 ...
T1DDC 050:840.304   CPU_WriteMem(3040 bytes @ 0x220C0C40)
T1DDC 050:858.020 - 17.894ms returns 0xBE0
T1DDC 050:862.636 JLINK_WriteMem(0x220C1820, 0xBE0 Bytes, ...)
T1DDC 050:862.736   Data:  00 00 00 00 00 00 00 00 00 00 00 00 00 00 00 00 ...
T1DDC 050:862.904   CPU_WriteMem(3040 bytes @ 0x220C1820)
T1DDC 050:880.168 - 17.531ms returns 0xBE0
T1DDC 050:881.424 JLINK_WriteMem(0x220C2400, 0xBE0 Bytes, ...)
T1DDC 050:881.532   Data:  00 00 00 00 00 00 00 00 00 00 00 00 00 00 00 00 ...
T1DDC 050:881.624   CPU_WriteMem(3040 bytes @ 0x220C2400)
T1DDC 050:898.788 - 17.362ms returns 0xBE0
T1DDC 050:900.852 JLINK_WriteMem(0x220C2FE0, 0xBE0 Bytes, ...)
T1DDC 050:900.948   Data:  00 00 00 00 00 00 00 00 00 00 00 00 00 00 00 00 ...
T1DDC 050:901.028   CPU_WriteMem(3040 bytes @ 0x220C2FE0)
T1DDC 050:918.296 - 17.443ms returns 0xBE0
T1DDC 050:919.364 JLINK_WriteMem(0x220C3BC0, 0xBE0 Bytes, ...)
T1DDC 050:919.508   Data:  00 00 00 00 00 00 00 00 00 00 00 00 00 00 00 00 ...
T1DDC 050:919.580   CPU_WriteMem(3040 bytes @ 0x220C3BC0)
T1DDC 050:936.660 - 17.299ms returns 0xBE0
T1DDC 050:938.372 JLINK_WriteMem(0x220C47A0, 0xBE0 Bytes, ...)
T1DDC 050:938.456   Data:  00 00 00 00 00 00 00 00 00 00 00 00 00 00 00 00 ...
T1DDC 050:938.532   CPU_WriteMem(3040 bytes @ 0x220C47A0)
T1DDC 050:955.672 - 17.305ms returns 0xBE0
T1DDC 050:956.536 JLINK_WriteMem(0x220C5380, 0xBE0 Bytes, ...)
T1DDC 050:956.584   Data:  00 00 00 00 00 00 00 00 00 00 00 00 00 00 00 00 ...
T1DDC 050:956.632   CPU_WriteMem(3040 bytes @ 0x220C5380)
T1DDC 050:973.796 - 17.257ms returns 0xBE0
T1DDC 050:976.492 JLINK_WriteMem(0x220C5F60, 0xBE0 Bytes, ...)
T1DDC 050:976.864   Data:  00 00 00 00 00 00 00 00 00 00 00 00 00 00 00 00 ...
T1DDC 050:977.176   CPU_WriteMem(3040 bytes @ 0x220C5F60)
T1DDC 050:994.688 - 18.194ms returns 0xBE0
T1DDC 050:996.304 JLINK_WriteMem(0x220C6B40, 0xBE0 Bytes, ...)
T1DDC 050:996.416   Data:  00 00 00 00 00 00 00 00 00 00 00 00 00 00 00 00 ...
T1DDC 050:996.512   CPU_WriteMem(3040 bytes @ 0x220C6B40)
T1DDC 051:014.292 - 17.976ms returns 0xBE0
T1DDC 051:017.376 JLINK_WriteMem(0x220C7720, 0xBE0 Bytes, ...)
T1DDC 051:017.580   Data:  00 00 00 00 00 00 00 00 00 00 00 00 00 00 00 00 ...
T1DDC 051:017.732   CPU_WriteMem(3040 bytes @ 0x220C7720)
T1DDC 051:035.176 - 17.804ms returns 0xBE0
T1DDC 051:036.876 JLINK_WriteMem(0x220C8300, 0xBE0 Bytes, ...)
T1DDC 051:037.064   Data:  00 00 00 00 00 00 00 00 00 00 00 00 00 00 00 00 ...
T1DDC 051:037.244   CPU_WriteMem(3040 bytes @ 0x220C8300)
T1DDC 051:054.628 - 17.750ms returns 0xBE0
T1DDC 051:056.440 JLINK_WriteMem(0x220C8EE0, 0xBE0 Bytes, ...)
T1DDC 051:056.536   Data:  00 00 00 00 00 00 00 00 00 00 00 00 00 00 00 00 ...
T1DDC 051:056.616   CPU_WriteMem(3040 bytes @ 0x220C8EE0)
T1DDC 051:073.828 - 17.384ms returns 0xBE0
T1DDC 051:075.052 JLINK_WriteMem(0x220C9AC0, 0xBE0 Bytes, ...)
T1DDC 051:075.192   Data:  00 00 00 00 00 00 00 00 00 00 00 00 00 00 00 00 ...
T1DDC 051:075.288   CPU_WriteMem(3040 bytes @ 0x220C9AC0)
T1DDC 051:092.476 - 17.421ms returns 0xBE0
T1DDC 051:094.568 JLINK_WriteMem(0x220CA6A0, 0xBE0 Bytes, ...)
T1DDC 051:094.724   Data:  00 00 00 00 00 00 00 00 00 00 00 00 00 00 00 00 ...
T1DDC 051:094.796   CPU_WriteMem(3040 bytes @ 0x220CA6A0)
T1DDC 051:111.988 - 17.421ms returns 0xBE0
T1DDC 051:113.012 JLINK_WriteMem(0x220CB280, 0xBE0 Bytes, ...)
T1DDC 051:113.088   Data:  00 00 00 00 00 00 00 00 00 00 00 00 00 00 00 00 ...
T1DDC 051:113.180   CPU_WriteMem(3040 bytes @ 0x220CB280)
T1DDC 051:130.492 - 17.479ms returns 0xBE0
T1DDC 051:132.652 JLINK_WriteMem(0x220CBE60, 0xBE0 Bytes, ...)
T1DDC 051:132.752   Data:  00 00 00 00 00 00 00 00 00 00 00 00 00 00 00 00 ...
T1DDC 051:132.856   CPU_WriteMem(3040 bytes @ 0x220CBE60)
T1DDC 051:150.108 - 17.458ms returns 0xBE0
T1DDC 051:151.228 JLINK_WriteMem(0x220CCA40, 0xBE0 Bytes, ...)
T1DDC 051:151.288   Data:  00 00 00 00 00 00 00 00 00 00 00 00 00 00 00 00 ...
T1DDC 051:151.352   CPU_WriteMem(3040 bytes @ 0x220CCA40)
T1DDC 051:168.488 - 17.261ms returns 0xBE0
T1DDC 051:169.820 JLINK_WriteMem(0x220CD620, 0xBE0 Bytes, ...)
T1DDC 051:169.880   Data:  00 00 00 00 00 00 00 00 00 00 00 00 00 00 00 00 ...
T1DDC 051:170.420   CPU_WriteMem(3040 bytes @ 0x220CD620)
T1DDC 051:187.468 - 17.648ms returns 0xBE0
T1DDC 051:188.396 JLINK_WriteMem(0x220CE200, 0xBE0 Bytes, ...)
T1DDC 051:188.456   Data:  00 00 00 00 00 00 00 00 00 00 00 00 00 00 00 00 ...
T1DDC 051:188.504   CPU_WriteMem(3040 bytes @ 0x220CE200)
T1DDC 051:205.576 - 17.175ms returns 0xBE0
T1DDC 051:207.352 JLINK_WriteMem(0x220CEDE0, 0xBE0 Bytes, ...)
T1DDC 051:207.448   Data:  00 00 00 00 00 00 00 00 00 00 00 00 00 00 00 00 ...
T1DDC 051:207.560   CPU_WriteMem(3040 bytes @ 0x220CEDE0)
T1DDC 051:224.672 - 17.320ms returns 0xBE0
T1DDC 051:225.784 JLINK_WriteMem(0x220CF9C0, 0xBE0 Bytes, ...)
T1DDC 051:225.872   Data:  00 00 00 00 00 00 00 00 00 00 00 00 00 00 00 00 ...
T1DDC 051:225.964   CPU_WriteMem(3040 bytes @ 0x220CF9C0)
T1DDC 051:243.192 - 17.405ms returns 0xBE0
T1DDC 051:244.976 JLINK_WriteMem(0x220D05A0, 0xBE0 Bytes, ...)
T1DDC 051:245.092   Data:  00 00 00 00 00 00 00 00 00 00 00 00 00 00 00 00 ...
T1DDC 051:245.192   CPU_WriteMem(3040 bytes @ 0x220D05A0)
T1DDC 051:262.400 - 17.426ms returns 0xBE0
T1DDC 051:263.464 JLINK_WriteMem(0x220D1180, 0xBE0 Bytes, ...)
T1DDC 051:263.536   Data:  00 00 00 00 00 00 00 00 00 00 00 00 00 00 00 00 ...
T1DDC 051:263.676   CPU_WriteMem(3040 bytes @ 0x220D1180)
T1DDC 051:280.856 - 17.388ms returns 0xBE0
T1DDC 051:283.912 JLINK_WriteMem(0x220D1D60, 0xBE0 Bytes, ...)
T1DDC 051:284.036   Data:  00 00 00 00 00 00 00 00 00 00 00 00 00 00 00 00 ...
T1DDC 051:284.096   CPU_WriteMem(3040 bytes @ 0x220D1D60)
T1DDC 051:301.268 - 17.352ms returns 0xBE0
T1DDC 051:302.156 JLINK_WriteMem(0x220D2940, 0xBE0 Bytes, ...)
T1DDC 051:302.208   Data:  00 00 00 00 00 00 00 00 00 00 00 00 00 00 00 00 ...
T1DDC 051:302.292   CPU_WriteMem(3040 bytes @ 0x220D2940)
T1DDC 051:319.360 - 17.204ms returns 0xBE0
T1DDC 051:320.472 JLINK_WriteMem(0x220D3520, 0xBE0 Bytes, ...)
T1DDC 051:320.548   Data:  00 00 00 00 00 00 00 00 00 00 00 00 00 00 00 00 ...
T1DDC 051:320.620   CPU_WriteMem(3040 bytes @ 0x220D3520)
T1DDC 051:337.760 - 17.287ms returns 0xBE0
T1DDC 051:338.464 JLINK_WriteMem(0x220D4100, 0xBE0 Bytes, ...)
T1DDC 051:338.504   Data:  00 00 00 00 00 00 00 00 00 00 00 00 00 00 00 00 ...
T1DDC 051:338.552   CPU_WriteMem(3040 bytes @ 0x220D4100)
T1DDC 051:355.616 - 17.150ms returns 0xBE0
T1DDC 051:356.964 JLINK_WriteMem(0x220D4CE0, 0xBE0 Bytes, ...)
T1DDC 051:357.016   Data:  00 00 00 00 00 00 00 00 00 00 00 00 00 00 00 00 ...
T1DDC 051:357.064   CPU_WriteMem(3040 bytes @ 0x220D4CE0)
T1DDC 051:374.328 - 17.355ms returns 0xBE0
T1DDC 051:376.568 JLINK_WriteMem(0x220D58C0, 0xBE0 Bytes, ...)
T1DDC 051:376.680   Data:  00 00 00 00 00 00 00 00 00 00 00 00 00 00 00 00 ...
T1DDC 051:376.760   CPU_WriteMem(3040 bytes @ 0x220D58C0)
T1DDC 051:394.028 - 17.462ms returns 0xBE0
T1DDC 051:396.184 JLINK_WriteMem(0x220D64A0, 0xBE0 Bytes, ...)
T1DDC 051:396.356   Data:  00 00 00 00 00 00 00 00 00 00 00 00 00 00 00 00 ...
T1DDC 051:396.484   CPU_WriteMem(3040 bytes @ 0x220D64A0)
T1DDC 051:413.888 - 17.704ms returns 0xBE0
T1DDC 051:415.092 JLINK_WriteMem(0x220D7080, 0xBE0 Bytes, ...)
T1DDC 051:415.204   Data:  00 00 00 00 00 00 00 00 00 00 00 00 00 00 00 00 ...
T1DDC 051:415.324   CPU_WriteMem(3040 bytes @ 0x220D7080)
T1DDC 051:432.460 - 17.368ms returns 0xBE0
T1DDC 051:434.004 JLINK_WriteMem(0x220D7C60, 0xBE0 Bytes, ...)
T1DDC 051:434.072   Data:  00 00 00 00 00 00 00 00 00 00 00 00 00 00 00 00 ...
T1DDC 051:434.144   CPU_WriteMem(3040 bytes @ 0x220D7C60)
T1DDC 051:451.276 - 17.272ms returns 0xBE0
T1DDC 051:452.140 JLINK_WriteMem(0x220D8840, 0xBE0 Bytes, ...)
T1DDC 051:452.180   Data:  00 00 00 00 00 00 00 00 00 00 00 00 00 00 00 00 ...
T1DDC 051:452.228   CPU_WriteMem(3040 bytes @ 0x220D8840)
T1DDC 051:469.304 - 17.165ms returns 0xBE0
T1DDC 051:470.396 JLINK_WriteMem(0x220D9420, 0xBE0 Bytes, ...)
T1DDC 051:470.456   Data:  00 00 00 00 00 00 00 00 00 00 00 00 00 00 00 00 ...
T1DDC 051:470.516   CPU_WriteMem(3040 bytes @ 0x220D9420)
T1DDC 051:487.560 - 17.164ms returns 0xBE0
T1DDC 051:488.456 JLINK_WriteMem(0x220DA000, 0xBE0 Bytes, ...)
T1DDC 051:488.520   Data:  00 00 00 00 00 00 00 00 00 00 00 00 00 00 00 00 ...
T1DDC 051:488.584   CPU_WriteMem(3040 bytes @ 0x220DA000)
T1DDC 051:505.588 - 17.131ms returns 0xBE0
T1DDC 051:507.136 JLINK_WriteMem(0x220DABE0, 0xBE0 Bytes, ...)
T1DDC 051:507.224   Data:  00 00 00 00 00 00 00 00 00 00 00 00 00 00 00 00 ...
T1DDC 051:507.296   CPU_WriteMem(3040 bytes @ 0x220DABE0)
T1DDC 051:524.376 - 17.239ms returns 0xBE0
T1DDC 051:525.380 JLINK_WriteMem(0x220DB7C0, 0xBE0 Bytes, ...)
T1DDC 051:525.456   Data:  00 00 00 00 00 00 00 00 00 00 00 00 00 00 00 00 ...
T1DDC 051:525.524   CPU_WriteMem(3040 bytes @ 0x220DB7C0)
T1DDC 051:542.536 - 17.153ms returns 0xBE0
T1DDC 051:543.888 JLINK_WriteMem(0x220DC3A0, 0xBE0 Bytes, ...)
T1DDC 051:543.992   Data:  00 00 00 00 00 00 00 00 00 00 00 00 00 00 00 00 ...
T1DDC 051:544.088   CPU_WriteMem(3040 bytes @ 0x220DC3A0)
T1DDC 051:561.616 - 17.725ms returns 0xBE0
T1DDC 051:563.092 JLINK_WriteMem(0x220DCF80, 0xBE0 Bytes, ...)
T1DDC 051:563.220   Data:  00 00 00 00 00 00 00 00 00 00 00 00 00 00 00 00 ...
T1DDC 051:563.380   CPU_WriteMem(3040 bytes @ 0x220DCF80)
T1DDC 051:580.700 - 17.606ms returns 0xBE0
T1DDC 051:582.176 JLINK_WriteMem(0x220DDB60, 0xBE0 Bytes, ...)
T1DDC 051:582.256   Data:  00 00 00 00 00 00 00 00 00 00 00 00 00 00 00 00 ...
T1DDC 051:582.324   CPU_WriteMem(3040 bytes @ 0x220DDB60)
T1DDC 051:599.452 - 17.274ms returns 0xBE0
T1DDC 051:600.120 JLINK_WriteMem(0x220DE740, 0xBE0 Bytes, ...)
T1DDC 051:600.156   Data:  00 00 00 00 00 00 00 00 00 00 00 00 00 00 00 00 ...
T1DDC 051:600.200   CPU_WriteMem(3040 bytes @ 0x220DE740)
T1DDC 051:617.368 - 17.244ms returns 0xBE0
T1DDC 051:618.324 JLINK_WriteMem(0x220DF320, 0xBE0 Bytes, ...)
T1DDC 051:618.368   Data:  00 00 00 00 00 00 00 00 00 00 00 00 00 00 00 00 ...
T1DDC 051:618.412   CPU_WriteMem(3040 bytes @ 0x220DF320)
T1DDC 051:635.480 - 17.156ms returns 0xBE0
T1DDC 051:636.344 JLINK_WriteMem(0x220DFF00, 0xBE0 Bytes, ...)
T1DDC 051:636.400   Data:  00 00 00 00 00 00 00 00 00 00 00 00 00 00 00 00 ...
T1DDC 051:636.440   CPU_WriteMem(3040 bytes @ 0x220DFF00)
T1DDC 051:653.624 - 17.279ms returns 0xBE0
T1DDC 051:654.532 JLINK_WriteMem(0x220E0AE0, 0xBE0 Bytes, ...)
T1DDC 051:654.576   Data:  00 00 00 00 00 00 00 00 00 00 00 00 00 00 00 00 ...
T1DDC 051:654.616   CPU_WriteMem(3040 bytes @ 0x220E0AE0)
T1DDC 051:671.820 - 17.287ms returns 0xBE0
T1DDC 051:672.692 JLINK_WriteMem(0x220E16C0, 0xBE0 Bytes, ...)
T1DDC 051:672.736   Data:  00 00 00 00 00 00 00 00 00 00 00 00 00 00 00 00 ...
T1DDC 051:672.776   CPU_WriteMem(3040 bytes @ 0x220E16C0)
T1DDC 051:689.732 - 17.041ms returns 0xBE0
T1DDC 051:690.728 JLINK_WriteMem(0x220E22A0, 0xBE0 Bytes, ...)
T1DDC 051:690.788   Data:  00 00 00 00 00 00 00 00 00 00 00 00 00 00 00 00 ...
T1DDC 051:690.840   CPU_WriteMem(3040 bytes @ 0x220E22A0)
T1DDC 051:707.980 - 17.249ms returns 0xBE0
T1DDC 051:709.460 JLINK_WriteMem(0x220E2E80, 0xBE0 Bytes, ...)
T1DDC 051:709.640   Data:  00 00 00 00 00 00 00 00 00 00 00 00 00 00 00 00 ...
T1DDC 051:709.832   CPU_WriteMem(3040 bytes @ 0x220E2E80)
T1DDC 051:727.400 - 17.940ms returns 0xBE0
T1DDC 051:729.716 JLINK_WriteMem(0x220E3A60, 0xBE0 Bytes, ...)
T1DDC 051:729.976   Data:  00 00 00 00 00 00 00 00 00 00 00 00 00 00 00 00 ...
T1DDC 051:730.140   CPU_WriteMem(3040 bytes @ 0x220E3A60)
T1DDC 051:747.508 - 17.791ms returns 0xBE0
T1DDC 051:748.232 JLINK_WriteMem(0x220E4640, 0xBE0 Bytes, ...)
T1DDC 051:748.280   Data:  00 00 00 00 00 00 00 00 00 00 00 00 00 00 00 00 ...
T1DDC 051:748.320   CPU_WriteMem(3040 bytes @ 0x220E4640)
T1DDC 051:765.504 - 17.271ms returns 0xBE0
T1DDC 051:766.908 JLINK_WriteMem(0x220E5220, 0xBE0 Bytes, ...)
T1DDC 051:766.952   Data:  00 00 00 00 00 00 00 00 00 00 00 00 00 00 00 00 ...
T1DDC 051:767.000   CPU_WriteMem(3040 bytes @ 0x220E5220)
T1DDC 051:784.096 - 17.181ms returns 0xBE0
T1DDC 051:784.912 JLINK_WriteMem(0x220E5E00, 0xBE0 Bytes, ...)
T1DDC 051:784.952   Data:  00 00 00 00 00 00 00 00 00 00 00 00 00 00 00 00 ...
T1DDC 051:785.004   CPU_WriteMem(3040 bytes @ 0x220E5E00)
T1DDC 051:802.020 - 17.109ms returns 0xBE0
T1DDC 051:802.936 JLINK_WriteMem(0x220E69E0, 0xBE0 Bytes, ...)
T1DDC 051:802.968   Data:  00 00 00 00 00 00 00 00 00 00 00 00 00 00 00 00 ...
T1DDC 051:803.016   CPU_WriteMem(3040 bytes @ 0x220E69E0)
T1DDC 051:819.992 - 17.055ms returns 0xBE0
T1DDC 051:820.604 JLINK_WriteMem(0x220E75C0, 0xBE0 Bytes, ...)
T1DDC 051:820.640   Data:  00 00 00 00 00 00 00 00 00 00 00 00 00 00 00 00 ...
T1DDC 051:820.680   CPU_WriteMem(3040 bytes @ 0x220E75C0)
T1DDC 051:837.672 - 17.064ms returns 0xBE0
T1DDC 051:838.860 JLINK_WriteMem(0x220E81A0, 0xBE0 Bytes, ...)
T1DDC 051:838.936   Data:  00 00 00 00 00 00 00 00 00 00 00 00 00 00 00 00 ...
T1DDC 051:839.368   CPU_WriteMem(3040 bytes @ 0x220E81A0)
T1DDC 051:856.456 - 17.592ms returns 0xBE0
T1DDC 051:857.204 JLINK_WriteMem(0x220E8D80, 0xBE0 Bytes, ...)
T1DDC 051:857.260   Data:  00 00 00 00 00 00 00 00 00 00 00 00 00 00 00 00 ...
T1DDC 051:857.304   CPU_WriteMem(3040 bytes @ 0x220E8D80)
T1DDC 051:874.428 - 17.222ms returns 0xBE0
T1DDC 051:875.484 JLINK_WriteMem(0x220E9960, 0xBE0 Bytes, ...)
T1DDC 051:875.568   Data:  00 00 00 00 00 00 00 00 00 00 00 00 00 00 00 00 ...
T1DDC 051:875.636   CPU_WriteMem(3040 bytes @ 0x220E9960)
T1DDC 051:892.696 - 17.214ms returns 0xBE0
T1DDC 051:893.712 JLINK_WriteMem(0x220EA540, 0xBE0 Bytes, ...)
T1DDC 051:893.784   Data:  00 00 00 00 00 00 00 00 00 00 00 00 00 00 00 00 ...
T1DDC 051:893.836   CPU_WriteMem(3040 bytes @ 0x220EA540)
T1DDC 051:911.156 - 17.441ms returns 0xBE0
T1DDC 051:912.616 JLINK_WriteMem(0x220EB120, 0xBE0 Bytes, ...)
T1DDC 051:912.700   Data:  00 00 00 00 00 00 00 00 00 00 00 00 00 00 00 00 ...
T1DDC 051:912.764   CPU_WriteMem(3040 bytes @ 0x220EB120)
T1DDC 051:930.264 - 17.639ms returns 0xBE0
T1DDC 051:931.748 JLINK_WriteMem(0x220EBD00, 0xBE0 Bytes, ...)
T1DDC 051:931.816   Data:  00 00 00 00 00 00 00 00 00 00 00 00 00 00 00 00 ...
T1DDC 051:931.892   CPU_WriteMem(3040 bytes @ 0x220EBD00)
T1DDC 051:949.080 - 17.333ms returns 0xBE0
T1DDC 051:950.164 JLINK_WriteMem(0x220EC8E0, 0xBE0 Bytes, ...)
T1DDC 051:950.208   Data:  00 00 00 00 00 00 00 00 00 00 00 00 00 00 00 00 ...
T1DDC 051:950.252   CPU_WriteMem(3040 bytes @ 0x220EC8E0)
T1DDC 051:967.484 - 17.317ms returns 0xBE0
T1DDC 051:968.804 JLINK_WriteMem(0x220ED4C0, 0xBE0 Bytes, ...)
T1DDC 051:968.852   Data:  00 00 00 00 00 00 00 00 00 00 00 00 00 00 00 00 ...
T1DDC 051:968.896   CPU_WriteMem(3040 bytes @ 0x220ED4C0)
T1DDC 051:986.016 - 17.211ms returns 0xBE0
T1DDC 051:987.280 JLINK_WriteMem(0x220EE0A0, 0xBE0 Bytes, ...)
T1DDC 051:987.324   Data:  00 00 00 00 00 00 00 00 00 00 00 00 00 00 00 00 ...
T1DDC 051:987.368   CPU_WriteMem(3040 bytes @ 0x220EE0A0)
T1DDC 052:004.476 - 17.197ms returns 0xBE0
T1DDC 052:005.208 JLINK_WriteMem(0x220EEC80, 0xBE0 Bytes, ...)
T1DDC 052:005.256   Data:  00 00 00 00 00 00 00 00 00 00 00 00 00 00 00 00 ...
T1DDC 052:005.300   CPU_WriteMem(3040 bytes @ 0x220EEC80)
T1DDC 052:022.364 - 17.157ms returns 0xBE0
T1DDC 052:023.368 JLINK_WriteMem(0x220EF860, 0xBE0 Bytes, ...)
T1DDC 052:023.404   Data:  00 00 00 00 00 00 00 00 00 00 00 00 00 00 00 00 ...
T1DDC 052:023.448   CPU_WriteMem(3040 bytes @ 0x220EF860)
T1DDC 052:040.536 - 17.168ms returns 0xBE0
T1DDC 052:041.656 JLINK_WriteMem(0x220F0440, 0xBE0 Bytes, ...)
T1DDC 052:041.896   Data:  00 00 00 00 00 00 00 00 00 00 00 00 00 00 00 00 ...
T1DDC 052:042.056   CPU_WriteMem(3040 bytes @ 0x220F0440)
T1DDC 052:059.768 - 18.114ms returns 0xBE0
T1DDC 052:061.936 JLINK_WriteMem(0x220F1020, 0xBE0 Bytes, ...)
T1DDC 052:062.168   Data:  00 00 00 00 00 00 00 00 00 00 00 00 00 00 00 00 ...
T1DDC 052:062.276   CPU_WriteMem(3040 bytes @ 0x220F1020)
T1DDC 052:079.544 - 17.609ms returns 0xBE0
T1DDC 052:081.240 JLINK_WriteMem(0x220F1C00, 0xBE0 Bytes, ...)
T1DDC 052:081.320   Data:  00 00 00 00 00 00 00 00 00 00 00 00 00 00 00 00 ...
T1DDC 052:081.384   CPU_WriteMem(3040 bytes @ 0x220F1C00)
T1DDC 052:098.540 - 17.303ms returns 0xBE0
T1DDC 052:099.428 JLINK_WriteMem(0x220F27E0, 0xBE0 Bytes, ...)
T1DDC 052:099.472   Data:  00 00 00 00 00 00 00 00 00 00 00 00 00 00 00 00 ...
T1DDC 052:099.512   CPU_WriteMem(3040 bytes @ 0x220F27E0)
T1DDC 052:116.712 - 17.282ms returns 0xBE0
T1DDC 052:117.436 JLINK_WriteMem(0x220F33C0, 0xBE0 Bytes, ...)
T1DDC 052:117.484   Data:  00 00 00 00 00 00 00 00 00 00 00 00 00 00 00 00 ...
T1DDC 052:117.540   CPU_WriteMem(3040 bytes @ 0x220F33C0)
T1DDC 052:134.456 - 17.017ms returns 0xBE0
T1DDC 052:135.376 JLINK_WriteMem(0x220F3FA0, 0xBE0 Bytes, ...)
T1DDC 052:135.416   Data:  00 00 00 00 00 00 00 00 00 00 00 00 00 00 00 00 ...
T1DDC 052:135.460   CPU_WriteMem(3040 bytes @ 0x220F3FA0)
T1DDC 052:152.436 - 17.059ms returns 0xBE0
T1DDC 052:153.184 JLINK_WriteMem(0x220F4B80, 0xBE0 Bytes, ...)
T1DDC 052:153.232   Data:  00 00 00 00 00 00 00 00 00 00 00 00 00 00 00 00 ...
T1DDC 052:153.280   CPU_WriteMem(3040 bytes @ 0x220F4B80)
T1DDC 052:170.248 - 17.061ms returns 0xBE0
T1DDC 052:171.160 JLINK_WriteMem(0x220F5760, 0xBE0 Bytes, ...)
T1DDC 052:171.204   Data:  00 00 00 00 00 00 00 00 00 00 00 00 00 00 00 00 ...
T1DDC 052:171.240   CPU_WriteMem(3040 bytes @ 0x220F5760)
T1DDC 052:188.264 - 17.102ms returns 0xBE0
T1DDC 052:188.984 JLINK_WriteMem(0x220F6340, 0xBE0 Bytes, ...)
T1DDC 052:189.028   Data:  00 00 00 00 00 00 00 00 00 00 00 00 00 00 00 00 ...
T1DDC 052:189.064   CPU_WriteMem(3040 bytes @ 0x220F6340)
T1DDC 052:206.028 - 17.042ms returns 0xBE0
T1DDC 052:206.856 JLINK_WriteMem(0x220F6F20, 0xBE0 Bytes, ...)
T1DDC 052:206.892   Data:  00 00 00 00 00 00 00 00 00 00 00 00 00 00 00 00 ...
T1DDC 052:206.932   CPU_WriteMem(3040 bytes @ 0x220F6F20)
T1DDC 052:224.012 - 17.155ms returns 0xBE0
T1DDC 052:224.984 JLINK_WriteMem(0x220F7B00, 0xBE0 Bytes, ...)
T1DDC 052:225.052   Data:  00 00 00 00 00 00 00 00 00 00 00 00 00 00 00 00 ...
T1DDC 052:225.112   CPU_WriteMem(3040 bytes @ 0x220F7B00)
T1DDC 052:242.152 - 17.168ms returns 0xBE0
T1DDC 052:243.488 JLINK_WriteMem(0x220F86E0, 0xBE0 Bytes, ...)
T1DDC 052:243.656   Data:  00 00 00 00 00 00 00 00 00 00 00 00 00 00 00 00 ...
T1DDC 052:243.800   CPU_WriteMem(3040 bytes @ 0x220F86E0)
T1DDC 052:261.164 - 17.676ms returns 0xBE0
T1DDC 052:263.048 JLINK_WriteMem(0x220F92C0, 0xBE0 Bytes, ...)
T1DDC 052:263.224   Data:  00 00 00 00 00 00 00 00 00 00 00 00 00 00 00 00 ...
T1DDC 052:263.336   CPU_WriteMem(3040 bytes @ 0x220F92C0)
T1DDC 052:280.652 - 17.612ms returns 0xBE0
T1DDC 052:281.532 JLINK_WriteMem(0x220F9EA0, 0xBE0 Bytes, ...)
T1DDC 052:281.580   Data:  00 00 00 00 00 00 00 00 00 00 00 00 00 00 00 00 ...
T1DDC 052:281.760   CPU_WriteMem(3040 bytes @ 0x220F9EA0)
T1DDC 052:298.808 - 17.275ms returns 0xBE0
T1DDC 052:299.416 JLINK_WriteMem(0x220FAA80, 0xBE0 Bytes, ...)
T1DDC 052:299.456   Data:  00 00 00 00 00 00 00 00 00 00 00 00 00 00 00 00 ...
T1DDC 052:299.504   CPU_WriteMem(3040 bytes @ 0x220FAA80)
T1DDC 052:316.628 - 17.213ms returns 0xBE0
T1DDC 052:317.404 JLINK_WriteMem(0x220FB660, 0xBE0 Bytes, ...)
T1DDC 052:317.432   Data:  00 00 00 00 00 00 00 00 00 00 00 00 00 00 00 00 ...
T1DDC 052:317.476   CPU_WriteMem(3040 bytes @ 0x220FB660)
T1DDC 052:334.576 - 17.169ms returns 0xBE0
T1DDC 052:335.224 JLINK_WriteMem(0x220FC240, 0xBE0 Bytes, ...)
T1DDC 052:335.260   Data:  00 00 00 00 00 00 00 00 00 00 00 00 00 00 00 00 ...
T1DDC 052:335.300   CPU_WriteMem(3040 bytes @ 0x220FC240)
T1DDC 052:352.396 - 17.171ms returns 0xBE0
T1DDC 052:353.216 JLINK_WriteMem(0x220FCE20, 0xBE0 Bytes, ...)
T1DDC 052:353.268   Data:  00 00 00 00 00 00 00 00 00 00 00 00 00 00 00 00 ...
T1DDC 052:353.320   CPU_WriteMem(3040 bytes @ 0x220FCE20)
T1DDC 052:370.436 - 17.218ms returns 0xBE0
T1DDC 052:371.072 JLINK_WriteMem(0x220FDA00, 0xBE0 Bytes, ...)
T1DDC 052:371.116   Data:  00 00 00 00 00 00 00 00 00 00 00 00 00 00 00 00 ...
T1DDC 052:371.156   CPU_WriteMem(3040 bytes @ 0x220FDA00)
T1DDC 052:388.232 - 17.160ms returns 0xBE0
T1DDC 052:389.232 JLINK_WriteMem(0x220FE5E0, 0xBE0 Bytes, ...)
T1DDC 052:389.268   Data:  00 00 00 00 00 00 00 00 00 00 00 00 00 00 00 00 ...
T1DDC 052:389.304   CPU_WriteMem(3040 bytes @ 0x220FE5E0)
T1DDC 052:406.388 - 17.151ms returns 0xBE0
T1DDC 052:407.300 JLINK_WriteMem(0x220FF1C0, 0xBE0 Bytes, ...)
T1DDC 052:407.476   Data:  00 00 00 00 00 00 00 00 00 00 00 00 00 00 00 00 ...
T1DDC 052:407.568   CPU_WriteMem(3040 bytes @ 0x220FF1C0)
T1DDC 052:424.580 - 17.279ms returns 0xBE0
T1DDC 052:426.528 JLINK_WriteMem(0x220FFDA0, 0xBE0 Bytes, ...)
T1DDC 052:426.660   Data:  00 00 00 00 00 00 00 00 00 00 00 00 00 00 00 00 ...
T1DDC 052:426.748   CPU_WriteMem(3040 bytes @ 0x220FFDA0)
T1DDC 052:444.044 - 17.511ms returns 0xBE0
T1DDC 052:445.092 JLINK_WriteMem(0x22100980, 0xBE0 Bytes, ...)
T1DDC 052:445.144   Data:  00 00 00 00 00 00 00 00 00 00 00 00 00 00 00 00 ...
T1DDC 052:445.192   CPU_WriteMem(3040 bytes @ 0x22100980)
T1DDC 052:462.384 - 17.288ms returns 0xBE0
T1DDC 052:463.860 JLINK_WriteMem(0x22101560, 0xBE0 Bytes, ...)
T1DDC 052:463.956   Data:  00 00 00 00 00 00 00 00 00 00 00 00 00 00 00 00 ...
T1DDC 052:464.016   CPU_WriteMem(3040 bytes @ 0x22101560)
T1DDC 052:481.252 - 17.392ms returns 0xBE0
T1DDC 052:482.344 JLINK_WriteMem(0x22102140, 0xBE0 Bytes, ...)
T1DDC 052:482.396   Data:  00 00 00 00 00 00 00 00 00 00 00 00 00 00 00 00 ...
T1DDC 052:482.456   CPU_WriteMem(3040 bytes @ 0x22102140)
T1DDC 052:499.660 - 17.316ms returns 0xBE0
T1DDC 052:501.224 JLINK_WriteMem(0x22102D20, 0xBE0 Bytes, ...)
T1DDC 052:501.308   Data:  00 00 00 00 00 00 00 00 00 00 00 00 00 00 00 00 ...
T1DDC 052:501.416   CPU_WriteMem(3040 bytes @ 0x22102D20)
T1DDC 052:518.428 - 17.204ms returns 0xBE0
T1DDC 052:519.060 JLINK_WriteMem(0x22103900, 0xBE0 Bytes, ...)
T1DDC 052:519.092   Data:  00 00 00 00 00 00 00 00 00 00 00 00 00 00 00 00 ...
T1DDC 052:519.140   CPU_WriteMem(3040 bytes @ 0x22103900)
T1DDC 052:536.104 - 17.045ms returns 0xBE0
T1DDC 052:537.012 JLINK_WriteMem(0x221044E0, 0xBE0 Bytes, ...)
T1DDC 052:537.048   Data:  00 00 00 00 00 00 00 00 00 00 00 00 00 00 00 00 ...
T1DDC 052:537.088   CPU_WriteMem(3040 bytes @ 0x221044E0)
T1DDC 052:554.088 - 17.078ms returns 0xBE0
T1DDC 052:554.736 JLINK_WriteMem(0x221050C0, 0xBE0 Bytes, ...)
T1DDC 052:554.780   Data:  00 00 00 00 00 00 00 00 00 00 00 00 00 00 00 00 ...
T1DDC 052:554.832   CPU_WriteMem(3040 bytes @ 0x221050C0)
T1DDC 052:572.148 - 17.404ms returns 0xBE0
T1DDC 052:574.704 JLINK_WriteMem(0x22105CA0, 0xBE0 Bytes, ...)
T1DDC 052:574.808   Data:  00 00 00 00 00 00 00 00 00 00 00 00 00 00 00 00 ...
T1DDC 052:575.496   CPU_WriteMem(3040 bytes @ 0x22105CA0)
T1DDC 052:592.672 - 17.967ms returns 0xBE0
T1DDC 052:594.036 JLINK_WriteMem(0x22106880, 0xBE0 Bytes, ...)
T1DDC 052:594.152   Data:  00 00 00 00 00 00 00 00 00 00 00 00 00 00 00 00 ...
T1DDC 052:594.236   CPU_WriteMem(3040 bytes @ 0x22106880)
T1DDC 052:611.264 - 17.229ms returns 0xBE0
T1DDC 052:613.860 JLINK_WriteMem(0x22107460, 0x820 Bytes, ...)
T1DDC 052:613.988   Data:  00 00 00 00 00 00 00 00 00 00 00 00 00 00 00 00 ...
T1DDC 052:614.104   CPU_WriteMem(2080 bytes @ 0x22107460)
T1DDC 052:626.340 - 12.478ms returns 0x820
T1DDC 052:627.820 JLINK_WriteMem(0x90000000, 0xBE0 Bytes, ...)
T1DDC 052:627.944   Data:  00 00 00 00 00 00 00 00 00 00 00 00 00 00 00 00 ...
T1DDC 052:628.936   completely In flash
T1DDC 052:629.176 - 1.351ms returns 0xBE0
T1DDC 052:631.864 JLINK_WriteMem(0x90000BE0, 0xBE0 Bytes, ...)
T1DDC 052:632.044   Data:  00 00 00 00 00 00 00 00 00 00 00 00 00 00 00 00 ...
T1DDC 052:632.168   completely In flash
T1DDC 052:632.216 - 0.358ms returns 0xBE0
T1DDC 052:633.044 JLINK_WriteMem(0x900017C0, 0xBE0 Bytes, ...)
T1DDC 052:633.100   Data:  00 00 00 00 00 00 00 00 00 00 00 00 00 00 00 00 ...
T1DDC 052:633.140   completely In flash
T1DDC 052:633.164 - 0.122ms returns 0xBE0
T1DDC 052:633.944 JLINK_WriteMem(0x900023A0, 0xBE0 Bytes, ...)
T1DDC 052:633.988   Data:  00 00 00 00 00 00 00 00 00 00 00 00 00 00 00 00 ...
T1DDC 052:634.024   completely In flash
T1DDC 052:634.048 - 0.104ms returns 0xBE0
T1DDC 052:634.512 JLINK_WriteMem(0x90002F80, 0xBE0 Bytes, ...)
T1DDC 052:634.540   Data:  00 00 00 00 00 00 00 00 00 00 00 00 00 00 00 00 ...
T1DDC 052:634.568   completely In flash
T1DDC 052:634.596 - 0.083ms returns 0xBE0
T1DDC 052:635.048 JLINK_WriteMem(0x90003B60, 0xBE0 Bytes, ...)
T1DDC 052:635.116   Data:  00 00 00 00 00 00 00 00 00 00 00 00 00 00 00 00 ...
T1DDC 052:635.148   completely In flash
T1DDC 052:635.172 - 0.128ms returns 0xBE0
T1DDC 052:635.636 JLINK_WriteMem(0x90004740, 0xBE0 Bytes, ...)
T1DDC 052:635.664   Data:  00 00 00 00 00 00 00 00 00 00 00 00 00 00 00 00 ...
T1DDC 052:635.712   completely In flash
T1DDC 052:635.736 - 0.103ms returns 0xBE0
T1DDC 052:636.244 JLINK_WriteMem(0x90005320, 0xBE0 Bytes, ...)
T1DDC 052:636.272   Data:  00 00 00 00 00 00 00 00 00 00 00 00 00 00 00 00 ...
T1DDC 052:636.296   completely In flash
T1DDC 052:636.324 - 0.081ms returns 0xBE0
T1DDC 052:636.812 JLINK_WriteMem(0x90005F00, 0xBE0 Bytes, ...)
T1DDC 052:636.884   Data:  00 00 00 00 00 00 00 00 00 00 00 00 00 00 00 00 ...
T1DDC 052:636.936   completely In flash
T1DDC 052:636.980 - 0.166ms returns 0xBE0
T1DDC 052:637.576 JLINK_WriteMem(0x90006AE0, 0xBE0 Bytes, ...)
T1DDC 052:637.640   Data:  00 00 00 00 00 00 00 00 00 00 00 00 00 00 00 00 ...
T1DDC 052:637.700   completely In flash
T1DDC 052:637.724 - 0.151ms returns 0xBE0
T1DDC 052:638.216 JLINK_WriteMem(0x900076C0, 0xBE0 Bytes, ...)
T1DDC 052:638.260   Data:  00 00 00 00 00 00 00 00 00 00 00 00 00 00 00 00 ...
T1DDC 052:638.284   completely In flash
T1DDC 052:638.312 - 0.095ms returns 0xBE0
T1DDC 052:638.692 JLINK_WriteMem(0x900082A0, 0xBE0 Bytes, ...)
T1DDC 052:638.712   Data:  00 00 00 00 00 00 00 00 00 00 00 00 00 00 00 00 ...
T1DDC 052:638.740   completely In flash
T1DDC 052:638.760 - 0.071ms returns 0xBE0
T1DDC 052:639.164 JLINK_WriteMem(0x90008E80, 0xBE0 Bytes, ...)
T1DDC 052:639.188   Data:  00 00 00 00 00 00 00 00 00 00 00 00 00 00 00 00 ...
T1DDC 052:639.212   completely In flash
T1DDC 052:639.240 - 0.073ms returns 0xBE0
T1DDC 052:641.188 JLINK_WriteMem(0x90009A60, 0xBE0 Bytes, ...)
T1DDC 052:641.272   Data:  00 00 00 00 00 00 00 00 00 00 00 00 00 00 00 00 ...
T1DDC 052:641.328   completely In flash
T1DDC 052:641.372 - 0.185ms returns 0xBE0
T1DDC 052:642.320 JLINK_WriteMem(0x9000A640, 0xBE0 Bytes, ...)
T1DDC 052:642.404   Data:  00 00 00 00 00 00 00 00 00 00 00 00 00 00 00 00 ...
T1DDC 052:642.452   completely In flash
T1DDC 052:642.492 - 0.173ms returns 0xBE0
T1DDC 052:643.336 JLINK_WriteMem(0x9000B220, 0xBE0 Bytes, ...)
T1DDC 052:643.400   Data:  00 00 00 00 00 00 00 00 00 00 00 00 00 00 00 00 ...
T1DDC 052:643.448   completely In flash
T1DDC 052:643.496 - 0.161ms returns 0xBE0
T1DDC 052:644.276 JLINK_WriteMem(0x9000BE00, 0xBE0 Bytes, ...)
T1DDC 052:644.360   Data:  00 00 00 00 00 00 00 00 00 00 00 00 00 00 00 00 ...
T1DDC 052:644.408   completely In flash
T1DDC 052:644.444 - 0.168ms returns 0xBE0
T1DDC 052:645.112 JLINK_WriteMem(0x9000C9E0, 0xBE0 Bytes, ...)
T1DDC 052:645.160   Data:  00 00 00 00 00 00 00 00 00 00 00 00 00 00 00 00 ...
T1DDC 052:645.204   completely In flash
T1DDC 052:645.240 - 0.128ms returns 0xBE0
T1DDC 052:646.044 JLINK_WriteMem(0x9000D5C0, 0xBE0 Bytes, ...)
T1DDC 052:646.108   Data:  00 00 00 00 00 00 00 00 00 00 00 00 00 00 00 00 ...
T1DDC 052:646.164   completely In flash
T1DDC 052:646.204 - 0.161ms returns 0xBE0
T1DDC 052:647.368 JLINK_WriteMem(0x9000E1A0, 0xBE0 Bytes, ...)
T1DDC 052:647.660   Data:  00 00 00 00 00 00 00 00 00 00 00 00 00 00 00 00 ...
T1DDC 052:647.768   completely In flash
T1DDC 052:647.832 - 0.469ms returns 0xBE0
T1DDC 052:649.880 JLINK_WriteMem(0x9000ED80, 0xBE0 Bytes, ...)
T1DDC 052:650.108   Data:  00 00 00 00 00 00 00 00 00 00 00 00 00 00 00 00 ...
T1DDC 052:650.212   completely In flash
T1DDC 052:650.268 - 0.397ms returns 0xBE0
T1DDC 052:652.216 JLINK_WriteMem(0x9000F960, 0xBE0 Bytes, ...)
T1DDC 052:652.312   Data:  00 00 00 00 00 00 00 00 00 00 00 00 00 00 00 00 ...
T1DDC 052:652.368   completely In flash
T1DDC 052:652.400 - 0.184ms returns 0xBE0
T1DDC 052:653.072 JLINK_WriteMem(0x90010540, 0xBE0 Bytes, ...)
T1DDC 052:653.112   Data:  00 00 00 00 00 00 00 00 00 00 00 00 00 00 00 00 ...
T1DDC 052:653.148   completely In flash
T1DDC 052:653.176 - 0.103ms returns 0xBE0
T1DDC 052:653.784 JLINK_WriteMem(0x90011120, 0xBE0 Bytes, ...)
T1DDC 052:653.816   Data:  00 00 00 00 00 00 00 00 00 00 00 00 00 00 00 00 ...
T1DDC 052:653.848   completely In flash
T1DDC 052:653.880 - 0.093ms returns 0xBE0
T1DDC 052:654.332 JLINK_WriteMem(0x90011D00, 0xBE0 Bytes, ...)
T1DDC 052:654.372   Data:  00 00 00 00 00 00 00 00 00 00 00 00 00 00 00 00 ...
T1DDC 052:654.400   completely In flash
T1DDC 052:654.428 - 0.093ms returns 0xBE0
T1DDC 052:654.904 JLINK_WriteMem(0x900128E0, 0xBE0 Bytes, ...)
T1DDC 052:654.948   Data:  00 00 00 00 00 00 00 00 00 00 00 00 00 00 00 00 ...
T1DDC 052:654.980   completely In flash
T1DDC 052:655.004 - 0.102ms returns 0xBE0
T1DDC 052:655.416 JLINK_WriteMem(0x900134C0, 0xBE0 Bytes, ...)
T1DDC 052:655.452   Data:  00 00 00 00 00 00 00 00 00 00 00 00 00 00 00 00 ...
T1DDC 052:655.480   completely In flash
T1DDC 052:655.508 - 0.092ms returns 0xBE0
T1DDC 052:655.900 JLINK_WriteMem(0x900140A0, 0xBE0 Bytes, ...)
T1DDC 052:655.928   Data:  00 00 00 00 00 00 00 00 00 00 00 00 00 00 00 00 ...
T1DDC 052:655.968   completely In flash
T1DDC 052:655.992 - 0.093ms returns 0xBE0
T1DDC 052:656.352 JLINK_WriteMem(0x90014C80, 0xBE0 Bytes, ...)
T1DDC 052:656.376   Data:  00 00 00 00 00 00 00 00 00 00 00 00 00 00 00 00 ...
T1DDC 052:656.408   completely In flash
T1DDC 052:656.432 - 0.080ms returns 0xBE0
T1DDC 052:656.920 JLINK_WriteMem(0x90015860, 0xBE0 Bytes, ...)
T1DDC 052:656.956   Data:  00 00 00 00 00 00 00 00 00 00 00 00 00 00 00 00 ...
T1DDC 052:656.984   completely In flash
T1DDC 052:657.016 - 0.091ms returns 0xBE0
T1DDC 052:657.620 JLINK_WriteMem(0x90016440, 0xBE0 Bytes, ...)
T1DDC 052:657.688   Data:  00 00 00 00 00 00 00 00 00 00 00 00 00 00 00 00 ...
T1DDC 052:657.736   completely In flash
T1DDC 052:657.780 - 0.162ms returns 0xBE0
T1DDC 052:658.560 JLINK_WriteMem(0x90017020, 0xBE0 Bytes, ...)
T1DDC 052:658.636   Data:  00 00 00 00 00 00 00 00 00 00 00 00 00 00 00 00 ...
T1DDC 052:658.688   completely In flash
T1DDC 052:658.724 - 0.164ms returns 0xBE0
T1DDC 052:659.356 JLINK_WriteMem(0x90017C00, 0xBE0 Bytes, ...)
T1DDC 052:659.416   Data:  00 00 00 00 00 00 00 00 00 00 00 00 00 00 00 00 ...
T1DDC 052:659.472   completely In flash
T1DDC 052:659.516 - 0.161ms returns 0xBE0
T1DDC 052:660.324 JLINK_WriteMem(0x900187E0, 0xBE0 Bytes, ...)
T1DDC 052:660.440   Data:  00 00 00 00 00 00 00 00 00 00 00 00 00 00 00 00 ...
T1DDC 052:660.520   completely In flash
T1DDC 052:660.584 - 0.260ms returns 0xBE0
T1DDC 052:663.116 JLINK_WriteMem(0x900193C0, 0xBE0 Bytes, ...)
T1DDC 052:663.268   Data:  00 00 00 00 00 00 00 00 00 00 00 00 00 00 00 00 ...
T1DDC 052:663.356   completely In flash
T1DDC 052:663.424 - 0.312ms returns 0xBE0
T1DDC 052:665.288 JLINK_WriteMem(0x90019FA0, 0xBE0 Bytes, ...)
T1DDC 052:665.448   Data:  00 00 00 00 00 00 00 00 00 00 00 00 00 00 00 00 ...
T1DDC 052:665.516   completely In flash
T1DDC 052:665.544 - 0.262ms returns 0xBE0
T1DDC 052:667.436 JLINK_WriteMem(0x9001AB80, 0xBE0 Bytes, ...)
T1DDC 052:667.512   Data:  00 00 00 00 00 00 00 00 00 00 00 00 00 00 00 00 ...
T1DDC 052:667.556   completely In flash
T1DDC 052:667.588 - 0.152ms returns 0xBE0
T1DDC 052:668.304 JLINK_WriteMem(0x9001B760, 0xBE0 Bytes, ...)
T1DDC 052:668.348   Data:  00 00 00 00 00 00 00 00 00 00 00 00 00 00 00 00 ...
T1DDC 052:668.376   completely In flash
T1DDC 052:668.408 - 0.100ms returns 0xBE0
T1DDC 052:668.860 JLINK_WriteMem(0x9001C340, 0xBE0 Bytes, ...)
T1DDC 052:668.900   Data:  00 00 00 00 00 00 00 00 00 00 00 00 00 00 00 00 ...
T1DDC 052:668.928   completely In flash
T1DDC 052:668.952 - 0.093ms returns 0xBE0
T1DDC 052:669.420 JLINK_WriteMem(0x9001CF20, 0xBE0 Bytes, ...)
T1DDC 052:669.468   Data:  00 00 00 00 00 00 00 00 00 00 00 00 00 00 00 00 ...
T1DDC 052:669.504   completely In flash
T1DDC 052:669.532 - 0.111ms returns 0xBE0
T1DDC 052:669.968 JLINK_WriteMem(0x9001DB00, 0xBE0 Bytes, ...)
T1DDC 052:670.000   Data:  00 00 00 00 00 00 00 00 00 00 00 00 00 00 00 00 ...
T1DDC 052:670.028   completely In flash
T1DDC 052:670.056 - 0.088ms returns 0xBE0
T1DDC 052:670.476 JLINK_WriteMem(0x9001E6E0, 0xBE0 Bytes, ...)
T1DDC 052:670.516   Data:  00 00 00 00 00 00 00 00 00 00 00 00 00 00 00 00 ...
T1DDC 052:670.544   completely In flash
T1DDC 052:670.568 - 0.094ms returns 0xBE0
T1DDC 052:670.976 JLINK_WriteMem(0x9001F2C0, 0xBE0 Bytes, ...)
T1DDC 052:671.016   Data:  00 00 00 00 00 00 00 00 00 00 00 00 00 00 00 00 ...
T1DDC 052:671.044   completely In flash
T1DDC 052:671.068 - 0.094ms returns 0xBE0
T1DDC 052:671.432 JLINK_WriteMem(0x9001FEA0, 0xBE0 Bytes, ...)
T1DDC 052:671.464   Data:  00 00 00 00 00 00 00 00 00 00 00 00 00 00 00 00 ...
T1DDC 052:671.492   completely In flash
T1DDC 052:671.528 - 0.095ms returns 0xBE0
T1DDC 052:672.044 JLINK_WriteMem(0x90020A80, 0xBE0 Bytes, ...)
T1DDC 052:672.088   Data:  00 00 00 00 00 00 00 00 00 00 00 00 00 00 00 00 ...
T1DDC 052:672.120   completely In flash
T1DDC 052:672.144 - 0.099ms returns 0xBE0
T1DDC 052:672.608 JLINK_WriteMem(0x90021660, 0xBE0 Bytes, ...)
T1DDC 052:672.644   Data:  00 00 00 00 00 00 00 00 00 00 00 00 00 00 00 00 ...
T1DDC 052:672.672   completely In flash
T1DDC 052:672.696 - 0.090ms returns 0xBE0
T1DDC 052:673.080 JLINK_WriteMem(0x90022240, 0xBE0 Bytes, ...)
T1DDC 052:673.112   Data:  00 00 00 00 00 00 00 00 00 00 00 00 00 00 00 00 ...
T1DDC 052:673.140   completely In flash
T1DDC 052:673.164 - 0.085ms returns 0xBE0
T1DDC 052:673.492 JLINK_WriteMem(0x90022E20, 0xBE0 Bytes, ...)
T1DDC 052:673.512   Data:  00 00 00 00 00 00 00 00 00 00 00 00 00 00 00 00 ...
T1DDC 052:673.540   completely In flash
T1DDC 052:673.564 - 0.073ms returns 0xBE0
T1DDC 052:673.912 JLINK_WriteMem(0x90023A00, 0xBE0 Bytes, ...)
T1DDC 052:673.944   Data:  00 00 00 00 00 00 00 00 00 00 00 00 00 00 00 00 ...
T1DDC 052:673.976   completely In flash
T1DDC 052:674.008 - 0.091ms returns 0xBE0
T1DDC 052:674.504 JLINK_WriteMem(0x900245E0, 0xBE0 Bytes, ...)
T1DDC 052:674.536   Data:  00 00 00 00 00 00 00 00 00 00 00 00 00 00 00 00 ...
T1DDC 052:674.568   completely In flash
T1DDC 052:674.596 - 0.091ms returns 0xBE0
T1DDC 052:675.040 JLINK_WriteMem(0x900251C0, 0xBE0 Bytes, ...)
T1DDC 052:675.072   Data:  00 00 00 00 00 00 00 00 00 00 00 00 00 00 00 00 ...
T1DDC 052:675.100   completely In flash
T1DDC 052:675.128 - 0.091ms returns 0xBE0
T1DDC 052:675.544 JLINK_WriteMem(0x90025DA0, 0xBE0 Bytes, ...)
T1DDC 052:675.572   Data:  00 00 00 00 00 00 00 00 00 00 00 00 00 00 00 00 ...
T1DDC 052:675.600   completely In flash
T1DDC 052:675.624 - 0.084ms returns 0xBE0
T1DDC 052:676.008 JLINK_WriteMem(0x90026980, 0xBE0 Bytes, ...)
T1DDC 052:676.032   Data:  00 00 00 00 00 00 00 00 00 00 00 00 00 00 00 00 ...
T1DDC 052:676.060   completely In flash
T1DDC 052:676.084 - 0.078ms returns 0xBE0
T1DDC 052:676.584 JLINK_WriteMem(0x90027560, 0xBE0 Bytes, ...)
T1DDC 052:676.648   Data:  00 00 00 00 00 00 00 00 00 00 00 00 00 00 00 00 ...
T1DDC 052:676.924   completely In flash
T1DDC 052:676.972 - 0.391ms returns 0xBE0
T1DDC 052:677.792 JLINK_WriteMem(0x90028140, 0xBE0 Bytes, ...)
T1DDC 052:677.848   Data:  00 00 00 00 00 00 00 00 00 00 00 00 00 00 00 00 ...
T1DDC 052:677.880   completely In flash
T1DDC 052:677.908 - 0.116ms returns 0xBE0
T1DDC 052:678.504 JLINK_WriteMem(0x90028D20, 0xBE0 Bytes, ...)
T1DDC 052:678.552   Data:  00 00 00 00 00 00 00 00 00 00 00 00 00 00 00 00 ...
T1DDC 052:678.588   completely In flash
T1DDC 052:678.616 - 0.114ms returns 0xBE0
T1DDC 052:679.344 JLINK_WriteMem(0x90029900, 0xBE0 Bytes, ...)
T1DDC 052:679.376   Data:  00 00 00 00 00 00 00 00 00 00 00 00 00 00 00 00 ...
T1DDC 052:679.412   completely In flash
T1DDC 052:679.436 - 0.093ms returns 0xBE0
T1DDC 052:680.204 JLINK_WriteMem(0x9002A4E0, 0xBE0 Bytes, ...)
T1DDC 052:680.284   Data:  00 00 00 00 00 00 00 00 00 00 00 00 00 00 00 00 ...
T1DDC 052:680.376   completely In flash
T1DDC 052:680.408 - 0.203ms returns 0xBE0
T1DDC 052:681.144 JLINK_WriteMem(0x9002B0C0, 0xBE0 Bytes, ...)
T1DDC 052:681.196   Data:  00 00 00 00 00 00 00 00 00 00 00 00 00 00 00 00 ...
T1DDC 052:681.224   completely In flash
T1DDC 052:681.252 - 0.111ms returns 0xBE0
T1DDC 052:681.752 JLINK_WriteMem(0x9002BCA0, 0xBE0 Bytes, ...)
T1DDC 052:681.820   Data:  00 00 00 00 00 00 00 00 00 00 00 00 00 00 00 00 ...
T1DDC 052:681.864   completely In flash
T1DDC 052:681.892 - 0.139ms returns 0xBE0
T1DDC 052:682.360 JLINK_WriteMem(0x9002C880, 0xBE0 Bytes, ...)
T1DDC 052:682.396   Data:  00 00 00 00 00 00 00 00 00 00 00 00 00 00 00 00 ...
T1DDC 052:682.436   completely In flash
T1DDC 052:682.464 - 0.105ms returns 0xBE0
T1DDC 052:682.896 JLINK_WriteMem(0x9002D460, 0xBE0 Bytes, ...)
T1DDC 052:682.924   Data:  00 00 00 00 00 00 00 00 00 00 00 00 00 00 00 00 ...
T1DDC 052:682.956   completely In flash
T1DDC 052:682.984 - 0.087ms returns 0xBE0
T1DDC 052:683.440 JLINK_WriteMem(0x9002E040, 0xBE0 Bytes, ...)
T1DDC 052:683.488   Data:  00 00 00 00 00 00 00 00 00 00 00 00 00 00 00 00 ...
T1DDC 052:683.516   completely In flash
T1DDC 052:683.544 - 0.105ms returns 0xBE0
T1DDC 052:683.876 JLINK_WriteMem(0x9002EC20, 0xBE0 Bytes, ...)
T1DDC 052:683.896   Data:  00 00 00 00 00 00 00 00 00 00 00 00 00 00 00 00 ...
T1DDC 052:683.928   completely In flash
T1DDC 052:683.952 - 0.078ms returns 0xBE0
T1DDC 052:684.328 JLINK_WriteMem(0x9002F800, 0xBE0 Bytes, ...)
T1DDC 052:684.360   Data:  00 00 00 00 00 00 00 00 00 00 00 00 00 00 00 00 ...
T1DDC 052:684.392   completely In flash
T1DDC 052:684.424 - 0.092ms returns 0xBE0
T1DDC 052:684.828 JLINK_WriteMem(0x900303E0, 0xBE0 Bytes, ...)
T1DDC 052:684.860   Data:  00 00 00 00 00 00 00 00 00 00 00 00 00 00 00 00 ...
T1DDC 052:684.888   completely In flash
T1DDC 052:684.916 - 0.083ms returns 0xBE0
T1DDC 052:685.300 JLINK_WriteMem(0x90030FC0, 0xBE0 Bytes, ...)
T1DDC 052:685.320   Data:  00 00 00 00 00 00 00 00 00 00 00 00 00 00 00 00 ...
T1DDC 052:685.356   completely In flash
T1DDC 052:685.384 - 0.081ms returns 0xBE0
T1DDC 052:685.736 JLINK_WriteMem(0x90031BA0, 0xBE0 Bytes, ...)
T1DDC 052:685.768   Data:  00 00 00 00 00 00 00 00 00 00 00 00 00 00 00 00 ...
T1DDC 052:685.800   completely In flash
T1DDC 052:685.824 - 0.089ms returns 0xBE0
T1DDC 052:686.168 JLINK_WriteMem(0x90032780, 0xBE0 Bytes, ...)
T1DDC 052:686.196   Data:  00 00 00 00 00 00 00 00 00 00 00 00 00 00 00 00 ...
T1DDC 052:686.220   completely In flash
T1DDC 052:686.244 - 0.073ms returns 0xBE0
T1DDC 052:686.628 JLINK_WriteMem(0x90033360, 0xBE0 Bytes, ...)
T1DDC 052:686.664   Data:  00 00 00 00 00 00 00 00 00 00 00 00 00 00 00 00 ...
T1DDC 052:686.700   completely In flash
T1DDC 052:686.728 - 0.100ms returns 0xBE0
T1DDC 052:687.116 JLINK_WriteMem(0x90033F40, 0xBE0 Bytes, ...)
T1DDC 052:687.144   Data:  00 00 00 00 00 00 00 00 00 00 00 00 00 00 00 00 ...
T1DDC 052:687.176   completely In flash
T1DDC 052:687.204 - 0.086ms returns 0xBE0
T1DDC 052:687.592 JLINK_WriteMem(0x90034B20, 0xBE0 Bytes, ...)
T1DDC 052:687.628   Data:  00 00 00 00 00 00 00 00 00 00 00 00 00 00 00 00 ...
T1DDC 052:687.660   completely In flash
T1DDC 052:687.688 - 0.096ms returns 0xBE0
T1DDC 052:688.140 JLINK_WriteMem(0x90035700, 0xBD0 Bytes, ...)
T1DDC 052:688.180   Data:  00 00 00 00 00 00 00 00 00 00 00 00 00 00 00 00 ...
T1DDC 052:688.216   completely In flash
T1DDC 052:688.240 - 0.099ms returns 0xBD0
T1DDC 052:688.668 JLINK_WriteMem(0x900362D0, 0xBA0 Bytes, ...)
T1DDC 052:688.704   Data:  23 FE 1F 22 2A FE FF FF FF FF FF FF FF 1F 6D 3F ...
T1DDC 052:688.732   completely In flash
T1DDC 052:688.760 - 0.087ms returns 0xBA0
T1DDC 052:689.140 JLINK_WriteMem(0x90036E70, 0xBC0 Bytes, ...)
T1DDC 052:689.172   Data:  58 24 A5 22 00 00 00 D8 5F 2F 5D 25 F0 EF FF FF ...
T1DDC 052:689.204   completely In flash
T1DDC 052:689.228 - 0.091ms returns 0xBC0
T1DDC 052:689.660 JLINK_WriteMem(0x90037A30, 0xBD0 Bytes, ...)
T1DDC 052:689.688   Data:  75 27 26 E8 00 00 00 80 07 9B 45 26 88 04 00 00 ...
T1DDC 052:689.720   completely In flash
T1DDC 052:689.748 - 0.087ms returns 0xBD0
T1DDC 052:690.108 JLINK_WriteMem(0x90038600, 0xB70 Bytes, ...)
T1DDC 052:690.152   Data:  FE 15 DE B7 A7 0F 81 4D B6 AD 84 93 47 48 5C AA ...
T1DDC 052:690.184   completely In flash
T1DDC 052:690.216 - 0.103ms returns 0xB70
T1DDC 052:690.668 JLINK_WriteMem(0x90039170, 0xBB0 Bytes, ...)
T1DDC 052:690.720   Data:  B0 31 31 01 00 EC 48 0F 83 8A 80 7E 1D 00 38 02 ...
T1DDC 052:690.760   completely In flash
T1DDC 052:690.792 - 0.125ms returns 0xBB0
T1DDC 052:691.460 JLINK_WriteMem(0x90039D20, 0xBA0 Bytes, ...)
T1DDC 052:691.584   Data:  53 4C 65 24 8C 26 00 00 00 00 2F A2 45 25 85 01 ...
T1DDC 052:691.640   completely In flash
T1DDC 052:691.680 - 0.223ms returns 0xBA0
T1DDC 052:693.532 JLINK_WriteMem(0x9003A8C0, 0xBC0 Bytes, ...)
T1DDC 052:693.640   Data:  56 2A 52 5F 00 00 00 38 22 EF 5E 2A D3 8D 00 00 ...
T1DDC 052:693.732   completely In flash
T1DDC 052:693.764 - 0.228ms returns 0xBC0
T1DDC 052:694.900 JLINK_WriteMem(0x9003B480, 0xB70 Bytes, ...)
T1DDC 052:694.952   Data:  93 00 C0 1E AE 4F 77 4F 7F 39 22 F3 33 88 0E 55 ...
T1DDC 052:694.992   completely In flash
T1DDC 052:695.024 - 0.128ms returns 0xB70
T1DDC 052:695.544 JLINK_WriteMem(0x9003BFF0, 0xBC0 Bytes, ...)
T1DDC 052:695.580   Data:  5E 53 25 BF D3 77 8D 40 3F 3D 01 DC 4D 75 5A 1D ...
T1DDC 052:695.616   completely In flash
T1DDC 052:695.640 - 0.096ms returns 0xBC0
T1DDC 052:696.312 JLINK_WriteMem(0x9003CBB0, 0xBC0 Bytes, ...)
T1DDC 052:696.344   Data:  FF FF FF 00 F9 6C 4F 26 AF FF FF FF FF 80 05 D7 ...
T1DDC 052:696.380   completely In flash
T1DDC 052:696.408 - 0.097ms returns 0xBC0
T1DDC 052:696.932 JLINK_WriteMem(0x9003D770, 0xBC0 Bytes, ...)
T1DDC 052:696.960   Data:  C9 70 F3 E4 48 36 2A 00 70 A7 DD D1 B5 F6 99 58 ...
T1DDC 052:696.996   completely In flash
T1DDC 052:697.020 - 0.089ms returns 0xBC0
T1DDC 052:697.464 JLINK_WriteMem(0x9003E330, 0xBC0 Bytes, ...)
T1DDC 052:697.496   Data:  73 56 12 65 03 80 3B FF AD 9A E3 92 13 E7 46 29 ...
T1DDC 052:697.520   completely In flash
T1DDC 052:697.544 - 0.083ms returns 0xBC0
T1DDC 052:697.972 JLINK_WriteMem(0x9003EEF0, 0xBC0 Bytes, ...)
T1DDC 052:698.012   Data:  27 4D FF 2A 00 14 EE 13 11 BA 34 82 1F 00 90 8F ...
T1DDC 052:698.048   completely In flash
T1DDC 052:698.072 - 0.103ms returns 0xBC0
T1DDC 052:698.560 JLINK_WriteMem(0x9003FAB0, 0xBA0 Bytes, ...)
T1DDC 052:698.592   Data:  00 00 00 FE 0F 88 6D 25 B1 FF FF FF FF 25 4A 13 ...
T1DDC 052:698.632   completely In flash
T1DDC 052:698.660 - 0.100ms returns 0xBA0
T1DDC 052:699.072 JLINK_WriteMem(0x90040650, 0xBB0 Bytes, ...)
T1DDC 052:699.096   Data:  1F 35 B1 19 C5 0E 00 3C CD 58 7A 15 19 34 05 41 ...
T1DDC 052:699.128   completely In flash
T1DDC 052:699.156 - 0.083ms returns 0xBB0
T1DDC 052:699.736 JLINK_WriteMem(0x90041200, 0xBC0 Bytes, ...)
T1DDC 052:699.768   Data:  51 A8 98 70 10 6D DD A3 DF 01 C0 99 C1 95 38 61 ...
T1DDC 052:699.800   completely In flash
T1DDC 052:699.832 - 0.097ms returns 0xBC0
T1DDC 052:700.460 JLINK_WriteMem(0x90041DC0, 0xBC0 Bytes, ...)
T1DDC 052:700.508   Data:  9F 0C E6 F6 18 00 5C D9 0A A1 7B 78 EB BD 89 42 ...
T1DDC 052:700.544   completely In flash
T1DDC 052:700.572 - 0.113ms returns 0xBC0
T1DDC 052:701.176 JLINK_WriteMem(0x90042980, 0xBC0 Bytes, ...)
T1DDC 052:701.208   Data:  BC 9F 07 0E C4 3C AA ED 2D 0F 00 77 6D 8D 95 BA ...
T1DDC 052:701.264   completely In flash
T1DDC 052:701.292 - 0.119ms returns 0xBC0
T1DDC 052:702.160 JLINK_WriteMem(0x90043540, 0xBB0 Bytes, ...)
T1DDC 052:702.228   Data:  01 FE FF FF FF 00 06 03 6B 26 4E FB FF FF FF 80 ...
T1DDC 052:702.292   completely In flash
T1DDC 052:702.336 - 0.176ms returns 0xBB0
T1DDC 052:703.076 JLINK_WriteMem(0x900440F0, 0xBC0 Bytes, ...)
T1DDC 052:703.140   Data:  DC F8 04 00 FD BD 03 8F 31 32 A5 00 C0 8D 74 B1 ...
T1DDC 052:703.200   completely In flash
T1DDC 052:703.256 - 0.185ms returns 0xBC0
T1DDC 052:703.944 JLINK_WriteMem(0x90044CB0, 0xBB0 Bytes, ...)
T1DDC 052:703.992   Data:  FC 50 14 00 DE 5A AF 18 60 B6 BC 01 E0 5F 8B 22 ...
T1DDC 052:704.028   completely In flash
T1DDC 052:704.056 - 0.108ms returns 0xBB0
T1DDC 052:704.492 JLINK_WriteMem(0x90045860, 0xBC0 Bytes, ...)
T1DDC 052:704.520   Data:  C5 80 57 CB 34 3B A9 80 4D 02 00 BF 8E C5 CA E9 ...
T1DDC 052:704.552   completely In flash
T1DDC 052:704.584 - 0.088ms returns 0xBC0
T1DDC 052:705.000 JLINK_WriteMem(0x90046420, 0xBC0 Bytes, ...)
T1DDC 052:705.036   Data:  05 C7 6E EF 47 6D CF 6A 00 A0 AA B3 EB F0 86 2D ...
T1DDC 052:705.068   completely In flash
T1DDC 052:705.100 - 0.099ms returns 0xBC0
T1DDC 052:705.540 JLINK_WriteMem(0x90046FE0, 0xBC0 Bytes, ...)
T1DDC 052:705.564   Data:  9B EA 93 06 02 68 72 83 36 E2 6A B1 B1 03 00 C7 ...
T1DDC 052:705.604   completely In flash
T1DDC 052:705.628 - 0.090ms returns 0xBC0
T1DDC 052:706.052 JLINK_WriteMem(0x90047BA0, 0xBA0 Bytes, ...)
T1DDC 052:706.088   Data:  FF FF FF 4A F2 DC 56 25 F2 06 00 00 00 F8 F3 9D ...
T1DDC 052:706.128   completely In flash
T1DDC 052:706.160 - 0.108ms returns 0xBA0
T1DDC 052:706.740 JLINK_WriteMem(0x90048740, 0xBC0 Bytes, ...)
T1DDC 052:706.776   Data:  99 6A 07 80 4F 3B 02 D0 9B 18 B5 D4 9E 6F E6 C9 ...
T1DDC 052:706.808   completely In flash
T1DDC 052:706.840 - 0.100ms returns 0xBC0
T1DDC 052:707.316 JLINK_WriteMem(0x90049300, 0xBC0 Bytes, ...)
T1DDC 052:707.376   Data:  50 74 1A 00 F2 D1 2B 2F 60 44 11 E5 BE 03 00 82 ...
T1DDC 052:707.428   completely In flash
T1DDC 052:707.476 - 0.161ms returns 0xBC0
T1DDC 052:708.188 JLINK_WriteMem(0x90049EC0, 0xBC0 Bytes, ...)
T1DDC 052:708.256   Data:  2D 22 1C 00 44 7E 18 93 36 D4 1C 52 01 00 46 42 ...
T1DDC 052:708.316   completely In flash
T1DDC 052:708.360 - 0.172ms returns 0xBC0
T1DDC 052:709.112 JLINK_WriteMem(0x9004AA80, 0xBD0 Bytes, ...)
T1DDC 052:709.176   Data:  F9 00 00 27 00 35 A9 B4 FB 0D 80 BB EB 20 FF 94 ...
T1DDC 052:709.224   completely In flash
T1DDC 052:709.268 - 0.158ms returns 0xBD0
T1DDC 052:710.172 JLINK_WriteMem(0x9004B650, 0xBD0 Bytes, ...)
T1DDC 052:710.236   Data:  FF FF FF 00 8A C7 7A 26 E2 DC FF FF FF 80 C5 63 ...
T1DDC 052:710.292   completely In flash
T1DDC 052:710.324 - 0.152ms returns 0xBD0
T1DDC 052:711.220 JLINK_WriteMem(0x9004C220, 0xBC0 Bytes, ...)
T1DDC 052:711.256   Data:  45 F3 FF 3F 36 2A 32 2C 2C EC 81 FF 9F 66 25 09 ...
T1DDC 052:711.288   completely In flash
T1DDC 052:711.312 - 0.092ms returns 0xBC0
T1DDC 052:712.000 JLINK_WriteMem(0x9004CDE0, 0xBC0 Bytes, ...)
T1DDC 052:712.036   Data:  DA 2F 1C 47 08 95 7F 02 80 D8 E4 91 36 C4 88 F4 ...
T1DDC 052:712.076   completely In flash
T1DDC 052:712.104 - 0.103ms returns 0xBC0
T1DDC 052:712.716 JLINK_WriteMem(0x9004D9A0, 0xBC0 Bytes, ...)
T1DDC 052:712.760   Data:  92 DB 14 1D C1 40 71 D9 B6 12 03 40 08 8E D9 ED ...
T1DDC 052:712.796   completely In flash
T1DDC 052:712.824 - 0.108ms returns 0xBC0
T1DDC 052:713.288 JLINK_WriteMem(0x9004E560, 0xBC0 Bytes, ...)
T1DDC 052:713.320   Data:  76 19 57 25 C0 8A 12 7F 00 C8 CA 0A 38 5F AF 49 ...
T1DDC 052:713.356   completely In flash
T1DDC 052:713.384 - 0.090ms returns 0xBC0
T1DDC 052:713.936 JLINK_WriteMem(0x9004F120, 0xBC0 Bytes, ...)
T1DDC 052:713.976   Data:  1A 2D 89 03 9D 56 EC 3E 05 00 5D C2 BA 2B EE 73 ...
T1DDC 052:714.008   completely In flash
T1DDC 052:714.036 - 0.099ms returns 0xBC0
T1DDC 052:714.480 JLINK_WriteMem(0x9004FCE0, 0xBC0 Bytes, ...)
T1DDC 052:714.512   Data:  96 06 16 7D D7 76 0C 72 77 B3 B7 49 C3 3A 60 E5 ...
T1DDC 052:714.548   completely In flash
T1DDC 052:714.572 - 0.093ms returns 0xBC0
T1DDC 052:714.936 JLINK_WriteMem(0x900508A0, 0xBC0 Bytes, ...)
T1DDC 052:714.964   Data:  77 14 87 1B 51 1D 9F 67 D5 00 00 21 34 BB 88 FB ...
T1DDC 052:714.992   completely In flash
T1DDC 052:715.016 - 0.082ms returns 0xBC0
T1DDC 052:715.624 JLINK_WriteMem(0x90051460, 0xBC0 Bytes, ...)
T1DDC 052:715.652   Data:  00 FF 93 C2 76 2A 32 11 00 00 00 9A 39 12 6D 26 ...
T1DDC 052:715.684   completely In flash
T1DDC 052:715.708 - 0.087ms returns 0xBC0
T1DDC 052:716.076 JLINK_WriteMem(0x90052020, 0xBC0 Bytes, ...)
T1DDC 052:716.104   Data:  00 00 00 B0 79 33 57 26 DF 19 00 00 00 49 04 B7 ...
T1DDC 052:716.132   completely In flash
T1DDC 052:716.156 - 0.082ms returns 0xBC0
T1DDC 052:716.516 JLINK_WriteMem(0x90052BE0, 0xBC0 Bytes, ...)
T1DDC 052:716.540   Data:  1E 00 3C 11 94 84 FA 4E D3 E3 EF 19 06 5E 14 00 ...
T1DDC 052:716.572   completely In flash
T1DDC 052:716.600 - 0.084ms returns 0xBC0
T1DDC 052:717.008 JLINK_WriteMem(0x900537A0, 0xBC0 Bytes, ...)
T1DDC 052:717.036   Data:  F5 0C A2 04 D8 1A 00 76 A6 E8 A6 EE 98 E3 3F C9 ...
T1DDC 052:717.068   completely In flash
T1DDC 052:717.096 - 0.088ms returns 0xBC0
T1DDC 052:717.496 JLINK_WriteMem(0x90054360, 0xBC0 Bytes, ...)
T1DDC 052:717.520   Data:  77 34 69 15 A7 FF 0B E9 9B F6 F8 33 00 28 6A EB ...
T1DDC 052:717.548   completely In flash
T1DDC 052:717.576 - 0.079ms returns 0xBC0
T1DDC 052:717.944 JLINK_WriteMem(0x90054F20, 0xBC0 Bytes, ...)
T1DDC 052:717.972   Data:  C4 99 EF 64 A2 27 3D B0 23 10 90 A6 5E 22 B6 33 ...
T1DDC 052:718.004   completely In flash
T1DDC 052:718.040 - 0.094ms returns 0xBC0
T1DDC 052:718.440 JLINK_WriteMem(0x90055AE0, 0xBC0 Bytes, ...)
T1DDC 052:718.480   Data:  CF AB EE 54 AF C5 5F C7 68 11 C0 67 32 3B E3 5E ...
T1DDC 052:718.536   completely In flash
T1DDC 052:718.568 - 0.132ms returns 0xBC0
T1DDC 052:719.892 JLINK_WriteMem(0x900566A0, 0xBC0 Bytes, ...)
T1DDC 052:719.960   Data:  4A F6 91 5B 47 4E 4C 01 C0 5E D5 96 E4 56 F0 5F ...
T1DDC 052:720.004   completely In flash
T1DDC 052:720.036 - 0.146ms returns 0xBC0
T1DDC 052:721.000 JLINK_WriteMem(0x90057260, 0xBC0 Bytes, ...)
T1DDC 052:721.072   Data:  40 30 E9 1B 20 FE 29 1C 11 01 B0 65 DC 00 90 66 ...
T1DDC 052:721.124   completely In flash
T1DDC 052:721.168 - 0.168ms returns 0xBC0
T1DDC 052:721.976 JLINK_WriteMem(0x90057E20, 0xBC0 Bytes, ...)
T1DDC 052:722.028   Data:  00 10 4A 3C 29 61 DC 6C FF 96 7B 5F 00 E8 1D 08 ...
T1DDC 052:722.072   completely In flash
T1DDC 052:722.104 - 0.129ms returns 0xBC0
T1DDC 052:722.800 JLINK_WriteMem(0x900589E0, 0xBC0 Bytes, ...)
T1DDC 052:722.844   Data:  C3 05 95 07 4B BB B9 36 80 CE 86 08 F8 AA 01 80 ...
T1DDC 052:722.884   completely In flash
T1DDC 052:722.912 - 0.111ms returns 0xBC0
T1DDC 052:723.672 JLINK_WriteMem(0x900595A0, 0xBC0 Bytes, ...)
T1DDC 052:723.748   Data:  8B B3 E1 0F 65 FE F7 19 D4 4B ED 53 5F 03 C0 5C ...
T1DDC 052:723.804   completely In flash
T1DDC 052:723.896 - 0.224ms returns 0xBC0
T1DDC 052:724.688 JLINK_WriteMem(0x9005A160, 0xBC0 Bytes, ...)
T1DDC 052:724.744   Data:  E9 41 D3 53 9F 3E 03 80 A9 67 6C 50 33 A6 7D CC ...
T1DDC 052:724.792   completely In flash
T1DDC 052:724.828 - 0.144ms returns 0xBC0
T1DDC 052:725.616 JLINK_WriteMem(0x9005AD20, 0xBB0 Bytes, ...)
T1DDC 052:725.700   Data:  F9 DE 0F 00 F6 B6 C4 61 BE 11 AF CD D1 F6 0D 00 ...
T1DDC 052:725.764   completely In flash
T1DDC 052:725.812 - 0.196ms returns 0xBB0
T1DDC 052:726.708 JLINK_WriteMem(0x9005B8D0, 0xBC0 Bytes, ...)
T1DDC 052:726.796   Data:  73 CF 11 C2 DC 71 D4 31 42 AA 65 A8 D0 5B 00 46 ...
T1DDC 052:726.876   completely In flash
T1DDC 052:726.920 - 0.219ms returns 0xBC0
T1DDC 052:727.932 JLINK_WriteMem(0x9005C490, 0xBC0 Bytes, ...)
T1DDC 052:728.040   Data:  6C 27 66 7D 07 DC 7B 00 60 4F 83 5C CB EC BE C9 ...
T1DDC 052:728.100   completely In flash
T1DDC 052:728.148 - 0.218ms returns 0xBC0
T1DDC 052:730.036 JLINK_WriteMem(0x9005D050, 0xB90 Bytes, ...)
T1DDC 052:730.328   Data:  C7 F4 FF FF FF 00 F7 2B 55 24 EB FD FF FF FF 00 ...
T1DDC 052:730.444   completely In flash
T1DDC 052:730.520 - 0.489ms returns 0xB90
T1DDC 052:732.280 JLINK_WriteMem(0x9005DBE0, 0xBA0 Bytes, ...)
T1DDC 052:732.468   Data:  6B FE FF FF FF 00 ED 20 56 25 92 DD FF FF FF 80 ...
T1DDC 052:732.560   completely In flash
T1DDC 052:732.608 - 0.336ms returns 0xBA0
T1DDC 052:733.516 JLINK_WriteMem(0x9005E780, 0xBC0 Bytes, ...)
T1DDC 052:733.588   Data:  07 00 00 90 52 B0 56 B1 91 8A A0 01 00 BB 03 9C ...
T1DDC 052:733.644   completely In flash
T1DDC 052:733.692 - 0.177ms returns 0xBC0
T1DDC 052:734.412 JLINK_WriteMem(0x9005F340, 0xBA0 Bytes, ...)
T1DDC 052:734.460   Data:  00 00 00 F5 7F 0D 61 2A 6B 12 00 00 00 E3 85 5F ...
T1DDC 052:734.504   completely In flash
T1DDC 052:734.528 - 0.117ms returns 0xBA0
T1DDC 052:735.200 JLINK_WriteMem(0x9005FEE0, 0xBB0 Bytes, ...)
T1DDC 052:735.272   Data:  16 04 09 77 1E 14 F2 89 77 33 82 45 55 89 82 7C ...
T1DDC 052:735.316   completely In flash
T1DDC 052:735.340 - 0.142ms returns 0xBB0
T1DDC 052:735.968 JLINK_WriteMem(0x90060A90, 0xBB0 Bytes, ...)
T1DDC 052:736.008   Data:  18 09 07 A1 72 BF 61 0B 63 92 6D E8 CC B7 07 6B ...
T1DDC 052:736.044   completely In flash
T1DDC 052:736.076 - 0.109ms returns 0xBB0
T1DDC 052:736.604 JLINK_WriteMem(0x90061640, 0xBB0 Bytes, ...)
T1DDC 052:736.648   Data:  52 39 D1 62 C5 94 EE 0A B6 61 90 D7 E4 E3 1C 3F ...
T1DDC 052:736.696   completely In flash
T1DDC 052:736.728 - 0.119ms returns 0xBB0
T1DDC 052:737.288 JLINK_WriteMem(0x900621F0, 0xBC0 Bytes, ...)
T1DDC 052:737.320   Data:  81 41 C2 36 0E B4 02 A7 C2 AE BA E1 D0 0D 6B 13 ...
T1DDC 052:737.348   completely In flash
T1DDC 052:737.384 - 0.094ms returns 0xBC0
T1DDC 052:737.840 JLINK_WriteMem(0x90062DB0, 0xBB0 Bytes, ...)
T1DDC 052:737.876   Data:  5C 2D 09 EC D7 20 C5 4B 98 E1 EE 20 A8 85 84 23 ...
T1DDC 052:737.912   completely In flash
T1DDC 052:737.936 - 0.098ms returns 0xBB0
T1DDC 052:738.520 JLINK_WriteMem(0x90063960, 0xBB0 Bytes, ...)
T1DDC 052:738.564   Data:  BF 2C B5 B2 4E 60 86 A0 42 2B BC AF 20 D7 CB C5 ...
T1DDC 052:738.600   completely In flash
T1DDC 052:738.624 - 0.102ms returns 0xBB0
T1DDC 052:739.136 JLINK_WriteMem(0x90064510, 0xBB0 Bytes, ...)
T1DDC 052:739.176   Data:  17 E7 D8 D4 B9 45 FA A5 23 01 DA DC 7F 60 B1 8D ...
T1DDC 052:739.212   completely In flash
T1DDC 052:739.240 - 0.104ms returns 0xBB0
T1DDC 052:739.736 JLINK_WriteMem(0x900650C0, 0xBB0 Bytes, ...)
T1DDC 052:739.776   Data:  B3 28 1B 08 19 90 2A 48 0E AD D8 54 F0 6B 58 37 ...
T1DDC 052:739.808   completely In flash
T1DDC 052:739.832 - 0.097ms returns 0xBB0
T1DDC 052:740.308 JLINK_WriteMem(0x90065C70, 0xBB0 Bytes, ...)
T1DDC 052:740.344   Data:  8C 52 3B EF 13 3E F2 74 15 6F FD 4E 19 1D 97 8B ...
T1DDC 052:740.384   completely In flash
T1DDC 052:740.416 - 0.109ms returns 0xBB0
T1DDC 052:741.144 JLINK_WriteMem(0x90066820, 0xBB0 Bytes, ...)
T1DDC 052:741.224   Data:  A1 6C AB FD BE D5 16 32 C3 91 2A CC E6 8A B2 B3 ...
T1DDC 052:741.288   completely In flash
T1DDC 052:741.336 - 0.192ms returns 0xBB0
T1DDC 052:742.240 JLINK_WriteMem(0x900673D0, 0xBC0 Bytes, ...)
T1DDC 052:742.304   Data:  B8 29 92 27 AC DB 05 CE 7B B0 60 EC D9 98 26 C9 ...
T1DDC 052:742.360   completely In flash
T1DDC 052:742.404 - 0.164ms returns 0xBC0
T1DDC 052:743.220 JLINK_WriteMem(0x90067F90, 0xBC0 Bytes, ...)
T1DDC 052:743.312   Data:  00 C6 AA 95 7D 27 69 F8 FF FF FF 2A 96 2E 54 26 ...
T1DDC 052:743.400   completely In flash
T1DDC 052:743.468 - 0.253ms returns 0xBC0
T1DDC 052:747.492 JLINK_WriteMem(0x90068B50, 0xBC0 Bytes, ...)
T1DDC 052:747.608   Data:  00 00 00 FF 66 5A 49 26 5D 03 00 00 00 62 B2 76 ...
T1DDC 052:747.684   completely In flash
T1DDC 052:747.784 - 0.292ms returns 0xBC0
T1DDC 052:748.868 JLINK_WriteMem(0x90069710, 0xBC0 Bytes, ...)
T1DDC 052:748.952   Data:  01 C0 CE 87 D4 BB 9B 6E ED 15 CA 7A 70 B4 3C 01 ...
T1DDC 052:749.032   completely In flash
T1DDC 052:749.080 - 0.211ms returns 0xBC0
T1DDC 052:749.960 JLINK_WriteMem(0x9006A2D0, 0xBC0 Bytes, ...)
T1DDC 052:750.036   Data:  F3 47 C6 F4 D8 EF 1A 00 FE 9E 70 90 CA 20 3A DB ...
T1DDC 052:750.072   completely In flash
T1DDC 052:750.104 - 0.142ms returns 0xBC0
T1DDC 052:750.984 JLINK_WriteMem(0x9006AE90, 0xBB0 Bytes, ...)
T1DDC 052:751.052   Data:  5E 7A DF 25 02 FB 3B 00 38 B1 87 B8 DA A0 84 C3 ...
T1DDC 052:751.104   completely In flash
T1DDC 052:751.144 - 0.162ms returns 0xBB0
T1DDC 052:751.996 JLINK_WriteMem(0x9006BA40, 0xBC0 Bytes, ...)
T1DDC 052:752.064   Data:  60 2F AD 6E D4 48 E7 7B 5C E2 8F 68 73 0F 00 EF ...
T1DDC 052:752.128   completely In flash
T1DDC 052:752.192 - 0.176ms returns 0xBC0
T1DDC 052:752.928 JLINK_WriteMem(0x9006C600, 0xBB0 Bytes, ...)
T1DDC 052:752.968   Data:  8B 10 AB 77 D6 9F 1D FE 0C 00 67 19 BA 90 72 F8 ...
T1DDC 052:753.008   completely In flash
T1DDC 052:753.036 - 0.110ms returns 0xBB0
T1DDC 052:753.564 JLINK_WriteMem(0x9006D1B0, 0xBB0 Bytes, ...)
T1DDC 052:753.608   Data:  00 C0 FF EB 1E 42 6D 02 00 7E 5E 78 96 76 30 FC ...
T1DDC 052:753.640   completely In flash
T1DDC 052:753.664 - 0.101ms returns 0xBB0
T1DDC 052:754.216 JLINK_WriteMem(0x9006DD60, 0xBC0 Bytes, ...)
T1DDC 052:754.260   Data:  CF 6A B7 36 A9 CF BD 0E 00 9A 40 7F FF A8 F2 5E ...
T1DDC 052:754.292   completely In flash
T1DDC 052:754.316 - 0.099ms returns 0xBC0
T1DDC 052:754.860 JLINK_WriteMem(0x9006E920, 0xBC0 Bytes, ...)
T1DDC 052:754.896   Data:  EB D9 EB AB 99 F9 44 D6 96 6D BF 0F 00 F2 F4 CA ...
T1DDC 052:754.932   completely In flash
T1DDC 052:754.956 - 0.098ms returns 0xBC0
T1DDC 052:755.416 JLINK_WriteMem(0x9006F4E0, 0xBC0 Bytes, ...)
T1DDC 052:755.448   Data:  06 C5 03 80 DB B3 82 1F 71 05 FE 1A 00 A0 6F 02 ...
T1DDC 052:755.488   completely In flash
T1DDC 052:755.528 - 0.112ms returns 0xBC0
T1DDC 052:756.032 JLINK_WriteMem(0x900700A0, 0xBC0 Bytes, ...)
T1DDC 052:756.068   Data:  9B FC 7F 05 80 89 91 C8 D8 D0 E7 17 62 F3 37 6D ...
T1DDC 052:756.096   completely In flash
T1DDC 052:756.120 - 0.090ms returns 0xBC0
T1DDC 052:756.712 JLINK_WriteMem(0x90070C60, 0xBC0 Bytes, ...)
T1DDC 052:756.768   Data:  3B F8 63 54 42 53 16 00 2C A3 7B C8 FE 8A 01 00 ...
T1DDC 052:756.820   completely In flash
T1DDC 052:756.860 - 0.151ms returns 0xBC0
T1DDC 052:757.472 JLINK_WriteMem(0x90071820, 0xBB0 Bytes, ...)
T1DDC 052:757.536   Data:  E2 7B 29 4B F2 04 5D D9 7F 4D 74 6C EE B0 00 E0 ...
T1DDC 052:757.588   completely In flash
T1DDC 052:757.632 - 0.164ms returns 0xBB0
T1DDC 052:758.468 JLINK_WriteMem(0x900723D0, 0xBD0 Bytes, ...)
T1DDC 052:758.592   Data:  EE 05 80 D1 B6 3B 00 D8 08 B6 B7 2A 8D 90 35 FA ...
T1DDC 052:758.632   completely In flash
T1DDC 052:758.656 - 0.189ms returns 0xBD0
T1DDC 052:759.388 JLINK_WriteMem(0x90072FA0, 0xBB0 Bytes, ...)
T1DDC 052:759.448   Data:  3E 01 40 42 BB 12 8B D3 14 AB 77 03 80 58 25 90 ...
T1DDC 052:759.508   completely In flash
T1DDC 052:759.548 - 0.162ms returns 0xBB0
T1DDC 052:761.460 JLINK_WriteMem(0x90073B50, 0xBA0 Bytes, ...)
T1DDC 052:761.760   Data:  00 80 9F 20 4E 24 09 CA FF FF FF 00 38 9A 4D 25 ...
T1DDC 052:761.856   completely In flash
T1DDC 052:761.912 - 0.459ms returns 0xBA0
T1DDC 052:763.768 JLINK_WriteMem(0x900746F0, 0xBB0 Bytes, ...)
T1DDC 052:763.896   Data:  A8 11 03 12 00 A0 12 E7 95 82 17 35 72 C1 54 46 ...
T1DDC 052:763.964   completely In flash
T1DDC 052:764.012 - 0.243ms returns 0xBB0
T1DDC 052:765.080 JLINK_WriteMem(0x900752A0, 0xBC0 Bytes, ...)
T1DDC 052:765.144   Data:  D4 56 AB 42 A3 C4 A4 60 A1 37 27 20 92 F0 FF 0F ...
T1DDC 052:765.192   completely In flash
T1DDC 052:765.224 - 0.146ms returns 0xBC0
T1DDC 052:766.072 JLINK_WriteMem(0x90075E60, 0xBB0 Bytes, ...)
T1DDC 052:766.236   Data:  10 14 90 48 20 5E DF 77 D1 1E 10 8D E3 A1 04 86 ...
T1DDC 052:766.272   completely In flash
T1DDC 052:766.296 - 0.229ms returns 0xBB0
T1DDC 052:766.992 JLINK_WriteMem(0x90076A10, 0xBB0 Bytes, ...)
T1DDC 052:767.048   Data:  97 39 F7 3A 48 F7 26 9B 25 75 85 3D 44 24 E9 A7 ...
T1DDC 052:767.084   completely In flash
T1DDC 052:767.116 - 0.125ms returns 0xBB0
T1DDC 052:767.908 JLINK_WriteMem(0x900775C0, 0xBB0 Bytes, ...)
T1DDC 052:767.948   Data:  8C E2 19 41 21 F8 97 C6 74 66 84 12 74 8C D4 BA ...
T1DDC 052:767.980   completely In flash
T1DDC 052:768.008 - 0.103ms returns 0xBB0
T1DDC 052:768.808 JLINK_WriteMem(0x90078170, 0xBC0 Bytes, ...)
T1DDC 052:768.920   Data:  C3 AA B1 24 60 C9 FF 62 BC 8A 98 11 22 D0 74 91 ...
T1DDC 052:768.992   completely In flash
T1DDC 052:769.068 - 0.266ms returns 0xBC0
T1DDC 052:769.832 JLINK_WriteMem(0x90078D30, 0xBC0 Bytes, ...)
T1DDC 052:769.880   Data:  63 BA B4 11 51 AD 4A 92 09 6E D8 DA F4 51 D8 A5 ...
T1DDC 052:769.928   completely In flash
T1DDC 052:769.988 - 0.154ms returns 0xBC0
T1DDC 052:770.772 JLINK_WriteMem(0x900798F0, 0xBB0 Bytes, ...)
T1DDC 052:770.824   Data:  95 D7 F0 29 8E 66 11 0A 8B C7 0A D4 86 BA 41 39 ...
T1DDC 052:770.856   completely In flash
T1DDC 052:770.888 - 0.133ms returns 0xBB0
T1DDC 052:771.496 JLINK_WriteMem(0x9007A4A0, 0xBB0 Bytes, ...)
T1DDC 052:771.532   Data:  33 32 88 9C C9 87 10 74 00 B6 26 4A 6E 52 9E 23 ...
T1DDC 052:771.564   completely In flash
T1DDC 052:771.720 - 0.228ms returns 0xBB0
T1DDC 052:772.260 JLINK_WriteMem(0x9007B050, 0xBB0 Bytes, ...)
T1DDC 052:772.312   Data:  24 92 68 9E A9 3C 3F 25 8E 2A 8D E5 D0 74 39 96 ...
T1DDC 052:772.360   completely In flash
T1DDC 052:772.408 - 0.146ms returns 0xBB0
T1DDC 052:773.208 JLINK_WriteMem(0x9007BC00, 0xBB0 Bytes, ...)
T1DDC 052:773.244   Data:  99 36 8C 53 42 26 CF 08 7B B0 C9 93 7C 38 12 9C ...
T1DDC 052:773.280   completely In flash
T1DDC 052:773.308 - 0.104ms returns 0xBB0
T1DDC 052:774.876 JLINK_WriteMem(0x9007C7B0, 0xBC0 Bytes, ...)
T1DDC 052:774.980   Data:  6A 6D EF E5 0A DE 3A F4 24 EE A0 FC 3A 7F 3B 7C ...
T1DDC 052:775.036   completely In flash
T1DDC 052:775.192 - 0.320ms returns 0xBC0
T1DDC 052:776.148 JLINK_WriteMem(0x9007D370, 0xBB0 Bytes, ...)
T1DDC 052:776.248   Data:  8C 21 05 F6 1E 19 77 82 D6 5A C6 1E 43 24 B2 9A ...
T1DDC 052:776.868   completely In flash
T1DDC 052:776.928 - 0.784ms returns 0xBB0
T1DDC 052:777.968 JLINK_WriteMem(0x9007DF20, 0xBC0 Bytes, ...)
T1DDC 052:778.028   Data:  4F B4 FD 0B B8 37 ED B5 DF CA AE 72 04 4F 47 01 ...
T1DDC 052:778.092   completely In flash
T1DDC 052:778.128 - 0.160ms returns 0xBC0
T1DDC 052:778.732 JLINK_WriteMem(0x9007EAE0, 0xBC0 Bytes, ...)
T1DDC 052:778.792   Data:  0B 11 00 00 00 CB 14 CD 7A 26 10 13 00 00 00 32 ...
T1DDC 052:778.844   completely In flash
T1DDC 052:778.880 - 0.150ms returns 0xBC0
T1DDC 052:780.240 JLINK_WriteMem(0x9007F6A0, 0xBC0 Bytes, ...)
T1DDC 052:780.424   Data:  61 04 80 8C E7 5D 96 F2 49 A8 FD EE 54 7B 00 D8 ...
T1DDC 052:780.488   completely In flash
T1DDC 052:780.536 - 0.298ms returns 0xBC0
T1DDC 052:782.232 JLINK_WriteMem(0x90080260, 0xBC0 Bytes, ...)
T1DDC 052:782.312   Data:  29 3E 50 2F AE 16 00 BA 2B 2F 45 11 AE 03 23 95 ...
T1DDC 052:782.372   completely In flash
T1DDC 052:782.424 - 0.190ms returns 0xBC0
T1DDC 052:783.372 JLINK_WriteMem(0x90080E20, 0xBC0 Bytes, ...)
T1DDC 052:783.448   Data:  06 99 88 80 A0 E7 F8 B5 05 83 52 88 0E 00 3C 04 ...
T1DDC 052:783.508   completely In flash
T1DDC 052:783.548 - 0.178ms returns 0xBC0
T1DDC 052:784.320 JLINK_WriteMem(0x900819E0, 0xBC0 Bytes, ...)
T1DDC 052:784.384   Data:  8F FB D4 B0 B7 47 84 D3 7D F3 38 00 DB 30 73 3F ...
T1DDC 052:784.436   completely In flash
T1DDC 052:784.544 - 0.223ms returns 0xBC0
T1DDC 052:785.304 JLINK_WriteMem(0x900825A0, 0xBC0 Bytes, ...)
T1DDC 052:785.364   Data:  B2 00 10 CB D1 87 07 23 DC 33 00 E4 0E BD BA DF ...
T1DDC 052:785.416   completely In flash
T1DDC 052:785.460 - 0.156ms returns 0xBC0
T1DDC 052:786.176 JLINK_WriteMem(0x90083160, 0xBC0 Bytes, ...)
T1DDC 052:786.220   Data:  FF FF FF FF FF FF FF 3F 00 03 00 94 01 00 E8 03 ...
T1DDC 052:786.256   completely In flash
T1DDC 052:786.284 - 0.109ms returns 0xBC0
T1DDC 052:786.836 JLINK_WriteMem(0x90083D20, 0xBC0 Bytes, ...)
T1DDC 052:786.872   Data:  2B 6B 6B 98 A0 64 3D 07 80 F6 72 25 08 01 92 B4 ...
T1DDC 052:786.904   completely In flash
T1DDC 052:786.936 - 0.099ms returns 0xBC0
T1DDC 052:787.512 JLINK_WriteMem(0x900848E0, 0xBC0 Bytes, ...)
T1DDC 052:787.576   Data:  15 00 0C C4 07 92 11 B7 47 10 53 88 E4 B5 11 00 ...
T1DDC 052:787.612   completely In flash
T1DDC 052:787.640 - 0.126ms returns 0xBC0
T1DDC 052:788.200 JLINK_WriteMem(0x900854A0, 0xBC0 Bytes, ...)
T1DDC 052:788.232   Data:  95 C2 62 E0 3F 01 E0 F8 81 AA 78 A7 0D F7 AD FD ...
T1DDC 052:788.268   completely In flash
T1DDC 052:788.296 - 0.096ms returns 0xBC0
T1DDC 052:788.968 JLINK_WriteMem(0x90086060, 0xBD0 Bytes, ...)
T1DDC 052:789.012   Data:  E6 F3 FC 87 A6 0C BF DF 04 00 24 A9 C8 17 43 AC ...
T1DDC 052:789.044   completely In flash
T1DDC 052:789.068 - 0.100ms returns 0xBD0
T1DDC 052:789.656 JLINK_WriteMem(0x90086C30, 0xBC0 Bytes, ...)
T1DDC 052:789.736   Data:  D0 0C 66 A8 4C AA FE 7B 00 A0 EE B8 A6 4B 17 2E ...
T1DDC 052:789.772   completely In flash
T1DDC 052:789.800 - 0.149ms returns 0xBC0
T1DDC 052:790.356 JLINK_WriteMem(0x900877F0, 0xBC0 Bytes, ...)
T1DDC 052:790.396   Data:  2C 54 F9 12 00 CE 04 6A 0C 84 91 8C 3E 41 D4 B6 ...
T1DDC 052:790.432   completely In flash
T1DDC 052:790.460 - 0.105ms returns 0xBC0
T1DDC 052:791.152 JLINK_WriteMem(0x900883B0, 0xBC0 Bytes, ...)
T1DDC 052:791.224   Data:  FF FF 00 0C 00 50 00 00 80 01 7C 80 52 ED 00 F0 ...
T1DDC 052:791.280   completely In flash
T1DDC 052:791.328 - 0.174ms returns 0xBC0
T1DDC 052:792.184 JLINK_WriteMem(0x90088F70, 0xBD0 Bytes, ...)
T1DDC 052:792.256   Data:  CA ED F8 F4 D3 FF 85 42 BC 7F 01 88 75 A0 D9 FD ...
T1DDC 052:792.316   completely In flash
T1DDC 052:792.360 - 0.178ms returns 0xBD0
T1DDC 052:793.308 JLINK_WriteMem(0x90089B40, 0xBD0 Bytes, ...)
T1DDC 052:793.464   Data:  1D FC FF FF FF 00 97 C6 64 25 75 0B 00 00 00 80 ...
T1DDC 052:793.576   completely In flash
T1DDC 052:793.660 - 0.353ms returns 0xBD0
T1DDC 052:795.252 JLINK_WriteMem(0x9008A710, 0xBB0 Bytes, ...)
T1DDC 052:795.428   Data:  00 80 08 A3 6D 26 57 72 00 00 00 00 2D FB 7F 26 ...
T1DDC 052:795.540   completely In flash
T1DDC 052:795.596 - 0.348ms returns 0xBB0
T1DDC 052:796.864 JLINK_WriteMem(0x9008B2C0, 0xBC0 Bytes, ...)
T1DDC 052:796.932   Data:  6A 68 03 2E 1C 0E D6 1E 2A 10 40 25 0F 82 D8 24 ...
T1DDC 052:796.968   completely In flash
T1DDC 052:796.992 - 0.129ms returns 0xBC0
T1DDC 052:797.608 JLINK_WriteMem(0x9008BE80, 0xBB0 Bytes, ...)
T1DDC 052:797.648   Data:  FF 05 65 BA B8 80 1A E1 61 D0 39 84 E8 F4 80 3F ...
T1DDC 052:797.688   completely In flash
T1DDC 052:797.716 - 0.106ms returns 0xBB0
T1DDC 052:798.360 JLINK_WriteMem(0x9008CA30, 0xBB0 Bytes, ...)
T1DDC 052:798.404   Data:  A3 C1 1B EE 43 9B C7 04 21 D8 E0 43 CF 9D 4D 36 ...
T1DDC 052:798.440   completely In flash
T1DDC 052:798.480 - 0.121ms returns 0xBB0
T1DDC 052:799.272 JLINK_WriteMem(0x9008D5E0, 0xBB0 Bytes, ...)
T1DDC 052:799.328   Data:  FF FF FF 2B BF AA 75 2A 77 C3 FF FF FF 63 94 C8 ...
T1DDC 052:800.056   completely In flash
T1DDC 052:800.100 - 0.831ms returns 0xBB0
T1DDC 052:801.156 JLINK_WriteMem(0x9008E190, 0xBB0 Bytes, ...)
T1DDC 052:801.192   Data:  FA 75 AE 3D 6C 3D 24 13 CA 1B 03 6B B5 B2 59 4C ...
T1DDC 052:801.228   completely In flash
T1DDC 052:801.256 - 0.099ms returns 0xBB0
T1DDC 052:801.852 JLINK_WriteMem(0x9008ED40, 0xBB0 Bytes, ...)
T1DDC 052:801.948   Data:  D5 AD 13 3F 90 85 71 B7 83 41 2B 0E 53 96 A7 D3 ...
T1DDC 052:801.984   completely In flash
T1DDC 052:802.008 - 0.158ms returns 0xBB0
T1DDC 052:802.644 JLINK_WriteMem(0x9008F8F0, 0xBB0 Bytes, ...)
T1DDC 052:802.688   Data:  43 A2 60 19 8A 58 F5 4B A3 67 8E 8F F8 74 54 CC ...
T1DDC 052:802.724   completely In flash
T1DDC 052:802.752 - 0.107ms returns 0xBB0
T1DDC 052:803.240 JLINK_WriteMem(0x900904A0, 0xBB0 Bytes, ...)
T1DDC 052:803.276   Data:  30 70 4C F7 AF F2 EA D0 EC FF 2B 53 D7 BF 5D 5E ...
T1DDC 052:803.308   completely In flash
T1DDC 052:803.340 - 0.098ms returns 0xBB0
T1DDC 052:803.720 JLINK_WriteMem(0x90091050, 0xBB0 Bytes, ...)
T1DDC 052:803.752   Data:  BF 78 9A 8B 9C 18 69 E7 27 82 28 04 85 81 1D BC ...
T1DDC 052:803.780   completely In flash
T1DDC 052:803.808 - 0.084ms returns 0xBB0
T1DDC 052:804.336 JLINK_WriteMem(0x90091C00, 0xBA0 Bytes, ...)
T1DDC 052:804.432   Data:  D6 7D FC B4 17 D8 2F 25 3B B4 A7 E4 DF 9F 51 C1 ...
T1DDC 052:804.472   completely In flash
T1DDC 052:804.504 - 0.165ms returns 0xBA0
T1DDC 052:804.944 JLINK_WriteMem(0x900927A0, 0xBC0 Bytes, ...)
T1DDC 052:804.968   Data:  C6 98 91 0E DD 8B 7E 5A D2 F1 20 93 CE 17 49 FC ...
T1DDC 052:805.000   completely In flash
T1DDC 052:805.028 - 0.085ms returns 0xBC0
T1DDC 052:805.432 JLINK_WriteMem(0x90093360, 0xBB0 Bytes, ...)
T1DDC 052:805.476   Data:  57 EE 50 1F E6 B6 77 9C B7 8C F0 DB 40 2F DA 75 ...
T1DDC 052:805.508   completely In flash
T1DDC 052:805.532 - 0.099ms returns 0xBB0
T1DDC 052:806.044 JLINK_WriteMem(0x90093F10, 0xBC0 Bytes, ...)
T1DDC 052:806.088   Data:  5C B3 B0 E9 FB E5 1F 9C 30 99 13 1A EC 1A 3F 87 ...
T1DDC 052:806.116   completely In flash
T1DDC 052:806.144 - 0.099ms returns 0xBC0
T1DDC 052:806.584 JLINK_WriteMem(0x90094AD0, 0xBB0 Bytes, ...)
T1DDC 052:806.616   Data:  70 6B 4D AE 04 5A DC A2 26 39 09 9C 7C FD 2F E8 ...
T1DDC 052:806.644   completely In flash
T1DDC 052:806.668 - 0.088ms returns 0xBB0
T1DDC 052:807.064 JLINK_WriteMem(0x90095680, 0xBC0 Bytes, ...)
T1DDC 052:807.100   Data:  9E 0A 8E A9 FE 0E 29 FB CD 62 BC B9 21 24 92 B0 ...
T1DDC 052:807.128   completely In flash
T1DDC 052:807.160 - 0.091ms returns 0xBC0
T1DDC 052:807.928 JLINK_WriteMem(0x90096240, 0xBB0 Bytes, ...)
T1DDC 052:808.016   Data:  7F E5 1D 93 F8 BF 6E 1F 90 85 EB AB AD FD 96 CC ...
T1DDC 052:808.072   completely In flash
T1DDC 052:808.120 - 0.187ms returns 0xBB0
T1DDC 052:808.944 JLINK_WriteMem(0x90096DF0, 0xBB0 Bytes, ...)
T1DDC 052:809.012   Data:  9E BD 79 50 85 FA 44 4D 0B 05 93 58 61 8E A8 3C ...
T1DDC 052:809.072   completely In flash
T1DDC 052:809.108 - 0.166ms returns 0xBB0
T1DDC 052:809.848 JLINK_WriteMem(0x900979A0, 0xBC0 Bytes, ...)
T1DDC 052:809.944   Data:  20 6C 2B 88 97 5C 09 D9 99 07 6A EB 42 49 20 01 ...
T1DDC 052:810.000   completely In flash
T1DDC 052:810.048 - 0.202ms returns 0xBC0
T1DDC 052:810.904 JLINK_WriteMem(0x90098560, 0xBC0 Bytes, ...)
T1DDC 052:811.032   Data:  76 37 59 5A 74 7D 95 F8 63 12 B7 3F 23 4E 9F 84 ...
T1DDC 052:811.160   completely In flash
T1DDC 052:811.192 - 0.289ms returns 0xBC0
T1DDC 052:812.088 JLINK_WriteMem(0x90099120, 0xBD0 Bytes, ...)
T1DDC 052:812.288   Data:  92 74 87 05 49 DA 36 6F DA CE 90 E3 5C 86 20 2C ...
T1DDC 052:812.364   completely In flash
T1DDC 052:812.420 - 0.332ms returns 0xBD0
T1DDC 052:814.072 JLINK_WriteMem(0x90099CF0, 0xBD0 Bytes, ...)
T1DDC 052:814.232   Data:  FB 08 00 00 00 9E E4 E2 42 25 47 0B 00 00 00 6F ...
T1DDC 052:814.288   completely In flash
T1DDC 052:814.324 - 0.251ms returns 0xBD0
T1DDC 052:815.320 JLINK_WriteMem(0x9009A8C0, 0xBC0 Bytes, ...)
T1DDC 052:815.368   Data:  FF 21 BD FF 5D 26 D4 FF FF FF FF C1 AF 93 4F 25 ...
T1DDC 052:815.400   completely In flash
T1DDC 052:815.432 - 0.116ms returns 0xBC0
T1DDC 052:816.064 JLINK_WriteMem(0x9009B480, 0xBC0 Bytes, ...)
T1DDC 052:816.104   Data:  D6 4D 7F BC EB 6C 2D 0E 00 D9 2B 06 1C 8B CB BA ...
T1DDC 052:816.136   completely In flash
T1DDC 052:816.160 - 0.098ms returns 0xBC0
T1DDC 052:816.672 JLINK_WriteMem(0x9009C040, 0xBC0 Bytes, ...)
T1DDC 052:816.712   Data:  3E 00 68 20 6B CC 07 79 BC 00 D0 E6 77 D0 AE E5 ...
T1DDC 052:816.744   completely In flash
T1DDC 052:816.772 - 0.099ms returns 0xBC0
T1DDC 052:817.188 JLINK_WriteMem(0x9009CC00, 0xBC0 Bytes, ...)
T1DDC 052:817.220   Data:  0F 00 B4 09 C8 1C 7C E3 BC E9 C2 50 08 C0 E0 27 ...
T1DDC 052:817.248   completely In flash
T1DDC 052:817.276 - 0.088ms returns 0xBC0
T1DDC 052:817.712 JLINK_WriteMem(0x9009D7C0, 0xBC0 Bytes, ...)
T1DDC 052:817.760   Data:  AF 3B 00 D8 44 09 28 53 A7 30 C1 FD 5D 73 A8 90 ...
T1DDC 052:817.804   completely In flash
T1DDC 052:817.836 - 0.123ms returns 0xBC0
T1DDC 052:818.288 JLINK_WriteMem(0x9009E380, 0xBC0 Bytes, ...)
T1DDC 052:818.316   Data:  6B FE A6 AA 4B FB DE 35 FC 3D 58 4D 50 CE 00 E0 ...
T1DDC 052:818.348   completely In flash
T1DDC 052:818.376 - 0.087ms returns 0xBC0
T1DDC 052:818.824 JLINK_WriteMem(0x9009EF40, 0xBC0 Bytes, ...)
T1DDC 052:818.864   Data:  34 82 02 89 66 7B 03 C0 35 AC 56 8E 65 99 F6 CF ...
T1DDC 052:818.904   completely In flash
T1DDC 052:818.932 - 0.106ms returns 0xBC0
T1DDC 052:819.372 JLINK_WriteMem(0x9009FB00, 0xBC0 Bytes, ...)
T1DDC 052:819.412   Data:  F8 3A E9 59 C8 6F CA 01 A6 7E 05 00 67 5F 19 2C ...
T1DDC 052:819.848   completely In flash
T1DDC 052:819.884 - 0.512ms returns 0xBC0
T1DDC 052:820.332 JLINK_WriteMem(0x900A06C0, 0xBC0 Bytes, ...)
T1DDC 052:820.360   Data:  FF FF 07 60 00 80 02 00 00 0A E0 03 94 E2 07 80 ...
T1DDC 052:820.388   completely In flash
T1DDC 052:820.412 - 0.079ms returns 0xBC0
T1DDC 052:820.864 JLINK_WriteMem(0x900A1280, 0xBC0 Bytes, ...)
T1DDC 052:820.900   Data:  00 F8 11 B6 32 98 FB FE DA 69 B6 12 A8 86 EF 01 ...
T1DDC 052:820.932   completely In flash
T1DDC 052:820.960 - 0.096ms returns 0xBC0
T1DDC 052:821.392 JLINK_WriteMem(0x900A1E40, 0xBC0 Bytes, ...)
T1DDC 052:821.420   Data:  76 E9 FD 01 80 91 EE 1B D1 6F DA 0A B0 86 14 0D ...
T1DDC 052:821.448   completely In flash
T1DDC 052:821.484 - 0.095ms returns 0xBC0
T1DDC 052:821.936 JLINK_WriteMem(0x900A2A00, 0xBD0 Bytes, ...)
T1DDC 052:821.960   Data:  47 ED 06 80 A6 E0 39 7A 60 EC 63 AF 14 00 DC E4 ...
T1DDC 052:821.992   completely In flash
T1DDC 052:822.020 - 0.082ms returns 0xBD0
T1DDC 052:822.432 JLINK_WriteMem(0x900A35D0, 0xBC0 Bytes, ...)
T1DDC 052:822.476   Data:  FF FF FF FF FF FF FF FF FF FF 3F 00 03 00 14 00 ...
T1DDC 052:822.508   completely In flash
T1DDC 052:822.536 - 0.107ms returns 0xBC0
T1DDC 052:822.948 JLINK_WriteMem(0x900A4190, 0xBC0 Bytes, ...)
T1DDC 052:822.976   Data:  E9 C3 AA F7 B3 34 06 80 82 A7 73 02 1C C9 5F 6D ...
T1DDC 052:823.016   completely In flash
T1DDC 052:823.048 - 0.097ms returns 0xBC0
T1DDC 052:823.432 JLINK_WriteMem(0x900A4D50, 0xBC0 Bytes, ...)
T1DDC 052:823.468   Data:  EC 47 6A 9E B8 B7 DA 04 00 59 45 AF 39 C7 C0 DE ...
T1DDC 052:823.500   completely In flash
T1DDC 052:823.528 - 0.095ms returns 0xBC0
T1DDC 052:823.896 JLINK_WriteMem(0x900A5910, 0xBC0 Bytes, ...)
T1DDC 052:823.924   Data:  00 D2 FB EC AF 96 68 F7 6B 16 8E 44 C9 59 0B 00 ...
T1DDC 052:823.952   completely In flash
T1DDC 052:823.984 - 0.088ms returns 0xBC0
T1DDC 052:824.732 JLINK_WriteMem(0x900A64D0, 0xBC0 Bytes, ...)
T1DDC 052:824.808   Data:  FF FF FF FF FF FF FF FF FF 07 60 00 80 F2 00 00 ...
T1DDC 052:824.856   completely In flash
T1DDC 052:824.904 - 0.170ms returns 0xBC0
T1DDC 052:827.308 JLINK_WriteMem(0x900A7090, 0xBC0 Bytes, ...)
T1DDC 052:827.476   Data:  81 17 70 40 50 23 68 6C 72 35 08 E8 33 A6 AB AC ...
T1DDC 052:827.560   completely In flash
T1DDC 052:827.612 - 0.306ms returns 0xBC0
T1DDC 052:829.188 JLINK_WriteMem(0x900A7C50, 0xBC0 Bytes, ...)
T1DDC 052:829.284   Data:  00 58 19 E0 EE C4 BF EB 06 00 2E B1 D4 3A E9 3D ...
T1DDC 052:829.332   completely In flash
T1DDC 052:829.376 - 0.188ms returns 0xBC0
T1DDC 052:830.312 JLINK_WriteMem(0x900A8810, 0xBC0 Bytes, ...)
T1DDC 052:830.384   Data:  01 1A A7 2E 00 D8 F5 E7 D8 BD 13 A5 2B C8 A9 40 ...
T1DDC 052:830.424   completely In flash
T1DDC 052:830.456 - 0.147ms returns 0xBC0
T1DDC 052:831.344 JLINK_WriteMem(0x900A93D0, 0xBC0 Bytes, ...)
T1DDC 052:831.400   Data:  FA 06 45 ED 5E DF E4 51 B0 77 BF 65 9F B2 AF 93 ...
T1DDC 052:831.440   completely In flash
T1DDC 052:831.480 - 0.134ms returns 0xBC0
T1DDC 052:832.132 JLINK_WriteMem(0x900A9F90, 0xBB0 Bytes, ...)
T1DDC 052:832.176   Data:  C7 CB 03 80 AC 86 4B 79 40 6C 07 00 F8 83 11 7F ...
T1DDC 052:832.208   completely In flash
T1DDC 052:832.232 - 0.103ms returns 0xBB0
T1DDC 052:832.720 JLINK_WriteMem(0x900AAB40, 0xBC0 Bytes, ...)
T1DDC 052:832.744   Data:  00 6C CB A4 3D 4C E2 EC 2F 01 A0 99 81 6E 03 4A ...
T1DDC 052:832.776   completely In flash
T1DDC 052:832.800 - 0.082ms returns 0xBC0
T1DDC 052:833.236 JLINK_WriteMem(0x900AB700, 0xBC0 Bytes, ...)
T1DDC 052:833.276   Data:  41 C7 2F 8A D6 BF 0C 24 DD 22 4C 7B 02 80 2B 5A ...
T1DDC 052:833.316   completely In flash
T1DDC 052:833.344 - 0.108ms returns 0xBC0
T1DDC 052:833.776 JLINK_WriteMem(0x900AC2C0, 0xBC0 Bytes, ...)
T1DDC 052:833.804   Data:  A4 EC A3 EA 02 C0 FB 35 61 FE 29 5F EF B6 C1 EB ...
T1DDC 052:833.832   completely In flash
T1DDC 052:833.860 - 0.083ms returns 0xBC0
T1DDC 052:834.216 JLINK_WriteMem(0x900ACE80, 0xBD0 Bytes, ...)
T1DDC 052:834.248   Data:  3D 00 C8 DD 06 93 9D 0C 43 CA AA 24 21 5D 73 6A ...
T1DDC 052:834.280   completely In flash
T1DDC 052:834.308 - 0.094ms returns 0xBD0
T1DDC 052:834.712 JLINK_WriteMem(0x900ADA50, 0xBC0 Bytes, ...)
T1DDC 052:834.740   Data:  4C AB B0 51 77 4A 37 3A 25 07 00 8A EB 8A 44 69 ...
T1DDC 052:834.772   completely In flash
T1DDC 052:834.796 - 0.081ms returns 0xBC0
T1DDC 052:835.164 JLINK_WriteMem(0x900AE610, 0xBC0 Bytes, ...)
T1DDC 052:835.192   Data:  2E B1 D4 7A 0D 00 B7 3C 70 1D 61 D0 93 C7 99 E1 ...
T1DDC 052:835.224   completely In flash
T1DDC 052:835.248 - 0.082ms returns 0xBC0
T1DDC 052:835.652 JLINK_WriteMem(0x900AF1D0, 0xBC0 Bytes, ...)
T1DDC 052:835.672   Data:  FF 80 96 B7 6F 26 40 D1 FF FF FF 80 02 10 74 26 ...
T1DDC 052:835.700   completely In flash
T1DDC 052:835.724 - 0.073ms returns 0xBC0
T1DDC 052:836.096 JLINK_WriteMem(0x900AFD90, 0xBC0 Bytes, ...)
T1DDC 052:836.124   Data:  FF FF FF 00 02 21 42 25 DE E4 FF FF FF 80 04 CF ...
T1DDC 052:836.156   completely In flash
T1DDC 052:836.184 - 0.090ms returns 0xBC0
T1DDC 052:836.660 JLINK_WriteMem(0x900B0950, 0xBC0 Bytes, ...)
T1DDC 052:836.696   Data:  1D DD FF FF FF 80 BA FA 56 26 20 F9 FF FF FF 00 ...
T1DDC 052:836.732   completely In flash
T1DDC 052:836.760 - 0.100ms returns 0xBC0
T1DDC 052:837.180 JLINK_WriteMem(0x900B1510, 0xBC0 Bytes, ...)
T1DDC 052:837.212   Data:  00 FB 1C D6 1F 4C 74 FB AE E4 A6 9D 29 00 F6 3B ...
T1DDC 052:837.256   completely In flash
T1DDC 052:837.284 - 0.103ms returns 0xBC0
T1DDC 052:837.688 JLINK_WriteMem(0x900B20D0, 0xBC0 Bytes, ...)
T1DDC 052:837.720   Data:  07 04 79 04 D2 3D 53 2D E0 00 7C E9 57 A6 DE 32 ...
T1DDC 052:837.752   completely In flash
T1DDC 052:837.776 - 0.085ms returns 0xBC0
T1DDC 052:838.152 JLINK_WriteMem(0x900B2C90, 0xBC0 Bytes, ...)
T1DDC 052:838.192   Data:  00 F8 30 E1 6A C3 ED 23 B3 01 40 15 98 B3 B5 4B ...
T1DDC 052:838.232   completely In flash
T1DDC 052:838.264 - 0.107ms returns 0xBC0
T1DDC 052:838.664 JLINK_WriteMem(0x900B3850, 0xBC0 Bytes, ...)
T1DDC 052:838.688   Data:  86 16 4F 37 88 96 00 80 6D 52 16 BF B0 78 D9 29 ...
T1DDC 052:838.724   completely In flash
T1DDC 052:838.748 - 0.088ms returns 0xBC0
T1DDC 052:839.132 JLINK_WriteMem(0x900B4410, 0xBB0 Bytes, ...)
T1DDC 052:839.160   Data:  56 D2 1B 48 09 53 C3 01 80 A6 18 F6 A2 37 2E D3 ...
T1DDC 052:839.192   completely In flash
T1DDC 052:839.216 - 0.083ms returns 0xBB0
T1DDC 052:839.608 JLINK_WriteMem(0x900B4FC0, 0xB80 Bytes, ...)
T1DDC 052:839.632   Data:  52 55 00 00 00 43 E2 5E 4C 29 60 AB FF FF FF F5 ...
T1DDC 052:840.100   completely In flash
T1DDC 052:840.136 - 0.530ms returns 0xB80
T1DDC 052:840.592 JLINK_WriteMem(0x900B5B40, 0xBC0 Bytes, ...)
T1DDC 052:840.620   Data:  E7 A3 1B 38 31 9C F7 6F C7 0C C0 72 8F 5D D9 07 ...
T1DDC 052:840.656   completely In flash
T1DDC 052:840.680 - 0.091ms returns 0xBC0
T1DDC 052:841.324 JLINK_WriteMem(0x900B6700, 0xBC0 Bytes, ...)
T1DDC 052:841.376   Data:  E2 59 A9 0B 2A 7E 6E DF 6A 32 98 B1 8F 06 73 D8 ...
T1DDC 052:841.408   completely In flash
T1DDC 052:841.436 - 0.111ms returns 0xBC0
T1DDC 052:842.004 JLINK_WriteMem(0x900B72C0, 0xBB0 Bytes, ...)
T1DDC 052:842.052   Data:  65 9E A7 65 57 BB AB D8 55 2E E8 F2 75 8E 1F C9 ...
T1DDC 052:842.088   completely In flash
T1DDC 052:842.112 - 0.109ms returns 0xBB0
T1DDC 052:842.712 JLINK_WriteMem(0x900B7E70, 0xBC0 Bytes, ...)
T1DDC 052:842.784   Data:  4D D4 76 16 60 53 6B F4 AF AB A9 A0 80 A9 B3 5E ...
T1DDC 052:842.816   completely In flash
T1DDC 052:842.844 - 0.136ms returns 0xBC0
T1DDC 052:844.428 JLINK_WriteMem(0x900B8A30, 0xBC0 Bytes, ...)
T1DDC 052:844.696   Data:  EA 2C 20 16 1D EA 62 84 3A 4D 2C 6D 38 FD F1 9A ...
T1DDC 052:844.772   completely In flash
T1DDC 052:844.828 - 0.403ms returns 0xBC0
T1DDC 052:846.640 JLINK_WriteMem(0x900B95F0, 0xBB0 Bytes, ...)
T1DDC 052:846.760   Data:  F5 16 F7 15 88 C1 08 10 CC 0E 31 18 51 6C 69 25 ...
T1DDC 052:846.824   completely In flash
T1DDC 052:846.880 - 0.242ms returns 0xBB0
T1DDC 052:847.828 JLINK_WriteMem(0x900BA1A0, 0xBC0 Bytes, ...)
T1DDC 052:847.916   Data:  9F 1E 8B 65 BA 25 14 29 AB 4A 6A 33 B4 A7 D0 34 ...
T1DDC 052:847.964   completely In flash
T1DDC 052:847.996 - 0.169ms returns 0xBC0
T1DDC 052:848.876 JLINK_WriteMem(0x900BAD60, 0xBC0 Bytes, ...)
T1DDC 052:848.988   Data:  6E 83 52 29 96 15 4A 4A 86 66 A8 F1 5E 80 8D C3 ...
T1DDC 052:849.024   completely In flash
T1DDC 052:849.052 - 0.175ms returns 0xBC0
T1DDC 052:849.688 JLINK_WriteMem(0x900BB920, 0xBB0 Bytes, ...)
T1DDC 052:849.720   Data:  2D E1 96 14 24 62 F6 1A C1 EA E3 DE F6 AC 1F 26 ...
T1DDC 052:849.752   completely In flash
T1DDC 052:849.776 - 0.091ms returns 0xBB0
T1DDC 052:850.232 JLINK_WriteMem(0x900BC4D0, 0xBB0 Bytes, ...)
T1DDC 052:850.272   Data:  B9 9A 97 AD 43 B5 11 52 DF BA DB 64 B2 DF 4F 12 ...
T1DDC 052:850.324   completely In flash
T1DDC 052:850.348 - 0.115ms returns 0xBB0
T1DDC 052:850.808 JLINK_WriteMem(0x900BD080, 0xBB0 Bytes, ...)
T1DDC 052:850.840   Data:  9A 14 D9 7D A1 6D 4E FE 55 B3 85 7D AA 87 2E 94 ...
T1DDC 052:850.872   completely In flash
T1DDC 052:850.900 - 0.088ms returns 0xBB0
T1DDC 052:851.440 JLINK_WriteMem(0x900BDC30, 0xBA0 Bytes, ...)
T1DDC 052:851.484   Data:  38 0E F7 96 A5 C3 70 C8 92 20 7D 83 13 2A 89 DA ...
T1DDC 052:851.516   completely In flash
T1DDC 052:851.544 - 0.107ms returns 0xBA0
T1DDC 052:852.012 JLINK_WriteMem(0x900BE7D0, 0xBC0 Bytes, ...)
T1DDC 052:852.040   Data:  FC E4 26 2D EE EC ED 33 FB 1C BF B6 D5 9E 22 4F ...
T1DDC 052:852.076   completely In flash
T1DDC 052:852.104 - 0.088ms returns 0xBC0
T1DDC 052:853.336 JLINK_WriteMem(0x900BF390, 0xBC0 Bytes, ...)
T1DDC 052:853.368   Data:  08 E0 22 81 6F 78 B5 71 EB F1 A9 D9 AD 04 8B 42 ...
T1DDC 052:853.400   completely In flash
T1DDC 052:853.432 - 0.093ms returns 0xBC0
T1DDC 052:853.944 JLINK_WriteMem(0x900BFF50, 0xBB0 Bytes, ...)
T1DDC 052:853.972   Data:  23 2E 3C 2E 2F C4 0D E7 22 38 33 B6 2B FF D8 30 ...
T1DDC 052:854.000   completely In flash
T1DDC 052:854.024 - 0.085ms returns 0xBB0
T1DDC 052:854.532 JLINK_WriteMem(0x900C0B00, 0xBB0 Bytes, ...)
T1DDC 052:854.568   Data:  34 72 D1 5F E7 4B 90 E8 1A 06 C0 1E E2 7B 3B 04 ...
T1DDC 052:854.600   completely In flash
T1DDC 052:854.628 - 0.098ms returns 0xBB0
T1DDC 052:855.100 JLINK_WriteMem(0x900C16B0, 0xBC0 Bytes, ...)
T1DDC 052:855.144   Data:  4A C3 95 2F E2 B4 94 E3 38 E6 E5 74 81 B4 13 77 ...
T1DDC 052:855.176   completely In flash
T1DDC 052:855.200 - 0.098ms returns 0xBC0
T1DDC 052:855.672 JLINK_WriteMem(0x900C2270, 0xBC0 Bytes, ...)
T1DDC 052:855.708   Data:  B0 58 1A 7D A4 D1 36 0D 9D 91 A5 A4 89 F6 FC A2 ...
T1DDC 052:855.736   completely In flash
T1DDC 052:855.768 - 0.092ms returns 0xBC0
T1DDC 052:856.196 JLINK_WriteMem(0x900C2E30, 0xBC0 Bytes, ...)
T1DDC 052:856.232   Data:  83 A5 2B 11 EE DD 19 40 FA 74 EE 80 48 68 EB 4C ...
T1DDC 052:856.264   completely In flash
T1DDC 052:856.288 - 0.094ms returns 0xBC0
T1DDC 052:856.680 JLINK_WriteMem(0x900C39F0, 0xBC0 Bytes, ...)
T1DDC 052:856.712   Data:  A5 38 20 BD C7 F0 F6 1C 95 3E 5A F1 55 13 F5 20 ...
T1DDC 052:856.740   completely In flash
T1DDC 052:856.764 - 0.088ms returns 0xBC0
T1DDC 052:857.148 JLINK_WriteMem(0x900C45B0, 0xBB0 Bytes, ...)
T1DDC 052:857.180   Data:  5C 4A 69 9A BE 92 12 DA 4D C2 2F 83 55 DA CA 5E ...
T1DDC 052:857.208   completely In flash
T1DDC 052:857.240 - 0.089ms returns 0xBB0
T1DDC 052:857.920 JLINK_WriteMem(0x900C5160, 0xBC0 Bytes, ...)
T1DDC 052:857.988   Data:  97 DC 61 3F AE 97 31 9C 19 75 00 44 4F B7 45 8C ...
T1DDC 052:858.040   completely In flash
T1DDC 052:858.084 - 0.167ms returns 0xBC0
T1DDC 052:858.868 JLINK_WriteMem(0x900C5D20, 0xBC0 Bytes, ...)
T1DDC 052:858.920   Data:  DD 9C 68 26 48 FA FF FF FF 7A A6 72 6B 26 0C E9 ...
T1DDC 052:858.968   completely In flash
T1DDC 052:859.012 - 0.146ms returns 0xBC0
T1DDC 052:859.876 JLINK_WriteMem(0x900C68E0, 0xBD0 Bytes, ...)
T1DDC 052:859.932   Data:  00 79 6A A0 72 26 5C ED FF FF FF 64 0A 52 67 26 ...
T1DDC 052:859.972   completely In flash
T1DDC 052:860.000 - 0.123ms returns 0xBD0
T1DDC 052:860.860 JLINK_WriteMem(0x900C74B0, 0xBC0 Bytes, ...)
T1DDC 052:860.964   Data:  64 26 87 0B 00 00 00 FF 93 D2 56 25 FC D7 FF FF ...
T1DDC 052:861.024   completely In flash
T1DDC 052:861.052 - 0.194ms returns 0xBC0
T1DDC 052:861.740 JLINK_WriteMem(0x900C8070, 0xBC0 Bytes, ...)
T1DDC 052:861.856   Data:  45 C2 07 FC EB 08 50 E0 64 5B BA 86 C1 02 80 69 ...
T1DDC 052:861.896   completely In flash
T1DDC 052:861.932 - 0.192ms returns 0xBC0
T1DDC 052:863.596 JLINK_WriteMem(0x900C8C30, 0xBD0 Bytes, ...)
T1DDC 052:863.780   Data:  B1 FB DD 5D 07 57 A7 CE A3 B4 6E CD 00 D0 D8 C0 ...
T1DDC 052:863.856   completely In flash
T1DDC 052:863.908 - 0.312ms returns 0xBD0
T1DDC 052:864.852 JLINK_WriteMem(0x900C9800, 0xBC0 Bytes, ...)
T1DDC 052:864.908   Data:  3B F7 EF B4 D5 0F 58 0F 0A C0 C8 58 F0 85 B4 08 ...
T1DDC 052:864.940   completely In flash
T1DDC 052:864.968 - 0.119ms returns 0xBC0
T1DDC 052:865.448 JLINK_WriteMem(0x900CA3C0, 0xBC0 Bytes, ...)
T1DDC 052:865.504   Data:  19 45 89 6D 5D C4 FE BF AD 58 FE FF FF FF FF FF ...
T1DDC 052:865.532   completely In flash
T1DDC 052:865.560 - 0.116ms returns 0xBC0
T1DDC 052:866.036 JLINK_WriteMem(0x900CAF80, 0xBC0 Bytes, ...)
T1DDC 052:866.068   Data:  E7 67 38 8E C0 03 80 61 C5 AD F2 16 35 1D C2 2D ...
T1DDC 052:866.100   completely In flash
T1DDC 052:866.124 - 0.088ms returns 0xBC0
T1DDC 052:866.564 JLINK_WriteMem(0x900CBB40, 0xBC0 Bytes, ...)
T1DDC 052:866.600   Data:  C4 AE E6 9E CA DF 0D 00 B5 0F A1 50 2D 15 70 03 ...
T1DDC 052:866.644   completely In flash
T1DDC 052:866.672 - 0.110ms returns 0xBC0
T1DDC 052:867.084 JLINK_WriteMem(0x900CC700, 0xBC0 Bytes, ...)
T1DDC 052:867.116   Data:  24 78 2E 2D 22 95 0F 00 74 55 B7 7E C0 B3 9C 87 ...
T1DDC 052:867.592   completely In flash
T1DDC 052:867.632 - 0.548ms returns 0xBC0
T1DDC 052:868.048 JLINK_WriteMem(0x900CD2C0, 0xBC0 Bytes, ...)
T1DDC 052:868.072   Data:  CD 00 90 7E 21 57 5E BF CD 4F 25 E7 01 A0 51 F9 ...
T1DDC 052:868.104   completely In flash
T1DDC 052:868.132 - 0.084ms returns 0xBC0
T1DDC 052:868.500 JLINK_WriteMem(0x900CDE80, 0xBC0 Bytes, ...)
T1DDC 052:868.532   Data:  7A 3B 00 90 0B 46 AB 85 AF 1A 00 DC 1C 45 D7 FE ...
T1DDC 052:868.584   completely In flash
T1DDC 052:868.616 - 0.113ms returns 0xBC0
T1DDC 052:869.044 JLINK_WriteMem(0x900CEA40, 0xBB0 Bytes, ...)
T1DDC 052:869.080   Data:  2F 95 B1 FD 10 60 65 E1 04 85 B2 EE 33 89 DE 91 ...
T1DDC 052:869.108   completely In flash
T1DDC 052:869.136 - 0.093ms returns 0xBB0
T1DDC 052:869.544 JLINK_WriteMem(0x900CF5F0, 0xBC0 Bytes, ...)
T1DDC 052:869.572   Data:  77 1F C6 03 40 4A 9B 86 92 C9 B7 E5 2F 2A 55 8A ...
T1DDC 052:869.600   completely In flash
T1DDC 052:869.628 - 0.084ms returns 0xBC0
T1DDC 052:870.132 JLINK_WriteMem(0x900D01B0, 0xBC0 Bytes, ...)
T1DDC 052:870.172   Data:  B2 8A 58 9B CC 40 BB B6 33 5A 28 DD E5 1F 00 00 ...
T1DDC 052:870.200   completely In flash
T1DDC 052:870.232 - 0.098ms returns 0xBC0
T1DDC 052:870.672 JLINK_WriteMem(0x900D0D70, 0xBB0 Bytes, ...)
T1DDC 052:870.712   Data:  B0 82 78 F9 66 4A C9 E3 25 6C 27 D0 41 23 06 00 ...
T1DDC 052:870.740   completely In flash
T1DDC 052:870.768 - 0.097ms returns 0xBB0
T1DDC 052:871.180 JLINK_WriteMem(0x900D1920, 0xBC0 Bytes, ...)
T1DDC 052:871.212   Data:  A8 97 87 79 F1 76 3F 4F B2 8B 83 1A C0 37 00 38 ...
T1DDC 052:871.244   completely In flash
T1DDC 052:871.272 - 0.090ms returns 0xBC0
T1DDC 052:871.640 JLINK_WriteMem(0x900D24E0, 0xBC0 Bytes, ...)
T1DDC 052:871.664   Data:  F5 BC 29 BF 59 AF 96 1B 42 62 02 99 0A 00 20 03 ...
T1DDC 052:871.688   completely In flash
T1DDC 052:871.716 - 0.075ms returns 0xBC0
T1DDC 052:872.100 JLINK_WriteMem(0x900D30A0, 0xBC0 Bytes, ...)
T1DDC 052:872.128   Data:  EE 53 90 BE 49 D3 02 40 B7 B7 6C B4 1D 91 FD 37 ...
T1DDC 052:872.156   completely In flash
T1DDC 052:872.184 - 0.081ms returns 0xBC0
T1DDC 052:872.624 JLINK_WriteMem(0x900D3C60, 0xBC0 Bytes, ...)
T1DDC 052:872.656   Data:  00 CB 08 7E 0B 89 12 5A E8 29 05 00 E4 02 00 40 ...
T1DDC 052:872.684   completely In flash
T1DDC 052:872.712 - 0.088ms returns 0xBC0
T1DDC 052:873.080 JLINK_WriteMem(0x900D4820, 0xBC0 Bytes, ...)
T1DDC 052:873.108   Data:  0D 00 F6 62 DC 67 09 F9 DE BE 98 67 0C 58 73 07 ...
T1DDC 052:873.140   completely In flash
T1DDC 052:873.164 - 0.087ms returns 0xBC0
T1DDC 052:873.504 JLINK_WriteMem(0x900D53E0, 0xBC0 Bytes, ...)
T1DDC 052:873.524   Data:  8A BC 91 85 01 A0 55 EB C7 7B 40 8D EF 07 80 E4 ...
T1DDC 052:873.548   completely In flash
T1DDC 052:873.576 - 0.071ms returns 0xBC0
T1DDC 052:873.936 JLINK_WriteMem(0x900D5FA0, 0xBC0 Bytes, ...)
T1DDC 052:873.964   Data:  E2 CB BD B5 0B 00 6E 8E EE 54 55 6B DE B5 31 FE ...
T1DDC 052:873.996   completely In flash
T1DDC 052:874.024 - 0.088ms returns 0xBC0
T1DDC 052:874.536 JLINK_WriteMem(0x900D6B60, 0xBD0 Bytes, ...)
T1DDC 052:874.604   Data:  FD 59 18 18 88 F4 26 79 33 4C F6 8B D2 7F 00 30 ...
T1DDC 052:874.660   completely In flash
T1DDC 052:874.700 - 0.166ms returns 0xBD0
T1DDC 052:875.452 JLINK_WriteMem(0x900D7730, 0xBB0 Bytes, ...)
T1DDC 052:875.516   Data:  58 F2 0A 40 F7 41 F1 50 03 D9 DD C7 29 96 26 35 ...
T1DDC 052:875.568   completely In flash
T1DDC 052:875.616 - 0.164ms returns 0xBB0
T1DDC 052:876.364 JLINK_WriteMem(0x900D82E0, 0xBC0 Bytes, ...)
T1DDC 052:876.436   Data:  24 84 D6 2A 00 7F 98 DF 8F EA E9 AC BE 4C E5 2C ...
T1DDC 052:876.472   completely In flash
T1DDC 052:876.508 - 0.142ms returns 0xBC0
T1DDC 052:877.060 JLINK_WriteMem(0x900D8EA0, 0xBB0 Bytes, ...)
T1DDC 052:877.096   Data:  01 7C C1 1E 42 25 72 FE 3B DA A5 A8 D7 BC 0D 00 ...
T1DDC 052:877.148   completely In flash
T1DDC 052:877.176 - 0.117ms returns 0xBB0
T1DDC 052:879.412 JLINK_WriteMem(0x900D9A50, 0xBC0 Bytes, ...)
T1DDC 052:879.504   Data:  13 69 40 AF EA C3 39 00 34 8F A5 53 DB 54 FE 9D ...
T1DDC 052:879.544   completely In flash
T1DDC 052:879.576 - 0.165ms returns 0xBC0
T1DDC 052:881.136 JLINK_WriteMem(0x900DA610, 0xBC0 Bytes, ...)
T1DDC 052:881.248   Data:  5F 0A 00 6E 58 EF A3 AA 2C AB 3E 75 03 ED D3 A9 ...
T1DDC 052:881.300   completely In flash
T1DDC 052:881.332 - 0.198ms returns 0xBC0
T1DDC 052:881.864 JLINK_WriteMem(0x900DB1D0, 0xBD0 Bytes, ...)
T1DDC 052:881.896   Data:  27 E2 96 32 6C 2A 00 D0 81 29 D5 5A 54 0B 15 A8 ...
T1DDC 052:881.928   completely In flash
T1DDC 052:881.956 - 0.092ms returns 0xBD0
T1DDC 052:882.412 JLINK_WriteMem(0x900DBDA0, 0xBD0 Bytes, ...)
T1DDC 052:882.456   Data:  55 25 2B FC FF FF FF 80 A8 FD 5D 26 ED F6 FF FF ...
T1DDC 052:882.496   completely In flash
T1DDC 052:882.520 - 0.110ms returns 0xBD0
T1DDC 052:882.968 JLINK_WriteMem(0x900DC970, 0xBC0 Bytes, ...)
T1DDC 052:883.004   Data:  FF FF FF 80 B4 6F 5F 25 EE F2 FF FF FF 00 D0 C7 ...
T1DDC 052:883.036   completely In flash
T1DDC 052:883.064 - 0.091ms returns 0xBC0
T1DDC 052:883.496 JLINK_WriteMem(0x900DD530, 0xBC0 Bytes, ...)
T1DDC 052:883.528   Data:  C3 DD B7 00 60 3E 80 2E 1F 77 3E C1 EE 2F 66 10 ...
T1DDC 052:883.564   completely In flash
T1DDC 052:883.592 - 0.098ms returns 0xBC0
T1DDC 052:884.008 JLINK_WriteMem(0x900DE0F0, 0xBC0 Bytes, ...)
T1DDC 052:884.040   Data:  00 56 2C EE EE 4E F4 69 E1 98 36 A0 09 52 8B 8D ...
T1DDC 052:884.072   completely In flash
T1DDC 052:884.096 - 0.089ms returns 0xBC0
T1DDC 052:884.512 JLINK_WriteMem(0x900DECB0, 0xBC0 Bytes, ...)
T1DDC 052:884.544   Data:  77 28 8B 4D 5E 00 50 92 1F EE 00 A0 E7 33 C1 25 ...
T1DDC 052:884.576   completely In flash
T1DDC 052:884.600 - 0.091ms returns 0xBC0
T1DDC 052:885.028 JLINK_WriteMem(0x900DF870, 0xBC0 Bytes, ...)
T1DDC 052:885.060   Data:  C9 00 60 37 D1 CD 76 CF EF 6D 06 60 81 B8 DE 00 ...
T1DDC 052:885.096   completely In flash
T1DDC 052:885.124 - 0.095ms returns 0xBC0
T1DDC 052:885.556 JLINK_WriteMem(0x900E0430, 0xBC0 Bytes, ...)
T1DDC 052:885.588   Data:  65 1B 4A 80 B1 40 77 69 8F 5B 87 C3 00 C0 D0 88 ...
T1DDC 052:885.624   completely In flash
T1DDC 052:885.648 - 0.093ms returns 0xBC0
T1DDC 052:886.044 JLINK_WriteMem(0x900E0FF0, 0xBB0 Bytes, ...)
T1DDC 052:886.076   Data:  00 F8 85 18 9C 7A 0E 7C 2D CC FC 61 00 00 60 80 ...
T1DDC 052:886.104   completely In flash
T1DDC 052:886.136 - 0.087ms returns 0xBB0
T1DDC 052:886.552 JLINK_WriteMem(0x900E1BA0, 0xBB0 Bytes, ...)
T1DDC 052:886.572   Data:  E5 A0 9C E4 59 A3 2A 24 71 63 A0 71 75 D8 CA 0A ...
T1DDC 052:886.608   completely In flash
T1DDC 052:886.632 - 0.084ms returns 0xBB0
T1DDC 052:887.040 JLINK_WriteMem(0x900E2750, 0xBB0 Bytes, ...)
T1DDC 052:887.072   Data:  56 4F 10 FF 36 E7 1F 48 22 6E 34 C1 50 D3 A5 C8 ...
T1DDC 052:887.108   completely In flash
T1DDC 052:887.136 - 0.095ms returns 0xBB0
T1DDC 052:887.568 JLINK_WriteMem(0x900E3300, 0xBB0 Bytes, ...)
T1DDC 052:887.608   Data:  82 3F 74 E7 1B 8B D4 3E F7 46 61 67 42 CD 76 48 ...
T1DDC 052:887.636   completely In flash
T1DDC 052:887.664 - 0.096ms returns 0xBB0
T1DDC 052:888.076 JLINK_WriteMem(0x900E3EB0, 0xBC0 Bytes, ...)
T1DDC 052:888.104   Data:  2C 09 7C 6B D1 A1 CE C7 03 1F B6 4D 3E 0F 8B 45 ...
T1DDC 052:888.140   completely In flash
T1DDC 052:888.168 - 0.090ms returns 0xBC0
T1DDC 052:888.612 JLINK_WriteMem(0x900E4A70, 0xBB0 Bytes, ...)
T1DDC 052:888.648   Data:  5F 2B 3B 04 70 D9 C9 23 C4 44 9E 6B DE B6 F9 9D ...
T1DDC 052:888.684   completely In flash
T1DDC 052:888.712 - 0.100ms returns 0xBB0
T1DDC 052:889.140 JLINK_WriteMem(0x900E5620, 0xBB0 Bytes, ...)
T1DDC 052:889.168   Data:  4F C7 24 DF C3 9E A1 D4 FF 03 59 CC 25 65 CF AE ...
T1DDC 052:889.200   completely In flash
T1DDC 052:889.228 - 0.091ms returns 0xBB0
T1DDC 052:889.628 JLINK_WriteMem(0x900E61D0, 0xBC0 Bytes, ...)
T1DDC 052:889.664   Data:  8F 47 00 F9 4D 69 16 8E A5 48 08 B9 B7 D0 9C 20 ...
T1DDC 052:889.704   completely In flash
T1DDC 052:889.728 - 0.100ms returns 0xBC0
T1DDC 052:890.148 JLINK_WriteMem(0x900E6D90, 0xBB0 Bytes, ...)
T1DDC 052:890.180   Data:  FA CE F7 01 EF 4B 5C 2A DC 5E EE E1 E8 98 51 3F ...
T1DDC 052:890.676   completely In flash
T1DDC 052:890.724 - 0.578ms returns 0xBB0
T1DDC 052:891.340 JLINK_WriteMem(0x900E7940, 0xBB0 Bytes, ...)
T1DDC 052:891.408   Data:  42 E9 88 8C E4 EE 6B D6 99 05 C2 F9 97 6D B7 B2 ...
T1DDC 052:891.500   completely In flash
T1DDC 052:891.544 - 0.205ms returns 0xBB0
T1DDC 052:892.324 JLINK_WriteMem(0x900E84F0, 0xBC0 Bytes, ...)
T1DDC 052:892.396   Data:  F0 DA BB 95 7C 84 EB 77 F3 04 5E 5D C4 F2 45 F9 ...
T1DDC 052:892.456   completely In flash
T1DDC 052:892.504 - 0.181ms returns 0xBC0
T1DDC 052:893.292 JLINK_WriteMem(0x900E90B0, 0xBC0 Bytes, ...)
T1DDC 052:893.348   Data:  89 BA 84 D3 D3 34 D2 0B 8D AC EA 39 9F 79 87 F5 ...
T1DDC 052:893.396   completely In flash
T1DDC 052:893.436 - 0.145ms returns 0xBC0
T1DDC 052:894.212 JLINK_WriteMem(0x900E9C70, 0xBC0 Bytes, ...)
T1DDC 052:894.280   Data:  25 6C 23 6E 3C 2D 99 77 77 0E 3F EA 22 76 84 84 ...
T1DDC 052:894.336   completely In flash
T1DDC 052:894.380 - 0.170ms returns 0xBC0
T1DDC 052:895.192 JLINK_WriteMem(0x900EA830, 0xBB0 Bytes, ...)
T1DDC 052:895.280   Data:  AB C9 11 DB 55 56 2F 9B 81 7C B3 86 0F D2 DE EA ...
T1DDC 052:895.392   completely In flash
T1DDC 052:895.428 - 0.234ms returns 0xBB0
T1DDC 052:896.200 JLINK_WriteMem(0x900EB3E0, 0xBB0 Bytes, ...)
T1DDC 052:896.248   Data:  1A 5D 48 61 B2 0E 4D 7C FD 36 23 58 A7 7A 9A 8B ...
T1DDC 052:896.280   completely In flash
T1DDC 052:896.312 - 0.111ms returns 0xBB0
T1DDC 052:896.848 JLINK_WriteMem(0x900EBF90, 0xBA0 Bytes, ...)
T1DDC 052:896.896   Data:  45 24 24 28 4F DE 7E B8 45 69 AB 92 C8 79 FF AB ...
T1DDC 052:896.936   completely In flash
T1DDC 052:896.972 - 0.126ms returns 0xBA0
T1DDC 052:897.432 JLINK_WriteMem(0x900ECB30, 0xBC0 Bytes, ...)
T1DDC 052:897.468   Data:  23 00 F7 45 E8 F0 38 63 44 CC 4C 58 22 98 93 C6 ...
T1DDC 052:897.504   completely In flash
T1DDC 052:897.528 - 0.100ms returns 0xBC0
T1DDC 052:898.032 JLINK_WriteMem(0x900ED6F0, 0xBB0 Bytes, ...)
T1DDC 052:898.060   Data:  28 B8 0A B1 68 BF C9 2C 91 30 8A 96 BF A2 8A A5 ...
T1DDC 052:898.088   completely In flash
T1DDC 052:898.116 - 0.082ms returns 0xBB0
T1DDC 052:898.620 JLINK_WriteMem(0x900EE2A0, 0xBC0 Bytes, ...)
T1DDC 052:898.652   Data:  A6 9D 41 EC E2 31 AC 77 47 F8 0B 79 F8 95 CD CE ...
T1DDC 052:898.680   completely In flash
T1DDC 052:898.708 - 0.084ms returns 0xBC0
T1DDC 052:899.160 JLINK_WriteMem(0x900EEE60, 0xBC0 Bytes, ...)
T1DDC 052:899.200   Data:  EE AC E1 34 57 EE CE E0 DF F8 05 89 A4 AA 5A 89 ...
T1DDC 052:899.228   completely In flash
T1DDC 052:899.256 - 0.097ms returns 0xBC0
T1DDC 052:899.768 JLINK_WriteMem(0x900EFA20, 0xBC0 Bytes, ...)
T1DDC 052:899.824   Data:  5A 69 BF B7 50 39 F4 91 DB C1 15 80 5F DE F1 88 ...
T1DDC 052:899.872   completely In flash
T1DDC 052:899.944 - 0.173ms returns 0xBC0
T1DDC 052:900.488 JLINK_WriteMem(0x900F05E0, 0xBC0 Bytes, ...)
T1DDC 052:900.520   Data:  43 C4 9A 6B FC F1 77 D2 9B 88 D3 8B D0 A1 74 94 ...
T1DDC 052:900.552   completely In flash
T1DDC 052:900.580 - 0.093ms returns 0xBC0
T1DDC 052:901.192 JLINK_WriteMem(0x900F11A0, 0xBB0 Bytes, ...)
T1DDC 052:901.224   Data:  A7 D3 2F D6 2D C2 EE 5E 6C 83 9E E2 79 7D 10 91 ...
T1DDC 052:901.256   completely In flash
T1DDC 052:901.288 - 0.095ms returns 0xBB0
T1DDC 052:901.752 JLINK_WriteMem(0x900F1D50, 0xBB0 Bytes, ...)
T1DDC 052:901.796   Data:  0D 9A CE 5A 6D 70 F5 5C 8A 93 E2 8B 7C EC A3 A5 ...
T1DDC 052:901.832   completely In flash
T1DDC 052:901.860 - 0.109ms returns 0xBB0
T1DDC 052:902.344 JLINK_WriteMem(0x900F2900, 0xBC0 Bytes, ...)
T1DDC 052:902.376   Data:  FF FF FF 37 0A 3B 69 26 68 F3 FF FF FF DA 6F 88 ...
T1DDC 052:902.404   completely In flash
T1DDC 052:902.432 - 0.089ms returns 0xBC0
T1DDC 052:903.040 JLINK_WriteMem(0x900F34C0, 0xBC0 Bytes, ...)
T1DDC 052:903.076   Data:  67 F2 FF FF FF 79 7D 66 67 25 CF ED FF FF FF DF ...
T1DDC 052:903.112   completely In flash
T1DDC 052:903.144 - 0.101ms returns 0xBC0
T1DDC 052:903.720 JLINK_WriteMem(0x900F4080, 0xBC0 Bytes, ...)
T1DDC 052:903.764   Data:  77 03 E0 7B 12 46 24 15 EE 59 FA 05 C5 54 BB 01 ...
T1DDC 052:903.792   completely In flash
T1DDC 052:903.816 - 0.096ms returns 0xBC0
T1DDC 052:904.412 JLINK_WriteMem(0x900F4C40, 0xBC0 Bytes, ...)
T1DDC 052:904.452   Data:  23 FB BC 1A 00 10 B2 B6 F4 3E C0 FE 9F BB 86 16 ...
T1DDC 052:904.488   completely In flash
T1DDC 052:904.516 - 0.100ms returns 0xBC0
T1DDC 052:905.748 JLINK_WriteMem(0x900F5800, 0xBC0 Bytes, ...)
T1DDC 052:905.832   Data:  38 66 9E 2A 94 30 00 40 B6 98 7C B5 64 32 16 E1 ...
T1DDC 052:905.876   completely In flash
T1DDC 052:905.908 - 0.158ms returns 0xBC0
T1DDC 052:906.756 JLINK_WriteMem(0x900F63C0, 0xBC0 Bytes, ...)
T1DDC 052:906.852   Data:  C6 64 8A D7 C1 F5 01 C0 CB 24 40 CB 7F 64 1F 00 ...
T1DDC 052:906.896   completely In flash
T1DDC 052:906.928 - 0.170ms returns 0xBC0
T1DDC 052:907.880 JLINK_WriteMem(0x900F6F80, 0xBC0 Bytes, ...)
T1DDC 052:907.980   Data:  86 DE 38 58 5E 07 00 F6 6B 11 2A 2B B8 E2 0E DA ...
T1DDC 052:908.056   completely In flash
T1DDC 052:908.100 - 0.219ms returns 0xBC0
T1DDC 052:908.792 JLINK_WriteMem(0x900F7B40, 0xBC0 Bytes, ...)
T1DDC 052:908.864   Data:  DB 9C F8 01 63 5F 56 00 30 A4 56 DE 75 49 0F 00 ...
T1DDC 052:908.924   completely In flash
T1DDC 052:908.968 - 0.176ms returns 0xBC0
T1DDC 052:909.744 JLINK_WriteMem(0x900F8700, 0xBC0 Bytes, ...)
T1DDC 052:909.848   Data:  30 8E 4E 4B 94 D4 39 ED 87 D5 12 F2 B8 CD 6A 06 ...
T1DDC 052:909.924   completely In flash
T1DDC 052:909.976 - 0.238ms returns 0xBC0
T1DDC 052:910.888 JLINK_WriteMem(0x900F92C0, 0xBC0 Bytes, ...)
T1DDC 052:910.940   Data:  00 9C 90 1C 37 F6 F3 07 E6 8C 45 0C 6A 8A D6 B4 ...
T1DDC 052:910.972   completely In flash
T1DDC 052:911.000 - 0.115ms returns 0xBC0
T1DDC 052:911.528 JLINK_WriteMem(0x900F9E80, 0xBC0 Bytes, ...)
T1DDC 052:911.576   Data:  04 00 07 DA FC AC 1E E0 7E 16 04 08 B8 5E 1C A4 ...
T1DDC 052:911.768   completely In flash
T1DDC 052:911.792 - 0.265ms returns 0xBC0
T1DDC 052:912.320 JLINK_WriteMem(0x900FAA40, 0xBC0 Bytes, ...)
T1DDC 052:912.372   Data:  11 00 AA F8 F8 F5 17 C8 98 F4 F2 DB 02 80 34 59 ...
T1DDC 052:912.424   completely In flash
T1DDC 052:912.472 - 0.151ms returns 0xBC0
T1DDC 052:912.968 JLINK_WriteMem(0x900FB600, 0xBC0 Bytes, ...)
T1DDC 052:913.000   Data:  00 12 70 E2 96 38 06 59 3B 00 E8 69 1F F2 D6 60 ...
T1DDC 052:913.040   completely In flash
T1DDC 052:913.068 - 0.102ms returns 0xBC0
T1DDC 052:913.416 JLINK_WriteMem(0x900FC1C0, 0xBB0 Bytes, ...)
T1DDC 052:913.444   Data:  12 DC 6B 7E 00 F0 D5 31 51 31 D8 EE 7E E1 2F 95 ...
T1DDC 052:913.476   completely In flash
T1DDC 052:913.500 - 0.084ms returns 0xBB0
T1DDC 052:913.944 JLINK_WriteMem(0x900FCD70, 0xBC0 Bytes, ...)
T1DDC 052:913.988   Data:  F4 3E 2D E4 98 0F D2 49 A2 FC 16 20 54 1D 7E AF ...
T1DDC 052:914.024   completely In flash
T1DDC 052:914.052 - 0.106ms returns 0xBC0
T1DDC 052:914.420 JLINK_WriteMem(0x900FD930, 0xBC0 Bytes, ...)
T1DDC 052:914.452   Data:  37 1F 00 36 11 E6 B2 88 40 81 1A 08 74 89 07 6A ...
T1DDC 052:914.492   completely In flash
T1DDC 052:914.520 - 0.099ms returns 0xBC0
T1DDC 052:915.096 JLINK_WriteMem(0x900FE4F0, 0xBB0 Bytes, ...)
T1DDC 052:915.120   Data:  F9 67 0D 00 FE D4 AD 0B AD C9 B1 08 00 21 8B 10 ...
T1DDC 052:915.148   completely In flash
T1DDC 052:915.176 - 0.078ms returns 0xBB0
T1DDC 052:915.576 JLINK_WriteMem(0x900FF0A0, 0xBD0 Bytes, ...)
T1DDC 052:915.612   Data:  74 3C 49 8D CD 25 12 CC 7C B6 00 80 F4 F5 A4 EE ...
T1DDC 052:915.640   completely In flash
T1DDC 052:915.668 - 0.089ms returns 0xBD0
T1DDC 052:916.040 JLINK_WriteMem(0x900FFC70, 0xBC0 Bytes, ...)
T1DDC 052:916.060   Data:  C5 FB 80 80 6A F7 DA 3D 9E 6A 7C FE 08 60 EA 9B ...
T1DDC 052:916.492   completely In flash
T1DDC 052:917.256 - 1.214ms returns 0xBC0
T1DDC 052:917.832 JLINK_WriteMem(0x90100830, 0xBC0 Bytes, ...)
T1DDC 052:917.864   Data:  00 C5 AF 01 60 9D 62 EF 8D 06 92 26 8B 02 C0 7A ...
T1DDC 052:917.912   completely In flash
T1DDC 052:917.940 - 0.110ms returns 0xBC0
T1DDC 052:918.312 JLINK_WriteMem(0x901013F0, 0xBC0 Bytes, ...)
T1DDC 052:918.340   Data:  77 5A 0F 67 59 77 FE 02 80 19 90 04 F4 02 AF 01 ...
T1DDC 052:918.372   completely In flash
T1DDC 052:918.400 - 0.091ms returns 0xBC0
T1DDC 052:918.760 JLINK_WriteMem(0x90101FB0, 0xBB0 Bytes, ...)
T1DDC 052:918.788   Data:  4D FB 1A 00 9C 3E 5C 35 10 D7 F5 76 79 E7 7A 30 ...
T1DDC 052:918.824   completely In flash
T1DDC 052:918.848 - 0.089ms returns 0xBB0
T1DDC 052:919.224 JLINK_WriteMem(0x90102B60, 0xBC0 Bytes, ...)
T1DDC 052:919.244   Data:  5E B1 2B 01 02 50 9D 9F 25 3E E1 FF 00 40 C2 C8 ...
T1DDC 052:919.276   completely In flash
T1DDC 052:919.304 - 0.081ms returns 0xBC0
T1DDC 052:919.732 JLINK_WriteMem(0x90103720, 0xBC0 Bytes, ...)
T1DDC 052:919.768   Data:  FF FF FF FF FF 03 30 00 40 01 00 80 0C E4 47 CA ...
T1DDC 052:919.804   completely In flash
T1DDC 052:919.832 - 0.101ms returns 0xBC0
T1DDC 052:920.252 JLINK_WriteMem(0x901042E0, 0xBC0 Bytes, ...)
T1DDC 052:920.280   Data:  3D 69 B4 9B 00 01 28 38 BE F5 C9 46 0F 00 94 C9 ...
T1DDC 052:920.848   completely In flash
T1DDC 052:920.888 - 0.633ms returns 0xBC0
T1DDC 052:921.372 JLINK_WriteMem(0x90104EA0, 0xBB0 Bytes, ...)
T1DDC 052:921.416   Data:  AB 0A 00 D6 03 D8 49 3C 3B 82 B2 00 70 5A 31 89 ...
T1DDC 052:921.444   completely In flash
T1DDC 052:921.480 - 0.107ms returns 0xBB0
T1DDC 052:921.832 JLINK_WriteMem(0x90105A50, 0xBC0 Bytes, ...)
T1DDC 052:921.856   Data:  0A 12 00 64 16 E8 35 DF 8E B3 ED 9D D3 06 00 D9 ...
T1DDC 052:921.884   completely In flash
T1DDC 052:921.912 - 0.078ms returns 0xBC0
T1DDC 052:922.312 JLINK_WriteMem(0x90106610, 0xBC0 Bytes, ...)
T1DDC 052:922.344   Data:  93 93 BB B4 F5 FF 02 80 C6 18 B2 E9 E6 BF 5C 1C ...
T1DDC 052:922.376   completely In flash
T1DDC 052:922.400 - 0.085ms returns 0xBC0
T1DDC 052:922.792 JLINK_WriteMem(0x901071D0, 0xBC0 Bytes, ...)
T1DDC 052:922.820   Data:  8B D9 2D D4 29 A3 57 00 98 3B 22 C2 72 6A D6 1D ...
T1DDC 052:922.852   completely In flash
T1DDC 052:922.876 - 0.087ms returns 0xBC0
T1DDC 052:923.264 JLINK_WriteMem(0x90107D90, 0xBE0 Bytes, ...)
T1DDC 052:923.300   Data:  00 00 9A 8B 4E 27 A8 FD 00 00 00 80 E2 73 53 27 ...
T1DDC 052:923.328   completely In flash
T1DDC 052:923.356 - 0.091ms returns 0xBE0
T1DDC 052:923.700 JLINK_WriteMem(0x90108970, 0xBD0 Bytes, ...)
T1DDC 052:923.728   Data:  FF 00 57 AE 7A 39 30 FB FF FF FF 80 6C EC 43 27 ...
T1DDC 052:923.756   completely In flash
T1DDC 052:923.784 - 0.081ms returns 0xBD0
T1DDC 052:924.240 JLINK_WriteMem(0x90109540, 0xBB0 Bytes, ...)
T1DDC 052:924.264   Data:  F5 69 66 06 00 0C 49 37 11 05 3D 03 48 8C C1 4B ...
T1DDC 052:924.296   completely In flash
T1DDC 052:924.324 - 0.085ms returns 0xBB0
T1DDC 052:924.956 JLINK_WriteMem(0x9010A0F0, 0xBC0 Bytes, ...)
T1DDC 052:925.016   Data:  12 00 50 C8 06 51 AC 62 2E 08 08 00 D8 4B A8 CF ...
T1DDC 052:925.056   completely In flash
T1DDC 052:925.084 - 0.126ms returns 0xBC0
T1DDC 052:925.824 JLINK_WriteMem(0x9010ACB0, 0xBC0 Bytes, ...)
T1DDC 052:925.892   Data:  3F 2D 0E 09 01 04 91 11 15 04 00 20 C3 D2 00 03 ...
T1DDC 052:925.976   completely In flash
T1DDC 052:926.028 - 0.204ms returns 0xBC0
T1DDC 052:927.652 JLINK_WriteMem(0x9010B870, 0xBC0 Bytes, ...)
T1DDC 052:927.848   Data:  4B 87 80 F6 5B 0E 65 F4 D2 2D EE D1 B9 CA 03 C0 ...
T1DDC 052:927.932   completely In flash
T1DDC 052:927.980 - 0.339ms returns 0xBC0
T1DDC 052:929.420 JLINK_WriteMem(0x9010C430, 0xBC0 Bytes, ...)
T1DDC 052:929.528   Data:  5A 1B D0 BC 1F 9C 1F 1F 19 1B 10 02 B4 D6 A8 E4 ...
T1DDC 052:929.572   completely In flash
T1DDC 052:929.600 - 0.182ms returns 0xBC0
T1DDC 052:930.320 JLINK_WriteMem(0x9010CFF0, 0xBB0 Bytes, ...)
T1DDC 052:930.368   Data:  5E FE 5F B1 E0 0C 53 0A 48 D7 FF 60 B7 01 E0 EE ...
T1DDC 052:930.404   completely In flash
T1DDC 052:930.428 - 0.111ms returns 0xBB0
T1DDC 052:931.064 JLINK_WriteMem(0x9010DBA0, 0xB60 Bytes, ...)
T1DDC 052:931.116   Data:  7D A4 17 72 B4 E5 6A 7E 00 50 75 BC A9 AF 5E 09 ...
T1DDC 052:931.160   completely In flash
T1DDC 052:931.184 - 0.120ms returns 0xB60
T1DDC 052:932.536 JLINK_WriteMem(0x9010E700, 0xBC0 Bytes, ...)
T1DDC 052:932.648   Data:  10 CF 6B C5 D5 AC 8A 8B 34 D6 FA DD 77 74 A2 17 ...
T1DDC 052:932.680   completely In flash
T1DDC 052:932.708 - 0.172ms returns 0xBC0
T1DDC 052:933.296 JLINK_WriteMem(0x9010F2C0, 0xBC0 Bytes, ...)
T1DDC 052:933.336   Data:  6F DA 71 77 F5 D3 E3 AA A2 54 FB DE 84 D2 5A 52 ...
T1DDC 052:933.364   completely In flash
T1DDC 052:933.388 - 0.094ms returns 0xBC0
T1DDC 052:933.932 JLINK_WriteMem(0x9010FE80, 0xBB0 Bytes, ...)
T1DDC 052:933.976   Data:  62 37 59 AE DE D7 36 65 1E F4 1D C4 FE B3 AB C4 ...
T1DDC 052:934.008   completely In flash
T1DDC 052:934.036 - 0.099ms returns 0xBB0
T1DDC 052:934.524 JLINK_WriteMem(0x90110A30, 0xBB0 Bytes, ...)
T1DDC 052:934.568   Data:  AE 3F F1 64 1A D2 5E C1 55 2C 77 41 B9 4F E7 DF ...
T1DDC 052:934.600   completely In flash
T1DDC 052:934.632 - 0.106ms returns 0xBB0
T1DDC 052:935.048 JLINK_WriteMem(0x901115E0, 0xBC0 Bytes, ...)
T1DDC 052:935.072   Data:  B7 51 7E C4 E1 BD 59 CB CA E7 D9 A2 F8 EC AB 4A ...
T1DDC 052:935.100   completely In flash
T1DDC 052:935.128 - 0.079ms returns 0xBC0
T1DDC 052:935.600 JLINK_WriteMem(0x901121A0, 0xBC0 Bytes, ...)
T1DDC 052:935.640   Data:  C2 9D B3 A5 58 1F C5 09 95 AF 8D AB 9B 1E C7 D4 ...
T1DDC 052:935.672   completely In flash
T1DDC 052:935.700 - 0.099ms returns 0xBC0
T1DDC 052:936.092 JLINK_WriteMem(0x90112D60, 0xBB0 Bytes, ...)
T1DDC 052:936.120   Data:  39 D4 49 D3 90 6B F2 E8 AB BE 86 C0 FD 1A 26 79 ...
T1DDC 052:936.148   completely In flash
T1DDC 052:936.172 - 0.081ms returns 0xBB0
T1DDC 052:936.552 JLINK_WriteMem(0x90113910, 0xBB0 Bytes, ...)
T1DDC 052:936.580   Data:  15 1C 7D AA 9F 8D 79 4F 68 34 8A F6 54 00 33 9D ...
T1DDC 052:936.608   completely In flash
T1DDC 052:936.632 - 0.080ms returns 0xBB0
T1DDC 052:937.036 JLINK_WriteMem(0x901144C0, 0xBC0 Bytes, ...)
T1DDC 052:937.060   Data:  B2 4C 58 8D 49 B3 7A 7D D3 31 FD A4 4B BB 9A 4D ...
T1DDC 052:937.088   completely In flash
T1DDC 052:937.112 - 0.079ms returns 0xBC0
T1DDC 052:937.520 JLINK_WriteMem(0x90115080, 0xBC0 Bytes, ...)
T1DDC 052:937.552   Data:  76 B9 6E 74 85 BE 2E 6D E6 3E B9 66 3E CF EC 68 ...
T1DDC 052:937.580   completely In flash
T1DDC 052:937.608 - 0.087ms returns 0xBC0
T1DDC 052:937.976 JLINK_WriteMem(0x90115C40, 0xBC0 Bytes, ...)
T1DDC 052:938.008   Data:  F7 66 8D C4 67 22 BC 66 EA 9D 38 E6 E1 F9 6A FB ...
T1DDC 052:938.036   completely In flash
T1DDC 052:938.064 - 0.085ms returns 0xBC0
T1DDC 052:938.412 JLINK_WriteMem(0x90116800, 0xBB0 Bytes, ...)
T1DDC 052:938.436   Data:  4D 79 98 16 48 CA 38 C0 28 DE 3D CD D4 4B 61 0B ...
T1DDC 052:938.472   completely In flash
T1DDC 052:938.500 - 0.087ms returns 0xBB0
T1DDC 052:938.904 JLINK_WriteMem(0x901173B0, 0xBC0 Bytes, ...)
T1DDC 052:938.936   Data:  65 54 4B D9 3F BD C3 3B 94 7B 63 4C AD 68 45 35 ...
T1DDC 052:938.964   completely In flash
T1DDC 052:938.988 - 0.086ms returns 0xBC0
T1DDC 052:939.368 JLINK_WriteMem(0x90117F70, 0xBB0 Bytes, ...)
T1DDC 052:939.392   Data:  28 18 30 CA B1 53 77 62 25 CF D6 46 8A D3 69 CB ...
T1DDC 052:939.424   completely In flash
T1DDC 052:939.448 - 0.082ms returns 0xBB0
T1DDC 052:939.920 JLINK_WriteMem(0x90118B20, 0xBC0 Bytes, ...)
T1DDC 052:939.952   Data:  A2 D2 E4 36 43 C4 A5 6A 9F 06 4A 9C 75 17 95 9B ...
T1DDC 052:939.980   completely In flash
T1DDC 052:940.008 - 0.087ms returns 0xBC0
T1DDC 052:940.348 JLINK_WriteMem(0x901196E0, 0xBC0 Bytes, ...)
T1DDC 052:940.372   Data:  7E 5D 6C 7D C3 27 45 25 5F 63 9F C7 7E 6C 64 0F ...
T1DDC 052:940.400   completely In flash
T1DDC 052:940.424 - 0.073ms returns 0xBC0
T1DDC 052:941.204 JLINK_WriteMem(0x9011A2A0, 0xBB0 Bytes, ...)
T1DDC 052:941.284   Data:  09 52 32 FC 7C 25 7B 38 80 F1 C6 07 B7 7D 97 36 ...
T1DDC 052:941.336   completely In flash
T1DDC 052:941.380 - 0.177ms returns 0xBB0
T1DDC 052:942.168 JLINK_WriteMem(0x9011AE50, 0xBB0 Bytes, ...)
T1DDC 052:942.248   Data:  8F 46 A3 36 66 1E F5 26 88 D1 FC 9A E7 C7 20 F9 ...
T1DDC 052:942.320   completely In flash
T1DDC 052:942.368 - 0.203ms returns 0xBB0
T1DDC 052:943.320 JLINK_WriteMem(0x9011BA00, 0xBC0 Bytes, ...)
T1DDC 052:943.492   Data:  75 58 DB A6 A2 EA A7 43 AF C4 DC E5 C2 85 4C 25 ...
T1DDC 052:943.632   completely In flash
T1DDC 052:943.700 - 0.382ms returns 0xBC0
T1DDC 052:945.096 JLINK_WriteMem(0x9011C5C0, 0xBB0 Bytes, ...)
T1DDC 052:945.256   Data:  1D 9E 79 A8 ED EC 56 67 F7 33 53 25 25 2A 8D FC ...
T1DDC 052:945.368   completely In flash
T1DDC 052:945.408 - 0.312ms returns 0xBB0
T1DDC 052:946.476 JLINK_WriteMem(0x9011D170, 0xBC0 Bytes, ...)
T1DDC 052:946.552   Data:  D9 6C 7E 37 F2 85 50 F1 D9 5A 72 BC DE B9 A8 75 ...
T1DDC 052:946.584   completely In flash
T1DDC 052:946.616 - 0.138ms returns 0xBC0
T1DDC 052:947.136 JLINK_WriteMem(0x9011DD30, 0xBB0 Bytes, ...)
T1DDC 052:947.180   Data:  24 1B 3D ED 7D A4 8C 0D 9C 43 D8 3A ED 3E D2 8F ...
T1DDC 052:947.228   completely In flash
T1DDC 052:947.256 - 0.122ms returns 0xBB0
T1DDC 052:947.732 JLINK_WriteMem(0x9011E8E0, 0xBC0 Bytes, ...)
T1DDC 052:947.772   Data:  AE 3E CA A2 EF AE BB 14 5F DF BC 9F 32 97 D5 A7 ...
T1DDC 052:947.816   completely In flash
T1DDC 052:947.848 - 0.117ms returns 0xBC0
T1DDC 052:948.304 JLINK_WriteMem(0x9011F4A0, 0xBB0 Bytes, ...)
T1DDC 052:948.328   Data:  E0 41 E9 1D 3A C8 A4 23 A7 E5 66 4D A2 18 F0 A2 ...
T1DDC 052:948.360   completely In flash
T1DDC 052:948.384 - 0.082ms returns 0xBB0
T1DDC 052:948.884 JLINK_WriteMem(0x90120050, 0xBB0 Bytes, ...)
T1DDC 052:948.928   Data:  80 37 67 04 F1 36 4D 02 00 8B 3F B2 ED AB 47 18 ...
T1DDC 052:948.960   completely In flash
T1DDC 052:948.988 - 0.106ms returns 0xBB0
T1DDC 052:949.476 JLINK_WriteMem(0x90120C00, 0xBB0 Bytes, ...)
T1DDC 052:949.508   Data:  AA 68 EC 75 CA E3 99 79 0E 7B BF 32 C5 5E 31 B8 ...
T1DDC 052:949.544   completely In flash
T1DDC 052:949.568 - 0.093ms returns 0xBB0
T1DDC 052:949.944 JLINK_WriteMem(0x901217B0, 0xBC0 Bytes, ...)
T1DDC 052:949.964   Data:  8F 11 8F 4C 15 88 9D 67 D7 51 52 FD 78 E3 79 74 ...
T1DDC 052:950.000   completely In flash
T1DDC 052:950.024 - 0.085ms returns 0xBC0
T1DDC 052:950.408 JLINK_WriteMem(0x90122370, 0xBB0 Bytes, ...)
T1DDC 052:950.428   Data:  37 F5 5E 2E 2E 9E 42 89 76 58 6E 81 EE 28 76 13 ...
T1DDC 052:950.456   completely In flash
T1DDC 052:950.484 - 0.078ms returns 0xBB0
T1DDC 052:950.884 JLINK_WriteMem(0x90122F20, 0xBC0 Bytes, ...)
T1DDC 052:950.920   Data:  15 73 51 77 A9 ED 45 DF A7 8E B1 4E 4E 7A 1C BD ...
T1DDC 052:950.960   completely In flash
T1DDC 052:950.984 - 0.101ms returns 0xBC0
T1DDC 052:951.552 JLINK_WriteMem(0x90123AE0, 0xBB0 Bytes, ...)
T1DDC 052:951.576   Data:  82 3D B3 7C D6 12 D5 23 96 35 21 DD 4B A4 FF E7 ...
T1DDC 052:951.608   completely In flash
T1DDC 052:951.636 - 0.081ms returns 0xBB0
T1DDC 052:952.000 JLINK_WriteMem(0x90124690, 0xBB0 Bytes, ...)
T1DDC 052:952.020   Data:  DE 4D E7 02 F7 5F BC 3F 43 11 FF 81 A1 C7 FD A5 ...
T1DDC 052:952.056   completely In flash
T1DDC 052:952.076 - 0.080ms returns 0xBB0
T1DDC 052:952.508 JLINK_WriteMem(0x90125240, 0xBC0 Bytes, ...)
T1DDC 052:952.548   Data:  EE F2 5C 08 F9 E2 E3 D7 C6 24 16 9A 55 69 59 9F ...
T1DDC 052:953.184   completely In flash
T1DDC 052:953.224 - 0.713ms returns 0xBC0
T1DDC 052:953.612 JLINK_WriteMem(0x90125E00, 0xBB0 Bytes, ...)
T1DDC 052:953.640   Data:  28 45 23 89 58 D3 59 C1 17 ED 66 6D CF 86 16 7A ...
T1DDC 052:953.688   completely In flash
T1DDC 052:953.716 - 0.103ms returns 0xBB0
T1DDC 052:954.088 JLINK_WriteMem(0x901269B0, 0xBC0 Bytes, ...)
T1DDC 052:954.112   Data:  BD CB E6 32 95 72 0F 55 BB 91 BE 62 D9 BA 3F 15 ...
T1DDC 052:954.136   completely In flash
T1DDC 052:954.164 - 0.076ms returns 0xBC0
T1DDC 052:954.496 JLINK_WriteMem(0x90127570, 0xBC0 Bytes, ...)
T1DDC 052:954.516   Data:  3C 33 E1 47 21 57 94 75 5C 45 DE 32 E8 8C D0 74 ...
T1DDC 052:954.540   completely In flash
T1DDC 052:954.568 - 0.070ms returns 0xBC0
T1DDC 052:954.912 JLINK_WriteMem(0x90128130, 0xBC0 Bytes, ...)
T1DDC 052:954.944   Data:  2E 3E 6C 44 78 D6 5E B7 99 00 FD 68 C2 3C 6F DB ...
T1DDC 052:954.976   completely In flash
T1DDC 052:955.000 - 0.087ms returns 0xBC0
T1DDC 052:955.344 JLINK_WriteMem(0x90128CF0, 0xBC0 Bytes, ...)
T1DDC 052:955.372   Data:  5E F7 42 92 3E AD FD AB 48 54 01 A7 44 BA 53 BE ...
T1DDC 052:955.400   completely In flash
T1DDC 052:955.424 - 0.079ms returns 0xBC0
T1DDC 052:955.796 JLINK_WriteMem(0x901298B0, 0xBC0 Bytes, ...)
T1DDC 052:955.824   Data:  34 C4 D8 AF C0 B1 EF A7 93 D1 37 5D B8 B4 11 9C ...
T1DDC 052:955.852   completely In flash
T1DDC 052:955.880 - 0.081ms returns 0xBC0
T1DDC 052:956.352 JLINK_WriteMem(0x9012A470, 0xBC0 Bytes, ...)
T1DDC 052:956.384   Data:  BA 6F E1 DC 57 D5 A8 50 F1 E2 B5 2B 6F 71 B6 31 ...
T1DDC 052:956.416   completely In flash
T1DDC 052:956.440 - 0.090ms returns 0xBC0
T1DDC 052:956.920 JLINK_WriteMem(0x9012B030, 0xBD0 Bytes, ...)
T1DDC 052:956.952   Data:  FA 78 F5 5F 43 57 FB EC B9 D7 7C 2E 72 69 EF 08 ...
T1DDC 052:956.984   completely In flash
T1DDC 052:957.008 - 0.090ms returns 0xBD0
T1DDC 052:957.520 JLINK_WriteMem(0x9012BC00, 0xBD0 Bytes, ...)
T1DDC 052:957.576   Data:  1A F9 FF FF FF EB 6C 5E 69 26 FF D5 FF FF FF 90 ...
T1DDC 052:957.624   completely In flash
T1DDC 052:957.672 - 0.150ms returns 0xBD0
T1DDC 052:959.368 JLINK_WriteMem(0x9012C7D0, 0xBD0 Bytes, ...)
T1DDC 052:959.448   Data:  FF 8E E0 A2 67 26 EF E0 FF FF FF E5 4E 54 4A 25 ...
T1DDC 052:959.496   completely In flash
T1DDC 052:959.544 - 0.174ms returns 0xBD0
T1DDC 052:960.392 JLINK_WriteMem(0x9012D3A0, 0xBD0 Bytes, ...)
T1DDC 052:960.468   Data:  52 26 87 ED FF FF FF 9E 12 48 60 26 2B EA FF FF ...
T1DDC 052:960.504   completely In flash
T1DDC 052:960.536 - 0.140ms returns 0xBD0
T1DDC 052:961.336 JLINK_WriteMem(0x9012DF70, 0xBB0 Bytes, ...)
T1DDC 052:961.416   Data:  FF FF FF FC 28 1C 73 26 97 E3 FF FF FF ED 00 90 ...
T1DDC 052:961.460   completely In flash
T1DDC 052:961.488 - 0.154ms returns 0xBB0
T1DDC 052:962.200 JLINK_WriteMem(0x9012EB20, 0xBB0 Bytes, ...)
T1DDC 052:962.252   Data:  20 AA 11 E3 74 DE E4 FA 42 A7 DF D7 F2 6D D0 22 ...
T1DDC 052:962.292   completely In flash
T1DDC 052:962.328 - 0.127ms returns 0xBB0
T1DDC 052:962.948 JLINK_WriteMem(0x9012F6D0, 0xBC0 Bytes, ...)
T1DDC 052:962.984   Data:  AC CD F4 B5 EB EA 7A 0A CD 58 F9 13 C8 84 86 33 ...
T1DDC 052:963.012   completely In flash
T1DDC 052:963.040 - 0.093ms returns 0xBC0
T1DDC 052:963.640 JLINK_WriteMem(0x90130290, 0xBB0 Bytes, ...)
T1DDC 052:963.688   Data:  01 56 46 94 B8 CA F6 1F A7 55 46 E5 F1 57 C9 93 ...
T1DDC 052:963.720   completely In flash
T1DDC 052:963.744 - 0.105ms returns 0xBB0
T1DDC 052:964.228 JLINK_WriteMem(0x90130E40, 0xBC0 Bytes, ...)
T1DDC 052:964.268   Data:  BE D7 85 FB A3 31 EE EE 55 8E 98 43 18 4D 3E CB ...
T1DDC 052:964.300   completely In flash
T1DDC 052:964.328 - 0.100ms returns 0xBC0
T1DDC 052:964.760 JLINK_WriteMem(0x90131A00, 0xBB0 Bytes, ...)
T1DDC 052:964.792   Data:  79 CC 70 44 5B 67 37 0F 9D E9 30 2A 0F 97 8F 5A ...
T1DDC 052:964.820   completely In flash
T1DDC 052:964.848 - 0.086ms returns 0xBB0
T1DDC 052:965.292 JLINK_WriteMem(0x901325B0, 0xBB0 Bytes, ...)
T1DDC 052:965.324   Data:  63 95 3B 39 B7 08 54 0F 13 01 30 4E CE 29 A7 05 ...
T1DDC 052:965.356   completely In flash
T1DDC 052:965.384 - 0.090ms returns 0xBB0
T1DDC 052:965.788 JLINK_WriteMem(0x90133160, 0xBB0 Bytes, ...)
T1DDC 052:965.816   Data:  72 0B 33 1C E1 CD E8 88 DF E4 43 3B 9C 08 75 AC ...
T1DDC 052:965.848   completely In flash
T1DDC 052:965.876 - 0.086ms returns 0xBB0
T1DDC 052:966.284 JLINK_WriteMem(0x90133D10, 0xBB0 Bytes, ...)
T1DDC 052:966.312   Data:  C2 93 68 34 FA A6 D3 23 AC 16 18 0D 59 DB AF F2 ...
T1DDC 052:966.344   completely In flash
T1DDC 052:966.368 - 0.082ms returns 0xBB0
T1DDC 052:966.724 JLINK_WriteMem(0x901348C0, 0xBC0 Bytes, ...)
T1DDC 052:966.744   Data:  50 D3 18 57 6D 75 C3 85 5B D5 7E 4B 45 18 D0 84 ...
T1DDC 052:966.776   completely In flash
T1DDC 052:966.800 - 0.077ms returns 0xBC0
T1DDC 052:967.164 JLINK_WriteMem(0x90135480, 0xBC0 Bytes, ...)
T1DDC 052:967.200   Data:  6B 21 7D F7 AC 50 E9 32 44 D3 0B 13 72 4C A0 8D ...
T1DDC 052:967.256   completely In flash
T1DDC 052:967.280 - 0.114ms returns 0xBC0
T1DDC 052:967.640 JLINK_WriteMem(0x90136040, 0xBC0 Bytes, ...)
T1DDC 052:967.664   Data:  C7 A0 E0 57 8D 7E ED 8C 26 E5 F6 7E 5D 00 5F 1E ...
T1DDC 052:967.692   completely In flash
T1DDC 052:967.720 - 0.079ms returns 0xBC0
T1DDC 052:968.072 JLINK_WriteMem(0x90136C00, 0xBB0 Bytes, ...)
T1DDC 052:968.100   Data:  FD 02 F4 3B 02 35 6D 8F ED 4F 95 55 E0 E9 BE 9B ...
T1DDC 052:968.124   completely In flash
T1DDC 052:968.152 - 0.075ms returns 0xBB0
T1DDC 052:968.488 JLINK_WriteMem(0x901377B0, 0xBB0 Bytes, ...)
T1DDC 052:968.504   Data:  B4 6D A4 5A E5 5B FE 7E 5B 99 21 5A 92 33 39 35 ...
T1DDC 052:968.532   completely In flash
T1DDC 052:968.556 - 0.071ms returns 0xBB0
T1DDC 052:968.904 JLINK_WriteMem(0x90138360, 0xBB0 Bytes, ...)
T1DDC 052:968.932   Data:  24 F0 98 DC 6B 88 DA 3E 36 F8 3F 5B D3 84 92 A6 ...
T1DDC 052:968.956   completely In flash
T1DDC 052:968.984 - 0.076ms returns 0xBB0
T1DDC 052:969.624 JLINK_WriteMem(0x90138F10, 0xBC0 Bytes, ...)
T1DDC 052:969.648   Data:  6C 8A ED B0 1B DC 82 83 DD F6 68 54 C1 F6 D0 64 ...
T1DDC 052:969.676   completely In flash
T1DDC 052:969.704 - 0.080ms returns 0xBC0
T1DDC 052:970.024 JLINK_WriteMem(0x90139AD0, 0xBC0 Bytes, ...)
T1DDC 052:970.052   Data:  18 AE 92 D0 82 DB 2B 73 61 2C F5 66 9E CC 30 AC ...
T1DDC 052:970.080   completely In flash
T1DDC 052:970.104 - 0.079ms returns 0xBC0
T1DDC 052:970.468 JLINK_WriteMem(0x9013A690, 0xBC0 Bytes, ...)
T1DDC 052:970.496   Data:  32 F2 01 77 68 D5 C4 BF A8 AE 5B CB 06 FD 4B 4A ...
T1DDC 052:970.524   completely In flash
T1DDC 052:970.552 - 0.085ms returns 0xBC0
T1DDC 052:970.912 JLINK_WriteMem(0x9013B250, 0xBB0 Bytes, ...)
T1DDC 052:970.936   Data:  1A FC CF C8 56 61 C9 13 43 14 94 BD 22 57 C1 F2 ...
T1DDC 052:970.968   completely In flash
T1DDC 052:970.988 - 0.079ms returns 0xBB0
T1DDC 052:971.460 JLINK_WriteMem(0x9013BE00, 0xBC0 Bytes, ...)
T1DDC 052:971.492   Data:  32 96 A2 2B 49 1F 2B 6B 60 AE FA 3F 77 95 E3 DC ...
T1DDC 052:971.520   completely In flash
T1DDC 052:971.544 - 0.086ms returns 0xBC0
T1DDC 052:971.968 JLINK_WriteMem(0x9013C9C0, 0xBC0 Bytes, ...)
T1DDC 052:971.992   Data:  2A FB B5 3B 26 7D 1F 8F 5A 0E 11 DA 7B A3 B0 43 ...
T1DDC 052:972.024   completely In flash
T1DDC 052:972.052 - 0.084ms returns 0xBC0
T1DDC 052:972.568 JLINK_WriteMem(0x9013D580, 0xBC0 Bytes, ...)
T1DDC 052:972.604   Data:  45 22 D1 2F D4 7E 29 45 2B 48 65 E1 2D 96 76 CC ...
T1DDC 052:972.632   completely In flash
T1DDC 052:972.660 - 0.095ms returns 0xBC0
T1DDC 052:973.132 JLINK_WriteMem(0x9013E140, 0xBC0 Bytes, ...)
T1DDC 052:973.172   Data:  26 CD 1D 38 A9 5E AE B2 38 18 79 DA 3D 69 73 C1 ...
T1DDC 052:973.204   completely In flash
T1DDC 052:973.228 - 0.096ms returns 0xBC0
T1DDC 052:973.668 JLINK_WriteMem(0x9013ED00, 0xBC0 Bytes, ...)
T1DDC 052:973.692   Data:  FD CF FD 5D FB 47 6C 02 BC F3 5F EE 60 61 8B 9F ...
T1DDC 052:973.720   completely In flash
T1DDC 052:973.744 - 0.078ms returns 0xBC0
T1DDC 052:974.168 JLINK_WriteMem(0x9013F8C0, 0xBB0 Bytes, ...)
T1DDC 052:974.204   Data:  CA 24 47 1D C4 FA 83 04 FE 41 38 FF 92 F6 0F A7 ...
T1DDC 052:974.232   completely In flash
T1DDC 052:974.264 - 0.091ms returns 0xBB0
T1DDC 052:974.936 JLINK_WriteMem(0x90140470, 0xBB0 Bytes, ...)
T1DDC 052:974.984   Data:  55 8A 75 0B C7 2A 7E EA 93 3E FF 06 53 41 2F 56 ...
T1DDC 052:975.032   completely In flash
T1DDC 052:975.076 - 0.142ms returns 0xBB0
T1DDC 052:975.736 JLINK_WriteMem(0x90141020, 0xBB0 Bytes, ...)
T1DDC 052:975.788   Data:  7F B5 39 C2 F1 06 9B 3D 9D 23 A6 E8 72 FF 62 8A ...
T1DDC 052:975.836   completely In flash
T1DDC 052:975.880 - 0.145ms returns 0xBB0
T1DDC 052:976.552 JLINK_WriteMem(0x90141BD0, 0xBC0 Bytes, ...)
T1DDC 052:976.600   Data:  5B AA 5F EF F1 B2 BD A1 99 07 1D 79 DB 3B 5B FC ...
T1DDC 052:976.632   completely In flash
T1DDC 052:976.660 - 0.111ms returns 0xBC0
T1DDC 052:977.280 JLINK_WriteMem(0x90142790, 0xBC0 Bytes, ...)
T1DDC 052:977.332   Data:  8A 90 AC BD 79 1E 83 AC 43 05 E9 95 1C AF 9A E9 ...
T1DDC 052:977.376   completely In flash
T1DDC 052:977.408 - 0.126ms returns 0xBC0
T1DDC 052:978.084 JLINK_WriteMem(0x90143350, 0xBB0 Bytes, ...)
T1DDC 052:978.132   Data:  BA 3D 6F F0 F3 DA 5A F5 8E D9 98 CE 88 B4 72 47 ...
T1DDC 052:978.164   completely In flash
T1DDC 052:978.188 - 0.105ms returns 0xBB0
T1DDC 052:978.696 JLINK_WriteMem(0x90143F00, 0xBB0 Bytes, ...)
T1DDC 052:978.728   Data:  78 2A 0C 3C 9A 8C DD B7 9C 54 E8 B1 F8 8D 07 6B ...
T1DDC 052:978.756   completely In flash
T1DDC 052:978.780 - 0.087ms returns 0xBB0
T1DDC 052:979.180 JLINK_WriteMem(0x90144AB0, 0xBC0 Bytes, ...)
T1DDC 052:979.208   Data:  5E E5 07 0C 4D A8 16 B3 4A C2 4F AA 47 FA B1 F2 ...
T1DDC 052:979.236   completely In flash
T1DDC 052:979.260 - 0.081ms returns 0xBC0
T1DDC 052:979.772 JLINK_WriteMem(0x90145670, 0xBB0 Bytes, ...)
T1DDC 052:979.812   Data:  C6 F6 C7 BE D2 36 59 9B BF 6D 2D BF C9 79 C5 BA ...
T1DDC 052:979.860   completely In flash
T1DDC 052:979.884 - 0.113ms returns 0xBB0
T1DDC 052:980.896 JLINK_WriteMem(0x90146220, 0xBC0 Bytes, ...)
T1DDC 052:981.024   Data:  D0 CB 48 20 E4 C6 BF 25 86 F7 48 4C A2 77 F4 36 ...
T1DDC 052:981.080   completely In flash
T1DDC 052:981.112 - 0.221ms returns 0xBC0
T1DDC 052:982.124 JLINK_WriteMem(0x90146DE0, 0xBC0 Bytes, ...)
T1DDC 052:982.328   Data:  CD 10 94 72 9E 73 4D 64 E1 5A 20 23 91 16 01 19 ...
T1DDC 052:982.500   completely In flash
T1DDC 052:982.540 - 0.419ms returns 0xBC0
T1DDC 052:983.536 JLINK_WriteMem(0x901479A0, 0xBC0 Bytes, ...)
T1DDC 052:983.600   Data:  87 A4 DF BC C2 FA 2C 87 B6 86 1E 09 9D F8 7E D9 ...
T1DDC 052:983.652   completely In flash
T1DDC 052:983.680 - 0.144ms returns 0xBC0
T1DDC 052:984.172 JLINK_WriteMem(0x90148560, 0xBB0 Bytes, ...)
T1DDC 052:984.216   Data:  01 D3 A6 6D 89 47 21 8C BF 54 1B FA 55 BE 90 57 ...
T1DDC 052:984.252   completely In flash
T1DDC 052:984.280 - 0.107ms returns 0xBB0
T1DDC 052:984.692 JLINK_WriteMem(0x90149110, 0xBB0 Bytes, ...)
T1DDC 052:984.720   Data:  63 84 95 EA 9B 4D 62 79 B8 F8 53 5A 2F 6F C7 E3 ...
T1DDC 052:984.748   completely In flash
T1DDC 052:984.776 - 0.080ms returns 0xBB0
T1DDC 052:986.008 JLINK_WriteMem(0x90149CC0, 0xBB0 Bytes, ...)
T1DDC 052:986.036   Data:  44 DD 22 B3 9B 6F 0C B4 13 BF E3 7B 8A 9B 98 62 ...
T1DDC 052:986.072   completely In flash
T1DDC 052:986.104 - 0.094ms returns 0xBB0
T1DDC 052:986.468 JLINK_WriteMem(0x9014A870, 0xBC0 Bytes, ...)
T1DDC 052:986.488   Data:  6B E9 E1 8E 7E C9 A9 7B 9F 25 B4 FC 44 37 B1 EB ...
T1DDC 052:986.520   completely In flash
T1DDC 052:986.548 - 0.080ms returns 0xBC0
T1DDC 052:986.940 JLINK_WriteMem(0x9014B430, 0xBB0 Bytes, ...)
T1DDC 052:986.972   Data:  0D 23 06 08 D3 39 57 7C 9B 2B B0 65 BF 95 67 67 ...
T1DDC 052:987.656   completely In flash
T1DDC 052:987.692 - 0.752ms returns 0xBB0
T1DDC 052:988.132 JLINK_WriteMem(0x9014BFE0, 0xBC0 Bytes, ...)
T1DDC 052:988.164   Data:  F5 8A 31 9B DA DE 96 7E 8E 8D EF DF 8E 18 C6 53 ...
T1DDC 052:988.192   completely In flash
T1DDC 052:988.216 - 0.087ms returns 0xBC0
T1DDC 052:988.624 JLINK_WriteMem(0x9014CBA0, 0xBB0 Bytes, ...)
T1DDC 052:988.648   Data:  3C 7D 05 0F 51 4F D0 98 5B CE CE 6C 2D 35 81 F0 ...
T1DDC 052:988.704   completely In flash
T1DDC 052:988.728 - 0.106ms returns 0xBB0
T1DDC 052:989.120 JLINK_WriteMem(0x9014D750, 0xBC0 Bytes, ...)
T1DDC 052:989.144   Data:  A8 94 FB 4F 05 FF B1 6F D3 9C 16 A8 06 88 FB 8F ...
T1DDC 052:989.172   completely In flash
T1DDC 052:989.192 - 0.076ms returns 0xBC0
T1DDC 052:989.600 JLINK_WriteMem(0x9014E310, 0xBC0 Bytes, ...)
T1DDC 052:989.632   Data:  5C EE BB 51 72 33 BD AA EA B3 2A 8D 77 BE AD 6B ...
T1DDC 052:989.656   completely In flash
T1DDC 052:989.684 - 0.084ms returns 0xBC0
T1DDC 052:990.068 JLINK_WriteMem(0x9014EED0, 0xBC0 Bytes, ...)
T1DDC 052:990.092   Data:  4E 3F DA E9 FF 5B CE A6 BC E8 F1 3B B5 6E C3 8B ...
T1DDC 052:990.120   completely In flash
T1DDC 052:990.144 - 0.079ms returns 0xBC0
T1DDC 052:990.516 JLINK_WriteMem(0x9014FA90, 0xBB0 Bytes, ...)
T1DDC 052:990.676   Data:  D5 69 33 FD B2 71 A5 DF 0E AC 31 30 BB AF EC 4A ...
T1DDC 052:990.708   completely In flash
T1DDC 052:990.736 - 0.219ms returns 0xBB0
T1DDC 052:991.224 JLINK_WriteMem(0x90150640, 0xBB0 Bytes, ...)
T1DDC 052:991.268   Data:  94 E6 6F EF 77 5F 4E 31 E4 77 C3 FE DA 9D 77 E7 ...
T1DDC 052:991.296   completely In flash
T1DDC 052:991.324 - 0.099ms returns 0xBB0
T1DDC 052:991.768 JLINK_WriteMem(0x901511F0, 0xBC0 Bytes, ...)
T1DDC 052:991.812   Data:  22 38 7E 7C 68 C1 C4 43 56 D7 BD 21 2B 28 49 C6 ...
T1DDC 052:991.844   completely In flash
T1DDC 052:991.872 - 0.099ms returns 0xBC0
T1DDC 052:992.352 JLINK_WriteMem(0x90151DB0, 0xBB0 Bytes, ...)
T1DDC 052:992.408   Data:  2B DD 58 EA 36 1E B4 82 C8 D5 7F 8E 43 44 76 63 ...
T1DDC 052:992.452   completely In flash
T1DDC 052:992.492 - 0.141ms returns 0xBB0
T1DDC 052:993.084 JLINK_WriteMem(0x90152960, 0xBC0 Bytes, ...)
T1DDC 052:993.164   Data:  FB 36 8B 3A FC C0 60 D4 F9 F7 82 FB B7 54 CC 78 ...
T1DDC 052:993.200   completely In flash
T1DDC 052:993.224 - 0.142ms returns 0xBC0
T1DDC 052:993.776 JLINK_WriteMem(0x90153520, 0xBB0 Bytes, ...)
T1DDC 052:993.804   Data:  19 A9 B7 1B 91 AD EE 4E 52 ED AD 0E 37 3B 6B F8 ...
T1DDC 052:993.832   completely In flash
T1DDC 052:993.860 - 0.084ms returns 0xBB0
T1DDC 052:994.228 JLINK_WriteMem(0x901540D0, 0xBB0 Bytes, ...)
T1DDC 052:994.252   Data:  35 17 A2 6A F7 2D C2 B4 54 D8 C3 5D D0 AB 34 4B ...
T1DDC 052:994.280   completely In flash
T1DDC 052:994.308 - 0.077ms returns 0xBB0
T1DDC 052:994.728 JLINK_WriteMem(0x90154C80, 0xBC0 Bytes, ...)
T1DDC 052:994.760   Data:  49 B7 69 7A E5 92 72 7F 61 FF 8F 2B 4B 6C F8 3B ...
T1DDC 052:994.792   completely In flash
T1DDC 052:994.820 - 0.089ms returns 0xBC0
T1DDC 052:995.520 JLINK_WriteMem(0x90155840, 0xBC0 Bytes, ...)
T1DDC 052:995.584   Data:  68 1E AD 27 78 2A 35 D6 20 13 EE C3 68 A8 13 4C ...
T1DDC 052:995.624   completely In flash
T1DDC 052:995.656 - 0.135ms returns 0xBC0
T1DDC 052:996.136 JLINK_WriteMem(0x90156400, 0xBB0 Bytes, ...)
T1DDC 052:996.176   Data:  02 04 D4 1B CC D6 DD 63 11 FB EA DF AC AC 99 56 ...
T1DDC 052:996.204   completely In flash
T1DDC 052:996.232 - 0.091ms returns 0xBB0
T1DDC 052:996.736 JLINK_WriteMem(0x90156FB0, 0xBC0 Bytes, ...)
T1DDC 052:996.776   Data:  3F 26 78 15 A1 BD 6A 9C 25 4A 00 69 B7 5C 5E 33 ...
T1DDC 052:996.808   completely In flash
T1DDC 052:996.836 - 0.099ms returns 0xBC0
T1DDC 052:997.296 JLINK_WriteMem(0x90157B70, 0xBB0 Bytes, ...)
T1DDC 052:997.336   Data:  12 83 C4 7E 82 9B 8A 27 37 7C A9 C6 B6 7B 67 22 ...
T1DDC 052:997.364   completely In flash
T1DDC 052:997.388 - 0.095ms returns 0xBB0
T1DDC 052:997.752 JLINK_WriteMem(0x90158720, 0xBC0 Bytes, ...)
T1DDC 052:997.776   Data:  AB B6 2A 98 B6 92 F5 FC 65 8A AA A5 E7 41 CD 12 ...
T1DDC 052:997.804   completely In flash
T1DDC 052:997.832 - 0.077ms returns 0xBC0
T1DDC 052:998.252 JLINK_WriteMem(0x901592E0, 0xBA0 Bytes, ...)
T1DDC 052:998.284   Data:  D3 2D 3F A5 F9 F4 5B 0D F2 82 A1 27 E1 FE 96 C9 ...
T1DDC 052:998.312   completely In flash
T1DDC 052:998.340 - 0.088ms returns 0xBA0
T1DDC 052:998.744 JLINK_WriteMem(0x90159E80, 0xBC0 Bytes, ...)
T1DDC 052:998.776   Data:  DF 78 D3 92 5D CA 55 61 7C C1 73 64 ED 6D 47 F7 ...
T1DDC 052:998.808   completely In flash
T1DDC 052:998.832 - 0.090ms returns 0xBC0
T1DDC 052:999.196 JLINK_WriteMem(0x9015AA40, 0xBB0 Bytes, ...)
T1DDC 052:999.224   Data:  D1 67 64 71 F2 8A 01 46 15 13 61 90 25 61 03 FC ...
T1DDC 052:999.252   completely In flash
T1DDC 052:999.276 - 0.078ms returns 0xBB0
T1DDC 052:999.648 JLINK_WriteMem(0x9015B5F0, 0xBC0 Bytes, ...)
T1DDC 052:999.672   Data:  73 90 A4 8F 84 3E 7B 45 74 A7 49 DE C7 BB F4 53 ...
T1DDC 052:999.700   completely In flash
T1DDC 052:999.724 - 0.077ms returns 0xBC0
T1DDC 053:000.116 JLINK_WriteMem(0x9015C1B0, 0xBC0 Bytes, ...)
T1DDC 053:000.144   Data:  FB 5F 71 0F 8B 84 9A 84 41 75 3F B5 B0 51 93 79 ...
T1DDC 053:000.172   completely In flash
T1DDC 053:000.200 - 0.085ms returns 0xBC0
T1DDC 053:000.616 JLINK_WriteMem(0x9015CD70, 0xBC0 Bytes, ...)
T1DDC 053:000.648   Data:  47 29 A3 D6 88 35 6D D7 93 90 87 EC 8E D5 00 35 ...
T1DDC 053:000.696   completely In flash
T1DDC 053:000.724 - 0.111ms returns 0xBC0
T1DDC 053:001.104 JLINK_WriteMem(0x9015D930, 0xBC0 Bytes, ...)
T1DDC 053:001.128   Data:  5D B1 76 7B 97 96 78 C9 67 5B FD C7 5A 4F 6B 04 ...
T1DDC 053:001.160   completely In flash
T1DDC 053:001.184 - 0.080ms returns 0xBC0
T1DDC 053:001.576 JLINK_WriteMem(0x9015E4F0, 0xBB0 Bytes, ...)
T1DDC 053:001.604   Data:  3C 75 5B B9 5A E3 53 87 7D 5E 99 44 15 1D 61 13 ...
T1DDC 053:001.632   completely In flash
T1DDC 053:001.656 - 0.084ms returns 0xBB0
T1DDC 053:002.100 JLINK_WriteMem(0x9015F0A0, 0xBC0 Bytes, ...)
T1DDC 053:002.148   Data:  90 11 D3 26 6E AF A7 40 3D 1C 77 DF 73 B3 F4 DE ...
T1DDC 053:002.180   completely In flash
T1DDC 053:002.204 - 0.105ms returns 0xBC0
T1DDC 053:002.644 JLINK_WriteMem(0x9015FC60, 0xBC0 Bytes, ...)
T1DDC 053:002.676   Data:  11 9D 39 2D 95 7B DA 3E 83 C6 BC A4 9D 68 24 95 ...
T1DDC 053:002.704   completely In flash
T1DDC 053:002.728 - 0.086ms returns 0xBC0
T1DDC 053:003.160 JLINK_WriteMem(0x90160820, 0xBC0 Bytes, ...)
T1DDC 053:003.192   Data:  C9 5B F8 97 CC 93 F9 7F 72 95 24 A2 63 8B AE 15 ...
T1DDC 053:003.232   completely In flash
T1DDC 053:003.256 - 0.100ms returns 0xBC0
T1DDC 053:003.784 JLINK_WriteMem(0x901613E0, 0xBC0 Bytes, ...)
T1DDC 053:003.832   Data:  00 00 00 80 A4 A5 40 25 69 F8 FF FF FF 80 A0 29 ...
T1DDC 053:003.912   completely In flash
T1DDC 053:003.948 - 0.162ms returns 0xBC0
T1DDC 053:004.536 JLINK_WriteMem(0x90161FA0, 0xBD0 Bytes, ...)
T1DDC 053:004.588   Data:  A6 FD FF FF FF 00 95 4C 5C 25 A6 F5 FF FF FF 80 ...
T1DDC 053:004.632   completely In flash
T1DDC 053:004.672 - 0.141ms returns 0xBD0
T1DDC 053:005.212 JLINK_WriteMem(0x90162B70, 0xBC0 Bytes, ...)
T1DDC 053:005.252   Data:  FF 80 84 59 7E 26 2F EA FF FF FF 00 59 AD 58 25 ...
T1DDC 053:005.280   completely In flash
T1DDC 053:005.308 - 0.095ms returns 0xBC0
T1DDC 053:005.864 JLINK_WriteMem(0x90163730, 0xBC0 Bytes, ...)
T1DDC 053:005.900   Data:  FF FF FF 00 16 E6 67 27 5D E9 FF FF FF 00 FA D7 ...
T1DDC 053:005.932   completely In flash
T1DDC 053:005.960 - 0.097ms returns 0xBC0
T1DDC 053:006.504 JLINK_WriteMem(0x901642F0, 0xBC0 Bytes, ...)
T1DDC 053:006.548   Data:  6D 76 8A 87 08 AD E8 2A 1F 06 80 80 35 5A 36 7C ...
T1DDC 053:006.576   completely In flash
T1DDC 053:006.604 - 0.100ms returns 0xBC0
T1DDC 053:007.096 JLINK_WriteMem(0x90164EB0, 0xBD0 Bytes, ...)
T1DDC 053:007.132   Data:  77 E4 F4 11 FE DF E5 32 DC 6A A7 DF 17 20 7E EF ...
T1DDC 053:007.160   completely In flash
T1DDC 053:007.188 - 0.091ms returns 0xBD0
T1DDC 053:007.700 JLINK_WriteMem(0x90165A80, 0xBC0 Bytes, ...)
T1DDC 053:007.764   Data:  6D D6 FD 9F D7 3A 1B FD 7D 4D 09 C3 77 0F 00 FB ...
T1DDC 053:007.816   completely In flash
T1DDC 053:007.864 - 0.164ms returns 0xBC0
T1DDC 053:008.496 JLINK_WriteMem(0x90166640, 0xBB0 Bytes, ...)
T1DDC 053:008.552   Data:  41 FE 5C 0C 40 EF F1 6E 0F 19 63 0C FF 3F 00 EC ...
T1DDC 053:008.584   completely In flash
T1DDC 053:008.612 - 0.118ms returns 0xBB0
T1DDC 053:009.128 JLINK_WriteMem(0x901671F0, 0xBB0 Bytes, ...)
T1DDC 053:009.160   Data:  8C 47 0F F7 03 00 58 4A 28 13 37 08 D2 FD 3D ED ...
T1DDC 053:009.192   completely In flash
T1DDC 053:009.216 - 0.089ms returns 0xBB0
T1DDC 053:009.868 JLINK_WriteMem(0x90167DA0, 0xBC0 Bytes, ...)
T1DDC 053:009.908   Data:  5F D0 F2 CF 99 6E 0E 27 3D 51 6D 42 F6 03 40 19 ...
T1DDC 053:009.940   completely In flash
T1DDC 053:009.968 - 0.098ms returns 0xBC0
T1DDC 053:010.988 JLINK_WriteMem(0x90168960, 0xBC0 Bytes, ...)
T1DDC 053:011.028   Data:  35 F8 5F 76 9E D3 8D D8 FF 2B C2 DB 60 FB 01 5A ...
T1DDC 053:011.064   completely In flash
T1DDC 053:011.092 - 0.101ms returns 0xBC0
T1DDC 053:011.564 JLINK_WriteMem(0x90169520, 0xBC0 Bytes, ...)
T1DDC 053:011.608   Data:  9B 02 A0 7A 68 95 76 8E 6E 0B E5 E7 71 32 2A E1 ...
T1DDC 053:011.640   completely In flash
T1DDC 053:011.664 - 0.098ms returns 0xBC0
T1DDC 053:012.232 JLINK_WriteMem(0x9016A0E0, 0xBC0 Bytes, ...)
T1DDC 053:012.264   Data:  FF 97 28 06 DE F7 1D 00 6C FF 88 F3 F3 FA 3E 5F ...
T1DDC 053:012.292   completely In flash
T1DDC 053:012.316 - 0.087ms returns 0xBC0
T1DDC 053:012.836 JLINK_WriteMem(0x9016ACA0, 0xB80 Bytes, ...)
T1DDC 053:012.876   Data:  D2 A7 7F BF 2B EF FC E7 01 60 BE CA B9 75 76 36 ...
T1DDC 053:012.908   completely In flash
T1DDC 053:012.936 - 0.099ms returns 0xB80
T1DDC 053:013.336 JLINK_WriteMem(0x9016B820, 0xB60 Bytes, ...)
T1DDC 053:013.364   Data:  FF 12 18 E9 4A 2A BC 10 00 00 00 F4 32 DD 56 29 ...
T1DDC 053:013.388   completely In flash
T1DDC 053:013.416 - 0.077ms returns 0xB60
T1DDC 053:013.828 JLINK_WriteMem(0x9016C380, 0xBB0 Bytes, ...)
T1DDC 053:013.864   Data:  5E 60 FB 16 D6 54 2E 50 C2 6C 9E 45 38 0E A0 FD ...
T1DDC 053:013.896   completely In flash
T1DDC 053:013.924 - 0.094ms returns 0xBB0
T1DDC 053:014.336 JLINK_WriteMem(0x9016CF30, 0xBB0 Bytes, ...)
T1DDC 053:014.360   Data:  40 BA 37 51 4A D8 71 C0 AA B6 7F 21 36 0E BB 2D ...
T1DDC 053:014.396   completely In flash
T1DDC 053:014.424 - 0.085ms returns 0xBB0
T1DDC 053:014.772 JLINK_WriteMem(0x9016DAE0, 0xBB0 Bytes, ...)
T1DDC 053:014.792   Data:  71 09 A1 12 9B 76 A2 FE E5 A1 E0 6A E2 F4 B4 A1 ...
T1DDC 053:014.824   completely In flash
T1DDC 053:014.844 - 0.074ms returns 0xBB0
T1DDC 053:015.256 JLINK_WriteMem(0x9016E690, 0xBC0 Bytes, ...)
T1DDC 053:015.288   Data:  48 E8 55 59 41 8C E0 B7 DB C9 AD 25 0B 21 42 BC ...
T1DDC 053:015.320   completely In flash
T1DDC 053:015.348 - 0.092ms returns 0xBC0
T1DDC 053:015.736 JLINK_WriteMem(0x9016F250, 0xBC0 Bytes, ...)
T1DDC 053:015.764   Data:  15 45 AE 00 61 A2 38 A6 00 A0 32 29 10 25 E8 49 ...
T1DDC 053:015.792   completely In flash
T1DDC 053:015.816 - 0.083ms returns 0xBC0
T1DDC 053:016.180 JLINK_WriteMem(0x9016FE10, 0xBA0 Bytes, ...)
T1DDC 053:016.200   Data:  AF 05 2D B1 DD 70 8C 79 CB AA 18 91 63 FF CB E1 ...
T1DDC 053:016.232   completely In flash
T1DDC 053:016.260 - 0.077ms returns 0xBA0
T1DDC 053:016.620 JLINK_WriteMem(0x901709B0, 0xBC0 Bytes, ...)
T1DDC 053:016.648   Data:  D3 09 0F EB C3 AA 74 01 AC A4 D2 FF 68 4B 25 AB ...
T1DDC 053:016.680   completely In flash
T1DDC 053:016.704 - 0.082ms returns 0xBC0
T1DDC 053:017.052 JLINK_WriteMem(0x90171570, 0xBC0 Bytes, ...)
T1DDC 053:017.080   Data:  BC A1 50 C3 54 C1 5A 6C C0 C5 E5 F6 AB B1 50 60 ...
T1DDC 053:017.112   completely In flash
T1DDC 053:017.136 - 0.085ms returns 0xBC0
T1DDC 053:017.480 JLINK_WriteMem(0x90172130, 0xBA0 Bytes, ...)
T1DDC 053:017.508   Data:  A7 76 1E 23 6C 2E FA 10 D3 FB 1F 35 D8 24 76 21 ...
T1DDC 053:017.536   completely In flash
T1DDC 053:017.560 - 0.079ms returns 0xBA0
T1DDC 053:017.888 JLINK_WriteMem(0x90172CD0, 0xBC0 Bytes, ...)
T1DDC 053:017.912   Data:  86 95 6E 75 AD 87 15 BC 92 89 CE 8C F5 FF C3 FD ...
T1DDC 053:017.940   completely In flash
T1DDC 053:017.964 - 0.076ms returns 0xBC0
T1DDC 053:018.328 JLINK_WriteMem(0x90173890, 0xBB0 Bytes, ...)
T1DDC 053:018.356   Data:  F6 68 6D 65 DA 06 A5 B4 86 B4 A8 95 28 B8 29 F0 ...
T1DDC 053:018.388   completely In flash
T1DDC 053:018.416 - 0.085ms returns 0xBB0
T1DDC 053:018.760 JLINK_WriteMem(0x90174440, 0xBB0 Bytes, ...)
T1DDC 053:018.784   Data:  84 63 09 B5 76 2E 8E F9 B5 0C B7 94 A2 A0 7D 59 ...
T1DDC 053:018.812   completely In flash
T1DDC 053:018.840 - 0.080ms returns 0xBB0
T1DDC 053:019.372 JLINK_WriteMem(0x90174FF0, 0xBB0 Bytes, ...)
T1DDC 053:019.404   Data:  BC FA 43 EE B6 FA 8E CA D9 C9 F4 FA 9F 48 0D 97 ...
T1DDC 053:020.116   completely In flash
T1DDC 053:020.152 - 0.780ms returns 0xBB0
T1DDC 053:020.648 JLINK_WriteMem(0x90175BA0, 0xBB0 Bytes, ...)
T1DDC 053:020.680   Data:  A6 54 26 E1 97 C7 E8 16 ED 2A DC 62 F8 08 26 B7 ...
T1DDC 053:020.712   completely In flash
T1DDC 053:020.740 - 0.089ms returns 0xBB0
T1DDC 053:021.316 JLINK_WriteMem(0x90176750, 0xBC0 Bytes, ...)
T1DDC 053:021.348   Data:  65 D2 5A B8 1D 37 04 EC 33 52 85 04 DF 47 D0 B5 ...
T1DDC 053:021.380   completely In flash
T1DDC 053:021.404 - 0.088ms returns 0xBC0
T1DDC 053:021.948 JLINK_WriteMem(0x90177310, 0xBC0 Bytes, ...)
T1DDC 053:021.996   Data:  B4 70 4A 63 39 FA 29 C1 63 08 EB AB A1 D4 78 A7 ...
T1DDC 053:022.028   completely In flash
T1DDC 053:022.060 - 0.112ms returns 0xBC0
T1DDC 053:022.572 JLINK_WriteMem(0x90177ED0, 0xBB0 Bytes, ...)
T1DDC 053:022.616   Data:  1B 02 14 9C 3B 69 1F 4C DC 8E 1E CA 5F EB 77 D8 ...
T1DDC 053:022.664   completely In flash
T1DDC 053:022.692 - 0.119ms returns 0xBB0
T1DDC 053:023.072 JLINK_WriteMem(0x90178A80, 0xBC0 Bytes, ...)
T1DDC 053:023.104   Data:  8D 1A C5 CE 5C D2 15 60 06 AA A7 C8 61 F9 0A AF ...
T1DDC 053:023.132   completely In flash
T1DDC 053:023.160 - 0.087ms returns 0xBC0
T1DDC 053:023.564 JLINK_WriteMem(0x90179640, 0xBB0 Bytes, ...)
T1DDC 053:023.596   Data:  1A D1 BA E5 AF 52 62 43 1A 7A 3E 07 13 A1 CD 14 ...
T1DDC 053:023.624   completely In flash
T1DDC 053:023.652 - 0.084ms returns 0xBB0
T1DDC 053:024.184 JLINK_WriteMem(0x9017A1F0, 0xBB0 Bytes, ...)
T1DDC 053:024.252   Data:  BF C0 7B D7 C0 53 47 D8 D1 26 A6 FC 7D A2 E5 F0 ...
T1DDC 053:024.284   completely In flash
T1DDC 053:024.312 - 0.127ms returns 0xBB0
T1DDC 053:025.060 JLINK_WriteMem(0x9017ADA0, 0xBB0 Bytes, ...)
T1DDC 053:025.104   Data:  4E 12 D4 0A CD F7 16 14 B9 64 6B 6B 83 AA FA B6 ...
T1DDC 053:025.132   completely In flash
T1DDC 053:025.160 - 0.103ms returns 0xBB0
T1DDC 053:025.596 JLINK_WriteMem(0x9017B950, 0xBC0 Bytes, ...)
T1DDC 053:025.628   Data:  53 28 68 0E 87 2D 2F 7C 8A C9 7C 48 54 F5 10 92 ...
T1DDC 053:025.656   completely In flash
T1DDC 053:025.688 - 0.088ms returns 0xBC0
T1DDC 053:026.056 JLINK_WriteMem(0x9017C510, 0xBB0 Bytes, ...)
T1DDC 053:026.084   Data:  58 AB 6A 3B 6A 43 A1 64 14 89 21 52 5F 78 06 DC ...
T1DDC 053:026.112   completely In flash
T1DDC 053:026.136 - 0.078ms returns 0xBB0
T1DDC 053:026.624 JLINK_WriteMem(0x9017D0C0, 0xBB0 Bytes, ...)
T1DDC 053:026.664   Data:  39 D7 43 33 AC 8F 3E DC EB 81 63 94 69 F6 CF D9 ...
T1DDC 053:026.692   completely In flash
T1DDC 053:026.716 - 0.094ms returns 0xBB0
T1DDC 053:027.168 JLINK_WriteMem(0x9017DC70, 0xBC0 Bytes, ...)
T1DDC 053:027.192   Data:  02 C7 0D DE 73 AB AC 9A C3 4A 39 74 76 79 C4 A2 ...
T1DDC 053:027.224   completely In flash
T1DDC 053:027.248 - 0.080ms returns 0xBC0
T1DDC 053:027.672 JLINK_WriteMem(0x9017E830, 0xBC0 Bytes, ...)
T1DDC 053:027.716   Data:  A1 61 1F 3D DB C4 DE 1F 16 37 C7 AC B1 61 A7 D3 ...
T1DDC 053:027.748   completely In flash
T1DDC 053:027.776 - 0.101ms returns 0xBC0
T1DDC 053:028.216 JLINK_WriteMem(0x9017F3F0, 0xBB0 Bytes, ...)
T1DDC 053:028.256   Data:  81 E3 EF A9 64 2D AC AF 73 98 2A E8 3D DF 5D EF ...
T1DDC 053:028.292   completely In flash
T1DDC 053:028.324 - 0.104ms returns 0xBB0
T1DDC 053:028.744 JLINK_WriteMem(0x9017FFA0, 0xBB0 Bytes, ...)
T1DDC 053:028.776   Data:  F4 73 80 E9 FE 7F 66 EA 8B 84 72 02 08 26 F7 5C ...
T1DDC 053:028.804   completely In flash
T1DDC 053:028.828 - 0.083ms returns 0xBB0
T1DDC 053:029.236 JLINK_WriteMem(0x90180B50, 0xBB0 Bytes, ...)
T1DDC 053:029.264   Data:  4B D0 B4 3B 9B 9B BE 53 0A B9 45 CA D9 13 88 92 ...
T1DDC 053:029.296   completely In flash
T1DDC 053:029.320 - 0.088ms returns 0xBB0
T1DDC 053:029.752 JLINK_WriteMem(0x90181700, 0xBB0 Bytes, ...)
T1DDC 053:029.792   Data:  8D B9 37 BB 73 B6 91 57 0C FB 6B ED 2E DD EB FA ...
T1DDC 053:029.824   completely In flash
T1DDC 053:029.848 - 0.096ms returns 0xBB0
T1DDC 053:030.232 JLINK_WriteMem(0x901822B0, 0xBB0 Bytes, ...)
T1DDC 053:030.252   Data:  C8 52 72 BB E7 72 45 02 13 A8 5A 86 61 33 02 D1 ...
T1DDC 053:030.280   completely In flash
T1DDC 053:030.312 - 0.078ms returns 0xBB0
T1DDC 053:030.708 JLINK_WriteMem(0x90182E60, 0xBC0 Bytes, ...)
T1DDC 053:030.732   Data:  B2 60 AA B0 A9 73 E3 82 69 8F 0F 46 3B FA 08 D1 ...
T1DDC 053:030.760   completely In flash
T1DDC 053:030.788 - 0.082ms returns 0xBC0
T1DDC 053:031.160 JLINK_WriteMem(0x90183A20, 0xBB0 Bytes, ...)
T1DDC 053:031.192   Data:  58 3C 09 1F 72 57 09 D5 E3 99 17 66 26 F7 74 08 ...
T1DDC 053:031.224   completely In flash
T1DDC 053:031.248 - 0.086ms returns 0xBB0
T1DDC 053:031.628 JLINK_WriteMem(0x901845D0, 0xBB0 Bytes, ...)
T1DDC 053:031.660   Data:  BD 3F BC 68 E0 E1 B3 18 B5 89 75 20 89 B1 D7 8A ...
T1DDC 053:031.688   completely In flash
T1DDC 053:031.716 - 0.084ms returns 0xBB0
T1DDC 053:032.072 JLINK_WriteMem(0x90185180, 0xBC0 Bytes, ...)
T1DDC 053:032.100   Data:  EA BD 05 EB C0 55 42 FC 9A 35 98 04 BF A0 7A E3 ...
T1DDC 053:032.128   completely In flash
T1DDC 053:032.152 - 0.079ms returns 0xBC0
T1DDC 053:032.532 JLINK_WriteMem(0x90185D40, 0xBC0 Bytes, ...)
T1DDC 053:032.564   Data:  F9 F8 3B 9D 68 34 8E CF 44 C5 0D EF DD 92 4C 4A ...
T1DDC 053:032.592   completely In flash
T1DDC 053:032.616 - 0.087ms returns 0xBC0
T1DDC 053:032.952 JLINK_WriteMem(0x90186900, 0xBC0 Bytes, ...)
T1DDC 053:032.976   Data:  FE E3 BE 4E 18 28 6D F5 D0 10 E8 F5 5B 50 90 46 ...
T1DDC 053:033.000   completely In flash
T1DDC 053:033.028 - 0.073ms returns 0xBC0
T1DDC 053:033.432 JLINK_WriteMem(0x901874C0, 0xBC0 Bytes, ...)
T1DDC 053:033.468   Data:  25 2A CC 9E 92 D9 57 A8 1C 0F 8E D8 08 9E 7E 1D ...
T1DDC 053:033.512   completely In flash
T1DDC 053:033.544 - 0.111ms returns 0xBC0
T1DDC 053:033.896 JLINK_WriteMem(0x90188080, 0xBC0 Bytes, ...)
T1DDC 053:033.928   Data:  2B 79 E2 F2 A5 38 19 E5 7E B7 10 18 8D 48 E1 C3 ...
T1DDC 053:033.956   completely In flash
T1DDC 053:033.980 - 0.087ms returns 0xBC0
T1DDC 053:034.424 JLINK_WriteMem(0x90188C40, 0xBB0 Bytes, ...)
T1DDC 053:034.456   Data:  57 54 04 0D 62 A9 E1 63 53 B6 6E 48 7A 56 EB 19 ...
T1DDC 053:034.488   completely In flash
T1DDC 053:034.512 - 0.088ms returns 0xBB0
T1DDC 053:034.984 JLINK_WriteMem(0x901897F0, 0xBC0 Bytes, ...)
T1DDC 053:035.016   Data:  8D 53 FB 5B 9D 67 F0 DF BE CE 30 25 4F 73 22 28 ...
T1DDC 053:035.044   completely In flash
T1DDC 053:035.068 - 0.088ms returns 0xBC0
T1DDC 053:035.524 JLINK_WriteMem(0x9018A3B0, 0xBB0 Bytes, ...)
T1DDC 053:035.560   Data:  19 49 51 0E 03 71 E6 1D 0E BF 60 92 0B 87 D4 D7 ...
T1DDC 053:035.588   completely In flash
T1DDC 053:035.612 - 0.087ms returns 0xBB0
T1DDC 053:036.504 JLINK_WriteMem(0x9018AF60, 0xBB0 Bytes, ...)
T1DDC 053:036.556   Data:  84 22 AF F8 B8 76 AD C8 C2 78 51 19 A7 C4 FE 34 ...
T1DDC 053:036.584   completely In flash
T1DDC 053:036.608 - 0.104ms returns 0xBB0
T1DDC 053:037.088 JLINK_WriteMem(0x9018BB10, 0xBC0 Bytes, ...)
T1DDC 053:037.124   Data:  0D AE FE 13 CC A0 A7 5D 0C 64 1D E5 46 5B 0C 46 ...
T1DDC 053:037.152   completely In flash
T1DDC 053:037.176 - 0.088ms returns 0xBC0
T1DDC 053:037.556 JLINK_WriteMem(0x9018C6D0, 0xBC0 Bytes, ...)
T1DDC 053:037.576   Data:  DA E6 55 AC 9E E0 C6 11 E6 54 90 38 A6 74 64 78 ...
T1DDC 053:037.608   completely In flash
T1DDC 053:037.632 - 0.077ms returns 0xBC0
T1DDC 053:038.108 JLINK_WriteMem(0x9018D290, 0xBB0 Bytes, ...)
T1DDC 053:038.148   Data:  A0 90 C3 0E 28 29 7C 19 4C D2 EA 4B 16 36 2C 09 ...
T1DDC 053:038.180   completely In flash
T1DDC 053:038.204 - 0.095ms returns 0xBB0
T1DDC 053:038.616 JLINK_WriteMem(0x9018DE40, 0xBC0 Bytes, ...)
T1DDC 053:038.656   Data:  E5 39 E0 84 C8 76 CF FF 45 AD D8 23 72 D5 F7 63 ...
T1DDC 053:038.684   completely In flash
T1DDC 053:038.712 - 0.095ms returns 0xBC0
T1DDC 053:039.132 JLINK_WriteMem(0x9018EA00, 0xBC0 Bytes, ...)
T1DDC 053:039.168   Data:  5A A1 1C 38 84 94 86 D9 C5 EE 54 5C B4 3C 51 5A ...
T1DDC 053:039.192   completely In flash
T1DDC 053:039.220 - 0.085ms returns 0xBC0
T1DDC 053:039.556 JLINK_WriteMem(0x9018F5C0, 0xBC0 Bytes, ...)
T1DDC 053:039.576   Data:  EE B4 4C 2E 89 94 F4 EA 85 F7 24 39 10 79 C1 B3 ...
T1DDC 053:039.600   completely In flash
T1DDC 053:039.624 - 0.070ms returns 0xBC0
T1DDC 053:040.136 JLINK_WriteMem(0x90190180, 0xBC0 Bytes, ...)
T1DDC 053:040.176   Data:  04 EE 73 41 B0 43 C9 FC 0F 79 F2 68 B7 0C 90 A8 ...
T1DDC 053:040.204   completely In flash
T1DDC 053:040.232 - 0.095ms returns 0xBC0
T1DDC 053:040.668 JLINK_WriteMem(0x90190D40, 0xBC0 Bytes, ...)
T1DDC 053:040.700   Data:  EC 0D B9 40 04 DA 0B 06 28 0A C6 45 A8 BC E6 0D ...
T1DDC 053:040.728   completely In flash
T1DDC 053:040.756 - 0.085ms returns 0xBC0
T1DDC 053:041.416 JLINK_WriteMem(0x90191900, 0xBB0 Bytes, ...)
T1DDC 053:041.464   Data:  21 83 98 FD 47 4E B5 A0 18 98 C3 70 AF 74 8F 77 ...
T1DDC 053:041.496   completely In flash
T1DDC 053:041.520 - 0.101ms returns 0xBB0
T1DDC 053:042.004 JLINK_WriteMem(0x901924B0, 0xBB0 Bytes, ...)
T1DDC 053:042.048   Data:  DE B3 14 6D B9 03 A3 E8 B5 96 81 F5 6B 02 E4 41 ...
T1DDC 053:042.076   completely In flash
T1DDC 053:042.104 - 0.102ms returns 0xBB0
T1DDC 053:042.620 JLINK_WriteMem(0x90193060, 0xBB0 Bytes, ...)
T1DDC 053:042.660   Data:  5C F7 1D AE CB FA 9F 44 24 A9 DA E5 47 B2 AA 9D ...
T1DDC 053:042.728   completely In flash
T1DDC 053:042.752 - 0.131ms returns 0xBB0
T1DDC 053:043.184 JLINK_WriteMem(0x90193C10, 0xBB0 Bytes, ...)
T1DDC 053:043.208   Data:  71 6C CA 32 34 D8 94 2A 7F 45 5E DF 3C CE 77 31 ...
T1DDC 053:043.232   completely In flash
T1DDC 053:043.256 - 0.072ms returns 0xBB0
T1DDC 053:043.660 JLINK_WriteMem(0x901947C0, 0xBA0 Bytes, ...)
T1DDC 053:043.696   Data:  DA ED B3 A8 88 B6 24 F3 28 FC A6 9D D1 87 A7 25 ...
T1DDC 053:043.724   completely In flash
T1DDC 053:043.748 - 0.086ms returns 0xBA0
T1DDC 053:044.124 JLINK_WriteMem(0x90195360, 0xBB0 Bytes, ...)
T1DDC 053:044.152   Data:  46 68 F7 F6 42 47 36 70 2B 13 41 EE EA D7 E5 37 ...
T1DDC 053:044.176   completely In flash
T1DDC 053:044.200 - 0.076ms returns 0xBB0
T1DDC 053:044.612 JLINK_WriteMem(0x90195F10, 0xBC0 Bytes, ...)
T1DDC 053:044.636   Data:  8D D6 0F 47 60 41 02 92 F0 57 CD C3 1B C5 95 75 ...
T1DDC 053:044.668   completely In flash
T1DDC 053:044.696 - 0.083ms returns 0xBC0
T1DDC 053:045.148 JLINK_WriteMem(0x90196AD0, 0xBC0 Bytes, ...)
T1DDC 053:045.184   Data:  8D 8E 51 8F 3A 68 DE 24 42 A6 F1 90 75 5A 33 B9 ...
T1DDC 053:045.212   completely In flash
T1DDC 053:045.236 - 0.086ms returns 0xBC0
T1DDC 053:045.660 JLINK_WriteMem(0x90197690, 0xBC0 Bytes, ...)
T1DDC 053:045.704   Data:  3C 39 38 4C F1 75 3C 19 AC EE 61 11 21 F0 96 FA ...
T1DDC 053:045.744   completely In flash
T1DDC 053:045.768 - 0.108ms returns 0xBC0
T1DDC 053:046.196 JLINK_WriteMem(0x90198250, 0xBC0 Bytes, ...)
T1DDC 053:046.228   Data:  C6 12 A6 14 17 F3 AA 6E CD 57 39 A5 EE B0 5F 55 ...
T1DDC 053:046.252   completely In flash
T1DDC 053:046.280 - 0.085ms returns 0xBC0
T1DDC 053:046.740 JLINK_WriteMem(0x90198E10, 0xBB0 Bytes, ...)
T1DDC 053:046.776   Data:  0C 67 FE 2B 47 06 54 BA E1 00 23 BB 8B FD B0 82 ...
T1DDC 053:046.816   completely In flash
T1DDC 053:046.844 - 0.107ms returns 0xBB0
T1DDC 053:047.260 JLINK_WriteMem(0x901999C0, 0xBB0 Bytes, ...)
T1DDC 053:047.288   Data:  EC 92 69 A7 93 C7 62 C7 60 FD 24 6D 75 2A 6C 44 ...
T1DDC 053:047.316   completely In flash
T1DDC 053:047.340 - 0.079ms returns 0xBB0
T1DDC 053:047.700 JLINK_WriteMem(0x9019A570, 0xBB0 Bytes, ...)
T1DDC 053:047.720   Data:  39 22 E5 53 66 AD 62 94 34 F4 85 7D F7 F1 71 E9 ...
T1DDC 053:047.752   completely In flash
T1DDC 053:047.772 - 0.073ms returns 0xBB0
T1DDC 053:048.456 JLINK_WriteMem(0x9019B120, 0xBA0 Bytes, ...)
T1DDC 053:048.532   Data:  CF CB 70 01 F0 A8 B2 D5 7B 59 2B 99 24 E8 78 45 ...
T1DDC 053:048.568   completely In flash
T1DDC 053:048.596 - 0.144ms returns 0xBA0
T1DDC 053:049.172 JLINK_WriteMem(0x9019BCC0, 0xBC0 Bytes, ...)
T1DDC 053:049.212   Data:  E6 25 B6 EA B3 4A 49 0B 9E 2F 9B 40 86 69 70 4B ...
T1DDC 053:049.256   completely In flash
T1DDC 053:049.288 - 0.117ms returns 0xBC0
T1DDC 053:049.688 JLINK_WriteMem(0x9019C880, 0xBD0 Bytes, ...)
T1DDC 053:049.716   Data:  45 CB 4A 26 64 EF FF FF FF 24 BE F9 5D 26 E4 09 ...
T1DDC 053:049.744   completely In flash
T1DDC 053:049.768 - 0.078ms returns 0xBD0
T1DDC 053:050.108 JLINK_WriteMem(0x9019D450, 0xBD0 Bytes, ...)
T1DDC 053:050.132   Data:  55 02 00 00 00 A2 69 47 48 26 9D 23 00 00 00 CA ...
T1DDC 053:050.160   completely In flash
T1DDC 053:050.184 - 0.074ms returns 0xBD0
T1DDC 053:050.612 JLINK_WriteMem(0x9019E020, 0xBC0 Bytes, ...)
T1DDC 053:050.648   Data:  FF AC 25 5E 58 26 AD E4 FF FF FF 25 F3 5A 47 25 ...
T1DDC 053:050.680   completely In flash
T1DDC 053:050.712 - 0.100ms returns 0xBC0
T1DDC 053:051.144 JLINK_WriteMem(0x9019EBE0, 0xBC0 Bytes, ...)
T1DDC 053:051.168   Data:  00 00 00 8F B0 3C 54 26 97 D4 FF FF FF D0 64 C3 ...
T1DDC 053:051.200   completely In flash
T1DDC 053:051.224 - 0.081ms returns 0xBC0
T1DDC 053:051.808 JLINK_WriteMem(0x9019F7A0, 0xBC0 Bytes, ...)
T1DDC 053:051.848   Data:  B3 90 92 7E 0E 91 A2 CE FE 43 90 39 B9 F0 4E B5 ...
T1DDC 053:051.884   completely In flash
T1DDC 053:051.912 - 0.104ms returns 0xBC0
T1DDC 053:052.488 JLINK_WriteMem(0x901A0360, 0xBB0 Bytes, ...)
T1DDC 053:052.548   Data:  AD 98 ED BF AD 6A 36 C8 4D EE D3 02 A5 AB 05 BD ...
T1DDC 053:052.592   completely In flash
T1DDC 053:052.632 - 0.147ms returns 0xBB0
T1DDC 053:053.188 JLINK_WriteMem(0x901A0F10, 0xBC0 Bytes, ...)
T1DDC 053:053.220   Data:  87 13 6C 55 5B 6C 7C 53 2D 8E EA FD A6 DB DA 02 ...
T1DDC 053:053.256   completely In flash
T1DDC 053:053.280 - 0.095ms returns 0xBC0
T1DDC 053:053.692 JLINK_WriteMem(0x901A1AD0, 0xBC0 Bytes, ...)
T1DDC 053:053.736   Data:  7F 14 0F D0 D4 5A 99 5B D3 3C 0E FE F7 DA 6D C7 ...
T1DDC 053:053.776   completely In flash
T1DDC 053:053.804 - 0.110ms returns 0xBC0
T1DDC 053:054.220 JLINK_WriteMem(0x901A2690, 0xBB0 Bytes, ...)
T1DDC 053:054.248   Data:  7E A2 F8 BF 09 51 92 44 3A 69 A6 93 69 F4 83 F0 ...
T1DDC 053:054.280   completely In flash
T1DDC 053:054.308 - 0.084ms returns 0xBB0
T1DDC 053:054.696 JLINK_WriteMem(0x901A3240, 0xBC0 Bytes, ...)
T1DDC 053:054.728   Data:  9E C1 C5 9D 6A 52 DC A2 CB 79 88 5A FE 54 FF 42 ...
T1DDC 053:054.756   completely In flash
T1DDC 053:054.780 - 0.085ms returns 0xBC0
T1DDC 053:055.216 JLINK_WriteMem(0x901A3E00, 0xBB0 Bytes, ...)
T1DDC 053:055.240   Data:  FF 77 6A 81 69 6D 43 2B 70 EF EF 0C 8F A4 52 BB ...
T1DDC 053:055.272   completely In flash
T1DDC 053:055.292 - 0.079ms returns 0xBB0
T1DDC 053:055.768 JLINK_WriteMem(0x901A49B0, 0xBB0 Bytes, ...)
T1DDC 053:055.808   Data:  BE 49 82 91 BB F9 9F FA DB 99 FD D8 34 89 2C 43 ...
T1DDC 053:056.540   completely In flash
T1DDC 053:056.576 - 0.806ms returns 0xBB0
T1DDC 053:057.112 JLINK_WriteMem(0x901A5560, 0xBC0 Bytes, ...)
T1DDC 053:057.148   Data:  8D 58 17 99 C8 57 E9 D5 94 20 DB 87 19 0E E9 04 ...
T1DDC 053:057.176   completely In flash
T1DDC 053:057.204 - 0.093ms returns 0xBC0
T1DDC 053:057.656 JLINK_WriteMem(0x901A6120, 0xBC0 Bytes, ...)
T1DDC 053:057.688   Data:  97 C6 F2 2D ED 55 87 E1 96 B3 78 5E 72 EF 84 36 ...
T1DDC 053:057.720   completely In flash
T1DDC 053:057.748 - 0.091ms returns 0xBC0
T1DDC 053:058.256 JLINK_WriteMem(0x901A6CE0, 0xBC0 Bytes, ...)
T1DDC 053:058.284   Data:  9F CD 1B F9 8F 82 6B 70 3E A4 B0 34 2D F1 F0 DA ...
T1DDC 053:058.312   completely In flash
T1DDC 053:058.336 - 0.082ms returns 0xBC0
T1DDC 053:058.768 JLINK_WriteMem(0x901A78A0, 0xBB0 Bytes, ...)
T1DDC 053:058.808   Data:  0F C5 68 E5 69 00 75 F4 64 D1 80 92 62 B4 44 42 ...
T1DDC 053:058.840   completely In flash
T1DDC 053:058.864 - 0.096ms returns 0xBB0
T1DDC 053:059.292 JLINK_WriteMem(0x901A8450, 0xBC0 Bytes, ...)
T1DDC 053:059.320   Data:  41 37 72 92 41 67 A8 EB 6E 1C AE A8 8B AB 4C 3F ...
T1DDC 053:059.352   completely In flash
T1DDC 053:059.372 - 0.082ms returns 0xBC0
T1DDC 053:059.736 JLINK_WriteMem(0x901A9010, 0xBC0 Bytes, ...)
T1DDC 053:059.756   Data:  F6 7E 13 FD 21 21 9E 49 00 C0 49 72 B8 8E D9 B4 ...
T1DDC 053:059.784   completely In flash
T1DDC 053:059.804 - 0.070ms returns 0xBC0
T1DDC 053:060.248 JLINK_WriteMem(0x901A9BD0, 0xBB0 Bytes, ...)
T1DDC 053:060.296   Data:  CD BC AB FC EF E8 9E 4B 39 6E 37 44 DD 64 7B B6 ...
T1DDC 053:060.328   completely In flash
T1DDC 053:060.356 - 0.103ms returns 0xBB0
T1DDC 053:060.736 JLINK_WriteMem(0x901AA780, 0xBB0 Bytes, ...)
T1DDC 053:060.768   Data:  05 8F EB A2 A6 D0 5B 3E F6 8D E9 F6 9E 35 61 08 ...
T1DDC 053:060.792   completely In flash
T1DDC 053:060.820 - 0.082ms returns 0xBB0
T1DDC 053:061.256 JLINK_WriteMem(0x901AB330, 0xBB0 Bytes, ...)
T1DDC 053:061.292   Data:  36 6C 67 D1 1A 9A 97 B6 10 60 36 04 DB 72 17 F9 ...
T1DDC 053:061.320   completely In flash
T1DDC 053:061.348 - 0.088ms returns 0xBB0
T1DDC 053:062.544 JLINK_WriteMem(0x901ABEE0, 0xBC0 Bytes, ...)
T1DDC 053:062.572   Data:  C6 77 EF 02 AD F7 6C F7 ED C1 50 B1 E0 65 33 4F ...
T1DDC 053:062.600   completely In flash
T1DDC 053:062.624 - 0.082ms returns 0xBC0
T1DDC 053:063.048 JLINK_WriteMem(0x901ACAA0, 0xBC0 Bytes, ...)
T1DDC 053:063.080   Data:  B6 6E D7 07 06 F4 34 EC DE 7E 10 D4 84 F8 B4 5F ...
T1DDC 053:063.108   completely In flash
T1DDC 053:063.128 - 0.083ms returns 0xBC0
T1DDC 053:063.504 JLINK_WriteMem(0x901AD660, 0xBC0 Bytes, ...)
T1DDC 053:063.524   Data:  69 DA EE E1 EA E2 6F 30 8C E0 8B FB A6 C2 43 93 ...
T1DDC 053:063.548   completely In flash
T1DDC 053:063.576 - 0.070ms returns 0xBC0
T1DDC 053:063.960 JLINK_WriteMem(0x901AE220, 0xBB0 Bytes, ...)
T1DDC 053:063.988   Data:  D3 FB 23 47 85 13 A6 2D D4 91 6E A4 C9 2E E6 07 ...
T1DDC 053:064.012   completely In flash
T1DDC 053:064.040 - 0.077ms returns 0xBB0
T1DDC 053:064.404 JLINK_WriteMem(0x901AEDD0, 0xBB0 Bytes, ...)
T1DDC 053:064.428   Data:  AB FB A7 9A CD F2 EC 02 D3 A9 CB F8 9D 6F F5 13 ...
T1DDC 053:064.472   completely In flash
T1DDC 053:064.500 - 0.097ms returns 0xBB0
T1DDC 053:064.880 JLINK_WriteMem(0x901AF980, 0xBC0 Bytes, ...)
T1DDC 053:064.908   Data:  64 5A 6B 57 F6 C3 11 E1 9F D6 30 6D 2D B2 5E 0E ...
T1DDC 053:064.936   completely In flash
T1DDC 053:064.960 - 0.080ms returns 0xBC0
T1DDC 053:065.328 JLINK_WriteMem(0x901B0540, 0xBB0 Bytes, ...)
T1DDC 053:065.360   Data:  57 58 22 0E F7 01 E2 6D BC 79 FA E5 F2 FA F1 DF ...
T1DDC 053:065.384   completely In flash
T1DDC 053:065.412 - 0.082ms returns 0xBB0
T1DDC 053:065.772 JLINK_WriteMem(0x901B10F0, 0xBC0 Bytes, ...)
T1DDC 053:065.800   Data:  86 ED 7F 0E 25 88 E0 DC CB 74 4F D2 F8 D1 94 67 ...
T1DDC 053:065.828   completely In flash
T1DDC 053:065.852 - 0.079ms returns 0xBC0
T1DDC 053:066.240 JLINK_WriteMem(0x901B1CB0, 0xBC0 Bytes, ...)
T1DDC 053:066.280   Data:  5A C4 93 AE FA 31 EF 0D 35 A0 B2 1D D3 02 BF B9 ...
T1DDC 053:066.308   completely In flash
T1DDC 053:066.332 - 0.090ms returns 0xBC0
T1DDC 053:066.692 JLINK_WriteMem(0x901B2870, 0xBC0 Bytes, ...)
T1DDC 053:066.712   Data:  82 10 CC C0 6E 76 6E B4 EC 0D 62 13 E6 97 2F 4F ...
T1DDC 053:066.740   completely In flash
T1DDC 053:066.760 - 0.073ms returns 0xBC0
T1DDC 053:067.160 JLINK_WriteMem(0x901B3430, 0xBB0 Bytes, ...)
T1DDC 053:067.192   Data:  94 39 DC 4A BE 11 8A A1 39 A0 D7 CB 73 82 0C F4 ...
T1DDC 053:067.220   completely In flash
T1DDC 053:067.244 - 0.085ms returns 0xBB0
T1DDC 053:067.608 JLINK_WriteMem(0x901B3FE0, 0xBB0 Bytes, ...)
T1DDC 053:067.636   Data:  63 5C DD AF 29 CC 37 B4 7D 7E 7D BD 3C 8D F0 62 ...
T1DDC 053:067.668   completely In flash
T1DDC 053:067.688 - 0.084ms returns 0xBB0
T1DDC 053:068.056 JLINK_WriteMem(0x901B4B90, 0xBC0 Bytes, ...)
T1DDC 053:068.088   Data:  14 20 11 8B 2B D7 43 EC BC 10 38 59 FA B0 63 70 ...
T1DDC 053:068.116   completely In flash
T1DDC 053:068.140 - 0.081ms returns 0xBC0
T1DDC 053:068.444 JLINK_WriteMem(0x901B5750, 0xBC0 Bytes, ...)
T1DDC 053:068.464   Data:  65 77 BF 47 EE 85 4C 33 BB F7 26 C4 3B 7B B1 3B ...
T1DDC 053:068.488   completely In flash
T1DDC 053:068.516 - 0.070ms returns 0xBC0
T1DDC 053:068.852 JLINK_WriteMem(0x901B6310, 0xBC0 Bytes, ...)
T1DDC 053:068.876   Data:  4F F6 7F BB 35 87 52 CA BD 7A C1 10 42 6F 53 D5 ...
T1DDC 053:068.900   completely In flash
T1DDC 053:068.924 - 0.071ms returns 0xBC0
T1DDC 053:069.288 JLINK_WriteMem(0x901B6ED0, 0xBB0 Bytes, ...)
T1DDC 053:069.320   Data:  E2 EC 90 64 22 51 F6 4F D8 B9 87 18 2E 73 BB A5 ...
T1DDC 053:069.352   completely In flash
T1DDC 053:069.380 - 0.092ms returns 0xBB0
T1DDC 053:069.852 JLINK_WriteMem(0x901B7A80, 0xBB0 Bytes, ...)
T1DDC 053:069.884   Data:  78 07 33 B0 7B 2B EF 1E B6 7D 31 3D 5B 59 77 9F ...
T1DDC 053:069.912   completely In flash
T1DDC 053:069.936 - 0.082ms returns 0xBB0
T1DDC 053:070.308 JLINK_WriteMem(0x901B8630, 0xBC0 Bytes, ...)
T1DDC 053:070.328   Data:  00 2C F7 D5 68 FB 70 E9 FF 07 7B B5 DF DD 01 33 ...
T1DDC 053:070.360   completely In flash
T1DDC 053:070.380 - 0.074ms returns 0xBC0
T1DDC 053:070.728 JLINK_WriteMem(0x901B91F0, 0xBC0 Bytes, ...)
T1DDC 053:070.752   Data:  9D A6 AC 6E D8 30 96 57 5D 9E 1D 85 6E AB F7 29 ...
T1DDC 053:070.776   completely In flash
T1DDC 053:070.804 - 0.073ms returns 0xBC0
T1DDC 053:071.196 JLINK_WriteMem(0x901B9DB0, 0xBB0 Bytes, ...)
T1DDC 053:071.232   Data:  BD CF 30 93 AD 36 A7 AC CD 59 10 B9 6F B9 1C 2E ...
T1DDC 053:071.264   completely In flash
T1DDC 053:071.288 - 0.092ms returns 0xBB0
T1DDC 053:071.688 JLINK_WriteMem(0x901BA960, 0xBB0 Bytes, ...)
T1DDC 053:071.732   Data:  46 B1 FC 6A 16 AA CE CF 58 6F A7 D8 80 BD C5 35 ...
T1DDC 053:071.760   completely In flash
T1DDC 053:071.784 - 0.095ms returns 0xBB0
T1DDC 053:072.192 JLINK_WriteMem(0x901BB510, 0xBC0 Bytes, ...)
T1DDC 053:072.232   Data:  1F 00 DC ED E8 90 04 55 D8 B8 4F 82 5A 76 20 97 ...
T1DDC 053:072.264   completely In flash
T1DDC 053:072.284 - 0.095ms returns 0xBC0
T1DDC 053:072.744 JLINK_WriteMem(0x901BC0D0, 0xBB0 Bytes, ...)
T1DDC 053:072.776   Data:  DB 8D 2F A4 EA DF F1 26 DF 9A 4E B4 34 FA D8 F4 ...
T1DDC 053:072.808   completely In flash
T1DDC 053:072.832 - 0.087ms returns 0xBB0
T1DDC 053:073.208 JLINK_WriteMem(0x901BCC80, 0xBB0 Bytes, ...)
T1DDC 053:073.228   Data:  D9 11 42 E8 94 0A 36 EB 5D 04 37 89 EF 84 E9 FE ...
T1DDC 053:073.256   completely In flash
T1DDC 053:073.280 - 0.070ms returns 0xBB0
T1DDC 053:073.688 JLINK_WriteMem(0x901BD830, 0xBB0 Bytes, ...)
T1DDC 053:073.720   Data:  D2 2C 54 BC 1B 7E CE 06 2B C5 8B 9D A0 15 4E 5C ...
T1DDC 053:073.748   completely In flash
T1DDC 053:073.768 - 0.080ms returns 0xBB0
T1DDC 053:074.356 JLINK_WriteMem(0x901BE3E0, 0xBB0 Bytes, ...)
T1DDC 053:074.388   Data:  15 D7 EF C3 54 50 A1 26 74 F5 2F 43 BD A2 83 C0 ...
T1DDC 053:074.412   completely In flash
T1DDC 053:074.440 - 0.082ms returns 0xBB0
T1DDC 053:074.948 JLINK_WriteMem(0x901BEF90, 0xBB0 Bytes, ...)
T1DDC 053:074.984   Data:  4A 61 3E C6 2E 5D B1 26 E4 84 EC 9B 22 F5 8C DB ...
T1DDC 053:075.036   completely In flash
T1DDC 053:075.064 - 0.116ms returns 0xBB0
T1DDC 053:075.472 JLINK_WriteMem(0x901BFB40, 0xBB0 Bytes, ...)
T1DDC 053:075.508   Data:  5F 4D 19 85 92 AF A8 DF 9E 4F 3B BF E5 BF E4 E0 ...
T1DDC 053:075.536   completely In flash
T1DDC 053:075.560 - 0.090ms returns 0xBB0
T1DDC 053:075.956 JLINK_WriteMem(0x901C06F0, 0xBB0 Bytes, ...)
T1DDC 053:075.976   Data:  A2 47 48 B7 6B 74 2B AC 3E 57 8F 3C 0E 12 F9 96 ...
T1DDC 053:076.004   completely In flash
T1DDC 053:076.024 - 0.072ms returns 0xBB0
T1DDC 053:076.408 JLINK_WriteMem(0x901C12A0, 0xBC0 Bytes, ...)
T1DDC 053:076.440   Data:  36 69 43 FF AF 73 C7 63 33 CA 5F B5 4B 5B FD ED ...
T1DDC 053:076.468   completely In flash
T1DDC 053:076.492 - 0.082ms returns 0xBC0
T1DDC 053:076.840 JLINK_WriteMem(0x901C1E60, 0xBC0 Bytes, ...)
T1DDC 053:076.872   Data:  63 AF CD F7 83 61 51 54 B3 BD B1 D0 18 93 B7 75 ...
T1DDC 053:076.900   completely In flash
T1DDC 053:076.920 - 0.080ms returns 0xBC0
T1DDC 053:077.256 JLINK_WriteMem(0x901C2A20, 0xBC0 Bytes, ...)
T1DDC 053:077.276   Data:  D4 99 E7 E4 51 D3 22 4E DC A8 69 55 25 70 BC 6B ...
T1DDC 053:077.304   completely In flash
T1DDC 053:077.324 - 0.072ms returns 0xBC0
T1DDC 053:077.680 JLINK_WriteMem(0x901C35E0, 0xBC0 Bytes, ...)
T1DDC 053:077.704   Data:  92 69 20 1E CF F9 D6 AC A2 7F 3C 59 EF 15 47 A6 ...
T1DDC 053:077.732   completely In flash
T1DDC 053:077.752 - 0.075ms returns 0xBC0
T1DDC 053:078.152 JLINK_WriteMem(0x901C41A0, 0xBB0 Bytes, ...)
T1DDC 053:078.188   Data:  9C 6F 7B 20 95 42 EF 87 0D 14 24 0D C0 A7 61 48 ...
T1DDC 053:078.220   completely In flash
T1DDC 053:078.248 - 0.098ms returns 0xBB0
T1DDC 053:078.592 JLINK_WriteMem(0x901C4D50, 0xBB0 Bytes, ...)
T1DDC 053:078.616   Data:  2D 0D CF 8D 4D 97 C5 D3 35 65 CD 2F 95 43 CF D1 ...
T1DDC 053:078.640   completely In flash
T1DDC 053:078.668 - 0.078ms returns 0xBB0
T1DDC 053:079.028 JLINK_WriteMem(0x901C5900, 0xBB0 Bytes, ...)
T1DDC 053:079.048   Data:  BC 6E FF 73 1F 88 94 C3 5C 1F 6B B6 5E D3 6F 87 ...
T1DDC 053:079.072   completely In flash
T1DDC 053:079.096 - 0.070ms returns 0xBB0
T1DDC 053:079.500 JLINK_WriteMem(0x901C64B0, 0xBB0 Bytes, ...)
T1DDC 053:079.532   Data:  D6 03 0E 4A A1 BE DD E9 B7 EE 1A 51 E4 C1 EF 61 ...
T1DDC 053:079.560   completely In flash
T1DDC 053:079.584 - 0.085ms returns 0xBB0
T1DDC 053:079.944 JLINK_WriteMem(0x901C7060, 0xBB0 Bytes, ...)
T1DDC 053:079.968   Data:  64 B3 FB 2F 8A 0E 0A C1 14 FB 7F 63 9B 84 74 74 ...
T1DDC 053:079.992   completely In flash
T1DDC 053:080.020 - 0.073ms returns 0xBB0
T1DDC 053:080.416 JLINK_WriteMem(0x901C7C10, 0xBC0 Bytes, ...)
T1DDC 053:080.452   Data:  FE 0D 84 6E B8 A3 9A 2F F9 9E AC 9C 45 F8 15 BB ...
T1DDC 053:080.476   completely In flash
T1DDC 053:080.504 - 0.089ms returns 0xBC0
T1DDC 053:080.868 JLINK_WriteMem(0x901C87D0, 0xBC0 Bytes, ...)
T1DDC 053:080.904   Data:  AA BE E5 D6 D7 E6 F0 25 DF 28 6B 58 AD F4 AB 6E ...
T1DDC 053:080.928   completely In flash
T1DDC 053:080.952 - 0.088ms returns 0xBC0
T1DDC 053:081.312 JLINK_WriteMem(0x901C9390, 0xBB0 Bytes, ...)
T1DDC 053:081.340   Data:  61 54 AC DE 60 C1 69 98 A2 95 73 0F 4A 22 6A 64 ...
T1DDC 053:081.368   completely In flash
T1DDC 053:081.388 - 0.076ms returns 0xBB0
T1DDC 053:081.776 JLINK_WriteMem(0x901C9F40, 0xBB0 Bytes, ...)
T1DDC 053:081.812   Data:  A5 AD E9 86 28 F6 DF 12 ED AE 1A 21 C7 92 AC F4 ...
T1DDC 053:081.848   completely In flash
T1DDC 053:081.892 - 0.114ms returns 0xBB0
T1DDC 053:082.512 JLINK_WriteMem(0x901CAAF0, 0xBC0 Bytes, ...)
T1DDC 053:082.544   Data:  FB 74 25 6B 1F 1B 74 EF F0 6D 3A C3 B5 AA 52 16 ...
T1DDC 053:082.576   completely In flash
T1DDC 053:082.604 - 0.092ms returns 0xBC0
T1DDC 053:083.172 JLINK_WriteMem(0x901CB6B0, 0xBC0 Bytes, ...)
T1DDC 053:083.200   Data:  72 B8 E0 B6 26 48 FB 81 FE C9 F0 4F BE 7A B1 D8 ...
T1DDC 053:083.228   completely In flash
T1DDC 053:083.256 - 0.085ms returns 0xBC0
T1DDC 053:083.768 JLINK_WriteMem(0x901CC270, 0xBB0 Bytes, ...)
T1DDC 053:083.808   Data:  CD 62 A8 EB 7B 23 6A 31 4A 1D DD 02 26 2C 3F 8E ...
T1DDC 053:083.840   completely In flash
T1DDC 053:083.864 - 0.097ms returns 0xBB0
T1DDC 053:084.312 JLINK_WriteMem(0x901CCE20, 0xBB0 Bytes, ...)
T1DDC 053:084.348   Data:  2D DE 0A CA D9 F3 BA 69 4D C0 07 BB AF FA 5B B4 ...
T1DDC 053:084.376   completely In flash
T1DDC 053:084.404 - 0.088ms returns 0xBB0
T1DDC 053:084.744 JLINK_WriteMem(0x901CD9D0, 0xBB0 Bytes, ...)
T1DDC 053:084.764   Data:  31 AF 62 93 4A D5 BB 78 36 BB E4 2A 20 5D FB 36 ...
T1DDC 053:084.792   completely In flash
T1DDC 053:084.812 - 0.071ms returns 0xBB0
T1DDC 053:085.192 JLINK_WriteMem(0x901CE580, 0xBC0 Bytes, ...)
T1DDC 053:085.216   Data:  BD C5 39 91 7F D3 6B 41 9C EF B3 A1 DD 97 69 57 ...
T1DDC 053:085.252   completely In flash
T1DDC 053:085.276 - 0.086ms returns 0xBC0
T1DDC 053:085.576 JLINK_WriteMem(0x901CF140, 0xBC0 Bytes, ...)
T1DDC 053:085.596   Data:  E8 C4 50 5C 5A FE A6 F1 F6 1F 14 89 D8 82 42 72 ...
T1DDC 053:085.624   completely In flash
T1DDC 053:085.648 - 0.073ms returns 0xBC0
T1DDC 053:086.044 JLINK_WriteMem(0x901CFD00, 0xBB0 Bytes, ...)
T1DDC 053:086.080   Data:  D0 59 74 EA 39 79 C0 4F A7 D5 EC 11 21 2E A5 2B ...
T1DDC 053:086.116   completely In flash
T1DDC 053:086.140 - 0.097ms returns 0xBB0
T1DDC 053:086.532 JLINK_WriteMem(0x901D08B0, 0xBB0 Bytes, ...)
T1DDC 053:086.556   Data:  B2 8F 00 52 E3 42 E3 A7 FD 9F 2C 8D 45 A6 35 35 ...
T1DDC 053:086.588   completely In flash
T1DDC 053:086.616 - 0.082ms returns 0xBB0
T1DDC 053:087.016 JLINK_WriteMem(0x901D1460, 0xBC0 Bytes, ...)
T1DDC 053:087.048   Data:  60 05 79 EE A2 66 AE 46 93 66 B5 1F C8 F3 81 10 ...
T1DDC 053:087.080   completely In flash
T1DDC 053:087.108 - 0.090ms returns 0xBC0
T1DDC 053:087.484 JLINK_WriteMem(0x901D2020, 0xBC0 Bytes, ...)
T1DDC 053:087.520   Data:  FF 80 EB 2C 59 26 14 E3 FF FF FF 00 BF F0 74 25 ...
T1DDC 053:087.548   completely In flash
T1DDC 053:087.576 - 0.088ms returns 0xBC0
T1DDC 053:088.448 JLINK_WriteMem(0x901D2BE0, 0xBC0 Bytes, ...)
T1DDC 053:088.472   Data:  FF FF FF 00 A9 0E 40 24 80 40 00 00 00 00 B3 3E ...
T1DDC 053:088.504   completely In flash
T1DDC 053:088.536 - 0.086ms returns 0xBC0
T1DDC 053:088.940 JLINK_WriteMem(0x901D37A0, 0xBC0 Bytes, ...)
T1DDC 053:088.968   Data:  58 F0 FF FF FF 00 F3 F1 70 24 B3 D5 FF FF FF 80 ...
T1DDC 053:089.004   completely In flash
T1DDC 053:089.032 - 0.088ms returns 0xBC0
T1DDC 053:089.336 JLINK_WriteMem(0x901D4360, 0xBC0 Bytes, ...)
T1DDC 053:089.356   Data:  62 26 24 E9 FF FF FF 80 49 BA 4B 25 82 EC FF FF ...
T1DDC 053:089.384   completely In flash
T1DDC 053:089.404 - 0.069ms returns 0xBC0
T1DDC 053:089.724 JLINK_WriteMem(0x901D4F20, 0xBB0 Bytes, ...)
T1DDC 053:089.744   Data:  D5 17 92 99 3C 00 44 A1 F6 4E 44 AE F5 FF E7 2E ...
T1DDC 053:089.772   completely In flash
T1DDC 053:089.800 - 0.071ms returns 0xBB0
T1DDC 053:090.120 JLINK_WriteMem(0x901D5AD0, 0xBC0 Bytes, ...)
T1DDC 053:090.136   Data:  37 DE 87 FE 9F 00 60 87 B1 30 39 01 DB CD F3 FF ...
T1DDC 053:090.164   completely In flash
T1DDC 053:090.188 - 0.071ms returns 0xBC0
T1DDC 053:090.508 JLINK_WriteMem(0x901D6690, 0xBB0 Bytes, ...)
T1DDC 053:090.528   Data:  7D A3 17 18 DB 4A 00 10 5D 95 00 F7 6D 77 90 20 ...
T1DDC 053:090.556   completely In flash
T1DDC 053:090.580 - 0.070ms returns 0xBB0
T1DDC 053:091.020 JLINK_WriteMem(0x901D7240, 0xBC0 Bytes, ...)
T1DDC 053:091.056   Data:  01 00 A0 34 BC D8 00 B4 F0 5D 00 70 AF 99 22 CB ...
T1DDC 053:091.084   completely In flash
T1DDC 053:091.112 - 0.089ms returns 0xBC0
T1DDC 053:091.496 JLINK_WriteMem(0x901D7E00, 0xBC0 Bytes, ...)
T1DDC 053:091.528   Data:  00 B8 03 31 BC 9C 83 3A 00 D0 60 9D 42 AA 7A D5 ...
T1DDC 053:091.560   completely In flash
T1DDC 053:091.588 - 0.093ms returns 0xBC0
T1DDC 053:092.056 JLINK_WriteMem(0x901D89C0, 0xBC0 Bytes, ...)
T1DDC 053:092.084   Data:  F1 00 40 6C 21 F3 09 BB EA 09 B5 A0 91 2B A8 95 ...
T1DDC 053:092.116   completely In flash
T1DDC 053:092.136 - 0.081ms returns 0xBC0
T1DDC 053:092.524 JLINK_WriteMem(0x901D9580, 0xBC0 Bytes, ...)
T1DDC 053:092.552   Data:  7D 8D 29 31 2F 7C 7D 51 C8 40 2F C9 FE 03 C0 77 ...
T1DDC 053:092.584   completely In flash
T1DDC 053:092.608 - 0.084ms returns 0xBC0
T1DDC 053:092.984 JLINK_WriteMem(0x901DA140, 0xBC0 Bytes, ...)
T1DDC 053:093.012   Data:  C4 52 18 C7 06 80 A4 3E CE C4 EA 07 84 E2 D0 53 ...
T1DDC 053:093.832   completely In flash
T1DDC 053:093.864 - 0.881ms returns 0xBC0
T1DDC 053:094.432 JLINK_WriteMem(0x901DAD00, 0xBC0 Bytes, ...)
T1DDC 053:094.460   Data:  CF C2 52 99 5D CA 5A 03 7E F3 13 6B 3C 00 00 E6 ...
T1DDC 053:094.488   completely In flash
T1DDC 053:094.516 - 0.082ms returns 0xBC0
T1DDC 053:094.928 JLINK_WriteMem(0x901DB8C0, 0xBC0 Bytes, ...)
T1DDC 053:094.968   Data:  16 33 D3 46 1C 00 A8 5B DF F5 70 E1 0C 6D C0 FF ...
T1DDC 053:095.016   completely In flash
T1DDC 053:095.040 - 0.111ms returns 0xBC0
T1DDC 053:095.464 JLINK_WriteMem(0x901DC480, 0xB90 Bytes, ...)
T1DDC 053:095.496   Data:  A9 DD 00 40 5C 1F 9B 10 41 06 93 40 02 80 E0 42 ...
T1DDC 053:095.528   completely In flash
T1DDC 053:095.552 - 0.086ms returns 0xB90
T1DDC 053:095.904 JLINK_WriteMem(0x901DD010, 0xBB0 Bytes, ...)
T1DDC 053:095.928   Data:  AC E6 73 72 5E 1A A0 4E 06 CA 7A 0A 8C 92 95 92 ...
T1DDC 053:095.952   completely In flash
T1DDC 053:095.976 - 0.070ms returns 0xBB0
T1DDC 053:096.376 JLINK_WriteMem(0x901DDBC0, 0xBB0 Bytes, ...)
T1DDC 053:096.400   Data:  78 73 DC 40 0F D0 B9 D5 45 C8 EE 25 44 2F 86 1F ...
T1DDC 053:096.424   completely In flash
T1DDC 053:096.452 - 0.076ms returns 0xBB0
T1DDC 053:096.788 JLINK_WriteMem(0x901DE770, 0xBC0 Bytes, ...)
T1DDC 053:096.808   Data:  24 6E 55 29 2D D1 2A EC 3B A7 E9 7E 98 80 49 7D ...
T1DDC 053:096.832   completely In flash
T1DDC 053:096.856 - 0.069ms returns 0xBC0
T1DDC 053:097.200 JLINK_WriteMem(0x901DF330, 0xBC0 Bytes, ...)
T1DDC 053:097.224   Data:  C0 E0 00 B3 63 64 A6 6E EB 26 FF C8 77 B1 00 B7 ...
T1DDC 053:097.252   completely In flash
T1DDC 053:097.276 - 0.074ms returns 0xBC0
T1DDC 053:097.592 JLINK_WriteMem(0x901DFEF0, 0xBB0 Bytes, ...)
T1DDC 053:097.612   Data:  65 5D EA 4A B5 5F 13 AA 1B AA 9C 29 E1 53 57 EF ...
T1DDC 053:097.640   completely In flash
T1DDC 053:097.676 - 0.083ms returns 0xBB0
T1DDC 053:098.200 JLINK_WriteMem(0x901E0AA0, 0xBC0 Bytes, ...)
T1DDC 053:098.232   Data:  86 CA 89 74 FF E6 FB 5D B8 B2 3B D1 F5 B0 ED A8 ...
T1DDC 053:098.264   completely In flash
T1DDC 053:098.292 - 0.091ms returns 0xBC0
T1DDC 053:098.712 JLINK_WriteMem(0x901E1660, 0xBC0 Bytes, ...)
T1DDC 053:098.744   Data:  40 90 23 13 D3 52 FF 91 F5 3A FA 11 9F BE D3 5E ...
T1DDC 053:098.772   completely In flash
T1DDC 053:098.796 - 0.083ms returns 0xBC0
T1DDC 053:099.192 JLINK_WriteMem(0x901E2220, 0xBB0 Bytes, ...)
T1DDC 053:099.224   Data:  10 FB 64 F4 E2 6A 6B A3 EC B0 93 2B 15 82 0E D8 ...
T1DDC 053:099.248   completely In flash
T1DDC 053:099.272 - 0.077ms returns 0xBB0
T1DDC 053:099.608 JLINK_WriteMem(0x901E2DD0, 0xBC0 Bytes, ...)
T1DDC 053:099.632   Data:  E7 BB B6 4A C9 A7 92 81 20 CF 3A 61 1D EB 73 08 ...
T1DDC 053:099.664   completely In flash
T1DDC 053:099.688 - 0.076ms returns 0xBC0
T1DDC 053:100.080 JLINK_WriteMem(0x901E3990, 0xBB0 Bytes, ...)
T1DDC 053:100.104   Data:  78 C8 86 84 D0 15 CB 52 A6 98 E1 FD C4 1B E8 12 ...
T1DDC 053:100.136   completely In flash
T1DDC 053:100.160 - 0.079ms returns 0xBB0
T1DDC 053:100.572 JLINK_WriteMem(0x901E4540, 0xBB0 Bytes, ...)
T1DDC 053:100.604   Data:  76 E9 AD 38 D3 62 24 07 6D 67 08 B3 47 D6 34 5B ...
T1DDC 053:100.632   completely In flash
T1DDC 053:100.664 - 0.091ms returns 0xBB0
T1DDC 053:101.128 JLINK_WriteMem(0x901E50F0, 0xBB0 Bytes, ...)
T1DDC 053:101.160   Data:  F3 4E 33 8D 1A B6 8D 11 D7 DF 95 0C F8 46 C9 CA ...
T1DDC 053:101.188   completely In flash
T1DDC 053:101.208 - 0.079ms returns 0xBB0
T1DDC 053:101.600 JLINK_WriteMem(0x901E5CA0, 0xBB0 Bytes, ...)
T1DDC 053:101.628   Data:  43 B1 C8 89 9B 62 B8 1C 04 C2 BF BB 7D 0B 0F 64 ...
T1DDC 053:101.660   completely In flash
T1DDC 053:101.684 - 0.085ms returns 0xBB0
T1DDC 053:102.060 JLINK_WriteMem(0x901E6850, 0xBC0 Bytes, ...)
T1DDC 053:102.092   Data:  6C CE BF FC 7D DD E2 ED BE 73 6F 78 74 3E D3 98 ...
T1DDC 053:102.120   completely In flash
T1DDC 053:102.144 - 0.083ms returns 0xBC0
T1DDC 053:102.488 JLINK_WriteMem(0x901E7410, 0xBB0 Bytes, ...)
T1DDC 053:102.508   Data:  77 87 19 71 3D E1 07 F6 DB AB CE 3C FB 7D 2A BA ...
T1DDC 053:102.536   completely In flash
T1DDC 053:102.556 - 0.072ms returns 0xBB0
T1DDC 053:102.936 JLINK_WriteMem(0x901E7FC0, 0xBB0 Bytes, ...)
T1DDC 053:102.960   Data:  83 01 79 15 E2 B1 48 E0 26 84 32 18 74 AE 1D 71 ...
T1DDC 053:102.988   completely In flash
T1DDC 053:103.012 - 0.078ms returns 0xBB0
T1DDC 053:103.336 JLINK_WriteMem(0x901E8B70, 0xBB0 Bytes, ...)
T1DDC 053:103.352   Data:  87 2F F0 7D 61 67 03 9A 77 8E 65 96 6E AD C9 78 ...
T1DDC 053:103.380   completely In flash
T1DDC 053:103.400 - 0.068ms returns 0xBB0
T1DDC 053:103.716 JLINK_WriteMem(0x901E9720, 0xBC0 Bytes, ...)
T1DDC 053:103.736   Data:  BF A9 F1 93 1C 6D EA FF DD 07 CC 34 3A 08 23 33 ...
T1DDC 053:103.760   completely In flash
T1DDC 053:103.784 - 0.068ms returns 0xBC0
T1DDC 053:104.100 JLINK_WriteMem(0x901EA2E0, 0xBB0 Bytes, ...)
T1DDC 053:104.120   Data:  01 CC 16 C4 73 C7 AD 70 B8 C0 BB BE 0A 91 80 60 ...
T1DDC 053:104.144   completely In flash
T1DDC 053:104.168 - 0.068ms returns 0xBB0
T1DDC 053:104.480 JLINK_WriteMem(0x901EAE90, 0xBB0 Bytes, ...)
T1DDC 053:104.500   Data:  E9 C7 50 70 FE 34 25 31 06 F2 32 80 58 6E 95 A9 ...
T1DDC 053:104.524   completely In flash
T1DDC 053:104.548 - 0.067ms returns 0xBB0
T1DDC 053:104.860 JLINK_WriteMem(0x901EBA40, 0xBC0 Bytes, ...)
T1DDC 053:104.880   Data:  50 2B 02 C7 04 F0 F9 96 28 0B 7E 87 CB C9 7B 69 ...
T1DDC 053:104.924   completely In flash
T1DDC 053:104.948 - 0.086ms returns 0xBC0
T1DDC 053:105.268 JLINK_WriteMem(0x901EC600, 0xBB0 Bytes, ...)
T1DDC 053:105.288   Data:  DE 7F 1D 12 19 B4 7B 2D 40 A5 B4 69 8B 33 78 4E ...
T1DDC 053:105.308   completely In flash
T1DDC 053:105.336 - 0.066ms returns 0xBB0
T1DDC 053:105.644 JLINK_WriteMem(0x901ED1B0, 0xBA0 Bytes, ...)
T1DDC 053:105.668   Data:  8D 54 48 D3 39 EF 17 61 B9 5E 4B A7 9B D4 DA B5 ...
T1DDC 053:105.692   completely In flash
T1DDC 053:105.724 - 0.077ms returns 0xBA0
T1DDC 053:106.040 JLINK_WriteMem(0x901EDD50, 0xBA0 Bytes, ...)
T1DDC 053:106.056   Data:  90 55 98 D3 49 DE 53 0B E3 49 11 41 C7 7A 9B 0E ...
T1DDC 053:106.084   completely In flash
T1DDC 053:106.104 - 0.068ms returns 0xBA0
T1DDC 053:106.416 JLINK_WriteMem(0x901EE8F0, 0xBB0 Bytes, ...)
T1DDC 053:106.436   Data:  F0 F0 30 7C BD 63 38 8A D1 8D 23 90 42 D8 5C 05 ...
T1DDC 053:106.460   completely In flash
T1DDC 053:106.488 - 0.068ms returns 0xBB0
T1DDC 053:106.800 JLINK_WriteMem(0x901EF4A0, 0xBB0 Bytes, ...)
T1DDC 053:106.820   Data:  42 F8 2E AF 26 1B 0D 77 6E 56 CD 8F F3 DD B2 04 ...
T1DDC 053:106.844   completely In flash
T1DDC 053:106.872 - 0.068ms returns 0xBB0
T1DDC 053:107.184 JLINK_WriteMem(0x901F0050, 0xBC0 Bytes, ...)
T1DDC 053:107.204   Data:  4D 5E F9 4D AF B9 0C 2B 81 8A 9F 70 E4 DC 82 21 ...
T1DDC 053:107.228   completely In flash
T1DDC 053:107.252 - 0.067ms returns 0xBC0
T1DDC 053:107.672 JLINK_WriteMem(0x901F0C10, 0xBC0 Bytes, ...)
T1DDC 053:107.704   Data:  C7 AE 58 D0 3A E3 A2 90 05 1C 41 50 D8 67 0F 7C ...
T1DDC 053:107.732   completely In flash
T1DDC 053:107.760 - 0.087ms returns 0xBC0
T1DDC 053:108.168 JLINK_WriteMem(0x901F17D0, 0xBC0 Bytes, ...)
T1DDC 053:108.196   Data:  F9 A0 AD 54 36 08 1E 64 25 EC FE 01 F9 A0 E7 19 ...
T1DDC 053:108.220   completely In flash
T1DDC 053:108.248 - 0.079ms returns 0xBC0
T1DDC 053:108.600 JLINK_WriteMem(0x901F2390, 0xBB0 Bytes, ...)
T1DDC 053:108.616   Data:  14 5B 1D 6F FD 23 31 B0 74 EC 95 E5 8C 28 36 1A ...
T1DDC 053:108.648   completely In flash
T1DDC 053:108.672 - 0.074ms returns 0xBB0
T1DDC 053:109.024 JLINK_WriteMem(0x901F2F40, 0xBB0 Bytes, ...)
T1DDC 053:109.048   Data:  D3 A2 E4 99 4E B8 2F 20 8A 6C 79 58 6E 89 C7 9A ...
T1DDC 053:109.076   completely In flash
T1DDC 053:109.096 - 0.075ms returns 0xBB0
T1DDC 053:109.432 JLINK_WriteMem(0x901F3AF0, 0xBC0 Bytes, ...)
T1DDC 053:109.452   Data:  CE 21 01 E4 DA E6 84 E9 09 C4 6F 35 56 CF ED 63 ...
T1DDC 053:109.480   completely In flash
T1DDC 053:109.500 - 0.071ms returns 0xBC0
T1DDC 053:109.844 JLINK_WriteMem(0x901F46B0, 0xBC0 Bytes, ...)
T1DDC 053:109.864   Data:  EC ED 29 8B 67 6F 1F F0 66 57 F6 82 81 52 0D 1B ...
T1DDC 053:109.888   completely In flash
T1DDC 053:109.912 - 0.071ms returns 0xBC0
T1DDC 053:110.264 JLINK_WriteMem(0x901F5270, 0xBC0 Bytes, ...)
T1DDC 053:110.288   Data:  CF E4 21 C5 3D 35 A2 00 69 1C CE BD 49 F8 C4 0E ...
T1DDC 053:110.316   completely In flash
T1DDC 053:110.340 - 0.076ms returns 0xBC0
T1DDC 053:110.696 JLINK_WriteMem(0x901F5E30, 0xBB0 Bytes, ...)
T1DDC 053:110.728   Data:  BC 84 0E 1D 5D BE A2 97 82 75 72 5A FB EB 89 D6 ...
T1DDC 053:110.752   completely In flash
T1DDC 053:110.776 - 0.080ms returns 0xBB0
T1DDC 053:111.120 JLINK_WriteMem(0x901F69E0, 0xBC0 Bytes, ...)
T1DDC 053:111.144   Data:  0B 42 B9 AD 82 80 CF 28 AD 0D ED 02 5A 6D B3 4B ...
T1DDC 053:111.168   completely In flash
T1DDC 053:111.192 - 0.071ms returns 0xBC0
T1DDC 053:111.544 JLINK_WriteMem(0x901F75A0, 0xBC0 Bytes, ...)
T1DDC 053:111.572   Data:  BC E1 FC 0E 0D CF 1D 15 29 5F F7 77 F2 B6 D8 9F ...
T1DDC 053:111.596   completely In flash
T1DDC 053:111.624 - 0.076ms returns 0xBC0
T1DDC 053:111.972 JLINK_WriteMem(0x901F8160, 0xBB0 Bytes, ...)
T1DDC 053:111.992   Data:  BD 54 A0 BC 21 0E 46 F4 A8 6C BA C6 2C 12 2C F1 ...
T1DDC 053:112.016   completely In flash
T1DDC 053:112.040 - 0.069ms returns 0xBB0
T1DDC 053:112.392 JLINK_WriteMem(0x901F8D10, 0xBC0 Bytes, ...)
T1DDC 053:112.424   Data:  D2 D9 8E B3 99 42 5F 3C C9 81 08 7D 32 5E 66 0F ...
T1DDC 053:112.448   completely In flash
T1DDC 053:112.472 - 0.080ms returns 0xBC0
T1DDC 053:112.808 JLINK_WriteMem(0x901F98D0, 0xBB0 Bytes, ...)
T1DDC 053:112.828   Data:  B2 1C A9 F3 69 96 B2 13 48 23 DC D7 E4 89 77 24 ...
T1DDC 053:112.856   completely In flash
T1DDC 053:112.880 - 0.069ms returns 0xBB0
T1DDC 053:113.224 JLINK_WriteMem(0x901FA480, 0xBB0 Bytes, ...)
T1DDC 053:113.248   Data:  93 D8 42 15 7E 7B 84 B4 27 F5 AE 6E BE 36 C9 D3 ...
T1DDC 053:113.272   completely In flash
T1DDC 053:113.304 - 0.082ms returns 0xBB0
T1DDC 053:113.632 JLINK_WriteMem(0x901FB030, 0xBC0 Bytes, ...)
T1DDC 053:113.660   Data:  6D 65 A1 CA B0 AB EE C5 6E 37 14 4C 63 BD BE 6C ...
T1DDC 053:113.688   completely In flash
T1DDC 053:113.716 - 0.083ms returns 0xBC0
T1DDC 053:114.664 JLINK_WriteMem(0x901FBBF0, 0xBB0 Bytes, ...)
T1DDC 053:114.748   Data:  55 82 39 73 19 F5 21 54 A3 0E 94 C9 99 C1 08 F3 ...
T1DDC 053:114.800   completely In flash
T1DDC 053:114.824 - 0.159ms returns 0xBB0
T1DDC 053:115.392 JLINK_WriteMem(0x901FC7A0, 0xBB0 Bytes, ...)
T1DDC 053:115.428   Data:  78 84 1C D5 85 0B C5 11 4D AB A5 5A 3E 94 94 5A ...
T1DDC 053:115.456   completely In flash
T1DDC 053:115.480 - 0.090ms returns 0xBB0
T1DDC 053:115.836 JLINK_WriteMem(0x901FD350, 0xBB0 Bytes, ...)
T1DDC 053:115.860   Data:  30 55 1E 67 86 CD DF 22 B8 86 4F 17 D8 B7 92 FD ...
T1DDC 053:115.884   completely In flash
T1DDC 053:115.908 - 0.071ms returns 0xBB0
T1DDC 053:116.304 JLINK_WriteMem(0x901FDF00, 0xBB0 Bytes, ...)
T1DDC 053:116.332   Data:  D0 1F 13 C5 71 D6 22 D0 66 06 18 FF 5A B8 44 D6 ...
T1DDC 053:116.360   completely In flash
T1DDC 053:116.388 - 0.083ms returns 0xBB0
T1DDC 053:116.724 JLINK_WriteMem(0x901FEAB0, 0xBC0 Bytes, ...)
T1DDC 053:116.748   Data:  71 8D 2A 40 48 28 CF 4B 19 9F 25 53 8A 8E F6 9D ...
T1DDC 053:116.776   completely In flash
T1DDC 053:116.800 - 0.074ms returns 0xBC0
T1DDC 053:117.112 JLINK_WriteMem(0x901FF670, 0xBC0 Bytes, ...)
T1DDC 053:117.128   Data:  0F 6B FB A4 92 B5 4C CA BE 06 44 0B BF 89 44 6A ...
T1DDC 053:117.484   completely In flash
T1DDC 053:118.972 - 1.864ms returns 0xBC0
T1DDC 053:119.432 JLINK_WriteMem(0x90200230, 0xBB0 Bytes, ...)
T1DDC 053:119.456   Data:  B0 DC 01 A3 00 9E 39 58 38 E5 9D E2 3F 4D 86 DE ...
T1DDC 053:119.480   completely In flash
T1DDC 053:119.504 - 0.071ms returns 0xBB0
T1DDC 053:119.888 JLINK_WriteMem(0x90200DE0, 0xBB0 Bytes, ...)
T1DDC 053:119.924   Data:  C0 9B E6 BA DF 1A 22 9D 82 03 AA CA 40 E8 8A 74 ...
T1DDC 053:119.952   completely In flash
T1DDC 053:119.976 - 0.088ms returns 0xBB0
T1DDC 053:120.592 JLINK_WriteMem(0x90201990, 0xBB0 Bytes, ...)
T1DDC 053:120.620   Data:  93 06 A2 1A 1C F8 AC 2A 59 43 05 95 F0 9D 5E E7 ...
T1DDC 053:120.648   completely In flash
T1DDC 053:120.680 - 0.087ms returns 0xBB0
T1DDC 053:121.060 JLINK_WriteMem(0x90202540, 0xBB0 Bytes, ...)
T1DDC 053:121.092   Data:  84 80 8A 05 C6 FA 52 CE D4 36 76 77 68 39 80 3D ...
T1DDC 053:121.120   completely In flash
T1DDC 053:121.144 - 0.085ms returns 0xBB0
T1DDC 053:121.604 JLINK_WriteMem(0x902030F0, 0xBB0 Bytes, ...)
T1DDC 053:121.628   Data:  C8 35 9A A9 7D 35 90 25 00 B0 59 AA BB 2C C9 BC ...
T1DDC 053:121.656   completely In flash
T1DDC 053:121.688 - 0.085ms returns 0xBB0
T1DDC 053:122.168 JLINK_WriteMem(0x90203CA0, 0xBC0 Bytes, ...)
T1DDC 053:122.232   Data:  A3 CA 26 81 E2 95 AC 0E F5 CA 56 41 11 83 73 82 ...
T1DDC 053:122.268   completely In flash
T1DDC 053:122.296 - 0.127ms returns 0xBC0
T1DDC 053:123.000 JLINK_WriteMem(0x90204860, 0xBB0 Bytes, ...)
T1DDC 053:123.052   Data:  B4 24 2E 09 7E 71 DE 6B DC 50 54 F2 E2 2C 27 4D ...
T1DDC 053:123.084   completely In flash
T1DDC 053:123.112 - 0.111ms returns 0xBB0
T1DDC 053:123.648 JLINK_WriteMem(0x90205410, 0xBC0 Bytes, ...)
T1DDC 053:123.700   Data:  38 C4 37 DA 5D 97 35 55 2B 7D 6D 54 15 69 48 59 ...
T1DDC 053:123.732   completely In flash
T1DDC 053:123.756 - 0.108ms returns 0xBC0
T1DDC 053:125.532 JLINK_WriteMem(0x90205FD0, 0xBC0 Bytes, ...)
T1DDC 053:125.720   Data:  93 2E CA CB 05 EA DF 50 3D ED D8 69 D7 F7 70 EF ...
T1DDC 053:125.876   completely In flash
T1DDC 053:126.004 - 0.469ms returns 0xBC0
T1DDC 053:127.200 JLINK_WriteMem(0x90206B90, 0xBB0 Bytes, ...)
T1DDC 053:127.296   Data:  E8 00 A2 6E CF AF 78 AE D6 EB 53 A9 74 7F FD 64 ...
T1DDC 053:127.344   completely In flash
T1DDC 053:127.372 - 0.176ms returns 0xBB0
T1DDC 053:127.912 JLINK_WriteMem(0x90207740, 0xBC0 Bytes, ...)
T1DDC 053:127.960   Data:  2C AE B0 8F BD 29 D3 2B 4A 0F F8 CF DC 3B 82 17 ...
T1DDC 053:127.992   completely In flash
T1DDC 053:128.028 - 0.115ms returns 0xBC0
T1DDC 053:128.408 JLINK_WriteMem(0x90208300, 0xBB0 Bytes, ...)
T1DDC 053:128.436   Data:  4E 57 9E 15 AA 5A E7 21 8A F8 36 BD C2 45 92 AE ...
T1DDC 053:128.460   completely In flash
T1DDC 053:128.488 - 0.075ms returns 0xBB0
T1DDC 053:128.824 JLINK_WriteMem(0x90208EB0, 0xBC0 Bytes, ...)
T1DDC 053:128.848   Data:  34 CA C2 F4 58 E2 1C 64 CC 0F 88 3F 9D AF D4 88 ...
T1DDC 053:128.872   completely In flash
T1DDC 053:128.896 - 0.074ms returns 0xBC0
T1DDC 053:129.400 JLINK_WriteMem(0x90209A70, 0xBC0 Bytes, ...)
T1DDC 053:129.432   Data:  FF EC 22 C9 14 83 34 93 A1 85 43 E6 05 70 8E A4 ...
T1DDC 053:129.464   completely In flash
T1DDC 053:129.484 - 0.090ms returns 0xBC0
T1DDC 053:130.016 JLINK_WriteMem(0x9020A630, 0xBB0 Bytes, ...)
T1DDC 053:130.048   Data:  C5 1D FB D1 1A 1B A4 E5 B9 BD 66 09 37 47 D6 22 ...
T1DDC 053:130.072   completely In flash
T1DDC 053:130.100 - 0.084ms returns 0xBB0
T1DDC 053:130.600 JLINK_WriteMem(0x9020B1E0, 0xBB0 Bytes, ...)
T1DDC 053:130.644   Data:  1D 4B 6D 56 39 09 4A 02 45 50 F3 55 61 E4 B6 0D ...
T1DDC 053:130.680   completely In flash
T1DDC 053:130.708 - 0.106ms returns 0xBB0
T1DDC 053:131.132 JLINK_WriteMem(0x9020BD90, 0xBB0 Bytes, ...)
T1DDC 053:131.168   Data:  85 7E C9 80 A7 53 42 6F A8 E3 21 28 85 DF 4F 02 ...
T1DDC 053:131.204   completely In flash
T1DDC 053:131.228 - 0.096ms returns 0xBB0
T1DDC 053:131.644 JLINK_WriteMem(0x9020C940, 0xBB0 Bytes, ...)
T1DDC 053:131.684   Data:  1B C6 A1 70 73 96 37 FC 76 BA ED 24 BA 0D 8A 96 ...
T1DDC 053:131.720   completely In flash
T1DDC 053:131.744 - 0.099ms returns 0xBB0
T1DDC 053:132.120 JLINK_WriteMem(0x9020D4F0, 0xBD0 Bytes, ...)
T1DDC 053:132.148   Data:  00 00 00 00 5B 51 6D 26 06 00 00 00 00 C1 F2 8D ...
T1DDC 053:132.180   completely In flash
T1DDC 053:132.204 - 0.083ms returns 0xBD0
T1DDC 053:132.736 JLINK_WriteMem(0x9020E0C0, 0xBD0 Bytes, ...)
T1DDC 053:132.772   Data:  E1 B8 43 26 64 00 00 00 00 02 BB C5 6D 26 80 FC ...
T1DDC 053:132.800   completely In flash
T1DDC 053:132.824 - 0.089ms returns 0xBD0
T1DDC 053:133.152 JLINK_WriteMem(0x9020EC90, 0xBC0 Bytes, ...)
T1DDC 053:133.176   Data:  C0 E5 FF FF FF DE 2F 61 5B 26 6F E3 FF FF FF DD ...
T1DDC 053:133.208   completely In flash
T1DDC 053:133.228 - 0.075ms returns 0xBC0
T1DDC 053:133.544 JLINK_WriteMem(0x9020F850, 0xBC0 Bytes, ...)
T1DDC 053:133.560   Data:  6D 26 B1 06 00 00 00 14 6C 33 71 26 19 E1 FF FF ...
T1DDC 053:133.588   completely In flash
T1DDC 053:133.612 - 0.070ms returns 0xBC0
T1DDC 053:133.924 JLINK_WriteMem(0x90210410, 0xBC0 Bytes, ...)
T1DDC 053:133.944   Data:  1D 3F 59 25 38 1F 9F 55 45 56 51 61 14 E1 E2 BB ...
T1DDC 053:133.964   completely In flash
T1DDC 053:133.992 - 0.067ms returns 0xBC0
T1DDC 053:134.312 JLINK_WriteMem(0x90210FD0, 0xBB0 Bytes, ...)
T1DDC 053:134.332   Data:  54 D3 2A 68 61 41 1B 7C B8 39 4F 47 B2 41 DC EF ...
T1DDC 053:134.360   completely In flash
T1DDC 053:134.384 - 0.074ms returns 0xBB0
T1DDC 053:134.688 JLINK_WriteMem(0x90211B80, 0xBC0 Bytes, ...)
T1DDC 053:134.708   Data:  32 81 49 94 DE 7C 64 0F 6F F5 9D 2A E5 9C 74 B6 ...
T1DDC 053:134.736   completely In flash
T1DDC 053:134.760 - 0.070ms returns 0xBC0
T1DDC 053:135.092 JLINK_WriteMem(0x90212740, 0xBB0 Bytes, ...)
T1DDC 053:135.120   Data:  CC B4 77 99 9A A1 46 1C 23 CC FB 73 D3 1D A1 5D ...
T1DDC 053:135.148   completely In flash
T1DDC 053:135.176 - 0.084ms returns 0xBB0
T1DDC 053:135.488 JLINK_WriteMem(0x902132F0, 0xBB0 Bytes, ...)
T1DDC 053:135.512   Data:  76 77 AD 8E 2D 9B 0F 29 25 EF BD 7C 66 6C EA 7E ...
T1DDC 053:135.536   completely In flash
T1DDC 053:135.560 - 0.072ms returns 0xBB0
T1DDC 053:135.864 JLINK_WriteMem(0x90213EA0, 0xBB0 Bytes, ...)
T1DDC 053:135.880   Data:  F4 DB 97 73 66 78 20 69 AD 57 2D 08 F3 5F E1 74 ...
T1DDC 053:135.912   completely In flash
T1DDC 053:135.932 - 0.069ms returns 0xBB0
T1DDC 053:136.232 JLINK_WriteMem(0x90214A50, 0xBC0 Bytes, ...)
T1DDC 053:136.248   Data:  FA B4 B4 3D 30 43 FD 74 DF 87 B8 EC 09 E6 8C EC ...
T1DDC 053:136.280   completely In flash
T1DDC 053:136.304 - 0.075ms returns 0xBC0
T1DDC 053:136.604 JLINK_WriteMem(0x90215610, 0xBC0 Bytes, ...)
T1DDC 053:136.620   Data:  EF D5 25 B8 5A F7 30 4A 86 08 36 14 14 57 9C A5 ...
T1DDC 053:136.648   completely In flash
T1DDC 053:136.672 - 0.067ms returns 0xBC0
T1DDC 053:136.972 JLINK_WriteMem(0x902161D0, 0xBB0 Bytes, ...)
T1DDC 053:136.992   Data:  7B 79 B2 F9 68 8E 01 E6 6B 36 FF 54 D4 2B 4D 6C ...
T1DDC 053:138.164   completely In flash
T1DDC 053:138.196 - 1.222ms returns 0xBB0
T1DDC 053:138.600 JLINK_WriteMem(0x90216D80, 0xBC0 Bytes, ...)
T1DDC 053:138.620   Data:  8D D5 85 E9 FA 2E A7 50 BE CA A2 9F 20 D2 12 FA ...
T1DDC 053:138.644   completely In flash
T1DDC 053:138.664 - 0.066ms returns 0xBC0
T1DDC 053:139.468 JLINK_WriteMem(0x90217940, 0xBA0 Bytes, ...)
T1DDC 053:139.500   Data:  41 71 A7 3B 8D 0E 68 92 D1 BF 4F 32 6D D0 3B 7B ...
T1DDC 053:139.528   completely In flash
T1DDC 053:139.552 - 0.083ms returns 0xBA0
T1DDC 053:139.940 JLINK_WriteMem(0x902184E0, 0xBB0 Bytes, ...)
T1DDC 053:139.968   Data:  B3 CC F8 EA F0 53 C7 D8 5E 87 6B 55 D8 4F EB B9 ...
T1DDC 053:139.996   completely In flash
T1DDC 053:140.020 - 0.081ms returns 0xBB0
T1DDC 053:140.332 JLINK_WriteMem(0x90219090, 0xBB0 Bytes, ...)
T1DDC 053:140.352   Data:  AA C0 D5 34 88 F8 24 D1 65 C8 42 79 85 5C 5B 68 ...
T1DDC 053:140.376   completely In flash
T1DDC 053:140.396 - 0.064ms returns 0xBB0
T1DDC 053:140.700 JLINK_WriteMem(0x90219C40, 0xBB0 Bytes, ...)
T1DDC 053:140.716   Data:  6F E2 A8 4E 20 E7 2D 42 DE D0 F0 E9 7D A9 DE 50 ...
T1DDC 053:140.744   completely In flash
T1DDC 053:140.764 - 0.065ms returns 0xBB0
T1DDC 053:141.288 JLINK_WriteMem(0x9021A7F0, 0xBC0 Bytes, ...)
T1DDC 053:141.320   Data:  2A 45 DC F6 4F BF E1 90 CC B9 8A 17 ED DE 6A 77 ...
T1DDC 053:141.348   completely In flash
T1DDC 053:141.372 - 0.085ms returns 0xBC0
T1DDC 053:141.864 JLINK_WriteMem(0x9021B3B0, 0xBC0 Bytes, ...)
T1DDC 053:141.888   Data:  50 7E D9 26 1D F3 EB A0 6E 9D AA A3 BC B2 F8 EE ...
T1DDC 053:141.912   completely In flash
T1DDC 053:141.936 - 0.075ms returns 0xBC0
T1DDC 053:142.368 JLINK_WriteMem(0x9021BF70, 0xBB0 Bytes, ...)
T1DDC 053:142.400   Data:  9C 83 34 93 8E B3 03 35 42 09 B9 5A 6B 73 27 BE ...
T1DDC 053:142.428   completely In flash
T1DDC 053:142.452 - 0.085ms returns 0xBB0
T1DDC 053:142.884 JLINK_WriteMem(0x9021CB20, 0xBC0 Bytes, ...)
T1DDC 053:142.904   Data:  72 1F 42 10 22 D6 B5 6C 49 87 ED 51 D0 F2 2D 3F ...
T1DDC 053:142.928   completely In flash
T1DDC 053:142.952 - 0.069ms returns 0xBC0
T1DDC 053:143.268 JLINK_WriteMem(0x9021D6E0, 0xBB0 Bytes, ...)
T1DDC 053:143.288   Data:  70 8E E5 6E CD BD C1 1F 22 B7 B5 BF A2 C5 92 05 ...
T1DDC 053:143.312   completely In flash
T1DDC 053:143.336 - 0.066ms returns 0xBB0
T1DDC 053:143.636 JLINK_WriteMem(0x9021E290, 0xBC0 Bytes, ...)
T1DDC 053:143.656   Data:  89 99 5B 8B 8E 2E EC 9D D9 F2 AE 64 2D 45 EE A6 ...
T1DDC 053:143.680   completely In flash
T1DDC 053:143.708 - 0.072ms returns 0xBC0
T1DDC 053:144.156 JLINK_WriteMem(0x9021EE50, 0xBB0 Bytes, ...)
T1DDC 053:144.216   Data:  56 29 2D EE BB 07 E8 53 AB BF AB 12 C7 A8 9F 5B ...
T1DDC 053:144.248   completely In flash
T1DDC 053:144.268 - 0.113ms returns 0xBB0
T1DDC 053:144.624 JLINK_WriteMem(0x9021FA00, 0xBC0 Bytes, ...)
T1DDC 053:144.644   Data:  99 16 76 B9 B9 FE B2 91 FA B4 39 8E 6F 8B 6E 58 ...
T1DDC 053:144.664   completely In flash
T1DDC 053:144.696 - 0.074ms returns 0xBC0
T1DDC 053:145.040 JLINK_WriteMem(0x902205C0, 0xBB0 Bytes, ...)
T1DDC 053:145.068   Data:  22 8A D0 F5 DE DD 55 A9 85 A9 EF AB AF 0F C0 F6 ...
T1DDC 053:145.096   completely In flash
T1DDC 053:145.116 - 0.078ms returns 0xBB0
T1DDC 053:145.424 JLINK_WriteMem(0x90221170, 0xBC0 Bytes, ...)
T1DDC 053:145.444   Data:  AE E8 E6 E0 40 0D 33 2A 36 32 44 B0 6D 4C 94 35 ...
T1DDC 053:145.464   completely In flash
T1DDC 053:145.488 - 0.065ms returns 0xBC0
T1DDC 053:145.812 JLINK_WriteMem(0x90221D30, 0xBC0 Bytes, ...)
T1DDC 053:145.840   Data:  ED 6B A6 86 F8 02 75 BF BA 79 41 71 2E 64 33 61 ...
T1DDC 053:145.972   completely In flash
T1DDC 053:145.996 - 0.183ms returns 0xBC0
T1DDC 053:146.444 JLINK_WriteMem(0x902228F0, 0xBC0 Bytes, ...)
T1DDC 053:146.472   Data:  E9 B6 DF 01 39 B6 33 D5 34 C9 93 6C 17 EE F3 B2 ...
T1DDC 053:146.500   completely In flash
T1DDC 053:146.520 - 0.079ms returns 0xBC0
T1DDC 053:146.904 JLINK_WriteMem(0x902234B0, 0xBC0 Bytes, ...)
T1DDC 053:146.936   Data:  90 12 38 57 6D CF A6 F7 75 DC C5 C3 53 2F 3F 3B ...
T1DDC 053:146.968   completely In flash
T1DDC 053:146.988 - 0.089ms returns 0xBC0
T1DDC 053:147.352 JLINK_WriteMem(0x90224070, 0xBC0 Bytes, ...)
T1DDC 053:147.388   Data:  F5 BE 5F E5 7E 01 BF 55 71 FD 7F C0 A0 C6 BC DD ...
T1DDC 053:147.416   completely In flash
T1DDC 053:147.436 - 0.085ms returns 0xBC0
T1DDC 053:147.756 JLINK_WriteMem(0x90224C30, 0xBA0 Bytes, ...)
T1DDC 053:147.776   Data:  31 59 B1 F5 D1 BE ED 62 7D 13 51 9F EF A8 CE 3A ...
T1DDC 053:147.800   completely In flash
T1DDC 053:147.820 - 0.066ms returns 0xBA0
T1DDC 053:148.152 JLINK_WriteMem(0x902257D0, 0xBC0 Bytes, ...)
T1DDC 053:148.176   Data:  F1 B8 BB 57 D2 E9 20 68 BE 7E B3 16 B3 7D 70 47 ...
T1DDC 053:148.220   completely In flash
T1DDC 053:148.244 - 0.092ms returns 0xBC0
T1DDC 053:148.564 JLINK_WriteMem(0x90226390, 0xBB0 Bytes, ...)
T1DDC 053:148.584   Data:  7A 4D A7 EF 77 47 5F 33 7D 46 0C BD 87 E7 B8 2F ...
T1DDC 053:148.612   completely In flash
T1DDC 053:148.632 - 0.069ms returns 0xBB0
T1DDC 053:148.940 JLINK_WriteMem(0x90226F40, 0xBB0 Bytes, ...)
T1DDC 053:148.960   Data:  74 E6 66 BF 11 88 E8 7F A7 C9 5B 97 B7 82 EF ED ...
T1DDC 053:148.984   completely In flash
T1DDC 053:149.004 - 0.065ms returns 0xBB0
T1DDC 053:149.320 JLINK_WriteMem(0x90227AF0, 0xBC0 Bytes, ...)
T1DDC 053:149.344   Data:  AD 1C E7 C6 D7 65 AD 96 6A B7 B8 28 74 EA 77 7C ...
T1DDC 053:149.368   completely In flash
T1DDC 053:149.392 - 0.069ms returns 0xBC0
T1DDC 053:149.708 JLINK_WriteMem(0x902286B0, 0xBC0 Bytes, ...)
T1DDC 053:149.732   Data:  43 EE AF 1D 3E E2 BE 50 1C E5 C2 03 3A 65 0E F6 ...
T1DDC 053:149.756   completely In flash
T1DDC 053:149.780 - 0.068ms returns 0xBC0
T1DDC 053:150.120 JLINK_WriteMem(0x90229270, 0xBB0 Bytes, ...)
T1DDC 053:150.140   Data:  FB FF D4 B6 BA 12 1A E7 34 A2 F1 71 59 87 87 A2 ...
T1DDC 053:150.168   completely In flash
T1DDC 053:150.192 - 0.073ms returns 0xBB0
T1DDC 053:150.504 JLINK_WriteMem(0x90229E20, 0xBB0 Bytes, ...)
T1DDC 053:150.528   Data:  3A AD 7D 53 A5 88 34 14 3D 42 E3 73 D3 74 94 71 ...
T1DDC 053:150.552   completely In flash
T1DDC 053:150.576 - 0.071ms returns 0xBB0
T1DDC 053:150.944 JLINK_WriteMem(0x9022A9D0, 0xBB0 Bytes, ...)
T1DDC 053:150.968   Data:  39 5A DC 6D 59 E6 69 74 F7 65 C6 7A 4F F4 18 FC ...
T1DDC 053:150.996   completely In flash
T1DDC 053:151.016 - 0.075ms returns 0xBB0
T1DDC 053:151.352 JLINK_WriteMem(0x9022B580, 0xBC0 Bytes, ...)
T1DDC 053:151.380   Data:  27 FE B2 05 BE 08 D9 24 0B 78 65 91 30 CA 05 8E ...
T1DDC 053:151.404   completely In flash
T1DDC 053:151.428 - 0.073ms returns 0xBC0
T1DDC 053:151.912 JLINK_WriteMem(0x9022C140, 0xBC0 Bytes, ...)
T1DDC 053:151.928   Data:  65 B6 6B 6B 8E 39 9A 32 A1 18 A1 FC A5 01 AB 91 ...
T1DDC 053:151.960   completely In flash
T1DDC 053:151.980 - 0.070ms returns 0xBC0
T1DDC 053:152.296 JLINK_WriteMem(0x9022CD00, 0xBC0 Bytes, ...)
T1DDC 053:152.324   Data:  93 FD 6A AF D2 16 7D CA 9B 59 CF 20 DF 3D 4B C2 ...
T1DDC 053:152.348   completely In flash
T1DDC 053:152.372 - 0.076ms returns 0xBC0
T1DDC 053:152.696 JLINK_WriteMem(0x9022D8C0, 0xBB0 Bytes, ...)
T1DDC 053:152.712   Data:  76 5C 15 84 EB 6D 99 BB 8C CE EF 7B 38 C5 19 9C ...
T1DDC 053:152.740   completely In flash
T1DDC 053:152.760 - 0.067ms returns 0xBB0
T1DDC 053:153.132 JLINK_WriteMem(0x9022E470, 0xBB0 Bytes, ...)
T1DDC 053:153.176   Data:  23 2E FC 35 5A 9A 3E 70 1E 48 E2 ED 2D 3D 2E CC ...
T1DDC 053:153.204   completely In flash
T1DDC 053:153.228 - 0.094ms returns 0xBB0
T1DDC 053:153.552 JLINK_WriteMem(0x9022F020, 0xBB0 Bytes, ...)
T1DDC 053:153.572   Data:  DE CA 01 DA 48 0A E0 C9 F5 EC D6 21 A9 6A AC 7F ...
T1DDC 053:153.608   completely In flash
T1DDC 053:153.628 - 0.077ms returns 0xBB0
T1DDC 053:154.116 JLINK_WriteMem(0x9022FBD0, 0xBC0 Bytes, ...)
T1DDC 053:154.144   Data:  DC CA 7E 6D 70 41 92 3F 97 47 68 A4 AC 81 D7 CB ...
T1DDC 053:154.168   completely In flash
T1DDC 053:154.192 - 0.076ms returns 0xBC0
T1DDC 053:154.520 JLINK_WriteMem(0x90230790, 0xBC0 Bytes, ...)
T1DDC 053:154.540   Data:  A2 FD 3A 96 01 17 35 19 CA AE 25 28 19 A6 D0 46 ...
T1DDC 053:154.568   completely In flash
T1DDC 053:154.588 - 0.065ms returns 0xBC0
T1DDC 053:154.920 JLINK_WriteMem(0x90231350, 0xBB0 Bytes, ...)
T1DDC 053:154.952   Data:  FE E7 96 55 75 7D 5A 49 29 50 30 24 2C F7 4D 69 ...
T1DDC 053:154.976   completely In flash
T1DDC 053:155.000 - 0.076ms returns 0xBB0
T1DDC 053:155.340 JLINK_WriteMem(0x90231F00, 0xBC0 Bytes, ...)
T1DDC 053:155.364   Data:  9C 89 A0 38 6F 3B 52 98 C7 5A 31 D2 1F 6F 4A DB ...
T1DDC 053:155.388   completely In flash
T1DDC 053:155.412 - 0.069ms returns 0xBC0
T1DDC 053:155.736 JLINK_WriteMem(0x90232AC0, 0xBC0 Bytes, ...)
T1DDC 053:155.756   Data:  92 BD BF 8B E5 97 F5 89 91 B7 20 64 59 6A 21 93 ...
T1DDC 053:155.784   completely In flash
T1DDC 053:155.804 - 0.070ms returns 0xBC0
T1DDC 053:156.124 JLINK_WriteMem(0x90233680, 0xBC0 Bytes, ...)
T1DDC 053:156.148   Data:  0F C4 DA 48 5B ED 1F 8E 7F FF 8C 7F 17 5C 12 0F ...
T1DDC 053:156.172   completely In flash
T1DDC 053:156.196 - 0.070ms returns 0xBC0
T1DDC 053:156.520 JLINK_WriteMem(0x90234240, 0xBB0 Bytes, ...)
T1DDC 053:156.544   Data:  8B 77 6B 33 BC 19 D9 82 4C 36 7F 26 0E BC 4F D2 ...
T1DDC 053:156.568   completely In flash
T1DDC 053:156.588 - 0.069ms returns 0xBB0
T1DDC 053:156.940 JLINK_WriteMem(0x90234DF0, 0xBB0 Bytes, ...)
T1DDC 053:156.960   Data:  F6 23 32 05 EB 5F A9 8F BA 96 63 78 D5 7D AD 97 ...
T1DDC 053:156.984   completely In flash
T1DDC 053:157.008 - 0.067ms returns 0xBB0
T1DDC 053:157.332 JLINK_WriteMem(0x902359A0, 0xBB0 Bytes, ...)
T1DDC 053:157.356   Data:  BC C5 5B FB E1 D0 8C D9 7D CC 77 34 89 D5 E3 3F ...
T1DDC 053:157.400   completely In flash
T1DDC 053:157.432 - 0.102ms returns 0xBB0
T1DDC 053:158.196 JLINK_WriteMem(0x90236550, 0xBB0 Bytes, ...)
T1DDC 053:158.232   Data:  43 1E 7F 4D D1 28 F2 85 96 16 8C D2 74 99 95 72 ...
T1DDC 053:158.264   completely In flash
T1DDC 053:158.284 - 0.090ms returns 0xBB0
T1DDC 053:158.732 JLINK_WriteMem(0x90237100, 0xBC0 Bytes, ...)
T1DDC 053:158.776   Data:  03 55 B6 F9 0C D8 60 5B F9 3C D6 0D A3 0B 75 EF ...
T1DDC 053:158.804   completely In flash
T1DDC 053:158.824 - 0.092ms returns 0xBC0
T1DDC 053:159.224 JLINK_WriteMem(0x90237CC0, 0xBC0 Bytes, ...)
T1DDC 053:159.244   Data:  8E CF 26 3E BA CB 1C 79 B7 D7 F4 66 27 78 64 D0 ...
T1DDC 053:159.272   completely In flash
T1DDC 053:159.292 - 0.070ms returns 0xBC0
T1DDC 053:159.608 JLINK_WriteMem(0x90238880, 0xBC0 Bytes, ...)
T1DDC 053:159.624   Data:  EF 56 56 05 3E FA ED 0A 1A 77 3E EF 32 AA 77 4E ...
T1DDC 053:159.648   completely In flash
T1DDC 053:159.672 - 0.065ms returns 0xBC0
T1DDC 053:160.004 JLINK_WriteMem(0x90239440, 0xBC0 Bytes, ...)
T1DDC 053:160.024   Data:  27 0C 4F DA FB DF BA 9F 64 BE D4 97 9C CB 57 17 ...
T1DDC 053:160.048   completely In flash
T1DDC 053:160.072 - 0.066ms returns 0xBC0
T1DDC 053:160.588 JLINK_WriteMem(0x9023A000, 0xBB0 Bytes, ...)
T1DDC 053:160.628   Data:  0D 88 6A 37 EC 6B A3 9F 7F 9B CF 2F D4 73 FC A4 ...
T1DDC 053:160.656   completely In flash
T1DDC 053:160.684 - 0.096ms returns 0xBB0
T1DDC 053:161.096 JLINK_WriteMem(0x9023ABB0, 0xBB0 Bytes, ...)
T1DDC 053:161.128   Data:  47 F5 1D 37 00 B7 F6 CD 92 CD C4 BC DD C1 13 25 ...
T1DDC 053:161.160   completely In flash
T1DDC 053:161.180 - 0.085ms returns 0xBB0
T1DDC 053:161.492 JLINK_WriteMem(0x9023B760, 0xBC0 Bytes, ...)
T1DDC 053:161.512   Data:  34 E1 E1 FD 5E 98 F5 67 BA FA 9D A9 BD 0C 58 C5 ...
T1DDC 053:161.536   completely In flash
T1DDC 053:161.560 - 0.066ms returns 0xBC0
T1DDC 053:161.960 JLINK_WriteMem(0x9023C320, 0xBC0 Bytes, ...)
T1DDC 053:161.996   Data:  71 30 DE DA 6F 1C 71 3B F4 A9 B1 3E A9 E9 F2 1F ...
T1DDC 053:162.036   completely In flash
T1DDC 053:162.060 - 0.099ms returns 0xBC0
T1DDC 053:162.580 JLINK_WriteMem(0x9023CEE0, 0xBB0 Bytes, ...)
T1DDC 053:162.608   Data:  E9 B0 54 B7 0C CF 75 1E 0E 03 BC BE 04 E9 7B CD ...
T1DDC 053:162.632   completely In flash
T1DDC 053:162.660 - 0.079ms returns 0xBB0
T1DDC 053:163.036 JLINK_WriteMem(0x9023DA90, 0xBC0 Bytes, ...)
T1DDC 053:163.056   Data:  B0 55 B4 37 D0 0E C1 E0 EE 28 36 A1 DB 0E EC 66 ...
T1DDC 053:163.080   completely In flash
T1DDC 053:163.104 - 0.067ms returns 0xBC0
T1DDC 053:163.460 JLINK_WriteMem(0x9023E650, 0xBA0 Bytes, ...)
T1DDC 053:163.496   Data:  26 14 7D EF DE 5A 05 3D 13 E1 C8 DB 6C 13 C1 BD ...
T1DDC 053:163.520   completely In flash
T1DDC 053:163.544 - 0.085ms returns 0xBA0
T1DDC 053:163.896 JLINK_WriteMem(0x9023F1F0, 0xBB0 Bytes, ...)
T1DDC 053:163.916   Data:  7F BE 06 8D 2A 35 62 E6 5F 98 5C 96 A3 DA BF 7D ...
T1DDC 053:163.944   completely In flash
T1DDC 053:163.964 - 0.069ms returns 0xBB0
T1DDC 053:164.312 JLINK_WriteMem(0x9023FDA0, 0xBB0 Bytes, ...)
T1DDC 053:164.332   Data:  8D 1C 52 84 72 AA E4 D9 67 A1 CE 10 A2 1D 53 AE ...
T1DDC 053:164.356   completely In flash
T1DDC 053:164.376 - 0.066ms returns 0xBB0
T1DDC 053:164.680 JLINK_WriteMem(0x90240950, 0xBC0 Bytes, ...)
T1DDC 053:164.700   Data:  F5 73 52 F6 E6 49 14 25 E8 7C 5F E1 02 B9 59 25 ...
T1DDC 053:164.728   completely In flash
T1DDC 053:164.748 - 0.069ms returns 0xBC0
T1DDC 053:165.496 JLINK_WriteMem(0x90241510, 0xBC0 Bytes, ...)
T1DDC 053:165.528   Data:  18 9D FF 45 05 52 8C 10 75 B0 92 AF 2F 03 28 0B ...
T1DDC 053:165.556   completely In flash
T1DDC 053:165.580 - 0.081ms returns 0xBC0
T1DDC 053:165.956 JLINK_WriteMem(0x902420D0, 0xBB0 Bytes, ...)
T1DDC 053:165.976   Data:  E6 54 62 D4 4C F3 DA 31 14 00 8C 7C BC DF 37 8C ...
T1DDC 053:166.004   completely In flash
T1DDC 053:166.024 - 0.072ms returns 0xBB0
T1DDC 053:166.332 JLINK_WriteMem(0x90242C80, 0xBC0 Bytes, ...)
T1DDC 053:166.352   Data:  29 FB C1 74 DA BB 26 6B 94 34 6E 37 BA DF B6 ED ...
T1DDC 053:166.376   completely In flash
T1DDC 053:166.396 - 0.065ms returns 0xBC0
T1DDC 053:166.700 JLINK_WriteMem(0x90243840, 0xBC0 Bytes, ...)
T1DDC 053:166.720   Data:  2D D3 53 25 3B FA FF FF FF 00 DD 61 4D 26 F8 C1 ...
T1DDC 053:166.744   completely In flash
T1DDC 053:166.764 - 0.064ms returns 0xBC0
T1DDC 053:167.064 JLINK_WriteMem(0x90244400, 0xBC0 Bytes, ...)
T1DDC 053:167.084   Data:  00 00 DF 22 4C 27 7F 8B FF FF FF 80 3D 99 62 26 ...
T1DDC 053:167.108   completely In flash
T1DDC 053:167.128 - 0.065ms returns 0xBC0
T1DDC 053:167.432 JLINK_WriteMem(0x90244FC0, 0xBC0 Bytes, ...)
T1DDC 053:167.448   Data:  00 00 00 80 C3 B6 42 25 19 DB FF FF FF 80 81 FF ...
T1DDC 053:167.472   completely In flash
T1DDC 053:167.496 - 0.064ms returns 0xBC0
T1DDC 053:167.828 JLINK_WriteMem(0x90245B80, 0xBC0 Bytes, ...)
T1DDC 053:167.856   Data:  26 F1 FF FF FF 80 E9 48 7A 25 E5 E3 FF FF FF 00 ...
T1DDC 053:167.904   completely In flash
T1DDC 053:167.928 - 0.100ms returns 0xBC0
T1DDC 053:168.236 JLINK_WriteMem(0x90246740, 0xBC0 Bytes, ...)
T1DDC 053:168.256   Data:  99 09 0A 6D CE B3 16 00 F0 33 88 6E DB 97 7A 43 ...
T1DDC 053:168.280   completely In flash
T1DDC 053:168.304 - 0.067ms returns 0xBC0
T1DDC 053:168.600 JLINK_WriteMem(0x90247300, 0xBC0 Bytes, ...)
T1DDC 053:168.620   Data:  E0 9C 60 3A 8C B1 71 C0 7F 11 E8 22 23 70 9B CF ...
T1DDC 053:168.644   completely In flash
T1DDC 053:168.664 - 0.064ms returns 0xBC0
T1DDC 053:169.060 JLINK_WriteMem(0x90247EC0, 0xBB0 Bytes, ...)
T1DDC 053:169.096   Data:  08 58 1B 0C 01 64 1A 15 65 BB 35 35 C8 FC 3B 0B ...
T1DDC 053:169.124   completely In flash
T1DDC 053:169.144 - 0.087ms returns 0xBB0
T1DDC 053:169.536 JLINK_WriteMem(0x90248A70, 0xBB0 Bytes, ...)
T1DDC 053:169.560   Data:  00 60 35 90 21 14 90 B4 FC 0E 00 D2 E0 99 EE 13 ...
T1DDC 053:169.588   completely In flash
T1DDC 053:169.608 - 0.075ms returns 0xBB0
T1DDC 053:169.924 JLINK_WriteMem(0x90249620, 0xBC0 Bytes, ...)
T1DDC 053:169.944   Data:  05 00 3D F8 29 90 5B 7D 57 00 D2 84 41 A2 8B 00 ...
T1DDC 053:169.976   completely In flash
T1DDC 053:170.000 - 0.076ms returns 0xBC0
T1DDC 053:170.360 JLINK_WriteMem(0x9024A1E0, 0xBB0 Bytes, ...)
T1DDC 053:170.392   Data:  0B EE 08 9C 5C 3B 17 00 A8 C1 84 0E 49 9A E6 E7 ...
T1DDC 053:170.420   completely In flash
T1DDC 053:170.444 - 0.086ms returns 0xBB0
T1DDC 053:170.768 JLINK_WriteMem(0x9024AD90, 0xBC0 Bytes, ...)
T1DDC 053:170.788   Data:  03 F0 F5 42 01 80 19 8A FB 76 91 B9 AD 6F BA 05 ...
T1DDC 053:170.812   completely In flash
T1DDC 053:170.836 - 0.067ms returns 0xBC0
T1DDC 053:171.172 JLINK_WriteMem(0x9024B950, 0xBC0 Bytes, ...)
T1DDC 053:171.192   Data:  E1 1F 6F DC 50 41 FE 12 40 E6 85 1E 8F 48 26 7C ...
T1DDC 053:171.220   completely In flash
T1DDC 053:171.240 - 0.070ms returns 0xBC0
T1DDC 053:171.544 JLINK_WriteMem(0x9024C510, 0xBC0 Bytes, ...)
T1DDC 053:171.560   Data:  0B AE 7D 01 1E 19 D8 D1 1F C2 24 8D FF 77 FE 5F ...
T1DDC 053:171.584   completely In flash
T1DDC 053:171.608 - 0.064ms returns 0xBC0
T1DDC 053:171.912 JLINK_WriteMem(0x9024D0D0, 0xBC0 Bytes, ...)
T1DDC 053:171.932   Data:  CA 0A 27 87 2A 1B 00 08 03 3B 64 A1 CA CA BF 47 ...
T1DDC 053:171.960   completely In flash
T1DDC 053:171.980 - 0.067ms returns 0xBC0
T1DDC 053:172.348 JLINK_WriteMem(0x9024DC90, 0xBC0 Bytes, ...)
T1DDC 053:172.368   Data:  7C 29 11 81 00 00 00 60 B0 FC 40 28 87 5B FF FF ...
T1DDC 053:172.392   completely In flash
T1DDC 053:172.412 - 0.065ms returns 0xBC0
T1DDC 053:172.704 JLINK_WriteMem(0x9024E850, 0xBC0 Bytes, ...)
T1DDC 053:172.724   Data:  ED 50 BD 0F E9 C2 34 71 A4 99 0D E2 34 A1 59 A5 ...
T1DDC 053:172.748   completely In flash
T1DDC 053:172.776 - 0.070ms returns 0xBC0
T1DDC 053:173.080 JLINK_WriteMem(0x9024F410, 0xBB0 Bytes, ...)
T1DDC 053:173.096   Data:  C2 5C 0F A7 7D 35 19 80 8A 62 B2 78 55 A5 24 54 ...
T1DDC 053:173.120   completely In flash
T1DDC 053:173.144 - 0.066ms returns 0xBB0
T1DDC 053:173.444 JLINK_WriteMem(0x9024FFC0, 0xBC0 Bytes, ...)
T1DDC 053:173.460   Data:  AA 19 D7 63 27 DB 49 86 AB CB 9A 37 CF C4 64 61 ...
T1DDC 053:173.484   completely In flash
T1DDC 053:173.508 - 0.064ms returns 0xBC0
T1DDC 053:173.808 JLINK_WriteMem(0x90250B80, 0xBC0 Bytes, ...)
T1DDC 053:173.828   Data:  18 0D 7A 83 9B DE 53 80 9F CF 3F D1 25 BA EC A1 ...
T1DDC 053:173.848   completely In flash
T1DDC 053:173.872 - 0.065ms returns 0xBC0
T1DDC 053:174.200 JLINK_WriteMem(0x90251740, 0xBB0 Bytes, ...)
T1DDC 053:174.228   Data:  1D 73 60 83 E9 3C 48 15 0A 13 74 3C 51 18 D2 6B ...
T1DDC 053:174.252   completely In flash
T1DDC 053:174.276 - 0.075ms returns 0xBB0
T1DDC 053:174.888 JLINK_WriteMem(0x902522F0, 0xBB0 Bytes, ...)
T1DDC 053:174.924   Data:  A2 98 51 0A 99 D4 A7 44 15 42 0A E5 25 56 C4 1B ...
T1DDC 053:174.952   completely In flash
T1DDC 053:174.976 - 0.088ms returns 0xBB0
T1DDC 053:175.436 JLINK_WriteMem(0x90252EA0, 0xBB0 Bytes, ...)
T1DDC 053:175.472   Data:  95 A7 90 43 A4 AB BC BB 40 41 F7 27 D4 57 0E 55 ...
T1DDC 053:175.496   completely In flash
T1DDC 053:175.520 - 0.082ms returns 0xBB0
T1DDC 053:175.980 JLINK_WriteMem(0x90253A50, 0xBB0 Bytes, ...)
T1DDC 053:176.016   Data:  26 DE C7 97 EB F9 5D 12 07 99 1D E3 6C EB E0 4C ...
T1DDC 053:176.040   completely In flash
T1DDC 053:176.068 - 0.084ms returns 0xBB0
T1DDC 053:176.408 JLINK_WriteMem(0x90254600, 0xBC0 Bytes, ...)
T1DDC 053:176.432   Data:  07 37 88 EE D0 4D FD 4D 1F 72 16 83 1F 8A DE 58 ...
T1DDC 053:176.456   completely In flash
T1DDC 053:176.476 - 0.065ms returns 0xBC0
T1DDC 053:176.856 JLINK_WriteMem(0x902551C0, 0xBB0 Bytes, ...)
T1DDC 053:176.888   Data:  12 D9 AC A8 BC 07 35 CE 60 A5 31 A1 09 1D 23 27 ...
T1DDC 053:176.920   completely In flash
T1DDC 053:176.944 - 0.089ms returns 0xBB0
T1DDC 053:177.312 JLINK_WriteMem(0x90255D70, 0xBB0 Bytes, ...)
T1DDC 053:177.352   Data:  CC 4E 34 E8 A1 D7 D3 5C 8E 23 F7 6F 91 D6 57 F3 ...
T1DDC 053:177.396   completely In flash
T1DDC 053:177.432 - 0.119ms returns 0xBB0
T1DDC 053:178.100 JLINK_WriteMem(0x90256920, 0xBB0 Bytes, ...)
T1DDC 053:178.192   Data:  70 AE AD 94 18 DA D0 9C BE 7C 2B D8 9E 34 33 CA ...
T1DDC 053:178.268   completely In flash
T1DDC 053:178.296 - 0.199ms returns 0xBB0
T1DDC 053:178.904 JLINK_WriteMem(0x902574D0, 0xBB0 Bytes, ...)
T1DDC 053:178.992   Data:  3E 56 03 83 A2 D6 05 C5 9A EF C5 4A 31 29 0A C5 ...
T1DDC 053:179.036   completely In flash
T1DDC 053:179.064 - 0.158ms returns 0xBB0
T1DDC 053:179.544 JLINK_WriteMem(0x90258080, 0xBB0 Bytes, ...)
T1DDC 053:179.576   Data:  1D 5E 98 B4 15 9E 57 53 4A 2A E6 CC F1 5D 2E BD ...
T1DDC 053:179.608   completely In flash
T1DDC 053:179.636 - 0.090ms returns 0xBB0
T1DDC 053:180.216 JLINK_WriteMem(0x90258C30, 0xBC0 Bytes, ...)
T1DDC 053:180.284   Data:  F9 A1 1A 8C 20 AA 72 A2 DC 08 8D 41 6E C7 62 55 ...
T1DDC 053:180.332   completely In flash
T1DDC 053:180.360 - 0.145ms returns 0xBC0
T1DDC 053:180.836 JLINK_WriteMem(0x902597F0, 0xBC0 Bytes, ...)
T1DDC 053:180.868   Data:  AA EB A8 79 90 18 CA DB 6E 55 75 0E 62 5A 4B 98 ...
T1DDC 053:182.020   completely In flash
T1DDC 053:182.056 - 1.224ms returns 0xBC0
T1DDC 053:182.420 JLINK_WriteMem(0x9025A3B0, 0xBC0 Bytes, ...)
T1DDC 053:182.444   Data:  AF F4 AB 6B 20 0F 97 00 BE 4F BB C1 60 4D 3A 33 ...
T1DDC 053:182.472   completely In flash
T1DDC 053:182.496 - 0.079ms returns 0xBC0
T1DDC 053:182.856 JLINK_WriteMem(0x9025AF70, 0xBB0 Bytes, ...)
T1DDC 053:182.884   Data:  4B 1F 17 C9 3A 52 82 58 3D 1B 22 03 09 D5 6B 2A ...
T1DDC 053:182.908   completely In flash
T1DDC 053:182.932 - 0.074ms returns 0xBB0
T1DDC 053:183.228 JLINK_WriteMem(0x9025BB20, 0xBC0 Bytes, ...)
T1DDC 053:183.244   Data:  57 AF B6 34 35 3B 11 8B 47 1C B7 9E DF 3D D8 A1 ...
T1DDC 053:183.272   completely In flash
T1DDC 053:183.292 - 0.063ms returns 0xBC0
T1DDC 053:183.584 JLINK_WriteMem(0x9025C6E0, 0xBA0 Bytes, ...)
T1DDC 053:183.600   Data:  BD 4F B4 04 BF 3B 91 D2 71 7E AA F8 45 C4 72 12 ...
T1DDC 053:183.640   completely In flash
T1DDC 053:183.660 - 0.079ms returns 0xBA0
T1DDC 053:184.008 JLINK_WriteMem(0x9025D280, 0xBB0 Bytes, ...)
T1DDC 053:184.028   Data:  68 77 06 56 F0 53 03 30 EF 1E 02 3C 13 BC 95 AE ...
T1DDC 053:184.056   completely In flash
T1DDC 053:184.072 - 0.070ms returns 0xBB0
T1DDC 053:184.388 JLINK_WriteMem(0x9025DE30, 0xBC0 Bytes, ...)
T1DDC 053:184.408   Data:  0B 24 B5 ED 38 01 66 28 88 7A D7 92 A9 47 C5 31 ...
T1DDC 053:184.436   completely In flash
T1DDC 053:184.456 - 0.067ms returns 0xBC0
T1DDC 053:184.752 JLINK_WriteMem(0x9025E9F0, 0xBB0 Bytes, ...)
T1DDC 053:184.772   Data:  F8 DF 2E 17 C2 B5 B9 24 C6 9C 1F 0D 6F 72 F7 F6 ...
T1DDC 053:184.792   completely In flash
T1DDC 053:184.816 - 0.063ms returns 0xBB0
T1DDC 053:185.128 JLINK_WriteMem(0x9025F5A0, 0xBB0 Bytes, ...)
T1DDC 053:185.156   Data:  34 9F 65 03 7B 00 83 28 E7 B1 F2 A5 31 12 7D 50 ...
T1DDC 053:185.180   completely In flash
T1DDC 053:185.204 - 0.074ms returns 0xBB0
T1DDC 053:185.508 JLINK_WriteMem(0x90260150, 0xBC0 Bytes, ...)
T1DDC 053:185.528   Data:  26 FF 9D 7E 54 B4 D2 F4 3F 35 09 1C F1 E6 F5 DD ...
T1DDC 053:185.556   completely In flash
T1DDC 053:185.576 - 0.069ms returns 0xBC0
T1DDC 053:185.872 JLINK_WriteMem(0x90260D10, 0xBC0 Bytes, ...)
T1DDC 053:185.892   Data:  CF 22 71 BC 6E 36 0E 68 CF 09 A4 A0 DA 25 02 48 ...
T1DDC 053:185.912   completely In flash
T1DDC 053:185.936 - 0.063ms returns 0xBC0
T1DDC 053:186.204 JLINK_WriteMem(0x902618D0, 0xBC0 Bytes, ...)
T1DDC 053:186.220   Data:  79 59 C4 5B 2C C6 FA 26 A9 C6 5A AE F3 EE 5F 18 ...
T1DDC 053:186.244   completely In flash
T1DDC 053:186.264 - 0.063ms returns 0xBC0
T1DDC 053:186.552 JLINK_WriteMem(0x90262490, 0xBC0 Bytes, ...)
T1DDC 053:186.568   Data:  FD 7C A7 6C EB 8A FD E4 6F 35 7B D8 66 D9 3F 8C ...
T1DDC 053:186.592   completely In flash
T1DDC 053:186.616 - 0.062ms returns 0xBC0
T1DDC 053:186.908 JLINK_WriteMem(0x90263050, 0xBB0 Bytes, ...)
T1DDC 053:186.924   Data:  F0 3A 4D EC FF 89 2B 44 38 75 E4 63 39 A3 9F 3B ...
T1DDC 053:186.948   completely In flash
T1DDC 053:186.968 - 0.062ms returns 0xBB0
T1DDC 053:187.264 JLINK_WriteMem(0x90263C00, 0xBC0 Bytes, ...)
T1DDC 053:187.280   Data:  EA 2C 6C 85 52 6B 5A F3 2D 6F 59 E7 DF 3D BE BC ...
T1DDC 053:187.312   completely In flash
T1DDC 053:187.336 - 0.072ms returns 0xBC0
T1DDC 053:187.628 JLINK_WriteMem(0x902647C0, 0xBB0 Bytes, ...)
T1DDC 053:187.644   Data:  B4 EE 86 7D F0 81 DE 7B 18 A6 D8 49 1D DE BE CE ...
T1DDC 053:187.668   completely In flash
T1DDC 053:187.692 - 0.065ms returns 0xBB0
T1DDC 053:187.984 JLINK_WriteMem(0x90265370, 0xBB0 Bytes, ...)
T1DDC 053:188.000   Data:  7C 5A D9 88 BC 9E B3 D4 1E 55 4E 6A B0 52 DE 2E ...
T1DDC 053:188.024   completely In flash
T1DDC 053:188.044 - 0.062ms returns 0xBB0
T1DDC 053:188.332 JLINK_WriteMem(0x90265F20, 0xBB0 Bytes, ...)
T1DDC 053:188.352   Data:  FD 58 2E 23 1F A6 3D 40 88 27 C2 B8 66 DC 21 AD ...
T1DDC 053:188.376   completely In flash
T1DDC 053:188.396 - 0.062ms returns 0xBB0
T1DDC 053:188.768 JLINK_WriteMem(0x90266AD0, 0xBB0 Bytes, ...)
T1DDC 053:188.784   Data:  13 CD 29 02 D6 1B 7B BF FF 3A 9C B6 B2 FA 25 7A ...
T1DDC 053:188.808   completely In flash
T1DDC 053:188.828 - 0.062ms returns 0xBB0
T1DDC 053:189.116 JLINK_WriteMem(0x90267680, 0xBB0 Bytes, ...)
T1DDC 053:189.136   Data:  2E 33 D8 CA 4B 15 DB C9 43 75 3D 73 B1 F0 1D 69 ...
T1DDC 053:189.160   completely In flash
T1DDC 053:189.180 - 0.062ms returns 0xBB0
T1DDC 053:189.464 JLINK_WriteMem(0x90268230, 0xBC0 Bytes, ...)
T1DDC 053:189.484   Data:  A0 2F BF D9 FD 11 3F F0 A4 D4 5E 83 92 15 C1 8B ...
T1DDC 053:189.508   completely In flash
T1DDC 053:189.528 - 0.062ms returns 0xBC0
T1DDC 053:189.848 JLINK_WriteMem(0x90268DF0, 0xBC0 Bytes, ...)
T1DDC 053:189.880   Data:  03 CE B2 14 5F 4F 8B 05 64 87 EB 22 3E 11 0D 0D ...
T1DDC 053:189.908   completely In flash
T1DDC 053:189.932 - 0.083ms returns 0xBC0
T1DDC 053:190.260 JLINK_WriteMem(0x902699B0, 0xBB0 Bytes, ...)
T1DDC 053:190.280   Data:  00 CF 62 61 14 A5 64 6C AA EA F9 29 2A A3 1C FC ...
T1DDC 053:190.304   completely In flash
T1DDC 053:190.328 - 0.065ms returns 0xBB0
T1DDC 053:190.640 JLINK_WriteMem(0x9026A560, 0xBC0 Bytes, ...)
T1DDC 053:190.664   Data:  D2 81 55 1A 8E A2 17 3B AC DD 5E 54 7E 03 0F 17 ...
T1DDC 053:190.696   completely In flash
T1DDC 053:190.720 - 0.080ms returns 0xBC0
T1DDC 053:191.544 JLINK_WriteMem(0x9026B120, 0xBC0 Bytes, ...)
T1DDC 053:191.608   Data:  90 41 7E D0 D3 AD E1 E2 3F B6 0D D4 EF 10 AE 5C ...
T1DDC 053:191.668   completely In flash
T1DDC 053:191.736 - 0.191ms returns 0xBC0
T1DDC 053:192.212 JLINK_WriteMem(0x9026BCE0, 0xBB0 Bytes, ...)
T1DDC 053:192.248   Data:  DD 1E BD F6 6E 19 41 12 C4 85 91 32 57 09 B9 FC ...
T1DDC 053:192.276   completely In flash
T1DDC 053:192.296 - 0.086ms returns 0xBB0
T1DDC 053:192.676 JLINK_WriteMem(0x9026C890, 0xBB0 Bytes, ...)
T1DDC 053:192.696   Data:  70 C1 89 13 C3 6C 45 C0 0B CA 5E 52 76 5E 4D 83 ...
T1DDC 053:192.756   completely In flash
T1DDC 053:192.776 - 0.102ms returns 0xBB0
T1DDC 053:193.084 JLINK_WriteMem(0x9026D440, 0xBB0 Bytes, ...)
T1DDC 053:193.104   Data:  EB 4A 20 24 63 E1 41 87 06 FB 12 3A 33 AB 6E B2 ...
T1DDC 053:193.128   completely In flash
T1DDC 053:193.152 - 0.067ms returns 0xBB0
T1DDC 053:193.464 JLINK_WriteMem(0x9026DFF0, 0xBC0 Bytes, ...)
T1DDC 053:193.484   Data:  92 34 DC 61 A5 D4 56 A2 F8 FC 16 D6 77 9D 7A E8 ...
T1DDC 053:193.512   completely In flash
T1DDC 053:193.532 - 0.070ms returns 0xBC0
T1DDC 053:193.948 JLINK_WriteMem(0x9026EBB0, 0xBB0 Bytes, ...)
T1DDC 053:194.004   Data:  BE 65 8C E7 E7 AE E1 76 A4 B6 DD A8 3D 6C 11 24 ...
T1DDC 053:194.040   completely In flash
T1DDC 053:194.072 - 0.125ms returns 0xBB0
T1DDC 053:194.572 JLINK_WriteMem(0x9026F760, 0xBB0 Bytes, ...)
T1DDC 053:194.596   Data:  BE EF 76 45 C3 4D 8C A4 30 57 25 37 1E F2 70 B0 ...
T1DDC 053:194.620   completely In flash
T1DDC 053:194.644 - 0.069ms returns 0xBB0
T1DDC 053:195.052 JLINK_WriteMem(0x90270310, 0xBC0 Bytes, ...)
T1DDC 053:195.092   Data:  F5 C4 08 67 36 9B 5C 76 89 58 92 C8 B5 25 3D 86 ...
T1DDC 053:195.120   completely In flash
T1DDC 053:195.144 - 0.090ms returns 0xBC0
T1DDC 053:195.476 JLINK_WriteMem(0x90270ED0, 0xBC0 Bytes, ...)
T1DDC 053:195.496   Data:  31 7B A5 CD BB 3B 3C 29 48 F6 CE A4 0B 90 38 26 ...
T1DDC 053:195.528   completely In flash
T1DDC 053:195.552 - 0.075ms returns 0xBC0
T1DDC 053:195.876 JLINK_WriteMem(0x90271A90, 0xBB0 Bytes, ...)
T1DDC 053:195.896   Data:  44 7D 69 95 AC 04 E8 A2 F3 97 E1 78 D5 E9 83 08 ...
T1DDC 053:195.920   completely In flash
T1DDC 053:195.944 - 0.067ms returns 0xBB0
T1DDC 053:196.236 JLINK_WriteMem(0x90272640, 0xBB0 Bytes, ...)
T1DDC 053:196.260   Data:  60 4C 01 34 9B 4B 1C E3 AA DA 2D 31 87 66 DD 15 ...
T1DDC 053:196.280   completely In flash
T1DDC 053:196.304 - 0.065ms returns 0xBB0
T1DDC 053:196.644 JLINK_WriteMem(0x902731F0, 0xBC0 Bytes, ...)
T1DDC 053:196.684   Data:  90 D7 01 21 96 CA D4 14 D2 3A 65 6F 6E F3 37 3A ...
T1DDC 053:196.712   completely In flash
T1DDC 053:196.732 - 0.089ms returns 0xBC0
T1DDC 053:197.048 JLINK_WriteMem(0x90273DB0, 0xBC0 Bytes, ...)
T1DDC 053:197.068   Data:  76 39 57 C1 F4 54 C2 A5 CF A2 3D CB 1A 10 ED A1 ...
T1DDC 053:197.096   completely In flash
T1DDC 053:197.116 - 0.068ms returns 0xBC0
T1DDC 053:197.544 JLINK_WriteMem(0x90274970, 0xBC0 Bytes, ...)
T1DDC 053:197.572   Data:  E5 40 60 BD E4 F1 4A 72 B8 22 DD D2 8B 8F CA F6 ...
T1DDC 053:197.596   completely In flash
T1DDC 053:197.620 - 0.075ms returns 0xBC0
T1DDC 053:197.960 JLINK_WriteMem(0x90275530, 0xBB0 Bytes, ...)
T1DDC 053:197.976   Data:  4F B9 C3 B4 28 CF 3F 12 6E 08 31 14 E3 58 F8 EE ...
T1DDC 053:198.004   completely In flash
T1DDC 053:198.024 - 0.064ms returns 0xBB0
T1DDC 053:198.320 JLINK_WriteMem(0x902760E0, 0xBB0 Bytes, ...)
T1DDC 053:198.336   Data:  E6 60 87 93 28 B5 FE A5 FF FA 28 4E 87 4C 22 F6 ...
T1DDC 053:198.360   completely In flash
T1DDC 053:198.380 - 0.062ms returns 0xBB0
T1DDC 053:198.672 JLINK_WriteMem(0x90276C90, 0xBB0 Bytes, ...)
T1DDC 053:198.696   Data:  9A CA 0B 74 AD 91 E9 45 B6 F7 1B FC 70 E1 DA 68 ...
T1DDC 053:198.716   completely In flash
T1DDC 053:198.740 - 0.066ms returns 0xBB0
T1DDC 053:199.028 JLINK_WriteMem(0x90277840, 0xBC0 Bytes, ...)
T1DDC 053:199.044   Data:  05 6F 26 69 EC D4 C6 8A 20 34 8F E8 28 35 7E BB ...
T1DDC 053:199.064   completely In flash
T1DDC 053:199.088 - 0.063ms returns 0xBC0
T1DDC 053:199.376 JLINK_WriteMem(0x90278400, 0xBB0 Bytes, ...)
T1DDC 053:199.396   Data:  69 AA BE A0 9B B6 5E C3 13 A5 1A B9 F2 2B E9 7A ...
T1DDC 053:199.416   completely In flash
T1DDC 053:199.436 - 0.061ms returns 0xBB0
T1DDC 053:199.728 JLINK_WriteMem(0x90278FB0, 0xBC0 Bytes, ...)
T1DDC 053:199.744   Data:  A7 66 5B 4B 45 D4 54 94 78 1A A7 7E 96 58 95 FD ...
T1DDC 053:199.768   completely In flash
T1DDC 053:199.788 - 0.061ms returns 0xBC0
T1DDC 053:200.076 JLINK_WriteMem(0x90279B70, 0xBC0 Bytes, ...)
T1DDC 053:200.092   Data:  1C DB 8F 94 D2 B6 81 FA AC C3 9E 8B 5C 32 A7 29 ...
T1DDC 053:200.116   completely In flash
T1DDC 053:200.136 - 0.062ms returns 0xBC0
T1DDC 053:200.440 JLINK_WriteMem(0x9027A730, 0xBB0 Bytes, ...)
T1DDC 053:200.460   Data:  BE D8 8F 2F 34 D9 47 1A F9 25 02 7A 72 42 E9 EC ...
T1DDC 053:200.488   completely In flash
T1DDC 053:200.508 - 0.067ms returns 0xBB0
T1DDC 053:200.820 JLINK_WriteMem(0x9027B2E0, 0xBC0 Bytes, ...)
T1DDC 053:200.852   Data:  CE 18 43 93 53 07 66 C6 C2 12 F7 F8 86 EA 58 CA ...
T1DDC 053:200.876   completely In flash
T1DDC 053:200.904 - 0.081ms returns 0xBC0
T1DDC 053:201.272 JLINK_WriteMem(0x9027BEA0, 0xBB0 Bytes, ...)
T1DDC 053:201.300   Data:  D5 5A 8A 42 12 0D D3 9C 36 12 09 2B B5 93 F5 1A ...
T1DDC 053:201.324   completely In flash
T1DDC 053:201.348 - 0.076ms returns 0xBB0
T1DDC 053:201.660 JLINK_WriteMem(0x9027CA50, 0xBB0 Bytes, ...)
T1DDC 053:201.688   Data:  5F AD EB BE 23 06 82 36 09 D6 5D A1 86 C4 8C AA ...
T1DDC 053:201.728   completely In flash
T1DDC 053:201.752 - 0.088ms returns 0xBB0
T1DDC 053:202.072 JLINK_WriteMem(0x9027D600, 0xBB0 Bytes, ...)
T1DDC 053:202.096   Data:  7B D4 25 35 4F 79 7E A9 8F 83 2C 3F 3E 26 A3 AD ...
T1DDC 053:202.120   completely In flash
T1DDC 053:202.144 - 0.071ms returns 0xBB0
T1DDC 053:202.472 JLINK_WriteMem(0x9027E1B0, 0xBC0 Bytes, ...)
T1DDC 053:202.496   Data:  09 92 E0 51 3D 2F 45 64 5E CE 0F 18 C5 96 20 13 ...
T1DDC 053:202.532   completely In flash
T1DDC 053:202.552 - 0.080ms returns 0xBC0
T1DDC 053:202.856 JLINK_WriteMem(0x9027ED70, 0xBD0 Bytes, ...)
T1DDC 053:202.872   Data:  76 26 55 0B 00 00 00 74 C0 F5 6C 25 F3 F7 FF FF ...
T1DDC 053:202.896   completely In flash
T1DDC 053:202.920 - 0.065ms returns 0xBD0
T1DDC 053:203.232 JLINK_WriteMem(0x9027F940, 0xBC0 Bytes, ...)
T1DDC 053:203.256   Data:  FF FF FF EA AA 9E 40 25 6F 1C 00 00 00 AE 83 51 ...
T1DDC 053:203.276   completely In flash
T1DDC 053:203.300 - 0.067ms returns 0xBC0
T1DDC 053:203.592 JLINK_WriteMem(0x90280500, 0xBD0 Bytes, ...)
T1DDC 053:203.608   Data:  FE E6 FF FF FF A5 31 08 6D 26 AD F3 FF FF FF 01 ...
T1DDC 053:203.632   completely In flash
T1DDC 053:203.656 - 0.062ms returns 0xBD0
T1DDC 053:203.944 JLINK_WriteMem(0x902810D0, 0xBB0 Bytes, ...)
T1DDC 053:203.964   Data:  FF 2B 38 AD 49 25 C7 EB FF FF FF 22 24 B8 5F 25 ...
T1DDC 053:203.988   completely In flash
T1DDC 053:204.008 - 0.061ms returns 0xBB0
T1DDC 053:204.296 JLINK_WriteMem(0x90281C80, 0xBB0 Bytes, ...)
T1DDC 053:204.312   Data:  51 5E ED 08 89 C3 AE 3D 88 10 0E DD 36 DE AB D5 ...
T1DDC 053:204.336   completely In flash
T1DDC 053:204.360 - 0.062ms returns 0xBB0
T1DDC 053:204.712 JLINK_WriteMem(0x90282830, 0xBC0 Bytes, ...)
T1DDC 053:204.740   Data:  94 61 1C A5 7D 3A 68 DD 6F AF 84 33 E4 BD 67 6E ...
T1DDC 053:204.768   completely In flash
T1DDC 053:204.792 - 0.082ms returns 0xBC0
T1DDC 053:205.192 JLINK_WriteMem(0x902833F0, 0xBB0 Bytes, ...)
T1DDC 053:205.224   Data:  E8 32 B0 7A 7C 45 C1 0D 73 E9 DA E7 F5 F7 C6 3D ...
T1DDC 053:205.248   completely In flash
T1DDC 053:205.272 - 0.078ms returns 0xBB0
T1DDC 053:205.588 JLINK_WriteMem(0x90283FA0, 0xBC0 Bytes, ...)
T1DDC 053:205.608   Data:  A9 4E D1 23 94 EB 50 DC 97 2F 35 C7 43 12 80 38 ...
T1DDC 053:205.636   completely In flash
T1DDC 053:205.656 - 0.071ms returns 0xBC0
T1DDC 053:205.936 JLINK_WriteMem(0x90284B60, 0xBC0 Bytes, ...)
T1DDC 053:205.952   Data:  7B 30 AB F4 3E 62 55 3C BE 55 65 F2 DE 55 9A 30 ...
T1DDC 053:205.976   completely In flash
T1DDC 053:205.996 - 0.063ms returns 0xBC0
T1DDC 053:206.264 JLINK_WriteMem(0x90285720, 0xBC0 Bytes, ...)
T1DDC 053:206.280   Data:  DF 6E 7C 21 79 82 EA 5E A6 F7 C6 B2 CF 75 3C B8 ...
T1DDC 053:206.308   completely In flash
T1DDC 053:206.328 - 0.062ms returns 0xBC0
T1DDC 053:206.616 JLINK_WriteMem(0x902862E0, 0xBB0 Bytes, ...)
T1DDC 053:206.632   Data:  AA 51 EE 7D E6 FE 90 21 A9 86 FD A2 BA 0B 9D D4 ...
T1DDC 053:206.656   completely In flash
T1DDC 053:206.680 - 0.062ms returns 0xBB0
T1DDC 053:206.968 JLINK_WriteMem(0x90286E90, 0xBC0 Bytes, ...)
T1DDC 053:206.984   Data:  8F 81 96 BA 61 85 87 FA 28 7D 3E 6E 92 61 C2 65 ...
T1DDC 053:207.008   completely In flash
T1DDC 053:207.032 - 0.062ms returns 0xBC0
T1DDC 053:207.320 JLINK_WriteMem(0x90287A50, 0xBB0 Bytes, ...)
T1DDC 053:207.336   Data:  80 BC 32 E2 D4 46 FB F8 62 40 0C 65 93 3E 5E F1 ...
T1DDC 053:207.360   completely In flash
T1DDC 053:207.380 - 0.062ms returns 0xBB0
T1DDC 053:207.864 JLINK_WriteMem(0x90288600, 0xBC0 Bytes, ...)
T1DDC 053:207.896   Data:  5C F9 5C 0E DF F3 BD 13 BE B1 75 01 7A BB FC 3F ...
T1DDC 053:207.924   completely In flash
T1DDC 053:207.944 - 0.079ms returns 0xBC0
T1DDC 053:208.320 JLINK_WriteMem(0x902891C0, 0xBB0 Bytes, ...)
T1DDC 053:208.344   Data:  54 D0 6A A4 5E E1 AD 02 A3 4C 48 1F 70 A5 A3 D3 ...
T1DDC 053:208.368   completely In flash
T1DDC 053:208.392 - 0.070ms returns 0xBB0
T1DDC 053:208.760 JLINK_WriteMem(0x90289D70, 0xBB0 Bytes, ...)
T1DDC 053:208.792   Data:  A5 BD 7A FA CD 01 78 B2 52 CB F7 3C 0E B0 DD EA ...
T1DDC 053:208.820   completely In flash
T1DDC 053:208.844 - 0.083ms returns 0xBB0
T1DDC 053:209.352 JLINK_WriteMem(0x9028A920, 0xBB0 Bytes, ...)
T1DDC 053:209.388   Data:  7E 2D CD 47 34 10 0B C7 BD EC 86 04 22 BE 7D 15 ...
T1DDC 053:209.416   completely In flash
T1DDC 053:209.440 - 0.084ms returns 0xBB0
T1DDC 053:209.932 JLINK_WriteMem(0x9028B4D0, 0xBB0 Bytes, ...)
T1DDC 053:210.024   Data:  8F EF 53 F6 FB 2E 92 99 2C F7 4F 2C B7 7D 7C 04 ...
T1DDC 053:210.068   completely In flash
T1DDC 053:210.092 - 0.159ms returns 0xBB0
T1DDC 053:210.588 JLINK_WriteMem(0x9028C080, 0xBB0 Bytes, ...)
T1DDC 053:210.628   Data:  B3 9C F2 8B F3 8D 1E 98 81 56 E7 7A 09 88 51 9B ...
T1DDC 053:210.656   completely In flash
T1DDC 053:210.692 - 0.103ms returns 0xBB0
T1DDC 053:211.096 JLINK_WriteMem(0x9028CC30, 0xBC0 Bytes, ...)
T1DDC 053:211.128   Data:  58 29 50 F4 2D EA 5F 41 1D 29 4C DC BA 96 15 45 ...
T1DDC 053:211.176   completely In flash
T1DDC 053:211.196 - 0.099ms returns 0xBC0
T1DDC 053:211.592 JLINK_WriteMem(0x9028D7F0, 0xBC0 Bytes, ...)
T1DDC 053:211.644   Data:  3F 18 4A 4F E9 5D B6 5B A1 64 CB 66 2A E5 DC 29 ...
T1DDC 053:211.676   completely In flash
T1DDC 053:211.704 - 0.110ms returns 0xBC0
T1DDC 053:211.996 JLINK_WriteMem(0x9028E3B0, 0xBC0 Bytes, ...)
T1DDC 053:212.016   Data:  33 41 55 BF 1C EF EB BE 5B 6E 45 87 42 05 F6 89 ...
T1DDC 053:212.040   completely In flash
T1DDC 053:212.064 - 0.067ms returns 0xBC0
T1DDC 053:212.464 JLINK_WriteMem(0x9028EF70, 0xBB0 Bytes, ...)
T1DDC 053:212.504   Data:  31 04 0B 71 F8 B9 B5 1D 10 45 98 BC 81 22 04 38 ...
T1DDC 053:212.532   completely In flash
T1DDC 053:212.552 - 0.088ms returns 0xBB0
T1DDC 053:212.992 JLINK_WriteMem(0x9028FB20, 0xBB0 Bytes, ...)
T1DDC 053:213.024   Data:  47 B7 22 7C EA D2 B7 6D 96 7F 43 CA A5 E4 8A 8B ...
T1DDC 053:213.048   completely In flash
T1DDC 053:213.076 - 0.081ms returns 0xBB0
T1DDC 053:213.448 JLINK_WriteMem(0x902906D0, 0xBC0 Bytes, ...)
T1DDC 053:213.472   Data:  F1 8B 96 99 70 62 E9 33 20 09 59 11 65 74 CF 75 ...
T1DDC 053:213.496   completely In flash
T1DDC 053:213.520 - 0.072ms returns 0xBC0
T1DDC 053:213.880 JLINK_WriteMem(0x90291290, 0xBA0 Bytes, ...)
T1DDC 053:213.912   Data:  19 CA E3 9C 82 D0 1A E1 C7 8B 48 D9 8B ED 9E 23 ...
T1DDC 053:213.936   completely In flash
T1DDC 053:213.960 - 0.080ms returns 0xBA0
T1DDC 053:214.320 JLINK_WriteMem(0x90291E30, 0xBB0 Bytes, ...)
T1DDC 053:214.344   Data:  85 F6 71 68 8A FB 84 CD EC 4D C3 94 B6 85 CE 52 ...
T1DDC 053:214.368   completely In flash
T1DDC 053:214.392 - 0.067ms returns 0xBB0
T1DDC 053:214.780 JLINK_WriteMem(0x902929E0, 0xBC0 Bytes, ...)
T1DDC 053:214.812   Data:  C7 AB F5 93 B0 D5 A9 32 BD 3B 91 A3 D4 5E A6 D2 ...
T1DDC 053:214.840   completely In flash
T1DDC 053:214.860 - 0.080ms returns 0xBC0
T1DDC 053:215.216 JLINK_WriteMem(0x902935A0, 0xBC0 Bytes, ...)
T1DDC 053:215.240   Data:  3C C1 B2 EE 07 8D B8 4E 07 4E 75 25 C2 47 E0 0D ...
T1DDC 053:215.268   completely In flash
T1DDC 053:215.292 - 0.075ms returns 0xBC0
T1DDC 053:215.620 JLINK_WriteMem(0x90294160, 0xBB0 Bytes, ...)
T1DDC 053:215.644   Data:  E7 1A 9B 7F 6C AB 65 8D 28 5C D5 15 A6 7E 75 FE ...
T1DDC 053:215.672   completely In flash
T1DDC 053:215.696 - 0.075ms returns 0xBB0
T1DDC 053:215.976 JLINK_WriteMem(0x90294D10, 0xBD0 Bytes, ...)
T1DDC 053:215.992   Data:  CE FC B0 11 CC A9 7E 56 8A 7B CC B6 A2 E5 88 02 ...
T1DDC 053:216.016   completely In flash
T1DDC 053:216.040 - 0.065ms returns 0xBD0
T1DDC 053:216.352 JLINK_WriteMem(0x902958E0, 0xBC0 Bytes, ...)
T1DDC 053:216.376   Data:  2B AA 4B 90 68 57 65 E7 6A 7F 20 63 1A 09 F2 77 ...
T1DDC 053:216.400   completely In flash
T1DDC 053:216.424 - 0.071ms returns 0xBC0
T1DDC 053:217.364 JLINK_WriteMem(0x902964A0, 0xBC0 Bytes, ...)
T1DDC 053:217.384   Data:  32 51 10 CD E7 CE CA D7 E3 E7 A1 B3 0F D3 4C 4B ...
T1DDC 053:217.408   completely In flash
T1DDC 053:217.432 - 0.070ms returns 0xBC0
T1DDC 053:217.776 JLINK_WriteMem(0x90297060, 0xBC0 Bytes, ...)
T1DDC 053:217.796   Data:  8F E3 2F 80 C6 3F 9B 63 E9 3C 6E AA FF 6E 5A E1 ...
T1DDC 053:217.816   completely In flash
T1DDC 053:217.840 - 0.063ms returns 0xBC0
T1DDC 053:218.160 JLINK_WriteMem(0x90297C20, 0xBB0 Bytes, ...)
T1DDC 053:218.184   Data:  D4 B8 AC 6E FB 50 3F 90 FA 15 EB 25 C7 58 FC DD ...
T1DDC 053:218.208   completely In flash
T1DDC 053:218.232 - 0.072ms returns 0xBB0
T1DDC 053:218.536 JLINK_WriteMem(0x902987D0, 0xBC0 Bytes, ...)
T1DDC 053:218.564   Data:  0E 4F 06 3A FA BF 21 9A FF 69 52 E8 F9 E8 06 AF ...
T1DDC 053:218.592   completely In flash
T1DDC 053:218.616 - 0.080ms returns 0xBC0
T1DDC 053:218.968 JLINK_WriteMem(0x90299390, 0xBC0 Bytes, ...)
T1DDC 053:218.992   Data:  09 97 35 8C C5 13 E7 BF 13 B1 A5 54 C7 B9 62 B0 ...
T1DDC 053:219.016   completely In flash
T1DDC 053:219.044 - 0.073ms returns 0xBC0
T1DDC 053:219.336 JLINK_WriteMem(0x90299F50, 0xBC0 Bytes, ...)
T1DDC 053:219.352   Data:  CA EB ED 2A 6C B2 90 60 F5 9E BB 8D 0B 26 46 7A ...
T1DDC 053:219.376   completely In flash
T1DDC 053:219.400 - 0.067ms returns 0xBC0
T1DDC 053:219.720 JLINK_WriteMem(0x9029AB10, 0xBC0 Bytes, ...)
T1DDC 053:219.736   Data:  A3 3F 43 29 B5 55 EB FC 5D 93 35 00 A7 49 9B 77 ...
T1DDC 053:219.764   completely In flash
T1DDC 053:219.784 - 0.067ms returns 0xBC0
T1DDC 053:220.052 JLINK_WriteMem(0x9029B6D0, 0xBC0 Bytes, ...)
T1DDC 053:220.072   Data:  CA 8B 55 F8 ED 38 FF 60 2A 41 22 C9 FC 43 6F 34 ...
T1DDC 053:220.096   completely In flash
T1DDC 053:220.120 - 0.070ms returns 0xBC0
T1DDC 053:220.460 JLINK_WriteMem(0x9029C290, 0xBC0 Bytes, ...)
T1DDC 053:220.488   Data:  44 D9 0C A3 A0 5C E0 AB B9 D6 FE C9 45 4B BE 1F ...
T1DDC 053:220.512   completely In flash
T1DDC 053:220.536 - 0.074ms returns 0xBC0
T1DDC 053:220.876 JLINK_WriteMem(0x9029CE50, 0xBB0 Bytes, ...)
T1DDC 053:220.896   Data:  C8 DF 37 6B 0D E0 1D DF 32 B7 59 03 99 ED 39 7B ...
T1DDC 053:220.928   completely In flash
T1DDC 053:220.952 - 0.073ms returns 0xBB0
T1DDC 053:221.300 JLINK_WriteMem(0x9029DA00, 0xBB0 Bytes, ...)
T1DDC 053:221.328   Data:  67 80 0C 73 94 CF 17 1D F1 20 31 FE 3E 6E ED 5B ...
T1DDC 053:221.360   completely In flash
T1DDC 053:221.384 - 0.084ms returns 0xBB0
T1DDC 053:221.864 JLINK_WriteMem(0x9029E5B0, 0xBC0 Bytes, ...)
T1DDC 053:221.884   Data:  B4 B6 90 1F 0F F3 29 4B A0 BD 18 F2 16 34 18 6B ...
T1DDC 053:221.912   completely In flash
T1DDC 053:221.936 - 0.074ms returns 0xBC0
T1DDC 053:222.312 JLINK_WriteMem(0x9029F170, 0xBB0 Bytes, ...)
T1DDC 053:222.348   Data:  45 02 28 B0 30 A1 AE C6 F8 1D 2F E4 C4 31 F9 2A ...
T1DDC 053:222.376   completely In flash
T1DDC 053:222.400 - 0.087ms returns 0xBB0
T1DDC 053:222.804 JLINK_WriteMem(0x9029FD20, 0xBC0 Bytes, ...)
T1DDC 053:222.828   Data:  29 E9 D1 02 17 ED 4A 91 B7 CB 5C EC AC A4 D0 CC ...
T1DDC 053:222.860   completely In flash
T1DDC 053:222.888 - 0.082ms returns 0xBC0
T1DDC 053:223.192 JLINK_WriteMem(0x902A08E0, 0xBB0 Bytes, ...)
T1DDC 053:223.208   Data:  8A 17 1B 45 26 53 6E 8D D3 21 65 38 00 7A 6E F0 ...
T1DDC 053:223.240   completely In flash
T1DDC 053:223.260 - 0.069ms returns 0xBB0
T1DDC 053:223.552 JLINK_WriteMem(0x902A1490, 0xBC0 Bytes, ...)
T1DDC 053:223.572   Data:  98 51 A6 CB B3 26 9D 19 38 82 BC 6F A7 B2 6C 26 ...
T1DDC 053:223.596   completely In flash
T1DDC 053:223.620 - 0.068ms returns 0xBC0
T1DDC 053:223.912 JLINK_WriteMem(0x902A2050, 0xBB0 Bytes, ...)
T1DDC 053:223.932   Data:  57 E3 54 43 2F 7B 0C 61 1F 3D ED 4C 7E ED AF DB ...
T1DDC 053:223.956   completely In flash
T1DDC 053:223.980 - 0.067ms returns 0xBB0
T1DDC 053:224.448 JLINK_WriteMem(0x902A2C00, 0xBB0 Bytes, ...)
T1DDC 053:224.484   Data:  00 A1 EB 59 40 B5 71 90 3F 8A EA C7 32 BF 64 3F ...
T1DDC 053:224.516   completely In flash
T1DDC 053:224.536 - 0.089ms returns 0xBB0
T1DDC 053:224.876 JLINK_WriteMem(0x902A37B0, 0xBC0 Bytes, ...)
T1DDC 053:224.904   Data:  11 42 11 50 95 9F BF 0E 88 AD B6 4F 92 2C DE 44 ...
T1DDC 053:224.936   completely In flash
T1DDC 053:224.956 - 0.080ms returns 0xBC0
T1DDC 053:225.328 JLINK_WriteMem(0x902A4370, 0xBC0 Bytes, ...)
T1DDC 053:225.360   Data:  97 37 8C D8 40 71 E5 E7 E6 A8 9F D9 3B E8 39 32 ...
T1DDC 053:225.388   completely In flash
T1DDC 053:225.416 - 0.086ms returns 0xBC0
T1DDC 053:225.728 JLINK_WriteMem(0x902A4F30, 0xBC0 Bytes, ...)
T1DDC 053:225.748   Data:  01 EF DB 58 6D AE 8C 05 2E 2E BF 4F 0F 05 A5 17 ...
T1DDC 053:225.780   completely In flash
T1DDC 053:225.808 - 0.080ms returns 0xBC0
T1DDC 053:226.328 JLINK_WriteMem(0x902A5AF0, 0xBB0 Bytes, ...)
T1DDC 053:226.364   Data:  4F EB 9D 6A 7C CA BF 34 B7 D7 77 F5 70 AB 18 F7 ...
T1DDC 053:227.688   completely In flash
T1DDC 053:227.724 - 1.397ms returns 0xBB0
T1DDC 053:228.152 JLINK_WriteMem(0x902A66A0, 0xBB0 Bytes, ...)
T1DDC 053:228.184   Data:  85 32 B5 C5 2B 13 BD E9 68 B6 8A 08 D3 54 C7 19 ...
T1DDC 053:228.212   completely In flash
T1DDC 053:228.232 - 0.083ms returns 0xBB0
T1DDC 053:228.560 JLINK_WriteMem(0x902A7250, 0xBC0 Bytes, ...)
T1DDC 053:228.584   Data:  1E 03 01 7A 6F FF D0 79 A5 50 53 84 27 A3 CD 16 ...
T1DDC 053:228.608   completely In flash
T1DDC 053:228.632 - 0.072ms returns 0xBC0
T1DDC 053:228.936 JLINK_WriteMem(0x902A7E10, 0xBC0 Bytes, ...)
T1DDC 053:228.952   Data:  95 6D F7 4D A2 70 9B 05 9A 3B 0A 46 05 2E C7 EA ...
T1DDC 053:228.992   completely In flash
T1DDC 053:229.016 - 0.080ms returns 0xBC0
T1DDC 053:229.312 JLINK_WriteMem(0x902A89D0, 0xBB0 Bytes, ...)
T1DDC 053:229.332   Data:  A9 EE 36 28 5C 1C 86 0C F4 EE 68 C1 67 E9 59 67 ...
T1DDC 053:229.356   completely In flash
T1DDC 053:229.384 - 0.071ms returns 0xBB0
T1DDC 053:229.672 JLINK_WriteMem(0x902A9580, 0xBB0 Bytes, ...)
T1DDC 053:229.688   Data:  C7 FF F3 9B FB 49 7E 21 E2 AF 97 D3 61 F6 BC DC ...
T1DDC 053:229.716   completely In flash
T1DDC 053:229.736 - 0.066ms returns 0xBB0
T1DDC 053:230.032 JLINK_WriteMem(0x902AA130, 0xBB0 Bytes, ...)
T1DDC 053:230.056   Data:  14 5F 56 6A EF BF 2C 13 E7 53 22 42 A9 2D 34 65 ...
T1DDC 053:230.080   completely In flash
T1DDC 053:230.104 - 0.069ms returns 0xBB0
T1DDC 053:230.460 JLINK_WriteMem(0x902AACE0, 0xBB0 Bytes, ...)
T1DDC 053:230.496   Data:  1A C9 9F E8 85 31 D9 20 B8 9F BF 0F 0F 89 BE 6A ...
T1DDC 053:230.524   completely In flash
T1DDC 053:230.548 - 0.086ms returns 0xBB0
T1DDC 053:230.868 JLINK_WriteMem(0x902AB890, 0xBB0 Bytes, ...)
T1DDC 053:230.888   Data:  75 F5 5A CE B5 93 ED 94 3D 20 A8 BA FD C7 67 C2 ...
T1DDC 053:230.912   completely In flash
T1DDC 053:230.936 - 0.068ms returns 0xBB0
T1DDC 053:231.216 JLINK_WriteMem(0x902AC440, 0xBC0 Bytes, ...)
T1DDC 053:231.240   Data:  6E A2 F9 AE 26 8A AA C5 49 EB CA 3F D6 03 3D 8F ...
T1DDC 053:231.264   completely In flash
T1DDC 053:231.284 - 0.067ms returns 0xBC0
T1DDC 053:231.576 JLINK_WriteMem(0x902AD000, 0xBC0 Bytes, ...)
T1DDC 053:231.592   Data:  B6 94 9A EE 82 45 74 F6 33 4C 57 AD 98 7F DD CE ...
T1DDC 053:231.620   completely In flash
T1DDC 053:231.640 - 0.063ms returns 0xBC0
T1DDC 053:232.188 JLINK_WriteMem(0x902ADBC0, 0xBB0 Bytes, ...)
T1DDC 053:232.224   Data:  EE E3 78 36 03 A6 D7 3A 90 B2 90 45 18 63 10 6F ...
T1DDC 053:232.248   completely In flash
T1DDC 053:232.272 - 0.081ms returns 0xBB0
T1DDC 053:232.620 JLINK_WriteMem(0x902AE770, 0xBC0 Bytes, ...)
T1DDC 053:232.648   Data:  B0 85 19 85 0B 66 66 FA 29 D3 1C AE DB 67 35 63 ...
T1DDC 053:232.672   completely In flash
T1DDC 053:232.696 - 0.073ms returns 0xBC0
T1DDC 053:233.064 JLINK_WriteMem(0x902AF330, 0xBC0 Bytes, ...)
T1DDC 053:233.084   Data:  DE 28 2C 7E F3 B2 11 FF 2A A4 27 B6 60 AF 36 A3 ...
T1DDC 053:233.112   completely In flash
T1DDC 053:233.136 - 0.074ms returns 0xBC0
T1DDC 053:233.448 JLINK_WriteMem(0x902AFEF0, 0xBB0 Bytes, ...)
T1DDC 053:233.476   Data:  CF 79 C9 FE 8C 43 DD D0 36 17 3A 42 B1 EF AF 8D ...
T1DDC 053:233.500   completely In flash
T1DDC 053:233.524 - 0.073ms returns 0xBB0
T1DDC 053:233.824 JLINK_WriteMem(0x902B0AA0, 0xBC0 Bytes, ...)
T1DDC 053:233.844   Data:  FF FB 39 3A 32 2C 56 3B 8B FB B5 2B 41 72 B1 5A ...
T1DDC 053:233.868   completely In flash
T1DDC 053:233.892 - 0.065ms returns 0xBC0
T1DDC 053:234.212 JLINK_WriteMem(0x902B1660, 0xBB0 Bytes, ...)
T1DDC 053:234.232   Data:  04 AD 73 27 F5 96 20 09 8A 3B A7 57 E7 F6 98 B0 ...
T1DDC 053:234.256   completely In flash
T1DDC 053:234.280 - 0.070ms returns 0xBB0
T1DDC 053:234.584 JLINK_WriteMem(0x902B2210, 0xBC0 Bytes, ...)
T1DDC 053:234.612   Data:  B8 51 E9 6F D2 2D 93 6B D7 25 34 FF 8C E0 C2 7C ...
T1DDC 053:234.636   completely In flash
T1DDC 053:234.660 - 0.072ms returns 0xBC0
T1DDC 053:234.968 JLINK_WriteMem(0x902B2DD0, 0xBC0 Bytes, ...)
T1DDC 053:235.000   Data:  2F F1 3E 77 F9 AE EB 7C 3D E6 39 70 EE B1 F3 99 ...
T1DDC 053:235.028   completely In flash
T1DDC 053:235.052 - 0.080ms returns 0xBC0
T1DDC 053:235.368 JLINK_WriteMem(0x902B3990, 0xBE0 Bytes, ...)
T1DDC 053:235.392   Data:  FF FF FF 80 C2 0C 61 26 1E B7 00 00 00 00 F7 98 ...
T1DDC 053:235.416   completely In flash
T1DDC 053:235.436 - 0.070ms returns 0xBE0
T1DDC 053:235.720 JLINK_WriteMem(0x902B4570, 0xBD0 Bytes, ...)
T1DDC 053:235.740   Data:  FF FF FF 00 39 05 4C 26 6E DB FF FF FF 80 98 5B ...
T1DDC 053:235.764   completely In flash
T1DDC 053:235.788 - 0.069ms returns 0xBD0
T1DDC 053:236.096 JLINK_WriteMem(0x902B5140, 0xBD0 Bytes, ...)
T1DDC 053:236.120   Data:  AE F6 7B 27 BB FE FF FF FF 80 81 FC 46 26 C0 CA ...
T1DDC 053:236.144   completely In flash
T1DDC 053:236.168 - 0.070ms returns 0xBD0
T1DDC 053:236.468 JLINK_WriteMem(0x902B5D10, 0xBD0 Bytes, ...)
T1DDC 053:236.488   Data:  EB A4 00 00 00 00 9B 77 54 27 12 86 FF FF FF 80 ...
T1DDC 053:236.512   completely In flash
T1DDC 053:236.536 - 0.068ms returns 0xBD0
T1DDC 053:236.852 JLINK_WriteMem(0x902B68E0, 0xBC0 Bytes, ...)
T1DDC 053:236.880   Data:  E7 F7 E0 75 D3 78 00 86 C3 D9 CB F1 B6 57 70 1D ...
T1DDC 053:236.904   completely In flash
T1DDC 053:236.928 - 0.076ms returns 0xBC0
T1DDC 053:237.260 JLINK_WriteMem(0x902B74A0, 0xBC0 Bytes, ...)
T1DDC 053:237.280   Data:  F2 C0 69 A8 82 39 86 AF 82 38 A1 A1 6A F9 7A 1F ...
T1DDC 053:237.320   completely In flash
T1DDC 053:237.344 - 0.082ms returns 0xBC0
T1DDC 053:237.652 JLINK_WriteMem(0x902B8060, 0xBC0 Bytes, ...)
T1DDC 053:237.680   Data:  E5 FD 82 64 77 F7 0F 91 7C 78 E0 31 00 13 EF FE ...
T1DDC 053:237.708   completely In flash
T1DDC 053:237.732 - 0.081ms returns 0xBC0
T1DDC 053:238.060 JLINK_WriteMem(0x902B8C20, 0xBB0 Bytes, ...)
T1DDC 053:238.088   Data:  97 B0 FB 7D DF 36 CB FC 75 AF C3 9A E7 B9 7B E7 ...
T1DDC 053:238.112   completely In flash
T1DDC 053:238.136 - 0.072ms returns 0xBB0
T1DDC 053:238.444 JLINK_WriteMem(0x902B97D0, 0xBA0 Bytes, ...)
T1DDC 053:238.468   Data:  F8 BB 63 2A 3D F8 FF FF FF DF C9 D1 54 29 DB 87 ...
T1DDC 053:238.492   completely In flash
T1DDC 053:238.516 - 0.069ms returns 0xBA0
T1DDC 053:238.848 JLINK_WriteMem(0x902BA370, 0xBB0 Bytes, ...)
T1DDC 053:238.868   Data:  89 C4 F9 BE A1 C9 48 8C 97 5D 0B 13 4A F7 02 B5 ...
T1DDC 053:238.892   completely In flash
T1DDC 053:238.920 - 0.071ms returns 0xBB0
T1DDC 053:239.268 JLINK_WriteMem(0x902BAF20, 0xBB0 Bytes, ...)
T1DDC 053:239.300   Data:  66 7C 51 AA 0D 45 98 AC 4B C0 64 72 AB 99 B7 37 ...
T1DDC 053:239.328   completely In flash
T1DDC 053:239.352 - 0.081ms returns 0xBB0
T1DDC 053:239.656 JLINK_WriteMem(0x902BBAD0, 0xBC0 Bytes, ...)
T1DDC 053:239.684   Data:  58 A6 5C 18 59 C9 83 0F 59 F7 4F 76 D6 A9 94 0B ...
T1DDC 053:239.708   completely In flash
T1DDC 053:239.736 - 0.078ms returns 0xBC0
T1DDC 053:240.088 JLINK_WriteMem(0x902BC690, 0xBC0 Bytes, ...)
T1DDC 053:240.112   Data:  DA 87 98 F3 88 E6 90 3D 20 D2 FC 5F 6F A2 BB B5 ...
T1DDC 053:240.136   completely In flash
T1DDC 053:240.160 - 0.071ms returns 0xBC0
T1DDC 053:240.460 JLINK_WriteMem(0x902BD250, 0xBC0 Bytes, ...)
T1DDC 053:240.480   Data:  2D 41 E9 79 AF AA F6 8D FF A8 DF 4B DC 47 4A 2D ...
T1DDC 053:240.504   completely In flash
T1DDC 053:240.524 - 0.065ms returns 0xBC0
T1DDC 053:241.016 JLINK_WriteMem(0x902BDE10, 0xBB0 Bytes, ...)
T1DDC 053:241.052   Data:  7B 73 04 5C F2 1E 06 4D 3B 28 CB B8 7C B0 FB 77 ...
T1DDC 053:241.080   completely In flash
T1DDC 053:241.104 - 0.085ms returns 0xBB0
T1DDC 053:241.576 JLINK_WriteMem(0x902BE9C0, 0xBB0 Bytes, ...)
T1DDC 053:241.656   Data:  75 0B E8 08 5E B7 83 FD BB 03 4E 64 C4 8D 45 C1 ...
T1DDC 053:241.720   completely In flash
T1DDC 053:241.768 - 0.197ms returns 0xBB0
T1DDC 053:243.036 JLINK_WriteMem(0x902BF570, 0xBB0 Bytes, ...)
T1DDC 053:243.080   Data:  08 6D 8A 38 1E FC 86 BF 25 AA 04 0A 56 A1 20 21 ...
T1DDC 053:243.112   completely In flash
T1DDC 053:243.136 - 0.097ms returns 0xBB0
T1DDC 053:243.932 JLINK_WriteMem(0x902C0120, 0xBB0 Bytes, ...)
T1DDC 053:243.980   Data:  55 49 7D E2 AF FE C2 8B 7F 2E EA CE F7 5F 94 F1 ...
T1DDC 053:244.020   completely In flash
T1DDC 053:244.044 - 0.114ms returns 0xBB0
T1DDC 053:244.728 JLINK_WriteMem(0x902C0CD0, 0xBB0 Bytes, ...)
T1DDC 053:244.808   Data:  B4 AE 9A 8B 17 F7 F7 33 15 3B 2A 97 BD C6 AB DC ...
T1DDC 053:244.852   completely In flash
T1DDC 053:244.880 - 0.152ms returns 0xBB0
T1DDC 053:245.664 JLINK_WriteMem(0x902C1880, 0xBB0 Bytes, ...)
T1DDC 053:245.752   Data:  4D 48 6E 55 CA 8F F4 A5 28 8B 56 77 7C 94 9C 25 ...
T1DDC 053:245.784   completely In flash
T1DDC 053:245.804 - 0.142ms returns 0xBB0
T1DDC 053:246.548 JLINK_WriteMem(0x902C2430, 0xBB0 Bytes, ...)
T1DDC 053:246.608   Data:  D5 58 B2 2C 77 43 4F 49 50 55 2A B7 66 FA 66 EA ...
T1DDC 053:246.648   completely In flash
T1DDC 053:246.688 - 0.136ms returns 0xBB0
T1DDC 053:247.188 JLINK_WriteMem(0x902C2FE0, 0xBB0 Bytes, ...)
T1DDC 053:247.220   Data:  9C DD C2 F0 0F D4 CF CA 24 13 44 27 5E 86 F3 EC ...
T1DDC 053:247.252   completely In flash
T1DDC 053:247.272 - 0.089ms returns 0xBB0
T1DDC 053:247.692 JLINK_WriteMem(0x902C3B90, 0xBA0 Bytes, ...)
T1DDC 053:247.736   Data:  7D 3E C8 A9 E0 36 EA 93 27 38 52 5F CE 4E 8D DE ...
T1DDC 053:247.768   completely In flash
T1DDC 053:247.788 - 0.096ms returns 0xBA0
T1DDC 053:248.120 JLINK_WriteMem(0x902C4730, 0xBB0 Bytes, ...)
T1DDC 053:248.144   Data:  CD 9E CA 0A D1 9C DB 64 D5 DA 6E 84 9E 31 B1 73 ...
T1DDC 053:248.168   completely In flash
T1DDC 053:248.192 - 0.073ms returns 0xBB0
T1DDC 053:248.564 JLINK_WriteMem(0x902C52E0, 0xBB0 Bytes, ...)
T1DDC 053:248.596   Data:  59 47 2D EF 25 3B 5E C7 92 1C 4C D2 DF 6C C0 EF ...
T1DDC 053:248.620   completely In flash
T1DDC 053:248.648 - 0.081ms returns 0xBB0
T1DDC 053:248.968 JLINK_WriteMem(0x902C5E90, 0xBC0 Bytes, ...)
T1DDC 053:248.996   Data:  9D 3B 09 A5 24 92 2B F7 3D 21 1F 0F 02 BA 86 0C ...
T1DDC 053:249.016   completely In flash
T1DDC 053:249.040 - 0.070ms returns 0xBC0
T1DDC 053:249.336 JLINK_WriteMem(0x902C6A50, 0xBA0 Bytes, ...)
T1DDC 053:249.352   Data:  29 EA 17 79 B2 82 28 28 82 29 C7 B2 81 04 CD 2A ...
T1DDC 053:249.380   completely In flash
T1DDC 053:249.404 - 0.067ms returns 0xBA0
T1DDC 053:249.728 JLINK_WriteMem(0x902C75F0, 0xBC0 Bytes, ...)
T1DDC 053:249.752   Data:  CF DF A0 E2 D6 D3 CA 82 37 2C 7E 8B E1 E1 33 D5 ...
T1DDC 053:249.792   completely In flash
T1DDC 053:249.816 - 0.088ms returns 0xBC0
T1DDC 053:250.128 JLINK_WriteMem(0x902C81B0, 0xBB0 Bytes, ...)
T1DDC 053:250.152   Data:  65 FD 30 9F 1F 85 35 71 39 1A 5D 8E ED F6 54 E7 ...
T1DDC 053:250.180   completely In flash
T1DDC 053:250.200 - 0.074ms returns 0xBB0
T1DDC 053:250.536 JLINK_WriteMem(0x902C8D60, 0xBC0 Bytes, ...)
T1DDC 053:250.560   Data:  19 8B DE 92 62 38 10 BD 70 E8 A6 7F 11 3B 3D 36 ...
T1DDC 053:250.584   completely In flash
T1DDC 053:250.604 - 0.069ms returns 0xBC0
T1DDC 053:250.932 JLINK_WriteMem(0x902C9920, 0xBB0 Bytes, ...)
T1DDC 053:250.964   Data:  EA A2 6F 80 7F BC 69 D8 AC C6 4B 5E 54 5A 78 E4 ...
T1DDC 053:250.992   completely In flash
T1DDC 053:251.016 - 0.082ms returns 0xBB0
T1DDC 053:251.336 JLINK_WriteMem(0x902CA4D0, 0xBC0 Bytes, ...)
T1DDC 053:251.352   Data:  C0 3A 1A 7A DC DD EC FE 75 13 46 C5 18 39 C1 8E ...
T1DDC 053:251.380   completely In flash
T1DDC 053:251.400 - 0.064ms returns 0xBC0
T1DDC 053:251.832 JLINK_WriteMem(0x902CB090, 0xBC0 Bytes, ...)
T1DDC 053:251.860   Data:  60 5F CC B2 8E 35 C7 AC 14 B6 0C C8 55 19 D7 C7 ...
T1DDC 053:251.884   completely In flash
T1DDC 053:251.908 - 0.073ms returns 0xBC0
T1DDC 053:252.216 JLINK_WriteMem(0x902CBC50, 0xBB0 Bytes, ...)
T1DDC 053:252.240   Data:  6B EB 82 2A BA 29 33 97 BD 71 DF 13 C8 59 62 F1 ...
T1DDC 053:252.264   completely In flash
T1DDC 053:252.284 - 0.069ms returns 0xBB0
T1DDC 053:252.608 JLINK_WriteMem(0x902CC800, 0xBB0 Bytes, ...)
T1DDC 053:252.632   Data:  41 C4 60 76 61 09 5E B0 A5 64 D0 07 D2 74 95 E3 ...
T1DDC 053:252.652   completely In flash
T1DDC 053:252.708 - 0.098ms returns 0xBB0
T1DDC 053:253.080 JLINK_WriteMem(0x902CD3B0, 0xBC0 Bytes, ...)
T1DDC 053:253.112   Data:  B9 67 44 0E 97 EF 9F 51 CA 0C 28 BC 65 3F 22 3E ...
T1DDC 053:253.144   completely In flash
T1DDC 053:253.164 - 0.083ms returns 0xBC0
T1DDC 053:253.484 JLINK_WriteMem(0x902CDF70, 0xBC0 Bytes, ...)
T1DDC 053:253.508   Data:  4D BB 2B 5C 7B FA 99 E8 93 F2 04 BA EE 67 EB 25 ...
T1DDC 053:253.532   completely In flash
T1DDC 053:253.560 - 0.073ms returns 0xBC0
T1DDC 053:253.920 JLINK_WriteMem(0x902CEB30, 0xBB0 Bytes, ...)
T1DDC 053:253.944   Data:  6B 2C 21 B8 E7 10 56 A1 FC 4C 81 76 16 39 37 65 ...
T1DDC 053:253.972   completely In flash
T1DDC 053:253.992 - 0.073ms returns 0xBB0
T1DDC 053:254.312 JLINK_WriteMem(0x902CF6E0, 0xBC0 Bytes, ...)
T1DDC 053:254.336   Data:  33 93 DC 1A AE A9 43 73 F8 18 E2 FF 01 B6 60 16 ...
T1DDC 053:254.360   completely In flash
T1DDC 053:254.384 - 0.074ms returns 0xBC0
T1DDC 053:254.700 JLINK_WriteMem(0x902D02A0, 0xBC0 Bytes, ...)
T1DDC 053:254.728   Data:  21 D7 9E 2E ED 0B BB 7E B5 02 32 12 AA F7 95 FE ...
T1DDC 053:254.752   completely In flash
T1DDC 053:254.776 - 0.072ms returns 0xBC0
T1DDC 053:255.140 JLINK_WriteMem(0x902D0E60, 0xBB0 Bytes, ...)
T1DDC 053:255.160   Data:  BF E6 5C D2 91 7D 9A 7A 59 38 F1 80 0F 47 87 BC ...
T1DDC 053:255.188   completely In flash
T1DDC 053:255.208 - 0.071ms returns 0xBB0
T1DDC 053:255.520 JLINK_WriteMem(0x902D1A10, 0xBB0 Bytes, ...)
T1DDC 053:255.544   Data:  4F EC 0B 5F B8 94 EE EB 8A 9B 1C 26 3F A9 6D 99 ...
T1DDC 053:255.572   completely In flash
T1DDC 053:255.592 - 0.072ms returns 0xBB0
T1DDC 053:255.896 JLINK_WriteMem(0x902D25C0, 0xBC0 Bytes, ...)
T1DDC 053:255.912   Data:  72 1D 36 F8 F2 C3 6D BA 80 C8 3F 6B DD 6D 82 0A ...
T1DDC 053:255.936   completely In flash
T1DDC 053:255.960 - 0.065ms returns 0xBC0
T1DDC 053:256.248 JLINK_WriteMem(0x902D3180, 0xBC0 Bytes, ...)
T1DDC 053:256.268   Data:  D7 57 33 FE 36 1C 67 89 FB 46 08 1C 25 2D E9 91 ...
T1DDC 053:256.292   completely In flash
T1DDC 053:256.316 - 0.067ms returns 0xBC0
T1DDC 053:256.624 JLINK_WriteMem(0x902D3D40, 0xBB0 Bytes, ...)
T1DDC 053:256.648   Data:  6C 76 48 1B 9A BE FB 05 72 86 C7 BD FA 73 81 90 ...
T1DDC 053:256.680   completely In flash
T1DDC 053:256.700 - 0.079ms returns 0xBB0
T1DDC 053:257.032 JLINK_WriteMem(0x902D48F0, 0xBC0 Bytes, ...)
T1DDC 053:257.060   Data:  8C 13 79 27 EF DF 4C 16 FA B6 5F B6 3E ED 39 FA ...
T1DDC 053:257.084   completely In flash
T1DDC 053:257.108 - 0.071ms returns 0xBC0
T1DDC 053:257.604 JLINK_WriteMem(0x902D54B0, 0xBB0 Bytes, ...)
T1DDC 053:257.640   Data:  08 CB D6 D3 71 63 85 E2 68 CD 9A 6D AC D1 15 1D ...
T1DDC 053:257.668   completely In flash
T1DDC 053:257.696 - 0.093ms returns 0xBB0
T1DDC 053:258.296 JLINK_WriteMem(0x902D6060, 0xBB0 Bytes, ...)
T1DDC 053:258.332   Data:  58 6F 71 57 DA D8 16 BE DA B8 05 29 E7 6E E1 DF ...
T1DDC 053:258.364   completely In flash
T1DDC 053:258.392 - 0.095ms returns 0xBB0
T1DDC 053:258.812 JLINK_WriteMem(0x902D6C10, 0xBB0 Bytes, ...)
T1DDC 053:258.840   Data:  83 BF 5D B7 94 F5 42 EE A4 83 AD 00 4D 5C DF 6C ...
T1DDC 053:258.864   completely In flash
T1DDC 053:258.888 - 0.075ms returns 0xBB0
T1DDC 053:259.300 JLINK_WriteMem(0x902D77C0, 0xBC0 Bytes, ...)
T1DDC 053:259.324   Data:  16 FC E9 46 EA 46 20 08 3B 4D 1A E5 7D 24 6C 32 ...
T1DDC 053:259.372   completely In flash
T1DDC 053:259.396 - 0.096ms returns 0xBC0
T1DDC 053:259.768 JLINK_WriteMem(0x902D8380, 0xBB0 Bytes, ...)
T1DDC 053:259.804   Data:  1D 5A 58 F6 B4 12 F5 12 A1 FB AC 02 8D D7 CF 4E ...
T1DDC 053:259.832   completely In flash
T1DDC 053:259.856 - 0.091ms returns 0xBB0
T1DDC 053:260.264 JLINK_WriteMem(0x902D8F30, 0xBC0 Bytes, ...)
T1DDC 053:260.296   Data:  B8 20 D0 F6 DF DE 74 48 D7 E4 13 0A 2E B5 CE 11 ...
T1DDC 053:260.324   completely In flash
T1DDC 053:260.344 - 0.079ms returns 0xBC0
T1DDC 053:260.828 JLINK_WriteMem(0x902D9AF0, 0xBC0 Bytes, ...)
T1DDC 053:260.876   Data:  3C 31 33 CC DD FB 14 4B 2E 80 CF BD 4E A6 53 55 ...
T1DDC 053:260.904   completely In flash
T1DDC 053:260.928 - 0.102ms returns 0xBC0
T1DDC 053:261.300 JLINK_WriteMem(0x902DA6B0, 0xBC0 Bytes, ...)
T1DDC 053:261.336   Data:  42 46 F5 81 89 6F 6A AF 82 D8 D7 23 C4 AB 7F E6 ...
T1DDC 053:261.360   completely In flash
T1DDC 053:261.384 - 0.083ms returns 0xBC0
T1DDC 053:261.860 JLINK_WriteMem(0x902DB270, 0xBB0 Bytes, ...)
T1DDC 053:261.884   Data:  58 84 D5 59 37 4D 5A 29 7D 5D 07 1C 90 22 32 30 ...
T1DDC 053:261.908   completely In flash
T1DDC 053:261.932 - 0.074ms returns 0xBB0
T1DDC 053:262.352 JLINK_WriteMem(0x902DBE20, 0xBB0 Bytes, ...)
T1DDC 053:262.380   Data:  EB 36 54 7F 49 D6 55 6D DE 58 12 E0 6A 3B 1F 9F ...
T1DDC 053:262.408   completely In flash
T1DDC 053:262.428 - 0.077ms returns 0xBB0
T1DDC 053:262.772 JLINK_WriteMem(0x902DC9D0, 0xBB0 Bytes, ...)
T1DDC 053:262.800   Data:  19 74 6F B8 BB 49 9A 12 7D 92 FC 27 D2 2A F9 BA ...
T1DDC 053:262.828   completely In flash
T1DDC 053:262.852 - 0.079ms returns 0xBB0
T1DDC 053:263.196 JLINK_WriteMem(0x902DD580, 0xBB0 Bytes, ...)
T1DDC 053:263.216   Data:  8D 76 E4 E1 74 39 27 1D 06 BA 3A FF 52 05 A7 5C ...
T1DDC 053:263.240   completely In flash
T1DDC 053:263.264 - 0.069ms returns 0xBB0
T1DDC 053:263.592 JLINK_WriteMem(0x902DE130, 0xBB0 Bytes, ...)
T1DDC 053:263.616   Data:  D6 1C FC B2 17 3E DB C7 63 9B 57 35 25 34 1B 4D ...
T1DDC 053:263.640   completely In flash
T1DDC 053:263.672 - 0.084ms returns 0xBB0
T1DDC 053:263.988 JLINK_WriteMem(0x902DECE0, 0xBC0 Bytes, ...)
T1DDC 053:264.008   Data:  CB 53 89 FE 5C 66 05 B5 BE D2 D7 06 A4 39 88 0C ...
T1DDC 053:264.036   completely In flash
T1DDC 053:264.056 - 0.072ms returns 0xBC0
T1DDC 053:264.352 JLINK_WriteMem(0x902DF8A0, 0xBC0 Bytes, ...)
T1DDC 053:264.372   Data:  5F 84 C5 14 9B 93 10 84 93 48 2C 1E 35 52 41 09 ...
T1DDC 053:264.392   completely In flash
T1DDC 053:264.416 - 0.066ms returns 0xBC0
T1DDC 053:264.748 JLINK_WriteMem(0x902E0460, 0xBC0 Bytes, ...)
T1DDC 053:264.776   Data:  CC 52 B9 A0 B7 DA BE A0 4D 61 0A AE 1A 49 2B E2 ...
T1DDC 053:264.800   completely In flash
T1DDC 053:264.824 - 0.077ms returns 0xBC0
T1DDC 053:265.304 JLINK_WriteMem(0x902E1020, 0xBB0 Bytes, ...)
T1DDC 053:265.328   Data:  77 77 14 00 9C 23 42 E0 AF 35 AF E8 9D CA 61 DE ...
T1DDC 053:265.352   completely In flash
T1DDC 053:265.380 - 0.076ms returns 0xBB0
T1DDC 053:265.736 JLINK_WriteMem(0x902E1BD0, 0xBC0 Bytes, ...)
T1DDC 053:265.768   Data:  F0 D6 A3 A0 DF 60 2A F1 2B F7 CA 1A 15 2C 13 C9 ...
T1DDC 053:265.792   completely In flash
T1DDC 053:265.816 - 0.079ms returns 0xBC0
T1DDC 053:266.168 JLINK_WriteMem(0x902E2790, 0xBB0 Bytes, ...)
T1DDC 053:266.196   Data:  65 EA 78 5B 84 15 90 D6 C9 48 B8 CA 85 E9 76 67 ...
T1DDC 053:266.216   completely In flash
T1DDC 053:266.240 - 0.076ms returns 0xBB0
T1DDC 053:266.548 JLINK_WriteMem(0x902E3340, 0xBC0 Bytes, ...)
T1DDC 053:266.568   Data:  AC 84 8E 82 94 ED 73 84 E8 49 46 00 6C 98 B6 4E ...
T1DDC 053:266.588   completely In flash
T1DDC 053:266.612 - 0.064ms returns 0xBC0
T1DDC 053:267.000 JLINK_WriteMem(0x902E3F00, 0xBB0 Bytes, ...)
T1DDC 053:267.024   Data:  3E 3E 02 97 E9 67 98 56 95 52 9B 03 6F FB 40 69 ...
T1DDC 053:267.052   completely In flash
T1DDC 053:267.076 - 0.079ms returns 0xBB0
T1DDC 053:267.400 JLINK_WriteMem(0x902E4AB0, 0xBB0 Bytes, ...)
T1DDC 053:267.424   Data:  D5 DA B5 82 73 C8 A6 BE 2D A1 D8 84 63 44 6B FD ...
T1DDC 053:267.448   completely In flash
T1DDC 053:267.472 - 0.071ms returns 0xBB0
T1DDC 053:267.784 JLINK_WriteMem(0x902E5660, 0xBB0 Bytes, ...)
T1DDC 053:267.800   Data:  70 31 C6 E8 7B 2B B6 4D EE 15 97 53 D8 B5 7C A6 ...
T1DDC 053:267.828   completely In flash
T1DDC 053:267.848 - 0.067ms returns 0xBB0
T1DDC 053:268.164 JLINK_WriteMem(0x902E6210, 0xBB0 Bytes, ...)
T1DDC 053:268.188   Data:  82 ED BF 13 C3 25 A1 29 85 5F D0 A9 19 C3 10 DD ...
T1DDC 053:268.216   completely In flash
T1DDC 053:268.240 - 0.075ms returns 0xBB0
T1DDC 053:268.552 JLINK_WriteMem(0x902E6DC0, 0xBC0 Bytes, ...)
T1DDC 053:268.576   Data:  3B 58 6D 4F 27 88 D7 38 84 D4 6C 53 7C F1 FC 6A ...
T1DDC 053:268.600   completely In flash
T1DDC 053:268.620 - 0.068ms returns 0xBC0
T1DDC 053:269.420 JLINK_WriteMem(0x902E7980, 0xBC0 Bytes, ...)
T1DDC 053:269.452   Data:  66 BA 75 42 97 C2 59 69 ED 20 9E 07 5E AE F1 F1 ...
T1DDC 053:269.492   completely In flash
T1DDC 053:269.512 - 0.092ms returns 0xBC0
T1DDC 053:269.928 JLINK_WriteMem(0x902E8540, 0xBC0 Bytes, ...)
T1DDC 053:269.952   Data:  77 2C 92 7D E1 4C F5 90 10 FC 2A 39 92 1D 7A 1E ...
T1DDC 053:269.976   completely In flash
T1DDC 053:270.000 - 0.069ms returns 0xBC0
T1DDC 053:270.396 JLINK_WriteMem(0x902E9100, 0xBC0 Bytes, ...)
T1DDC 053:270.432   Data:  A9 41 B1 D3 E0 AD B7 D3 A2 33 18 48 A5 53 6A F5 ...
T1DDC 053:270.456   completely In flash
T1DDC 053:270.480 - 0.083ms returns 0xBC0
T1DDC 053:270.840 JLINK_WriteMem(0x902E9CC0, 0xBC0 Bytes, ...)
T1DDC 053:270.868   Data:  BC D6 44 43 BE 0A F9 99 AA 62 C4 0A D4 19 C2 48 ...
T1DDC 053:270.888   completely In flash
T1DDC 053:270.912 - 0.072ms returns 0xBC0
T1DDC 053:271.244 JLINK_WriteMem(0x902EA880, 0xBB0 Bytes, ...)
T1DDC 053:271.272   Data:  79 E8 99 41 E0 DB D6 3D 30 63 E2 6D 81 F9 53 55 ...
T1DDC 053:271.292   completely In flash
T1DDC 053:271.316 - 0.071ms returns 0xBB0
T1DDC 053:271.652 JLINK_WriteMem(0x902EB430, 0xBB0 Bytes, ...)
T1DDC 053:271.680   Data:  E8 FF 4E F7 0D 4A 86 B3 7E 41 88 E0 E7 A8 4C 9C ...
T1DDC 053:271.704   completely In flash
T1DDC 053:271.728 - 0.075ms returns 0xBB0
T1DDC 053:272.088 JLINK_WriteMem(0x902EBFE0, 0xBB0 Bytes, ...)
T1DDC 053:272.116   Data:  77 71 46 8E 95 E4 F3 24 A3 CF 3E A4 BA 70 5C 82 ...
T1DDC 053:272.136   completely In flash
T1DDC 053:272.164 - 0.071ms returns 0xBB0
T1DDC 053:272.588 JLINK_WriteMem(0x902ECB90, 0xBB0 Bytes, ...)
T1DDC 053:272.616   Data:  F7 A0 41 3D BA AC B2 10 0F FF 8D 46 5F D7 AB 5D ...
T1DDC 053:272.644   completely In flash
T1DDC 053:272.668 - 0.082ms returns 0xBB0
T1DDC 053:273.080 JLINK_WriteMem(0x902ED740, 0xBC0 Bytes, ...)
T1DDC 053:273.120   Data:  5B B9 0B 55 C1 2A 97 C2 3F D0 A3 0A 35 39 4E 0B ...
T1DDC 053:273.148   completely In flash
T1DDC 053:273.172 - 0.090ms returns 0xBC0
T1DDC 053:273.496 JLINK_WriteMem(0x902EE300, 0xBB0 Bytes, ...)
T1DDC 053:273.524   Data:  33 E8 CE 48 FD 8F C2 82 46 D3 7D 6F 5A 34 3F A1 ...
T1DDC 053:273.548   completely In flash
T1DDC 053:273.576 - 0.075ms returns 0xBB0
T1DDC 053:274.040 JLINK_WriteMem(0x902EEEB0, 0xBC0 Bytes, ...)
T1DDC 053:274.084   Data:  59 BF 79 1F 2D C3 48 B7 5F F9 54 97 3A 59 3F 71 ...
T1DDC 053:274.120   completely In flash
T1DDC 053:274.152 - 0.110ms returns 0xBC0
T1DDC 053:274.696 JLINK_WriteMem(0x902EFA70, 0xBC0 Bytes, ...)
T1DDC 053:274.784   Data:  B1 DC 54 48 76 93 9B EE 07 25 A9 A3 2C 81 ED 2F ...
T1DDC 053:274.864   completely In flash
T1DDC 053:274.888 - 0.196ms returns 0xBC0
T1DDC 053:275.360 JLINK_WriteMem(0x902F0630, 0xBB0 Bytes, ...)
T1DDC 053:275.392   Data:  58 61 71 BB 26 5A 8F CA 60 2C 8A EE D6 7E EA AD ...
T1DDC 053:275.420   completely In flash
T1DDC 053:275.444 - 0.086ms returns 0xBB0
T1DDC 053:275.772 JLINK_WriteMem(0x902F11E0, 0xBB0 Bytes, ...)
T1DDC 053:275.792   Data:  86 CF 02 5A 2A 7F A4 98 30 81 6C 74 B3 07 24 D0 ...
T1DDC 053:275.816   completely In flash
T1DDC 053:275.840 - 0.069ms returns 0xBB0
T1DDC 053:276.168 JLINK_WriteMem(0x902F1D90, 0xBC0 Bytes, ...)
T1DDC 053:276.196   Data:  56 D7 49 46 5D 8F E6 A9 DF 0A 10 85 D1 B5 36 F4 ...
T1DDC 053:276.220   completely In flash
T1DDC 053:276.244 - 0.074ms returns 0xBC0
T1DDC 053:276.556 JLINK_WriteMem(0x902F2950, 0xBB0 Bytes, ...)
T1DDC 053:276.580   Data:  EA 72 4A 76 66 5E 34 45 A3 A9 BC 3B 2F F6 26 49 ...
T1DDC 053:276.600   completely In flash
T1DDC 053:276.628 - 0.068ms returns 0xBB0
T1DDC 053:276.992 JLINK_WriteMem(0x902F3500, 0xBB0 Bytes, ...)
T1DDC 053:277.012   Data:  6A C9 42 5F 83 81 B5 19 4B 88 14 77 05 2C E8 D3 ...
T1DDC 053:277.036   completely In flash
T1DDC 053:277.060 - 0.068ms returns 0xBB0
T1DDC 053:277.400 JLINK_WriteMem(0x902F40B0, 0xBD0 Bytes, ...)
T1DDC 053:277.436   Data:  DA 0E 63 15 20 67 66 A4 2F B6 2F 2A 1D CA E5 67 ...
T1DDC 053:277.464   completely In flash
T1DDC 053:277.488 - 0.087ms returns 0xBD0
T1DDC 053:277.864 JLINK_WriteMem(0x902F4C80, 0xBB0 Bytes, ...)
T1DDC 053:277.976   Data:  EA 8D D8 75 C5 89 84 33 F1 5C 69 94 A2 66 B0 B7 ...
T1DDC 053:278.004   completely In flash
T1DDC 053:278.024 - 0.163ms returns 0xBB0
T1DDC 053:278.372 JLINK_WriteMem(0x902F5830, 0xBC0 Bytes, ...)
T1DDC 053:278.392   Data:  C9 CA B5 1E B5 6D A8 EF E0 C1 A9 CD 2A D9 67 E9 ...
T1DDC 053:278.420   completely In flash
T1DDC 053:278.444 - 0.075ms returns 0xBC0
T1DDC 053:278.808 JLINK_WriteMem(0x902F63F0, 0xBC0 Bytes, ...)
T1DDC 053:278.840   Data:  78 1D B1 D9 33 92 5B 06 B8 E1 D7 78 CC 5B A8 BB ...
T1DDC 053:278.860   completely In flash
T1DDC 053:278.888 - 0.077ms returns 0xBC0
T1DDC 053:279.452 JLINK_WriteMem(0x902F6FB0, 0xBC0 Bytes, ...)
T1DDC 053:279.528   Data:  C2 DE 9E 5E AC 17 88 20 43 EC BE 48 94 62 16 49 ...
T1DDC 053:279.556   completely In flash
T1DDC 053:279.580 - 0.127ms returns 0xBC0
T1DDC 053:279.976 JLINK_WriteMem(0x902F7B70, 0xBC0 Bytes, ...)
T1DDC 053:280.000   Data:  F6 99 47 71 FF E7 71 0C 76 2D 8C 41 3D E6 1E 51 ...
T1DDC 053:280.032   completely In flash
T1DDC 053:280.056 - 0.080ms returns 0xBC0
T1DDC 053:280.408 JLINK_WriteMem(0x902F8730, 0xBB0 Bytes, ...)
T1DDC 053:280.440   Data:  7E D3 56 A3 47 4C 47 EC FB 78 DC B8 58 FB 6D 08 ...
T1DDC 053:280.476   completely In flash
T1DDC 053:280.500 - 0.089ms returns 0xBB0
T1DDC 053:280.904 JLINK_WriteMem(0x902F92E0, 0xBB0 Bytes, ...)
T1DDC 053:280.928   Data:  FE E3 1D 5F F2 1F EB 4C D4 C7 A6 63 90 52 9E 23 ...
T1DDC 053:280.952   completely In flash
T1DDC 053:280.976 - 0.068ms returns 0xBB0
T1DDC 053:281.300 JLINK_WriteMem(0x902F9E90, 0xBC0 Bytes, ...)
T1DDC 053:281.320   Data:  64 33 CA B3 2B E3 52 7F ED BA AC 52 55 7C E6 D3 ...
T1DDC 053:281.352   completely In flash
T1DDC 053:281.372 - 0.073ms returns 0xBC0
T1DDC 053:281.852 JLINK_WriteMem(0x902FAA50, 0xBC0 Bytes, ...)
T1DDC 053:281.880   Data:  BC 47 33 25 33 5F F8 C3 99 D3 9A 46 0C 65 13 B3 ...
T1DDC 053:281.912   completely In flash
T1DDC 053:281.940 - 0.084ms returns 0xBC0
T1DDC 053:282.444 JLINK_WriteMem(0x902FB610, 0xBC0 Bytes, ...)
T1DDC 053:282.476   Data:  52 BF AA AA 7C 86 F7 62 2E 55 2D 2D 8F 08 86 3D ...
T1DDC 053:284.096   completely In flash
T1DDC 053:284.132 - 1.687ms returns 0xBC0
T1DDC 053:284.548 JLINK_WriteMem(0x902FC1D0, 0xBC0 Bytes, ...)
T1DDC 053:284.572   Data:  1F 5D 62 89 2A C0 2A 64 E6 D9 6D 17 BF 24 38 64 ...
T1DDC 053:284.600   completely In flash
T1DDC 053:284.620 - 0.074ms returns 0xBC0
T1DDC 053:284.980 JLINK_WriteMem(0x902FCD90, 0xBC0 Bytes, ...)
T1DDC 053:285.008   Data:  73 4C 97 FB 13 D4 E3 03 12 25 04 9F 29 60 82 4F ...
T1DDC 053:285.036   completely In flash
T1DDC 053:285.060 - 0.082ms returns 0xBC0
T1DDC 053:285.388 JLINK_WriteMem(0x902FD950, 0xBC0 Bytes, ...)
T1DDC 053:285.416   Data:  E1 72 8D 9D D5 2E 26 24 2A E7 A7 E1 0D AE 8C C0 ...
T1DDC 053:285.440   completely In flash
T1DDC 053:285.464 - 0.073ms returns 0xBC0
T1DDC 053:285.780 JLINK_WriteMem(0x902FE510, 0xBB0 Bytes, ...)
T1DDC 053:285.800   Data:  4A BD FE 2D 6D 4E 29 5C DA 11 E5 F9 B0 4E 40 A2 ...
T1DDC 053:285.820   completely In flash
T1DDC 053:285.844 - 0.064ms returns 0xBB0
T1DDC 053:286.180 JLINK_WriteMem(0x902FF0C0, 0xBC0 Bytes, ...)
T1DDC 053:286.204   Data:  66 F3 BB B3 86 35 D8 12 21 0F AE 25 AA 12 EB 96 ...
T1DDC 053:286.232   completely In flash
T1DDC 053:286.252 - 0.075ms returns 0xBC0
T1DDC 053:286.568 JLINK_WriteMem(0x902FFC80, 0xBA0 Bytes, ...)
T1DDC 053:286.588   Data:  9D 5F 5B 09 F3 01 D5 82 E4 B5 67 1C 7C BB 17 ED ...
T1DDC 053:287.068   completely In flash
T1DDC 053:287.104 - 0.539ms returns 0xBA0
T1DDC 053:287.424 JLINK_WriteMem(0x90300820, 0xBB0 Bytes, ...)
T1DDC 053:287.444   Data:  27 15 9F 2F 63 D5 D0 81 7B 10 A8 72 2D 3C 69 1D ...
T1DDC 053:287.480   completely In flash
T1DDC 053:287.504 - 0.081ms returns 0xBB0
T1DDC 053:287.832 JLINK_WriteMem(0x903013D0, 0xBC0 Bytes, ...)
T1DDC 053:287.860   Data:  F1 D6 BA 0C 08 95 10 F9 CE 69 C7 B4 DC 08 09 34 ...
T1DDC 053:287.884   completely In flash
T1DDC 053:287.908 - 0.074ms returns 0xBC0
T1DDC 053:288.284 JLINK_WriteMem(0x90301F90, 0xBC0 Bytes, ...)
T1DDC 053:288.312   Data:  C1 19 01 3C 1E 15 26 A3 9C F3 90 02 E6 C1 1A D1 ...
T1DDC 053:288.336   completely In flash
T1DDC 053:288.360 - 0.076ms returns 0xBC0
T1DDC 053:288.664 JLINK_WriteMem(0x90302B50, 0xBB0 Bytes, ...)
T1DDC 053:288.684   Data:  0B CD 67 8E 9A 77 22 4D 5B 31 06 CE C2 26 45 04 ...
T1DDC 053:288.712   completely In flash
T1DDC 053:288.732 - 0.070ms returns 0xBB0
T1DDC 053:289.052 JLINK_WriteMem(0x90303700, 0xBC0 Bytes, ...)
T1DDC 053:289.080   Data:  57 CB 77 26 D3 F3 E2 29 B4 77 D2 D9 50 14 D1 DD ...
T1DDC 053:289.104   completely In flash
T1DDC 053:289.128 - 0.073ms returns 0xBC0
T1DDC 053:289.408 JLINK_WriteMem(0x903042C0, 0xBC0 Bytes, ...)
T1DDC 053:289.424   Data:  C1 82 E3 E3 64 BF 4A CC AE 56 5E 75 55 A4 91 BC ...
T1DDC 053:289.448   completely In flash
T1DDC 053:289.468 - 0.063ms returns 0xBC0
T1DDC 053:289.820 JLINK_WriteMem(0x90304E80, 0xBC0 Bytes, ...)
T1DDC 053:289.852   Data:  2A 52 FA 39 60 77 EF 94 4E 71 9B 44 D8 41 A1 52 ...
T1DDC 053:289.888   completely In flash
T1DDC 053:289.920 - 0.099ms returns 0xBC0
T1DDC 053:290.404 JLINK_WriteMem(0x90305A40, 0xBC0 Bytes, ...)
T1DDC 053:290.432   Data:  37 A9 55 EA E7 93 9E 58 97 82 12 62 A4 D8 66 9A ...
T1DDC 053:290.456   completely In flash
T1DDC 053:290.484 - 0.079ms returns 0xBC0
T1DDC 053:290.984 JLINK_WriteMem(0x90306600, 0xBC0 Bytes, ...)
T1DDC 053:291.044   Data:  6A 7E 8D 1B 9A 9A 53 A9 FD A8 07 F9 1C A5 87 77 ...
T1DDC 053:291.088   completely In flash
T1DDC 053:291.128 - 0.151ms returns 0xBC0
T1DDC 053:291.848 JLINK_WriteMem(0x903071C0, 0xBC0 Bytes, ...)
T1DDC 053:291.900   Data:  52 AC F7 23 DD 17 93 96 27 C0 BD 0D A3 60 8A CB ...
T1DDC 053:291.980   completely In flash
T1DDC 053:292.020 - 0.171ms returns 0xBC0
T1DDC 053:292.664 JLINK_WriteMem(0x90307D80, 0xBB0 Bytes, ...)
T1DDC 053:292.720   Data:  1E EE AE 94 85 40 97 72 B9 A2 B3 CE 7F DC 70 5D ...
T1DDC 053:292.748   completely In flash
T1DDC 053:292.776 - 0.109ms returns 0xBB0
T1DDC 053:293.256 JLINK_WriteMem(0x90308930, 0xBB0 Bytes, ...)
T1DDC 053:293.288   Data:  2E 07 5E 7C D9 44 F4 3C 21 21 0B 59 BD 78 D8 C6 ...
T1DDC 053:293.312   completely In flash
T1DDC 053:293.336 - 0.082ms returns 0xBB0
T1DDC 053:293.712 JLINK_WriteMem(0x903094E0, 0xBB0 Bytes, ...)
T1DDC 053:293.752   Data:  8B 22 86 30 DE 4F EB AB FD 33 34 F5 E0 17 E0 97 ...
T1DDC 053:293.784   completely In flash
T1DDC 053:293.808 - 0.095ms returns 0xBB0
T1DDC 053:294.712 JLINK_WriteMem(0x9030A090, 0xBB0 Bytes, ...)
T1DDC 053:294.756   Data:  B5 50 CF 6A BC 8D 1E A0 72 2A A7 A2 ED 16 7B 11 ...
T1DDC 053:294.788   completely In flash
T1DDC 053:294.812 - 0.104ms returns 0xBB0
T1DDC 053:295.376 JLINK_WriteMem(0x9030AC40, 0xBB0 Bytes, ...)
T1DDC 053:295.408   Data:  C3 7C 89 77 D2 B6 A8 25 D6 EB AF B2 B7 7A 1E EA ...
T1DDC 053:295.444   completely In flash
T1DDC 053:295.468 - 0.094ms returns 0xBB0
T1DDC 053:295.860 JLINK_WriteMem(0x9030B7F0, 0xBB0 Bytes, ...)
T1DDC 053:295.880   Data:  F2 06 BB 75 2E 50 70 AF F7 CB 81 44 0E DF 62 26 ...
T1DDC 053:295.904   completely In flash
T1DDC 053:295.928 - 0.068ms returns 0xBB0
T1DDC 053:296.296 JLINK_WriteMem(0x9030C3A0, 0xBB0 Bytes, ...)
T1DDC 053:296.320   Data:  2A B0 79 25 86 DC FF FF FF 78 F4 7F 56 25 C0 C0 ...
T1DDC 053:296.344   completely In flash
T1DDC 053:296.364 - 0.069ms returns 0xBB0
T1DDC 053:296.744 JLINK_WriteMem(0x9030CF50, 0xBB0 Bytes, ...)
T1DDC 053:296.784   Data:  71 25 7A D0 FF FF FF A9 FF 9B 41 24 C2 C1 FF FF ...
T1DDC 053:296.808   completely In flash
T1DDC 053:296.836 - 0.089ms returns 0xBB0
T1DDC 053:297.172 JLINK_WriteMem(0x9030DB00, 0xBB0 Bytes, ...)
T1DDC 053:297.192   Data:  3D CE FF FF FF 75 7B B8 45 25 1F C6 FF FF FF 56 ...
T1DDC 053:297.216   completely In flash
T1DDC 053:297.240 - 0.069ms returns 0xBB0
T1DDC 053:297.536 JLINK_WriteMem(0x9030E6B0, 0xBC0 Bytes, ...)
T1DDC 053:297.556   Data:  FF FF FF A7 B7 E5 64 25 95 C1 FF FF FF 08 B0 F1 ...
T1DDC 053:297.580   completely In flash
T1DDC 053:297.608 - 0.069ms returns 0xBC0
T1DDC 053:297.968 JLINK_WriteMem(0x9030F270, 0xBC0 Bytes, ...)
T1DDC 053:298.008   Data:  BE BE 9A E5 1E 3F B0 EA 1C 6C 54 AB F1 DC CD 52 ...
T1DDC 053:298.032   completely In flash
T1DDC 053:298.056 - 0.091ms returns 0xBC0
T1DDC 053:298.376 JLINK_WriteMem(0x9030FE30, 0xBB0 Bytes, ...)
T1DDC 053:298.396   Data:  47 CB 0E 22 1D 86 90 EC 00 EA CF 5C 05 FE 69 F5 ...
T1DDC 053:298.424   completely In flash
T1DDC 053:298.444 - 0.073ms returns 0xBB0
T1DDC 053:298.752 JLINK_WriteMem(0x903109E0, 0xBB0 Bytes, ...)
T1DDC 053:298.772   Data:  3F EB 70 14 E3 30 FD BE 7A A7 F2 AC ED C0 CE 78 ...
T1DDC 053:298.816   completely In flash
T1DDC 053:298.840 - 0.085ms returns 0xBB0
T1DDC 053:299.176 JLINK_WriteMem(0x90311590, 0xBC0 Bytes, ...)
T1DDC 053:299.200   Data:  E1 E7 DA 5B 91 92 29 FA CC 78 6A 98 10 F3 2E 0A ...
T1DDC 053:299.224   completely In flash
T1DDC 053:299.248 - 0.070ms returns 0xBC0
T1DDC 053:299.552 JLINK_WriteMem(0x90312150, 0xBB0 Bytes, ...)
T1DDC 053:299.576   Data:  7D 76 C1 80 9E D3 31 42 FD 4A ED 6C 9F 55 09 42 ...
T1DDC 053:299.600   completely In flash
T1DDC 053:299.624 - 0.071ms returns 0xBB0
T1DDC 053:299.912 JLINK_WriteMem(0x90312D00, 0xBB0 Bytes, ...)
T1DDC 053:299.932   Data:  57 74 4E 67 49 AA 20 AB D1 6D 0B CF 6E F1 78 AB ...
T1DDC 053:299.960   completely In flash
T1DDC 053:299.980 - 0.070ms returns 0xBB0
T1DDC 053:300.300 JLINK_WriteMem(0x903138B0, 0xBC0 Bytes, ...)
T1DDC 053:300.328   Data:  DC 56 F9 68 A3 50 D8 C5 87 3B 65 4F 28 AA 43 56 ...
T1DDC 053:300.348   completely In flash
T1DDC 053:300.372 - 0.069ms returns 0xBC0
T1DDC 053:300.688 JLINK_WriteMem(0x90314470, 0xBC0 Bytes, ...)
T1DDC 053:300.712   Data:  85 07 8F B9 EC 6B F1 3C AD 7A 57 AF AB A7 58 AD ...
T1DDC 053:300.736   completely In flash
T1DDC 053:300.760 - 0.070ms returns 0xBC0
T1DDC 053:301.100 JLINK_WriteMem(0x90315030, 0xBB0 Bytes, ...)
T1DDC 053:301.124   Data:  C2 31 DF 2E 76 D7 4D BC BA 79 9C 39 8F F5 04 9C ...
T1DDC 053:301.144   completely In flash
T1DDC 053:301.168 - 0.066ms returns 0xBB0
T1DDC 053:301.484 JLINK_WriteMem(0x90315BE0, 0xBB0 Bytes, ...)
T1DDC 053:301.512   Data:  51 33 34 5C C7 7F E2 E0 DA A9 DD 96 D9 2E D0 B9 ...
T1DDC 053:301.532   completely In flash
T1DDC 053:301.556 - 0.069ms returns 0xBB0
T1DDC 053:301.868 JLINK_WriteMem(0x90316790, 0xBC0 Bytes, ...)
T1DDC 053:301.892   Data:  DD 5B 4E 15 08 53 DD B8 2F 77 14 DA 86 CA E6 70 ...
T1DDC 053:301.912   completely In flash
T1DDC 053:301.936 - 0.068ms returns 0xBC0
T1DDC 053:302.276 JLINK_WriteMem(0x90317350, 0xBB0 Bytes, ...)
T1DDC 053:302.304   Data:  D1 7E D6 B3 AD A5 1A 36 32 84 34 15 3C 25 84 06 ...
T1DDC 053:302.328   completely In flash
T1DDC 053:302.352 - 0.075ms returns 0xBB0
T1DDC 053:302.680 JLINK_WriteMem(0x90317F00, 0xBB0 Bytes, ...)
T1DDC 053:302.704   Data:  60 65 5F EA E8 17 C2 99 F7 A5 8B 32 EB FB E8 1D ...
T1DDC 053:302.728   completely In flash
T1DDC 053:302.752 - 0.073ms returns 0xBB0
T1DDC 053:303.072 JLINK_WriteMem(0x90318AB0, 0xBB0 Bytes, ...)
T1DDC 053:303.092   Data:  EB 50 80 30 56 1D 79 EA BE D7 AC BB A9 C4 0E 69 ...
T1DDC 053:303.112   completely In flash
T1DDC 053:303.136 - 0.065ms returns 0xBB0
T1DDC 053:303.452 JLINK_WriteMem(0x90319660, 0xBA0 Bytes, ...)
T1DDC 053:303.480   Data:  E9 44 19 3C 25 ED EA 9A 52 CF 07 E1 D4 BE 2C 70 ...
T1DDC 053:303.504   completely In flash
T1DDC 053:303.528 - 0.074ms returns 0xBA0
T1DDC 053:303.836 JLINK_WriteMem(0x9031A200, 0xBC0 Bytes, ...)
T1DDC 053:303.864   Data:  31 F8 FE 44 6A 08 E5 52 E5 6F 43 5F D8 84 0D 13 ...
T1DDC 053:303.888   completely In flash
T1DDC 053:303.912 - 0.074ms returns 0xBC0
T1DDC 053:304.216 JLINK_WriteMem(0x9031ADC0, 0xBC0 Bytes, ...)
T1DDC 053:304.244   Data:  FC 55 77 3F 86 F8 B6 29 99 23 C6 D3 3B F0 DE 68 ...
T1DDC 053:304.264   completely In flash
T1DDC 053:304.288 - 0.070ms returns 0xBC0
T1DDC 053:304.576 JLINK_WriteMem(0x9031B980, 0xBC0 Bytes, ...)
T1DDC 053:304.600   Data:  4D 0D 07 F9 79 D0 D8 20 5D 46 D6 04 E5 A2 42 DE ...
T1DDC 053:304.624   completely In flash
T1DDC 053:304.648 - 0.071ms returns 0xBC0
T1DDC 053:304.968 JLINK_WriteMem(0x9031C540, 0xBB0 Bytes, ...)
T1DDC 053:304.996   Data:  C8 D1 04 73 28 A0 4B 69 1F FF 72 B3 5E 48 5B 58 ...
T1DDC 053:305.020   completely In flash
T1DDC 053:305.044 - 0.075ms returns 0xBB0
T1DDC 053:305.352 JLINK_WriteMem(0x9031D0F0, 0xBC0 Bytes, ...)
T1DDC 053:305.372   Data:  21 DE 37 97 93 C5 F3 48 04 5C 55 1B 2D DE BF 72 ...
T1DDC 053:305.396   completely In flash
T1DDC 053:305.416 - 0.069ms returns 0xBC0
T1DDC 053:305.736 JLINK_WriteMem(0x9031DCB0, 0xBB0 Bytes, ...)
T1DDC 053:305.764   Data:  6D BD 87 67 B3 AD EF C2 C4 A7 84 7B BA 5E FD A8 ...
T1DDC 053:305.788   completely In flash
T1DDC 053:305.812 - 0.078ms returns 0xBB0
T1DDC 053:306.232 JLINK_WriteMem(0x9031E860, 0xBC0 Bytes, ...)
T1DDC 053:306.260   Data:  D7 70 58 BC 3B 14 1B 5F A2 B6 3E 7B D9 71 1E 66 ...
T1DDC 053:306.288   completely In flash
T1DDC 053:306.312 - 0.083ms returns 0xBC0
T1DDC 053:306.640 JLINK_WriteMem(0x9031F420, 0xBB0 Bytes, ...)
T1DDC 053:306.664   Data:  D7 3D BD 30 09 36 FE E7 1A E8 49 4D D1 D7 EF 23 ...
T1DDC 053:306.696   completely In flash
T1DDC 053:306.716 - 0.079ms returns 0xBB0
T1DDC 053:307.072 JLINK_WriteMem(0x9031FFD0, 0xBB0 Bytes, ...)
T1DDC 053:307.096   Data:  58 1D F7 8D ED 30 9D C3 A3 E6 EB DC 5E 2A 16 AD ...
T1DDC 053:307.128   completely In flash
T1DDC 053:307.152 - 0.079ms returns 0xBB0
T1DDC 053:307.576 JLINK_WriteMem(0x90320B80, 0xBB0 Bytes, ...)
T1DDC 053:307.664   Data:  24 E1 23 38 67 F3 2B CB 91 04 1A EC B2 C1 7F 14 ...
T1DDC 053:307.712   completely In flash
T1DDC 053:307.736 - 0.160ms returns 0xBB0
T1DDC 053:308.112 JLINK_WriteMem(0x90321730, 0xBC0 Bytes, ...)
T1DDC 053:308.136   Data:  0A 8E 92 00 17 FB 3E 09 FB 94 D6 95 76 49 2F 2F ...
T1DDC 053:308.160   completely In flash
T1DDC 053:308.184 - 0.069ms returns 0xBC0
T1DDC 053:308.544 JLINK_WriteMem(0x903222F0, 0xBB0 Bytes, ...)
T1DDC 053:308.568   Data:  A7 B4 99 4C 44 FB 8F 96 DB 97 40 EE 56 34 5E E3 ...
T1DDC 053:308.588   completely In flash
T1DDC 053:308.616 - 0.068ms returns 0xBB0
T1DDC 053:309.100 JLINK_WriteMem(0x90322EA0, 0xBB0 Bytes, ...)
T1DDC 053:309.144   Data:  D7 FA 09 D5 2A 58 EB 78 4B 55 B3 A9 37 10 74 6B ...
T1DDC 053:309.172   completely In flash
T1DDC 053:309.196 - 0.095ms returns 0xBB0
T1DDC 053:309.568 JLINK_WriteMem(0x90323A50, 0xBB0 Bytes, ...)
T1DDC 053:309.596   Data:  C3 F4 8C 7B 5B FD 1E D9 C5 EC F8 DC D7 DB EB B2 ...
T1DDC 053:309.624   completely In flash
T1DDC 053:309.644 - 0.077ms returns 0xBB0
T1DDC 053:310.096 JLINK_WriteMem(0x90324600, 0xBB0 Bytes, ...)
T1DDC 053:310.136   Data:  50 23 6D F7 6B 60 53 46 1F E6 36 C8 BD F3 CC ED ...
T1DDC 053:310.168   completely In flash
T1DDC 053:310.192 - 0.097ms returns 0xBB0
T1DDC 053:310.664 JLINK_WriteMem(0x903251B0, 0xBC0 Bytes, ...)
T1DDC 053:310.712   Data:  1D DB B0 0A CA B3 BB 69 BA 67 F8 7A 92 8C 8E ED ...
T1DDC 053:310.744   completely In flash
T1DDC 053:310.776 - 0.112ms returns 0xBC0
T1DDC 053:311.340 JLINK_WriteMem(0x90325D70, 0xBC0 Bytes, ...)
T1DDC 053:311.372   Data:  AD 4A 2D 3B 71 B2 9D 5F D6 E3 EF 32 FF AE EC 7B ...
T1DDC 053:311.400   completely In flash
T1DDC 053:311.420 - 0.081ms returns 0xBC0
T1DDC 053:311.904 JLINK_WriteMem(0x90326930, 0xBC0 Bytes, ...)
T1DDC 053:311.944   Data:  75 CA B6 73 29 22 93 D8 8B 8B F1 E2 32 14 AF 61 ...
T1DDC 053:311.972   completely In flash
T1DDC 053:311.992 - 0.088ms returns 0xBC0
T1DDC 053:312.456 JLINK_WriteMem(0x903274F0, 0xBB0 Bytes, ...)
T1DDC 053:312.488   Data:  B4 2D D7 0D FB 39 1E B0 44 7E 27 BD 66 5D F3 50 ...
T1DDC 053:312.516   completely In flash
T1DDC 053:312.540 - 0.082ms returns 0xBB0
T1DDC 053:313.016 JLINK_WriteMem(0x903280A0, 0xBC0 Bytes, ...)
T1DDC 053:313.088   Data:  F0 35 3D DE 8F 82 6D 52 FB 5D 49 EC 7B BD EF D3 ...
T1DDC 053:313.128   completely In flash
T1DDC 053:313.152 - 0.134ms returns 0xBC0
T1DDC 053:313.624 JLINK_WriteMem(0x90328C60, 0xBC0 Bytes, ...)
T1DDC 053:313.648   Data:  94 8C D8 43 6F 78 F6 CE 5E 3F 99 AE F8 7E F3 89 ...
T1DDC 053:313.720   completely In flash
T1DDC 053:313.748 - 0.125ms returns 0xBC0
T1DDC 053:314.232 JLINK_WriteMem(0x90329820, 0xBB0 Bytes, ...)
T1DDC 053:314.280   Data:  99 95 92 25 80 38 77 05 C2 41 EA 7C EB 77 DB 6E ...
T1DDC 053:314.308   completely In flash
T1DDC 053:314.332 - 0.097ms returns 0xBB0
T1DDC 053:314.888 JLINK_WriteMem(0x9032A3D0, 0xBC0 Bytes, ...)
T1DDC 053:314.940   Data:  A2 6A C7 6C F2 C5 77 B7 21 3C 16 79 63 28 D6 9F ...
T1DDC 053:314.976   completely In flash
T1DDC 053:315.016 - 0.127ms returns 0xBC0
T1DDC 053:315.536 JLINK_WriteMem(0x9032AF90, 0xBC0 Bytes, ...)
T1DDC 053:315.584   Data:  0A E2 5F 37 29 2D 2D 9D 4D AE AB 7B D5 CC B2 B0 ...
T1DDC 053:315.620   completely In flash
T1DDC 053:315.644 - 0.108ms returns 0xBC0
T1DDC 053:316.056 JLINK_WriteMem(0x9032BB50, 0xBB0 Bytes, ...)
T1DDC 053:316.088   Data:  D8 6A 21 C1 92 A4 E7 D4 F5 34 AB 95 DF EB 1E E3 ...
T1DDC 053:316.112   completely In flash
T1DDC 053:316.136 - 0.079ms returns 0xBB0
T1DDC 053:316.444 JLINK_WriteMem(0x9032C700, 0xBC0 Bytes, ...)
T1DDC 053:316.460   Data:  FD 43 ED DF A4 02 C0 D3 F4 9B BC B6 96 38 5E 23 ...
T1DDC 053:316.488   completely In flash
T1DDC 053:316.508 - 0.064ms returns 0xBC0
T1DDC 053:316.840 JLINK_WriteMem(0x9032D2C0, 0xBB0 Bytes, ...)
T1DDC 053:316.868   Data:  A7 45 3A A5 01 9A 6E BF 7A 88 C1 1C 61 CA 26 FD ...
T1DDC 053:316.892   completely In flash
T1DDC 053:316.916 - 0.073ms returns 0xBB0
T1DDC 053:317.228 JLINK_WriteMem(0x9032DE70, 0xBB0 Bytes, ...)
T1DDC 053:317.248   Data:  2B 61 99 C4 12 E3 8E C6 D2 D3 4C 1C DC BF DB CC ...
T1DDC 053:317.272   completely In flash
T1DDC 053:317.300 - 0.070ms returns 0xBB0
T1DDC 053:317.608 JLINK_WriteMem(0x9032EA20, 0xBC0 Bytes, ...)
T1DDC 053:317.632   Data:  8D 28 90 1B 44 96 9B 5B 56 33 C7 B1 6A 1F 1D 59 ...
T1DDC 053:317.656   completely In flash
T1DDC 053:317.688 - 0.075ms returns 0xBC0
T1DDC 053:317.980 JLINK_WriteMem(0x9032F5E0, 0xBC0 Bytes, ...)
T1DDC 053:318.000   Data:  B7 11 70 81 96 20 BD 7C 5E 33 72 D6 CE E4 DA 2D ...
T1DDC 053:318.024   completely In flash
T1DDC 053:318.048 - 0.068ms returns 0xBC0
T1DDC 053:318.360 JLINK_WriteMem(0x903301A0, 0xBB0 Bytes, ...)
T1DDC 053:318.380   Data:  B9 C3 D7 F6 B5 E3 5B C5 4A A9 64 48 E0 8D 6E 66 ...
T1DDC 053:318.404   completely In flash
T1DDC 053:318.428 - 0.068ms returns 0xBB0
T1DDC 053:318.728 JLINK_WriteMem(0x90330D50, 0xBC0 Bytes, ...)
T1DDC 053:318.752   Data:  E7 CF 56 27 45 05 C1 D7 BA 27 0C 48 2B CE 9A E9 ...
T1DDC 053:318.800   completely In flash
T1DDC 053:318.824 - 0.092ms returns 0xBC0
T1DDC 053:319.116 JLINK_WriteMem(0x90331910, 0xBC0 Bytes, ...)
T1DDC 053:319.140   Data:  6D E2 12 A2 91 51 8E 59 A5 04 3B 52 3F 9E F0 8C ...
T1DDC 053:319.160   completely In flash
T1DDC 053:319.184 - 0.064ms returns 0xBC0
T1DDC 053:319.496 JLINK_WriteMem(0x903324D0, 0xBB0 Bytes, ...)
T1DDC 053:319.520   Data:  AB 22 02 D2 E5 44 AF D3 A6 48 C2 22 0A 71 FB 86 ...
T1DDC 053:319.544   completely In flash
T1DDC 053:319.572 - 0.076ms returns 0xBB0
T1DDC 053:320.396 JLINK_WriteMem(0x90333080, 0xBB0 Bytes, ...)
T1DDC 053:320.424   Data:  EC DA 9B 79 DE 1B E6 28 AA CE 77 BC 5E B4 AB D7 ...
T1DDC 053:320.448   completely In flash
T1DDC 053:320.468 - 0.071ms returns 0xBB0
T1DDC 053:320.824 JLINK_WriteMem(0x90333C30, 0xBC0 Bytes, ...)
T1DDC 053:320.856   Data:  29 53 9A 33 F1 1D 5F D0 4D F4 8E 85 09 53 B8 C3 ...
T1DDC 053:320.884   completely In flash
T1DDC 053:320.904 - 0.077ms returns 0xBC0
T1DDC 053:321.248 JLINK_WriteMem(0x903347F0, 0xBC0 Bytes, ...)
T1DDC 053:321.272   Data:  A7 F8 17 E5 34 AC 0C CF 70 C6 9B DD 37 CE F7 DE ...
T1DDC 053:321.300   completely In flash
T1DDC 053:321.320 - 0.072ms returns 0xBC0
T1DDC 053:321.680 JLINK_WriteMem(0x903353B0, 0xBB0 Bytes, ...)
T1DDC 053:321.700   Data:  93 F2 6E A7 A3 8D 03 5D 6B 3F 30 63 85 BD FA C9 ...
T1DDC 053:321.720   completely In flash
T1DDC 053:321.744 - 0.062ms returns 0xBB0
T1DDC 053:322.340 JLINK_WriteMem(0x90335F60, 0xBC0 Bytes, ...)
T1DDC 053:322.372   Data:  41 A4 13 84 32 B8 3C D7 35 48 A9 10 BD D6 8D 4A ...
T1DDC 053:322.392   completely In flash
T1DDC 053:322.416 - 0.078ms returns 0xBC0
T1DDC 053:322.952 JLINK_WriteMem(0x90336B20, 0xBB0 Bytes, ...)
T1DDC 053:322.984   Data:  74 5E 4B 52 56 3B 7F EB A6 4F 7E 26 B0 BF E4 1E ...
T1DDC 053:323.016   completely In flash
T1DDC 053:323.044 - 0.092ms returns 0xBB0
T1DDC 053:323.400 JLINK_WriteMem(0x903376D0, 0xBC0 Bytes, ...)
T1DDC 053:323.436   Data:  16 AE 8D 08 9E 6D 97 A0 A1 83 38 98 1B 8C 0E 2A ...
T1DDC 053:323.464   completely In flash
T1DDC 053:323.488 - 0.084ms returns 0xBC0
T1DDC 053:323.844 JLINK_WriteMem(0x90338290, 0xBB0 Bytes, ...)
T1DDC 053:323.864   Data:  9E 83 62 BB 29 B3 F5 15 59 2B 27 B6 67 51 D9 8E ...
T1DDC 053:323.892   completely In flash
T1DDC 053:323.912 - 0.070ms returns 0xBB0
T1DDC 053:324.584 JLINK_WriteMem(0x90338E40, 0xBB0 Bytes, ...)
T1DDC 053:324.616   Data:  C1 33 D2 B7 6A F4 BE 39 89 D8 77 64 BE 6C 9D AF ...
T1DDC 053:324.648   completely In flash
T1DDC 053:324.668 - 0.086ms returns 0xBB0
T1DDC 053:325.172 JLINK_WriteMem(0x903399F0, 0xBB0 Bytes, ...)
T1DDC 053:325.196   Data:  BC 0C 77 DD A8 40 EB FE 91 EA FE 53 4C 70 F3 8F ...
T1DDC 053:325.224   completely In flash
T1DDC 053:325.244 - 0.074ms returns 0xBB0
T1DDC 053:325.628 JLINK_WriteMem(0x9033A5A0, 0xBB0 Bytes, ...)
T1DDC 053:325.652   Data:  1B 59 F6 EC 2A DD EF 66 54 CA FD 1C AF D3 96 A5 ...
T1DDC 053:325.680   completely In flash
T1DDC 053:325.704 - 0.076ms returns 0xBB0
T1DDC 053:326.108 JLINK_WriteMem(0x9033B150, 0xBC0 Bytes, ...)
T1DDC 053:326.132   Data:  6C 61 F3 95 C0 01 F4 AE F0 91 D6 6F 73 FE A9 B7 ...
T1DDC 053:326.156   completely In flash
T1DDC 053:326.180 - 0.072ms returns 0xBC0
T1DDC 053:326.548 JLINK_WriteMem(0x9033BD10, 0xBC0 Bytes, ...)
T1DDC 053:326.592   Data:  F8 8E 1B 29 2E 29 88 8E 19 3E 9C E5 FE 03 7B BC ...
T1DDC 053:326.624   completely In flash
T1DDC 053:326.648 - 0.100ms returns 0xBC0
T1DDC 053:327.084 JLINK_WriteMem(0x9033C8D0, 0xBC0 Bytes, ...)
T1DDC 053:327.112   Data:  B8 B5 60 DF A3 93 CD 36 5F 79 7E 45 AF 69 49 C8 ...
T1DDC 053:327.140   completely In flash
T1DDC 053:327.164 - 0.079ms returns 0xBC0
T1DDC 053:327.544 JLINK_WriteMem(0x9033D490, 0xBB0 Bytes, ...)
T1DDC 053:327.580   Data:  97 CD 09 12 72 21 F3 53 4F CD 42 03 9E 37 F4 2F ...
T1DDC 053:327.612   completely In flash
T1DDC 053:327.640 - 0.096ms returns 0xBB0
T1DDC 053:328.056 JLINK_WriteMem(0x9033E040, 0xBC0 Bytes, ...)
T1DDC 053:328.084   Data:  FB 48 C0 70 65 3E B1 E6 EC C9 7F 02 8B 3B D1 A7 ...
T1DDC 053:328.108   completely In flash
T1DDC 053:328.136 - 0.080ms returns 0xBC0
T1DDC 053:328.492 JLINK_WriteMem(0x9033EC00, 0xBC0 Bytes, ...)
T1DDC 053:328.524   Data:  FB 16 29 65 B2 85 3F 7C AD 46 CF 64 8B 8C BA A7 ...
T1DDC 053:328.552   completely In flash
T1DDC 053:328.576 - 0.084ms returns 0xBC0
T1DDC 053:328.972 JLINK_WriteMem(0x9033F7C0, 0xBB0 Bytes, ...)
T1DDC 053:329.016   Data:  4F E6 8F 0E 41 01 72 67 99 E5 97 17 85 49 31 96 ...
T1DDC 053:329.044   completely In flash
T1DDC 053:329.064 - 0.092ms returns 0xBB0
T1DDC 053:329.532 JLINK_WriteMem(0x90340370, 0xBC0 Bytes, ...)
T1DDC 053:329.580   Data:  A5 6E 3F EF F1 B2 3A 57 A5 BE 27 52 7D 0D 78 C3 ...
T1DDC 053:329.608   completely In flash
T1DDC 053:329.628 - 0.097ms returns 0xBC0
T1DDC 053:330.120 JLINK_WriteMem(0x90340F30, 0xBB0 Bytes, ...)
T1DDC 053:330.152   Data:  6D 25 70 34 14 3F CF D0 E0 E5 CA 53 E1 B9 67 9F ...
T1DDC 053:330.200   completely In flash
T1DDC 053:330.224 - 0.103ms returns 0xBB0
T1DDC 053:330.620 JLINK_WriteMem(0x90341AE0, 0xBB0 Bytes, ...)
T1DDC 053:330.652   Data:  8A AB B3 25 FF 64 14 6C B4 E1 DE 9F A7 8B 24 AA ...
T1DDC 053:330.680   completely In flash
T1DDC 053:330.704 - 0.085ms returns 0xBB0
T1DDC 053:331.068 JLINK_WriteMem(0x90342690, 0xBB0 Bytes, ...)
T1DDC 053:331.088   Data:  7F 15 86 83 96 EF 5A ED FF 8D A0 40 52 0D FB BB ...
T1DDC 053:331.112   completely In flash
T1DDC 053:331.136 - 0.067ms returns 0xBB0
T1DDC 053:331.496 JLINK_WriteMem(0x90343240, 0xBC0 Bytes, ...)
T1DDC 053:331.532   Data:  03 62 F7 03 D8 75 D7 F3 5E CE 1C D9 78 DD CA A3 ...
T1DDC 053:331.560   completely In flash
T1DDC 053:331.592 - 0.097ms returns 0xBC0
T1DDC 053:331.908 JLINK_WriteMem(0x90343E00, 0xBB0 Bytes, ...)
T1DDC 053:331.932   Data:  6D 97 10 7D 63 B9 4F 22 5D E1 70 BE B4 DC A6 5B ...
T1DDC 053:331.960   completely In flash
T1DDC 053:331.980 - 0.072ms returns 0xBB0
T1DDC 053:332.316 JLINK_WriteMem(0x903449B0, 0xBB0 Bytes, ...)
T1DDC 053:332.344   Data:  D5 9E DD 22 DF A1 98 64 72 77 08 BC 71 95 62 73 ...
T1DDC 053:332.376   completely In flash
T1DDC 053:332.396 - 0.079ms returns 0xBB0
T1DDC 053:332.712 JLINK_WriteMem(0x90345560, 0xBC0 Bytes, ...)
T1DDC 053:332.736   Data:  CA 51 A0 F2 6C 82 32 F7 0D 6C 4B 3F F5 CB 4C 16 ...
T1DDC 053:332.760   completely In flash
T1DDC 053:332.788 - 0.074ms returns 0xBC0
T1DDC 053:333.108 JLINK_WriteMem(0x90346120, 0xBB0 Bytes, ...)
T1DDC 053:333.128   Data:  EE 8B 0D FC BD FF 9D 4E C7 21 80 7F 79 05 F9 40 ...
T1DDC 053:333.148   completely In flash
T1DDC 053:333.172 - 0.067ms returns 0xBB0
T1DDC 053:333.500 JLINK_WriteMem(0x90346CD0, 0xBB0 Bytes, ...)
T1DDC 053:333.528   Data:  62 7D 54 55 3F A2 85 CD 8A 4E 0A 60 CD 51 37 47 ...
T1DDC 053:333.556   completely In flash
T1DDC 053:333.576 - 0.079ms returns 0xBB0
T1DDC 053:333.880 JLINK_WriteMem(0x90347880, 0xBC0 Bytes, ...)
T1DDC 053:333.904   Data:  5E AD 2D 0A D5 3F 17 4F 9E 9B 4B FD DF 7E 9F B6 ...
T1DDC 053:333.928   completely In flash
T1DDC 053:333.952 - 0.071ms returns 0xBC0
T1DDC 053:334.292 JLINK_WriteMem(0x90348440, 0xBC0 Bytes, ...)
T1DDC 053:334.312   Data:  FC FA EC 79 F4 D2 CA CE 4A A5 80 A5 1C AB AC DB ...
T1DDC 053:334.336   completely In flash
T1DDC 053:334.360 - 0.071ms returns 0xBC0
T1DDC 053:334.680 JLINK_WriteMem(0x90349000, 0xBC0 Bytes, ...)
T1DDC 053:334.704   Data:  46 62 ED BB 17 95 21 2C 61 92 CC 5F 55 02 31 07 ...
T1DDC 053:334.728   completely In flash
T1DDC 053:334.752 - 0.073ms returns 0xBC0
T1DDC 053:335.060 JLINK_WriteMem(0x90349BC0, 0xBB0 Bytes, ...)
T1DDC 053:335.080   Data:  4C 6A 79 A6 4C D1 8F 9D 20 31 9A 70 0C F3 66 1B ...
T1DDC 053:335.108   completely In flash
T1DDC 053:335.128 - 0.071ms returns 0xBB0
T1DDC 053:335.448 JLINK_WriteMem(0x9034A770, 0xBB0 Bytes, ...)
T1DDC 053:335.468   Data:  90 57 AC 46 49 8D FB EB 7E 06 2D C4 DF 8C 93 AF ...
T1DDC 053:335.496   completely In flash
T1DDC 053:335.524 - 0.076ms returns 0xBB0
T1DDC 053:335.820 JLINK_WriteMem(0x9034B320, 0xBC0 Bytes, ...)
T1DDC 053:335.840   Data:  C5 D3 EC 4D D6 2F 29 68 AB DA A3 C7 5D 53 AC 72 ...
T1DDC 053:335.864   completely In flash
T1DDC 053:335.884 - 0.063ms returns 0xBC0
T1DDC 053:336.184 JLINK_WriteMem(0x9034BEE0, 0xBC0 Bytes, ...)
T1DDC 053:336.208   Data:  A7 52 4B 88 E3 E7 AD A5 B3 D2 AB 7A 6E 57 1F 57 ...
T1DDC 053:336.232   completely In flash
T1DDC 053:336.252 - 0.069ms returns 0xBC0
T1DDC 053:336.552 JLINK_WriteMem(0x9034CAA0, 0xBC0 Bytes, ...)
T1DDC 053:336.572   Data:  DD B3 DB 3C C9 EC 20 BE EB 72 0B D7 F0 F3 F4 D2 ...
T1DDC 053:336.596   completely In flash
T1DDC 053:336.616 - 0.065ms returns 0xBC0
T1DDC 053:336.928 JLINK_WriteMem(0x9034D660, 0xBA0 Bytes, ...)
T1DDC 053:336.952   Data:  FC 6F D2 C7 94 22 CE EF 16 3E EE DA 50 80 4E 2D ...
T1DDC 053:336.976   completely In flash
T1DDC 053:337.000 - 0.071ms returns 0xBA0
T1DDC 053:337.300 JLINK_WriteMem(0x9034E200, 0xBC0 Bytes, ...)
T1DDC 053:337.320   Data:  FD 5E BA 76 B9 24 16 4D 6D D7 7F 27 9C 3B D3 76 ...
T1DDC 053:337.348   completely In flash
T1DDC 053:337.368 - 0.069ms returns 0xBC0
T1DDC 053:337.656 JLINK_WriteMem(0x9034EDC0, 0xBC0 Bytes, ...)
T1DDC 053:337.676   Data:  DD FB F5 F5 90 14 FD 2F 10 CF BD 5A BD 3E 54 BF ...
T1DDC 053:337.700   completely In flash
T1DDC 053:337.720 - 0.064ms returns 0xBC0
T1DDC 053:338.040 JLINK_WriteMem(0x9034F980, 0xBC0 Bytes, ...)
T1DDC 053:338.064   Data:  9B 05 CF F8 D7 EA 53 FC A1 B8 AA 0E 16 F7 E7 FB ...
T1DDC 053:338.088   completely In flash
T1DDC 053:338.120 - 0.080ms returns 0xBC0
T1DDC 053:338.420 JLINK_WriteMem(0x90350540, 0xBC0 Bytes, ...)
T1DDC 053:338.440   Data:  CD 9B ED B0 27 49 F0 02 89 C9 FC F0 BC F3 69 20 ...
T1DDC 053:338.472   completely In flash
T1DDC 053:338.504 - 0.081ms returns 0xBC0
T1DDC 053:338.796 JLINK_WriteMem(0x90351100, 0xBC0 Bytes, ...)
T1DDC 053:338.816   Data:  52 BA 95 59 0D D8 FA 2B DB F4 A9 D6 ED 08 BB 1D ...
T1DDC 053:338.840   completely In flash
T1DDC 053:338.864 - 0.068ms returns 0xBC0
T1DDC 053:339.212 JLINK_WriteMem(0x90351CC0, 0xBC0 Bytes, ...)
T1DDC 053:339.232   Data:  ED F5 FB BD 6F 79 11 60 8C F8 79 21 04 17 55 FF ...
T1DDC 053:339.260   completely In flash
T1DDC 053:339.284 - 0.070ms returns 0xBC0
T1DDC 053:339.600 JLINK_WriteMem(0x90352880, 0xBB0 Bytes, ...)
T1DDC 053:339.624   Data:  05 1C 2A BC 1B 95 B0 D5 96 53 34 7F 23 E4 FE 5F ...
T1DDC 053:339.652   completely In flash
T1DDC 053:339.676 - 0.074ms returns 0xBB0
T1DDC 053:339.992 JLINK_WriteMem(0x90353430, 0xBC0 Bytes, ...)
T1DDC 053:340.012   Data:  CA 66 DA 48 EB 4B 37 BD 9C 98 F5 28 E9 9C 5A 8C ...
T1DDC 053:340.040   completely In flash
T1DDC 053:340.064 - 0.073ms returns 0xBC0
T1DDC 053:340.380 JLINK_WriteMem(0x90353FF0, 0xBB0 Bytes, ...)
T1DDC 053:340.400   Data:  D1 B8 9F D1 BF 30 28 DB 31 DB 5D 13 64 2F E2 F2 ...
T1DDC 053:340.424   completely In flash
T1DDC 053:340.448 - 0.068ms returns 0xBB0
T1DDC 053:340.888 JLINK_WriteMem(0x90354BA0, 0xBB0 Bytes, ...)
T1DDC 053:340.932   Data:  19 1B 63 55 D4 E1 D6 05 A1 B7 24 8F 6E A8 8F D5 ...
T1DDC 053:340.964   completely In flash
T1DDC 053:340.984 - 0.101ms returns 0xBB0
T1DDC 053:341.460 JLINK_WriteMem(0x90355750, 0xBB0 Bytes, ...)
T1DDC 053:341.484   Data:  94 D2 19 B3 5C EF D0 77 F8 5B BB E3 76 64 FE A0 ...
T1DDC 053:341.516   completely In flash
T1DDC 053:341.540 - 0.081ms returns 0xBB0
T1DDC 053:341.988 JLINK_WriteMem(0x90356300, 0xBC0 Bytes, ...)
T1DDC 053:342.040   Data:  2C FF 52 56 C5 60 F6 7B AF 06 B9 18 DA E6 75 F4 ...
T1DDC 053:342.084   completely In flash
T1DDC 053:342.124 - 0.140ms returns 0xBC0
T1DDC 053:342.664 JLINK_WriteMem(0x90356EC0, 0xBB0 Bytes, ...)
T1DDC 053:342.696   Data:  8D 8D E7 FB 11 BD 5F 88 72 C4 9E D0 EE 7B 1C E7 ...
T1DDC 053:342.728   completely In flash
T1DDC 053:342.748 - 0.086ms returns 0xBB0
T1DDC 053:343.116 JLINK_WriteMem(0x90357A70, 0xBC0 Bytes, ...)
T1DDC 053:343.160   Data:  82 A4 FA E6 6C AE A5 D5 5E FC F5 8A 7E CC 1A 96 ...
T1DDC 053:343.196   completely In flash
T1DDC 053:343.224 - 0.105ms returns 0xBC0
T1DDC 053:343.624 JLINK_WriteMem(0x90358630, 0xBC0 Bytes, ...)
T1DDC 053:343.664   Data:  08 E3 79 FB 40 D3 33 22 16 43 61 EA 6B B0 52 69 ...
T1DDC 053:343.696   completely In flash
T1DDC 053:343.720 - 0.095ms returns 0xBC0
T1DDC 053:344.328 JLINK_WriteMem(0x903591F0, 0xBB0 Bytes, ...)
T1DDC 053:344.376   Data:  D1 9E 2F 52 5C 14 A8 95 99 45 3C D7 35 BC 65 3D ...
T1DDC 053:344.404   completely In flash
T1DDC 053:344.428 - 0.098ms returns 0xBB0
T1DDC 053:344.812 JLINK_WriteMem(0x90359DA0, 0xBC0 Bytes, ...)
T1DDC 053:344.840   Data:  03 42 8C AD B7 6B 68 64 8E 9C 88 3F 74 37 97 34 ...
T1DDC 053:344.884   completely In flash
T1DDC 053:344.908 - 0.096ms returns 0xBC0
T1DDC 053:345.940 JLINK_WriteMem(0x9035A960, 0xBB0 Bytes, ...)
T1DDC 053:345.972   Data:  AB FB C3 75 EF 0C 3B B8 95 E4 A3 19 9C 63 F3 59 ...
T1DDC 053:346.004   completely In flash
T1DDC 053:346.028 - 0.091ms returns 0xBB0
T1DDC 053:346.440 JLINK_WriteMem(0x9035B510, 0xBC0 Bytes, ...)
T1DDC 053:346.472   Data:  11 43 A5 F0 00 51 CE A4 32 32 87 96 88 ED 7A AE ...
T1DDC 053:348.024   completely In flash
T1DDC 053:348.056 - 1.621ms returns 0xBC0
T1DDC 053:348.492 JLINK_WriteMem(0x9035C0D0, 0xBB0 Bytes, ...)
T1DDC 053:348.520   Data:  83 7D 58 1B 5F CB 73 85 4C E5 62 50 B2 F4 57 98 ...
T1DDC 053:348.552   completely In flash
T1DDC 053:348.576 - 0.085ms returns 0xBB0
T1DDC 053:348.992 JLINK_WriteMem(0x9035CC80, 0xBC0 Bytes, ...)
T1DDC 053:349.024   Data:  DE A6 EC BE 8B 61 C0 EB 4F C4 05 04 9D 9E D1 76 ...
T1DDC 053:349.052   completely In flash
T1DDC 053:349.076 - 0.084ms returns 0xBC0
T1DDC 053:349.488 JLINK_WriteMem(0x9035D840, 0xBB0 Bytes, ...)
T1DDC 053:349.516   Data:  6A 54 31 D4 E7 38 A1 F2 FA 94 5A B6 95 6C A2 8F ...
T1DDC 053:349.544   completely In flash
T1DDC 053:349.576 - 0.088ms returns 0xBB0
T1DDC 053:350.036 JLINK_WriteMem(0x9035E3F0, 0xBB0 Bytes, ...)
T1DDC 053:350.068   Data:  96 8A 1C 3C 14 5F 95 D5 BE EC 46 2C 95 6C 8B 4E ...
T1DDC 053:350.096   completely In flash
T1DDC 053:350.140 - 0.107ms returns 0xBB0
T1DDC 053:350.460 JLINK_WriteMem(0x9035EFA0, 0xBB0 Bytes, ...)
T1DDC 053:350.484   Data:  49 60 08 A4 58 9B 76 24 E2 14 8C B7 E3 F7 A6 06 ...
T1DDC 053:350.508   completely In flash
T1DDC 053:350.528 - 0.069ms returns 0xBB0
T1DDC 053:350.964 JLINK_WriteMem(0x9035FB50, 0xBB0 Bytes, ...)
T1DDC 053:351.000   Data:  4F BB B8 22 14 C1 57 D6 EE 2E 6B 4E 34 B4 F4 37 ...
T1DDC 053:351.044   completely In flash
T1DDC 053:351.064 - 0.103ms returns 0xBB0
T1DDC 053:351.704 JLINK_WriteMem(0x90360700, 0xBB0 Bytes, ...)
T1DDC 053:351.756   Data:  55 FC 66 3C E9 BC B0 74 65 69 66 34 8F 97 F7 EF ...
T1DDC 053:351.784   completely In flash
T1DDC 053:351.808 - 0.102ms returns 0xBB0
T1DDC 053:352.400 JLINK_WriteMem(0x903612B0, 0xBB0 Bytes, ...)
T1DDC 053:352.436   Data:  45 A3 B9 BA FE 86 DD A8 56 25 85 EC 8B E2 70 A6 ...
T1DDC 053:352.460   completely In flash
T1DDC 053:352.488 - 0.087ms returns 0xBB0
T1DDC 053:352.924 JLINK_WriteMem(0x90361E60, 0xBB0 Bytes, ...)
T1DDC 053:352.956   Data:  C8 53 B0 A1 4C 05 1F 59 20 F0 BE 53 1E 38 67 06 ...
T1DDC 053:352.984   completely In flash
T1DDC 053:353.008 - 0.084ms returns 0xBB0
T1DDC 053:353.416 JLINK_WriteMem(0x90362A10, 0xBC0 Bytes, ...)
T1DDC 053:353.452   Data:  BD 03 22 AE 2C 15 54 ED BD F3 BC 24 DF 9D 97 CC ...
T1DDC 053:353.480   completely In flash
T1DDC 053:353.504 - 0.090ms returns 0xBC0
T1DDC 053:353.904 JLINK_WriteMem(0x903635D0, 0xBC0 Bytes, ...)
T1DDC 053:353.936   Data:  E1 44 DA 0A AF 45 8E A1 6F D3 57 FE 6D B8 58 2C ...
T1DDC 053:353.964   completely In flash
T1DDC 053:353.988 - 0.083ms returns 0xBC0
T1DDC 053:354.316 JLINK_WriteMem(0x90364190, 0xBC0 Bytes, ...)
T1DDC 053:354.344   Data:  2A A8 5A 20 E6 B4 FE 73 77 D5 2A F9 C2 F5 5D E9 ...
T1DDC 053:354.372   completely In flash
T1DDC 053:354.392 - 0.077ms returns 0xBC0
T1DDC 053:354.764 JLINK_WriteMem(0x90364D50, 0xBB0 Bytes, ...)
T1DDC 053:354.792   Data:  60 99 41 D5 A5 AE FE B0 BC A5 17 F4 89 D4 7C 2A ...
T1DDC 053:354.824   completely In flash
T1DDC 053:354.848 - 0.083ms returns 0xBB0
T1DDC 053:355.164 JLINK_WriteMem(0x90365900, 0xBC0 Bytes, ...)
T1DDC 053:355.188   Data:  FF 56 D3 4C E3 46 77 BB FE A9 E1 C9 2C F8 E1 B6 ...
T1DDC 053:355.212   completely In flash
T1DDC 053:355.236 - 0.071ms returns 0xBC0
T1DDC 053:355.544 JLINK_WriteMem(0x903664C0, 0xBC0 Bytes, ...)
T1DDC 053:355.564   Data:  6E 11 80 69 69 BB 66 BB 67 12 22 C2 3D F2 A3 2E ...
T1DDC 053:355.592   completely In flash
T1DDC 053:355.612 - 0.069ms returns 0xBC0
T1DDC 053:355.924 JLINK_WriteMem(0x90367080, 0xBB0 Bytes, ...)
T1DDC 053:355.948   Data:  EE AF 0B FF 25 F3 8D 0D 57 97 DF F4 92 48 FF ED ...
T1DDC 053:355.976   completely In flash
T1DDC 053:355.996 - 0.071ms returns 0xBB0
T1DDC 053:356.312 JLINK_WriteMem(0x90367C30, 0xBB0 Bytes, ...)
T1DDC 053:356.332   Data:  4A 4F 9A D8 F5 BC 57 8B DC BD EC 4E 7A E8 67 3F ...
T1DDC 053:356.360   completely In flash
T1DDC 053:356.380 - 0.070ms returns 0xBB0
T1DDC 053:356.692 JLINK_WriteMem(0x903687E0, 0xBC0 Bytes, ...)
T1DDC 053:356.716   Data:  36 E0 22 00 68 4C 47 92 A7 5D 44 27 3A 06 DF C2 ...
T1DDC 053:356.744   completely In flash
T1DDC 053:356.768 - 0.075ms returns 0xBC0
T1DDC 053:357.064 JLINK_WriteMem(0x903693A0, 0xBC0 Bytes, ...)
T1DDC 053:357.080   Data:  F9 CA F4 91 53 88 87 96 D3 85 33 B5 BF 43 5D 8C ...
T1DDC 053:357.112   completely In flash
T1DDC 053:357.132 - 0.068ms returns 0xBC0
T1DDC 053:357.540 JLINK_WriteMem(0x90369F60, 0xBC0 Bytes, ...)
T1DDC 053:357.564   Data:  DD 71 D5 9E 1C C6 D2 94 C3 CA 1E 3A C9 EA 2F 88 ...
T1DDC 053:357.592   completely In flash
T1DDC 053:357.612 - 0.075ms returns 0xBC0
T1DDC 053:358.024 JLINK_WriteMem(0x9036AB20, 0xBB0 Bytes, ...)
T1DDC 053:358.056   Data:  63 C8 61 57 32 96 E3 C9 83 77 6B B2 22 A7 F7 67 ...
T1DDC 053:358.080   completely In flash
T1DDC 053:358.116 - 0.088ms returns 0xBB0
T1DDC 053:358.472 JLINK_WriteMem(0x9036B6D0, 0xBC0 Bytes, ...)
T1DDC 053:358.492   Data:  C7 62 41 BD 4C 63 86 58 4D 2E 57 15 7E 10 8B 9C ...
T1DDC 053:358.520   completely In flash
T1DDC 053:358.540 - 0.071ms returns 0xBC0
T1DDC 053:359.080 JLINK_WriteMem(0x9036C290, 0xBC0 Bytes, ...)
T1DDC 053:359.116   Data:  FF 49 FD 92 ED 27 48 F7 67 D6 B0 72 84 C6 78 58 ...
T1DDC 053:359.144   completely In flash
T1DDC 053:359.168 - 0.090ms returns 0xBC0
T1DDC 053:359.596 JLINK_WriteMem(0x9036CE50, 0xBD0 Bytes, ...)
T1DDC 053:359.624   Data:  5C D4 8B 6C 54 68 98 9F 51 F1 B5 F7 83 A4 A4 AE ...
T1DDC 053:359.656   completely In flash
T1DDC 053:359.676 - 0.080ms returns 0xBD0
T1DDC 053:360.100 JLINK_WriteMem(0x9036DA20, 0xBE0 Bytes, ...)
T1DDC 053:360.144   Data:  40 28 29 00 00 00 00 1B 9D 25 40 28 81 FE FF FF ...
T1DDC 053:360.172   completely In flash
T1DDC 053:360.200 - 0.099ms returns 0xBE0
T1DDC 053:360.640 JLINK_WriteMem(0x9036E600, 0xBE0 Bytes, ...)
T1DDC 053:360.700   Data:  40 28 B6 00 00 00 00 1B 9D 25 40 28 FE FE FF FF ...
T1DDC 053:360.728   completely In flash
T1DDC 053:360.752 - 0.114ms returns 0xBE0
T1DDC 053:361.368 JLINK_WriteMem(0x9036F1E0, 0xBD0 Bytes, ...)
T1DDC 053:361.396   Data:  40 28 F8 FE FF FF FF 1B 9D 25 40 28 EB FF FF FF ...
T1DDC 053:361.424   completely In flash
T1DDC 053:361.448 - 0.080ms returns 0xBD0
T1DDC 053:361.852 JLINK_WriteMem(0x9036FDB0, 0xBC0 Bytes, ...)
T1DDC 053:361.892   Data:  5B 79 D0 4C FA 3B 28 0E CD DC 25 A5 9F 0C E0 51 ...
T1DDC 053:361.936   completely In flash
T1DDC 053:361.960 - 0.107ms returns 0xBC0
T1DDC 053:362.380 JLINK_WriteMem(0x90370970, 0xBB0 Bytes, ...)
T1DDC 053:362.412   Data:  23 76 AB D4 D7 45 BC 76 22 74 62 A0 4D 1D B8 D6 ...
T1DDC 053:362.440   completely In flash
T1DDC 053:362.460 - 0.080ms returns 0xBB0
T1DDC 053:362.816 JLINK_WriteMem(0x90371520, 0xBA0 Bytes, ...)
T1DDC 053:362.848   Data:  69 E3 2C 02 7E 5B 41 93 93 AC 26 09 06 01 59 C0 ...
T1DDC 053:362.872   completely In flash
T1DDC 053:362.900 - 0.080ms returns 0xBA0
T1DDC 053:363.244 JLINK_WriteMem(0x903720C0, 0xBA0 Bytes, ...)
T1DDC 053:363.272   Data:  29 13 6B 89 BB 51 01 28 EA E2 40 0C A6 73 90 8C ...
T1DDC 053:363.296   completely In flash
T1DDC 053:363.320 - 0.075ms returns 0xBA0
T1DDC 053:363.624 JLINK_WriteMem(0x90372C60, 0xBB0 Bytes, ...)
T1DDC 053:363.648   Data:  04 5D 68 4A 88 4A 6D B6 ED 40 A9 46 62 EE E7 5E ...
T1DDC 053:363.672   completely In flash
T1DDC 053:363.696 - 0.068ms returns 0xBB0
T1DDC 053:363.992 JLINK_WriteMem(0x90373810, 0xBB0 Bytes, ...)
T1DDC 053:364.012   Data:  6F BA BA 4F 73 2A 04 64 8C A4 98 13 5B 86 4A F3 ...
T1DDC 053:364.040   completely In flash
T1DDC 053:364.060 - 0.065ms returns 0xBB0
T1DDC 053:364.408 JLINK_WriteMem(0x903743C0, 0xBB0 Bytes, ...)
T1DDC 053:364.432   Data:  E2 E8 B0 15 08 58 A3 78 70 14 11 18 44 46 88 69 ...
T1DDC 053:364.460   completely In flash
T1DDC 053:364.488 - 0.080ms returns 0xBB0
T1DDC 053:364.800 JLINK_WriteMem(0x90374F70, 0xBB0 Bytes, ...)
T1DDC 053:364.824   Data:  79 D1 36 A2 9C 7B 22 AD AF 42 11 CA 0E 17 40 83 ...
T1DDC 053:364.848   completely In flash
T1DDC 053:364.872 - 0.072ms returns 0xBB0
T1DDC 053:365.192 JLINK_WriteMem(0x90375B20, 0xBB0 Bytes, ...)
T1DDC 053:365.212   Data:  0B 24 43 D4 1A BA 21 3D C1 53 16 82 19 1C 66 02 ...
T1DDC 053:365.240   completely In flash
T1DDC 053:365.260 - 0.069ms returns 0xBB0
T1DDC 053:365.568 JLINK_WriteMem(0x903766D0, 0xBC0 Bytes, ...)
T1DDC 053:365.588   Data:  5D 85 39 02 A5 E1 01 23 92 0D 42 EF 46 BD 4B A0 ...
T1DDC 053:365.612   completely In flash
T1DDC 053:365.636 - 0.069ms returns 0xBC0
T1DDC 053:365.960 JLINK_WriteMem(0x90377290, 0xBC0 Bytes, ...)
T1DDC 053:365.988   Data:  70 CC 1E A0 61 55 27 05 71 16 F9 86 90 97 97 A8 ...
T1DDC 053:366.016   completely In flash
T1DDC 053:366.040 - 0.080ms returns 0xBC0
T1DDC 053:366.416 JLINK_WriteMem(0x90377E50, 0xBC0 Bytes, ...)
T1DDC 053:366.440   Data:  28 1D 91 CB A4 D4 01 0B DA 98 12 66 99 DA 00 61 ...
T1DDC 053:366.468   completely In flash
T1DDC 053:366.504 - 0.085ms returns 0xBC0
T1DDC 053:366.812 JLINK_WriteMem(0x90378A10, 0xBA0 Bytes, ...)
T1DDC 053:366.836   Data:  EA 86 92 9F 22 6F 40 C5 F2 19 49 56 B9 37 ED 35 ...
T1DDC 053:366.860   completely In flash
T1DDC 053:366.884 - 0.069ms returns 0xBA0
T1DDC 053:367.188 JLINK_WriteMem(0x903795B0, 0xBB0 Bytes, ...)
T1DDC 053:367.208   Data:  E4 C7 13 94 24 EA CB 0C EB 5D 2D 95 8E A4 F7 33 ...
T1DDC 053:367.236   completely In flash
T1DDC 053:367.260 - 0.073ms returns 0xBB0
T1DDC 053:367.552 JLINK_WriteMem(0x9037A160, 0xBB0 Bytes, ...)
T1DDC 053:367.572   Data:  51 05 84 C7 B5 3C 2D 05 4C 1D 67 8F 02 99 8A 46 ...
T1DDC 053:367.592   completely In flash
T1DDC 053:367.616 - 0.064ms returns 0xBB0
T1DDC 053:367.888 JLINK_WriteMem(0x9037AD10, 0xBC0 Bytes, ...)
T1DDC 053:367.908   Data:  DC 6A 54 0F 8C 09 54 70 1F E0 EE 98 F8 FC AC F0 ...
T1DDC 053:367.928   completely In flash
T1DDC 053:367.956 - 0.065ms returns 0xBC0
T1DDC 053:368.252 JLINK_WriteMem(0x9037B8D0, 0xBB0 Bytes, ...)
T1DDC 053:368.272   Data:  13 A2 18 AB A3 32 8E 8C 56 E4 04 8D D4 14 4B 8F ...
T1DDC 053:368.296   completely In flash
T1DDC 053:368.320 - 0.067ms returns 0xBB0
T1DDC 053:368.616 JLINK_WriteMem(0x9037C480, 0xBB0 Bytes, ...)
T1DDC 053:368.632   Data:  FD B4 54 81 D0 7D 28 AD 34 46 C6 03 09 F6 E1 E5 ...
T1DDC 053:368.656   completely In flash
T1DDC 053:368.680 - 0.064ms returns 0xBB0
T1DDC 053:369.040 JLINK_WriteMem(0x9037D030, 0xBB0 Bytes, ...)
T1DDC 053:369.064   Data:  44 6D F1 20 5B 5A 0C 08 96 F5 27 86 56 37 9B 18 ...
T1DDC 053:369.092   completely In flash
T1DDC 053:369.120 - 0.078ms returns 0xBB0
T1DDC 053:369.460 JLINK_WriteMem(0x9037DBE0, 0xBB0 Bytes, ...)
T1DDC 053:369.492   Data:  1D 40 47 14 EC AC 50 62 83 DD 6A DB 35 64 10 1A ...
T1DDC 053:369.516   completely In flash
T1DDC 053:369.540 - 0.078ms returns 0xBB0
T1DDC 053:370.104 JLINK_WriteMem(0x9037E790, 0xBC0 Bytes, ...)
T1DDC 053:370.144   Data:  79 01 BD 3E 4A DE 85 E4 A8 31 42 F4 E7 49 E4 13 ...
T1DDC 053:370.172   completely In flash
T1DDC 053:370.196 - 0.092ms returns 0xBC0
T1DDC 053:370.568 JLINK_WriteMem(0x9037F350, 0xBC0 Bytes, ...)
T1DDC 053:370.596   Data:  7B 4F A9 13 93 18 FD AC E2 E4 02 91 7A 0B 09 8B ...
T1DDC 053:370.624   completely In flash
T1DDC 053:370.648 - 0.077ms returns 0xBC0
T1DDC 053:370.992 JLINK_WriteMem(0x9037FF10, 0xBB0 Bytes, ...)
T1DDC 053:371.012   Data:  A0 36 23 DC 5A 8C 6B 14 A7 B2 80 58 D2 D0 2C 92 ...
T1DDC 053:371.052   completely In flash
T1DDC 053:371.076 - 0.081ms returns 0xBB0
T1DDC 053:372.080 JLINK_WriteMem(0x90380AC0, 0xBC0 Bytes, ...)
T1DDC 053:372.120   Data:  1F F1 19 50 4D AB 9B 48 80 07 CC 80 FA 98 D4 87 ...
T1DDC 053:372.152   completely In flash
T1DDC 053:372.176 - 0.095ms returns 0xBC0
T1DDC 053:372.616 JLINK_WriteMem(0x90381680, 0xBB0 Bytes, ...)
T1DDC 053:372.644   Data:  05 72 C0 C4 26 4E 0B 54 28 AC 34 43 18 0F 51 D7 ...
T1DDC 053:372.668   completely In flash
T1DDC 053:372.692 - 0.077ms returns 0xBB0
T1DDC 053:373.000 JLINK_WriteMem(0x90382230, 0xBB0 Bytes, ...)
T1DDC 053:373.016   Data:  9E A4 C0 FF 04 F2 49 10 81 5F 2E B7 4D 03 3D D0 ...
T1DDC 053:373.040   completely In flash
T1DDC 053:373.064 - 0.064ms returns 0xBB0
T1DDC 053:373.416 JLINK_WriteMem(0x90382DE0, 0xBB0 Bytes, ...)
T1DDC 053:373.448   Data:  F9 1E D4 05 14 42 CE 4A C3 12 0E 30 14 4D 3D 57 ...
T1DDC 053:373.472   completely In flash
T1DDC 053:373.496 - 0.079ms returns 0xBB0
T1DDC 053:373.832 JLINK_WriteMem(0x90383990, 0xBC0 Bytes, ...)
T1DDC 053:373.852   Data:  C1 0E 4F 81 2E 40 04 8A 26 D4 05 9B 54 3A 48 95 ...
T1DDC 053:373.876   completely In flash
T1DDC 053:373.900 - 0.069ms returns 0xBC0
T1DDC 053:374.296 JLINK_WriteMem(0x90384550, 0xBB0 Bytes, ...)
T1DDC 053:374.324   Data:  DA A2 F8 7A 64 76 3D 2D 97 F6 6B 26 42 2C 92 39 ...
T1DDC 053:374.348   completely In flash
T1DDC 053:374.376 - 0.080ms returns 0xBB0
T1DDC 053:375.048 JLINK_WriteMem(0x90385100, 0xBC0 Bytes, ...)
T1DDC 053:375.092   Data:  59 5E 80 01 82 9C 40 6C E5 14 51 99 11 C2 73 70 ...
T1DDC 053:375.144   completely In flash
T1DDC 053:375.168 - 0.119ms returns 0xBC0
T1DDC 053:375.748 JLINK_WriteMem(0x90385CC0, 0xBA0 Bytes, ...)
T1DDC 053:375.800   Data:  6A 9F A7 D4 E7 A5 9D DF 50 E0 A7 93 47 12 00 96 ...
T1DDC 053:375.844   completely In flash
T1DDC 053:375.880 - 0.138ms returns 0xBA0
T1DDC 053:376.384 JLINK_WriteMem(0x90386860, 0xBC0 Bytes, ...)
T1DDC 053:376.424   Data:  57 D0 D7 10 B0 8D 22 54 48 C4 9B 09 C5 6C A3 01 ...
T1DDC 053:376.452   completely In flash
T1DDC 053:376.476 - 0.091ms returns 0xBC0
T1DDC 053:376.936 JLINK_WriteMem(0x90387420, 0xBB0 Bytes, ...)
T1DDC 053:376.972   Data:  A9 DE 8A 30 E0 2C 24 CA AF 61 C2 10 89 0F 5B 0D ...
T1DDC 053:377.000   completely In flash
T1DDC 053:377.040 - 0.106ms returns 0xBB0
T1DDC 053:377.496 JLINK_WriteMem(0x90387FD0, 0xBB0 Bytes, ...)
T1DDC 053:377.544   Data:  52 12 9E FC 19 EB 40 00 42 59 38 E4 F3 E8 20 22 ...
T1DDC 053:377.572   completely In flash
T1DDC 053:377.592 - 0.096ms returns 0xBB0
T1DDC 053:378.148 JLINK_WriteMem(0x90388B80, 0xBB0 Bytes, ...)
T1DDC 053:378.184   Data:  42 0C 2D 56 A2 22 89 DA 08 2A A0 38 51 05 48 00 ...
T1DDC 053:378.212   completely In flash
T1DDC 053:378.236 - 0.087ms returns 0xBB0
T1DDC 053:378.648 JLINK_WriteMem(0x90389730, 0xBB0 Bytes, ...)
T1DDC 053:378.672   Data:  CC 83 CA 5C 48 30 F2 97 8D 00 00 2B B2 01 F7 22 ...
T1DDC 053:378.696   completely In flash
T1DDC 053:378.720 - 0.073ms returns 0xBB0
T1DDC 053:379.100 JLINK_WriteMem(0x9038A2E0, 0xBB0 Bytes, ...)
T1DDC 053:379.128   Data:  98 4B C2 B8 0A 3A E6 B3 23 40 77 54 2A B9 25 63 ...
T1DDC 053:379.152   completely In flash
T1DDC 053:379.176 - 0.075ms returns 0xBB0
T1DDC 053:379.592 JLINK_WriteMem(0x9038AE90, 0xBC0 Bytes, ...)
T1DDC 053:379.640   Data:  B1 97 DF E3 12 08 45 06 91 4F D6 82 D0 74 87 30 ...
T1DDC 053:379.672   completely In flash
T1DDC 053:379.704 - 0.116ms returns 0xBC0
T1DDC 053:380.296 JLINK_WriteMem(0x9038BA50, 0xBB0 Bytes, ...)
T1DDC 053:380.356   Data:  00 F4 90 8F 18 E7 80 58 15 D0 47 6A 71 11 64 DF ...
T1DDC 053:380.388   completely In flash
T1DDC 053:380.412 - 0.118ms returns 0xBB0
T1DDC 053:381.096 JLINK_WriteMem(0x9038C600, 0xBB0 Bytes, ...)
T1DDC 053:381.148   Data:  73 97 D0 29 44 4A 27 9C 76 D7 76 C9 CC 14 40 2A ...
T1DDC 053:381.176   completely In flash
T1DDC 053:381.200 - 0.106ms returns 0xBB0
T1DDC 053:381.672 JLINK_WriteMem(0x9038D1B0, 0xBB0 Bytes, ...)
T1DDC 053:381.716   Data:  77 F2 2D 51 82 67 E2 37 DD 50 14 60 24 9D 9E 95 ...
T1DDC 053:381.748   completely In flash
T1DDC 053:381.776 - 0.103ms returns 0xBB0
T1DDC 053:382.448 JLINK_WriteMem(0x9038DD60, 0xBB0 Bytes, ...)
T1DDC 053:382.528   Data:  F1 84 38 01 A9 CD 42 F2 11 CA A5 B0 01 B2 1C 0E ...
T1DDC 053:382.568   completely In flash
T1DDC 053:382.592 - 0.146ms returns 0xBB0
T1DDC 053:383.092 JLINK_WriteMem(0x9038E910, 0xBB0 Bytes, ...)
T1DDC 053:383.128   Data:  43 27 66 00 1D 1B A5 F4 49 90 9F 40 28 93 28 E1 ...
T1DDC 053:383.160   completely In flash
T1DDC 053:383.184 - 0.091ms returns 0xBB0
T1DDC 053:383.492 JLINK_WriteMem(0x9038F4C0, 0xBC0 Bytes, ...)
T1DDC 053:383.512   Data:  28 C2 5D 1D 52 19 8E 86 4D 69 41 4B 04 65 BC 6B ...
T1DDC 053:383.552   completely In flash
T1DDC 053:383.576 - 0.087ms returns 0xBC0
T1DDC 053:383.916 JLINK_WriteMem(0x90390080, 0xBB0 Bytes, ...)
T1DDC 053:383.964   Data:  DD C4 50 85 F7 48 1B 45 AE 38 67 55 D8 62 4B 64 ...
T1DDC 053:383.992   completely In flash
T1DDC 053:384.016 - 0.099ms returns 0xBB0
T1DDC 053:384.456 JLINK_WriteMem(0x90390C30, 0xBA0 Bytes, ...)
T1DDC 053:384.488   Data:  16 06 60 D5 24 32 4F 20 BA 01 42 24 19 D7 00 98 ...
T1DDC 053:384.512   completely In flash
T1DDC 053:384.536 - 0.082ms returns 0xBA0
T1DDC 053:384.872 JLINK_WriteMem(0x903917D0, 0xBB0 Bytes, ...)
T1DDC 053:384.892   Data:  E0 E7 D6 4D B4 87 58 43 05 19 1B 33 62 B3 82 0E ...
T1DDC 053:384.916   completely In flash
T1DDC 053:384.936 - 0.064ms returns 0xBB0
T1DDC 053:385.268 JLINK_WriteMem(0x90392380, 0xBA0 Bytes, ...)
T1DDC 053:385.296   Data:  FF 02 41 A4 E0 7D E9 A6 F8 2E 9F 0C C0 52 10 DD ...
T1DDC 053:385.332   completely In flash
T1DDC 053:385.352 - 0.087ms returns 0xBA0
T1DDC 053:385.704 JLINK_WriteMem(0x90392F20, 0xBB0 Bytes, ...)
T1DDC 053:385.736   Data:  45 A0 FA 30 46 BC CA B6 B2 80 D3 32 94 51 D7 10 ...
T1DDC 053:385.760   completely In flash
T1DDC 053:385.784 - 0.076ms returns 0xBB0
T1DDC 053:386.120 JLINK_WriteMem(0x90393AD0, 0xBC0 Bytes, ...)
T1DDC 053:386.140   Data:  F9 9C 73 19 46 89 72 1D 34 5A 08 9D 32 E6 8E AF ...
T1DDC 053:386.168   completely In flash
T1DDC 053:386.188 - 0.070ms returns 0xBC0
T1DDC 053:386.504 JLINK_WriteMem(0x90394690, 0xBC0 Bytes, ...)
T1DDC 053:386.528   Data:  1C EF 6D 2E 9C 69 27 0C B2 8E 5A EF 05 E1 C9 B0 ...
T1DDC 053:386.552   completely In flash
T1DDC 053:386.576 - 0.074ms returns 0xBC0
T1DDC 053:386.876 JLINK_WriteMem(0x90395250, 0xBB0 Bytes, ...)
T1DDC 053:386.900   Data:  79 6E 87 DF 85 F4 8B 98 42 44 86 40 BF AE CE 7B ...
T1DDC 053:386.920   completely In flash
T1DDC 053:386.944 - 0.068ms returns 0xBB0
T1DDC 053:387.240 JLINK_WriteMem(0x90395E00, 0xBC0 Bytes, ...)
T1DDC 053:387.256   Data:  F9 01 50 74 7C AF 5B E4 AA 06 C5 04 36 19 04 8B ...
T1DDC 053:387.284   completely In flash
T1DDC 053:387.304 - 0.068ms returns 0xBC0
T1DDC 053:387.616 JLINK_WriteMem(0x903969C0, 0xBA0 Bytes, ...)
T1DDC 053:387.636   Data:  80 7A 3B E2 A1 BB E2 91 6C 59 AB 83 AE 5A 9A AB ...
T1DDC 053:387.656   completely In flash
T1DDC 053:387.680 - 0.066ms returns 0xBA0
T1DDC 053:387.976 JLINK_WriteMem(0x90397560, 0xBA0 Bytes, ...)
T1DDC 053:388.000   Data:  F7 D7 FC 2E 6C F7 21 66 06 05 E9 48 46 A9 12 96 ...
T1DDC 053:388.024   completely In flash
T1DDC 053:388.052 - 0.072ms returns 0xBA0
T1DDC 053:388.360 JLINK_WriteMem(0x90398100, 0xBB0 Bytes, ...)
T1DDC 053:388.376   Data:  8F F1 13 50 F4 12 D3 C6 10 DF 1F 73 B5 00 B0 24 ...
T1DDC 053:388.404   completely In flash
T1DDC 053:388.424 - 0.068ms returns 0xBB0
T1DDC 053:388.728 JLINK_WriteMem(0x90398CB0, 0xBB0 Bytes, ...)
T1DDC 053:388.752   Data:  34 03 8B A9 D8 98 80 4C 25 D0 31 41 43 0E 52 FE ...
T1DDC 053:388.776   completely In flash
T1DDC 053:388.800 - 0.070ms returns 0xBB0
T1DDC 053:389.108 JLINK_WriteMem(0x90399860, 0xBB0 Bytes, ...)
T1DDC 053:389.128   Data:  61 73 00 45 6E 8E 0B 96 3B D4 8B 22 A1 2B 5B 3A ...
T1DDC 053:389.148   completely In flash
T1DDC 053:389.172 - 0.063ms returns 0xBB0
T1DDC 053:389.500 JLINK_WriteMem(0x9039A410, 0xBC0 Bytes, ...)
T1DDC 053:389.528   Data:  A6 B9 75 8B 88 B8 16 B4 21 BB 4F 8F 52 A0 0D 00 ...
T1DDC 053:389.556   completely In flash
T1DDC 053:389.576 - 0.076ms returns 0xBC0
T1DDC 053:389.908 JLINK_WriteMem(0x9039AFD0, 0xBB0 Bytes, ...)
T1DDC 053:389.932   Data:  A2 62 C0 A4 53 72 4B F2 C3 08 EC E8 1F D8 68 08 ...
T1DDC 053:389.956   completely In flash
T1DDC 053:389.976 - 0.069ms returns 0xBB0
T1DDC 053:390.280 JLINK_WriteMem(0x9039BB80, 0xBB0 Bytes, ...)
T1DDC 053:390.300   Data:  8A 96 5D 25 7C E7 48 D1 02 9B 24 72 08 DA F9 24 ...
T1DDC 053:390.324   completely In flash
T1DDC 053:390.344 - 0.064ms returns 0xBB0
T1DDC 053:390.660 JLINK_WriteMem(0x9039C730, 0xBC0 Bytes, ...)
T1DDC 053:390.680   Data:  DA CB 7C 0D 4F A5 1B D2 79 3E A9 E5 40 32 BE 20 ...
T1DDC 053:390.704   completely In flash
T1DDC 053:390.728 - 0.070ms returns 0xBC0
T1DDC 053:391.216 JLINK_WriteMem(0x9039D2F0, 0xBB0 Bytes, ...)
T1DDC 053:391.256   Data:  D3 7D 3A F5 49 39 31 7E A1 7C 4E E5 47 2D 11 E0 ...
T1DDC 053:391.284   completely In flash
T1DDC 053:391.304 - 0.090ms returns 0xBB0
T1DDC 053:391.864 JLINK_WriteMem(0x9039DEA0, 0xBC0 Bytes, ...)
T1DDC 053:391.920   Data:  E8 81 66 03 95 2E AE C9 A5 CB 8B 5B 54 0B 6F BC ...
T1DDC 053:391.964   completely In flash
T1DDC 053:392.004 - 0.138ms returns 0xBC0
T1DDC 053:392.520 JLINK_WriteMem(0x9039EA60, 0xBC0 Bytes, ...)
T1DDC 053:392.552   Data:  EE 8D 03 95 37 4A EE A2 D8 A9 0B EC 32 17 0C 55 ...
T1DDC 053:392.580   completely In flash
T1DDC 053:392.600 - 0.081ms returns 0xBC0
T1DDC 053:392.984 JLINK_WriteMem(0x9039F620, 0xBB0 Bytes, ...)
T1DDC 053:393.004   Data:  DD 12 89 F4 A1 08 02 B1 D7 83 85 46 1F 1E 89 9C ...
T1DDC 053:393.060   completely In flash
T1DDC 053:393.080 - 0.100ms returns 0xBB0
T1DDC 053:393.552 JLINK_WriteMem(0x903A01D0, 0xBC0 Bytes, ...)
T1DDC 053:393.596   Data:  E7 A0 4F 34 62 27 FA 35 C3 E6 B8 00 92 73 FB 10 ...
T1DDC 053:393.624   completely In flash
T1DDC 053:393.648 - 0.095ms returns 0xBC0
T1DDC 053:394.076 JLINK_WriteMem(0x903A0D90, 0xBB0 Bytes, ...)
T1DDC 053:394.116   Data:  83 62 F6 E6 82 58 D3 CD D6 A6 8B 37 40 19 F9 79 ...
T1DDC 053:394.144   completely In flash
T1DDC 053:394.168 - 0.094ms returns 0xBB0
T1DDC 053:394.652 JLINK_WriteMem(0x903A1940, 0xBB0 Bytes, ...)
T1DDC 053:394.700   Data:  19 41 52 93 4C 1D 69 C1 DB 83 22 EC 01 45 04 08 ...
T1DDC 053:394.732   completely In flash
T1DDC 053:394.760 - 0.107ms returns 0xBB0
T1DDC 053:395.140 JLINK_WriteMem(0x903A24F0, 0xBB0 Bytes, ...)
T1DDC 053:395.164   Data:  24 EC B0 D0 5F A1 76 47 70 08 F8 B2 60 60 B4 EB ...
T1DDC 053:395.192   completely In flash
T1DDC 053:395.216 - 0.077ms returns 0xBB0
T1DDC 053:395.612 JLINK_WriteMem(0x903A30A0, 0xBB0 Bytes, ...)
T1DDC 053:395.644   Data:  6F EB 0D 24 8D 06 99 40 CE AD BB 94 84 07 8A 59 ...
T1DDC 053:395.672   completely In flash
T1DDC 053:395.692 - 0.081ms returns 0xBB0
T1DDC 053:396.072 JLINK_WriteMem(0x903A3C50, 0xBB0 Bytes, ...)
T1DDC 053:396.104   Data:  CE 20 E2 DA 37 38 19 9F 8E 37 3C A0 F8 C4 17 1D ...
T1DDC 053:396.132   completely In flash
T1DDC 053:396.160 - 0.089ms returns 0xBB0
T1DDC 053:396.540 JLINK_WriteMem(0x903A4800, 0xBB0 Bytes, ...)
T1DDC 053:396.580   Data:  A9 4E 86 F8 4A 8B 60 DB 70 B3 9B 0E 7C 89 40 D6 ...
T1DDC 053:396.608   completely In flash
T1DDC 053:396.632 - 0.093ms returns 0xBB0
T1DDC 053:397.020 JLINK_WriteMem(0x903A53B0, 0xBC0 Bytes, ...)
T1DDC 053:397.044   Data:  25 56 6E 88 93 70 81 48 2E 03 34 5D 0F 00 0D 95 ...
T1DDC 053:397.068   completely In flash
T1DDC 053:397.096 - 0.071ms returns 0xBC0
T1DDC 053:397.928 JLINK_WriteMem(0x903A5F70, 0xBC0 Bytes, ...)
T1DDC 053:397.956   Data:  60 0B D1 B4 D9 0D 3C 85 50 72 CB DB F0 1D 50 2B ...
T1DDC 053:397.980   completely In flash
T1DDC 053:398.004 - 0.072ms returns 0xBC0
T1DDC 053:398.356 JLINK_WriteMem(0x903A6B30, 0xBB0 Bytes, ...)
T1DDC 053:398.380   Data:  B5 2C 88 C9 88 65 8C 86 EB B5 EA 05 31 10 F8 45 ...
T1DDC 053:398.408   completely In flash
T1DDC 053:398.428 - 0.073ms returns 0xBB0
T1DDC 053:398.748 JLINK_WriteMem(0x903A76E0, 0xBB0 Bytes, ...)
T1DDC 053:398.780   Data:  2E 6B 2B A1 22 81 E8 05 55 24 08 25 2A 49 FF 29 ...
T1DDC 053:398.808   completely In flash
T1DDC 053:398.832 - 0.085ms returns 0xBB0
T1DDC 053:399.192 JLINK_WriteMem(0x903A8290, 0xBB0 Bytes, ...)
T1DDC 053:399.212   Data:  34 93 11 75 17 23 A0 9E 0B F5 C3 6D 05 95 96 E2 ...
T1DDC 053:399.240   completely In flash
T1DDC 053:399.264 - 0.074ms returns 0xBB0
T1DDC 053:399.592 JLINK_WriteMem(0x903A8E40, 0xBB0 Bytes, ...)
T1DDC 053:399.620   Data:  3D 2D 93 88 FA 6D DA 06 1A 59 4D 4E 2A AE E8 F5 ...
T1DDC 053:399.644   completely In flash
T1DDC 053:399.668 - 0.078ms returns 0xBB0
T1DDC 053:399.968 JLINK_WriteMem(0x903A99F0, 0xBB0 Bytes, ...)
T1DDC 053:399.992   Data:  56 23 68 78 A5 A2 41 5A 28 03 6E 7F CC 14 07 C5 ...
T1DDC 053:400.012   completely In flash
T1DDC 053:400.040 - 0.068ms returns 0xBB0
T1DDC 053:400.412 JLINK_WriteMem(0x903AA5A0, 0xBC0 Bytes, ...)
T1DDC 053:400.436   Data:  00 B8 44 1C 69 7D 1C 36 6B 8D 42 07 DD DA 72 CF ...
T1DDC 053:400.460   completely In flash
T1DDC 053:400.484 - 0.071ms returns 0xBC0
T1DDC 053:400.816 JLINK_WriteMem(0x903AB160, 0xBB0 Bytes, ...)
T1DDC 053:400.840   Data:  8C 24 21 09 C8 BB BC 64 9E 45 72 12 03 D1 BC F0 ...
T1DDC 053:400.868   completely In flash
T1DDC 053:400.888 - 0.075ms returns 0xBB0
T1DDC 053:401.204 JLINK_WriteMem(0x903ABD10, 0xBB0 Bytes, ...)
T1DDC 053:401.224   Data:  40 B2 04 05 76 8C 56 94 E8 9A 46 8E 11 00 68 19 ...
T1DDC 053:401.252   completely In flash
T1DDC 053:401.276 - 0.073ms returns 0xBB0
T1DDC 053:401.580 JLINK_WriteMem(0x903AC8C0, 0xBA0 Bytes, ...)
T1DDC 053:401.604   Data:  0B AC 5D 00 8D 57 31 2A 81 08 F6 2A E0 5A 56 17 ...
T1DDC 053:401.640   completely In flash
T1DDC 053:401.660 - 0.080ms returns 0xBA0
T1DDC 053:402.008 JLINK_WriteMem(0x903AD460, 0xBA0 Bytes, ...)
T1DDC 053:402.028   Data:  53 3B 56 C5 3C 02 85 67 4B 13 5B 22 40 5B 22 F2 ...
T1DDC 053:402.056   completely In flash
T1DDC 053:402.076 - 0.066ms returns 0xBA0
T1DDC 053:402.468 JLINK_WriteMem(0x903AE000, 0xBC0 Bytes, ...)
T1DDC 053:402.500   Data:  F1 88 87 96 9E 63 57 8C C2 E0 47 48 56 1C E8 D0 ...
T1DDC 053:402.524   completely In flash
T1DDC 053:402.552 - 0.082ms returns 0xBC0
T1DDC 053:402.872 JLINK_WriteMem(0x903AEBC0, 0xBB0 Bytes, ...)
T1DDC 053:402.896   Data:  04 BA 20 9E B1 49 00 63 A8 E5 23 75 7C 1C A1 2B ...
T1DDC 053:402.920   completely In flash
T1DDC 053:402.940 - 0.071ms returns 0xBB0
T1DDC 053:403.252 JLINK_WriteMem(0x903AF770, 0xBC0 Bytes, ...)
T1DDC 053:403.276   Data:  07 14 1B 47 41 9F 34 91 07 80 08 C6 09 D2 A6 70 ...
T1DDC 053:403.320   completely In flash
T1DDC 053:403.340 - 0.091ms returns 0xBC0
T1DDC 053:403.672 JLINK_WriteMem(0x903B0330, 0xBB0 Bytes, ...)
T1DDC 053:403.692   Data:  5D 67 00 91 42 00 0E 0C 51 17 D4 5C 17 AD 24 55 ...
T1DDC 053:403.720   completely In flash
T1DDC 053:403.740 - 0.070ms returns 0xBB0
T1DDC 053:404.056 JLINK_WriteMem(0x903B0EE0, 0xBC0 Bytes, ...)
T1DDC 053:404.080   Data:  6D 45 D9 AB 83 D1 06 E6 22 50 E8 B9 21 95 0E F9 ...
T1DDC 053:404.124   completely In flash
T1DDC 053:404.148 - 0.091ms returns 0xBC0
T1DDC 053:404.460 JLINK_WriteMem(0x903B1AA0, 0xBB0 Bytes, ...)
T1DDC 053:404.488   Data:  E1 81 C9 10 38 28 87 54 54 FD 0B 26 51 1A CE 4E ...
T1DDC 053:404.512   completely In flash
T1DDC 053:404.536 - 0.072ms returns 0xBB0
T1DDC 053:404.808 JLINK_WriteMem(0x903B2650, 0xBB0 Bytes, ...)
T1DDC 053:404.824   Data:  08 54 79 77 72 0E 30 28 D6 85 02 A1 74 32 32 E8 ...
T1DDC 053:404.848   completely In flash
T1DDC 053:404.872 - 0.067ms returns 0xBB0
T1DDC 053:405.192 JLINK_WriteMem(0x903B3200, 0xBB0 Bytes, ...)
T1DDC 053:405.220   Data:  D7 4C 50 01 97 42 A4 EA 25 02 F1 CE C3 F4 26 D5 ...
T1DDC 053:405.244   completely In flash
T1DDC 053:405.268 - 0.073ms returns 0xBB0
T1DDC 053:405.568 JLINK_WriteMem(0x903B3DB0, 0xBB0 Bytes, ...)
T1DDC 053:405.588   Data:  18 5A A5 92 C5 99 71 0B 20 2F 60 92 89 52 6C 9A ...
T1DDC 053:405.612   completely In flash
T1DDC 053:405.636 - 0.068ms returns 0xBB0
T1DDC 053:405.928 JLINK_WriteMem(0x903B4960, 0xBB0 Bytes, ...)
T1DDC 053:405.944   Data:  4B 1A CD DB 04 BB 40 1A 11 0B D5 28 E7 43 E1 98 ...
T1DDC 053:405.968   completely In flash
T1DDC 053:405.992 - 0.067ms returns 0xBB0
T1DDC 053:406.296 JLINK_WriteMem(0x903B5510, 0xBB0 Bytes, ...)
T1DDC 053:406.320   Data:  2C 50 A3 5C 85 2A D0 D9 79 5B 29 F2 88 92 BD B8 ...
T1DDC 053:406.344   completely In flash
T1DDC 053:406.364 - 0.065ms returns 0xBB0
T1DDC 053:406.672 JLINK_WriteMem(0x903B60C0, 0xBB0 Bytes, ...)
T1DDC 053:406.696   Data:  9A 40 6D CC 57 01 47 34 6A 0E 58 25 A4 FC A9 6C ...
T1DDC 053:406.720   completely In flash
T1DDC 053:406.744 - 0.071ms returns 0xBB0
T1DDC 053:407.040 JLINK_WriteMem(0x903B6C70, 0xBB0 Bytes, ...)
T1DDC 053:407.056   Data:  F9 01 A0 FB EA 33 5F 80 14 FA C0 A5 22 4A 9B 3F ...
T1DDC 053:407.080   completely In flash
T1DDC 053:407.100 - 0.063ms returns 0xBB0
T1DDC 053:407.524 JLINK_WriteMem(0x903B7820, 0xBC0 Bytes, ...)
T1DDC 053:407.572   Data:  A3 64 F0 A2 C3 B3 30 2E A5 C5 86 B4 86 14 A3 02 ...
T1DDC 053:407.632   completely In flash
T1DDC 053:407.664 - 0.143ms returns 0xBC0
T1DDC 053:408.240 JLINK_WriteMem(0x903B83E0, 0xBB0 Bytes, ...)
T1DDC 053:408.264   Data:  8C 30 BB 2C 75 80 6A 2E F1 20 B4 7C 2D 81 2F 01 ...
T1DDC 053:408.292   completely In flash
T1DDC 053:408.312 - 0.074ms returns 0xBB0
T1DDC 053:408.696 JLINK_WriteMem(0x903B8F90, 0xBB0 Bytes, ...)
T1DDC 053:408.716   Data:  4F BB 52 28 09 FC 79 BC 12 B5 81 29 21 B0 48 46 ...
T1DDC 053:408.744   completely In flash
T1DDC 053:408.760 - 0.066ms returns 0xBB0
T1DDC 053:409.128 JLINK_WriteMem(0x903B9B40, 0xBC0 Bytes, ...)
T1DDC 053:409.148   Data:  F0 43 82 EE 14 14 CB 1B 66 CA 93 21 71 9B 96 70 ...
T1DDC 053:409.184   completely In flash
T1DDC 053:409.208 - 0.081ms returns 0xBC0
T1DDC 053:409.800 JLINK_WriteMem(0x903BA700, 0xBB0 Bytes, ...)
T1DDC 053:409.836   Data:  4F 03 3A B5 5D 05 75 85 6E 24 8E 39 A8 00 9D 6E ...
T1DDC 053:409.864   completely In flash
T1DDC 053:409.892 - 0.090ms returns 0xBB0
T1DDC 053:410.308 JLINK_WriteMem(0x903BB2B0, 0xBB0 Bytes, ...)
T1DDC 053:410.348   Data:  50 57 40 9F 57 A0 EC 82 AB 91 84 70 F8 3C 00 B4 ...
T1DDC 053:410.376   completely In flash
T1DDC 053:410.400 - 0.093ms returns 0xBB0
T1DDC 053:410.860 JLINK_WriteMem(0x903BBE60, 0xBC0 Bytes, ...)
T1DDC 053:410.912   Data:  20 F9 50 00 92 01 9D 05 53 A4 8F 02 60 11 A4 0B ...
T1DDC 053:410.940   completely In flash
T1DDC 053:410.964 - 0.105ms returns 0xBC0
T1DDC 053:411.408 JLINK_WriteMem(0x903BCA20, 0xBB0 Bytes, ...)
T1DDC 053:411.444   Data:  A3 04 96 0C 51 0A 61 CB 4B 04 D0 8C 2B 00 66 62 ...
T1DDC 053:411.480   completely In flash
T1DDC 053:411.512 - 0.102ms returns 0xBB0
T1DDC 053:412.044 JLINK_WriteMem(0x903BD5D0, 0xBC0 Bytes, ...)
T1DDC 053:412.076   Data:  87 20 11 F3 02 AC E8 17 B5 22 40 26 5A 3E 52 09 ...
T1DDC 053:412.112   completely In flash
T1DDC 053:412.136 - 0.092ms returns 0xBC0
T1DDC 053:412.568 JLINK_WriteMem(0x903BE190, 0xBC0 Bytes, ...)
T1DDC 053:412.600   Data:  A9 2A F3 FF DB B6 02 52 17 A3 3B 2F F1 D6 B3 8D ...
T1DDC 053:412.628   completely In flash
T1DDC 053:412.652 - 0.082ms returns 0xBC0
T1DDC 053:412.992 JLINK_WriteMem(0x903BED50, 0xBB0 Bytes, ...)
T1DDC 053:413.012   Data:  46 B8 16 20 7A 74 FE 10 E2 BB 0A 42 93 98 82 EA ...
T1DDC 053:413.036   completely In flash
T1DDC 053:413.060 - 0.066ms returns 0xBB0
T1DDC 053:413.408 JLINK_WriteMem(0x903BF900, 0xBB0 Bytes, ...)
T1DDC 053:413.436   Data:  AE A0 07 53 B0 F9 DB 59 08 B4 40 BE 02 A4 14 04 ...
T1DDC 053:413.472   completely In flash
T1DDC 053:413.496 - 0.090ms returns 0xBB0
T1DDC 053:413.816 JLINK_WriteMem(0x903C04B0, 0xBC0 Bytes, ...)
T1DDC 053:413.836   Data:  81 4C 54 FF 9E 22 06 EE 43 96 42 2E 26 17 11 50 ...
T1DDC 053:413.864   completely In flash
T1DDC 053:413.892 - 0.072ms returns 0xBC0
T1DDC 053:414.296 JLINK_WriteMem(0x903C1070, 0xBB0 Bytes, ...)
T1DDC 053:414.324   Data:  AE 4A B0 D1 65 88 8D 1D 88 7B E8 0D B2 8D 45 19 ...
T1DDC 053:414.348   completely In flash
T1DDC 053:414.372 - 0.075ms returns 0xBB0
T1DDC 053:414.696 JLINK_WriteMem(0x903C1C20, 0xBB0 Bytes, ...)
T1DDC 053:414.720   Data:  5C 6A B5 8D 40 35 AA 82 BB C0 E5 92 00 5B 47 6D ...
T1DDC 053:414.748   completely In flash
T1DDC 053:414.772 - 0.078ms returns 0xBB0
T1DDC 053:415.080 JLINK_WriteMem(0x903C27D0, 0xBC0 Bytes, ...)
T1DDC 053:415.108   Data:  24 2C 62 02 20 CA 2F F9 84 5A 13 A8 A7 65 B4 2A ...
T1DDC 053:415.144   completely In flash
T1DDC 053:415.164 - 0.083ms returns 0xBC0
T1DDC 053:415.484 JLINK_WriteMem(0x903C3390, 0xBB0 Bytes, ...)
T1DDC 053:415.508   Data:  1F BD 41 40 2E 22 BE 60 0A 2B CF D2 C2 62 39 58 ...
T1DDC 053:415.528   completely In flash
T1DDC 053:415.552 - 0.068ms returns 0xBB0
T1DDC 053:415.872 JLINK_WriteMem(0x903C3F40, 0xBB0 Bytes, ...)
T1DDC 053:415.896   Data:  E5 AD 58 A6 79 00 AB 5C C0 35 6B 64 2E 37 05 FC ...
T1DDC 053:415.924   completely In flash
T1DDC 053:415.944 - 0.074ms returns 0xBB0
T1DDC 053:416.276 JLINK_WriteMem(0x903C4AF0, 0xBB0 Bytes, ...)
T1DDC 053:416.304   Data:  4C C8 E9 1C B6 C4 E0 30 5D AA 88 DE 36 8F 40 47 ...
T1DDC 053:416.340   completely In flash
T1DDC 053:416.368 - 0.093ms returns 0xBB0
T1DDC 053:416.728 JLINK_WriteMem(0x903C56A0, 0xBB0 Bytes, ...)
T1DDC 053:416.748   Data:  55 E7 8E 30 41 B3 5F EC 52 20 EC 32 B4 FA F7 2F ...
T1DDC 053:416.776   completely In flash
T1DDC 053:416.796 - 0.071ms returns 0xBB0
T1DDC 053:417.176 JLINK_WriteMem(0x903C6250, 0xBB0 Bytes, ...)
T1DDC 053:417.212   Data:  28 89 24 5F F2 44 07 56 5B 80 D3 26 05 40 CB 08 ...
T1DDC 053:417.240   completely In flash
T1DDC 053:417.268 - 0.091ms returns 0xBB0
T1DDC 053:417.608 JLINK_WriteMem(0x903C6E00, 0xBC0 Bytes, ...)
T1DDC 053:417.636   Data:  65 1D 29 B4 38 06 19 9C 79 55 84 FF 92 A5 A1 0F ...
T1DDC 053:417.740   completely In flash
T1DDC 053:417.768 - 0.159ms returns 0xBC0
T1DDC 053:418.116 JLINK_WriteMem(0x903C79C0, 0xBC0 Bytes, ...)
T1DDC 053:418.136   Data:  2A 02 C2 2E 2E 9A 38 A2 6F D4 D0 EE B9 DC 81 E4 ...
T1DDC 053:419.816   completely In flash
T1DDC 053:419.856 - 1.740ms returns 0xBC0
T1DDC 053:420.264 JLINK_WriteMem(0x903C8580, 0xBC0 Bytes, ...)
T1DDC 053:420.288   Data:  73 99 E8 24 F9 A1 EA 93 33 4C 74 F4 6F 51 C5 92 ...
T1DDC 053:420.312   completely In flash
T1DDC 053:420.336 - 0.073ms returns 0xBC0
T1DDC 053:420.776 JLINK_WriteMem(0x903C9140, 0xBB0 Bytes, ...)
T1DDC 053:420.800   Data:  98 9D A5 70 37 BA 26 34 D7 3E 1C D6 8A 34 AF 80 ...
T1DDC 053:420.824   completely In flash
T1DDC 053:420.848 - 0.072ms returns 0xBB0
T1DDC 053:421.192 JLINK_WriteMem(0x903C9CF0, 0xBB0 Bytes, ...)
T1DDC 053:421.236   Data:  4D D2 6F 31 4D 7F 63 E4 5D 04 42 A4 87 BC 7B 10 ...
T1DDC 053:421.268   completely In flash
T1DDC 053:421.292 - 0.100ms returns 0xBB0
T1DDC 053:421.636 JLINK_WriteMem(0x903CA8A0, 0xBB0 Bytes, ...)
T1DDC 053:421.660   Data:  E8 40 F1 12 AF 16 61 03 04 07 3B 94 18 86 98 67 ...
T1DDC 053:421.688   completely In flash
T1DDC 053:421.708 - 0.075ms returns 0xBB0
T1DDC 053:422.088 JLINK_WriteMem(0x903CB450, 0xBB0 Bytes, ...)
T1DDC 053:422.112   Data:  00 B8 C5 28 29 3F 06 B2 46 13 E2 D1 2E C6 FD 2A ...
T1DDC 053:422.136   completely In flash
T1DDC 053:422.160 - 0.073ms returns 0xBB0
T1DDC 053:423.132 JLINK_WriteMem(0x903CC000, 0xBB0 Bytes, ...)
T1DDC 053:423.168   Data:  32 51 5A F7 00 00 D0 FB ED 6D 81 0C 76 81 16 03 ...
T1DDC 053:423.196   completely In flash
T1DDC 053:423.224 - 0.089ms returns 0xBB0
T1DDC 053:423.596 JLINK_WriteMem(0x903CCBB0, 0xBC0 Bytes, ...)
T1DDC 053:423.628   Data:  A2 60 50 3B C3 8D 6E 6C 08 19 B5 81 9F FD D8 49 ...
T1DDC 053:423.656   completely In flash
T1DDC 053:423.676 - 0.080ms returns 0xBC0
T1DDC 053:424.008 JLINK_WriteMem(0x903CD770, 0xBB0 Bytes, ...)
T1DDC 053:424.032   Data:  E9 5C C4 C9 40 AF 28 76 55 52 2E 04 8E 80 9B 07 ...
T1DDC 053:424.056   completely In flash
T1DDC 053:424.088 - 0.079ms returns 0xBB0
T1DDC 053:424.724 JLINK_WriteMem(0x903CE320, 0xBC0 Bytes, ...)
T1DDC 053:424.784   Data:  01 3B 80 F7 D3 F2 41 D0 62 04 D0 0D BF 99 42 EC ...
T1DDC 053:424.828   completely In flash
T1DDC 053:424.864 - 0.142ms returns 0xBC0
T1DDC 053:425.384 JLINK_WriteMem(0x903CEEE0, 0xBC0 Bytes, ...)
T1DDC 053:425.432   Data:  A9 24 EF 2B 32 4E C6 54 B4 9D 46 7A 16 4E AC 69 ...
T1DDC 053:425.456   completely In flash
T1DDC 053:425.480 - 0.095ms returns 0xBC0
T1DDC 053:425.932 JLINK_WriteMem(0x903CFAA0, 0xBC0 Bytes, ...)
T1DDC 053:425.960   Data:  61 BD 60 21 FC 75 DF 41 CD 27 18 10 65 79 63 C0 ...
T1DDC 053:425.988   completely In flash
T1DDC 053:426.012 - 0.079ms returns 0xBC0
T1DDC 053:426.376 JLINK_WriteMem(0x903D0660, 0xBB0 Bytes, ...)
T1DDC 053:426.400   Data:  66 17 4E 71 49 44 28 BE 46 93 8B 69 CB 63 94 7E ...
T1DDC 053:426.424   completely In flash
T1DDC 053:426.452 - 0.072ms returns 0xBB0
T1DDC 053:426.840 JLINK_WriteMem(0x903D1210, 0xBC0 Bytes, ...)
T1DDC 053:426.872   Data:  DB 1D 22 20 4E 82 DA CE A9 69 45 01 80 5A 8C AE ...
T1DDC 053:426.896   completely In flash
T1DDC 053:426.920 - 0.076ms returns 0xBC0
T1DDC 053:427.316 JLINK_WriteMem(0x903D1DD0, 0xBC0 Bytes, ...)
T1DDC 053:427.348   Data:  99 D8 1D 68 4B 34 40 D9 CC 15 30 E7 B7 A1 C0 57 ...
T1DDC 053:427.372   completely In flash
T1DDC 053:427.400 - 0.083ms returns 0xBC0
T1DDC 053:427.856 JLINK_WriteMem(0x903D2990, 0xBA0 Bytes, ...)
T1DDC 053:427.904   Data:  B4 D6 C8 D3 93 10 21 2E A0 EF E1 61 2C 22 44 60 ...
T1DDC 053:427.932   completely In flash
T1DDC 053:427.956 - 0.100ms returns 0xBA0
T1DDC 053:428.364 JLINK_WriteMem(0x903D3530, 0xBA0 Bytes, ...)
T1DDC 053:428.404   Data:  7D BE 42 22 00 11 8E 46 15 D9 88 97 82 BF B0 E2 ...
T1DDC 053:428.432   completely In flash
T1DDC 053:428.456 - 0.090ms returns 0xBA0
T1DDC 053:428.776 JLINK_WriteMem(0x903D40D0, 0xBB0 Bytes, ...)
T1DDC 053:428.800   Data:  40 20 D0 90 0B 87 99 A2 31 D0 3D E6 B1 62 94 89 ...
T1DDC 053:428.840   completely In flash
T1DDC 053:428.860 - 0.085ms returns 0xBB0
T1DDC 053:429.272 JLINK_WriteMem(0x903D4C80, 0xBB0 Bytes, ...)
T1DDC 053:429.304   Data:  47 BE 21 4C F6 B0 6A 0A 73 17 08 86 29 E5 98 58 ...
T1DDC 053:429.332   completely In flash
T1DDC 053:429.352 - 0.078ms returns 0xBB0
T1DDC 053:429.684 JLINK_WriteMem(0x903D5830, 0xBB0 Bytes, ...)
T1DDC 053:429.720   Data:  D7 C7 CD DF 8C 01 90 8D 13 BA CE DE 81 02 D6 B9 ...
T1DDC 053:429.748   completely In flash
T1DDC 053:429.772 - 0.088ms returns 0xBB0
T1DDC 053:430.108 JLINK_WriteMem(0x903D63E0, 0xBB0 Bytes, ...)
T1DDC 053:430.136   Data:  53 9D 29 27 E6 09 57 50 4E CE 3A 2B C9 09 02 E9 ...
T1DDC 053:430.160   completely In flash
T1DDC 053:430.184 - 0.073ms returns 0xBB0
T1DDC 053:430.532 JLINK_WriteMem(0x903D6F90, 0xBB0 Bytes, ...)
T1DDC 053:430.556   Data:  0F F4 AE 1E 41 A7 8D 44 0F 81 95 44 15 0A DD 35 ...
T1DDC 053:430.584   completely In flash
T1DDC 053:430.608 - 0.076ms returns 0xBB0
T1DDC 053:430.920 JLINK_WriteMem(0x903D7B40, 0xBB0 Bytes, ...)
T1DDC 053:430.944   Data:  6A E4 94 1F 03 6F 6F 1D DB 00 6B 82 9F 16 F9 4A ...
T1DDC 053:430.984   completely In flash
T1DDC 053:431.012 - 0.092ms returns 0xBB0
T1DDC 053:431.352 JLINK_WriteMem(0x903D86F0, 0xBB0 Bytes, ...)
T1DDC 053:431.380   Data:  C1 C9 5A 47 D5 37 41 37 49 7C 29 BD 2A 7F 1D 19 ...
T1DDC 053:431.404   completely In flash
T1DDC 053:431.432 - 0.080ms returns 0xBB0
T1DDC 053:431.800 JLINK_WriteMem(0x903D92A0, 0xBB0 Bytes, ...)
T1DDC 053:431.832   Data:  A3 30 20 AA 15 F0 A5 C1 FC 1C 0B 35 A4 5E 24 0B ...
T1DDC 053:431.860   completely In flash
T1DDC 053:431.884 - 0.086ms returns 0xBB0
T1DDC 053:432.260 JLINK_WriteMem(0x903D9E50, 0xBB0 Bytes, ...)
T1DDC 053:432.280   Data:  45 18 7E 93 E8 8B 21 8E FA 5F 62 20 5E DC 39 DE ...
T1DDC 053:432.304   completely In flash
T1DDC 053:432.328 - 0.068ms returns 0xBB0
T1DDC 053:432.712 JLINK_WriteMem(0x903DAA00, 0xBB0 Bytes, ...)
T1DDC 053:432.744   Data:  92 16 46 1B 24 73 12 58 10 7D 66 95 2F 52 10 64 ...
T1DDC 053:432.776   completely In flash
T1DDC 053:432.796 - 0.083ms returns 0xBB0
T1DDC 053:433.224 JLINK_WriteMem(0x903DB5B0, 0xBB0 Bytes, ...)
T1DDC 053:433.244   Data:  1E 78 CA 5D 8A FC FE E3 90 F8 35 8F 45 F4 A0 40 ...
T1DDC 053:433.272   completely In flash
T1DDC 053:433.292 - 0.066ms returns 0xBB0
T1DDC 053:433.624 JLINK_WriteMem(0x903DC160, 0xBB0 Bytes, ...)
T1DDC 053:433.656   Data:  59 22 E6 38 D6 B3 E1 7D 00 A4 2B DE 29 E3 16 90 ...
T1DDC 053:433.684   completely In flash
T1DDC 053:433.704 - 0.080ms returns 0xBB0
T1DDC 053:434.088 JLINK_WriteMem(0x903DCD10, 0xBC0 Bytes, ...)
T1DDC 053:434.120   Data:  D1 17 B4 52 8A AC 8D 9C B0 D9 FF 76 F5 C3 20 31 ...
T1DDC 053:434.148   completely In flash
T1DDC 053:434.168 - 0.085ms returns 0xBC0
T1DDC 053:434.476 JLINK_WriteMem(0x903DD8D0, 0xBC0 Bytes, ...)
T1DDC 053:434.500   Data:  0A 02 6A CD 0E D0 4F BC 04 98 21 1B 64 A9 5A 00 ...
T1DDC 053:434.520   completely In flash
T1DDC 053:434.544 - 0.069ms returns 0xBC0
T1DDC 053:434.840 JLINK_WriteMem(0x903DE490, 0xBA0 Bytes, ...)
T1DDC 053:434.856   Data:  77 D4 02 BA C4 D5 16 AB 82 71 55 4F 32 5F F3 0A ...
T1DDC 053:434.880   completely In flash
T1DDC 053:434.904 - 0.063ms returns 0xBA0
T1DDC 053:435.220 JLINK_WriteMem(0x903DF030, 0xBB0 Bytes, ...)
T1DDC 053:435.240   Data:  E8 4E AD 05 82 20 3D 80 18 18 D3 84 78 21 57 1D ...
T1DDC 053:435.268   completely In flash
T1DDC 053:435.288 - 0.072ms returns 0xBB0
T1DDC 053:435.620 JLINK_WriteMem(0x903DFBE0, 0xBB0 Bytes, ...)
T1DDC 053:435.640   Data:  FA EB 8A 1E 00 90 04 09 C4 90 A2 C0 5B 55 F2 C3 ...
T1DDC 053:435.668   completely In flash
T1DDC 053:435.688 - 0.071ms returns 0xBB0
T1DDC 053:435.992 JLINK_WriteMem(0x903E0790, 0xBB0 Bytes, ...)
T1DDC 053:436.020   Data:  66 33 81 19 73 16 BE 3F 56 31 17 09 4F 01 3D 3B ...
T1DDC 053:436.044   completely In flash
T1DDC 053:436.068 - 0.072ms returns 0xBB0
T1DDC 053:436.380 JLINK_WriteMem(0x903E1340, 0xBA0 Bytes, ...)
T1DDC 053:436.404   Data:  A8 03 48 E5 97 A8 72 96 7A F4 58 EA E1 28 63 11 ...
T1DDC 053:436.436   completely In flash
T1DDC 053:436.456 - 0.075ms returns 0xBA0
T1DDC 053:436.756 JLINK_WriteMem(0x903E1EE0, 0xBC0 Bytes, ...)
T1DDC 053:436.776   Data:  76 22 09 2B 92 1A 06 B8 7A 60 73 22 3D 25 49 CA ...
T1DDC 053:436.804   completely In flash
T1DDC 053:436.828 - 0.071ms returns 0xBC0
T1DDC 053:437.124 JLINK_WriteMem(0x903E2AA0, 0xBA0 Bytes, ...)
T1DDC 053:437.140   Data:  25 B8 10 6B 0E 93 2B 97 88 91 35 81 AA 49 0F 05 ...
T1DDC 053:437.164   completely In flash
T1DDC 053:437.184 - 0.063ms returns 0xBA0
T1DDC 053:437.492 JLINK_WriteMem(0x903E3640, 0xBC0 Bytes, ...)
T1DDC 053:437.512   Data:  B3 5A 00 47 50 5E C5 8E 16 CF 50 89 E4 99 48 DB ...
T1DDC 053:437.532   completely In flash
T1DDC 053:437.556 - 0.065ms returns 0xBC0
T1DDC 053:437.852 JLINK_WriteMem(0x903E4200, 0xBB0 Bytes, ...)
T1DDC 053:437.872   Data:  D5 CC 99 B0 C7 E4 4C 63 8C 12 98 0B 61 86 4A AF ...
T1DDC 053:437.896   completely In flash
T1DDC 053:437.920 - 0.066ms returns 0xBB0
T1DDC 053:438.216 JLINK_WriteMem(0x903E4DB0, 0xBB0 Bytes, ...)
T1DDC 053:438.232   Data:  57 D8 6F 58 8A C1 D7 27 B1 23 93 47 58 28 A0 1E ...
T1DDC 053:438.256   completely In flash
T1DDC 053:438.280 - 0.066ms returns 0xBB0
T1DDC 053:438.600 JLINK_WriteMem(0x903E5960, 0xBB0 Bytes, ...)
T1DDC 053:438.624   Data:  68 92 C3 C5 A8 FC D5 07 E7 7A ED FE CD A9 CA 4B ...
T1DDC 053:438.652   completely In flash
T1DDC 053:438.676 - 0.079ms returns 0xBB0
T1DDC 053:439.000 JLINK_WriteMem(0x903E6510, 0xBB0 Bytes, ...)
T1DDC 053:439.020   Data:  F3 51 5D D8 11 24 55 5F 85 C9 09 8D 99 48 E9 35 ...
T1DDC 053:439.048   completely In flash
T1DDC 053:439.068 - 0.069ms returns 0xBB0
T1DDC 053:439.572 JLINK_WriteMem(0x903E70C0, 0xBB0 Bytes, ...)
T1DDC 053:439.592   Data:  E6 37 92 68 A1 F4 9C 63 C4 23 A7 E0 58 B0 C0 85 ...
T1DDC 053:439.612   completely In flash
T1DDC 053:439.636 - 0.064ms returns 0xBB0
T1DDC 053:439.948 JLINK_WriteMem(0x903E7C70, 0xBB0 Bytes, ...)
T1DDC 053:439.976   Data:  04 89 23 21 38 61 D5 E2 29 B1 EC 90 43 2E 29 5D ...
T1DDC 053:440.016   completely In flash
T1DDC 053:440.040 - 0.094ms returns 0xBB0
T1DDC 053:440.368 JLINK_WriteMem(0x903E8820, 0xBB0 Bytes, ...)
T1DDC 053:440.396   Data:  6D D1 26 F1 55 79 BD 2A 3D 3A DA 4A 22 18 E9 1E ...
T1DDC 053:440.424   completely In flash
T1DDC 053:440.444 - 0.078ms returns 0xBB0
T1DDC 053:440.980 JLINK_WriteMem(0x903E93D0, 0xBB0 Bytes, ...)
T1DDC 053:441.032   Data:  F1 BC 7C CB B4 86 0A C5 AF 58 C0 E8 F5 18 73 66 ...
T1DDC 053:441.080   completely In flash
T1DDC 053:441.112 - 0.137ms returns 0xBB0
T1DDC 053:441.736 JLINK_WriteMem(0x903E9F80, 0xBA0 Bytes, ...)
T1DDC 053:441.772   Data:  88 A2 74 CC 2C F0 54 B1 20 81 1B F1 80 01 60 5E ...
T1DDC 053:441.800   completely In flash
T1DDC 053:441.824 - 0.089ms returns 0xBA0
T1DDC 053:442.452 JLINK_WriteMem(0x903EAB20, 0xBC0 Bytes, ...)
T1DDC 053:442.504   Data:  00 90 3F 71 CC D4 22 88 D4 BB FA A4 04 F5 FC 90 ...
T1DDC 053:442.552   completely In flash
T1DDC 053:442.612 - 0.160ms returns 0xBC0
T1DDC 053:443.064 JLINK_WriteMem(0x903EB6E0, 0xBB0 Bytes, ...)
T1DDC 053:443.092   Data:  BA 47 B4 00 10 80 AF E2 84 86 41 F1 D0 AA C8 46 ...
T1DDC 053:443.132   completely In flash
T1DDC 053:443.156 - 0.090ms returns 0xBB0
T1DDC 053:443.548 JLINK_WriteMem(0x903EC290, 0xBA0 Bytes, ...)
T1DDC 053:443.572   Data:  EE 24 6D 2D A0 B7 4E 0A 33 3C 29 42 5C 50 91 22 ...
T1DDC 053:443.592   completely In flash
T1DDC 053:443.616 - 0.066ms returns 0xBA0
T1DDC 053:444.032 JLINK_WriteMem(0x903ECE30, 0xBB0 Bytes, ...)
T1DDC 053:444.056   Data:  92 7E F5 3D 04 81 53 24 11 7D A0 93 98 80 58 14 ...
T1DDC 053:444.080   completely In flash
T1DDC 053:444.104 - 0.074ms returns 0xBB0
T1DDC 053:444.552 JLINK_WriteMem(0x903ED9E0, 0xBB0 Bytes, ...)
T1DDC 053:444.584   Data:  6C 40 1B C3 9A 85 B0 C4 C6 85 26 6A 22 A2 C6 56 ...
T1DDC 053:444.616   completely In flash
T1DDC 053:444.636 - 0.084ms returns 0xBB0
T1DDC 053:445.064 JLINK_WriteMem(0x903EE590, 0xBB0 Bytes, ...)
T1DDC 053:445.092   Data:  9B 04 22 A2 C0 C4 4F 29 7D 20 A6 55 91 BF B1 D8 ...
T1DDC 053:445.144   completely In flash
T1DDC 053:445.168 - 0.105ms returns 0xBB0
T1DDC 053:445.696 JLINK_WriteMem(0x903EF140, 0xBA0 Bytes, ...)
T1DDC 053:445.748   Data:  D1 11 4E 05 89 CE C4 7B 1B 6D 87 03 8B F8 79 2C ...
T1DDC 053:445.780   completely In flash
T1DDC 053:445.800 - 0.106ms returns 0xBA0
T1DDC 053:446.248 JLINK_WriteMem(0x903EFCE0, 0xBB0 Bytes, ...)
T1DDC 053:446.296   Data:  47 1A 18 90 7F 19 5E 5D 63 9B 8E 0A A3 08 37 AA ...
T1DDC 053:446.340   completely In flash
T1DDC 053:446.364 - 0.116ms returns 0xBB0
T1DDC 053:446.792 JLINK_WriteMem(0x903F0890, 0xBC0 Bytes, ...)
T1DDC 053:446.824   Data:  3C 14 88 8B D7 C9 11 13 93 22 F5 52 F3 0A 69 85 ...
T1DDC 053:446.848   completely In flash
T1DDC 053:446.872 - 0.080ms returns 0xBC0
T1DDC 053:447.280 JLINK_WriteMem(0x903F1450, 0xBB0 Bytes, ...)
T1DDC 053:447.320   Data:  9D 3E D8 99 C6 A1 36 80 19 B4 8A 75 C8 9D FE 33 ...
T1DDC 053:447.352   completely In flash
T1DDC 053:447.372 - 0.093ms returns 0xBB0
T1DDC 053:447.856 JLINK_WriteMem(0x903F2000, 0xBB0 Bytes, ...)
T1DDC 053:447.900   Data:  5A 9B 5F 6A BE ED C0 49 75 5F 93 C9 F1 D8 3E 20 ...
T1DDC 053:447.932   completely In flash
T1DDC 053:447.960 - 0.101ms returns 0xBB0
T1DDC 053:449.240 JLINK_WriteMem(0x903F2BB0, 0xBB0 Bytes, ...)
T1DDC 053:449.352   Data:  B0 64 B2 D9 2F F0 73 30 24 FD E4 6C 2B B8 D8 72 ...
T1DDC 053:449.400   completely In flash
T1DDC 053:449.432 - 0.192ms returns 0xBB0
T1DDC 053:450.264 JLINK_WriteMem(0x903F3760, 0xBB0 Bytes, ...)
T1DDC 053:450.328   Data:  03 C4 65 68 01 79 C3 1C 82 2D 0B 91 90 E8 BA CE ...
T1DDC 053:450.356   completely In flash
T1DDC 053:450.380 - 0.118ms returns 0xBB0
T1DDC 053:450.872 JLINK_WriteMem(0x903F4310, 0xBC0 Bytes, ...)
T1DDC 053:450.904   Data:  20 4D D9 D4 76 C1 40 41 86 4B 5D 34 4F 32 39 38 ...
T1DDC 053:450.928   completely In flash
T1DDC 053:450.952 - 0.079ms returns 0xBC0
T1DDC 053:451.272 JLINK_WriteMem(0x903F4ED0, 0xBB0 Bytes, ...)
T1DDC 053:451.292   Data:  44 C8 7A 7A 57 2F 85 3C 11 60 79 96 49 89 1C 09 ...
T1DDC 053:451.316   completely In flash
T1DDC 053:451.340 - 0.069ms returns 0xBB0
T1DDC 053:451.748 JLINK_WriteMem(0x903F5A80, 0xBB0 Bytes, ...)
T1DDC 053:451.776   Data:  12 2C 1D 25 AC 25 F6 AA F3 3C 28 15 42 8A 6F 25 ...
T1DDC 053:451.804   completely In flash
T1DDC 053:451.832 - 0.084ms returns 0xBB0
T1DDC 053:452.168 JLINK_WriteMem(0x903F6630, 0xBB0 Bytes, ...)
T1DDC 053:452.192   Data:  0E 02 4B 0E CE 83 47 2F 48 9F 78 B8 27 03 1D 01 ...
T1DDC 053:452.216   completely In flash
T1DDC 053:452.240 - 0.070ms returns 0xBB0
T1DDC 053:452.596 JLINK_WriteMem(0x903F71E0, 0xBB0 Bytes, ...)
T1DDC 053:452.620   Data:  AC 21 13 58 53 EE 4C 2E C2 BB 31 58 3E D5 C1 44 ...
T1DDC 053:452.644   completely In flash
T1DDC 053:452.664 - 0.072ms returns 0xBB0
T1DDC 053:453.016 JLINK_WriteMem(0x903F7D90, 0xBB0 Bytes, ...)
T1DDC 053:453.032   Data:  94 24 0F 08 A3 DB 80 96 20 94 1C 74 A6 A6 77 AB ...
T1DDC 053:453.076   completely In flash
T1DDC 053:453.100 - 0.087ms returns 0xBB0
T1DDC 053:453.448 JLINK_WriteMem(0x903F8940, 0xBA0 Bytes, ...)
T1DDC 053:453.480   Data:  13 0D 57 46 A4 D5 FB 0E 08 C6 1E 3E 22 21 E1 8E ...
T1DDC 053:453.512   completely In flash
T1DDC 053:453.532 - 0.085ms returns 0xBA0
T1DDC 053:453.912 JLINK_WriteMem(0x903F94E0, 0xBC0 Bytes, ...)
T1DDC 053:453.936   Data:  D0 3F BB 23 8E 9B 24 C2 03 1B 66 11 C1 10 66 A8 ...
T1DDC 053:453.960   completely In flash
T1DDC 053:453.984 - 0.072ms returns 0xBC0
T1DDC 053:454.292 JLINK_WriteMem(0x903FA0A0, 0xBC0 Bytes, ...)
T1DDC 053:454.312   Data:  0B 41 62 87 49 C2 9C 44 43 60 10 5E 5B DD 9F 71 ...
T1DDC 053:454.336   completely In flash
T1DDC 053:454.356 - 0.064ms returns 0xBC0
T1DDC 053:454.676 JLINK_WriteMem(0x903FAC60, 0xBC0 Bytes, ...)
T1DDC 053:454.700   Data:  95 78 83 9D 20 61 4F 95 94 1E 63 35 07 6E 94 48 ...
T1DDC 053:454.724   completely In flash
T1DDC 053:454.744 - 0.072ms returns 0xBC0
T1DDC 053:455.052 JLINK_WriteMem(0x903FB820, 0xBB0 Bytes, ...)
T1DDC 053:455.076   Data:  08 16 11 DE B2 23 A9 02 7A 21 C5 68 0B 44 E6 40 ...
T1DDC 053:455.112   completely In flash
T1DDC 053:455.132 - 0.079ms returns 0xBB0
T1DDC 053:455.436 JLINK_WriteMem(0x903FC3D0, 0xBB0 Bytes, ...)
T1DDC 053:455.452   Data:  FB 0C 17 68 18 50 E5 0C 50 72 BA 92 C6 9A B6 3F ...
T1DDC 053:455.476   completely In flash
T1DDC 053:455.496 - 0.063ms returns 0xBB0
T1DDC 053:455.808 JLINK_WriteMem(0x903FCF80, 0xBB0 Bytes, ...)
T1DDC 053:455.828   Data:  DC 01 72 02 43 4B A0 18 22 3C D6 07 90 03 31 8D ...
T1DDC 053:455.852   completely In flash
T1DDC 053:455.876 - 0.067ms returns 0xBB0
T1DDC 053:456.172 JLINK_WriteMem(0x903FDB30, 0xBB0 Bytes, ...)
T1DDC 053:456.196   Data:  3B 13 05 C9 C2 79 58 45 41 F6 C7 F8 4C 40 D1 4C ...
T1DDC 053:456.220   completely In flash
T1DDC 053:456.244 - 0.069ms returns 0xBB0
T1DDC 053:456.552 JLINK_WriteMem(0x903FE6E0, 0xBB0 Bytes, ...)
T1DDC 053:456.576   Data:  30 F4 7C 2E 9B 68 55 9D E5 B0 84 F7 23 26 35 F8 ...
T1DDC 053:456.604   completely In flash
T1DDC 053:456.628 - 0.072ms returns 0xBB0
T1DDC 053:456.932 JLINK_WriteMem(0x903FF290, 0xBB0 Bytes, ...)
T1DDC 053:456.952   Data:  CB D4 CA C0 75 09 C8 69 F4 97 C0 46 0A E3 AB F6 ...
T1DDC 053:456.980   completely In flash
T1DDC 053:457.000 - 0.071ms returns 0xBB0
T1DDC 053:457.320 JLINK_WriteMem(0x903FFE40, 0xBA0 Bytes, ...)
T1DDC 053:457.340   Data:  DB 86 4B 38 51 7A B4 94 13 C0 21 08 84 BB 44 00 ...
T1DDC 053:457.748   completely In flash
T1DDC 053:460.892 - 3.570ms returns 0xBA0
T1DDC 053:461.708 JLINK_WriteMem(0x904009E0, 0xBB0 Bytes, ...)
T1DDC 053:461.776   Data:  E5 32 A7 C9 C7 DE C3 A7 B4 3A 85 83 6A BF 2C C5 ...
T1DDC 053:461.816   completely In flash
T1DDC 053:461.840 - 0.132ms returns 0xBB0
T1DDC 053:462.536 JLINK_WriteMem(0x90401590, 0xBC0 Bytes, ...)
T1DDC 053:462.612   Data:  0A 56 3D F2 40 0E E6 A3 53 00 CC 80 59 39 8E 6B ...
T1DDC 053:462.668   completely In flash
T1DDC 053:462.712 - 0.174ms returns 0xBC0
T1DDC 053:463.128 JLINK_WriteMem(0x90402150, 0xBB0 Bytes, ...)
T1DDC 053:463.160   Data:  4F 9B D0 A8 9A 88 76 39 64 A8 81 2A A1 87 07 C3 ...
T1DDC 053:463.188   completely In flash
T1DDC 053:463.212 - 0.084ms returns 0xBB0
T1DDC 053:463.656 JLINK_WriteMem(0x90402D00, 0xBB0 Bytes, ...)
T1DDC 053:463.684   Data:  CD 81 64 A0 C0 3F AC 59 79 4B 30 48 74 84 75 BC ...
T1DDC 053:463.708   completely In flash
T1DDC 053:463.736 - 0.080ms returns 0xBB0
T1DDC 053:464.160 JLINK_WriteMem(0x904038B0, 0xBB0 Bytes, ...)
T1DDC 053:464.200   Data:  61 FD 35 1E 11 06 10 F2 FE 95 0B C3 5D 10 40 03 ...
T1DDC 053:464.228   completely In flash
T1DDC 053:464.248 - 0.091ms returns 0xBB0
T1DDC 053:464.644 JLINK_WriteMem(0x90404460, 0xBB0 Bytes, ...)
T1DDC 053:464.680   Data:  59 FE B2 01 64 CC 1E 92 1F 00 CB A9 5D 3E 97 A0 ...
T1DDC 053:464.708   completely In flash
T1DDC 053:464.732 - 0.088ms returns 0xBB0
T1DDC 053:465.048 JLINK_WriteMem(0x90405010, 0xBB0 Bytes, ...)
T1DDC 053:465.068   Data:  82 08 72 52 E9 21 01 01 FC CA A3 F9 85 96 01 C0 ...
T1DDC 053:465.092   completely In flash
T1DDC 053:465.116 - 0.068ms returns 0xBB0
T1DDC 053:465.408 JLINK_WriteMem(0x90405BC0, 0xBB0 Bytes, ...)
T1DDC 053:465.428   Data:  42 10 D7 4E 1A 45 8B B8 B8 03 50 51 E4 92 00 82 ...
T1DDC 053:465.448   completely In flash
T1DDC 053:465.472 - 0.063ms returns 0xBB0
T1DDC 053:465.832 JLINK_WriteMem(0x90406770, 0xBA0 Bytes, ...)
T1DDC 053:465.860   Data:  5E 02 C2 DC 82 A0 EA D7 13 CD A6 F4 75 06 C8 6E ...
T1DDC 053:465.880   completely In flash
T1DDC 053:465.904 - 0.071ms returns 0xBA0
T1DDC 053:466.224 JLINK_WriteMem(0x90407310, 0xBB0 Bytes, ...)
T1DDC 053:466.244   Data:  12 11 9F CB E4 36 77 5E 24 20 31 62 21 F4 3F 1D ...
T1DDC 053:466.264   completely In flash
T1DDC 053:466.288 - 0.064ms returns 0xBB0
T1DDC 053:466.596 JLINK_WriteMem(0x90407EC0, 0xBB0 Bytes, ...)
T1DDC 053:466.616   Data:  2B 4B 0A F3 99 0C 20 7D 86 4A FF 8A 0C E0 25 CF ...
T1DDC 053:466.648   completely In flash
T1DDC 053:466.672 - 0.079ms returns 0xBB0
T1DDC 053:466.976 JLINK_WriteMem(0x90408A70, 0xBB0 Bytes, ...)
T1DDC 053:467.000   Data:  96 C0 0D 43 7F 44 AB 48 93 E2 F6 2C 61 E0 6A 03 ...
T1DDC 053:467.028   completely In flash
T1DDC 053:467.048 - 0.074ms returns 0xBB0
T1DDC 053:467.380 JLINK_WriteMem(0x90409620, 0xBB0 Bytes, ...)
T1DDC 053:467.400   Data:  96 4F B1 A3 BD A2 DC 23 49 EF 25 47 14 65 D4 5C ...
T1DDC 053:467.432   completely In flash
T1DDC 053:467.456 - 0.079ms returns 0xBB0
T1DDC 053:467.828 JLINK_WriteMem(0x9040A1D0, 0xBB0 Bytes, ...)
T1DDC 053:467.864   Data:  C5 A1 25 F4 64 C5 DD CD 56 FD 0B 84 BF 11 B1 82 ...
T1DDC 053:467.892   completely In flash
T1DDC 053:467.912 - 0.086ms returns 0xBB0
T1DDC 053:468.276 JLINK_WriteMem(0x9040AD80, 0xBB0 Bytes, ...)
T1DDC 053:468.296   Data:  A8 E0 50 C1 A4 15 2C 05 1E 3A 24 9E 4C F4 EB 91 ...
T1DDC 053:468.328   completely In flash
T1DDC 053:468.348 - 0.073ms returns 0xBB0
T1DDC 053:468.668 JLINK_WriteMem(0x9040B930, 0xBB0 Bytes, ...)
T1DDC 053:468.696   Data:  97 C3 B5 2B 25 E3 4C 34 0E 0E 1A EF C8 82 05 50 ...
T1DDC 053:468.724   completely In flash
T1DDC 053:468.748 - 0.079ms returns 0xBB0
T1DDC 053:469.068 JLINK_WriteMem(0x9040C4E0, 0xBB0 Bytes, ...)
T1DDC 053:469.092   Data:  90 4C 17 6D D4 76 CC 37 42 5C DA EC 82 37 12 FF ...
T1DDC 053:469.124   completely In flash
T1DDC 053:469.148 - 0.079ms returns 0xBB0
T1DDC 053:469.532 JLINK_WriteMem(0x9040D090, 0xBB0 Bytes, ...)
T1DDC 053:469.560   Data:  1A 13 EA F9 78 54 C3 F8 FB 32 6E 0A 86 A4 99 3E ...
T1DDC 053:469.580   completely In flash
T1DDC 053:469.608 - 0.073ms returns 0xBB0
T1DDC 053:469.920 JLINK_WriteMem(0x9040DC40, 0xBC0 Bytes, ...)
T1DDC 053:469.944   Data:  5D 2A A1 8E EE 31 5A A7 5E E0 99 96 F6 8C BE 6D ...
T1DDC 053:469.976   completely In flash
T1DDC 053:470.000 - 0.078ms returns 0xBC0
T1DDC 053:470.312 JLINK_WriteMem(0x9040E800, 0xBB0 Bytes, ...)
T1DDC 053:470.336   Data:  A0 45 E5 E5 84 7C 34 F2 C4 B1 D4 4F 14 60 F6 32 ...
T1DDC 053:470.360   completely In flash
T1DDC 053:470.384 - 0.070ms returns 0xBB0
T1DDC 053:470.712 JLINK_WriteMem(0x9040F3B0, 0xBB0 Bytes, ...)
T1DDC 053:470.740   Data:  B4 94 D9 59 BE 85 ED C7 18 8E 76 23 1F D0 D3 6B ...
T1DDC 053:470.768   completely In flash
T1DDC 053:470.792 - 0.076ms returns 0xBB0
T1DDC 053:471.096 JLINK_WriteMem(0x9040FF60, 0xBB0 Bytes, ...)
T1DDC 053:471.120   Data:  75 FD 84 29 04 4E BA 44 E4 23 D1 6D 80 5B 5B E3 ...
T1DDC 053:471.148   completely In flash
T1DDC 053:471.172 - 0.075ms returns 0xBB0
T1DDC 053:471.476 JLINK_WriteMem(0x90410B10, 0xBB0 Bytes, ...)
T1DDC 053:471.496   Data:  9B 5A 27 80 45 16 65 46 74 F3 7C 14 BD C6 A9 AD ...
T1DDC 053:471.520   completely In flash
T1DDC 053:471.544 - 0.069ms returns 0xBB0
T1DDC 053:471.860 JLINK_WriteMem(0x904116C0, 0xBB0 Bytes, ...)
T1DDC 053:471.884   Data:  4E 45 3D A0 DC B5 19 AE 63 E2 2E 45 5C 47 28 CC ...
T1DDC 053:471.916   completely In flash
T1DDC 053:471.944 - 0.082ms returns 0xBB0
T1DDC 053:472.352 JLINK_WriteMem(0x90412270, 0xBB0 Bytes, ...)
T1DDC 053:472.376   Data:  F2 BA 64 31 55 52 11 90 90 4D 87 12 CE 4A 9D 5C ...
T1DDC 053:472.404   completely In flash
T1DDC 053:472.424 - 0.073ms returns 0xBB0
T1DDC 053:472.744 JLINK_WriteMem(0x90412E20, 0xBB0 Bytes, ...)
T1DDC 053:472.764   Data:  BA 6E D5 33 B8 84 79 42 30 31 1A 5E 12 43 FC DE ...
T1DDC 053:472.792   completely In flash
T1DDC 053:472.816 - 0.068ms returns 0xBB0
T1DDC 053:473.144 JLINK_WriteMem(0x904139D0, 0xBB0 Bytes, ...)
T1DDC 053:473.176   Data:  04 72 93 76 FD 14 C4 A8 0C CF 96 13 20 4C 96 C3 ...
T1DDC 053:473.208   completely In flash
T1DDC 053:473.236 - 0.092ms returns 0xBB0
T1DDC 053:473.548 JLINK_WriteMem(0x90414580, 0xBC0 Bytes, ...)
T1DDC 053:473.576   Data:  09 AA 90 2C 89 BC 90 EC E1 87 B3 6F 04 90 9A 87 ...
T1DDC 053:473.604   completely In flash
T1DDC 053:473.624 - 0.074ms returns 0xBC0
T1DDC 053:473.940 JLINK_WriteMem(0x90415140, 0xBB0 Bytes, ...)
T1DDC 053:473.960   Data:  91 20 32 63 54 52 9C B7 F2 D9 0C 92 27 19 AE 50 ...
T1DDC 053:473.984   completely In flash
T1DDC 053:474.008 - 0.069ms returns 0xBB0
T1DDC 053:474.504 JLINK_WriteMem(0x90415CF0, 0xBB0 Bytes, ...)
T1DDC 053:474.544   Data:  7C C6 11 D3 27 74 6C 38 97 A6 DB AB 96 E8 39 CE ...
T1DDC 053:474.580   completely In flash
T1DDC 053:474.600 - 0.096ms returns 0xBB0
T1DDC 053:475.040 JLINK_WriteMem(0x904168A0, 0xBB0 Bytes, ...)
T1DDC 053:475.076   Data:  2F 8E E6 06 11 D2 A7 7B 83 03 DF 6E A9 3D 27 F8 ...
T1DDC 053:475.104   completely In flash
T1DDC 053:475.132 - 0.093ms returns 0xBB0
T1DDC 053:476.456 JLINK_WriteMem(0x90417450, 0xBC0 Bytes, ...)
T1DDC 053:476.512   Data:  91 78 AC 06 0D 0D 09 82 B8 7C 5D E9 8E 54 2B 54 ...
T1DDC 053:476.564   completely In flash
T1DDC 053:476.584 - 0.131ms returns 0xBC0
T1DDC 053:477.236 JLINK_WriteMem(0x90418010, 0xBC0 Bytes, ...)
T1DDC 053:477.260   Data:  47 B7 70 4B 24 59 C0 49 BD 73 63 67 4A 94 F9 D2 ...
T1DDC 053:477.288   completely In flash
T1DDC 053:477.316 - 0.079ms returns 0xBC0
T1DDC 053:477.784 JLINK_WriteMem(0x90418BD0, 0xBB0 Bytes, ...)
T1DDC 053:477.824   Data:  A3 A3 39 2A F7 06 22 F1 0C A3 86 80 C5 C3 7D 64 ...
T1DDC 053:477.856   completely In flash
T1DDC 053:477.880 - 0.097ms returns 0xBB0
T1DDC 053:478.412 JLINK_WriteMem(0x90419780, 0xBB0 Bytes, ...)
T1DDC 053:478.460   Data:  7B 12 DD 86 C4 8B 86 48 F5 12 B7 92 D2 0F 11 CC ...
T1DDC 053:478.496   completely In flash
T1DDC 053:478.524 - 0.112ms returns 0xBB0
T1DDC 053:478.984 JLINK_WriteMem(0x9041A330, 0xBB0 Bytes, ...)
T1DDC 053:479.020   Data:  80 A4 83 30 39 92 FC 34 57 A6 06 A0 B9 20 6C 40 ...
T1DDC 053:479.048   completely In flash
T1DDC 053:479.072 - 0.088ms returns 0xBB0
T1DDC 053:479.484 JLINK_WriteMem(0x9041AEE0, 0xBB0 Bytes, ...)
T1DDC 053:479.516   Data:  B4 62 5E 0F 18 A5 FA 90 4F 4E 6E 16 AB 6D 41 08 ...
T1DDC 053:479.544   completely In flash
T1DDC 053:479.564 - 0.081ms returns 0xBB0
T1DDC 053:479.940 JLINK_WriteMem(0x9041BA90, 0xBB0 Bytes, ...)
T1DDC 053:479.960   Data:  1A 88 26 9A 4D 35 99 B3 16 2F F3 15 48 04 B9 1A ...
T1DDC 053:479.988   completely In flash
T1DDC 053:480.008 - 0.070ms returns 0xBB0
T1DDC 053:480.380 JLINK_WriteMem(0x9041C640, 0xBB0 Bytes, ...)
T1DDC 053:480.412   Data:  D9 9D 4A DC B8 69 49 12 81 09 64 10 EB F5 23 70 ...
T1DDC 053:480.440   completely In flash
T1DDC 053:480.460 - 0.080ms returns 0xBB0
T1DDC 053:480.792 JLINK_WriteMem(0x9041D1F0, 0xBB0 Bytes, ...)
T1DDC 053:480.816   Data:  BD 2F F0 10 44 B8 0B D4 AA 00 30 88 CA 53 38 49 ...
T1DDC 053:480.840   completely In flash
T1DDC 053:480.868 - 0.076ms returns 0xBB0
T1DDC 053:481.200 JLINK_WriteMem(0x9041DDA0, 0xBB0 Bytes, ...)
T1DDC 053:481.224   Data:  A8 3E 6E 63 19 49 DD 2E 5A 89 C2 5D 63 40 C7 8B ...
T1DDC 053:481.252   completely In flash
T1DDC 053:481.272 - 0.074ms returns 0xBB0
T1DDC 053:481.772 JLINK_WriteMem(0x9041E950, 0xBC0 Bytes, ...)
T1DDC 053:481.800   Data:  D3 46 1D 49 CF 68 21 C1 59 3F 48 20 22 AA CA 20 ...
T1DDC 053:481.824   completely In flash
T1DDC 053:481.848 - 0.074ms returns 0xBC0
T1DDC 053:482.184 JLINK_WriteMem(0x9041F510, 0xBC0 Bytes, ...)
T1DDC 053:482.208   Data:  D5 4D E9 79 CB FD 3A E1 47 43 A3 34 5B 45 9F 0F ...
T1DDC 053:482.232   completely In flash
T1DDC 053:482.256 - 0.070ms returns 0xBC0
T1DDC 053:482.584 JLINK_WriteMem(0x904200D0, 0xBB0 Bytes, ...)
T1DDC 053:482.608   Data:  26 DD 80 CA CD B2 82 A2 22 C7 A8 8C E7 D6 2E 48 ...
T1DDC 053:482.632   completely In flash
T1DDC 053:482.656 - 0.069ms returns 0xBB0
T1DDC 053:482.984 JLINK_WriteMem(0x90420C80, 0xBB0 Bytes, ...)
T1DDC 053:483.008   Data:  08 F5 7C 42 50 AA 39 B1 99 50 AC C3 90 CD 66 E1 ...
T1DDC 053:483.032   completely In flash
T1DDC 053:483.056 - 0.074ms returns 0xBB0
T1DDC 053:483.372 JLINK_WriteMem(0x90421830, 0xBB0 Bytes, ...)
T1DDC 053:483.400   Data:  C6 BC 7E B1 65 08 5B 9A 72 FE 20 11 27 81 EF C9 ...
T1DDC 053:483.424   completely In flash
T1DDC 053:483.448 - 0.074ms returns 0xBB0
T1DDC 053:483.768 JLINK_WriteMem(0x904223E0, 0xBC0 Bytes, ...)
T1DDC 053:483.796   Data:  91 5D F2 0D C0 82 DD A6 B4 21 80 B8 04 4B 5E 35 ...
T1DDC 053:483.816   completely In flash
T1DDC 053:483.844 - 0.073ms returns 0xBC0
T1DDC 053:484.144 JLINK_WriteMem(0x90422FA0, 0xBB0 Bytes, ...)
T1DDC 053:484.168   Data:  F5 8D 54 A4 86 84 81 30 EB 27 D9 95 E0 C2 8D 00 ...
T1DDC 053:484.196   completely In flash
T1DDC 053:484.216 - 0.074ms returns 0xBB0
T1DDC 053:484.536 JLINK_WriteMem(0x90423B50, 0xBB0 Bytes, ...)
T1DDC 053:484.560   Data:  A3 2A 4D 9E D5 D3 5E C8 86 01 39 74 A1 05 A0 A0 ...
T1DDC 053:484.584   completely In flash
T1DDC 053:484.608 - 0.073ms returns 0xBB0
T1DDC 053:484.908 JLINK_WriteMem(0x90424700, 0xBB0 Bytes, ...)
T1DDC 053:484.928   Data:  A3 AE 00 79 0B 4C 82 01 75 2E B0 3B A0 6E F0 95 ...
T1DDC 053:484.952   completely In flash
T1DDC 053:484.972 - 0.065ms returns 0xBB0
T1DDC 053:485.244 JLINK_WriteMem(0x904252B0, 0xBC0 Bytes, ...)
T1DDC 053:485.264   Data:  41 49 6A 2B 3D 32 21 20 2D 47 C4 55 49 C9 2D 9D ...
T1DDC 053:485.288   completely In flash
T1DDC 053:485.308 - 0.064ms returns 0xBC0
T1DDC 053:485.628 JLINK_WriteMem(0x90425E70, 0xBC0 Bytes, ...)
T1DDC 053:485.652   Data:  9A 50 C7 87 A8 E3 60 D6 3C D6 63 45 C1 C8 20 6C ...
T1DDC 053:485.672   completely In flash
T1DDC 053:485.696 - 0.066ms returns 0xBC0
T1DDC 053:486.052 JLINK_WriteMem(0x90426A30, 0xBB0 Bytes, ...)
T1DDC 053:486.080   Data:  4D DB DC 72 12 35 D5 CA 10 24 34 C7 D3 42 ED 1A ...
T1DDC 053:486.108   completely In flash
T1DDC 053:486.132 - 0.078ms returns 0xBB0
T1DDC 053:486.432 JLINK_WriteMem(0x904275E0, 0xBC0 Bytes, ...)
T1DDC 053:486.452   Data:  00 C0 D8 91 12 CC 40 0D 18 26 EE AB 58 59 6F A1 ...
T1DDC 053:486.488   completely In flash
T1DDC 053:486.512 - 0.081ms returns 0xBC0
T1DDC 053:486.836 JLINK_WriteMem(0x904281A0, 0xBA0 Bytes, ...)
T1DDC 053:486.856   Data:  D3 76 AF 53 F2 95 DC 00 F0 B1 72 A7 05 02 AE 41 ...
T1DDC 053:486.880   completely In flash
T1DDC 053:486.904 - 0.069ms returns 0xBA0
T1DDC 053:487.216 JLINK_WriteMem(0x90428D40, 0xBC0 Bytes, ...)
T1DDC 053:487.240   Data:  C0 82 3E 99 66 8A 17 AA 29 FB 70 A5 BF 77 00 41 ...
T1DDC 053:487.260   completely In flash
T1DDC 053:487.284 - 0.066ms returns 0xBC0
T1DDC 053:487.592 JLINK_WriteMem(0x90429900, 0xBB0 Bytes, ...)
T1DDC 053:487.616   Data:  30 26 DA DE 5C D6 A5 B3 60 B5 75 37 6A D2 52 34 ...
T1DDC 053:487.640   completely In flash
T1DDC 053:487.660 - 0.071ms returns 0xBB0
T1DDC 053:487.932 JLINK_WriteMem(0x9042A4B0, 0xBC0 Bytes, ...)
T1DDC 053:487.948   Data:  0C B0 AC C8 8C 28 EF 03 D5 60 D0 E3 A4 3A 5A AD ...
T1DDC 053:487.972   completely In flash
T1DDC 053:487.992 - 0.062ms returns 0xBC0
T1DDC 053:488.312 JLINK_WriteMem(0x9042B070, 0xBB0 Bytes, ...)
T1DDC 053:488.332   Data:  63 C5 09 9A 29 57 24 48 8F BE 91 8A AC 0F 10 0D ...
T1DDC 053:488.356   completely In flash
T1DDC 053:488.376 - 0.069ms returns 0xBB0
T1DDC 053:488.680 JLINK_WriteMem(0x9042BC20, 0xBB0 Bytes, ...)
T1DDC 053:488.700   Data:  5D E5 B1 20 ED B1 C0 5D AB 51 38 8F 72 EF 1E 6A ...
T1DDC 053:488.728   completely In flash
T1DDC 053:488.748 - 0.069ms returns 0xBB0
T1DDC 053:489.052 JLINK_WriteMem(0x9042C7D0, 0xBC0 Bytes, ...)
T1DDC 053:489.076   Data:  B2 4F 70 5D 4A 3C 10 49 5F 82 7B E2 DE 49 53 EF ...
T1DDC 053:489.100   completely In flash
T1DDC 053:489.132 - 0.078ms returns 0xBC0
T1DDC 053:489.456 JLINK_WriteMem(0x9042D390, 0xBB0 Bytes, ...)
T1DDC 053:489.480   Data:  04 16 81 17 9F 29 F3 1C 2F 92 C8 41 D1 8E 4C B1 ...
T1DDC 053:489.504   completely In flash
T1DDC 053:489.528 - 0.073ms returns 0xBB0
T1DDC 053:489.848 JLINK_WriteMem(0x9042DF40, 0xBB0 Bytes, ...)
T1DDC 053:489.880   Data:  D1 42 3A 09 7D 13 9A 4B D7 EF 26 56 F5 F1 AD 09 ...
T1DDC 053:489.904   completely In flash
T1DDC 053:489.928 - 0.075ms returns 0xBB0
T1DDC 053:490.296 JLINK_WriteMem(0x9042EAF0, 0xBB0 Bytes, ...)
T1DDC 053:490.320   Data:  93 F2 A9 B8 EF 1F 9E 35 16 18 52 E9 1D 44 1F 47 ...
T1DDC 053:490.344   completely In flash
T1DDC 053:490.364 - 0.072ms returns 0xBB0
T1DDC 053:490.732 JLINK_WriteMem(0x9042F6A0, 0xBB0 Bytes, ...)
T1DDC 053:490.760   Data:  74 2D E5 A8 48 52 26 0A D3 45 88 4A 5D 15 3C 1A ...
T1DDC 053:490.784   completely In flash
T1DDC 053:490.808 - 0.072ms returns 0xBB0
T1DDC 053:491.380 JLINK_WriteMem(0x90430250, 0xBA0 Bytes, ...)
T1DDC 053:491.428   Data:  6A 1B BA C2 D5 91 6D E6 D3 71 89 44 28 7F 5C 75 ...
T1DDC 053:491.460   completely In flash
T1DDC 053:491.484 - 0.104ms returns 0xBA0
T1DDC 053:492.104 JLINK_WriteMem(0x90430DF0, 0xBB0 Bytes, ...)
T1DDC 053:492.164   Data:  E1 52 C1 98 F7 8B 20 A5 18 2C 49 33 C1 03 4D 13 ...
T1DDC 053:492.212   completely In flash
T1DDC 053:492.248 - 0.147ms returns 0xBB0
T1DDC 053:492.816 JLINK_WriteMem(0x904319A0, 0xBA0 Bytes, ...)
T1DDC 053:492.852   Data:  18 7A FC 20 B5 49 48 61 00 1F 08 7D 5E 70 42 2A ...
T1DDC 053:492.876   completely In flash
T1DDC 053:492.904 - 0.086ms returns 0xBA0
T1DDC 053:493.356 JLINK_WriteMem(0x90432540, 0xBB0 Bytes, ...)
T1DDC 053:493.400   Data:  00 01 0A B0 8C AC 65 A2 A0 0B 16 00 82 DA 36 2B ...
T1DDC 053:493.428   completely In flash
T1DDC 053:493.452 - 0.093ms returns 0xBB0
T1DDC 053:493.884 JLINK_WriteMem(0x904330F0, 0xBB0 Bytes, ...)
T1DDC 053:493.940   Data:  16 31 B6 C5 E4 04 DD F1 E2 48 87 2A 18 0E D5 07 ...
T1DDC 053:493.968   completely In flash
T1DDC 053:493.992 - 0.108ms returns 0xBB0
T1DDC 053:494.760 JLINK_WriteMem(0x90433CA0, 0xBB0 Bytes, ...)
T1DDC 053:494.804   Data:  97 6D DB 01 95 15 AA FB 4E 3F F7 E8 95 60 17 09 ...
T1DDC 053:494.836   completely In flash
T1DDC 053:494.856 - 0.098ms returns 0xBB0
T1DDC 053:495.304 JLINK_WriteMem(0x90434850, 0xBB0 Bytes, ...)
T1DDC 053:495.332   Data:  34 63 54 D3 D2 F6 AB F6 11 8A 38 0E 0D CD E5 23 ...
T1DDC 053:495.356   completely In flash
T1DDC 053:495.384 - 0.074ms returns 0xBB0
T1DDC 053:495.924 JLINK_WriteMem(0x90435400, 0xBB0 Bytes, ...)
T1DDC 053:495.956   Data:  74 51 CC 70 8F 2B 76 8D 00 80 73 CF 95 20 81 12 ...
T1DDC 053:495.984   completely In flash
T1DDC 053:496.008 - 0.085ms returns 0xBB0
T1DDC 053:496.428 JLINK_WriteMem(0x90435FB0, 0xBA0 Bytes, ...)
T1DDC 053:496.464   Data:  40 51 C2 97 51 EE 89 6B 12 9C D4 5D 4A 24 E2 2C ...
T1DDC 053:496.488   completely In flash
T1DDC 053:496.516 - 0.086ms returns 0xBA0
T1DDC 053:496.872 JLINK_WriteMem(0x90436B50, 0xBB0 Bytes, ...)
T1DDC 053:496.892   Data:  9B 00 5E 35 90 CA 97 4F 98 07 12 0C E8 AD 62 0F ...
T1DDC 053:496.920   completely In flash
T1DDC 053:496.940 - 0.069ms returns 0xBB0
T1DDC 053:497.264 JLINK_WriteMem(0x90437700, 0xBB0 Bytes, ...)
T1DDC 053:497.288   Data:  10 80 E8 4F D4 81 E5 F7 14 5D 84 73 2E A0 76 9A ...
T1DDC 053:497.320   completely In flash
T1DDC 053:497.344 - 0.078ms returns 0xBB0
T1DDC 053:497.684 JLINK_WriteMem(0x904382B0, 0xBB0 Bytes, ...)
T1DDC 053:497.712   Data:  8B 29 B2 95 41 9C 50 76 1D 90 6A AE 8F D5 02 A4 ...
T1DDC 053:497.736   completely In flash
T1DDC 053:497.760 - 0.075ms returns 0xBB0
T1DDC 053:498.092 JLINK_WriteMem(0x90438E60, 0xBA0 Bytes, ...)
T1DDC 053:498.120   Data:  FE DE 92 9F 0E C1 C0 47 92 DB E9 5F EE B7 58 B6 ...
T1DDC 053:498.148   completely In flash
T1DDC 053:498.172 - 0.079ms returns 0xBA0
T1DDC 053:498.500 JLINK_WriteMem(0x90439A00, 0xBB0 Bytes, ...)
T1DDC 053:498.520   Data:  1E 22 FB 7E C9 2C BA 78 20 72 17 1E 3B 85 75 3E ...
T1DDC 053:498.548   completely In flash
T1DDC 053:498.568 - 0.072ms returns 0xBB0
T1DDC 053:498.888 JLINK_WriteMem(0x9043A5B0, 0xBB0 Bytes, ...)
T1DDC 053:498.912   Data:  47 62 A9 52 24 BE 4C 27 09 C4 4A B0 31 D4 11 C2 ...
T1DDC 053:498.936   completely In flash
T1DDC 053:498.960 - 0.070ms returns 0xBB0
T1DDC 053:499.280 JLINK_WriteMem(0x9043B160, 0xBB0 Bytes, ...)
T1DDC 053:499.304   Data:  80 6E 7B 45 F4 3F DE 59 0A 32 4B 1D 42 83 46 E2 ...
T1DDC 053:499.328   completely In flash
T1DDC 053:499.352 - 0.074ms returns 0xBB0
T1DDC 053:499.704 JLINK_WriteMem(0x9043BD10, 0xBB0 Bytes, ...)
T1DDC 053:499.732   Data:  8C E8 FB 9A 60 67 69 9B 54 BF C2 48 C8 C0 A3 37 ...
T1DDC 053:499.756   completely In flash
T1DDC 053:499.780 - 0.075ms returns 0xBB0
T1DDC 053:500.104 JLINK_WriteMem(0x9043C8C0, 0xBB0 Bytes, ...)
T1DDC 053:500.132   Data:  8C B7 AD 28 53 D6 BD 81 90 43 83 37 06 12 6B 89 ...
T1DDC 053:500.164   completely In flash
T1DDC 053:500.192 - 0.087ms returns 0xBB0
T1DDC 053:500.568 JLINK_WriteMem(0x9043D470, 0xBB0 Bytes, ...)
T1DDC 053:500.600   Data:  02 09 DA 34 E0 90 20 9D 56 85 4C AB 00 11 0B D9 ...
T1DDC 053:500.632   completely In flash
T1DDC 053:500.656 - 0.087ms returns 0xBB0
T1DDC 053:500.984 JLINK_WriteMem(0x9043E020, 0xBC0 Bytes, ...)
T1DDC 053:501.016   Data:  A9 66 61 06 10 16 D0 A7 5D 13 19 96 43 CB 46 C4 ...
T1DDC 053:501.040   completely In flash
T1DDC 053:501.064 - 0.076ms returns 0xBC0
T1DDC 053:501.984 JLINK_WriteMem(0x9043EBE0, 0xBB0 Bytes, ...)
T1DDC 053:502.012   Data:  6B 9B 42 3F 9B 63 0F 47 2F 7E 79 89 FC 92 AF 2B ...
T1DDC 053:502.044   completely In flash
T1DDC 053:502.068 - 0.085ms returns 0xBB0
T1DDC 053:502.456 JLINK_WriteMem(0x9043F790, 0xBB0 Bytes, ...)
T1DDC 053:502.480   Data:  A1 F8 00 34 69 B4 62 76 CA 9E 6D F1 DB E4 E5 52 ...
T1DDC 053:502.516   completely In flash
T1DDC 053:502.540 - 0.085ms returns 0xBB0
T1DDC 053:502.876 JLINK_WriteMem(0x90440340, 0xBC0 Bytes, ...)
T1DDC 053:502.904   Data:  78 46 84 AF 8A A0 9B D9 93 31 EA 6F 3A 52 43 3A ...
T1DDC 053:502.928   completely In flash
T1DDC 053:502.952 - 0.076ms returns 0xBC0
T1DDC 053:503.260 JLINK_WriteMem(0x90440F00, 0xBB0 Bytes, ...)
T1DDC 053:503.284   Data:  B8 05 60 A4 9B 34 25 27 36 29 00 07 E0 A2 BD 1D ...
T1DDC 053:503.308   completely In flash
T1DDC 053:503.332 - 0.073ms returns 0xBB0
T1DDC 053:503.704 JLINK_WriteMem(0x90441AB0, 0xBB0 Bytes, ...)
T1DDC 053:503.744   Data:  61 E2 04 90 8E 97 82 C6 6D 1E 66 40 24 1F 23 88 ...
T1DDC 053:505.548   completely In flash
T1DDC 053:505.588 - 1.880ms returns 0xBB0
T1DDC 053:505.960 JLINK_WriteMem(0x90442660, 0xBB0 Bytes, ...)
T1DDC 053:505.988   Data:  DC 75 77 86 A0 E4 AA FC AF 4F 60 55 41 D1 55 85 ...
T1DDC 053:506.012   completely In flash
T1DDC 053:506.036 - 0.077ms returns 0xBB0
T1DDC 053:506.332 JLINK_WriteMem(0x90443210, 0xBB0 Bytes, ...)
T1DDC 053:506.352   Data:  F2 51 54 5C D8 C1 7F A6 E8 4C 24 44 E0 50 6A 12 ...
T1DDC 053:506.376   completely In flash
T1DDC 053:506.400 - 0.066ms returns 0xBB0
T1DDC 053:506.748 JLINK_WriteMem(0x90443DC0, 0xBB0 Bytes, ...)
T1DDC 053:506.780   Data:  89 06 63 8D 7A AE 49 CC A2 78 D7 4D B4 0E DA 16 ...
T1DDC 053:506.808   completely In flash
T1DDC 053:506.836 - 0.085ms returns 0xBB0
T1DDC 053:507.140 JLINK_WriteMem(0x90444970, 0xBB0 Bytes, ...)
T1DDC 053:507.160   Data:  85 63 58 08 8C D9 01 3B 12 7F 04 38 D6 42 04 9E ...
T1DDC 053:507.188   completely In flash
T1DDC 053:507.208 - 0.068ms returns 0xBB0
T1DDC 053:507.508 JLINK_WriteMem(0x90445520, 0xBB0 Bytes, ...)
T1DDC 053:507.528   Data:  D2 58 A0 DB E9 2A 4E 79 37 9F 7D 61 90 C2 05 11 ...
T1DDC 053:507.560   completely In flash
T1DDC 053:507.580 - 0.074ms returns 0xBB0
T1DDC 053:508.144 JLINK_WriteMem(0x904460D0, 0xBB0 Bytes, ...)
T1DDC 053:508.184   Data:  4C F1 F3 16 68 1C 18 3B F9 82 1E 96 77 39 25 3E ...
T1DDC 053:508.212   completely In flash
T1DDC 053:508.236 - 0.091ms returns 0xBB0
T1DDC 053:508.728 JLINK_WriteMem(0x90446C80, 0xBB0 Bytes, ...)
T1DDC 053:508.748   Data:  5B C2 C6 9E 72 ED 55 14 5A 5E A6 E4 69 01 BA 49 ...
T1DDC 053:508.772   completely In flash
T1DDC 053:508.792 - 0.064ms returns 0xBB0
T1DDC 053:509.176 JLINK_WriteMem(0x90447830, 0xBB0 Bytes, ...)
T1DDC 053:509.200   Data:  EB 40 10 EA 87 35 60 9B CC 41 CA A7 C2 83 83 39 ...
T1DDC 053:509.224   completely In flash
T1DDC 053:509.248 - 0.071ms returns 0xBB0
T1DDC 053:509.644 JLINK_WriteMem(0x904483E0, 0xBC0 Bytes, ...)
T1DDC 053:509.688   Data:  C3 B0 C9 C7 74 DC B9 52 3E 04 04 E8 1F 8C 16 2A ...
T1DDC 053:509.720   completely In flash
T1DDC 053:509.744 - 0.098ms returns 0xBC0
T1DDC 053:510.144 JLINK_WriteMem(0x90448FA0, 0xBB0 Bytes, ...)
T1DDC 053:510.196   Data:  1C D8 5C 24 80 79 8A C3 57 96 60 D2 B6 29 5D D0 ...
T1DDC 053:510.232   completely In flash
T1DDC 053:510.260 - 0.112ms returns 0xBB0
T1DDC 053:510.880 JLINK_WriteMem(0x90449B50, 0xBB0 Bytes, ...)
T1DDC 053:510.932   Data:  47 76 3C FE 4A 71 E4 44 3D FE 75 3C 97 00 13 4B ...
T1DDC 053:510.968   completely In flash
T1DDC 053:510.992 - 0.113ms returns 0xBB0
T1DDC 053:511.444 JLINK_WriteMem(0x9044A700, 0xBB0 Bytes, ...)
T1DDC 053:511.488   Data:  44 24 6E D2 A4 49 4A 15 10 B3 78 D6 02 A0 B9 82 ...
T1DDC 053:511.540   completely In flash
T1DDC 053:511.560 - 0.119ms returns 0xBB0
T1DDC 053:512.112 JLINK_WriteMem(0x9044B2B0, 0xBB0 Bytes, ...)
T1DDC 053:512.152   Data:  3E 62 45 82 53 3D 0F 09 C4 90 29 25 D8 E5 DE BA ...
T1DDC 053:512.184   completely In flash
T1DDC 053:512.208 - 0.098ms returns 0xBB0
T1DDC 053:512.616 JLINK_WriteMem(0x9044BE60, 0xBB0 Bytes, ...)
T1DDC 053:512.648   Data:  BD 40 32 C4 14 93 39 E8 11 F2 10 8C FA AE 17 F0 ...
T1DDC 053:512.672   completely In flash
T1DDC 053:512.696 - 0.081ms returns 0xBB0
T1DDC 053:513.140 JLINK_WriteMem(0x9044CA10, 0xBB0 Bytes, ...)
T1DDC 053:513.180   Data:  76 12 1C 69 CA 18 A4 6D 09 35 D2 A4 54 0B 18 49 ...
T1DDC 053:513.224   completely In flash
T1DDC 053:513.256 - 0.121ms returns 0xBB0
T1DDC 053:513.820 JLINK_WriteMem(0x9044D5C0, 0xBB0 Bytes, ...)
T1DDC 053:513.872   Data:  25 5D 79 40 15 18 F5 A1 5D 05 E7 A6 34 0A B9 AD ...
T1DDC 053:513.904   completely In flash
T1DDC 053:513.928 - 0.107ms returns 0xBB0
T1DDC 053:514.340 JLINK_WriteMem(0x9044E170, 0xBB0 Bytes, ...)
T1DDC 053:514.376   Data:  93 21 7B 15 8F A9 19 04 23 08 C0 78 21 C4 95 91 ...
T1DDC 053:514.408   completely In flash
T1DDC 053:514.432 - 0.092ms returns 0xBB0
T1DDC 053:514.968 JLINK_WriteMem(0x9044ED20, 0xBC0 Bytes, ...)
T1DDC 053:515.008   Data:  04 53 B8 E4 61 E1 0A C5 35 BF 01 C8 99 82 95 87 ...
T1DDC 053:515.040   completely In flash
T1DDC 053:515.068 - 0.106ms returns 0xBC0
T1DDC 053:515.764 JLINK_WriteMem(0x9044F8E0, 0xBB0 Bytes, ...)
T1DDC 053:515.816   Data:  3E 41 8A 08 CD 42 80 02 FC 06 C1 AA 58 16 31 E0 ...
T1DDC 053:515.848   completely In flash
T1DDC 053:515.872 - 0.111ms returns 0xBB0
T1DDC 053:516.244 JLINK_WriteMem(0x90450490, 0xBB0 Bytes, ...)
T1DDC 053:516.268   Data:  59 9E 84 E7 A2 22 54 B8 AB A6 F5 0A E6 01 AC EE ...
T1DDC 053:516.296   completely In flash
T1DDC 053:516.316 - 0.074ms returns 0xBB0
T1DDC 053:516.652 JLINK_WriteMem(0x90451040, 0xBC0 Bytes, ...)
T1DDC 053:516.680   Data:  CD 1C 8B A4 30 A2 E5 35 63 6E 7D 8E 88 CD A2 E6 ...
T1DDC 053:516.704   completely In flash
T1DDC 053:516.728 - 0.073ms returns 0xBC0
T1DDC 053:517.040 JLINK_WriteMem(0x90451C00, 0xBA0 Bytes, ...)
T1DDC 053:517.064   Data:  13 83 62 73 75 E4 5D 71 EE 06 F0 06 92 23 53 2C ...
T1DDC 053:517.088   completely In flash
T1DDC 053:517.116 - 0.077ms returns 0xBA0
T1DDC 053:517.416 JLINK_WriteMem(0x904527A0, 0xBB0 Bytes, ...)
T1DDC 053:517.432   Data:  F7 04 8A 5C 64 BB 7A 24 D7 37 6A 50 D1 52 B8 B0 ...
T1DDC 053:517.460   completely In flash
T1DDC 053:517.480 - 0.065ms returns 0xBB0
T1DDC 053:517.800 JLINK_WriteMem(0x90453350, 0xBB0 Bytes, ...)
T1DDC 053:517.824   Data:  84 85 E1 12 74 01 1A 7C 0E EA 6B D7 99 D0 CB 69 ...
T1DDC 053:517.848   completely In flash
T1DDC 053:517.872 - 0.072ms returns 0xBB0
T1DDC 053:518.176 JLINK_WriteMem(0x90453F00, 0xBB0 Bytes, ...)
T1DDC 053:518.200   Data:  4B 9E 6A 20 7A 31 9B C2 6E 95 B3 28 00 91 98 90 ...
T1DDC 053:518.220   completely In flash
T1DDC 053:518.244 - 0.069ms returns 0xBB0
T1DDC 053:518.560 JLINK_WriteMem(0x90454AB0, 0xBB0 Bytes, ...)
T1DDC 053:518.584   Data:  38 C9 CD 00 4B 59 C9 7C F7 66 F8 12 48 53 9D 12 ...
T1DDC 053:518.608   completely In flash
T1DDC 053:518.632 - 0.071ms returns 0xBB0
T1DDC 053:518.936 JLINK_WriteMem(0x90455660, 0xBB0 Bytes, ...)
T1DDC 053:518.960   Data:  57 AD 99 59 D3 F2 13 E2 74 44 17 FC 1A 01 67 B0 ...
T1DDC 053:518.984   completely In flash
T1DDC 053:519.008 - 0.072ms returns 0xBB0
T1DDC 053:519.368 JLINK_WriteMem(0x90456210, 0xBB0 Bytes, ...)
T1DDC 053:519.400   Data:  44 51 EC 36 53 C8 A6 A9 84 1B B3 54 73 60 53 B5 ...
T1DDC 053:519.428   completely In flash
T1DDC 053:519.452 - 0.086ms returns 0xBB0
T1DDC 053:519.820 JLINK_WriteMem(0x90456DC0, 0xBC0 Bytes, ...)
T1DDC 053:519.840   Data:  6A 98 20 66 CA BB 0D E1 7F 68 BC 2A 87 8F 61 AD ...
T1DDC 053:519.864   completely In flash
T1DDC 053:519.888 - 0.068ms returns 0xBC0
T1DDC 053:520.268 JLINK_WriteMem(0x90457980, 0xBB0 Bytes, ...)
T1DDC 053:520.308   Data:  3C 77 97 47 49 29 C1 8E 1A 8F BF A6 BE 43 03 86 ...
T1DDC 053:520.340   completely In flash
T1DDC 053:520.364 - 0.097ms returns 0xBB0
T1DDC 053:520.736 JLINK_WriteMem(0x90458530, 0xBB0 Bytes, ...)
T1DDC 053:520.760   Data:  12 E7 DD 35 CD 0E E4 79 8E 27 82 8D 12 BC 14 00 ...
T1DDC 053:520.784   completely In flash
T1DDC 053:520.808 - 0.069ms returns 0xBB0
T1DDC 053:521.132 JLINK_WriteMem(0x904590E0, 0xBB0 Bytes, ...)
T1DDC 053:521.160   Data:  0D B5 23 4E EE 1D 2E 04 01 C4 6A 7E 65 25 43 D0 ...
T1DDC 053:521.184   completely In flash
T1DDC 053:521.208 - 0.073ms returns 0xBB0
T1DDC 053:521.544 JLINK_WriteMem(0x90459C90, 0xBB0 Bytes, ...)
T1DDC 053:521.568   Data:  DD 29 41 04 34 03 E1 15 9E A9 00 51 30 08 60 80 ...
T1DDC 053:521.592   completely In flash
T1DDC 053:521.616 - 0.072ms returns 0xBB0
T1DDC 053:521.944 JLINK_WriteMem(0x9045A840, 0xBB0 Bytes, ...)
T1DDC 053:521.968   Data:  AD 18 9A D7 A5 40 D7 8D CB FD A0 FB EF 01 43 E6 ...
T1DDC 053:522.012   completely In flash
T1DDC 053:522.036 - 0.088ms returns 0xBB0
T1DDC 053:522.444 JLINK_WriteMem(0x9045B3F0, 0xBA0 Bytes, ...)
T1DDC 053:522.472   Data:  00 31 CB 33 F1 2A B8 42 42 24 FE 18 F5 0E 66 68 ...
T1DDC 053:522.500   completely In flash
T1DDC 053:522.520 - 0.079ms returns 0xBA0
T1DDC 053:522.856 JLINK_WriteMem(0x9045BF90, 0xBB0 Bytes, ...)
T1DDC 053:522.876   Data:  14 DD 77 25 C0 A6 70 C4 5A 90 82 0B C3 5E B5 59 ...
T1DDC 053:522.904   completely In flash
T1DDC 053:522.924 - 0.070ms returns 0xBB0
T1DDC 053:523.228 JLINK_WriteMem(0x9045CB40, 0xBB0 Bytes, ...)
T1DDC 053:523.248   Data:  00 F1 78 63 90 59 90 41 01 79 9B 79 0E 76 30 0E ...
T1DDC 053:523.272   completely In flash
T1DDC 053:523.296 - 0.064ms returns 0xBB0
T1DDC 053:523.620 JLINK_WriteMem(0x9045D6F0, 0xBA0 Bytes, ...)
T1DDC 053:523.640   Data:  27 33 DD 9F E6 61 1A B1 D6 0E FB 42 53 52 8D 39 ...
T1DDC 053:523.664   completely In flash
T1DDC 053:523.688 - 0.068ms returns 0xBA0
T1DDC 053:524.008 JLINK_WriteMem(0x9045E290, 0xBB0 Bytes, ...)
T1DDC 053:524.032   Data:  F2 74 00 8E C0 76 93 3B 6E 0C 12 BD 6D F4 68 2D ...
T1DDC 053:524.056   completely In flash
T1DDC 053:524.080 - 0.074ms returns 0xBB0
T1DDC 053:524.532 JLINK_WriteMem(0x9045EE40, 0xBC0 Bytes, ...)
T1DDC 053:524.588   Data:  6D 48 5A 52 9F F2 5D 06 44 81 FC 6B 82 CE E0 C7 ...
T1DDC 053:524.636   completely In flash
T1DDC 053:524.680 - 0.149ms returns 0xBC0
T1DDC 053:525.344 JLINK_WriteMem(0x9045FA00, 0xBB0 Bytes, ...)
T1DDC 053:525.400   Data:  16 1C 31 F7 0D 26 C0 15 98 45 46 5C D2 09 08 84 ...
T1DDC 053:525.448   completely In flash
T1DDC 053:525.492 - 0.146ms returns 0xBB0
T1DDC 053:526.204 JLINK_WriteMem(0x904605B0, 0xBB0 Bytes, ...)
T1DDC 053:526.352   Data:  9A C6 87 10 A3 EE A5 2A 0B 01 5A E4 33 DF 40 3B ...
T1DDC 053:526.388   completely In flash
T1DDC 053:526.416 - 0.210ms returns 0xBB0
T1DDC 053:527.112 JLINK_WriteMem(0x90461160, 0xBC0 Bytes, ...)
T1DDC 053:527.180   Data:  FD E1 28 5D 56 46 00 A8 D8 2A 91 56 84 8F 01 A9 ...
T1DDC 053:527.224   completely In flash
T1DDC 053:527.264 - 0.154ms returns 0xBC0
T1DDC 053:528.620 JLINK_WriteMem(0x90461D20, 0xBC0 Bytes, ...)
T1DDC 053:528.672   Data:  61 54 D2 51 3E 89 52 DD E8 70 4C 5D 5A 08 E2 4E ...
T1DDC 053:528.704   completely In flash
T1DDC 053:528.728 - 0.107ms returns 0xBC0
T1DDC 053:529.400 JLINK_WriteMem(0x904628E0, 0xBB0 Bytes, ...)
T1DDC 053:529.444   Data:  6B A5 5E 82 40 7A BD 67 ED 61 33 B9 B0 84 EA 7A ...
T1DDC 053:529.472   completely In flash
T1DDC 053:529.500 - 0.101ms returns 0xBB0
T1DDC 053:529.928 JLINK_WriteMem(0x90463490, 0xBB0 Bytes, ...)
T1DDC 053:529.952   Data:  C2 26 C0 13 E5 28 F9 16 E8 91 81 1E 3C 1B 4C D6 ...
T1DDC 053:529.980   completely In flash
T1DDC 053:530.004 - 0.077ms returns 0xBB0
T1DDC 053:530.424 JLINK_WriteMem(0x90464040, 0xBC0 Bytes, ...)
T1DDC 053:530.472   Data:  F0 8D DA 10 E1 A4 7D 22 3A E7 A4 DE C1 62 B4 58 ...
T1DDC 053:530.504   completely In flash
T1DDC 053:530.528 - 0.105ms returns 0xBC0
T1DDC 053:531.064 JLINK_WriteMem(0x90464C00, 0xBC0 Bytes, ...)
T1DDC 053:531.124   Data:  A0 B6 41 25 62 46 49 3B D0 EF E2 72 8A C0 82 85 ...
T1DDC 053:531.156   completely In flash
T1DDC 053:531.180 - 0.119ms returns 0xBC0
T1DDC 053:531.884 JLINK_WriteMem(0x904657C0, 0xBC0 Bytes, ...)
T1DDC 053:531.936   Data:  8E 29 C2 6A 2D 84 37 DD 24 05 A0 C3 B6 A0 0E 1C ...
T1DDC 053:531.964   completely In flash
T1DDC 053:531.992 - 0.110ms returns 0xBC0
T1DDC 053:532.708 JLINK_WriteMem(0x90466380, 0xBB0 Bytes, ...)
T1DDC 053:532.776   Data:  EE 9B BA E7 C0 6C 24 70 89 68 3E C4 46 F8 A2 E6 ...
T1DDC 053:532.812   completely In flash
T1DDC 053:532.840 - 0.138ms returns 0xBB0
T1DDC 053:533.292 JLINK_WriteMem(0x90466F30, 0xBB0 Bytes, ...)
T1DDC 053:533.340   Data:  10 64 02 B6 18 14 EC E5 AD C8 3C 54 9C B5 86 A2 ...
T1DDC 053:533.372   completely In flash
T1DDC 053:533.396 - 0.103ms returns 0xBB0
T1DDC 053:533.764 JLINK_WriteMem(0x90467AE0, 0xBB0 Bytes, ...)
T1DDC 053:533.788   Data:  A0 41 46 B6 8E E0 23 96 EA E9 05 68 92 F4 10 90 ...
T1DDC 053:533.816   completely In flash
T1DDC 053:533.836 - 0.073ms returns 0xBB0
T1DDC 053:534.244 JLINK_WriteMem(0x90468690, 0xBC0 Bytes, ...)
T1DDC 053:534.280   Data:  8A 85 F4 99 EC 71 52 A2 BF B8 E5 41 12 F4 D5 11 ...
T1DDC 053:534.312   completely In flash
T1DDC 053:534.332 - 0.091ms returns 0xBC0
T1DDC 053:534.648 JLINK_WriteMem(0x90469250, 0xBB0 Bytes, ...)
T1DDC 053:534.672   Data:  74 A3 AD 32 6D 98 0B 90 E4 66 51 67 9F B0 16 96 ...
T1DDC 053:534.696   completely In flash
T1DDC 053:534.720 - 0.071ms returns 0xBB0
T1DDC 053:535.016 JLINK_WriteMem(0x90469E00, 0xBB0 Bytes, ...)
T1DDC 053:535.032   Data:  9B 02 67 51 D4 65 44 66 8E A2 12 70 1A 3C ED 23 ...
T1DDC 053:535.060   completely In flash
T1DDC 053:535.080 - 0.068ms returns 0xBB0
T1DDC 053:535.404 JLINK_WriteMem(0x9046A9B0, 0xBC0 Bytes, ...)
T1DDC 053:535.468   Data:  A0 22 87 92 81 1E E2 75 66 10 3C E8 C2 D5 69 EC ...
T1DDC 053:535.516   completely In flash
T1DDC 053:535.540 - 0.134ms returns 0xBC0
T1DDC 053:535.856 JLINK_WriteMem(0x9046B570, 0xBC0 Bytes, ...)
T1DDC 053:535.880   Data:  A9 37 5C 0D 58 83 C0 CC 0A A1 8A 18 09 26 04 D1 ...
T1DDC 053:535.908   completely In flash
T1DDC 053:535.928 - 0.073ms returns 0xBC0
T1DDC 053:536.248 JLINK_WriteMem(0x9046C130, 0xBC0 Bytes, ...)
T1DDC 053:536.268   Data:  A7 30 90 FC 57 17 71 53 AA 86 03 00 B7 0D 53 26 ...
T1DDC 053:536.296   completely In flash
T1DDC 053:536.316 - 0.069ms returns 0xBC0
T1DDC 053:536.640 JLINK_WriteMem(0x9046CCF0, 0xBB0 Bytes, ...)
T1DDC 053:536.664   Data:  FA 12 E8 91 20 C6 AE 9C A3 54 40 E6 41 C8 74 A1 ...
T1DDC 053:536.688   completely In flash
T1DDC 053:536.712 - 0.070ms returns 0xBB0
T1DDC 053:537.028 JLINK_WriteMem(0x9046D8A0, 0xBB0 Bytes, ...)
T1DDC 053:537.048   Data:  DA A8 61 02 A9 4D 61 D8 15 71 C1 48 F1 45 C5 5E ...
T1DDC 053:537.076   completely In flash
T1DDC 053:537.096 - 0.069ms returns 0xBB0
T1DDC 053:537.384 JLINK_WriteMem(0x9046E450, 0xBB0 Bytes, ...)
T1DDC 053:537.408   Data:  D0 30 B0 B6 EC 44 1C A7 E8 44 98 30 14 4D 0C 29 ...
T1DDC 053:537.432   completely In flash
T1DDC 053:537.456 - 0.072ms returns 0xBB0
T1DDC 053:537.760 JLINK_WriteMem(0x9046F000, 0xBB0 Bytes, ...)
T1DDC 053:537.780   Data:  46 42 CF 0D 68 A0 10 D4 C4 17 BB 31 F3 10 46 D2 ...
T1DDC 053:537.804   completely In flash
T1DDC 053:537.828 - 0.067ms returns 0xBB0
T1DDC 053:538.132 JLINK_WriteMem(0x9046FBB0, 0xBC0 Bytes, ...)
T1DDC 053:538.152   Data:  68 4E 79 DF C4 B8 01 24 FE D6 67 64 18 10 D4 10 ...
T1DDC 053:538.180   completely In flash
T1DDC 053:538.200 - 0.071ms returns 0xBC0
T1DDC 053:538.516 JLINK_WriteMem(0x90470770, 0xBC0 Bytes, ...)
T1DDC 053:538.540   Data:  40 E8 FD 04 45 D5 39 6B 52 5D 2A 2E 69 F0 D4 12 ...
T1DDC 053:538.568   completely In flash
T1DDC 053:538.592 - 0.078ms returns 0xBC0
T1DDC 053:538.900 JLINK_WriteMem(0x90471330, 0xBB0 Bytes, ...)
T1DDC 053:538.920   Data:  AC 20 35 C7 62 10 5A 80 95 88 02 D6 04 62 CD 82 ...
T1DDC 053:538.944   completely In flash
T1DDC 053:538.968 - 0.068ms returns 0xBB0
T1DDC 053:539.284 JLINK_WriteMem(0x90471EE0, 0xBB0 Bytes, ...)
T1DDC 053:539.308   Data:  50 DC 7A 40 9A B6 73 05 D4 3D 87 41 05 11 0F 8A ...
T1DDC 053:539.332   completely In flash
T1DDC 053:539.356 - 0.072ms returns 0xBB0
T1DDC 053:539.640 JLINK_WriteMem(0x90472A90, 0xBB0 Bytes, ...)
T1DDC 053:539.664   Data:  C4 BB 6A C3 DA 5A B4 27 6F 49 C3 48 95 A6 9E E4 ...
T1DDC 053:539.688   completely In flash
T1DDC 053:539.712 - 0.071ms returns 0xBB0
T1DDC 053:540.028 JLINK_WriteMem(0x90473640, 0xBB0 Bytes, ...)
T1DDC 053:540.048   Data:  21 5A 49 FF 7E 04 21 22 20 4C 96 E8 90 A6 4C 6B ...
T1DDC 053:540.072   completely In flash
T1DDC 053:540.096 - 0.068ms returns 0xBB0
T1DDC 053:540.392 JLINK_WriteMem(0x904741F0, 0x8F0 Bytes, ...)
T1DDC 053:540.420   Data:  F1 5F 55 6C 05 9F C5 EC 95 A0 4C 55 21 9C 03 06 ...
T1DDC 053:540.444   completely In flash
T1DDC 053:540.472 - 0.076ms returns 0x8F0
T1DDC 053:545.284 JLINK_ReadMem(0x020125E6, 0x2 Bytes, ...)
T1DDC 053:545.352    -- Read from flash cache (2 bytes @ 0x020125E6)
T1DDC 053:545.376   Data:  10 B5
T1DDC 053:545.400 - 0.113ms returns 0
T1DDC 053:555.248 JLINK_WriteMem(0x02041C00, 0x58 Bytes, ...)
T1DDC 053:555.292   Data:  40 44 14 22 6D 3A 04 02 69 39 04 02 79 3A 04 02 ...
T1DDC 053:555.320   completely In flash
T1DDC 053:555.344 - 0.096ms returns 0x58
T1DDC 053:555.856 JLINK_WriteMem(0x02041C60, 0x10 Bytes, ...)
T1DDC 053:555.896   Data:  00 00 10 08 00 00 00 00 00 00 00 00 00 00 00 00
T1DDC 053:555.928   completely In flash
T1DDC 053:555.956 - 0.098ms returns 0x10
T1DDC 053:556.516 JLINK_WriteMem(0x02041C70, 0xBC0 Bytes, ...)
T1DDC 053:556.552   Data:  80 B5 82 B0 44 F2 6C 40 C2 F2 14 20 00 68 01 A9 ...
T1DDC 053:556.584   completely In flash
T1DDC 053:556.608 - 0.094ms returns 0xBC0
T1DDC 053:557.108 JLINK_WriteMem(0x02042830, 0xBD0 Bytes, ...)
T1DDC 053:557.140   Data:  42 EA CE 12 42 F0 04 02 8C F8 03 20 02 69 13 79 ...
T1DDC 053:557.192   completely In flash
T1DDC 053:557.220 - 0.111ms returns 0xBD0
T1DDC 053:557.784 JLINK_WriteMem(0x02043400, 0xBC0 Bytes, ...)
T1DDC 053:557.848   Data:  18 21 11 70 90 F9 04 10 5C F8 21 00 40 F0 80 72 ...
T1DDC 053:557.908   completely In flash
T1DDC 053:557.944 - 0.161ms returns 0xBC0
T1DDC 053:558.644 JLINK_WriteMem(0x02043FC0, 0xBB0 Bytes, ...)
T1DDC 053:558.740   Data:  54 F8 24 0F 69 1C 61 61 70 B1 20 46 00 F0 B0 FF ...
T1DDC 053:558.780   completely In flash
T1DDC 053:558.804 - 0.162ms returns 0xBB0
T1DDC 053:559.268 JLINK_WriteMem(0x02044B70, 0xBB0 Bytes, ...)
T1DDC 053:559.304   Data:  44 F6 A0 40 C2 F2 14 20 00 21 44 F6 88 4C 01 60 ...
T1DDC 053:559.328   completely In flash
T1DDC 053:559.352 - 0.086ms returns 0xBB0
T1DDC 053:559.640 JLINK_WriteMem(0x02045720, 0xA52 Bytes, ...)
T1DDC 053:559.664   Data:  20 28 20 28 20 28 20 70 78 44 65 6C 61 79 65 64 ...
T1DDC 053:559.692   completely In flash
T1DDC 053:559.720 - 0.075ms returns 0xA52
T1DDC 053:560.328 JLINK_ReadMem(0x020125E6, 0x2 Bytes, ...)
T1DDC 053:560.376    -- Read from flash cache (2 bytes @ 0x020125E6)
T1DDC 053:560.396   Data:  10 B5
T1DDC 053:560.424 - 0.098ms returns 0
T1DDC 053:573.400 JLINK_EndDownload()
T1DDC 053:573.772   CPU_ReadMem(4 bytes @ 0xE000ED90)
T1DDC 053:574.108   CPU_ReadMem(4 bytes @ 0xE000ED94)
T1DDC 053:574.584    -- --------------------------------------
T1DDC 053:574.648    -- Start of determining flash info (Bank @ 0x02000000)
T1DDC 053:574.680    -- End of determining flash info
T1DDC 053:574.704    -- Start of determining dirty areas in flash cache
T1DDC 053:574.792    -- Filling invalid ranges in sector buffer (flash cache) for sector @ 0x02041800 if necessary
T1DDC 053:574.816    -- Filling invalid ranges in sector buffer (flash cache) for sector @ 0x02042000 if necessary
T1DDC 053:574.840    -- Filling invalid ranges in sector buffer (flash cache) for sector @ 0x02042800 if necessary
T1DDC 053:574.860    -- Filling invalid ranges in sector buffer (flash cache) for sector @ 0x02043000 if necessary
T1DDC 053:574.888    -- Filling invalid ranges in sector buffer (flash cache) for sector @ 0x02043800 if necessary
T1DDC 053:574.916    -- Filling invalid ranges in sector buffer (flash cache) for sector @ 0x02044000 if necessary
T1DDC 053:574.940    -- Filling invalid ranges in sector buffer (flash cache) for sector @ 0x02044800 if necessary
T1DDC 053:574.964    -- Filling invalid ranges in sector buffer (flash cache) for sector @ 0x02045000 if necessary
T1DDC 053:574.988    -- Filling invalid ranges in sector buffer (flash cache) for sector @ 0x02045800 if necessary
T1DDC 053:575.012    -- Filling invalid ranges in sector buffer (flash cache) for sector @ 0x02046000 if necessary
T1DDC 053:575.216    -- End of determining dirty areas
T1DDC 053:575.240    -- Start of preparing flash programming
T1DDC 053:575.264    -- Preparing RAMCode
T1DDC 053:575.288    -- Calculating RAM usage
T1DDC 053:575.312    -- RAM usage = 11232 Bytes
T1DDC 053:575.336    -- Preserving CPU registers
T1DDC 053:575.392    -- Preparing memory
T1DDC 053:575.416    -- Preparing target
T1DDC 053:575.440    -- Preserving target RAM temporarily used for programming
T1DDC 053:639.848    -- Downloading RAMCode
T1DDC 053:670.304    -- Initializing RAMCode (InitType: 3 = Verify)
T1DDC 053:670.360    -- Executing SEGGER_FL_Prepare(3)
T1DDC 053:677.412    -- SEGGER_FL_Prepare() changed clock speed to 150000000Hz
T1DDC 053:677.460    -- End of preparing flash programming
T1DDC 053:680.012    -- CPU is running at 150000 kHz.
T1DDC 053:680.108    -- Start of comparing flash
T1DDC 053:680.152    -- CRC check was estimated as fastest method
T1DDC 053:780.940    -- Comparing range 0x2041800 - 0x20467FF (10 Sectors, 20 KB), using single-block CRC calculation
T1DDC 053:810.860    -- CRC does not match, checking individual sectors
T1DDC 053:825.016    -- CRC does not match for sectors 131-140
T1DDC 053:825.132    -- End of comparing flash
T1DDC 053:825.172    -- Start of erasing sectors
T1DDC 053:825.204    -- Erasing range 0x02041800 - 0x020467FF ( 10 Sectors, 20 KB)
T1DDC 053:868.372    -- End of erasing sectors
T1DDC 053:868.440    -- Start of flash programming
T1DDC 053:868.472    -- Programming range 0x02041800 - 0x020467FF ( 10 Sectors, 20 KB)
T1DDC 054:017.304    -- End of flash programming
T1DDC 054:017.364    -- 0x2041800 - 0x20467FF ( 10 Sectors, 20 KB)
T1DDC 054:017.388    -- Start of verifying flash
T1DDC 054:017.416    -- Checksum calculation was estimated as fastest method
T1DDC 054:017.440    -- Checksum is not supported by this flash bank. Switched to read back method.
T1DDC 054:049.656    -- End of verifying flash
T1DDC 054:049.720    -- Start of restoring
T1DDC 054:049.752    -- Executing SEGGER_FL_Restore()
T1DDC 054:055.380    -- Restoring target memory
T1DDC 054:114.488    -- Restoring CPU registers
T1DDC 054:114.924    -- End of restoring
T1DDC 054:114.968    -- Bank 0 @ 0x02000000: 1 range affected (20480 bytes)
T1DDC 054:114.996    -- Total: 0.539s (Prepare: 0.104s, Compare: 0.145s, Erase: 0.043s, Program: 0.169s, Verify: 0.012s, Restore: 0.065s)
T1DDC 054:115.020    -- Program speed: 118 KB/s
T1DDC 054:225.832    -- --------------------------------------
T1DDC 054:225.900    -- Start of determining flash info (Bank @ 0x90000000)
T1DDC 054:225.928    -- Loader provides SEGGER_OPEN_GetFlashInfo(). Determining dynamic flash info (sectorization etc.) now
T1DDC 054:225.952    -- Preparing RAMCode
T1DDC 054:225.972    -- Calculating RAM usage
T1DDC 054:225.992    -- RAM usage = 16144 Bytes
T1DDC 054:226.008    -- Preserving CPU registers
T1DDC 054:226.072    -- Preparing memory
T1DDC 054:226.092    -- Preparing target
T1DDC 054:226.112    -- Preserving target RAM temporarily used for programming
T1DDC 054:317.848    -- Downloading RAMCode
T1DDC 054:443.476    -- Initializing RAMCode (InitType: 3 = Verify)
T1DDC 054:443.572    -- Executing SEGGER_FL_Prepare(3)
T1DDC 054:455.360    -- Executing SEGGER_FL_Restore()
T1DDC 054:461.000    -- Restoring target memory
T1DDC 054:544.564    -- Restoring CPU registers
T1DDC 054:545.012    -- SEGGER_OPEN_GetFlashInfo(): Loader detected 1 sector ranges.
T1DDC 054:545.064    -- SEGGER_OPEN_GetFlashInfo(): Flash size changed from 0x10000000 to 0x04000000 according to new sector ranges.
T1DDC 054:545.080    -- End of determining flash info
T1DDC 054:545.096    -- Start of determining dirty areas in flash cache
T1DDC 054:545.120    -- Filling invalid ranges in sector buffer (flash cache) for sector @ 0x90000000 if necessary
T1DDC 054:545.144    -- Filling invalid ranges in sector buffer (flash cache) for sector @ 0x90010000 if necessary
T1DDC 054:545.160    -- Filling invalid ranges in sector buffer (flash cache) for sector @ 0x90020000 if necessary
T1DDC 054:545.176    -- Filling invalid ranges in sector buffer (flash cache) for sector @ 0x90030000 if necessary
T1DDC 054:545.196    -- Filling invalid ranges in sector buffer (flash cache) for sector @ 0x90040000 if necessary
T1DDC 054:545.216    -- Filling invalid ranges in sector buffer (flash cache) for sector @ 0x90050000 if necessary
T1DDC 054:545.236    -- Filling invalid ranges in sector buffer (flash cache) for sector @ 0x90060000 if necessary
T1DDC 054:545.256    -- Filling invalid ranges in sector buffer (flash cache) for sector @ 0x90070000 if necessary
T1DDC 054:545.272    -- Filling invalid ranges in sector buffer (flash cache) for sector @ 0x90080000 if necessary
T1DDC 054:545.292    -- Filling invalid ranges in sector buffer (flash cache) for sector @ 0x90090000 if necessary
T1DDC 054:545.312    -- Filling invalid ranges in sector buffer (flash cache) for sector @ 0x900A0000 if necessary
T1DDC 054:545.332    -- Filling invalid ranges in sector buffer (flash cache) for sector @ 0x900B0000 if necessary
T1DDC 054:545.352    -- Filling invalid ranges in sector buffer (flash cache) for sector @ 0x900C0000 if necessary
T1DDC 054:545.368    -- Filling invalid ranges in sector buffer (flash cache) for sector @ 0x900D0000 if necessary
T1DDC 054:545.396    -- Filling invalid ranges in sector buffer (flash cache) for sector @ 0x900E0000 if necessary
T1DDC 054:545.416    -- Filling invalid ranges in sector buffer (flash cache) for sector @ 0x900F0000 if necessary
T1DDC 054:545.432    -- Filling invalid ranges in sector buffer (flash cache) for sector @ 0x90100000 if necessary
T1DDC 054:545.452    -- Filling invalid ranges in sector buffer (flash cache) for sector @ 0x90110000 if necessary
T1DDC 054:545.472    -- Filling invalid ranges in sector buffer (flash cache) for sector @ 0x90120000 if necessary
T1DDC 054:545.492    -- Filling invalid ranges in sector buffer (flash cache) for sector @ 0x90130000 if necessary
T1DDC 054:545.512    -- Filling invalid ranges in sector buffer (flash cache) for sector @ 0x90140000 if necessary
T1DDC 054:545.528    -- Filling invalid ranges in sector buffer (flash cache) for sector @ 0x90150000 if necessary
T1DDC 054:545.548    -- Filling invalid ranges in sector buffer (flash cache) for sector @ 0x90160000 if necessary
T1DDC 054:545.568    -- Filling invalid ranges in sector buffer (flash cache) for sector @ 0x90170000 if necessary
T1DDC 054:545.588    -- Filling invalid ranges in sector buffer (flash cache) for sector @ 0x90180000 if necessary
T1DDC 054:545.608    -- Filling invalid ranges in sector buffer (flash cache) for sector @ 0x90190000 if necessary
T1DDC 054:545.624    -- Filling invalid ranges in sector buffer (flash cache) for sector @ 0x901A0000 if necessary
T1DDC 054:545.644    -- Filling invalid ranges in sector buffer (flash cache) for sector @ 0x901B0000 if necessary
T1DDC 054:545.664    -- Filling invalid ranges in sector buffer (flash cache) for sector @ 0x901C0000 if necessary
T1DDC 054:545.684    -- Filling invalid ranges in sector buffer (flash cache) for sector @ 0x901D0000 if necessary
T1DDC 054:545.704    -- Filling invalid ranges in sector buffer (flash cache) for sector @ 0x901E0000 if necessary
T1DDC 054:545.720    -- Filling invalid ranges in sector buffer (flash cache) for sector @ 0x901F0000 if necessary
T1DDC 054:545.740    -- Filling invalid ranges in sector buffer (flash cache) for sector @ 0x90200000 if necessary
T1DDC 054:545.864    -- Filling invalid ranges in sector buffer (flash cache) for sector @ 0x90210000 if necessary
T1DDC 054:545.880    -- Filling invalid ranges in sector buffer (flash cache) for sector @ 0x90220000 if necessary
T1DDC 054:545.900    -- Filling invalid ranges in sector buffer (flash cache) for sector @ 0x90230000 if necessary
T1DDC 054:545.920    -- Filling invalid ranges in sector buffer (flash cache) for sector @ 0x90240000 if necessary
T1DDC 054:545.940    -- Filling invalid ranges in sector buffer (flash cache) for sector @ 0x90250000 if necessary
T1DDC 054:545.960    -- Filling invalid ranges in sector buffer (flash cache) for sector @ 0x90260000 if necessary
T1DDC 054:545.976    -- Filling invalid ranges in sector buffer (flash cache) for sector @ 0x90270000 if necessary
T1DDC 054:546.004    -- Filling invalid ranges in sector buffer (flash cache) for sector @ 0x90280000 if necessary
T1DDC 054:546.024    -- Filling invalid ranges in sector buffer (flash cache) for sector @ 0x90290000 if necessary
T1DDC 054:546.068    -- Filling invalid ranges in sector buffer (flash cache) for sector @ 0x902A0000 if necessary
T1DDC 054:546.088    -- Filling invalid ranges in sector buffer (flash cache) for sector @ 0x902B0000 if necessary
T1DDC 054:546.104    -- Filling invalid ranges in sector buffer (flash cache) for sector @ 0x902C0000 if necessary
T1DDC 054:546.124    -- Filling invalid ranges in sector buffer (flash cache) for sector @ 0x902D0000 if necessary
T1DDC 054:546.152    -- Filling invalid ranges in sector buffer (flash cache) for sector @ 0x902E0000 if necessary
T1DDC 054:546.168    -- Filling invalid ranges in sector buffer (flash cache) for sector @ 0x902F0000 if necessary
T1DDC 054:546.188    -- Filling invalid ranges in sector buffer (flash cache) for sector @ 0x90300000 if necessary
T1DDC 054:546.208    -- Filling invalid ranges in sector buffer (flash cache) for sector @ 0x90310000 if necessary
T1DDC 054:546.228    -- Filling invalid ranges in sector buffer (flash cache) for sector @ 0x90320000 if necessary
T1DDC 054:546.248    -- Filling invalid ranges in sector buffer (flash cache) for sector @ 0x90330000 if necessary
T1DDC 054:546.264    -- Filling invalid ranges in sector buffer (flash cache) for sector @ 0x90340000 if necessary
T1DDC 054:546.284    -- Filling invalid ranges in sector buffer (flash cache) for sector @ 0x90350000 if necessary
T1DDC 054:546.304    -- Filling invalid ranges in sector buffer (flash cache) for sector @ 0x90360000 if necessary
T1DDC 054:546.324    -- Filling invalid ranges in sector buffer (flash cache) for sector @ 0x90370000 if necessary
T1DDC 054:546.344    -- Filling invalid ranges in sector buffer (flash cache) for sector @ 0x90380000 if necessary
T1DDC 054:546.360    -- Filling invalid ranges in sector buffer (flash cache) for sector @ 0x90390000 if necessary
T1DDC 054:546.380    -- Filling invalid ranges in sector buffer (flash cache) for sector @ 0x903A0000 if necessary
T1DDC 054:546.400    -- Filling invalid ranges in sector buffer (flash cache) for sector @ 0x903B0000 if necessary
T1DDC 054:546.420    -- Filling invalid ranges in sector buffer (flash cache) for sector @ 0x903C0000 if necessary
T1DDC 054:546.440    -- Filling invalid ranges in sector buffer (flash cache) for sector @ 0x903D0000 if necessary
T1DDC 054:546.456    -- Filling invalid ranges in sector buffer (flash cache) for sector @ 0x903E0000 if necessary
T1DDC 054:546.484    -- Filling invalid ranges in sector buffer (flash cache) for sector @ 0x903F0000 if necessary
T1DDC 054:546.504    -- Filling invalid ranges in sector buffer (flash cache) for sector @ 0x90400000 if necessary
T1DDC 054:546.520    -- Filling invalid ranges in sector buffer (flash cache) for sector @ 0x90410000 if necessary
T1DDC 054:546.540    -- Filling invalid ranges in sector buffer (flash cache) for sector @ 0x90420000 if necessary
T1DDC 054:546.560    -- Filling invalid ranges in sector buffer (flash cache) for sector @ 0x90430000 if necessary
T1DDC 054:546.580    -- Filling invalid ranges in sector buffer (flash cache) for sector @ 0x90440000 if necessary
T1DDC 054:546.604    -- Filling invalid ranges in sector buffer (flash cache) for sector @ 0x90450000 if necessary
T1DDC 054:546.624    -- Filling invalid ranges in sector buffer (flash cache) for sector @ 0x90460000 if necessary
T1DDC 054:546.644    -- Filling invalid ranges in sector buffer (flash cache) for sector @ 0x90470000 if necessary
T1DDC 054:556.256    -- End of determining dirty areas
T1DDC 054:556.296    -- Start of preparing flash programming
T1DDC 054:556.308    -- Preparing RAMCode
T1DDC 054:556.328    -- Calculating RAM usage
T1DDC 054:556.344    -- RAM usage = 28432 Bytes
T1DDC 054:556.364    -- Preserving CPU registers
T1DDC 054:556.404    -- Preparing memory
T1DDC 054:556.424    -- Preparing target
T1DDC 054:556.440    -- Preserving target RAM temporarily used for programming
T1DDC 054:718.476    -- Downloading RAMCode
T1DDC 054:843.936    -- Initializing RAMCode (InitType: 3 = Verify)
T1DDC 054:844.000    -- Executing SEGGER_FL_Prepare(3)
T1DDC 054:850.368    -- End of preparing flash programming
T1DDC 054:852.312    -- CPU speed could not be measured.
T1DDC 054:852.352    -- Start of comparing flash
T1DDC 054:852.372    -- CRC check was estimated as fastest method
T1DDC 054:917.236    -- Comparing range 0x90000000 - 0x9001FFFF (2 Sectors, 128 KB), using single-block CRC calculation
T1DDC 055:124.140    -- CRC does not match, checking individual sectors
T1DDC 055:230.188    -- CRC does not match for sector 0
T1DDC 055:337.848    -- CRC does not match for sector 1
T1DDC 055:341.504    -- Comparing range 0x90020000 - 0x9003FFFF (2 Sectors, 128 KB), using single-block CRC calculation
T1DDC 055:587.828    -- CRC does not match, checking individual sectors
T1DDC 055:742.904    -- CRC does not match for sector 2
T1DDC 055:876.776    -- CRC does not match for sector 3
T1DDC 055:877.736    -- Comparing range 0x90040000 - 0x9005FFFF (2 Sectors, 128 KB), using single-block CRC calculation
T1DDC 056:153.836    -- CRC does not match, checking individual sectors
T1DDC 056:299.468    -- CRC does not match for sector 4
T1DDC 056:509.248    -- CRC does not match for sector 5
T1DDC 056:530.292    -- Comparing range 0x90060000 - 0x9007FFFF (2 Sectors, 128 KB), using single-block CRC calculation
T1DDC 056:775.576    -- CRC does not match, checking individual sectors
T1DDC 056:951.912    -- CRC does not match for sector 6
T1DDC 057:113.556    -- CRC does not match for sector 7
T1DDC 057:116.492    -- Comparing range 0x90080000 - 0x9009FFFF (2 Sectors, 128 KB), using single-block CRC calculation
T1DDC 057:413.076    -- CRC does not match, checking individual sectors
T1DDC 057:615.616    -- CRC does not match for sector 8
T1DDC 057:789.728    -- CRC does not match for sector 9
T1DDC 057:819.060    -- Comparing range 0x900A0000 - 0x900BFFFF (2 Sectors, 128 KB), using single-block CRC calculation
T1DDC 058:061.320    -- CRC does not match, checking individual sectors
T1DDC 058:165.900    -- CRC does not match for sector 10
T1DDC 058:270.616    -- CRC does not match for sector 11
T1DDC 058:274.600    -- Comparing range 0x900C0000 - 0x900DFFFF (2 Sectors, 128 KB), using single-block CRC calculation
T1DDC 058:482.452    -- CRC does not match, checking individual sectors
T1DDC 058:586.600    -- CRC does not match for sector 12
T1DDC 058:690.868    -- CRC does not match for sector 13
T1DDC 058:691.192    -- Comparing range 0x900E0000 - 0x900FFFFF (2 Sectors, 128 KB), using single-block CRC calculation
T1DDC 058:896.376    -- CRC does not match, checking individual sectors
T1DDC 059:000.056    -- CRC does not match for sector 14
T1DDC 059:103.732    -- CRC does not match for sector 15
T1DDC 059:104.200    -- Comparing range 0x90100000 - 0x9011FFFF (2 Sectors, 128 KB), using single-block CRC calculation
T1DDC 059:311.944    -- CRC does not match, checking individual sectors
T1DDC 059:426.048    -- CRC does not match for sector 16
T1DDC 059:556.820    -- CRC does not match for sector 17
T1DDC 059:565.608    -- Comparing range 0x90120000 - 0x9013FFFF (2 Sectors, 128 KB), using single-block CRC calculation
T1DDC 059:799.628    -- CRC does not match, checking individual sectors
T1DDC 059:904.052    -- CRC does not match for sector 18
T1DDC 060:009.940    -- CRC does not match for sector 19
T1DDC 060:010.528    -- Comparing range 0x90140000 - 0x9015FFFF (2 Sectors, 128 KB), using single-block CRC calculation
T1DDC 060:216.520    -- CRC does not match, checking individual sectors
T1DDC 060:321.172    -- CRC does not match for sector 20
T1DDC 060:458.296    -- CRC does not match for sector 21
T1DDC 060:462.176    -- Comparing range 0x90160000 - 0x9017FFFF (2 Sectors, 128 KB), using single-block CRC calculation
T1DDC 060:691.480    -- CRC does not match, checking individual sectors
T1DDC 060:809.928    -- CRC does not match for sector 22
T1DDC 060:924.760    -- CRC does not match for sector 23
T1DDC 060:925.396    -- Comparing range 0x90180000 - 0x9019FFFF (2 Sectors, 128 KB), using single-block CRC calculation
T1DDC 061:132.264    -- CRC does not match, checking individual sectors
T1DDC 061:239.796    -- CRC does not match for sector 24
T1DDC 061:432.576    -- CRC does not match for sector 25
T1DDC 061:435.384    -- Comparing range 0x901A0000 - 0x901BFFFF (2 Sectors, 128 KB), using single-block CRC calculation
T1DDC 061:740.600    -- CRC does not match, checking individual sectors
T1DDC 061:846.392    -- CRC does not match for sector 26
T1DDC 061:955.540    -- CRC does not match for sector 27
T1DDC 061:961.320    -- Comparing range 0x901C0000 - 0x901DFFFF (2 Sectors, 128 KB), using single-block CRC calculation
T1DDC 062:168.980    -- CRC does not match, checking individual sectors
T1DDC 062:273.804    -- CRC does not match for sector 28
T1DDC 062:378.424    -- CRC does not match for sector 29
T1DDC 062:378.880    -- Comparing range 0x901E0000 - 0x901FFFFF (2 Sectors, 128 KB), using single-block CRC calculation
T1DDC 062:589.592    -- CRC does not match, checking individual sectors
T1DDC 062:694.168    -- CRC does not match for sector 30
T1DDC 062:798.912    -- CRC does not match for sector 31
T1DDC 062:799.360    -- Comparing range 0x90200000 - 0x9021FFFF (2 Sectors, 128 KB), using single-block CRC calculation
T1DDC 063:005.120    -- CRC does not match, checking individual sectors
T1DDC 063:109.480    -- CRC does not match for sector 32
T1DDC 063:214.408    -- CRC does not match for sector 33
T1DDC 063:214.784    -- Comparing range 0x90220000 - 0x9023FFFF (2 Sectors, 128 KB), using single-block CRC calculation
T1DDC 063:421.184    -- CRC does not match, checking individual sectors
T1DDC 063:525.204    -- CRC does not match for sector 34
T1DDC 063:629.164    -- CRC does not match for sector 35
T1DDC 063:629.536    -- Comparing range 0x90240000 - 0x9025FFFF (2 Sectors, 128 KB), using single-block CRC calculation
T1DDC 063:835.640    -- CRC does not match, checking individual sectors
T1DDC 063:940.332    -- CRC does not match for sector 36
T1DDC 064:044.724    -- CRC does not match for sector 37
T1DDC 064:045.204    -- Comparing range 0x90260000 - 0x9027FFFF (2 Sectors, 128 KB), using single-block CRC calculation
T1DDC 064:253.152    -- CRC does not match, checking individual sectors
T1DDC 064:357.064    -- CRC does not match for sector 38
T1DDC 064:461.880    -- CRC does not match for sector 39
T1DDC 064:462.456    -- Comparing range 0x90280000 - 0x9029FFFF (2 Sectors, 128 KB), using single-block CRC calculation
T1DDC 064:667.688    -- CRC does not match, checking individual sectors
T1DDC 064:771.244    -- CRC does not match for sector 40
T1DDC 064:875.380    -- CRC does not match for sector 41
T1DDC 064:880.108    -- Comparing range 0x902A0000 - 0x902BFFFF (2 Sectors, 128 KB), using single-block CRC calculation
T1DDC 065:089.620    -- CRC does not match, checking individual sectors
T1DDC 065:194.936    -- CRC does not match for sector 42
T1DDC 065:299.840    -- CRC does not match for sector 43
T1DDC 065:307.456    -- Comparing range 0x902C0000 - 0x902DFFFF (2 Sectors, 128 KB), using single-block CRC calculation
T1DDC 065:514.248    -- CRC does not match, checking individual sectors
T1DDC 065:618.552    -- CRC does not match for sector 44
T1DDC 065:722.424    -- CRC does not match for sector 45
T1DDC 065:722.824    -- Comparing range 0x902E0000 - 0x902FFFFF (2 Sectors, 128 KB), using single-block CRC calculation
T1DDC 065:928.232    -- CRC does not match, checking individual sectors
T1DDC 066:032.884    -- CRC does not match for sector 46
T1DDC 066:137.504    -- CRC does not match for sector 47
T1DDC 066:137.844    -- Comparing range 0x90300000 - 0x9031FFFF (2 Sectors, 128 KB), using single-block CRC calculation
T1DDC 066:344.608    -- CRC does not match, checking individual sectors
T1DDC 066:453.004    -- CRC does not match for sector 48
T1DDC 066:557.408    -- CRC does not match for sector 49
T1DDC 066:557.716    -- Comparing range 0x90320000 - 0x9033FFFF (2 Sectors, 128 KB), using single-block CRC calculation
T1DDC 066:763.832    -- CRC does not match, checking individual sectors
T1DDC 066:868.416    -- CRC does not match for sector 50
T1DDC 066:972.020    -- CRC does not match for sector 51
T1DDC 066:972.396    -- Comparing range 0x90340000 - 0x9035FFFF (2 Sectors, 128 KB), using single-block CRC calculation
T1DDC 067:177.840    -- CRC does not match, checking individual sectors
T1DDC 067:282.288    -- CRC does not match for sector 52
T1DDC 067:386.496    -- CRC does not match for sector 53
T1DDC 067:386.824    -- Comparing range 0x90360000 - 0x9037FFFF (2 Sectors, 128 KB), using single-block CRC calculation
T1DDC 067:592.080    -- CRC does not match, checking individual sectors
T1DDC 067:697.176    -- CRC does not match for sector 54
T1DDC 067:801.104    -- CRC does not match for sector 55
T1DDC 067:801.480    -- Comparing range 0x90380000 - 0x9039FFFF (2 Sectors, 128 KB), using single-block CRC calculation
T1DDC 068:006.664    -- CRC does not match, checking individual sectors
T1DDC 068:111.416    -- CRC does not match for sector 56
T1DDC 068:216.112    -- CRC does not match for sector 57
T1DDC 068:216.384    -- Comparing range 0x903A0000 - 0x903BFFFF (2 Sectors, 128 KB), using single-block CRC calculation
T1DDC 068:421.544    -- CRC does not match, checking individual sectors
T1DDC 068:526.768    -- CRC does not match for sector 58
T1DDC 068:631.984    -- CRC does not match for sector 59
T1DDC 068:632.408    -- Comparing range 0x903C0000 - 0x903DFFFF (2 Sectors, 128 KB), using single-block CRC calculation
T1DDC 068:837.968    -- CRC does not match, checking individual sectors
T1DDC 068:941.888    -- CRC does not match for sector 60
T1DDC 069:045.664    -- CRC does not match for sector 61
T1DDC 069:046.032    -- Comparing range 0x903E0000 - 0x903FFFFF (2 Sectors, 128 KB), using single-block CRC calculation
T1DDC 069:251.248    -- CRC does not match, checking individual sectors
T1DDC 069:355.248    -- CRC does not match for sector 62
T1DDC 069:458.928    -- CRC does not match for sector 63
T1DDC 069:459.264    -- Comparing range 0x90400000 - 0x9041FFFF (2 Sectors, 128 KB), using single-block CRC calculation
T1DDC 069:664.792    -- CRC does not match, checking individual sectors
T1DDC 069:768.376    -- CRC does not match for sector 64
T1DDC 069:872.824    -- CRC does not match for sector 65
T1DDC 069:873.168    -- Comparing range 0x90420000 - 0x9043FFFF (2 Sectors, 128 KB), using single-block CRC calculation
T1DDC 070:079.688    -- CRC does not match, checking individual sectors
T1DDC 070:185.384    -- CRC does not match for sector 66
T1DDC 070:290.648    -- CRC does not match for sector 67
T1DDC 070:291.736    -- Comparing range 0x90440000 - 0x9045FFFF (2 Sectors, 128 KB), using single-block CRC calculation
T1DDC 070:501.528    -- CRC does not match, checking individual sectors
T1DDC 070:607.632    -- CRC does not match for sector 68
T1DDC 070:713.096    -- CRC does not match for sector 69
T1DDC 070:713.448    -- Comparing range 0x90460000 - 0x9047FFFF (2 Sectors, 128 KB), using single-block CRC calculation
T1DDC 070:919.088    -- CRC does not match, checking individual sectors
T1DDC 071:024.720    -- CRC does not match for sector 70
T1DDC 071:130.192    -- CRC does not match for sector 71
T1DDC 071:130.272    -- End of comparing flash
T1DDC 071:130.312    -- Start of erasing sectors
T1DDC 071:130.344    -- Erasing range 0x90000000 - 0x9001FFFF (  2 Sectors, 128 KB)
T1DDC 071:663.696    -- Erasing range 0x90020000 - 0x9003FFFF (  2 Sectors, 128 KB)
T1DDC 072:211.200    -- Erasing range 0x90040000 - 0x9005FFFF (  2 Sectors, 128 KB)
T1DDC 072:750.352    -- Erasing range 0x90060000 - 0x9007FFFF (  2 Sectors, 128 KB)
T1DDC 073:270.528    -- Erasing range 0x90080000 - 0x9009FFFF (  2 Sectors, 128 KB)
T1DDC 073:818.360    -- Erasing range 0x900A0000 - 0x900BFFFF (  2 Sectors, 128 KB)
T1DDC 074:362.144    -- Erasing range 0x900C0000 - 0x900DFFFF (  2 Sectors, 128 KB)
T1DDC 074:894.592    -- Erasing range 0x900E0000 - 0x900FFFFF (  2 Sectors, 128 KB)
T1DDC 075:392.680    -- Erasing range 0x90100000 - 0x9011FFFF (  2 Sectors, 128 KB)
T1DDC 075:940.400    -- Erasing range 0x90120000 - 0x9013FFFF (  2 Sectors, 128 KB)
T1DDC 076:471.432    -- Erasing range 0x90140000 - 0x9015FFFF (  2 Sectors, 128 KB)
T1DDC 076:986.248    -- Erasing range 0x90160000 - 0x9017FFFF (  2 Sectors, 128 KB)
T1DDC 077:499.288    -- Erasing range 0x90180000 - 0x9019FFFF (  2 Sectors, 128 KB)
T1DDC 078:033.264    -- Erasing range 0x901A0000 - 0x901BFFFF (  2 Sectors, 128 KB)
T1DDC 078:537.760    -- Erasing range 0x901C0000 - 0x901DFFFF (  2 Sectors, 128 KB)
T1DDC 079:090.520    -- Erasing range 0x901E0000 - 0x901FFFFF (  2 Sectors, 128 KB)
T1DDC 079:645.432    -- Erasing range 0x90200000 - 0x9021FFFF (  2 Sectors, 128 KB)
T1DDC 080:204.480    -- Erasing range 0x90220000 - 0x9023FFFF (  2 Sectors, 128 KB)
T1DDC 080:748.120    -- Erasing range 0x90240000 - 0x9025FFFF (  2 Sectors, 128 KB)
T1DDC 081:276.712    -- Erasing range 0x90260000 - 0x9027FFFF (  2 Sectors, 128 KB)
T1DDC 081:797.264    -- Erasing range 0x90280000 - 0x9029FFFF (  2 Sectors, 128 KB)
T1DDC 082:352.528    -- Erasing range 0x902A0000 - 0x902BFFFF (  2 Sectors, 128 KB)
T1DDC 082:897.968    -- Erasing range 0x902C0000 - 0x902DFFFF (  2 Sectors, 128 KB)
T1DDC 083:428.488    -- Erasing range 0x902E0000 - 0x902FFFFF (  2 Sectors, 128 KB)
T1DDC 083:953.232    -- Erasing range 0x90300000 - 0x9031FFFF (  2 Sectors, 128 KB)
T1DDC 084:487.712    -- Erasing range 0x90320000 - 0x9033FFFF (  2 Sectors, 128 KB)
T1DDC 085:037.592    -- Erasing range 0x90340000 - 0x9035FFFF (  2 Sectors, 128 KB)
T1DDC 085:570.704    -- Erasing range 0x90360000 - 0x9037FFFF (  2 Sectors, 128 KB)
T1DDC 086:070.536    -- Erasing range 0x90380000 - 0x9039FFFF (  2 Sectors, 128 KB)
T1DDC 086:606.280    -- Erasing range 0x903A0000 - 0x903BFFFF (  2 Sectors, 128 KB)
T1DDC 087:119.536    -- Erasing range 0x903C0000 - 0x903DFFFF (  2 Sectors, 128 KB)
T1DDC 087:625.976    -- Erasing range 0x903E0000 - 0x903FFFFF (  2 Sectors, 128 KB)
T1DDC 088:144.824    -- Erasing range 0x90400000 - 0x9041FFFF (  2 Sectors, 128 KB)
T1DDC 088:682.232    -- Erasing range 0x90420000 - 0x9043FFFF (  2 Sectors, 128 KB)
T1DDC 089:190.448    -- Erasing range 0x90440000 - 0x9045FFFF (  2 Sectors, 128 KB)
T1DDC 089:702.800    -- Erasing range 0x90460000 - 0x9047FFFF (  2 Sectors, 128 KB)
T1DDC 090:207.096    -- End of erasing sectors
T1DDC 090:207.192    -- Start of flash programming
T1DDC 090:207.232    -- Programming range 0x90000000 - 0x9000FFFF (  1 Sector, 64 KB)
T1DDC 090:552.072    -- Programming range 0x90010000 - 0x9001FFFF (  1 Sector, 64 KB)
T1DDC 090:923.696    -- Programming range 0x90020000 - 0x9002FFFF (  1 Sector, 64 KB)
T1DDC 091:306.288    -- Programming range 0x90030000 - 0x9003FFFF (  1 Sector, 64 KB)
T1DDC 091:677.072    -- Programming range 0x90040000 - 0x9004FFFF (  1 Sector, 64 KB)
T1DDC 092:052.632    -- Programming range 0x90050000 - 0x9005FFFF (  1 Sector, 64 KB)
T1DDC 092:436.952    -- Programming range 0x90060000 - 0x9006FFFF (  1 Sector, 64 KB)
T1DDC 092:808.232    -- Programming range 0x90070000 - 0x9007FFFF (  1 Sector, 64 KB)
T1DDC 093:187.280    -- Programming range 0x90080000 - 0x9008FFFF (  1 Sector, 64 KB)
T1DDC 093:561.336    -- Programming range 0x90090000 - 0x9009FFFF (  1 Sector, 64 KB)
T1DDC 093:932.928    -- Programming range 0x900A0000 - 0x900AFFFF (  1 Sector, 64 KB)
T1DDC 094:323.984    -- Programming range 0x900B0000 - 0x900BFFFF (  1 Sector, 64 KB)
T1DDC 094:710.992    -- Programming range 0x900C0000 - 0x900CFFFF (  1 Sector, 64 KB)
T1DDC 095:117.176    -- Programming range 0x900D0000 - 0x900DFFFF (  1 Sector, 64 KB)
T1DDC 095:492.240    -- Programming range 0x900E0000 - 0x900EFFFF (  1 Sector, 64 KB)
T1DDC 095:865.800    -- Programming range 0x900F0000 - 0x900FFFFF (  1 Sector, 64 KB)
T1DDC 096:240.888    -- Programming range 0x90100000 - 0x9010FFFF (  1 Sector, 64 KB)
T1DDC 096:615.736    -- Programming range 0x90110000 - 0x9011FFFF (  1 Sector, 64 KB)
T1DDC 096:988.880    -- Programming range 0x90120000 - 0x9012FFFF (  1 Sector, 64 KB)
T1DDC 097:370.320    -- Programming range 0x90130000 - 0x9013FFFF (  1 Sector, 64 KB)
T1DDC 097:740.568    -- Programming range 0x90140000 - 0x9014FFFF (  1 Sector, 64 KB)
T1DDC 098:114.920    -- Programming range 0x90150000 - 0x9015FFFF (  1 Sector, 64 KB)
T1DDC 098:521.840    -- Programming range 0x90160000 - 0x9016FFFF (  1 Sector, 64 KB)
T1DDC 098:902.680    -- Programming range 0x90170000 - 0x9017FFFF (  1 Sector, 64 KB)
T1DDC 099:288.368    -- Programming range 0x90180000 - 0x9018FFFF (  1 Sector, 64 KB)
T1DDC 099:660.000    -- Programming range 0x90190000 - 0x9019FFFF (  1 Sector, 64 KB)
T1DDC 100:035.784    -- Programming range 0x901A0000 - 0x901AFFFF (  1 Sector, 64 KB)
T1DDC 100:419.640    -- Programming range 0x901B0000 - 0x901BFFFF (  1 Sector, 64 KB)
T1DDC 100:812.728    -- Programming range 0x901C0000 - 0x901CFFFF (  1 Sector, 64 KB)
T1DDC 101:196.864    -- Programming range 0x901D0000 - 0x901DFFFF (  1 Sector, 64 KB)
T1DDC 101:568.264    -- Programming range 0x901E0000 - 0x901EFFFF (  1 Sector, 64 KB)
T1DDC 101:943.280    -- Programming range 0x901F0000 - 0x901FFFFF (  1 Sector, 64 KB)
T1DDC 102:333.192    -- Programming range 0x90200000 - 0x9020FFFF (  1 Sector, 64 KB)
T1DDC 102:704.400    -- Programming range 0x90210000 - 0x9021FFFF (  1 Sector, 64 KB)
T1DDC 103:074.232    -- Programming range 0x90220000 - 0x9022FFFF (  1 Sector, 64 KB)
T1DDC 103:448.080    -- Programming range 0x90230000 - 0x9023FFFF (  1 Sector, 64 KB)
T1DDC 103:813.488    -- Programming range 0x90240000 - 0x9024FFFF (  1 Sector, 64 KB)
T1DDC 104:185.840    -- Programming range 0x90250000 - 0x9025FFFF (  1 Sector, 64 KB)
T1DDC 104:573.384    -- Programming range 0x90260000 - 0x9026FFFF (  1 Sector, 64 KB)
T1DDC 104:945.320    -- Programming range 0x90270000 - 0x9027FFFF (  1 Sector, 64 KB)
T1DDC 105:330.552    -- Programming range 0x90280000 - 0x9028FFFF (  1 Sector, 64 KB)
T1DDC 105:701.264    -- Programming range 0x90290000 - 0x9029FFFF (  1 Sector, 64 KB)
T1DDC 106:077.216    -- Programming range 0x902A0000 - 0x902AFFFF (  1 Sector, 64 KB)
T1DDC 106:469.168    -- Programming range 0x902B0000 - 0x902BFFFF (  1 Sector, 64 KB)
T1DDC 106:843.296    -- Programming range 0x902C0000 - 0x902CFFFF (  1 Sector, 64 KB)
T1DDC 107:242.584    -- Programming range 0x902D0000 - 0x902DFFFF (  1 Sector, 64 KB)
T1DDC 107:624.104    -- Programming range 0x902E0000 - 0x902EFFFF (  1 Sector, 64 KB)
T1DDC 107:993.896    -- Programming range 0x902F0000 - 0x902FFFFF (  1 Sector, 64 KB)
T1DDC 108:375.152    -- Programming range 0x90300000 - 0x9030FFFF (  1 Sector, 64 KB)
T1DDC 108:749.440    -- Programming range 0x90310000 - 0x9031FFFF (  1 Sector, 64 KB)
T1DDC 109:121.680    -- Programming range 0x90320000 - 0x9032FFFF (  1 Sector, 64 KB)
T1DDC 109:487.504    -- Programming range 0x90330000 - 0x9033FFFF (  1 Sector, 64 KB)
T1DDC 109:855.440    -- Programming range 0x90340000 - 0x9034FFFF (  1 Sector, 64 KB)
T1DDC 110:231.168    -- Programming range 0x90350000 - 0x9035FFFF (  1 Sector, 64 KB)
T1DDC 110:605.616    -- Programming range 0x90360000 - 0x9036FFFF (  1 Sector, 64 KB)
T1DDC 110:976.976    -- Programming range 0x90370000 - 0x9037FFFF (  1 Sector, 64 KB)
T1DDC 111:350.872    -- Programming range 0x90380000 - 0x9038FFFF (  1 Sector, 64 KB)
T1DDC 111:726.592    -- Programming range 0x90390000 - 0x9039FFFF (  1 Sector, 64 KB)
T1DDC 112:108.544    -- Programming range 0x903A0000 - 0x903AFFFF (  1 Sector, 64 KB)
T1DDC 112:485.104    -- Programming range 0x903B0000 - 0x903BFFFF (  1 Sector, 64 KB)
T1DDC 112:855.824    -- Programming range 0x903C0000 - 0x903CFFFF (  1 Sector, 64 KB)
T1DDC 113:236.048    -- Programming range 0x903D0000 - 0x903DFFFF (  1 Sector, 64 KB)
T1DDC 113:606.912    -- Programming range 0x903E0000 - 0x903EFFFF (  1 Sector, 64 KB)
T1DDC 113:978.392    -- Programming range 0x903F0000 - 0x903FFFFF (  1 Sector, 64 KB)
T1DDC 114:365.736    -- Programming range 0x90400000 - 0x9040FFFF (  1 Sector, 64 KB)
T1DDC 114:741.488    -- Programming range 0x90410000 - 0x9041FFFF (  1 Sector, 64 KB)
T1DDC 115:120.296    -- Programming range 0x90420000 - 0x9042FFFF (  1 Sector, 64 KB)
T1DDC 115:497.152    -- Programming range 0x90430000 - 0x9043FFFF (  1 Sector, 64 KB)
T1DDC 115:875.920    -- Programming range 0x90440000 - 0x9044FFFF (  1 Sector, 64 KB)
T1DDC 116:271.952    -- Programming range 0x90450000 - 0x9045FFFF (  1 Sector, 64 KB)
T1DDC 116:648.552    -- Programming range 0x90460000 - 0x9046FFFF (  1 Sector, 64 KB)
T1DDC 117:027.456    -- Programming range 0x90470000 - 0x9047FFFF (  1 Sector, 64 KB)
T1DDC 117:169.712    -- End of flash programming
T1DDC 117:169.856    -- 0x90000000 - 0x9047FFFF ( 72 Sectors, 4608 KB)
T1DDC 117:169.920    -- Start of verifying flash
T1DDC 117:169.968    -- Use CRC or checksum calculation as verify method
T1DDC 117:170.024    -- Checksum is not supported by this flash bank. Switched to read back method.
T1DDC 124:662.680    -- End of verifying flash
T1DDC 124:662.744    -- Start of restoring
T1DDC 124:662.768    -- Executing SEGGER_FL_Restore()
T1DDC 124:668.208    -- Restoring target memory
T1DDC 124:812.840    -- Restoring CPU registers
T1DDC 124:813.312    -- End of restoring
T1DDC 124:813.336    -- Bank 9 @ 0x90000000: 1 range affected (4718592 bytes)
T1DDC 124:813.360    -- Total: 70.257s (Prepare: 0.296s, Compare: 16.277s, Erase: 19.076s, Program: 27.013s, Verify: 7.442s, Restore: 0.150s)
T1DDC 124:813.392    -- Program speed: 170 KB/s
T1DDC 124:820.992 - 71247.600ms returns 4739072 (0x485000)
T1DDC 124:823.216 JLINK_WriteReg(R15 (PC), 0x0200E670)
T1DDC 124:823.296 - 0.087ms returns 0
T1DDC 124:823.336 JLINK_WriteReg(XPSR, 0x01000000)
T1DDC 124:823.360 - 0.028ms returns 0
T1DDC 124:823.400 JLINK_WriteReg(R15 (PC), 0x02043A6C)
T1DDC 124:823.424 - 0.026ms returns 0
T1DDC 124:823.464 JLINK_WriteMem(0x2213B854, 0x4 Bytes, ...)
T1DDC 124:823.488   Data:  00 00 00 00
T1DDC 124:823.536   CPU_WriteMem(4 bytes @ 0x2213B854)
T1DDC 124:824.256 - 0.795ms returns 0x4
T1DDC 124:824.336 JLINK_ReadMem(0x2213B854, 0x4 Bytes, ...)
T1DDC 124:824.360   CPU_ReadMem(4 bytes @ 0x2213B854)
T1DDC 124:825.040   Data:  00 00 00 00
T1DDC 124:825.112 - 0.791ms returns 0
T1DDC 124:825.152 JLINK_ReadMem(0x2213B830, 0x4 Bytes, ...)
T1DDC 124:825.192   CPU_ReadMem(4 bytes @ 0x2213B830)
T1DDC 124:825.856   Data:  39 39 3C 41
T1DDC 124:825.960 - 0.796ms returns 0
T1DDC 124:826.008 JLINK_ReadMem(0x0203E7C8, 0x4 Bytes, ...)
T1DDC 124:826.048    -- Read from flash cache (4 bytes @ 0x0203E7C8)
T1DDC 124:826.088   Data:  0F 00 00 00
T1DDC 124:826.112 - 0.110ms returns 0
T1DDC 124:828.720 JLINK_ResetPullsRESET(ON)
T1DDC 124:828.784 - 0.064ms 
T1DDC 124:828.824 JLINK_Halt()
T1DDC 124:829.208 - 0.393ms returns 0x00
T1DDC 124:829.272 JLINK_IsHalted()
T1DDC 124:829.296 - 0.028ms returns TRUE
T1DDC 124:829.328 JLINK_Reset()
T1DDC 124:829.360   ResetTarget() start
T1DDC 124:829.400    J-Link Script File: Executing ResetTarget()
T1DDC 124:829.440   CPU_ReadMem(4 bytes @ 0xE000ED44)
T1DDC 124:829.824   CPU_ReadMem(4 bytes @ 0xE000EE08)
T1DDC 124:830.248   CPU_WriteMem(4 bytes @ 0xE000EE08)
T1DDC 124:830.696   CPU_ReadMem(4 bytes @ 0xE000EE08)
T1DDC 124:831.088   Reset: ARMv8M core with Security Extension enabled detected. Switch to secure domain.
T1DDC 124:831.144   Reset: Halt core after reset via DEMCR.VC_CORERESET.
T1DDC 124:831.192   CPU_WriteMem(4 bytes @ 0xE000EDF0)
T1DDC 124:831.568   CPU_WriteMem(4 bytes @ 0xE000EDFC)
T1DDC 124:832.216   Reset: Reset device via AIRCR.SYSRESETREQ.
T1DDC 124:832.296   CPU_WriteMem(4 bytes @ 0xE000ED0C)
T1DDC 124:884.720   CPU_ReadMem(4 bytes @ 0xE000EDF0)
T1DDC 124:885.328   CPU_ReadMem(4 bytes @ 0xE000EDF0)
T1DDC 124:885.784   CPU_WriteMem(4 bytes @ 0xE000EDFC)
T1DDC 124:886.296   ResetTarget() end - Took 56.8ms
T1DDC 124:886.352   Device specific reset executed.
T1DDC 124:890.352   CPU_WriteMem(4 bytes @ 0xE0002000)
T1DDC 124:890.800   CPU_ReadMem(4 bytes @ 0xE000EDFC)
T1DDC 124:891.184   CPU_ReadMem(4 bytes @ 0xE0001000)
T1DDC 124:891.664   CPU_ReadMem(4 bytes @ 0xE000EE08)
T1DDC 124:892.120 - 62.790ms 
T1DDC 124:892.200 JLINK_SetEndian(ARM_ENDIAN_LITTLE)
T1DDC 124:892.208 - 0.017ms returns 0
T1DDC 124:893.336 JLINK_ReadMem(0x2213B854, 0x4 Bytes, ...)
T1DDC 124:893.416   CPU_ReadMem(4 bytes @ 0x2213B854)
T1DDC 124:894.080   Data:  00 00 00 00
T1DDC 124:894.120 - 0.788ms returns 0
T1DDC 124:894.144 JLINK_ReadMem(0x2213B830, 0x4 Bytes, ...)
T1DDC 124:894.168   CPU_ReadMem(4 bytes @ 0x2213B830)
T1DDC 124:894.760   Data:  39 39 3C 41
T1DDC 124:894.784 - 0.638ms returns 0
T1DDC 124:894.808 JLINK_ReadMem(0x0203E7C8, 0x4 Bytes, ...)
T1DDC 124:894.824    -- Read from flash cache (4 bytes @ 0x0203E7C8)
T1DDC 124:894.848   Data:  0F 00 00 00
T1DDC 124:894.872 - 0.060ms returns 0
T1DDC 124:928.536 JLINK_WriteMem(0x2213B854, 0x4 Bytes, ...)
T1DDC 124:928.592   Data:  00 00 00 00
T1DDC 124:928.640   CPU_WriteMem(4 bytes @ 0x2213B854)
T1DDC 124:929.344 - 0.806ms returns 0x4
T1DDC 124:929.368 JLINK_ReadMem(0x2213B854, 0x4 Bytes, ...)
T1DDC 124:929.392   CPU_ReadMem(4 bytes @ 0x2213B854)
T1DDC 124:930.048   Data:  00 00 00 00
T1DDC 124:930.096 - 0.724ms returns 0
T1DDC 124:930.128 JLINK_ReadMem(0x2213B830, 0x4 Bytes, ...)
T1DDC 124:930.152   CPU_ReadMem(4 bytes @ 0x2213B830)
T1DDC 124:930.736   Data:  39 39 3C 41
T1DDC 124:930.768 - 0.637ms returns 0
T1DDC 124:930.776 JLINK_ReadMem(0x0203E7C8, 0x4 Bytes, ...)
T1DDC 124:930.800    -- Read from flash cache (4 bytes @ 0x0203E7C8)
T1DDC 124:930.832   Data:  0F 00 00 00
T1DDC 124:930.840 - 0.061ms returns 0
T1DDC 124:931.624 JLINK_ReadMem(0x020125E6, 0x2 Bytes, ...)
T1DDC 124:931.664    -- Read from flash cache (2 bytes @ 0x020125E6)
T1DDC 124:931.672   Data:  10 B5
T1DDC 124:931.696 - 0.078ms returns 0
T1DDC 124:934.656 JLINK_ReadMem(0x2213B854, 0x4 Bytes, ...)
T1DDC 124:934.760   CPU_ReadMem(4 bytes @ 0x2213B854)
T1DDC 124:935.408   Data:  00 00 00 00
T1DDC 124:935.448 - 0.793ms returns 0
T1DDC 124:935.472 JLINK_ReadMem(0x2213B830, 0x4 Bytes, ...)
T1DDC 124:935.504   CPU_ReadMem(4 bytes @ 0x2213B830)
T1DDC 124:936.104   Data:  39 39 3C 41
T1DDC 124:936.144 - 0.661ms returns 0
T1DDC 124:936.168 JLINK_ReadMem(0x0203E7C8, 0x4 Bytes, ...)
T1DDC 124:936.192    -- Read from flash cache (4 bytes @ 0x0203E7C8)
T1DDC 124:936.216   Data:  0F 00 00 00
T1DDC 124:936.232 - 0.068ms returns 0
T1DDC 124:936.272 JLINK_ReadMem(0x2213B854, 0x4 Bytes, ...)
T1DDC 124:936.280   CPU_ReadMem(4 bytes @ 0x2213B854)
T1DDC 124:936.944   Data:  00 00 00 00
T1DDC 124:937.000 - 0.737ms returns 0
T1DDC 124:937.024 JLINK_ReadMem(0x2213B830, 0x4 Bytes, ...)
T1DDC 124:937.064   CPU_ReadMem(4 bytes @ 0x2213B830)
T1DDC 124:937.728   Data:  39 39 3C 41
T1DDC 124:937.792 - 0.765ms returns 0
T1DDC 124:937.840 JLINK_ReadMem(0x0203E7C8, 0x4 Bytes, ...)
T1DDC 124:937.872    -- Read from flash cache (4 bytes @ 0x0203E7C8)
T1DDC 124:937.904   Data:  0F 00 00 00
T1DDC 124:937.944 - 0.103ms returns 0
T1DDC 124:941.696 JLINK_ReadMem(0x02043A6C, 0x4 Bytes, ...)
T1DDC 124:941.800    -- Read from flash cache (4 bytes @ 0x02043A6C)
T1DDC 124:941.824   Data:  00 F0 06 F8
T1DDC 124:941.848 - 0.145ms returns 0
T1DDC 124:942.248 JLINK_ReadMem(0x02043A6C, 0x2 Bytes, ...)
T1DDC 124:942.296    -- Read from flash cache (2 bytes @ 0x02043A6C)
T1DDC 124:942.320   Data:  00 F0
T1DDC 124:942.352 - 0.097ms returns 0
T1DDC 125:157.376 JLINK_ReadMem(0x2213B854, 0x4 Bytes, ...)
T1DDC 125:157.456   CPU_ReadMem(4 bytes @ 0x2213B854)
T1DDC 125:158.096   Data:  00 00 00 00
T1DDC 125:158.168 - 0.789ms returns 0
T1DDC 125:158.208 JLINK_ReadMem(0x2213B830, 0x4 Bytes, ...)
T1DDC 125:158.232   CPU_ReadMem(4 bytes @ 0x2213B830)
T1DDC 125:158.928   Data:  39 39 3C 41
T1DDC 125:158.992 - 0.787ms returns 0
T1DDC 125:159.024 JLINK_ReadMem(0x0203E7C8, 0x4 Bytes, ...)
T1DDC 125:159.064    -- Read from flash cache (4 bytes @ 0x0203E7C8)
T1DDC 125:159.088   Data:  0F 00 00 00
T1DDC 125:159.128 - 0.104ms returns 0
T1DDC 125:159.168 JLINK_ReadMem(0x2213B854, 0x4 Bytes, ...)
T1DDC 125:159.208   CPU_ReadMem(4 bytes @ 0x2213B854)
T1DDC 125:159.952   Data:  00 00 00 00
T1DDC 125:159.984 - 0.820ms returns 0
T1DDC 125:160.016 JLINK_ReadMem(0x2213B830, 0x4 Bytes, ...)
T1DDC 125:160.080   CPU_ReadMem(4 bytes @ 0x2213B830)
T1DDC 125:160.688   Data:  39 39 3C 41
T1DDC 125:160.728 - 0.712ms returns 0
T1DDC 125:160.752 JLINK_ReadMem(0x0203E7C8, 0x4 Bytes, ...)
T1DDC 125:160.784    -- Read from flash cache (4 bytes @ 0x0203E7C8)
T1DDC 125:160.792   Data:  0F 00 00 00
T1DDC 125:160.816 - 0.062ms returns 0
T1DDC 125:161.816 JLINK_ReadMem(0x02043A6C, 0x4 Bytes, ...)
T1DDC 125:161.856    -- Read from flash cache (4 bytes @ 0x02043A6C)
T1DDC 125:161.880   Data:  00 F0 06 F8
T1DDC 125:161.904 - 0.090ms returns 0
T1DDC 125:162.288 JLINK_ReadMem(0x02043A6C, 0x2 Bytes, ...)
T1DDC 125:162.320    -- Read from flash cache (2 bytes @ 0x02043A6C)
T1DDC 125:162.328   Data:  00 F0
T1DDC 125:162.352 - 0.069ms returns 0
T1DDC 126:421.400 JLINK_ReadMem(0x2213B854, 0x4 Bytes, ...)
T1DDC 126:421.584   CPU_ReadMem(4 bytes @ 0x2213B854)
T1DDC 126:422.312   Data:  00 00 00 00
T1DDC 126:422.416 - 1.011ms returns 0
T1DDC 126:422.448 JLINK_ReadMem(0x2213B830, 0x4 Bytes, ...)
T1DDC 126:422.480   CPU_ReadMem(4 bytes @ 0x2213B830)
T1DDC 126:423.152   Data:  39 39 3C 41
T1DDC 126:423.232 - 0.785ms returns 0
T1DDC 126:423.272 JLINK_ReadMem(0x0203E7C8, 0x4 Bytes, ...)
T1DDC 126:423.320    -- Read from flash cache (4 bytes @ 0x0203E7C8)
T1DDC 126:423.360   Data:  0F 00 00 00
T1DDC 126:423.424 - 0.149ms returns 0
T1DDC 126:423.512 JLINK_ReadReg(XPSR)
T1DDC 126:423.920   CPU_ReadMem(4 bytes @ 0xE000EE08)
T1DDC 126:424.296 - 0.789ms returns 0x01000000
T1DDC 126:424.368 JLINK_ReadReg(MSP)
T1DDC 126:424.408 - 0.030ms returns 0x2210FC80
T1DDC 126:424.920 JLINK_ReadMem(0x2213B854, 0x4 Bytes, ...)
T1DDC 126:424.976   CPU_ReadMem(4 bytes @ 0x2213B854)
T1DDC 126:425.600   Data:  00 00 00 00
T1DDC 126:425.648 - 0.726ms returns 0
T1DDC 126:425.680 JLINK_ReadMem(0x2213B830, 0x4 Bytes, ...)
T1DDC 126:425.704   CPU_ReadMem(4 bytes @ 0x2213B830)
T1DDC 126:426.384   Data:  39 39 3C 41
T1DDC 126:426.416 - 0.739ms returns 0
T1DDC 126:426.448 JLINK_ReadMem(0x0203E7C8, 0x4 Bytes, ...)
T1DDC 126:426.456    -- Read from flash cache (4 bytes @ 0x0203E7C8)
T1DDC 126:426.480   Data:  0F 00 00 00
T1DDC 126:426.496 - 0.061ms returns 0
T1DDC 126:426.560 JLINK_ReadReg(XPSR)
T1DDC 126:426.576 - 0.019ms returns 0x01000000
T1DDC 126:426.584 JLINK_ReadReg(PSP)
T1DDC 126:426.608 - 0.015ms returns 0x00000000
T1DDC 126:427.224 JLINK_ReadMem(0x2213B854, 0x4 Bytes, ...)
T1DDC 126:427.280   CPU_ReadMem(4 bytes @ 0x2213B854)
T1DDC 126:427.928   Data:  00 00 00 00
T1DDC 126:427.984 - 0.754ms returns 0
T1DDC 126:428.008 JLINK_ReadMem(0x2213B830, 0x4 Bytes, ...)
T1DDC 126:428.032   CPU_ReadMem(4 bytes @ 0x2213B830)
T1DDC 126:428.712   Data:  39 39 3C 41
T1DDC 126:428.752 - 0.748ms returns 0
T1DDC 126:428.776 JLINK_ReadMem(0x0203E7C8, 0x4 Bytes, ...)
T1DDC 126:428.800    -- Read from flash cache (4 bytes @ 0x0203E7C8)
T1DDC 126:428.824   Data:  0F 00 00 00
T1DDC 126:428.840 - 0.062ms returns 0
T1DDC 126:428.888 JLINK_ReadReg(XPSR)
T1DDC 126:428.912 - 0.019ms returns 0x01000000
T1DDC 126:428.928 JLINK_ReadReg(MSP_S)
T1DDC 126:428.952 - 0.018ms returns 0x2210FC80
T1DDC 126:429.288 JLINK_ReadMem(0x2213B854, 0x4 Bytes, ...)
T1DDC 126:429.312   CPU_ReadMem(4 bytes @ 0x2213B854)
T1DDC 126:429.968   Data:  00 00 00 00
T1DDC 126:430.016 - 0.727ms returns 0
T1DDC 126:430.040 JLINK_ReadMem(0x2213B830, 0x4 Bytes, ...)
T1DDC 126:430.064   CPU_ReadMem(4 bytes @ 0x2213B830)
T1DDC 126:430.656   Data:  39 39 3C 41
T1DDC 126:430.704 - 0.664ms returns 0
T1DDC 126:430.736 JLINK_ReadMem(0x0203E7C8, 0x4 Bytes, ...)
T1DDC 126:430.744    -- Read from flash cache (4 bytes @ 0x0203E7C8)
T1DDC 126:430.768   Data:  0F 00 00 00
T1DDC 126:430.800 - 0.061ms returns 0
T1DDC 126:430.848 JLINK_ReadReg(XPSR)
T1DDC 126:430.864 - 0.019ms returns 0x01000000
T1DDC 126:430.872 JLINK_ReadReg(MSP_NS)
T1DDC 126:430.896 - 0.015ms returns 0x00000000
T1DDC 126:431.312 JLINK_ReadMem(0x2213B854, 0x4 Bytes, ...)
T1DDC 126:431.400   CPU_ReadMem(4 bytes @ 0x2213B854)
T1DDC 126:432.064   Data:  00 00 00 00
T1DDC 126:432.104 - 0.785ms returns 0
T1DDC 126:432.112 JLINK_ReadMem(0x2213B830, 0x4 Bytes, ...)
T1DDC 126:432.144   CPU_ReadMem(4 bytes @ 0x2213B830)
T1DDC 126:432.808   Data:  39 39 3C 41
T1DDC 126:432.816 - 0.707ms returns 0
T1DDC 126:432.848 JLINK_ReadMem(0x0203E7C8, 0x4 Bytes, ...)
T1DDC 126:432.856    -- Read from flash cache (4 bytes @ 0x0203E7C8)
T1DDC 126:432.880   Data:  0F 00 00 00
T1DDC 126:432.912 - 0.057ms returns 0
T1DDC 126:432.944 JLINK_ReadReg(XPSR)
T1DDC 126:432.960 - 0.016ms returns 0x01000000
T1DDC 126:432.976 JLINK_ReadReg(PSP_S)
T1DDC 126:432.984 - 0.015ms returns 0x00000000
T1DDC 126:433.296 JLINK_ReadMem(0x2213B854, 0x4 Bytes, ...)
T1DDC 126:433.328   CPU_ReadMem(4 bytes @ 0x2213B854)
T1DDC 126:433.984   Data:  00 00 00 00
T1DDC 126:434.008 - 0.720ms returns 0
T1DDC 126:434.032 JLINK_ReadMem(0x2213B830, 0x4 Bytes, ...)
T1DDC 126:434.064   CPU_ReadMem(4 bytes @ 0x2213B830)
T1DDC 126:434.672   Data:  39 39 3C 41
T1DDC 126:434.704 - 0.666ms returns 0
T1DDC 126:434.728 JLINK_ReadMem(0x0203E7C8, 0x4 Bytes, ...)
T1DDC 126:434.752    -- Read from flash cache (4 bytes @ 0x0203E7C8)
T1DDC 126:434.768   Data:  0F 00 00 00
T1DDC 126:434.792 - 0.061ms returns 0
T1DDC 126:435.600 JLINK_ReadReg(XPSR)
T1DDC 126:435.632 - 0.041ms returns 0x01000000
T1DDC 126:435.664 JLINK_ReadReg(PSP_NS)
T1DDC 126:435.672 - 0.015ms returns 0x00000000
T1DDC 126:452.592 JLINK_GetNumBPUnits(Type = 0xFFFFFF00)
T1DDC 126:452.648 - 0.054ms returns 0x08
T1DDC 126:452.672 JLINK_GetNumWPUnits()
T1DDC 126:452.688 - 0.015ms returns 8
T1DDC 126:452.712 JLINK_GetNumBPUnits(Type = 0xFFFFFF00)
T1DDC 126:452.720 - 0.015ms returns 0x08
T1DDC 126:452.752 JLINK_GetNumWPUnits()
T1DDC 126:452.760 - 0.014ms returns 8
T1DDC 126:452.776 JLINK_GetNumBPUnits(Type = 0xFFFFFF00)
T1DDC 126:452.800 - 0.014ms returns 0x08
T1DDC 126:452.816 JLINK_GetNumWPUnits()
T1DDC 126:452.824 - 0.014ms returns 8
T1DDC 126:453.376 JLINK_SetBPEx(Addr = 0x02004AB0, Type = 0xFFFFFF00)
T1DDC 126:453.672 - 0.291ms returns 0x00000001
T1DDC 126:453.720 JLINK_ClrBPEx(BPHandle = 0x00000001)
T1DDC 126:453.736 - 0.016ms returns 0x00
T1DDC 126:488.960 JLINK_ReadMem(0x02004AB2, 0x2 Bytes, ...)
T1DDC 126:489.024    -- Read from flash cache (2 bytes @ 0x02004AB2)
T1DDC 126:489.048   Data:  45 F2
T1DDC 126:489.072 - 0.112ms returns 0
T1DDC 126:490.072 JLINK_SetBPEx(Addr = 0x02004AB2, Type = 0xFFFFFF00)
T1DDC 126:490.128 - 0.059ms returns 0x00000002
T1DDC 126:521.704 JLINK_WriteMemEx(0x4000F054, 0x00000001 Bytes, Flags = 0x00000001)
T1DDC 126:521.768   Data:  01
T1DDC 126:522.432   CPU_WriteMem(1 bytes @ 0x4000F054)
T1DDC 126:523.200 - 1.495ms returns 0x1
T1DDC 126:523.224 JLINK_WriteMem(0x4000F055, 0x3 Bytes, ...)
T1DDC 126:523.240   Data:  00 00 00
T1DDC 126:523.280   CPU_WriteMem(3 bytes @ 0x4000F055)
T1DDC 126:524.336 - 1.117ms returns 0x3
T1DDC 126:525.552 JLINK_ReadMem(0x2213B854, 0x4 Bytes, ...)
T1DDC 126:525.616   CPU_ReadMem(4 bytes @ 0x2213B854)
T1DDC 126:526.256   Data:  00 00 00 00
T1DDC 126:526.296 - 0.748ms returns 0
T1DDC 126:526.336 JLINK_ReadMem(0x2213B830, 0x4 Bytes, ...)
T1DDC 126:526.360   CPU_ReadMem(4 bytes @ 0x2213B830)
T1DDC 126:526.992   Data:  39 39 3C 41
T1DDC 126:527.024 - 0.688ms returns 0
T1DDC 126:527.064 JLINK_ReadMem(0x0203E7C8, 0x4 Bytes, ...)
T1DDC 126:527.080    -- Read from flash cache (4 bytes @ 0x0203E7C8)
T1DDC 126:527.104   Data:  0F 00 00 00
T1DDC 126:527.120 - 0.061ms returns 0
T1DDC 126:527.184 JLINK_ReadRegs(NumRegs = 20)
T1DDC 126:527.216   
  R0 (0)        = 0x00                 R1 (1)        = 0x00                 R2 (2)        = 0x00                 R3 (3)        = 0x00              
  R4 (4)        = 0x00                 R5 (5)        = 0x00                 R6 (6)        = 0x00                 R7 (7)        = 0x00              
  R8 (8)        = 0x00                 R9 (9)        = 0x00                 R10 (10)      = 0x00                 R11 (11)      = 0x00              
  R12 (12)      = 0x00                 R13 (SP) (13) = 0x2210FC80           R14 (14)      = 0xFFFFFFFF           R15 (PC) (15) = 0x200E670         
  XPSR (16)     = 0x1000000            MSPLIM (86)   = 0x00                 PSPLIM (87)   = 0x00                 CFBP (20)     = 0x00              
T1DDC 126:527.248 - 0.065ms returns 0x00
T1DDC 126:528.168 JLINK_ReadMem(0x0200E670, 0x4 Bytes, ...)
T1DDC 126:528.208    -- Read from flash cache (4 bytes @ 0x0200E670)
T1DDC 126:528.232   Data:  00 F0 0A F8
T1DDC 126:528.256 - 0.085ms returns 0
T1DDC 126:529.304 JLINK_ReadMem(0x2213B854, 0x4 Bytes, ...)
T1DDC 126:529.368   CPU_ReadMem(4 bytes @ 0x2213B854)
T1DDC 126:530.024   Data:  00 00 00 00
T1DDC 126:530.072 - 0.767ms returns 0
T1DDC 126:530.096 JLINK_ReadMem(0x2213B830, 0x4 Bytes, ...)
T1DDC 126:530.128   CPU_ReadMem(4 bytes @ 0x2213B830)
T1DDC 126:530.752   Data:  39 39 3C 41
T1DDC 126:530.776 - 0.681ms returns 0
T1DDC 126:530.800 JLINK_ReadMem(0x0203E7C8, 0x4 Bytes, ...)
T1DDC 126:530.816    -- Read from flash cache (4 bytes @ 0x0203E7C8)
T1DDC 126:530.840   Data:  0F 00 00 00
T1DDC 126:530.864 - 0.060ms returns 0
T1DDC 126:530.920 JLINK_ReadReg(XPSR)
T1DDC 126:530.928 - 0.019ms returns 0x01000000
T1DDC 126:530.960 JLINK_ReadReg(MSP_S)
T1DDC 126:530.968 - 0.015ms returns 0x2210FC80
T1DDC 126:531.328 JLINK_ReadMem(0x2213B854, 0x4 Bytes, ...)
T1DDC 126:531.368   CPU_ReadMem(4 bytes @ 0x2213B854)
T1DDC 126:532.016   Data:  00 00 00 00
T1DDC 126:532.048 - 0.722ms returns 0
T1DDC 126:532.072 JLINK_ReadMem(0x2213B830, 0x4 Bytes, ...)
T1DDC 126:532.096   CPU_ReadMem(4 bytes @ 0x2213B830)
T1DDC 126:532.736   Data:  39 39 3C 41
T1DDC 126:532.776 - 0.707ms returns 0
T1DDC 126:532.800 JLINK_ReadMem(0x0203E7C8, 0x4 Bytes, ...)
T1DDC 126:532.824    -- Read from flash cache (4 bytes @ 0x0203E7C8)
T1DDC 126:532.848   Data:  0F 00 00 00
T1DDC 126:532.864 - 0.062ms returns 0
T1DDC 126:532.912 JLINK_ReadReg(XPSR)
T1DDC 126:532.944 - 0.019ms returns 0x01000000
T1DDC 126:532.952 JLINK_ReadReg(MSP_NS)
T1DDC 126:532.968 - 0.015ms returns 0x00000000
T1DDC 126:533.272 JLINK_ReadMem(0x2213B854, 0x4 Bytes, ...)
T1DDC 126:533.296   CPU_ReadMem(4 bytes @ 0x2213B854)
T1DDC 126:533.968   Data:  00 00 00 00
T1DDC 126:534.000 - 0.736ms returns 0
T1DDC 126:534.032 JLINK_ReadMem(0x2213B830, 0x4 Bytes, ...)
T1DDC 126:534.056   CPU_ReadMem(4 bytes @ 0x2213B830)
T1DDC 126:534.656   Data:  39 39 3C 41
T1DDC 126:534.680 - 0.653ms returns 0
T1DDC 126:534.704 JLINK_ReadMem(0x0203E7C8, 0x4 Bytes, ...)
T1DDC 126:534.720    -- Read from flash cache (4 bytes @ 0x0203E7C8)
T1DDC 126:534.744   Data:  0F 00 00 00
T1DDC 126:534.768 - 0.060ms returns 0
T1DDC 126:534.808 JLINK_ReadReg(XPSR)
T1DDC 126:534.824 - 0.017ms returns 0x01000000
T1DDC 126:534.848 JLINK_ReadReg(PSP_S)
T1DDC 126:534.864 - 0.015ms returns 0x00000000
T1DDC 126:535.208 JLINK_ReadMem(0x2213B854, 0x4 Bytes, ...)
T1DDC 126:535.248   CPU_ReadMem(4 bytes @ 0x2213B854)
T1DDC 126:535.832   Data:  00 00 00 00
T1DDC 126:535.856 - 0.665ms returns 0
T1DDC 126:535.888 JLINK_ReadMem(0x2213B830, 0x4 Bytes, ...)
T1DDC 126:535.912   CPU_ReadMem(4 bytes @ 0x2213B830)
T1DDC 126:536.512   Data:  39 39 3C 41
T1DDC 126:536.552 - 0.669ms returns 0
T1DDC 126:536.592 JLINK_ReadMem(0x0203E7C8, 0x4 Bytes, ...)
T1DDC 126:536.600    -- Read from flash cache (4 bytes @ 0x0203E7C8)
T1DDC 126:536.624   Data:  0F 00 00 00
T1DDC 126:536.656 - 0.066ms returns 0
T1DDC 126:536.728 JLINK_ReadReg(XPSR)
T1DDC 126:536.768 - 0.033ms returns 0x01000000
T1DDC 126:536.792 JLINK_ReadReg(PSP_NS)
T1DDC 126:536.808 - 0.019ms returns 0x00000000
T1DDC 126:540.328 JLINK_WriteMemEx(0x4000F044, 0x00000004 Bytes, Flags = 0x00000004)
T1DDC 126:540.376   Data:  00 1C 04 02
T1DDC 126:540.416   CPU_WriteMem(4 bytes @ 0x4000F044)
T1DDC 126:541.120 - 0.786ms returns 0x4
T1DDC 126:541.672 JLINK_ReadMem(0x2213B854, 0x4 Bytes, ...)
T1DDC 126:541.720   CPU_ReadMem(4 bytes @ 0x2213B854)
T1DDC 126:542.384   Data:  00 00 00 00
T1DDC 126:542.416 - 0.746ms returns 0
T1DDC 126:542.424 JLINK_ReadMem(0x2213B830, 0x4 Bytes, ...)
T1DDC 126:542.448   CPU_ReadMem(4 bytes @ 0x2213B830)
T1DDC 126:543.040   Data:  39 39 3C 41
T1DDC 126:543.080 - 0.650ms returns 0
T1DDC 126:543.104 JLINK_ReadMem(0x0203E7C8, 0x4 Bytes, ...)
T1DDC 126:543.128    -- Read from flash cache (4 bytes @ 0x0203E7C8)
T1DDC 126:543.152   Data:  0F 00 00 00
T1DDC 126:543.168 - 0.064ms returns 0
T1DDC 126:543.216 JLINK_ReadRegs(NumRegs = 20)
T1DDC 126:543.312   
  R0 (0)        = 0x00                 R1 (1)        = 0x00                 R2 (2)        = 0x00                 R3 (3)        = 0x00              
  R4 (4)        = 0x00                 R5 (5)        = 0x00                 R6 (6)        = 0x00                 R7 (7)        = 0x00              
  R8 (8)        = 0x00                 R9 (9)        = 0x00                 R10 (10)      = 0x00                 R11 (11)      = 0x00              
  R12 (12)      = 0x00                 R13 (SP) (13) = 0x2210FC80           R14 (14)      = 0xFFFFFFFF           R15 (PC) (15) = 0x200E670         
  XPSR (16)     = 0x1000000            MSPLIM (86)   = 0x00                 PSPLIM (87)   = 0x00                 CFBP (20)     = 0x00              
T1DDC 126:543.336 - 0.108ms returns 0x00
T1DDC 126:543.848 JLINK_ReadMem(0x0200E670, 0x4 Bytes, ...)
T1DDC 126:543.888    -- Read from flash cache (4 bytes @ 0x0200E670)
T1DDC 126:543.912   Data:  00 F0 0A F8
T1DDC 126:543.936 - 0.087ms returns 0
T1DDC 126:544.360 JLINK_ReadMem(0x2213B854, 0x4 Bytes, ...)
T1DDC 126:544.408   CPU_ReadMem(4 bytes @ 0x2213B854)
T1DDC 126:545.048   Data:  00 00 00 00
T1DDC 126:545.088 - 0.734ms returns 0
T1DDC 126:545.112 JLINK_ReadMem(0x2213B830, 0x4 Bytes, ...)
T1DDC 126:545.136   CPU_ReadMem(4 bytes @ 0x2213B830)
T1DDC 126:545.744   Data:  39 39 3C 41
T1DDC 126:545.768 - 0.657ms returns 0
T1DDC 126:545.792 JLINK_ReadMem(0x0203E7C8, 0x4 Bytes, ...)
T1DDC 126:545.808    -- Read from flash cache (4 bytes @ 0x0203E7C8)
T1DDC 126:545.832   Data:  0F 00 00 00
T1DDC 126:545.856 - 0.060ms returns 0
T1DDC 126:545.904 JLINK_ReadReg(XPSR)
T1DDC 126:545.920 - 0.019ms returns 0x01000000
T1DDC 126:545.944 JLINK_ReadReg(MSP_S)
T1DDC 126:545.960 - 0.015ms returns 0x2210FC80
T1DDC 126:546.344 JLINK_ReadMem(0x2213B854, 0x4 Bytes, ...)
T1DDC 126:546.384   CPU_ReadMem(4 bytes @ 0x2213B854)
T1DDC 126:547.024   Data:  00 00 00 00
T1DDC 126:547.056 - 0.717ms returns 0
T1DDC 126:547.088 JLINK_ReadMem(0x2213B830, 0x4 Bytes, ...)
T1DDC 126:547.096   CPU_ReadMem(4 bytes @ 0x2213B830)
T1DDC 126:547.752   Data:  39 39 3C 41
T1DDC 126:547.776 - 0.701ms returns 0
T1DDC 126:547.800 JLINK_ReadMem(0x0203E7C8, 0x4 Bytes, ...)
T1DDC 126:547.816    -- Read from flash cache (4 bytes @ 0x0203E7C8)
T1DDC 126:547.840   Data:  0F 00 00 00
T1DDC 126:547.864 - 0.059ms returns 0
T1DDC 126:547.904 JLINK_ReadReg(XPSR)
T1DDC 126:547.920 - 0.018ms returns 0x01000000
T1DDC 126:547.944 JLINK_ReadReg(MSP_NS)
T1DDC 126:547.952 - 0.015ms returns 0x00000000
T1DDC 126:548.224 JLINK_ReadMem(0x2213B854, 0x4 Bytes, ...)
T1DDC 126:548.248   CPU_ReadMem(4 bytes @ 0x2213B854)
T1DDC 126:548.816   Data:  00 00 00 00
T1DDC 126:548.848 - 0.627ms returns 0
T1DDC 126:548.880 JLINK_ReadMem(0x2213B830, 0x4 Bytes, ...)
T1DDC 126:548.904   CPU_ReadMem(4 bytes @ 0x2213B830)
T1DDC 126:549.488   Data:  39 39 3C 41
T1DDC 126:549.528 - 0.654ms returns 0
T1DDC 126:549.552 JLINK_ReadMem(0x0203E7C8, 0x4 Bytes, ...)
T1DDC 126:549.584    -- Read from flash cache (4 bytes @ 0x0203E7C8)
T1DDC 126:549.592   Data:  0F 00 00 00
T1DDC 126:549.616 - 0.061ms returns 0
T1DDC 126:549.656 JLINK_ReadReg(XPSR)
T1DDC 126:549.680 - 0.018ms returns 0x01000000
T1DDC 126:549.696 JLINK_ReadReg(PSP_S)
T1DDC 126:549.712 - 0.015ms returns 0x00000000
T1DDC 126:550.040 JLINK_ReadMem(0x2213B854, 0x4 Bytes, ...)
T1DDC 126:550.080   CPU_ReadMem(4 bytes @ 0x2213B854)
T1DDC 126:550.680   Data:  00 00 00 00
T1DDC 126:550.720 - 0.680ms returns 0
T1DDC 126:550.744 JLINK_ReadMem(0x2213B830, 0x4 Bytes, ...)
T1DDC 126:550.768   CPU_ReadMem(4 bytes @ 0x2213B830)
T1DDC 126:551.376   Data:  39 39 3C 41
T1DDC 126:551.400 - 0.650ms returns 0
T1DDC 126:551.424 JLINK_ReadMem(0x0203E7C8, 0x4 Bytes, ...)
T1DDC 126:551.440    -- Read from flash cache (4 bytes @ 0x0203E7C8)
T1DDC 126:551.464   Data:  0F 00 00 00
T1DDC 126:551.488 - 0.061ms returns 0
T1DDC 126:551.528 JLINK_ReadReg(XPSR)
T1DDC 126:551.552 - 0.018ms returns 0x01000000
T1DDC 126:551.568 JLINK_ReadReg(PSP_NS)
T1DDC 126:551.576 - 0.015ms returns 0x00000000
T1DDC 126:554.032 JLINK_WriteMemEx(0x4000F064, 0x00000002 Bytes, Flags = 0x00000002)
T1DDC 126:554.088   Data:  01 A5
T1DDC 126:554.136   CPU_WriteMem(2 bytes @ 0x4000F064)
T1DDC 126:554.944 - 0.902ms returns 0x2
T1DDC 126:555.008 JLINK_WriteMem(0x4000F066, 0x2 Bytes, ...)
T1DDC 126:555.024   Data:  00 00
T1DDC 126:555.048   CPU_WriteMem(2 bytes @ 0x4000F066)
T1DDC 126:555.728 - 0.717ms returns 0x2
T1DDC 126:556.368 JLINK_ReadMem(0x2213B854, 0x4 Bytes, ...)
T1DDC 126:556.400   CPU_ReadMem(4 bytes @ 0x2213B854)
T1DDC 126:557.072   Data:  00 00 00 00
T1DDC 126:557.096 - 0.736ms returns 0
T1DDC 126:557.120 JLINK_ReadMem(0x2213B830, 0x4 Bytes, ...)
T1DDC 126:557.144   CPU_ReadMem(4 bytes @ 0x2213B830)
T1DDC 126:557.776   Data:  39 39 3C 41
T1DDC 126:557.800 - 0.681ms returns 0
T1DDC 126:557.824 JLINK_ReadMem(0x0203E7C8, 0x4 Bytes, ...)
T1DDC 126:557.848    -- Read from flash cache (4 bytes @ 0x0203E7C8)
T1DDC 126:557.864   Data:  0F 00 00 00
T1DDC 126:557.888 - 0.062ms returns 0
T1DDC 126:557.936 JLINK_ReadRegs(NumRegs = 20)
T1DDC 126:557.976   
  R0 (0)        = 0x00                 R1 (1)        = 0x00                 R2 (2)        = 0x00                 R3 (3)        = 0x00              
  R4 (4)        = 0x00                 R5 (5)        = 0x00                 R6 (6)        = 0x00                 R7 (7)        = 0x00              
  R8 (8)        = 0x00                 R9 (9)        = 0x00                 R10 (10)      = 0x00                 R11 (11)      = 0x00              
  R12 (12)      = 0x00                 R13 (SP) (13) = 0x2210FC80           R14 (14)      = 0xFFFFFFFF           R15 (PC) (15) = 0x200E670         
  XPSR (16)     = 0x1000000            MSPLIM (86)   = 0x00                 PSPLIM (87)   = 0x00                 CFBP (20)     = 0x00              
T1DDC 126:558.000 - 0.067ms returns 0x00
T1DDC 126:558.552 JLINK_ReadMem(0x0200E670, 0x4 Bytes, ...)
T1DDC 126:558.592    -- Read from flash cache (4 bytes @ 0x0200E670)
T1DDC 126:558.616   Data:  00 F0 0A F8
T1DDC 126:558.640 - 0.093ms returns 0
T1DDC 126:559.056 JLINK_ReadMem(0x2213B854, 0x4 Bytes, ...)
T1DDC 126:559.088   CPU_ReadMem(4 bytes @ 0x2213B854)
T1DDC 126:559.680   Data:  00 00 00 00
T1DDC 126:559.720 - 0.658ms returns 0
T1DDC 126:559.728 JLINK_ReadMem(0x2213B830, 0x4 Bytes, ...)
T1DDC 126:559.760   CPU_ReadMem(4 bytes @ 0x2213B830)
T1DDC 126:560.424   Data:  39 39 3C 41
T1DDC 126:560.488 - 0.746ms returns 0
T1DDC 126:560.512 JLINK_ReadMem(0x0203E7C8, 0x4 Bytes, ...)
T1DDC 126:560.536    -- Read from flash cache (4 bytes @ 0x0203E7C8)
T1DDC 126:560.560   Data:  0F 00 00 00
T1DDC 126:560.592 - 0.073ms returns 0
T1DDC 126:560.656 JLINK_ReadReg(XPSR)
T1DDC 126:560.680 - 0.022ms returns 0x01000000
T1DDC 126:560.704 JLINK_ReadReg(MSP_S)
T1DDC 126:560.728 - 0.015ms returns 0x2210FC80
T1DDC 126:561.168 JLINK_ReadMem(0x2213B854, 0x4 Bytes, ...)
T1DDC 126:561.280   CPU_ReadMem(4 bytes @ 0x2213B854)
T1DDC 126:562.024   Data:  00 00 00 00
T1DDC 126:562.096 - 0.932ms returns 0
T1DDC 126:562.224 JLINK_ReadMem(0x2213B830, 0x4 Bytes, ...)
T1DDC 126:562.328   CPU_ReadMem(4 bytes @ 0x2213B830)
T1DDC 126:562.944   Data:  39 39 3C 41
T1DDC 126:562.984 - 0.757ms returns 0
T1DDC 126:563.008 JLINK_ReadMem(0x0203E7C8, 0x4 Bytes, ...)
T1DDC 126:563.024    -- Read from flash cache (4 bytes @ 0x0203E7C8)
T1DDC 126:563.048   Data:  0F 00 00 00
T1DDC 126:563.056 - 0.062ms returns 0
T1DDC 126:563.112 JLINK_ReadReg(XPSR)
T1DDC 126:563.120 - 0.019ms returns 0x01000000
T1DDC 126:563.152 JLINK_ReadReg(MSP_NS)
T1DDC 126:563.160 - 0.016ms returns 0x00000000
T1DDC 126:563.632 JLINK_ReadMem(0x2213B854, 0x4 Bytes, ...)
T1DDC 126:563.688   CPU_ReadMem(4 bytes @ 0x2213B854)
T1DDC 126:564.400   Data:  00 00 00 00
T1DDC 126:564.456 - 0.815ms returns 0
T1DDC 126:564.480 JLINK_ReadMem(0x2213B830, 0x4 Bytes, ...)
T1DDC 126:564.496   CPU_ReadMem(4 bytes @ 0x2213B830)
T1DDC 126:565.144   Data:  39 39 3C 41
T1DDC 126:565.208 - 0.733ms returns 0
T1DDC 126:565.248 JLINK_ReadMem(0x0203E7C8, 0x4 Bytes, ...)
T1DDC 126:565.288    -- Read from flash cache (4 bytes @ 0x0203E7C8)
T1DDC 126:565.328   Data:  0F 00 00 00
T1DDC 126:565.360 - 0.107ms returns 0
T1DDC 126:566.376 JLINK_ReadReg(XPSR)
T1DDC 126:566.416 - 0.046ms returns 0x01000000
T1DDC 126:566.440 JLINK_ReadReg(PSP_S)
T1DDC 126:566.448 - 0.016ms returns 0x00000000
T1DDC 126:566.888 JLINK_ReadMem(0x2213B854, 0x4 Bytes, ...)
T1DDC 126:566.928   CPU_ReadMem(4 bytes @ 0x2213B854)
T1DDC 126:567.568   Data:  00 00 00 00
T1DDC 126:567.632 - 0.740ms returns 0
T1DDC 126:567.664 JLINK_ReadMem(0x2213B830, 0x4 Bytes, ...)
T1DDC 126:567.704   CPU_ReadMem(4 bytes @ 0x2213B830)
T1DDC 126:568.432   Data:  39 39 3C 41
T1DDC 126:568.496 - 0.830ms returns 0
T1DDC 126:568.536 JLINK_ReadMem(0x0203E7C8, 0x4 Bytes, ...)
T1DDC 126:568.576    -- Read from flash cache (4 bytes @ 0x0203E7C8)
T1DDC 126:568.616   Data:  0F 00 00 00
T1DDC 126:568.656 - 0.109ms returns 0
T1DDC 126:568.720 JLINK_ReadReg(XPSR)
T1DDC 126:568.752 - 0.034ms returns 0x01000000
T1DDC 126:568.784 JLINK_ReadReg(PSP_NS)
T1DDC 126:568.808 - 0.025ms returns 0x00000000
T1DDC 126:570.608 JLINK_ReadMem(0x2213B854, 0x4 Bytes, ...)
T1DDC 126:570.712   CPU_ReadMem(4 bytes @ 0x2213B854)
T1DDC 126:571.456   Data:  00 00 00 00
T1DDC 126:571.544 - 0.937ms returns 0
T1DDC 126:571.600 JLINK_ReadMem(0x2213B830, 0x4 Bytes, ...)
T1DDC 126:571.632   CPU_ReadMem(4 bytes @ 0x2213B830)
T1DDC 126:572.288   Data:  39 39 3C 41
T1DDC 126:572.368 - 0.775ms returns 0
T1DDC 126:572.416 JLINK_ReadMem(0x0203E7C8, 0x4 Bytes, ...)
T1DDC 126:572.440    -- Read from flash cache (4 bytes @ 0x0203E7C8)
T1DDC 126:572.528   Data:  0F 00 00 00
T1DDC 126:572.560 - 0.150ms returns 0
T1DDC 126:572.624 JLINK_ReadMem(0x2213B854, 0x4 Bytes, ...)
T1DDC 126:572.648   CPU_ReadMem(4 bytes @ 0x2213B854)
T1DDC 126:573.328   Data:  00 00 00 00
T1DDC 126:573.392 - 0.762ms returns 0
T1DDC 126:573.416 JLINK_ReadMem(0x2213B830, 0x4 Bytes, ...)
T1DDC 126:573.440   CPU_ReadMem(4 bytes @ 0x2213B830)
T1DDC 126:574.080   Data:  39 39 3C 41
T1DDC 126:574.128 - 0.712ms returns 0
T1DDC 126:574.160 JLINK_ReadMem(0x0203E7C8, 0x4 Bytes, ...)
T1DDC 126:574.184    -- Read from flash cache (4 bytes @ 0x0203E7C8)
T1DDC 126:574.192   Data:  0F 00 00 00
T1DDC 126:574.224 - 0.064ms returns 0
T1DDC 136:430.864 JLINK_ReadMem(0x2213B854, 0x4 Bytes, ...)
T1DDC 136:431.008   CPU_ReadMem(4 bytes @ 0x2213B854)
T1DDC 136:431.824   Data:  00 00 00 00
T1DDC 136:431.920 - 1.065ms returns 0
T1DDC 136:432.032 JLINK_ReadMem(0x2213B830, 0x4 Bytes, ...)
T1DDC 136:432.096   CPU_ReadMem(4 bytes @ 0x2213B830)
T1DDC 136:432.800   Data:  39 39 3C 41
T1DDC 136:432.864 - 0.854ms returns 0
T1DDC 136:432.928 JLINK_ReadMem(0x0203E7C8, 0x4 Bytes, ...)
T1DDC 136:432.992    -- Read from flash cache (4 bytes @ 0x0203E7C8)
T1DDC 136:433.056   Data:  0F 00 00 00
T1DDC 136:433.104 - 0.174ms returns 0
T1DDC 136:434.736 JLINK_ReadMem(0x2213B854, 0x4 Bytes, ...)
T1DDC 136:434.848   CPU_ReadMem(4 bytes @ 0x2213B854)
T1DDC 136:435.616   Data:  00 00 00 00
T1DDC 136:435.712 - 0.982ms returns 0
T1DDC 136:435.776 JLINK_ReadMem(0x2213B830, 0x4 Bytes, ...)
T1DDC 136:435.824   CPU_ReadMem(4 bytes @ 0x2213B830)
T1DDC 136:436.640   Data:  39 39 3C 41
T1DDC 136:436.720 - 0.951ms returns 0
T1DDC 136:436.768 JLINK_ReadMem(0x0203E7C8, 0x4 Bytes, ...)
T1DDC 136:436.816    -- Read from flash cache (4 bytes @ 0x0203E7C8)
T1DDC 136:436.864   Data:  0F 00 00 00
T1DDC 136:436.912 - 0.131ms returns 0
T1DDC 136:437.008 JLINK_ReadRegs(NumRegs = 20)
T1DDC 136:437.104   
  R0 (0)        = 0x00                 R1 (1)        = 0x00                 R2 (2)        = 0x00                 R3 (3)        = 0x00              
  R4 (4)        = 0x00                 R5 (5)        = 0x00                 R6 (6)        = 0x00                 R7 (7)        = 0x00              
  R8 (8)        = 0x00                 R9 (9)        = 0x00                 R10 (10)      = 0x00                 R11 (11)      = 0x00              
  R12 (12)      = 0x00                 R13 (SP) (13) = 0x2210FC80           R14 (14)      = 0xFFFFFFFF           R15 (PC) (15) = 0x200E670         
  XPSR (16)     = 0x1000000            MSPLIM (86)   = 0x00                 PSPLIM (87)   = 0x00                 CFBP (20)     = 0x00              
T1DDC 136:437.152 - 0.134ms returns 0x00
T1DDC 136:438.272 JLINK_ReadMem(0x2213B854, 0x4 Bytes, ...)
T1DDC 136:438.384   CPU_ReadMem(4 bytes @ 0x2213B854)
T1DDC 136:439.168   Data:  00 00 00 00
T1DDC 136:439.296 - 1.019ms returns 0
T1DDC 136:439.360 JLINK_ReadMem(0x2213B830, 0x4 Bytes, ...)
T1DDC 136:439.408   CPU_ReadMem(4 bytes @ 0x2213B830)
T1DDC 136:440.160   Data:  39 39 3C 41
T1DDC 136:440.256 - 0.904ms returns 0
T1DDC 136:442.352 JLINK_ReadMem(0x0203E7C8, 0x4 Bytes, ...)
T1DDC 136:442.448    -- Read from flash cache (4 bytes @ 0x0203E7C8)
T1DDC 136:442.496   Data:  0F 00 00 00
T1DDC 136:442.544 - 0.193ms returns 0
T1DDC 136:442.608 JLINK_ReadMem(0x2213B854, 0x4 Bytes, ...)
T1DDC 136:442.656   CPU_ReadMem(4 bytes @ 0x2213B854)
T1DDC 136:443.424   Data:  00 00 00 00
T1DDC 136:443.488 - 0.878ms returns 0
T1DDC 136:443.536 JLINK_ReadMem(0x2213B830, 0x4 Bytes, ...)
T1DDC 136:443.568   CPU_ReadMem(4 bytes @ 0x2213B830)
T1DDC 136:444.448   Data:  39 39 3C 41
T1DDC 136:444.544 - 1.004ms returns 0
T1DDC 136:444.592 JLINK_ReadMem(0x0203E7C8, 0x4 Bytes, ...)
T1DDC 136:444.640    -- Read from flash cache (4 bytes @ 0x0203E7C8)
T1DDC 136:444.672   Data:  0F 00 00 00
T1DDC 136:444.720 - 0.128ms returns 0
T1DDC 136:446.768 JLINK_ReadMem(0x0200E670, 0x4 Bytes, ...)
T1DDC 136:446.880    -- Read from flash cache (4 bytes @ 0x0200E670)
T1DDC 136:446.928   Data:  00 F0 0A F8
T1DDC 136:446.960 - 0.201ms returns 0
T1DDC 136:512.880 JLINK_ReadMem(0x0200E670, 0x4 Bytes, ...)
T1DDC 136:512.976    -- Read from flash cache (4 bytes @ 0x0200E670)
T1DDC 136:513.024   Data:  00 F0 0A F8
T1DDC 136:513.072 - 0.188ms returns 0
T1DDC 136:815.920 JLINK_ReadMem(0x2213B854, 0x4 Bytes, ...)
T1DDC 136:816.080   CPU_ReadMem(4 bytes @ 0x2213B854)
T1DDC 136:816.912   Data:  00 00 00 00
T1DDC 136:816.992 - 1.072ms returns 0
T1DDC 136:817.056 JLINK_ReadMem(0x2213B830, 0x4 Bytes, ...)
T1DDC 136:817.104   CPU_ReadMem(4 bytes @ 0x2213B830)
T1DDC 136:817.808   Data:  39 39 3C 41
T1DDC 136:817.888 - 0.831ms returns 0
T1DDC 136:817.952 JLINK_ReadMem(0x0203E7C8, 0x4 Bytes, ...)
T1DDC 136:817.984    -- Read from flash cache (4 bytes @ 0x0203E7C8)
T1DDC 136:818.032   Data:  0F 00 00 00
T1DDC 136:818.080 - 0.140ms returns 0
T1DDC 136:818.144 JLINK_ReadMem(0x2213B854, 0x4 Bytes, ...)
T1DDC 136:818.192   CPU_ReadMem(4 bytes @ 0x2213B854)
T1DDC 136:818.896   Data:  00 00 00 00
T1DDC 136:818.976 - 0.831ms returns 0
T1DDC 136:819.040 JLINK_ReadMem(0x2213B830, 0x4 Bytes, ...)
T1DDC 136:819.072   CPU_ReadMem(4 bytes @ 0x2213B830)
T1DDC 136:819.904   Data:  39 39 3C 41
T1DDC 136:819.984 - 0.949ms returns 0
T1DDC 136:820.032 JLINK_ReadMem(0x0203E7C8, 0x4 Bytes, ...)
T1DDC 136:820.064    -- Read from flash cache (4 bytes @ 0x0203E7C8)
T1DDC 136:820.128   Data:  0F 00 00 00
T1DDC 136:820.176 - 0.142ms returns 0
T1DDC 136:854.736 JLINK_ReadMem(0x2213B854, 0x4 Bytes, ...)
T1DDC 136:854.864   CPU_ReadMem(4 bytes @ 0x2213B854)
T1DDC 136:855.808   Data:  00 00 00 00
T1DDC 136:856.112 - 1.378ms returns 0
T1DDC 136:856.224 JLINK_ReadMem(0x2213B830, 0x4 Bytes, ...)
T1DDC 136:856.288   CPU_ReadMem(4 bytes @ 0x2213B830)
T1DDC 136:857.280   Data:  39 39 3C 41
T1DDC 136:857.440 - 1.215ms returns 0
T1DDC 136:857.504 JLINK_ReadMem(0x0203E7C8, 0x4 Bytes, ...)
T1DDC 136:857.536    -- Read from flash cache (4 bytes @ 0x0203E7C8)
T1DDC 136:857.584   Data:  0F 00 00 00
T1DDC 136:857.632 - 0.134ms returns 0
T1DDC 136:857.696 JLINK_ReadMem(0x2213B854, 0x4 Bytes, ...)
T1DDC 136:857.760   CPU_ReadMem(4 bytes @ 0x2213B854)
T1DDC 136:858.448   Data:  00 00 00 00
T1DDC 136:858.736 - 1.038ms returns 0
T1DDC 136:858.784 JLINK_ReadMem(0x2213B830, 0x4 Bytes, ...)
T1DDC 136:858.848   CPU_ReadMem(4 bytes @ 0x2213B830)
T1DDC 136:859.680   Data:  39 39 3C 41
T1DDC 136:859.840 - 1.043ms returns 0
T1DDC 136:859.920 JLINK_ReadMem(0x0203E7C8, 0x4 Bytes, ...)
T1DDC 136:859.968    -- Read from flash cache (4 bytes @ 0x0203E7C8)
T1DDC 136:860.016   Data:  0F 00 00 00
T1DDC 136:860.064 - 0.140ms returns 0
T4EA8 137:471.520 JLINK_GetNumBPUnits(Type = 0xFFFFFF00)
T4EA8 137:471.616 - 0.089ms returns 0x08
T4EA8 137:471.648 JLINK_GetNumWPUnits()
T4EA8 137:471.696 - 0.034ms returns 8
T4EA8 137:473.360 JLINK_GetNumBPUnits(Type = 0xFFFFFF00)
T4EA8 137:473.440 - 0.098ms returns 0x08
T4EA8 137:473.488 JLINK_GetNumWPUnits()
T4EA8 137:473.504 - 0.028ms returns 8
T4EA8 137:474.336 JLINK_GetNumBPUnits(Type = 0xFFFFFF00)
T4EA8 137:474.432 - 0.097ms returns 0x08
T4EA8 137:474.512 JLINK_GetNumWPUnits()
T4EA8 137:474.560 - 0.055ms returns 8
T4EA8 137:475.472 JLINK_GetNumBPUnits(Type = 0xFFFFFF00)
T4EA8 137:475.552 - 0.091ms returns 0x08
T4EA8 137:475.616 JLINK_GetNumWPUnits()
T4EA8 137:475.648 - 0.037ms returns 8
T4EA8 137:476.832 JLINK_GetNumBPUnits(Type = 0xFFFFFF00)
T4EA8 137:476.944 - 0.097ms returns 0x08
T4EA8 137:476.976 JLINK_GetNumWPUnits()
T4EA8 137:477.024 - 0.043ms returns 8
T4EA8 137:478.160 JLINK_GetNumBPUnits(Type = 0xFFFFFF00)
T4EA8 137:478.288 - 0.130ms returns 0x08
T4EA8 137:478.336 JLINK_GetNumWPUnits()
T4EA8 137:478.368 - 0.040ms returns 8
T4EA8 137:479.744 JLINK_GetNumBPUnits(Type = 0xFFFFFF00)
T4EA8 137:479.904 - 0.150ms returns 0x08
T4EA8 137:479.968 JLINK_GetNumWPUnits()
T4EA8 137:479.984 - 0.029ms returns 8
T4EA8 137:481.824 JLINK_GetNumBPUnits(Type = 0xFFFFFF00)
T4EA8 137:482.000 - 0.162ms returns 0x08
T4EA8 137:482.032 JLINK_GetNumWPUnits()
T4EA8 137:482.064 - 0.028ms returns 8
T4EA8 137:601.376 JLINK_ReadReg(XPSR)
T4EA8 137:601.952 - 0.568ms returns 0x01000000
T4EA8 137:602.048 JLINK_ReadReg(R15 (PC))
T4EA8 137:602.080 - 0.042ms returns 0x0200E670
T1DDC 226:902.656 JLINK_ReadMem(0x2213B854, 0x4 Bytes, ...)
T1DDC 226:902.736   CPU_ReadMem(4 bytes @ 0x2213B854)
T1DDC 226:903.392   Data:  00 00 00 00
T1DDC 226:903.472 - 0.824ms returns 0
T1DDC 226:903.504 JLINK_ReadMem(0x2213B830, 0x4 Bytes, ...)
T1DDC 226:903.552   CPU_ReadMem(4 bytes @ 0x2213B830)
T1DDC 226:904.160   Data:  39 39 3C 41
T1DDC 226:904.224 - 0.719ms returns 0
T1DDC 226:904.272 JLINK_ReadMem(0x0203E7C8, 0x4 Bytes, ...)
T1DDC 226:904.288    -- Read from flash cache (4 bytes @ 0x0203E7C8)
T1DDC 226:904.352   Data:  0F 00 00 00
T1DDC 226:904.368 - 0.110ms returns 0
T1DDC 226:904.800 JLINK_IsHalted()
T1DDC 226:905.216 - 0.405ms returns TRUE
T1DDC 226:905.264 JLINK_GoEx(MaxEmulInsts = 0, Flags = 0x01)
T1DDC 226:905.312   CPU_WriteMem(4 bytes @ 0xE0002000)
T1DDC 226:905.760   CPU_ReadMem(4 bytes @ 0xE0001000)
T1DDC 226:906.160   CPU_WriteMem(4 bytes @ 0xE0002008)
T1DDC 226:906.208   CPU_WriteMem(4 bytes @ 0xE000200C)
T1DDC 226:906.416   CPU_WriteMem(4 bytes @ 0xE0002010)
T1DDC 226:906.464   CPU_WriteMem(4 bytes @ 0xE0002014)
T1DDC 226:906.496   CPU_WriteMem(4 bytes @ 0xE0002018)
T1DDC 226:906.544   CPU_WriteMem(4 bytes @ 0xE000201C)
T1DDC 226:906.576   CPU_WriteMem(4 bytes @ 0xE0002020)
T1DDC 226:906.656   CPU_WriteMem(4 bytes @ 0xE0002024)
T1DDC 226:908.240   CPU_WriteMem(4 bytes @ 0xE0001004)
T1DDC 226:909.696   Memory map 'after startup completion point' is active
T1DDC 226:909.776 - 4.499ms 
T1DDC 227:005.440 JLINK_IsHalted()
T1DDC 227:005.920 - 0.495ms returns FALSE
T1DDC 227:006.544 JLINK_IsHalted()
T1DDC 227:006.928 - 0.376ms returns FALSE
T1DDC 227:115.424 JLINK_IsHalted()
T1DDC 227:115.856 - 0.432ms returns FALSE
T1DDC 227:116.448 JLINK_IsHalted()
T1DDC 227:116.848 - 0.399ms returns FALSE
T1DDC 227:224.416 JLINK_IsHalted()
T1DDC 227:224.864 - 0.431ms returns FALSE
T1DDC 227:225.472 JLINK_IsHalted()
T1DDC 227:225.856 - 0.375ms returns FALSE
T1DDC 227:334.832 JLINK_IsHalted()
T1DDC 227:335.216 - 0.379ms returns FALSE
T1DDC 227:335.840 JLINK_IsHalted()
T1DDC 227:336.400 - 0.573ms returns FALSE
T1DDC 227:443.408 JLINK_IsHalted()
T1DDC 227:443.840 - 0.436ms returns FALSE
T1DDC 227:444.512 JLINK_IsHalted()
T1DDC 227:444.896 - 0.380ms returns FALSE
T1DDC 227:552.464 JLINK_IsHalted()
T1DDC 227:552.944 - 0.495ms returns FALSE
T1DDC 227:553.536 JLINK_IsHalted()
T1DDC 227:553.920 - 0.372ms returns FALSE
T1DDC 227:662.432 JLINK_IsHalted()
T1DDC 227:662.896 - 0.463ms returns FALSE
T1DDC 227:663.456 JLINK_IsHalted()
T1DDC 227:663.840 - 0.392ms returns FALSE
T1DDC 227:772.976 JLINK_IsHalted()
T1DDC 227:773.392 - 0.419ms returns FALSE
T1DDC 227:773.920 JLINK_IsHalted()
T1DDC 227:774.256 - 0.336ms returns FALSE
T1DDC 227:880.416 JLINK_IsHalted()
T1DDC 227:880.832 - 0.409ms returns FALSE
T1DDC 227:881.424 JLINK_IsHalted()
T1DDC 227:881.808 - 0.393ms returns FALSE
T4EA8 227:908.864 JLINK_IsHalted()
T4EA8 227:909.280 - 0.433ms returns FALSE
T4EA8 227:909.328 JLINK_IsHalted()
T4EA8 227:909.728 - 0.409ms returns FALSE
T1DDC 227:990.576 JLINK_IsHalted()
T1DDC 227:991.008 - 0.431ms returns FALSE
T1DDC 227:991.600 JLINK_IsHalted()
T1DDC 227:991.968 - 0.354ms returns FALSE
T1DDC 228:099.424 JLINK_IsHalted()
T1DDC 228:099.888 - 0.463ms returns FALSE
T1DDC 228:100.432 JLINK_IsHalted()
T1DDC 228:100.816 - 0.380ms returns FALSE
T1DDC 228:208.432 JLINK_IsHalted()
T1DDC 228:208.800 - 0.360ms returns FALSE
T1DDC 228:209.248 JLINK_IsHalted()
T1DDC 228:209.536 - 0.290ms returns FALSE
T1DDC 228:318.464 JLINK_IsHalted()
T1DDC 228:321.872 - 3.409ms returns TRUE
T1DDC 228:322.400 JLINK_ReadReg(XPSR)
T1DDC 228:322.480   CPU_ReadMem(4 bytes @ 0xE000EE08)
T1DDC 228:322.816 - 0.429ms returns 0x41000000
T1DDC 228:323.232 JLINK_ReadReg(R15 (PC))
T1DDC 228:323.248 - 0.032ms returns 0x02004AB2
T1DDC 228:323.280 JLINK_ReadReg(XPSR)
T1DDC 228:323.296 - 0.013ms returns 0x41000000
T1DDC 228:323.296 JLINK_ReadReg(XPSR)
T1DDC 228:323.328 - 0.012ms returns 0x41000000
T1DDC 228:323.328 JLINK_ReadReg(R15 (PC))
T1DDC 228:323.360 - 0.012ms returns 0x02004AB2
T1DDC 228:323.360 JLINK_ReadReg(XPSR)
T1DDC 228:323.376 - 0.012ms returns 0x41000000
T1DDC 228:323.376 JLINK_ReadReg(XPSR)
T1DDC 228:323.408 - 0.012ms returns 0x41000000
T1DDC 228:323.408 JLINK_ReadMem(0x02004AB2, 0x1 Bytes, ...)
T1DDC 228:323.424    -- Read from flash cache (1 bytes @ 0x02004AB2)
T1DDC 228:323.456   Data:  45
T1DDC 228:323.456 - 0.052ms returns 0
T1DDC 228:323.488 JLINK_IsHalted()
T1DDC 228:323.488 - 0.012ms returns TRUE
T1DDC 228:323.504 JLINK_ReadReg(XPSR)
T1DDC 228:323.504 - 0.012ms returns 0x41000000
T1DDC 228:323.536 JLINK_ReadReg(XPSR)
T1DDC 228:323.536 - 0.012ms returns 0x41000000
T1DDC 228:323.552 JLINK_ReadReg(R15 (PC))
T1DDC 228:323.552 - 0.012ms returns 0x02004AB2
T1DDC 228:323.584 JLINK_ReadReg(XPSR)
T1DDC 228:323.584 - 0.012ms returns 0x41000000
T1DDC 228:323.616 JLINK_ReadReg(XPSR)
T1DDC 228:323.616 - 0.012ms returns 0x41000000
T1DDC 228:323.632 JLINK_ReadMem(0x02004AB2, 0x1 Bytes, ...)
T1DDC 228:323.664    -- Read from flash cache (1 bytes @ 0x02004AB2)
T1DDC 228:323.664   Data:  45
T1DDC 228:323.680 - 0.055ms returns 0
T1DDC 228:323.792 JLINK_IsHalted()
T1DDC 228:323.792 - 0.013ms returns TRUE
T1DDC 228:323.808 JLINK_ReadReg(XPSR)
T1DDC 228:323.808 - 0.013ms returns 0x41000000
T1DDC 228:323.840 JLINK_ReadReg(R15 (PC))
T1DDC 228:323.840 - 0.012ms returns 0x02004AB2
T1DDC 228:323.872 JLINK_ReadReg(XPSR)
T1DDC 228:323.872 - 0.013ms returns 0x41000000
T1DDC 228:323.888 JLINK_ReadReg(XPSR)
T1DDC 228:323.920 - 0.027ms returns 0x41000000
T1DDC 228:323.936 JLINK_ReadReg(R15 (PC))
T1DDC 228:323.936 - 0.013ms returns 0x02004AB2
T1DDC 228:323.968 JLINK_ReadReg(XPSR)
T1DDC 228:324.000 - 0.014ms returns 0x41000000
T1DDC 228:324.000 JLINK_ReadReg(XPSR)
T1DDC 228:324.016 - 0.012ms returns 0x41000000
T1DDC 228:324.016 JLINK_ReadMem(0x02004AB2, 0x1 Bytes, ...)
T1DDC 228:324.048    -- Read from flash cache (1 bytes @ 0x02004AB2)
T1DDC 228:324.064   Data:  45
T1DDC 228:324.064 - 0.052ms returns 0
T1DDC 228:324.096 JLINK_IsHalted()
T1DDC 228:324.096 - 0.012ms returns TRUE
T1DDC 228:324.128 JLINK_ReadReg(XPSR)
T1DDC 228:324.128 - 0.012ms returns 0x41000000
T1DDC 228:324.144 JLINK_ReadReg(XPSR)
T1DDC 228:324.144 - 0.012ms returns 0x41000000
T1DDC 228:324.176 JLINK_ReadReg(R15 (PC))
T1DDC 228:324.176 - 0.013ms returns 0x02004AB2
T1DDC 228:324.192 JLINK_ReadReg(XPSR)
T1DDC 228:324.224 - 0.013ms returns 0x41000000
T1DDC 228:324.224 JLINK_ReadReg(XPSR)
T1DDC 228:324.256 - 0.013ms returns 0x41000000
T1DDC 228:324.256 JLINK_ReadMem(0x02004AB2, 0x1 Bytes, ...)
T1DDC 228:324.272    -- Read from flash cache (1 bytes @ 0x02004AB2)
T1DDC 228:324.272   Data:  45
T1DDC 228:324.304 - 0.051ms returns 0
T1DDC 228:324.320 JLINK_ReadMem(0x2213B854, 0x4 Bytes, ...)
T1DDC 228:324.352   CPU_ReadMem(4 bytes @ 0x2213B854)
T1DDC 228:324.944   Data:  00 00 00 00
T1DDC 228:324.992 - 0.647ms returns 0
T1DDC 228:324.992 JLINK_ReadMem(0x2213B830, 0x4 Bytes, ...)
T1DDC 228:325.024   CPU_ReadMem(4 bytes @ 0x2213B830)
T1DDC 228:325.584   Data:  00 00 00 00
T1DDC 228:325.600 - 0.618ms returns 0
T1DDC 228:325.632 JLINK_ReadMem(0x0203E7C8, 0x4 Bytes, ...)
T1DDC 228:325.664    -- Read from flash cache (4 bytes @ 0x0203E7C8)
T1DDC 228:325.664   Data:  0F 00 00 00
T1DDC 228:325.680 - 0.050ms returns 0
T1DDC 228:326.400 JLINK_ReadMem(0x2213B854, 0x4 Bytes, ...)
T1DDC 228:326.448   CPU_ReadMem(4 bytes @ 0x2213B854)
T1DDC 228:327.072   Data:  00 00 00 00
T1DDC 228:327.120 - 0.707ms returns 0
T1DDC 228:327.120 JLINK_ReadMem(0x2213B830, 0x4 Bytes, ...)
T1DDC 228:327.136   CPU_ReadMem(4 bytes @ 0x2213B830)
T1DDC 228:327.712   Data:  00 00 00 00
T1DDC 228:327.728 - 0.602ms returns 0
T1DDC 228:327.760 JLINK_ReadMem(0x0203E7C8, 0x4 Bytes, ...)
T1DDC 228:327.760    -- Read from flash cache (4 bytes @ 0x0203E7C8)
T1DDC 228:327.776   Data:  0F 00 00 00
T1DDC 228:327.808 - 0.051ms returns 0
T1DDC 228:327.840 JLINK_ReadRegs(NumRegs = 20)
T1DDC 228:327.888   
  R0 (0)        = 0x00                 R1 (1)        = 0x203E3C0            R2 (2)        = 0x67                 R3 (3)        = 0x2213BE10        
  R4 (4)        = 0x00                 R5 (5)        = 0x00                 R6 (6)        = 0x00                 R7 (7)        = 0x00              
  R8 (8)        = 0x00                 R9 (9)        = 0x00                 R10 (10)      = 0x00                 R11 (11)      = 0x00              
  R12 (12)      = 0x2213BE0C           R13 (SP) (13) = 0x2210FC78           R14 (14)      = 0x200E679            R15 (PC) (15) = 0x2004AB2         
  XPSR (16)     = 0x41000000           MSPLIM (86)   = 0x2210BC80           PSPLIM (87)   = 0x00                 CFBP (20)     = 0xC000000         
T1DDC 228:327.888 - 0.055ms returns 0x00
T1DDC 228:329.696 JLINK_ReadMem(0x2213B854, 0x4 Bytes, ...)
T1DDC 228:329.760   CPU_ReadMem(4 bytes @ 0x2213B854)
T1DDC 228:330.464   Data:  00 00 00 00
T1DDC 228:330.496 - 0.783ms returns 0
T1DDC 228:330.528 JLINK_ReadMem(0x2213B830, 0x4 Bytes, ...)
T1DDC 228:330.544   CPU_ReadMem(4 bytes @ 0x2213B830)
T1DDC 228:331.136   Data:  00 00 00 00
T1DDC 228:331.216 - 0.692ms returns 0
T1DDC 228:331.232 JLINK_ReadMem(0x0203E7C8, 0x4 Bytes, ...)
T1DDC 228:331.264    -- Read from flash cache (4 bytes @ 0x0203E7C8)
T1DDC 228:331.264   Data:  0F 00 00 00
T1DDC 228:331.296 - 0.064ms returns 0
T1DDC 228:331.344 JLINK_ReadMem(0x2213B854, 0x4 Bytes, ...)
T1DDC 228:331.360   CPU_ReadMem(4 bytes @ 0x2213B854)
T1DDC 228:331.984   Data:  00 00 00 00
T1DDC 228:332.032 - 0.690ms returns 0
T1DDC 228:332.064 JLINK_ReadMem(0x2213B830, 0x4 Bytes, ...)
T1DDC 228:332.064   CPU_ReadMem(4 bytes @ 0x2213B830)
T1DDC 228:332.640   Data:  00 00 00 00
T1DDC 228:332.672 - 0.627ms returns 0
T1DDC 228:332.704 JLINK_ReadMem(0x0203E7C8, 0x4 Bytes, ...)
T1DDC 228:332.704    -- Read from flash cache (4 bytes @ 0x0203E7C8)
T1DDC 228:332.720   Data:  0F 00 00 00
T1DDC 228:332.752 - 0.050ms returns 0
T1DDC 228:334.000 JLINK_ReadMem(0x02004AB2, 0x4 Bytes, ...)
T1DDC 228:334.032    -- Read from flash cache (4 bytes @ 0x02004AB2)
T1DDC 228:334.048   Data:  45 F2 48 12
T1DDC 228:334.048 - 0.069ms returns 0
T1DDC 228:337.104 JLINK_ClrBPEx(BPHandle = 0x00000002)
T1DDC 228:337.152 - 0.051ms returns 0x00
T4EA8 228:342.352 JLINK_ReadReg(XPSR)
T4EA8 228:342.432 - 0.069ms returns 0x41000000
T4EA8 228:342.448 JLINK_ReadReg(R15 (PC))
T4EA8 228:342.480 - 0.025ms returns 0x02004AB2
T4EA8 228:349.792 JLINK_IsHalted()
T4EA8 228:349.824 - 0.043ms returns TRUE
T4EA8 228:349.856 JLINK_ReadReg(XPSR)
T4EA8 228:349.872 - 0.022ms returns 0x41000000
T4EA8 228:349.872 JLINK_ReadReg(R15 (PC))
T4EA8 228:349.904 - 0.013ms returns 0x02004AB2
T4EA8 228:349.920 JLINK_ReadReg(XPSR)
T4EA8 228:349.920 - 0.013ms returns 0x41000000
T4EA8 228:349.952 JLINK_ReadReg(XPSR)
T4EA8 228:349.952 - 0.015ms returns 0x41000000
T4EA8 228:349.984 JLINK_ReadReg(R15 (PC))
T4EA8 228:349.984 - 0.013ms returns 0x02004AB2
T4EA8 228:350.000 JLINK_ReadReg(XPSR)
T4EA8 228:350.000 - 0.012ms returns 0x41000000
T4EA8 228:350.032 JLINK_ReadReg(XPSR)
T4EA8 228:350.048 - 0.013ms returns 0x41000000
T4EA8 228:350.048 JLINK_ReadMem(0x02004AB2, 0x1 Bytes, ...)
T4EA8 228:350.080    -- Read from flash cache (1 bytes @ 0x02004AB2)
T4EA8 228:350.112   Data:  45
T4EA8 228:350.112 - 0.056ms returns 0
T4EA8 228:350.128 JLINK_IsHalted()
T4EA8 228:350.128 - 0.013ms returns TRUE
T4EA8 228:350.160 JLINK_ReadReg(XPSR)
T4EA8 228:350.160 - 0.012ms returns 0x41000000
T4EA8 228:350.176 JLINK_ReadReg(XPSR)
T4EA8 228:350.208 - 0.014ms returns 0x41000000
T4EA8 228:350.208 JLINK_ReadReg(R15 (PC))
T4EA8 228:350.240 - 0.012ms returns 0x02004AB2
T4EA8 228:350.240 JLINK_ReadReg(XPSR)
T4EA8 228:350.256 - 0.014ms returns 0x41000000
T4EA8 228:350.256 JLINK_ReadReg(XPSR)
T4EA8 228:350.288 - 0.013ms returns 0x41000000
T4EA8 228:350.288 JLINK_ReadMem(0x02004AB2, 0x1 Bytes, ...)
T4EA8 228:350.304    -- Read from flash cache (1 bytes @ 0x02004AB2)
T4EA8 228:350.336   Data:  45
T4EA8 228:350.368 - 0.070ms returns 0
T4EA8 228:350.432 JLINK_ReadMem(0xE0001000, 0x4 Bytes, ...)
T4EA8 228:350.432   CPU_ReadMem(4 bytes @ 0xE0001000)
T4EA8 228:350.880   Data:  01 00 00 80
T4EA8 228:350.896   Debug reg: DWT_CTRL
T4EA8 228:350.928 - 0.502ms returns 0
T4EA8 228:350.976 JLINK_WriteMem(0xE0001FB0, 0x8 Bytes, ...)
T4EA8 228:350.976   Data:  00 00 00 00 55 CE AC C5
T4EA8 228:351.360   CPU_WriteMem(8 bytes @ 0xE0001FB0)
T4EA8 228:351.776 - 0.807ms returns 0x8
T4EA8 228:351.824 JLINK_ReadMem(0xE000EDFC, 0x4 Bytes, ...)
T4EA8 228:351.840   CPU_ReadMem(4 bytes @ 0xE000EDFC)
T4EA8 228:352.160   Data:  00 00 10 01
T4EA8 228:352.224   Debug reg: DEMCR
T4EA8 228:352.256 - 0.443ms returns 0
T4EA8 228:353.568 JLINK_ReadMem(0xE0001004, 0x4 Bytes, ...)
T4EA8 228:353.584   CPU_ReadMem(4 bytes @ 0xE0001004)
T4EA8 228:353.968   Data:  D9 1A BE 4B
T4EA8 228:354.016   Debug reg: DWT_CYCCNT
T4EA8 228:354.080 - 0.522ms returns 0
T1DDC 228:373.120 JLINK_ReadMem(0x02004AB2, 0x4 Bytes, ...)
T1DDC 228:373.216    -- Read from flash cache (4 bytes @ 0x02004AB2)
T1DDC 228:373.248   Data:  45 F2 48 12
T1DDC 228:373.280 - 0.154ms returns 0
T1DDC 228:533.072 JLINK_ReadMem(0x2213B854, 0x4 Bytes, ...)
T1DDC 228:533.120   CPU_ReadMem(4 bytes @ 0x2213B854)
T1DDC 228:533.728   Data:  00 00 00 00
T1DDC 228:533.808 - 0.753ms returns 0
T1DDC 228:533.840 JLINK_ReadMem(0x2213B830, 0x4 Bytes, ...)
T1DDC 228:533.888   CPU_ReadMem(4 bytes @ 0x2213B830)
T1DDC 228:534.608   Data:  00 00 00 00
T1DDC 228:534.688 - 0.831ms returns 0
T1DDC 228:534.704 JLINK_ReadMem(0x0203E7C8, 0x4 Bytes, ...)
T1DDC 228:534.736    -- Read from flash cache (4 bytes @ 0x0203E7C8)
T1DDC 228:534.752   Data:  0F 00 00 00
T1DDC 228:534.752 - 0.063ms returns 0
T1DDC 228:534.816 JLINK_ReadMem(0x2213B854, 0x4 Bytes, ...)
T1DDC 228:534.816   CPU_ReadMem(4 bytes @ 0x2213B854)
T1DDC 228:535.424   Data:  00 00 00 00
T1DDC 228:535.520 - 0.719ms returns 0
T1DDC 228:535.584 JLINK_ReadMem(0x2213B830, 0x4 Bytes, ...)
T1DDC 228:535.600   CPU_ReadMem(4 bytes @ 0x2213B830)
T1DDC 228:536.224   Data:  00 00 00 00
T1DDC 228:536.272 - 0.677ms returns 0
T1DDC 228:536.288 JLINK_ReadMem(0x0203E7C8, 0x4 Bytes, ...)
T1DDC 228:536.320    -- Read from flash cache (4 bytes @ 0x0203E7C8)
T1DDC 228:536.352   Data:  0F 00 00 00
T1DDC 228:536.400 - 0.096ms returns 0
T1DDC 228:537.776 JLINK_ReadMem(0x2213B854, 0x4 Bytes, ...)
T1DDC 228:537.824   CPU_ReadMem(4 bytes @ 0x2213B854)
T1DDC 228:538.448   Data:  00 00 00 00
T1DDC 228:538.496 - 0.703ms returns 0
T1DDC 228:538.528 JLINK_ReadMem(0x2213B830, 0x4 Bytes, ...)
T1DDC 228:538.576   CPU_ReadMem(4 bytes @ 0x2213B830)
T1DDC 228:539.232   Data:  00 00 00 00
T1DDC 228:539.296 - 0.760ms returns 0
T1DDC 228:539.344 JLINK_ReadMem(0x0203E7C8, 0x4 Bytes, ...)
T1DDC 228:539.360    -- Read from flash cache (4 bytes @ 0x0203E7C8)
T1DDC 228:539.392   Data:  0F 00 00 00
T1DDC 228:539.440 - 0.108ms returns 0
T1DDC 228:540.288 JLINK_ReadMem(0x2213B854, 0x4 Bytes, ...)
T1DDC 228:540.368   CPU_ReadMem(4 bytes @ 0x2213B854)
T1DDC 228:540.976   Data:  00 00 00 00
T1DDC 228:541.024 - 0.740ms returns 0
T1DDC 228:541.056 JLINK_ReadMem(0x2213B830, 0x4 Bytes, ...)
T1DDC 228:541.088   CPU_ReadMem(4 bytes @ 0x2213B830)
T1DDC 228:541.696   Data:  00 00 00 00
T1DDC 228:541.792 - 0.735ms returns 0
T1DDC 228:541.824 JLINK_ReadMem(0x0203E7C8, 0x4 Bytes, ...)
T1DDC 228:541.856    -- Read from flash cache (4 bytes @ 0x0203E7C8)
T1DDC 228:541.856   Data:  0F 00 00 00
T1DDC 228:541.872 - 0.059ms returns 0
T1DDC 230:817.232 JLINK_ReadMem(0x2213B854, 0x4 Bytes, ...)
T1DDC 230:817.312   CPU_ReadMem(4 bytes @ 0x2213B854)
T1DDC 230:817.968   Data:  00 00 00 00
T1DDC 230:818.016 - 0.814ms returns 0
T1DDC 230:818.080 JLINK_ReadMem(0x2213B830, 0x4 Bytes, ...)
T1DDC 230:818.096   CPU_ReadMem(4 bytes @ 0x2213B830)
T1DDC 230:818.736   Data:  00 00 00 00
T1DDC 230:818.816 - 0.746ms returns 0
T1DDC 230:818.864 JLINK_ReadMem(0x0203E7C8, 0x4 Bytes, ...)
T1DDC 230:818.896    -- Read from flash cache (4 bytes @ 0x0203E7C8)
T1DDC 230:818.944   Data:  0F 00 00 00
T1DDC 230:818.976 - 0.108ms returns 0
T1DDC 230:821.248 JLINK_ReadMem(0xE0001004, 0x4 Bytes, ...)
T1DDC 230:821.296   Data:  D9 1A BE 4B
T1DDC 230:821.328   Debug reg: DWT_CYCCNT
T1DDC 230:821.328 - 0.097ms returns 0
T1DDC 230:821.344 JLINK_IsHalted()
T1DDC 230:821.712 - 0.350ms returns TRUE
T1DDC 230:823.136 JLINK_ReadMem(0xE0001004, 0x4 Bytes, ...)
T1DDC 230:823.168   Data:  D9 1A BE 4B
T1DDC 230:823.200   Debug reg: DWT_CYCCNT
T1DDC 230:823.216 - 0.078ms returns 0
T1DDC 230:823.248 JLINK_GoEx(MaxEmulInsts = 0, Flags = 0x01)
T1DDC 230:823.264   CPU_ReadMem(4 bytes @ 0xE0001000)
T1DDC 230:823.600   CPU_WriteMem(4 bytes @ 0xE0002008)
T1DDC 230:844.192 - 20.956ms 
T1DDC 230:943.456 JLINK_IsHalted()
T1DDC 230:943.904 - 0.430ms returns FALSE
T1DDC 230:944.480 JLINK_IsHalted()
T1DDC 230:944.864 - 0.387ms returns FALSE
T1DDC 231:052.496 JLINK_IsHalted()
T1DDC 231:052.880 - 0.391ms returns FALSE
T1DDC 231:053.472 JLINK_IsHalted()
T1DDC 231:053.824 - 0.356ms returns FALSE
T1DDC 231:161.504 JLINK_IsHalted()
T1DDC 231:161.888 - 0.371ms returns FALSE
T1DDC 231:162.368 JLINK_IsHalted()
T1DDC 231:162.704 - 0.325ms returns FALSE
T1DDC 231:271.456 JLINK_IsHalted()
T1DDC 231:271.808 - 0.371ms returns FALSE
T1DDC 231:272.272 JLINK_IsHalted()
T1DDC 231:272.576 - 0.318ms returns FALSE
T1DDC 231:380.512 JLINK_IsHalted()
T1DDC 231:380.896 - 0.377ms returns FALSE
T1DDC 231:381.408 JLINK_IsHalted()
T1DDC 231:381.728 - 0.326ms returns FALSE
T1DDC 231:490.480 JLINK_IsHalted()
T1DDC 231:490.864 - 0.383ms returns FALSE
T1DDC 231:491.328 JLINK_IsHalted()
T1DDC 231:491.680 - 0.362ms returns FALSE
T1DDC 231:599.536 JLINK_IsHalted()
T1DDC 231:599.952 - 0.411ms returns FALSE
T1DDC 231:600.560 JLINK_IsHalted()
T1DDC 231:600.944 - 0.388ms returns FALSE
T1DDC 231:708.512 JLINK_IsHalted()
T1DDC 231:708.928 - 0.430ms returns FALSE
T1DDC 231:709.408 JLINK_IsHalted()
T1DDC 231:709.776 - 0.352ms returns FALSE
T1DDC 231:819.728 JLINK_IsHalted()
T1DDC 231:820.112 - 0.378ms returns FALSE
T1DDC 231:820.672 JLINK_IsHalted()
T1DDC 231:820.976 - 0.311ms returns FALSE
T4EA8 231:821.056 JLINK_IsHalted()
T4EA8 231:821.360 - 0.295ms returns FALSE
T4EA8 231:821.360 JLINK_IsHalted()
T4EA8 231:821.664 - 0.304ms returns FALSE
T1DDC 231:927.472 JLINK_IsHalted()
T1DDC 231:927.856 - 0.379ms returns FALSE
T1DDC 231:928.352 JLINK_IsHalted()
T1DDC 231:928.672 - 0.320ms returns FALSE
T1DDC 232:036.480 JLINK_IsHalted()
T1DDC 232:036.896 - 0.414ms returns FALSE
T1DDC 232:037.328 JLINK_IsHalted()
T1DDC 232:037.680 - 0.354ms returns FALSE
T1DDC 232:146.512 JLINK_IsHalted()
T1DDC 232:146.976 - 0.440ms returns FALSE
T1DDC 232:147.456 JLINK_IsHalted()
T1DDC 232:147.792 - 0.352ms returns FALSE
T1DDC 232:255.520 JLINK_IsHalted()
T1DDC 232:255.968 - 0.453ms returns FALSE
T1DDC 232:256.976 JLINK_IsHalted()
T1DDC 232:257.248 - 0.298ms returns FALSE
T1DDC 232:365.472 JLINK_IsHalted()
T1DDC 232:365.792 - 0.345ms returns FALSE
T1DDC 232:366.544 JLINK_IsHalted()
T1DDC 232:366.928 - 0.380ms returns FALSE
T1DDC 232:474.496 JLINK_IsHalted()
T1DDC 232:474.880 - 0.379ms returns FALSE
T1DDC 232:475.344 JLINK_IsHalted()
T1DDC 232:475.696 - 0.346ms returns FALSE
T1DDC 232:583.472 JLINK_IsHalted()
T1DDC 232:583.840 - 0.352ms returns FALSE
T1DDC 232:584.912 JLINK_IsHalted()
T1DDC 232:585.216 - 0.304ms returns FALSE
T1DDC 232:693.472 JLINK_IsHalted()
T1DDC 232:693.856 - 0.368ms returns FALSE
T1DDC 232:694.320 JLINK_IsHalted()
T1DDC 232:694.688 - 0.359ms returns FALSE
T1DDC 232:802.512 JLINK_IsHalted()
T1DDC 232:802.912 - 0.406ms returns FALSE
T1DDC 232:803.376 JLINK_IsHalted()
T1DDC 232:803.680 - 0.329ms returns FALSE
T4EA8 232:822.704 JLINK_IsHalted()
T4EA8 232:823.120 - 0.404ms returns FALSE
T4EA8 232:823.200 JLINK_IsHalted()
T4EA8 232:823.520 - 0.350ms returns FALSE
T1DDC 232:911.440 JLINK_IsHalted()
T1DDC 232:911.792 - 0.372ms returns FALSE
T1DDC 232:912.304 JLINK_IsHalted()
T1DDC 232:912.672 - 0.359ms returns FALSE
T1DDC 233:021.488 JLINK_IsHalted()
T1DDC 233:021.904 - 0.424ms returns FALSE
T1DDC 233:022.336 JLINK_IsHalted()
T1DDC 233:022.688 - 0.347ms returns FALSE
T1DDC 233:131.568 JLINK_IsHalted()
T1DDC 233:131.904 - 0.332ms returns FALSE
T1DDC 233:132.464 JLINK_IsHalted()
T1DDC 233:132.800 - 0.341ms returns FALSE
T1DDC 233:240.448 JLINK_IsHalted()
T1DDC 233:240.800 - 0.356ms returns FALSE
T1DDC 233:241.632 JLINK_IsHalted()
T1DDC 233:241.952 - 0.338ms returns FALSE
T1DDC 233:349.552 JLINK_IsHalted()
T1DDC 233:349.968 - 0.418ms returns FALSE
T1DDC 233:350.496 JLINK_IsHalted()
T1DDC 233:350.864 - 0.340ms returns FALSE
T1DDC 233:458.480 JLINK_IsHalted()
T1DDC 233:458.864 - 0.396ms returns FALSE
T1DDC 233:459.296 JLINK_IsHalted()
T1DDC 233:459.680 - 0.381ms returns FALSE
T1DDC 233:568.480 JLINK_IsHalted()
T1DDC 233:568.928 - 0.433ms returns FALSE
T1DDC 233:569.440 JLINK_IsHalted()
T1DDC 233:569.744 - 0.325ms returns FALSE
T1DDC 233:677.488 JLINK_IsHalted()
T1DDC 233:677.872 - 0.396ms returns FALSE
T1DDC 233:678.368 JLINK_IsHalted()
T1DDC 233:678.688 - 0.326ms returns FALSE
T1DDC 233:786.496 JLINK_IsHalted()
T1DDC 233:786.928 - 0.441ms returns FALSE
T1DDC 233:787.824 JLINK_IsHalted()
T1DDC 233:788.112 - 0.294ms returns FALSE
T4EA8 233:824.736 JLINK_IsHalted()
T4EA8 233:825.104 - 0.370ms returns FALSE
T4EA8 233:825.120 JLINK_IsHalted()
T4EA8 233:825.488 - 0.362ms returns FALSE
T1DDC 233:896.448 JLINK_IsHalted()
T1DDC 233:896.912 - 0.455ms returns FALSE
T1DDC 233:897.520 JLINK_IsHalted()
T1DDC 233:897.824 - 0.307ms returns FALSE
T1DDC 234:005.472 JLINK_IsHalted()
T1DDC 234:005.840 - 0.363ms returns FALSE
T1DDC 234:006.368 JLINK_IsHalted()
T1DDC 234:006.688 - 0.312ms returns FALSE
T1DDC 234:115.456 JLINK_IsHalted()
T1DDC 234:115.840 - 0.365ms returns FALSE
T1DDC 234:115.872 JLINK_IsHalted()
T1DDC 234:116.176 - 0.312ms returns FALSE
T1DDC 234:224.480 JLINK_IsHalted()
T1DDC 234:224.848 - 0.360ms returns FALSE
T1DDC 234:225.312 JLINK_IsHalted()
T1DDC 234:225.664 - 0.376ms returns FALSE
T1DDC 234:333.472 JLINK_IsHalted()
T1DDC 234:333.824 - 0.364ms returns FALSE
T1DDC 234:334.304 JLINK_IsHalted()
T1DDC 234:334.688 - 0.394ms returns FALSE
T1DDC 234:443.488 JLINK_IsHalted()
T1DDC 234:443.856 - 0.361ms returns FALSE
T1DDC 234:444.720 JLINK_IsHalted()
T1DDC 234:445.088 - 0.358ms returns FALSE
T1DDC 234:552.448 JLINK_IsHalted()
T1DDC 234:552.832 - 0.366ms returns FALSE
T1DDC 234:553.312 JLINK_IsHalted()
T1DDC 234:553.680 - 0.355ms returns FALSE
T1DDC 234:661.456 JLINK_IsHalted()
T1DDC 234:661.840 - 0.363ms returns FALSE
T1DDC 234:662.752 JLINK_IsHalted()
T1DDC 234:663.072 - 0.294ms returns FALSE
T1DDC 234:771.424 JLINK_IsHalted()
T1DDC 234:771.792 - 0.371ms returns FALSE
T1DDC 234:772.352 JLINK_IsHalted()
T1DDC 234:772.704 - 0.362ms returns FALSE
T4EA8 234:826.752 JLINK_IsHalted()
T4EA8 234:827.136 - 0.367ms returns FALSE
T4EA8 234:827.168 JLINK_IsHalted()
T4EA8 234:827.488 - 0.341ms returns FALSE
T1DDC 234:880.512 JLINK_IsHalted()
T1DDC 234:880.928 - 0.402ms returns FALSE
T1DDC 234:881.488 JLINK_IsHalted()
T1DDC 234:881.840 - 0.358ms returns FALSE
T1DDC 234:990.464 JLINK_IsHalted()
T1DDC 234:990.928 - 0.477ms returns FALSE
T1DDC 234:991.440 JLINK_IsHalted()
T1DDC 234:991.776 - 0.344ms returns FALSE
T1DDC 235:099.472 JLINK_IsHalted()
T1DDC 235:099.936 - 0.450ms returns FALSE
T1DDC 235:100.576 JLINK_IsHalted()
T1DDC 235:100.896 - 0.346ms returns FALSE
T1DDC 235:208.448 JLINK_IsHalted()
T1DDC 235:208.864 - 0.420ms returns FALSE
T1DDC 235:209.376 JLINK_IsHalted()
T1DDC 235:209.728 - 0.336ms returns FALSE
T1DDC 235:318.480 JLINK_IsHalted()
T1DDC 235:318.832 - 0.370ms returns FALSE
T1DDC 235:319.520 JLINK_IsHalted()
T1DDC 235:319.888 - 0.367ms returns FALSE
T1DDC 235:427.456 JLINK_IsHalted()
T1DDC 235:427.872 - 0.401ms returns FALSE
T1DDC 235:428.384 JLINK_IsHalted()
T1DDC 235:428.688 - 0.320ms returns FALSE
T1DDC 235:538.128 JLINK_IsHalted()
T1DDC 235:538.512 - 0.376ms returns FALSE
T1DDC 235:539.072 JLINK_IsHalted()
T1DDC 235:539.504 - 0.445ms returns FALSE
T1DDC 235:646.464 JLINK_IsHalted()
T1DDC 235:646.928 - 0.474ms returns FALSE
T1DDC 235:647.456 JLINK_IsHalted()
T1DDC 235:647.824 - 0.349ms returns FALSE
T1DDC 235:755.440 JLINK_IsHalted()
T1DDC 235:755.824 - 0.379ms returns FALSE
T1DDC 235:755.856 JLINK_IsHalted()
T1DDC 235:756.160 - 0.311ms returns FALSE
T4EA8 235:827.888 JLINK_IsHalted()
T4EA8 235:828.352 - 0.460ms returns FALSE
T4EA8 235:828.400 JLINK_IsHalted()
T4EA8 235:828.816 - 0.399ms returns FALSE
T1DDC 235:865.472 JLINK_IsHalted()
T1DDC 235:866.112 - 0.622ms returns FALSE
T1DDC 235:866.800 JLINK_IsHalted()
T1DDC 235:867.216 - 0.407ms returns FALSE
T1DDC 235:976.096 JLINK_IsHalted()
T1DDC 235:976.496 - 0.433ms returns FALSE
T1DDC 235:977.136 JLINK_IsHalted()
T1DDC 235:977.552 - 0.404ms returns FALSE
T1DDC 236:083.760 JLINK_IsHalted()
T1DDC 236:084.256 - 0.488ms returns FALSE
T1DDC 236:084.912 JLINK_IsHalted()
T1DDC 236:085.328 - 0.412ms returns FALSE
T1DDC 236:192.800 JLINK_IsHalted()
T1DDC 236:193.200 - 0.398ms returns FALSE
T1DDC 236:193.744 JLINK_IsHalted()
T1DDC 236:194.080 - 0.352ms returns FALSE
T1DDC 236:302.768 JLINK_IsHalted()
T1DDC 236:303.152 - 0.388ms returns FALSE
T1DDC 236:303.712 JLINK_IsHalted()
T1DDC 236:304.048 - 0.311ms returns FALSE
T1DDC 236:411.808 JLINK_IsHalted()
T1DDC 236:412.160 - 0.376ms returns FALSE
T1DDC 236:412.672 JLINK_IsHalted()
T1DDC 236:412.976 - 0.313ms returns FALSE
T1DDC 236:521.776 JLINK_IsHalted()
T1DDC 236:522.144 - 0.354ms returns FALSE
T1DDC 236:522.720 JLINK_IsHalted()
T1DDC 236:523.040 - 0.317ms returns FALSE
T1DDC 236:630.736 JLINK_IsHalted()
T1DDC 236:631.136 - 0.396ms returns FALSE
T1DDC 236:631.680 JLINK_IsHalted()
T1DDC 236:631.984 - 0.325ms returns FALSE
T1DDC 236:739.792 JLINK_IsHalted()
T1DDC 236:740.224 - 0.433ms returns FALSE
T1DDC 236:740.816 JLINK_IsHalted()
T1DDC 236:741.168 - 0.367ms returns FALSE
T4EA8 236:829.088 JLINK_IsHalted()
T4EA8 236:829.488 - 0.437ms returns FALSE
T4EA8 236:829.536 JLINK_IsHalted()
T4EA8 236:829.856 - 0.310ms returns FALSE
T1DDC 236:849.760 JLINK_IsHalted()
T1DDC 236:850.176 - 0.412ms returns FALSE
T1DDC 236:850.816 JLINK_IsHalted()
T1DDC 236:851.232 - 0.422ms returns FALSE
T1DDC 236:958.800 JLINK_IsHalted()
T1DDC 236:959.184 - 0.387ms returns FALSE
T1DDC 236:959.744 JLINK_IsHalted()
T1DDC 236:960.080 - 0.339ms returns FALSE
T1DDC 237:067.824 JLINK_IsHalted()
T1DDC 237:068.208 - 0.392ms returns FALSE
T1DDC 237:068.880 JLINK_IsHalted()
T1DDC 237:069.232 - 0.361ms returns FALSE
T1DDC 237:177.824 JLINK_IsHalted()
T1DDC 237:178.208 - 0.380ms returns FALSE
T1DDC 237:178.800 JLINK_IsHalted()
T1DDC 237:179.168 - 0.348ms returns FALSE
T1DDC 237:286.784 JLINK_IsHalted()
T1DDC 237:287.328 - 0.531ms returns FALSE
T1DDC 237:288.224 JLINK_IsHalted()
T1DDC 237:288.624 - 0.408ms returns FALSE
T1DDC 237:396.736 JLINK_IsHalted()
T1DDC 237:397.152 - 0.396ms returns FALSE
T1DDC 237:397.680 JLINK_IsHalted()
T1DDC 237:398.064 - 0.379ms returns FALSE
T1DDC 237:505.744 JLINK_IsHalted()
T1DDC 237:506.144 - 0.414ms returns FALSE
T1DDC 237:506.720 JLINK_IsHalted()
T1DDC 237:507.072 - 0.361ms returns FALSE
T1DDC 237:614.816 JLINK_IsHalted()
T1DDC 237:615.200 - 0.405ms returns FALSE
T1DDC 237:615.776 JLINK_IsHalted()
T1DDC 237:616.128 - 0.337ms returns FALSE
T1DDC 237:724.768 JLINK_IsHalted()
T1DDC 237:725.152 - 0.400ms returns FALSE
T1DDC 237:725.664 JLINK_IsHalted()
T1DDC 237:726.032 - 0.372ms returns FALSE
T4EA8 237:830.096 JLINK_IsHalted()
T4EA8 237:830.496 - 0.404ms returns FALSE
T4EA8 237:830.560 JLINK_IsHalted()
T4EA8 237:830.864 - 0.304ms returns FALSE
T1DDC 237:833.760 JLINK_IsHalted()
T1DDC 237:834.112 - 0.348ms returns FALSE
T1DDC 237:834.704 JLINK_IsHalted()
T1DDC 237:835.136 - 0.428ms returns FALSE
T1DDC 237:942.704 JLINK_IsHalted()
T1DDC 237:943.088 - 0.383ms returns FALSE
T1DDC 237:943.632 JLINK_IsHalted()
T1DDC 237:944.016 - 0.372ms returns FALSE
T1DDC 238:052.768 JLINK_IsHalted()
T1DDC 238:053.120 - 0.373ms returns FALSE
T1DDC 238:054.112 JLINK_IsHalted()
T1DDC 238:054.480 - 0.359ms returns FALSE
T1DDC 238:161.792 JLINK_IsHalted()
T1DDC 238:162.144 - 0.360ms returns FALSE
T1DDC 238:162.656 JLINK_IsHalted()
T1DDC 238:162.944 - 0.298ms returns FALSE
T1DDC 238:271.792 JLINK_IsHalted()
T1DDC 238:272.160 - 0.361ms returns FALSE
T1DDC 238:272.608 JLINK_IsHalted()
T1DDC 238:272.976 - 0.359ms returns FALSE
T1DDC 238:380.768 JLINK_IsHalted()
T1DDC 238:381.104 - 0.349ms returns FALSE
T1DDC 238:381.696 JLINK_IsHalted()
T1DDC 238:382.000 - 0.310ms returns FALSE
T1DDC 238:489.824 JLINK_IsHalted()
T1DDC 238:490.336 - 0.506ms returns FALSE
T1DDC 238:490.848 JLINK_IsHalted()
T1DDC 238:491.184 - 0.346ms returns FALSE
T1DDC 238:599.776 JLINK_IsHalted()
T1DDC 238:600.112 - 0.351ms returns FALSE
T1DDC 238:600.608 JLINK_IsHalted()
T1DDC 238:601.008 - 0.388ms returns FALSE
T1DDC 238:708.768 JLINK_IsHalted()
T1DDC 238:709.168 - 0.408ms returns FALSE
T1DDC 238:709.680 JLINK_IsHalted()
T1DDC 238:710.016 - 0.324ms returns FALSE
T1DDC 238:817.744 JLINK_IsHalted()
T1DDC 238:818.128 - 0.385ms returns FALSE
T1DDC 238:818.608 JLINK_IsHalted()
T1DDC 238:818.912 - 0.311ms returns FALSE
T4EA8 238:831.056 JLINK_IsHalted()
T4EA8 238:831.392 - 0.343ms returns FALSE
T4EA8 238:831.440 JLINK_IsHalted()
T4EA8 238:831.712 - 0.304ms returns FALSE
T1DDC 238:927.824 JLINK_IsHalted()
T1DDC 238:928.176 - 0.353ms returns FALSE
T1DDC 238:928.672 JLINK_IsHalted()
T1DDC 238:928.992 - 0.315ms returns FALSE
T1DDC 239:036.800 JLINK_IsHalted()
T1DDC 239:037.184 - 0.387ms returns FALSE
T1DDC 239:037.744 JLINK_IsHalted()
T1DDC 239:038.048 - 0.315ms returns FALSE
T1DDC 239:146.752 JLINK_IsHalted()
T1DDC 239:147.136 - 0.388ms returns FALSE
T1DDC 239:147.616 JLINK_IsHalted()
T1DDC 239:148.064 - 0.426ms returns FALSE
T1DDC 239:255.712 JLINK_IsHalted()
T1DDC 239:256.096 - 0.385ms returns FALSE
T1DDC 239:256.704 JLINK_IsHalted()
T1DDC 239:257.056 - 0.369ms returns FALSE
T1DDC 239:364.736 JLINK_IsHalted()
T1DDC 239:365.088 - 0.369ms returns FALSE
T1DDC 239:365.712 JLINK_IsHalted()
T1DDC 239:366.064 - 0.354ms returns FALSE
T1DDC 239:474.768 JLINK_IsHalted()
T1DDC 239:475.168 - 0.402ms returns FALSE
T1DDC 239:475.664 JLINK_IsHalted()
T1DDC 239:476.000 - 0.335ms returns FALSE
T1DDC 239:583.792 JLINK_IsHalted()
T1DDC 239:584.208 - 0.403ms returns FALSE
T1DDC 239:584.720 JLINK_IsHalted()
T1DDC 239:585.104 - 0.394ms returns FALSE
T1DDC 239:692.768 JLINK_IsHalted()
T1DDC 239:693.152 - 0.379ms returns FALSE
T1DDC 239:693.824 JLINK_IsHalted()
T1DDC 239:694.160 - 0.341ms returns FALSE
T1DDC 239:802.784 JLINK_IsHalted()
T1DDC 239:803.184 - 0.405ms returns FALSE
T1DDC 239:803.856 JLINK_IsHalted()
T1DDC 239:804.208 - 0.348ms returns FALSE
T4EA8 239:832.096 JLINK_IsHalted()
T4EA8 239:832.480 - 0.394ms returns FALSE
T4EA8 239:832.528 JLINK_IsHalted()
T4EA8 239:832.912 - 0.383ms returns FALSE
T1DDC 239:911.776 JLINK_IsHalted()
T1DDC 239:912.272 - 0.477ms returns FALSE
T1DDC 239:912.992 JLINK_IsHalted()
T1DDC 239:913.376 - 0.394ms returns FALSE
T1DDC 240:021.760 JLINK_IsHalted()
T1DDC 240:022.192 - 0.426ms returns FALSE
T1DDC 240:022.752 JLINK_IsHalted()
T1DDC 240:023.120 - 0.373ms returns FALSE
T1DDC 240:130.848 JLINK_IsHalted()
T1DDC 240:131.232 - 0.370ms returns FALSE
T1DDC 240:131.680 JLINK_IsHalted()
T1DDC 240:132.000 - 0.313ms returns FALSE
T1DDC 240:239.840 JLINK_IsHalted()
T1DDC 240:240.560 - 0.726ms returns FALSE
T1DDC 240:241.744 JLINK_IsHalted()
T1DDC 240:243.920 - 2.185ms returns FALSE
T1DDC 240:349.856 JLINK_IsHalted()
T1DDC 240:350.336 - 0.488ms returns FALSE
T1DDC 240:351.024 JLINK_IsHalted()
T1DDC 240:351.520 - 0.484ms returns FALSE
T1DDC 240:458.800 JLINK_IsHalted()
T1DDC 240:459.440 - 0.622ms returns FALSE
T1DDC 240:460.256 JLINK_IsHalted()
T1DDC 240:460.704 - 0.450ms returns FALSE
T1DDC 240:567.776 JLINK_IsHalted()
T1DDC 240:568.288 - 0.528ms returns FALSE
T1DDC 240:569.040 JLINK_IsHalted()
T1DDC 240:569.424 - 0.383ms returns FALSE
T1DDC 240:677.808 JLINK_IsHalted()
T1DDC 240:678.192 - 0.380ms returns FALSE
T1DDC 240:678.752 JLINK_IsHalted()
T1DDC 240:679.136 - 0.399ms returns FALSE
T1DDC 240:786.784 JLINK_IsHalted()
T1DDC 240:787.280 - 0.484ms returns FALSE
T1DDC 240:788.144 JLINK_IsHalted()
T1DDC 240:788.512 - 0.341ms returns FALSE
T4EA8 240:833.072 JLINK_IsHalted()
T4EA8 240:833.488 - 0.412ms returns FALSE
T4EA8 240:833.568 JLINK_IsHalted()
T4EA8 240:833.920 - 0.345ms returns FALSE
T1DDC 240:896.736 JLINK_IsHalted()
T1DDC 240:897.120 - 0.380ms returns FALSE
T1DDC 240:897.792 JLINK_IsHalted()
T1DDC 240:898.176 - 0.377ms returns FALSE
T1DDC 241:005.824 JLINK_IsHalted()
T1DDC 241:006.240 - 0.426ms returns FALSE
T1DDC 241:006.848 JLINK_IsHalted()
T1DDC 241:007.328 - 0.482ms returns FALSE
T1DDC 241:114.752 JLINK_IsHalted()
T1DDC 241:115.136 - 0.386ms returns FALSE
T1DDC 241:115.600 JLINK_IsHalted()
T1DDC 241:116.032 - 0.435ms returns FALSE
T1DDC 241:224.736 JLINK_IsHalted()
T1DDC 241:225.136 - 0.419ms returns FALSE
T1DDC 241:225.696 JLINK_IsHalted()
T1DDC 241:226.016 - 0.308ms returns FALSE
T1DDC 241:333.808 JLINK_IsHalted()
T1DDC 241:334.176 - 0.372ms returns FALSE
T1DDC 241:334.784 JLINK_IsHalted()
T1DDC 241:335.088 - 0.317ms returns FALSE
T1DDC 241:442.784 JLINK_IsHalted()
T1DDC 241:443.232 - 0.439ms returns FALSE
T1DDC 241:443.808 JLINK_IsHalted()
T1DDC 241:444.144 - 0.343ms returns FALSE
T1DDC 241:552.736 JLINK_IsHalted()
T1DDC 241:553.104 - 0.364ms returns FALSE
T1DDC 241:553.584 JLINK_IsHalted()
T1DDC 241:553.968 - 0.377ms returns FALSE
T1DDC 241:661.744 JLINK_IsHalted()
T1DDC 241:662.128 - 0.379ms returns FALSE
T1DDC 241:662.720 JLINK_IsHalted()
T1DDC 241:663.056 - 0.343ms returns FALSE
T1DDC 241:771.728 JLINK_IsHalted()
T1DDC 241:772.192 - 0.461ms returns FALSE
T1DDC 241:772.800 JLINK_IsHalted()
T1DDC 241:773.136 - 0.343ms returns FALSE
T4EA8 241:834.064 JLINK_IsHalted()
T4EA8 241:834.464 - 0.414ms returns FALSE
T4EA8 241:834.496 JLINK_IsHalted()
T4EA8 241:834.880 - 0.372ms returns FALSE
T1DDC 241:880.752 JLINK_IsHalted()
T1DDC 241:881.120 - 0.363ms returns FALSE
T1DDC 241:881.632 JLINK_IsHalted()
T1DDC 241:881.984 - 0.368ms returns FALSE
T1DDC 241:989.808 JLINK_IsHalted()
T1DDC 241:990.192 - 0.390ms returns FALSE
T1DDC 241:990.736 JLINK_IsHalted()
T1DDC 241:991.088 - 0.357ms returns FALSE
T1DDC 242:099.744 JLINK_IsHalted()
T1DDC 242:100.096 - 0.354ms returns FALSE
T1DDC 242:100.640 JLINK_IsHalted()
T1DDC 242:100.960 - 0.343ms returns FALSE
T1DDC 242:208.768 JLINK_IsHalted()
T1DDC 242:209.152 - 0.372ms returns FALSE
T1DDC 242:209.664 JLINK_IsHalted()
T1DDC 242:210.000 - 0.314ms returns FALSE
T1DDC 242:317.824 JLINK_IsHalted()
T1DDC 242:318.256 - 0.432ms returns FALSE
T1DDC 242:319.360 JLINK_IsHalted()
T1DDC 242:319.712 - 0.354ms returns FALSE
T1DDC 242:427.728 JLINK_IsHalted()
T1DDC 242:428.080 - 0.360ms returns FALSE
T1DDC 242:428.544 JLINK_IsHalted()
T1DDC 242:428.848 - 0.298ms returns FALSE
T1DDC 242:536.784 JLINK_IsHalted()
T1DDC 242:537.184 - 0.398ms returns FALSE
T1DDC 242:541.056 JLINK_IsHalted()
T1DDC 242:541.472 - 0.423ms returns FALSE
T1DDC 242:646.704 JLINK_IsHalted()
T1DDC 242:647.088 - 0.378ms returns FALSE
T1DDC 242:647.120 JLINK_IsHalted()
T1DDC 242:647.456 - 0.340ms returns FALSE
T1DDC 242:755.744 JLINK_IsHalted()
T1DDC 242:756.144 - 0.388ms returns FALSE
T1DDC 242:756.176 JLINK_IsHalted()
T1DDC 242:756.480 - 0.302ms returns FALSE
T4EA8 242:836.304 JLINK_IsHalted()
T4EA8 242:836.768 - 0.453ms returns FALSE
T4EA8 242:836.832 JLINK_IsHalted()
T4EA8 242:837.200 - 0.354ms returns FALSE
T1DDC 242:864.768 JLINK_IsHalted()
T1DDC 242:865.200 - 0.433ms returns FALSE
T1DDC 242:865.248 JLINK_IsHalted()
T1DDC 242:865.664 - 0.396ms returns FALSE
T1DDC 242:974.752 JLINK_IsHalted()
T1DDC 242:975.232 - 0.483ms returns FALSE
T1DDC 242:975.312 JLINK_IsHalted()
T1DDC 242:975.696 - 0.386ms returns FALSE
T1DDC 243:083.744 JLINK_IsHalted()
T1DDC 243:084.160 - 0.405ms returns FALSE
T1DDC 243:084.208 JLINK_IsHalted()
T1DDC 243:084.544 - 0.330ms returns FALSE
T1DDC 243:192.784 JLINK_IsHalted()
T1DDC 243:193.296 - 0.515ms returns FALSE
T1DDC 243:193.376 JLINK_IsHalted()
T1DDC 243:193.760 - 0.385ms returns FALSE
T1DDC 243:302.816 JLINK_IsHalted()
T1DDC 243:303.216 - 0.422ms returns FALSE
T1DDC 243:303.296 JLINK_IsHalted()
T1DDC 243:303.648 - 0.357ms returns FALSE
T1DDC 243:411.792 JLINK_IsHalted()
T1DDC 243:412.256 - 0.455ms returns FALSE
T1DDC 243:412.304 JLINK_IsHalted()
T1DDC 243:412.656 - 0.346ms returns FALSE
T1DDC 243:521.760 JLINK_IsHalted()
T1DDC 243:522.176 - 0.414ms returns FALSE
T1DDC 243:522.224 JLINK_IsHalted()
T1DDC 243:522.592 - 0.339ms returns FALSE
T1DDC 243:630.720 JLINK_IsHalted()
T1DDC 243:631.104 - 0.382ms returns FALSE
T1DDC 243:631.152 JLINK_IsHalted()
T1DDC 243:631.488 - 0.330ms returns FALSE
T1DDC 243:739.776 JLINK_IsHalted()
T1DDC 243:740.160 - 0.393ms returns FALSE
T1DDC 243:740.208 JLINK_IsHalted()
T1DDC 243:740.544 - 0.349ms returns FALSE
T4EA8 243:838.208 JLINK_IsHalted()
T4EA8 243:838.624 - 0.405ms returns FALSE
T4EA8 243:838.688 JLINK_IsHalted()
T4EA8 243:839.024 - 0.351ms returns FALSE
T1DDC 243:849.776 JLINK_IsHalted()
T1DDC 243:850.208 - 0.431ms returns FALSE
T1DDC 243:850.288 JLINK_IsHalted()
T1DDC 243:850.656 - 0.361ms returns FALSE
T1DDC 243:958.736 JLINK_IsHalted()
T1DDC 243:959.200 - 0.454ms returns FALSE
T1DDC 243:959.216 JLINK_IsHalted()
T1DDC 243:959.552 - 0.328ms returns FALSE
T1DDC 244:067.808 JLINK_IsHalted()
T1DDC 244:068.192 - 0.384ms returns FALSE
T1DDC 244:068.224 JLINK_IsHalted()
T1DDC 244:068.512 - 0.281ms returns FALSE
T1DDC 244:177.712 JLINK_IsHalted()
T1DDC 244:178.144 - 0.420ms returns FALSE
T1DDC 244:178.208 JLINK_IsHalted()
T1DDC 244:178.528 - 0.341ms returns FALSE
T1DDC 244:286.752 JLINK_IsHalted()
T1DDC 244:287.104 - 0.350ms returns FALSE
T1DDC 244:287.136 JLINK_IsHalted()
T1DDC 244:287.456 - 0.340ms returns FALSE
T1DDC 244:396.720 JLINK_IsHalted()
T1DDC 244:397.136 - 0.404ms returns FALSE
T1DDC 244:397.152 JLINK_IsHalted()
T1DDC 244:397.440 - 0.287ms returns FALSE
T1DDC 244:505.760 JLINK_IsHalted()
T1DDC 244:506.112 - 0.349ms returns FALSE
T1DDC 244:506.144 JLINK_IsHalted()
T1DDC 244:506.448 - 0.288ms returns FALSE
T1DDC 244:614.784 JLINK_IsHalted()
T1DDC 244:615.200 - 0.407ms returns FALSE
T1DDC 244:615.216 JLINK_IsHalted()
T1DDC 244:615.552 - 0.317ms returns FALSE
T1DDC 244:724.768 JLINK_IsHalted()
T1DDC 244:725.200 - 0.421ms returns FALSE
T1DDC 244:725.280 JLINK_IsHalted()
T1DDC 244:725.680 - 0.423ms returns FALSE
T1DDC 244:833.744 JLINK_IsHalted()
T1DDC 244:834.400 - 0.650ms returns FALSE
T1DDC 244:834.464 JLINK_IsHalted()
T1DDC 244:834.976 - 0.512ms returns FALSE
T4EA8 244:840.016 JLINK_IsHalted()
T4EA8 244:840.528 - 0.515ms returns FALSE
T4EA8 244:840.576 JLINK_IsHalted()
T4EA8 244:840.912 - 0.318ms returns FALSE
T1DDC 244:942.768 JLINK_IsHalted()
T1DDC 244:943.200 - 0.428ms returns FALSE
T1DDC 244:943.280 JLINK_IsHalted()
T1DDC 244:943.616 - 0.350ms returns FALSE
T1DDC 245:052.752 JLINK_IsHalted()
T1DDC 245:053.184 - 0.444ms returns FALSE
T1DDC 245:053.264 JLINK_IsHalted()
T1DDC 245:053.648 - 0.385ms returns FALSE
T1DDC 245:161.776 JLINK_IsHalted()
T1DDC 245:162.208 - 0.436ms returns FALSE
T1DDC 245:162.272 JLINK_IsHalted()
T1DDC 245:162.656 - 0.389ms returns FALSE
T1DDC 245:272.608 JLINK_IsHalted()
T1DDC 245:273.008 - 0.385ms returns FALSE
T1DDC 245:273.056 JLINK_IsHalted()
T1DDC 245:273.472 - 0.401ms returns FALSE
T1DDC 245:380.768 JLINK_IsHalted()
T1DDC 245:381.216 - 0.454ms returns FALSE
T1DDC 245:381.296 JLINK_IsHalted()
T1DDC 245:381.664 - 0.372ms returns FALSE
T1DDC 245:489.824 JLINK_IsHalted()
T1DDC 245:490.272 - 0.469ms returns FALSE
T1DDC 245:490.336 JLINK_IsHalted()
T1DDC 245:490.656 - 0.336ms returns FALSE
T1DDC 245:599.744 JLINK_IsHalted()
T1DDC 245:600.208 - 0.464ms returns FALSE
T1DDC 245:600.288 JLINK_IsHalted()
T1DDC 245:600.688 - 0.412ms returns FALSE
T1DDC 245:708.752 JLINK_IsHalted()
T1DDC 245:709.184 - 0.451ms returns FALSE
T1DDC 245:709.232 JLINK_IsHalted()
T1DDC 245:709.664 - 0.413ms returns FALSE
T1DDC 245:817.760 JLINK_IsHalted()
T1DDC 245:818.208 - 0.454ms returns FALSE
T1DDC 245:818.272 JLINK_IsHalted()
T1DDC 245:818.672 - 0.411ms returns FALSE
T4EA8 245:841.312 JLINK_IsHalted()
T4EA8 245:841.792 - 0.481ms returns FALSE
T4EA8 245:841.840 JLINK_IsHalted()
T4EA8 245:842.176 - 0.321ms returns FALSE
T1DDC 245:928.400 JLINK_IsHalted()
T1DDC 245:928.864 - 0.463ms returns FALSE
T1DDC 245:928.928 JLINK_IsHalted()
T1DDC 245:929.296 - 0.375ms returns FALSE
T1DDC 246:036.768 JLINK_IsHalted()
T1DDC 246:037.200 - 0.438ms returns FALSE
T1DDC 246:037.280 JLINK_IsHalted()
T1DDC 246:037.664 - 0.397ms returns FALSE
T1DDC 246:146.784 JLINK_IsHalted()
T1DDC 246:147.232 - 0.427ms returns FALSE
T1DDC 246:147.328 JLINK_IsHalted()
T1DDC 246:147.712 - 0.392ms returns FALSE
T1DDC 246:255.792 JLINK_IsHalted()
T1DDC 246:256.288 - 0.496ms returns FALSE
T1DDC 246:256.352 JLINK_IsHalted()
T1DDC 246:256.768 - 0.393ms returns FALSE
T1DDC 246:364.832 JLINK_IsHalted()
T1DDC 246:365.280 - 0.464ms returns FALSE
T1DDC 246:365.392 JLINK_IsHalted()
T1DDC 246:365.776 - 0.386ms returns FALSE
T1DDC 246:474.800 JLINK_IsHalted()
T1DDC 246:475.600 - 0.743ms returns FALSE
T1DDC 246:475.696 JLINK_IsHalted()
T1DDC 246:477.744 - 2.029ms returns FALSE
T1DDC 246:583.808 JLINK_IsHalted()
T1DDC 246:584.352 - 0.533ms returns FALSE
T1DDC 246:584.416 JLINK_IsHalted()
T1DDC 246:584.832 - 0.406ms returns FALSE
T1DDC 246:692.864 JLINK_IsHalted()
T1DDC 246:693.424 - 0.554ms returns FALSE
T1DDC 246:693.504 JLINK_IsHalted()
T1DDC 246:693.920 - 0.408ms returns FALSE
T1DDC 246:802.816 JLINK_IsHalted()
T1DDC 246:803.376 - 0.550ms returns FALSE
T1DDC 246:803.488 JLINK_IsHalted()
T1DDC 246:803.920 - 0.439ms returns FALSE
T4EA8 246:842.144 JLINK_IsHalted()
T4EA8 246:842.672 - 0.530ms returns FALSE
T4EA8 246:842.800 JLINK_IsHalted()
T4EA8 246:843.216 - 0.412ms returns FALSE
T1DDC 246:911.792 JLINK_IsHalted()
T1DDC 246:912.304 - 0.507ms returns FALSE
T1DDC 246:912.384 JLINK_IsHalted()
T1DDC 246:912.800 - 0.402ms returns FALSE
T1DDC 247:021.792 JLINK_IsHalted()
T1DDC 247:022.288 - 0.483ms returns FALSE
T1DDC 247:022.368 JLINK_IsHalted()
T1DDC 247:022.752 - 0.384ms returns FALSE
T1DDC 247:130.800 JLINK_IsHalted()
T1DDC 247:131.344 - 0.536ms returns FALSE
T1DDC 247:131.424 JLINK_IsHalted()
T1DDC 247:131.824 - 0.407ms returns FALSE
T1DDC 247:239.776 JLINK_IsHalted()
T1DDC 247:240.240 - 0.452ms returns FALSE
T1DDC 247:240.320 JLINK_IsHalted()
T1DDC 247:240.704 - 0.378ms returns FALSE
T1DDC 247:349.760 JLINK_IsHalted()
T1DDC 247:350.272 - 0.498ms returns FALSE
T1DDC 247:350.352 JLINK_IsHalted()
T1DDC 247:350.752 - 0.407ms returns FALSE
T1DDC 247:458.784 JLINK_IsHalted()
T1DDC 247:459.280 - 0.461ms returns FALSE
T1DDC 247:459.328 JLINK_IsHalted()
T1DDC 247:459.680 - 0.371ms returns FALSE
T1DDC 247:567.840 JLINK_IsHalted()
T1DDC 247:568.256 - 0.407ms returns FALSE
T1DDC 247:568.304 JLINK_IsHalted()
T1DDC 247:568.640 - 0.337ms returns FALSE
T1DDC 247:677.856 JLINK_IsHalted()
T1DDC 247:678.256 - 0.421ms returns FALSE
T1DDC 247:678.336 JLINK_IsHalted()
T1DDC 247:678.688 - 0.350ms returns FALSE
T1DDC 247:786.752 JLINK_IsHalted()
T1DDC 247:787.232 - 0.473ms returns FALSE
T1DDC 247:787.312 JLINK_IsHalted()
T1DDC 247:787.680 - 0.357ms returns FALSE
T4EA8 247:845.152 JLINK_IsHalted()
T4EA8 247:845.664 - 0.501ms returns FALSE
T4EA8 247:845.728 JLINK_IsHalted()
T4EA8 247:846.112 - 0.381ms returns FALSE
T1DDC 247:896.752 JLINK_IsHalted()
T1DDC 247:897.216 - 0.448ms returns FALSE
T1DDC 247:897.264 JLINK_IsHalted()
T1DDC 247:897.648 - 0.381ms returns FALSE
T1DDC 248:005.728 JLINK_IsHalted()
T1DDC 248:006.272 - 0.529ms returns FALSE
T1DDC 248:006.320 JLINK_IsHalted()
T1DDC 248:006.688 - 0.347ms returns FALSE
T1DDC 248:114.768 JLINK_IsHalted()
T1DDC 248:115.152 - 0.407ms returns FALSE
T1DDC 248:115.200 JLINK_IsHalted()
T1DDC 248:115.488 - 0.298ms returns FALSE
T1DDC 248:224.720 JLINK_IsHalted()
T1DDC 248:225.120 - 0.395ms returns FALSE
T1DDC 248:225.152 JLINK_IsHalted()
T1DDC 248:225.456 - 0.306ms returns FALSE
T1DDC 248:333.696 JLINK_IsHalted()
T1DDC 248:334.080 - 0.373ms returns FALSE
T1DDC 248:334.112 JLINK_IsHalted()
T1DDC 248:334.368 - 0.264ms returns FALSE
T1DDC 248:442.848 JLINK_IsHalted()
T1DDC 248:443.344 - 0.475ms returns FALSE
T1DDC 248:443.440 JLINK_IsHalted()
T1DDC 248:444.064 - 0.608ms returns FALSE
T1DDC 248:552.800 JLINK_IsHalted()
T1DDC 248:553.216 - 0.417ms returns FALSE
T1DDC 248:553.248 JLINK_IsHalted()
T1DDC 248:553.648 - 0.406ms returns FALSE
T1DDC 248:661.808 JLINK_IsHalted()
T1DDC 248:662.240 - 0.432ms returns FALSE
T1DDC 248:662.304 JLINK_IsHalted()
T1DDC 248:662.608 - 0.304ms returns FALSE
T1DDC 248:771.760 JLINK_IsHalted()
T1DDC 248:772.224 - 0.457ms returns FALSE
T1DDC 248:772.224 JLINK_IsHalted()
T1DDC 248:772.512 - 0.273ms returns FALSE
T4EA8 248:846.176 JLINK_IsHalted()
T4EA8 248:846.624 - 0.425ms returns FALSE
T4EA8 248:846.688 JLINK_IsHalted()
T4EA8 248:847.008 - 0.305ms returns FALSE
T1DDC 248:880.736 JLINK_IsHalted()
T1DDC 248:881.120 - 0.372ms returns FALSE
T1DDC 248:881.152 JLINK_IsHalted()
T1DDC 248:881.440 - 0.281ms returns FALSE
T1DDC 248:990.368 JLINK_IsHalted()
T1DDC 248:990.720 - 0.361ms returns FALSE
T1DDC 248:990.768 JLINK_IsHalted()
T1DDC 248:991.056 - 0.300ms returns FALSE
T1DDC 249:099.744 JLINK_IsHalted()
T1DDC 249:100.160 - 0.413ms returns FALSE
T1DDC 249:100.208 JLINK_IsHalted()
T1DDC 249:100.496 - 0.287ms returns FALSE
T1DDC 249:208.864 JLINK_IsHalted()
T1DDC 249:209.248 - 0.400ms returns FALSE
T1DDC 249:209.312 JLINK_IsHalted()
T1DDC 249:209.680 - 0.371ms returns FALSE
T1DDC 249:317.712 JLINK_IsHalted()
T1DDC 249:318.096 - 0.374ms returns FALSE
T1DDC 249:318.144 JLINK_IsHalted()
T1DDC 249:318.432 - 0.296ms returns FALSE
T1DDC 249:427.792 JLINK_IsHalted()
T1DDC 249:428.176 - 0.375ms returns FALSE
T1DDC 249:428.192 JLINK_IsHalted()
T1DDC 249:428.528 - 0.324ms returns FALSE
T1DDC 249:536.800 JLINK_IsHalted()
T1DDC 249:537.152 - 0.350ms returns FALSE
T1DDC 249:537.152 JLINK_IsHalted()
T1DDC 249:537.456 - 0.290ms returns FALSE
T1DDC 249:646.688 JLINK_IsHalted()
T1DDC 249:647.056 - 0.351ms returns FALSE
T1DDC 249:647.072 JLINK_IsHalted()
T1DDC 249:647.440 - 0.352ms returns FALSE
T1DDC 249:755.728 JLINK_IsHalted()
T1DDC 249:756.080 - 0.338ms returns FALSE
T1DDC 249:756.080 JLINK_IsHalted()
T1DDC 249:756.448 - 0.337ms returns FALSE
T4EA8 249:847.968 JLINK_IsHalted()
T4EA8 249:848.288 - 0.354ms returns FALSE
T4EA8 249:848.320 JLINK_IsHalted()
T4EA8 249:848.672 - 0.344ms returns FALSE
T1DDC 249:864.752 JLINK_IsHalted()
T1DDC 249:865.120 - 0.358ms returns FALSE
T1DDC 249:865.136 JLINK_IsHalted()
T1DDC 249:865.424 - 0.293ms returns FALSE
T1DDC 249:974.816 JLINK_IsHalted()
T1DDC 249:975.344 - 0.532ms returns FALSE
T1DDC 249:975.376 JLINK_IsHalted()
T1DDC 249:975.808 - 0.428ms returns FALSE
T1DDC 250:083.792 JLINK_IsHalted()
T1DDC 250:084.176 - 0.364ms returns FALSE
T1DDC 250:084.192 JLINK_IsHalted()
T1DDC 250:084.480 - 0.289ms returns FALSE
T1DDC 250:192.736 JLINK_IsHalted()
T1DDC 250:193.248 - 0.512ms returns FALSE
T1DDC 250:193.312 JLINK_IsHalted()
T1DDC 250:193.616 - 0.321ms returns FALSE
T1DDC 250:302.896 JLINK_IsHalted()
T1DDC 250:303.440 - 0.524ms returns FALSE
T1DDC 250:303.520 JLINK_IsHalted()
T1DDC 250:303.904 - 0.376ms returns FALSE
T1DDC 250:411.872 JLINK_IsHalted()
T1DDC 250:412.576 - 0.686ms returns FALSE
T1DDC 250:412.640 JLINK_IsHalted()
T1DDC 250:413.136 - 0.477ms returns FALSE
T1DDC 250:520.960 JLINK_IsHalted()
T1DDC 250:521.520 - 0.572ms returns FALSE
T1DDC 250:521.600 JLINK_IsHalted()
T1DDC 250:522.064 - 0.450ms returns FALSE
T1DDC 250:630.864 JLINK_IsHalted()
T1DDC 250:631.296 - 0.447ms returns FALSE
T1DDC 250:631.328 JLINK_IsHalted()
T1DDC 250:631.712 - 0.354ms returns FALSE
T1DDC 250:739.792 JLINK_IsHalted()
T1DDC 250:740.144 - 0.348ms returns FALSE
T1DDC 250:740.176 JLINK_IsHalted()
T1DDC 250:740.432 - 0.261ms returns FALSE
T4EA8 250:849.072 JLINK_IsHalted()
T4EA8 250:849.440 - 0.348ms returns FALSE
T4EA8 250:849.456 JLINK_IsHalted()
T4EA8 250:849.760 - 0.289ms returns FALSE
T1DDC 250:849.824 JLINK_IsHalted()
T1DDC 250:850.256 - 0.442ms returns FALSE
T1DDC 250:850.304 JLINK_IsHalted()
T1DDC 250:850.608 - 0.304ms returns FALSE
T1DDC 250:958.848 JLINK_IsHalted()
T1DDC 250:959.200 - 0.363ms returns FALSE
T1DDC 250:959.232 JLINK_IsHalted()
T1DDC 250:959.584 - 0.363ms returns FALSE
T1DDC 251:067.872 JLINK_IsHalted()
T1DDC 251:068.288 - 0.411ms returns FALSE
T1DDC 251:068.320 JLINK_IsHalted()
T1DDC 251:068.720 - 0.417ms returns FALSE
T1DDC 251:177.824 JLINK_IsHalted()
T1DDC 251:178.240 - 0.395ms returns FALSE
T1DDC 251:178.272 JLINK_IsHalted()
T1DDC 251:178.624 - 0.365ms returns FALSE
T1DDC 251:286.784 JLINK_IsHalted()
T1DDC 251:287.136 - 0.350ms returns FALSE
T1DDC 251:287.136 JLINK_IsHalted()
T1DDC 251:287.424 - 0.266ms returns FALSE
T1DDC 251:395.872 JLINK_IsHalted()
T1DDC 251:396.192 - 0.317ms returns FALSE
T1DDC 251:396.192 JLINK_IsHalted()
T1DDC 251:396.480 - 0.266ms returns FALSE
T1DDC 251:505.840 JLINK_IsHalted()
T1DDC 251:506.336 - 0.491ms returns FALSE
T1DDC 251:506.352 JLINK_IsHalted()
T1DDC 251:506.640 - 0.291ms returns FALSE
T1DDC 251:614.896 JLINK_IsHalted()
T1DDC 251:615.280 - 0.384ms returns FALSE
T1DDC 251:615.328 JLINK_IsHalted()
T1DDC 251:615.648 - 0.317ms returns FALSE
T1DDC 251:724.848 JLINK_IsHalted()
T1DDC 251:725.184 - 0.350ms returns FALSE
T1DDC 251:725.216 JLINK_IsHalted()
T1DDC 251:725.488 - 0.284ms returns FALSE
T1DDC 251:833.856 JLINK_IsHalted()
T1DDC 251:834.192 - 0.336ms returns FALSE
T1DDC 251:834.208 JLINK_IsHalted()
T1DDC 251:834.656 - 0.421ms returns FALSE
T4EA8 251:850.192 JLINK_IsHalted()
T4EA8 251:850.656 - 0.442ms returns FALSE
T4EA8 251:850.672 JLINK_IsHalted()
T4EA8 251:850.976 - 0.309ms returns FALSE
T1DDC 251:942.880 JLINK_IsHalted()
T1DDC 251:943.264 - 0.366ms returns FALSE
T1DDC 251:943.296 JLINK_IsHalted()
T1DDC 251:943.632 - 0.338ms returns FALSE
T1DDC 252:052.896 JLINK_IsHalted()
T1DDC 252:053.296 - 0.415ms returns FALSE
T1DDC 252:053.328 JLINK_IsHalted()
T1DDC 252:053.728 - 0.413ms returns FALSE
T1DDC 252:161.872 JLINK_IsHalted()
T1DDC 252:162.304 - 0.423ms returns FALSE
T1DDC 252:162.352 JLINK_IsHalted()
T1DDC 252:162.688 - 0.334ms returns FALSE
T1DDC 252:270.896 JLINK_IsHalted()
T1DDC 252:271.392 - 0.486ms returns FALSE
T1DDC 252:271.408 JLINK_IsHalted()
T1DDC 252:271.824 - 0.428ms returns FALSE
T1DDC 252:381.008 JLINK_IsHalted()
T1DDC 252:381.488 - 0.469ms returns FALSE
T1DDC 252:381.520 JLINK_IsHalted()
T1DDC 252:381.920 - 0.394ms returns FALSE
T1DDC 252:489.904 JLINK_IsHalted()
T1DDC 252:490.320 - 0.427ms returns FALSE
T1DDC 252:490.336 JLINK_IsHalted()
T1DDC 252:490.704 - 0.342ms returns FALSE
T1DDC 252:599.840 JLINK_IsHalted()
T1DDC 252:600.160 - 0.336ms returns FALSE
T1DDC 252:600.192 JLINK_IsHalted()
T1DDC 252:600.448 - 0.255ms returns FALSE
T1DDC 252:708.864 JLINK_IsHalted()
T1DDC 252:709.216 - 0.365ms returns FALSE
T1DDC 252:709.248 JLINK_IsHalted()
T1DDC 252:709.536 - 0.278ms returns FALSE
T1DDC 252:817.840 JLINK_IsHalted()
T1DDC 252:818.256 - 0.415ms returns FALSE
T1DDC 252:818.304 JLINK_IsHalted()
T1DDC 252:818.592 - 0.298ms returns FALSE
T4EA8 252:850.992 JLINK_IsHalted()
T4EA8 252:851.328 - 0.344ms returns FALSE
T4EA8 252:851.376 JLINK_IsHalted()
T4EA8 252:851.664 - 0.276ms returns FALSE
T1DDC 252:927.872 JLINK_IsHalted()
T1DDC 252:928.288 - 0.405ms returns FALSE
T1DDC 252:928.336 JLINK_IsHalted()
T1DDC 252:928.592 - 0.269ms returns FALSE
T1DDC 253:036.800 JLINK_IsHalted()
T1DDC 253:037.184 - 0.385ms returns FALSE
T1DDC 253:037.216 JLINK_IsHalted()
T1DDC 253:037.488 - 0.289ms returns FALSE
T1DDC 253:145.984 JLINK_IsHalted()
T1DDC 253:146.416 - 0.432ms returns FALSE
T1DDC 253:146.448 JLINK_IsHalted()
T1DDC 253:146.720 - 0.281ms returns FALSE
T1DDC 253:255.888 JLINK_IsHalted()
T1DDC 253:256.240 - 0.357ms returns FALSE
T1DDC 253:256.272 JLINK_IsHalted()
T1DDC 253:256.608 - 0.314ms returns FALSE
T1DDC 253:364.816 JLINK_IsHalted()
T1DDC 253:365.200 - 0.390ms returns FALSE
T1DDC 253:365.216 JLINK_IsHalted()
T1DDC 253:365.536 - 0.285ms returns FALSE
T1DDC 253:474.784 JLINK_IsHalted()
T1DDC 253:475.120 - 0.336ms returns FALSE
T1DDC 253:475.120 JLINK_IsHalted()
T1DDC 253:475.424 - 0.285ms returns FALSE
T1DDC 253:583.904 JLINK_IsHalted()
T1DDC 253:584.352 - 0.470ms returns FALSE
T1DDC 253:584.384 JLINK_IsHalted()
T1DDC 253:584.976 - 0.576ms returns FALSE
T1DDC 253:692.848 JLINK_IsHalted()
T1DDC 253:693.184 - 0.327ms returns FALSE
T1DDC 253:693.216 JLINK_IsHalted()
T1DDC 253:693.472 - 0.269ms returns FALSE
T1DDC 253:802.928 JLINK_IsHalted()
T1DDC 253:803.312 - 0.381ms returns FALSE
T1DDC 253:803.344 JLINK_IsHalted()
T1DDC 253:803.648 - 0.285ms returns FALSE
T4EA8 253:853.104 JLINK_IsHalted()
T4EA8 253:853.440 - 0.345ms returns FALSE
T4EA8 253:853.472 JLINK_IsHalted()
T4EA8 253:853.744 - 0.280ms returns FALSE
T1DDC 253:911.840 JLINK_IsHalted()
T1DDC 253:912.224 - 0.388ms returns FALSE
T1DDC 253:912.240 JLINK_IsHalted()
T1DDC 253:912.608 - 0.355ms returns FALSE
T1DDC 254:020.784 JLINK_IsHalted()
T1DDC 254:021.152 - 0.358ms returns FALSE
T1DDC 254:021.152 JLINK_IsHalted()
T1DDC 254:021.424 - 0.282ms returns FALSE
T1DDC 254:130.896 JLINK_IsHalted()
T1DDC 254:131.248 - 0.362ms returns FALSE
T1DDC 254:131.280 JLINK_IsHalted()
T1DDC 254:131.584 - 0.309ms returns FALSE
T1DDC 254:239.904 JLINK_IsHalted()
T1DDC 254:240.288 - 0.383ms returns FALSE
T1DDC 254:240.304 JLINK_IsHalted()
T1DDC 254:240.592 - 0.301ms returns FALSE
T1DDC 254:349.904 JLINK_IsHalted()
T1DDC 254:350.336 - 0.433ms returns FALSE
T1DDC 254:350.336 JLINK_IsHalted()
T1DDC 254:350.720 - 0.388ms returns FALSE
T1DDC 254:458.880 JLINK_IsHalted()
T1DDC 254:459.264 - 0.367ms returns FALSE
T1DDC 254:459.296 JLINK_IsHalted()
T1DDC 254:459.600 - 0.302ms returns FALSE
T1DDC 254:567.856 JLINK_IsHalted()
T1DDC 254:568.320 - 0.448ms returns FALSE
T1DDC 254:568.320 JLINK_IsHalted()
T1DDC 254:568.704 - 0.382ms returns FALSE
T1DDC 254:677.936 JLINK_IsHalted()
T1DDC 254:678.320 - 0.392ms returns FALSE
T1DDC 254:678.368 JLINK_IsHalted()
T1DDC 254:678.752 - 0.393ms returns FALSE
T1DDC 254:786.976 JLINK_IsHalted()
T1DDC 254:787.424 - 0.447ms returns FALSE
T1DDC 254:787.488 JLINK_IsHalted()
T1DDC 254:787.840 - 0.372ms returns FALSE
T4EA8 254:855.136 JLINK_IsHalted()
T4EA8 254:855.552 - 0.410ms returns FALSE
T4EA8 254:855.600 JLINK_IsHalted()
T4EA8 254:855.984 - 0.383ms returns FALSE
T1DDC 254:895.872 JLINK_IsHalted()
T1DDC 254:896.336 - 0.443ms returns FALSE
T1DDC 254:896.384 JLINK_IsHalted()
T1DDC 254:896.816 - 0.434ms returns FALSE
T1DDC 255:005.872 JLINK_IsHalted()
T1DDC 255:006.240 - 0.353ms returns FALSE
T1DDC 255:006.256 JLINK_IsHalted()
T1DDC 255:006.592 - 0.331ms returns FALSE
T1DDC 255:115.008 JLINK_IsHalted()
T1DDC 255:115.600 - 0.602ms returns FALSE
T1DDC 255:115.680 JLINK_IsHalted()
T1DDC 255:116.080 - 0.384ms returns FALSE
T1DDC 255:224.880 JLINK_IsHalted()
T1DDC 255:225.376 - 0.487ms returns FALSE
T1DDC 255:225.424 JLINK_IsHalted()
T1DDC 255:225.984 - 0.545ms returns FALSE
T1DDC 255:333.840 JLINK_IsHalted()
T1DDC 255:334.192 - 0.343ms returns FALSE
T1DDC 255:334.192 JLINK_IsHalted()
T1DDC 255:334.448 - 0.254ms returns FALSE
T1DDC 255:442.864 JLINK_IsHalted()
T1DDC 255:443.200 - 0.347ms returns FALSE
T1DDC 255:443.232 JLINK_IsHalted()
T1DDC 255:443.504 - 0.276ms returns FALSE
T1DDC 255:552.864 JLINK_IsHalted()
T1DDC 255:553.280 - 0.405ms returns FALSE
T1DDC 255:553.312 JLINK_IsHalted()
T1DDC 255:553.664 - 0.342ms returns FALSE
T1DDC 255:661.856 JLINK_IsHalted()
T1DDC 255:662.432 - 0.588ms returns FALSE
T1DDC 255:662.496 JLINK_IsHalted()
T1DDC 255:662.848 - 0.351ms returns FALSE
T1DDC 255:770.800 JLINK_IsHalted()
T1DDC 255:771.168 - 0.358ms returns FALSE
T1DDC 255:771.184 JLINK_IsHalted()
T1DDC 255:771.472 - 0.293ms returns FALSE
T4EA8 255:856.560 JLINK_IsHalted()
T4EA8 255:856.928 - 0.353ms returns FALSE
T4EA8 255:856.944 JLINK_IsHalted()
T4EA8 255:857.232 - 0.284ms returns FALSE
T1DDC 255:880.864 JLINK_IsHalted()
T1DDC 255:881.248 - 0.369ms returns FALSE
T1DDC 255:881.264 JLINK_IsHalted()
T1DDC 255:881.552 - 0.282ms returns FALSE
T1DDC 255:989.808 JLINK_IsHalted()
T1DDC 255:990.224 - 0.419ms returns FALSE
T1DDC 255:990.240 JLINK_IsHalted()
T1DDC 255:990.528 - 0.284ms returns FALSE
T1DDC 256:099.840 JLINK_IsHalted()
T1DDC 256:100.272 - 0.445ms returns FALSE
T1DDC 256:100.304 JLINK_IsHalted()
T1DDC 256:100.688 - 0.399ms returns FALSE
T1DDC 256:208.848 JLINK_IsHalted()
T1DDC 256:209.232 - 0.368ms returns FALSE
T1DDC 256:209.248 JLINK_IsHalted()
T1DDC 256:209.584 - 0.340ms returns FALSE
T1DDC 256:317.920 JLINK_IsHalted()
T1DDC 256:318.288 - 0.355ms returns FALSE
T1DDC 256:318.304 JLINK_IsHalted()
T1DDC 256:318.592 - 0.283ms returns FALSE
T1DDC 256:427.952 JLINK_IsHalted()
T1DDC 256:428.320 - 0.354ms returns FALSE
T1DDC 256:428.336 JLINK_IsHalted()
T1DDC 256:428.848 - 0.506ms returns FALSE
T1DDC 256:536.928 JLINK_IsHalted()
T1DDC 256:537.344 - 0.403ms returns FALSE
T1DDC 256:537.376 JLINK_IsHalted()
T1DDC 256:537.728 - 0.373ms returns FALSE
T1DDC 256:646.560 JLINK_IsHalted()
T1DDC 256:646.944 - 0.364ms returns FALSE
T1DDC 256:646.944 JLINK_IsHalted()
T1DDC 256:647.216 - 0.280ms returns FALSE
T1DDC 256:755.968 JLINK_IsHalted()
T1DDC 256:756.304 - 0.339ms returns FALSE
T1DDC 256:756.320 JLINK_IsHalted()
T1DDC 256:756.608 - 0.276ms returns FALSE
T4EA8 256:857.344 JLINK_IsHalted()
T4EA8 256:857.680 - 0.350ms returns FALSE
T4EA8 256:857.728 JLINK_IsHalted()
T4EA8 256:858.016 - 0.291ms returns FALSE
T1DDC 256:864.944 JLINK_IsHalted()
T1DDC 256:865.312 - 0.368ms returns FALSE
T1DDC 256:865.328 JLINK_IsHalted()
T1DDC 256:865.616 - 0.287ms returns FALSE
T1DDC 256:974.000 JLINK_IsHalted()
T1DDC 256:974.464 - 0.476ms returns FALSE
T1DDC 256:974.496 JLINK_IsHalted()
T1DDC 256:974.896 - 0.390ms returns FALSE
T1DDC 257:084.032 JLINK_IsHalted()
T1DDC 257:084.544 - 0.508ms returns FALSE
T1DDC 257:084.592 JLINK_IsHalted()
T1DDC 257:085.024 - 0.444ms returns FALSE
T1DDC 257:193.392 JLINK_IsHalted()
T1DDC 257:194.032 - 0.632ms returns FALSE
T1DDC 257:194.144 JLINK_IsHalted()
T1DDC 257:194.720 - 0.586ms returns FALSE
T1DDC 257:302.960 JLINK_IsHalted()
T1DDC 257:303.296 - 0.346ms returns FALSE
T1DDC 257:303.328 JLINK_IsHalted()
T1DDC 257:303.600 - 0.274ms returns FALSE
T1DDC 257:411.920 JLINK_IsHalted()
T1DDC 257:412.352 - 0.454ms returns FALSE
T1DDC 257:412.400 JLINK_IsHalted()
T1DDC 257:412.736 - 0.334ms returns FALSE
T1DDC 257:520.928 JLINK_IsHalted()
T1DDC 257:521.280 - 0.352ms returns FALSE
T1DDC 257:521.312 JLINK_IsHalted()
T1DDC 257:521.584 - 0.279ms returns FALSE
T1DDC 257:630.976 JLINK_IsHalted()
T1DDC 257:631.536 - 0.548ms returns FALSE
T1DDC 257:631.584 JLINK_IsHalted()
T1DDC 257:632.000 - 0.392ms returns FALSE
T1DDC 257:739.984 JLINK_IsHalted()
T1DDC 257:740.416 - 0.420ms returns FALSE
T1DDC 257:740.464 JLINK_IsHalted()
T1DDC 257:740.768 - 0.317ms returns FALSE
T1DDC 257:848.928 JLINK_IsHalted()
T1DDC 257:849.296 - 0.359ms returns FALSE
T1DDC 257:849.312 JLINK_IsHalted()
T1DDC 257:849.568 - 0.261ms returns FALSE
T4EA8 257:858.144 JLINK_IsHalted()
T4EA8 257:858.464 - 0.304ms returns FALSE
T4EA8 257:858.464 JLINK_IsHalted()
T4EA8 257:858.736 - 0.273ms returns FALSE
T1DDC 257:958.992 JLINK_IsHalted()
T1DDC 257:959.520 - 0.528ms returns FALSE
T1DDC 257:959.584 JLINK_IsHalted()
T1DDC 257:960.032 - 0.472ms returns FALSE
T1DDC 258:068.096 JLINK_IsHalted()
T1DDC 258:068.688 - 0.587ms returns FALSE
T1DDC 258:068.768 JLINK_IsHalted()
T1DDC 258:069.168 - 0.414ms returns FALSE
T1DDC 258:178.016 JLINK_IsHalted()
T1DDC 258:178.656 - 0.639ms returns FALSE
T1DDC 258:178.736 JLINK_IsHalted()
T1DDC 258:179.120 - 0.388ms returns FALSE
T1DDC 258:286.944 JLINK_IsHalted()
T1DDC 258:287.440 - 0.472ms returns FALSE
T1DDC 258:287.456 JLINK_IsHalted()
T1DDC 258:287.824 - 0.336ms returns FALSE
T1DDC 258:395.984 JLINK_IsHalted()
T1DDC 258:396.496 - 0.520ms returns FALSE
T1DDC 258:396.576 JLINK_IsHalted()
T1DDC 258:396.960 - 0.381ms returns FALSE
T1DDC 258:505.936 JLINK_IsHalted()
T1DDC 258:506.336 - 0.430ms returns FALSE
T1DDC 258:506.416 JLINK_IsHalted()
T1DDC 258:506.784 - 0.357ms returns FALSE
T1DDC 258:614.944 JLINK_IsHalted()
T1DDC 258:615.392 - 0.474ms returns FALSE
T1DDC 258:615.424 JLINK_IsHalted()
T1DDC 258:615.760 - 0.327ms returns FALSE
T1DDC 258:723.968 JLINK_IsHalted()
T1DDC 258:724.304 - 0.329ms returns FALSE
T1DDC 258:724.320 JLINK_IsHalted()
T1DDC 258:724.576 - 0.275ms returns FALSE
T1DDC 258:834.464 JLINK_IsHalted()
T1DDC 258:834.816 - 0.349ms returns FALSE
T1DDC 258:834.848 JLINK_IsHalted()
T1DDC 258:835.104 - 0.265ms returns FALSE
T4EA8 258:859.552 JLINK_IsHalted()
T4EA8 258:859.936 - 0.384ms returns FALSE
T4EA8 258:859.952 JLINK_IsHalted()
T4EA8 258:860.240 - 0.282ms returns FALSE
T1DDC 258:943.008 JLINK_IsHalted()
T1DDC 258:943.456 - 0.464ms returns FALSE
T1DDC 258:943.520 JLINK_IsHalted()
T1DDC 258:944.000 - 0.490ms returns FALSE
T1DDC 259:053.136 JLINK_IsHalted()
T1DDC 259:053.696 - 0.558ms returns FALSE
T1DDC 259:053.744 JLINK_IsHalted()
T1DDC 259:054.304 - 0.564ms returns FALSE
T1DDC 259:162.016 JLINK_IsHalted()
T1DDC 259:162.624 - 0.631ms returns FALSE
T1DDC 259:162.752 JLINK_IsHalted()
T1DDC 259:163.168 - 0.399ms returns FALSE
T1DDC 259:270.912 JLINK_IsHalted()
T1DDC 259:271.296 - 0.370ms returns FALSE
T1DDC 259:271.328 JLINK_IsHalted()
T1DDC 259:271.584 - 0.270ms returns FALSE
T1DDC 259:381.088 JLINK_IsHalted()
T1DDC 259:381.424 - 0.326ms returns FALSE
T1DDC 259:381.456 JLINK_IsHalted()
T1DDC 259:381.728 - 0.278ms returns FALSE
T1DDC 259:489.952 JLINK_IsHalted()
T1DDC 259:490.304 - 0.336ms returns FALSE
T1DDC 259:490.336 JLINK_IsHalted()
T1DDC 259:490.608 - 0.277ms returns FALSE
T1DDC 259:599.008 JLINK_IsHalted()
T1DDC 259:599.488 - 0.478ms returns FALSE
T1DDC 259:599.568 JLINK_IsHalted()
T1DDC 259:599.952 - 0.383ms returns FALSE
T1DDC 259:708.960 JLINK_IsHalted()
T1DDC 259:709.280 - 0.332ms returns FALSE
T1DDC 259:709.312 JLINK_IsHalted()
T1DDC 259:709.568 - 0.259ms returns FALSE
T1DDC 259:818.576 JLINK_IsHalted()
T1DDC 259:818.928 - 0.357ms returns FALSE
T1DDC 259:818.976 JLINK_IsHalted()
T1DDC 259:819.264 - 0.279ms returns FALSE
T4EA8 259:860.176 JLINK_IsHalted()
T4EA8 259:860.576 - 0.399ms returns FALSE
T4EA8 259:860.608 JLINK_IsHalted()
T4EA8 259:860.896 - 0.289ms returns FALSE
T1DDC 259:927.984 JLINK_IsHalted()
T1DDC 259:928.400 - 0.411ms returns FALSE
T1DDC 259:928.416 JLINK_IsHalted()
T1DDC 259:928.736 - 0.283ms returns FALSE
T1DDC 260:036.944 JLINK_IsHalted()
T1DDC 260:037.424 - 0.467ms returns FALSE
T1DDC 260:037.456 JLINK_IsHalted()
T1DDC 260:037.808 - 0.338ms returns FALSE
T1DDC 260:146.000 JLINK_IsHalted()
T1DDC 260:146.400 - 0.387ms returns FALSE
T1DDC 260:146.400 JLINK_IsHalted()
T1DDC 260:146.688 - 0.279ms returns FALSE
T1DDC 260:256.000 JLINK_IsHalted()
T1DDC 260:256.432 - 0.428ms returns FALSE
T1DDC 260:256.464 JLINK_IsHalted()
T1DDC 260:256.800 - 0.336ms returns FALSE
T1DDC 260:364.960 JLINK_IsHalted()
T1DDC 260:365.312 - 0.359ms returns FALSE
T1DDC 260:365.312 JLINK_IsHalted()
T1DDC 260:365.616 - 0.283ms returns FALSE
T1DDC 260:475.008 JLINK_IsHalted()
T1DDC 260:475.680 - 0.641ms returns FALSE
T1DDC 260:475.696 JLINK_IsHalted()
T1DDC 260:477.952 - 2.246ms returns FALSE
T1DDC 260:584.032 JLINK_IsHalted()
T1DDC 260:584.528 - 0.476ms returns FALSE
T1DDC 260:584.528 JLINK_IsHalted()
T1DDC 260:584.912 - 0.373ms returns FALSE
T1DDC 260:692.944 JLINK_IsHalted()
T1DDC 260:693.408 - 0.463ms returns FALSE
T1DDC 260:693.424 JLINK_IsHalted()
T1DDC 260:693.728 - 0.294ms returns FALSE
T1DDC 260:802.976 JLINK_IsHalted()
T1DDC 260:803.328 - 0.367ms returns FALSE
T1DDC 260:803.376 JLINK_IsHalted()
T1DDC 260:803.712 - 0.318ms returns FALSE
T4EA8 260:861.152 JLINK_IsHalted()
T4EA8 260:861.600 - 0.418ms returns FALSE
T4EA8 260:861.616 JLINK_IsHalted()
T4EA8 260:861.904 - 0.284ms returns FALSE
T1DDC 260:911.904 JLINK_IsHalted()
T1DDC 260:912.256 - 0.354ms returns FALSE
T1DDC 260:912.288 JLINK_IsHalted()
T1DDC 260:912.560 - 0.293ms returns FALSE
T1DDC 261:020.976 JLINK_IsHalted()
T1DDC 261:021.536 - 0.560ms returns FALSE
T1DDC 261:021.568 JLINK_IsHalted()
T1DDC 261:021.984 - 0.412ms returns FALSE
T1DDC 261:131.104 JLINK_IsHalted()
T1DDC 261:131.472 - 0.364ms returns FALSE
T1DDC 261:131.472 JLINK_IsHalted()
T1DDC 261:131.744 - 0.267ms returns FALSE
T1DDC 261:239.968 JLINK_IsHalted()
T1DDC 261:240.480 - 0.493ms returns FALSE
T1DDC 261:240.496 JLINK_IsHalted()
T1DDC 261:240.800 - 0.302ms returns FALSE
T1DDC 261:348.992 JLINK_IsHalted()
T1DDC 261:349.408 - 0.405ms returns FALSE
T1DDC 261:349.424 JLINK_IsHalted()
T1DDC 261:349.712 - 0.289ms returns FALSE
T1DDC 261:458.912 JLINK_IsHalted()
T1DDC 261:459.280 - 0.349ms returns FALSE
T1DDC 261:459.296 JLINK_IsHalted()
T1DDC 261:459.616 - 0.296ms returns FALSE
T1DDC 261:568.000 JLINK_IsHalted()
T1DDC 261:568.384 - 0.392ms returns FALSE
T1DDC 261:568.432 JLINK_IsHalted()
T1DDC 261:568.688 - 0.280ms returns FALSE
T1DDC 261:677.920 JLINK_IsHalted()
T1DDC 261:678.288 - 0.347ms returns FALSE
T1DDC 261:678.304 JLINK_IsHalted()
T1DDC 261:678.624 - 0.298ms returns FALSE
T1DDC 261:786.976 JLINK_IsHalted()
T1DDC 261:787.392 - 0.425ms returns FALSE
T1DDC 261:787.424 JLINK_IsHalted()
T1DDC 261:787.728 - 0.294ms returns FALSE
T4EA8 261:863.120 JLINK_IsHalted()
T4EA8 261:863.504 - 0.381ms returns FALSE
T4EA8 261:863.584 JLINK_IsHalted()
T4EA8 261:863.968 - 0.382ms returns FALSE
T1DDC 261:895.968 JLINK_IsHalted()
T1DDC 261:896.448 - 0.485ms returns FALSE
T1DDC 261:896.496 JLINK_IsHalted()
T1DDC 261:896.800 - 0.314ms returns FALSE
T1DDC 262:006.064 JLINK_IsHalted()
T1DDC 262:006.448 - 0.379ms returns FALSE
T1DDC 262:006.480 JLINK_IsHalted()
T1DDC 262:006.752 - 0.284ms returns FALSE
T1DDC 262:115.104 JLINK_IsHalted()
T1DDC 262:115.504 - 0.415ms returns FALSE
T1DDC 262:115.536 JLINK_IsHalted()
T1DDC 262:116.048 - 0.505ms returns FALSE
T1DDC 262:224.000 JLINK_IsHalted()
T1DDC 262:224.384 - 0.382ms returns FALSE
T1DDC 262:224.416 JLINK_IsHalted()
T1DDC 262:224.672 - 0.260ms returns FALSE
T1DDC 262:334.000 JLINK_IsHalted()
T1DDC 262:334.384 - 0.387ms returns FALSE
T1DDC 262:334.432 JLINK_IsHalted()
T1DDC 262:334.720 - 0.276ms returns FALSE
T1DDC 262:443.008 JLINK_IsHalted()
T1DDC 262:443.392 - 0.387ms returns FALSE
T1DDC 262:443.424 JLINK_IsHalted()
T1DDC 262:443.728 - 0.313ms returns FALSE
T1DDC 262:552.992 JLINK_IsHalted()
T1DDC 262:553.392 - 0.400ms returns FALSE
T1DDC 262:553.424 JLINK_IsHalted()
T1DDC 262:553.696 - 0.290ms returns FALSE
T1DDC 262:661.920 JLINK_IsHalted()
T1DDC 262:662.368 - 0.461ms returns FALSE
T1DDC 262:662.400 JLINK_IsHalted()
T1DDC 262:662.784 - 0.364ms returns FALSE
T1DDC 262:770.944 JLINK_IsHalted()
T1DDC 262:771.408 - 0.473ms returns FALSE
T1DDC 262:771.456 JLINK_IsHalted()
T1DDC 262:771.808 - 0.348ms returns FALSE
T4EA8 262:864.304 JLINK_IsHalted()
T4EA8 262:864.768 - 0.471ms returns FALSE
T4EA8 262:864.896 JLINK_IsHalted()
T4EA8 262:865.248 - 0.377ms returns FALSE
T1DDC 262:880.928 JLINK_IsHalted()
T1DDC 262:881.312 - 0.389ms returns FALSE
T1DDC 262:881.360 JLINK_IsHalted()
T1DDC 262:881.696 - 0.316ms returns FALSE
T1DDC 262:990.000 JLINK_IsHalted()
T1DDC 262:990.432 - 0.425ms returns FALSE
T1DDC 262:990.464 JLINK_IsHalted()
T1DDC 262:990.752 - 0.291ms returns FALSE
T1DDC 263:098.928 JLINK_IsHalted()
T1DDC 263:099.296 - 0.364ms returns FALSE
T1DDC 263:099.312 JLINK_IsHalted()
T1DDC 263:099.600 - 0.272ms returns FALSE
T1DDC 263:208.960 JLINK_IsHalted()
T1DDC 263:209.296 - 0.332ms returns FALSE
T1DDC 263:209.312 JLINK_IsHalted()
T1DDC 263:209.568 - 0.254ms returns FALSE
T1DDC 263:317.968 JLINK_IsHalted()
T1DDC 263:318.272 - 0.327ms returns FALSE
T1DDC 263:318.304 JLINK_IsHalted()
T1DDC 263:318.576 - 0.272ms returns FALSE
T1DDC 263:427.920 JLINK_IsHalted()
T1DDC 263:428.320 - 0.409ms returns FALSE
T1DDC 263:428.384 JLINK_IsHalted()
T1DDC 263:428.656 - 0.288ms returns FALSE
T1DDC 263:537.488 JLINK_IsHalted()
T1DDC 263:537.920 - 0.410ms returns FALSE
T1DDC 263:537.952 JLINK_IsHalted()
T1DDC 263:538.224 - 0.279ms returns FALSE
T1DDC 263:645.904 JLINK_IsHalted()
T1DDC 263:646.256 - 0.361ms returns FALSE
T1DDC 263:646.288 JLINK_IsHalted()
T1DDC 263:646.560 - 0.293ms returns FALSE
T1DDC 263:756.032 JLINK_IsHalted()
T1DDC 263:756.416 - 0.375ms returns FALSE
T1DDC 263:756.448 JLINK_IsHalted()
T1DDC 263:756.928 - 0.481ms returns FALSE
T1DDC 263:864.992 JLINK_IsHalted()
T1DDC 263:865.376 - 0.396ms returns FALSE
T1DDC 263:865.392 JLINK_IsHalted()
T1DDC 263:865.680 - 0.262ms returns FALSE
T4EA8 263:865.824 JLINK_IsHalted()
T4EA8 263:866.144 - 0.304ms returns FALSE
T4EA8 263:866.160 JLINK_IsHalted()
T4EA8 263:866.416 - 0.272ms returns FALSE
T1DDC 263:973.968 JLINK_IsHalted()
T1DDC 263:974.480 - 0.511ms returns FALSE
T1DDC 263:974.528 JLINK_IsHalted()
T1DDC 263:974.912 - 0.387ms returns FALSE
T1DDC 264:084.000 JLINK_IsHalted()
T1DDC 264:084.432 - 0.444ms returns FALSE
T1DDC 264:084.448 JLINK_IsHalted()
T1DDC 264:084.816 - 0.353ms returns FALSE
T1DDC 264:192.992 JLINK_IsHalted()
T1DDC 264:193.440 - 0.424ms returns FALSE
T1DDC 264:193.440 JLINK_IsHalted()
T1DDC 264:193.792 - 0.363ms returns FALSE
T1DDC 264:303.008 JLINK_IsHalted()
T1DDC 264:303.456 - 0.463ms returns FALSE
T1DDC 264:303.520 JLINK_IsHalted()
T1DDC 264:303.824 - 0.307ms returns FALSE
T1DDC 264:411.936 JLINK_IsHalted()
T1DDC 264:412.288 - 0.359ms returns FALSE
T1DDC 264:412.336 JLINK_IsHalted()
T1DDC 264:412.624 - 0.292ms returns FALSE
T1DDC 264:520.960 JLINK_IsHalted()
T1DDC 264:521.392 - 0.449ms returns FALSE
T1DDC 264:521.424 JLINK_IsHalted()
T1DDC 264:521.808 - 0.381ms returns FALSE
T1DDC 264:630.880 JLINK_IsHalted()
T1DDC 264:631.264 - 0.367ms returns FALSE
T1DDC 264:631.296 JLINK_IsHalted()
T1DDC 264:631.584 - 0.289ms returns FALSE
T1DDC 264:739.888 JLINK_IsHalted()
T1DDC 264:740.272 - 0.374ms returns FALSE
T1DDC 264:740.304 JLINK_IsHalted()
T1DDC 264:740.576 - 0.284ms returns FALSE
T1DDC 264:848.928 JLINK_IsHalted()
T1DDC 264:849.248 - 0.339ms returns FALSE
T1DDC 264:849.280 JLINK_IsHalted()
T1DDC 264:849.568 - 0.279ms returns FALSE
T4EA8 264:867.408 JLINK_IsHalted()
T4EA8 264:867.840 - 0.413ms returns FALSE
T4EA8 264:867.872 JLINK_IsHalted()
T4EA8 264:868.176 - 0.305ms returns FALSE
T1DDC 264:959.104 JLINK_IsHalted()
T1DDC 264:959.664 - 0.561ms returns FALSE
T1DDC 264:959.696 JLINK_IsHalted()
T1DDC 264:960.176 - 0.474ms returns FALSE
T1DDC 265:068.032 JLINK_IsHalted()
T1DDC 265:068.416 - 0.376ms returns FALSE
T1DDC 265:068.448 JLINK_IsHalted()
T1DDC 265:068.752 - 0.292ms returns FALSE
T1DDC 265:177.984 JLINK_IsHalted()
T1DDC 265:178.400 - 0.398ms returns FALSE
T1DDC 265:178.416 JLINK_IsHalted()
T1DDC 265:178.704 - 0.299ms returns FALSE
T1DDC 265:286.912 JLINK_IsHalted()
T1DDC 265:287.248 - 0.333ms returns FALSE
T1DDC 265:287.296 JLINK_IsHalted()
T1DDC 265:287.552 - 0.272ms returns FALSE
T1DDC 265:395.920 JLINK_IsHalted()
T1DDC 265:396.272 - 0.343ms returns FALSE
T1DDC 265:396.272 JLINK_IsHalted()
T1DDC 265:396.560 - 0.272ms returns FALSE
T1DDC 265:506.016 JLINK_IsHalted()
T1DDC 265:506.352 - 0.332ms returns FALSE
T1DDC 265:506.384 JLINK_IsHalted()
T1DDC 265:506.640 - 0.271ms returns FALSE
T1DDC 265:614.928 JLINK_IsHalted()
T1DDC 265:615.264 - 0.325ms returns FALSE
T1DDC 265:615.280 JLINK_IsHalted()
T1DDC 265:615.536 - 0.264ms returns FALSE
T1DDC 265:723.984 JLINK_IsHalted()
T1DDC 265:724.368 - 0.384ms returns FALSE
T1DDC 265:724.384 JLINK_IsHalted()
T1DDC 265:724.672 - 0.283ms returns FALSE
T1DDC 265:833.952 JLINK_IsHalted()
T1DDC 265:834.400 - 0.433ms returns FALSE
T1DDC 265:834.464 JLINK_IsHalted()
T1DDC 265:834.784 - 0.300ms returns FALSE
T4EA8 265:869.264 JLINK_IsHalted()
T4EA8 265:869.696 - 0.452ms returns FALSE
T4EA8 265:869.776 JLINK_IsHalted()
T4EA8 265:870.048 - 0.272ms returns FALSE
T1DDC 265:942.944 JLINK_IsHalted()
T1DDC 265:943.264 - 0.344ms returns FALSE
T1DDC 265:943.296 JLINK_IsHalted()
T1DDC 265:943.552 - 0.266ms returns FALSE
T1DDC 266:052.896 JLINK_IsHalted()
T1DDC 266:053.680 - 0.802ms returns FALSE
T1DDC 266:053.712 JLINK_IsHalted()
T1DDC 266:054.016 - 0.323ms returns FALSE
T1DDC 266:161.952 JLINK_IsHalted()
T1DDC 266:162.272 - 0.335ms returns FALSE
T1DDC 266:162.304 JLINK_IsHalted()
T1DDC 266:162.608 - 0.305ms returns FALSE
T1DDC 266:270.896 JLINK_IsHalted()
T1DDC 266:271.264 - 0.359ms returns FALSE
T1DDC 266:271.280 JLINK_IsHalted()
T1DDC 266:271.568 - 0.272ms returns FALSE
T1DDC 266:380.976 JLINK_IsHalted()
T1DDC 266:381.264 - 0.290ms returns FALSE
T1DDC 266:381.280 JLINK_IsHalted()
T1DDC 266:381.664 - 0.386ms returns FALSE
T1DDC 266:490.016 JLINK_IsHalted()
T1DDC 266:490.368 - 0.356ms returns FALSE
T1DDC 266:490.400 JLINK_IsHalted()
T1DDC 266:490.800 - 0.389ms returns FALSE
T1DDC 266:598.944 JLINK_IsHalted()
T1DDC 266:599.296 - 0.348ms returns FALSE
T1DDC 266:599.328 JLINK_IsHalted()
T1DDC 266:599.584 - 0.268ms returns FALSE
T1DDC 266:708.944 JLINK_IsHalted()
T1DDC 266:709.424 - 0.477ms returns FALSE
T1DDC 266:709.472 JLINK_IsHalted()
T1DDC 266:709.792 - 0.306ms returns FALSE
T1DDC 266:817.888 JLINK_IsHalted()
T1DDC 266:818.256 - 0.352ms returns FALSE
T1DDC 266:818.272 JLINK_IsHalted()
T1DDC 266:818.560 - 0.277ms returns FALSE
T4EA8 266:871.088 JLINK_IsHalted()
T4EA8 266:871.456 - 0.359ms returns FALSE
T4EA8 266:871.504 JLINK_IsHalted()
T4EA8 266:871.776 - 0.289ms returns FALSE
T1DDC 266:927.952 JLINK_IsHalted()
T1DDC 266:928.288 - 0.343ms returns FALSE
T1DDC 266:928.304 JLINK_IsHalted()
T1DDC 266:928.640 - 0.318ms returns FALSE
T1DDC 267:036.896 JLINK_IsHalted()
T1DDC 267:037.264 - 0.359ms returns FALSE
T1DDC 267:037.280 JLINK_IsHalted()
T1DDC 267:037.664 - 0.400ms returns FALSE
T1DDC 267:145.904 JLINK_IsHalted()
T1DDC 267:146.288 - 0.379ms returns FALSE
T1DDC 267:146.368 JLINK_IsHalted()
T1DDC 267:146.720 - 0.363ms returns FALSE
T1DDC 267:255.984 JLINK_IsHalted()
T1DDC 267:256.416 - 0.442ms returns FALSE
T1DDC 267:256.480 JLINK_IsHalted()
T1DDC 267:256.784 - 0.311ms returns FALSE
T1DDC 267:364.912 JLINK_IsHalted()
T1DDC 267:365.280 - 0.347ms returns FALSE
T1DDC 267:365.296 JLINK_IsHalted()
T1DDC 267:365.712 - 0.407ms returns FALSE
T1DDC 267:474.896 JLINK_IsHalted()
T1DDC 267:475.280 - 0.401ms returns FALSE
T1DDC 267:475.296 JLINK_IsHalted()
T1DDC 267:475.664 - 0.338ms returns FALSE
T1DDC 267:583.920 JLINK_IsHalted()
T1DDC 267:584.288 - 0.362ms returns FALSE
T1DDC 267:584.304 JLINK_IsHalted()
T1DDC 267:584.560 - 0.273ms returns FALSE
T1DDC 267:693.024 JLINK_IsHalted()
T1DDC 267:693.392 - 0.350ms returns FALSE
T1DDC 267:693.408 JLINK_IsHalted()
T1DDC 267:693.696 - 0.277ms returns FALSE
T1DDC 267:803.040 JLINK_IsHalted()
T1DDC 267:803.424 - 0.390ms returns FALSE
T1DDC 267:803.440 JLINK_IsHalted()
T1DDC 267:803.776 - 0.328ms returns FALSE
T4EA8 267:872.208 JLINK_IsHalted()
T4EA8 267:872.560 - 0.357ms returns FALSE
T4EA8 267:872.592 JLINK_IsHalted()
T4EA8 267:872.944 - 0.348ms returns FALSE
T1DDC 267:911.936 JLINK_IsHalted()
T1DDC 267:912.272 - 0.336ms returns FALSE
T1DDC 267:912.288 JLINK_IsHalted()
T1DDC 267:912.608 - 0.291ms returns FALSE
T1DDC 268:020.992 JLINK_IsHalted()
T1DDC 268:021.424 - 0.443ms returns FALSE
T1DDC 268:021.456 JLINK_IsHalted()
T1DDC 268:021.968 - 0.505ms returns FALSE
T1DDC 268:131.072 JLINK_IsHalted()
T1DDC 268:131.536 - 0.466ms returns FALSE
T1DDC 268:131.552 JLINK_IsHalted()
T1DDC 268:131.920 - 0.361ms returns FALSE
T1DDC 268:239.968 JLINK_IsHalted()
T1DDC 268:240.384 - 0.390ms returns FALSE
T1DDC 268:240.416 JLINK_IsHalted()
T1DDC 268:240.720 - 0.303ms returns FALSE
T1DDC 268:349.008 JLINK_IsHalted()
T1DDC 268:349.360 - 0.377ms returns FALSE
T1DDC 268:349.392 JLINK_IsHalted()
T1DDC 268:349.696 - 0.292ms returns FALSE
T1DDC 268:458.976 JLINK_IsHalted()
T1DDC 268:459.456 - 0.469ms returns FALSE
T1DDC 268:459.488 JLINK_IsHalted()
T1DDC 268:459.808 - 0.296ms returns FALSE
T1DDC 268:568.032 JLINK_IsHalted()
T1DDC 268:568.512 - 0.469ms returns FALSE
T1DDC 268:568.576 JLINK_IsHalted()
T1DDC 268:568.992 - 0.407ms returns FALSE
T1DDC 268:677.952 JLINK_IsHalted()
T1DDC 268:678.272 - 0.318ms returns FALSE
T1DDC 268:678.304 JLINK_IsHalted()
T1DDC 268:678.560 - 0.266ms returns FALSE
T1DDC 268:786.912 JLINK_IsHalted()
T1DDC 268:787.232 - 0.325ms returns FALSE
T1DDC 268:787.264 JLINK_IsHalted()
T1DDC 268:787.520 - 0.277ms returns FALSE
T4EA8 268:873.152 JLINK_IsHalted()
T4EA8 268:873.536 - 0.386ms returns FALSE
T4EA8 268:873.536 JLINK_IsHalted()
T4EA8 268:874.016 - 0.454ms returns FALSE
T1DDC 268:895.936 JLINK_IsHalted()
T1DDC 268:896.352 - 0.418ms returns FALSE
T1DDC 268:896.384 JLINK_IsHalted()
T1DDC 268:896.672 - 0.277ms returns FALSE
T1DDC 269:006.016 JLINK_IsHalted()
T1DDC 269:006.432 - 0.416ms returns FALSE
T1DDC 269:006.496 JLINK_IsHalted()
T1DDC 269:006.848 - 0.351ms returns FALSE
T1DDC 269:115.008 JLINK_IsHalted()
T1DDC 269:115.360 - 0.369ms returns FALSE
T1DDC 269:115.424 JLINK_IsHalted()
T1DDC 269:115.808 - 0.401ms returns FALSE
T1DDC 269:223.936 JLINK_IsHalted()
T1DDC 269:224.256 - 0.334ms returns FALSE
T1DDC 269:224.288 JLINK_IsHalted()
T1DDC 269:224.544 - 0.260ms returns FALSE
T1DDC 269:333.920 JLINK_IsHalted()
T1DDC 269:334.240 - 0.343ms returns FALSE
T1DDC 269:334.304 JLINK_IsHalted()
T1DDC 269:334.560 - 0.274ms returns FALSE
T1DDC 269:443.008 JLINK_IsHalted()
T1DDC 269:443.424 - 0.401ms returns FALSE
T1DDC 269:443.456 JLINK_IsHalted()
T1DDC 269:443.776 - 0.336ms returns FALSE
T1DDC 269:552.992 JLINK_IsHalted()
T1DDC 269:553.344 - 0.356ms returns FALSE
T1DDC 269:553.376 JLINK_IsHalted()
T1DDC 269:553.696 - 0.289ms returns FALSE
T1DDC 269:661.984 JLINK_IsHalted()
T1DDC 269:662.368 - 0.400ms returns FALSE
T1DDC 269:662.400 JLINK_IsHalted()
T1DDC 269:662.688 - 0.294ms returns FALSE
T1DDC 269:770.944 JLINK_IsHalted()
T1DDC 269:771.264 - 0.335ms returns FALSE
T1DDC 269:771.296 JLINK_IsHalted()
T1DDC 269:771.584 - 0.278ms returns FALSE
T4EA8 269:875.136 JLINK_IsHalted()
T4EA8 269:875.520 - 0.360ms returns FALSE
T4EA8 269:875.520 JLINK_IsHalted()
T4EA8 269:876.000 - 0.473ms returns FALSE
T1DDC 269:880.992 JLINK_IsHalted()
T1DDC 269:881.376 - 0.389ms returns FALSE
T1DDC 269:881.408 JLINK_IsHalted()
T1DDC 269:881.696 - 0.292ms returns FALSE
T1DDC 269:989.984 JLINK_IsHalted()
T1DDC 269:990.368 - 0.383ms returns FALSE
T1DDC 269:990.368 JLINK_IsHalted()
T1DDC 269:990.720 - 0.344ms returns FALSE
T1DDC 270:098.976 JLINK_IsHalted()
T1DDC 270:099.456 - 0.485ms returns FALSE
T1DDC 270:099.488 JLINK_IsHalted()
T1DDC 270:099.968 - 0.467ms returns FALSE
T1DDC 270:208.960 JLINK_IsHalted()
T1DDC 270:209.408 - 0.433ms returns FALSE
T1DDC 270:209.440 JLINK_IsHalted()
T1DDC 270:209.856 - 0.421ms returns FALSE
T1DDC 270:318.016 JLINK_IsHalted()
T1DDC 270:318.432 - 0.416ms returns FALSE
T1DDC 270:318.464 JLINK_IsHalted()
T1DDC 270:318.880 - 0.400ms returns FALSE
T1DDC 270:427.904 JLINK_IsHalted()
T1DDC 270:428.224 - 0.341ms returns FALSE
T1DDC 270:428.256 JLINK_IsHalted()
T1DDC 270:428.544 - 0.276ms returns FALSE
T1DDC 270:537.056 JLINK_IsHalted()
T1DDC 270:537.536 - 0.476ms returns FALSE
T1DDC 270:537.568 JLINK_IsHalted()
T1DDC 270:537.952 - 0.381ms returns FALSE
T1DDC 270:646.016 JLINK_IsHalted()
T1DDC 270:646.368 - 0.362ms returns FALSE
T1DDC 270:646.400 JLINK_IsHalted()
T1DDC 270:646.720 - 0.338ms returns FALSE
T1DDC 270:755.968 JLINK_IsHalted()
T1DDC 270:756.352 - 0.394ms returns FALSE
T1DDC 270:756.416 JLINK_IsHalted()
T1DDC 270:756.672 - 0.280ms returns FALSE
T1DDC 270:864.960 JLINK_IsHalted()
T1DDC 270:865.344 - 0.378ms returns FALSE
T1DDC 270:865.376 JLINK_IsHalted()
T1DDC 270:865.856 - 0.491ms returns FALSE
T4EA8 270:876.608 JLINK_IsHalted()
T4EA8 270:876.992 - 0.414ms returns FALSE
T4EA8 270:877.056 JLINK_IsHalted()
T4EA8 270:877.376 - 0.304ms returns FALSE
T1DDC 270:974.016 JLINK_IsHalted()
T1DDC 270:974.400 - 0.418ms returns FALSE
T1DDC 270:974.464 JLINK_IsHalted()
T1DDC 270:974.784 - 0.303ms returns FALSE
T1DDC 271:083.968 JLINK_IsHalted()
T1DDC 271:084.384 - 0.408ms returns FALSE
T1DDC 271:084.448 JLINK_IsHalted()
T1DDC 271:084.736 - 0.306ms returns FALSE
T1DDC 271:193.024 JLINK_IsHalted()
T1DDC 271:193.376 - 0.358ms returns FALSE
T1DDC 271:193.888 JLINK_IsHalted()
T1DDC 271:194.176 - 0.288ms returns FALSE
T1DDC 271:302.944 JLINK_IsHalted()
T1DDC 271:303.264 - 0.326ms returns FALSE
T1DDC 271:303.296 JLINK_IsHalted()
T1DDC 271:303.584 - 0.281ms returns FALSE
T1DDC 271:411.936 JLINK_IsHalted()
T1DDC 271:412.416 - 0.482ms returns FALSE
T1DDC 271:412.480 JLINK_IsHalted()
T1DDC 271:412.800 - 0.296ms returns FALSE
T1DDC 271:520.928 JLINK_IsHalted()
T1DDC 271:521.280 - 0.362ms returns FALSE
T1DDC 271:521.280 JLINK_IsHalted()
T1DDC 271:521.568 - 0.266ms returns FALSE
T1DDC 271:631.104 JLINK_IsHalted()
T1DDC 271:631.552 - 0.435ms returns FALSE
T1DDC 271:631.584 JLINK_IsHalted()
T1DDC 271:631.904 - 0.322ms returns FALSE
T1DDC 271:740.000 JLINK_IsHalted()
T1DDC 271:740.352 - 0.349ms returns FALSE
T1DDC 271:740.352 JLINK_IsHalted()
T1DDC 271:740.640 - 0.279ms returns FALSE
T1DDC 271:848.928 JLINK_IsHalted()
T1DDC 271:849.376 - 0.411ms returns FALSE
T1DDC 271:849.408 JLINK_IsHalted()
T1DDC 271:849.696 - 0.326ms returns FALSE
T4EA8 271:877.184 JLINK_IsHalted()
T4EA8 271:877.568 - 0.349ms returns FALSE
T4EA8 271:877.568 JLINK_IsHalted()
T4EA8 271:877.824 - 0.279ms returns FALSE
T1DDC 271:959.008 JLINK_IsHalted()
T1DDC 271:959.360 - 0.355ms returns FALSE
T1DDC 271:959.424 JLINK_IsHalted()
T1DDC 271:959.680 - 0.277ms returns FALSE
T1DDC 272:068.096 JLINK_IsHalted()
T1DDC 272:068.544 - 0.453ms returns FALSE
T1DDC 272:068.608 JLINK_IsHalted()
T1DDC 272:069.056 - 0.428ms returns FALSE
T1DDC 272:177.984 JLINK_IsHalted()
T1DDC 272:178.368 - 0.367ms returns FALSE
T1DDC 272:178.368 JLINK_IsHalted()
T1DDC 272:178.656 - 0.286ms returns FALSE
T1DDC 272:286.944 JLINK_IsHalted()
T1DDC 272:287.360 - 0.416ms returns FALSE
T1DDC 272:287.392 JLINK_IsHalted()
T1DDC 272:287.680 - 0.288ms returns FALSE
T1DDC 272:395.968 JLINK_IsHalted()
T1DDC 272:396.384 - 0.414ms returns FALSE
T1DDC 272:396.416 JLINK_IsHalted()
T1DDC 272:396.800 - 0.369ms returns FALSE
T1DDC 272:505.984 JLINK_IsHalted()
T1DDC 272:506.432 - 0.474ms returns FALSE
T1DDC 272:506.464 JLINK_IsHalted()
T1DDC 272:506.752 - 0.281ms returns FALSE
T1DDC 272:614.944 JLINK_IsHalted()
T1DDC 272:615.392 - 0.451ms returns FALSE
T1DDC 272:615.456 JLINK_IsHalted()
T1DDC 272:615.968 - 0.504ms returns FALSE
T1DDC 272:724.992 JLINK_IsHalted()
T1DDC 272:725.344 - 0.352ms returns FALSE
T1DDC 272:725.376 JLINK_IsHalted()
T1DDC 272:725.664 - 0.275ms returns FALSE
T1DDC 272:833.920 JLINK_IsHalted()
T1DDC 272:834.240 - 0.334ms returns FALSE
T1DDC 272:834.272 JLINK_IsHalted()
T1DDC 272:834.560 - 0.273ms returns FALSE
T4EA8 272:878.176 JLINK_IsHalted()
T4EA8 272:878.528 - 0.354ms returns FALSE
T4EA8 272:878.560 JLINK_IsHalted()
T4EA8 272:878.848 - 0.282ms returns FALSE
T1DDC 272:943.552 JLINK_IsHalted()
T1DDC 272:943.904 - 0.347ms returns FALSE
T1DDC 272:943.936 JLINK_IsHalted()
T1DDC 272:944.224 - 0.308ms returns FALSE
T1DDC 273:052.992 JLINK_IsHalted()
T1DDC 273:053.408 - 0.406ms returns FALSE
T1DDC 273:053.408 JLINK_IsHalted()
T1DDC 273:053.824 - 0.402ms returns FALSE
T1DDC 273:161.888 JLINK_IsHalted()
T1DDC 273:162.208 - 0.336ms returns FALSE
T1DDC 273:162.240 JLINK_IsHalted()
T1DDC 273:162.528 - 0.277ms returns FALSE
T1DDC 273:270.976 JLINK_IsHalted()
T1DDC 273:271.360 - 0.374ms returns FALSE
T1DDC 273:271.360 JLINK_IsHalted()
T1DDC 273:271.616 - 0.269ms returns FALSE
T1DDC 273:380.896 JLINK_IsHalted()
T1DDC 273:381.248 - 0.338ms returns FALSE
T1DDC 273:381.280 JLINK_IsHalted()
T1DDC 273:381.600 - 0.331ms returns FALSE
T1DDC 273:489.920 JLINK_IsHalted()
T1DDC 273:490.240 - 0.325ms returns FALSE
T1DDC 273:490.240 JLINK_IsHalted()
T1DDC 273:490.528 - 0.266ms returns FALSE
T1DDC 273:598.944 JLINK_IsHalted()
T1DDC 273:599.360 - 0.398ms returns FALSE
T1DDC 273:599.392 JLINK_IsHalted()
T1DDC 273:599.680 - 0.281ms returns FALSE
T1DDC 273:708.960 JLINK_IsHalted()
T1DDC 273:709.344 - 0.386ms returns FALSE
T1DDC 273:709.376 JLINK_IsHalted()
T1DDC 273:709.632 - 0.269ms returns FALSE
T1DDC 273:818.048 JLINK_IsHalted()
T1DDC 273:818.432 - 0.347ms returns FALSE
T1DDC 273:818.432 JLINK_IsHalted()
T1DDC 273:818.848 - 0.408ms returns FALSE
T4EA8 273:880.128 JLINK_IsHalted()
T4EA8 273:880.704 - 0.582ms returns FALSE
T4EA8 273:880.768 JLINK_IsHalted()
T4EA8 273:881.088 - 0.324ms returns FALSE
T1DDC 273:928.000 JLINK_IsHalted()
T1DDC 273:928.352 - 0.345ms returns FALSE
T1DDC 273:928.384 JLINK_IsHalted()
T1DDC 273:928.640 - 0.271ms returns FALSE
T1DDC 274:036.992 JLINK_IsHalted()
T1DDC 274:037.376 - 0.376ms returns FALSE
T1DDC 274:037.376 JLINK_IsHalted()
T1DDC 274:037.664 - 0.277ms returns FALSE
T1DDC 274:147.616 JLINK_IsHalted()
T1DDC 274:148.064 - 0.474ms returns FALSE
T1DDC 274:148.160 JLINK_IsHalted()
T1DDC 274:149.152 - 0.988ms returns FALSE
T1DDC 274:255.936 JLINK_IsHalted()
T1DDC 274:256.416 - 0.470ms returns FALSE
T1DDC 274:256.448 JLINK_IsHalted()
T1DDC 274:256.704 - 0.286ms returns FALSE
T1DDC 274:364.928 JLINK_IsHalted()
T1DDC 274:365.408 - 0.481ms returns FALSE
T1DDC 274:365.472 JLINK_IsHalted()
T1DDC 274:365.856 - 0.369ms returns FALSE
T1DDC 274:474.048 JLINK_IsHalted()
T1DDC 274:474.464 - 0.426ms returns FALSE
T1DDC 274:474.464 JLINK_IsHalted()
T1DDC 274:474.848 - 0.366ms returns FALSE
T1DDC 274:584.064 JLINK_IsHalted()
T1DDC 274:584.384 - 0.310ms returns FALSE
T1DDC 274:584.384 JLINK_IsHalted()
T1DDC 274:584.672 - 0.269ms returns FALSE
T1DDC 274:692.960 JLINK_IsHalted()
T1DDC 274:693.344 - 0.383ms returns FALSE
T1DDC 274:693.376 JLINK_IsHalted()
T1DDC 274:693.696 - 0.297ms returns FALSE
T1DDC 274:803.072 JLINK_IsHalted()
T1DDC 274:803.424 - 0.356ms returns FALSE
T1DDC 274:803.456 JLINK_IsHalted()
T1DDC 274:803.744 - 0.285ms returns FALSE
T4EA8 274:881.216 JLINK_IsHalted()
T4EA8 274:881.600 - 0.361ms returns FALSE
T4EA8 274:881.600 JLINK_IsHalted()
T4EA8 274:881.920 - 0.294ms returns FALSE
T1DDC 274:912.032 JLINK_IsHalted()
T1DDC 274:912.352 - 0.340ms returns FALSE
T1DDC 274:912.384 JLINK_IsHalted()
T1DDC 274:912.672 - 0.278ms returns FALSE
T1DDC 275:021.856 JLINK_IsHalted()
T1DDC 275:022.240 - 0.382ms returns FALSE
T1DDC 275:022.272 JLINK_IsHalted()
T1DDC 275:022.560 - 0.300ms returns FALSE
T1DDC 275:131.040 JLINK_IsHalted()
T1DDC 275:131.424 - 0.386ms returns FALSE
T1DDC 275:131.456 JLINK_IsHalted()
T1DDC 275:131.744 - 0.299ms returns FALSE
T1DDC 275:240.000 JLINK_IsHalted()
T1DDC 275:240.320 - 0.339ms returns FALSE
T1DDC 275:240.352 JLINK_IsHalted()
T1DDC 275:240.608 - 0.258ms returns FALSE
T1DDC 275:349.056 JLINK_IsHalted()
T1DDC 275:349.440 - 0.354ms returns FALSE
T1DDC 275:349.440 JLINK_IsHalted()
T1DDC 275:349.728 - 0.274ms returns FALSE
T1DDC 275:459.008 JLINK_IsHalted()
T1DDC 275:459.328 - 0.331ms returns FALSE
T1DDC 275:459.360 JLINK_IsHalted()
T1DDC 275:459.616 - 0.261ms returns FALSE
T1DDC 275:568.160 JLINK_IsHalted()
T1DDC 275:568.576 - 0.408ms returns FALSE
T1DDC 275:568.608 JLINK_IsHalted()
T1DDC 275:569.024 - 0.418ms returns FALSE
T1DDC 275:678.016 JLINK_IsHalted()
T1DDC 275:678.336 - 0.328ms returns FALSE
T1DDC 275:678.368 JLINK_IsHalted()
T1DDC 275:678.624 - 0.266ms returns FALSE
T1DDC 275:786.944 JLINK_IsHalted()
T1DDC 275:787.264 - 0.321ms returns FALSE
T1DDC 275:787.296 JLINK_IsHalted()
T1DDC 275:787.552 - 0.260ms returns FALSE
T4EA8 275:883.264 JLINK_IsHalted()
T4EA8 275:883.584 - 0.297ms returns FALSE
T4EA8 275:883.584 JLINK_IsHalted()
T4EA8 275:883.840 - 0.266ms returns FALSE
T1DDC 275:896.064 JLINK_IsHalted()
T1DDC 275:896.416 - 0.358ms returns FALSE
T1DDC 275:896.448 JLINK_IsHalted()
T1DDC 275:896.736 - 0.279ms returns FALSE
T1DDC 276:006.016 JLINK_IsHalted()
T1DDC 276:006.496 - 0.480ms returns FALSE
T1DDC 276:006.560 JLINK_IsHalted()
T1DDC 276:006.976 - 0.422ms returns FALSE
T1DDC 276:115.136 JLINK_IsHalted()
T1DDC 276:115.552 - 0.431ms returns FALSE
T1DDC 276:115.616 JLINK_IsHalted()
T1DDC 276:115.968 - 0.340ms returns FALSE
T1DDC 276:224.064 JLINK_IsHalted()
T1DDC 276:224.480 - 0.410ms returns FALSE
T1DDC 276:224.480 JLINK_IsHalted()
T1DDC 276:224.960 - 0.451ms returns FALSE
T1DDC 276:334.016 JLINK_IsHalted()
T1DDC 276:334.400 - 0.381ms returns FALSE
T1DDC 276:334.432 JLINK_IsHalted()
T1DDC 276:334.752 - 0.292ms returns FALSE
T1DDC 276:443.040 JLINK_IsHalted()
T1DDC 276:443.392 - 0.357ms returns FALSE
T1DDC 276:443.424 JLINK_IsHalted()
T1DDC 276:443.712 - 0.291ms returns FALSE
T1DDC 276:553.024 JLINK_IsHalted()
T1DDC 276:553.408 - 0.357ms returns FALSE
T1DDC 276:553.408 JLINK_IsHalted()
T1DDC 276:553.696 - 0.293ms returns FALSE
T1DDC 276:662.016 JLINK_IsHalted()
T1DDC 276:662.400 - 0.377ms returns FALSE
T1DDC 276:662.432 JLINK_IsHalted()
T1DDC 276:662.688 - 0.263ms returns FALSE
T1DDC 276:771.008 JLINK_IsHalted()
T1DDC 276:771.328 - 0.335ms returns FALSE
T1DDC 276:771.360 JLINK_IsHalted()
T1DDC 276:771.616 - 0.260ms returns FALSE
T1DDC 276:880.960 JLINK_IsHalted()
T1DDC 276:881.344 - 0.404ms returns FALSE
T1DDC 276:881.408 JLINK_IsHalted()
T1DDC 276:881.728 - 0.300ms returns FALSE
T4EA8 276:884.256 JLINK_IsHalted()
T4EA8 276:884.608 - 0.374ms returns FALSE
T4EA8 276:884.640 JLINK_IsHalted()
T4EA8 276:884.928 - 0.311ms returns FALSE
T1DDC 276:990.048 JLINK_IsHalted()
T1DDC 276:990.400 - 0.347ms returns FALSE
T1DDC 276:990.432 JLINK_IsHalted()
T1DDC 276:990.688 - 0.278ms returns FALSE
T1DDC 277:098.976 JLINK_IsHalted()
T1DDC 277:099.456 - 0.456ms returns FALSE
T1DDC 277:099.488 JLINK_IsHalted()
T1DDC 277:099.840 - 0.328ms returns FALSE
T1DDC 277:209.024 JLINK_IsHalted()
T1DDC 277:209.408 - 0.375ms returns FALSE
T1DDC 277:209.440 JLINK_IsHalted()
T1DDC 277:209.760 - 0.326ms returns FALSE
T1DDC 277:318.048 JLINK_IsHalted()
T1DDC 277:318.464 - 0.442ms returns FALSE
T1DDC 277:318.496 JLINK_IsHalted()
T1DDC 277:318.848 - 0.353ms returns FALSE
T1DDC 277:428.512 JLINK_IsHalted()
T1DDC 277:428.864 - 0.344ms returns FALSE
T1DDC 277:428.896 JLINK_IsHalted()
T1DDC 277:429.184 - 0.300ms returns FALSE
T1DDC 277:537.120 JLINK_IsHalted()
T1DDC 277:537.600 - 0.455ms returns FALSE
T1DDC 277:537.600 JLINK_IsHalted()
T1DDC 277:537.984 - 0.395ms returns FALSE
T1DDC 277:646.016 JLINK_IsHalted()
T1DDC 277:646.368 - 0.336ms returns FALSE
T1DDC 277:646.400 JLINK_IsHalted()
T1DDC 277:646.656 - 0.284ms returns FALSE
T1DDC 277:756.000 JLINK_IsHalted()
T1DDC 277:756.352 - 0.345ms returns FALSE
T1DDC 277:756.384 JLINK_IsHalted()
T1DDC 277:756.672 - 0.280ms returns FALSE
T1DDC 277:864.928 JLINK_IsHalted()
T1DDC 277:865.600 - 0.658ms returns FALSE
T1DDC 277:865.664 JLINK_IsHalted()
T1DDC 277:866.048 - 0.379ms returns FALSE
T4EA8 277:885.248 JLINK_IsHalted()
T4EA8 277:885.600 - 0.347ms returns FALSE
T4EA8 277:885.600 JLINK_IsHalted()
T4EA8 277:885.984 - 0.378ms returns FALSE
T1DDC 277:974.048 JLINK_IsHalted()
T1DDC 277:974.592 - 0.530ms returns FALSE
T1DDC 277:974.592 JLINK_IsHalted()
T1DDC 277:975.104 - 0.511ms returns FALSE
T1DDC 278:084.096 JLINK_IsHalted()
T1DDC 278:084.512 - 0.420ms returns FALSE
T1DDC 278:084.544 JLINK_IsHalted()
T1DDC 278:084.896 - 0.339ms returns FALSE
T1DDC 278:192.992 JLINK_IsHalted()
T1DDC 278:193.344 - 0.338ms returns FALSE
T1DDC 278:193.344 JLINK_IsHalted()
T1DDC 278:193.632 - 0.266ms returns FALSE
T1DDC 278:303.040 JLINK_IsHalted()
T1DDC 278:303.424 - 0.371ms returns FALSE
T1DDC 278:303.424 JLINK_IsHalted()
T1DDC 278:303.744 - 0.294ms returns FALSE
T1DDC 278:412.064 JLINK_IsHalted()
T1DDC 278:412.416 - 0.352ms returns FALSE
T1DDC 278:412.416 JLINK_IsHalted()
T1DDC 278:412.736 - 0.287ms returns FALSE
T1DDC 278:521.024 JLINK_IsHalted()
T1DDC 278:521.632 - 0.606ms returns FALSE
T1DDC 278:521.760 JLINK_IsHalted()
T1DDC 278:522.176 - 0.434ms returns FALSE
T1DDC 278:631.008 JLINK_IsHalted()
T1DDC 278:631.392 - 0.383ms returns FALSE
T1DDC 278:631.456 JLINK_IsHalted()
T1DDC 278:631.776 - 0.331ms returns FALSE
T1DDC 278:740.096 JLINK_IsHalted()
T1DDC 278:740.512 - 0.411ms returns FALSE
T1DDC 278:740.544 JLINK_IsHalted()
T1DDC 278:740.864 - 0.302ms returns FALSE
T1DDC 278:849.056 JLINK_IsHalted()
T1DDC 278:849.536 - 0.467ms returns FALSE
T1DDC 278:849.568 JLINK_IsHalted()
T1DDC 278:849.984 - 0.435ms returns FALSE
T4EA8 278:886.336 JLINK_IsHalted()
T4EA8 278:886.720 - 0.352ms returns FALSE
T4EA8 278:886.720 JLINK_IsHalted()
T4EA8 278:887.008 - 0.278ms returns FALSE
T1DDC 278:959.104 JLINK_IsHalted()
T1DDC 278:959.584 - 0.475ms returns FALSE
T1DDC 278:959.648 JLINK_IsHalted()
T1DDC 278:960.064 - 0.449ms returns FALSE
T1DDC 279:068.928 JLINK_IsHalted()
T1DDC 279:069.344 - 0.398ms returns FALSE
T1DDC 279:069.376 JLINK_IsHalted()
T1DDC 279:069.696 - 0.307ms returns FALSE
T1DDC 279:178.080 JLINK_IsHalted()
T1DDC 279:178.400 - 0.317ms returns FALSE
T1DDC 279:178.432 JLINK_IsHalted()
T1DDC 279:178.688 - 0.258ms returns FALSE
T1DDC 279:286.976 JLINK_IsHalted()
T1DDC 279:287.328 - 0.366ms returns FALSE
T1DDC 279:287.360 JLINK_IsHalted()
T1DDC 279:287.648 - 0.309ms returns FALSE
T1DDC 279:396.064 JLINK_IsHalted()
T1DDC 279:396.448 - 0.400ms returns FALSE
T1DDC 279:396.512 JLINK_IsHalted()
T1DDC 279:396.832 - 0.312ms returns FALSE
T1DDC 279:506.080 JLINK_IsHalted()
T1DDC 279:506.496 - 0.432ms returns FALSE
T1DDC 279:506.528 JLINK_IsHalted()
T1DDC 279:506.880 - 0.317ms returns FALSE
T1DDC 279:614.944 JLINK_IsHalted()
T1DDC 279:615.328 - 0.378ms returns FALSE
T1DDC 279:615.392 JLINK_IsHalted()
T1DDC 279:615.808 - 0.412ms returns FALSE
T1DDC 279:724.000 JLINK_IsHalted()
T1DDC 279:724.384 - 0.363ms returns FALSE
T1DDC 279:724.416 JLINK_IsHalted()
T1DDC 279:724.736 - 0.319ms returns FALSE
T1DDC 279:834.016 JLINK_IsHalted()
T1DDC 279:834.496 - 0.490ms returns FALSE
T1DDC 279:834.560 JLINK_IsHalted()
T1DDC 279:834.816 - 0.301ms returns FALSE
T4EA8 279:887.424 JLINK_IsHalted()
T4EA8 279:887.840 - 0.441ms returns FALSE
T4EA8 279:887.936 JLINK_IsHalted()
T4EA8 279:888.448 - 0.503ms returns FALSE
T1DDC 279:943.328 JLINK_IsHalted()
T1DDC 279:943.872 - 0.537ms returns FALSE
T1DDC 279:943.968 JLINK_IsHalted()
T1DDC 279:944.448 - 0.491ms returns FALSE
T1DDC 280:053.120 JLINK_IsHalted()
T1DDC 280:053.696 - 0.605ms returns FALSE
T1DDC 280:053.824 JLINK_IsHalted()
T1DDC 280:054.272 - 0.444ms returns FALSE
T1DDC 280:162.080 JLINK_IsHalted()
T1DDC 280:162.624 - 0.535ms returns FALSE
T1DDC 280:162.688 JLINK_IsHalted()
T1DDC 280:163.136 - 0.433ms returns FALSE
T1DDC 280:271.040 JLINK_IsHalted()
T1DDC 280:271.552 - 0.501ms returns FALSE
T1DDC 280:271.584 JLINK_IsHalted()
T1DDC 280:272.064 - 0.458ms returns FALSE
T1DDC 280:381.056 JLINK_IsHalted()
T1DDC 280:381.536 - 0.486ms returns FALSE
T1DDC 280:381.632 JLINK_IsHalted()
T1DDC 280:382.112 - 0.479ms returns FALSE
T1DDC 280:491.456 JLINK_IsHalted()
T1DDC 280:491.968 - 0.557ms returns FALSE
T1DDC 280:492.096 JLINK_IsHalted()
T1DDC 280:492.608 - 0.508ms returns FALSE
T1DDC 280:598.976 JLINK_IsHalted()
T1DDC 280:599.360 - 0.382ms returns FALSE
T1DDC 280:599.424 JLINK_IsHalted()
T1DDC 280:599.744 - 0.326ms returns FALSE
T1DDC 280:708.992 JLINK_IsHalted()
T1DDC 280:709.344 - 0.362ms returns FALSE
T1DDC 280:709.376 JLINK_IsHalted()
T1DDC 280:709.696 - 0.306ms returns FALSE
T1DDC 280:817.984 JLINK_IsHalted()
T1DDC 280:818.368 - 0.377ms returns FALSE
T1DDC 280:818.400 JLINK_IsHalted()
T1DDC 280:818.688 - 0.297ms returns FALSE
T4EA8 280:888.384 JLINK_IsHalted()
T4EA8 280:888.768 - 0.419ms returns FALSE
T4EA8 280:888.800 JLINK_IsHalted()
T4EA8 280:889.152 - 0.350ms returns FALSE
T1DDC 280:928.064 JLINK_IsHalted()
T1DDC 280:928.448 - 0.374ms returns FALSE
T1DDC 280:928.480 JLINK_IsHalted()
T1DDC 280:928.800 - 0.314ms returns FALSE
T1DDC 281:037.376 JLINK_IsHalted()
T1DDC 281:037.952 - 0.581ms returns FALSE
T1DDC 281:038.048 JLINK_IsHalted()
T1DDC 281:038.560 - 0.518ms returns FALSE
T1DDC 281:146.048 JLINK_IsHalted()
T1DDC 281:146.464 - 0.433ms returns FALSE
T1DDC 281:146.560 JLINK_IsHalted()
T1DDC 281:147.040 - 0.476ms returns FALSE
T1DDC 281:256.032 JLINK_IsHalted()
T1DDC 281:256.480 - 0.411ms returns FALSE
T1DDC 281:256.512 JLINK_IsHalted()
T1DDC 281:256.832 - 0.335ms returns FALSE
T1DDC 281:364.992 JLINK_IsHalted()
T1DDC 281:365.440 - 0.440ms returns FALSE
T1DDC 281:365.472 JLINK_IsHalted()
T1DDC 281:365.824 - 0.331ms returns FALSE
T1DDC 281:474.016 JLINK_IsHalted()
T1DDC 281:474.528 - 0.502ms returns FALSE
T1DDC 281:474.592 JLINK_IsHalted()
T1DDC 281:474.944 - 0.360ms returns FALSE
T1DDC 281:584.032 JLINK_IsHalted()
T1DDC 281:584.448 - 0.411ms returns FALSE
T1DDC 281:584.480 JLINK_IsHalted()
T1DDC 281:584.832 - 0.349ms returns FALSE
T1DDC 281:692.992 JLINK_IsHalted()
T1DDC 281:693.376 - 0.400ms returns FALSE
T1DDC 281:693.440 JLINK_IsHalted()
T1DDC 281:693.760 - 0.345ms returns FALSE
T1DDC 281:802.976 JLINK_IsHalted()
T1DDC 281:803.392 - 0.405ms returns FALSE
T1DDC 281:803.456 JLINK_IsHalted()
T1DDC 281:803.744 - 0.319ms returns FALSE
T4EA8 281:889.344 JLINK_IsHalted()
T4EA8 281:889.824 - 0.463ms returns FALSE
T4EA8 281:889.856 JLINK_IsHalted()
T4EA8 281:890.208 - 0.337ms returns FALSE
T1DDC 281:911.968 JLINK_IsHalted()
T1DDC 281:912.352 - 0.386ms returns FALSE
T1DDC 281:912.384 JLINK_IsHalted()
T1DDC 281:912.704 - 0.323ms returns FALSE
T1DDC 282:020.960 JLINK_IsHalted()
T1DDC 282:021.440 - 0.446ms returns FALSE
T1DDC 282:021.472 JLINK_IsHalted()
T1DDC 282:021.856 - 0.393ms returns FALSE
T1DDC 282:131.008 JLINK_IsHalted()
T1DDC 282:131.456 - 0.450ms returns FALSE
T1DDC 282:131.520 JLINK_IsHalted()
T1DDC 282:132.096 - 0.556ms returns FALSE
T1DDC 282:240.000 JLINK_IsHalted()
T1DDC 282:240.384 - 0.372ms returns FALSE
T1DDC 282:240.416 JLINK_IsHalted()
T1DDC 282:240.736 - 0.319ms returns FALSE
T1DDC 282:348.960 JLINK_IsHalted()
T1DDC 282:349.344 - 0.383ms returns FALSE
T1DDC 282:349.376 JLINK_IsHalted()
T1DDC 282:349.728 - 0.320ms returns FALSE
T1DDC 282:459.008 JLINK_IsHalted()
T1DDC 282:459.456 - 0.413ms returns FALSE
T1DDC 282:459.488 JLINK_IsHalted()
T1DDC 282:459.840 - 0.330ms returns FALSE
T1DDC 282:568.000 JLINK_IsHalted()
T1DDC 282:568.384 - 0.400ms returns FALSE
T1DDC 282:568.448 JLINK_IsHalted()
T1DDC 282:568.768 - 0.318ms returns FALSE
T1DDC 282:678.048 JLINK_IsHalted()
T1DDC 282:678.432 - 0.392ms returns FALSE
T1DDC 282:678.464 JLINK_IsHalted()
T1DDC 282:678.720 - 0.288ms returns FALSE
T1DDC 282:787.008 JLINK_IsHalted()
T1DDC 282:787.424 - 0.443ms returns FALSE
T1DDC 282:787.520 JLINK_IsHalted()
T1DDC 282:787.808 - 0.312ms returns FALSE
T4EA8 282:891.264 JLINK_IsHalted()
T4EA8 282:891.648 - 0.395ms returns FALSE
T4EA8 282:891.712 JLINK_IsHalted()
T4EA8 282:892.128 - 0.440ms returns FALSE
T1DDC 282:896.000 JLINK_IsHalted()
T1DDC 282:896.448 - 0.447ms returns FALSE
T1DDC 282:896.480 JLINK_IsHalted()
T1DDC 282:896.832 - 0.348ms returns FALSE
T1DDC 283:006.016 JLINK_IsHalted()
T1DDC 283:006.464 - 0.451ms returns FALSE
T1DDC 283:006.528 JLINK_IsHalted()
T1DDC 283:007.040 - 0.517ms returns FALSE
T1DDC 283:115.040 JLINK_IsHalted()
T1DDC 283:115.584 - 0.513ms returns FALSE
T1DDC 283:115.616 JLINK_IsHalted()
T1DDC 283:115.968 - 0.366ms returns FALSE
T1DDC 283:224.000 JLINK_IsHalted()
T1DDC 283:224.448 - 0.461ms returns FALSE
T1DDC 283:224.512 JLINK_IsHalted()
T1DDC 283:224.832 - 0.325ms returns FALSE
T1DDC 283:333.952 JLINK_IsHalted()
T1DDC 283:334.336 - 0.375ms returns FALSE
T1DDC 283:334.368 JLINK_IsHalted()
T1DDC 283:334.688 - 0.302ms returns FALSE
T1DDC 283:443.104 JLINK_IsHalted()
T1DDC 283:443.520 - 0.407ms returns FALSE
T1DDC 283:443.552 JLINK_IsHalted()
T1DDC 283:443.904 - 0.316ms returns FALSE
T1DDC 283:553.056 JLINK_IsHalted()
T1DDC 283:553.472 - 0.446ms returns FALSE
T1DDC 283:553.536 JLINK_IsHalted()
T1DDC 283:553.856 - 0.310ms returns FALSE
T1DDC 283:661.984 JLINK_IsHalted()
T1DDC 283:662.400 - 0.410ms returns FALSE
T1DDC 283:662.432 JLINK_IsHalted()
T1DDC 283:662.752 - 0.310ms returns FALSE
T1DDC 283:771.008 JLINK_IsHalted()
T1DDC 283:771.360 - 0.363ms returns FALSE
T1DDC 283:771.392 JLINK_IsHalted()
T1DDC 283:771.712 - 0.299ms returns FALSE
T1DDC 283:881.024 JLINK_IsHalted()
T1DDC 283:881.408 - 0.390ms returns FALSE
T1DDC 283:881.472 JLINK_IsHalted()
T1DDC 283:881.792 - 0.313ms returns FALSE
T4EA8 283:892.288 JLINK_IsHalted()
T4EA8 283:892.672 - 0.390ms returns FALSE
T4EA8 283:892.736 JLINK_IsHalted()
T4EA8 283:893.056 - 0.314ms returns FALSE
T1DDC 283:990.016 JLINK_IsHalted()
T1DDC 283:990.528 - 0.498ms returns FALSE
T1DDC 283:990.592 JLINK_IsHalted()
T1DDC 283:991.040 - 0.455ms returns FALSE
T1DDC 284:099.008 JLINK_IsHalted()
T1DDC 284:099.456 - 0.436ms returns FALSE
T1DDC 284:099.520 JLINK_IsHalted()
T1DDC 284:100.096 - 0.543ms returns FALSE
T1DDC 284:209.056 JLINK_IsHalted()
T1DDC 284:209.568 - 0.513ms returns FALSE
T1DDC 284:209.632 JLINK_IsHalted()
T1DDC 284:210.080 - 0.431ms returns FALSE
T1DDC 284:318.080 JLINK_IsHalted()
T1DDC 284:318.624 - 0.548ms returns FALSE
T1DDC 284:318.688 JLINK_IsHalted()
T1DDC 284:319.200 - 0.507ms returns FALSE
T1DDC 284:428.064 JLINK_IsHalted()
T1DDC 284:428.512 - 0.473ms returns FALSE
T1DDC 284:428.608 JLINK_IsHalted()
T1DDC 284:429.024 - 0.440ms returns FALSE
T1DDC 284:537.120 JLINK_IsHalted()
T1DDC 284:537.632 - 0.526ms returns FALSE
T1DDC 284:537.696 JLINK_IsHalted()
T1DDC 284:538.080 - 0.386ms returns FALSE
T1DDC 284:645.984 JLINK_IsHalted()
T1DDC 284:646.496 - 0.513ms returns FALSE
T1DDC 284:646.560 JLINK_IsHalted()
T1DDC 284:646.848 - 0.307ms returns FALSE
T1DDC 284:756.032 JLINK_IsHalted()
T1DDC 284:756.384 - 0.381ms returns FALSE
T1DDC 284:756.416 JLINK_IsHalted()
T1DDC 284:756.736 - 0.297ms returns FALSE
T1DDC 284:865.056 JLINK_IsHalted()
T1DDC 284:865.504 - 0.471ms returns FALSE
T1DDC 284:865.568 JLINK_IsHalted()
T1DDC 284:866.016 - 0.442ms returns FALSE
T4EA8 284:893.344 JLINK_IsHalted()
T4EA8 284:893.888 - 0.546ms returns FALSE
T4EA8 284:893.920 JLINK_IsHalted()
T4EA8 284:894.400 - 0.457ms returns FALSE
T1DDC 284:974.016 JLINK_IsHalted()
T1DDC 284:974.560 - 0.532ms returns FALSE
T1DDC 284:974.656 JLINK_IsHalted()
T1DDC 284:975.040 - 0.422ms returns FALSE
T1DDC 285:084.064 JLINK_IsHalted()
T1DDC 285:084.544 - 0.485ms returns FALSE
T1DDC 285:084.608 JLINK_IsHalted()
T1DDC 285:084.992 - 0.370ms returns FALSE
T1DDC 285:193.024 JLINK_IsHalted()
T1DDC 285:193.504 - 0.470ms returns FALSE
T1DDC 285:193.536 JLINK_IsHalted()
T1DDC 285:193.856 - 0.312ms returns FALSE
T1DDC 285:303.008 JLINK_IsHalted()
T1DDC 285:303.456 - 0.412ms returns FALSE
T1DDC 285:303.488 JLINK_IsHalted()
T1DDC 285:303.776 - 0.311ms returns FALSE
T1DDC 285:412.000 JLINK_IsHalted()
T1DDC 285:412.448 - 0.452ms returns FALSE
T1DDC 285:412.480 JLINK_IsHalted()
T1DDC 285:412.800 - 0.319ms returns FALSE
T1DDC 285:520.960 JLINK_IsHalted()
T1DDC 285:521.376 - 0.412ms returns FALSE
T1DDC 285:521.440 JLINK_IsHalted()
T1DDC 285:521.856 - 0.439ms returns FALSE
T1DDC 285:630.944 JLINK_IsHalted()
T1DDC 285:631.488 - 0.523ms returns FALSE
T1DDC 285:631.552 JLINK_IsHalted()
T1DDC 285:632.064 - 0.514ms returns FALSE
T1DDC 285:740.064 JLINK_IsHalted()
T1DDC 285:740.480 - 0.418ms returns FALSE
T1DDC 285:740.512 JLINK_IsHalted()
T1DDC 285:740.864 - 0.359ms returns FALSE
T1DDC 285:849.024 JLINK_IsHalted()
T1DDC 285:849.440 - 0.420ms returns FALSE
T1DDC 285:849.504 JLINK_IsHalted()
T1DDC 285:849.920 - 0.403ms returns FALSE
T4EA8 285:894.240 JLINK_IsHalted()
T4EA8 285:894.752 - 0.525ms returns FALSE
T4EA8 285:894.848 JLINK_IsHalted()
T4EA8 285:895.232 - 0.392ms returns FALSE
T1DDC 285:959.008 JLINK_IsHalted()
T1DDC 285:959.616 - 0.581ms returns FALSE
T1DDC 285:959.680 JLINK_IsHalted()
T1DDC 285:960.160 - 0.491ms returns FALSE
T1DDC 286:068.064 JLINK_IsHalted()
T1DDC 286:068.544 - 0.501ms returns FALSE
T1DDC 286:068.672 JLINK_IsHalted()
T1DDC 286:069.056 - 0.375ms returns FALSE
T1DDC 286:178.016 JLINK_IsHalted()
T1DDC 286:178.560 - 0.531ms returns FALSE
T1DDC 286:178.624 JLINK_IsHalted()
T1DDC 286:179.008 - 0.401ms returns FALSE
T1DDC 286:288.064 JLINK_IsHalted()
T1DDC 286:288.576 - 0.481ms returns FALSE
T1DDC 286:288.608 JLINK_IsHalted()
T1DDC 286:288.992 - 0.388ms returns FALSE
T1DDC 286:396.032 JLINK_IsHalted()
T1DDC 286:396.448 - 0.391ms returns FALSE
T1DDC 286:396.480 JLINK_IsHalted()
T1DDC 286:396.800 - 0.315ms returns FALSE
T1DDC 286:506.016 JLINK_IsHalted()
T1DDC 286:506.496 - 0.479ms returns FALSE
T1DDC 286:506.560 JLINK_IsHalted()
T1DDC 286:506.976 - 0.444ms returns FALSE
T1DDC 286:614.976 JLINK_IsHalted()
T1DDC 286:615.488 - 0.516ms returns FALSE
T1DDC 286:615.584 JLINK_IsHalted()
T1DDC 286:615.936 - 0.365ms returns FALSE
T1DDC 286:724.032 JLINK_IsHalted()
T1DDC 286:724.416 - 0.366ms returns FALSE
T1DDC 286:724.448 JLINK_IsHalted()
T1DDC 286:724.736 - 0.281ms returns FALSE
T1DDC 286:833.984 JLINK_IsHalted()
T1DDC 286:834.336 - 0.348ms returns FALSE
T1DDC 286:834.368 JLINK_IsHalted()
T1DDC 286:834.624 - 0.296ms returns FALSE
T4EA8 286:895.456 JLINK_IsHalted()
T4EA8 286:895.840 - 0.387ms returns FALSE
T4EA8 286:895.872 JLINK_IsHalted()
T4EA8 286:896.192 - 0.337ms returns FALSE
T1DDC 286:943.040 JLINK_IsHalted()
T1DDC 286:943.552 - 0.492ms returns FALSE
T1DDC 286:943.584 JLINK_IsHalted()
T1DDC 286:944.000 - 0.421ms returns FALSE
T1DDC 287:053.056 JLINK_IsHalted()
T1DDC 287:053.632 - 0.573ms returns FALSE
T1DDC 287:053.760 JLINK_IsHalted()
T1DDC 287:054.112 - 0.368ms returns FALSE
T1DDC 287:162.048 JLINK_IsHalted()
T1DDC 287:162.560 - 0.537ms returns FALSE
T1DDC 287:162.688 JLINK_IsHalted()
T1DDC 287:163.072 - 0.396ms returns FALSE
T1DDC 287:271.040 JLINK_IsHalted()
T1DDC 287:271.552 - 0.520ms returns FALSE
T1DDC 287:271.616 JLINK_IsHalted()
T1DDC 287:271.904 - 0.321ms returns FALSE
T1DDC 287:381.056 JLINK_IsHalted()
T1DDC 287:381.440 - 0.374ms returns FALSE
T1DDC 287:381.472 JLINK_IsHalted()
T1DDC 287:381.792 - 0.315ms returns FALSE
T1DDC 287:490.048 JLINK_IsHalted()
T1DDC 287:490.496 - 0.418ms returns FALSE
T1DDC 287:490.496 JLINK_IsHalted()
T1DDC 287:490.848 - 0.314ms returns FALSE
T1DDC 287:599.040 JLINK_IsHalted()
T1DDC 287:599.488 - 0.443ms returns FALSE
T1DDC 287:599.552 JLINK_IsHalted()
T1DDC 287:599.936 - 0.398ms returns FALSE
T1DDC 287:708.992 JLINK_IsHalted()
T1DDC 287:709.472 - 0.466ms returns FALSE
T1DDC 287:709.504 JLINK_IsHalted()
T1DDC 287:709.824 - 0.309ms returns FALSE
T1DDC 287:818.048 JLINK_IsHalted()
T1DDC 287:818.432 - 0.375ms returns FALSE
T1DDC 287:818.432 JLINK_IsHalted()
T1DDC 287:818.784 - 0.309ms returns FALSE
T4EA8 287:896.256 JLINK_IsHalted()
T4EA8 287:896.768 - 0.491ms returns FALSE
T4EA8 287:896.768 JLINK_IsHalted()
T4EA8 287:897.120 - 0.335ms returns FALSE
T1DDC 287:928.128 JLINK_IsHalted()
T1DDC 287:928.512 - 0.381ms returns FALSE
T1DDC 287:928.544 JLINK_IsHalted()
T1DDC 287:928.960 - 0.408ms returns FALSE
T1DDC 288:037.056 JLINK_IsHalted()
T1DDC 288:037.568 - 0.514ms returns FALSE
T1DDC 288:037.632 JLINK_IsHalted()
T1DDC 288:038.080 - 0.468ms returns FALSE
T1DDC 288:145.984 JLINK_IsHalted()
T1DDC 288:146.528 - 0.531ms returns FALSE
T1DDC 288:146.592 JLINK_IsHalted()
T1DDC 288:147.040 - 0.460ms returns FALSE
T1DDC 288:256.576 JLINK_IsHalted()
T1DDC 288:257.056 - 0.479ms returns FALSE
T1DDC 288:257.152 JLINK_IsHalted()
T1DDC 288:257.600 - 0.443ms returns FALSE
T1DDC 288:365.024 JLINK_IsHalted()
T1DDC 288:365.536 - 0.526ms returns FALSE
T1DDC 288:365.600 JLINK_IsHalted()
T1DDC 288:366.048 - 0.436ms returns FALSE
T1DDC 288:474.048 JLINK_IsHalted()
T1DDC 288:474.400 - 0.360ms returns FALSE
T1DDC 288:474.432 JLINK_IsHalted()
T1DDC 288:474.720 - 0.287ms returns FALSE
T1DDC 288:584.000 JLINK_IsHalted()
T1DDC 288:584.448 - 0.452ms returns FALSE
T1DDC 288:584.512 JLINK_IsHalted()
T1DDC 288:584.928 - 0.430ms returns FALSE
T1DDC 288:692.960 JLINK_IsHalted()
T1DDC 288:693.344 - 0.385ms returns FALSE
T1DDC 288:693.408 JLINK_IsHalted()
T1DDC 288:693.696 - 0.320ms returns FALSE
T1DDC 288:802.944 JLINK_IsHalted()
T1DDC 288:803.360 - 0.402ms returns FALSE
T1DDC 288:803.392 JLINK_IsHalted()
T1DDC 288:803.744 - 0.332ms returns FALSE
T4EA8 288:898.112 JLINK_IsHalted()
T4EA8 288:898.528 - 0.397ms returns FALSE
T4EA8 288:898.592 JLINK_IsHalted()
T4EA8 288:898.880 - 0.310ms returns FALSE
T1DDC 288:911.936 JLINK_IsHalted()
T1DDC 288:912.352 - 0.391ms returns FALSE
T1DDC 288:912.384 JLINK_IsHalted()
T1DDC 288:912.704 - 0.316ms returns FALSE
T1DDC 289:020.992 JLINK_IsHalted()
T1DDC 289:021.504 - 0.520ms returns FALSE
T1DDC 289:021.568 JLINK_IsHalted()
T1DDC 289:021.888 - 0.347ms returns FALSE
T1DDC 289:130.976 JLINK_IsHalted()
T1DDC 289:131.360 - 0.395ms returns FALSE
T1DDC 289:131.424 JLINK_IsHalted()
T1DDC 289:131.712 - 0.302ms returns FALSE
T1DDC 289:239.968 JLINK_IsHalted()
T1DDC 289:240.352 - 0.386ms returns FALSE
T1DDC 289:240.384 JLINK_IsHalted()
T1DDC 289:240.768 - 0.358ms returns FALSE
T1DDC 289:348.992 JLINK_IsHalted()
T1DDC 289:349.344 - 0.372ms returns FALSE
T1DDC 289:349.408 JLINK_IsHalted()
T1DDC 289:349.728 - 0.329ms returns FALSE
T1DDC 289:458.976 JLINK_IsHalted()
T1DDC 289:459.360 - 0.386ms returns FALSE
T1DDC 289:459.392 JLINK_IsHalted()
T1DDC 289:459.712 - 0.325ms returns FALSE
T1DDC 289:567.936 JLINK_IsHalted()
T1DDC 289:568.416 - 0.450ms returns FALSE
T1DDC 289:568.448 JLINK_IsHalted()
T1DDC 289:568.768 - 0.331ms returns FALSE
T1DDC 289:677.952 JLINK_IsHalted()
T1DDC 289:678.304 - 0.363ms returns FALSE
T1DDC 289:678.368 JLINK_IsHalted()
T1DDC 289:678.688 - 0.326ms returns FALSE
T1DDC 289:786.944 JLINK_IsHalted()
T1DDC 289:787.328 - 0.377ms returns FALSE
T1DDC 289:787.392 JLINK_IsHalted()
T1DDC 289:787.712 - 0.311ms returns FALSE
T1DDC 289:896.000 JLINK_IsHalted()
T1DDC 289:896.608 - 0.617ms returns FALSE
T1DDC 289:896.640 JLINK_IsHalted()
T1DDC 289:897.088 - 0.441ms returns FALSE
T4EA8 289:900.256 JLINK_IsHalted()
T4EA8 289:900.736 - 0.441ms returns FALSE
T4EA8 289:900.768 JLINK_IsHalted()
T4EA8 289:901.120 - 0.338ms returns FALSE
T1DDC 290:005.952 JLINK_IsHalted()
T1DDC 290:006.304 - 0.362ms returns FALSE
T1DDC 290:006.336 JLINK_IsHalted()
T1DDC 290:006.752 - 0.394ms returns FALSE
T1DDC 290:114.976 JLINK_IsHalted()
T1DDC 290:115.392 - 0.446ms returns FALSE
T1DDC 290:115.488 JLINK_IsHalted()
T1DDC 290:115.840 - 0.369ms returns FALSE
T1DDC 290:223.936 JLINK_IsHalted()
T1DDC 290:224.384 - 0.440ms returns FALSE
T1DDC 290:224.448 JLINK_IsHalted()
T1DDC 290:224.832 - 0.385ms returns FALSE
T1DDC 290:333.984 JLINK_IsHalted()
T1DDC 290:334.368 - 0.378ms returns FALSE
T1DDC 290:334.400 JLINK_IsHalted()
T1DDC 290:334.688 - 0.305ms returns FALSE
T1DDC 290:442.944 JLINK_IsHalted()
T1DDC 290:443.328 - 0.384ms returns FALSE
T1DDC 290:443.392 JLINK_IsHalted()
T1DDC 290:443.712 - 0.323ms returns FALSE
T1DDC 290:552.992 JLINK_IsHalted()
T1DDC 290:553.344 - 0.361ms returns FALSE
T1DDC 290:553.376 JLINK_IsHalted()
T1DDC 290:553.664 - 0.306ms returns FALSE
T1DDC 290:661.984 JLINK_IsHalted()
T1DDC 290:662.400 - 0.415ms returns FALSE
T1DDC 290:662.464 JLINK_IsHalted()
T1DDC 290:662.752 - 0.315ms returns FALSE
T1DDC 290:771.008 JLINK_IsHalted()
T1DDC 290:771.424 - 0.413ms returns FALSE
T1DDC 290:771.488 JLINK_IsHalted()
T1DDC 290:771.808 - 0.341ms returns FALSE
T1DDC 290:880.960 JLINK_IsHalted()
T1DDC 290:881.344 - 0.401ms returns FALSE
T1DDC 290:881.408 JLINK_IsHalted()
T1DDC 290:881.728 - 0.304ms returns FALSE
T4EA8 290:902.208 JLINK_IsHalted()
T4EA8 290:902.592 - 0.399ms returns FALSE
T4EA8 290:902.656 JLINK_IsHalted()
T4EA8 290:902.976 - 0.320ms returns FALSE
T1DDC 290:989.952 JLINK_IsHalted()
T1DDC 290:990.336 - 0.381ms returns FALSE
T1DDC 290:990.400 JLINK_IsHalted()
T1DDC 290:990.688 - 0.316ms returns FALSE
T1DDC 291:098.944 JLINK_IsHalted()
T1DDC 291:099.328 - 0.385ms returns FALSE
T1DDC 291:099.360 JLINK_IsHalted()
T1DDC 291:099.744 - 0.369ms returns FALSE
T1DDC 291:208.960 JLINK_IsHalted()
T1DDC 291:209.312 - 0.358ms returns FALSE
T1DDC 291:209.344 JLINK_IsHalted()
T1DDC 291:209.664 - 0.302ms returns FALSE
T1DDC 291:317.984 JLINK_IsHalted()
T1DDC 291:318.368 - 0.386ms returns FALSE
T1DDC 291:318.432 JLINK_IsHalted()
T1DDC 291:318.720 - 0.322ms returns FALSE
T1DDC 291:427.968 JLINK_IsHalted()
T1DDC 291:428.352 - 0.395ms returns FALSE
T1DDC 291:428.416 JLINK_IsHalted()
T1DDC 291:428.704 - 0.295ms returns FALSE
T1DDC 291:536.960 JLINK_IsHalted()
T1DDC 291:537.344 - 0.397ms returns FALSE
T1DDC 291:537.408 JLINK_IsHalted()
T1DDC 291:537.728 - 0.300ms returns FALSE
T1DDC 291:646.016 JLINK_IsHalted()
T1DDC 291:646.464 - 0.450ms returns FALSE
T1DDC 291:646.528 JLINK_IsHalted()
T1DDC 291:646.816 - 0.311ms returns FALSE
T1DDC 291:755.968 JLINK_IsHalted()
T1DDC 291:756.352 - 0.400ms returns FALSE
T1DDC 291:756.384 JLINK_IsHalted()
T1DDC 291:756.704 - 0.302ms returns FALSE
T1DDC 291:864.992 JLINK_IsHalted()
T1DDC 291:865.376 - 0.384ms returns FALSE
T1DDC 291:865.408 JLINK_IsHalted()
T1DDC 291:865.728 - 0.314ms returns FALSE
T4EA8 291:903.232 JLINK_IsHalted()
T4EA8 291:903.648 - 0.400ms returns FALSE
T4EA8 291:903.680 JLINK_IsHalted()
T4EA8 291:904.000 - 0.310ms returns FALSE
T1DDC 291:973.984 JLINK_IsHalted()
T1DDC 291:974.464 - 0.471ms returns FALSE
T1DDC 291:974.496 JLINK_IsHalted()
T1DDC 291:974.848 - 0.357ms returns FALSE
T1DDC 292:083.968 JLINK_IsHalted()
T1DDC 292:084.320 - 0.369ms returns FALSE
T1DDC 292:084.384 JLINK_IsHalted()
T1DDC 292:084.672 - 0.314ms returns FALSE
T1DDC 292:192.992 JLINK_IsHalted()
T1DDC 292:193.376 - 0.392ms returns FALSE
T1DDC 292:193.408 JLINK_IsHalted()
T1DDC 292:193.728 - 0.291ms returns FALSE
T1DDC 292:303.008 JLINK_IsHalted()
T1DDC 292:303.424 - 0.457ms returns FALSE
T1DDC 292:303.488 JLINK_IsHalted()
T1DDC 292:303.872 - 0.370ms returns FALSE
T1DDC 292:411.968 JLINK_IsHalted()
T1DDC 292:412.352 - 0.419ms returns FALSE
T1DDC 292:412.416 JLINK_IsHalted()
T1DDC 292:412.736 - 0.350ms returns FALSE
T1DDC 292:520.992 JLINK_IsHalted()
T1DDC 292:521.344 - 0.367ms returns FALSE
T1DDC 292:521.408 JLINK_IsHalted()
T1DDC 292:521.728 - 0.312ms returns FALSE
T1DDC 292:630.976 JLINK_IsHalted()
T1DDC 292:631.360 - 0.383ms returns FALSE
T1DDC 292:631.392 JLINK_IsHalted()
T1DDC 292:631.712 - 0.309ms returns FALSE
T1DDC 292:740.032 JLINK_IsHalted()
T1DDC 292:740.448 - 0.446ms returns FALSE
T1DDC 292:740.512 JLINK_IsHalted()
T1DDC 292:740.864 - 0.345ms returns FALSE
T1DDC 292:849.056 JLINK_IsHalted()
T1DDC 292:849.472 - 0.438ms returns FALSE
T1DDC 292:849.536 JLINK_IsHalted()
T1DDC 292:849.984 - 0.461ms returns FALSE
T4EA8 292:905.152 JLINK_IsHalted()
T4EA8 292:905.568 - 0.392ms returns FALSE
T4EA8 292:905.600 JLINK_IsHalted()
T4EA8 292:905.920 - 0.303ms returns FALSE
T1DDC 292:958.976 JLINK_IsHalted()
T1DDC 292:959.424 - 0.426ms returns FALSE
T1DDC 292:959.456 JLINK_IsHalted()
T1DDC 292:959.808 - 0.331ms returns FALSE
T1DDC 293:067.968 JLINK_IsHalted()
T1DDC 293:068.416 - 0.458ms returns FALSE
T1DDC 293:068.480 JLINK_IsHalted()
T1DDC 293:068.864 - 0.419ms returns FALSE
T1DDC 293:177.984 JLINK_IsHalted()
T1DDC 293:178.432 - 0.458ms returns FALSE
T1DDC 293:178.464 JLINK_IsHalted()
T1DDC 293:178.912 - 0.429ms returns FALSE
T1DDC 293:287.040 JLINK_IsHalted()
T1DDC 293:287.488 - 0.439ms returns FALSE
T1DDC 293:287.520 JLINK_IsHalted()
T1DDC 293:287.872 - 0.332ms returns FALSE
T1DDC 293:396.000 JLINK_IsHalted()
T1DDC 293:396.448 - 0.452ms returns FALSE
T1DDC 293:396.512 JLINK_IsHalted()
T1DDC 293:396.832 - 0.334ms returns FALSE
T1DDC 293:505.952 JLINK_IsHalted()
T1DDC 293:506.336 - 0.377ms returns FALSE
T1DDC 293:506.368 JLINK_IsHalted()
T1DDC 293:506.688 - 0.316ms returns FALSE
T1DDC 293:615.040 JLINK_IsHalted()
T1DDC 293:615.456 - 0.443ms returns FALSE
T1DDC 293:615.520 JLINK_IsHalted()
T1DDC 293:615.872 - 0.353ms returns FALSE
T1DDC 293:723.968 JLINK_IsHalted()
T1DDC 293:724.384 - 0.416ms returns FALSE
T1DDC 293:724.448 JLINK_IsHalted()
T1DDC 293:724.768 - 0.340ms returns FALSE
T1DDC 293:833.952 JLINK_IsHalted()
T1DDC 293:834.400 - 0.419ms returns FALSE
T1DDC 293:834.432 JLINK_IsHalted()
T1DDC 293:834.784 - 0.341ms returns FALSE
T4EA8 293:906.240 JLINK_IsHalted()
T4EA8 293:906.624 - 0.411ms returns FALSE
T4EA8 293:906.688 JLINK_IsHalted()
T4EA8 293:907.008 - 0.332ms returns FALSE
T1DDC 293:943.008 JLINK_IsHalted()
T1DDC 293:943.488 - 0.468ms returns FALSE
T1DDC 293:943.520 JLINK_IsHalted()
T1DDC 293:943.872 - 0.335ms returns FALSE
T1DDC 294:052.928 JLINK_IsHalted()
T1DDC 294:053.376 - 0.422ms returns FALSE
T1DDC 294:053.440 JLINK_IsHalted()
T1DDC 294:053.760 - 0.319ms returns FALSE
T1DDC 294:161.984 JLINK_IsHalted()
T1DDC 294:162.560 - 0.570ms returns FALSE
T1DDC 294:162.592 JLINK_IsHalted()
T1DDC 294:162.944 - 0.360ms returns FALSE
T1DDC 294:271.072 JLINK_IsHalted()
T1DDC 294:271.552 - 0.444ms returns FALSE
T1DDC 294:271.616 JLINK_IsHalted()
T1DDC 294:272.032 - 0.419ms returns FALSE
T1DDC 294:381.024 JLINK_IsHalted()
T1DDC 294:381.440 - 0.420ms returns FALSE
T1DDC 294:381.504 JLINK_IsHalted()
T1DDC 294:381.984 - 0.466ms returns FALSE
T1DDC 294:490.048 JLINK_IsHalted()
T1DDC 294:490.528 - 0.452ms returns FALSE
T1DDC 294:490.560 JLINK_IsHalted()
T1DDC 294:490.912 - 0.346ms returns FALSE
T1DDC 294:599.040 JLINK_IsHalted()
T1DDC 294:599.456 - 0.394ms returns FALSE
T1DDC 294:599.488 JLINK_IsHalted()
T1DDC 294:599.776 - 0.303ms returns FALSE
T1DDC 294:708.992 JLINK_IsHalted()
T1DDC 294:709.504 - 0.499ms returns FALSE
T1DDC 294:709.536 JLINK_IsHalted()
T1DDC 294:709.888 - 0.355ms returns FALSE
T1DDC 294:817.984 JLINK_IsHalted()
T1DDC 294:818.368 - 0.430ms returns FALSE
T1DDC 294:818.432 JLINK_IsHalted()
T1DDC 294:818.752 - 0.325ms returns FALSE
T4EA8 294:908.288 JLINK_IsHalted()
T4EA8 294:908.768 - 0.481ms returns FALSE
T4EA8 294:908.800 JLINK_IsHalted()
T4EA8 294:909.152 - 0.358ms returns FALSE
T1DDC 294:928.064 JLINK_IsHalted()
T1DDC 294:928.544 - 0.473ms returns FALSE
T1DDC 294:928.640 JLINK_IsHalted()
T1DDC 294:929.024 - 0.389ms returns FALSE
T1DDC 295:037.088 JLINK_IsHalted()
T1DDC 295:037.536 - 0.461ms returns FALSE
T1DDC 295:037.632 JLINK_IsHalted()
T1DDC 295:038.016 - 0.397ms returns FALSE
T1DDC 295:146.016 JLINK_IsHalted()
T1DDC 295:146.464 - 0.456ms returns FALSE
T1DDC 295:146.560 JLINK_IsHalted()
T1DDC 295:147.008 - 0.472ms returns FALSE
T1DDC 295:256.000 JLINK_IsHalted()
T1DDC 295:256.384 - 0.368ms returns FALSE
T1DDC 295:256.416 JLINK_IsHalted()
T1DDC 295:256.704 - 0.279ms returns FALSE
T1DDC 295:364.992 JLINK_IsHalted()
T1DDC 295:365.344 - 0.353ms returns FALSE
T1DDC 295:365.376 JLINK_IsHalted()
T1DDC 295:365.696 - 0.317ms returns FALSE
T1DDC 295:473.984 JLINK_IsHalted()
T1DDC 295:474.368 - 0.377ms returns FALSE
T1DDC 295:474.400 JLINK_IsHalted()
T1DDC 295:474.720 - 0.317ms returns FALSE
T1DDC 295:584.064 JLINK_IsHalted()
T1DDC 295:584.640 - 0.573ms returns FALSE
T1DDC 295:584.704 JLINK_IsHalted()
T1DDC 295:585.088 - 0.397ms returns FALSE
T1DDC 295:693.056 JLINK_IsHalted()
T1DDC 295:693.472 - 0.401ms returns FALSE
T1DDC 295:693.504 JLINK_IsHalted()
T1DDC 295:693.824 - 0.318ms returns FALSE
T1DDC 295:803.040 JLINK_IsHalted()
T1DDC 295:803.488 - 0.439ms returns FALSE
T1DDC 295:803.520 JLINK_IsHalted()
T1DDC 295:803.840 - 0.332ms returns FALSE
T4EA8 295:909.312 JLINK_IsHalted()
T4EA8 295:909.792 - 0.479ms returns FALSE
T4EA8 295:909.856 JLINK_IsHalted()
T4EA8 295:910.304 - 0.446ms returns FALSE
T1DDC 295:912.000 JLINK_IsHalted()
T1DDC 295:912.384 - 0.388ms returns FALSE
T1DDC 295:912.416 JLINK_IsHalted()
T1DDC 295:912.800 - 0.389ms returns FALSE
T1DDC 296:020.960 JLINK_IsHalted()
T1DDC 296:021.472 - 0.498ms returns FALSE
T1DDC 296:021.568 JLINK_IsHalted()
T1DDC 296:022.016 - 0.441ms returns FALSE
T1DDC 296:131.008 JLINK_IsHalted()
T1DDC 296:131.648 - 0.617ms returns FALSE
T1DDC 296:131.744 JLINK_IsHalted()
T1DDC 296:132.096 - 0.373ms returns FALSE
T1DDC 296:240.096 JLINK_IsHalted()
T1DDC 296:240.640 - 0.540ms returns FALSE
T1DDC 296:240.736 JLINK_IsHalted()
T1DDC 296:241.312 - 0.567ms returns FALSE
T1DDC 296:349.056 JLINK_IsHalted()
T1DDC 296:349.632 - 0.603ms returns FALSE
T1DDC 296:349.728 JLINK_IsHalted()
T1DDC 296:350.112 - 0.382ms returns FALSE
T1DDC 296:459.040 JLINK_IsHalted()
T1DDC 296:459.584 - 0.532ms returns FALSE
T1DDC 296:459.616 JLINK_IsHalted()
T1DDC 296:460.224 - 0.596ms returns FALSE
T1DDC 296:568.096 JLINK_IsHalted()
T1DDC 296:568.576 - 0.482ms returns FALSE
T1DDC 296:568.672 JLINK_IsHalted()
T1DDC 296:569.152 - 0.458ms returns FALSE
T1DDC 296:678.016 JLINK_IsHalted()
T1DDC 296:678.368 - 0.365ms returns FALSE
T1DDC 296:678.400 JLINK_IsHalted()
T1DDC 296:678.688 - 0.285ms returns FALSE
T1DDC 296:787.008 JLINK_IsHalted()
T1DDC 296:787.360 - 0.373ms returns FALSE
T1DDC 296:787.392 JLINK_IsHalted()
T1DDC 296:787.680 - 0.289ms returns FALSE
T1DDC 296:895.936 JLINK_IsHalted()
T1DDC 296:896.320 - 0.353ms returns FALSE
T1DDC 296:896.320 JLINK_IsHalted()
T1DDC 296:896.640 - 0.295ms returns FALSE
T4EA8 296:911.200 JLINK_IsHalted()
T4EA8 296:911.680 - 0.481ms returns FALSE
T4EA8 296:911.712 JLINK_IsHalted()
T4EA8 296:912.032 - 0.302ms returns FALSE
T1DDC 297:005.248 JLINK_IsHalted()
T1DDC 297:005.920 - 0.674ms returns FALSE
T1DDC 297:006.016 JLINK_IsHalted()
T1DDC 297:006.304 - 0.327ms returns FALSE
T1DDC 297:115.040 JLINK_IsHalted()
T1DDC 297:115.584 - 0.533ms returns FALSE
T1DDC 297:115.616 JLINK_IsHalted()
T1DDC 297:116.096 - 0.443ms returns FALSE
T1DDC 297:224.000 JLINK_IsHalted()
T1DDC 297:224.384 - 0.369ms returns FALSE
T1DDC 297:224.384 JLINK_IsHalted()
T1DDC 297:224.672 - 0.294ms returns FALSE
T1DDC 297:334.080 JLINK_IsHalted()
T1DDC 297:334.464 - 0.391ms returns FALSE
T1DDC 297:334.496 JLINK_IsHalted()
T1DDC 297:334.816 - 0.319ms returns FALSE
T1DDC 297:443.040 JLINK_IsHalted()
T1DDC 297:443.424 - 0.396ms returns FALSE
T1DDC 297:443.488 JLINK_IsHalted()
T1DDC 297:443.840 - 0.352ms returns FALSE
T1DDC 297:553.088 JLINK_IsHalted()
T1DDC 297:553.600 - 0.554ms returns FALSE
T1DDC 297:553.728 JLINK_IsHalted()
T1DDC 297:554.144 - 0.416ms returns FALSE
T1DDC 297:662.016 JLINK_IsHalted()
T1DDC 297:662.432 - 0.429ms returns FALSE
T1DDC 297:662.528 JLINK_IsHalted()
T1DDC 297:662.816 - 0.327ms returns FALSE
T1DDC 297:771.072 JLINK_IsHalted()
T1DDC 297:771.456 - 0.400ms returns FALSE
T1DDC 297:771.520 JLINK_IsHalted()
T1DDC 297:771.840 - 0.311ms returns FALSE
T1DDC 297:881.056 JLINK_IsHalted()
T1DDC 297:881.504 - 0.421ms returns FALSE
T1DDC 297:881.536 JLINK_IsHalted()
T1DDC 297:881.888 - 0.328ms returns FALSE
T4EA8 297:912.224 JLINK_IsHalted()
T4EA8 297:912.640 - 0.411ms returns FALSE
T4EA8 297:912.672 JLINK_IsHalted()
T4EA8 297:912.992 - 0.316ms returns FALSE
T1DDC 297:990.048 JLINK_IsHalted()
T1DDC 297:990.560 - 0.515ms returns FALSE
T1DDC 297:990.624 JLINK_IsHalted()
T1DDC 297:991.232 - 0.603ms returns FALSE
T1DDC 298:099.008 JLINK_IsHalted()
T1DDC 298:099.520 - 0.515ms returns FALSE
T1DDC 298:099.584 JLINK_IsHalted()
T1DDC 298:099.904 - 0.321ms returns FALSE
T1DDC 298:208.960 JLINK_IsHalted()
T1DDC 298:209.472 - 0.482ms returns FALSE
T1DDC 298:209.504 JLINK_IsHalted()
T1DDC 298:209.824 - 0.319ms returns FALSE
T1DDC 298:318.048 JLINK_IsHalted()
T1DDC 298:318.560 - 0.499ms returns FALSE
T1DDC 298:318.624 JLINK_IsHalted()
T1DDC 298:319.040 - 0.419ms returns FALSE
T1DDC 298:428.064 JLINK_IsHalted()
T1DDC 298:428.640 - 0.575ms returns FALSE
T1DDC 298:428.736 JLINK_IsHalted()
T1DDC 298:429.184 - 0.442ms returns FALSE
T1DDC 298:537.376 JLINK_IsHalted()
T1DDC 298:537.888 - 0.524ms returns FALSE
T1DDC 298:537.984 JLINK_IsHalted()
T1DDC 298:538.400 - 0.400ms returns FALSE
T1DDC 298:646.048 JLINK_IsHalted()
T1DDC 298:646.432 - 0.384ms returns FALSE
T1DDC 298:646.976 JLINK_IsHalted()
T1DDC 298:647.328 - 0.339ms returns FALSE
T1DDC 298:756.000 JLINK_IsHalted()
T1DDC 298:756.352 - 0.358ms returns FALSE
T1DDC 298:756.416 JLINK_IsHalted()
T1DDC 298:756.672 - 0.285ms returns FALSE
T1DDC 298:865.088 JLINK_IsHalted()
T1DDC 298:865.472 - 0.389ms returns FALSE
T1DDC 298:865.504 JLINK_IsHalted()
T1DDC 298:865.824 - 0.300ms returns FALSE
T4EA8 298:913.312 JLINK_IsHalted()
T4EA8 298:913.728 - 0.407ms returns FALSE
T4EA8 298:913.760 JLINK_IsHalted()
T4EA8 298:914.112 - 0.351ms returns FALSE
T1DDC 298:974.048 JLINK_IsHalted()
T1DDC 298:974.528 - 0.479ms returns FALSE
T1DDC 298:974.624 JLINK_IsHalted()
T1DDC 298:975.040 - 0.398ms returns FALSE
T1DDC 299:084.000 JLINK_IsHalted()
T1DDC 299:084.384 - 0.389ms returns FALSE
T1DDC 299:084.448 JLINK_IsHalted()
T1DDC 299:084.800 - 0.344ms returns FALSE
T1DDC 299:193.408 JLINK_IsHalted()
T1DDC 299:193.824 - 0.434ms returns FALSE
T1DDC 299:193.920 JLINK_IsHalted()
T1DDC 299:194.272 - 0.357ms returns FALSE
T1DDC 299:302.336 JLINK_IsHalted()
T1DDC 299:302.976 - 0.637ms returns FALSE
T1DDC 299:303.008 JLINK_IsHalted()
T1DDC 299:303.360 - 0.345ms returns FALSE
T1DDC 299:412.288 JLINK_IsHalted()
T1DDC 299:412.640 - 0.363ms returns FALSE
T1DDC 299:412.672 JLINK_IsHalted()
T1DDC 299:412.960 - 0.289ms returns FALSE
T1DDC 299:521.344 JLINK_IsHalted()
T1DDC 299:521.792 - 0.453ms returns FALSE
T1DDC 299:521.856 JLINK_IsHalted()
T1DDC 299:522.304 - 0.456ms returns FALSE
T1DDC 299:630.272 JLINK_IsHalted()
T1DDC 299:630.688 - 0.392ms returns FALSE
T1DDC 299:630.720 JLINK_IsHalted()
T1DDC 299:631.072 - 0.340ms returns FALSE
T1DDC 299:740.352 JLINK_IsHalted()
T1DDC 299:740.800 - 0.442ms returns FALSE
T1DDC 299:740.864 JLINK_IsHalted()
T1DDC 299:741.152 - 0.301ms returns FALSE
T1DDC 299:849.312 JLINK_IsHalted()
T1DDC 299:849.792 - 0.467ms returns FALSE
T1DDC 299:849.792 JLINK_IsHalted()
T1DDC 299:850.336 - 0.521ms returns FALSE
T4EA8 299:914.624 JLINK_IsHalted()
T4EA8 299:915.168 - 0.539ms returns FALSE
T4EA8 299:915.200 JLINK_IsHalted()
T4EA8 299:915.648 - 0.432ms returns FALSE
T1DDC 299:958.336 JLINK_IsHalted()
T1DDC 299:958.880 - 0.547ms returns FALSE
T1DDC 299:958.944 JLINK_IsHalted()
T1DDC 299:959.360 - 0.409ms returns FALSE
T1DDC 300:068.288 JLINK_IsHalted()
T1DDC 300:068.736 - 0.436ms returns FALSE
T1DDC 300:068.800 JLINK_IsHalted()
T1DDC 300:069.280 - 0.496ms returns FALSE
T1DDC 300:177.408 JLINK_IsHalted()
T1DDC 300:177.824 - 0.394ms returns FALSE
T1DDC 300:177.856 JLINK_IsHalted()
T1DDC 300:178.176 - 0.303ms returns FALSE
T1DDC 300:287.360 JLINK_IsHalted()
T1DDC 300:287.808 - 0.432ms returns FALSE
T1DDC 300:287.840 JLINK_IsHalted()
T1DDC 300:288.192 - 0.323ms returns FALSE
T1DDC 300:396.512 JLINK_IsHalted()
T1DDC 300:397.120 - 0.622ms returns FALSE
T1DDC 300:397.312 JLINK_IsHalted()
T1DDC 300:397.952 - 0.631ms returns FALSE
T1DDC 300:505.376 JLINK_IsHalted()
T1DDC 300:505.952 - 0.581ms returns FALSE
T1DDC 300:506.048 JLINK_IsHalted()
T1DDC 300:506.560 - 0.474ms returns FALSE
T1DDC 300:615.360 JLINK_IsHalted()
T1DDC 300:615.744 - 0.385ms returns FALSE
T1DDC 300:615.808 JLINK_IsHalted()
T1DDC 300:616.128 - 0.355ms returns FALSE
T1DDC 300:724.416 JLINK_IsHalted()
T1DDC 300:724.800 - 0.377ms returns FALSE
T1DDC 300:724.832 JLINK_IsHalted()
T1DDC 300:725.152 - 0.295ms returns FALSE
T1DDC 300:833.472 JLINK_IsHalted()
T1DDC 300:833.856 - 0.390ms returns FALSE
T1DDC 300:833.888 JLINK_IsHalted()
T1DDC 300:834.240 - 0.349ms returns FALSE
T4EA8 300:916.544 JLINK_IsHalted()
T4EA8 300:916.960 - 0.380ms returns FALSE
T4EA8 300:917.024 JLINK_IsHalted()
T4EA8 300:917.312 - 0.315ms returns FALSE
T1DDC 300:943.424 JLINK_IsHalted()
T1DDC 300:943.904 - 0.471ms returns FALSE
T1DDC 300:943.968 JLINK_IsHalted()
T1DDC 300:944.320 - 0.344ms returns FALSE
T1DDC 301:052.352 JLINK_IsHalted()
T1DDC 301:052.800 - 0.451ms returns FALSE
T1DDC 301:052.864 JLINK_IsHalted()
T1DDC 301:053.248 - 0.399ms returns FALSE
T1DDC 301:163.744 JLINK_IsHalted()
T1DDC 301:164.352 - 0.596ms returns FALSE
T1DDC 301:164.480 JLINK_IsHalted()
T1DDC 301:164.896 - 0.441ms returns FALSE
T1DDC 301:271.360 JLINK_IsHalted()
T1DDC 301:271.904 - 0.528ms returns FALSE
T1DDC 301:271.968 JLINK_IsHalted()
T1DDC 301:272.288 - 0.339ms returns FALSE
T1DDC 301:380.512 JLINK_IsHalted()
T1DDC 301:380.928 - 0.429ms returns FALSE
T1DDC 301:380.960 JLINK_IsHalted()
T1DDC 301:381.280 - 0.301ms returns FALSE
T1DDC 301:490.400 JLINK_IsHalted()
T1DDC 301:490.816 - 0.410ms returns FALSE
T1DDC 301:490.880 JLINK_IsHalted()
T1DDC 301:491.136 - 0.276ms returns FALSE
T1DDC 301:599.424 JLINK_IsHalted()
T1DDC 301:599.968 - 0.558ms returns FALSE
T1DDC 301:600.096 JLINK_IsHalted()
T1DDC 301:600.544 - 0.454ms returns FALSE
T1DDC 301:708.352 JLINK_IsHalted()
T1DDC 301:708.736 - 0.412ms returns FALSE
T1DDC 301:708.800 JLINK_IsHalted()
T1DDC 301:709.120 - 0.297ms returns FALSE
T1DDC 301:818.432 JLINK_IsHalted()
T1DDC 301:818.816 - 0.387ms returns FALSE
T1DDC 301:818.848 JLINK_IsHalted()
T1DDC 301:819.328 - 0.449ms returns FALSE
T4EA8 301:917.632 JLINK_IsHalted()
T4EA8 301:918.112 - 0.463ms returns FALSE
T4EA8 301:918.144 JLINK_IsHalted()
T4EA8 301:918.496 - 0.336ms returns FALSE
T1DDC 301:927.360 JLINK_IsHalted()
T1DDC 301:927.744 - 0.396ms returns FALSE
T1DDC 301:927.808 JLINK_IsHalted()
T1DDC 301:928.096 - 0.296ms returns FALSE
T1DDC 302:037.376 JLINK_IsHalted()
T1DDC 302:037.952 - 0.596ms returns FALSE
T1DDC 302:038.048 JLINK_IsHalted()
T1DDC 302:038.592 - 0.552ms returns FALSE
T1DDC 302:146.368 JLINK_IsHalted()
T1DDC 302:146.784 - 0.397ms returns FALSE
T1DDC 302:146.816 JLINK_IsHalted()
T1DDC 302:147.136 - 0.297ms returns FALSE
T1DDC 302:255.424 JLINK_IsHalted()
T1DDC 302:255.872 - 0.433ms returns FALSE
T1DDC 302:255.936 JLINK_IsHalted()
T1DDC 302:256.224 - 0.324ms returns FALSE
T1DDC 302:365.376 JLINK_IsHalted()
T1DDC 303:265.280 - 899.902ms returns ERROR
T1DDC 303:861.056 JLINK_IsHalted()
T1DDC 303:861.440 - 0.355ms returns FALSE
T4EA8 303:861.952 JLINK_IsHalted()
T4EA8 303:862.304 - 0.322ms returns FALSE
T4EA8 303:862.784 JLINK_IsHalted()
T4EA8 303:863.104 - 0.348ms returns FALSE
T1DDC 303:958.464 JLINK_IsHalted()
T1DDC 303:958.848 - 0.409ms returns FALSE
T1DDC 303:959.552 JLINK_IsHalted()
T1DDC 303:959.904 - 0.358ms returns FALSE
T1DDC 304:068.480 JLINK_IsHalted()
T1DDC 304:068.960 - 0.466ms returns FALSE
T1DDC 304:069.696 JLINK_IsHalted()
T1DDC 304:070.176 - 0.456ms returns FALSE
T1DDC 304:177.408 JLINK_IsHalted()
T1DDC 304:177.856 - 0.442ms returns FALSE
T1DDC 304:178.560 JLINK_IsHalted()
T1DDC 304:178.880 - 0.326ms returns FALSE
T1DDC 304:287.392 JLINK_IsHalted()
T1DDC 304:287.840 - 0.451ms returns FALSE
T1DDC 304:289.088 JLINK_IsHalted()
T1DDC 304:289.472 - 0.385ms returns FALSE
T1DDC 304:396.416 JLINK_IsHalted()
T1DDC 304:396.864 - 0.438ms returns FALSE
T1DDC 304:397.632 JLINK_IsHalted()
T1DDC 304:397.920 - 0.327ms returns FALSE
T1DDC 304:505.376 JLINK_IsHalted()
T1DDC 304:505.792 - 0.438ms returns FALSE
T1DDC 304:506.432 JLINK_IsHalted()
T1DDC 304:506.816 - 0.389ms returns FALSE
T1DDC 304:615.392 JLINK_IsHalted()
T1DDC 304:615.840 - 0.422ms returns FALSE
T1DDC 304:616.448 JLINK_IsHalted()
T1DDC 304:616.768 - 0.329ms returns FALSE
T1DDC 304:724.384 JLINK_IsHalted()
T1DDC 304:724.800 - 0.427ms returns FALSE
T1DDC 304:725.440 JLINK_IsHalted()
T1DDC 304:725.824 - 0.366ms returns FALSE
T1DDC 304:833.376 JLINK_IsHalted()
T1DDC 304:833.856 - 0.455ms returns FALSE
T1DDC 304:834.432 JLINK_IsHalted()
T1DDC 304:834.784 - 0.358ms returns FALSE
T4EA8 304:865.568 JLINK_IsHalted()
T4EA8 304:865.920 - 0.354ms returns FALSE
T4EA8 304:865.984 JLINK_IsHalted()
T4EA8 304:866.272 - 0.320ms returns FALSE
T1DDC 304:943.392 JLINK_IsHalted()
T1DDC 304:943.872 - 0.472ms returns FALSE
T1DDC 304:944.416 JLINK_IsHalted()
T1DDC 304:944.768 - 0.363ms returns FALSE
T1DDC 305:052.352 JLINK_IsHalted()
T1DDC 305:052.768 - 0.414ms returns FALSE
T1DDC 305:053.312 JLINK_IsHalted()
T1DDC 305:053.632 - 0.340ms returns FALSE
T1DDC 305:162.368 JLINK_IsHalted()
T1DDC 305:162.848 - 0.489ms returns FALSE
T1DDC 305:163.584 JLINK_IsHalted()
T1DDC 305:164.000 - 0.427ms returns FALSE
T1DDC 305:271.424 JLINK_IsHalted()
T1DDC 305:272.064 - 0.650ms returns FALSE
T1DDC 305:272.864 JLINK_IsHalted()
T1DDC 305:273.248 - 0.395ms returns FALSE
T1DDC 305:380.416 JLINK_IsHalted()
T1DDC 305:380.864 - 0.420ms returns FALSE
T1DDC 305:381.568 JLINK_IsHalted()
T1DDC 305:381.920 - 0.369ms returns FALSE
T1DDC 305:490.432 JLINK_IsHalted()
T1DDC 305:490.880 - 0.417ms returns FALSE
T1DDC 305:491.520 JLINK_IsHalted()
T1DDC 305:491.872 - 0.337ms returns FALSE
T1DDC 305:599.488 JLINK_IsHalted()
T1DDC 305:601.440 - 1.948ms returns FALSE
T1DDC 305:602.368 JLINK_IsHalted()
T1DDC 305:602.880 - 0.525ms returns FALSE
T1DDC 305:708.448 JLINK_IsHalted()
T1DDC 305:708.832 - 0.386ms returns FALSE
T1DDC 305:709.504 JLINK_IsHalted()
T1DDC 305:709.888 - 0.371ms returns FALSE
T1DDC 305:818.464 JLINK_IsHalted()
T1DDC 305:818.880 - 0.422ms returns FALSE
T1DDC 305:819.552 JLINK_IsHalted()
T1DDC 305:819.904 - 0.359ms returns FALSE
T4EA8 305:868.480 JLINK_IsHalted()
T4EA8 305:868.864 - 0.392ms returns FALSE
T4EA8 305:868.864 JLINK_IsHalted()
T4EA8 305:869.248 - 0.341ms returns FALSE
T1DDC 305:927.360 JLINK_IsHalted()
T1DDC 305:927.936 - 0.555ms returns FALSE
T1DDC 305:928.576 JLINK_IsHalted()
T1DDC 305:928.928 - 0.335ms returns FALSE
T1DDC 306:037.472 JLINK_IsHalted()
T1DDC 306:037.984 - 0.518ms returns FALSE
T1DDC 306:038.880 JLINK_IsHalted()
T1DDC 306:039.328 - 0.442ms returns FALSE
T1DDC 306:146.400 JLINK_IsHalted()
T1DDC 306:146.816 - 0.397ms returns FALSE
T1DDC 306:147.520 JLINK_IsHalted()
T1DDC 306:147.872 - 0.322ms returns FALSE
T1DDC 306:255.424 JLINK_IsHalted()
T1DDC 306:256.064 - 0.654ms returns FALSE
T1DDC 306:256.960 JLINK_IsHalted()
T1DDC 306:257.440 - 0.443ms returns FALSE
T1DDC 306:365.344 JLINK_IsHalted()
T1DDC 306:365.760 - 0.389ms returns FALSE
T1DDC 306:366.368 JLINK_IsHalted()
T1DDC 306:366.688 - 0.349ms returns FALSE
T1DDC 306:474.432 JLINK_IsHalted()
T1DDC 306:474.848 - 0.443ms returns FALSE
T1DDC 306:475.584 JLINK_IsHalted()
T1DDC 306:475.968 - 0.373ms returns FALSE
T1DDC 306:583.488 JLINK_IsHalted()
T1DDC 306:583.968 - 0.478ms returns FALSE
T1DDC 306:584.704 JLINK_IsHalted()
T1DDC 306:585.248 - 0.554ms returns FALSE
T1DDC 306:693.408 JLINK_IsHalted()
T1DDC 306:693.792 - 0.397ms returns FALSE
T1DDC 306:694.336 JLINK_IsHalted()
T1DDC 306:694.656 - 0.329ms returns FALSE
T1DDC 306:802.496 JLINK_IsHalted()
T1DDC 306:802.944 - 0.442ms returns FALSE
T1DDC 306:803.648 JLINK_IsHalted()
T1DDC 306:804.000 - 0.348ms returns FALSE
T4EA8 306:869.600 JLINK_IsHalted()
T4EA8 306:869.984 - 0.385ms returns FALSE
T4EA8 306:870.048 JLINK_IsHalted()
T4EA8 306:870.368 - 0.326ms returns FALSE
T1DDC 306:912.352 JLINK_IsHalted()
T1DDC 306:912.768 - 0.400ms returns FALSE
T1DDC 306:913.472 JLINK_IsHalted()
T1DDC 306:913.824 - 0.361ms returns FALSE
T1DDC 307:021.472 JLINK_IsHalted()
T1DDC 307:022.016 - 0.550ms returns FALSE
T1DDC 307:022.880 JLINK_IsHalted()
T1DDC 307:023.232 - 0.354ms returns FALSE
T1DDC 307:130.432 JLINK_IsHalted()
T1DDC 307:130.880 - 0.452ms returns FALSE
T1DDC 307:131.520 JLINK_IsHalted()
T1DDC 307:131.840 - 0.334ms returns FALSE
T1DDC 307:240.416 JLINK_IsHalted()
T1DDC 307:240.864 - 0.445ms returns FALSE
T1DDC 307:241.536 JLINK_IsHalted()
T1DDC 307:241.888 - 0.350ms returns FALSE
T1DDC 307:350.976 JLINK_IsHalted()
T1DDC 307:351.360 - 0.350ms returns FALSE
T1DDC 307:352.096 JLINK_IsHalted()
T1DDC 307:352.512 - 0.417ms returns FALSE
T1DDC 307:458.400 JLINK_IsHalted()
T1DDC 307:458.816 - 0.407ms returns FALSE
T1DDC 307:459.456 JLINK_IsHalted()
T1DDC 307:459.808 - 0.357ms returns FALSE
T1DDC 307:568.384 JLINK_IsHalted()
T1DDC 307:568.832 - 0.419ms returns FALSE
T1DDC 307:569.568 JLINK_IsHalted()
T1DDC 307:569.952 - 0.375ms returns FALSE
T1DDC 307:677.376 JLINK_IsHalted()
T1DDC 307:677.824 - 0.434ms returns FALSE
T1DDC 307:678.592 JLINK_IsHalted()
T1DDC 307:678.912 - 0.354ms returns FALSE
T1DDC 307:787.456 JLINK_IsHalted()
T1DDC 307:787.936 - 0.498ms returns FALSE
T1DDC 307:788.576 JLINK_IsHalted()
T1DDC 307:788.960 - 0.389ms returns FALSE
T4EA8 307:871.552 JLINK_IsHalted()
T4EA8 307:871.968 - 0.412ms returns FALSE
T4EA8 307:872.032 JLINK_IsHalted()
T4EA8 307:872.416 - 0.386ms returns FALSE
T1DDC 307:896.416 JLINK_IsHalted()
T1DDC 307:896.832 - 0.408ms returns FALSE
T1DDC 307:897.504 JLINK_IsHalted()
T1DDC 307:897.856 - 0.341ms returns FALSE
T1DDC 308:005.472 JLINK_IsHalted()
T1DDC 308:005.888 - 0.393ms returns FALSE
T1DDC 308:006.528 JLINK_IsHalted()
T1DDC 308:006.944 - 0.429ms returns FALSE
T1DDC 308:115.392 JLINK_IsHalted()
T1DDC 308:115.808 - 0.431ms returns FALSE
T1DDC 308:116.480 JLINK_IsHalted()
T1DDC 308:116.832 - 0.378ms returns FALSE
T1DDC 308:224.448 JLINK_IsHalted()
T1DDC 308:224.928 - 0.465ms returns FALSE
T1DDC 308:225.600 JLINK_IsHalted()
T1DDC 308:225.984 - 0.402ms returns FALSE
T1DDC 308:333.504 JLINK_IsHalted()
T1DDC 308:334.080 - 0.572ms returns FALSE
T1DDC 308:335.008 JLINK_IsHalted()
T1DDC 308:335.488 - 0.493ms returns FALSE
T1DDC 308:443.424 JLINK_IsHalted()
T1DDC 308:443.840 - 0.396ms returns FALSE
T1DDC 308:444.416 JLINK_IsHalted()
T1DDC 308:444.736 - 0.330ms returns FALSE
T1DDC 308:552.512 JLINK_IsHalted()
T1DDC 308:553.024 - 0.477ms returns FALSE
T1DDC 308:553.792 JLINK_IsHalted()
T1DDC 308:554.176 - 0.385ms returns FALSE
T1DDC 308:662.400 JLINK_IsHalted()
T1DDC 308:662.912 - 0.510ms returns FALSE
T1DDC 308:663.680 JLINK_IsHalted()
T1DDC 308:664.000 - 0.348ms returns FALSE
T1DDC 308:771.360 JLINK_IsHalted()
T1DDC 308:771.776 - 0.427ms returns FALSE
T1DDC 308:772.480 JLINK_IsHalted()
T1DDC 308:772.832 - 0.361ms returns FALSE
T4EA8 308:872.640 JLINK_IsHalted()
T4EA8 308:873.056 - 0.413ms returns FALSE
T4EA8 308:873.664 JLINK_IsHalted()
T4EA8 308:873.984 - 0.329ms returns FALSE
T1DDC 308:880.416 JLINK_IsHalted()
T1DDC 308:880.832 - 0.402ms returns FALSE
T1DDC 308:881.472 JLINK_IsHalted()
T1DDC 308:881.856 - 0.385ms returns FALSE
T1DDC 308:990.432 JLINK_IsHalted()
T1DDC 308:991.072 - 0.651ms returns FALSE
T1DDC 308:991.968 JLINK_IsHalted()
T1DDC 308:992.480 - 0.498ms returns FALSE
T1DDC 309:099.392 JLINK_IsHalted()
T1DDC 309:099.840 - 0.431ms returns FALSE
T1DDC 309:100.608 JLINK_IsHalted()
T1DDC 309:100.928 - 0.339ms returns FALSE
T1DDC 309:208.384 JLINK_IsHalted()
T1DDC 309:208.800 - 0.407ms returns FALSE
T1DDC 309:209.344 JLINK_IsHalted()
T1DDC 309:209.696 - 0.343ms returns FALSE
T1DDC 309:318.368 JLINK_IsHalted()
T1DDC 309:318.848 - 0.461ms returns FALSE
T1DDC 309:319.616 JLINK_IsHalted()
T1DDC 309:320.032 - 0.410ms returns FALSE
T1DDC 309:427.392 JLINK_IsHalted()
T1DDC 309:427.840 - 0.458ms returns FALSE
T1DDC 309:428.480 JLINK_IsHalted()
T1DDC 309:428.832 - 0.352ms returns FALSE
T1DDC 309:537.408 JLINK_IsHalted()
T1DDC 309:537.824 - 0.416ms returns FALSE
T1DDC 309:538.464 JLINK_IsHalted()
T1DDC 309:538.784 - 0.342ms returns FALSE
T1DDC 309:646.400 JLINK_IsHalted()
T1DDC 309:646.784 - 0.413ms returns FALSE
T1DDC 309:647.456 JLINK_IsHalted()
T1DDC 309:647.808 - 0.332ms returns FALSE
T1DDC 309:755.424 JLINK_IsHalted()
T1DDC 309:755.840 - 0.393ms returns FALSE
T1DDC 309:756.480 JLINK_IsHalted()
T1DDC 309:756.832 - 0.353ms returns FALSE
T1DDC 309:865.440 JLINK_IsHalted()
T1DDC 309:865.824 - 0.383ms returns FALSE
T1DDC 309:866.560 JLINK_IsHalted()
T1DDC 309:866.912 - 0.359ms returns FALSE
T4EA8 309:874.720 JLINK_IsHalted()
T4EA8 309:875.232 - 0.514ms returns FALSE
T4EA8 309:875.872 JLINK_IsHalted()
T4EA8 309:876.256 - 0.364ms returns FALSE
T1DDC 309:974.368 JLINK_IsHalted()
T1DDC 309:974.944 - 0.562ms returns FALSE
T1DDC 309:975.616 JLINK_IsHalted()
T1DDC 309:976.000 - 0.377ms returns FALSE
T1DDC 310:083.392 JLINK_IsHalted()
T1DDC 310:083.776 - 0.390ms returns FALSE
T1DDC 310:084.448 JLINK_IsHalted()
T1DDC 310:084.832 - 0.374ms returns FALSE
T1DDC 310:193.440 JLINK_IsHalted()
T1DDC 310:193.984 - 0.540ms returns FALSE
T1DDC 310:194.784 JLINK_IsHalted()
T1DDC 310:195.232 - 0.424ms returns FALSE
T1DDC 310:302.368 JLINK_IsHalted()
T1DDC 310:302.784 - 0.432ms returns FALSE
T1DDC 310:303.424 JLINK_IsHalted()
T1DDC 310:303.776 - 0.344ms returns FALSE
T1DDC 310:412.480 JLINK_IsHalted()
T1DDC 310:412.992 - 0.485ms returns FALSE
T1DDC 310:413.760 JLINK_IsHalted()
T1DDC 310:414.144 - 0.396ms returns FALSE
T1DDC 310:521.408 JLINK_IsHalted()
T1DDC 310:522.048 - 0.620ms returns FALSE
T1DDC 310:523.072 JLINK_IsHalted()
T1DDC 310:523.584 - 0.519ms returns FALSE
T1DDC 310:630.432 JLINK_IsHalted()
T1DDC 310:630.848 - 0.409ms returns FALSE
T1DDC 310:632.128 JLINK_IsHalted()
T1DDC 310:632.512 - 0.334ms returns FALSE
T1DDC 310:740.416 JLINK_IsHalted()
T1DDC 310:740.832 - 0.412ms returns FALSE
T1DDC 310:741.504 JLINK_IsHalted()
T1DDC 310:741.824 - 0.333ms returns FALSE
T1DDC 310:849.440 JLINK_IsHalted()
T1DDC 310:849.888 - 0.446ms returns FALSE
T1DDC 310:850.528 JLINK_IsHalted()
T1DDC 310:850.976 - 0.425ms returns FALSE
T4EA8 310:876.736 JLINK_IsHalted()
T4EA8 310:877.120 - 0.416ms returns FALSE
T4EA8 310:877.696 JLINK_IsHalted()
T4EA8 310:878.080 - 0.382ms returns FALSE
T1DDC 310:958.432 JLINK_IsHalted()
T1DDC 310:958.848 - 0.416ms returns FALSE
T1DDC 310:959.616 JLINK_IsHalted()
T1DDC 310:959.968 - 0.345ms returns FALSE
T1DDC 311:068.352 JLINK_IsHalted()
T1DDC 311:068.992 - 0.612ms returns FALSE
T1DDC 311:069.728 JLINK_IsHalted()
T1DDC 311:070.112 - 0.388ms returns FALSE
T1DDC 311:177.760 JLINK_IsHalted()
T1DDC 311:178.304 - 0.558ms returns FALSE
T1DDC 311:179.264 JLINK_IsHalted()
T1DDC 311:179.744 - 0.462ms returns FALSE
T1DDC 311:287.360 JLINK_IsHalted()
T1DDC 311:287.744 - 0.395ms returns FALSE
T1DDC 311:288.384 JLINK_IsHalted()
T1DDC 311:288.768 - 0.354ms returns FALSE
T1DDC 311:396.480 JLINK_IsHalted()
T1DDC 311:396.864 - 0.394ms returns FALSE
T1DDC 311:397.600 JLINK_IsHalted()
T1DDC 311:397.984 - 0.387ms returns FALSE
T1DDC 311:505.408 JLINK_IsHalted()
T1DDC 311:505.856 - 0.441ms returns FALSE
T1DDC 311:506.624 JLINK_IsHalted()
T1DDC 311:506.944 - 0.350ms returns FALSE
T1DDC 311:615.424 JLINK_IsHalted()
T1DDC 311:615.808 - 0.390ms returns FALSE
T1DDC 311:616.416 JLINK_IsHalted()
T1DDC 311:616.800 - 0.385ms returns FALSE
T1DDC 311:724.416 JLINK_IsHalted()
T1DDC 311:724.800 - 0.377ms returns FALSE
T1DDC 311:725.376 JLINK_IsHalted()
T1DDC 311:725.760 - 0.373ms returns FALSE
T1DDC 311:833.504 JLINK_IsHalted()
T1DDC 311:833.920 - 0.440ms returns FALSE
T1DDC 311:834.656 JLINK_IsHalted()
T1DDC 311:835.040 - 0.395ms returns FALSE
T4EA8 311:878.688 JLINK_IsHalted()
T4EA8 311:879.104 - 0.431ms returns FALSE
T4EA8 311:879.744 JLINK_IsHalted()
T4EA8 311:880.064 - 0.330ms returns FALSE
T1DDC 311:943.424 JLINK_IsHalted()
T1DDC 311:943.872 - 0.421ms returns FALSE
T1DDC 311:944.480 JLINK_IsHalted()
T1DDC 311:944.832 - 0.347ms returns FALSE
T1DDC 312:052.416 JLINK_IsHalted()
T1DDC 312:052.896 - 0.464ms returns FALSE
T1DDC 312:053.664 JLINK_IsHalted()
T1DDC 312:054.080 - 0.397ms returns FALSE
T1DDC 312:162.400 JLINK_IsHalted()
T1DDC 312:163.008 - 0.579ms returns FALSE
T1DDC 312:164.128 JLINK_IsHalted()
T1DDC 312:166.336 - 2.234ms returns FALSE
T1DDC 312:271.424 JLINK_IsHalted()
T1DDC 312:271.872 - 0.430ms returns FALSE
T1DDC 312:272.640 JLINK_IsHalted()
T1DDC 312:273.088 - 0.448ms returns FALSE
T1DDC 312:380.512 JLINK_IsHalted()
T1DDC 312:381.152 - 0.637ms returns FALSE
T1DDC 312:382.464 JLINK_IsHalted()
T1DDC 312:383.104 - 0.643ms returns FALSE
T1DDC 312:490.432 JLINK_IsHalted()
T1DDC 312:490.880 - 0.446ms returns FALSE
T1DDC 312:491.552 JLINK_IsHalted()
T1DDC 312:491.968 - 0.400ms returns FALSE
T1DDC 312:599.488 JLINK_IsHalted()
T1DDC 312:600.128 - 0.594ms returns FALSE
T1DDC 312:601.024 JLINK_IsHalted()
T1DDC 312:601.600 - 0.557ms returns FALSE
T1DDC 312:708.416 JLINK_IsHalted()
T1DDC 312:708.800 - 0.381ms returns FALSE
T1DDC 312:709.504 JLINK_IsHalted()
T1DDC 312:709.824 - 0.335ms returns FALSE
T1DDC 312:818.368 JLINK_IsHalted()
T1DDC 312:818.752 - 0.383ms returns FALSE
T1DDC 312:819.360 JLINK_IsHalted()
T1DDC 312:819.680 - 0.324ms returns FALSE
T4EA8 312:881.440 JLINK_IsHalted()
T4EA8 312:881.792 - 0.354ms returns FALSE
T4EA8 312:882.304 JLINK_IsHalted()
T4EA8 312:882.624 - 0.322ms returns FALSE
T1DDC 312:927.424 JLINK_IsHalted()
T1DDC 312:927.808 - 0.385ms returns FALSE
T1DDC 312:928.320 JLINK_IsHalted()
T1DDC 312:928.672 - 0.336ms returns FALSE
T1DDC 313:037.504 JLINK_IsHalted()
T1DDC 313:037.888 - 0.426ms returns FALSE
T1DDC 313:038.656 JLINK_IsHalted()
T1DDC 313:039.040 - 0.385ms returns FALSE
T1DDC 313:146.496 JLINK_IsHalted()
T1DDC 313:147.200 - 0.701ms returns FALSE
T1DDC 313:148.512 JLINK_IsHalted()
T1DDC 313:149.088 - 0.559ms returns FALSE
T1DDC 313:257.728 JLINK_IsHalted()
T1DDC 313:258.112 - 0.384ms returns FALSE
T1DDC 313:258.176 JLINK_IsHalted()
T1DDC 313:258.496 - 0.324ms returns FALSE
T1DDC 313:365.376 JLINK_IsHalted()
T1DDC 313:365.760 - 0.399ms returns FALSE
T1DDC 313:366.368 JLINK_IsHalted()
T1DDC 313:366.720 - 0.338ms returns FALSE
T1DDC 313:474.368 JLINK_IsHalted()
T1DDC 313:474.880 - 0.488ms returns FALSE
T1DDC 313:475.520 JLINK_IsHalted()
T1DDC 313:475.872 - 0.328ms returns FALSE
T1DDC 313:583.424 JLINK_IsHalted()
T1DDC 313:583.904 - 0.460ms returns FALSE
T1DDC 313:584.576 JLINK_IsHalted()
T1DDC 313:584.960 - 0.373ms returns FALSE
T1DDC 313:693.408 JLINK_IsHalted()
T1DDC 313:693.792 - 0.391ms returns FALSE
T1DDC 313:694.496 JLINK_IsHalted()
T1DDC 313:694.880 - 0.384ms returns FALSE
T1DDC 313:802.432 JLINK_IsHalted()
T1DDC 313:802.880 - 0.471ms returns FALSE
T1DDC 313:803.488 JLINK_IsHalted()
T1DDC 313:803.872 - 0.386ms returns FALSE
T4EA8 313:882.688 JLINK_IsHalted()
T4EA8 313:883.200 - 0.540ms returns FALSE
T4EA8 313:883.840 JLINK_IsHalted()
T4EA8 313:884.288 - 0.455ms returns FALSE
T1DDC 313:912.384 JLINK_IsHalted()
T1DDC 313:912.800 - 0.426ms returns FALSE
T1DDC 313:913.408 JLINK_IsHalted()
T1DDC 313:913.728 - 0.330ms returns FALSE
T1DDC 314:021.408 JLINK_IsHalted()
T1DDC 314:021.824 - 0.452ms returns FALSE
T1DDC 314:022.560 JLINK_IsHalted()
T1DDC 314:023.008 - 0.452ms returns FALSE
T1DDC 314:130.464 JLINK_IsHalted()
T1DDC 314:130.944 - 0.484ms returns FALSE
T1DDC 314:131.552 JLINK_IsHalted()
T1DDC 314:131.936 - 0.384ms returns FALSE
T1DDC 314:242.336 JLINK_IsHalted()
T1DDC 314:242.752 - 0.411ms returns FALSE
T1DDC 314:243.392 JLINK_IsHalted()
T1DDC 314:243.712 - 0.331ms returns FALSE
T1DDC 314:349.376 JLINK_IsHalted()
T1DDC 314:349.792 - 0.428ms returns FALSE
T1DDC 314:350.528 JLINK_IsHalted()
T1DDC 314:350.880 - 0.352ms returns FALSE
T1DDC 314:458.496 JLINK_IsHalted()
T1DDC 314:458.944 - 0.443ms returns FALSE
T1DDC 314:459.680 JLINK_IsHalted()
T1DDC 314:460.224 - 0.534ms returns FALSE
T1DDC 314:568.512 JLINK_IsHalted()
T1DDC 314:569.056 - 0.566ms returns FALSE
T1DDC 314:570.048 JLINK_IsHalted()
T1DDC 314:570.560 - 0.501ms returns FALSE
T1DDC 314:677.440 JLINK_IsHalted()
T1DDC 314:677.888 - 0.448ms returns FALSE
T1DDC 314:678.592 JLINK_IsHalted()
T1DDC 314:678.912 - 0.332ms returns FALSE
T1DDC 314:787.488 JLINK_IsHalted()
T1DDC 314:787.936 - 0.479ms returns FALSE
T1DDC 314:788.544 JLINK_IsHalted()
T1DDC 314:788.896 - 0.337ms returns FALSE
T4EA8 314:885.920 JLINK_IsHalted()
T4EA8 314:886.240 - 0.332ms returns FALSE
T4EA8 314:886.848 JLINK_IsHalted()
T4EA8 314:887.232 - 0.345ms returns FALSE
T1DDC 314:896.416 JLINK_IsHalted()
T1DDC 314:896.832 - 0.392ms returns FALSE
T1DDC 314:897.472 JLINK_IsHalted()
T1DDC 314:897.792 - 0.334ms returns FALSE
T1DDC 315:005.376 JLINK_IsHalted()
T1DDC 315:005.856 - 0.469ms returns FALSE
T1DDC 315:006.560 JLINK_IsHalted()
T1DDC 315:006.912 - 0.344ms returns FALSE
T1DDC 315:115.552 JLINK_IsHalted()
T1DDC 315:116.000 - 0.442ms returns FALSE
T1DDC 315:116.800 JLINK_IsHalted()
T1DDC 315:117.248 - 0.439ms returns FALSE
T1DDC 315:226.304 JLINK_IsHalted()
T1DDC 315:226.816 - 0.507ms returns FALSE
T1DDC 315:227.584 JLINK_IsHalted()
T1DDC 315:228.096 - 0.481ms returns FALSE
T1DDC 315:333.408 JLINK_IsHalted()
T1DDC 315:333.792 - 0.388ms returns FALSE
T1DDC 315:334.528 JLINK_IsHalted()
T1DDC 315:334.848 - 0.319ms returns FALSE
T1DDC 315:443.456 JLINK_IsHalted()
T1DDC 315:443.808 - 0.361ms returns FALSE
T1DDC 315:444.576 JLINK_IsHalted()
T1DDC 315:444.928 - 0.346ms returns FALSE
T1DDC 315:552.416 JLINK_IsHalted()
T1DDC 315:552.832 - 0.401ms returns FALSE
T1DDC 315:553.536 JLINK_IsHalted()
T1DDC 315:553.856 - 0.325ms returns FALSE
T1DDC 315:662.496 JLINK_IsHalted()
T1DDC 315:662.912 - 0.413ms returns FALSE
T1DDC 315:663.552 JLINK_IsHalted()
T1DDC 315:663.936 - 0.382ms returns FALSE
T1DDC 315:771.328 JLINK_IsHalted()
T1DDC 315:771.808 - 0.460ms returns FALSE
T1DDC 315:772.544 JLINK_IsHalted()
T1DDC 315:772.896 - 0.349ms returns FALSE
T1DDC 315:880.384 JLINK_IsHalted()
T1DDC 315:880.928 - 0.546ms returns FALSE
T1DDC 315:881.568 JLINK_IsHalted()
T1DDC 315:881.952 - 0.383ms returns FALSE
T4EA8 315:887.680 JLINK_IsHalted()
T4EA8 315:888.064 - 0.379ms returns FALSE
T4EA8 315:888.128 JLINK_IsHalted()
T4EA8 315:888.448 - 0.323ms returns FALSE
T1DDC 315:990.432 JLINK_IsHalted()
T1DDC 315:990.944 - 0.509ms returns FALSE
T1DDC 315:991.616 JLINK_IsHalted()
T1DDC 315:991.936 - 0.331ms returns FALSE
T1DDC 316:099.392 JLINK_IsHalted()
T1DDC 316:100.000 - 0.600ms returns FALSE
T1DDC 316:100.672 JLINK_IsHalted()
T1DDC 316:101.184 - 0.516ms returns FALSE
T1DDC 316:208.448 JLINK_IsHalted()
T1DDC 316:208.992 - 0.557ms returns FALSE
T1DDC 316:209.920 JLINK_IsHalted()
T1DDC 316:210.400 - 0.500ms returns FALSE
T1DDC 316:318.496 JLINK_IsHalted()
T1DDC 316:319.040 - 0.550ms returns FALSE
T1DDC 316:320.128 JLINK_IsHalted()
T1DDC 316:320.736 - 0.596ms returns FALSE
T1DDC 316:427.456 JLINK_IsHalted()
T1DDC 316:427.968 - 0.487ms returns FALSE
T1DDC 316:428.640 JLINK_IsHalted()
T1DDC 316:429.024 - 0.380ms returns FALSE
T1DDC 316:537.440 JLINK_IsHalted()
T1DDC 316:537.824 - 0.381ms returns FALSE
T1DDC 316:538.432 JLINK_IsHalted()
T1DDC 316:538.784 - 0.343ms returns FALSE
T1DDC 316:646.336 JLINK_IsHalted()
T1DDC 316:646.752 - 0.427ms returns FALSE
T1DDC 316:647.712 JLINK_IsHalted()
T1DDC 316:648.352 - 0.643ms returns FALSE
T1DDC 316:755.360 JLINK_IsHalted()
T1DDC 316:755.776 - 0.432ms returns FALSE
T1DDC 316:756.416 JLINK_IsHalted()
T1DDC 316:756.800 - 0.357ms returns FALSE
T1DDC 316:865.344 JLINK_IsHalted()
T1DDC 316:865.760 - 0.407ms returns FALSE
T1DDC 316:866.304 JLINK_IsHalted()
T1DDC 316:866.656 - 0.356ms returns FALSE
T4EA8 316:889.728 JLINK_IsHalted()
T4EA8 316:890.240 - 0.496ms returns FALSE
T4EA8 316:890.304 JLINK_IsHalted()
T4EA8 316:890.688 - 0.380ms returns FALSE
T1DDC 316:974.336 JLINK_IsHalted()
T1DDC 316:974.848 - 0.493ms returns FALSE
T1DDC 316:975.456 JLINK_IsHalted()
T1DDC 316:975.808 - 0.347ms returns FALSE
T1DDC 317:083.328 JLINK_IsHalted()
T1DDC 317:083.776 - 0.429ms returns FALSE
T1DDC 317:084.256 JLINK_IsHalted()
T1DDC 317:084.608 - 0.353ms returns FALSE
T1DDC 317:193.344 JLINK_IsHalted()
T1DDC 317:193.760 - 0.404ms returns FALSE
T1DDC 317:194.304 JLINK_IsHalted()
T1DDC 317:194.624 - 0.325ms returns FALSE
T1DDC 317:302.368 JLINK_IsHalted()
T1DDC 317:302.752 - 0.392ms returns FALSE
T1DDC 317:303.392 JLINK_IsHalted()
T1DDC 317:303.744 - 0.351ms returns FALSE
T1DDC 317:412.384 JLINK_IsHalted()
T1DDC 317:412.832 - 0.458ms returns FALSE
T1DDC 317:413.440 JLINK_IsHalted()
T1DDC 317:413.792 - 0.369ms returns FALSE
T1DDC 317:521.344 JLINK_IsHalted()
T1DDC 317:521.856 - 0.465ms returns FALSE
T1DDC 317:522.464 JLINK_IsHalted()
T1DDC 317:522.816 - 0.350ms returns FALSE
T1DDC 317:630.336 JLINK_IsHalted()
T1DDC 317:630.784 - 0.448ms returns FALSE
T1DDC 317:631.488 JLINK_IsHalted()
T1DDC 317:631.808 - 0.350ms returns FALSE
T1DDC 317:740.416 JLINK_IsHalted()
T1DDC 317:740.864 - 0.434ms returns FALSE
T1DDC 317:741.472 JLINK_IsHalted()
T1DDC 317:741.824 - 0.352ms returns FALSE
T1DDC 317:849.344 JLINK_IsHalted()
T1DDC 317:849.792 - 0.417ms returns FALSE
T1DDC 317:850.432 JLINK_IsHalted()
T1DDC 317:850.848 - 0.426ms returns FALSE
T4EA8 317:891.008 JLINK_IsHalted()
T4EA8 317:891.456 - 0.468ms returns FALSE
T4EA8 317:891.520 JLINK_IsHalted()
T4EA8 317:891.904 - 0.359ms returns FALSE
T1DDC 317:958.368 JLINK_IsHalted()
T1DDC 317:958.848 - 0.483ms returns FALSE
T1DDC 317:959.456 JLINK_IsHalted()
T1DDC 317:959.840 - 0.374ms returns FALSE
T1DDC 318:068.352 JLINK_IsHalted()
T1DDC 318:068.864 - 0.496ms returns FALSE
T1DDC 318:069.600 JLINK_IsHalted()
T1DDC 318:070.080 - 0.496ms returns FALSE
T1DDC 318:177.344 JLINK_IsHalted()
T1DDC 318:177.824 - 0.468ms returns FALSE
T1DDC 318:178.400 JLINK_IsHalted()
T1DDC 318:178.752 - 0.359ms returns FALSE
T1DDC 318:287.360 JLINK_IsHalted()
T1DDC 318:287.840 - 0.500ms returns FALSE
T1DDC 318:288.768 JLINK_IsHalted()
T1DDC 318:289.216 - 0.437ms returns FALSE
T1DDC 318:396.352 JLINK_IsHalted()
T1DDC 318:396.736 - 0.407ms returns FALSE
T1DDC 318:397.280 JLINK_IsHalted()
T1DDC 318:397.632 - 0.348ms returns FALSE
T1DDC 318:505.376 JLINK_IsHalted()
T1DDC 318:505.792 - 0.455ms returns FALSE
T1DDC 318:506.432 JLINK_IsHalted()
T1DDC 318:506.880 - 0.416ms returns FALSE
T1DDC 318:615.360 JLINK_IsHalted()
T1DDC 318:615.776 - 0.422ms returns FALSE
T1DDC 318:616.416 JLINK_IsHalted()
T1DDC 318:616.768 - 0.345ms returns FALSE
T1DDC 318:724.352 JLINK_IsHalted()
T1DDC 318:724.800 - 0.425ms returns FALSE
T1DDC 318:725.408 JLINK_IsHalted()
T1DDC 318:725.760 - 0.357ms returns FALSE
T1DDC 318:833.408 JLINK_IsHalted()
T1DDC 318:833.824 - 0.412ms returns FALSE
T1DDC 318:834.432 JLINK_IsHalted()
T1DDC 318:834.784 - 0.364ms returns FALSE
T4EA8 318:891.680 JLINK_IsHalted()
T4EA8 318:892.192 - 0.509ms returns FALSE
T4EA8 318:892.256 JLINK_IsHalted()
T4EA8 318:892.608 - 0.347ms returns FALSE
T1DDC 318:943.424 JLINK_IsHalted()
T1DDC 318:943.840 - 0.416ms returns FALSE
T1DDC 318:944.416 JLINK_IsHalted()
T1DDC 318:944.800 - 0.372ms returns FALSE
T1DDC 319:052.352 JLINK_IsHalted()
T1DDC 319:052.800 - 0.429ms returns FALSE
T1DDC 319:053.408 JLINK_IsHalted()
T1DDC 319:053.760 - 0.358ms returns FALSE
T1DDC 319:162.336 JLINK_IsHalted()
T1DDC 319:162.816 - 0.468ms returns FALSE
T1DDC 319:163.392 JLINK_IsHalted()
T1DDC 319:163.744 - 0.358ms returns FALSE
T1DDC 319:271.360 JLINK_IsHalted()
T1DDC 319:271.808 - 0.428ms returns FALSE
T1DDC 319:272.384 JLINK_IsHalted()
T1DDC 319:272.736 - 0.341ms returns FALSE
T1DDC 319:380.352 JLINK_IsHalted()
T1DDC 319:380.800 - 0.447ms returns FALSE
T1DDC 319:381.440 JLINK_IsHalted()
T1DDC 319:381.824 - 0.374ms returns FALSE
T1DDC 319:490.560 JLINK_IsHalted()
T1DDC 319:491.008 - 0.454ms returns FALSE
T1DDC 319:491.712 JLINK_IsHalted()
T1DDC 319:492.224 - 0.508ms returns FALSE
T1DDC 319:599.360 JLINK_IsHalted()
T1DDC 319:599.776 - 0.420ms returns FALSE
T1DDC 319:600.448 JLINK_IsHalted()
T1DDC 319:600.832 - 0.382ms returns FALSE
T1DDC 319:708.384 JLINK_IsHalted()
T1DDC 319:708.832 - 0.440ms returns FALSE
T1DDC 319:709.408 JLINK_IsHalted()
T1DDC 319:709.824 - 0.388ms returns FALSE
T1DDC 319:818.368 JLINK_IsHalted()
T1DDC 319:818.816 - 0.442ms returns FALSE
T1DDC 319:819.392 JLINK_IsHalted()
T1DDC 319:819.744 - 0.360ms returns FALSE
T4EA8 319:893.600 JLINK_IsHalted()
T4EA8 319:894.016 - 0.410ms returns FALSE
T4EA8 319:894.080 JLINK_IsHalted()
T4EA8 319:894.400 - 0.322ms returns FALSE
T1DDC 319:927.360 JLINK_IsHalted()
T1DDC 319:927.776 - 0.423ms returns FALSE
T1DDC 319:928.416 JLINK_IsHalted()
T1DDC 319:928.768 - 0.351ms returns FALSE
T1DDC 320:037.312 JLINK_IsHalted()
T1DDC 320:037.760 - 0.429ms returns FALSE
T1DDC 320:038.336 JLINK_IsHalted()
T1DDC 320:038.720 - 0.377ms returns FALSE
T1DDC 320:146.336 JLINK_IsHalted()
T1DDC 320:146.752 - 0.434ms returns FALSE
T1DDC 320:147.424 JLINK_IsHalted()
T1DDC 320:147.808 - 0.380ms returns FALSE
T1DDC 320:255.328 JLINK_IsHalted()
T1DDC 320:255.776 - 0.431ms returns FALSE
T1DDC 320:256.416 JLINK_IsHalted()
T1DDC 320:256.800 - 0.370ms returns FALSE
T1DDC 320:365.472 JLINK_IsHalted()
T1DDC 320:365.856 - 0.391ms returns FALSE
T1DDC 320:366.432 JLINK_IsHalted()
T1DDC 320:366.784 - 0.365ms returns FALSE
T1DDC 320:474.400 JLINK_IsHalted()
T1DDC 320:474.816 - 0.429ms returns FALSE
T1DDC 320:475.456 JLINK_IsHalted()
T1DDC 320:475.840 - 0.377ms returns FALSE
T1DDC 320:583.360 JLINK_IsHalted()
T1DDC 320:583.808 - 0.451ms returns FALSE
T1DDC 320:584.384 JLINK_IsHalted()
T1DDC 320:584.736 - 0.352ms returns FALSE
T1DDC 320:693.376 JLINK_IsHalted()
T1DDC 320:693.824 - 0.445ms returns FALSE
T1DDC 320:694.400 JLINK_IsHalted()
T1DDC 320:694.816 - 0.389ms returns FALSE
T1DDC 320:802.368 JLINK_IsHalted()
T1DDC 320:802.816 - 0.441ms returns FALSE
T1DDC 320:803.392 JLINK_IsHalted()
T1DDC 320:803.776 - 0.349ms returns FALSE
T4EA8 320:895.808 JLINK_IsHalted()
T4EA8 320:896.224 - 0.440ms returns FALSE
T4EA8 320:896.320 JLINK_IsHalted()
T4EA8 320:896.672 - 0.356ms returns FALSE
T1DDC 320:912.384 JLINK_IsHalted()
T1DDC 320:912.864 - 0.473ms returns FALSE
T1DDC 320:913.472 JLINK_IsHalted()
T1DDC 320:913.856 - 0.382ms returns FALSE
T1DDC 321:023.296 JLINK_IsHalted()
T1DDC 321:023.744 - 0.415ms returns FALSE
T1DDC 321:024.320 JLINK_IsHalted()
T1DDC 321:024.736 - 0.422ms returns FALSE
T1DDC 321:130.336 JLINK_IsHalted()
T1DDC 321:130.784 - 0.445ms returns FALSE
T1DDC 321:131.424 JLINK_IsHalted()
T1DDC 321:131.808 - 0.370ms returns FALSE
T1DDC 321:240.384 JLINK_IsHalted()
T1DDC 321:240.832 - 0.464ms returns FALSE
T1DDC 321:241.472 JLINK_IsHalted()
T1DDC 321:241.824 - 0.359ms returns FALSE
T1DDC 321:349.376 JLINK_IsHalted()
T1DDC 321:349.824 - 0.447ms returns FALSE
T1DDC 321:350.464 JLINK_IsHalted()
T1DDC 321:350.816 - 0.364ms returns FALSE
T1DDC 321:458.368 JLINK_IsHalted()
T1DDC 321:458.880 - 0.511ms returns FALSE
T1DDC 321:459.552 JLINK_IsHalted()
T1DDC 321:459.936 - 0.376ms returns FALSE
T1DDC 321:568.352 JLINK_IsHalted()
T1DDC 321:568.832 - 0.459ms returns FALSE
T1DDC 321:569.408 JLINK_IsHalted()
T1DDC 321:569.792 - 0.382ms returns FALSE
T1DDC 321:677.376 JLINK_IsHalted()
T1DDC 321:677.792 - 0.435ms returns FALSE
T1DDC 321:678.464 JLINK_IsHalted()
T1DDC 321:678.880 - 0.400ms returns FALSE
T1DDC 321:787.520 JLINK_IsHalted()
T1DDC 321:787.936 - 0.399ms returns FALSE
T1DDC 321:788.544 JLINK_IsHalted()
T1DDC 321:788.928 - 0.360ms returns FALSE
T1DDC 321:896.352 JLINK_IsHalted()
T1DDC 321:896.800 - 0.459ms returns FALSE
T1DDC 321:897.440 JLINK_IsHalted()
T1DDC 321:897.824 - 0.372ms returns FALSE
T4EA8 321:898.432 JLINK_IsHalted()
T4EA8 321:898.816 - 0.383ms returns FALSE
T4EA8 321:898.848 JLINK_IsHalted()
T4EA8 321:899.200 - 0.329ms returns FALSE
T1DDC 322:005.344 JLINK_IsHalted()
T1DDC 322:005.824 - 0.457ms returns FALSE
T1DDC 322:006.496 JLINK_IsHalted()
T1DDC 322:006.880 - 0.380ms returns FALSE
T1DDC 322:115.392 JLINK_IsHalted()
T1DDC 322:115.872 - 0.450ms returns FALSE
T1DDC 322:116.608 JLINK_IsHalted()
T1DDC 322:116.992 - 0.399ms returns FALSE
T1DDC 322:224.352 JLINK_IsHalted()
T1DDC 322:224.832 - 0.470ms returns FALSE
T1DDC 322:225.472 JLINK_IsHalted()
T1DDC 322:225.856 - 0.390ms returns FALSE
T1DDC 322:333.376 JLINK_IsHalted()
T1DDC 322:333.824 - 0.458ms returns FALSE
T1DDC 322:334.400 JLINK_IsHalted()
T1DDC 322:334.848 - 0.428ms returns FALSE
T1DDC 322:443.392 JLINK_IsHalted()
T1DDC 322:443.936 - 0.549ms returns FALSE
T1DDC 322:444.576 JLINK_IsHalted()
T1DDC 322:444.960 - 0.382ms returns FALSE
T1DDC 322:552.384 JLINK_IsHalted()
T1DDC 322:552.800 - 0.434ms returns FALSE
T1DDC 322:553.376 JLINK_IsHalted()
T1DDC 322:553.696 - 0.348ms returns FALSE
T1DDC 322:662.368 JLINK_IsHalted()
T1DDC 322:662.816 - 0.436ms returns FALSE
T1DDC 322:663.360 JLINK_IsHalted()
T1DDC 322:663.712 - 0.341ms returns FALSE
T1DDC 322:771.392 JLINK_IsHalted()
T1DDC 322:771.840 - 0.430ms returns FALSE
T1DDC 322:772.448 JLINK_IsHalted()
T1DDC 322:772.800 - 0.344ms returns FALSE
T1DDC 322:880.384 JLINK_IsHalted()
T1DDC 322:880.832 - 0.436ms returns FALSE
T1DDC 322:881.408 JLINK_IsHalted()
T1DDC 322:881.760 - 0.370ms returns FALSE
T4EA8 322:899.616 JLINK_IsHalted()
T4EA8 322:900.032 - 0.423ms returns FALSE
T4EA8 322:900.096 JLINK_IsHalted()
T4EA8 322:900.416 - 0.332ms returns FALSE
T1DDC 322:990.400 JLINK_IsHalted()
T1DDC 322:990.784 - 0.421ms returns FALSE
T1DDC 322:991.424 JLINK_IsHalted()
T1DDC 322:991.808 - 0.375ms returns FALSE
T1DDC 323:099.488 JLINK_IsHalted()
T1DDC 323:100.096 - 0.609ms returns FALSE
T1DDC 323:100.768 JLINK_IsHalted()
T1DDC 323:101.216 - 0.440ms returns FALSE
T1DDC 323:208.608 JLINK_IsHalted()
T1DDC 323:209.088 - 0.471ms returns FALSE
T1DDC 323:209.664 JLINK_IsHalted()
T1DDC 323:210.048 - 0.358ms returns FALSE
T1DDC 323:318.368 JLINK_IsHalted()
T1DDC 323:318.784 - 0.417ms returns FALSE
T1DDC 323:319.360 JLINK_IsHalted()
T1DDC 323:319.744 - 0.357ms returns FALSE
T1DDC 323:427.392 JLINK_IsHalted()
T1DDC 323:427.808 - 0.413ms returns FALSE
T1DDC 323:428.416 JLINK_IsHalted()
T1DDC 323:428.800 - 0.365ms returns FALSE
T1DDC 323:537.344 JLINK_IsHalted()
T1DDC 323:537.760 - 0.416ms returns FALSE
T1DDC 323:538.400 JLINK_IsHalted()
T1DDC 323:538.784 - 0.381ms returns FALSE
T1DDC 323:646.400 JLINK_IsHalted()
T1DDC 323:646.816 - 0.419ms returns FALSE
T1DDC 323:647.520 JLINK_IsHalted()
T1DDC 323:647.872 - 0.355ms returns FALSE
T1DDC 323:755.360 JLINK_IsHalted()
T1DDC 323:755.744 - 0.405ms returns FALSE
T1DDC 323:756.480 JLINK_IsHalted()
T1DDC 323:756.864 - 0.414ms returns FALSE
T1DDC 323:865.344 JLINK_IsHalted()
T1DDC 323:865.760 - 0.413ms returns FALSE
T1DDC 323:866.400 JLINK_IsHalted()
T1DDC 323:866.784 - 0.399ms returns FALSE
T4EA8 323:901.632 JLINK_IsHalted()
T4EA8 323:902.048 - 0.413ms returns FALSE
T4EA8 323:902.112 JLINK_IsHalted()
T4EA8 323:902.432 - 0.328ms returns FALSE
T1DDC 323:974.368 JLINK_IsHalted()
T1DDC 323:974.848 - 0.484ms returns FALSE
T1DDC 323:975.488 JLINK_IsHalted()
T1DDC 323:975.840 - 0.337ms returns FALSE
T1DDC 324:083.360 JLINK_IsHalted()
T1DDC 324:083.776 - 0.447ms returns FALSE
T1DDC 324:084.544 JLINK_IsHalted()
T1DDC 324:084.928 - 0.386ms returns FALSE
T1DDC 324:193.344 JLINK_IsHalted()
T1DDC 324:193.888 - 0.526ms returns FALSE
T1DDC 324:194.528 JLINK_IsHalted()
T1DDC 324:194.912 - 0.385ms returns FALSE
T1DDC 324:302.400 JLINK_IsHalted()
T1DDC 324:302.848 - 0.469ms returns FALSE
T1DDC 324:303.424 JLINK_IsHalted()
T1DDC 324:303.808 - 0.360ms returns FALSE
T1DDC 324:412.352 JLINK_IsHalted()
T1DDC 324:412.832 - 0.467ms returns FALSE
T1DDC 324:413.440 JLINK_IsHalted()
T1DDC 324:413.824 - 0.390ms returns FALSE
T1DDC 324:521.376 JLINK_IsHalted()
T1DDC 324:521.792 - 0.437ms returns FALSE
T1DDC 324:522.400 JLINK_IsHalted()
T1DDC 324:522.752 - 0.353ms returns FALSE
T1DDC 324:630.368 JLINK_IsHalted()
T1DDC 324:630.784 - 0.414ms returns FALSE
T1DDC 324:631.360 JLINK_IsHalted()
T1DDC 324:631.744 - 0.371ms returns FALSE
T1DDC 324:742.144 JLINK_IsHalted()
T1DDC 324:742.592 - 0.437ms returns FALSE
T1DDC 324:743.200 JLINK_IsHalted()
T1DDC 324:743.520 - 0.345ms returns FALSE
T1DDC 324:849.344 JLINK_IsHalted()
T1DDC 324:849.760 - 0.432ms returns FALSE
T1DDC 324:850.496 JLINK_IsHalted()
T1DDC 324:850.880 - 0.383ms returns FALSE
T4EA8 324:903.616 JLINK_IsHalted()
T4EA8 324:904.096 - 0.469ms returns FALSE
T4EA8 324:904.128 JLINK_IsHalted()
T4EA8 324:904.512 - 0.378ms returns FALSE
T1DDC 324:958.368 JLINK_IsHalted()
T1DDC 324:958.880 - 0.498ms returns FALSE
T1DDC 324:959.424 JLINK_IsHalted()
T1DDC 324:959.776 - 0.344ms returns FALSE
T1DDC 325:068.352 JLINK_IsHalted()
T1DDC 325:068.864 - 0.476ms returns FALSE
T1DDC 325:068.896 JLINK_IsHalted()
T1DDC 325:069.248 - 0.379ms returns FALSE
T1DDC 325:177.344 JLINK_IsHalted()
T1DDC 325:177.760 - 0.398ms returns FALSE
T1DDC 325:177.792 JLINK_IsHalted()
T1DDC 325:178.176 - 0.369ms returns FALSE
T1DDC 325:287.360 JLINK_IsHalted()
T1DDC 325:287.744 - 0.399ms returns FALSE
T1DDC 325:287.808 JLINK_IsHalted()
T1DDC 325:288.128 - 0.337ms returns FALSE
T1DDC 325:396.352 JLINK_IsHalted()
T1DDC 325:396.768 - 0.411ms returns FALSE
T1DDC 325:396.800 JLINK_IsHalted()
T1DDC 325:397.184 - 0.350ms returns FALSE
T1DDC 325:505.344 JLINK_IsHalted()
T1DDC 325:505.760 - 0.403ms returns FALSE
T1DDC 325:505.824 JLINK_IsHalted()
T1DDC 325:506.144 - 0.352ms returns FALSE
T1DDC 325:615.328 JLINK_IsHalted()
T1DDC 325:615.808 - 0.437ms returns FALSE
T1DDC 325:615.808 JLINK_IsHalted()
T1DDC 325:616.160 - 0.328ms returns FALSE
T1DDC 325:724.352 JLINK_IsHalted()
T1DDC 325:724.768 - 0.410ms returns FALSE
T1DDC 325:724.832 JLINK_IsHalted()
T1DDC 325:725.152 - 0.344ms returns FALSE
T1DDC 325:833.376 JLINK_IsHalted()
T1DDC 325:833.792 - 0.425ms returns FALSE
T1DDC 325:833.824 JLINK_IsHalted()
T1DDC 325:834.176 - 0.325ms returns FALSE
T4EA8 325:904.608 JLINK_IsHalted()
T4EA8 325:905.024 - 0.419ms returns FALSE
T4EA8 325:905.088 JLINK_IsHalted()
T4EA8 325:905.408 - 0.344ms returns FALSE
T1DDC 325:943.360 JLINK_IsHalted()
T1DDC 325:943.808 - 0.441ms returns FALSE
T1DDC 325:943.872 JLINK_IsHalted()
T1DDC 325:944.192 - 0.332ms returns FALSE
T1DDC 326:052.384 JLINK_IsHalted()
T1DDC 326:052.864 - 0.474ms returns FALSE
T1DDC 326:052.928 JLINK_IsHalted()
T1DDC 326:053.312 - 0.378ms returns FALSE
T1DDC 326:162.368 JLINK_IsHalted()
T1DDC 326:162.784 - 0.425ms returns FALSE
T1DDC 326:162.848 JLINK_IsHalted()
T1DDC 326:163.136 - 0.323ms returns FALSE
T1DDC 326:271.360 JLINK_IsHalted()
T1DDC 326:271.808 - 0.431ms returns FALSE
T1DDC 326:271.840 JLINK_IsHalted()
T1DDC 326:272.192 - 0.336ms returns FALSE
T1DDC 326:381.440 JLINK_IsHalted()
T1DDC 326:381.888 - 0.461ms returns FALSE
T1DDC 326:381.984 JLINK_IsHalted()
T1DDC 326:382.336 - 0.370ms returns FALSE
T1DDC 326:490.464 JLINK_IsHalted()
T1DDC 326:491.040 - 0.564ms returns FALSE
T1DDC 326:491.136 JLINK_IsHalted()
T1DDC 326:491.584 - 0.461ms returns FALSE
T1DDC 326:599.936 JLINK_IsHalted()
T1DDC 326:600.384 - 0.462ms returns FALSE
T1DDC 326:600.448 JLINK_IsHalted()
T1DDC 326:600.832 - 0.374ms returns FALSE
T1DDC 326:708.544 JLINK_IsHalted()
T1DDC 326:708.992 - 0.425ms returns FALSE
T1DDC 326:709.056 JLINK_IsHalted()
T1DDC 326:709.376 - 0.330ms returns FALSE
T1DDC 326:818.560 JLINK_IsHalted()
T1DDC 326:818.944 - 0.399ms returns FALSE
T1DDC 326:819.008 JLINK_IsHalted()
T1DDC 326:819.328 - 0.323ms returns FALSE
T4EA8 326:905.824 JLINK_IsHalted()
T4EA8 326:906.240 - 0.409ms returns FALSE
T4EA8 326:906.304 JLINK_IsHalted()
T4EA8 326:906.688 - 0.371ms returns FALSE
T1DDC 326:927.584 JLINK_IsHalted()
T1DDC 326:928.032 - 0.447ms returns FALSE
T1DDC 326:928.096 JLINK_IsHalted()
T1DDC 326:928.448 - 0.354ms returns FALSE
T1DDC 327:037.376 JLINK_IsHalted()
T1DDC 327:037.824 - 0.480ms returns FALSE
T1DDC 327:037.888 JLINK_IsHalted()
T1DDC 327:038.336 - 0.436ms returns FALSE
T1DDC 327:146.208 JLINK_IsHalted()
T1DDC 327:146.624 - 0.412ms returns FALSE
T1DDC 327:146.688 JLINK_IsHalted()
T1DDC 327:147.008 - 0.333ms returns FALSE
T1DDC 327:255.904 JLINK_IsHalted()
T1DDC 327:256.288 - 0.385ms returns FALSE
T1DDC 327:256.352 JLINK_IsHalted()
T1DDC 327:256.672 - 0.343ms returns FALSE
T1DDC 327:364.608 JLINK_IsHalted()
T1DDC 327:365.056 - 0.447ms returns FALSE
T1DDC 327:365.120 JLINK_IsHalted()
T1DDC 327:365.440 - 0.328ms returns FALSE
T1DDC 327:474.176 JLINK_IsHalted()
T1DDC 327:474.592 - 0.404ms returns FALSE
T1DDC 327:474.624 JLINK_IsHalted()
T1DDC 327:474.976 - 0.331ms returns FALSE
T1DDC 327:583.840 JLINK_IsHalted()
T1DDC 327:584.288 - 0.429ms returns FALSE
T1DDC 327:584.320 JLINK_IsHalted()
T1DDC 327:584.672 - 0.329ms returns FALSE
T1DDC 327:692.864 JLINK_IsHalted()
T1DDC 327:693.344 - 0.465ms returns FALSE
T1DDC 327:693.376 JLINK_IsHalted()
T1DDC 327:693.728 - 0.327ms returns FALSE
T1DDC 327:803.936 JLINK_IsHalted()
T1DDC 327:804.384 - 0.461ms returns FALSE
T1DDC 327:804.448 JLINK_IsHalted()
T1DDC 327:804.768 - 0.346ms returns FALSE
T4EA8 327:907.136 JLINK_IsHalted()
T4EA8 327:907.552 - 0.427ms returns FALSE
T4EA8 327:907.648 JLINK_IsHalted()
T4EA8 327:908.000 - 0.355ms returns FALSE
T1DDC 327:911.872 JLINK_IsHalted()
T1DDC 327:912.256 - 0.411ms returns FALSE
T1DDC 327:912.320 JLINK_IsHalted()
T1DDC 327:912.672 - 0.349ms returns FALSE
T1DDC 328:020.832 JLINK_IsHalted()
T1DDC 328:021.280 - 0.427ms returns FALSE
T1DDC 328:021.312 JLINK_IsHalted()
T1DDC 328:021.696 - 0.348ms returns FALSE
T1DDC 328:130.880 JLINK_IsHalted()
T1DDC 328:131.296 - 0.425ms returns FALSE
T1DDC 328:131.360 JLINK_IsHalted()
T1DDC 328:131.776 - 0.397ms returns FALSE
T1DDC 328:239.840 JLINK_IsHalted()
T1DDC 328:240.320 - 0.505ms returns FALSE
T1DDC 328:240.416 JLINK_IsHalted()
T1DDC 328:240.768 - 0.372ms returns FALSE
T1DDC 328:349.920 JLINK_IsHalted()
T1DDC 328:350.368 - 0.433ms returns FALSE
T1DDC 328:350.400 JLINK_IsHalted()
T1DDC 328:350.816 - 0.415ms returns FALSE
T1DDC 328:458.944 JLINK_IsHalted()
T1DDC 328:459.488 - 0.583ms returns FALSE
T1DDC 328:459.584 JLINK_IsHalted()
T1DDC 328:459.968 - 0.394ms returns FALSE
T1DDC 328:567.872 JLINK_IsHalted()
T1DDC 328:568.384 - 0.523ms returns FALSE
T1DDC 328:568.448 JLINK_IsHalted()
T1DDC 328:568.832 - 0.387ms returns FALSE
T1DDC 328:677.856 JLINK_IsHalted()
T1DDC 328:678.272 - 0.390ms returns FALSE
T1DDC 328:678.336 JLINK_IsHalted()
T1DDC 328:678.656 - 0.326ms returns FALSE
T1DDC 328:786.880 JLINK_IsHalted()
T1DDC 328:787.328 - 0.444ms returns FALSE
T1DDC 328:787.392 JLINK_IsHalted()
T1DDC 328:787.712 - 0.326ms returns FALSE
T1DDC 328:895.872 JLINK_IsHalted()
T1DDC 328:896.320 - 0.436ms returns FALSE
T1DDC 328:896.352 JLINK_IsHalted()
T1DDC 328:896.672 - 0.314ms returns FALSE
T4EA8 328:909.152 JLINK_IsHalted()
T4EA8 328:909.568 - 0.419ms returns FALSE
T4EA8 328:909.632 JLINK_IsHalted()
T4EA8 328:910.016 - 0.377ms returns FALSE
T1DDC 329:005.856 JLINK_IsHalted()
T1DDC 329:006.272 - 0.396ms returns FALSE
T1DDC 329:006.272 JLINK_IsHalted()
T1DDC 329:006.592 - 0.298ms returns FALSE
T1DDC 329:115.008 JLINK_IsHalted()
T1DDC 329:115.520 - 0.492ms returns FALSE
T1DDC 329:115.584 JLINK_IsHalted()
T1DDC 329:115.840 - 0.282ms returns FALSE
T1DDC 329:224.896 JLINK_IsHalted()
T1DDC 329:225.408 - 0.504ms returns FALSE
T1DDC 329:225.504 JLINK_IsHalted()
T1DDC 329:225.888 - 0.380ms returns FALSE
T1DDC 329:333.824 JLINK_IsHalted()
T1DDC 329:334.240 - 0.419ms returns FALSE
T1DDC 329:334.272 JLINK_IsHalted()
T1DDC 329:334.592 - 0.347ms returns FALSE
T1DDC 329:442.944 JLINK_IsHalted()
T1DDC 329:443.456 - 0.517ms returns FALSE
T1DDC 329:443.520 JLINK_IsHalted()
T1DDC 329:443.840 - 0.349ms returns FALSE
T1DDC 329:552.832 JLINK_IsHalted()
T1DDC 329:553.344 - 0.466ms returns FALSE
T1DDC 329:553.344 JLINK_IsHalted()
T1DDC 329:553.664 - 0.311ms returns FALSE
T1DDC 329:661.888 JLINK_IsHalted()
T1DDC 329:662.400 - 0.500ms returns FALSE
T1DDC 329:662.464 JLINK_IsHalted()
T1DDC 329:662.912 - 0.422ms returns FALSE
T1DDC 329:770.944 JLINK_IsHalted()
T1DDC 329:771.424 - 0.462ms returns FALSE
T1DDC 329:771.456 JLINK_IsHalted()
T1DDC 329:771.840 - 0.405ms returns FALSE
T1DDC 329:880.864 JLINK_IsHalted()
T1DDC 329:881.312 - 0.454ms returns FALSE
T1DDC 329:881.376 JLINK_IsHalted()
T1DDC 329:881.664 - 0.309ms returns FALSE
T4EA8 329:910.688 JLINK_IsHalted()
T4EA8 329:911.104 - 0.401ms returns FALSE
T4EA8 329:911.136 JLINK_IsHalted()
T4EA8 329:911.488 - 0.331ms returns FALSE
T1DDC 329:989.888 JLINK_IsHalted()
T1DDC 329:990.336 - 0.430ms returns FALSE
T1DDC 329:990.368 JLINK_IsHalted()
T1DDC 329:990.720 - 0.344ms returns FALSE
T1DDC 330:099.968 JLINK_IsHalted()
T1DDC 330:100.544 - 0.550ms returns FALSE
T1DDC 330:100.576 JLINK_IsHalted()
T1DDC 330:101.024 - 0.442ms returns FALSE
T1DDC 330:208.896 JLINK_IsHalted()
T1DDC 330:209.344 - 0.449ms returns FALSE
T1DDC 330:209.376 JLINK_IsHalted()
T1DDC 330:209.856 - 0.450ms returns FALSE
T1DDC 330:317.888 JLINK_IsHalted()
T1DDC 330:318.400 - 0.523ms returns FALSE
T1DDC 330:318.464 JLINK_IsHalted()
T1DDC 330:318.880 - 0.399ms returns FALSE
T1DDC 330:427.840 JLINK_IsHalted()
T1DDC 330:428.416 - 0.549ms returns FALSE
T1DDC 330:428.480 JLINK_IsHalted()
T1DDC 330:428.864 - 0.388ms returns FALSE
T1DDC 330:536.832 JLINK_IsHalted()
T1DDC 330:537.248 - 0.424ms returns FALSE
T1DDC 330:537.280 JLINK_IsHalted()
T1DDC 330:537.632 - 0.348ms returns FALSE
T1DDC 330:645.856 JLINK_IsHalted()
T1DDC 330:646.336 - 0.466ms returns FALSE
T1DDC 330:646.336 JLINK_IsHalted()
T1DDC 330:646.688 - 0.321ms returns FALSE
T1DDC 330:755.808 JLINK_IsHalted()
T1DDC 330:756.224 - 0.407ms returns FALSE
T1DDC 330:756.288 JLINK_IsHalted()
T1DDC 330:756.608 - 0.341ms returns FALSE
T1DDC 330:864.832 JLINK_IsHalted()
T1DDC 330:865.280 - 0.438ms returns FALSE
T1DDC 330:865.344 JLINK_IsHalted()
T1DDC 330:865.696 - 0.340ms returns FALSE
T4EA8 330:912.160 JLINK_IsHalted()
T4EA8 330:912.576 - 0.433ms returns FALSE
T4EA8 330:912.640 JLINK_IsHalted()
T4EA8 330:912.992 - 0.352ms returns FALSE
T1DDC 330:974.848 JLINK_IsHalted()
T1DDC 330:975.296 - 0.419ms returns FALSE
T1DDC 330:975.328 JLINK_IsHalted()
T1DDC 330:975.680 - 0.330ms returns FALSE
T1DDC 331:083.840 JLINK_IsHalted()
T1DDC 331:084.256 - 0.428ms returns FALSE
T1DDC 331:084.352 JLINK_IsHalted()
T1DDC 331:084.672 - 0.338ms returns FALSE
T1DDC 331:192.864 JLINK_IsHalted()
T1DDC 331:193.280 - 0.423ms returns FALSE
T1DDC 331:193.312 JLINK_IsHalted()
T1DDC 331:193.664 - 0.324ms returns FALSE
T1DDC 331:302.848 JLINK_IsHalted()
T1DDC 331:303.232 - 0.415ms returns FALSE
T1DDC 331:303.296 JLINK_IsHalted()
T1DDC 331:303.616 - 0.321ms returns FALSE
T1DDC 331:413.056 JLINK_IsHalted()
T1DDC 331:413.568 - 0.483ms returns FALSE
T1DDC 331:413.632 JLINK_IsHalted()
T1DDC 331:413.952 - 0.341ms returns FALSE
T1DDC 331:520.832 JLINK_IsHalted()
T1DDC 331:521.248 - 0.421ms returns FALSE
T1DDC 331:521.344 JLINK_IsHalted()
T1DDC 331:521.664 - 0.334ms returns FALSE
T1DDC 331:630.848 JLINK_IsHalted()
T1DDC 331:631.296 - 0.433ms returns FALSE
T1DDC 331:631.328 JLINK_IsHalted()
T1DDC 331:631.680 - 0.339ms returns FALSE
T1DDC 331:739.840 JLINK_IsHalted()
T1DDC 331:740.352 - 0.481ms returns FALSE
T1DDC 331:740.384 JLINK_IsHalted()
T1DDC 331:740.768 - 0.371ms returns FALSE
T1DDC 331:849.920 JLINK_IsHalted()
T1DDC 331:850.368 - 0.449ms returns FALSE
T1DDC 331:850.432 JLINK_IsHalted()
T1DDC 331:850.816 - 0.411ms returns FALSE
T4EA8 331:913.600 JLINK_IsHalted()
T4EA8 331:914.048 - 0.457ms returns FALSE
T4EA8 331:914.144 JLINK_IsHalted()
T4EA8 331:914.496 - 0.371ms returns FALSE
T1DDC 331:958.912 JLINK_IsHalted()
T1DDC 331:959.616 - 0.713ms returns FALSE
T1DDC 331:959.712 JLINK_IsHalted()
T1DDC 331:960.224 - 0.510ms returns FALSE
T1DDC 332:067.840 JLINK_IsHalted()
T1DDC 332:068.288 - 0.432ms returns FALSE
T1DDC 332:068.320 JLINK_IsHalted()
T1DDC 332:068.672 - 0.333ms returns FALSE
T1DDC 332:177.856 JLINK_IsHalted()
T1DDC 332:178.240 - 0.409ms returns FALSE
T1DDC 332:178.336 JLINK_IsHalted()
T1DDC 332:178.656 - 0.341ms returns FALSE
T1DDC 332:286.848 JLINK_IsHalted()
T1DDC 332:287.264 - 0.392ms returns FALSE
T1DDC 332:287.296 JLINK_IsHalted()
T1DDC 332:287.616 - 0.341ms returns FALSE
T1DDC 332:395.872 JLINK_IsHalted()
T1DDC 332:396.320 - 0.437ms returns FALSE
T1DDC 332:396.352 JLINK_IsHalted()
T1DDC 332:396.672 - 0.313ms returns FALSE
T1DDC 332:505.824 JLINK_IsHalted()
T1DDC 332:506.208 - 0.380ms returns FALSE
T1DDC 332:506.240 JLINK_IsHalted()
T1DDC 332:506.560 - 0.299ms returns FALSE
T1DDC 332:614.848 JLINK_IsHalted()
T1DDC 332:615.232 - 0.378ms returns FALSE
T1DDC 332:615.264 JLINK_IsHalted()
T1DDC 332:615.552 - 0.302ms returns FALSE
T1DDC 332:724.832 JLINK_IsHalted()
T1DDC 332:725.216 - 0.382ms returns FALSE
T1DDC 332:725.280 JLINK_IsHalted()
T1DDC 332:725.600 - 0.331ms returns FALSE
T1DDC 332:834.816 JLINK_IsHalted()
T1DDC 332:835.264 - 0.410ms returns FALSE
T1DDC 332:835.296 JLINK_IsHalted()
T1DDC 332:835.648 - 0.317ms returns FALSE
T4EA8 332:916.064 JLINK_IsHalted()
T4EA8 332:916.448 - 0.390ms returns FALSE
T4EA8 332:916.544 JLINK_IsHalted()
T4EA8 332:916.864 - 0.328ms returns FALSE
T1DDC 332:942.880 JLINK_IsHalted()
T1DDC 332:943.296 - 0.419ms returns FALSE
T1DDC 332:943.328 JLINK_IsHalted()
T1DDC 332:943.648 - 0.312ms returns FALSE
T1DDC 333:052.832 JLINK_IsHalted()
T1DDC 333:053.248 - 0.411ms returns FALSE
T1DDC 333:053.280 JLINK_IsHalted()
T1DDC 333:053.600 - 0.317ms returns FALSE
T1DDC 333:161.824 JLINK_IsHalted()
T1DDC 333:162.304 - 0.477ms returns FALSE
T1DDC 333:162.368 JLINK_IsHalted()
T1DDC 333:162.688 - 0.329ms returns FALSE
T1DDC 333:270.848 JLINK_IsHalted()
T1DDC 333:271.328 - 0.460ms returns FALSE
T1DDC 333:271.360 JLINK_IsHalted()
T1DDC 333:271.744 - 0.346ms returns FALSE
T1DDC 333:380.832 JLINK_IsHalted()
T1DDC 333:381.312 - 0.476ms returns FALSE
T1DDC 333:381.376 JLINK_IsHalted()
T1DDC 333:381.696 - 0.325ms returns FALSE
T1DDC 333:491.136 JLINK_IsHalted()
T1DDC 333:491.616 - 0.451ms returns FALSE
T1DDC 333:491.680 JLINK_IsHalted()
T1DDC 333:492.064 - 0.379ms returns FALSE
T1DDC 333:599.904 JLINK_IsHalted()
T1DDC 334:499.776 - 899.883ms returns ERROR
T1DDC 337:799.904 JLINK_IsHalted()
T1DDC 338:899.584 - 1099.685ms returns ERROR
T4EA8 338:900.768 JLINK_IsHalted()
T4EA8 338:902.592 - 1.843ms returns FALSE
T4EA8 343:012.768 JLINK_IsHalted()
T4EA8 343:014.784 - 2.024ms returns ERROR
T9A38 343:015.520 JLINK_Halt()
T9A38 343:016.000   
  ***** Warning: 
T9A38 343:016.064   CPU could not be halted
T9A38 343:016.096 - 0.577ms returns 0x01
T9A38 343:016.128 JLINK_ReadReg(XPSR)
T9A38 343:017.792   CPU is running
T9A38 343:017.920   
  ***** Error: 
T9A38 343:017.984   Cannot read register 16 (XPSR) while CPU is running
T9A38 343:018.048 - 1.899ms returns 0x00000000
T9A38 343:023.808 JLINK_Close()
T9A38 343:079.744 - 55.968ms
T9A38 343:079.840   
T9A38 343:079.872   Closed
