TA918 000:003.755   SEGGER J-Link V9.14a Log File
TA918 000:004.023   DLL Compiled: Jan 28 2026 17:11:52
TA918 000:004.041   Logging started @ 2026-03-10 03:32
TA918 000:004.058   Process: C:\Users\trung.tran-quoc\.eclipse\com.renesas.platform_121336757\DebugComp\RA\e2-server-gdb.exe
TA918 000:004.080 - 4.076ms 
TA918 000:004.111 JLINK_GetDLLVersion()
TA918 000:004.127 - 0.018ms returns 91401
TA918 000:014.944 JLINK_OpenEx(...)
TA918 000:032.020   Firmware: J-Link OB-RA4M2 compiled Dec 10 2025 15:52:53
TA918 000:032.989   Firmware: J-Link OB-RA4M2 compiled Dec 10 2025 15:52:53
TA918 000:048.618   Hardware: V1.00
TA918 000:048.678   S/N: 1082531270
TA918 000:048.703   OEM: SEGGER
TA918 000:048.731   Feature(s): None
TA918 000:049.517   Bootloader: 2021 May 14
TA918 000:067.628   USB speed mode: Full speed (12 MBit/s)
TA918 000:068.411   TELNET listener socket opened on port 19021
TA918 000:068.679   WEBSRV WEBSRV_Init(): Starting webserver thread(s)
TA918 000:068.823   WEBSRV Failed to put socket into listener state (port 19080)
TA918 000:069.083   WEBSRV Webserver running on local port 19081
TA918 000:069.347   Looking for J-Link GUI Server exe at: C:\Users\trung.tran-quoc\.eclipse\com.renesas.platform_121336757\DebugComp\RA\ARM\Segger_v9.14.1\JLinkGUIServer.exe
TA918 000:069.563   Looking for J-Link GUI Server exe at: C:\Users\trung.tran-quoc\SEGGER\JLink_V892\JLinkGUIServer.exe
TA918 000:069.628   Forking J-Link GUI Server: C:\Users\trung.tran-quoc\SEGGER\JLink_V892\JLinkGUIServer.exe
TA918 000:082.742   J-Link GUI Server info: "J-Link GUI server V8.92 "
TA918 000:084.678 - 69.710ms returns "O.K."
TA918 000:085.050 JLINK_ExecCommand("ProjectFile=C:\Users\trung.tran-quoc\Documents\RVC_TASK_26_1H\migrate\r11an0995_Vision_AI_RA8P1_Ethos-U55\ws_mobinet\cm33_system_management/cm33_system_management Debug_Attach.jlink", ...). 
TA918 000:140.803 - 55.756ms returns 0x00
TA918 000:142.218 JLINK_ExecCommand("device=R7KA8P1KF_CPU1", ...). 
TA918 000:143.639   Flash bank @ 0x02000000: SFL: Parsing sectorization info from ELF file
TA918 000:143.684     FlashDevice.SectorInfo[0]: .SectorSize = 0x00000800, .SectorStartAddr = 0x00000000
TA918 000:143.709   FlashBank @0x02000000: Sectorization info from SFL ELF file ignored because sectorization override from DLL / XML file is active.
TA918 000:144.178   Flash bank @ 0x02E07400: SFL: Parsing sectorization info from ELF file
TA918 000:144.214     FlashDevice.SectorInfo[0]: .SectorSize = 0x00000010, .SectorStartAddr = 0x00000000
TA918 000:144.239   FlashBank @0x02C9F020: Sectorization info from SFL ELF file ignored because sectorization override from DLL / XML file is active.
TA918 000:144.276   Flash bank @ 0x02E07400: SFL: Parsing sectorization info from ELF file
TA918 000:144.300     FlashDevice.SectorInfo[0]: .SectorSize = 0x00000010, .SectorStartAddr = 0x00000000
TA918 000:144.325   FlashBank @0x02E07400: Sectorization info from SFL ELF file ignored because sectorization override from DLL / XML file is active.
TA918 000:144.368   Flash bank @ 0x12000000: SFL: Parsing sectorization info from ELF file
TA918 000:144.391     FlashDevice.SectorInfo[0]: .SectorSize = 0x00000800, .SectorStartAddr = 0x00000000
TA918 000:144.415   FlashBank @0x12000000: Sectorization info from SFL ELF file ignored because sectorization override from DLL / XML file is active.
TA918 000:144.858   Flash bank @ 0x12E07400: SFL: Parsing sectorization info from ELF file
TA918 000:144.892     FlashDevice.SectorInfo[0]: .SectorSize = 0x00000010, .SectorStartAddr = 0x00000000
TA918 000:144.915   FlashBank @0x12C9F4C0: Sectorization info from SFL ELF file ignored because sectorization override from DLL / XML file is active.
TA918 000:144.951   Flash bank @ 0x12E07400: SFL: Parsing sectorization info from ELF file
TA918 000:144.974     FlashDevice.SectorInfo[0]: .SectorSize = 0x00000010, .SectorStartAddr = 0x00000000
TA918 000:144.997   FlashBank @0x12E07780: Sectorization info from SFL ELF file ignored because sectorization override from DLL / XML file is active.
TA918 000:145.099   Flash bank @ 0x70000000: SFL: Parsing sectorization info from ELF file
TA918 000:145.201     FlashDevice.SectorInfo[0]: .SectorSize = 0x00010000, .SectorStartAddr = 0x00000000
TA918 000:154.335   Flash bank @ 0x78000000: SFL: Parsing sectorization info from ELF file
TA918 000:154.386     FlashDevice.SectorInfo[0]: .SectorSize = 0x00010000, .SectorStartAddr = 0x00000000
TA918 000:164.390   Flash bank @ 0x80000000: SFL: Parsing sectorization info from ELF file
TA918 000:164.461     FlashDevice.SectorInfo[0]: .SectorSize = 0x00010000, .SectorStartAddr = 0x00000000
TA918 000:183.757   Flash bank @ 0x90000000: SFL: Parsing sectorization info from ELF file
TA918 000:183.819     FlashDevice.SectorInfo[0]: .SectorSize = 0x00010000, .SectorStartAddr = 0x00000000
TA918 000:202.605   Device "R7KA8P1KF_CPU1" selected.
TA918 000:207.389 - 65.169ms returns 0x00
TA918 000:207.471 JLINK_TIF_GetAvailable(...)
TA918 000:207.939 - 0.467ms 
TA918 000:208.062 JLINK_TIF_Select(JLINKARM_TIF_SWD)
TA918 000:209.070 - 1.007ms returns 0x00
TA918 000:209.150 JLINK_SetSpeed(4000)
TA918 000:209.424 - 0.278ms 
TA918 000:209.601 JLINK_ReadMem(0xE000EDF0, 0x4 Bytes, ...)
TA918 000:210.361   ConfigTargetSettings() start
TA918 000:210.449    J-Link Script File: Executing ConfigTargetSettings()
TA918 000:210.484   Configuring FlashDLNoRMWThreshold=0x200 in order to make sure that option bytes programming is done via read-modify-write
TA918 000:342.140   ConfigTargetSettings() end - Took 131ms
TA918 000:342.184   InitTarget() start
TA918 000:342.209    J-Link Script File: Executing InitTarget()
TA918 000:342.229   Identifying target device...
TA918 000:342.253   SWD selected. Executing JTAG -> SWD switching sequence...
TA918 000:343.420   Initializing DAP...
TA918 000:344.363   DAP initialized successfully.
TA918 000:344.393   Enabling secondary core if necessary...
TA918 000:345.609     Secondary core already enabled. Performing attach...
TA918 000:345.638   Determining TrustZone configuration...
TA918 000:346.814     Secure Debug: Enabled (SSD)
TA918 000:346.845   Determining currently configured transfer type by reading the AHB-AP CSW register.
TA918 000:347.854     --> Correct transfer type configured. Done.
TA918 000:347.893   InitTarget() end - Took 5.68ms
TA918 000:348.626   Found SW-DP with ID 0x6BA02477
TA918 000:351.207   DPIDR: 0x6BA02477
TA918 000:351.243   CoreSight SoC-400 or earlier
TA918 000:351.269   AP map detection skipped. Manually configured AP map found.
TA918 000:351.294   AP[0]: AHB-AP (IDR: Not set, ADDR: 0x00000000)
TA918 000:351.317   AP[1]: APB-AP (IDR: Not set, ADDR: 0x00000000)
TA918 000:351.338   AP[2]: AHB-AP (IDR: Not set, ADDR: 0x00000000)
TA918 000:354.617   AP[2]: Core found
TA918 000:354.729   AP[2]: AHB-AP ROM base: 0xE00FE000
TA918 000:355.399   CPUID register: 0x410FD214. Implementer code: 0x41 (ARM)
TA918 000:355.452   Feature set: Mainline
TA918 000:356.045   Cache: No cache
TA918 000:356.085   Found Cortex-M33 r0p4, Little endian.
TA918 000:356.603   -- Max. mem block: 0x0001D408
TA918 000:357.516   
  ***** Warning: 
TA918 000:357.553   Cortex-M: NonCacheAwareDebugAHBAP == 1 specified but there is no workaround available for the connected core. Proper debug functionality cannot be guaranteed
TA918 000:357.924   CPU_ReadMem(4 bytes @ 0xE000EDF0)
TA918 000:358.457   CPU_WriteMem(4 bytes @ 0xE000EDF0)
TA918 000:358.840   CPU_ReadMem(4 bytes @ 0xE0002000)
TA918 000:359.217   FPUnit: 8 code (BP) slots and 0 literal slots
TA918 000:359.256   CPU_ReadMem(4 bytes @ 0xE000EDFC)
TA918 000:359.759   CPU_WriteMem(4 bytes @ 0xE000EDFC)
TA918 000:360.271   CPU_ReadMem(4 bytes @ 0xE0001000)
TA918 000:360.741   CPU_ReadMem(4 bytes @ 0xE0001000)
TA918 000:361.101   CPU_ReadMem(4 bytes @ 0xE0001028)
TA918 000:361.503   CPU_ReadMem(4 bytes @ 0xE0001038)
TA918 000:361.906   CPU_ReadMem(4 bytes @ 0xE0001048)
TA918 000:362.367   CPU_ReadMem(4 bytes @ 0xE0001058)
TA918 000:362.778   CPU_WriteMem(4 bytes @ 0xE0001000)
TA918 000:363.190   CPU_ReadMem(4 bytes @ 0xE000ED88)
TA918 000:363.562   CPU_WriteMem(4 bytes @ 0xE000ED88)
TA918 000:363.970   CPU_ReadMem(4 bytes @ 0xE000ED88)
TA918 000:364.395   CPU_WriteMem(4 bytes @ 0xE000ED88)
TA918 000:364.777   CPU_ReadMem(4 bytes @ 0xE000EFB8)
TA918 000:365.154   Security extension: implemented
TA918 000:365.193   Secure debug: enabled
TA918 000:365.216   CoreSight components:
TA918 000:365.239   ROMTbl[0] @ E00FE000
TA918 000:365.262   CPU_ReadMem(64 bytes @ 0xE00FE000)
TA918 000:366.073   CPU_ReadMem(32 bytes @ 0xE00FFFE0)
TA918 000:366.607   [0][0]: E00FF000 CID B105100D PID 000BB4C9 ROM Table
TA918 000:366.636   ROMTbl[1] @ E00FF000
TA918 000:366.660   CPU_ReadMem(64 bytes @ 0xE00FF000)
TA918 000:367.446   CPU_ReadMem(32 bytes @ 0xE000EFE0)
TA918 000:368.036   CPU_ReadMem(4 bytes @ 0xE000EFBC)
TA918 000:368.674   CPU_ReadMem(4 bytes @ 0xE000EFCC)
TA918 000:369.235   [1][0]: E000E000 CID B105900D PID 000BBD21 DEVARCH 47702A04 DEVTYPE 00 Cortex-M33
TA918 000:369.283   CPU_ReadMem(32 bytes @ 0xE0001FE0)
TA918 000:369.855   CPU_ReadMem(4 bytes @ 0xE0001FBC)
TA918 000:370.237   CPU_ReadMem(4 bytes @ 0xE0001FCC)
TA918 000:370.640   [1][1]: E0001000 CID B105900D PID 000BBD21 DEVARCH 47701A02 DEVTYPE 00 DWT
TA918 000:370.670   CPU_ReadMem(32 bytes @ 0xE0002FE0)
TA918 000:371.182   CPU_ReadMem(4 bytes @ 0xE0002FBC)
TA918 000:371.523   CPU_ReadMem(4 bytes @ 0xE0002FCC)
TA918 000:371.919   [1][2]: E0002000 CID B105900D PID 000BBD21 DEVARCH 47701A03 DEVTYPE 00 FPB
TA918 000:371.950   CPU_ReadMem(32 bytes @ 0xE0000FE0)
TA918 000:372.527   CPU_ReadMem(4 bytes @ 0xE0000FBC)
TA918 000:372.894   CPU_ReadMem(4 bytes @ 0xE0000FCC)
TA918 000:373.234   [1][3]: E0000000 CID B105900D PID 000BBD21 DEVARCH 47701A01 DEVTYPE 43 ITM
TA918 000:373.262   CPU_ReadMem(32 bytes @ 0xE0041FE0)
TA918 000:373.810   CPU_ReadMem(4 bytes @ 0xE0041FBC)
TA918 000:374.173   CPU_ReadMem(4 bytes @ 0xE0041FCC)
TA918 000:374.537   [1][5]: E0041000 CID B105900D PID 002BBD21 DEVARCH 47724A13 DEVTYPE 13 ETM
TA918 000:374.564   CPU_ReadMem(32 bytes @ 0xE0042FE0)
TA918 000:375.135   CPU_ReadMem(4 bytes @ 0xE0042FBC)
TA918 000:375.496   CPU_ReadMem(4 bytes @ 0xE0042FCC)
TA918 000:375.855   [1][6]: E0042000 CID B105900D PID 000BBD21 DEVARCH 47701A14 DEVTYPE 14 CSS600-CTI
TA918 000:375.881   CPU_ReadMem(32 bytes @ 0xE0040FE0)
TA918 000:376.466   CPU_ReadMem(4 bytes @ 0xE0040FBC)
TA918 000:376.856   CPU_ReadMem(4 bytes @ 0xE0040FCC)
TA918 000:377.206   [0][1]: E0040000 CID B105900D PID 000BBD21 DEVARCH 00000000 DEVTYPE 11 TPIU
TA918 000:377.277   CPU_ReadMem(4 bytes @ 0xE000EDF0)
TA918 000:377.631   Data:  01 00 10 00
TA918 000:377.658   Debug reg: DHCSR
TA918 000:377.680 - 168.079ms returns 0
TA918 000:377.734 JLINK_ReadMem(0x40204038, 0x4 Bytes, ...)
TA918 000:377.755   CPU_ReadMem(4 bytes @ 0x40204038)
TA918 000:379.005   Data:  04 00 00 00
TA918 000:379.037 - 1.303ms returns 0
TA918 000:379.092 JLINK_ReadMem(0xE000EDF0, 0x4 Bytes, ...)
TA918 000:379.112   CPU_ReadMem(4 bytes @ 0xE000EDF0)
TA918 000:379.544   Data:  01 00 10 00
TA918 000:379.570   Debug reg: DHCSR
TA918 000:379.592 - 0.499ms returns 0
TA918 000:379.653 JLINK_ReadMem(0xE000EDF0, 0x4 Bytes, ...)
TA918 000:379.672   CPU_ReadMem(4 bytes @ 0xE000EDF0)
TA918 000:380.105   Data:  01 00 10 00
TA918 000:380.137   Debug reg: DHCSR
TA918 000:380.159 - 0.505ms returns 0
TA918 000:380.211 JLINK_ReadMem(0xE000EDF0, 0x4 Bytes, ...)
TA918 000:380.230   CPU_ReadMem(4 bytes @ 0xE000EDF0)
TA918 000:380.605   Data:  01 00 10 00
TA918 000:380.636   Debug reg: DHCSR
TA918 000:380.658 - 0.447ms returns 0
TA918 000:380.710 JLINK_ReadMem(0xE000EDF0, 0x4 Bytes, ...)
TA918 000:380.729   CPU_ReadMem(4 bytes @ 0xE000EDF0)
TA918 000:381.099   Data:  01 00 10 00
TA918 000:381.129   Debug reg: DHCSR
TA918 000:381.152 - 0.441ms returns 0
TA918 000:381.209 JLINK_ReadMem(0xE000EDF0, 0x4 Bytes, ...)
TA918 000:381.229   CPU_ReadMem(4 bytes @ 0xE000EDF0)
TA918 000:381.657   Data:  01 00 10 00
TA918 000:381.687   Debug reg: DHCSR
TA918 000:381.709 - 0.500ms returns 0
TA918 000:381.756 JLINK_ReadMem(0x40204038, 0x4 Bytes, ...)
TA918 000:381.781   CPU_ReadMem(4 bytes @ 0x40204038)
TA918 000:382.459   Data:  04 00 00 00
TA918 000:382.521 - 0.764ms returns 0
TA918 000:382.569 JLINK_ReadMem(0xE000EDF0, 0x4 Bytes, ...)
TA918 000:382.589   CPU_ReadMem(4 bytes @ 0xE000EDF0)
TA918 000:382.983   Data:  01 00 10 00
TA918 000:383.024   Debug reg: DHCSR
TA918 000:383.047 - 0.477ms returns 0
TA918 000:383.103 JLINK_ReadMem(0xE000EDF0, 0x4 Bytes, ...)
TA918 000:383.126   CPU_ReadMem(4 bytes @ 0xE000EDF0)
TA918 000:383.731   Data:  01 00 10 00
TA918 000:383.901   Debug reg: DHCSR
TA918 000:383.935 - 0.832ms returns 0
TA918 000:384.000 JLINK_ReadMem(0x40204030, 0x4 Bytes, ...)
TA918 000:384.023   CPU_ReadMem(4 bytes @ 0x40204030)
TA918 000:384.521   Data:  00 80 FF 00
TA918 000:384.558 - 0.557ms returns 0
TA918 000:384.847 JLINK_SetEndian(ARM_ENDIAN_LITTLE)
TA918 000:384.868 - 0.020ms returns 0
TA918 000:384.884 JLINK_SetInitRegsOnReset(OFF)
TA918 000:384.900 - 0.015ms returns 1
TA918 000:384.916 JLINK_SetResetType(JLINKARM_CM3_RESET_TYPE_NORMAL)
TA918 000:384.933 - 0.016ms returns JLINKARM_CM3_RESET_TYPE_NORMAL
TA918 000:384.951 JLINK_ExecCommand("EnableFlashBPs", ...). 
TA918 000:384.971 - 0.019ms returns 0x00
TA918 000:384.990 JLINK_ExecCommand("SetAllowFlashCache = 1", ...). 
TA918 000:385.007 - 0.016ms returns 0x01
TA918 000:385.027 JLINK_ExecCommand("SetRestartOnClose = 0", ...). 
TA918 000:385.044 - 0.017ms returns 0x01
TA918 000:385.062 JLINK_ExecCommand("SetAllowSimulation = 0", ...). 
TA918 000:385.080 - 0.018ms returns 0x00
TA918 000:385.098 JLINK_EnableSoftBPs(ON)
TA918 000:385.113 - 0.017ms 
TA918 000:385.131 JLINK_Connect()
TA918 000:385.577   ConfigTargetSettings() start
TA918 000:385.651    J-Link Script File: Executing ConfigTargetSettings()
TA918 000:385.681   Configuring FlashDLNoRMWThreshold=0x200 in order to make sure that option bytes programming is done via read-modify-write
TA918 000:554.184   ConfigTargetSettings() end - Took 168ms
TA918 000:554.232   InitTarget() start
TA918 000:554.258    J-Link Script File: Executing InitTarget()
TA918 000:554.278   Identifying target device...
TA918 000:554.303   SWD selected. Executing JTAG -> SWD switching sequence...
TA918 000:555.413   Initializing DAP...
TA918 000:556.479   DAP initialized successfully.
TA918 000:556.558   Enabling secondary core if necessary...
TA918 000:557.985     Secondary core already enabled. Performing attach...
TA918 000:558.027   Determining TrustZone configuration...
TA918 000:559.192     Secure Debug: Enabled (SSD)
TA918 000:559.226   Determining currently configured transfer type by reading the AHB-AP CSW register.
TA918 000:560.275     --> Correct transfer type configured. Done.
TA918 000:560.316   InitTarget() end - Took 6.05ms
TA918 000:561.017   Found SW-DP with ID 0x6BA02477
TA918 000:563.504   DPIDR: 0x6BA02477
TA918 000:563.542   CoreSight SoC-400 or earlier
TA918 000:563.566   AP map detection skipped. Manually configured AP map found.
TA918 000:563.591   AP[0]: AHB-AP (IDR: Not set, ADDR: 0x00000000)
TA918 000:563.616   AP[1]: APB-AP (IDR: Not set, ADDR: 0x00000000)
TA918 000:563.641   AP[2]: AHB-AP (IDR: Not set, ADDR: 0x00000000)
TA918 000:564.565   AP[2]: Core found
TA918 000:564.595   AP[2]: AHB-AP ROM base: 0xE00FE000
TA918 000:565.176   CPUID register: 0x410FD214. Implementer code: 0x41 (ARM)
TA918 000:565.204   Feature set: Mainline
TA918 000:565.688   Cache: No cache
TA918 000:565.735   Found Cortex-M33 r0p4, Little endian.
TA918 000:566.093   -- Max. mem block: 0x0001D110
TA918 000:566.135   
  ***** Warning: 
TA918 000:566.158   Cortex-M: NonCacheAwareDebugAHBAP == 1 specified but there is no workaround available for the connected core. Proper debug functionality cannot be guaranteed
TA918 000:566.188   CPU_ReadMem(4 bytes @ 0xE000EDF0)
TA918 000:566.615   CPU_ReadMem(4 bytes @ 0xE0002000)
TA918 000:567.280   FPUnit: 8 code (BP) slots and 0 literal slots
TA918 000:567.335   CPU_ReadMem(4 bytes @ 0xE000EDFC)
TA918 000:567.794   CPU_ReadMem(4 bytes @ 0xE0001000)
TA918 000:568.484   CPU_ReadMem(4 bytes @ 0xE0001000)
TA918 000:569.094   CPU_ReadMem(4 bytes @ 0xE0001028)
TA918 000:569.661   CPU_ReadMem(4 bytes @ 0xE0001038)
TA918 000:570.305   CPU_ReadMem(4 bytes @ 0xE0001048)
TA918 000:570.909   CPU_ReadMem(4 bytes @ 0xE0001058)
TA918 000:571.487   CPU_WriteMem(4 bytes @ 0xE0001000)
TA918 000:572.066   CPU_ReadMem(4 bytes @ 0xE000ED88)
TA918 000:572.854   CPU_WriteMem(4 bytes @ 0xE000ED88)
TA918 000:573.520   CPU_ReadMem(4 bytes @ 0xE000ED88)
TA918 000:574.109   CPU_WriteMem(4 bytes @ 0xE000ED88)
TA918 000:574.648   CPU_ReadMem(4 bytes @ 0xE000EFB8)
TA918 000:575.165   Security extension: implemented
TA918 000:575.239   Secure debug: enabled
TA918 000:575.281   CoreSight components:
TA918 000:575.321   ROMTbl[0] @ E00FE000
TA918 000:575.364   CPU_ReadMem(64 bytes @ 0xE00FE000)
TA918 000:576.310   CPU_ReadMem(32 bytes @ 0xE00FFFE0)
TA918 000:577.079   [0][0]: E00FF000 CID B105100D PID 000BB4C9 ROM Table
TA918 000:577.158   ROMTbl[1] @ E00FF000
TA918 000:577.203   CPU_ReadMem(64 bytes @ 0xE00FF000)
TA918 000:578.167   CPU_ReadMem(32 bytes @ 0xE000EFE0)
TA918 000:578.997   CPU_ReadMem(4 bytes @ 0xE000EFBC)
TA918 000:579.630   CPU_ReadMem(4 bytes @ 0xE000EFCC)
TA918 000:580.313   [1][0]: E000E000 CID B105900D PID 000BBD21 DEVARCH 47702A04 DEVTYPE 00 Cortex-M33
TA918 000:580.396   CPU_ReadMem(32 bytes @ 0xE0001FE0)
TA918 000:581.157   CPU_ReadMem(4 bytes @ 0xE0001FBC)
TA918 000:581.722   CPU_ReadMem(4 bytes @ 0xE0001FCC)
TA918 000:582.311   [1][1]: E0001000 CID B105900D PID 000BBD21 DEVARCH 47701A02 DEVTYPE 00 DWT
TA918 000:582.390   CPU_ReadMem(32 bytes @ 0xE0002FE0)
TA918 000:583.136   CPU_ReadMem(4 bytes @ 0xE0002FBC)
TA918 000:583.670   CPU_ReadMem(4 bytes @ 0xE0002FCC)
TA918 000:584.244   [1][2]: E0002000 CID B105900D PID 000BBD21 DEVARCH 47701A03 DEVTYPE 00 FPB
TA918 000:584.319   CPU_ReadMem(32 bytes @ 0xE0000FE0)
TA918 000:585.067   CPU_ReadMem(4 bytes @ 0xE0000FBC)
TA918 000:585.678   CPU_ReadMem(4 bytes @ 0xE0000FCC)
TA918 000:586.225   [1][3]: E0000000 CID B105900D PID 000BBD21 DEVARCH 47701A01 DEVTYPE 43 ITM
TA918 000:586.295   CPU_ReadMem(32 bytes @ 0xE0041FE0)
TA918 000:586.973   CPU_ReadMem(4 bytes @ 0xE0041FBC)
TA918 000:587.502   CPU_ReadMem(4 bytes @ 0xE0041FCC)
TA918 000:588.044   [1][5]: E0041000 CID B105900D PID 002BBD21 DEVARCH 47724A13 DEVTYPE 13 ETM
TA918 000:588.100   CPU_ReadMem(32 bytes @ 0xE0042FE0)
TA918 000:588.778   CPU_ReadMem(4 bytes @ 0xE0042FBC)
TA918 000:589.473   CPU_ReadMem(4 bytes @ 0xE0042FCC)
TA918 000:590.073   [1][6]: E0042000 CID B105900D PID 000BBD21 DEVARCH 47701A14 DEVTYPE 14 CSS600-CTI
TA918 000:590.151   CPU_ReadMem(32 bytes @ 0xE0040FE0)
TA918 000:590.855   CPU_ReadMem(4 bytes @ 0xE0040FBC)
TA918 000:591.470   CPU_ReadMem(4 bytes @ 0xE0040FCC)
TA918 000:592.003   [0][1]: E0040000 CID B105900D PID 000BBD21 DEVARCH 00000000 DEVTYPE 11 TPIU
TA918 000:592.082 - 206.949ms returns 0x00
TA918 000:592.383 JLINK_ReadMem(0xE000EDF0, 0x4 Bytes, ...)
TA918 000:592.484   CPU_ReadMem(4 bytes @ 0xE000EDF0)
TA918 000:593.740   Data:  01 00 10 00
TA918 000:593.813   Debug reg: DHCSR
TA918 000:593.857 - 1.474ms returns 0
TA918 000:594.025 JLINK_IsHalted()
TA918 000:594.576 - 0.549ms returns FALSE
TA918 000:594.788 JLINK_ReadMem(0x4000F054, 0x1 Bytes, ...)
TA918 000:594.840   CPU_ReadMem(1 bytes @ 0x4000F054)
TA918 000:595.477   Data:  01
TA918 000:595.542 - 0.754ms returns 0
TA918 000:595.658 JLINK_Halt()
TA918 000:598.554   
  ***** Warning: 
TA918 000:598.640   CPU could not be halted
TA918 000:598.681 - 3.023ms returns 0x01
TA918 000:599.454 JLINK_ReadReg(XPSR)
TA918 000:600.169   CPU is running
TA918 000:600.246   
  ***** Error: 
TA918 000:600.285   Cannot read register 16 (XPSR) while CPU is running
TA918 000:600.328 - 0.874ms returns 0x00000000
T3940 002:713.088 JLINK_ReadMem(0x220A4C18, 0x4 Bytes, ...)
T3940 002:713.159   CPU_ReadMem(4 bytes @ 0x220A4C18)
T3940 002:713.827   Data:  03 00 00 00
T3940 002:713.869 - 0.784ms returns 0
T3940 002:713.924 JLINK_ReadMem(0x220A4BF4, 0x4 Bytes, ...)
T3940 002:713.947   CPU_ReadMem(4 bytes @ 0x220A4BF4)
T3940 002:714.391   Data:  B8 4A 0A 22
T3940 002:714.414 - 0.490ms returns 0
T3940 002:714.452 JLINK_ReadMem(0x020C0520, 0x4 Bytes, ...)
T3940 002:714.467   CPU_ReadMem(4 bytes @ 0x020C0520)
T3940 002:714.986   Data:  04 00 00 00
T3940 002:715.006 - 0.554ms returns 0
T3940 002:715.040 JLINK_ReadMem(0x220A4BFC, 0x4 Bytes, ...)
T3940 002:715.055   CPU_ReadMem(4 bytes @ 0x220A4BFC)
T3940 002:715.601   Data:  01 00 00 00
T3940 002:715.675 - 0.634ms returns 0
T3940 002:715.720 JLINK_ReadMem(0x220A4C18, 0x4 Bytes, ...)
T3940 002:715.739   CPU_ReadMem(4 bytes @ 0x220A4C18)
T3940 002:716.163   Data:  03 00 00 00
T3940 002:716.187 - 0.467ms returns 0
T3940 002:716.226 JLINK_ReadMem(0x220A4BF4, 0x4 Bytes, ...)
T3940 002:716.240   CPU_ReadMem(4 bytes @ 0x220A4BF4)
T3940 002:716.671   Data:  B8 4A 0A 22
T3940 002:716.691 - 0.465ms returns 0
T3940 002:716.725 JLINK_ReadMem(0x020C0520, 0x4 Bytes, ...)
T3940 002:716.738   CPU_ReadMem(4 bytes @ 0x020C0520)
T3940 002:717.237   Data:  04 00 00 00
T3940 002:717.258 - 0.533ms returns 0
T3940 002:717.292 JLINK_ReadMem(0x220A4BFC, 0x4 Bytes, ...)
T3940 002:717.306   CPU_ReadMem(4 bytes @ 0x220A4BFC)
T3940 002:717.794   Data:  01 00 00 00
T3940 002:717.815 - 0.523ms returns 0
T3940 002:745.066 JLINK_ReadMem(0x220A4C18, 0x4 Bytes, ...)
T3940 002:745.130   CPU_ReadMem(4 bytes @ 0x220A4C18)
T3940 002:745.821   Data:  03 00 00 00
T3940 002:745.866 - 0.800ms returns 0
T3940 002:745.932 JLINK_ReadMem(0x220A4BF4, 0x4 Bytes, ...)
T3940 002:745.952   CPU_ReadMem(4 bytes @ 0x220A4BF4)
T3940 002:746.459   Data:  B8 4A 0A 22
T3940 002:746.480 - 0.548ms returns 0
T3940 002:746.516 JLINK_ReadMem(0x020C0520, 0x4 Bytes, ...)
T3940 002:746.530   CPU_ReadMem(4 bytes @ 0x020C0520)
T3940 002:747.521   Data:  04 00 00 00
T3940 002:747.544 - 1.028ms returns 0
T3940 002:747.581 JLINK_ReadMem(0x220A4BFC, 0x4 Bytes, ...)
T3940 002:747.596   CPU_ReadMem(4 bytes @ 0x220A4BFC)
T3940 002:748.477   Data:  01 00 00 00
T3940 002:748.522 - 0.940ms returns 0
T3940 002:748.590 JLINK_ReadMem(0x220A4C18, 0x4 Bytes, ...)
T3940 002:748.610   CPU_ReadMem(4 bytes @ 0x220A4C18)
T3940 002:749.100   Data:  03 00 00 00
T3940 002:749.121 - 0.531ms returns 0
T3940 002:749.158 JLINK_ReadMem(0x220A4BF4, 0x4 Bytes, ...)
T3940 002:749.173   CPU_ReadMem(4 bytes @ 0x220A4BF4)
T3940 002:749.623   Data:  B8 4A 0A 22
T3940 002:749.644 - 0.485ms returns 0
T3940 002:749.690 JLINK_ReadMem(0x020C0520, 0x4 Bytes, ...)
T3940 002:749.704   CPU_ReadMem(4 bytes @ 0x020C0520)
T3940 002:750.181   Data:  04 00 00 00
T3940 002:750.216 - 0.526ms returns 0
T3940 002:750.251 JLINK_ReadMem(0x220A4BFC, 0x4 Bytes, ...)
T3940 002:750.265   CPU_ReadMem(4 bytes @ 0x220A4BFC)
T3940 002:750.700   Data:  01 00 00 00
T3940 002:750.725 - 0.474ms returns 0
T3940 003:529.126 JLINK_ReadMem(0x220A4C18, 0x4 Bytes, ...)
T3940 003:529.247   CPU_ReadMem(4 bytes @ 0x220A4C18)
T3940 003:529.954   Data:  03 00 00 00
T3940 003:530.006 - 0.881ms returns 0
T3940 003:530.094 JLINK_ReadMem(0x220A4BF4, 0x4 Bytes, ...)
T3940 003:530.121   CPU_ReadMem(4 bytes @ 0x220A4BF4)
T3940 003:530.762   Data:  B8 4A 0A 22
T3940 003:530.843 - 0.747ms returns 0
T3940 003:530.926 JLINK_ReadMem(0x020C0520, 0x4 Bytes, ...)
T3940 003:530.952   CPU_ReadMem(4 bytes @ 0x020C0520)
T3940 003:531.508   Data:  04 00 00 00
T3940 003:531.550 - 0.624ms returns 0
T3940 003:531.602 JLINK_ReadMem(0x220A4BFC, 0x4 Bytes, ...)
T3940 003:531.626   CPU_ReadMem(4 bytes @ 0x220A4BFC)
T3940 003:532.192   Data:  01 00 00 00
T3940 003:532.233 - 0.630ms returns 0
T3940 003:532.311 JLINK_ReadMem(0x220A4C18, 0x4 Bytes, ...)
T3940 003:532.333   CPU_ReadMem(4 bytes @ 0x220A4C18)
T3940 003:532.902   Data:  03 00 00 00
T3940 003:532.946 - 0.634ms returns 0
T3940 003:533.022 JLINK_ReadMem(0x220A4BF4, 0x4 Bytes, ...)
T3940 003:533.044   CPU_ReadMem(4 bytes @ 0x220A4BF4)
T3940 003:533.572   Data:  B8 4A 0A 22
T3940 003:533.612 - 0.589ms returns 0
T3940 003:533.679 JLINK_ReadMem(0x020C0520, 0x4 Bytes, ...)
T3940 003:533.703   CPU_ReadMem(4 bytes @ 0x020C0520)
T3940 003:534.368   Data:  04 00 00 00
T3940 003:534.409 - 0.730ms returns 0
T3940 003:534.484 JLINK_ReadMem(0x220A4BFC, 0x4 Bytes, ...)
T3940 003:534.506   CPU_ReadMem(4 bytes @ 0x220A4BFC)
T3940 003:535.103   Data:  01 00 00 00
T3940 003:535.144 - 0.660ms returns 0
T3940 003:537.545 JLINK_IsHalted()
T3940 003:538.057 - 0.511ms returns FALSE
T3940 003:538.127 JLINK_IsHalted()
T3940 003:538.600 - 0.472ms returns FALSE
T2098 003:548.773 JLINK_GetNumBPUnits(Type = 0xFFFFFF00)
T2098 003:548.822 - 0.048ms returns 0x08
T2098 003:548.839 JLINK_GetNumWPUnits()
T2098 003:548.852 - 0.014ms returns 4
T2098 003:549.149 JLINK_GetNumBPUnits(Type = 0xFFFFFF00)
T2098 003:549.177 - 0.028ms returns 0x08
T2098 003:549.193 JLINK_GetNumWPUnits()
T2098 003:549.209 - 0.016ms returns 4
T2098 003:549.587 JLINK_GetNumBPUnits(Type = 0xFFFFFF00)
T2098 003:549.625 - 0.038ms returns 0x08
T2098 003:549.642 JLINK_GetNumWPUnits()
T2098 003:549.656 - 0.013ms returns 4
T2098 003:550.354 JLINK_ReadMem(0xE000EDF0, 0x4 Bytes, ...)
T2098 003:550.402   CPU_ReadMem(4 bytes @ 0xE000EDF0)
T2098 003:550.963   Data:  03 00 10 00
T2098 003:551.003   Debug reg: DHCSR
T2098 003:551.023 - 0.669ms returns 0
T2098 003:551.083 JLINK_ReadMem(0x40204038, 0x4 Bytes, ...)
T2098 003:551.107   CPU_ReadMem(4 bytes @ 0x40204038)
T2098 003:551.661   Data:  04 00 00 00
T2098 003:551.701 - 0.618ms returns 0
T2098 003:551.767 JLINK_ReadMem(0xE000EDF0, 0x4 Bytes, ...)
T2098 003:551.789   CPU_ReadMem(4 bytes @ 0xE000EDF0)
T2098 003:552.206   Data:  03 00 10 00
T2098 003:552.246   Debug reg: DHCSR
T2098 003:552.268 - 0.500ms returns 0
T2098 003:552.648 JLINK_GetNumBPUnits(Type = 0xFFFFFF00)
T2098 003:552.703 - 0.054ms returns 0x08
T2098 003:552.732 JLINK_GetNumWPUnits()
T2098 003:552.756 - 0.024ms returns 4
T2098 003:553.538 JLINK_GetNumBPUnits(Type = 0xFFFFFF00)
T2098 003:553.589 - 0.050ms returns 0x08
T2098 003:553.605 JLINK_GetNumWPUnits()
T2098 003:553.619 - 0.013ms returns 4
T2098 003:553.886 JLINK_ReadReg(XPSR)
T2098 003:554.380   CPU is running
T2098 003:554.430   
  ***** Error: 
T2098 003:554.453   Cannot read register 16 (XPSR) while CPU is running
T2098 003:554.476 - 0.591ms returns 0x00000000
T2098 003:554.541 JLINK_ReadReg(R15 (PC))
T2098 003:554.968   CPU is running
T2098 003:555.026   
  ***** Error: 
T2098 003:555.080   Cannot read register 15 (R15) while CPU is running
T2098 003:555.108 - 0.573ms returns 0x00000000
T2098 003:555.420 JLINK_GetNumBPUnits(Type = 0xFFFFFF00)
T2098 003:555.461 - 0.040ms returns 0x08
T2098 003:555.479 JLINK_GetNumWPUnits()
T2098 003:555.494 - 0.015ms returns 4
T2098 003:555.747 JLINK_GetNumBPUnits(Type = 0xFFFFFF00)
T2098 003:555.774 - 0.026ms returns 0x08
T2098 003:555.789 JLINK_GetNumWPUnits()
T2098 003:555.803 - 0.013ms returns 4
T2098 003:555.984 JLINK_GetNumBPUnits(Type = 0xFFFFFF00)
T2098 003:556.003 - 0.019ms returns 0x08
T2098 003:556.018 JLINK_GetNumWPUnits()
T2098 003:556.032 - 0.013ms returns 4
T3940 003:646.478 JLINK_IsHalted()
T3940 003:647.187 - 0.708ms returns FALSE
T3940 003:647.279 JLINK_IsHalted()
T3940 003:647.775 - 0.494ms returns FALSE
T3940 003:755.476 JLINK_IsHalted()
T3940 003:755.972 - 0.495ms returns FALSE
T3940 003:756.062 JLINK_IsHalted()
T3940 003:756.414 - 0.351ms returns FALSE
T3940 003:865.473 JLINK_IsHalted()
T3940 003:865.954 - 0.480ms returns FALSE
T3940 003:866.040 JLINK_IsHalted()
T3940 003:866.387 - 0.346ms returns FALSE
T3940 003:974.540 JLINK_IsHalted()
T3940 003:975.143 - 0.602ms returns FALSE
T3940 003:975.205 JLINK_IsHalted()
T3940 003:975.565 - 0.359ms returns FALSE
T3940 004:084.530 JLINK_IsHalted()
T3940 004:085.018 - 0.487ms returns FALSE
T3940 004:085.078 JLINK_IsHalted()
T3940 004:085.584 - 0.505ms returns FALSE
T3940 004:193.494 JLINK_IsHalted()
T3940 004:194.041 - 0.545ms returns FALSE
T3940 004:194.145 JLINK_IsHalted()
T3940 004:194.540 - 0.394ms returns FALSE
T3940 004:302.501 JLINK_IsHalted()
T3940 004:303.060 - 0.558ms returns FALSE
T3940 004:303.145 JLINK_IsHalted()
T3940 004:303.552 - 0.406ms returns FALSE
T3940 004:412.519 JLINK_IsHalted()
T3940 004:413.014 - 0.494ms returns FALSE
T3940 004:413.106 JLINK_IsHalted()
T3940 004:413.517 - 0.410ms returns FALSE
T3940 004:521.511 JLINK_IsHalted()
T3940 004:522.227 - 0.715ms returns FALSE
T3940 004:522.326 JLINK_IsHalted()
T3940 004:522.799 - 0.472ms returns FALSE
T3940 004:630.591 JLINK_IsHalted()
T3940 004:631.078 - 0.486ms returns FALSE
T3940 004:631.127 JLINK_IsHalted()
T3940 004:631.618 - 0.490ms returns FALSE
T3940 004:740.476 JLINK_IsHalted()
T3940 004:741.005 - 0.528ms returns FALSE
T3940 004:741.111 JLINK_IsHalted()
T3940 004:741.528 - 0.416ms returns FALSE
T3940 004:849.623 JLINK_IsHalted()
T3940 004:850.297 - 0.673ms returns FALSE
T3940 004:850.394 JLINK_IsHalted()
T3940 004:850.987 - 0.592ms returns FALSE
T3940 004:959.531 JLINK_IsHalted()
T3940 004:960.464 - 0.923ms returns FALSE
T3940 004:960.665 JLINK_IsHalted()
T3940 004:962.324 - 1.656ms returns FALSE
T3940 005:068.522 JLINK_IsHalted()
T3940 005:069.129 - 0.605ms returns FALSE
T3940 005:069.207 JLINK_IsHalted()
T3940 005:069.640 - 0.431ms returns FALSE
T3940 005:177.537 JLINK_IsHalted()
T3940 005:178.044 - 0.505ms returns FALSE
T3940 005:178.100 JLINK_IsHalted()
T3940 005:178.499 - 0.397ms returns FALSE
T3940 005:287.633 JLINK_IsHalted()
T3940 005:288.921 - 1.283ms returns FALSE
T3940 005:289.277 JLINK_IsHalted()
T3940 005:290.255 - 0.974ms returns FALSE
T3940 005:396.547 JLINK_IsHalted()
T3940 005:397.325 - 0.777ms returns FALSE
T3940 005:397.502 JLINK_IsHalted()
T3940 005:398.118 - 0.614ms returns FALSE
T3940 005:505.529 JLINK_IsHalted()
T3940 005:506.433 - 0.904ms returns FALSE
T3940 005:506.651 JLINK_IsHalted()
T3940 005:507.285 - 0.632ms returns FALSE
T3940 005:615.503 JLINK_IsHalted()
T3940 005:616.200 - 0.696ms returns FALSE
T3940 005:616.299 JLINK_IsHalted()
T3940 005:616.821 - 0.521ms returns FALSE
T3940 005:724.504 JLINK_IsHalted()
T3940 005:725.078 - 0.574ms returns FALSE
T3940 005:725.191 JLINK_IsHalted()
T3940 005:725.647 - 0.455ms returns FALSE
T3940 005:834.486 JLINK_IsHalted()
T3940 005:835.028 - 0.540ms returns FALSE
T3940 005:835.127 JLINK_IsHalted()
T3940 005:835.554 - 0.425ms returns FALSE
T3940 005:943.508 JLINK_IsHalted()
T3940 005:944.039 - 0.530ms returns FALSE
T3940 005:944.093 JLINK_IsHalted()
T3940 005:944.431 - 0.337ms returns FALSE
T3940 006:052.468 JLINK_IsHalted()
T3940 006:052.971 - 0.502ms returns FALSE
T3940 006:053.021 JLINK_IsHalted()
T3940 006:053.356 - 0.334ms returns FALSE
T3940 006:162.637 JLINK_IsHalted()
T3940 006:163.121 - 0.483ms returns FALSE
T3940 006:163.217 JLINK_IsHalted()
T3940 006:163.588 - 0.370ms returns FALSE
T3940 006:271.537 JLINK_IsHalted()
T3940 006:272.143 - 0.605ms returns FALSE
T3940 006:272.201 JLINK_IsHalted()
T3940 006:272.808 - 0.605ms returns FALSE
T3940 006:380.503 JLINK_IsHalted()
T3940 006:381.115 - 0.611ms returns FALSE
T3940 006:381.173 JLINK_IsHalted()
T3940 006:381.608 - 0.433ms returns FALSE
T3940 006:490.565 JLINK_IsHalted()
T3940 006:491.093 - 0.525ms returns FALSE
T3940 006:491.158 JLINK_IsHalted()
T3940 006:491.509 - 0.350ms returns FALSE
T3940 006:599.723 JLINK_IsHalted()
T3940 006:600.560 - 0.835ms returns FALSE
T3940 006:600.775 JLINK_IsHalted()
T3940 006:601.349 - 0.574ms returns FALSE
T3940 006:709.543 JLINK_IsHalted()
T3940 006:710.205 - 0.659ms returns FALSE
T3940 006:710.398 JLINK_IsHalted()
T3940 006:711.204 - 0.803ms returns FALSE
T3940 006:818.473 JLINK_IsHalted()
T3940 006:819.102 - 0.627ms returns FALSE
T3940 006:819.186 JLINK_IsHalted()
T3940 006:819.781 - 0.593ms returns FALSE
T3940 006:927.557 JLINK_IsHalted()
T3940 006:928.037 - 0.479ms returns FALSE
T3940 006:928.089 JLINK_IsHalted()
T3940 006:928.398 - 0.308ms returns FALSE
T3940 007:037.516 JLINK_IsHalted()
T3940 007:038.038 - 0.522ms returns FALSE
T3940 007:038.125 JLINK_IsHalted()
T3940 007:038.694 - 0.568ms returns FALSE
T3940 007:146.513 JLINK_IsHalted()
T3940 007:146.985 - 0.472ms returns FALSE
T3940 007:147.104 JLINK_IsHalted()
T3940 007:147.671 - 0.566ms returns FALSE
T3940 007:255.553 JLINK_IsHalted()
T3940 007:256.489 - 0.935ms returns FALSE
T3940 007:256.539 JLINK_IsHalted()
T3940 007:256.875 - 0.335ms returns FALSE
T3940 007:365.575 JLINK_IsHalted()
T3940 007:366.029 - 0.454ms returns FALSE
T3940 007:366.072 JLINK_IsHalted()
T3940 007:366.393 - 0.320ms returns FALSE
T3940 007:474.486 JLINK_IsHalted()
T3940 007:474.957 - 0.470ms returns FALSE
T3940 007:475.005 JLINK_IsHalted()
T3940 007:475.319 - 0.313ms returns FALSE
T3940 007:584.521 JLINK_IsHalted()
T3940 007:584.995 - 0.472ms returns FALSE
T3940 007:585.043 JLINK_IsHalted()
T3940 007:585.369 - 0.325ms returns FALSE
T3940 007:693.546 JLINK_IsHalted()
T3940 007:694.055 - 0.508ms returns FALSE
T3940 007:694.134 JLINK_IsHalted()
T3940 007:694.512 - 0.376ms returns FALSE
T3940 007:802.480 JLINK_IsHalted()
T3940 007:803.106 - 0.625ms returns FALSE
T3940 007:803.211 JLINK_IsHalted()
T3940 007:803.654 - 0.442ms returns FALSE
T3940 007:912.505 JLINK_IsHalted()
T3940 007:912.979 - 0.474ms returns FALSE
T3940 007:913.025 JLINK_IsHalted()
T3940 007:913.347 - 0.321ms returns FALSE
T3940 008:021.517 JLINK_IsHalted()
T3940 008:022.326 - 0.806ms returns FALSE
T3940 008:022.390 JLINK_IsHalted()
T3940 008:022.950 - 0.557ms returns FALSE
T3940 008:130.487 JLINK_IsHalted()
T3940 008:131.068 - 0.579ms returns FALSE
T3940 008:131.186 JLINK_IsHalted()
T3940 008:131.586 - 0.399ms returns FALSE
T3940 008:240.527 JLINK_IsHalted()
T3940 008:241.019 - 0.490ms returns FALSE
T3940 008:241.093 JLINK_IsHalted()
T3940 008:241.457 - 0.363ms returns FALSE
T3940 008:349.507 JLINK_IsHalted()
T3940 008:350.217 - 0.711ms returns FALSE
T3940 008:350.349 JLINK_IsHalted()
T3940 008:350.902 - 0.551ms returns FALSE
T3940 008:459.540 JLINK_IsHalted()
T3940 008:460.157 - 0.615ms returns FALSE
T3940 008:460.309 JLINK_IsHalted()
T3940 008:461.686 - 1.376ms returns FALSE
T3940 008:568.494 JLINK_IsHalted()
T3940 008:569.114 - 0.619ms returns FALSE
T3940 008:569.258 JLINK_IsHalted()
T3940 008:569.837 - 0.577ms returns FALSE
T3940 008:677.520 JLINK_IsHalted()
T3940 008:678.240 - 0.720ms returns FALSE
T3940 008:678.340 JLINK_IsHalted()
T3940 008:678.866 - 0.524ms returns FALSE
T3940 008:787.528 JLINK_IsHalted()
T3940 008:788.178 - 0.649ms returns FALSE
T3940 008:788.316 JLINK_IsHalted()
T3940 008:788.794 - 0.476ms returns FALSE
T3940 008:896.489 JLINK_IsHalted()
T3940 008:897.017 - 0.527ms returns FALSE
T3940 008:897.111 JLINK_IsHalted()
T3940 008:897.614 - 0.502ms returns FALSE
T3940 009:005.551 JLINK_IsHalted()
T3940 009:006.232 - 0.680ms returns FALSE
T3940 009:006.287 JLINK_IsHalted()
T3940 009:006.695 - 0.407ms returns FALSE
T3940 009:115.518 JLINK_IsHalted()
T3940 009:116.140 - 0.620ms returns FALSE
T3940 009:116.278 JLINK_IsHalted()
T3940 009:116.786 - 0.507ms returns FALSE
T3940 009:224.487 JLINK_IsHalted()
T3940 009:225.041 - 0.552ms returns FALSE
T3940 009:225.123 JLINK_IsHalted()
T3940 009:225.546 - 0.422ms returns FALSE
T3940 009:334.479 JLINK_IsHalted()
T3940 009:335.163 - 0.682ms returns FALSE
T3940 009:335.290 JLINK_IsHalted()
T3940 009:335.914 - 0.623ms returns FALSE
T3940 009:443.517 JLINK_IsHalted()
T3940 009:444.214 - 0.697ms returns FALSE
T3940 009:444.304 JLINK_IsHalted()
T3940 009:444.815 - 0.510ms returns FALSE
T3940 009:552.480 JLINK_IsHalted()
T3940 009:553.153 - 0.670ms returns FALSE
T3940 009:553.327 JLINK_IsHalted()
T3940 009:553.892 - 0.564ms returns FALSE
T3940 009:662.491 JLINK_IsHalted()
T3940 009:663.098 - 0.606ms returns FALSE
T3940 009:663.211 JLINK_IsHalted()
T3940 009:663.702 - 0.490ms returns FALSE
T3940 009:771.508 JLINK_IsHalted()
T3940 009:772.217 - 0.708ms returns FALSE
T3940 009:772.412 JLINK_IsHalted()
T3940 009:772.955 - 0.543ms returns FALSE
T3940 009:880.530 JLINK_IsHalted()
T3940 009:881.157 - 0.626ms returns FALSE
T3940 009:881.259 JLINK_IsHalted()
T3940 009:881.726 - 0.467ms returns FALSE
T3940 009:990.539 JLINK_IsHalted()
T3940 009:991.269 - 0.728ms returns FALSE
T3940 009:991.388 JLINK_IsHalted()
T3940 009:991.982 - 0.593ms returns FALSE
T3940 010:099.508 JLINK_IsHalted()
T3940 010:100.199 - 0.691ms returns FALSE
T3940 010:100.278 JLINK_IsHalted()
T3940 010:100.730 - 0.450ms returns FALSE
T3940 010:209.520 JLINK_IsHalted()
T3940 010:210.578 - 1.057ms returns FALSE
T3940 010:210.662 JLINK_IsHalted()
T3940 010:211.150 - 0.487ms returns FALSE
T3940 010:318.530 JLINK_IsHalted()
T3940 010:319.193 - 0.663ms returns FALSE
T3940 010:319.267 JLINK_IsHalted()
T3940 010:319.785 - 0.516ms returns FALSE
T3940 010:427.478 JLINK_IsHalted()
T3940 010:427.991 - 0.511ms returns FALSE
T3940 010:428.043 JLINK_IsHalted()
T3940 010:428.394 - 0.349ms returns FALSE
T3940 010:537.542 JLINK_IsHalted()
T3940 010:538.214 - 0.671ms returns FALSE
T3940 010:538.275 JLINK_IsHalted()
T3940 010:538.789 - 0.499ms returns FALSE
T3940 010:646.518 JLINK_IsHalted()
T3940 010:647.076 - 0.557ms returns FALSE
T3940 010:647.178 JLINK_IsHalted()
T3940 010:647.590 - 0.411ms returns FALSE
T3940 010:755.619 JLINK_IsHalted()
T3940 010:756.515 - 0.896ms returns FALSE
T3940 010:756.610 JLINK_IsHalted()
T3940 010:757.004 - 0.393ms returns FALSE
T3940 010:865.508 JLINK_IsHalted()
T3940 010:866.069 - 0.560ms returns FALSE
T3940 010:866.114 JLINK_IsHalted()
T3940 010:866.495 - 0.381ms returns FALSE
T3940 010:974.532 JLINK_IsHalted()
T3940 010:975.031 - 0.498ms returns FALSE
T3940 010:975.122 JLINK_IsHalted()
T3940 010:975.651 - 0.527ms returns FALSE
T3940 011:084.477 JLINK_IsHalted()
T3940 011:085.178 - 0.700ms returns FALSE
T3940 011:085.282 JLINK_IsHalted()
T3940 011:085.707 - 0.423ms returns FALSE
T3940 011:193.489 JLINK_IsHalted()
T3940 011:194.038 - 0.549ms returns FALSE
T3940 011:194.095 JLINK_IsHalted()
T3940 011:194.569 - 0.472ms returns FALSE
T3940 011:302.500 JLINK_IsHalted()
T3940 011:303.066 - 0.564ms returns FALSE
T3940 011:303.136 JLINK_IsHalted()
T3940 011:303.574 - 0.437ms returns FALSE
T3940 011:412.536 JLINK_IsHalted()
T3940 011:413.098 - 0.560ms returns FALSE
T3940 011:413.209 JLINK_IsHalted()
T3940 011:413.638 - 0.429ms returns FALSE
T3940 011:522.059 JLINK_IsHalted()
T3940 011:522.779 - 0.720ms returns FALSE
T3940 011:522.862 JLINK_IsHalted()
T3940 011:523.335 - 0.473ms returns FALSE
T3940 011:631.124 JLINK_IsHalted()
T3940 011:631.904 - 0.779ms returns FALSE
T3940 011:632.095 JLINK_IsHalted()
T3940 011:632.750 - 0.653ms returns FALSE
T3940 011:739.999 JLINK_IsHalted()
T3940 011:740.530 - 0.529ms returns FALSE
T3940 011:740.623 JLINK_IsHalted()
T3940 011:741.021 - 0.396ms returns FALSE
T3940 011:849.995 JLINK_IsHalted()
T3940 011:850.502 - 0.506ms returns FALSE
T3940 011:850.592 JLINK_IsHalted()
T3940 011:850.977 - 0.383ms returns FALSE
T3940 011:959.017 JLINK_IsHalted()
T3940 011:959.576 - 0.558ms returns FALSE
T3940 011:959.670 JLINK_IsHalted()
T3940 011:960.106 - 0.435ms returns FALSE
T3940 012:068.050 JLINK_IsHalted()
T3940 012:068.662 - 0.610ms returns FALSE
T3940 012:068.772 JLINK_IsHalted()
T3940 012:069.196 - 0.422ms returns FALSE
T3940 012:178.050 JLINK_IsHalted()
T3940 012:178.682 - 0.618ms returns FALSE
T3940 012:178.750 JLINK_IsHalted()
T3940 012:179.269 - 0.518ms returns FALSE
T3940 012:287.026 JLINK_IsHalted()
T3940 012:287.719 - 0.692ms returns FALSE
T3940 012:287.848 JLINK_IsHalted()
T3940 012:288.430 - 0.580ms returns FALSE
T3940 012:397.041 JLINK_IsHalted()
T3940 012:397.896 - 0.854ms returns FALSE
T3940 012:398.089 JLINK_IsHalted()
T3940 012:398.659 - 0.569ms returns FALSE
T3940 012:506.056 JLINK_IsHalted()
T3940 012:506.764 - 0.707ms returns FALSE
T3940 012:506.922 JLINK_IsHalted()
T3940 012:507.532 - 0.609ms returns FALSE
T3940 012:615.037 JLINK_IsHalted()
T3940 012:615.623 - 0.586ms returns FALSE
T3940 012:615.698 JLINK_IsHalted()
T3940 012:616.121 - 0.421ms returns FALSE
T3940 012:725.051 JLINK_IsHalted()
T3940 012:725.582 - 0.529ms returns FALSE
T3940 012:725.653 JLINK_IsHalted()
T3940 012:726.032 - 0.378ms returns FALSE
T3940 012:834.063 JLINK_IsHalted()
T3940 012:834.535 - 0.471ms returns FALSE
T3940 012:834.586 JLINK_IsHalted()
T3940 012:834.997 - 0.410ms returns FALSE
T3940 012:943.050 JLINK_IsHalted()
T3940 012:943.646 - 0.594ms returns FALSE
T3940 012:943.767 JLINK_IsHalted()
T3940 012:944.194 - 0.425ms returns FALSE
T3940 013:053.031 JLINK_IsHalted()
T3940 013:053.742 - 0.710ms returns FALSE
T3940 013:053.872 JLINK_IsHalted()
T3940 013:054.400 - 0.526ms returns FALSE
T3940 013:162.044 JLINK_IsHalted()
T3940 013:162.654 - 0.608ms returns FALSE
T3940 013:162.808 JLINK_IsHalted()
T3940 013:163.338 - 0.529ms returns FALSE
T3940 013:272.007 JLINK_IsHalted()
T3940 013:272.658 - 0.650ms returns FALSE
T3940 013:272.746 JLINK_IsHalted()
T3940 013:273.138 - 0.391ms returns FALSE
T3940 013:381.014 JLINK_IsHalted()
T3940 013:381.574 - 0.559ms returns FALSE
T3940 013:381.635 JLINK_IsHalted()
T3940 013:382.149 - 0.512ms returns FALSE
T3940 013:490.069 JLINK_IsHalted()
T3940 013:490.822 - 0.752ms returns FALSE
T3940 013:491.013 JLINK_IsHalted()
T3940 013:491.590 - 0.576ms returns FALSE
T3940 013:600.046 JLINK_IsHalted()
T3940 013:600.758 - 0.711ms returns FALSE
T3940 013:600.842 JLINK_IsHalted()
T3940 013:601.274 - 0.431ms returns FALSE
T3940 013:709.056 JLINK_IsHalted()
T3940 013:709.677 - 0.618ms returns FALSE
T3940 013:709.744 JLINK_IsHalted()
T3940 013:710.248 - 0.504ms returns FALSE
T3940 013:818.050 JLINK_IsHalted()
T3940 013:818.646 - 0.597ms returns FALSE
T3940 013:818.762 JLINK_IsHalted()
T3940 013:819.211 - 0.447ms returns FALSE
T3940 013:928.053 JLINK_IsHalted()
T3940 013:928.758 - 0.706ms returns FALSE
T3940 013:928.888 JLINK_IsHalted()
T3940 013:929.376 - 0.487ms returns FALSE
T3940 014:037.035 JLINK_IsHalted()
T3940 014:037.602 - 0.564ms returns FALSE
T3940 014:037.707 JLINK_IsHalted()
T3940 014:038.134 - 0.425ms returns FALSE
T3940 014:147.027 JLINK_IsHalted()
T3940 014:147.637 - 0.609ms returns FALSE
T3940 014:147.757 JLINK_IsHalted()
T3940 014:148.146 - 0.388ms returns FALSE
T3940 014:256.038 JLINK_IsHalted()
T3940 014:256.805 - 0.766ms returns FALSE
T3940 014:256.950 JLINK_IsHalted()
T3940 014:257.437 - 0.485ms returns FALSE
T3940 014:365.026 JLINK_IsHalted()
T3940 014:365.754 - 0.727ms returns FALSE
T3940 014:365.902 JLINK_IsHalted()
T3940 014:366.554 - 0.649ms returns FALSE
T3940 014:475.037 JLINK_IsHalted()
T3940 014:475.806 - 0.768ms returns FALSE
T3940 014:475.928 JLINK_IsHalted()
T3940 014:476.430 - 0.501ms returns FALSE
T3940 014:584.062 JLINK_IsHalted()
T3940 014:584.899 - 0.835ms returns FALSE
T3940 014:585.141 JLINK_IsHalted()
T3940 014:585.787 - 0.645ms returns FALSE
T3940 014:693.059 JLINK_IsHalted()
T3940 014:693.779 - 0.719ms returns FALSE
T3940 014:693.917 JLINK_IsHalted()
T3940 014:694.451 - 0.533ms returns FALSE
T3940 014:803.032 JLINK_IsHalted()
T3940 014:803.754 - 0.720ms returns FALSE
T3940 014:803.925 JLINK_IsHalted()
T3940 014:804.590 - 0.663ms returns FALSE
T3940 014:912.043 JLINK_IsHalted()
T3940 014:912.642 - 0.597ms returns FALSE
T3940 014:912.707 JLINK_IsHalted()
T3940 014:913.082 - 0.373ms returns FALSE
T3940 015:022.062 JLINK_IsHalted()
T3940 015:022.789 - 0.725ms returns FALSE
T3940 015:022.925 JLINK_IsHalted()
T3940 015:023.414 - 0.489ms returns FALSE
T3940 015:131.043 JLINK_IsHalted()
T3940 015:131.734 - 0.691ms returns FALSE
T3940 015:131.891 JLINK_IsHalted()
T3940 015:132.408 - 0.516ms returns FALSE
T3940 015:240.059 JLINK_IsHalted()
T3940 015:240.749 - 0.688ms returns FALSE
T3940 015:240.931 JLINK_IsHalted()
T3940 015:241.522 - 0.589ms returns FALSE
T3940 015:350.042 JLINK_IsHalted()
T3940 015:350.843 - 0.800ms returns FALSE
T3940 015:350.987 JLINK_IsHalted()
T3940 015:351.597 - 0.607ms returns FALSE
T3940 015:459.042 JLINK_IsHalted()
T3940 015:461.059 - 2.016ms returns FALSE
T3940 015:461.243 JLINK_IsHalted()
T3940 015:461.830 - 0.585ms returns FALSE
T3940 015:568.074 JLINK_IsHalted()
T3940 015:568.778 - 0.703ms returns FALSE
T3940 015:568.957 JLINK_IsHalted()
T3940 015:569.557 - 0.598ms returns FALSE
T3940 015:678.029 JLINK_IsHalted()
T3940 015:678.573 - 0.541ms returns FALSE
T3940 015:678.635 JLINK_IsHalted()
T3940 015:679.112 - 0.475ms returns FALSE
T3940 015:787.058 JLINK_IsHalted()
T3940 015:787.661 - 0.604ms returns FALSE
T3940 015:787.816 JLINK_IsHalted()
T3940 015:788.360 - 0.542ms returns FALSE
T3940 015:897.029 JLINK_IsHalted()
T3940 015:897.642 - 0.611ms returns FALSE
T3940 015:897.781 JLINK_IsHalted()
T3940 015:898.194 - 0.412ms returns FALSE
T3940 016:006.030 JLINK_IsHalted()
T3940 016:006.744 - 0.714ms returns FALSE
T3940 016:006.869 JLINK_IsHalted()
T3940 016:007.378 - 0.508ms returns FALSE
T3940 016:115.048 JLINK_IsHalted()
T3940 016:115.688 - 0.638ms returns FALSE
T3940 016:115.778 JLINK_IsHalted()
T3940 016:116.213 - 0.434ms returns FALSE
T3940 016:225.043 JLINK_IsHalted()
T3940 016:225.677 - 0.632ms returns FALSE
T3940 016:225.795 JLINK_IsHalted()
T3940 016:226.346 - 0.550ms returns FALSE
T3940 016:334.048 JLINK_IsHalted()
T3940 016:334.826 - 0.776ms returns FALSE
T3940 016:335.014 JLINK_IsHalted()
T3940 016:335.571 - 0.556ms returns FALSE
T3940 016:443.024 JLINK_IsHalted()
T3940 016:444.246 - 1.221ms returns FALSE
T3940 016:444.374 JLINK_IsHalted()
T3940 016:444.771 - 0.397ms returns FALSE
T3940 016:553.045 JLINK_IsHalted()
T3940 016:553.682 - 0.620ms returns FALSE
T3940 016:553.766 JLINK_IsHalted()
T3940 016:554.229 - 0.460ms returns FALSE
T3940 016:662.046 JLINK_IsHalted()
T3940 016:662.610 - 0.562ms returns FALSE
T3940 016:662.683 JLINK_IsHalted()
T3940 016:663.048 - 0.364ms returns FALSE
T3940 016:772.018 JLINK_IsHalted()
T3940 016:772.600 - 0.582ms returns FALSE
T3940 016:772.691 JLINK_IsHalted()
T3940 016:773.147 - 0.454ms returns FALSE
T3940 016:880.980 JLINK_IsHalted()
T3940 016:881.614 - 0.631ms returns FALSE
T3940 016:881.720 JLINK_IsHalted()
T3940 016:882.292 - 0.570ms returns FALSE
T3940 016:990.018 JLINK_IsHalted()
T3940 016:990.604 - 0.587ms returns FALSE
T3940 016:990.670 JLINK_IsHalted()
T3940 016:991.078 - 0.408ms returns FALSE
T3940 017:100.028 JLINK_IsHalted()
T3940 017:100.592 - 0.562ms returns FALSE
T3940 017:100.652 JLINK_IsHalted()
T3940 017:101.076 - 0.421ms returns FALSE
T3940 017:209.006 JLINK_IsHalted()
T3940 017:209.560 - 0.552ms returns FALSE
T3940 017:209.658 JLINK_IsHalted()
T3940 017:210.148 - 0.488ms returns FALSE
T3940 017:318.160 JLINK_IsHalted()
T3940 017:318.746 - 0.586ms returns FALSE
T3940 017:318.814 JLINK_IsHalted()
T3940 017:319.172 - 0.358ms returns FALSE
T3940 017:428.110 JLINK_IsHalted()
T3940 017:428.748 - 0.635ms returns FALSE
T3940 017:428.820 JLINK_IsHalted()
T3940 017:429.168 - 0.348ms returns FALSE
T3940 017:537.008 JLINK_IsHalted()
T3940 017:537.548 - 0.540ms returns FALSE
T3940 017:537.616 JLINK_IsHalted()
T3940 017:538.368 - 0.750ms returns FALSE
T3940 017:647.008 JLINK_IsHalted()
T3940 017:647.574 - 0.565ms returns FALSE
T3940 017:647.642 JLINK_IsHalted()
T3940 017:648.006 - 0.365ms returns FALSE
T3940 017:756.054 JLINK_IsHalted()
T3940 017:756.764 - 0.707ms returns FALSE
T3940 017:756.888 JLINK_IsHalted()
T3940 017:757.422 - 0.534ms returns FALSE
T3940 017:865.090 JLINK_IsHalted()
T3940 017:865.790 - 0.699ms returns FALSE
T3940 017:865.980 JLINK_IsHalted()
T3940 017:866.428 - 0.448ms returns FALSE
T3940 017:975.080 JLINK_IsHalted()
T3940 017:975.690 - 0.608ms returns FALSE
T3940 017:975.748 JLINK_IsHalted()
T3940 017:976.172 - 0.422ms returns FALSE
T3940 018:084.048 JLINK_IsHalted()
T3940 018:085.358 - 1.309ms returns FALSE
T3940 018:085.462 JLINK_IsHalted()
T3940 018:085.860 - 0.399ms returns FALSE
T3940 018:193.032 JLINK_IsHalted()
T3940 018:193.702 - 0.669ms returns FALSE
T3940 018:193.804 JLINK_IsHalted()
T3940 018:194.268 - 0.464ms returns FALSE
T3940 018:303.060 JLINK_IsHalted()
T3940 018:303.682 - 0.620ms returns FALSE
T3940 018:303.782 JLINK_IsHalted()
T3940 018:304.156 - 0.373ms returns FALSE
T3940 018:412.012 JLINK_IsHalted()
T3940 018:412.580 - 0.567ms returns FALSE
T3940 018:412.690 JLINK_IsHalted()
T3940 018:413.164 - 0.472ms returns FALSE
T3940 018:522.060 JLINK_IsHalted()
T3940 018:522.824 - 0.763ms returns FALSE
T3940 018:522.958 JLINK_IsHalted()
T3940 018:523.462 - 0.503ms returns FALSE
T3940 018:631.028 JLINK_IsHalted()
T3940 018:631.684 - 0.654ms returns FALSE
T3940 018:631.748 JLINK_IsHalted()
T3940 018:632.364 - 0.615ms returns FALSE
T3940 018:740.002 JLINK_IsHalted()
T3940 018:740.550 - 0.549ms returns FALSE
T3940 018:740.620 JLINK_IsHalted()
T3940 018:741.024 - 0.402ms returns FALSE
T3940 018:850.026 JLINK_IsHalted()
T3940 018:850.550 - 0.525ms returns FALSE
T3940 018:850.644 JLINK_IsHalted()
T3940 018:851.034 - 0.386ms returns FALSE
T3940 018:958.986 JLINK_IsHalted()
T3940 018:959.492 - 0.506ms returns FALSE
T3940 018:959.548 JLINK_IsHalted()
T3940 018:960.046 - 0.497ms returns FALSE
T3940 019:068.180 JLINK_IsHalted()
T3940 019:068.694 - 0.514ms returns FALSE
T3940 019:068.784 JLINK_IsHalted()
T3940 019:069.180 - 0.395ms returns FALSE
T3940 019:177.998 JLINK_IsHalted()
T3940 019:178.554 - 0.554ms returns FALSE
T3940 019:178.626 JLINK_IsHalted()
T3940 019:179.050 - 0.422ms returns FALSE
T3940 019:287.054 JLINK_IsHalted()
T3940 019:288.166 - 1.110ms returns FALSE
T3940 019:288.332 JLINK_IsHalted()
T3940 019:288.918 - 0.584ms returns FALSE
T3940 019:397.022 JLINK_IsHalted()
T3940 019:397.534 - 0.511ms returns FALSE
T3940 019:397.630 JLINK_IsHalted()
T3940 019:398.002 - 0.370ms returns FALSE
T3940 019:506.082 JLINK_IsHalted()
T3940 019:506.724 - 0.642ms returns FALSE
T3940 019:506.804 JLINK_IsHalted()
T3940 019:507.238 - 0.432ms returns FALSE
T3940 019:615.052 JLINK_IsHalted()
T3940 019:615.588 - 0.533ms returns FALSE
T3940 019:615.692 JLINK_IsHalted()
T3940 019:616.146 - 0.453ms returns FALSE
T3940 019:725.018 JLINK_IsHalted()
T3940 019:725.638 - 0.620ms returns FALSE
T3940 019:725.722 JLINK_IsHalted()
T3940 019:726.136 - 0.413ms returns FALSE
T3940 019:834.008 JLINK_IsHalted()
T3940 019:834.672 - 0.664ms returns FALSE
T3940 019:834.748 JLINK_IsHalted()
T3940 019:835.220 - 0.470ms returns FALSE
T3940 019:943.036 JLINK_IsHalted()
T3940 019:943.708 - 0.671ms returns FALSE
T3940 019:943.868 JLINK_IsHalted()
T3940 019:944.420 - 0.550ms returns FALSE
T3940 020:053.062 JLINK_IsHalted()
T3940 020:053.892 - 0.830ms returns FALSE
T3940 020:054.030 JLINK_IsHalted()
T3940 020:054.522 - 0.491ms returns FALSE
T3940 020:162.020 JLINK_IsHalted()
T3940 020:162.548 - 0.526ms returns FALSE
T3940 020:162.606 JLINK_IsHalted()
T3940 020:163.018 - 0.410ms returns FALSE
T3940 020:272.018 JLINK_IsHalted()
T3940 020:272.718 - 0.700ms returns FALSE
T3940 020:272.852 JLINK_IsHalted()
T3940 020:273.400 - 0.546ms returns FALSE
T3940 020:381.036 JLINK_IsHalted()
T3940 020:381.700 - 0.662ms returns FALSE
T3940 020:381.876 JLINK_IsHalted()
T3940 020:382.426 - 0.547ms returns FALSE
T3940 020:490.064 JLINK_IsHalted()
T3940 020:490.684 - 0.618ms returns FALSE
T3940 020:490.804 JLINK_IsHalted()
T3940 020:491.220 - 0.414ms returns FALSE
T3940 020:599.996 JLINK_IsHalted()
T3940 020:600.524 - 0.526ms returns FALSE
T3940 020:600.636 JLINK_IsHalted()
T3940 020:601.132 - 0.493ms returns FALSE
T3940 020:708.998 JLINK_IsHalted()
T3940 020:709.542 - 0.543ms returns FALSE
T3940 020:709.612 JLINK_IsHalted()
T3940 020:710.040 - 0.425ms returns FALSE
T3940 020:817.998 JLINK_IsHalted()
T3940 020:818.594 - 0.595ms returns FALSE
T3940 020:818.740 JLINK_IsHalted()
T3940 020:819.344 - 0.603ms returns FALSE
T3940 020:928.038 JLINK_IsHalted()
T3940 020:928.588 - 0.549ms returns FALSE
T3940 020:928.648 JLINK_IsHalted()
T3940 020:929.180 - 0.530ms returns FALSE
T3940 021:037.050 JLINK_IsHalted()
T3940 021:037.572 - 0.522ms returns FALSE
T3940 021:037.668 JLINK_IsHalted()
T3940 021:038.030 - 0.363ms returns FALSE
T3940 021:147.034 JLINK_IsHalted()
T3940 021:147.564 - 0.531ms returns FALSE
T3940 021:147.630 JLINK_IsHalted()
T3940 021:148.146 - 0.515ms returns FALSE
T3940 021:256.060 JLINK_IsHalted()
T3940 021:256.776 - 0.715ms returns FALSE
T3940 021:256.868 JLINK_IsHalted()
T3940 021:257.468 - 0.599ms returns FALSE
T3940 021:365.072 JLINK_IsHalted()
T3940 021:365.852 - 0.779ms returns FALSE
T3940 021:366.006 JLINK_IsHalted()
T3940 021:366.540 - 0.533ms returns FALSE
T3940 021:475.068 JLINK_IsHalted()
T3940 021:475.912 - 0.842ms returns FALSE
T3940 021:476.042 JLINK_IsHalted()
T3940 021:476.692 - 0.650ms returns FALSE
T3940 021:584.028 JLINK_IsHalted()
T3940 021:584.624 - 0.593ms returns FALSE
T3940 021:584.684 JLINK_IsHalted()
T3940 021:585.054 - 0.369ms returns FALSE
T3940 021:692.992 JLINK_IsHalted()
T3940 021:693.580 - 0.587ms returns FALSE
T3940 021:693.646 JLINK_IsHalted()
T3940 021:694.174 - 0.527ms returns FALSE
T3940 021:803.030 JLINK_IsHalted()
T3940 021:803.684 - 0.652ms returns FALSE
T3940 021:803.804 JLINK_IsHalted()
T3940 021:804.310 - 0.504ms returns FALSE
T3940 021:912.020 JLINK_IsHalted()
T3940 021:912.692 - 0.672ms returns FALSE
T3940 021:912.766 JLINK_IsHalted()
T3940 021:913.236 - 0.468ms returns FALSE
T3940 022:022.068 JLINK_IsHalted()
T3940 022:022.774 - 0.706ms returns FALSE
T3940 022:022.948 JLINK_IsHalted()
T3940 022:023.470 - 0.522ms returns FALSE
T3940 022:131.052 JLINK_IsHalted()
T3940 022:131.744 - 0.691ms returns FALSE
T3940 022:131.844 JLINK_IsHalted()
T3940 022:132.292 - 0.446ms returns FALSE
T3940 022:240.038 JLINK_IsHalted()
T3940 022:240.700 - 0.660ms returns FALSE
T3940 022:240.762 JLINK_IsHalted()
T3940 022:241.198 - 0.437ms returns FALSE
T3940 022:350.140 JLINK_IsHalted()
T3940 022:351.692 - 1.552ms returns FALSE
T3940 022:351.868 JLINK_IsHalted()
T3940 022:352.498 - 0.627ms returns FALSE
T3940 022:459.100 JLINK_IsHalted()
T3940 022:459.960 - 0.858ms returns FALSE
T3940 022:460.150 JLINK_IsHalted()
T3940 022:460.764 - 0.610ms returns FALSE
T3940 022:568.058 JLINK_IsHalted()
T3940 022:569.022 - 0.962ms returns FALSE
T3940 022:569.258 JLINK_IsHalted()
T3940 022:569.924 - 0.667ms returns FALSE
T3940 022:678.034 JLINK_IsHalted()
T3940 022:678.966 - 0.931ms returns FALSE
T3940 022:679.170 JLINK_IsHalted()
T3940 022:679.894 - 0.722ms returns FALSE
T3940 022:787.084 JLINK_IsHalted()
T3940 022:787.850 - 0.765ms returns FALSE
T3940 022:788.004 JLINK_IsHalted()
T3940 022:788.580 - 0.574ms returns FALSE
T3940 022:897.056 JLINK_IsHalted()
T3940 022:897.682 - 0.622ms returns FALSE
T3940 022:897.822 JLINK_IsHalted()
T3940 022:898.374 - 0.550ms returns FALSE
T3940 023:006.076 JLINK_IsHalted()
T3940 023:006.884 - 0.804ms returns FALSE
T3940 023:007.094 JLINK_IsHalted()
T3940 023:007.726 - 0.629ms returns FALSE
T3940 023:115.050 JLINK_IsHalted()
T3940 023:115.680 - 0.630ms returns FALSE
T3940 023:115.838 JLINK_IsHalted()
T3940 023:116.386 - 0.545ms returns FALSE
T3940 023:225.026 JLINK_IsHalted()
T3940 023:225.776 - 0.749ms returns FALSE
T3940 023:225.912 JLINK_IsHalted()
T3940 023:226.434 - 0.520ms returns FALSE
T3940 023:333.540 JLINK_IsHalted()
T3940 023:334.396 - 0.855ms returns FALSE
T3940 023:334.516 JLINK_IsHalted()
T3940 023:334.968 - 0.440ms returns FALSE
T3940 023:443.590 JLINK_IsHalted()
T3940 023:444.378 - 0.785ms returns FALSE
T3940 023:444.592 JLINK_IsHalted()
T3940 023:445.180 - 0.586ms returns FALSE
T3940 023:552.538 JLINK_IsHalted()
T3940 023:553.256 - 0.718ms returns FALSE
T3940 023:553.380 JLINK_IsHalted()
T3940 023:554.030 - 0.647ms returns FALSE
T3940 023:662.556 JLINK_IsHalted()
T3940 023:663.150 - 0.594ms returns FALSE
T3940 023:663.228 JLINK_IsHalted()
T3940 023:663.796 - 0.568ms returns FALSE
T3940 023:771.544 JLINK_IsHalted()
T3940 023:772.194 - 0.649ms returns FALSE
T3940 023:772.288 JLINK_IsHalted()
T3940 023:772.874 - 0.585ms returns FALSE
T3940 023:880.582 JLINK_IsHalted()
T3940 023:881.212 - 0.627ms returns FALSE
T3940 023:881.336 JLINK_IsHalted()
T3940 023:881.850 - 0.512ms returns FALSE
T3940 023:990.548 JLINK_IsHalted()
T3940 023:991.172 - 0.623ms returns FALSE
T3940 023:991.244 JLINK_IsHalted()
T3940 023:991.608 - 0.362ms returns FALSE
T3940 024:099.580 JLINK_IsHalted()
T3940 024:100.342 - 0.762ms returns FALSE
T3940 024:100.452 JLINK_IsHalted()
T3940 024:100.988 - 0.535ms returns FALSE
T3940 024:208.558 JLINK_IsHalted()
T3940 024:209.120 - 0.560ms returns FALSE
T3940 024:209.222 JLINK_IsHalted()
T3940 024:209.622 - 0.399ms returns FALSE
T3940 024:318.512 JLINK_IsHalted()
T3940 024:319.866 - 1.352ms returns FALSE
T3940 024:319.972 JLINK_IsHalted()
T3940 024:320.618 - 0.644ms returns FALSE
T3940 024:427.540 JLINK_IsHalted()
T3940 024:428.212 - 0.669ms returns FALSE
T3940 024:428.364 JLINK_IsHalted()
T3940 024:428.890 - 0.524ms returns FALSE
T3940 024:537.514 JLINK_IsHalted()
T3940 024:538.248 - 0.733ms returns FALSE
T3940 024:538.396 JLINK_IsHalted()
T3940 024:538.900 - 0.502ms returns FALSE
T3940 024:646.540 JLINK_IsHalted()
T3940 024:647.174 - 0.632ms returns FALSE
T3940 024:647.262 JLINK_IsHalted()
T3940 024:647.798 - 0.535ms returns FALSE
T3940 024:755.560 JLINK_IsHalted()
T3940 024:756.716 - 1.156ms returns FALSE
T3940 024:756.900 JLINK_IsHalted()
T3940 024:757.482 - 0.582ms returns FALSE
T3940 024:865.544 JLINK_IsHalted()
T3940 024:866.126 - 0.582ms returns FALSE
T3940 024:866.176 JLINK_IsHalted()
T3940 024:866.676 - 0.500ms returns FALSE
T3940 024:974.586 JLINK_IsHalted()
T3940 024:975.250 - 0.662ms returns FALSE
T3940 024:975.380 JLINK_IsHalted()
T3940 024:976.006 - 0.625ms returns FALSE
T3940 025:083.542 JLINK_IsHalted()
T3940 025:084.026 - 0.481ms returns FALSE
T3940 025:084.114 JLINK_IsHalted()
T3940 025:084.466 - 0.350ms returns FALSE
T3940 025:193.516 JLINK_IsHalted()
T3940 025:194.012 - 0.495ms returns FALSE
T3940 025:194.108 JLINK_IsHalted()
T3940 025:194.460 - 0.351ms returns FALSE
T3940 025:302.558 JLINK_IsHalted()
T3940 025:303.176 - 0.617ms returns FALSE
T3940 025:303.282 JLINK_IsHalted()
T3940 025:303.820 - 0.536ms returns FALSE
T3940 025:412.564 JLINK_IsHalted()
T3940 025:413.082 - 0.515ms returns FALSE
T3940 025:413.196 JLINK_IsHalted()
T3940 025:413.572 - 0.373ms returns FALSE
T3940 025:521.556 JLINK_IsHalted()
T3940 025:522.042 - 0.484ms returns FALSE
T3940 025:522.130 JLINK_IsHalted()
T3940 025:522.518 - 0.386ms returns FALSE
T3940 025:630.516 JLINK_IsHalted()
T3940 025:631.060 - 0.541ms returns FALSE
T3940 025:631.150 JLINK_IsHalted()
T3940 025:631.578 - 0.427ms returns FALSE
T3940 025:740.676 JLINK_IsHalted()
T3940 025:741.240 - 0.563ms returns FALSE
T3940 025:741.308 JLINK_IsHalted()
T3940 025:741.696 - 0.388ms returns FALSE
T3940 025:849.580 JLINK_IsHalted()
T3940 025:850.124 - 0.545ms returns FALSE
T3940 025:850.212 JLINK_IsHalted()
T3940 025:850.684 - 0.471ms returns FALSE
T3940 025:958.594 JLINK_IsHalted()
T3940 025:959.394 - 0.799ms returns FALSE
T3940 025:959.514 JLINK_IsHalted()
T3940 025:960.090 - 0.576ms returns FALSE
T3940 026:068.630 JLINK_IsHalted()
T3940 026:069.322 - 0.689ms returns FALSE
T3940 026:069.420 JLINK_IsHalted()
T3940 026:069.954 - 0.530ms returns FALSE
T3940 026:177.506 JLINK_IsHalted()
T3940 026:178.180 - 0.673ms returns FALSE
T3940 026:178.240 JLINK_IsHalted()
T3940 026:178.842 - 0.602ms returns FALSE
T3940 026:287.624 JLINK_IsHalted()
T3940 026:288.452 - 0.828ms returns FALSE
T3940 026:288.604 JLINK_IsHalted()
T3940 026:289.194 - 0.589ms returns FALSE
T3940 026:396.580 JLINK_IsHalted()
T3940 026:397.296 - 0.716ms returns FALSE
T3940 026:397.394 JLINK_IsHalted()
T3940 026:397.862 - 0.469ms returns FALSE
T3940 026:505.584 JLINK_IsHalted()
T3940 026:506.252 - 0.667ms returns FALSE
T3940 026:506.356 JLINK_IsHalted()
T3940 026:506.804 - 0.446ms returns FALSE
T3940 026:615.570 JLINK_IsHalted()
T3940 026:616.182 - 0.613ms returns FALSE
T3940 026:616.268 JLINK_IsHalted()
T3940 026:616.628 - 0.359ms returns FALSE
T3940 026:724.528 JLINK_IsHalted()
T3940 026:725.028 - 0.501ms returns FALSE
T3940 026:725.110 JLINK_IsHalted()
T3940 026:725.452 - 0.341ms returns FALSE
T3940 026:833.620 JLINK_IsHalted()
T3940 026:834.138 - 0.515ms returns FALSE
T3940 026:834.230 JLINK_IsHalted()
T3940 026:834.628 - 0.397ms returns FALSE
T3940 026:943.508 JLINK_IsHalted()
T3940 026:944.140 - 0.634ms returns FALSE
T3940 026:944.188 JLINK_IsHalted()
T3940 026:944.566 - 0.379ms returns FALSE
T3940 027:052.576 JLINK_IsHalted()
T3940 027:053.226 - 0.650ms returns FALSE
T3940 027:053.300 JLINK_IsHalted()
T3940 027:053.756 - 0.459ms returns FALSE
T3940 027:162.588 JLINK_IsHalted()
T3940 027:163.686 - 1.100ms returns FALSE
T3940 027:163.766 JLINK_IsHalted()
T3940 027:164.134 - 0.366ms returns FALSE
T3940 027:271.530 JLINK_IsHalted()
T3940 027:272.154 - 0.620ms returns FALSE
T3940 027:272.272 JLINK_IsHalted()
T3940 027:272.700 - 0.427ms returns FALSE
T3940 027:380.570 JLINK_IsHalted()
T3940 027:381.094 - 0.522ms returns FALSE
T3940 027:381.152 JLINK_IsHalted()
T3940 027:381.500 - 0.349ms returns FALSE
T3940 027:490.570 JLINK_IsHalted()
T3940 027:491.068 - 0.499ms returns FALSE
T3940 027:491.126 JLINK_IsHalted()
T3940 027:491.462 - 0.336ms returns FALSE
T3940 027:599.590 JLINK_IsHalted()
T3940 027:600.244 - 0.653ms returns FALSE
T3940 027:600.390 JLINK_IsHalted()
T3940 027:600.820 - 0.430ms returns FALSE
T3940 027:708.666 JLINK_IsHalted()
T3940 027:709.242 - 0.564ms returns FALSE
T3940 027:709.316 JLINK_IsHalted()
T3940 027:709.830 - 0.513ms returns FALSE
T3940 027:818.576 JLINK_IsHalted()
T3940 027:819.440 - 0.864ms returns FALSE
T3940 027:819.616 JLINK_IsHalted()
T3940 027:820.180 - 0.565ms returns FALSE
T3940 027:927.588 JLINK_IsHalted()
T3940 027:928.150 - 0.563ms returns FALSE
T3940 027:928.268 JLINK_IsHalted()
T3940 027:928.704 - 0.434ms returns FALSE
T3940 028:037.574 JLINK_IsHalted()
T3940 028:038.314 - 0.738ms returns FALSE
T3940 028:038.496 JLINK_IsHalted()
T3940 028:038.976 - 0.477ms returns FALSE
T3940 028:146.564 JLINK_IsHalted()
T3940 028:147.686 - 1.120ms returns FALSE
T3940 028:147.844 JLINK_IsHalted()
T3940 028:148.342 - 0.497ms returns FALSE
T3940 028:255.580 JLINK_IsHalted()
T3940 028:256.188 - 0.606ms returns FALSE
T3940 028:256.282 JLINK_IsHalted()
T3940 028:256.756 - 0.471ms returns FALSE
T3940 028:365.510 JLINK_IsHalted()
T3940 028:366.032 - 0.518ms returns FALSE
T3940 028:366.134 JLINK_IsHalted()
T3940 028:366.650 - 0.515ms returns FALSE
T3940 028:474.544 JLINK_IsHalted()
T3940 028:475.130 - 0.585ms returns FALSE
T3940 028:475.222 JLINK_IsHalted()
T3940 028:475.658 - 0.436ms returns FALSE
T3940 028:583.588 JLINK_IsHalted()
T3940 028:584.090 - 0.503ms returns FALSE
T3940 028:584.188 JLINK_IsHalted()
T3940 028:584.544 - 0.356ms returns FALSE
T3940 028:693.524 JLINK_IsHalted()
T3940 028:694.054 - 0.531ms returns FALSE
T3940 028:694.156 JLINK_IsHalted()
T3940 028:694.580 - 0.421ms returns FALSE
T3940 028:802.592 JLINK_IsHalted()
T3940 028:803.200 - 0.609ms returns FALSE
T3940 028:803.356 JLINK_IsHalted()
T3940 028:803.772 - 0.417ms returns FALSE
T3940 028:912.544 JLINK_IsHalted()
T3940 028:913.820 - 1.274ms returns FALSE
T3940 028:913.882 JLINK_IsHalted()
T3940 028:914.384 - 0.500ms returns FALSE
T3940 029:021.540 JLINK_IsHalted()
T3940 029:022.250 - 0.711ms returns FALSE
T3940 029:022.336 JLINK_IsHalted()
T3940 029:022.724 - 0.386ms returns FALSE
T3940 029:130.604 JLINK_IsHalted()
T3940 029:131.412 - 0.807ms returns FALSE
T3940 029:131.556 JLINK_IsHalted()
T3940 029:132.064 - 0.509ms returns FALSE
T3940 029:240.598 JLINK_IsHalted()
T3940 029:241.366 - 0.769ms returns FALSE
T3940 029:241.500 JLINK_IsHalted()
T3940 029:241.968 - 0.467ms returns FALSE
T3940 029:349.580 JLINK_IsHalted()
T3940 029:350.284 - 0.703ms returns FALSE
T3940 029:350.384 JLINK_IsHalted()
T3940 029:350.780 - 0.396ms returns FALSE
T3940 029:458.598 JLINK_IsHalted()
T3940 029:459.268 - 0.649ms returns FALSE
T3940 029:459.338 JLINK_IsHalted()
T3940 029:459.818 - 0.479ms returns FALSE
T3940 029:568.572 JLINK_IsHalted()
T3940 029:569.108 - 0.534ms returns FALSE
T3940 029:569.232 JLINK_IsHalted()
T3940 029:569.644 - 0.412ms returns FALSE
T3940 029:677.516 JLINK_IsHalted()
T3940 029:678.122 - 0.602ms returns FALSE
T3940 029:678.214 JLINK_IsHalted()
T3940 029:678.576 - 0.362ms returns FALSE
T3940 029:787.514 JLINK_IsHalted()
T3940 029:788.116 - 0.603ms returns FALSE
T3940 029:788.186 JLINK_IsHalted()
T3940 029:788.618 - 0.431ms returns FALSE
T3940 029:896.554 JLINK_IsHalted()
T3940 029:897.034 - 0.477ms returns FALSE
T3940 029:897.126 JLINK_IsHalted()
T3940 029:897.514 - 0.388ms returns FALSE
T3940 030:005.532 JLINK_IsHalted()
T3940 030:006.102 - 0.567ms returns FALSE
T3940 030:006.166 JLINK_IsHalted()
T3940 030:006.640 - 0.464ms returns FALSE
T3940 030:115.652 JLINK_IsHalted()
T3940 030:116.352 - 0.700ms returns FALSE
T3940 030:116.490 JLINK_IsHalted()
T3940 030:116.954 - 0.464ms returns FALSE
T3940 030:224.540 JLINK_IsHalted()
T3940 030:225.216 - 0.675ms returns FALSE
T3940 030:225.316 JLINK_IsHalted()
T3940 030:225.862 - 0.545ms returns FALSE
T3940 030:333.542 JLINK_IsHalted()
T3940 030:334.314 - 0.770ms returns FALSE
T3940 030:334.442 JLINK_IsHalted()
T3940 030:335.014 - 0.571ms returns FALSE
T3940 030:443.540 JLINK_IsHalted()
T3940 030:444.224 - 0.681ms returns FALSE
T3940 030:444.364 JLINK_IsHalted()
T3940 030:444.892 - 0.527ms returns FALSE
T3940 030:552.550 JLINK_IsHalted()
T3940 030:553.130 - 0.578ms returns FALSE
T3940 030:553.196 JLINK_IsHalted()
T3940 030:553.588 - 0.388ms returns FALSE
T3940 030:662.694 JLINK_IsHalted()
T3940 030:663.420 - 0.725ms returns FALSE
T3940 030:663.546 JLINK_IsHalted()
T3940 030:664.026 - 0.480ms returns FALSE
T3940 030:771.594 JLINK_IsHalted()
T3940 030:772.346 - 0.750ms returns FALSE
T3940 030:772.442 JLINK_IsHalted()
T3940 030:773.018 - 0.576ms returns FALSE
T3940 030:880.532 JLINK_IsHalted()
T3940 030:881.158 - 0.627ms returns FALSE
T3940 030:881.264 JLINK_IsHalted()
T3940 030:881.702 - 0.435ms returns FALSE
T3940 030:990.608 JLINK_IsHalted()
T3940 030:991.290 - 0.682ms returns FALSE
T3940 030:991.350 JLINK_IsHalted()
T3940 030:991.782 - 0.428ms returns FALSE
T3940 031:099.572 JLINK_IsHalted()
T3940 031:100.164 - 0.591ms returns FALSE
T3940 031:100.230 JLINK_IsHalted()
T3940 031:100.596 - 0.364ms returns FALSE
T3940 031:208.544 JLINK_IsHalted()
T3940 031:209.236 - 0.689ms returns FALSE
T3940 031:209.372 JLINK_IsHalted()
T3940 031:209.820 - 0.447ms returns FALSE
T3940 031:318.516 JLINK_IsHalted()
T3940 031:319.110 - 0.593ms returns FALSE
T3940 031:319.190 JLINK_IsHalted()
T3940 031:319.580 - 0.391ms returns FALSE
T3940 031:427.514 JLINK_IsHalted()
T3940 031:428.102 - 0.586ms returns FALSE
T3940 031:428.204 JLINK_IsHalted()
T3940 031:428.588 - 0.384ms returns FALSE
T3940 031:537.540 JLINK_IsHalted()
T3940 031:538.166 - 0.626ms returns FALSE
T3940 031:538.214 JLINK_IsHalted()
T3940 031:538.572 - 0.357ms returns FALSE
T3940 031:646.534 JLINK_IsHalted()
T3940 031:647.014 - 0.479ms returns FALSE
T3940 031:647.100 JLINK_IsHalted()
T3940 031:647.434 - 0.332ms returns FALSE
T3940 031:755.542 JLINK_IsHalted()
T3940 031:756.154 - 0.610ms returns FALSE
T3940 031:756.228 JLINK_IsHalted()
T3940 031:756.662 - 0.434ms returns FALSE
T3940 031:865.548 JLINK_IsHalted()
T3940 031:866.122 - 0.571ms returns FALSE
T3940 031:866.170 JLINK_IsHalted()
T3940 031:866.596 - 0.408ms returns FALSE
T3940 031:974.532 JLINK_IsHalted()
T3940 031:975.156 - 0.625ms returns FALSE
T3940 031:975.244 JLINK_IsHalted()
T3940 031:975.610 - 0.361ms returns FALSE
T3940 032:083.572 JLINK_IsHalted()
T3940 032:084.090 - 0.516ms returns FALSE
T3940 032:084.148 JLINK_IsHalted()
T3940 032:084.534 - 0.388ms returns FALSE
T3940 032:193.520 JLINK_IsHalted()
T3940 032:194.164 - 0.644ms returns FALSE
T3940 032:194.268 JLINK_IsHalted()
T3940 032:194.788 - 0.519ms returns FALSE
T3940 032:302.576 JLINK_IsHalted()
T3940 032:303.142 - 0.567ms returns FALSE
T3940 032:303.206 JLINK_IsHalted()
T3940 032:303.572 - 0.367ms returns FALSE
T3940 032:412.572 JLINK_IsHalted()
T3940 032:413.594 - 1.022ms returns FALSE
T3940 032:413.706 JLINK_IsHalted()
T3940 032:414.188 - 0.482ms returns FALSE
T3940 032:521.536 JLINK_IsHalted()
T3940 032:522.058 - 0.520ms returns FALSE
T3940 032:522.118 JLINK_IsHalted()
T3940 032:522.460 - 0.342ms returns FALSE
T3940 032:630.524 JLINK_IsHalted()
T3940 032:631.200 - 0.673ms returns FALSE
T3940 032:631.260 JLINK_IsHalted()
T3940 032:631.716 - 0.455ms returns FALSE
T3940 032:740.516 JLINK_IsHalted()
T3940 032:741.290 - 0.773ms returns FALSE
T3940 032:741.418 JLINK_IsHalted()
T3940 032:741.904 - 0.472ms returns FALSE
T3940 032:849.548 JLINK_IsHalted()
T3940 032:850.038 - 0.490ms returns FALSE
T3940 032:850.124 JLINK_IsHalted()
T3940 032:850.468 - 0.340ms returns FALSE
T3940 032:958.534 JLINK_IsHalted()
T3940 032:959.216 - 0.680ms returns FALSE
T3940 032:959.324 JLINK_IsHalted()
T3940 032:959.866 - 0.541ms returns FALSE
T3940 033:068.516 JLINK_IsHalted()
T3940 033:069.072 - 0.555ms returns FALSE
T3940 033:069.164 JLINK_IsHalted()
T3940 033:069.680 - 0.513ms returns FALSE
T3940 033:177.552 JLINK_IsHalted()
T3940 033:178.064 - 0.509ms returns FALSE
T3940 033:178.154 JLINK_IsHalted()
T3940 033:178.538 - 0.382ms returns FALSE
T3940 033:287.542 JLINK_IsHalted()
T3940 033:288.092 - 0.550ms returns FALSE
T3940 033:288.160 JLINK_IsHalted()
T3940 033:288.614 - 0.451ms returns FALSE
T3940 033:396.538 JLINK_IsHalted()
T3940 033:397.068 - 0.530ms returns FALSE
T3940 033:397.164 JLINK_IsHalted()
T3940 033:397.686 - 0.521ms returns FALSE
T3940 033:505.600 JLINK_IsHalted()
T3940 033:506.412 - 0.813ms returns FALSE
T3940 033:506.608 JLINK_IsHalted()
T3940 033:507.204 - 0.595ms returns FALSE
T3940 033:615.584 JLINK_IsHalted()
T3940 033:616.392 - 0.811ms returns FALSE
T3940 033:616.588 JLINK_IsHalted()
T3940 033:617.200 - 0.612ms returns FALSE
T3940 033:724.556 JLINK_IsHalted()
T3940 033:725.336 - 0.779ms returns FALSE
T3940 033:725.460 JLINK_IsHalted()
T3940 033:726.048 - 0.587ms returns FALSE
T3940 033:833.556 JLINK_IsHalted()
T3940 033:834.348 - 0.792ms returns FALSE
T3940 033:834.488 JLINK_IsHalted()
T3940 033:834.984 - 0.492ms returns FALSE
T3940 033:943.580 JLINK_IsHalted()
T3940 033:944.296 - 0.714ms returns FALSE
T3940 033:944.396 JLINK_IsHalted()
T3940 033:944.884 - 0.483ms returns FALSE
T3940 034:052.540 JLINK_IsHalted()
T3940 034:053.280 - 0.737ms returns FALSE
T3940 034:053.356 JLINK_IsHalted()
T3940 034:053.756 - 0.398ms returns FALSE
T3940 034:162.584 JLINK_IsHalted()
T3940 034:163.448 - 0.865ms returns FALSE
T3940 034:163.680 JLINK_IsHalted()
T3940 034:164.312 - 0.632ms returns FALSE
T3940 034:271.620 JLINK_IsHalted()
T3940 034:272.396 - 0.777ms returns FALSE
T3940 034:272.556 JLINK_IsHalted()
T3940 034:273.096 - 0.536ms returns FALSE
T3940 034:380.572 JLINK_IsHalted()
T3940 034:381.540 - 0.963ms returns FALSE
T3940 034:381.744 JLINK_IsHalted()
T3940 034:382.340 - 0.594ms returns FALSE
T3940 034:490.560 JLINK_IsHalted()
T3940 034:491.412 - 0.851ms returns FALSE
T3940 034:491.620 JLINK_IsHalted()
T3940 034:492.196 - 0.575ms returns FALSE
T3940 034:599.564 JLINK_IsHalted()
T3940 034:600.732 - 1.164ms returns FALSE
T3940 034:600.920 JLINK_IsHalted()
T3940 034:601.460 - 0.540ms returns FALSE
T3940 034:708.540 JLINK_IsHalted()
T3940 034:709.192 - 0.650ms returns FALSE
T3940 034:709.316 JLINK_IsHalted()
T3940 034:709.776 - 0.461ms returns FALSE
T3940 034:818.632 JLINK_IsHalted()
T3940 034:819.304 - 0.671ms returns FALSE
T3940 034:819.432 JLINK_IsHalted()
T3940 034:819.992 - 0.561ms returns FALSE
T3940 034:927.560 JLINK_IsHalted()
T3940 034:928.272 - 0.711ms returns FALSE
T3940 034:928.368 JLINK_IsHalted()
T3940 034:928.756 - 0.386ms returns FALSE
T3940 035:037.628 JLINK_IsHalted()
T3940 035:038.316 - 0.685ms returns FALSE
T3940 035:038.412 JLINK_IsHalted()
T3940 035:038.936 - 0.524ms returns FALSE
T3940 035:146.552 JLINK_IsHalted()
T3940 035:147.076 - 0.522ms returns FALSE
T3940 035:147.180 JLINK_IsHalted()
T3940 035:147.564 - 0.384ms returns FALSE
T3940 035:255.528 JLINK_IsHalted()
T3940 035:256.144 - 0.616ms returns FALSE
T3940 035:256.212 JLINK_IsHalted()
T3940 035:256.648 - 0.435ms returns FALSE
T3940 035:365.716 JLINK_IsHalted()
T3940 035:367.392 - 1.676ms returns FALSE
T3940 035:367.644 JLINK_IsHalted()
T3940 035:368.452 - 0.808ms returns FALSE
T3940 035:474.604 JLINK_IsHalted()
T3940 035:475.592 - 0.982ms returns FALSE
T3940 035:475.756 JLINK_IsHalted()
T3940 035:476.300 - 0.541ms returns FALSE
T3940 035:583.560 JLINK_IsHalted()
T3940 035:584.188 - 0.631ms returns FALSE
T3940 035:584.296 JLINK_IsHalted()
T3940 035:584.852 - 0.543ms returns FALSE
T3940 035:693.560 JLINK_IsHalted()
T3940 035:694.136 - 0.578ms returns FALSE
T3940 035:694.208 JLINK_IsHalted()
T3940 035:694.616 - 0.410ms returns FALSE
T3940 035:802.560 JLINK_IsHalted()
T3940 035:803.176 - 0.614ms returns FALSE
T3940 035:803.324 JLINK_IsHalted()
T3940 035:803.848 - 0.527ms returns FALSE
T3940 035:912.536 JLINK_IsHalted()
T3940 035:913.212 - 0.675ms returns FALSE
T3940 035:913.336 JLINK_IsHalted()
T3940 035:913.836 - 0.503ms returns FALSE
T3940 036:021.580 JLINK_IsHalted()
T3940 036:022.348 - 0.768ms returns FALSE
T3940 036:022.488 JLINK_IsHalted()
T3940 036:022.992 - 0.502ms returns FALSE
T3940 036:130.564 JLINK_IsHalted()
T3940 036:131.200 - 0.633ms returns FALSE
T3940 036:131.296 JLINK_IsHalted()
T3940 036:131.768 - 0.474ms returns FALSE
T3940 036:240.520 JLINK_IsHalted()
T3940 036:241.068 - 0.546ms returns FALSE
T3940 036:241.136 JLINK_IsHalted()
T3940 036:241.592 - 0.456ms returns FALSE
T3940 036:349.560 JLINK_IsHalted()
T3940 036:350.276 - 0.712ms returns FALSE
T3940 036:350.472 JLINK_IsHalted()
T3940 036:350.980 - 0.510ms returns FALSE
T3940 036:458.564 JLINK_IsHalted()
T3940 036:459.196 - 0.633ms returns FALSE
T3940 036:459.300 JLINK_IsHalted()
T3940 036:459.764 - 0.462ms returns FALSE
T3940 036:568.592 JLINK_IsHalted()
T3940 036:569.256 - 0.661ms returns FALSE
T3940 036:569.360 JLINK_IsHalted()
T3940 036:569.744 - 0.380ms returns FALSE
T3940 036:677.636 JLINK_IsHalted()
T3940 036:678.280 - 0.642ms returns FALSE
T3940 036:678.392 JLINK_IsHalted()
T3940 036:678.936 - 0.545ms returns FALSE
T3940 036:787.688 JLINK_IsHalted()
T3940 036:788.544 - 0.854ms returns FALSE
T3940 036:788.636 JLINK_IsHalted()
T3940 036:789.352 - 0.716ms returns FALSE
T3940 036:896.064 JLINK_IsHalted()
T3940 036:896.648 - 0.584ms returns FALSE
T3940 036:896.756 JLINK_IsHalted()
T3940 036:897.240 - 0.480ms returns FALSE
T3940 037:006.100 JLINK_IsHalted()
T3940 037:006.644 - 0.545ms returns FALSE
T3940 037:006.744 JLINK_IsHalted()
T3940 037:007.200 - 0.455ms returns FALSE
T3940 037:115.064 JLINK_IsHalted()
T3940 037:115.592 - 0.529ms returns FALSE
T3940 037:115.692 JLINK_IsHalted()
T3940 037:116.272 - 0.575ms returns FALSE
T3940 037:225.064 JLINK_IsHalted()
T3940 037:225.700 - 0.635ms returns FALSE
T3940 037:225.808 JLINK_IsHalted()
T3940 037:226.376 - 0.565ms returns FALSE
T3940 037:334.072 JLINK_IsHalted()
T3940 037:334.752 - 0.680ms returns FALSE
T3940 037:334.916 JLINK_IsHalted()
T3940 037:335.480 - 0.565ms returns FALSE
T3940 037:443.080 JLINK_IsHalted()
T3940 037:443.768 - 0.683ms returns FALSE
T3940 037:443.896 JLINK_IsHalted()
T3940 037:444.320 - 0.421ms returns FALSE
T3940 037:553.076 JLINK_IsHalted()
T3940 037:553.616 - 0.539ms returns FALSE
T3940 037:553.684 JLINK_IsHalted()
T3940 037:554.060 - 0.375ms returns FALSE
T3940 037:662.060 JLINK_IsHalted()
T3940 037:662.692 - 0.627ms returns FALSE
T3940 037:662.800 JLINK_IsHalted()
T3940 037:663.296 - 0.496ms returns FALSE
T3940 037:771.040 JLINK_IsHalted()
T3940 037:771.572 - 0.531ms returns FALSE
T3940 037:771.672 JLINK_IsHalted()
T3940 037:772.228 - 0.555ms returns FALSE
T3940 037:881.096 JLINK_IsHalted()
T3940 037:881.832 - 0.735ms returns FALSE
T3940 037:881.944 JLINK_IsHalted()
T3940 037:882.552 - 0.603ms returns FALSE
T3940 037:990.056 JLINK_IsHalted()
T3940 037:990.780 - 0.724ms returns FALSE
T3940 037:990.956 JLINK_IsHalted()
T3940 037:991.592 - 0.635ms returns FALSE
T3940 038:100.056 JLINK_IsHalted()
T3940 038:101.132 - 1.075ms returns FALSE
T3940 038:101.236 JLINK_IsHalted()
T3940 038:101.676 - 0.440ms returns FALSE
T3940 038:209.144 JLINK_IsHalted()
T3940 038:209.920 - 0.774ms returns FALSE
T3940 038:210.012 JLINK_IsHalted()
T3940 038:210.560 - 0.548ms returns FALSE
T3940 038:318.072 JLINK_IsHalted()
T3940 038:318.696 - 0.619ms returns FALSE
T3940 038:318.764 JLINK_IsHalted()
T3940 038:319.132 - 0.368ms returns FALSE
T3940 038:428.096 JLINK_IsHalted()
T3940 038:428.684 - 0.585ms returns FALSE
T3940 038:428.760 JLINK_IsHalted()
T3940 038:429.216 - 0.458ms returns FALSE
T3940 038:537.096 JLINK_IsHalted()
T3940 038:538.232 - 1.136ms returns FALSE
T3940 038:538.340 JLINK_IsHalted()
T3940 038:538.700 - 0.360ms returns FALSE
T3940 038:646.024 JLINK_IsHalted()
T3940 038:646.632 - 0.608ms returns FALSE
T3940 038:646.716 JLINK_IsHalted()
T3940 038:647.120 - 0.402ms returns FALSE
T3940 038:756.184 JLINK_IsHalted()
T3940 038:756.768 - 0.584ms returns FALSE
T3940 038:756.856 JLINK_IsHalted()
T3940 038:757.216 - 0.360ms returns FALSE
T3940 038:865.080 JLINK_IsHalted()
T3940 038:865.628 - 0.550ms returns FALSE
T3940 038:865.720 JLINK_IsHalted()
T3940 038:866.196 - 0.472ms returns FALSE
T3940 038:975.032 JLINK_IsHalted()
T3940 038:975.768 - 0.738ms returns FALSE
T3940 038:975.872 JLINK_IsHalted()
T3940 038:976.324 - 0.448ms returns FALSE
T3940 039:084.056 JLINK_IsHalted()
T3940 039:084.604 - 0.546ms returns FALSE
T3940 039:084.704 JLINK_IsHalted()
T3940 039:085.092 - 0.385ms returns FALSE
T3940 039:193.108 JLINK_IsHalted()
T3940 039:193.932 - 0.826ms returns FALSE
T3940 039:194.008 JLINK_IsHalted()
T3940 039:194.500 - 0.488ms returns FALSE
T3940 039:303.032 JLINK_IsHalted()
T3940 039:303.588 - 0.553ms returns FALSE
T3940 039:303.692 JLINK_IsHalted()
T3940 039:304.116 - 0.422ms returns FALSE
T3940 039:412.044 JLINK_IsHalted()
T3940 039:412.764 - 0.717ms returns FALSE
T3940 039:412.876 JLINK_IsHalted()
T3940 039:413.300 - 0.421ms returns FALSE
T3940 039:521.112 JLINK_IsHalted()
T3940 039:521.620 - 0.507ms returns FALSE
T3940 039:521.716 JLINK_IsHalted()
T3940 039:522.084 - 0.367ms returns FALSE
T3940 039:631.060 JLINK_IsHalted()
T3940 039:631.632 - 0.571ms returns FALSE
T3940 039:631.704 JLINK_IsHalted()
T3940 039:632.104 - 0.398ms returns FALSE
T3940 039:740.088 JLINK_IsHalted()
T3940 039:741.016 - 0.930ms returns FALSE
T3940 039:741.180 JLINK_IsHalted()
T3940 039:741.752 - 0.573ms returns FALSE
T3940 039:850.040 JLINK_IsHalted()
T3940 039:850.676 - 0.624ms returns FALSE
T3940 039:850.748 JLINK_IsHalted()
T3940 039:851.128 - 0.381ms returns FALSE
T3940 039:959.080 JLINK_IsHalted()
T3940 039:959.936 - 0.852ms returns FALSE
T3940 039:960.088 JLINK_IsHalted()
T3940 039:960.648 - 0.557ms returns FALSE
T3940 040:068.124 JLINK_IsHalted()
T3940 040:068.736 - 0.611ms returns FALSE
T3940 040:068.808 JLINK_IsHalted()
T3940 040:069.220 - 0.412ms returns FALSE
T3940 040:178.136 JLINK_IsHalted()
T3940 040:178.792 - 0.651ms returns FALSE
T3940 040:178.888 JLINK_IsHalted()
T3940 040:179.260 - 0.370ms returns FALSE
T3940 040:287.028 JLINK_IsHalted()
T3940 040:287.644 - 0.615ms returns FALSE
T3940 040:287.728 JLINK_IsHalted()
T3940 040:288.164 - 0.432ms returns FALSE
T3940 040:396.096 JLINK_IsHalted()
T3940 040:396.780 - 0.682ms returns FALSE
T3940 040:396.928 JLINK_IsHalted()
T3940 040:397.432 - 0.502ms returns FALSE
T3940 040:506.080 JLINK_IsHalted()
T3940 040:506.756 - 0.674ms returns FALSE
T3940 040:506.920 JLINK_IsHalted()
T3940 040:507.428 - 0.505ms returns FALSE
T3940 040:615.100 JLINK_IsHalted()
T3940 040:615.756 - 0.657ms returns FALSE
T3940 040:615.840 JLINK_IsHalted()
T3940 040:616.328 - 0.484ms returns FALSE
T3940 040:724.580 JLINK_IsHalted()
T3940 040:725.180 - 0.603ms returns FALSE
T3940 040:725.304 JLINK_IsHalted()
T3940 040:725.800 - 0.490ms returns FALSE
T3940 040:834.164 JLINK_IsHalted()
T3940 040:834.680 - 0.516ms returns FALSE
T3940 040:834.784 JLINK_IsHalted()
T3940 040:835.224 - 0.442ms returns FALSE
T3940 040:943.104 JLINK_IsHalted()
T3940 040:943.960 - 0.855ms returns FALSE
T3940 040:944.064 JLINK_IsHalted()
T3940 040:944.564 - 0.501ms returns FALSE
T3940 041:053.144 JLINK_IsHalted()
T3940 041:053.764 - 0.617ms returns FALSE
T3940 041:053.880 JLINK_IsHalted()
T3940 041:054.256 - 0.375ms returns FALSE
T3940 041:162.148 JLINK_IsHalted()
T3940 041:162.664 - 0.517ms returns FALSE
T3940 041:162.764 JLINK_IsHalted()
T3940 041:163.196 - 0.430ms returns FALSE
T3940 041:271.104 JLINK_IsHalted()
T3940 041:271.748 - 0.645ms returns FALSE
T3940 041:271.900 JLINK_IsHalted()
T3940 041:272.284 - 0.383ms returns FALSE
T3940 041:381.132 JLINK_IsHalted()
T3940 041:381.748 - 0.614ms returns FALSE
T3940 041:381.816 JLINK_IsHalted()
T3940 041:382.276 - 0.462ms returns FALSE
T3940 041:490.116 JLINK_IsHalted()
T3940 041:490.664 - 0.551ms returns FALSE
T3940 041:490.728 JLINK_IsHalted()
T3940 041:491.104 - 0.377ms returns FALSE
T3940 041:600.148 JLINK_IsHalted()
T3940 041:600.908 - 0.762ms returns FALSE
T3940 041:601.056 JLINK_IsHalted()
T3940 041:601.580 - 0.522ms returns FALSE
T3940 041:709.176 JLINK_IsHalted()
T3940 041:709.912 - 0.733ms returns FALSE
T3940 041:710.008 JLINK_IsHalted()
T3940 041:710.476 - 0.470ms returns FALSE
T3940 041:818.132 JLINK_IsHalted()
T3940 041:818.988 - 0.856ms returns FALSE
T3940 041:819.128 JLINK_IsHalted()
T3940 041:821.144 - 2.013ms returns FALSE
T3940 041:928.140 JLINK_IsHalted()
T3940 041:928.916 - 0.772ms returns FALSE
T3940 041:929.056 JLINK_IsHalted()
T3940 041:929.648 - 0.587ms returns FALSE
T3940 042:037.192 JLINK_IsHalted()
T3940 042:038.028 - 0.833ms returns FALSE
T3940 042:038.176 JLINK_IsHalted()
T3940 042:038.636 - 0.459ms returns FALSE
T3940 042:146.204 JLINK_IsHalted()
T3940 042:147.032 - 0.826ms returns FALSE
T3940 042:147.260 JLINK_IsHalted()
T3940 042:148.040 - 0.775ms returns FALSE
T3940 042:256.220 JLINK_IsHalted()
T3940 042:257.096 - 0.873ms returns FALSE
T3940 042:257.324 JLINK_IsHalted()
T3940 042:258.056 - 0.721ms returns FALSE
T3940 042:365.236 JLINK_IsHalted()
T3940 042:366.208 - 0.971ms returns FALSE
T3940 042:366.472 JLINK_IsHalted()
T3940 042:367.252 - 0.781ms returns FALSE
T3940 042:474.208 JLINK_IsHalted()
T3940 042:474.856 - 0.648ms returns FALSE
T3940 042:474.936 JLINK_IsHalted()
T3940 042:475.496 - 0.559ms returns FALSE
T3940 042:584.224 JLINK_IsHalted()
T3940 042:584.984 - 0.762ms returns FALSE
T3940 042:585.112 JLINK_IsHalted()
T3940 042:585.652 - 0.534ms returns FALSE
T3940 042:693.240 JLINK_IsHalted()
T3940 042:695.172 - 1.931ms returns FALSE
T3940 042:695.376 JLINK_IsHalted()
T3940 042:696.068 - 0.691ms returns FALSE
T3940 042:803.272 JLINK_IsHalted()
T3940 042:804.024 - 0.746ms returns FALSE
T3940 042:804.188 JLINK_IsHalted()
T3940 042:804.788 - 0.598ms returns FALSE
T3940 042:912.284 JLINK_IsHalted()
T3940 042:913.016 - 0.729ms returns FALSE
T3940 042:913.092 JLINK_IsHalted()
T3940 042:913.636 - 0.541ms returns FALSE
T3940 043:021.216 JLINK_IsHalted()
T3940 043:021.956 - 0.737ms returns FALSE
T3940 043:022.068 JLINK_IsHalted()
T3940 043:022.652 - 0.584ms returns FALSE
T3940 043:131.240 JLINK_IsHalted()
T3940 043:131.992 - 0.753ms returns FALSE
T3940 043:132.172 JLINK_IsHalted()
T3940 043:132.800 - 0.627ms returns FALSE
T3940 043:240.188 JLINK_IsHalted()
T3940 043:241.016 - 0.828ms returns FALSE
T3940 043:241.168 JLINK_IsHalted()
T3940 043:241.720 - 0.550ms returns FALSE
T3940 043:349.252 JLINK_IsHalted()
T3940 043:349.960 - 0.705ms returns FALSE
T3940 043:350.084 JLINK_IsHalted()
T3940 043:350.576 - 0.492ms returns FALSE
T3940 043:459.228 JLINK_IsHalted()
T3940 043:459.964 - 0.736ms returns FALSE
T3940 043:460.084 JLINK_IsHalted()
T3940 043:460.668 - 0.584ms returns FALSE
T3940 043:568.188 JLINK_IsHalted()
T3940 043:568.884 - 0.693ms returns FALSE
T3940 043:568.964 JLINK_IsHalted()
T3940 043:569.504 - 0.541ms returns FALSE
T3940 043:678.224 JLINK_IsHalted()
T3940 043:678.980 - 0.752ms returns FALSE
T3940 043:679.144 JLINK_IsHalted()
T3940 043:679.796 - 0.652ms returns FALSE
T3940 043:787.188 JLINK_IsHalted()
T3940 043:787.868 - 0.682ms returns FALSE
T3940 043:787.992 JLINK_IsHalted()
T3940 043:788.624 - 0.628ms returns FALSE
T3940 043:896.212 JLINK_IsHalted()
T3940 043:896.976 - 0.764ms returns FALSE
T3940 043:897.084 JLINK_IsHalted()
T3940 043:897.656 - 0.567ms returns FALSE
T3940 044:006.236 JLINK_IsHalted()
T3940 044:006.860 - 0.621ms returns FALSE
T3940 044:006.936 JLINK_IsHalted()
T3940 044:007.476 - 0.536ms returns FALSE
T3940 044:115.252 JLINK_IsHalted()
T3940 044:116.184 - 0.935ms returns FALSE
T3940 044:116.324 JLINK_IsHalted()
T3940 044:116.860 - 0.534ms returns FALSE
T3940 044:224.180 JLINK_IsHalted()
T3940 044:224.900 - 0.722ms returns FALSE
T3940 044:225.056 JLINK_IsHalted()
T3940 044:225.576 - 0.517ms returns FALSE
T3940 044:334.164 JLINK_IsHalted()
T3940 044:334.912 - 0.749ms returns FALSE
T3940 044:335.016 JLINK_IsHalted()
T3940 044:335.528 - 0.510ms returns FALSE
T3940 044:443.220 JLINK_IsHalted()
T3940 044:444.904 - 1.684ms returns FALSE
T3940 044:445.016 JLINK_IsHalted()
T3940 044:445.528 - 0.508ms returns FALSE
T3940 044:553.224 JLINK_IsHalted()
T3940 044:553.852 - 0.630ms returns FALSE
T3940 044:554.024 JLINK_IsHalted()
T3940 044:554.520 - 0.493ms returns FALSE
T3940 044:662.216 JLINK_IsHalted()
T3940 044:663.048 - 0.829ms returns FALSE
T3940 044:663.156 JLINK_IsHalted()
T3940 044:663.740 - 0.584ms returns FALSE
T3940 044:771.208 JLINK_IsHalted()
T3940 044:771.868 - 0.656ms returns FALSE
T3940 044:772.020 JLINK_IsHalted()
T3940 044:772.472 - 0.454ms returns FALSE
T3940 044:880.700 JLINK_IsHalted()
T3940 044:881.348 - 0.644ms returns FALSE
T3940 044:881.428 JLINK_IsHalted()
T3940 044:881.832 - 0.403ms returns FALSE
T3940 044:990.696 JLINK_IsHalted()
T3940 044:991.452 - 0.757ms returns FALSE
T3940 044:991.608 JLINK_IsHalted()
T3940 044:992.128 - 0.516ms returns FALSE
T3940 045:099.724 JLINK_IsHalted()
T3940 045:100.476 - 0.752ms returns FALSE
T3940 045:100.616 JLINK_IsHalted()
T3940 045:101.260 - 0.644ms returns FALSE
T3940 045:208.724 JLINK_IsHalted()
T3940 045:209.592 - 0.867ms returns FALSE
T3940 045:209.816 JLINK_IsHalted()
T3940 045:210.480 - 0.664ms returns FALSE
T3940 045:318.732 JLINK_IsHalted()
T3940 045:319.620 - 0.885ms returns FALSE
T3940 045:319.800 JLINK_IsHalted()
T3940 045:320.444 - 0.645ms returns FALSE
T3940 045:427.704 JLINK_IsHalted()
T3940 045:428.460 - 0.757ms returns FALSE
T3940 045:428.616 JLINK_IsHalted()
T3940 045:429.224 - 0.609ms returns FALSE
T3940 045:536.704 JLINK_IsHalted()
T3940 045:537.436 - 0.732ms returns FALSE
T3940 045:537.636 JLINK_IsHalted()
T3940 045:538.196 - 0.559ms returns FALSE
T3940 045:646.716 JLINK_IsHalted()
T3940 045:647.488 - 0.770ms returns FALSE
T3940 045:647.612 JLINK_IsHalted()
T3940 045:648.216 - 0.600ms returns FALSE
T3940 045:755.700 JLINK_IsHalted()
T3940 045:756.464 - 0.763ms returns FALSE
T3940 045:756.616 JLINK_IsHalted()
T3940 045:757.144 - 0.528ms returns FALSE
T3940 045:865.968 JLINK_IsHalted()
T3940 045:866.804 - 0.843ms returns FALSE
T3940 045:866.896 JLINK_IsHalted()
T3940 045:869.848 - 2.945ms returns FALSE
T3940 045:974.728 JLINK_IsHalted()
T3940 045:975.672 - 0.943ms returns FALSE
T3940 045:975.876 JLINK_IsHalted()
T3940 045:977.812 - 1.934ms returns FALSE
T3940 046:083.704 JLINK_IsHalted()
T3940 046:084.472 - 0.762ms returns FALSE
T3940 046:084.576 JLINK_IsHalted()
T3940 046:085.100 - 0.525ms returns FALSE
T3940 046:193.768 JLINK_IsHalted()
T3940 046:194.608 - 0.840ms returns FALSE
T3940 046:194.824 JLINK_IsHalted()
T3940 046:195.688 - 0.868ms returns FALSE
T3940 046:302.720 JLINK_IsHalted()
T3940 046:303.572 - 0.850ms returns FALSE
T3940 046:303.792 JLINK_IsHalted()
T3940 046:304.468 - 0.674ms returns FALSE
T3940 046:411.820 JLINK_IsHalted()
T3940 046:412.740 - 0.919ms returns FALSE
T3940 046:412.952 JLINK_IsHalted()
T3940 046:413.640 - 0.689ms returns FALSE
T3940 046:521.712 JLINK_IsHalted()
T3940 046:522.620 - 0.910ms returns FALSE
T3940 046:522.808 JLINK_IsHalted()
T3940 046:523.428 - 0.618ms returns FALSE
T3940 046:630.716 JLINK_IsHalted()
T3940 046:631.600 - 0.882ms returns FALSE
T3940 046:631.820 JLINK_IsHalted()
T3940 046:632.472 - 0.648ms returns FALSE
T3940 046:740.740 JLINK_IsHalted()
T3940 046:742.520 - 1.778ms returns FALSE
T3940 046:742.724 JLINK_IsHalted()
T3940 046:743.332 - 0.609ms returns FALSE
T3940 046:849.736 JLINK_IsHalted()
T3940 046:850.700 - 0.963ms returns FALSE
T3940 046:850.904 JLINK_IsHalted()
T3940 046:851.564 - 0.660ms returns FALSE
T3940 046:958.776 JLINK_IsHalted()
T3940 046:959.696 - 0.919ms returns FALSE
T3940 046:959.996 JLINK_IsHalted()
T3940 046:960.848 - 0.849ms returns FALSE
T3940 047:068.748 JLINK_IsHalted()
T3940 047:069.688 - 0.940ms returns FALSE
T3940 047:069.932 JLINK_IsHalted()
T3940 047:070.600 - 0.667ms returns FALSE
T3940 047:177.736 JLINK_IsHalted()
T3940 047:178.596 - 0.860ms returns FALSE
T3940 047:178.808 JLINK_IsHalted()
T3940 047:179.576 - 0.765ms returns FALSE
T3940 047:286.728 JLINK_IsHalted()
T3940 047:287.572 - 0.842ms returns FALSE
T3940 047:287.756 JLINK_IsHalted()
T3940 047:288.472 - 0.715ms returns FALSE
T3940 047:396.724 JLINK_IsHalted()
T3940 047:397.576 - 0.849ms returns FALSE
T3940 047:397.768 JLINK_IsHalted()
T3940 047:398.380 - 0.615ms returns FALSE
T3940 047:505.728 JLINK_IsHalted()
T3940 047:506.548 - 0.819ms returns FALSE
T3940 047:506.776 JLINK_IsHalted()
T3940 047:507.464 - 0.685ms returns FALSE
T3940 047:615.712 JLINK_IsHalted()
T3940 047:616.472 - 0.758ms returns FALSE
T3940 047:616.608 JLINK_IsHalted()
T3940 047:617.144 - 0.536ms returns FALSE
T3940 047:724.740 JLINK_IsHalted()
T3940 047:725.740 - 1.003ms returns FALSE
T3940 047:725.944 JLINK_IsHalted()
T3940 047:726.600 - 0.655ms returns FALSE
T3940 047:833.716 JLINK_IsHalted()
T3940 047:834.516 - 0.797ms returns FALSE
T3940 047:834.692 JLINK_IsHalted()
T3940 047:835.336 - 0.640ms returns FALSE
T3940 047:943.720 JLINK_IsHalted()
T3940 047:944.540 - 0.819ms returns FALSE
T3940 047:944.760 JLINK_IsHalted()
T3940 047:945.392 - 0.630ms returns FALSE
T3940 048:052.724 JLINK_IsHalted()
T3940 048:053.592 - 0.868ms returns FALSE
T3940 048:053.796 JLINK_IsHalted()
T3940 048:054.476 - 0.680ms returns FALSE
T3940 048:161.756 JLINK_IsHalted()
T3940 048:162.608 - 0.852ms returns FALSE
T3940 048:162.840 JLINK_IsHalted()
T3940 048:163.548 - 0.705ms returns FALSE
T3940 048:271.736 JLINK_IsHalted()
T3940 048:272.620 - 0.886ms returns FALSE
T3940 048:272.836 JLINK_IsHalted()
T3940 048:273.544 - 0.705ms returns FALSE
T3940 048:346.388 JLINK_ReadMem(0x220A4C18, 0x4 Bytes, ...)
T3940 048:346.500   CPU_ReadMem(4 bytes @ 0x220A4C18)
T3940 048:347.332   Data:  03 00 00 00
T3940 048:347.424 - 1.038ms returns 0
T3940 048:347.572 JLINK_ReadMem(0x220A4BF4, 0x4 Bytes, ...)
T3940 048:347.624   CPU_ReadMem(4 bytes @ 0x220A4BF4)
T3940 048:348.400   Data:  B8 4A 0A 22
T3940 048:348.520 - 0.950ms returns 0
T3940 048:348.660 JLINK_ReadMem(0x020C0520, 0x4 Bytes, ...)
T3940 048:348.704   CPU_ReadMem(4 bytes @ 0x020C0520)
T3940 048:349.456   Data:  04 00 00 00
T3940 048:349.528 - 0.866ms returns 0
T3940 048:349.672 JLINK_ReadMem(0x220A4BFC, 0x4 Bytes, ...)
T3940 048:349.708   CPU_ReadMem(4 bytes @ 0x220A4BFC)
T3940 048:350.384   Data:  01 00 00 00
T3940 048:350.472 - 0.801ms returns 0
T3940 048:350.624 JLINK_ReadMem(0x220A4C18, 0x4 Bytes, ...)
T3940 048:350.684   CPU_ReadMem(4 bytes @ 0x220A4C18)
T3940 048:351.492   Data:  03 00 00 00
T3940 048:351.588 - 0.966ms returns 0
T3940 048:351.736 JLINK_ReadMem(0x220A4BF4, 0x4 Bytes, ...)
T3940 048:351.800   CPU_ReadMem(4 bytes @ 0x220A4BF4)
T3940 048:352.572   Data:  B8 4A 0A 22
T3940 048:352.668 - 0.930ms returns 0
T3940 048:352.848 JLINK_ReadMem(0x020C0520, 0x4 Bytes, ...)
T3940 048:352.928   CPU_ReadMem(4 bytes @ 0x020C0520)
T3940 048:353.808   Data:  04 00 00 00
T3940 048:353.892 - 1.045ms returns 0
T3940 048:354.044 JLINK_ReadMem(0x220A4BFC, 0x4 Bytes, ...)
T3940 048:354.104   CPU_ReadMem(4 bytes @ 0x220A4BFC)
T3940 048:354.812   Data:  01 00 00 00
T3940 048:354.888 - 0.843ms returns 0
T3940 048:380.760 JLINK_IsHalted()
T3940 048:381.588 - 0.831ms returns FALSE
T3940 048:381.768 JLINK_IsHalted()
T3940 048:382.472 - 0.703ms returns FALSE
T3940 048:490.720 JLINK_IsHalted()
T3940 048:491.544 - 0.825ms returns FALSE
T3940 048:491.752 JLINK_IsHalted()
T3940 048:492.300 - 0.546ms returns FALSE
T3940 048:599.728 JLINK_IsHalted()
T3940 048:601.616 - 1.885ms returns FALSE
T3940 048:601.852 JLINK_IsHalted()
T3940 048:602.536 - 0.682ms returns FALSE
T3940 048:708.732 JLINK_IsHalted()
T3940 048:709.476 - 0.742ms returns FALSE
T3940 048:709.632 JLINK_IsHalted()
T3940 048:710.268 - 0.635ms returns FALSE
T3940 048:818.708 JLINK_IsHalted()
T3940 048:819.480 - 0.771ms returns FALSE
T3940 048:819.616 JLINK_IsHalted()
T3940 048:820.200 - 0.580ms returns FALSE
T3940 048:927.748 JLINK_IsHalted()
T3940 048:928.600 - 0.851ms returns FALSE
T3940 048:928.748 JLINK_IsHalted()
T3940 048:929.472 - 0.720ms returns FALSE
T3940 049:036.704 JLINK_IsHalted()
T3940 049:037.496 - 0.792ms returns FALSE
T3940 049:037.660 JLINK_IsHalted()
T3940 049:038.232 - 0.569ms returns FALSE
T3940 049:146.692 JLINK_IsHalted()
T3940 049:147.456 - 0.765ms returns FALSE
T3940 049:147.640 JLINK_IsHalted()
T3940 049:148.276 - 0.637ms returns FALSE
T3940 049:255.728 JLINK_IsHalted()
T3940 049:256.572 - 0.845ms returns FALSE
T3940 049:256.776 JLINK_IsHalted()
T3940 049:257.464 - 0.689ms returns FALSE
T3940 049:365.720 JLINK_IsHalted()
T3940 049:366.556 - 0.832ms returns FALSE
T3940 049:366.704 JLINK_IsHalted()
T3940 049:367.264 - 0.558ms returns FALSE
T3940 049:474.744 JLINK_IsHalted()
T3940 049:475.524 - 0.775ms returns FALSE
T3940 049:475.740 JLINK_IsHalted()
T3940 049:476.360 - 0.616ms returns FALSE
T3940 049:583.736 JLINK_IsHalted()
T3940 049:584.568 - 0.827ms returns FALSE
T3940 049:584.756 JLINK_IsHalted()
T3940 049:585.336 - 0.579ms returns FALSE
T3940 049:693.748 JLINK_IsHalted()
T3940 049:694.776 - 1.028ms returns FALSE
T3940 049:694.956 JLINK_IsHalted()
T3940 049:695.668 - 0.709ms returns FALSE
T3940 049:802.728 JLINK_IsHalted()
T3940 049:803.496 - 0.763ms returns FALSE
T3940 049:803.584 JLINK_IsHalted()
T3940 049:804.312 - 0.725ms returns FALSE
T3940 049:911.744 JLINK_IsHalted()
T3940 049:912.532 - 0.786ms returns FALSE
T3940 049:912.740 JLINK_IsHalted()
T3940 049:913.312 - 0.570ms returns FALSE
T3940 050:021.764 JLINK_IsHalted()
T3940 050:022.632 - 0.867ms returns FALSE
T3940 050:022.852 JLINK_IsHalted()
T3940 050:023.484 - 0.633ms returns FALSE
T3940 050:130.776 JLINK_IsHalted()
T3940 050:131.624 - 0.845ms returns FALSE
T3940 050:131.848 JLINK_IsHalted()
T3940 050:132.428 - 0.579ms returns FALSE
T3940 050:240.752 JLINK_IsHalted()
T3940 050:241.584 - 0.831ms returns FALSE
T3940 050:241.816 JLINK_IsHalted()
T3940 050:243.880 - 2.058ms returns FALSE
T3940 050:349.756 JLINK_IsHalted()
T3940 050:350.560 - 0.805ms returns FALSE
T3940 050:350.744 JLINK_IsHalted()
T3940 050:351.312 - 0.569ms returns FALSE
T3940 050:458.748 JLINK_IsHalted()
T3940 050:459.524 - 0.774ms returns FALSE
T3940 050:459.640 JLINK_IsHalted()
T3940 050:460.280 - 0.641ms returns FALSE
T3940 050:568.796 JLINK_IsHalted()
T3940 050:569.620 - 0.819ms returns FALSE
T3940 050:569.812 JLINK_IsHalted()
T3940 050:570.420 - 0.605ms returns FALSE
T3940 050:677.756 JLINK_IsHalted()
T3940 050:678.600 - 0.845ms returns FALSE
T3940 050:678.768 JLINK_IsHalted()
T3940 050:679.432 - 0.660ms returns FALSE
T3940 050:786.712 JLINK_IsHalted()
T3940 050:787.508 - 0.794ms returns FALSE
T3940 050:787.668 JLINK_IsHalted()
T3940 050:788.228 - 0.556ms returns FALSE
T3940 050:896.728 JLINK_IsHalted()
T3940 050:897.464 - 0.738ms returns FALSE
T3940 050:897.592 JLINK_IsHalted()
T3940 050:898.136 - 0.544ms returns FALSE
T3940 051:005.724 JLINK_IsHalted()
T3940 051:006.472 - 0.745ms returns FALSE
T3940 051:006.688 JLINK_IsHalted()
T3940 051:007.280 - 0.589ms returns FALSE
T3940 051:115.752 JLINK_IsHalted()
T3940 051:116.476 - 0.727ms returns FALSE
T3940 051:116.632 JLINK_IsHalted()
T3940 051:117.296 - 0.663ms returns FALSE
T3940 051:224.740 JLINK_IsHalted()
T3940 051:225.576 - 0.834ms returns FALSE
T3940 051:225.736 JLINK_IsHalted()
T3940 051:226.248 - 0.505ms returns FALSE
T3940 051:333.768 JLINK_IsHalted()
T3940 051:334.584 - 0.813ms returns FALSE
T3940 051:334.784 JLINK_IsHalted()
T3940 051:335.464 - 0.679ms returns FALSE
T3940 051:443.740 JLINK_IsHalted()
T3940 051:444.680 - 0.936ms returns FALSE
T3940 051:444.864 JLINK_IsHalted()
T3940 051:445.524 - 0.660ms returns FALSE
T3940 051:552.728 JLINK_IsHalted()
T3940 051:553.544 - 0.814ms returns FALSE
T3940 051:553.716 JLINK_IsHalted()
T3940 051:554.304 - 0.589ms returns FALSE
T3940 051:661.736 JLINK_IsHalted()
T3940 051:662.492 - 0.758ms returns FALSE
T3940 051:662.636 JLINK_IsHalted()
T3940 051:663.244 - 0.607ms returns FALSE
T3940 051:771.748 JLINK_IsHalted()
T3940 051:772.536 - 0.786ms returns FALSE
T3940 051:772.776 JLINK_IsHalted()
T3940 051:773.500 - 0.725ms returns FALSE
T3940 051:880.740 JLINK_IsHalted()
T3940 051:881.544 - 0.803ms returns FALSE
T3940 051:881.708 JLINK_IsHalted()
T3940 051:882.232 - 0.525ms returns FALSE
T3940 051:990.768 JLINK_IsHalted()
T3940 051:991.560 - 0.789ms returns FALSE
T3940 051:991.768 JLINK_IsHalted()
T3940 051:992.308 - 0.538ms returns FALSE
T3940 052:099.756 JLINK_IsHalted()
T3940 052:100.528 - 0.770ms returns FALSE
T3940 052:100.692 JLINK_IsHalted()
T3940 052:101.332 - 0.640ms returns FALSE
T3940 052:208.732 JLINK_IsHalted()
T3940 052:209.500 - 0.769ms returns FALSE
T3940 052:209.660 JLINK_IsHalted()
T3940 052:210.248 - 0.584ms returns FALSE
T3940 052:318.716 JLINK_IsHalted()
T3940 052:319.468 - 0.753ms returns FALSE
T3940 052:319.624 JLINK_IsHalted()
T3940 052:320.280 - 0.658ms returns FALSE
T3940 052:427.792 JLINK_IsHalted()
T3940 052:430.396 - 2.602ms returns FALSE
T3940 052:430.604 JLINK_IsHalted()
T3940 052:431.292 - 0.686ms returns FALSE
T3940 052:536.728 JLINK_IsHalted()
T3940 052:537.540 - 0.807ms returns FALSE
T3940 052:537.732 JLINK_IsHalted()
T3940 052:538.300 - 0.567ms returns FALSE
T3940 052:646.744 JLINK_IsHalted()
T3940 052:647.556 - 0.808ms returns FALSE
T3940 052:647.816 JLINK_IsHalted()
T3940 052:648.460 - 0.640ms returns FALSE
T3940 052:755.720 JLINK_IsHalted()
T3940 052:756.564 - 0.839ms returns FALSE
T3940 052:756.764 JLINK_IsHalted()
T3940 052:757.444 - 0.679ms returns FALSE
T3940 052:865.724 JLINK_IsHalted()
T3940 052:866.472 - 0.745ms returns FALSE
T3940 052:866.688 JLINK_IsHalted()
T3940 052:867.228 - 0.541ms returns FALSE
T3940 052:974.716 JLINK_IsHalted()
T3940 052:975.484 - 0.768ms returns FALSE
T3940 052:975.636 JLINK_IsHalted()
T3940 052:976.268 - 0.632ms returns FALSE
T3940 053:083.732 JLINK_IsHalted()
T3940 053:084.552 - 0.817ms returns FALSE
T3940 053:084.728 JLINK_IsHalted()
T3940 053:085.288 - 0.560ms returns FALSE
T3940 053:193.720 JLINK_IsHalted()
T3940 053:194.520 - 0.796ms returns FALSE
T3940 053:194.720 JLINK_IsHalted()
T3940 053:196.944 - 2.220ms returns FALSE
T3940 053:302.728 JLINK_IsHalted()
T3940 053:303.536 - 0.809ms returns FALSE
T3940 053:303.744 JLINK_IsHalted()
T3940 053:304.364 - 0.621ms returns FALSE
T3940 053:411.776 JLINK_IsHalted()
T3940 053:412.580 - 0.803ms returns FALSE
T3940 053:412.776 JLINK_IsHalted()
T3940 053:413.432 - 0.654ms returns FALSE
T3940 053:521.752 JLINK_IsHalted()
T3940 053:522.592 - 0.839ms returns FALSE
T3940 053:522.832 JLINK_IsHalted()
T3940 053:523.448 - 0.618ms returns FALSE
T3940 053:630.744 JLINK_IsHalted()
T3940 053:631.580 - 0.836ms returns FALSE
T3940 053:631.760 JLINK_IsHalted()
T3940 053:632.444 - 0.684ms returns FALSE
T3940 053:740.748 JLINK_IsHalted()
T3940 053:741.704 - 0.954ms returns FALSE
T3940 053:741.944 JLINK_IsHalted()
T3940 053:742.636 - 0.690ms returns FALSE
T3940 053:849.748 JLINK_IsHalted()
T3940 053:850.644 - 0.896ms returns FALSE
T3940 053:850.888 JLINK_IsHalted()
T3940 053:851.564 - 0.674ms returns FALSE
T3940 053:958.720 JLINK_IsHalted()
T3940 053:959.508 - 0.786ms returns FALSE
T3940 053:959.672 JLINK_IsHalted()
T3940 053:960.296 - 0.623ms returns FALSE
T3940 054:068.760 JLINK_IsHalted()
T3940 054:069.652 - 0.888ms returns FALSE
T3940 054:069.856 JLINK_IsHalted()
T3940 054:070.680 - 0.824ms returns FALSE
T3940 054:177.720 JLINK_IsHalted()
T3940 054:178.664 - 0.936ms returns FALSE
T3940 054:178.840 JLINK_IsHalted()
T3940 054:179.436 - 0.599ms returns FALSE
T3940 054:286.728 JLINK_IsHalted()
T3940 054:287.496 - 0.769ms returns FALSE
T3940 054:287.688 JLINK_IsHalted()
T3940 054:288.296 - 0.607ms returns FALSE
T3940 054:396.748 JLINK_IsHalted()
T3940 054:397.580 - 0.827ms returns FALSE
T3940 054:397.716 JLINK_IsHalted()
T3940 054:398.312 - 0.597ms returns FALSE
T3940 054:505.748 JLINK_IsHalted()
T3940 054:506.452 - 0.702ms returns FALSE
T3940 054:506.616 JLINK_IsHalted()
T3940 054:507.240 - 0.618ms returns FALSE
T3940 054:615.764 JLINK_IsHalted()
T3940 054:616.532 - 0.770ms returns FALSE
T3940 054:616.648 JLINK_IsHalted()
T3940 054:617.208 - 0.562ms returns FALSE
T3940 054:724.736 JLINK_IsHalted()
T3940 054:725.492 - 0.753ms returns FALSE
T3940 054:725.684 JLINK_IsHalted()
T3940 054:726.248 - 0.560ms returns FALSE
T3940 054:833.728 JLINK_IsHalted()
T3940 054:834.452 - 0.725ms returns FALSE
T3940 054:834.568 JLINK_IsHalted()
T3940 054:835.072 - 0.509ms returns FALSE
T3940 054:943.756 JLINK_IsHalted()
T3940 054:944.632 - 0.878ms returns FALSE
T3940 054:944.832 JLINK_IsHalted()
T3940 054:945.484 - 0.649ms returns FALSE
T3940 055:052.748 JLINK_IsHalted()
T3940 055:053.452 - 0.705ms returns FALSE
T3940 055:053.612 JLINK_IsHalted()
T3940 055:055.160 - 1.542ms returns FALSE
T3940 055:161.760 JLINK_IsHalted()
T3940 055:162.548 - 0.784ms returns FALSE
T3940 055:162.732 JLINK_IsHalted()
T3940 055:163.424 - 0.687ms returns FALSE
T3940 055:271.776 JLINK_IsHalted()
T3940 055:272.520 - 0.743ms returns FALSE
T3940 055:272.680 JLINK_IsHalted()
T3940 055:273.240 - 0.561ms returns FALSE
T3940 055:380.744 JLINK_IsHalted()
T3940 055:381.560 - 0.819ms returns FALSE
T3940 055:381.752 JLINK_IsHalted()
T3940 055:382.380 - 0.621ms returns FALSE
T3940 055:490.784 JLINK_IsHalted()
T3940 055:491.608 - 0.827ms returns FALSE
T3940 055:491.808 JLINK_IsHalted()
T3940 055:492.440 - 0.633ms returns FALSE
T3940 055:599.732 JLINK_IsHalted()
T3940 055:600.408 - 0.674ms returns FALSE
T3940 055:600.584 JLINK_IsHalted()
T3940 055:601.128 - 0.546ms returns FALSE
T3940 055:708.728 JLINK_IsHalted()
T3940 055:709.580 - 0.851ms returns FALSE
T3940 055:709.736 JLINK_IsHalted()
T3940 055:710.324 - 0.583ms returns FALSE
T3940 055:818.720 JLINK_IsHalted()
T3940 055:819.448 - 0.729ms returns FALSE
T3940 055:819.640 JLINK_IsHalted()
T3940 055:821.516 - 1.875ms returns FALSE
T3940 055:927.712 JLINK_IsHalted()
T3940 055:928.500 - 0.782ms returns FALSE
T3940 055:928.744 JLINK_IsHalted()
T3940 055:929.452 - 0.709ms returns FALSE
T3940 056:036.736 JLINK_IsHalted()
T3940 056:037.492 - 0.754ms returns FALSE
T3940 056:037.640 JLINK_IsHalted()
T3940 056:038.228 - 0.589ms returns FALSE
T3940 056:146.752 JLINK_IsHalted()
T3940 056:147.448 - 0.702ms returns FALSE
T3940 056:147.604 JLINK_IsHalted()
T3940 056:148.236 - 0.628ms returns FALSE
T3940 056:255.800 JLINK_IsHalted()
T3940 056:256.640 - 0.834ms returns FALSE
T3940 056:256.840 JLINK_IsHalted()
T3940 056:257.472 - 0.629ms returns FALSE
T3940 056:365.784 JLINK_IsHalted()
T3940 056:366.616 - 0.828ms returns FALSE
T3940 056:366.836 JLINK_IsHalted()
T3940 056:367.496 - 0.655ms returns FALSE
T3940 056:474.804 JLINK_IsHalted()
T3940 056:475.628 - 0.827ms returns FALSE
T3940 056:475.860 JLINK_IsHalted()
T3940 056:476.492 - 0.629ms returns FALSE
T3940 056:583.796 JLINK_IsHalted()
T3940 056:584.704 - 0.909ms returns FALSE
T3940 056:584.940 JLINK_IsHalted()
T3940 056:587.320 - 2.382ms returns FALSE
T3940 056:693.944 JLINK_IsHalted()
T3940 056:697.304 - 3.360ms returns FALSE
T3940 056:697.664 JLINK_IsHalted()
T3940 056:699.112 - 1.442ms returns FALSE
T3940 056:802.804 JLINK_IsHalted()
T3940 056:804.032 - 1.225ms returns FALSE
T3940 056:804.352 JLINK_IsHalted()
T3940 056:805.152 - 0.801ms returns FALSE
T3940 056:912.160 JLINK_IsHalted()
T3940 056:913.512 - 1.342ms returns FALSE
T3940 056:914.028 JLINK_IsHalted()
T3940 056:915.052 - 1.021ms returns FALSE
T3940 057:021.080 JLINK_IsHalted()
T3940 057:021.804 - 0.722ms returns FALSE
T3940 057:021.952 JLINK_IsHalted()
T3940 057:023.872 - 1.920ms returns FALSE
T3940 057:131.104 JLINK_IsHalted()
T3940 057:131.776 - 0.674ms returns FALSE
T3940 057:131.892 JLINK_IsHalted()
T3940 057:132.372 - 0.483ms returns FALSE
T3940 057:240.104 JLINK_IsHalted()
T3940 057:240.856 - 0.779ms returns FALSE
T3940 057:241.048 JLINK_IsHalted()
T3940 057:241.800 - 0.744ms returns FALSE
T3940 057:350.112 JLINK_IsHalted()
T3940 057:351.096 - 0.983ms returns FALSE
T3940 057:351.252 JLINK_IsHalted()
T3940 057:351.924 - 0.661ms returns FALSE
T3940 057:459.128 JLINK_IsHalted()
T3940 057:460.312 - 1.178ms returns FALSE
T3940 057:460.532 JLINK_IsHalted()
T3940 057:461.216 - 0.685ms returns FALSE
T3940 057:568.152 JLINK_IsHalted()
T3940 057:569.108 - 0.956ms returns FALSE
T3940 057:569.336 JLINK_IsHalted()
T3940 057:570.228 - 0.888ms returns FALSE
T3940 057:678.124 JLINK_IsHalted()
T3940 057:679.212 - 1.088ms returns FALSE
T3940 057:679.436 JLINK_IsHalted()
T3940 057:680.104 - 0.662ms returns FALSE
T3940 057:787.104 JLINK_IsHalted()
T3940 057:788.024 - 0.919ms returns FALSE
T3940 057:788.248 JLINK_IsHalted()
T3940 057:789.024 - 0.768ms returns FALSE
T3940 057:896.120 JLINK_IsHalted()
T3940 057:897.120 - 0.997ms returns FALSE
T3940 057:897.364 JLINK_IsHalted()
T3940 057:898.156 - 0.792ms returns FALSE
T3940 058:006.120 JLINK_IsHalted()
T3940 058:008.756 - 2.631ms returns FALSE
T3940 058:009.096 JLINK_IsHalted()
T3940 058:009.964 - 0.866ms returns FALSE
T3940 058:115.124 JLINK_IsHalted()
T3940 058:116.088 - 0.960ms returns FALSE
T3940 058:116.312 JLINK_IsHalted()
T3940 058:116.928 - 0.609ms returns FALSE
T3940 058:225.100 JLINK_IsHalted()
T3940 058:226.088 - 0.984ms returns FALSE
T3940 058:226.284 JLINK_IsHalted()
T3940 058:226.904 - 0.616ms returns FALSE
T3940 058:334.080 JLINK_IsHalted()
T3940 058:335.020 - 0.941ms returns FALSE
T3940 058:335.224 JLINK_IsHalted()
T3940 058:335.884 - 0.657ms returns FALSE
T3940 058:443.064 JLINK_IsHalted()
T3940 058:443.928 - 0.862ms returns FALSE
T3940 058:444.120 JLINK_IsHalted()
T3940 058:444.728 - 0.610ms returns FALSE
T3940 058:553.080 JLINK_IsHalted()
T3940 058:553.896 - 0.810ms returns FALSE
T3940 058:554.092 JLINK_IsHalted()
T3940 058:554.700 - 0.607ms returns FALSE
T3940 058:662.112 JLINK_IsHalted()
T3940 058:662.936 - 0.822ms returns FALSE
T3940 058:663.192 JLINK_IsHalted()
T3940 058:663.924 - 0.727ms returns FALSE
T3940 058:771.080 JLINK_IsHalted()
T3940 058:771.880 - 0.799ms returns FALSE
T3940 058:772.008 JLINK_IsHalted()
T3940 058:773.812 - 1.805ms returns FALSE
T3940 058:881.096 JLINK_IsHalted()
T3940 058:881.928 - 0.834ms returns FALSE
T3940 058:882.132 JLINK_IsHalted()
T3940 058:882.740 - 0.609ms returns FALSE
T3940 058:990.100 JLINK_IsHalted()
T3940 058:990.976 - 0.871ms returns FALSE
T3940 058:991.128 JLINK_IsHalted()
T3940 058:991.660 - 0.531ms returns FALSE
T3940 059:100.108 JLINK_IsHalted()
T3940 059:101.112 - 1.003ms returns FALSE
T3940 059:101.288 JLINK_IsHalted()
T3940 059:101.880 - 0.592ms returns FALSE
T3940 059:209.068 JLINK_IsHalted()
T3940 059:209.928 - 0.859ms returns FALSE
T3940 059:210.088 JLINK_IsHalted()
T3940 059:210.688 - 0.599ms returns FALSE
T3940 059:318.088 JLINK_IsHalted()
T3940 059:318.944 - 0.854ms returns FALSE
T3940 059:319.176 JLINK_IsHalted()
T3940 059:319.788 - 0.612ms returns FALSE
T3940 059:428.084 JLINK_IsHalted()
T3940 059:428.968 - 0.885ms returns FALSE
T3940 059:429.204 JLINK_IsHalted()
T3940 059:430.036 - 0.828ms returns FALSE
T3940 059:537.108 JLINK_IsHalted()
T3940 059:537.920 - 0.816ms returns FALSE
T3940 059:538.124 JLINK_IsHalted()
T3940 059:538.760 - 0.633ms returns FALSE
T3940 059:646.120 JLINK_IsHalted()
T3940 059:646.964 - 0.846ms returns FALSE
T3940 059:647.160 JLINK_IsHalted()
T3940 059:647.848 - 0.682ms returns FALSE
T3940 059:756.084 JLINK_IsHalted()
T3940 059:756.888 - 0.810ms returns FALSE
T3940 059:757.112 JLINK_IsHalted()
T3940 059:759.272 - 2.151ms returns FALSE
T3940 059:865.152 JLINK_IsHalted()
T3940 059:865.964 - 0.814ms returns FALSE
T3940 059:866.112 JLINK_IsHalted()
T3940 059:866.668 - 0.552ms returns FALSE
T3940 059:975.072 JLINK_IsHalted()
T3940 059:975.860 - 0.782ms returns FALSE
T3940 059:976.052 JLINK_IsHalted()
T3940 059:976.640 - 0.587ms returns FALSE
T3940 060:084.084 JLINK_IsHalted()
T3940 060:084.852 - 0.765ms returns FALSE
T3940 060:085.012 JLINK_IsHalted()
T3940 060:085.600 - 0.587ms returns FALSE
T3940 060:193.080 JLINK_IsHalted()
T3940 060:193.940 - 0.855ms returns FALSE
T3940 060:194.136 JLINK_IsHalted()
T3940 060:194.760 - 0.621ms returns FALSE
T3940 060:303.112 JLINK_IsHalted()
T3940 060:303.808 - 0.698ms returns FALSE
T3940 060:303.960 JLINK_IsHalted()
T3940 060:304.556 - 0.595ms returns FALSE
T3940 060:412.076 JLINK_IsHalted()
T3940 060:413.012 - 0.936ms returns FALSE
T3940 060:413.196 JLINK_IsHalted()
T3940 060:413.848 - 0.649ms returns FALSE
T3940 060:521.080 JLINK_IsHalted()
T3940 060:521.836 - 0.751ms returns FALSE
T3940 060:521.984 JLINK_IsHalted()
T3940 060:522.616 - 0.627ms returns FALSE
T3940 060:631.112 JLINK_IsHalted()
T3940 060:631.916 - 0.807ms returns FALSE
T3940 060:632.096 JLINK_IsHalted()
T3940 060:633.688 - 1.595ms returns FALSE
T3940 060:740.076 JLINK_IsHalted()
T3940 060:740.904 - 0.825ms returns FALSE
T3940 060:741.064 JLINK_IsHalted()
T3940 060:741.620 - 0.557ms returns FALSE
T3940 060:850.080 JLINK_IsHalted()
T3940 060:850.900 - 0.820ms returns FALSE
T3940 060:851.092 JLINK_IsHalted()
T3940 060:851.720 - 0.623ms returns FALSE
T3940 060:959.104 JLINK_IsHalted()
T3940 060:959.880 - 0.770ms returns FALSE
T3940 060:960.064 JLINK_IsHalted()
T3940 060:960.680 - 0.614ms returns FALSE
T3940 061:068.056 JLINK_IsHalted()
T3940 061:068.800 - 0.738ms returns FALSE
T3940 061:068.992 JLINK_IsHalted()
T3940 061:069.620 - 0.625ms returns FALSE
T3940 061:178.080 JLINK_IsHalted()
T3940 061:178.888 - 0.804ms returns FALSE
T3940 061:179.064 JLINK_IsHalted()
T3940 061:179.680 - 0.612ms returns FALSE
T3940 061:287.104 JLINK_IsHalted()
T3940 061:287.880 - 0.771ms returns FALSE
T3940 061:288.072 JLINK_IsHalted()
T3940 061:288.696 - 0.627ms returns FALSE
T3940 061:396.088 JLINK_IsHalted()
T3940 061:396.876 - 0.784ms returns FALSE
T3940 061:397.100 JLINK_IsHalted()
T3940 061:397.792 - 0.689ms returns FALSE
T3940 061:506.072 JLINK_IsHalted()
T3940 061:506.912 - 0.836ms returns FALSE
T3940 061:507.124 JLINK_IsHalted()
T3940 061:509.196 - 2.073ms returns FALSE
T3940 061:615.180 JLINK_IsHalted()
T3940 061:616.056 - 0.878ms returns FALSE
T3940 061:616.276 JLINK_IsHalted()
T3940 061:616.864 - 0.587ms returns FALSE
T3940 061:725.064 JLINK_IsHalted()
T3940 061:725.800 - 0.739ms returns FALSE
T3940 061:725.944 JLINK_IsHalted()
T3940 061:726.440 - 0.494ms returns FALSE
T3940 061:834.088 JLINK_IsHalted()
T3940 061:834.920 - 0.833ms returns FALSE
T3940 061:835.080 JLINK_IsHalted()
T3940 061:835.596 - 0.518ms returns FALSE
T3940 061:943.072 JLINK_IsHalted()
T3940 061:943.828 - 0.756ms returns FALSE
T3940 061:944.032 JLINK_IsHalted()
T3940 061:944.576 - 0.540ms returns FALSE
T3940 062:053.080 JLINK_IsHalted()
T3940 062:053.856 - 0.773ms returns FALSE
T3940 062:054.048 JLINK_IsHalted()
T3940 062:054.696 - 0.639ms returns FALSE
T3940 062:162.068 JLINK_IsHalted()
T3940 062:162.936 - 0.868ms returns FALSE
T3940 062:163.176 JLINK_IsHalted()
T3940 062:163.848 - 0.668ms returns FALSE
T3940 062:271.084 JLINK_IsHalted()
T3940 062:272.692 - 1.603ms returns FALSE
T3940 062:272.896 JLINK_IsHalted()
T3940 062:273.512 - 0.612ms returns FALSE
T3940 062:381.112 JLINK_IsHalted()
T3940 062:381.864 - 0.752ms returns FALSE
T3940 062:381.992 JLINK_IsHalted()
T3940 062:382.616 - 0.628ms returns FALSE
T3940 062:490.080 JLINK_IsHalted()
T3940 062:491.080 - 0.997ms returns FALSE
T3940 062:491.188 JLINK_IsHalted()
T3940 062:491.700 - 0.511ms returns FALSE
T3940 062:600.076 JLINK_IsHalted()
T3940 062:600.844 - 0.768ms returns FALSE
T3940 062:600.968 JLINK_IsHalted()
T3940 062:601.516 - 0.553ms returns FALSE
T3940 062:709.076 JLINK_IsHalted()
T3940 062:709.900 - 0.821ms returns FALSE
T3940 062:710.088 JLINK_IsHalted()
T3940 062:710.664 - 0.570ms returns FALSE
T3940 062:818.068 JLINK_IsHalted()
T3940 062:818.860 - 0.794ms returns FALSE
T3940 062:818.988 JLINK_IsHalted()
T3940 062:819.656 - 0.658ms returns FALSE
T3940 062:928.076 JLINK_IsHalted()
T3940 062:928.888 - 0.808ms returns FALSE
T3940 062:929.024 JLINK_IsHalted()
T3940 062:929.592 - 0.570ms returns FALSE
T3940 063:037.076 JLINK_IsHalted()
T3940 063:038.808 - 1.736ms returns FALSE
T3940 063:038.956 JLINK_IsHalted()
T3940 063:039.508 - 0.548ms returns FALSE
T3940 063:146.060 JLINK_IsHalted()
T3940 063:146.868 - 0.807ms returns FALSE
T3940 063:147.064 JLINK_IsHalted()
T3940 063:147.660 - 0.593ms returns FALSE
T3940 063:256.056 JLINK_IsHalted()
T3940 063:256.800 - 0.744ms returns FALSE
T3940 063:256.948 JLINK_IsHalted()
T3940 063:257.544 - 0.593ms returns FALSE
T3940 063:365.100 JLINK_IsHalted()
T3940 063:365.848 - 0.748ms returns FALSE
T3940 063:366.040 JLINK_IsHalted()
T3940 063:366.676 - 0.630ms returns FALSE
T3940 063:475.072 JLINK_IsHalted()
T3940 063:475.828 - 0.756ms returns FALSE
T3940 063:476.020 JLINK_IsHalted()
T3940 063:476.584 - 0.560ms returns FALSE
T3940 063:584.116 JLINK_IsHalted()
T3940 063:584.904 - 0.788ms returns FALSE
T3940 063:585.076 JLINK_IsHalted()
T3940 063:585.664 - 0.586ms returns FALSE
T3940 063:693.076 JLINK_IsHalted()
T3940 063:693.772 - 0.696ms returns FALSE
T3940 063:693.848 JLINK_IsHalted()
T3940 063:694.456 - 0.605ms returns FALSE
T3940 063:803.064 JLINK_IsHalted()
T3940 063:803.692 - 0.621ms returns FALSE
T3940 063:803.816 JLINK_IsHalted()
T3940 063:804.296 - 0.479ms returns FALSE
T3940 063:912.116 JLINK_IsHalted()
T3940 063:912.712 - 0.596ms returns FALSE
T3940 063:912.788 JLINK_IsHalted()
T3940 063:913.228 - 0.440ms returns FALSE
T3940 064:021.044 JLINK_IsHalted()
T3940 064:021.612 - 0.566ms returns FALSE
T3940 064:021.684 JLINK_IsHalted()
T3940 064:022.124 - 0.444ms returns FALSE
T3940 064:131.124 JLINK_IsHalted()
T3940 064:131.944 - 0.819ms returns FALSE
T3940 064:132.104 JLINK_IsHalted()
T3940 064:132.628 - 0.527ms returns FALSE
T3940 064:240.076 JLINK_IsHalted()
T3940 064:240.904 - 0.819ms returns FALSE
T3940 064:241.096 JLINK_IsHalted()
T3940 064:241.688 - 0.598ms returns FALSE
T3940 064:350.080 JLINK_IsHalted()
T3940 064:350.860 - 0.778ms returns FALSE
T3940 064:351.000 JLINK_IsHalted()
T3940 064:352.736 - 1.729ms returns FALSE
T3940 064:459.092 JLINK_IsHalted()
T3940 064:459.928 - 0.841ms returns FALSE
T3940 064:460.064 JLINK_IsHalted()
T3940 064:460.596 - 0.529ms returns FALSE
T3940 064:568.076 JLINK_IsHalted()
T3940 064:568.696 - 0.618ms returns FALSE
T3940 064:568.832 JLINK_IsHalted()
T3940 064:569.320 - 0.488ms returns FALSE
T3940 064:678.080 JLINK_IsHalted()
T3940 064:678.880 - 0.797ms returns FALSE
T3940 064:679.040 JLINK_IsHalted()
T3940 064:679.628 - 0.586ms returns FALSE
T3940 064:787.040 JLINK_IsHalted()
T3940 064:787.672 - 0.620ms returns FALSE
T3940 064:787.752 JLINK_IsHalted()
T3940 064:788.224 - 0.475ms returns FALSE
T3940 064:896.024 JLINK_IsHalted()
T3940 064:896.576 - 0.549ms returns FALSE
T3940 064:896.660 JLINK_IsHalted()
T3940 064:897.112 - 0.452ms returns FALSE
T3940 065:006.048 JLINK_IsHalted()
T3940 065:006.740 - 0.689ms returns FALSE
T3940 065:006.868 JLINK_IsHalted()
T3940 065:007.384 - 0.517ms returns FALSE
T3940 065:115.072 JLINK_IsHalted()
T3940 065:115.720 - 0.648ms returns FALSE
T3940 065:115.800 JLINK_IsHalted()
T3940 065:116.328 - 0.523ms returns FALSE
T3940 065:225.068 JLINK_IsHalted()
T3940 065:225.684 - 0.615ms returns FALSE
T3940 065:225.752 JLINK_IsHalted()
T3940 065:226.176 - 0.424ms returns FALSE
T3940 065:334.056 JLINK_IsHalted()
T3940 065:334.872 - 0.817ms returns FALSE
T3940 065:335.016 JLINK_IsHalted()
T3940 065:336.680 - 1.665ms returns FALSE
T3940 065:443.116 JLINK_IsHalted()
T3940 065:443.976 - 0.856ms returns FALSE
T3940 065:444.200 JLINK_IsHalted()
T3940 065:444.840 - 0.638ms returns FALSE
T3940 065:553.112 JLINK_IsHalted()
T3940 065:553.992 - 0.869ms returns FALSE
T3940 065:554.220 JLINK_IsHalted()
T3940 065:554.904 - 0.680ms returns FALSE
T3940 065:662.080 JLINK_IsHalted()
T3940 065:663.028 - 0.946ms returns FALSE
T3940 065:663.284 JLINK_IsHalted()
T3940 065:664.052 - 0.769ms returns FALSE
T3940 065:771.092 JLINK_IsHalted()
T3940 065:772.024 - 0.938ms returns FALSE
T3940 065:772.184 JLINK_IsHalted()
T3940 065:772.672 - 0.482ms returns FALSE
T3940 065:881.108 JLINK_IsHalted()
T3940 065:881.920 - 0.811ms returns FALSE
T3940 065:882.088 JLINK_IsHalted()
T3940 065:882.668 - 0.579ms returns FALSE
T3940 065:990.068 JLINK_IsHalted()
T3940 065:990.700 - 0.634ms returns FALSE
T3940 065:990.824 JLINK_IsHalted()
T3940 065:991.212 - 0.393ms returns FALSE
T3940 066:100.084 JLINK_IsHalted()
T3940 066:100.812 - 0.729ms returns FALSE
T3940 066:100.936 JLINK_IsHalted()
T3940 066:101.408 - 0.467ms returns FALSE
T3940 066:209.096 JLINK_IsHalted()
T3940 066:209.896 - 0.799ms returns FALSE
T3940 066:210.072 JLINK_IsHalted()
T3940 066:210.584 - 0.509ms returns FALSE
T3940 066:318.112 JLINK_IsHalted()
T3940 066:319.084 - 0.974ms returns FALSE
T3940 066:319.284 JLINK_IsHalted()
T3940 066:319.852 - 0.572ms returns FALSE
T3940 066:428.056 JLINK_IsHalted()
T3940 066:428.748 - 0.692ms returns FALSE
T3940 066:428.916 JLINK_IsHalted()
T3940 066:429.536 - 0.617ms returns FALSE
T3940 066:537.100 JLINK_IsHalted()
T3940 066:537.760 - 0.658ms returns FALSE
T3940 066:537.832 JLINK_IsHalted()
T3940 066:538.336 - 0.508ms returns FALSE
T3940 066:646.088 JLINK_IsHalted()
T3940 066:646.976 - 0.888ms returns FALSE
T3940 066:647.148 JLINK_IsHalted()
T3940 066:647.756 - 0.606ms returns FALSE
T3940 066:756.056 JLINK_IsHalted()
T3940 066:756.780 - 0.723ms returns FALSE
T3940 066:756.872 JLINK_IsHalted()
T3940 066:757.364 - 0.489ms returns FALSE
T3940 066:865.096 JLINK_IsHalted()
T3940 066:865.888 - 0.790ms returns FALSE
T3940 066:866.008 JLINK_IsHalted()
T3940 066:866.528 - 0.512ms returns FALSE
T3940 066:975.084 JLINK_IsHalted()
T3940 066:975.700 - 0.613ms returns FALSE
T3940 066:975.796 JLINK_IsHalted()
T3940 066:976.236 - 0.439ms returns FALSE
T3940 067:084.064 JLINK_IsHalted()
T3940 067:084.840 - 0.772ms returns FALSE
T3940 067:084.984 JLINK_IsHalted()
T3940 067:085.600 - 0.617ms returns FALSE
T3940 067:193.088 JLINK_IsHalted()
T3940 067:194.360 - 1.260ms returns FALSE
T3940 067:194.456 JLINK_IsHalted()
T3940 067:194.928 - 0.467ms returns FALSE
T3940 067:303.080 JLINK_IsHalted()
T3940 067:303.952 - 0.871ms returns FALSE
T3940 067:304.088 JLINK_IsHalted()
T3940 067:304.632 - 0.548ms returns FALSE
T3940 067:412.056 JLINK_IsHalted()
T3940 067:412.728 - 0.675ms returns FALSE
T3940 067:412.800 JLINK_IsHalted()
T3940 067:413.384 - 0.573ms returns FALSE
T3940 067:521.152 JLINK_IsHalted()
T3940 067:521.968 - 0.818ms returns FALSE
T3940 067:522.096 JLINK_IsHalted()
T3940 067:522.792 - 0.690ms returns FALSE
T3940 067:631.120 JLINK_IsHalted()
T3940 067:631.856 - 0.738ms returns FALSE
T3940 067:631.984 JLINK_IsHalted()
T3940 067:632.512 - 0.521ms returns FALSE
T3940 067:740.088 JLINK_IsHalted()
T3940 067:740.688 - 0.605ms returns FALSE
T3940 067:740.848 JLINK_IsHalted()
T3940 067:741.344 - 0.501ms returns FALSE
T3940 067:850.096 JLINK_IsHalted()
T3940 067:850.752 - 0.656ms returns FALSE
T3940 067:850.912 JLINK_IsHalted()
T3940 067:851.376 - 0.463ms returns FALSE
T3940 067:959.080 JLINK_IsHalted()
T3940 067:959.880 - 0.798ms returns FALSE
T3940 067:960.048 JLINK_IsHalted()
T3940 067:960.720 - 0.662ms returns FALSE
T3940 068:068.088 JLINK_IsHalted()
T3940 068:068.808 - 0.713ms returns FALSE
T3940 068:068.976 JLINK_IsHalted()
T3940 068:069.584 - 0.606ms returns FALSE
T3940 068:178.096 JLINK_IsHalted()
T3940 068:178.896 - 0.798ms returns FALSE
T3940 068:179.064 JLINK_IsHalted()
T3940 068:180.520 - 1.453ms returns FALSE
T3940 068:287.056 JLINK_IsHalted()
T3940 068:287.920 - 0.863ms returns FALSE
T3940 068:288.056 JLINK_IsHalted()
T3940 068:288.560 - 0.498ms returns FALSE
T3940 068:396.056 JLINK_IsHalted()
T3940 068:396.744 - 0.682ms returns FALSE
T3940 068:396.872 JLINK_IsHalted()
T3940 068:397.488 - 0.609ms returns FALSE
T3940 068:506.104 JLINK_IsHalted()
T3940 068:506.912 - 0.806ms returns FALSE
T3940 068:507.056 JLINK_IsHalted()
T3940 068:507.616 - 0.556ms returns FALSE
T3940 068:615.152 JLINK_IsHalted()
T3940 068:616.232 - 1.081ms returns FALSE
T3940 068:616.392 JLINK_IsHalted()
T3940 068:616.880 - 0.491ms returns FALSE
T3940 068:725.112 JLINK_IsHalted()
T3940 068:725.656 - 0.536ms returns FALSE
T3940 068:725.776 JLINK_IsHalted()
T3940 068:726.160 - 0.371ms returns FALSE
T3940 068:834.192 JLINK_IsHalted()
T3940 068:834.840 - 0.652ms returns FALSE
T3940 068:834.992 JLINK_IsHalted()
T3940 068:835.408 - 0.414ms returns FALSE
T3940 068:943.088 JLINK_IsHalted()
T3940 068:943.728 - 0.619ms returns FALSE
T3940 068:943.824 JLINK_IsHalted()
T3940 068:944.352 - 0.528ms returns FALSE
T3940 069:053.064 JLINK_IsHalted()
T3940 069:053.744 - 0.677ms returns FALSE
T3940 069:053.904 JLINK_IsHalted()
T3940 069:054.488 - 0.582ms returns FALSE
T3940 069:162.072 JLINK_IsHalted()
T3940 069:162.792 - 0.716ms returns FALSE
T3940 069:162.960 JLINK_IsHalted()
T3940 069:163.456 - 0.492ms returns FALSE
T3940 069:271.096 JLINK_IsHalted()
T3940 069:271.808 - 0.709ms returns FALSE
T3940 069:272.048 JLINK_IsHalted()
T3940 069:272.736 - 0.684ms returns FALSE
T3940 069:381.120 JLINK_IsHalted()
T3940 069:382.032 - 0.920ms returns FALSE
T3940 069:382.288 JLINK_IsHalted()
T3940 069:383.136 - 0.846ms returns FALSE
T3940 069:490.088 JLINK_IsHalted()
T3940 069:490.880 - 0.790ms returns FALSE
T3940 069:491.024 JLINK_IsHalted()
T3940 069:491.624 - 0.605ms returns FALSE
T3940 069:600.072 JLINK_IsHalted()
T3940 069:600.776 - 0.702ms returns FALSE
T3940 069:600.896 JLINK_IsHalted()
T3940 069:601.464 - 0.567ms returns FALSE
T3940 069:709.096 JLINK_IsHalted()
T3940 069:709.856 - 0.759ms returns FALSE
T3940 069:709.992 JLINK_IsHalted()
T3940 069:710.608 - 0.621ms returns FALSE
T3940 069:818.080 JLINK_IsHalted()
T3940 069:818.928 - 0.846ms returns FALSE
T3940 069:819.136 JLINK_IsHalted()
T3940 069:819.792 - 0.652ms returns FALSE
T3940 069:928.088 JLINK_IsHalted()
T3940 069:928.912 - 0.815ms returns FALSE
T3940 069:929.136 JLINK_IsHalted()
T3940 069:929.784 - 0.655ms returns FALSE
T3940 070:037.104 JLINK_IsHalted()
T3940 070:037.872 - 0.758ms returns FALSE
T3940 070:038.072 JLINK_IsHalted()
T3940 070:038.704 - 0.626ms returns FALSE
T3940 070:146.072 JLINK_IsHalted()
T3940 070:146.912 - 0.840ms returns FALSE
T3940 070:147.088 JLINK_IsHalted()
T3940 070:149.064 - 1.968ms returns FALSE
T3940 070:256.080 JLINK_IsHalted()
T3940 070:256.840 - 0.753ms returns FALSE
T3940 070:257.008 JLINK_IsHalted()
T3940 070:257.632 - 0.620ms returns FALSE
T3940 070:365.104 JLINK_IsHalted()
T3940 070:366.048 - 0.936ms returns FALSE
T3940 070:366.256 JLINK_IsHalted()
T3940 070:366.896 - 0.634ms returns FALSE
T3940 070:475.112 JLINK_IsHalted()
T3940 070:476.048 - 0.942ms returns FALSE
T3940 070:476.272 JLINK_IsHalted()
T3940 070:476.952 - 0.678ms returns FALSE
T3940 070:584.120 JLINK_IsHalted()
T3940 070:585.072 - 0.948ms returns FALSE
T3940 070:585.328 JLINK_IsHalted()
T3940 070:586.040 - 0.709ms returns FALSE
T3940 070:693.128 JLINK_IsHalted()
T3940 070:694.064 - 0.943ms returns FALSE
T3940 070:694.304 JLINK_IsHalted()
T3940 070:695.072 - 0.766ms returns FALSE
T3940 070:803.104 JLINK_IsHalted()
T3940 070:804.000 - 0.900ms returns FALSE
T3940 070:804.168 JLINK_IsHalted()
T3940 070:804.880 - 0.706ms returns FALSE
T3940 070:912.224 JLINK_IsHalted()
T3940 070:913.296 - 1.076ms returns FALSE
T3940 070:913.560 JLINK_IsHalted()
T3940 070:914.360 - 0.794ms returns FALSE
T3940 071:021.104 JLINK_IsHalted()
T3940 071:021.936 - 0.832ms returns FALSE
T3940 071:022.224 JLINK_IsHalted()
T3940 071:022.848 - 0.627ms returns FALSE
T3940 071:131.104 JLINK_IsHalted()
T3940 071:131.984 - 0.876ms returns FALSE
T3940 071:132.208 JLINK_IsHalted()
T3940 071:132.896 - 0.693ms returns FALSE
T3940 071:240.112 JLINK_IsHalted()
T3940 071:240.976 - 0.861ms returns FALSE
T3940 071:241.160 JLINK_IsHalted()
T3940 071:241.744 - 0.585ms returns FALSE
T3940 071:350.112 JLINK_IsHalted()
T3940 071:350.920 - 0.801ms returns FALSE
T3940 071:351.152 JLINK_IsHalted()
T3940 071:351.864 - 0.713ms returns FALSE
T3940 071:459.120 JLINK_IsHalted()
T3940 071:461.136 - 2.021ms returns FALSE
T3940 071:461.352 JLINK_IsHalted()
T3940 071:461.976 - 0.621ms returns FALSE
T3940 071:568.128 JLINK_IsHalted()
T3940 071:569.096 - 0.967ms returns FALSE
T3940 071:569.288 JLINK_IsHalted()
T3940 071:569.936 - 0.647ms returns FALSE
T3940 071:678.096 JLINK_IsHalted()
T3940 071:678.960 - 0.866ms returns FALSE
T3940 071:679.152 JLINK_IsHalted()
T3940 071:679.880 - 0.719ms returns FALSE
T3940 071:787.088 JLINK_IsHalted()
T3940 071:787.824 - 0.740ms returns FALSE
T3940 071:788.016 JLINK_IsHalted()
T3940 071:788.552 - 0.529ms returns FALSE
T3940 071:896.112 JLINK_IsHalted()
T3940 071:897.040 - 0.920ms returns FALSE
T3940 071:897.144 JLINK_IsHalted()
T3940 071:897.616 - 0.468ms returns FALSE
T3940 072:006.096 JLINK_IsHalted()
T3940 072:007.064 - 0.970ms returns FALSE
T3940 072:007.264 JLINK_IsHalted()
T3940 072:007.912 - 0.645ms returns FALSE
T3940 072:115.080 JLINK_IsHalted()
T3940 072:115.888 - 0.816ms returns FALSE
T3940 072:116.064 JLINK_IsHalted()
T3940 072:116.688 - 0.623ms returns FALSE
T3940 072:225.072 JLINK_IsHalted()
T3940 072:225.872 - 0.792ms returns FALSE
T3940 072:226.064 JLINK_IsHalted()
T3940 072:226.680 - 0.615ms returns FALSE
T3940 072:334.096 JLINK_IsHalted()
T3940 072:334.872 - 0.775ms returns FALSE
T3940 072:335.008 JLINK_IsHalted()
T3940 072:336.784 - 1.772ms returns FALSE
T3940 072:443.088 JLINK_IsHalted()
T3940 072:443.952 - 0.854ms returns FALSE
T3940 072:444.144 JLINK_IsHalted()
T3940 072:444.776 - 0.622ms returns FALSE
T3940 072:553.128 JLINK_IsHalted()
T3940 072:554.064 - 0.934ms returns FALSE
T3940 072:554.280 JLINK_IsHalted()
T3940 072:554.904 - 0.631ms returns FALSE
T3940 072:662.104 JLINK_IsHalted()
T3940 072:662.816 - 0.704ms returns FALSE
T3940 072:662.912 JLINK_IsHalted()
T3940 072:663.440 - 0.526ms returns FALSE
T3940 072:771.136 JLINK_IsHalted()
T3940 072:771.896 - 0.758ms returns FALSE
T3940 072:772.088 JLINK_IsHalted()
T3940 072:772.672 - 0.583ms returns FALSE
T3940 072:881.096 JLINK_IsHalted()
T3940 072:881.968 - 0.872ms returns FALSE
T3940 072:882.256 JLINK_IsHalted()
T3940 072:882.928 - 0.676ms returns FALSE
T3940 072:990.112 JLINK_IsHalted()
T3940 072:990.880 - 0.766ms returns FALSE
T3940 072:990.992 JLINK_IsHalted()
T3940 072:991.592 - 0.594ms returns FALSE
T3940 073:100.096 JLINK_IsHalted()
T3940 073:101.008 - 0.915ms returns FALSE
T3940 073:101.208 JLINK_IsHalted()
T3940 073:101.896 - 0.687ms returns FALSE
T3940 073:209.104 JLINK_IsHalted()
T3940 073:209.944 - 0.816ms returns FALSE
T3940 073:210.064 JLINK_IsHalted()
T3940 073:210.680 - 0.617ms returns FALSE
T3940 073:318.704 JLINK_IsHalted()
T3940 073:320.256 - 1.545ms returns FALSE
T3940 073:320.528 JLINK_IsHalted()
T3940 073:321.344 - 0.812ms returns FALSE
T3940 073:427.608 JLINK_IsHalted()
T3940 073:428.376 - 0.765ms returns FALSE
T3940 073:428.544 JLINK_IsHalted()
T3940 073:430.664 - 2.114ms returns FALSE
T3940 073:537.640 JLINK_IsHalted()
T3940 073:538.496 - 0.855ms returns FALSE
T3940 073:538.760 JLINK_IsHalted()
T3940 073:539.416 - 0.662ms returns FALSE
T3940 073:646.608 JLINK_IsHalted()
T3940 073:647.392 - 0.780ms returns FALSE
T3940 073:647.480 JLINK_IsHalted()
T3940 073:648.184 - 0.701ms returns FALSE
T3940 073:755.624 JLINK_IsHalted()
T3940 073:756.384 - 0.763ms returns FALSE
T3940 073:756.528 JLINK_IsHalted()
T3940 073:757.080 - 0.558ms returns FALSE
T3940 073:865.616 JLINK_IsHalted()
T3940 073:866.416 - 0.797ms returns FALSE
T3940 073:866.616 JLINK_IsHalted()
T3940 073:867.200 - 0.579ms returns FALSE
T3940 073:974.608 JLINK_IsHalted()
T3940 073:975.408 - 0.796ms returns FALSE
T3940 073:975.592 JLINK_IsHalted()
T3940 073:976.168 - 0.571ms returns FALSE
T3940 074:083.608 JLINK_IsHalted()
T3940 074:084.432 - 0.822ms returns FALSE
T3940 074:084.584 JLINK_IsHalted()
T3940 074:085.376 - 0.787ms returns FALSE
T3940 074:193.600 JLINK_IsHalted()
T3940 074:194.328 - 0.724ms returns FALSE
T3940 074:194.512 JLINK_IsHalted()
T3940 074:195.040 - 0.534ms returns FALSE
T3940 074:302.616 JLINK_IsHalted()
T3940 074:303.496 - 0.879ms returns FALSE
T3940 074:303.648 JLINK_IsHalted()
T3940 074:304.288 - 0.640ms returns FALSE
T3940 074:412.624 JLINK_IsHalted()
T3940 074:413.432 - 0.813ms returns FALSE
T3940 074:413.624 JLINK_IsHalted()
T3940 074:414.224 - 0.605ms returns FALSE
T3940 074:521.600 JLINK_IsHalted()
T3940 074:522.400 - 0.800ms returns FALSE
T3940 074:522.608 JLINK_IsHalted()
T3940 074:524.512 - 1.904ms returns FALSE
T3940 074:630.632 JLINK_IsHalted()
T3940 074:632.376 - 1.747ms returns FALSE
T3940 074:632.592 JLINK_IsHalted()
T3940 074:633.152 - 0.559ms returns FALSE
T3940 074:740.624 JLINK_IsHalted()
T3940 074:741.464 - 0.843ms returns FALSE
T3940 074:741.680 JLINK_IsHalted()
T3940 074:742.320 - 0.642ms returns FALSE
T3940 074:849.672 JLINK_IsHalted()
T3940 074:850.520 - 0.847ms returns FALSE
T3940 074:850.664 JLINK_IsHalted()
T3940 074:851.176 - 0.508ms returns FALSE
T3940 074:958.608 JLINK_IsHalted()
T3940 074:959.376 - 0.760ms returns FALSE
T3940 074:959.560 JLINK_IsHalted()
T3940 074:960.256 - 0.700ms returns FALSE
T3940 075:068.648 JLINK_IsHalted()
T3940 075:069.472 - 0.821ms returns FALSE
T3940 075:069.616 JLINK_IsHalted()
T3940 075:070.192 - 0.570ms returns FALSE
T3940 075:177.616 JLINK_IsHalted()
T3940 075:178.448 - 0.831ms returns FALSE
T3940 075:178.608 JLINK_IsHalted()
T3940 075:179.184 - 0.575ms returns FALSE
T3940 075:287.576 JLINK_IsHalted()
T3940 075:288.240 - 0.651ms returns FALSE
T3940 075:288.328 JLINK_IsHalted()
T3940 075:288.864 - 0.535ms returns FALSE
T3940 075:396.632 JLINK_IsHalted()
T3940 075:398.448 - 1.811ms returns FALSE
T3940 075:398.616 JLINK_IsHalted()
T3940 075:399.200 - 0.579ms returns FALSE
T3940 075:505.608 JLINK_IsHalted()
T3940 075:506.320 - 0.718ms returns FALSE
T3940 075:506.480 JLINK_IsHalted()
T3940 075:507.216 - 0.743ms returns FALSE
T3940 075:615.616 JLINK_IsHalted()
T3940 075:616.328 - 0.709ms returns FALSE
T3940 075:616.400 JLINK_IsHalted()
T3940 075:616.984 - 0.582ms returns FALSE
T3940 075:724.616 JLINK_IsHalted()
T3940 075:725.416 - 0.798ms returns FALSE
T3940 075:725.600 JLINK_IsHalted()
T3940 075:726.128 - 0.528ms returns FALSE
T3940 075:833.656 JLINK_IsHalted()
T3940 075:834.432 - 0.774ms returns FALSE
T3940 075:834.552 JLINK_IsHalted()
T3940 075:835.144 - 0.588ms returns FALSE
T3940 075:943.576 JLINK_IsHalted()
T3940 075:944.256 - 0.679ms returns FALSE
T3940 075:944.344 JLINK_IsHalted()
T3940 075:944.808 - 0.465ms returns FALSE
T3940 076:052.592 JLINK_IsHalted()
T3940 076:053.224 - 0.631ms returns FALSE
T3940 076:053.296 JLINK_IsHalted()
T3940 076:053.808 - 0.517ms returns FALSE
T3940 076:162.624 JLINK_IsHalted()
T3940 076:163.176 - 0.548ms returns FALSE
T3940 076:163.288 JLINK_IsHalted()
T3940 076:163.728 - 0.421ms returns FALSE
T3940 076:271.136 JLINK_IsHalted()
T3940 076:271.856 - 0.714ms returns FALSE
T3940 076:271.992 JLINK_IsHalted()
T3940 076:272.584 - 0.587ms returns FALSE
T3940 076:381.120 JLINK_IsHalted()
T3940 076:381.840 - 0.716ms returns FALSE
T3940 076:382.032 JLINK_IsHalted()
T3940 076:382.640 - 0.605ms returns FALSE
T3940 076:490.160 JLINK_IsHalted()
T3940 076:490.896 - 0.737ms returns FALSE
T3940 076:491.032 JLINK_IsHalted()
T3940 076:491.560 - 0.524ms returns FALSE
T3940 076:600.216 JLINK_IsHalted()
T3940 076:600.944 - 0.723ms returns FALSE
T3940 076:601.072 JLINK_IsHalted()
T3940 076:601.528 - 0.460ms returns FALSE
T3940 076:709.264 JLINK_IsHalted()
T3940 076:710.448 - 1.172ms returns FALSE
T3940 076:710.696 JLINK_IsHalted()
T3940 076:711.352 - 0.658ms returns FALSE
T3940 076:818.152 JLINK_IsHalted()
T3940 076:818.880 - 0.744ms returns FALSE
T3940 076:819.056 JLINK_IsHalted()
T3940 076:819.648 - 0.595ms returns FALSE
T3940 076:927.632 JLINK_IsHalted()
T3940 076:928.352 - 0.720ms returns FALSE
T3940 076:928.464 JLINK_IsHalted()
T3940 076:929.168 - 0.695ms returns FALSE
T3940 077:037.648 JLINK_IsHalted()
T3940 077:038.424 - 0.780ms returns FALSE
T3940 077:038.544 JLINK_IsHalted()
T3940 077:039.048 - 0.505ms returns FALSE
T3940 077:146.640 JLINK_IsHalted()
T3940 077:147.440 - 0.794ms returns FALSE
T3940 077:147.608 JLINK_IsHalted()
T3940 077:148.176 - 0.564ms returns FALSE
T3940 077:255.664 JLINK_IsHalted()
T3940 077:256.376 - 0.715ms returns FALSE
T3940 077:256.560 JLINK_IsHalted()
T3940 077:257.256 - 0.686ms returns FALSE
T3940 077:365.176 JLINK_IsHalted()
T3940 077:366.080 - 0.899ms returns FALSE
T3940 077:366.328 JLINK_IsHalted()
T3940 077:368.032 - 1.698ms returns FALSE
T3940 077:474.184 JLINK_IsHalted()
T3940 077:474.992 - 0.804ms returns FALSE
T3940 077:475.152 JLINK_IsHalted()
T3940 077:475.712 - 0.558ms returns FALSE
T3940 077:584.208 JLINK_IsHalted()
T3940 077:585.032 - 0.819ms returns FALSE
T3940 077:585.224 JLINK_IsHalted()
T3940 077:585.800 - 0.577ms returns FALSE
T3940 077:693.184 JLINK_IsHalted()
T3940 077:693.864 - 0.678ms returns FALSE
T3940 077:693.936 JLINK_IsHalted()
T3940 077:694.448 - 0.515ms returns FALSE
T3940 077:803.184 JLINK_IsHalted()
T3940 077:804.032 - 0.847ms returns FALSE
T3940 077:804.200 JLINK_IsHalted()
T3940 077:804.776 - 0.579ms returns FALSE
T3940 077:912.176 JLINK_IsHalted()
T3940 077:912.904 - 0.725ms returns FALSE
T3940 077:913.040 JLINK_IsHalted()
T3940 077:913.592 - 0.544ms returns FALSE
T3940 078:021.192 JLINK_IsHalted()
T3940 078:021.960 - 0.768ms returns FALSE
T3940 078:022.056 JLINK_IsHalted()
T3940 078:023.944 - 1.886ms returns FALSE
T3940 078:131.176 JLINK_IsHalted()
T3940 078:132.040 - 0.858ms returns FALSE
T3940 078:132.296 JLINK_IsHalted()
T3940 078:132.936 - 0.640ms returns FALSE
T3940 078:240.216 JLINK_IsHalted()
T3940 078:241.088 - 0.872ms returns FALSE
T3940 078:241.296 JLINK_IsHalted()
T3940 078:241.888 - 0.593ms returns FALSE
T3940 078:349.200 JLINK_IsHalted()
T3940 078:350.048 - 0.849ms returns FALSE
T3940 078:350.248 JLINK_IsHalted()
T3940 078:350.824 - 0.570ms returns FALSE
T3940 078:459.192 JLINK_IsHalted()
T3940 078:460.080 - 0.889ms returns FALSE
T3940 078:460.272 JLINK_IsHalted()
T3940 078:460.904 - 0.633ms returns FALSE
T3940 078:568.224 JLINK_IsHalted()
T3940 078:569.016 - 0.796ms returns FALSE
T3940 078:569.192 JLINK_IsHalted()
T3940 078:569.840 - 0.643ms returns FALSE
T3940 078:678.192 JLINK_IsHalted()
T3940 078:678.984 - 0.792ms returns FALSE
T3940 078:679.160 JLINK_IsHalted()
T3940 078:681.816 - 2.647ms returns FALSE
T3940 078:787.216 JLINK_IsHalted()
T3940 078:789.008 - 1.793ms returns FALSE
T3940 078:789.240 JLINK_IsHalted()
T3940 078:789.776 - 0.536ms returns FALSE
T3940 078:896.176 JLINK_IsHalted()
T3940 078:896.912 - 0.734ms returns FALSE
T3940 078:897.080 JLINK_IsHalted()
T3940 078:897.744 - 0.663ms returns FALSE
T3940 079:006.208 JLINK_IsHalted()
T3940 079:006.928 - 0.715ms returns FALSE
T3940 079:007.056 JLINK_IsHalted()
T3940 079:007.544 - 0.486ms returns FALSE
T3940 079:115.192 JLINK_IsHalted()
T3940 079:116.208 - 1.006ms returns FALSE
T3940 079:116.392 JLINK_IsHalted()
T3940 079:117.648 - 1.252ms returns FALSE
T3940 079:224.168 JLINK_IsHalted()
T3940 079:224.832 - 0.662ms returns FALSE
T3940 079:224.936 JLINK_IsHalted()
T3940 079:225.408 - 0.477ms returns FALSE
T3940 079:334.216 JLINK_IsHalted()
T3940 079:335.000 - 0.786ms returns FALSE
T3940 079:335.192 JLINK_IsHalted()
T3940 079:335.768 - 0.576ms returns FALSE
T3940 079:443.248 JLINK_IsHalted()
T3940 079:443.864 - 0.620ms returns FALSE
T3940 079:443.984 JLINK_IsHalted()
T3940 079:444.384 - 0.401ms returns FALSE
T3940 079:553.176 JLINK_IsHalted()
T3940 079:553.880 - 0.702ms returns FALSE
T3940 079:554.000 JLINK_IsHalted()
T3940 079:554.576 - 0.583ms returns FALSE
T3940 079:662.160 JLINK_IsHalted()
T3940 079:662.856 - 0.694ms returns FALSE
T3940 079:662.928 JLINK_IsHalted()
T3940 079:663.376 - 0.437ms returns FALSE
T3940 079:771.152 JLINK_IsHalted()
T3940 079:771.784 - 0.621ms returns FALSE
T3940 079:771.856 JLINK_IsHalted()
T3940 079:772.304 - 0.438ms returns FALSE
T3940 079:881.168 JLINK_IsHalted()
T3940 079:881.768 - 0.601ms returns FALSE
T3940 079:881.904 JLINK_IsHalted()
T3940 079:882.352 - 0.440ms returns FALSE
T3940 079:990.200 JLINK_IsHalted()
T3940 079:991.912 - 1.708ms returns FALSE
T3940 079:992.080 JLINK_IsHalted()
T3940 079:992.720 - 0.638ms returns FALSE
T3940 080:099.168 JLINK_IsHalted()
T3940 080:099.920 - 0.753ms returns FALSE
T3940 080:100.056 JLINK_IsHalted()
T3940 080:100.632 - 0.568ms returns FALSE
T3940 080:209.192 JLINK_IsHalted()
T3940 080:209.864 - 0.676ms returns FALSE
T3940 080:209.936 JLINK_IsHalted()
T3940 080:210.424 - 0.470ms returns FALSE
T3940 080:318.168 JLINK_IsHalted()
T3940 080:318.952 - 0.780ms returns FALSE
T3940 080:319.152 JLINK_IsHalted()
T3940 080:319.696 - 0.539ms returns FALSE
T3940 080:428.176 JLINK_IsHalted()
T3940 080:428.896 - 0.725ms returns FALSE
T3940 080:429.040 JLINK_IsHalted()
T3940 080:429.584 - 0.548ms returns FALSE
T3940 080:537.232 JLINK_IsHalted()
T3940 080:538.104 - 0.867ms returns FALSE
T3940 080:538.296 JLINK_IsHalted()
T3940 080:539.056 - 0.752ms returns FALSE
T3940 080:646.216 JLINK_IsHalted()
T3940 080:647.240 - 1.022ms returns FALSE
T3940 080:647.472 JLINK_IsHalted()
T3940 080:648.216 - 0.745ms returns FALSE
T3940 080:756.176 JLINK_IsHalted()
T3940 080:757.072 - 0.893ms returns FALSE
T3940 080:757.312 JLINK_IsHalted()
T3940 080:757.968 - 0.664ms returns FALSE
T3940 080:865.216 JLINK_IsHalted()
T3940 080:865.864 - 0.649ms returns FALSE
T3940 080:866.016 JLINK_IsHalted()
T3940 080:866.672 - 0.653ms returns FALSE
T3940 080:974.184 JLINK_IsHalted()
T3940 080:974.824 - 0.639ms returns FALSE
T3940 080:974.904 JLINK_IsHalted()
T3940 080:975.320 - 0.415ms returns FALSE
T3940 081:084.216 JLINK_IsHalted()
T3940 081:085.032 - 0.809ms returns FALSE
T3940 081:085.176 JLINK_IsHalted()
T3940 081:085.672 - 0.489ms returns FALSE
T3940 081:193.168 JLINK_IsHalted()
T3940 081:193.872 - 0.705ms returns FALSE
T3940 081:194.048 JLINK_IsHalted()
T3940 081:194.656 - 0.609ms returns FALSE
T3940 081:303.144 JLINK_IsHalted()
T3940 081:303.832 - 0.692ms returns FALSE
T3940 081:303.920 JLINK_IsHalted()
T3940 081:304.496 - 0.564ms returns FALSE
T3940 081:412.176 JLINK_IsHalted()
T3940 081:412.848 - 0.679ms returns FALSE
T3940 081:412.976 JLINK_IsHalted()
T3940 081:413.568 - 0.593ms returns FALSE
T3940 081:521.184 JLINK_IsHalted()
T3940 081:522.288 - 1.098ms returns FALSE
T3940 081:522.360 JLINK_IsHalted()
T3940 081:522.848 - 0.486ms returns FALSE
T3940 081:631.192 JLINK_IsHalted()
T3940 081:631.760 - 0.563ms returns FALSE
T3940 081:631.872 JLINK_IsHalted()
T3940 081:632.256 - 0.385ms returns FALSE
T3940 081:740.176 JLINK_IsHalted()
T3940 081:740.920 - 0.748ms returns FALSE
T3940 081:741.112 JLINK_IsHalted()
T3940 081:741.680 - 0.563ms returns FALSE
T3940 081:849.232 JLINK_IsHalted()
T3940 081:849.944 - 0.715ms returns FALSE
T3940 081:850.064 JLINK_IsHalted()
T3940 081:850.608 - 0.541ms returns FALSE
T3940 081:959.192 JLINK_IsHalted()
T3940 081:960.080 - 0.875ms returns FALSE
T3940 081:960.352 JLINK_IsHalted()
T3940 081:961.296 - 0.939ms returns FALSE
T3940 082:068.352 JLINK_IsHalted()
T3940 082:069.760 - 1.411ms returns FALSE
T3940 082:070.104 JLINK_IsHalted()
T3940 082:073.376 - 3.267ms returns FALSE
T3940 082:178.136 JLINK_IsHalted()
T3940 082:178.856 - 0.715ms returns FALSE
T3940 082:178.960 JLINK_IsHalted()
T3940 082:179.600 - 0.640ms returns FALSE
T3940 082:287.184 JLINK_IsHalted()
T3940 082:287.776 - 0.596ms returns FALSE
T3940 082:287.856 JLINK_IsHalted()
T3940 082:288.248 - 0.394ms returns FALSE
T3940 082:396.240 JLINK_IsHalted()
T3940 082:396.976 - 0.741ms returns FALSE
T3940 082:397.112 JLINK_IsHalted()
T3940 082:397.520 - 0.409ms returns FALSE
T3940 082:506.208 JLINK_IsHalted()
T3940 082:506.792 - 0.584ms returns FALSE
T3940 082:506.864 JLINK_IsHalted()
T3940 082:507.360 - 0.500ms returns FALSE
T3940 082:615.128 JLINK_IsHalted()
T3940 082:615.752 - 0.620ms returns FALSE
T3940 082:615.864 JLINK_IsHalted()
T3940 082:616.320 - 0.452ms returns FALSE
T3940 082:724.136 JLINK_IsHalted()
T3940 082:724.656 - 0.522ms returns FALSE
T3940 082:724.768 JLINK_IsHalted()
T3940 082:725.232 - 0.467ms returns FALSE
T3940 082:834.208 JLINK_IsHalted()
T3940 082:834.960 - 0.749ms returns FALSE
T3940 082:835.032 JLINK_IsHalted()
T3940 082:835.512 - 0.478ms returns FALSE
T3940 082:943.168 JLINK_IsHalted()
T3940 082:943.872 - 0.699ms returns FALSE
T3940 082:944.016 JLINK_IsHalted()
T3940 082:944.576 - 0.562ms returns FALSE
T3940 083:053.168 JLINK_IsHalted()
T3940 083:053.848 - 0.687ms returns FALSE
T3940 083:054.000 JLINK_IsHalted()
T3940 083:055.776 - 1.770ms returns FALSE
T3940 083:162.232 JLINK_IsHalted()
T3940 083:163.160 - 0.931ms returns FALSE
T3940 083:163.312 JLINK_IsHalted()
T3940 083:163.816 - 0.500ms returns FALSE
T3940 083:271.200 JLINK_IsHalted()
T3940 083:271.960 - 0.757ms returns FALSE
T3940 083:272.144 JLINK_IsHalted()
T3940 083:272.656 - 0.518ms returns FALSE
T3940 083:381.200 JLINK_IsHalted()
T3940 083:381.960 - 0.762ms returns FALSE
T3940 083:382.200 JLINK_IsHalted()
T3940 083:382.760 - 0.555ms returns FALSE
T3940 083:490.192 JLINK_IsHalted()
T3940 083:490.864 - 0.666ms returns FALSE
T3940 083:490.952 JLINK_IsHalted()
T3940 083:491.440 - 0.480ms returns FALSE
T3940 083:599.216 JLINK_IsHalted()
T3940 083:599.944 - 0.728ms returns FALSE
T3940 083:600.048 JLINK_IsHalted()
T3940 083:600.592 - 0.545ms returns FALSE
T3940 083:709.160 JLINK_IsHalted()
T3940 083:709.752 - 0.595ms returns FALSE
T3940 083:709.864 JLINK_IsHalted()
T3940 083:710.320 - 0.459ms returns FALSE
T3940 083:818.352 JLINK_IsHalted()
T3940 083:818.904 - 0.551ms returns FALSE
T3940 083:818.960 JLINK_IsHalted()
T3940 083:819.408 - 0.447ms returns FALSE
T3940 083:928.248 JLINK_IsHalted()
T3940 083:928.760 - 0.507ms returns FALSE
T3940 083:928.848 JLINK_IsHalted()
T3940 083:929.224 - 0.381ms returns FALSE
T3940 084:037.168 JLINK_IsHalted()
T3940 084:037.808 - 0.630ms returns FALSE
T3940 084:037.880 JLINK_IsHalted()
T3940 084:038.264 - 0.383ms returns FALSE
T3940 084:146.224 JLINK_IsHalted()
T3940 084:146.728 - 0.503ms returns FALSE
T3940 084:146.816 JLINK_IsHalted()
T3940 084:147.168 - 0.350ms returns FALSE
T3940 084:256.272 JLINK_IsHalted()
T3940 084:256.808 - 0.531ms returns FALSE
T3940 084:256.880 JLINK_IsHalted()
T3940 084:257.336 - 0.457ms returns FALSE
T3940 084:365.264 JLINK_IsHalted()
T3940 084:365.936 - 0.664ms returns FALSE
T3940 084:366.072 JLINK_IsHalted()
T3940 084:366.608 - 0.528ms returns FALSE
T3940 084:474.184 JLINK_IsHalted()
T3940 084:474.872 - 0.684ms returns FALSE
T3940 084:474.928 JLINK_IsHalted()
T3940 084:475.264 - 0.340ms returns FALSE
T3940 084:584.152 JLINK_IsHalted()
T3940 084:585.232 - 1.070ms returns FALSE
T3940 084:585.304 JLINK_IsHalted()
T3940 084:585.680 - 0.379ms returns FALSE
T3940 084:693.136 JLINK_IsHalted()
T3940 084:693.688 - 0.551ms returns FALSE
T3940 084:693.776 JLINK_IsHalted()
T3940 084:694.224 - 0.446ms returns FALSE
T3940 084:803.184 JLINK_IsHalted()
T3940 084:803.816 - 0.632ms returns FALSE
T3940 084:803.920 JLINK_IsHalted()
T3940 084:804.264 - 0.341ms returns FALSE
T3940 084:912.264 JLINK_IsHalted()
T3940 084:912.840 - 0.573ms returns FALSE
T3940 084:912.920 JLINK_IsHalted()
T3940 084:913.264 - 0.342ms returns FALSE
T3940 085:021.200 JLINK_IsHalted()
T3940 085:021.744 - 0.531ms returns FALSE
T3940 085:021.824 JLINK_IsHalted()
T3940 085:022.288 - 0.464ms returns FALSE
T3940 085:131.200 JLINK_IsHalted()
T3940 085:131.816 - 0.602ms returns FALSE
T3940 085:131.880 JLINK_IsHalted()
T3940 085:132.272 - 0.400ms returns FALSE
T3940 085:240.224 JLINK_IsHalted()
T3940 085:240.800 - 0.575ms returns FALSE
T3940 085:240.880 JLINK_IsHalted()
T3940 085:241.312 - 0.429ms returns FALSE
T3940 085:349.168 JLINK_IsHalted()
T3940 085:349.888 - 0.723ms returns FALSE
T3940 085:350.008 JLINK_IsHalted()
T3940 085:350.552 - 0.545ms returns FALSE
T3940 085:459.200 JLINK_IsHalted()
T3940 085:459.792 - 0.588ms returns FALSE
T3940 085:459.912 JLINK_IsHalted()
T3940 085:460.288 - 0.378ms returns FALSE
T3940 085:568.144 JLINK_IsHalted()
T3940 085:568.856 - 0.710ms returns FALSE
T3940 085:568.960 JLINK_IsHalted()
T3940 085:569.328 - 0.368ms returns FALSE
T3940 085:678.184 JLINK_IsHalted()
T3940 085:678.760 - 0.575ms returns FALSE
T3940 085:678.840 JLINK_IsHalted()
T3940 085:679.216 - 0.373ms returns FALSE
T3940 085:787.184 JLINK_IsHalted()
T3940 085:787.776 - 0.594ms returns FALSE
T3940 085:787.824 JLINK_IsHalted()
T3940 085:788.280 - 0.450ms returns FALSE
T3940 085:896.232 JLINK_IsHalted()
T3940 085:896.800 - 0.567ms returns FALSE
T3940 085:896.896 JLINK_IsHalted()
T3940 085:897.328 - 0.427ms returns FALSE
T3940 086:006.200 JLINK_IsHalted()
T3940 086:006.744 - 0.544ms returns FALSE
T3940 086:006.808 JLINK_IsHalted()
T3940 086:007.280 - 0.476ms returns FALSE
T3940 086:115.208 JLINK_IsHalted()
T3940 086:115.944 - 0.732ms returns FALSE
T3940 086:116.080 JLINK_IsHalted()
T3940 086:116.584 - 0.496ms returns FALSE
T3940 086:224.216 JLINK_IsHalted()
T3940 086:225.328 - 1.103ms returns FALSE
T3940 086:225.392 JLINK_IsHalted()
T3940 086:225.848 - 0.458ms returns FALSE
T3940 086:334.208 JLINK_IsHalted()
T3940 086:335.000 - 0.796ms returns FALSE
T3940 086:335.136 JLINK_IsHalted()
T3940 086:335.520 - 0.388ms returns FALSE
T3940 086:443.240 JLINK_IsHalted()
T3940 086:443.872 - 0.631ms returns FALSE
T3940 086:443.952 JLINK_IsHalted()
T3940 086:444.328 - 0.368ms returns FALSE
T3940 086:553.176 JLINK_IsHalted()
T3940 086:554.344 - 1.160ms returns FALSE
T3940 086:554.440 JLINK_IsHalted()
T3940 086:554.856 - 0.411ms returns FALSE
T3940 086:662.216 JLINK_IsHalted()
T3940 086:662.704 - 0.492ms returns FALSE
T3940 086:662.800 JLINK_IsHalted()
T3940 086:663.208 - 0.411ms returns FALSE
T3940 086:771.216 JLINK_IsHalted()
T3940 086:771.776 - 0.559ms returns FALSE
T3940 086:771.856 JLINK_IsHalted()
T3940 086:772.224 - 0.370ms returns FALSE
T3940 086:881.232 JLINK_IsHalted()
T3940 086:881.824 - 0.584ms returns FALSE
T3940 086:881.904 JLINK_IsHalted()
T3940 086:882.320 - 0.407ms returns FALSE
T3940 086:990.256 JLINK_IsHalted()
T3940 086:990.752 - 0.494ms returns FALSE
T3940 086:990.832 JLINK_IsHalted()
T3940 086:991.216 - 0.371ms returns FALSE
T3940 087:099.128 JLINK_IsHalted()
T3940 087:099.600 - 0.473ms returns FALSE
T3940 087:099.688 JLINK_IsHalted()
T3940 087:100.024 - 0.338ms returns FALSE
T3940 087:209.168 JLINK_IsHalted()
T3940 087:209.720 - 0.557ms returns FALSE
T3940 087:209.808 JLINK_IsHalted()
T3940 087:210.152 - 0.338ms returns FALSE
T3940 087:318.184 JLINK_IsHalted()
T3940 087:318.768 - 0.590ms returns FALSE
T3940 087:318.832 JLINK_IsHalted()
T3940 087:319.216 - 0.388ms returns FALSE
T3940 087:428.232 JLINK_IsHalted()
T3940 087:428.752 - 0.517ms returns FALSE
T3940 087:428.808 JLINK_IsHalted()
T3940 087:429.232 - 0.430ms returns FALSE
T3940 087:537.176 JLINK_IsHalted()
T3940 087:537.704 - 0.523ms returns FALSE
T3940 087:537.776 JLINK_IsHalted()
T3940 087:538.104 - 0.328ms returns FALSE
T3940 087:646.320 JLINK_IsHalted()
T3940 087:647.216 - 0.885ms returns FALSE
T3940 087:647.344 JLINK_IsHalted()
T3940 087:647.840 - 0.502ms returns FALSE
T3940 087:756.448 JLINK_IsHalted()
T3940 087:756.944 - 0.499ms returns FALSE
T3940 087:757.008 JLINK_IsHalted()
T3940 087:757.424 - 0.406ms returns FALSE
T3940 087:865.424 JLINK_IsHalted()
T3940 087:866.064 - 0.647ms returns FALSE
T3940 087:866.192 JLINK_IsHalted()
T3940 087:866.744 - 0.560ms returns FALSE
T3940 087:974.408 JLINK_IsHalted()
T3940 087:975.056 - 0.654ms returns FALSE
T3940 087:975.168 JLINK_IsHalted()
T3940 087:975.632 - 0.460ms returns FALSE
T3940 088:084.400 JLINK_IsHalted()
T3940 088:085.184 - 0.789ms returns FALSE
T3940 088:085.264 JLINK_IsHalted()
T3940 088:085.792 - 0.521ms returns FALSE
T3940 088:193.456 JLINK_IsHalted()
T3940 088:193.952 - 0.492ms returns FALSE
T3940 088:194.000 JLINK_IsHalted()
T3940 088:194.352 - 0.356ms returns FALSE
T3940 088:302.512 JLINK_IsHalted()
T3940 088:303.056 - 0.541ms returns FALSE
T3940 088:303.144 JLINK_IsHalted()
T3940 088:303.504 - 0.360ms returns FALSE
T3940 088:412.528 JLINK_IsHalted()
T3940 088:413.048 - 0.519ms returns FALSE
T3940 088:413.104 JLINK_IsHalted()
T3940 088:413.440 - 0.334ms returns FALSE
T3940 088:521.520 JLINK_IsHalted()
T3940 088:522.072 - 0.545ms returns FALSE
T3940 088:522.120 JLINK_IsHalted()
T3940 088:522.544 - 0.417ms returns FALSE
T3940 088:630.480 JLINK_IsHalted()
T3940 088:631.384 - 0.900ms returns FALSE
T3940 088:631.464 JLINK_IsHalted()
T3940 088:631.856 - 0.388ms returns FALSE
T3940 088:740.440 JLINK_IsHalted()
T3940 088:741.296 - 0.857ms returns FALSE
T3940 088:741.520 JLINK_IsHalted()
T3940 088:742.072 - 0.551ms returns FALSE
T3940 088:849.520 JLINK_IsHalted()
T3940 088:850.688 - 1.175ms returns FALSE
T3940 088:850.904 JLINK_IsHalted()
T3940 088:851.744 - 0.832ms returns FALSE
T3940 088:959.488 JLINK_IsHalted()
T3940 088:960.632 - 1.149ms returns FALSE
T3940 088:960.792 JLINK_IsHalted()
T3940 088:961.392 - 0.605ms returns FALSE
T3940 089:068.464 JLINK_IsHalted()
T3940 089:069.120 - 0.651ms returns FALSE
T3940 089:069.168 JLINK_IsHalted()
T3940 089:069.680 - 0.510ms returns FALSE
T3940 089:177.560 JLINK_IsHalted()
T3940 089:178.056 - 0.494ms returns FALSE
T3940 089:178.144 JLINK_IsHalted()
T3940 089:178.560 - 0.411ms returns FALSE
T3940 089:287.528 JLINK_IsHalted()
T3940 089:288.056 - 0.531ms returns FALSE
T3940 089:288.144 JLINK_IsHalted()
T3940 089:288.504 - 0.362ms returns FALSE
T3940 089:396.536 JLINK_IsHalted()
T3940 089:397.048 - 0.512ms returns FALSE
T3940 089:397.104 JLINK_IsHalted()
T3940 089:397.448 - 0.340ms returns FALSE
T3940 089:505.456 JLINK_IsHalted()
T3940 089:506.048 - 0.589ms returns FALSE
T3940 089:506.152 JLINK_IsHalted()
T3940 089:506.496 - 0.349ms returns FALSE
T3940 089:615.408 JLINK_IsHalted()
T3940 089:616.080 - 0.660ms returns FALSE
T3940 089:616.200 JLINK_IsHalted()
T3940 089:616.712 - 0.513ms returns FALSE
T3940 089:724.456 JLINK_IsHalted()
T3940 089:725.136 - 0.682ms returns FALSE
T3940 089:725.256 JLINK_IsHalted()
T3940 089:725.864 - 0.602ms returns FALSE
T3940 089:834.400 JLINK_IsHalted()
T3940 089:834.952 - 0.549ms returns FALSE
T3940 089:835.008 JLINK_IsHalted()
T3940 089:835.344 - 0.343ms returns FALSE
T3940 089:943.440 JLINK_IsHalted()
T3940 089:943.904 - 0.469ms returns FALSE
T3940 089:943.984 JLINK_IsHalted()
T3940 089:944.320 - 0.333ms returns FALSE
T3940 090:052.480 JLINK_IsHalted()
T3940 090:052.968 - 0.487ms returns FALSE
T3940 090:053.016 JLINK_IsHalted()
T3940 090:053.352 - 0.334ms returns FALSE
T3940 090:162.368 JLINK_IsHalted()
T3940 090:162.872 - 0.506ms returns FALSE
T3940 090:162.944 JLINK_IsHalted()
T3940 090:163.392 - 0.446ms returns FALSE
T3940 090:271.488 JLINK_IsHalted()
T3940 090:275.320 - 3.835ms returns TRUE
T3940 090:275.384 JLINK_ReadReg(XPSR)
T3940 090:275.408   CPU_ReadMem(4 bytes @ 0xE000EE08)
T3940 090:275.768 - 0.388ms returns 0xF9000000
T3940 090:275.808 JLINK_ReadReg(R15 (PC))
T3940 090:275.824 - 0.014ms returns 0x020BDE6C
T3940 090:275.840 JLINK_ReadReg(XPSR)
T3940 090:275.856 - 0.011ms returns 0xF9000000
T3940 090:275.856 JLINK_ReadReg(XPSR)
T3940 090:275.872 - 0.010ms returns 0xF9000000
T3940 090:275.888 JLINK_ReadReg(R15 (PC))
T3940 090:275.896 - 0.011ms returns 0x020BDE6C
T3940 090:275.912 JLINK_ReadReg(XPSR)
T3940 090:275.920 - 0.011ms returns 0xF9000000
T3940 090:275.928 JLINK_ReadReg(XPSR)
T3940 090:275.944 - 0.011ms returns 0xF9000000
T3940 090:275.952 JLINK_ReadMem(0x020BDE6C, 0x1 Bytes, ...)
T3940 090:275.976   CPU_ReadMem(64 bytes @ 0x020BDE40)
T3940 090:276.808    -- Updating C cache (64 bytes @ 0x020BDE40)
T3940 090:276.824    -- Read from C cache (1 bytes @ 0x020BDE6C)
T3940 090:276.848   Data:  00
T3940 090:276.864 - 0.904ms returns 0
T3940 090:276.896 JLINK_IsHalted()
T3940 090:276.912 - 0.012ms returns TRUE
T3940 090:276.920 JLINK_ReadReg(XPSR)
T3940 090:276.936 - 0.011ms returns 0xF9000000
T3940 090:276.944 JLINK_ReadReg(XPSR)
T3940 090:276.960 - 0.011ms returns 0xF9000000
T3940 090:276.976 JLINK_ReadReg(R15 (PC))
T3940 090:276.984 - 0.011ms returns 0x020BDE6C
T3940 090:277.000 JLINK_ReadReg(XPSR)
T3940 090:277.008 - 0.010ms returns 0xF9000000
T3940 090:277.024 JLINK_ReadReg(XPSR)
T3940 090:277.040 - 0.011ms returns 0xF9000000
T3940 090:277.040 JLINK_ReadMem(0x020BDE6C, 0x1 Bytes, ...)
T3940 090:277.056    -- Read from C cache (1 bytes @ 0x020BDE6C)
T3940 090:277.072   Data:  00
T3940 090:277.088 - 0.044ms returns 0
T3940 090:277.168 JLINK_IsHalted()
T3940 090:277.168 - 0.011ms returns TRUE
T3940 090:277.184 JLINK_ReadReg(XPSR)
T3940 090:277.200 - 0.010ms returns 0xF9000000
T3940 090:277.208 JLINK_ReadReg(R15 (PC))
T3940 090:277.224 - 0.010ms returns 0x020BDE6C
T3940 090:277.232 JLINK_ReadReg(XPSR)
T3940 090:277.240 - 0.010ms returns 0xF9000000
T3940 090:277.256 JLINK_ReadReg(XPSR)
T3940 090:277.264 - 0.010ms returns 0xF9000000
T3940 090:277.272 JLINK_ReadReg(R15 (PC))
T3940 090:277.288 - 0.010ms returns 0x020BDE6C
T3940 090:277.296 JLINK_ReadReg(XPSR)
T3940 090:277.304 - 0.010ms returns 0xF9000000
T3940 090:277.320 JLINK_ReadReg(XPSR)
T3940 090:277.328 - 0.011ms returns 0xF9000000
T3940 090:277.344 JLINK_ReadMem(0x020BDE6C, 0x1 Bytes, ...)
T3940 090:277.360    -- Read from C cache (1 bytes @ 0x020BDE6C)
T3940 090:277.368   Data:  00
T3940 090:277.384 - 0.042ms returns 0
T3940 090:277.392 JLINK_IsHalted()
T3940 090:277.408 - 0.010ms returns TRUE
T3940 090:277.424 JLINK_ReadReg(XPSR)
T3940 090:277.432 - 0.012ms returns 0xF9000000
T3940 090:277.440 JLINK_ReadReg(XPSR)
T3940 090:277.456 - 0.010ms returns 0xF9000000
T3940 090:277.464 JLINK_ReadReg(R15 (PC))
T3940 090:277.480 - 0.010ms returns 0x020BDE6C
T3940 090:277.488 JLINK_ReadReg(XPSR)
T3940 090:277.496 - 0.010ms returns 0xF9000000
T3940 090:277.512 JLINK_ReadReg(XPSR)
T3940 090:277.520 - 0.010ms returns 0xF9000000
T3940 090:277.536 JLINK_ReadMem(0x020BDE6C, 0x1 Bytes, ...)
T3940 090:277.544    -- Read from C cache (1 bytes @ 0x020BDE6C)
T3940 090:277.560   Data:  00
T3940 090:277.576 - 0.041ms returns 0
T3940 090:277.600 JLINK_ReadMem(0x220A4C18, 0x4 Bytes, ...)
T3940 090:277.616   CPU_ReadMem(4 bytes @ 0x220A4C18)
T3940 090:278.040   Data:  03 00 00 00
T3940 090:278.064 - 0.468ms returns 0
T3940 090:278.096 JLINK_ReadMem(0x220A4BF4, 0x4 Bytes, ...)
T3940 090:278.112   CPU_ReadMem(4 bytes @ 0x220A4BF4)
T3940 090:278.552   Data:  B8 4A 0A 22
T3940 090:278.576 - 0.469ms returns 0
T3940 090:278.608 JLINK_ReadMem(0x020C0520, 0x4 Bytes, ...)
T3940 090:278.624   CPU_ReadMem(64 bytes @ 0x020C0500)
T3940 090:279.456    -- Updating C cache (64 bytes @ 0x020C0500)
T3940 090:279.472    -- Read from C cache (4 bytes @ 0x020C0520)
T3940 090:279.496   Data:  04 00 00 00
T3940 090:279.504 - 0.903ms returns 0
T3940 090:279.552 JLINK_ReadMem(0x220A4BFC, 0x4 Bytes, ...)
T3940 090:279.568   CPU_ReadMem(4 bytes @ 0x220A4BFC)
T3940 090:280.024   Data:  01 00 00 00
T3940 090:280.048 - 0.496ms returns 0
T3940 090:281.008 JLINK_ReadMem(0x220A4C18, 0x4 Bytes, ...)
T3940 090:281.040   CPU_ReadMem(4 bytes @ 0x220A4C18)
T3940 090:281.568   Data:  03 00 00 00
T3940 090:281.592 - 0.594ms returns 0
T3940 090:281.640 JLINK_ReadMem(0x220A4BF4, 0x4 Bytes, ...)
T3940 090:281.648   CPU_ReadMem(4 bytes @ 0x220A4BF4)
T3940 090:282.192   Data:  B8 4A 0A 22
T3940 090:282.216 - 0.574ms returns 0
T3940 090:282.256 JLINK_ReadMem(0x020C0520, 0x4 Bytes, ...)
T3940 090:282.264    -- Read from C cache (4 bytes @ 0x020C0520)
T3940 090:282.288   Data:  04 00 00 00
T3940 090:282.296 - 0.045ms returns 0
T3940 090:282.312 JLINK_ReadMem(0x220A4BFC, 0x4 Bytes, ...)
T3940 090:282.320   CPU_ReadMem(4 bytes @ 0x220A4BFC)
T3940 090:282.896   Data:  01 00 00 00
T3940 090:282.912 - 0.602ms returns 0
T3940 090:282.968 JLINK_ReadRegs(NumRegs = 20)
T3940 090:283.000   
  R0 (0)        = 0x00                 R1 (1)        = 0x00                 R2 (2)        = 0x00                 R3 (3)        = 0x00              
  R4 (4)        = 0x00                 R5 (5)        = 0x00                 R6 (6)        = 0x00                 R7 (7)        = 0x00              
  R8 (8)        = 0x23B3840E           R9 (9)        = 0xC9C53B6F           R10 (10)      = 0x3F1CE1EE           R11 (11)      = 0xBD85A77A        
  R12 (12)      = 0x4F93               R13 (SP) (13) = 0x220A4440           R14 (14)      = 0xFFFFFFFF           R15 (PC) (15) = 0x20BDE6C         
  XPSR (16)     = 0xF9000000           MSPLIM (86)   = 0x00                 PSPLIM (87)   = 0x00                 CFBP (20)     = 0x00              
T3940 090:283.024 - 0.051ms returns 0x00
T3940 090:286.160 JLINK_ReadMem(0x220A4C18, 0x4 Bytes, ...)
T3940 090:286.200   CPU_ReadMem(4 bytes @ 0x220A4C18)
T3940 090:286.720   Data:  03 00 00 00
T3940 090:286.744 - 0.579ms returns 0
T3940 090:286.784 JLINK_ReadMem(0x220A4BF4, 0x4 Bytes, ...)
T3940 090:286.800   CPU_ReadMem(4 bytes @ 0x220A4BF4)
T3940 090:287.320   Data:  B8 4A 0A 22
T3940 090:287.376 - 0.592ms returns 0
T3940 090:287.416 JLINK_ReadMem(0x020C0520, 0x4 Bytes, ...)
T3940 090:287.440    -- Read from C cache (4 bytes @ 0x020C0520)
T3940 090:287.448   Data:  04 00 00 00
T3940 090:287.472 - 0.048ms returns 0
T3940 090:287.480 JLINK_ReadMem(0x220A4BFC, 0x4 Bytes, ...)
T3940 090:287.496   CPU_ReadMem(4 bytes @ 0x220A4BFC)
T3940 090:288.080   Data:  01 00 00 00
T3940 090:288.096 - 0.616ms returns 0
T3940 090:288.144 JLINK_ReadMem(0x220A4C18, 0x4 Bytes, ...)
T3940 090:288.152   CPU_ReadMem(4 bytes @ 0x220A4C18)
T3940 090:288.640   Data:  03 00 00 00
T3940 090:288.664 - 0.524ms returns 0
T3940 090:288.696 JLINK_ReadMem(0x220A4BF4, 0x4 Bytes, ...)
T3940 090:288.720   CPU_ReadMem(4 bytes @ 0x220A4BF4)
T3940 090:289.232   Data:  B8 4A 0A 22
T3940 090:289.248 - 0.550ms returns 0
T3940 090:289.288 JLINK_ReadMem(0x020C0520, 0x4 Bytes, ...)
T3940 090:289.296    -- Read from C cache (4 bytes @ 0x020C0520)
T3940 090:289.312   Data:  04 00 00 00
T3940 090:289.328 - 0.047ms returns 0
T3940 090:289.344 JLINK_ReadMem(0x220A4BFC, 0x4 Bytes, ...)
T3940 090:289.360   CPU_ReadMem(4 bytes @ 0x220A4BFC)
T3940 090:289.840   Data:  01 00 00 00
T3940 090:289.872 - 0.520ms returns 0
T3940 090:290.760 JLINK_ReadMem(0xE000EDF0, 0x4 Bytes, ...)
T3940 090:290.816   CPU_ReadMem(4 bytes @ 0xE000EDF0)
T3940 090:291.336   Data:  03 00 13 00
T3940 090:291.384   Debug reg: DHCSR
T3940 090:291.416 - 0.659ms returns 0
T3940 090:292.120 JLINK_ReadMem(0x020BDE6C, 0x4 Bytes, ...)
T3940 090:292.168    -- Read from C cache (4 bytes @ 0x020BDE6C)
T3940 090:292.200   Data:  00 F0 06 F8
T3940 090:292.232 - 0.109ms returns 0
T2098 090:298.792 JLINK_ReadReg(XPSR)
T2098 090:298.856 - 0.063ms returns 0xF9000000
T2098 090:298.880 JLINK_ReadReg(R15 (PC))
T2098 090:298.896 - 0.020ms returns 0x020BDE6C
T2098 090:299.144 JLINK_IsHalted()
T2098 090:299.200 - 0.060ms returns TRUE
T2098 090:299.224 JLINK_ReadReg(XPSR)
T2098 090:299.272 - 0.042ms returns 0xF9000000
T2098 090:299.304 JLINK_ReadReg(R15 (PC))
T2098 090:299.312 - 0.012ms returns 0x020BDE6C
T2098 090:299.328 JLINK_ReadReg(XPSR)
T2098 090:299.360 - 0.030ms returns 0xF9000000
T2098 090:299.376 JLINK_ReadReg(XPSR)
T2098 090:299.384 - 0.011ms returns 0xF9000000
T2098 090:299.400 JLINK_ReadReg(R15 (PC))
T2098 090:299.408 - 0.010ms returns 0x020BDE6C
T2098 090:299.416 JLINK_ReadReg(XPSR)
T2098 090:299.432 - 0.010ms returns 0xF9000000
T2098 090:299.440 JLINK_ReadReg(XPSR)
T2098 090:299.448 - 0.010ms returns 0xF9000000
T2098 090:299.464 JLINK_ReadMem(0x020BDE6C, 0x1 Bytes, ...)
T2098 090:299.480    -- Read from C cache (1 bytes @ 0x020BDE6C)
T2098 090:299.504   Data:  00
T2098 090:299.512 - 0.050ms returns 0
T2098 090:299.528 JLINK_IsHalted()
T2098 090:299.536 - 0.011ms returns TRUE
T2098 090:299.552 JLINK_ReadReg(XPSR)
T2098 090:299.568 - 0.012ms returns 0xF9000000
T2098 090:299.576 JLINK_ReadReg(XPSR)
T2098 090:299.584 - 0.010ms returns 0xF9000000
T2098 090:299.600 JLINK_ReadReg(R15 (PC))
T2098 090:299.608 - 0.011ms returns 0x020BDE6C
T2098 090:299.624 JLINK_ReadReg(XPSR)
T2098 090:299.632 - 0.011ms returns 0xF9000000
T2098 090:299.648 JLINK_ReadReg(XPSR)
T2098 090:299.680 - 0.033ms returns 0xF9000000
T2098 090:299.696 JLINK_ReadMem(0x020BDE6C, 0x1 Bytes, ...)
T2098 090:299.704    -- Read from C cache (1 bytes @ 0x020BDE6C)
T2098 090:299.720   Data:  00
T2098 090:299.736 - 0.043ms returns 0
T2098 090:299.808 JLINK_ReadMem(0xE0001000, 0x4 Bytes, ...)
T2098 090:299.824   CPU_ReadMem(4 bytes @ 0xE0001000)
T2098 090:300.496   Data:  01 00 00 40
T2098 090:300.544   Debug reg: DWT_CTRL
T2098 090:300.560 - 0.755ms returns 0
T2098 090:300.648 JLINK_WriteMem(0xE0001FB0, 0x8 Bytes, ...)
T2098 090:300.664   Data:  00 00 00 00 55 CE AC C5
T2098 090:300.984   CPU_WriteMem(8 bytes @ 0xE0001FB0)
T2098 090:301.552 - 0.903ms returns 0x8
T2098 090:301.672 JLINK_ReadMem(0xE000EDFC, 0x4 Bytes, ...)
T2098 090:301.712   CPU_ReadMem(4 bytes @ 0xE000EDFC)
T2098 090:302.272   Data:  00 00 10 01
T2098 090:302.320   Debug reg: DEMCR
T2098 090:302.352 - 0.686ms returns 0
T2098 090:304.728 JLINK_ReadMem(0xE0001004, 0x4 Bytes, ...)
T2098 090:304.784   CPU_ReadMem(4 bytes @ 0xE0001004)
T2098 090:305.544   Data:  21 9B A1 7D
T2098 090:305.592   Debug reg: DWT_CYCCNT
T2098 090:305.616 - 0.892ms returns 0
T3940 090:318.168 JLINK_ReadMem(0x220A4C18, 0x4 Bytes, ...)
T3940 090:318.264   CPU_ReadMem(4 bytes @ 0x220A4C18)
T3940 090:319.088   Data:  03 00 00 00
T3940 090:319.144 - 0.975ms returns 0
T3940 090:319.232 JLINK_ReadMem(0x220A4BF4, 0x4 Bytes, ...)
T3940 090:319.272   CPU_ReadMem(4 bytes @ 0x220A4BF4)
T3940 090:319.920   Data:  B8 4A 0A 22
T3940 090:319.976 - 0.746ms returns 0
T3940 090:320.024 JLINK_ReadMem(0x020C0520, 0x4 Bytes, ...)
T3940 090:320.048    -- Read from C cache (4 bytes @ 0x020C0520)
T3940 090:320.064   Data:  04 00 00 00
T3940 090:320.080 - 0.050ms returns 0
T3940 090:320.088 JLINK_ReadMem(0x220A4BFC, 0x4 Bytes, ...)
T3940 090:320.112   CPU_ReadMem(4 bytes @ 0x220A4BFC)
T3940 090:320.664   Data:  01 00 00 00
T3940 090:320.704 - 0.608ms returns 0
T3940 090:320.776 JLINK_ReadMem(0x220A4C18, 0x4 Bytes, ...)
T3940 090:320.792   CPU_ReadMem(4 bytes @ 0x220A4C18)
T3940 090:321.384   Data:  03 00 00 00
T3940 090:321.408 - 0.632ms returns 0
T3940 090:321.448 JLINK_ReadMem(0x220A4BF4, 0x4 Bytes, ...)
T3940 090:321.456   CPU_ReadMem(4 bytes @ 0x220A4BF4)
T3940 090:322.120   Data:  B8 4A 0A 22
T3940 090:322.160 - 0.717ms returns 0
T3940 090:322.240 JLINK_ReadMem(0x020C0520, 0x4 Bytes, ...)
T3940 090:322.264    -- Read from C cache (4 bytes @ 0x020C0520)
T3940 090:322.280   Data:  04 00 00 00
T3940 090:322.296 - 0.054ms returns 0
T3940 090:322.312 JLINK_ReadMem(0x220A4BFC, 0x4 Bytes, ...)
T3940 090:322.320   CPU_ReadMem(4 bytes @ 0x220A4BFC)
T3940 090:322.928   Data:  01 00 00 00
T3940 090:322.960 - 0.645ms returns 0
T3940 090:323.744 JLINK_ReadMem(0x020BDE6C, 0x4 Bytes, ...)
T3940 090:323.776    -- Read from C cache (4 bytes @ 0x020BDE6C)
T3940 090:323.792   Data:  00 F0 06 F8
T3940 090:323.808 - 0.065ms returns 0
T3940 090:476.976 JLINK_ReadMem(0x220A4C18, 0x4 Bytes, ...)
T3940 090:477.032   CPU_ReadMem(4 bytes @ 0x220A4C18)
T3940 090:477.656   Data:  03 00 00 00
T3940 090:477.712 - 0.738ms returns 0
T3940 090:477.784 JLINK_ReadMem(0x220A4BF4, 0x4 Bytes, ...)
T3940 090:477.808   CPU_ReadMem(4 bytes @ 0x220A4BF4)
T3940 090:478.320   Data:  B8 4A 0A 22
T3940 090:478.352 - 0.565ms returns 0
T3940 090:478.416 JLINK_ReadMem(0x020C0520, 0x4 Bytes, ...)
T3940 090:478.440    -- Read from C cache (4 bytes @ 0x020C0520)
T3940 090:478.448   Data:  04 00 00 00
T3940 090:478.472 - 0.052ms returns 0
T3940 090:478.480 JLINK_ReadMem(0x220A4BFC, 0x4 Bytes, ...)
T3940 090:478.496   CPU_ReadMem(4 bytes @ 0x220A4BFC)
T3940 090:479.024   Data:  01 00 00 00
T3940 090:479.056 - 0.571ms returns 0
T3940 090:479.104 JLINK_ReadMem(0x220A4C18, 0x4 Bytes, ...)
T3940 090:479.120   CPU_ReadMem(4 bytes @ 0x220A4C18)
T3940 090:479.552   Data:  03 00 00 00
T3940 090:479.576 - 0.472ms returns 0
T3940 090:479.616 JLINK_ReadMem(0x220A4BF4, 0x4 Bytes, ...)
T3940 090:479.632   CPU_ReadMem(4 bytes @ 0x220A4BF4)
T3940 090:480.072   Data:  B8 4A 0A 22
T3940 090:480.104 - 0.481ms returns 0
T3940 090:480.144 JLINK_ReadMem(0x020C0520, 0x4 Bytes, ...)
T3940 090:480.152    -- Read from C cache (4 bytes @ 0x020C0520)
T3940 090:480.176   Data:  04 00 00 00
T3940 090:480.184 - 0.047ms returns 0
T3940 090:480.200 JLINK_ReadMem(0x220A4BFC, 0x4 Bytes, ...)
T3940 090:480.208   CPU_ReadMem(4 bytes @ 0x220A4BFC)
T3940 090:480.688   Data:  01 00 00 00
T3940 090:480.728 - 0.526ms returns 0
T3940 093:405.232 JLINK_ReadMem(0x220A4C18, 0x4 Bytes, ...)
T3940 093:405.440   CPU_ReadMem(4 bytes @ 0x220A4C18)
T3940 093:406.752   Data:  03 00 00 00
T3940 093:406.840 - 1.603ms returns 0
T3940 093:406.944 JLINK_ReadMem(0x220A4BF4, 0x4 Bytes, ...)
T3940 093:406.992   CPU_ReadMem(4 bytes @ 0x220A4BF4)
T3940 093:407.752   Data:  B8 4A 0A 22
T3940 093:407.824 - 0.877ms returns 0
T3940 093:408.016 JLINK_ReadMem(0x020C0520, 0x4 Bytes, ...)
T3940 093:408.056    -- Read from C cache (4 bytes @ 0x020C0520)
T3940 093:408.096   Data:  04 00 00 00
T3940 093:408.144 - 0.125ms returns 0
T3940 093:408.176 JLINK_ReadMem(0x220A4BFC, 0x4 Bytes, ...)
T3940 093:408.208   CPU_ReadMem(4 bytes @ 0x220A4BFC)
T3940 093:408.960   Data:  01 00 00 00
T3940 093:409.032 - 0.863ms returns 0
T3940 093:413.016 JLINK_ReadMem(0xE0001004, 0x4 Bytes, ...)
T3940 093:413.088   Data:  21 9B A1 7D
T3940 093:413.120   Debug reg: DWT_CYCCNT
T3940 093:413.200 - 0.182ms returns 0
T3940 093:413.232 JLINK_IsHalted()
T3940 093:413.944 - 0.714ms returns TRUE
T3940 093:415.952 JLINK_ReadMem(0xE0001004, 0x4 Bytes, ...)
T3940 093:416.016   Data:  21 9B A1 7D
T3940 093:416.032   Debug reg: DWT_CYCCNT
T3940 093:416.048 - 0.090ms returns 0
T3940 093:416.064 JLINK_GoEx(MaxEmulInsts = 0, Flags = 0x01)
T3940 093:416.080   CPU_ReadMem(4 bytes @ 0xE0001000)
T3940 093:417.320   Memory map 'after startup completion point' is active
T3940 093:417.352 - 1.287ms 
T3940 093:521.304 JLINK_IsHalted()
T3940 093:521.864 - 0.557ms returns FALSE
T3940 093:521.912 JLINK_IsHalted()
T3940 093:522.256 - 0.344ms returns FALSE
T3940 093:631.280 JLINK_IsHalted()
T3940 093:631.920 - 0.631ms returns FALSE
T3940 093:632.024 JLINK_IsHalted()
T3940 093:632.376 - 0.352ms returns FALSE
T3940 093:740.240 JLINK_IsHalted()
T3940 093:740.920 - 0.678ms returns FALSE
T3940 093:741.000 JLINK_IsHalted()
T3940 093:741.608 - 0.609ms returns FALSE
T3940 093:849.360 JLINK_IsHalted()
T3940 093:849.880 - 0.522ms returns FALSE
T3940 093:849.936 JLINK_IsHalted()
T3940 093:850.288 - 0.351ms returns FALSE
T3940 093:959.376 JLINK_IsHalted()
T3940 093:959.896 - 0.518ms returns FALSE
T3940 093:959.976 JLINK_IsHalted()
T3940 093:960.504 - 0.528ms returns FALSE
T3940 094:068.424 JLINK_IsHalted()
T3940 094:069.160 - 0.740ms returns FALSE
T3940 094:069.224 JLINK_IsHalted()
T3940 094:069.608 - 0.383ms returns FALSE
T3940 094:177.384 JLINK_IsHalted()
T3940 094:178.056 - 0.670ms returns FALSE
T3940 094:178.144 JLINK_IsHalted()
T3940 094:178.648 - 0.501ms returns FALSE
T3940 094:287.328 JLINK_IsHalted()
T3940 094:287.888 - 0.551ms returns FALSE
T3940 094:287.968 JLINK_IsHalted()
T3940 094:288.320 - 0.357ms returns FALSE
T3940 094:396.536 JLINK_IsHalted()
T3940 094:397.688 - 1.145ms returns FALSE
T3940 094:397.936 JLINK_IsHalted()
T3940 094:398.760 - 0.826ms returns FALSE
T2098 094:413.768 JLINK_IsHalted()
T2098 094:414.448 - 0.674ms returns FALSE
T2098 094:414.648 JLINK_IsHalted()
T2098 094:415.280 - 0.634ms returns FALSE
T3940 094:506.360 JLINK_IsHalted()
T3940 094:507.056 - 0.689ms returns FALSE
T3940 094:507.184 JLINK_IsHalted()
T3940 094:507.664 - 0.483ms returns FALSE
T3940 094:615.392 JLINK_IsHalted()
T3940 094:615.944 - 0.554ms returns FALSE
T3940 094:616.008 JLINK_IsHalted()
T3940 094:616.416 - 0.410ms returns FALSE
T3940 094:724.432 JLINK_IsHalted()
T3940 094:724.912 - 0.486ms returns FALSE
T3940 094:724.968 JLINK_IsHalted()
T3940 094:725.384 - 0.414ms returns FALSE
T3940 094:834.376 JLINK_IsHalted()
T3940 094:834.920 - 0.549ms returns FALSE
T3940 094:834.992 JLINK_IsHalted()
T3940 094:835.528 - 0.535ms returns FALSE
T3940 094:943.408 JLINK_IsHalted()
T3940 094:944.048 - 0.635ms returns FALSE
T3940 094:944.104 JLINK_IsHalted()
T3940 094:944.544 - 0.441ms returns FALSE
T3940 095:052.416 JLINK_IsHalted()
T3940 095:053.232 - 0.813ms returns FALSE
T3940 095:053.304 JLINK_IsHalted()
T3940 095:053.688 - 0.382ms returns FALSE
T3940 095:162.432 JLINK_IsHalted()
T3940 095:162.944 - 0.508ms returns FALSE
T3940 095:163.000 JLINK_IsHalted()
T3940 095:163.448 - 0.450ms returns FALSE
T3940 095:271.424 JLINK_IsHalted()
T3940 095:272.136 - 0.706ms returns FALSE
T3940 095:272.256 JLINK_IsHalted()
T3940 095:272.736 - 0.477ms returns FALSE
T3940 095:381.392 JLINK_IsHalted()
T3940 095:382.064 - 0.668ms returns FALSE
T3940 095:382.200 JLINK_IsHalted()
T3940 095:382.632 - 0.431ms returns FALSE
T2098 095:415.640 JLINK_IsHalted()
T2098 095:416.272 - 0.623ms returns FALSE
T2098 095:416.392 JLINK_IsHalted()
T2098 095:416.848 - 0.451ms returns FALSE
T3940 095:490.464 JLINK_IsHalted()
T3940 095:491.664 - 1.190ms returns FALSE
T3940 095:491.760 JLINK_IsHalted()
T3940 095:492.272 - 0.512ms returns FALSE
T3940 095:599.488 JLINK_IsHalted()
T3940 095:600.208 - 0.718ms returns FALSE
T3940 095:600.296 JLINK_IsHalted()
T3940 095:600.816 - 0.510ms returns FALSE
T3940 095:709.368 JLINK_IsHalted()
T3940 095:709.936 - 0.565ms returns FALSE
T3940 095:710.008 JLINK_IsHalted()
T3940 095:710.440 - 0.432ms returns FALSE
T3940 095:818.416 JLINK_IsHalted()
T3940 095:819.224 - 0.807ms returns FALSE
T3940 095:819.296 JLINK_IsHalted()
T3940 095:819.896 - 0.602ms returns FALSE
T3940 095:927.408 JLINK_IsHalted()
T3940 095:927.912 - 0.500ms returns FALSE
T3940 095:927.960 JLINK_IsHalted()
T3940 095:928.336 - 0.373ms returns FALSE
T3940 096:037.400 JLINK_IsHalted()
T3940 096:037.920 - 0.515ms returns FALSE
T3940 096:038.000 JLINK_IsHalted()
T3940 096:038.408 - 0.405ms returns FALSE
T3940 096:146.400 JLINK_IsHalted()
T3940 096:146.936 - 0.539ms returns FALSE
T3940 096:147.024 JLINK_IsHalted()
T3940 096:147.512 - 0.486ms returns FALSE
T3940 096:256.400 JLINK_IsHalted()
T3940 096:257.040 - 0.630ms returns FALSE
T3940 096:257.160 JLINK_IsHalted()
T3940 096:257.592 - 0.435ms returns FALSE
T3940 096:365.432 JLINK_IsHalted()
T3940 096:366.224 - 0.781ms returns FALSE
T3940 096:366.336 JLINK_IsHalted()
T3940 096:366.840 - 0.504ms returns FALSE
T2098 096:417.680 JLINK_IsHalted()
T2098 096:418.352 - 0.664ms returns FALSE
T2098 096:418.472 JLINK_IsHalted()
T2098 096:418.928 - 0.459ms returns FALSE
T3940 096:474.416 JLINK_IsHalted()
T3940 096:475.048 - 0.635ms returns FALSE
T3940 096:475.176 JLINK_IsHalted()
T3940 096:475.584 - 0.413ms returns FALSE
T3940 096:584.432 JLINK_IsHalted()
T3940 096:585.072 - 0.638ms returns FALSE
T3940 096:585.152 JLINK_IsHalted()
T3940 096:585.592 - 0.441ms returns FALSE
T3940 096:693.464 JLINK_IsHalted()
T3940 096:694.128 - 0.668ms returns FALSE
T3940 096:694.184 JLINK_IsHalted()
T3940 096:694.544 - 0.362ms returns FALSE
T3940 096:802.424 JLINK_IsHalted()
T3940 096:804.832 - 2.407ms returns FALSE
T3940 096:805.256 JLINK_IsHalted()
T3940 096:806.032 - 0.782ms returns FALSE
T3940 096:912.384 JLINK_IsHalted()
T3940 096:913.152 - 0.768ms returns FALSE
T3940 096:913.320 JLINK_IsHalted()
T3940 096:913.800 - 0.482ms returns FALSE
T3940 097:021.352 JLINK_IsHalted()
T3940 097:021.888 - 0.538ms returns FALSE
T3940 097:021.984 JLINK_IsHalted()
T3940 097:022.592 - 0.604ms returns FALSE
T3940 097:131.376 JLINK_IsHalted()
T3940 097:132.072 - 0.702ms returns FALSE
T3940 097:132.184 JLINK_IsHalted()
T3940 097:132.664 - 0.477ms returns FALSE
T3940 097:240.368 JLINK_IsHalted()
T3940 097:241.088 - 0.714ms returns FALSE
T3940 097:241.232 JLINK_IsHalted()
T3940 097:242.936 - 1.704ms returns FALSE
T3940 097:349.392 JLINK_IsHalted()
T3940 097:350.168 - 0.774ms returns FALSE
T3940 097:350.344 JLINK_IsHalted()
T3940 097:350.960 - 0.622ms returns FALSE
T2098 097:419.120 JLINK_IsHalted()
T2098 097:420.048 - 0.935ms returns FALSE
T2098 097:420.248 JLINK_IsHalted()
T2098 097:421.176 - 0.931ms returns FALSE
T3940 097:459.448 JLINK_IsHalted()
T3940 097:460.592 - 1.147ms returns FALSE
T3940 097:460.824 JLINK_IsHalted()
T3940 097:461.488 - 0.656ms returns FALSE
T3940 097:568.400 JLINK_IsHalted()
T3940 097:569.488 - 1.079ms returns FALSE
T3940 097:569.696 JLINK_IsHalted()
T3940 097:570.352 - 0.652ms returns FALSE
T3940 097:677.432 JLINK_IsHalted()
T3940 097:678.288 - 0.851ms returns FALSE
T3940 097:678.424 JLINK_IsHalted()
T3940 097:678.936 - 0.509ms returns FALSE
T3940 097:787.376 JLINK_IsHalted()
T3940 097:788.264 - 0.885ms returns FALSE
T3940 097:788.440 JLINK_IsHalted()
T3940 097:789.104 - 0.655ms returns FALSE
T3940 097:896.400 JLINK_IsHalted()
T3940 097:897.168 - 0.760ms returns FALSE
T3940 097:897.448 JLINK_IsHalted()
T3940 097:898.088 - 0.645ms returns FALSE
T3940 098:006.392 JLINK_IsHalted()
T3940 098:007.160 - 0.769ms returns FALSE
T3940 098:007.344 JLINK_IsHalted()
T3940 098:009.296 - 1.951ms returns FALSE
T3940 098:115.408 JLINK_IsHalted()
T3940 098:116.416 - 1.000ms returns FALSE
T3940 098:116.656 JLINK_IsHalted()
T3940 098:117.392 - 0.731ms returns FALSE
T3940 098:224.400 JLINK_IsHalted()
T3940 098:225.192 - 0.791ms returns FALSE
T3940 098:225.360 JLINK_IsHalted()
T3940 098:226.000 - 0.633ms returns FALSE
T3940 098:334.384 JLINK_IsHalted()
T3940 098:335.128 - 0.745ms returns FALSE
T3940 098:335.312 JLINK_IsHalted()
T3940 098:335.888 - 0.577ms returns FALSE
T2098 098:421.784 JLINK_IsHalted()
T2098 098:422.504 - 0.718ms returns FALSE
T2098 098:422.600 JLINK_IsHalted()
T2098 098:423.112 - 0.502ms returns FALSE
T3940 098:443.456 JLINK_IsHalted()
T3940 098:444.216 - 0.766ms returns FALSE
T3940 098:444.352 JLINK_IsHalted()
T3940 098:444.888 - 0.539ms returns FALSE
T3940 098:552.432 JLINK_IsHalted()
T3940 098:553.136 - 0.704ms returns FALSE
T3940 098:553.328 JLINK_IsHalted()
T3940 098:553.936 - 0.599ms returns FALSE
T3940 098:662.408 JLINK_IsHalted()
T3940 098:663.248 - 0.848ms returns FALSE
T3940 098:663.456 JLINK_IsHalted()
T3940 098:664.080 - 0.619ms returns FALSE
T3940 098:771.408 JLINK_IsHalted()
T3940 098:772.104 - 0.694ms returns FALSE
T3940 098:772.232 JLINK_IsHalted()
T3940 098:772.736 - 0.502ms returns FALSE
T3940 098:881.456 JLINK_IsHalted()
T3940 098:882.072 - 0.619ms returns FALSE
T3940 098:882.200 JLINK_IsHalted()
T3940 098:882.640 - 0.430ms returns FALSE
T3940 098:990.408 JLINK_IsHalted()
T3940 098:991.240 - 0.828ms returns FALSE
T3940 098:991.440 JLINK_IsHalted()
T3940 098:992.048 - 0.613ms returns FALSE
T3940 099:099.408 JLINK_IsHalted()
T3940 099:100.144 - 0.733ms returns FALSE
T3940 099:100.320 JLINK_IsHalted()
T3940 099:100.872 - 0.552ms returns FALSE
T3940 099:209.424 JLINK_IsHalted()
T3940 099:210.416 - 0.994ms returns FALSE
T3940 099:210.536 JLINK_IsHalted()
T3940 099:211.136 - 0.596ms returns FALSE
T3940 099:318.408 JLINK_IsHalted()
T3940 099:319.040 - 0.632ms returns FALSE
T3940 099:319.120 JLINK_IsHalted()
T3940 099:319.648 - 0.526ms returns FALSE
T2098 099:424.680 JLINK_IsHalted()
T2098 099:425.296 - 0.614ms returns FALSE
T2098 099:425.368 JLINK_IsHalted()
T2098 099:425.840 - 0.468ms returns FALSE
T3940 099:427.376 JLINK_IsHalted()
T3940 099:428.104 - 0.728ms returns FALSE
T3940 099:428.176 JLINK_IsHalted()
T3940 099:428.656 - 0.470ms returns FALSE
T3940 099:537.376 JLINK_IsHalted()
T3940 099:538.144 - 0.766ms returns FALSE
T3940 099:538.272 JLINK_IsHalted()
T3940 099:538.752 - 0.478ms returns FALSE
T3940 099:646.448 JLINK_IsHalted()
T3940 099:647.088 - 0.648ms returns FALSE
T3940 099:647.200 JLINK_IsHalted()
T3940 099:647.624 - 0.420ms returns FALSE
T3940 099:756.408 JLINK_IsHalted()
T3940 099:757.072 - 0.665ms returns FALSE
T3940 099:757.144 JLINK_IsHalted()
T3940 099:757.656 - 0.514ms returns FALSE
T3940 099:865.336 JLINK_IsHalted()
T3940 099:865.920 - 0.578ms returns FALSE
T3940 099:865.976 JLINK_IsHalted()
T3940 099:866.504 - 0.519ms returns FALSE
T3940 099:974.384 JLINK_IsHalted()
T3940 099:974.920 - 0.529ms returns FALSE
T3940 099:974.992 JLINK_IsHalted()
T3940 099:975.408 - 0.419ms returns FALSE
T3940 100:084.336 JLINK_IsHalted()
T3940 100:084.960 - 0.617ms returns FALSE
T3940 100:085.024 JLINK_IsHalted()
T3940 100:085.424 - 0.404ms returns FALSE
T3940 100:193.360 JLINK_IsHalted()
T3940 100:194.096 - 0.738ms returns FALSE
T3940 100:194.192 JLINK_IsHalted()
T3940 100:194.752 - 0.559ms returns FALSE
T3940 100:302.408 JLINK_IsHalted()
T3940 100:303.216 - 0.806ms returns FALSE
T3940 100:303.392 JLINK_IsHalted()
T3940 100:304.144 - 0.748ms returns FALSE
T3940 100:412.400 JLINK_IsHalted()
T3940 100:413.280 - 0.875ms returns FALSE
T3940 100:413.504 JLINK_IsHalted()
T3940 100:414.128 - 0.630ms returns FALSE
T2098 100:426.672 JLINK_IsHalted()
T2098 100:427.352 - 0.674ms returns FALSE
T2098 100:427.512 JLINK_IsHalted()
T2098 100:428.040 - 0.522ms returns FALSE
T3940 100:521.464 JLINK_IsHalted()
T3940 100:522.288 - 0.816ms returns FALSE
T3940 100:522.392 JLINK_IsHalted()
T3940 100:522.912 - 0.516ms returns FALSE
T3940 100:631.432 JLINK_IsHalted()
T3940 100:632.280 - 0.851ms returns FALSE
T3940 100:632.552 JLINK_IsHalted()
T3940 100:633.232 - 0.682ms returns FALSE
T3940 100:740.416 JLINK_IsHalted()
T3940 100:741.280 - 0.861ms returns FALSE
T3940 100:741.496 JLINK_IsHalted()
T3940 100:742.160 - 0.659ms returns FALSE
T3940 100:849.392 JLINK_IsHalted()
T3940 100:850.080 - 0.681ms returns FALSE
T3940 100:850.200 JLINK_IsHalted()
T3940 100:850.728 - 0.521ms returns FALSE
T3940 100:959.360 JLINK_IsHalted()
T3940 100:960.592 - 1.228ms returns FALSE
T3940 100:960.688 JLINK_IsHalted()
T3940 100:961.224 - 0.526ms returns FALSE
T3940 101:068.384 JLINK_IsHalted()
T3940 101:068.928 - 0.537ms returns FALSE
T3940 101:069.000 JLINK_IsHalted()
T3940 101:069.448 - 0.449ms returns FALSE
T3940 101:177.376 JLINK_IsHalted()
T3940 101:178.032 - 0.651ms returns FALSE
T3940 101:178.136 JLINK_IsHalted()
T3940 101:178.624 - 0.485ms returns FALSE
T3940 101:287.376 JLINK_IsHalted()
T3940 101:288.064 - 0.692ms returns FALSE
T3940 101:288.192 JLINK_IsHalted()
T3940 101:288.752 - 0.564ms returns FALSE
T3940 101:396.392 JLINK_IsHalted()
T3940 101:397.088 - 0.699ms returns FALSE
T3940 101:397.176 JLINK_IsHalted()
T3940 101:397.712 - 0.535ms returns FALSE
T2098 101:429.608 JLINK_IsHalted()
T2098 101:430.264 - 0.658ms returns FALSE
T2098 101:430.384 JLINK_IsHalted()
T2098 101:431.056 - 0.659ms returns FALSE
T3940 101:506.384 JLINK_IsHalted()
T3940 101:507.184 - 0.788ms returns FALSE
T3940 101:507.344 JLINK_IsHalted()
T3940 101:507.968 - 0.615ms returns FALSE
T3940 101:615.416 JLINK_IsHalted()
T3940 101:616.080 - 0.665ms returns FALSE
T3940 101:616.208 JLINK_IsHalted()
T3940 101:616.680 - 0.473ms returns FALSE
T3940 101:724.432 JLINK_IsHalted()
T3940 101:725.072 - 0.649ms returns FALSE
T3940 101:725.232 JLINK_IsHalted()
T3940 101:725.800 - 0.560ms returns FALSE
T3940 101:834.384 JLINK_IsHalted()
T3940 101:835.080 - 0.688ms returns FALSE
T3940 101:835.208 JLINK_IsHalted()
T3940 101:835.744 - 0.531ms returns FALSE
T3940 101:943.424 JLINK_IsHalted()
T3940 101:944.264 - 0.836ms returns FALSE
T3940 101:944.424 JLINK_IsHalted()
T3940 101:945.096 - 0.670ms returns FALSE
T3940 102:052.400 JLINK_IsHalted()
T3940 102:053.296 - 0.898ms returns FALSE
T3940 102:053.480 JLINK_IsHalted()
T3940 102:054.088 - 0.608ms returns FALSE
T3940 102:162.432 JLINK_IsHalted()
T3940 102:163.280 - 0.846ms returns FALSE
T3940 102:163.472 JLINK_IsHalted()
T3940 102:164.112 - 0.633ms returns FALSE
T3940 102:271.440 JLINK_IsHalted()
T3940 102:272.304 - 0.871ms returns FALSE
T3940 102:272.520 JLINK_IsHalted()
T3940 102:273.120 - 0.603ms returns FALSE
T3940 102:381.440 JLINK_IsHalted()
T3940 102:382.032 - 0.595ms returns FALSE
T3940 102:382.160 JLINK_IsHalted()
T3940 102:382.680 - 0.519ms returns FALSE
T2098 102:431.704 JLINK_IsHalted()
T2098 102:432.416 - 0.710ms returns FALSE
T2098 102:432.600 JLINK_IsHalted()
T2098 102:433.216 - 0.615ms returns FALSE
T3940 102:490.384 JLINK_IsHalted()
T3940 102:490.976 - 0.589ms returns FALSE
T3940 102:491.080 JLINK_IsHalted()
T3940 102:491.592 - 0.507ms returns FALSE
T3940 102:599.408 JLINK_IsHalted()
T3940 102:600.528 - 1.129ms returns FALSE
T3940 102:600.656 JLINK_IsHalted()
T3940 102:601.032 - 0.375ms returns FALSE
T3940 102:709.384 JLINK_IsHalted()
T3940 102:710.032 - 0.646ms returns FALSE
T3940 102:710.128 JLINK_IsHalted()
T3940 102:710.664 - 0.531ms returns FALSE
T3940 102:818.440 JLINK_IsHalted()
T3940 102:819.048 - 0.605ms returns FALSE
T3940 102:819.136 JLINK_IsHalted()
T3940 102:819.592 - 0.456ms returns FALSE
T3940 102:927.408 JLINK_IsHalted()
T3940 102:927.896 - 0.488ms returns FALSE
T3940 102:927.984 JLINK_IsHalted()
T3940 102:928.416 - 0.430ms returns FALSE
T3940 103:037.424 JLINK_IsHalted()
T3940 103:038.064 - 0.639ms returns FALSE
T3940 103:038.128 JLINK_IsHalted()
T3940 103:038.480 - 0.343ms returns FALSE
T3940 103:146.368 JLINK_IsHalted()
T3940 103:147.128 - 0.761ms returns FALSE
T3940 103:147.240 JLINK_IsHalted()
T3940 103:147.712 - 0.470ms returns FALSE
T3940 103:256.400 JLINK_IsHalted()
T3940 103:257.048 - 0.652ms returns FALSE
T3940 103:257.128 JLINK_IsHalted()
T3940 103:257.552 - 0.423ms returns FALSE
T3940 103:365.408 JLINK_IsHalted()
T3940 103:366.032 - 0.620ms returns FALSE
T3940 103:366.112 JLINK_IsHalted()
T3940 103:366.584 - 0.472ms returns FALSE
T2098 103:434.648 JLINK_IsHalted()
T2098 103:435.264 - 0.609ms returns FALSE
T2098 103:435.408 JLINK_IsHalted()
T2098 103:436.056 - 0.643ms returns FALSE
T3940 103:474.392 JLINK_IsHalted()
T3940 103:474.920 - 0.521ms returns FALSE
T3940 103:475.024 JLINK_IsHalted()
T3940 103:475.432 - 0.404ms returns FALSE
T3940 103:584.368 JLINK_IsHalted()
T3940 103:584.880 - 0.503ms returns FALSE
T3940 103:584.976 JLINK_IsHalted()
T3940 103:585.360 - 0.380ms returns FALSE
T3940 103:693.440 JLINK_IsHalted()
T3940 103:694.112 - 0.667ms returns FALSE
T3940 103:694.160 JLINK_IsHalted()
T3940 103:694.576 - 0.419ms returns FALSE
T3940 103:802.360 JLINK_IsHalted()
T3940 103:802.904 - 0.542ms returns FALSE
T3940 103:802.960 JLINK_IsHalted()
T3940 103:803.408 - 0.454ms returns FALSE
T3940 103:912.384 JLINK_IsHalted()
T3940 103:912.880 - 0.487ms returns FALSE
T3940 103:912.976 JLINK_IsHalted()
T3940 103:913.360 - 0.386ms returns FALSE
T3940 104:021.392 JLINK_IsHalted()
T3940 104:022.176 - 0.782ms returns FALSE
T3940 104:022.256 JLINK_IsHalted()
T3940 104:022.696 - 0.429ms returns FALSE
T3940 104:131.432 JLINK_IsHalted()
T3940 104:132.504 - 1.077ms returns FALSE
T3940 104:132.600 JLINK_IsHalted()
T3940 104:133.016 - 0.413ms returns FALSE
T3940 104:240.400 JLINK_IsHalted()
T3940 104:240.896 - 0.495ms returns FALSE
T3940 104:240.992 JLINK_IsHalted()
T3940 104:241.400 - 0.408ms returns FALSE
T3940 104:349.392 JLINK_IsHalted()
T3940 104:350.056 - 0.661ms returns FALSE
T3940 104:350.200 JLINK_IsHalted()
T3940 104:350.720 - 0.519ms returns FALSE
T2098 104:436.648 JLINK_IsHalted()
T2098 104:437.312 - 0.661ms returns FALSE
T2098 104:437.448 JLINK_IsHalted()
T2098 104:438.016 - 0.573ms returns FALSE
T3940 104:459.392 JLINK_IsHalted()
T3940 104:460.112 - 0.717ms returns FALSE
T3940 104:460.216 JLINK_IsHalted()
T3940 104:460.752 - 0.534ms returns FALSE
T3940 104:568.392 JLINK_IsHalted()
T3940 104:569.512 - 1.117ms returns FALSE
T3940 104:569.720 JLINK_IsHalted()
T3940 104:571.752 - 2.030ms returns FALSE
T3940 104:677.608 JLINK_IsHalted()
T3940 104:678.208 - 0.599ms returns FALSE
T3940 104:678.256 JLINK_IsHalted()
T3940 104:678.712 - 0.452ms returns FALSE
T3940 104:787.544 JLINK_IsHalted()
T3940 104:788.208 - 0.665ms returns FALSE
T3940 104:788.320 JLINK_IsHalted()
T3940 104:788.808 - 0.476ms returns FALSE
T3940 104:896.624 JLINK_IsHalted()
T3940 104:897.176 - 0.551ms returns FALSE
T3940 104:897.232 JLINK_IsHalted()
T3940 104:897.552 - 0.323ms returns FALSE
T3940 105:005.592 JLINK_IsHalted()
T3940 105:006.272 - 0.677ms returns FALSE
T3940 105:006.384 JLINK_IsHalted()
T3940 105:006.864 - 0.486ms returns FALSE
T3940 105:115.672 JLINK_IsHalted()
T3940 105:116.176 - 0.503ms returns FALSE
T3940 105:116.232 JLINK_IsHalted()
T3940 105:116.576 - 0.339ms returns FALSE
T3940 105:224.664 JLINK_IsHalted()
T3940 105:225.304 - 0.640ms returns FALSE
T3940 105:225.424 JLINK_IsHalted()
T3940 105:225.920 - 0.491ms returns FALSE
T3940 105:333.664 JLINK_IsHalted()
T3940 105:334.216 - 0.545ms returns FALSE
T3940 105:334.264 JLINK_IsHalted()
T3940 105:334.592 - 0.321ms returns FALSE
T2098 105:438.864 JLINK_IsHalted()
T2098 105:439.360 - 0.499ms returns FALSE
T2098 105:439.408 JLINK_IsHalted()
T2098 105:439.728 - 0.317ms returns FALSE
T3940 105:443.600 JLINK_IsHalted()
T3940 105:444.000 - 0.393ms returns FALSE
T3940 105:444.048 JLINK_IsHalted()
T3940 105:444.384 - 0.338ms returns FALSE
T3940 105:552.696 JLINK_IsHalted()
T3940 105:553.504 - 0.803ms returns FALSE
T3940 105:553.584 JLINK_IsHalted()
T3940 105:554.200 - 0.613ms returns FALSE
T3940 105:662.736 JLINK_IsHalted()
T3940 105:663.368 - 0.630ms returns FALSE
T3940 105:663.424 JLINK_IsHalted()
T3940 105:664.016 - 0.593ms returns FALSE
T3940 105:771.760 JLINK_IsHalted()
T3940 105:772.400 - 0.638ms returns FALSE
T3940 105:772.512 JLINK_IsHalted()
T3940 105:772.992 - 0.479ms returns FALSE
T3940 105:880.792 JLINK_IsHalted()
T3940 105:881.280 - 0.480ms returns FALSE
T3940 105:881.328 JLINK_IsHalted()
T3940 105:881.664 - 0.331ms returns FALSE
T3940 105:989.760 JLINK_IsHalted()
T3940 105:990.232 - 0.479ms returns FALSE
T3940 105:990.320 JLINK_IsHalted()
T3940 105:990.640 - 0.323ms returns FALSE
T3940 106:099.760 JLINK_IsHalted()
T3940 106:100.240 - 0.479ms returns FALSE
T3940 106:100.312 JLINK_IsHalted()
T3940 106:100.632 - 0.316ms returns FALSE
T3940 106:208.816 JLINK_IsHalted()
T3940 106:209.336 - 0.519ms returns FALSE
T3940 106:209.416 JLINK_IsHalted()
T3940 106:209.872 - 0.456ms returns FALSE
T3940 106:318.824 JLINK_IsHalted()
T3940 106:319.696 - 0.872ms returns FALSE
T3940 106:319.760 JLINK_IsHalted()
T3940 106:320.184 - 0.426ms returns FALSE
T3940 106:427.760 JLINK_IsHalted()
T3940 106:428.304 - 0.547ms returns FALSE
T3940 106:428.400 JLINK_IsHalted()
T3940 106:428.816 - 0.422ms returns FALSE
T2098 106:439.976 JLINK_IsHalted()
T2098 106:440.592 - 0.618ms returns FALSE
T2098 106:440.688 JLINK_IsHalted()
T2098 106:441.080 - 0.396ms returns FALSE
T3940 106:536.720 JLINK_IsHalted()
T3940 106:537.456 - 0.737ms returns FALSE
T3940 106:537.592 JLINK_IsHalted()
T3940 106:538.080 - 0.489ms returns FALSE
T3940 106:646.704 JLINK_IsHalted()
T3940 106:647.304 - 0.601ms returns FALSE
T3940 106:647.416 JLINK_IsHalted()
T3940 106:647.808 - 0.391ms returns FALSE
T3940 106:755.824 JLINK_IsHalted()
T3940 106:756.320 - 0.493ms returns FALSE
T3940 106:756.400 JLINK_IsHalted()
T3940 106:756.912 - 0.508ms returns FALSE
T3940 106:865.760 JLINK_IsHalted()
T3940 106:866.464 - 0.701ms returns FALSE
T3940 106:866.544 JLINK_IsHalted()
T3940 106:867.008 - 0.458ms returns FALSE
T3940 106:974.800 JLINK_IsHalted()
T3940 106:975.312 - 0.510ms returns FALSE
T3940 106:975.376 JLINK_IsHalted()
T3940 106:975.824 - 0.450ms returns FALSE
T3940 107:083.656 JLINK_IsHalted()
T3940 107:084.200 - 0.546ms returns FALSE
T3940 107:084.264 JLINK_IsHalted()
T3940 107:084.656 - 0.398ms returns FALSE
T3940 107:193.784 JLINK_IsHalted()
T3940 107:194.336 - 0.545ms returns FALSE
T3940 107:194.392 JLINK_IsHalted()
T3940 107:194.744 - 0.354ms returns FALSE
T3940 107:302.800 JLINK_IsHalted()
T3940 107:303.336 - 0.526ms returns FALSE
T3940 107:303.392 JLINK_IsHalted()
T3940 107:303.728 - 0.327ms returns FALSE
T3940 107:411.856 JLINK_IsHalted()
T3940 107:412.432 - 0.573ms returns FALSE
T3940 107:412.464 JLINK_IsHalted()
T3940 107:412.928 - 0.453ms returns FALSE
T2098 107:441.984 JLINK_IsHalted()
T2098 107:442.544 - 0.558ms returns FALSE
T2098 107:442.584 JLINK_IsHalted()
T2098 107:442.960 - 0.361ms returns FALSE
T3940 107:521.704 JLINK_IsHalted()
T3940 107:522.256 - 0.548ms returns FALSE
T3940 107:522.352 JLINK_IsHalted()
T3940 107:522.752 - 0.395ms returns FALSE
T3940 107:630.992 JLINK_IsHalted()
T3940 107:631.664 - 0.674ms returns FALSE
T3940 107:631.728 JLINK_IsHalted()
T3940 107:632.232 - 0.506ms returns FALSE
T3940 107:739.904 JLINK_IsHalted()
T3940 107:740.504 - 0.601ms returns FALSE
T3940 107:740.624 JLINK_IsHalted()
T3940 107:741.040 - 0.422ms returns FALSE
T3940 107:849.936 JLINK_IsHalted()
T3940 107:850.408 - 0.476ms returns FALSE
T3940 107:850.480 JLINK_IsHalted()
T3940 107:850.840 - 0.347ms returns FALSE
T3940 107:958.936 JLINK_IsHalted()
T3940 107:959.440 - 0.500ms returns FALSE
T3940 107:959.488 JLINK_IsHalted()
T3940 107:959.856 - 0.366ms returns FALSE
T3940 108:067.920 JLINK_IsHalted()
T3940 108:068.496 - 0.572ms returns FALSE
T3940 108:068.568 JLINK_IsHalted()
T3940 108:068.952 - 0.383ms returns FALSE
T3940 108:177.920 JLINK_IsHalted()
T3940 108:178.416 - 0.499ms returns FALSE
T3940 108:178.512 JLINK_IsHalted()
T3940 108:178.880 - 0.371ms returns FALSE
T3940 108:286.896 JLINK_IsHalted()
T3940 108:287.632 - 0.727ms returns FALSE
T3940 108:287.760 JLINK_IsHalted()
T3940 108:288.336 - 0.576ms returns FALSE
T3940 108:396.968 JLINK_IsHalted()
T3940 108:397.464 - 0.498ms returns FALSE
T3940 108:397.544 JLINK_IsHalted()
T3940 108:397.952 - 0.408ms returns FALSE
T2098 108:443.352 JLINK_IsHalted()
T2098 108:443.944 - 0.588ms returns FALSE
T2098 108:444.008 JLINK_IsHalted()
T2098 108:444.528 - 0.523ms returns FALSE
T3940 108:506.024 JLINK_IsHalted()
T3940 108:506.768 - 0.743ms returns FALSE
T3940 108:506.904 JLINK_IsHalted()
T3940 108:507.352 - 0.454ms returns FALSE
T3940 108:614.976 JLINK_IsHalted()
T3940 108:615.488 - 0.513ms returns FALSE
T3940 108:615.576 JLINK_IsHalted()
T3940 108:615.960 - 0.374ms returns FALSE
T3940 108:725.016 JLINK_IsHalted()
T3940 108:725.480 - 0.466ms returns FALSE
T3940 108:725.528 JLINK_IsHalted()
T3940 108:725.840 - 0.315ms returns FALSE
T3940 108:833.944 JLINK_IsHalted()
T3940 108:834.512 - 0.572ms returns FALSE
T3940 108:834.640 JLINK_IsHalted()
T3940 108:835.152 - 0.514ms returns FALSE
T3940 108:943.016 JLINK_IsHalted()
T3940 108:943.512 - 0.499ms returns FALSE
T3940 108:943.568 JLINK_IsHalted()
T3940 108:943.976 - 0.414ms returns FALSE
T3940 109:053.104 JLINK_IsHalted()
T3940 109:053.720 - 0.619ms returns FALSE
T3940 109:053.776 JLINK_IsHalted()
T3940 109:054.192 - 0.423ms returns FALSE
T3940 109:162.128 JLINK_IsHalted()
T3940 109:162.640 - 0.512ms returns FALSE
T3940 109:162.712 JLINK_IsHalted()
T3940 109:163.048 - 0.334ms returns FALSE
T3940 109:271.120 JLINK_IsHalted()
T3940 109:271.696 - 0.572ms returns FALSE
T3940 109:271.744 JLINK_IsHalted()
T3940 109:272.144 - 0.389ms returns FALSE
T3940 109:381.120 JLINK_IsHalted()
T3940 109:381.632 - 0.507ms returns FALSE
T3940 109:381.680 JLINK_IsHalted()
T3940 109:382.040 - 0.351ms returns FALSE
T2098 109:444.400 JLINK_IsHalted()
T2098 109:444.816 - 0.409ms returns FALSE
T2098 109:444.848 JLINK_IsHalted()
T2098 109:445.232 - 0.376ms returns FALSE
T3940 109:490.256 JLINK_IsHalted()
T3940 109:491.152 - 0.903ms returns FALSE
T3940 109:491.264 JLINK_IsHalted()
T3940 109:491.880 - 0.618ms returns FALSE
T3940 109:600.104 JLINK_IsHalted()
T3940 109:600.704 - 0.610ms returns FALSE
T3940 109:600.768 JLINK_IsHalted()
T3940 109:601.232 - 0.455ms returns FALSE
T3940 109:709.096 JLINK_IsHalted()
T3940 109:710.232 - 1.135ms returns FALSE
T3940 109:710.720 JLINK_IsHalted()
T3940 109:711.920 - 1.212ms returns FALSE
T3940 109:818.112 JLINK_IsHalted()
T3940 109:819.096 - 0.983ms returns FALSE
T3940 109:819.160 JLINK_IsHalted()
T3940 109:819.608 - 0.445ms returns FALSE
T3940 109:928.168 JLINK_IsHalted()
T3940 109:928.624 - 0.457ms returns FALSE
T3940 109:928.680 JLINK_IsHalted()
T3940 109:929.008 - 0.336ms returns FALSE
T3940 110:037.072 JLINK_IsHalted()
T3940 110:037.696 - 0.623ms returns FALSE
T3940 110:037.824 JLINK_IsHalted()
T3940 110:038.352 - 0.526ms returns FALSE
T3940 110:146.096 JLINK_IsHalted()
T3940 110:146.600 - 0.491ms returns FALSE
T3940 110:146.648 JLINK_IsHalted()
T3940 110:147.032 - 0.391ms returns FALSE
T3940 110:256.144 JLINK_IsHalted()
T3940 110:256.680 - 0.532ms returns FALSE
T3940 110:256.808 JLINK_IsHalted()
T3940 110:257.168 - 0.362ms returns FALSE
T3940 110:365.120 JLINK_IsHalted()
T3940 110:365.720 - 0.601ms returns FALSE
T3940 110:365.840 JLINK_IsHalted()
T3940 110:366.192 - 0.360ms returns FALSE
T2098 110:445.456 JLINK_IsHalted()
T2098 110:445.952 - 0.506ms returns FALSE
T2098 110:446.000 JLINK_IsHalted()
T2098 110:446.416 - 0.415ms returns FALSE
T3940 110:474.256 JLINK_IsHalted()
T3940 110:474.856 - 0.599ms returns FALSE
T3940 110:474.904 JLINK_IsHalted()
T3940 110:475.312 - 0.415ms returns FALSE
T3940 110:584.424 JLINK_IsHalted()
T3940 110:585.192 - 0.767ms returns FALSE
T3940 110:585.432 JLINK_IsHalted()
T3940 110:585.984 - 0.546ms returns FALSE
T3940 110:693.336 JLINK_IsHalted()
T3940 110:694.000 - 0.654ms returns FALSE
T3940 110:694.144 JLINK_IsHalted()
T3940 110:694.808 - 0.659ms returns FALSE
T3940 110:803.264 JLINK_IsHalted()
T3940 110:803.864 - 0.598ms returns FALSE
T3940 110:803.952 JLINK_IsHalted()
T3940 110:804.304 - 0.346ms returns FALSE
T3940 110:912.512 JLINK_IsHalted()
T3940 110:913.448 - 0.935ms returns FALSE
T3940 110:913.680 JLINK_IsHalted()
T3940 110:914.320 - 0.631ms returns FALSE
T3940 111:021.544 JLINK_IsHalted()
T3940 111:022.672 - 1.121ms returns FALSE
T3940 111:022.936 JLINK_IsHalted()
T3940 111:023.592 - 0.654ms returns FALSE
T3940 111:130.456 JLINK_IsHalted()
T3940 111:131.032 - 0.579ms returns FALSE
T3940 111:131.096 JLINK_IsHalted()
T3940 111:131.560 - 0.461ms returns FALSE
T3940 111:240.488 JLINK_IsHalted()
T3940 111:241.040 - 0.544ms returns FALSE
T3940 111:241.128 JLINK_IsHalted()
T3940 111:241.472 - 0.353ms returns FALSE
T3940 111:349.480 JLINK_IsHalted()
T3940 111:349.992 - 0.508ms returns FALSE
T3940 111:350.080 JLINK_IsHalted()
T3940 111:350.416 - 0.329ms returns FALSE
T2098 111:447.064 JLINK_IsHalted()
T2098 111:447.848 - 0.776ms returns FALSE
T2098 111:447.984 JLINK_IsHalted()
T2098 111:448.600 - 0.613ms returns FALSE
T3940 111:459.624 JLINK_IsHalted()
T3940 111:460.392 - 0.763ms returns FALSE
T3940 111:460.520 JLINK_IsHalted()
T3940 111:461.040 - 0.526ms returns FALSE
T3940 111:568.472 JLINK_IsHalted()
T3940 111:569.584 - 1.113ms returns FALSE
T3940 111:569.872 JLINK_IsHalted()
T3940 111:570.776 - 0.909ms returns FALSE
T3940 111:677.528 JLINK_IsHalted()
T3940 111:678.352 - 0.822ms returns FALSE
T3940 111:678.632 JLINK_IsHalted()
T3940 111:679.384 - 0.755ms returns FALSE
T3940 111:787.472 JLINK_IsHalted()
T3940 111:788.176 - 0.703ms returns FALSE
T3940 111:788.240 JLINK_IsHalted()
T3940 111:788.688 - 0.452ms returns FALSE
T3940 111:896.488 JLINK_IsHalted()
T3940 111:897.064 - 0.575ms returns FALSE
T3940 111:897.112 JLINK_IsHalted()
T3940 111:897.432 - 0.327ms returns FALSE
T3940 112:005.528 JLINK_IsHalted()
T3940 112:006.040 - 0.509ms returns FALSE
T3940 112:006.128 JLINK_IsHalted()
T3940 112:006.504 - 0.364ms returns FALSE
T3940 112:115.440 JLINK_IsHalted()
T3940 112:115.984 - 0.538ms returns FALSE
T3940 112:116.048 JLINK_IsHalted()
T3940 112:116.392 - 0.350ms returns FALSE
T3940 112:224.496 JLINK_IsHalted()
T3940 112:225.264 - 0.767ms returns FALSE
T3940 112:225.320 JLINK_IsHalted()
T3940 112:225.744 - 0.432ms returns FALSE
T3940 112:334.512 JLINK_IsHalted()
T3940 112:335.232 - 0.699ms returns FALSE
T3940 112:335.280 JLINK_IsHalted()
T3940 112:335.656 - 0.369ms returns FALSE
T3940 112:443.504 JLINK_IsHalted()
T3940 112:444.440 - 0.928ms returns FALSE
T3940 112:444.656 JLINK_IsHalted()
T3940 112:445.168 - 0.521ms returns FALSE
T2098 112:449.024 JLINK_IsHalted()
T2098 112:449.752 - 0.720ms returns FALSE
T2098 112:449.960 JLINK_IsHalted()
T2098 112:450.472 - 0.518ms returns FALSE
T3940 112:552.528 JLINK_IsHalted()
T3940 112:553.576 - 1.056ms returns FALSE
T3940 112:553.808 JLINK_IsHalted()
T3940 112:554.544 - 0.741ms returns FALSE
T3940 112:662.464 JLINK_IsHalted()
T3940 112:662.952 - 0.491ms returns FALSE
T3940 112:663.000 JLINK_IsHalted()
T3940 112:663.400 - 0.402ms returns FALSE
T3940 112:771.520 JLINK_IsHalted()
T3940 112:772.456 - 0.922ms returns FALSE
T3940 112:772.528 JLINK_IsHalted()
T3940 112:773.016 - 0.497ms returns FALSE
T3940 112:880.552 JLINK_IsHalted()
T3940 112:881.328 - 0.789ms returns FALSE
T3940 112:881.472 JLINK_IsHalted()
T3940 112:881.984 - 0.516ms returns FALSE
T3940 112:990.464 JLINK_IsHalted()
T3940 112:990.960 - 0.494ms returns FALSE
T3940 112:991.000 JLINK_IsHalted()
T3940 112:991.360 - 0.346ms returns FALSE
T3940 113:099.480 JLINK_IsHalted()
T3940 113:100.056 - 0.571ms returns FALSE
T3940 113:100.120 JLINK_IsHalted()
T3940 113:100.560 - 0.435ms returns FALSE
T3940 113:209.512 JLINK_IsHalted()
T3940 113:210.008 - 0.492ms returns FALSE
T3940 113:210.088 JLINK_IsHalted()
T3940 113:210.448 - 0.357ms returns FALSE
T3940 113:318.480 JLINK_IsHalted()
T3940 113:318.960 - 0.480ms returns FALSE
T3940 113:319.016 JLINK_IsHalted()
T3940 113:319.344 - 0.324ms returns FALSE
T3940 113:427.440 JLINK_IsHalted()
T3940 113:428.016 - 0.568ms returns FALSE
T3940 113:428.120 JLINK_IsHalted()
T3940 113:428.528 - 0.396ms returns FALSE
T2098 113:451.112 JLINK_IsHalted()
T2098 113:451.696 - 0.581ms returns FALSE
T2098 113:451.752 JLINK_IsHalted()
T2098 113:452.136 - 0.381ms returns FALSE
T3940 113:537.624 JLINK_IsHalted()
T3940 113:538.136 - 0.520ms returns FALSE
T3940 113:538.224 JLINK_IsHalted()
T3940 113:538.576 - 0.354ms returns FALSE
T3940 113:646.504 JLINK_IsHalted()
T3940 113:647.376 - 0.868ms returns FALSE
T3940 113:647.568 JLINK_IsHalted()
T3940 113:648.112 - 0.543ms returns FALSE
T3940 113:755.728 JLINK_IsHalted()
T3940 113:756.504 - 0.774ms returns FALSE
T3940 113:756.584 JLINK_IsHalted()
T3940 113:757.040 - 0.458ms returns FALSE
T3940 113:865.616 JLINK_IsHalted()
T3940 113:866.240 - 0.626ms returns FALSE
T3940 113:866.320 JLINK_IsHalted()
T3940 113:866.648 - 0.336ms returns FALSE
T3940 113:974.640 JLINK_IsHalted()
T3940 113:975.232 - 0.579ms returns FALSE
T3940 113:975.312 JLINK_IsHalted()
T3940 113:975.824 - 0.511ms returns FALSE
T3940 114:083.624 JLINK_IsHalted()
T3940 114:084.184 - 0.564ms returns FALSE
T3940 114:084.248 JLINK_IsHalted()
T3940 114:084.840 - 0.577ms returns FALSE
T3940 114:193.624 JLINK_IsHalted()
T3940 114:194.128 - 0.500ms returns FALSE
T3940 114:194.192 JLINK_IsHalted()
T3940 114:194.536 - 0.343ms returns FALSE
T3940 114:302.568 JLINK_IsHalted()
T3940 114:303.064 - 0.491ms returns FALSE
T3940 114:303.120 JLINK_IsHalted()
T3940 114:303.440 - 0.319ms returns FALSE
T3940 114:412.592 JLINK_IsHalted()
T3940 114:413.144 - 0.540ms returns FALSE
T3940 114:413.200 JLINK_IsHalted()
T3940 114:413.552 - 0.362ms returns FALSE
T2098 114:451.944 JLINK_IsHalted()
T2098 114:452.432 - 0.481ms returns FALSE
T2098 114:452.496 JLINK_IsHalted()
T2098 114:452.992 - 0.498ms returns FALSE
T3940 114:521.664 JLINK_IsHalted()
T3940 114:522.240 - 0.570ms returns FALSE
T3940 114:522.328 JLINK_IsHalted()
T3940 114:522.728 - 0.401ms returns FALSE
T3940 114:630.576 JLINK_IsHalted()
T3940 114:631.192 - 0.610ms returns FALSE
T3940 114:631.280 JLINK_IsHalted()
T3940 114:631.616 - 0.339ms returns FALSE
T3940 114:740.688 JLINK_IsHalted()
T3940 114:741.424 - 0.753ms returns FALSE
T3940 114:741.568 JLINK_IsHalted()
T3940 114:742.080 - 0.512ms returns FALSE
T3940 114:849.792 JLINK_IsHalted()
T3940 114:850.368 - 0.570ms returns FALSE
T3940 114:850.416 JLINK_IsHalted()
T3940 114:850.984 - 0.558ms returns FALSE
T3940 114:958.864 JLINK_IsHalted()
T3940 114:959.472 - 0.612ms returns FALSE
T3940 114:959.616 JLINK_IsHalted()
T3940 114:960.000 - 0.386ms returns FALSE
T3940 115:068.720 JLINK_IsHalted()
T3940 115:069.360 - 0.636ms returns FALSE
T3940 115:069.504 JLINK_IsHalted()
T3940 115:070.032 - 0.535ms returns FALSE
T3940 115:177.640 JLINK_IsHalted()
T3940 115:178.288 - 0.652ms returns FALSE
T3940 115:178.352 JLINK_IsHalted()
T3940 115:178.768 - 0.403ms returns FALSE
T3940 115:287.568 JLINK_IsHalted()
T3940 115:288.344 - 0.772ms returns FALSE
T3940 115:288.400 JLINK_IsHalted()
T3940 115:288.896 - 0.491ms returns FALSE
T3940 115:396.584 JLINK_IsHalted()
T3940 115:397.160 - 0.572ms returns FALSE
T3940 115:397.248 JLINK_IsHalted()
T3940 115:397.744 - 0.500ms returns FALSE
T2098 115:453.016 JLINK_IsHalted()
T2098 115:453.632 - 0.619ms returns FALSE
T2098 115:453.680 JLINK_IsHalted()
T2098 115:454.040 - 0.360ms returns FALSE
T3940 115:505.680 JLINK_IsHalted()
T3940 115:506.192 - 0.511ms returns FALSE
T3940 115:506.240 JLINK_IsHalted()
T3940 115:506.704 - 0.461ms returns FALSE
T3940 115:615.808 JLINK_IsHalted()
T3940 115:616.512 - 0.709ms returns FALSE
T3940 115:616.600 JLINK_IsHalted()
T3940 115:617.152 - 0.546ms returns FALSE
T3940 115:724.816 JLINK_IsHalted()
T3940 115:725.440 - 0.625ms returns FALSE
T3940 115:725.584 JLINK_IsHalted()
T3940 115:726.032 - 0.445ms returns FALSE
T3940 115:833.680 JLINK_IsHalted()
T3940 115:834.280 - 0.600ms returns FALSE
T3940 115:834.328 JLINK_IsHalted()
T3940 115:834.800 - 0.465ms returns FALSE
T3940 115:943.600 JLINK_IsHalted()
T3940 115:944.176 - 0.566ms returns FALSE
T3940 115:944.240 JLINK_IsHalted()
T3940 115:944.664 - 0.424ms returns FALSE
T3940 116:052.648 JLINK_IsHalted()
T3940 116:053.168 - 0.531ms returns FALSE
T3940 116:053.232 JLINK_IsHalted()
T3940 116:053.608 - 0.373ms returns FALSE
T3940 116:162.600 JLINK_IsHalted()
T3940 116:163.136 - 0.537ms returns FALSE
T3940 116:163.200 JLINK_IsHalted()
T3940 116:163.520 - 0.321ms returns FALSE
T3940 116:271.600 JLINK_IsHalted()
T3940 116:272.104 - 0.498ms returns FALSE
T3940 116:272.240 JLINK_IsHalted()
T3940 116:272.728 - 0.480ms returns FALSE
T3940 116:380.608 JLINK_IsHalted()
T3940 116:381.136 - 0.524ms returns FALSE
T3940 116:381.184 JLINK_IsHalted()
T3940 116:381.520 - 0.334ms returns FALSE
T2098 116:454.952 JLINK_IsHalted()
T2098 116:455.408 - 0.460ms returns FALSE
T2098 116:455.472 JLINK_IsHalted()
T2098 116:455.936 - 0.454ms returns FALSE
T3940 116:490.624 JLINK_IsHalted()
T3940 116:491.288 - 0.672ms returns FALSE
T3940 116:491.408 JLINK_IsHalted()
T3940 116:492.072 - 0.660ms returns FALSE
T3940 116:599.640 JLINK_IsHalted()
T3940 116:600.360 - 0.705ms returns FALSE
T3940 116:600.432 JLINK_IsHalted()
T3940 116:600.880 - 0.442ms returns FALSE
T3940 116:708.632 JLINK_IsHalted()
T3940 116:709.208 - 0.567ms returns FALSE
T3940 116:709.272 JLINK_IsHalted()
T3940 116:709.976 - 0.703ms returns FALSE
T3940 116:818.840 JLINK_IsHalted()
T3940 116:819.536 - 0.687ms returns FALSE
T3940 116:819.608 JLINK_IsHalted()
T3940 116:820.072 - 0.454ms returns FALSE
T3940 116:927.600 JLINK_IsHalted()
T3940 116:928.472 - 0.857ms returns FALSE
T3940 116:928.560 JLINK_IsHalted()
T3940 116:929.104 - 0.544ms returns FALSE
T3940 117:037.680 JLINK_IsHalted()
T3940 117:038.416 - 0.723ms returns FALSE
T3940 117:038.504 JLINK_IsHalted()
T3940 117:038.928 - 0.417ms returns FALSE
T3940 117:146.688 JLINK_IsHalted()
T3940 117:147.288 - 0.608ms returns FALSE
T3940 117:147.376 JLINK_IsHalted()
T3940 117:147.824 - 0.450ms returns FALSE
T3940 117:255.576 JLINK_IsHalted()
T3940 117:256.240 - 0.656ms returns FALSE
T3940 117:256.384 JLINK_IsHalted()
T3940 117:256.960 - 0.578ms returns FALSE
T3940 117:365.568 JLINK_IsHalted()
T3940 117:366.160 - 0.578ms returns FALSE
T3940 117:366.256 JLINK_IsHalted()
T3940 117:366.608 - 0.355ms returns FALSE
T2098 117:456.000 JLINK_IsHalted()
T2098 117:456.512 - 0.509ms returns FALSE
T2098 117:456.576 JLINK_IsHalted()
T2098 117:456.920 - 0.345ms returns FALSE
T3940 117:474.752 JLINK_IsHalted()
T3940 117:475.440 - 0.685ms returns FALSE
T3940 117:475.568 JLINK_IsHalted()
T3940 117:476.032 - 0.462ms returns FALSE
T3940 117:583.696 JLINK_IsHalted()
T3940 117:584.400 - 0.699ms returns FALSE
T3940 117:584.464 JLINK_IsHalted()
T3940 117:584.920 - 0.459ms returns FALSE
T3940 117:693.656 JLINK_IsHalted()
T3940 117:694.184 - 0.531ms returns FALSE
T3940 117:694.248 JLINK_IsHalted()
T3940 117:694.576 - 0.337ms returns FALSE
T3940 117:802.736 JLINK_IsHalted()
T3940 117:803.280 - 0.537ms returns FALSE
T3940 117:803.368 JLINK_IsHalted()
T3940 117:803.696 - 0.339ms returns FALSE
T3940 117:912.616 JLINK_IsHalted()
T3940 117:913.192 - 0.575ms returns FALSE
T3940 117:913.280 JLINK_IsHalted()
T3940 117:913.792 - 0.507ms returns FALSE
T3940 118:021.680 JLINK_IsHalted()
T3940 118:022.256 - 0.582ms returns FALSE
T3940 118:022.320 JLINK_IsHalted()
T3940 118:022.704 - 0.377ms returns FALSE
T3940 118:130.648 JLINK_IsHalted()
T3940 118:131.408 - 0.754ms returns FALSE
T3940 118:131.496 JLINK_IsHalted()
T3940 118:132.032 - 0.536ms returns FALSE
T3940 118:240.600 JLINK_IsHalted()
T3940 118:241.320 - 0.713ms returns FALSE
T3940 118:241.368 JLINK_IsHalted()
T3940 118:241.840 - 0.467ms returns FALSE
T3940 118:349.672 JLINK_IsHalted()
T3940 118:350.232 - 0.570ms returns FALSE
T3940 118:350.352 JLINK_IsHalted()
T3940 118:350.832 - 0.487ms returns FALSE
T2098 118:457.904 JLINK_IsHalted()
T2098 118:458.472 - 0.570ms returns FALSE
T2098 118:458.544 JLINK_IsHalted()
T2098 118:459.112 - 0.571ms returns FALSE
T3940 118:459.184 JLINK_IsHalted()
T3940 118:459.600 - 0.407ms returns FALSE
T3940 118:459.664 JLINK_IsHalted()
T3940 118:460.016 - 0.365ms returns FALSE
T3940 118:568.576 JLINK_IsHalted()
T3940 118:569.128 - 0.546ms returns FALSE
T3940 118:569.192 JLINK_IsHalted()
T3940 118:569.704 - 0.513ms returns FALSE
T3940 118:677.608 JLINK_IsHalted()
T3940 118:678.352 - 0.743ms returns FALSE
T3940 118:678.464 JLINK_IsHalted()
T3940 118:678.896 - 0.434ms returns FALSE
T3940 118:787.584 JLINK_IsHalted()
T3940 118:788.120 - 0.539ms returns FALSE
T3940 118:788.184 JLINK_IsHalted()
T3940 118:788.504 - 0.323ms returns FALSE
T3940 118:896.720 JLINK_IsHalted()
T3940 118:897.320 - 0.592ms returns FALSE
T3940 118:897.392 JLINK_IsHalted()
T3940 118:897.776 - 0.390ms returns FALSE
T3940 119:005.680 JLINK_IsHalted()
T3940 119:006.256 - 0.566ms returns FALSE
T3940 119:006.336 JLINK_IsHalted()
T3940 119:006.800 - 0.457ms returns FALSE
T3940 119:115.688 JLINK_IsHalted()
T3940 119:116.720 - 1.040ms returns FALSE
T3940 119:116.952 JLINK_IsHalted()
T3940 119:117.440 - 0.483ms returns FALSE
T3940 119:224.624 JLINK_IsHalted()
T3940 119:225.408 - 0.774ms returns FALSE
T3940 119:225.560 JLINK_IsHalted()
T3940 119:226.192 - 0.623ms returns FALSE
T3940 119:333.616 JLINK_IsHalted()
T3940 119:334.376 - 0.755ms returns FALSE
T3940 119:334.528 JLINK_IsHalted()
T3940 119:335.064 - 0.543ms returns FALSE
T3940 119:443.600 JLINK_IsHalted()
T3940 119:444.288 - 0.683ms returns FALSE
T3940 119:444.376 JLINK_IsHalted()
T3940 119:444.824 - 0.445ms returns FALSE
T2098 119:459.928 JLINK_IsHalted()
T2098 119:460.464 - 0.540ms returns FALSE
T2098 119:460.568 JLINK_IsHalted()
T2098 119:460.912 - 0.351ms returns FALSE
T3940 119:552.640 JLINK_IsHalted()
T3940 119:553.200 - 0.562ms returns FALSE
T3940 119:553.264 JLINK_IsHalted()
T3940 119:553.584 - 0.324ms returns FALSE
T3940 119:662.616 JLINK_IsHalted()
T3940 119:663.232 - 0.618ms returns FALSE
T3940 119:663.344 JLINK_IsHalted()
T3940 119:663.704 - 0.361ms returns FALSE
T3940 119:771.600 JLINK_IsHalted()
T3940 119:772.144 - 0.561ms returns FALSE
T3940 119:772.208 JLINK_IsHalted()
T3940 119:772.592 - 0.381ms returns FALSE
T3940 119:880.640 JLINK_IsHalted()
T3940 119:881.240 - 0.591ms returns FALSE
T3940 119:881.304 JLINK_IsHalted()
T3940 119:881.688 - 0.380ms returns FALSE
T3940 119:990.736 JLINK_IsHalted()
T3940 119:991.344 - 0.608ms returns FALSE
T3940 119:991.424 JLINK_IsHalted()
T3940 119:991.808 - 0.394ms returns FALSE
T3940 120:099.664 JLINK_IsHalted()
T3940 120:100.208 - 0.543ms returns FALSE
T3940 120:100.272 JLINK_IsHalted()
T3940 120:100.688 - 0.399ms returns FALSE
T3940 120:208.664 JLINK_IsHalted()
T3940 120:209.472 - 0.806ms returns FALSE
T3940 120:209.616 JLINK_IsHalted()
T3940 120:210.152 - 0.540ms returns FALSE
T3940 120:318.616 JLINK_IsHalted()
T3940 120:319.448 - 0.828ms returns FALSE
T3940 120:319.592 JLINK_IsHalted()
T3940 120:320.192 - 0.594ms returns FALSE
T3940 120:427.584 JLINK_IsHalted()
T3940 120:428.200 - 0.612ms returns FALSE
T3940 120:428.264 JLINK_IsHalted()
T3940 120:428.624 - 0.359ms returns FALSE
T2098 120:461.928 JLINK_IsHalted()
T2098 120:462.504 - 0.567ms returns FALSE
T2098 120:462.632 JLINK_IsHalted()
T2098 120:463.040 - 0.411ms returns FALSE
T3940 120:537.792 JLINK_IsHalted()
T3940 120:538.640 - 0.839ms returns FALSE
T3940 120:538.728 JLINK_IsHalted()
T3940 120:539.240 - 0.516ms returns FALSE
T3940 120:646.696 JLINK_IsHalted()
T3940 120:647.272 - 0.570ms returns FALSE
T3940 120:647.320 JLINK_IsHalted()
T3940 120:647.696 - 0.369ms returns FALSE
T3940 120:755.712 JLINK_IsHalted()
T3940 120:756.248 - 0.530ms returns FALSE
T3940 120:756.312 JLINK_IsHalted()
T3940 120:756.776 - 0.456ms returns FALSE
T3940 120:865.088 JLINK_IsHalted()
T3940 120:865.576 - 0.486ms returns FALSE
T3940 120:865.624 JLINK_IsHalted()
T3940 120:865.960 - 0.343ms returns FALSE
T3940 120:975.104 JLINK_IsHalted()
T3940 120:975.848 - 0.744ms returns FALSE
T3940 120:975.976 JLINK_IsHalted()
T3940 120:976.688 - 0.716ms returns FALSE
T3940 121:084.048 JLINK_IsHalted()
T3940 121:084.592 - 0.547ms returns FALSE
T3940 121:084.648 JLINK_IsHalted()
T3940 121:085.056 - 0.402ms returns FALSE
T3940 121:193.040 JLINK_IsHalted()
T3940 121:193.520 - 0.482ms returns FALSE
T3940 121:193.576 JLINK_IsHalted()
T3940 121:193.904 - 0.327ms returns FALSE
T3940 121:303.064 JLINK_IsHalted()
T3940 121:303.568 - 0.495ms returns FALSE
T3940 121:303.656 JLINK_IsHalted()
T3940 121:304.152 - 0.503ms returns FALSE
T3940 121:412.096 JLINK_IsHalted()
T3940 121:412.776 - 0.683ms returns FALSE
T3940 121:412.912 JLINK_IsHalted()
T3940 121:413.376 - 0.452ms returns FALSE
T2098 121:463.408 JLINK_IsHalted()
T2098 121:464.024 - 0.605ms returns FALSE
T2098 121:464.104 JLINK_IsHalted()
T2098 121:464.488 - 0.383ms returns FALSE
T3940 121:521.192 JLINK_IsHalted()
T3940 121:521.744 - 0.553ms returns FALSE
T3940 121:521.832 JLINK_IsHalted()
T3940 121:522.224 - 0.397ms returns FALSE
T3940 121:631.120 JLINK_IsHalted()
T3940 121:631.696 - 0.573ms returns FALSE
T3940 121:631.744 JLINK_IsHalted()
T3940 121:632.192 - 0.437ms returns FALSE
T3940 121:740.056 JLINK_IsHalted()
T3940 121:740.880 - 0.812ms returns FALSE
T3940 121:741.008 JLINK_IsHalted()
T3940 121:741.680 - 0.680ms returns FALSE
T3940 121:850.192 JLINK_IsHalted()
T3940 121:850.880 - 0.695ms returns FALSE
T3940 121:850.984 JLINK_IsHalted()
T3940 121:851.480 - 0.502ms returns FALSE
T3940 121:959.080 JLINK_IsHalted()
T3940 121:959.856 - 0.780ms returns FALSE
T3940 121:959.976 JLINK_IsHalted()
T3940 121:960.384 - 0.404ms returns FALSE
T3940 122:068.136 JLINK_IsHalted()
T3940 122:068.632 - 0.498ms returns FALSE
T3940 122:068.696 JLINK_IsHalted()
T3940 122:069.136 - 0.438ms returns FALSE
T3940 122:178.024 JLINK_IsHalted()
T3940 122:178.560 - 0.531ms returns FALSE
T3940 122:178.640 JLINK_IsHalted()
T3940 122:179.024 - 0.379ms returns FALSE
T3940 122:287.064 JLINK_IsHalted()
T3940 122:287.536 - 0.480ms returns FALSE
T3940 122:287.592 JLINK_IsHalted()
T3940 122:287.936 - 0.341ms returns FALSE
T3940 122:396.288 JLINK_IsHalted()
T3940 122:397.288 - 0.989ms returns FALSE
T3940 122:397.504 JLINK_IsHalted()
T3940 122:398.248 - 0.747ms returns FALSE
T2098 122:464.304 JLINK_IsHalted()
T2098 122:464.752 - 0.441ms returns FALSE
T2098 122:464.832 JLINK_IsHalted()
T2098 122:465.192 - 0.347ms returns FALSE
T3940 122:506.200 JLINK_IsHalted()
T3940 122:507.264 - 1.061ms returns FALSE
T3940 122:507.328 JLINK_IsHalted()
T3940 122:507.664 - 0.337ms returns FALSE
T3940 122:615.184 JLINK_IsHalted()
T3940 122:616.360 - 1.172ms returns FALSE
T3940 122:616.592 JLINK_IsHalted()
T3940 122:617.200 - 0.619ms returns FALSE
T3940 122:725.120 JLINK_IsHalted()
T3940 122:726.296 - 1.167ms returns FALSE
T3940 122:726.464 JLINK_IsHalted()
T3940 122:727.424 - 0.958ms returns FALSE
T3940 122:834.112 JLINK_IsHalted()
T3940 122:834.968 - 0.854ms returns FALSE
T3940 122:835.120 JLINK_IsHalted()
T3940 122:835.736 - 0.611ms returns FALSE
T3940 122:943.128 JLINK_IsHalted()
T3940 122:943.768 - 0.647ms returns FALSE
T3940 122:943.832 JLINK_IsHalted()
T3940 122:944.176 - 0.347ms returns FALSE
T3940 123:053.160 JLINK_IsHalted()
T3940 123:053.736 - 0.580ms returns FALSE
T3940 123:053.784 JLINK_IsHalted()
T3940 123:054.248 - 0.465ms returns FALSE
T3940 123:162.128 JLINK_IsHalted()
T3940 123:162.600 - 0.484ms returns FALSE
T3940 123:162.688 JLINK_IsHalted()
T3940 123:163.088 - 0.392ms returns FALSE
T3940 123:271.104 JLINK_IsHalted()
T3940 123:271.592 - 0.488ms returns FALSE
T3940 123:271.640 JLINK_IsHalted()
T3940 123:271.984 - 0.347ms returns FALSE
T3940 123:381.208 JLINK_IsHalted()
T3940 125:385.264   
  ***** Error: 
T3940 125:385.360   Communication timed out: Requested 4 bytes, received -2 bytes !
T3940 125:385.392 - 2004.187ms returns ERROR
T3940 125:385.536 JLINK_IsHalted()
T3940 127:389.552 - 2004.009ms returns ERROR
T2098 127:535.704 JLINK_IsHalted()
T2098 127:535.848 - 0.123ms returns ERROR
T2098 127:535.872 JLINK_IsHalted()
T2098 127:537.680 - 1.801ms returns FALSE
TA918 127:538.624 JLINK_Halt()
TA918 129:542.744   
  ***** Warning: 
TA918 129:542.800   CPU could not be halted
TA918 129:542.808 - 2004.186ms returns 0x01
TA918 129:542.912 JLINK_ReadReg(XPSR)
TA918 130:854.992   CPU is running
TA918 130:855.080   
  ***** Error: 
TA918 130:855.120   Cannot read register 16 (XPSR) while CPU is running
TA918 130:855.152 - 1312.237ms returns 0x00000000
TA918 130:859.408 JLINK_Close()
TA918 130:885.736 - 26.322ms
TA918 130:886.208   
TA918 130:886.256   Closed
