:10000000E02300202D27010075250100292701008C
:10001000292701002927010029270100292701009C
:10002000000000000000000000000000C5230000E8
:100030002927010000000000DD2300004524000006
:10004000E51601002118010095180100958C0000AB
:10005000CD8C0000018D0000258D000011220100D3
:0800600011220100351B010013
:100068000080DD010002000000040000503500207F
:1000780000000000000400001CF10100512F0000E6
:10008800643900200000000000020000010100DFC8
:1000980001020CFF0C0C00000000102800000000FA
:1000A8000000000000008000280100201801002046
:1000B800F4000020D4000020BC000020A80000208C
:1000C8008C0000201C03300030003000300030006D
:1000D8003000300030003000300030003000310097
:1000E8001203480069002D00530070006500650088
:1000F800640000001603460075006C006C002D00BB
:100108005300700065006500640000002003520081
:1001180065006D006F007600610062006C0065008C
:100128002000440072006900760065002203550033
:100138005300420020004D0061007300730020004E
:10014800530074006F0072006100670065000000D2
:100158001003520045004E00450053004100530073
:100168000403090409002000010105C00509040071
:100178000002080550030705810200020007050276
:100188000200020109002000010104C00509040061
:100198000002080550030705810240000007050218
:1001A800024000010A0600020000004001000000B1
:1001B80012010002000000400000080000020102D5
:1001C80006010000C04500207CF20100010000008B
:1001D80080420020B0F10100000000000080DD0135
:1001E8000002000000040000483C0020000000005D
:1001F800000000980000000000000000000000005F
:10020800000018900000000000000000000000003E
:100218000004000064F20100512F00005043002048
:100228000000000000020000010100DF01020CFFD5
:100238000C0C000000001028000000000000000066
:10024800000080000000009800000000000000008E
:1002580000000000000018900000000000000000EE
:10026800000000000024000000000000010A000057
:100278000000000000000000080A00000000000064
:10028800000000001B0A0000000000000000000041
:1002980000080000000000001C0A00000000000028
:1002A80000000000000C0000000000001B0A000015
:1002B8000000000000000000000C0000000000002A
:1002C800080A00000000000000000000000C000008
:1002D80000000000010A000000000000000000000B
:1002E80000000010000000000200020000000000F2
:1002F8000000020000800001200000000000000053
:1003080000000000000000000000000000000000E5
:100318000000000000000000000000001400094078
:1003280014000940000000001800094018000940A6
:10033800000000001C0009401C00094000000000EB
:10034800BC7B0020B87B0020B47B0020B07B002061
:1003580000000000AC7B0020A87B0020A47B0020CC
:10036800A07B00209C7B002000000000247C002053
:10037800207C00201C7C0020147C0020187C00209D
:10038800107C00200C7C0020087C0020047C0020CD
:10039800007C0020FC7B00203DC60000FDC700005B
:1003A8003DC600003DC600003DC600003DC6000039
:1003B800D1C8000021C60000FF000000880300200B
:1003C80000000000F898012060990120C8990120D8
:1003D8000000000000000000000000000000000015
:1003E8000000000000000000000000000000000005
:1003F80000000000000000000000000000000000F5
:0C040800000000000000000000000000E8
:100418000348044B834202D0034B03B1184770478B
:10042800D4030020D403002000000000064B074935
:10043800C91A891048BF0131491003D0044B0BB1C8
:1004480001481847704700BFD4030020D403002098
:100458000000000010B5064C237843B9FFF7D8FF19
:10046800044B13B10448AFF300800123237010BD7F
:10047800002400200000000084A2000108B5054BFC
:100488001BB105490548AFF30080BDE80840FFF7F8
:10049800CDBF00BF000000000424002084A200019A
:1004A8002DE9F0410446D0E902854068A8EB05072C
:1004B80097422844154408D80E463A46A5EB080545
:1004C8001BF03EFB2A466068F1191BF039FBBFF3AD
:1004D8005F8FE560BDE8F0812DE9F8434FF0000932
:1004E800064688461746D0E902243369151B9C4204
:1004F80003F1FF3125BF03F1FF339B180B1B1B1BB7
:10050800BD4228BF3D469D4228BF1D4670684146F2
:100518002A4620441BF014FBB2682C44A24208BFB0
:100528000024A944A8447F1BBFF35F8FF460002F09
:10053800DBD14846BDE8F883F8B5164CA82200215F
:1005480020461BF0A9FA4FF48056002303211020FF
:10055800114A124F124D21616161A261E761266261
:10056800A3626362E36222666566A0662367E36648
:100578006367BFF35F8F0B4B9C46A3F11000ACEB96
:10058800030213F9011D8342A154F8D1BFF35F8F11
:10059800F8BD00BF2C34002010CD01002C24002011
:1005A8001C2400208CF001002DE9F04FDFF8A89002
:1005B800054699F800300F46532B144683B001D0F6
:1005C800FFF7BAFF05EB450309EBC303D3F86CB09B
:1005D8001E6F4FEA45085E451FD8ABEB060B5C451E
:1005E80028BF5C461CB9204603B0BDE8F08FA24680
:1005F80008EB050309EBC303596E3846314422461C
:100608001BF09EFA2644BAF1000F04D0A84409EB67
:10061800C808C8F870605446E5E79A6E596EA2EBB0
:10062800060AA24528BFA2463144384652460193DD
:100638001BF086FA019B56449B6EA4EB0A04B34256
:1006480014BFABEB060B00265C4528BF5C46002CAC
:10065800D9D05744A244CBE72C34002010B50B4620
:10066800EFF311844FF0200181F311881946FFF749
:100678009BFF84F3118810BD38B5214B00EB400473
:1006880003EBC40EDEF82C40013000EB4000012CD7
:100698008C46154603EBC00015D0022C0FD034BB96
:1006A800DEF82830DEF8242093429CBFDEF82010C4
:1006B8005B18013B9A1A95421CD9204638BDBDE803
:1006C8003840FFF709BFDEF82830DEF82440A3429F
:1006D8009CBFDEF820105B18013B1C1B944228BF0E
:1006E800144661462246FFF7DBFE204638BD00244B
:1006F800204638BD2A466146FFF7D2FE2C46DCE785
:100708002C340020F8B50B4B04461B780D46532BB0
:10071800164601D0FFF710FFEFF311874FF02001C5
:1007280081F31188324629462046FFF7A5FF87F353
:100738001188F8BD2C340020044B00EB400003EB7B
:10074800C003D86E1B6FC01A704700BF2C3400203E
:1007580010B50446D0E90132501C984207D82368E6
:1007680099540246E16863680131C4E902019A427A
:1007780000D010BD21682069FFF7C4FFA368984224
:1007880015BF4FF0FF330023E360A36010BD00BF27
:100798002DE9F84F91420F46DDE90A941546834644
:1007A8001E4668D30B464FF00108B3FBF5F39D4294
:1007B80008F10108F9D9B04538BFB04614F0010A6C
:1007C80002D1B9F1000F3DD1DBF80C30002B29DB49
:1007D800012402E005FB04F4013E012EFAD8B7FB20
:1007E800F4F39D4205D805FB04F4B7FBF4F39D42EE
:1007F800F9D9224E06E0AC42B4FBF5F30CD31C4603
:10080800B7FBF3F3F156584604FB1377FFF7A0FF45
:10081800DBF80C30002BEEDABAF1000F02D0B9F198
:10082800000F09D1BDE8F88F20215846FFF790FF47
:10083800DBF80C30002BF5DBC14509F1FF39F3D8A3
:10084800BDE8F88FA30711D420240CE021465846B0
:10085800FFF77EFFDBF80C3009F1FF39002BE1DBF5
:10086800B9F1000FB2D0C145F0D8ADE7002E0CBFEA
:1008780030242024F7E74FF001089CE790F00100AE
:100888002DE9F04F002340249BB00DF12809CDE954
:10089800049480460C461746CDE90633089006E0D6
:1008A80004A8FFF755FF079B002BC0F2AE8014F990
:1008B800011B002900F0A1802529F1D1002623463B
:1008C80013F9011BA1F123020D2A08D8DFE802F071
:1008D80080070707070707077C0784070778A1F140
:1008E8003002D2B2092A4FF0000501D90EE00133D7
:1008F80005EB850501EB450593F900101C46A1F1B0
:100908003002D2B2092AA5F13005F0D92E2900F01B
:1009180080800022924694F9001021F00403682B8D
:1009280004F101045CD02529BAD05839CBB2202B68
:10093800B9D82029B7D801A353F821F0690A0000D3
:10094800AF080000AF080000AF080000AF080000C3
:10095800AF080000AF080000AF080000AF080000B3
:10096800AF080000AF080000850A00000D0B00006A
:10097800AF080000AF080000AF080000AF08000093
:10098800AF080000AF080000AF080000AF08000083
:10099800AF080000AF080000AF080000EF0A000031
:1009A800AF080000AF080000B30A0000AF0800005D
:1009B800990A0000AF080000AF080000690A0000AB
:1009C8001C4646F002067AE71C4646F0040676E71F
:1009D8001C4646F0080672E71C4646F001066EE71C
:1009E80014F9011B21F00403682B9CD114F9011B95
:1009F80021F00403682B96D1F2E7079B002B04DD56
:100A0800069C002C40F0B280234418461BB0BDE879
:100A1800F08F94F901102A2909D13B684FF0010A97
:100A28001A1D3A6094F902101A68023475E7A1F1A8
:100A38003003DBB2092B4FF0000204F1010400F28D
:100A4800E18002EB820201EB420214F9011F303A05
:100A5800A1F13003DBB2092BF3D94FF0010A5CE7AF
:100A6800134610223968081D386009680DEB02002A
:100A7800CDE90056FFF78CFE079B15E73B6804A8F5
:100A88001A1D3A6093F90010FFF762FE079B0BE707
:100A980039681346081D386009680A22CDE90056EE
:100AA80004A8FFF775FE079BFEE63B68191D396031
:100AB8001D68002D00F08D800132AE1815F9011B5C
:100AC80000293FF4F0AEBAF1000F02D0B5423FF46E
:100AD800EAAE04A8FFF73CFE079B002BEEDA1846A7
:100AE8001BB0BDE8F08F08230020102239680D1DC7
:100AF8003D600968CDE900300DEB0200FFF748FEC4
:100B0800079BD1E63B684FF0010A191D3960D3F8FD
:100B180000B08BEAEB73A3EBEB73092B09DD4A48B2
:100B28001946A0FB03C363290AF1010A4FEAD3035C
:100B3800F6DC924538BF92460DBB079900250B4657
:100B48000029FFF662AFBBF1000F46DB730752D4F2
:100B580006F00303022B57D0134659460A22CDE963
:100B6800005604A8FFF714FE079B9DE62246494657
:100B780040460393FFF7C6FD039B234445E7BBF1BB
:100B8800000F06F002031BDB710719D4002B53D0AA
:100B98009AB1F3070FD510E0202104A80392FFF7BC
:100BA800D7FD0799039A00290B4605F1FF35FFF693
:100BB8002CAF002DC4D0AA45EED307990B46BFE74A
:100BC800013D0BB1002AF8D0F107F6D4002DF2D17F
:100BD800B3E74FF0000A1D4D6EE72D2104A80392DC
:100BE800FFF7B6FD039ACBF1000B079900290B46D6
:100BF800FFF60BAFACE72B2104A80392FFF7A8FD83
:100C0800039AF2E7924688E6002AA5D1002DA3D0E0
:100C1800554517D9302104A80392FFF799FD079984
:100C2800013D00290B46FFF6F0AE039A002DEFD1E7
:100C38000029FFF6EAAE8FE7F007BCD5079B002B2B
:100C48008ADAE2E60B46F3E7CDCCCCCC1CCD01002A
:100C58000EB400B582B003AB53F8041B01AA01938C
:100C6800FFF70EFE02B05DF804EB03B0704700BF5B
:100C780010B5054C23782BB9012019F0EBFA23782D
:100C8800002BF9D010BD00BFD434002008B50022D5
:100C98000421192018F006FA084B186060B10022E8
:100CA8000421192018F0FEF9054B186020B1012223
:100CB800044B00201A7008BD022008BDD83400205B
:100CC800DC340020D434002070B50B4600260F49D0
:100CD80082B00546086801A91C46019618F0CCFBAD
:100CE80001280FD1019E3EB12846726806F10C0119
:100CF8001AF026FF73682360304617F079FE00204B
:100D080002B070BD012002B070BD00BFDC3400200D
:100D180008B503460A4604490868194618F0ACFBAA
:100D2800013818BF012008BDD83400202DE9F04152
:100D3800002682B0074602F10D0014468846019647
:100D480017F078FD019028B30546224641460C303D
:100D58001AF0F6FE2B191E732F60019D19F0A4FAE4
:100D680001460E4B01341868019BA9604FF0FF3211
:100D78005C6001A9334618F001FA012803D1304616
:100D880002B0BDE8F081019817F032FE012002B0F0
:100D9800BDE8F081022002B0BDE8F081DC3400201B
:100DA8002DE9F041002682B0074602F10D001446F5
:100DB8008846019617F03EFD019028B30546224665
:100DC80041460C301AF0BCFE2B191E732F60019D92
:100DD80019F06AFA01460E4B01341868019BA960A4
:100DE8004FF0FF325C6001A9334618F0C7F90128BB
:100DF80003D1304602B0BDE8F081019817F0F8FD44
:100E0800012002B0BDE8F081022002B0BDE8F08107
:100E1800D834002010B4019C78B171B16BB164B1C1
:100E2800036084460023C0E9014180F82C208CF837
:100E38002D3018465DF8044B704702205DF8044BCE
:100E4800704700BF38B5D0B190F82D3004462BB9A3
:100E580090F82C302BB9012384F82D300025284632
:100E680038BD0368D3E9000101F00CFD05460028F0
:100E7800F1D0222203490520FFF792FFEFE7022570
:100E8800284638BD24CD010070B500283CD090F824
:100E98002D30044673B390F82E3013B10025284640
:100EA80070BD014651F80C3B186801F085FD0546F8
:100EB80018BB236804F1140632466168186801F00B
:100EC80003FD054680B9A18A3046C1F3C71116F063
:100ED8005BFA0546D8B93146A06817F017FA012819
:100EE8001BD184F82E00D9E726220F490520FFF7E9
:100EF80057FFD4E70725284670BD27220B49052050
:100F0800FFF74EFF284670BD0225284670BD112206
:100F180007490520FFF744FFC1E7122205200549CC
:100F2800FFF73EFF0125BAE770CD010048CD01006B
:100F38009CCD0100B0CD010070B538B390F82D30CC
:100F48000446CBB190F82E3013B90025284670BD61
:100F5800806804F1140617F06DFA304616F03CFC70
:100F6800054660B923683146186801F0F1FC05466A
:100F780078B984F82E00E8E70725284670BD1322C3
:100F880007490520FFF70CFF284670BD02252846B3
:100F980070BD282203490520FFF702FFD6E700BFEE
:100FA800C4CD0100D8CD010038B5E0B190F82D309E
:100FB8000446ABB190F82C302BB900231D4684F8B9
:100FC8002D30284638BD0368186801F013FD054622
:100FD8000028F2D0232205490520FFF7E1FEF0E7BB
:100FE8000725284638BD0225284638BD04CE01000D
:100FF80000285CD0F0B590F82D3004468DB0002B59
:101008003BD0C36800250393013B012706930223C5
:10101800806804F11406CDE90475CDE908558DF80A
:101028002C3007950A9717F005FA84F82E503046A9
:1010380003A915F07FFA054610BBA18AA3680246EA
:101048000093C1F3C7110346304614F02DFF05463F
:1010580028BBA18A3046C1F3C71116F095F9054699
:10106800B0B93146A06817F051F90128034620D1DC
:10107800284684F82E300DB0F0BD07200DB0F0BD25
:1010880015220F490520FFF78BFE28460DB0F0BD4D
:10109800112205200B49FFF783FE2846EEE71622AA
:1010A80009490520FFF77CFE28460DB0F0BD022057
:1010B8007047122205200549FFF772FE3846DDE722
:1010C80028CE01009CCD010040CE0100B0CD01002A
:1010D800F0B500210446ADF50F7D0CAD09AE4FF417
:1010E80080724EA80791C5E90011C5E90211C6E949
:1010F8000011CDF81F10298231811AF0CDFC002C87
:1011080000F08D8023464FF48071464A4EA81AF0AD
:1011180053FC4EA81AF021FD4EA902460420FFF701
:101128003FFE204611A917F003F80446002876D19F
:101138003D4F9DF83401079400F01003002B0BBFBE
:101148002D23642361212D2110F0010F0CBF2D22C6
:10115800722210F0020F0CBF4FF02D0C4FF0680CEC
:1011680010F0040FCDF808C00CBF4FF02D0C4FF055
:10117800730C10F0080FCDF80CC00CBF4FF02D0CFD
:101188004FF06C0CCDE90012CDF810C03A4607219B
:1011980007A8CDF81F401AF00FFCBDF87C00BDF879
:1011A80080301221CDE90030204ABDF87E30284633
:1011B800C5E90044C5E902442C821AF0FDFBBDF8DC
:1011C8008600BDF884300A21CDE90030184ABDF800
:1011D80082303046C6E9004434811AF0EDFB4FF402
:1011E800807200214EA81AF057FCDDE94B034FF43A
:1011F8008071CDE902300F4A07ABCDE900564EA801
:101208001AF0DAFB4EA81AF0A8FC4EA902460420F0
:10121800FFF7C6FD11A816F0D7FC002889D00DF5F8
:101228000F7DF0BD58CE0100DCCE0100ECCE0100F0
:10123800F8CE010008CF01002DE9F04395B0002851
:1012480072D00F4600296FD04749804616F06CFED1
:101258000646002863D03846444916F065FE8146A4
:10126800002863D04FF4806017F0E4FA05460028A0
:101278005AD04FF48062002128461AF00DFC3346FC
:101288004FF480620121284616F07AFC044610BB10
:10129800284617F0ADFB484616F062FC0546A0BB91
:1012A800304616F05DFC054678BB4046694616F0A8
:1012B80061FE002846D138460AA916F05BFE0028D0
:1012C8003AD1019A0B9B9A4225D01A222849052027
:1012D800FFF766FD17E04B4601212846224616F027
:1012E80061FC8442C5D0102205202249FFF758FD31
:1012F800484616F035FC88BB304616F031FC38BB42
:10130800284617F075FB172405E0102205201A4916
:10131800FFF746FD2C46204615B0BDE8F083232292
:1013280005201649FFF73CFD0224F4E7282214495A
:101338000520FFF735FDF7E7272212490520FFF7BB
:101348002FFDBEE7222210490520FFF729FDB2E74D
:1013580020220E490520FFF723FDD1E725220C495D
:101368000520FFF71DFDC7E720CF010048CF01008A
:1013780038D0010078CF0100D8CF010024CF010078
:101388004CCF010010D00100ECCF0100B4CF010018
:101398008CCF0100F0B58BB0002856D032490746F3
:1013A80016F0C2FD054600284AD04FF4806017F0B9
:1013B80041FA0646002848D04FF4806241211AF0CD
:1013C8006BFB0A242B464FF480620121304616F04D
:1013D800E9FBB0F5806F16D1013CF3D1304617F028
:1013E80007FB284616F0BCFB054600BB3846694695
:1013F80016F0C0FD054650BB019BB3F5205F2DD10B
:1014080020460BB0F0BD102205201849FFF7C8FC94
:10141800284616F0A5FB20B9304617F0E9FA17243C
:10142800EEE7102212490520FFF7BAFCF4E72C4634
:1014380010220F490520FFF7B3FC20460BB0F0BD82
:101448001A2205200B49FFF7ABFC0224D8E70E222D
:1014580005200949FFF7A4FC2C46D1E71A220749C1
:101468000520FFF79DFCDAE748CF010078CF01009F
:10147800D8CF010054D0010070D0010038D001004D
:101488000449054A0868136849685268C01841EB5E
:10149800020170474035002048350020044AD2E94F
:1014A8000031013341F10001C2E90031704700BF4A
:1014B8004835002000B5037883B013F002010FD13E
:1014C800DB0702D403B05DF804FB0B4801230222BA
:1014D8000068CDE9001119F055FC03B05DF804FB74
:1014E80000210123044A10681A46CDE9001119F0B9
:1014F80049FC03B05DF804FBD442002000B5037832
:1015080083B013F002010FD1DB0702D403B05DF8FA
:1015180004FB0B48012308220068CDE9001119F0EB
:1015280031FC03B05DF804FB0021054801230422C7
:101538000068CDE9001119F025FC03B05DF804FB43
:10154800D44200200024012380B5A84EA4B014ADD5
:10155800CDE902430FCE0FC50FCE0FC596E80F0099
:1015680085E80F00242221460BA804941AF094FA67
:1015780007AB00939E499F4805AA06AB1AF050FA9C
:1015880014AD0F94032255F8040B05A91AF099FA23
:10159800002800F08F8201340C2CF3D1DDE906130A
:1015A8000AA8A3F26C72009009AB0E9110929249AE
:1015B80008AA92481AF034FADDE908120A9B0BA827
:1015C800CDE90C210B9317F0BFF88D4B8D4AC3E979
:1015D8000001146818F068FE0023024620468A4C71
:1015E8000121009319F05AFFFFF742FB0122874BB4
:1015F800874988480094FFF70DFC0290002840F0C6
:101608005B8202AE844900220091844B844985485C
:10161800FFF700FC0290002840F05E82814C7D4D6F
:10162800814FDFF820824FF0FF3200210BAB0846D4
:10163800009219F09DFA0128039005D030227B49C9
:101648000520FFF7ADFBEEE70B9B58060FD4D90733
:1016580026D49A073BD4580748D419075CD4DA062D
:1016680069D49B067ED4012018F0F4FDDBE7402204
:10167800002114A81AF010FA002204A914A8FFF7F0
:1016880023FB0290002840F0758194F82E3023B196
:1016980095F82E30002B40F07C810B9BD907D8D5CC
:1016A800122263490420FFF77BFB2046FFF7ECFB7F
:1016B8000290002840F0138194F82E3023B195F859
:1016C8002E30002B40F077810B9B9A07C3D511224F
:1016D80058490420FFF764FB2046FFF72DFC0290D1
:1016E800002840F0ED800B9B5807B6D517225249C9
:1016F8000420FFF755FB2846FFF7C6FB0290002899
:1017080064D194F82E3023B195F82E30002B40F098
:101718004C810B9B1907A2D5162248490420FFF7D4
:101728003FFB2846FFF708FC0290002840F0B980EC
:101738000B9BDA0695D52046FFF784FB029000281C
:1017480040F0EB802846FFF77DFB0290002840F030
:10175800D5802846FFF798FB0290002874D10B9B90
:101768009B0680D52046FFF7E7FB0290002840F053
:10177800F2802846FFF7E0FB0290002840F0DC806A
:101788002046FFF711FC029000287BD12846FFF77E
:101798000BFC0290002866D100210123042238683E
:1017A800009119F04BFA012803903FF45CAF4146D1
:1017B80039220520FFF7F4FA042203A90620FFF7CF
:1017C800EFFA19F051F818F0D9FD4CE722221C491C
:1017D8000520FFF7E5FA042231460620FFF7E0FA74
:1017E80019F042F818F0CAFD8BE700BFA0F001001D
:1017F80080D001008CD0010098D00100A4D0010055
:1018080040350020003C002028000020D0F00100D6
:10181800B0D0010010350020A401002064F10100BF
:10182800F4D00100E0340020D44B002038D101006E
:1018380034D5010068D501009CD50100D8D5010038
:10184800B4D50100A0D601002222BA490520FFF72D
:10185800A7FA042231460620FFF7A2FA19F004F885
:1018680018F08CFD7BE72222B3490520FFF798FA90
:10187800042231460620FFF793FA18F0F5FF18F016
:101888007DFD89E71D22AD490520FFF789FA04226D
:1018980031460620FFF784FA18F0E6FF18F06EFDCF
:1018A80074E72422A6490520FFF77AFA0422314674
:1018B8000620FFF775FA18F0D7FF18F05FFD37E735
:1018C8001F22A0490520FFF76BFA042231460620A3
:1018D800FFF766FA18F0C8FF18F050FD03E71D225D
:1018E80099490520FFF75CFA042231460620FFF7E4
:1018F80057FA18F0B9FF18F041FDDDE621229349A7
:101908000520FFF74DFA042231460620FFF748FA72
:1019180018F0AAFF18F032FD1BE71C228C4905209D
:10192800FFF73EFA042231460620FFF739FA18F08D
:101938009BFF18F023FD05E7242281490520FFF7C6
:101948002FFA042231460620FFF72AFA18F08CFFF6
:1019580018F014FD14E71F227A490520FFF720FA32
:10196800042231460620FFF71BFA18F07DFF18F015
:1019780005FDFEE61D2277490520FFF711FA04222E
:1019880031460620FFF70CFA18F06EFF18F0F6FC47
:101998007BE69DF95030313B072B00F2C480DFE82D
:1019A80003F0807161504232221000220320114658
:1019B800FFF7F6F9ADE6002203201146FFF7F0F92C
:1019C80082E6654938220420FFF7EAF9634964484A
:1019D800FFF732FC002800F0A08021226149052091
:1019E800FFF7DEF927E03B2204205F49FFF7D8F92B
:1019F8005B48FFF7CFFC00283ED02C225B4905202E
:101A0800FFF7CEF917E0242204205949FFF7C8F957
:101A18005848FFF7EDFA002879D0202256490520CA
:101A2800FFF7BEF907E0322204205449FFF7B8F95E
:101A3800A868FFF74DFB002203201146FFF7B0F915
:101A48002BE64F4938220420FFF7AAF94D494E48A2
:101A5800FFF7F2FB002854D026224C490520FFF757
:101A68009FF9E8E7362204204949FFF799F94648E3
:101A7800FFF790FC0028C0D12F2246490420FFF729
:101A88008FF9D8E71F2204204349FFF789F9434813
:101A9800FFF7AEFA78B31B2241490520FFF780F91A
:101AA800C9E72D223F490420FFF77AF9A068FFF71C
:101AB8000FFBC0E70F9471E53D223B4902AE0520BC
:101AC800FFF76EF9042231460620FFF769F918F08E
:101AD800CBFE18F053FC95E5382234490520FFF772
:101AE8005FF9042231460620FFF75AF918F0BCFEC8
:101AF80018F044FC92E523222D490420FFF750F901
:101B080099E72E222B490420FFF74AF993E7282268
:101B180029490420FFF744F98DE7292227490420A1
:101B2800FFF73EF987E72C2225490420FFF738F90B
:101B380081E700BFB4D501007CD601005CD6010066
:101B4800F0D501007CD5010048D5010038D6010048
:101B580018D601006CD1010064D40100A0D40100A2
:101B680054D40100B4D4010018D4010064D2010097
:101B7800A0D3010010350020C8D301006CD30100A8
:101B8800C4D2010000D3010054D2010014D30100D3
:101B98001CD2010094D20100BCD10100E034002025
:101BA800DCD101008CD10100B4D00100FCD00100CF
:101BB800F8D101003CD30100ECD30100D8D40100D6
:101BC80004D50100022800D07047024902480FF0EE
:101BD80041BF00BF04F30100303C00202DE9F04F65
:101BE80089B0FFF753F8002840F08D800024DFF813
:101BF8005491DFF854A1DFF844810020CDE9044472
:101C0800CDE90644FEF798FD002858D1002103A825
:101C1800434F444E444D0394FFF77AF8E0B9039AD2
:101C28001368013B052B75D8DFE803F0302B26201D
:101C38001A03D2F80CB031465A460020FFF708F8CC
:101C4800BBF1000F34D1039816F0D2FE002103A88F
:101C5800FFF75EF80028E2D0012018F0FBFACCE785
:101C680029460C320020FEF7F3FFECE72F490C322F
:101C78000020FEF7EDFFE6E739460020FEF7E8FF13
:101C8800E1E72B490020FEF7E3FFDCE704A8049412
:101C980010F016FC9DF81130264A01939DF8123079
:101CA8002549009300209DF81330FEF7D1FFCAE7BD
:101CB8005A4641460020FEF7CBFF00BEC3E710227C
:101CC80000200DEB0201FEF7C9FC00289ED099F810
:101CD8000030002B9AD0024604A90020FFF726F80E
:101CE800014648B901234022DAF80000009118F0B3
:101CF800A5FF01288AD001210A4600204146FEF7A7
:101D0800A7FF00BE82E702460C490020FEF7A0FFAD
:101D180000BE6BE70A490020FEF79AFF93E700BF71
:101D2800B8DB010098DB01008CDB010084DB0100DB
:101D38000CD901002CD7010030D701000CD70100C5
:101D480064DD0100D53B0020D442002010B50C46CC
:101D58000EF03EFA237A13B90F4B1A782AB1D4E958
:101D680000010EF03FF978B910BD01220B490C486B
:101D78001A7000F087FD0028F6D0BDE810402F2229
:101D880005200849FFF70CB81322BDE810400520CC
:101D98000549FFF705B800BFD43B002070F10100EA
:101DA8004840002080DD0100B0DD010010B5074B80
:101DB80082B01C6818F07EFA0023024606212046ED
:101DC800009319F0A5FB02B010BD00BF2C3C002009
:101DD800002110B5174B84B00391D3F8203113F0CC
:101DE800020F154B1B780FD103F0FF01C3B100BFE1
:101DF800039B3BB14FF08052104B5A60BFF34F8F9B
:101E0800BFF36F8F04B010BD002BF0D00C4803ACAB
:101E1800012320220068CDE9001418F0B3FFE7E79A
:101E2800084803AC012302220068CDE9001418F029
:101E3800A9FFDDE700080840D53B002000ED00E0E1
:101E4800D4420020D44B0020002110B5837984B0FF
:101E5800032B039116D0062B12D1012340220C48E4
:101E680003AC0068CDE9001418F08CFF039B3BB16C
:101E78004FF08052074B5A60BFF34F8FBFF36F8FFD
:101E880004B010BD01232022014803ACE9E700BFDC
:101E9800D44B002000ED00E00024012580B586B079
:101EA800CDE903450594FEF7E3FE22462146284680
:101EB800FEF776FF214622460220FEF771FF7A4997
:101EC8007A480EF08FF8002840F0CF803822784901
:101ED8000420FEF765FF212276490420FEF760FF03
:101EE800754976480FF0C0FD044648BB73480FF0AB
:101EF800FBFD0446002840F0D180714BD3F8203117
:101F08009E0740F1B98000230DF10C0A03936D4E32
:101F18006D4DDFF8D091DFF8F081654C6B4F4FF0D5
:101F2800FF32002105AB0846009218F021FE012877
:101F380004901CD0322266490520FEF731FFEEE7F7
:101F48002E2205206349FEF72BFF172262490DF167
:101F58000C0A05200394FEF723FF042251460620AD
:101F6800FEF71EFF18F080FC18F008FACFE7059B73
:101F7800980609D459060FD45A0715D49B0729D4B3
:101F8800012018F067F9CAE7544928220420FEF70F
:101F980007FF059B5906EFD52C2204205049FEF770
:101FA800FFFE059B5A07E9D500234E492868337080
:101FB800FFF7CCFE039B002B48D138222146042092
:101FC800FEF7EEFE212204204749FEF7E9FE059BB5
:101FD8009B07D5D501232946D9F800003370FFF7B0
:101FE800B5FE039B1BBB382221460420FEF7D8FE12
:101FF8001F2239460420FEF7D3FE002101231022B8
:10200800D8F80000009118F019FE01280490B7D004
:102018002E2236490520FEF7C3FE042204A9062015
:10202800FEF7BEFE18F020FC18F0A8F9A8E7222257
:102038002F490520FEF7B4FE042251460620FEF77C
:10204800AFFE18F011FC18F099F9CCE724222949C1
:102058000520FEF7A5FE042251460620FEF7A0FE45
:1020680018F002FC18F08AF9A7E704462222224950
:102078000520FEF795FE68E720492B4608680222EE
:102088002146009418F0DAFD01283FF43CAF3722CE
:1020980005201B49FEF784FE2C4656E72A221949DB
:1020A8000520FEF77DFE50E77CF20100C0450020C8
:1020B800E8DD010024DE01004CF10100383C00207D
:1020C80000080840D53B002098010020F4DF0100FB
:1020D800F4DE010048DE0100DCDE010028DF01003B
:1020E80054DF01008C010020ACDF010014E0010086
:1020F800D0DF010084DF0100C4DD0100D44B0020E3
:10210800A4DE010078DE0100D4420020002310B5CF
:10211800134A144C82B0CDE9002414211A461248FF
:1021280019F07AF9114B186080B11148114C00234D
:102138004FF47A71CDE9000401220F4819F06CF9C7
:102148000E4B0146186028B102B010BD014600F0E0
:102158004FF8EAE702B0BDE8104000F049B800BF08
:10216800D91D0000043C002044E001002C3C002064
:10217800A5140000D83B002060E00100003C0020CE
:1021880010B5044600F036F82046BDE81040FFF7C9
:10219800D9B900BF30B501240D480E4A03680E4D69
:1021A80085B01919CDE901250C4B01604FF4206267
:1021B8000B490C48009417F005FE0B4B186008B14A
:1021C80005B030BD014605B0BDE8304000F010B89C
:1021D800544B0020409A0120D842002038F20100D8
:1021E80070E0010089210000D4420020FFF78EBF73
:1021F80000BE704738B5164C4FF0FF31206817F015
:10220800F7F9012803D000212068FFF7F1FF114BEF
:102218001A7802B138BD01221A70FFF7E7FF0E4D98
:102228002B68013B2B60002BF4D0002320681A4652
:10223800194616F0A3FF0128F2D000212068FFF705
:10224800D7FF2B68013B2B60002BEED138BD00BFB8
:102258004C4B0020504B0020544B002038B5002335
:102268000D4D0E4C01214FF480700D4A2B602370E8
:1022780016F046FF0B4B186048B100F071F8FFF7F5
:1022880089FF00F037F817F0AFFE002038BD01468F
:10229800FFF7AEFFF1E700BF544B0020504B002082
:1022A800044B00204C4B0020802330B4034D044CD9
:1022B80005600C60136030BC704700BF8C4A00207A
:1022C8008C480020802330B4034D044C05600C601A
:1022D800136030BC704700BF14480020144600202B
:1022E80010B50446FFF786FF2046BDE81040FFF70B
:1022F80075BC00BF30B501240D480E4A03680E4D69
:1023080085B01919CDE901250C4B01604FF4807295
:102318000B490C48009417F055FD0B4B186008B199
:1023280005B030BD014605B0BDE83040FFF760BFDD
:10233800544B002040C201205C4B002020F50100D6
:102348007CE00100E9220000584B002010B504464B
:10235800FFF750FF2046BDE81040FFF79DBD00BFC6
:1023680030B501240D480E4A03680E4D85B0191981
:10237800CDE901250C4B01604FF420620B490C4854
:10238800009417F01FFD0B4B186008B105B030BD65
:10239800014605B0BDE83040FFF72ABF544B002086
:1023A80040C60120D84B002024F5010088E0010038
:1023B80055230000D44B002000BEFEE71EF0040F9A
:1023C8000CBFEFF30880EFF30980014908470000CC
:1023D800692400000F4B1968EFF309821EF0100FF3
:1023E80008BF22ED108A22E9F04FEFF30B8342F881
:1023F800043D0A604FF0100080F31188BFF34F8F3F
:10240800BFF36F8F17F074FF4FF0000080F311884F
:1024180000F002B8F8970120074801680A6802CA64
:1024280081F30B88B2E8F04F1EF0100F08BFB2EC32
:10243800108A82F309887047F897012010B5EFF3E6
:102448001184102383F3118817F042FF18B14FF05D
:102458008052024B5A6084F3118810BD00ED00E0F1
:1024680008B5836913F8023C022B02D0032B04D869
:1024780008BDBDE80840FFF7CFBF4FF47E71024B9F
:10248800024A034810F024F89CE0010084F501009A
:10249800B0E0010070B44FF080756FF00204094E8F
:1024A800283122F0010240F80C6C40F8045C40F836
:1024B800244C40F8203C40F8082C70BC40F8481DDB
:1024C800704700BFC123000008B5EFF31181102346
:1024D80083F311880A4A13680133012B136000D073
:1024E80008BD084A084B11605B68C3F30803002B5A
:1024F800F6D040F2A441054B054A06480FF0E8FF24
:10250800544C0020504C002000ED00E0D8E00100C1
:1025180070F50100B0E0010008B5094A13683BB145
:10252800013B13601BB9074B1B6883F3118808BD77
:1025380040F2AD41044B054A05480FF0C9FF00BF02
:10254800544C0020504C002020E101005CF50100B3
:10255800B0E0010080B3194B9A8990B2120409D4F3
:10256800BFF34F8F30BFBFF36F8F62B6BFF36F8F6C
:1025780072B670474AF202514FF0000CB3F8FE23CE
:10258800A3F8FE1392B242F42542A3F80CC0A3F8B4
:10259800FE23BFF34F8F30BFBFF36F8F62B6BFF319
:1025A8006F8F72B6B3F8FE23A3F8FE1392B242F40B
:1025B80025429881A3F8FE23704700BF00E0014040
:1025C80008B572B617F05EFD0120FFF7C3FF62B6CB
:1025D800BDE8084017F05EBD0D4B0E4A1B68A2FB14
:1025E80003239B09013BB3F1807F00D370474FF071
:1025F800E0224FF0F00C0020072110B4064C536184
:1026080084F823C0906111615DF8044B704700BFE6
:1026180020960020D34D621000ED00E0F02208B5AE
:102628000B4B83F82220FFF7D7FF0A4A536B43F07E
:102638004043536362B6BFF36F8FEFF3148C2CF0F3
:10264800040C8CF31488BFF36F8F02DF00BEFDE724
:1026580000ED00E000EF00E008B5EFF30383103B66
:102668001A0604D50E4BDB685B0511D408BD03F0D0
:10267800FF0202F1604303F5614393F800331B093D
:10268800F0D140F20F61074B074A08480FF020FFCE
:1026980040F22161064B044A04480FF019FF00BFBD
:1026A80000ED00E034E101003CF50100B0E001007C
:1026B8006CE1010018B14FF0FF3117F06DB808B5A3
:1026C8006C21024B024A03480FF002FF98E1010017
:1026D800ECF50100A4E1010008B116F01BBE08B535
:1026E8007721024B024A03480FF0F2FE98E10100FD
:1026F800D8F50100A4E1010017F0ACBD006E08B1E7
:1027080016F034BB704700BF10B5044616F010FA37
:10271800206618B1072116F0DDFA012010BD00BFB0
:1027280030B542F21075044683B0002302211A46E0
:10273800206E009516F00AFA0221206E16F0AAFA09
:102748008307F2D503B030BD10B500210446006EF2
:1027580016F0A0FA830705D4206E0221BDE81040C8
:1027680016F0B8BAD221024B024A03480FF0B0FE65
:10277800D4E10100C4F50100A4E1010038B50C461C
:10278800054618F071F814F0010406D02C6F24B136
:10279800201AB0FA80F0400938BD204638BD00BF85
:1027A80038B50C46054618F05FF8E30703D52B6FDC
:1027B80013B1834200D138BDFE21024B024A0348BF
:1027C8000FF086FE38E20100B4F50100A4E1010033
:1027D80030B5044683B018F047F8236F0BB1984220
:1027E80013D042F21075002301211A46206E00957D
:1027F80016F0ACF90121206E16F04CFAC307F2D599
:1028080018F032F8206703B030BD40F20F11024BC8
:10281800024A03480FF05CFE98E20100A8F50100A7
:10282800A4E1010010B500210446006E16F032FA4A
:1028380010F0010306D12367206E0121BDE8104086
:1028480016F048BA4FF49871024B034A03480FF048
:102858003FFE00BFD4E2010098F50100A4E10100A9
:10286800042200B583B00023006E0091114616F0D3
:102878006DF9C0F3800003B05DF804FB0421006E1D
:1028880016F028BA70B5044604200E4616F066FD08
:10289800206198B13368D3E901121868126890472B
:1028A800054620B9074B2846C4E9003670BD2069A3
:1028B80016F096FF00232361284670BD0925284697
:1028C80070BD00BF846570704FF0000C0B4630B5CA
:1028D80086461D498BB0C2F800C0C2F804C0C2F8D1
:1028E8000CC0C2F808C0C2F810C0C2F814C01D68F5
:1028F80005911649D56006910792B2F800C01D7C73
:10290800C2F804E065F3CE1CA2F800C0DD6801A996
:1029180002959D685B68039504939EF80A50DEF85B
:10292800103002A81446CDE9083514F059F8019B77
:10293800A06033B91846227842F0010323700BB027
:1029480030BD64200BB030BD852A0000C52A0000C8
:1029580010B50C46886814F023F800202378A0608E
:1029680060F30003237010BD70B58D6882B095F8D0
:10297800503013750B78DB071BD514460E462846D6
:1029880001A912F097FAD5E90E32002002FB03F3F1
:10299800B5F86820E3602260EB6B4035636055F85A
:1029A800283C2561A3603388C3F3C713637502B05D
:1029B80070BD222002B070BD30B5436804461B6864
:1029C80085B09A68186853680D46984778B963685F
:1029D80001A91B689A681868D369984738B99DF89F
:1029E8000C30A3721DB1DDE90123C5E9003205B041
:1029F80030BD00BF38B5436805461B689A6818683B
:102A0800136A9847044608B1204638BD286916F06D
:102A1800E7FE2C60204638BD30B54FF0FF32044643
:102A28000121002083B018F04FF8012808D123892C
:102A38001B071AD4238913F0100004D103B030BD4A
:102A4800142003B030BD63681D6806E09DF80530AA
:102A5800002BF3D06268D36853B9AB6828689B69C8
:102A680001A998470028F1D0E8E7642003B030BDF9
:102A7800106998470028F0D0E0E700BFF8B5054690
:102A88005C680E46174617F0EFFE4FF0000C29461B
:102A98006568E060A4F808C028683B468568324647
:102AA8000068ED68A84720B92046FFF7B5FF00B9D0
:102AB800F8BD0148F8BD00BF0A000080F8B505461A
:102AC8005C680E46174617F0CFFE4FF0000C2946FB
:102AD8006568E060A4F808C028683B468568324607
:102AE8000068AD68A84720B92046FFF795FF00B9F0
:102AF800F8BD0148F8BD00BF0A00008030B5038862
:102B0800456813F0630F83B00CD06A68516849B107
:102B180004468DF800309368684601936B685B68DB
:102B28009847238813F01C0F17D02A8992B21343B1
:102B38002B81EB688BB1002400946A462146E86833
:102B480018F0E0F9EC60009B3BB14FF08052044B69
:102B58005A60BFF34F8FBFF36F8F03B030BD00BF14
:102B680000ED00E084460020CCE98732CCF818124A
:102B7800704700BF30B50446436883B09B680D4674
:102B88001B6801A99A681868136A227C984740B99B
:102B98009DF80630063B18BF0123AB70637C687054
:102BA8002B7003B030BD00BF0346002210B4DC68B0
:102BB80010460C609B685DF8044B0A814B607047B7
:102BC80070B5124E03688A68B3421CD0044641604F
:102BD800136800220868C4F818024968C4E9872104
:102BE800D3E90112186812689047054608B12846CB
:102BF80070BDFF23237415F09BFF6574C4F814029D
:102C08002660284670BD0E25284670BD4255454DA4
:102C1800F0B50126044641682522896806740968CA
:102C28003346086883B004F1140103F093F80546AD
:102C380088B94FF0FF3703463246D4F814023146BC
:102C4800009715F083FFD4E905321BBA334412BA52
:102C5800C4E902326674284603B0F0BD38B50B4BA0
:102C680002689A4201D0072038BD436804469B6831
:102C7800D0F814021D6816F079F8AB6828685B680C
:102C880098470028F0D1206038BD00BF4255454D17
:102C980030B5D0F81C3283B004460A466D46A3B15D
:102CA80093E8030085E803001A80D4F82022184628
:102CB8005A60D4F818329847D4F81C321BB195E8FA
:102CC800030083E8030003B030BD2B46ECE700BFE8
:102CD8002DE9F0410746436882B09B680C461B68A3
:102CE800154618683A7C0DF1070103F061F9804632
:102CF80080B99DB10D4E254401E0A5420ED0224673
:102D0800012331469DF8070003F010F9013400282B
:102D1800F3D08046404602B0BDE8F0813846042131
:102D2800FFF7B6FF404602B0BDE8F0813CF601006F
:102D38002DE9F04105461E46436882B09B680F4660
:102D48001B68904618682A7C0DF1070103F030F9DA
:102D5800044618B1204602B0BDE8F0814246394623
:102D68009DF80700B3B203F0E1F804460028F1D15A
:102D780028460421FFF78CFF204602B0BDE8F08109
:102D88002DE9F04105461E46436882B09B680F4610
:102D98001B68904618682A7C0DF1070103F008F9B2
:102DA800044618B1204602B0BDE8F08142463946D3
:102DB8009DF80700B3B203F077F804460028F1D174
:102DC80028460421FFF764FF204602B0BDE8F081E1
:102DD80000220346806982B0416800929A79496866
:102DE800033A01910C2A08D8DFE802F00F1D1F19D9
:102DF8000707070707070707090002B070470121FF
:102E0800D0F8140202B015F065BF02215B78037494
:102E1800D0F81832002BF0D002B0FFF739BFFF23EB
:102E280001210382F4E72021F2E74021F0E700BF07
:102E380010B5436886B09B6804461B6801A99A6868
:102E480018685368984740B9DDE903120123E26026
:102E58009DF80520A1606274237406B010BD00BF00
:102E680010B440688068006884680068A468A44654
:102E78005DF8044B604700BF10B440688068006884
:102E880084680068E468A4465DF8044B604700BFA6
:102E980010B443689B681B689C681868A36A5DF84F
:102EA800044B184784460020CCE90632CCF81410AD
:102EB800704700BF30B5436883B09B680C461B68F9
:102EC80005469A68186801A9536A984738B99DF861
:102ED80006309DF80520A3702B7C6270237003B028
:102EE80030BD00BF0346002210B4DC6810460C60F9
:102EF8009C680A724C605B7C5DF8044B4B727047AF
:102F080010B50024436804609B681B689A681868B9
:102F1800136B9847204610BD38B58B6841601B6815
:102F28000D46D3E90112044612681868904738B96B
:102F38002A68044B62616A682082C4E90602236039
:102F480038BD00BF534D454DF0B584680288E3692C
:102F580083B0019312F0A00318BF04234FF00006BA
:102F6800009618BFADF8003051062FD4217C41BB24
:102F7800D70531D543F01003D107ADF8003033D56C
:102F880000222274028843F001039107ADF8003053
:102F980003D543F00203ADF8003062697AB1A36942
:102FA8002BB302AA12E903001E885D6883E80300B8
:102FB800626918469047A3690BB11E805D6003B033
:102FC800F0BD0C49476839400029D1D043F00803C7
:102FD800D705ADF80030CDD4D707D1D49207D8D4CF
:102FE800002BDAD103B0F0BD9207D6D5D1E76B46F6
:102FF800DFE700BF0880F9FDF0B50023154D164E38
:1030080083B003E032785AB95A1C05D02A780133C4
:1030180002F0FF01002AF5D000232B7003B0F0BDA9
:103028004FF0FF340D4FADF804108DF80610013C39
:1030380009D03B6801A99A681868936998479DF870
:103048000530002BF3D100232B70337000232B7035
:1030580003B0F0BD664C0020654C0020584C0020A1
:10306800002840D010B5214C8368206084B01B68CC
:10307800D0E900019847002828D123689A68186881
:10308800536898472368E8B99A6818686946936945
:1030980098472368B0B99DF8002099681868CAB1A4
:1030A8009DF80130B3B99DF802309BB1CB6901A9F5
:1030B800984790B90E49029C0E4B019A0C601A6011
:1030C80004B010BD9A681868136A984740F2DC503B
:1030D80004B010BD0B6A9847F8E723689A68186827
:1030E800136A9847F2E740F2DC507047584C0020CA
:1030F8005C4C0020604C0020024B1B689A681868E2
:10310800136A1847584C00202DE9F041DFF8608019
:103118000446D8F8000084B085680F460068AD6999
:1031280003A91646A84728B99DF80C302BB90122E7
:103138000E4B1A7004B0BDE8F0819DF80D30002BDD
:10314800F5D19DF80E30002BF1D0D8F800002146BB
:10315800856833463A46AC680068A0470028E9D13C
:103168000190FFF749FF0198E4E700BF644C002095
:10317800584C00202DE9F041DFF860800446D8F86B
:10318800000084B085680F460068AD6903A916463B
:10319800A84728B99DF80C302BB901220E4B1A709C
:1031A80004B0BDE8F0819DF80D30002BF5D19DF8F5
:1031B8000E30002BF1D0D8F8000021468568334640
:1031C8003A46EC680068A0470028E9D10190FFF76B
:1031D80013FF0198E4E700BF644C0020584C00201E
:1031E80010B503280C4684B00CD8012805D802D1A4
:1031F8000B4B1B680B6004B010BD0A4B1B680B60BF
:1032080004B010BD0528F6D1074B01A91B689A68C0
:103218001868D36998479DF80D30236004B010BD35
:103228005C4C0020604C0020584C00200388022B86
:1032380011D0012B03D10022094B1A707047042BBF
:1032480003D10122074B1A707047DB0602D5012211
:10325800054B1A7070470122014B1A70704700BF66
:10326800674C0020664C0020654C002070B5002398
:10327800044682B00E46052001A915460193FFF7C2
:10328800AFFF1C2C12D81C2C15D8DFE804F0202323
:1032980014141414141426141414141414141414D4
:1032A800141414141414141414292C003F2C02D1CF
:1032B8002C210E4A01E008210D4A31600198D1788D
:1032C80041EAC011D17005B12A6002B070BD082171
:1032D800084AF2E71421084AEFE71421074AECE705
:1032E8001421074AE9E71421064AE6E72C020020E0
:1032F800B84C0020C04C002094020020800200201E
:103308006C020020580200202DE9F047674D82B07A
:103318002A681378282B19D8022B2ED9033B252B82
:103328002BD8DFE803F0332A2A2A2A2A2A2A2A2A2B
:103338002A2A2A2A2A3C2A2A2A2A2A2A2A2A2A2AD3
:103348002A2A2A2A2A2A512A712A2A945A2B14D13B
:103358009078574E574A314600F03F00FFF786FFF6
:10336800554F34687B68A3420DD22A681278282A00
:1033780018BF336002B0BDE8F08700224C4B4D49BE
:103388004E481A60086002B0BDE8F0871223484E24
:10339800484A4B491C46484F11603360E2E72424F1
:1033A800484B4949494A03C983E803004849404E04
:1033B8009961404903F1080C083B0B603E4F0FCA66
:1033C80034608CE80F00CDE701206946FFF708FF5D
:1033D80001A90320FFF704FF142400213D4B354ABF
:1033E800334E1360009A344F12BA5A60DA60BDF84F
:1033F8000420197252BA5A815A829DF8062019740B
:1034080034605A725A74ADE701206946FFF7E8FE46
:10341800032001A9FFF7E4FE002208242E49254BCA
:10342800234E1960009B244F013B180E60F30702DE
:10343800180C60F30F220198346000BA486023FA30
:1034480004F060F3174263F31F620A608AE7234BB4
:103458001B78F3B1DFF88880D8F80010164F7A6827
:10346800B2F5805F1DD24FEA52294FEA4924C2F3D0
:103478004722DFF870A00E4E5046FFF745FE0D4B71
:103488003460C3F800A0D8F800304B44C8F80030C6
:1034980068E7D2F80210DFF8488009BAC8F80010C7
:1034A800DCE708224FF480549146E2E7D44C002030
:1034B800B44C0020B04C0020DC5C002060F8010017
:1034C80068F80100C402002038E3010044E3010069
:1034D800312E3030A8020020C84C0020D85C0020D3
:1034E800D04C0020D84C0020002210B53F4B40495A
:1034F8001A70037884B02A2B0192086059D82A2BB5
:103508006ED8DFE803F02C6D6D166D6D6D6D6D6D09
:103518006D6D6D6D6D6D6D6D206D6D6D6D6D6D6D20
:103528006D6D6D6D6D6D6D6D6D456D706D6D256D30
:103538002F000479122C33D9122424222D4BC3E9ED
:10354800002404B010BD0479242C29D92424F4E7DC
:10355800B0F807305BBA9BB25C02002BEDD10024B7
:103568002122EBE7B0F8074002A90120FFF738FE57
:10357800032003A9FFF734FEDDE9022302FB03F36E
:1035880064BAA4B264029C4226D34CB32622D5E77F
:10359800B0F8074064BAA4B2142C01D91424CCE7BB
:1035A800002C0CBF21222422124BC3E9002404B0B2
:1035B80010BD5A2B14D1B0F80740807801A900F04B
:1035C8003F00FFF753FE64BA019BA4B29C42E7D9BF
:1035D800002BB2D01C46B0E7002CC0D02522ADE7A6
:1035E80000242622AAE70824A7E700BFD85C002009
:1035F800D44C0020DC5C00202DE9F0477D4C1546BA
:10360800206004781E462A2C00F28D80112C3BD9AC
:103618004FF0010CA4F11203774ADBB20CFA03F362
:103628001A40F2B91E2C5BD02A2C35D00022032177
:10363800724B73481A70734B04681F6800227248F3
:10364800724B0185D96B9B6BC1638363846007618F
:1036580080F824602B46BDE8F04711461847032C34
:10366800E4D1DFF8988198F80070002F4AD0DFF88D
:1036780094A10129DAF8007058D00023604A01218A
:10368800146888F80030D9E7002CE8D15C4A5D4B13
:10369800002114681F68D1E7DFF8608198F80030CE
:1036A80023BB5B4B5F68002FF0D0D0F80230594A3B
:1036B8001BBA1360534BB7F5805F1F60504A5649D9
:1036C80088BF4FF4805711604FF0000288BF1F6019
:1036D800524B02211A6001234F4C88F80030ADE7A5
:1036E800474A484B614614681F68A7E7DFF81491FA
:1036F8000329D9F8007032D0414B61461C6888F81C
:1037080000209BE7424B5B68002BBFD0FFF7FCFD16
:10371800012388F800303A4B404A1C68394B17603F
:1037280002211F688AE75A2C80D19AE73B48384B18
:103738005A6803683B44B2EB030903603DD138483B
:1037480003689A424ED05A2C41D0232C3FD09B1A62
:103758000360002388F80030294B1C686EE72E4B65
:10376800274C4FEA572A2360C7F308030BB10AF125
:10377800010A284F5FFA8AF239682748FFF7FAFCEE
:103788003A682648224B524459683A600368D9F887
:1037980000703B440360CB1A04D09F421CD802211E
:1037A80024684BE71E4A88F8003013682468581AC2
:1037B800C91A18BF0121106040E7FFF7A5FDDAF824
:1037C80000700F4B4F450FD802211C6836E79A420C
:1037D80034BF00210121BAE71F4602212468C9F835
:1037E80000302BE74946B2E74F4602211C68CAF869
:1037F800009023E7D44C002001004A00D85C002048
:10380800B04C0020B44C0020684C0020EC5C002038
:10381800DC5C0020D04C0020D84C0020AC4C0020B0
:10382800E45C00204FF48052002108B5044818F0E9
:1038380033F900230349044A0B60136008BD00BF35
:10384800D84C0020D44C0020D04C002010B50446A1
:103858000A20214606F02CFB014B228D1A8010BD50
:10386800E85C002070B5124B124C1B680D26A36053
:10387800114B21735B68114963600346104A21604C
:103888001049114D516093F824109C606C5C1E61C6
:103898005C8454849C681B6910461361946082F8A8
:1038A80024100AF05BFD0322084B1A7070BD00BF9C
:1038B800E45C0020305D0020405D002055534253F9
:1038C800EC5C002055380000C08E0020EA5C002027
:1038D80038B5154B15491B684FF0010C8B60144B1C
:1038E8000D255B6881F80CC04B6003461148996050
:1038F8000860114C93F82410104A14F801C01D6197
:10390800A3F822C00E48A2F822C09C681B69506028
:1039180010461361946082F824100AF01FFD0322F8
:10392800084B1A7038BD00BFE45C0020305D0020F1
:10393800405D002055534253C08E0020EC5C0020AF
:1039480055380000EA5C002038B5154B15491B684E
:103958004FF0020C8B60144B0D255B6881F80CC08E
:103968004B600346114899600860114C93F8241085
:10397800104A14F801C01D61A3F822C00E48A2F82D
:1039880022C09C681B69506010461361946082F8DD
:1039980024100AF0E3FC0322084B1A7038BD00BF5C
:1039A800E45C0020305D0020405D00205553425308
:1039B800C08E0020EC5C002055380000EA5C002036
:1039C80038B5154B15491B684FF0000C8B60144B2C
:1039D8000D255B6881F80CC04B600346114899605F
:1039E8000860114C93F82410104A14F801C01D61A6
:1039F800A3F822C00E48A2F822C09C681B69506038
:103A080010461361946082F824100AF0A7FC032280
:103A1800084B1A7038BD00BFE45C0020305D002000
:103A2800405D002055534253C08E0020EC5C0020BE
:103A380055380000EA5C002010B4038D042B3ED8F2
:103A4800DFE803F038290F3D0300234C90F82410D9
:103A58000346615C4FF4B270204A5DF8044B0AF0EB
:103A6800C3BC1F4B1B78012B31D0022B27D190F8F8
:103A780024201C49895C1C4B4184598484681B4957
:103A880000699C60186183F82420596018465DF825
:103A9800044B0AF063BC164B1B689BB10E4C90F8A4
:103AA80024100346615C4FF4B270124A5DF8044B6F
:103AB8000AF09ABC00215DF8044BFFF7D3BE5DF80D
:103AC800044B704701215DF8044BFFF7CBBE90F81B
:103AD80024200149CEE700BFC08E0020C93900006C
:103AE800EA5C0020BC8E0020EC5C00205538000009
:103AF800E45C0020D938000070B500241F210D4B6C
:103B080001611C60034690F824100B4D0B4E0C4AC3
:103B18008660685C5884508418699D68094B1061F8
:103B280010465360956082F824100AF017FC064B83
:103B38001C7070BDE45C0020BC8E0020405D00203D
:103B4800EC5C002055380000EA5C002070B550EAB3
:103B580002051C4622D12946184605F053FE1F23AC
:103B6800114A236194F824301048D25C104E6284C4
:103B7800A6604284A2680F498260226980F82430D6
:103B88000D4B0D60436002610AF0E8FB0B4B2146C8
:103B98001D702846BDE870400AF0C6B81846BDE852
:103BA800704005F035BA00BFBC8E0020EC5C0020E8
:103BB800405D0020E45C002055380000EA5C0020ED
:103BC800002130B583B004461D468DF8071010B9A2
:103BD800012A104604D0284605F01AFA03B030BD71
:103BE8001A460DF107010AF031F8294620460AF075
:103BF8009BF803B030BD00BF38B50024094B0A4D0F
:103C08004022214609481C802C7017F045FF084BBC
:103C1800084A0949C3E90044C3E90244C2E9004427
:103C28000C6038BDE85C0020EA5C0020405D0020A4
:103C3800305D0020DC5C0020E45C00202DE9F04FC2
:103C4800AD4C93B02378002B00F0A980AB4CAC4D61
:103C5800AC4FDFF8D892DFF8D8A2AB4EDFF8C882B5
:103C68004FF47A7269460A2006F004F90028F7D161
:103C78002378032BF4D8DFE803F0312D21022B88B9
:103C8800012BEDD11F224FF0000BA04B3046736083
:103C9800009BC9F800B093F824101A611AF80120A3
:103CA8009F605A8472849A681B69B26086F82410EF
:103CB80033610AF053FB84F800B0D1E72988CB1EA2
:103CC800022BCDD8009B424693F824309048FFF74A
:103CD80093FCC5E729880129C2D1F3E72B88032B78
:103CE800BED18C4B3A68387B9A4214BF0422FF221B
:103CF800009B10F07F0F93F824B07B7BB97B18BF33
:103D08000522102B28BF05221F298DF828B00AD9B3
:103D18009DF82830804A4FF4B270D15C7F4A01ABDD
:103D28000AF062FB9CE71B07F2D101F01F010C2986
:103D3800EED8FF2A14D0052AEAD0BB68C9F80030AB
:103D480043B3030648BF744B4FF4B2704CBF13F82B
:103D58000B101AF80B10714A01AB0AF045FB7FE70C
:103D6800BB686B48C9F80030FFF7BEFB6C4B1B689B
:103D7800213B052BCCD801A252F823F0DB3D0000F3
:103D8800193D0000193D0000A53E0000A93E0000B5
:103D9800B53D0000012101A8FFF764FD60E7FFF7CA
:103DA8002BFFFFF73FFD012323704FE7D9F80030C1
:103DB800002BEFD097F90C30002BA9DB9DF82830A9
:103DC8004FF4B2701AF80310544A01AB0AF00CFB16
:103DD80046E710235249D9F800204968002A40F0E4
:103DE800828043F00103113B222B49D801A050F8EF
:103DF80023F000BFEB3E0000193D0000C53D000068
:103E0800893E0000893E0000893E0000893E00008E
:103E1800893E0000893E0000893E0000893E00007E
:103E2800893E0000893E0000893E0000893E00006E
:103E3800893E0000AD3E0000E33E0000893E0000E0
:103E4800893E0000893E0000893E0000893E00004E
:103E5800893E0000893E0000893E0000893E00003E
:103E6800893E0000893E0000893E0000893E00002E
:103E7800893E0000AD3E0000AD3E0000C93E000096
:103E88000023C9F800309DF828304FF4B2701AF8B2
:103E98000310244A01AB0AF0A7FAE1E6202399E7C8
:103EA800302397E700231C4AC9F800309DF82830D2
:103EB8004FF4B270D15C1B4A01AB0AF095FACFE619
:103EC8009142FFF47BAFDBD102232370164A5B4695
:103ED80029880F48FFF790FBC2E69142E2D80123F8
:103EE800F3E70323F1E797F90C000028B4BF43F088
:103EF800020343F0030376E7D95C0020EA5C002064
:103F0800E85C0020405D0020EC5C00205538000093
:103F18004F5D002055534243C08E0020D938000021
:103F2800DC5C002051390000413A0000E45C0020CC
:103F3800BC8E002000B590F824308BB0C9B253B1C4
:103F48008DF804308DF80510032001A905F07CFCDC
:103F58000BB05DF804FB054A8DF80430D3688DF882
:103F68000510002BF0D01B6A0793EDE7E8950020B9
:103F780038B500240546A1B22846013401F0C6FD33
:103F8800042CF8D138BD00BF70B582B00DF106021F
:103F980004460D4601F07EFDFF2812D00B4E4FF06F
:103FA800FF31306815F024FB29462046084A01F005
:103FB800B9FC002330681A46194615F0DFF802B03C
:103FC80070BD94F8240007F047FBE7E7287C002041
:103FD8003D3F000008B5064B01464422184617F03D
:103FE800AFFDBDE808400146072005F061BF00BFEE
:103FF800946F002008B5064B01464422184617F076
:104008009FFDBDE808400146062005F051BF00BFEE
:10401800D86F00202DE9F04390F8243083B0002AAF
:1040280000F081804FF480784A4D02F5407297B2D3
:1040380005EB0322D47892784FEA032E42EA042251
:104048004FF4D069444C03EB830324F8139004EB3A
:1040580043034FF0000CFF269A80A3F806805F8088
:10406800198101E04FEA032EAE440EF80C6090F877
:1040780024300CF1010C03EB830204EB4202D188DB
:104088001FFA8CF29142EDD8344A05EB032503EB75
:10409800031302EB83039D6090F82430304903EB4F
:1040A800031302EB8303596090F8243003EB0311E8
:1040B80003EB830304EB4303DD8802EB8103002158
:1040C8001D61802590F8243003EB031302EB830372
:1040D800598490F8243003EB031103EB830304EBBA
:1040E800430402EB81035C6190F8243003EB031373
:1040F80002EB830383F8375090F8241001EB011387
:1041080002EB830383F82410016C196490F82400EF
:1041180000EB001002EB800006F044FB58B1FF20D2
:1041280003B0BDE8F0834FF004084FF44077094D21
:104138004FEA032E84E740F6B832072001A905F0BC
:1041480099FE0028EBD1019B188D0028E7D103B018
:10415800BDE8F083A85D0020985D0020A85E0020DF
:10416800DD3F000070B5054690F824000C468AB083
:1041780080BB8C461B4BDE680CF0F001A1F11001EE
:10418800B1FA81F10022184B49090CF00F0CB3F871
:1041980004E0E64513D00132042A03F10603F6D100
:1041A8008DF804008DF805401EB1D6E90823079262
:1041B8000993062001A905F047FB0AB070BD93F8E2
:1041C80002E08E45E7D1284691B201F09FFC95F8B0
:1041D8002400E5E701280DBF00268C46002641F0A3
:1041E800100CC9E7E8950020386F00202DE9F04150
:1041F8000C464FF0000C90F824300968244EDFF884
:10420800A08046F823106168224A48F82310A16864
:10421800DFF890E042F82310A1691F4F098805468E
:104228002EF81310E169098827F81310E368A3F83A
:1042380000C090F8240052F820305A79082A07D193
:104248009A7916490A54511F012906D9022A04D01D
:10425800FF22E3681A80BDE8F081DA79502AF7D1A5
:104268001B79012BF4D937F8107056F8203000224A
:1042780039462846DE7BFFF7CDFE0028E8D13246D6
:1042880039462846FFF7C6FE0028E4D0E0E700BF1D
:10429800F85E0020F05E0020EC5E0020FC5E00204E
:1042A800F45E0020A45D00202DE9F047BDF824C08D
:1042B80090F824A0DFF808927F4C0CEB8A0A59F892
:1042C8002A9004EB4A2ACAF8049090F82490089D92
:1042D8000CEB890904EB492989F808502F0C4FEA9F
:1042E800156E4FEA152890F8245000260CEB85052A
:1042F80004EB452585F8098090F8245028290CEB13
:10430800850504EB4525AF7290F824500CEB850524
:1043180004EB452585F80BE090F824500CEB850557
:1043280004EB45252F7B27F080072F7390F8245046
:104338000CEB850504EB45252F7B27F07F072F73B2
:1043480090F824500CEB850504EB45256F7B27F08E
:104358000F076F7390F824500CEB850504EB452587
:104368006F7B27F0F0076F7390F824500CEB8505EE
:1043780004EB4525AF7B27F01F07AF7390F824E0C7
:104388004FEA12670CEB8E0E04EB4E2E9EF80E5081
:1043980025F0E0058EF80E5090F824500CEB8505BA
:1043A80004EB4525E97390F824500CEB850504EBE4
:1043B80045252E7490F824500CEB850504EB452513
:1043C8006F7490F824504FEA12470CEB850504EB04
:1043D8004525AF7490F824504FEA12270CEB850559
:1043E80004EB4525EF7490F824500CEB850504EB9D
:1043F80045252A7590F824204FEA13250CEB8202F4
:1044080004EB4222567590F824200CEB820204EB50
:104418004222957590F824200CEB820204EB42228C
:10442800D37590F824300CEB830304EB43231E76FA
:104438002BD02A2913D090F82420204B910003EB8D
:10444800820313F80C30052B07D10C20614404EBD0
:1044580041239A7B60F304029A73BDE8F0870A212E
:1044680090F824300CEB830304EB43231A7B66F3A8
:10447800C7121A7390F824300CEB830304EB432320
:104488009A7B61F304029A73D5E70A2190F82430E5
:104498000CEB830304EB43231A7B42F080021A736C
:1044A80090F824300CEB830304EB43239A7B61F3ED
:1044B80004029A73BFE700BF18670020005F00205E
:1044C800045F00202DE9F04190F82450644E654CBB
:1044D80003EB850556F8256004EB45256E6090F8DA
:1044E8002450160A03EB850504EB45252A7290F83B
:1044F800245001F1FF3C03EB850504EB45256E7262
:1045080090F82450160C03EB850504EB4525AE7294
:1045180090F82450120E03EB850504EB4525EA724A
:1045280090F8242001F10B0803EB820204EB4222ED
:10453800157BC1F1010725F08005157390F824203B
:104548005E0203EB820204EB4222157B25F07F0515
:10455800157390F8242003EB820204EB4222557B6A
:1045680025F00F05557390F8242003EB820204EB25
:104578004222557B25F0F005557390F8242003EB73
:10458800820204EB4222957B25F0E005957390F8B2
:10459800242007EB0C0506EBC2221CF801EF22448D
:1045A8002A44E04582F80FE0F1D1097890F82420F8
:1045B80025293CD8252929D8DFE801F01D2828130A
:1045C8002828282828282828282828282828132878
:1045D800282828282828281D28281D282828283B56
:1045E800283B03EB820204EB4222117B41F080015D
:1045F800117390F82420062503EB820204EB422273
:10460800917B65F30401917390F82420164990007A
:1046180001EB8202D25C052A07D10C22184404EB74
:104628004024A37B62F30403A373BDE8F0815A29F5
:10463800ECD10A2503EB820204EB4222117B41F004
:104648008001117390F8242003EB820204EB4222CC
:10465800917B65F30401917390F82420D6E700BF9D
:10466800045F002018670020005F00202DE9F04F4C
:104678000E4649788BB00429BDF8507090F824C0D4
:104688005FD14FF6FF70DFF8F0A0DFF8F0B002EB73
:104698008C0134782AF811002BF8110031784FEA90
:1046A8008C05781AA04204954BDD1501314805F1B7
:1046B800080E704409902F48DFF8C4902818089015
:1046C80002EB42004FF00008CDE905C209EB4009B2
:1046D800079305E02B7823449CB27B1A9C4230DA7E
:1046E80035196B78052BF5D1EB7803F00303022B12
:1046F800F0D1B9F8041099F80200039103F094FF7F
:1047080095F902300399002B1FDB099B0F22CDE995
:1047180000530598079B07F00DFE4FF6FF72049BA8
:1047280006990B442AF813003BF8133093421FD123
:1047380008F101081FFA88F8B8F1010F01D831789B
:10474800C8E7FF200BB0BDE8F08F089B0F22CDE92A
:1047580000530598079B07F0EDFD4FF6FF72049B89
:1047680006990B442BF813003AF813309342DFD024
:104778000020E7E7506F0020306F0020286F0020EE
:10478800386F0020082210B50A490B4C8AB0CDE9D1
:1047980002410A4C0A490B4BCDE904410A4C6946CF
:1047A800CDE906430893ADF8062006F069FD0AB086
:1047B80010BD00BF793F00007CF80100F541000002
:1047C800913F0000E1A500006D41000010B5074BC6
:1047D80000EB400003EB400398789B8881F82400A5
:1047E8004B840C4603F020FF206410BD386F002076
:1047F800704700BF000000002DE9F04700254FF08A
:10480800010A2B469FED247B254EDFF8A480254F17
:1048180006EB001608EBC0214FEA800981ED007B0A
:1048280009EB05028B6008EB422292F80CE092F843
:104838000DC0947B013563F3C71E63F3030C63F368
:10484800040463F3060E63F3071C63F34714042D93
:1048580027F8063B46F804AB82F80CE082F80DC056
:104868009473C1F80F30C1F81330C1F81730C1F88C
:104878001B3001F50071D1D14FF0FF330A4A0B49C3
:1048880002EBC00401EBC00541F8303042F830308B
:104898006B606360BDE8F087555342430100000038
:1048A800045F0020386F0020286F0020306F002040
:1048B80018670020F0B504464FF6A1604FF0000CD1
:1048C800314E324D306094F82400012700EB00107F
:1048D80005EB8000A0F822C094F82400318100EB99
:1048E800001005EB800082604FF4803280217260F6
:1048F80094F8242083B002EB021205EB82021761C0
:1049080094F8242002EB021205EB8202566194F817
:10491800242002EB021205EB8202536094F8243043
:1049280003EB031305EB830383F8371094F8242073
:1049380002EB021305EB830383F82420226C1A642C
:1049480002E0012004F084F994F8240000EB001040
:1049580005EB800005F026FFD528F2D040F6B832E6
:10496800062001A905F086FA60B9019B1A8D062A6E
:1049780008D0092A02D02AB903B0F0BD0146204662
:1049880006F038FCFF20F7E78C5D0020A85E0020C9
:104998004FF62163F0B50027304E314D318180212B
:1049A800336090F82430044603EB031305EB8303CC
:1049B8005F8490F8243083B003EB031305EB830383
:1049C8009F6090F82430776003EB031305EB8303B3
:1049D8001F6190F8243003EB031305EB83035E613A
:1049E80090F8243003EB031305EB83035A6090F827
:1049F800243003EB031305EB830383F8371090F897
:104A0800242002EB021305EB830383F82420026CB5
:104A18001A6402E0012004F01BF994F8240000EB6A
:104A2800001005EB800006F007FED528F2D040F60E
:104A3800B832062001A905F01DFA60B9019B1A8D4C
:104A4800062A08D0092A02D02AB903B0F0BD0146C7
:104A5800204606F0CFFBFF20F7E700BF805D00206F
:104A6800A85E00202DE9F04F0D464FF0040A0446D9
:104A78004FF00D0890F824109C4801EB011305EB4A
:104A880081019B4E30F811104FF0000B05EB05101B
:104A980003FA0AF303EB80033344598494F824306F
:104AA8004FF0800E1AFB035C03EB0313DFF86C92E4
:104AB80003FA0AF303EB8003334409EB4C2CC3F8E5
:104AC80008C094F824308B4F03EB031303FA0AF35E
:104AD80003EB80033344C3F8108094F824304FEA82
:104AE800800803EB031303FA0AF303EB8003334450
:104AF8005F6094F82430804A03EB031303FA0AF347
:104B080003EB80033344C3F814B094F8243085B021
:104B180003EB031303FA0AF303EB8003334483F82C
:104B280037E094F824C002EB05120CEB0C1303FADF
:104B38000AF303EB8003334483F824C0206C01910B
:104B4800186494F8240006F009FC019F20463946B1
:104B580007F004FD40F20B2094F82430DFF8C0B1D0
:104B680005EB83033BF8133040F20A2213F0400FA1
:104B780008BF02463B462046604906F009FC94F807
:104B8800240000EB001008EB0010304406F054FD40
:104B9800E0B940F6B832062003A905F06BF9002801
:104BA80055D1039B1A8D062A22854BD013D9092A81
:104BB80009D194F82430204605EB83054B4B33F894
:104BC800151006F017FB4FF6FB7001E04FF6F97071
:104BD80005B0BDE8F08F033A012AF4D801992046C0
:104BE80094F8247002F00CFB94F8242044491AFB32
:104BF8000253DFF830C105EB87075B02CB582BF86F
:104C080017005CF822003F4E1B1A236105EB820354
:104C1800580259F8007009EB4323B742D3D1014435
:104C280051F8041C58688842CDD1187B0028CFD091
:104C38000228C8D1344B33F8121001290AD04FF694
:104C4800FA70C5E74FF6FF7005B0BDE8F08FFF2397
:104C58002385B8E7002123F812102C4B05EB4502F9
:104C680003EB42039988234A2046FFF791FE94F804
:104C78002430274905EB83032046264A31F81310D0
:104C880005F062FF0646C0B1002094F82430174AA8
:104C980005EB830332F813101F4A22F8130020464D
:104CA8001C4A05F051FF064698B1002294F82430BA
:104CB80005EB83032BF81320C1E70146204604F0D7
:104CC800A7FD334640F20B2220460C4906F060FB54
:104CD800DAE70146204604F09BFD334640F20B22FA
:104CE8002046064906F054FBDFE700BF286F002086
:104CF8002C700020FD3F0000506F0020E1A500004F
:104D080020670020555342531C700020386F002044
:104D1800306F002021DC0000206F0020145F00208D
:104D2800186F0020906F00202DE9F04FCD4A90F8C1
:104D38002430CD49478C52F8232089B0DFF854E35A
:104D480051F82310029203EB031207EB830301913E
:104D58005EF823104FF01F0A0131012938BF0121E5
:104D6800DFF834B3C14E07EB071512013BF8138087
:104D780002EB85023244A2F8228090F824204EF8F3
:104D8800231002EB0213DFF814C31B0103EB8503A6
:104D980007EB82020CEB422233449A6090F82430ED
:104DA8004FF0000903EB03131B0103EB85033344A6
:104DB800C3F810A090F82430AD4A03EB03131B018D
:104DC80003EB850333445A606FF07F0290F8243078
:104DD800044603EB03131B0103EB85033344C3F8B9
:104DE800149090F82430390103EB03131B0103EBF3
:104DF8008503334483F8372090F8242001F108090B
:104E080002EB02131B0103EB8503334483F82420D0
:104E1800026C03911A6490F82430C26B03EB0313FD
:104E28001B0103EB85033344DA6390F82430826B6B
:104E380003EB03131B0103EB850333449A638D4B88
:104E480041464B4440F20B291A46049390F824003B
:104E580006F084FA4146204607F080FB94F8243097
:104E6800DFF83CA207EB83033AF8133040F20A223A
:104E780013F0400F08BF4A46434620467E4906F0D5
:104E880087FA94F82400AD0000EB001005EB001041
:104E9800304406F0D1FB002875D140F6B832062020
:104EA80007A904F0E7FF002840F0B580079A0590AD
:104EB800128D062A22856CD0092A00F0A280012AC8
:104EC80040F099804146204694F8248002F098F9F1
:104ED80040F2025C694A94F8241007EB880832F81B
:104EE8001120059B62452AF8180000F0DB8040F28B
:104EF8000350824200F07A8139462046FFF7B2FD1E
:104F08004FF6FB739842054600F0A6804FF6FF73F4
:104F1800984200F08380022837D1594B07EB4702AB
:104F280003EB42039988524A2046FFF731FD94F873
:104F38002430204607EB8303524A3BF8131005F050
:104F480003FE0646002800F02C82002294F8243044
:104F5800204607EB83032AF813204B4A32F8131034
:104F6800484A05F0F1FD0646002800F00E820022AE
:104F7800284694F82410454B07EB810723F817209F
:104F880009B0BDE8F08F4FF6F975284609B0BDE8BD
:104F9800F08F3B4B07EB470103EB41039988344AF9
:104FA8002046FFF7F5FC94F82430204607EB8303EE
:104FB800344A3BF8131005F0C7FD0546002800F0F9
:104FC800A981002594F824302F4A07EB830332F88F
:104FD800131020462B4A2AF8135005F0B5FD054654
:104FE800002800F08B81002194F82430274A07EB31
:104FF800830322F813104FF6FE75284609B0BDE862
:10500800F08F94F82430204607EB83033BF8131005
:1050180006F0F0F8EFE7FF232385ECE701260020F0
:1050280094F824201A4D07EB820325F812601649DC
:10503800164A31F8131022F813002046114A05F0D9
:1050480083FD0546002800F094813946204609B0C2
:10505800BDE8F04FFFF706BDC82003F0F9FD4FF695
:10506800FB7592E728700020247000203C71002016
:10507800FD3F0000506F0020E1A5000020700020D7
:10508800386F002021DC0000286F0020186F0020F6
:105098001C700020045F0020306F0020186700207B
:1050A800206F0020039AD04801EB011C024407EB53
:1050B8008100CE49CE4E31F8108005EB0C113144F9
:1050C800A1F8228094F82410019801EB011105EB56
:1050D80001113144886094F82410029801EB011101
:1050E80005EB01113144086194F82410C14801EB23
:1050F800011105EB01113144486094F8241001EBCB
:10510800011105EB011131444B616FF07F0194F8F7
:10511800243003EB031305EB0313334483F83710F0
:1051280094F82400414600EB001305EB03133344C5
:1051380083F82400206C186494F82430E06B03EBA7
:10514800031305EB03133344D86394F82430A06B9E
:1051580003EB031305EB03133344986394F824001B
:1051680006F0FCF84146204607F0F8F994F8243098
:10517800A14A07EB830332F81330204613F0400F9F
:1051880040F20A230CBF4A461A469C49434606F099
:10519800FFF894F8240000EB001005EB00103044F1
:1051A80006F04AFA002840F0DF8040F6B8320620C0
:1051B80007A904F05FFE002840F0D480079B1A8DF1
:1051C800062A228500F0B18000F2F780033A012A0E
:1051D80000F2CA804146204694F8245002F010F8A4
:1051E800854B07EB850523F8150085E607EB81005D
:1051F80001EB01113BF8108005EB01113144A1F8D6
:10520800228094F82410019801EB011105EB01119B
:105218003144886094F82410029801EB011105EBE1
:1052280001113144086194F82410724801EB01110E
:1052380005EB01113144486094F82410049A01EBFD
:10524800011105EB011131444B616FF07F0194F8B6
:10525800243003EB031305EB0313334483F83710AF
:1052680094F82400414600EB001305EB0313334484
:1052780083F82400206C186494F8240006F06EF873
:105288004146204607F06AF994F82430204607EB97
:1052980083033AF81330594913F0400F40F20A23B8
:1052A8000CBF4A461A46434606F072F894F8243072
:1052B80003EB031305EB0310304406F0BDF9002897
:1052C80052D140F6B832062007A904F0D3FD0028D1
:1052D80048D1079B1A8D062A228500F09380092A57
:1052E80078D0012A40D14146204694F8245001F054
:1052F80087FF07EB85052AF81500FDE501462046DE
:1053080004F086FA2B4640F20B2220463B4906F071
:105318003FF868E60146204604F07AFA2B464A46EA
:105328002046364906F034F84BE694F82430324AE1
:1053380007EB830322F813002C4A204632F8131097
:105348002F4A05F001FC00287FF4D6AD2046002145
:1053580004F05EFA002340F20B222046274906F0AB
:1053680017F8C9E5FF23238539462046FFF77AFB5E
:1053780075E60146204604F04BFA2B4640F20B2214
:1053880020461E4906F004F85FE60146204604F070
:105398003FFA334640F20B222046184905F0F8FF41
:1053A800E5E50146204604F033FA334640F20B2285
:1053B8002046124905F0ECFFC7E5092AD4D194F834
:1053C80024300A4907EB8303204631F8131005F00F
:1053D80011FFC9E794F82430204607EB83033BF814
:1053E800131005F007FFBFE7506F0020286F00205B
:1053F8002C700020FD3F0000186F0020E1A5000080
:1054080021DC000094F824300C4A07EB83032AF8C7
:1054180013003BF81310204605F096FB05460028BC
:10542800A2D10146204604F0F3F92B4640F20B22A4
:105438002046034905F0ACFF96E700BF21DC0000D9
:10544800E1A5000030B50D460446002285B02B4684
:1054580001A9CDE902220192FFF734F840F2015187
:105468002046054B94F82420658423F8121005B0D3
:10547800BDE83040FFF758BC20700020F0B51C464E
:105488000D4616462246044683B0099FBDF82030D3
:105498002A2100970195FEF707FF94F82430094860
:1054A80040F2035140F823702046DFF820C0064A36
:1054B8004CF82360658422F8131003B0BDE8F0406F
:1054C800FFF732BC287000202070002024700020D4
:1054D800F0B51C460D4616462246044683B0099F81
:1054E800BDF82030282100970195FEF7DDFE94F8DD
:1054F8002430094840F2025140F823702046DFF872
:1055080020C0064A4CF82360658422F8131003B0C3
:10551800BDE8F040FFF708BC28700020207000208C
:1055280024700020F0B5002325270D46044685B0D9
:1055380001938DF8047008271646CDE9023301A9B6
:105548002B460822FEF7BEFF94F82430094840F2A3
:10555800025140F823702046DFF820C0064A4CF874
:105568002360658422F8131005B0BDE8F040FFF70A
:10557800DBBB00BF287000202070002024700020B2
:10558800F0B500230D46202604464FF0230C85B0C5
:10559800CDE90233019317462B46324601A98DF80F
:1055A80004C08DF80C60FEF78DFF94F8243009488C
:1055B80040F2025140F823602046DFF820C0064A36
:1055C8004CF82370658422F8131005B0BDE8F0404C
:1055D800FFF7AABB2870002020700020247000204C
:1055E800F0B500230D46122604464FF0030C85B093
:1055F800CDE90233019317462B46324601A98DF8AF
:1056080004C08DF80860FEF75DFF94F8243009485F
:1056180040F2025140F823602046DFF820C0064AD5
:105628004CF82370658422F8131005B0BDE8F040EB
:10563800FFF77ABB2870002020700020247000201B
:10564800F0B500230D46242604464FF0120C85B011
:10565800CDE90233019317462B46324601A98DF84E
:1056680004C08DF80860FEF72DFF94F8243009482F
:1056780040F2025140F823602046DFF820C0064A75
:105688004CF82370658422F8131005B0BDE8F0408B
:10569800FFF74ABB287000202070002024700020EB
:1056A80030B500230D4604464FF01E0C127885B025
:1056B800CDE90233019301A98DF808201A462B463B
:1056C8008DF804C0FEF7FEFE40F201512046054B5E
:1056D80094F82420658423F8121005B0BDE8304002
:1056E800FFF722BB207000202DE9F0415A24002347
:1056F80084B0ADF80440147816461C2C05460F46B5
:105708008DF80F30CDF80730CDF80B308DF8064006
:1057180017D894B1013C1B2C0FD8DFE804F0310EE8
:105728000E0E0E0E0E310E0E0E0E0E0E0E0E0E0E6E
:105738000E0E0E0E0E0E0E0E3135EF2004B0BDE823
:10574800F0812C2CF9D1A0463B464246284601A9B7
:105758008DF80C40FEF7B6FE95F824300C4840F260
:10576800025140F8238028460A4C0B4A44F823602B
:105778006F8422F8131004B0BDE8F041FFF7D4BAE3
:105788004FF014084446DFE74FF010084446DBE7C3
:1057980028700020247000202070002041F2550C51
:1057A8000023F0B585B0ADF804C092F808C01546DE
:1057B8000CF03F0C0CF1FF3C04460E46ADF80E30E1
:1057C800CDF80630CDF80A30BCF11B0F0FD8DFE852
:1057D8000CF0110E0E0E0E0E0E110E0E0E0E0E0EFB
:1057E8000E0E0E0E0E0E0E0E0E0E0E0E1130EF20B9
:1057F80005B0F0BD14273B463A4620468DF80C30DC
:1058080001A93346FEF75EFE94F824300A4840F2B8
:10581800035140F823702046DFF824C0074A4CF8AB
:105828002350668422F8131005B0BDE8F040FFF756
:105838007BBA10273B46DFE7287000202070002045
:1058480024700020024B00EB400033F81000704732
:10585800386F002010B4124C002322468446118869
:10586800063231B10133042BF9D1FF205DF8044B26
:10587800704703EB430298B20CF0F003A3F1100356
:10588800B3FA83F304EB42015B098B7001230CF03C
:105898000F0CA1F804C024F812305DF8044B7047CF
:1058A800386F002004280ED8002210B4074C00EBF3
:1058B800400004EB40014300E2528A708A8010469F
:1058C8005DF8044B7047FF20704700BF386F002019
:1058D80000F0F00CACF1100CBCFA8CFC00230A4A66
:1058E8004FEA5C1C00F00F009188814206D001331A
:1058F800042B02F10602F7D1FF2070479178614529
:10590800F5D198B2704700BF386F00204FF6FB738F
:105918009A4201D010467047014AFFF761BE00BFA6
:105928004C7200202DE9F04F90F82430DFF85CA18C
:10593800012BDFF85CB1044685B014BF084641F07E
:1059480010000D464BF823202AF81310FFF7C0FF6C
:10595800FF2806461BD094F82420494F29462046A4
:10596800484B07EB4222FEF7A5FFFF280FD0642023
:1059780003F06EF994F824203146204607EB4222C2
:10598800FFF75EFE78B14FF6FB73984204D0FF2212
:10599800104605B0BDE8F08F314620463A4AFFF779
:1059A8001FFE0028F3D194F824203146204607EB47
:1059B8004222FFF7E5FD50B14FF6FB739842E6D15E
:1059C80031462046304AFFF70BFE0028DFD194F815
:1059D80024203146204607EB4222FFF7A3FD054667
:1059E80040B34FF6FB739842D1D131462046264A40
:1059F800FFF7F6FD0028CAD131462046DFF8888037
:105A0800FFF720FD70B1A842C1D142463146204679
:105A1800FFF7E6FD0028BAD131462046FFF712FD10
:105A28000028F0D194F824203146204607EB422282
:105A3800FFF778FD0A254FF400794FF0010894F834
:105A48002420002307EB422231462046CDE9008975
:105A5800FFF73EFD013D0246ADB210B1002DEED17B
:105A680095E794F8243020463AF813105BF8234061
:105A78000392A047039A104605B0BDE8F08F00BF17
:105A880058740020FD3F00004C7200205074002024
:105A98005474002030B5044694F824300846012B8D
:105AA80008BF41F0100083B01546FFF7D3FEFF286A
:105AB80028801DD094F824200F49104B03EB820353
:105AC8008A5C0F491A5494F824C020460D4C0E4B9A
:105AD80054F82C4033F81C30A4782A8851F82C103C
:105AE8000094FEF7C3FDFF2802D0002003B030BDAC
:105AF800FF2003B030BD00BFFC5E0020005F002027
:105B0800F05E0020F45E0020A45D00200346F0B59E
:105B18004FF6FF7E4FF0000C93F824200F4F01EB57
:105B2800820227F812E093F824200D4E01EB82023E
:105B380026F812E093F824200A4D01EB820225F89A
:105B480012C093F82430084C01EB830324F813C0E7
:105B58000846BDE8F040FFF7A5BE00BF306F002043
:105B6800286F0020206F0020186F0020F8B5064627
:105B780008460C4615461F46FFF764FE01283FD12C
:105B8800252D16D8252D3ED8DFE805F09B3D3D8A0A
:105B98003A3D3D3D3D3D3D3D3D3D3D3D3D3D793DF4
:105BA8003D3D3D3D3D3D3D3D3D3D683D3D3D3D57D8
:105BB8003D3F552D00F095805A2D24D140F20560C7
:105BC80096F824304F49504D21F8130006993A466B
:105BD80045F8231030462146FFF786FD00224B4941
:105BE80004EB440301EB43018988044696F824300A
:105BF800304655F823309847F48414B1EF2C02D07E
:105C0800FF242046F8BDEF24FBE740F2056096F834
:105C180024303C493C4D21F8130006993A4645F892
:105C2800231030462146FFF77DFC384B04EB440433
:105C380003EB440300229988D7E740F2056096F801
:105C480024303049304D21F8130006993A4645F87A
:105C5800231030462146FFF793FCE6E740F2056043
:105C680096F824302749284D21F8130006993A461A
:105C780045F8231030462146FFF712FDD5E740F2DC
:105C8800056096F824301F491F4D21F81300069926
:105C98003A4645F8231030462146FFF7D1FCC4E7C1
:105CA80040F2056096F824301649174D21F8130084
:105CB80006993A4645F8231030462146FFF790FCEE
:105CC800B3E740F2056796F8243006990E4D0D4A61
:105CD80045F823103046214622F81370FFF7B2FB2F
:105CE800A3E740F2056096F824300649064D21F8EE
:105CF800130006993A4645F8231030462146FFF727
:105D08004DFD92E75876002054740020386F00202B
:105D180070B5002504460A4E0A4B4FF40072294616
:105D280006EB402023F8145015F0B6FE0649074A42
:105D3800074B41F8245022F8145023F8145070BD32
:105D480058740020587600205474002050740020A5
:105D58004C74002050B32DE9F0410F4696B0F1B1D4
:105D68000446007801281AD81D46C3B1052B1AD855
:105D780016468DF8380002F057FC236A15901493E4
:105D8800E3692A462046657003A913930AF0CCFB01
:105D98009DF80E30032B0BD040F2DC5000E00120C0
:105DA80016B0BDE8F08140F2E250F9E701207047F3
:105DB800207865780128EFD86B1E042BECD802F008
:105DC80033FC2A462046657004A90AF0ADFB9DF80D
:105DD8001230032BE0D123786278012BADF80A202A
:105DE80006D1BDF80A309BB243F01003ADF80A3073
:105DF800BDF80A0080B2FFF76BFD5FFA80F8B8F1D2
:105E0800FF0FC9D026493B4600913246414605A8B6
:105E1800FFF7ACFEEF280546C1D010B34FF6FB7371
:105E2800BDF83A209A42B7D101219DF838301D4A71
:105E38002370A18008EB830332F8131005A8A17022
:105E4800C9B205F0F1FE0022030B6370A26014F0E2
:105E58000BFD034621460F20636103F0F5FC00208B
:105E68009EE79DF8383005A8237008EB83080D4B92
:105E780033F81810A170C9B205F0D6FEBDF83A3053
:105E8800020B6270A5603BB14FF6FA7293420CBFE9
:105E980002230123A380DAE7099AA260FAE700BF88
:105EA800F9470000286F0020002938D0F0B50428F1
:105EB800044695B01ED80D4603A917461E46FEF7A0
:105EC80085FC2046FFF7BEFC01281CD19DF8300058
:105ED800E0B12A4640F2066512490096760201961C
:105EE8003B4621F81050214603A8FFF7F1FA28B9DC
:105EF80015B0F0BD40F2E25015B0F0BD02462146A3
:105F080003A8FFF703FD40F2DC50F1E7064BDB681E
:105F1800002BDED09A6A12925B6A1193D9E70120AE
:105F2800704700BF58760020E8950020002938D037
:105F3800F0B50428044695B01ED80D4603A91746A7
:105F48001E46FEF743FC2046FFF77CFC01281CD1C7
:105F58009DF83000E0B12A4640F2066512490096E5
:105F6800760201963B4621F81050214603A8FFF718
:105F780085FA28B915B0F0BD40F2E25015B0F0BD71
:105F88000246214603A8FFF7C1FC40F2DC50F1E7C6
:105F9800064BDB68002BDED09A6A12925B6A11937B
:105FA800D9E70120704700BF58760020E895002007
:105FB80000283AD070B50E4682B081B30446007806
:105FC800012828D8154652B3052A24D802F02CFBFC
:105FD8002A462046657001A90AF0A6FA9DF80630FF
:105FE800032B1FD123786278012BADF8022006D14C
:105FF800BDF802309BB243F01003ADF80230BDF893
:10600800020080B2FFF764FCC0B2FF28307009D0EC
:10601800002002B070BD40F2E25002B070BD012015
:1060280002B070BD40F2DC50F7E70120704700BFB6
:1060380010B5044631B900F0B3FFC3050AD54FF4D3
:10604800807010BD01F030F8204601F083F8C0F3ED
:106058000A0010BD204600F0DDFF00F07F0010BDF3
:106068002DE9F843544A90F82430054632F81320B5
:106078000C4692B2022A00F08D80504E03EB830149
:1060880004EB410156F821009A0020B112F0B0FC4F
:1060980095F824309A001A44002304EB420246F88B
:1060A80022302146284605F0E9FC074695F8246089
:1060B8002146284600F0E0FD2146284600F02AFE49
:1060C8002146284600F07CFE2146284603F0A0FB26
:1060D8006423012206FB03F304EB8401DFF8E88064
:1060E80003EB4103434459883548A24030F8163041
:1060F8004FEA840900294AD013439BB2013FBFB23B
:10610800012F20F816300AD8642306FB03F309EBA5
:10611800040203EB420341F4806143445980214661
:10612800284600F0C1FF642303FB06F6A14406EBF2
:106138004906B0442846B8F8021000F0EFFF284698
:10614800B8F8061001F024F82846B8F8081001F04D
:106158003BF82846002100F0A7FF2146284601F019
:1061680005F92146284603F03FFB2146284601F061
:106178007DF82146284600F055FE2146284600F0C5
:1061880071FE21462846BDE8F84300F08BBE23EA9D
:106198000203B3E70B4E56F8210008B112F028FCB1
:1061A80000232146284646F8243008F0E5FA95F8F9
:1061B800246007467CE700BFE08E0020847C002036
:1061C8005C760020D4790020D078002070B53E4A53
:1061D80090F82430054632F813200E4692B2022A6F
:1061E80068D03A4C03EB830106EB410154F82100D7
:1061F8009A0020B112F0FCFB95F824309A001A445A
:10620800002306EB420244F822303146284603F0C8
:10621800FFFA3146284600F02FFD3146284600F0A7
:1062280079FD3146284600F0CBFD48F22F034FF4A4
:1062380000420021284600F031FA0021284600F0EB
:10624800E9F910F02F04F0D13146284600F02CFF70
:106258002146284600F062FF2146284600F098FFB4
:106268002146284600F0B0FF2146284600F01CFFD2
:106278003146284601F07AF83146284603F0B4FA48
:106288003146284600F0F2FF3146284601F0B0F9C1
:106298003146284601F0D6F93146284600F0C2FDBD
:1062A8003146284600F0DEFD31462846BDE87040FC
:1062B80000F0F8BD064C54F8210008B112F098FB24
:1062C800002344F82630A0E7E08E0020847C0020DC
:1062D800D479002070B5012206460D464FF6FF74AA
:1062E80001F026F92946304600F08AFF013C10F0FB
:1062F800200FA4B200D170BD002CF3D170BD00BF37
:1063080070B504460E4682B1531E012B15460BD8B4
:106318000A46294600F044FB2946204600F07AF94F
:1063280000F00F008642F7D170BD41EA030545F43D
:10633800004648F22F0332460021204600F0AEF90D
:106348000021204600F066F900F02F008542F0D1C8
:1063580070BD00BF70B5054616466424FFF7D0FF30
:106368000BE0284600F06EF8013C284600F086F85D
:10637800A4B20A2002F068FC34B13146284600F085
:1063880047FB8304EDD570BDFF2070BD70B5044692
:106398000D46164601F056F929462046324601F0C8
:1063A80079F929462046BDE8704001F0F9B800BFE8
:1063B80038B504460D4601F01BF929462046BDE8CC
:1063C800384001F03FB900BF174B90F8242033F84C
:1063D80012309BB2022B06D0012910D002291AD004
:1063E80081B100207047012918D002290DD0002959
:1063F800F7D10E4B0E48012A08BF18467047006CAB
:1064080028307047006C203070470A4B0A48012A30
:1064180008BF18467047006C2C307047074B084877
:10642800012A08BF18467047E08E0020201011404E
:10643800200009402C1011402C0009402810114060
:10644800280009400A4B90F8242033F812309BB2F8
:10645800022B03D0036C188880B270471AB9054B19
:10646800188880B27047044B188880B2704700BF04
:10647800E08E002000000940001011400A4B90F8FF
:10648800242033F812309BB2022B03D0036C988877
:1064980080B270471AB9054B988880B27047044B90
:1064A800988880B2704700BFE08E00200000094045
:1064B8000010114010B50C4B044690F8240033F836
:1064C80010309BB2022B08D118B9084B188980B23A
:1064D80010BD074B188980B210BD02F0A5F82064E2
:1064E800008980B210BD00BFE08E00200000094086
:1064F80000101140006C03899BB223EA02030A4092
:1065080013430381704700BF026C13899BB223EACF
:1065180001031381704700BF026C13899BB243F4D7
:1065280000731381704700BF026C138923F4007352
:106538001B041B0C13817047134A90F8243032F85F
:10654800132092B2022A09D04BB9012913D002298B
:106558000DD021B9036C988A80B2704709B1002028
:106568007047012B0BD0094B988A80B27047036C97
:10657800988B80B27047036C188B80B27047044BBD
:10658800DB8A98B2704700BFE08E00200000094007
:10659800001011400D4B90F8240033F810309BB2D6
:1065A800022B06D020B9012909D002290AD019B135
:1065B80070470128F7D17047054B9A827047044B02
:1065C8001A837047024B9A83704700BFE08E002001
:1065D800000009400D4B90F8240033F810309BB2AE
:1065E800022B06D020B9012909D002290AD019B1F5
:1065F80070470128F7D17047054B1A757047044B4F
:106608001A767047024B1A77704700BFE08E002059
:10661800000009401A4B90F8242033F812309BB23E
:10662800022B08D0012916D002290ED1036C2C3375
:10663800188880B27047012919D0022910D1114B4E
:106648001149012A08BF0B46F2E7B1B9036C188C4F
:10665800203380B27047036C188D283380B270479E
:1066680059B90A4B0A49012A08BF0B46E0E7094B0A
:106678000949012A08BF0B46DAE700231B88FFDE19
:10668800E08E00202C0009402C1011402000094009
:1066980020101140280009402810114010B51E4C48
:1066A80090F824E034F81EC01FFA8CFCBCF1020FED
:1066B8000DD001291AD0022914D1006C2C30018880
:1066C8001A4089B221EA03031343038010BD01294C
:1066D80017D002290DD111481149BEF1010F08BF89
:1066E8000846ECE7A1B9006C2030E8E7006C2830D8
:1066F800E5E769B90B480C49BEF1010F08BF084628
:10670800DDE70A480A49BEF1010F08BF0846D6E787
:1067180000231B88FFDE00BFE08E00202C0009400C
:106728002C10114020000940201011402800094079
:10673800281011401C4B90F824C033F81C309BB231
:10674800022B0CD0012919D0022913D1026C2C324A
:10675800138823F400531B041B0C13807047012972
:1067680017D002290DD1114A114BBCF1010F08BFF6
:106778001A46EDE7A1B9026C2032E9E7026C28322B
:10678800E6E769B90B4A0C4BBCF1010F08BF1A4682
:10679800DEE70A4A0A4BBCF1010F08BF1A46D7E7E1
:1067A80000231B88FFDE00BFE08E00202C0009407C
:1067B8002C101140200009402010114028000940E9
:1067C8002810114038B50546FFF7FEFD0446284657
:1067D80002F05AFA238823F4805368B123F00F0398
:1067E8001B041B0C238023881B07FCD123889BB226
:1067F80043F48053238038BD1B041B0C2380F5E72A
:106808001C4B90F824C033F81C309BB2022B0CD0E0
:10681800012919D0022913D1026C2C32138823F4D0
:1068280080531B041B0C13807047012917D00229C1
:106838000DD1114A114BBCF1010F08BF1A46EDE703
:10684800A1B9026C2032E9E7026C2832E6E769B99F
:106858000B4A0C4BBCF1010F08BF1A46DEE70A4A87
:106868000A4BBCF1010F08BF1A46D7E700231B8863
:10687800FFDE00BFE08E00202C0009402C101140E4
:10688800200009402010114028000940281011401C
:1068980010B43C4C90F8243034F813C01FFA8CFC28
:1068A800BCF1020F22D0012939D0022950D0002989
:1068B80038D0002034F8131089B2022907D02BB33E
:1068C800012B04D05DF8044B704763882E48038879
:1068D80023F440631B041B0C0380002AF2D00388B6
:1068E8009BB2134303805DF8044B7047012932D0F3
:1068F800022922D00029DCD1012BE6D034F813106C
:1069080089B2022936D0002BDCD12048038862B135
:106918009BB243F4806303805DF8044B7047006CBE
:106928002830C7E7006C2030C4E723F480631B04D9
:106938001B0C03805DF8044B7047012B1FD034F803
:10694800131089B2022913D0002BBBD11048DDE700
:10695800006C2C30AEE7012B0ED034F8131089B23E
:10696800022903D0002BADD10A48CFE70948AEE78A
:106978000748ACE70548AAE763880748A7E763889C
:106988000648A4E7E08E00202010114020000940AE
:106998002C00094028000940281011402C101140F3
:1069A800F0B583B007461646FFF70EFD03884D1E67
:1069B8009BB2012D0446ADF806301BD9BDF8063050
:1069C80023F00F031B041B0CADF80630BDF806308E
:1069D8009BB2238023881B07FCD1BDF806309BB2ED
:1069E80043EA0602ADF80620BDF806309BB22380C4
:1069F80003B0F0BD384602F047F90028DED1BDF8F3
:106A0800063023F480531B041B0CADF80630D5E781
:106A18001A4B90F8242033F812309BB2022B08D07E
:106A2800012916D002290ED1036C2E33188880B2A2
:106A38007047012919D0022910D1114B1149012A97
:106A480008BF0B46F2E7B1B9036C588C223380B209
:106A58007047036C588D2A3380B2704759B90A4B76
:106A68000A49012A08BF0B46E0E7094B0949012AF0
:106A780008BF0B46DAE700231B88FFDEE08E002004
:106A88002E0009402E10114022000940221011400A
:106A98002A0009402A1011401F4B90F824C033F8EF
:106AA8001C309BB2022B0DD001291AD0022914D117
:106AB800026C2E3213886FEA43436FEA53439BB24A
:106AC8001380704701291CD002290DD1134A144B99
:106AD800BCF1010F08BF1A46ECE7C9B9026C2232B3
:106AE800E8E7026C2A32E5E791B903F180430D4AE1
:106AF80003F5881303F58153BCF1010F08BF1A464B
:106B0800D8E7094A094BBCF1010F08BF1A46D1E77B
:106B180000231B88FFDE00BFE08E00202E00094006
:106B28002E101140220009402A0009402A10114065
:106B38001C4B90F8242033F812309BB2022B09D05A
:106B4800012918D002290FD1036C2E334FF480424B
:106B58001A80704701291BD0022912D1124B134900
:106B6800012A08BF0B46F1E7C1B94FF48042036C14
:106B780022331A8070474FF48042036C2A331A80FC
:106B8800704759B90A4B0B49012A08BF0B46DDE784
:106B9800094B0A49012A08BF0B46D7E700231B8087
:106BA800FFDE00BFE08E00202E0009402E101140AD
:106BB80022000940221011402A0009402A101140E1
:106BC8000D4B90F8242033F812309BB2022B05D0DD
:106BD800026C138E9BB21943118670472AB9074A73
:106BE800138E9BB20B4313867047054A138E9BB2D4
:106BF8000B431386704700BFE08E00200000094059
:106C080000101140026C138EC3F30E0313867047F5
:106C1800026C138E23F400531B041B0C138670475D
:106C2800012310B490F82420104C8B4099B234F80A
:106C380012309BB2022B07D0026CD38E9BB20B434F
:106C4800D3865DF8044B70473AB9094AD38E9BB294
:106C58000B43D3865DF8044B7047064AD38E9BB22C
:106C68000B43D3865DF8044B704700BFE08E0020CD
:106C7800000009400010114001238B40DB430C4AFF
:106C880090F824109BB232F8112092B2022A04D054
:106C9800026CD18E0B40D386704721B9054AD18E3C
:106CA8000B40D3867047044AD18E0B40D386704779
:106CB800E08E00200000094000101140012310B4AC
:106CC80090F82420104C8B4099B234F812309BB2C3
:106CD800022B07D0026C138F9BB20B4313875DF80E
:106CE800044B70473AB9094A138F9BB20B43138779
:106CF8005DF8044B7047064A138F9BB20B4313870A
:106D08005DF8044B704700BFE08E0020000009408A
:106D18000010114001238B40DB430C4A90F82410EB
:106D28009BB232F8112092B2022A04D0026C118F61
:106D38000B401387704721B9054A118F0B40138701
:106D48007047044A118F0B4013877047E08E00206C
:106D5800000009400010114010B4164A90F8243081
:106D680032F8132092B2022A13D04FF0000C0122FD
:106D7800114C03EB830301EB430324F813C0036CAA
:106D880002FA01F15A8F114389B259875DF8044B11
:106D98007047002BFAD10122074C084824F811301B
:106DA800448F02FA01F323439BB243875DF8044BF7
:106DB800704700BFE08E0020BC780020000009402A
:106DC80001238B40DB430C4A90F824109BB232F825
:106DD800112092B2022A04D0026C518F0B405387C3
:106DE800704721B9054A518F0B4053877047044AB1
:106DF800518F0B4053877047E08E002000000940F8
:106E08000010114020B9054BB3F8400080B270471C
:106E1800034BB3F8400080B2704700BF0000094040
:106E28000010114001238B40DB430B4A90F82410DB
:106E3800C3F3090332F8112092B2022A03D0026C7C
:106E4800A2F84630704719B9044AA2F8463070478C
:106E5800034AA2F846307047E08E0020000009403F
:106E68000010114001238B40DB430B4A90F824109B
:106E7800C3F3090332F8112092B2022A03D0026C3C
:106E8800A2F84830704719B9044AA2F84830704748
:106E9800034AA2F848307047E08E002000000940FD
:106EA8000010114001238B40DB430B4A90F824105B
:106EB800C3F3090332F8112092B2022A03D0026CFC
:106EC800A2F84A30704719B9044AA2F84A30704704
:106ED800034AA2F84A307047E08E002000000940BB
:106EE800001011400B4B90F8242033F812309BB25D
:106EF800022B04D0036CB3F84C0080B2704722B95F
:106F0800054BB3F84C0080B27047044BB3F84C0003
:106F180080B27047E08E0020000009400010114048
:106F280020B9054BB3F8540080B27047034BB3F84F
:106F3800540080B2704700BF0000094000101140A3
:106F480020B9054BB3F8560080B27047034BB3F82D
:106F5800560080B2704700BF000009400010114081
:106F680020B9054BB3F8580080B27047034BB3F80B
:106F7800580080B2704700BF00000940001011405F
:106F880020B9054BB3F85A0080B27047034BB3F8E9
:106F98005A0080B2704700BF00000940001011403D
:106FA8000B4B90F8242033F812309BB2022B04D0FC
:106FB800036CB3F85C0080B2704722B9054BB3F894
:106FC8005C0080B27047044BB3F85C0080B2704735
:106FD800E08E002000000940001011400A4B90F894
:106FE800242033F812309BB2022B03D0036CA3F891
:106FF8005C1070471AB9054BA3F85C107047044B36
:10700800A3F85C10704700BFE08E00200000094024
:10701800001011400B4B90F8242033F812309BB22B
:10702800022B04D0036CB3F85E0080B2704722B91B
:10703800054BB3F85E0080B27047044BB3F85E00AE
:1070480080B27047E08E0020000009400010114017
:107058000A4B90F8242033F812309BB2022B03D04D
:10706800036CA3F85E1070471AB9054BA3F85E10BD
:107078007047044BA3F85E10704700BFE08E0020F5
:10708800000009400010114020B9054BB3F860001A
:1070980080B27047034BB3F8600080B2704700BFFE
:1070A80000000940001011400A4B90F8242033F8E2
:1070B80012309BB2022B03D0036CA3F86410704704
:1070C8001AB9054BA3F864107047044BA3F8641071
:1070D800704700BFE08E00200000094000101140FA
:1070E8000B4B90F8242033F812309BB2022B04D0BB
:1070F800036CB3F8680080B2704722B9054BB3F847
:10710800680080B27047044BB3F8680080B27047DB
:10711800E08E002000000940001011400A4B90F852
:10712800242033F812309BB2022B03D0036CA3F84F
:10713800681070471AB9054BA3F868107047044BDC
:10714800A3F86810704700BFE08E002000000940D7
:10715800001011400B4B90F8242033F812309BB2EA
:10716800022B04D0036CB3F86C0080B2704722B9CC
:10717800054BB3F86C0080B27047044BB3F86C0051
:1071880080B27047E08E00200000094000101140D6
:107198000A4B90F8242033F812309BB2022B03D00C
:1071A800036CA3F86C1070471AB9054BA3F86C1060
:1071B8007047044BA3F86C10704700BFE08E0020A6
:1071C80000000940001011400A4B90F8242033F8C1
:1071D80012309BB2022B03D0036CA3F86E107047D9
:1071E8001AB9054BA3F86E107047044BA3F86E103C
:1071F800704700BFE08E00200000094000101140D9
:10720800002282B0ADF80620134B90F8242033F802
:1072180012309BB2022B0FD0036C59B103EB410320
:107228006E331B889BB2ADF80630BDF8060080B2FD
:1072380002B070476033F4E722B951B1074B03EB52
:107248004103EEE719B1064B03EB4103E9E7054BB0
:10725800E7E7054BE5E700BFE08E00206E00094038
:107268006E1011406010114060000940104B90F8FA
:10727800242033F812309BB2022B0CD0026C01F19F
:1072880000417032013932F811309BB243F4005397
:1072980022F81130704749003AB1064A0A44138867
:1072A8009BB243F4005313807047034A0A44F6E73D
:1072B800E08E00206E1011406E000940134B90F8CC
:1072C800242033F812309BB2022B0CD0026C01F14F
:1072D80000417032013932F811309BB243F4007327
:1072E80022F81130704742B9094A32F811309BB27E
:1072F80043F4007322F811307047064A32F811300F
:107308009BB243F4007322F811307047E08E0020DE
:107318006E0009406E101140114B90F8242033F88C
:1073280012309BB2022B0DD0026C01F10041703279
:10733800013932F8113023F400731B041B0C22F8B6
:1073480011307047490042B1064A0A44138823F4B1
:1073580000731B041B0C13807047034A0A44F5E7AB
:10736800E08E00206E1011406E000940224B90F80C
:10737800242033F812309BB2022B15D0036C39B994
:10738800B3F8602092B242F48072A3F8602070478C
:1073980001F100417033013933F8112092B242F4FF
:1073A800807223F8112070474AB9D9B9134AB2F844
:1073B80060309BB243F48073A2F86030704741B9E3
:1073C8000F4AB2F860309BB243F48073A2F8603081
:1073D80070470C4A32F811309BB243F4807322F89C
:1073E80011307047084A32F811309BB243F4807369
:1073F80022F81130704700BFE08E002000000940DD
:10740800001011406E1011406E000940224B90F898
:10741800242033F812309BB2022B15D0036C39B9F3
:10742800B3F8602092B242F08002A3F8602070475F
:1074380001F100417033013933F8112092B242F062
:10744800800223F8112070474AB9D9B9134AB2F813
:1074580060309BB243F08003A2F86030704741B9B6
:107468000F4AB2F860309BB243F08003A2F8603054
:1074780070470C4A32F811309BB243F0800322F86F
:1074880011307047084A32F811309BB243F080033C
:1074980022F81130704700BFE08E0020000009403C
:1074A800001011406E1011406E00094010B41B4BC3
:1074B80090F8244033F814309BB2022B13D0036C9D
:1074C80079B103EB41036E33198821F003010904F4
:1074D800090C1980198889B20A431A805DF8044B8F
:1074E80070476033F0E784B1A1B10D4B03EB410164
:1074F8000B8823F003031B041B0C0B800B889BB227
:1075080013430B805DF8044B704729B1054B03EB1F
:107518004101EDE70449EBE70449E9E7E08E002083
:107528006E1011406E000940601011406000094063
:1075380010B4164B90F8244033F814309BB2022B49
:107548000ED0036C51B103EB41036E33198889B235
:1075580021EA02021A805DF8044B70476033F5E7B0
:107568005CB179B10A4B03EB41010B889BB223EA6A
:1075780002030B805DF8044B704729B1054B03EB00
:107588004101F2E70449F0E70449EEE7E08E002004
:107598006E1011406E0009406010114060000940F3
:1075A800104B90F82420013933F812304FEA810C3F
:1075B8009BB2022B09D0026C903232F821309BB278
:1075C80043F4007322F8213070473AB1064A624406
:1075D80013889BB243F4007313807047034A6244D4
:1075E800F6E700BFE08E002090101140900009409F
:1075F800114B90F82420013933F812304FEA810CEE
:107608009BB2022B0AD0026C903232F8213023F45C
:1076180000731B041B0C22F82130704742B1074A43
:107628006244138823F400731B041B0C13807047F7
:10763800034A6244F5E700BFE08E00209010114035
:1076480090000940104B90F82420013933F812308B
:107658004FEA810C9BB2022B09D0026C903232F8AF
:1076680021309BB243F4807322F8213070473AB13D
:10767800064A624413889BB243F4807313807047B0
:10768800034A6244F6E700BFE08E002090101140E4
:107698009000094010B40E4B90F82440013933F89B
:1076A80014309BB2022B06D0036C923323F82120AE
:1076B8005DF8044B70474FEA810C2CB1054B6344CD
:1076C8001A805DF8044B7047034B6344F8E700BF2A
:1076D800E08E00209210114092000940704700BFD0
:1076E800704700BF10B4184C90F8243034F81320B9
:1076F80092B2022A22D09C4601290CBFC26B826B2F
:1077080034F8130052681149526880B2127802287E
:1077180002EB8C0231F812100D4C0FBF0D480E48C9
:1077280003EB830301EB430154F8222050F8213086
:107738009B1A40F821305DF8044B7047B3F1000CF8
:1077480018BF4FF0010CD7E7E08E002074760020B8
:1077580084760020247A0020D87C002038B10129C2
:107768000CBFC36B836B5B685B68187870470A2033
:10777800704700BFF0B5274B04469F69264B0D465E
:107788001E8893B0B6B2012E1DD001A88DF82840EE
:10779800FFF736F82149224A0B8803EB031001331F
:1077A80003F007030B801F4B02EB800181F8244094
:1077B8000B620D857B6A05208B63BB6ACB6302F085
:1077C80091FB13B0F0BD8DF8280000F02DFF29467D
:1077D800119001A8FFF714F81049114A0B88DFF837
:1077E80048C003EB0310013303F007030B8002EBDF
:1077F8008001C1F820C081F824400D857A6A119B68
:107808008A63BA6A3046C1E90F2302F06BFB13B0F2
:10781800F0BD00BFE8950020E08E00205E760020D5
:107828009476002051010400170104000221002071
:10783800FFF7A0BF00285BD0F0B506460D4690F8CC
:107848002410C06B012A446818BFB76B646816BF60
:107858007F68A446D7F804C007689CF800004FF07A
:10786800000C247804F101244034A401BC6094F88D
:107878001EE05FEADE1E33D10CF1010C1FFA8CFC0E
:10788800BCF1640FF3D196F8244000EB810E201E62
:1078980018BF012003F1FF3CF36B02EB42075A6863
:1078A80000EBC0001168134C820002EB87022244EF
:1078B8005268114E4A6036F81E208D60BCFBF2F00B
:1078C800013A02EBD2725210013292B2CA81421CC2
:1078D80092B28A819A681868BDE8F04053681847E0
:1078E80094F81EC05FEADC1CFAD14FF0010CBEE729
:1078F800704700BFE00200207C7600202DE9F047A9
:10790800474B044690F824000E4633F810301746CB
:107918009BB2012B14D0434B850053F821A0012FB3
:107928000CBFE36BA36BDFF808815B685B6893F8B7
:10793800009005EB090358F8233053B9BDE8F087E8
:10794800394A00EB800301EB430352F823A085007A
:10795800E5E739462046FEF753FF94F82430BBB3D9
:1079680005EB0903204651463A4658F82330FFF7FD
:1079780061FF204601F088F9002841D031462046B1
:1079880001F002FF4D4458F825203146013AB2FB78
:10799800F0F2013292B22046FEF7F8FC314620465A
:1079A800FFF73EF93146204601F0DEFE3946204613
:1079B800FEF7C0FE20463946FEF704FF204601F0D8
:1079C80063F988B931462046BDE8F04701F01ABF8F
:1079D800012F164A1BD0D2F8181363F31041C2F8CE
:1079E8001813D2F81833BBE7314620463A4600232D
:1079F800FEF786FC31462046BDE8F04701F002BF9D
:107A080003463A4631462046FEF77AFCB6E7D2F8F6
:107A1800141363F31041C2F81413D2F814339FE718
:107A2800E08E0020FC790020AC7C00200060004043
:107A38008476002000285FD02DE9F047012A08BF8E
:107A4800C76B846B90F8245008BF7F680E46616846
:107A58000CBF7F684F68B5F1000918BF4FF00109E6
:107A680097F80080254F08EB850C37F81CE04FF09D
:107A7800000C9E4528BF9E4609EBC90902EB42024D
:107A8800DFF87CA04FEA890909EB8209CA44DAF8D1
:107A980004200968AD008A60826B4FEA5E0ED2E965
:107AA80000204068007800F101204030800190609B
:107AB800827FD2091AD10CF1010C1FFA8CFCBCF19F
:107AC800640FF5D14E60454437F81520013BB3FBF0
:107AD800F2F301331FFA8EFE9BB2A1F80EE08B8100
:107AE800A36820685B68BDE8F0471847827FD20921
:107AF800FCD14FF0010CDBE7704700BF7C7600201B
:107B0800E00200202DE9F04FDFF85CC190F82480F6
:107B180004463CF818300F469BB2012B154683B03B
:107B280029D04B4B4FEA880953F821A0012D0CBFEF
:107B3800E36BA36BDFF834B15B685B681A7809EB19
:107B480002035BF8236036F001061ED13CF81830BA
:107B58009BB2012B07D022462946384603B0BDE820
:107B6800F04F06F0C3BB2A463946204603B0BDE8AD
:107B7800F04F03F003BB374A08EB880301EB4303DC
:107B880052F823A04FEA8809D0E7294620460192F7
:107B9800FEF736FE94F82430019A53B9012D2E4988
:107BA8004CD0D1F8180363F31040C1F81803D1F88A
:107BB80018332A4B09EB020133F81130B34227D9A5
:107BC800B8F1000F05D15BF82230254903F0010315
:107BD8008B54244B09EB02010AEB060043F8210001
:107BE8004A4420464BF82260334651462A46FFF75E
:107BF80021FF204601F048F8C8B120462946FEF783
:107C0800E1FD204601F040F840B903B0BDE8F08F2F
:107C1800B6FBF3F103FB1163F61AE1E700232A46EA
:107C28003946204603B0BDE8F04FFEF769BB03466E
:107C38002A4639462046FEF763FBDEE7D1F81403EF
:107C480063F31040C1F81403D1F81433B1E700BF4F
:107C5800FC790020AC7C0020006000407C7600208D
:107C68007076002060760020E08E00208476002068
:107C78002DE9F04104460F4619461E469046FFF787
:107C880013FA2046FFF72CFA10F0100F204614BF05
:107C98000225012500F0F8FF08B329462046FEF723
:107CA800AFFD94F8243053B9012D194A26D0D2F8E3
:107CB800181363F31041C2F81813D2F81833434667
:107CC80039462A462046FFF7B5FE20462946FEF7E4
:107CD80079FD204600F0D8FF40B9BDE8F0810346A1
:107CE8002A4631462046FEF70BFBD6E72A463146A0
:107CF8002046BDE8F0410023FEF702BBD2F814137A
:107D080063F31041C2F81413D2F81433D7E700BF55
:107D1800006000402DE9F04701290CBFC36B836B5D
:107D280090F824505B68DFF8CC915B6804461E78B5
:107D38006A4B06EB850213F8123039F815200F4606
:107D480092B2012A4FEA850873D06549654A51F80D
:107D5800231052F8230002EB8302DFF89CE108EBC2
:107D6800060C3EF81CE0704521D2DFF890A10AEB22
:107D7800080212F806E0BEF1000F75D05A4A98B210
:107D880052F82CC039F8152092B2012A34D0224674
:107D9800544C394644F823E0514C44F823C006F0CB
:107DA800A5FA00220AEB08039A55BDE8F087DFF828
:107DB80050E15EF82CA0A0EB0A001060002862D009
:107DC80051444EF82C0082B2002D43D0DFF818A1A0
:107DD80001EB020C08EB06004AF820C0002A69D122
:107DE800DFF818A198B20AEB080212F806E039F891
:107DF800152092B2012ACAD1014694F824003B4DBD
:107E080000EB800003EB400045F820E094F8245094
:107E18003A4605EB850503EB4505354B204643F807
:107E280025C003F0ABF900220AEB08039A55BDE818
:107E3800F0874FF00A0C1CFB053C2C4A2C4908EB38
:107E4800050003EB400051F8201052F8200002EB27
:107E58008C0282E7DFF8A4C000F0010022F00102E2
:107E680092B20CF80600B1E79DB229462046FFF70A
:107E780019F839462046FEF70FFE29462046BDE888
:107E8800F047FEF769BF9EB231462046FFF70AF871
:107E980031462046FFF7B4F9430412D439F81520C7
:107EA80092B2012A13D022463046BDE8F04701219C
:107EB80006F08EBE4EF820202046BDE8F047FFF7BA
:107EC800D7BE31462046BDE8F047FEF745BF3146EC
:107ED8002046BDE8F04704F0B3B800BF7476002030
:107EE800FC790020247A002060760020D87C0020CD
:107EF800AC7C0020E08E00207C760020707600208C
:107F08008476002001294FF0000316D0826BD2E955
:107F180000214968097801F1012140318901916006
:107F28008A7FD20904D101339BB2642BF8D1704700
:107F38008B7FDB09FCD10123F2E7C26BD2E9002178
:107F48004968097801F101214031890191608A7FEE
:107F5800D20904D101339BB2642BF8D170478B7FCF
:107F6800DB09FCD10123F2E700B5C36B85B09A6841
:107F780069461868D3699847BDF8040005B05DF8EC
:107F880004FB00BF2DE9F0474FF00009036C0446DD
:107F9800B3F84010B3F84260B3F846C0B3F848707D
:107FA800B3F84A50B3F830E05A8E92B23240DE8EBF
:107FB800B3F8388012F0100F1FFA88FAB3F83A8035
:107FC800A0F82290A0F828900ED04DF6600261210A
:107FD800A3F84220226C538E23F030031B041B0CA1
:107FE80053866184BDE8F08712F0200F03D04DF668
:107FF80050026221ECE789B21FFA8EFE01EA0E01F7
:1080080011F4807F0FD14E051ED5ADB21FFA88F846
:1080180005EA0805EA430221C2F30902A3F84A2047
:1080280041840585DEE71FFA8CFCB6B20CEA060C23
:108038006FEA0C020121C2F30902A3F84620418429
:10804800A0F828C0BDE8F0878D050CD4160416D416
:1080580015052AD4570619D54DF630014522A3F83F
:1080680042104284BEE7BFB207EA0A07FA43032177
:10807800C2F30902A3F8482041840785B2E745F610
:1080880070014122A3F842104284ABE7560411D490
:10809800D50414D4080417D48A04A3D54DF6FF7167
:1080A8001322A3F8401062849CE702F089FC442361
:1080B800638497E703F070FC4223638492E702F03D
:1080C8007FFC432363848DE747F6FF711122A3F8F1
:1080D8004010628486E700BF10B5094B90F8242051
:1080E800044633F812300A2B02D0502B00D010BDB2
:1080F800012000F0A9FD2046BDE8104003F042BC75
:108108002C7D002038B505460C462846FEF7B6F902
:1081180003461E20238000F09BFD2846FEF7AEF99B
:108128002388608043409A07EFD1142000F090FD27
:108138002846FEF7A3F92388608043409B07E4D1D3
:108148002846FEF7B7F9608038BD00BF00B583B098
:108158006946FFF7D7FFBDF802305B070CD1BDF8C1
:10816800003003F00303012B0AD0022B14BF432075
:10817800412003B05DF804FB002003B05DF804FB68
:10818800422003B05DF804FB10B5044682B003F04A
:108198002FFC204603F040FC204603F0FDFB204660
:1081A8006946FFF7AFFFBDF802305B0715D1BDF890
:1081B800003003F00303012B0FD0022B14D020460C
:1081C80005F0A8FC104B94F8242033F812300A2B41
:1081D80011D0502B0FD002B010BD4221204602B062
:1081E800BDE8104005F088BC4121204602B0BDE83A
:1081F800104005F081BC012000F026FD204602B0A9
:10820800BDE8104003F0BEBB2C7D0020012000F02B
:108218001BBD00BF38B5044650224021FEF76AF95D
:10822800322000F015FD94F82430012B1ED0204692
:1082380003F0BCFB142000F00BFD03252046FEF7DD
:1082480039F900F00703042B04D0BDE838401E209C
:1082580000F0FEBC013D0A20ADB200F0F9FC002D93
:10826800ECD1BDE838401E2000F0F2BC2046402189
:10827800FEF74AF94FF4967000F0E6FCD7E700BF26
:1082880010B5044603F088FBA02220212046FEF703
:1082980031F9142000F0DCFC204603F087FBBDE830
:1082A8001040052000F0D4BC08B5FEF703F900F033
:1082B8000700431E022B8CBF0020800108BD00BFB1
:1082C8002DE9F0414D088846064617461C4623D03E
:1082D80003EB450534F8022B39463046FEF75AF9C8
:1082E800AC42F7D118F0010F02D12846BDE8F08161
:1082F800394630460022FEF7CBFA15F8012B3946ED
:108308003046FEF767F930464FF480623946FEF78B
:10831800BFFA2846BDE8F0811D46E3E72DE9F041A4
:108328004D088846064617461C4618D003EB4505F7
:1083380039463046FEF700F924F8020BAC42F7D173
:1083480018F0010F02D12846BDE8F08139463046C1
:10835800FEF7F2F805F8010B2846BDE8F0811D4646
:10836800EEE700BFF8B504460D461746FDF7B2FF25
:1083780029462046FEF780FC29462046FEF7CAFC1F
:1083880029462046FEF71CFD29462046FEF710F830
:1083980000212046FEF73EF900F00F00854200F06C
:1083A800A48001212046FEF735F900F00F00854230
:1083B80000F0948002212046FEF72CF900F00F000F
:1083C800854200F084802946204601F00DFA2946AE
:1083D8002046FEF74BFF94F82430474E03EB830307
:1083E80005EB430356F82320002A6FD04349204663
:1083F80051F823302946136194F8243003EB8303A2
:1084080005EB430356F823301F8594F8243003EB1B
:10841800830305EB430356F82370FEF7F1FE7885D6
:1084280094F82430364A03EB830305EB430332F810
:10843800132056F8233083F8362094F82430226C21
:1084480003EB830305EB430356F823301A6494F8CF
:10845800242002EB820305EB430356F8231081F82E
:10846800242056F82330E26BDA6394F82430A26BA8
:1084780003EB830305EB430356F823309A6394F820
:10848800243003EB830305EB430356F823004368CA
:1084980053B100221146984794F8243003EB830324
:1084A80005EB430356F8230010F0A2FA002294F8D3
:1084B8002430294603EB830305EB430346F82320C6
:1084C80094F82400BDE8F84001F0AABDF8BD0023E7
:1084D800022220461946FDF713FF74E70023012204
:1084E80020461946FDF70CFF64E7002320461A468C
:1084F8001946FDF705FF54E7847C0020D87C00204E
:10850800007D00202DE9F043064683B003F070FAA1
:10851800304603F081FA304603F03EFA4FF48055B6
:10852800DFF8FC90DFF8FC8005E005F58055ADB27A
:10853800B5F5C04F37D02946304603F077FA002802
:10854800F3D096F8243039F81330002B61D1012488
:1085580002E001340A2C1BD0A7B23946304603F09A
:1085680063FBA842F5D196F8243003EB830304EBB0
:10857800430358F8233023B1082239463046FFF721
:10858800F1FE394630460134FDF720FE0A2CE3D1CE
:10859800294605F5805500223046ADB203F0DCF9D6
:1085A800B5F5C04FC7D130466946FFF7ABFDBDF8FA
:1085B80002305B0707D1BDF8003003F00303012B3D
:1085C80020D0022B17D0304605F0A4FA134B96F8AA
:1085D800242033F812300A2B04D0502B02D003B0D9
:1085E800BDE8F083012000F02FFB304603B0BDE862
:1085F800F04303F0C7B94121304603B0BDE8F0436A
:1086080005F07ABA4221304603B0BDE8F04305F0E0
:1086180073BA0721304601F067FE98E72C7D0020E9
:10862800307D0020847C0020024B00280CBF1846B7
:10863800002070470000094038B504460D4601F097
:1086480099F8830706D529462046BDE83840062212
:10865800FFF788BE2046FDF711FF94F82430124A30
:1086680003EB830305EB430332F81310013122F8BF
:10867800131094F8243003EB830305EB430332F81B
:108688001330012B08D0052000F0E2FA29462046D5
:10869800BDE8384001F0B6B829462046BDE8384064
:1086A8000722FFF75FBE00BF007D0020026C138920
:1086B8009BB243F080031381704700BF026C13899B
:1086C80023F010031B041B0C13817047026C538E9C
:1086D8006FEA43436FEA53439BB25386704700BF28
:1086E800026C538EC3F30E0353867047026C538E8D
:1086F8009BB243F480435386704700BF026C538E8D
:1087080023F480431B041B0C53867047026C538E62
:108718009BB243F480535386704700BF026C538E5C
:1087280023F480531B041B0C53867047026C538E32
:108738009BB243F400635386704700BF026C538EAC
:1087480023F400631B041B0C53867047026C538E82
:108758009BB243F020035386704700BF026C538ED0
:108768009BB243F010035386704700BF45F6700272
:10877800036CA3F84220704749F67002036CA3F813
:10878800422070474CF67002036CA3F842207047F1
:108798004DF27002036CA3F8422070474DF6500268
:1087A800036CA3F8422070474DF66002036CA3F8EF
:1087B80042207047036CA3F854107047036CA3F869
:1087C80056107047036CA3F858107047036CA3F851
:1087D8005A107047036CA3F860107047026CB2F827
:1087E80060309BB243F48043A2F86030704700BF0A
:1087F800B1F5C04F4FEA113C08D247F6C073026C7E
:10880800D03232F81C2003EA02007047FF2070477C
:10881800006C090BD03030F8113023F0C0031B0472
:108828001B0C20F8113030F811309BB2134320F89C
:108838001130704700285AD110B52F4C23889BB2AD
:1088480043F48063238023885A05FCD523882B486A
:108858009BB243F04003238023889BB243F020035C
:108868002380238823F010031B041B0C238000F0B3
:10887800F1F94FF4806223889BB243F0010323800F
:1088880022842285A285002832D0013880B20128AE
:1088980021D8238932209BB243F04003238100F082
:1088A800D7F92389144A23F040031B041B0C2381A6
:1088B80013895B07FCD4138903F00703012B04D148
:1088C800938F9BB243F4807393870B4A13899BB2AF
:1088D80043F01003138145F670004FF4E0614FF444
:1088E8000842054BA3F8420019865A8610BD704706
:1088F8004FF400636386EEE7000009400400094076
:10890800026C938F9BB243F480739387704700BFC8
:108918000B4B5A6878B911050FD5EFF31081012276
:1089280082F310885A6822F400625A605B6881F307
:10893800108800207047D204EFD440F2DD50704711
:108948000040084000283BD180223D4B1881A3F805
:108958006020A3F87000A3F87200A3F87400A3F8CD
:108968007600A3F87800A3F87A00A3F87C00A3F8AF
:108978007E00A3F88000D8861887588718865886FE
:10898800A3F84600A3F84800A3F84A001A88002074
:1089980022F010021204120C1A801A8822F0200207
:1089A8001204120C1A801A8822F040021204120CC7
:1089B8001A801A8822F001021204120C1A807047D9
:1089C800002280211F4B00201A81A3F86010A3F811
:1089D8007020A3F87220A3F87420A3F87620A3F8D7
:1089E8007820A3F87A20A3F87C20A3F87E20A3F8A7
:1089F8008020DA861A875A871A865A86A3F846206C
:108A0800A3F84820A3F84A20198821F01001090486
:108A1800090C1980198821F020010904090C198012
:108A2800198821F040010904090C1980198821F0DE
:108A380001010904090C1980A3F80221704700BF3D
:108A4800000009400010114010B50446FFF77AFFF6
:108A5800A4B9104B5A68110515D45A68120515D4D3
:108A6800EFF31081012282F310885A6842F4006201
:108A78005A605B6881F31088002010BD012CFBD080
:108A880040F2E25010BD40F2DC5010BD4FF4BC6023
:108A980010BD00BF00400840E0B930B4664BD3F8C1
:108AA800002460F30412C3F8002491F90E30002B5F
:108AB80080F2958091F90F30002B63DA91F90D302F
:108AC800002B33DA91F90C30002B04DA5B4B196078
:108AD80030BC70477047CA7C03F160401201584CA3
:108AE800D2B200F5614080F80023564A44F82310BA
:108AF80003F1C00052F8204024F4803442F82040AA
:108B080052F82020BFF35F8F01205A09920003F02A
:108B18001F0302F1604202F5614200FA03F3C2F852
:108B280080311360454B196030BC70470A7D03F1F2
:108B380060401201424CD2B200F5614080F8002337
:108B4800404A44F8231003F1C00052F8204024F4AE
:108B5800803442F8204052F82020BFF35F8F012074
:108B68005A09920003F01F0302F1604202F56142C4
:108B780000FA03F3C2F88031136091F90C30002B2E
:108B8800A4DBA8E78A7D03F1604012012C4CD2B225
:108B980000F5614080F800232A4A44F8231003F1C5
:108BA800C00052F8204024F4803442F8204052F8A3
:108BB8002020BFF35F8F01205A09920003F01F03A2
:108BC80002F1604202F5614200FA03F3C2F8803113
:108BD800136091F90D30002BFFF674AFA6E74A7DBC
:108BE80003F160441201D2B204F5614484F8002311
:108BF800134C144A44F8231003F1C00452F82450CB
:108C080060F3104542F8245052F82420BFF35F8FD8
:108C180001205A09920003F01F0302F1604202F595
:108C2800614200FA03F3C2F88031136091F90F3002
:108C3800002BFFF643AFA5E700000940B4780020F9
:108C4800E895002000600040012109F049BC00BF00
:108C580011F000BB70B50646038803F0030301203A
:108C68009DB211F0F7FA3488012004F0030411F0E2
:108C7800F1FAA5423388F0D103F003029542134676
:108C8800EDD1284670BD00BF00207047EFF3038385
:108C9800103B0A4A5BB2C03352F8231021F48031EA
:108CA80042F8231052F82330054B1B889BB2012B46
:108CB80001D005F009BD02F0F5BD00BF006000401D
:108CC800E08E0020EFF30383103B094A5BB203F107
:108CD800C00152F8210020F4803042F8210052F8F7
:108CE8002120044A52F82330987800F0EDBA00BFEA
:108CF80000600040E8950020EFF30383103B064A2C
:108D08005BB2C03352F8231021F4803142F82310AB
:108D180052F82330704700BF00600040EFF3038330
:108D2800103B064A5BB2C03352F8231021F480315D
:108D380042F8231052F82330704700BF006000400B
:108D48002DE9F043012A0CBF7A4B7B4B0446B3F85C
:108D580040E0B3F84660B3F84870B3F84A80B3F817
:108D680030C0D88E1D8F5B8F1FFA85F99DB2002306
:108D78001FFA8EFEBEF1FF0F238083B0B6B2BFB2DA
:108D88001FFA88F81FFA8CFC80B20B800ED90EEA05
:108D98000C0313F4804F0CD0012A4BF6FF720CBF62
:108DA800644B654BA3F840201223238003B0BDE831
:108DB800F08313F4004F0DD113F4005F17D0012A8C
:108DC8004DF6FF720CBF5B4B5B4BA3F8402013239F
:108DD8002380EBE7012A47F6FF720CBF554B564B31
:108DE800A3F840201123238003B0BDE8F08313F4D7
:108DF800805F12D1304013F480761BD010F0010F41
:108E080018D0012A40F2FE320CBF4A4B4A4BA3F855
:108E18004620012323800B80C8E7012A4EF6FF7203
:108E28000CBF444B444BA3F8402014232380A1F8E3
:108E380000E0BBE713F4806C08EA05050FD015F0D5
:108E4800010F0CD0012A40F2FE320CBF394B3A4BCD
:108E5800A3F84A200222012322800B80A6E713F4FC
:108E6800007F11D007EA090717F0010F4DD0012A3A
:108E780040F2FE320CBF2F4B2F4BA3F848200322A1
:108E8800012322800B8091E71F051DD47EB9BCF118
:108E9800000F8BD0EB43012A0CBF264A264AC3F3A6
:108EA8000903A2F84A30022323800D807EE7C343DA
:108EB800012A0CBF1F4A204AC3F30903A2F846300F
:108EC80001232380088071E7104601910092FDF785
:108ED80099FF0199009A08804FF2FF70012A0CBF90
:108EE800144B154BA3F84000152323800B8803F07F
:108EF8000703062B7FF45AAF1046009100F0F4F9EF
:108F08000023009923800B8050E71B05DCD4002E3A
:108F1800CDD1BCF1000FBDD1FB43012A0CBF054ADE
:108F2800054AC3F30903A2F84830032323800F80BE
:108F38003CE700BF001011400000094010B504468E
:108F480000F0D2F92046FDF7EBFF0246094B204618
:108F58001A80FDF7F5FF0246074B20461A80FDF7F9
:108F6800FFFF0246054B20461A80FEF709F8044B1E
:108F7800188010BD308A00202E8A00202C8A0020FC
:108F88002A8A002008B590F82400FDF73BFF00F07E
:108F98007000A0F13000B0FA80F0400908BD00BFB1
:108FA800FF2270B50E4B0F4D1B882A80012B00D075
:108FB80070BD044600F078F92046FDF723FF10F451
:108FC800804606D14306F3D5204600F045F92E80A9
:108FD80070BDD5232B802046BDE8704000F074B9E1
:108FE8007E8A00207C8A0020704700BF10B50446A6
:108FF80090F8240000F068F994F82400BDE81040C7
:1090080000F052B90B46022201461846FEF74EBA46
:1090180002220021FEF74ABA2DE9F04145088046B0
:109028000F4614461E4623D002EB450534F8022BA2
:1090380039463046FDF7AEFAAC42F7D118F0010FC9
:1090480002D12846BDE8F081394630460022FDF7B6
:109058001FFC15F8012B39463046FDF7BBFA3046A0
:109068004FF480623946FDF713FC2846BDE8F081CD
:109078001546E3E72DE9F041450880460F461446BA
:109088001E4618D002EB450539463046FDF754FA1E
:1090980024F8020BAC42F7D118F0010F02D1284690
:1090A800BDE8F08139463046FDF746FA05F8010B70
:1090B8002846BDE8F0811546EEE700BFF8B515462D
:1090C80004460F4601461046FDF704F92146284696
:1090D800FDF7D2FD21462846FDF71CFE214628460D
:1090E800FDF76EFE21462846FDF762F90021284665
:1090F800FDF790FA00F00F00844255D00121284670
:10910800FDF788FA00F00F00844242D00221284679
:10911800FDF780FA00F00F0084422FD02146284640
:10912800254E00F061FB21462846FEF79FF856F8C9
:10913800243013B3214A214652F8242028461A61C4
:1091480056F824301F8556F82470FEF759F87885AC
:1091580056F82400436823B100221146984756F870
:1091680024000FF045FC002346F82430214695F8EA
:109178002400BDE8F84000F053BFF8BD002328469E
:1091880019460222FDF7BCF802212846FDF738FBF4
:10919800C4E70023284619460122FDF7B1F801214A
:1091A8002846FDF72DFBB1E7002328461A46194645
:1091B800FDF7A6F8A2E700BFD4790020247A0020A2
:1091C80010B5064C238803B910BDFEF787FA642052
:1091D800FFF73AFD0023238010BD00BFB8780020B8
:1091E80010B5064C238803B910BDFEF777FA642042
:1091F800FFF72AFD0023238010BD00BFB8780020A8
:109208000122024B1A80FEF76BBA00BFB878002023
:1092180030B9074A13889BB243F010031380704794
:10922800044A13889BB243F010031380704700BFB1
:10923800000009400010114038B9054A138823F08E
:1092480010031B041B0C13807047024AF6E700BF8B
:10925800000009400010114030B9074A13899BB239
:1092680043F4807313817047044A13899BB243F413
:1092780080731381704700BF00000940001011403F
:1092880030B9074A138E9BB243F480431386704764
:10929800044A138E9BB243F480431386704700BF81
:1092A800000009400010114038B9054A138E23F414
:1092B80080431B041B0C13867047024AF6E700BF65
:1092C80000000940001011404BF6FF7218B9044B1A
:1092D800A3F840207047034BA3F84020704700BF15
:1092E80000000940001011404FF6F77218B9044BFE
:1092F800A3F840207047034BA3F84020704700BFF5
:10930800000009400010114040B9094AB2F8603025
:109318009BB243F00403A2F860307047054AB2F8E4
:1093280060309BB243F00403A2F86030704700BF7E
:109338000000094000101140D8B90E4B1A8892B2AB
:1093480042F480621A801A885205FCD54FF4806175
:109358004FF41D401A8822F020021204120C1A80C1
:109368001A8892B242F001021A80198419859985E7
:10937800188670470000094048B9094A012913882E
:1093880009D023F010031B041B0C13807047054AF7
:1093980001291388F5D19BB243F01003138070475D
:1093A800000009400010114088B90C4AB2F860303A
:1093B80023F003031B041B0CA2F86030B2F86030E2
:1093C8009BB231B943F00103A2F860307047044AF8
:1093D800ECE743F00203A2F8603070470000094050
:1093E8000010114070B5314D90F800C092B035F8BA
:1093F8001CE01FFA8EFEBEF1010F15D035F81C30A7
:109408009BB2022B02D0002012B070BD284B1B88E3
:10941800012B49D00124274B10466A468DF824C0F9
:109428001C8004F057FCEEE703460C46002102942A
:109438001C4621480A2501908020CDE903225A784C
:10944800CCEB0C1C1D4EADF822104FEA8C0C02EB35
:1094580082010CEB410CB444ACF808205A788DF822
:10946800370002EB820114F80C2BC2EB02129200B7
:1094780002EB410206EB020C03CCB050CCF804100E
:1094880018785A78C0EB00139B0015FB0235354459
:109498008DF824000595FFF7C7F803466846109332
:1094A80002F0CAF812B070BDD520ADE7E08E0020FA
:1094B800288A0020268A002091B10000447C0020E0
:1094C80070B50446434D2378084635F813C09CB060
:1094D8001FFA8CFCBCF1010F1BD035F813C08DF8B6
:1094E8004C301FFA8CF3022B02D000201CB070BD48
:1094F80000294BD0384B1B88012B08D00124374B4F
:10950800014610460AAA1C8004F0A0FBEDE7D5200E
:10951800ECE78020CDE90D2222464FF0000C0A2509
:109528000C912F49C3EB03130B9161782D4E8DF8E5
:109538005F009B0001EB810003EB4003334419817A
:109548006378ADF84AC003EB830112F80C3BC3EB18
:1095580003139B0003EB410306EB030C03CAF05013
:10956800CCF8041020786278C0EB00139B0015FB40
:10957800023535448DF84C000F95FFF755F8034632
:109588000AA81A9302F058F81CB070BD002AB1D18D
:10959800A3880AA8D3B900F035F9002394252178C7
:1095A80004AA0C348DF80410039394E80300ADF872
:1095B800083082E803008DF8075011F055F903468A
:1095C80001A90820069300F03FF98EE7FFF720FD78
:1095D800E3E700BFE08E0020288A0020268A0020CA
:1095E80091B10000447C002010B590F803C01E4BD8
:1095F800BCF10A0F044653F83C30007892B01FD9EA
:10960800CDE903120592802202936378174903EB90
:109618008C032D3B5B00DBB2CB5C8DF83B20ADF8B7
:1096280026308DF82800FEF7FFFFD4E9072301460E
:1096380001A8CDE90F23119101F0FEFF12B010BD72
:10964800CDE903120293216A094B109113F81C30DB
:10965800E1698DF8280001A80F910592ADF8263030
:1096680004F07CFE12B010BD34790020607A00202E
:109678004C7A002030B50446C0781F4D430093B0A3
:1096880001330A2894F800C055F82350039120D9D3
:10969800059280226378A0F10B0103EB81035B0044
:1096A8001649013BDBB2CB5C60468DF828C0ADF8AB
:1096B80026308DF83B200295FEF7B6FFD4E9072344
:1096C800014601A8CDE90F23119101F0B5FF13B0B0
:1096D80030BD0592226ADBB21092E26901A80F92AE
:1096E800074A8DF828C0D35C0295ADF8263004F0FF
:1096F80035FE13B030BD00BF34790020607A0020F9
:109708004C7A002010B5C37892B00A2B17D942784A
:10971800134C02EB83032D3B01EB4301C9B2645C9C
:10972800DCB100788DF82800FEF77EFF034608229A
:10973800214601A8119301F05DFD12B010BD094A40
:1097480001EB4301C9B2515C39B1037801A88DF826
:10975800283004F029FE12B010BDFF2012B010BD51
:10976800607A00204C7A0020092900D97047FDF75B
:10977800A5BA00BF092901D90020704708B5FDF72F
:109788003FFD00F0030008BD09290FD810B541B10D
:109798000446FDF789FC2046FDF7DCFCC0F30A000F
:1097A80010BDFDF737FCC0F30A0010BD002070475C
:1097B800092901D90020704710B50446FDF774FC4B
:1097C8002046FDF78DFC00F0100010BD092901D9D5
:1097D8000020704710B50446FDF766FC2046FDF7EB
:1097E8007FFC00F4404010BD092900D9704738B506
:1097F8000C460546FDF762FD21462846BDE838407F
:10980800FDF78ABD092900D970470122FDF74EBE30
:10981800092900D9704738B50C460546FCF75AFDAA
:1098280021462846BDE838400222FDF781BE00BF28
:1098380008B5FCF73FFE00F00700431E022B8CBF63
:109848000020800108BD00BF2DE9F0478E463F4D3E
:10985800DFF80CA1B5F80080887108EBC80C0AEB9A
:109868008C0C0F46441EBEE80F00ACE80F00BEE8A3
:109878000F00ACE80F00DEF8003046464FEAC80992
:10988800CCF800300E2C15D8DFE804F00814082DA9
:109898002D080840202008080814200000223978E4
:1098A8002B4B09EB080053F821300AEB80001146D6
:1098B80098472E88274B721CA3FB0213DB0803EB87
:1098C8008303A2EB43022A80BDE8F0873A78204B55
:1098D80009EB080053F82230796900220AEB80006E
:1098E80098472E88E6E73A781B4B194933F8123027
:1098F80009EB08009BB2012B51F822400AEB8000CB
:109908001DD000221146A0472E88D3E73A78124B83
:109918000F4933F8123009EB08009BB2012B51F8BC
:1099280022400AEB800005D07A8A1AB91146A0476E
:109938002E88BFE700227969A0472E88BAE7074B2F
:1099480053F822100022A0472E88B3E7A87A0020F7
:1099580034940020CDCCCCCCE08E0020407C00207C
:1099680038940020FF20704770B5047884B0012C2B
:1099780050D0002204210A200FF094FBAF4B18604E
:10998800002843D00424AE48002301904FF400720D
:10999800AC49AD48009410F065FA012840F04581C3
:1099A800002221460A200FF07DFBA84B186068B3FF
:1099B8000324A748002301904FF40072A549A64844
:1099C800009410F04FFA012840F02F81A34C04F1C5
:1099D8001405002204210A200FF064FB44F8040B4C
:1099E800002800F02681AC42F3D19D4C04F12805F3
:1099F800002204210A200FF055FB44F8040B00282C
:109A080000F01781A542F3D1002400E0012420468C
:109A180004B070BD002504210A202A4603950FF0E2
:109A280041FB904B18600028F1D02A4604210A20F7
:109A38000FF038FB8C4B18600028E8D02A46042128
:109A48000A200FF02FFB894B18600028DFD02A4628
:109A580004210A200FF026FB854B18600028D6D079
:109A68000322294620460FF01DFB824A106020B1D0
:109A78002B462A4629460FF081FB002204210A20A2
:109A88000FF010FB7C4B18600028C0D00022042186
:109A98000A200FF007FB794B18600028B7D0002286
:109AA80004210A200FF0FEFA754D2860002800F006
:109AB800C080744C04F1280644200EF0BBFE0390CD
:109AC800002800F0B680002344F8040B1A462868E2
:109AD80003A90FF053FBB442EED1002204210A205F
:109AE8000FF0E0FA684D2860002800F0A280674C6B
:109AF80004F1280644200EF09DFE0390002800F093
:109B08009880002344F8040B1A46286803A90FF02C
:109B180035FBB442EED1002204210A200FF0C2FA2C
:109B28005B4D2860002800F084805A4C04F1280618
:109B380044200EF07FFE039000287AD0002344F8DA
:109B4800040B1A46286803A90FF018FBB442EFD19A
:109B5800002204210A200FF0A5FA4F4D28600028A2
:109B680067D04E4C04F1280644200EF063FE0390A3
:109B780000285ED0002344F8040B1A46286803A97D
:109B88000FF0FCFAB442EFD1002204210A200FF0B2
:109B980089FA434D286000284BD0424C04F128062E
:109BA80044200EF047FE0390002842D0002344F8DA
:109BB800040B1A46286803A90FF0E0FAB442EFD163
:109BC800002204210A200FF06DFA374D286080B377
:109BD800364C04F1280644200EF02CFE039040B3C6
:109BE800002344F8040B1A46286803A90FF0C6FAA4
:109BF800B442F0D104242E48002301904FF400729F
:109C08002C492D48009410F02DF901280DD103247A
:109C18002A48002301904FF40072294929480094EA
:109C280010F020F901283FF4D1AE0324204604B0F7
:109C380070BD0224204604B070BD00BF187C00200F
:109C4800307C002068E30100B1DE0000007C0020C9
:109C58002C7C002070E30100453C0000E87B0020DC
:109C6800C07B0020247C0020207C00201C7C00205D
:109C7800147C0020287C0020107C00200C7C002014
:109C8800BC7B0020747B0020B87B00204C7B00202C
:109C9800B47B0020247B0020B07B0020FC7A0020CD
:109CA800AC7B0020D47A0020A87B0020AC7A00206E
:109CB800387C002058E301005DAB0000347C0020B4
:109CC80060E301009DCF000038B54E4B33F81030EB
:109CD8009BB2012B23D04C4B186810F0F3F84B4B78
:109CE80018680FF07DFD4A4B186810F0EBF8494BE7
:109CF80018680FF075FD484C04F1140554F8040B6E
:109D08000FF06EFDAC42F9D1444C04F1280554F82B
:109D1800040B0FF065FDAC42F9D1002038BD404B73
:109D2800404C18680FF05CFD3F4B04F1280518689B
:109D38000FF056FD3D4B18680FF052FD3C4B18686C
:109D48000FF04EFD3B4B18680FF04AFD3A4B186870
:109D58000FF046FD394B18680FF042FD384B186874
:109D68000FF03EFD54F8040B0EF042FEAC42F9D160
:109D7800344B354C18680FF033FD04F1280554F8BE
:109D8800040B0EF035FEAC42F9D1304B304C18685C
:109D98000FF026FD04F1280554F8040B0EF028FEF8
:109DA800AC42F9D12B4B2C4C18680FF019FD04F17B
:109DB800280554F8040B0EF01BFEAC42F9D1274BD2
:109DC800274C18680FF00CFD04F1280554F8040B13
:109DD8000EF00EFEAC42F9D1224B234C18680FF05E
:109DE800FFFC04F1280554F8040B0EF001FEAC4208
:109DF800F9D11E4B186810F065F81D4B186810F063
:109E080061F878E7E08E0020307C0020187C002084
:109E18002C7C0020007C0020E87B0020C07B0020F8
:109E2800247C0020747B0020207C00201C7C0020E7
:109E3800147C0020287C0020107C00200C7C002052
:109E4800BC7B0020B87B00204C7B0020B47B00202A
:109E5800247B0020B07B0020FC7A0020AC7B002013
:109E6800D47A0020A87B0020AC7A0020387C00201F
:109E7800347C0020B9B138B5002540F6B833AA4281
:109E880008BF1A46094B0D6053F820300C46186875
:109E98000FF0F2FA012801D0FF2038BD2368002B0B
:109EA800FAD0284638BDFF20704700BF3003002095
:109EB80000B583B0019151B10023094A01A952F8B4
:109EC800202010681A460FF059F9012803D0FF2006
:109ED80003B05DF804FB002003B05DF804FB00BF8D
:109EE80030030020002300B585B00191039349B1E8
:109EF8000D4A52F8201003AA086801A90FF048FA81
:109F0800012803D0FF2005B05DF804FB039B3BB19B
:109F18004FF08052054B5A60BFF34F8FBFF36F8FDE
:109F2800002005B05DF804FB3003002000ED00E0E0
:109F380099B138B500250A4B2A4653F820300C460B
:109F480018680D600FF098FA012801D0FF2038BD7D
:109F58002368002BFAD0284638BDFF20704700BF81
:109F68000403002000B583B0019151B10023094AD0
:109F780001A952F8202010681A460FF0FFF80128AE
:109F880003D0FF2003B05DF804FB002003B05DF8A8
:109F980004FB00BF04030020704700BF704700BFE8
:109FA80030B50C4683B090F824500EF021FD631EA6
:109FB800082B11D805EB850304EB4304074D03E098
:109FC800019848B10EF014FD002255F8240001A9AB
:109FD8000FF052FA0128F3D003B030BDC07B002047
:109FE80070B50E4682B090F824400EF001FD731E45
:109FF800042B10D804EB8404084D344403E0019882
:10A0080048B10EF0F5FC002255F8240001A90FF024
:10A0180033FA0128F3D002B070BD00BFE87B0020FE
:10A028004B1E082B00D9704710B500EB8003124A6D
:10A0380001EB430182B0044652F82100002201A935
:10A048000FF01AFA012801D002B010BD019B002BB5
:10A05800FAD00A4A002332F81420094C92B2012A95
:10A0680018BF052054F820001A4601A900680FF00F
:10A0780085F802B010BD00BFC07B0020E08E002034
:10A088003003002070B5154C00EB800304F1140573
:10A09800064682B004EB830405EB830501E0AC427D
:10A0A8001AD0002254F8040B01A90FF0E5F9012891
:10A0B800F5D1019B002BF2D0094A002332F8162073
:10A0C800084C92B2012A18BF052054F820001A46FD
:10A0D800006801A90FF052F802B070BDE87B0020BB
:10A0E800E08E00203003002010B54B1E82B0082BF4
:10A0F80001900ED88C46002390F82400064C00EB03
:10A1080080000CEB400C1A4654F82C0001A90FF003
:10A1180035F802B010BD00BFC07B002010B54B1E43
:10A1280082B0042B01900DD88C46002390F82400AF
:10A13800054C00EB800060441A4654F8200001A941
:10A148000FF01CF802B010BDE87B0020F8B50446FB
:10A158000E4615460021FFF75BFB94F82430304883
:10A1680003EB830340F8336094F824302D4A03EB63
:10A17800830342F833504FF488712046FCF72EFFD2
:10A1880000212046FDF742F9274F94F8243037F88C
:10A198001320132A38D0002600212046FCF782FE1F
:10A1A80094F82430214A03EB83039B00D6523146AE
:10A1B8003246204601F06EFD012805461DD020F0EC
:10A1C8000206B6B20EB12846F8BD94F824303146DE
:10A1D80037F81320022A14BF1322042227F8132069
:10A1E8002046FCF7B9FD31462046FFF7BDFA204668
:10A1F8003146FFF707FB2846F8BD072294F82430BC
:10A20800314627F81320EBE7094A03EB830352F89A
:10A218003330002120465A8D01F0FCFCBBE700BF1B
:10A22800D87C0020AC7C0020307D0020007D002000
:10A23800847C002070B504460E4615460021FFF7C1
:10A24800E7FA94F82430234803EB830340F833609B
:10A2580094F82430204A03EB830342F833508021DA
:10A268002046FCF7BBFE80212046FEF7B3FA1B4EC2
:10A2780094F8243036F81320142A1BD0032A14BF6C
:10A2880014210521002526F8131094F82430144AC7
:10A2980003EB83039B0020462946D552FCF7C0FCFC
:10A2A80029462046FFF760FA29462046BDE8704057
:10A2B800FFF7A8BA0B4A03EB830352F833300021A7
:10A2C8005A8D204601F0A6FC94F8243036F8132065
:10A2D800D4E700BFD87C0020AC7C0020307D002073
:10A2E800007D0020847C002070B504460E460021C5
:10A2F800FCF766FD00212046FCF7BEFC0021204645
:10A30800FCF708FD00212046FFF782FA94F8241094
:10A31800002969D0012972D0002320461A4619461F
:10A32800FBF7EEFF00212046FCF702FC0022202369
:10A3380011462046FBF7E4FF00212046FCF7F8FB16
:10A34800A6F11103012B05D900212F4B94F82420E5
:10A3580023F8121094F824302C4D03EB830355F89E
:10A36800333000211E8594F82430204603EB830304
:10A3780055F83360FCF744FF708594F8243024497D
:10A3880003EB830355F8332031F8233082F8363055
:10A3980094F82430226C03EB830355F833301A64A5
:10A3A80094F8242002EB8203DB00E95881F824208A
:10A3B800E85820B1436813B100221146984794F831
:10A3C800243003EB830355F833000EF011FB002211
:10A3D80094F8243003EB8303DB00EA5094F824005C
:10A3E800BDE87040FFF74EBE4FF480622046FCF790
:10A3F8004FFA4FF410612046FEF7ECF98CE74FF462
:10A4080000620021F2E700BF307D0020847C00203C
:10A41800007D002030B50446002185B0FCF7D0FC53
:10A4280000212046FCF728FC94F82430234A2448CD
:10A4380003EB8303DB00C058D3582249036194F827
:10A448002430214D03EB830052F8302041F82320BB
:10A4580094F824C035F81C30013B132B15D8DFE8DD
:10A4680003F00A14141416140A14141414141414EB
:10A478001414141414166A4600212046FFF7DAFE55
:10A48800072294F8243025F8132005B030BD0523A1
:10A4980000216A46204625F81C30FFF757FEFF28A2
:10A4A80006D0062294F8243025F8132005B030BDD4
:10A4B80007212046FFF718FFE7E700BFD87C0020F8
:10A4C800847C0020D47C0020307D00202DE9F047DA
:10A4D800044690F82430DFF8FC9003EB830259F827
:10A4E8003210394E4A6991F83750118903EB43030A
:10A4F80001EB430336F81310B2F800A0D688B2F87F
:10A5080002809788FCF7A4FD94F82430802D03EB93
:10A51800830259F832003146026903D1B2423CBF86
:10A52800114696B28A4284BF016194F824300AF039
:10A53800800236B9EAB9A5F18005B5FA85F56D0945
:10A5480004E08AB1802D0CBF032512251F4A22F88A
:10A55800135094F8243032F8133063B92046BDE81C
:10A56800F0470821FFF7C0BE802D0CBF022511253A
:10A57800ECE73546EAE751462046FEF71BF9414627
:10A588002046FEF71BF939462046FEF71BF93146EF
:10A598002046FEF71BF9002194F824300C4A03EBFF
:10A5A80083039B00D1522046FEF7F8F82046FEF7B9
:10A5B800FBF82046FEF7CAF82046FEF7CFF82046FB
:10A5C800BDE8F047FEF70AB9207D0020307D002065
:10A5D800007D0020847C0020704700BF70B50446D1
:10A5E8000D461646FCF748FB002094F82430154920
:10A5F80003EB830305EB430321F813003246294696
:10A60800204601F047FB012809D829462046FCF7D7
:10A61800A3FB29462046BDE87040FFF7A5B80228ED
:10A6280006D029462046BDE870400722FDF79ABEAD
:10A6380029462046FCF7F4FA29462046BDE8704032
:10A64800FFF792B8007D00202DE9F84390F82430F8
:10A658004D4A03EB830301EB430352F8238004467E
:10A6680098F837300D46D8F81070002B7ED0294660
:10A678002046FBF72FFE002194F82430434E03EBCD
:10A68800830305EB430346F8237094F82430D8F885
:10A6980008703F4803EB830305EB430340F823703E
:10A6A80094F824303B4A03EB830305EB430322F879
:10A6B800131020462946FCF7F5FB29462046FCF7EF
:10A6C800B1FB2946204601F0D9F90746002842D0B7
:10A6D800431E9BB2012B37D8A36B2F4A5B682946D0
:10A6E8005B68204693F8008094F8243008EB8303D5
:10A6F80022F8135094F82490FBF79AFC274A08EBA9
:10A70800890922F8190094F8243008EB830803EB30
:10A71800830305EB430356F8233032F8182093429D
:10A7280029D9B3FBF2F102FB11329B1A1C4A42F8F9
:10A738002830294620463A46FDF7E4F929462046BE
:10A74800BDE8F843FFF75EB829462046BDE8F84360
:10A758000722FDF707BE294602462046FFF73EFFBF
:10A7680029462046BDE8F843FFF74CB8B8F82A2038
:10A7780001F050FA7BE70A4A2946204642F8283079
:10A78800FCF7EAFAD5E700BF847C0020D87C0020DB
:10A79800AC7C0020007D0020747600207C760020B0
:10A7A8008476002070B5458C0446002D31D14FF4D5
:10A7B80089730560038444200EF03CF8064600289F
:10A7C8002BD04422214611F0BBF963698BB185B9BE
:10A7D8001A8806F12C03B28562695288F28562698B
:10A7E800928832866269D288728662691289736138
:10A7F800B28610F039F80346F361A36B0120B36306
:10A80800E36B3146F363FFF753FB044640B9204638
:10A8180070BD294601F008FA38B9FF24204670BDFA
:10A8280030460EF0E5F8204670BD00224FF48973DB
:10A83800092D22602384BED9FF24EFE770B50446B2
:10A8480082B00D46022094F8242001A9FFF770FB7E
:10A8580000B1FEE740F20513019E3060F084758474
:10A868003384236C3146336494F82430022086F80C
:10A878002430E36BF363A36BB363E369F361FFF71E
:10A8880017FB08B902B070BD31460220FFF76AFB1A
:10A8980002B070BD2DE9F041044682B00F469046E3
:10A8A800012094F8242001A91E46FFF741FB00B1BE
:10A8B800FEE7019D089B28602F84A5F82280AE60E2
:10A8C8006B60236C29462B6494F82430012085F8AA
:10A8D8002430E36BEB63A36BAB63E369EB61FFF7D6
:10A8E800E7FA044618B9204602B0BDE8F0812946C7
:10A8F8000120FFF737FB204602B0BDE8F08100BF1A
:10A908002DE9F041044682B00F461646022094F81D
:10A91800242001A91D46FFF70BFB00B1FEE7DDF877
:10A928000480C8F80000A8F82070A8F82260A8F8E9
:10A938002650236C4146C8F8403094F82430022051
:10A9480088F82430E36BC8F83C30A36BC8F838307B
:10A95800E369C8F81C30FFF7ABFA10B902B0BDE8DC
:10A96800F08141460220FFF7FDFA02B0BDE8F08110
:10A9780030B5114B90F82420044633F8125083B0B8
:10A988006DB903F093F820465021FDF7A5FB294641
:10A9980020466368228C03B0BDE830401847012088
:10A9A800FEF756F90023054D218C20461A460095DE
:10A9B800FFF770FF03B030BD307D002025C60000D2
:10A9C80010B5044601F014F8204601F025F8204699
:10A9D800BDE8104000F0E0BFFF2A2DE9F0411CBFA0
:10A9E80094464FF481784FF0000204464FF08006F9
:10A9F80090F824003B4D08BFDFF8F4803A4F00EB95
:10AA0800001E05EB8E0E00EB800047F81080CEF894
:10AA1800082007EB4000018194F8241008BF4FF08C
:10AA2800000C01EB011105EB81014B6094F8243017
:10AA3800C28003EB031305EB83031A6194F82430F7
:10AA4800A0F804C003EB031305EB83035A8494F8BE
:10AA5800243003EB031203EB830307EB430705EBF7
:10AA680082035F6194F8243003EB031305EB83033F
:10AA780083F8376094F8242002EB021305EB830374
:10AA880083F82420226C1A6494F8240000EB001048
:10AA980005EB8000FFF786FED52802D0D0B1BDE8CF
:10AAA800F081124E0220FEF7D3F894F8243003EB1D
:10AAB800031205EB8202518C104629B992F8243012
:10AAC80036F81330282BEDD0FFF76CFED528E9D0E7
:10AAD8000028E4D140F6B831204603F0A1F8BDE8DB
:10AAE800F08100BF707E0020B47E00202C7D002005
:10AAF80000010100F8B5164604460F4600F0AAFF0B
:10AB080039460546204601F0A3F801462A46334651
:10AB18002046C1F30F31FFF75FFF054608B128460D
:10AB2800F8BD94F82430074E204636F81310FEF787
:10AB38006FFE94F82430204636F81310FCF716FC04
:10AB48002846F8BDC07E0020092901D8FFF7D2BFEA
:10AB5800FF2070472DE9F04FDFF8F892BA4DBB4F50
:10AB6800BB4EDFF8F48283B042F21072012001A9D3
:10AB7800FFF780F90028F7D16FF48072019C238CCD
:10AB8800B4F822B01344162BEED801A252F823F0E1
:10AB980001AE0000F3AD0000E3AD0000D5AD00004C
:10ABA80025AE00000FAE000033AE0000D9AC0000A7
:10ABB80049AD000023AD000003AD000071AB0000FB
:10ABC800F5AC000071AB0000C3AD000071AB000034
:10ABD80071AB00006BAD0000B3AC00008DAC0000A1
:10ABE8007FAC000061AC0000F5AB0000BBF1130FB7
:10ABF80000F23481BBF1000FB6D00BF1FF3BBBF183
:10AC0800120FB1D801A353F82BF000BFADAF00006D
:10AC1800A5AF00009DAF00008BAF000071AB000036
:10AC280071AB000071AB000071AB000071AB0000AC
:10AC380071AB000071AB000071AB000071AB00009C
:10AC480071AB000071AB000071AB000083AF000076
:10AC580071AB00007BAF000059462046FCF7D6FBDD
:10AC68004FF48B72002120466368984721460120E3
:10AC7800FFF778F978E759462046FCF777FB40F26A
:10AC88001512EFE794F8243003EB83030BEB43032F
:10AC980055F82330002BE9D0BBF1000F40F0388184
:10ACA80008212046FFF720FBE0E794F8243003EB67
:10ACB80083030BEB430355F82330002BD6D0BBF1AD
:10ACC800000F40F01F8109212046FFF70DFBCDE75B
:10ACD8000021204602F0E4FE204600F075FE6420C4
:10ACE800FDF7B6FF4FF484725946BCE75946204633
:10ACF800FEF78EFD40F20D12B4E72046FDF744FA48
:10AD08002046FEF795FD5946024663682046984757
:10AD180021460120FFF726F926E7F0212046FBF718
:10AD2800F3FB0120FDF794FF204600F061FE20466A
:10AD380000F072FE204600F02FFE4FF4857291E776
:10AD480094F82430BBF1090F26F813B000F2D8802C
:10AD5800594642462046FFF7CDFE81B240F209121D
:10AD680081E7BBF1000F40F0D9806369204619895B
:10AD7800090301F4704100F063FE002800F0EE8042
:10AD880094F8243003EB830355F83320002A40F06D
:10AD9800DF8045F8334094F8242039F81230002B2E
:10ADA80000F06481142B00F06581132B00F087817B
:10ADB80020460721FFF798FAD6E65A4620460BF0B8
:10ADC800070100F027FF40F20F124BE72046FFF77C
:10ADD800CFFD4FF48272594645E72046FDF71AFA2F
:10ADE8002046FEF725FD02463CE72046FDF78AFB94
:10ADF8004FF48172594636E72046FDF7C5F940F20F
:10AE0800011259462FE7502294F82430204627F89B
:10AE18001320FFF7ADFD4FF4837223E72046FDF7BB
:10AE28002FFA40F2051259461DE7204600F0C2FDF0
:10AE38000121204602F034FE6420FDF709FF40F2AC
:10AE4800071259460FE700BF847C0020347D00209C
:10AE5800C07E0020307D002021DC0000ABF1410BDA
:10AE68001FFA8BF3212B3FF67FAEBBF1210F3FF684
:10AE78007BAE01A353F82BF06DB0000065B0000065
:10AE88005DB0000055B0000071AB000071AB000070
:10AE980071AB000071AB000071AB000071AB00003A
:10AEA80071AB000071AB000071AB000071AB00002A
:10AEB80071AB000071AB000071AB000071AB00001A
:10AEC80071AB000071AB000071AB000071AB00000A
:10AED80071AB000071AB000071AB000071AB0000FA
:10AEE80071AB000071AB000071AB000071AB0000EA
:10AEF80071AB000071AB0000F5AF0000B5AF00000A
:10AF0800FF212BE7594609222046FDF72BFAADE62B
:10AF1800594608222046FDF725FAA7E65946204655
:10AF280000F082FE82462046514600F089FDD8B1E5
:10AF380094F8242002EB82030BEB430355F82330EB
:10AF4800002B00F0C18059462046FFF7CDF80BE6EC
:10AF5800636920461989FFF7E1F805E66369204629
:10AF68001989FFF73DF8FFE559462046FFF718F81D
:10AF7800FAE52046FBF74CFEF6E52046FBF742FED5
:10AF8800F2E52046218DFCF7BDFF2046218DFCF718
:10AF9800C1FEE9E5204600F0BDFBE5E5204600F0EE
:10AFA800F9FBE1E5204600F06BFBDDE5142394F89E
:10AFB8002420554903FB02F28B5A01339BB2012B23
:10AFC8008B523FF4F5AE0520FDF742FE2046FDF713
:10AFD800E5FB2046FDF7E8FB2046FDF7B7FB2046DA
:10AFE800FDF7BCFB2046FDF7F9FBBDE594F82430DE
:10AFF80039F81320013A112A3FF6B6AD01A151F8EC
:10B0080022F000BFBFB00000A5B0000091B0000062
:10B0180071AB000071AB000071AB000071AB0000B8
:10B0280071AB000071AB000071AB000071AB0000A8
:10B0380071AB000071AB000071AB000071AB000098
:10B0480071AB0000A5B0000091B000002046FDF7EC
:10B058009BF889E52046FDF755FA85E5204602F07C
:10B0680067FD81E5204602F0A5FD7DE52046FFF756
:10B078002DFA79E5282303FB02F2AB5820469A689B
:10B088001969FFF7D7F86FE5282202FB03F3EB589D
:10B0980020469A681969FFF7CDF865E5282202FB72
:10B0A80003F3EB5820469A681969FFF74FF8FF2811
:10B0B8007FF45AAD7CE62046FFF7ACF954E5282327
:10B0C80003FB02F2AB58EDE70A2303FB02B245F893
:10B0D8002240BAF1000F0DD0BBF1090F3FF644AD85
:10B0E80059462046FEF764FB594648B9204600F009
:10B0F80065FE39E5594620460722FDF733F933E561
:10B108002046FFF7A1FA2FE5007D0020092900D984
:10B1180070474FF0000C70B590F82430164E03EBD2
:10B12800830301EB43030C46054626F813C000F0E1
:10B13800FDFE032819D8DFE800F0110A020370BDEC
:10B1480021462846BDE870400522FDF70BB9214687
:10B158002846BDE87040042200F072BF2146284608
:10B16800BDE87040032200F06BBF21462846BDE8C9
:10B1780070400722FDF7F6B8007D0020092900D9A4
:10B188007047FFF72BBA00BF30B5028D8BB01AB1EC
:10B19800062A0CBF0122FF224FF0940CADF80820BC
:10B1A800002290F8241043698DF804108DF807C028
:10B1B800B3F800C08DF80620ADF810C05A88C469ED
:10B1C800ADF812209A880A48ADF81420DA8850F8A9
:10B1D8002150ADF816201B89521B082001A98DF8B3
:10B1E800053003920694FEF72FFB0BB030BD00BF6D
:10B1F800D47C0020F0B50D46114690F824201E4E50
:10B2080002EB820305EB430356F8233083B07BB38C
:10B2180040F213130929044601A94FF0010014BF95
:10B228004FF48A771F46FEF783FE00B1FEE7019EC2
:10B23800124B3060C6E9013037847584236C31467F
:10B24800336494F82430012086F82430E36BF363E8
:10B25800A36BB363E369F361FEF72AFE044610B9F2
:10B26800204603B0F0BD31460120FEF77BFEF7E72C
:10B27800D524204603B0F0BD847C0020E1A5000061
:10B28800F8B5184D90F8243035F81320052A28D839
:10B29800D82606FB03F30A26044602EBC20203EB98
:10B2A8008203114F114AD75013449E80CA88DA800E
:10B2B8008A689A60CE68DE600A691A614A695A61CA
:10B2C8008A699A61CA69DA610A6A4FF470411A6236
:10B2D8000022B04794F8242035F81230013325F8BD
:10B2E8001230F8BD147D0020FFFF00F0987D00208B
:10B2F80090F824C019B9164B23F81C107047002287
:10B3080030B50CEB4C03134C03EBC30304EBC30342
:10B31800B3F806E024338E4503D00132062AF7D16C
:10B3280030BD4FF0D80E0A230EFB0CFC02EBC20214
:10B33800094D0CEB820C44F80C50644463600449DA
:10B3480090F8242031F81230013B21F8123030BD3A
:10B35800147D0020987D0020FFFF00F000B54FF01D
:10B36800640E4FF0010C0EFB00F0084B01EB81015D
:10B3780000EB410123F801C00B44118859809188E2
:10B38800D980D2881A815DF804FB00BFD0780020EC
:10B3980040F20A2C2DE9F04162450E461D4684B064
:10B3A80029D040F20B239A42144618D040F20923C0
:10B3B8009A420BD100232A4640F209110096FFF762
:10B3C80069FA0446204604B0BDE8F081074690F8C3
:10B3D800242003A90220FEF7ABFDC0B1FEE700233D
:10B3E8002A4640F215110096FFF754FA0446204603
:10B3F80004B0BDE8F08100232A464FF48B71009613
:10B40800FFF748FA0446204604B0BDE8F081DDF8AD
:10B418000C80A8F82040C8F80000A8F82250C8F806
:10B4280004603B6CC8F8403097F8243088F8243022
:10B43800FB6BC8F83C30BB6BC8F838300FF014FA17
:10B44800034603990220C8F81C30FEF731FD044674
:10B458000028B7D003990220FEF784FDB2E700BFA9
:10B468002DE9F84F464E05463478002C79D0002750
:10B478004FF0D80AB8463E463C46DFF840B1DFF800
:10B48800409195F824003F4B1AFB008024220021AC
:10B49800184410F001FB06223C2395F8241008F10B
:10B4A800240812FB01620BEB021112014BF8024057
:10B4B800C1E90144CC6095F82420334913FB027399
:10B4C80002EB420206EB4202013649F80340062E1F
:10B4D8004B4421F812405C601C8107F10A07D0D167
:10B4E8000022144695F82410284F294E29488B002D
:10B4F8000B4402EB430347F8234095F8243003EB51
:10B50800830302EB430346F8234095F8241001EB2C
:10B51800810302EB430301320A2A20F813404FEA61
:10B528008103E5D128221C4B1C4823F811401C4BF1
:10B5380023F811401B4B23F811401B4B23F81140F3
:10B548001A4B01EB810423F8112000EBC400002101
:10B5580010F0A2FA01210846FEF720FD0020BDE800
:10B56800F88F134B4422214612481C8010F094FA9D
:10B578000122114B3270C3E900441C8177E700BFF8
:10B588003C7C0020987D0020207D0020D87C002075
:10B59800AC7C0020007D00201C7D0020847C0020E5
:10B5A800187D0020147D0020307D0020347D00208F
:10B5B800C07E0020707E0020B47E0020387D0020F0
:10B5C800447C0020012300B50B4A8BB00B498DF851
:10B5D8000530D26890F82430C0698DF8043041F8FD
:10B5E80023000AB1136A079304200DEB0001FEF74C
:10B5F8002BF90BB05DF804FBE8950020407C002097
:10B60800012200B50A4B8BB090F824108DF8052064
:10B61800DB68C2698DF8041006920BB11B6A0793A8
:10B62800052001A9FEF710F90BB05DF804FB00BF77
:10B63800E8950020F9F7A6B8438C33B9054B90F884
:10B64800242033F81230282B01D0FFF7ABB8D520CF
:10B65800704700BF2C7D0020034600B5074A8BB019
:10B6680032F813200D2001A98DF804308DF805203B
:10B67800FEF7EAF80BB05DF804FB00BF1C7D002064
:10B6880038B5058D0446EB0716D5214B90F82420D4
:10B6980033F81230072B15D0142B23D0052B0BD1E0
:10B6A8000022114600F042FC032826D013D80228B5
:10B6B80002D02046FEF7AEFE29462046BDE83840B7
:10B6C80000F0C4BC0021FEF70FFE29462046BDE865
:10B6D800384000F0BBBCFF28EED107212046FEF71A
:10B6E80003FEE9E70022114600F020FC032804D0FD
:10B6F800F1D838B10128DCD0DEE705212046FEF775
:10B70800F3FDD9E711212046FEF7EEFDD4E700BF8F
:10B71800307D002070B5058D0446EB0705D4294619
:10B728002046BDE8704000F059BD0021FEF722F820
:10B7380010F0020622D194F82430154A03EB830353
:10B748009B00D15A0131D15294F8243003EB830382
:10B7580032F82330012B0CD00520FDF779FA314659
:10B768002046FEF74FF829462046BDE8704000F015
:10B7780035BD07212046FEF7B7FDD0E72046062154
:10B78800FEF7B2FD29462046BDE8704000F026BD10
:10B79800007D002070B5058D0446EA0705D42946CA
:10B7A8002046BDE8704000F04FBD0021FDF7E2FFE4
:10B7B80083072BD43A4E94F8243036F81330043BE0
:10B7C8000F2BECD801A252F823F000BF57B80000A5
:10B7D800A7B700007DB8000087B80000A7B7000031
:10B7E800A7B70000A7B70000A7B70000A7B70000D9
:10B7F800A7B70000A7B70000A7B70000A7B70000C9
:10B80800A7B70000A7B7000029B800002046062106
:10B81800FEF76AFD29462046BDE8704000F014BDD9
:10B8280000222046114600F035FA022819D02AD8FD
:10B8380080B3072294F824302046002126F81320EC
:10B84800FBF78AFA00212046FDF78EFFA7E70022C2
:10B858002046114600F01EFA022802D013D800280C
:10B86800E7D120460021FBF777FA00212046FDF7B3
:10B878007BFF94E700212046FEF736FD8FE7204640
:10B88800FEF7C8FD8BE7FF2889D107212046FEF780
:10B898002BFD84E712212046FEF726FD7FE700BF37
:10B8A800307D00202DE9F843EFF303820027164E80
:10B8B800DFF85C803388154903EB0313103A08EB73
:10B8C800830552B2384651F822909C0085F82470BE
:10B8D800FCF7AAFE2864D9F828302846EB63D9F883
:10B8E8002430AB63FCF74EFB0120294648F804706E
:10B8F800FEF7F8FA338801339BB20F2B08BF3B469B
:10B908003380BDE8F88300BFC47E0020E89500209E
:10B91800C87E0020002240F2171C10B40C4C90F88E
:10B92800243002EB0211C3EB03239B0003EB8103DA
:10B93800013223440F2AA3F820C0F0D10021054B7F
:10B9480090F8242023F812105DF8044B704700BFCC
:10B95800C87E0020C47E002070B505460C461646F9
:10B9680031B1324621462846BDE87040FCF750BF49
:10B978004021FBF76DFB324621462846BDE8704062
:10B98800FCF746BF10B50446FCF7F6FE2046BDE8B6
:10B998001040FCF7ABBE00BF10B50446FCF7ECFE48
:10B9A8002046BDE81040FCF7A9BE00BF7022102158
:10B9B800FAF7A0BD10B50446FCF7D8FE2046BDE84E
:10B9C8001040FCF783BE00BF10B50446FCF7CEFE5E
:10B9D8002046BDE81040FCF783BE00BF10B5044602
:10B9E800FCF7D6FE2046BDE81040FCF79FBE00BF1E
:10B9F80010B50446FCF7CCFE2046BDE81040FCF725
:10BA08009DBE00BF10B50446FCF7BCFE2046BDE84D
:10BA18001040FCF77BBE00BF10B50446FCF7B2FE31
:10BA28002046BDE81040FCF779BE00BF08B5FCF71A
:10BA3800DFFEFF280CBF002000F0C00008BD00BFDB
:10BA480008B5FCF7D5FEFF280CBF002000F0C000A9
:10BA580008BD00BF092901D90020704710B5044668
:10BA6800FBF722FB2046FBF73BFBC34300F00F022A
:10BA7800D80000F08000104310BD00BF092901D98B
:10BA88000020704738B50C46054621B390F824309D
:10BA9800642000FB03F301EB8101164A03EB410329
:10BAA800D15A012901D0002038BD1A44D3881B0B74
:10BAB800013B012BF7D8052CF5D821462846FBF782
:10BAC800F3FA2846FBF70CFBC3060CD4E86B0038E6
:10BAD80018BF012038BDFBF79DFA030B013BDBB211
:10BAE800012BEAD9DFE7A86B003818BF0120400016
:10BAF80038BD00BFD07800202DE9F84304460D4634
:10BB0800904690F82470FAF7E5FB29462046FFF79F
:10BB1800B5FF064629462046FBF7AEF829462046DB
:10BB2800FBF7F8F829462046FBF74AF9294620464C
:10BB3800FAF73EFC012E4ED0022E3CD0DFF8C8901A
:10BB480007EB870605EB460659F82630002B40D050
:10BB58002B4A294652F8262020461A6159F82630E1
:10BB6800A3F8288059F82640FBF74AFB254A608548
:10BB780059F8263032F81620384683F8362059F816
:10BB88002640FCF751FD0022206459F82630114662
:10BB980083F8247059F826004368984759F8260016
:10BBA8000CF026FF002349F8263029463846BDE820
:10BBB800F843FEF735BA31462046FAF7BBFDC7B160
:10BBC800012FBBD131464FF400622046FAF760FEE0
:10BBD800B4E7BDE8F88331462046FAF7ABFD47B134
:10BBE800012FABD14FF4006239462046FAF750FED8
:10BBF800A4E731464FF480622046FAF749FE9DE7F4
:10BC0800D87C0020007D0020847C00204FF4E06177
:10BC1800FAF7D6BF092905D8530601D5FBF7F6BBB5
:10BC2800FBF7A4BB704700BF09290FD810B541B175
:10BC38000446FBF739FA2046FBF78CFA00F470400B
:10BC480010BDFBF7E7F900F4704010BD0020704705
:10BC580009291BD808B5A1B10346642093F82430FC
:10BC680001EB810100FB03F3094A03EB4103D15ABD
:10BC7800012901D0FF2008BD1A44D08800F4704083
:10BC880008BDFBF7C7F900F4704008BDFF207047F6
:10BC9800D07800202DE9F04F092983B06DD851EAFA
:10BCA8000206174608BF32460C4606BF2023114637
:10BCB80000230546FAF74EFBFF28064649D02146E1
:10BCC8002846FAF7B5F9804621462846FDF75CFD77
:10BCD80095F82430DFF8DCA003EB830304EB43037F
:10BCE8005AF82330CDF80080434536D9022621463C
:10BCF8002846FDF73FFD214601902846FAF7EAFA63
:10BD080095F82490DFF8B0B009EB890904EB4909EC
:10BD18003A4641465BF829302846FCF7D1FA4BF8F9
:10BD2800290095F82430009903EB830304EB4303BF
:10BD38005AF8232091422FD8A2EB08024AF8232070
:10BD480021462846FBF7AEF8019B03F00303012BBD
:10BD58001AD0304603B0BDE8F08F1FFA83F8B8F167
:10BD6800000F0FD0B8FBF0F300FB13839BB24BB965
:10BD7800B4FA84F676097600B9E70126304603B0AE
:10BD8800BDE8F08F0126B2E728462146FDF73AFDC7
:10BD9800304603B0BDE8F08F002239464AF8232028
:10BDA8002846FAF735FE0304CAD439462846FAF776
:10BDB80073FEC5E7D87C0020AC7C0020092900F27E
:10BDC80095802DE9F84390F82430514A03EB83031A
:10BDD80001EB430352F823800C4698F837300546A8
:10BDE800D8F81060002B7AD021462846FAF772FA64
:10BDF800002095F82430474F03EB830304EB4303FB
:10BE080047F8236095F82430D8F80820424903EB16
:10BE1800830304EB430341F8232095F82430DFF82B
:10BE280008C103EB830304EB43032CF813002146FA
:10BE38002846FFF723FE814670B3431E9BB2012BB1
:10BE480055D8D8F83C30354A5B6821465B682846A7
:10BE58001E7895F8243006EB830322F8134095F8F2
:10BE68002480FAF7E5F82E4B06EB880823F818002B
:10BE780095F824302B4906EB830603EB830304EB88
:10BE8800430357F823304A4641F8263028462146CE
:10BE9800BDE8F843FBF732BD034602462146284673
:10BEA800FAF72EFA21462846FDF76EFC4EB1B6FB8E
:10BEB800F0F200FB126692B21EBB21462846FAF742
:10BEC80065FA21462846FDF79DFC21462846FAF7E3
:10BED800A7FE21462846BDE8F843FDF745BCB8F85B
:10BEE8002A305B060AD5FBF791FA7DE770472146B1
:10BEF8002846BDE8F8430722FCF734BAFBF736FAC0
:10BF080072E701322146284692B2FAF73FFAD8E79B
:10BF1800847C0020D87C0020AC7C00207476002033
:10BF28007C76002084760020007D002009292DE9F8
:10BF3800F84F4AD800230C4605461746FAF70AFA7E
:10BF4800FF2842D0C0F30B0621462846FDF71CFC0B
:10BF580095F82430DFF8E49003EB830204EB420207
:10BF680059F82280B246B0454FEA83023FD357D0F2
:10BF780086B3B6FBF0F100FB116189B200294CD001
:10BF88004FF0010821462846FAF7A4F995F824301D
:10BF98009A001A443146284E04EB420B28463A468A
:10BFA80056F82B30FCF7BAF946F82B0095F82430F0
:10BFB800404603EB830304EB430459F82430A3EB16
:10BFC8000A0349F82430BDE8F88F4FF0FF084046CF
:10BFD800BDE8F88F21462846FAF77CF94FF00108AA
:10BFE80039462846FAF7A4FD4FF0000ADEE7214655
:10BFF8002846FAF76FF995F824304FF0030803EB59
:10C00800830304EB430359F8232049F8236095F888
:10C01800243096B2B2469A00BBE74FF00208B8E760
:10C0280021462846FAF756F9002ED9D095F824303B
:10C038004FF000089A00ACE7AC7C0020D87C0020C8
:10C04800092900D97047FFF757BD00BF2DE9F04F08
:10C05800012490F824C05C4A0CEB8C0387B002EBF7
:10C06800C302DB0080468B46274692460293CDF8F2
:10C0780000C002E001340A2C24D007FA04F31BEABA
:10C08800030FF7D0A6B231464046FAF70BFF5AF82D
:10C098002430002BEED031464046FFF7EFFC431E1C
:10C0A8009BB2012B054610D931464046FDF780FB6F
:10C0B80010282A463146404677D00134FFF726F843
:10C0C8000A2CDAD107B0BDE8F08F01464046FBF7ED
:10C0D80045FB8446009B29469A000CEB83093B4BA1
:10C0E800039033F819C04046CDF814C00192FAF70E
:10C0F80087FB29464046FBF705FF00232A463146C1
:10C108004046FAF727F9324B304A33F8193032F8FB
:10C1180019C030490490DDE90002101803EB400310
:10C1280051F823304046013BB3FBFCF301331FFABF
:10C1380083F9FBF719FF049B81452649C3F30B02DA
:10C1480029D8134694460398019A0244224840F895
:10C1580022C098F8242002EB820204EB420251F834
:10C1680022209A4224D0029A114451F824209A425B
:10C178002CBF4FF004094FF0050929464046FBF74C
:10C18800B1FA314640464A46FFF7B6FC29464046D2
:10C19800FAF7CEFC6EE772B1431C0598A9EB0303CE
:10C1A80013FB00239BB29C46CDE7FEF7E7FF61E750
:10C1B8004FF00309E1E7059AA9EB000313FB02F32B
:10C1C8009BB29C46BFE700BF847C00207C760020A1
:10C1D80074760020D87C0020847600202DE9F8436E
:10C1E800012405460E462746DFF8588007FA04F36F
:10C1F8001E4215D095F824301FFA84F903EB830307
:10C2080004EB430358F8233053B149462846FDF759
:10C21800DDFAB0F5404F08D049462846FCF70CFA3D
:10C2280001340A2CE2D1BDE8F8832846FAF75AFE11
:10C23800030449464CBF052207222846FCF792F81A
:10C24800EEE700BF847C00202DE9F0470124064674
:10C258000D462746DFF8D490DFF8D48007FA04F3B8
:10C268001D4219D096F8243003EB830304EB4303F3
:10C2780059F8232082B138F813301FFA84FA012BB9
:10C288000AD051463046FDF775FA800751462DD53C
:10C2980006223046FCF766F80134062CDED14FF052
:10C2A8000108224F08FA04F31D4215D096F82430ED
:10C2B8001FFA84F903EB830304EB430357F8233095
:10C2C80053B149463046FDF755FA8307494608D524
:10C2D80006223046FCF746F801340A2CE2D1BDE8C4
:10C2E800F08701223046FFF707FCF5E73046FAF7FA
:10C2F80087FF4204D0D451463046FFF7BFFB80B9D0
:10C30800012296F82430514603EB830304EB4303E0
:10C318003046013428F81320FFF7EEFB062C9DD198
:10C32800BDE751463046FAF7BDFDE9E7847C0020B9
:10C33800BC78002030B583B0069C94F801C0BCF1ED
:10C34800050F02D0002003B030BD94F803C00CF0F4
:10C35800030CBCF1020F33D0BCF1030F1AD0BCF1AF
:10C36800010FEFD1A078A57910F0800F844646D14F
:10C37800952AE7D1002D00F08A80C02B00F0A0801C
:10C38800B5FA85F24CF21023C2F11F0292B284462C
:10C39800092023E094F802C0A5791CF0800F6046BC
:10C3A8003BD1952ACED1002D76D0C02B00F08F80BE
:10C3B800B5FA85F2C2F11F0248F2100392B2E6E71D
:10C3C80094F9023094F802C0002B2FDB0F2A36D0E4
:10C3D800952AB7D1002244F2102309200CF00F0C43
:10C3E80043EA0C0C237943EA01336179079C43EA59
:10C3F8000123A4F800C0A380E28003B030BD952AD1
:10C40800A0D1002D4DD0C02B6FD0B5FA85F2C2F166
:10C418001F024CF2802392B2B9E7952A92D1002DDF
:10C4280044D12A464FF400430920D7E70F2A1AD0EF
:10C43800952A87D100224FF485430920CEE70128A9
:10C4480014BF084641F010000191F9F741FA03289A
:10C458003FF678AF0130002244F2102394F802C06E
:10C468000199C0B2BAE7012814BF084641F010008C
:10C478000191F9F72DFA03283FF664AF0130002245
:10C488004FF4854394F802C00199C0B2A6E72A4642
:10C498004CF210230920A1E72A4648F2100309208C
:10C4A8009CE72A464CF28023092097E7C02B15D039
:10C4B800B5FA85F2C2F11F024FF4004392B266E763
:10C4C800082D1DD86A1E4CF2102392B25FE7082D82
:10C4D80012D86A1E48F2100392B258E7082D17D8EE
:10C4E8006A1E4FF4004392B251E7082D0CD86A1E19
:10C4F8004CF2802392B24AE7072248F2100346E73B
:10C5080007224CF2102342E707224CF280233EE731
:10C5180007224FF400433AE710B54FF0640E4FF08E
:10C52800000C0EFB00F00B4B0B4C03F15A020903F5
:10C53800034410445A89012A07D11A8A2240914299
:10C5480004BFC3F80AC0C3F810C00A338342F1D14C
:10C5580010BD00BFD078002000F0FFFF4FF0640C42
:10C5680038B590F824300C460CFB03F31D4A01EB58
:10C57800810103EB4103D35A012B00D038BD0021C0
:10C588000546FAF747F800F00F0084421CD0012155
:10C598002846FAF73FF800F00F0084421BD002212A
:10C5A8002846FAF737F800F00F00844205D02146F4
:10C5B8002846BDE83840F9F753BD00230222284633
:10C5C8001946F9F79DFEF2E7002328461A46194650
:10C5D800F9F796FEDBE70023012228461946F9F70A
:10C5E8008FFEDCE7D078002038B5094D90F824306C
:10C5F80035F8132052B10749044651F82330002179
:10C608009847002294F8243025F8132038BD00BF3D
:10C618004C89002048890020704700BF134640F22B
:10C6280023110022FEF76CB94FF49271038D428CEE
:10C63800FEF766B9F0B5052A00F2CC80DFE802F013
:10C648000303B9A180034FF4A01790F82420624C8B
:10C65800DFF89CC102EB820544F815C05F4B04EB80
:10C6680045055F4E6F6002EB021502EB820206EB96
:10C67800820603EB8502966000264FF0010E4FF00C
:10C68800800C90F8242002EB021503EB850502EBE1
:10C6980082026E8404EB4202118190F824205149F1
:10C6A80002EB820504EB4505ED8802EB021203EB71
:10C6B8008202156190F8242002EB021502EB820237
:10C6C80004EB420403EB8502546190F8242002EB4A
:10C6D800021203EB8202A2F828E090F8242002EB71
:10C6E800021203EB8202516090F8242002EB02123E
:10C6F80003EB820282F837C090F82420016C02EB29
:10C70800021203EB8202116490F8241001EB01126B
:10C7180003EB820282F82410C16BD16390F82420C5
:10C72800816B02EB021203EB8202916390F8240002
:10C73800BDE8F04000EB001003EB8000FEF732B8D4
:10C7480090F82430284E4FF0000E06EB8326B6F8FA
:10C7580002C003EB8305BCF5806F28BF4FF4806CE3
:10C7680003EB03121D4B1C4C03EB820296601F4A1D
:10C7780044F8152004EB4502A2F806C0A2F804E02C
:10C788007AE74FF4102C90F82420174E134B02EB45
:10C79800820506EB822602EB021203EB8202966008
:10C7A8000D4C124A44F8152004EB4505C5F804C0A1
:10C7B80062E74FF4901C90F82420074C0C4F02EBD2
:10C7C800820544F8157004EB4505044B044EC5F882
:10C7D80004C048E7F0BD00BF9889002054890020B4
:10C7E8003089002031C60000308500208006000214
:10C7F800800600012DE9F04300274FF4A0694FF0AF
:10C80800010E90F824302D4C2D4E03EB03184FF0F9
:10C81800800C04EB880803EB8303A8F8227026F841
:10C82800139006EB43035A8019819F80DF8090F8AC
:10C838002430244D03EB031304EB83039F6090F82B
:10C84800243003EB031304EB83031F6190F82430B7
:10C8580003EB031203EB830306EB430604EB8203AB
:10C868005E6190F8243003EB031304EB8303A3F811
:10C8780028E090F8243003EB031304EB83035D6096
:10C8880090F8243003EB031304EB830383F837C0D9
:10C8980090F82430026C03EB031304EB83031A644F
:10C8A80090F8243003EB031204EB820282F8243060
:10C8B8001046BDE8F043FDF775BF00BF548900205E
:10C8C8009889002031C600002DE9F04300274FF475
:10C8D80010694FF0010E90F824302D4C2D4E03EBCB
:10C8E80003184FF0800C04EB880803EB8303A8F8C7
:10C8F800227026F8139006EB43035A8019819F8013
:10C90800DF8090F82430244D03EB031304EB8303FA
:10C918009F6090F8243003EB031304EB83031F613B
:10C9280090F8243003EB031203EB830306EB430672
:10C9380004EB82035E6190F8243003EB031304EBED
:10C948008303A3F828E090F8243003EB031304EBE7
:10C9580083035D6090F8243003EB031304EB830337
:10C9680083F837C090F82430026C03EB031304EB10
:10C9780083031A6490F8243003EB031204EB820259
:10C9880082F824301046BDE8F043FDF70BBF00BF26
:10C99800548900209889002031C60000F8B5044663
:10C9A8004FF0000C802290F82430334E334D06EBC4
:10C9B800432603EB031305EB83039E6090F82430B2
:10C9C8002F4F03EB031305EB83035F6090F82430CC
:10C9D8002C4903EB830001EB4000C08803EB0313F1
:10C9E80005EB8303186194F8243003EB031305EB7C
:10C9F8008303A3F822C094F8243003EB031003EB5D
:10CA0800830301EB430105EB8003596194F824305B
:10CA180003EB031305EB830383F8372094F82420F2
:10CA280002EB021305EB830383F82420226C1A64BB
:10CA380094F8240000EB001005EB8000FDF7B2FE2F
:10CA480080B2D52801D078B1F8BD0220FCF700F9F2
:10CA580094F8243003EB031305EB8300FDF7A2FEE3
:10CA680080B2D528F1D0EEE72046BDE8F84040F680
:10CA7800B83101F0D5B800BF18830020D482002057
:10CA880021DC0000C88200200023FF222DE9F047A6
:10CA980090F824A08AB0564DADF802300AEB8A030C
:10CAA80005EB83052B790746092BADF8002068793B
:10CAB800AA790FFA8AF860D041F60A23B5F808C0B7
:10CAC800B5F80A909C4551D08B68FF201E88002E2F
:10CAD80047D04FF6FF7403EB860604E0624505D0A5
:10CAE80004339E420BD09A88A242F7D1DA88A24238
:10CAF8003AD004334A4508BF00209E42F3D1FF28AC
:10CB08002FD04FF000093B4C4B4604EB8A24608839
:10CB1800B0F5806F28BF4FF480600FE0BCF1040FC0
:10CB280003F1050605D114F806A0B1F806C0E245E0
:10CB380032D0127813449BB2E25C8AB1834204EB90
:10CB480003020DD292F801C0BCF1020FE6D196465D
:10CB580012784FF0010913449BB2E25C002AEDD130
:10CB6800FF200AB0BDE8F0870020B9E7B9F5007FDB
:10CB7800AAD100200AB0BDE8F08700289CD11AB9D4
:10CB88000123ADF8023097E7012A2DD0022A04BF0D
:10CB98000323ADF802308FE7B9F1000F01D0CDF8CB
:10CBA80008E0154B0195154D03EB4803079305EB7A
:10CBB800480308930DF102033846039205930A6966
:10CBC800CDF810D001A9904797F824300C4A35F8D1
:10CBD800131003EB4303A45D01EB430302EB0313C0
:10CBE800BDF80000DC80BCE70223ADF8023063E743
:10CBF8003089002030850020187D00201C7D002011
:10CC0800387D00200B46002240F22111FDF778BE46
:10CC180000234FF491711A46FDF772BE4FF0000CD5
:10CC280070B590F82430184C184E03EB830544F87F
:10CC38001560B2F5007F04EB4505A5F804C029810D
:10CC48001AD94FF40072EA8000224FF0FF0E104DFF
:10CC580005EB432303F802E090F82430013203EB9C
:10CC6800830104EB4101B1F806C091B28C45EFD8BD
:10CC7800BDE87040FFF792BEEA80002AE4D1BDE823
:10CC88007040FFF78BBE00BFC882002080060002FC
:10CC9800188300202DE9F043DFF81C9190F8243028
:10CCA80083B059F823300546B3F822804FEA083795
:10CCB800BFB23946FEF7BAFEB8B3012402E0013428
:10CCC8000A2C1DD0A6B231462846FEF7ADFFB84261
:10CCD800F5D131462846FCF74DFD0128EFD1314604
:10CCE8002846F9F7F7FA502195F824302C4A03EB37
:10CCF800830304EB430301340A2C22F81310E1D117
:10CD0800092241462846FFF789FF264B95F824203B
:10CD180003EB4223DB7913F0200310D1B8F1010FA4
:10CD280028D05021204B23F81210022095F82430E7
:10CD380059F8231003B0BDE8F043FDF713B90021FB
:10CD48001A4B1B4802EB820243F8120003EB420322
:10CD580028465960A3F80880FFF720FE0028E4D190
:10CD6800B8F1010F11D050210F4B95F8242023F86A
:10CD78001210DAE70F491A46009128464FF48371DA
:10CD8800FDF788FD95F82420CBE70A4903460246BB
:10CD9800009128464FF48371FDF77CFDE3E700BF5F
:10CDA8001C850020188300202C7D0020C8820020CC
:10CDB8000003010025C60000508900202DE9F04F2E
:10CDC800694A90F8243083B052F8233007465C8CC7
:10CDD8002503ADB22946FEF729FE78B9634A97F8CC
:10CDE800243032F81320462A25D002205E4A52F811
:10CDF800231003B0BDE8F04FFDF7B4B8012C00F0E4
:10CE080098806420FBF724FF214609223846FFF763
:10CE180005FF574B97F8241003EB4123DB799B065A
:10CE280077D44623514A22F8113097F8243032F843
:10CE38001320462AD9D101244E4E02E001340A2C8F
:10CE480021D01FFA84F841463846FEF701FFA84270
:10CE5800F4D197F8243003EB830304EB430336F84B
:10CE68001330502BEAD141463846FCF7CBFC002260
:10CE780097F8243003EB830304EB430301340A2CB3
:10CE880026F81320DDD197F82460DFF800B1334687
:10CE98003BF81620002AA8D000254FF0D80ADFF862
:10CEA800F09006E03BF816100135AAB291423346DD
:10CEB8009BD90AFB06F405EBC50304EB83044C4439
:10CEC80061884FEAC5080129ECD100223846236A57
:10CED8009847462040F2072197F82420638802EB00
:10CEE800420203EB4203244A02EB0313588097F8EB
:10CEF8002430224A32F813208A4228D046230AFBDB
:10CF080006F6A84406EB88064E44B38097F82460DA
:10CF1800C8E7FF2221463846194BFDF75DFD134A45
:10CF280000287FF45CAF462197F8243022F81310CC
:10CF380055E797F824300C4A384652F82330114AFE
:10CF4800198C002300921A46FDF7A4FC59E70E49F4
:10CF5800384651F8233000219847002297F82430AA
:10CF6800064921F81320C9E7508900202C7D0020AC
:10CF7800188300201C850020387D00204C89002063
:10CF880021DC000025C6000048890020147D00200F
:10CF9800987D00202DE9F04FDFF84CA2DFF84CB265
:10CFA800894EDFF84C828FB042F21072022004A939
:10CFB800FCF760FF0028F7D1049D2B8C95F82440DE
:10CFC800B3F5927F22466F8C4AF824507CD9A3F29D
:10CFD8000221062900F2A480A3F20323052B00F204
:10CFE800FF83DFE803F056413113036640F205136F
:10CFF80040F207212B84754B754A23F814106B688F
:10D00800284642F82430FFF7D9FECDE74FF4837362
:10D0180040F2062128462B84FFF73CFE40F2062208
:10D0280095F824306949012F21F813206A68684966
:10D0380041F82320298CB7D1664B2846009300235A
:10D048001A46FDF727FCAFE74FF4837340F205213A
:10D058002B845E4B5E4A23F814106B68284642F80E
:10D068002430FFF717FE9FE74FF48473012F2B84BA
:10D0780000F0DB816B68564941F824304FF40173A6
:10D08800524921F814305AF822100220FCF76AFF9E
:10D098008AE740F20713012F2B8400F0E0816B68C8
:10D0A8004B4941F8243040F20323484921F8143011
:10D0B800E9E740F205134FF4027128462B84FFF785
:10D0C8007DFE4FF40272ABE7B3F5827F28D96FF487
:10D0D800827213441F2B23D8DFE813F02F0122009C
:10D0E8002200220022002200220022002200220028
:10D0F8002200220022002200220022002200220018
:10D108002200220022002200220022002200220007
:10D1180022002200FB008C00390027005AF8245016
:10D1280029460220FCF71EFF3EE739462846FEF74F
:10D138007BFD95F82430284A32F81320282A00F07D
:10D14800D3815AF823100220FCF70CFF2CE7224B5E
:10D1580033F81430462B00F0D08100F288810A2B76
:10D1680000F01D82282BDBD1EB8C1C4A002122F811
:10D17800143095F824301446284632F81320FEF768
:10D18800EBFB4021002295F82430154803EB4303BC
:10D1980020F8231095F82430124921F8132034F888
:10D1A8001310802900F01682C02900F0138240294C
:10D1B80000F01A820A22084921F8132095F8243031
:10D1C8005AF82350ACE700BF987D00204C89002016
:10D1D8004889002025C600002C7D0020187D0020ED
:10D1E800207D00204489002050890020147D0020E3
:10D1F800387D00200C2005A98DF81440FCF724FB8D
:10D208000021284600F04CFC282295F82430C0491B
:10D2180021F8132095F824403BF81430002B52D005
:10D2280000224FF0D8099646039709FB04F302EB56
:10D23800C20003EB8003F05A039F0132B84291B257
:10D2480006EB030C3BD14FF0FF37BCF8020004EBB0
:10D25800440400EB4404240128F804704FF00A0742
:10D2680095F8244004EB440400EB440408EB041450
:10D27800678095F82440A74F04EB440400EB44046E
:10D2880008EB0414A4F804E095F8244004EB4404E3
:10D2980000EB440408EB0414A4F806E095F82440D5
:10D2A800F7504FF00A0704EB440400EB440008EB86
:10D2B8000010ACF80470A0F808E095F824403BF89A
:10D2C80014308B42B1D85AF824100220FCF74AFED9
:10D2D8006AE6EB8C422B39D8402B7FF621AF8C4B7A
:10D2E80033F814300A2B7FF41BAF01238A4A22F843
:10D2F800143095F8244032F81430052BE3D8282749
:10D30800834B23F8147000F051FC95F82440824BAD
:10D3180033F81430012BD6D1804B40F2031100931F
:10D32800002328461A46FDF7B5FA95F82430784ABE
:10D3380022F8137095F82440C5E740F20511784BA0
:10D34800284623F81410FFF739FD2DE6432B7FF408
:10D35800E7AE0A2300276E4A22F8143095F82430E5
:10D36800704A22F8137095F824403BF814304BB9F2
:10D37800A9E79B88462B11D03BF814200137BBB294
:10D388009A42A0D9D82303FB04F307EBC70203EBA7
:10D3980082033344598810460129EAD1D82303FB74
:10D3A80004F404EB800406EB04092846D9F8183085
:10D3B800B9F8062098474FF0FF3C0A20002195F85D
:10D3C800243003EB4302B9F8023003EB42021201A6
:10D3D80028F802C095F8242002EB420203EB42022F
:10D3E80008EB0212508095F8242002EB420203EB6E
:10D3F800420208EB0212918095F8242002EB4202C7
:10D4080003EB420208EB0212D18095F824C0414A8E
:10D4180032510CEB4C0203EB420308EB0313198166
:10D42800A9F8040095F82440A6E70A23384A4FF4DF
:10D43800017022F81430002395F82420384C298CE8
:10D4480024F812006868384C44F82200334A284609
:10D4580000921A46FDF71EFA95F8242013E60A23CF
:10D468002B4A40F2032022F814300023E4E7502B23
:10D478007FF456AE3BF8143000273BB950E63BF832
:10D4880014200137BBB29A427FF648AED82303FB7B
:10D4980004F307EBC70203EB8203334459884FEACE
:10D4A800C7090129EBD10022DB692846984740F2D9
:10D4B800052395F824201A4931F8121099427DD095
:10D4C800D823502103FB04F3B94403EB8903334405
:10D4D800588802EB420200EB420208EB021251802C
:10D4E800998095F82440CAE72846FAF7DDFE002817
:10D4F80040F0858095F8243023E63BF81430002B63
:10D508003FF40EAE791C28464FF000090D4616E090
:10D518002C7D0020FFFF00F01C7D002025C60000A8
:10D528004C890020187D0020488900203BF81420F1
:10D5380009F101091FFA89F39A427FF6EFADD82362
:10D5480003FB04F309EBC90203EB820333445A8853
:10D558004FEAC907AA42E9D11B6A0022294603906B
:10D56800984740F207210398A94B90F8242033F8F4
:10D5780012308B4228D0D82303FB04F34F4403EB2B
:10D5880087033344598802EB420201EB42024621E9
:10D5980008EB02125180998090F82440C6E79C4B12
:10D5A80033F81430B3F5017F7FF4BAAD2846FFF79E
:10D5B8001BF895F824305AF82350B1E52846FFF7B0
:10D5C80013F895F824207BE7FFF70EF8039890F8F6
:10D5D8002420D0E78F4B28461B681146984795F8BA
:10D5E80024305AF823509BE52846FBF789F928464A
:10D5F80000F0D4FA95F824305AF8235090E595F8BD
:10D6080024405AF82430B3F82690B9F1000F12D00C
:10D618000A23814A22F8143095F824307C4A32F8DB
:10D628001320A2F2022292B2012A3FF68AAD2846BE
:10D63800FEF7DAFF5EE7794B33F81430042B5ED03F
:10D64800062B46D0012B18D0744B33F81420013226
:10D6580092B223F81420724B052A33F8141000F004
:10D668008C80062A74D0012A2AD06A4B284653F89F
:10D678002230984795F8243063E5694B694A33F8B6
:10D68800147032F814203F03BFB239462846FEF71B
:10D6980063F90622644904EB840401EB8403DB7913
:10D6A80095F8241003F07F031F435D4B33F81130C6
:10D6B80002FB01335D4A22F8137095F82440C3E752
:10D6C800544B0A465B6800212846984795F8243051
:10D6D80037E5D8224B4604FB02623BF814C009E048
:10D6E8004F49578831F814102432B94203F1010028
:10D6F8004AD0034699B28C45F2D8462389E74F466B
:10D708002423214600E001373BF81140BAB2944285
:10D718001CD9B9F1000F19D1D82003FB02F200FB84
:10D7280001243444A0880A28EDD121462846FFF771
:10D73800ABF9242338B94FF0010995F8242038496A
:10D7480031F81220628095F82410DCE70C467BE75C
:10D7580002FB0413364A08EB031302EB84246279B4
:10D768002F499A8095F82430284631F81310294B10
:10D778009B69984795F82430E3E4264B28465B6973
:10D78800984795F82430DCE4D8274FF0060C4FF082
:10D7980024094FF0460E04FB07F70CFB041109FBA4
:10D7A800037308EB0111A1F802E095F82410334443
:10D7B8001B4FA3F804E05C6937F8113000220CFB1A
:10D7C800013C184B284633F8111008EB0C1319814B
:10D7D80095F8243037F81310A04795F824408CE7C3
:10D7E80040F20B13012F2B8409D06B68114941F8C3
:10D7F800243040F20223064921F8143043E40A2376
:10D80800054A40F2022022F81430002314E600BF33
:10D818004C890020600300202C7D002044890020D2
:10D828001C7D0020187D002030890020207D0020EC
:10D8380030850020488900202DE9F04F834D0446AB
:10D84800297883B0002900F0F580002594F8243069
:10D858007F4F804803EB830200EB432007EB8203F2
:10D868009200BD5029464FF40072C3E90155C3E93F
:10D8780003550EF011F994F82430774E03EB830327
:10D8880006EB83019B00F550C1E90155C1E9035539
:10D89800724894F824304FF48062294600EB8320C4
:10D8A8000EF0FAF894F824106D4B01EB810143F85F
:10D8B800115003EB41035D601D8194F824306948E1
:10D8C80003EB03134422294600EB83000EF0E4F82F
:10D8D8000A2201234FF0D80C4FF6FF7094F824B0B9
:10D8E800DFF8A8A1DFF8A8914AF82B5094F824A0F3
:10D8F800DFF8A081019329F81A20DFF89CE128F8C5
:10D908001A5094F82480584B2EF8185094F824E0B4
:10D91800564923F81E5094F824E0554B554E23F8E9
:10D928001E5094F82480DFF874E10CFB08F908EB2A
:10D93800880841F809608944C9F8042007EB880978
:10D948004FEA880847F80850C9E90155C9E903555D
:10D9580094F8247007EB47077F012EF8070094F826
:10D96800247007EB47070EEB47177A8094F824706A
:10D9780007EB47070EEB4717BD8094F8247007EBB9
:10D9880047070EEB4717FD8094F8247007EB47070D
:10D998000EEB47173D81384F27F81A50374F27F8B5
:10D9A8001A50374F47F82A50019B94F8247003EB1C
:10D9B800C3080CFB07F707EB880701EB0708CE51F4
:10D9C800C8F8042094F8247007EB470703EB4707CF
:10D9D8003F012EF8070094F8247007EB470703EB84
:10D9E80047070EEB07177A8094F8247007EB470770
:10D9F80003EB47070EEB0717BD8094F8247007EB7D
:10DA0800470703EB47070EEB0717FD8094F82470D0
:10DA180007EB470703EB470701330EEB0717062B06
:10DA28003D81C2D102210846FCF7B8FA002003B0B4
:10DA3800BDE8F08F134B44221348C3E90011198144
:10DA48000EF02AF801232B70FFE600BFC4820020E5
:10DA58001C85002018830020308900203085002094
:10DA6800C8820020D48200201C7D0020987D0020E0
:10DA7800147D0020FFFF00F0188500204C8900204D
:10DA88004889002098890020548900205089002066
:10DA98002C7D002044890020187D0020387D00203E
:10DAA800012901D0F8F740BDF8F736BD10B5114B84
:10DAB80090F8242033F81230502B06D0FAF7FEFDE8
:10DAC800BDE810400520FBF7C3B80446FAF7F6FD99
:10DAD8000120FBF7BDF82046FAF798FB2046FAF735
:10DAE800E5FD2046FDF74EFFBDE810400520FBF799
:10DAF800AFB800BF347D002038B504460D46FDF7A9
:10DB080081FF2046FEF782F829462046BDE83840C6
:10DB1800FFF778B810B50446F021F8F7F5FC204671
:10DB2800FDF75CFF2046BDE810404321FFF76AB8C7
:10DB380070B5194D90F8243035F81360502E03D085
:10DB4800BDE87040FAF7DEBC0446F8F7B3FC83067C
:10DB58000DD42046FAF7FAFA432813D02046FDF7E9
:10DB680011FF31462046BDE87040FAF7B5BA2822C1
:10DB780094F82430204625F813200121BDE8704090
:10DB8800FCF75CBE282294F82430204625F81320A0
:10DB9800BDE87040FAF7B6BC347D00200022024B85
:10DBA80011461B68184700BF600300206420FBF77C
:10DBB8004FB800BFFFF72CB8F8B5154F04463D889D
:10DBC8000E46B5B12046FDF7A5FE2046FFF734FE08
:10DBD8002046FDF745FC94F82400F6F70DFE94F86E
:10DBE8002400F8F795F831462046BDE8F840FDF7DF
:10DBF80021BDFCF7D1F90E21064B03F5B4729971DA
:10DC08005D7024339342FAD101233B80DAE700BFE9
:10DC1800A28900203894002001460420FCF748B966
:10DC2800042000B583B00A460DEB0001FCF722F989
:10DC380038B9019B188D002818BFFF2003B05DF884
:10DC480004FBFF2003B05DF804FB00BF70B501259D
:10DC5800144600221C4B1D801C4B18601C482023B6
:10DC6800016011462046F8F74BFB00212046F8F7E3
:10DC78005FFF00212046F9F715F9002122460846E2
:10DC880000F01CFE0128054613D020F00206B6B2AB
:10DC98000EB1284670BD31462046F9F75DF8314689
:10DCA8002046FBF761FD20463146FBF7ABFD2846D1
:10DCB80070BD20460021FBF757FD20460021FBF7E9
:10DCC800A1FD284670BD00BF288A0020247A0020C4
:10DCD800FC7900204FF0010C10B5104C0023A4F87B
:10DCE80000C014460E4A10600E481A4601601946D4
:10DCF8002046F8F705FB20460021F8F719FF2046D3
:10DD08000021F8F78DFF20460021FBF72DFD204666
:10DD1800BDE810400021FBF775BD00BF288A002030
:10DD2800247A0020FC79002070B500250C460646B0
:10DD3800194A1A4B2946204615801D80F9F740F8E4
:10DD480029462046F8F798FF29462046F8F7E2FFCB
:10DD580094F824302946012B0CBF4FF400624FF48D
:10DD680080622046F8F794FD26F00203052B07D0C1
:10DD7800082E0AD094F82400BDE87040FBF7C4BA16
:10DD88002046BDE87040FBF743B92046BDE8704027
:10DD98000021F8F79FBA00BF288A0020268A0020B1
:10DDA800704700BF704700BF034600B58BB093F8BB
:10DDB8002430042001A98DF80430FBF745FD0BB091
:10DDC8005DF804FB034600B5DA6B8BB093F824C00A
:10DDD8000992DA699B6B052001A908938DF804C0A4
:10DDE8000692FBF731FD0BB05DF804FB10B501227C
:10DDF80004460A4B8AB01A8094F82430E26B8DF8F6
:10DE08000430A36B01A9032009920893FBF71CFDBA
:10DE18002046F5F771FE0AB010BD00BF248A002025
:10DE2800F5F76ABE094B1A88012A00D0704700220C
:10DE380000B58BB090F824C001A906208DF804C065
:10DE48001A80FBF701FD0BB05DF804FB248A002063
:10DE580038B50446458CFBF795F801280AD02946C1
:10DE680020461DB1FCF79CF8002038BDFCF7B8F837
:10DE7800002038BD0B4B294653F8252020461AB1FF
:10DE8800FCF732F9002038BD43F82540FBF790FC39
:10DE980018B9284600F098FDE6E7284600F090FCFF
:10DEA800E2E700BFD47900202DE9F04F894E8A4F70
:10DEB800DFF82C82DFF82CA2DFF82C92DFF82CB2E6
:10DEC80085B04FF47A72052003A9FBF7D3FF002829
:10DED800F7D16FF4A872039C238C1344042BF0D859
:10DEE80001A252F823F000BF2DDF000025DF00005B
:10DEF80019DF0000CBDE000005DF000094F82400E5
:10DF0800FBF76EF9039B93F82400FBF749F8D8E771
:10DF180022460821608CFBF7D1F8D2E72046FFF7AC
:10DF280097FFCEE7638C258D013B142BC9D801A23E
:10DF380052F823F007E00000FDDF0000F3DF0000E7
:10DF4800E1DF0000CBDE0000CBDE0000CBDE00000E
:10DF5800CBDE0000CBDE0000CBDE0000CBDE000015
:10DF6800CBDE0000CBDE0000CBDE0000CBDE000005
:10DF7800CBDE0000CDDF0000B9DF0000CBDE000003
:10DF8800A3DF000091DF000005F00705052D3FD84D
:10DF9800DFE805F04A3A3E3A3E3A05F07003402B76
:10DFA80070D068D8102B8CD1204601F043F988E74F
:10DFB800736A1BB100222046114698472046FBF79A
:10DFC80015F87EE794F8240001F0D4F9402820469B
:10DFD8005CD001F059F974E729462046F9F792FF19
:10DFE80029462046F9F796FE6BE72946204600F0B9
:10DFF80041FB66E72946204600F042FB61E72946D7
:10E00800204600F007FB5CE794F82400FAF796FF37
:10E018003B8813F0600F0FD16B1E052B51D8DFE83A
:10E0280003F04C4844403C502C4B1B88012B4DD0EE
:10E038003B8813F0600F2CD00022F16AB9F800C0B9
:10E0480001911146BAF800E0BBF8000063F30F0233
:10E058006CF30F01019B6EF31F4260F31F41C8F878
:10E068000020C8F80410002B3FF42BAF22462946A5
:10E078001B48984725E7602B04D005F05005502D24
:10E088007FF41FAF204601F03FF91AE701F0F0F8DE
:10E0980017E7204601F00CFA13E7204601F094FB3D
:10E0A8000FE7204601F092FD0BE7204601F08AFBBE
:10E0B80007E7204601F028FD03E7204601F038FA7B
:10E0C800FFE621460720FFF72FFEFAE62046FAF77B
:10E0D8008BFFADE7F0890020308A0020788A002085
:10E0E800E88900202E8A00202C8A00202A8A002015
:10E0F800002110B4054B064C198021804FF4FF72A3
:10E1080004485DF8044B0DF0C7BC00BF7E8A0020B0
:10E11800968C0020988A00208446044B4FF4FF72A6
:10E1280000210348A3F800C00DF0B6BC968C00206F
:10E13800988A00204FF0FF104FF0FF11044B03F1B5
:10E148002002E3E802019A42C3E90601F9D17047C7
:10E15800388A0020014B9B6818797047F0890020A5
:10E1680030B5104B9B6893F802E0D9781A784EEADC
:10E17800012E7245134412D205460020197893F8EF
:10E1880001C00A44BCF1040F1C4692B20B4403D1EF
:10E19800A178A94208BFE0789645EFD830BD0020A5
:10E1A80030BD00BFF08900202DE9F041264B9B6867
:10E1B800DC7893F802E01A780EEB042E1FFA8EFE34
:10E1C8007245134437D20025204E2F462C461DE0B9
:10E1D800BCF1050F13D1AC4211D293F802C093F9E8
:10E1E80002800CF00F0C4FEAD8780CEB081C07EBF8
:10E1F80004085FFA88F8013426F81C80A4B293F862
:10E2080000C0624492B27245634414D293F801C0CC
:10E21800BCF1040FDCD193F8028093F804C0804568
:10E228000BD0BC441FFA8CF793F800C06244D2B2FA
:10E2380072456344EAD3BDE8F08193F803808845CA
:10E24800EFD16546F0E700BFF0890020388A00204A
:10E25800044B188820B1044B9B68D879C0F3401050
:10E26800704700BF968C0020F0890020024B9B6805
:10E27800D879C0F380107047F0890020092800D9A8
:10E28800704738B50446154600F024FC032815D815
:10E298000138022822D8DFE800F003020A0038BD5E
:10E2A8002A462046BDE83840042100F091BC2A46A1
:10E2B8002046BDE838400521FAF700BFFF2806D1FF
:10E2C8002A462046BDE838401521FAF7F7BE2A4607
:10E2D8002046BDE838400721FAF7F0BE2A46204616
:10E2E800BDE83840032100F073BC00BF092800D9FD
:10E2F800704770B504460E46154601461046F8F7B5
:10E30800BBFC2A463146204600F0D8FA022813D032
:10E3180008D9FF281AD12A462046BDE870401521A1
:10E32800FAF7CCBE21462846F8F716FD21462846BE
:10E33800BDE87040FBF718BA21462846F8F770FC8C
:10E3480021462846BDE87040FBF70EBA2A4620460B
:10E35800BDE870400721FAF7B1BE00BF38B5438C5D
:10E36800D3B1044600224FF4A973442022602384C9
:10E378000AF060FA054678B1214644220DF0E0FB28
:10E388000CF072FA034629460520EB61FBF790FD75
:10E39800044620B9204638BDFF24204638BD28460B
:10E3A8000AF026FB204638BD092918D80D4A0B4625
:10E3B80052F821209AB110B540F25312002492B0BD
:10E3C80090F824C001A90520ADF826308DF828C0A2
:10E3D8000194ADF82420FBF76BFD12B010BDFF20AF
:10E3E800704700BFD479002038B56FF4AA7400EBE9
:10E3F800040C1546BCF10F0F14D8DFE80CF02013FD
:10E408001A141313131313131313131313080C46AB
:10E4180019462046FAF7F6FD0122134B134923F853
:10E4280014200D6038BD93F82400BDE83840FAF791
:10E4380003BF93F82400BDE83840FAF7E9BE40F27C
:10E44800551200240A4993F82430052081F8243015
:10E458000C600A84FBF72CFD80B20028E2D0FF2272
:10E46800044B1A8038BD00BF808A0020948A00209F
:10E47800A48900207C8A00200021084B084A09480A
:10E48800C3E90522C3E90722C3E90922C3E9001148
:10E49800C3E90211D8621961704700BFF0890020F2
:10E4A800A9DD0000ADDD00002DE9F041124B4A68FE
:10E4B800DFF85880D2E9000118609068DFF850E072
:10E4C800002908BF0146DFF84CC00C4F0C4E0D4D1B
:10E4D8009960D1680C4C59601169127DC3E9058EA9
:10E4E800C3E907C7C3E90965D8601961DC6283F825
:10E4F8003020BDE8F08100BFF0890020B1DD0000C8
:10E50800CDDD000029DE000021FE00008DE50000C1
:10E51800F5DD00002DDE00002DE9F0470478944277
:10E528002AD20646174698464FF0000A4FF0FF09D0
:10E5380011E0BCF1050F08D152464146284600F0CB
:10E548005BFD002818BF4FF0000995F800C064442F
:10E55800A4B2A7420DD9351995F801C0BCF1040F32
:10E56800E7D195F800C095F805A06444A4B2A74285
:10E57800F1D84846BDE8F0874FF0FF094846BDE8A6
:10E58800F08700BFF0B5214B05461A880C46012AD2
:10E598008BB028D01E4BC02C9A6819D072B30221B8
:10E5A8005170DB680BB1072159701746FB78BE78AC
:10E5B80095F8240006EB0326B6B200F0A9FD2B4619
:10E5C8003246214638460BB0BDE8F040FFF7A4BFFD
:10E5D800DF68CAB107215170DB680BB102225A709B
:10E5E800002FE3D1FEE7002290F8241006208DF8D2
:10E5F800041001A91A80FBF727F9CBE7DB68002B89
:10E60800F0D007225A70EDE73B46E6E7248A00205F
:10E61800F0890020CB0711D50021024610B5044629
:10E62800084600F057FA032810D019D8022807D155
:10E638002046BDE810400021FBF7E4B800F06CBBB1
:10E648002046BDE810400021F8F716BB20460021FF
:10E65800F8F76EFA2146BDE810400520FFF764BBC5
:10E66800FF2805D12146BDE810400720FFF75CBB15
:10E6780010BD00BFCB0700D5704700F021BC00BF1C
:10E68800CB0711D50021024610B50446084600F014
:10E6980015F9022810D009D9FF2813D12146BDE861
:10E6A80010400720FFF740BB00F036BC2046BDE80D
:10E6B80010400021F8F784BB2046BDE81040002137
:10E6C800FBF7A0B810BD00BF70B5164A1688731CBA
:10E6D80003F0070313803401EFF30383124A103B5E
:10E6E8005BB252F82350A878FAF76AFD40F251124B
:10E6F8000E48A31900EB83042284AA789B0084F8AF
:10E708002420A96AE163696AA16303F1280122331D
:10E7180001441844FAF714FB2146BDE8704005206F
:10E72800FBF7E0BB988C0020E89500209C8C00202B
:10E7380091F824100F4B01EB810101EB810103EBF0
:10E748008103C10801F0100100F00F000122084305
:10E7580004E001320A2A03F10A0309D05989012980
:10E76800F7D1998901F01F018842F2D190B2704720
:10E77800FF207047D0780020092907D810B5836B8F
:10E7880004468BB1052903D9002010BD002070472D
:10E798002046F8F789FC2046F8F7A2FC10F0100F85
:10E7A80014BF0220012010BDC06B0028EDD0052940
:10E7B800EAD8EDE708B5F7F745FEC0F3C01008BD85
:10E7C800092800D970472DE9F0470446354B364EE5
:10E7D80053F8205001462F692846F7F77BFD46F885
:10E7E8002470324BAA682146284643F82420F8F7BB
:10E7F80059FB21462846F8F715FBAB6B002B4CD08C
:10E80800052C0AD920462A460021FFF76FFD21462C
:10E818002846BDE8F047FAF7F5BF21462846F8F73D
:10E8280043FC2846F8F75CFC10F0100F0CBF4FF0C3
:10E8380001094FF0020995F824704946003F28461F
:10E8480018BF0127F8F78AFF8246194B2146284648
:10E858004FEA87080AEB870723F81740F7F7E8FB22
:10E8680056F82430134A834222F817000FD212496F
:10E8780008EB0A0041F820304A4621462846F9F7B5
:10E8880041F921462846BDE8F047FAF7BBBFB3FB7C
:10E89800F0F200FB12329B1AE9E7EB6B002BAFD1C9
:10E8A800B0E700BFD4790020247A0020FC7900204A
:10E8B800747600207C760020847600202DE9F04FC5
:10E8C800092883B059D8154650EA010204460E4675
:10E8D80067D00A46002301462846F7F73BFDFF2884
:10E8E8004BD021462846F7F7A3FB0746DFF8D08030
:10E8F80021462846FAF748FF58F82430BB46BB4261
:10E9080029D94FF0020921462846FAF733FFDFF8E4
:10E91800B4A0214601902846F7F7DCFC2B46314687
:10E9280038465AF82420FAF777FB58F824304AF882
:10E9380024009B4527D8DB1B48F82430214628466D
:10E94800F8F7B0FA019B03F00303012B2FD04846D8
:10E9580003B0BDE8F08F9FB267B1B7FBF0F300FBDF
:10E9680013739BB233B9B4FA84F94FEA59194FEAD1
:10E978004909C8E74FF00109C5E74FF0FF094846C4
:10E9880003B0BDE8F08F00233146284648F824300C
:10E99800F8F73EF80304D1D431462846F8F77CF856
:10E9A800CCE7202311462846F7F7D4FC97E72846FA
:10E9B8002146FAF727FF484603B0BDE8F08F00BFAD
:10E9C800247A0020FC790020092800D970472DE915
:10E9D800F8430446394B3A4F53F8205001462E6904
:10E9E8002846F7F777FC47F82460364BAA6843F8BF
:10E9F8002420AB6B002B56D0052C23D900232146AD
:10EA080028461A46F7F77CFC21462846FAF7BCFE4A
:10EA180056B1B6FBF0F200FB126692B2002E46D158
:10EA280021462846F7F7B2FC21462846FAF7EAFEBF
:10EA380021462846F8F7F4F821462846BDE8F84369
:10EA4800FAF792BE21462846F8F72EFB2846F8F733
:10EA580047FB10F0100F0CBF4FF001094FF00209EF
:10EA680095F824804946B8F10008284618BF4FF0A9
:10EA78000108F8F773FE144B00EB88082146284676
:10EA880023F81840F7F7D4FA104B57F8247023F8F6
:10EA980018000F4B4A4643F8287021462846BDE81F
:10EAA800F843F8F72BBFEB6B002BA5D1A6E7013293
:10EAB8002146284692B2F7F769FCB5E7D4790020D9
:10EAC800247A0020FC790020747600207C760020CF
:10EAD8008476002009282DE9F04738D816460446E0
:10EAE8000A468846002301463046F7F733FCFF28DC
:10EAF8002DD0354FC0F30B0521463046FAF744FEBA
:10EB080057F82430AA46AB4233D33FD025B3B5FBE0
:10EB1800F0F300FB13539BB2002B43D02146304641
:10EB2800F7F7D8FB4FF001092846284D33464146F0
:10EB380055F82420FAF79EFA45F8240057F82430AF
:10EB48004846A3EB0A0347F82430BDE8F0874FF0A6
:10EB5800FF094846BDE8F08721463046F7F7BAFB7B
:10EB68004FF0010941463046F7F7E2FF4FF0000A3F
:10EB7800E4E721463046F7F7ADFB57F8243047F86D
:10EB880024509DB24FF00309AA46CDE79CB9B5FBC6
:10EB9800F0F300FB13539BB23BB94FF00209002D71
:10EBA800E0D0C1E74FF00209BEE721463046F7F74B
:10EBB80091FBA146B8E721463046F7F78BFB4FF0AB
:10EBC8000009002DCED0AFE7247A0020FC79002080
:10EBD800F8B5092892F8247000D9F8BD15460446FE
:10EBE8000E4601461046F7F775FBAB6B002B7CD041
:10EBF800052C39D921462846F8F73EF821462846FB
:10EC0800F8F788F821462846F8F7DAF82146284622
:10EC1800F7F7CEFB3E4F57F82430002BDDD03D4AA6
:10EC2800214652F8242028461A6157F824301E85B8
:10EC380057F82460F8F7E4FA0022708557F8243072
:10EC480011465C8457F824004368984757F8240015
:10EC580009F0CEFE002347F82430214695F8240019
:10EC6800BDE8F840FBF7DCB921462846F8F71CFA5E
:10EC78002846F8F735FAC3061BD421462846F7F785
:10EC8800FBFF21462846F8F745F821462846F8F7BD
:10EC980097F821462846F7F78BFB01212846F7F716
:10ECA80049FD3FBB4FF4806201212846F7F7F0FD8C
:10ECB800B0E721462846F7F7DFFF21462846F8F750
:10ECC80029F821462846F8F77BF821462846F7F721
:10ECD8006FFB02212846F7F72DFD97B94FF48062A4
:10ECE80002212846F7F7D4FD94E7EB6B002B7FF45D
:10ECF8007FAF7FE74FF4006201212846F7F7C8FD90
:10ED080088E74FF4006202212846F7F7C1FD81E742
:10ED1800D4790020247A00202DE9F04F01240546FB
:10ED28008946A346DFF8908185B002E001340A2CB9
:10ED380025D00BFA04F319EA030FF7D0A6B231462F
:10ED48002846F8F7AFF858F82430A2000192002BB3
:10ED5800ECD0AB6B002B00F09480052C12D9314617
:10ED68002846FAF725FD10282A4630464FF00001BC
:10ED780000F096800134FFF781FA0A2CD9D105B04A
:10ED8800BDE8F08F31462846F8F78EF92846F8F79F
:10ED9800A7F910F0100F14BF0223012328461946C3
:10EDA8001F460293F8F7DAFC024695F82430DFF89C
:10EDB8000CA102EB83033AF8133039462846019236
:10EDC8000393F7F71DFD39462846F9F79BF83A46AD
:10EDD800002331462846F7F7BDFA95F82410074670
:10EDE8000198324B00EB810133F811C0304A3AF8F0
:10EDF800110052F82C1001F1FF3ABAFBF0FA28463C
:10EE0800F9F7B2F80AF1010A95F824C0C7F30B0321
:10EE1800019F28491FFA8AFA07EB8C0C8245244A7D
:10EE280041F82C301DD8A300D258019895F8243009
:10EE380000EB830351F82330934234D026D80427BB
:10EE4800DDF808A028465146F8F74CFC2A46394612
:10EE58003046FFF7BDFE51462846F7F769FE0134F4
:10EE680067E795F824C007EB8C0C51F82C307BB180
:10EE7800039F0130AAEB000007FB003341F82C3058
:10EE8800D1E7EB6B002B7FF468AF68E70527D7E77E
:10EE9800AAEB0003039800FB03F341F82C30C2E708
:10EEA800FFF724FA42E70327CAE700BF7476002079
:10EEB800247A002084760020D47900207C760020F3
:10EEC8002DE9F843012480460D462646DFF8449094
:10EED80006FA04F31D420AD059F82430A7B233B118
:10EEE80039464046FAF772FCB0F5404F04D0013479
:10EEF8000A2CEDD1BDE8F8834046F7F7F3FF10F48C
:10EF0800004F4246384614BF05210721FAF7D6F8C4
:10EF1800EDE700BFD47900202DE9F047012406462B
:10EF28000D462746DFF8C890DFF8C88007FA04F3D3
:10EF38001D4227D059F8243023B396F824301FFAFD
:10EF480084FA03EB830304EB430338F81330012BF3
:10EF580018D051463046FAF70DFC820736D4514690
:10EF68003046F8F74DF9430439D496F82430504622
:10EF780003EB830304EB43033246012128F81370A3
:10EF8800FFF726FE0134062CD0D10127DFF8609068
:10EF980007FA04F31D4210D059F824301FFA84F8F8
:10EFA8005BB141463046FAF7E5FB10F0020F3246F6
:10EFB800404607D00621FAF781F801340A2CE7D138
:10EFC800BDE8F0870121FFF703FEF6E75046324619
:10EFD80006210134FAF772F8062CA7D1D5E7514675
:10EFE80030460134F7F7B8FE062C9FD1CDE700BFB5
:10EFF800D4790020BC78002003464078052804D145
:10F00800D87800F00300022801D000207047F0B53E
:10F0180093F9020093F802C0002803DB082A1BD0EA
:10F028000020F0BD082AFBD1012291F824E0354CDC
:10F038000EEB8E0000EB8000334E04EB8000458918
:10F048000A301DB916F80E50002D54D00132062A88
:10F05800F5D144F2102715E0012291F824E0294C5B
:10F068000EEB8E0000EB8000284E04EB80004589F3
:10F078000A3015B916F80E50BDB30132062AF6D17A
:10F088004FF48547642202FB0E42928F012AC7D0B3
:10F098000620024664269D8801230CF00F0C47EADF
:10F0A8000C0706FB0EFE4FF0000C02EB82020EEB83
:10F0B800420E24F80E3091F8243006FB03F303EBDC
:10F0C800420323445F8091F8243006FB03F303EBEB
:10F0D80042032344DD8091F8243006FB03F303EB5D
:10F0E80042031C44A4F808C0F0BDD0B24FF48547D1
:10F0F80006F80E00CEE7D0B244F2102706F80E004C
:10F10800C8E700BFD0780020C08E0020BC8E002049
:10F118004FF0000C0D4A00EB800303EB83039B00C8
:10F1280002F1640119440A3313441A880A33012A84
:10F1380004BF43F80ACC43F804CC8B42F5D1002332
:10F148000349044A0B541354704700BFD078002079
:10F15800C08E0020BC8E00202DE9F04101246427D8
:10F168000546244E02E001340A2C2BD095F82430B1
:10F1780004EB840207FB03F303EB4203F35A012B6E
:10F18800F1D100212846F7F745FA1FFA84F800F074
:10F198000F00404518D001212846F7F73BFA00F048
:10F1A8000F0040451ED002212846F7F733FA00F039
:10F1B8000F0040450FD0414628460134F6F750FF6E
:10F1C8000A2CD3D1BDE8F081002328461A461946F7
:10F1D800F7F796F8DFE70023022228461946F7F7E3
:10F1E8008FF8E8E70023012228461946F7F788F840
:10F1F800D9E700BFD0780020F8B501246427054678
:10F208000B4E02E001340A2C11D095F8243004EB9F
:10F21800840207FB03F303EB4203F35A012BF1D1FA
:10F22800A1B228460134F6F7D1FF0A2CEDD1F8BD7A
:10F23800D078002038B504460C4D00F0BBF8FEF736
:10F2480057FF2046FAF7F4FA6B691BB10146002212
:10F258002046984720460021F7F7C0FE2B68204635
:10F26800D979BDE83840F7F7F3BE00BFF089002030
:10F2780010B504460A20F9F7EBFC94F82400BDE821
:10F288001040F9F7C5BF00BF2DE9F041054690F8D9
:10F298002400F9F7D1FF0023174A184901246427ED
:10F2A800174E0B80138002E001340A2C18D095F811
:10F2B800243004EB840107FB03F303EB4103F35A07
:10F2C800012BF1D11FFA84F82A4608214046F9F7A4
:10F2D800F5FE013441462846F6F778FF0A2CE6D1B8
:10F2E800084BDB692BB12846BDE8F04100221E21FE
:10F2F8001847BDE8F08100BF968C00207E8A002068
:10F30800D0780020F089002070B5044690F82400D9
:10F31800F9F7B6FF94F82400F7F774FD0546204680
:10F32800F7F7ACF86B0603D500F00300012809D005
:10F3380094F82400F9F7C8FF94F82400BDE8704059
:10F34800F9F7B2BF94F82400F9F75AFF00F034F83F
:10F35800054B1B6A33B105492046BDE870400022C1
:10F368000988184770BD00BFF08900207E8A0020F8
:10F37800F9F74EBE70B506463046F7F743FD054629
:10F388000A20F9F761FC3046F7F73CFD04460A20ED
:10F39800F9F75AFC3046F7F735FD85EA040344408F
:10F3A80023431B06E8D415F0800F0CBF43204020F0
:10F3B80070BD00BF704700BF704700BF70B5002424
:10F3C800402205460E46264800210CF065FB4FF406
:10F3D800FF72002123480CF05FFB234B234A1C607B
:10F3E8005C60234B23491C60234B0C801C80234BFF
:10F3F80021461C80224B14801C80224B34221C8006
:10F40800214B22481C80224B1C800CF045FB2146D6
:10F41800282220480CF040FB21460E2428221E48B2
:10F428000CF03AFB1D4B03F5B4729C7124339342E4
:10F43800FBD100241A4B214628221A481C605C6024
:10F448009C60DC601C610CF027FB174A174B14808A
:10F458001C8031462846BDE87040FFF725B800BF3C
:10F46800388A0020988A0020E88900207A8A0020BB
:10F47800948A0020308A00202E8A00202C8A0020BE
:10F488002A8A0020288A0020268A0020F089002065
:10F49800248A0020FC790020247A00203894002057
:10F4A800808A0020D4790020968C00207E8A002053
:10F4B8002DE9F0410025174B174A1B88158003F4E6
:10F4C8007F43B3F5106F0ED0B3F5306F19D1134BDE
:10F4D8009B6AB3B1124A134914882A4631F81410AA
:10F4E800BDE8F0411847104E104F04463088B7F871
:10F4F8000080FEF711FE3388434502D0074B9B6915
:10F508000BB9BDE8F0812A4620463988BDE8F041AC
:10F51800184700BF308A0020268A0020F089002082
:10F528002C8A0020988A00202E8A0020968C0020A1
:10F5380070B5984B04461B8803F47F42B2F5006F00
:10F5480063D017D8002A37D0B2F5C06F15D113F0A1
:10F558001F0273D1904B1A88130A013BD5B2062BB0
:10F568000BD8DFE813F09C008100DC000A000A00D9
:10F57800CE00AF00B2F5206F04D02046BDE8704041
:10F58800F9F746BD03F01F03012BF6D1824B1B8808
:10F59800002BF2D1814B18880128EED1804B1B88B3
:10F5A800FE2BEAD87F4A804932F8133022460B7086
:10F5B800BDE87040FEF74ABB774A1288002ADCD1C2
:10F5C800764909880229D8D1784D03F01F03012B09
:10F5D8002A8000F0BE80022B00F0AD80002BCCD139
:10F5E8006F4B1B88002BC8D1FEF740FE704B28706C
:10F5F8001B88012B04BF40F0020028702246BDE89A
:10F60800704002206949FEF721BB6549624A0888B3
:10F61800128803F01F0142EA00030B439BB2002B40
:10F62800ABD15E4B18880128A7D1624B62491B8871
:10F6380022460B70BDE87040FEF708BB012A9CD13A
:10F648005E48574D03802B885349544A83805C4B4E
:10F6580009881288DB6A4180C280002B6AD0224662
:10F66800BDE87040002118474D4B1B882B4384D1BF
:10F67800FAF7DEF8524B494AD3E90213C02808BF0B
:10F68800194615888B78CA7803EB022398B2A842EA
:10F6980022468DD92846BDE87040FEF7D7BA404BC0
:10F6A8001B882B437FF469AF454A3C4B1168188887
:10F6B8000B78224683423FF67BAFBDE87040184680
:10F6C800FEF7C4BAFFF776F801287FF456AF344B3B
:10F6D8001B882B437FF451AF2046FAF7A9F805465B
:10F6E800374BD3E90221C02D08BF11462B4BCA78EE
:10F6F80018888B7803EB02239BB283422246DCD91D
:10F7080056E7FFF757F801287FF437AF244B1B88DB
:10F718002B437FF432AF2A4A204B5168C7E7284B66
:10F7280093F83020AA427FF628AF1A691B4B52F88B
:10F738002510BCE770BD1A4E3388190716D190F80A
:10F748002400F7F7A1FC82077FF558AF01232B703F
:10F7580054E7F9F717FC01287FF40FAFFEF7FAFC1E
:10F768000F4B1B888342FFF449AF06E7F9F70AFC01
:10F7780001287FF402AF21463088FEF7D9FFFF2821
:10F7880001463FF4FAAE2046F9F7F4FF8307DDD4CB
:10F7980034E700BF308A00202E8A00202A8A002001
:10F7A8002C8A0020988A0020C48E0020CC8E00204D
:10F7B8007E8A0020968C0020C88E0020E8890020D0
:10F7C800F0890020F9F724BCF0B5A74D04462B8832
:10F7D8008BB003F47F42B2F5A06F00F0C3801DD94F
:10F7E800B2F5106F00F08880B2F5306F09D1F9F7E3
:10F7F800C9FB012805D12B8803F01F03012B00F05A
:10F80800C3802046F9F704FC984E3388012B2AD090
:10F8180021460020FEF788FA0BB0F0BDB2F5807FD4
:10F828004ED0B2F5407FECD1914A1288002AE8D137
:10F8380013F01F0300F0E680022BE2D18D4B8E4AB5
:10F848001B881088002BDCD1020707D02146FEF761
:10F858006FFFFF28D5D02146F9F7D4FB00212046B9
:10F86800F9F7D0FFD0E7002394228DF803201A4639
:10F8780029881D4661F30F037F4902950988ADF871
:10F88800045061F30F027B49098861F31F43039316
:10F8980094F824308DF80030754B1B8863F31F42B1
:10F8A80004920AF0E1FF0346694608200593F9F738
:10F8B800CBFF214600203580FEF736FA0BB0F0BDAD
:10F8C8006B4A1288002A9CD113F01F0300F0848031
:10F8D800022B96D1674A684B12881B88002A90D160
:10F8E80013F00F0640F097803146F9F791FF314643
:10F8F8002046F9F787FF87E7DB0682D15F4B5D4F2C
:10F908009A683B8852799A4202D0002B7FF479AFEB
:10F91800594A574B16881B881E43B6B2002E7FF4EF
:10F9280070AF31462046F9F76DFF3B88002B3FF456
:10F938006BAF534A12889A423FF466AFFEF7FAFB60
:10F94800FEF708FC074630B1B0B200210136FEF7D9
:10F958002BFCB742F8D12046FFF74EFC2046FFF7B4
:10F96800FBFB51E7444A42491288098803F01F0308
:10F978000A4313439BB2002B7FF443AF3D4B1B88D4
:10F988007F2B7FF66BAF3CE7FEF7E4FB3A4F3B88F3
:10F998009842FFF436AF364A1688002E7FF431AF0E
:10F9A8001846FEF7DDFB334B1B889842FFF429AF5E
:10F9B8003A883146334EDBB2204626F81230F9F742
:10F9C80021FFFEF7B7FB388836F81010FEF7ECFB7E
:10F9D8002046FFF7C1FB17E7264B1B88012B7FF456
:10F9E80010AF254B1E88002E7FF40BAFFEF730FCBE
:10F9F80001287FF406AF244B314620461E80F9F7D4
:10FA080001FF01E71B4B1B88012B59D0022B41D06A
:10FA1800FFF7AEFCF8E601461846FEF789FEFF2818
:10FA280006463FF4EEAE01462046F9F7A3FE01284C
:10FA38003146204655D0F9F7EBFE31462046F7F718
:10FA480095FC00212046F9F7DDFE104B33F816200F
:10FA5800012A7FF4D9AE00220D4920460F6823F809
:10FA680016201146B847CFE6308A0020268A0020A3
:10FA78002A8A00202E8A00202C8A0020F089002063
:10FA8800968C0020988A00207E8A0020808A002098
:10FA9800948A0020F9F7CCFEC0287FF4B2AE164B4A
:10FAA8001B88A3F5804211047FF5ABAE01261349EC
:10FAB800134A0B80204600211680F9F7A3FEA3E61F
:10FAC8000D4B1E88002E7FF49CAEFEF7C1FB01286B
:10FAD8007FF497AE0B4B314618802046F9F792FE1B
:10FAE80092E6F6F7F7FB31462046F7F73FFC31463A
:10FAF8002046F9F787FEA4E72C8A00207A8A00209E
:10FB0800788A00207E8A002070B52B4E0446338800
:10FB18008AB003F47F43B3F5006F06D013D9B3F569
:10FB2800206F02D0B3F5406F12D1244D002120463A
:10FB3800F9F768FE2B88012B11D021460020FEF72B
:10FB4800F3F80AB070BD002BEFD0B3F5C06FECD05E
:10FB58001A4D2046F9F75CFA2B88012BEDD10023CA
:10FB680094228DF803201A4631881E4661F30F034C
:10FB7800134902960988ADF8046061F30F02114930
:10FB8800098861F31F43039394F824308DF80030FB
:10FB98000D4B1B8863F31F4204920AF065FE03466F
:10FBA800694608200593F9F74FFE214600202E806C
:10FBB800FEF7BAF80AB070BD308A0020268A002005
:10FBC8002C8A00202E8A00202A8A002070B5244E14
:10FBD800044633888AB003F47F43B3F5E06F0BD053
:10FBE800204DF9F715FA2B88012B0CD0214600205F
:10FBF800FEF79AF80AB070BD1A4D0021F9F702FE17
:10FC08002B88012BF2D1002394228DF803201A4669
:10FC180031881E4661F30F03134902960988ADF82F
:10FC2800046061F30F021149098861F31F430393CC
:10FC380094F824308DF800300D4B1B8863F31F4275
:10FC480004920AF011FE0346694608200593F9F765
:10FC5800FBFD214600202E80FEF766F80AB070BD35
:10FC6800308A0020268A00202C8A00202E8A002034
:10FC78002A8A002002880B4602F01F0101291FD1A1
:10FC880002F47F42B2F57E4F84461CD000B50022B4
:10FC98004FF0940E8BB0DCF80410006893F824C081
:10FCA80004AB03C3072001A98DF804C00392ADF883
:10FCB80008208DF807E0F9F7C7FD0BB05DF804FBE5
:10FCC8001846F9F7A5B9C28881884088F3F778BF44
:10FCD80030B50388044603F01F02012A0D468BB095
:10FCE80024D103F47F43B3F57F4F23D000224FF094
:10FCF800940C0068616804AB03C395F824300720AE
:10FD080001A98DF804300392ADF808208DF807C0DA
:10FD1800F9F79AFD238803F47F43B3F57F4F03D0A7
:10FD280029460020FEF700F80BB030BD0846F9F769
:10FD38006FF9EFE70B46C28881884088F3F706FF22
:10FD4800E8E700BF30B502880C4602F47F42B2F5FE
:10FD58007E4F8BB023D003460068596804AB03C3B9
:10FD680000212046F9F74EFD0025942394F824201D
:10FD78008DF807308DF804200395ADF808500AF087
:10FD880073FD034601A908200693F9F75DFD094BA9
:10FD9800214600201D80FDF7C7FF0BB030BD20466F
:10FDA8000021F9F72FFD21460020FDF7BDFF0BB01C
:10FDB80030BD00BF268A0020024630B50C468BB005
:10FDC8005168006804AB03C320460021F9F71AFD07
:10FDD800002594220E4B8DF807201968BDF81630BF
:10FDE800ADF808505B1A94F8241003938DF80410AA
:10FDF8000AF03AFD034601A908200693F9F724FD05
:10FE0800044B214628461D80FDF78EFF0BB030BD00
:10FE1800247A0020268A00200346008800F060002B
:10FE2800202801D0402806D1052933D8DFE801F081
:10FE3800201C2E1C262A00B58BB01868596804AB04
:10FE480003C34FF0940C002392F82420072001A943
:10FE58008DF804208DF807C00393ADF80830F9F742
:10FE6800F3FC0BB05DF804FB11461846FFF702BF20
:10FE780000230A490A4A0B80138070471146184626
:10FE8800FFF79ABF11461846FFF722BF11461846DA
:10FE9800FFF758BF11460720FDF746BF288A002004
:10FEA800268A002040F2DC50704700BF40F2DC5048
:10FEB800704700BF08B50AF0E5F80AF0EBF840F221
:10FEC800DC5008BD10B504460AF0DCF8024B1C6093
:10FED8000AF0E0F8002010BD3494002008B50AF0BC
:10FEE800D1F80AF0D7F840F2DC5008BD38B505461D
:10FEF8000C460AF0C7F82B7823700AF0CBF80020DC
:10FF080038BD00BF38B505460C460AF0BBF8EB789B
:10FF180063F07F0323700AF0BDF8002038BD00BFEE
:10FF280038B505460C460AF0ADF86B7823700AF030
:10FF3800B1F8002038BD00BF38B505460C460AF0B8
:10FF4800A1F8AB7823700AF0A5F8002038BD00BFEF
:10FF580038B505460C460AF095F8AB6823600AF0F8
:10FF680099F8002038BD00BF38B504460D460AF0A0
:10FF780089F804F10C0303CB286069600AF08AF859
:10FF8800002038BD40B139B108B50AF07BF80AF055
:10FF980081F840F2DC5008BD0120704738B108B53F
:10FFA8000AF070F80AF076F840F2DC5008BD01203B
:10FFB800704700BF30B5054693B00C460AF062F8AA
:10FFC80028788DF82800F8F72FFB012C0CBF214664
:10FFD8000021119001A8FDF763FD0AF05BF80020ED
:10FFE80013B030BD2DE9F0430D46044689786D4ABB
:08FFF8000170EB786C4E03F080
:020000021000EC
:100000007F03C3702B6ADFF8CC8183616B6AE86978
:10001000E361AB6A46F821002362D3636B6A93B055
:100020009363237818F80330012B00F0A680E3696E
:1000300023B1D3E900019A6812689047236A23B17B
:10004000D3E900019A68126890472B782278012B37
:1000500042D00221574B23F812102846F9F788FCAA
:100060000646002832D101464FF4B47252480BF0D4
:1000700017FD4FF0010C4FF42A7923784F4F08F801
:1000800003C047F8236023784D484E4920F8136099
:100090002078442209FB001031460BF001FD4A464E
:1000A000314649480BF0FCFC95F80080B8F1010F8F
:1000B00016D02278454B286A1A70F2F7D5FF06460B
:1000C00000283DD0304613B0BDE8F08340F2DC5646
:1000D000304613B0BDE8F083364921F81230BCE752
:1000E00020788DF82800F8F7A3FA11909DF82800E1
:1000F000F8F712FC06460028E4D1E97801A8FDF7DC
:100100005FFD29469DF82800F8F7CAFC304B9DF8A2
:10011000280023F81060F8F791FB01A84146FDF78D
:10012000C3FC6420F8F798FD2B782278012B2AD0A5
:1001300057F8223043F4803347F822300026C1E7D5
:100140002078F8F7E9FB06460028BBD1294620466F
:10015000FFF738F929462078F8F7A2FC2078F9F75C
:10016000EFF82078FFF70AF94028DDD10A20F8F7E8
:1001700073FD2078F9F750F8D6E740F2DD563046A7
:1001800013B0BDE8F083E07857F8221083400B43AA
:1001900047F82230E3780B2BD0D1227857F8223061
:1001A00043F4805347F82230C8E700BFEC5C0020DE
:1001B00034940020E08E002038940020DC8E002053
:1001C0005C7600208C910020E48E002080030020CB
:1001D000807C0020D88E0020F0B5054693B009F051
:1001E00055FF2878F8F734FC002837D12B781D4EBE
:1001F0001D4A36F81340D054A4B2012C1AD0FEF791
:100200003FF92878FEF788FF0027184B2A7843F833
:100210002270F2F775FF04462878F9F759FD2B781C
:1002200026F81370FF22124B1A7009F037FF204690
:1002300013B0F0BD18468DF82830F8F7F9F902210F
:10024000119001A8FBF758F8214601349DF82800C9
:10025000A4B2FCF765F9062CF6D1D5E74FF4BC64DF
:10026000E0E700BFE08E0020D88E0020DC8E00206A
:100270008003002038B504460D4609F007FF2B4BDC
:10028000207833F810309BB2012B16D16278284BBE
:1002900000EB400002EB400203EB02135B889BB2D1
:1002A000322B3AD018D80A2B10D0282B29D1012371
:1002B0002B8009F0F3FE002038BDF6F7A7FD00F013
:1002C0007003202B29D011D8002BF0D106232B80CE
:1002D00009F0E4FE002038BD462B18D0502B10D179
:1002E00004232B8009F0DAFE002038BD302B0ED01D
:1002F0002F2B06D9602BF3D015D800F060004028D2
:10030000EED000232B8009F0C9FE002038BD032366
:100310002B8009F0C3FE002038BD02232B8009F09A
:10032000BDFE002038BD702BDAD0EAE7E08E002059
:10033000387D002038B50B4B027833F812309BB271
:10034000012B0BD004460D4609F0A0FE294620786B
:10035000F9F716F809F0A2FE002038BD40F2DC5093
:1003600038BD00BFE08E002070B5044692B009F0A1
:100370008DFE124D2378EA5C8DF82830012A16D0C4
:10038000012201A8EA54F9F7F1FA70B140F2E156FE
:1003900040F2DC53D52818BF1E4600222378EA54C9
:1003A00009F07CFE304612B070BD0646F5E740F21B
:1003B000DD5609F073FE304612B070BDD08E0020BD
:1003C00070B5054692B016460C4609F05FFE564AD7
:1003D0002B7832F813309BB2012B4FF0060308BF85
:1003E0006E70A370287832F810308DF828009BB218
:1003F000012B2ED0002301A82370F9F71DFA8028C5
:100400007BD0A0F1C000B0FA80F0400940006070DD
:100410002878F6F7FBFC00F07003202B6FD00AD889
:10042000002B55D00123A3700025E57009F036FE9E
:10043000284612B070BD302B4DD02F2BF4D9602B35
:1004400004D06ED800F060004028EDD10423A370E2
:10045000EAE7F8F7EDF89DF828106B781190334A29
:1004600001EB410003EB400302EB0313DB88480080
:100470009BB2082B46D031D8022B47D0032B14BF98
:100480000023842323706B78461803EB460302EBAA
:1004900003131B899BB2802B36D0A3F1C003B3FAA0
:1004A00083F35B095B0063706B78084403EB4003E4
:1004B00002EB031253889BB2322B29D013D80A2B9C
:1004C0002CD0A3F12803B3FA83F35B09A370ABE745
:1004D0000623A370A8E70323A370A5E7FF2B14BF8F
:1004E00000238A23CEE7462B15D0A3F15003B3FA9D
:1004F00083F35B099B00A37096E7012087E7022343
:10050000A37091E79023BDE70123CCE78023B9E7EF
:100510000223A37088E70323A37085E70623A37053
:1005200082E7702B92D07FE7E08E0020387D00209C
:10053000054B90F800C053F82C300BB1FFF740BFCB
:1005400040F2DC50704700BFDC8E002040F2DC50EF
:10055000704700BF08B509F099FD09F09FFD40F212
:10056000DC5008BD70B5044682B00D4609F08EFD22
:100570000E4B2178627853F821307BB1204601A9D7
:10058000FFF71EFF064648B929462078A580F8F7F0
:100590000FFF09F083FD304602B070BD40F2DC561B
:1005A00009F07CFD304602B070BD00BFDC8E00203B
:1005B000F0B5044683B00E46174609F067FD134BAD
:1005C0002178627853F82130B3B1204601A9FFF7B2
:1005D000F7FE054680B93A4631462046F8F774FFE3
:1005E000D52810D040F2DC53FF2808BF1D4609F083
:1005F00055FD284603B0F0BD40F2DC5509F04EFD34
:10060000284603B0F0BD40F2DD55F0E7DC8E002057
:10061000F0B5044683B00E46174609F037FD134B7C
:100620002178627853F82130B3B1204601A9FFF751
:10063000C7FE054680B93A4631462046F8F7D6FE51
:10064000D52810D040F2DC53FF2808BF1D4609F022
:1006500025FD284603B0F0BD40F2DC5509F01EFD33
:10066000284603B0F0BD40F2DD55F0E7DC8E0020F7
:100670002DE9F041044682B090461F460D4609F030
:1006800005FD1B4B227853F822304BB33A462046E7
:1006900001A9FFF795FE064610BB67702B884146FF
:1006A000A3816A881B06E281AA8820462282EA8802
:1006B00062820ED4F8F708FFD5280ED040F2DC5342
:1006C000FF2808BF1E4609F0E9FC304602B0BDE82D
:1006D000F081F8F78BFED528F0D140F2DD56F2E735
:1006E00040F2DC5609F0DAFC304602B0BDE8F08199
:1006F000DC8E002070B500230446154682B08DF8CC
:1007000006300E4609F0C2FC22781A4B33F812303C
:100710009BB2022B08BF05F07F05174B0CBFE5709D
:10072000657053F8223008BF6578DBB12A46204651
:1007300001A9FFF745FE9DF80630032B12D1314683
:100740002046F8F7E3FF58B140F2DD5440F2DC53A5
:10075000D52818BF1C4609F0A1FC204602B070BD88
:100760000446F8E740F2DC5409F098FC204602B059
:1007700070BD00BFE08E0020DC8E002070B5044606
:1007800092B009F083FC214B2178627853F8213034
:100790006BB320466946FFF713FE9DF8023005460D
:1007A000042B24D120781A4E8DF82800F7F740FF4B
:1007B00094F800C0119016F80C30012B1ED04FF0A9
:1007C000010E637840F20722124901A806F80CE0F6
:1007D000FAF7E2FD002140F2DC53884218BF1D46C3
:1007E0002278B15409F05AFC284612B070BD40F28C
:1007F000E15509F053FC284612B070BD40F2DD55BA
:1008000009F04CFC284612B070BD00BFDC8E002001
:10081000D08E002009B60000F0B51D4603780446CE
:100820000E46174683B00BB9CB072CD409F02EFC2B
:1008300022781D4B33F812309BB2022B08BF05F013
:100840007F051A4B0CBFE570657053F8223008BF66
:1008500065788BB12A46204601A9FFF7B1FD054610
:1008600050B99DF80630032B12D040F2DC5509F048
:1008700015FC284603B0F0BD40F2DC5509F00EFC33
:10088000284603B0F0BD40F2E255284603B0F0BD63
:100890003A4631462046F8F7ABFE0028E7D0D52887
:1008A000E3D140F2DD55E2E7E08E0020DC8E00204F
:1008B000F0B51D46037804460E46174683B00BB9C3
:1008C000CB072CD409F0E2FB22781D4B33F8123011
:1008D0009BB2022B08BF05F07F051A4B0CBFE570D9
:1008E000657053F8223008BF65788BB12A462046E0
:1008F00001A9FFF765FD054650B99DF80630032BA9
:1009000012D040F2DC5509F0C9FB284603B0F0BD17
:1009100040F2DC5509F0C2FB284603B0F0BD40F2BE
:10092000E255284603B0F0BD3A4631462046F8F776
:10093000A5FE0028E7D0D528E3D140F2DD55E2E757
:10094000E08E0020DC8E0020F0B5244B027893B0BE
:1009500033F812309BB2022B3AD00446012609F03C
:1009600095FB1F4B2278667053F8223073B33246E2
:1009700020466946FFF724FD054638BB9DF8023046
:10098000032B23D12078174F8DF82800F7F750FE5E
:1009900023781190FA5C1449012A18BFFE5440F2E2
:1009A00005224FF0010301A808BF40F2DD55FAF718
:1009B000F3FC002140F2DC53884218BF1D46227828
:1009C000B95409F06BFB284613B0F0BD09F066FB83
:1009D00040F2DC55284613B0F0BD00BFE08E002089
:1009E000DC8E0020D48E0020CDB50000F0B504468A
:1009F000164683B00D46304F09F048FB227837F891
:100A000012309BB2012B2D4B08BF667053F8223079
:100A100018BF667853B33246204601A9FFF7D0FCD1
:100A20009DF80630032B21D101222A80237837F844
:100A3000131089B291421FD04FF0640C204900E09E
:100A400023780CFB03F302EB820003EB4003CB5A49
:100A5000012B03D12888934003432B8001320A2ABB
:100A6000EED109F01BFB002003B0F0BD09F016FB2E
:100A700040F2DC5003B0F0BD0A4664261049114F25
:100A800003E001320A2AECD0237806FB03F302EBE1
:100A9000820003EB4003C85A0B440128F1D1DB88E4
:100AA00094F801C03B40B3EB0C3FEAD12B88904057
:100AB00018432880E5E700BFE08E0020DC8E002090
:100AC000D078002000F0FFFFF0B500230446154663
:100AD00093B08DF802300E46444F09F0D7FA2378D0
:100AE000A57037F813501846ADB2012D8DF8283097
:100AF0004CD062783E4B53F82030002B3FD06946F3
:100B00002046FFF75DFC9DF80230032B37D1237898
:100B1000A17837F81350ADB2012D49D0642505FBFB
:100B200003F3344801EB810103EB410303445A888A
:100B300002F00F0232702378A17805FB03F301EB7A
:100B4000810503EB450318444388DB0603D562F0B7
:100B50007F023270A17801AF3846F8F73BFEB0F55E
:100B6000004F1AD0B0F5404F3CD0B0F5804F1DD0AB
:100B700040F2DC5409F092FA204613B0F0BD40F286
:100B8000DC5409F08BFA204613B0F0BDF7F750FDA6
:100B90002A46119065702078ACE7012373703846BF
:100BA000A178F8F7F5FD70800024E3E70023F5E76E
:100BB00001AF3846FAF752FF3070A1783846F8F79F
:100BC00009FEB0F5004F06D0B0F5404F0CD0B0F59F
:100BD000804FCDD1002575703846A178F8F7D8FD43
:100BE0007080E1E70223D9E70225F4E7E08E0020D8
:100BF000DC8E0020D0780020062070470620704749
:100C0000062070470620704706207047426803465A
:100C1000127E012A11BF0122026A926BC2F34012B6
:100C20008A70827F00200A701B6ADB6B03F48143A9
:100C3000803B18BF01234B70704700BF84460020E3
:100C4000CCE99032CCF83C12704700BF002370B45E
:100C50004FF4F946046A95B2A363046A120CE36385
:100C6000046A4362236C23F0010343F0040323640A
:100C7000036A5E64046AA36C43F44073A364036A6A
:100C80009D60036ADA60036A196070BC704700BF38
:100C900010B41C4B1C4A1B6A1268C3F30264A240C6
:100CA000C3F30223DA409142844627D2002301E0B5
:100CB0008C4209D901330A2B22FA03F4F8D149F600
:100CC00040405DF8044B70470120984080084FF485
:100CD0008053DCF8201001E0013BF0D0CA6B920495
:100CE000FAD58B6C03F40073034343F480738B6475
:100CF000CCF80C4000205DF8044B70471446FF20F0
:100D0000E5E700BF00E0014020960020F0B4022794
:100D10004468066A6468756C646845F440752468C4
:100D20007564056A43EA020C1CF0030FC5F8B07144
:100D30001ED00026012500F13C07A760C0E90D6226
:100D4000C0E90B310C4B80F828502360036A033252
:100D5000603389B2C2F38F026360A181E28143688C
:100D6000F0BC5B68D3E90112186809685268104743
:100D7000A360024BE9E700BF000028A0000018A014
:100D8000D0F83C321BB310B5D0F8403204468C4644
:100D900084B0D3B193E807000DF1100E0EE90700FF
:100DA0009CE8070083E80700D4F8442218469A60BC
:100DB000D4F83C329847D4F8403223B104AA12E95F
:100DC000070083E8070004B010BD0B46ECE770474E
:100DD0002DE9F0471E46036A0446D86B00F48140B3
:100DE000802860D11746A27F002A6AD0627A002A42
:100DF0005ED14FF0020A60685A6CD0F804C0D0F897
:100E00001480DCF8040042F44072D0F800905A6478
:100E1000236A0D46C3F8B0A141EA08039B0755D0E9
:100E200004F13C03184642460AF08EFE0123454475
:100E3000C9F80400C4E90B566363284B84F828A062
:100E4000C4F83880C9F80030236A08F10308603319
:100E5000C9F80830C8F38F08B3B2A9F80C30A9F864
:100E60000E8063685B685A68186811689A685368EE
:100E70009847054678BB6368227F5B690AB903FB24
:100E800007F7012E226A18D94FF4807111611921D8
:100E9000226A5661206A3A46C3642046FFF7D6FEAE
:100EA0002846BDE8F08749F642452846BDE8F08768
:100EB00049F645452846BDE8F08700211161182113
:100EC000E8E749F644452846BDE8F0874FF0284357
:100ED000C9F80410B6E71825E7E700BF000030A8FE
:100EE000F0B5036A0546DB6B0E4603F48143802BA5
:100EF000174683B00DD0194C01E0013C09D0012107
:100F0000084601F0F1FA2B6ADB6B03F48143802B76
:100F1000F3D131463A462846FFF798FE6B6A0193B3
:100F2000019B190213D442F210740AE0013C12D062
:100F30000121084601F0D8FA6B6A0193019B1B025C
:100F400005D4019BDA07F1D5002003B0F0BD49F6C6
:100F5000474003B0F0BD142003B0F0BD404B4C003F
:100F6000F8B51D46036ADE6B06F4814CBCF1800FB8
:100F700022D1837F04463BB3174642680B46526931
:100F80002946FFF7C3FE0646A0B96368227F5B6966
:100F90000AB903FB07F7012D226A11D94FF48071BA
:100FA00011611221226A5561206A3A46C3642046C3
:100FB000FFF74CFE3046F8BD49F642463046F8BDD4
:100FC000002111611121EFE749F644463046F8BD92
:100FD0000022F8B54B680D465B6804461B681A6032
:100FE0004B68D3E90112186812689047064608B1A9
:100FF0003046F8BD01464FF4127220460AF050FD0B
:10100000584B65602362EFF31087012282F310884A
:1010100055492B788868C3F10C0302FA03F320EAE0
:1010200003038B608B6887F31088236A00209E631C
:10103000236A4E4FC3F8C061236ADFF83CC1C3F88E
:10104000C02163684A491B7E93420CBF40F20532BF
:1010500040F21D32236A1A64AB68C4F83C32EB6874
:10106000C4F84002C4F84432AA7F95F91A3012013C
:1010700007EB030ED2B28EF800234CF8234003F1A5
:10108000C00251F822E060F3104E41F822E051F81E
:101090002220BFF35F8F4FF0010E5A09920003F038
:1010A0001F0302F1604202F561420EFA03F3C2F837
:1010B0008031136095F91C30834221DB95F82020A4
:1010C0001F441201D2B287F800234CF8234003F1E9
:1010D000C00251F8227060F3104741F8227051F8B5
:1010E0002220BFF35F8F5A09920003F01F030EFA0C
:1010F00003F102F1604303F56143C3F88011196005
:1011000095F91D30002B26DB95F8212003F1604175
:101110001201D2B201F5614181F80023144A4CF862
:10112000234003F1C00152F8210020F4803042F83E
:10113000210052F82120BFF35F8F01215A0992004C
:1011400003F01F0302F1604202F5614201FA03F36A
:10115000C2F8803113600023064AA377226030462C
:10116000F8BD00BF002009400040084000E100E059
:101170000060004049484453E8950020002138B5FC
:101180004268016092F91A308B4210DB012403F0AF
:101190001F05AC405A09234D203245F82240BFF3C9
:1011A0004F8FBFF36F8F204A42F82310426892F9A5
:1011B0001C30002B11DB01211A4C5A0903F01F0CC3
:1011C000203201FA0CF144F82210BFF34F8FBFF325
:1011D0006F8F0021144A42F8231000244FF4F94184
:1011E000036A9C63036ADC63026A4462136C23F043
:1011F000010343F004031364036A5964026A936CA5
:1012000043F440739364036A9C60036ADC60036A7E
:101210001C6043685B689A681868136A98472046A0
:1012200038BD00BF00E100E0E895002038B5036A52
:10123000DB6B03F48143802B3AD1837F0446002B80
:101240003FD0437A002B39D1037F002B33D1436841
:101250008D185B6903FB05F503FB01F1013D0A46AF
:1012600020462021FFF73CFE08BB2A4621212046CC
:10127000FFF736FED8B94FF4F9452621236A986363
:10128000236AD863226A6062136C23F0010343F07F
:1012900004031364236A5D64226A936C43F440730D
:1012A0009364236A9860236AD860236A196038BD02
:1012B00049F6424038BD551E0D44D0E749F6454039
:1012C00038BD49F6444038BD00232DE9F0410127DF
:1012D0002024026A8377C2F8C031026A0E46C2F83F
:1012E000C071026AA7499464026A86B09366026A72
:1012F0000546C2F8B031026AC2F8CC31026AC2F8BF
:10130000E031FFF7C5FC044618B1204606B0BDE841
:10131000F0814CF2E0022B6A38461A654FF47A717C
:1013200001F0E2F8224621462846FFF7D9FD04469F
:101330000028EAD14FF4D57208212846FFF7D0FDE6
:1013400014280446E1D049F647432A6A9842926934
:1013500000F0B980B2F5D57F00F0B5802B7AFF2B75
:1013600000F00781002202212846FFF7B9FD04465C
:101370000028CAD16B6803211F78284602373F0432
:101380003A46FFF7ADFD04460028BED12A6A2B7A03
:1013900092690BB1170C3F043A4609212846FFF722
:1013A0009FFD04460028B0D12B6A297A9A690192E0
:1013B0001A6A02929A6A03921B6B04939DF8123088
:1013C0009B0900F0A680002940F0C98040F6FF7418
:1013D000BDF80830BDF80A00C3F3C2129DF80C3006
:1013E00003F003039B0243EA90139DF80D00A34210
:1013F00000F00F0000F01D81023201339340012202
:101400008240520A02FB03F32B6101233A46072173
:101410002846AB61FFF764FD044600287FF475AFF2
:10142000039B580200F1B48057492846FFF730FC6F
:10143000044600287FF469AF6B68102128465A697A
:10144000FFF74EFD044600287FF45FAF6B683A4615
:10145000372128465F78FFF743FD044600287FF4D4
:1014600054AF46212846C7F34102FFF739FD044631
:1014700000287FF44AAF082F00F0DD80A7F10101BA
:10148000B1FA81F14909890044F2E0032A6A43EA8A
:10149000413313656B685A7E32B12A6A926BC2F38C
:1014A000C01282F001026A725B696B612EB105F1B4
:1014B00008070FCF0FC63B68336001232046AB7788
:1014C00006B0BDE8F08140F60677DFF8C08002E0A4
:1014D000013F3FF443AF002237212846FFF700FDCC
:1014E000044600287FF411AF424669212846FFF7E1
:1014F000F7FC044600287FF408AF2B6A9B69002B99
:101500004FEA1362E4DA0123C2F380122A772B72C6
:1015100028E701209DF80C30BDF80A2003F00303F2
:101520009B0243EA9213BDF808409DF80D20C4F3D6
:10153000C21402F00F02904002345A1C400AA2402A
:1015400000FB02F22A61B9B19DF808309DF807202E
:1015500003F03F035B0043EAD213013356E7012B4C
:101560007FF453AF029BC3F3152301339B022B611E
:101570004BE749F64044C8E640F6FF729342E3D198
:101580002961E1E7801A060040787D010080FF4074
:1015900040220121284605F13C03FFF7B7FB002854
:1015A0007FF442AF40224FF4F94C2B6A4FF6F174AE
:1015B00018612B6A0621DA642B6A98632B6AD86358
:1015C000686248F2FF002A6A136C23F0010343F0BB
:1015D000040313642B6AC3F844C02A6A936C43F46F
:1015E000407393642B6A9C602B6AD8602B6A1960E5
:1015F0006B6A0093009B19023FF516AF0F4C0CE08D
:10160000013C3FF411AF0121084600F06DFF6B6A09
:101610000093009B1B023FF507AF009B5A07EFD5D5
:1016200095F84C3003F00F030F2B3FF4FDAE044947
:10163000FBE62961E9E6012126E700BFA08601005B
:1016400080F0FA0270B5D0E90C129142044690F88D
:10165000283084B012D0012B31D0022BE56AA66B62
:1016600039D0D4E90C230133354493426363E562F6
:1016700008BF94F8283001D004B070BD012BFBD115
:101680000025C4E90C556368E56284F82850A56319
:101690005B689A681868136998472023226A204675
:1016A000C2F8B051D4F8442201A90392ADF80A500F
:1016B000CDF80650ADF80430FFF762FBDCE7826B33
:1016C00004F13C01C06A0AF03FFA94F82830E56A58
:1016D000022BA66BC5D13246294604F13C000AF024
:1016E00033FABEE7F0B585B0EFF303830022494932
:1016F000103B5EB251F82640CDE90122236A0392E5
:10170000196948F27F3062F300011961226A936B14
:10171000D56B03F00503D94305409163E943226A81
:10172000D80743EA0545D16312D50822ADF8042055
:10173000226A1169C9054CBF916A916902911168C9
:10174000262957D0116C21F0040141F001011164E8
:10175000314F2F40002F31D15B0715D4636AA27F30
:101760002B4363621AB1BDF80430002B4DD12B4AD4
:1017700006F1C00352F8231021F4803142F82310FF
:1017800052F8233005B0F0BD94F82830012BE5D095
:10179000C4E90C776368E76284F82870A7635B6824
:1017A0009A68186813699847BDF8043043F020031D
:1017B000ADF80430236AC3F8B071CFE700270122E7
:1017C000BDF8043045F4000543F04003ADF80430A3
:1017D000236A1A61C4E90C776368E76284F82870A9
:1017E000A7635B689A68186813699847236AC3F807
:1017F000B071B3E7D26B02F48142802A0CBF882219
:101800004FF48472ADF80420A2E7204601A9FFF747
:10181000B7FAACE7E895002000007F800060004048
:10182000002230B585B0CDE901220392EFF30383A6
:101830001649103B5CB251F82400056AAB6B13F4F7
:10184000847F03D082770122ADF8042013F4047F53
:1018500005D0BDF8042042F00202ADF8042003F4E4
:101860004673DB43AB63D0F8443201A90393FFF71F
:1018700087FA074A04F1C00352F8231021F480319B
:1018800042F8231052F8233005B030BDE89500200F
:101890000060004010B5EFF30383094A103B5CB2CF
:1018A00052F82400FFF7CEFE064A04F1C00352F8B6
:1018B000231021F4803142F8231052F8233010BD58
:1018C000E8950020006000402DE9F84F0388DBB167
:1018D00082464FF0000B4FF00109DFF8D080002462
:1018E000304D4FEACB07DAF8043035F8022BD9191E
:1018F000898891420AD00134032CF4D1BAF800301F
:101900000BF1010B5B45EAD8BDE8F88FDB5909FA0A
:1019100004F603F0B853B3F1807FF6B298F8BB3405
:1019200013D0334231D1204A04F1200612F8163088
:10193000DB09E0D012F81630012123F08003C82023
:1019400002F8163000F0D0FDD5E7334211D0164A28
:1019500004F1200112F81130DB09CCD112F811305A
:10196000C82043F0800302F81130012100F0BCFDD3
:10197000C1E7012000F096FE98F8BB340120334304
:1019800088F8BB3400F05EFEE1E7012000F08AFE3B
:1019900098F8BB34012023EA060388F8BB3400F032
:1019A00051FEC0E73CF901000030084000E0014072
:1019B000F8B50646FFF788FFEFF31082012383F3A3
:1019C0001088234F3B681BB92249CB704023CB7052
:1019D0003B6801333B6082F31088338823B30021D6
:1019E0001D4D08E01B01134445F8234032880131A6
:1019F0008BB29A4218D9736853F8314003EBC10295
:101A00009288E0034FEA1223D2B2EBD502EB031027
:101A100055F820E024F4803C2EF4803E45F820E088
:101A20001B0145F820C0DEE7EFF31082012383F3AA
:101A300010883B6813B13B68013B3B603B681BB9B6
:101A400080200449CB70C87082F31088F8BD00BFB5
:101A5000E4950020000D08400008084008B5034B3D
:101A600003600846FFF7A4FF002008BD54524F5002
:101A700070B40025034691F902201A4C02719200BD
:101A800002F1804202F5C042D2F80063C2F800536E
:101A90008A688260CA68C2600878587125540D79D6
:101AA000CA7842EA05124D7942EAC512D2B22254EE
:101AB00093F90420C03244F8226093F9040000280E
:101AC0000BDB4A78084C120100F16041D2B201F5FB
:101AD000614181F8002344F82030044A00201A6054
:101AE00070BC704700600040E895002055434900F5
:101AF00090F904200E4B02F1C00153F8210020F4AC
:101B0000803043F8210053F82130BFF35F8F01216B
:101B100053099B0002F01F0203F1604303F5614388
:101B200001FA02F2C3F880211A600020704700BF5A
:101B30000060004010B582B0EFF30384184B103CF6
:101B400064B253F82410174A4879135C03F0030376
:101B5000032B12D0C03452F8243023F4803342F8DF
:101B6000243052F824308B682BB14879CA68CDE90B
:101B700000206846984702B010BD8B6823B1CA6840
:101B8000CDE9002068469847064BC03453F824201E
:101B900022F4803243F8242053F8243002B010BDE0
:101BA000E89500200060004006207047062070473E
:101BB00090F904300449C03351F82320002042F04A
:101BC000807241F82320704700600040002290F9A5
:101BD0000400124B53F82030C1E90022DA783F2A82
:101BE0000CD94FF480728A60DA89D2B2CA60DA788E
:101BF00002F0C002802A09D0002070474FF48032E2
:101C00008A60DB8900209BB2CB6070474FF4803242
:101C10000A609B8900209BB24B6070470000002047
:101C2000062070470620704730B482B0019190F9C9
:101C3000041000928A001F4C02F1804202F5C0425B
:101C400054F82150D2F8001321F0807121F4803132
:101C5000C2F80013D2F8002390F90410164C41F496
:101C60000041E28992B29142FBD008222274019A8B
:101C70000AB1019A6A60009A0AB1009AAA60EA78E9
:101C800002F0C001802913D03F2A98BFEB811822AF
:101C9000094B1A7490F9043000200849C03351F8F8
:101CA000232042F0807241F8232002B030BC7047FC
:101CB000AB81ECE7000000200054004000600040D1
:101CC000F8B5274A044613780D4643B36B6893F979
:101CD0000030002B3FDB234850F82320002A3CD162
:101CE00023712D68BDB12B46DA7819463F2A05D9F4
:101CF000DA89D2B202EB022292B2DA818A78103308
:101D00003F2AF1D808211822174B197494F90410AE
:101D100040F821501A74154B00202360F8BD0126AD
:101D20001670EFF3108086F31088114A116821F4C1
:101D300080011160126880F310880A4F194628222A
:101D4000384609F0ADFE084B5F611E736B6893F96E
:101D50000030002BBFDA0B20F8BD0820F8BD00BF13
:101D6000A09500200000002000540040004354448F
:101D70000040084090F904309B0003F1804303F5D4
:101D8000C043D3F8002322F0807222F48032C3F8DB
:101D90000023D3F800330020704700BF00B590F94E
:101DA00004E084464FEA8E0303F1804303F5C04309
:101DB000D3F8002322F0807222F48032C3F800238B
:101DC000D3F8003390F90420074942F40042CB894C
:101DD0009BB29A42FBD00020044B43F82E00CCF873
:101DE00000005DF804FB00BF00540040000000202C
:101DF00010B490F904309B0003F1804303F5C04315
:101E0000D3F8002322F0807222F48032C3F800233A
:101E1000D3F8003390F90420184C42F40042E389CF
:101E20009BB29A42FBD00B46DA789C463F2A05D9F2
:101E3000DA89D2B202EB022292B2DA819CF8022055
:101E400010333F2AF0D84FF0080C18220B4B0C4CE3
:101E500083F810C090F904C044F82C101A7490F95B
:101E600004300849C03351F82320002042F080722A
:101E700041F823205DF8044B704700BF0054004038
:101E800000000020006000400901836841F001016A
:101E9000C9B20020597770470023826818465377EB
:101EA000704700BF0122836800201A77704700BF87
:101EB00030B44FF480654FF4803403468D600C607D
:101EC0009C684FF6FF72B4F810C0E4681CF4404FF1
:101ED00018BF2A464C609B68002030BC9B689BB2B0
:101EE000C1E90223704700BF062070470346002067
:101EF000D9605A61704700BF30B400244268124D67
:101F0000526803461178A03145F8214081680C776A
:101F1000D168A9B14FF0010C92F901100B4D48099D
:101F200001F01F0120300CFA01F145F82010BFF339
:101F30004F8FBFF36F8F064992F9012041F822407D
:101F40000020186030BC70470060004000E100E0F5
:101F5000E89500202DE9F047002643686B4A5C684D
:101F60002378A03342F8236083681E77237865893D
:101F7000A03342F8235083685E77CA7891F80280D4
:101F80009646C8F3810CC2F381074FEA8C1C930973
:101F9000CD894CEA873C0EF0C0079B03C2F30112C7
:101FA000802FADB243EA022308D0402F06D0C02FC5
:101FB00000F0A380B24643F400530AE08A8905EB9F
:101FC0000545C8F3001625F0FC251FFA82FA43EAFE
:101FD000063366890EB143F00103C668CEB318F02C
:101FE000200F5BD1102694F9017094F802E007F1FC
:101FF00060484FEA0E1EDFF818915FFA8EFE08F572
:10200000614888F800E3DFF804E149F8270007F1A8
:10201000C0085EF8289029F480394EF828905EF8C0
:1020200028E0BFF35F8F4FF001084FEA571E4FEAD9
:102030008E0E07F01F070EF1604E0EF5614E08FA86
:1020400007F7CEF88071CEF8007091F803E00EF03B
:10205000C007C02F27D04FF0000EF04687681FFA48
:102060008CFCC7F8288087689BB2C7F82CE087688B
:10207000A7F814C087683B824F6883681F60836835
:102080008968596083689D608368C3F80CA0836881
:1020900062689A618368DE74BDE8F087C02F14BF60
:1020A0001C2610269FE70EF00C07B1F80CE0B1F8E3
:1020B0000E80042F1FFA8EFE1FFA88F908BFF04623
:1020C0008F7818BFB4F8088007F00C0708BF4CF4ED
:1020D000005C042F82684F6818BF1EFB09F9176265
:1020E0008F68826814BF1FFA89FE4CF0200C08EB41
:1020F00008480EEB0E4E5762B0E78A8905EB05459E
:1021000025F0FC251FFA82FA63E700BF006000405B
:10211000E895002038B500254A68416013780446E8
:1021200003F1012340339B018360D368C36053698B
:10213000C0E90453EFF3108E4FF0010C8CF31088BC
:10214000084B1A6822F480021A601B688EF310880C
:10215000054B83F800C00968FFF7FCFE034B2846D7
:10216000236038BD004008400052004043414D44C8
:1021700010B5FFF7EFFE0122836800201A7710BD2B
:102180000346002230B45968084D4C681046217847
:10219000A03145F8212099680A7721786489A03117
:1021A00045F821409B685A7730BC7047006000407A
:1021B00030B482B00191009200224168134D4C6806
:1021C0002178A03145F8212081680A772178648937
:1021D000A03145F8214081684A77019A12B10199EE
:1021E00082681160009A12B1826800995160826819
:1021F000118A11F4404F14BFD360936001228368A9
:1022000000201A7702B030BC704700BF0060004069
:1022100010B582B0EFF30383103B0E4A5BB203F1BB
:10222000C00152F8210020F4803042F8210052F819
:102230002120094A01A852F823406269E36801920B
:102240009847A368DB6813B10122A3681A7702B02C
:1022500010BD00BF00600040E8950020064B074914
:1022600093F826001A6A51F82030C2F3026204493A
:10227000D3400B60704700BF00E00140E023002026
:1022800020960020704700BFF8B54AF203500123A2
:102290005549564AA1F8FE03A2F80431B2F80431B8
:1022A0009BB2002BFAD101204FF400454FF0090CEE
:1022B0004F4CDFF85CE14F4EC4F804E0DFF854E126
:1022C0004D4FC4F80CE0A2F80001B0604B4A3060FA
:1022D0004B484549C4E905022760A560256191F88E
:1022E0002620086A54F82220464EC0F30260C240FD
:1022F000326081F8133481F8A2C091F880341BB9A0
:1023000091F8813499076AD0374D95F88034002BC5
:102310005AD00022344B83F8812483F88024002390
:10232000314981F8323091F83C301A07FBD500234F
:1023300043F6023543F202102B4AA1F8485081F8C7
:102340004A30088581F82A3092F83C309B06FBD54C
:102350000320052325494FF0F10C81F81C012A497F
:102360002A48116282F8263092F82630156A54F80D
:102370002310C5F302640123E140F024316080F8AA
:102380000CC00372047382F8303082F8523092F835
:102390007430154943F0400382F8743091F874307A
:1023A000DB09FBD0062346200F4A81F86C3081F808
:1023B000740081F8743092F87430DB09FBD14FF46B
:1023C0002543A2F8FE33F8BD0121C82085F880140A
:1023D00000F08AF895F88034012BFBD199E74FF48F
:1023E0007A70FFF74FFF9AE700E0014000C001401C
:1023F000E023002000700040002D3101001C4E0E33
:1024000000C2EB0B2096002021120120002000408A
:1024100000127A0000366E0138B50025284C0121E3
:10242000C82084F8285000F05FF884F8245094F80D
:102430002430002BFBD194F82430214943F00203CF
:1024400084F8243091F82430C3F340009B07F9D47A
:102450001B4A81F8220092F8223003F0FF00002B83
:10246000F9D192F84030164960F3C71382F8403032
:1024700091F84030DB09FBD191F84200104A63F338
:10248000C71081F8420092F84230DB09FBD192F884
:1024900044000B4963F3C71082F8440091F84430BC
:1024A000C3F3C014DB09F9D1012000F0FBF8054BA0
:1024B000012083F8BB44BDE8384000F0C3B800BF3A
:1024C0000030084000E001400346024A00201A6044
:1024D000704700BF0000060600BEFEE7A0F1010045
:1024E0000028FBD1704700BF1F4B204A1B6800FB30
:1024F00001F1934213D302F1854202F5071203F56D
:10250000741302F6834203F6FF03A2FB03231B0DA1
:10251000A3FB01314FF0FF30F9B1FFF7DFBF4FF4FC
:102520007A7210B4A1FB02C41148B0FBF3F34FF070
:10253000FF3044B9BCFBF3FC4FEA9C0088B15DF866
:10254000044BFFF7CBBF9B00B1FBF3F1A1FB0212E1
:10255000002AF4D1084620B1F1E71846002BDCD15F
:1025600070475DF8044B70472096002000127A00F7
:1025700000CA9A3B70B500240B4B0C4EB3F82021D7
:10258000B3F84051ADB2154025FA04F3DB0704D58A
:1025900056F82430E0B203B198470134102CF3D13F
:1025A000014BA3F8305170BD00600040A49500209D
:1025B00030B5032085B000F075F800256FF0FF01FD
:1025C0004FF0FF301B4B1C4C996422462B464FF0BA
:1025D000010ECDE90100039032F8021B0EFA03FC54
:1025E000013311B1012520EA0C000A2BF4D1F5B119
:1025F0000190124B0F4A1067C3F880020299032022
:102600005167C3F8841203999167C3F8881200F0E8
:1026100019F800230A4834F8022B03F1C0010133F2
:102620000AB140F821200A2BF5D105B030BD4FF09A
:10263000FF30DEE70080004028F5010000E100E007
:1026400000600040EFF31081012383F31088124BE8
:1026500033F8102092B22AB133F81020013A92B226
:1026600023F8102033F810309BB293B910B40B4A02
:102670000B4CB2F8FE3334F810009BB243F4254300
:1026800023EA0003A2F8FE3381F310885DF8044BBF
:10269000704781F3108870471096002000E00140D9
:1026A00074FA010030B4EFF31081012383F3108832
:1026B0000E4A32F810309BB26BB90D4C0D4DB4F888
:1026C000FE3335F810C09BB243EA0C0343F42543B4
:1026D0009BB2A4F8FE3332F8103001339BB222F8DB
:1026E000103081F3108830BC704700BF1096002076
:1026F00000E0014074FA010008B509490A6883182E
:10270000B3F5805F03D807480B60104408BD09F09B
:1027100001FA0C2203461A604FF0FF3008BD00BFDB
:102720001C960020E003002000BE704708B500F0B2
:1027300035F8EFF797FDFEE7F8B5174F05463E6809
:10274000A6B17C6806EB460604EB860602E00C3474
:10275000B4420BD0637AAB42F9D1D4E90002002134
:10276000121A0C3409F09CF9B442F3D1BE6896B148
:10277000FC6804EB061602E01034A6420BD0637B23
:10278000AB42F9D1D4E90002A168121A103409F061
:10279000DBF9A642F3D1F8BD9CF901004FF47001BA
:1027A000274B284A70B50020C3F888109A60EFF7CD
:1027B0000DFAFFF769FD0120EFF708FA224B83F3CA
:1027C0000A880020FFF7B8FFFFF748FDFFF724FE57
:1027D0000320FFF767FF00234FF6FF701B4903F14B
:1027E00008020133092B21F81200F8D1002403203C
:1027F000FFF728FF0320FFF755FF154B03205C6010
:102800009C60DC601C61FFF71DFF0220EFF7DEF922
:102810000120FFF791FF0F4D0F4B5B1BA3424FEAC7
:10282000A30605DD55F8043B01349847A642F9DCC0
:10283000FFF7BEFEBDE87040002005F0FDBF00BF01
:1028400000ED00E000000000E0130020000D084053
:1028500000000E40700702007407020091B14FF0B3
:10286000FF3210B4084C014410F8013B5340DBB276
:1028700054F82330884283EA1222F5D1D0435DF820
:10288000044B70470846704780FC0100A1B18446A4
:10289000002030B4094D0A4C61441CF8013B434010
:1028A000DBB2EA5CE35C82EA102202EB03228C4595
:1028B00090B2F2D130BC70470846704780FB0100EF
:1028C00080FA010000B5034685B06A464FF0000C5F
:1028D0004FF02E0E5968006803C219891180997A49
:1028E00091700CF110026A4412F9102C202A10D0B9
:1028F000BCF1080F14D019460B460CF1010CBCF1C9
:102900000B0F03F8012BECD100221A7005B05DF813
:1029100004FBBCF1070FF7DC9DF90820202AF3D057
:10292000194601F802EB5A709DF90920202A02D0BD
:102930004FF0090CE0E70B4600221A7005B05DF875
:1029400004FB00BFF0B5144683B0202206460F46B4
:1029500001F0A0FC002301932368421C9A421AD87C
:1029600096F8503005460C2B03D06368326B9342C7
:102970001CD0E268AA4222D010D301AB2A463046CE
:10298000616801F087FE03460198A360002803DB1D
:10299000E56003B0F0BD0C4803B0F0BD01AB3046BC
:1029A000A168AA1A01F076FE0346EDE7B6F84C20BE
:1029B000316A01FB02F2B7EB521F02D8A36000207C
:1029C000E6E70248E8E700BF34000D8234000182E8
:1029D0002DE9F0411F4606460C46154600212022EF
:1029E0009DF8188009F05CF83A460021304604F062
:1029F0009FFF0F220B21304604F09AFF0D21304635
:102A0000424604F095FF701C00234FF6FF77014605
:102A100007E014F8012B023100F813200133052BD5
:102A200009D09D42F5D803F1010338BF0F80052B73
:102A300001F10201F5D14FF6FF7706F10E01301DCD
:102A400007E014F8012B023100F8132001330B2B9F
:102A500009D09D42F5D803F1010338BF0F800B2B3D
:102A600001F10201F5D10B2D08D802D04FF6FF730A
:102A7000B3834FF6FF73F383BDE8F08123780D2D08
:102A8000337701D16378B377BDE8F08170B515462F
:102A900012686B68CA630B642A89AB7A01F13C0641
:102AA000A1F8442081F8463030460C46FFF70AFF73
:102AB000304609F056F80146304605F083FB1421F4
:102AC000284604F031FF1A210646284604F02CFF60
:102AD00040EA06400E216060284604F025FF0346C8
:102AE00003F01F02DE0AC3F34513238453001021B1
:102AF000E6836384284604F017FF03465A0A02F26D
:102B0000BC722283C3F3431203F01F0316216283B6
:102B1000A383284604F008FF034603F01F02DE0AE1
:102B2000C3F34513A38553001821E3852846668522
:102B300004F0FAFE03465A0A02F2BC72A284C3F3FE
:102B4000431203F01F031221E2842385284604F078
:102B5000EBFE00220346C4F8362062875A0A02F2CE
:102B6000BC722286C3F3431203F01F031C2162864A
:102B7000A386284604F0DAFE03460B21284623608C
:102B800004F0D0FE84F8BD0070BD00BF70B54FF0FA
:102B9000000C144682B001AB6246C4F800C0C4F811
:102BA00004C0C4F808C0C4F80CC0C4F810C006467D
:102BB0000D4601F0F1FF019B2060002B08DBC4E90A
:102BC000015596F850200C2A02D0326B954202D063
:102BD000184602B070BD326AF16B18468A422CBFAB
:102BE000B2FBF1F20122226002B070BD2DE9F04784
:102BF00004461F4688461646FFF7A4FE051E02DA65
:102C00002846BDE8F08720224146204601F082FB9D
:102C1000B1688146204601F031FB202282464146C0
:102C2000204601F04FFB94F8503050440C2B03D059
:102C30007268236B9A4242D094F851A0494600FB37
:102C40000AFA2022204601F04DFB3169824449B145
:102C50000B6853452FD0204603F080FF0023051E4C
:102C60003361CDDB51462046012204F08BF8306100
:102C700080B3002FC4D033694FEA49129B6803EB3D
:102C800049199858D9F80410D9F80820D9F80C3007
:102C900038607960BA60FB60D9F81000D9F8141078
:102CA000D9F81820D9F81C3038617961BA61FB6114
:102CB0002846BDE8F0870B7B9B07DAD5CBE7E26BB4
:102CC000B4F84C3002FB03F35B09B8FBF3F802FBEA
:102CD0000800B1E7004D93E7040001822DE9F047B9
:102CE00004461F460D469046FFF72CFE061E02DAEC
:102CF0003046BDE8F08720222946204601F00AFB35
:102D0000D8F808108146204601F0B8FA2022824601
:102D10002946204601F0D6FA94F8503050440C2B46
:102D200004D0D8F80420236B9A423DD094F851A0E7
:102D3000494600FB0AFA2022204601F0D3FAD8F8CF
:102D40001010824451B10B68534529D0204603F03E
:102D500005FF0023061EC8F81030C9DB5146204687
:102D6000022204F00FF80146C8F8100038B38D684D
:102D70003C687868BA68FB6805EB49114FEA491C62
:102D800045F80C4048608A60CB6078693C69BA6954
:102D9000FB6948610C618A61CB613046BDE8F08710
:102DA0000B7B9B07E3D4D1E7E26BB4F84C3002FB1A
:102DB00003F35B09B5FBF3F502FB0500B6E7014E33
:102DC00096E700BF040001822DE9F04F9A4691B0CA
:102DD0000DF1200B5B46164689461146524601907E
:102DE000FFF704FF071E03DA384611B0BDE8F08F85
:102DF0009DF820300D21584623F0400504F092FD47
:102E000000222B4689F8BC206A1E02EB420102EB2D
:102E1000810598461A46413509F134034D4409F1BC
:102E2000BD04CDF8089099460136B6B24D450390E1
:102E300031463846174620D06B1F9C420CD95A4663
:102E4000584646789C4603F8016BAB4200F10200FD
:102E500000F0B5809C42F4D14B1C524601989EB2C2
:102E60005B46FFF7C3FE002808F1FF38A5F10D050A
:102E7000C0F2CE804D453146DED104AC0E46074649
:102E80009BE8070003C404A824F8022B120C22704C
:102E9000DDF80890FFF716FD002258460DF12B04CF
:102EA000D30143EA520310F8012B52FA83F3A042F4
:102EB000DAB2F5D1039B934204D004A909F13C0096
:102EC00008F03AFE1421584604F02EFD1A2104465B
:102ED000584604F029FD40EA0440C9F804000E21D8
:102EE000584604F021FD024602F01F046400A9F8D0
:102EF0002240D40AC2F34512A9F81E40A9F82020A6
:102F00001021584604F010FD0246540A04F2BC7425
:102F1000A9F81840C2F3431402F01F02A9F81A409E
:102F2000A9F81C201621584604F0FEFC024602F0C7
:102F30001F046400A9F82E40D40AC2F34512A9F870
:102F40002A40A9F82C201821584604F0EDFC02462E
:102F5000540A04F2BC74A9F82440C2F3431402F0EA
:102F60001F02A9F82640A9F828201221584604F08B
:102F7000DBFC00240246C9F83640A9F83A40540A5E
:102F800004F2BC74A9F83040C2F3431402F01F02EB
:102F9000A9F834201C215846A9F8324004F0C6FC98
:102FA00002460B215846C9F8002004F0BBFC89F802
:102FB000BD003846A9F8146011B0BDE8F08F9C42FE
:102FC00088BF0CF1070003D846E79C423FF444AFAA
:102FD000967B9C4603F8016B834202F10202F4D116
:102FE0009C427FF639AF9DF83C201A700CF102022A
:102FF00094427FF631AF9DF83E2047455A707FF4EA
:103000002BAF0CF1030C644584BF00229A7023E7B8
:103010000746384611B0BDE8F08F00BF2DE9F04FEC
:1030200088464FF0000A91B006461046059201937B
:1030300008F097FD1A9CD8F8089084F8BDA0D8F83D
:103040000830074643F340133046D8F80010C8F85C
:1030500004300BAAFFF79AFD051EC0F24A8109F061
:103060001803D3465146D1460693B74B0C37A3FB02
:103070000737C7F38703049304F1BD03A4F814A032
:103080000293CDF80CA0CDF820A0002330460BAA67
:10309000FFF7ACFDC30F009340F058810F9A4FF635
:1030A000FF7795682B78002B40D0E52B50D00B2173
:1030B000284694F8BDB004F035FC00F00F030F2B48
:1030C00084F8BD0000F0928010F0080318D1B9F127
:1030D000000F50D12A686B68E2632364AB7A2A89B7
:1030E00004F13C0084F84630A4F84420FFF7EAFBE2
:1030F00094F8BD00019B4FF0000933EA000050D066
:103100004FF00009CB460F9AA18A013189B2B9422A
:10311000A1820BD0B6F868009368203803449D4222
:10312000B3D295F820302035002BBED1002A00F014
:1031300009811146304603F011FD0028054680F252
:1031400090801B9B03B11D60009811B0BDE8F08F0B
:103150004FF0000384F8BD30D8F80430002BD3DAE8
:10316000049B5B4504D1A38A04995B1AC8F8043018
:103170000BF1010BC8E729461A4605F10B0CD301E8
:1031800043EA520311F8012B52FA83F36145DAB294
:10319000F5D11346039A9A429CD1019B33EA000071
:1031A000AED1069B182B73D0DDF814C004F13C009F
:1031B000CDF81C90CDF824A01CF8013B10F8012B91
:1031C000A3F1410E02F12001BEF1190F03F1200B12
:1031D000A2F1410AC9B227D8BAF1190F5FFA8BF3ED
:1031E00051D99342E8D0DDF824A089E7BAF1000F65
:1031F00004D00BF00F0BBBF10F0F59D0A38A0D2198
:10320000284695F800B0089304F08CFB4FF00003BB
:103210002BF0400BD94684F8BC300390BBF1000F73
:1032200045D1DA460F9A6FE7BAF1190F2BD99342BD
:10323000D9D1002BC0D1DDF81C90B9F1000F00F0FE
:103240008E8021463046089A0BABFFF7BDFD051E68
:103250000F99C0F290806368009300297FF46AAFF1
:103260000D46D8F80430002BBCBFA38AC8F8043040
:10327000069B182B7FF465AFD8F8083043F00203A3
:10328000C8F808305DE7994296D0DDF824A037E70A
:103290000B22284608F10C0108F0F2FB002883D12C
:1032A000D8F8083043F00603C8F808307CE7DA465F
:1032B0000AF1FF3C0CEB4C020CEB820204F13C03E4
:1032C0001344029A9A420FD92A46294603F1050B64
:1032D00091F801E0184603F801EB5B4501F10201AA
:1032E0000AD002989842F3D1E2464FF0000B0F9AB1
:1032F0000AE7CDF800A024E702999942F4D9DDF855
:1033000008B0C11D01E09B45EED0907B9E4603F8BE
:10331000010B8B4202F10202F5D102999942E3D9E5
:103320002A7F1A700EF102029142DDD9AA7FCA45A6
:103330005A70D9D1029A0EF1030E7245D4D90022E7
:103340009A70D1E715468CE74FECC44E0F990546AD
:1033500011B1304603F002FC00230093F1E62A4647
:1033600021463046FFF792FBA38A0F9A0133A382CE
:1033700063680093DAE600293FF4E3AE304603F0D9
:10338000EDFBDEE62DE9F04F4FF00009064615464D
:10339000EBB02C220F4609A849460393ADF81690CE
:1033A000CDF8189008F07CFB346B012D0DF11C0852
:1033B0000894C8F8009036D97B1913F9013C5C2BAE
:1033C0003AD02F2B38D03846009506AB0DF11602B7
:1033D00014A904F041FF4FF0000A83460DF1D4090F
:1033E00009E0384606AB0DF11602009514A904F069
:1033F00033FF8346B8B110235A463046CDE90098D2
:1034000008A9ADF8E8A0FFF709FE044608900028D7
:10341000E7D1BBF1000F06D0D8F80030002B0EDB4F
:10342000094BC8F80030039A12B1D8F80030136085
:1034300020466BB0BDE8F08F013DADB2C3E79BB253
:10344000342BF0D1ECE700BF22000E82F0B5154618
:103450008FB00F4601AA294606461D46FFF796FB88
:10346000041E02DA20460FB0F0BD3946304606ABE6
:1034700001AAFFF7BBFB041E14DB9DF81830E52BF7
:1034800007D0B3B9059911B1304603F067FB204C62
:10349000E8E7059921B1304603F060FB0446E1E717
:1034A0000024DFE705990029DCD0304603F056FB05
:1034B000D8E70B2106A804F035FA00F00F030F2B14
:1034C00085F8BD000FD00307059C03D5002CE7D07D
:1034D0002146E0E72946304606AAFFF7D7FAAB8A2D
:1034E0000133AB82F2E729463A46304601ABFFF79B
:1034F0006BFC0599054641B1304603F02FFB0446AD
:1035000034EA250428BF2C46ACE70C46F8E700BF98
:10351000340003824FF6FF732DE9F0410D46898A8E
:10352000074699428AB032D00026344605F1C008D9
:10353000002C3BD0D5F8D030B7F868209B68203AF3
:1035400013449C4230D3002342463846FFF74EFBDB
:10355000061EC0F28780D5F8D0309C682378E52B12
:103560000DD0002B51D00B21204604F0DBF900F0E8
:103570000F030F2B85F8BD002ED0030757D54FF64C
:10358000FF73A98A013189B29942A982D0D1D5F8B5
:10359000D01029B1384603F0E1FA0023C5F8D03045
:1035A00037480AB0BDE8F0812034D7E723464246C9
:1035B0003846FFF71BFB061E54DBB7F86820AB8AC2
:1035C0005209B3FBF2F102FB1133D5F8D0009BB2E4
:1035D000846804EB4314C1E72178AE8A21F04001EE
:1035E00031444246384602ABFFF700FB061E0ADBB9
:1035F0009DF80830E52BC2D0434629463846AA8AB2
:10360000FFF7E2FB0646AB8A1AE04FF6FF72A88A84
:10361000D5F8D0109042BCD031B13846019303F0B8
:103620009DFA019BC5F8D030154E3046B9E72246C9
:1036300029463846FFF72AFAAB8A01339BB2AB82A0
:103640004FF6FF729342D5F8D010A2D0A9B13846F8
:1036500003F084FA0023C5F8D030002EE5DB0AB071
:10366000BDE8F0814FF6FF73AA8AD5F8D0109A42D0
:103670008FD00029EBD1304693E70846EDE700BF35
:1036800034000582F0B5054683B010460C46164658
:1036900008F067FAD42207460021204608F000FA15
:1036A00075B13146284601ABBAB2FFF76BFE014651
:1036B00001982161002801DB29B90B4803B0F0BD56
:1036C0000A4803B0F0BD284604F1C002FFF75EFAD5
:1036D00000280190F2DB002321462846A38203B094
:1036E000BDE8F040FFF716BF3600048202000482F6
:1036F00008B1FFF70FBF0148704700BF0200058205
:103700002DE9F04114468EB00F4601AA2146064627
:103710001D46DDF85080FFF739FA041E08DA0599D6
:1037200011B1304603F01AFA20460EB0BDE8F08120
:103730003946304606AB01AAFFF758FA041EEEDB05
:10374000059931B1304603F009FA0023041E0593B0
:10375000EADBB8F1000F12D0D8F80000D8F8041056
:10376000D8F80820D8F80C3006AC0FC4D8F81000F0
:10377000D8F81410D8F81820D8F81C300FC42C46EC
:103780000B2195F8BD2006A804F0D2F81421EA8890
:1037900006A804F0CFF81A216A6806A804F0CAF84F
:1037A00054F8302B1C2106A804F0C6F8204604F07B
:1037B000A5FF2A8FEB8E520102F4FC6242EAC3227B
:1037C0006B8F1221C3F344031A4392B206A804F08C
:1037D000B1F86A8E2B8E5201A3F2BC7302F4F07220
:1037E00042EA4322AB8E122103F01F031A4392B226
:1037F00006A804F09FF82A8CEB8B520102F4FC62BD
:1038000042EAC3226B8C0E21C3F344031A4392B2E3
:1038100006A804F08FF86A8B2B8B5201A3F2BC73BD
:1038200002F4F07242EA4322AB8B102103F01F0333
:103830001A4392B206A804F07DF8AA8D6B8D52014E
:1038400002F4FC6242EAC322EB8D1621C3F3440367
:103850001A4392B206A804F06DF81821EA8CA88CDD
:103860002B8D5201A0F2BC7002F4F07203F01F0322
:1038700042EA40221A430DEB010092B204F05AF8DA
:103880003946304606AB01AAFFF728FA044646E758
:103890004FF4C0622DE9F04F07468568828545F0F8
:1038A0001902084683B0BA608B4608F05AF983B211
:1038B00081469A46002B00F0B980984600200BF113
:1038C000FF32D618CBF1010E144612F9011F2E2932
:1038D0000CBF0EEB04080130B242F5D1BAF10C0F67
:1038E00040F2958025F0100545F00905BD600024E3
:1038F00026461BF90450002D71D0002E51D12E2DDB
:1039000073D0A0457BD00022E9B2A1F14100192873
:103910000ED9A1F16100192855D93039092907D9E3
:1039200029464948019208F0C3F8019A00284DD071
:1039300001363A440B2E157304F10104D9D10B2E34
:1039400097F82D4008D0082606F10C002021C6F17A
:103950000B02384408F0A4F8444506DDB8F1000F26
:10396000C4BF5FFA88F487F82D40544501D987F821
:103970002D9003B0BDE8F08F97F82D20B242C8BF5C
:1039800087F82D60072E59DC06F10C00C6F10802FD
:1039900020213844013408F083F81BF9045008262C
:1039A000EDB1A045E8D0082E0BD1A04509DB1BF9ED
:1039B0000820002AC3D008F1010432461BF9045044
:1039C000A2E73246A0E720394DB2B1E7BA68013428
:1039D00022F00802BA601BF90450002D8DD1B8F115
:1039E000000F25D097F82D40AEE7BA68013422F0D9
:1039F0000802BA601BF90450002D80D1EFE797F858
:103A00002D20002AC0D0002287F82D20BCE7181AEC
:103A100001283FF767AFA3EB080CBCF1040F3FF799
:103A200061AFB8F1080F3FF75DAF434698465EE7D8
:103A3000052ED7DCF4B287F82D4085E701341BF959
:103A40000450002DADD1CAE77CE301002DE9F04F11
:103A500089460024C7B00646C868096908AB03C395
:103A6000B9F8142008A81A8099F81620CDE9034463
:103A70009A70FEF727FFD9F8082002F01803182BD8
:103A800000F0B980D30609F10C0B40F1A080A246EA
:103A90000DF13008D9F80C00DBF8041008AB03C3B3
:103AA0009BF80A20BBF8084008A89A701C80FEF713
:103AB00009FF42463046D9F80010FFF767F80028A2
:103AC000039045DB00254FF6FF7729460023424649
:103AD0003046FFF78BF800281099039031DB8C6893
:103AE00023787BB3E52B1ED00B21204603F01AFF71
:103AF00000F00F000F280DF1440C13D0206861680E
:103B0000A268E368ACE80F0020696169A269E36913
:103B1000ACE80F0011A8FEF7D5FE11A908A808F01F
:103B200001F8E0B110990135BD420AD0B6F868201D
:103B30008B68203A13449C42C7D214F8203F002BD4
:103B4000D0D141B1304603F009F847B0BDE8F08F5D
:103B500010990029F6D1002047B0BDE8F08F1099E8
:103B6000002969D14FF6FF739A4503904AD00AF1B4
:103B7000010ABAF1040F2EDD049BA3BB736B042171
:103B800004A80493FEF782FE03460DF10A04238085
:103B900005AC0C2120462A4A07F012FF204607F008
:103BA000E0FF99F82D30C0F107018B42A8BF0B460A
:103BB0007E2509EB030102460D7300283FF46AAF2E
:103BC0000D33214609EB030007F0BEFF62E74FF01B
:103BD000010A0DF1300805AC53460C212046194A64
:103BE00007F0EEFEDAE70DF10A0402212046FEF7A7
:103BF0004DFE0346CBE712F0020305D0520712D563
:103C00001148A2E71148A0E703A9019111A9009169
:103C10003046494608AAFFF701FA034603980028F0
:103C200006DB002BECD199F82C0040F001008CE76A
:103C300082B2342A89D1F4E7304602F08FFF91E74F
:103C400090E301008CE30100320009823300098215
:103C50000023F0B585B00193036B04468B420D46FB
:103C60001AD0A36B01AEF3B12046EEF7B5FD29469D
:103C70003246204600F07AFD019B0546002B1FDAF4
:103C800000262046EEF7D2FD0198002809DB3146D8
:103C9000204600F0ADFC04E090F850300C2BE0D052
:103CA0001B4805B0F0BD3146204601F055F80346EB
:103CB0000198A3630028F4DB002BD5D11548F0E769
:103CC00031460122204600F069FE019B0646002B8A
:103CD000D7DB4FF0020C00270246294602AB2046F4
:103CE0008DF80CC0029700F071FD034602A9204632
:103CF000019300F029FB019B0121BB42A8BF019069
:103D0000204603F0E3FD019B002BBADB0190B8E7EE
:103D100038000B8246000B822DE9F04F02F13C097E
:103D20000B689DB00646484602930C46904607F045
:103D300018FF2022002107460CA807F0B1FE3046EC
:103D4000EEF7F2FCA368DB0740F10F812146304615
:103D5000FFF77CFE84462169E0686269A3690CADC7
:103D60000FC5A36AE069216A626A0FC5BCF100034E
:103D70000393C0F2E68040F0AB807E4ABBB20C33C6
:103D8000A2FB03239B085A1C9346039304922368C7
:103D90003046194614AA0593FEF7F8FE031EC0F23A
:103DA000DB804FF6FE7162688A4222EAE27500F318
:103DB000EF8100274FF6FF7A3C461846002C00F0B2
:103DC0008D80189AB6F868C09168ACF1200C6144F7
:103DD0008C4280F0838020342378002B00F0948183
:103DE000E52B00F08C80002701355545E6D10346D0
:103DF0001446002A00F0AD80002721463046049387
:103E000002F0ACFE049B002BC0F2A6800028B8BFD5
:103E10000346C0F2A180002F00F09D800495039B13
:103E2000002B00F0B580002423460CAA0DF13B01C5
:103E3000DC0144EA530412F8013B53FA84F48A4249
:103E4000E3B2F5D148461C4607F08BFE812800F20C
:103E5000AA81484F0DF11C0AA7FB0037BF0807EBEA
:103E6000470B07EB8B0BB0EB0B0552463046029924
:103E700000F01781FEF78AFE031E6DDBD94405951D
:103E80000137049B3D4603EB070B11E00D22494629
:103E900014A8FEF79DFD5246304614ABABEB05016E
:103EA000FEF71CFF0028A9F10D0967DB013D65D075
:103EB000BD422B460094E9D14946059A14A8FEF765
:103EC00087FD9DF8503043F040038DF85030E2E715
:103ED0004FF0010B0023CDE9033B58E700232946AF
:103EE000304614AAFEF782FE83B2342B00F01E8106
:103EF0000028189AC0F22681C4B194686CE7013793
:103F0000BFB25F457FF470AF049BC3F101042C4442
:103F10003AB11146304602F021FE00231893031EE9
:103F20001ADB002C234617DB049478E7B6F86830D8
:103F300094685B09B5FBF3F103FB115304EB4314E5
:103F40004AE73046EEF704FC039B18461DB0BDE877
:103F5000F08F002800DB084B30460293EEF7F8FBA9
:103F6000029B18461DB0BDE8F08F49462046FFF77A
:103F70008FFCEBE64FECC44E3300078203460B99EF
:103F8000059329B1304602F0E9FD0028C0F2E58032
:103F900008F11804204608F1240504F0AFFB94E86A
:103FA000070085E8070008F1300394E8070083E87C
:103FB0000700B8F82020B8F81E30520102F4FC6265
:103FC00042EAC322B8F822300E21C3F344031A4355
:103FD0000CA892B203F0AEFCB8F81A20B8F818306A
:103FE0005201A3F2BC7302F4F07242EA4322B8F821
:103FF0001C30102103F01F031A4392B20CA803F0E7
:1040000099FCB8F82C20B8F82A30520102F4FC626E
:1040100042EAC322B8F82E301621C3F344031A43F0
:1040200092B20CA803F086FCB8F82620B8F8243029
:104030005201A3F2BC7302F4F07242EA4322B8F8D0
:104040002830182103F01F031A4392B20CA803F082
:1040500071FC0B2198F8BD200CA803F069FC142119
:10406000B8F806200CA803F065FC1A21B8F8042063
:104070000CA803F05FFC1C21D8F800200CA803F06A
:104080005BFC3046029914AAFEF780FD031E0293E2
:1040900018DA3046EEF75CFB029B18461DB0BDE80F
:1040A000F08FFEF773FD031EFFF656AF7A1E02EB8C
:1040B000420102EB81029144002F3FF460AF0D23D7
:1040C0000593DEE6DDE903341C44A4B22146304604
:1040D0000CAB14AAFEF702FE189F0546002F46D02F
:1040E0003946304602F03AFD002D02903ADB304668
:1040F000EEF72EFB029B002BFFF627AF1846A8F821
:1041000014401DB0BDE8F08F03461499F06B049F76
:1041100000FB01F1B6F84C002F4400FB01F1B7EBB6
:10412000511F14462AD84AB1012766E63046059940
:10413000FFF78EFD189C0346002CF5D1002BBFF62F
:104140006DAE09E70346002A3FF406AF114630463C
:10415000029302F003FD029BFEE6059B002BBFF6D7
:1041600017AFF9E63046EEF7F3FA2B46EDE60028F6
:10417000F8DB3046EEF7ECFA3B46BFE730460599F0
:104180000492FFF765FD049A0346002ACCD1D5E7D7
:10419000189900293FF4DFAE304602F0DFFC031E21
:1041A000BFF6D9AED8E6014BD6E600BF3A000A8288
:1041B000F0B5002406461746B7B0D4220D4601A834
:1041C0002146009434461E4607F06AFC3946802298
:1041D00010A807F08CFC9DF9401011F11B0318BFCB
:1041E000012379B122480DF1400E224A12F801CB89
:1041F000614508BF00239042F8D11EF9011F002934
:10420000F3D113B36946204600F0A8FC009B02904E
:10421000002B1BDB2946204601AAFFF77DFD002865
:10422000009017DB26B1D422304601A907F08CFCA0
:10423000204602F043FD009B002B07DB3C9B00283F
:10424000186005DB029837B0F0BD0B4B3C9A136049
:104250000020F8E72046EEF7BFFA00222046029938
:1042600000F0EAFC002320460293EEF7DFFADFE7D6
:104270008A0002008000020022000F8240B1012962
:1042800005D9C36B406A023903FB01007047806A9D
:10429000704700BFB0F84C30C06B00FB03F3B3FBBA
:1042A000F2F3B1FBF3F07047B0F84C30C06B00FB99
:1042B00003F3B3FBF2F3B1FBF3F000FB131002FBCB
:1042C00000F07047B0F84CC0C36B03FB0CF3BCFBB1
:1042D000F2FCB3FBF2F2B1FBF2F303FB1211B1FB00
:1042E000FCF07047B0F84CC0C36BB0F8680003FB3B
:1042F0000CF3B0FBF2F0BCFBF2FCB3FBF2F2B1FB4F
:10430000F2F303FB1211B1FBFCF30CFB1311B1FB35
:10431000F0F07047B0F84CC0C36BB0F8680003FB16
:104320000CF3B0FBF2F0BCFBF2FCB3FBF2F2B1FB1E
:10433000F2F303FB1211B1FBFCF30CFB1311B1FB05
:10434000F0F300FB131070470A46096819B1002307
:10435000136002F003BC0846704700BFF8B506467C
:104360001D469DF81C7051B351F8220060B1002425
:1043700041F8224002689A4216D117F0020C10D17F
:104380006446069B1C60F8BD04463A462946304602
:1043900002F0F8FC0B4B002808BF1C46069B1C6073
:1043A000F8BD027B9307F9D40146304602F0D6FBF4
:1043B000041EB8BF0020E8DA069B1C60F8BD0C465E
:1043C000E3E700BF040000802DE9F04705460E46F4
:1043D00091461F4684B0002A54D092F8048003AB63
:1043E000009300223B4649462846CDF80480FFF75B
:1043F000B5FF039C8246002C09DA0020A4B244F0E9
:10440000044444F48034346004B0BDE8F087B5F867
:1044100068108068013989B203F084FA51468DF83A
:104420000800284602F09AFB00280446039024DB8B
:10443000B9F1000F0DD0D9F8001031B34FF0000AD8
:104440002846C9F800A002F089FB504504460390B5
:1044500013DB42462846791C02F094FC0446B0B1B6
:104460000021806803F05EFA0346214628468DF855
:10447000093002F073FB041E0BDA0020346004B034
:10448000BDE8F0874FF00108A9E70391E1E7034C8D
:10449000B9E7002102A803F047FAB4E70400018459
:1044A0002DE9F04704460E4617461D4684B0002B02
:1044B0004ED093F8049001212046EEF775F9E36A97
:1044C000B34241D994F850200C2A44D00B2A60D032
:1044D000B4F84C1006EB5608B8FBF1F301FB138857
:1044E000B4F86800216994F851C00B44B8FBF0F1AE
:1044F0000A2A0CFB031300FB118802D10138404546
:104500005BD003AACDF804900092294600222046F1
:10451000FFF724FFDDF80C908246B9F1000F35DB80
:1045200094F850300B2B2BD00C2B3FD00A2B33D0D0
:104530000026002D53D0C5F800A00FB1C7F8009099
:10454000304604B0BDE8F087DFF8A0900026F4E71D
:104550004FF00109AFE74FEA8608B4F84C20B4F8F1
:104560006810B8FBF2F302FB138822691A44B8FB07
:10457000F1F301FB138894F8511001FB0233C0E7FB
:104580004146806803F0D0F90646D2E7C8F20149F7
:10459000DCE74FEA4608E0E74146806803F0C4F9EB
:1045A000F2074CBF0609C0F30B06C2E7414680681C
:1045B00003F0BCF920F07046BBE703A92A46204669
:1045C000FFF702FFF107DDF80C904CBFC0F30B16AC
:1045D000C0F30B06B9F1000FB8BF0026ADE7514696
:1045E000204602F0BBFA8146F4E700BF16000184C2
:1045F0002DE9F043012988BF436AC26B86BF0239A7
:1046000002FB0133836A90F85180002A074603FBBE
:1046100008F883B03ADD4222414602F0B3FB064679
:1046200078B300240021B7F86820806807F038FAD2
:10463000A14602E0FB6BA34218DDB36804EB08015E
:1046400001223846CDF8009002F0F0FA051E04F180
:104650000104EFDA737B384669F300033146737364
:1046600002F07CFA284603B0BDE8F08331463846B4
:10467000737B69F30003737303B0BDE8F04302F08A
:104680006DBA034D284603B0BDE8F0830025E9E785
:10469000040002842DE9F04F002787B00C46012169
:1046A0000093064615460397EEF76CF8012304972E
:1046B0008DF81430019058B3002D52D04FF00008FF
:1046C00040F6F77A2146DFF8A0B0304604AB03AAE3
:1046D0008946FFF7E5FE039F0146002F3EDB96F873
:1046E00050300C2B20D00B2B33D0504520D9019BC0
:1046F000049943B3B1B1304602F030FA30EA2700F2
:1047000028BF3846009B1860484607B0BDE8F08FC8
:104710003046EEF761F8002DD0D13046EEF786F83E
:10472000A1462F460020E9E720F070435B45DED824
:1047300008F101080029DAD04545C6D8019B894611
:104740000499002BD6D130460191EEF76FF801990C
:10475000D0E74FF6F7739842C9D8E9E74FF0000960
:10476000C5E7A1462846CDE7F7FFFF0F10B590F843
:10477000503014460C2B82B014D00B2B09D040F6CD
:10478000F773994209D8A1B90B460846236002B0D5
:1047900010BD4FF6F7739942F5D900230846236000
:1047A00002B010BD084B21F070429A42EBD90023B1
:1047B000F4E701AB4FF0FF32FFF76CFF014608460C
:1047C000019B236002B010BDF7FFFF0F2DE9F047FA
:1047D00000240D4688B001210694924604461E46E8
:1047E000EDF7E2FF15B1E36AAB4204D8694F3846F2
:1047F00008B0BDE8F08794F850100C2949D00B2977
:1048000072D0B4F84C2005EB5509B9FBF2F302FB6A
:1048100013992069B4F868200344B9FBF2F094F8C6
:1048200051700A2907FB030302FB109902D1013AD8
:104830004A455CD00222019206AA0092314600222B
:104840002046FFF78BFD069F8046002FC0F2988020
:1048500094F8503049460C2BD8F8080038D00B2B70
:104860002CD003F061F8EB072DD54FEA0A1200F0C7
:104870000F0092B202434946D8F8080003F05AF8F4
:104880005EB302233846C6F80080337108B0BDE835
:10489000F0874FEA8509B4F84C20B4F86810B9FBEA
:1048A000F2F302FB139922691344B9FBF1F201FB05
:1048B000129994F8511001FB0323BBE71FFA8AF207
:1048C00003F038F8DCE700F47040CAF30B02D1E7DC
:1048D0002AF0704203F030F8D2E74146204608B093
:1048E000BDE8F04702F03AB94FEA4509D3E732464E
:1048F000204607A90393FFF767FD079F002FFFF6E8
:1049000076AF15F0010F039B3DD04FEA0A1200F07D
:104910000F0092B20243002105A8039303F00AF8A6
:10492000039B02221946204602F02CFA039B0546FF
:1049300070B3B4F868109DF814200139806889B20A
:10494000039302F0F5FF2946204602F007F90028FC
:1049500007460790FFF64BAF039B02222046591CE7
:1049600002F010FA054698B100219DF815208068E4
:1049700002F0DEFF2946204602F0F0F8074636E74F
:10498000C8F2034733E700F47040CAF30B02C1E7F3
:10499000014F2CE716000384040003840B462DE925
:1049A000F04F89B0CDE9023290F8503001210C2B44
:1049B00014BF0223042305461C46D0F82C80EDF7D3
:1049C000E1FE019000286DD095F85030D5F834B054
:1049D0000A2B70D00BFB04F9B5F84CA06969B9FB40
:1049E000FAF2B5F868709142B7FBF4F7009240F222
:1049F000AB80A2462969009B01222846194402F097
:104A0000C1F90446002868D0BBFBF7F6D84507FB80
:104A100016B639D9A6EB0B060BE002F085FFD144A0
:104A2000C8B10BF1010B06EB0B039F422CD9D84503
:104A30002AD0B5F84C3095F85020B9FBF3F10C2A88
:104A400003FB1191A068E8D102F070FF20F07040E4
:104A5000D1440028E5D1A24604465146284602F03A
:104A60007DF8061E08DB69695C46009B994268D0A8
:104A700014B1039B002B50D1019B53B32046029BE2
:104A80001E6009B0BDE8F08F2146284602F066F8A6
:104A900000285CDB009B6969013399420093A9D827
:104AA0000646E1E72846EDF797FE95F85030D5F831
:104AB00034B00A2B8ED100230122CDE90533EB6AF5
:104AC0008DF81C209B4511D300269B4539D05C46B0
:104AD000CEE72846EDF7AAFED0E71E4E0024CBE72E
:104AE00060B3EB6A0BF1010B9B4508D2594628468F
:104AF00006AB05AAFFF7D4FC059E002EF0DA069956
:104B0000C1B100232846069302F028F8002EE5DB09
:104B100000280646E2DBEB6AD7E7631C21466B639D
:104B20004FF0FF3200232846FFF750FE061EB8BFA5
:104B30000024A1E7002ED1DBEB6AC5E7C5F834B04D
:104B4000DDE70024044E97E75C4600268DE7064625
:104B5000C4E700BF040004841600048470B5044652
:104B600082B00E46EDF738FE0122204601A9FFF77C
:104B700015FF05462046EDF759FE25B9019830602E
:104B8000284602B070BD0121204602F09FFE306031
:104B9000284602B070BD00BF2DE9F0470124002671
:104BA00086B08DF814404FF6F77A40F6F77401910D
:104BB000054690461F46CDE90366DFF87890EDF78D
:104BC0000BFE019995F850300C2B16D00B2B25D0ED
:104BD000A14216D9B8F1000F01D0C8F8001004990D
:104BE00029B3284601F0BAFF04462846EDF71EFE19
:104BF00030463C6006B0BDE8F08721F070434B457D
:104C0000E8D804AB03AA0029E4D02846FFF748FC03
:104C1000039B0146002B08DB0136D3E75145D9D869
:104C200004AB03AA0029D5D0EFE70026D2E70C4653
:104C3000DBE700BFF7FFFF0F00232DE9F04F8A46A7
:104C400087B00121044691460393EDF79BFD019047
:104C5000002878D000270223D04656468DF814301D
:104C6000049704AB3146204603AAFFF719FC039BC7
:104C70000546002B4FDB04ABB9F1000F01D05645C0
:104C80003FD0002231462046FFF7A0FD0346002B0F
:104C900007F1010703933EDB94F85020B04528BF8D
:104CA000B0460C2A1FD00B2A26D040F6F772954248
:104CB0001ED9626B9B46904501D2C4F8348004999A
:104CC000002944D000222046049201F047FFBBF1A6
:104CD000000F01DB83460390019B1BB33FBB58468B
:104CE00007B0BDE8F08F1B4925F070428A42E0D83A
:104CF000002DDED02E46B4E74FF6F7729542D8D895
:104D0000F6E74FF0FF3231462046FFF75FFD0346DE
:104D1000002B0393C0DA04999B460029D2D1019B52
:104D2000002BDBD12046EDF781FD002FD7D039468F
:104D3000204602F08DFD1BEA2B0B38BF83465846F8
:104D400007B0BDE8F08F2046EDF746FD82E7002072
:104D5000C0E700BFF7FFFF0F2DE9F04F8B4685B08E
:104D600001210446CDF800B0EDF70CFD01900028BC
:104D700042D094F850300A2B71D0B4F84C20002A5D
:104D800048D00C2BB4F8689063690CBF4FEA9909BE
:104D90004FEA5909002B00F08A804FF0000B5E4665
:104DA000D846216901222046414401F0EBFF054627
:104DB00000284FD0B9F1000F34D04FF0000A09EBB2
:104DC0000B070DE0514602F0AFFD0AF1020A00B9EF
:104DD0000136E16A594525D30BF1010BBB4521D0C2
:104DE00094F85010A8680C29ECD14FEA4A0102F05F
:104DF0009DFD20F07040E8E72046EDF7EDFC94F8CB
:104E000050300A2B4AD0B4F84C20002AB9D12046A1
:104E1000EDF70CFD00252E463046009B1D6005B0C9
:104E2000BDE8F08F2946204601F098FE051E12DBF2
:104E3000E26A5A4507D36169964208F1010828BF22
:104E400016464145ADD8019B002BE5D12046EDF734
:104E5000EDFCE1E7184D019BDBB10026DCE700210A
:104E6000E269E36B03919A42B2FBF3F8D2D30026D6
:104E7000374603E000B901364745E4D239460023FE
:104E8000204603AAFFF70CFB039D0137002DF1DA42
:104E9000E1E72046EDF7CAFC019EBDE7E369E26B5E
:104EA00001999A42B3FBF2F80391E0D9AFE7019B75
:104EB000002BAFD1ABE700BF04000584002330B561
:104EC00083B004460D46019340B1826B5AB1B4F8E9
:104ED0004C30E16B01FB03F302FB03F00DB1019BCE
:104EE0002B6003B030BDEDF777FC01A92046FFF73A
:104EF00033FF03462046A363EDF798FCB4F84C302B
:104F0000E16BA26B01FB03F302FB03F0E6E700BFDA
:104F10002DE9F0410025012482B01D608DF8044088
:104F20001E4607460C4690460095EDF755FC04E0FA
:104F300082420ED10135A8450BD06B463246214640
:104F40003846FFF7ADFA3368621C002B0446EFDAEF
:104F500000253846EDF76AFC69463846FFF7F4F954
:104F600003462846336002B0BDE8F081F0B507681B
:104F7000044683B001220E46C1693846FFF78AF91C
:104F80000023019323690546834230D31AD861690F
:104F900025612068FFF772F9E16901220546206862
:104FA000FFF790F92368054493F85100012200FBB4
:104FB00005F5E1691846FFF795F9019B2844336030
:104FC00003B0F0BD3846EDF707FC2A463846A16825
:104FD00001ABFFF75FFB034638466361EDF726FC44
:104FE000019B002BD3DA0020336003B0F0BD3846BC
:104FF000EDF7F2FB226938466169AA1A01ABE8E7CE
:10500000F8B505460C461F46164600681AB9EA6907
:105010006B689A421CD22146022201F0B3FE04467C
:10502000E4B1A0683A460699304406F08DFD214669
:10503000286801F093FD031E15DBEA6969683A44AC
:105040008A42EA6100D96A60079A38461360F8BD5F
:10505000422201F097FE0446002CE2D1044B079A4D
:1050600020461360F8BD079A00201360F8BD00BF0A
:1050700004001083F0B506680546B6F84C400F46AC
:105080008168F06BB9B0002202AB00FB04F430463B
:10509000FFF782FD6A68034607B922440298B2FB13
:1050A000F4F4002818DB9C4216D23046B4B1EDF778
:1050B00093FB02AB3046A968621EFFF7EBFA029B36
:1050C000002B05DB014601223046FFF7B5FD0290BB
:1050D0003046EDF7ABFB029839B0F0BDEDF77CFB45
:1050E0002246A9683046FFF7A7FD034630460293E3
:1050F000EDF79CFB02980028EEDB30462A6A698DAA
:1051000003ABFEF7A3F900280290E5DB2A6A0094BE
:105110003046698D03AB0494FEF7F2FA0028DBDB1E
:10512000C5E902442C61AC61D6E700BF00232DE93C
:10513000F04FBDB0039390F8283006689B07B6F88F
:105140004C70D6F83C901AD5436805460C462BB9EE
:10515000D0F80880B8F1000F00F09280D5F80C80EC
:10516000B8F1000F7DD009FB07F3013C1C44B4FBF0
:10517000F3F4444507D803983DB0BDE8F08F664886
:105180003DB0BDE8F08F6F693046EDF725FB39463D
:10519000304603AAFFF7EAFA039B0746002BC0F24A
:1051A000B480A4EB0804002C40F3B3804FF0000857
:1051B0004FF0020AC1460122304603A9FFF7EEFB79
:1051C000039BBB46002B0746C0F2A180002840F09D
:1051D00081804446514B0393EB682344EB60304697
:1051E000EDF724FB2146304602F070FB039B002BB9
:1051F000D5E9033203F1FF33A8BF03909A4204D1EB
:10520000D5E905239A4218BF6B61304601F056FD7F
:10521000039BE969002B6B68A8BF03909942AAD150
:105220006B6A13F00400A6D143F0040301226B6201
:1052300004903046FFF72EF804463046EDF7CCFADE
:105240002246A96804AB3046FFF724FA03462C61D6
:1052500030466B61EDF7EAFA039800288CDB04987E
:105260008AE73046A96803AB05F11802FFF794FC02
:1052700080460398C5F80C800028BFF674AF7BE722
:10528000304603A9FFF76AFC686103980028FFF61F
:1052900073AF30462A6A698D07ABFEF7D7F800284E
:1052A0000390FFF669AFCDF800806A693046089236
:1052B000698D2A6A07ABFEF723FA00280390FFF6F0
:1052C0005BAF01236A69C5F81080AA609846AA619D
:1052D000EB6048E7594630463A4605ABCDF81490A6
:1052E0008DF818A0FFF772FA002803900FDB304604
:1052F00005A9FFF729F80028039008DB08F1010849
:10530000A0457FF458AFAF6166E7002467E74446E5
:1053100062E70024F7E700BF23000A8346000A8300
:1053200090F900300146002B4CD00020A3F141023F
:105330002B2B5FFA82FC3ED0BCF1360F21D8362AE7
:105340001FD8DFE802F02A1E1E311E1E1E1E1E1E62
:105350001E1E1E1E1E1E1E1C1E1E1E1E231E1E1E6A
:105360001E1E1E1E1E1E2A1E1E1E1E1E1E1E1E1E51
:105370001E1E1E1E1E1E1E1C1E1E1E1E230040F074
:10538000010011F9013F002BD0D1704711F9013F05
:1053900040F01A00002BC9D1F7E711F9013F40F0A6
:1053A0000E00002BC2D1F0E711F9013F40F0800060
:1053B000002BBBD1E9E711F9013F40F00300002BBE
:1053C000B4D1E2E7184670472DE9F04F1646E9B030
:1053D00005460F463022002105A8994606F060FBDD
:1053E00016F0080B1CBF20230793002D5FD000236D
:1053F0003846049306F0B5FB0DF11008044600286A
:105400005BD0421C3A4403E02F2B05D0013C54D022
:1054100012F9013D5C2BF7D1611C0DF1440A802289
:105420005046394406F063FB0023A4B28AF880306A
:10543000514605A8FEF72CFA43462246394628462F
:10544000FDF7A0FFD8F80030059070B1002B80F276
:10545000AE800024B9F1000F03D0D8F80030C9F8AD
:105460000030204669B0BDE8F08F002BF1DB044628
:1054700032AF84F82860002352462846CDF80480D5
:10548000009705A9FDF7CAFD18BB504606F069FB59
:10549000039041A806F065FB039A824278D0BBF1E5
:1054A000000F40F09980554BC8F800306CE0544B29
:1054B0000DF11008C8F80030CBE70DF1440A802246
:1054C0005046791C06F013FB002301248AF8803033
:1054D000AEE7D8F80030002B56DB9DF88531102B55
:1054E00049D016F0060F4AD12560059B339A2362F6
:1054F0000023A2606261329A23616260626AE361A2
:1055000022F002026262BDF8DC20E362A361E36084
:10551000531E6385A86DEDF7D1F8EB6D002B55D0C8
:10552000A16802E0DA6ABAB113469A688A42F9D1F0
:10553000186A226A9042F5D1588D628D9042F1D15D
:1055400093F8282094F82800024312F0060FE9D0BF
:105550002C4BC8F8003000E0DC62A86DEDF7C0F815
:10556000D8F80030002B0FDBF3067FF573AF002374
:105570006360E3616EE73106B6D4234B02E0DA07DD
:10558000B2D5224BC8F80030204603F035FA60E768
:10559000329B002B83D1504641A9039302F028FE91
:1055A0000128039B7FF47BAFC8F8003095E73020DB
:1055B00003F044F9044658B13022002106F070FA95
:1055C000D8F80030002BBFF653AFDDE7EC65C4E739
:1055D0000F4BC8F800303CE73B4652462846CDF812
:1055E000008005A9FEF7E4FDD8F80030002BCBDBE6
:1055F000BDF8DC300133ADF8DC306EE71F0002830C
:10560000020002831E000283200002832100028325
:1056100003000283002800F0AB802DE9F04F1F4605
:10562000036804468BB0002B00F0A381986D1546EB
:105630008B46EDF743F82268D2E9160343B9EDF73C
:105640004FF890480BB0BDE8F08FDB6A002BF6D026
:105650009C42FAD1EDF744F8002294F828300892E1
:10566000DB0740F18780E3696268934280F09180B4
:1056700005FB0BF1039159188A4208983CBFD31AD5
:1056800003930028C0F2818008A920462668FFF70E
:105690006DFC01228246E1693046FEF73BFE039B2A
:1056A000B6F8689003444B45804674D9002840F012
:1056B0008B80E3691946F26B02FB09FA96F85120D8
:1056C0000AFB02F2B1FBF2F902FB1919B9F1000F62
:1056D00004D0039A4A44524580F02181039A5245EE
:1056E0004CD2B6F86820039DAA4232D84FF0000988
:1056F000114617E03B4652463046CDF8009001F087
:105700004DFA0028089023DBB6F86820E3690AFB0D
:1057100002F21344E361B6F86810AD1AA9421744C7
:10572000904415D8B3FBF1F3F26BB5FBF1FCB3FB7E
:10573000F2FE02FB1E33A2EB030AE24508A9204653
:1057400028BFE246FFF712FC089B0146002BD1DA86
:105750000395039B002B60D1089883B22C2B18D0A3
:105760000028FFF66FAFB8FBFBF00BB0BDE8F08F81
:105770004548704745480BB0BDE8F08F204608A962
:10578000FFF7F4FB089800286BDA83B22C2B7FF428
:1057900059AF002056E751460122206801F0F2FA85
:1057A0000646002837D0039DB1682A464144384652
:1057B00006F0CAF93146206801F0D0F9E369A8463D
:1057C0002B44E36183B2C9E751460122206801F00E
:1057D000D9FA00B38168A9EB080A52460490414403
:1057E000384606F0B1F9049B2068194601F0B6F975
:1057F000E36900280AEB03010B46E1610890C4DB72
:10580000039A5744A2EB090908EB09020392D04618
:10581000B6F868904FE71E4814E708A92046FFF73E
:10582000A5FB014608980028AFDB0122206801F0A3
:10583000A9FA06460028EED0039DB1682A463846EC
:1058400006F082F93146206801F088F9E369002802
:105850002B44E36199DB80B22C289AD0039B9844B7
:1058600081E7039B2268B3FBFAF50023CDE90486A8
:10587000CDF81CB02E461046BB460993CDF818A0B3
:1058800046E000BF2A00148302000C8324000C832E
:1058900004000C8309AB721EFFF73AFB099B80469C
:1058A000002B64DB2068616908F1010AC36B013ECB
:1058B00003FB0AF9FEF7E2FC22685B4692F85110FE
:1058C000A6EB080600FB01F11046002200924A46B2
:1058D00001F064F900280346099048DB2068ECF7E2
:1058E0007BFF09AB524661692068FEF7D3FE606119
:1058F0002068ECF79BFF099B002B38DB22692068AE
:10590000013242442261B0F8682009FB02BB96B321
:10591000012E6169BED1B2464FF00008C6E708A962
:105920002046FFF723FB014608980028FFF62DAF1D
:10593000B6F86830F26BB9FBF3F90023A2EB090962
:1059400000934A463B46304601F028F9002808906B
:10595000FFF61BAFB6F86820039B09FB02F29B1A07
:105960000393E369174413449044E361B6E6184691
:105970000BE70A4866E6DDF818A0089305FB0AFA6B
:10598000DDE90486039BDDF81CB0A3EB0A03039357
:10599000E36957445344D044E361A2E60200148310
:1059A000002843D070B50368044682B0002B38D07D
:1059B000986D0D461646ECF781FE2068D0E9160377
:1059C00013B912E0DB6A83B19C42FBD1ECF788FE8D
:1059D000206801F073F90028019009DB56B962686C
:1059E000954210D9124802B070BDECF779FE11480B
:1059F00002B070BD012E10D0022E01D00E48F7E784
:105A0000002D10DD0025E269AA42F1D02046E561B3
:105A100001A9FFF7ABFA0198EAE7E36962681D4460
:105A2000DEE70648E4E762681544D9E703487047B3
:105A30002E0012832A0014832D0012830200148387
:105A4000002800F0D8802DE9F04F1E460368044678
:105A50008BB0002B00F07581986D15460F46ECF762
:105A60002DFE2268D2E9160343B9ECF739FEB74898
:105A70000BB0BDE8F08FDB6A002BF6D09C42FAD168
:105A8000ECF72EFE002194F8283008919A0740F197
:105A9000B4805B0704D5E26963689A42C0F0EA808B
:105AA00008980028E4DB05FB07F5E1692046013191
:105AB0002944D4F800800395FFF738FB00280890AC
:105AC000D6DB0122E1694046FEF724FC08A98346A3
:105AD0002046FFF74BFA014608980028C8DBB8F8C3
:105AE000683005EB0B029A4240F2BA80BBF1000F1E
:105AF00013D008AACDE90062A3EB0B035A46204657
:105B0000FFF77EFA834608980028B1DB039B5E44CA
:105B1000A3EB0B030393B8F86830D8F83C20404659
:105B200002FB03FAE1690122FEF7BEFB8146002871
:105B300065D1039B534580F0A380B8F86830039D7E
:105B4000AB4200F221814FF00009E2691CE03346CC
:105B500052464046CDF8009001F068F800280890C1
:105B600029DBB8F86820E3690AFB02F2AD1A164493
:105B700093441A446368E2619A4288BF6260B8F84D
:105B80006830AB4200F2D880B2FBF3F2B5FBF3FC15
:105B9000D8F83C3008A9B2FBF3FE03FB1E22A3EBAE
:105BA000020AE245204628BFE246FFF7DFF9089BDC
:105BB0000146002BCBDA0395002D00F0EA8008A9FE
:105BC0002046FFF7D3F9014608980028FFF650AFAA
:105BD0002046039C08ABCDE9006300222346FFF773
:105BE0000FFAA34408980028FFF642AFBBFBF7F07A
:105BF0000BB0BDE8F08F56487047564838E7039B16
:105C00000344534595D308A92046FFF7AFF9014651
:105C100008980028FFF62CAFB8F86830D8F83C2078
:105C2000B9FBF3F90023A2EB090900934A46334676
:105C3000404600F0FBFF00280890FFF619AFB8F8C7
:105C40006830E26909FB03F361681A448A42E26141
:105C500088BF6260039A1E44D21A03929B4468E78D
:105C600008AB5A46CDE900632046039BFFF7C8F90D
:105C70008346B7E702222046FFF792FE089010E71E
:105C8000204608A9FFF772F908980028FFF6F0AE41
:105C9000039B2268B3FBFAF50023CDF818A0079701
:105CA0001046B2462F46CDE904B809933DE009AB52
:105CB0007A1EFFF72DF9099B8146002B43DB2068F4
:105CC000616909F1010BC36B013F03FB0BF8FEF7A0
:105CD000D5FA2268534692F85110A7EB090700FB4A
:105CE00001F1104600220092424600F09FFF00287A
:105CF0000346099027DB2068ECF76EFD09AB5A4696
:105D000061692068FEF7C6FC60612068ECF78EFDD3
:105D1000099B002B17DB2269206801324A4422616B
:105D2000B0F8682008FB02AAC7B1012F6169BED193
:105D3000BB464FF00009C6E70395002D3FF456AF70
:105D40003DE7054894E6184692E600BF2A00148312
:105D500002000C832300108302001483DDF818A0D6
:105D6000E26905FB0AF1DDE904B860680A44824291
:105D7000079F0893E26100D96260039B0E440AFB0F
:105D800015338B440393D8E6039B002B3FF42AAFD3
:105D900015E708986CE600BF30B5B9B0002879D097
:105DA00003680446002B73D0986DECF787FC2268DB
:105DB000D2E916031BB950E0DB6A002B4DD09C42A0
:105DC000FAD1ECF78DFC636A9B074CD494F8285009
:105DD00015F00E0523D0D4E90003C16BB0F84C20B8
:105DE00001FB02F2B3FBF2F102FB1133002B44D0B2
:105DF000226A618D03ABFDF729FB051E0FDB61688D
:105E0000039B994248D0002948D00025226A206887
:105E1000039103AB618D0095FDF772FC0546236885
:105E2000986DECF74BFC2168CB6D9C421DD02BB1DB
:105E3000DA6AA2421DD01346002BF9D1886DECF727
:105E40004FFC002D03DB206800F038FF054620469C
:105E500002F0D2FD284639B030BD124DECF740FCBF
:105E6000284639B030BD0025D9E7E36ACB65216803
:105E7000E4E7E26ADA622168E0E7A368002BB7D0C2
:105E800001212046FFF7F6F8051EC8DB2068AFE7C2
:105E9000054DDFE7054DDDE70029C0D10023049360
:105EA000B3E700BF2A0014830200148302001583A5
:105EB0002DE9F04FABB004460D4617460021802275
:105EC00009A81E4605F0ECFD012306220A930223D1
:105ED000A0681BA90C930B92299001F025F81B9B3D
:105EE000AB4240F319831CA805EB450100EB81028E
:105EF00028925368199350F82110002F00F09680D3
:105F00005348203B83428BBF0C240B2402200020EB
:105F10008BBF2023012300272027CDE90D378DF8E3
:105F200040400F90299B526809919A61DDE928232E
:105F30001268DA6005F006FD044605F003FD0D9BCE
:105F40000E9A9DF840E00592DDF8A4B09A1840EA58
:105F50000440039311901792BEF10C0FBBF8683008
:105F600000F078815B081393002E40F076812021A9
:105F700000274FF2090919980C9CDFF8D8A014915A
:105F80000490A0EB020C03FB01F0421A624420448F
:105F9000B2FBF0F202FB14C0B0FBF1F003FB02F520
:105FA000A84228BF2846BEF10B0F01FB00F553D0D5
:105FB000BEF10C0F07D0002E45D0202900F04F81F4
:105FC00049000127DFE7A0F58038D045F3D8CDE9B7
:105FD00015501292002F00F03A8109981491520046
:105FE000049BB3F5801FC0F05081289B1B68B3F55C
:105FF000005F80F04A81059EC0F500540D94344442
:10600000131913F07F05179400F089823446C0F508
:1060100002535B1B1C440D93179403440498801A8D
:10602000001BB0FBF1F1CDE9150125E0203BB3F5F4
:10603000803F2DBF0C240B242027022036BF0020D8
:106040002023012369E7012900F017814908B8E7F7
:106050003FFD3F00EEFFFE0FA0F6F678C845AAD838
:10606000CDE91550099B1292002F00F0EE8014919B
:106070005200039919440B461344BBF86800189367
:1060800002F0DCFB05461A90002800F04B82002449
:106090000B22349906A805F02AFD299B8DF8234090
:1060A000B3F868202146284605F0FAFCA04B03CB44
:1060B0009A781D881A9B59609A7218601D81299BD5
:1060C0000B21B3F868201A9801F034FC0E210D9AC8
:1060D0001A9801F02FFC022210211A9801F028FCD6
:1060E0000E9B11215B025A091A9801F023FCF82239
:1060F00015211A9801F01CFC3F2218211A9801F072
:1061000019FCFF221A211A9801F014FC1C21099A8B
:106110001A9801F011FC0D21149A1A9801F008FC4C
:10612000224613211A9801F005FCDDE919202021EF
:1061300001F002FC9DF840300C2B00F0B7802246A5
:1061400024211A9801F0F4FB224625211A9801F027
:10615000EFFB292226211A9801F0EAFB2721119A48
:106160001A9801F0E9FB1621129A1A9801F0E2FB45
:10617000704B714A03CB1D889C781A9BC3F82B0087
:10618000C3F82F10A3F8335083F835401A9B03CA85
:10619000C3F83600C3F83A101A9B4AF65524002675
:1061A000A3F8FE41012209992998009600F03EFDCE
:1061B0009DF8403004460C2B6AD01A9BE60F1D4612
:1061C0003CD19DF840200C2A00F06C810D99299A51
:1061D000099C1846B2F8682004EB0108002105F07C
:1061E0005FFC9DF840300B2B00F0E0800C2B10D1B1
:1061F0000021524A1A9801F09FFB4FF0FF32042110
:106200001A9801F099FB6FF0704208211A9801F07A
:1062100093FB0027012241461A9B2998009700F022
:1062200005FD041E08F1010580F28E80299B394688
:10623000B3F868201A9805F033FC1A9D284602F03E
:10624000DBFB20462BB0BDE8F08F520011E7099828
:106250005200C5E69B081393AEB1012188E6CDE953
:106260001550129207B114911A9D354C284602F030
:10627000C3FB20462BB0BDE8F08FCDE91555129237
:10628000002FF0D1F0E7402172E6039B0344F3E6D0
:10629000B0421A9DD2DB09980B992B46014401228A
:1062A0002998009600F0C2FC044686E72421129A41
:1062B0001A9801F041FB224628211A9801F03AFB76
:1062C00022462A211A9801F035FB2C210F9A1A98A0
:1062D00001F032FB30210A9A1A9801F02BFB32218F
:1062E0000B9A1A9801F026FB224640211A9801F0D9
:1062F0001FFB292242211A9801F01AFB4321119A0F
:106300001A9801F019FB1A9C06AB03CBC4F847009E
:10631000C4F84B1019889B78A4F84F1084F85130BA
:106320001A9B084A03CAC3F85200C3F8561034E750
:106330008C000200A4E30100B0E30100F8FFFF0FAE
:106340000C00008698E30100129901221A9B414437
:106350002998009700F06AFC299B04463946B3F857
:1063600068201A9805F09CFB129E012E2BDDBC4282
:10637000FFF663AF012229461A9B2998009700F087
:1063800055FC041EFFF659AF12991A9B29440122AD
:106390002998009700F04AFC129E013506EB08038D
:1063A0009D4204460FDA0028E4DA46E71A984FF6D1
:1063B000F872002101F0BEFA4FF6FF7202211A981E
:1063C00001F0B8FA25E7E50F7FF437AF06A802F031
:1063D00095F9BDF82020BDF822305201C3F34403E3
:1063E00002F4FC621A43BDF81E30162142EAC322B1
:1063F0001A9892B201F09EFABDF81A20BDF8183032
:106400005201A3F2BC7302F4F07242EA4322BDF8D7
:106410001C30182103F01F031A431A9892B201F09E
:1064200089FA299B2946B3F868201A9805F038FBA9
:10643000082234991A9B0868496818605960349991
:1064400008EB46060889897A188199721A9BDA72D4
:106450000E9F1FB31A9B3744BE421D4620DA00250B
:10646000A84609E00136BE423FF4E7AE002C4FF0EB
:106470000105FFF6E2AE1A9B012231462998CDF8BC
:10648000008000F0D3FB0446002DEBD1299B294668
:10649000B3F868201A9805F003FBE3E7149FD9E7E7
:1064A0000024CBE6299A18463146B2F8682005F058
:1064B000F7FA31461C4A1A9801F03EFA4FF4F2718D
:1064C0001A4A1A9801F038FA4FF4F471169A1A9889
:1064D00001F032FA02224FF4F6711A9801F02CFA08
:1064E0004FF4FE71124A1A9801F026FADDE90913F9
:1064F0000122194429981A9B009600F097FBDDE9C8
:1065000009310B98194401441A9B012229980096DD
:1065100000F08CFB1A9B59E61A9D064C8EE64FF450
:1065200000537BE5044C89E652526141727241612D
:10653000000055AA10000086030000860B462DE9D6
:10654000F04FAFB005463422002108A8009305F0B3
:10655000A7FA009B00261C4654F8081FD5F808A08F
:10656000002908BF4FF40061504601930791009144
:10657000CDF854A0254600F0D7FAB0462246B646DC
:10658000019B0099CAF8186003F1180752F8040F2C
:10659000002802DD01268044B6449742F6D1002E41
:1065A00000F0088193F820901868DA69CDF850E07F
:1065B000BEF1000F00F00281BEF1040F40F30D8127
:1065C000032AC9BF03225E685E68DA61B6F5805FA0
:1065D000B346C0F090814FF0010CAEEB020201FB1C
:1065E00002F25A44821AB9F1010F009200F00A81B6
:1065F000B9F1020F00F07981BEF1000F40F30B8179
:1066000004EB8E02CDE9021ACDF804805F46904675
:106610009A46CDE904EC009E07AC55F8040F00281B
:1066200017DDB9F1010F4FEAE07308D8009AA0FB1B
:10663000020102FB03110023019A04F0E9FFB042BA
:1066400028BF30464FF438636760A381A060361AD4
:106650000744454504F10C04DFD1DDE904EC534661
:106660000299DDF80CA0BCF1000F00F0D7800024E7
:106670004FF0FF38CDE902E104936022002116A813
:1066800005F00EFAB8F1000FC0F257812EAA08EB00
:10669000480302EB830353F8942C4FF43863ADF8AE
:1066A0006030029B0399013B4345CDE9161240F34C
:1066B00035814FF4B063ADF86C3008F1010303EBA2
:1066C00043032EA800EB830353F8943C0B441A9326
:1066D0000B1913440093A3EB0B03199302222146D9
:1066E000504600F04FFB8146002800F022814FF415
:1066F000DF74002685680021BAF86820284605F076
:10670000CFF9A74B16AF03CB1A889B782860696036
:106710002A81AB72CDF8048006EB46032EAA02EB69
:106720008308214618F8582C284601F001F9012267
:106730002846A11801F0FCF8A11C0122284601F00E
:10674000F9F818F8572C211D284601F0F1F8611DC1
:10675000FE22284601F0ECF8D7F80480A11D284657
:10676000424601F0E7F804F10801284657F80C2BDF
:1067700001F0E2F8013604F10C014246284601F02E
:10678000DBF8042E04F11004C6D14AF6552349461D
:10679000A5F8FE315046DDF8048000F0DFF95046E0
:1067A00000F08CFA029B08F10108434540F3998000
:1067B000009C62E793F820901868DA69B9F1020F3B
:1067C0004FF0010618BF4FF0640814960ABF064642
:1067D000464680464FF0010EDE60964580F290807E
:1067E000D3F804B0C3F81CE0BBF1000F00F09080B8
:1067F0004FF0000C62465A44821AB9F1010F009220
:106800007FF4F6AEB8F1640F73D8BEF1000F4FF00D
:1068100064083FF7F5AEBCF1000F62D102220021FF
:10682000504600F0AFFA8146002800F082804FF415
:10683000DF74002785680021BAF86820284605F033
:106840002FF9574B0DF11C0803CB1A889B78286051
:1068500069602A81AB722EAB07EB470603EB860615
:10686000214616F8902C284601F062F801222846AD
:10687000A11801F05DF8A11C0122284601F05AF888
:1068800016F88F2C211D284601F052F8611DFE22BA
:10689000284601F04DF8D8F80860A11D3246284678
:1068A00001F048F8D8F8042004F10801284601F066
:1068B00043F8013704F10C013246284601F03CF858
:1068C000042F04F1100408F10C08C4D14AF6552332
:1068D00049465046A5F8FE3100F040F9504600F018
:1068E000EDF900202FB0BDE8F08F009A4245BFF4CB
:1068F00083AE2C48F6E74FF48056B3465E606AE6F6
:106900005E68B3463FF762AEBBF1000F7FF470AF35
:106910005A4601269446B3465E6062E6022221464C
:106920005046CDF800B000F02DFA814600287FF4E3
:10693000DEAE04202FB0BDE8F08F049BDD69D3F8F4
:1069400004B0002D28DD594616AB05EB450607AA15
:1069500003EB860668004FF438671F81976819605B
:106960005F600C339E4202F10C023944F3D18B4636
:10697000A84443194FF4B060049A2EA9126801EBA1
:106980008301A2EB0B0241E918B216AA02EB8303C2
:106990001881CDF800B0A1E600252846E9E700BF40
:1069A0008C0002000C000186D0B110B590F86D305B
:1069B0000446DA0709D49B070ED42046EBF7A2FE63
:1069C000204602F019F8002010BD406D02F014F8C6
:1069D00094F86D309B07F0D5606E02F00DF8ECE78F
:1069E00000487047020002812DE9F04785680F4694
:1069F000C5F30809B9F1000F69D1002D67D0D0F8AF
:106A000004A00646BAFBF5F805FB18A4002C62D1D9
:106A1000BAF1000F5FD0AA4568D0742001F00EFFD4
:106A20000446002865D07422494605F039F820460E
:106A3000EBF76EFE002852D0306800285CD052463A
:106A40004946606605F02CF8A4F86A801FFA88F8B9
:106A500008EB8808A4F868504FEA880001F0EEFEC1
:106A60000546606500283AD094F86D30B4F86AA005
:106A700043F001030AEB8A0A4FEA8A02002100EB85
:106A80008A0A84F86D30D4F8648005F009F8554519
:106A900007D2C5F80880B4F868301435AA45984480
:106AA000F7D8B369A365F3692BB194F86D3043F05F
:106AB000100384F86D3033696360F3682360736991
:106AC000A3600FB1C7F800902046BDE8F08700240E
:106AD000DFF84890F5E70024DFF84490F1E720461E
:106AE000FFF762FF0024DFF83C90EAE7DFF8309020
:106AF000E7E7DFF83090E4E7504601F09FFE60667C
:106B00000028ECD094F86D30524643F00203494619
:106B100084F86D3004F0C4FF96E700BF0B000181DC
:106B20000C0001810300018170B5B0F86A50436D1B
:106B300005EB8505446EAA0000210646184603EBC6
:106B4000850504F0ADFFA84207D203469C60B6F865
:106B5000682014339D421444F8D870BD38B50D46F2
:106B60000446806DEBF7AAFDEB894BB1013BEB814D
:106B7000A06DEBF7B5FD2046EBF784FE002038BD95
:106B800040F23121024B034A0348FBF7A5FC00BF4A
:106B9000BCE3010098000200D8E301002DE9F843AE
:106BA00098468369174605460E46089A23B1C16880
:106BB0000B44F119994233D86C6854B3DFF86890EC
:106BC000FAB995F86D30DA0613D5D5E901433A469E
:106BD00031464046A04795F86D300446DB061BD58C
:106BE0004C4516D1C820EBF78BFD95F86D30DA06D1
:106BF000EBD4A86DEBF762FDE7E7C820EBF780FD6B
:106C00006C683A4631464046AB68A0474845044662
:106C1000F3D02046BDE8F883A86DEBF761FDDFE710
:106C2000004CF6E71700078109000B8B2DE9F843AC
:106C300098468369174605460E46089A23B1C168EF
:106C40000B44F119994233D82C6854B3DFF868909B
:106C5000FAB995F86D30DA0613D52C68AB683A4668
:106C600031464046A04795F86D300446DB061BD5FB
:106C70004C4516D1C820EBF743FD95F86D30DA0688
:106C8000EBD4A86DEBF71AFDE7E7C820EBF738FD6A
:106C90002C683A4631464046AB68A0474845044612
:106CA000F3D02046BDE8F883A86DEBF719FDDFE7C8
:106CB000004CF6E71800088109000B8B00285BD018
:106CC0002DE9F041064682B0806DEBF7F7FCB6F88F
:106CD0006A0070B100242546284F726D1119CB68E7
:106CE0003B40B3F5807F10D00135854204F1140498
:106CF000F3DBB06810B1036903B19847B06DEBF7EF
:106D0000EFFC002002B0BDE8F0814FF001088B6875
:106D1000304611594246CDF80080FFF787FF736D6A
:106D2000234483F80C80736D23445A7B22F00102C4
:106D30005A73B6F86A000028DBD000210B4603E046
:106D4000834201F11401CFDA9D4203F10103F7D030
:106D5000726D52F801E052F804C00A44E645EFD1E2
:106D600092F80CC0BCF1010FEAD1507B40F0010059
:106D70005073B6F86A00E3E7014870470001FFFF6F
:106D8000020005812DE9F04340F2CF7807460E4618
:106D90009146B0F86A30456D03EB830383B005EB91
:106DA0008305B86DEBF78AFC796D8D4210D90C46DE
:106DB00002E01434A5421AD92368B342F9D1637BA7
:106DC0009807F6D5B9F1010F2CD0E389002B5DD0DF
:106DD000B86DEBF785FC0A213846EBF745FDB8F1B5
:106DE0000108DED14446204603B0BDE8F08300240C
:106DF00003E046D014318D421ED9CB89002BF9D146
:106E00004B6801334B6014B162689A42F1D20C4670
:106E10001431A94212D2CB89002BEBD14B6801333C
:106E20004B60F1E7237B012BCFD1E289238A01322A
:106E30000133E281238234E0002CC9D0627BA36855
:106E4000D2073AD4B9F1420F43D001223146384635
:106E50000092FFF7A3FE002839DB00214FF6FF4226
:106E6000012009F0030323736160C9F34003E16863
:106E70001B0243F481330A40134326602082E360FF
:106E80000FE00A8A238A9A42C1D8B3E709F00303C4
:106E900019F0020F23730BD10122238AE2811344DC
:106EA0002382B86DEBF71CFC204603B0BDE8F083ED
:106EB000637B43F001036373EEE7012221683846E8
:106EC0000092FFF7B3FE002801DBA368BAE70024B5
:106ED000E7E718460021B7F8682004F0E1FDBCE7B9
:106EE00070B54FF4DF7406460D462146304600F07B
:106EF00019FD0346211D2B72304600F013FD034699
:106F000004F10C016B72304600F010FD034604F1F1
:106F100008016B60304600F009FD1034B4F5FF7FC6
:106F200045F80C0BE1D170BD2DE9F04F8846824643
:106F300034220021A7B04046DAF8185004F0B0FD22
:106F4000012200215046FFF71DFF98B30024CAF824
:106F50001840876883464FF4FF71384600F0E2FC22
:106F6000552839D00021384600F0DCFCEB2800F031
:106F700079810021384600F0D5FC0221384600F026
:106F8000D1FC4FF4FF71384600F0CCFC40F2FF1109
:106F9000384600F0C7FCC84CDAF85800EBF78EFB17
:106FA000BBF80E306BB940F23121C44BC44AC5481E
:106FB000FBF792FAC44CCAF81850204627B0BDE837
:106FC000F08F013BABF80E30DAF85800EBF788FB96
:106FD0005046EBF757FCEEE740F2FF11384600F061
:106FE000A1FCAA28BED10EAE31463846FFF778FF85
:106FF00023463446019626A903EB430201EB8202A5
:1070000012F8571C01F07F0005281BD00F2919D05A
:1070100012F858CC1CF07F0C10D0019E002BBAD176
:107020000E21384600F080FC0028B4D010213846EC
:1070300000F078FC002840F02181ACE76268002A6B
:1070400040F01E810133042B04F10C04D3D1002441
:10705000019ED8F80010032900F3EC804FF00009DE
:10706000CDE90BB4CDE904960D97CDF80C800AE07C
:107070000F2B14D0049B059A01330C32042B04937C
:10708000059200F06481049B26AA03EB430302EB04
:10709000830313F8573C03F07F02052AE8D14FF031
:1070A0006309059A0023D2E900B44E465F46DAF838
:1070B0001820BAF8688006944FEA58280A92CAF84D
:1070C0001830CDF808B0012239465046FFF75AFE75
:1070D0008146002800F02281AB464FF4FF71D9F8B9
:1070E000080000F01FFC054640F2FF11D9F8080027
:1070F00000F018FC552D40F0F080AA2840F0ED80FB
:10710000D9F808001AA9FFF7EBFE4FF0FF3E002365
:10711000BC461AAD0194696800293FD026A803EB4C
:10712000430200EB820212F8272C02F07F000528B0
:1071300000F0CC800F2A00F0C9802A68019802FB79
:1071400008F201FB0821814228D802996244914249
:1071500024D8069801448A4220D803990A6802EB91
:107160004204A40001320A606018221D2C46CDE9B9
:10717000070288180990089F07CC039CE0510998E2
:107180004160079982604A6862444A608A7B42F0A3
:1071900001028A732268032A05DC64260133042B6A
:1071A00005F10C05B7D1BEF1000FC0F2968026ABF9
:1071B0000EEB4E0203EB8202029B52E90C74721E2C
:1071C00007FB083704FB08F4002E00F08680D9F88E
:1071D0000030BB427FD0DAF858005D469346EBF7AB
:1071E0006DFAB9F80E30002B3FF4DDAE013BA9F883
:1071F0000E30DAF85800EBF773FA5046EBF742FB23
:107200005E4660E70023C8F804301321DBF808006D
:1072100000F08AFBC8F80800002800F0AD80D8F81C
:107220000C306FF3100343F43863C8F80C300123BB
:10723000C8F80030DAF85800EBF740FABBF80E3027
:10724000002B3FF4B0AE013BABF80E30DAF858003B
:10725000EBF746FA5046EBF715FBCAF81850D8F88A
:107260000040AAE60221384600F05CFB90287FF43B
:1072700080AE0EAE31463846FFF732FE0124E8E616
:10728000D8F8002002EB420E08EB8E0E02F1010945
:107290000EF10402164694E80700C8F8009086E84C
:1072A00007009EF80E20B9F1030F6CF300028EF870
:1072B0000E207FF7C7AEBDE70F000E81BCE30100D3
:1072C00098000200D8E3010004000E813EEA2E0E71
:1072D00028BF9E4662E71646FFE6DAF85800EBF74D
:1072E000EDF9B9F80E305D464E46002B3FF45BAE2B
:1072F000013BF381DAF85800EBF7F2F95046EBF76F
:10730000C1FA0A9BCAF81830039B196803297FF752
:10731000B1AEDDF82CB0DDF80C808BE7DDE90AEBCF
:10732000DAF85800CAF818E0EBF7C8F9BBF80E30E5
:10733000002B3FF438AE013BABF80E30DAF85800C2
:10734000EBF7CEF95046EBF79DFA0F4C33E60D9F65
:10735000DDF80C80DDE90BB411B1002C3FF46AAF0D
:107360003846152100F0DEFAF7283FF64BAFF0283B
:107370003FF448AF054C0FE62021DBF8080000F091
:10738000D5FAC8F808004AE704000F810E000E8104
:107390002DE9F047002584688EB00195002C00F09F
:1073A000D881B4F86830B4F86A200F4603FB02F2C3
:1073B0002946606E04F074FBB4F86A60636D06EBF6
:1073C000860629461846B200656E03EB860604F071
:1073D00067FBB042034606D29D60B4F868201433C0
:1073E0009E421544F8D80023204601A9E365FFF723
:1073F0009BFD002833DB00F0B281B84240F3AD8141
:1074000007EB47030EAA02EB830353F8301C13F873
:10741000273CE160EE2B25D001222046FFF7B2FC8D
:107420000546002800F0B2810B21806800F07CFA4C
:10743000C0F30803A4F84C000BB9002839D1A06DA3
:10744000EBF73CF9EB89002B00F0A481013BEB81C9
:10745000A06DEBF745F92046EBF714FAC1480EB0E2
:10746000BDE8F0877F2F00F2468101222046FFF71A
:1074700089FC0546002800F05281D0F808800822D7
:107480004046B94904F0FCFA0646002800F0D180D5
:10749000A06DEBF713F9EB89002B00F07B81013B2A
:1074A000EB81A06DEBF71CF92046EBF7EBF9AF4849
:1074B000D5E70E21A86800F037FAE368A4F84E007B
:1074C000034423611021A86800F02EFA84F85200CA
:1074D0001621A86800F028FA60610D21A86800F064
:1074E00021FAB4F84C30B4F86820E063B3FBF2F34F
:1074F00084F851301321A86800F016FAA061002822
:1075000000F021816269002A40F0F7802421A868F8
:1075100000F00CFA60612C21A86800F007FA2063E3
:10752000AB68D3F84B20D3F8471062642164B3F8FA
:107530004F2093F85130A4F84820626984F84A300B
:1075400094F852102369A06D02FB0133A362EBF79C
:10755000B5F8EB89002B00F01D81013BEB81A06D9C
:10756000EBF7BEF82046EBF78DF9B4F84C30002B62
:107570003FF474AF1121A86800F0D6F90546B4F8BD
:107580004E20A369B4F84C6060699B1A94F85220AD
:10759000A16A00FB123306EB4512013A92FBF6F2A8
:1075A000E06B11449B1AC4E90732616200283FF482
:1075B00055AFB3FBF0F36E4EE362327832B1A2F115
:1075C0000A03022B40F2AD800023337001222046D3
:1075D0002169FFF7D7FB0746002800F0BC80002197
:1075E000B86800F0A3F98046A06DEBF767F8FB8957
:1075F000002B00F0CF80013BFB81A06DEBF770F812
:107600002046EBF73FF93378002B40F08C8040F6B2
:10761000F472E36A934200F2C6800A2308F47F689A
:10762000B8F57F6F84F8503040F0BB80002D7FD0DC
:1076300081E04046482100F079F954218246A8684B
:1076400000F074F910218146A86800F06FF90C2150
:107650008046A86800F06AF9324606461021A868FC
:1076600000F06AF93146A868FBF7F8F810214246A5
:107670000646A86800F060F9A06DEBF71FF8EB89EB
:10768000002B00F08780013BEB81A06DEBF728F821
:107690002046EBF7F7F8B0457AD109FB07F1B4F8CB
:1076A00068302046B1FBF3F1B3FBF9F3B7FBF3F21B
:1076B000514403FB12750122FFF764FB09FB05F53A
:1076C000064660B305F12001806800F02FF90346FB
:1076D000A06DE360EAF7F2FFF389002B5AD0013B7B
:1076E000F381A06DEAF7FCFF2046EBF7CBF8E168E9
:1076F00000297FF491AE1F48B1E601232363AB68F4
:10770000D3F82F10D3F82B0061642064B3F8331042
:1077100093F83530A4F8481084F84A3010E716483A
:107720009DE684F8502035B994F850300C2B02D0E7
:107730000C2384F85030002301221846C4E90D338D
:1077400084F853208BE62021A86800F0EFF8A061B0
:10775000D8E60A4883E60A4881E60A487FE60A48EE
:107760007DE600BF0F0003810CE401000F000A81D9
:107770002496002010000A8104000A81020003817F
:1077800004000981100003810E0003810D4866E6A4
:107790000D4864E640F231210C4B0D4A0D48FAF7D2
:1077A0009BFE0D485BE64FF6F4729342C0D84FF64D
:1077B000F8730B2233EA080384F850203FF436AF05
:1077C00006484CE60400038115000A81BCE3010071
:1077D00098000200D8E30100110009810F0009811F
:1077E00070B585686DB395F853400CB9204670BDEF
:1077F000A86DEAF763FFB5F86A106B6D01EB8101C4
:1078000003EB810101E0994209D0DA891433002A9F
:10781000F9D00D4CA86DEAF763FF204670BDEE6D00
:10782000002EF6D1A86DEAF75BFF2846FFF746FA6F
:107830000446A86DEAF742FF002CEBDB85F85360A5
:10784000E8E7024CD2E700BF140004810200048183
:1078500070B5836B044682B063B901A9FDF77CFA69
:1078600003460198A363002802DB656B7DB1019894
:1078700002B070BD00230D460193EAF729FEA36B09
:107880002B44A363EAF74CFE656B002DEFD1012179
:107890002046EAF777FF064648B12A46204601A966
:1078A000FDF77CF803460198636302B070BD204683
:1078B000EAF792FF3246204601A9FDF76FF803462A
:1078C00020466363EAF7B2FFD1E700BF002330B57B
:1078D00083B00193836B044653B901A9FDF73CFAC9
:1078E000A0630198002801DB656B55B103B030BD82
:1078F0000D46EAF7EDFDA36B5B1BA363EAF710FEF1
:10790000EFE72046EAF768FF2A4601A92046FDF77F
:1079100045F8034620466363EAF788FF019803B001
:1079200030BD00BF405C7047405A704740587047B8
:1079300042547047425270474250704710B5041E7F
:1079400001DB002010BD00202246022102F05EFF74
:10795000A0B2672800F2D48001A353F820F000BF42
:1079600043790100017B0100397B0100657B010047
:107970001D7B0100017B0100017B0100017B0100F7
:10798000217B0100197B01005D7B0100057B01006B
:10799000057B0100157B0100217B0100317B01008B
:1079A000057B0100317B0100057B0100157B010097
:1079B000197B0100357B0100097B0100117B01006F
:1079C000117B0100017B0100017B0100017B0100B3
:1079D000017B0100017B0100617B01000D7B010047
:1079E000557B0100597B01003D7B0100257B010097
:1079F000257B0100097B0100297B01000D7B010033
:107A00000D7B01001D7B0100397B0100417B0100E2
:107A1000017B0100057B0100117B0100017B01005E
:107A2000017B0100017B0100297B0100097B010032
:107A3000457B0100497B0100057B0100017B0100C2
:107A4000097B0100097B01002D7B0100017B010006
:107A5000017B0100017B0100017B0100017B010032
:107A6000017B0100017B0100017B0100017B010022
:107A7000017B0100017B0100097B0100017B01000A
:107A8000017B0100017B0100017B0100017B010002
:107A9000017B0100017B0100017B0100017B0100F2
:107AA000017B0100017B0100017B0100017B0100E2
:107AB000017B0100017B0100017B0100017B0100D2
:107AC000017B0100017B0100017B0100017B0100C2
:107AD000017B0100017B0100017B0100017B0100B2
:107AE000017B0100017B0100017B0100017B0100A2
:107AF000357B01004D7B0100517B01002D7B010096
:107B00000E2010BD162010BD1C2010BD022010BD7F
:107B10001D2010BD702010BD102010BD052010BD0F
:107B2000872010BD0D2010BD112010BD5B2010BDA1
:107B30004F2010BD322010BD092010BD142010BDF3
:107B4000132010BD592010BD5A2010BD692010BD52
:107B50008A2010BD152010BD1E2010BD2A2010BD8A
:107B6000782010BD0C2010BD10B5FEF715F9FFF7F9
:107B7000E5FE002104460846224602F047FE201E8C
:107B800018BF0120404210BD10B5044618462346D8
:107B9000FDF740FD0446FFF7D1FE0021021E18BF8D
:107BA0000C46084602F032FE204610BD10B50446D1
:107BB00018462346FDF744FF0446FFF7BFFE0021A9
:107BC000021E18BF0C46084602F020FE204610BDDB
:107BD0002DE9F04103798CB05C0740F1D880044670
:107BE000C068002800F0BC80990773D5DA0740F11F
:107BF000BA80002743F001037C4D237120690028DF
:107C000040F396800DF10C0801384146206100F0E8
:107C1000B7FC002800F088809DF90D30002B00F0A3
:107C200083800DF10D038121714A04F1500003F0AE
:107C3000C7FE089B03B11B6BA361002611224FF402
:107C40008063354684F8D12063610020E9F71CFC8D
:107C5000CDE900014146684600F0B0FC0022114623
:107C600004F12C039C46089800F26C7060F30F023C
:107C70000798013060F31F42E262069A62F30F0137
:107C8000059A62F31F41049A2163A286039AE28651
:107C900007CBA063E1632264BCE807006064A164D1
:107CA000E264342E03D1237923F00403237194F882
:107CB000D120636984F8F020C4F8EC302846FFF73F
:107CC0003DFE00210246084602F0A0FD28460CB009
:107CD000BDE8F08143F00203A268237104F11401AE
:107CE000FBF7D0FC0546AEB2342E58D0002DDEDBBB
:107CF00094F950302E2BDAD1236D23F07F4323F0FB
:107D0000FF03B3F5385F3ED094F95130002BCED14C
:107D10002379C3F3C10303F0020322790DF10C08A8
:107D200063F3C402227190E7206900283FF76CAF2B
:107D3000237913F0180F2CD0C3F3C102012A18D9EC
:107D40002C4B02F00102188899782379A4F850008E
:107D500062F3C40384F8521023710DF10C086CE730
:107D60000746224D4AE704F11401FBF7C1FC054622
:107D7000B9E7214A23F0180312880DF10C08A4F882
:107D80005020237159E72379C3F3C003C5E71B4D86
:107D900094E7AEB2002F84D00DF10C0855E723799B
:107DA000002D43F00103237103DB94F950302E2B97
:107DB00001D0002722E7236D23F07F4323F0FF0348
:107DC000B3F5385F0ED094F95130002BF1D1227900
:107DD000C2F3C10202F002022379012762F3C40355
:107DE00023710BE72279C2F3C002F5E73400058264
:107DF00018E401001CE4010020E4010037000582C2
:107E000070B50121064682B0002002F01FFD002857
:107E10006DD0044696F900302F2B5FD094F90130D5
:107E200004F17F053BB32346812128463A4A009658
:107E300003F0C6FD95F9001039B34FF0000E2A4645
:107E400073462E2992F901C021D0BEF12F0F08BF31
:107E500013468E46614601320029F2D112F9013CE7
:107E60002F2B05D1531E9D421CBF002302F8013C5D
:107E7000284602B070BD802133462846274A03F0C9
:107E80009FFD95F900100029D7D12A46E6E7BCF1FD
:107E90002E0FDAD133B9BEF12F0F08BF13468E462D
:107EA0000132CEE792F902102F290ABF92F903108E
:107EB000901CD01C41B15A1E134602F8011F10F944
:107EC000011F0029F8D10233002119700B4694F9E3
:107ED0007F102A469E460029B3D1BFE704F17F05F3
:107EE0003346812128460E4A03F06AFDA2E74FF48B
:107EF000807000F0A3FC044630B10020224601212E
:107F0000207002F083FC85E740F65101054B064ADC
:107F10000648FAF7E1FA00BF70E401006CE40100E2
:107F200018E4010024E40100AC00020038E4010080
:107F300030B587B00D46FFF763FF02A900F0D0FA15
:107F4000A0B12846FDF7ECF901AB0246DDE90310CC
:107F5000FDF73AFA04460198FFF7F0FC00210246CB
:107F6000084602F053FC204607B030BD04460146E7
:107F7000062202F04BFC204607B030BD2DE9F0414F
:107F80000446D2B030220D4611A8002103F088FD2E
:107F90002046FFF735FF04A900F0A2FA78B9644B38
:107FA00003AE18463360FFF7C9FC002102460846BD
:107FB00002F02CFC3068C01752B0BDE8F0810023FD
:107FC000059F03AE3846336003F0CBFD002800F078
:107FD000AB80421C3A4404E02F2B06D0013800F05D
:107FE000A38012F9013D5C2BF6D100F10108B844E1
:107FF00084B2414611A8FBF74BFC33462246394672
:108000000698FBF7BFF9119030680028CBDB1DAB59
:10801000009342460023069811A90196FAF7FEFF45
:1080200060B9404603F09DFD04462CA803F099FD7D
:1080300084426AD03F4B18463360B4E73068002D65
:10804000B1D00028AFDB9DF831311D9A13F0100F2D
:108050006A600CBF4FF400424FF48042079B6A8174
:108060002B811E9B08A82B60BDF8A630013B0C930A
:10807000BDF8A430A3F26C730D93BDF8AE30089335
:10808000BDF8AC300993BDF8AA300A93BDF8A8300A
:108090000B9300F05DFBBDF89830BDF89A20A3F279
:1080A0006C730D93BDF8A030C5E904010993BDF8C8
:1080B0009E30BDF8A2100A93BDF89C30013A08A882
:1080C0000C920B93089100F043FBBDF88C30BDF887
:1080D0008E20A3F26C730D93BDF89430C5E90601B0
:1080E0000993BDF89230BDF896100A93BDF8903010
:1080F000013A08A80C920B93089100F029FB024664
:108100000B463068C5E908234DE71D9F002F91D12C
:10811000224640462CA900F06BF801288AD137602E
:10812000002D90D128463EE7012407F1010860E7C1
:108130000600028C1F00028C38B50C460546F4225E
:108140000021204603F0ACFC04F15003C4F8E830F1
:108150002846FFF755FE90F9002003462F2A1DD030
:108160001846211D00F0BCF968B103232279DB0019
:1081700043F0040322F01C02134323712046BDE8A0
:108180003840FFF725BD0E48FFF7D8FB0021024617
:10819000084602F03BFB4FF0FF3038BD90F901205C
:1081A000002ADDD1211D00F09BF918B900F0ACF8D0
:1081B0000028E8D000F0A8F801232061D6E700BF2E
:1081C0000200048291B1014401F1FF3C013802E058
:1081D000037060450AD010F9012FD3B2A3F1410119
:1081E000192903F12003F3D9002AF2D1704700BF07
:1081F000F8B504460D46164652B903F0B2FC0746E0
:10820000284603F0AEFC874201D00020F8BD3E4670
:10821000002E1FDD631E691E981901E0834219D0EC
:1082200013F901CF11F9014F5FFA8CF2A2F1410667
:108230005FFA84FE192EAEF141059CBF20324FFA41
:1082400082FC192D9CBF0EF1200E4FFA8EF4A4452E
:10825000E4D0DAE70120F8BD2DE9F0410F4690F9AE
:10826000001016465C29DDF8188048D0A1F12F01D6
:10827000B1FA81F149090A4690450C462FDD4FF0CD
:10828000000C05E0BEF12F0F0AD0ACB2444526DA4F
:1082900010F904E0651CBEF15C0F0CF10102F1D194
:1082A000B6F800E01FFA82FCE64508BF611C0EF13B
:1082B000010208BF89B29445E7D184B1641A802CC9
:1082C000014415DD8122384603F03EFC002387F887
:1082D00080303846338801333380BDE8F0811A6836
:1082E000012A0FD00122641A802C1A600144E9DCB3
:1082F0002246384603F028FC00233B55E9E70122DB
:108300001146B9E70020E8E7014B186E704700BF3F
:10831000289600202DE9F04700297FD090F90040F1
:1083200006462F2C03D000242046BDE8F0870F46D8
:1083300003F017FCDFF8F490804601F0A7FED9F8AF
:108340006010C1B3B8F1010F57D0D9F86030012BDC
:1083500057DD4FF0FF3A0125334C08E06369B3B3B2
:10836000D9F860300135AB4204F118043ADD2369D5
:108370004345F3D142463146204603F081FB0028B5
:10838000ECD105EB450009EBC0004FEA450A0F228E
:10839000314603F0ACFB002201240AEB050309EB94
:1083A000C303DA73C3F81080BA685A6101F076FE2D
:1083B0002046BDE8F0876022484603F071FB0123A8
:1083C00089F80040C9F86030C9F81030BAE7D9F828
:1083D00060303AEA2A0A28BFAA460135AB4204F1C6
:1083E0001804C4DCBAF1000F0BDB0AEB4A00554657
:1083F00009EBC0004FEA4A0AC9E700250B48AA4624
:10840000C5E7D9F86030032B06DCD9F860506B1C47
:10841000002DC9F86030B4DA0024C7E75021044BBE
:10842000044A0548FAF758F840960020289600209C
:1084300078E40100B800020080E4010090F9003007
:108440002F2B00D070472DE9F041804603F089FBC7
:10845000012807463ED0214E336E012B32DD012428
:1084600006F1180505E0336E0134A34205F1180545
:1084700028DD2B69BB42F6D13A464146284603F037
:10848000FFFA0028EFD101F001FE0021336E04EB6A
:1084900044045A1E06EBC4048A42C4E904110CDDEC
:1084A00003EB430306EBC30301E0013A0CD053F89E
:1084B000041C183B0029F8D0531C3366BDE8F0417A
:1084C00001F0ECBDBDE8F08101233366BDE8F04169
:1084D00001F0E4BD0024014ED5E700BF289600203E
:1084E0002DE9F0478A46074603F03BFB0023DFF8FF
:1084F0008C80CAF80030CAF80430CAF80830CAF8CC
:108500000C30D8F86030012B33DD8146012608F1AC
:10851000180425694D450AD82A463946204603F0F5
:10852000AFFA7A1918B97B57E3B12F2B1BD0D8F8C3
:1085300060300136B34204F11804EADCD8F8603048
:10854000B34205BFCAF80470D8F81400DAF808007E
:10855000CAF8080020B190F85300003818BF012075
:10856000BDE8F087044ACAF804206369CAF80830F5
:10857000E4E70126E2E700BFC400020028960020DD
:10858000002803DB0C4B1A6E824202DC00231846E3
:1085900070478C4600B500EB400003EBC00EBEE810
:1085A0000F00ACE80F0001239EE803008CE80300F5
:1085B00018465DF804FB00BF289600202DE9F84F0F
:1085C0000C46D0E90001002500232562434A02F051
:1085D000CFFF434DDFF81CC1061DACFB06ECA5FB2D
:1085E00002BE85FB02B54FF4616B4FEADE2E0BFB3A
:1085F0001E2E3C491544A1FB0EEBA1FB02E14909EB
:10860000C1EB0111A2EB8101D217C2EBE522A260FE
:10861000A6EB0C020CEB520C4FEA9C0CCCEBCC0CF6
:108620004FEA5B1BA6EB0C0640F2B27340F26D1AE8
:10863000DFF8BC802C4FDFF8C090C4F804B0216094
:10864000A6610EE008FB03F2B7EB321F3FD2B9EB95
:10865000B20F2CBF52464FF4B772904208D3801A23
:10866000013313F00305EDD040F26D129042F6D2C3
:108670001E4FA3F26C726261A7FB03274FF4C8720E
:10868000FF09002140F6D52602FB1737E06104E020
:108690001E32904215D3801A013126FA01F20129C7
:1086A00002F00102F4D1ADB9114AAFB103FB02F2FD
:1086B000DFF844C0BCEBB20F2CBF1C221D2290423D
:1086C000E9D20130C4E903012046BDE8F88F4FF438
:1086D000B772C2E71C22DCE71D22DAE780510100F5
:1086E000C5B3A291898888880AD7A3001F85EB515A
:1086F000295C8FC225499224285C8F0210B504465C
:108700008CB00020E8F7C0FE02460B46684603A97D
:10871000CDE90023FFF752FF00231A4618460899B7
:10872000BDF814C001F26C7161F30F0307990131B8
:1087300061F31F432360069B049963F30F02039BBD
:108740006CF31F422181626063810CB010BD00BFD9
:10875000F0B5D0E90323991E48BF03F10A014FF495
:10876000997303FB01F102F1FF3E40F26D13426980
:108770002E4C54BF02F26C7202F26B72053184FB14
:1087800001541546C917C1EBA4014FEAEE7C11EB69
:108790000E0E4CEBE17C4FF46161254E02FB03F3BE
:1087A00086FB0276002AB8BFD51CAF10DC17D217A3
:1087B000DB1944EBE574C2EB66155B1BC2EBE612FA
:1087C00064EBE5749B1844EBE2721A4C85681B1944
:1087D00062F1000213EB0E034CEB020CDA184CEBC7
:1087E0000C04D21843684CEB040CC3EB03139B003E
:1087F00001FB053301684FEA0C140B44110144EAF4
:1088000012748A1A64EB0C0421014FEA021CBCEBBF
:10881000020C41EA127161EB04014FEACC10C9016C
:10882000C01841EA5C6141EBE371F0BD67666666C2
:108830001F85EB519405F5FF704700BFF8B5431E47
:108840000A3363D810F0070300F1080468D15B4DC8
:1088500001F01CFC2B682246002B74D0002C5ADB44
:10886000574F3E68A64256D3564B57491A688A421C
:10887000C0F08F805548824298BF9C4608D988E056
:10888000136843B18B4277D38342944674D81A4617
:108890005368A342F4D32B6893423CD0DCF80050D9
:1088A00008358D42C0F0828085427FD81368CCF8AD
:1088B00000305168A14272D30B1B102B0AD9111939
:1088C00048075FD14B605460DCF800301351CCF89E
:1088D000001051683E48761A046841F00041A642F3
:1088E0004FF0000438BF06603A48516003681460D6
:1088F000013303603E6001F0D1FB6B070ED040F204
:108900005711354B354A3648F9F7E6FD2B4D01F046
:10891000BDFB2B68ABB101F0C1FB00252846F8BDBB
:10892000A3F10902A242F1D3244D1030C41A01F080
:10893000ADFB2B68224633B1002AECDB002C8FD133
:10894000E9E700221446204900204E071CBF0731EA
:1089500021F007010E46234B1A4F23F00703591A43
:10896000C7E900602B60C3E90000C6E90031184B7D
:108970001960134B1960DFE7FB211B4B174A18489E
:10898000F9F7AAFD4FF48B71184B144A1448F9F704
:10899000A3FDF521144B114A1148F9F79DFD40F252
:1089A0000D11134B0D4A0E48F9F796FD40F20511D3
:1089B000104B0A4A0A48F9F78FFD00BF9C96002029
:1089C00098960020A0960020A8960020A796012047
:1089D000949600209096002044E60100F0000200EA
:1089E00028E50100A0960120B4E4010010E6010092
:1089F000DCE5010068E5010000284BD0F8B53A4FEE
:108A0000A0F10804BC42054659D3384EB44256D8AA
:108A100050F8043C002B60DA50F8082C002A55D19D
:108A200023F0004340F8043C01F030FB3048DFF80D
:108A3000E8C00346DCF8002055F8041C0A44CCF8D2
:108A400000201A461B689C42FBD8824203D0BA42DF
:108A50002ED3B2422CD850681618B4420FD06018EA
:108A6000834218D045F8083CA24218BF1460214A3E
:108A7000136801331360BDE8F84001F00FBB0144F7
:108A8000501883425160F2D11B48006883420DD0D8
:108A9000144604E07047184800688342E2D05B68DF
:108AA0000B44636013681B682360DDE71360DEE737
:108AB0004FF4FD71114B124A1248F9F70DFD4FF4B6
:108AC000B571114B114A0F48F9F706FD4FF4B67115
:108AD0000F4B0E4A0B48F9F7FFFC40F26B110D4BA0
:108AE0000A4A0848F9F7F8FCA8960020A796012042
:108AF000A09600208C9600209C9600208CE7010018
:108B0000C800020028E5010080E60100E400020040
:108B100064E70100F0E601009896002008B540F2F5
:108B2000E311024B024A0348F9F7D6FC04E80100BE
:108B3000280102003CE8010038B51C20FFF77EFE4A
:108B4000044628B1002540F8045B00F047F925767B
:108B5000204638BD2DE9F843089F002800F08280A8
:108B6000B1F1807F0C4676D200296DD091469846AF
:108B7000064601F083FEE0B9002F7AD101F086FAB3
:108B80003568B8F1000F07D034EA050306D001F0CC
:108B900085FA2846BDE8F8832C42F8D0B9F1000FD9
:108BA000F5D025EA0404346001F078FA2846BDE8DF
:108BB000F88301F06BFA3568B8F1000F25D034EA7C
:108BC0000503EBD0002FE2D0B9F1000118BF01215D
:108BD000090641F080613A462143301D01F062FCF4
:108BE00001F05CFA38B94FF08052254B5A60BFF360
:108BF0004F8FBFF36F8F01F055FF830105460ED5F0
:108C000025F07F452846BDE8F8832C42C6D1002FC9
:108C1000BDD0B9F1000118BF01210906DBE7E9F772
:108C200057FC3568B8F1000F0AD12C4205D0B9F1D4
:108C3000000F02D025EA04043460E9F771FCDFE795
:108C400034EA0503F9D1F2E740F249110D4B0E4A1F
:108C50000E48F9F741FC4FF4A4710D4B0A4A0B483A
:108C6000F9F73AFC40F247110A4B074A0748F9F76F
:108C700033FC4FF4A671084B034A0448F9F72CFC67
:108C800000ED00E0B4E80100400102003CE8010012
:108C90007CE8010070E80100CCE8010070B570B11B
:108CA000B1F1807F0C4611D20546E9F711FC2E6820
:108CB00026EA04042C60E9F733FC304670BD4FF41B
:108CC000F171034B034A0448F9F706FCFFF726FF4E
:108CD00070E80100280102003CE801002DE9F041A4
:108CE00090B3B1F1807F0D4635D2064600F10C08F5
:108CF00001F0CCF93368346945EA0301A0453160DD
:108D00001CD000270AE03DB1DB0141F0007148BFF3
:108D1000174301F0AFFC3168A0450DD02046036831
:108D2000646823F07F4213F0806F02EA0105EAD005
:108D3000AA42E9D0A045F1D121EA0701316001F052
:108D4000ADF93068BDE8F08140F23221054B064AAA
:108D50000648F9F7C1FB40F23321054B024A0348AC
:108D6000F9F7BAFB70E80100140102003CE80100C9
:108D700020E9010038B508B3044601F087F96368BB
:108D80005BB104F10C052069A84210D04FF00071CE
:108D900001F070FC6368002BF5D101F07FF9237EB0
:108DA00003B138BD2046BDE83840FFF725BE40F28C
:108DB0009A21064B064A0748F9F78EFB40F28E21AE
:108DC000054B034A0348F9F787FB00BF60E9010040
:108DD000000102003CE8010054E901004FF0FF31BE
:108DE000002200F10803C0E90131C0E90333026049
:108DF000704700BF00230361704700BF43684B60AA
:108E00009A688A6051609960086103680133036061
:108E1000704700BF30B40D686B1C10D000F1080320
:108E20001C465B681A68AA42FAD94B6099608C604C
:108E300061600861036830BC0133036070470469F6
:108E40006368F2E70369D0E901128A604168516002
:108E50005A68824204BF82685A6000220261186820
:108E600001381860704700BF70B51646026C0446A2
:108E7000856B2AB9066801354EB31046A56370BDEF
:108E80008EB9406802F060FE6368216CA2680B44F2
:108E90009342636028BF236805F1010528BF636022
:108EA000A563002070BDC06802F04EFE226CE3682E
:108EB00051429B1A2268E360934202D2A3680B449A
:108EC000E360022E08D00135A563002070BD8068E4
:108ED00001F032FDA660D1E7012D38BF0125DFE7A3
:108EE00070B50546E9F7F4FA95F845305CB2002C08
:108EF00014DD05F1240603E0631EDAB25CB26AB148
:108F00006B6A5BB1304601F03BFB0028F4D001F006
:108F100077FC631EDAB25CB2002AF1D1FF2385F838
:108F20004530E9F7FDFAE9F7D3FA95F844305CB239
:108F3000002C14DD05F1100603E0631EDAB25CB20A
:108F40006AB12B695BB1304601F01AFB0028F4D0FE
:108F500001F056FC631EDAB25CB2002AF1D1FF23A5
:108F600085F84430BDE87040E9F7DABA70B50028FA
:108F700048D0C56B0446002D3DD0026CA2FB0525F0
:108F8000002D38D10E46E9F7A3FAD4E90F30FF21BE
:108F900000FB03F32268181A626013440244A563BD
:108FA000C4E9023284F8441084F84510BEB923693C
:108FB0001BB9E9F7B5FA012070BD04F1100001F00A
:108FC000DFFA0028F5D04FF08052124B5A60BFF301
:108FD0004F8FBFF36F8FE9F7A3FA012070BD04F143
:108FE0001000FFF7FBFE04F12400FFF7F7FEE9F79E
:108FF00097FA012070BD4FF4B671074B074A084835
:10900000F9F76AFA40F23711064B044A0448F9F7B7
:1090100063FA00BF00ED00E004EA0100580202001C
:10902000D0E90100FCE9010070B582B033B3064617
:10903000E8B10D461C4692B1C9B148230193019B8A
:10904000482B22D101212046C4E90F65226084F813
:109050004610019BFFF78AFF204602B070BD31B970
:1090600048230193019B482B0FD12246EAE74FF496
:10907000D871094B094A0A48F9F72EFA4FF4C27120
:10908000084B064A0648F9F727FA4FF4CB71064B0E
:10909000024A0348F9F720FA54EA01003C020200B0
:1090A000D0E9010028EA010038EA0100F8B5F0B182
:1090B000A1FB003705460E46CFB901FB00F010F1C9
:1090C000490F14D84830FFF7B9FB044658B180F86F
:1090D000467056B100F14803012120462360E56344
:1090E0002664FFF743FF2046F8BD0346F4E740F24D
:1090F0002A21024B024A0348F9F7EEF954EA01002B
:1091000028020200D0E9010030B583B0C0B1884226
:109110000D4615D314460AB348230193019B482BEF
:1091200015D1012100232260D063204684F8461027
:109130002364019AFFF71AFF2046A56303B030BDF0
:109140004FF45E71094B0A4A0A48F9F7C5F94FF422
:10915000CB71094B094A0748F9F7BEF94FF4C271C0
:10916000074B064A0348F9F7B7F900BF60EA010068
:10917000CC010200D0E9010038EA01003C02020003
:1091800028EA01002DE9F04184B00192002800F0A6
:10919000AF8004460F461E46002900F08B80022E49
:1091A00003D1E36B012B40F09C8001F067FB0028AA
:1091B00067D0E9F78DF9A26BE36B9A4253D3022E85
:1091C00051D00020DFF8448105460DE0E9F7A8F909
:1091D0002046FFF785FE00F061FFE9F779F9A26B01
:1091E000E36B01209A423ED3019B002B6DD0B0B3BC
:1091F000E9F796F900F04AFFE9F76AF994F8443084
:10920000FF2B08BF84F8445094F84530FF2B08BF6B
:1092100084F84550E9F784F902A801A901F0A8FAF9
:10922000002858D1E9F754F9A26BE36B9A42CDD1EB
:10923000E9F776F9019904F1100001F015F92046DB
:10924000FFF74EFE00F02AFF0028C6D14FF08053F2
:10925000C8F80430BFF34F8FBFF36F8FBDE702A88C
:1092600001F07AFAC4E7324639462046FFF7FCFDA2
:10927000636A83B9A8B9E9F753F9012004B0BDE8DE
:10928000F081019B002B94D040F2BB311C4B1D4A56
:109290001D48F9F721F904F1240001F071F90028C3
:1092A000E9D04FF08052194B5A60BFF34F8FBFF394
:1092B0006F8FE0E7036C002B3FF471AF40F2B731E2
:1092C000134B104A1048F9F707F9E9F729F900207C
:1092D00004B0BDE8F0812046FFF702FE00F0DEFE9C
:1092E000F5E74FF46E710B4B064A0748F9F7F4F8AF
:1092F00040F2B631084B034A0348F9F7EDF800BFD6
:10930000CCE80100B8010200D0E9010000ED00E066
:1093100068EA0100C0EA0100FCE9010038B598B133
:109320008568044601F0A4FA854201D0002038BDCA
:10933000E368013BE3600BB1012038BD1A461946D2
:109340002046FFF71FFFF7E740F2FB21024B034ADD
:109350000348F9F7C1F800BF10EB01000C0202004E
:10936000D0E9010038B54820FFF768FA044688B113
:10937000002501212060C0E90F1580F84650FFF755
:10938000F5FD2B462A4629462046A5602560E56066
:10939000FFF7F8FE204638BD2DE9F04100284ED0F9
:1093A00004460D4617461E4600293ED0022E2CD1FB
:1093B000E36B012B4AD1E9F753F9EFF3118810233E
:1093C00083F31188A36B294694F845503246204612
:1093D0006DB2A36BFFF748FD6B1C0AD1636A93B1B2
:1093E00004F1240001F0CCF868B167B101233B60BF
:1093F00009E000F06BFF854205D27F2D2DD00135AD
:109400006DB284F8455001200BE0E9F729F9EFF33C
:109410001188102383F31188A26BE36B9A42D2D395
:10942000002088F31188BDE8F081036C002BBDD0CB
:1094300040F291410C4B0D4A0D48F9F74DF84FF4AD
:1094400092610C4B094A0A48F9F746F840F29241FA
:10945000094B064A0648F9F73FF840F21E51074B00
:10946000024A0348F9F738F868EA01009C01020053
:10947000D0E90100FCE90100C0EA010018EB01009D
:10948000F0B585B00192002800F0A38004460E4696
:1094900000296ED001F0F2F9002857D0E9F718F84A
:1094A000A56B002D6FD1019B002B35D002A801F0D8
:1094B00053F92F46E9F734F800F0E8FDE9F708F82A
:1094C00094F84430FF2B08BF84F8447094F845307A
:1094D000FF2B08BF84F84570E9F722F801A902A81C
:1094E00001F046F9E8B9E8F7F3FFA36B33BBE9F7FE
:1094F00017F8019904F1240000F0B6FF2046FFF7A9
:10950000EFFC00F0CBFD58B3E8F7E2FFA56B002DB0
:1095100039D1019B002BCDD1E9F702F8002005B02D
:10952000F0BD2046FFF7DCFC00F0B8FDE8F7D0FF07
:10953000A36B002BF0D0E8F7F3FFE5E7E8F7F0FFC7
:109540002046FFF7CDFC00F0A9FDDDE7019B002BD5
:10955000A4D040F2F251224B224A2348F8F7BCFF34
:109560004FF08052214B5A60BFF34F8FBFF36F8F84
:10957000CAE7036C002B8DD040F2ED511C4B194A09
:109580001948F8F7A9FF226C5AB1E168A3681144A1
:109590009942E16028BF2168304628BFE16002F0AF
:1095A000D3FA2369013DA56323B9E8F7B9FF012088
:1095B00005B0F0BD04F1100000F0E2FF0028F4D087
:1095C0004FF08052094B5A60BFF34F8FBFF36F8F3C
:1095D000EBE740F2E951074B024A0348F8F77CFFFA
:1095E000CCE801008C010200D0E9010000ED00E0B0
:1095F000C8EB0100BCEB0100F0B585B0019100287B
:1096000000F0BA80066C0446002E40F0AE8001F0F7
:1096100035F90546002855D03546E8F759FFA36BC4
:109620000027002B41D1019B002B7FD0002D63D060
:10963000E8F776FF00F02AFDE8F74AFF94F8443097
:10964000FF2B08BF84F8447094F84530FF2B08BF07
:1096500084F84570E8F764FF01A902A801F088F8D2
:1096600000283AD1E8F734FFA36B002B4BD1E8F781
:1096700057FF2368002B5CD0019904F1240000F00F
:10968000F3FE2046FFF72CFC00F008FD38B94FF040
:1096900080523D4B5A60BFF34F8FBFF36F8FE8F797
:1096A00017FFA36B0125002BBDD02268013BA363EC
:1096B000002A56D02369002B44D1E8F731FF01205E
:1096C00005B0F0BD019B0646002BA6D040F28B6191
:1096D0002E4B2F4A2F48F8F7FFFE2046FFF700FCDD
:1096E00000F0DCFCE8F7F4FEA36B4BB9E8F718FFD9
:1096F0008EB9002005B0F0BD02A801F02DF897E763
:10970000E8F70EFFCBE7E8F70BFF2046FFF7E8FB93
:1097100000F0C4FCC3E7E8F7DBFE616A19B1236B14
:109720001968C1F10501A06801F05CF9E8F7F8FEDD
:10973000DFE7E8F7CDFEA06801F0B0F80646E8F7ED
:10974000EFFE99E704F1100000F01AFF0028B4D0F2
:109750004FF080520C4B5A60BFF34F8FBFF36F8FA7
:10976000ABE701F0ABF9A060A4E740F286610A4BD9
:10977000074A0848F8F7B0FE40F28261074B044AF6
:109780000448F8F7A9FE00BF00ED00E0CCE80100B6
:1097900078010200D0E901003CEB0100BCEB0100C4
:1097A00070B5A0B1866804460D4601F061F88642A6
:1097B00008D029462046FFF71FFF10B1E3680133A8
:1097C000E36070BD0120E3680344E36070BD40F2D4
:1097D0003731024B024A0348F8F77EFE10EB0100D6
:1097E000F0010200D0E9010010B5D8B10023114CFE
:1097F00054F83320D900904206D001330A2BF7D118
:1098000090F8463053B110BD002300220A4C214489
:10981000C1E9002390F84630002BF4D1BDE8104098
:10982000FFF7EAB840F6D401044B054A0548F8F7BB
:1098300053FE00BFAC960120A8960120FCE9010070
:1098400068010200D0E9010070B500B3D9B100246D
:10985000124D23462A4604E001330A2B02F1080286
:109860000ED0566886420FD0002CF5D155F83360E3
:109870000133002E08BF14460A2B02F10802F0D172
:109880000CB1C4E9001070BD05EBC304F9E740F664
:10989000C931034B034A0448F8F71EFEA89601207D
:1098A000C8E9010054010200D0E9010070B5044686
:1098B0000E461546E8F70CFE94F84430FF2B04BF23
:1098C000002384F8443094F84530FF2B04BF002374
:1098D00084F84530E8F724FEA36B23B12046BDE8A9
:1098E0007040FFF7FDBA04F124002A46314600F02B
:1098F00015FE2046BDE87040FFF7F2BA2DE9F041B1
:109900000446E8F7E5FD394A394E13680133136020
:109910003368002B3DD0374FE36A3A68002A31D0D4
:10992000354D364936480A6801320A6002689A4263
:1099300038BF036003EB830305EB83035B68221DE1
:10994000A3609968E1604A609A60E36A03EB83036D
:1099500005EB830262619B00EA580132EA50E8F7A6
:10996000DFFD3B6863B13268E36AD26A9A4207D28C
:109970004FF08052234B5A60BFF34F8FBFF36F8F6E
:10998000BDE8F08132681C4DD26A9A4298BF3460BB
:10999000C7E734601368012B03D0E36A164D154FF7
:1099A000BFE7154D2F4605F1640838461437FFF719
:1099B00015FAB845F9D1DFF86880134F4046FFF734
:1099C0000DFA3846FFF70AFA1048FFF707FA104871
:1099D000FFF704FA0F48FFF701FA0F4BC3F80080B6
:1099E0000E4B1F60E36A034F9BE700BF20970120E7
:1099F000F8970120149701209497012004970120E3
:109A00001897012000ED00E06C970120509701208D
:109A10003C9701202497012068970120649701203A
:109A2000809701202DE9F8430446264B2648274A13
:109A3000274DD0F800901768D3F8008028680E46AC
:109A40000430FFF7FFF9631C17D02B6819EB0404EF
:109A50005C600BD2296838460431FFF7DBF91D4BF7
:109A60001A68A24200D91C60BDE8F8832968404604
:109A7000BDE8F8430431FFF7CDB976B92B6809F199
:109A8000FF325A60B9F1000FF0D12968384604312D
:109A9000FFF7C0F90F4B1B68E6E70F4B29685A68C0
:109AA0001C688A602E680134286829681C602D684B
:109AB000946804300431F460606091606B61BDE8CB
:109AC000F88300BF649701201C970120689701204C
:109AD000F897012000970120249701202DE9F047F5
:109AE00002F18042DDE90984266B013A06EB820629
:109AF00007469946DDF820A026F0070689B101F156
:109B0000FF3C01F11F0504F1330E01E0AC4505D027
:109B10001CF9011F0EF8011F0029F7D1002384F85A
:109B20005330BAF1040F1DD8201DC4F82CA0C4F87E
:109B300054A0FFF75FF904F11800FFF75BF9CAF1D1
:109B40000503A3613A464B463046216B24616462AB
:109B5000E8F7A4FC2060B8F1000F01D0C8F800407D
:109B6000BDE8F08740F26471024B034A0348F8F7FE
:109B7000B3FC00BF58EC0100800402002CEC010093
:109B8000F8B51A4D2B6823B3194F1A4E05E0012B77
:109B900020D0022B22D12B68DBB1E8F799FCFB68BF
:109BA000DC68201DFFF74EF93368013B33602B68FA
:109BB000013B2B60E8F7B4FC94F87530002BE6D13C
:109BC000206BFEF719FF2046FEF716FF2B68002BCF
:109BD000E3D1F8BD2046FEF70FFFDCE741F62E117A
:109BE000054B064A0648F8F777FC00BF3897012076
:109BF0003C970120209701206CEC010064040200D6
:109C00002CEC01004FF0805608B5074C074DFFF7CC
:109C1000B7FF2368012B04D96E60BFF34F8FBFF3EA
:109C20006F8FE8F7D1FCF2E79497012000ED00E098
:109C30002DE9F84F594B1C6801341C60002C00F0D2
:109C40008280DFF87C81D8F800309C4273D3544D79
:109C50002B681868002800F08D800020DFF864B1C0
:109C60000646504ADFF860C15CE0D9689F68D3F8C7
:109C70001490B9609F6803F1040E4F60D9F8041086
:109C8000714504BFD968C9F804105E61D9F80010A5
:109C90000139C9F80010D3F82890B9F1000F13D09A
:109CA000D3E90771B960DF6903F1180A4F60D9F889
:109CB0000410514504BF196AC9F804109E62D9F80E
:109CC00000100139C9F80010D96ADBF80090494545
:109CD00088BFCBF8001001EB810102EB81014968DC
:109CE0009960D1F80890C3F80C90C9F804E0C1F865
:109CF00008E0D96ADCF8009001EB810E02EB8E01DE
:109D0000596152F82E10D5F800A0013142F82E10FA
:109D1000D3F82CE0D9F82C10DAF800308E4588BF43
:109D200001203BB32B68DB68DB6859688C429CD20E
:109D3000C8F8001000E000201B4B1B68002B18BF68
:109D40000120BDE8F88F164B1A681268FAB9174A55
:109D5000186811681960164910600A6801320A60B3
:109D60001A6812685AB94FF0FF33DFF85480C8F808
:109D7000003068E74FF0FF33C8F80030DCE71B68BD
:109D8000DFF83C80DB681B68C8F800305BE741F215
:109D90005F21084B084A0948F8F79EFB1C970120F1
:109DA00068970120949701200C9701206497012067
:109DB00008970120A0EC0100100402002CEC010027
:109DC0000097012018970120F89701202DE9F04312
:109DD0000E46002187B0DDF83C80109C0491B8F15C
:109DE000000F24D0002C30D09946782305931746D5
:109DF000059A9A4222D105462046059B01F050FE65
:109E000028460E9DC4F8308000950225029484F8FF
:109E1000755004AD4B463A4631460195FFF75EFE5C
:109E20002046FFF76BFD049807B0BDE8F08340F2D1
:109E3000F141094B094A0A48F8F74EFB40F2FA4152
:109E4000084B064A0648F8F747FB40F2F241064B3A
:109E5000024A0348F8F740FB18ED0100980402009D
:109E60002CEC010054ED010038ED01002DE9F04328
:109E7000074685B09000164688469946FEF7DEFCF8
:109E8000F8B105467820FEF7D9FC0446B0B1782237
:109E9000002101F005FE25630D9D4B4601950C9DAB
:109EA00032464146384602940095FFF717FE204699
:109EB000FFF724FD012005B0BDE8F0832846FEF73A
:109EC0009BFD4FF0FF3005B0BDE8F083F8B50446C8
:109ED000384EE8F7FDFA002C4CD0271D3846FEF727
:109EE000B1FFA36A1BB104F11800FEF7ABFF324AC1
:109EF000324D1368013313603368A3422B682CD0B2
:109F00002F4A1368013B13602E4B1A6812689AB1EE
:109F10001A682D4BD26812681A60E8F701FB94F8B2
:109F200075309BB1012B33D0022B35D12B6813B187
:109F30003368A34220D0F8BD4FF0FF32224B1A60A5
:109F4000E8F7EEFA94F87530002BEBD1206BFEF7B2
:109F500053FD2046FEF750FDE8E7002BD0D03946F0
:109F60001A48FEF74BFF1A4A136801331360E8F7EB
:109F7000D7FADBE73468B0E7164B1B689BB94FF0A4
:109F80008052154B5A60BFF34F8FBFF36F8FF8BDF0
:109F90002046FEF731FDC9E741F62E110F4B104A5E
:109FA0001048F8F799FA40F614110F4B0F4A0D4874
:109FB000F8F792FAF89701200497012014970120EE
:109FC0002097012068970120009701203C970120ED
:109FD00038970120F896012000ED00E06CEC0100BC
:109FE000640402002CEC010070ED01007404020016
:109FF00030B5002491B01B4B07AA06A905A8089309
:10A00000CDE905448DF82440E8F752F9DDE9051261
:10A010002346CDE901211448079A009408A9FFF7C7
:10A02000D5FE124B186018B9114B1B6811B030BD2A
:10A0300001F0C0F9012808D00130F5D140F6A9613E
:10A040000C4B0D4A0D48F8F747FA80F310884FF093
:10A05000FF350B490B4A0C4B0D6010601C60E8F794
:10A06000E1FAE1E749444C45059C0100FC960120DA
:10A07000AC0402008CED0100340402002CEC010061
:10A0800000970120149701201C970120024A1368B1
:10A0900001331360704700BFF89601202DE9F047A7
:10A0A000604CE8F715FA2368002B00F0B3802368B2
:10A0B000013B23602068002840F09E805A4B1B68BB
:10A0C000002B00F09980594D2B68002B00F09F80E9
:10A0D0004FF0010C564E574ADFF86CA1DFF878813B
:10A0E000EB68DB68D3F828E0D3E90771B960DF6972
:10A0F00003F118094F60DEF80410494504BF196ADE
:10A10000CEF804109862DEF800100139CEF8001085
:10A11000D3F814E0D3E90271B9609F6803F1040930
:10A120004F60DEF80410494504BFD968CEF804102A
:10A130005861DEF800100139CEF80010D96AD6F85F
:10A1400000E0714588BF316001EB810102EB8101C4
:10A1500049689960D1F808E0C3F80CE0CEF80490A3
:10A16000C1F80890D96A01EB810E02EB8E015961AA
:10A1700052F82E10013142F82E10DAF800E0D96AB8
:10A18000DEF82C3099422B6888BFC8F800C0002B3D
:10A19000A6D1294B1A681268002A33D01A68274BB7
:10A1A000D26812681A60264E356895B1012706E01C
:10A1B000FFF73EFD08B1C8F80070013D08D02368E4
:10A1C000002BF5D03368013D03F101033360F6D174
:10A1D0003560D8F800307BB14FF08052194B1A49E6
:10A1E00009685A60BFF34F8FBFF36F8F0124E8F700
:10A1F00097F92046BDE8F0870024E8F791F920465A
:10A20000BDE8F0874FF0FF320C4B1A60CBE7DFF868
:10A210004880C8E740F68B710C4B0D4A0D48F8F7A3
:10A220005BF900BFF896012020970120509701208C
:10A23000189701209497012068970120009701202A
:10A240001097012000ED00E0F8970120A0ED01003B
:10A25000240402002CEC01000C97012008B560B129
:10A260000E4B1A6801321A601B68012B0ED10021B7
:10A27000FFF7D8FBFFF712FF38B94FF08052084BB9
:10A280005A60BFF34F8FBFF36F8F08BD40F68E113A
:10A29000044B054A0548F8F71FF900BFF89601205E
:10A2A00000ED00E0E8ED0100580402002CEC010094
:10A2B000014B1868704700BF1C97012008B5E8F7EC
:10A2C000CFF9014B186808BD1C970120014B186895
:10A2D000704700BF20970120054B1B680BB9FFF7A3
:10A2E000A7BC044A0020136801331360704700BF05
:10A2F000F89601201097012038B51A4B1B681BB146
:10A300000122194B1A6038BD174A184C1360236894
:10A31000174803EB830250F82250990000EB8202A9
:10A320003DB9C3B152F8141C013B09B9143AF8E71E
:10A330009900CA1800EB820108464A680830526842
:10A3400082424A6004BFCA684A60D26809490A600A
:10A3500023600B6838BD41F2FA31074B074A0848C1
:10A36000F8F7BAF8F89601200C9701201897012009
:10A3700094970120F897012004EE0100FC030200ED
:10A380002CEC010070B504462C4EE8F7A1F8002C27
:10A3900039D0251D2846FEF755FDA36A1BB104F1EF
:10A3A0001800FEF74FFD29462548FEF727FD94F8D3
:10A3B0007430244D012B04BF002384F87430E8F777
:10A3C000AFF82B688BB93368A34200D070BD2B68FF
:10A3D00003B31D4B1B684BBB4FF080521B4B5A60A5
:10A3E000BFF34F8FBFF36F8F70BDE8F771F8184B55
:10A3F0001A6812684AB11A68164BD26812681A6055
:10A40000E8F78EF8DFE73468C3E74FF0FF32114B0F
:10A410001A60F5E710490A4A09681268914201D1A9
:10A42000336070BDBDE87040FFF766BF40F6A841DD
:10A430000A4B0B4A0B48F8F74FF800BFF89701207A
:10A440002497012014970120F896012000ED00E0E8
:10A4500068970120009701202097012070ED0100EE
:10A46000480402002CEC010010B558B10C46094B11
:10A4700019681831FEF7CEFC2046BDE810400121D6
:10A48000FFF7D0BA4FF4A451034B044A0448F8F73D
:10A4900023F800BFF897012014EE0100E403020046
:10A4A0002CEC0100F8B50346F0B11046154A1268CD
:10A4B0000AB3154C41F00041226891615A68216845
:10A4C0002768CA612568216826689468183518319C
:10A4D0003C62656091600121B3621A680A441A60A7
:10A4E000BDE8F840FFF79EBA41F29E41074B084A8B
:10A4F0000848F7F7F1FF41F2A241074B044A05482B
:10A50000F7F7EAFFF8960120F897012014EE010012
:10A51000C40302002CEC010020EE0100F8B5034654
:10A52000F8B108461146124C5A682568D4F800C0A4
:10A53000EA6126682568276805F1180495681836C9
:10A54000CCF820506E609460BB621A68002902F15A
:10A5500001021A6018BF4FF0FF30BDE8F840FFF766
:10A5600061BA41F2BE41034B034A0448F7F7B4FF16
:10A57000F897012014EE0100A40302002CEC010066
:10A5800038B5C368DB68002B5BD0D3E907019A6A52
:10A590008160DC6903F118004C6051682C4C8142E9
:10A5A00008BF196A246808BF5160002199621168C8
:10A5B00001391160ACB1274A5468DC61A1681962A5
:10A5C00048601168A06001319A6211602249DA6A1C
:10A5D0000B68DB6A9A4232D90123204A184613607D
:10A5E00038BD5A69D3E9020181609C68181D4C602E
:10A5F00051681B4C814208BFD968256808BF51606B
:10A6000000215961116801391160DA6A1549AA42BD
:10A6100088BF226002EB820201EB820252689A60DC
:10A620009468DC6060609060DA6A02EB820201EBA1
:10A63000820058619200885801308850C6E7002097
:10A6400038BD41F2F541084B084A0948F7F744FF85
:10A65000F896012050970120F89701200C970120CF
:10A6600018970120949701204CEE01008803020006
:10A670002CEC010038B52F4B1B68002B53D0C3685E
:10A6800041F000410160002B46D0D0E90141026950
:10A69000A16044684C6051681C1D814204BF816800
:10A6A0005160002101611168013911605A69D3E9D3
:10A6B000020181609868486051681F48A14208BF44
:10A6C000D968056808BF51600021596111680139D6
:10A6D0001160DA6A1949AA4288BF026002EB82025D
:10A6E00001EB820252689A609068D860446094607E
:10A6F000DA6A134C02EB820201EB8200586192008D
:10A700008858246801308850DA6AE36A9A4202D98C
:10A7100001220C4B1A6038BD41F24E510A4B0B4AD4
:10A720000B48F7F7D9FE41F243510A4B074A084854
:10A73000F7F7D2FEF8960120189701209497012090
:10A74000F89701200C9701204CEE010064030200F1
:10A750002CEC010020EE0100034A044B12681B6838
:10A76000C0E90023704700BF089701201C97012013
:10A77000F8B550B30D4679B30446E7F7A9FE2B6848
:10A78000194A581C11681BD0D4E90060DFF86CC06E
:10A79000DCF80070BE4208D0884206D800230124AD
:10A7A0002B60E7F7BDFE2046F8BD0F1ABB42F5D976
:10A7B0005B1ADCF80010126803442B60C4E9001235
:10A7C0000024E7F7ADFE2046F8BD41F2A551074B46
:10A7D000074A0848F7F780FE41F2A651064B044AA3
:10A7E0000448F7F779FE00BF1C9701205CEE0100DA
:10A7F0004C0302002CEC010068EE010008970120D8
:10A800000122014B1A6070470C970120042904D8DB
:10A8100020B100EB8100C2657047704708B5074B57
:10A82000186818B100EB8100C26508BD41F23F71A4
:10A83000034B044A0448F7F74FFE00BFF897012086
:10A8400078EE0100280302002CEC010004290AD84C
:10A8500018B100EB8100C06D7047044B186800EB25
:10A860008100C06D70470020704700BFF89701203D
:10A87000014B1868704700BFF8970120054B1B6813
:10A8800033B1054B1868B0FA80F0400940007047BA
:10A890000120704714970120F8960120F8B504466E
:10A8A000C8B1224DC36A2A68D26A934214D282691F
:10A8B000002A04DB2A68D26AC2F1050282611C4EBA
:10A8C000626903EB830306EB83039A420CD02B6887
:10A8D000DB6AE3620120F8BD2B68406DDB6A9842B9
:10A8E0002CBF00200120F8BD271D3846FEF7AAFA2C
:10A8F000104A2B681168DB6A8B42E36288BF1360E1
:10A9000003EB830306EB83035B68A3609A68E26052
:10A9100057609F60E36A03EB830306EB8302626187
:10A920009B00F2580132F250D4E700BFF8970120A3
:10A93000949701201897012088B138B5224B04461E
:10A940001B68834232D19B6D002B36D0C16A426DA9
:10A95000013B9142836500D01BB1002038BD00202F
:10A960007047051D2846FEF76DFA636D174AC3F15F
:10A970000500A06101201168E3628B4288BF13606B
:10A98000134A03EB830302EB83035B68A3609968BC
:10A99000E1604D609D60E36A03EB830302EB83019A
:10A9A00061619B00D1580144D15038BD41F6282146
:10A9B000084B094A0948F7F78FFD41F62921084B52
:10A9C000054A0648F7F788FDF897012018970120F7
:10A9D0009497012090EE0100100302002CEC01007E
:10A9E000A8EE010070B170B5826D0446002A3CD01B
:10A9F000406DE36A814238BF01468B4201D0012A93
:10AA000001D070BD7047204A1268A24234D0A269BA
:10AA10001E4D002A03EB83036269E16205EB8303A9
:10AA2000A4BFC1F10501A1619A42EAD1261D3046B9
:10AA3000FEF708FA164AE36A11688B4288BF136072
:10AA400003EB830305EB83035B68A3609A68E26012
:10AA500056609E60E36A03EB830305EB8302626149
:10AA60009B00EA580132EA5070BD41F68621094B3D
:10AA7000094A0A48F7F730FD41F6A121084B064A7A
:10AA80000648F7F729FD00BFF897012094970120A9
:10AA900018970120A8EE0100EC0202002CEC010046
:10AAA000C0EE0100044A116813681268DB6A886905
:10AAB000C3F1050393617047F8970120034B1868B1
:10AAC00010B1836D01338365704700BFF897012093
:10AAD000F8B500283CD11546214A0E4613680133CB
:10AAE0001360204CE7F7F4FC23681B6F23B90127A0
:10AAF000236883F87470A5B9E7F712FDFFF7CEFA63
:10AB0000E7F7E6FC23681D6F1DB1EEB10022236854
:10AB10001A670022236883F87420E7F701FD2846AE
:10AB2000F8BDE7F7FDFC39462846FEF77BFFFFF747
:10AB3000B5FA0028E4D14FF080520B4B5A60BFF3B6
:10AB40004F8FBFF36F8FDBE723686A1E1A67E0E75A
:10AB500041F6C751054B064A0648F7F7BDFC00BF52
:10AB6000F8960120F897012000ED00E0D8EE0100F2
:10AB7000D40202002CEC01002DE9F843089E0028C5
:10AB80004CD19046294A1D4613680F460133136085
:10AB9000274CE7F79DFC236893F87430022B0AD00A
:10ABA0004FF001092268136F23EA07031367236834
:10ABB00083F87490C6B9E7F7B3FCFFF76FFAE7F7CD
:10ABC00087FC15B123681B6F2B60236893F87430E2
:10ABD000022B1CD000250022236883F87420E7F79D
:10ABE0009FFC2846BDE8F883E7F79AFC49463046C3
:10ABF000FEF718FFFFF752FA0028E0D14FF080521D
:10AC00000C4B5A60BFF34F8FBFF36F8FD7E72268AB
:10AC10000125136F23EA08031367DCE741F62F6170
:10AC2000054B064A0648F7F757FC00BFF896012087
:10AC3000F897012000ED00E0D8EE0100BC02020010
:10AC40002CEC0100F8B5069E002968D104460028C6
:10AC50006CD017461D46E7F73BFC0EB1236F3360FF
:10AC6000022294F8743084F87420DBB2042D6BD87F
:10AC7000DFE805F0045149034D002767012B04D09C
:10AC80000124E7F74DFC2046F8BD6369D4E90212C0
:10AC90008A60A068211D50605A6831488A4208BF06
:10ACA000E268056808BF5A60002262611A68013ACA
:10ACB0001A60E36A2B4AAB4288BF036003EB83034D
:10ACC00002EB83035B68A3609868E0604160996071
:10ACD000E36A03EB830302EB830161619B00D158BC
:10ACE0000131D150A36A43BB1F4AE36A1268D26A9A
:10ACF0009A42C5D24FF080521C4B5A60BFF34F8F1F
:10AD0000BFF36F8FBCE7226F01322267B6E7022BD9
:10AD1000B3D10024B5E7226F3A432267AEE741F68C
:10AD2000A461134B134A1448F7F7D6FB41F6A5610B
:10AD3000124B104A1048F7F7CFFB41F6E961104B70
:10AD40000C4A0D48F7F7C8FB0E4A1268002A95D046
:10AD500041F6DA610C4B074A0748F7F7BDFB00BF25
:10AD60001897012094970120F897012000ED00E04A
:10AD7000F0EE0100A80202002CEC010008EF010037
:10AD800038EF01001C97012018EF0100F8B5069F6D
:10AD9000002800F0878000297DD116461D46044614
:10ADA000E7F75EFCEFF31182102383F311880FB1F4
:10ADB000236F3B60022194F8743084F87410DBB286
:10ADC000042D7DD8DFE805F004554D0351002667BA
:10ADD000012B03D0012082F31188F8BDA36A002B58
:10ADE00067D13D4B1B68002B47D1D4E90201636951
:10ADF0008160A068394D48605968201D814208BFB4
:10AE0000E1682E6808BF5960002161611968013945
:10AE10001960E36A3249B34288BF2B6003EB8303B6
:10AE200001EB83035B68A3609D68E56068609860E0
:10AE3000E36A03EB8303980001EB830363610B5820
:10AE400001330B50274BE16A1B68DB6A9942C1D979
:10AE5000079B13B1012307990B600121224B196055
:10AE6000B8E7216F01312167B2E7022BAFD1002093
:10AE7000B1E7216F31432167AAE71C4B5968186875
:10AE8000E1618D680130186004F118002562686086
:10AE90008860A362D6E741F61F71154B154A164824
:10AEA000F7F71AFB41F61E71144B124A1248F7F7D6
:10AEB00013FB41F67471124B0E4A0F48F7F70CFB67
:10AEC00010490968002983D041F669710E4B094A7F
:10AED0000948F7F701FB00BFF896012018970120F9
:10AEE00094970120F89701200C970120509701209A
:10AEF000F0EE01008C0202002CEC010008EF0100D2
:10AF000038EF01001C97012018EF010070B50028F0
:10AF100067D000296CD104461546E7F7A1FBEFF393
:10AF20001182102383F31188022394F8741084F89B
:10AF30007430236F012903F10103236702D082F3E8
:10AF4000118870BDA36A002B59D1304B1B68DBB14F
:10AF50002F4B59681868E1618E680130186004F160
:10AF60001800266270608860A3622A4BE16A1B6841
:10AF7000DB6A9942E3D90DB101232B600121264BF5
:10AF8000196082F3118870BD6369D4E902018160A0
:10AF9000A06848605968201D814204BFE16859607B
:10AFA000002161611968013919601C49E36A0E6862
:10AFB000B34288BF0B601A4903EB830301EB8303A1
:10AFC0005B68A3609E68E66070609860E36A03EB6C
:10AFD000830301EB830060619B00C8580130C850B7
:10AFE000C3E74FF4FE510F4B0F4A1048F7F774FABE
:10AFF00041F6C1710E4B0C4A0C48F7F76DFA41F659
:10B00000EA710C4B084A0948F7F766FAF8960120EE
:10B0100050970120F89701200C97012018970120E4
:10B020009497012008EF01006C0202002CEC010053
:10B03000F0EE010038EF0100F0B5124C83B0E7F7F5
:10B0400047FA256825B103B0BDE8F040E7F768BAD4
:10B050000D4E0E4F3046FDF7C1FE3846FDF7BEFEE1
:10B060000B490C4B00950A201F600E600A4B0C2107
:10B070000A4AFDF7D9FF20600028E4D00849FEF70E
:10B08000E3FBE0E7C4980120E4980120D098012078
:10B09000CC980120C8980120FC97012044980120F9
:10B0A00078EF010008B540F2A911024B024A0348AB
:10B0B000F7F712FA80EF0100000502009CEF010093
:10B0C0002DE9F047DFF884900546D9F800300F46A7
:10B0D000DB68DC6804F104084046FDF7B3FE94F831
:10B0E00024305A070ED423F0010384F8243020467C
:10B0F000236ABDE8F047184793421BD82046236ACD
:10B1000098473546A3697A1BEE182CBF0121002110
:10B11000B74266602461EFD2AF4201D20029EDD080
:10B12000D9F800004146FDF775FE2046236ABDE8C8
:10B13000F0471847044B41461868FDF76BFE204660
:10B14000236ABDE8F0471847C8980120CC98012031
:10B150002DE9F04F00278F4D8F4E904CDFF8508235
:10B1600085B02B68D3F800B0BBF1000F00F0BA80B7
:10B17000DB68D3F800B0FEF789FFFFF799F8336872
:10B180008246834243D88345306040F2C780002224
:10B190002068ABEB0A01FEF789FBFEF77FFF38B9A9
:10B1A0004FF080537E4A5360BFF34F8FBFF36F8FD2
:10B1B000CDE9017703970022206801A9FEF760F925
:10B1C0000028CED0019B002BF5DBDDF80CA0DAF8CF
:10B1D00014301BB10AF10400FDF734FEFFF768F8E4
:10B1E00033688346984226D3019BC6F800B0013BE2
:10B1F000082BE0D8DFE803F029294D546D29294DAB
:10B200005400DB684FF0FF311868FFF759FF2B68D7
:10B210001A68002AF5D1D8F80020C6F800A02A60E4
:10B22000C8F80030FEF73AFFC2E7DB684FF0FF31A5
:10B230001868FFF745FF2B681A68002AF5D1D8F87F
:10B240000020C8F800302A60CEE79AF82410029A4D
:10B25000DAF8183041F001008AF82400D0182CBF29
:10B260004FF0010C4FF0000C5845CAF80400CAF822
:10B2700010A048D8ABEB0202934223D84A0758D417
:10B2800021F001018AF824105046DAF8203098475E
:10B2900091E79AF8243023F001038AF824308AE7F2
:10B2A0009AF82420029B42F001028AF82420CAF86E
:10B2B0001830002B67D05B445B45CAF80430CAF8ED
:10B2C00010A025D8D8F800000AF10401FDF7A2FD6E
:10B2D00071E79AF824309A0727D523F001038AF8FA
:10B2E000243068E7FEF7D2FEFEF7E2FF33688246BD
:10B2F00098428CD3D8F80030C6F800A01A68B2FA89
:10B3000082F2520944E75A4502D9BCF1000FB5D088
:10B3100028680AF10401FDF77DFD4CE7FEF7BEFE4B
:10B3200051465846FFF7CCFE42E75046FDF764FB16
:10B3300041E7029A1A440AE0ABEB020293421BD89F
:10B34000DAF82030504698474A46DAF8183013EBBE
:10B3500002092CBF01200020CB45CAF80490CAF88E
:10B3600010A0E9D2934501D20028E9D028680AF15B
:10B370000401FDF74FFD87E7D8F800000AF104014A
:10B38000FDF748FD80E74FF48261064B064A074807
:10B39000F7F7A2F8CC980120BC980120C4980120AE
:10B3A00000ED00E0D0EF0100180502009CEF010065
:10B3B000C898012010B588B0FFF73EFE114B1B68FE
:10B3C000CBB1002407AA06A905A8CDE90544E6F7F4
:10B3D0007DFF03222346059C00920294069C0A49A5
:10B3E0000A48079A0194FEF7F1FC094B186010B166
:10B3F000012008B010BD4FF4A371064B064A074860
:10B40000F7F76AF8C4980120F8EF010051B1010084
:10B41000C098012000F00100340502009CEF0100FB
:10B420002DE9F041282582B001951F46019B099C1A
:10B43000282B27D1019BF4B102230D4684F8243038
:10B44000B9B180461646FFF7F7FD089BC4E90657D9
:10B45000C4F800802362201DFDF7CCFC2EB194F8C7
:10B46000243043F0040384F82430204602B0BDE8C1
:10B47000F081FFF717FE40F28911064B064A074894
:10B48000F7F72AF840F28311054B034A0348F7F710
:10B4900023F800BF24F00100EC0402009CEF01003F
:10B4A00008F0010010B584B0F0B1164C2368C3B1A8
:10B4B0000529CDE9011203901DDCFFF7DFF9022811
:10B4C0004FF0000306D01A46206801A9FDF75AFE86
:10B4D00004B010BD069A206801A9FDF753FE04B020
:10B4E00010BD184604B010BD40F2CD11064B074AFE
:10B4F0000748F6F7F1FF4FF4EC71064B034A044896
:10B50000F6F7EAFFC4980120C8EF0100CC0402005E
:10B510009CEF010034F0010030B585B080B11546D4
:10B520001A460E4B0446186840B10529CDE90115AD
:10B5300003940CDD002301A9FDF72EFF05B030BDFB
:10B540004FF40071064B074A0748F6F7C5FF40F273
:10B550000B21064B034A0448F6F7BEFFC4980120AE
:10B56000C8EF0100B00402009CEF010058F0010098
:10B570007BB972B90029BEBF00204FF0004106E040
:10B5800008BF00281CBF6FF000414FF0FF3000F0F3
:10B59000D7B9ADF1080C6DE904CE002909DB002B09
:10B5A0001ADB00F04DF8DDF804E0DDE9022304B019
:10B5B0007047404261EB4101002B1BDB00F040F87B
:10B5C000DDF804E0DDE9022304B0404261EB410113
:10B5D000524263EB43037047524263EB430300F074
:10B5E0002FF8DDF804E0DDE9022304B0404261EB0E
:10B5F00041017047524263EB430300F021F8DDF84C
:10B6000004E0DDE9022304B0524263EB43037047D8
:10B6100053B94AB9002908BF00281CBF4FF0FF31B9
:10B620004FF0FF3000F08CB9ADF1080C6DE904CE9D
:10B6300000F006F8DDF804E0DDE9022304B070470D
:10B640002DE9F04F099D0E4604460F46002B47D1C9
:10B650008A429446B2FA82F35AD943B102FA03FC01
:10B66000C3F120029F409C4020FA02F217434FEAA8
:10B670001C461FFA8CFE220CB7FBF6F106FB117775
:10B6800001FB0EF042EA0742904208D91CEB02028D
:10B6900001F1FF3702D2904200F23C813946121A82
:10B6A000A4B2B2FBF6F006FB102200FB0EFE44EA49
:10B6B0000244A64508D91CEB040400F1FF3202D273
:10B6C000A64500F22A81104640EA0140A4EB0E0490
:10B6D00000211DB1DC400023C5E90043BDE8F08F27
:10B6E0008B4205D90DB1C5E9000100210846F5E7F7
:10B6F000B3FA83F100294FD1B342C0F002818242F4
:10B7000040F2FF800846002DE8D0C5E90047E5E794
:10B71000002B40F0AF808A1A4FEA1C4E1FFA8CF7BC
:10B720000121B2FBFEF60EFB1620220C42EA00427B
:10B7300007FB06F090420FD91CEB020206F1FF381E
:10B740002CBF4FF001094FF00009904203D9B9F125
:10B75000000F00F0DC804646121AA4B2B2FBFEF0E5
:10B760000EFB102200FB07F744EA0244A7420FD960
:10B770001CEB040400F1FF322CBF4FF0010E4FF020
:10B78000000EA74203D9BEF1000F00F0C980104699
:10B79000E41B40EA06409CE7C1F120048B4006FA16
:10B7A00001FC00FA01FE22FA04F7E6408A401F433A
:10B7B00020FA04F34FEA174843EA0C031FFA87FC08
:10B7C0004FEA1349B6FBF8F008FB106649EA064653
:10B7D00000FB0CF9B1450ED9BE1900F1FF3A2CBFA0
:10B7E0004FF0010B4FF0000BB14503D9BBF1000F37
:10B7F00000F0A2805046A6EB09061FFA83F9B6FBBB
:10B80000F8F308FB136603FB0CFC49EA0646B44553
:10B810000ED9BE1903F1FF382CBF4FF001094FF0CC
:10B820000009B44503D9B9F1000F00F08280434606
:10B8300043EA0040A6EB0C06A0FB028C664543469B
:10B84000E14602D307D1C64505D2B8EB02036CEB43
:10B85000070C0138E1465DB1BEEB030266EB090659
:10B8600006FA04F422FA01F3CE401C43C5E900466F
:10B87000002133E702FA03FCC3F1200299409C4007
:10B88000D6404FEA1C4E20FA02F21FFA8CF7B6FBA4
:10B89000FEF00A430EFB1066110C41EA064100FB64
:10B8A00007F68E420ED91CEB010100F1FF382CBFC8
:10B8B0004FF001094FF000098E4202D9B9F1000F93
:10B8C00034D04046891B92B2B1FBFEF60EFB161136
:10B8D00042EA014206FB07F191420ED91CEB02023B
:10B8E00006F1FF382CBF4FF001094FF000099142DB
:10B8F00002D9B9F1000F16D04646521A46EA004165
:10B900000FE7841A66EB030201201746FBE6023EAE
:10B91000624421E702396244C1E664440238D3E656
:10B920006444023834E7023E6244E6E70238614488
:10B93000C8E7023B3E447BE702383E445BE700BF7A
:10B94000704700BF164B10B51C68236BB3B91820A5
:10B9500000F05AF90246206320B9124B52211248D6
:10B96000F6F7BAFD1149124BC0E90013114B002143
:10B9700083600B2383810120C2E90401216B0E48FF
:10B980000B694C690D4A584302FB0400A3FB0232C9
:10B99000013340EB0200C1E9043020F0004010BD4B
:10B9A000840300204A050200610502000E33CDAB7E
:10B9B00034126DE6ECDE05002DF451582D7F954CC8
:10B9C0000CB4184B30B50C1E9DB01D6808DA8B23E3
:10B9D0004FF0FF302B601DB0BDE8304002B0704723
:10B9E0004FF402730290069002A9ADF8143014BF10
:10B9F00004F1FF332346209A2846049307934FF619
:10BA0000FF73ADF8163021AB019300F00FFA431C21
:10BA1000BCBF8B232B60002CDDD0029B00221A7050
:10BA2000D9E700BF840300200EB430B59CB04FF4BA
:10BA300001721FACADF81420029054F8045B06901C
:10BA400000F08FF80B4B2A46039002A90B930023BA
:10BA500007900F9314934FF6FF730748ADF8163015
:10BA600023460068019400F037FB1CB0BDE830406D
:10BA700003B070477DBA01008403002000207047A6
:10BA80000139024410B5904201D1002005E003784D
:10BA900011F8014FA34201D0181B10BD0130F2E78D
:10BAA00002440346934200D1704703F8011BF9E7B3
:10BAB000C9B20346184613F8012B12B18A42F9D1D4
:10BAC0007047002918BF0020704710B56AB10139CE
:10BAD000841810F8012B11F8013F9A4203D1A042BB
:10BAE00001D0002AF5D1D01A10BD1046FCE701396B
:10BAF000034610B532B111F8014F013A03F8014B7A
:10BB0000002CF7D11A440021934200D110BD03F854
:10BB1000011BF9E7014B1868704700BF8403002040
:10BB20007047704710F8012B11F8013B012A28BF1C
:10BB30009A42F7D0D01A7047034611F8012B03F848
:10BB4000012B002AF9D170470A44431E914200D1CB
:10BB5000704710B511F8014B914203F8014FF9D12C
:10BB600010BD034613F8012B002AFBD1181A013827
:10BB70007047000038B50546002941D051F8043C13
:10BB80000C1F002BB8BFE41800F0E8F81D4A13683A
:10BB900033B9636014602846BDE8384000F0E4B86B
:10BBA000A34208D9206821188B4201BF19685B683D
:10BBB00009182160EDE71A465B680BB1A342FAD978
:10BBC00011685018A0420BD1206801445018116030
:10BBD0008342E0D118685B68084453601060DAE77C
:10BBE00002D90C232B60D6E7206821188B4202BFB4
:10BBF00019685B680918636008BF21605460CAE770
:10BC000038BD00BF3C9A0120024B0146186800F085
:10BC100025B800BF8403002070B50F4E0C460546C2
:10BC2000316811B900F034FF30602146284600F039
:10BC30002FFF431C03D14FF0FF34204670BDC41CBE
:10BC400024F00304A042F8D0211A284600F020FF77
:10BC50000130F2D1EFE700BF389A01202DE9F84317
:10BC6000CD1C064625F0030508350C2D38BF0C25E4
:10BC7000002D01DBA94204D90C2333600020BDE86C
:10BC8000F883DFF8D48000F069F8D8F800301C465B
:10BC900044BB29463046FFF7BFFF431C044658D13A
:10BCA000D8F800402746002F43D1002C4BD0236802
:10BCB0003946304604EB030900F0EAFE814542D1E3
:10BCC000216830466D1A2946FFF7A6FF01303AD0A9
:10BCD00023682B442360D8F800305A6862BBC8F848
:10BCE00000700FE02268521B20D40B2A17D961196B
:10BCF000A342256018BF5960636808BFC8F80010E8
:10BD000062514B60304600F02FF804F10B00231D08
:10BD100020F00700C21A1CBF1B1AA350AFE76268CD
:10BD2000A3420CBFC8F800205A60EBE723466468C2
:10BD3000AEE73C467F68B6E71A465B68A342FBD194
:10BD400000235360DEE70C233046336000F00CF82C
:10BD500094E70560D6E700BF3C9A01200148FFF751
:10BD6000DFBE00BF349A01200148FFF7DABE00BFF2
:10BD7000349A01202DE9F0471F468E6882460C4612
:10BD8000BE4290460B682DD8B1F90C2012F4906F8A
:10BD900026D06569096905EB4505A3EB01097B1C04
:10BDA00005EBD5754B446D109D4238BF1D465305BC
:10BDB00027D52946FFF752FF064660B34A46216958
:10BDC000FFF7C2FEA38923F4906343F08003A381AD
:10BDD00026614E446561A5EB090526603E46A560D7
:10BDE000BE4200D93E4632464146206800F036FE4B
:10BDF000A36800209B1BA360236833442360BDE835
:10BE0000F0872A4600F062FE06460028E0D121694C
:10BE10005046FFF7AFFE0C234FF0FF30CAF800305A
:10BE2000A38943F04003A381E9E700002DE9F04F27
:10BE300098468B899DB007461B060D46144610D5C3
:10BE40000B6973B94021FFF709FF2860286130B9F9
:10BE50000C233B604FF0FF301DB0BDE8F08F402356
:10BE60006B610023CDF80C804FF00109DFF8A08151
:10BE7000099320238DF8293030238DF82A3023466A
:10BE80009A4613F8012B0AB1252AF9D1BAEB040B13
:10BE90000BD05B46224629463846FFF76BFF013040
:10BEA00000F0A780099A5A4409929AF80030002BB2
:10BEB00000F09F8000234FF0FF320AF1010A049343
:10BEC00007938DF853301A93CDE905235446052284
:10BED0004F4814F8011B00F0EBFD049AD8B9D006C6
:10BEE00044BF20238DF85330110744BF2B238DF816
:10BEF00053309AF800302A2B15D0079A5446002068
:10BF00004FF00A0C214611F8013B303B092B4BD96D
:10BF1000B0B1079214E0A0EB0803A24609FA03F3BC
:10BF200013430493D2E7039B191D1B68002B039155
:10BF3000BBBF5B4242F0020207930793B8BF049273
:10BF400023782E2B0AD163782A2B32D1039B02341B
:10BF50001A1D1B6843EAE37303920593DFF8C0A040
:10BF600003222178504600F0A3FD38B1A0EB0A006F
:10BF70004022049B013482401343049314F8011BB4
:10BF8000062224488DF8281000F092FD002836D0B3
:10BF9000214B1BBB039B073323F007030833039399
:10BFA000099B334409936AE70CFB02320C460120DB
:10BFB000A8E7002301344FF00A0C194605932046E8
:10BFC00010F8012B303A092A03D9002BC6D005916D
:10BFD000C4E70CFB012104460123F0E703AB2A462A
:10BFE00004A9384600930D4BAFF30080421C06466F
:10BFF000D6D1AB895B063FF52DAF09982CE703AB93
:10C000002A4604A938460093044B00F04DFAEDE7A8
:10C01000BA050200C40502000000000075BD010061
:10C02000C005020038B54B1C144603D14FF0FF3554
:10C03000284638BD9389CDB223F020039381636BEA
:10C0400052688BB1A36B934208DD23685A1E2260AD
:10C0500003F8015C636801336360E9E7214600F09F
:10C06000C6FC0028F1D0E1E72169236851B199426B
:10C0700008D213F8011CA94204D1013B013223600C
:10C080006260D5E7C4E90F3204F14403636303231C
:10C09000A363234603F8465F23600123DCE710B562
:10C0A0000C46496B69B104F14403994201D0FFF792
:10C0B00061FD0020236C6063636013B1E36B236058
:10C0C00010BD23694FF0FF30236000236360A38914
:10C0D00043F02003A381F3E72DE9F04F0C46ADF5C3
:10C0E000237D002106460DF10408A64F0093CDF8EC
:10C0F0001881CDE94411A449A091A449A19192F8D5
:10C100000090B9F1000F00F0588117F80930551C64
:10C1100013F0080319D06368002B0FDD23681A7829
:10C12000BA5C120701D42A46E9E7459A0133013285
:10C13000236045926268013A6260ECE7A19B214668
:10C14000304698470028E9D0EDE7B9F1250F40F0D7
:10C1500086804193439353782A2B04BF1023951C68
:10C160004FF00A0208BF4193AA461AF8011BA1F139
:10C170003003092B1ED9DFF818B20322584600F00D
:10C1800097FC38B1A0EB0B000123419A5546834040
:10C190001343419315F8013B782B06D8572B10D841
:10C1A000252B5CD056D8002B74D0032347930A2349
:10C1B000429387E0439B554602FB0311303943917C
:10C1C000D2E7A3F15802202AEFD801A151F822F0BA
:10C1D000A3C20100ABC10100ABC10100FDC201005F
:10C1E000ABC10100ABC10100ABC10100ABC101009B
:10C1F000ABC10100ABC10100ABC1010013C3010021
:10C20000F9C201005BC201005BC201005BC2010018
:10C21000ABC10100B5C20100ABC10100ABC101005F
:10C22000ABC10100ABC1010023C30100BDC20100CD
:10C230009BC20100ABC10100ABC101001FC30100E3
:10C24000ABC10100F9C20100ABC10100ABC10100EB
:10C25000A3C20100453B022BA7D8052331E0636848
:10C26000002B0DDD23681A784A4540F0A680013383
:10C2700062682360013A459B62600133459352E74F
:10C28000A19B2146304698470028EBD044980028CF
:10C2900040F08B804FF0FF308BE0419A42F020025B
:10C2A0004192419A42F40072419210226E2B4292C6
:10C2B00002D905E000234293032302E008234293BE
:10C2C000042347936368002B3ADD419B590604D44D
:10C2D00023681A78BA5C120739D4479B022B48DCD2
:10C2E0006B46224641A9304600F0FCF9012864D093
:10C2F00002287FF418AFC9E70A22D7E7294640464B
:10C3000000F03CFB419B054643F040034193012371
:10C31000D7E7419B43F0400341930023D1E7022339
:10C32000CFE74198C3063FF5FEAE009BC007459A94
:10C3300003F1040100911B684CBF1A801A60F2E6F9
:10C34000A19B2146304698470028BED09EE7459ADB
:10C35000013245926268013A002A626002DD0133CF
:10C360002360B5E7A19B2146304698470028AFD00F
:10C370008CE7042B0EDC6B46224641A9304600F0C8
:10C380000BFAB3E71506020025C001009FC00100AB
:10C39000C00502000A4B002B3FF4C5AE6B46224697
:10C3A00041A93046AFF30080A0E7A3895B063FF5C3
:10C3B00071AF0DF5237DBDE8F08F4498F9E700BF1C
:10C3C000000000002DE9F047164698468A680746A7
:10C3D0000B690C46DDF820909342B8BF13463360DA
:10C3E00091F843200AB1013333602368990642BFB4
:10C3F000336802333360256815F0060506D104F171
:10C40000190AE36832689B1AAB422BDC94F843307C
:10C410002268003B18BF0123920630D404F1430286
:10C4200041463846C847013023D023681A3454F8AF
:10C430000A2C03F00603042B0ABF54F80E5C0025F7
:10C4400033684FF0000608BFED1A54F8123C08BFDD
:10C4500025EAE5759342C4BF9B1AED18B5421AD17F
:10C46000002008E00123524641463846C8470130C3
:10C4700003D14FF0FF30BDE8F0870135C1E7E11887
:10C480005A1C30200233224481F8430094F84510AE
:10C4900082F84310C2E70123224641463846C84786
:10C4A0000130E6D00136D9E72DE9FF470F7E9146EE
:10C4B00080460C46782F9A460C9E01F1430207D81D
:10C4C000622F0AD8002F00F0D180582F00F0B880DA
:10C4D00004F1420684F842703AE0A7F16303152B99
:10C4E000F6D801A151F823F041C5010055C501005E
:10C4F000D1C40100D1C40100D1C40100D1C40100E4
:10C5000055C50100D1C40100D1C40100D1C401004E
:10C51000D1C4010053C601007FC501000DC6010052
:10C52000D1C40100D1C4010075C60100D1C401000D
:10C530007FC50100D1C40100D1C4010015C60100AE
:10C5400033681A1D1B68326004F1420684F84230D9
:10C5500001239CE033682068191D3160060601D56F
:10C560001D6803E04506FBD5B3F90050002D03DA42
:10C570002D236D4284F8433058480A2311E0216886
:10C580003368080653F8045B02D4490648BFADB2CD
:10C590006F2F3360514814BF0A230823002184F809
:10C5A00043106668002EA66005DB21682E4321F04B
:10C5B000040121604BD01646B5FBF3F103FB115784
:10C5C000C75D06F8017D2F460D46BB42F4D9082B06
:10C5D0000BD12368DF0708D5236961689942DEBF64
:10C5E000302306F8013C06F1FF36921B22614B46D0
:10C5F00003AA21464046CDF800A0FFF7E3FE013034
:10C600004AD14FF0FF3004B0BDE8F087236843F013
:10C610002003236078273248236884F845701F067A
:10C62000316851F8045B02D45F0648BFADB2316097
:10C63000D90744BF43F0200323601DB11023ADE7A9
:10C640002648E9E7236823F020032360F6E716462F
:10C65000BDE733682568181D616930602E061B68C8
:10C6600001D5196002E06806FBD519800023164643
:10C670002361BCE7336800211A1D32601E686268BE
:10C68000304600F015FA08B1801B606063682361D2
:10C69000002384F84330AAE72369324649464046DE
:10C6A000D0470130ADD023689B0713D4E068039BCB
:10C6B0009842B8BF1846A6E701233246494640468D
:10C6C000D04701309DD00135E36803995B1AAB4236
:10C6D000F2DCEBE7002504F11906F5E7CB050200D3
:10C6E000DC0502002DE9F84315468A6880460C46B1
:10C6F00032B98A69002A14BF4FF0FF3201228A60E2
:10C7000022680027DFF88C90D1065FBF1A68111DE0
:10C7100019601668A06988B1012807D12B681A78BA
:10C7200063699B5C53B9002F31D022E0022820D1ED
:10C730002B681B7819F803301B071AD423680137BC
:10C74000DA065EBF2B681B7806F8013B2A686B6827
:10C750000132013B2A60A2686B60013AA26042B1DB
:10C76000002BD7DCD4F88031294640469847002872
:10C77000D0D0236813F0100305D1E2680132E260E3
:10C78000A26902B13370236900203B442361BDE8F4
:10C79000F88300BF150602002DE9F04F984687B0D8
:10C7A000724B0C468246164627464FF0000B93E824
:10C7B000070003AB83E807006D4BA1696D4A0329AD
:10C7C00008BF1A46A36801925A1EB2F5AE7F89BF10
:10C7D0006FF4AE754FF0000903EB050940F25D13ED
:10C7E00088BFA36057F81C3B43F450633D46236069
:10C7F000316803AB0222097853F82B0000F058F996
:10C8000028B3BBF1010F59D162682AB92268082107
:10C8100042F4007261602260226822F4A062226009
:10C82000A268511EA16092B13268511C3160127829
:10C8300005F8012B7268013A002A726007DCD4F80F
:10C840008021314650469047002840F085800BF10A
:10C85000010BBBF1030FCBD163680BB90A236360F3
:10C8600063684FF0000B44496069C91A00F086F80C
:10C87000A3682268002B3DD03168606991F800C040
:10C8800010F80C00002835D0BCF1300F24D1100571
:10C8900022D50BF1010BB9F1000F03D0013309F1DF
:10C8A000FF39A3607368013B002B73601BDD3368A5
:10C8B00001333360A368013BA360D9E7BBF1020FEA
:10C8C000AED1226802F4C061B1F5007FBFD1102162
:10C8D00042F480726160A2E722F4106222600B7859
:10C8E00005F8013BDEE7D4F88031314650469847E1
:10C8F0000028DFD02368D9050DD5BD4209D905F13F
:10C90000FF3915F8011CD4F87C3132464D465046AB
:10C910009847BD4228D0226812F0100213D12A7025
:10C92000394663685046019EB047D8F80030216808
:10C930001A1D11F0200FC8F800201B680FD01860D6
:10C94000E3680133E360ED1B236900205D442B4461
:10C95000236107B0BDE8F08F4FF0000BCAE7CA07AC
:10C960004CBF18801860EBE70120F2E708060200D0
:10C970001DCC0100FDCC0100FD05020070B50B7857
:10C98000044601385E2B04F1FF0513BF4A1C8A1CC4
:10C990004B78002108BF012100F8011FA842FBD1FC
:10C9A0000BB9501E70BD81F001011046E1540246E2
:10C9B00012F8015B2D2D05D05D2D16D0002DF1D084
:10C9C0002B46F2E746785D2EFAD0B342F8DC02300F
:10C9D0001A4601329642A154FBDCF21A5D1C013A60
:10C9E000B342A8BF0022AB18E1E71046DAE72DE911
:10C9F000F0410C46496B04F1440399421AD14FF4BB
:10CA00008061FFF72BF918B94FF0FF30BDE8F081D6
:10CA10004FF48063606300F2FD30A36394F8463006
:10CA2000837094F84530437094F84430037020606C
:10CA30000020EBE7A66B77003A4600F047F8054682
:10CA40000028E1D000EB0608014632464046FFF7D9
:10CA50007BF8C4F80080C4E90D57E9E7884210B5B7
:10CA600001EB020402D98442234607D8431EA142A7
:10CA700008D011F8012B03F8012FF8E70244014612
:10CA80008A4200D110BD13F8014D02F8014DF7E7BD
:10CA900038B50023054D044608462B60F5F72CFEFB
:10CAA000431C02D12B6803B1236038BD309A0120AA
:10CAB000C9B20346024410B59342184601D1002082
:10CAC00003E0047801338C42F6D110BD2DE9F0412A
:10CAD000074614460D4621B91146BDE8F041FFF75F
:10CAE000BDB82AB92546FFF745F82846BDE8F081CC
:10CAF00000F006F98442064602D8B4EB500FF4D891
:10CB000021463846FFF7AAF8804608B94546ECE7C3
:10CB1000B4422246294628BF3246FFF715F8294677
:10CB20003846FFF727F8F1E7242B2DE9F047864632
:10CB3000904601D8012B06D1FEF7ECFF16230360C7
:10CB40000020BDE8F0870D4633482A4615F8014B12
:10CB5000065D16F00806F8D12D2C10D12C78012690
:10CB6000951C33F0100215D1302C0DD12A7802F02B
:10CB7000DF02582A08D16C78023510230AE02B2CEA
:10CB800004BF2C78951CECE7002BF6D1302C14BF99
:10CB90000A23082306F1004C00220CF1FF3C10464A
:10CBA000BCFBF3F903FB19CAA4F13007092F0FD816
:10CBB0003C46A3421BDD571C07D0814514D301D14D
:10CBC000A24511DB00FB0340012215F8014BEBE706
:10CBD000A4F14107192F01D8373CEAE7A4F1610716
:10CBE000192F04D8573CE4E74FF0FF32EDE7531C10
:10CBF00008D122236046CEF80030B8F1000FA0D053
:10CC0000691E06E006B14042B8F1000F99D0002A33
:10CC1000F6D1C8F8001094E715060200FFF784BFAC
:10CC20002DE9F04386460D46334E284615F8014B54
:10CC3000375D17F00807F8D12D2C10D12C7801277B
:10CC4000851C33F0100015D1302C0DD1287800F060
:10CC5000DF00582808D16C78023510230AE02B2C0D
:10CC600004BF2C78851CECE7002BF6D1302C14BFC8
:10CC70000A2308234FF0FF380026B8FBF3F803FB24
:10CC800008F930466FEA0909A4F1300CBCF1090F2C
:10CC900010D86446A3421EDDB6F1FF3F07D08045A1
:10CCA00016D301D1A14513DB00FB0340012615F883
:10CCB000014BE9E7A4F1410CBCF1190F01D8373C55
:10CCC000E8E7A4F1610CBCF1190F04D8573CE1E787
:10CCD0004FF0FF36EBE7731C06D122233046CEF827
:10CCE000003032B9BDE8F08307B14042002AF9D0E4
:10CCF00006B1691E1160F5E715060200FFF790BF47
:10CD000051F8043C181F002BBCBF0B58C0187047CB
:10CD10005465726D696E616C00000000284E554CC0
:10CD20004C290000524D5F4652454552544F535FC7
:10CD3000504C55535F4641545F4F70656E2066619D
:10CD4000696C65640D0A0000524D5F4652454552BC
:10CD5000544F535F504C55535F4641545F4D65648B
:10CD60006961496E6974206661696C65640D0A00C9
:10CD7000524D5F4652454552544F535F504C5553A8
:10CD80005F4641545F4469736B496E697420666104
:10CD9000696C65640D0A00000000000046465F4DA6
:10CDA0006F756E74206661696C65640D0A00000021
:10CDB00046465F46535F416464206661696C656402
:10CDC0000D0A000046465F556E6D6F756E742066E5
:10CDD00061696C65640D0A00524D5F4652454552CB
:10CDE000544F535F504C55535F4641545F446973F1
:10CDF0006B4465696E6974206661696C65640D0ACF
:10CE000000000000524D5F4652454552544F535F5B
:10CE1000504C55535F4641545F436C6F73652066B9
:10CE200061696C65640D0A0046465F506172746901
:10CE300074696F6E206661696C65640D0A0000009C
:10CE400046465F466F726D61744469736B2066611C
:10CE5000696C65640D0A00000D0A202020204469D9
:10CE6000726563746F72793A2025730D0A4D6F6491
:10CE7000652020202020202020202020202020206D
:10CE800020204C617374577269746554696D652014
:10CE900020202020202020204C656E677468204EC2
:10CEA000616D650D0A2D2D2D2D20202020202020A4
:10CEB000202020202020202020202D2D2D2D2D2D24
:10CEC0002D2D2D2D2D2D2D20202020202020202007
:10CED0002D2D2D2D2D2D202D2D2D2D002563256360
:10CEE00025632563256325630000000025642F2545
:10CEF000642F2564000000002532643A2530326436
:10CF00003A2530326400000025367320253137730E
:10CF100020253973202531346C75202573000000DD
:10CF20007200000066665F666F70656E20666F72E5
:10CF30002074686520736F757263652066696C651F
:10CF4000206661696C6564007700000066665F6654
:10CF50006F70656E20666F722074686520646573FB
:10CF600074696E6174696F6E2066696C65206661B4
:10CF7000696C65640000000066665F6677726974BC
:10CF800065206661696C65640000000066665F6626
:10CF9000636C6F736520666F722064657374696E6D
:10CFA0006174696F6E2066696C65206661696C6585
:10CFB0006400000066665F66636C6F736520666F71
:10CFC0007220736F757263652066696C6520666197
:10CFD000696C65640000000066665F66636C6F7371
:10CFE00065206661696C65640000000066665F73B9
:10CFF00074617420666F722074686520736F757237
:10D0000063652066696C65206661696C6564000013
:10D0100066665F7374617420666F72207468652041
:10D0200064657374696E6174696F6E2066696C659E
:10D03000206661696C6564005468652066696C658A
:10D040002073697A6520697320696E636F727265F7
:10D050006374000066665F666F70656E20666F724F
:10D0600020612066696C65206661696C65640000FA
:10D0700066665F73746174206661696C6564000044
:10D080002533732025642025640000004175672046
:10D09000323620323032360025643A25643A25642F
:10D0A0000000000031373A31373A353200000000D5
:10D0B0002F7364004661696C656420746F2063722D
:10D0C000656174652074686520696E7465726E614F
:10D0D0006C206469736B20666F72207468652046EB
:10D0E00041542066696C652073797374656D2E0DEB
:10D0F0000A0000002F757362000000004661696C31
:10D10000656420746F20637265617465207468655E
:10D1100020555342206469736B20666F72207468D7
:10D1200065204641542066696C6520737973746587
:10D130006D2E0D0A000000004661696C6564207464
:10D140006F20726563656976652061206E6F746912
:10D150006669636174696F6E20666F722046415420
:10D16000206576656E74732E000000004661696C60
:10D17000656420746F20676574207468652075731A
:10D18000657220696E7075742E0000004C697374AE
:10D19000696E672074686520726F6F7420646972AD
:10D1A0006563746F7279206F6620746865205553CB
:10D1B00042206469736B2E2E2E000000537461723E
:10D1C00074696E6720555342206469736B20666FE3
:10D1D000726D617474696E672E2E2E005553422055
:10D1E0006469736B20666F726D617474696E672019
:10D1F0006661696C65642E00555342206469736BE7
:10D2000020666F726D617474696E67207761732038
:10D210007375636365737366756C2E004372656125
:10D2200074696E6720616E642077726974696E67D5
:10D23000206461746120746F20612066696C6520D0
:10D240006F6E2074686520555342206469736B2E9D
:10D250002E2E00002F7573622F72615F7573622E20
:10D26000747874004661696C656420746F20637221
:10D270006561746520616E642077726974652064ED
:10D2800061746120746F207468652066696C652E16
:10D290000000000046696C65206372656174696F07
:10D2A0006E20616E642064617461207772697469B4
:10D2B0006E67207765726520737563636573736647
:10D2C000756C2E00436F7079696E67206120666906
:10D2D0006C652066726F6D2074686520555342201E
:10D2E0006469736B20746F2074686520696E74655F
:10D2F000726E616C206469736B2E2E2E000000002C
:10D300002F73642F72615F7573625F636F70792E24
:10D310007478740046696C6520636F707920746F4F
:10D320002074686520696E7465726E616C20646932
:10D33000736B206661696C65642E000046696C65DC
:10D3400020636F707920746F2074686520696E7433
:10D3500065726E616C206469736B207761732073F2
:10D3600075636365737366756C2E00004C69737426
:10D37000696E672074686520726F6F7420646972CB
:10D380006563746F7279206F662074686520696EBA
:10D390007465726E616C206469736B2E2E2E0000B2
:10D3A0005374617274696E6720696E7465726E6120
:10D3B0006C206469736B20666F726D617474696E42
:10D3C000672E2E2E00000000496E7465726E616C2F
:10D3D000206469736B20666F726D617474696E6727
:10D3E000206661696C65642E00000000496E7465FA
:10D3F000726E616C206469736B20666F726D61740C
:10D4000074696E67207761732073756363657373E6
:10D4100066756C2E000000004372656174696E676A
:10D4200020616E642077726974696E67206461742C
:10D430006120746F20612066696C65206F6E2074B6
:10D44000686520696E7465726E616C206469736BC7
:10D450002E2E2E002F73642F72615F73642E7478EA
:10D4600074000000436F7079696E672061206669FF
:10D470006C652066726F6D2074686520696E7465D6
:10D48000726E616C206469736B20746F20746865C0
:10D4900020555342206469736B2E2E2E000000002D
:10D4A0002F7573622F72615F73645F636F70792E83
:10D4B0007478740046696C6520636F707920746FAE
:10D4C0002074686520555342206469736B2066613F
:10D4D000696C65642E00000046696C6520636F709E
:10D4E0007920746F207468652055534220646973F5
:10D4F0006B20776173207375636365737366756CF6
:10D500002E000000496E76616C696420696E70754A
:10D51000742E20506C656173652073656C6563744F
:10D5200020612076616C6964206F7074696F6E2E63
:10D5300000000000555342206469736B20696E73CC
:10D5400065727465642E00004661696C65642074C0
:10D550006F206D6F756E742074686520555342207E
:10D560006469736B2E000000555342206469736B2D
:10D570002072656D6F7665642E0000004661696CEF
:10D58000656420746F20756E6D6F756E742074689D
:10D590006520555342206469736B2E00496E746593
:10D5A000726E616C206469736B20696E736572744E
:10D5B00065642E004661696C656420746F206D6F30
:10D5C000756E742074686520696E7465726E616C26
:10D5D000206469736B2E0000496E7465726E616C15
:10D5E000206469736B2072656D6F7665642E000030
:10D5F0004661696C656420746F20756E6D6F756E21
:10D60000742074686520696E7465726E616C206444
:10D6100069736B2E000000004661696C65642074BC
:10D620006F206F70656E20746865205553422064CA
:10D6300069736B2E000000004661696C656420749C
:10D640006F206F70656E2074686520696E746572F6
:10D650006E616C206469736B2E0000004661696C1A
:10D66000656420746F20636C6F7365207468652037
:10D67000555342206469736B2E0000004661696C4B
:10D68000656420746F20636C6F7365207468652017
:10D69000696E7465726E616C206469736B2E000034
:10D6A0004661696C656420746F206E6F7469667979
:10D6B00020555342204F544720746872656164209E
:10D6C000746F2073776974636820746F2064657663
:10D6D000696365206D6F64652E0000004A616E000D
:10D6E000466562004D617200417072004D617900C3
:10D6F0004A756E004A756C0041756700536570008D
:10D700004F6374004E6F7600446563000D0A5265E6
:10D710007475726E6564204572726F7220436F6417
:10D72000653A203078257820200D0A00312E30000F
:10D730000D0A2A2A2A2A2A2A2A2A2A2A2A2A2A2A86
:10D740002A2A2A2A2A2A2A2A2A2A2A2A2A2A2A2A39
:10D750002A2A2A2A2A2A2A2A2A2A2A2A2A2A2A2A29
:10D760002A2A2A2A2A2A2A2A2A2A2A2A2A2A2A2A19
:10D770002A2A2A2A0D0A2A20202052656E65736102
:10D780007320465350204578616D706C652050724F
:10D790006F6A65637420666F7220555342204F5440
:10D7A00047204D5343204D6F64756C652020202029
:10D7B000202020202020202A0D0A2A202020457801
:10D7C000616D706C652050726F6A65637420566578
:10D7D0007273696F6E202573202020202020202066
:10D7E0002020202020202020202020202020202039
:10D7F000202020202020202020202A0D0A2A20203E
:10D8000020466C657820536F66747761726520508E
:10D8100061636B2056657273696F6E202025642EDC
:10D8200025642E2564202020202020202020202058
:10D8300020202020202020202020202020202020E8
:10D84000202A0D0A2A2A2A2A2A2A2A2A2A2A2A2A7F
:10D850002A2A2A2A2A2A2A2A2A2A2A2A2A2A2A2A28
:10D860002A2A2A2A2A2A2A2A2A2A2A2A2A2A2A2A18
:10D870002A2A2A2A2A2A2A2A2A2A2A2A2A2A2A2A08
:10D880002A2A2A2A2A2A0D0A526566657220746F8E
:10D8900020726561646D652E7478742066696C65AC
:10D8A00020666F72206D6F72652064657461696CAB
:10D8B00073206F6E204578616D706C652050726FBB
:10D8C0006A65637420616E640D0A46535020557377
:10D8D00065722773204D616E75616C20666F7220D2
:10D8E0006D6F726520696E666F726D6174696F6EBF
:10D8F0002061626F757420555342204F5447204D6C
:10D900005343206472697665720D0A000D0A5468EB
:10D910006973206578616D706C652070726F6A65DF
:10D9200063742064656D6F6E7374726174657320C7
:10D93000555342204F5447206F7065726174696F70
:10D940006E73206261736564206F6E207468652059
:10D950005553422062617369630D0A64726976658A
:10D9600072206F6620746865205241204D43552E09
:10D97000205479706963616C6C792C20746865201F
:10D98000524120626F6172642066756E6374696FC4
:10D990006E73206173206120555342204D53432004
:10D9A000636C6173730D0A6465766963652C207519
:10D9B00073696E67207468652053442063617264E4
:10D9C00020617320626C6F636B206D656469612EEA
:10D9D000205768656E20636F6E6E656374656420A2
:10D9E000746F206120504320766961206120555377
:10D9F000420D0A6D6963726F206361626C652C2051
:10DA00007468652066696C652073797374656D2030
:10DA10006F6E2074686520534420636172642069CE
:10DA20007320646973706C61796564206F6E207413
:10DA300068652050432E205768656E20612055533D
:10DA4000420D0A4F5447206361626C652069732060
:10DA5000617474616368656420746F207468652004
:10DA6000524120626F6172642773205553422070C7
:10DA70006F72742C2074686520626F617264207309
:10DA80007769746368657320746F207468652055C6
:10DA900053420D0A4D534320686F737420636C61C9
:10DAA00073732E20496E20686F7374206D6F6465E8
:10DAB0002C20746865205344206361726420616384
:10DAC000747320617320626C6F636B206D65646991
:10DAD000612C20616E64205553422073746F726113
:10DAE00067650D0A6465766963657320636F6E6EA2
:10DAF000656374656420746F2074686520524120EA
:10DB0000626F61726427732055534220706F727484
:10DB100020616C736F2061637420617320626C6F8D
:10DB2000636B206D656469612E20464154206669EF
:10DB30006C650D0A73797374656D206F7065726121
:10DB400074696F6E7320617265207468656E2070F1
:10DB50006572666F726D656420746F206D616E61B1
:10DB600067652066696C6573206F6E207468652038
:10DB700073746F7261676520646576696365732E7F
:10DB80000D0A00000D0A2573000000000D0A455221
:10DB9000524F523A202573000D0A52657475726E09
:10DBA0006564204572726F7220436F64653A20305D
:10DBB0007825780D0A0000000D0A0D0A53656C6582
:10DBC000637420612066696C652073797374656D78
:10DBD000206F7065726174696F6E3A0D0A202020A3
:10DBE000312E20555342206469736B3A204C69737F
:10DBF0007420555342206469736B206469726563B5
:10DC0000746F72790D0A202020322E205553422045
:10DC10006469736B3A20466F726D6174205553428C
:10DC2000206469736B0D0A202020332E2055534247
:10DC3000206469736B3A2043726561746520616E7C
:10DC400064207772697465206461746120746F2048
:10DC5000612066696C65206F6E20555342206469AF
:10DC6000736B0D0A202020342E2055534220646906
:10DC7000736B3A20436F707920612066696C652070
:10DC800066726F6D20555342206469736B20746F08
:10DC900020534420636172640D0A202020352E2019
:10DCA000534420636172643A204C69737420534476
:10DCB0002063617264206469726563746F72790DA8
:10DCC0000A202020362E20534420636172643A20BB
:10DCD000466F726D617420534420636172640D0A53
:10DCE000202020372E20534420636172643A204361
:10DCF000726561746520616E642077726974652055
:10DD00006461746120746F20612066696C65206FA6
:10DD10006E20534420636172640D0A202020382E47
:10DD200020534420636172643A20436F707920610C
:10DD30002066696C652066726F6D205344206361B4
:10DD4000726420746F20555342206469736B0D0A0E
:10DD50002020205573657220696E7075743A200D0D
:10DD60000A0000000D0A556E737570706F7274654D
:10DD700064206D65737361676520747970652E002A
:10DD80004661696C656420746F20696E69746961AD
:10DD90006C697A65204672656552544F532046413E
:10DDA0005420666F722055534220486F73742E00C2
:10DDB0004661696C656420746F206F70656E2055D4
:10DDC00053422E004661696C656420746F206F7049
:10DDD000656E2055534220696E20446576696365FF
:10DDE000206D6F64652E00002A2A2A2A2A2A2A2AF0
:10DDF0002A2A2A2A2A2A2A2A2A2A2A2A2A2A2A2A83
:10DE00002A2A2A2A2A2A2A2A2A2A2A2A2A2A2A2A72
:10DE10002A2A2A2A2A2A2A2A2A2A2A2A2A2A2A2A62
:10DE20000000000055534220696E697469616C6995
:10DE30007A656420696E20446576696365206D6F3C
:10DE400064652E0D0A0000004661696C65642074EB
:10DE50006F20696E697469616C697A6520555342F7
:10DE6000204F54472049442070696E20696E7465C4
:10DE700072727570742E00004661696C656420745E
:10DE80006F20656E61626C6520555342204F544788
:10DE90002049442070696E20696E746572727570D5
:10DEA000742E00004661696C656420746F206E6F8B
:10DEB0007469667920555342204F54472074687224
:10DEC00065616420746F2073776974636820746F70
:10DED00020486F7374206D6F64652E005553422087
:10DEE0004F54472073746172747570206661696C59
:10DEF000656421004661696C656420746F207265F9
:10DF00006365697665206E6F7469666963617469BB
:10DF10006F6E20666F7220555342204F5447206524
:10DF200076656E74732E0000555342204465766901
:10DF30006365206D6F64653A204174746163686540
:10DF40006420746F20612055534220686F73742ED3
:10DF50000000000055534220446576696365206DDA
:10DF60006F64653A20446574616368656420667215
:10DF70006F6D207468652055534220686F73742E4E
:10DF8000000000004661696C656420746F2073773F
:10DF9000697463682055534220746F204465766924
:10DFA0006365206D6F64652E000000005468652075
:10DFB000555342206D6F6465206368616E676564C8
:10DFC00020746F204465766963652E0D0A00000099
:10DFD0004661696C656420746F2073776974636847
:10DFE0002055534220746F20486F7374206D6F6406
:10DFF000652E000054686520555342206D6F64659E
:10E00000206368616E67656420746F20486F737465
:10E010002E0D0A004661696C656420746F206E6F76
:10E020007469667920464154207468726561642081
:10E03000746F206F70656E20616C6C206469736B07
:10E04000732E000054696D657220555342204F5461
:10E050004720495251204465626F756E6365000028
:10E0600053797374656D2054696D6572000000000A
:10E070004641542054687265616400005445524D15
:10E080002054687265616400555342204F54472004
:10E090004D534320546872656164000075635356A4
:10E0A000434E756D626572203C3D203300000000D8
:10E0B0002E2E2F72612F6673702F7372632F726D05
:10E0C0005F6672656572746F735F706F72742F70C4
:10E0D0006F72742E630000002828285343425F5457
:10E0E000797065202A29202828307845303030453D
:10E0F000303030554C29202B20307830443030558A
:10E100004C2920292D3E494353522026202830787F
:10E11000314646554C202929203D3D203000000045
:10E120007578437269746963616C4E657374696E66
:10E1300067000000756C43757272656E7450726989
:10E140006F72697479203E3D2028282828312929BA
:10E15000203C3C202838202D2034292929203E3EEF
:10E16000202838202D203429000000005F5F4E5603
:10E1700049435F4765745072696F72697479477279
:10E180006F7570696E672829203C3D202838202D46
:10E19000203429202D203100707853656D6170681E
:10E1A0006F7265002E2E2F72612F6673702F73723F
:10E1B000632F726D5F6672656572746F735F706CEA
:10E1C00075735F6661742F66665F6C6F636B696EF3
:10E1D000672E63002820784576656E7447726F75E8
:10E1E00070436C65617242697473282028207078CE
:10E1F000494F4D616E616765722D3E784576656E5B
:10E200007447726F757020292C2030202920262019
:10E2100028202820636F6E7374204576656E7442E3
:10E220006974735F742029203078303220292029C6
:10E23000203D3D203000000028207078494F4D617E
:10E240006E616765722D3E70764641544C6F636B0C
:10E2500048616E646C6520213D202828766F6964D2
:10E26000202A293029202920262620282070784994
:10E270004F4D616E616765722D3E70764641544C1C
:10E280006F636B48616E646C65203D3D2068616E14
:10E29000646C65202900000046465F4861735F4C4E
:10E2A0006F636B28207078494F4D616E61676572AE
:10E2B0002C20307830312029203D3D202820282076
:10E2C00042617365547970655F742029203020297C
:10E2D000000000002820784576656E7447726F75DF
:10E2E00070436C65617242697473282028207078CD
:10E2F000494F4D616E616765722D3E784576656E5A
:10E300007447726F757020292C2030202920262018
:10E3100028202820636F6E7374204576656E7442E2
:10E320006974735F742029203078303120292029C6
:10E33000203D3D203000000056656E646F72202045
:10E34000000000004D6173732053746F7261676544
:10E3500020202020000000004843445F54534B001D
:10E360004D47525F54534B005043445F54534B004E
:10E37000504D53435F54534B0000000024252D5F44
:10E38000407E602128297B7D5E23260025640000D5
:10E3900025303458000000004641543332202020FC
:10E3A000000000004D59204E414D45202020200006
:10E3B000464154313620202000000000707842751C
:10E3C000666665722D3E75734E756D48616E646C40
:10E3D000657320213D2030002E2E2F72612F667232
:10E3E000656572746F732F4C61622D50726F6A6530
:10E3F00063742D4672656552544F532D4641542F18
:10E4000066665F696F6D616E2E6300004546492048
:10E410005041525400000000257300002E2E0000D1
:10E420002E0000007078576F726B696E67446972D6
:10E430006563746F727900002E2E2F72612F6672E1
:10E44000656572746F732F4C61622D50726F6A65CF
:10E4500063742D4672656552544F532D4641542FB7
:10E4600066665F737464696F2E6300002F25730006
:10E4700025732F257300000070784469736B0000CA
:10E480002E2E2F72612F6672656572746F732F4C1A
:10E4900061622D50726F6A6563742D4672656552B4
:10E4A000544F532D4641542F66665F7379732E6324
:10E4B000000000002820282075696E74385F7420E1
:10E4C0002A20292028207078426C6F636B20292035
:10E4D0003E3D202628207563486561705B20302012
:10E4E0005D20292029202626202820282075696ED5
:10E4F00074385F74202A20292028207078426C6F9D
:10E50000636B2029203C3D202628207563486561E7
:10E51000705B2028363535333629202D2031205D9B
:10E5200020292029000000002E2E2F72612F6177F4
:10E53000732F4672656552544F532F46726565526C
:10E54000544F532F536F757263652F706F727461E0
:10E55000626C652F4D656D4D616E672F68656170EA
:10E560005F342E63000000002820282075696E7437
:10E57000385F74202A20292028207076526574750F
:10E58000726E2029203E3D20262820756348656153
:10E59000705B2030205D202920292026262028207D
:10E5A000282075696E74385F74202A20292028205D
:10E5B000707652657475726E2029203C3D202628A5
:10E5C000207563486561705B202836353533362900
:10E5D000202D2031205D20292029000028202820FE
:10E5E0007078426C6F636B2D3E78426C6F636B5337
:10E5F000697A652029203C2028207857616E74654F
:10E600006453697A6520292029203D3D203000008F
:10E6100028202820282073697A655F7420292070BB
:10E62000784E6577426C6F636B4C696E6B20292066
:10E630002620282030783030303720292029203DEE
:10E640003D20300028202820282073697A655F74D7
:10E65000202920707652657475726E20292026203C
:10E66000282073697A655F7420292028203078304B
:10E6700030303720292029203D3D20300000000087
:10E680002820282075696E74385F74202A2029207C
:10E69000282070784C696E6B2029203E3D2026286A
:10E6A000207563486561705B2030205D202920293A
:10E6B000202626202820282075696E74385F742053
:10E6C0002A202920282070784C696E6B2029203C54
:10E6D0003D202628207563486561705B202836350B
:10E6E00035333629202D2031205D202920290000B6
:10E6F00028202820282070784C696E6B2D3E7842A7
:10E700006C6F636B53697A652029202620282028A6
:10E7100020282073697A655F742029203120292000
:10E720003C3C202820282073697A656F6628207376
:10E73000697A655F742029202A202820282073699F
:10E740007A655F742029203820292029202D203146
:10E7500020292029202920213D2030202920213D49
:10E760002030000070784C696E6B2D3E70784E65DD
:10E77000787446726565426C6F636B203D3D20285E
:10E7800028766F6964202A29302900002820282053
:10E7900075696E74385F74202A20292028207078CB
:10E7A0004974657261746F722029203E3D202628CD
:10E7B000207563486561705B2030205D2029202929
:10E7C000202626202820282075696E74385F742042
:10E7D0002A202920282070784974657261746F722C
:10E7E0002029203C3D202628207563486561705B08
:10E7F0002028363535333629202D2031205D20293B
:10E80000202900002820757842697473546F436C86
:10E810006561722026202820282075696E743332A5
:10E820005F742029203078666630303030303055C3
:10E8300020292029203D3D20300000002E2E2F725F
:10E84000612F6177732F4672656552544F532F467F
:10E8500072656552544F532F536F757263652F6500
:10E8600076656E745F67726F7570732E630000005B
:10E87000784576656E7447726F75700028207578DC
:10E8800042697473546F57616974466F7220262011
:10E890002820282075696E7433325F742029203057
:10E8A0007866663030303030305520292029203DC0
:10E8B0003D203000757842697473546F57616974F4
:10E8C000466F7220213D20300000000021282028C2
:10E8D00020785461736B4765745363686564756C25
:10E8E000657253746174652829203D3D20282028D5
:10E8F0002042617365547970655F7420292030204F
:10E90000292029202626202820785469636B7354F7
:10E910006F5761697420213D203020292029000093
:10E920002820757842697473546F536574202620CB
:10E930002820282075696E7433325F7420292030B6
:10E940007866663030303030305520292029203D1F
:10E950003D20300070784576656E744269747300AE
:10E9600070785461736B7357616974696E67466F31
:10E9700072426974732D3E784C697374456E642ECF
:10E9800070784E65787420213D202820636F6E7367
:10E9900074204C6973744974656D5F74202A202952
:10E9A0002026282070785461736B735761697469ED
:10E9B0006E67466F72426974732D3E784C6973744A
:10E9C000456E64202900000078517565756500006A
:10E9D0002E2E2F72612F6177732F46726565525408
:10E9E0004F532F4672656552544F532F536F7572B4
:10E9F00063652F71756575652E63000070785175BC
:10EA0000657565007852657475726E20213D202809
:10EA1000202820282042617365547970655F742036
:10EA2000292030202920290070785374617469638B
:10EA300051756575650000007853697A65203D3D24
:10EA40002073697A656F66282051756575655F74F6
:10EA50002029000070784E65775175657565000056
:10EA60007848616E646C6500212820282070764902
:10EA700074656D546F5175657565203D3D2028287E
:10EA8000766F6964202A293029202920262620280B
:10EA900020707851756575652D3E75784974656D82
:10EAA00053697A6520213D202820554261736554C1
:10EAB0007970655F742029203055202920290000B5
:10EAC000212820282078436F7079506F736974690A
:10EAD0006F6E203D3D2028202820426173655479C7
:10EAE00070655F74202920322029202920262620C5
:10EAF0002820707851756575652D3E75784C656E6A
:10EB000067746820213D2031202920290000000061
:10EB100070784D757465780028206354784C6F6365
:10EB20006B202920213D2028202820696E74385F21
:10EB30007420292031323720290000007078517567
:10EB40006575652D3E75784974656D53697A6520E4
:10EB50003D3D203000000000212820282070785101
:10EB6000756575652D3E706348656164203D3D2087
:10EB70002828766F6964202A293029202920262612
:10EB8000202820707851756575652D3E752E785357
:10EB9000656D6170686F72652E784D757465784823
:10EBA0006F6C64657220213D202828766F6964208F
:10EBB0002A293029202920290000000028207078E7
:10EBC000517565756520290021282028202820708E
:10EBD000764275666665722029203D3D202828769C
:10EBE0006F6964202A293029202920262620282000
:10EBF00028207078517565756520292D3E757849F6
:10EC000074656D53697A6520213D20282055426145
:10EC10007365547970655F74202920305520292050
:10EC200029000000785461736B0000002E2E2F72B3
:10EC3000612F6177732F4672656552544F532F468B
:10EC400072656552544F532F536F757263652F74FD
:10EC500061736B732E63000075785072696F72690F
:10EC60007479203C20283529000000007078544336
:10EC7000422D3E7563537461746963616C6C7941B4
:10EC80006C6C6F6361746564203D3D2028202820F2
:10EC900075696E74385F74202920322029000000C5
:10ECA0002820282028202820707844656C61796508
:10ECB000645461736B4C69737420292D3E75784ED2
:10ECC000756D6265724F664974656D73203D3D20B8
:10ECD00028205542617365547970655F742029203E
:10ECE000302029203F202820282042617365547954
:10ECF00070655F74202920312029203A202820289F
:10ED00002042617365547970655F7420292030203A
:10ED10002920292029000000707578537461636BE5
:10ED200042756666657220213D202828766F6964E9
:10ED3000202A29302900000070785461736B4275D5
:10ED40006666657220213D202828766F6964202A36
:10ED5000293029007853697A65203D3D2073697A0E
:10ED6000656F6628205443425F742029000000002C
:10ED700075785363686564756C65725375737065F7
:10ED80006E646564203D3D2030000000785265745B
:10ED900075726E20213D2028202D31202900000091
:10EDA00075785363686564756C65725375737065C7
:10EDB0006E64656420213D203055000070785072EB
:10EDC0006576696F757357616B6554696D65000091
:10EDD00028207854696D65496E6372656D656E743F
:10EDE000203E20305520290075785363686564758E
:10EDF0006C657253757370656E646564203D3D206B
:10EE0000315500007578546F705072696F72697473
:10EE10007900000070784576656E744C69737400F3
:10EE200075785363686564756C6572537573706546
:10EE30006E64656420213D2028205542617365542D
:10EE40007970655F74202920305500007078556E08
:10EE5000626C6F636B656454434200007078546960
:10EE60006D654F757400000070785469636B73545E
:10EE70006F57616974000000707854434220213D4F
:10EE8000202828766F6964202A2930290000000094
:10EE90007078544342203D3D20707843757272650E
:10EEA0006E7454434200000070785443422D3E7506
:10EEB000784D75746578657348656C640000000072
:10EEC000707854434220213D2070784375727265FA
:10EED0006E745443420000007578496E646578543E
:10EEE0006F576169744F6E203C2028312900000063
:10EEF0007578496E646578546F4E6F7469667920D1
:10EF00003C20283129000000785461736B546F4E07
:10EF10006F74696679000000785469636B436F759C
:10EF20006E74203D3D2028205469636B54797065D0
:10EF30005F742029203000002820282026282070F7
:10EF4000785443422D3E784576656E744C697374EF
:10EF50004974656D202920292D3E7078436F6E74A9
:10EF600061696E65722029203D3D202828766F69F1
:10EF700064202A2930290000546D725100000000DD
:10EF800028207854696D6572506572696F64496EA6
:10EF90005469636B73203E20302029002E2E2F727F
:10EFA000612F6177732F4672656552544F532F4618
:10EFB00072656552544F532F536F757263652F748A
:10EFC000696D6572732E63007854696D6572000017
:10EFD0002820707854696D65722D3E7854696D658E
:10EFE00072506572696F64496E5469636B73203E39
:10EFF0002030202900000000546D722053766300F9
:10F000007852657475726E007853697A65203D3D5B
:10F010002073697A656F66282054696D65725F7424
:10F0200020290000707854696D65724275666665C6
:10F030007200000078436F6D6D616E644944203C3E
:10F04000202820282042617365547970655F742000
:10F05000292036202900000078436F6D6D616E64B1
:10F060004944203E3D202820282042617365547980
:10F0700070655F7420292036202900000000000000
:10F0800000005454522052454747455300000000A9
:10F0900030313233343536373839414243444546CE
:10F0A000DCD60100E0D60100E4D60100E8D601007C
:10F0B000ECD60100F0D60100F4D60100F8D601002C
:10F0C000FCD6010000D7010004D7010008D70100D9
:10F0D00050390020DCF0010000F60100F4F00100DE
:10F0E0000515000000000000000000000000000006
:10F0F000000000006439002000F101003CF801002C
:10F10000052B0000503900200CF1010010F1010026
:10F11000843900203C00002008F90100CC3B00208D
:10F1200028F1010044F901006000002030F10100E5
:10F1300002000000780100204C0100202C0100207A
:10F140006C0100207000002006000000070C09027E
:10F1500003010000B51D00000000000060F1010087
:10F16000000000004840002070F1010000F601009E
:10F1700088F10100BD140000000000000000000044
:10F1800000000000000000005C40002094F101003D
:10F1900018F60100052B000048400020A0F10100F6
:10F1A000A4F1010080420020B0F1010084F80100C8
:10F1B0000101008F000000000000000003040506AC
:10F1C000DFDFDF0C0C0C0CFFFFFF0000D92D00006F
:10F1D0005C400020E0F101000CF2010000000000A2
:10F1E000A4420020ECF1010070F90100B8010020F8
:10F1F000F4F10100000703000000000001006C00B2
:10F20000357800000000000000000000BC42002033
:10F2100018F2010070F90100C801002020F201007D
:10F22000010803000000000001006B000000000066
:10F23000000000000000000000000000504300201B
:10F2400048F201003CF801003532000000000000E7
:10F2500054F2010058F2010070430020D801002050
:10F2600008F90100B845002070F2010044F90100DE
:10F27000FC01002078F20100020000000201009071
:10F2800034F101000000000003040506DFDFDF0C9D
:10F290000C0C0CFFFFFF0000511E00003CF20100AF
:10F2A000ACF20100D8F2010000000000E4450020AB
:10F2B000B8F2010070F901000C020020C0F2010058
:10F2C000000703000000000001006C00357800001A
:10F2D0000000000000000000FC450020E4F20100F6
:10F2E00070F901001C020020ECF20100010803008B
:10F2F0000000000001006B000000000000000000A2
:10F30000000000004200000010F3010000000000B7
:10F3100000800000000000000080000001000000EC
:10F320000080000003000000040000000400000052
:10F330000080000007000000040000000900000039
:10F34000008000000E000000008000000F000000A0
:10F35000000C011C00010000000C011C0101000058
:10F36000000C011C02010000000C011C0301000044
:10F37000000C011C04010000000C011C0501000030
:10F38000000C011C06010000000C011C070100001C
:10F390000000010008010000000001000901000058
:10F3A000000001000A010000040000000B01000041
:10F3B000040000000F010000000C01150502000010
:10F3C000000C011506020000000C011509020000E6
:10F3D000000C01150A0200000000010000030000FB
:10F3E0000400000003030000040000000403000008
:10F3F000000C011105030000000C011106030000C0
:10F40000000C011107030000000C011108030000AB
:10F41000000C011109030000000C01110A03000097
:10F42000040000000B030000040000000C030000B7
:10F43000040000000D0300000400000000040000B0
:10F44000050C000003040000040000000404000098
:10F450000000011307040000104000000804000031
:10F46000000C01150A040000000C01150B0400003B
:10F47000000C01150C040000000C01150D04000027
:10F48000040000000F04000000000113000500004C
:10F490000000011301050000400001040505000003
:10F4A0004000010406050000000401070B050000F0
:10F4B000000401070C050000000C011C0006000000
:10F4C000000C011C01060000000C011C02060000DB
:10F4D000000C011C0A060000040000000B060000DE
:10F4E000040000000C060000000001050D060000ED
:10F4F000000001050E0600000400000008070000DF
:10F500000400000009070000040000000A070000D2
:10F51000040000000C070000040000000D070000BC
:10F5200000000000000000008200840085006D00E3
:10F530006E006B006C0020002100080076506F7296
:10F540007456616C6964617465496E746572727534
:10F5500070745072696F72697479000076506F72BE
:10F560007445786974437269746963616C00000062
:10F5700076506F7274456E74657243726974696314
:10F58000616C000076506F727453564348616E642C
:10F590006C65725F4300000046465F556E6C6F639A
:10F5A0006B4641540000000046465F4C6F636B465B
:10F5B0004154000046465F4173736572745F4C6F3F
:10F5C000636B000046465F556E6C6F636B446972F7
:10F5D0006563746F7279000046465F52656C6561C1
:10F5E000736553656D6170686F72650046465F5064
:10F5F000656E6453656D6170686F72650000000030
:10F600008D280000C1290000D128000059290000E0
:10F6100071290000FD290000C92B0000192C0000F1
:10F62000892D0000392D0000D92C00006D2B000021
:10F630007D2B0000B12B0000652C000000000000B5
:10F6400000000000000000000000000000000000BA
:10F6500000000000000000000000000000000000AA
:10F66000000000000000000000000000000000009A
:10F67000000000000000000000000000000000008A
:10F68000000000000000000000000000000000007A
:10F69000000000000000000000000000000000006A
:10F6A000000000000000000000000000000000005A
:10F6B000000000000000000000000000000000004A
:10F6C000000000000000000000000000000000003A
:10F6D000000000000000000000000000000000002A
:10F6E000000000000000000000000000000000001A
:10F6F000000000000000000000000000000000000A
:10F7000000000000000000000000000000000000F9
:10F7100000000000000000000000000000000000E9
:10F7200000000000000000000000000000000000D9
:10F7300000000000000000000000000000000000C9
:10F7400000000000000000000000000000000000B9
:10F7500000000000000000000000000000000000A9
:10F760000000000000000000000000000000000099
:10F770000000000000000000000000000000000089
:10F780000000000000000000000000000000000079
:10F790000000000000000000000000000000000069
:10F7A0000000000000000000000000000000000059
:10F7B0000000000000000000000000000000000049
:10F7C0000000000000000000000000000000000039
:10F7D0000000000000000000000000000000000029
:10F7E0000000000000000000000000000000000019
:10F7F0000000000000000000000000000000000009
:10F8000000000000000000000000000000000000F8
:10F8100000000000000000000000000000000000E8
:10F8200000000000000000000000000000000000D8
:10F83000000000000000000000000000212F000078
:10F84000392E0000692E0000812E0000992E000044
:10F85000AD2E0000BD2E0000ED2E0000092F00008F
:10F860000000000000000000700005000000000A19
:10F870000000000024000000000000000100000063
:10F88000FFFFFFFFEDFF0000D90101001908010093
:10F89000B1080100F5060100490901007D070100DA
:10F8A000BDFF000031050100ADFE00004D05010067
:10F8B000B5FE0000ED090100C90A0100BDFE00000F
:10F8C000CDFE0000350301007106010011060100A4
:10F8D000B10501006505010069030100E5FE0000B6
:10F8E00055050100F5FE00000DFF000029FF000096
:10F8F00041FF00007502010059FF000071FF000088
:10F900008DFF0000A5FF0000D10F0100C91201000A
:10F91000610F0100D10D0100F90B0100FD0B010089
:10F92000010C0100050C0100090C01000D0C010087
:10F930002D1201003D0C01007D11010002040304A1
:10F9400004040000C11C0100F11D0100291C01007C
:10F95000B11B0100751D0100A91B0100AD1B0100B9
:10F96000CD1B01009D1D0100211C0100251C010073
:10F970001521010071210100B1210100A51E010026
:10F9800081210100891E0100991E0100B11E0100A4
:10F99000F91E0100E91E0100ED1E01000400000037
:10F9A00044FA010008000000C4F901000200000050
:10F9B000B4F901000000006800000068E0030020C6
:10F9C000E003002000000068000000680000006004
:10F9D00000010C08000000680000006800000070D2
:10F9E000000109080000006800000068000000082D
:10F9F00000010208000000680000006868000000C4
:10FA000000010108280000202800002000000060FC
:10FA100000010C03280000202800002000000070D6
:10FA20000001090328000020280000200000000831
:10FA30000000020328000020D4030020680000001A
:10FA400000000103000000680000006800010008D9
:10FA5000000000680000006800010008D4030020D6
:10FA6000E00300200000000300240020409A012051
:10FA70000000000301000200080010002000000048
:10FA800000C0C101C30302C2C60607C705C5C4043E
:10FA9000CC0C0DCD0FCFCE0E0ACACB0BC90908C8AE
:10FAA000D81819D91BDBDA1A1EDEDF1FDD1D1CDC9E
:10FAB00014D4D515D71716D6D21213D311D1D0100E
:10FAC000F03031F133F3F23236F6F737F53534F4FE
:10FAD0003CFCFD3DFF3F3EFEFA3A3BFB39F9F8386E
:10FAE00028E8E929EB2B2AEAEE2E2FEF2DEDEC2C5E
:10FAF000E42425E527E7E62622E2E323E12120E0CE
:10FB0000A06061A163A3A26266A6A767A56564A4BD
:10FB10006CACAD6DAF6F6EAEAA6A6BAB69A9A8682D
:10FB200078B8B979BB7B7ABABE7E7FBF7DBDBC7C1D
:10FB3000B47475B577B7B67672B2B373B17170B08D
:10FB4000509091519353529296565797559594547D
:10FB50009C5C5D9D5F9F9E5E5A9A9B5B99595898ED
:10FB6000884849894B8B8A4A4E8E8F4F8D4D4C8CDD
:10FB7000448485458747468682424383418180404D
:10FB800000C1814001C0804101C0804100C181406D
:10FB900001C0804100C1814000C1814001C080415D
:10FBA00001C0804100C1814000C1814001C080414D
:10FBB00000C1814001C0804101C0804100C181403D
:10FBC00001C0804100C1814000C1814001C080412D
:10FBD00000C1814001C0804101C0804100C181401D
:10FBE00000C1814001C0804101C0804100C181400D
:10FBF00001C0804100C1814000C1814001C08041FD
:10FC000001C0804100C1814000C1814001C08041EC
:10FC100000C1814001C0804101C0804100C18140DC
:10FC200000C1814001C0804101C0804100C18140CC
:10FC300001C0804100C1814000C1814001C08041BC
:10FC400000C1814001C0804101C0804100C18140AC
:10FC500001C0804100C1814000C1814001C080419C
:10FC600001C0804100C1814000C1814001C080418C
:10FC700000C1814001C0804101C0804100C181407C
:10FC800000000000963007772C610EEEBA510999FA
:10FC900019C46D078FF46A7035A563E9A395649E56
:10FCA0003288DB0EA4B8DC791EE9D5E088D9D2977A
:10FCB0002B4CB609BD7CB17E072DB8E7911DBF90D6
:10FCC0006410B71DF220B06A4871B9F3DE41BE84FA
:10FCD0007DD4DA1AEBE4DD6D51B5D4F4C785D38356
:10FCE00056986C13C0A86B647AF962FDECC9658AFA
:10FCF0004F5C0114D96C0663633D0FFAF50D088D56
:10FD0000C8206E3B5E10694CE44160D5727167A2F9
:10FD1000D1E4033C47D4044BFD850DD26BB50AA555
:10FD2000FAA8B5356C98B242D6C9BBDB40F9BCAC79
:10FD3000E36CD832755CDF45CF0DD6DC593DD1ABD5
:10FD4000AC30D9263A00DE518051D7C81661D0BFF9
:10FD5000B5F4B42123C4B3569995BACF0FA5BDB855
:10FD60009EB802280888055FB2D90CC624E90BB1F9
:10FD7000877C6F2F114C6858AB1D61C13D2D66B655
:10FD80009041DC760671DB01BC20D2982A10D5EFB9
:10FD90008985B1711FB5B606A5E4BF9F33D4B8E815
:10FDA000A2C9077834F9000F8EA8099618980EE1B9
:10FDB000BB0D6A7F2D3D6D08976C6491015C63E615
:10FDC000F4516B6B62616C1CD83065854E0062F239
:10FDD000ED95066C7BA5011BC1F4088257C40FF595
:10FDE000C6D9B06550E9B712EAB8BE8B7C88B9FCB9
:10FDF000DF1DDD62492DDA15F37CD38C654CD4FB15
:10FE00005861B24DCE51B53A7400BCA3E230BBD4B8
:10FE100041A5DF4AD795D83D6DC4D1A4FBF4D6D314
:10FE20006AE96943FCD96E34468867ADD0B860DAB8
:10FE3000732D0444E51D03335F4C0AAAC97C0DDD14
:10FE40003C710550AA41022710100BBE86200CC938
:10FE500025B56857B3856F2009D466B99FE461CE94
:10FE60000EF9DE5E98C9D9292298D0B0B4A8D7C7B8
:10FE7000173DB359810DB42E3B5CBDB7AD6CBAC014
:10FE80002083B8EDB6B3BF9A0CE2B6039AD2B17430
:10FE90003947D5EAAF77D29D1526DB048316DC738C
:10FEA000120B63E3843B64943E6A6D0DA85A6A7A30
:10FEB0000BCF0EE49DFF099327AE000AB19E077D8C
:10FEC00044930FF0D2A3088768F2011EFEC20669B0
:10FED0005D5762F7CB67658071366C19E7066B6E0C
:10FEE000761BD4FEE02BD3895A7ADA10CC4ADD6730
:10FEF0006FDFB9F9F9EFBE8E43BEB717D58EB0608C
:10FF0000E8A3D6D67E93D1A1C4C2D83852F2DF4F2F
:10FF1000F167BBD16757BCA6DD06B53F4B36B2488B
:10FF2000DA2B0DD84C1B0AAFF64A0336607A04412F
:10FF3000C3EF60DF55DF67A8EF8E6E3179BE69468B
:10FF40008CB361CB1A8366BCA0D26F2536E26852AF
:10FF500095770CCC03470BBBB91602222F2605550B
:10FF6000BE3BBAC5280BBDB2925AB42B046AB35C2F
:10FF7000A7FFD7C231CFD0B58B9ED92C1DAEDE5B8B
:10FF8000B0C2649B26F263EC9CA36A750A936D026F
:10FF9000A906099C3F360EEB8567077213570005CB
:10FFA000824ABF95147AB8E2AE2BB17B381BB60CEF
:10FFB0009B8ED2920DBED5E5B7EFDC7C21DFDB0B4B
:10FFC000D4D2D38642E2D4F1F8B3DD686E83DA1F6F
:10FFD000CD16BE815B26B9F6E177B06F7747B718CB
:10FFE000E65A0888706A0FFFCA3B06665C0B01116F
:10FFF000FF9E658F69AE62F8D3FF6B6145CF6C16CB
:020000022000DC
:1000000078E20AA0EED20DD75483044EC2B303396E
:10001000612667A7F71660D04D476949DB776E3ECA
:100020004A6AD1AEDC5AD6D9660BDF40F03BD837EE
:1000300053AEBCA9C59EBBDE7FCFB247E9FFB5304A
:100040001CF2BDBD8AC2BACA3093B353A6A3B4246E
:100050000536D0BA9306D7CD2957DE54BF67D923CA
:100060002E7A66B3B84A61C4021B685D942B6F2A6E
:1000700037BE0BB4A18E0CC31BDF055A8DEF022DCA
:10008000222A2F3A3C3E3F5C7F7C0000EB009046EA
:1000900072656552544F530046465F52656C656108
:1000A0007365427566666572000000007072764185
:1000B000425350617468000046465F46535F416496
:1000C000640000002F000000707276496E73657244
:1000D00074426C6F636B496E746F467265654C69F0
:1000E0007374000076506F7274467265650000008C
:1000F0007076506F72744D616C6C6F63000000001D
:10010000764576656E7447726F757044656C65747C
:1001100065000000784576656E7447726F757053A0
:100120006574426974730000784576656E74477231
:100130006F7570436C6561724269747300000000F2
:10014000784576656E7447726F7570576169744251
:1001500069747300765175657565416464546F52B6
:100160006567697374727900765175657565446564
:100170006C657465000000007851756575655365A0
:100180006D6170686F726554616B6500785175655B
:10019000756552656365697665000000785175651F
:1001A000756547656E6572696353656E6446726F07
:1001B0006D495352000000007851756575654765BB
:1001C0006E6572696353656E6400000078517565F1
:1001D0007565437265617465436F756E74696E67AA
:1001E00053656D6170686F72655374617469630003
:1001F00078517565756554616B654D757465785298
:1002000065637572736976650000000078517565E5
:100210007565476976654D75746578526563757265
:1002200073697665000000007851756575654765EE
:100230006E657269634372656174650078517565B6
:10024000756547656E657269634372656174655370
:100250007461746963000000785175657565476560
:100260006E657269635265736574000076546173DC
:100270006B47656E657269634E6F7469667947692D
:10028000766546726F6D4953520000007854617371
:100290006B47656E657269634E6F74696679467205
:1002A0006F6D495352000000785461736B47656E5F
:1002B000657269634E6F7469667900007854617382
:1002C0006B47656E657269634E6F746966795761D5
:1002D00069740000756C5461736B47656E65726973
:1002E000634E6F7469667954616B6500765461730F
:1002F0006B5072696F72697479446973696E68656D
:10030000726974416674657254696D656F757400C5
:10031000785461736B5072696F7269747944697350
:10032000696E686572697400765461736B536574A5
:100330005468726561644C6F63616C53746F726171
:100340006765506F696E7465720000007854617360
:100350006B436865636B466F7254696D654F757466
:1003600000000000765461736B52656D6F766546D0
:10037000726F6D556E6F7264657265644576656EF9
:10038000744C697374000000785461736B52656D2E
:100390006F766546726F6D4576656E744C697374E1
:1003A00000000000765461736B506C6163654F6EA2
:1003B0004576656E744C69737452657374726963C3
:1003C00074656400765461736B506C6163654F6E45
:1003D000556E6F7264657265644576656E744C69BE
:1003E00073740000765461736B506C6163654F6E7B
:1003F0004576656E744C69737400000076546173C1
:100400006B537769746368436F6E7465787400002A
:10041000785461736B496E6372656D656E7454696F
:10042000636B0000785461736B526573756D654141
:100430006C6C0000765461736B5374617274536317
:10044000686564756C657200765461736B5375737F
:1004500070656E6400000000765461736B44656CD7
:100460006179000070727644656C6574655443422E
:1004700000000000765461736B44656C6574650020
:10048000707276496E697469616C6973654E6577DF
:100490005461736B00000000707276437265617482
:1004A000655374617469635461736B0004000000E8
:1004B0007854696D657247656E65726963436F6DE7
:1004C0006D616E6446726F6D495352007854696D68
:1004D000657247656E65726963436F6D6D616E64C9
:1004E00046726F6D5461736B000000007854696D43
:1004F0006572437265617465537461746963000069
:10050000707276496E697469616C6973654E65775E
:1005100054696D657200000070727650726F636589
:1005200073735265636569766564436F6D6D616E63
:10053000647300007854696D657243726561746517
:1005400054696D65725461736B005245454E542079
:100550006D616C6C6F63207375636365656465645E
:10056000002F646174612F6A656E6B696E732F77FB
:100570006F726B73706163652F474E552D746F6F8B
:100580006C636861696E2F61726D2D31332F7372E8
:10059000632F6E65776C69622D63796777696E2F5B
:1005A0006E65776C69622F6C6962632F7374646C1B
:1005B00069622F72616E642E6300232D302B200040
:1005C000686C4C006566674546470030313233340D
:1005D00035363738394142434445460030313233AD
:1005E00034353637383961626364656600412D46BB
:1005F000612D66383930313233343536375D002B72
:100600002D00303000785800FF050200020602007D
:10061000050602000020202020202020202028285D
:1006200028282820202020202020202020202020B2
:1006300020202020208810101010101010101010F2
:100640001010101010040404040404040404041022
:1006500010101010101041414141414101010101B0
:10066000010101010101010101010101010101017A
:100670001010101010104242424242420202020286
:10068000020202020202020202020202020202024A
:1006900010101010200000000000000000000000FA
:1006A000000000000000000000000000000000004A
:1006B000000000000000000000000000000000003A
:1006C000000000000000000000000000000000002A
:1006D000000000000000000000000000000000001A
:1006E000000000000000000000000000000000000A
:1006F00000000000000000000000000000000000FA
:1007000000000000000000000000000000000000E9
:1007100000000000000000004275696C74207769D9
:1007200074682052656E6573617320416476616EF2
:1007300063656420466C657869626C6520536F66FA
:100740007477617265205061636B616765207665BF
:100750007273696F6E20362E362E3000362E362E8E
:08076000300000000000060655
:04076800F8B500BF21
:04076C00F8B500BF1D
:0407700085040000FC
:040774005D04000020
:08077800C8AEFF7F0100000084
:020000020000FC
:020000040100F9
:04A10000FFFFFFFF5F
:04A20000FFFDFFFF60
:04A28000F8F8FFFFEC
:040000031000272D95
:00000001FF
