T72E4 000:003.607   SEGGER J-Link V9.14a Log File
T72E4 000:003.801   DLL Compiled: Jan 28 2026 17:11:52
T72E4 000:003.845   Logging started @ 2026-05-07 04:45
T72E4 000:003.865   Process: C:\Users\a5145404\.eclipse\com.renesas.platform_770098053\DebugComp\RA\e2-server-gdb.exe
T72E4 000:003.889 - 3.885ms 
T72E4 000:003.921 JLINK_GetDLLVersion()
T72E4 000:003.995 - 0.075ms returns 91401
T72E4 000:012.556 JLINK_OpenEx(...)
T72E4 000:021.376   Looking for J-Link GUI Server exe at: C:\Users\a5145404\.eclipse\com.renesas.platform_770098053\DebugComp\RA\ARM\Segger_v9.14.1\JLinkGUIServer.exe
T72E4 000:021.701   Looking for J-Link GUI Server exe at: C:\Users\a5145404\SEGGER\JLink_V856a\JLinkGUIServer.exe
T72E4 000:021.835   Forking J-Link GUI Server: C:\Users\a5145404\SEGGER\JLink_V856a\JLinkGUIServer.exe
T72E4 000:109.113   J-Link GUI Server info: "J-Link GUI server V8.56a "
T72E4 003:663.634   Firmware: J-Link OB-RA4M2 compiled Dec 10 2025 15:52:53
T72E4 003:665.572   Firmware: J-Link OB-RA4M2 compiled Dec 10 2025 15:52:53
T72E4 003:679.642   Hardware: V1.00
T72E4 003:679.755   S/N: 1085901268
T72E4 003:679.794   OEM: SEGGER
T72E4 003:679.844   Feature(s): None
T72E4 003:681.066   Bootloader: 2021 May 14
T72E4 003:681.837   USB speed mode: Full speed (12 MBit/s)
T72E4 003:682.718   TELNET listener socket opened on port 19021
T72E4 003:683.158   WEBSRV WEBSRV_Init(): Starting webserver thread(s)
T72E4 003:683.513   WEBSRV Webserver running on local port 19080
T72E4 003:684.157 - 3671.596ms returns "O.K."
T72E4 003:685.168 JLINK_ExecCommand("ProjectFile=C:\Users\a5145404\Documents\ra-solutions-rvc\application_projects\RA2L2_Firmware_Update_via_CAN\host_program/host_program.elf.jlink", ...). 
T72E4 003:723.624 - 38.458ms returns 0x00
T72E4 003:724.864 JLINK_ExecCommand("device=R7FA2L209", ...). 
T72E4 003:725.935   Flash bank @ 0x00000000: SFL: Parsing sectorization info from ELF file
T72E4 003:726.022     FlashDevice.SectorInfo[0]: .SectorSize = 0x00000800, .SectorStartAddr = 0x00000000
T72E4 003:726.060   FlashBank @0x00000000: Sectorization info from SFL ELF file ignored because sectorization override from DLL / XML file is active.
T72E4 003:726.177   Flash bank @ 0x01010010: SFL: Parsing sectorization info from ELF file
T72E4 003:726.216     FlashDevice.SectorInfo[0]: .SectorSize = 0x00000024, .SectorStartAddr = 0x00000000
T72E4 003:726.252   FlashBank @0x01010010: Sectorization info from SFL ELF file ignored because sectorization override from DLL / XML file is active.
T72E4 003:726.318   Flash bank @ 0x40100000: SFL: Parsing sectorization info from ELF file
T72E4 003:726.358     FlashDevice.SectorInfo[0]: .SectorSize = 0x00000400, .SectorStartAddr = 0x00000000
T72E4 003:726.408   FlashBank @0x40100000: Sectorization info from SFL ELF file ignored because sectorization override from DLL / XML file is active.
T72E4 003:726.466   Device "R7FA2L209" selected.
T72E4 003:729.561 - 4.695ms returns 0x00
T72E4 003:729.670 JLINK_ExecCommand("SetCPUConnectIDCODE = FFFFFFFFFFFFFFFFFFFFFFFFFFFFFFFF", ...). 
T72E4 003:729.714 - 0.044ms returns 0x00
T72E4 003:729.766 JLINK_TIF_GetAvailable(...)
T72E4 003:731.368 - 1.600ms 
T72E4 003:731.427 JLINK_TIF_Select(JLINKARM_TIF_SWD)
T72E4 003:732.808 - 1.379ms returns 0x00
T72E4 003:732.860 JLINK_SetSpeed(4000)
T72E4 003:733.164 - 0.306ms 
T72E4 003:733.206 JLINK_SetEndian(ARM_ENDIAN_LITTLE)
T72E4 003:733.223 - 0.017ms returns 0
T72E4 003:733.241 JLINK_SetInitRegsOnReset(OFF)
T72E4 003:733.258 - 0.016ms returns 1
T72E4 003:733.275 JLINK_SetResetType(JLINKARM_RESET_TYPE_NO_RESET)
T72E4 003:733.292 - 0.016ms returns JLINKARM_RESET_TYPE_NORMAL
T72E4 003:733.310 JLINK_ExecCommand("EnableFlashBPs", ...). 
T72E4 003:733.329 - 0.018ms returns 0x00
T72E4 003:733.347 JLINK_ExecCommand("SetAllowFlashCache = 1", ...). 
T72E4 003:733.364 - 0.017ms returns 0x01
T72E4 003:733.382 JLINK_ExecCommand("SetRestartOnClose = 0", ...). 
T72E4 003:733.400 - 0.017ms returns 0x01
T72E4 003:733.418 JLINK_ExecCommand("SetAllowSimulation = 0", ...). 
T72E4 003:733.436 - 0.018ms returns 0x01
T72E4 003:733.497 JLINK_EnableSoftBPs(ON)
T72E4 003:733.516 - 0.020ms 
T72E4 003:733.535 JLINK_Connect()
T72E4 003:734.813   InitTarget() start
T72E4 003:734.861    J-Link Script File: Executing InitTarget()
T72E4 003:734.882   Identifying target device...
T72E4 003:734.908   SWD selected. Executing JTAG -> SWD switching sequence...
T72E4 003:735.701   Initializing DAP...
T72E4 003:737.648   DAP initialized successfully.
T72E4 003:740.222   Low power mode detected. Waking device from low power mode.
T72E4 003:746.175   InitTarget() end - Took 11.3ms
T72E4 003:747.275   Found SW-DP with ID 0x5BA02477
T72E4 003:750.361   DPIDR: 0x5BA02477
T72E4 003:750.426   CoreSight SoC-400 or earlier
T72E4 003:750.454   Scanning AP map to find all available APs
T72E4 003:751.884   AP[2]: Stopped AP scan as end of AP map has been reached
T72E4 003:751.943   AP[0]: AHB-AP (IDR: 0x74770001, ADDR: 0x00000000)
T72E4 003:751.971   AP[1]: APB-AP (IDR: 0x44770002, ADDR: 0x01000000)
T72E4 003:751.999   Iterating through AP map to find AHB-AP to use
T72E4 003:753.207   AP[0]: Core found
T72E4 003:753.258   AP[0]: AHB-AP ROM base: 0x4001A000
T72E4 003:753.961   CPUID register: 0x411CD200. Implementer code: 0x41 (ARM)
T72E4 003:754.008   Feature set: Baseline
T72E4 003:754.604   Cache: No cache
T72E4 003:754.652   Found Cortex-M23 r1p0, Little endian.
T72E4 003:755.476   -- Max. mem block: 0x0001D8F0
T72E4 003:756.464   CPU_ReadMem(4 bytes @ 0xE000EDF0)
T72E4 003:756.998   CPU_WriteMem(4 bytes @ 0xE000EDF0)
T72E4 003:757.374   CPU_ReadMem(4 bytes @ 0xE0002000)
T72E4 003:757.847   FPUnit: 4 code (BP) slots and 0 literal slots
T72E4 003:757.920   CPU_ReadMem(4 bytes @ 0xE000EDFC)
T72E4 003:758.460   CPU_WriteMem(4 bytes @ 0xE000EDFC)
T72E4 003:758.906   CPU_ReadMem(4 bytes @ 0xE0001000)
T72E4 003:759.294   CPU_ReadMem(4 bytes @ 0xE0001000)
T72E4 003:759.843   CPU_ReadMem(4 bytes @ 0xE0001028)
T72E4 003:760.346   CPU_ReadMem(4 bytes @ 0xE0001038)
T72E4 003:760.820   CPU_WriteMem(4 bytes @ 0xE0001000)
T72E4 003:761.316   CPU_ReadMem(4 bytes @ 0xE000ED88)
T72E4 003:761.795   CPU_WriteMem(4 bytes @ 0xE000ED88)
T72E4 003:762.226   CPU_ReadMem(4 bytes @ 0xE000ED88)
T72E4 003:762.598   CPU_WriteMem(4 bytes @ 0xE000ED88)
T72E4 003:762.980   CPU_ReadMem(4 bytes @ 0xE000EFB8)
T72E4 003:763.349   Security extension: not implemented
T72E4 003:763.397   CoreSight components:
T72E4 003:763.424   ROMTbl[0] @ 4001A000
T72E4 003:763.452   CPU_ReadMem(64 bytes @ 0x4001A000)
T72E4 003:764.248   CPU_ReadMem(32 bytes @ 0xE000EFE0)
T72E4 003:764.886   CPU_ReadMem(4 bytes @ 0xE000EFBC)
T72E4 003:765.362   CPU_ReadMem(4 bytes @ 0xE000EFCC)
T72E4 003:765.744   [0][0]: E000E000 CID B105900D PID 000BBD20 DEVARCH 47702A04 DEVTYPE 00 Cortex-M23
T72E4 003:765.794   CPU_ReadMem(32 bytes @ 0xE0001FE0)
T72E4 003:766.397   CPU_ReadMem(4 bytes @ 0xE0001FBC)
T72E4 003:766.814   CPU_ReadMem(4 bytes @ 0xE0001FCC)
T72E4 003:767.221   [0][1]: E0001000 CID B105900D PID 000BBD20 DEVARCH 47701A02 DEVTYPE 00 DWT
T72E4 003:767.267   CPU_ReadMem(32 bytes @ 0xE0002FE0)
T72E4 003:767.986   CPU_ReadMem(4 bytes @ 0xE0002FBC)
T72E4 003:768.445   CPU_ReadMem(4 bytes @ 0xE0002FCC)
T72E4 003:768.943   [0][2]: E0002000 CID B105900D PID 000BBD20 DEVARCH 47701A03 DEVTYPE 00 FPB
T72E4 003:768.993   CPU_ReadMem(32 bytes @ 0x40019FE0)
T72E4 003:769.569   CPU_ReadMem(4 bytes @ 0x40019FBC)
T72E4 003:769.938   CPU_ReadMem(4 bytes @ 0x40019FCC)
T72E4 003:770.306   [0][3]: 40019000 CID B105900D PID 000BBD20 DEVARCH 47710A31 DEVTYPE 31 MTB
T72E4 003:770.376 - 36.840ms returns 0x00
T72E4 003:770.407 JLINK_Halt()
T72E4 003:773.172 - 2.764ms returns 0x00
T72E4 003:773.235 JLINK_IsHalted()
T72E4 003:773.602 - 0.366ms returns TRUE
T72E4 003:774.688 JLINK_ResetPullsRESET(ON)
T72E4 003:774.730 - 0.042ms 
T72E4 003:774.749 JLINK_Reset()
T72E4 003:774.784   JLINK_GetResetTypeDesc
T72E4 003:774.806   - 0.022ms 
T72E4 003:774.824   Reset type: CONNECT UNDER RESET (https://kb.segger.com/J-Link_Reset_Strategies)
T72E4 003:774.848   CPU_WriteMem(4 bytes @ 0xE000EDF0)
T72E4 003:775.262   CPU_ReadMem(4 bytes @ 0xE000ED44)
T72E4 003:775.660   CPU_WriteMem(4 bytes @ 0xE000EDFC)
T72E4 003:776.199   Reset: Halt core after reset via DEMCR.VC_CORERESET.
T72E4 003:776.725   Reset: Reset device via AIRCR.SYSRESETREQ.
T72E4 003:776.801   CPU_WriteMem(4 bytes @ 0xE000ED0C)
T72E4 003:831.561   CPU_ReadMem(4 bytes @ 0xE000EDF0)
T72E4 003:832.227   CPU_ReadMem(4 bytes @ 0xE000EDF0)
T72E4 003:832.804   CPU_WriteMem(4 bytes @ 0xE000EDFC)
T72E4 003:839.878   CPU_ReadMem(4 bytes @ 0xE000EDF0)
T72E4 003:843.939   CPU_WriteMem(4 bytes @ 0xE0002000)
T72E4 003:844.528   CPU_ReadMem(4 bytes @ 0xE000EDFC)
T72E4 003:845.120   CPU_ReadMem(4 bytes @ 0xE0001000)
T72E4 003:845.728   CPU_WriteMem(4 bytes @ 0xE0001000)
T72E4 003:846.409   CPU_ReadMem(4 bytes @ 0xE000EE08)
T72E4 003:846.968 - 72.218ms 
T72E4 003:848.172 JLINK_IsHalted()
T72E4 003:848.231 - 0.059ms returns TRUE
T72E4 003:848.584 JLINK_IsHalted()
T72E4 003:848.615 - 0.030ms returns TRUE
T72E4 003:848.637 JLINK_MeasureCPUSpeed(RAMAddr = 0xFFFFFFFF)
T72E4 003:848.664   CPU_ReadMem(16 bytes @ 0x20004000)
T72E4 003:849.252   CPU_ReadMem(64 bytes @ 0x20004000)
T72E4 003:850.336    -- Updating C cache (64 bytes @ 0x20004000)
T72E4 003:850.392    -- Read from C cache (6 bytes @ 0x20004000)
T72E4 003:850.427   CPU_ReadMem(4 bytes @ 0x40019004)
T72E4 003:850.980   CPU_ReadMem(4 bytes @ 0xE000ED90)
T72E4 003:851.505   CPU_ReadMem(4 bytes @ 0xE000ED94)
T72E4 003:852.089   CPU_WriteMem(16 bytes @ 0x20004000)
T72E4 003:852.701   CPU_WriteMem(6 bytes @ 0x20004000)
T72E4 003:853.411   CPU_ReadMem(64 bytes @ 0x20004000)
T72E4 003:854.451    -- Updating C cache (64 bytes @ 0x20004000)
T72E4 003:854.576    -- Read from C cache (6 bytes @ 0x20004000)
T72E4 003:854.624   CPU_ReadMem(4 bytes @ 0xE000EE08)
T72E4 003:856.337   CPU_WriteMem(4 bytes @ 0xE0002008)
T72E4 003:856.416   CPU_WriteMem(4 bytes @ 0xE000200C)
T72E4 003:856.450   CPU_WriteMem(4 bytes @ 0xE0002010)
T72E4 003:856.484   CPU_WriteMem(4 bytes @ 0xE0002014)
T72E4 003:864.614   CPU_WriteMem(4 bytes @ 0xE0002008)
T72E4 003:865.277   CPU_WriteMem(4 bytes @ 0xE000200C)
T72E4 003:865.887   CPU_WriteMem(4 bytes @ 0xE0002010)
T72E4 003:866.492   CPU_WriteMem(4 bytes @ 0xE0002014)
T72E4 003:867.042   CPU_ReadMem(4 bytes @ 0xE000EE08)
T72E4 003:867.632   CPU_ReadMem(4 bytes @ 0xE000EE08)
T72E4 003:868.277   CPU_ReadMem(4 bytes @ 0xE000EE08)
T72E4 003:895.410   CPU_WriteMem(6 bytes @ 0x20004000)
T72E4 003:896.236   ClockFreq: 665400 Hz
T72E4 003:896.365 - 47.727ms returns 665400
T72E4 003:896.408 JLINK_ReadReg(XPSR)
T72E4 003:896.439   CPU_ReadMem(4 bytes @ 0xE000EE08)
T72E4 003:896.998 - 0.589ms returns 0x61000000
T6D34 006:235.349 JLINK_ResetPullsRESET(ON)
T6D34 006:235.435 - 0.085ms 
T6D34 006:235.455 JLINK_Halt()
T6D34 006:235.830 - 0.373ms returns 0x00
T6D34 006:235.913 JLINK_IsHalted()
T6D34 006:235.936 - 0.022ms returns TRUE
T6D34 006:235.955 JLINK_Reset()
T6D34 006:235.980   CPU_ReadMem(4 bytes @ 0x20004000)
T6D34 006:236.331   CPU_WriteMem(4 bytes @ 0x20004000)
T6D34 006:236.768   JLINK_GetResetTypeDesc
T6D34 006:236.795   - 0.026ms 
T6D34 006:236.823   Reset type: CONNECT UNDER RESET (https://kb.segger.com/J-Link_Reset_Strategies)
T6D34 006:236.843   CPU_WriteMem(4 bytes @ 0xE000EDF0)
T6D34 006:237.261   CPU_ReadMem(4 bytes @ 0xE000ED44)
T6D34 006:237.612   CPU_WriteMem(4 bytes @ 0xE000EDFC)
T6D34 006:238.047   Reset: Halt core after reset via DEMCR.VC_CORERESET.
T6D34 006:238.493   Reset: Reset device via AIRCR.SYSRESETREQ.
T6D34 006:238.524   CPU_WriteMem(4 bytes @ 0xE000ED0C)
T6D34 006:293.357   CPU_ReadMem(4 bytes @ 0xE000EDF0)
T6D34 006:293.802   CPU_ReadMem(4 bytes @ 0xE000EDF0)
T6D34 006:294.297   CPU_WriteMem(4 bytes @ 0xE000EDFC)
T6D34 006:301.019   CPU_ReadMem(4 bytes @ 0xE000EDF0)
T6D34 006:304.469   CPU_WriteMem(4 bytes @ 0xE0002000)
T6D34 006:304.917   CPU_ReadMem(4 bytes @ 0xE000EDFC)
T6D34 006:305.236   CPU_ReadMem(4 bytes @ 0xE0001000)
T6D34 006:305.556   CPU_WriteMem(4 bytes @ 0xE0001000)
T6D34 006:305.914   CPU_ReadMem(4 bytes @ 0xE000EE08)
T6D34 006:306.244 - 70.288ms 
T6D34 006:306.275 JLINK_SetEndian(ARM_ENDIAN_LITTLE)
T6D34 006:306.293 - 0.018ms returns 0
T6D34 006:307.256 JLINK_BeginDownload(Flags = 0x00000000)
T6D34 006:307.304 - 0.048ms 
T6D34 006:330.719 JLINK_WriteMem(0x00000000, 0x64 Bytes, ...)
T6D34 006:330.807   Data:  38 4A 00 20 BD 00 00 00 E9 25 00 00 C5 26 00 00 ...
T6D34 006:331.029   completely In flash
T6D34 006:331.068 - 0.348ms returns 0x64
T6D34 006:331.641 JLINK_WriteMem(0x00000064, 0x1B0 Bytes, ...)
T6D34 006:331.726   Data:  02 00 00 00 74 00 00 00 03 00 00 00 8C 00 00 00 ...
T6D34 006:331.792   completely In flash
T6D34 006:331.851 - 0.210ms returns 0x1B0
T6D34 006:333.538 JLINK_WriteMem(0x00000400, 0x4 Bytes, ...)
T6D34 006:333.599   Data:  FF FF FF FF
T6D34 006:333.637   completely In flash
T6D34 006:333.668 - 0.130ms returns 0x4
T6D34 006:334.526 JLINK_WriteMem(0x00000404, 0x4 Bytes, ...)
T6D34 006:334.585   Data:  DF CF FF FF
T6D34 006:334.620   completely In flash
T6D34 006:334.651 - 0.126ms returns 0x4
T6D34 006:335.225 JLINK_WriteMem(0x00000440, 0x634 Bytes, ...)
T6D34 006:335.274   Data:  B0 B5 04 46 00 F0 78 FA E2 68 10 46 60 30 40 08 ...
T6D34 006:335.306   completely In flash
T6D34 006:335.335 - 0.110ms returns 0x634
T6D34 006:335.853 JLINK_WriteMem(0x00000A80, 0xBC0 Bytes, ...)
T6D34 006:335.901   Data:  10 B5 14 4C A8 21 20 46 01 F0 1F FE 03 20 20 61 ...
T6D34 006:335.932   completely In flash
T6D34 006:335.967 - 0.113ms returns 0xBC0
T6D34 006:336.585 JLINK_WriteMem(0x00001640, 0xBC0 Bytes, ...)
T6D34 006:336.636   Data:  25 4A 90 47 06 98 25 49 05 9A 23 4B 98 47 06 98 ...
T6D34 006:336.670   completely In flash
T6D34 006:336.698 - 0.113ms returns 0xBC0
T6D34 006:337.263 JLINK_WriteMem(0x00002200, 0xB80 Bytes, ...)
T6D34 006:337.305   Data:  1B 04 9A 43 42 50 40 58 70 47 C0 46 00 63 00 40 ...
T6D34 006:337.339   completely In flash
T6D34 006:337.367 - 0.105ms returns 0xB80
T6D34 006:337.709 JLINK_WriteMem(0x00002D80, 0x46E Bytes, ...)
T6D34 006:337.754   Data:  0A 00 49 4E 46 4F 3A 20 46 69 72 6D 77 61 72 65 ...
T6D34 006:337.785   completely In flash
T6D34 006:337.814 - 0.105ms returns 0x46E
T6D34 006:340.331 JLINK_WriteMem(0x00011C00, 0xBD0 Bytes, ...)
T6D34 006:340.395   Data:  3D B8 F3 96 00 00 00 00 00 01 00 00 66 2B 00 00 ...
T6D34 006:340.431   completely In flash
T6D34 006:340.524 - 0.193ms returns 0xBD0
T6D34 006:340.977 JLINK_WriteMem(0x000127D0, 0xBC0 Bytes, ...)
T6D34 006:341.016   Data:  10 68 01 1D 11 60 01 68 00 97 01 94 2A A8 10 22 ...
T6D34 006:341.052   completely In flash
T6D34 006:341.082 - 0.104ms returns 0xBC0
T6D34 006:341.411 JLINK_WriteMem(0x00013390, 0xBB0 Bytes, ...)
T6D34 006:341.446   Data:  00 D1 04 26 B6 00 A1 68 89 19 1E 68 76 1E CE 64 ...
T6D34 006:341.476   completely In flash
T6D34 006:341.504 - 0.092ms returns 0xBB0
T6D34 006:341.922 JLINK_WriteMem(0x00013F40, 0xB40 Bytes, ...)
T6D34 006:341.993   Data:  03 D2 50 43 18 B9 30 BC 70 47 00 20 C0 43 30 BC ...
T6D34 006:342.037   completely In flash
T6D34 006:342.077 - 0.155ms returns 0xB40
T6D34 006:342.520 JLINK_WriteMem(0x00014A80, 0xBF0 Bytes, ...)
T6D34 006:342.575   Data:  FF FF FF FF FF FF FF FF FF FF FF FF FF FF FF FF ...
T6D34 006:342.609   completely In flash
T6D34 006:342.636 - 0.116ms returns 0xBF0
T6D34 006:343.032 JLINK_WriteMem(0x00015670, 0xBF0 Bytes, ...)
T6D34 006:343.058   Data:  FF FF FF FF FF FF FF FF FF FF FF FF FF FF FF FF ...
T6D34 006:343.091   completely In flash
T6D34 006:343.181 - 0.149ms returns 0xBF0
T6D34 006:343.589 JLINK_WriteMem(0x00016260, 0xBF0 Bytes, ...)
T6D34 006:343.625   Data:  FF FF FF FF FF FF FF FF FF FF FF FF FF FF FF FF ...
T6D34 006:343.655   completely In flash
T6D34 006:343.683 - 0.094ms returns 0xBF0
T6D34 006:344.057 JLINK_WriteMem(0x00016E50, 0xBF0 Bytes, ...)
T6D34 006:344.085   Data:  FF FF FF FF FF FF FF FF FF FF FF FF FF FF FF FF ...
T6D34 006:344.114   completely In flash
T6D34 006:344.141 - 0.084ms returns 0xBF0
T6D34 006:344.511 JLINK_WriteMem(0x00017A40, 0xBF0 Bytes, ...)
T6D34 006:344.594   Data:  FF FF FF FF FF FF FF FF FF FF FF FF FF FF FF FF ...
T6D34 006:344.633   completely In flash
T6D34 006:344.662 - 0.150ms returns 0xBF0
T6D34 006:345.061 JLINK_WriteMem(0x00018630, 0xBF0 Bytes, ...)
T6D34 006:345.090   Data:  FF FF FF FF FF FF FF FF FF FF FF FF FF FF FF FF ...
T6D34 006:345.118   completely In flash
T6D34 006:345.145 - 0.083ms returns 0xBF0
T6D34 006:345.515 JLINK_WriteMem(0x00019220, 0xBF0 Bytes, ...)
T6D34 006:345.543   Data:  FF FF FF FF FF FF FF FF FF FF FF FF FF FF FF FF ...
T6D34 006:345.601   completely In flash
T6D34 006:345.629 - 0.113ms returns 0xBF0
T6D34 006:346.135 JLINK_WriteMem(0x00019E10, 0xBF0 Bytes, ...)
T6D34 006:346.193   Data:  FF FF FF FF FF FF FF FF FF FF FF FF FF FF FF FF ...
T6D34 006:346.225   completely In flash
T6D34 006:346.252 - 0.117ms returns 0xBF0
T6D34 006:346.638 JLINK_WriteMem(0x0001AA00, 0xBF0 Bytes, ...)
T6D34 006:346.689   Data:  FF FF FF FF FF FF FF FF FF FF FF FF FF FF FF FF ...
T6D34 006:346.725   completely In flash
T6D34 006:346.757 - 0.119ms returns 0xBF0
T6D34 006:347.229 JLINK_WriteMem(0x0001B5F0, 0xBF0 Bytes, ...)
T6D34 006:347.272   Data:  FF FF FF FF FF FF FF FF FF FF FF FF FF FF FF FF ...
T6D34 006:347.308   completely In flash
T6D34 006:347.335 - 0.106ms returns 0xBF0
T6D34 006:347.751 JLINK_WriteMem(0x0001C1E0, 0xBF0 Bytes, ...)
T6D34 006:347.790   Data:  FF FF FF FF FF FF FF FF FF FF FF FF FF FF FF FF ...
T6D34 006:347.819   completely In flash
T6D34 006:347.845 - 0.095ms returns 0xBF0
T6D34 006:348.235 JLINK_WriteMem(0x0001CDD0, 0xBF0 Bytes, ...)
T6D34 006:348.274   Data:  FF FF FF FF FF FF FF FF FF FF FF FF FF FF FF FF ...
T6D34 006:348.329   completely In flash
T6D34 006:348.356 - 0.121ms returns 0xBF0
T6D34 006:348.768 JLINK_WriteMem(0x0001D9C0, 0xBF0 Bytes, ...)
T6D34 006:348.821   Data:  FF FF FF FF FF FF FF FF FF FF FF FF FF FF FF FF ...
T6D34 006:348.855   completely In flash
T6D34 006:348.882 - 0.114ms returns 0xBF0
T6D34 006:349.315 JLINK_WriteMem(0x0001E5B0, 0xBF0 Bytes, ...)
T6D34 006:349.356   Data:  FF FF FF FF FF FF FF FF FF FF FF FF FF FF FF FF ...
T6D34 006:349.384   completely In flash
T6D34 006:349.411 - 0.095ms returns 0xBF0
T6D34 006:349.829 JLINK_WriteMem(0x0001F1A0, 0xBF0 Bytes, ...)
T6D34 006:349.883   Data:  FF FF FF FF FF FF FF FF FF FF FF FF FF FF FF FF ...
T6D34 006:349.916   completely In flash
T6D34 006:349.949 - 0.120ms returns 0xBF0
T6D34 006:350.291 JLINK_WriteMem(0x0001FD90, 0x270 Bytes, ...)
T6D34 006:350.331   Data:  FF FF FF FF FF FF FF FF FF FF FF FF FF FF FF FF ...
T6D34 006:350.361   completely In flash
T6D34 006:350.389 - 0.098ms returns 0x270
T6D34 006:375.266 JLINK_EndDownload()
T6D34 006:375.733   HandleBeforeFlashProg() start
T6D34 006:375.798    J-Link Script File: Executing HandleBeforeFlashProg()
T6D34 006:375.824   CPU_ReadMem(2 bytes @ 0x40000D04)
T6D34 006:376.332   CPU_ReadMem(2 bytes @ 0x40000D14)
T6D34 006:376.846   HandleBeforeFlashProg() end - Took 1.04ms
T6D34 006:376.904   CPU_ReadMem(4 bytes @ 0x40019004)
T6D34 006:377.391   CPU_ReadMem(4 bytes @ 0xE000ED90)
T6D34 006:377.951   CPU_ReadMem(4 bytes @ 0xE000ED94)
T6D34 006:378.521    -- --------------------------------------
T6D34 006:378.574    -- Start of determining flash info (Bank @ 0x00000000)
T6D34 006:378.602    -- End of determining flash info
T6D34 006:378.627    -- Start of determining dirty areas in flash cache
T6D34 006:378.651    -- Filling invalid ranges in sector buffer (flash cache) for sector @ 0x00000000 if necessary
T6D34 006:378.677    -- Filling invalid ranges in sector buffer (flash cache) for sector @ 0x00000800 if necessary
T6D34 006:378.703    -- Filling invalid ranges in sector buffer (flash cache) for sector @ 0x00001000 if necessary
T6D34 006:378.727    -- Filling invalid ranges in sector buffer (flash cache) for sector @ 0x00001800 if necessary
T6D34 006:378.753    -- Filling invalid ranges in sector buffer (flash cache) for sector @ 0x00002000 if necessary
T6D34 006:378.778    -- Filling invalid ranges in sector buffer (flash cache) for sector @ 0x00002800 if necessary
T6D34 006:378.807    -- Filling invalid ranges in sector buffer (flash cache) for sector @ 0x00003000 if necessary
T6D34 006:378.843    -- Filling invalid ranges in sector buffer (flash cache) for sector @ 0x00011800 if necessary
T6D34 006:378.868    -- Filling invalid ranges in sector buffer (flash cache) for sector @ 0x00012000 if necessary
T6D34 006:378.893    -- Filling invalid ranges in sector buffer (flash cache) for sector @ 0x00012800 if necessary
T6D34 006:378.917    -- Filling invalid ranges in sector buffer (flash cache) for sector @ 0x00013000 if necessary
T6D34 006:378.944    -- Filling invalid ranges in sector buffer (flash cache) for sector @ 0x00013800 if necessary
T6D34 006:378.971    -- Filling invalid ranges in sector buffer (flash cache) for sector @ 0x00014000 if necessary
T6D34 006:378.998    -- Filling invalid ranges in sector buffer (flash cache) for sector @ 0x00014800 if necessary
T6D34 006:379.029    -- Filling invalid ranges in sector buffer (flash cache) for sector @ 0x00015000 if necessary
T6D34 006:379.055    -- Filling invalid ranges in sector buffer (flash cache) for sector @ 0x00015800 if necessary
T6D34 006:379.082    -- Filling invalid ranges in sector buffer (flash cache) for sector @ 0x00016000 if necessary
T6D34 006:379.111    -- Filling invalid ranges in sector buffer (flash cache) for sector @ 0x00016800 if necessary
T6D34 006:379.140    -- Filling invalid ranges in sector buffer (flash cache) for sector @ 0x00017000 if necessary
T6D34 006:379.167    -- Filling invalid ranges in sector buffer (flash cache) for sector @ 0x00017800 if necessary
T6D34 006:379.194    -- Filling invalid ranges in sector buffer (flash cache) for sector @ 0x00018000 if necessary
T6D34 006:379.221    -- Filling invalid ranges in sector buffer (flash cache) for sector @ 0x00018800 if necessary
T6D34 006:379.249    -- Filling invalid ranges in sector buffer (flash cache) for sector @ 0x00019000 if necessary
T6D34 006:379.279    -- Filling invalid ranges in sector buffer (flash cache) for sector @ 0x00019800 if necessary
T6D34 006:379.303    -- Filling invalid ranges in sector buffer (flash cache) for sector @ 0x0001A000 if necessary
T6D34 006:379.328    -- Filling invalid ranges in sector buffer (flash cache) for sector @ 0x0001A800 if necessary
T6D34 006:379.353    -- Filling invalid ranges in sector buffer (flash cache) for sector @ 0x0001B000 if necessary
T6D34 006:379.378    -- Filling invalid ranges in sector buffer (flash cache) for sector @ 0x0001B800 if necessary
T6D34 006:379.402    -- Filling invalid ranges in sector buffer (flash cache) for sector @ 0x0001C000 if necessary
T6D34 006:379.427    -- Filling invalid ranges in sector buffer (flash cache) for sector @ 0x0001C800 if necessary
T6D34 006:379.452    -- Filling invalid ranges in sector buffer (flash cache) for sector @ 0x0001D000 if necessary
T6D34 006:379.479    -- Filling invalid ranges in sector buffer (flash cache) for sector @ 0x0001D800 if necessary
T6D34 006:379.504    -- Filling invalid ranges in sector buffer (flash cache) for sector @ 0x0001E000 if necessary
T6D34 006:379.528    -- Filling invalid ranges in sector buffer (flash cache) for sector @ 0x0001E800 if necessary
T6D34 006:379.553    -- Filling invalid ranges in sector buffer (flash cache) for sector @ 0x0001F000 if necessary
T6D34 006:379.578    -- Filling invalid ranges in sector buffer (flash cache) for sector @ 0x0001F800 if necessary
T6D34 006:379.602    -- End of determining dirty areas
T6D34 006:379.626    -- Start of preparing flash programming
T6D34 006:379.651    -- Preparing RAMCode
T6D34 006:379.675    -- Calculating RAM usage
T6D34 006:379.701    -- RAM usage = 16384 Bytes
T6D34 006:379.725    -- Preserving CPU registers
T6D34 006:380.354    -- Preparing memory
T6D34 006:380.403    -- Preparing target
T6D34 006:380.427    -- Preserving target RAM temporarily used for programming
T6D34 006:465.300    -- Downloading RAMCode
T6D34 006:488.987    -- Initializing RAMCode (InitType: 3 = Verify)
T6D34 006:489.148   CPU_ReadMem(2 bytes @ 0x40000D04)
T6D34 006:490.055   CPU_ReadMem(2 bytes @ 0x40000D14)
T6D34 006:490.762    -- Executing SEGGER_FL_Prepare(3)
T6D34 006:496.612    -- SEGGER_FL_Prepare() changed clock speed to 8000000Hz
T6D34 006:496.730    -- End of preparing flash programming
T6D34 006:500.082   
  ***** Warning: 
T6D34 006:500.217   CPU is running at low speed (8000 kHz).
T6D34 006:500.272    -- CPU is running at 8000 kHz.
T6D34 006:500.334    -- Start of comparing flash
T6D34 006:500.391    -- CRC check was estimated as fastest method
T6D34 006:532.367    -- Comparing range 0x0000 - 0x37FF (7 Sectors, 14 KB), using single-block CRC calculation
T6D34 006:584.878    -- CRC does not match, checking individual sectors
T6D34 006:630.933    -- CRC does not match for sectors 0-6
T6D34 006:631.310    -- Comparing range 0x11800 - 0x1FFFF (29 Sectors, 58 KB), using single-block CRC calculation
T6D34 006:817.115    -- CRC matches
T6D34 006:817.784    -- Comparing range 0x11800 - 0x1FFFF (29 Sectors, 58 KB), using alternative single-block CRC calculation
T6D34 007:002.193    -- CRC matches
T6D34 007:002.295    -- End of comparing flash
T6D34 007:002.328    -- Start of erasing sectors
T6D34 007:002.373    -- Erasing range 0x00000000 - 0x000037FF (  7 Sectors, 14 KB)
T6D34 007:044.783    -- End of erasing sectors
T6D34 007:044.884    -- Start of flash programming
T6D34 007:044.914    -- Programming range 0x00000000 - 0x000037FF (  7 Sectors, 14 KB)
T6D34 007:190.064    -- End of flash programming
T6D34 007:190.165    -- 0x0000 - 0x37FF (  7 Sectors, 14 KB)
T6D34 007:190.190    -- Start of verifying flash
T6D34 007:190.216    -- Checksum calculation was estimated as fastest method
T6D34 007:190.241    -- Checksum is not supported by this flash bank. Switched to read back method.
T6D34 007:284.569    -- End of verifying flash
T6D34 007:284.667    -- Start of restoring
T6D34 007:284.693    -- Executing SEGGER_FL_Restore()
T6D34 007:289.006    -- Restoring target memory
T6D34 007:355.324    -- Restoring CPU registers
T6D34 007:356.245    -- End of restoring
T6D34 007:356.438    -- Bank 0 @ 0x00000000: 1 range affected (14336 bytes)
T6D34 007:356.528    -- Total: 0.976s (Prepare: 0.120s, Compare: 0.501s, Erase: 0.042s, Program: 0.195s, Verify: 0.044s, Restore: 0.071s)
T6D34 007:356.613    -- Program speed: 71 KB/s
T6D34 007:373.537   HandleAfterFlashProg() start
T6D34 007:373.632    J-Link Script File: Executing HandleAfterFlashProg()
T6D34 007:373.653   HandleAfterFlashProg() end - Took 21us
T6D34 007:373.951 - 998.683ms returns 14336 (0x3800)
T6D34 007:375.752 JLINK_WriteReg(R15 (PC), 0x000000BC)
T6D34 007:375.862 - 0.111ms returns 0
T6D34 007:375.894 JLINK_WriteReg(XPSR, 0x01000000)
T6D34 007:375.920 - 0.026ms returns 0
T6D34 007:376.623 JLINK_ResetPullsRESET(ON)
T6D34 007:376.685 - 0.063ms 
T6D34 007:376.705 JLINK_Halt()
T6D34 007:377.144 - 0.437ms returns 0x00
T6D34 007:377.184 JLINK_IsHalted()
T6D34 007:377.204 - 0.020ms returns TRUE
T6D34 007:377.229 JLINK_Reset()
T6D34 007:377.253   CPU_ReadMem(4 bytes @ 0x20004000)
T6D34 007:377.617   CPU_WriteMem(4 bytes @ 0x20004000)
T6D34 007:378.085   JLINK_GetResetTypeDesc
T6D34 007:378.133   - 0.046ms 
T6D34 007:378.158   Reset type: CONNECT UNDER RESET (https://kb.segger.com/J-Link_Reset_Strategies)
T6D34 007:378.179   CPU_WriteMem(4 bytes @ 0xE000EDF0)
T6D34 007:378.574   CPU_ReadMem(4 bytes @ 0xE000ED44)
T6D34 007:378.953   CPU_WriteMem(4 bytes @ 0xE000EDFC)
T6D34 007:379.326   Reset: Halt core after reset via DEMCR.VC_CORERESET.
T6D34 007:379.819   Reset: Reset device via AIRCR.SYSRESETREQ.
T6D34 007:379.864   CPU_WriteMem(4 bytes @ 0xE000ED0C)
T6D34 007:435.111   CPU_ReadMem(4 bytes @ 0xE000EDF0)
T6D34 007:435.687   CPU_ReadMem(4 bytes @ 0xE000EDF0)
T6D34 007:436.177   CPU_WriteMem(4 bytes @ 0xE000EDFC)
T6D34 007:444.870   CPU_ReadMem(4 bytes @ 0xE000EDF0)
T6D34 007:448.282   CPU_WriteMem(4 bytes @ 0xE0002000)
T6D34 007:448.785   CPU_ReadMem(4 bytes @ 0xE000EDFC)
T6D34 007:449.236   CPU_ReadMem(4 bytes @ 0xE0001000)
T6D34 007:449.678   CPU_WriteMem(4 bytes @ 0xE0001000)
T6D34 007:450.214   CPU_ReadMem(4 bytes @ 0xE000EE08)
T6D34 007:450.806 - 73.577ms 
T6D34 007:450.864 JLINK_SetEndian(ARM_ENDIAN_LITTLE)
T6D34 007:450.883 - 0.019ms returns 0
T6D34 007:480.684 JLINK_ReadMem(0x000000BC, 0x4 Bytes, ...)
T6D34 007:480.775    -- Read from flash cache (4 bytes @ 0x000000BC)
T6D34 007:480.840   Data:  00 F0 04 F8
T6D34 007:480.868 - 0.184ms returns 0
T6D34 007:503.807 JLINK_ReadMem(0x000000BC, 0x4 Bytes, ...)
T6D34 007:503.901    -- Read from flash cache (4 bytes @ 0x000000BC)
T6D34 007:503.933   Data:  00 F0 04 F8
T6D34 007:503.961 - 0.154ms returns 0
T6D34 007:509.541 JLINK_ReadMem(0x0000143A, 0x2 Bytes, ...)
T6D34 007:509.629    -- Read from flash cache (2 bytes @ 0x0000143A)
T6D34 007:509.657   Data:  01 98
T6D34 007:509.685 - 0.145ms returns 0
T6D34 007:510.054 JLINK_ReadMem(0x0000143A, 0x2 Bytes, ...)
T6D34 007:510.086    -- Read from flash cache (2 bytes @ 0x0000143A)
T6D34 007:510.125   Data:  01 98
T6D34 007:510.151 - 0.097ms returns 0
T6D34 008:498.707 JLINK_GetNumBPUnits(Type = 0xFFFFFF00)
T6D34 008:498.798 - 0.090ms returns 0x04
T6D34 008:498.817 JLINK_GetNumWPUnits()
T6D34 008:498.835 - 0.017ms returns 2
T6D34 008:498.858 JLINK_GetNumBPUnits(Type = 0xFFFFFF00)
T6D34 008:498.876 - 0.018ms returns 0x04
T6D34 008:498.894 JLINK_GetNumWPUnits()
T6D34 008:498.911 - 0.017ms returns 2
T6D34 008:498.932 JLINK_GetNumBPUnits(Type = 0xFFFFFF00)
T6D34 008:498.950 - 0.018ms returns 0x04
T6D34 008:498.968 JLINK_GetNumWPUnits()
T6D34 008:498.986 - 0.017ms returns 2
T6D34 008:499.031 JLINK_SetBPEx(Addr = 0x00001738, Type = 0xFFFFFF00)
T6D34 008:499.056 - 0.025ms returns 0x00000001
T6D34 008:499.078 JLINK_ClrBPEx(BPHandle = 0x00000001)
T6D34 008:499.463 - 0.384ms returns 0x00
T6D34 008:515.913 JLINK_ReadMem(0x0000173A, 0x2 Bytes, ...)
T6D34 008:515.982    -- Read from flash cache (2 bytes @ 0x0000173A)
T6D34 008:516.010   Data:  FF F7
T6D34 008:516.039 - 0.127ms returns 0
T6D34 008:516.570 JLINK_SetBPEx(Addr = 0x0000173A, Type = 0xFFFFFF00)
T6D34 008:516.619 - 0.048ms returns 0x00000002
T6D34 008:579.400 JLINK_ReadRegs(NumRegs = 22)
T6D34 008:579.529   CPU_ReadMem(4 bytes @ 0xE000EE08)
T6D34 008:580.029   
  R0 (0)        = 0x3FFF               R1 (1)        = 0x40044400           R2 (2)        = 0x00                 R3 (3)        = 0x20004115        
  R4 (4)        = 0x20007FC8           R5 (5)        = 0x200045CC           R6 (6)        = 0x00                 R7 (7)        = 0x20007FB8        
  R8 (8)        = 0x00                 R9 (9)        = 0x40008668           R10 (10)      = 0x00                 R11 (11)      = 0x00              
  R12 (12)      = 0x40044400           R13 (SP) (13) = 0x20004A38           R14 (14)      = 0x20004503           R15 (PC) (15) = 0xBC              
  XPSR (16)     = 0x41000000           MSPLIM (86)   = 0x00                 PSPLIM (87)   = 0x00                 CFBP (20)     = 0x00              
  R0 (0)        = 0x3FFF               R1 (1)        = 0x40044400        
T6D34 008:580.126 - 0.726ms returns 0x00
T6D34 008:581.939 JLINK_ReadMem(0x000000BC, 0x4 Bytes, ...)
T6D34 008:582.050    -- Read from flash cache (4 bytes @ 0x000000BC)
T6D34 008:582.090   Data:  00 F0 04 F8
T6D34 008:582.129 - 0.189ms returns 0
T5770 008:631.023 JLINK_GetNumBPUnits(Type = 0xFFFFFF00)
T5770 008:631.088 - 0.064ms returns 0x04
T5770 008:631.108 JLINK_GetNumWPUnits()
T5770 008:631.127 - 0.019ms returns 2
T5770 008:631.521 JLINK_GetNumBPUnits(Type = 0xFFFFFF00)
T5770 008:631.566 - 0.044ms returns 0x04
T5770 008:631.584 JLINK_GetNumWPUnits()
T5770 008:631.602 - 0.017ms returns 2
T5770 008:632.598 JLINK_GetNumBPUnits(Type = 0xFFFFFF00)
T5770 008:632.674 - 0.077ms returns 0x04
T5770 008:632.701 JLINK_GetNumWPUnits()
T5770 008:632.733 - 0.031ms returns 2
T5770 008:633.410 JLINK_GetNumBPUnits(Type = 0xFFFFFF00)
T5770 008:633.463 - 0.053ms returns 0x04
T5770 008:633.482 JLINK_GetNumWPUnits()
T5770 008:633.500 - 0.017ms returns 2
T5770 008:633.999 JLINK_GetNumBPUnits(Type = 0xFFFFFF00)
T5770 008:634.057 - 0.057ms returns 0x04
T5770 008:634.076 JLINK_GetNumWPUnits()
T5770 008:634.094 - 0.018ms returns 2
T5770 008:634.406 JLINK_GetNumBPUnits(Type = 0xFFFFFF00)
T5770 008:634.467 - 0.061ms returns 0x04
T5770 008:634.493 JLINK_GetNumWPUnits()
T5770 008:634.518 - 0.023ms returns 2
T5770 008:634.896 JLINK_GetNumBPUnits(Type = 0xFFFFFF00)
T5770 008:634.947 - 0.051ms returns 0x04
T5770 008:634.966 JLINK_GetNumWPUnits()
T5770 008:634.984 - 0.017ms returns 2
T5770 008:635.357 JLINK_GetNumBPUnits(Type = 0xFFFFFF00)
T5770 008:635.421 - 0.064ms returns 0x04
T5770 008:635.441 JLINK_GetNumWPUnits()
T5770 008:635.458 - 0.017ms returns 2
T6D34 009:232.010 JLINK_ReadMem(0x000000BC, 0x4 Bytes, ...)
T6D34 009:232.084    -- Read from flash cache (4 bytes @ 0x000000BC)
T6D34 009:232.126   Data:  00 F0 04 F8
T6D34 009:232.173 - 0.163ms returns 0
T6D34 013:879.230 JLINK_IsHalted()
T6D34 013:879.733 - 0.501ms returns TRUE
T6D34 013:879.790 JLINK_GoEx(MaxEmulInsts = 0, Flags = 0x01)
T6D34 013:879.818   CPU_WriteMem(4 bytes @ 0xE0002000)
T6D34 013:880.294   CPU_ReadMem(4 bytes @ 0xE0001000)
T6D34 013:880.725   CPU_WriteMem(4 bytes @ 0xE0001000)
T6D34 013:881.218   CPU_WriteMem(4 bytes @ 0xE0002008)
T6D34 013:881.278   CPU_WriteMem(4 bytes @ 0xE000200C)
T6D34 013:881.306   CPU_WriteMem(4 bytes @ 0xE0002010)
T6D34 013:881.334   CPU_WriteMem(4 bytes @ 0xE0002014)
T6D34 013:882.269   CPU_WriteMem(4 bytes @ 0xE0001004)
T6D34 013:883.392   Memory map 'after startup completion point' is active
T6D34 013:883.451 - 3.661ms 
T6D34 013:991.115 JLINK_IsHalted()
T6D34 013:994.645 - 3.526ms returns TRUE
T6D34 013:994.798 JLINK_ReadReg(XPSR)
T6D34 013:994.838   CPU_ReadMem(4 bytes @ 0xE000EE08)
T6D34 013:995.432 - 0.632ms returns 0x61000000
T6D34 013:995.530 JLINK_ReadReg(R15 (PC))
T6D34 013:995.560 - 0.031ms returns 0x0000173A
T6D34 013:996.923 JLINK_ReadReg(XPSR)
T6D34 013:996.989 - 0.065ms returns 0x61000000
T6D34 013:997.019 JLINK_ReadReg(XPSR)
T6D34 013:997.046 - 0.026ms returns 0x61000000
T6D34 013:997.074 JLINK_ReadReg(R15 (PC))
T6D34 013:997.099 - 0.026ms returns 0x0000173A
T6D34 013:997.130 JLINK_ReadReg(XPSR)
T6D34 013:997.155 - 0.026ms returns 0x61000000
T6D34 013:997.186 JLINK_ReadReg(XPSR)
T6D34 013:997.213 - 0.026ms returns 0x61000000
T6D34 013:997.240 JLINK_ReadMem(0x0000173A, 0x1 Bytes, ...)
T6D34 013:997.270    -- Read from flash cache (1 bytes @ 0x0000173A)
T6D34 013:997.309   Data:  FF
T6D34 013:997.347 - 0.107ms returns 0
T6D34 013:997.374 JLINK_IsHalted()
T6D34 013:997.402 - 0.026ms returns TRUE
T6D34 013:997.427 JLINK_ReadReg(XPSR)
T6D34 013:997.454 - 0.026ms returns 0x61000000
T6D34 013:997.482 JLINK_ReadReg(XPSR)
T6D34 013:997.507 - 0.026ms returns 0x61000000
T6D34 013:997.534 JLINK_ReadReg(R15 (PC))
T6D34 013:997.560 - 0.026ms returns 0x0000173A
T6D34 013:997.587 JLINK_ReadReg(XPSR)
T6D34 013:997.614 - 0.026ms returns 0x61000000
T6D34 013:997.640 JLINK_ReadReg(XPSR)
T6D34 013:997.667 - 0.026ms returns 0x61000000
T6D34 013:997.693 JLINK_ReadMem(0x0000173A, 0x1 Bytes, ...)
T6D34 013:997.720    -- Read from flash cache (1 bytes @ 0x0000173A)
T6D34 013:997.757   Data:  FF
T6D34 013:997.795 - 0.101ms returns 0
T6D34 013:997.896 JLINK_IsHalted()
T6D34 013:997.939 - 0.043ms returns TRUE
T6D34 013:997.965 JLINK_ReadReg(XPSR)
T6D34 013:997.989 - 0.024ms returns 0x61000000
T6D34 013:998.013 JLINK_ReadReg(R15 (PC))
T6D34 013:998.037 - 0.023ms returns 0x0000173A
T6D34 013:998.062 JLINK_ReadReg(XPSR)
T6D34 013:998.085 - 0.023ms returns 0x61000000
T6D34 013:998.109 JLINK_ReadReg(XPSR)
T6D34 013:998.133 - 0.023ms returns 0x61000000
T6D34 013:998.157 JLINK_ReadReg(R15 (PC))
T6D34 013:998.181 - 0.023ms returns 0x0000173A
T6D34 013:998.205 JLINK_ReadReg(XPSR)
T6D34 013:998.229 - 0.023ms returns 0x61000000
T6D34 013:998.253 JLINK_ReadReg(XPSR)
T6D34 013:998.277 - 0.023ms returns 0x61000000
T6D34 013:998.301 JLINK_ReadMem(0x0000173A, 0x1 Bytes, ...)
T6D34 013:998.325    -- Read from flash cache (1 bytes @ 0x0000173A)
T6D34 013:998.422   Data:  FF
T6D34 013:998.456 - 0.155ms returns 0
T6D34 013:998.480 JLINK_IsHalted()
T6D34 013:998.504 - 0.023ms returns TRUE
T6D34 013:998.528 JLINK_ReadReg(XPSR)
T6D34 013:998.554 - 0.025ms returns 0x61000000
T6D34 013:998.578 JLINK_ReadReg(XPSR)
T6D34 013:998.602 - 0.023ms returns 0x61000000
T6D34 013:998.629 JLINK_ReadReg(R15 (PC))
T6D34 013:998.653 - 0.023ms returns 0x0000173A
T6D34 013:998.677 JLINK_ReadReg(XPSR)
T6D34 013:998.701 - 0.023ms returns 0x61000000
T6D34 013:998.725 JLINK_ReadReg(XPSR)
T6D34 013:998.747 - 0.023ms returns 0x61000000
T6D34 013:998.774 JLINK_ReadMem(0x0000173A, 0x1 Bytes, ...)
T6D34 013:998.797    -- Read from flash cache (1 bytes @ 0x0000173A)
T6D34 013:998.830   Data:  FF
T6D34 013:998.866 - 0.091ms returns 0
T6D34 014:000.030 JLINK_ReadRegs(NumRegs = 22)
T6D34 014:000.109   
  R0 (0)        = 0x00                 R1 (1)        = 0xC1                 R2 (2)        = 0x2FF4               R3 (3)        = 0x20004100        
  R4 (4)        = 0x20007FC8           R5 (5)        = 0x200045CC           R6 (6)        = 0x00                 R7 (7)        = 0x20007FB8        
  R8 (8)        = 0x00                 R9 (9)        = 0x40008668           R10 (10)      = 0x00                 R11 (11)      = 0x00              
  R12 (12)      = 0x40044400           R13 (SP) (13) = 0x20004A30           R14 (14)      = 0xC5                 R15 (PC) (15) = 0x173A            
  XPSR (16)     = 0x61000000           MSPLIM (86)   = 0x00                 PSPLIM (87)   = 0x00                 CFBP (20)     = 0x00              
  R0 (0)        = 0x00                 R1 (1)        = 0xC1              
T6D34 014:000.146 - 0.115ms returns 0x00
T6D34 014:001.950 JLINK_ReadMem(0x0000173A, 0x4 Bytes, ...)
T6D34 014:002.026    -- Read from flash cache (4 bytes @ 0x0000173A)
T6D34 014:002.054   Data:  FF F7 13 FE
T6D34 014:002.088 - 0.138ms returns 0
T6D34 014:003.784 JLINK_ClrBPEx(BPHandle = 0x00000002)
T6D34 014:003.870 - 0.087ms returns 0x00
T5770 014:005.656 JLINK_IsHalted()
T5770 014:005.733 - 0.076ms returns TRUE
T5770 014:005.755 JLINK_ReadReg(XPSR)
T5770 014:005.779 - 0.024ms returns 0x61000000
T5770 014:005.798 JLINK_ReadReg(R15 (PC))
T5770 014:005.818 - 0.018ms returns 0x0000173A
T5770 014:005.838 JLINK_ReadReg(XPSR)
T5770 014:005.856 - 0.018ms returns 0x61000000
T5770 014:005.875 JLINK_ReadReg(XPSR)
T5770 014:005.893 - 0.018ms returns 0x61000000
T5770 014:005.912 JLINK_ReadReg(R15 (PC))
T5770 014:005.934 - 0.023ms returns 0x0000173A
T5770 014:005.954 JLINK_ReadReg(XPSR)
T5770 014:005.973 - 0.018ms returns 0x61000000
T5770 014:005.990 JLINK_ReadReg(XPSR)
T5770 014:006.010 - 0.019ms returns 0x61000000
T5770 014:006.043 JLINK_ReadMem(0x0000173A, 0x1 Bytes, ...)
T5770 014:006.069    -- Read from flash cache (1 bytes @ 0x0000173A)
T5770 014:006.094   Data:  FF
T5770 014:006.136 - 0.092ms returns 0
T5770 014:006.160 JLINK_IsHalted()
T5770 014:006.178 - 0.017ms returns TRUE
T5770 014:006.200 JLINK_ReadReg(XPSR)
T5770 014:006.221 - 0.019ms returns 0x61000000
T5770 014:006.243 JLINK_ReadReg(XPSR)
T5770 014:006.266 - 0.022ms returns 0x61000000
T5770 014:006.286 JLINK_ReadReg(R15 (PC))
T5770 014:006.304 - 0.018ms returns 0x0000173A
T5770 014:006.323 JLINK_ReadReg(XPSR)
T5770 014:006.341 - 0.018ms returns 0x61000000
T5770 014:006.379 JLINK_ReadReg(XPSR)
T5770 014:006.397 - 0.018ms returns 0x61000000
T5770 014:006.416 JLINK_ReadMem(0x0000173A, 0x1 Bytes, ...)
T5770 014:006.434    -- Read from flash cache (1 bytes @ 0x0000173A)
T5770 014:006.458   Data:  FF
T5770 014:006.485 - 0.068ms returns 0
T5770 014:006.536 JLINK_ReadMem(0xE0001000, 0x4 Bytes, ...)
T5770 014:006.568   CPU_ReadMem(4 bytes @ 0xE0001000)
T5770 014:007.072   Data:  00 00 00 2B
T5770 014:007.136   Debug reg: DWT_CTRL
T5770 014:007.163 - 0.626ms returns 0
T6D34 014:034.414 JLINK_ReadMem(0x0000173A, 0x4 Bytes, ...)
T6D34 014:034.528    -- Read from flash cache (4 bytes @ 0x0000173A)
T6D34 014:034.554   Data:  FF F7 13 FE
T6D34 014:034.578 - 0.164ms returns 0
T6D34 014:420.541 JLINK_IsHalted()
T6D34 014:420.626 - 0.085ms returns TRUE
T6D34 014:420.646 JLINK_GoEx(MaxEmulInsts = 0, Flags = 0x01)
T6D34 014:420.678   CPU_ReadMem(4 bytes @ 0xE0001000)
T6D34 014:421.117   CPU_WriteMem(4 bytes @ 0xE0002008)
T6D34 014:422.090 - 1.441ms 
T6D34 014:524.538 JLINK_IsHalted()
T6D34 014:525.315 - 0.776ms returns FALSE
T6D34 014:525.389 JLINK_IsHalted()
T6D34 014:525.936 - 0.547ms returns FALSE
T6D34 014:632.576 JLINK_IsHalted()
T6D34 014:633.117 - 0.541ms returns FALSE
T6D34 014:633.173 JLINK_IsHalted()
T6D34 014:633.691 - 0.517ms returns FALSE
T6D34 014:742.222 JLINK_IsHalted()
T6D34 014:742.866 - 0.642ms returns FALSE
T6D34 014:742.978 JLINK_IsHalted()
T6D34 014:743.488 - 0.508ms returns FALSE
T6D34 014:850.856 JLINK_IsHalted()
T6D34 014:851.797 - 0.939ms returns FALSE
T6D34 014:851.901 JLINK_IsHalted()
T6D34 014:852.408 - 0.505ms returns FALSE
T6D34 014:960.354 JLINK_IsHalted()
T6D34 014:961.067 - 0.713ms returns FALSE
T6D34 014:961.149 JLINK_IsHalted()
T6D34 014:961.792 - 0.642ms returns FALSE
T6D34 015:069.571 JLINK_IsHalted()
T6D34 015:070.194 - 0.622ms returns FALSE
T6D34 015:070.266 JLINK_IsHalted()
T6D34 015:070.893 - 0.626ms returns FALSE
T6D34 015:179.178 JLINK_IsHalted()
T6D34 015:179.840 - 0.662ms returns FALSE
T6D34 015:179.912 JLINK_IsHalted()
T6D34 015:180.454 - 0.541ms returns FALSE
T6D34 015:288.437 JLINK_IsHalted()
T6D34 015:289.035 - 0.597ms returns FALSE
T6D34 015:289.093 JLINK_IsHalted()
T6D34 015:289.562 - 0.467ms returns FALSE
T6D34 015:397.512 JLINK_IsHalted()
T6D34 015:398.104 - 0.592ms returns FALSE
T6D34 015:398.158 JLINK_IsHalted()
T6D34 015:398.645 - 0.485ms returns FALSE
T5770 015:422.517 JLINK_IsHalted()
T5770 015:423.147 - 0.629ms returns FALSE
T5770 015:423.227 JLINK_IsHalted()
T5770 015:423.707 - 0.479ms returns FALSE
T6D34 015:507.501 JLINK_IsHalted()
T6D34 015:508.109 - 0.605ms returns FALSE
T6D34 015:508.222 JLINK_IsHalted()
T6D34 015:508.691 - 0.467ms returns FALSE
T6D34 015:616.390 JLINK_IsHalted()
T6D34 015:617.064 - 0.673ms returns FALSE
T6D34 015:617.133 JLINK_IsHalted()
T6D34 015:617.611 - 0.477ms returns FALSE
T6D34 015:725.579 JLINK_IsHalted()
T6D34 015:726.240 - 0.659ms returns FALSE
T6D34 015:726.301 JLINK_IsHalted()
T6D34 015:726.813 - 0.510ms returns FALSE
T6D34 015:835.112 JLINK_IsHalted()
T6D34 015:835.701 - 0.587ms returns FALSE
T6D34 015:835.786 JLINK_IsHalted()
T6D34 015:836.347 - 0.559ms returns FALSE
T6D34 015:944.390 JLINK_IsHalted()
T6D34 015:945.176 - 0.784ms returns FALSE
T6D34 015:945.261 JLINK_IsHalted()
T6D34 015:945.858 - 0.595ms returns FALSE
T6D34 016:054.277 JLINK_IsHalted()
T6D34 016:055.014 - 0.736ms returns FALSE
T6D34 016:055.106 JLINK_IsHalted()
T6D34 016:055.742 - 0.636ms returns FALSE
T6D34 016:163.378 JLINK_IsHalted()
T6D34 016:163.950 - 0.572ms returns FALSE
T6D34 016:164.014 JLINK_IsHalted()
T6D34 016:164.536 - 0.521ms returns FALSE
T6D34 016:273.235 JLINK_IsHalted()
T6D34 016:273.781 - 0.559ms returns FALSE
T6D34 016:273.848 JLINK_IsHalted()
T6D34 016:274.381 - 0.532ms returns FALSE
T6D34 016:382.392 JLINK_IsHalted()
T6D34 016:382.891 - 0.498ms returns FALSE
T6D34 016:382.950 JLINK_IsHalted()
T6D34 016:383.571 - 0.619ms returns FALSE
T5770 016:425.130 JLINK_IsHalted()
T5770 016:425.686 - 0.555ms returns FALSE
T5770 016:425.770 JLINK_IsHalted()
T5770 016:426.147 - 0.378ms returns FALSE
T6D34 016:492.000 JLINK_IsHalted()
T6D34 016:492.526 - 0.525ms returns FALSE
T6D34 016:492.606 JLINK_IsHalted()
T6D34 016:493.067 - 0.460ms returns FALSE
T6D34 016:601.101 JLINK_IsHalted()
T6D34 016:601.694 - 0.593ms returns FALSE
T6D34 016:601.750 JLINK_IsHalted()
T6D34 016:602.419 - 0.667ms returns FALSE
T6D34 016:711.251 JLINK_IsHalted()
T6D34 016:711.870 - 0.618ms returns FALSE
T6D34 016:711.946 JLINK_IsHalted()
T6D34 016:712.498 - 0.551ms returns FALSE
T6D34 016:819.822 JLINK_IsHalted()
T6D34 016:820.418 - 0.594ms returns FALSE
T6D34 016:820.474 JLINK_IsHalted()
T6D34 016:821.072 - 0.597ms returns FALSE
T6D34 016:929.388 JLINK_IsHalted()
T6D34 016:930.036 - 0.647ms returns FALSE
T6D34 016:930.092 JLINK_IsHalted()
T6D34 016:930.576 - 0.481ms returns FALSE
T6D34 017:038.964 JLINK_IsHalted()
T6D34 017:039.732 - 0.766ms returns FALSE
T6D34 017:039.822 JLINK_IsHalted()
T6D34 017:040.372 - 0.548ms returns FALSE
T6D34 017:147.418 JLINK_IsHalted()
T6D34 017:148.108 - 0.690ms returns FALSE
T6D34 017:148.164 JLINK_IsHalted()
T6D34 017:148.728 - 0.562ms returns FALSE
T6D34 017:256.974 JLINK_IsHalted()
T6D34 017:257.480 - 0.503ms returns FALSE
T6D34 017:257.532 JLINK_IsHalted()
T6D34 017:259.054 - 1.521ms returns FALSE
T6D34 017:365.984 JLINK_IsHalted()
T6D34 017:366.452 - 0.467ms returns FALSE
T6D34 017:366.486 JLINK_IsHalted()
T6D34 017:366.852 - 0.366ms returns FALSE
T5770 017:427.356 JLINK_IsHalted()
T5770 017:427.870 - 0.513ms returns FALSE
T5770 017:427.922 JLINK_IsHalted()
T5770 017:428.360 - 0.437ms returns FALSE
T6D34 017:476.320 JLINK_IsHalted()
T6D34 017:476.884 - 0.562ms returns FALSE
T6D34 017:476.936 JLINK_IsHalted()
T6D34 017:477.448 - 0.511ms returns FALSE
T6D34 017:585.074 JLINK_IsHalted()
T6D34 017:585.648 - 0.574ms returns FALSE
T6D34 017:585.700 JLINK_IsHalted()
T6D34 017:586.184 - 0.484ms returns FALSE
T6D34 017:695.136 JLINK_IsHalted()
T6D34 017:695.712 - 0.576ms returns FALSE
T6D34 017:695.780 JLINK_IsHalted()
T6D34 017:696.252 - 0.472ms returns FALSE
T6D34 017:804.044 JLINK_IsHalted()
T6D34 017:804.632 - 0.587ms returns FALSE
T6D34 017:804.686 JLINK_IsHalted()
T6D34 017:805.090 - 0.403ms returns FALSE
T6D34 017:913.086 JLINK_IsHalted()
T6D34 017:913.690 - 0.602ms returns FALSE
T6D34 017:913.756 JLINK_IsHalted()
T6D34 017:914.264 - 0.508ms returns FALSE
T6D34 018:022.640 JLINK_IsHalted()
T6D34 018:023.142 - 0.501ms returns FALSE
T6D34 018:023.194 JLINK_IsHalted()
T6D34 018:023.626 - 0.432ms returns FALSE
T6D34 018:132.082 JLINK_IsHalted()
T6D34 018:132.712 - 0.629ms returns FALSE
T6D34 018:132.778 JLINK_IsHalted()
T6D34 018:133.220 - 0.442ms returns FALSE
T6D34 018:241.102 JLINK_IsHalted()
T6D34 018:241.692 - 0.587ms returns FALSE
T6D34 018:241.784 JLINK_IsHalted()
T6D34 018:242.370 - 0.584ms returns FALSE
T6D34 018:351.290 JLINK_IsHalted()
T6D34 018:351.856 - 0.565ms returns FALSE
T6D34 018:351.964 JLINK_IsHalted()
T6D34 018:352.484 - 0.516ms returns FALSE
T5770 018:428.652 JLINK_IsHalted()
T5770 018:429.168 - 0.515ms returns FALSE
T5770 018:429.228 JLINK_IsHalted()
T5770 018:429.716 - 0.488ms returns FALSE
T6D34 018:461.032 JLINK_IsHalted()
T6D34 018:461.686 - 0.652ms returns FALSE
T6D34 018:461.780 JLINK_IsHalted()
T6D34 018:462.324 - 0.545ms returns FALSE
T6D34 018:569.768 JLINK_IsHalted()
T6D34 018:570.500 - 0.729ms returns FALSE
T6D34 018:570.574 JLINK_IsHalted()
T6D34 018:571.142 - 0.566ms returns FALSE
T6D34 018:679.174 JLINK_IsHalted()
T6D34 018:679.896 - 0.720ms returns FALSE
T6D34 018:680.014 JLINK_IsHalted()
T6D34 018:680.652 - 0.634ms returns FALSE
T6D34 018:788.436 JLINK_IsHalted()
T6D34 018:789.092 - 0.657ms returns FALSE
T6D34 018:789.180 JLINK_IsHalted()
T6D34 018:789.668 - 0.487ms returns FALSE
T6D34 018:898.152 JLINK_IsHalted()
T6D34 018:898.746 - 0.591ms returns FALSE
T6D34 018:898.836 JLINK_IsHalted()
T6D34 018:899.352 - 0.515ms returns FALSE
T6D34 019:006.854 JLINK_IsHalted()
T6D34 019:007.408 - 0.551ms returns FALSE
T6D34 019:007.470 JLINK_IsHalted()
T6D34 019:008.008 - 0.536ms returns FALSE
T6D34 019:116.604 JLINK_IsHalted()
T6D34 019:117.224 - 0.619ms returns FALSE
T6D34 019:117.270 JLINK_IsHalted()
T6D34 019:117.780 - 0.507ms returns FALSE
T6D34 019:226.412 JLINK_IsHalted()
T6D34 019:226.972 - 0.559ms returns FALSE
T6D34 019:227.030 JLINK_IsHalted()
T6D34 019:227.492 - 0.460ms returns FALSE
T6D34 019:335.100 JLINK_IsHalted()
T6D34 019:335.748 - 0.646ms returns FALSE
T6D34 019:335.796 JLINK_IsHalted()
T6D34 019:336.348 - 0.549ms returns FALSE
T5770 019:431.318 JLINK_IsHalted()
T5770 019:431.880 - 0.559ms returns FALSE
T5770 019:431.948 JLINK_IsHalted()
T5770 019:432.338 - 0.390ms returns FALSE
T6D34 019:444.420 JLINK_IsHalted()
T6D34 019:445.028 - 0.605ms returns FALSE
T6D34 019:445.076 JLINK_IsHalted()
T6D34 019:445.560 - 0.482ms returns FALSE
T6D34 019:554.548 JLINK_IsHalted()
T6D34 019:555.240 - 0.690ms returns FALSE
T6D34 019:555.308 JLINK_IsHalted()
T6D34 019:555.842 - 0.533ms returns FALSE
T6D34 019:663.716 JLINK_IsHalted()
T6D34 019:664.384 - 0.665ms returns FALSE
T6D34 019:664.436 JLINK_IsHalted()
T6D34 019:664.964 - 0.528ms returns FALSE
T6D34 019:772.660 JLINK_IsHalted()
T6D34 019:773.224 - 0.562ms returns FALSE
T6D34 019:773.276 JLINK_IsHalted()
T6D34 019:773.796 - 0.520ms returns FALSE
T6D34 019:882.150 JLINK_IsHalted()
T6D34 019:882.662 - 0.510ms returns FALSE
T6D34 019:882.716 JLINK_IsHalted()
T6D34 019:883.308 - 0.589ms returns FALSE
T6D34 019:991.492 JLINK_IsHalted()
T6D34 019:992.240 - 0.746ms returns FALSE
T6D34 019:992.338 JLINK_IsHalted()
T6D34 019:992.894 - 0.555ms returns FALSE
T6D34 020:128.852 JLINK_IsHalted()
T6D34 020:129.294 - 0.445ms returns FALSE
T6D58 020:129.326   JLINK_RTTERMINAL_Control(Cmd = JLINKARM_RTTERMINAL_CMD_START, CtrlBlockAddr = 0x20004A4C)
T6D58 020:129.420   - 0.076ms returns 0x00
T6D34 020:129.642 JLINK_IsHalted()
T6D34 020:129.968 - 0.326ms returns FALSE
T6D58 020:131.754   JLINK_RTTERMINAL_Read(BufferIndex = 0, BufferSize = 0x00010000)
T6D58 020:131.804   - 0.049ms returns 0
T7970 020:132.590   CPU_ReadMem(24 bytes @ 0x20004A4C)
T7970 020:133.116   Periodic RTT: RTT CB auto-detected @ 0x20004A4C
T7970 020:133.186   Periodic RTT: RTT CB verified. Started data handling
T7970 020:135.608   CPU_ReadMem(32 bytes @ 0x00002C9A)
T6D58 020:182.366   JLINK_RTTERMINAL_Read(BufferIndex = 0, BufferSize = 0x00010000)
T6D58 020:182.490   - 0.123ms returns 103
T6D58 020:182.808   JLINK_RTTERMINAL_Read(BufferIndex = 0, BufferSize = 0x00010000)
T6D58 020:182.856   - 0.048ms returns 0
T6D34 020:226.596 JLINK_IsHalted()
T6D34 020:227.836 - 1.240ms returns FALSE
T6D34 020:227.918 JLINK_IsHalted()
T6D34 020:228.608 - 0.689ms returns FALSE
T6D58 020:233.456   JLINK_RTTERMINAL_Read(BufferIndex = 0, BufferSize = 0x00010000)
T6D58 020:233.560   - 0.105ms returns 0
T6D58 020:284.438   JLINK_RTTERMINAL_Read(BufferIndex = 0, BufferSize = 0x00010000)
T6D58 020:284.542   - 0.104ms returns 0
T6D34 020:335.036 JLINK_IsHalted()
T6D34 020:336.202 - 1.163ms returns FALSE
T6D58 020:336.276   JLINK_RTTERMINAL_Read(BufferIndex = 0, BufferSize = 0x00010000)
T6D58 020:336.314   - 0.039ms returns 0
T6D34 020:336.472 JLINK_IsHalted()
T6D34 020:336.972 - 0.499ms returns FALSE
T6D58 020:387.140   JLINK_RTTERMINAL_Read(BufferIndex = 0, BufferSize = 0x00010000)
T6D58 020:387.228   - 0.086ms returns 0
T5770 020:432.764 JLINK_IsHalted()
T5770 020:433.516 - 0.751ms returns FALSE
T5770 020:433.572 JLINK_IsHalted()
T5770 020:434.532 - 0.961ms returns FALSE
T6D58 020:437.804   JLINK_RTTERMINAL_Read(BufferIndex = 0, BufferSize = 0x00010000)
T6D58 020:437.892   - 0.086ms returns 0
T6D34 020:444.092 JLINK_IsHalted()
T6D34 020:445.034 - 0.939ms returns FALSE
T6D34 020:445.202 JLINK_IsHalted()
T6D34 020:446.144 - 0.942ms returns FALSE
T6D58 020:489.030   JLINK_RTTERMINAL_Read(BufferIndex = 0, BufferSize = 0x00010000)
T6D58 020:489.116   - 0.087ms returns 0
T6D58 020:540.342   JLINK_RTTERMINAL_Read(BufferIndex = 0, BufferSize = 0x00010000)
T6D58 020:540.444   - 0.101ms returns 0
T6D34 020:554.180 JLINK_IsHalted()
T6D34 020:555.006 - 0.824ms returns FALSE
T6D34 020:555.080 JLINK_IsHalted()
T6D34 020:555.844 - 0.763ms returns FALSE
T6D58 020:591.456   JLINK_RTTERMINAL_Read(BufferIndex = 0, BufferSize = 0x00010000)
T6D58 020:591.620   - 0.165ms returns 0
T6D58 020:642.650   JLINK_RTTERMINAL_Read(BufferIndex = 0, BufferSize = 0x00010000)
T6D58 020:642.770   - 0.120ms returns 0
T6D34 020:663.036 JLINK_IsHalted()
T6D34 020:664.140 - 1.103ms returns FALSE
T6D34 020:664.232 JLINK_IsHalted()
T6D34 020:664.876 - 0.644ms returns FALSE
T6D58 020:694.004   JLINK_RTTERMINAL_Read(BufferIndex = 0, BufferSize = 0x00010000)
T6D58 020:694.168   - 0.162ms returns 0
T6D58 020:744.970   JLINK_RTTERMINAL_Read(BufferIndex = 0, BufferSize = 0x00010000)
T6D58 020:745.080   - 0.111ms returns 0
T6D34 020:772.606 JLINK_IsHalted()
T6D34 020:773.688 - 1.081ms returns FALSE
T6D34 020:773.770 JLINK_IsHalted()
T6D34 020:774.516 - 0.746ms returns FALSE
T6D58 020:796.014   JLINK_RTTERMINAL_Read(BufferIndex = 0, BufferSize = 0x00010000)
T6D58 020:796.096   - 0.081ms returns 0
T6D58 020:847.036   JLINK_RTTERMINAL_Read(BufferIndex = 0, BufferSize = 0x00010000)
T6D58 020:847.114   - 0.075ms returns 0
T6D34 020:882.202 JLINK_IsHalted()
T6D34 020:883.148 - 0.946ms returns FALSE
T6D34 020:883.226 JLINK_IsHalted()
T6D34 020:884.144 - 0.918ms returns FALSE
T6D58 020:897.760   JLINK_RTTERMINAL_Read(BufferIndex = 0, BufferSize = 0x00010000)
T6D58 020:897.842   - 0.082ms returns 0
T6D58 020:950.012   JLINK_RTTERMINAL_Read(BufferIndex = 0, BufferSize = 0x00010000)
T6D58 020:950.104   - 0.091ms returns 0
T6D34 020:991.182 JLINK_IsHalted()
T6D34 020:992.250 - 1.065ms returns FALSE
T6D34 020:992.364 JLINK_IsHalted()
T6D34 020:992.996 - 0.630ms returns FALSE
T6D58 021:001.780   JLINK_RTTERMINAL_Read(BufferIndex = 0, BufferSize = 0x00010000)
T6D58 021:001.880   - 0.099ms returns 0
T6D58 021:052.810   JLINK_RTTERMINAL_Read(BufferIndex = 0, BufferSize = 0x00010000)
T6D58 021:052.906   - 0.096ms returns 0
T6D58 021:103.810   JLINK_RTTERMINAL_Read(BufferIndex = 0, BufferSize = 0x00010000)
T6D58 021:103.906   - 0.096ms returns 0
T6D34 021:104.108 JLINK_IsHalted()
T6D34 021:105.260 - 1.150ms returns FALSE
T6D34 021:105.348 JLINK_IsHalted()
T6D34 021:105.956 - 0.607ms returns FALSE
T6D58 021:155.658   JLINK_RTTERMINAL_Read(BufferIndex = 0, BufferSize = 0x00010000)
T6D58 021:155.732   - 0.075ms returns 0
T6D58 021:206.486   JLINK_RTTERMINAL_Read(BufferIndex = 0, BufferSize = 0x00010000)
T6D58 021:206.594   - 0.106ms returns 0
T6D34 021:210.260 JLINK_IsHalted()
T6D34 021:211.214 - 0.954ms returns FALSE
T6D34 021:211.276 JLINK_IsHalted()
T6D34 021:211.940 - 0.664ms returns FALSE
T6D58 021:258.740   JLINK_RTTERMINAL_Read(BufferIndex = 0, BufferSize = 0x00010000)
T6D58 021:258.844   - 0.104ms returns 0
T6D58 021:309.488   JLINK_RTTERMINAL_Read(BufferIndex = 0, BufferSize = 0x00010000)
T6D58 021:309.584   - 0.096ms returns 0
T6D34 021:320.054 JLINK_IsHalted()
T6D34 021:320.728 - 0.671ms returns FALSE
T6D34 021:320.784 JLINK_IsHalted()
T6D34 021:321.658 - 0.872ms returns FALSE
T6D58 021:361.098   JLINK_RTTERMINAL_Read(BufferIndex = 0, BufferSize = 0x00010000)
T6D58 021:361.178   - 0.080ms returns 0
T6D58 021:412.840   JLINK_RTTERMINAL_Read(BufferIndex = 0, BufferSize = 0x00010000)
T6D58 021:412.916   - 0.076ms returns 0
T6D34 021:429.204 JLINK_IsHalted()
T6D34 021:429.940 - 0.737ms returns FALSE
T6D34 021:429.994 JLINK_IsHalted()
T6D34 021:430.864 - 0.870ms returns FALSE
T5770 021:435.764 JLINK_IsHalted()
T5770 021:436.952 - 1.187ms returns FALSE
T5770 021:437.052 JLINK_IsHalted()
T5770 021:438.272 - 1.219ms returns FALSE
T6D58 021:464.292   JLINK_RTTERMINAL_Read(BufferIndex = 0, BufferSize = 0x00010000)
T6D58 021:464.364   - 0.071ms returns 0
T6D58 021:515.642   JLINK_RTTERMINAL_Read(BufferIndex = 0, BufferSize = 0x00010000)
T6D58 021:515.792   - 0.152ms returns 0
T6D34 021:538.512 JLINK_IsHalted()
T6D34 021:539.550 - 1.037ms returns FALSE
T6D34 021:539.600 JLINK_IsHalted()
T6D34 021:540.380 - 0.780ms returns FALSE
T6D58 021:566.388   JLINK_RTTERMINAL_Read(BufferIndex = 0, BufferSize = 0x00010000)
T6D58 021:566.478   - 0.089ms returns 0
T6D58 021:618.914   JLINK_RTTERMINAL_Read(BufferIndex = 0, BufferSize = 0x00010000)
T6D58 021:618.980   - 0.067ms returns 0
T6D34 021:647.228 JLINK_IsHalted()
T6D34 021:648.388 - 1.158ms returns FALSE
T6D34 021:648.444 JLINK_IsHalted()
T6D34 021:648.966 - 0.522ms returns FALSE
T6D58 021:671.060   JLINK_RTTERMINAL_Read(BufferIndex = 0, BufferSize = 0x00010000)
T6D58 021:671.162   - 0.100ms returns 0
T6D58 021:722.220   JLINK_RTTERMINAL_Read(BufferIndex = 0, BufferSize = 0x00010000)
T6D58 021:722.312   - 0.093ms returns 0
T6D34 021:759.642 JLINK_IsHalted()
T6D34 021:760.454 - 0.811ms returns FALSE
T6D34 021:760.580 JLINK_IsHalted()
T6D34 021:761.210 - 0.629ms returns FALSE
T6D58 021:773.220   JLINK_RTTERMINAL_Read(BufferIndex = 0, BufferSize = 0x00010000)
T6D58 021:773.294   - 0.075ms returns 0
T6D58 021:824.710   JLINK_RTTERMINAL_Read(BufferIndex = 0, BufferSize = 0x00010000)
T6D58 021:824.816   - 0.106ms returns 0
T6D34 021:866.156 JLINK_IsHalted()
T6D34 021:866.898 - 0.742ms returns FALSE
T6D34 021:866.938 JLINK_IsHalted()
T6D34 021:867.714 - 0.776ms returns FALSE
T6D58 021:876.016   JLINK_RTTERMINAL_Read(BufferIndex = 0, BufferSize = 0x00010000)
T6D58 021:876.148   - 0.131ms returns 0
T6D58 021:927.542   JLINK_RTTERMINAL_Read(BufferIndex = 0, BufferSize = 0x00010000)
T6D58 021:927.630   - 0.087ms returns 0
T6D34 021:976.046 JLINK_IsHalted()
T6D34 021:976.900 - 0.850ms returns FALSE
T6D34 021:976.976 JLINK_IsHalted()
T6D34 021:977.944 - 0.965ms returns FALSE
T6D58 021:978.202   JLINK_RTTERMINAL_Read(BufferIndex = 0, BufferSize = 0x00010000)
T6D58 021:978.268   - 0.068ms returns 0
T6D58 022:028.872   JLINK_RTTERMINAL_Read(BufferIndex = 0, BufferSize = 0x00010000)
T6D58 022:028.972   - 0.099ms returns 0
T6D58 022:080.206   JLINK_RTTERMINAL_Read(BufferIndex = 0, BufferSize = 0x00010000)
T6D58 022:080.292   - 0.087ms returns 0
T6D34 022:085.064 JLINK_IsHalted()
T6D34 022:086.054 - 0.989ms returns FALSE
T6D34 022:086.124 JLINK_IsHalted()
T6D34 022:087.338 - 1.214ms returns FALSE
T6D58 022:131.422   JLINK_RTTERMINAL_Read(BufferIndex = 0, BufferSize = 0x00010000)
T6D58 022:131.498   - 0.075ms returns 0
T6D58 022:183.108   JLINK_RTTERMINAL_Read(BufferIndex = 0, BufferSize = 0x00010000)
T6D58 022:183.204   - 0.096ms returns 0
T6D34 022:194.998 JLINK_IsHalted()
T6D34 022:195.664 - 0.664ms returns FALSE
T6D34 022:195.718 JLINK_IsHalted()
T6D34 022:196.492 - 0.772ms returns FALSE
T6D58 022:233.736   JLINK_RTTERMINAL_Read(BufferIndex = 0, BufferSize = 0x00010000)
T6D58 022:233.822   - 0.086ms returns 0
T6D58 022:284.854   JLINK_RTTERMINAL_Read(BufferIndex = 0, BufferSize = 0x00010000)
T6D58 022:284.956   - 0.102ms returns 0
T6D34 022:304.416 JLINK_IsHalted()
T6D34 022:305.532 - 1.114ms returns FALSE
T6D34 022:305.612 JLINK_IsHalted()
T6D34 022:306.320 - 0.708ms returns FALSE
T6D58 022:336.732   JLINK_RTTERMINAL_Read(BufferIndex = 0, BufferSize = 0x00010000)
T6D58 022:336.834   - 0.100ms returns 0
T6D58 022:388.422   JLINK_RTTERMINAL_Read(BufferIndex = 0, BufferSize = 0x00010000)
T6D58 022:388.608   - 0.186ms returns 0
T6D34 022:413.060 JLINK_IsHalted()
T6D34 022:414.036 - 0.973ms returns FALSE
T6D34 022:414.182 JLINK_IsHalted()
T6D34 022:414.826 - 0.641ms returns FALSE
T6D58 022:439.484   JLINK_RTTERMINAL_Read(BufferIndex = 0, BufferSize = 0x00010000)
T6D58 022:439.708   - 0.225ms returns 0
T5770 022:439.946 JLINK_IsHalted()
T5770 022:441.346 - 1.398ms returns FALSE
T5770 022:441.534 JLINK_IsHalted()
T5770 022:442.380 - 0.844ms returns FALSE
T6D58 022:491.424   JLINK_RTTERMINAL_Read(BufferIndex = 0, BufferSize = 0x00010000)
T6D58 022:491.670   - 0.247ms returns 0
T6D34 022:522.364 JLINK_IsHalted()
T6D34 022:523.552 - 1.186ms returns FALSE
T6D34 022:523.676 JLINK_IsHalted()
T6D34 022:524.908 - 1.231ms returns FALSE
T6D58 022:545.386   JLINK_RTTERMINAL_Read(BufferIndex = 0, BufferSize = 0x00010000)
T6D58 022:545.490   - 0.104ms returns 0
T6D58 022:597.372   JLINK_RTTERMINAL_Read(BufferIndex = 0, BufferSize = 0x00010000)
T6D58 022:597.468   - 0.094ms returns 0
T6D34 022:632.088 JLINK_IsHalted()
T6D34 022:633.026 - 0.936ms returns FALSE
T6D34 022:633.118 JLINK_IsHalted()
T6D34 022:634.020 - 0.900ms returns FALSE
T6D58 022:648.640   JLINK_RTTERMINAL_Read(BufferIndex = 0, BufferSize = 0x00010000)
T6D58 022:648.798   - 0.158ms returns 0
T6D58 022:700.446   JLINK_RTTERMINAL_Read(BufferIndex = 0, BufferSize = 0x00010000)
T6D58 022:700.614   - 0.170ms returns 0
T6D34 022:741.204 JLINK_IsHalted()
T6D34 022:742.064 - 0.857ms returns FALSE
T6D34 022:742.254 JLINK_IsHalted()
T6D34 022:743.550 - 1.295ms returns FALSE
T6D58 022:751.894   JLINK_RTTERMINAL_Read(BufferIndex = 0, BufferSize = 0x00010000)
T6D58 022:751.984   - 0.090ms returns 0
T6D58 022:802.636   JLINK_RTTERMINAL_Read(BufferIndex = 0, BufferSize = 0x00010000)
T6D58 022:802.740   - 0.103ms returns 0
T6D58 022:853.958   JLINK_RTTERMINAL_Read(BufferIndex = 0, BufferSize = 0x00010000)
T6D58 022:854.122   - 0.164ms returns 0
T6D34 022:858.328 JLINK_IsHalted()
T6D34 022:859.630 - 1.299ms returns FALSE
T6D34 022:859.780 JLINK_IsHalted()
T6D34 022:861.056 - 1.274ms returns FALSE
T6D58 022:905.040   JLINK_RTTERMINAL_Read(BufferIndex = 0, BufferSize = 0x00010000)
T6D58 022:905.198   - 0.160ms returns 0
T6D58 022:956.666   JLINK_RTTERMINAL_Read(BufferIndex = 0, BufferSize = 0x00010000)
T6D58 022:956.850   - 0.185ms returns 0
T6D34 022:962.700 JLINK_IsHalted()
T6D34 022:964.008 - 1.306ms returns FALSE
T6D34 022:964.152 JLINK_IsHalted()
T6D34 022:965.332 - 1.180ms returns FALSE
T6D58 023:009.196   JLINK_RTTERMINAL_Read(BufferIndex = 0, BufferSize = 0x00010000)
T6D58 023:009.352   - 0.158ms returns 0
T6D58 023:061.236   JLINK_RTTERMINAL_Read(BufferIndex = 0, BufferSize = 0x00010000)
T6D58 023:061.342   - 0.105ms returns 0
T6D34 023:069.588 JLINK_IsHalted()
T6D34 023:070.828 - 1.238ms returns FALSE
T6D34 023:070.964 JLINK_IsHalted()
T6D34 023:072.116 - 1.149ms returns FALSE
T6D58 023:112.634   JLINK_RTTERMINAL_Read(BufferIndex = 0, BufferSize = 0x00010000)
T6D58 023:112.748   - 0.114ms returns 0
T6D58 023:164.452   JLINK_RTTERMINAL_Read(BufferIndex = 0, BufferSize = 0x00010000)
T6D58 023:164.608   - 0.156ms returns 0
T6D34 023:183.684 JLINK_IsHalted()
T6D34 023:184.828 - 1.145ms returns FALSE
T6D34 023:184.920 JLINK_IsHalted()
T6D34 023:185.538 - 0.617ms returns FALSE
T6D58 023:215.570   JLINK_RTTERMINAL_Read(BufferIndex = 0, BufferSize = 0x00010000)
T6D58 023:215.728   - 0.159ms returns 0
T6D58 023:267.574   JLINK_RTTERMINAL_Read(BufferIndex = 0, BufferSize = 0x00010000)
T6D58 023:267.724   - 0.150ms returns 0
T6D34 023:288.212 JLINK_IsHalted()
T6D34 023:289.140 - 0.913ms returns FALSE
T6D34 023:289.262 JLINK_IsHalted()
T6D34 023:289.892 - 0.630ms returns FALSE
T6D58 023:318.740   JLINK_RTTERMINAL_Read(BufferIndex = 0, BufferSize = 0x00010000)
T6D58 023:318.910   - 0.170ms returns 0
T6D58 023:370.450   JLINK_RTTERMINAL_Read(BufferIndex = 0, BufferSize = 0x00010000)
T6D58 023:370.606   - 0.158ms returns 0
T6D34 023:401.912 JLINK_IsHalted()
T6D34 023:403.092 - 1.180ms returns FALSE
T6D34 023:403.154 JLINK_IsHalted()
T6D34 023:403.746 - 0.591ms returns FALSE
T6D58 023:421.278   JLINK_RTTERMINAL_Read(BufferIndex = 0, BufferSize = 0x00010000)
T6D58 023:421.434   - 0.156ms returns 0
T5770 023:446.802 JLINK_IsHalted()
T5770 023:447.506 - 0.703ms returns FALSE
T5770 023:447.612 JLINK_IsHalted()
T5770 023:448.270 - 0.656ms returns FALSE
T6D58 023:474.454   JLINK_RTTERMINAL_Read(BufferIndex = 0, BufferSize = 0x00010000)
T6D58 023:474.622   - 0.168ms returns 0
T6D34 023:509.046 JLINK_IsHalted()
T6D34 023:510.308 - 1.258ms returns FALSE
T6D34 023:510.432 JLINK_IsHalted()
T6D34 023:511.916 - 1.480ms returns FALSE
T6D58 023:526.020   JLINK_RTTERMINAL_Read(BufferIndex = 0, BufferSize = 0x00010000)
T6D58 023:526.168   - 0.149ms returns 0
T6D58 023:577.100   JLINK_RTTERMINAL_Read(BufferIndex = 0, BufferSize = 0x00010000)
T6D58 023:577.274   - 0.175ms returns 0
T6D34 023:616.184 JLINK_IsHalted()
T6D34 023:616.914 - 0.726ms returns FALSE
T6D34 023:617.068 JLINK_IsHalted()
T6D34 023:618.428 - 1.357ms returns FALSE
T6D58 023:628.578   JLINK_RTTERMINAL_Read(BufferIndex = 0, BufferSize = 0x00010000)
T6D58 023:628.752   - 0.174ms returns 0
T6D58 023:681.312   JLINK_RTTERMINAL_Read(BufferIndex = 0, BufferSize = 0x00010000)
T6D58 023:681.390   - 0.079ms returns 0
T6D34 023:725.820 JLINK_IsHalted()
T6D34 023:726.484 - 0.662ms returns FALSE
T6D34 023:726.556 JLINK_IsHalted()
T6D34 023:727.278 - 0.720ms returns FALSE
T6D58 023:732.648   JLINK_RTTERMINAL_Read(BufferIndex = 0, BufferSize = 0x00010000)
T6D58 023:732.724   - 0.077ms returns 0
T6D58 023:783.492   JLINK_RTTERMINAL_Read(BufferIndex = 0, BufferSize = 0x00010000)
T6D58 023:783.600   - 0.106ms returns 0
T6D58 023:834.964   JLINK_RTTERMINAL_Read(BufferIndex = 0, BufferSize = 0x00010000)
T6D58 023:835.042   - 0.077ms returns 0
T6D34 023:835.694 JLINK_IsHalted()
T6D34 023:836.646 - 0.949ms returns FALSE
T6D34 023:836.732 JLINK_IsHalted()
T6D34 023:837.326 - 0.592ms returns FALSE
T6D58 023:887.324   JLINK_RTTERMINAL_Read(BufferIndex = 0, BufferSize = 0x00010000)
T6D58 023:887.476   - 0.155ms returns 0
T6D58 023:938.482   JLINK_RTTERMINAL_Read(BufferIndex = 0, BufferSize = 0x00010000)
T6D58 023:938.664   - 0.184ms returns 0
T6D34 023:945.424 JLINK_IsHalted()
T6D34 023:946.564 - 1.139ms returns FALSE
T6D34 023:946.714 JLINK_IsHalted()
T6D34 023:947.418 - 0.699ms returns FALSE
T6D58 023:989.470   JLINK_RTTERMINAL_Read(BufferIndex = 0, BufferSize = 0x00010000)
T6D58 023:989.570   - 0.100ms returns 0
T6D58 024:043.900   JLINK_RTTERMINAL_Read(BufferIndex = 0, BufferSize = 0x00010000)
T6D58 024:044.070   - 0.170ms returns 0
T6D34 024:054.374 JLINK_IsHalted()
T6D34 024:055.926 - 1.550ms returns FALSE
T6D34 024:056.110 JLINK_IsHalted()
T6D34 024:057.108 - 0.996ms returns FALSE
T6D58 024:095.486   JLINK_RTTERMINAL_Read(BufferIndex = 0, BufferSize = 0x00010000)
T6D58 024:095.600   - 0.114ms returns 0
T6D58 024:147.252   JLINK_RTTERMINAL_Read(BufferIndex = 0, BufferSize = 0x00010000)
T6D58 024:147.352   - 0.101ms returns 0
T6D34 024:164.614 JLINK_IsHalted()
T6D34 024:165.384 - 0.767ms returns FALSE
T6D34 024:165.534 JLINK_IsHalted()
T6D34 024:166.894 - 1.357ms returns FALSE
T6D58 024:198.494   JLINK_RTTERMINAL_Read(BufferIndex = 0, BufferSize = 0x00010000)
T6D58 024:198.614   - 0.120ms returns 0
T6D58 024:250.370   JLINK_RTTERMINAL_Read(BufferIndex = 0, BufferSize = 0x00010000)
T6D58 024:250.588   - 0.217ms returns 0
T6D34 024:272.556 JLINK_IsHalted()
T6D34 024:273.740 - 1.182ms returns FALSE
T6D34 024:273.908 JLINK_IsHalted()
T6D34 024:274.912 - 0.999ms returns FALSE
T6D58 024:301.168   JLINK_RTTERMINAL_Read(BufferIndex = 0, BufferSize = 0x00010000)
T6D58 024:301.286   - 0.119ms returns 0
T6D58 024:352.690   JLINK_RTTERMINAL_Read(BufferIndex = 0, BufferSize = 0x00010000)
T6D58 024:352.828   - 0.138ms returns 0
T6D34 024:382.148 JLINK_IsHalted()
T6D34 024:382.892 - 0.741ms returns FALSE
T6D34 024:383.002 JLINK_IsHalted()
T6D34 024:383.774 - 0.770ms returns FALSE
T6D58 024:404.570   JLINK_RTTERMINAL_Read(BufferIndex = 0, BufferSize = 0x00010000)
T6D58 024:404.652   - 0.083ms returns 0
T5770 024:449.122 JLINK_IsHalted()
T5770 024:450.066 - 0.942ms returns FALSE
T5770 024:450.156 JLINK_IsHalted()
T5770 024:450.838 - 0.682ms returns FALSE
T6D58 024:455.708   JLINK_RTTERMINAL_Read(BufferIndex = 0, BufferSize = 0x00010000)
T6D58 024:455.826   - 0.117ms returns 0
T6D34 024:491.304 JLINK_IsHalted()
T6D34 024:492.510 - 1.204ms returns FALSE
T6D34 024:492.610 JLINK_IsHalted()
T6D34 024:493.238 - 0.627ms returns FALSE
T6D58 024:506.554   JLINK_RTTERMINAL_Read(BufferIndex = 0, BufferSize = 0x00010000)
T6D58 024:506.686   - 0.133ms returns 0
T6D58 024:558.852   JLINK_RTTERMINAL_Read(BufferIndex = 0, BufferSize = 0x00010000)
T6D58 024:559.016   - 0.166ms returns 0
T6D34 024:606.320 JLINK_IsHalted()
T6D34 024:607.988 - 1.666ms returns FALSE
T6D34 024:608.124 JLINK_IsHalted()
T6D34 024:608.868 - 0.743ms returns FALSE
T6D58 024:610.512   JLINK_RTTERMINAL_Read(BufferIndex = 0, BufferSize = 0x00010000)
T6D58 024:610.692   - 0.180ms returns 0
T6D58 024:661.790   JLINK_RTTERMINAL_Read(BufferIndex = 0, BufferSize = 0x00010000)
T6D58 024:661.902   - 0.112ms returns 0
T6D34 024:710.088 JLINK_IsHalted()
T6D34 024:710.934 - 0.844ms returns FALSE
T6D34 024:711.008 JLINK_IsHalted()
T6D34 024:711.778 - 0.769ms returns FALSE
T6D58 024:712.572   JLINK_RTTERMINAL_Read(BufferIndex = 0, BufferSize = 0x00010000)
T6D58 024:712.648   - 0.073ms returns 0
T6D58 024:763.120   JLINK_RTTERMINAL_Read(BufferIndex = 0, BufferSize = 0x00010000)
T6D58 024:763.234   - 0.113ms returns 0
T6D58 024:814.060   JLINK_RTTERMINAL_Read(BufferIndex = 0, BufferSize = 0x00010000)
T6D58 024:814.218   - 0.158ms returns 0
T6D34 024:824.492 JLINK_IsHalted()
T6D34 024:825.530 - 1.036ms returns FALSE
T6D34 024:825.714 JLINK_IsHalted()
T6D34 024:826.746 - 1.031ms returns FALSE
T6D58 024:865.508   JLINK_RTTERMINAL_Read(BufferIndex = 0, BufferSize = 0x00010000)
T6D58 024:865.676   - 0.169ms returns 0
T6D58 024:917.126   JLINK_RTTERMINAL_Read(BufferIndex = 0, BufferSize = 0x00010000)
T6D58 024:917.286   - 0.160ms returns 0
T6D34 024:931.656 JLINK_IsHalted()
T6D34 024:932.764 - 1.106ms returns FALSE
T6D34 024:932.894 JLINK_IsHalted()
T6D34 024:933.540 - 0.642ms returns FALSE
T6D58 024:968.426   JLINK_RTTERMINAL_Read(BufferIndex = 0, BufferSize = 0x00010000)
T6D58 024:968.594   - 0.169ms returns 0
T6D58 025:021.404   JLINK_RTTERMINAL_Read(BufferIndex = 0, BufferSize = 0x00010000)
T6D58 025:021.568   - 0.164ms returns 0
T6D34 025:037.980 JLINK_IsHalted()
T6D34 025:038.602 - 0.622ms returns FALSE
T6D34 025:038.630 JLINK_IsHalted()
T6D34 025:039.454 - 0.824ms returns FALSE
T6D58 025:072.072   JLINK_RTTERMINAL_Read(BufferIndex = 0, BufferSize = 0x00010000)
T6D58 025:072.190   - 0.120ms returns 0
T6D58 025:123.392   JLINK_RTTERMINAL_Read(BufferIndex = 0, BufferSize = 0x00010000)
T6D58 025:123.548   - 0.154ms returns 0
T6D34 025:153.340 JLINK_IsHalted()
T6D34 025:154.746 - 1.402ms returns FALSE
T6D34 025:154.896 JLINK_IsHalted()
T6D34 025:156.060 - 1.166ms returns FALSE
T6D58 025:174.490   JLINK_RTTERMINAL_Read(BufferIndex = 0, BufferSize = 0x00010000)
T6D58 025:174.672   - 0.184ms returns 0
T6D58 025:226.808   JLINK_RTTERMINAL_Read(BufferIndex = 0, BufferSize = 0x00010000)
T6D58 025:226.972   - 0.165ms returns 0
T6D34 025:259.596 JLINK_IsHalted()
T6D34 025:261.156 - 1.556ms returns FALSE
T6D34 025:261.294 JLINK_IsHalted()
T6D34 025:262.164 - 0.867ms returns FALSE
T6D58 025:278.124   JLINK_RTTERMINAL_Read(BufferIndex = 0, BufferSize = 0x00010000)
T6D58 025:278.348   - 0.224ms returns 0
T6D58 025:329.948   JLINK_RTTERMINAL_Read(BufferIndex = 0, BufferSize = 0x00010000)
T6D58 025:330.116   - 0.168ms returns 0
T6D34 025:369.332 JLINK_IsHalted()
T6D34 025:370.468 - 1.134ms returns FALSE
T6D34 025:370.608 JLINK_IsHalted()
T6D34 025:372.076 - 1.466ms returns FALSE
T6D58 025:382.850   JLINK_RTTERMINAL_Read(BufferIndex = 0, BufferSize = 0x00010000)
T6D58 025:382.992   - 0.144ms returns 0
T6D58 025:435.580   JLINK_RTTERMINAL_Read(BufferIndex = 0, BufferSize = 0x00010000)
T6D58 025:435.674   - 0.093ms returns 0
T5770 025:451.490 JLINK_IsHalted()
T5770 025:452.126 - 0.635ms returns FALSE
T5770 025:452.262 JLINK_IsHalted()
T5770 025:453.420 - 1.154ms returns FALSE
T6D34 025:480.610 JLINK_IsHalted()
T6D34 025:481.968 - 1.355ms returns FALSE
T6D34 025:482.182 JLINK_IsHalted()
T6D34 025:482.968 - 0.784ms returns FALSE
T6D58 025:486.916   JLINK_RTTERMINAL_Read(BufferIndex = 0, BufferSize = 0x00010000)
T6D58 025:487.086   - 0.170ms returns 0
T6D58 025:538.412   JLINK_RTTERMINAL_Read(BufferIndex = 0, BufferSize = 0x00010000)
T6D58 025:538.566   - 0.155ms returns 0
T6D34 025:585.084 JLINK_IsHalted()
T6D34 025:586.292 - 1.205ms returns FALSE
T6D34 025:586.472 JLINK_IsHalted()
T6D34 025:587.786 - 1.311ms returns FALSE
T6D58 025:589.604   JLINK_RTTERMINAL_Read(BufferIndex = 0, BufferSize = 0x00010000)
T6D58 025:589.778   - 0.173ms returns 0
T6D58 025:641.474   JLINK_RTTERMINAL_Read(BufferIndex = 0, BufferSize = 0x00010000)
T6D58 025:641.860   - 0.387ms returns 0
T6D58 025:692.560   JLINK_RTTERMINAL_Read(BufferIndex = 0, BufferSize = 0x00010000)
T6D58 025:692.708   - 0.150ms returns 0
T6D34 025:694.364 JLINK_IsHalted()
T6D34 025:695.260 - 0.894ms returns FALSE
T6D34 025:695.420 JLINK_IsHalted()
T6D34 025:696.932 - 1.508ms returns FALSE
T6D58 025:743.316   JLINK_RTTERMINAL_Read(BufferIndex = 0, BufferSize = 0x00010000)
T6D58 025:743.452   - 0.137ms returns 0
T6D58 025:795.580   JLINK_RTTERMINAL_Read(BufferIndex = 0, BufferSize = 0x00010000)
T6D58 025:795.662   - 0.082ms returns 0
T6D34 025:803.588 JLINK_IsHalted()
T6D34 025:804.790 - 1.201ms returns FALSE
T6D34 025:804.940 JLINK_IsHalted()
T6D34 025:806.084 - 1.141ms returns FALSE
T6D58 025:847.776   JLINK_RTTERMINAL_Read(BufferIndex = 0, BufferSize = 0x00010000)
T6D58 025:847.884   - 0.108ms returns 0
T6D58 025:900.816   JLINK_RTTERMINAL_Read(BufferIndex = 0, BufferSize = 0x00010000)
T6D58 025:900.900   - 0.083ms returns 0
T6D34 025:915.314 JLINK_IsHalted()
T6D34 025:916.042 - 0.728ms returns FALSE
T6D34 025:916.130 JLINK_IsHalted()
T6D34 025:916.956 - 0.824ms returns FALSE
T6D58 025:952.202   JLINK_RTTERMINAL_Read(BufferIndex = 0, BufferSize = 0x00010000)
T6D58 025:952.292   - 0.089ms returns 0
T6D58 026:004.962   JLINK_RTTERMINAL_Read(BufferIndex = 0, BufferSize = 0x00010000)
T6D58 026:005.156   - 0.197ms returns 0
T6D34 026:025.116 JLINK_IsHalted()
T6D34 026:026.476 - 1.358ms returns FALSE
T6D34 026:026.612 JLINK_IsHalted()
T6D34 026:027.918 - 1.303ms returns FALSE
T6D58 026:056.702   JLINK_RTTERMINAL_Read(BufferIndex = 0, BufferSize = 0x00010000)
T6D58 026:056.876   - 0.175ms returns 0
T6D58 026:109.668   JLINK_RTTERMINAL_Read(BufferIndex = 0, BufferSize = 0x00010000)
T6D58 026:109.828   - 0.160ms returns 0
T6D34 026:132.222 JLINK_IsHalted()
T6D34 026:132.960 - 0.737ms returns FALSE
T6D34 026:133.056 JLINK_IsHalted()
T6D34 026:133.910 - 0.852ms returns FALSE
T6D58 026:160.998   JLINK_RTTERMINAL_Read(BufferIndex = 0, BufferSize = 0x00010000)
T6D58 026:161.150   - 0.151ms returns 0
T6D58 026:214.676   JLINK_RTTERMINAL_Read(BufferIndex = 0, BufferSize = 0x00010000)
T6D58 026:214.764   - 0.089ms returns 0
T6D34 026:242.662 JLINK_IsHalted()
T6D34 026:244.506 - 1.841ms returns FALSE
T6D34 026:244.626 JLINK_IsHalted()
T6D34 026:245.174 - 0.548ms returns FALSE
T6D58 026:265.324   JLINK_RTTERMINAL_Read(BufferIndex = 0, BufferSize = 0x00010000)
T6D58 026:265.492   - 0.168ms returns 0
T6D58 026:316.640   JLINK_RTTERMINAL_Read(BufferIndex = 0, BufferSize = 0x00010000)
T6D58 026:316.850   - 0.210ms returns 0
T6D34 026:351.390 JLINK_IsHalted()
T6D34 026:352.170 - 0.777ms returns FALSE
T6D34 026:352.238 JLINK_IsHalted()
T6D34 026:352.956 - 0.718ms returns FALSE
T6D58 026:367.684   JLINK_RTTERMINAL_Read(BufferIndex = 0, BufferSize = 0x00010000)
T6D58 026:367.794   - 0.109ms returns 0
T6D58 026:419.270   JLINK_RTTERMINAL_Read(BufferIndex = 0, BufferSize = 0x00010000)
T6D58 026:419.354   - 0.083ms returns 0
T5770 026:457.038 JLINK_IsHalted()
T5770 026:457.814 - 0.775ms returns FALSE
T5770 026:457.922 JLINK_IsHalted()
T5770 026:458.646 - 0.724ms returns FALSE
T6D34 026:461.040 JLINK_IsHalted()
T6D34 026:462.070 - 1.029ms returns FALSE
T6D34 026:462.148 JLINK_IsHalted()
T6D34 026:463.010 - 0.859ms returns FALSE
T6D58 026:470.092   JLINK_RTTERMINAL_Read(BufferIndex = 0, BufferSize = 0x00010000)
T6D58 026:470.172   - 0.080ms returns 0
T6D58 026:521.356   JLINK_RTTERMINAL_Read(BufferIndex = 0, BufferSize = 0x00010000)
T6D58 026:521.512   - 0.157ms returns 0
T6D34 026:569.708 JLINK_IsHalted()
T6D34 026:570.610 - 0.900ms returns FALSE
T6D34 026:570.744 JLINK_IsHalted()
T6D34 026:571.824 - 1.077ms returns FALSE
T6D58 026:572.292   JLINK_RTTERMINAL_Read(BufferIndex = 0, BufferSize = 0x00010000)
T6D58 026:572.408   - 0.116ms returns 0
T6D58 026:624.150   JLINK_RTTERMINAL_Read(BufferIndex = 0, BufferSize = 0x00010000)
T6D58 026:624.248   - 0.099ms returns 0
T6D58 026:675.140   JLINK_RTTERMINAL_Read(BufferIndex = 0, BufferSize = 0x00010000)
T6D58 026:675.318   - 0.177ms returns 0
T6D34 026:678.992 JLINK_IsHalted()
T6D34 026:680.214 - 1.221ms returns FALSE
T6D34 026:680.356 JLINK_IsHalted()
T6D34 026:681.554 - 1.195ms returns FALSE
T6D58 026:726.458   JLINK_RTTERMINAL_Read(BufferIndex = 0, BufferSize = 0x00010000)
T6D58 026:726.568   - 0.110ms returns 0
T6D58 026:777.644   JLINK_RTTERMINAL_Read(BufferIndex = 0, BufferSize = 0x00010000)
T6D58 026:777.808   - 0.165ms returns 0
T6D34 026:788.216 JLINK_IsHalted()
T6D34 026:789.586 - 1.369ms returns FALSE
T6D34 026:789.724 JLINK_IsHalted()
T6D34 026:790.850 - 1.125ms returns FALSE
T6D58 026:828.602   JLINK_RTTERMINAL_Read(BufferIndex = 0, BufferSize = 0x00010000)
T6D58 026:828.724   - 0.121ms returns 0
T6D58 026:879.558   JLINK_RTTERMINAL_Read(BufferIndex = 0, BufferSize = 0x00010000)
T6D58 026:879.674   - 0.118ms returns 0
T6D34 026:902.176 JLINK_IsHalted()
T6D34 026:903.382 - 1.203ms returns FALSE
T6D34 026:903.548 JLINK_IsHalted()
T6D34 026:904.938 - 1.385ms returns FALSE
T6D58 026:930.166   JLINK_RTTERMINAL_Read(BufferIndex = 0, BufferSize = 0x00010000)
T6D58 026:930.326   - 0.163ms returns 0
T6D58 026:982.644   JLINK_RTTERMINAL_Read(BufferIndex = 0, BufferSize = 0x00010000)
T6D58 026:982.758   - 0.117ms returns 0
T6D34 027:007.084 JLINK_IsHalted()
T6D34 027:007.812 - 0.725ms returns FALSE
T6D34 027:007.898 JLINK_IsHalted()
T6D34 027:008.752 - 0.853ms returns FALSE
T6D58 027:033.876   JLINK_RTTERMINAL_Read(BufferIndex = 0, BufferSize = 0x00010000)
T6D58 027:033.978   - 0.102ms returns 0
T6D58 027:085.648   JLINK_RTTERMINAL_Read(BufferIndex = 0, BufferSize = 0x00010000)
T6D58 027:085.802   - 0.153ms returns 0
T6D34 027:118.060 JLINK_IsHalted()
T6D34 027:118.788 - 0.726ms returns FALSE
T6D34 027:118.908 JLINK_IsHalted()
T6D34 027:119.804 - 0.892ms returns FALSE
T6D58 027:136.908   JLINK_RTTERMINAL_Read(BufferIndex = 0, BufferSize = 0x00010000)
T6D58 027:137.030   - 0.122ms returns 0
T6D58 027:188.454   JLINK_RTTERMINAL_Read(BufferIndex = 0, BufferSize = 0x00010000)
T6D58 027:188.572   - 0.120ms returns 0
T6D34 027:226.986 JLINK_IsHalted()
T6D34 027:227.764 - 0.776ms returns FALSE
T6D34 027:227.860 JLINK_IsHalted()
T6D34 027:229.172 - 1.312ms returns FALSE
T6D58 027:240.212   JLINK_RTTERMINAL_Read(BufferIndex = 0, BufferSize = 0x00010000)
T6D58 027:240.390   - 0.178ms returns 0
T6D58 027:291.408   JLINK_RTTERMINAL_Read(BufferIndex = 0, BufferSize = 0x00010000)
T6D58 027:291.510   - 0.101ms returns 0
T6D34 027:335.572 JLINK_IsHalted()
T6D34 027:336.692 - 1.117ms returns FALSE
T6D34 027:336.794 JLINK_IsHalted()
T6D34 027:337.834 - 1.039ms returns FALSE
T6D58 027:342.438   JLINK_RTTERMINAL_Read(BufferIndex = 0, BufferSize = 0x00010000)
T6D58 027:342.524   - 0.087ms returns 0
T6D58 027:392.908   JLINK_RTTERMINAL_Read(BufferIndex = 0, BufferSize = 0x00010000)
T6D58 027:393.076   - 0.168ms returns 0
T6D58 027:444.260   JLINK_RTTERMINAL_Read(BufferIndex = 0, BufferSize = 0x00010000)
T6D58 027:444.438   - 0.179ms returns 0
T6D34 027:445.060 JLINK_IsHalted()
T6D34 027:445.904 - 0.844ms returns FALSE
T6D34 027:446.028 JLINK_IsHalted()
T6D34 027:447.232 - 1.201ms returns FALSE
T5770 027:459.596 JLINK_IsHalted()
T5770 027:461.040 - 1.442ms returns FALSE
T5770 027:461.334 JLINK_IsHalted()
T5770 027:462.138 - 0.802ms returns FALSE
T6D58 027:495.274   JLINK_RTTERMINAL_Read(BufferIndex = 0, BufferSize = 0x00010000)
T6D58 027:495.450   - 0.178ms returns 0
T6D58 027:548.544   JLINK_RTTERMINAL_Read(BufferIndex = 0, BufferSize = 0x00010000)
T6D58 027:548.628   - 0.084ms returns 0
T6D34 027:554.166 JLINK_IsHalted()
T6D34 027:554.716 - 0.550ms returns FALSE
T6D34 027:554.762 JLINK_IsHalted()
T6D34 027:555.514 - 0.750ms returns FALSE
T6D58 027:599.526   JLINK_RTTERMINAL_Read(BufferIndex = 0, BufferSize = 0x00010000)
T6D58 027:599.610   - 0.086ms returns 0
T6D58 027:650.204   JLINK_RTTERMINAL_Read(BufferIndex = 0, BufferSize = 0x00010000)
T6D58 027:650.300   - 0.099ms returns 0
T6D34 027:665.200 JLINK_IsHalted()
T6D34 027:666.208 - 1.006ms returns FALSE
T6D34 027:666.252 JLINK_IsHalted()
T6D34 027:666.788 - 0.533ms returns FALSE
T6D58 027:701.580   JLINK_RTTERMINAL_Read(BufferIndex = 0, BufferSize = 0x00010000)
T6D58 027:701.888   - 0.309ms returns 0
T6D58 027:753.248   JLINK_RTTERMINAL_Read(BufferIndex = 0, BufferSize = 0x00010000)
T6D58 027:753.382   - 0.136ms returns 0
T6D34 027:773.178 JLINK_IsHalted()
T6D34 027:773.846 - 0.669ms returns FALSE
T6D34 027:773.908 JLINK_IsHalted()
T6D34 027:774.564 - 0.654ms returns FALSE
T6D58 027:805.388   JLINK_RTTERMINAL_Read(BufferIndex = 0, BufferSize = 0x00010000)
T6D58 027:805.530   - 0.143ms returns 0
T6D58 027:856.550   JLINK_RTTERMINAL_Read(BufferIndex = 0, BufferSize = 0x00010000)
T6D58 027:856.724   - 0.175ms returns 0
T6D34 027:884.484 JLINK_IsHalted()
T6D34 027:885.658 - 1.169ms returns FALSE
T6D34 027:885.780 JLINK_IsHalted()
T6D34 027:886.852 - 1.070ms returns FALSE
T6D58 027:907.898   JLINK_RTTERMINAL_Read(BufferIndex = 0, BufferSize = 0x00010000)
T6D58 027:907.964   - 0.068ms returns 0
T6D58 027:958.644   JLINK_RTTERMINAL_Read(BufferIndex = 0, BufferSize = 0x00010000)
T6D58 027:958.726   - 0.085ms returns 0
T6D34 027:991.142 JLINK_IsHalted()
T6D34 027:991.798 - 0.654ms returns FALSE
T6D34 027:991.920 JLINK_IsHalted()
T6D34 027:992.636 - 0.715ms returns FALSE
T6D58 028:009.210   JLINK_RTTERMINAL_Read(BufferIndex = 0, BufferSize = 0x00010000)
T6D58 028:009.348   - 0.137ms returns 0
T6D58 028:060.416   JLINK_RTTERMINAL_Read(BufferIndex = 0, BufferSize = 0x00010000)
T6D58 028:060.518   - 0.103ms returns 0
T6D34 028:101.420 JLINK_IsHalted()
T6D34 028:102.164 - 0.741ms returns FALSE
T6D34 028:102.300 JLINK_IsHalted()
T6D34 028:103.014 - 0.709ms returns FALSE
T6D58 028:111.212   JLINK_RTTERMINAL_Read(BufferIndex = 0, BufferSize = 0x00010000)
T6D58 028:111.350   - 0.138ms returns 0
T6D58 028:162.646   JLINK_RTTERMINAL_Read(BufferIndex = 0, BufferSize = 0x00010000)
T6D58 028:162.736   - 0.087ms returns 0
T6D58 028:215.808   JLINK_RTTERMINAL_Read(BufferIndex = 0, BufferSize = 0x00010000)
T6D58 028:215.958   - 0.151ms returns 0
T6D34 028:216.268 JLINK_IsHalted()
T6D34 028:217.132 - 0.862ms returns FALSE
T6D34 028:217.248 JLINK_IsHalted()
T6D34 028:219.028 - 1.776ms returns FALSE
T6D58 028:267.088   JLINK_RTTERMINAL_Read(BufferIndex = 0, BufferSize = 0x00010000)
T6D58 028:267.196   - 0.109ms returns 0
T6D58 028:318.288   JLINK_RTTERMINAL_Read(BufferIndex = 0, BufferSize = 0x00010000)
T6D58 028:318.394   - 0.106ms returns 0
T6D34 028:320.140 JLINK_IsHalted()
T6D34 028:321.328 - 1.185ms returns FALSE
T6D34 028:321.450 JLINK_IsHalted()
T6D34 028:322.464 - 1.013ms returns FALSE
T6D58 028:368.918   JLINK_RTTERMINAL_Read(BufferIndex = 0, BufferSize = 0x00010000)
T6D58 028:369.116   - 0.200ms returns 0
T6D58 028:419.792   JLINK_RTTERMINAL_Read(BufferIndex = 0, BufferSize = 0x00010000)
T6D58 028:419.916   - 0.124ms returns 0
T6D34 028:432.276 JLINK_IsHalted()
T6D34 028:433.590 - 1.313ms returns FALSE
T6D34 028:433.700 JLINK_IsHalted()
T6D34 028:435.046 - 1.345ms returns FALSE
T5770 028:462.524 JLINK_IsHalted()
T5770 028:463.300 - 0.773ms returns FALSE
T5770 028:463.424 JLINK_IsHalted()
T5770 028:464.084 - 0.657ms returns FALSE
T6D58 028:471.236   JLINK_RTTERMINAL_Read(BufferIndex = 0, BufferSize = 0x00010000)
T6D58 028:471.338   - 0.102ms returns 0
T6D58 028:522.460   JLINK_RTTERMINAL_Read(BufferIndex = 0, BufferSize = 0x00010000)
T6D58 028:522.666   - 0.209ms returns 0
T6D34 028:538.188 JLINK_IsHalted()
T6D34 028:538.972 - 0.781ms returns FALSE
T6D34 028:539.084 JLINK_IsHalted()
T6D34 028:539.738 - 0.650ms returns FALSE
T6D58 028:575.648   JLINK_RTTERMINAL_Read(BufferIndex = 0, BufferSize = 0x00010000)
T6D58 028:575.804   - 0.157ms returns 0
T6D58 028:626.854   JLINK_RTTERMINAL_Read(BufferIndex = 0, BufferSize = 0x00010000)
T6D58 028:626.980   - 0.125ms returns 0
T6D34 028:648.816 JLINK_IsHalted()
T6D34 028:649.964 - 1.148ms returns FALSE
T6D34 028:650.074 JLINK_IsHalted()
T6D34 028:650.836 - 0.759ms returns FALSE
T6D58 028:678.100   JLINK_RTTERMINAL_Read(BufferIndex = 0, BufferSize = 0x00010000)
T6D58 028:678.284   - 0.187ms returns 0
T6D58 028:729.914   JLINK_RTTERMINAL_Read(BufferIndex = 0, BufferSize = 0x00010000)
T6D58 028:730.064   - 0.150ms returns 0
T6D34 028:761.638 JLINK_IsHalted()
T6D34 028:762.748 - 1.107ms returns FALSE
T6D34 028:762.880 JLINK_IsHalted()
T6D34 028:763.530 - 0.646ms returns FALSE
T6D58 028:781.530   JLINK_RTTERMINAL_Read(BufferIndex = 0, BufferSize = 0x00010000)
T6D58 028:781.668   - 0.137ms returns 0
T6D58 028:834.868   JLINK_RTTERMINAL_Read(BufferIndex = 0, BufferSize = 0x00010000)
T6D58 028:835.018   - 0.149ms returns 0
T6D34 028:866.240 JLINK_IsHalted()
T6D34 028:867.484 - 1.242ms returns FALSE
T6D34 028:867.674 JLINK_IsHalted()
T6D34 028:868.832 - 1.159ms returns FALSE
T6D58 028:885.892   JLINK_RTTERMINAL_Read(BufferIndex = 0, BufferSize = 0x00010000)
T6D58 028:886.076   - 0.187ms returns 0
T6D58 028:938.564   JLINK_RTTERMINAL_Read(BufferIndex = 0, BufferSize = 0x00010000)
T6D58 028:938.694   - 0.131ms returns 0
T6D34 028:975.588 JLINK_IsHalted()
T6D34 028:976.820 - 1.230ms returns FALSE
T6D34 028:976.964 JLINK_IsHalted()
T6D34 028:977.520 - 0.556ms returns FALSE
T6D58 028:989.820   JLINK_RTTERMINAL_Read(BufferIndex = 0, BufferSize = 0x00010000)
T6D58 028:989.996   - 0.177ms returns 0
T6D58 029:041.260   JLINK_RTTERMINAL_Read(BufferIndex = 0, BufferSize = 0x00010000)
T6D58 029:041.396   - 0.134ms returns 0
T6D34 029:085.404 JLINK_IsHalted()
T6D34 029:086.666 - 1.258ms returns FALSE
T6D34 029:086.860 JLINK_IsHalted()
T6D34 029:088.436 - 1.572ms returns FALSE
T6D58 029:093.066   JLINK_RTTERMINAL_Read(BufferIndex = 0, BufferSize = 0x00010000)
T6D58 029:093.178   - 0.110ms returns 0
T6D58 029:144.236   JLINK_RTTERMINAL_Read(BufferIndex = 0, BufferSize = 0x00010000)
T6D58 029:144.332   - 0.094ms returns 0
T6D58 029:197.172   JLINK_RTTERMINAL_Read(BufferIndex = 0, BufferSize = 0x00010000)
T6D58 029:197.292   - 0.120ms returns 0
T6D34 029:197.488 JLINK_IsHalted()
T6D34 029:198.748 - 1.256ms returns FALSE
T6D34 029:198.876 JLINK_IsHalted()
T6D34 029:199.812 - 0.933ms returns FALSE
T6D58 029:248.026   JLINK_RTTERMINAL_Read(BufferIndex = 0, BufferSize = 0x00010000)
T6D58 029:248.138   - 0.112ms returns 0
T6D58 029:300.076   JLINK_RTTERMINAL_Read(BufferIndex = 0, BufferSize = 0x00010000)
T6D58 029:300.154   - 0.075ms returns 0
T6D34 029:304.474 JLINK_IsHalted()
T6D34 029:306.020 - 1.545ms returns FALSE
T6D34 029:306.228 JLINK_IsHalted()
T6D34 029:307.062 - 0.833ms returns FALSE
T6D58 029:350.596   JLINK_RTTERMINAL_Read(BufferIndex = 0, BufferSize = 0x00010000)
T6D58 029:350.764   - 0.170ms returns 0
T6D58 029:403.296   JLINK_RTTERMINAL_Read(BufferIndex = 0, BufferSize = 0x00010000)
T6D58 029:403.462   - 0.168ms returns 0
T6D34 029:418.160 JLINK_IsHalted()
T6D34 029:418.934 - 0.773ms returns FALSE
T6D34 029:419.088 JLINK_IsHalted()
T6D34 029:420.308 - 1.215ms returns FALSE
T6D58 029:454.476   JLINK_RTTERMINAL_Read(BufferIndex = 0, BufferSize = 0x00010000)
T6D58 029:454.588   - 0.112ms returns 0
T5770 029:464.860 JLINK_IsHalted()
T5770 029:465.676 - 0.815ms returns FALSE
T5770 029:465.740 JLINK_IsHalted()
T5770 029:466.342 - 0.601ms returns FALSE
T6D58 029:505.196   JLINK_RTTERMINAL_Read(BufferIndex = 0, BufferSize = 0x00010000)
T6D58 029:505.356   - 0.159ms returns 0
T6D34 029:522.678 JLINK_IsHalted()
T6D34 029:523.956 - 1.275ms returns FALSE
T6D34 029:524.144 JLINK_IsHalted()
T6D34 029:525.140 - 0.994ms returns FALSE
T6D58 029:556.294   JLINK_RTTERMINAL_Read(BufferIndex = 0, BufferSize = 0x00010000)
T6D58 029:556.416   - 0.125ms returns 0
T6D58 029:606.892   JLINK_RTTERMINAL_Read(BufferIndex = 0, BufferSize = 0x00010000)
T6D58 029:607.060   - 0.166ms returns 0
T6D34 029:634.352 JLINK_IsHalted()
T6D34 029:635.580 - 1.227ms returns FALSE
T6D34 029:635.670 JLINK_IsHalted()
T6D34 029:636.276 - 0.603ms returns FALSE
T6D58 029:659.780   JLINK_RTTERMINAL_Read(BufferIndex = 0, BufferSize = 0x00010000)
T6D58 029:659.990   - 0.213ms returns 0
T6D58 029:710.986   JLINK_RTTERMINAL_Read(BufferIndex = 0, BufferSize = 0x00010000)
T6D58 029:711.078   - 0.094ms returns 0
T6D34 029:741.210 JLINK_IsHalted()
T6D34 029:741.862 - 0.652ms returns FALSE
T6D34 029:741.936 JLINK_IsHalted()
T6D34 029:742.602 - 0.664ms returns FALSE
T6D58 029:762.564   JLINK_RTTERMINAL_Read(BufferIndex = 0, BufferSize = 0x00010000)
T6D58 029:762.636   - 0.069ms returns 0
T6D58 029:814.172   JLINK_RTTERMINAL_Read(BufferIndex = 0, BufferSize = 0x00010000)
T6D58 029:814.278   - 0.105ms returns 0
T6D34 029:855.568 JLINK_IsHalted()
T6D34 029:856.310 - 0.739ms returns FALSE
T6D34 029:856.396 JLINK_IsHalted()
T6D34 029:857.082 - 0.685ms returns FALSE
T6D58 029:865.136   JLINK_RTTERMINAL_Read(BufferIndex = 0, BufferSize = 0x00010000)
T6D58 029:865.322   - 0.185ms returns 0
T6D58 029:915.940   JLINK_RTTERMINAL_Read(BufferIndex = 0, BufferSize = 0x00010000)
T6D58 029:916.006   - 0.067ms returns 0
T6D34 029:960.106 JLINK_IsHalted()
T6D34 029:961.222 - 1.116ms returns FALSE
T6D34 029:961.286 JLINK_IsHalted()
T6D34 029:961.900 - 0.612ms returns FALSE
T6D58 029:966.404   JLINK_RTTERMINAL_Read(BufferIndex = 0, BufferSize = 0x00010000)
T6D58 029:966.518   - 0.118ms returns 0
T6D58 030:017.484   JLINK_RTTERMINAL_Read(BufferIndex = 0, BufferSize = 0x00010000)
T6D58 030:017.594   - 0.109ms returns 0
T6D58 030:069.866   JLINK_RTTERMINAL_Read(BufferIndex = 0, BufferSize = 0x00010000)
T6D58 030:069.942   - 0.078ms returns 0
T6D34 030:070.150 JLINK_IsHalted()
T6D34 030:071.098 - 0.946ms returns FALSE
T6D34 030:071.194 JLINK_IsHalted()
T6D34 030:071.932 - 0.739ms returns FALSE
T6D58 030:121.268   JLINK_RTTERMINAL_Read(BufferIndex = 0, BufferSize = 0x00010000)
T6D58 030:121.370   - 0.105ms returns 0
T6D58 030:172.592   JLINK_RTTERMINAL_Read(BufferIndex = 0, BufferSize = 0x00010000)
T6D58 030:172.668   - 0.076ms returns 0
T6D34 030:179.376 JLINK_IsHalted()
T6D34 030:180.224 - 0.850ms returns FALSE
T6D34 030:180.336 JLINK_IsHalted()
T6D34 030:181.056 - 0.719ms returns FALSE
T6D58 030:223.764   JLINK_RTTERMINAL_Read(BufferIndex = 0, BufferSize = 0x00010000)
T6D58 030:223.860   - 0.099ms returns 0
T6D58 030:274.522   JLINK_RTTERMINAL_Read(BufferIndex = 0, BufferSize = 0x00010000)
T6D58 030:274.618   - 0.097ms returns 0
T6D34 030:288.020 JLINK_IsHalted()
T6D34 030:288.682 - 0.661ms returns FALSE
T6D34 030:288.748 JLINK_IsHalted()
T6D34 030:289.516 - 0.770ms returns FALSE
T6D58 030:325.908   JLINK_RTTERMINAL_Read(BufferIndex = 0, BufferSize = 0x00010000)
T6D58 030:326.044   - 0.139ms returns 0
T6D58 030:377.222   JLINK_RTTERMINAL_Read(BufferIndex = 0, BufferSize = 0x00010000)
T6D58 030:377.306   - 0.084ms returns 0
T6D34 030:401.132 JLINK_IsHalted()
T6D34 030:402.266 - 1.130ms returns FALSE
T6D34 030:402.316 JLINK_IsHalted()
T6D34 030:403.130 - 0.811ms returns FALSE
T6D58 030:431.388   JLINK_RTTERMINAL_Read(BufferIndex = 0, BufferSize = 0x00010000)
T6D58 030:431.580   - 0.192ms returns 0
T5770 030:467.338 JLINK_IsHalted()
T5770 030:468.352 - 1.011ms returns FALSE
T5770 030:468.506 JLINK_IsHalted()
T5770 030:469.674 - 1.165ms returns FALSE
T6D58 030:482.388   JLINK_RTTERMINAL_Read(BufferIndex = 0, BufferSize = 0x00010000)
T6D58 030:482.490   - 0.104ms returns 0
T6D34 030:509.388 JLINK_IsHalted()
T6D34 030:510.096 - 0.707ms returns FALSE
T6D34 030:510.220 JLINK_IsHalted()
T6D34 030:510.964 - 0.743ms returns FALSE
T6D58 030:533.062   JLINK_RTTERMINAL_Read(BufferIndex = 0, BufferSize = 0x00010000)
T6D58 030:533.244   - 0.185ms returns 0
T6D58 030:585.306   JLINK_RTTERMINAL_Read(BufferIndex = 0, BufferSize = 0x00010000)
T6D58 030:585.472   - 0.166ms returns 0
T6D34 030:622.960 JLINK_IsHalted()
T6D34 030:624.250 - 1.289ms returns FALSE
T6D34 030:624.404 JLINK_IsHalted()
T6D34 030:625.484 - 1.079ms returns FALSE
T6D58 030:636.756   JLINK_RTTERMINAL_Read(BufferIndex = 0, BufferSize = 0x00010000)
T6D58 030:636.820   - 0.066ms returns 0
T6D58 030:690.582   JLINK_RTTERMINAL_Read(BufferIndex = 0, BufferSize = 0x00010000)
T6D58 030:690.762   - 0.179ms returns 0
T6D34 030:726.374 JLINK_IsHalted()
T6D34 030:727.120 - 0.744ms returns FALSE
T6D34 030:727.286 JLINK_IsHalted()
T6D34 030:728.012 - 0.724ms returns FALSE
T6D58 030:742.156   JLINK_RTTERMINAL_Read(BufferIndex = 0, BufferSize = 0x00010000)
T6D58 030:742.356   - 0.199ms returns 0
T6D58 030:793.620   JLINK_RTTERMINAL_Read(BufferIndex = 0, BufferSize = 0x00010000)
T6D58 030:793.718   - 0.099ms returns 0
T6D34 030:835.312 JLINK_IsHalted()
T6D34 030:836.652 - 1.339ms returns FALSE
T6D34 030:836.806 JLINK_IsHalted()
T6D34 030:837.366 - 0.558ms returns FALSE
T6D58 030:847.978   JLINK_RTTERMINAL_Read(BufferIndex = 0, BufferSize = 0x00010000)
T6D58 030:848.150   - 0.175ms returns 0
T6D58 030:900.244   JLINK_RTTERMINAL_Read(BufferIndex = 0, BufferSize = 0x00010000)
T6D58 030:900.438   - 0.194ms returns 0
T6D34 030:945.318 JLINK_IsHalted()
T6D34 030:946.628 - 1.305ms returns FALSE
T6D34 030:946.756 JLINK_IsHalted()
T6D34 030:947.882 - 1.123ms returns FALSE
T6D58 030:951.292   JLINK_RTTERMINAL_Read(BufferIndex = 0, BufferSize = 0x00010000)
T6D58 030:951.408   - 0.116ms returns 0
T6D58 031:002.708   JLINK_RTTERMINAL_Read(BufferIndex = 0, BufferSize = 0x00010000)
T6D58 031:002.832   - 0.126ms returns 0
T6D34 031:054.076 JLINK_IsHalted()
T6D34 031:054.800 - 0.722ms returns FALSE
T6D58 031:054.948   JLINK_RTTERMINAL_Read(BufferIndex = 0, BufferSize = 0x00010000)
T6D58 031:055.078   - 0.131ms returns 0
T6D34 031:055.444 JLINK_IsHalted()
T6D34 031:056.134 - 0.689ms returns FALSE
T6D58 031:106.128   JLINK_RTTERMINAL_Read(BufferIndex = 0, BufferSize = 0x00010000)
T6D58 031:106.236   - 0.108ms returns 0
T6D58 031:157.178   JLINK_RTTERMINAL_Read(BufferIndex = 0, BufferSize = 0x00010000)
T6D58 031:157.364   - 0.186ms returns 0
T6D34 031:167.948 JLINK_IsHalted()
T6D34 031:168.714 - 0.763ms returns FALSE
T6D34 031:168.884 JLINK_IsHalted()
T6D34 031:169.568 - 0.684ms returns FALSE
T6D58 031:208.560   JLINK_RTTERMINAL_Read(BufferIndex = 0, BufferSize = 0x00010000)
T6D58 031:208.726   - 0.169ms returns 0
T6D58 031:259.900   JLINK_RTTERMINAL_Read(BufferIndex = 0, BufferSize = 0x00010000)
T6D58 031:259.988   - 0.085ms returns 0
T6D34 031:273.740 JLINK_IsHalted()
T6D34 031:274.426 - 0.683ms returns FALSE
T6D34 031:274.572 JLINK_IsHalted()
T6D34 031:275.236 - 0.659ms returns FALSE
T6D58 031:311.168   JLINK_RTTERMINAL_Read(BufferIndex = 0, BufferSize = 0x00010000)
T6D58 031:311.316   - 0.150ms returns 0
T6D58 031:362.490   JLINK_RTTERMINAL_Read(BufferIndex = 0, BufferSize = 0x00010000)
T6D58 031:362.598   - 0.109ms returns 0
T6D34 031:381.978 JLINK_IsHalted()
T6D34 031:382.964 - 0.984ms returns FALSE
T6D34 031:383.108 JLINK_IsHalted()
T6D34 031:384.314 - 1.202ms returns FALSE
T6D58 031:413.200   JLINK_RTTERMINAL_Read(BufferIndex = 0, BufferSize = 0x00010000)
T6D58 031:413.280   - 0.079ms returns 0
T6D58 031:464.188   JLINK_RTTERMINAL_Read(BufferIndex = 0, BufferSize = 0x00010000)
T6D58 031:464.316   - 0.128ms returns 0
T5770 031:471.978 JLINK_IsHalted()
T5770 031:473.072 - 1.090ms returns FALSE
T5770 031:473.196 JLINK_IsHalted()
T5770 031:474.358 - 1.160ms returns FALSE
T6D34 031:491.292 JLINK_IsHalted()
T6D34 031:492.164 - 0.869ms returns FALSE
T6D34 031:492.330 JLINK_IsHalted()
T6D34 031:493.516 - 1.186ms returns FALSE
T6D58 031:515.348   JLINK_RTTERMINAL_Read(BufferIndex = 0, BufferSize = 0x00010000)
T6D58 031:515.460   - 0.112ms returns 0
T6D58 031:569.524   JLINK_RTTERMINAL_Read(BufferIndex = 0, BufferSize = 0x00010000)
T6D58 031:569.722   - 0.202ms returns 0
T6D34 031:601.068 JLINK_IsHalted()
T6D34 031:601.888 - 0.817ms returns FALSE
T6D34 031:601.964 JLINK_IsHalted()
T6D34 031:602.640 - 0.670ms returns FALSE
T6D58 031:621.210   JLINK_RTTERMINAL_Read(BufferIndex = 0, BufferSize = 0x00010000)
T6D58 031:621.364   - 0.155ms returns 0
T6D58 031:672.100   JLINK_RTTERMINAL_Read(BufferIndex = 0, BufferSize = 0x00010000)
T6D58 031:672.198   - 0.099ms returns 0
T6D34 031:712.252 JLINK_IsHalted()
T6D34 031:712.980 - 0.724ms returns FALSE
T6D34 031:713.146 JLINK_IsHalted()
T6D34 031:713.830 - 0.683ms returns FALSE
T6D58 031:723.962   JLINK_RTTERMINAL_Read(BufferIndex = 0, BufferSize = 0x00010000)
T6D58 031:724.076   - 0.116ms returns 0
T6D58 031:775.290   JLINK_RTTERMINAL_Read(BufferIndex = 0, BufferSize = 0x00010000)
T6D58 031:775.408   - 0.118ms returns 0
T6D34 031:819.488 JLINK_IsHalted()
T6D34 031:820.412 - 0.920ms returns FALSE
T6D34 031:820.564 JLINK_IsHalted()
T6D34 031:821.728 - 1.160ms returns FALSE
T6D58 031:825.994   JLINK_RTTERMINAL_Read(BufferIndex = 0, BufferSize = 0x00010000)
T6D58 031:826.102   - 0.108ms returns 0
T6D58 031:876.842   JLINK_RTTERMINAL_Read(BufferIndex = 0, BufferSize = 0x00010000)
T6D58 031:876.932   - 0.089ms returns 0
T6D58 031:927.418   JLINK_RTTERMINAL_Read(BufferIndex = 0, BufferSize = 0x00010000)
T6D58 031:927.514   - 0.096ms returns 0
T6D34 031:929.222 JLINK_IsHalted()
T6D34 031:929.824 - 0.600ms returns FALSE
T6D34 031:929.940 JLINK_IsHalted()
T6D34 031:930.662 - 0.722ms returns FALSE
T6D58 031:979.664   JLINK_RTTERMINAL_Read(BufferIndex = 0, BufferSize = 0x00010000)
T6D58 031:979.792   - 0.128ms returns 0
T6D58 032:030.384   JLINK_RTTERMINAL_Read(BufferIndex = 0, BufferSize = 0x00010000)
T6D58 032:030.492   - 0.107ms returns 0
T6D34 032:038.842 JLINK_IsHalted()
T6D34 032:040.326 - 1.482ms returns FALSE
T6D34 032:040.522 JLINK_IsHalted()
T6D34 032:041.370 - 0.847ms returns FALSE
T6D58 032:081.444   JLINK_RTTERMINAL_Read(BufferIndex = 0, BufferSize = 0x00010000)
T6D58 032:081.572   - 0.128ms returns 0
T6D58 032:132.308   JLINK_RTTERMINAL_Read(BufferIndex = 0, BufferSize = 0x00010000)
T6D58 032:132.420   - 0.110ms returns 0
T6D34 032:148.068 JLINK_IsHalted()
T6D34 032:148.960 - 0.892ms returns FALSE
T6D34 032:149.018 JLINK_IsHalted()
T6D34 032:149.894 - 0.873ms returns FALSE
T6D58 032:183.094   JLINK_RTTERMINAL_Read(BufferIndex = 0, BufferSize = 0x00010000)
T6D58 032:183.290   - 0.195ms returns 0
T6D58 032:234.672   JLINK_RTTERMINAL_Read(BufferIndex = 0, BufferSize = 0x00010000)
T6D58 032:234.874   - 0.201ms returns 0
T6D34 032:256.762 JLINK_IsHalted()
T6D34 032:258.044 - 1.284ms returns FALSE
T6D34 032:258.134 JLINK_IsHalted()
T6D34 032:258.762 - 0.623ms returns FALSE
T6D58 032:285.552   JLINK_RTTERMINAL_Read(BufferIndex = 0, BufferSize = 0x00010000)
T6D58 032:285.636   - 0.082ms returns 0
T6D58 032:336.700   JLINK_RTTERMINAL_Read(BufferIndex = 0, BufferSize = 0x00010000)
T6D58 032:336.772   - 0.073ms returns 0
T6D34 032:369.124 JLINK_IsHalted()
T6D34 032:370.864 - 1.740ms returns FALSE
T6D34 032:370.908 JLINK_IsHalted()
T6D34 032:371.802 - 0.893ms returns FALSE
T6D58 032:387.190   JLINK_RTTERMINAL_Read(BufferIndex = 0, BufferSize = 0x00010000)
T6D58 032:387.324   - 0.134ms returns 0
T6D58 032:437.828   JLINK_RTTERMINAL_Read(BufferIndex = 0, BufferSize = 0x00010000)
T6D58 032:437.914   - 0.088ms returns 0
T5770 032:475.372 JLINK_IsHalted()
T5770 032:476.512 - 1.138ms returns FALSE
T5770 032:476.614 JLINK_IsHalted()
T5770 032:477.268 - 0.651ms returns FALSE
T6D34 032:480.662 JLINK_IsHalted()
T6D34 032:481.492 - 0.828ms returns FALSE
T6D34 032:481.548 JLINK_IsHalted()
T6D34 032:482.288 - 0.738ms returns FALSE
T6D58 032:488.458   JLINK_RTTERMINAL_Read(BufferIndex = 0, BufferSize = 0x00010000)
T6D58 032:488.608   - 0.151ms returns 0
T6D58 032:539.484   JLINK_RTTERMINAL_Read(BufferIndex = 0, BufferSize = 0x00010000)
T6D58 032:539.670   - 0.187ms returns 0
T6D34 032:585.766 JLINK_IsHalted()
T6D34 032:586.668 - 0.900ms returns FALSE
T6D34 032:586.858 JLINK_IsHalted()
T6D34 032:588.096 - 1.238ms returns FALSE
T6D58 032:593.428   JLINK_RTTERMINAL_Read(BufferIndex = 0, BufferSize = 0x00010000)
T6D58 032:593.508   - 0.080ms returns 0
T6D58 032:645.952   JLINK_RTTERMINAL_Read(BufferIndex = 0, BufferSize = 0x00010000)
T6D58 032:646.074   - 0.121ms returns 0
T6D34 032:695.014 JLINK_IsHalted()
T6D34 032:696.012 - 0.995ms returns FALSE
T6D34 032:696.132 JLINK_IsHalted()
T6D34 032:696.656 - 0.522ms returns FALSE
T6D58 032:697.120   JLINK_RTTERMINAL_Read(BufferIndex = 0, BufferSize = 0x00010000)
T6D58 032:697.216   - 0.095ms returns 0
T6D58 032:750.496   JLINK_RTTERMINAL_Read(BufferIndex = 0, BufferSize = 0x00010000)
T6D58 032:750.644   - 0.149ms returns 0
T6D58 032:801.680   JLINK_RTTERMINAL_Read(BufferIndex = 0, BufferSize = 0x00010000)
T6D58 032:801.834   - 0.153ms returns 0
T6D34 032:803.724 JLINK_IsHalted()
T6D34 032:804.896 - 1.170ms returns FALSE
T6D34 032:805.060 JLINK_IsHalted()
T6D34 032:806.256 - 1.195ms returns FALSE
T6D58 032:854.292   JLINK_RTTERMINAL_Read(BufferIndex = 0, BufferSize = 0x00010000)
T6D58 032:854.486   - 0.197ms returns 0
T6D58 032:905.338   JLINK_RTTERMINAL_Read(BufferIndex = 0, BufferSize = 0x00010000)
T6D58 032:905.498   - 0.160ms returns 0
T6D34 032:919.056 JLINK_IsHalted()
T6D34 032:920.118 - 1.063ms returns FALSE
T6D34 032:920.234 JLINK_IsHalted()
T6D34 032:921.024 - 0.791ms returns FALSE
T6D58 032:956.800   JLINK_RTTERMINAL_Read(BufferIndex = 0, BufferSize = 0x00010000)
T6D58 032:956.922   - 0.124ms returns 0
T6D58 033:008.432   JLINK_RTTERMINAL_Read(BufferIndex = 0, BufferSize = 0x00010000)
T6D58 033:008.604   - 0.170ms returns 0
T6D34 033:023.700 JLINK_IsHalted()
T6D34 033:024.916 - 1.215ms returns FALSE
T6D34 033:024.998 JLINK_IsHalted()
T6D34 033:025.558 - 0.560ms returns FALSE
T6D58 033:059.466   JLINK_RTTERMINAL_Read(BufferIndex = 0, BufferSize = 0x00010000)
T6D58 033:059.588   - 0.121ms returns 0
T6D58 033:111.572   JLINK_RTTERMINAL_Read(BufferIndex = 0, BufferSize = 0x00010000)
T6D58 033:111.780   - 0.210ms returns 0
T6D34 033:132.148 JLINK_IsHalted()
T6D34 033:133.152 - 1.002ms returns FALSE
T6D34 033:133.370 JLINK_IsHalted()
T6D34 033:134.676 - 1.304ms returns FALSE
T6D58 033:162.550   JLINK_RTTERMINAL_Read(BufferIndex = 0, BufferSize = 0x00010000)
T6D58 033:162.698   - 0.148ms returns 0
T6D58 033:215.328   JLINK_RTTERMINAL_Read(BufferIndex = 0, BufferSize = 0x00010000)
T6D58 033:215.476   - 0.150ms returns 0
T6D34 033:241.412 JLINK_IsHalted()
T6D34 033:242.150 - 0.738ms returns FALSE
T6D34 033:242.220 JLINK_IsHalted()
T6D34 033:243.174 - 0.951ms returns FALSE
T6D58 033:266.940   JLINK_RTTERMINAL_Read(BufferIndex = 0, BufferSize = 0x00010000)
T6D58 033:267.046   - 0.106ms returns 0
T6D58 033:320.308   JLINK_RTTERMINAL_Read(BufferIndex = 0, BufferSize = 0x00010000)
T6D58 033:320.464   - 0.155ms returns 0
T6D34 033:351.072 JLINK_IsHalted()
T6D34 033:352.336 - 1.261ms returns FALSE
T6D34 033:352.490 JLINK_IsHalted()
T6D34 033:353.620 - 1.127ms returns FALSE
T6D58 033:371.562   JLINK_RTTERMINAL_Read(BufferIndex = 0, BufferSize = 0x00010000)
T6D58 033:371.744   - 0.184ms returns 0
T6D58 033:422.544   JLINK_RTTERMINAL_Read(BufferIndex = 0, BufferSize = 0x00010000)
T6D58 033:422.644   - 0.098ms returns 0
T6D34 033:461.264 JLINK_IsHalted()
T6D34 033:462.404 - 1.135ms returns FALSE
T6D34 033:462.476 JLINK_IsHalted()
T6D34 033:463.076 - 0.597ms returns FALSE
T6D58 033:474.928   JLINK_RTTERMINAL_Read(BufferIndex = 0, BufferSize = 0x00010000)
T6D58 033:475.076   - 0.150ms returns 0
T5770 033:478.460 JLINK_IsHalted()
T5770 033:479.498 - 1.033ms returns FALSE
T5770 033:479.584 JLINK_IsHalted()
T5770 033:480.234 - 0.648ms returns FALSE
T6D58 033:527.606   JLINK_RTTERMINAL_Read(BufferIndex = 0, BufferSize = 0x00010000)
T6D58 033:527.766   - 0.160ms returns 0
T6D34 033:570.636 JLINK_IsHalted()
T6D34 033:571.960 - 1.320ms returns FALSE
T6D34 033:572.104 JLINK_IsHalted()
T6D34 033:573.304 - 1.202ms returns FALSE
T6D58 033:578.296   JLINK_RTTERMINAL_Read(BufferIndex = 0, BufferSize = 0x00010000)
T6D58 033:578.416   - 0.119ms returns 0
T6D58 033:630.164   JLINK_RTTERMINAL_Read(BufferIndex = 0, BufferSize = 0x00010000)
T6D58 033:630.308   - 0.144ms returns 0
T6D34 033:679.672 JLINK_IsHalted()
T6D34 033:680.976 - 1.299ms returns FALSE
T6D34 033:681.132 JLINK_IsHalted()
T6D34 033:682.104 - 0.970ms returns FALSE
T6D58 033:682.228   JLINK_RTTERMINAL_Read(BufferIndex = 0, BufferSize = 0x00010000)
T6D58 033:682.288   - 0.060ms returns 0
T6D58 033:733.136   JLINK_RTTERMINAL_Read(BufferIndex = 0, BufferSize = 0x00010000)
T6D58 033:733.216   - 0.078ms returns 0
T6D58 033:784.408   JLINK_RTTERMINAL_Read(BufferIndex = 0, BufferSize = 0x00010000)
T6D58 033:784.568   - 0.163ms returns 0
T6D34 033:788.320 JLINK_IsHalted()
T6D34 033:789.636 - 1.315ms returns FALSE
T6D34 033:789.800 JLINK_IsHalted()
T6D34 033:790.948 - 1.144ms returns FALSE
T6D58 033:835.084   JLINK_RTTERMINAL_Read(BufferIndex = 0, BufferSize = 0x00010000)
T6D58 033:835.168   - 0.084ms returns 0
T6D58 033:887.944   JLINK_RTTERMINAL_Read(BufferIndex = 0, BufferSize = 0x00010000)
T6D58 033:888.116   - 0.175ms returns 0
T6D34 033:897.564 JLINK_IsHalted()
T6D34 033:898.664 - 1.097ms returns FALSE
T6D34 033:898.804 JLINK_IsHalted()
T6D34 033:900.116 - 1.308ms returns FALSE
T6D58 033:938.656   JLINK_RTTERMINAL_Read(BufferIndex = 0, BufferSize = 0x00010000)
T6D58 033:938.760   - 0.102ms returns 0
T6D58 033:989.616   JLINK_RTTERMINAL_Read(BufferIndex = 0, BufferSize = 0x00010000)
T6D58 033:989.692   - 0.077ms returns 0
T6D34 034:007.032 JLINK_IsHalted()
T6D34 034:008.164 - 1.132ms returns FALSE
T6D34 034:008.236 JLINK_IsHalted()
T6D34 034:008.968 - 0.731ms returns FALSE
T6D58 034:040.576   JLINK_RTTERMINAL_Read(BufferIndex = 0, BufferSize = 0x00010000)
T6D58 034:040.660   - 0.084ms returns 0
T6D58 034:091.320   JLINK_RTTERMINAL_Read(BufferIndex = 0, BufferSize = 0x00010000)
T6D58 034:091.504   - 0.184ms returns 0
T6D34 034:116.752 JLINK_IsHalted()
T6D34 034:117.752 - 1.001ms returns FALSE
T6D34 034:117.904 JLINK_IsHalted()
T6D34 034:118.936 - 1.028ms returns FALSE
T6D58 034:142.232   JLINK_RTTERMINAL_Read(BufferIndex = 0, BufferSize = 0x00010000)
T6D58 034:142.376   - 0.143ms returns 0
T6D58 034:193.192   JLINK_RTTERMINAL_Read(BufferIndex = 0, BufferSize = 0x00010000)
T6D58 034:193.384   - 0.193ms returns 0
T6D34 034:230.464 JLINK_IsHalted()
T6D34 034:231.840 - 1.373ms returns FALSE
T6D34 034:231.992 JLINK_IsHalted()
T6D34 034:233.048 - 1.052ms returns FALSE
T6D58 034:244.544   JLINK_RTTERMINAL_Read(BufferIndex = 0, BufferSize = 0x00010000)
T6D58 034:244.632   - 0.087ms returns 0
T6D58 034:297.572   JLINK_RTTERMINAL_Read(BufferIndex = 0, BufferSize = 0x00010000)
T6D58 034:297.688   - 0.116ms returns 0
T6D34 034:335.668 JLINK_IsHalted()
T6D34 034:336.772 - 1.100ms returns FALSE
T6D34 034:336.892 JLINK_IsHalted()
T6D34 034:337.576 - 0.681ms returns FALSE
T6D58 034:348.768   JLINK_RTTERMINAL_Read(BufferIndex = 0, BufferSize = 0x00010000)
T6D58 034:348.876   - 0.112ms returns 0
T6D58 034:399.780   JLINK_RTTERMINAL_Read(BufferIndex = 0, BufferSize = 0x00010000)
T6D58 034:399.884   - 0.108ms returns 0
T6D34 034:444.292 JLINK_IsHalted()
T6D34 034:444.868 - 0.576ms returns FALSE
T6D34 034:444.936 JLINK_IsHalted()
T6D34 034:445.688 - 0.753ms returns FALSE
T6D58 034:450.548   JLINK_RTTERMINAL_Read(BufferIndex = 0, BufferSize = 0x00010000)
T6D58 034:450.728   - 0.182ms returns 0
T5770 034:481.160 JLINK_IsHalted()
T5770 034:482.092 - 0.930ms returns FALSE
T5770 034:482.476 JLINK_IsHalted()
T5770 034:483.496 - 1.022ms returns FALSE
T6D58 034:502.344   JLINK_RTTERMINAL_Read(BufferIndex = 0, BufferSize = 0x00010000)
T6D58 034:502.448   - 0.105ms returns 0
T6D58 034:553.816   JLINK_RTTERMINAL_Read(BufferIndex = 0, BufferSize = 0x00010000)
T6D58 034:553.912   - 0.091ms returns 0
T6D34 034:556.228 JLINK_IsHalted()
T6D34 034:556.984 - 0.755ms returns FALSE
T6D34 034:557.088 JLINK_IsHalted()
T6D34 034:557.788 - 0.699ms returns FALSE
T6D58 034:605.320   JLINK_RTTERMINAL_Read(BufferIndex = 0, BufferSize = 0x00010000)
T6D58 034:605.484   - 0.169ms returns 0
T6D58 034:657.484   JLINK_RTTERMINAL_Read(BufferIndex = 0, BufferSize = 0x00010000)
T6D58 034:657.616   - 0.131ms returns 0
T6D34 034:663.388 JLINK_IsHalted()
T6D34 034:664.636 - 1.247ms returns FALSE
T6D34 034:664.832 JLINK_IsHalted()
T6D34 034:665.680 - 0.847ms returns FALSE
T6D58 034:708.604   JLINK_RTTERMINAL_Read(BufferIndex = 0, BufferSize = 0x00010000)
T6D58 034:708.696   - 0.090ms returns 0
T6D58 034:760.008   JLINK_RTTERMINAL_Read(BufferIndex = 0, BufferSize = 0x00010000)
T6D58 034:760.152   - 0.149ms returns 0
T6D34 034:774.416 JLINK_IsHalted()
T6D34 034:775.224 - 0.804ms returns FALSE
T6D34 034:775.328 JLINK_IsHalted()
T6D34 034:775.980 - 0.652ms returns FALSE
T6D58 034:811.452   JLINK_RTTERMINAL_Read(BufferIndex = 0, BufferSize = 0x00010000)
T6D58 034:811.624   - 0.170ms returns 0
T6D58 034:862.568   JLINK_RTTERMINAL_Read(BufferIndex = 0, BufferSize = 0x00010000)
T6D58 034:862.732   - 0.162ms returns 0
T6D34 034:883.184 JLINK_IsHalted()
T6D34 034:884.260 - 1.073ms returns FALSE
T6D34 034:884.360 JLINK_IsHalted()
T6D34 034:885.284 - 0.920ms returns FALSE
T6D58 034:913.976   JLINK_RTTERMINAL_Read(BufferIndex = 0, BufferSize = 0x00010000)
T6D58 034:914.068   - 0.089ms returns 0
T6D58 034:964.648   JLINK_RTTERMINAL_Read(BufferIndex = 0, BufferSize = 0x00010000)
T6D58 034:964.748   - 0.099ms returns 0
T6D34 034:991.296 JLINK_IsHalted()
T6D34 034:992.684 - 1.389ms returns FALSE
T6D34 034:992.764 JLINK_IsHalted()
T6D34 034:993.376 - 0.612ms returns FALSE
T6D58 035:015.464   JLINK_RTTERMINAL_Read(BufferIndex = 0, BufferSize = 0x00010000)
T6D58 035:015.592   - 0.133ms returns 0
T6D58 035:067.176   JLINK_RTTERMINAL_Read(BufferIndex = 0, BufferSize = 0x00010000)
T6D58 035:067.280   - 0.102ms returns 0
T6D34 035:100.796 JLINK_IsHalted()
T6D34 035:101.888 - 1.091ms returns FALSE
T6D34 035:101.980 JLINK_IsHalted()
T6D34 035:103.004 - 1.023ms returns FALSE
T6D58 035:117.920   JLINK_RTTERMINAL_Read(BufferIndex = 0, BufferSize = 0x00010000)
T6D58 035:118.168   - 0.236ms returns 0
T6D58 035:169.648   JLINK_RTTERMINAL_Read(BufferIndex = 0, BufferSize = 0x00010000)
T6D58 035:169.804   - 0.158ms returns 0
T6D34 035:213.332 JLINK_IsHalted()
T6D34 035:214.280 - 0.951ms returns FALSE
T6D34 035:214.344 JLINK_IsHalted()
T6D34 035:214.896 - 0.555ms returns FALSE
T6D58 035:221.148   JLINK_RTTERMINAL_Read(BufferIndex = 0, BufferSize = 0x00010000)
T6D58 035:221.272   - 0.121ms returns 0
T6D58 035:272.180   JLINK_RTTERMINAL_Read(BufferIndex = 0, BufferSize = 0x00010000)
T6D58 035:272.336   - 0.157ms returns 0
T6D34 035:320.232 JLINK_IsHalted()
T6D34 035:321.812 - 1.580ms returns FALSE
T6D34 035:321.984 JLINK_IsHalted()
T6D34 035:322.936 - 0.948ms returns FALSE
T6D58 035:323.036   JLINK_RTTERMINAL_Read(BufferIndex = 0, BufferSize = 0x00010000)
T6D58 035:323.112   - 0.075ms returns 0
T6D58 035:374.072   JLINK_RTTERMINAL_Read(BufferIndex = 0, BufferSize = 0x00010000)
T6D58 035:374.220   - 0.149ms returns 0
T6D58 035:427.720   JLINK_RTTERMINAL_Read(BufferIndex = 0, BufferSize = 0x00010000)
T6D58 035:427.868   - 0.152ms returns 0
T6D34 035:429.760 JLINK_IsHalted()
T6D34 035:430.696 - 0.932ms returns FALSE
T6D34 035:430.864 JLINK_IsHalted()
T6D34 035:431.940 - 1.074ms returns FALSE
T6D58 035:478.572   JLINK_RTTERMINAL_Read(BufferIndex = 0, BufferSize = 0x00010000)
T6D58 035:478.684   - 0.114ms returns 0
T5770 035:484.228 JLINK_IsHalted()
T5770 035:484.940 - 0.714ms returns FALSE
T5770 035:485.016 JLINK_IsHalted()
T5770 035:485.976 - 0.956ms returns FALSE
T6D58 035:529.412   JLINK_RTTERMINAL_Read(BufferIndex = 0, BufferSize = 0x00010000)
T6D58 035:529.556   - 0.144ms returns 0
T6D34 035:538.684 JLINK_IsHalted()
T6D34 035:539.720 - 1.036ms returns FALSE
T6D34 035:539.792 JLINK_IsHalted()
T6D34 035:540.440 - 0.647ms returns FALSE
T6D58 035:582.856   JLINK_RTTERMINAL_Read(BufferIndex = 0, BufferSize = 0x00010000)
T6D58 035:582.952   - 0.095ms returns 0
T6D58 035:634.292   JLINK_RTTERMINAL_Read(BufferIndex = 0, BufferSize = 0x00010000)
T6D58 035:634.404   - 0.113ms returns 0
T6D34 035:647.372 JLINK_IsHalted()
T6D34 035:648.536 - 1.165ms returns FALSE
T6D34 035:648.680 JLINK_IsHalted()
T6D34 035:649.928 - 1.246ms returns FALSE
T6D58 035:685.360   JLINK_RTTERMINAL_Read(BufferIndex = 0, BufferSize = 0x00010000)
T6D58 035:685.456   - 0.097ms returns 0
T6D58 035:736.088   JLINK_RTTERMINAL_Read(BufferIndex = 0, BufferSize = 0x00010000)
T6D58 035:736.284   - 0.197ms returns 0
T6D34 035:757.440 JLINK_IsHalted()
T6D34 035:758.544 - 1.103ms returns FALSE
T6D34 035:758.708 JLINK_IsHalted()
T6D34 035:760.232 - 1.520ms returns FALSE
T6D58 035:787.432   JLINK_RTTERMINAL_Read(BufferIndex = 0, BufferSize = 0x00010000)
T6D58 035:787.544   - 0.113ms returns 0
T6D58 035:837.980   JLINK_RTTERMINAL_Read(BufferIndex = 0, BufferSize = 0x00010000)
T6D58 035:838.064   - 0.083ms returns 0
T6D34 035:868.400 JLINK_IsHalted()
T6D34 035:869.724 - 1.322ms returns FALSE
T6D34 035:869.912 JLINK_IsHalted()
T6D34 035:870.892 - 0.980ms returns FALSE
T6D58 035:888.676   JLINK_RTTERMINAL_Read(BufferIndex = 0, BufferSize = 0x00010000)
T6D58 035:888.764   - 0.090ms returns 0
T6D58 035:939.844   JLINK_RTTERMINAL_Read(BufferIndex = 0, BufferSize = 0x00010000)
T6D58 035:939.928   - 0.083ms returns 0
T6D34 035:975.636 JLINK_IsHalted()
T6D34 035:976.284 - 0.651ms returns FALSE
T6D34 035:976.312 JLINK_IsHalted()
T6D34 035:977.144 - 0.829ms returns FALSE
T6D58 035:991.812   JLINK_RTTERMINAL_Read(BufferIndex = 0, BufferSize = 0x00010000)
T6D58 035:991.992   - 0.182ms returns 0
T6D58 036:044.120   JLINK_RTTERMINAL_Read(BufferIndex = 0, BufferSize = 0x00010000)
T6D58 036:044.216   - 0.093ms returns 0
T6D34 036:085.396 JLINK_IsHalted()
T6D34 036:086.068 - 0.674ms returns FALSE
T6D34 036:086.112 JLINK_IsHalted()
T6D34 036:087.028 - 0.914ms returns FALSE
T6D58 036:095.424   JLINK_RTTERMINAL_Read(BufferIndex = 0, BufferSize = 0x00010000)
T6D58 036:095.596   - 0.174ms returns 0
T6D58 036:146.292   JLINK_RTTERMINAL_Read(BufferIndex = 0, BufferSize = 0x00010000)
T6D58 036:146.424   - 0.133ms returns 0
T6D34 036:195.272 JLINK_IsHalted()
T6D34 036:196.156 - 0.885ms returns FALSE
T6D34 036:196.248 JLINK_IsHalted()
T6D34 036:196.832 - 0.586ms returns FALSE
T6D58 036:197.300   JLINK_RTTERMINAL_Read(BufferIndex = 0, BufferSize = 0x00010000)
T6D58 036:197.372   - 0.074ms returns 0
T6D58 036:250.636   JLINK_RTTERMINAL_Read(BufferIndex = 0, BufferSize = 0x00010000)
T6D58 036:250.788   - 0.153ms returns 0
T6D58 036:301.564   JLINK_RTTERMINAL_Read(BufferIndex = 0, BufferSize = 0x00010000)
T6D58 036:301.752   - 0.184ms returns 0
T6D34 036:307.672 JLINK_IsHalted()
T6D34 036:308.424 - 0.749ms returns FALSE
T6D34 036:308.560 JLINK_IsHalted()
T6D34 036:309.268 - 0.703ms returns FALSE
T6D58 036:352.720   JLINK_RTTERMINAL_Read(BufferIndex = 0, BufferSize = 0x00010000)
T6D58 036:352.824   - 0.102ms returns 0
T6D58 036:403.496   JLINK_RTTERMINAL_Read(BufferIndex = 0, BufferSize = 0x00010000)
T6D58 036:403.664   - 0.170ms returns 0
T6D34 036:412.968 JLINK_IsHalted()
T6D34 036:414.264 - 1.289ms returns FALSE
T6D34 036:414.444 JLINK_IsHalted()
T6D34 036:415.452 - 1.004ms returns FALSE
T6D58 036:454.488   JLINK_RTTERMINAL_Read(BufferIndex = 0, BufferSize = 0x00010000)
T6D58 036:454.704   - 0.215ms returns 0
T5770 036:486.868 JLINK_IsHalted()
T5770 036:487.688 - 0.822ms returns FALSE
T5770 036:487.836 JLINK_IsHalted()
T5770 036:488.996 - 1.155ms returns FALSE
T6D58 036:505.456   JLINK_RTTERMINAL_Read(BufferIndex = 0, BufferSize = 0x00010000)
T6D58 036:505.620   - 0.162ms returns 0
T6D34 036:522.344 JLINK_IsHalted()
T6D34 036:522.972 - 0.625ms returns FALSE
T6D34 036:523.132 JLINK_IsHalted()
T6D34 036:524.228 - 1.092ms returns FALSE
T6D58 036:556.772   JLINK_RTTERMINAL_Read(BufferIndex = 0, BufferSize = 0x00010000)
T6D58 036:556.836   - 0.061ms returns 0
T6D58 036:607.892   JLINK_RTTERMINAL_Read(BufferIndex = 0, BufferSize = 0x00010000)
T6D58 036:607.976   - 0.081ms returns 0
T6D34 036:631.608 JLINK_IsHalted()
T6D34 036:632.140 - 0.535ms returns FALSE
T6D34 036:632.260 JLINK_IsHalted()
T6D34 036:632.908 - 0.649ms returns FALSE
T6D58 036:658.452   JLINK_RTTERMINAL_Read(BufferIndex = 0, BufferSize = 0x00010000)
T6D58 036:658.536   - 0.083ms returns 0
T6D58 036:709.208   JLINK_RTTERMINAL_Read(BufferIndex = 0, BufferSize = 0x00010000)
T6D58 036:709.288   - 0.081ms returns 0
T6D34 036:741.244 JLINK_IsHalted()
T6D34 036:742.372 - 1.124ms returns FALSE
T6D34 036:742.424 JLINK_IsHalted()
T6D34 036:743.160 - 0.736ms returns FALSE
T6D58 036:760.200   JLINK_RTTERMINAL_Read(BufferIndex = 0, BufferSize = 0x00010000)
T6D58 036:760.368   - 0.168ms returns 0
T6D58 036:811.392   JLINK_RTTERMINAL_Read(BufferIndex = 0, BufferSize = 0x00010000)
T6D58 036:811.500   - 0.109ms returns 0
T6D34 036:850.980 JLINK_IsHalted()
T6D34 036:851.716 - 0.732ms returns FALSE
T6D34 036:851.816 JLINK_IsHalted()
T6D34 036:852.444 - 0.627ms returns FALSE
T6D58 036:862.660   JLINK_RTTERMINAL_Read(BufferIndex = 0, BufferSize = 0x00010000)
T6D58 036:862.752   - 0.095ms returns 0
T6D58 036:913.256   JLINK_RTTERMINAL_Read(BufferIndex = 0, BufferSize = 0x00010000)
T6D58 036:913.408   - 0.151ms returns 0
T6D34 036:961.180 JLINK_IsHalted()
T6D34 036:962.264 - 1.082ms returns FALSE
T6D34 036:962.332 JLINK_IsHalted()
T6D34 036:963.204 - 0.868ms returns FALSE
T6D58 036:964.408   JLINK_RTTERMINAL_Read(BufferIndex = 0, BufferSize = 0x00010000)
T6D58 036:964.456   - 0.047ms returns 0
T6D58 037:015.380   JLINK_RTTERMINAL_Read(BufferIndex = 0, BufferSize = 0x00010000)
T6D58 037:015.552   - 0.172ms returns 0
T6D58 037:067.352   JLINK_RTTERMINAL_Read(BufferIndex = 0, BufferSize = 0x00010000)
T6D58 037:067.512   - 0.158ms returns 0
T6D34 037:069.744 JLINK_IsHalted()
T6D34 037:070.988 - 1.244ms returns FALSE
T6D34 037:071.216 JLINK_IsHalted()
T6D34 037:072.080 - 0.861ms returns FALSE
T6D58 037:120.532   JLINK_RTTERMINAL_Read(BufferIndex = 0, BufferSize = 0x00010000)
T6D58 037:120.684   - 0.156ms returns 0
T6D58 037:172.764   JLINK_RTTERMINAL_Read(BufferIndex = 0, BufferSize = 0x00010000)
T6D58 037:172.900   - 0.133ms returns 0
T6D34 037:179.160 JLINK_IsHalted()
T6D34 037:180.216 - 1.056ms returns FALSE
T6D34 037:180.276 JLINK_IsHalted()
T6D34 037:181.120 - 0.843ms returns FALSE
T6D58 037:224.984   JLINK_RTTERMINAL_Read(BufferIndex = 0, BufferSize = 0x00010000)
T6D58 037:225.080   - 0.092ms returns 0
T6D58 037:276.292   JLINK_RTTERMINAL_Read(BufferIndex = 0, BufferSize = 0x00010000)
T6D58 037:276.384   - 0.091ms returns 0
T6D34 037:288.644 JLINK_IsHalted()
T6D34 037:289.668 - 1.023ms returns FALSE
T6D34 037:289.832 JLINK_IsHalted()
T6D34 037:291.088 - 1.251ms returns FALSE
T6D58 037:327.068   JLINK_RTTERMINAL_Read(BufferIndex = 0, BufferSize = 0x00010000)
T6D58 037:327.168   - 0.099ms returns 0
T6D58 037:378.136   JLINK_RTTERMINAL_Read(BufferIndex = 0, BufferSize = 0x00010000)
T6D58 037:378.240   - 0.105ms returns 0
T6D34 037:397.416 JLINK_IsHalted()
T6D34 037:398.696 - 1.278ms returns FALSE
T6D34 037:398.808 JLINK_IsHalted()
T6D34 037:399.352 - 0.544ms returns FALSE
T6D58 037:429.752   JLINK_RTTERMINAL_Read(BufferIndex = 0, BufferSize = 0x00010000)
T6D58 037:429.944   - 0.193ms returns 0
T6D58 037:481.236   JLINK_RTTERMINAL_Read(BufferIndex = 0, BufferSize = 0x00010000)
T6D58 037:481.388   - 0.153ms returns 0
T5770 037:491.548 JLINK_IsHalted()
T5770 037:492.552 - 1.002ms returns FALSE
T5770 037:492.624 JLINK_IsHalted()
T5770 037:493.384 - 0.755ms returns FALSE
T6D34 037:507.144 JLINK_IsHalted()
T6D34 037:508.200 - 1.052ms returns FALSE
T6D34 037:508.372 JLINK_IsHalted()
T6D34 037:509.476 - 1.100ms returns FALSE
T6D58 037:532.312   JLINK_RTTERMINAL_Read(BufferIndex = 0, BufferSize = 0x00010000)
T6D58 037:532.428   - 0.119ms returns 0
T6D58 037:583.064   JLINK_RTTERMINAL_Read(BufferIndex = 0, BufferSize = 0x00010000)
T6D58 037:583.244   - 0.180ms returns 0
T6D34 037:621.900 JLINK_IsHalted()
T6D34 037:623.192 - 1.287ms returns FALSE
T6D34 037:623.256 JLINK_IsHalted()
T6D34 037:623.756 - 0.498ms returns FALSE
T6D58 037:636.200   JLINK_RTTERMINAL_Read(BufferIndex = 0, BufferSize = 0x00010000)
T6D58 037:636.264   - 0.067ms returns 0
T6D58 037:688.232   JLINK_RTTERMINAL_Read(BufferIndex = 0, BufferSize = 0x00010000)
T6D58 037:688.336   - 0.104ms returns 0
T6D34 037:727.816 JLINK_IsHalted()
T6D34 037:728.748 - 0.930ms returns FALSE
T6D34 037:728.808 JLINK_IsHalted()
T6D34 037:729.632 - 0.825ms returns FALSE
T6D58 037:739.760   JLINK_RTTERMINAL_Read(BufferIndex = 0, BufferSize = 0x00010000)
T6D58 037:739.836   - 0.076ms returns 0
T6D58 037:790.600   JLINK_RTTERMINAL_Read(BufferIndex = 0, BufferSize = 0x00010000)
T6D58 037:790.672   - 0.075ms returns 0
T6D34 037:835.372 JLINK_IsHalted()
T6D34 037:836.104 - 0.734ms returns FALSE
T6D34 037:836.176 JLINK_IsHalted()
T6D34 037:836.872 - 0.697ms returns FALSE
T6D58 037:841.028   JLINK_RTTERMINAL_Read(BufferIndex = 0, BufferSize = 0x00010000)
T6D58 037:841.092   - 0.067ms returns 0
T6D58 037:892.292   JLINK_RTTERMINAL_Read(BufferIndex = 0, BufferSize = 0x00010000)
T6D58 037:892.452   - 0.170ms returns 0
T6D58 037:943.496   JLINK_RTTERMINAL_Read(BufferIndex = 0, BufferSize = 0x00010000)
T6D58 037:943.612   - 0.116ms returns 0
T6D34 037:944.232 JLINK_IsHalted()
T6D34 037:945.340 - 1.109ms returns FALSE
T6D34 037:945.408 JLINK_IsHalted()
T6D34 037:946.096 - 0.687ms returns FALSE
T6D58 037:994.808   JLINK_RTTERMINAL_Read(BufferIndex = 0, BufferSize = 0x00010000)
T6D58 037:995.004   - 0.199ms returns 0
T6D58 038:048.788   JLINK_RTTERMINAL_Read(BufferIndex = 0, BufferSize = 0x00010000)
T6D58 038:048.900   - 0.111ms returns 0
T6D34 038:053.664 JLINK_IsHalted()
T6D34 038:054.896 - 1.230ms returns FALSE
T6D34 038:054.984 JLINK_IsHalted()
T6D34 038:055.800 - 0.813ms returns FALSE
T6D58 038:099.960   JLINK_RTTERMINAL_Read(BufferIndex = 0, BufferSize = 0x00010000)
T6D58 038:100.136   - 0.176ms returns 0
T6D58 038:151.288   JLINK_RTTERMINAL_Read(BufferIndex = 0, BufferSize = 0x00010000)
T6D58 038:151.376   - 0.090ms returns 0
T6D34 038:163.720 JLINK_IsHalted()
T6D34 038:164.416 - 0.694ms returns FALSE
T6D34 038:164.484 JLINK_IsHalted()
T6D34 038:165.292 - 0.806ms returns FALSE
T6D58 038:202.344   JLINK_RTTERMINAL_Read(BufferIndex = 0, BufferSize = 0x00010000)
T6D58 038:202.440   - 0.101ms returns 0
T6D58 038:254.648   JLINK_RTTERMINAL_Read(BufferIndex = 0, BufferSize = 0x00010000)
T6D58 038:254.808   - 0.158ms returns 0
T6D34 038:272.380 JLINK_IsHalted()
T6D34 038:273.440 - 1.060ms returns FALSE
T6D34 038:273.528 JLINK_IsHalted()
T6D34 038:274.176 - 0.643ms returns FALSE
T6D58 038:305.584   JLINK_RTTERMINAL_Read(BufferIndex = 0, BufferSize = 0x00010000)
T6D58 038:305.740   - 0.157ms returns 0
T6D58 038:356.504   JLINK_RTTERMINAL_Read(BufferIndex = 0, BufferSize = 0x00010000)
T6D58 038:356.648   - 0.147ms returns 0
T6D34 038:381.664 JLINK_IsHalted()
T6D34 038:382.536 - 0.873ms returns FALSE
T6D34 038:382.656 JLINK_IsHalted()
T6D34 038:383.240 - 0.583ms returns FALSE
T6D58 038:407.172   JLINK_RTTERMINAL_Read(BufferIndex = 0, BufferSize = 0x00010000)
T6D58 038:407.296   - 0.124ms returns 0
T6D58 038:458.496   JLINK_RTTERMINAL_Read(BufferIndex = 0, BufferSize = 0x00010000)
T6D58 038:458.588   - 0.096ms returns 0
T6D34 038:493.552 JLINK_IsHalted()
T6D34 038:494.328 - 0.774ms returns FALSE
T6D34 038:494.392 JLINK_IsHalted()
T6D34 038:495.140 - 0.746ms returns FALSE
T5770 038:495.260 JLINK_IsHalted()
T5770 038:495.992 - 0.727ms returns FALSE
T5770 038:496.040 JLINK_IsHalted()
T5770 038:496.792 - 0.753ms returns FALSE
T6D58 038:509.640   JLINK_RTTERMINAL_Read(BufferIndex = 0, BufferSize = 0x00010000)
T6D58 038:509.736   - 0.095ms returns 0
T6D58 038:560.396   JLINK_RTTERMINAL_Read(BufferIndex = 0, BufferSize = 0x00010000)
T6D58 038:560.600   - 0.205ms returns 0
T6D34 038:604.688 JLINK_IsHalted()
T6D34 038:605.976 - 1.284ms returns FALSE
T6D34 038:606.088 JLINK_IsHalted()
T6D34 038:606.736 - 0.648ms returns FALSE
T6D58 038:611.512   JLINK_RTTERMINAL_Read(BufferIndex = 0, BufferSize = 0x00010000)
T6D58 038:611.752   - 0.240ms returns 0
T6D58 038:662.360   JLINK_RTTERMINAL_Read(BufferIndex = 0, BufferSize = 0x00010000)
T6D58 038:662.516   - 0.157ms returns 0
T6D34 038:710.032 JLINK_IsHalted()
T6D34 038:710.816 - 0.783ms returns FALSE
T6D34 038:710.876 JLINK_IsHalted()
T6D34 038:711.720 - 0.840ms returns FALSE
T6D58 038:713.636   JLINK_RTTERMINAL_Read(BufferIndex = 0, BufferSize = 0x00010000)
T6D58 038:713.704   - 0.085ms returns 0
T6D58 038:764.416   JLINK_RTTERMINAL_Read(BufferIndex = 0, BufferSize = 0x00010000)
T6D58 038:764.504   - 0.087ms returns 0
T6D58 038:817.736   JLINK_RTTERMINAL_Read(BufferIndex = 0, BufferSize = 0x00010000)
T6D58 038:817.908   - 0.172ms returns 0
T6D34 038:821.128 JLINK_IsHalted()
T6D34 038:822.500 - 1.370ms returns FALSE
T6D34 038:822.556 JLINK_IsHalted()
T6D34 038:823.224 - 0.666ms returns FALSE
T6D58 038:868.732   JLINK_RTTERMINAL_Read(BufferIndex = 0, BufferSize = 0x00010000)
T6D58 038:868.904   - 0.171ms returns 0
T6D58 038:921.256   JLINK_RTTERMINAL_Read(BufferIndex = 0, BufferSize = 0x00010000)
T6D58 038:921.416   - 0.161ms returns 0
T6D34 038:929.184 JLINK_IsHalted()
T6D34 038:929.984 - 0.799ms returns FALSE
T6D34 038:930.076 JLINK_IsHalted()
T6D34 038:930.844 - 0.767ms returns FALSE
T6D58 038:972.688   JLINK_RTTERMINAL_Read(BufferIndex = 0, BufferSize = 0x00010000)
T6D58 038:972.872   - 0.184ms returns 0
T6D58 039:024.276   JLINK_RTTERMINAL_Read(BufferIndex = 0, BufferSize = 0x00010000)
T6D58 039:024.396   - 0.123ms returns 0
T6D34 039:038.376 JLINK_IsHalted()
T6D34 039:039.032 - 0.655ms returns FALSE
T6D34 039:039.104 JLINK_IsHalted()
T6D34 039:039.984 - 0.878ms returns FALSE
T6D58 039:078.024   JLINK_RTTERMINAL_Read(BufferIndex = 0, BufferSize = 0x00010000)
T6D58 039:078.192   - 0.171ms returns 0
T6D58 039:129.404   JLINK_RTTERMINAL_Read(BufferIndex = 0, BufferSize = 0x00010000)
T6D58 039:129.480   - 0.076ms returns 0
T6D34 039:150.400 JLINK_IsHalted()
T6D34 039:151.160 - 0.758ms returns FALSE
T6D34 039:151.208 JLINK_IsHalted()
T6D34 039:151.960 - 0.749ms returns FALSE
T6D58 039:181.320   JLINK_RTTERMINAL_Read(BufferIndex = 0, BufferSize = 0x00010000)
T6D58 039:181.432   - 0.112ms returns 0
T6D58 039:232.516   JLINK_RTTERMINAL_Read(BufferIndex = 0, BufferSize = 0x00010000)
T6D58 039:232.644   - 0.128ms returns 0
T6D34 039:257.184 JLINK_IsHalted()
T6D34 039:257.832 - 0.644ms returns FALSE
T6D34 039:257.908 JLINK_IsHalted()
T6D34 039:258.656 - 0.750ms returns FALSE
T6D58 039:284.376   JLINK_RTTERMINAL_Read(BufferIndex = 0, BufferSize = 0x00010000)
T6D58 039:284.544   - 0.166ms returns 0
T6D58 039:335.924   JLINK_RTTERMINAL_Read(BufferIndex = 0, BufferSize = 0x00010000)
T6D58 039:336.132   - 0.211ms returns 0
T6D34 039:372.072 JLINK_IsHalted()
T6D34 039:372.796 - 0.724ms returns FALSE
T6D34 039:372.860 JLINK_IsHalted()
T6D34 039:373.816 - 0.953ms returns FALSE
T6D58 039:387.016   JLINK_RTTERMINAL_Read(BufferIndex = 0, BufferSize = 0x00010000)
T6D58 039:387.148   - 0.132ms returns 0
T6D58 039:439.096   JLINK_RTTERMINAL_Read(BufferIndex = 0, BufferSize = 0x00010000)
T6D58 039:439.176   - 0.079ms returns 0
T6D34 039:479.064 JLINK_IsHalted()
T6D34 039:479.752 - 0.681ms returns FALSE
T6D34 039:479.800 JLINK_IsHalted()
T6D34 039:480.504 - 0.706ms returns FALSE
T6D58 039:491.200   JLINK_RTTERMINAL_Read(BufferIndex = 0, BufferSize = 0x00010000)
T6D58 039:491.320   - 0.119ms returns 0
T5770 039:497.780 JLINK_IsHalted()
T5770 039:498.460 - 0.682ms returns FALSE
T5770 039:498.536 JLINK_IsHalted()
T5770 039:499.200 - 0.665ms returns FALSE
T6D58 039:542.148   JLINK_RTTERMINAL_Read(BufferIndex = 0, BufferSize = 0x00010000)
T6D58 039:542.244   - 0.094ms returns 0
T6D34 039:585.156 JLINK_IsHalted()
T6D34 039:585.872 - 0.716ms returns FALSE
T6D34 039:585.980 JLINK_IsHalted()
T6D34 039:586.612 - 0.629ms returns FALSE
T6D58 039:592.912   JLINK_RTTERMINAL_Read(BufferIndex = 0, BufferSize = 0x00010000)
T6D58 039:593.092   - 0.177ms returns 0
T6D58 039:644.412   JLINK_RTTERMINAL_Read(BufferIndex = 0, BufferSize = 0x00010000)
T6D58 039:644.524   - 0.110ms returns 0
T6D58 039:695.268   JLINK_RTTERMINAL_Read(BufferIndex = 0, BufferSize = 0x00010000)
T6D58 039:695.448   - 0.179ms returns 0
T6D34 039:695.748 JLINK_IsHalted()
T6D34 039:696.596 - 0.846ms returns FALSE
T6D34 039:696.724 JLINK_IsHalted()
T6D34 039:697.948 - 1.223ms returns FALSE
T6D58 039:746.244   JLINK_RTTERMINAL_Read(BufferIndex = 0, BufferSize = 0x00010000)
T6D58 039:746.436   - 0.192ms returns 0
T6D58 039:798.484   JLINK_RTTERMINAL_Read(BufferIndex = 0, BufferSize = 0x00010000)
T6D58 039:798.640   - 0.160ms returns 0
T6D34 039:804.328 JLINK_IsHalted()
T6D34 039:805.544 - 1.213ms returns FALSE
T6D34 039:805.712 JLINK_IsHalted()
T6D34 039:806.892 - 1.182ms returns FALSE
T6D58 039:849.416   JLINK_RTTERMINAL_Read(BufferIndex = 0, BufferSize = 0x00010000)
T6D58 039:849.584   - 0.167ms returns 0
T6D58 039:900.172   JLINK_RTTERMINAL_Read(BufferIndex = 0, BufferSize = 0x00010000)
T6D58 039:900.328   - 0.160ms returns 0
T6D34 039:913.296 JLINK_IsHalted()
T6D34 039:913.968 - 0.669ms returns FALSE
T6D34 039:914.012 JLINK_IsHalted()
T6D34 039:914.776 - 0.760ms returns FALSE
T6D58 039:951.792   JLINK_RTTERMINAL_Read(BufferIndex = 0, BufferSize = 0x00010000)
T6D58 039:951.972   - 0.180ms returns 0
T6D58 040:003.424   JLINK_RTTERMINAL_Read(BufferIndex = 0, BufferSize = 0x00010000)
T6D58 040:003.632   - 0.210ms returns 0
T6D34 040:024.488 JLINK_IsHalted()
T6D34 040:025.340 - 0.849ms returns FALSE
T6D34 040:025.452 JLINK_IsHalted()
T6D34 040:026.056 - 0.604ms returns FALSE
T6D58 040:054.800   JLINK_RTTERMINAL_Read(BufferIndex = 0, BufferSize = 0x00010000)
T6D58 040:054.968   - 0.169ms returns 0
T6D58 040:107.108   JLINK_RTTERMINAL_Read(BufferIndex = 0, BufferSize = 0x00010000)
T6D58 040:107.288   - 0.179ms returns 0
T6D34 040:133.120 JLINK_IsHalted()
T6D34 040:134.344 - 1.222ms returns FALSE
T6D34 040:134.404 JLINK_IsHalted()
T6D34 040:135.236 - 0.831ms returns FALSE
T6D58 040:158.844   JLINK_RTTERMINAL_Read(BufferIndex = 0, BufferSize = 0x00010000)
T6D58 040:158.932   - 0.089ms returns 0
T6D58 040:210.056   JLINK_RTTERMINAL_Read(BufferIndex = 0, BufferSize = 0x00010000)
T6D58 040:210.232   - 0.177ms returns 0
T6D34 040:241.080 JLINK_IsHalted()
T6D34 040:242.196 - 1.111ms returns FALSE
T6D34 040:242.368 JLINK_IsHalted()
T6D34 040:243.544 - 1.173ms returns FALSE
T6D58 040:261.540   JLINK_RTTERMINAL_Read(BufferIndex = 0, BufferSize = 0x00010000)
T6D58 040:261.692   - 0.146ms returns 0
T6D58 040:312.516   JLINK_RTTERMINAL_Read(BufferIndex = 0, BufferSize = 0x00010000)
T6D58 040:312.676   - 0.164ms returns 0
T6D34 040:351.100 JLINK_IsHalted()
T6D34 040:351.992 - 0.895ms returns FALSE
T6D34 040:352.056 JLINK_IsHalted()
T6D34 040:352.744 - 0.685ms returns FALSE
T6D58 040:364.616   JLINK_RTTERMINAL_Read(BufferIndex = 0, BufferSize = 0x00010000)
T6D58 040:364.708   - 0.093ms returns 0
T6D58 040:415.144   JLINK_RTTERMINAL_Read(BufferIndex = 0, BufferSize = 0x00010000)
T6D58 040:415.316   - 0.173ms returns 0
T6D34 040:460.576 JLINK_IsHalted()
T6D34 040:461.960 - 1.380ms returns FALSE
T6D34 040:462.108 JLINK_IsHalted()
T6D34 040:463.256 - 1.143ms returns FALSE
T6D58 040:468.676   JLINK_RTTERMINAL_Read(BufferIndex = 0, BufferSize = 0x00010000)
T6D58 040:468.832   - 0.160ms returns 0
T5770 040:501.176 JLINK_IsHalted()
T5770 040:501.864 - 0.688ms returns FALSE
T5770 040:501.964 JLINK_IsHalted()
T5770 040:502.676 - 0.710ms returns FALSE
T6D58 040:519.944   JLINK_RTTERMINAL_Read(BufferIndex = 0, BufferSize = 0x00010000)
T6D58 040:520.048   - 0.103ms returns 0
T6D34 040:569.152 JLINK_IsHalted()
T6D34 040:570.012 - 0.857ms returns FALSE
T6D34 040:570.136 JLINK_IsHalted()
T6D34 040:571.048 - 0.909ms returns FALSE
T6D58 040:571.416   JLINK_RTTERMINAL_Read(BufferIndex = 0, BufferSize = 0x00010000)
T6D58 040:571.560   - 0.147ms returns 0
T6D58 040:625.508   JLINK_RTTERMINAL_Read(BufferIndex = 0, BufferSize = 0x00010000)
T6D58 040:625.688   - 0.180ms returns 0
T6D58 040:676.564   JLINK_RTTERMINAL_Read(BufferIndex = 0, BufferSize = 0x00010000)
T6D58 040:676.792   - 0.229ms returns 0
T6D34 040:679.172 JLINK_IsHalted()
T6D34 040:680.084 - 0.911ms returns FALSE
T6D34 040:680.232 JLINK_IsHalted()
T6D34 040:681.408 - 1.176ms returns FALSE
T6D58 040:727.688   JLINK_RTTERMINAL_Read(BufferIndex = 0, BufferSize = 0x00010000)
T6D58 040:727.848   - 0.163ms returns 0
T6D58 040:779.256   JLINK_RTTERMINAL_Read(BufferIndex = 0, BufferSize = 0x00010000)
T6D58 040:779.424   - 0.162ms returns 0
T6D34 040:788.536 JLINK_IsHalted()
T6D34 040:789.736 - 1.203ms returns FALSE
T6D34 040:789.804 JLINK_IsHalted()
T6D34 040:790.472 - 0.666ms returns FALSE
T6D58 040:831.288   JLINK_RTTERMINAL_Read(BufferIndex = 0, BufferSize = 0x00010000)
T6D58 040:831.448   - 0.163ms returns 0
T6D58 040:883.456   JLINK_RTTERMINAL_Read(BufferIndex = 0, BufferSize = 0x00010000)
T6D58 040:883.540   - 0.082ms returns 0
T6D34 040:897.572 JLINK_IsHalted()
T6D34 040:898.144 - 0.574ms returns FALSE
T6D34 040:898.188 JLINK_IsHalted()
T6D34 040:899.168 - 0.980ms returns FALSE
T6D58 040:935.624   JLINK_RTTERMINAL_Read(BufferIndex = 0, BufferSize = 0x00010000)
T6D58 040:935.768   - 0.146ms returns 0
T6D58 040:987.272   JLINK_RTTERMINAL_Read(BufferIndex = 0, BufferSize = 0x00010000)
T6D58 040:987.464   - 0.189ms returns 0
T6D34 041:010.072 JLINK_IsHalted()
T6D34 041:011.176 - 1.103ms returns FALSE
T6D34 041:011.256 JLINK_IsHalted()
T6D34 041:011.908 - 0.654ms returns FALSE
T6D58 041:039.320   JLINK_RTTERMINAL_Read(BufferIndex = 0, BufferSize = 0x00010000)
T6D58 041:039.456   - 0.132ms returns 0
T6D58 041:091.220   JLINK_RTTERMINAL_Read(BufferIndex = 0, BufferSize = 0x00010000)
T6D58 041:091.432   - 0.213ms returns 0
T6D34 041:116.568 JLINK_IsHalted()
T6D34 041:117.332 - 0.757ms returns FALSE
T6D34 041:117.468 JLINK_IsHalted()
T6D34 041:118.216 - 0.747ms returns FALSE
T6D58 041:142.888   JLINK_RTTERMINAL_Read(BufferIndex = 0, BufferSize = 0x00010000)
T6D58 041:143.056   - 0.169ms returns 0
T6D58 041:196.840   JLINK_RTTERMINAL_Read(BufferIndex = 0, BufferSize = 0x00010000)
T6D58 041:197.020   - 0.185ms returns 0
T6D34 041:230.548 JLINK_IsHalted()
T6D34 041:231.704 - 1.158ms returns FALSE
T6D34 041:231.792 JLINK_IsHalted()
T6D34 041:232.520 - 0.723ms returns FALSE
T6D58 041:247.780   JLINK_RTTERMINAL_Read(BufferIndex = 0, BufferSize = 0x00010000)
T6D58 041:247.932   - 0.153ms returns 0
T6D58 041:299.264   JLINK_RTTERMINAL_Read(BufferIndex = 0, BufferSize = 0x00010000)
T6D58 041:299.464   - 0.201ms returns 0
T6D34 041:339.916 JLINK_IsHalted()
T6D34 041:341.108 - 1.187ms returns FALSE
T6D34 041:341.244 JLINK_IsHalted()
T6D34 041:342.328 - 1.083ms returns FALSE
T6D58 041:351.048   JLINK_RTTERMINAL_Read(BufferIndex = 0, BufferSize = 0x00010000)
T6D58 041:351.192   - 0.144ms returns 0
T6D58 041:402.472   JLINK_RTTERMINAL_Read(BufferIndex = 0, BufferSize = 0x00010000)
T6D58 041:402.644   - 0.175ms returns 0
T6D34 041:444.632 JLINK_IsHalted()
T6D34 041:445.668 - 1.035ms returns FALSE
T6D34 041:445.764 JLINK_IsHalted()
T6D34 041:446.592 - 0.826ms returns FALSE
T6D58 041:454.664   JLINK_RTTERMINAL_Read(BufferIndex = 0, BufferSize = 0x00010000)
T6D58 041:454.800   - 0.138ms returns 0
T5770 041:503.520 JLINK_IsHalted()
T5770 041:505.244 - 1.725ms returns FALSE
T5770 041:505.344 JLINK_IsHalted()
T5770 041:505.968 - 0.621ms returns FALSE
T6D58 041:506.056   JLINK_RTTERMINAL_Read(BufferIndex = 0, BufferSize = 0x00010000)
T6D58 041:506.112   - 0.057ms returns 0
T6D34 041:553.596 JLINK_IsHalted()
T6D34 041:554.708 - 1.110ms returns FALSE
T6D34 041:554.828 JLINK_IsHalted()
T6D34 041:556.168 - 1.338ms returns FALSE
T6D58 041:556.748   JLINK_RTTERMINAL_Read(BufferIndex = 0, BufferSize = 0x00010000)
T6D58 041:556.872   - 0.123ms returns 0
T6D58 041:609.784   JLINK_RTTERMINAL_Read(BufferIndex = 0, BufferSize = 0x00010000)
T6D58 041:609.956   - 0.172ms returns 0
T6D58 041:661.364   JLINK_RTTERMINAL_Read(BufferIndex = 0, BufferSize = 0x00010000)
T6D58 041:661.560   - 0.197ms returns 0
T6D34 041:663.352 JLINK_IsHalted()
T6D34 041:664.612 - 1.253ms returns FALSE
T6D34 041:664.672 JLINK_IsHalted()
T6D34 041:665.276 - 0.607ms returns FALSE
T6D58 041:712.528   JLINK_RTTERMINAL_Read(BufferIndex = 0, BufferSize = 0x00010000)
T6D58 041:712.724   - 0.199ms returns 0
T6D58 041:763.296   JLINK_RTTERMINAL_Read(BufferIndex = 0, BufferSize = 0x00010000)
T6D58 041:763.468   - 0.173ms returns 0
T6D34 041:772.744 JLINK_IsHalted()
T6D34 041:773.480 - 0.736ms returns FALSE
T6D34 041:773.572 JLINK_IsHalted()
T6D34 041:774.760 - 1.183ms returns FALSE
T6D58 041:814.472   JLINK_RTTERMINAL_Read(BufferIndex = 0, BufferSize = 0x00010000)
T6D58 041:814.652   - 0.180ms returns 0
T6D58 041:866.648   JLINK_RTTERMINAL_Read(BufferIndex = 0, BufferSize = 0x00010000)
T6D58 041:866.804   - 0.156ms returns 0
T6D34 041:885.560 JLINK_IsHalted()
T6D34 041:886.832 - 1.269ms returns FALSE
T6D34 041:886.952 JLINK_IsHalted()
T6D34 041:888.056 - 1.103ms returns FALSE
T6D58 041:917.576   JLINK_RTTERMINAL_Read(BufferIndex = 0, BufferSize = 0x00010000)
T6D58 041:918.124   - 0.546ms returns 0
T6D58 041:969.160   JLINK_RTTERMINAL_Read(BufferIndex = 0, BufferSize = 0x00010000)
T6D58 041:969.368   - 0.209ms returns 0
T6D34 041:993.308 JLINK_IsHalted()
T6D34 041:994.648 - 1.339ms returns FALSE
T6D34 041:994.840 JLINK_IsHalted()
T6D34 041:996.000 - 1.158ms returns FALSE
T6D58 042:020.500   JLINK_RTTERMINAL_Read(BufferIndex = 0, BufferSize = 0x00010000)
T6D58 042:020.608   - 0.108ms returns 0
T6D58 042:073.236   JLINK_RTTERMINAL_Read(BufferIndex = 0, BufferSize = 0x00010000)
T6D58 042:073.400   - 0.167ms returns 0
T6D34 042:102.092 JLINK_IsHalted()
T6D34 042:103.088 - 0.993ms returns FALSE
T6D34 042:103.224 JLINK_IsHalted()
T6D34 042:103.856 - 0.630ms returns FALSE
T6D58 042:124.380   JLINK_RTTERMINAL_Read(BufferIndex = 0, BufferSize = 0x00010000)
T6D58 042:124.540   - 0.160ms returns 0
T6D58 042:178.496   JLINK_RTTERMINAL_Read(BufferIndex = 0, BufferSize = 0x00010000)
T6D58 042:178.680   - 0.183ms returns 0
T6D34 042:210.200 JLINK_IsHalted()
T6D34 042:210.964 - 0.761ms returns FALSE
T6D34 042:211.164 JLINK_IsHalted()
T6D34 042:212.376 - 1.213ms returns FALSE
T6D58 042:229.848   JLINK_RTTERMINAL_Read(BufferIndex = 0, BufferSize = 0x00010000)
T6D58 042:230.060   - 0.210ms returns 0
T6D58 042:281.548   JLINK_RTTERMINAL_Read(BufferIndex = 0, BufferSize = 0x00010000)
T6D58 042:281.760   - 0.212ms returns 0
T6D34 042:319.964 JLINK_IsHalted()
T6D34 042:321.348 - 1.381ms returns FALSE
T6D34 042:321.572 JLINK_IsHalted()
T6D34 042:322.488 - 0.915ms returns FALSE
T6D58 042:332.368   JLINK_RTTERMINAL_Read(BufferIndex = 0, BufferSize = 0x00010000)
T6D58 042:332.488   - 0.127ms returns 0
T6D58 042:383.844   JLINK_RTTERMINAL_Read(BufferIndex = 0, BufferSize = 0x00010000)
T6D58 042:383.940   - 0.096ms returns 0
T6D34 042:429.380 JLINK_IsHalted()
T6D34 042:430.396 - 1.013ms returns FALSE
T6D34 042:430.572 JLINK_IsHalted()
T6D34 042:431.712 - 1.137ms returns FALSE
T6D58 042:437.608   JLINK_RTTERMINAL_Read(BufferIndex = 0, BufferSize = 0x00010000)
T6D58 042:437.776   - 0.169ms returns 0
T6D58 042:488.880   JLINK_RTTERMINAL_Read(BufferIndex = 0, BufferSize = 0x00010000)
T6D58 042:489.036   - 0.157ms returns 0
T5770 042:506.484 JLINK_IsHalted()
T5770 042:507.636 - 1.149ms returns FALSE
T5770 042:507.828 JLINK_IsHalted()
T5770 042:509.040 - 1.212ms returns FALSE
T6D34 042:538.184 JLINK_IsHalted()
T6D34 042:539.176 - 0.985ms returns FALSE
T6D34 042:539.320 JLINK_IsHalted()
T6D34 042:540.520 - 1.198ms returns FALSE
T6D58 042:540.664   JLINK_RTTERMINAL_Read(BufferIndex = 0, BufferSize = 0x00010000)
T6D58 042:540.760   - 0.094ms returns 0
T6D58 042:591.380   JLINK_RTTERMINAL_Read(BufferIndex = 0, BufferSize = 0x00010000)
T6D58 042:591.584   - 0.206ms returns 0
T6D58 042:642.836   JLINK_RTTERMINAL_Read(BufferIndex = 0, BufferSize = 0x00010000)
T6D58 042:642.984   - 0.158ms returns 0
T6D34 042:647.624 JLINK_IsHalted()
T6D34 042:648.612 - 0.983ms returns FALSE
T6D34 042:648.676 JLINK_IsHalted()
T6D34 042:649.332 - 0.656ms returns FALSE
T6D58 042:695.716   JLINK_RTTERMINAL_Read(BufferIndex = 0, BufferSize = 0x00010000)
T6D58 042:695.896   - 0.177ms returns 0
T6D58 042:747.508   JLINK_RTTERMINAL_Read(BufferIndex = 0, BufferSize = 0x00010000)
T6D58 042:747.684   - 0.178ms returns 0
T6D34 042:757.576 JLINK_IsHalted()
T6D34 042:758.632 - 1.055ms returns FALSE
T6D34 042:758.776 JLINK_IsHalted()
T6D34 042:760.184 - 1.403ms returns FALSE
T6D58 042:801.352   JLINK_RTTERMINAL_Read(BufferIndex = 0, BufferSize = 0x00010000)
T6D58 042:801.504   - 0.153ms returns 0
T6D58 042:852.232   JLINK_RTTERMINAL_Read(BufferIndex = 0, BufferSize = 0x00010000)
T6D58 042:852.368   - 0.134ms returns 0
T6D34 042:866.056 JLINK_IsHalted()
T6D34 042:866.992 - 0.934ms returns FALSE
T6D34 042:867.144 JLINK_IsHalted()
T6D34 042:868.412 - 1.265ms returns FALSE
T6D58 042:904.236   JLINK_RTTERMINAL_Read(BufferIndex = 0, BufferSize = 0x00010000)
T6D58 042:904.392   - 0.160ms returns 0
T6D58 042:956.212   JLINK_RTTERMINAL_Read(BufferIndex = 0, BufferSize = 0x00010000)
T6D58 042:956.384   - 0.173ms returns 0
T6D34 042:975.576 JLINK_IsHalted()
T6D34 042:976.356 - 0.780ms returns FALSE
T6D34 042:976.436 JLINK_IsHalted()
T6D34 042:977.136 - 0.700ms returns FALSE
T6D58 043:008.212   JLINK_RTTERMINAL_Read(BufferIndex = 0, BufferSize = 0x00010000)
T6D58 043:008.312   - 0.098ms returns 0
T6D58 043:059.564   JLINK_RTTERMINAL_Read(BufferIndex = 0, BufferSize = 0x00010000)
T6D58 043:059.736   - 0.173ms returns 0
T6D34 043:085.544 JLINK_IsHalted()
T6D34 043:086.488 - 0.948ms returns FALSE
T6D34 043:086.652 JLINK_IsHalted()
T6D34 043:088.012 - 1.356ms returns FALSE
T6D58 043:110.532   JLINK_RTTERMINAL_Read(BufferIndex = 0, BufferSize = 0x00010000)
T6D58 043:110.728   - 0.196ms returns 0
T6D58 043:162.148   JLINK_RTTERMINAL_Read(BufferIndex = 0, BufferSize = 0x00010000)
T6D58 043:162.332   - 0.187ms returns 0
T6D34 043:197.560 JLINK_IsHalted()
T6D34 043:198.308 - 0.746ms returns FALSE
T6D34 043:198.392 JLINK_IsHalted()
T6D34 043:199.112 - 0.716ms returns FALSE
T6D58 043:212.984   JLINK_RTTERMINAL_Read(BufferIndex = 0, BufferSize = 0x00010000)
T6D58 043:213.060   - 0.077ms returns 0
T6D58 043:265.628   JLINK_RTTERMINAL_Read(BufferIndex = 0, BufferSize = 0x00010000)
T6D58 043:265.828   - 0.185ms returns 0
T6D34 043:304.248 JLINK_IsHalted()
T6D34 043:305.020 - 0.773ms returns FALSE
T6D34 043:305.160 JLINK_IsHalted()
T6D34 043:305.888 - 0.725ms returns FALSE
T6D58 043:316.664   JLINK_RTTERMINAL_Read(BufferIndex = 0, BufferSize = 0x00010000)
T6D58 043:316.876   - 0.213ms returns 0
T6D58 043:368.232   JLINK_RTTERMINAL_Read(BufferIndex = 0, BufferSize = 0x00010000)
T6D58 043:368.360   - 0.129ms returns 0
T6D34 043:413.064 JLINK_IsHalted()
T6D34 043:413.648 - 0.587ms returns FALSE
T6D34 043:413.700 JLINK_IsHalted()
T6D34 043:414.416 - 0.717ms returns FALSE
T6D58 043:419.456   JLINK_RTTERMINAL_Read(BufferIndex = 0, BufferSize = 0x00010000)
T6D58 043:419.608   - 0.148ms returns 0
T6D58 043:471.120   JLINK_RTTERMINAL_Read(BufferIndex = 0, BufferSize = 0x00010000)
T6D58 043:471.340   - 0.224ms returns 0
T5770 043:509.624 JLINK_IsHalted()
T5770 043:510.472 - 0.844ms returns FALSE
T5770 043:510.524 JLINK_IsHalted()
T5770 043:511.244 - 0.720ms returns FALSE
T6D58 043:522.212   JLINK_RTTERMINAL_Read(BufferIndex = 0, BufferSize = 0x00010000)
T6D58 043:522.280   - 0.068ms returns 0
T6D34 043:523.252 JLINK_IsHalted()
T6D34 043:524.296 - 1.047ms returns FALSE
T6D34 043:524.372 JLINK_IsHalted()
T6D34 043:525.196 - 0.825ms returns FALSE
T6D58 043:576.268   JLINK_RTTERMINAL_Read(BufferIndex = 0, BufferSize = 0x00010000)
T6D58 043:576.420   - 0.151ms returns 0
T6D58 043:627.840   JLINK_RTTERMINAL_Read(BufferIndex = 0, BufferSize = 0x00010000)
T6D58 043:628.024   - 0.184ms returns 0
T6D34 043:635.304 JLINK_IsHalted()
T6D34 043:636.096 - 0.791ms returns FALSE
T6D34 043:636.256 JLINK_IsHalted()
T6D34 043:637.508 - 1.246ms returns FALSE
T6D58 043:679.732   JLINK_RTTERMINAL_Read(BufferIndex = 0, BufferSize = 0x00010000)
T6D58 043:679.904   - 0.171ms returns 0
T6D58 043:733.772   JLINK_RTTERMINAL_Read(BufferIndex = 0, BufferSize = 0x00010000)
T6D58 043:733.840   - 0.066ms returns 0
T6D34 043:742.008 JLINK_IsHalted()
T6D34 043:743.172 - 1.162ms returns FALSE
T6D34 043:743.288 JLINK_IsHalted()
T6D34 043:743.980 - 0.691ms returns FALSE
T6D58 043:785.312   JLINK_RTTERMINAL_Read(BufferIndex = 0, BufferSize = 0x00010000)
T6D58 043:785.508   - 0.197ms returns 0
T6D58 043:837.980   JLINK_RTTERMINAL_Read(BufferIndex = 0, BufferSize = 0x00010000)
T6D58 043:838.072   - 0.089ms returns 0
T6D34 043:851.416 JLINK_IsHalted()
T6D34 043:852.664 - 1.247ms returns FALSE
T6D34 043:852.760 JLINK_IsHalted()
T6D34 043:853.468 - 0.709ms returns FALSE
T6D58 043:888.716   JLINK_RTTERMINAL_Read(BufferIndex = 0, BufferSize = 0x00010000)
T6D58 043:888.884   - 0.166ms returns 0
T6D58 043:939.604   JLINK_RTTERMINAL_Read(BufferIndex = 0, BufferSize = 0x00010000)
T6D58 043:939.788   - 0.187ms returns 0
T6D34 043:965.144 JLINK_IsHalted()
T6D34 043:966.024 - 0.877ms returns FALSE
T6D34 043:966.164 JLINK_IsHalted()
T6D34 043:967.276 - 1.112ms returns FALSE
T6D58 043:991.172   JLINK_RTTERMINAL_Read(BufferIndex = 0, BufferSize = 0x00010000)
T6D58 043:991.336   - 0.168ms returns 0
T6D58 044:042.740   JLINK_RTTERMINAL_Read(BufferIndex = 0, BufferSize = 0x00010000)
T6D58 044:042.848   - 0.108ms returns 0
T6D34 044:070.304 JLINK_IsHalted()
T6D34 044:071.140 - 0.834ms returns FALSE
T6D34 044:071.268 JLINK_IsHalted()
T6D34 044:072.428 - 1.161ms returns FALSE
T6D58 044:094.424   JLINK_RTTERMINAL_Read(BufferIndex = 0, BufferSize = 0x00010000)
T6D58 044:094.640   - 0.218ms returns 0
T6D58 044:145.860   JLINK_RTTERMINAL_Read(BufferIndex = 0, BufferSize = 0x00010000)
T6D58 044:145.944   - 0.085ms returns 0
T6D34 044:178.616 JLINK_IsHalted()
T6D34 044:179.736 - 1.117ms returns FALSE
T6D34 044:179.892 JLINK_IsHalted()
T6D34 044:181.060 - 1.164ms returns FALSE
T6D58 044:197.716   JLINK_RTTERMINAL_Read(BufferIndex = 0, BufferSize = 0x00010000)
T6D58 044:197.936   - 0.219ms returns 0
T6D58 044:248.972   JLINK_RTTERMINAL_Read(BufferIndex = 0, BufferSize = 0x00010000)
T6D58 044:249.104   - 0.131ms returns 0
T6D34 044:288.248 JLINK_IsHalted()
T6D34 044:288.868 - 0.616ms returns FALSE
T6D34 044:288.928 JLINK_IsHalted()
T6D34 044:289.700 - 0.772ms returns FALSE
T6D58 044:299.624   JLINK_RTTERMINAL_Read(BufferIndex = 0, BufferSize = 0x00010000)
T6D58 044:299.712   - 0.090ms returns 0
T6D58 044:351.216   JLINK_RTTERMINAL_Read(BufferIndex = 0, BufferSize = 0x00010000)
T6D58 044:351.376   - 0.161ms returns 0
T6D34 044:397.812 JLINK_IsHalted()
T6D34 044:398.712 - 0.901ms returns FALSE
T6D34 044:398.876 JLINK_IsHalted()
T6D34 044:399.960 - 1.079ms returns FALSE
T6D58 044:402.540   JLINK_RTTERMINAL_Read(BufferIndex = 0, BufferSize = 0x00010000)
T6D58 044:402.608   - 0.069ms returns 0
T6D58 044:453.744   JLINK_RTTERMINAL_Read(BufferIndex = 0, BufferSize = 0x00010000)
T6D58 044:453.900   - 0.157ms returns 0
T6D58 044:505.012   JLINK_RTTERMINAL_Read(BufferIndex = 0, BufferSize = 0x00010000)
T6D58 044:505.120   - 0.107ms returns 0
T6D34 044:506.792 JLINK_IsHalted()
T6D34 044:507.596 - 0.804ms returns FALSE
T6D34 044:507.712 JLINK_IsHalted()
T6D34 044:508.364 - 0.651ms returns FALSE
T5770 044:512.148 JLINK_IsHalted()
T5770 044:512.852 - 0.701ms returns FALSE
T5770 044:512.920 JLINK_IsHalted()
T5770 044:513.728 - 0.805ms returns FALSE
T6D58 044:555.724   JLINK_RTTERMINAL_Read(BufferIndex = 0, BufferSize = 0x00010000)
T6D58 044:555.832   - 0.110ms returns 0
T6D58 044:607.212   JLINK_RTTERMINAL_Read(BufferIndex = 0, BufferSize = 0x00010000)
T6D58 044:607.376   - 0.165ms returns 0
T6D34 044:616.304 JLINK_IsHalted()
T6D34 044:617.244 - 0.939ms returns FALSE
T6D34 044:617.364 JLINK_IsHalted()
T6D34 044:617.912 - 0.545ms returns FALSE
T6D58 044:659.252   JLINK_RTTERMINAL_Read(BufferIndex = 0, BufferSize = 0x00010000)
T6D58 044:659.416   - 0.170ms returns 0
T6D58 044:711.544   JLINK_RTTERMINAL_Read(BufferIndex = 0, BufferSize = 0x00010000)
T6D58 044:711.672   - 0.128ms returns 0
T6D34 044:726.068 JLINK_IsHalted()
T6D34 044:727.216 - 1.145ms returns FALSE
T6D34 044:727.400 JLINK_IsHalted()
T6D34 044:728.448 - 1.043ms returns FALSE
T6D58 044:763.156   JLINK_RTTERMINAL_Read(BufferIndex = 0, BufferSize = 0x00010000)
T6D58 044:763.240   - 0.088ms returns 0
T6D58 044:814.548   JLINK_RTTERMINAL_Read(BufferIndex = 0, BufferSize = 0x00010000)
T6D58 044:814.632   - 0.088ms returns 0
T6D34 044:839.544 JLINK_IsHalted()
T6D34 044:840.268 - 0.724ms returns FALSE
T6D34 044:840.372 JLINK_IsHalted()
T6D34 044:841.036 - 0.663ms returns FALSE
T6D58 044:866.568   JLINK_RTTERMINAL_Read(BufferIndex = 0, BufferSize = 0x00010000)
T6D58 044:866.664   - 0.094ms returns 0
T6D58 044:917.384   JLINK_RTTERMINAL_Read(BufferIndex = 0, BufferSize = 0x00010000)
T6D58 044:917.484   - 0.101ms returns 0
T6D34 044:944.720 JLINK_IsHalted()
T6D34 044:946.008 - 1.283ms returns FALSE
T6D34 044:946.104 JLINK_IsHalted()
T6D34 044:947.292 - 1.185ms returns FALSE
T6D58 044:968.572   JLINK_RTTERMINAL_Read(BufferIndex = 0, BufferSize = 0x00010000)
T6D58 044:968.712   - 0.138ms returns 0
T6D58 045:019.432   JLINK_RTTERMINAL_Read(BufferIndex = 0, BufferSize = 0x00010000)
T6D58 045:019.548   - 0.121ms returns 0
T6D34 045:054.844 JLINK_IsHalted()
T6D34 045:055.536 - 0.690ms returns FALSE
T6D34 045:055.608 JLINK_IsHalted()
T6D34 045:056.388 - 0.778ms returns FALSE
T6D58 045:070.144   JLINK_RTTERMINAL_Read(BufferIndex = 0, BufferSize = 0x00010000)
T6D58 045:070.280   - 0.134ms returns 0
T6D58 045:121.444   JLINK_RTTERMINAL_Read(BufferIndex = 0, BufferSize = 0x00010000)
T6D58 045:121.520   - 0.076ms returns 0
T6D34 045:163.120 JLINK_IsHalted()
T6D34 045:164.140 - 1.019ms returns FALSE
T6D34 045:164.192 JLINK_IsHalted()
T6D34 045:164.920 - 0.722ms returns FALSE
T6D58 045:172.892   JLINK_RTTERMINAL_Read(BufferIndex = 0, BufferSize = 0x00010000)
T6D58 045:172.972   - 0.080ms returns 0
T6D58 045:224.268   JLINK_RTTERMINAL_Read(BufferIndex = 0, BufferSize = 0x00010000)
T6D58 045:224.344   - 0.080ms returns 0
T6D34 045:272.580 JLINK_IsHalted()
T6D34 045:273.480 - 0.902ms returns FALSE
T6D34 045:273.572 JLINK_IsHalted()
T6D34 045:274.152 - 0.579ms returns FALSE
T6D58 045:276.904   JLINK_RTTERMINAL_Read(BufferIndex = 0, BufferSize = 0x00010000)
T6D58 045:276.984   - 0.080ms returns 0
T6D58 045:327.520   JLINK_RTTERMINAL_Read(BufferIndex = 0, BufferSize = 0x00010000)
T6D58 045:327.624   - 0.104ms returns 0
T6D58 045:378.568   JLINK_RTTERMINAL_Read(BufferIndex = 0, BufferSize = 0x00010000)
T6D58 045:378.644   - 0.075ms returns 0
T6D34 045:382.268 JLINK_IsHalted()
T6D34 045:383.344 - 1.071ms returns FALSE
T6D34 045:383.496 JLINK_IsHalted()
T6D34 045:384.684 - 1.189ms returns FALSE
T6D58 045:430.264   JLINK_RTTERMINAL_Read(BufferIndex = 0, BufferSize = 0x00010000)
T6D58 045:430.348   - 0.087ms returns 0
T6D58 045:481.176   JLINK_RTTERMINAL_Read(BufferIndex = 0, BufferSize = 0x00010000)
T6D58 045:481.344   - 0.165ms returns 0
T6D34 045:491.120 JLINK_IsHalted()
T6D34 045:492.344 - 1.222ms returns FALSE
T6D34 045:492.560 JLINK_IsHalted()
T6D34 045:493.572 - 1.012ms returns FALSE
T5770 045:514.112 JLINK_IsHalted()
T5770 045:515.308 - 1.195ms returns FALSE
T5770 045:515.404 JLINK_IsHalted()
T5770 045:516.000 - 0.593ms returns FALSE
T6D58 045:532.704   JLINK_RTTERMINAL_Read(BufferIndex = 0, BufferSize = 0x00010000)
T6D58 045:532.848   - 0.128ms returns 0
T6D58 045:584.012   JLINK_RTTERMINAL_Read(BufferIndex = 0, BufferSize = 0x00010000)
T6D58 045:584.220   - 0.210ms returns 0
T6D34 045:605.776 JLINK_IsHalted()
T6D34 045:606.556 - 0.780ms returns FALSE
T6D34 045:606.644 JLINK_IsHalted()
T6D34 045:607.344 - 0.697ms returns FALSE
T6D58 045:635.672   JLINK_RTTERMINAL_Read(BufferIndex = 0, BufferSize = 0x00010000)
T6D58 045:635.864   - 0.191ms returns 0
T6D58 045:687.928   JLINK_RTTERMINAL_Read(BufferIndex = 0, BufferSize = 0x00010000)
T6D58 045:688.088   - 0.164ms returns 0
T6D34 045:710.020 JLINK_IsHalted()
T6D34 045:710.648 - 0.625ms returns FALSE
T6D34 045:710.716 JLINK_IsHalted()
T6D34 045:711.968 - 1.251ms returns FALSE
T6D58 045:739.516   JLINK_RTTERMINAL_Read(BufferIndex = 0, BufferSize = 0x00010000)
T6D58 045:739.720   - 0.202ms returns 0
T6D58 045:791.112   JLINK_RTTERMINAL_Read(BufferIndex = 0, BufferSize = 0x00010000)
T6D58 045:791.288   - 0.179ms returns 0
T6D34 045:819.784 JLINK_IsHalted()
T6D34 045:820.744 - 0.958ms returns FALSE
T6D34 045:820.892 JLINK_IsHalted()
T6D34 045:821.456 - 0.561ms returns FALSE
T6D58 045:842.624   JLINK_RTTERMINAL_Read(BufferIndex = 0, BufferSize = 0x00010000)
T6D58 045:842.720   - 0.094ms returns 0
T6D58 045:893.200   JLINK_RTTERMINAL_Read(BufferIndex = 0, BufferSize = 0x00010000)
T6D58 045:893.284   - 0.084ms returns 0
T6D34 045:928.824 JLINK_IsHalted()
T6D34 045:929.880 - 1.056ms returns FALSE
T6D34 045:930.028 JLINK_IsHalted()
T6D34 045:931.276 - 1.249ms returns FALSE
T6D58 045:943.616   JLINK_RTTERMINAL_Read(BufferIndex = 0, BufferSize = 0x00010000)
T6D58 045:943.712   - 0.096ms returns 0
T6D58 045:994.340   JLINK_RTTERMINAL_Read(BufferIndex = 0, BufferSize = 0x00010000)
T6D58 045:994.552   - 0.213ms returns 0
T6D34 046:038.792 JLINK_IsHalted()
T6D34 046:040.000 - 1.208ms returns FALSE
T6D34 046:040.164 JLINK_IsHalted()
T6D34 046:041.208 - 1.042ms returns FALSE
T6D58 046:048.312   JLINK_RTTERMINAL_Read(BufferIndex = 0, BufferSize = 0x00010000)
T6D58 046:048.464   - 0.150ms returns 0
T6D58 046:099.384   JLINK_RTTERMINAL_Read(BufferIndex = 0, BufferSize = 0x00010000)
T6D58 046:099.576   - 0.194ms returns 0
T6D34 046:147.508 JLINK_IsHalted()
T6D34 046:148.464 - 0.956ms returns FALSE
T6D34 046:148.536 JLINK_IsHalted()
T6D34 046:149.224 - 0.687ms returns FALSE
T6D58 046:151.296   JLINK_RTTERMINAL_Read(BufferIndex = 0, BufferSize = 0x00010000)
T6D58 046:151.416   - 0.123ms returns 0
T6D58 046:203.144   JLINK_RTTERMINAL_Read(BufferIndex = 0, BufferSize = 0x00010000)
T6D58 046:203.232   - 0.086ms returns 0
T6D58 046:255.736   JLINK_RTTERMINAL_Read(BufferIndex = 0, BufferSize = 0x00010000)
T6D58 046:255.864   - 0.129ms returns 0
T6D34 046:258.580 JLINK_IsHalted()
T6D34 046:259.332 - 0.752ms returns FALSE
T6D34 046:259.384 JLINK_IsHalted()
T6D34 046:260.056 - 0.670ms returns FALSE
T6D58 046:306.732   JLINK_RTTERMINAL_Read(BufferIndex = 0, BufferSize = 0x00010000)
T6D58 046:306.816   - 0.086ms returns 0
T6D58 046:358.136   JLINK_RTTERMINAL_Read(BufferIndex = 0, BufferSize = 0x00010000)
T6D58 046:358.224   - 0.090ms returns 0
T6D34 046:372.528 JLINK_IsHalted()
T6D34 046:373.276 - 0.746ms returns FALSE
T6D34 046:373.392 JLINK_IsHalted()
T6D34 046:373.992 - 0.599ms returns FALSE
T6D58 046:408.908   JLINK_RTTERMINAL_Read(BufferIndex = 0, BufferSize = 0x00010000)
T6D58 046:409.048   - 0.142ms returns 0
T6D58 046:460.296   JLINK_RTTERMINAL_Read(BufferIndex = 0, BufferSize = 0x00010000)
T6D58 046:460.432   - 0.136ms returns 0
T6D34 046:475.984 JLINK_IsHalted()
T6D34 046:476.892 - 0.909ms returns FALSE
T6D34 046:476.996 JLINK_IsHalted()
T6D34 046:477.704 - 0.707ms returns FALSE
T6D58 046:511.496   JLINK_RTTERMINAL_Read(BufferIndex = 0, BufferSize = 0x00010000)
T6D58 046:511.584   - 0.085ms returns 0
T5770 046:517.672 JLINK_IsHalted()
T5770 046:519.304 - 1.633ms returns FALSE
T5770 046:519.524 JLINK_IsHalted()
T5770 046:520.928 - 1.402ms returns FALSE
T6D58 046:563.000   JLINK_RTTERMINAL_Read(BufferIndex = 0, BufferSize = 0x00010000)
T6D58 046:563.096   - 0.097ms returns 0
T6D34 046:585.512 JLINK_IsHalted()
T6D34 046:586.480 - 0.970ms returns FALSE
T6D34 046:586.552 JLINK_IsHalted()
T6D34 046:587.280 - 0.724ms returns FALSE
T6D58 046:614.228   JLINK_RTTERMINAL_Read(BufferIndex = 0, BufferSize = 0x00010000)
T6D58 046:614.304   - 0.077ms returns 0
T6D58 046:665.640   JLINK_RTTERMINAL_Read(BufferIndex = 0, BufferSize = 0x00010000)
T6D58 046:665.760   - 0.117ms returns 0
T6D34 046:694.936 JLINK_IsHalted()
T6D34 046:695.624 - 0.683ms returns FALSE
T6D34 046:695.732 JLINK_IsHalted()
T6D34 046:696.968 - 1.230ms returns FALSE
T6D58 046:716.404   JLINK_RTTERMINAL_Read(BufferIndex = 0, BufferSize = 0x00010000)
T6D58 046:716.516   - 0.113ms returns 0
T6D58 046:767.696   JLINK_RTTERMINAL_Read(BufferIndex = 0, BufferSize = 0x00010000)
T6D58 046:767.896   - 0.198ms returns 0
T6D34 046:806.348 JLINK_IsHalted()
T6D34 046:807.416 - 1.067ms returns FALSE
T6D34 046:807.572 JLINK_IsHalted()
T6D34 046:808.760 - 1.185ms returns FALSE
T6D58 046:818.944   JLINK_RTTERMINAL_Read(BufferIndex = 0, BufferSize = 0x00010000)
T6D58 046:819.104   - 0.160ms returns 0
T6D58 046:870.736   JLINK_RTTERMINAL_Read(BufferIndex = 0, BufferSize = 0x00010000)
T6D58 046:870.864   - 0.128ms returns 0
T6D34 046:913.964 JLINK_IsHalted()
T6D34 046:914.632 - 0.664ms returns FALSE
T6D34 046:914.724 JLINK_IsHalted()
T6D34 046:915.464 - 0.739ms returns FALSE
T6D58 046:921.328   JLINK_RTTERMINAL_Read(BufferIndex = 0, BufferSize = 0x00010000)
T6D58 046:921.432   - 0.103ms returns 0
T6D58 046:972.988   JLINK_RTTERMINAL_Read(BufferIndex = 0, BufferSize = 0x00010000)
T6D58 046:973.096   - 0.108ms returns 0
T6D34 047:023.180 JLINK_IsHalted()
T6D34 047:024.336 - 1.154ms returns FALSE
T6D58 047:024.520   JLINK_RTTERMINAL_Read(BufferIndex = 0, BufferSize = 0x00010000)
T6D58 047:024.612   - 0.096ms returns 0
T6D34 047:024.888 JLINK_IsHalted()
T6D34 047:025.676 - 0.790ms returns FALSE
T6D58 047:077.892   JLINK_RTTERMINAL_Read(BufferIndex = 0, BufferSize = 0x00010000)
T6D58 047:078.040   - 0.153ms returns 0
T6D58 047:130.848   JLINK_RTTERMINAL_Read(BufferIndex = 0, BufferSize = 0x00010000)
T6D58 047:131.008   - 0.158ms returns 0
T6D34 047:135.020 JLINK_IsHalted()
T6D34 047:136.084 - 1.063ms returns FALSE
T6D34 047:136.208 JLINK_IsHalted()
T6D34 047:136.856 - 0.645ms returns FALSE
T6D58 047:182.488   JLINK_RTTERMINAL_Read(BufferIndex = 0, BufferSize = 0x00010000)
T6D58 047:182.568   - 0.084ms returns 0
T6D58 047:233.608   JLINK_RTTERMINAL_Read(BufferIndex = 0, BufferSize = 0x00010000)
T6D58 047:233.676   - 0.067ms returns 0
T6D34 047:240.984 JLINK_IsHalted()
T6D34 047:241.784 - 0.798ms returns FALSE
T6D34 047:241.880 JLINK_IsHalted()
T6D34 047:242.456 - 0.575ms returns FALSE
T6D58 047:285.712   JLINK_RTTERMINAL_Read(BufferIndex = 0, BufferSize = 0x00010000)
T6D58 047:285.820   - 0.109ms returns 0
T6D58 047:337.764   JLINK_RTTERMINAL_Read(BufferIndex = 0, BufferSize = 0x00010000)
T6D58 047:337.912   - 0.152ms returns 0
T6D34 047:356.692 JLINK_IsHalted()
T6D34 047:357.624 - 0.935ms returns FALSE
T6D34 047:358.480 JLINK_IsHalted()
T6D34 047:359.468 - 0.990ms returns FALSE
T6D58 047:388.924   JLINK_RTTERMINAL_Read(BufferIndex = 0, BufferSize = 0x00010000)
T6D58 047:389.032   - 0.108ms returns 0
T6D58 047:442.756   JLINK_RTTERMINAL_Read(BufferIndex = 0, BufferSize = 0x00010000)
T6D58 047:442.872   - 0.120ms returns 0
T6D34 047:460.748 JLINK_IsHalted()
T6D34 047:461.360 - 0.608ms returns FALSE
T6D34 047:461.456 JLINK_IsHalted()
T6D34 047:462.196 - 0.740ms returns FALSE
T6D58 047:493.912   JLINK_RTTERMINAL_Read(BufferIndex = 0, BufferSize = 0x00010000)
T6D58 047:494.104   - 0.197ms returns 0
T5770 047:522.256 JLINK_IsHalted()
T5770 047:523.000 - 0.746ms returns FALSE
T5770 047:523.088 JLINK_IsHalted()
T5770 047:523.856 - 0.766ms returns FALSE
T6D58 047:545.448   JLINK_RTTERMINAL_Read(BufferIndex = 0, BufferSize = 0x00010000)
T6D58 047:545.544   - 0.094ms returns 0
T6D34 047:571.848 JLINK_IsHalted()
T6D34 047:573.012 - 1.164ms returns FALSE
T6D34 047:573.076 JLINK_IsHalted()
T6D34 047:573.704 - 0.629ms returns FALSE
T6D58 047:596.696   JLINK_RTTERMINAL_Read(BufferIndex = 0, BufferSize = 0x00010000)
T6D58 047:596.792   - 0.096ms returns 0
T6D58 047:647.504   JLINK_RTTERMINAL_Read(BufferIndex = 0, BufferSize = 0x00010000)
T6D58 047:647.672   - 0.167ms returns 0
T6D34 047:679.276 JLINK_IsHalted()
T6D34 047:680.488 - 1.212ms returns FALSE
T6D34 047:680.584 JLINK_IsHalted()
T6D34 047:681.108 - 0.523ms returns FALSE
T6D58 047:698.280   JLINK_RTTERMINAL_Read(BufferIndex = 0, BufferSize = 0x00010000)
T6D58 047:698.424   - 0.147ms returns 0
T6D58 047:749.748   JLINK_RTTERMINAL_Read(BufferIndex = 0, BufferSize = 0x00010000)
T6D58 047:749.816   - 0.070ms returns 0
T6D34 047:789.804 JLINK_IsHalted()
T6D34 047:790.396 - 0.591ms returns FALSE
T6D34 047:790.504 JLINK_IsHalted()
T6D34 047:791.360 - 0.851ms returns FALSE
T6D58 047:802.948   JLINK_RTTERMINAL_Read(BufferIndex = 0, BufferSize = 0x00010000)
T6D58 047:803.108   - 0.160ms returns 0
T6D58 047:854.560   JLINK_RTTERMINAL_Read(BufferIndex = 0, BufferSize = 0x00010000)
T6D58 047:854.704   - 0.144ms returns 0
T6D34 047:897.764 JLINK_IsHalted()
T6D34 047:898.764 - 1.001ms returns FALSE
T6D34 047:898.860 JLINK_IsHalted()
T6D34 047:899.568 - 0.707ms returns FALSE
T6D58 047:905.544   JLINK_RTTERMINAL_Read(BufferIndex = 0, BufferSize = 0x00010000)
T6D58 047:905.628   - 0.087ms returns 0
T6D58 047:956.488   JLINK_RTTERMINAL_Read(BufferIndex = 0, BufferSize = 0x00010000)
T6D58 047:956.596   - 0.110ms returns 0
T6D34 048:007.544 JLINK_IsHalted()
T6D34 048:008.344 - 0.802ms returns FALSE
T6D58 048:008.440   JLINK_RTTERMINAL_Read(BufferIndex = 0, BufferSize = 0x00010000)
T6D58 048:008.560   - 0.119ms returns 0
T6D34 048:008.728 JLINK_IsHalted()
T6D34 048:009.680 - 0.952ms returns FALSE
T6D58 048:060.396   JLINK_RTTERMINAL_Read(BufferIndex = 0, BufferSize = 0x00010000)
T6D58 048:060.548   - 0.154ms returns 0
T6D58 048:111.252   JLINK_RTTERMINAL_Read(BufferIndex = 0, BufferSize = 0x00010000)
T6D58 048:111.340   - 0.090ms returns 0
T6D34 048:120.844 JLINK_IsHalted()
T6D34 048:121.728 - 0.880ms returns FALSE
T6D34 048:121.848 JLINK_IsHalted()
T6D34 048:122.936 - 1.090ms returns FALSE
T6D58 048:162.208   JLINK_RTTERMINAL_Read(BufferIndex = 0, BufferSize = 0x00010000)
T6D58 048:162.296   - 0.089ms returns 0
T6D58 048:213.236   JLINK_RTTERMINAL_Read(BufferIndex = 0, BufferSize = 0x00010000)
T6D58 048:213.368   - 0.132ms returns 0
T6D34 048:225.524 JLINK_IsHalted()
T6D34 048:226.520 - 0.995ms returns FALSE
T6D34 048:226.556 JLINK_IsHalted()
T6D34 048:227.160 - 0.605ms returns FALSE
T6D58 048:264.216   JLINK_RTTERMINAL_Read(BufferIndex = 0, BufferSize = 0x00010000)
T6D58 048:264.340   - 0.123ms returns 0
T6D58 048:315.228   JLINK_RTTERMINAL_Read(BufferIndex = 0, BufferSize = 0x00010000)
T6D58 048:315.320   - 0.089ms returns 0
T6D34 048:335.020 JLINK_IsHalted()
T6D34 048:335.928 - 0.903ms returns FALSE
T6D34 048:336.016 JLINK_IsHalted()
T6D34 048:336.660 - 0.641ms returns FALSE
T6D58 048:366.184   JLINK_RTTERMINAL_Read(BufferIndex = 0, BufferSize = 0x00010000)
T6D58 048:366.280   - 0.092ms returns 0
T6D58 048:418.276   JLINK_RTTERMINAL_Read(BufferIndex = 0, BufferSize = 0x00010000)
T6D58 048:418.440   - 0.167ms returns 0
T6D34 048:446.932 JLINK_IsHalted()
T6D34 048:447.600 - 0.667ms returns FALSE
T6D34 048:447.728 JLINK_IsHalted()
T6D34 048:448.520 - 0.788ms returns FALSE
T6D58 048:469.272   JLINK_RTTERMINAL_Read(BufferIndex = 0, BufferSize = 0x00010000)
T6D58 048:469.468   - 0.199ms returns 0
T6D58 048:521.128   JLINK_RTTERMINAL_Read(BufferIndex = 0, BufferSize = 0x00010000)
T6D58 048:521.320   - 0.192ms returns 0
T5770 048:524.556 JLINK_IsHalted()
T5770 048:525.352 - 0.792ms returns FALSE
T5770 048:525.448 JLINK_IsHalted()
T5770 048:526.088 - 0.638ms returns FALSE
T6D34 048:553.716 JLINK_IsHalted()
T6D34 048:554.964 - 1.246ms returns FALSE
T6D34 048:555.088 JLINK_IsHalted()
T6D34 048:556.328 - 1.235ms returns FALSE
T6D58 048:573.444   JLINK_RTTERMINAL_Read(BufferIndex = 0, BufferSize = 0x00010000)
T6D58 048:573.556   - 0.112ms returns 0
T6D58 048:624.424   JLINK_RTTERMINAL_Read(BufferIndex = 0, BufferSize = 0x00010000)
T6D58 048:624.524   - 0.102ms returns 0
T6D34 048:663.152 JLINK_IsHalted()
T6D34 048:663.988 - 0.836ms returns FALSE
T6D34 048:664.152 JLINK_IsHalted()
T6D34 048:665.452 - 1.297ms returns FALSE
T6D58 048:675.120   JLINK_RTTERMINAL_Read(BufferIndex = 0, BufferSize = 0x00010000)
T6D58 048:675.216   - 0.094ms returns 0
T6D58 048:725.788   JLINK_RTTERMINAL_Read(BufferIndex = 0, BufferSize = 0x00010000)
T6D58 048:725.860   - 0.071ms returns 0
T6D34 048:776.148 JLINK_IsHalted()
T6D34 048:777.316 - 1.165ms returns FALSE
T6D58 048:777.480   JLINK_RTTERMINAL_Read(BufferIndex = 0, BufferSize = 0x00010000)
T6D58 048:777.564   - 0.088ms returns 0
T6D34 048:777.832 JLINK_IsHalted()
T6D34 048:778.772 - 0.936ms returns FALSE
T6D58 048:828.440   JLINK_RTTERMINAL_Read(BufferIndex = 0, BufferSize = 0x00010000)
T6D58 048:828.592   - 0.154ms returns 0
T6D58 048:880.012   JLINK_RTTERMINAL_Read(BufferIndex = 0, BufferSize = 0x00010000)
T6D58 048:880.196   - 0.184ms returns 0
T6D34 048:882.492 JLINK_IsHalted()
T6D34 048:883.392 - 0.894ms returns FALSE
T6D34 048:883.528 JLINK_IsHalted()
T6D34 048:884.248 - 0.716ms returns FALSE
T6D58 048:932.496   JLINK_RTTERMINAL_Read(BufferIndex = 0, BufferSize = 0x00010000)
T6D58 048:932.636   - 0.144ms returns 0
T6D58 048:983.848   JLINK_RTTERMINAL_Read(BufferIndex = 0, BufferSize = 0x00010000)
T6D58 048:983.976   - 0.131ms returns 0
T6D34 048:994.828 JLINK_IsHalted()
T6D34 048:995.784 - 0.952ms returns FALSE
T6D34 048:995.972 JLINK_IsHalted()
T6D34 048:997.020 - 1.047ms returns FALSE
T6D58 049:035.324   JLINK_RTTERMINAL_Read(BufferIndex = 0, BufferSize = 0x00010000)
T6D58 049:035.440   - 0.117ms returns 0
T6D58 049:088.816   JLINK_RTTERMINAL_Read(BufferIndex = 0, BufferSize = 0x00010000)
T6D58 049:088.960   - 0.146ms returns 0
T6D34 049:106.116 JLINK_IsHalted()
T6D34 049:107.276 - 1.157ms returns FALSE
T6D34 049:107.384 JLINK_IsHalted()
T6D34 049:108.068 - 0.677ms returns FALSE
T6D58 049:139.620   JLINK_RTTERMINAL_Read(BufferIndex = 0, BufferSize = 0x00010000)
T6D58 049:139.796   - 0.179ms returns 0
T6D58 049:191.148   JLINK_RTTERMINAL_Read(BufferIndex = 0, BufferSize = 0x00010000)
T6D58 049:191.304   - 0.154ms returns 0
T6D34 049:212.892 JLINK_IsHalted()
T6D34 049:214.300 - 1.403ms returns FALSE
T6D34 049:214.544 JLINK_IsHalted()
T6D34 049:215.368 - 0.820ms returns FALSE
T6D58 049:242.356   JLINK_RTTERMINAL_Read(BufferIndex = 0, BufferSize = 0x00010000)
T6D58 049:242.480   - 0.124ms returns 0
T6D58 049:293.520   JLINK_RTTERMINAL_Read(BufferIndex = 0, BufferSize = 0x00010000)
T6D58 049:293.696   - 0.175ms returns 0
T6D34 049:319.880 JLINK_IsHalted()
T6D34 049:320.872 - 0.994ms returns FALSE
T6D34 049:320.964 JLINK_IsHalted()
T6D34 049:321.748 - 0.783ms returns FALSE
T6D58 049:346.924   JLINK_RTTERMINAL_Read(BufferIndex = 0, BufferSize = 0x00010000)
T6D58 049:347.012   - 0.085ms returns 0
T6D58 049:399.316   JLINK_RTTERMINAL_Read(BufferIndex = 0, BufferSize = 0x00010000)
T6D58 049:399.424   - 0.107ms returns 0
T6D34 049:429.420 JLINK_IsHalted()
T6D34 049:430.088 - 0.664ms returns FALSE
T6D34 049:430.152 JLINK_IsHalted()
T6D34 049:430.904 - 0.754ms returns FALSE
T6D58 049:449.860   JLINK_RTTERMINAL_Read(BufferIndex = 0, BufferSize = 0x00010000)
T6D58 049:449.980   - 0.121ms returns 0
T6D58 049:501.428   JLINK_RTTERMINAL_Read(BufferIndex = 0, BufferSize = 0x00010000)
T6D58 049:501.536   - 0.110ms returns 0
T5770 049:528.156 JLINK_IsHalted()
T5770 049:529.004 - 0.846ms returns FALSE
T5770 049:529.136 JLINK_IsHalted()
T5770 049:530.316 - 1.179ms returns FALSE
T6D34 049:542.700 JLINK_IsHalted()
T6D34 049:543.376 - 0.675ms returns FALSE
T6D34 049:543.512 JLINK_IsHalted()
T6D34 049:544.232 - 0.720ms returns FALSE
T6D58 049:552.532   JLINK_RTTERMINAL_Read(BufferIndex = 0, BufferSize = 0x00010000)
T6D58 049:552.632   - 0.102ms returns 0
T6D58 049:603.348   JLINK_RTTERMINAL_Read(BufferIndex = 0, BufferSize = 0x00010000)
T6D58 049:603.520   - 0.174ms returns 0
T6D34 049:647.992 JLINK_IsHalted()
T6D34 049:649.368 - 1.376ms returns FALSE
T6D34 049:649.560 JLINK_IsHalted()
T6D34 049:650.612 - 1.047ms returns FALSE
T6D58 049:656.012   JLINK_RTTERMINAL_Read(BufferIndex = 0, BufferSize = 0x00010000)
T6D58 049:656.108   - 0.096ms returns 0
T6D58 049:706.728   JLINK_RTTERMINAL_Read(BufferIndex = 0, BufferSize = 0x00010000)
T6D58 049:706.960   - 0.235ms returns 0
T6D34 049:756.684 JLINK_IsHalted()
T6D34 049:757.608 - 0.921ms returns FALSE
T6D34 049:757.680 JLINK_IsHalted()
T6D34 049:758.372 - 0.691ms returns FALSE
T6D58 049:758.444   JLINK_RTTERMINAL_Read(BufferIndex = 0, BufferSize = 0x00010000)
T6D58 049:758.596   - 0.149ms returns 0
T6D58 049:809.740   JLINK_RTTERMINAL_Read(BufferIndex = 0, BufferSize = 0x00010000)
T6D58 049:809.900   - 0.158ms returns 0
T6D58 049:860.312   JLINK_RTTERMINAL_Read(BufferIndex = 0, BufferSize = 0x00010000)
T6D58 049:860.424   - 0.112ms returns 0
T6D34 049:869.140 JLINK_IsHalted()
T6D34 049:869.944 - 0.807ms returns FALSE
T6D34 049:869.996 JLINK_IsHalted()
T6D34 049:870.668 - 0.671ms returns FALSE
T6D58 049:911.092   JLINK_RTTERMINAL_Read(BufferIndex = 0, BufferSize = 0x00010000)
T6D58 049:911.176   - 0.088ms returns 0
T6D58 049:962.620   JLINK_RTTERMINAL_Read(BufferIndex = 0, BufferSize = 0x00010000)
T6D58 049:962.696   - 0.072ms returns 0
T6D34 049:976.152 JLINK_IsHalted()
T6D34 049:976.880 - 0.725ms returns FALSE
T6D34 049:976.968 JLINK_IsHalted()
T6D34 049:977.608 - 0.639ms returns FALSE
T6D58 050:013.820   JLINK_RTTERMINAL_Read(BufferIndex = 0, BufferSize = 0x00010000)
T6D58 050:013.920   - 0.099ms returns 0
T6D58 050:064.984   JLINK_RTTERMINAL_Read(BufferIndex = 0, BufferSize = 0x00010000)
T6D58 050:065.080   - 0.096ms returns 0
T6D34 050:085.008 JLINK_IsHalted()
T6D34 050:085.920 - 0.911ms returns FALSE
T6D34 050:086.012 JLINK_IsHalted()
T6D34 050:086.580 - 0.566ms returns FALSE
T6D58 050:116.056   JLINK_RTTERMINAL_Read(BufferIndex = 0, BufferSize = 0x00010000)
T6D58 050:116.176   - 0.123ms returns 0
T6D58 050:167.496   JLINK_RTTERMINAL_Read(BufferIndex = 0, BufferSize = 0x00010000)
T6D58 050:167.588   - 0.090ms returns 0
T6D34 050:195.008 JLINK_IsHalted()
T6D34 050:196.208 - 1.195ms returns FALSE
T6D34 050:196.360 JLINK_IsHalted()
T6D34 050:197.496 - 1.135ms returns FALSE
T6D58 050:219.264   JLINK_RTTERMINAL_Read(BufferIndex = 0, BufferSize = 0x00010000)
T6D58 050:219.368   - 0.104ms returns 0
T6D58 050:270.392   JLINK_RTTERMINAL_Read(BufferIndex = 0, BufferSize = 0x00010000)
T6D58 050:270.588   - 0.199ms returns 0
T6D34 050:304.500 JLINK_IsHalted()
T6D34 050:305.724 - 1.225ms returns FALSE
T6D34 050:307.160 JLINK_IsHalted()
T6D34 050:307.800 - 0.643ms returns FALSE
T6D58 050:321.476   JLINK_RTTERMINAL_Read(BufferIndex = 0, BufferSize = 0x00010000)
T6D58 050:321.688   - 0.216ms returns 0
T6D58 050:372.968   JLINK_RTTERMINAL_Read(BufferIndex = 0, BufferSize = 0x00010000)
T6D58 050:373.076   - 0.110ms returns 0
T6D34 050:413.900 JLINK_IsHalted()
T6D34 050:414.840 - 0.941ms returns FALSE
T6D34 050:414.980 JLINK_IsHalted()
T6D34 050:415.712 - 0.732ms returns FALSE
T6D58 050:424.468   JLINK_RTTERMINAL_Read(BufferIndex = 0, BufferSize = 0x00010000)
T6D58 050:424.556   - 0.091ms returns 0
T6D58 050:475.684   JLINK_RTTERMINAL_Read(BufferIndex = 0, BufferSize = 0x00010000)
T6D58 050:475.784   - 0.101ms returns 0
T6D34 050:522.364 JLINK_IsHalted()
T6D34 050:522.932 - 0.565ms returns FALSE
T6D34 050:522.980 JLINK_IsHalted()
T6D34 050:523.984 - 1.001ms returns FALSE
T6D58 050:526.368   JLINK_RTTERMINAL_Read(BufferIndex = 0, BufferSize = 0x00010000)
T6D58 050:526.460   - 0.092ms returns 0
T5770 050:531.468 JLINK_IsHalted()
T5770 050:532.480 - 1.011ms returns FALSE
T5770 050:532.584 JLINK_IsHalted()
T5770 050:533.308 - 0.723ms returns FALSE
T6D58 050:577.912   JLINK_RTTERMINAL_Read(BufferIndex = 0, BufferSize = 0x00010000)
T6D58 050:578.092   - 0.182ms returns 0
T6D58 050:630.680   JLINK_RTTERMINAL_Read(BufferIndex = 0, BufferSize = 0x00010000)
T6D58 050:630.864   - 0.183ms returns 0
T6D34 050:632.076 JLINK_IsHalted()
T6D34 050:633.088 - 1.009ms returns FALSE
T6D34 050:633.232 JLINK_IsHalted()
T6D34 050:634.608 - 1.375ms returns FALSE
T6D58 050:682.564   JLINK_RTTERMINAL_Read(BufferIndex = 0, BufferSize = 0x00010000)
T6D58 050:682.736   - 0.172ms returns 0
T6D58 050:733.496   JLINK_RTTERMINAL_Read(BufferIndex = 0, BufferSize = 0x00010000)
T6D58 050:733.688   - 0.195ms returns 0
T6D34 050:741.832 JLINK_IsHalted()
T6D34 050:742.696 - 0.864ms returns FALSE
T6D34 050:742.756 JLINK_IsHalted()
T6D34 050:743.540 - 0.781ms returns FALSE
T6D58 050:784.912   JLINK_RTTERMINAL_Read(BufferIndex = 0, BufferSize = 0x00010000)
T6D58 050:785.028   - 0.118ms returns 0
T6D58 050:836.356   JLINK_RTTERMINAL_Read(BufferIndex = 0, BufferSize = 0x00010000)
T6D58 050:836.488   - 0.130ms returns 0
T6D34 050:850.904 JLINK_IsHalted()
T6D34 050:852.292 - 1.382ms returns FALSE
T6D34 050:852.424 JLINK_IsHalted()
T6D34 050:853.484 - 1.060ms returns FALSE
T6D58 050:887.952   JLINK_RTTERMINAL_Read(BufferIndex = 0, BufferSize = 0x00010000)
T6D58 050:888.040   - 0.087ms returns 0
T6D58 050:938.264   JLINK_RTTERMINAL_Read(BufferIndex = 0, BufferSize = 0x00010000)
T6D58 050:938.360   - 0.096ms returns 0
T6D34 050:965.296 JLINK_IsHalted()
T6D34 050:966.628 - 1.331ms returns FALSE
T6D34 050:966.692 JLINK_IsHalted()
T6D34 050:967.336 - 0.647ms returns FALSE
T6D58 050:991.536   JLINK_RTTERMINAL_Read(BufferIndex = 0, BufferSize = 0x00010000)
T6D58 050:991.680   - 0.146ms returns 0
T6D58 051:042.376   JLINK_RTTERMINAL_Read(BufferIndex = 0, BufferSize = 0x00010000)
T6D58 051:042.468   - 0.092ms returns 0
T6D34 051:069.836 JLINK_IsHalted()
T6D34 051:070.816 - 0.976ms returns FALSE
T6D34 051:070.928 JLINK_IsHalted()
T6D34 051:071.564 - 0.636ms returns FALSE
T6D58 051:093.720   JLINK_RTTERMINAL_Read(BufferIndex = 0, BufferSize = 0x00010000)
T6D58 051:093.880   - 0.159ms returns 0
T6D58 051:145.376   JLINK_RTTERMINAL_Read(BufferIndex = 0, BufferSize = 0x00010000)
T6D58 051:145.544   - 0.167ms returns 0
T6D34 051:179.136 JLINK_IsHalted()
T6D34 051:180.260 - 1.122ms returns FALSE
T6D34 051:180.392 JLINK_IsHalted()
T6D34 051:180.984 - 0.592ms returns FALSE
T6D58 051:197.004   JLINK_RTTERMINAL_Read(BufferIndex = 0, BufferSize = 0x00010000)
T6D58 051:197.104   - 0.099ms returns 0
T6D58 051:249.148   JLINK_RTTERMINAL_Read(BufferIndex = 0, BufferSize = 0x00010000)
T6D58 051:249.244   - 0.096ms returns 0
T6D34 051:292.840 JLINK_IsHalted()
T6D34 051:294.192 - 1.349ms returns FALSE
T6D34 051:294.312 JLINK_IsHalted()
T6D34 051:294.888 - 0.575ms returns FALSE
T6D58 051:300.312   JLINK_RTTERMINAL_Read(BufferIndex = 0, BufferSize = 0x00010000)
T6D58 051:300.476   - 0.163ms returns 0
T6D58 051:351.308   JLINK_RTTERMINAL_Read(BufferIndex = 0, BufferSize = 0x00010000)
T6D58 051:351.504   - 0.194ms returns 0
T6D34 051:397.596 JLINK_IsHalted()
T6D34 051:398.344 - 0.746ms returns FALSE
T6D34 051:398.456 JLINK_IsHalted()
T6D34 051:399.368 - 0.910ms returns FALSE
T6D58 051:404.760   JLINK_RTTERMINAL_Read(BufferIndex = 0, BufferSize = 0x00010000)
T6D58 051:404.888   - 0.128ms returns 0
T6D58 051:455.960   JLINK_RTTERMINAL_Read(BufferIndex = 0, BufferSize = 0x00010000)
T6D58 051:456.140   - 0.179ms returns 0
T6D34 051:507.308 JLINK_IsHalted()
T6D34 051:507.952 - 0.642ms returns FALSE
T6D58 051:508.080   JLINK_RTTERMINAL_Read(BufferIndex = 0, BufferSize = 0x00010000)
T6D58 051:508.148   - 0.067ms returns 0
T6D34 051:508.312 JLINK_IsHalted()
T6D34 051:509.248 - 0.934ms returns FALSE
T5770 051:534.496 JLINK_IsHalted()
T5770 051:535.376 - 0.880ms returns FALSE
T5770 051:535.436 JLINK_IsHalted()
T5770 051:536.116 - 0.678ms returns FALSE
T6D58 051:559.276   JLINK_RTTERMINAL_Read(BufferIndex = 0, BufferSize = 0x00010000)
T6D58 051:559.340   - 0.064ms returns 0
T6D58 051:610.104   JLINK_RTTERMINAL_Read(BufferIndex = 0, BufferSize = 0x00010000)
T6D58 051:610.200   - 0.096ms returns 0
T6D34 051:616.512 JLINK_IsHalted()
T6D34 051:617.816 - 1.305ms returns FALSE
T6D34 051:617.912 JLINK_IsHalted()
T6D34 051:619.124 - 1.208ms returns FALSE
T6D58 051:661.496   JLINK_RTTERMINAL_Read(BufferIndex = 0, BufferSize = 0x00010000)
T6D58 051:661.596   - 0.099ms returns 0
T6D58 051:712.356   JLINK_RTTERMINAL_Read(BufferIndex = 0, BufferSize = 0x00010000)
T6D58 051:712.448   - 0.095ms returns 0
T6D34 051:726.080 JLINK_IsHalted()
T6D34 051:726.836 - 0.755ms returns FALSE
T6D34 051:726.876 JLINK_IsHalted()
T6D34 051:727.640 - 0.762ms returns FALSE
T6D58 051:763.636   JLINK_RTTERMINAL_Read(BufferIndex = 0, BufferSize = 0x00010000)
T6D58 051:763.712   - 0.075ms returns 0
T6D58 051:815.056   JLINK_RTTERMINAL_Read(BufferIndex = 0, BufferSize = 0x00010000)
T6D58 051:815.144   - 0.086ms returns 0
T6D34 051:835.424 JLINK_IsHalted()
T6D34 051:836.420 - 0.992ms returns FALSE
T6D34 051:836.488 JLINK_IsHalted()
T6D34 051:837.452 - 0.965ms returns FALSE
T6D58 051:865.812   JLINK_RTTERMINAL_Read(BufferIndex = 0, BufferSize = 0x00010000)
T6D58 051:865.904   - 0.091ms returns 0
T6D58 051:916.704   JLINK_RTTERMINAL_Read(BufferIndex = 0, BufferSize = 0x00010000)
T6D58 051:916.800   - 0.098ms returns 0
T6D34 051:944.424 JLINK_IsHalted()
T6D34 051:945.268 - 0.839ms returns FALSE
T6D34 051:945.368 JLINK_IsHalted()
T6D34 051:945.944 - 0.575ms returns FALSE
T6D58 051:968.552   JLINK_RTTERMINAL_Read(BufferIndex = 0, BufferSize = 0x00010000)
T6D58 051:968.632   - 0.081ms returns 0
T6D58 052:019.824   JLINK_RTTERMINAL_Read(BufferIndex = 0, BufferSize = 0x00010000)
T6D58 052:019.908   - 0.084ms returns 0
T6D34 052:054.172 JLINK_IsHalted()
T6D34 052:055.256 - 1.079ms returns FALSE
T6D34 052:055.360 JLINK_IsHalted()
T6D34 052:056.096 - 0.733ms returns FALSE
T6D58 052:071.340   JLINK_RTTERMINAL_Read(BufferIndex = 0, BufferSize = 0x00010000)
T6D58 052:071.448   - 0.108ms returns 0
T6D58 052:122.456   JLINK_RTTERMINAL_Read(BufferIndex = 0, BufferSize = 0x00010000)
T6D58 052:122.544   - 0.087ms returns 0
T6D34 052:163.112 JLINK_IsHalted()
T6D34 052:163.800 - 0.685ms returns FALSE
T6D34 052:163.880 JLINK_IsHalted()
T6D34 052:164.544 - 0.665ms returns FALSE
T6D58 052:173.588   JLINK_RTTERMINAL_Read(BufferIndex = 0, BufferSize = 0x00010000)
T6D58 052:173.704   - 0.114ms returns 0
T6D58 052:224.948   JLINK_RTTERMINAL_Read(BufferIndex = 0, BufferSize = 0x00010000)
T6D58 052:225.032   - 0.087ms returns 0
T6D34 052:273.004 JLINK_IsHalted()
T6D34 052:274.072 - 1.069ms returns FALSE
T6D34 052:274.172 JLINK_IsHalted()
T6D34 052:274.840 - 0.666ms returns FALSE
T6D58 052:275.832   JLINK_RTTERMINAL_Read(BufferIndex = 0, BufferSize = 0x00010000)
T6D58 052:275.884   - 0.054ms returns 0
T6D58 052:326.964   JLINK_RTTERMINAL_Read(BufferIndex = 0, BufferSize = 0x00010000)
T6D58 052:327.048   - 0.082ms returns 0
T6D58 052:378.524   JLINK_RTTERMINAL_Read(BufferIndex = 0, BufferSize = 0x00010000)
T6D58 052:378.604   - 0.081ms returns 0
T6D34 052:382.228 JLINK_IsHalted()
T6D34 052:383.352 - 1.125ms returns FALSE
T6D34 052:383.448 JLINK_IsHalted()
T6D34 052:384.040 - 0.592ms returns FALSE
T6D58 052:429.880   JLINK_RTTERMINAL_Read(BufferIndex = 0, BufferSize = 0x00010000)
T6D58 052:429.956   - 0.075ms returns 0
T6D58 052:481.924   JLINK_RTTERMINAL_Read(BufferIndex = 0, BufferSize = 0x00010000)
T6D58 052:482.008   - 0.086ms returns 0
T6D34 052:491.976 JLINK_IsHalted()
T6D34 052:492.736 - 0.756ms returns FALSE
T6D34 052:492.800 JLINK_IsHalted()
T6D34 052:493.548 - 0.748ms returns FALSE
T6D58 052:532.600   JLINK_RTTERMINAL_Read(BufferIndex = 0, BufferSize = 0x00010000)
T6D58 052:532.696   - 0.100ms returns 0
T5770 052:537.972 JLINK_IsHalted()
T5770 052:538.644 - 0.671ms returns FALSE
T5770 052:538.716 JLINK_IsHalted()
T5770 052:539.468 - 0.753ms returns FALSE
T6D58 052:583.868   JLINK_RTTERMINAL_Read(BufferIndex = 0, BufferSize = 0x00010000)
T6D58 052:583.976   - 0.107ms returns 0
T6D34 052:604.348 JLINK_IsHalted()
T6D34 052:605.508 - 1.157ms returns FALSE
T6D34 052:605.560 JLINK_IsHalted()
T6D34 052:606.072 - 0.511ms returns FALSE
T6D58 052:634.904   JLINK_RTTERMINAL_Read(BufferIndex = 0, BufferSize = 0x00010000)
T6D58 052:635.000   - 0.099ms returns 0
T6D58 052:685.596   JLINK_RTTERMINAL_Read(BufferIndex = 0, BufferSize = 0x00010000)
T6D58 052:685.692   - 0.095ms returns 0
T6D34 052:709.924 JLINK_IsHalted()
T6D34 052:710.552 - 0.626ms returns FALSE
T6D34 052:710.600 JLINK_IsHalted()
T6D34 052:711.464 - 0.860ms returns FALSE
T6D58 052:736.760   JLINK_RTTERMINAL_Read(BufferIndex = 0, BufferSize = 0x00010000)
T6D58 052:736.856   - 0.097ms returns 0
T6D58 052:787.880   JLINK_RTTERMINAL_Read(BufferIndex = 0, BufferSize = 0x00010000)
T6D58 052:788.008   - 0.128ms returns 0
T6D34 052:819.520 JLINK_IsHalted()
T6D34 052:820.456 - 0.932ms returns FALSE
T6D34 052:820.548 JLINK_IsHalted()
T6D34 052:821.988 - 1.439ms returns FALSE
T6D58 052:839.188   JLINK_RTTERMINAL_Read(BufferIndex = 0, BufferSize = 0x00010000)
T6D58 052:839.276   - 0.088ms returns 0
T6D58 052:890.568   JLINK_RTTERMINAL_Read(BufferIndex = 0, BufferSize = 0x00010000)
T6D58 052:890.692   - 0.128ms returns 0
T6D34 052:931.312 JLINK_IsHalted()
T6D34 052:932.048 - 0.736ms returns FALSE
T6D34 052:932.092 JLINK_IsHalted()
T6D34 052:933.028 - 0.934ms returns FALSE
T6D58 052:942.424   JLINK_RTTERMINAL_Read(BufferIndex = 0, BufferSize = 0x00010000)
T6D58 052:942.520   - 0.093ms returns 0
T6D58 052:994.140   JLINK_RTTERMINAL_Read(BufferIndex = 0, BufferSize = 0x00010000)
T6D58 052:994.216   - 0.078ms returns 0
T6D34 053:038.956 JLINK_IsHalted()
T6D34 053:040.040 - 1.081ms returns FALSE
T6D34 053:040.128 JLINK_IsHalted()
T6D34 053:040.792 - 0.660ms returns FALSE
T6D58 053:045.664   JLINK_RTTERMINAL_Read(BufferIndex = 0, BufferSize = 0x00010000)
T6D58 053:045.764   - 0.098ms returns 0
T6D58 053:096.328   JLINK_RTTERMINAL_Read(BufferIndex = 0, BufferSize = 0x00010000)
T6D58 053:096.412   - 0.086ms returns 0
T6D58 053:147.296   JLINK_RTTERMINAL_Read(BufferIndex = 0, BufferSize = 0x00010000)
T6D58 053:147.376   - 0.081ms returns 0
T6D34 053:148.048 JLINK_IsHalted()
T6D34 053:148.668 - 0.619ms returns FALSE
T6D34 053:148.708 JLINK_IsHalted()
T6D34 053:149.624 - 0.914ms returns FALSE
T6D58 053:198.880   JLINK_RTTERMINAL_Read(BufferIndex = 0, BufferSize = 0x00010000)
T6D58 053:198.952   - 0.071ms returns 0
T6D58 053:249.660   JLINK_RTTERMINAL_Read(BufferIndex = 0, BufferSize = 0x00010000)
T6D58 053:249.788   - 0.128ms returns 0
T6D34 053:257.756 JLINK_IsHalted()
T6D34 053:258.448 - 0.688ms returns FALSE
T6D34 053:258.536 JLINK_IsHalted()
T6D34 053:259.304 - 0.767ms returns FALSE
T6D58 053:301.176   JLINK_RTTERMINAL_Read(BufferIndex = 0, BufferSize = 0x00010000)
T6D58 053:301.280   - 0.101ms returns 0
T6D58 053:352.252   JLINK_RTTERMINAL_Read(BufferIndex = 0, BufferSize = 0x00010000)
T6D58 053:352.340   - 0.087ms returns 0
T6D34 053:366.204 JLINK_IsHalted()
T6D34 053:367.184 - 0.978ms returns FALSE
T6D34 053:367.276 JLINK_IsHalted()
T6D34 053:368.200 - 0.918ms returns FALSE
T6D58 053:403.984   JLINK_RTTERMINAL_Read(BufferIndex = 0, BufferSize = 0x00010000)
T6D58 053:404.060   - 0.076ms returns 0
T6D58 053:454.584   JLINK_RTTERMINAL_Read(BufferIndex = 0, BufferSize = 0x00010000)
T6D58 053:454.708   - 0.125ms returns 0
T6D34 053:476.592 JLINK_IsHalted()
T6D34 053:477.528 - 0.934ms returns FALSE
T6D34 053:477.644 JLINK_IsHalted()
T6D34 053:479.140 - 1.493ms returns FALSE
T6D58 053:505.752   JLINK_RTTERMINAL_Read(BufferIndex = 0, BufferSize = 0x00010000)
T6D58 053:505.848   - 0.093ms returns 0
T5770 053:540.776 JLINK_IsHalted()
T5770 053:541.732 - 0.957ms returns FALSE
T5770 053:541.808 JLINK_IsHalted()
T5770 053:542.248 - 0.442ms returns FALSE
T6D58 053:556.452   JLINK_RTTERMINAL_Read(BufferIndex = 0, BufferSize = 0x00010000)
T6D58 053:556.544   - 0.090ms returns 0
T6D34 053:585.348 JLINK_IsHalted()
T6D34 053:586.248 - 0.898ms returns FALSE
T6D34 053:586.312 JLINK_IsHalted()
T6D34 053:587.048 - 0.732ms returns FALSE
T6D58 053:607.628   JLINK_RTTERMINAL_Read(BufferIndex = 0, BufferSize = 0x00010000)
T6D58 053:607.712   - 0.083ms returns 0
T6D58 053:658.616   JLINK_RTTERMINAL_Read(BufferIndex = 0, BufferSize = 0x00010000)
T6D58 053:658.696   - 0.083ms returns 0
T6D34 053:694.880 JLINK_IsHalted()
T6D34 053:695.488 - 0.611ms returns FALSE
T6D34 053:695.532 JLINK_IsHalted()
T6D34 053:696.308 - 0.776ms returns FALSE
T6D58 053:709.460   JLINK_RTTERMINAL_Read(BufferIndex = 0, BufferSize = 0x00010000)
T6D58 053:709.524   - 0.067ms returns 0
T6D58 053:760.288   JLINK_RTTERMINAL_Read(BufferIndex = 0, BufferSize = 0x00010000)
T6D58 053:760.384   - 0.095ms returns 0
T6D34 053:804.192 JLINK_IsHalted()
T6D34 053:805.068 - 0.880ms returns FALSE
T6D34 053:805.144 JLINK_IsHalted()
T6D34 053:805.864 - 0.714ms returns FALSE
T6D58 053:811.528   JLINK_RTTERMINAL_Read(BufferIndex = 0, BufferSize = 0x00010000)
T6D58 053:811.628   - 0.101ms returns 0
T6D58 053:862.388   JLINK_RTTERMINAL_Read(BufferIndex = 0, BufferSize = 0x00010000)
T6D58 053:862.476   - 0.089ms returns 0
T6D34 053:912.920 JLINK_IsHalted()
T6D34 053:913.728 - 0.806ms returns FALSE
T6D58 053:913.804   JLINK_RTTERMINAL_Read(BufferIndex = 0, BufferSize = 0x00010000)
T6D58 053:913.912   - 0.114ms returns 0
T6D34 053:914.284 JLINK_IsHalted()
T6D34 053:915.244 - 0.958ms returns FALSE
T6D58 053:965.240   JLINK_RTTERMINAL_Read(BufferIndex = 0, BufferSize = 0x00010000)
T6D58 053:965.332   - 0.086ms returns 0
T6D58 054:016.320   JLINK_RTTERMINAL_Read(BufferIndex = 0, BufferSize = 0x00010000)
T6D58 054:016.408   - 0.089ms returns 0
T6D34 054:022.932 JLINK_IsHalted()
T6D34 054:023.936 - 1.004ms returns FALSE
T6D34 054:024.084 JLINK_IsHalted()
T6D34 054:025.140 - 1.056ms returns FALSE
T6D58 054:067.176   JLINK_RTTERMINAL_Read(BufferIndex = 0, BufferSize = 0x00010000)
T6D58 054:067.252   - 0.077ms returns 0
T6D58 054:117.824   JLINK_RTTERMINAL_Read(BufferIndex = 0, BufferSize = 0x00010000)
T6D58 054:117.932   - 0.108ms returns 0
T6D34 054:132.296 JLINK_IsHalted()
T6D34 054:133.100 - 0.806ms returns FALSE
T6D34 054:133.172 JLINK_IsHalted()
T6D34 054:133.864 - 0.691ms returns FALSE
T6D58 054:169.260   JLINK_RTTERMINAL_Read(BufferIndex = 0, BufferSize = 0x00010000)
T6D58 054:169.384   - 0.117ms returns 0
T6D58 054:221.248   JLINK_RTTERMINAL_Read(BufferIndex = 0, BufferSize = 0x00010000)
T6D58 054:221.352   - 0.100ms returns 0
T6D34 054:240.972 JLINK_IsHalted()
T6D34 054:242.016 - 1.037ms returns FALSE
T6D34 054:242.100 JLINK_IsHalted()
T6D34 054:242.888 - 0.785ms returns FALSE
T6D58 054:271.784   JLINK_RTTERMINAL_Read(BufferIndex = 0, BufferSize = 0x00010000)
T6D58 054:271.872   - 0.088ms returns 0
T6D58 054:322.420   JLINK_RTTERMINAL_Read(BufferIndex = 0, BufferSize = 0x00010000)
T6D58 054:322.508   - 0.086ms returns 0
T6D34 054:351.212 JLINK_IsHalted()
T6D34 054:352.244 - 1.032ms returns FALSE
T6D34 054:352.332 JLINK_IsHalted()
T6D34 054:353.080 - 0.748ms returns FALSE
T6D58 054:372.960   JLINK_RTTERMINAL_Read(BufferIndex = 0, BufferSize = 0x00010000)
T6D58 054:373.032   - 0.073ms returns 0
T6D58 054:424.280   JLINK_RTTERMINAL_Read(BufferIndex = 0, BufferSize = 0x00010000)
T6D58 054:424.372   - 0.089ms returns 0
T6D34 054:461.140 JLINK_IsHalted()
T6D34 054:461.888 - 0.750ms returns FALSE
T6D34 054:461.932 JLINK_IsHalted()
T6D34 054:462.828 - 0.893ms returns FALSE
T6D58 054:475.392   JLINK_RTTERMINAL_Read(BufferIndex = 0, BufferSize = 0x00010000)
T6D58 054:475.476   - 0.079ms returns 0
T6D58 054:526.636   JLINK_RTTERMINAL_Read(BufferIndex = 0, BufferSize = 0x00010000)
T6D58 054:526.728   - 0.089ms returns 0
T5770 054:543.808 JLINK_IsHalted()
T5770 054:544.984 - 1.173ms returns FALSE
T5770 054:545.080 JLINK_IsHalted()
T5770 054:545.708 - 0.622ms returns FALSE
T6D34 054:569.876 JLINK_IsHalted()
T6D34 054:570.696 - 0.814ms returns FALSE
T6D34 054:570.796 JLINK_IsHalted()
T6D34 054:571.616 - 0.815ms returns FALSE
T6D58 054:577.364   JLINK_RTTERMINAL_Read(BufferIndex = 0, BufferSize = 0x00010000)
T6D58 054:577.448   - 0.082ms returns 0
T6D58 054:629.080   JLINK_RTTERMINAL_Read(BufferIndex = 0, BufferSize = 0x00010000)
T6D58 054:629.152   - 0.073ms returns 0
T6D58 054:679.784   JLINK_RTTERMINAL_Read(BufferIndex = 0, BufferSize = 0x00010000)
T6D58 054:679.884   - 0.101ms returns 0
T6D34 054:680.020 JLINK_IsHalted()
T6D34 054:680.564 - 0.541ms returns FALSE
T6D34 054:680.608 JLINK_IsHalted()
T6D34 054:681.324 - 0.714ms returns FALSE
T6D58 054:732.404   JLINK_RTTERMINAL_Read(BufferIndex = 0, BufferSize = 0x00010000)
T6D58 054:732.492   - 0.088ms returns 0
T6D58 054:784.524   JLINK_RTTERMINAL_Read(BufferIndex = 0, BufferSize = 0x00010000)
T6D58 054:784.596   - 0.074ms returns 0
T6D34 054:788.340 JLINK_IsHalted()
T6D34 054:789.128 - 0.790ms returns FALSE
T6D34 054:789.172 JLINK_IsHalted()
T6D34 054:789.932 - 0.756ms returns FALSE
T6D58 054:835.544   JLINK_RTTERMINAL_Read(BufferIndex = 0, BufferSize = 0x00010000)
T6D58 054:835.648   - 0.103ms returns 0
T6D58 054:886.248   JLINK_RTTERMINAL_Read(BufferIndex = 0, BufferSize = 0x00010000)
T6D58 054:886.344   - 0.095ms returns 0
T6D34 054:897.768 JLINK_IsHalted()
T6D34 054:898.784 - 1.013ms returns FALSE
T6D34 054:898.856 JLINK_IsHalted()
T6D34 054:899.432 - 0.575ms returns FALSE
T6D58 054:937.624   JLINK_RTTERMINAL_Read(BufferIndex = 0, BufferSize = 0x00010000)
T6D58 054:937.728   - 0.097ms returns 0
T6D58 054:989.260   JLINK_RTTERMINAL_Read(BufferIndex = 0, BufferSize = 0x00010000)
T6D58 054:989.364   - 0.098ms returns 0
T6D34 055:010.336 JLINK_IsHalted()
T6D34 055:011.596 - 1.261ms returns FALSE
T6D34 055:011.672 JLINK_IsHalted()
T6D34 055:012.248 - 0.574ms returns FALSE
T6D58 055:041.012   JLINK_RTTERMINAL_Read(BufferIndex = 0, BufferSize = 0x00010000)
T6D58 055:041.112   - 0.103ms returns 0
T6D58 055:092.616   JLINK_RTTERMINAL_Read(BufferIndex = 0, BufferSize = 0x00010000)
T6D58 055:092.716   - 0.103ms returns 0
T6D34 055:116.520 JLINK_IsHalted()
T6D34 055:117.492 - 0.969ms returns FALSE
T6D34 055:117.548 JLINK_IsHalted()
T6D34 055:118.260 - 0.710ms returns FALSE
T6D58 055:143.304   JLINK_RTTERMINAL_Read(BufferIndex = 0, BufferSize = 0x00010000)
T6D58 055:143.404   - 0.104ms returns 0
T6D58 055:194.804   JLINK_RTTERMINAL_Read(BufferIndex = 0, BufferSize = 0x00010000)
T6D58 055:194.880   - 0.076ms returns 0
T6D34 055:225.364 JLINK_IsHalted()
T6D34 055:225.964 - 0.600ms returns FALSE
T6D34 055:226.028 JLINK_IsHalted()
T6D34 055:226.868 - 0.836ms returns FALSE
T6D58 055:246.336   JLINK_RTTERMINAL_Read(BufferIndex = 0, BufferSize = 0x00010000)
T6D58 055:246.440   - 0.102ms returns 0
T6D58 055:297.624   JLINK_RTTERMINAL_Read(BufferIndex = 0, BufferSize = 0x00010000)
T6D58 055:297.740   - 0.112ms returns 0
T6D34 055:335.084 JLINK_IsHalted()
T6D34 055:336.160 - 1.069ms returns FALSE
T6D34 055:336.244 JLINK_IsHalted()
T6D34 055:336.856 - 0.612ms returns FALSE
T6D58 055:348.864   JLINK_RTTERMINAL_Read(BufferIndex = 0, BufferSize = 0x00010000)
T6D58 055:348.952   - 0.088ms returns 0
T6D58 055:399.448   JLINK_RTTERMINAL_Read(BufferIndex = 0, BufferSize = 0x00010000)
T6D58 055:399.540   - 0.089ms returns 0
T6D34 055:446.348 JLINK_IsHalted()
T6D34 055:447.444 - 1.090ms returns FALSE
T6D34 055:447.528 JLINK_IsHalted()
T6D34 055:448.216 - 0.691ms returns FALSE
T6D58 055:451.316   JLINK_RTTERMINAL_Read(BufferIndex = 0, BufferSize = 0x00010000)
T6D58 055:451.412   - 0.099ms returns 0
T6D58 055:502.968   JLINK_RTTERMINAL_Read(BufferIndex = 0, BufferSize = 0x00010000)
T6D58 055:503.092   - 0.119ms returns 0
T5770 055:546.088 JLINK_IsHalted()
T5770 055:546.868 - 0.779ms returns FALSE
T5770 055:546.952 JLINK_IsHalted()
T5770 055:547.572 - 0.622ms returns FALSE
T6D34 055:554.316 JLINK_IsHalted()
T6D34 055:555.160 - 0.845ms returns FALSE
T6D58 055:555.240   JLINK_RTTERMINAL_Read(BufferIndex = 0, BufferSize = 0x00010000)
T6D58 055:555.296   - 0.054ms returns 0
T6D34 055:555.468 JLINK_IsHalted()
T6D34 055:556.488 - 1.015ms returns FALSE
T6D58 055:606.228   JLINK_RTTERMINAL_Read(BufferIndex = 0, BufferSize = 0x00010000)
T6D58 055:606.328   - 0.100ms returns 0
T6D58 055:656.832   JLINK_RTTERMINAL_Read(BufferIndex = 0, BufferSize = 0x00010000)
T6D58 055:656.940   - 0.107ms returns 0
T6D34 055:665.176 JLINK_IsHalted()
T6D34 055:666.120 - 0.938ms returns FALSE
T6D34 055:666.252 JLINK_IsHalted()
T6D34 055:667.296 - 1.043ms returns FALSE
T6D58 055:708.248   JLINK_RTTERMINAL_Read(BufferIndex = 0, BufferSize = 0x00010000)
T6D58 055:708.340   - 0.093ms returns 0
T6D58 055:759.468   JLINK_RTTERMINAL_Read(BufferIndex = 0, BufferSize = 0x00010000)
T6D58 055:759.540   - 0.072ms returns 0
T6D34 055:773.524 JLINK_IsHalted()
T6D34 055:774.184 - 0.657ms returns FALSE
T6D34 055:774.232 JLINK_IsHalted()
T6D34 055:774.964 - 0.730ms returns FALSE
T6D34 055:805.912 JLINK_ReadMem(0x0000135C, 0x2 Bytes, ...)
T6D34 055:806.004    -- Read from flash cache (2 bytes @ 0x0000135C)
T6D34 055:806.040   Data:  FE E7
T6D34 055:806.088 - 0.177ms returns 0
T6D34 055:806.636 JLINK_ReadMem(0x0000135C, 0x2 Bytes, ...)
T6D34 055:806.708    -- Read from flash cache (2 bytes @ 0x0000135C)
T6D34 055:806.760   Data:  FE E7
T6D34 055:806.804 - 0.168ms returns 0
T6D58 055:811.476   JLINK_RTTERMINAL_Read(BufferIndex = 0, BufferSize = 0x00010000)
T6D58 055:811.564   - 0.088ms returns 0
T6D58 055:863.192   JLINK_RTTERMINAL_Read(BufferIndex = 0, BufferSize = 0x00010000)
T6D58 055:863.264   - 0.072ms returns 0
T6D34 055:882.088 JLINK_IsHalted()
T6D34 055:882.676 - 0.588ms returns FALSE
T6D34 055:882.720 JLINK_IsHalted()
T6D34 055:883.552 - 0.833ms returns FALSE
T6D58 055:915.104   JLINK_RTTERMINAL_Read(BufferIndex = 0, BufferSize = 0x00010000)
T6D58 055:915.176   - 0.073ms returns 0
T6D58 055:966.028   JLINK_RTTERMINAL_Read(BufferIndex = 0, BufferSize = 0x00010000)
T6D58 055:966.088   - 0.060ms returns 0
T6D34 055:991.220 JLINK_IsHalted()
T6D34 055:991.800 - 0.587ms returns FALSE
T6D34 055:991.884 JLINK_IsHalted()
T6D34 055:992.648 - 0.762ms returns FALSE
T6D58 056:017.376   JLINK_RTTERMINAL_Read(BufferIndex = 0, BufferSize = 0x00010000)
T6D58 056:017.612   - 0.236ms returns 0
T6D58 056:068.908   JLINK_RTTERMINAL_Read(BufferIndex = 0, BufferSize = 0x00010000)
T6D58 056:069.000   - 0.095ms returns 0
T6D34 056:102.912 JLINK_IsHalted()
T6D34 056:103.736 - 0.828ms returns FALSE
T6D34 056:103.800 JLINK_IsHalted()
T6D34 056:104.520 - 0.719ms returns FALSE
T6D58 056:120.344   JLINK_RTTERMINAL_Read(BufferIndex = 0, BufferSize = 0x00010000)
T6D58 056:120.440   - 0.098ms returns 0
T6D58 056:171.092   JLINK_RTTERMINAL_Read(BufferIndex = 0, BufferSize = 0x00010000)
T6D58 056:171.160   - 0.067ms returns 0
T6D34 056:210.836 JLINK_IsHalted()
T6D34 056:211.756 - 0.919ms returns FALSE
T6D34 056:211.820 JLINK_IsHalted()
T6D34 056:212.384 - 0.564ms returns FALSE
T6D58 056:221.976   JLINK_RTTERMINAL_Read(BufferIndex = 0, BufferSize = 0x00010000)
T6D58 056:222.120   - 0.140ms returns 0
T6D58 056:273.428   JLINK_RTTERMINAL_Read(BufferIndex = 0, BufferSize = 0x00010000)
T6D58 056:273.512   - 0.085ms returns 0
T6D34 056:319.628 JLINK_IsHalted()
T6D34 056:320.396 - 0.770ms returns FALSE
T6D34 056:320.456 JLINK_IsHalted()
T6D34 056:321.172 - 0.715ms returns FALSE
T6D58 056:323.960   JLINK_RTTERMINAL_Read(BufferIndex = 0, BufferSize = 0x00010000)
T6D58 056:324.032   - 0.069ms returns 0
T6D58 056:374.536   JLINK_RTTERMINAL_Read(BufferIndex = 0, BufferSize = 0x00010000)
T6D58 056:374.604   - 0.073ms returns 0
T6D58 056:426.944   JLINK_RTTERMINAL_Read(BufferIndex = 0, BufferSize = 0x00010000)
T6D58 056:427.020   - 0.073ms returns 0
T6D34 056:429.236 JLINK_IsHalted()
T6D34 056:429.784 - 0.547ms returns FALSE
T6D34 056:429.836 JLINK_IsHalted()
T6D34 056:430.624 - 0.785ms returns FALSE
T6D58 056:477.548   JLINK_RTTERMINAL_Read(BufferIndex = 0, BufferSize = 0x00010000)
T6D58 056:477.640   - 0.088ms returns 0
T6D58 056:528.088   JLINK_RTTERMINAL_Read(BufferIndex = 0, BufferSize = 0x00010000)
T6D58 056:528.172   - 0.082ms returns 0
T6D34 056:538.444 JLINK_IsHalted()
T6D34 056:539.368 - 0.922ms returns FALSE
T6D34 056:539.448 JLINK_IsHalted()
T6D34 056:540.232 - 0.784ms returns FALSE
T5770 056:548.204 JLINK_IsHalted()
T5770 056:549.076 - 0.866ms returns FALSE
T5770 056:549.128 JLINK_IsHalted()
T5770 056:549.900 - 0.775ms returns FALSE
T6D58 056:580.280   JLINK_RTTERMINAL_Read(BufferIndex = 0, BufferSize = 0x00010000)
T6D58 056:580.376   - 0.098ms returns 0
T6D58 056:632.084   JLINK_RTTERMINAL_Read(BufferIndex = 0, BufferSize = 0x00010000)
T6D58 056:632.152   - 0.074ms returns 0
T6D34 056:647.424 JLINK_IsHalted()
T6D34 056:648.376 - 0.949ms returns FALSE
T6D34 056:648.480 JLINK_IsHalted()
T6D34 056:649.568 - 1.085ms returns FALSE
T6D58 056:684.120   JLINK_RTTERMINAL_Read(BufferIndex = 0, BufferSize = 0x00010000)
T6D58 056:684.200   - 0.081ms returns 0
T6D58 056:735.512   JLINK_RTTERMINAL_Read(BufferIndex = 0, BufferSize = 0x00010000)
T6D58 056:735.596   - 0.085ms returns 0
T6D34 056:759.564 JLINK_IsHalted()
T6D34 056:760.276 - 0.711ms returns FALSE
T6D34 056:760.328 JLINK_IsHalted()
T6D34 056:761.132 - 0.803ms returns FALSE
T6D58 056:786.132   JLINK_RTTERMINAL_Read(BufferIndex = 0, BufferSize = 0x00010000)
T6D58 056:786.220   - 0.087ms returns 0
T6D58 056:836.788   JLINK_RTTERMINAL_Read(BufferIndex = 0, BufferSize = 0x00010000)
T6D58 056:836.872   - 0.082ms returns 0
T6D34 056:866.024 JLINK_IsHalted()
T6D34 056:866.792 - 0.768ms returns FALSE
T6D34 056:866.840 JLINK_IsHalted()
T6D34 056:867.540 - 0.695ms returns FALSE
T6D58 056:887.412   JLINK_RTTERMINAL_Read(BufferIndex = 0, BufferSize = 0x00010000)
T6D58 056:887.508   - 0.096ms returns 0
T6D58 056:938.316   JLINK_RTTERMINAL_Read(BufferIndex = 0, BufferSize = 0x00010000)
T6D58 056:938.456   - 0.139ms returns 0
T6D34 056:976.256 JLINK_IsHalted()
T6D34 056:977.228 - 0.967ms returns FALSE
T6D34 056:977.268 JLINK_IsHalted()
T6D34 056:978.464 - 1.199ms returns FALSE
T6D58 056:989.640   JLINK_RTTERMINAL_Read(BufferIndex = 0, BufferSize = 0x00010000)
T6D58 056:989.720   - 0.080ms returns 0
T6D58 057:040.972   JLINK_RTTERMINAL_Read(BufferIndex = 0, BufferSize = 0x00010000)
T6D58 057:041.080   - 0.108ms returns 0
T6D34 057:086.392 JLINK_IsHalted()
T6D34 057:087.208 - 0.813ms returns FALSE
T6D34 057:087.264 JLINK_IsHalted()
T6D34 057:087.956 - 0.692ms returns FALSE
T6D58 057:092.044   JLINK_RTTERMINAL_Read(BufferIndex = 0, BufferSize = 0x00010000)
T6D58 057:092.136   - 0.087ms returns 0
T6D58 057:142.752   JLINK_RTTERMINAL_Read(BufferIndex = 0, BufferSize = 0x00010000)
T6D58 057:142.836   - 0.083ms returns 0
T6D58 057:194.200   JLINK_RTTERMINAL_Read(BufferIndex = 0, BufferSize = 0x00010000)
T6D58 057:194.304   - 0.100ms returns 0
T6D34 057:195.016 JLINK_IsHalted()
T6D34 057:195.648 - 0.631ms returns FALSE
T6D34 057:195.712 JLINK_IsHalted()
T6D34 057:196.440 - 0.730ms returns FALSE
T6D58 057:245.288   JLINK_RTTERMINAL_Read(BufferIndex = 0, BufferSize = 0x00010000)
T6D58 057:245.376   - 0.091ms returns 0
T6D58 057:296.288   JLINK_RTTERMINAL_Read(BufferIndex = 0, BufferSize = 0x00010000)
T6D58 057:296.372   - 0.081ms returns 0
T6D34 057:303.808 JLINK_IsHalted()
T6D34 057:304.920 - 1.110ms returns FALSE
T6D34 057:304.980 JLINK_IsHalted()
T6D34 057:305.800 - 0.816ms returns FALSE
T6D58 057:347.200   JLINK_RTTERMINAL_Read(BufferIndex = 0, BufferSize = 0x00010000)
T6D58 057:347.296   - 0.093ms returns 0
T6D58 057:397.848   JLINK_RTTERMINAL_Read(BufferIndex = 0, BufferSize = 0x00010000)
T6D58 057:397.932   - 0.081ms returns 0
T6D34 057:412.856 JLINK_IsHalted()
T6D34 057:413.548 - 0.689ms returns FALSE
T6D34 057:413.620 JLINK_IsHalted()
T6D34 057:414.348 - 0.729ms returns FALSE
T6D58 057:448.648   JLINK_RTTERMINAL_Read(BufferIndex = 0, BufferSize = 0x00010000)
T6D58 057:448.744   - 0.097ms returns 0
T6D58 057:499.576   JLINK_RTTERMINAL_Read(BufferIndex = 0, BufferSize = 0x00010000)
T6D58 057:499.688   - 0.109ms returns 0
T6D34 057:522.624 JLINK_IsHalted()
T6D34 057:523.884 - 1.254ms returns FALSE
T6D34 057:523.988 JLINK_IsHalted()
T6D34 057:525.044 - 1.051ms returns FALSE
T6D58 057:552.544   JLINK_RTTERMINAL_Read(BufferIndex = 0, BufferSize = 0x00010000)
T6D58 057:552.648   - 0.100ms returns 0
T5770 057:554.600 JLINK_IsHalted()
T5770 057:555.392 - 0.794ms returns FALSE
T5770 057:555.444 JLINK_IsHalted()
T5770 057:556.224 - 0.779ms returns FALSE
T6D58 057:604.596   JLINK_RTTERMINAL_Read(BufferIndex = 0, BufferSize = 0x00010000)
T6D58 057:604.680   - 0.082ms returns 0
T6D34 057:632.808 JLINK_IsHalted()
T6D34 057:633.560 - 0.748ms returns FALSE
T6D34 057:633.612 JLINK_IsHalted()
T6D34 057:634.680 - 1.065ms returns FALSE
T6D58 057:656.696   JLINK_RTTERMINAL_Read(BufferIndex = 0, BufferSize = 0x00010000)
T6D58 057:656.800   - 0.100ms returns 0
T6D58 057:708.280   JLINK_RTTERMINAL_Read(BufferIndex = 0, BufferSize = 0x00010000)
T6D58 057:708.364   - 0.084ms returns 0
T6D34 057:741.120 JLINK_IsHalted()
T6D34 057:741.960 - 0.834ms returns FALSE
T6D34 057:742.024 JLINK_IsHalted()
T6D34 057:742.892 - 0.870ms returns FALSE
T6D58 057:759.584   JLINK_RTTERMINAL_Read(BufferIndex = 0, BufferSize = 0x00010000)
T6D58 057:759.660   - 0.077ms returns 0
T6D58 057:810.316   JLINK_RTTERMINAL_Read(BufferIndex = 0, BufferSize = 0x00010000)
T6D58 057:810.420   - 0.102ms returns 0
T6D34 057:851.232 JLINK_IsHalted()
T6D34 057:851.896 - 0.667ms returns FALSE
T6D34 057:851.956 JLINK_IsHalted()
T6D34 057:852.684 - 0.728ms returns FALSE
T6D58 057:861.236   JLINK_RTTERMINAL_Read(BufferIndex = 0, BufferSize = 0x00010000)
T6D58 057:861.324   - 0.091ms returns 0
T6D58 057:912.504   JLINK_RTTERMINAL_Read(BufferIndex = 0, BufferSize = 0x00010000)
T6D58 057:912.588   - 0.079ms returns 0
T6D34 057:959.896 JLINK_IsHalted()
T6D34 057:960.984 - 1.092ms returns FALSE
T6D34 057:961.064 JLINK_IsHalted()
T6D34 057:961.920 - 0.860ms returns FALSE
T6D58 057:963.788   JLINK_RTTERMINAL_Read(BufferIndex = 0, BufferSize = 0x00010000)
T6D58 057:963.884   - 0.099ms returns 0
T6D58 058:014.568   JLINK_RTTERMINAL_Read(BufferIndex = 0, BufferSize = 0x00010000)
T6D58 058:014.636   - 0.070ms returns 0
T6D58 058:065.748   JLINK_RTTERMINAL_Read(BufferIndex = 0, BufferSize = 0x00010000)
T6D58 058:065.864   - 0.114ms returns 0
T6D34 058:069.760 JLINK_IsHalted()
T6D34 058:070.828 - 1.052ms returns FALSE
T6D34 058:070.900 JLINK_IsHalted()
T6D34 058:071.488 - 0.584ms returns FALSE
T6D58 058:116.504   JLINK_RTTERMINAL_Read(BufferIndex = 0, BufferSize = 0x00010000)
T6D58 058:116.596   - 0.094ms returns 0
T6D34 058:149.004 JLINK_SetBPEx(Addr = 0x0000143A, Type = 0xFFFFFF00)
T6D34 058:149.144   CPU is running
T6D34 058:149.176   CPU is running
T6D34 058:149.224   CPU_WriteMem(4 bytes @ 0xE0002000)
T6D34 058:150.144   CPU is running
T6D34 058:150.220   CPU_WriteMem(4 bytes @ 0xE0002008)
T6D34 058:150.956 - 1.962ms returns 0x00000003
T6D34 058:152.232 JLINK_ClrBPEx(BPHandle = 0x00000003)
T6D34 058:153.288   CPU is running
T6D34 058:153.400   CPU is running
T6D34 058:153.432   CPU_WriteMem(4 bytes @ 0xE0002008)
T6D34 058:154.068   CPU is running
T6D34 058:154.132   CPU_WriteMem(4 bytes @ 0xE000200C)
T6D34 058:154.836   CPU is running
T6D34 058:154.892   CPU_WriteMem(4 bytes @ 0xE0002010)
T6D34 058:155.508   CPU is running
T6D34 058:155.572   CPU_WriteMem(4 bytes @ 0xE0002014)
T6D34 058:156.360 - 4.130ms returns 0x00
T6D34 058:159.064 JLINK_SetBPEx(Addr = 0x0000143A, Type = 0xFFFFFF00)
T6D34 058:159.144   CPU is running
T6D34 058:159.176   CPU is running
T6D34 058:159.208   CPU_WriteMem(4 bytes @ 0xE0002000)
T6D34 058:159.924   CPU is running
T6D34 058:159.980   CPU_WriteMem(4 bytes @ 0xE0002008)
T6D34 058:160.568 - 1.505ms returns 0x00000004
T6D34 058:160.616 JLINK_SetBPEx(Addr = 0x0000135C, Type = 0xFFFFFF00)
T6D34 058:160.632   CPU is running
T6D34 058:160.660   CPU is running
T6D34 058:160.692   CPU_WriteMem(4 bytes @ 0xE0002000)
T6D34 058:161.272   CPU is running
T6D34 058:161.332   CPU_WriteMem(4 bytes @ 0xE000200C)
T6D34 058:162.016 - 1.401ms returns 0x00000005
T6D58 058:167.276   JLINK_RTTERMINAL_Read(BufferIndex = 0, BufferSize = 0x00010000)
T6D58 058:167.348   - 0.073ms returns 0
T6D34 058:179.520 JLINK_IsHalted()
T6D34 058:180.524 - 1.003ms returns FALSE
T6D34 058:180.568 JLINK_IsHalted()
T6D34 058:181.384 - 0.816ms returns FALSE
T6D58 058:218.024   JLINK_RTTERMINAL_Read(BufferIndex = 0, BufferSize = 0x00010000)
T6D58 058:218.088   - 0.062ms returns 0
T6D58 058:270.120   JLINK_RTTERMINAL_Read(BufferIndex = 0, BufferSize = 0x00010000)
T6D58 058:270.208   - 0.089ms returns 0
T6D34 058:288.288 JLINK_IsHalted()
T6D34 058:289.152 - 0.865ms returns FALSE
T6D34 058:289.236 JLINK_IsHalted()
T6D34 058:290.196 - 0.962ms returns FALSE
T6D58 058:322.572   JLINK_RTTERMINAL_Read(BufferIndex = 0, BufferSize = 0x00010000)
T6D58 058:322.644   - 0.068ms returns 0
T6D58 058:373.312   JLINK_RTTERMINAL_Read(BufferIndex = 0, BufferSize = 0x00010000)
T6D58 058:373.388   - 0.077ms returns 0
T6D34 058:397.492 JLINK_IsHalted()
T6D34 058:398.168 - 0.680ms returns FALSE
T6D34 058:398.232 JLINK_IsHalted()
T6D34 058:399.096 - 0.864ms returns FALSE
T6D58 058:425.912   JLINK_RTTERMINAL_Read(BufferIndex = 0, BufferSize = 0x00010000)
T6D58 058:426.004   - 0.090ms returns 0
T6D58 058:476.600   JLINK_RTTERMINAL_Read(BufferIndex = 0, BufferSize = 0x00010000)
T6D58 058:476.672   - 0.073ms returns 0
T6D34 058:507.220 JLINK_IsHalted()
T6D34 058:508.232 - 1.013ms returns FALSE
T6D34 058:508.300 JLINK_IsHalted()
T6D34 058:508.908 - 0.603ms returns FALSE
T6D58 058:528.908   JLINK_RTTERMINAL_Read(BufferIndex = 0, BufferSize = 0x00010000)
T6D58 058:529.000   - 0.085ms returns 0
T5770 058:557.440 JLINK_IsHalted()
T5770 058:558.304 - 0.863ms returns FALSE
T5770 058:558.360 JLINK_IsHalted()
T5770 058:558.924 - 0.564ms returns FALSE
T6D58 058:580.428   JLINK_RTTERMINAL_Read(BufferIndex = 0, BufferSize = 0x00010000)
T6D58 058:580.524   - 0.095ms returns 0
T6D34 058:616.256 JLINK_IsHalted()
T6D34 058:616.864 - 0.602ms returns FALSE
T6D34 058:616.920 JLINK_IsHalted()
T6D34 058:617.608 - 0.682ms returns FALSE
T6D58 058:631.800   JLINK_RTTERMINAL_Read(BufferIndex = 0, BufferSize = 0x00010000)
T6D58 058:631.884   - 0.078ms returns 0
T6D58 058:682.668   JLINK_RTTERMINAL_Read(BufferIndex = 0, BufferSize = 0x00010000)
T6D58 058:682.760   - 0.092ms returns 0
T6D34 058:726.068 JLINK_IsHalted()
T6D34 058:727.188 - 1.123ms returns FALSE
T6D34 058:727.252 JLINK_IsHalted()
T6D34 058:727.848 - 0.600ms returns FALSE
T6D58 058:733.560   JLINK_RTTERMINAL_Read(BufferIndex = 0, BufferSize = 0x00010000)
T6D58 058:733.644   - 0.080ms returns 0
T6D58 058:784.948   JLINK_RTTERMINAL_Read(BufferIndex = 0, BufferSize = 0x00010000)
T6D58 058:785.024   - 0.081ms returns 0
T6D58 058:835.700   JLINK_RTTERMINAL_Read(BufferIndex = 0, BufferSize = 0x00010000)
T6D58 058:835.796   - 0.100ms returns 0
T6D34 058:835.980 JLINK_IsHalted()
T6D34 058:837.228 - 1.249ms returns FALSE
T6D34 058:837.344 JLINK_IsHalted()
T6D34 058:838.560 - 1.217ms returns FALSE
T6D58 058:887.208   JLINK_RTTERMINAL_Read(BufferIndex = 0, BufferSize = 0x00010000)
T6D58 058:887.360   - 0.153ms returns 0
T6D58 058:938.668   JLINK_RTTERMINAL_Read(BufferIndex = 0, BufferSize = 0x00010000)
T6D58 058:938.744   - 0.077ms returns 0
T6D34 058:944.712 JLINK_IsHalted()
T6D34 058:945.592 - 0.886ms returns FALSE
T6D34 058:945.672 JLINK_IsHalted()
T6D34 058:946.516 - 0.841ms returns FALSE
T6D58 058:989.368   JLINK_RTTERMINAL_Read(BufferIndex = 0, BufferSize = 0x00010000)
T6D58 058:989.448   - 0.076ms returns 0
T6D58 059:041.248   JLINK_RTTERMINAL_Read(BufferIndex = 0, BufferSize = 0x00010000)
T6D58 059:041.344   - 0.100ms returns 0
T6D34 059:054.104 JLINK_IsHalted()
T6D34 059:054.568 - 0.457ms returns FALSE
T6D34 059:054.592 JLINK_IsHalted()
T6D34 059:055.360 - 0.768ms returns FALSE
T6D58 059:092.312   JLINK_RTTERMINAL_Read(BufferIndex = 0, BufferSize = 0x00010000)
T6D58 059:092.416   - 0.103ms returns 0
T6D58 059:142.956   JLINK_RTTERMINAL_Read(BufferIndex = 0, BufferSize = 0x00010000)
T6D58 059:143.048   - 0.088ms returns 0
T6D34 059:163.840 JLINK_IsHalted()
T6D34 059:164.896 - 1.055ms returns FALSE
T6D34 059:164.936 JLINK_IsHalted()
T6D34 059:165.708 - 0.775ms returns FALSE
T6D58 059:193.588   JLINK_RTTERMINAL_Read(BufferIndex = 0, BufferSize = 0x00010000)
T6D58 059:193.676   - 0.087ms returns 0
T6D58 059:244.812   JLINK_RTTERMINAL_Read(BufferIndex = 0, BufferSize = 0x00010000)
T6D58 059:244.896   - 0.085ms returns 0
T6D34 059:275.016 JLINK_IsHalted()
T6D34 059:275.904 - 0.885ms returns FALSE
T6D34 059:276.012 JLINK_IsHalted()
T6D34 059:276.520 - 0.505ms returns FALSE
T6D58 059:295.752   JLINK_RTTERMINAL_Read(BufferIndex = 0, BufferSize = 0x00010000)
T6D58 059:295.832   - 0.083ms returns 0
T6D58 059:346.904   JLINK_RTTERMINAL_Read(BufferIndex = 0, BufferSize = 0x00010000)
T6D58 059:346.996   - 0.090ms returns 0
T6D34 059:382.996 JLINK_IsHalted()
T6D34 059:384.120 - 1.124ms returns FALSE
T6D34 059:384.192 JLINK_IsHalted()
T6D34 059:384.824 - 0.631ms returns FALSE
T6D58 059:398.200   JLINK_RTTERMINAL_Read(BufferIndex = 0, BufferSize = 0x00010000)
T6D58 059:398.284   - 0.088ms returns 0
T6D58 059:449.652   JLINK_RTTERMINAL_Read(BufferIndex = 0, BufferSize = 0x00010000)
T6D58 059:449.740   - 0.087ms returns 0
T6D34 059:491.936 JLINK_IsHalted()
T6D34 059:492.520 - 0.577ms returns FALSE
T6D34 059:492.576 JLINK_IsHalted()
T6D34 059:493.384 - 0.806ms returns FALSE
T6D58 059:500.224   JLINK_RTTERMINAL_Read(BufferIndex = 0, BufferSize = 0x00010000)
T6D58 059:500.308   - 0.088ms returns 0
T6D58 059:551.432   JLINK_RTTERMINAL_Read(BufferIndex = 0, BufferSize = 0x00010000)
T6D58 059:551.532   - 0.099ms returns 0
T5770 059:560.128 JLINK_IsHalted()
T5770 059:560.936 - 0.805ms returns FALSE
T5770 059:560.984 JLINK_IsHalted()
T5770 059:561.696 - 0.710ms returns FALSE
T6D34 059:600.972 JLINK_IsHalted()
T6D34 059:601.736 - 0.758ms returns FALSE
T6D34 059:601.784 JLINK_IsHalted()
T6D34 059:602.464 - 0.676ms returns FALSE
T6D58 059:602.516   JLINK_RTTERMINAL_Read(BufferIndex = 0, BufferSize = 0x00010000)
T6D58 059:602.560   - 0.046ms returns 0
T6D58 059:653.268   JLINK_RTTERMINAL_Read(BufferIndex = 0, BufferSize = 0x00010000)
T6D58 059:653.356   - 0.089ms returns 0
T6D58 059:704.524   JLINK_RTTERMINAL_Read(BufferIndex = 0, BufferSize = 0x00010000)
T6D58 059:704.616   - 0.093ms returns 0
T6D34 059:710.184 JLINK_IsHalted()
T6D34 059:711.136 - 0.953ms returns FALSE
T6D34 059:711.200 JLINK_IsHalted()
T6D34 059:711.860 - 0.661ms returns FALSE
T6D58 059:755.116   JLINK_RTTERMINAL_Read(BufferIndex = 0, BufferSize = 0x00010000)
T6D58 059:755.256   - 0.144ms returns 0
T6D58 059:805.676   JLINK_RTTERMINAL_Read(BufferIndex = 0, BufferSize = 0x00010000)
T6D58 059:805.780   - 0.107ms returns 0
T6D34 059:819.416 JLINK_IsHalted()
T6D34 059:820.320 - 0.905ms returns FALSE
T6D34 059:820.392 JLINK_IsHalted()
T6D34 059:821.012 - 0.616ms returns FALSE
T6D58 059:857.096   JLINK_RTTERMINAL_Read(BufferIndex = 0, BufferSize = 0x00010000)
T6D58 059:857.208   - 0.115ms returns 0
T6D58 059:908.468   JLINK_RTTERMINAL_Read(BufferIndex = 0, BufferSize = 0x00010000)
T6D58 059:908.584   - 0.111ms returns 0
T6D34 059:928.724 JLINK_IsHalted()
T6D34 059:929.512 - 0.784ms returns FALSE
T6D34 059:929.620 JLINK_IsHalted()
T6D34 059:930.360 - 0.735ms returns FALSE
T6D58 059:959.668   JLINK_RTTERMINAL_Read(BufferIndex = 0, BufferSize = 0x00010000)
T6D58 059:959.756   - 0.086ms returns 0
T6D58 060:012.084   JLINK_RTTERMINAL_Read(BufferIndex = 0, BufferSize = 0x00010000)
T6D58 060:012.152   - 0.070ms returns 0
T6D34 060:038.744 JLINK_IsHalted()
T6D34 060:039.828 - 1.077ms returns FALSE
T6D34 060:039.892 JLINK_IsHalted()
T6D34 060:040.512 - 0.618ms returns FALSE
T6D58 060:064.140   JLINK_RTTERMINAL_Read(BufferIndex = 0, BufferSize = 0x00010000)
T6D58 060:064.204   - 0.069ms returns 0
T6D58 060:115.904   JLINK_RTTERMINAL_Read(BufferIndex = 0, BufferSize = 0x00010000)
T6D58 060:115.976   - 0.071ms returns 0
T6D34 060:147.700 JLINK_IsHalted()
T6D34 060:148.876 - 1.176ms returns FALSE
T6D34 060:148.980 JLINK_IsHalted()
T6D34 060:149.580 - 0.604ms returns FALSE
T6D58 060:167.372   JLINK_RTTERMINAL_Read(BufferIndex = 0, BufferSize = 0x00010000)
T6D58 060:167.436   - 0.064ms returns 0
T6D58 060:218.696   JLINK_RTTERMINAL_Read(BufferIndex = 0, BufferSize = 0x00010000)
T6D58 060:218.796   - 0.100ms returns 0
T6D34 060:259.372 JLINK_IsHalted()
T6D34 060:260.064 - 0.694ms returns FALSE
T6D34 060:260.152 JLINK_IsHalted()
T6D34 060:260.992 - 0.837ms returns FALSE
T6D58 060:269.300   JLINK_RTTERMINAL_Read(BufferIndex = 0, BufferSize = 0x00010000)
T6D58 060:269.376   - 0.078ms returns 0
T6D58 060:320.520   JLINK_RTTERMINAL_Read(BufferIndex = 0, BufferSize = 0x00010000)
T6D58 060:320.616   - 0.095ms returns 0
T6D34 060:366.312 JLINK_IsHalted()
T6D34 060:366.924 - 0.613ms returns FALSE
T6D34 060:366.984 JLINK_IsHalted()
T6D34 060:367.764 - 0.780ms returns FALSE
T6D58 060:371.168   JLINK_RTTERMINAL_Read(BufferIndex = 0, BufferSize = 0x00010000)
T6D58 060:371.288   - 0.121ms returns 0
T6D58 060:421.684   JLINK_RTTERMINAL_Read(BufferIndex = 0, BufferSize = 0x00010000)
T6D58 060:421.864   - 0.178ms returns 0
T6D58 060:473.960   JLINK_RTTERMINAL_Read(BufferIndex = 0, BufferSize = 0x00010000)
T6D58 060:474.048   - 0.087ms returns 0
T6D34 060:475.688 JLINK_IsHalted()
T6D34 060:476.780 - 1.092ms returns FALSE
T6D34 060:476.840 JLINK_IsHalted()
T6D34 060:477.720 - 0.878ms returns FALSE
T6D58 060:525.216   JLINK_RTTERMINAL_Read(BufferIndex = 0, BufferSize = 0x00010000)
T6D58 060:525.288   - 0.076ms returns 0
T5770 060:562.376 JLINK_IsHalted()
T5770 060:562.952 - 0.575ms returns FALSE
T5770 060:563.000 JLINK_IsHalted()
T5770 060:563.732 - 0.725ms returns FALSE
T6D58 060:576.012   JLINK_RTTERMINAL_Read(BufferIndex = 0, BufferSize = 0x00010000)
T6D58 060:576.116   - 0.098ms returns 0
T6D34 060:585.748 JLINK_IsHalted()
T6D34 060:586.592 - 0.842ms returns FALSE
T6D34 060:586.728 JLINK_IsHalted()
T6D34 060:587.892 - 1.164ms returns FALSE
T6D58 060:627.124   JLINK_RTTERMINAL_Read(BufferIndex = 0, BufferSize = 0x00010000)
T6D58 060:627.212   - 0.085ms returns 0
T6D58 060:678.184   JLINK_RTTERMINAL_Read(BufferIndex = 0, BufferSize = 0x00010000)
T6D58 060:678.344   - 0.164ms returns 0
T6D34 060:694.420 JLINK_IsHalted()
T6D34 060:695.212 - 0.798ms returns FALSE
T6D34 060:695.272 JLINK_IsHalted()
T6D34 060:696.024 - 0.755ms returns FALSE
T6D58 060:730.004   JLINK_RTTERMINAL_Read(BufferIndex = 0, BufferSize = 0x00010000)
T6D58 060:730.216   - 0.214ms returns 0
T6D58 060:781.044   JLINK_RTTERMINAL_Read(BufferIndex = 0, BufferSize = 0x00010000)
T6D58 060:781.132   - 0.093ms returns 0
T6D34 060:803.572 JLINK_IsHalted()
T6D34 060:804.416 - 0.845ms returns FALSE
T6D34 060:804.468 JLINK_IsHalted()
T6D34 060:805.280 - 0.808ms returns FALSE
T6D58 060:832.524   JLINK_RTTERMINAL_Read(BufferIndex = 0, BufferSize = 0x00010000)
T6D58 060:832.628   - 0.100ms returns 0
T6D58 060:883.488   JLINK_RTTERMINAL_Read(BufferIndex = 0, BufferSize = 0x00010000)
T6D58 060:883.584   - 0.095ms returns 0
T6D34 060:913.696 JLINK_IsHalted()
T6D34 060:914.380 - 0.687ms returns FALSE
T6D34 060:914.432 JLINK_IsHalted()
T6D34 060:915.288 - 0.852ms returns FALSE
T6D58 060:934.688   JLINK_RTTERMINAL_Read(BufferIndex = 0, BufferSize = 0x00010000)
T6D58 060:934.776   - 0.091ms returns 0
T6D58 060:985.716   JLINK_RTTERMINAL_Read(BufferIndex = 0, BufferSize = 0x00010000)
T6D58 060:985.812   - 0.097ms returns 0
T6D34 061:023.340 JLINK_IsHalted()
T6D34 061:024.084 - 0.739ms returns FALSE
T6D34 061:024.180 JLINK_IsHalted()
T6D34 061:024.936 - 0.757ms returns FALSE
T6D58 061:037.976   JLINK_RTTERMINAL_Read(BufferIndex = 0, BufferSize = 0x00010000)
T6D58 061:038.080   - 0.103ms returns 0
T6D58 061:089.416   JLINK_RTTERMINAL_Read(BufferIndex = 0, BufferSize = 0x00010000)
T6D58 061:089.504   - 0.090ms returns 0
T6D34 061:132.416 JLINK_IsHalted()
T6D34 061:133.336 - 0.921ms returns FALSE
T6D34 061:133.448 JLINK_IsHalted()
T6D34 061:134.516 - 1.067ms returns FALSE
T6D58 061:140.456   JLINK_RTTERMINAL_Read(BufferIndex = 0, BufferSize = 0x00010000)
T6D58 061:140.552   - 0.093ms returns 0
T6D58 061:191.436   JLINK_RTTERMINAL_Read(BufferIndex = 0, BufferSize = 0x00010000)
T6D58 061:191.528   - 0.084ms returns 0
T6D34 061:241.100 JLINK_IsHalted()
T6D34 061:241.728 - 0.628ms returns FALSE
T6D34 061:241.812 JLINK_IsHalted()
T6D34 061:242.504 - 0.693ms returns FALSE
T6D58 061:242.824   JLINK_RTTERMINAL_Read(BufferIndex = 0, BufferSize = 0x00010000)
T6D58 061:242.868   - 0.044ms returns 0
T6D58 061:293.560   JLINK_RTTERMINAL_Read(BufferIndex = 0, BufferSize = 0x00010000)
T6D58 061:293.640   - 0.076ms returns 0
T6D58 061:344.216   JLINK_RTTERMINAL_Read(BufferIndex = 0, BufferSize = 0x00010000)
T6D58 061:344.312   - 0.097ms returns 0
T6D34 061:350.728 JLINK_IsHalted()
T6D34 061:351.624 - 0.897ms returns FALSE
T6D34 061:351.668 JLINK_IsHalted()
T6D34 061:352.216 - 0.549ms returns FALSE
T6D58 061:396.344   JLINK_RTTERMINAL_Read(BufferIndex = 0, BufferSize = 0x00010000)
T6D58 061:396.456   - 0.109ms returns 0
T6D58 061:448.820   JLINK_RTTERMINAL_Read(BufferIndex = 0, BufferSize = 0x00010000)
T6D58 061:448.896   - 0.082ms returns 0
T6D34 061:464.308 JLINK_IsHalted()
T6D34 061:464.984 - 0.679ms returns FALSE
T6D34 061:465.036 JLINK_IsHalted()
T6D34 061:465.792 - 0.758ms returns FALSE
T6D58 061:500.664   JLINK_RTTERMINAL_Read(BufferIndex = 0, BufferSize = 0x00010000)
T6D58 061:500.744   - 0.077ms returns 0
T6D58 061:551.688   JLINK_RTTERMINAL_Read(BufferIndex = 0, BufferSize = 0x00010000)
T6D58 061:551.764   - 0.073ms returns 0
T5770 061:565.496 JLINK_IsHalted()
T5770 061:566.216 - 0.716ms returns FALSE
T5770 061:566.272 JLINK_IsHalted()
T5770 061:567.040 - 0.766ms returns FALSE
T6D34 061:570.072 JLINK_IsHalted()
T6D34 061:571.008 - 0.932ms returns FALSE
T6D34 061:571.072 JLINK_IsHalted()
T6D34 061:571.880 - 0.808ms returns FALSE
T6D58 061:603.080   JLINK_RTTERMINAL_Read(BufferIndex = 0, BufferSize = 0x00010000)
T6D58 061:603.176   - 0.094ms returns 0
T6D58 061:654.376   JLINK_RTTERMINAL_Read(BufferIndex = 0, BufferSize = 0x00010000)
T6D58 061:654.456   - 0.080ms returns 0
T6D34 061:678.624 JLINK_IsHalted()
T6D34 061:679.488 - 0.858ms returns FALSE
T6D34 061:679.532 JLINK_IsHalted()
T6D34 061:680.212 - 0.680ms returns FALSE
T6D58 061:705.128   JLINK_RTTERMINAL_Read(BufferIndex = 0, BufferSize = 0x00010000)
T6D58 061:705.224   - 0.098ms returns 0
T6D58 061:756.224   JLINK_RTTERMINAL_Read(BufferIndex = 0, BufferSize = 0x00010000)
T6D58 061:756.352   - 0.125ms returns 0
T6D34 061:788.448 JLINK_IsHalted()
T6D34 061:790.068 - 1.612ms returns FALSE
T6D34 061:790.188 JLINK_IsHalted()
T6D34 061:790.700 - 0.508ms returns FALSE
T6D58 061:807.384   JLINK_RTTERMINAL_Read(BufferIndex = 0, BufferSize = 0x00010000)
T6D58 061:807.480   - 0.095ms returns 0
T6D58 061:858.924   JLINK_RTTERMINAL_Read(BufferIndex = 0, BufferSize = 0x00010000)
T6D58 061:859.028   - 0.105ms returns 0
T6D34 061:897.492 JLINK_IsHalted()
T6D34 061:899.160 - 1.667ms returns FALSE
T6D34 061:899.284 JLINK_IsHalted()
T6D34 061:900.768 - 1.482ms returns FALSE
T6D58 061:909.676   JLINK_RTTERMINAL_Read(BufferIndex = 0, BufferSize = 0x00010000)
T6D58 061:909.772   - 0.097ms returns 0
T6D58 061:961.044   JLINK_RTTERMINAL_Read(BufferIndex = 0, BufferSize = 0x00010000)
T6D58 061:961.128   - 0.086ms returns 0
T6D34 062:008.792 JLINK_IsHalted()
T6D34 062:010.156 - 1.359ms returns FALSE
T6D34 062:010.216 JLINK_IsHalted()
T6D34 062:010.924 - 0.714ms returns FALSE
T6D58 062:012.504   JLINK_RTTERMINAL_Read(BufferIndex = 0, BufferSize = 0x00010000)
T6D58 062:012.568   - 0.059ms returns 0
T6D58 062:063.048   JLINK_RTTERMINAL_Read(BufferIndex = 0, BufferSize = 0x00010000)
T6D58 062:063.156   - 0.106ms returns 0
T6D58 062:114.168   JLINK_RTTERMINAL_Read(BufferIndex = 0, BufferSize = 0x00010000)
T6D58 062:114.272   - 0.100ms returns 0
T6D34 062:116.928 JLINK_IsHalted()
T6D34 062:117.984 - 1.055ms returns FALSE
T6D34 062:118.056 JLINK_IsHalted()
T6D34 062:118.868 - 0.809ms returns FALSE
T6D58 062:165.420   JLINK_RTTERMINAL_Read(BufferIndex = 0, BufferSize = 0x00010000)
T6D58 062:165.512   - 0.090ms returns 0
T6D58 062:216.032   JLINK_RTTERMINAL_Read(BufferIndex = 0, BufferSize = 0x00010000)
T6D58 062:216.096   - 0.061ms returns 0
T6D34 062:226.408 JLINK_IsHalted()
T6D34 062:227.156 - 0.744ms returns FALSE
T6D34 062:227.200 JLINK_IsHalted()
T6D34 062:227.944 - 0.746ms returns FALSE
T6D58 062:267.304   JLINK_RTTERMINAL_Read(BufferIndex = 0, BufferSize = 0x00010000)
T6D58 062:267.380   - 0.082ms returns 0
T6D58 062:318.644   JLINK_RTTERMINAL_Read(BufferIndex = 0, BufferSize = 0x00010000)
T6D58 062:318.740   - 0.095ms returns 0
T6D34 062:334.764 JLINK_IsHalted()
T6D34 062:335.768 - 1.004ms returns FALSE
T6D34 062:335.828 JLINK_IsHalted()
T6D34 062:337.172 - 1.344ms returns FALSE
T6D58 062:370.220   JLINK_RTTERMINAL_Read(BufferIndex = 0, BufferSize = 0x00010000)
T6D58 062:370.296   - 0.080ms returns 0
T6D58 062:420.960   JLINK_RTTERMINAL_Read(BufferIndex = 0, BufferSize = 0x00010000)
T6D58 062:421.056   - 0.097ms returns 0
T6D34 062:445.144 JLINK_IsHalted()
T6D34 062:446.232 - 1.087ms returns FALSE
T6D34 062:446.344 JLINK_IsHalted()
T6D34 062:446.968 - 0.625ms returns FALSE
T6D58 062:472.148   JLINK_RTTERMINAL_Read(BufferIndex = 0, BufferSize = 0x00010000)
T6D58 062:472.236   - 0.094ms returns 0
T6D58 062:523.176   JLINK_RTTERMINAL_Read(BufferIndex = 0, BufferSize = 0x00010000)
T6D58 062:523.264   - 0.094ms returns 0
T6D34 062:554.124 JLINK_IsHalted()
T6D34 062:555.192 - 1.069ms returns FALSE
T6D34 062:555.276 JLINK_IsHalted()
T6D34 062:556.000 - 0.720ms returns FALSE
T5770 062:567.768 JLINK_IsHalted()
T5770 062:568.628 - 0.856ms returns FALSE
T5770 062:568.724 JLINK_IsHalted()
T5770 062:569.576 - 0.847ms returns FALSE
T6D58 062:574.600   JLINK_RTTERMINAL_Read(BufferIndex = 0, BufferSize = 0x00010000)
T6D58 062:574.680   - 0.084ms returns 0
T6D58 062:626.200   JLINK_RTTERMINAL_Read(BufferIndex = 0, BufferSize = 0x00010000)
T6D58 062:626.296   - 0.093ms returns 0
T6D34 062:663.180 JLINK_IsHalted()
T6D34 062:663.924 - 0.743ms returns FALSE
T6D34 062:663.976 JLINK_IsHalted()
T6D34 062:664.692 - 0.715ms returns FALSE
T6D58 062:677.216   JLINK_RTTERMINAL_Read(BufferIndex = 0, BufferSize = 0x00010000)
T6D58 062:677.336   - 0.126ms returns 0
T6D58 062:728.296   JLINK_RTTERMINAL_Read(BufferIndex = 0, BufferSize = 0x00010000)
T6D58 062:728.392   - 0.095ms returns 0
T6D34 062:772.532 JLINK_IsHalted()
T6D34 062:773.728 - 1.197ms returns FALSE
T6D34 062:773.816 JLINK_IsHalted()
T6D34 062:774.504 - 0.684ms returns FALSE
T6D58 062:779.800   JLINK_RTTERMINAL_Read(BufferIndex = 0, BufferSize = 0x00010000)
T6D58 062:779.896   - 0.101ms returns 0
T6D58 062:831.320   JLINK_RTTERMINAL_Read(BufferIndex = 0, BufferSize = 0x00010000)
T6D58 062:831.448   - 0.130ms returns 0
T6D34 062:882.260 JLINK_IsHalted()
T6D34 062:882.872 - 0.613ms returns FALSE
T6D58 062:882.956   JLINK_RTTERMINAL_Read(BufferIndex = 0, BufferSize = 0x00010000)
T6D58 062:883.060   - 0.102ms returns 0
T6D34 062:883.328 JLINK_IsHalted()
T6D34 062:884.840 - 1.505ms returns FALSE
T6D58 062:934.220   JLINK_RTTERMINAL_Read(BufferIndex = 0, BufferSize = 0x00010000)
T6D58 062:934.304   - 0.083ms returns 0
T6D58 062:985.300   JLINK_RTTERMINAL_Read(BufferIndex = 0, BufferSize = 0x00010000)
T6D58 062:985.356   - 0.056ms returns 0
T6D34 062:991.916 JLINK_IsHalted()
T6D34 062:992.696 - 0.776ms returns FALSE
T6D34 062:992.744 JLINK_IsHalted()
T6D34 062:993.568 - 0.826ms returns FALSE
T6D58 063:036.672   JLINK_RTTERMINAL_Read(BufferIndex = 0, BufferSize = 0x00010000)
T6D58 063:036.756   - 0.084ms returns 0
T6D58 063:087.532   JLINK_RTTERMINAL_Read(BufferIndex = 0, BufferSize = 0x00010000)
T6D58 063:087.636   - 0.102ms returns 0
T6D34 063:101.112 JLINK_IsHalted()
T6D34 063:101.944 - 0.833ms returns FALSE
T6D34 063:102.008 JLINK_IsHalted()
T6D34 063:102.744 - 0.735ms returns FALSE
T6D58 063:138.472   JLINK_RTTERMINAL_Read(BufferIndex = 0, BufferSize = 0x00010000)
T6D58 063:138.616   - 0.144ms returns 0
T6D58 063:190.016   JLINK_RTTERMINAL_Read(BufferIndex = 0, BufferSize = 0x00010000)
T6D58 063:190.112   - 0.099ms returns 0
T6D34 063:210.944 JLINK_IsHalted()
T6D34 063:211.796 - 0.846ms returns FALSE
T6D34 063:211.872 JLINK_IsHalted()
T6D34 063:212.424 - 0.547ms returns FALSE
T6D58 063:241.240   JLINK_RTTERMINAL_Read(BufferIndex = 0, BufferSize = 0x00010000)
T6D58 063:241.324   - 0.083ms returns 0
T6D58 063:291.852   JLINK_RTTERMINAL_Read(BufferIndex = 0, BufferSize = 0x00010000)
T6D58 063:291.988   - 0.138ms returns 0
T6D34 063:321.196 JLINK_IsHalted()
T6D34 063:321.996 - 0.794ms returns FALSE
T6D34 063:322.144 JLINK_IsHalted()
T6D34 063:322.664 - 0.515ms returns FALSE
T6D58 063:343.092   JLINK_RTTERMINAL_Read(BufferIndex = 0, BufferSize = 0x00010000)
T6D58 063:343.180   - 0.091ms returns 0
T6D58 063:394.088   JLINK_RTTERMINAL_Read(BufferIndex = 0, BufferSize = 0x00010000)
T6D58 063:394.168   - 0.082ms returns 0
T6D34 063:428.952 JLINK_IsHalted()
T6D34 063:430.028 - 1.073ms returns FALSE
T6D34 063:430.088 JLINK_IsHalted()
T6D34 063:430.616 - 0.534ms returns FALSE
T6D58 063:445.300   JLINK_RTTERMINAL_Read(BufferIndex = 0, BufferSize = 0x00010000)
T6D58 063:445.388   - 0.092ms returns 0
T6D58 063:496.664   JLINK_RTTERMINAL_Read(BufferIndex = 0, BufferSize = 0x00010000)
T6D58 063:496.756   - 0.094ms returns 0
T6D34 063:538.304 JLINK_IsHalted()
T6D34 063:539.500 - 1.193ms returns FALSE
T6D34 063:539.608 JLINK_IsHalted()
T6D34 063:540.808 - 1.198ms returns FALSE
T6D58 063:548.140   JLINK_RTTERMINAL_Read(BufferIndex = 0, BufferSize = 0x00010000)
T6D58 063:548.248   - 0.108ms returns 0
T5770 063:570.616 JLINK_IsHalted()
T5770 063:571.256 - 0.644ms returns FALSE
T5770 063:571.336 JLINK_IsHalted()
T5770 063:572.072 - 0.736ms returns FALSE
T6D58 063:598.700   JLINK_RTTERMINAL_Read(BufferIndex = 0, BufferSize = 0x00010000)
T6D58 063:598.796   - 0.097ms returns 0
T6D34 063:647.372 JLINK_IsHalted()
T6D34 063:648.224 - 0.847ms returns FALSE
T6D34 063:648.320 JLINK_IsHalted()
T6D34 063:649.420 - 1.098ms returns FALSE
T6D58 063:649.472   JLINK_RTTERMINAL_Read(BufferIndex = 0, BufferSize = 0x00010000)
T6D58 063:649.588   - 0.116ms returns 0
T6D58 063:701.352   JLINK_RTTERMINAL_Read(BufferIndex = 0, BufferSize = 0x00010000)
T6D58 063:701.448   - 0.099ms returns 0
T6D58 063:752.568   JLINK_RTTERMINAL_Read(BufferIndex = 0, BufferSize = 0x00010000)
T6D58 063:752.696   - 0.125ms returns 0
T6D34 063:759.072 JLINK_IsHalted()
T6D34 063:759.992 - 0.924ms returns FALSE
T6D34 063:760.096 JLINK_IsHalted()
T6D34 063:761.088 - 0.990ms returns FALSE
T6D58 063:803.544   JLINK_RTTERMINAL_Read(BufferIndex = 0, BufferSize = 0x00010000)
T6D58 063:803.680   - 0.138ms returns 0
T6D58 063:855.112   JLINK_RTTERMINAL_Read(BufferIndex = 0, BufferSize = 0x00010000)
T6D58 063:855.192   - 0.087ms returns 0
T6D34 063:866.560 JLINK_IsHalted()
T6D34 063:867.444 - 0.882ms returns FALSE
T6D34 063:867.500 JLINK_IsHalted()
T6D34 063:868.140 - 0.639ms returns FALSE
T6D58 063:906.016   JLINK_RTTERMINAL_Read(BufferIndex = 0, BufferSize = 0x00010000)
T6D58 063:906.100   - 0.084ms returns 0
T6D58 063:956.780   JLINK_RTTERMINAL_Read(BufferIndex = 0, BufferSize = 0x00010000)
T6D58 063:956.916   - 0.129ms returns 0
T6D34 063:976.148 JLINK_IsHalted()
T6D34 063:976.856 - 0.707ms returns FALSE
T6D34 063:976.928 JLINK_IsHalted()
T6D34 063:977.720 - 0.791ms returns FALSE
T6D58 064:008.232   JLINK_RTTERMINAL_Read(BufferIndex = 0, BufferSize = 0x00010000)
T6D58 064:008.376   - 0.142ms returns 0
T6D58 064:059.864   JLINK_RTTERMINAL_Read(BufferIndex = 0, BufferSize = 0x00010000)
T6D58 064:059.968   - 0.104ms returns 0
T6D34 064:085.748 JLINK_IsHalted()
T6D34 064:087.200 - 1.452ms returns FALSE
T6D34 064:087.256 JLINK_IsHalted()
T6D34 064:088.364 - 1.102ms returns FALSE
T6D58 064:113.944   JLINK_RTTERMINAL_Read(BufferIndex = 0, BufferSize = 0x00010000)
T6D58 064:114.024   - 0.073ms returns 0
T6D58 064:165.196   JLINK_RTTERMINAL_Read(BufferIndex = 0, BufferSize = 0x00010000)
T6D58 064:165.336   - 0.141ms returns 0
T6D34 064:194.280 JLINK_IsHalted()
T6D34 064:195.528 - 1.247ms returns FALSE
T6D34 064:195.624 JLINK_IsHalted()
T6D34 064:196.120 - 0.500ms returns FALSE
T6D58 064:216.564   JLINK_RTTERMINAL_Read(BufferIndex = 0, BufferSize = 0x00010000)
T6D58 064:216.652   - 0.092ms returns 0
T6D58 064:267.284   JLINK_RTTERMINAL_Read(BufferIndex = 0, BufferSize = 0x00010000)
T6D58 064:267.392   - 0.109ms returns 0
T6D34 064:304.072 JLINK_IsHalted()
T6D34 064:305.068 - 0.995ms returns FALSE
T6D34 064:305.112 JLINK_IsHalted()
T6D34 064:305.952 - 0.835ms returns FALSE
T6D58 064:318.048   JLINK_RTTERMINAL_Read(BufferIndex = 0, BufferSize = 0x00010000)
T6D58 064:318.156   - 0.105ms returns 0
T6D58 064:368.808   JLINK_RTTERMINAL_Read(BufferIndex = 0, BufferSize = 0x00010000)
T6D58 064:368.876   - 0.068ms returns 0
T6D34 064:413.324 JLINK_IsHalted()
T6D34 064:414.240 - 0.919ms returns FALSE
T6D34 064:414.304 JLINK_IsHalted()
T6D34 064:414.996 - 0.684ms returns FALSE
T6D58 064:419.404   JLINK_RTTERMINAL_Read(BufferIndex = 0, BufferSize = 0x00010000)
T6D58 064:419.528   - 0.123ms returns 0
T6D58 064:470.260   JLINK_RTTERMINAL_Read(BufferIndex = 0, BufferSize = 0x00010000)
T6D58 064:470.348   - 0.088ms returns 0
T6D58 064:521.280   JLINK_RTTERMINAL_Read(BufferIndex = 0, BufferSize = 0x00010000)
T6D58 064:521.384   - 0.099ms returns 0
T6D34 064:523.116 JLINK_IsHalted()
T6D34 064:524.040 - 0.922ms returns FALSE
T6D34 064:524.088 JLINK_IsHalted()
T6D34 064:524.852 - 0.755ms returns FALSE
T6D58 064:572.532   JLINK_RTTERMINAL_Read(BufferIndex = 0, BufferSize = 0x00010000)
T6D58 064:572.664   - 0.140ms returns 0
T5770 064:573.376 JLINK_IsHalted()
T5770 064:574.496 - 1.116ms returns FALSE
T5770 064:574.560 JLINK_IsHalted()
T5770 064:575.224 - 0.658ms returns FALSE
T6D58 064:623.264   JLINK_RTTERMINAL_Read(BufferIndex = 0, BufferSize = 0x00010000)
T6D58 064:623.360   - 0.095ms returns 0
T6D34 064:634.504 JLINK_IsHalted()
T6D34 064:635.208 - 0.706ms returns FALSE
T6D34 064:635.256 JLINK_IsHalted()
T6D34 064:635.976 - 0.714ms returns FALSE
T6D58 064:673.912   JLINK_RTTERMINAL_Read(BufferIndex = 0, BufferSize = 0x00010000)
T6D58 064:674.080   - 0.170ms returns 0
T6D58 064:725.512   JLINK_RTTERMINAL_Read(BufferIndex = 0, BufferSize = 0x00010000)
T6D58 064:725.608   - 0.097ms returns 0
T6D34 064:741.076 JLINK_IsHalted()
T6D34 064:741.760 - 0.682ms returns FALSE
T6D34 064:741.812 JLINK_IsHalted()
T6D34 064:742.712 - 0.901ms returns FALSE
T6D58 064:777.600   JLINK_RTTERMINAL_Read(BufferIndex = 0, BufferSize = 0x00010000)
T6D58 064:777.684   - 0.085ms returns 0
T6D58 064:828.832   JLINK_RTTERMINAL_Read(BufferIndex = 0, BufferSize = 0x00010000)
T6D58 064:828.936   - 0.098ms returns 0
T6D34 064:851.048 JLINK_IsHalted()
T6D34 064:851.860 - 0.818ms returns FALSE
T6D34 064:851.912 JLINK_IsHalted()
T6D34 064:852.628 - 0.714ms returns FALSE
T6D58 064:879.732   JLINK_RTTERMINAL_Read(BufferIndex = 0, BufferSize = 0x00010000)
T6D58 064:879.880   - 0.146ms returns 0
T6D58 064:931.340   JLINK_RTTERMINAL_Read(BufferIndex = 0, BufferSize = 0x00010000)
T6D58 064:931.464   - 0.121ms returns 0
T6D34 064:963.048 JLINK_IsHalted()
T6D34 064:963.752 - 0.706ms returns FALSE
T6D34 064:963.820 JLINK_IsHalted()
T6D34 064:964.628 - 0.803ms returns FALSE
T6D58 064:982.644   JLINK_RTTERMINAL_Read(BufferIndex = 0, BufferSize = 0x00010000)
T6D58 064:982.760   - 0.117ms returns 0
T6D58 065:033.908   JLINK_RTTERMINAL_Read(BufferIndex = 0, BufferSize = 0x00010000)
T6D58 065:033.984   - 0.077ms returns 0
T6D34 065:069.224 JLINK_IsHalted()
T6D34 065:070.208 - 0.986ms returns FALSE
T6D34 065:070.284 JLINK_IsHalted()
T6D34 065:070.968 - 0.685ms returns FALSE
T6D58 065:085.248   JLINK_RTTERMINAL_Read(BufferIndex = 0, BufferSize = 0x00010000)
T6D58 065:085.332   - 0.085ms returns 0
T6D58 065:136.428   JLINK_RTTERMINAL_Read(BufferIndex = 0, BufferSize = 0x00010000)
T6D58 065:136.536   - 0.108ms returns 0
T6D34 065:181.832 JLINK_IsHalted()
T6D34 065:183.192 - 1.365ms returns FALSE
T6D34 065:183.252 JLINK_IsHalted()
T6D34 065:184.524 - 1.274ms returns FALSE
T6D58 065:187.960   JLINK_RTTERMINAL_Read(BufferIndex = 0, BufferSize = 0x00010000)
T6D58 065:188.052   - 0.091ms returns 0
T6D58 065:239.500   JLINK_RTTERMINAL_Read(BufferIndex = 0, BufferSize = 0x00010000)
T6D58 065:239.592   - 0.092ms returns 0
T6D34 065:288.032 JLINK_IsHalted()
T6D34 065:288.704 - 0.672ms returns FALSE
T6D34 065:288.748 JLINK_IsHalted()
T6D34 065:289.672 - 0.920ms returns FALSE
T6D58 065:290.264   JLINK_RTTERMINAL_Read(BufferIndex = 0, BufferSize = 0x00010000)
T6D58 065:290.312   - 0.045ms returns 0
T6D58 065:341.236   JLINK_RTTERMINAL_Read(BufferIndex = 0, BufferSize = 0x00010000)
T6D58 065:341.384   - 0.152ms returns 0
T6D58 065:392.872   JLINK_RTTERMINAL_Read(BufferIndex = 0, BufferSize = 0x00010000)
T6D58 065:393.036   - 0.166ms returns 0
T6D34 065:397.800 JLINK_IsHalted()
T6D34 065:398.796 - 0.997ms returns FALSE
T6D34 065:400.256 JLINK_IsHalted()
T6D34 065:401.288 - 1.035ms returns FALSE
T6D58 065:444.392   JLINK_RTTERMINAL_Read(BufferIndex = 0, BufferSize = 0x00010000)
T6D58 065:444.488   - 0.096ms returns 0
T6D58 065:495.288   JLINK_RTTERMINAL_Read(BufferIndex = 0, BufferSize = 0x00010000)
T6D58 065:495.424   - 0.135ms returns 0
T6D34 065:507.340 JLINK_IsHalted()
T6D34 065:508.244 - 0.905ms returns FALSE
T6D34 065:508.312 JLINK_IsHalted()
T6D34 065:509.024 - 0.707ms returns FALSE
T6D58 065:546.764   JLINK_RTTERMINAL_Read(BufferIndex = 0, BufferSize = 0x00010000)
T6D58 065:546.936   - 0.172ms returns 0
T5770 065:576.364 JLINK_IsHalted()
T5770 065:577.548 - 1.183ms returns FALSE
T5770 065:577.640 JLINK_IsHalted()
T5770 065:578.208 - 0.565ms returns FALSE
T6D58 065:598.392   JLINK_RTTERMINAL_Read(BufferIndex = 0, BufferSize = 0x00010000)
T6D58 065:598.496   - 0.101ms returns 0
T6D34 065:616.896 JLINK_IsHalted()
T6D34 065:617.800 - 0.896ms returns FALSE
T6D34 065:617.880 JLINK_IsHalted()
T6D34 065:618.496 - 0.616ms returns FALSE
T6D58 065:649.336   JLINK_RTTERMINAL_Read(BufferIndex = 0, BufferSize = 0x00010000)
T6D58 065:649.416   - 0.080ms returns 0
T6D58 065:700.200   JLINK_RTTERMINAL_Read(BufferIndex = 0, BufferSize = 0x00010000)
T6D58 065:700.296   - 0.094ms returns 0
T6D34 065:726.040 JLINK_IsHalted()
T6D34 065:726.696 - 0.651ms returns FALSE
T6D34 065:726.760 JLINK_IsHalted()
T6D34 065:727.732 - 0.970ms returns FALSE
T6D58 065:751.176   JLINK_RTTERMINAL_Read(BufferIndex = 0, BufferSize = 0x00010000)
T6D58 065:751.276   - 0.099ms returns 0
T6D58 065:802.424   JLINK_RTTERMINAL_Read(BufferIndex = 0, BufferSize = 0x00010000)
T6D58 065:802.536   - 0.107ms returns 0
T6D34 065:835.488 JLINK_IsHalted()
T6D34 065:836.704 - 1.220ms returns FALSE
T6D34 065:836.776 JLINK_IsHalted()
T6D34 065:837.612 - 0.837ms returns FALSE
T6D58 065:853.352   JLINK_RTTERMINAL_Write(BufferIndex = 0, BufferSize = 0x00000001)
T6D58 065:853.448     CPU_ReadMem(24 bytes @ 0x20004AAC)
T6D58 065:854.548     CPU_WriteMem(1 bytes @ 0x200052F4)
T6D58 065:855.284     CPU_WriteMem(4 bytes @ 0x20004AB8)
T6D58 065:856.088   - 2.735ms returns 1
T6D58 065:857.132   JLINK_RTTERMINAL_Read(BufferIndex = 0, BufferSize = 0x00010000)
T6D58 065:857.192   - 0.055ms returns 0
T6D58 065:907.736   JLINK_RTTERMINAL_Read(BufferIndex = 0, BufferSize = 0x00010000)
T6D58 065:907.832   - 0.099ms returns 0
T6D34 065:944.192 JLINK_IsHalted()
T6D34 065:945.064 - 0.872ms returns FALSE
T6D34 065:945.132 JLINK_IsHalted()
T6D34 065:945.868 - 0.732ms returns FALSE
T6D58 065:959.956   JLINK_RTTERMINAL_Read(BufferIndex = 0, BufferSize = 0x00010000)
T6D58 065:960.040   - 0.081ms returns 0
T6D58 066:011.372   JLINK_RTTERMINAL_Read(BufferIndex = 0, BufferSize = 0x00010000)
T6D58 066:011.468   - 0.095ms returns 0
T6D34 066:054.144 JLINK_IsHalted()
T6D34 066:054.988 - 0.839ms returns FALSE
T6D34 066:055.084 JLINK_IsHalted()
T6D34 066:055.668 - 0.582ms returns FALSE
T6D58 066:063.220   JLINK_RTTERMINAL_Read(BufferIndex = 0, BufferSize = 0x00010000)
T6D58 066:063.304   - 0.079ms returns 0
T6D58 066:115.404   JLINK_RTTERMINAL_Read(BufferIndex = 0, BufferSize = 0x00010000)
T6D58 066:115.496   - 0.090ms returns 0
T6D34 066:164.000 JLINK_IsHalted()
T6D34 066:164.768 - 0.764ms returns FALSE
T6D34 066:164.824 JLINK_IsHalted()
T6D34 066:165.536 - 0.712ms returns FALSE
T6D58 066:167.936   JLINK_RTTERMINAL_Read(BufferIndex = 0, BufferSize = 0x00010000)
T6D58 066:168.020   - 0.086ms returns 0
T6D58 066:220.216   JLINK_RTTERMINAL_Read(BufferIndex = 0, BufferSize = 0x00010000)
T6D58 066:220.308   - 0.091ms returns 0
T6D58 066:271.304   JLINK_RTTERMINAL_Read(BufferIndex = 0, BufferSize = 0x00010000)
T6D58 066:271.456   - 0.153ms returns 0
T6D34 066:273.032 JLINK_IsHalted()
T6D34 066:274.080 - 1.046ms returns FALSE
T6D34 066:274.124 JLINK_IsHalted()
T6D34 066:274.804 - 0.674ms returns FALSE
T6D58 066:322.696   JLINK_RTTERMINAL_Read(BufferIndex = 0, BufferSize = 0x00010000)
T6D58 066:322.776   - 0.086ms returns 0
T6D58 066:373.652   JLINK_RTTERMINAL_Read(BufferIndex = 0, BufferSize = 0x00010000)
T6D58 066:373.752   - 0.102ms returns 0
T6D34 066:382.240 JLINK_IsHalted()
T6D34 066:383.308 - 1.065ms returns FALSE
T6D34 066:383.372 JLINK_IsHalted()
T6D34 066:384.024 - 0.655ms returns FALSE
T6D58 066:424.632   JLINK_RTTERMINAL_Read(BufferIndex = 0, BufferSize = 0x00010000)
T6D58 066:424.716   - 0.080ms returns 0
T6D58 066:475.520   JLINK_RTTERMINAL_Read(BufferIndex = 0, BufferSize = 0x00010000)
T6D58 066:475.624   - 0.110ms returns 0
T6D34 066:496.276 JLINK_IsHalted()
T6D34 066:501.928 - 5.645ms returns TRUE
T6D34 066:502.040 JLINK_ReadReg(XPSR)
T6D34 066:502.092   CPU_ReadMem(4 bytes @ 0xE000EE08)
T6D34 066:502.744 - 0.703ms returns 0x61000000
T6D34 066:502.856 JLINK_ReadReg(R15 (PC))
T6D34 066:502.900 - 0.045ms returns 0x0000143A
T6D34 066:502.952 JLINK_ReadReg(XPSR)
T6D34 066:502.984 - 0.033ms returns 0x61000000
T6D34 066:503.000 JLINK_ReadReg(XPSR)
T6D34 066:503.020 - 0.017ms returns 0x61000000
T6D34 066:503.032 JLINK_ReadReg(R15 (PC))
T6D34 066:503.052 - 0.019ms returns 0x0000143A
T6D34 066:503.072 JLINK_ReadReg(XPSR)
T6D34 066:503.092 - 0.017ms returns 0x61000000
T6D34 066:503.112 JLINK_ReadReg(XPSR)
T6D34 066:503.128 - 0.019ms returns 0x61000000
T6D34 066:503.148 JLINK_ReadMem(0x0000143A, 0x1 Bytes, ...)
T6D34 066:503.168    -- Read from flash cache (1 bytes @ 0x0000143A)
T6D34 066:503.220   Data:  01
T6D34 066:503.252 - 0.104ms returns 0
T6D34 066:503.272 JLINK_IsHalted()
T6D34 066:503.288 - 0.018ms returns TRUE
T6D34 066:503.308 JLINK_ReadReg(XPSR)
T6D34 066:503.328 - 0.018ms returns 0x61000000
T6D34 066:503.348 JLINK_ReadReg(XPSR)
T6D34 066:503.368 - 0.016ms returns 0x61000000
T6D34 066:503.380 JLINK_ReadReg(R15 (PC))
T6D34 066:503.400 - 0.016ms returns 0x0000143A
T6D34 066:503.412 JLINK_ReadReg(XPSR)
T6D34 066:503.432 - 0.016ms returns 0x61000000
T6D34 066:503.444 JLINK_ReadReg(XPSR)
T6D34 066:503.464 - 0.016ms returns 0x61000000
T6D34 066:503.476 JLINK_ReadMem(0x0000143A, 0x1 Bytes, ...)
T6D34 066:503.496    -- Read from flash cache (1 bytes @ 0x0000143A)
T6D34 066:503.520   Data:  01
T6D34 066:503.544 - 0.065ms returns 0
T6D34 066:503.616 JLINK_IsHalted()
T6D34 066:503.636 - 0.018ms returns TRUE
T6D34 066:503.656 JLINK_ReadReg(XPSR)
T6D34 066:503.668 - 0.016ms returns 0x61000000
T6D34 066:503.688 JLINK_ReadReg(R15 (PC))
T6D34 066:503.700 - 0.016ms returns 0x0000143A
T6D34 066:503.720 JLINK_ReadReg(XPSR)
T6D34 066:503.736 - 0.016ms returns 0x61000000
T6D34 066:503.752 JLINK_ReadReg(XPSR)
T6D34 066:503.768 - 0.016ms returns 0x61000000
T6D34 066:503.784 JLINK_ReadReg(R15 (PC))
T6D34 066:503.800 - 0.016ms returns 0x0000143A
T6D34 066:503.816 JLINK_ReadReg(XPSR)
T6D34 066:503.832 - 0.016ms returns 0x61000000
T6D34 066:503.852 JLINK_ReadReg(XPSR)
T6D34 066:503.864 - 0.016ms returns 0x61000000
T6D34 066:503.884 JLINK_ReadMem(0x0000143A, 0x1 Bytes, ...)
T6D34 066:503.896    -- Read from flash cache (1 bytes @ 0x0000143A)
T6D34 066:503.924   Data:  01
T6D34 066:503.944 - 0.063ms returns 0
T6D34 066:503.960 JLINK_IsHalted()
T6D34 066:503.976 - 0.015ms returns TRUE
T6D34 066:503.992 JLINK_ReadReg(XPSR)
T6D34 066:504.012 - 0.018ms returns 0x61000000
T6D34 066:504.032 JLINK_ReadReg(XPSR)
T6D34 066:504.044 - 0.016ms returns 0x61000000
T6D34 066:504.064 JLINK_ReadReg(R15 (PC))
T6D34 066:504.076 - 0.016ms returns 0x0000143A
T6D34 066:504.096 JLINK_ReadReg(XPSR)
T6D34 066:504.116 - 0.018ms returns 0x61000000
T6D34 066:504.136 JLINK_ReadReg(XPSR)
T6D34 066:504.148 - 0.018ms returns 0x61000000
T6D34 066:504.168 JLINK_ReadMem(0x0000143A, 0x1 Bytes, ...)
T6D34 066:504.184    -- Read from flash cache (1 bytes @ 0x0000143A)
T6D34 066:504.236   Data:  01
T6D34 066:504.268 - 0.103ms returns 0
T6D34 066:505.312 JLINK_ReadRegs(NumRegs = 22)
T6D34 066:505.440   
  R0 (0)        = 0x00                 R1 (1)        = 0x40078000           R2 (2)        = 0x10E5               R3 (3)        = 0x00              
  R4 (4)        = 0x00                 R5 (5)        = 0x10E5               R6 (6)        = 0x10                 R7 (7)        = 0x20004A20        
  R8 (8)        = 0x00                 R9 (9)        = 0x40008668           R10 (10)      = 0x00                 R11 (11)      = 0x00              
  R12 (12)      = 0x7FFFFFFF           R13 (SP) (13) = 0x20004A18           R14 (14)      = 0x11AD               R15 (PC) (15) = 0x143A            
  XPSR (16)     = 0x61000000           MSPLIM (86)   = 0x00                 PSPLIM (87)   = 0x00                 CFBP (20)     = 0x00              
  R0 (0)        = 0x00                 R1 (1)        = 0x40078000        
T6D34 066:505.496 - 0.188ms returns 0x00
T6D34 066:507.928 JLINK_ReadMem(0x0000143A, 0x4 Bytes, ...)
T6D34 066:508.008    -- Read from flash cache (4 bytes @ 0x0000143A)
T6D34 066:508.032   Data:  01 98 00 28
T6D34 066:508.064 - 0.134ms returns 0
T5770 066:511.572 JLINK_IsHalted()
T5770 066:511.680 - 0.097ms returns TRUE
T5770 066:511.704 JLINK_ReadReg(XPSR)
T5770 066:511.732 - 0.026ms returns 0x61000000
T5770 066:511.752 JLINK_ReadReg(R15 (PC))
T5770 066:511.768 - 0.018ms returns 0x0000143A
T5770 066:511.788 JLINK_ReadReg(XPSR)
T5770 066:511.808 - 0.018ms returns 0x61000000
T5770 066:511.828 JLINK_ReadReg(XPSR)
T5770 066:511.848 - 0.017ms returns 0x61000000
T5770 066:511.864 JLINK_ReadReg(R15 (PC))
T5770 066:511.884 - 0.018ms returns 0x0000143A
T5770 066:511.904 JLINK_ReadReg(XPSR)
T5770 066:511.928 - 0.026ms returns 0x61000000
T5770 066:511.956 JLINK_ReadReg(XPSR)
T5770 066:511.980 - 0.023ms returns 0x61000000
T5770 066:512.008 JLINK_ReadMem(0x0000143A, 0x1 Bytes, ...)
T5770 066:512.032    -- Read from flash cache (1 bytes @ 0x0000143A)
T5770 066:512.056   Data:  01
T5770 066:512.084 - 0.074ms returns 0
T5770 066:512.104 JLINK_IsHalted()
T5770 066:512.120 - 0.021ms returns TRUE
T5770 066:512.148 JLINK_ReadReg(XPSR)
T5770 066:512.172 - 0.026ms returns 0x61000000
T5770 066:512.192 JLINK_ReadReg(XPSR)
T5770 066:512.212 - 0.018ms returns 0x61000000
T5770 066:512.232 JLINK_ReadReg(R15 (PC))
T5770 066:512.248 - 0.019ms returns 0x0000143A
T5770 066:512.276 JLINK_ReadReg(XPSR)
T5770 066:512.312 - 0.038ms returns 0x61000000
T5770 066:512.332 JLINK_ReadReg(XPSR)
T5770 066:512.352 - 0.017ms returns 0x61000000
T5770 066:512.372 JLINK_ReadMem(0x0000143A, 0x1 Bytes, ...)
T5770 066:512.392    -- Read from flash cache (1 bytes @ 0x0000143A)
T5770 066:512.440   Data:  01
T5770 066:512.492 - 0.125ms returns 0
T6D58 066:526.272   JLINK_RTTERMINAL_Read(BufferIndex = 0, BufferSize = 0x00010000)
T6D58 066:526.360   - 0.086ms returns 343
T6D58 066:526.712   JLINK_RTTERMINAL_Read(BufferIndex = 0, BufferSize = 0x00010000)
T6D58 066:526.764   - 0.046ms returns 0
T6D34 066:551.104 JLINK_ReadMem(0x0000143A, 0x4 Bytes, ...)
T6D34 066:551.244    -- Read from flash cache (4 bytes @ 0x0000143A)
T6D34 066:551.276   Data:  01 98 00 28
T6D34 066:551.308 - 0.203ms returns 0
T6D34 066:553.812 JLINK_ReadMem(0x000011AC, 0x4 Bytes, ...)
T6D34 066:553.944    -- Read from flash cache (4 bytes @ 0x000011AC)
T6D34 066:553.972   Data:  20 46 00 E0
T6D34 066:554.004 - 0.188ms returns 0
T6D34 066:554.440 JLINK_ReadMem(0x20004A40, 0x40 Bytes, ...)
T6D34 066:554.496   CPU_ReadMem(64 bytes @ 0x20004A40)
T6D34 066:556.056    -- Updating C cache (64 bytes @ 0x20004A40)
T6D34 066:556.172    -- Read from C cache (64 bytes @ 0x20004A40)
T6D34 066:556.200   Data:  00 80 00 00 00 2D 31 01 00 80 00 00 53 45 47 47 ...
T6D34 066:556.224 - 1.781ms returns 0
T6D34 066:559.704 JLINK_ReadMem(0x00005454, 0x4 Bytes, ...)
T6D34 066:559.832   CPU_ReadMem(64 bytes @ 0x00005440)
T6D34 066:560.960    -- Updating C cache (64 bytes @ 0x00005440)
T6D34 066:561.068    -- Read from C cache (4 bytes @ 0x00005454)
T6D34 066:561.096   Data:  FF FF FF FF
T6D34 066:561.128 - 1.418ms returns 0
T6D34 066:561.864 JLINK_ReadMem(0x00005454, 0x4 Bytes, ...)
T6D34 066:561.972    -- Read from C cache (4 bytes @ 0x00005454)
T6D34 066:562.004   Data:  FF FF FF FF
T6D34 066:562.028 - 0.163ms returns 0
T6D58 066:577.228   JLINK_RTTERMINAL_Read(BufferIndex = 0, BufferSize = 0x00010000)
T6D58 066:577.292   - 0.067ms returns 0
T6D58 066:627.712   JLINK_RTTERMINAL_Read(BufferIndex = 0, BufferSize = 0x00010000)
T6D58 066:627.796   - 0.082ms returns 0
T6D58 066:678.488   JLINK_RTTERMINAL_Read(BufferIndex = 0, BufferSize = 0x00010000)
T6D58 066:678.604   - 0.115ms returns 0
T6D58 066:729.416   JLINK_RTTERMINAL_Read(BufferIndex = 0, BufferSize = 0x00010000)
T6D58 066:729.544   - 0.133ms returns 0
T6D58 066:780.216   JLINK_RTTERMINAL_Read(BufferIndex = 0, BufferSize = 0x00010000)
T6D58 066:780.332   - 0.118ms returns 0
T6D58 066:831.416   JLINK_RTTERMINAL_Read(BufferIndex = 0, BufferSize = 0x00010000)
T6D58 066:831.768   - 0.348ms returns 0
T6D58 066:882.776   JLINK_RTTERMINAL_Read(BufferIndex = 0, BufferSize = 0x00010000)
T6D58 066:883.000   - 0.230ms returns 0
T6D58 066:934.696   JLINK_RTTERMINAL_Read(BufferIndex = 0, BufferSize = 0x00010000)
T6D58 066:934.804   - 0.104ms returns 0
T6D58 066:985.356   JLINK_RTTERMINAL_Read(BufferIndex = 0, BufferSize = 0x00010000)
T6D58 066:985.452   - 0.099ms returns 0
T6D58 067:038.252   JLINK_RTTERMINAL_Read(BufferIndex = 0, BufferSize = 0x00010000)
T6D58 067:038.420   - 0.163ms returns 0
T6D58 067:089.428   JLINK_RTTERMINAL_Read(BufferIndex = 0, BufferSize = 0x00010000)
T6D58 067:089.644   - 0.220ms returns 0
T6D58 067:141.200   JLINK_RTTERMINAL_Read(BufferIndex = 0, BufferSize = 0x00010000)
T6D58 067:141.296   - 0.087ms returns 0
T6D58 067:192.728   JLINK_RTTERMINAL_Read(BufferIndex = 0, BufferSize = 0x00010000)
T6D58 067:192.840   - 0.106ms returns 0
T6D58 067:243.640   JLINK_RTTERMINAL_Read(BufferIndex = 0, BufferSize = 0x00010000)
T6D58 067:243.728   - 0.090ms returns 0
T6D58 067:294.272   JLINK_RTTERMINAL_Read(BufferIndex = 0, BufferSize = 0x00010000)
T6D58 067:294.440   - 0.164ms returns 0
T6D58 067:346.112   JLINK_RTTERMINAL_Read(BufferIndex = 0, BufferSize = 0x00010000)
T6D58 067:346.232   - 0.126ms returns 0
T6D58 067:397.408   JLINK_RTTERMINAL_Read(BufferIndex = 0, BufferSize = 0x00010000)
T6D58 067:397.488   - 0.086ms returns 0
T6D58 067:448.296   JLINK_RTTERMINAL_Read(BufferIndex = 0, BufferSize = 0x00010000)
T6D58 067:448.544   - 0.252ms returns 0
T6D58 067:499.832   JLINK_RTTERMINAL_Read(BufferIndex = 0, BufferSize = 0x00010000)
T6D58 067:500.016   - 0.180ms returns 0
T6D58 067:553.008   JLINK_RTTERMINAL_Read(BufferIndex = 0, BufferSize = 0x00010000)
T6D58 067:553.152   - 0.144ms returns 0
T6D58 067:603.600   JLINK_RTTERMINAL_Read(BufferIndex = 0, BufferSize = 0x00010000)
T6D58 067:603.744   - 0.146ms returns 0
T6D58 067:654.344   JLINK_RTTERMINAL_Read(BufferIndex = 0, BufferSize = 0x00010000)
T6D58 067:654.416   - 0.069ms returns 0
T6D58 067:705.384   JLINK_RTTERMINAL_Read(BufferIndex = 0, BufferSize = 0x00010000)
T6D58 067:705.464   - 0.077ms returns 0
T6D58 067:755.960   JLINK_RTTERMINAL_Read(BufferIndex = 0, BufferSize = 0x00010000)
T6D58 067:756.032   - 0.070ms returns 0
T6D58 067:806.520   JLINK_RTTERMINAL_Read(BufferIndex = 0, BufferSize = 0x00010000)
T6D58 067:806.616   - 0.094ms returns 0
T6D58 067:857.496   JLINK_RTTERMINAL_Read(BufferIndex = 0, BufferSize = 0x00010000)
T6D58 067:857.648   - 0.145ms returns 0
T6D58 067:908.632   JLINK_RTTERMINAL_Read(BufferIndex = 0, BufferSize = 0x00010000)
T6D58 067:908.800   - 0.167ms returns 0
T6D58 067:959.488   JLINK_RTTERMINAL_Read(BufferIndex = 0, BufferSize = 0x00010000)
T6D58 067:959.600   - 0.116ms returns 0
T6D58 068:011.024   JLINK_RTTERMINAL_Read(BufferIndex = 0, BufferSize = 0x00010000)
T6D58 068:011.128   - 0.102ms returns 0
T6D58 068:062.128   JLINK_RTTERMINAL_Read(BufferIndex = 0, BufferSize = 0x00010000)
T6D58 068:062.264   - 0.133ms returns 0
T6D58 068:113.744   JLINK_RTTERMINAL_Read(BufferIndex = 0, BufferSize = 0x00010000)
T6D58 068:113.888   - 0.137ms returns 0
T6D58 068:164.848   JLINK_RTTERMINAL_Read(BufferIndex = 0, BufferSize = 0x00010000)
T6D58 068:164.976   - 0.124ms returns 0
T6D58 068:216.160   JLINK_RTTERMINAL_Read(BufferIndex = 0, BufferSize = 0x00010000)
T6D58 068:216.280   - 0.124ms returns 0
T6D58 068:267.240   JLINK_RTTERMINAL_Read(BufferIndex = 0, BufferSize = 0x00010000)
T6D58 068:267.328   - 0.092ms returns 0
T6D58 068:318.360   JLINK_RTTERMINAL_Read(BufferIndex = 0, BufferSize = 0x00010000)
T6D58 068:318.448   - 0.083ms returns 0
T6D58 068:369.824   JLINK_RTTERMINAL_Read(BufferIndex = 0, BufferSize = 0x00010000)
T6D58 068:369.912   - 0.089ms returns 0
T6D58 068:421.784   JLINK_RTTERMINAL_Read(BufferIndex = 0, BufferSize = 0x00010000)
T6D58 068:421.928   - 0.144ms returns 0
T6D58 068:473.472   JLINK_RTTERMINAL_Read(BufferIndex = 0, BufferSize = 0x00010000)
T6D58 068:473.632   - 0.161ms returns 0
T6D58 068:524.424   JLINK_RTTERMINAL_Read(BufferIndex = 0, BufferSize = 0x00010000)
T6D58 068:524.584   - 0.165ms returns 0
T6D58 068:575.856   JLINK_RTTERMINAL_Read(BufferIndex = 0, BufferSize = 0x00010000)
T6D58 068:575.952   - 0.095ms returns 0
T6D58 068:626.856   JLINK_RTTERMINAL_Read(BufferIndex = 0, BufferSize = 0x00010000)
T6D58 068:626.944   - 0.096ms returns 0
T6D58 068:678.104   JLINK_RTTERMINAL_Read(BufferIndex = 0, BufferSize = 0x00010000)
T6D58 068:678.192   - 0.087ms returns 0
T6D58 068:728.752   JLINK_RTTERMINAL_Read(BufferIndex = 0, BufferSize = 0x00010000)
T6D58 068:728.848   - 0.096ms returns 0
T6D58 068:779.304   JLINK_RTTERMINAL_Read(BufferIndex = 0, BufferSize = 0x00010000)
T6D58 068:779.400   - 0.101ms returns 0
T6D58 068:830.416   JLINK_RTTERMINAL_Read(BufferIndex = 0, BufferSize = 0x00010000)
T6D58 068:830.528   - 0.109ms returns 0
T6D58 068:882.624   JLINK_RTTERMINAL_Read(BufferIndex = 0, BufferSize = 0x00010000)
T6D58 068:882.864   - 0.235ms returns 0
T6D58 068:933.984   JLINK_RTTERMINAL_Read(BufferIndex = 0, BufferSize = 0x00010000)
T6D58 068:934.128   - 0.149ms returns 0
T6D58 068:987.184   JLINK_RTTERMINAL_Read(BufferIndex = 0, BufferSize = 0x00010000)
T6D58 068:987.328   - 0.147ms returns 0
T6D58 069:038.752   JLINK_RTTERMINAL_Read(BufferIndex = 0, BufferSize = 0x00010000)
T6D58 069:038.960   - 0.217ms returns 0
T6D58 069:090.176   JLINK_RTTERMINAL_Read(BufferIndex = 0, BufferSize = 0x00010000)
T6D58 069:090.280   - 0.100ms returns 0
T6D58 069:141.232   JLINK_RTTERMINAL_Read(BufferIndex = 0, BufferSize = 0x00010000)
T6D58 069:141.424   - 0.194ms returns 0
T6D58 069:192.496   JLINK_RTTERMINAL_Read(BufferIndex = 0, BufferSize = 0x00010000)
T6D58 069:192.592   - 0.093ms returns 0
T6D58 069:243.528   JLINK_RTTERMINAL_Read(BufferIndex = 0, BufferSize = 0x00010000)
T6D58 069:243.680   - 0.155ms returns 0
T6D34 069:277.216 JLINK_ClrBPEx(BPHandle = 0x00000004)
T6D34 069:278.096 - 0.878ms returns 0x00
T6D34 069:278.176 JLINK_ClrBPEx(BPHandle = 0x00000005)
T6D34 069:278.192 - 0.019ms returns 0x00
T6D34 069:278.224 JLINK_SetBPEx(Addr = 0x0000135C, Type = 0xFFFFFF00)
T6D34 069:278.240 - 0.022ms returns 0x00000006
T6D58 069:294.424   JLINK_RTTERMINAL_Read(BufferIndex = 0, BufferSize = 0x00010000)
T6D58 069:294.528   - 0.104ms returns 0
T6D58 069:346.016   JLINK_RTTERMINAL_Read(BufferIndex = 0, BufferSize = 0x00010000)
T6D58 069:346.112   - 0.095ms returns 0
T6D58 069:396.992   JLINK_RTTERMINAL_Read(BufferIndex = 0, BufferSize = 0x00010000)
T6D58 069:397.104   - 0.119ms returns 0
T6D58 069:448.184   JLINK_RTTERMINAL_Read(BufferIndex = 0, BufferSize = 0x00010000)
T6D58 069:448.264   - 0.078ms returns 0
T6D58 069:499.600   JLINK_RTTERMINAL_Read(BufferIndex = 0, BufferSize = 0x00010000)
T6D58 069:499.704   - 0.105ms returns 0
T6D58 069:551.160   JLINK_RTTERMINAL_Read(BufferIndex = 0, BufferSize = 0x00010000)
T6D58 069:551.248   - 0.088ms returns 0
T6D58 069:602.040   JLINK_RTTERMINAL_Read(BufferIndex = 0, BufferSize = 0x00010000)
T6D58 069:602.168   - 0.129ms returns 0
T6D58 069:653.696   JLINK_RTTERMINAL_Read(BufferIndex = 0, BufferSize = 0x00010000)
T6D58 069:653.768   - 0.072ms returns 0
T6D58 069:705.168   JLINK_RTTERMINAL_Read(BufferIndex = 0, BufferSize = 0x00010000)
T6D58 069:705.264   - 0.097ms returns 0
T6D58 069:756.520   JLINK_RTTERMINAL_Read(BufferIndex = 0, BufferSize = 0x00010000)
T6D58 069:756.680   - 0.156ms returns 0
T6D58 069:807.808   JLINK_RTTERMINAL_Read(BufferIndex = 0, BufferSize = 0x00010000)
T6D58 069:807.896   - 0.095ms returns 0
T6D58 069:859.896   JLINK_RTTERMINAL_Read(BufferIndex = 0, BufferSize = 0x00010000)
T6D58 069:859.992   - 0.097ms returns 0
T6D58 069:911.168   JLINK_RTTERMINAL_Read(BufferIndex = 0, BufferSize = 0x00010000)
T6D58 069:911.320   - 0.158ms returns 0
T6D58 069:962.504   JLINK_RTTERMINAL_Read(BufferIndex = 0, BufferSize = 0x00010000)
T6D58 069:962.640   - 0.142ms returns 0
T6D58 070:014.808   JLINK_RTTERMINAL_Read(BufferIndex = 0, BufferSize = 0x00010000)
T6D58 070:014.896   - 0.078ms returns 0
T6D58 070:065.536   JLINK_RTTERMINAL_Read(BufferIndex = 0, BufferSize = 0x00010000)
T6D58 070:065.656   - 0.122ms returns 0
T6D58 070:116.256   JLINK_RTTERMINAL_Read(BufferIndex = 0, BufferSize = 0x00010000)
T6D58 070:116.432   - 0.172ms returns 0
T6D58 070:168.184   JLINK_RTTERMINAL_Read(BufferIndex = 0, BufferSize = 0x00010000)
T6D58 070:168.336   - 0.148ms returns 0
T6D58 070:219.000   JLINK_RTTERMINAL_Read(BufferIndex = 0, BufferSize = 0x00010000)
T6D58 070:219.080   - 0.081ms returns 0
T6D58 070:270.192   JLINK_RTTERMINAL_Read(BufferIndex = 0, BufferSize = 0x00010000)
T6D58 070:270.288   - 0.099ms returns 0
T6D58 070:321.352   JLINK_RTTERMINAL_Read(BufferIndex = 0, BufferSize = 0x00010000)
T6D58 070:321.456   - 0.104ms returns 0
T6D58 070:372.272   JLINK_RTTERMINAL_Read(BufferIndex = 0, BufferSize = 0x00010000)
T6D58 070:372.432   - 0.173ms returns 0
T6D58 070:424.240   JLINK_RTTERMINAL_Read(BufferIndex = 0, BufferSize = 0x00010000)
T6D58 070:424.400   - 0.159ms returns 0
T6D58 070:475.856   JLINK_RTTERMINAL_Read(BufferIndex = 0, BufferSize = 0x00010000)
T6D58 070:476.056   - 0.202ms returns 0
T6D58 070:527.336   JLINK_RTTERMINAL_Read(BufferIndex = 0, BufferSize = 0x00010000)
T6D58 070:527.448   - 0.118ms returns 0
T6D58 070:578.624   JLINK_RTTERMINAL_Read(BufferIndex = 0, BufferSize = 0x00010000)
T6D58 070:578.752   - 0.130ms returns 0
T6D34 070:623.384 JLINK_IsHalted()
T6D34 070:624.120 - 0.736ms returns TRUE
T6D34 070:624.208 JLINK_GoEx(MaxEmulInsts = 0, Flags = 0x01)
T6D34 070:624.256   CPU_WriteMem(4 bytes @ 0xE0002000)
T6D34 070:624.864   CPU_ReadMem(4 bytes @ 0xE0001000)
T6D34 070:625.680   CPU_WriteMem(4 bytes @ 0xE0002008)
T6D34 070:625.776   CPU_WriteMem(4 bytes @ 0xE000200C)
T6D34 070:627.448 - 3.243ms 
T6D58 070:631.120   JLINK_RTTERMINAL_Read(BufferIndex = 0, BufferSize = 0x00010000)
T6D58 070:631.200   - 0.074ms returns 103
T6D58 070:631.632   JLINK_RTTERMINAL_Read(BufferIndex = 0, BufferSize = 0x00010000)
T6D58 070:631.696   - 0.070ms returns 0
T6D58 070:682.736   JLINK_RTTERMINAL_Read(BufferIndex = 0, BufferSize = 0x00010000)
T6D58 070:682.848   - 0.109ms returns 0
T6D34 070:725.520 JLINK_IsHalted()
T6D34 070:726.640 - 1.113ms returns FALSE
T6D34 070:726.704 JLINK_IsHalted()
T6D34 070:727.232 - 0.528ms returns FALSE
T6D58 070:733.648   JLINK_RTTERMINAL_Read(BufferIndex = 0, BufferSize = 0x00010000)
T6D58 070:733.736   - 0.085ms returns 0
T6D58 070:786.016   JLINK_RTTERMINAL_Read(BufferIndex = 0, BufferSize = 0x00010000)
T6D58 070:786.096   - 0.085ms returns 0
T6D34 070:835.160 JLINK_IsHalted()
T6D34 070:836.304 - 1.146ms returns FALSE
T6D34 070:836.400 JLINK_IsHalted()
T6D34 070:837.080 - 0.675ms returns FALSE
T6D58 070:837.288   JLINK_RTTERMINAL_Read(BufferIndex = 0, BufferSize = 0x00010000)
T6D58 070:837.328   - 0.043ms returns 0
T6D58 070:888.208   JLINK_RTTERMINAL_Read(BufferIndex = 0, BufferSize = 0x00010000)
T6D58 070:888.424   - 0.218ms returns 0
T6D58 070:939.448   JLINK_RTTERMINAL_Read(BufferIndex = 0, BufferSize = 0x00010000)
T6D58 070:939.600   - 0.150ms returns 0
T6D34 070:944.632 JLINK_IsHalted()
T6D34 070:945.880 - 1.245ms returns FALSE
T6D34 070:946.032 JLINK_IsHalted()
T6D34 070:946.592 - 0.558ms returns FALSE
T6D58 070:990.264   JLINK_RTTERMINAL_Read(BufferIndex = 0, BufferSize = 0x00010000)
T6D58 070:990.400   - 0.133ms returns 0
T6D58 071:041.040   JLINK_RTTERMINAL_Read(BufferIndex = 0, BufferSize = 0x00010000)
T6D58 071:041.152   - 0.112ms returns 0
T6D34 071:054.296 JLINK_IsHalted()
T6D34 071:055.320 - 1.022ms returns FALSE
T6D34 071:055.376 JLINK_IsHalted()
T6D34 071:056.104 - 0.726ms returns FALSE
T6D58 071:091.872   JLINK_RTTERMINAL_Read(BufferIndex = 0, BufferSize = 0x00010000)
T6D58 071:091.960   - 0.092ms returns 0
T6D58 071:143.056   JLINK_RTTERMINAL_Read(BufferIndex = 0, BufferSize = 0x00010000)
T6D58 071:143.136   - 0.077ms returns 0
T6D34 071:163.376 JLINK_IsHalted()
T6D34 071:164.488 - 1.112ms returns FALSE
T6D34 071:164.664 JLINK_IsHalted()
T6D34 071:165.616 - 0.948ms returns FALSE
T6D58 071:196.328   JLINK_RTTERMINAL_Read(BufferIndex = 0, BufferSize = 0x00010000)
T6D58 071:196.472   - 0.146ms returns 0
T6D58 071:247.272   JLINK_RTTERMINAL_Read(BufferIndex = 0, BufferSize = 0x00010000)
T6D58 071:247.344   - 0.074ms returns 0
T6D34 071:273.168 JLINK_IsHalted()
T6D34 071:273.968 - 0.791ms returns FALSE
T6D34 071:274.088 JLINK_IsHalted()
T6D34 071:274.856 - 0.773ms returns FALSE
T6D58 071:298.192   JLINK_RTTERMINAL_Read(BufferIndex = 0, BufferSize = 0x00010000)
T6D58 071:298.320   - 0.120ms returns 0
T6D58 071:350.128   JLINK_RTTERMINAL_Read(BufferIndex = 0, BufferSize = 0x00010000)
T6D58 071:350.200   - 0.080ms returns 0
T6D34 071:382.256 JLINK_IsHalted()
T6D34 071:383.560 - 1.298ms returns FALSE
T6D34 071:383.696 JLINK_IsHalted()
T6D34 071:384.744 - 1.046ms returns FALSE
T6D58 071:402.464   JLINK_RTTERMINAL_Read(BufferIndex = 0, BufferSize = 0x00010000)
T6D58 071:402.576   - 0.116ms returns 0
T6D58 071:454.672   JLINK_RTTERMINAL_Read(BufferIndex = 0, BufferSize = 0x00010000)
T6D58 071:454.832   - 0.161ms returns 0
T6D34 071:491.152 JLINK_IsHalted()
T6D34 071:491.920 - 0.772ms returns FALSE
T6D34 071:491.984 JLINK_IsHalted()
T6D34 071:492.680 - 0.693ms returns FALSE
T6D58 071:505.936   JLINK_RTTERMINAL_Read(BufferIndex = 0, BufferSize = 0x00010000)
T6D58 071:506.080   - 0.143ms returns 0
T6D58 071:559.744   JLINK_RTTERMINAL_Read(BufferIndex = 0, BufferSize = 0x00010000)
T6D58 071:559.952   - 0.203ms returns 0
T6D34 071:601.400 JLINK_IsHalted()
T6D34 071:602.432 - 1.029ms returns FALSE
T6D34 071:602.576 JLINK_IsHalted()
T6D34 071:603.888 - 1.310ms returns FALSE
T6D58 071:611.272   JLINK_RTTERMINAL_Read(BufferIndex = 0, BufferSize = 0x00010000)
T6D58 071:611.384   - 0.114ms returns 0
T5770 071:625.792 JLINK_IsHalted()
T5770 071:627.120 - 1.319ms returns FALSE
T5770 071:627.288 JLINK_IsHalted()
T5770 071:628.456 - 1.168ms returns FALSE
T6D58 071:662.840   JLINK_RTTERMINAL_Read(BufferIndex = 0, BufferSize = 0x00010000)
T6D58 071:663.048   - 0.203ms returns 0
T6D34 071:711.032 JLINK_IsHalted()
T6D34 071:711.792 - 0.751ms returns FALSE
T6D34 071:711.912 JLINK_IsHalted()
T6D34 071:712.616 - 0.700ms returns FALSE
T6D58 071:714.368   JLINK_RTTERMINAL_Read(BufferIndex = 0, BufferSize = 0x00010000)
T6D58 071:714.528   - 0.164ms returns 0
T6D58 071:765.488   JLINK_RTTERMINAL_Read(BufferIndex = 0, BufferSize = 0x00010000)
T6D58 071:765.576   - 0.094ms returns 0
T6D58 071:816.976   JLINK_RTTERMINAL_Read(BufferIndex = 0, BufferSize = 0x00010000)
T6D58 071:817.144   - 0.174ms returns 0
T6D34 071:821.008 JLINK_IsHalted()
T6D34 071:822.248 - 1.232ms returns FALSE
T6D34 071:822.336 JLINK_IsHalted()
T6D34 071:823.472 - 1.140ms returns FALSE
T6D58 071:868.016   JLINK_RTTERMINAL_Read(BufferIndex = 0, BufferSize = 0x00010000)
T6D58 071:868.248   - 0.231ms returns 0
T6D58 071:919.648   JLINK_RTTERMINAL_Read(BufferIndex = 0, BufferSize = 0x00010000)
T6D58 071:919.752   - 0.104ms returns 0
T6D34 071:929.032 JLINK_IsHalted()
T6D34 071:930.024 - 0.991ms returns FALSE
T6D34 071:930.160 JLINK_IsHalted()
T6D34 071:930.768 - 0.615ms returns FALSE
T6D58 071:970.432   JLINK_RTTERMINAL_Read(BufferIndex = 0, BufferSize = 0x00010000)
T6D58 071:970.584   - 0.152ms returns 0
T6D58 072:021.712   JLINK_RTTERMINAL_Read(BufferIndex = 0, BufferSize = 0x00010000)
T6D58 072:021.856   - 0.139ms returns 0
T6D34 072:038.056 JLINK_IsHalted()
T6D34 072:039.040 - 0.986ms returns FALSE
T6D34 072:039.152 JLINK_IsHalted()
T6D34 072:039.832 - 0.682ms returns FALSE
T6D58 072:073.184   JLINK_RTTERMINAL_Read(BufferIndex = 0, BufferSize = 0x00010000)
T6D58 072:073.328   - 0.146ms returns 0
T6D58 072:124.920   JLINK_RTTERMINAL_Read(BufferIndex = 0, BufferSize = 0x00010000)
T6D58 072:125.080   - 0.160ms returns 0
T6D34 072:147.568 JLINK_IsHalted()
T6D34 072:148.520 - 0.950ms returns FALSE
T6D34 072:148.592 JLINK_IsHalted()
T6D34 072:149.208 - 0.615ms returns FALSE
T6D58 072:176.976   JLINK_RTTERMINAL_Read(BufferIndex = 0, BufferSize = 0x00010000)
T6D58 072:177.080   - 0.109ms returns 0
T6D58 072:228.056   JLINK_RTTERMINAL_Read(BufferIndex = 0, BufferSize = 0x00010000)
T6D58 072:228.136   - 0.079ms returns 0
T6D34 072:256.696 JLINK_IsHalted()
T6D34 072:257.552 - 0.847ms returns FALSE
T6D34 072:257.712 JLINK_IsHalted()
T6D34 072:258.832 - 1.118ms returns FALSE
T6D58 072:279.472   JLINK_RTTERMINAL_Read(BufferIndex = 0, BufferSize = 0x00010000)
T6D58 072:279.552   - 0.080ms returns 0
T6D58 072:331.184   JLINK_RTTERMINAL_Read(BufferIndex = 0, BufferSize = 0x00010000)
T6D58 072:331.368   - 0.185ms returns 0
T6D34 072:366.888 JLINK_IsHalted()
T6D34 072:367.584 - 0.698ms returns FALSE
T6D34 072:367.728 JLINK_IsHalted()
T6D34 072:368.584 - 0.853ms returns FALSE
T6D58 072:382.464   JLINK_RTTERMINAL_Read(BufferIndex = 0, BufferSize = 0x00010000)
T6D58 072:382.680   - 0.216ms returns 0
T6D58 072:434.824   JLINK_RTTERMINAL_Read(BufferIndex = 0, BufferSize = 0x00010000)
T6D58 072:434.960   - 0.133ms returns 0
T6D34 072:476.208 JLINK_IsHalted()
T6D34 072:477.240 - 1.032ms returns FALSE
T6D34 072:477.384 JLINK_IsHalted()
T6D34 072:478.368 - 0.984ms returns FALSE
T6D58 072:487.672   JLINK_RTTERMINAL_Read(BufferIndex = 0, BufferSize = 0x00010000)
T6D58 072:487.840   - 0.167ms returns 0
T6D58 072:538.896   JLINK_RTTERMINAL_Read(BufferIndex = 0, BufferSize = 0x00010000)
T6D58 072:538.992   - 0.101ms returns 0
T6D34 072:587.392 JLINK_IsHalted()
T6D34 072:588.272 - 0.876ms returns FALSE
T6D34 072:588.416 JLINK_IsHalted()
T6D34 072:589.712 - 1.293ms returns FALSE
T6D58 072:590.264   JLINK_RTTERMINAL_Read(BufferIndex = 0, BufferSize = 0x00010000)
T6D58 072:590.368   - 0.104ms returns 0
T5770 072:630.128 JLINK_IsHalted()
T5770 072:631.280 - 1.143ms returns FALSE
T5770 072:631.472 JLINK_IsHalted()
T5770 072:632.400 - 0.932ms returns FALSE
T6D58 072:643.192   JLINK_RTTERMINAL_Read(BufferIndex = 0, BufferSize = 0x00010000)
T6D58 072:643.328   - 0.134ms returns 0
T6D58 072:695.776   JLINK_RTTERMINAL_Read(BufferIndex = 0, BufferSize = 0x00010000)
T6D58 072:695.920   - 0.139ms returns 0
T6D34 072:696.168 JLINK_IsHalted()
T6D34 072:697.216 - 1.048ms returns FALSE
T6D34 072:697.320 JLINK_IsHalted()
T6D34 072:697.968 - 0.642ms returns FALSE
T6D58 072:747.992   JLINK_RTTERMINAL_Read(BufferIndex = 0, BufferSize = 0x00010000)
T6D58 072:748.136   - 0.139ms returns 0
T6D58 072:798.872   JLINK_RTTERMINAL_Read(BufferIndex = 0, BufferSize = 0x00010000)
T6D58 072:798.992   - 0.124ms returns 0
T6D34 072:805.488 JLINK_IsHalted()
T6D34 072:806.128 - 0.639ms returns FALSE
T6D34 072:806.216 JLINK_IsHalted()
T6D34 072:806.896 - 0.681ms returns FALSE
T6D58 072:849.736   JLINK_RTTERMINAL_Read(BufferIndex = 0, BufferSize = 0x00010000)
T6D58 072:849.840   - 0.102ms returns 0
T6D58 072:900.312   JLINK_RTTERMINAL_Read(BufferIndex = 0, BufferSize = 0x00010000)
T6D58 072:900.456   - 0.142ms returns 0
T6D34 072:913.216 JLINK_IsHalted()
T6D34 072:914.384 - 1.172ms returns FALSE
T6D34 072:914.464 JLINK_IsHalted()
T6D34 072:915.160 - 0.698ms returns FALSE
T6D58 072:953.920   JLINK_RTTERMINAL_Read(BufferIndex = 0, BufferSize = 0x00010000)
T6D58 072:954.064   - 0.140ms returns 0
T6D58 073:006.856   JLINK_RTTERMINAL_Read(BufferIndex = 0, BufferSize = 0x00010000)
T6D58 073:006.960   - 0.107ms returns 0
T6D34 073:022.408 JLINK_IsHalted()
T6D34 073:023.376 - 0.968ms returns FALSE
T6D34 073:023.456 JLINK_IsHalted()
T6D34 073:024.336 - 0.880ms returns FALSE
T6D58 073:057.536   JLINK_RTTERMINAL_Read(BufferIndex = 0, BufferSize = 0x00010000)
T6D58 073:057.712   - 0.181ms returns 0
T6D58 073:108.928   JLINK_RTTERMINAL_Read(BufferIndex = 0, BufferSize = 0x00010000)
T6D58 073:109.088   - 0.165ms returns 0
T6D34 073:136.528 JLINK_IsHalted()
T6D34 073:137.352 - 0.817ms returns FALSE
T6D34 073:137.464 JLINK_IsHalted()
T6D34 073:138.072 - 0.604ms returns FALSE
T6D58 073:160.152   JLINK_RTTERMINAL_Read(BufferIndex = 0, BufferSize = 0x00010000)
T6D58 073:160.272   - 0.114ms returns 0
T6D58 073:212.256   JLINK_RTTERMINAL_Read(BufferIndex = 0, BufferSize = 0x00010000)
T6D58 073:212.464   - 0.208ms returns 0
T6D34 073:243.304 JLINK_IsHalted()
T6D34 073:244.088 - 0.782ms returns FALSE
T6D34 073:244.264 JLINK_IsHalted()
T6D34 073:245.488 - 1.229ms returns FALSE
T6D58 073:263.680   JLINK_RTTERMINAL_Read(BufferIndex = 0, BufferSize = 0x00010000)
T6D58 073:263.752   - 0.069ms returns 0
T6D58 073:315.112   JLINK_RTTERMINAL_Write(BufferIndex = 0, BufferSize = 0x00000001)
T6D58 073:315.280     CPU_ReadMem(24 bytes @ 0x20004AAC)
T6D58 073:316.624     CPU_WriteMem(1 bytes @ 0x200052F5)
T6D58 073:317.360     CPU_WriteMem(4 bytes @ 0x20004AB8)
T6D58 073:318.160   - 3.053ms returns 1
T6D58 073:318.624   JLINK_RTTERMINAL_Read(BufferIndex = 0, BufferSize = 0x00010000)
T6D58 073:318.728   - 0.100ms returns 0
T6D34 073:351.464 JLINK_IsHalted()
T6D34 073:352.264 - 0.795ms returns FALSE
T6D34 073:352.456 JLINK_IsHalted()
T6D34 073:353.016 - 0.560ms returns FALSE
T6D58 073:369.424   JLINK_RTTERMINAL_Read(BufferIndex = 0, BufferSize = 0x00010000)
T6D58 073:369.528   - 0.106ms returns 69
T6D58 073:369.896   JLINK_RTTERMINAL_Read(BufferIndex = 0, BufferSize = 0x00010000)
T6D58 073:369.976   - 0.083ms returns 0
T6D58 073:421.320   JLINK_RTTERMINAL_Read(BufferIndex = 0, BufferSize = 0x00010000)
T6D58 073:421.432   - 0.117ms returns 0
T6D34 073:460.720 JLINK_IsHalted()
T6D34 073:461.912 - 1.194ms returns FALSE
T6D34 073:462.000 JLINK_IsHalted()
T6D34 073:462.608 - 0.608ms returns FALSE
T6D58 073:472.784   JLINK_RTTERMINAL_Read(BufferIndex = 0, BufferSize = 0x00010000)
T6D58 073:472.936   - 0.145ms returns 0
T6D58 073:524.288   JLINK_RTTERMINAL_Read(BufferIndex = 0, BufferSize = 0x00010000)
T6D58 073:524.456   - 0.165ms returns 0
T6D34 073:570.168 JLINK_IsHalted()
T6D34 073:571.232 - 1.060ms returns FALSE
T6D34 073:571.432 JLINK_IsHalted()
T6D34 073:572.528 - 1.096ms returns FALSE
T6D58 073:575.960   JLINK_RTTERMINAL_Read(BufferIndex = 0, BufferSize = 0x00010000)
T6D58 073:576.112   - 0.154ms returns 0
T6D58 073:626.824   JLINK_RTTERMINAL_Read(BufferIndex = 0, BufferSize = 0x00010000)
T6D58 073:627.032   - 0.212ms returns 0
T5770 073:633.800 JLINK_IsHalted()
T5770 073:635.136 - 1.336ms returns FALSE
T5770 073:635.344 JLINK_IsHalted()
T5770 073:636.400 - 1.061ms returns FALSE
T6D58 073:678.568   JLINK_RTTERMINAL_Read(BufferIndex = 0, BufferSize = 0x00010000)
T6D58 073:678.640   - 0.082ms returns 0
T6D34 073:679.368 JLINK_IsHalted()
T6D34 073:680.896 - 1.526ms returns FALSE
T6D34 073:681.112 JLINK_IsHalted()
T6D34 073:681.864 - 0.753ms returns FALSE
T6D58 073:731.360   JLINK_RTTERMINAL_Read(BufferIndex = 0, BufferSize = 0x00010000)
T6D58 073:731.480   - 0.119ms returns 0
T6D58 073:783.008   JLINK_RTTERMINAL_Read(BufferIndex = 0, BufferSize = 0x00010000)
T6D58 073:783.136   - 0.127ms returns 0
T6D34 073:787.960 JLINK_IsHalted()
T6D34 073:789.048 - 1.086ms returns FALSE
T6D34 073:789.216 JLINK_IsHalted()
T6D34 073:790.312 - 1.091ms returns FALSE
T6D58 073:833.832   JLINK_RTTERMINAL_Read(BufferIndex = 0, BufferSize = 0x00010000)
T6D58 073:834.040   - 0.210ms returns 0
T6D58 073:885.224   JLINK_RTTERMINAL_Read(BufferIndex = 0, BufferSize = 0x00010000)
T6D58 073:885.360   - 0.147ms returns 0
T6D34 073:899.224 JLINK_IsHalted()
T6D34 073:899.984 - 0.761ms returns FALSE
T6D34 073:900.112 JLINK_IsHalted()
T6D34 073:901.672 - 1.555ms returns FALSE
T6D58 073:936.432   JLINK_RTTERMINAL_Read(BufferIndex = 0, BufferSize = 0x00010000)
T6D58 073:936.528   - 0.094ms returns 0
T6D58 073:987.152   JLINK_RTTERMINAL_Read(BufferIndex = 0, BufferSize = 0x00010000)
T6D58 073:987.336   - 0.177ms returns 0
T6D34 074:006.832 JLINK_IsHalted()
T6D34 074:007.680 - 0.852ms returns FALSE
T6D34 074:007.864 JLINK_IsHalted()
T6D34 074:009.000 - 1.135ms returns FALSE
T6D58 074:038.480   JLINK_RTTERMINAL_Read(BufferIndex = 0, BufferSize = 0x00010000)
T6D58 074:038.640   - 0.159ms returns 0
T6D58 074:091.384   JLINK_RTTERMINAL_Read(BufferIndex = 0, BufferSize = 0x00010000)
T6D58 074:091.536   - 0.157ms returns 0
T6D34 074:119.568 JLINK_IsHalted()
T6D34 074:120.624 - 1.049ms returns FALSE
T6D34 074:120.760 JLINK_IsHalted()
T6D34 074:122.208 - 1.439ms returns FALSE
T6D58 074:143.832   JLINK_RTTERMINAL_Read(BufferIndex = 0, BufferSize = 0x00010000)
T6D58 074:143.976   - 0.143ms returns 0
T6D58 074:194.960   JLINK_RTTERMINAL_Read(BufferIndex = 0, BufferSize = 0x00010000)
T6D58 074:195.072   - 0.108ms returns 0
T6D34 074:226.008 JLINK_IsHalted()
T6D34 074:227.568 - 1.550ms returns FALSE
T6D34 074:227.736 JLINK_IsHalted()
T6D34 074:228.696 - 0.955ms returns FALSE
T6D58 074:245.656   JLINK_RTTERMINAL_Read(BufferIndex = 0, BufferSize = 0x00010000)
T6D58 074:245.824   - 0.164ms returns 0
T6D58 074:297.952   JLINK_RTTERMINAL_Read(BufferIndex = 0, BufferSize = 0x00010000)
T6D58 074:298.128   - 0.174ms returns 0
T6D34 074:335.336 JLINK_IsHalted()
T6D34 074:336.208 - 0.871ms returns FALSE
T6D34 074:336.368 JLINK_IsHalted()
T6D34 074:337.488 - 1.113ms returns FALSE
T6D58 074:349.232   JLINK_RTTERMINAL_Read(BufferIndex = 0, BufferSize = 0x00010000)
T6D58 074:349.392   - 0.164ms returns 0
T6D58 074:402.504   JLINK_RTTERMINAL_Read(BufferIndex = 0, BufferSize = 0x00010000)
T6D58 074:402.608   - 0.104ms returns 0
T6D34 074:444.744 JLINK_IsHalted()
T6D34 074:445.728 - 0.980ms returns FALSE
T6D34 074:445.856 JLINK_IsHalted()
T6D34 074:446.344 - 0.488ms returns FALSE
T6D58 074:453.408   JLINK_RTTERMINAL_Read(BufferIndex = 0, BufferSize = 0x00010000)
T6D58 074:453.496   - 0.092ms returns 0
T6D58 074:504.688   JLINK_RTTERMINAL_Read(BufferIndex = 0, BufferSize = 0x00010000)
T6D58 074:504.888   - 0.198ms returns 32
T6D58 074:505.656   JLINK_RTTERMINAL_Read(BufferIndex = 0, BufferSize = 0x00010000)
T6D58 074:505.800   - 0.141ms returns 0
T6D58 074:559.608   JLINK_RTTERMINAL_Read(BufferIndex = 0, BufferSize = 0x00010000)
T6D58 074:559.792   - 0.181ms returns 0
T6D34 074:560.096 JLINK_IsHalted()
T6D34 074:560.792 - 0.695ms returns FALSE
T6D34 074:560.928 JLINK_IsHalted()
T6D34 074:562.280 - 1.344ms returns FALSE
T6D58 074:611.296   JLINK_RTTERMINAL_Read(BufferIndex = 0, BufferSize = 0x00010000)
T6D58 074:611.392   - 0.099ms returns 0
T5770 074:637.304 JLINK_IsHalted()
T5770 074:638.968 - 1.665ms returns FALSE
T5770 074:639.080 JLINK_IsHalted()
T5770 074:639.904 - 0.821ms returns FALSE
T6D58 074:662.616   JLINK_RTTERMINAL_Read(BufferIndex = 0, BufferSize = 0x00010000)
T6D58 074:662.800   - 0.178ms returns 0
T6D34 074:663.248 JLINK_IsHalted()
T6D34 074:664.496 - 1.248ms returns FALSE
T6D34 074:664.688 JLINK_IsHalted()
T6D34 074:665.960 - 1.267ms returns FALSE
T6D58 074:713.464   JLINK_RTTERMINAL_Read(BufferIndex = 0, BufferSize = 0x00010000)
T6D58 074:713.640   - 0.173ms returns 0
T6D58 074:764.520   JLINK_RTTERMINAL_Read(BufferIndex = 0, BufferSize = 0x00010000)
T6D58 074:764.616   - 0.099ms returns 0
T6D34 074:776.968 JLINK_IsHalted()
T6D34 074:778.288 - 1.317ms returns FALSE
T6D34 074:778.448 JLINK_IsHalted()
T6D34 074:779.552 - 1.098ms returns FALSE
T6D58 074:815.192   JLINK_RTTERMINAL_Read(BufferIndex = 0, BufferSize = 0x00010000)
T6D58 074:815.352   - 0.164ms returns 0
T6D58 074:866.800   JLINK_RTTERMINAL_Read(BufferIndex = 0, BufferSize = 0x00010000)
T6D58 074:866.928   - 0.126ms returns 0
T6D34 074:882.224 JLINK_IsHalted()
T6D34 074:883.424 - 1.199ms returns FALSE
T6D34 074:883.560 JLINK_IsHalted()
T6D34 074:885.072 - 1.508ms returns FALSE
T6D58 074:917.856   JLINK_RTTERMINAL_Read(BufferIndex = 0, BufferSize = 0x00010000)
T6D58 074:917.952   - 0.099ms returns 0
T6D58 074:968.688   JLINK_RTTERMINAL_Read(BufferIndex = 0, BufferSize = 0x00010000)
T6D58 074:968.768   - 0.088ms returns 0
T6D34 074:991.176 JLINK_IsHalted()
T6D34 074:992.184 - 1.011ms returns FALSE
T6D34 074:992.256 JLINK_IsHalted()
T6D34 074:992.944 - 0.690ms returns FALSE
T6D58 075:019.992   JLINK_RTTERMINAL_Read(BufferIndex = 0, BufferSize = 0x00010000)
T6D58 075:020.080   - 0.091ms returns 0
T6D58 075:071.248   JLINK_RTTERMINAL_Read(BufferIndex = 0, BufferSize = 0x00010000)
T6D58 075:071.376   - 0.122ms returns 0
T6D34 075:100.880 JLINK_IsHalted()
T6D34 075:101.768 - 0.885ms returns FALSE
T6D34 075:101.944 JLINK_IsHalted()
T6D34 075:103.016 - 1.069ms returns FALSE
T6D58 075:122.352   JLINK_RTTERMINAL_Read(BufferIndex = 0, BufferSize = 0x00010000)
T6D58 075:122.504   - 0.154ms returns 0
T6D58 075:174.064   JLINK_RTTERMINAL_Read(BufferIndex = 0, BufferSize = 0x00010000)
T6D58 075:174.184   - 0.120ms returns 0
T6D34 075:211.096 JLINK_IsHalted()
T6D34 075:212.304 - 1.211ms returns FALSE
T6D34 075:212.472 JLINK_IsHalted()
T6D34 075:213.640 - 1.163ms returns FALSE
T6D58 075:225.056   JLINK_RTTERMINAL_Read(BufferIndex = 0, BufferSize = 0x00010000)
T6D58 075:225.224   - 0.168ms returns 0
T6D58 075:277.328   JLINK_RTTERMINAL_Read(BufferIndex = 0, BufferSize = 0x00010000)
T6D58 075:277.464   - 0.138ms returns 0
T6D34 075:322.784 JLINK_IsHalted()
T6D34 075:324.016 - 1.231ms returns FALSE
T6D34 075:324.216 JLINK_IsHalted()
T6D34 075:325.232 - 1.015ms returns FALSE
T6D58 075:328.288   JLINK_RTTERMINAL_Read(BufferIndex = 0, BufferSize = 0x00010000)
T6D58 075:328.448   - 0.156ms returns 0
T6D58 075:379.216   JLINK_RTTERMINAL_Read(BufferIndex = 0, BufferSize = 0x00010000)
T6D58 075:379.328   - 0.111ms returns 0
T6D34 075:429.168 JLINK_IsHalted()
T6D34 075:430.296 - 1.125ms returns FALSE
T6D58 075:430.408   JLINK_RTTERMINAL_Read(BufferIndex = 0, BufferSize = 0x00010000)
T6D58 075:430.480   - 0.077ms returns 0
T6D34 075:430.656 JLINK_IsHalted()
T6D34 075:431.800 - 1.143ms returns FALSE
T6D58 075:481.072   JLINK_RTTERMINAL_Read(BufferIndex = 0, BufferSize = 0x00010000)
T6D58 075:481.256   - 0.180ms returns 0
T6D58 075:532.208   JLINK_RTTERMINAL_Read(BufferIndex = 0, BufferSize = 0x00010000)
T6D58 075:532.400   - 0.194ms returns 0
T6D34 075:538.800 JLINK_IsHalted()
T6D34 075:539.920 - 1.117ms returns FALSE
T6D34 075:540.024 JLINK_IsHalted()
T6D34 075:540.688 - 0.659ms returns FALSE
T6D58 075:585.456   JLINK_RTTERMINAL_Read(BufferIndex = 0, BufferSize = 0x00010000)
T6D58 075:585.576   - 0.120ms returns 0
T6D58 075:636.304   JLINK_RTTERMINAL_Read(BufferIndex = 0, BufferSize = 0x00010000)
T6D58 075:636.520   - 0.211ms returns 0
T5770 075:643.136 JLINK_IsHalted()
T5770 075:644.256 - 1.114ms returns FALSE
T5770 075:644.392 JLINK_IsHalted()
T5770 075:645.224 - 0.832ms returns FALSE
T6D34 075:647.632 JLINK_IsHalted()
T6D34 075:648.616 - 0.979ms returns FALSE
T6D34 075:648.736 JLINK_IsHalted()
T6D34 075:649.888 - 1.149ms returns FALSE
T6D58 075:687.600   JLINK_RTTERMINAL_Read(BufferIndex = 0, BufferSize = 0x00010000)
T6D58 075:687.736   - 0.144ms returns 0
T6D58 075:739.016   JLINK_RTTERMINAL_Read(BufferIndex = 0, BufferSize = 0x00010000)
T6D58 075:739.096   - 0.087ms returns 0
T6D34 075:757.440 JLINK_IsHalted()
T6D34 075:758.008 - 0.572ms returns FALSE
T6D34 075:758.128 JLINK_IsHalted()
T6D34 075:758.872 - 0.752ms returns FALSE
T6D58 075:790.064   JLINK_RTTERMINAL_Read(BufferIndex = 0, BufferSize = 0x00010000)
T6D58 075:790.288   - 0.224ms returns 0
T6D58 075:842.216   JLINK_RTTERMINAL_Read(BufferIndex = 0, BufferSize = 0x00010000)
T6D58 075:842.344   - 0.124ms returns 0
T6D34 075:870.720 JLINK_IsHalted()
T6D34 075:871.352 - 0.636ms returns FALSE
T6D34 075:871.400 JLINK_IsHalted()
T6D34 075:872.184 - 0.769ms returns FALSE
T6D58 075:894.512   JLINK_RTTERMINAL_Read(BufferIndex = 0, BufferSize = 0x00010000)
T6D58 075:894.584   - 0.073ms returns 0
T6D58 075:945.416   JLINK_RTTERMINAL_Read(BufferIndex = 0, BufferSize = 0x00010000)
T6D58 075:945.520   - 0.103ms returns 0
T6D34 075:977.360 JLINK_IsHalted()
T6D34 075:977.976 - 0.622ms returns FALSE
T6D34 075:978.064 JLINK_IsHalted()
T6D34 075:978.808 - 0.748ms returns FALSE
T6D58 075:996.016   JLINK_RTTERMINAL_Read(BufferIndex = 0, BufferSize = 0x00010000)
T6D58 075:996.104   - 0.086ms returns 0
T6D58 076:047.224   JLINK_RTTERMINAL_Read(BufferIndex = 0, BufferSize = 0x00010000)
T6D58 076:047.352   - 0.128ms returns 0
T6D34 076:084.760 JLINK_IsHalted()
T6D34 076:085.456 - 0.692ms returns FALSE
T6D34 076:085.552 JLINK_IsHalted()
T6D34 076:086.256 - 0.707ms returns FALSE
T6D58 076:098.408   JLINK_RTTERMINAL_Read(BufferIndex = 0, BufferSize = 0x00010000)
T6D58 076:098.528   - 0.123ms returns 0
T6D58 076:149.552   JLINK_RTTERMINAL_Read(BufferIndex = 0, BufferSize = 0x00010000)
T6D58 076:149.688   - 0.136ms returns 0
T6D34 076:194.808 JLINK_IsHalted()
T6D34 076:195.624 - 0.809ms returns FALSE
T6D34 076:195.712 JLINK_IsHalted()
T6D34 076:196.392 - 0.678ms returns FALSE
T6D58 076:200.568   JLINK_RTTERMINAL_Read(BufferIndex = 0, BufferSize = 0x00010000)
T6D58 076:200.688   - 0.118ms returns 0
T6D58 076:252.472   JLINK_RTTERMINAL_Read(BufferIndex = 0, BufferSize = 0x00010000)
T6D58 076:252.560   - 0.083ms returns 0
T6D58 076:303.088   JLINK_RTTERMINAL_Read(BufferIndex = 0, BufferSize = 0x00010000)
T6D58 076:303.184   - 0.099ms returns 0
T6D34 076:303.912 JLINK_IsHalted()
T6D34 076:304.752 - 0.844ms returns FALSE
T6D34 076:304.848 JLINK_IsHalted()
T6D34 076:305.520 - 0.671ms returns FALSE
T6D58 076:354.384   JLINK_RTTERMINAL_Read(BufferIndex = 0, BufferSize = 0x00010000)
T6D58 076:354.536   - 0.144ms returns 0
T6D58 076:406.016   JLINK_RTTERMINAL_Read(BufferIndex = 0, BufferSize = 0x00010000)
T6D58 076:406.216   - 0.194ms returns 0
T6D34 076:413.800 JLINK_IsHalted()
T6D34 076:414.944 - 1.141ms returns FALSE
T6D34 076:415.064 JLINK_IsHalted()
T6D34 076:416.048 - 0.976ms returns FALSE
T6D58 076:457.264   JLINK_RTTERMINAL_Read(BufferIndex = 0, BufferSize = 0x00010000)
T6D58 076:457.456   - 0.196ms returns 0
T6D58 076:508.904   JLINK_RTTERMINAL_Read(BufferIndex = 0, BufferSize = 0x00010000)
T6D58 076:509.056   - 0.154ms returns 0
T6D34 076:522.968 JLINK_IsHalted()
T6D34 076:524.224 - 1.255ms returns FALSE
T6D34 076:524.400 JLINK_IsHalted()
T6D34 076:525.600 - 1.196ms returns FALSE
T6D58 076:559.888   JLINK_RTTERMINAL_Read(BufferIndex = 0, BufferSize = 0x00010000)
T6D58 076:560.048   - 0.158ms returns 0
T6D58 076:611.224   JLINK_RTTERMINAL_Read(BufferIndex = 0, BufferSize = 0x00010000)
T6D58 076:611.344   - 0.114ms returns 0
T6D34 076:631.800 JLINK_IsHalted()
T6D34 076:632.816 - 1.009ms returns FALSE
T6D34 076:632.880 JLINK_IsHalted()
T6D34 076:633.784 - 0.899ms returns FALSE
T5770 076:646.080 JLINK_IsHalted()
T5770 076:646.816 - 0.736ms returns FALSE
T5770 076:646.984 JLINK_IsHalted()
T5770 076:648.208 - 1.217ms returns FALSE
T6D58 076:663.664   JLINK_RTTERMINAL_Read(BufferIndex = 0, BufferSize = 0x00010000)
T6D58 076:663.856   - 0.197ms returns 0
T6D58 076:715.472   JLINK_RTTERMINAL_Read(BufferIndex = 0, BufferSize = 0x00010000)
T6D58 076:715.576   - 0.096ms returns 0
T6D34 076:741.256 JLINK_IsHalted()
T6D34 076:742.376 - 1.114ms returns FALSE
T6D34 076:742.512 JLINK_IsHalted()
T6D34 076:743.248 - 0.738ms returns FALSE
T6D58 076:766.896   JLINK_RTTERMINAL_Read(BufferIndex = 0, BufferSize = 0x00010000)
T6D58 076:766.992   - 0.104ms returns 0
T6D58 076:818.216   JLINK_RTTERMINAL_Read(BufferIndex = 0, BufferSize = 0x00010000)
T6D58 076:818.424   - 0.211ms returns 0
T6D34 076:851.280 JLINK_IsHalted()
T6D34 076:852.424 - 1.151ms returns FALSE
T6D34 076:852.464 JLINK_IsHalted()
T6D34 076:853.232 - 0.755ms returns FALSE
T6D58 076:869.264   JLINK_RTTERMINAL_Read(BufferIndex = 0, BufferSize = 0x00010000)
T6D58 076:869.400   - 0.138ms returns 0
T6D58 076:922.704   JLINK_RTTERMINAL_Read(BufferIndex = 0, BufferSize = 0x00010000)
T6D58 076:922.864   - 0.161ms returns 0
T6D34 076:959.864 JLINK_IsHalted()
T6D34 076:961.200 - 1.332ms returns FALSE
T6D34 076:961.360 JLINK_IsHalted()
T6D34 076:962.360 - 1.005ms returns FALSE
T6D58 076:974.200   JLINK_RTTERMINAL_Read(BufferIndex = 0, BufferSize = 0x00010000)
T6D58 076:974.360   - 0.162ms returns 0
T6D58 077:025.920   JLINK_RTTERMINAL_Read(BufferIndex = 0, BufferSize = 0x00010000)
T6D58 077:026.088   - 0.168ms returns 0
T6D34 077:069.640 JLINK_IsHalted()
T6D34 077:070.672 - 1.028ms returns FALSE
T6D34 077:070.768 JLINK_IsHalted()
T6D34 077:071.408 - 0.629ms returns FALSE
T6D58 077:077.448   JLINK_RTTERMINAL_Read(BufferIndex = 0, BufferSize = 0x00010000)
T6D58 077:077.576   - 0.130ms returns 0
T6D58 077:128.216   JLINK_RTTERMINAL_Read(BufferIndex = 0, BufferSize = 0x00010000)
T6D58 077:128.384   - 0.164ms returns 0
T6D34 077:179.208 JLINK_IsHalted()
T6D34 077:180.216 - 1.007ms returns FALSE
T6D58 077:180.304   JLINK_RTTERMINAL_Read(BufferIndex = 0, BufferSize = 0x00010000)
T6D58 077:180.344   - 0.044ms returns 0
T6D34 077:180.576 JLINK_IsHalted()
T6D34 077:181.648 - 1.074ms returns FALSE
T6D58 077:231.608   JLINK_RTTERMINAL_Read(BufferIndex = 0, BufferSize = 0x00010000)
T6D58 077:231.752   - 0.140ms returns 0
T6D58 077:283.376   JLINK_RTTERMINAL_Read(BufferIndex = 0, BufferSize = 0x00010000)
T6D58 077:283.472   - 0.095ms returns 0
T6D34 077:288.176 JLINK_IsHalted()
T6D34 077:289.120 - 0.941ms returns FALSE
T6D34 077:289.192 JLINK_IsHalted()
T6D34 077:289.864 - 0.670ms returns FALSE
T6D58 077:336.296   JLINK_RTTERMINAL_Read(BufferIndex = 0, BufferSize = 0x00010000)
T6D58 077:336.496   - 0.203ms returns 0
T6D58 077:387.920   JLINK_RTTERMINAL_Read(BufferIndex = 0, BufferSize = 0x00010000)
T6D58 077:388.088   - 0.168ms returns 0
T6D34 077:400.104 JLINK_IsHalted()
T6D34 077:401.312 - 1.206ms returns FALSE
T6D34 077:401.464 JLINK_IsHalted()
T6D34 077:402.424 - 0.956ms returns FALSE
T6D58 077:439.040   JLINK_RTTERMINAL_Read(BufferIndex = 0, BufferSize = 0x00010000)
T6D58 077:439.232   - 0.192ms returns 0
T6D58 077:491.152   JLINK_RTTERMINAL_Read(BufferIndex = 0, BufferSize = 0x00010000)
T6D58 077:491.336   - 0.191ms returns 0
T6D34 077:507.816 JLINK_IsHalted()
T6D34 077:508.688 - 0.872ms returns FALSE
T6D34 077:508.784 JLINK_IsHalted()
T6D34 077:509.504 - 0.719ms returns FALSE
T6D58 077:545.968   JLINK_RTTERMINAL_Read(BufferIndex = 0, BufferSize = 0x00010000)
T6D58 077:546.096   - 0.132ms returns 0
T6D58 077:597.584   JLINK_RTTERMINAL_Read(BufferIndex = 0, BufferSize = 0x00010000)
T6D58 077:597.744   - 0.163ms returns 0
T6D34 077:616.664 JLINK_IsHalted()
T6D34 077:617.664 - 0.993ms returns FALSE
T6D34 077:617.728 JLINK_IsHalted()
T6D34 077:618.376 - 0.647ms returns FALSE
T6D58 077:648.472   JLINK_RTTERMINAL_Read(BufferIndex = 0, BufferSize = 0x00010000)
T6D58 077:648.584   - 0.109ms returns 0
T5770 077:649.536 JLINK_IsHalted()
T5770 077:650.288 - 0.750ms returns FALSE
T5770 077:650.384 JLINK_IsHalted()
T5770 077:651.328 - 0.936ms returns FALSE
T6D58 077:699.416   JLINK_RTTERMINAL_Read(BufferIndex = 0, BufferSize = 0x00010000)
T6D58 077:699.528   - 0.104ms returns 0
T6D34 077:725.792 JLINK_IsHalted()
T6D34 077:731.376 - 5.580ms returns TRUE
T6D34 077:731.544 JLINK_ReadReg(XPSR)
T6D34 077:731.664   CPU_ReadMem(4 bytes @ 0xE000EE08)
T6D34 077:732.720 - 1.180ms returns 0x61000000
T6D34 077:732.816 JLINK_ReadReg(R15 (PC))
T6D34 077:732.864 - 0.049ms returns 0x0000135C
T6D34 077:732.912 JLINK_ReadReg(XPSR)
T6D34 077:732.976 - 0.053ms returns 0x61000000
T6D34 077:733.048 JLINK_ReadReg(XPSR)
T6D34 077:733.152 - 0.101ms returns 0x61000000
T6D34 077:733.272 JLINK_ReadReg(R15 (PC))
T6D34 077:733.368 - 0.098ms returns 0x0000135C
T6D34 077:733.440 JLINK_ReadReg(XPSR)
T6D34 077:733.512 - 0.065ms returns 0x61000000
T6D34 077:733.568 JLINK_ReadReg(XPSR)
T6D34 077:733.632 - 0.059ms returns 0x61000000
T6D34 077:733.696 JLINK_ReadMem(0x0000135C, 0x1 Bytes, ...)
T6D34 077:733.760    -- Read from flash cache (1 bytes @ 0x0000135C)
T6D34 077:733.840   Data:  FE
T6D34 077:733.928 - 0.236ms returns 0
T6D34 077:733.976 JLINK_IsHalted()
T6D34 077:734.000 - 0.017ms returns TRUE
T6D34 077:734.008 JLINK_ReadReg(XPSR)
T6D34 077:734.032 - 0.016ms returns 0x61000000
T6D34 077:734.048 JLINK_ReadReg(XPSR)
T6D34 077:734.064 - 0.016ms returns 0x61000000
T6D34 077:734.080 JLINK_ReadReg(R15 (PC))
T6D34 077:734.096 - 0.017ms returns 0x0000135C
T6D34 077:734.120 JLINK_ReadReg(XPSR)
T6D34 077:734.136 - 0.017ms returns 0x61000000
T6D34 077:734.152 JLINK_ReadReg(XPSR)
T6D34 077:734.168 - 0.017ms returns 0x61000000
T6D34 077:737.296 JLINK_ReadMem(0x0000135C, 0x1 Bytes, ...)
T6D34 077:737.392    -- Read from flash cache (1 bytes @ 0x0000135C)
T6D34 077:737.456   Data:  FE
T6D34 077:737.552 - 0.249ms returns 0
T6D34 077:737.688 JLINK_IsHalted()
T6D34 077:737.744 - 0.050ms returns TRUE
T6D34 077:737.792 JLINK_ReadReg(XPSR)
T6D34 077:737.840 - 0.050ms returns 0x61000000
T6D34 077:737.888 JLINK_ReadReg(R15 (PC))
T6D34 077:737.936 - 0.044ms returns 0x0000135C
T6D34 077:737.976 JLINK_ReadReg(XPSR)
T6D34 077:738.024 - 0.044ms returns 0x61000000
T6D34 077:738.072 JLINK_ReadReg(XPSR)
T6D34 077:738.120 - 0.044ms returns 0x61000000
T6D34 077:738.160 JLINK_ReadReg(R15 (PC))
T6D34 077:738.216 - 0.046ms returns 0x0000135C
T6D34 077:738.256 JLINK_ReadReg(XPSR)
T6D34 077:738.304 - 0.044ms returns 0x61000000
T6D34 077:738.352 JLINK_ReadReg(XPSR)
T6D34 077:738.400 - 0.044ms returns 0x61000000
T6D34 077:738.448 JLINK_ReadMem(0x0000135C, 0x1 Bytes, ...)
T6D34 077:738.488    -- Read from flash cache (1 bytes @ 0x0000135C)
T6D34 077:738.560   Data:  FE
T6D34 077:738.624 - 0.181ms returns 0
T6D34 077:738.672 JLINK_IsHalted()
T6D34 077:738.712 - 0.042ms returns TRUE
T6D34 077:738.760 JLINK_ReadReg(XPSR)
T6D34 077:738.800 - 0.044ms returns 0x61000000
T6D34 077:738.848 JLINK_ReadReg(XPSR)
T6D34 077:738.896 - 0.043ms returns 0x61000000
T6D34 077:738.936 JLINK_ReadReg(R15 (PC))
T6D34 077:738.984 - 0.044ms returns 0x0000135C
T6D34 077:739.024 JLINK_ReadReg(XPSR)
T6D34 077:739.080 - 0.046ms returns 0x61000000
T6D34 077:739.136 JLINK_ReadReg(XPSR)
T6D34 077:739.184 - 0.046ms returns 0x61000000
T6D34 077:739.232 JLINK_ReadMem(0x0000135C, 0x1 Bytes, ...)
T6D34 077:739.272    -- Read from flash cache (1 bytes @ 0x0000135C)
T6D34 077:739.336   Data:  FE
T6D34 077:739.400 - 0.170ms returns 0
T6D34 077:740.752 JLINK_ReadRegs(NumRegs = 22)
T6D34 077:740.904   
  R0 (0)        = 0x1C7                R1 (1)        = 0x1FF80              R2 (2)        = 0x80                 R3 (3)        = 0x80              
  R4 (4)        = 0x1C7                R5 (5)        = 0x02                 R6 (6)        = 0x80                 R7 (7)        = 0x00              
  R8 (8)        = 0x00                 R9 (9)        = 0x40008668           R10 (10)      = 0x00                 R11 (11)      = 0x00              
  R12 (12)      = 0x20004129           R13 (SP) (13) = 0x20004970           R14 (14)      = 0x131F               R15 (PC) (15) = 0x135C            
  XPSR (16)     = 0x61000000           MSPLIM (86)   = 0x00                 PSPLIM (87)   = 0x00                 CFBP (20)     = 0x00              
  R0 (0)        = 0x1C7                R1 (1)        = 0x1FF80           
T6D34 077:740.952 - 0.202ms returns 0x00
T6D34 077:742.928 JLINK_ReadMem(0x0000135C, 0x4 Bytes, ...)
T6D34 077:743.040    -- Read from flash cache (4 bytes @ 0x0000135C)
T6D34 077:743.088   Data:  FE E7 25 B0
T6D34 077:743.136 - 0.205ms returns 0
T5770 077:746.256 JLINK_IsHalted()
T5770 077:746.328 - 0.070ms returns TRUE
T5770 077:746.352 JLINK_ReadReg(XPSR)
T5770 077:746.376 - 0.023ms returns 0x61000000
T5770 077:746.408 JLINK_ReadReg(R15 (PC))
T5770 077:746.432 - 0.029ms returns 0x0000135C
T5770 077:746.464 JLINK_ReadReg(XPSR)
T5770 077:746.488 - 0.026ms returns 0x61000000
T5770 077:746.512 JLINK_ReadReg(XPSR)
T5770 077:746.544 - 0.026ms returns 0x61000000
T5770 077:746.568 JLINK_ReadReg(R15 (PC))
T5770 077:746.592 - 0.026ms returns 0x0000135C
T5770 077:746.624 JLINK_ReadReg(XPSR)
T5770 077:746.648 - 0.026ms returns 0x61000000
T5770 077:746.672 JLINK_ReadReg(XPSR)
T5770 077:746.704 - 0.026ms returns 0x61000000
T5770 077:746.728 JLINK_ReadMem(0x0000135C, 0x1 Bytes, ...)
T5770 077:746.760    -- Read from flash cache (1 bytes @ 0x0000135C)
T5770 077:746.800   Data:  FE
T5770 077:746.832 - 0.106ms returns 0
T5770 077:746.864 JLINK_IsHalted()
T5770 077:746.888 - 0.025ms returns TRUE
T5770 077:746.912 JLINK_ReadReg(XPSR)
T5770 077:746.936 - 0.025ms returns 0x61000000
T5770 077:746.960 JLINK_ReadReg(XPSR)
T5770 077:746.984 - 0.017ms returns 0x61000000
T5770 077:747.000 JLINK_ReadReg(R15 (PC))
T5770 077:747.024 - 0.017ms returns 0x0000135C
T5770 077:747.040 JLINK_ReadReg(XPSR)
T5770 077:747.056 - 0.016ms returns 0x61000000
T5770 077:747.072 JLINK_ReadReg(XPSR)
T5770 077:747.088 - 0.016ms returns 0x61000000
T5770 077:747.104 JLINK_ReadMem(0x0000135C, 0x1 Bytes, ...)
T5770 077:747.136    -- Read from flash cache (1 bytes @ 0x0000135C)
T5770 077:747.184   Data:  FE
T5770 077:747.216 - 0.106ms returns 0
T6D58 077:750.360   JLINK_RTTERMINAL_Read(BufferIndex = 0, BufferSize = 0x00010000)
T6D58 077:750.472   - 0.111ms returns 0
T6D34 077:792.880 JLINK_ReadMem(0x0000135C, 0x4 Bytes, ...)
T6D34 077:792.984    -- Read from flash cache (4 bytes @ 0x0000135C)
T6D34 077:793.024   Data:  FE E7 25 B0
T6D34 077:793.064 - 0.186ms returns 0
T6D34 077:793.536 JLINK_ReadMem(0x20004A00, 0x40 Bytes, ...)
T6D34 077:793.688   CPU_ReadMem(64 bytes @ 0x20004A00)
T6D34 077:795.104    -- Updating C cache (64 bytes @ 0x20004A00)
T6D34 077:795.248    -- Read from C cache (64 bytes @ 0x20004A00)
T6D34 077:795.280   Data:  2C B6 79 80 00 00 00 00 E5 10 00 00 10 00 00 00 ...
T6D34 077:795.320 - 1.785ms returns 0
T6D34 077:795.896 JLINK_ReadMem(0x000014F2, 0x4 Bytes, ...)
T6D34 077:795.952    -- Read from flash cache (4 bytes @ 0x000014F2)
T6D34 077:795.984   Data:  01 90 01 98
T6D34 077:796.008 - 0.105ms returns 0
T6D34 077:796.560 JLINK_ReadMem(0x000014F2, 0x4 Bytes, ...)
T6D34 077:796.616    -- Read from flash cache (4 bytes @ 0x000014F2)
T6D34 077:796.640   Data:  01 90 01 98
T6D34 077:796.656 - 0.095ms returns 0
T6D34 077:797.104 JLINK_ReadMem(0x000014F2, 0x4 Bytes, ...)
T6D34 077:797.144    -- Read from flash cache (4 bytes @ 0x000014F2)
T6D34 077:797.168   Data:  01 90 01 98
T6D34 077:797.200 - 0.089ms returns 0
T6D34 077:797.584 JLINK_ReadMem(0x000014F2, 0x4 Bytes, ...)
T6D34 077:797.624    -- Read from flash cache (4 bytes @ 0x000014F2)
T6D34 077:797.648   Data:  01 90 01 98
T6D34 077:797.680 - 0.091ms returns 0
T6D34 077:798.040 JLINK_ReadMem(0x000014F2, 0x4 Bytes, ...)
T6D34 077:798.088    -- Read from flash cache (4 bytes @ 0x000014F2)
T6D34 077:798.120   Data:  01 90 01 98
T6D34 077:798.144 - 0.100ms returns 0
T6D34 077:798.584 JLINK_ReadMem(0x000014F2, 0x4 Bytes, ...)
T6D34 077:798.632    -- Read from flash cache (4 bytes @ 0x000014F2)
T6D34 077:798.656   Data:  01 90 01 98
T6D34 077:798.680 - 0.093ms returns 0
T6D34 077:799.048 JLINK_ReadMem(0x000014F2, 0x4 Bytes, ...)
T6D34 077:799.088    -- Read from flash cache (4 bytes @ 0x000014F2)
T6D34 077:799.120   Data:  01 90 01 98
T6D34 077:799.152 - 0.112ms returns 0
T6D58 077:801.960   JLINK_RTTERMINAL_Read(BufferIndex = 0, BufferSize = 0x00010000)
T6D58 077:802.032   - 0.072ms returns 0
T6D34 077:802.128 JLINK_ReadMem(0x000014F2, 0x4 Bytes, ...)
T6D34 077:802.176    -- Read from flash cache (4 bytes @ 0x000014F2)
T6D34 077:802.208   Data:  01 90 01 98
T6D34 077:802.240 - 0.105ms returns 0
T6D34 077:802.888 JLINK_ReadMem(0x000014F2, 0x4 Bytes, ...)
T6D34 077:802.936    -- Read from flash cache (4 bytes @ 0x000014F2)
T6D34 077:802.968   Data:  01 90 01 98
T6D34 077:802.992 - 0.108ms returns 0
T6D34 077:803.480 JLINK_ReadMem(0x000014F2, 0x4 Bytes, ...)
T6D34 077:803.528    -- Read from flash cache (4 bytes @ 0x000014F2)
T6D34 077:803.568   Data:  01 90 01 98
T6D34 077:803.600 - 0.118ms returns 0
T6D58 077:853.096   JLINK_RTTERMINAL_Read(BufferIndex = 0, BufferSize = 0x00010000)
T6D58 077:853.184   - 0.088ms returns 0
T6D58 077:904.496   JLINK_RTTERMINAL_Read(BufferIndex = 0, BufferSize = 0x00010000)
T6D58 077:904.584   - 0.085ms returns 0
T6D58 077:956.416   JLINK_RTTERMINAL_Read(BufferIndex = 0, BufferSize = 0x00010000)
T6D58 077:956.504   - 0.093ms returns 0
T6D58 078:007.944   JLINK_RTTERMINAL_Read(BufferIndex = 0, BufferSize = 0x00010000)
T6D58 078:008.040   - 0.094ms returns 0
T6D58 078:059.464   JLINK_RTTERMINAL_Read(BufferIndex = 0, BufferSize = 0x00010000)
T6D58 078:059.528   - 0.068ms returns 0
T6D58 078:110.472   JLINK_RTTERMINAL_Read(BufferIndex = 0, BufferSize = 0x00010000)
T6D58 078:110.544   - 0.072ms returns 0
T6D58 078:162.216   JLINK_RTTERMINAL_Read(BufferIndex = 0, BufferSize = 0x00010000)
T6D58 078:162.288   - 0.079ms returns 0
T6D58 078:213.240   JLINK_RTTERMINAL_Read(BufferIndex = 0, BufferSize = 0x00010000)
T6D58 078:213.416   - 0.174ms returns 0
T6D58 078:263.888   JLINK_RTTERMINAL_Read(BufferIndex = 0, BufferSize = 0x00010000)
T6D58 078:263.976   - 0.084ms returns 0
T6D58 078:314.784   JLINK_RTTERMINAL_Read(BufferIndex = 0, BufferSize = 0x00010000)
T6D58 078:314.848   - 0.066ms returns 0
T6D58 078:366.352   JLINK_RTTERMINAL_Read(BufferIndex = 0, BufferSize = 0x00010000)
T6D58 078:366.448   - 0.099ms returns 0
T6D58 078:418.592   JLINK_RTTERMINAL_Read(BufferIndex = 0, BufferSize = 0x00010000)
T6D58 078:418.648   - 0.061ms returns 0
T6D58 078:470.768   JLINK_RTTERMINAL_Read(BufferIndex = 0, BufferSize = 0x00010000)
T6D58 078:470.880   - 0.120ms returns 0
T6D58 078:521.976   JLINK_RTTERMINAL_Read(BufferIndex = 0, BufferSize = 0x00010000)
T6D58 078:522.112   - 0.129ms returns 0
T6D58 078:572.840   JLINK_RTTERMINAL_Read(BufferIndex = 0, BufferSize = 0x00010000)
T6D58 078:572.912   - 0.067ms returns 0
T6D58 078:623.352   JLINK_RTTERMINAL_Read(BufferIndex = 0, BufferSize = 0x00010000)
T6D58 078:623.424   - 0.071ms returns 0
T6D58 078:674.416   JLINK_RTTERMINAL_Read(BufferIndex = 0, BufferSize = 0x00010000)
T6D58 078:674.480   - 0.071ms returns 0
T6D58 078:725.464   JLINK_RTTERMINAL_Read(BufferIndex = 0, BufferSize = 0x00010000)
T6D58 078:727.432   - 1.963ms returns 0
T6D58 078:778.264   JLINK_RTTERMINAL_Read(BufferIndex = 0, BufferSize = 0x00010000)
T6D58 078:778.376   - 0.114ms returns 0
T6D58 078:829.392   JLINK_RTTERMINAL_Read(BufferIndex = 0, BufferSize = 0x00010000)
T6D58 078:829.472   - 0.076ms returns 0
T6D58 078:881.384   JLINK_RTTERMINAL_Read(BufferIndex = 0, BufferSize = 0x00010000)
T6D58 078:881.512   - 0.128ms returns 0
T6D58 078:932.488   JLINK_RTTERMINAL_Read(BufferIndex = 0, BufferSize = 0x00010000)
T6D58 078:932.592   - 0.106ms returns 0
T6D58 078:983.240   JLINK_RTTERMINAL_Read(BufferIndex = 0, BufferSize = 0x00010000)
T6D58 078:983.392   - 0.154ms returns 0
T6D58 079:034.128   JLINK_RTTERMINAL_Read(BufferIndex = 0, BufferSize = 0x00010000)
T6D58 079:034.240   - 0.115ms returns 0
T6D58 079:085.664   JLINK_RTTERMINAL_Read(BufferIndex = 0, BufferSize = 0x00010000)
T6D58 079:085.816   - 0.153ms returns 0
T6D58 079:136.656   JLINK_RTTERMINAL_Read(BufferIndex = 0, BufferSize = 0x00010000)
T6D58 079:136.792   - 0.137ms returns 0
T6D58 079:188.856   JLINK_RTTERMINAL_Read(BufferIndex = 0, BufferSize = 0x00010000)
T6D58 079:189.080   - 0.226ms returns 0
T6D58 079:240.920   JLINK_RTTERMINAL_Read(BufferIndex = 0, BufferSize = 0x00010000)
T6D58 079:241.016   - 0.092ms returns 0
T6D58 079:293.520   JLINK_RTTERMINAL_Read(BufferIndex = 0, BufferSize = 0x00010000)
T6D58 079:293.600   - 0.072ms returns 0
T6D58 079:344.184   JLINK_RTTERMINAL_Read(BufferIndex = 0, BufferSize = 0x00010000)
T6D58 079:344.304   - 0.120ms returns 0
T6D58 079:395.400   JLINK_RTTERMINAL_Read(BufferIndex = 0, BufferSize = 0x00010000)
T6D58 079:395.536   - 0.132ms returns 0
T6D58 079:446.120   JLINK_RTTERMINAL_Read(BufferIndex = 0, BufferSize = 0x00010000)
T6D58 079:446.288   - 0.172ms returns 0
T6D58 079:497.768   JLINK_RTTERMINAL_Read(BufferIndex = 0, BufferSize = 0x00010000)
T6D58 079:497.880   - 0.117ms returns 0
T6D58 079:548.888   JLINK_RTTERMINAL_Read(BufferIndex = 0, BufferSize = 0x00010000)
T6D58 079:549.048   - 0.157ms returns 0
T6D58 079:600.096   JLINK_RTTERMINAL_Read(BufferIndex = 0, BufferSize = 0x00010000)
T6D58 079:600.192   - 0.095ms returns 0
T6D58 079:651.896   JLINK_RTTERMINAL_Read(BufferIndex = 0, BufferSize = 0x00010000)
T6D58 079:652.048   - 0.152ms returns 0
T6D58 079:703.960   JLINK_RTTERMINAL_Read(BufferIndex = 0, BufferSize = 0x00010000)
T6D58 079:704.056   - 0.097ms returns 0
T6D58 079:754.768   JLINK_RTTERMINAL_Read(BufferIndex = 0, BufferSize = 0x00010000)
T6D58 079:754.864   - 0.110ms returns 0
T6D58 079:805.624   JLINK_RTTERMINAL_Read(BufferIndex = 0, BufferSize = 0x00010000)
T6D58 079:805.704   - 0.077ms returns 0
T6D58 079:856.664   JLINK_RTTERMINAL_Read(BufferIndex = 0, BufferSize = 0x00010000)
T6D58 079:856.752   - 0.087ms returns 0
T6D58 079:907.640   JLINK_RTTERMINAL_Read(BufferIndex = 0, BufferSize = 0x00010000)
T6D58 079:907.736   - 0.101ms returns 0
T6D58 079:958.480   JLINK_RTTERMINAL_Read(BufferIndex = 0, BufferSize = 0x00010000)
T6D58 079:958.568   - 0.091ms returns 0
T6D58 080:009.624   JLINK_RTTERMINAL_Read(BufferIndex = 0, BufferSize = 0x00010000)
T6D58 080:009.728   - 0.101ms returns 0
T6D58 080:061.016   JLINK_RTTERMINAL_Read(BufferIndex = 0, BufferSize = 0x00010000)
T6D58 080:061.200   - 0.178ms returns 0
T6D58 080:112.296   JLINK_RTTERMINAL_Read(BufferIndex = 0, BufferSize = 0x00010000)
T6D58 080:112.464   - 0.165ms returns 0
T6D58 080:163.016   JLINK_RTTERMINAL_Read(BufferIndex = 0, BufferSize = 0x00010000)
T6D58 080:163.104   - 0.092ms returns 0
T6D34 080:213.416 JLINK_ReadMem(0x20004980, 0x40 Bytes, ...)
T6D34 080:213.520   CPU_ReadMem(64 bytes @ 0x20004980)
T6D34 080:214.856    -- Updating C cache (64 bytes @ 0x20004980)
T6D34 080:214.928    -- Read from C cache (64 bytes @ 0x20004980)
T6D34 080:214.960   Data:  C7 01 00 00 FF FF FF FF FF FF FF FF FF FF FF FF ...
T6D34 080:214.992 - 1.583ms returns 0
T6D58 080:215.040   JLINK_RTTERMINAL_Read(BufferIndex = 0, BufferSize = 0x00010000)
T6D58 080:215.112   - 0.076ms returns 0
T6D34 080:215.488 JLINK_ReadMem(0x200049C0, 0x40 Bytes, ...)
T6D34 080:215.544   CPU_ReadMem(64 bytes @ 0x200049C0)
T6D34 080:216.472    -- Updating C cache (64 bytes @ 0x200049C0)
T6D34 080:216.544    -- Read from C cache (64 bytes @ 0x200049C0)
T6D34 080:216.576   Data:  FF FF FF FF FF FF FF FF FF FF FF FF FF FF FF FF ...
T6D34 080:216.608 - 1.120ms returns 0
T6D34 080:217.104 JLINK_ReadMem(0x20004A00, 0x40 Bytes, ...)
T6D34 080:217.152    -- Read from C cache (64 bytes @ 0x20004A00)
T6D34 080:217.200   Data:  2C B6 79 80 00 00 00 00 E5 10 00 00 10 00 00 00 ...
T6D34 080:217.224 - 0.121ms returns 0
T6D58 080:266.032   JLINK_RTTERMINAL_Read(BufferIndex = 0, BufferSize = 0x00010000)
T6D58 080:266.128   - 0.097ms returns 0
T6D58 080:317.280   JLINK_RTTERMINAL_Read(BufferIndex = 0, BufferSize = 0x00010000)
T6D58 080:317.392   - 0.104ms returns 0
T6D58 080:368.008   JLINK_RTTERMINAL_Read(BufferIndex = 0, BufferSize = 0x00010000)
T6D58 080:368.120   - 0.114ms returns 0
T6D34 080:384.240 JLINK_ReadMem(0x20004984, 0x64 Bytes, ...)
T6D34 080:384.352    -- Read from C cache (100 bytes @ 0x20004984)
T6D34 080:384.400   Data:  FF FF FF FF FF FF FF FF FF FF FF FF FF FF FF FF ...
T6D34 080:384.440 - 0.208ms returns 0
T6D34 080:385.576 JLINK_ReadMem(0x200049E8, 0x1C Bytes, ...)
T6D34 080:385.656    -- Read from C cache (28 bytes @ 0x200049E8)
T6D34 080:385.696   Data:  FF FF FF FF FF FF FF FF FF FF FF FF 77 C2 95 F3 ...
T6D34 080:385.736 - 0.160ms returns 0
T6D34 080:386.688 JLINK_ReadMem(0x20004984, 0x64 Bytes, ...)
T6D34 080:386.760    -- Read from C cache (100 bytes @ 0x20004984)
T6D34 080:386.800   Data:  FF FF FF FF FF FF FF FF FF FF FF FF FF FF FF FF ...
T6D34 080:386.832 - 0.149ms returns 0
T6D34 080:391.480 JLINK_ReadMem(0x200049E8, 0x1C Bytes, ...)
T6D34 080:391.584    -- Read from C cache (28 bytes @ 0x200049E8)
T6D34 080:391.608   Data:  FF FF FF FF FF FF FF FF FF FF FF FF 77 C2 95 F3 ...
T6D34 080:391.640 - 0.159ms returns 0
T6D34 080:394.448 JLINK_ReadMem(0x20004984, 0x64 Bytes, ...)
T6D34 080:394.552    -- Read from C cache (100 bytes @ 0x20004984)
T6D34 080:394.584   Data:  FF FF FF FF FF FF FF FF FF FF FF FF FF FF FF FF ...
T6D34 080:394.608 - 0.156ms returns 0
T6D34 080:395.760 JLINK_ReadMem(0x200049E8, 0x1C Bytes, ...)
T6D34 080:395.856    -- Read from C cache (28 bytes @ 0x200049E8)
T6D34 080:395.896   Data:  FF FF FF FF FF FF FF FF FF FF FF FF 77 C2 95 F3 ...
T6D34 080:395.928 - 0.169ms returns 0
T6D58 080:419.312   JLINK_RTTERMINAL_Read(BufferIndex = 0, BufferSize = 0x00010000)
T6D58 080:419.416   - 0.104ms returns 0
T6D58 080:470.424   JLINK_RTTERMINAL_Read(BufferIndex = 0, BufferSize = 0x00010000)
T6D58 080:470.584   - 0.160ms returns 0
T6D58 080:522.272   JLINK_RTTERMINAL_Read(BufferIndex = 0, BufferSize = 0x00010000)
T6D58 080:522.384   - 0.113ms returns 0
T6D58 080:574.504   JLINK_RTTERMINAL_Read(BufferIndex = 0, BufferSize = 0x00010000)
T6D58 080:574.600   - 0.097ms returns 0
T6D58 080:626.376   JLINK_RTTERMINAL_Read(BufferIndex = 0, BufferSize = 0x00010000)
T6D58 080:626.456   - 0.079ms returns 0
T6D58 080:677.336   JLINK_RTTERMINAL_Read(BufferIndex = 0, BufferSize = 0x00010000)
T6D58 080:677.520   - 0.184ms returns 0
T6D58 080:728.464   JLINK_RTTERMINAL_Read(BufferIndex = 0, BufferSize = 0x00010000)
T6D58 080:728.560   - 0.103ms returns 0
T6D58 080:779.936   JLINK_RTTERMINAL_Read(BufferIndex = 0, BufferSize = 0x00010000)
T6D58 080:780.040   - 0.105ms returns 0
T6D58 080:832.920   JLINK_RTTERMINAL_Read(BufferIndex = 0, BufferSize = 0x00010000)
T6D58 080:833.128   - 0.201ms returns 0
T6D58 080:884.384   JLINK_RTTERMINAL_Read(BufferIndex = 0, BufferSize = 0x00010000)
T6D58 080:884.560   - 0.173ms returns 0
T6D58 080:935.488   JLINK_RTTERMINAL_Read(BufferIndex = 0, BufferSize = 0x00010000)
T6D58 080:935.584   - 0.099ms returns 0
T6D58 080:986.072   JLINK_RTTERMINAL_Read(BufferIndex = 0, BufferSize = 0x00010000)
T6D58 080:986.288   - 0.212ms returns 0
T6D58 081:039.960   JLINK_RTTERMINAL_Read(BufferIndex = 0, BufferSize = 0x00010000)
T6D58 081:040.144   - 0.176ms returns 0
T6D58 081:091.584   JLINK_RTTERMINAL_Read(BufferIndex = 0, BufferSize = 0x00010000)
T6D58 081:091.752   - 0.168ms returns 0
T6D58 081:142.752   JLINK_RTTERMINAL_Read(BufferIndex = 0, BufferSize = 0x00010000)
T6D58 081:142.920   - 0.172ms returns 0
T6D58 081:194.008   JLINK_RTTERMINAL_Read(BufferIndex = 0, BufferSize = 0x00010000)
T6D58 081:194.176   - 0.165ms returns 0
T6D58 081:245.552   JLINK_RTTERMINAL_Read(BufferIndex = 0, BufferSize = 0x00010000)
T6D58 081:245.648   - 0.085ms returns 0
T6D58 081:296.576   JLINK_RTTERMINAL_Read(BufferIndex = 0, BufferSize = 0x00010000)
T6D58 081:296.736   - 0.164ms returns 0
T6D58 081:348.096   JLINK_RTTERMINAL_Read(BufferIndex = 0, BufferSize = 0x00010000)
T6D58 081:348.280   - 0.187ms returns 0
T6D58 081:399.088   JLINK_RTTERMINAL_Read(BufferIndex = 0, BufferSize = 0x00010000)
T6D58 081:399.240   - 0.158ms returns 0
T6D58 081:449.712   JLINK_RTTERMINAL_Read(BufferIndex = 0, BufferSize = 0x00010000)
T6D58 081:450.528   - 0.812ms returns 0
T6D58 081:501.376   JLINK_RTTERMINAL_Read(BufferIndex = 0, BufferSize = 0x00010000)
T6D58 081:501.544   - 0.170ms returns 0
T6D58 081:552.384   JLINK_RTTERMINAL_Read(BufferIndex = 0, BufferSize = 0x00010000)
T6D58 081:552.536   - 0.157ms returns 0
T6D58 081:603.088   JLINK_RTTERMINAL_Read(BufferIndex = 0, BufferSize = 0x00010000)
T6D58 081:603.200   - 0.121ms returns 0
T6D58 081:653.520   JLINK_RTTERMINAL_Read(BufferIndex = 0, BufferSize = 0x00010000)
T6D58 081:653.616   - 0.098ms returns 0
T6D58 081:704.664   JLINK_RTTERMINAL_Read(BufferIndex = 0, BufferSize = 0x00010000)
T6D58 081:704.728   - 0.067ms returns 0
T6D58 081:755.056   JLINK_RTTERMINAL_Read(BufferIndex = 0, BufferSize = 0x00010000)
T6D58 081:755.136   - 0.081ms returns 0
T6D58 081:806.232   JLINK_RTTERMINAL_Read(BufferIndex = 0, BufferSize = 0x00010000)
T6D58 081:806.440   - 0.207ms returns 0
T6D58 081:856.992   JLINK_RTTERMINAL_Read(BufferIndex = 0, BufferSize = 0x00010000)
T6D58 081:857.104   - 0.112ms returns 0
T6D58 081:908.184   JLINK_RTTERMINAL_Read(BufferIndex = 0, BufferSize = 0x00010000)
T6D58 081:908.272   - 0.091ms returns 0
T6D58 081:959.520   JLINK_RTTERMINAL_Read(BufferIndex = 0, BufferSize = 0x00010000)
T6D58 081:959.640   - 0.122ms returns 0
T6D34 081:961.616 JLINK_ReadMem(0x20004984, 0x8 Bytes, ...)
T6D34 081:961.712    -- Read from C cache (8 bytes @ 0x20004984)
T6D34 081:961.736   Data:  FF FF FF FF FF FF FF FF
T6D34 081:961.768 - 0.145ms returns 0
T6D34 081:964.568 JLINK_ReadMem(0x2000498C, 0x8 Bytes, ...)
T6D34 081:964.656    -- Read from C cache (8 bytes @ 0x2000498C)
T6D34 081:964.696   Data:  FF FF FF FF FF FF FF FF
T6D34 081:964.744 - 0.174ms returns 0
T6D34 081:965.104 JLINK_ReadMem(0x20004994, 0x8 Bytes, ...)
T6D34 081:965.160    -- Read from C cache (8 bytes @ 0x20004994)
T6D34 081:965.184   Data:  FF FF FF FF FF FF FF FF
T6D34 081:965.208 - 0.106ms returns 0
T6D34 081:965.424 JLINK_ReadMem(0x2000499C, 0x8 Bytes, ...)
T6D34 081:965.464    -- Read from C cache (8 bytes @ 0x2000499C)
T6D34 081:965.488   Data:  FF FF FF FF FF FF FF FF
T6D34 081:965.520 - 0.097ms returns 0
T6D34 081:965.720 JLINK_ReadMem(0x200049A4, 0x8 Bytes, ...)
T6D34 081:965.752    -- Read from C cache (8 bytes @ 0x200049A4)
T6D34 081:965.784   Data:  FF FF FF FF FF FF FF FF
T6D34 081:965.816 - 0.094ms returns 0
T6D34 081:966.032 JLINK_ReadMem(0x200049AC, 0x8 Bytes, ...)
T6D34 081:966.064    -- Read from C cache (8 bytes @ 0x200049AC)
T6D34 081:966.088   Data:  FF FF FF FF FF FF FF FF
T6D34 081:966.112 - 0.084ms returns 0
T6D34 081:966.320 JLINK_ReadMem(0x200049B4, 0x8 Bytes, ...)
T6D34 081:966.360    -- Read from C cache (8 bytes @ 0x200049B4)
T6D34 081:966.392   Data:  FF FF FF FF FF FF FF FF
T6D34 081:966.416 - 0.107ms returns 0
T6D34 081:966.632 JLINK_ReadMem(0x200049BC, 0x8 Bytes, ...)
T6D34 081:966.664    -- Read from C cache (8 bytes @ 0x200049BC)
T6D34 081:966.688   Data:  FF FF FF FF FF FF FF FF
T6D34 081:966.720 - 0.087ms returns 0
T6D34 081:966.904 JLINK_ReadMem(0x200049C4, 0x8 Bytes, ...)
T6D34 081:966.928    -- Read from C cache (8 bytes @ 0x200049C4)
T6D34 081:966.960   Data:  FF FF FF FF FF FF FF FF
T6D34 081:966.984 - 0.080ms returns 0
T6D34 081:967.240 JLINK_ReadMem(0x200049CC, 0x8 Bytes, ...)
T6D34 081:967.288    -- Read from C cache (8 bytes @ 0x200049CC)
T6D34 081:967.320   Data:  FF FF FF FF FF FF FF FF
T6D34 081:967.352 - 0.116ms returns 0
T6D34 081:967.656 JLINK_ReadMem(0x200049D4, 0x8 Bytes, ...)
T6D34 081:967.696    -- Read from C cache (8 bytes @ 0x200049D4)
T6D34 081:967.728   Data:  FF FF FF FF FF FF FF FF
T6D34 081:967.752 - 0.098ms returns 0
T6D34 081:968.112 JLINK_ReadMem(0x200049DC, 0x8 Bytes, ...)
T6D34 081:968.168    -- Read from C cache (8 bytes @ 0x200049DC)
T6D34 081:968.192   Data:  FF FF FF FF FF FF FF FF
T6D34 081:968.216 - 0.100ms returns 0
T6D34 081:968.536 JLINK_ReadMem(0x200049E4, 0x8 Bytes, ...)
T6D34 081:968.592    -- Read from C cache (8 bytes @ 0x200049E4)
T6D34 081:968.624   Data:  FF FF FF FF FF FF FF FF
T6D34 081:968.656 - 0.116ms returns 0
T6D34 081:968.912 JLINK_ReadMem(0x200049EC, 0x8 Bytes, ...)
T6D34 081:968.952    -- Read from C cache (8 bytes @ 0x200049EC)
T6D34 081:968.984   Data:  FF FF FF FF FF FF FF FF
T6D34 081:969.008 - 0.101ms returns 0
T6D34 081:969.312 JLINK_ReadMem(0x200049F4, 0x8 Bytes, ...)
T6D34 081:969.360    -- Read from C cache (8 bytes @ 0x200049F4)
T6D34 081:969.400   Data:  77 C2 95 F3 60 D2 EF 7F
T6D34 081:969.432 - 0.118ms returns 0
T6D34 081:969.680 JLINK_ReadMem(0x200049FC, 0x8 Bytes, ...)
T6D34 081:969.712    -- Read from C cache (8 bytes @ 0x200049FC)
T6D34 081:969.736   Data:  35 52 50 0F 2C B6 79 80
T6D34 081:969.768 - 0.085ms returns 0
T6D34 081:970.032 JLINK_ReadMem(0x20004A04, 0x8 Bytes, ...)
T6D34 081:970.088    -- Read from C cache (8 bytes @ 0x20004A04)
T6D34 081:970.112   Data:  00 00 00 00 E5 10 00 00
T6D34 081:970.144 - 0.105ms returns 0
T6D34 081:971.000 JLINK_ReadMem(0x20004984, 0x1 Bytes, ...)
T6D34 081:971.072    -- Read from C cache (1 bytes @ 0x20004984)
T6D34 081:971.096   Data:  FF
T6D34 081:971.120 - 0.122ms returns 0
T6D58 082:010.016   JLINK_RTTERMINAL_Read(BufferIndex = 0, BufferSize = 0x00010000)
T6D58 082:010.160   - 0.139ms returns 0
T6D58 082:062.152   JLINK_RTTERMINAL_Read(BufferIndex = 0, BufferSize = 0x00010000)
T6D58 082:062.312   - 0.155ms returns 0
T6D58 082:113.496   JLINK_RTTERMINAL_Read(BufferIndex = 0, BufferSize = 0x00010000)
T6D58 082:113.592   - 0.094ms returns 0
T6D58 082:164.288   JLINK_RTTERMINAL_Read(BufferIndex = 0, BufferSize = 0x00010000)
T6D58 082:164.368   - 0.086ms returns 0
T6D58 082:216.672   JLINK_RTTERMINAL_Read(BufferIndex = 0, BufferSize = 0x00010000)
T6D58 082:216.824   - 0.150ms returns 0
T6D58 082:267.640   JLINK_RTTERMINAL_Read(BufferIndex = 0, BufferSize = 0x00010000)
T6D58 082:267.816   - 0.168ms returns 0
T6D58 082:318.608   JLINK_RTTERMINAL_Read(BufferIndex = 0, BufferSize = 0x00010000)
T6D58 082:318.696   - 0.088ms returns 0
T6D58 082:369.160   JLINK_RTTERMINAL_Read(BufferIndex = 0, BufferSize = 0x00010000)
T6D58 082:369.240   - 0.086ms returns 0
T6D58 082:419.936   JLINK_RTTERMINAL_Read(BufferIndex = 0, BufferSize = 0x00010000)
T6D58 082:420.040   - 0.100ms returns 0
T6D34 082:426.744 JLINK_ReadMem(0x20004985, 0x8 Bytes, ...)
T6D34 082:426.888    -- Read from C cache (8 bytes @ 0x20004985)
T6D34 082:426.928   Data:  FF FF FF FF FF FF FF FF
T6D34 082:426.960 - 0.217ms returns 0
T6D34 082:427.408 JLINK_ReadMem(0x2000498D, 0x8 Bytes, ...)
T6D34 082:427.472    -- Read from C cache (8 bytes @ 0x2000498D)
T6D34 082:427.504   Data:  FF FF FF FF FF FF FF FF
T6D34 082:427.544 - 0.140ms returns 0
T6D34 082:427.824 JLINK_ReadMem(0x20004995, 0x8 Bytes, ...)
T6D34 082:427.872    -- Read from C cache (8 bytes @ 0x20004995)
T6D34 082:427.904   Data:  FF FF FF FF FF FF FF FF
T6D34 082:427.928 - 0.112ms returns 0
T6D34 082:428.272 JLINK_ReadMem(0x2000499D, 0x8 Bytes, ...)
T6D34 082:428.320    -- Read from C cache (8 bytes @ 0x2000499D)
T6D34 082:428.352   Data:  FF FF FF FF FF FF FF FF
T6D34 082:428.376 - 0.103ms returns 0
T6D34 082:428.704 JLINK_ReadMem(0x200049A5, 0x8 Bytes, ...)
T6D34 082:428.752    -- Read from C cache (8 bytes @ 0x200049A5)
T6D34 082:428.776   Data:  FF FF FF FF FF FF FF FF
T6D34 082:428.800 - 0.098ms returns 0
T6D34 082:429.040 JLINK_ReadMem(0x200049AD, 0x8 Bytes, ...)
T6D34 082:429.072    -- Read from C cache (8 bytes @ 0x200049AD)
T6D34 082:429.104   Data:  FF FF FF FF FF FF FF FF
T6D34 082:429.128 - 0.084ms returns 0
T6D34 082:429.296 JLINK_ReadMem(0x200049B5, 0x8 Bytes, ...)
T6D34 082:429.328    -- Read from C cache (8 bytes @ 0x200049B5)
T6D34 082:429.352   Data:  FF FF FF FF FF FF FF FF
T6D34 082:429.376 - 0.084ms returns 0
T6D34 082:429.544 JLINK_ReadMem(0x200049BD, 0x8 Bytes, ...)
T6D34 082:429.568    -- Read from C cache (8 bytes @ 0x200049BD)
T6D34 082:429.592   Data:  FF FF FF FF FF FF FF FF
T6D34 082:429.616 - 0.080ms returns 0
T6D34 082:429.816 JLINK_ReadMem(0x200049C5, 0x8 Bytes, ...)
T6D34 082:429.848    -- Read from C cache (8 bytes @ 0x200049C5)
T6D34 082:429.872   Data:  FF FF FF FF FF FF FF FF
T6D34 082:429.904 - 0.085ms returns 0
T6D34 082:430.064 JLINK_ReadMem(0x200049CD, 0x8 Bytes, ...)
T6D34 082:430.096    -- Read from C cache (8 bytes @ 0x200049CD)
T6D34 082:430.128   Data:  FF FF FF FF FF FF FF FF
T6D34 082:430.152 - 0.079ms returns 0
T6D34 082:430.312 JLINK_ReadMem(0x200049D5, 0x8 Bytes, ...)
T6D34 082:430.336    -- Read from C cache (8 bytes @ 0x200049D5)
T6D34 082:430.360   Data:  FF FF FF FF FF FF FF FF
T6D34 082:430.384 - 0.079ms returns 0
T6D34 082:430.544 JLINK_ReadMem(0x200049DD, 0x8 Bytes, ...)
T6D34 082:430.576    -- Read from C cache (8 bytes @ 0x200049DD)
T6D34 082:430.608   Data:  FF FF FF FF FF FF FF FF
T6D34 082:430.640 - 0.092ms returns 0
T6D34 082:430.808 JLINK_ReadMem(0x200049E5, 0x8 Bytes, ...)
T6D34 082:430.840    -- Read from C cache (8 bytes @ 0x200049E5)
T6D34 082:430.872   Data:  FF FF FF FF FF FF FF FF
T6D34 082:430.896 - 0.086ms returns 0
T6D34 082:431.056 JLINK_ReadMem(0x200049ED, 0x8 Bytes, ...)
T6D34 082:431.088    -- Read from C cache (8 bytes @ 0x200049ED)
T6D34 082:431.120   Data:  FF FF FF FF FF FF FF 77
T6D34 082:431.144 - 0.082ms returns 0
T6D34 082:431.304 JLINK_ReadMem(0x200049F5, 0x8 Bytes, ...)
T6D34 082:431.328    -- Read from C cache (8 bytes @ 0x200049F5)
T6D34 082:431.352   Data:  C2 95 F3 60 D2 EF 7F 35
T6D34 082:431.376 - 0.079ms returns 0
T6D34 082:431.536 JLINK_ReadMem(0x200049FD, 0x8 Bytes, ...)
T6D34 082:431.568    -- Read from C cache (8 bytes @ 0x200049FD)
T6D34 082:431.600   Data:  52 50 0F 2C B6 79 80 00
T6D34 082:431.624 - 0.083ms returns 0
T6D34 082:432.552 JLINK_ReadMem(0x20004986, 0x8 Bytes, ...)
T6D34 082:432.624    -- Read from C cache (8 bytes @ 0x20004986)
T6D34 082:432.656   Data:  FF FF FF FF FF FF FF FF
T6D34 082:432.680 - 0.128ms returns 0
T6D34 082:432.936 JLINK_ReadMem(0x2000498E, 0x8 Bytes, ...)
T6D34 082:433.008    -- Read from C cache (8 bytes @ 0x2000498E)
T6D34 082:433.032   Data:  FF FF FF FF FF FF FF FF
T6D34 082:433.056 - 0.128ms returns 0
T6D34 082:433.352 JLINK_ReadMem(0x20004996, 0x8 Bytes, ...)
T6D34 082:433.400    -- Read from C cache (8 bytes @ 0x20004996)
T6D34 082:433.424   Data:  FF FF FF FF FF FF FF FF
T6D34 082:433.456 - 0.103ms returns 0
T6D34 082:433.672 JLINK_ReadMem(0x2000499E, 0x8 Bytes, ...)
T6D34 082:433.712    -- Read from C cache (8 bytes @ 0x2000499E)
T6D34 082:433.744   Data:  FF FF FF FF FF FF FF FF
T6D34 082:433.776 - 0.106ms returns 0
T6D34 082:434.096 JLINK_ReadMem(0x200049A6, 0x8 Bytes, ...)
T6D34 082:434.128    -- Read from C cache (8 bytes @ 0x200049A6)
T6D34 082:434.184   Data:  FF FF FF FF FF FF FF FF
T6D34 082:434.208 - 0.113ms returns 0
T6D34 082:434.544 JLINK_ReadMem(0x200049AE, 0x8 Bytes, ...)
T6D34 082:434.624    -- Read from C cache (8 bytes @ 0x200049AE)
T6D34 082:434.664   Data:  FF FF FF FF FF FF FF FF
T6D34 082:434.704 - 0.165ms returns 0
T6D34 082:434.976 JLINK_ReadMem(0x200049B6, 0x8 Bytes, ...)
T6D34 082:435.024    -- Read from C cache (8 bytes @ 0x200049B6)
T6D34 082:435.064   Data:  FF FF FF FF FF FF FF FF
T6D34 082:435.104 - 0.133ms returns 0
T6D34 082:435.312 JLINK_ReadMem(0x200049BE, 0x8 Bytes, ...)
T6D34 082:435.368    -- Read from C cache (8 bytes @ 0x200049BE)
T6D34 082:435.408   Data:  FF FF FF FF FF FF FF FF
T6D34 082:435.448 - 0.139ms returns 0
T6D34 082:435.664 JLINK_ReadMem(0x200049C6, 0x8 Bytes, ...)
T6D34 082:435.704    -- Read from C cache (8 bytes @ 0x200049C6)
T6D34 082:435.744   Data:  FF FF FF FF FF FF FF FF
T6D34 082:435.792 - 0.131ms returns 0
T6D34 082:438.448 JLINK_ReadMem(0x200049CE, 0x8 Bytes, ...)
T6D34 082:438.496    -- Read from C cache (8 bytes @ 0x200049CE)
T6D34 082:438.528   Data:  FF FF FF FF FF FF FF FF
T6D34 082:438.552 - 0.101ms returns 0
T6D34 082:438.896 JLINK_ReadMem(0x200049D6, 0x8 Bytes, ...)
T6D34 082:438.960    -- Read from C cache (8 bytes @ 0x200049D6)
T6D34 082:438.992   Data:  FF FF FF FF FF FF FF FF
T6D34 082:439.016 - 0.114ms returns 0
T6D34 082:439.280 JLINK_ReadMem(0x200049DE, 0x8 Bytes, ...)
T6D34 082:439.320    -- Read from C cache (8 bytes @ 0x200049DE)
T6D34 082:439.344   Data:  FF FF FF FF FF FF FF FF
T6D34 082:439.376 - 0.097ms returns 0
T6D34 082:439.624 JLINK_ReadMem(0x200049E6, 0x8 Bytes, ...)
T6D34 082:439.664    -- Read from C cache (8 bytes @ 0x200049E6)
T6D34 082:439.696   Data:  FF FF FF FF FF FF FF FF
T6D34 082:439.720 - 0.096ms returns 0
T6D34 082:439.936 JLINK_ReadMem(0x200049EE, 0x8 Bytes, ...)
T6D34 082:439.976    -- Read from C cache (8 bytes @ 0x200049EE)
T6D34 082:440.008   Data:  FF FF FF FF FF FF 77 C2
T6D34 082:440.040 - 0.105ms returns 0
T6D34 082:440.280 JLINK_ReadMem(0x200049F6, 0x8 Bytes, ...)
T6D34 082:440.304    -- Read from C cache (8 bytes @ 0x200049F6)
T6D34 082:440.336   Data:  95 F3 60 D2 EF 7F 35 52
T6D34 082:440.368 - 0.088ms returns 0
T6D34 082:440.592 JLINK_ReadMem(0x200049FE, 0x8 Bytes, ...)
T6D34 082:440.624    -- Read from C cache (8 bytes @ 0x200049FE)
T6D34 082:440.656   Data:  50 0F 2C B6 79 80 00 00
T6D34 082:440.680 - 0.085ms returns 0
T6D34 082:442.000 JLINK_ReadMem(0x20004987, 0x8 Bytes, ...)
T6D34 082:442.104    -- Read from C cache (8 bytes @ 0x20004987)
T6D34 082:442.144   Data:  FF FF FF FF FF FF FF FF
T6D34 082:442.176 - 0.170ms returns 0
T6D34 082:442.440 JLINK_ReadMem(0x2000498F, 0x8 Bytes, ...)
T6D34 082:442.488    -- Read from C cache (8 bytes @ 0x2000498F)
T6D34 082:442.520   Data:  FF FF FF FF FF FF FF FF
T6D34 082:442.544 - 0.108ms returns 0
T6D34 082:442.824 JLINK_ReadMem(0x20004997, 0x8 Bytes, ...)
T6D34 082:442.880    -- Read from C cache (8 bytes @ 0x20004997)
T6D34 082:442.912   Data:  FF FF FF FF FF FF FF FF
T6D34 082:442.936 - 0.118ms returns 0
T6D34 082:443.176 JLINK_ReadMem(0x2000499F, 0x8 Bytes, ...)
T6D34 082:443.216    -- Read from C cache (8 bytes @ 0x2000499F)
T6D34 082:443.256   Data:  FF FF FF FF FF FF FF FF
T6D34 082:443.288 - 0.117ms returns 0
T6D34 082:443.576 JLINK_ReadMem(0x200049A7, 0x8 Bytes, ...)
T6D34 082:443.624    -- Read from C cache (8 bytes @ 0x200049A7)
T6D34 082:443.648   Data:  FF FF FF FF FF FF FF FF
T6D34 082:443.672 - 0.095ms returns 0
T6D34 082:443.864 JLINK_ReadMem(0x200049AF, 0x8 Bytes, ...)
T6D34 082:443.904    -- Read from C cache (8 bytes @ 0x200049AF)
T6D34 082:443.936   Data:  FF FF FF FF FF FF FF FF
T6D34 082:443.960 - 0.100ms returns 0
T6D34 082:444.240 JLINK_ReadMem(0x200049B7, 0x8 Bytes, ...)
T6D34 082:444.288    -- Read from C cache (8 bytes @ 0x200049B7)
T6D34 082:444.312   Data:  FF FF FF FF FF FF FF FF
T6D34 082:444.336 - 0.097ms returns 0
T6D34 082:444.528 JLINK_ReadMem(0x200049BF, 0x8 Bytes, ...)
T6D34 082:444.560    -- Read from C cache (8 bytes @ 0x200049BF)
T6D34 082:444.600   Data:  FF FF FF FF FF FF FF FF
T6D34 082:444.624 - 0.104ms returns 0
T6D34 082:444.896 JLINK_ReadMem(0x200049C7, 0x8 Bytes, ...)
T6D34 082:444.944    -- Read from C cache (8 bytes @ 0x200049C7)
T6D34 082:444.976   Data:  FF FF FF FF FF FF FF FF
T6D34 082:445.000 - 0.098ms returns 0
T6D34 082:445.192 JLINK_ReadMem(0x200049CF, 0x8 Bytes, ...)
T6D34 082:445.232    -- Read from C cache (8 bytes @ 0x200049CF)
T6D34 082:445.256   Data:  FF FF FF FF FF FF FF FF
T6D34 082:445.280 - 0.089ms returns 0
T6D34 082:445.464 JLINK_ReadMem(0x200049D7, 0x8 Bytes, ...)
T6D34 082:445.496    -- Read from C cache (8 bytes @ 0x200049D7)
T6D34 082:445.528   Data:  FF FF FF FF FF FF FF FF
T6D34 082:445.552 - 0.084ms returns 0
T6D34 082:445.744 JLINK_ReadMem(0x200049DF, 0x8 Bytes, ...)
T6D34 082:445.776    -- Read from C cache (8 bytes @ 0x200049DF)
T6D34 082:445.808   Data:  FF FF FF FF FF FF FF FF
T6D34 082:445.832 - 0.086ms returns 0
T6D34 082:446.008 JLINK_ReadMem(0x200049E7, 0x8 Bytes, ...)
T6D34 082:446.040    -- Read from C cache (8 bytes @ 0x200049E7)
T6D34 082:446.064   Data:  FF FF FF FF FF FF FF FF
T6D34 082:446.096 - 0.084ms returns 0
T6D34 082:446.288 JLINK_ReadMem(0x200049EF, 0x8 Bytes, ...)
T6D34 082:446.320    -- Read from C cache (8 bytes @ 0x200049EF)
T6D34 082:446.352   Data:  FF FF FF FF FF 77 C2 95
T6D34 082:446.384 - 0.090ms returns 0
T6D34 082:446.568 JLINK_ReadMem(0x200049F7, 0x8 Bytes, ...)
T6D34 082:446.608    -- Read from C cache (8 bytes @ 0x200049F7)
T6D34 082:446.632   Data:  F3 60 D2 EF 7F 35 52 50
T6D34 082:446.656 - 0.089ms returns 0
T6D34 082:446.848 JLINK_ReadMem(0x200049FF, 0x8 Bytes, ...)
T6D34 082:446.880    -- Read from C cache (8 bytes @ 0x200049FF)
T6D34 082:446.904   Data:  0F 2C B6 79 80 00 00 00
T6D34 082:446.928 - 0.085ms returns 0
T6D34 082:447.864 JLINK_ReadMem(0x20004988, 0x8 Bytes, ...)
T6D34 082:447.936    -- Read from C cache (8 bytes @ 0x20004988)
T6D34 082:447.960   Data:  FF FF FF FF FF FF FF FF
T6D34 082:447.984 - 0.123ms returns 0
T6D34 082:448.216 JLINK_ReadMem(0x20004990, 0x8 Bytes, ...)
T6D34 082:448.280    -- Read from C cache (8 bytes @ 0x20004990)
T6D34 082:448.336   Data:  FF FF FF FF FF FF FF FF
T6D34 082:448.368 - 0.153ms returns 0
T6D34 082:450.736 JLINK_ReadMem(0x20004998, 0x8 Bytes, ...)
T6D34 082:450.800    -- Read from C cache (8 bytes @ 0x20004998)
T6D34 082:450.824   Data:  FF FF FF FF FF FF FF FF
T6D34 082:450.848 - 0.119ms returns 0
T6D34 082:451.216 JLINK_ReadMem(0x200049A0, 0x8 Bytes, ...)
T6D34 082:451.288    -- Read from C cache (8 bytes @ 0x200049A0)
T6D34 082:451.312   Data:  FF FF FF FF FF FF FF FF
T6D34 082:451.344 - 0.129ms returns 0
T6D34 082:451.640 JLINK_ReadMem(0x200049A8, 0x8 Bytes, ...)
T6D34 082:451.696    -- Read from C cache (8 bytes @ 0x200049A8)
T6D34 082:451.752   Data:  FF FF FF FF FF FF FF FF
T6D34 082:451.792 - 0.147ms returns 0
T6D34 082:452.080 JLINK_ReadMem(0x200049B0, 0x8 Bytes, ...)
T6D34 082:452.136    -- Read from C cache (8 bytes @ 0x200049B0)
T6D34 082:452.168   Data:  FF FF FF FF FF FF FF FF
T6D34 082:452.192 - 0.118ms returns 0
T6D34 082:452.464 JLINK_ReadMem(0x200049B8, 0x8 Bytes, ...)
T6D34 082:452.496    -- Read from C cache (8 bytes @ 0x200049B8)
T6D34 082:452.528   Data:  FF FF FF FF FF FF FF FF
T6D34 082:452.560 - 0.092ms returns 0
T6D34 082:452.848 JLINK_ReadMem(0x200049C0, 0x8 Bytes, ...)
T6D34 082:452.896    -- Read from C cache (8 bytes @ 0x200049C0)
T6D34 082:452.944   Data:  FF FF FF FF FF FF FF FF
T6D34 082:452.992 - 0.142ms returns 0
T6D34 082:453.200 JLINK_ReadMem(0x200049C8, 0x8 Bytes, ...)
T6D34 082:453.232    -- Read from C cache (8 bytes @ 0x200049C8)
T6D34 082:453.264   Data:  FF FF FF FF FF FF FF FF
T6D34 082:453.296 - 0.096ms returns 0
T6D34 082:453.576 JLINK_ReadMem(0x200049D0, 0x8 Bytes, ...)
T6D34 082:453.616    -- Read from C cache (8 bytes @ 0x200049D0)
T6D34 082:453.656   Data:  FF FF FF FF FF FF FF FF
T6D34 082:453.680 - 0.111ms returns 0
T6D34 082:453.904 JLINK_ReadMem(0x200049D8, 0x8 Bytes, ...)
T6D34 082:453.968    -- Read from C cache (8 bytes @ 0x200049D8)
T6D34 082:454.000   Data:  FF FF FF FF FF FF FF FF
T6D34 082:454.024 - 0.115ms returns 0
T6D34 082:454.312 JLINK_ReadMem(0x200049E0, 0x8 Bytes, ...)
T6D34 082:454.352    -- Read from C cache (8 bytes @ 0x200049E0)
T6D34 082:454.384   Data:  FF FF FF FF FF FF FF FF
T6D34 082:454.408 - 0.098ms returns 0
T6D34 082:454.608 JLINK_ReadMem(0x200049E8, 0x8 Bytes, ...)
T6D34 082:454.648    -- Read from C cache (8 bytes @ 0x200049E8)
T6D34 082:454.680   Data:  FF FF FF FF FF FF FF FF
T6D34 082:454.712 - 0.106ms returns 0
T6D34 082:454.984 JLINK_ReadMem(0x200049F0, 0x8 Bytes, ...)
T6D34 082:455.040    -- Read from C cache (8 bytes @ 0x200049F0)
T6D34 082:455.064   Data:  FF FF FF FF 77 C2 95 F3
T6D34 082:455.088 - 0.105ms returns 0
T6D34 082:455.288 JLINK_ReadMem(0x200049F8, 0x8 Bytes, ...)
T6D34 082:455.320    -- Read from C cache (8 bytes @ 0x200049F8)
T6D34 082:455.344   Data:  60 D2 EF 7F 35 52 50 0F
T6D34 082:455.376 - 0.089ms returns 0
T6D34 082:455.568 JLINK_ReadMem(0x20004A00, 0x8 Bytes, ...)
T6D34 082:455.600    -- Read from C cache (8 bytes @ 0x20004A00)
T6D34 082:455.632   Data:  2C B6 79 80 00 00 00 00
T6D34 082:455.656 - 0.088ms returns 0
T6D34 082:456.656 JLINK_ReadMem(0x20004989, 0x8 Bytes, ...)
T6D34 082:456.720    -- Read from C cache (8 bytes @ 0x20004989)
T6D34 082:456.752   Data:  FF FF FF FF FF FF FF FF
T6D34 082:456.784 - 0.125ms returns 0
T6D34 082:456.992 JLINK_ReadMem(0x20004991, 0x8 Bytes, ...)
T6D34 082:457.040    -- Read from C cache (8 bytes @ 0x20004991)
T6D34 082:457.072   Data:  FF FF FF FF FF FF FF FF
T6D34 082:457.112 - 0.121ms returns 0
T6D34 082:457.392 JLINK_ReadMem(0x20004999, 0x8 Bytes, ...)
T6D34 082:457.448    -- Read from C cache (8 bytes @ 0x20004999)
T6D34 082:457.472   Data:  FF FF FF FF FF FF FF FF
T6D34 082:457.504 - 0.106ms returns 0
T6D34 082:457.792 JLINK_ReadMem(0x200049A1, 0x8 Bytes, ...)
T6D34 082:457.840    -- Read from C cache (8 bytes @ 0x200049A1)
T6D34 082:457.864   Data:  FF FF FF FF FF FF FF FF
T6D34 082:457.888 - 0.098ms returns 0
T6D34 082:458.128 JLINK_ReadMem(0x200049A9, 0x8 Bytes, ...)
T6D34 082:458.184    -- Read from C cache (8 bytes @ 0x200049A9)
T6D34 082:458.216   Data:  FF FF FF FF FF FF FF FF
T6D34 082:458.240 - 0.104ms returns 0
T6D34 082:458.424 JLINK_ReadMem(0x200049B1, 0x8 Bytes, ...)
T6D34 082:458.456    -- Read from C cache (8 bytes @ 0x200049B1)
T6D34 082:458.488   Data:  FF FF FF FF FF FF FF FF
T6D34 082:458.520 - 0.094ms returns 0
T6D34 082:458.752 JLINK_ReadMem(0x200049B9, 0x8 Bytes, ...)
T6D34 082:458.776    -- Read from C cache (8 bytes @ 0x200049B9)
T6D34 082:458.800   Data:  FF FF FF FF FF FF FF FF
T6D34 082:458.832 - 0.081ms returns 0
T6D34 082:459.040 JLINK_ReadMem(0x200049C1, 0x8 Bytes, ...)
T6D34 082:459.064    -- Read from C cache (8 bytes @ 0x200049C1)
T6D34 082:459.088   Data:  FF FF FF FF FF FF FF FF
T6D34 082:459.120 - 0.080ms returns 0
T6D34 082:459.296 JLINK_ReadMem(0x200049C9, 0x8 Bytes, ...)
T6D34 082:459.320    -- Read from C cache (8 bytes @ 0x200049C9)
T6D34 082:459.344   Data:  FF FF FF FF FF FF FF FF
T6D34 082:459.384 - 0.086ms returns 0
T6D34 082:459.592 JLINK_ReadMem(0x200049D1, 0x8 Bytes, ...)
T6D34 082:459.624    -- Read from C cache (8 bytes @ 0x200049D1)
T6D34 082:459.656   Data:  FF FF FF FF FF FF FF FF
T6D34 082:459.680 - 0.091ms returns 0
T6D34 082:459.832 JLINK_ReadMem(0x200049D9, 0x8 Bytes, ...)
T6D34 082:459.856    -- Read from C cache (8 bytes @ 0x200049D9)
T6D34 082:459.888   Data:  FF FF FF FF FF FF FF FF
T6D34 082:459.912 - 0.077ms returns 0
T6D34 082:461.952 JLINK_ReadMem(0x200049E1, 0x8 Bytes, ...)
T6D34 082:462.000    -- Read from C cache (8 bytes @ 0x200049E1)
T6D34 082:462.032   Data:  FF FF FF FF FF FF FF FF
T6D34 082:462.064 - 0.110ms returns 0
T6D34 082:462.328 JLINK_ReadMem(0x200049E9, 0x8 Bytes, ...)
T6D34 082:462.376    -- Read from C cache (8 bytes @ 0x200049E9)
T6D34 082:462.408   Data:  FF FF FF FF FF FF FF FF
T6D34 082:462.440 - 0.108ms returns 0
T6D34 082:462.640 JLINK_ReadMem(0x200049F1, 0x8 Bytes, ...)
T6D34 082:462.680    -- Read from C cache (8 bytes @ 0x200049F1)
T6D34 082:462.704   Data:  FF FF FF 77 C2 95 F3 60
T6D34 082:462.736 - 0.095ms returns 0
T6D34 082:462.896 JLINK_ReadMem(0x200049F9, 0x8 Bytes, ...)
T6D34 082:462.920    -- Read from C cache (8 bytes @ 0x200049F9)
T6D34 082:462.944   Data:  D2 EF 7F 35 52 50 0F 2C
T6D34 082:462.968 - 0.077ms returns 0
T6D34 082:463.120 JLINK_ReadMem(0x20004A01, 0x8 Bytes, ...)
T6D34 082:463.152    -- Read from C cache (8 bytes @ 0x20004A01)
T6D34 082:463.184   Data:  B6 79 80 00 00 00 00 E5
T6D34 082:463.208 - 0.082ms returns 0
T6D34 082:463.976 JLINK_ReadMem(0x2000498A, 0x8 Bytes, ...)
T6D34 082:464.040    -- Read from C cache (8 bytes @ 0x2000498A)
T6D34 082:464.080   Data:  FF FF FF FF FF FF FF FF
T6D34 082:464.112 - 0.141ms returns 0
T6D34 082:464.328 JLINK_ReadMem(0x20004992, 0x8 Bytes, ...)
T6D34 082:464.368    -- Read from C cache (8 bytes @ 0x20004992)
T6D34 082:464.400   Data:  FF FF FF FF FF FF FF FF
T6D34 082:464.424 - 0.098ms returns 0
T6D34 082:464.624 JLINK_ReadMem(0x2000499A, 0x8 Bytes, ...)
T6D34 082:464.656    -- Read from C cache (8 bytes @ 0x2000499A)
T6D34 082:464.680   Data:  FF FF FF FF FF FF FF FF
T6D34 082:464.704 - 0.083ms returns 0
T6D34 082:464.872 JLINK_ReadMem(0x200049A2, 0x8 Bytes, ...)
T6D34 082:464.920    -- Read from C cache (8 bytes @ 0x200049A2)
T6D34 082:464.944   Data:  FF FF FF FF FF FF FF FF
T6D34 082:464.976 - 0.101ms returns 0
T6D34 082:465.192 JLINK_ReadMem(0x200049AA, 0x8 Bytes, ...)
T6D34 082:465.240    -- Read from C cache (8 bytes @ 0x200049AA)
T6D34 082:465.280   Data:  FF FF FF FF FF FF FF FF
T6D34 082:465.320 - 0.128ms returns 0
T6D34 082:465.520 JLINK_ReadMem(0x200049B2, 0x8 Bytes, ...)
T6D34 082:465.552    -- Read from C cache (8 bytes @ 0x200049B2)
T6D34 082:465.576   Data:  FF FF FF FF FF FF FF FF
T6D34 082:465.600 - 0.082ms returns 0
T6D34 082:465.752 JLINK_ReadMem(0x200049BA, 0x8 Bytes, ...)
T6D34 082:465.776    -- Read from C cache (8 bytes @ 0x200049BA)
T6D34 082:465.808   Data:  FF FF FF FF FF FF FF FF
T6D34 082:465.840 - 0.080ms returns 0
T6D34 082:465.992 JLINK_ReadMem(0x200049C2, 0x8 Bytes, ...)
T6D34 082:466.016    -- Read from C cache (8 bytes @ 0x200049C2)
T6D34 082:466.040   Data:  FF FF FF FF FF FF FF FF
T6D34 082:466.064 - 0.078ms returns 0
T6D34 082:466.224 JLINK_ReadMem(0x200049CA, 0x8 Bytes, ...)
T6D34 082:466.248    -- Read from C cache (8 bytes @ 0x200049CA)
T6D34 082:466.272   Data:  FF FF FF FF FF FF FF FF
T6D34 082:466.296 - 0.076ms returns 0
T6D34 082:466.448 JLINK_ReadMem(0x200049D2, 0x8 Bytes, ...)
T6D34 082:466.480    -- Read from C cache (8 bytes @ 0x200049D2)
T6D34 082:466.504   Data:  FF FF FF FF FF FF FF FF
T6D34 082:466.528 - 0.077ms returns 0
T6D34 082:466.680 JLINK_ReadMem(0x200049DA, 0x8 Bytes, ...)
T6D34 082:466.704    -- Read from C cache (8 bytes @ 0x200049DA)
T6D34 082:466.736   Data:  FF FF FF FF FF FF FF FF
T6D34 082:466.768 - 0.081ms returns 0
T6D34 082:466.920 JLINK_ReadMem(0x200049E2, 0x8 Bytes, ...)
T6D34 082:466.944    -- Read from C cache (8 bytes @ 0x200049E2)
T6D34 082:466.968   Data:  FF FF FF FF FF FF FF FF
T6D34 082:467.000 - 0.077ms returns 0
T6D34 082:467.152 JLINK_ReadMem(0x200049EA, 0x8 Bytes, ...)
T6D34 082:467.176    -- Read from C cache (8 bytes @ 0x200049EA)
T6D34 082:467.200   Data:  FF FF FF FF FF FF FF FF
T6D34 082:467.224 - 0.078ms returns 0
T6D34 082:467.376 JLINK_ReadMem(0x200049F2, 0x8 Bytes, ...)
T6D34 082:467.408    -- Read from C cache (8 bytes @ 0x200049F2)
T6D34 082:467.432   Data:  FF FF 77 C2 95 F3 60 D2
T6D34 082:467.464 - 0.081ms returns 0
T6D34 082:467.616 JLINK_ReadMem(0x200049FA, 0x8 Bytes, ...)
T6D34 082:467.632    -- Read from C cache (8 bytes @ 0x200049FA)
T6D34 082:467.664   Data:  EF 7F 35 52 50 0F 2C B6
T6D34 082:467.696 - 0.079ms returns 0
T6D34 082:467.840 JLINK_ReadMem(0x20004A02, 0x8 Bytes, ...)
T6D34 082:467.864    -- Read from C cache (8 bytes @ 0x20004A02)
T6D34 082:467.896   Data:  79 80 00 00 00 00 E5 10
T6D34 082:467.928 - 0.084ms returns 0
T6D34 082:468.736 JLINK_ReadMem(0x2000498B, 0x8 Bytes, ...)
T6D34 082:468.800    -- Read from C cache (8 bytes @ 0x2000498B)
T6D34 082:468.832   Data:  FF FF FF FF FF FF FF FF
T6D34 082:468.856 - 0.121ms returns 0
T6D34 082:469.096 JLINK_ReadMem(0x20004993, 0x8 Bytes, ...)
T6D34 082:469.144    -- Read from C cache (8 bytes @ 0x20004993)
T6D34 082:469.168   Data:  FF FF FF FF FF FF FF FF
T6D34 082:469.200 - 0.102ms returns 0
T6D34 082:469.392 JLINK_ReadMem(0x2000499B, 0x8 Bytes, ...)
T6D34 082:469.424    -- Read from C cache (8 bytes @ 0x2000499B)
T6D34 082:469.448   Data:  FF FF FF FF FF FF FF FF
T6D34 082:469.488 - 0.096ms returns 0
T6D34 082:469.712 JLINK_ReadMem(0x200049A3, 0x8 Bytes, ...)
T6D34 082:469.736    -- Read from C cache (8 bytes @ 0x200049A3)
T6D34 082:469.768   Data:  FF FF FF FF FF FF FF FF
T6D34 082:469.792 - 0.083ms returns 0
T6D34 082:470.000 JLINK_ReadMem(0x200049AB, 0x8 Bytes, ...)
T6D34 082:470.032    -- Read from C cache (8 bytes @ 0x200049AB)
T6D34 082:470.072   Data:  FF FF FF FF FF FF FF FF
T6D34 082:470.096 - 0.102ms returns 0
T6D34 082:470.336 JLINK_ReadMem(0x200049B3, 0x8 Bytes, ...)
T6D34 082:470.408    -- Read from C cache (8 bytes @ 0x200049B3)
T6D34 082:470.432   Data:  FF FF FF FF FF FF FF FF
T6D34 082:470.464 - 0.126ms returns 0
T6D34 082:470.680 JLINK_ReadMem(0x200049BB, 0x8 Bytes, ...)
T6D34 082:470.704    -- Read from C cache (8 bytes @ 0x200049BB)
T6D34 082:470.736   Data:  FF FF FF FF FF FF FF FF
T6D34 082:470.760 - 0.076ms returns 0
T6D34 082:470.928 JLINK_ReadMem(0x200049C3, 0x8 Bytes, ...)
T6D34 082:470.960    -- Read from C cache (8 bytes @ 0x200049C3)
T6D34 082:471.016   Data:  FF FF FF FF FF FF FF FF
T6D34 082:471.048 - 0.113ms returns 0
T6D58 082:471.088   JLINK_RTTERMINAL_Read(BufferIndex = 0, BufferSize = 0x00010000)
T6D58 082:471.144   - 0.063ms returns 0
T6D34 082:471.280 JLINK_ReadMem(0x200049CB, 0x8 Bytes, ...)
T6D34 082:471.320    -- Read from C cache (8 bytes @ 0x200049CB)
T6D34 082:471.360   Data:  FF FF FF FF FF FF FF FF
T6D34 082:471.392 - 0.118ms returns 0
T6D34 082:471.616 JLINK_ReadMem(0x200049D3, 0x8 Bytes, ...)
T6D34 082:471.760    -- Read from C cache (8 bytes @ 0x200049D3)
T6D34 082:471.832   Data:  FF FF FF FF FF FF FF FF
T6D34 082:471.880 - 0.257ms returns 0
T6D34 082:474.848 JLINK_ReadMem(0x200049DB, 0x8 Bytes, ...)
T6D34 082:474.928    -- Read from C cache (8 bytes @ 0x200049DB)
T6D34 082:474.952   Data:  FF FF FF FF FF FF FF FF
T6D34 082:474.976 - 0.130ms returns 0
T6D34 082:475.376 JLINK_ReadMem(0x200049E3, 0x8 Bytes, ...)
T6D34 082:475.440    -- Read from C cache (8 bytes @ 0x200049E3)
T6D34 082:475.472   Data:  FF FF FF FF FF FF FF FF
T6D34 082:475.504 - 0.124ms returns 0
T6D34 082:475.736 JLINK_ReadMem(0x200049EB, 0x8 Bytes, ...)
T6D34 082:475.784    -- Read from C cache (8 bytes @ 0x200049EB)
T6D34 082:475.808   Data:  FF FF FF FF FF FF FF FF
T6D34 082:475.832 - 0.096ms returns 0
T6D34 082:475.984 JLINK_ReadMem(0x200049F3, 0x8 Bytes, ...)
T6D34 082:476.024    -- Read from C cache (8 bytes @ 0x200049F3)
T6D34 082:476.048   Data:  FF 77 C2 95 F3 60 D2 EF
T6D34 082:476.080 - 0.091ms returns 0
T6D34 082:476.240 JLINK_ReadMem(0x200049FB, 0x8 Bytes, ...)
T6D34 082:476.272    -- Read from C cache (8 bytes @ 0x200049FB)
T6D34 082:476.296   Data:  7F 35 52 50 0F 2C B6 79
T6D34 082:476.320 - 0.079ms returns 0
T6D34 082:476.504 JLINK_ReadMem(0x20004A03, 0x8 Bytes, ...)
T6D34 082:476.536    -- Read from C cache (8 bytes @ 0x20004A03)
T6D34 082:476.560   Data:  80 00 00 00 00 E5 10 00
T6D34 082:476.592 - 0.082ms returns 0
T6D34 082:477.616 JLINK_ReadMem(0x2000498C, 0x8 Bytes, ...)
T6D34 082:477.680    -- Read from C cache (8 bytes @ 0x2000498C)
T6D34 082:477.712   Data:  FF FF FF FF FF FF FF FF
T6D34 082:477.736 - 0.121ms returns 0
T6D34 082:478.064 JLINK_ReadMem(0x20004994, 0x8 Bytes, ...)
T6D34 082:478.112    -- Read from C cache (8 bytes @ 0x20004994)
T6D34 082:478.144   Data:  FF FF FF FF FF FF FF FF
T6D34 082:478.176 - 0.107ms returns 0
T6D34 082:478.504 JLINK_ReadMem(0x2000499C, 0x8 Bytes, ...)
T6D34 082:478.544    -- Read from C cache (8 bytes @ 0x2000499C)
T6D34 082:478.576   Data:  FF FF FF FF FF FF FF FF
T6D34 082:478.600 - 0.095ms returns 0
T6D34 082:478.920 JLINK_ReadMem(0x200049A4, 0x8 Bytes, ...)
T6D34 082:478.976    -- Read from C cache (8 bytes @ 0x200049A4)
T6D34 082:479.008   Data:  FF FF FF FF FF FF FF FF
T6D34 082:479.056 - 0.129ms returns 0
T6D34 082:479.416 JLINK_ReadMem(0x200049AC, 0x8 Bytes, ...)
T6D34 082:479.472    -- Read from C cache (8 bytes @ 0x200049AC)
T6D34 082:479.504   Data:  FF FF FF FF FF FF FF FF
T6D34 082:479.528 - 0.112ms returns 0
T6D34 082:479.832 JLINK_ReadMem(0x200049B4, 0x8 Bytes, ...)
T6D34 082:479.880    -- Read from C cache (8 bytes @ 0x200049B4)
T6D34 082:479.904   Data:  FF FF FF FF FF FF FF FF
T6D34 082:479.928 - 0.093ms returns 0
T6D34 082:480.112 JLINK_ReadMem(0x200049BC, 0x8 Bytes, ...)
T6D34 082:480.136    -- Read from C cache (8 bytes @ 0x200049BC)
T6D34 082:480.168   Data:  FF FF FF FF FF FF FF FF
T6D34 082:480.192 - 0.082ms returns 0
T6D34 082:480.352 JLINK_ReadMem(0x200049C4, 0x8 Bytes, ...)
T6D34 082:480.376    -- Read from C cache (8 bytes @ 0x200049C4)
T6D34 082:480.400   Data:  FF FF FF FF FF FF FF FF
T6D34 082:480.432 - 0.076ms returns 0
T6D34 082:480.584 JLINK_ReadMem(0x200049CC, 0x8 Bytes, ...)
T6D34 082:480.600    -- Read from C cache (8 bytes @ 0x200049CC)
T6D34 082:480.624   Data:  FF FF FF FF FF FF FF FF
T6D34 082:480.656 - 0.075ms returns 0
T6D34 082:480.808 JLINK_ReadMem(0x200049D4, 0x8 Bytes, ...)
T6D34 082:480.832    -- Read from C cache (8 bytes @ 0x200049D4)
T6D34 082:480.856   Data:  FF FF FF FF FF FF FF FF
T6D34 082:480.880 - 0.074ms returns 0
T6D34 082:481.104 JLINK_ReadMem(0x200049DC, 0x8 Bytes, ...)
T6D34 082:481.136    -- Read from C cache (8 bytes @ 0x200049DC)
T6D34 082:481.168   Data:  FF FF FF FF FF FF FF FF
T6D34 082:481.200 - 0.087ms returns 0
T6D34 082:481.360 JLINK_ReadMem(0x200049E4, 0x8 Bytes, ...)
T6D34 082:481.392    -- Read from C cache (8 bytes @ 0x200049E4)
T6D34 082:481.424   Data:  FF FF FF FF FF FF FF FF
T6D34 082:481.448 - 0.080ms returns 0
T6D34 082:481.608 JLINK_ReadMem(0x200049EC, 0x8 Bytes, ...)
T6D34 082:481.632    -- Read from C cache (8 bytes @ 0x200049EC)
T6D34 082:481.672   Data:  FF FF FF FF FF FF FF FF
T6D34 082:481.696 - 0.090ms returns 0
T6D34 082:481.856 JLINK_ReadMem(0x200049F4, 0x8 Bytes, ...)
T6D34 082:481.880    -- Read from C cache (8 bytes @ 0x200049F4)
T6D34 082:481.904   Data:  77 C2 95 F3 60 D2 EF 7F
T6D34 082:481.936 - 0.082ms returns 0
T6D34 082:482.096 JLINK_ReadMem(0x200049FC, 0x8 Bytes, ...)
T6D34 082:482.128    -- Read from C cache (8 bytes @ 0x200049FC)
T6D34 082:482.160   Data:  35 52 50 0F 2C B6 79 80
T6D34 082:482.184 - 0.082ms returns 0
T6D34 082:482.352 JLINK_ReadMem(0x20004A04, 0x8 Bytes, ...)
T6D34 082:482.392    -- Read from C cache (8 bytes @ 0x20004A04)
T6D34 082:482.416   Data:  00 00 00 00 E5 10 00 00
T6D34 082:482.448 - 0.098ms returns 0
T6D34 082:483.176 JLINK_ReadMem(0x2000498D, 0x8 Bytes, ...)
T6D34 082:483.248    -- Read from C cache (8 bytes @ 0x2000498D)
T6D34 082:483.288   Data:  FF FF FF FF FF FF FF FF
T6D34 082:483.344 - 0.172ms returns 0
T6D34 082:483.728 JLINK_ReadMem(0x20004995, 0x8 Bytes, ...)
T6D34 082:483.776    -- Read from C cache (8 bytes @ 0x20004995)
T6D34 082:483.808   Data:  FF FF FF FF FF FF FF FF
T6D34 082:483.832 - 0.109ms returns 0
T6D34 082:484.120 JLINK_ReadMem(0x2000499D, 0x8 Bytes, ...)
T6D34 082:484.168    -- Read from C cache (8 bytes @ 0x2000499D)
T6D34 082:484.192   Data:  FF FF FF FF FF FF FF FF
T6D34 082:484.216 - 0.096ms returns 0
T6D34 082:486.608 JLINK_ReadMem(0x200049A5, 0x8 Bytes, ...)
T6D34 082:486.680    -- Read from C cache (8 bytes @ 0x200049A5)
T6D34 082:486.704   Data:  FF FF FF FF FF FF FF FF
T6D34 082:486.736 - 0.122ms returns 0
T6D34 082:487.176 JLINK_ReadMem(0x200049AD, 0x8 Bytes, ...)
T6D34 082:487.216    -- Read from C cache (8 bytes @ 0x200049AD)
T6D34 082:487.256   Data:  FF FF FF FF FF FF FF FF
T6D34 082:487.280 - 0.113ms returns 0
T6D34 082:487.536 JLINK_ReadMem(0x200049B5, 0x8 Bytes, ...)
T6D34 082:487.568    -- Read from C cache (8 bytes @ 0x200049B5)
T6D34 082:487.600   Data:  FF FF FF FF FF FF FF FF
T6D34 082:487.624 - 0.085ms returns 0
T6D34 082:487.872 JLINK_ReadMem(0x200049BD, 0x8 Bytes, ...)
T6D34 082:487.904    -- Read from C cache (8 bytes @ 0x200049BD)
T6D34 082:487.928   Data:  FF FF FF FF FF FF FF FF
T6D34 082:487.952 - 0.081ms returns 0
T6D34 082:488.192 JLINK_ReadMem(0x200049C5, 0x8 Bytes, ...)
T6D34 082:488.216    -- Read from C cache (8 bytes @ 0x200049C5)
T6D34 082:488.240   Data:  FF FF FF FF FF FF FF FF
T6D34 082:488.272 - 0.079ms returns 0
T6D34 082:488.560 JLINK_ReadMem(0x200049CD, 0x8 Bytes, ...)
T6D34 082:488.624    -- Read from C cache (8 bytes @ 0x200049CD)
T6D34 082:488.648   Data:  FF FF FF FF FF FF FF FF
T6D34 082:488.672 - 0.110ms returns 0
T6D34 082:488.968 JLINK_ReadMem(0x200049D5, 0x8 Bytes, ...)
T6D34 082:489.016    -- Read from C cache (8 bytes @ 0x200049D5)
T6D34 082:489.040   Data:  FF FF FF FF FF FF FF FF
T6D34 082:489.072 - 0.102ms returns 0
T6D34 082:489.264 JLINK_ReadMem(0x200049DD, 0x8 Bytes, ...)
T6D34 082:489.312    -- Read from C cache (8 bytes @ 0x200049DD)
T6D34 082:489.344   Data:  FF FF FF FF FF FF FF FF
T6D34 082:489.384 - 0.117ms returns 0
T6D34 082:489.680 JLINK_ReadMem(0x200049E5, 0x8 Bytes, ...)
T6D34 082:489.712    -- Read from C cache (8 bytes @ 0x200049E5)
T6D34 082:489.744   Data:  FF FF FF FF FF FF FF FF
T6D34 082:489.776 - 0.094ms returns 0
T6D34 082:490.048 JLINK_ReadMem(0x200049ED, 0x8 Bytes, ...)
T6D34 082:490.096    -- Read from C cache (8 bytes @ 0x200049ED)
T6D34 082:490.120   Data:  FF FF FF FF FF FF FF 77
T6D34 082:490.144 - 0.099ms returns 0
T6D34 082:490.352 JLINK_ReadMem(0x200049F5, 0x8 Bytes, ...)
T6D34 082:490.392    -- Read from C cache (8 bytes @ 0x200049F5)
T6D34 082:490.416   Data:  C2 95 F3 60 D2 EF 7F 35
T6D34 082:490.448 - 0.090ms returns 0
T6D34 082:490.656 JLINK_ReadMem(0x200049FD, 0x8 Bytes, ...)
T6D34 082:490.696    -- Read from C cache (8 bytes @ 0x200049FD)
T6D34 082:490.720   Data:  52 50 0F 2C B6 79 80 00
T6D34 082:490.744 - 0.090ms returns 0
T6D34 082:491.600 JLINK_ReadMem(0x2000498E, 0x8 Bytes, ...)
T6D34 082:491.728    -- Read from C cache (8 bytes @ 0x2000498E)
T6D34 082:491.792   Data:  FF FF FF FF FF FF FF FF
T6D34 082:491.832 - 0.238ms returns 0
T6D34 082:492.112 JLINK_ReadMem(0x20004996, 0x8 Bytes, ...)
T6D34 082:492.152    -- Read from C cache (8 bytes @ 0x20004996)
T6D34 082:492.176   Data:  FF FF FF FF FF FF FF FF
T6D34 082:492.208 - 0.095ms returns 0
T6D34 082:492.392 JLINK_ReadMem(0x2000499E, 0x8 Bytes, ...)
T6D34 082:492.424    -- Read from C cache (8 bytes @ 0x2000499E)
T6D34 082:492.448   Data:  FF FF FF FF FF FF FF FF
T6D34 082:492.472 - 0.079ms returns 0
T6D34 082:492.784 JLINK_ReadMem(0x200049A6, 0x8 Bytes, ...)
T6D34 082:492.848    -- Read from C cache (8 bytes @ 0x200049A6)
T6D34 082:492.880   Data:  FF FF FF FF FF FF FF FF
T6D34 082:492.912 - 0.125ms returns 0
T6D34 082:493.136 JLINK_ReadMem(0x200049AE, 0x8 Bytes, ...)
T6D34 082:493.168    -- Read from C cache (8 bytes @ 0x200049AE)
T6D34 082:493.200   Data:  FF FF FF FF FF FF FF FF
T6D34 082:493.232 - 0.093ms returns 0
T6D34 082:493.488 JLINK_ReadMem(0x200049B6, 0x8 Bytes, ...)
T6D34 082:493.512    -- Read from C cache (8 bytes @ 0x200049B6)
T6D34 082:493.544   Data:  FF FF FF FF FF FF FF FF
T6D34 082:493.568 - 0.083ms returns 0
T6D34 082:493.800 JLINK_ReadMem(0x200049BE, 0x8 Bytes, ...)
T6D34 082:493.824    -- Read from C cache (8 bytes @ 0x200049BE)
T6D34 082:493.856   Data:  FF FF FF FF FF FF FF FF
T6D34 082:493.880 - 0.081ms returns 0
T6D34 082:494.040 JLINK_ReadMem(0x200049C6, 0x8 Bytes, ...)
T6D34 082:494.080    -- Read from C cache (8 bytes @ 0x200049C6)
T6D34 082:494.104   Data:  FF FF FF FF FF FF FF FF
T6D34 082:494.128 - 0.089ms returns 0
T6D34 082:494.304 JLINK_ReadMem(0x200049CE, 0x8 Bytes, ...)
T6D34 082:494.336    -- Read from C cache (8 bytes @ 0x200049CE)
T6D34 082:494.368   Data:  FF FF FF FF FF FF FF FF
T6D34 082:494.392 - 0.093ms returns 0
T6D34 082:494.560 JLINK_ReadMem(0x200049D6, 0x8 Bytes, ...)
T6D34 082:494.584    -- Read from C cache (8 bytes @ 0x200049D6)
T6D34 082:494.608   Data:  FF FF FF FF FF FF FF FF
T6D34 082:494.640 - 0.080ms returns 0
T6D34 082:494.800 JLINK_ReadMem(0x200049DE, 0x8 Bytes, ...)
T6D34 082:494.832    -- Read from C cache (8 bytes @ 0x200049DE)
T6D34 082:494.864   Data:  FF FF FF FF FF FF FF FF
T6D34 082:494.888 - 0.080ms returns 0
T6D34 082:495.048 JLINK_ReadMem(0x200049E6, 0x8 Bytes, ...)
T6D34 082:495.088    -- Read from C cache (8 bytes @ 0x200049E6)
T6D34 082:495.120   Data:  FF FF FF FF FF FF FF FF
T6D34 082:495.144 - 0.097ms returns 0
T6D34 082:495.344 JLINK_ReadMem(0x200049EE, 0x8 Bytes, ...)
T6D34 082:495.376    -- Read from C cache (8 bytes @ 0x200049EE)
T6D34 082:495.408   Data:  FF FF FF FF FF FF 77 C2
T6D34 082:495.432 - 0.084ms returns 0
T6D34 082:495.664 JLINK_ReadMem(0x200049F6, 0x8 Bytes, ...)
T6D34 082:495.696    -- Read from C cache (8 bytes @ 0x200049F6)
T6D34 082:495.728   Data:  95 F3 60 D2 EF 7F 35 52
T6D34 082:495.752 - 0.081ms returns 0
T6D34 082:495.984 JLINK_ReadMem(0x200049FE, 0x8 Bytes, ...)
T6D34 082:496.016    -- Read from C cache (8 bytes @ 0x200049FE)
T6D34 082:496.048   Data:  50 0F 2C B6 79 80 00 00
T6D34 082:496.080 - 0.094ms returns 0
T6D34 082:496.928 JLINK_ReadMem(0x2000498F, 0x8 Bytes, ...)
T6D34 082:496.992    -- Read from C cache (8 bytes @ 0x2000498F)
T6D34 082:497.024   Data:  FF FF FF FF FF FF FF FF
T6D34 082:497.072 - 0.136ms returns 0
T6D34 082:499.544 JLINK_ReadMem(0x20004997, 0x8 Bytes, ...)
T6D34 082:499.608    -- Read from C cache (8 bytes @ 0x20004997)
T6D34 082:499.632   Data:  FF FF FF FF FF FF FF FF
T6D34 082:499.664 - 0.115ms returns 0
T6D34 082:500.008 JLINK_ReadMem(0x2000499F, 0x8 Bytes, ...)
T6D34 082:500.080    -- Read from C cache (8 bytes @ 0x2000499F)
T6D34 082:500.112   Data:  FF FF FF FF FF FF FF FF
T6D34 082:500.144 - 0.141ms returns 0
T6D34 082:500.368 JLINK_ReadMem(0x200049A7, 0x8 Bytes, ...)
T6D34 082:500.416    -- Read from C cache (8 bytes @ 0x200049A7)
T6D34 082:500.448   Data:  FF FF FF FF FF FF FF FF
T6D34 082:500.488 - 0.113ms returns 0
T6D34 082:500.696 JLINK_ReadMem(0x200049AF, 0x8 Bytes, ...)
T6D34 082:500.744    -- Read from C cache (8 bytes @ 0x200049AF)
T6D34 082:500.776   Data:  FF FF FF FF FF FF FF FF
T6D34 082:500.816 - 0.110ms returns 0
T6D34 082:501.008 JLINK_ReadMem(0x200049B7, 0x8 Bytes, ...)
T6D34 082:501.056    -- Read from C cache (8 bytes @ 0x200049B7)
T6D34 082:501.088   Data:  FF FF FF FF FF FF FF FF
T6D34 082:501.112 - 0.102ms returns 0
T6D34 082:501.320 JLINK_ReadMem(0x200049BF, 0x8 Bytes, ...)
T6D34 082:501.360    -- Read from C cache (8 bytes @ 0x200049BF)
T6D34 082:501.392   Data:  FF FF FF FF FF FF FF FF
T6D34 082:501.416 - 0.093ms returns 0
T6D34 082:501.584 JLINK_ReadMem(0x200049C7, 0x8 Bytes, ...)
T6D34 082:501.616    -- Read from C cache (8 bytes @ 0x200049C7)
T6D34 082:501.640   Data:  FF FF FF FF FF FF FF FF
T6D34 082:501.664 - 0.083ms returns 0
T6D34 082:501.968 JLINK_ReadMem(0x200049CF, 0x8 Bytes, ...)
T6D34 082:502.000    -- Read from C cache (8 bytes @ 0x200049CF)
T6D34 082:502.032   Data:  FF FF FF FF FF FF FF FF
T6D34 082:502.064 - 0.094ms returns 0
T6D34 082:502.256 JLINK_ReadMem(0x200049D7, 0x8 Bytes, ...)
T6D34 082:502.296    -- Read from C cache (8 bytes @ 0x200049D7)
T6D34 082:502.320   Data:  FF FF FF FF FF FF FF FF
T6D34 082:502.352 - 0.089ms returns 0
T6D34 082:502.608 JLINK_ReadMem(0x200049DF, 0x8 Bytes, ...)
T6D34 082:502.640    -- Read from C cache (8 bytes @ 0x200049DF)
T6D34 082:502.672   Data:  FF FF FF FF FF FF FF FF
T6D34 082:502.696 - 0.087ms returns 0
T6D34 082:502.856 JLINK_ReadMem(0x200049E7, 0x8 Bytes, ...)
T6D34 082:502.880    -- Read from C cache (8 bytes @ 0x200049E7)
T6D34 082:502.904   Data:  FF FF FF FF FF FF FF FF
T6D34 082:502.928 - 0.079ms returns 0
T6D34 082:503.088 JLINK_ReadMem(0x200049EF, 0x8 Bytes, ...)
T6D34 082:503.112    -- Read from C cache (8 bytes @ 0x200049EF)
T6D34 082:503.144   Data:  FF FF FF FF FF 77 C2 95
T6D34 082:503.176 - 0.092ms returns 0
T6D34 082:503.336 JLINK_ReadMem(0x200049F7, 0x8 Bytes, ...)
T6D34 082:503.360    -- Read from C cache (8 bytes @ 0x200049F7)
T6D34 082:503.384   Data:  F3 60 D2 EF 7F 35 52 50
T6D34 082:503.408 - 0.076ms returns 0
T6D34 082:503.560 JLINK_ReadMem(0x200049FF, 0x8 Bytes, ...)
T6D34 082:503.584    -- Read from C cache (8 bytes @ 0x200049FF)
T6D34 082:503.608   Data:  0F 2C B6 79 80 00 00 00
T6D34 082:503.632 - 0.076ms returns 0
T6D34 082:504.424 JLINK_ReadMem(0x20004990, 0x8 Bytes, ...)
T6D34 082:504.496    -- Read from C cache (8 bytes @ 0x20004990)
T6D34 082:504.536   Data:  FF FF FF FF FF FF FF FF
T6D34 082:504.584 - 0.159ms returns 0
T6D34 082:504.840 JLINK_ReadMem(0x20004998, 0x8 Bytes, ...)
T6D34 082:504.888    -- Read from C cache (8 bytes @ 0x20004998)
T6D34 082:504.920   Data:  FF FF FF FF FF FF FF FF
T6D34 082:504.944 - 0.104ms returns 0
T6D34 082:505.160 JLINK_ReadMem(0x200049A0, 0x8 Bytes, ...)
T6D34 082:505.200    -- Read from C cache (8 bytes @ 0x200049A0)
T6D34 082:505.232   Data:  FF FF FF FF FF FF FF FF
T6D34 082:505.256 - 0.100ms returns 0
T6D34 082:505.456 JLINK_ReadMem(0x200049A8, 0x8 Bytes, ...)
T6D34 082:505.488    -- Read from C cache (8 bytes @ 0x200049A8)
T6D34 082:505.512   Data:  FF FF FF FF FF FF FF FF
T6D34 082:505.536 - 0.084ms returns 0
T6D34 082:505.704 JLINK_ReadMem(0x200049B0, 0x8 Bytes, ...)
T6D34 082:505.736    -- Read from C cache (8 bytes @ 0x200049B0)
T6D34 082:505.768   Data:  FF FF FF FF FF FF FF FF
T6D34 082:505.792 - 0.085ms returns 0
T6D34 082:505.952 JLINK_ReadMem(0x200049B8, 0x8 Bytes, ...)
T6D34 082:505.984    -- Read from C cache (8 bytes @ 0x200049B8)
T6D34 082:506.008   Data:  FF FF FF FF FF FF FF FF
T6D34 082:506.032 - 0.081ms returns 0
T6D34 082:506.232 JLINK_ReadMem(0x200049C0, 0x8 Bytes, ...)
T6D34 082:506.264    -- Read from C cache (8 bytes @ 0x200049C0)
T6D34 082:506.304   Data:  FF FF FF FF FF FF FF FF
T6D34 082:506.328 - 0.096ms returns 0
T6D34 082:506.552 JLINK_ReadMem(0x200049C8, 0x8 Bytes, ...)
T6D34 082:506.600    -- Read from C cache (8 bytes @ 0x200049C8)
T6D34 082:506.624   Data:  FF FF FF FF FF FF FF FF
T6D34 082:506.648 - 0.100ms returns 0
T6D34 082:506.872 JLINK_ReadMem(0x200049D0, 0x8 Bytes, ...)
T6D34 082:506.912    -- Read from C cache (8 bytes @ 0x200049D0)
T6D34 082:506.936   Data:  FF FF FF FF FF FF FF FF
T6D34 082:506.960 - 0.093ms returns 0
T6D34 082:507.184 JLINK_ReadMem(0x200049D8, 0x8 Bytes, ...)
T6D34 082:507.216    -- Read from C cache (8 bytes @ 0x200049D8)
T6D34 082:507.248   Data:  FF FF FF FF FF FF FF FF
T6D34 082:507.272 - 0.092ms returns 0
T6D34 082:507.504 JLINK_ReadMem(0x200049E0, 0x8 Bytes, ...)
T6D34 082:507.544    -- Read from C cache (8 bytes @ 0x200049E0)
T6D34 082:507.568   Data:  FF FF FF FF FF FF FF FF
T6D34 082:507.600 - 0.095ms returns 0
T6D34 082:507.776 JLINK_ReadMem(0x200049E8, 0x8 Bytes, ...)
T6D34 082:507.808    -- Read from C cache (8 bytes @ 0x200049E8)
T6D34 082:507.832   Data:  FF FF FF FF FF FF FF FF
T6D34 082:507.856 - 0.084ms returns 0
T6D34 082:508.024 JLINK_ReadMem(0x200049F0, 0x8 Bytes, ...)
T6D34 082:508.056    -- Read from C cache (8 bytes @ 0x200049F0)
T6D34 082:508.080   Data:  FF FF FF FF 77 C2 95 F3
T6D34 082:508.112 - 0.081ms returns 0
T6D34 082:508.272 JLINK_ReadMem(0x200049F8, 0x8 Bytes, ...)
T6D34 082:508.296    -- Read from C cache (8 bytes @ 0x200049F8)
T6D34 082:508.328   Data:  60 D2 EF 7F 35 52 50 0F
T6D34 082:508.352 - 0.081ms returns 0
T6D34 082:508.576 JLINK_ReadMem(0x20004A00, 0x8 Bytes, ...)
T6D34 082:508.616    -- Read from C cache (8 bytes @ 0x20004A00)
T6D34 082:508.640   Data:  2C B6 79 80 00 00 00 00
T6D34 082:508.664 - 0.088ms returns 0
T6D34 082:511.824 JLINK_ReadMem(0x20004991, 0x8 Bytes, ...)
T6D34 082:511.912    -- Read from C cache (8 bytes @ 0x20004991)
T6D34 082:511.944   Data:  FF FF FF FF FF FF FF FF
T6D34 082:511.968 - 0.140ms returns 0
T6D34 082:512.336 JLINK_ReadMem(0x20004999, 0x8 Bytes, ...)
T6D34 082:512.384    -- Read from C cache (8 bytes @ 0x20004999)
T6D34 082:512.408   Data:  FF FF FF FF FF FF FF FF
T6D34 082:512.448 - 0.109ms returns 0
T6D34 082:512.720 JLINK_ReadMem(0x200049A1, 0x8 Bytes, ...)
T6D34 082:512.776    -- Read from C cache (8 bytes @ 0x200049A1)
T6D34 082:512.800   Data:  FF FF FF FF FF FF FF FF
T6D34 082:512.824 - 0.104ms returns 0
T6D34 082:513.016 JLINK_ReadMem(0x200049A9, 0x8 Bytes, ...)
T6D34 082:513.040    -- Read from C cache (8 bytes @ 0x200049A9)
T6D34 082:513.072   Data:  FF FF FF FF FF FF FF FF
T6D34 082:513.104 - 0.082ms returns 0
T6D34 082:513.264 JLINK_ReadMem(0x200049B1, 0x8 Bytes, ...)
T6D34 082:513.288    -- Read from C cache (8 bytes @ 0x200049B1)
T6D34 082:513.312   Data:  FF FF FF FF FF FF FF FF
T6D34 082:513.336 - 0.077ms returns 0
T6D34 082:513.488 JLINK_ReadMem(0x200049B9, 0x8 Bytes, ...)
T6D34 082:513.520    -- Read from C cache (8 bytes @ 0x200049B9)
T6D34 082:513.544   Data:  FF FF FF FF FF FF FF FF
T6D34 082:513.568 - 0.078ms returns 0
T6D34 082:513.720 JLINK_ReadMem(0x200049C1, 0x8 Bytes, ...)
T6D34 082:513.744    -- Read from C cache (8 bytes @ 0x200049C1)
T6D34 082:513.776   Data:  FF FF FF FF FF FF FF FF
T6D34 082:513.800 - 0.077ms returns 0
T6D34 082:513.968 JLINK_ReadMem(0x200049C9, 0x8 Bytes, ...)
T6D34 082:513.992    -- Read from C cache (8 bytes @ 0x200049C9)
T6D34 082:514.016   Data:  FF FF FF FF FF FF FF FF
T6D34 082:514.040 - 0.079ms returns 0
T6D34 082:514.200 JLINK_ReadMem(0x200049D1, 0x8 Bytes, ...)
T6D34 082:514.224    -- Read from C cache (8 bytes @ 0x200049D1)
T6D34 082:514.256   Data:  FF FF FF FF FF FF FF FF
T6D34 082:514.288 - 0.078ms returns 0
T6D34 082:514.432 JLINK_ReadMem(0x200049D9, 0x8 Bytes, ...)
T6D34 082:514.456    -- Read from C cache (8 bytes @ 0x200049D9)
T6D34 082:514.480   Data:  FF FF FF FF FF FF FF FF
T6D34 082:514.512 - 0.075ms returns 0
T6D34 082:514.800 JLINK_ReadMem(0x200049E1, 0x8 Bytes, ...)
T6D34 082:514.832    -- Read from C cache (8 bytes @ 0x200049E1)
T6D34 082:514.864   Data:  FF FF FF FF FF FF FF FF
T6D34 082:514.888 - 0.085ms returns 0
T6D34 082:515.072 JLINK_ReadMem(0x200049E9, 0x8 Bytes, ...)
T6D34 082:515.112    -- Read from C cache (8 bytes @ 0x200049E9)
T6D34 082:515.136   Data:  FF FF FF FF FF FF FF FF
T6D34 082:515.168 - 0.095ms returns 0
T6D34 082:515.344 JLINK_ReadMem(0x200049F1, 0x8 Bytes, ...)
T6D34 082:515.376    -- Read from C cache (8 bytes @ 0x200049F1)
T6D34 082:515.400   Data:  FF FF FF 77 C2 95 F3 60
T6D34 082:515.424 - 0.084ms returns 0
T6D34 082:515.592 JLINK_ReadMem(0x200049F9, 0x8 Bytes, ...)
T6D34 082:515.616    -- Read from C cache (8 bytes @ 0x200049F9)
T6D34 082:515.640   Data:  D2 EF 7F 35 52 50 0F 2C
T6D34 082:515.664 - 0.080ms returns 0
T6D34 082:515.832 JLINK_ReadMem(0x20004A01, 0x8 Bytes, ...)
T6D34 082:515.856    -- Read from C cache (8 bytes @ 0x20004A01)
T6D34 082:515.888   Data:  B6 79 80 00 00 00 00 E5
T6D34 082:515.944 - 0.109ms returns 0
T6D34 082:516.744 JLINK_ReadMem(0x20004992, 0x8 Bytes, ...)
T6D34 082:516.816    -- Read from C cache (8 bytes @ 0x20004992)
T6D34 082:516.840   Data:  FF FF FF FF FF FF FF FF
T6D34 082:516.872 - 0.127ms returns 0
T6D34 082:517.152 JLINK_ReadMem(0x2000499A, 0x8 Bytes, ...)
T6D34 082:517.208    -- Read from C cache (8 bytes @ 0x2000499A)
T6D34 082:517.240   Data:  FF FF FF FF FF FF FF FF
T6D34 082:517.264 - 0.118ms returns 0
T6D34 082:517.512 JLINK_ReadMem(0x200049A2, 0x8 Bytes, ...)
T6D34 082:517.536    -- Read from C cache (8 bytes @ 0x200049A2)
T6D34 082:517.568   Data:  FF FF FF FF FF FF FF FF
T6D34 082:517.592 - 0.080ms returns 0
T6D34 082:517.816 JLINK_ReadMem(0x200049AA, 0x8 Bytes, ...)
T6D34 082:517.848    -- Read from C cache (8 bytes @ 0x200049AA)
T6D34 082:517.872   Data:  FF FF FF FF FF FF FF FF
T6D34 082:517.904 - 0.088ms returns 0
T6D34 082:518.192 JLINK_ReadMem(0x200049B2, 0x8 Bytes, ...)
T6D34 082:518.240    -- Read from C cache (8 bytes @ 0x200049B2)
T6D34 082:518.264   Data:  FF FF FF FF FF FF FF FF
T6D34 082:518.304 - 0.107ms returns 0
T6D34 082:518.544 JLINK_ReadMem(0x200049BA, 0x8 Bytes, ...)
T6D34 082:518.608    -- Read from C cache (8 bytes @ 0x200049BA)
T6D34 082:518.632   Data:  FF FF FF FF FF FF FF FF
T6D34 082:518.656 - 0.108ms returns 0
T6D34 082:518.888 JLINK_ReadMem(0x200049C2, 0x8 Bytes, ...)
T6D34 082:518.920    -- Read from C cache (8 bytes @ 0x200049C2)
T6D34 082:518.952   Data:  FF FF FF FF FF FF FF FF
T6D34 082:518.992 - 0.107ms returns 0
T6D34 082:519.232 JLINK_ReadMem(0x200049CA, 0x8 Bytes, ...)
T6D34 082:519.256    -- Read from C cache (8 bytes @ 0x200049CA)
T6D34 082:519.280   Data:  FF FF FF FF FF FF FF FF
T6D34 082:519.312 - 0.079ms returns 0
T6D34 082:519.536 JLINK_ReadMem(0x200049D2, 0x8 Bytes, ...)
T6D34 082:519.560    -- Read from C cache (8 bytes @ 0x200049D2)
T6D34 082:519.584   Data:  FF FF FF FF FF FF FF FF
T6D34 082:519.608 - 0.077ms returns 0
T6D34 082:519.760 JLINK_ReadMem(0x200049DA, 0x8 Bytes, ...)
T6D34 082:519.792    -- Read from C cache (8 bytes @ 0x200049DA)
T6D34 082:519.816   Data:  FF FF FF FF FF FF FF FF
T6D34 082:519.840 - 0.075ms returns 0
T6D34 082:520.040 JLINK_ReadMem(0x200049E2, 0x8 Bytes, ...)
T6D34 082:520.088    -- Read from C cache (8 bytes @ 0x200049E2)
T6D34 082:520.112   Data:  FF FF FF FF FF FF FF FF
T6D34 082:520.144 - 0.109ms returns 0
T6D34 082:520.384 JLINK_ReadMem(0x200049EA, 0x8 Bytes, ...)
T6D34 082:520.432    -- Read from C cache (8 bytes @ 0x200049EA)
T6D34 082:520.464   Data:  FF FF FF FF FF FF FF FF
T6D34 082:520.512 - 0.129ms returns 0
T6D34 082:520.760 JLINK_ReadMem(0x200049F2, 0x8 Bytes, ...)
T6D34 082:520.808    -- Read from C cache (8 bytes @ 0x200049F2)
T6D34 082:520.848   Data:  FF FF 77 C2 95 F3 60 D2
T6D34 082:520.888 - 0.131ms returns 0
T6D58 082:523.144   JLINK_RTTERMINAL_Read(BufferIndex = 0, BufferSize = 0x00010000)
T6D58 082:523.200   - 0.054ms returns 0
T6D34 082:523.312 JLINK_ReadMem(0x200049FA, 0x8 Bytes, ...)
T6D34 082:523.344    -- Read from C cache (8 bytes @ 0x200049FA)
T6D34 082:523.376   Data:  EF 7F 35 52 50 0F 2C B6
T6D34 082:523.400 - 0.089ms returns 0
T6D34 082:523.664 JLINK_ReadMem(0x20004A02, 0x8 Bytes, ...)
T6D34 082:523.696    -- Read from C cache (8 bytes @ 0x20004A02)
T6D34 082:523.728   Data:  79 80 00 00 00 00 E5 10
T6D34 082:523.760 - 0.092ms returns 0
T6D34 082:524.592 JLINK_ReadMem(0x20004985, 0x1 Bytes, ...)
T6D34 082:524.648    -- Read from C cache (1 bytes @ 0x20004985)
T6D34 082:524.680   Data:  FF
T6D34 082:524.704 - 0.115ms returns 0
T6D34 082:525.320 JLINK_ReadMem(0x20004986, 0x1 Bytes, ...)
T6D34 082:525.376    -- Read from C cache (1 bytes @ 0x20004986)
T6D34 082:525.400   Data:  FF
T6D34 082:525.424 - 0.112ms returns 0
T6D34 082:526.048 JLINK_ReadMem(0x20004987, 0x1 Bytes, ...)
T6D34 082:526.128    -- Read from C cache (1 bytes @ 0x20004987)
T6D34 082:526.168   Data:  FF
T6D34 082:526.216 - 0.167ms returns 0
T6D34 082:526.928 JLINK_ReadMem(0x20004988, 0x1 Bytes, ...)
T6D34 082:526.992    -- Read from C cache (1 bytes @ 0x20004988)
T6D34 082:527.024   Data:  FF
T6D34 082:527.056 - 0.125ms returns 0
T6D34 082:527.792 JLINK_ReadMem(0x20004989, 0x1 Bytes, ...)
T6D34 082:527.880    -- Read from C cache (1 bytes @ 0x20004989)
T6D34 082:527.920   Data:  FF
T6D34 082:527.960 - 0.178ms returns 0
T6D34 082:528.688 JLINK_ReadMem(0x2000498A, 0x1 Bytes, ...)
T6D34 082:528.752    -- Read from C cache (1 bytes @ 0x2000498A)
T6D34 082:528.784   Data:  FF
T6D34 082:528.808 - 0.115ms returns 0
T6D34 082:529.424 JLINK_ReadMem(0x2000498B, 0x1 Bytes, ...)
T6D34 082:529.488    -- Read from C cache (1 bytes @ 0x2000498B)
T6D34 082:529.512   Data:  FF
T6D34 082:529.544 - 0.118ms returns 0
T6D34 082:530.288 JLINK_ReadMem(0x2000498C, 0x1 Bytes, ...)
T6D34 082:530.352    -- Read from C cache (1 bytes @ 0x2000498C)
T6D34 082:530.384   Data:  FF
T6D34 082:530.408 - 0.120ms returns 0
T6D34 082:531.024 JLINK_ReadMem(0x2000498D, 0x1 Bytes, ...)
T6D34 082:531.088    -- Read from C cache (1 bytes @ 0x2000498D)
T6D34 082:531.112   Data:  FF
T6D34 082:531.152 - 0.117ms returns 0
T6D34 082:531.728 JLINK_ReadMem(0x2000498E, 0x1 Bytes, ...)
T6D34 082:531.776    -- Read from C cache (1 bytes @ 0x2000498E)
T6D34 082:531.808   Data:  FF
T6D34 082:531.832 - 0.110ms returns 0
T6D34 082:532.616 JLINK_ReadMem(0x2000498F, 0x1 Bytes, ...)
T6D34 082:532.680    -- Read from C cache (1 bytes @ 0x2000498F)
T6D34 082:532.704   Data:  FF
T6D34 082:532.752 - 0.139ms returns 0
T6D34 082:533.536 JLINK_ReadMem(0x20004990, 0x1 Bytes, ...)
T6D34 082:533.584    -- Read from C cache (1 bytes @ 0x20004990)
T6D34 082:533.616   Data:  FF
T6D34 082:533.648 - 0.110ms returns 0
T6D34 082:536.544 JLINK_ReadMem(0x20004991, 0x1 Bytes, ...)
T6D34 082:536.616    -- Read from C cache (1 bytes @ 0x20004991)
T6D34 082:536.640   Data:  FF
T6D34 082:536.672 - 0.129ms returns 0
T6D34 082:537.712 JLINK_ReadMem(0x20004992, 0x1 Bytes, ...)
T6D34 082:537.776    -- Read from C cache (1 bytes @ 0x20004992)
T6D34 082:537.808   Data:  FF
T6D34 082:537.840 - 0.123ms returns 0
T6D58 082:573.696   JLINK_RTTERMINAL_Read(BufferIndex = 0, BufferSize = 0x00010000)
T6D58 082:573.792   - 0.099ms returns 0
T6D58 082:624.352   JLINK_RTTERMINAL_Read(BufferIndex = 0, BufferSize = 0x00010000)
T6D58 082:624.504   - 0.153ms returns 0
T6D58 082:676.080   JLINK_RTTERMINAL_Read(BufferIndex = 0, BufferSize = 0x00010000)
T6D58 082:676.160   - 0.085ms returns 0
T6D58 082:727.488   JLINK_RTTERMINAL_Read(BufferIndex = 0, BufferSize = 0x00010000)
T6D58 082:727.600   - 0.118ms returns 0
T6D58 082:779.080   JLINK_RTTERMINAL_Read(BufferIndex = 0, BufferSize = 0x00010000)
T6D58 082:779.248   - 0.163ms returns 0
T6D58 082:831.096   JLINK_RTTERMINAL_Read(BufferIndex = 0, BufferSize = 0x00010000)
T6D58 082:831.192   - 0.094ms returns 0
T6D58 082:881.968   JLINK_RTTERMINAL_Read(BufferIndex = 0, BufferSize = 0x00010000)
T6D58 082:882.168   - 0.204ms returns 0
T6D58 082:936.240   JLINK_RTTERMINAL_Read(BufferIndex = 0, BufferSize = 0x00010000)
T6D58 082:936.384   - 0.148ms returns 0
T6D58 082:987.144   JLINK_RTTERMINAL_Read(BufferIndex = 0, BufferSize = 0x00010000)
T6D58 082:987.296   - 0.149ms returns 0
T6D58 083:038.344   JLINK_RTTERMINAL_Read(BufferIndex = 0, BufferSize = 0x00010000)
T6D58 083:038.480   - 0.144ms returns 0
T6D58 083:089.672   JLINK_RTTERMINAL_Read(BufferIndex = 0, BufferSize = 0x00010000)
T6D58 083:089.872   - 0.202ms returns 0
T6D58 083:141.232   JLINK_RTTERMINAL_Read(BufferIndex = 0, BufferSize = 0x00010000)
T6D58 083:141.328   - 0.094ms returns 0
T6D58 083:191.792   JLINK_RTTERMINAL_Read(BufferIndex = 0, BufferSize = 0x00010000)
T6D58 083:191.944   - 0.154ms returns 0
T6D58 083:242.608   JLINK_RTTERMINAL_Read(BufferIndex = 0, BufferSize = 0x00010000)
T6D58 083:242.696   - 0.093ms returns 0
T6D58 083:293.584   JLINK_RTTERMINAL_Read(BufferIndex = 0, BufferSize = 0x00010000)
T6D58 083:293.728   - 0.140ms returns 0
T6D58 083:344.656   JLINK_RTTERMINAL_Read(BufferIndex = 0, BufferSize = 0x00010000)
T6D58 083:344.816   - 0.159ms returns 0
T6D58 083:396.088   JLINK_RTTERMINAL_Read(BufferIndex = 0, BufferSize = 0x00010000)
T6D58 083:396.192   - 0.107ms returns 0
T6D34 083:434.128 JLINK_ReadMem(0x20004993, 0x8 Bytes, ...)
T6D34 083:434.192    -- Read from C cache (8 bytes @ 0x20004993)
T6D34 083:434.224   Data:  FF FF FF FF FF FF FF FF
T6D34 083:434.248 - 0.116ms returns 0
T6D34 083:434.544 JLINK_ReadMem(0x2000499B, 0x8 Bytes, ...)
T6D34 083:434.600    -- Read from C cache (8 bytes @ 0x2000499B)
T6D34 083:434.624   Data:  FF FF FF FF FF FF FF FF
T6D34 083:434.656 - 0.116ms returns 0
T6D34 083:434.992 JLINK_ReadMem(0x200049A3, 0x8 Bytes, ...)
T6D34 083:435.064    -- Read from C cache (8 bytes @ 0x200049A3)
T6D34 083:435.120   Data:  FF FF FF FF FF FF FF FF
T6D34 083:435.152 - 0.162ms returns 0
T6D34 083:435.464 JLINK_ReadMem(0x200049AB, 0x8 Bytes, ...)
T6D34 083:435.504    -- Read from C cache (8 bytes @ 0x200049AB)
T6D34 083:435.536   Data:  FF FF FF FF FF FF FF FF
T6D34 083:435.568 - 0.103ms returns 0
T6D34 083:435.904 JLINK_ReadMem(0x200049B3, 0x8 Bytes, ...)
T6D34 083:435.976    -- Read from C cache (8 bytes @ 0x200049B3)
T6D34 083:436.024   Data:  FF FF FF FF FF FF FF FF
T6D34 083:436.072 - 0.162ms returns 0
T6D34 083:436.408 JLINK_ReadMem(0x200049BB, 0x8 Bytes, ...)
T6D34 083:436.464    -- Read from C cache (8 bytes @ 0x200049BB)
T6D34 083:436.496   Data:  FF FF FF FF FF FF FF FF
T6D34 083:436.528 - 0.123ms returns 0
T6D34 083:436.880 JLINK_ReadMem(0x200049C3, 0x8 Bytes, ...)
T6D34 083:436.952    -- Read from C cache (8 bytes @ 0x200049C3)
T6D34 083:437.000   Data:  FF FF FF FF FF FF FF FF
T6D34 083:437.040 - 0.164ms returns 0
T6D34 083:437.408 JLINK_ReadMem(0x200049CB, 0x8 Bytes, ...)
T6D34 083:437.456    -- Read from C cache (8 bytes @ 0x200049CB)
T6D34 083:437.512   Data:  FF FF FF FF FF FF FF FF
T6D34 083:437.552 - 0.140ms returns 0
T6D34 083:437.904 JLINK_ReadMem(0x200049D3, 0x8 Bytes, ...)
T6D34 083:437.976    -- Read from C cache (8 bytes @ 0x200049D3)
T6D34 083:438.024   Data:  FF FF FF FF FF FF FF FF
T6D34 083:438.064 - 0.155ms returns 0
T6D34 083:438.424 JLINK_ReadMem(0x200049DB, 0x8 Bytes, ...)
T6D34 083:438.488    -- Read from C cache (8 bytes @ 0x200049DB)
T6D34 083:438.528   Data:  FF FF FF FF FF FF FF FF
T6D34 083:438.568 - 0.139ms returns 0
T6D34 083:438.928 JLINK_ReadMem(0x200049E3, 0x8 Bytes, ...)
T6D34 083:438.992    -- Read from C cache (8 bytes @ 0x200049E3)
T6D34 083:439.040   Data:  FF FF FF FF FF FF FF FF
T6D34 083:439.080 - 0.157ms returns 0
T6D34 083:439.472 JLINK_ReadMem(0x200049EB, 0x8 Bytes, ...)
T6D34 083:439.560    -- Read from C cache (8 bytes @ 0x200049EB)
T6D34 083:439.600   Data:  FF FF FF FF FF FF FF FF
T6D34 083:439.648 - 0.181ms returns 0
T6D34 083:440.072 JLINK_ReadMem(0x200049F3, 0x8 Bytes, ...)
T6D34 083:440.120    -- Read from C cache (8 bytes @ 0x200049F3)
T6D34 083:440.160   Data:  FF 77 C2 95 F3 60 D2 EF
T6D34 083:440.192 - 0.123ms returns 0
T6D34 083:440.568 JLINK_ReadMem(0x200049FB, 0x8 Bytes, ...)
T6D34 083:440.632    -- Read from C cache (8 bytes @ 0x200049FB)
T6D34 083:440.664   Data:  7F 35 52 50 0F 2C B6 79
T6D34 083:440.688 - 0.123ms returns 0
T6D34 083:443.688 JLINK_ReadMem(0x20004A03, 0x8 Bytes, ...)
T6D34 083:443.776    -- Read from C cache (8 bytes @ 0x20004A03)
T6D34 083:443.808   Data:  80 00 00 00 00 E5 10 00
T6D34 083:443.832 - 0.145ms returns 0
T6D34 083:445.192 JLINK_ReadMem(0x20004994, 0x8 Bytes, ...)
T6D34 083:445.264    -- Read from C cache (8 bytes @ 0x20004994)
T6D34 083:445.296   Data:  FF FF FF FF FF FF FF FF
T6D34 083:445.320 - 0.134ms returns 0
T6D34 083:445.616 JLINK_ReadMem(0x2000499C, 0x8 Bytes, ...)
T6D34 083:445.712    -- Read from C cache (8 bytes @ 0x2000499C)
T6D34 083:445.752   Data:  FF FF FF FF FF FF FF FF
T6D34 083:445.800 - 0.185ms returns 0
T6D34 083:446.088 JLINK_ReadMem(0x200049A4, 0x8 Bytes, ...)
T6D34 083:446.136    -- Read from C cache (8 bytes @ 0x200049A4)
T6D34 083:446.160   Data:  FF FF FF FF FF FF FF FF
T6D34 083:446.192 - 0.104ms returns 0
T6D34 083:446.424 JLINK_ReadMem(0x200049AC, 0x8 Bytes, ...)
T6D34 083:446.456    -- Read from C cache (8 bytes @ 0x200049AC)
T6D34 083:446.480   Data:  FF FF FF FF FF FF FF FF
T6D34 083:446.512 - 0.085ms returns 0
T6D34 083:446.768 JLINK_ReadMem(0x200049B4, 0x8 Bytes, ...)
T6D34 083:446.816    -- Read from C cache (8 bytes @ 0x200049B4)
T6D34 083:446.840   Data:  FF FF FF FF FF FF FF FF
T6D34 083:446.864 - 0.096ms returns 0
T6D58 083:446.968   JLINK_RTTERMINAL_Read(BufferIndex = 0, BufferSize = 0x00010000)
T6D58 083:447.008   - 0.038ms returns 0
T6D34 083:447.208 JLINK_ReadMem(0x200049BC, 0x8 Bytes, ...)
T6D34 083:447.248    -- Read from C cache (8 bytes @ 0x200049BC)
T6D34 083:447.280   Data:  FF FF FF FF FF FF FF FF
T6D34 083:447.312 - 0.099ms returns 0
T6D34 083:447.552 JLINK_ReadMem(0x200049C4, 0x8 Bytes, ...)
T6D34 083:447.576    -- Read from C cache (8 bytes @ 0x200049C4)
T6D34 083:447.600   Data:  FF FF FF FF FF FF FF FF
T6D34 083:447.632 - 0.082ms returns 0
T6D34 083:447.920 JLINK_ReadMem(0x200049CC, 0x8 Bytes, ...)
T6D34 083:447.960    -- Read from C cache (8 bytes @ 0x200049CC)
T6D34 083:448.000   Data:  FF FF FF FF FF FF FF FF
T6D34 083:448.048 - 0.121ms returns 0
T6D34 083:448.320 JLINK_ReadMem(0x200049D4, 0x8 Bytes, ...)
T6D34 083:448.368    -- Read from C cache (8 bytes @ 0x200049D4)
T6D34 083:448.416   Data:  FF FF FF FF FF FF FF FF
T6D34 083:448.464 - 0.142ms returns 0
T6D34 083:448.680 JLINK_ReadMem(0x200049DC, 0x8 Bytes, ...)
T6D34 083:448.736    -- Read from C cache (8 bytes @ 0x200049DC)
T6D34 083:448.784   Data:  FF FF FF FF FF FF FF FF
T6D34 083:448.824 - 0.150ms returns 0
T6D34 083:449.064 JLINK_ReadMem(0x200049E4, 0x8 Bytes, ...)
T6D34 083:449.128    -- Read from C cache (8 bytes @ 0x200049E4)
T6D34 083:449.168   Data:  FF FF FF FF FF FF FF FF
T6D34 083:449.200 - 0.138ms returns 0
T6D34 083:449.456 JLINK_ReadMem(0x200049EC, 0x8 Bytes, ...)
T6D34 083:449.504    -- Read from C cache (8 bytes @ 0x200049EC)
T6D34 083:449.528   Data:  FF FF FF FF FF FF FF FF
T6D34 083:449.552 - 0.104ms returns 0
T6D34 083:449.816 JLINK_ReadMem(0x200049F4, 0x8 Bytes, ...)
T6D34 083:449.864    -- Read from C cache (8 bytes @ 0x200049F4)
T6D34 083:449.896   Data:  77 C2 95 F3 60 D2 EF 7F
T6D34 083:449.920 - 0.102ms returns 0
T6D34 083:450.128 JLINK_ReadMem(0x200049FC, 0x8 Bytes, ...)
T6D34 083:450.160    -- Read from C cache (8 bytes @ 0x200049FC)
T6D34 083:450.192   Data:  35 52 50 0F 2C B6 79 80
T6D34 083:450.208 - 0.087ms returns 0
T6D34 083:450.400 JLINK_ReadMem(0x20004A04, 0x8 Bytes, ...)
T6D34 083:450.432    -- Read from C cache (8 bytes @ 0x20004A04)
T6D34 083:450.456   Data:  00 00 00 00 E5 10 00 00
T6D34 083:450.480 - 0.081ms returns 0
T6D34 083:451.384 JLINK_ReadMem(0x20004995, 0x8 Bytes, ...)
T6D34 083:451.464    -- Read from C cache (8 bytes @ 0x20004995)
T6D34 083:451.496   Data:  FF FF FF FF FF FF FF FF
T6D34 083:451.528 - 0.142ms returns 0
T6D34 083:451.792 JLINK_ReadMem(0x2000499D, 0x8 Bytes, ...)
T6D34 083:451.840    -- Read from C cache (8 bytes @ 0x2000499D)
T6D34 083:451.896   Data:  FF FF FF FF FF FF FF FF
T6D34 083:451.928 - 0.138ms returns 0
T6D34 083:452.232 JLINK_ReadMem(0x200049A5, 0x8 Bytes, ...)
T6D34 083:452.288    -- Read from C cache (8 bytes @ 0x200049A5)
T6D34 083:452.312   Data:  FF FF FF FF FF FF FF FF
T6D34 083:452.352 - 0.121ms returns 0
T6D34 083:452.720 JLINK_ReadMem(0x200049AD, 0x8 Bytes, ...)
T6D34 083:452.768    -- Read from C cache (8 bytes @ 0x200049AD)
T6D34 083:452.792   Data:  FF FF FF FF FF FF FF FF
T6D34 083:452.816 - 0.102ms returns 0
T6D34 083:455.032 JLINK_ReadMem(0x200049B5, 0x8 Bytes, ...)
T6D34 083:455.088    -- Read from C cache (8 bytes @ 0x200049B5)
T6D34 083:455.120   Data:  FF FF FF FF FF FF FF FF
T6D34 083:455.144 - 0.110ms returns 0
T6D34 083:455.592 JLINK_ReadMem(0x200049BD, 0x8 Bytes, ...)
T6D34 083:455.632    -- Read from C cache (8 bytes @ 0x200049BD)
T6D34 083:455.664   Data:  FF FF FF FF FF FF FF FF
T6D34 083:455.696 - 0.115ms returns 0
T6D34 083:455.920 JLINK_ReadMem(0x200049C5, 0x8 Bytes, ...)
T6D34 083:455.952    -- Read from C cache (8 bytes @ 0x200049C5)
T6D34 083:455.984   Data:  FF FF FF FF FF FF FF FF
T6D34 083:456.008 - 0.091ms returns 0
T6D34 083:456.248 JLINK_ReadMem(0x200049CD, 0x8 Bytes, ...)
T6D34 083:456.304    -- Read from C cache (8 bytes @ 0x200049CD)
T6D34 083:456.344   Data:  FF FF FF FF FF FF FF FF
T6D34 083:456.392 - 0.140ms returns 0
T6D34 083:456.688 JLINK_ReadMem(0x200049D5, 0x8 Bytes, ...)
T6D34 083:456.744    -- Read from C cache (8 bytes @ 0x200049D5)
T6D34 083:456.768   Data:  FF FF FF FF FF FF FF FF
T6D34 083:456.792 - 0.104ms returns 0
T6D34 083:457.072 JLINK_ReadMem(0x200049DD, 0x8 Bytes, ...)
T6D34 083:457.112    -- Read from C cache (8 bytes @ 0x200049DD)
T6D34 083:457.144   Data:  FF FF FF FF FF FF FF FF
T6D34 083:457.168 - 0.103ms returns 0
T6D34 083:457.392 JLINK_ReadMem(0x200049E5, 0x8 Bytes, ...)
T6D34 083:457.472    -- Read from C cache (8 bytes @ 0x200049E5)
T6D34 083:457.512   Data:  FF FF FF FF FF FF FF FF
T6D34 083:457.536 - 0.141ms returns 0
T6D34 083:457.840 JLINK_ReadMem(0x200049ED, 0x8 Bytes, ...)
T6D34 083:457.904    -- Read from C cache (8 bytes @ 0x200049ED)
T6D34 083:457.936   Data:  FF FF FF FF FF FF FF 77
T6D34 083:457.960 - 0.115ms returns 0
T6D34 083:458.376 JLINK_ReadMem(0x200049F5, 0x8 Bytes, ...)
T6D34 083:458.416    -- Read from C cache (8 bytes @ 0x200049F5)
T6D34 083:458.448   Data:  C2 95 F3 60 D2 EF 7F 35
T6D34 083:458.472 - 0.101ms returns 0
T6D34 083:458.736 JLINK_ReadMem(0x200049FD, 0x8 Bytes, ...)
T6D34 083:458.776    -- Read from C cache (8 bytes @ 0x200049FD)
T6D34 083:458.800   Data:  52 50 0F 2C B6 79 80 00
T6D34 083:458.832 - 0.100ms returns 0
T6D34 083:459.704 JLINK_ReadMem(0x20004993, 0x1 Bytes, ...)
T6D34 083:459.792    -- Read from C cache (1 bytes @ 0x20004993)
T6D34 083:459.824   Data:  FF
T6D34 083:459.848 - 0.142ms returns 0
T6D34 083:460.728 JLINK_ReadMem(0x20004994, 0x1 Bytes, ...)
T6D34 083:460.792    -- Read from C cache (1 bytes @ 0x20004994)
T6D34 083:460.816   Data:  FF
T6D34 083:460.848 - 0.118ms returns 0
T6D34 083:461.864 JLINK_ReadMem(0x20004995, 0x1 Bytes, ...)
T6D34 083:461.936    -- Read from C cache (1 bytes @ 0x20004995)
T6D34 083:461.960   Data:  FF
T6D34 083:461.992 - 0.131ms returns 0
T6D34 083:480.240 JLINK_ReadMem(0x20004996, 0x8 Bytes, ...)
T6D34 083:480.344    -- Read from C cache (8 bytes @ 0x20004996)
T6D34 083:480.376   Data:  FF FF FF FF FF FF FF FF
T6D34 083:480.400 - 0.160ms returns 0
T6D34 083:480.848 JLINK_ReadMem(0x2000499E, 0x8 Bytes, ...)
T6D34 083:480.960    -- Read from C cache (8 bytes @ 0x2000499E)
T6D34 083:481.000   Data:  FF FF FF FF FF FF FF FF
T6D34 083:481.040 - 0.199ms returns 0
T6D34 083:481.432 JLINK_ReadMem(0x200049A6, 0x8 Bytes, ...)
T6D34 083:481.496    -- Read from C cache (8 bytes @ 0x200049A6)
T6D34 083:481.528   Data:  FF FF FF FF FF FF FF FF
T6D34 083:481.552 - 0.121ms returns 0
T6D34 083:481.808 JLINK_ReadMem(0x200049AE, 0x8 Bytes, ...)
T6D34 083:481.872    -- Read from C cache (8 bytes @ 0x200049AE)
T6D34 083:481.904   Data:  FF FF FF FF FF FF FF FF
T6D34 083:481.928 - 0.127ms returns 0
T6D34 083:482.280 JLINK_ReadMem(0x200049B6, 0x8 Bytes, ...)
T6D34 083:482.328    -- Read from C cache (8 bytes @ 0x200049B6)
T6D34 083:482.352   Data:  FF FF FF FF FF FF FF FF
T6D34 083:482.384 - 0.105ms returns 0
T6D34 083:482.736 JLINK_ReadMem(0x200049BE, 0x8 Bytes, ...)
T6D34 083:482.792    -- Read from C cache (8 bytes @ 0x200049BE)
T6D34 083:482.824   Data:  FF FF FF FF FF FF FF FF
T6D34 083:482.848 - 0.111ms returns 0
T6D34 083:483.224 JLINK_ReadMem(0x200049C6, 0x8 Bytes, ...)
T6D34 083:483.296    -- Read from C cache (8 bytes @ 0x200049C6)
T6D34 083:483.352   Data:  FF FF FF FF FF FF FF FF
T6D34 083:483.408 - 0.183ms returns 0
T6D34 083:483.816 JLINK_ReadMem(0x200049CE, 0x8 Bytes, ...)
T6D34 083:483.864    -- Read from C cache (8 bytes @ 0x200049CE)
T6D34 083:483.904   Data:  FF FF FF FF FF FF FF FF
T6D34 083:483.944 - 0.127ms returns 0
T6D34 083:484.264 JLINK_ReadMem(0x200049D6, 0x8 Bytes, ...)
T6D34 083:484.304    -- Read from C cache (8 bytes @ 0x200049D6)
T6D34 083:484.352   Data:  FF FF FF FF FF FF FF FF
T6D34 083:484.384 - 0.122ms returns 0
T6D34 083:484.664 JLINK_ReadMem(0x200049DE, 0x8 Bytes, ...)
T6D34 083:484.712    -- Read from C cache (8 bytes @ 0x200049DE)
T6D34 083:484.752   Data:  FF FF FF FF FF FF FF FF
T6D34 083:484.784 - 0.121ms returns 0
T6D34 083:485.056 JLINK_ReadMem(0x200049E6, 0x8 Bytes, ...)
T6D34 083:485.096    -- Read from C cache (8 bytes @ 0x200049E6)
T6D34 083:485.128   Data:  FF FF FF FF FF FF FF FF
T6D34 083:485.160 - 0.108ms returns 0
T6D34 083:485.432 JLINK_ReadMem(0x200049EE, 0x8 Bytes, ...)
T6D34 083:485.480    -- Read from C cache (8 bytes @ 0x200049EE)
T6D34 083:485.520   Data:  FF FF FF FF FF FF 77 C2
T6D34 083:485.560 - 0.128ms returns 0
T6D34 083:485.824 JLINK_ReadMem(0x200049F6, 0x8 Bytes, ...)
T6D34 083:485.872    -- Read from C cache (8 bytes @ 0x200049F6)
T6D34 083:485.912   Data:  95 F3 60 D2 EF 7F 35 52
T6D34 083:485.952 - 0.127ms returns 0
T6D34 083:486.208 JLINK_ReadMem(0x200049FE, 0x8 Bytes, ...)
T6D34 083:486.248    -- Read from C cache (8 bytes @ 0x200049FE)
T6D34 083:486.296   Data:  50 0F 2C B6 79 80 00 00
T6D34 083:486.336 - 0.124ms returns 0
T6D34 083:487.448 JLINK_ReadMem(0x20004997, 0x8 Bytes, ...)
T6D34 083:487.520    -- Read from C cache (8 bytes @ 0x20004997)
T6D34 083:487.544   Data:  FF FF FF FF FF FF FF FF
T6D34 083:487.576 - 0.128ms returns 0
T6D34 083:487.856 JLINK_ReadMem(0x2000499F, 0x8 Bytes, ...)
T6D34 083:487.896    -- Read from C cache (8 bytes @ 0x2000499F)
T6D34 083:487.920   Data:  FF FF FF FF FF FF FF FF
T6D34 083:487.952 - 0.099ms returns 0
T6D34 083:488.160 JLINK_ReadMem(0x200049A7, 0x8 Bytes, ...)
T6D34 083:488.200    -- Read from C cache (8 bytes @ 0x200049A7)
T6D34 083:488.240   Data:  FF FF FF FF FF FF FF FF
T6D34 083:488.264 - 0.101ms returns 0
T6D34 083:488.520 JLINK_ReadMem(0x200049AF, 0x8 Bytes, ...)
T6D34 083:488.560    -- Read from C cache (8 bytes @ 0x200049AF)
T6D34 083:488.584   Data:  FF FF FF FF FF FF FF FF
T6D34 083:488.608 - 0.090ms returns 0
T6D34 083:488.848 JLINK_ReadMem(0x200049B7, 0x8 Bytes, ...)
T6D34 083:488.912    -- Read from C cache (8 bytes @ 0x200049B7)
T6D34 083:488.952   Data:  FF FF FF FF FF FF FF FF
T6D34 083:488.984 - 0.132ms returns 0
T6D34 083:489.232 JLINK_ReadMem(0x200049BF, 0x8 Bytes, ...)
T6D34 083:489.264    -- Read from C cache (8 bytes @ 0x200049BF)
T6D34 083:489.288   Data:  FF FF FF FF FF FF FF FF
T6D34 083:489.312 - 0.087ms returns 0
T6D34 083:489.552 JLINK_ReadMem(0x200049C7, 0x8 Bytes, ...)
T6D34 083:489.584    -- Read from C cache (8 bytes @ 0x200049C7)
T6D34 083:489.624   Data:  FF FF FF FF FF FF FF FF
T6D34 083:489.656 - 0.103ms returns 0
T6D34 083:489.904 JLINK_ReadMem(0x200049CF, 0x8 Bytes, ...)
T6D34 083:489.936    -- Read from C cache (8 bytes @ 0x200049CF)
T6D34 083:489.968   Data:  FF FF FF FF FF FF FF FF
T6D34 083:490.000 - 0.091ms returns 0
T6D34 083:490.296 JLINK_ReadMem(0x200049D7, 0x8 Bytes, ...)
T6D34 083:490.352    -- Read from C cache (8 bytes @ 0x200049D7)
T6D34 083:490.384   Data:  FF FF FF FF FF FF FF FF
T6D34 083:490.408 - 0.108ms returns 0
T6D34 083:490.664 JLINK_ReadMem(0x200049DF, 0x8 Bytes, ...)
T6D34 083:490.704    -- Read from C cache (8 bytes @ 0x200049DF)
T6D34 083:490.760   Data:  FF FF FF FF FF FF FF FF
T6D34 083:490.784 - 0.122ms returns 0
T6D34 083:493.248 JLINK_ReadMem(0x200049E7, 0x8 Bytes, ...)
T6D34 083:493.336    -- Read from C cache (8 bytes @ 0x200049E7)
T6D34 083:493.368   Data:  FF FF FF FF FF FF FF FF
T6D34 083:493.392 - 0.153ms returns 0
T6D34 083:493.856 JLINK_ReadMem(0x200049EF, 0x8 Bytes, ...)
T6D34 083:493.920    -- Read from C cache (8 bytes @ 0x200049EF)
T6D34 083:493.936   Data:  FF FF FF FF FF 77 C2 95
T6D34 083:493.968 - 0.108ms returns 0
T6D34 083:494.192 JLINK_ReadMem(0x200049F7, 0x8 Bytes, ...)
T6D34 083:494.248    -- Read from C cache (8 bytes @ 0x200049F7)
T6D34 083:494.288   Data:  F3 60 D2 EF 7F 35 52 50
T6D34 083:494.320 - 0.125ms returns 0
T6D34 083:494.576 JLINK_ReadMem(0x200049FF, 0x8 Bytes, ...)
T6D34 083:494.616    -- Read from C cache (8 bytes @ 0x200049FF)
T6D34 083:494.656   Data:  0F 2C B6 79 80 00 00 00
T6D34 083:494.696 - 0.113ms returns 0
T6D34 083:495.888 JLINK_ReadMem(0x20004998, 0x8 Bytes, ...)
T6D34 083:495.952    -- Read from C cache (8 bytes @ 0x20004998)
T6D34 083:495.976   Data:  FF FF FF FF FF FF FF FF
T6D34 083:496.008 - 0.117ms returns 0
T6D34 083:496.376 JLINK_ReadMem(0x200049A0, 0x8 Bytes, ...)
T6D34 083:496.432    -- Read from C cache (8 bytes @ 0x200049A0)
T6D34 083:496.456   Data:  FF FF FF FF FF FF FF FF
T6D34 083:496.488 - 0.110ms returns 0
T6D34 083:496.840 JLINK_ReadMem(0x200049A8, 0x8 Bytes, ...)
T6D34 083:496.888    -- Read from C cache (8 bytes @ 0x200049A8)
T6D34 083:496.912   Data:  FF FF FF FF FF FF FF FF
T6D34 083:496.944 - 0.106ms returns 0
T6D34 083:497.224 JLINK_ReadMem(0x200049B0, 0x8 Bytes, ...)
T6D34 083:497.272    -- Read from C cache (8 bytes @ 0x200049B0)
T6D34 083:497.304   Data:  FF FF FF FF FF FF FF FF
T6D34 083:497.328 - 0.113ms returns 0
T6D34 083:497.616 JLINK_ReadMem(0x200049B8, 0x8 Bytes, ...)
T6D34 083:497.664    -- Read from C cache (8 bytes @ 0x200049B8)
T6D34 083:497.696   Data:  FF FF FF FF FF FF FF FF
T6D34 083:497.720 - 0.104ms returns 0
T6D58 083:497.904   JLINK_RTTERMINAL_Read(BufferIndex = 0, BufferSize = 0x00010000)
T6D58 083:497.944   - 0.043ms returns 0
T6D34 083:498.048 JLINK_ReadMem(0x200049C0, 0x8 Bytes, ...)
T6D34 083:498.080    -- Read from C cache (8 bytes @ 0x200049C0)
T6D34 083:498.112   Data:  FF FF FF FF FF FF FF FF
T6D34 083:498.136 - 0.094ms returns 0
T6D34 083:498.480 JLINK_ReadMem(0x200049C8, 0x8 Bytes, ...)
T6D34 083:498.528    -- Read from C cache (8 bytes @ 0x200049C8)
T6D34 083:498.552   Data:  FF FF FF FF FF FF FF FF
T6D34 083:498.576 - 0.101ms returns 0
T6D34 083:498.808 JLINK_ReadMem(0x200049D0, 0x8 Bytes, ...)
T6D34 083:498.848    -- Read from C cache (8 bytes @ 0x200049D0)
T6D34 083:498.872   Data:  FF FF FF FF FF FF FF FF
T6D34 083:498.896 - 0.087ms returns 0
T6D34 083:499.224 JLINK_ReadMem(0x200049D8, 0x8 Bytes, ...)
T6D34 083:499.272    -- Read from C cache (8 bytes @ 0x200049D8)
T6D34 083:499.296   Data:  FF FF FF FF FF FF FF FF
T6D34 083:499.328 - 0.103ms returns 0
T6D34 083:499.640 JLINK_ReadMem(0x200049E0, 0x8 Bytes, ...)
T6D34 083:499.696    -- Read from C cache (8 bytes @ 0x200049E0)
T6D34 083:499.744   Data:  FF FF FF FF FF FF FF FF
T6D34 083:499.784 - 0.139ms returns 0
T6D34 083:500.120 JLINK_ReadMem(0x200049E8, 0x8 Bytes, ...)
T6D34 083:500.168    -- Read from C cache (8 bytes @ 0x200049E8)
T6D34 083:500.200   Data:  FF FF FF FF FF FF FF FF
T6D34 083:500.224 - 0.104ms returns 0
T6D34 083:500.464 JLINK_ReadMem(0x200049F0, 0x8 Bytes, ...)
T6D34 083:500.512    -- Read from C cache (8 bytes @ 0x200049F0)
T6D34 083:500.560   Data:  FF FF FF FF 77 C2 95 F3
T6D34 083:500.600 - 0.137ms returns 0
T6D34 083:500.920 JLINK_ReadMem(0x200049F8, 0x8 Bytes, ...)
T6D34 083:500.968    -- Read from C cache (8 bytes @ 0x200049F8)
T6D34 083:500.992   Data:  60 D2 EF 7F 35 52 50 0F
T6D34 083:501.016 - 0.096ms returns 0
T6D34 083:501.320 JLINK_ReadMem(0x20004A00, 0x8 Bytes, ...)
T6D34 083:501.352    -- Read from C cache (8 bytes @ 0x20004A00)
T6D34 083:501.392   Data:  2C B6 79 80 00 00 00 00
T6D34 083:501.424 - 0.104ms returns 0
T6D34 083:503.112 JLINK_ReadMem(0x20004999, 0x8 Bytes, ...)
T6D34 083:503.216    -- Read from C cache (8 bytes @ 0x20004999)
T6D34 083:503.248   Data:  FF FF FF FF FF FF FF FF
T6D34 083:503.272 - 0.156ms returns 0
T6D34 083:506.208 JLINK_ReadMem(0x200049A1, 0x8 Bytes, ...)
T6D34 083:506.336    -- Read from C cache (8 bytes @ 0x200049A1)
T6D34 083:506.376   Data:  FF FF FF FF FF FF FF FF
T6D34 083:506.432 - 0.223ms returns 0
T6D34 083:506.920 JLINK_ReadMem(0x200049A9, 0x8 Bytes, ...)
T6D34 083:507.000    -- Read from C cache (8 bytes @ 0x200049A9)
T6D34 083:507.048   Data:  FF FF FF FF FF FF FF FF
T6D34 083:507.088 - 0.163ms returns 0
T6D34 083:507.536 JLINK_ReadMem(0x200049B1, 0x8 Bytes, ...)
T6D34 083:507.608    -- Read from C cache (8 bytes @ 0x200049B1)
T6D34 083:507.656   Data:  FF FF FF FF FF FF FF FF
T6D34 083:507.688 - 0.155ms returns 0
T6D34 083:508.160 JLINK_ReadMem(0x200049B9, 0x8 Bytes, ...)
T6D34 083:508.264    -- Read from C cache (8 bytes @ 0x200049B9)
T6D34 083:508.296   Data:  FF FF FF FF FF FF FF FF
T6D34 083:508.336 - 0.174ms returns 0
T6D34 083:508.696 JLINK_ReadMem(0x200049C1, 0x8 Bytes, ...)
T6D34 083:508.752    -- Read from C cache (8 bytes @ 0x200049C1)
T6D34 083:508.784   Data:  FF FF FF FF FF FF FF FF
T6D34 083:508.816 - 0.118ms returns 0
T6D34 083:509.264 JLINK_ReadMem(0x200049C9, 0x8 Bytes, ...)
T6D34 083:509.320    -- Read from C cache (8 bytes @ 0x200049C9)
T6D34 083:509.360   Data:  FF FF FF FF FF FF FF FF
T6D34 083:509.384 - 0.121ms returns 0
T6D34 083:509.704 JLINK_ReadMem(0x200049D1, 0x8 Bytes, ...)
T6D34 083:509.744    -- Read from C cache (8 bytes @ 0x200049D1)
T6D34 083:509.776   Data:  FF FF FF FF FF FF FF FF
T6D34 083:509.808 - 0.104ms returns 0
T6D34 083:510.128 JLINK_ReadMem(0x200049D9, 0x8 Bytes, ...)
T6D34 083:510.184    -- Read from C cache (8 bytes @ 0x200049D9)
T6D34 083:510.216   Data:  FF FF FF FF FF FF FF FF
T6D34 083:510.248 - 0.113ms returns 0
T6D34 083:510.512 JLINK_ReadMem(0x200049E1, 0x8 Bytes, ...)
T6D34 083:510.560    -- Read from C cache (8 bytes @ 0x200049E1)
T6D34 083:510.600   Data:  FF FF FF FF FF FF FF FF
T6D34 083:510.624 - 0.113ms returns 0
T6D34 083:510.952 JLINK_ReadMem(0x200049E9, 0x8 Bytes, ...)
T6D34 083:510.992    -- Read from C cache (8 bytes @ 0x200049E9)
T6D34 083:511.024   Data:  FF FF FF FF FF FF FF FF
T6D34 083:511.064 - 0.114ms returns 0
T6D34 083:511.392 JLINK_ReadMem(0x200049F1, 0x8 Bytes, ...)
T6D34 083:511.440    -- Read from C cache (8 bytes @ 0x200049F1)
T6D34 083:511.464   Data:  FF FF FF 77 C2 95 F3 60
T6D34 083:511.496 - 0.104ms returns 0
T6D34 083:511.816 JLINK_ReadMem(0x200049F9, 0x8 Bytes, ...)
T6D34 083:511.872    -- Read from C cache (8 bytes @ 0x200049F9)
T6D34 083:511.896   Data:  D2 EF 7F 35 52 50 0F 2C
T6D34 083:511.920 - 0.105ms returns 0
T6D34 083:512.216 JLINK_ReadMem(0x20004A01, 0x8 Bytes, ...)
T6D34 083:512.264    -- Read from C cache (8 bytes @ 0x20004A01)
T6D34 083:512.296   Data:  B6 79 80 00 00 00 00 E5
T6D34 083:512.320 - 0.103ms returns 0
T6D34 083:513.648 JLINK_ReadMem(0x2000499A, 0x8 Bytes, ...)
T6D34 083:513.720    -- Read from C cache (8 bytes @ 0x2000499A)
T6D34 083:513.768   Data:  FF FF FF FF FF FF FF FF
T6D34 083:513.808 - 0.155ms returns 0
T6D34 083:514.160 JLINK_ReadMem(0x200049A2, 0x8 Bytes, ...)
T6D34 083:514.208    -- Read from C cache (8 bytes @ 0x200049A2)
T6D34 083:514.232   Data:  FF FF FF FF FF FF FF FF
T6D34 083:514.256 - 0.102ms returns 0
T6D34 083:514.568 JLINK_ReadMem(0x200049AA, 0x8 Bytes, ...)
T6D34 083:514.616    -- Read from C cache (8 bytes @ 0x200049AA)
T6D34 083:514.640   Data:  FF FF FF FF FF FF FF FF
T6D34 083:514.672 - 0.105ms returns 0
T6D34 083:515.008 JLINK_ReadMem(0x200049B2, 0x8 Bytes, ...)
T6D34 083:515.080    -- Read from C cache (8 bytes @ 0x200049B2)
T6D34 083:515.120   Data:  FF FF FF FF FF FF FF FF
T6D34 083:515.152 - 0.148ms returns 0
T6D34 083:515.512 JLINK_ReadMem(0x200049BA, 0x8 Bytes, ...)
T6D34 083:515.592    -- Read from C cache (8 bytes @ 0x200049BA)
T6D34 083:515.648   Data:  FF FF FF FF FF FF FF FF
T6D34 083:515.688 - 0.172ms returns 0
T6D34 083:516.040 JLINK_ReadMem(0x200049C2, 0x8 Bytes, ...)
T6D34 083:516.096    -- Read from C cache (8 bytes @ 0x200049C2)
T6D34 083:516.136   Data:  FF FF FF FF FF FF FF FF
T6D34 083:516.176 - 0.133ms returns 0
T6D34 083:519.064 JLINK_ReadMem(0x200049CA, 0x8 Bytes, ...)
T6D34 083:519.152    -- Read from C cache (8 bytes @ 0x200049CA)
T6D34 083:519.184   Data:  FF FF FF FF FF FF FF FF
T6D34 083:519.224 - 0.158ms returns 0
T6D34 083:519.728 JLINK_ReadMem(0x200049D2, 0x8 Bytes, ...)
T6D34 083:519.800    -- Read from C cache (8 bytes @ 0x200049D2)
T6D34 083:519.848   Data:  FF FF FF FF FF FF FF FF
T6D34 083:519.872 - 0.148ms returns 0
T6D34 083:520.184 JLINK_ReadMem(0x200049DA, 0x8 Bytes, ...)
T6D34 083:520.240    -- Read from C cache (8 bytes @ 0x200049DA)
T6D34 083:520.272   Data:  FF FF FF FF FF FF FF FF
T6D34 083:520.304 - 0.112ms returns 0
T6D34 083:520.568 JLINK_ReadMem(0x200049E2, 0x8 Bytes, ...)
T6D34 083:520.616    -- Read from C cache (8 bytes @ 0x200049E2)
T6D34 083:520.640   Data:  FF FF FF FF FF FF FF FF
T6D34 083:520.672 - 0.104ms returns 0
T6D34 083:520.984 JLINK_ReadMem(0x200049EA, 0x8 Bytes, ...)
T6D34 083:521.040    -- Read from C cache (8 bytes @ 0x200049EA)
T6D34 083:521.104   Data:  FF FF FF FF FF FF FF FF
T6D34 083:521.144 - 0.156ms returns 0
T6D34 083:521.448 JLINK_ReadMem(0x200049F2, 0x8 Bytes, ...)
T6D34 083:521.512    -- Read from C cache (8 bytes @ 0x200049F2)
T6D34 083:521.552   Data:  FF FF 77 C2 95 F3 60 D2
T6D34 083:521.600 - 0.152ms returns 0
T6D34 083:521.944 JLINK_ReadMem(0x200049FA, 0x8 Bytes, ...)
T6D34 083:521.992    -- Read from C cache (8 bytes @ 0x200049FA)
T6D34 083:522.040   Data:  EF 7F 35 52 50 0F 2C B6
T6D34 083:522.088 - 0.142ms returns 0
T6D34 083:522.344 JLINK_ReadMem(0x20004A02, 0x8 Bytes, ...)
T6D34 083:522.456    -- Read from C cache (8 bytes @ 0x20004A02)
T6D34 083:522.512   Data:  79 80 00 00 00 00 E5 10
T6D34 083:522.576 - 0.231ms returns 0
T6D34 083:524.088 JLINK_ReadMem(0x2000499B, 0x8 Bytes, ...)
T6D34 083:524.200    -- Read from C cache (8 bytes @ 0x2000499B)
T6D34 083:524.240   Data:  FF FF FF FF FF FF FF FF
T6D34 083:524.272 - 0.180ms returns 0
T6D34 083:524.632 JLINK_ReadMem(0x200049A3, 0x8 Bytes, ...)
T6D34 083:524.696    -- Read from C cache (8 bytes @ 0x200049A3)
T6D34 083:524.752   Data:  FF FF FF FF FF FF FF FF
T6D34 083:524.816 - 0.183ms returns 0
T6D34 083:525.136 JLINK_ReadMem(0x200049AB, 0x8 Bytes, ...)
T6D34 083:525.176    -- Read from C cache (8 bytes @ 0x200049AB)
T6D34 083:525.224   Data:  FF FF FF FF FF FF FF FF
T6D34 083:525.256 - 0.122ms returns 0
T6D34 083:525.584 JLINK_ReadMem(0x200049B3, 0x8 Bytes, ...)
T6D34 083:525.632    -- Read from C cache (8 bytes @ 0x200049B3)
T6D34 083:525.656   Data:  FF FF FF FF FF FF FF FF
T6D34 083:525.680 - 0.099ms returns 0
T6D34 083:526.016 JLINK_ReadMem(0x200049BB, 0x8 Bytes, ...)
T6D34 083:526.064    -- Read from C cache (8 bytes @ 0x200049BB)
T6D34 083:526.104   Data:  FF FF FF FF FF FF FF FF
T6D34 083:526.144 - 0.129ms returns 0
T6D34 083:526.520 JLINK_ReadMem(0x200049C3, 0x8 Bytes, ...)
T6D34 083:526.568    -- Read from C cache (8 bytes @ 0x200049C3)
T6D34 083:526.600   Data:  FF FF FF FF FF FF FF FF
T6D34 083:526.624 - 0.099ms returns 0
T6D34 083:526.928 JLINK_ReadMem(0x200049CB, 0x8 Bytes, ...)
T6D34 083:526.976    -- Read from C cache (8 bytes @ 0x200049CB)
T6D34 083:527.000   Data:  FF FF FF FF FF FF FF FF
T6D34 083:527.024 - 0.097ms returns 0
T6D34 083:527.312 JLINK_ReadMem(0x200049D3, 0x8 Bytes, ...)
T6D34 083:527.352    -- Read from C cache (8 bytes @ 0x200049D3)
T6D34 083:527.376   Data:  FF FF FF FF FF FF FF FF
T6D34 083:527.408 - 0.096ms returns 0
T6D34 083:527.648 JLINK_ReadMem(0x200049DB, 0x8 Bytes, ...)
T6D34 083:527.696    -- Read from C cache (8 bytes @ 0x200049DB)
T6D34 083:527.728   Data:  FF FF FF FF FF FF FF FF
T6D34 083:527.760 - 0.107ms returns 0
T6D34 083:528.016 JLINK_ReadMem(0x200049E3, 0x8 Bytes, ...)
T6D34 083:528.064    -- Read from C cache (8 bytes @ 0x200049E3)
T6D34 083:528.088   Data:  FF FF FF FF FF FF FF FF
T6D34 083:528.112 - 0.096ms returns 0
T6D34 083:528.384 JLINK_ReadMem(0x200049EB, 0x8 Bytes, ...)
T6D34 083:528.432    -- Read from C cache (8 bytes @ 0x200049EB)
T6D34 083:528.456   Data:  FF FF FF FF FF FF FF FF
T6D34 083:528.480 - 0.094ms returns 0
T6D34 083:531.488 JLINK_ReadMem(0x200049F3, 0x8 Bytes, ...)
T6D34 083:531.568    -- Read from C cache (8 bytes @ 0x200049F3)
T6D34 083:531.592   Data:  FF 77 C2 95 F3 60 D2 EF
T6D34 083:531.616 - 0.127ms returns 0
T6D34 083:532.024 JLINK_ReadMem(0x200049FB, 0x8 Bytes, ...)
T6D34 083:532.112    -- Read from C cache (8 bytes @ 0x200049FB)
T6D34 083:532.144   Data:  7F 35 52 50 0F 2C B6 79
T6D34 083:532.200 - 0.175ms returns 0
T6D34 083:532.544 JLINK_ReadMem(0x20004A03, 0x8 Bytes, ...)
T6D34 083:532.600    -- Read from C cache (8 bytes @ 0x20004A03)
T6D34 083:532.648   Data:  80 00 00 00 00 E5 10 00
T6D34 083:532.688 - 0.146ms returns 0
T6D34 083:533.840 JLINK_ReadMem(0x20004996, 0x1 Bytes, ...)
T6D34 083:533.904    -- Read from C cache (1 bytes @ 0x20004996)
T6D34 083:533.936   Data:  FF
T6D34 083:533.968 - 0.128ms returns 0
T6D34 083:535.016 JLINK_ReadMem(0x20004997, 0x1 Bytes, ...)
T6D34 083:535.112    -- Read from C cache (1 bytes @ 0x20004997)
T6D34 083:535.144   Data:  FF
T6D34 083:535.168 - 0.159ms returns 0
T6D34 083:536.400 JLINK_ReadMem(0x20004998, 0x1 Bytes, ...)
T6D34 083:536.496    -- Read from C cache (1 bytes @ 0x20004998)
T6D34 083:536.528   Data:  FF
T6D34 083:536.560 - 0.154ms returns 0
T6D34 083:537.544 JLINK_ReadMem(0x20004999, 0x1 Bytes, ...)
T6D34 083:537.632    -- Read from C cache (1 bytes @ 0x20004999)
T6D34 083:537.664   Data:  FF
T6D34 083:537.688 - 0.146ms returns 0
T6D34 083:538.520 JLINK_ReadMem(0x2000499A, 0x1 Bytes, ...)
T6D34 083:538.608    -- Read from C cache (1 bytes @ 0x2000499A)
T6D34 083:538.696   Data:  FF
T6D34 083:538.720 - 0.204ms returns 0
T6D34 083:539.816 JLINK_ReadMem(0x2000499B, 0x1 Bytes, ...)
T6D34 083:539.952    -- Read from C cache (1 bytes @ 0x2000499B)
T6D34 083:539.992   Data:  FF
T6D34 083:540.032 - 0.220ms returns 0
T6D58 083:548.568   JLINK_RTTERMINAL_Read(BufferIndex = 0, BufferSize = 0x00010000)
T6D58 083:548.632   - 0.068ms returns 0
T6D34 083:572.080 JLINK_ReadMem(0x2000499C, 0x8 Bytes, ...)
T6D34 083:572.160    -- Read from C cache (8 bytes @ 0x2000499C)
T6D34 083:572.192   Data:  FF FF FF FF FF FF FF FF
T6D34 083:572.216 - 0.139ms returns 0
T6D34 083:572.640 JLINK_ReadMem(0x200049A4, 0x8 Bytes, ...)
T6D34 083:572.712    -- Read from C cache (8 bytes @ 0x200049A4)
T6D34 083:572.744   Data:  FF FF FF FF FF FF FF FF
T6D34 083:572.776 - 0.136ms returns 0
T6D34 083:573.136 JLINK_ReadMem(0x200049AC, 0x8 Bytes, ...)
T6D34 083:573.192    -- Read from C cache (8 bytes @ 0x200049AC)
T6D34 083:573.216   Data:  FF FF FF FF FF FF FF FF
T6D34 083:573.240 - 0.107ms returns 0
T6D34 083:573.608 JLINK_ReadMem(0x200049B4, 0x8 Bytes, ...)
T6D34 083:573.696    -- Read from C cache (8 bytes @ 0x200049B4)
T6D34 083:573.736   Data:  FF FF FF FF FF FF FF FF
T6D34 083:573.776 - 0.170ms returns 0
T6D34 083:574.160 JLINK_ReadMem(0x200049BC, 0x8 Bytes, ...)
T6D34 083:574.272    -- Read from C cache (8 bytes @ 0x200049BC)
T6D34 083:574.312   Data:  FF FF FF FF FF FF FF FF
T6D34 083:574.352 - 0.192ms returns 0
T6D34 083:574.768 JLINK_ReadMem(0x200049C4, 0x8 Bytes, ...)
T6D34 083:574.832    -- Read from C cache (8 bytes @ 0x200049C4)
T6D34 083:574.864   Data:  FF FF FF FF FF FF FF FF
T6D34 083:574.896 - 0.128ms returns 0
T6D34 083:575.152 JLINK_ReadMem(0x200049CC, 0x8 Bytes, ...)
T6D34 083:575.216    -- Read from C cache (8 bytes @ 0x200049CC)
T6D34 083:575.248   Data:  FF FF FF FF FF FF FF FF
T6D34 083:575.272 - 0.116ms returns 0
T6D34 083:575.736 JLINK_ReadMem(0x200049D4, 0x8 Bytes, ...)
T6D34 083:575.816    -- Read from C cache (8 bytes @ 0x200049D4)
T6D34 083:575.864   Data:  FF FF FF FF FF FF FF FF
T6D34 083:575.920 - 0.176ms returns 0
T6D34 083:576.360 JLINK_ReadMem(0x200049DC, 0x8 Bytes, ...)
T6D34 083:576.448    -- Read from C cache (8 bytes @ 0x200049DC)
T6D34 083:576.496   Data:  FF FF FF FF FF FF FF FF
T6D34 083:576.552 - 0.196ms returns 0
T6D34 083:576.976 JLINK_ReadMem(0x200049E4, 0x8 Bytes, ...)
T6D34 083:577.056    -- Read from C cache (8 bytes @ 0x200049E4)
T6D34 083:577.104   Data:  FF FF FF FF FF FF FF FF
T6D34 083:577.136 - 0.157ms returns 0
T6D34 083:577.456 JLINK_ReadMem(0x200049EC, 0x8 Bytes, ...)
T6D34 083:577.504    -- Read from C cache (8 bytes @ 0x200049EC)
T6D34 083:577.536   Data:  FF FF FF FF FF FF FF FF
T6D34 083:577.568 - 0.107ms returns 0
T6D34 083:577.856 JLINK_ReadMem(0x200049F4, 0x8 Bytes, ...)
T6D34 083:577.904    -- Read from C cache (8 bytes @ 0x200049F4)
T6D34 083:577.936   Data:  77 C2 95 F3 60 D2 EF 7F
T6D34 083:577.952 - 0.097ms returns 0
T6D34 083:578.240 JLINK_ReadMem(0x200049FC, 0x8 Bytes, ...)
T6D34 083:578.288    -- Read from C cache (8 bytes @ 0x200049FC)
T6D34 083:578.312   Data:  35 52 50 0F 2C B6 79 80
T6D34 083:578.336 - 0.098ms returns 0
T6D34 083:578.608 JLINK_ReadMem(0x20004A04, 0x8 Bytes, ...)
T6D34 083:578.640    -- Read from C cache (8 bytes @ 0x20004A04)
T6D34 083:578.672   Data:  00 00 00 00 E5 10 00 00
T6D34 083:578.704 - 0.098ms returns 0
T6D34 083:581.392 JLINK_ReadMem(0x2000499D, 0x8 Bytes, ...)
T6D34 083:581.456    -- Read from C cache (8 bytes @ 0x2000499D)
T6D34 083:581.488   Data:  FF FF FF FF FF FF FF FF
T6D34 083:581.520 - 0.134ms returns 0
T6D34 083:582.072 JLINK_ReadMem(0x200049A5, 0x8 Bytes, ...)
T6D34 083:582.192    -- Read from C cache (8 bytes @ 0x200049A5)
T6D34 083:582.264   Data:  FF FF FF FF FF FF FF FF
T6D34 083:582.320 - 0.252ms returns 0
T6D34 083:582.768 JLINK_ReadMem(0x200049AD, 0x8 Bytes, ...)
T6D34 083:582.848    -- Read from C cache (8 bytes @ 0x200049AD)
T6D34 083:582.912   Data:  FF FF FF FF FF FF FF FF
T6D34 083:583.064 - 0.289ms returns 0
T6D34 083:583.520 JLINK_ReadMem(0x200049B5, 0x8 Bytes, ...)
T6D34 083:583.568    -- Read from C cache (8 bytes @ 0x200049B5)
T6D34 083:583.600   Data:  FF FF FF FF FF FF FF FF
T6D34 083:583.624 - 0.102ms returns 0
T6D34 083:583.928 JLINK_ReadMem(0x200049BD, 0x8 Bytes, ...)
T6D34 083:583.992    -- Read from C cache (8 bytes @ 0x200049BD)
T6D34 083:584.048   Data:  FF FF FF FF FF FF FF FF
T6D34 083:584.112 - 0.183ms returns 0
T6D34 083:584.472 JLINK_ReadMem(0x200049C5, 0x8 Bytes, ...)
T6D34 083:584.512    -- Read from C cache (8 bytes @ 0x200049C5)
T6D34 083:584.536   Data:  FF FF FF FF FF FF FF FF
T6D34 083:584.568 - 0.095ms returns 0
T6D34 083:584.832 JLINK_ReadMem(0x200049CD, 0x8 Bytes, ...)
T6D34 083:584.904    -- Read from C cache (8 bytes @ 0x200049CD)
T6D34 083:584.928   Data:  FF FF FF FF FF FF FF FF
T6D34 083:584.952 - 0.118ms returns 0
T6D34 083:585.232 JLINK_ReadMem(0x200049D5, 0x8 Bytes, ...)
T6D34 083:585.296    -- Read from C cache (8 bytes @ 0x200049D5)
T6D34 083:585.360   Data:  FF FF FF FF FF FF FF FF
T6D34 083:585.416 - 0.185ms returns 0
T6D34 083:585.848 JLINK_ReadMem(0x200049DD, 0x8 Bytes, ...)
T6D34 083:585.904    -- Read from C cache (8 bytes @ 0x200049DD)
T6D34 083:585.936   Data:  FF FF FF FF FF FF FF FF
T6D34 083:585.968 - 0.122ms returns 0
T6D34 083:586.288 JLINK_ReadMem(0x200049E5, 0x8 Bytes, ...)
T6D34 083:586.352    -- Read from C cache (8 bytes @ 0x200049E5)
T6D34 083:586.408   Data:  FF FF FF FF FF FF FF FF
T6D34 083:586.472 - 0.177ms returns 0
T6D34 083:586.880 JLINK_ReadMem(0x200049ED, 0x8 Bytes, ...)
T6D34 083:586.944    -- Read from C cache (8 bytes @ 0x200049ED)
T6D34 083:587.000   Data:  FF FF FF FF FF FF FF 77
T6D34 083:587.064 - 0.186ms returns 0
T6D34 083:587.504 JLINK_ReadMem(0x200049F5, 0x8 Bytes, ...)
T6D34 083:587.560    -- Read from C cache (8 bytes @ 0x200049F5)
T6D34 083:587.592   Data:  C2 95 F3 60 D2 EF 7F 35
T6D34 083:587.616 - 0.112ms returns 0
T6D34 083:587.888 JLINK_ReadMem(0x200049FD, 0x8 Bytes, ...)
T6D34 083:587.944    -- Read from C cache (8 bytes @ 0x200049FD)
T6D34 083:587.984   Data:  52 50 0F 2C B6 79 80 00
T6D34 083:588.040 - 0.154ms returns 0
T6D34 083:589.248 JLINK_ReadMem(0x2000499E, 0x8 Bytes, ...)
T6D34 083:589.328    -- Read from C cache (8 bytes @ 0x2000499E)
T6D34 083:589.360   Data:  FF FF FF FF FF FF FF FF
T6D34 083:589.392 - 0.137ms returns 0
T6D34 083:589.704 JLINK_ReadMem(0x200049A6, 0x8 Bytes, ...)
T6D34 083:589.784    -- Read from C cache (8 bytes @ 0x200049A6)
T6D34 083:589.832   Data:  FF FF FF FF FF FF FF FF
T6D34 083:589.864 - 0.160ms returns 0
T6D34 083:590.184 JLINK_ReadMem(0x200049AE, 0x8 Bytes, ...)
T6D34 083:590.232    -- Read from C cache (8 bytes @ 0x200049AE)
T6D34 083:590.264   Data:  FF FF FF FF FF FF FF FF
T6D34 083:590.304 - 0.119ms returns 0
T6D34 083:590.712 JLINK_ReadMem(0x200049B6, 0x8 Bytes, ...)
T6D34 083:590.824    -- Read from C cache (8 bytes @ 0x200049B6)
T6D34 083:590.864   Data:  FF FF FF FF FF FF FF FF
T6D34 083:590.904 - 0.193ms returns 0
T6D34 083:593.704 JLINK_ReadMem(0x200049BE, 0x8 Bytes, ...)
T6D34 083:593.784    -- Read from C cache (8 bytes @ 0x200049BE)
T6D34 083:593.808   Data:  FF FF FF FF FF FF FF FF
T6D34 083:593.840 - 0.136ms returns 0
T6D34 083:594.384 JLINK_ReadMem(0x200049C6, 0x8 Bytes, ...)
T6D34 083:594.440    -- Read from C cache (8 bytes @ 0x200049C6)
T6D34 083:594.472   Data:  FF FF FF FF FF FF FF FF
T6D34 083:594.504 - 0.118ms returns 0
T6D34 083:594.896 JLINK_ReadMem(0x200049CE, 0x8 Bytes, ...)
T6D34 083:594.960    -- Read from C cache (8 bytes @ 0x200049CE)
T6D34 083:594.992   Data:  FF FF FF FF FF FF FF FF
T6D34 083:595.024 - 0.121ms returns 0
T6D34 083:595.376 JLINK_ReadMem(0x200049D6, 0x8 Bytes, ...)
T6D34 083:595.416    -- Read from C cache (8 bytes @ 0x200049D6)
T6D34 083:595.448   Data:  FF FF FF FF FF FF FF FF
T6D34 083:595.472 - 0.093ms returns 0
T6D34 083:595.816 JLINK_ReadMem(0x200049DE, 0x8 Bytes, ...)
T6D34 083:595.920    -- Read from C cache (8 bytes @ 0x200049DE)
T6D34 083:596.112   Data:  FF FF FF FF FF FF FF FF
T6D34 083:596.200 - 0.384ms returns 0
T6D34 083:596.656 JLINK_ReadMem(0x200049E6, 0x8 Bytes, ...)
T6D34 083:596.704    -- Read from C cache (8 bytes @ 0x200049E6)
T6D34 083:596.728   Data:  FF FF FF FF FF FF FF FF
T6D34 083:596.752 - 0.098ms returns 0
T6D34 083:597.024 JLINK_ReadMem(0x200049EE, 0x8 Bytes, ...)
T6D34 083:597.072    -- Read from C cache (8 bytes @ 0x200049EE)
T6D34 083:597.104   Data:  FF FF FF FF FF FF 77 C2
T6D34 083:597.152 - 0.124ms returns 0
T6D34 083:597.552 JLINK_ReadMem(0x200049F6, 0x8 Bytes, ...)
T6D34 083:597.616    -- Read from C cache (8 bytes @ 0x200049F6)
T6D34 083:597.648   Data:  95 F3 60 D2 EF 7F 35 52
T6D34 083:597.688 - 0.137ms returns 0
T6D34 083:597.976 JLINK_ReadMem(0x200049FE, 0x8 Bytes, ...)
T6D34 083:598.024    -- Read from C cache (8 bytes @ 0x200049FE)
T6D34 083:598.048   Data:  50 0F 2C B6 79 80 00 00
T6D34 083:598.080 - 0.100ms returns 0
T6D34 083:599.280 JLINK_ReadMem(0x2000499F, 0x8 Bytes, ...)
T6D34 083:599.352    -- Read from C cache (8 bytes @ 0x2000499F)
T6D34 083:599.392   Data:  FF FF FF FF FF FF FF FF
T6D34 083:599.432 - 0.145ms returns 0
T6D58 083:599.464   JLINK_RTTERMINAL_Read(BufferIndex = 0, BufferSize = 0x00010000)
T6D58 083:599.504   - 0.040ms returns 0
T6D34 083:599.736 JLINK_ReadMem(0x200049A7, 0x8 Bytes, ...)
T6D34 083:599.808    -- Read from C cache (8 bytes @ 0x200049A7)
T6D34 083:599.840   Data:  FF FF FF FF FF FF FF FF
T6D34 083:599.872 - 0.137ms returns 0
T6D34 083:600.192 JLINK_ReadMem(0x200049AF, 0x8 Bytes, ...)
T6D34 083:600.256    -- Read from C cache (8 bytes @ 0x200049AF)
T6D34 083:600.280   Data:  FF FF FF FF FF FF FF FF
T6D34 083:600.304 - 0.113ms returns 0
T6D34 083:600.728 JLINK_ReadMem(0x200049B7, 0x8 Bytes, ...)
T6D34 083:600.784    -- Read from C cache (8 bytes @ 0x200049B7)
T6D34 083:600.816   Data:  FF FF FF FF FF FF FF FF
T6D34 083:600.840 - 0.112ms returns 0
T6D34 083:601.240 JLINK_ReadMem(0x200049BF, 0x8 Bytes, ...)
T6D34 083:601.288    -- Read from C cache (8 bytes @ 0x200049BF)
T6D34 083:601.312   Data:  FF FF FF FF FF FF FF FF
T6D34 083:601.336 - 0.100ms returns 0
T6D34 083:601.720 JLINK_ReadMem(0x200049C7, 0x8 Bytes, ...)
T6D34 083:601.760    -- Read from C cache (8 bytes @ 0x200049C7)
T6D34 083:601.816   Data:  FF FF FF FF FF FF FF FF
T6D34 083:601.848 - 0.130ms returns 0
T6D34 083:602.184 JLINK_ReadMem(0x200049CF, 0x8 Bytes, ...)
T6D34 083:602.224    -- Read from C cache (8 bytes @ 0x200049CF)
T6D34 083:602.272   Data:  FF FF FF FF FF FF FF FF
T6D34 083:602.320 - 0.143ms returns 0
T6D34 083:602.616 JLINK_ReadMem(0x200049D7, 0x8 Bytes, ...)
T6D34 083:602.680    -- Read from C cache (8 bytes @ 0x200049D7)
T6D34 083:602.712   Data:  FF FF FF FF FF FF FF FF
T6D34 083:602.736 - 0.122ms returns 0
T6D34 083:602.944 JLINK_ReadMem(0x200049DF, 0x8 Bytes, ...)
T6D34 083:602.992    -- Read from C cache (8 bytes @ 0x200049DF)
T6D34 083:603.016   Data:  FF FF FF FF FF FF FF FF
T6D34 083:603.040 - 0.095ms returns 0
T6D34 083:603.312 JLINK_ReadMem(0x200049E7, 0x8 Bytes, ...)
T6D34 083:603.352    -- Read from C cache (8 bytes @ 0x200049E7)
T6D34 083:603.376   Data:  FF FF FF FF FF FF FF FF
T6D34 083:603.408 - 0.097ms returns 0
T6D34 083:603.600 JLINK_ReadMem(0x200049EF, 0x8 Bytes, ...)
T6D34 083:603.640    -- Read from C cache (8 bytes @ 0x200049EF)
T6D34 083:603.672   Data:  FF FF FF FF FF 77 C2 95
T6D34 083:603.696 - 0.091ms returns 0
T6D34 083:605.992 JLINK_ReadMem(0x200049F7, 0x8 Bytes, ...)
T6D34 083:606.032    -- Read from C cache (8 bytes @ 0x200049F7)
T6D34 083:606.056   Data:  F3 60 D2 EF 7F 35 52 50
T6D34 083:606.080 - 0.089ms returns 0
T6D34 083:606.400 JLINK_ReadMem(0x200049FF, 0x8 Bytes, ...)
T6D34 083:606.448    -- Read from C cache (8 bytes @ 0x200049FF)
T6D34 083:606.472   Data:  0F 2C B6 79 80 00 00 00
T6D34 083:606.504 - 0.099ms returns 0
T6D34 083:607.384 JLINK_ReadMem(0x200049A0, 0x8 Bytes, ...)
T6D34 083:607.464    -- Read from C cache (8 bytes @ 0x200049A0)
T6D34 083:607.488   Data:  FF FF FF FF FF FF FF FF
T6D34 083:607.584 - 0.198ms returns 0
T6D34 083:607.864 JLINK_ReadMem(0x200049A8, 0x8 Bytes, ...)
T6D34 083:607.920    -- Read from C cache (8 bytes @ 0x200049A8)
T6D34 083:607.952   Data:  FF FF FF FF FF FF FF FF
T6D34 083:607.976 - 0.111ms returns 0
T6D34 083:608.168 JLINK_ReadMem(0x200049B0, 0x8 Bytes, ...)
T6D34 083:608.208    -- Read from C cache (8 bytes @ 0x200049B0)
T6D34 083:608.232   Data:  FF FF FF FF FF FF FF FF
T6D34 083:608.256 - 0.086ms returns 0
T6D34 083:608.480 JLINK_ReadMem(0x200049B8, 0x8 Bytes, ...)
T6D34 083:608.536    -- Read from C cache (8 bytes @ 0x200049B8)
T6D34 083:608.560   Data:  FF FF FF FF FF FF FF FF
T6D34 083:608.592 - 0.112ms returns 0
T6D34 083:609.000 JLINK_ReadMem(0x200049C0, 0x8 Bytes, ...)
T6D34 083:609.048    -- Read from C cache (8 bytes @ 0x200049C0)
T6D34 083:609.072   Data:  FF FF FF FF FF FF FF FF
T6D34 083:609.104 - 0.106ms returns 0
T6D34 083:609.296 JLINK_ReadMem(0x200049C8, 0x8 Bytes, ...)
T6D34 083:609.328    -- Read from C cache (8 bytes @ 0x200049C8)
T6D34 083:609.360   Data:  FF FF FF FF FF FF FF FF
T6D34 083:609.392 - 0.086ms returns 0
T6D34 083:609.568 JLINK_ReadMem(0x200049D0, 0x8 Bytes, ...)
T6D34 083:609.608    -- Read from C cache (8 bytes @ 0x200049D0)
T6D34 083:609.632   Data:  FF FF FF FF FF FF FF FF
T6D34 083:609.656 - 0.090ms returns 0
T6D34 083:609.864 JLINK_ReadMem(0x200049D8, 0x8 Bytes, ...)
T6D34 083:609.896    -- Read from C cache (8 bytes @ 0x200049D8)
T6D34 083:609.920   Data:  FF FF FF FF FF FF FF FF
T6D34 083:609.944 - 0.086ms returns 0
T6D34 083:610.112 JLINK_ReadMem(0x200049E0, 0x8 Bytes, ...)
T6D34 083:610.144    -- Read from C cache (8 bytes @ 0x200049E0)
T6D34 083:610.168   Data:  FF FF FF FF FF FF FF FF
T6D34 083:610.192 - 0.084ms returns 0
T6D34 083:610.360 JLINK_ReadMem(0x200049E8, 0x8 Bytes, ...)
T6D34 083:610.392    -- Read from C cache (8 bytes @ 0x200049E8)
T6D34 083:610.416   Data:  FF FF FF FF FF FF FF FF
T6D34 083:610.448 - 0.089ms returns 0
T6D34 083:610.616 JLINK_ReadMem(0x200049F0, 0x8 Bytes, ...)
T6D34 083:610.648    -- Read from C cache (8 bytes @ 0x200049F0)
T6D34 083:610.672   Data:  FF FF FF FF 77 C2 95 F3
T6D34 083:610.704 - 0.081ms returns 0
T6D34 083:610.864 JLINK_ReadMem(0x200049F8, 0x8 Bytes, ...)
T6D34 083:610.896    -- Read from C cache (8 bytes @ 0x200049F8)
T6D34 083:610.928   Data:  60 D2 EF 7F 35 52 50 0F
T6D34 083:611.000 - 0.131ms returns 0
T6D34 083:611.248 JLINK_ReadMem(0x20004A00, 0x8 Bytes, ...)
T6D34 083:611.280    -- Read from C cache (8 bytes @ 0x20004A00)
T6D34 083:611.304   Data:  2C B6 79 80 00 00 00 00
T6D34 083:611.328 - 0.085ms returns 0
T6D34 083:612.184 JLINK_ReadMem(0x200049A1, 0x8 Bytes, ...)
T6D34 083:612.240    -- Read from C cache (8 bytes @ 0x200049A1)
T6D34 083:612.272   Data:  FF FF FF FF FF FF FF FF
T6D34 083:612.304 - 0.115ms returns 0
T6D34 083:612.488 JLINK_ReadMem(0x200049A9, 0x8 Bytes, ...)
T6D34 083:612.520    -- Read from C cache (8 bytes @ 0x200049A9)
T6D34 083:612.544   Data:  FF FF FF FF FF FF FF FF
T6D34 083:612.568 - 0.079ms returns 0
T6D34 083:612.784 JLINK_ReadMem(0x200049B1, 0x8 Bytes, ...)
T6D34 083:612.832    -- Read from C cache (8 bytes @ 0x200049B1)
T6D34 083:612.856   Data:  FF FF FF FF FF FF FF FF
T6D34 083:612.880 - 0.100ms returns 0
T6D34 083:613.064 JLINK_ReadMem(0x200049B9, 0x8 Bytes, ...)
T6D34 083:613.096    -- Read from C cache (8 bytes @ 0x200049B9)
T6D34 083:613.120   Data:  FF FF FF FF FF FF FF FF
T6D34 083:613.152 - 0.086ms returns 0
T6D34 083:613.320 JLINK_ReadMem(0x200049C1, 0x8 Bytes, ...)
T6D34 083:613.352    -- Read from C cache (8 bytes @ 0x200049C1)
T6D34 083:613.376   Data:  FF FF FF FF FF FF FF FF
T6D34 083:613.400 - 0.081ms returns 0
T6D34 083:613.608 JLINK_ReadMem(0x200049C9, 0x8 Bytes, ...)
T6D34 083:613.640    -- Read from C cache (8 bytes @ 0x200049C9)
T6D34 083:613.664   Data:  FF FF FF FF FF FF FF FF
T6D34 083:613.696 - 0.086ms returns 0
T6D34 083:613.872 JLINK_ReadMem(0x200049D1, 0x8 Bytes, ...)
T6D34 083:613.904    -- Read from C cache (8 bytes @ 0x200049D1)
T6D34 083:613.936   Data:  FF FF FF FF FF FF FF FF
T6D34 083:613.968 - 0.090ms returns 0
T6D34 083:614.136 JLINK_ReadMem(0x200049D9, 0x8 Bytes, ...)
T6D34 083:614.160    -- Read from C cache (8 bytes @ 0x200049D9)
T6D34 083:614.192   Data:  FF FF FF FF FF FF FF FF
T6D34 083:614.224 - 0.085ms returns 0
T6D34 083:614.384 JLINK_ReadMem(0x200049E1, 0x8 Bytes, ...)
T6D34 083:614.416    -- Read from C cache (8 bytes @ 0x200049E1)
T6D34 083:614.448   Data:  FF FF FF FF FF FF FF FF
T6D34 083:614.472 - 0.082ms returns 0
T6D34 083:614.632 JLINK_ReadMem(0x200049E9, 0x8 Bytes, ...)
T6D34 083:614.664    -- Read from C cache (8 bytes @ 0x200049E9)
T6D34 083:614.688   Data:  FF FF FF FF FF FF FF FF
T6D34 083:614.712 - 0.081ms returns 0
T6D34 083:614.872 JLINK_ReadMem(0x200049F1, 0x8 Bytes, ...)
T6D34 083:614.904    -- Read from C cache (8 bytes @ 0x200049F1)
T6D34 083:614.928   Data:  FF FF FF 77 C2 95 F3 60
T6D34 083:614.960 - 0.081ms returns 0
T6D34 083:615.144 JLINK_ReadMem(0x200049F9, 0x8 Bytes, ...)
T6D34 083:615.176    -- Read from C cache (8 bytes @ 0x200049F9)
T6D34 083:615.200   Data:  D2 EF 7F 35 52 50 0F 2C
T6D34 083:615.224 - 0.084ms returns 0
T6D34 083:615.384 JLINK_ReadMem(0x20004A01, 0x8 Bytes, ...)
T6D34 083:615.416    -- Read from C cache (8 bytes @ 0x20004A01)
T6D34 083:615.440   Data:  B6 79 80 00 00 00 00 E5
T6D34 083:615.472 - 0.080ms returns 0
T6D34 083:618.416 JLINK_ReadMem(0x200049A2, 0x8 Bytes, ...)
T6D34 083:618.504    -- Read from C cache (8 bytes @ 0x200049A2)
T6D34 083:618.544   Data:  FF FF FF FF FF FF FF FF
T6D34 083:618.576 - 0.159ms returns 0
T6D34 083:618.960 JLINK_ReadMem(0x200049AA, 0x8 Bytes, ...)
T6D34 083:619.016    -- Read from C cache (8 bytes @ 0x200049AA)
T6D34 083:619.040   Data:  FF FF FF FF FF FF FF FF
T6D34 083:619.064 - 0.102ms returns 0
T6D34 083:619.344 JLINK_ReadMem(0x200049B2, 0x8 Bytes, ...)
T6D34 083:619.392    -- Read from C cache (8 bytes @ 0x200049B2)
T6D34 083:619.424   Data:  FF FF FF FF FF FF FF FF
T6D34 083:619.448 - 0.105ms returns 0
T6D34 083:619.768 JLINK_ReadMem(0x200049BA, 0x8 Bytes, ...)
T6D34 083:619.824    -- Read from C cache (8 bytes @ 0x200049BA)
T6D34 083:619.848   Data:  FF FF FF FF FF FF FF FF
T6D34 083:619.872 - 0.102ms returns 0
T6D34 083:620.080 JLINK_ReadMem(0x200049C2, 0x8 Bytes, ...)
T6D34 083:620.120    -- Read from C cache (8 bytes @ 0x200049C2)
T6D34 083:620.168   Data:  FF FF FF FF FF FF FF FF
T6D34 083:620.192 - 0.113ms returns 0
T6D34 083:620.496 JLINK_ReadMem(0x200049CA, 0x8 Bytes, ...)
T6D34 083:620.536    -- Read from C cache (8 bytes @ 0x200049CA)
T6D34 083:620.560   Data:  FF FF FF FF FF FF FF FF
T6D34 083:620.592 - 0.101ms returns 0
T6D34 083:620.848 JLINK_ReadMem(0x200049D2, 0x8 Bytes, ...)
T6D34 083:620.888    -- Read from C cache (8 bytes @ 0x200049D2)
T6D34 083:620.912   Data:  FF FF FF FF FF FF FF FF
T6D34 083:620.944 - 0.097ms returns 0
T6D34 083:621.184 JLINK_ReadMem(0x200049DA, 0x8 Bytes, ...)
T6D34 083:621.224    -- Read from C cache (8 bytes @ 0x200049DA)
T6D34 083:621.248   Data:  FF FF FF FF FF FF FF FF
T6D34 083:621.272 - 0.093ms returns 0
T6D34 083:621.656 JLINK_ReadMem(0x200049E2, 0x8 Bytes, ...)
T6D34 083:621.736    -- Read from C cache (8 bytes @ 0x200049E2)
T6D34 083:621.792   Data:  FF FF FF FF FF FF FF FF
T6D34 083:621.840 - 0.178ms returns 0
T6D34 083:622.240 JLINK_ReadMem(0x200049EA, 0x8 Bytes, ...)
T6D34 083:622.312    -- Read from C cache (8 bytes @ 0x200049EA)
T6D34 083:622.352   Data:  FF FF FF FF FF FF FF FF
T6D34 083:622.400 - 0.160ms returns 0
T6D34 083:622.776 JLINK_ReadMem(0x200049F2, 0x8 Bytes, ...)
T6D34 083:622.848    -- Read from C cache (8 bytes @ 0x200049F2)
T6D34 083:622.896   Data:  FF FF 77 C2 95 F3 60 D2
T6D34 083:622.936 - 0.161ms returns 0
T6D34 083:623.312 JLINK_ReadMem(0x200049FA, 0x8 Bytes, ...)
T6D34 083:623.360    -- Read from C cache (8 bytes @ 0x200049FA)
T6D34 083:623.392   Data:  EF 7F 35 52 50 0F 2C B6
T6D34 083:623.440 - 0.122ms returns 0
T6D34 083:623.744 JLINK_ReadMem(0x20004A02, 0x8 Bytes, ...)
T6D34 083:623.792    -- Read from C cache (8 bytes @ 0x20004A02)
T6D34 083:623.824   Data:  79 80 00 00 00 00 E5 10
T6D34 083:623.848 - 0.105ms returns 0
T6D34 083:624.984 JLINK_ReadMem(0x200049A3, 0x8 Bytes, ...)
T6D34 083:625.088    -- Read from C cache (8 bytes @ 0x200049A3)
T6D34 083:625.120   Data:  FF FF FF FF FF FF FF FF
T6D34 083:625.144 - 0.161ms returns 0
T6D34 083:625.496 JLINK_ReadMem(0x200049AB, 0x8 Bytes, ...)
T6D34 083:625.544    -- Read from C cache (8 bytes @ 0x200049AB)
T6D34 083:625.576   Data:  FF FF FF FF FF FF FF FF
T6D34 083:625.600 - 0.100ms returns 0
T6D34 083:625.776 JLINK_ReadMem(0x200049B3, 0x8 Bytes, ...)
T6D34 083:625.808    -- Read from C cache (8 bytes @ 0x200049B3)
T6D34 083:625.840   Data:  FF FF FF FF FF FF FF FF
T6D34 083:625.864 - 0.083ms returns 0
T6D34 083:626.064 JLINK_ReadMem(0x200049BB, 0x8 Bytes, ...)
T6D34 083:626.112    -- Read from C cache (8 bytes @ 0x200049BB)
T6D34 083:626.136   Data:  FF FF FF FF FF FF FF FF
T6D34 083:626.168 - 0.103ms returns 0
T6D34 083:626.472 JLINK_ReadMem(0x200049C3, 0x8 Bytes, ...)
T6D34 083:626.520    -- Read from C cache (8 bytes @ 0x200049C3)
T6D34 083:626.552   Data:  FF FF FF FF FF FF FF FF
T6D34 083:626.584 - 0.113ms returns 0
T6D34 083:626.880 JLINK_ReadMem(0x200049CB, 0x8 Bytes, ...)
T6D34 083:626.928    -- Read from C cache (8 bytes @ 0x200049CB)
T6D34 083:626.952   Data:  FF FF FF FF FF FF FF FF
T6D34 083:626.976 - 0.096ms returns 0
T6D34 083:627.144 JLINK_ReadMem(0x200049D3, 0x8 Bytes, ...)
T6D34 083:627.168    -- Read from C cache (8 bytes @ 0x200049D3)
T6D34 083:627.192   Data:  FF FF FF FF FF FF FF FF
T6D34 083:627.216 - 0.077ms returns 0
T6D34 083:627.376 JLINK_ReadMem(0x200049DB, 0x8 Bytes, ...)
T6D34 083:627.400    -- Read from C cache (8 bytes @ 0x200049DB)
T6D34 083:627.424   Data:  FF FF FF FF FF FF FF FF
T6D34 083:627.448 - 0.079ms returns 0
T6D34 083:627.600 JLINK_ReadMem(0x200049E3, 0x8 Bytes, ...)
T6D34 083:627.632    -- Read from C cache (8 bytes @ 0x200049E3)
T6D34 083:627.656   Data:  FF FF FF FF FF FF FF FF
T6D34 083:627.680 - 0.075ms returns 0
T6D34 083:627.824 JLINK_ReadMem(0x200049EB, 0x8 Bytes, ...)
T6D34 083:627.856    -- Read from C cache (8 bytes @ 0x200049EB)
T6D34 083:627.880   Data:  FF FF FF FF FF FF FF FF
T6D34 083:627.904 - 0.076ms returns 0
T6D34 083:628.056 JLINK_ReadMem(0x200049F3, 0x8 Bytes, ...)
T6D34 083:628.080    -- Read from C cache (8 bytes @ 0x200049F3)
T6D34 083:628.112   Data:  FF 77 C2 95 F3 60 D2 EF
T6D34 083:628.136 - 0.077ms returns 0
T6D34 083:628.296 JLINK_ReadMem(0x200049FB, 0x8 Bytes, ...)
T6D34 083:628.320    -- Read from C cache (8 bytes @ 0x200049FB)
T6D34 083:628.344   Data:  7F 35 52 50 0F 2C B6 79
T6D34 083:628.368 - 0.078ms returns 0
T6D34 083:628.528 JLINK_ReadMem(0x20004A03, 0x8 Bytes, ...)
T6D34 083:628.552    -- Read from C cache (8 bytes @ 0x20004A03)
T6D34 083:628.576   Data:  80 00 00 00 00 E5 10 00
T6D34 083:628.600 - 0.076ms returns 0
T6D34 083:630.800 JLINK_ReadMem(0x200049A4, 0x8 Bytes, ...)
T6D34 083:630.896    -- Read from C cache (8 bytes @ 0x200049A4)
T6D34 083:630.928   Data:  FF FF FF FF FF FF FF FF
T6D34 083:630.968 - 0.166ms returns 0
T6D34 083:631.296 JLINK_ReadMem(0x200049AC, 0x8 Bytes, ...)
T6D34 083:631.352    -- Read from C cache (8 bytes @ 0x200049AC)
T6D34 083:631.376   Data:  FF FF FF FF FF FF FF FF
T6D34 083:631.408 - 0.109ms returns 0
T6D34 083:631.664 JLINK_ReadMem(0x200049B4, 0x8 Bytes, ...)
T6D34 083:631.720    -- Read from C cache (8 bytes @ 0x200049B4)
T6D34 083:631.752   Data:  FF FF FF FF FF FF FF FF
T6D34 083:631.776 - 0.105ms returns 0
T6D34 083:632.016 JLINK_ReadMem(0x200049BC, 0x8 Bytes, ...)
T6D34 083:632.048    -- Read from C cache (8 bytes @ 0x200049BC)
T6D34 083:632.080   Data:  FF FF FF FF FF FF FF FF
T6D34 083:632.104 - 0.090ms returns 0
T6D34 083:632.320 JLINK_ReadMem(0x200049C4, 0x8 Bytes, ...)
T6D34 083:632.352    -- Read from C cache (8 bytes @ 0x200049C4)
T6D34 083:632.376   Data:  FF FF FF FF FF FF FF FF
T6D34 083:632.400 - 0.089ms returns 0
T6D34 083:632.648 JLINK_ReadMem(0x200049CC, 0x8 Bytes, ...)
T6D34 083:632.704    -- Read from C cache (8 bytes @ 0x200049CC)
T6D34 083:632.744   Data:  FF FF FF FF FF FF FF FF
T6D34 083:632.784 - 0.132ms returns 0
T6D34 083:633.072 JLINK_ReadMem(0x200049D4, 0x8 Bytes, ...)
T6D34 083:633.120    -- Read from C cache (8 bytes @ 0x200049D4)
T6D34 083:633.152   Data:  FF FF FF FF FF FF FF FF
T6D34 083:633.192 - 0.118ms returns 0
T6D34 083:633.440 JLINK_ReadMem(0x200049DC, 0x8 Bytes, ...)
T6D34 083:633.488    -- Read from C cache (8 bytes @ 0x200049DC)
T6D34 083:633.520   Data:  FF FF FF FF FF FF FF FF
T6D34 083:633.552 - 0.104ms returns 0
T6D34 083:633.776 JLINK_ReadMem(0x200049E4, 0x8 Bytes, ...)
T6D34 083:633.808    -- Read from C cache (8 bytes @ 0x200049E4)
T6D34 083:633.832   Data:  FF FF FF FF FF FF FF FF
T6D34 083:633.856 - 0.085ms returns 0
T6D34 083:634.064 JLINK_ReadMem(0x200049EC, 0x8 Bytes, ...)
T6D34 083:634.104    -- Read from C cache (8 bytes @ 0x200049EC)
T6D34 083:634.128   Data:  FF FF FF FF FF FF FF FF
T6D34 083:634.160 - 0.096ms returns 0
T6D34 083:634.368 JLINK_ReadMem(0x200049F4, 0x8 Bytes, ...)
T6D34 083:634.424    -- Read from C cache (8 bytes @ 0x200049F4)
T6D34 083:634.456   Data:  77 C2 95 F3 60 D2 EF 7F
T6D34 083:634.496 - 0.126ms returns 0
T6D34 083:634.728 JLINK_ReadMem(0x200049FC, 0x8 Bytes, ...)
T6D34 083:634.768    -- Read from C cache (8 bytes @ 0x200049FC)
T6D34 083:634.808   Data:  35 52 50 0F 2C B6 79 80
T6D34 083:634.856 - 0.126ms returns 0
T6D34 083:635.056 JLINK_ReadMem(0x20004A04, 0x8 Bytes, ...)
T6D34 083:635.104    -- Read from C cache (8 bytes @ 0x20004A04)
T6D34 083:635.144   Data:  00 00 00 00 E5 10 00 00
T6D34 083:635.184 - 0.121ms returns 0
T6D34 083:636.024 JLINK_ReadMem(0x200049A5, 0x8 Bytes, ...)
T6D34 083:636.080    -- Read from C cache (8 bytes @ 0x200049A5)
T6D34 083:636.112   Data:  FF FF FF FF FF FF FF FF
T6D34 083:636.144 - 0.114ms returns 0
T6D34 083:636.360 JLINK_ReadMem(0x200049AD, 0x8 Bytes, ...)
T6D34 083:636.400    -- Read from C cache (8 bytes @ 0x200049AD)
T6D34 083:636.432   Data:  FF FF FF FF FF FF FF FF
T6D34 083:636.456 - 0.096ms returns 0
T6D34 083:636.632 JLINK_ReadMem(0x200049B5, 0x8 Bytes, ...)
T6D34 083:636.664    -- Read from C cache (8 bytes @ 0x200049B5)
T6D34 083:636.688   Data:  FF FF FF FF FF FF FF FF
T6D34 083:636.720 - 0.085ms returns 0
T6D34 083:636.880 JLINK_ReadMem(0x200049BD, 0x8 Bytes, ...)
T6D34 083:636.912    -- Read from C cache (8 bytes @ 0x200049BD)
T6D34 083:636.944   Data:  FF FF FF FF FF FF FF FF
T6D34 083:636.968 - 0.083ms returns 0
T6D34 083:637.144 JLINK_ReadMem(0x200049C5, 0x8 Bytes, ...)
T6D34 083:637.176    -- Read from C cache (8 bytes @ 0x200049C5)
T6D34 083:637.200   Data:  FF FF FF FF FF FF FF FF
T6D34 083:637.232 - 0.084ms returns 0
T6D34 083:637.400 JLINK_ReadMem(0x200049CD, 0x8 Bytes, ...)
T6D34 083:637.440    -- Read from C cache (8 bytes @ 0x200049CD)
T6D34 083:637.464   Data:  FF FF FF FF FF FF FF FF
T6D34 083:637.488 - 0.085ms returns 0
T6D34 083:637.672 JLINK_ReadMem(0x200049D5, 0x8 Bytes, ...)
T6D34 083:637.704    -- Read from C cache (8 bytes @ 0x200049D5)
T6D34 083:637.728   Data:  FF FF FF FF FF FF FF FF
T6D34 083:637.752 - 0.081ms returns 0
T6D34 083:637.920 JLINK_ReadMem(0x200049DD, 0x8 Bytes, ...)
T6D34 083:637.944    -- Read from C cache (8 bytes @ 0x200049DD)
T6D34 083:637.968   Data:  FF FF FF FF FF FF FF FF
T6D34 083:638.000 - 0.080ms returns 0
T6D34 083:638.160 JLINK_ReadMem(0x200049E5, 0x8 Bytes, ...)
T6D34 083:638.192    -- Read from C cache (8 bytes @ 0x200049E5)
T6D34 083:638.224   Data:  FF FF FF FF FF FF FF FF
T6D34 083:638.248 - 0.082ms returns 0
T6D34 083:638.408 JLINK_ReadMem(0x200049ED, 0x8 Bytes, ...)
T6D34 083:638.440    -- Read from C cache (8 bytes @ 0x200049ED)
T6D34 083:638.464   Data:  FF FF FF FF FF FF FF 77
T6D34 083:638.488 - 0.082ms returns 0
T6D34 083:638.664 JLINK_ReadMem(0x200049F5, 0x8 Bytes, ...)
T6D34 083:638.688    -- Read from C cache (8 bytes @ 0x200049F5)
T6D34 083:638.712   Data:  C2 95 F3 60 D2 EF 7F 35
T6D34 083:638.736 - 0.082ms returns 0
T6D34 083:638.928 JLINK_ReadMem(0x200049FD, 0x8 Bytes, ...)
T6D34 083:638.952    -- Read from C cache (8 bytes @ 0x200049FD)
T6D34 083:638.976   Data:  52 50 0F 2C B6 79 80 00
T6D34 083:639.008 - 0.085ms returns 0
T6D34 083:639.840 JLINK_ReadMem(0x200049A6, 0x8 Bytes, ...)
T6D34 083:639.904    -- Read from C cache (8 bytes @ 0x200049A6)
T6D34 083:639.928   Data:  FF FF FF FF FF FF FF FF
T6D34 083:639.952 - 0.118ms returns 0
T6D34 083:640.184 JLINK_ReadMem(0x200049AE, 0x8 Bytes, ...)
T6D34 083:640.232    -- Read from C cache (8 bytes @ 0x200049AE)
T6D34 083:640.272   Data:  FF FF FF FF FF FF FF FF
T6D34 083:640.304 - 0.124ms returns 0
T6D34 083:640.504 JLINK_ReadMem(0x200049B6, 0x8 Bytes, ...)
T6D34 083:640.544    -- Read from C cache (8 bytes @ 0x200049B6)
T6D34 083:640.568   Data:  FF FF FF FF FF FF FF FF
T6D34 083:640.592 - 0.087ms returns 0
T6D34 083:643.128 JLINK_ReadMem(0x200049BE, 0x8 Bytes, ...)
T6D34 083:643.216    -- Read from C cache (8 bytes @ 0x200049BE)
T6D34 083:643.248   Data:  FF FF FF FF FF FF FF FF
T6D34 083:643.280 - 0.145ms returns 0
T6D34 083:643.576 JLINK_ReadMem(0x200049C6, 0x8 Bytes, ...)
T6D34 083:643.608    -- Read from C cache (8 bytes @ 0x200049C6)
T6D34 083:643.632   Data:  FF FF FF FF FF FF FF FF
T6D34 083:643.664 - 0.085ms returns 0
T6D34 083:643.928 JLINK_ReadMem(0x200049CE, 0x8 Bytes, ...)
T6D34 083:643.984    -- Read from C cache (8 bytes @ 0x200049CE)
T6D34 083:644.016   Data:  FF FF FF FF FF FF FF FF
T6D34 083:644.040 - 0.107ms returns 0
T6D34 083:644.240 JLINK_ReadMem(0x200049D6, 0x8 Bytes, ...)
T6D34 083:644.272    -- Read from C cache (8 bytes @ 0x200049D6)
T6D34 083:644.304   Data:  FF FF FF FF FF FF FF FF
T6D34 083:644.328 - 0.090ms returns 0
T6D34 083:644.496 JLINK_ReadMem(0x200049DE, 0x8 Bytes, ...)
T6D34 083:644.528    -- Read from C cache (8 bytes @ 0x200049DE)
T6D34 083:644.560   Data:  FF FF FF FF FF FF FF FF
T6D34 083:644.584 - 0.086ms returns 0
T6D34 083:644.752 JLINK_ReadMem(0x200049E6, 0x8 Bytes, ...)
T6D34 083:644.784    -- Read from C cache (8 bytes @ 0x200049E6)
T6D34 083:644.816   Data:  FF FF FF FF FF FF FF FF
T6D34 083:644.840 - 0.081ms returns 0
T6D34 083:645.000 JLINK_ReadMem(0x200049EE, 0x8 Bytes, ...)
T6D34 083:645.032    -- Read from C cache (8 bytes @ 0x200049EE)
T6D34 083:645.056   Data:  FF FF FF FF FF FF 77 C2
T6D34 083:645.080 - 0.082ms returns 0
T6D34 083:645.248 JLINK_ReadMem(0x200049F6, 0x8 Bytes, ...)
T6D34 083:645.272    -- Read from C cache (8 bytes @ 0x200049F6)
T6D34 083:645.296   Data:  95 F3 60 D2 EF 7F 35 52
T6D34 083:645.328 - 0.081ms returns 0
T6D34 083:645.496 JLINK_ReadMem(0x200049FE, 0x8 Bytes, ...)
T6D34 083:645.528    -- Read from C cache (8 bytes @ 0x200049FE)
T6D34 083:645.552   Data:  50 0F 2C B6 79 80 00 00
T6D34 083:645.584 - 0.081ms returns 0
T6D34 083:646.352 JLINK_ReadMem(0x200049A7, 0x8 Bytes, ...)
T6D34 083:646.416    -- Read from C cache (8 bytes @ 0x200049A7)
T6D34 083:646.440   Data:  FF FF FF FF FF FF FF FF
T6D34 083:646.464 - 0.112ms returns 0
T6D34 083:646.656 JLINK_ReadMem(0x200049AF, 0x8 Bytes, ...)
T6D34 083:646.680    -- Read from C cache (8 bytes @ 0x200049AF)
T6D34 083:646.704   Data:  FF FF FF FF FF FF FF FF
T6D34 083:646.736 - 0.078ms returns 0
T6D34 083:646.936 JLINK_ReadMem(0x200049B7, 0x8 Bytes, ...)
T6D34 083:646.968    -- Read from C cache (8 bytes @ 0x200049B7)
T6D34 083:646.992   Data:  FF FF FF FF FF FF FF FF
T6D34 083:647.024 - 0.084ms returns 0
T6D34 083:647.192 JLINK_ReadMem(0x200049BF, 0x8 Bytes, ...)
T6D34 083:647.216    -- Read from C cache (8 bytes @ 0x200049BF)
T6D34 083:647.248   Data:  FF FF FF FF FF FF FF FF
T6D34 083:647.272 - 0.077ms returns 0
T6D34 083:647.448 JLINK_ReadMem(0x200049C7, 0x8 Bytes, ...)
T6D34 083:647.472    -- Read from C cache (8 bytes @ 0x200049C7)
T6D34 083:647.504   Data:  FF FF FF FF FF FF FF FF
T6D34 083:647.528 - 0.077ms returns 0
T6D34 083:647.696 JLINK_ReadMem(0x200049CF, 0x8 Bytes, ...)
T6D34 083:647.728    -- Read from C cache (8 bytes @ 0x200049CF)
T6D34 083:647.752   Data:  FF FF FF FF FF FF FF FF
T6D34 083:647.792 - 0.089ms returns 0
T6D34 083:647.992 JLINK_ReadMem(0x200049D7, 0x8 Bytes, ...)
T6D34 083:648.016    -- Read from C cache (8 bytes @ 0x200049D7)
T6D34 083:648.048   Data:  FF FF FF FF FF FF FF FF
T6D34 083:648.080 - 0.083ms returns 0
T6D34 083:648.296 JLINK_ReadMem(0x200049DF, 0x8 Bytes, ...)
T6D34 083:648.384    -- Read from C cache (8 bytes @ 0x200049DF)
T6D34 083:648.408   Data:  FF FF FF FF FF FF FF FF
T6D34 083:648.432 - 0.146ms returns 0
T6D34 083:648.624 JLINK_ReadMem(0x200049E7, 0x8 Bytes, ...)
T6D34 083:648.656    -- Read from C cache (8 bytes @ 0x200049E7)
T6D34 083:648.688   Data:  FF FF FF FF FF FF FF FF
T6D34 083:648.712 - 0.085ms returns 0
T6D34 083:649.032 JLINK_ReadMem(0x200049EF, 0x8 Bytes, ...)
T6D34 083:649.072    -- Read from C cache (8 bytes @ 0x200049EF)
T6D34 083:649.104   Data:  FF FF FF FF FF 77 C2 95
T6D34 083:649.128 - 0.099ms returns 0
T6D34 083:649.360 JLINK_ReadMem(0x200049F7, 0x8 Bytes, ...)
T6D34 083:649.400    -- Read from C cache (8 bytes @ 0x200049F7)
T6D34 083:649.432   Data:  F3 60 D2 EF 7F 35 52 50
T6D34 083:649.464 - 0.103ms returns 0
T6D34 083:649.688 JLINK_ReadMem(0x200049FF, 0x8 Bytes, ...)
T6D34 083:649.728    -- Read from C cache (8 bytes @ 0x200049FF)
T6D34 083:649.752   Data:  0F 2C B6 79 80 00 00 00
T6D34 083:649.776 - 0.090ms returns 0
T6D34 083:650.528 JLINK_ReadMem(0x2000499C, 0x1 Bytes, ...)
T6D34 083:650.584    -- Read from C cache (1 bytes @ 0x2000499C)
T6D34 083:650.608   Data:  FF
T6D34 083:650.640 - 0.109ms returns 0
T6D58 083:651.056   JLINK_RTTERMINAL_Read(BufferIndex = 0, BufferSize = 0x00010000)
T6D58 083:651.104   - 0.043ms returns 0
T6D34 083:651.352 JLINK_ReadMem(0x2000499D, 0x1 Bytes, ...)
T6D34 083:651.392    -- Read from C cache (1 bytes @ 0x2000499D)
T6D34 083:651.416   Data:  FF
T6D34 083:651.440 - 0.086ms returns 0
T6D34 083:652.336 JLINK_ReadMem(0x2000499E, 0x1 Bytes, ...)
T6D34 083:652.400    -- Read from C cache (1 bytes @ 0x2000499E)
T6D34 083:652.432   Data:  FF
T6D34 083:652.456 - 0.123ms returns 0
T6D34 083:653.184 JLINK_ReadMem(0x2000499F, 0x1 Bytes, ...)
T6D34 083:653.256    -- Read from C cache (1 bytes @ 0x2000499F)
T6D34 083:653.280   Data:  FF
T6D34 083:653.304 - 0.122ms returns 0
T6D34 083:655.432 JLINK_ReadMem(0x200049A0, 0x1 Bytes, ...)
T6D34 083:655.504    -- Read from C cache (1 bytes @ 0x200049A0)
T6D34 083:655.528   Data:  FF
T6D34 083:655.560 - 0.125ms returns 0
T6D34 083:656.544 JLINK_ReadMem(0x200049A1, 0x1 Bytes, ...)
T6D34 083:656.632    -- Read from C cache (1 bytes @ 0x200049A1)
T6D34 083:656.656   Data:  FF
T6D34 083:656.688 - 0.151ms returns 0
T6D34 083:657.640 JLINK_ReadMem(0x200049A2, 0x1 Bytes, ...)
T6D34 083:657.712    -- Read from C cache (1 bytes @ 0x200049A2)
T6D34 083:657.744   Data:  FF
T6D34 083:657.768 - 0.128ms returns 0
T6D34 083:658.672 JLINK_ReadMem(0x200049A3, 0x1 Bytes, ...)
T6D34 083:658.776    -- Read from C cache (1 bytes @ 0x200049A3)
T6D34 083:658.800   Data:  FF
T6D34 083:658.832 - 0.162ms returns 0
T6D34 083:659.760 JLINK_ReadMem(0x200049A4, 0x1 Bytes, ...)
T6D34 083:659.864    -- Read from C cache (1 bytes @ 0x200049A4)
T6D34 083:659.904   Data:  FF
T6D34 083:659.944 - 0.176ms returns 0
T6D34 083:660.792 JLINK_ReadMem(0x200049A5, 0x1 Bytes, ...)
T6D34 083:660.864    -- Read from C cache (1 bytes @ 0x200049A5)
T6D34 083:660.896   Data:  FF
T6D34 083:660.920 - 0.125ms returns 0
T6D34 083:661.824 JLINK_ReadMem(0x200049A6, 0x1 Bytes, ...)
T6D34 083:661.936    -- Read from C cache (1 bytes @ 0x200049A6)
T6D34 083:661.976   Data:  FF
T6D34 083:662.008 - 0.191ms returns 0
T6D34 083:663.048 JLINK_ReadMem(0x200049A7, 0x1 Bytes, ...)
T6D34 083:663.120    -- Read from C cache (1 bytes @ 0x200049A7)
T6D34 083:663.144   Data:  FF
T6D34 083:663.168 - 0.125ms returns 0
T6D34 083:696.592 JLINK_ReadMem(0x200049A8, 0x8 Bytes, ...)
T6D34 083:696.688    -- Read from C cache (8 bytes @ 0x200049A8)
T6D34 083:696.744   Data:  FF FF FF FF FF FF FF FF
T6D34 083:696.784 - 0.203ms returns 0
T6D34 083:697.272 JLINK_ReadMem(0x200049B0, 0x8 Bytes, ...)
T6D34 083:697.328    -- Read from C cache (8 bytes @ 0x200049B0)
T6D34 083:697.360   Data:  FF FF FF FF FF FF FF FF
T6D34 083:697.384 - 0.106ms returns 0
T6D34 083:697.688 JLINK_ReadMem(0x200049B8, 0x8 Bytes, ...)
T6D34 083:697.736    -- Read from C cache (8 bytes @ 0x200049B8)
T6D34 083:697.760   Data:  FF FF FF FF FF FF FF FF
T6D34 083:697.784 - 0.095ms returns 0
T6D34 083:698.112 JLINK_ReadMem(0x200049C0, 0x8 Bytes, ...)
T6D34 083:698.152    -- Read from C cache (8 bytes @ 0x200049C0)
T6D34 083:698.184   Data:  FF FF FF FF FF FF FF FF
T6D34 083:698.208 - 0.097ms returns 0
T6D34 083:698.576 JLINK_ReadMem(0x200049C8, 0x8 Bytes, ...)
T6D34 083:698.624    -- Read from C cache (8 bytes @ 0x200049C8)
T6D34 083:698.656   Data:  FF FF FF FF FF FF FF FF
T6D34 083:698.680 - 0.098ms returns 0
T6D34 083:699.000 JLINK_ReadMem(0x200049D0, 0x8 Bytes, ...)
T6D34 083:699.056    -- Read from C cache (8 bytes @ 0x200049D0)
T6D34 083:699.088   Data:  FF FF FF FF FF FF FF FF
T6D34 083:699.120 - 0.114ms returns 0
T6D34 083:699.520 JLINK_ReadMem(0x200049D8, 0x8 Bytes, ...)
T6D34 083:699.664    -- Read from C cache (8 bytes @ 0x200049D8)
T6D34 083:699.712   Data:  FF FF FF FF FF FF FF FF
T6D34 083:699.768 - 0.248ms returns 0
T6D34 083:700.048 JLINK_ReadMem(0x200049E0, 0x8 Bytes, ...)
T6D34 083:700.096    -- Read from C cache (8 bytes @ 0x200049E0)
T6D34 083:700.120   Data:  FF FF FF FF FF FF FF FF
T6D34 083:700.160 - 0.112ms returns 0
T6D34 083:700.416 JLINK_ReadMem(0x200049E8, 0x8 Bytes, ...)
T6D34 083:700.464    -- Read from C cache (8 bytes @ 0x200049E8)
T6D34 083:700.488   Data:  FF FF FF FF FF FF FF FF
T6D34 083:700.512 - 0.096ms returns 0
T6D34 083:700.728 JLINK_ReadMem(0x200049F0, 0x8 Bytes, ...)
T6D34 083:700.752    -- Read from C cache (8 bytes @ 0x200049F0)
T6D34 083:700.784   Data:  FF FF FF FF 77 C2 95 F3
T6D34 083:700.808 - 0.075ms returns 0
T6D34 083:701.016 JLINK_ReadMem(0x200049F8, 0x8 Bytes, ...)
T6D34 083:701.040    -- Read from C cache (8 bytes @ 0x200049F8)
T6D34 083:701.072   Data:  60 D2 EF 7F 35 52 50 0F
T6D34 083:701.096 - 0.077ms returns 0
T6D34 083:701.328 JLINK_ReadMem(0x20004A00, 0x8 Bytes, ...)
T6D34 083:701.376    -- Read from C cache (8 bytes @ 0x20004A00)
T6D34 083:701.408   Data:  2C B6 79 80 00 00 00 00
T6D34 083:701.424 - 0.097ms returns 0
T6D58 083:703.152   JLINK_RTTERMINAL_Read(BufferIndex = 0, BufferSize = 0x00010000)
T6D58 083:703.232   - 0.071ms returns 0
T6D34 083:704.976 JLINK_ReadMem(0x200049A9, 0x8 Bytes, ...)
T6D34 083:705.040    -- Read from C cache (8 bytes @ 0x200049A9)
T6D34 083:705.080   Data:  FF FF FF FF FF FF FF FF
T6D34 083:705.104 - 0.126ms returns 0
T6D34 083:705.552 JLINK_ReadMem(0x200049B1, 0x8 Bytes, ...)
T6D34 083:705.608    -- Read from C cache (8 bytes @ 0x200049B1)
T6D34 083:705.632   Data:  FF FF FF FF FF FF FF FF
T6D34 083:705.656 - 0.101ms returns 0
T6D34 083:706.008 JLINK_ReadMem(0x200049B9, 0x8 Bytes, ...)
T6D34 083:706.056    -- Read from C cache (8 bytes @ 0x200049B9)
T6D34 083:706.080   Data:  FF FF FF FF FF FF FF FF
T6D34 083:706.104 - 0.101ms returns 0
T6D34 083:706.384 JLINK_ReadMem(0x200049C1, 0x8 Bytes, ...)
T6D34 083:706.432    -- Read from C cache (8 bytes @ 0x200049C1)
T6D34 083:706.464   Data:  FF FF FF FF FF FF FF FF
T6D34 083:706.488 - 0.104ms returns 0
T6D34 083:706.832 JLINK_ReadMem(0x200049C9, 0x8 Bytes, ...)
T6D34 083:706.872    -- Read from C cache (8 bytes @ 0x200049C9)
T6D34 083:706.896   Data:  FF FF FF FF FF FF FF FF
T6D34 083:706.928 - 0.100ms returns 0
T6D34 083:707.248 JLINK_ReadMem(0x200049D1, 0x8 Bytes, ...)
T6D34 083:707.312    -- Read from C cache (8 bytes @ 0x200049D1)
T6D34 083:707.344   Data:  FF FF FF FF FF FF FF FF
T6D34 083:707.376 - 0.130ms returns 0
T6D34 083:707.760 JLINK_ReadMem(0x200049D9, 0x8 Bytes, ...)
T6D34 083:707.824    -- Read from C cache (8 bytes @ 0x200049D9)
T6D34 083:707.856   Data:  FF FF FF FF FF FF FF FF
T6D34 083:707.880 - 0.115ms returns 0
T6D34 083:708.216 JLINK_ReadMem(0x200049E1, 0x8 Bytes, ...)
T6D34 083:708.280    -- Read from C cache (8 bytes @ 0x200049E1)
T6D34 083:708.336   Data:  FF FF FF FF FF FF FF FF
T6D34 083:708.368 - 0.158ms returns 0
T6D34 083:708.856 JLINK_ReadMem(0x200049E9, 0x8 Bytes, ...)
T6D34 083:708.944    -- Read from C cache (8 bytes @ 0x200049E9)
T6D34 083:708.992   Data:  FF FF FF FF FF FF FF FF
T6D34 083:709.032 - 0.172ms returns 0
T6D34 083:709.464 JLINK_ReadMem(0x200049F1, 0x8 Bytes, ...)
T6D34 083:709.536    -- Read from C cache (8 bytes @ 0x200049F1)
T6D34 083:709.576   Data:  FF FF FF 77 C2 95 F3 60
T6D34 083:709.616 - 0.149ms returns 0
T6D34 083:709.976 JLINK_ReadMem(0x200049F9, 0x8 Bytes, ...)
T6D34 083:710.064    -- Read from C cache (8 bytes @ 0x200049F9)
T6D34 083:710.136   Data:  D2 EF 7F 35 52 50 0F 2C
T6D34 083:710.200 - 0.222ms returns 0
T6D34 083:710.704 JLINK_ReadMem(0x20004A01, 0x8 Bytes, ...)
T6D34 083:710.752    -- Read from C cache (8 bytes @ 0x20004A01)
T6D34 083:710.784   Data:  B6 79 80 00 00 00 00 E5
T6D34 083:710.808 - 0.098ms returns 0
T6D34 083:712.024 JLINK_ReadMem(0x200049AA, 0x8 Bytes, ...)
T6D34 083:712.112    -- Read from C cache (8 bytes @ 0x200049AA)
T6D34 083:712.144   Data:  FF FF FF FF FF FF FF FF
T6D34 083:712.176 - 0.159ms returns 0
T6D34 083:712.488 JLINK_ReadMem(0x200049B2, 0x8 Bytes, ...)
T6D34 083:712.600    -- Read from C cache (8 bytes @ 0x200049B2)
T6D34 083:712.632   Data:  FF FF FF FF FF FF FF FF
T6D34 083:712.664 - 0.176ms returns 0
T6D34 083:712.896 JLINK_ReadMem(0x200049BA, 0x8 Bytes, ...)
T6D34 083:712.944    -- Read from C cache (8 bytes @ 0x200049BA)
T6D34 083:712.976   Data:  FF FF FF FF FF FF FF FF
T6D34 083:713.000 - 0.103ms returns 0
T6D34 083:713.184 JLINK_ReadMem(0x200049C2, 0x8 Bytes, ...)
T6D34 083:713.224    -- Read from C cache (8 bytes @ 0x200049C2)
T6D34 083:713.248   Data:  FF FF FF FF FF FF FF FF
T6D34 083:713.272 - 0.087ms returns 0
T6D34 083:713.464 JLINK_ReadMem(0x200049CA, 0x8 Bytes, ...)
T6D34 083:713.512    -- Read from C cache (8 bytes @ 0x200049CA)
T6D34 083:713.544   Data:  FF FF FF FF FF FF FF FF
T6D34 083:713.568 - 0.102ms returns 0
T6D34 083:713.728 JLINK_ReadMem(0x200049D2, 0x8 Bytes, ...)
T6D34 083:713.752    -- Read from C cache (8 bytes @ 0x200049D2)
T6D34 083:713.784   Data:  FF FF FF FF FF FF FF FF
T6D34 083:713.808 - 0.079ms returns 0
T6D34 083:714.024 JLINK_ReadMem(0x200049DA, 0x8 Bytes, ...)
T6D34 083:714.048    -- Read from C cache (8 bytes @ 0x200049DA)
T6D34 083:714.080   Data:  FF FF FF FF FF FF FF FF
T6D34 083:714.104 - 0.088ms returns 0
T6D34 083:714.344 JLINK_ReadMem(0x200049E2, 0x8 Bytes, ...)
T6D34 083:714.368    -- Read from C cache (8 bytes @ 0x200049E2)
T6D34 083:714.392   Data:  FF FF FF FF FF FF FF FF
T6D34 083:714.416 - 0.078ms returns 0
T6D34 083:714.640 JLINK_ReadMem(0x200049EA, 0x8 Bytes, ...)
T6D34 083:714.664    -- Read from C cache (8 bytes @ 0x200049EA)
T6D34 083:714.688   Data:  FF FF FF FF FF FF FF FF
T6D34 083:714.712 - 0.076ms returns 0
T6D34 083:717.224 JLINK_ReadMem(0x200049F2, 0x8 Bytes, ...)
T6D34 083:717.264    -- Read from C cache (8 bytes @ 0x200049F2)
T6D34 083:717.288   Data:  FF FF 77 C2 95 F3 60 D2
T6D34 083:717.320 - 0.093ms returns 0
T6D34 083:717.616 JLINK_ReadMem(0x200049FA, 0x8 Bytes, ...)
T6D34 083:717.648    -- Read from C cache (8 bytes @ 0x200049FA)
T6D34 083:717.672   Data:  EF 7F 35 52 50 0F 2C B6
T6D34 083:717.696 - 0.079ms returns 0
T6D34 083:717.912 JLINK_ReadMem(0x20004A02, 0x8 Bytes, ...)
T6D34 083:717.936    -- Read from C cache (8 bytes @ 0x20004A02)
T6D34 083:717.968   Data:  79 80 00 00 00 00 E5 10
T6D34 083:717.992 - 0.075ms returns 0
T6D34 083:718.880 JLINK_ReadMem(0x200049AB, 0x8 Bytes, ...)
T6D34 083:718.936    -- Read from C cache (8 bytes @ 0x200049AB)
T6D34 083:718.968   Data:  FF FF FF FF FF FF FF FF
T6D34 083:718.992 - 0.114ms returns 0
T6D34 083:719.248 JLINK_ReadMem(0x200049B3, 0x8 Bytes, ...)
T6D34 083:719.312    -- Read from C cache (8 bytes @ 0x200049B3)
T6D34 083:719.336   Data:  FF FF FF FF FF FF FF FF
T6D34 083:719.360 - 0.113ms returns 0
T6D34 083:719.584 JLINK_ReadMem(0x200049BB, 0x8 Bytes, ...)
T6D34 083:719.616    -- Read from C cache (8 bytes @ 0x200049BB)
T6D34 083:719.640   Data:  FF FF FF FF FF FF FF FF
T6D34 083:719.664 - 0.087ms returns 0
T6D34 083:719.888 JLINK_ReadMem(0x200049C3, 0x8 Bytes, ...)
T6D34 083:719.912    -- Read from C cache (8 bytes @ 0x200049C3)
T6D34 083:719.944   Data:  FF FF FF FF FF FF FF FF
T6D34 083:719.968 - 0.081ms returns 0
T6D34 083:720.176 JLINK_ReadMem(0x200049CB, 0x8 Bytes, ...)
T6D34 083:720.208    -- Read from C cache (8 bytes @ 0x200049CB)
T6D34 083:720.240   Data:  FF FF FF FF FF FF FF FF
T6D34 083:720.264 - 0.086ms returns 0
T6D34 083:720.480 JLINK_ReadMem(0x200049D3, 0x8 Bytes, ...)
T6D34 083:720.504    -- Read from C cache (8 bytes @ 0x200049D3)
T6D34 083:720.536   Data:  FF FF FF FF FF FF FF FF
T6D34 083:720.560 - 0.080ms returns 0
T6D34 083:720.720 JLINK_ReadMem(0x200049DB, 0x8 Bytes, ...)
T6D34 083:720.752    -- Read from C cache (8 bytes @ 0x200049DB)
T6D34 083:720.776   Data:  FF FF FF FF FF FF FF FF
T6D34 083:720.800 - 0.078ms returns 0
T6D34 083:721.024 JLINK_ReadMem(0x200049E3, 0x8 Bytes, ...)
T6D34 083:721.048    -- Read from C cache (8 bytes @ 0x200049E3)
T6D34 083:721.072   Data:  FF FF FF FF FF FF FF FF
T6D34 083:721.104 - 0.075ms returns 0
T6D34 083:721.320 JLINK_ReadMem(0x200049EB, 0x8 Bytes, ...)
T6D34 083:721.344    -- Read from C cache (8 bytes @ 0x200049EB)
T6D34 083:721.368   Data:  FF FF FF FF FF FF FF FF
T6D34 083:721.392 - 0.075ms returns 0
T6D34 083:721.616 JLINK_ReadMem(0x200049F3, 0x8 Bytes, ...)
T6D34 083:721.640    -- Read from C cache (8 bytes @ 0x200049F3)
T6D34 083:721.664   Data:  FF 77 C2 95 F3 60 D2 EF
T6D34 083:721.688 - 0.075ms returns 0
T6D34 083:721.864 JLINK_ReadMem(0x200049FB, 0x8 Bytes, ...)
T6D34 083:721.904    -- Read from C cache (8 bytes @ 0x200049FB)
T6D34 083:721.936   Data:  7F 35 52 50 0F 2C B6 79
T6D34 083:721.960 - 0.100ms returns 0
T6D34 083:722.224 JLINK_ReadMem(0x20004A03, 0x8 Bytes, ...)
T6D34 083:722.272    -- Read from C cache (8 bytes @ 0x20004A03)
T6D34 083:722.312   Data:  80 00 00 00 00 E5 10 00
T6D34 083:722.352 - 0.132ms returns 0
T6D34 083:723.208 JLINK_ReadMem(0x200049AC, 0x8 Bytes, ...)
T6D34 083:723.280    -- Read from C cache (8 bytes @ 0x200049AC)
T6D34 083:723.312   Data:  FF FF FF FF FF FF FF FF
T6D34 083:723.344 - 0.130ms returns 0
T6D34 083:723.544 JLINK_ReadMem(0x200049B4, 0x8 Bytes, ...)
T6D34 083:723.568    -- Read from C cache (8 bytes @ 0x200049B4)
T6D34 083:723.600   Data:  FF FF FF FF FF FF FF FF
T6D34 083:723.632 - 0.081ms returns 0
T6D34 083:723.848 JLINK_ReadMem(0x200049BC, 0x8 Bytes, ...)
T6D34 083:723.888    -- Read from C cache (8 bytes @ 0x200049BC)
T6D34 083:723.928   Data:  FF FF FF FF FF FF FF FF
T6D34 083:723.968 - 0.124ms returns 0
T6D34 083:724.216 JLINK_ReadMem(0x200049C4, 0x8 Bytes, ...)
T6D34 083:724.272    -- Read from C cache (8 bytes @ 0x200049C4)
T6D34 083:724.320   Data:  FF FF FF FF FF FF FF FF
T6D34 083:724.360 - 0.137ms returns 0
T6D34 083:724.624 JLINK_ReadMem(0x200049CC, 0x8 Bytes, ...)
T6D34 083:724.680    -- Read from C cache (8 bytes @ 0x200049CC)
T6D34 083:724.720   Data:  FF FF FF FF FF FF FF FF
T6D34 083:724.768 - 0.146ms returns 0
T6D34 083:725.048 JLINK_ReadMem(0x200049D4, 0x8 Bytes, ...)
T6D34 083:725.104    -- Read from C cache (8 bytes @ 0x200049D4)
T6D34 083:725.136   Data:  FF FF FF FF FF FF FF FF
T6D34 083:725.160 - 0.112ms returns 0
T6D34 083:725.400 JLINK_ReadMem(0x200049DC, 0x8 Bytes, ...)
T6D34 083:725.440    -- Read from C cache (8 bytes @ 0x200049DC)
T6D34 083:725.464   Data:  FF FF FF FF FF FF FF FF
T6D34 083:725.488 - 0.093ms returns 0
T6D34 083:725.696 JLINK_ReadMem(0x200049E4, 0x8 Bytes, ...)
T6D34 083:725.736    -- Read from C cache (8 bytes @ 0x200049E4)
T6D34 083:725.760   Data:  FF FF FF FF FF FF FF FF
T6D34 083:725.784 - 0.088ms returns 0
T6D34 083:726.024 JLINK_ReadMem(0x200049EC, 0x8 Bytes, ...)
T6D34 083:726.064    -- Read from C cache (8 bytes @ 0x200049EC)
T6D34 083:726.096   Data:  FF FF FF FF FF FF FF FF
T6D34 083:726.128 - 0.106ms returns 0
T6D34 083:726.352 JLINK_ReadMem(0x200049F4, 0x8 Bytes, ...)
T6D34 083:726.400    -- Read from C cache (8 bytes @ 0x200049F4)
T6D34 083:726.424   Data:  77 C2 95 F3 60 D2 EF 7F
T6D34 083:726.448 - 0.099ms returns 0
T6D34 083:726.680 JLINK_ReadMem(0x200049FC, 0x8 Bytes, ...)
T6D34 083:726.728    -- Read from C cache (8 bytes @ 0x200049FC)
T6D34 083:726.752   Data:  35 52 50 0F 2C B6 79 80
T6D34 083:726.776 - 0.093ms returns 0
T6D34 083:726.992 JLINK_ReadMem(0x20004A04, 0x8 Bytes, ...)
T6D34 083:727.032    -- Read from C cache (8 bytes @ 0x20004A04)
T6D34 083:727.064   Data:  00 00 00 00 E5 10 00 00
T6D34 083:727.088 - 0.090ms returns 0
T6D34 083:730.152 JLINK_ReadMem(0x200049AD, 0x8 Bytes, ...)
T6D34 083:730.232    -- Read from C cache (8 bytes @ 0x200049AD)
T6D34 083:730.256   Data:  FF FF FF FF FF FF FF FF
T6D34 083:730.288 - 0.136ms returns 0
T6D34 083:730.624 JLINK_ReadMem(0x200049B5, 0x8 Bytes, ...)
T6D34 083:730.672    -- Read from C cache (8 bytes @ 0x200049B5)
T6D34 083:730.704   Data:  FF FF FF FF FF FF FF FF
T6D34 083:730.736 - 0.107ms returns 0
T6D34 083:731.000 JLINK_ReadMem(0x200049BD, 0x8 Bytes, ...)
T6D34 083:731.040    -- Read from C cache (8 bytes @ 0x200049BD)
T6D34 083:731.064   Data:  FF FF FF FF FF FF FF FF
T6D34 083:731.088 - 0.088ms returns 0
T6D34 083:731.264 JLINK_ReadMem(0x200049C5, 0x8 Bytes, ...)
T6D34 083:731.288    -- Read from C cache (8 bytes @ 0x200049C5)
T6D34 083:731.320   Data:  FF FF FF FF FF FF FF FF
T6D34 083:731.344 - 0.083ms returns 0
T6D34 083:731.512 JLINK_ReadMem(0x200049CD, 0x8 Bytes, ...)
T6D34 083:731.544    -- Read from C cache (8 bytes @ 0x200049CD)
T6D34 083:731.568   Data:  FF FF FF FF FF FF FF FF
T6D34 083:731.600 - 0.082ms returns 0
T6D34 083:731.760 JLINK_ReadMem(0x200049D5, 0x8 Bytes, ...)
T6D34 083:731.792    -- Read from C cache (8 bytes @ 0x200049D5)
T6D34 083:731.824   Data:  FF FF FF FF FF FF FF FF
T6D34 083:731.848 - 0.081ms returns 0
T6D34 083:732.016 JLINK_ReadMem(0x200049DD, 0x8 Bytes, ...)
T6D34 083:732.048    -- Read from C cache (8 bytes @ 0x200049DD)
T6D34 083:732.072   Data:  FF FF FF FF FF FF FF FF
T6D34 083:732.096 - 0.082ms returns 0
T6D34 083:732.272 JLINK_ReadMem(0x200049E5, 0x8 Bytes, ...)
T6D34 083:732.304    -- Read from C cache (8 bytes @ 0x200049E5)
T6D34 083:732.328   Data:  FF FF FF FF FF FF FF FF
T6D34 083:732.352 - 0.087ms returns 0
T6D34 083:732.592 JLINK_ReadMem(0x200049ED, 0x8 Bytes, ...)
T6D34 083:732.640    -- Read from C cache (8 bytes @ 0x200049ED)
T6D34 083:732.664   Data:  FF FF FF FF FF FF FF 77
T6D34 083:732.688 - 0.098ms returns 0
T6D34 083:732.904 JLINK_ReadMem(0x200049F5, 0x8 Bytes, ...)
T6D34 083:732.944    -- Read from C cache (8 bytes @ 0x200049F5)
T6D34 083:732.968   Data:  C2 95 F3 60 D2 EF 7F 35
T6D34 083:732.992 - 0.090ms returns 0
T6D34 083:733.160 JLINK_ReadMem(0x200049FD, 0x8 Bytes, ...)
T6D34 083:733.192    -- Read from C cache (8 bytes @ 0x200049FD)
T6D34 083:733.216   Data:  52 50 0F 2C B6 79 80 00
T6D34 083:733.248 - 0.085ms returns 0
T6D34 083:734.120 JLINK_ReadMem(0x200049AE, 0x8 Bytes, ...)
T6D34 083:734.176    -- Read from C cache (8 bytes @ 0x200049AE)
T6D34 083:734.208   Data:  FF FF FF FF FF FF FF FF
T6D34 083:734.232 - 0.114ms returns 0
T6D34 083:734.448 JLINK_ReadMem(0x200049B6, 0x8 Bytes, ...)
T6D34 083:734.488    -- Read from C cache (8 bytes @ 0x200049B6)
T6D34 083:734.512   Data:  FF FF FF FF FF FF FF FF
T6D34 083:734.544 - 0.096ms returns 0
T6D34 083:734.712 JLINK_ReadMem(0x200049BE, 0x8 Bytes, ...)
T6D34 083:734.736    -- Read from C cache (8 bytes @ 0x200049BE)
T6D34 083:734.776   Data:  FF FF FF FF FF FF FF FF
T6D34 083:734.800 - 0.093ms returns 0
T6D34 083:735.024 JLINK_ReadMem(0x200049C6, 0x8 Bytes, ...)
T6D34 083:735.072    -- Read from C cache (8 bytes @ 0x200049C6)
T6D34 083:735.096   Data:  FF FF FF FF FF FF FF FF
T6D34 083:735.120 - 0.104ms returns 0
T6D34 083:735.352 JLINK_ReadMem(0x200049CE, 0x8 Bytes, ...)
T6D34 083:735.400    -- Read from C cache (8 bytes @ 0x200049CE)
T6D34 083:735.424   Data:  FF FF FF FF FF FF FF FF
T6D34 083:735.464 - 0.109ms returns 0
T6D34 083:735.688 JLINK_ReadMem(0x200049D6, 0x8 Bytes, ...)
T6D34 083:735.728    -- Read from C cache (8 bytes @ 0x200049D6)
T6D34 083:735.752   Data:  FF FF FF FF FF FF FF FF
T6D34 083:735.792 - 0.098ms returns 0
T6D34 083:736.032 JLINK_ReadMem(0x200049DE, 0x8 Bytes, ...)
T6D34 083:736.080    -- Read from C cache (8 bytes @ 0x200049DE)
T6D34 083:736.128   Data:  FF FF FF FF FF FF FF FF
T6D34 083:736.168 - 0.135ms returns 0
T6D34 083:736.376 JLINK_ReadMem(0x200049E6, 0x8 Bytes, ...)
T6D34 083:736.416    -- Read from C cache (8 bytes @ 0x200049E6)
T6D34 083:736.464   Data:  FF FF FF FF FF FF FF FF
T6D34 083:736.496 - 0.125ms returns 0
T6D34 083:736.712 JLINK_ReadMem(0x200049EE, 0x8 Bytes, ...)
T6D34 083:736.752    -- Read from C cache (8 bytes @ 0x200049EE)
T6D34 083:736.800   Data:  FF FF FF FF FF FF 77 C2
T6D34 083:736.840 - 0.128ms returns 0
T6D34 083:737.048 JLINK_ReadMem(0x200049F6, 0x8 Bytes, ...)
T6D34 083:737.104    -- Read from C cache (8 bytes @ 0x200049F6)
T6D34 083:737.136   Data:  95 F3 60 D2 EF 7F 35 52
T6D34 083:737.184 - 0.134ms returns 0
T6D34 083:737.400 JLINK_ReadMem(0x200049FE, 0x8 Bytes, ...)
T6D34 083:737.448    -- Read from C cache (8 bytes @ 0x200049FE)
T6D34 083:737.488   Data:  50 0F 2C B6 79 80 00 00
T6D34 083:737.536 - 0.131ms returns 0
T6D34 083:738.408 JLINK_ReadMem(0x200049AF, 0x8 Bytes, ...)
T6D34 083:738.480    -- Read from C cache (8 bytes @ 0x200049AF)
T6D34 083:738.512   Data:  FF FF FF FF FF FF FF FF
T6D34 083:738.544 - 0.140ms returns 0
T6D34 083:738.840 JLINK_ReadMem(0x200049B7, 0x8 Bytes, ...)
T6D34 083:738.896    -- Read from C cache (8 bytes @ 0x200049B7)
T6D34 083:738.928   Data:  FF FF FF FF FF FF FF FF
T6D34 083:738.960 - 0.109ms returns 0
T6D34 083:739.216 JLINK_ReadMem(0x200049BF, 0x8 Bytes, ...)
T6D34 083:739.264    -- Read from C cache (8 bytes @ 0x200049BF)
T6D34 083:739.288   Data:  FF FF FF FF FF FF FF FF
T6D34 083:739.312 - 0.100ms returns 0
T6D34 083:739.568 JLINK_ReadMem(0x200049C7, 0x8 Bytes, ...)
T6D34 083:739.616    -- Read from C cache (8 bytes @ 0x200049C7)
T6D34 083:739.640   Data:  FF FF FF FF FF FF FF FF
T6D34 083:739.664 - 0.103ms returns 0
T6D34 083:742.456 JLINK_ReadMem(0x200049CF, 0x8 Bytes, ...)
T6D34 083:742.528    -- Read from C cache (8 bytes @ 0x200049CF)
T6D34 083:742.560   Data:  FF FF FF FF FF FF FF FF
T6D34 083:742.584 - 0.129ms returns 0
T6D34 083:743.024 JLINK_ReadMem(0x200049D7, 0x8 Bytes, ...)
T6D34 083:743.080    -- Read from C cache (8 bytes @ 0x200049D7)
T6D34 083:743.112   Data:  FF FF FF FF FF FF FF FF
T6D34 083:743.136 - 0.106ms returns 0
T6D34 083:743.440 JLINK_ReadMem(0x200049DF, 0x8 Bytes, ...)
T6D34 083:743.496    -- Read from C cache (8 bytes @ 0x200049DF)
T6D34 083:743.528   Data:  FF FF FF FF FF FF FF FF
T6D34 083:743.552 - 0.116ms returns 0
T6D34 083:743.832 JLINK_ReadMem(0x200049E7, 0x8 Bytes, ...)
T6D34 083:743.880    -- Read from C cache (8 bytes @ 0x200049E7)
T6D34 083:743.912   Data:  FF FF FF FF FF FF FF FF
T6D34 083:743.936 - 0.103ms returns 0
T6D34 083:744.144 JLINK_ReadMem(0x200049EF, 0x8 Bytes, ...)
T6D34 083:744.192    -- Read from C cache (8 bytes @ 0x200049EF)
T6D34 083:744.216   Data:  FF FF FF FF FF 77 C2 95
T6D34 083:744.240 - 0.099ms returns 0
T6D34 083:744.408 JLINK_ReadMem(0x200049F7, 0x8 Bytes, ...)
T6D34 083:744.432    -- Read from C cache (8 bytes @ 0x200049F7)
T6D34 083:744.464   Data:  F3 60 D2 EF 7F 35 52 50
T6D34 083:744.488 - 0.077ms returns 0
T6D34 083:744.640 JLINK_ReadMem(0x200049FF, 0x8 Bytes, ...)
T6D34 083:744.664    -- Read from C cache (8 bytes @ 0x200049FF)
T6D34 083:744.688   Data:  0F 2C B6 79 80 00 00 00
T6D34 083:744.720 - 0.076ms returns 0
T6D34 083:745.552 JLINK_ReadMem(0x200049B0, 0x8 Bytes, ...)
T6D34 083:745.616    -- Read from C cache (8 bytes @ 0x200049B0)
T6D34 083:745.656   Data:  FF FF FF FF FF FF FF FF
T6D34 083:745.696 - 0.146ms returns 0
T6D34 083:745.920 JLINK_ReadMem(0x200049B8, 0x8 Bytes, ...)
T6D34 083:745.960    -- Read from C cache (8 bytes @ 0x200049B8)
T6D34 083:746.000   Data:  FF FF FF FF FF FF FF FF
T6D34 083:746.040 - 0.121ms returns 0
T6D34 083:746.232 JLINK_ReadMem(0x200049C0, 0x8 Bytes, ...)
T6D34 083:746.272    -- Read from C cache (8 bytes @ 0x200049C0)
T6D34 083:746.296   Data:  FF FF FF FF FF FF FF FF
T6D34 083:746.320 - 0.094ms returns 0
T6D34 083:746.512 JLINK_ReadMem(0x200049C8, 0x8 Bytes, ...)
T6D34 083:746.544    -- Read from C cache (8 bytes @ 0x200049C8)
T6D34 083:746.568   Data:  FF FF FF FF FF FF FF FF
T6D34 083:746.592 - 0.076ms returns 0
T6D34 083:746.760 JLINK_ReadMem(0x200049D0, 0x8 Bytes, ...)
T6D34 083:746.784    -- Read from C cache (8 bytes @ 0x200049D0)
T6D34 083:746.808   Data:  FF FF FF FF FF FF FF FF
T6D34 083:746.840 - 0.079ms returns 0
T6D34 083:747.024 JLINK_ReadMem(0x200049D8, 0x8 Bytes, ...)
T6D34 083:747.048    -- Read from C cache (8 bytes @ 0x200049D8)
T6D34 083:747.072   Data:  FF FF FF FF FF FF FF FF
T6D34 083:747.096 - 0.077ms returns 0
T6D34 083:747.312 JLINK_ReadMem(0x200049E0, 0x8 Bytes, ...)
T6D34 083:747.352    -- Read from C cache (8 bytes @ 0x200049E0)
T6D34 083:747.376   Data:  FF FF FF FF FF FF FF FF
T6D34 083:747.408 - 0.100ms returns 0
T6D34 083:747.600 JLINK_ReadMem(0x200049E8, 0x8 Bytes, ...)
T6D34 083:747.632    -- Read from C cache (8 bytes @ 0x200049E8)
T6D34 083:747.664   Data:  FF FF FF FF FF FF FF FF
T6D34 083:747.688 - 0.090ms returns 0
T6D34 083:747.856 JLINK_ReadMem(0x200049F0, 0x8 Bytes, ...)
T6D34 083:747.888    -- Read from C cache (8 bytes @ 0x200049F0)
T6D34 083:747.920   Data:  FF FF FF FF 77 C2 95 F3
T6D34 083:747.944 - 0.086ms returns 0
T6D34 083:748.144 JLINK_ReadMem(0x200049F8, 0x8 Bytes, ...)
T6D34 083:748.184    -- Read from C cache (8 bytes @ 0x200049F8)
T6D34 083:748.216   Data:  60 D2 EF 7F 35 52 50 0F
T6D34 083:748.240 - 0.097ms returns 0
T6D34 083:748.432 JLINK_ReadMem(0x20004A00, 0x8 Bytes, ...)
T6D34 083:748.464    -- Read from C cache (8 bytes @ 0x20004A00)
T6D34 083:748.496   Data:  2C B6 79 80 00 00 00 00
T6D34 083:748.520 - 0.085ms returns 0
T6D34 083:749.400 JLINK_ReadMem(0x200049A8, 0x1 Bytes, ...)
T6D34 083:749.472    -- Read from C cache (1 bytes @ 0x200049A8)
T6D34 083:749.496   Data:  FF
T6D34 083:749.528 - 0.129ms returns 0
T6D34 083:750.416 JLINK_ReadMem(0x200049A9, 0x1 Bytes, ...)
T6D34 083:750.488    -- Read from C cache (1 bytes @ 0x200049A9)
T6D34 083:750.512   Data:  FF
T6D34 083:750.544 - 0.126ms returns 0
T6D34 083:751.344 JLINK_ReadMem(0x200049AA, 0x1 Bytes, ...)
T6D34 083:751.416    -- Read from C cache (1 bytes @ 0x200049AA)
T6D34 083:751.440   Data:  FF
T6D34 083:751.472 - 0.126ms returns 0
T6D34 083:752.320 JLINK_ReadMem(0x200049AB, 0x1 Bytes, ...)
T6D34 083:752.408    -- Read from C cache (1 bytes @ 0x200049AB)
T6D34 083:752.448   Data:  FF
T6D34 083:752.480 - 0.161ms returns 0
T6D58 083:754.216   JLINK_RTTERMINAL_Read(BufferIndex = 0, BufferSize = 0x00010000)
T6D58 083:754.288   - 0.076ms returns 0
T6D34 083:755.960 JLINK_ReadMem(0x200049AC, 0x1 Bytes, ...)
T6D34 083:756.032    -- Read from C cache (1 bytes @ 0x200049AC)
T6D34 083:756.064   Data:  FF
T6D34 083:756.088 - 0.128ms returns 0
T6D34 083:757.360 JLINK_ReadMem(0x200049AD, 0x1 Bytes, ...)
T6D34 083:757.456    -- Read from C cache (1 bytes @ 0x200049AD)
T6D34 083:757.480   Data:  FF
T6D34 083:757.504 - 0.152ms returns 0
T6D34 083:758.568 JLINK_ReadMem(0x200049AE, 0x1 Bytes, ...)
T6D34 083:758.648    -- Read from C cache (1 bytes @ 0x200049AE)
T6D34 083:758.672   Data:  FF
T6D34 083:758.704 - 0.139ms returns 0
T6D34 083:759.520 JLINK_ReadMem(0x200049AF, 0x1 Bytes, ...)
T6D34 083:759.600    -- Read from C cache (1 bytes @ 0x200049AF)
T6D34 083:759.632   Data:  FF
T6D34 083:759.656 - 0.133ms returns 0
T6D34 083:760.496 JLINK_ReadMem(0x200049B0, 0x1 Bytes, ...)
T6D34 083:760.592    -- Read from C cache (1 bytes @ 0x200049B0)
T6D34 083:760.632   Data:  FF
T6D34 083:760.672 - 0.180ms returns 0
T6D58 083:805.264   JLINK_RTTERMINAL_Read(BufferIndex = 0, BufferSize = 0x00010000)
T6D58 083:805.360   - 0.091ms returns 0
T6D58 083:856.608   JLINK_RTTERMINAL_Read(BufferIndex = 0, BufferSize = 0x00010000)
T6D58 083:856.760   - 0.157ms returns 0
T6D58 083:907.560   JLINK_RTTERMINAL_Read(BufferIndex = 0, BufferSize = 0x00010000)
T6D58 083:907.720   - 0.159ms returns 0
T6D58 083:958.928   JLINK_RTTERMINAL_Read(BufferIndex = 0, BufferSize = 0x00010000)
T6D58 083:959.104   - 0.179ms returns 0
T6D58 084:010.584   JLINK_RTTERMINAL_Read(BufferIndex = 0, BufferSize = 0x00010000)
T6D58 084:010.776   - 0.190ms returns 0
T6D34 084:025.800 JLINK_ReadMem(0x200049B1, 0x8 Bytes, ...)
T6D34 084:025.920    -- Read from C cache (8 bytes @ 0x200049B1)
T6D34 084:025.944   Data:  FF FF FF FF FF FF FF FF
T6D34 084:025.968 - 0.176ms returns 0
T6D34 084:026.328 JLINK_ReadMem(0x200049B9, 0x8 Bytes, ...)
T6D34 084:026.376    -- Read from C cache (8 bytes @ 0x200049B9)
T6D34 084:026.408   Data:  FF FF FF FF FF FF FF FF
T6D34 084:026.432 - 0.105ms returns 0
T6D34 084:026.760 JLINK_ReadMem(0x200049C1, 0x8 Bytes, ...)
T6D34 084:026.800    -- Read from C cache (8 bytes @ 0x200049C1)
T6D34 084:026.840   Data:  FF FF FF FF FF FF FF FF
T6D34 084:026.872 - 0.114ms returns 0
T6D34 084:029.376 JLINK_ReadMem(0x200049C9, 0x8 Bytes, ...)
T6D34 084:029.456    -- Read from C cache (8 bytes @ 0x200049C9)
T6D34 084:029.480   Data:  FF FF FF FF FF FF FF FF
T6D34 084:029.504 - 0.126ms returns 0
T6D34 084:030.112 JLINK_ReadMem(0x200049D1, 0x8 Bytes, ...)
T6D34 084:030.192    -- Read from C cache (8 bytes @ 0x200049D1)
T6D34 084:030.216   Data:  FF FF FF FF FF FF FF FF
T6D34 084:030.240 - 0.132ms returns 0
T6D34 084:030.600 JLINK_ReadMem(0x200049D9, 0x8 Bytes, ...)
T6D34 084:030.640    -- Read from C cache (8 bytes @ 0x200049D9)
T6D34 084:030.672   Data:  FF FF FF FF FF FF FF FF
T6D34 084:030.704 - 0.098ms returns 0
T6D34 084:031.040 JLINK_ReadMem(0x200049E1, 0x8 Bytes, ...)
T6D34 084:031.080    -- Read from C cache (8 bytes @ 0x200049E1)
T6D34 084:031.104   Data:  FF FF FF FF FF FF FF FF
T6D34 084:031.128 - 0.087ms returns 0
T6D34 084:031.424 JLINK_ReadMem(0x200049E9, 0x8 Bytes, ...)
T6D34 084:031.464    -- Read from C cache (8 bytes @ 0x200049E9)
T6D34 084:031.496   Data:  FF FF FF FF FF FF FF FF
T6D34 084:031.512 - 0.091ms returns 0
T6D34 084:031.864 JLINK_ReadMem(0x200049F1, 0x8 Bytes, ...)
T6D34 084:031.920    -- Read from C cache (8 bytes @ 0x200049F1)
T6D34 084:031.952   Data:  FF FF FF 77 C2 95 F3 60
T6D34 084:031.984 - 0.110ms returns 0
T6D34 084:032.304 JLINK_ReadMem(0x200049F9, 0x8 Bytes, ...)
T6D34 084:032.344    -- Read from C cache (8 bytes @ 0x200049F9)
T6D34 084:032.368   Data:  D2 EF 7F 35 52 50 0F 2C
T6D34 084:032.400 - 0.105ms returns 0
T6D34 084:032.744 JLINK_ReadMem(0x20004A01, 0x8 Bytes, ...)
T6D34 084:032.784    -- Read from C cache (8 bytes @ 0x20004A01)
T6D34 084:032.816   Data:  B6 79 80 00 00 00 00 E5
T6D34 084:032.848 - 0.105ms returns 0
T6D34 084:033.856 JLINK_ReadMem(0x200049B2, 0x8 Bytes, ...)
T6D34 084:033.912    -- Read from C cache (8 bytes @ 0x200049B2)
T6D34 084:033.936   Data:  FF FF FF FF FF FF FF FF
T6D34 084:033.968 - 0.111ms returns 0
T6D34 084:034.248 JLINK_ReadMem(0x200049BA, 0x8 Bytes, ...)
T6D34 084:034.288    -- Read from C cache (8 bytes @ 0x200049BA)
T6D34 084:034.320   Data:  FF FF FF FF FF FF FF FF
T6D34 084:034.344 - 0.098ms returns 0
T6D34 084:034.592 JLINK_ReadMem(0x200049C2, 0x8 Bytes, ...)
T6D34 084:034.632    -- Read from C cache (8 bytes @ 0x200049C2)
T6D34 084:034.664   Data:  FF FF FF FF FF FF FF FF
T6D34 084:034.688 - 0.096ms returns 0
T6D34 084:034.880 JLINK_ReadMem(0x200049CA, 0x8 Bytes, ...)
T6D34 084:034.912    -- Read from C cache (8 bytes @ 0x200049CA)
T6D34 084:034.944   Data:  FF FF FF FF FF FF FF FF
T6D34 084:034.976 - 0.092ms returns 0
T6D34 084:035.192 JLINK_ReadMem(0x200049D2, 0x8 Bytes, ...)
T6D34 084:035.232    -- Read from C cache (8 bytes @ 0x200049D2)
T6D34 084:035.280   Data:  FF FF FF FF FF FF FF FF
T6D34 084:035.320 - 0.126ms returns 0
T6D34 084:035.640 JLINK_ReadMem(0x200049DA, 0x8 Bytes, ...)
T6D34 084:035.704    -- Read from C cache (8 bytes @ 0x200049DA)
T6D34 084:035.744   Data:  FF FF FF FF FF FF FF FF
T6D34 084:035.768 - 0.128ms returns 0
T6D34 084:036.096 JLINK_ReadMem(0x200049E2, 0x8 Bytes, ...)
T6D34 084:036.144    -- Read from C cache (8 bytes @ 0x200049E2)
T6D34 084:036.168   Data:  FF FF FF FF FF FF FF FF
T6D34 084:036.200 - 0.101ms returns 0
T6D34 084:036.432 JLINK_ReadMem(0x200049EA, 0x8 Bytes, ...)
T6D34 084:036.480    -- Read from C cache (8 bytes @ 0x200049EA)
T6D34 084:036.504   Data:  FF FF FF FF FF FF FF FF
T6D34 084:036.528 - 0.096ms returns 0
T6D34 084:036.864 JLINK_ReadMem(0x200049F2, 0x8 Bytes, ...)
T6D34 084:036.912    -- Read from C cache (8 bytes @ 0x200049F2)
T6D34 084:036.936   Data:  FF FF 77 C2 95 F3 60 D2
T6D34 084:036.960 - 0.095ms returns 0
T6D34 084:037.152 JLINK_ReadMem(0x200049FA, 0x8 Bytes, ...)
T6D34 084:037.176    -- Read from C cache (8 bytes @ 0x200049FA)
T6D34 084:037.200   Data:  EF 7F 35 52 50 0F 2C B6
T6D34 084:037.232 - 0.082ms returns 0
T6D34 084:037.392 JLINK_ReadMem(0x20004A02, 0x8 Bytes, ...)
T6D34 084:037.416    -- Read from C cache (8 bytes @ 0x20004A02)
T6D34 084:037.440   Data:  79 80 00 00 00 00 E5 10
T6D34 084:037.464 - 0.075ms returns 0
T6D34 084:038.336 JLINK_ReadMem(0x200049B3, 0x8 Bytes, ...)
T6D34 084:038.408    -- Read from C cache (8 bytes @ 0x200049B3)
T6D34 084:038.440   Data:  FF FF FF FF FF FF FF FF
T6D34 084:038.464 - 0.128ms returns 0
T6D34 084:038.696 JLINK_ReadMem(0x200049BB, 0x8 Bytes, ...)
T6D34 084:038.736    -- Read from C cache (8 bytes @ 0x200049BB)
T6D34 084:038.776   Data:  FF FF FF FF FF FF FF FF
T6D34 084:038.800 - 0.110ms returns 0
T6D34 084:039.000 JLINK_ReadMem(0x200049C3, 0x8 Bytes, ...)
T6D34 084:039.040    -- Read from C cache (8 bytes @ 0x200049C3)
T6D34 084:039.064   Data:  FF FF FF FF FF FF FF FF
T6D34 084:039.096 - 0.090ms returns 0
T6D34 084:041.680 JLINK_ReadMem(0x200049CB, 0x8 Bytes, ...)
T6D34 084:041.808    -- Read from C cache (8 bytes @ 0x200049CB)
T6D34 084:041.848   Data:  FF FF FF FF FF FF FF FF
T6D34 084:041.872 - 0.194ms returns 0
T6D34 084:042.288 JLINK_ReadMem(0x200049D3, 0x8 Bytes, ...)
T6D34 084:042.352    -- Read from C cache (8 bytes @ 0x200049D3)
T6D34 084:042.384   Data:  FF FF FF FF FF FF FF FF
T6D34 084:042.416 - 0.120ms returns 0
T6D34 084:042.616 JLINK_ReadMem(0x200049DB, 0x8 Bytes, ...)
T6D34 084:042.648    -- Read from C cache (8 bytes @ 0x200049DB)
T6D34 084:042.672   Data:  FF FF FF FF FF FF FF FF
T6D34 084:042.704 - 0.083ms returns 0
T6D34 084:042.872 JLINK_ReadMem(0x200049E3, 0x8 Bytes, ...)
T6D34 084:042.896    -- Read from C cache (8 bytes @ 0x200049E3)
T6D34 084:042.928   Data:  FF FF FF FF FF FF FF FF
T6D34 084:042.960 - 0.084ms returns 0
T6D34 084:043.136 JLINK_ReadMem(0x200049EB, 0x8 Bytes, ...)
T6D34 084:043.168    -- Read from C cache (8 bytes @ 0x200049EB)
T6D34 084:043.192   Data:  FF FF FF FF FF FF FF FF
T6D34 084:043.216 - 0.087ms returns 0
T6D34 084:043.400 JLINK_ReadMem(0x200049F3, 0x8 Bytes, ...)
T6D34 084:043.432    -- Read from C cache (8 bytes @ 0x200049F3)
T6D34 084:043.456   Data:  FF 77 C2 95 F3 60 D2 EF
T6D34 084:043.480 - 0.083ms returns 0
T6D34 084:043.648 JLINK_ReadMem(0x200049FB, 0x8 Bytes, ...)
T6D34 084:043.680    -- Read from C cache (8 bytes @ 0x200049FB)
T6D34 084:043.704   Data:  7F 35 52 50 0F 2C B6 79
T6D34 084:043.728 - 0.083ms returns 0
T6D34 084:043.896 JLINK_ReadMem(0x20004A03, 0x8 Bytes, ...)
T6D34 084:043.920    -- Read from C cache (8 bytes @ 0x20004A03)
T6D34 084:043.952   Data:  80 00 00 00 00 E5 10 00
T6D34 084:043.984 - 0.081ms returns 0
T6D34 084:044.864 JLINK_ReadMem(0x200049B1, 0x1 Bytes, ...)
T6D34 084:044.928    -- Read from C cache (1 bytes @ 0x200049B1)
T6D34 084:044.952   Data:  FF
T6D34 084:044.976 - 0.115ms returns 0
T6D34 084:045.840 JLINK_ReadMem(0x200049B2, 0x1 Bytes, ...)
T6D34 084:045.912    -- Read from C cache (1 bytes @ 0x200049B2)
T6D34 084:045.944   Data:  FF
T6D34 084:045.968 - 0.135ms returns 0
T6D34 084:046.968 JLINK_ReadMem(0x200049B3, 0x1 Bytes, ...)
T6D34 084:047.032    -- Read from C cache (1 bytes @ 0x200049B3)
T6D34 084:047.064   Data:  FF
T6D34 084:047.096 - 0.128ms returns 0
T6D58 084:061.408   JLINK_RTTERMINAL_Read(BufferIndex = 0, BufferSize = 0x00010000)
T6D58 084:061.488   - 0.082ms returns 0
T6D34 084:071.984 JLINK_ReadMem(0x200049B4, 0x8 Bytes, ...)
T6D34 084:072.072    -- Read from C cache (8 bytes @ 0x200049B4)
T6D34 084:072.104   Data:  FF FF FF FF FF FF FF FF
T6D34 084:072.128 - 0.148ms returns 0
T6D34 084:072.440 JLINK_ReadMem(0x200049BC, 0x8 Bytes, ...)
T6D34 084:072.480    -- Read from C cache (8 bytes @ 0x200049BC)
T6D34 084:072.512   Data:  FF FF FF FF FF FF FF FF
T6D34 084:072.536 - 0.097ms returns 0
T6D34 084:072.824 JLINK_ReadMem(0x200049C4, 0x8 Bytes, ...)
T6D34 084:072.880    -- Read from C cache (8 bytes @ 0x200049C4)
T6D34 084:072.904   Data:  FF FF FF FF FF FF FF FF
T6D34 084:072.936 - 0.111ms returns 0
T6D34 084:073.248 JLINK_ReadMem(0x200049CC, 0x8 Bytes, ...)
T6D34 084:073.328    -- Read from C cache (8 bytes @ 0x200049CC)
T6D34 084:073.376   Data:  FF FF FF FF FF FF FF FF
T6D34 084:073.424 - 0.174ms returns 0
T6D34 084:073.936 JLINK_ReadMem(0x200049D4, 0x8 Bytes, ...)
T6D34 084:074.000    -- Read from C cache (8 bytes @ 0x200049D4)
T6D34 084:074.032   Data:  FF FF FF FF FF FF FF FF
T6D34 084:074.056 - 0.118ms returns 0
T6D34 084:074.400 JLINK_ReadMem(0x200049DC, 0x8 Bytes, ...)
T6D34 084:074.448    -- Read from C cache (8 bytes @ 0x200049DC)
T6D34 084:074.472   Data:  FF FF FF FF FF FF FF FF
T6D34 084:074.496 - 0.100ms returns 0
T6D34 084:074.768 JLINK_ReadMem(0x200049E4, 0x8 Bytes, ...)
T6D34 084:074.816    -- Read from C cache (8 bytes @ 0x200049E4)
T6D34 084:074.840   Data:  FF FF FF FF FF FF FF FF
T6D34 084:074.864 - 0.097ms returns 0
T6D34 084:075.288 JLINK_ReadMem(0x200049EC, 0x8 Bytes, ...)
T6D34 084:075.344    -- Read from C cache (8 bytes @ 0x200049EC)
T6D34 084:075.376   Data:  FF FF FF FF FF FF FF FF
T6D34 084:075.408 - 0.114ms returns 0
T6D34 084:075.728 JLINK_ReadMem(0x200049F4, 0x8 Bytes, ...)
T6D34 084:075.776    -- Read from C cache (8 bytes @ 0x200049F4)
T6D34 084:075.808   Data:  77 C2 95 F3 60 D2 EF 7F
T6D34 084:075.840 - 0.110ms returns 0
T6D34 084:076.176 JLINK_ReadMem(0x200049FC, 0x8 Bytes, ...)
T6D34 084:076.240    -- Read from C cache (8 bytes @ 0x200049FC)
T6D34 084:076.272   Data:  35 52 50 0F 2C B6 79 80
T6D34 084:076.296 - 0.118ms returns 0
T6D34 084:076.624 JLINK_ReadMem(0x20004A04, 0x8 Bytes, ...)
T6D34 084:076.704    -- Read from C cache (8 bytes @ 0x20004A04)
T6D34 084:076.760   Data:  00 00 00 00 E5 10 00 00
T6D34 084:076.816 - 0.184ms returns 0
T6D34 084:078.056 JLINK_ReadMem(0x200049B5, 0x8 Bytes, ...)
T6D34 084:078.160    -- Read from C cache (8 bytes @ 0x200049B5)
T6D34 084:078.200   Data:  FF FF FF FF FF FF FF FF
T6D34 084:078.232 - 0.182ms returns 0
T6D34 084:078.568 JLINK_ReadMem(0x200049BD, 0x8 Bytes, ...)
T6D34 084:078.616    -- Read from C cache (8 bytes @ 0x200049BD)
T6D34 084:078.640   Data:  FF FF FF FF FF FF FF FF
T6D34 084:078.672 - 0.105ms returns 0
T6D34 084:081.032 JLINK_ReadMem(0x200049C5, 0x8 Bytes, ...)
T6D34 084:081.104    -- Read from C cache (8 bytes @ 0x200049C5)
T6D34 084:081.136   Data:  FF FF FF FF FF FF FF FF
T6D34 084:081.168 - 0.132ms returns 0
T6D34 084:081.616 JLINK_ReadMem(0x200049CD, 0x8 Bytes, ...)
T6D34 084:081.680    -- Read from C cache (8 bytes @ 0x200049CD)
T6D34 084:081.736   Data:  FF FF FF FF FF FF FF FF
T6D34 084:081.776 - 0.164ms returns 0
T6D34 084:082.136 JLINK_ReadMem(0x200049D5, 0x8 Bytes, ...)
T6D34 084:082.192    -- Read from C cache (8 bytes @ 0x200049D5)
T6D34 084:082.224   Data:  FF FF FF FF FF FF FF FF
T6D34 084:082.248 - 0.106ms returns 0
T6D34 084:082.544 JLINK_ReadMem(0x200049DD, 0x8 Bytes, ...)
T6D34 084:082.600    -- Read from C cache (8 bytes @ 0x200049DD)
T6D34 084:082.632   Data:  FF FF FF FF FF FF FF FF
T6D34 084:082.664 - 0.112ms returns 0
T6D34 084:082.992 JLINK_ReadMem(0x200049E5, 0x8 Bytes, ...)
T6D34 084:083.048    -- Read from C cache (8 bytes @ 0x200049E5)
T6D34 084:083.072   Data:  FF FF FF FF FF FF FF FF
T6D34 084:083.104 - 0.108ms returns 0
T6D34 084:083.440 JLINK_ReadMem(0x200049ED, 0x8 Bytes, ...)
T6D34 084:083.488    -- Read from C cache (8 bytes @ 0x200049ED)
T6D34 084:083.520   Data:  FF FF FF FF FF FF FF 77
T6D34 084:083.544 - 0.101ms returns 0
T6D34 084:083.856 JLINK_ReadMem(0x200049F5, 0x8 Bytes, ...)
T6D34 084:083.896    -- Read from C cache (8 bytes @ 0x200049F5)
T6D34 084:083.920   Data:  C2 95 F3 60 D2 EF 7F 35
T6D34 084:083.952 - 0.096ms returns 0
T6D34 084:084.200 JLINK_ReadMem(0x200049FD, 0x8 Bytes, ...)
T6D34 084:084.240    -- Read from C cache (8 bytes @ 0x200049FD)
T6D34 084:084.272   Data:  52 50 0F 2C B6 79 80 00
T6D34 084:084.296 - 0.095ms returns 0
T6D34 084:085.376 JLINK_ReadMem(0x200049B6, 0x8 Bytes, ...)
T6D34 084:085.456    -- Read from C cache (8 bytes @ 0x200049B6)
T6D34 084:085.488   Data:  FF FF FF FF FF FF FF FF
T6D34 084:085.512 - 0.137ms returns 0
T6D34 084:085.840 JLINK_ReadMem(0x200049BE, 0x8 Bytes, ...)
T6D34 084:085.880    -- Read from C cache (8 bytes @ 0x200049BE)
T6D34 084:085.912   Data:  FF FF FF FF FF FF FF FF
T6D34 084:085.944 - 0.103ms returns 0
T6D34 084:086.256 JLINK_ReadMem(0x200049C6, 0x8 Bytes, ...)
T6D34 084:086.288    -- Read from C cache (8 bytes @ 0x200049C6)
T6D34 084:086.320   Data:  FF FF FF FF FF FF FF FF
T6D34 084:086.344 - 0.093ms returns 0
T6D34 084:086.624 JLINK_ReadMem(0x200049CE, 0x8 Bytes, ...)
T6D34 084:086.688    -- Read from C cache (8 bytes @ 0x200049CE)
T6D34 084:086.712   Data:  FF FF FF FF FF FF FF FF
T6D34 084:086.736 - 0.112ms returns 0
T6D34 084:087.144 JLINK_ReadMem(0x200049D6, 0x8 Bytes, ...)
T6D34 084:087.192    -- Read from C cache (8 bytes @ 0x200049D6)
T6D34 084:087.240   Data:  FF FF FF FF FF FF FF FF
T6D34 084:087.272 - 0.132ms returns 0
T6D34 084:087.512 JLINK_ReadMem(0x200049DE, 0x8 Bytes, ...)
T6D34 084:087.568    -- Read from C cache (8 bytes @ 0x200049DE)
T6D34 084:087.616   Data:  FF FF FF FF FF FF FF FF
T6D34 084:087.656 - 0.136ms returns 0
T6D34 084:087.872 JLINK_ReadMem(0x200049E6, 0x8 Bytes, ...)
T6D34 084:087.920    -- Read from C cache (8 bytes @ 0x200049E6)
T6D34 084:087.952   Data:  FF FF FF FF FF FF FF FF
T6D34 084:087.992 - 0.124ms returns 0
T6D34 084:088.208 JLINK_ReadMem(0x200049EE, 0x8 Bytes, ...)
T6D34 084:088.256    -- Read from C cache (8 bytes @ 0x200049EE)
T6D34 084:088.304   Data:  FF FF FF FF FF FF 77 C2
T6D34 084:088.336 - 0.132ms returns 0
T6D34 084:088.552 JLINK_ReadMem(0x200049F6, 0x8 Bytes, ...)
T6D34 084:088.592    -- Read from C cache (8 bytes @ 0x200049F6)
T6D34 084:088.640   Data:  95 F3 60 D2 EF 7F 35 52
T6D34 084:088.688 - 0.131ms returns 0
T6D34 084:088.888 JLINK_ReadMem(0x200049FE, 0x8 Bytes, ...)
T6D34 084:088.944    -- Read from C cache (8 bytes @ 0x200049FE)
T6D34 084:088.976   Data:  50 0F 2C B6 79 80 00 00
T6D34 084:089.024 - 0.132ms returns 0
T6D34 084:090.064 JLINK_ReadMem(0x200049B7, 0x8 Bytes, ...)
T6D34 084:090.152    -- Read from C cache (8 bytes @ 0x200049B7)
T6D34 084:090.176   Data:  FF FF FF FF FF FF FF FF
T6D34 084:090.200 - 0.136ms returns 0
T6D34 084:090.472 JLINK_ReadMem(0x200049BF, 0x8 Bytes, ...)
T6D34 084:090.520    -- Read from C cache (8 bytes @ 0x200049BF)
T6D34 084:090.544   Data:  FF FF FF FF FF FF FF FF
T6D34 084:090.576 - 0.107ms returns 0
T6D34 084:090.800 JLINK_ReadMem(0x200049C7, 0x8 Bytes, ...)
T6D34 084:090.832    -- Read from C cache (8 bytes @ 0x200049C7)
T6D34 084:090.864   Data:  FF FF FF FF FF FF FF FF
T6D34 084:090.896 - 0.087ms returns 0
T6D34 084:091.112 JLINK_ReadMem(0x200049CF, 0x8 Bytes, ...)
T6D34 084:091.160    -- Read from C cache (8 bytes @ 0x200049CF)
T6D34 084:091.184   Data:  FF FF FF FF FF FF FF FF
T6D34 084:091.216 - 0.102ms returns 0
T6D34 084:091.472 JLINK_ReadMem(0x200049D7, 0x8 Bytes, ...)
T6D34 084:091.504    -- Read from C cache (8 bytes @ 0x200049D7)
T6D34 084:091.544   Data:  FF FF FF FF FF FF FF FF
T6D34 084:091.568 - 0.106ms returns 0
T6D34 084:093.872 JLINK_ReadMem(0x200049DF, 0x8 Bytes, ...)
T6D34 084:093.936    -- Read from C cache (8 bytes @ 0x200049DF)
T6D34 084:093.976   Data:  FF FF FF FF FF FF FF FF
T6D34 084:094.000 - 0.127ms returns 0
T6D34 084:094.320 JLINK_ReadMem(0x200049E7, 0x8 Bytes, ...)
T6D34 084:094.368    -- Read from C cache (8 bytes @ 0x200049E7)
T6D34 084:094.400   Data:  FF FF FF FF FF FF FF FF
T6D34 084:094.424 - 0.105ms returns 0
T6D34 084:094.608 JLINK_ReadMem(0x200049EF, 0x8 Bytes, ...)
T6D34 084:094.640    -- Read from C cache (8 bytes @ 0x200049EF)
T6D34 084:094.664   Data:  FF FF FF FF FF 77 C2 95
T6D34 084:094.688 - 0.083ms returns 0
T6D34 084:094.872 JLINK_ReadMem(0x200049F7, 0x8 Bytes, ...)
T6D34 084:094.896    -- Read from C cache (8 bytes @ 0x200049F7)
T6D34 084:094.928   Data:  F3 60 D2 EF 7F 35 52 50
T6D34 084:094.960 - 0.079ms returns 0
T6D34 084:095.120 JLINK_ReadMem(0x200049FF, 0x8 Bytes, ...)
T6D34 084:095.152    -- Read from C cache (8 bytes @ 0x200049FF)
T6D34 084:095.176   Data:  0F 2C B6 79 80 00 00 00
T6D34 084:095.200 - 0.082ms returns 0
T6D34 084:096.072 JLINK_ReadMem(0x200049B8, 0x8 Bytes, ...)
T6D34 084:096.120    -- Read from C cache (8 bytes @ 0x200049B8)
T6D34 084:096.144   Data:  FF FF FF FF FF FF FF FF
T6D34 084:096.176 - 0.106ms returns 0
T6D34 084:096.384 JLINK_ReadMem(0x200049C0, 0x8 Bytes, ...)
T6D34 084:096.424    -- Read from C cache (8 bytes @ 0x200049C0)
T6D34 084:096.448   Data:  FF FF FF FF FF FF FF FF
T6D34 084:096.472 - 0.092ms returns 0
T6D34 084:096.640 JLINK_ReadMem(0x200049C8, 0x8 Bytes, ...)
T6D34 084:096.672    -- Read from C cache (8 bytes @ 0x200049C8)
T6D34 084:096.704   Data:  FF FF FF FF FF FF FF FF
T6D34 084:096.728 - 0.084ms returns 0
T6D34 084:096.888 JLINK_ReadMem(0x200049D0, 0x8 Bytes, ...)
T6D34 084:096.920    -- Read from C cache (8 bytes @ 0x200049D0)
T6D34 084:096.952   Data:  FF FF FF FF FF FF FF FF
T6D34 084:096.976 - 0.083ms returns 0
T6D34 084:097.144 JLINK_ReadMem(0x200049D8, 0x8 Bytes, ...)
T6D34 084:097.176    -- Read from C cache (8 bytes @ 0x200049D8)
T6D34 084:097.200   Data:  FF FF FF FF FF FF FF FF
T6D34 084:097.232 - 0.082ms returns 0
T6D34 084:097.408 JLINK_ReadMem(0x200049E0, 0x8 Bytes, ...)
T6D34 084:097.440    -- Read from C cache (8 bytes @ 0x200049E0)
T6D34 084:097.464   Data:  FF FF FF FF FF FF FF FF
T6D34 084:097.488 - 0.082ms returns 0
T6D34 084:097.648 JLINK_ReadMem(0x200049E8, 0x8 Bytes, ...)
T6D34 084:097.680    -- Read from C cache (8 bytes @ 0x200049E8)
T6D34 084:097.712   Data:  FF FF FF FF FF FF FF FF
T6D34 084:097.736 - 0.081ms returns 0
T6D34 084:097.904 JLINK_ReadMem(0x200049F0, 0x8 Bytes, ...)
T6D34 084:097.936    -- Read from C cache (8 bytes @ 0x200049F0)
T6D34 084:097.960   Data:  FF FF FF FF 77 C2 95 F3
T6D34 084:097.984 - 0.081ms returns 0
T6D34 084:098.152 JLINK_ReadMem(0x200049F8, 0x8 Bytes, ...)
T6D34 084:098.176    -- Read from C cache (8 bytes @ 0x200049F8)
T6D34 084:098.200   Data:  60 D2 EF 7F 35 52 50 0F
T6D34 084:098.224 - 0.081ms returns 0
T6D34 084:098.392 JLINK_ReadMem(0x20004A00, 0x8 Bytes, ...)
T6D34 084:098.416    -- Read from C cache (8 bytes @ 0x20004A00)
T6D34 084:098.448   Data:  2C B6 79 80 00 00 00 00
T6D34 084:098.472 - 0.081ms returns 0
T6D34 084:099.264 JLINK_ReadMem(0x200049B9, 0x8 Bytes, ...)
T6D34 084:099.320    -- Read from C cache (8 bytes @ 0x200049B9)
T6D34 084:099.344   Data:  FF FF FF FF FF FF FF FF
T6D34 084:099.376 - 0.107ms returns 0
T6D34 084:099.616 JLINK_ReadMem(0x200049C1, 0x8 Bytes, ...)
T6D34 084:099.656    -- Read from C cache (8 bytes @ 0x200049C1)
T6D34 084:099.680   Data:  FF FF FF FF FF FF FF FF
T6D34 084:099.712 - 0.095ms returns 0
T6D34 084:099.952 JLINK_ReadMem(0x200049C9, 0x8 Bytes, ...)
T6D34 084:100.000    -- Read from C cache (8 bytes @ 0x200049C9)
T6D34 084:100.040   Data:  FF FF FF FF FF FF FF FF
T6D34 084:100.064 - 0.121ms returns 0
T6D34 084:100.352 JLINK_ReadMem(0x200049D1, 0x8 Bytes, ...)
T6D34 084:100.400    -- Read from C cache (8 bytes @ 0x200049D1)
T6D34 084:100.432   Data:  FF FF FF FF FF FF FF FF
T6D34 084:100.456 - 0.105ms returns 0
T6D34 084:100.736 JLINK_ReadMem(0x200049D9, 0x8 Bytes, ...)
T6D34 084:100.816    -- Read from C cache (8 bytes @ 0x200049D9)
T6D34 084:100.848   Data:  FF FF FF FF FF FF FF FF
T6D34 084:100.872 - 0.139ms returns 0
T6D34 084:101.184 JLINK_ReadMem(0x200049E1, 0x8 Bytes, ...)
T6D34 084:101.232    -- Read from C cache (8 bytes @ 0x200049E1)
T6D34 084:101.264   Data:  FF FF FF FF FF FF FF FF
T6D34 084:101.288 - 0.102ms returns 0
T6D34 084:101.584 JLINK_ReadMem(0x200049E9, 0x8 Bytes, ...)
T6D34 084:101.632    -- Read from C cache (8 bytes @ 0x200049E9)
T6D34 084:101.656   Data:  FF FF FF FF FF FF FF FF
T6D34 084:101.680 - 0.100ms returns 0
T6D34 084:101.928 JLINK_ReadMem(0x200049F1, 0x8 Bytes, ...)
T6D34 084:101.968    -- Read from C cache (8 bytes @ 0x200049F1)
T6D34 084:102.000   Data:  FF FF FF 77 C2 95 F3 60
T6D34 084:102.032 - 0.103ms returns 0
T6D34 084:102.320 JLINK_ReadMem(0x200049F9, 0x8 Bytes, ...)
T6D34 084:102.368    -- Read from C cache (8 bytes @ 0x200049F9)
T6D34 084:102.408   Data:  D2 EF 7F 35 52 50 0F 2C
T6D34 084:102.432 - 0.117ms returns 0
T6D34 084:102.680 JLINK_ReadMem(0x20004A01, 0x8 Bytes, ...)
T6D34 084:102.736    -- Read from C cache (8 bytes @ 0x20004A01)
T6D34 084:102.768   Data:  B6 79 80 00 00 00 00 E5
T6D34 084:102.800 - 0.117ms returns 0
T6D34 084:103.944 JLINK_ReadMem(0x200049BA, 0x8 Bytes, ...)
T6D34 084:104.008    -- Read from C cache (8 bytes @ 0x200049BA)
T6D34 084:104.040   Data:  FF FF FF FF FF FF FF FF
T6D34 084:104.064 - 0.117ms returns 0
T6D34 084:106.832 JLINK_ReadMem(0x200049C2, 0x8 Bytes, ...)
T6D34 084:106.928    -- Read from C cache (8 bytes @ 0x200049C2)
T6D34 084:106.960   Data:  FF FF FF FF FF FF FF FF
T6D34 084:106.984 - 0.152ms returns 0
T6D34 084:107.416 JLINK_ReadMem(0x200049CA, 0x8 Bytes, ...)
T6D34 084:107.480    -- Read from C cache (8 bytes @ 0x200049CA)
T6D34 084:107.504   Data:  FF FF FF FF FF FF FF FF
T6D34 084:107.536 - 0.117ms returns 0
T6D34 084:107.728 JLINK_ReadMem(0x200049D2, 0x8 Bytes, ...)
T6D34 084:107.760    -- Read from C cache (8 bytes @ 0x200049D2)
T6D34 084:107.792   Data:  FF FF FF FF FF FF FF FF
T6D34 084:107.816 - 0.085ms returns 0
T6D34 084:108.088 JLINK_ReadMem(0x200049DA, 0x8 Bytes, ...)
T6D34 084:108.136    -- Read from C cache (8 bytes @ 0x200049DA)
T6D34 084:108.168   Data:  FF FF FF FF FF FF FF FF
T6D34 084:108.192 - 0.102ms returns 0
T6D34 084:108.440 JLINK_ReadMem(0x200049E2, 0x8 Bytes, ...)
T6D34 084:108.480    -- Read from C cache (8 bytes @ 0x200049E2)
T6D34 084:108.512   Data:  FF FF FF FF FF FF FF FF
T6D34 084:108.536 - 0.093ms returns 0
T6D34 084:108.768 JLINK_ReadMem(0x200049EA, 0x8 Bytes, ...)
T6D34 084:108.816    -- Read from C cache (8 bytes @ 0x200049EA)
T6D34 084:108.840   Data:  FF FF FF FF FF FF FF FF
T6D34 084:108.864 - 0.096ms returns 0
T6D34 084:109.136 JLINK_ReadMem(0x200049F2, 0x8 Bytes, ...)
T6D34 084:109.176    -- Read from C cache (8 bytes @ 0x200049F2)
T6D34 084:109.208   Data:  FF FF 77 C2 95 F3 60 D2
T6D34 084:109.232 - 0.096ms returns 0
T6D34 084:109.472 JLINK_ReadMem(0x200049FA, 0x8 Bytes, ...)
T6D34 084:109.512    -- Read from C cache (8 bytes @ 0x200049FA)
T6D34 084:109.536   Data:  EF 7F 35 52 50 0F 2C B6
T6D34 084:109.560 - 0.094ms returns 0
T6D34 084:109.800 JLINK_ReadMem(0x20004A02, 0x8 Bytes, ...)
T6D34 084:109.840    -- Read from C cache (8 bytes @ 0x20004A02)
T6D34 084:109.864   Data:  79 80 00 00 00 00 E5 10
T6D34 084:109.888 - 0.093ms returns 0
T6D34 084:110.864 JLINK_ReadMem(0x200049BB, 0x8 Bytes, ...)
T6D34 084:110.912    -- Read from C cache (8 bytes @ 0x200049BB)
T6D34 084:110.936   Data:  FF FF FF FF FF FF FF FF
T6D34 084:110.960 - 0.101ms returns 0
T6D34 084:111.144 JLINK_ReadMem(0x200049C3, 0x8 Bytes, ...)
T6D34 084:111.168    -- Read from C cache (8 bytes @ 0x200049C3)
T6D34 084:111.192   Data:  FF FF FF FF FF FF FF FF
T6D34 084:111.216 - 0.077ms returns 0
T6D34 084:111.408 JLINK_ReadMem(0x200049CB, 0x8 Bytes, ...)
T6D34 084:111.440    -- Read from C cache (8 bytes @ 0x200049CB)
T6D34 084:111.464   Data:  FF FF FF FF FF FF FF FF
T6D34 084:111.488 - 0.080ms returns 0
T6D34 084:111.664 JLINK_ReadMem(0x200049D3, 0x8 Bytes, ...)
T6D34 084:111.744    -- Read from C cache (8 bytes @ 0x200049D3)
T6D34 084:111.768   Data:  FF FF FF FF FF FF FF FF
T6D34 084:111.792 - 0.135ms returns 0
T6D34 084:111.992 JLINK_ReadMem(0x200049DB, 0x8 Bytes, ...)
T6D34 084:112.024    -- Read from C cache (8 bytes @ 0x200049DB)
T6D34 084:112.064   Data:  FF FF FF FF FF FF FF FF
T6D34 084:112.088 - 0.094ms returns 0
T6D58 084:112.376   JLINK_RTTERMINAL_Read(BufferIndex = 0, BufferSize = 0x00010000)
T6D58 084:112.448   - 0.073ms returns 0
T6D34 084:112.568 JLINK_ReadMem(0x200049E3, 0x8 Bytes, ...)
T6D34 084:112.608    -- Read from C cache (8 bytes @ 0x200049E3)
T6D34 084:112.632   Data:  FF FF FF FF FF FF FF FF
T6D34 084:112.656 - 0.094ms returns 0
T6D34 084:112.952 JLINK_ReadMem(0x200049EB, 0x8 Bytes, ...)
T6D34 084:113.000    -- Read from C cache (8 bytes @ 0x200049EB)
T6D34 084:113.032   Data:  FF FF FF FF FF FF FF FF
T6D34 084:113.056 - 0.104ms returns 0
T6D34 084:113.328 JLINK_ReadMem(0x200049F3, 0x8 Bytes, ...)
T6D34 084:113.376    -- Read from C cache (8 bytes @ 0x200049F3)
T6D34 084:113.400   Data:  FF 77 C2 95 F3 60 D2 EF
T6D34 084:113.424 - 0.104ms returns 0
T6D34 084:113.712 JLINK_ReadMem(0x200049FB, 0x8 Bytes, ...)
T6D34 084:113.760    -- Read from C cache (8 bytes @ 0x200049FB)
T6D34 084:113.800   Data:  7F 35 52 50 0F 2C B6 79
T6D34 084:113.840 - 0.124ms returns 0
T6D34 084:114.112 JLINK_ReadMem(0x20004A03, 0x8 Bytes, ...)
T6D34 084:114.160    -- Read from C cache (8 bytes @ 0x20004A03)
T6D34 084:114.192   Data:  80 00 00 00 00 E5 10 00
T6D34 084:114.216 - 0.107ms returns 0
T6D34 084:115.248 JLINK_ReadMem(0x200049BC, 0x8 Bytes, ...)
T6D34 084:115.328    -- Read from C cache (8 bytes @ 0x200049BC)
T6D34 084:115.352   Data:  FF FF FF FF FF FF FF FF
T6D34 084:115.384 - 0.136ms returns 0
T6D34 084:115.648 JLINK_ReadMem(0x200049C4, 0x8 Bytes, ...)
T6D34 084:115.696    -- Read from C cache (8 bytes @ 0x200049C4)
T6D34 084:115.728   Data:  FF FF FF FF FF FF FF FF
T6D34 084:115.752 - 0.104ms returns 0
T6D34 084:115.984 JLINK_ReadMem(0x200049CC, 0x8 Bytes, ...)
T6D34 084:116.016    -- Read from C cache (8 bytes @ 0x200049CC)
T6D34 084:116.040   Data:  FF FF FF FF FF FF FF FF
T6D34 084:116.064 - 0.083ms returns 0
T6D34 084:116.240 JLINK_ReadMem(0x200049D4, 0x8 Bytes, ...)
T6D34 084:116.272    -- Read from C cache (8 bytes @ 0x200049D4)
T6D34 084:116.304   Data:  FF FF FF FF FF FF FF FF
T6D34 084:116.328 - 0.091ms returns 0
T6D34 084:118.592 JLINK_ReadMem(0x200049DC, 0x8 Bytes, ...)
T6D34 084:118.656    -- Read from C cache (8 bytes @ 0x200049DC)
T6D34 084:118.680   Data:  FF FF FF FF FF FF FF FF
T6D34 084:118.704 - 0.112ms returns 0
T6D34 084:119.000 JLINK_ReadMem(0x200049E4, 0x8 Bytes, ...)
T6D34 084:119.040    -- Read from C cache (8 bytes @ 0x200049E4)
T6D34 084:119.072   Data:  FF FF FF FF FF FF FF FF
T6D34 084:119.096 - 0.098ms returns 0
T6D34 084:119.272 JLINK_ReadMem(0x200049EC, 0x8 Bytes, ...)
T6D34 084:119.304    -- Read from C cache (8 bytes @ 0x200049EC)
T6D34 084:119.328   Data:  FF FF FF FF FF FF FF FF
T6D34 084:119.352 - 0.082ms returns 0
T6D34 084:119.520 JLINK_ReadMem(0x200049F4, 0x8 Bytes, ...)
T6D34 084:119.552    -- Read from C cache (8 bytes @ 0x200049F4)
T6D34 084:119.584   Data:  77 C2 95 F3 60 D2 EF 7F
T6D34 084:119.608 - 0.084ms returns 0
T6D34 084:119.776 JLINK_ReadMem(0x200049FC, 0x8 Bytes, ...)
T6D34 084:119.800    -- Read from C cache (8 bytes @ 0x200049FC)
T6D34 084:119.824   Data:  35 52 50 0F 2C B6 79 80
T6D34 084:119.856 - 0.082ms returns 0
T6D34 084:120.016 JLINK_ReadMem(0x20004A04, 0x8 Bytes, ...)
T6D34 084:120.048    -- Read from C cache (8 bytes @ 0x20004A04)
T6D34 084:120.080   Data:  00 00 00 00 E5 10 00 00
T6D34 084:120.104 - 0.082ms returns 0
T6D34 084:120.896 JLINK_ReadMem(0x200049B4, 0x1 Bytes, ...)
T6D34 084:120.952    -- Read from C cache (1 bytes @ 0x200049B4)
T6D34 084:120.976   Data:  FF
T6D34 084:121.008 - 0.108ms returns 0
T6D34 084:121.680 JLINK_ReadMem(0x200049B5, 0x1 Bytes, ...)
T6D34 084:121.736    -- Read from C cache (1 bytes @ 0x200049B5)
T6D34 084:121.776   Data:  FF
T6D34 084:121.800 - 0.112ms returns 0
T6D34 084:122.512 JLINK_ReadMem(0x200049B6, 0x1 Bytes, ...)
T6D34 084:122.592    -- Read from C cache (1 bytes @ 0x200049B6)
T6D34 084:122.624   Data:  FF
T6D34 084:122.648 - 0.142ms returns 0
T6D34 084:123.472 JLINK_ReadMem(0x200049B7, 0x1 Bytes, ...)
T6D34 084:123.560    -- Read from C cache (1 bytes @ 0x200049B7)
T6D34 084:123.600   Data:  FF
T6D34 084:123.640 - 0.170ms returns 0
T6D34 084:124.400 JLINK_ReadMem(0x200049B8, 0x1 Bytes, ...)
T6D34 084:124.496    -- Read from C cache (1 bytes @ 0x200049B8)
T6D34 084:124.528   Data:  FF
T6D34 084:124.552 - 0.150ms returns 0
T6D34 084:125.624 JLINK_ReadMem(0x200049B9, 0x1 Bytes, ...)
T6D34 084:125.712    -- Read from C cache (1 bytes @ 0x200049B9)
T6D34 084:125.744   Data:  FF
T6D34 084:125.776 - 0.147ms returns 0
T6D34 084:126.592 JLINK_ReadMem(0x200049BA, 0x1 Bytes, ...)
T6D34 084:126.672    -- Read from C cache (1 bytes @ 0x200049BA)
T6D34 084:126.704   Data:  FF
T6D34 084:126.736 - 0.138ms returns 0
T6D34 084:127.736 JLINK_ReadMem(0x200049BB, 0x1 Bytes, ...)
T6D34 084:127.856    -- Read from C cache (1 bytes @ 0x200049BB)
T6D34 084:127.912   Data:  FF
T6D34 084:127.936 - 0.196ms returns 0
T6D34 084:128.840 JLINK_ReadMem(0x200049BC, 0x1 Bytes, ...)
T6D34 084:128.936    -- Read from C cache (1 bytes @ 0x200049BC)
T6D34 084:128.960   Data:  FF
T6D34 084:128.984 - 0.149ms returns 0
T6D34 084:147.984 JLINK_ReadMem(0x200049BD, 0x8 Bytes, ...)
T6D34 084:148.112    -- Read from C cache (8 bytes @ 0x200049BD)
T6D34 084:148.144   Data:  FF FF FF FF FF FF FF FF
T6D34 084:148.176 - 0.184ms returns 0
T6D34 084:148.544 JLINK_ReadMem(0x200049C5, 0x8 Bytes, ...)
T6D34 084:148.600    -- Read from C cache (8 bytes @ 0x200049C5)
T6D34 084:148.632   Data:  FF FF FF FF FF FF FF FF
T6D34 084:148.656 - 0.132ms returns 0
T6D34 084:148.888 JLINK_ReadMem(0x200049CD, 0x8 Bytes, ...)
T6D34 084:148.936    -- Read from C cache (8 bytes @ 0x200049CD)
T6D34 084:148.960   Data:  FF FF FF FF FF FF FF FF
T6D34 084:148.984 - 0.094ms returns 0
T6D34 084:149.192 JLINK_ReadMem(0x200049D5, 0x8 Bytes, ...)
T6D34 084:149.232    -- Read from C cache (8 bytes @ 0x200049D5)
T6D34 084:149.256   Data:  FF FF FF FF FF FF FF FF
T6D34 084:149.280 - 0.092ms returns 0
T6D34 084:149.488 JLINK_ReadMem(0x200049DD, 0x8 Bytes, ...)
T6D34 084:149.528    -- Read from C cache (8 bytes @ 0x200049DD)
T6D34 084:149.560   Data:  FF FF FF FF FF FF FF FF
T6D34 084:149.584 - 0.097ms returns 0
T6D34 084:149.752 JLINK_ReadMem(0x200049E5, 0x8 Bytes, ...)
T6D34 084:149.784    -- Read from C cache (8 bytes @ 0x200049E5)
T6D34 084:149.808   Data:  FF FF FF FF FF FF FF FF
T6D34 084:149.840 - 0.082ms returns 0
T6D34 084:150.096 JLINK_ReadMem(0x200049ED, 0x8 Bytes, ...)
T6D34 084:150.152    -- Read from C cache (8 bytes @ 0x200049ED)
T6D34 084:150.192   Data:  FF FF FF FF FF FF FF 77
T6D34 084:150.240 - 0.140ms returns 0
T6D34 084:150.448 JLINK_ReadMem(0x200049F5, 0x8 Bytes, ...)
T6D34 084:150.488    -- Read from C cache (8 bytes @ 0x200049F5)
T6D34 084:150.536   Data:  C2 95 F3 60 D2 EF 7F 35
T6D34 084:150.576 - 0.125ms returns 0
T6D34 084:150.784 JLINK_ReadMem(0x200049FD, 0x8 Bytes, ...)
T6D34 084:150.832    -- Read from C cache (8 bytes @ 0x200049FD)
T6D34 084:150.888   Data:  52 50 0F 2C B6 79 80 00
T6D34 084:150.928 - 0.144ms returns 0
T6D34 084:151.808 JLINK_ReadMem(0x200049BE, 0x8 Bytes, ...)
T6D34 084:151.888    -- Read from C cache (8 bytes @ 0x200049BE)
T6D34 084:151.928   Data:  FF FF FF FF FF FF FF FF
T6D34 084:151.960 - 0.154ms returns 0
T6D34 084:152.184 JLINK_ReadMem(0x200049C6, 0x8 Bytes, ...)
T6D34 084:152.224    -- Read from C cache (8 bytes @ 0x200049C6)
T6D34 084:152.248   Data:  FF FF FF FF FF FF FF FF
T6D34 084:152.272 - 0.090ms returns 0
T6D34 084:152.440 JLINK_ReadMem(0x200049CE, 0x8 Bytes, ...)
T6D34 084:152.472    -- Read from C cache (8 bytes @ 0x200049CE)
T6D34 084:152.496   Data:  FF FF FF FF FF FF FF FF
T6D34 084:152.528 - 0.086ms returns 0
T6D34 084:152.872 JLINK_ReadMem(0x200049D6, 0x8 Bytes, ...)
T6D34 084:152.904    -- Read from C cache (8 bytes @ 0x200049D6)
T6D34 084:152.928   Data:  FF FF FF FF FF FF FF FF
T6D34 084:152.952 - 0.088ms returns 0
T6D34 084:153.168 JLINK_ReadMem(0x200049DE, 0x8 Bytes, ...)
T6D34 084:153.200    -- Read from C cache (8 bytes @ 0x200049DE)
T6D34 084:153.224   Data:  FF FF FF FF FF FF FF FF
T6D34 084:153.248 - 0.081ms returns 0
T6D34 084:153.424 JLINK_ReadMem(0x200049E6, 0x8 Bytes, ...)
T6D34 084:153.448    -- Read from C cache (8 bytes @ 0x200049E6)
T6D34 084:153.480   Data:  FF FF FF FF FF FF FF FF
T6D34 084:153.520 - 0.096ms returns 0
T6D34 084:153.712 JLINK_ReadMem(0x200049EE, 0x8 Bytes, ...)
T6D34 084:153.744    -- Read from C cache (8 bytes @ 0x200049EE)
T6D34 084:153.768   Data:  FF FF FF FF FF FF 77 C2
T6D34 084:153.792 - 0.083ms returns 0
T6D34 084:153.960 JLINK_ReadMem(0x200049F6, 0x8 Bytes, ...)
T6D34 084:153.992    -- Read from C cache (8 bytes @ 0x200049F6)
T6D34 084:154.016   Data:  95 F3 60 D2 EF 7F 35 52
T6D34 084:154.048 - 0.085ms returns 0
T6D34 084:154.336 JLINK_ReadMem(0x200049FE, 0x8 Bytes, ...)
T6D34 084:154.384    -- Read from C cache (8 bytes @ 0x200049FE)
T6D34 084:154.408   Data:  50 0F 2C B6 79 80 00 00
T6D34 084:154.432 - 0.091ms returns 0
T6D34 084:157.224 JLINK_ReadMem(0x200049BF, 0x8 Bytes, ...)
T6D34 084:157.304    -- Read from C cache (8 bytes @ 0x200049BF)
T6D34 084:157.336   Data:  FF FF FF FF FF FF FF FF
T6D34 084:157.360 - 0.135ms returns 0
T6D34 084:157.808 JLINK_ReadMem(0x200049C7, 0x8 Bytes, ...)
T6D34 084:157.872    -- Read from C cache (8 bytes @ 0x200049C7)
T6D34 084:157.904   Data:  FF FF FF FF FF FF FF FF
T6D34 084:157.928 - 0.123ms returns 0
T6D34 084:158.216 JLINK_ReadMem(0x200049CF, 0x8 Bytes, ...)
T6D34 084:158.280    -- Read from C cache (8 bytes @ 0x200049CF)
T6D34 084:158.312   Data:  FF FF FF FF FF FF FF FF
T6D34 084:158.336 - 0.118ms returns 0
T6D34 084:158.584 JLINK_ReadMem(0x200049D7, 0x8 Bytes, ...)
T6D34 084:158.616    -- Read from C cache (8 bytes @ 0x200049D7)
T6D34 084:158.640   Data:  FF FF FF FF FF FF FF FF
T6D34 084:158.672 - 0.080ms returns 0
T6D34 084:158.928 JLINK_ReadMem(0x200049DF, 0x8 Bytes, ...)
T6D34 084:158.960    -- Read from C cache (8 bytes @ 0x200049DF)
T6D34 084:158.984   Data:  FF FF FF FF FF FF FF FF
T6D34 084:159.008 - 0.083ms returns 0
T6D34 084:159.240 JLINK_ReadMem(0x200049E7, 0x8 Bytes, ...)
T6D34 084:159.272    -- Read from C cache (8 bytes @ 0x200049E7)
T6D34 084:159.296   Data:  FF FF FF FF FF FF FF FF
T6D34 084:159.320 - 0.085ms returns 0
T6D34 084:159.560 JLINK_ReadMem(0x200049EF, 0x8 Bytes, ...)
T6D34 084:159.584    -- Read from C cache (8 bytes @ 0x200049EF)
T6D34 084:159.616   Data:  FF FF FF FF FF 77 C2 95
T6D34 084:159.640 - 0.082ms returns 0
T6D34 084:159.904 JLINK_ReadMem(0x200049F7, 0x8 Bytes, ...)
T6D34 084:159.936    -- Read from C cache (8 bytes @ 0x200049F7)
T6D34 084:159.960   Data:  F3 60 D2 EF 7F 35 52 50
T6D34 084:159.984 - 0.084ms returns 0
T6D34 084:160.224 JLINK_ReadMem(0x200049FF, 0x8 Bytes, ...)
T6D34 084:160.256    -- Read from C cache (8 bytes @ 0x200049FF)
T6D34 084:160.280   Data:  0F 2C B6 79 80 00 00 00
T6D34 084:160.304 - 0.082ms returns 0
T6D34 084:161.168 JLINK_ReadMem(0x200049C0, 0x8 Bytes, ...)
T6D34 084:161.232    -- Read from C cache (8 bytes @ 0x200049C0)
T6D34 084:161.264   Data:  FF FF FF FF FF FF FF FF
T6D34 084:161.288 - 0.117ms returns 0
T6D34 084:161.512 JLINK_ReadMem(0x200049C8, 0x8 Bytes, ...)
T6D34 084:161.552    -- Read from C cache (8 bytes @ 0x200049C8)
T6D34 084:161.584   Data:  FF FF FF FF FF FF FF FF
T6D34 084:161.616 - 0.097ms returns 0
T6D34 084:161.800 JLINK_ReadMem(0x200049D0, 0x8 Bytes, ...)
T6D34 084:161.840    -- Read from C cache (8 bytes @ 0x200049D0)
T6D34 084:161.872   Data:  FF FF FF FF FF FF FF FF
T6D34 084:161.896 - 0.094ms returns 0
T6D34 084:162.096 JLINK_ReadMem(0x200049D8, 0x8 Bytes, ...)
T6D34 084:162.128    -- Read from C cache (8 bytes @ 0x200049D8)
T6D34 084:162.152   Data:  FF FF FF FF FF FF FF FF
T6D34 084:162.192 - 0.090ms returns 0
T6D34 084:162.376 JLINK_ReadMem(0x200049E0, 0x8 Bytes, ...)
T6D34 084:162.400    -- Read from C cache (8 bytes @ 0x200049E0)
T6D34 084:162.424   Data:  FF FF FF FF FF FF FF FF
T6D34 084:162.448 - 0.077ms returns 0
T6D34 084:162.688 JLINK_ReadMem(0x200049E8, 0x8 Bytes, ...)
T6D34 084:165.344    -- Read from C cache (8 bytes @ 0x200049E8)
T6D34 084:165.392   Data:  FF FF FF FF FF FF FF FF
T6D34 084:165.424 - 2.742ms returns 0
T6D58 084:165.464   JLINK_RTTERMINAL_Read(BufferIndex = 0, BufferSize = 0x00010000)
T6D58 084:165.504   - 0.041ms returns 0
T6D34 084:165.744 JLINK_ReadMem(0x200049F0, 0x8 Bytes, ...)
T6D34 084:165.792    -- Read from C cache (8 bytes @ 0x200049F0)
T6D34 084:165.832   Data:  FF FF FF FF 77 C2 95 F3
T6D34 084:165.872 - 0.126ms returns 0
T6D34 084:166.152 JLINK_ReadMem(0x200049F8, 0x8 Bytes, ...)
T6D34 084:166.216    -- Read from C cache (8 bytes @ 0x200049F8)
T6D34 084:166.256   Data:  60 D2 EF 7F 35 52 50 0F
T6D34 084:166.288 - 0.142ms returns 0
T6D34 084:166.584 JLINK_ReadMem(0x20004A00, 0x8 Bytes, ...)
T6D34 084:166.640    -- Read from C cache (8 bytes @ 0x20004A00)
T6D34 084:166.680   Data:  2C B6 79 80 00 00 00 00
T6D34 084:166.720 - 0.136ms returns 0
T6D34 084:169.520 JLINK_ReadMem(0x200049C1, 0x8 Bytes, ...)
T6D34 084:169.608    -- Read from C cache (8 bytes @ 0x200049C1)
T6D34 084:169.640   Data:  FF FF FF FF FF FF FF FF
T6D34 084:169.664 - 0.136ms returns 0
T6D34 084:170.064 JLINK_ReadMem(0x200049C9, 0x8 Bytes, ...)
T6D34 084:170.136    -- Read from C cache (8 bytes @ 0x200049C9)
T6D34 084:170.176   Data:  FF FF FF FF FF FF FF FF
T6D34 084:170.224 - 0.161ms returns 0
T6D34 084:170.440 JLINK_ReadMem(0x200049D1, 0x8 Bytes, ...)
T6D34 084:170.488    -- Read from C cache (8 bytes @ 0x200049D1)
T6D34 084:170.528   Data:  FF FF FF FF FF FF FF FF
T6D34 084:170.568 - 0.126ms returns 0
T6D34 084:170.776 JLINK_ReadMem(0x200049D9, 0x8 Bytes, ...)
T6D34 084:170.816    -- Read from C cache (8 bytes @ 0x200049D9)
T6D34 084:170.856   Data:  FF FF FF FF FF FF FF FF
T6D34 084:170.896 - 0.119ms returns 0
T6D34 084:171.104 JLINK_ReadMem(0x200049E1, 0x8 Bytes, ...)
T6D34 084:171.152    -- Read from C cache (8 bytes @ 0x200049E1)
T6D34 084:171.184   Data:  FF FF FF FF FF FF FF FF
T6D34 084:171.224 - 0.119ms returns 0
T6D34 084:171.440 JLINK_ReadMem(0x200049E9, 0x8 Bytes, ...)
T6D34 084:171.488    -- Read from C cache (8 bytes @ 0x200049E9)
T6D34 084:171.536   Data:  FF FF FF FF FF FF FF FF
T6D34 084:171.568 - 0.126ms returns 0
T6D34 084:171.792 JLINK_ReadMem(0x200049F1, 0x8 Bytes, ...)
T6D34 084:171.824    -- Read from C cache (8 bytes @ 0x200049F1)
T6D34 084:171.856   Data:  FF FF FF 77 C2 95 F3 60
T6D34 084:171.880 - 0.088ms returns 0
T6D34 084:172.040 JLINK_ReadMem(0x200049F9, 0x8 Bytes, ...)
T6D34 084:172.064    -- Read from C cache (8 bytes @ 0x200049F9)
T6D34 084:172.096   Data:  D2 EF 7F 35 52 50 0F 2C
T6D34 084:172.120 - 0.080ms returns 0
T6D34 084:172.272 JLINK_ReadMem(0x20004A01, 0x8 Bytes, ...)
T6D34 084:172.296    -- Read from C cache (8 bytes @ 0x20004A01)
T6D34 084:172.328   Data:  B6 79 80 00 00 00 00 E5
T6D34 084:172.352 - 0.076ms returns 0
T6D34 084:173.296 JLINK_ReadMem(0x200049C2, 0x8 Bytes, ...)
T6D34 084:173.376    -- Read from C cache (8 bytes @ 0x200049C2)
T6D34 084:173.400   Data:  FF FF FF FF FF FF FF FF
T6D34 084:173.432 - 0.138ms returns 0
T6D34 084:173.736 JLINK_ReadMem(0x200049CA, 0x8 Bytes, ...)
T6D34 084:173.808    -- Read from C cache (8 bytes @ 0x200049CA)
T6D34 084:173.840   Data:  FF FF FF FF FF FF FF FF
T6D34 084:173.864 - 0.132ms returns 0
T6D34 084:174.192 JLINK_ReadMem(0x200049D2, 0x8 Bytes, ...)
T6D34 084:174.256    -- Read from C cache (8 bytes @ 0x200049D2)
T6D34 084:174.280   Data:  FF FF FF FF FF FF FF FF
T6D34 084:174.304 - 0.110ms returns 0
T6D34 084:174.608 JLINK_ReadMem(0x200049DA, 0x8 Bytes, ...)
T6D34 084:174.656    -- Read from C cache (8 bytes @ 0x200049DA)
T6D34 084:174.680   Data:  FF FF FF FF FF FF FF FF
T6D34 084:174.712 - 0.107ms returns 0
T6D34 084:175.080 JLINK_ReadMem(0x200049E2, 0x8 Bytes, ...)
T6D34 084:175.136    -- Read from C cache (8 bytes @ 0x200049E2)
T6D34 084:175.184   Data:  FF FF FF FF FF FF FF FF
T6D34 084:175.232 - 0.150ms returns 0
T6D34 084:175.448 JLINK_ReadMem(0x200049EA, 0x8 Bytes, ...)
T6D34 084:175.488    -- Read from C cache (8 bytes @ 0x200049EA)
T6D34 084:175.536   Data:  FF FF FF FF FF FF FF FF
T6D34 084:175.576 - 0.130ms returns 0
T6D34 084:175.784 JLINK_ReadMem(0x200049F2, 0x8 Bytes, ...)
T6D34 084:175.824    -- Read from C cache (8 bytes @ 0x200049F2)
T6D34 084:175.872   Data:  FF FF 77 C2 95 F3 60 D2
T6D34 084:175.912 - 0.128ms returns 0
T6D34 084:176.120 JLINK_ReadMem(0x200049FA, 0x8 Bytes, ...)
T6D34 084:176.168    -- Read from C cache (8 bytes @ 0x200049FA)
T6D34 084:176.208   Data:  EF 7F 35 52 50 0F 2C B6
T6D34 084:176.240 - 0.120ms returns 0
T6D34 084:176.480 JLINK_ReadMem(0x20004A02, 0x8 Bytes, ...)
T6D34 084:176.512    -- Read from C cache (8 bytes @ 0x20004A02)
T6D34 084:176.536   Data:  79 80 00 00 00 00 E5 10
T6D34 084:176.560 - 0.089ms returns 0
T6D34 084:177.424 JLINK_ReadMem(0x200049C3, 0x8 Bytes, ...)
T6D34 084:177.488    -- Read from C cache (8 bytes @ 0x200049C3)
T6D34 084:177.512   Data:  FF FF FF FF FF FF FF FF
T6D34 084:177.536 - 0.114ms returns 0
T6D34 084:177.744 JLINK_ReadMem(0x200049CB, 0x8 Bytes, ...)
T6D34 084:177.792    -- Read from C cache (8 bytes @ 0x200049CB)
T6D34 084:177.816   Data:  FF FF FF FF FF FF FF FF
T6D34 084:177.840 - 0.095ms returns 0
T6D34 084:178.000 JLINK_ReadMem(0x200049D3, 0x8 Bytes, ...)
T6D34 084:178.032    -- Read from C cache (8 bytes @ 0x200049D3)
T6D34 084:178.056   Data:  FF FF FF FF FF FF FF FF
T6D34 084:178.080 - 0.082ms returns 0
T6D34 084:178.320 JLINK_ReadMem(0x200049DB, 0x8 Bytes, ...)
T6D34 084:178.352    -- Read from C cache (8 bytes @ 0x200049DB)
T6D34 084:178.384   Data:  FF FF FF FF FF FF FF FF
T6D34 084:178.408 - 0.080ms returns 0
T6D34 084:178.592 JLINK_ReadMem(0x200049E3, 0x8 Bytes, ...)
T6D34 084:178.616    -- Read from C cache (8 bytes @ 0x200049E3)
T6D34 084:178.640   Data:  FF FF FF FF FF FF FF FF
T6D34 084:178.672 - 0.078ms returns 0
T6D34 084:178.872 JLINK_ReadMem(0x200049EB, 0x8 Bytes, ...)
T6D34 084:178.928    -- Read from C cache (8 bytes @ 0x200049EB)
T6D34 084:178.952   Data:  FF FF FF FF FF FF FF FF
T6D34 084:178.976 - 0.102ms returns 0
T6D34 084:181.352 JLINK_ReadMem(0x200049F3, 0x8 Bytes, ...)
T6D34 084:181.400    -- Read from C cache (8 bytes @ 0x200049F3)
T6D34 084:181.432   Data:  FF 77 C2 95 F3 60 D2 EF
T6D34 084:181.456 - 0.109ms returns 0
T6D34 084:181.760 JLINK_ReadMem(0x200049FB, 0x8 Bytes, ...)
T6D34 084:181.800    -- Read from C cache (8 bytes @ 0x200049FB)
T6D34 084:181.832   Data:  7F 35 52 50 0F 2C B6 79
T6D34 084:181.856 - 0.094ms returns 0
T6D34 084:182.024 JLINK_ReadMem(0x20004A03, 0x8 Bytes, ...)
T6D34 084:182.056    -- Read from C cache (8 bytes @ 0x20004A03)
T6D34 084:182.080   Data:  80 00 00 00 00 E5 10 00
T6D34 084:182.104 - 0.082ms returns 0
T6D34 084:182.968 JLINK_ReadMem(0x200049C4, 0x8 Bytes, ...)
T6D34 084:183.024    -- Read from C cache (8 bytes @ 0x200049C4)
T6D34 084:183.056   Data:  FF FF FF FF FF FF FF FF
T6D34 084:183.080 - 0.108ms returns 0
T6D34 084:183.296 JLINK_ReadMem(0x200049CC, 0x8 Bytes, ...)
T6D34 084:183.336    -- Read from C cache (8 bytes @ 0x200049CC)
T6D34 084:183.368   Data:  FF FF FF FF FF FF FF FF
T6D34 084:183.392 - 0.098ms returns 0
T6D34 084:183.560 JLINK_ReadMem(0x200049D4, 0x8 Bytes, ...)
T6D34 084:183.592    -- Read from C cache (8 bytes @ 0x200049D4)
T6D34 084:183.624   Data:  FF FF FF FF FF FF FF FF
T6D34 084:183.640 - 0.084ms returns 0
T6D34 084:183.808 JLINK_ReadMem(0x200049DC, 0x8 Bytes, ...)
T6D34 084:183.840    -- Read from C cache (8 bytes @ 0x200049DC)
T6D34 084:183.864   Data:  FF FF FF FF FF FF FF FF
T6D34 084:183.888 - 0.083ms returns 0
T6D34 084:184.080 JLINK_ReadMem(0x200049E4, 0x8 Bytes, ...)
T6D34 084:184.112    -- Read from C cache (8 bytes @ 0x200049E4)
T6D34 084:184.136   Data:  FF FF FF FF FF FF FF FF
T6D34 084:184.176 - 0.097ms returns 0
T6D34 084:184.392 JLINK_ReadMem(0x200049EC, 0x8 Bytes, ...)
T6D34 084:184.440    -- Read from C cache (8 bytes @ 0x200049EC)
T6D34 084:184.480   Data:  FF FF FF FF FF FF FF FF
T6D34 084:184.512 - 0.119ms returns 0
T6D34 084:184.712 JLINK_ReadMem(0x200049F4, 0x8 Bytes, ...)
T6D34 084:184.744    -- Read from C cache (8 bytes @ 0x200049F4)
T6D34 084:184.768   Data:  77 C2 95 F3 60 D2 EF 7F
T6D34 084:184.792 - 0.084ms returns 0
T6D34 084:184.944 JLINK_ReadMem(0x200049FC, 0x8 Bytes, ...)
T6D34 084:184.976    -- Read from C cache (8 bytes @ 0x200049FC)
T6D34 084:185.000   Data:  35 52 50 0F 2C B6 79 80
T6D34 084:185.024 - 0.077ms returns 0
T6D34 084:185.176 JLINK_ReadMem(0x20004A04, 0x8 Bytes, ...)
T6D34 084:185.200    -- Read from C cache (8 bytes @ 0x20004A04)
T6D34 084:185.232   Data:  00 00 00 00 E5 10 00 00
T6D34 084:185.256 - 0.077ms returns 0
T6D34 084:185.992 JLINK_ReadMem(0x200049C5, 0x8 Bytes, ...)
T6D34 084:186.064    -- Read from C cache (8 bytes @ 0x200049C5)
T6D34 084:186.096   Data:  FF FF FF FF FF FF FF FF
T6D34 084:186.120 - 0.125ms returns 0
T6D34 084:186.384 JLINK_ReadMem(0x200049CD, 0x8 Bytes, ...)
T6D34 084:186.440    -- Read from C cache (8 bytes @ 0x200049CD)
T6D34 084:186.464   Data:  FF FF FF FF FF FF FF FF
T6D34 084:186.488 - 0.102ms returns 0
T6D34 084:186.672 JLINK_ReadMem(0x200049D5, 0x8 Bytes, ...)
T6D34 084:186.704    -- Read from C cache (8 bytes @ 0x200049D5)
T6D34 084:186.728   Data:  FF FF FF FF FF FF FF FF
T6D34 084:186.752 - 0.077ms returns 0
T6D34 084:186.928 JLINK_ReadMem(0x200049DD, 0x8 Bytes, ...)
T6D34 084:186.952    -- Read from C cache (8 bytes @ 0x200049DD)
T6D34 084:186.976   Data:  FF FF FF FF FF FF FF FF
T6D34 084:187.000 - 0.076ms returns 0
T6D34 084:187.208 JLINK_ReadMem(0x200049E5, 0x8 Bytes, ...)
T6D34 084:187.232    -- Read from C cache (8 bytes @ 0x200049E5)
T6D34 084:187.264   Data:  FF FF FF FF FF FF FF FF
T6D34 084:187.288 - 0.080ms returns 0
T6D34 084:187.496 JLINK_ReadMem(0x200049ED, 0x8 Bytes, ...)
T6D34 084:187.520    -- Read from C cache (8 bytes @ 0x200049ED)
T6D34 084:187.552   Data:  FF FF FF FF FF FF FF 77
T6D34 084:187.576 - 0.087ms returns 0
T6D34 084:187.808 JLINK_ReadMem(0x200049F5, 0x8 Bytes, ...)
T6D34 084:187.848    -- Read from C cache (8 bytes @ 0x200049F5)
T6D34 084:187.872   Data:  C2 95 F3 60 D2 EF 7F 35
T6D34 084:187.896 - 0.090ms returns 0
T6D34 084:188.120 JLINK_ReadMem(0x200049FD, 0x8 Bytes, ...)
T6D34 084:188.144    -- Read from C cache (8 bytes @ 0x200049FD)
T6D34 084:188.176   Data:  52 50 0F 2C B6 79 80 00
T6D34 084:188.200 - 0.080ms returns 0
T6D34 084:189.152 JLINK_ReadMem(0x200049BD, 0x1 Bytes, ...)
T6D34 084:189.232    -- Read from C cache (1 bytes @ 0x200049BD)
T6D34 084:189.256   Data:  FF
T6D34 084:189.280 - 0.134ms returns 0
T6D34 084:190.160 JLINK_ReadMem(0x200049BE, 0x1 Bytes, ...)
T6D34 084:190.232    -- Read from C cache (1 bytes @ 0x200049BE)
T6D34 084:190.264   Data:  FF
T6D34 084:190.288 - 0.136ms returns 0
T6D34 084:191.160 JLINK_ReadMem(0x200049BF, 0x1 Bytes, ...)
T6D34 084:191.216    -- Read from C cache (1 bytes @ 0x200049BF)
T6D34 084:191.248   Data:  FF
T6D34 084:191.280 - 0.112ms returns 0
T6D34 084:194.272 JLINK_ReadMem(0x200049C0, 0x1 Bytes, ...)
T6D34 084:194.352    -- Read from C cache (1 bytes @ 0x200049C0)
T6D34 084:194.384   Data:  FF
T6D34 084:194.408 - 0.137ms returns 0
T6D34 084:195.416 JLINK_ReadMem(0x200049C1, 0x1 Bytes, ...)
T6D34 084:195.488    -- Read from C cache (1 bytes @ 0x200049C1)
T6D34 084:195.520   Data:  FF
T6D34 084:195.544 - 0.129ms returns 0
T6D34 084:196.208 JLINK_ReadMem(0x200049C2, 0x1 Bytes, ...)
T6D34 084:196.272    -- Read from C cache (1 bytes @ 0x200049C2)
T6D34 084:196.296   Data:  FF
T6D34 084:196.320 - 0.114ms returns 0
T6D34 084:196.968 JLINK_ReadMem(0x200049C3, 0x1 Bytes, ...)
T6D34 084:197.032    -- Read from C cache (1 bytes @ 0x200049C3)
T6D34 084:197.056   Data:  FF
T6D34 084:197.080 - 0.117ms returns 0
T6D34 084:197.704 JLINK_ReadMem(0x200049C4, 0x1 Bytes, ...)
T6D34 084:197.760    -- Read from C cache (1 bytes @ 0x200049C4)
T6D34 084:197.784   Data:  FF
T6D34 084:197.808 - 0.115ms returns 0
T6D34 084:198.384 JLINK_ReadMem(0x200049C5, 0x1 Bytes, ...)
T6D34 084:198.432    -- Read from C cache (1 bytes @ 0x200049C5)
T6D34 084:198.456   Data:  FF
T6D34 084:198.488 - 0.104ms returns 0
T6D58 084:217.152   JLINK_RTTERMINAL_Read(BufferIndex = 0, BufferSize = 0x00010000)
T6D58 084:217.232   - 0.080ms returns 0
T6D58 084:268.848   JLINK_RTTERMINAL_Read(BufferIndex = 0, BufferSize = 0x00010000)
T6D58 084:268.936   - 0.087ms returns 0
T6D58 084:320.520   JLINK_RTTERMINAL_Read(BufferIndex = 0, BufferSize = 0x00010000)
T6D58 084:320.696   - 0.186ms returns 0
T6D58 084:372.472   JLINK_RTTERMINAL_Read(BufferIndex = 0, BufferSize = 0x00010000)
T6D58 084:372.672   - 0.201ms returns 0
T6D34 084:409.936 JLINK_ReadMem(0x200049C6, 0x8 Bytes, ...)
T6D34 084:410.032    -- Read from C cache (8 bytes @ 0x200049C6)
T6D34 084:410.056   Data:  FF FF FF FF FF FF FF FF
T6D34 084:410.080 - 0.148ms returns 0
T6D34 084:410.376 JLINK_ReadMem(0x200049CE, 0x8 Bytes, ...)
T6D34 084:410.416    -- Read from C cache (8 bytes @ 0x200049CE)
T6D34 084:410.448   Data:  FF FF FF FF FF FF FF FF
T6D34 084:410.480 - 0.104ms returns 0
T6D34 084:410.728 JLINK_ReadMem(0x200049D6, 0x8 Bytes, ...)
T6D34 084:410.768    -- Read from C cache (8 bytes @ 0x200049D6)
T6D34 084:410.800   Data:  FF FF FF FF FF FF FF FF
T6D34 084:410.824 - 0.093ms returns 0
T6D34 084:411.112 JLINK_ReadMem(0x200049DE, 0x8 Bytes, ...)
T6D34 084:411.176    -- Read from C cache (8 bytes @ 0x200049DE)
T6D34 084:411.216   Data:  FF FF FF FF FF FF FF FF
T6D34 084:411.240 - 0.133ms returns 0
T6D34 084:411.584 JLINK_ReadMem(0x200049E6, 0x8 Bytes, ...)
T6D34 084:411.632    -- Read from C cache (8 bytes @ 0x200049E6)
T6D34 084:411.664   Data:  FF FF FF FF FF FF FF FF
T6D34 084:411.696 - 0.117ms returns 0
T6D34 084:412.112 JLINK_ReadMem(0x200049EE, 0x8 Bytes, ...)
T6D34 084:412.160    -- Read from C cache (8 bytes @ 0x200049EE)
T6D34 084:412.192   Data:  FF FF FF FF FF FF 77 C2
T6D34 084:412.216 - 0.107ms returns 0
T6D34 084:412.544 JLINK_ReadMem(0x200049F6, 0x8 Bytes, ...)
T6D34 084:412.600    -- Read from C cache (8 bytes @ 0x200049F6)
T6D34 084:412.632   Data:  95 F3 60 D2 EF 7F 35 52
T6D34 084:412.664 - 0.121ms returns 0
T6D34 084:413.056 JLINK_ReadMem(0x200049FE, 0x8 Bytes, ...)
T6D34 084:413.136    -- Read from C cache (8 bytes @ 0x200049FE)
T6D34 084:413.200   Data:  50 0F 2C B6 79 80 00 00
T6D34 084:413.248 - 0.188ms returns 0
T6D34 084:414.696 JLINK_ReadMem(0x200049C7, 0x8 Bytes, ...)
T6D34 084:414.808    -- Read from C cache (8 bytes @ 0x200049C7)
T6D34 084:414.832   Data:  FF FF FF FF FF FF FF FF
T6D34 084:414.872 - 0.180ms returns 0
T6D34 084:415.312 JLINK_ReadMem(0x200049CF, 0x8 Bytes, ...)
T6D34 084:415.352    -- Read from C cache (8 bytes @ 0x200049CF)
T6D34 084:415.384   Data:  FF FF FF FF FF FF FF FF
T6D34 084:415.408 - 0.097ms returns 0
T6D34 084:415.696 JLINK_ReadMem(0x200049D7, 0x8 Bytes, ...)
T6D34 084:415.744    -- Read from C cache (8 bytes @ 0x200049D7)
T6D34 084:415.768   Data:  FF FF FF FF FF FF FF FF
T6D34 084:415.800 - 0.100ms returns 0
T6D34 084:416.176 JLINK_ReadMem(0x200049DF, 0x8 Bytes, ...)
T6D34 084:416.216    -- Read from C cache (8 bytes @ 0x200049DF)
T6D34 084:416.248   Data:  FF FF FF FF FF FF FF FF
T6D34 084:416.272 - 0.100ms returns 0
T6D34 084:416.592 JLINK_ReadMem(0x200049E7, 0x8 Bytes, ...)
T6D34 084:416.640    -- Read from C cache (8 bytes @ 0x200049E7)
T6D34 084:416.664   Data:  FF FF FF FF FF FF FF FF
T6D34 084:416.688 - 0.099ms returns 0
T6D34 084:417.008 JLINK_ReadMem(0x200049EF, 0x8 Bytes, ...)
T6D34 084:417.048    -- Read from C cache (8 bytes @ 0x200049EF)
T6D34 084:417.072   Data:  FF FF FF FF FF 77 C2 95
T6D34 084:417.104 - 0.096ms returns 0
T6D34 084:417.416 JLINK_ReadMem(0x200049F7, 0x8 Bytes, ...)
T6D34 084:417.456    -- Read from C cache (8 bytes @ 0x200049F7)
T6D34 084:417.488   Data:  F3 60 D2 EF 7F 35 52 50
T6D34 084:417.520 - 0.106ms returns 0
T6D34 084:417.840 JLINK_ReadMem(0x200049FF, 0x8 Bytes, ...)
T6D34 084:417.880    -- Read from C cache (8 bytes @ 0x200049FF)
T6D34 084:417.904   Data:  0F 2C B6 79 80 00 00 00
T6D34 084:417.936 - 0.096ms returns 0
T6D34 084:420.728 JLINK_ReadMem(0x200049C8, 0x8 Bytes, ...)
T6D34 084:420.824    -- Read from C cache (8 bytes @ 0x200049C8)
T6D34 084:420.864   Data:  FF FF FF FF FF FF FF FF
T6D34 084:420.888 - 0.158ms returns 0
T6D34 084:421.240 JLINK_ReadMem(0x200049D0, 0x8 Bytes, ...)
T6D34 084:421.296    -- Read from C cache (8 bytes @ 0x200049D0)
T6D34 084:421.328   Data:  FF FF FF FF FF FF FF FF
T6D34 084:421.352 - 0.109ms returns 0
T6D34 084:421.784 JLINK_ReadMem(0x200049D8, 0x8 Bytes, ...)
T6D34 084:421.840    -- Read from C cache (8 bytes @ 0x200049D8)
T6D34 084:421.872   Data:  FF FF FF FF FF FF FF FF
T6D34 084:421.904 - 0.110ms returns 0
T6D34 084:422.176 JLINK_ReadMem(0x200049E0, 0x8 Bytes, ...)
T6D34 084:422.232    -- Read from C cache (8 bytes @ 0x200049E0)
T6D34 084:422.272   Data:  FF FF FF FF FF FF FF FF
T6D34 084:422.312 - 0.135ms returns 0
T6D34 084:422.544 JLINK_ReadMem(0x200049E8, 0x8 Bytes, ...)
T6D34 084:422.576    -- Read from C cache (8 bytes @ 0x200049E8)
T6D34 084:422.608   Data:  FF FF FF FF FF FF FF FF
T6D34 084:422.640 - 0.094ms returns 0
T6D34 084:423.024 JLINK_ReadMem(0x200049F0, 0x8 Bytes, ...)
T6D34 084:423.080    -- Read from C cache (8 bytes @ 0x200049F0)
T6D34 084:423.112   Data:  FF FF FF FF 77 C2 95 F3
T6D34 084:423.152 - 0.125ms returns 0
T6D34 084:423.416 JLINK_ReadMem(0x200049F8, 0x8 Bytes, ...)
T6D34 084:423.456    -- Read from C cache (8 bytes @ 0x200049F8)
T6D34 084:423.488   Data:  60 D2 EF 7F 35 52 50 0F
T6D34 084:423.512 - 0.097ms returns 0
T6D34 084:423.824 JLINK_ReadMem(0x20004A00, 0x8 Bytes, ...)
T6D34 084:423.856    -- Read from C cache (8 bytes @ 0x20004A00)
T6D34 084:423.888   Data:  2C B6 79 80 00 00 00 00
T6D34 084:423.912 - 0.091ms returns 0
T6D58 084:423.936   JLINK_RTTERMINAL_Read(BufferIndex = 0, BufferSize = 0x00010000)
T6D58 084:424.008   - 0.072ms returns 0
T6D34 084:424.968 JLINK_ReadMem(0x200049C6, 0x1 Bytes, ...)
T6D34 084:425.080    -- Read from C cache (1 bytes @ 0x200049C6)
T6D34 084:425.120   Data:  FF
T6D34 084:425.160 - 0.192ms returns 0
T6D34 084:426.152 JLINK_ReadMem(0x200049C7, 0x1 Bytes, ...)
T6D34 084:426.248    -- Read from C cache (1 bytes @ 0x200049C7)
T6D34 084:426.288   Data:  FF
T6D34 084:426.312 - 0.165ms returns 0
T6D34 084:427.192 JLINK_ReadMem(0x200049C8, 0x1 Bytes, ...)
T6D34 084:427.280    -- Read from C cache (1 bytes @ 0x200049C8)
T6D34 084:427.304   Data:  FF
T6D34 084:427.328 - 0.136ms returns 0
T6D34 084:457.384 JLINK_ReadMem(0x200049C9, 0x8 Bytes, ...)
T6D34 084:457.496    -- Read from C cache (8 bytes @ 0x200049C9)
T6D34 084:457.528   Data:  FF FF FF FF FF FF FF FF
T6D34 084:457.552 - 0.168ms returns 0
T6D34 084:458.208 JLINK_ReadMem(0x200049D1, 0x8 Bytes, ...)
T6D34 084:458.328    -- Read from C cache (8 bytes @ 0x200049D1)
T6D34 084:458.352   Data:  FF FF FF FF FF FF FF FF
T6D34 084:458.384 - 0.178ms returns 0
T6D34 084:458.752 JLINK_ReadMem(0x200049D9, 0x8 Bytes, ...)
T6D34 084:458.808    -- Read from C cache (8 bytes @ 0x200049D9)
T6D34 084:458.832   Data:  FF FF FF FF FF FF FF FF
T6D34 084:458.864 - 0.114ms returns 0
T6D34 084:459.256 JLINK_ReadMem(0x200049E1, 0x8 Bytes, ...)
T6D34 084:459.312    -- Read from C cache (8 bytes @ 0x200049E1)
T6D34 084:459.344   Data:  FF FF FF FF FF FF FF FF
T6D34 084:459.376 - 0.112ms returns 0
T6D34 084:459.632 JLINK_ReadMem(0x200049E9, 0x8 Bytes, ...)
T6D34 084:459.680    -- Read from C cache (8 bytes @ 0x200049E9)
T6D34 084:459.712   Data:  FF FF FF FF FF FF FF FF
T6D34 084:459.744 - 0.113ms returns 0
T6D34 084:460.136 JLINK_ReadMem(0x200049F1, 0x8 Bytes, ...)
T6D34 084:460.192    -- Read from C cache (8 bytes @ 0x200049F1)
T6D34 084:460.224   Data:  FF FF FF 77 C2 95 F3 60
T6D34 084:460.256 - 0.127ms returns 0
T6D34 084:460.592 JLINK_ReadMem(0x200049F9, 0x8 Bytes, ...)
T6D34 084:460.640    -- Read from C cache (8 bytes @ 0x200049F9)
T6D34 084:460.672   Data:  D2 EF 7F 35 52 50 0F 2C
T6D34 084:460.720 - 0.123ms returns 0
T6D34 084:461.072 JLINK_ReadMem(0x20004A01, 0x8 Bytes, ...)
T6D34 084:461.128    -- Read from C cache (8 bytes @ 0x20004A01)
T6D34 084:461.160   Data:  B6 79 80 00 00 00 00 E5
T6D34 084:461.184 - 0.117ms returns 0
T6D34 084:462.320 JLINK_ReadMem(0x200049CA, 0x8 Bytes, ...)
T6D34 084:462.384    -- Read from C cache (8 bytes @ 0x200049CA)
T6D34 084:462.408   Data:  FF FF FF FF FF FF FF FF
T6D34 084:462.432 - 0.115ms returns 0
T6D34 084:462.704 JLINK_ReadMem(0x200049D2, 0x8 Bytes, ...)
T6D34 084:462.744    -- Read from C cache (8 bytes @ 0x200049D2)
T6D34 084:462.776   Data:  FF FF FF FF FF FF FF FF
T6D34 084:462.800 - 0.095ms returns 0
T6D34 084:462.992 JLINK_ReadMem(0x200049DA, 0x8 Bytes, ...)
T6D34 084:463.040    -- Read from C cache (8 bytes @ 0x200049DA)
T6D34 084:463.072   Data:  FF FF FF FF FF FF FF FF
T6D34 084:463.096 - 0.100ms returns 0
T6D34 084:463.376 JLINK_ReadMem(0x200049E2, 0x8 Bytes, ...)
T6D34 084:463.440    -- Read from C cache (8 bytes @ 0x200049E2)
T6D34 084:463.464   Data:  FF FF FF FF FF FF FF FF
T6D34 084:463.488 - 0.119ms returns 0
T6D34 084:463.736 JLINK_ReadMem(0x200049EA, 0x8 Bytes, ...)
T6D34 084:463.768    -- Read from C cache (8 bytes @ 0x200049EA)
T6D34 084:463.800   Data:  FF FF FF FF FF FF FF FF
T6D34 084:463.824 - 0.089ms returns 0
T6D34 084:464.064 JLINK_ReadMem(0x200049F2, 0x8 Bytes, ...)
T6D34 084:464.088    -- Read from C cache (8 bytes @ 0x200049F2)
T6D34 084:464.120   Data:  FF FF 77 C2 95 F3 60 D2
T6D34 084:464.144 - 0.082ms returns 0
T6D34 084:464.376 JLINK_ReadMem(0x200049FA, 0x8 Bytes, ...)
T6D34 084:464.400    -- Read from C cache (8 bytes @ 0x200049FA)
T6D34 084:464.432   Data:  EF 7F 35 52 50 0F 2C B6
T6D34 084:464.456 - 0.080ms returns 0
T6D34 084:464.688 JLINK_ReadMem(0x20004A02, 0x8 Bytes, ...)
T6D34 084:464.712    -- Read from C cache (8 bytes @ 0x20004A02)
T6D34 084:464.736   Data:  79 80 00 00 00 00 E5 10
T6D34 084:464.760 - 0.082ms returns 0
T6D34 084:465.608 JLINK_ReadMem(0x200049CB, 0x8 Bytes, ...)
T6D34 084:465.656    -- Read from C cache (8 bytes @ 0x200049CB)
T6D34 084:465.680   Data:  FF FF FF FF FF FF FF FF
T6D34 084:465.720 - 0.115ms returns 0
T6D34 084:465.936 JLINK_ReadMem(0x200049D3, 0x8 Bytes, ...)
T6D34 084:465.968    -- Read from C cache (8 bytes @ 0x200049D3)
T6D34 084:465.992   Data:  FF FF FF FF FF FF FF FF
T6D34 084:466.016 - 0.079ms returns 0
T6D34 084:466.184 JLINK_ReadMem(0x200049DB, 0x8 Bytes, ...)
T6D34 084:466.208    -- Read from C cache (8 bytes @ 0x200049DB)
T6D34 084:466.232   Data:  FF FF FF FF FF FF FF FF
T6D34 084:466.256 - 0.076ms returns 0
T6D34 084:466.416 JLINK_ReadMem(0x200049E3, 0x8 Bytes, ...)
T6D34 084:466.432    -- Read from C cache (8 bytes @ 0x200049E3)
T6D34 084:466.456   Data:  FF FF FF FF FF FF FF FF
T6D34 084:466.480 - 0.075ms returns 0
T6D34 084:466.640 JLINK_ReadMem(0x200049EB, 0x8 Bytes, ...)
T6D34 084:466.656    -- Read from C cache (8 bytes @ 0x200049EB)
T6D34 084:466.688   Data:  FF FF FF FF FF FF FF FF
T6D34 084:466.712 - 0.078ms returns 0
T6D34 084:466.864 JLINK_ReadMem(0x200049F3, 0x8 Bytes, ...)
T6D34 084:466.896    -- Read from C cache (8 bytes @ 0x200049F3)
T6D34 084:466.928   Data:  FF 77 C2 95 F3 60 D2 EF
T6D34 084:466.952 - 0.080ms returns 0
T6D34 084:467.200 JLINK_ReadMem(0x200049FB, 0x8 Bytes, ...)
T6D34 084:467.240    -- Read from C cache (8 bytes @ 0x200049FB)
T6D34 084:467.264   Data:  7F 35 52 50 0F 2C B6 79
T6D34 084:467.288 - 0.090ms returns 0
T6D34 084:467.456 JLINK_ReadMem(0x20004A03, 0x8 Bytes, ...)
T6D34 084:467.480    -- Read from C cache (8 bytes @ 0x20004A03)
T6D34 084:467.504   Data:  80 00 00 00 00 E5 10 00
T6D34 084:467.536 - 0.076ms returns 0
T6D34 084:470.200 JLINK_ReadMem(0x200049CC, 0x8 Bytes, ...)
T6D34 084:470.288    -- Read from C cache (8 bytes @ 0x200049CC)
T6D34 084:470.312   Data:  FF FF FF FF FF FF FF FF
T6D34 084:470.336 - 0.138ms returns 0
T6D34 084:470.688 JLINK_ReadMem(0x200049D4, 0x8 Bytes, ...)
T6D34 084:470.760    -- Read from C cache (8 bytes @ 0x200049D4)
T6D34 084:470.800   Data:  FF FF FF FF FF FF FF FF
T6D34 084:470.832 - 0.140ms returns 0
T6D34 084:471.080 JLINK_ReadMem(0x200049DC, 0x8 Bytes, ...)
T6D34 084:471.128    -- Read from C cache (8 bytes @ 0x200049DC)
T6D34 084:471.152   Data:  FF FF FF FF FF FF FF FF
T6D34 084:471.184 - 0.104ms returns 0
T6D34 084:471.448 JLINK_ReadMem(0x200049E4, 0x8 Bytes, ...)
T6D34 084:471.504    -- Read from C cache (8 bytes @ 0x200049E4)
T6D34 084:471.536   Data:  FF FF FF FF FF FF FF FF
T6D34 084:471.560 - 0.107ms returns 0
T6D34 084:471.840 JLINK_ReadMem(0x200049EC, 0x8 Bytes, ...)
T6D34 084:471.880    -- Read from C cache (8 bytes @ 0x200049EC)
T6D34 084:471.912   Data:  FF FF FF FF FF FF FF FF
T6D34 084:471.944 - 0.101ms returns 0
T6D34 084:472.176 JLINK_ReadMem(0x200049F4, 0x8 Bytes, ...)
T6D34 084:472.208    -- Read from C cache (8 bytes @ 0x200049F4)
T6D34 084:472.232   Data:  77 C2 95 F3 60 D2 EF 7F
T6D34 084:472.256 - 0.083ms returns 0
T6D34 084:472.528 JLINK_ReadMem(0x200049FC, 0x8 Bytes, ...)
T6D34 084:472.568    -- Read from C cache (8 bytes @ 0x200049FC)
T6D34 084:472.600   Data:  35 52 50 0F 2C B6 79 80
T6D34 084:472.624 - 0.091ms returns 0
T6D34 084:472.896 JLINK_ReadMem(0x20004A04, 0x8 Bytes, ...)
T6D34 084:472.944    -- Read from C cache (8 bytes @ 0x20004A04)
T6D34 084:472.976   Data:  00 00 00 00 E5 10 00 00
T6D34 084:473.008 - 0.113ms returns 0
T6D34 084:474.064 JLINK_ReadMem(0x200049CD, 0x8 Bytes, ...)
T6D34 084:474.144    -- Read from C cache (8 bytes @ 0x200049CD)
T6D34 084:474.168   Data:  FF FF FF FF FF FF FF FF
T6D34 084:474.192 - 0.136ms returns 0
T6D58 084:474.312   JLINK_RTTERMINAL_Read(BufferIndex = 0, BufferSize = 0x00010000)
T6D58 084:474.368   - 0.053ms returns 0
T6D34 084:474.464 JLINK_ReadMem(0x200049D5, 0x8 Bytes, ...)
T6D34 084:474.504    -- Read from C cache (8 bytes @ 0x200049D5)
T6D34 084:474.536   Data:  FF FF FF FF FF FF FF FF
T6D34 084:474.560 - 0.092ms returns 0
T6D34 084:474.752 JLINK_ReadMem(0x200049DD, 0x8 Bytes, ...)
T6D34 084:474.784    -- Read from C cache (8 bytes @ 0x200049DD)
T6D34 084:474.808   Data:  FF FF FF FF FF FF FF FF
T6D34 084:474.832 - 0.083ms returns 0
T6D34 084:475.024 JLINK_ReadMem(0x200049E5, 0x8 Bytes, ...)
T6D34 084:475.056    -- Read from C cache (8 bytes @ 0x200049E5)
T6D34 084:475.088   Data:  FF FF FF FF FF FF FF FF
T6D34 084:475.152 - 0.128ms returns 0
T6D34 084:475.376 JLINK_ReadMem(0x200049ED, 0x8 Bytes, ...)
T6D34 084:475.416    -- Read from C cache (8 bytes @ 0x200049ED)
T6D34 084:475.448   Data:  FF FF FF FF FF FF FF 77
T6D34 084:475.472 - 0.091ms returns 0
T6D34 084:475.656 JLINK_ReadMem(0x200049F5, 0x8 Bytes, ...)
T6D34 084:475.688    -- Read from C cache (8 bytes @ 0x200049F5)
T6D34 084:475.712   Data:  C2 95 F3 60 D2 EF 7F 35
T6D34 084:475.736 - 0.085ms returns 0
T6D34 084:475.912 JLINK_ReadMem(0x200049FD, 0x8 Bytes, ...)
T6D34 084:475.944    -- Read from C cache (8 bytes @ 0x200049FD)
T6D34 084:475.968   Data:  52 50 0F 2C B6 79 80 00
T6D34 084:475.992 - 0.081ms returns 0
T6D34 084:477.008 JLINK_ReadMem(0x200049CE, 0x8 Bytes, ...)
T6D34 084:477.072    -- Read from C cache (8 bytes @ 0x200049CE)
T6D34 084:477.096   Data:  FF FF FF FF FF FF FF FF
T6D34 084:477.120 - 0.119ms returns 0
T6D34 084:477.296 JLINK_ReadMem(0x200049D6, 0x8 Bytes, ...)
T6D34 084:477.328    -- Read from C cache (8 bytes @ 0x200049D6)
T6D34 084:477.360   Data:  FF FF FF FF FF FF FF FF
T6D34 084:477.384 - 0.079ms returns 0
T6D34 084:477.536 JLINK_ReadMem(0x200049DE, 0x8 Bytes, ...)
T6D34 084:477.560    -- Read from C cache (8 bytes @ 0x200049DE)
T6D34 084:477.584   Data:  FF FF FF FF FF FF FF FF
T6D34 084:477.616 - 0.075ms returns 0
T6D34 084:477.760 JLINK_ReadMem(0x200049E6, 0x8 Bytes, ...)
T6D34 084:477.784    -- Read from C cache (8 bytes @ 0x200049E6)
T6D34 084:477.808   Data:  FF FF FF FF FF FF FF FF
T6D34 084:477.840 - 0.075ms returns 0
T6D34 084:478.000 JLINK_ReadMem(0x200049EE, 0x8 Bytes, ...)
T6D34 084:478.024    -- Read from C cache (8 bytes @ 0x200049EE)
T6D34 084:478.144   Data:  FF FF FF FF FF FF 77 C2
T6D34 084:478.168 - 0.176ms returns 0
T6D34 084:478.352 JLINK_ReadMem(0x200049F6, 0x8 Bytes, ...)
T6D34 084:478.384    -- Read from C cache (8 bytes @ 0x200049F6)
T6D34 084:478.408   Data:  95 F3 60 D2 EF 7F 35 52
T6D34 084:478.432 - 0.079ms returns 0
T6D34 084:478.584 JLINK_ReadMem(0x200049FE, 0x8 Bytes, ...)
T6D34 084:478.608    -- Read from C cache (8 bytes @ 0x200049FE)
T6D34 084:478.632   Data:  50 0F 2C B6 79 80 00 00
T6D34 084:478.656 - 0.075ms returns 0
T6D34 084:479.312 JLINK_ReadMem(0x200049CF, 0x8 Bytes, ...)
T6D34 084:479.376    -- Read from C cache (8 bytes @ 0x200049CF)
T6D34 084:479.408   Data:  FF FF FF FF FF FF FF FF
T6D34 084:479.432 - 0.124ms returns 0
T6D34 084:479.616 JLINK_ReadMem(0x200049D7, 0x8 Bytes, ...)
T6D34 084:479.656    -- Read from C cache (8 bytes @ 0x200049D7)
T6D34 084:479.680   Data:  FF FF FF FF FF FF FF FF
T6D34 084:479.704 - 0.085ms returns 0
T6D34 084:479.872 JLINK_ReadMem(0x200049DF, 0x8 Bytes, ...)
T6D34 084:479.896    -- Read from C cache (8 bytes @ 0x200049DF)
T6D34 084:479.920   Data:  FF FF FF FF FF FF FF FF
T6D34 084:479.952 - 0.082ms returns 0
T6D34 084:480.112 JLINK_ReadMem(0x200049E7, 0x8 Bytes, ...)
T6D34 084:480.144    -- Read from C cache (8 bytes @ 0x200049E7)
T6D34 084:480.176   Data:  FF FF FF FF FF FF FF FF
T6D34 084:480.200 - 0.082ms returns 0
T6D34 084:480.400 JLINK_ReadMem(0x200049EF, 0x8 Bytes, ...)
T6D34 084:480.432    -- Read from C cache (8 bytes @ 0x200049EF)
T6D34 084:480.464   Data:  FF FF FF FF FF 77 C2 95
T6D34 084:480.488 - 0.084ms returns 0
T6D34 084:480.664 JLINK_ReadMem(0x200049F7, 0x8 Bytes, ...)
T6D34 084:480.696    -- Read from C cache (8 bytes @ 0x200049F7)
T6D34 084:480.728   Data:  F3 60 D2 EF 7F 35 52 50
T6D34 084:480.768 - 0.103ms returns 0
T6D34 084:483.504 JLINK_ReadMem(0x200049FF, 0x8 Bytes, ...)
T6D34 084:483.576    -- Read from C cache (8 bytes @ 0x200049FF)
T6D34 084:483.608   Data:  0F 2C B6 79 80 00 00 00
T6D34 084:483.632 - 0.127ms returns 0
T6D34 084:484.608 JLINK_ReadMem(0x200049D0, 0x8 Bytes, ...)
T6D34 084:484.672    -- Read from C cache (8 bytes @ 0x200049D0)
T6D34 084:484.696   Data:  FF FF FF FF FF FF FF FF
T6D34 084:484.720 - 0.115ms returns 0
T6D34 084:484.928 JLINK_ReadMem(0x200049D8, 0x8 Bytes, ...)
T6D34 084:484.952    -- Read from C cache (8 bytes @ 0x200049D8)
T6D34 084:484.976   Data:  FF FF FF FF FF FF FF FF
T6D34 084:485.008 - 0.079ms returns 0
T6D34 084:485.168 JLINK_ReadMem(0x200049E0, 0x8 Bytes, ...)
T6D34 084:485.192    -- Read from C cache (8 bytes @ 0x200049E0)
T6D34 084:485.216   Data:  FF FF FF FF FF FF FF FF
T6D34 084:485.240 - 0.077ms returns 0
T6D34 084:485.392 JLINK_ReadMem(0x200049E8, 0x8 Bytes, ...)
T6D34 084:485.416    -- Read from C cache (8 bytes @ 0x200049E8)
T6D34 084:485.440   Data:  FF FF FF FF FF FF FF FF
T6D34 084:485.464 - 0.075ms returns 0
T6D34 084:485.616 JLINK_ReadMem(0x200049F0, 0x8 Bytes, ...)
T6D34 084:485.648    -- Read from C cache (8 bytes @ 0x200049F0)
T6D34 084:485.672   Data:  FF FF FF FF 77 C2 95 F3
T6D34 084:485.696 - 0.075ms returns 0
T6D34 084:485.896 JLINK_ReadMem(0x200049F8, 0x8 Bytes, ...)
T6D34 084:485.936    -- Read from C cache (8 bytes @ 0x200049F8)
T6D34 084:485.968   Data:  60 D2 EF 7F 35 52 50 0F
T6D34 084:486.000 - 0.103ms returns 0
T6D34 084:486.200 JLINK_ReadMem(0x20004A00, 0x8 Bytes, ...)
T6D34 084:486.232    -- Read from C cache (8 bytes @ 0x20004A00)
T6D34 084:486.256   Data:  2C B6 79 80 00 00 00 00
T6D34 084:486.288 - 0.084ms returns 0
T6D34 084:487.008 JLINK_ReadMem(0x200049D1, 0x8 Bytes, ...)
T6D34 084:487.080    -- Read from C cache (8 bytes @ 0x200049D1)
T6D34 084:487.104   Data:  FF FF FF FF FF FF FF FF
T6D34 084:487.128 - 0.124ms returns 0
T6D34 084:487.352 JLINK_ReadMem(0x200049D9, 0x8 Bytes, ...)
T6D34 084:487.392    -- Read from C cache (8 bytes @ 0x200049D9)
T6D34 084:487.416   Data:  FF FF FF FF FF FF FF FF
T6D34 084:487.440 - 0.089ms returns 0
T6D34 084:487.616 JLINK_ReadMem(0x200049E1, 0x8 Bytes, ...)
T6D34 084:487.648    -- Read from C cache (8 bytes @ 0x200049E1)
T6D34 084:487.672   Data:  FF FF FF FF FF FF FF FF
T6D34 084:487.696 - 0.088ms returns 0
T6D34 084:487.872 JLINK_ReadMem(0x200049E9, 0x8 Bytes, ...)
T6D34 084:487.896    -- Read from C cache (8 bytes @ 0x200049E9)
T6D34 084:487.928   Data:  FF FF FF FF FF FF FF FF
T6D34 084:487.952 - 0.083ms returns 0
T6D34 084:488.112 JLINK_ReadMem(0x200049F1, 0x8 Bytes, ...)
T6D34 084:488.144    -- Read from C cache (8 bytes @ 0x200049F1)
T6D34 084:488.176   Data:  FF FF FF 77 C2 95 F3 60
T6D34 084:488.200 - 0.081ms returns 0
T6D34 084:488.368 JLINK_ReadMem(0x200049F9, 0x8 Bytes, ...)
T6D34 084:488.400    -- Read from C cache (8 bytes @ 0x200049F9)
T6D34 084:488.424   Data:  D2 EF 7F 35 52 50 0F 2C
T6D34 084:488.448 - 0.085ms returns 0
T6D34 084:488.712 JLINK_ReadMem(0x20004A01, 0x8 Bytes, ...)
T6D34 084:488.760    -- Read from C cache (8 bytes @ 0x20004A01)
T6D34 084:488.784   Data:  B6 79 80 00 00 00 00 E5
T6D34 084:488.816 - 0.102ms returns 0
T6D34 084:489.616 JLINK_ReadMem(0x200049D2, 0x8 Bytes, ...)
T6D34 084:489.688    -- Read from C cache (8 bytes @ 0x200049D2)
T6D34 084:489.728   Data:  FF FF FF FF FF FF FF FF
T6D34 084:489.760 - 0.149ms returns 0
T6D34 084:490.008 JLINK_ReadMem(0x200049DA, 0x8 Bytes, ...)
T6D34 084:490.056    -- Read from C cache (8 bytes @ 0x200049DA)
T6D34 084:490.080   Data:  FF FF FF FF FF FF FF FF
T6D34 084:490.104 - 0.099ms returns 0
T6D34 084:490.296 JLINK_ReadMem(0x200049E2, 0x8 Bytes, ...)
T6D34 084:490.320    -- Read from C cache (8 bytes @ 0x200049E2)
T6D34 084:490.352   Data:  FF FF FF FF FF FF FF FF
T6D34 084:490.384 - 0.083ms returns 0
T6D34 084:490.552 JLINK_ReadMem(0x200049EA, 0x8 Bytes, ...)
T6D34 084:490.576    -- Read from C cache (8 bytes @ 0x200049EA)
T6D34 084:490.608   Data:  FF FF FF FF FF FF FF FF
T6D34 084:490.640 - 0.079ms returns 0
T6D34 084:490.872 JLINK_ReadMem(0x200049F2, 0x8 Bytes, ...)
T6D34 084:490.928    -- Read from C cache (8 bytes @ 0x200049F2)
T6D34 084:490.952   Data:  FF FF 77 C2 95 F3 60 D2
T6D34 084:490.976 - 0.101ms returns 0
T6D34 084:491.264 JLINK_ReadMem(0x200049FA, 0x8 Bytes, ...)
T6D34 084:491.320    -- Read from C cache (8 bytes @ 0x200049FA)
T6D34 084:491.344   Data:  EF 7F 35 52 50 0F 2C B6
T6D34 084:491.376 - 0.109ms returns 0
T6D34 084:491.568 JLINK_ReadMem(0x20004A02, 0x8 Bytes, ...)
T6D34 084:491.592    -- Read from C cache (8 bytes @ 0x20004A02)
T6D34 084:491.616   Data:  79 80 00 00 00 00 E5 10
T6D34 084:491.640 - 0.076ms returns 0
T6D34 084:492.528 JLINK_ReadMem(0x200049D3, 0x8 Bytes, ...)
T6D34 084:492.584    -- Read from C cache (8 bytes @ 0x200049D3)
T6D34 084:492.616   Data:  FF FF FF FF FF FF FF FF
T6D34 084:492.640 - 0.116ms returns 0
T6D34 084:492.872 JLINK_ReadMem(0x200049DB, 0x8 Bytes, ...)
T6D34 084:492.920    -- Read from C cache (8 bytes @ 0x200049DB)
T6D34 084:492.944   Data:  FF FF FF FF FF FF FF FF
T6D34 084:492.976 - 0.103ms returns 0
T6D34 084:495.360 JLINK_ReadMem(0x200049E3, 0x8 Bytes, ...)
T6D34 084:495.416    -- Read from C cache (8 bytes @ 0x200049E3)
T6D34 084:495.448   Data:  FF FF FF FF FF FF FF FF
T6D34 084:495.472 - 0.115ms returns 0
T6D34 084:495.800 JLINK_ReadMem(0x200049EB, 0x8 Bytes, ...)
T6D34 084:495.840    -- Read from C cache (8 bytes @ 0x200049EB)
T6D34 084:495.872   Data:  FF FF FF FF FF FF FF FF
T6D34 084:495.904 - 0.105ms returns 0
T6D34 084:496.080 JLINK_ReadMem(0x200049F3, 0x8 Bytes, ...)
T6D34 084:496.112    -- Read from C cache (8 bytes @ 0x200049F3)
T6D34 084:496.144   Data:  FF 77 C2 95 F3 60 D2 EF
T6D34 084:496.168 - 0.083ms returns 0
T6D34 084:496.336 JLINK_ReadMem(0x200049FB, 0x8 Bytes, ...)
T6D34 084:496.368    -- Read from C cache (8 bytes @ 0x200049FB)
T6D34 084:496.392   Data:  7F 35 52 50 0F 2C B6 79
T6D34 084:496.416 - 0.083ms returns 0
T6D34 084:496.584 JLINK_ReadMem(0x20004A03, 0x8 Bytes, ...)
T6D34 084:496.608    -- Read from C cache (8 bytes @ 0x20004A03)
T6D34 084:496.640   Data:  80 00 00 00 00 E5 10 00
T6D34 084:496.664 - 0.085ms returns 0
T6D34 084:497.480 JLINK_ReadMem(0x200049D4, 0x8 Bytes, ...)
T6D34 084:497.544    -- Read from C cache (8 bytes @ 0x200049D4)
T6D34 084:497.568   Data:  FF FF FF FF FF FF FF FF
T6D34 084:497.592 - 0.117ms returns 0
T6D34 084:497.808 JLINK_ReadMem(0x200049DC, 0x8 Bytes, ...)
T6D34 084:497.856    -- Read from C cache (8 bytes @ 0x200049DC)
T6D34 084:497.880   Data:  FF FF FF FF FF FF FF FF
T6D34 084:497.904 - 0.094ms returns 0
T6D34 084:498.080 JLINK_ReadMem(0x200049E4, 0x8 Bytes, ...)
T6D34 084:498.112    -- Read from C cache (8 bytes @ 0x200049E4)
T6D34 084:498.136   Data:  FF FF FF FF FF FF FF FF
T6D34 084:498.160 - 0.084ms returns 0
T6D34 084:498.336 JLINK_ReadMem(0x200049EC, 0x8 Bytes, ...)
T6D34 084:498.368    -- Read from C cache (8 bytes @ 0x200049EC)
T6D34 084:498.392   Data:  FF FF FF FF FF FF FF FF
T6D34 084:498.416 - 0.083ms returns 0
T6D34 084:498.584 JLINK_ReadMem(0x200049F4, 0x8 Bytes, ...)
T6D34 084:498.616    -- Read from C cache (8 bytes @ 0x200049F4)
T6D34 084:498.640   Data:  77 C2 95 F3 60 D2 EF 7F
T6D34 084:498.672 - 0.086ms returns 0
T6D34 084:498.848 JLINK_ReadMem(0x200049FC, 0x8 Bytes, ...)
T6D34 084:498.880    -- Read from C cache (8 bytes @ 0x200049FC)
T6D34 084:498.904   Data:  35 52 50 0F 2C B6 79 80
T6D34 084:498.928 - 0.085ms returns 0
T6D34 084:499.136 JLINK_ReadMem(0x20004A04, 0x8 Bytes, ...)
T6D34 084:499.168    -- Read from C cache (8 bytes @ 0x20004A04)
T6D34 084:499.192   Data:  00 00 00 00 E5 10 00 00
T6D34 084:499.216 - 0.083ms returns 0
T6D34 084:499.968 JLINK_ReadMem(0x200049D5, 0x8 Bytes, ...)
T6D34 084:500.032    -- Read from C cache (8 bytes @ 0x200049D5)
T6D34 084:500.064   Data:  FF FF FF FF FF FF FF FF
T6D34 084:500.088 - 0.117ms returns 0
T6D34 084:500.320 JLINK_ReadMem(0x200049DD, 0x8 Bytes, ...)
T6D34 084:500.368    -- Read from C cache (8 bytes @ 0x200049DD)
T6D34 084:500.400   Data:  FF FF FF FF FF FF FF FF
T6D34 084:500.424 - 0.100ms returns 0
T6D34 084:500.624 JLINK_ReadMem(0x200049E5, 0x8 Bytes, ...)
T6D34 084:500.664    -- Read from C cache (8 bytes @ 0x200049E5)
T6D34 084:500.688   Data:  FF FF FF FF FF FF FF FF
T6D34 084:500.720 - 0.089ms returns 0
T6D34 084:500.928 JLINK_ReadMem(0x200049ED, 0x8 Bytes, ...)
T6D34 084:500.968    -- Read from C cache (8 bytes @ 0x200049ED)
T6D34 084:500.992   Data:  FF FF FF FF FF FF FF 77
T6D34 084:501.016 - 0.092ms returns 0
T6D34 084:501.232 JLINK_ReadMem(0x200049F5, 0x8 Bytes, ...)
T6D34 084:501.264    -- Read from C cache (8 bytes @ 0x200049F5)
T6D34 084:501.296   Data:  C2 95 F3 60 D2 EF 7F 35
T6D34 084:501.320 - 0.090ms returns 0
T6D34 084:501.528 JLINK_ReadMem(0x200049FD, 0x8 Bytes, ...)
T6D34 084:501.560    -- Read from C cache (8 bytes @ 0x200049FD)
T6D34 084:501.592   Data:  52 50 0F 2C B6 79 80 00
T6D34 084:501.616 - 0.089ms returns 0
T6D34 084:502.592 JLINK_ReadMem(0x200049D6, 0x8 Bytes, ...)
T6D34 084:502.672    -- Read from C cache (8 bytes @ 0x200049D6)
T6D34 084:502.712   Data:  FF FF FF FF FF FF FF FF
T6D34 084:502.744 - 0.154ms returns 0
T6D34 084:503.080 JLINK_ReadMem(0x200049DE, 0x8 Bytes, ...)
T6D34 084:503.152    -- Read from C cache (8 bytes @ 0x200049DE)
T6D34 084:503.184   Data:  FF FF FF FF FF FF FF FF
T6D34 084:503.216 - 0.138ms returns 0
T6D34 084:503.440 JLINK_ReadMem(0x200049E6, 0x8 Bytes, ...)
T6D34 084:503.488    -- Read from C cache (8 bytes @ 0x200049E6)
T6D34 084:503.512   Data:  FF FF FF FF FF FF FF FF
T6D34 084:503.536 - 0.094ms returns 0
T6D34 084:503.760 JLINK_ReadMem(0x200049EE, 0x8 Bytes, ...)
T6D34 084:503.792    -- Read from C cache (8 bytes @ 0x200049EE)
T6D34 084:503.824   Data:  FF FF FF FF FF FF 77 C2
T6D34 084:503.848 - 0.093ms returns 0
T6D34 084:504.056 JLINK_ReadMem(0x200049F6, 0x8 Bytes, ...)
T6D34 084:504.088    -- Read from C cache (8 bytes @ 0x200049F6)
T6D34 084:504.112   Data:  95 F3 60 D2 EF 7F 35 52
T6D34 084:504.144 - 0.084ms returns 0
T6D34 084:504.312 JLINK_ReadMem(0x200049FE, 0x8 Bytes, ...)
T6D34 084:504.344    -- Read from C cache (8 bytes @ 0x200049FE)
T6D34 084:504.368   Data:  50 0F 2C B6 79 80 00 00
T6D34 084:504.416 - 0.100ms returns 0
T6D34 084:505.256 JLINK_ReadMem(0x200049D7, 0x8 Bytes, ...)
T6D34 084:505.328    -- Read from C cache (8 bytes @ 0x200049D7)
T6D34 084:505.352   Data:  FF FF FF FF FF FF FF FF
T6D34 084:505.376 - 0.123ms returns 0
T6D34 084:508.200 JLINK_ReadMem(0x200049DF, 0x8 Bytes, ...)
T6D34 084:508.280    -- Read from C cache (8 bytes @ 0x200049DF)
T6D34 084:508.312   Data:  FF FF FF FF FF FF FF FF
T6D34 084:508.336 - 0.141ms returns 0
T6D34 084:508.680 JLINK_ReadMem(0x200049E7, 0x8 Bytes, ...)
T6D34 084:508.720    -- Read from C cache (8 bytes @ 0x200049E7)
T6D34 084:508.752   Data:  FF FF FF FF FF FF FF FF
T6D34 084:508.784 - 0.098ms returns 0
T6D34 084:509.032 JLINK_ReadMem(0x200049EF, 0x8 Bytes, ...)
T6D34 084:509.048    -- Read from C cache (8 bytes @ 0x200049EF)
T6D34 084:509.080   Data:  FF FF FF FF FF 77 C2 95
T6D34 084:509.104 - 0.074ms returns 0
T6D34 084:509.328 JLINK_ReadMem(0x200049F7, 0x8 Bytes, ...)
T6D34 084:509.360    -- Read from C cache (8 bytes @ 0x200049F7)
T6D34 084:509.384   Data:  F3 60 D2 EF 7F 35 52 50
T6D34 084:509.408 - 0.074ms returns 0
T6D34 084:509.624 JLINK_ReadMem(0x200049FF, 0x8 Bytes, ...)
T6D34 084:509.648    -- Read from C cache (8 bytes @ 0x200049FF)
T6D34 084:509.672   Data:  0F 2C B6 79 80 00 00 00
T6D34 084:509.696 - 0.075ms returns 0
T6D34 084:510.504 JLINK_ReadMem(0x200049D8, 0x8 Bytes, ...)
T6D34 084:510.560    -- Read from C cache (8 bytes @ 0x200049D8)
T6D34 084:510.584   Data:  FF FF FF FF FF FF FF FF
T6D34 084:510.616 - 0.117ms returns 0
T6D34 084:510.896 JLINK_ReadMem(0x200049E0, 0x8 Bytes, ...)
T6D34 084:510.952    -- Read from C cache (8 bytes @ 0x200049E0)
T6D34 084:510.976   Data:  FF FF FF FF FF FF FF FF
T6D34 084:511.008 - 0.117ms returns 0
T6D34 084:511.248 JLINK_ReadMem(0x200049E8, 0x8 Bytes, ...)
T6D34 084:511.280    -- Read from C cache (8 bytes @ 0x200049E8)
T6D34 084:511.304   Data:  FF FF FF FF FF FF FF FF
T6D34 084:511.328 - 0.078ms returns 0
T6D34 084:511.488 JLINK_ReadMem(0x200049F0, 0x8 Bytes, ...)
T6D34 084:511.504    -- Read from C cache (8 bytes @ 0x200049F0)
T6D34 084:511.536   Data:  FF FF FF FF 77 C2 95 F3
T6D34 084:511.568 - 0.076ms returns 0
T6D34 084:511.712 JLINK_ReadMem(0x200049F8, 0x8 Bytes, ...)
T6D34 084:511.736    -- Read from C cache (8 bytes @ 0x200049F8)
T6D34 084:511.768   Data:  60 D2 EF 7F 35 52 50 0F
T6D34 084:511.792 - 0.080ms returns 0
T6D34 084:512.008 JLINK_ReadMem(0x20004A00, 0x8 Bytes, ...)
T6D34 084:512.048    -- Read from C cache (8 bytes @ 0x20004A00)
T6D34 084:512.072   Data:  2C B6 79 80 00 00 00 00
T6D34 084:512.096 - 0.094ms returns 0
T6D34 084:512.928 JLINK_ReadMem(0x200049D9, 0x8 Bytes, ...)
T6D34 084:513.008    -- Read from C cache (8 bytes @ 0x200049D9)
T6D34 084:513.048   Data:  FF FF FF FF FF FF FF FF
T6D34 084:513.088 - 0.163ms returns 0
T6D34 084:513.312 JLINK_ReadMem(0x200049E1, 0x8 Bytes, ...)
T6D34 084:513.352    -- Read from C cache (8 bytes @ 0x200049E1)
T6D34 084:513.376   Data:  FF FF FF FF FF FF FF FF
T6D34 084:513.400 - 0.090ms returns 0
T6D34 084:513.584 JLINK_ReadMem(0x200049E9, 0x8 Bytes, ...)
T6D34 084:513.616    -- Read from C cache (8 bytes @ 0x200049E9)
T6D34 084:513.640   Data:  FF FF FF FF FF FF FF FF
T6D34 084:513.664 - 0.080ms returns 0
T6D34 084:513.808 JLINK_ReadMem(0x200049F1, 0x8 Bytes, ...)
T6D34 084:513.840    -- Read from C cache (8 bytes @ 0x200049F1)
T6D34 084:513.864   Data:  FF FF FF 77 C2 95 F3 60
T6D34 084:513.888 - 0.076ms returns 0
T6D34 084:514.040 JLINK_ReadMem(0x200049F9, 0x8 Bytes, ...)
T6D34 084:514.064    -- Read from C cache (8 bytes @ 0x200049F9)
T6D34 084:514.096   Data:  D2 EF 7F 35 52 50 0F 2C
T6D34 084:514.120 - 0.077ms returns 0
T6D34 084:514.272 JLINK_ReadMem(0x20004A01, 0x8 Bytes, ...)
T6D34 084:514.288    -- Read from C cache (8 bytes @ 0x20004A01)
T6D34 084:514.320   Data:  B6 79 80 00 00 00 00 E5
T6D34 084:514.344 - 0.075ms returns 0
T6D34 084:514.952 JLINK_ReadMem(0x200049DA, 0x8 Bytes, ...)
T6D34 084:515.008    -- Read from C cache (8 bytes @ 0x200049DA)
T6D34 084:515.040   Data:  FF FF FF FF FF FF FF FF
T6D34 084:515.072 - 0.118ms returns 0
T6D34 084:515.344 JLINK_ReadMem(0x200049E2, 0x8 Bytes, ...)
T6D34 084:515.400    -- Read from C cache (8 bytes @ 0x200049E2)
T6D34 084:515.432   Data:  FF FF FF FF FF FF FF FF
T6D34 084:515.456 - 0.114ms returns 0
T6D34 084:515.744 JLINK_ReadMem(0x200049EA, 0x8 Bytes, ...)
T6D34 084:515.792    -- Read from C cache (8 bytes @ 0x200049EA)
T6D34 084:515.824   Data:  FF FF FF FF FF FF FF FF
T6D34 084:515.856 - 0.116ms returns 0
T6D34 084:516.144 JLINK_ReadMem(0x200049F2, 0x8 Bytes, ...)
T6D34 084:516.192    -- Read from C cache (8 bytes @ 0x200049F2)
T6D34 084:516.216   Data:  FF FF 77 C2 95 F3 60 D2
T6D34 084:516.248 - 0.107ms returns 0
T6D34 084:516.440 JLINK_ReadMem(0x200049FA, 0x8 Bytes, ...)
T6D34 084:516.472    -- Read from C cache (8 bytes @ 0x200049FA)
T6D34 084:516.496   Data:  EF 7F 35 52 50 0F 2C B6
T6D34 084:516.528 - 0.085ms returns 0
T6D34 084:516.688 JLINK_ReadMem(0x20004A02, 0x8 Bytes, ...)
T6D34 084:516.720    -- Read from C cache (8 bytes @ 0x20004A02)
T6D34 084:516.752   Data:  79 80 00 00 00 00 E5 10
T6D34 084:516.776 - 0.082ms returns 0
T6D34 084:517.608 JLINK_ReadMem(0x200049C9, 0x1 Bytes, ...)
T6D34 084:517.696    -- Read from C cache (1 bytes @ 0x200049C9)
T6D34 084:517.728   Data:  FF
T6D34 084:517.768 - 0.163ms returns 0
T6D34 084:521.160 JLINK_ReadMem(0x200049CA, 0x1 Bytes, ...)
T6D34 084:521.240    -- Read from C cache (1 bytes @ 0x200049CA)
T6D34 084:521.264   Data:  FF
T6D34 084:521.296 - 0.137ms returns 0
T6D34 084:522.336 JLINK_ReadMem(0x200049CB, 0x1 Bytes, ...)
T6D34 084:522.416    -- Read from C cache (1 bytes @ 0x200049CB)
T6D34 084:522.448   Data:  FF
T6D34 084:522.472 - 0.134ms returns 0
T6D34 084:523.312 JLINK_ReadMem(0x200049CC, 0x1 Bytes, ...)
T6D34 084:523.392    -- Read from C cache (1 bytes @ 0x200049CC)
T6D34 084:523.416   Data:  FF
T6D34 084:523.440 - 0.133ms returns 0
T6D34 084:524.368 JLINK_ReadMem(0x200049CD, 0x1 Bytes, ...)
T6D34 084:524.464    -- Read from C cache (1 bytes @ 0x200049CD)
T6D34 084:524.496   Data:  FF
T6D34 084:524.520 - 0.150ms returns 0
T6D58 084:524.832   JLINK_RTTERMINAL_Read(BufferIndex = 0, BufferSize = 0x00010000)
T6D58 084:524.896   - 0.067ms returns 0
T6D34 084:525.288 JLINK_ReadMem(0x200049CE, 0x1 Bytes, ...)
T6D34 084:525.336    -- Read from C cache (1 bytes @ 0x200049CE)
T6D34 084:525.360   Data:  FF
T6D34 084:525.392 - 0.103ms returns 0
T6D34 084:526.024 JLINK_ReadMem(0x200049CF, 0x1 Bytes, ...)
T6D34 084:526.072    -- Read from C cache (1 bytes @ 0x200049CF)
T6D34 084:526.096   Data:  FF
T6D34 084:526.128 - 0.106ms returns 0
T6D34 084:526.744 JLINK_ReadMem(0x200049D0, 0x1 Bytes, ...)
T6D34 084:526.792    -- Read from C cache (1 bytes @ 0x200049D0)
T6D34 084:526.816   Data:  FF
T6D34 084:526.848 - 0.101ms returns 0
T6D34 084:527.416 JLINK_ReadMem(0x200049D1, 0x1 Bytes, ...)
T6D34 084:527.464    -- Read from C cache (1 bytes @ 0x200049D1)
T6D34 084:527.488   Data:  FF
T6D34 084:527.512 - 0.100ms returns 0
T6D34 084:528.120 JLINK_ReadMem(0x200049D2, 0x1 Bytes, ...)
T6D34 084:528.176    -- Read from C cache (1 bytes @ 0x200049D2)
T6D34 084:528.200   Data:  FF
T6D34 084:528.224 - 0.104ms returns 0
T6D34 084:528.816 JLINK_ReadMem(0x200049D3, 0x1 Bytes, ...)
T6D34 084:528.872    -- Read from C cache (1 bytes @ 0x200049D3)
T6D34 084:528.896   Data:  FF
T6D34 084:528.920 - 0.103ms returns 0
T6D34 084:529.552 JLINK_ReadMem(0x200049D4, 0x1 Bytes, ...)
T6D34 084:529.632    -- Read from C cache (1 bytes @ 0x200049D4)
T6D34 084:529.656   Data:  FF
T6D34 084:529.688 - 0.138ms returns 0
T6D34 084:530.464 JLINK_ReadMem(0x200049D5, 0x1 Bytes, ...)
T6D34 084:530.512    -- Read from C cache (1 bytes @ 0x200049D5)
T6D34 084:530.544   Data:  FF
T6D34 084:530.576 - 0.109ms returns 0
T6D34 084:532.912 JLINK_ReadMem(0x200049D6, 0x1 Bytes, ...)
T6D34 084:533.000    -- Read from C cache (1 bytes @ 0x200049D6)
T6D34 084:533.024   Data:  FF
T6D34 084:533.048 - 0.132ms returns 0
T6D34 084:534.064 JLINK_ReadMem(0x200049D7, 0x1 Bytes, ...)
T6D34 084:534.152    -- Read from C cache (1 bytes @ 0x200049D7)
T6D34 084:534.184   Data:  FF
T6D34 084:534.208 - 0.139ms returns 0
T6D34 084:535.088 JLINK_ReadMem(0x200049D8, 0x1 Bytes, ...)
T6D34 084:535.152    -- Read from C cache (1 bytes @ 0x200049D8)
T6D34 084:535.184   Data:  FF
T6D34 084:535.208 - 0.118ms returns 0
T6D34 084:535.904 JLINK_ReadMem(0x200049D9, 0x1 Bytes, ...)
T6D34 084:535.960    -- Read from C cache (1 bytes @ 0x200049D9)
T6D34 084:535.984   Data:  FF
T6D34 084:536.016 - 0.110ms returns 0
T6D34 084:536.848 JLINK_ReadMem(0x200049DA, 0x1 Bytes, ...)
T6D34 084:536.928    -- Read from C cache (1 bytes @ 0x200049DA)
T6D34 084:536.968   Data:  FF
T6D34 084:537.008 - 0.154ms returns 0
T6D34 084:565.344 JLINK_ReadMem(0x200049DB, 0x8 Bytes, ...)
T6D34 084:565.456    -- Read from C cache (8 bytes @ 0x200049DB)
T6D34 084:565.520   Data:  FF FF FF FF FF FF FF FF
T6D34 084:565.584 - 0.233ms returns 0
T6D34 084:565.928 JLINK_ReadMem(0x200049E3, 0x8 Bytes, ...)
T6D34 084:566.000    -- Read from C cache (8 bytes @ 0x200049E3)
T6D34 084:566.056   Data:  FF FF FF FF FF FF FF FF
T6D34 084:566.112 - 0.185ms returns 0
T6D34 084:566.384 JLINK_ReadMem(0x200049EB, 0x8 Bytes, ...)
T6D34 084:566.448    -- Read from C cache (8 bytes @ 0x200049EB)
T6D34 084:566.504   Data:  FF FF FF FF FF FF FF FF
T6D34 084:566.552 - 0.166ms returns 0
T6D34 084:566.792 JLINK_ReadMem(0x200049F3, 0x8 Bytes, ...)
T6D34 084:566.848    -- Read from C cache (8 bytes @ 0x200049F3)
T6D34 084:566.896   Data:  FF 77 C2 95 F3 60 D2 EF
T6D34 084:566.952 - 0.157ms returns 0
T6D34 084:567.184 JLINK_ReadMem(0x200049FB, 0x8 Bytes, ...)
T6D34 084:567.232    -- Read from C cache (8 bytes @ 0x200049FB)
T6D34 084:567.280   Data:  7F 35 52 50 0F 2C B6 79
T6D34 084:567.336 - 0.157ms returns 0
T6D34 084:567.752 JLINK_ReadMem(0x20004A03, 0x8 Bytes, ...)
T6D34 084:567.792    -- Read from C cache (8 bytes @ 0x20004A03)
T6D34 084:567.824   Data:  80 00 00 00 00 E5 10 00
T6D34 084:567.856 - 0.103ms returns 0
T6D34 084:572.192 JLINK_ReadMem(0x200049DC, 0x8 Bytes, ...)
T6D34 084:572.280    -- Read from C cache (8 bytes @ 0x200049DC)
T6D34 084:572.304   Data:  FF FF FF FF FF FF FF FF
T6D34 084:572.336 - 0.142ms returns 0
T6D34 084:572.768 JLINK_ReadMem(0x200049E4, 0x8 Bytes, ...)
T6D34 084:572.848    -- Read from C cache (8 bytes @ 0x200049E4)
T6D34 084:572.880   Data:  FF FF FF FF FF FF FF FF
T6D34 084:572.904 - 0.132ms returns 0
T6D34 084:573.168 JLINK_ReadMem(0x200049EC, 0x8 Bytes, ...)
T6D34 084:573.232    -- Read from C cache (8 bytes @ 0x200049EC)
T6D34 084:573.264   Data:  FF FF FF FF FF FF FF FF
T6D34 084:573.288 - 0.119ms returns 0
T6D34 084:573.552 JLINK_ReadMem(0x200049F4, 0x8 Bytes, ...)
T6D34 084:573.592    -- Read from C cache (8 bytes @ 0x200049F4)
T6D34 084:573.616   Data:  77 C2 95 F3 60 D2 EF 7F
T6D34 084:573.648 - 0.100ms returns 0
T6D34 084:573.912 JLINK_ReadMem(0x200049FC, 0x8 Bytes, ...)
T6D34 084:573.968    -- Read from C cache (8 bytes @ 0x200049FC)
T6D34 084:573.992   Data:  35 52 50 0F 2C B6 79 80
T6D34 084:574.024 - 0.106ms returns 0
T6D34 084:574.320 JLINK_ReadMem(0x20004A04, 0x8 Bytes, ...)
T6D34 084:574.352    -- Read from C cache (8 bytes @ 0x20004A04)
T6D34 084:574.384   Data:  00 00 00 00 E5 10 00 00
T6D34 084:574.416 - 0.097ms returns 0
T6D34 084:575.552 JLINK_ReadMem(0x200049DD, 0x8 Bytes, ...)
T6D34 084:575.624    -- Read from C cache (8 bytes @ 0x200049DD)
T6D34 084:575.656   Data:  FF FF FF FF FF FF FF FF
T6D34 084:575.680 - 0.131ms returns 0
T6D34 084:575.992 JLINK_ReadMem(0x200049E5, 0x8 Bytes, ...)
T6D34 084:576.048    -- Read from C cache (8 bytes @ 0x200049E5)
T6D34 084:576.072   Data:  FF FF FF FF FF FF FF FF
T6D34 084:576.096 - 0.106ms returns 0
T6D58 084:576.120   JLINK_RTTERMINAL_Read(BufferIndex = 0, BufferSize = 0x00010000)
T6D58 084:576.168   - 0.048ms returns 0
T6D34 084:576.392 JLINK_ReadMem(0x200049ED, 0x8 Bytes, ...)
T6D34 084:576.432    -- Read from C cache (8 bytes @ 0x200049ED)
T6D34 084:576.464   Data:  FF FF FF FF FF FF FF 77
T6D34 084:576.496 - 0.100ms returns 0
T6D34 084:576.744 JLINK_ReadMem(0x200049F5, 0x8 Bytes, ...)
T6D34 084:576.784    -- Read from C cache (8 bytes @ 0x200049F5)
T6D34 084:576.808   Data:  C2 95 F3 60 D2 EF 7F 35
T6D34 084:576.832 - 0.092ms returns 0
T6D34 084:577.072 JLINK_ReadMem(0x200049FD, 0x8 Bytes, ...)
T6D34 084:577.112    -- Read from C cache (8 bytes @ 0x200049FD)
T6D34 084:577.136   Data:  52 50 0F 2C B6 79 80 00
T6D34 084:577.168 - 0.094ms returns 0
T6D34 084:578.112 JLINK_ReadMem(0x200049DE, 0x8 Bytes, ...)
T6D34 084:578.184    -- Read from C cache (8 bytes @ 0x200049DE)
T6D34 084:578.216   Data:  FF FF FF FF FF FF FF FF
T6D34 084:578.240 - 0.130ms returns 0
T6D34 084:578.552 JLINK_ReadMem(0x200049E6, 0x8 Bytes, ...)
T6D34 084:578.616    -- Read from C cache (8 bytes @ 0x200049E6)
T6D34 084:578.640   Data:  FF FF FF FF FF FF FF FF
T6D34 084:578.672 - 0.114ms returns 0
T6D34 084:578.944 JLINK_ReadMem(0x200049EE, 0x8 Bytes, ...)
T6D34 084:579.000    -- Read from C cache (8 bytes @ 0x200049EE)
T6D34 084:579.032   Data:  FF FF FF FF FF FF 77 C2
T6D34 084:579.056 - 0.112ms returns 0
T6D34 084:579.312 JLINK_ReadMem(0x200049F6, 0x8 Bytes, ...)
T6D34 084:579.360    -- Read from C cache (8 bytes @ 0x200049F6)
T6D34 084:579.384   Data:  95 F3 60 D2 EF 7F 35 52
T6D34 084:579.408 - 0.095ms returns 0
T6D34 084:579.704 JLINK_ReadMem(0x200049FE, 0x8 Bytes, ...)
T6D34 084:579.744    -- Read from C cache (8 bytes @ 0x200049FE)
T6D34 084:579.776   Data:  50 0F 2C B6 79 80 00 00
T6D34 084:579.800 - 0.098ms returns 0
T6D34 084:580.720 JLINK_ReadMem(0x200049DF, 0x8 Bytes, ...)
T6D34 084:580.816    -- Read from C cache (8 bytes @ 0x200049DF)
T6D34 084:580.840   Data:  FF FF FF FF FF FF FF FF
T6D34 084:580.864 - 0.145ms returns 0
T6D34 084:581.192 JLINK_ReadMem(0x200049E7, 0x8 Bytes, ...)
T6D34 084:581.264    -- Read from C cache (8 bytes @ 0x200049E7)
T6D34 084:581.312   Data:  FF FF FF FF FF FF FF FF
T6D34 084:581.360 - 0.175ms returns 0
T6D34 084:581.656 JLINK_ReadMem(0x200049EF, 0x8 Bytes, ...)
T6D34 084:581.712    -- Read from C cache (8 bytes @ 0x200049EF)
T6D34 084:581.760   Data:  FF FF FF FF FF 77 C2 95
T6D34 084:581.800 - 0.140ms returns 0
T6D34 084:582.080 JLINK_ReadMem(0x200049F7, 0x8 Bytes, ...)
T6D34 084:582.128    -- Read from C cache (8 bytes @ 0x200049F7)
T6D34 084:582.176   Data:  F3 60 D2 EF 7F 35 52 50
T6D34 084:582.224 - 0.138ms returns 0
T6D34 084:584.560 JLINK_ReadMem(0x200049FF, 0x8 Bytes, ...)
T6D34 084:584.616    -- Read from C cache (8 bytes @ 0x200049FF)
T6D34 084:584.640   Data:  0F 2C B6 79 80 00 00 00
T6D34 084:584.664 - 0.104ms returns 0
T6D34 084:585.728 JLINK_ReadMem(0x200049E0, 0x8 Bytes, ...)
T6D34 084:585.808    -- Read from C cache (8 bytes @ 0x200049E0)
T6D34 084:585.832   Data:  FF FF FF FF FF FF FF FF
T6D34 084:585.856 - 0.129ms returns 0
T6D34 084:586.128 JLINK_ReadMem(0x200049E8, 0x8 Bytes, ...)
T6D34 084:586.176    -- Read from C cache (8 bytes @ 0x200049E8)
T6D34 084:586.208   Data:  FF FF FF FF FF FF FF FF
T6D34 084:586.232 - 0.100ms returns 0
T6D34 084:586.488 JLINK_ReadMem(0x200049F0, 0x8 Bytes, ...)
T6D34 084:586.544    -- Read from C cache (8 bytes @ 0x200049F0)
T6D34 084:586.576   Data:  FF FF FF FF 77 C2 95 F3
T6D34 084:586.600 - 0.104ms returns 0
T6D34 084:586.840 JLINK_ReadMem(0x200049F8, 0x8 Bytes, ...)
T6D34 084:586.888    -- Read from C cache (8 bytes @ 0x200049F8)
T6D34 084:586.912   Data:  60 D2 EF 7F 35 52 50 0F
T6D34 084:586.936 - 0.096ms returns 0
T6D34 084:587.216 JLINK_ReadMem(0x20004A00, 0x8 Bytes, ...)
T6D34 084:587.264    -- Read from C cache (8 bytes @ 0x20004A00)
T6D34 084:587.296   Data:  2C B6 79 80 00 00 00 00
T6D34 084:587.320 - 0.107ms returns 0
T6D34 084:588.160 JLINK_ReadMem(0x200049E1, 0x8 Bytes, ...)
T6D34 084:588.224    -- Read from C cache (8 bytes @ 0x200049E1)
T6D34 084:588.256   Data:  FF FF FF FF FF FF FF FF
T6D34 084:588.280 - 0.122ms returns 0
T6D34 084:588.592 JLINK_ReadMem(0x200049E9, 0x8 Bytes, ...)
T6D34 084:588.632    -- Read from C cache (8 bytes @ 0x200049E9)
T6D34 084:588.672   Data:  FF FF FF FF FF FF FF FF
T6D34 084:588.696 - 0.111ms returns 0
T6D34 084:588.944 JLINK_ReadMem(0x200049F1, 0x8 Bytes, ...)
T6D34 084:588.984    -- Read from C cache (8 bytes @ 0x200049F1)
T6D34 084:589.008   Data:  FF FF FF 77 C2 95 F3 60
T6D34 084:589.040 - 0.094ms returns 0
T6D34 084:589.208 JLINK_ReadMem(0x200049F9, 0x8 Bytes, ...)
T6D34 084:589.232    -- Read from C cache (8 bytes @ 0x200049F9)
T6D34 084:589.264   Data:  D2 EF 7F 35 52 50 0F 2C
T6D34 084:589.288 - 0.080ms returns 0
T6D34 084:589.528 JLINK_ReadMem(0x20004A01, 0x8 Bytes, ...)
T6D34 084:589.568    -- Read from C cache (8 bytes @ 0x20004A01)
T6D34 084:589.616   Data:  B6 79 80 00 00 00 00 E5
T6D34 084:589.656 - 0.129ms returns 0
T6D34 084:590.584 JLINK_ReadMem(0x200049E2, 0x8 Bytes, ...)
T6D34 084:590.696    -- Read from C cache (8 bytes @ 0x200049E2)
T6D34 084:590.736   Data:  FF FF FF FF FF FF FF FF
T6D34 084:590.768 - 0.185ms returns 0
T6D34 084:591.128 JLINK_ReadMem(0x200049EA, 0x8 Bytes, ...)
T6D34 084:591.192    -- Read from C cache (8 bytes @ 0x200049EA)
T6D34 084:591.216   Data:  FF FF FF FF FF FF FF FF
T6D34 084:591.248 - 0.121ms returns 0
T6D34 084:591.512 JLINK_ReadMem(0x200049F2, 0x8 Bytes, ...)
T6D34 084:591.576    -- Read from C cache (8 bytes @ 0x200049F2)
T6D34 084:591.600   Data:  FF FF 77 C2 95 F3 60 D2
T6D34 084:591.632 - 0.123ms returns 0
T6D34 084:592.000 JLINK_ReadMem(0x200049FA, 0x8 Bytes, ...)
T6D34 084:592.048    -- Read from C cache (8 bytes @ 0x200049FA)
T6D34 084:592.080   Data:  EF 7F 35 52 50 0F 2C B6
T6D34 084:592.112 - 0.108ms returns 0
T6D34 084:592.432 JLINK_ReadMem(0x20004A02, 0x8 Bytes, ...)
T6D34 084:592.464    -- Read from C cache (8 bytes @ 0x20004A02)
T6D34 084:592.496   Data:  79 80 00 00 00 00 E5 10
T6D34 084:592.528 - 0.102ms returns 0
T6D34 084:593.616 JLINK_ReadMem(0x200049E3, 0x8 Bytes, ...)
T6D34 084:593.688    -- Read from C cache (8 bytes @ 0x200049E3)
T6D34 084:593.720   Data:  FF FF FF FF FF FF FF FF
T6D34 084:593.744 - 0.128ms returns 0
T6D34 084:594.008 JLINK_ReadMem(0x200049EB, 0x8 Bytes, ...)
T6D34 084:594.048    -- Read from C cache (8 bytes @ 0x200049EB)
T6D34 084:594.080   Data:  FF FF FF FF FF FF FF FF
T6D34 084:594.104 - 0.098ms returns 0
T6D34 084:594.328 JLINK_ReadMem(0x200049F3, 0x8 Bytes, ...)
T6D34 084:594.392    -- Read from C cache (8 bytes @ 0x200049F3)
T6D34 084:594.424   Data:  FF 77 C2 95 F3 60 D2 EF
T6D34 084:594.448 - 0.121ms returns 0
T6D34 084:594.712 JLINK_ReadMem(0x200049FB, 0x8 Bytes, ...)
T6D34 084:594.760    -- Read from C cache (8 bytes @ 0x200049FB)
T6D34 084:594.816   Data:  7F 35 52 50 0F 2C B6 79
T6D34 084:594.864 - 0.143ms returns 0
T6D34 084:597.392 JLINK_ReadMem(0x20004A03, 0x8 Bytes, ...)
T6D34 084:597.440    -- Read from C cache (8 bytes @ 0x20004A03)
T6D34 084:597.472   Data:  80 00 00 00 00 E5 10 00
T6D34 084:597.496 - 0.109ms returns 0
T6D34 084:598.320 JLINK_ReadMem(0x200049E4, 0x8 Bytes, ...)
T6D34 084:598.368    -- Read from C cache (8 bytes @ 0x200049E4)
T6D34 084:598.400   Data:  FF FF FF FF FF FF FF FF
T6D34 084:598.424 - 0.109ms returns 0
T6D34 084:598.624 JLINK_ReadMem(0x200049EC, 0x8 Bytes, ...)
T6D34 084:598.664    -- Read from C cache (8 bytes @ 0x200049EC)
T6D34 084:598.696   Data:  FF FF FF FF FF FF FF FF
T6D34 084:598.720 - 0.096ms returns 0
T6D34 084:598.880 JLINK_ReadMem(0x200049F4, 0x8 Bytes, ...)
T6D34 084:598.904    -- Read from C cache (8 bytes @ 0x200049F4)
T6D34 084:598.928   Data:  77 C2 95 F3 60 D2 EF 7F
T6D34 084:598.960 - 0.080ms returns 0
T6D34 084:599.120 JLINK_ReadMem(0x200049FC, 0x8 Bytes, ...)
T6D34 084:599.152    -- Read from C cache (8 bytes @ 0x200049FC)
T6D34 084:599.176   Data:  35 52 50 0F 2C B6 79 80
T6D34 084:599.200 - 0.078ms returns 0
T6D34 084:599.352 JLINK_ReadMem(0x20004A04, 0x8 Bytes, ...)
T6D34 084:599.376    -- Read from C cache (8 bytes @ 0x20004A04)
T6D34 084:599.408   Data:  00 00 00 00 E5 10 00 00
T6D34 084:599.432 - 0.075ms returns 0
T6D34 084:600.208 JLINK_ReadMem(0x200049E5, 0x8 Bytes, ...)
T6D34 084:600.304    -- Read from C cache (8 bytes @ 0x200049E5)
T6D34 084:600.344   Data:  FF FF FF FF FF FF FF FF
T6D34 084:600.376 - 0.170ms returns 0
T6D34 084:600.592 JLINK_ReadMem(0x200049ED, 0x8 Bytes, ...)
T6D34 084:600.632    -- Read from C cache (8 bytes @ 0x200049ED)
T6D34 084:600.664   Data:  FF FF FF FF FF FF FF 77
T6D34 084:600.688 - 0.098ms returns 0
T6D34 084:600.872 JLINK_ReadMem(0x200049F5, 0x8 Bytes, ...)
T6D34 084:600.896    -- Read from C cache (8 bytes @ 0x200049F5)
T6D34 084:600.920   Data:  C2 95 F3 60 D2 EF 7F 35
T6D34 084:600.944 - 0.077ms returns 0
T6D34 084:601.136 JLINK_ReadMem(0x200049FD, 0x8 Bytes, ...)
T6D34 084:601.184    -- Read from C cache (8 bytes @ 0x200049FD)
T6D34 084:601.208   Data:  52 50 0F 2C B6 79 80 00
T6D34 084:601.232 - 0.094ms returns 0
T6D34 084:602.104 JLINK_ReadMem(0x200049E6, 0x8 Bytes, ...)
T6D34 084:602.168    -- Read from C cache (8 bytes @ 0x200049E6)
T6D34 084:602.200   Data:  FF FF FF FF FF FF FF FF
T6D34 084:602.232 - 0.131ms returns 0
T6D34 084:602.472 JLINK_ReadMem(0x200049EE, 0x8 Bytes, ...)
T6D34 084:602.512    -- Read from C cache (8 bytes @ 0x200049EE)
T6D34 084:602.544   Data:  FF FF FF FF FF FF 77 C2
T6D34 084:602.568 - 0.098ms returns 0
T6D34 084:602.752 JLINK_ReadMem(0x200049F6, 0x8 Bytes, ...)
T6D34 084:602.776    -- Read from C cache (8 bytes @ 0x200049F6)
T6D34 084:602.800   Data:  95 F3 60 D2 EF 7F 35 52
T6D34 084:602.832 - 0.079ms returns 0
T6D34 084:602.992 JLINK_ReadMem(0x200049FE, 0x8 Bytes, ...)
T6D34 084:603.016    -- Read from C cache (8 bytes @ 0x200049FE)
T6D34 084:603.040   Data:  50 0F 2C B6 79 80 00 00
T6D34 084:603.064 - 0.076ms returns 0
T6D34 084:603.832 JLINK_ReadMem(0x200049E7, 0x8 Bytes, ...)
T6D34 084:603.888    -- Read from C cache (8 bytes @ 0x200049E7)
T6D34 084:603.920   Data:  FF FF FF FF FF FF FF FF
T6D34 084:603.944 - 0.110ms returns 0
T6D34 084:604.112 JLINK_ReadMem(0x200049EF, 0x8 Bytes, ...)
T6D34 084:604.136    -- Read from C cache (8 bytes @ 0x200049EF)
T6D34 084:604.160   Data:  FF FF FF FF FF 77 C2 95
T6D34 084:604.184 - 0.077ms returns 0
T6D34 084:604.336 JLINK_ReadMem(0x200049F7, 0x8 Bytes, ...)
T6D34 084:604.368    -- Read from C cache (8 bytes @ 0x200049F7)
T6D34 084:604.392   Data:  F3 60 D2 EF 7F 35 52 50
T6D34 084:604.416 - 0.077ms returns 0
T6D34 084:604.568 JLINK_ReadMem(0x200049FF, 0x8 Bytes, ...)
T6D34 084:604.592    -- Read from C cache (8 bytes @ 0x200049FF)
T6D34 084:604.624   Data:  0F 2C B6 79 80 00 00 00
T6D34 084:604.648 - 0.079ms returns 0
T6D34 084:605.304 JLINK_ReadMem(0x200049DB, 0x1 Bytes, ...)
T6D34 084:605.360    -- Read from C cache (1 bytes @ 0x200049DB)
T6D34 084:605.392   Data:  FF
T6D34 084:605.416 - 0.112ms returns 0
T6D34 084:606.088 JLINK_ReadMem(0x200049DC, 0x1 Bytes, ...)
T6D34 084:606.160    -- Read from C cache (1 bytes @ 0x200049DC)
T6D34 084:606.192   Data:  FF
T6D34 084:606.224 - 0.144ms returns 0
T6D34 084:607.064 JLINK_ReadMem(0x200049DD, 0x1 Bytes, ...)
T6D34 084:607.152    -- Read from C cache (1 bytes @ 0x200049DD)
T6D34 084:607.176   Data:  FF
T6D34 084:607.208 - 0.138ms returns 0
T6D34 084:609.712 JLINK_ReadMem(0x200049DE, 0x1 Bytes, ...)
T6D34 084:609.784    -- Read from C cache (1 bytes @ 0x200049DE)
T6D34 084:609.808   Data:  FF
T6D34 084:609.840 - 0.128ms returns 0
T6D34 084:610.904 JLINK_ReadMem(0x200049DF, 0x1 Bytes, ...)
T6D34 084:610.976    -- Read from C cache (1 bytes @ 0x200049DF)
T6D34 084:611.008   Data:  FF
T6D34 084:611.056 - 0.154ms returns 0
T6D34 084:611.760 JLINK_ReadMem(0x200049E0, 0x1 Bytes, ...)
T6D34 084:611.864    -- Read from C cache (1 bytes @ 0x200049E0)
T6D34 084:611.904   Data:  FF
T6D34 084:611.944 - 0.184ms returns 0
T6D34 084:612.712 JLINK_ReadMem(0x200049E1, 0x1 Bytes, ...)
T6D34 084:612.784    -- Read from C cache (1 bytes @ 0x200049E1)
T6D34 084:612.816   Data:  FF
T6D34 084:612.848 - 0.130ms returns 0
T6D34 084:613.536 JLINK_ReadMem(0x200049E2, 0x1 Bytes, ...)
T6D34 084:613.592    -- Read from C cache (1 bytes @ 0x200049E2)
T6D34 084:613.616   Data:  FF
T6D34 084:613.656 - 0.121ms returns 0
T6D34 084:614.248 JLINK_ReadMem(0x200049E3, 0x1 Bytes, ...)
T6D34 084:614.304    -- Read from C cache (1 bytes @ 0x200049E3)
T6D34 084:614.328   Data:  FF
T6D34 084:614.352 - 0.111ms returns 0
T6D34 084:615.040 JLINK_ReadMem(0x200049E4, 0x1 Bytes, ...)
T6D34 084:615.096    -- Read from C cache (1 bytes @ 0x200049E4)
T6D34 084:615.128   Data:  FF
T6D34 084:615.152 - 0.115ms returns 0
T6D34 084:615.728 JLINK_ReadMem(0x200049E5, 0x1 Bytes, ...)
T6D34 084:615.768    -- Read from C cache (1 bytes @ 0x200049E5)
T6D34 084:615.800   Data:  FF
T6D34 084:615.824 - 0.100ms returns 0
T6D34 084:616.456 JLINK_ReadMem(0x200049E6, 0x1 Bytes, ...)
T6D34 084:616.512    -- Read from C cache (1 bytes @ 0x200049E6)
T6D34 084:616.536   Data:  FF
T6D34 084:616.560 - 0.113ms returns 0
T6D34 084:617.168 JLINK_ReadMem(0x200049E7, 0x1 Bytes, ...)
T6D34 084:617.224    -- Read from C cache (1 bytes @ 0x200049E7)
T6D34 084:617.248   Data:  FF
T6D34 084:617.272 - 0.103ms returns 0
T6D58 084:627.216   JLINK_RTTERMINAL_Read(BufferIndex = 0, BufferSize = 0x00010000)
T6D58 084:627.304   - 0.083ms returns 0
T6D58 084:678.320   JLINK_RTTERMINAL_Read(BufferIndex = 0, BufferSize = 0x00010000)
T6D58 084:678.480   - 0.170ms returns 0
T6D58 084:730.992   JLINK_RTTERMINAL_Read(BufferIndex = 0, BufferSize = 0x00010000)
T6D58 084:731.192   - 0.207ms returns 0
T6D58 084:781.928   JLINK_RTTERMINAL_Read(BufferIndex = 0, BufferSize = 0x00010000)
T6D58 084:782.032   - 0.093ms returns 0
T6D58 084:833.536   JLINK_RTTERMINAL_Read(BufferIndex = 0, BufferSize = 0x00010000)
T6D58 084:833.632   - 0.100ms returns 0
T6D58 084:884.408   JLINK_RTTERMINAL_Read(BufferIndex = 0, BufferSize = 0x00010000)
T6D58 084:884.584   - 0.175ms returns 0
T6D58 084:935.576   JLINK_RTTERMINAL_Read(BufferIndex = 0, BufferSize = 0x00010000)
T6D58 084:935.760   - 0.181ms returns 0
T6D58 084:986.600   JLINK_RTTERMINAL_Read(BufferIndex = 0, BufferSize = 0x00010000)
T6D58 084:986.768   - 0.171ms returns 0
T6D58 085:038.040   JLINK_RTTERMINAL_Read(BufferIndex = 0, BufferSize = 0x00010000)
T6D58 085:038.152   - 0.108ms returns 0
T6D58 085:089.024   JLINK_RTTERMINAL_Read(BufferIndex = 0, BufferSize = 0x00010000)
T6D58 085:089.192   - 0.171ms returns 0
T6D58 085:143.088   JLINK_RTTERMINAL_Read(BufferIndex = 0, BufferSize = 0x00010000)
T6D58 085:143.280   - 0.200ms returns 0
T6D58 085:194.600   JLINK_RTTERMINAL_Read(BufferIndex = 0, BufferSize = 0x00010000)
T6D58 085:194.680   - 0.084ms returns 0
T6D58 085:245.456   JLINK_RTTERMINAL_Read(BufferIndex = 0, BufferSize = 0x00010000)
T6D58 085:245.640   - 0.181ms returns 0
T6D58 085:299.640   JLINK_RTTERMINAL_Read(BufferIndex = 0, BufferSize = 0x00010000)
T6D58 085:299.792   - 0.158ms returns 0
T6D58 085:351.248   JLINK_RTTERMINAL_Read(BufferIndex = 0, BufferSize = 0x00010000)
T6D58 085:351.472   - 0.229ms returns 0
T6D58 085:402.328   JLINK_RTTERMINAL_Read(BufferIndex = 0, BufferSize = 0x00010000)
T6D58 085:402.472   - 0.140ms returns 0
T6D58 085:454.064   JLINK_RTTERMINAL_Read(BufferIndex = 0, BufferSize = 0x00010000)
T6D58 085:454.264   - 0.206ms returns 0
T6D58 085:505.456   JLINK_RTTERMINAL_Read(BufferIndex = 0, BufferSize = 0x00010000)
T6D58 085:505.568   - 0.105ms returns 0
T6D58 085:558.280   JLINK_RTTERMINAL_Read(BufferIndex = 0, BufferSize = 0x00010000)
T6D58 085:558.384   - 0.102ms returns 0
T6D58 085:611.280   JLINK_RTTERMINAL_Read(BufferIndex = 0, BufferSize = 0x00010000)
T6D58 085:611.360   - 0.088ms returns 0
T6D58 085:661.816   JLINK_RTTERMINAL_Read(BufferIndex = 0, BufferSize = 0x00010000)
T6D58 085:661.896   - 0.078ms returns 0
T6D58 085:712.976   JLINK_RTTERMINAL_Read(BufferIndex = 0, BufferSize = 0x00010000)
T6D58 085:713.144   - 0.164ms returns 0
T6D58 085:766.416   JLINK_RTTERMINAL_Read(BufferIndex = 0, BufferSize = 0x00010000)
T6D58 085:766.552   - 0.140ms returns 0
T6D58 085:817.744   JLINK_RTTERMINAL_Read(BufferIndex = 0, BufferSize = 0x00010000)
T6D58 085:817.928   - 0.191ms returns 0
T6D58 085:869.400   JLINK_RTTERMINAL_Read(BufferIndex = 0, BufferSize = 0x00010000)
T6D58 085:869.592   - 0.188ms returns 0
T6D34 085:896.296 JLINK_ReadMem(0x200049E8, 0x8 Bytes, ...)
T6D34 085:896.368    -- Read from C cache (8 bytes @ 0x200049E8)
T6D34 085:896.392   Data:  FF FF FF FF FF FF FF FF
T6D34 085:896.416 - 0.126ms returns 0
T6D34 085:896.792 JLINK_ReadMem(0x200049F0, 0x8 Bytes, ...)
T6D34 085:896.848    -- Read from C cache (8 bytes @ 0x200049F0)
T6D34 085:896.872   Data:  FF FF FF FF 77 C2 95 F3
T6D34 085:896.896 - 0.101ms returns 0
T6D34 085:897.160 JLINK_ReadMem(0x200049F8, 0x8 Bytes, ...)
T6D34 085:897.200    -- Read from C cache (8 bytes @ 0x200049F8)
T6D34 085:897.240   Data:  60 D2 EF 7F 35 52 50 0F
T6D34 085:897.264 - 0.109ms returns 0
T6D34 085:897.552 JLINK_ReadMem(0x20004A00, 0x8 Bytes, ...)
T6D34 085:897.600    -- Read from C cache (8 bytes @ 0x20004A00)
T6D34 085:897.624   Data:  2C B6 79 80 00 00 00 00
T6D34 085:897.648 - 0.103ms returns 0
T6D34 085:898.616 JLINK_ReadMem(0x200049E9, 0x8 Bytes, ...)
T6D34 085:898.696    -- Read from C cache (8 bytes @ 0x200049E9)
T6D34 085:898.728   Data:  FF FF FF FF FF FF FF FF
T6D34 085:898.752 - 0.139ms returns 0
T6D34 085:899.176 JLINK_ReadMem(0x200049F1, 0x8 Bytes, ...)
T6D34 085:899.216    -- Read from C cache (8 bytes @ 0x200049F1)
T6D34 085:899.248   Data:  FF FF FF 77 C2 95 F3 60
T6D34 085:899.272 - 0.097ms returns 0
T6D34 085:899.664 JLINK_ReadMem(0x200049F9, 0x8 Bytes, ...)
T6D34 085:899.720    -- Read from C cache (8 bytes @ 0x200049F9)
T6D34 085:899.744   Data:  D2 EF 7F 35 52 50 0F 2C
T6D34 085:899.768 - 0.113ms returns 0
T6D34 085:900.160 JLINK_ReadMem(0x20004A01, 0x8 Bytes, ...)
T6D34 085:900.224    -- Read from C cache (8 bytes @ 0x20004A01)
T6D34 085:900.248   Data:  B6 79 80 00 00 00 00 E5
T6D34 085:900.272 - 0.118ms returns 0
T6D34 085:901.336 JLINK_ReadMem(0x200049E8, 0x1 Bytes, ...)
T6D34 085:901.424    -- Read from C cache (1 bytes @ 0x200049E8)
T6D34 085:901.456   Data:  FF
T6D34 085:901.488 - 0.151ms returns 0
T6D34 085:902.552 JLINK_ReadMem(0x200049E9, 0x1 Bytes, ...)
T6D34 085:902.624    -- Read from C cache (1 bytes @ 0x200049E9)
T6D34 085:902.648   Data:  FF
T6D34 085:902.672 - 0.122ms returns 0
T6D58 085:920.432   JLINK_RTTERMINAL_Read(BufferIndex = 0, BufferSize = 0x00010000)
T6D58 085:920.544   - 0.107ms returns 0
T6D58 085:971.352   JLINK_RTTERMINAL_Read(BufferIndex = 0, BufferSize = 0x00010000)
T6D58 085:971.488   - 0.133ms returns 0
T6D58 086:022.344   JLINK_RTTERMINAL_Read(BufferIndex = 0, BufferSize = 0x00010000)
T6D58 086:022.512   - 0.168ms returns 0
T6D58 086:073.456   JLINK_RTTERMINAL_Read(BufferIndex = 0, BufferSize = 0x00010000)
T6D58 086:073.552   - 0.102ms returns 0
T6D58 086:124.448   JLINK_RTTERMINAL_Read(BufferIndex = 0, BufferSize = 0x00010000)
T6D58 086:124.528   - 0.083ms returns 0
T6D58 086:175.512   JLINK_RTTERMINAL_Read(BufferIndex = 0, BufferSize = 0x00010000)
T6D58 086:175.664   - 0.151ms returns 0
T6D58 086:226.656   JLINK_RTTERMINAL_Read(BufferIndex = 0, BufferSize = 0x00010000)
T6D58 086:226.888   - 0.232ms returns 0
T6D58 086:278.960   JLINK_RTTERMINAL_Read(BufferIndex = 0, BufferSize = 0x00010000)
T6D58 086:279.056   - 0.098ms returns 0
T6D58 086:330.000   JLINK_RTTERMINAL_Read(BufferIndex = 0, BufferSize = 0x00010000)
T6D58 086:330.192   - 0.190ms returns 0
T6D58 086:382.312   JLINK_RTTERMINAL_Read(BufferIndex = 0, BufferSize = 0x00010000)
T6D58 086:382.408   - 0.094ms returns 0
T6D58 086:433.840   JLINK_RTTERMINAL_Read(BufferIndex = 0, BufferSize = 0x00010000)
T6D58 086:433.920   - 0.079ms returns 0
T6D58 086:484.928   JLINK_RTTERMINAL_Read(BufferIndex = 0, BufferSize = 0x00010000)
T6D58 086:485.008   - 0.082ms returns 0
T6D58 086:535.736   JLINK_RTTERMINAL_Read(BufferIndex = 0, BufferSize = 0x00010000)
T6D58 086:535.840   - 0.107ms returns 0
T6D58 086:586.376   JLINK_RTTERMINAL_Read(BufferIndex = 0, BufferSize = 0x00010000)
T6D58 086:586.568   - 0.194ms returns 0
T6D34 086:625.096 JLINK_ReadMem(0x200049EA, 0x8 Bytes, ...)
T6D34 086:625.232    -- Read from C cache (8 bytes @ 0x200049EA)
T6D34 086:625.264   Data:  FF FF FF FF FF FF FF FF
T6D34 086:625.288 - 0.192ms returns 0
T6D34 086:625.584 JLINK_ReadMem(0x200049F2, 0x8 Bytes, ...)
T6D34 086:625.648    -- Read from C cache (8 bytes @ 0x200049F2)
T6D34 086:625.680   Data:  FF FF 77 C2 95 F3 60 D2
T6D34 086:625.712 - 0.118ms returns 0
T6D34 086:626.032 JLINK_ReadMem(0x200049FA, 0x8 Bytes, ...)
T6D34 086:626.080    -- Read from C cache (8 bytes @ 0x200049FA)
T6D34 086:626.120   Data:  EF 7F 35 52 50 0F 2C B6
T6D34 086:626.152 - 0.111ms returns 0
T6D34 086:626.352 JLINK_ReadMem(0x20004A02, 0x8 Bytes, ...)
T6D34 086:626.384    -- Read from C cache (8 bytes @ 0x20004A02)
T6D34 086:626.416   Data:  79 80 00 00 00 00 E5 10
T6D34 086:626.448 - 0.093ms returns 0
T6D34 086:627.648 JLINK_ReadMem(0x200049EB, 0x8 Bytes, ...)
T6D34 086:627.768    -- Read from C cache (8 bytes @ 0x200049EB)
T6D34 086:627.816   Data:  FF FF FF FF FF FF FF FF
T6D34 086:627.848 - 0.204ms returns 0
T6D34 086:628.216 JLINK_ReadMem(0x200049F3, 0x8 Bytes, ...)
T6D34 086:628.272    -- Read from C cache (8 bytes @ 0x200049F3)
T6D34 086:628.304   Data:  FF 77 C2 95 F3 60 D2 EF
T6D34 086:628.336 - 0.111ms returns 0
T6D34 086:628.648 JLINK_ReadMem(0x200049FB, 0x8 Bytes, ...)
T6D34 086:628.688    -- Read from C cache (8 bytes @ 0x200049FB)
T6D34 086:628.720   Data:  7F 35 52 50 0F 2C B6 79
T6D34 086:628.752 - 0.102ms returns 0
T6D34 086:629.064 JLINK_ReadMem(0x20004A03, 0x8 Bytes, ...)
T6D34 086:629.136    -- Read from C cache (8 bytes @ 0x20004A03)
T6D34 086:629.168   Data:  80 00 00 00 00 E5 10 00
T6D34 086:629.192 - 0.129ms returns 0
T6D34 086:632.656 JLINK_ReadMem(0x200049EC, 0x8 Bytes, ...)
T6D34 086:632.736    -- Read from C cache (8 bytes @ 0x200049EC)
T6D34 086:632.760   Data:  FF FF FF FF FF FF FF FF
T6D34 086:632.784 - 0.132ms returns 0
T6D34 086:633.184 JLINK_ReadMem(0x200049F4, 0x8 Bytes, ...)
T6D34 086:633.256    -- Read from C cache (8 bytes @ 0x200049F4)
T6D34 086:633.296   Data:  77 C2 95 F3 60 D2 EF 7F
T6D34 086:633.328 - 0.142ms returns 0
T6D34 086:633.680 JLINK_ReadMem(0x200049FC, 0x8 Bytes, ...)
T6D34 086:633.736    -- Read from C cache (8 bytes @ 0x200049FC)
T6D34 086:633.776   Data:  35 52 50 0F 2C B6 79 80
T6D34 086:633.808 - 0.128ms returns 0
T6D34 086:634.160 JLINK_ReadMem(0x20004A04, 0x8 Bytes, ...)
T6D34 086:634.216    -- Read from C cache (8 bytes @ 0x20004A04)
T6D34 086:634.256   Data:  00 00 00 00 E5 10 00 00
T6D34 086:634.288 - 0.125ms returns 0
T6D34 086:635.384 JLINK_ReadMem(0x200049EA, 0x1 Bytes, ...)
T6D34 086:635.464    -- Read from C cache (1 bytes @ 0x200049EA)
T6D34 086:635.504   Data:  FF
T6D34 086:635.536 - 0.156ms returns 0
T6D34 086:636.632 JLINK_ReadMem(0x200049EB, 0x1 Bytes, ...)
T6D34 086:636.728    -- Read from C cache (1 bytes @ 0x200049EB)
T6D34 086:636.760   Data:  FF
T6D34 086:636.784 - 0.153ms returns 0
T6D58 086:637.760   JLINK_RTTERMINAL_Read(BufferIndex = 0, BufferSize = 0x00010000)
T6D58 086:637.872   - 0.112ms returns 0
T6D34 086:638.016 JLINK_ReadMem(0x200049EC, 0x1 Bytes, ...)
T6D34 086:638.072    -- Read from C cache (1 bytes @ 0x200049EC)
T6D34 086:638.104   Data:  FF
T6D34 086:638.136 - 0.120ms returns 0
T6D34 086:657.384 JLINK_ReadMem(0x200049ED, 0x8 Bytes, ...)
T6D34 086:657.488    -- Read from C cache (8 bytes @ 0x200049ED)
T6D34 086:657.512   Data:  FF FF FF FF FF FF FF 77
T6D34 086:657.552 - 0.168ms returns 0
T6D34 086:658.048 JLINK_ReadMem(0x200049F5, 0x8 Bytes, ...)
T6D34 086:658.136    -- Read from C cache (8 bytes @ 0x200049F5)
T6D34 086:658.168   Data:  C2 95 F3 60 D2 EF 7F 35
T6D34 086:658.192 - 0.147ms returns 0
T6D34 086:658.536 JLINK_ReadMem(0x200049FD, 0x8 Bytes, ...)
T6D34 086:658.576    -- Read from C cache (8 bytes @ 0x200049FD)
T6D34 086:658.608   Data:  52 50 0F 2C B6 79 80 00
T6D34 086:658.640 - 0.104ms returns 0
T6D34 086:659.888 JLINK_ReadMem(0x200049EE, 0x8 Bytes, ...)
T6D34 086:659.992    -- Read from C cache (8 bytes @ 0x200049EE)
T6D34 086:660.016   Data:  FF FF FF FF FF FF 77 C2
T6D34 086:660.048 - 0.155ms returns 0
T6D34 086:660.400 JLINK_ReadMem(0x200049F6, 0x8 Bytes, ...)
T6D34 086:660.480    -- Read from C cache (8 bytes @ 0x200049F6)
T6D34 086:660.512   Data:  95 F3 60 D2 EF 7F 35 52
T6D34 086:660.536 - 0.140ms returns 0
T6D34 086:660.872 JLINK_ReadMem(0x200049FE, 0x8 Bytes, ...)
T6D34 086:660.912    -- Read from C cache (8 bytes @ 0x200049FE)
T6D34 086:660.944   Data:  50 0F 2C B6 79 80 00 00
T6D34 086:660.976 - 0.099ms returns 0
T6D34 086:661.984 JLINK_ReadMem(0x200049EF, 0x8 Bytes, ...)
T6D34 086:662.120    -- Read from C cache (8 bytes @ 0x200049EF)
T6D34 086:662.160   Data:  FF FF FF FF FF 77 C2 95
T6D34 086:662.184 - 0.194ms returns 0
T6D34 086:662.424 JLINK_ReadMem(0x200049F7, 0x8 Bytes, ...)
T6D34 086:662.536    -- Read from C cache (8 bytes @ 0x200049F7)
T6D34 086:662.568   Data:  F3 60 D2 EF 7F 35 52 50
T6D34 086:662.592 - 0.162ms returns 0
T6D34 086:662.832 JLINK_ReadMem(0x200049FF, 0x8 Bytes, ...)
T6D34 086:662.864    -- Read from C cache (8 bytes @ 0x200049FF)
T6D34 086:662.888   Data:  0F 2C B6 79 80 00 00 00
T6D34 086:662.912 - 0.084ms returns 0
T6D34 086:663.832 JLINK_ReadMem(0x200049F0, 0x8 Bytes, ...)
T6D34 086:663.904    -- Read from C cache (8 bytes @ 0x200049F0)
T6D34 086:663.928   Data:  FF FF FF FF 77 C2 95 F3
T6D34 086:663.952 - 0.125ms returns 0
T6D34 086:664.208 JLINK_ReadMem(0x200049F8, 0x8 Bytes, ...)
T6D34 086:664.240    -- Read from C cache (8 bytes @ 0x200049F8)
T6D34 086:664.272   Data:  60 D2 EF 7F 35 52 50 0F
T6D34 086:664.304 - 0.091ms returns 0
T6D34 086:664.536 JLINK_ReadMem(0x20004A00, 0x8 Bytes, ...)
T6D34 086:664.560    -- Read from C cache (8 bytes @ 0x20004A00)
T6D34 086:664.592   Data:  2C B6 79 80 00 00 00 00
T6D34 086:664.624 - 0.088ms returns 0
T6D34 086:665.496 JLINK_ReadMem(0x200049F1, 0x8 Bytes, ...)
T6D34 086:665.560    -- Read from C cache (8 bytes @ 0x200049F1)
T6D34 086:665.584   Data:  FF FF FF 77 C2 95 F3 60
T6D34 086:665.616 - 0.119ms returns 0
T6D34 086:665.840 JLINK_ReadMem(0x200049F9, 0x8 Bytes, ...)
T6D34 086:665.864    -- Read from C cache (8 bytes @ 0x200049F9)
T6D34 086:665.896   Data:  D2 EF 7F 35 52 50 0F 2C
T6D34 086:665.920 - 0.077ms returns 0
T6D34 086:666.136 JLINK_ReadMem(0x20004A01, 0x8 Bytes, ...)
T6D34 086:666.160    -- Read from C cache (8 bytes @ 0x20004A01)
T6D34 086:666.192   Data:  B6 79 80 00 00 00 00 E5
T6D34 086:666.224 - 0.085ms returns 0
T6D34 086:666.880 JLINK_ReadMem(0x200049F2, 0x8 Bytes, ...)
T6D34 086:666.944    -- Read from C cache (8 bytes @ 0x200049F2)
T6D34 086:666.968   Data:  FF FF 77 C2 95 F3 60 D2
T6D34 086:666.992 - 0.114ms returns 0
T6D34 086:667.232 JLINK_ReadMem(0x200049FA, 0x8 Bytes, ...)
T6D34 086:667.272    -- Read from C cache (8 bytes @ 0x200049FA)
T6D34 086:667.304   Data:  EF 7F 35 52 50 0F 2C B6
T6D34 086:667.328 - 0.095ms returns 0
T6D34 086:669.600 JLINK_ReadMem(0x20004A02, 0x8 Bytes, ...)
T6D34 086:669.656    -- Read from C cache (8 bytes @ 0x20004A02)
T6D34 086:669.680   Data:  79 80 00 00 00 00 E5 10
T6D34 086:669.712 - 0.113ms returns 0
T6D34 086:670.672 JLINK_ReadMem(0x200049F3, 0x8 Bytes, ...)
T6D34 086:670.744    -- Read from C cache (8 bytes @ 0x200049F3)
T6D34 086:670.768   Data:  FF 77 C2 95 F3 60 D2 EF
T6D34 086:670.800 - 0.134ms returns 0
T6D34 086:671.112 JLINK_ReadMem(0x200049FB, 0x8 Bytes, ...)
T6D34 086:671.176    -- Read from C cache (8 bytes @ 0x200049FB)
T6D34 086:671.200   Data:  7F 35 52 50 0F 2C B6 79
T6D34 086:671.224 - 0.118ms returns 0
T6D34 086:671.480 JLINK_ReadMem(0x20004A03, 0x8 Bytes, ...)
T6D34 086:671.528    -- Read from C cache (8 bytes @ 0x20004A03)
T6D34 086:671.560   Data:  80 00 00 00 00 E5 10 00
T6D34 086:671.584 - 0.101ms returns 0
T6D34 086:672.616 JLINK_ReadMem(0x200049F4, 0x8 Bytes, ...)
T6D34 086:672.720    -- Read from C cache (8 bytes @ 0x200049F4)
T6D34 086:672.752   Data:  77 C2 95 F3 60 D2 EF 7F
T6D34 086:672.792 - 0.178ms returns 0
T6D34 086:673.072 JLINK_ReadMem(0x200049FC, 0x8 Bytes, ...)
T6D34 086:673.128    -- Read from C cache (8 bytes @ 0x200049FC)
T6D34 086:673.152   Data:  35 52 50 0F 2C B6 79 80
T6D34 086:673.200 - 0.122ms returns 0
T6D34 086:673.440 JLINK_ReadMem(0x20004A04, 0x8 Bytes, ...)
T6D34 086:673.480    -- Read from C cache (8 bytes @ 0x20004A04)
T6D34 086:673.504   Data:  00 00 00 00 E5 10 00 00
T6D34 086:673.544 - 0.104ms returns 0
T6D34 086:674.576 JLINK_ReadMem(0x200049F5, 0x8 Bytes, ...)
T6D34 086:674.712    -- Read from C cache (8 bytes @ 0x200049F5)
T6D34 086:674.760   Data:  C2 95 F3 60 D2 EF 7F 35
T6D34 086:674.800 - 0.229ms returns 0
T6D34 086:675.136 JLINK_ReadMem(0x200049FD, 0x8 Bytes, ...)
T6D34 086:675.200    -- Read from C cache (8 bytes @ 0x200049FD)
T6D34 086:675.224   Data:  52 50 0F 2C B6 79 80 00
T6D34 086:675.248 - 0.117ms returns 0
T6D34 086:676.160 JLINK_ReadMem(0x200049ED, 0x1 Bytes, ...)
T6D34 086:676.248    -- Read from C cache (1 bytes @ 0x200049ED)
T6D34 086:676.288   Data:  FF
T6D34 086:676.328 - 0.166ms returns 0
T6D34 086:677.144 JLINK_ReadMem(0x200049EE, 0x1 Bytes, ...)
T6D34 086:677.224    -- Read from C cache (1 bytes @ 0x200049EE)
T6D34 086:677.248   Data:  FF
T6D34 086:677.296 - 0.152ms returns 0
T6D34 086:678.016 JLINK_ReadMem(0x200049EF, 0x1 Bytes, ...)
T6D34 086:678.088    -- Read from C cache (1 bytes @ 0x200049EF)
T6D34 086:678.120   Data:  FF
T6D34 086:678.144 - 0.129ms returns 0
T6D34 086:679.056 JLINK_ReadMem(0x200049F0, 0x1 Bytes, ...)
T6D34 086:679.128    -- Read from C cache (1 bytes @ 0x200049F0)
T6D34 086:679.152   Data:  FF
T6D34 086:679.184 - 0.129ms returns 0
T6D34 086:680.056 JLINK_ReadMem(0x200049F1, 0x1 Bytes, ...)
T6D34 086:680.128    -- Read from C cache (1 bytes @ 0x200049F1)
T6D34 086:680.152   Data:  FF
T6D34 086:680.176 - 0.125ms returns 0
T6D34 086:682.976 JLINK_ReadMem(0x200049F2, 0x1 Bytes, ...)
T6D34 086:683.056    -- Read from C cache (1 bytes @ 0x200049F2)
T6D34 086:683.080   Data:  FF
T6D34 086:683.104 - 0.127ms returns 0
T6D34 086:684.144 JLINK_ReadMem(0x200049F3, 0x1 Bytes, ...)
T6D34 086:684.216    -- Read from C cache (1 bytes @ 0x200049F3)
T6D34 086:684.248   Data:  FF
T6D34 086:684.272 - 0.135ms returns 0
T6D34 086:684.944 JLINK_ReadMem(0x200049F4, 0x1 Bytes, ...)
T6D34 086:685.008    -- Read from C cache (1 bytes @ 0x200049F4)
T6D34 086:685.040   Data:  77
T6D34 086:685.064 - 0.123ms returns 0
T6D34 086:685.872 JLINK_ReadMem(0x200049F5, 0x1 Bytes, ...)
T6D34 086:685.936    -- Read from C cache (1 bytes @ 0x200049F5)
T6D34 086:685.968   Data:  C2
T6D34 086:685.992 - 0.126ms returns 0
T6D58 086:688.464   JLINK_RTTERMINAL_Read(BufferIndex = 0, BufferSize = 0x00010000)
T6D58 086:688.560   - 0.092ms returns 0
T6D34 086:718.008 JLINK_ReadMem(0x200049F6, 0x8 Bytes, ...)
T6D34 086:718.120    -- Read from C cache (8 bytes @ 0x200049F6)
T6D34 086:718.152   Data:  95 F3 60 D2 EF 7F 35 52
T6D34 086:718.176 - 0.170ms returns 0
T6D34 086:720.752 JLINK_ReadMem(0x200049FE, 0x8 Bytes, ...)
T6D34 086:720.824    -- Read from C cache (8 bytes @ 0x200049FE)
T6D34 086:720.848   Data:  50 0F 2C B6 79 80 00 00
T6D34 086:720.880 - 0.124ms returns 0
T6D34 086:722.384 JLINK_ReadMem(0x200049F7, 0x8 Bytes, ...)
T6D34 086:722.504    -- Read from C cache (8 bytes @ 0x200049F7)
T6D34 086:722.544   Data:  F3 60 D2 EF 7F 35 52 50
T6D34 086:722.576 - 0.189ms returns 0
T6D34 086:723.064 JLINK_ReadMem(0x200049FF, 0x8 Bytes, ...)
T6D34 086:723.144    -- Read from C cache (8 bytes @ 0x200049FF)
T6D34 086:723.184   Data:  0F 2C B6 79 80 00 00 00
T6D34 086:723.240 - 0.174ms returns 0
T6D34 086:724.264 JLINK_ReadMem(0x200049F8, 0x8 Bytes, ...)
T6D34 086:724.368    -- Read from C cache (8 bytes @ 0x200049F8)
T6D34 086:724.400   Data:  60 D2 EF 7F 35 52 50 0F
T6D34 086:724.440 - 0.176ms returns 0
T6D34 086:724.784 JLINK_ReadMem(0x20004A00, 0x8 Bytes, ...)
T6D34 086:724.856    -- Read from C cache (8 bytes @ 0x20004A00)
T6D34 086:724.880   Data:  2C B6 79 80 00 00 00 00
T6D34 086:724.912 - 0.122ms returns 0
T6D34 086:726.128 JLINK_ReadMem(0x200049F9, 0x8 Bytes, ...)
T6D34 086:726.240    -- Read from C cache (8 bytes @ 0x200049F9)
T6D34 086:726.264   Data:  D2 EF 7F 35 52 50 0F 2C
T6D34 086:726.288 - 0.168ms returns 0
T6D34 086:726.768 JLINK_ReadMem(0x20004A01, 0x8 Bytes, ...)
T6D34 086:726.824    -- Read from C cache (8 bytes @ 0x20004A01)
T6D34 086:726.856   Data:  B6 79 80 00 00 00 00 E5
T6D34 086:726.880 - 0.110ms returns 0
T6D34 086:727.880 JLINK_ReadMem(0x200049FA, 0x8 Bytes, ...)
T6D34 086:727.968    -- Read from C cache (8 bytes @ 0x200049FA)
T6D34 086:727.992   Data:  EF 7F 35 52 50 0F 2C B6
T6D34 086:728.024 - 0.144ms returns 0
T6D34 086:728.304 JLINK_ReadMem(0x20004A02, 0x8 Bytes, ...)
T6D34 086:728.352    -- Read from C cache (8 bytes @ 0x20004A02)
T6D34 086:728.376   Data:  79 80 00 00 00 00 E5 10
T6D34 086:728.400 - 0.096ms returns 0
T6D34 086:729.096 JLINK_ReadMem(0x200049FB, 0x8 Bytes, ...)
T6D34 086:729.168    -- Read from C cache (8 bytes @ 0x200049FB)
T6D34 086:729.216   Data:  7F 35 52 50 0F 2C B6 79
T6D34 086:729.256 - 0.158ms returns 0
T6D34 086:729.536 JLINK_ReadMem(0x20004A03, 0x8 Bytes, ...)
T6D34 086:729.616    -- Read from C cache (8 bytes @ 0x20004A03)
T6D34 086:729.640   Data:  80 00 00 00 00 E5 10 00
T6D34 086:729.672 - 0.135ms returns 0
T6D34 086:730.480 JLINK_ReadMem(0x200049FC, 0x8 Bytes, ...)
T6D34 086:730.536    -- Read from C cache (8 bytes @ 0x200049FC)
T6D34 086:730.576   Data:  35 52 50 0F 2C B6 79 80
T6D34 086:730.608 - 0.125ms returns 0
T6D34 086:732.976 JLINK_ReadMem(0x20004A04, 0x8 Bytes, ...)
T6D34 086:733.048    -- Read from C cache (8 bytes @ 0x20004A04)
T6D34 086:733.080   Data:  00 00 00 00 E5 10 00 00
T6D34 086:733.104 - 0.127ms returns 0
T6D34 086:734.104 JLINK_ReadMem(0x200049FD, 0x8 Bytes, ...)
T6D34 086:734.200    -- Read from C cache (8 bytes @ 0x200049FD)
T6D34 086:734.248   Data:  52 50 0F 2C B6 79 80 00
T6D34 086:734.288 - 0.174ms returns 0
T6D34 086:735.120 JLINK_ReadMem(0x200049FE, 0x8 Bytes, ...)
T6D34 086:735.184    -- Read from C cache (8 bytes @ 0x200049FE)
T6D34 086:735.216   Data:  50 0F 2C B6 79 80 00 00
T6D34 086:735.248 - 0.123ms returns 0
T6D34 086:736.120 JLINK_ReadMem(0x200049F6, 0x1 Bytes, ...)
T6D34 086:736.200    -- Read from C cache (1 bytes @ 0x200049F6)
T6D34 086:736.224   Data:  95
T6D34 086:736.256 - 0.134ms returns 0
T6D34 086:737.128 JLINK_ReadMem(0x200049F7, 0x1 Bytes, ...)
T6D34 086:737.192    -- Read from C cache (1 bytes @ 0x200049F7)
T6D34 086:737.224   Data:  F3
T6D34 086:737.248 - 0.128ms returns 0
T6D34 086:738.304 JLINK_ReadMem(0x200049F8, 0x1 Bytes, ...)
T6D34 086:738.376    -- Read from C cache (1 bytes @ 0x200049F8)
T6D34 086:738.400   Data:  60
T6D34 086:738.424 - 0.125ms returns 0
T6D58 086:738.928   JLINK_RTTERMINAL_Read(BufferIndex = 0, BufferSize = 0x00010000)
T6D58 086:738.992   - 0.069ms returns 0
T6D34 086:739.232 JLINK_ReadMem(0x200049F9, 0x1 Bytes, ...)
T6D34 086:739.288    -- Read from C cache (1 bytes @ 0x200049F9)
T6D34 086:739.312   Data:  D2
T6D34 086:739.344 - 0.109ms returns 0
T6D34 086:740.184 JLINK_ReadMem(0x200049FA, 0x1 Bytes, ...)
T6D34 086:740.288    -- Read from C cache (1 bytes @ 0x200049FA)
T6D34 086:740.328   Data:  EF
T6D34 086:740.368 - 0.179ms returns 0
T6D34 086:741.384 JLINK_ReadMem(0x200049FB, 0x1 Bytes, ...)
T6D34 086:741.448    -- Read from C cache (1 bytes @ 0x200049FB)
T6D34 086:741.472   Data:  7F
T6D34 086:741.504 - 0.120ms returns 0
T6D34 086:742.376 JLINK_ReadMem(0x200049FC, 0x1 Bytes, ...)
T6D34 086:742.448    -- Read from C cache (1 bytes @ 0x200049FC)
T6D34 086:742.472   Data:  35
T6D34 086:742.504 - 0.130ms returns 0
T6D34 086:745.512 JLINK_ReadMem(0x200049FD, 0x1 Bytes, ...)
T6D34 086:745.592    -- Read from C cache (1 bytes @ 0x200049FD)
T6D34 086:745.616   Data:  52
T6D34 086:745.648 - 0.137ms returns 0
T6D34 086:746.704 JLINK_ReadMem(0x200049FE, 0x1 Bytes, ...)
T6D34 086:746.800    -- Read from C cache (1 bytes @ 0x200049FE)
T6D34 086:746.832   Data:  50
T6D34 086:746.864 - 0.154ms returns 0
T6D34 086:779.592 JLINK_ReadMem(0x200049FF, 0x8 Bytes, ...)
T6D34 086:779.696    -- Read from C cache (8 bytes @ 0x200049FF)
T6D34 086:779.720   Data:  0F 2C B6 79 80 00 00 00
T6D34 086:779.744 - 0.156ms returns 0
T6D34 086:783.088 JLINK_ReadMem(0x20004A00, 0x8 Bytes, ...)
T6D34 086:783.216    -- Read from C cache (8 bytes @ 0x20004A00)
T6D34 086:783.264   Data:  2C B6 79 80 00 00 00 00
T6D34 086:783.312 - 0.229ms returns 0
T6D34 086:784.640 JLINK_ReadMem(0x20004A01, 0x8 Bytes, ...)
T6D34 086:784.768    -- Read from C cache (8 bytes @ 0x20004A01)
T6D34 086:784.792   Data:  B6 79 80 00 00 00 00 E5
T6D34 086:784.824 - 0.184ms returns 0
T6D34 086:785.784 JLINK_ReadMem(0x200049FF, 0x1 Bytes, ...)
T6D34 086:785.872    -- Read from C cache (1 bytes @ 0x200049FF)
T6D34 086:785.904   Data:  0F
T6D34 086:785.928 - 0.139ms returns 0
T6D34 086:787.128 JLINK_ReadMem(0x20004A00, 0x1 Bytes, ...)
T6D34 086:787.216    -- Read from C cache (1 bytes @ 0x20004A00)
T6D34 086:787.256   Data:  2C
T6D34 086:787.296 - 0.163ms returns 0
T6D34 086:788.232 JLINK_ReadMem(0x20004A01, 0x1 Bytes, ...)
T6D34 086:788.304    -- Read from C cache (1 bytes @ 0x20004A01)
T6D34 086:788.336   Data:  B6
T6D34 086:788.368 - 0.139ms returns 0
T6D58 086:789.520   JLINK_RTTERMINAL_Read(BufferIndex = 0, BufferSize = 0x00010000)
T6D58 086:789.632   - 0.116ms returns 0
T6D58 086:840.464   JLINK_RTTERMINAL_Read(BufferIndex = 0, BufferSize = 0x00010000)
T6D58 086:840.568   - 0.113ms returns 0
T6D58 086:891.368   JLINK_RTTERMINAL_Read(BufferIndex = 0, BufferSize = 0x00010000)
T6D58 086:891.592   - 0.224ms returns 0
T6D58 086:943.944   JLINK_RTTERMINAL_Read(BufferIndex = 0, BufferSize = 0x00010000)
T6D58 086:944.088   - 0.145ms returns 0
T6D58 086:995.352   JLINK_RTTERMINAL_Read(BufferIndex = 0, BufferSize = 0x00010000)
T6D58 086:995.472   - 0.125ms returns 0
T6D58 087:046.552   JLINK_RTTERMINAL_Read(BufferIndex = 0, BufferSize = 0x00010000)
T6D58 087:046.720   - 0.172ms returns 0
T6D58 087:098.640   JLINK_RTTERMINAL_Read(BufferIndex = 0, BufferSize = 0x00010000)
T6D58 087:098.824   - 0.182ms returns 0
T6D34 087:135.792 JLINK_ReadMem(0x20004A02, 0x8 Bytes, ...)
T6D34 087:135.912    -- Read from C cache (8 bytes @ 0x20004A02)
T6D34 087:135.960   Data:  79 80 00 00 00 00 E5 10
T6D34 087:136.008 - 0.221ms returns 0
T6D34 087:137.264 JLINK_ReadMem(0x20004A03, 0x8 Bytes, ...)
T6D34 087:137.352    -- Read from C cache (8 bytes @ 0x20004A03)
T6D34 087:137.384   Data:  80 00 00 00 00 E5 10 00
T6D34 087:137.424 - 0.158ms returns 0
T6D34 087:138.704 JLINK_ReadMem(0x20004A02, 0x1 Bytes, ...)
T6D34 087:138.824    -- Read from C cache (1 bytes @ 0x20004A02)
T6D34 087:138.856   Data:  79
T6D34 087:138.880 - 0.170ms returns 0
T6D34 087:139.968 JLINK_ReadMem(0x20004A03, 0x1 Bytes, ...)
T6D34 087:140.104    -- Read from C cache (1 bytes @ 0x20004A03)
T6D34 087:140.160   Data:  80
T6D34 087:140.200 - 0.230ms returns 0
T6D58 087:150.008   JLINK_RTTERMINAL_Read(BufferIndex = 0, BufferSize = 0x00010000)
T6D58 087:150.096   - 0.088ms returns 0
T6D58 087:201.272   JLINK_RTTERMINAL_Read(BufferIndex = 0, BufferSize = 0x00010000)
T6D58 087:201.472   - 0.202ms returns 0
T6D58 087:252.760   JLINK_RTTERMINAL_Read(BufferIndex = 0, BufferSize = 0x00010000)
T6D58 087:252.920   - 0.164ms returns 0
T6D58 087:305.672   JLINK_RTTERMINAL_Read(BufferIndex = 0, BufferSize = 0x00010000)
T6D58 087:305.864   - 0.189ms returns 0
T6D58 087:357.304   JLINK_RTTERMINAL_Read(BufferIndex = 0, BufferSize = 0x00010000)
T6D58 087:357.496   - 0.190ms returns 0
T6D58 087:408.816   JLINK_RTTERMINAL_Read(BufferIndex = 0, BufferSize = 0x00010000)
T6D58 087:408.920   - 0.103ms returns 0
T6D58 087:459.456   JLINK_RTTERMINAL_Read(BufferIndex = 0, BufferSize = 0x00010000)
T6D58 087:459.592   - 0.136ms returns 0
T6D58 087:511.456   JLINK_RTTERMINAL_Read(BufferIndex = 0, BufferSize = 0x00010000)
T6D58 087:511.584   - 0.130ms returns 0
T6D58 087:562.560   JLINK_RTTERMINAL_Read(BufferIndex = 0, BufferSize = 0x00010000)
T6D58 087:562.704   - 0.145ms returns 0
T6D58 087:614.720   JLINK_RTTERMINAL_Read(BufferIndex = 0, BufferSize = 0x00010000)
T6D58 087:614.800   - 0.086ms returns 0
T6D58 087:666.096   JLINK_RTTERMINAL_Read(BufferIndex = 0, BufferSize = 0x00010000)
T6D58 087:666.288   - 0.196ms returns 0
T6D58 087:717.128   JLINK_RTTERMINAL_Read(BufferIndex = 0, BufferSize = 0x00010000)
T6D58 087:717.248   - 0.124ms returns 0
T6D58 087:767.768   JLINK_RTTERMINAL_Read(BufferIndex = 0, BufferSize = 0x00010000)
T6D58 087:767.888   - 0.119ms returns 0
T6D58 087:818.800   JLINK_RTTERMINAL_Read(BufferIndex = 0, BufferSize = 0x00010000)
T6D58 087:818.880   - 0.082ms returns 0
T6D58 087:870.320   JLINK_RTTERMINAL_Read(BufferIndex = 0, BufferSize = 0x00010000)
T6D58 087:870.520   - 0.205ms returns 0
T6D58 087:921.360   JLINK_RTTERMINAL_Read(BufferIndex = 0, BufferSize = 0x00010000)
T6D58 087:921.608   - 0.250ms returns 0
T6D58 087:973.560   JLINK_RTTERMINAL_Read(BufferIndex = 0, BufferSize = 0x00010000)
T6D58 087:973.720   - 0.155ms returns 0
T6D58 088:024.784   JLINK_RTTERMINAL_Read(BufferIndex = 0, BufferSize = 0x00010000)
T6D58 088:024.920   - 0.143ms returns 0
T6D58 088:076.272   JLINK_RTTERMINAL_Read(BufferIndex = 0, BufferSize = 0x00010000)
T6D58 088:076.384   - 0.110ms returns 0
T6D58 088:126.888   JLINK_RTTERMINAL_Read(BufferIndex = 0, BufferSize = 0x00010000)
T6D58 088:127.016   - 0.120ms returns 0
T6D58 088:178.584   JLINK_RTTERMINAL_Read(BufferIndex = 0, BufferSize = 0x00010000)
T6D58 088:178.672   - 0.086ms returns 0
T6D58 088:230.400   JLINK_RTTERMINAL_Read(BufferIndex = 0, BufferSize = 0x00010000)
T6D58 088:230.520   - 0.123ms returns 0
T6D58 088:281.488   JLINK_RTTERMINAL_Read(BufferIndex = 0, BufferSize = 0x00010000)
T6D58 088:281.672   - 0.179ms returns 0
T6D58 088:333.032   JLINK_RTTERMINAL_Read(BufferIndex = 0, BufferSize = 0x00010000)
T6D58 088:333.208   - 0.178ms returns 0
T6D58 088:384.408   JLINK_RTTERMINAL_Read(BufferIndex = 0, BufferSize = 0x00010000)
T6D58 088:384.624   - 0.211ms returns 0
T6D58 088:436.296   JLINK_RTTERMINAL_Read(BufferIndex = 0, BufferSize = 0x00010000)
T6D58 088:436.504   - 0.216ms returns 0
T6D58 088:487.184   JLINK_RTTERMINAL_Read(BufferIndex = 0, BufferSize = 0x00010000)
T6D58 088:487.416   - 0.239ms returns 0
T6D58 088:538.472   JLINK_RTTERMINAL_Read(BufferIndex = 0, BufferSize = 0x00010000)
T6D58 088:538.672   - 0.210ms returns 0
T6D58 088:591.472   JLINK_RTTERMINAL_Read(BufferIndex = 0, BufferSize = 0x00010000)
T6D58 088:591.600   - 0.138ms returns 0
T6D58 088:642.848   JLINK_RTTERMINAL_Read(BufferIndex = 0, BufferSize = 0x00010000)
T6D58 088:642.928   - 0.077ms returns 0
T6D58 088:693.464   JLINK_RTTERMINAL_Read(BufferIndex = 0, BufferSize = 0x00010000)
T6D58 088:693.560   - 0.093ms returns 0
T6D58 088:744.016   JLINK_RTTERMINAL_Read(BufferIndex = 0, BufferSize = 0x00010000)
T6D58 088:744.112   - 0.098ms returns 0
T6D58 088:795.216   JLINK_RTTERMINAL_Read(BufferIndex = 0, BufferSize = 0x00010000)
T6D58 088:795.296   - 0.082ms returns 0
T6D58 088:845.976   JLINK_RTTERMINAL_Read(BufferIndex = 0, BufferSize = 0x00010000)
T6D58 088:846.040   - 0.066ms returns 0
T6D58 088:899.016   JLINK_RTTERMINAL_Read(BufferIndex = 0, BufferSize = 0x00010000)
T6D58 088:899.136   - 0.116ms returns 0
T6D58 088:950.312   JLINK_RTTERMINAL_Read(BufferIndex = 0, BufferSize = 0x00010000)
T6D58 088:950.424   - 0.116ms returns 0
T6D58 089:004.040   JLINK_RTTERMINAL_Read(BufferIndex = 0, BufferSize = 0x00010000)
T6D58 089:004.224   - 0.192ms returns 0
T6D58 089:055.664   JLINK_RTTERMINAL_Read(BufferIndex = 0, BufferSize = 0x00010000)
T6D58 089:055.840   - 0.180ms returns 0
T6D58 089:108.144   JLINK_RTTERMINAL_Read(BufferIndex = 0, BufferSize = 0x00010000)
T6D58 089:108.272   - 0.127ms returns 0
T6D58 089:158.824   JLINK_RTTERMINAL_Read(BufferIndex = 0, BufferSize = 0x00010000)
T6D58 089:159.008   - 0.187ms returns 0
T6D58 089:210.088   JLINK_RTTERMINAL_Read(BufferIndex = 0, BufferSize = 0x00010000)
T6D58 089:210.176   - 0.091ms returns 0
T6D58 089:263.312   JLINK_RTTERMINAL_Read(BufferIndex = 0, BufferSize = 0x00010000)
T6D58 089:263.384   - 0.078ms returns 0
T6D58 089:314.360   JLINK_RTTERMINAL_Read(BufferIndex = 0, BufferSize = 0x00010000)
T6D58 089:314.520   - 0.161ms returns 0
T6D58 089:365.024   JLINK_RTTERMINAL_Read(BufferIndex = 0, BufferSize = 0x00010000)
T6D58 089:365.168   - 0.136ms returns 0
T6D58 089:418.864   JLINK_RTTERMINAL_Read(BufferIndex = 0, BufferSize = 0x00010000)
T6D58 089:418.992   - 0.117ms returns 0
T6D58 089:469.512   JLINK_RTTERMINAL_Read(BufferIndex = 0, BufferSize = 0x00010000)
T6D58 089:469.720   - 0.205ms returns 0
T6D58 089:521.360   JLINK_RTTERMINAL_Read(BufferIndex = 0, BufferSize = 0x00010000)
T6D58 089:521.576   - 0.217ms returns 0
T6D58 089:573.520   JLINK_RTTERMINAL_Read(BufferIndex = 0, BufferSize = 0x00010000)
T6D58 089:573.672   - 0.153ms returns 0
T6D58 089:625.008   JLINK_RTTERMINAL_Read(BufferIndex = 0, BufferSize = 0x00010000)
T6D58 089:625.192   - 0.185ms returns 0
T6D58 089:676.488   JLINK_RTTERMINAL_Read(BufferIndex = 0, BufferSize = 0x00010000)
T6D58 089:676.640   - 0.155ms returns 0
T6D58 089:729.040   JLINK_RTTERMINAL_Read(BufferIndex = 0, BufferSize = 0x00010000)
T6D58 089:729.200   - 0.167ms returns 0
T6D58 089:781.328   JLINK_RTTERMINAL_Read(BufferIndex = 0, BufferSize = 0x00010000)
T6D58 089:781.432   - 0.108ms returns 0
T6D58 089:833.520   JLINK_RTTERMINAL_Read(BufferIndex = 0, BufferSize = 0x00010000)
T6D58 089:833.656   - 0.140ms returns 0
T6D58 089:884.176   JLINK_RTTERMINAL_Read(BufferIndex = 0, BufferSize = 0x00010000)
T6D58 089:884.328   - 0.153ms returns 0
T6D58 089:935.584   JLINK_RTTERMINAL_Read(BufferIndex = 0, BufferSize = 0x00010000)
T6D58 089:935.688   - 0.102ms returns 0
T6D58 089:986.384   JLINK_RTTERMINAL_Read(BufferIndex = 0, BufferSize = 0x00010000)
T6D58 089:986.472   - 0.084ms returns 0
T6D58 090:037.392   JLINK_RTTERMINAL_Read(BufferIndex = 0, BufferSize = 0x00010000)
T6D58 090:037.544   - 0.157ms returns 0
T6D58 090:087.920   JLINK_RTTERMINAL_Read(BufferIndex = 0, BufferSize = 0x00010000)
T6D58 090:088.040   - 0.114ms returns 0
T6D58 090:142.456   JLINK_RTTERMINAL_Read(BufferIndex = 0, BufferSize = 0x00010000)
T6D58 090:142.600   - 0.142ms returns 0
T6D58 090:193.376   JLINK_RTTERMINAL_Read(BufferIndex = 0, BufferSize = 0x00010000)
T6D58 090:193.504   - 0.131ms returns 0
T6D58 090:243.968   JLINK_RTTERMINAL_Read(BufferIndex = 0, BufferSize = 0x00010000)
T6D58 090:244.144   - 0.173ms returns 0
T6D58 090:295.360   JLINK_RTTERMINAL_Read(BufferIndex = 0, BufferSize = 0x00010000)
T6D58 090:295.456   - 0.099ms returns 0
T6D58 090:347.776   JLINK_RTTERMINAL_Read(BufferIndex = 0, BufferSize = 0x00010000)
T6D58 090:347.944   - 0.164ms returns 0
T6D58 090:398.704   JLINK_RTTERMINAL_Read(BufferIndex = 0, BufferSize = 0x00010000)
T6D58 090:398.848   - 0.152ms returns 0
T6D58 090:450.064   JLINK_RTTERMINAL_Read(BufferIndex = 0, BufferSize = 0x00010000)
T6D58 090:450.160   - 0.088ms returns 0
T6D58 090:501.352   JLINK_RTTERMINAL_Read(BufferIndex = 0, BufferSize = 0x00010000)
T6D58 090:501.568   - 0.218ms returns 0
T6D58 090:552.360   JLINK_RTTERMINAL_Read(BufferIndex = 0, BufferSize = 0x00010000)
T6D58 090:552.560   - 0.204ms returns 0
T6D58 090:603.232   JLINK_RTTERMINAL_Read(BufferIndex = 0, BufferSize = 0x00010000)
T6D58 090:603.424   - 0.192ms returns 0
T6D58 090:654.240   JLINK_RTTERMINAL_Read(BufferIndex = 0, BufferSize = 0x00010000)
T6D58 090:654.432   - 0.195ms returns 0
T6D58 090:705.304   JLINK_RTTERMINAL_Read(BufferIndex = 0, BufferSize = 0x00010000)
T6D58 090:705.512   - 0.200ms returns 0
T6D58 090:757.312   JLINK_RTTERMINAL_Read(BufferIndex = 0, BufferSize = 0x00010000)
T6D58 090:757.464   - 0.157ms returns 0
T6D58 090:808.192   JLINK_RTTERMINAL_Read(BufferIndex = 0, BufferSize = 0x00010000)
T6D58 090:808.352   - 0.160ms returns 0
T6D58 090:860.224   JLINK_RTTERMINAL_Read(BufferIndex = 0, BufferSize = 0x00010000)
T6D58 090:860.344   - 0.124ms returns 0
T6D58 090:911.320   JLINK_RTTERMINAL_Read(BufferIndex = 0, BufferSize = 0x00010000)
T6D58 090:911.416   - 0.095ms returns 0
T6D58 090:962.520   JLINK_RTTERMINAL_Read(BufferIndex = 0, BufferSize = 0x00010000)
T6D58 090:962.616   - 0.098ms returns 0
T6D58 091:013.432   JLINK_RTTERMINAL_Read(BufferIndex = 0, BufferSize = 0x00010000)
T6D58 091:013.608   - 0.175ms returns 0
T6D58 091:064.912   JLINK_RTTERMINAL_Read(BufferIndex = 0, BufferSize = 0x00010000)
T6D58 091:065.072   - 0.169ms returns 0
T6D58 091:116.272   JLINK_RTTERMINAL_Read(BufferIndex = 0, BufferSize = 0x00010000)
T6D58 091:116.416   - 0.143ms returns 0
T6D58 091:167.312   JLINK_RTTERMINAL_Read(BufferIndex = 0, BufferSize = 0x00010000)
T6D58 091:167.464   - 0.147ms returns 0
T6D58 091:218.192   JLINK_RTTERMINAL_Read(BufferIndex = 0, BufferSize = 0x00010000)
T6D58 091:218.392   - 0.201ms returns 0
T6D58 091:269.872   JLINK_RTTERMINAL_Read(BufferIndex = 0, BufferSize = 0x00010000)
T6D58 091:269.976   - 0.111ms returns 0
T6D58 091:321.256   JLINK_RTTERMINAL_Read(BufferIndex = 0, BufferSize = 0x00010000)
T6D58 091:321.328   - 0.071ms returns 0
T6D58 091:372.456   JLINK_RTTERMINAL_Read(BufferIndex = 0, BufferSize = 0x00010000)
T6D58 091:372.560   - 0.099ms returns 0
T6D58 091:423.624   JLINK_RTTERMINAL_Read(BufferIndex = 0, BufferSize = 0x00010000)
T6D58 091:423.712   - 0.091ms returns 0
T6D58 091:474.144   JLINK_RTTERMINAL_Read(BufferIndex = 0, BufferSize = 0x00010000)
T6D58 091:474.256   - 0.109ms returns 0
T6D58 091:526.160   JLINK_RTTERMINAL_Read(BufferIndex = 0, BufferSize = 0x00010000)
T6D58 091:526.328   - 0.172ms returns 0
T6D58 091:577.400   JLINK_RTTERMINAL_Read(BufferIndex = 0, BufferSize = 0x00010000)
T6D58 091:577.712   - 0.316ms returns 0
T6D58 091:628.800   JLINK_RTTERMINAL_Read(BufferIndex = 0, BufferSize = 0x00010000)
T6D58 091:628.992   - 0.193ms returns 0
T6D58 091:680.064   JLINK_RTTERMINAL_Read(BufferIndex = 0, BufferSize = 0x00010000)
T6D58 091:680.168   - 0.107ms returns 0
T6D58 091:731.048   JLINK_RTTERMINAL_Read(BufferIndex = 0, BufferSize = 0x00010000)
T6D58 091:731.248   - 0.205ms returns 0
T6D58 091:786.800   JLINK_RTTERMINAL_Read(BufferIndex = 0, BufferSize = 0x00010000)
T6D58 091:786.960   - 0.167ms returns 0
T6D58 091:838.376   JLINK_RTTERMINAL_Read(BufferIndex = 0, BufferSize = 0x00010000)
T6D58 091:838.512   - 0.138ms returns 0
T6D58 091:889.840   JLINK_RTTERMINAL_Read(BufferIndex = 0, BufferSize = 0x00010000)
T6D58 091:890.048   - 0.204ms returns 0
T6D58 091:941.072   JLINK_RTTERMINAL_Read(BufferIndex = 0, BufferSize = 0x00010000)
T6D58 091:941.232   - 0.155ms returns 0
T6D58 091:992.376   JLINK_RTTERMINAL_Read(BufferIndex = 0, BufferSize = 0x00010000)
T6D58 091:992.488   - 0.110ms returns 0
T6D58 092:043.576   JLINK_RTTERMINAL_Read(BufferIndex = 0, BufferSize = 0x00010000)
T6D58 092:043.656   - 0.076ms returns 0
T6D58 092:094.384   JLINK_RTTERMINAL_Read(BufferIndex = 0, BufferSize = 0x00010000)
T6D58 092:094.512   - 0.127ms returns 0
T6D58 092:146.720   JLINK_RTTERMINAL_Read(BufferIndex = 0, BufferSize = 0x00010000)
T6D58 092:146.784   - 0.062ms returns 0
T6D58 092:197.744   JLINK_RTTERMINAL_Read(BufferIndex = 0, BufferSize = 0x00010000)
T6D58 092:197.928   - 0.189ms returns 0
T6D58 092:250.448   JLINK_RTTERMINAL_Read(BufferIndex = 0, BufferSize = 0x00010000)
T6D58 092:250.632   - 0.178ms returns 0
T6D58 092:301.136   JLINK_RTTERMINAL_Read(BufferIndex = 0, BufferSize = 0x00010000)
T6D58 092:301.216   - 0.076ms returns 0
T6D58 092:352.392   JLINK_RTTERMINAL_Read(BufferIndex = 0, BufferSize = 0x00010000)
T6D58 092:352.504   - 0.119ms returns 0
T6D58 092:405.872   JLINK_RTTERMINAL_Read(BufferIndex = 0, BufferSize = 0x00010000)
T6D58 092:406.016   - 0.145ms returns 0
T6D58 092:457.144   JLINK_RTTERMINAL_Read(BufferIndex = 0, BufferSize = 0x00010000)
T6D58 092:457.328   - 0.177ms returns 0
T6D58 092:508.336   JLINK_RTTERMINAL_Read(BufferIndex = 0, BufferSize = 0x00010000)
T6D58 092:508.504   - 0.173ms returns 0
T6D58 092:559.328   JLINK_RTTERMINAL_Read(BufferIndex = 0, BufferSize = 0x00010000)
T6D58 092:559.400   - 0.070ms returns 0
T6D58 092:611.184   JLINK_RTTERMINAL_Read(BufferIndex = 0, BufferSize = 0x00010000)
T6D58 092:611.360   - 0.176ms returns 0
T6D58 092:665.224   JLINK_RTTERMINAL_Read(BufferIndex = 0, BufferSize = 0x00010000)
T6D58 092:665.424   - 0.203ms returns 0
T6D58 092:717.088   JLINK_RTTERMINAL_Read(BufferIndex = 0, BufferSize = 0x00010000)
T6D58 092:717.296   - 0.210ms returns 0
T6D58 092:768.128   JLINK_RTTERMINAL_Read(BufferIndex = 0, BufferSize = 0x00010000)
T6D58 092:768.336   - 0.203ms returns 0
T6D58 092:821.944   JLINK_RTTERMINAL_Read(BufferIndex = 0, BufferSize = 0x00010000)
T6D58 092:822.128   - 0.180ms returns 0
T6D58 092:872.968   JLINK_RTTERMINAL_Read(BufferIndex = 0, BufferSize = 0x00010000)
T6D58 092:873.104   - 0.140ms returns 0
T6D58 092:923.616   JLINK_RTTERMINAL_Read(BufferIndex = 0, BufferSize = 0x00010000)
T6D58 092:923.712   - 0.101ms returns 0
T6D58 092:974.768   JLINK_RTTERMINAL_Read(BufferIndex = 0, BufferSize = 0x00010000)
T6D58 092:974.936   - 0.169ms returns 0
T6D58 093:025.488   JLINK_RTTERMINAL_Read(BufferIndex = 0, BufferSize = 0x00010000)
T6D58 093:025.616   - 0.126ms returns 0
T6D58 093:078.256   JLINK_RTTERMINAL_Read(BufferIndex = 0, BufferSize = 0x00010000)
T6D58 093:078.400   - 0.140ms returns 0
T6D58 093:130.032   JLINK_RTTERMINAL_Read(BufferIndex = 0, BufferSize = 0x00010000)
T6D58 093:130.192   - 0.159ms returns 0
T6D58 093:182.832   JLINK_RTTERMINAL_Read(BufferIndex = 0, BufferSize = 0x00010000)
T6D58 093:182.984   - 0.153ms returns 0
T6D58 093:234.440   JLINK_RTTERMINAL_Read(BufferIndex = 0, BufferSize = 0x00010000)
T6D58 093:234.592   - 0.155ms returns 0
T6D58 093:285.504   JLINK_RTTERMINAL_Read(BufferIndex = 0, BufferSize = 0x00010000)
T6D58 093:285.744   - 0.249ms returns 0
T6D58 093:336.856   JLINK_RTTERMINAL_Read(BufferIndex = 0, BufferSize = 0x00010000)
T6D58 093:337.000   - 0.142ms returns 0
T6D58 093:387.824   JLINK_RTTERMINAL_Read(BufferIndex = 0, BufferSize = 0x00010000)
T6D58 093:388.008   - 0.180ms returns 0
T6D58 093:441.952   JLINK_RTTERMINAL_Read(BufferIndex = 0, BufferSize = 0x00010000)
T6D58 093:442.096   - 0.144ms returns 0
T6D58 093:493.480   JLINK_RTTERMINAL_Read(BufferIndex = 0, BufferSize = 0x00010000)
T6D58 093:493.680   - 0.198ms returns 0
T6D58 093:545.432   JLINK_RTTERMINAL_Read(BufferIndex = 0, BufferSize = 0x00010000)
T6D58 093:545.544   - 0.115ms returns 0
T6D58 093:596.408   JLINK_RTTERMINAL_Read(BufferIndex = 0, BufferSize = 0x00010000)
T6D58 093:596.600   - 0.195ms returns 0
T6D58 093:649.776   JLINK_RTTERMINAL_Read(BufferIndex = 0, BufferSize = 0x00010000)
T6D58 093:649.904   - 0.132ms returns 0
T6D58 093:701.328   JLINK_RTTERMINAL_Read(BufferIndex = 0, BufferSize = 0x00010000)
T6D58 093:701.536   - 0.213ms returns 0
T6D58 093:752.496   JLINK_RTTERMINAL_Read(BufferIndex = 0, BufferSize = 0x00010000)
T6D58 093:752.608   - 0.113ms returns 0
T6D58 093:805.392   JLINK_RTTERMINAL_Read(BufferIndex = 0, BufferSize = 0x00010000)
T6D58 093:805.552   - 0.158ms returns 0
T6D58 093:857.104   JLINK_RTTERMINAL_Read(BufferIndex = 0, BufferSize = 0x00010000)
T6D58 093:857.296   - 0.191ms returns 0
T6D58 093:908.496   JLINK_RTTERMINAL_Read(BufferIndex = 0, BufferSize = 0x00010000)
T6D58 093:908.704   - 0.208ms returns 0
T6D58 093:960.816   JLINK_RTTERMINAL_Read(BufferIndex = 0, BufferSize = 0x00010000)
T6D58 093:960.976   - 0.157ms returns 0
T6D58 094:012.248   JLINK_RTTERMINAL_Read(BufferIndex = 0, BufferSize = 0x00010000)
T6D58 094:012.376   - 0.127ms returns 0
T6D58 094:064.728   JLINK_RTTERMINAL_Read(BufferIndex = 0, BufferSize = 0x00010000)
T6D58 094:064.880   - 0.157ms returns 0
T6D58 094:116.448   JLINK_RTTERMINAL_Read(BufferIndex = 0, BufferSize = 0x00010000)
T6D58 094:116.632   - 0.188ms returns 0
T6D58 094:167.488   JLINK_RTTERMINAL_Read(BufferIndex = 0, BufferSize = 0x00010000)
T6D58 094:167.592   - 0.105ms returns 0
T6D58 094:218.832   JLINK_RTTERMINAL_Read(BufferIndex = 0, BufferSize = 0x00010000)
T6D58 094:219.000   - 0.169ms returns 0
T6D58 094:269.776   JLINK_RTTERMINAL_Read(BufferIndex = 0, BufferSize = 0x00010000)
T6D58 094:269.880   - 0.109ms returns 0
T6D58 094:320.384   JLINK_RTTERMINAL_Read(BufferIndex = 0, BufferSize = 0x00010000)
T6D58 094:320.488   - 0.101ms returns 0
T6D58 094:371.792   JLINK_RTTERMINAL_Read(BufferIndex = 0, BufferSize = 0x00010000)
T6D58 094:372.016   - 0.225ms returns 0
T6D58 094:423.432   JLINK_RTTERMINAL_Read(BufferIndex = 0, BufferSize = 0x00010000)
T6D58 094:423.536   - 0.104ms returns 0
T6D58 094:474.000   JLINK_RTTERMINAL_Read(BufferIndex = 0, BufferSize = 0x00010000)
T6D58 094:474.096   - 0.100ms returns 0
T6D58 094:525.488   JLINK_RTTERMINAL_Read(BufferIndex = 0, BufferSize = 0x00010000)
T6D58 094:525.584   - 0.097ms returns 0
T6D58 094:577.616   JLINK_RTTERMINAL_Read(BufferIndex = 0, BufferSize = 0x00010000)
T6D58 094:577.696   - 0.078ms returns 0
T6D58 094:628.312   JLINK_RTTERMINAL_Read(BufferIndex = 0, BufferSize = 0x00010000)
T6D58 094:628.408   - 0.097ms returns 0
T6D58 094:682.088   JLINK_RTTERMINAL_Read(BufferIndex = 0, BufferSize = 0x00010000)
T6D58 094:682.264   - 0.178ms returns 0
T6D58 094:733.232   JLINK_RTTERMINAL_Read(BufferIndex = 0, BufferSize = 0x00010000)
T6D58 094:733.328   - 0.089ms returns 0
T6D58 094:784.304   JLINK_RTTERMINAL_Read(BufferIndex = 0, BufferSize = 0x00010000)
T6D58 094:784.504   - 0.205ms returns 0
T6D58 094:835.376   JLINK_RTTERMINAL_Read(BufferIndex = 0, BufferSize = 0x00010000)
T6D58 094:835.568   - 0.195ms returns 0
T6D58 094:888.016   JLINK_RTTERMINAL_Read(BufferIndex = 0, BufferSize = 0x00010000)
T6D58 094:888.184   - 0.169ms returns 0
T6D58 094:939.136   JLINK_RTTERMINAL_Read(BufferIndex = 0, BufferSize = 0x00010000)
T6D58 094:939.240   - 0.108ms returns 0
T6D58 094:989.872   JLINK_RTTERMINAL_Read(BufferIndex = 0, BufferSize = 0x00010000)
T6D58 094:989.960   - 0.086ms returns 0
T6D58 095:040.952   JLINK_RTTERMINAL_Read(BufferIndex = 0, BufferSize = 0x00010000)
T6D58 095:041.072   - 0.120ms returns 0
T6D58 095:091.520   JLINK_RTTERMINAL_Read(BufferIndex = 0, BufferSize = 0x00010000)
T6D58 095:091.608   - 0.091ms returns 0
T6D58 095:142.256   JLINK_RTTERMINAL_Read(BufferIndex = 0, BufferSize = 0x00010000)
T6D58 095:142.352   - 0.092ms returns 0
T6D58 095:193.424   JLINK_RTTERMINAL_Read(BufferIndex = 0, BufferSize = 0x00010000)
T6D58 095:193.504   - 0.085ms returns 0
T6D58 095:244.472   JLINK_RTTERMINAL_Read(BufferIndex = 0, BufferSize = 0x00010000)
T6D58 095:244.560   - 0.094ms returns 0
T6D58 095:295.120   JLINK_RTTERMINAL_Read(BufferIndex = 0, BufferSize = 0x00010000)
T6D58 095:295.280   - 0.165ms returns 0
T6D58 095:348.768   JLINK_RTTERMINAL_Read(BufferIndex = 0, BufferSize = 0x00010000)
T6D58 095:348.992   - 0.225ms returns 0
T6D58 095:400.232   JLINK_RTTERMINAL_Read(BufferIndex = 0, BufferSize = 0x00010000)
T6D58 095:400.304   - 0.076ms returns 0
T6D58 095:450.984   JLINK_RTTERMINAL_Read(BufferIndex = 0, BufferSize = 0x00010000)
T6D58 095:451.072   - 0.092ms returns 0
T6D58 095:501.872   JLINK_RTTERMINAL_Read(BufferIndex = 0, BufferSize = 0x00010000)
T6D58 095:502.024   - 0.151ms returns 0
T6D58 095:554.240   JLINK_RTTERMINAL_Read(BufferIndex = 0, BufferSize = 0x00010000)
T6D58 095:554.320   - 0.076ms returns 0
T6D58 095:605.184   JLINK_RTTERMINAL_Read(BufferIndex = 0, BufferSize = 0x00010000)
T6D58 095:605.280   - 0.097ms returns 0
T6D58 095:658.248   JLINK_RTTERMINAL_Read(BufferIndex = 0, BufferSize = 0x00010000)
T6D58 095:658.360   - 0.122ms returns 0
T6D58 095:709.200   JLINK_RTTERMINAL_Read(BufferIndex = 0, BufferSize = 0x00010000)
T6D58 095:709.368   - 0.165ms returns 0
T6D58 095:761.304   JLINK_RTTERMINAL_Read(BufferIndex = 0, BufferSize = 0x00010000)
T6D58 095:761.448   - 0.137ms returns 0
T6D58 095:812.640   JLINK_RTTERMINAL_Read(BufferIndex = 0, BufferSize = 0x00010000)
T6D58 095:812.784   - 0.150ms returns 0
T6D58 095:863.280   JLINK_RTTERMINAL_Read(BufferIndex = 0, BufferSize = 0x00010000)
T6D58 095:863.424   - 0.142ms returns 0
T6D58 095:914.512   JLINK_RTTERMINAL_Read(BufferIndex = 0, BufferSize = 0x00010000)
T6D58 095:914.648   - 0.144ms returns 0
T6D58 095:965.504   JLINK_RTTERMINAL_Read(BufferIndex = 0, BufferSize = 0x00010000)
T6D58 095:965.688   - 0.188ms returns 0
T6D58 096:019.856   JLINK_RTTERMINAL_Read(BufferIndex = 0, BufferSize = 0x00010000)
T6D58 096:020.080   - 0.223ms returns 0
T6D58 096:071.616   JLINK_RTTERMINAL_Read(BufferIndex = 0, BufferSize = 0x00010000)
T6D58 096:071.800   - 0.182ms returns 0
T6D58 096:124.072   JLINK_RTTERMINAL_Read(BufferIndex = 0, BufferSize = 0x00010000)
T6D58 096:124.176   - 0.101ms returns 0
T6D58 096:175.512   JLINK_RTTERMINAL_Read(BufferIndex = 0, BufferSize = 0x00010000)
T6D58 096:175.720   - 0.207ms returns 0
T6D58 096:231.176   JLINK_RTTERMINAL_Read(BufferIndex = 0, BufferSize = 0x00010000)
T6D58 096:231.344   - 0.166ms returns 0
T6D58 096:283.216   JLINK_RTTERMINAL_Read(BufferIndex = 0, BufferSize = 0x00010000)
T6D58 096:283.312   - 0.086ms returns 0
T6D58 096:334.888   JLINK_RTTERMINAL_Read(BufferIndex = 0, BufferSize = 0x00010000)
T6D58 096:335.064   - 0.177ms returns 0
T6D58 096:386.616   JLINK_RTTERMINAL_Read(BufferIndex = 0, BufferSize = 0x00010000)
T6D58 096:386.720   - 0.102ms returns 0
T6D58 096:437.688   JLINK_RTTERMINAL_Read(BufferIndex = 0, BufferSize = 0x00010000)
T6D58 096:437.856   - 0.172ms returns 0
T6D58 096:489.416   JLINK_RTTERMINAL_Read(BufferIndex = 0, BufferSize = 0x00010000)
T6D58 096:489.584   - 0.162ms returns 0
T6D58 096:541.376   JLINK_RTTERMINAL_Read(BufferIndex = 0, BufferSize = 0x00010000)
T6D58 096:541.568   - 0.195ms returns 0
T6D58 096:592.776   JLINK_RTTERMINAL_Read(BufferIndex = 0, BufferSize = 0x00010000)
T6D58 096:592.936   - 0.160ms returns 0
T6D58 096:643.792   JLINK_RTTERMINAL_Read(BufferIndex = 0, BufferSize = 0x00010000)
T6D58 096:643.912   - 0.113ms returns 0
T6D58 096:694.448   JLINK_RTTERMINAL_Read(BufferIndex = 0, BufferSize = 0x00010000)
T6D58 096:694.608   - 0.159ms returns 0
T6D58 096:745.856   JLINK_RTTERMINAL_Read(BufferIndex = 0, BufferSize = 0x00010000)
T6D58 096:745.952   - 0.094ms returns 0
T6D58 096:798.968   JLINK_RTTERMINAL_Read(BufferIndex = 0, BufferSize = 0x00010000)
T6D58 096:799.136   - 0.163ms returns 0
T6D58 096:850.352   JLINK_RTTERMINAL_Read(BufferIndex = 0, BufferSize = 0x00010000)
T6D58 096:850.536   - 0.182ms returns 0
T6D58 096:902.424   JLINK_RTTERMINAL_Read(BufferIndex = 0, BufferSize = 0x00010000)
T6D58 096:902.512   - 0.090ms returns 0
T6D58 096:953.768   JLINK_RTTERMINAL_Read(BufferIndex = 0, BufferSize = 0x00010000)
T6D58 096:953.944   - 0.186ms returns 0
T6D58 097:005.520   JLINK_RTTERMINAL_Read(BufferIndex = 0, BufferSize = 0x00010000)
T6D58 097:005.648   - 0.140ms returns 0
T6D58 097:056.496   JLINK_RTTERMINAL_Read(BufferIndex = 0, BufferSize = 0x00010000)
T6D58 097:056.656   - 0.171ms returns 0
T6D58 097:109.888   JLINK_RTTERMINAL_Read(BufferIndex = 0, BufferSize = 0x00010000)
T6D58 097:110.080   - 0.192ms returns 0
T6D58 097:161.672   JLINK_RTTERMINAL_Read(BufferIndex = 0, BufferSize = 0x00010000)
T6D58 097:161.840   - 0.169ms returns 0
T6D58 097:216.440   JLINK_RTTERMINAL_Read(BufferIndex = 0, BufferSize = 0x00010000)
T6D58 097:216.624   - 0.184ms returns 0
T6D58 097:267.600   JLINK_RTTERMINAL_Read(BufferIndex = 0, BufferSize = 0x00010000)
T6D58 097:267.792   - 0.190ms returns 0
T6D58 097:322.248   JLINK_RTTERMINAL_Read(BufferIndex = 0, BufferSize = 0x00010000)
T6D58 097:322.496   - 0.248ms returns 0
T6D58 097:373.176   JLINK_RTTERMINAL_Read(BufferIndex = 0, BufferSize = 0x00010000)
T6D58 097:373.328   - 0.151ms returns 0
T6D58 097:424.656   JLINK_RTTERMINAL_Read(BufferIndex = 0, BufferSize = 0x00010000)
T6D58 097:424.848   - 0.198ms returns 0
T6D58 097:476.240   JLINK_RTTERMINAL_Read(BufferIndex = 0, BufferSize = 0x00010000)
T6D58 097:476.408   - 0.171ms returns 0
T6D58 097:527.560   JLINK_RTTERMINAL_Read(BufferIndex = 0, BufferSize = 0x00010000)
T6D58 097:527.664   - 0.107ms returns 0
T6D58 097:578.744   JLINK_RTTERMINAL_Read(BufferIndex = 0, BufferSize = 0x00010000)
T6D58 097:578.864   - 0.119ms returns 0
T6D58 097:630.536   JLINK_RTTERMINAL_Read(BufferIndex = 0, BufferSize = 0x00010000)
T6D58 097:630.736   - 0.196ms returns 0
T6D58 097:682.504   JLINK_RTTERMINAL_Read(BufferIndex = 0, BufferSize = 0x00010000)
T6D58 097:682.608   - 0.107ms returns 0
T6D58 097:734.096   JLINK_RTTERMINAL_Read(BufferIndex = 0, BufferSize = 0x00010000)
T6D58 097:734.224   - 0.132ms returns 0
T6D58 097:785.832   JLINK_RTTERMINAL_Read(BufferIndex = 0, BufferSize = 0x00010000)
T6D58 097:785.928   - 0.095ms returns 0
T6D58 097:836.616   JLINK_RTTERMINAL_Read(BufferIndex = 0, BufferSize = 0x00010000)
T6D58 097:836.712   - 0.095ms returns 0
T6D58 097:887.696   JLINK_RTTERMINAL_Read(BufferIndex = 0, BufferSize = 0x00010000)
T6D58 097:887.800   - 0.103ms returns 0
T6D58 097:939.984   JLINK_RTTERMINAL_Read(BufferIndex = 0, BufferSize = 0x00010000)
T6D58 097:940.064   - 0.084ms returns 0
T6D58 097:991.008   JLINK_RTTERMINAL_Read(BufferIndex = 0, BufferSize = 0x00010000)
T6D58 097:991.096   - 0.091ms returns 0
T6D58 098:042.136   JLINK_RTTERMINAL_Read(BufferIndex = 0, BufferSize = 0x00010000)
T6D58 098:042.304   - 0.165ms returns 0
T6D58 098:093.216   JLINK_RTTERMINAL_Read(BufferIndex = 0, BufferSize = 0x00010000)
T6D58 098:093.304   - 0.090ms returns 0
T6D58 098:144.152   JLINK_RTTERMINAL_Read(BufferIndex = 0, BufferSize = 0x00010000)
T6D58 098:144.264   - 0.112ms returns 0
T6D58 098:197.208   JLINK_RTTERMINAL_Read(BufferIndex = 0, BufferSize = 0x00010000)
T6D58 098:197.344   - 0.134ms returns 0
T6D58 098:248.496   JLINK_RTTERMINAL_Read(BufferIndex = 0, BufferSize = 0x00010000)
T6D58 098:248.600   - 0.104ms returns 0
T6D58 098:299.896   JLINK_RTTERMINAL_Read(BufferIndex = 0, BufferSize = 0x00010000)
T6D58 098:299.992   - 0.098ms returns 0
T6D58 098:352.912   JLINK_RTTERMINAL_Read(BufferIndex = 0, BufferSize = 0x00010000)
T6D58 098:353.104   - 0.196ms returns 0
T6D58 098:404.832   JLINK_RTTERMINAL_Read(BufferIndex = 0, BufferSize = 0x00010000)
T6D58 098:405.040   - 0.212ms returns 0
T6D58 098:458.912   JLINK_RTTERMINAL_Read(BufferIndex = 0, BufferSize = 0x00010000)
T6D58 098:459.000   - 0.090ms returns 0
T6D58 098:510.344   JLINK_RTTERMINAL_Read(BufferIndex = 0, BufferSize = 0x00010000)
T6D58 098:510.432   - 0.092ms returns 0
T6D58 098:561.216   JLINK_RTTERMINAL_Read(BufferIndex = 0, BufferSize = 0x00010000)
T6D58 098:561.288   - 0.071ms returns 0
T6D58 098:612.040   JLINK_RTTERMINAL_Read(BufferIndex = 0, BufferSize = 0x00010000)
T6D58 098:612.120   - 0.079ms returns 0
T6D58 098:665.920   JLINK_RTTERMINAL_Read(BufferIndex = 0, BufferSize = 0x00010000)
T6D58 098:666.064   - 0.136ms returns 0
T6D58 098:717.136   JLINK_RTTERMINAL_Read(BufferIndex = 0, BufferSize = 0x00010000)
T6D58 098:717.264   - 0.138ms returns 0
T6D58 098:768.176   JLINK_RTTERMINAL_Read(BufferIndex = 0, BufferSize = 0x00010000)
T6D58 098:768.280   - 0.107ms returns 0
T6D58 098:821.104   JLINK_RTTERMINAL_Read(BufferIndex = 0, BufferSize = 0x00010000)
T6D58 098:821.264   - 0.167ms returns 0
T6D58 098:872.336   JLINK_RTTERMINAL_Read(BufferIndex = 0, BufferSize = 0x00010000)
T6D58 098:872.480   - 0.148ms returns 0
T6D58 098:924.472   JLINK_RTTERMINAL_Read(BufferIndex = 0, BufferSize = 0x00010000)
T6D58 098:924.584   - 0.110ms returns 0
T6D58 098:975.104   JLINK_RTTERMINAL_Read(BufferIndex = 0, BufferSize = 0x00010000)
T6D58 098:975.216   - 0.107ms returns 0
T6D58 099:026.664   JLINK_RTTERMINAL_Read(BufferIndex = 0, BufferSize = 0x00010000)
T6D58 099:026.736   - 0.068ms returns 0
T6D58 099:077.320   JLINK_RTTERMINAL_Read(BufferIndex = 0, BufferSize = 0x00010000)
T6D58 099:077.424   - 0.105ms returns 0
T6D58 099:128.512   JLINK_RTTERMINAL_Read(BufferIndex = 0, BufferSize = 0x00010000)
T6D58 099:128.704   - 0.197ms returns 0
T6D58 099:179.352   JLINK_RTTERMINAL_Read(BufferIndex = 0, BufferSize = 0x00010000)
T6D58 099:179.504   - 0.151ms returns 0
T6D58 099:230.544   JLINK_RTTERMINAL_Read(BufferIndex = 0, BufferSize = 0x00010000)
T6D58 099:230.656   - 0.104ms returns 0
T6D58 099:281.872   JLINK_RTTERMINAL_Read(BufferIndex = 0, BufferSize = 0x00010000)
T6D58 099:282.032   - 0.158ms returns 0
T6D58 099:333.536   JLINK_RTTERMINAL_Read(BufferIndex = 0, BufferSize = 0x00010000)
T6D58 099:333.776   - 0.235ms returns 0
T6D58 099:385.720   JLINK_RTTERMINAL_Read(BufferIndex = 0, BufferSize = 0x00010000)
T6D58 099:385.816   - 0.096ms returns 0
T6D58 099:438.160   JLINK_RTTERMINAL_Read(BufferIndex = 0, BufferSize = 0x00010000)
T6D58 099:438.360   - 0.206ms returns 0
T6D58 099:488.928   JLINK_RTTERMINAL_Read(BufferIndex = 0, BufferSize = 0x00010000)
T6D58 099:489.056   - 0.127ms returns 0
T6D58 099:539.936   JLINK_RTTERMINAL_Read(BufferIndex = 0, BufferSize = 0x00010000)
T6D58 099:540.032   - 0.097ms returns 0
T6D58 099:590.968   JLINK_RTTERMINAL_Read(BufferIndex = 0, BufferSize = 0x00010000)
T6D58 099:591.080   - 0.107ms returns 0
T6D58 099:641.416   JLINK_RTTERMINAL_Read(BufferIndex = 0, BufferSize = 0x00010000)
T6D58 099:641.488   - 0.074ms returns 0
T6D58 099:692.272   JLINK_RTTERMINAL_Read(BufferIndex = 0, BufferSize = 0x00010000)
T6D58 099:692.392   - 0.118ms returns 0
T6D58 099:743.504   JLINK_RTTERMINAL_Read(BufferIndex = 0, BufferSize = 0x00010000)
T6D58 099:743.584   - 0.077ms returns 0
T6D58 099:797.832   JLINK_RTTERMINAL_Read(BufferIndex = 0, BufferSize = 0x00010000)
T6D58 099:797.928   - 0.097ms returns 0
T6D58 099:849.424   JLINK_RTTERMINAL_Read(BufferIndex = 0, BufferSize = 0x00010000)
T6D58 099:849.520   - 0.095ms returns 0
T6D58 099:901.256   JLINK_RTTERMINAL_Read(BufferIndex = 0, BufferSize = 0x00010000)
T6D58 099:901.464   - 0.214ms returns 0
T6D58 099:952.280   JLINK_RTTERMINAL_Read(BufferIndex = 0, BufferSize = 0x00010000)
T6D58 099:952.376   - 0.094ms returns 0
T72E4 100:002.128 JLINK_ClrBPEx(BPHandle = 0x00000006)
T72E4 100:003.184 - 1.064ms returns 0x00
T6D58 100:003.264   JLINK_RTTERMINAL_Read(BufferIndex = 0, BufferSize = 0x00010000)
T6D58 100:003.312   - 0.048ms returns 0
T72E4 100:003.448 JLINK_Halt()
T72E4 100:003.496 - 0.045ms returns 0x00
T72E4 100:003.520 JLINK_ReadReg(XPSR)
T72E4 100:003.544 - 0.027ms returns 0x61000000
T72E4 100:012.432 JLINK_Close()
T72E4 100:014.992   CPU_WriteMem(4 bytes @ 0xE0002008)
T72E4 100:015.656   OnDisconnectTarget() start
T72E4 100:015.800    J-Link Script File: Executing OnDisconnectTarget()
T72E4 100:015.832   Restoring low power mode settings.
T72E4 100:017.816   OnDisconnectTarget() end - Took 2.01ms
T72E4 100:037.264 - 24.830ms
T72E4 100:037.400   
T72E4 100:037.424   Closed
