:020000040200F8
:10000000C0150022ADEE000255ED0002A9EE00027F
:10001000A9EE0002A9EE0002A9EE0002A9EE00027C
:10002000000000000000000000000000A9EE000237
:10003000A9EE000200000000C17400023D7500023C
:100040000D9E0002459E0002699E00028D9E0002E8
:10005000B19E0002E99E00020D9F000291E900029C
:0400600091E9000220
:1000640000000098000000000000000000000000F4
:1000740000001890000000000000000000000000D4
:1000840075785F686F73745F636C6173735F6364C7
:10009400635F61636D00000075785F686F73745F00
:1000A400636C6173735F6875620000000101010293
:1000B400010101010101010101010101010101012C
:1000C400010101010100000001010201010101011E
:1000D400010102010101010202020101010100000A
:1000E4000101010102010000F0F0F0F00000000045
:1000F400000000001400254014002540000000000A
:100104001800254018002540000000001C00254070
:100114001C0025401410354016103540171035408A
:10012400181035401A1035401B1035401C1035404E
:100134001E1035401F10354000000000A0AB002207
:1001440068AB002230AB0022C0AA0022F8AA002229
:1001540088AA002250AA002218AA0022E0A900229C
:10016400A8A9002270A9002299A6000261A6000293
:1001740061A6000261A6000265A6000261A6000253
:1001840061A6000261A60002E9A6000261A60002BF
:1001940061A60002C1A6000261A6000261A60002D7
:1001A40061A6000200000000F1CA000251CC000266
:1001B400F1CA0002F1CA0002F1CA0002F1CA000247
:1001C400C9CC0002D5CA00026C0100220000000064
:1001D40038D00022A0D0002208D100220000000064
:1001E400000000000000000000000000000000000B
:1001F40000000000000000000000000000000000FB
:1002040000000000000000000000000000000000EA
:080214000000000000000000E2
:100220000348044B834202D0034B03B11847704785
:10023000B8010022B801002200000000064B074967
:10024000C91A891048BF0131491003D0044B0BB1C2
:1002500001481847704700BFB8010022B8010022CA
:100260000000000010B5064C237843B9FFF7D8FF13
:10027000044B13B10448AFF300800123237010BD79
:10028000F01500220000000084A2000308B5054B11
:100290001BB105490548AFF30080BDE80840FFF7F2
:1002A000CDBF00BF00000000F415002284A20003AF
:1002B0002DE9F041D0E902850446A8EB0507406826
:1002C00097422844154408D80E463A46A5EB08053F
:1002D0000EF06CFF2A466068F1190EF067FFBFF35D
:1002E0005F8FE560BDE8F0812DE9F8434FF000092C
:1002F000064688461746D0E902243369151B9C42FE
:1003000003F1FF3125BF03F1FF339B180B1B1B1BB0
:10031000BD4228BF3D469D4228BF1D4670684146EC
:100320002A4620440EF042FFB2682C44A24208BF85
:100330000024A944A8447F1BBFF35F8FF460002F03
:10034000DBD14846BDE8F883F8B5154CA82200215A
:1003500020460EF009FF4FF4006600230320102210
:100360001049114F114D20616061A161E761266262
:10037000A3626362E36221666566A2662367E36641
:100380006367BFF35F8F0A4B42F001E01846C21A61
:1003900013F9011DA1540FF007C0BFF35F8FF8BD23
:1003A000201E002274FA00022016002210160022DD
:1003B000C00301022DE9F04FDFF8A890054699F837
:1003C00000300F46532B144683B001D0FFF7BCFF1B
:1003D00005EB450309EBC3031E6FD3F86CB04FEA7E
:1003E00045085E451FD8ABEB060B5C4528BF5C4655
:1003F0001CB9204603B0BDE8F08FA24608EB050308
:1004000009EBC303596E3846314422460EF0CEFE46
:100410002644BAF1000F04D0A84409EBC808C8F874
:1004200070605446E5E79A6E596EA2EB060AA24543
:1004300028BFA24631443846524601930EF0B6FE1C
:10044000019B56449B6EA4EB0A04B34214BFABEB72
:10045000060B00265C4528BF5C46002CD9D05744CB
:10046000A244CBE7201E002210B50B46EFF3118407
:100470004FF0200181F311881946FFF79BFF84F3A9
:10048000118810BD70B51D4D441C00EB400005EBFC
:10049000C00304EB440405EBC400DC6A8C46012C69
:1004A000164612D0022C0CD0FCB99A6A596A8A42BC
:1004B0009CBF1B6AD218013A511A8E4218D92046A5
:1004C00070BDBDE87040FFF70FBF9A6A5C6AA24238
:1004D0009CBF1B6AD218013A141BB44228BF344691
:1004E0002246FFF7E5FE204670BD0024204670BD81
:1004F00032466146FFF7DCFE3446E0E7201E00226C
:10050000F8B50B4B04461B780D46532B164601D00D
:10051000FFF71AFFEFF311874FF0200181F31188E5
:10052000324629462046FFF7ADFF87F31188F8BD14
:10053000201E002210B5064C2378532B01D0FFF764
:1005400003FFE36E206FC01A18BF012010BD00BF6B
:10055000201E0022D0E9013210B50446501C9842FA
:1005600007D8236899540246E16863680131C4E9F9
:1005700002019A4200D010BD21682069FFF7C0FF38
:10058000A368984215BF4FF0FF330023E360A360D8
:1005900010BD00BF2DE9F84F91428A46DDE90A847B
:1005A000154683461E466AD30B460127B3FBF5F377
:1005B0009D4207F10107F9D9B74238BF374614F019
:1005C000010902D1B8F1000F40D1DBF80C30002B4B
:1005D0002CDB0124002E14BF3346234601E005FB2B
:1005E00004F4013BFBD1BAFBF4F39D4205D805FBB3
:1005F00004F4BAFBF4F39D42F9D9224E06E0AC4272
:10060000B4FBF5F30CD31C46BAFBF3F3F156584692
:1006100004FB13AAFFF79EFFDBF80C30002BEEDA89
:10062000B9F1000F02D0B8F1000F09D1BDE8F88F81
:1006300020215846FFF78EFFDBF80C30002BF5DB4E
:10064000B84508F1FF38F3D8BDE8F88FA30711D4F7
:1006500020240CE021465846FFF77CFFDBF80C30E5
:1006600008F1FF38002BE1DBB8F1000FAFD0B8453F
:10067000F0D8AAE7002E0CBF30242024F7E701278A
:100680009AE700BFC80301022DE9F04F00234FF4A1
:100690008074CBB00DF12809059480460C461746AE
:1006A000CDE90633CDF81090089006E004A8FFF7D6
:1006B00051FF079B002BC0F2AE8014F9011B0029EB
:1006C00000F0A1802529F1D10026234613F9011B52
:1006D000A1F123020D2A08D8DFE802F080070707FE
:1006E000070707077C0784070778A1F13002D2B219
:1006F000092A4FF0000501D90EE0013305EB85050D
:1007000001EB450593F900101C46A1F13002D2B26D
:10071000092AA5F13005F0D92E2900F080800022A9
:10072000924694F9001021F00403682B04F10104AF
:100730005CD02529BAD05839CBB2202BB9D8202982
:10074000B7D801A353F821F06D080002B3060002E8
:10075000B3060002B3060002B3060002B3060002AD
:10076000B3060002B3060002B3060002B30600029D
:10077000B30600028908000211090002B306000254
:10078000B3060002B3060002B3060002B30600027D
:10079000B3060002B3060002B3060002B30600026D
:1007A000B3060002B3060002F3080002B30600021B
:1007B000B3060002B7080002B30600029D0800025B
:1007C000B3060002B30600026D0800021C4646F0A4
:1007D00002067AE71C4646F0040676E71C4646F019
:1007E000080672E71C4646F001066EE714F9011B85
:1007F00021F00403682B9CD114F9011B21F00403A0
:10080000682B96D1F2E7079B002B04DD069C002C99
:1008100040F0B180234418464BB0BDE8F08F94F906
:1008200001102A2909D13B684FF0010A1A1D3A60CC
:1008300094F902101A68023475E7A1F13003DBB2B3
:10084000092B4FF0000204F1010400F2DC8002EBFE
:10085000820201EB420214F9011F303AA1F1300388
:10086000DBB2092BF3D94FF0010A5CE713461022E3
:10087000386801680430CDE9005638600DEB02009D
:10088000FFF788FE079B15E73B6804A81A1D93F93C
:1008900000103A60FFF75EFE079B0BE738681346CF
:1008A00001680430CDE900560A22386004A8FFF739
:1008B00071FE079BFEE63B68191D39601D68002D1F
:1008C00000F089800132AE1815F9011B00293FF4B0
:1008D000F0AEBAF1000F02D0B5423FF4EAAE04A880
:1008E000FFF738FE079B002BEEDA18464BB0BDE849
:1008F000F08F3A680823116804323A600020102211
:10090000CDE900300DEB0200FFF744FE079BD1E676
:100910003B684FF0010AD3F800B004333B608BEA28
:10092000EB73A3EBEB73092B09DD47481946A0FBDA
:1009300003C363290AF1010A4FEAD303F6DC9245A7
:1009400038BF924605BB0025079B002BFFF663AF1F
:10095000BBF1000F43DB73074ED406F00303022BF9
:1009600053D0134659460A22CDE9005604A8FFF792
:1009700011FE079B9EE62246494640460393FFF739
:10098000BFFD039B234446E7BBF1000F06F00203C3
:1009900018DB710716D4002B4ED08AB1F3070DD5A2
:1009A0000EE0202104A80392FFF7D4FD079B013D30
:1009B000002BFFF630AF039A002DC6D0AA45F0D326
:1009C000079BC2E7013D0BB1002AF9D0F107F7D42C
:1009D000002DF3D1B7E74FF0000A1C4D72E72D212F
:1009E00004A80392FFF7B6FD039ACBF1000B079B17
:1009F000002BFFF610AFB0E72B2104A80392FFF7FE
:100A0000A9FD039AF3E792468DE6002AA9D1002DAD
:100A1000A7D0554516D9302104A80392FFF79AFDB7
:100A2000079B013D002BFFF6F6AE039A002DF0D197
:100A3000002BFFF6F0AE94E7F007BFD5079B002B25
:100A40008FDAE8E6079BF3E7CDCCCCCC80FA000246
:100A50000EB400B582B003AB53F8041B01AA019396
:100A6000FFF712FE02B05DF804EB03B0704700BF61
:100A700070B5342482B000944FF48063174A18494B
:100A8000184805F09DFA044610B1204602B070BD2A
:100A9000382614250122CDE90056134B134914487A
:100AA00005F02CFC044698B90122CDE90056114B03
:100AB0001149124805F022FC04460028E5D00948F7
:100AC00005F0D8FA0A4805F079FC204602B070BD5E
:100AD000044805F0CFFA204602B070BDF81E00228F
:100AE00088FA0002F8220022E01E0022A0FA00028A
:100AF00064230022C81E0022B0FA00022C23002228
:100B000008B5084805F0B6FA074805F057FC07484D
:100B100005F054FC012206490020FFF799FF00BEB2
:100B200008BD00BFF8220022642300222C230022EB
:100B3000C4FA0002022800D07047024902480DF0B2
:100B40002DBC00BF60040102D877002270B50546B5
:100B500018480C46164603F08DF821460246154803
:100B600002F0BCFF20B9012D044603D0022D11D0A4
:100B7000002070BDB269104B527C1E600A2A11D051
:100B800032687AB191691A604A7C0A2A0AD0002038
:100B90001C6070BD2A466FF00101084805F002FB99
:100BA000054BF4E700220121044805F0FBFA002080
:100BB00070BD00BF20000022B0770022B477002271
:100BC0002DE9F047002486B0CDE90344059400F0F8
:100BD00011FA22462146012000F0D4F9234622468C
:100BE0004FF49041634802F0E7FD0390002840F085
:100BF0009E800DF10C0A23215F4A022000F0C2F909
:100C00005E4802F093F90390002840F0A880272165
:100C10005B4A022000F0B6F95A495B480DF0C4F96E
:100C20000590002840F0908040F20641002341F0FA
:100C300001E0564A02F8013F01330FF005C8544C59
:100C4000544EDFF88091544FDFF87C814FF0FF3530
:100C500000220121304604AB009505F07FFA2068A0
:100C60000028F5D04B464022394600F007FE03909D
:100C700090BB2C21494A022000F084F940F2064240
:100C80004146474B206800F065FE0390002843D1A1
:100C90004FF40062002138460EF066FA4B4640F2EF
:100CA00006423946206800F0E9FD039048BB282140
:100CB0003C4A022000F066F9414640F206423846BE
:100CC0000EF042FA272190B90220374A00F05AF973
:100CD000322004F091FDB9E72821344A032000F0C6
:100CE00051F904215246084600F04CF9C1E7304A58
:100CF000032000F047F904215246084600F042F96B
:100D0000E6E72821294A032000F03CF90421524655
:100D1000084600F037F9CAE72921264A032000F0E7
:100D200031F904215246084600F02CF9B0E723219E
:100D3000214A032000F026F904210DF10C0A524645
:100D4000084600F01FF956E718211C4A032000F05E
:100D500019F9042105AA084600F014F964E72621D0
:100D6000174A032000F00EF904215246084600F00D
:100D700009F94CE7A023002208FB00024D0B0002FA
:100D800054FB0002D8030102E07700229F6B00228F
:100D9000B0770022B4770022A86F0022BCFB0002CB
:100DA000AC77002214FC00023CFC000294FB000221
:100DB00064FC0002E8FB0002E4FA00027CFB000293
:100DC0002CFB0002A8770022A06B00222DE9F04343
:100DD00000249DB0232221460AA808940694CDF849
:100DE000234007940EF0C0F9039404F03BFF232145
:100DF0000346564A0AA80EF073F9FFF739FE002899
:100E000040F093800027DFF87481DFF87491FFF7DA
:100E100091FB48B30F2206A90020FFF725FB0246ED
:100E20004FF0FF33404613A90932139705F092F8AB
:100E3000044600286ED1139D06A803952C700EF071
:100E4000C2F9421C06A9C5F8012005F109000EF0FF
:100E5000ADF94FF0FF32484603A905F0E7FACDE9B6
:100E600006440894CDF823402322002113A80497B8
:100E7000374C0EF079F9354E364D01E00A2823D073
:100E80000122204604A905F0AFFA0028F6D1049B00
:100E90003246D3F80530232113A80EF021F9049A25
:100EA0001378013B032B4CD8DFE803F01E18120225
:100EB000D2F809209ABB29460020FFF7C9FD049803
:100EC00005F0EEF80A28DBD1012004F095FC9EE73E
:100ED000214909320020FFF7BBFDECE71F49093229
:100EE0000020FFF7B5FDE6E705A805970DF0DEFE4B
:100EF0009DF815E09DF816C0194ACDE900CE1949B4
:100F00009DF817300020FFF7A3FD17490020FFF7D9
:100F10009FFDD0E715490020FFF79AFDA4E714498B
:100F20000020FFF795FD00BEC5E7054611492046A4
:100F3000FFF78EFD2A4620460D49FFF789FD00BECA
:100F400060E70D490020FFF783FDB4E78CFC000249
:100F50006423002254010102180101020C01010264
:100F600000FD000204FD000228FF0002D4FC000284
:100F7000C4FA0002ACFC000228010102F82200229F
:100F80002C230022F0B50C46002783B006461546F8
:100F90004FF0FF33144801A904F10902CDE90077AD
:100FA00004F0D8FFE0B138461049FFF751FDFFF7D4
:100FB000A7FD009F3E7004F055FE009BC7F805009A
:100FC00022462946C3F8014003F109000EF0EEF86D
:100FD0004FF0FF326946064805F028FA03B0F0BD2D
:100FE000019F0097E6E700BFF822002258010102A6
:100FF00064230022202230B591B000210DEB0200C5
:101000000EF0B2F80C4B00241846079304E00120C0
:1010100004F0F2FB75B907980AAB0021CDE903444F
:10102000CDE9014409AA009405F058FB0A9B054646
:10103000002BECD011B030BD0879002208B5242275
:101040000549064805F042F800B908BD0021BDE891
:101050000840024800F03EB880010102B477002247
:10106000FFF7ECBF08B500F05FF8BDE80840FFF7F8
:10107000A7BD00BF012130B50E22B0254FF480641A
:101080000E4889B003680B4403600D48CDE9041194
:10109000CDE90222009000230A4A0B490B4806952D
:1010A000019405F067FA08B909B030BD002107487E
:1010B00009B0BDE8304000F00DB800BF047900224F
:1010C00080D10022651000029001010234780022D4
:1010D000704700BF00BE704770B500240E4E0F4D24
:1010E0001C2301220E490F4834602C7005F0C0F912
:1010F00030B9FFF7BFFF00F057F8FFF7E9FF70BD09
:1011000021460848FFF7E6FFFFF7B4FF00F04CF870
:10111000FFF7DEFF70BD00BF0479002200790022D6
:10112000A0010102E478002238B54FF0FF311448E5
:1011300005F0FEF9F0B9134B1A7802B138BD01225F
:10114000114C1A70FFF78CFF2368013B2360002BC2
:10115000F4D00B4D04E02368013B2360002BEDD05D
:10116000284605F0FBF90028F5D000212846FFF7B6
:10117000B1FFF0E700210248FFF7ACFFDBE700BF5B
:10118000E4780022007900220479002208B503F0F7
:10119000E7FA002008BD00BF08B5FFF7C5FFBDE8AE
:1011A0000840FFF713BE00BF012130B50F22B02564
:1011B0004FF480640E4889B003680B4403600D4807
:1011C000CDE90411CDE90222009000230A4A0B491F
:1011D0000B480695019405F0CDF908B909B030BD6A
:1011E0000021074809B0BDE83040FFF773BF00BFDA
:1011F0000479002280D5002299110002B401010275
:1012000008790022000000002DE9F041054686B073
:101210005422012100206E6802F07EFB00284CD091
:1012200000F13807044601223846454902F0CEFC59
:10123000002847D1B36A286B1B6A2146A36060600F
:10124000A661F46101F0E4F9204600F05FF905467B
:10125000C8B1606938B1836A2BB101F0E5FD6369FB
:10126000986A02F057FC2146606801F0DDF93846C3
:1012700002F0BCFC00232046F36102F04BFC284640
:1012800006B0BDE8F081204600F0BEF90546002812
:10129000DFD10322A369226293F81180B8F1020F13
:1012A00018D00120274B1B68D3F8CC312062002BCB
:1012B000E5D0224661689847E1E71225284606B046
:1012C000BDE8F0811525204602F024FC284606B032
:1012D000BDE8F0814FF47A7002F0D8FA012120467F
:1012E00002AA00F04BFA08B10546B2E79FED106B79
:1012F0009FED117B02AB1A46294620468DED027FF9
:1013000000F03CFA0028EFD1012201234146CDE94B
:10131000002320466A4600F031FA0028E4D1204636
:1013200000F012F80028BCD0054692E7AFF3008029
:101330008025000000000000000000000800000000
:10134000C0010102BC7900222DE9F047074690B0A8
:10135000092201214FF0FF30BE6802F0DDFAE8B14A
:1013600009229FED3D6B9FED3E7B06F18008C6F89C
:101370008800044686ED257F4046C6F88C2002F0A2
:101380009DF9054618B9D6F89030092B0BD02046A8
:1013900002F0C0FB284610B0BDE8F08712252846B1
:1013A00010B0BDE8F087082220462F4907AB02F0B5
:1013B0007BFABDF81E90204602F0ACFB4A460121A4
:1013C0004FF0FF3002F0A8FA04460028E6D040466D
:1013D000C6E9224902F072F905460028D7D1D6F8AD
:1013E00090304B45D3D1B9F1000FD0D00246A04682
:1013F000DFF878A00DE0242B05D122B1012904BF2C
:1014000098F80330BB624E45B0441BD8B9EB0609CF
:10141000BDD098F8006098F80130022E98F80210BC
:1014200010D9042BE7D1092201AB5146404602F006
:101430003BFABB699A7B9DF80630D21AB2FA82F267
:101440005209E0E742220721022002F0A3F92046D8
:1014500002F060FB42259DE78000000006000000CE
:101460000002000000000000680000225C00002272
:101470002DE9F047152984B00C46054616461F464F
:10148000DDF830902DD9A1F12002152A31D80123A1
:1014900093401B4A1A4082BB1A4A1A404AB34FF083
:1014A0008008D5F808A04FF0FF310AF1240002F0BF
:1014B0009FFBF8B9AB69CAF88870CAF88C909A7B20
:1014C00048F02103CDE90034CDE902629DED007FB3
:1014D0000AF180008AED257F04B0BDE8F04702F0F4
:1014E000EDB80123084A8B401A4032B913F00A0FB5
:1014F000D5D1FF2004B0BDE8F0874FF00008D0E759
:101500000D00150002002A0015003F0010B504462A
:10151000806882B08368032B21D0002101AA01F0EA
:101520009DFAF8B9A3685A69012A05D1D3F8EC30BD
:1015300013B15B69012B1CD0019801F0ADFA08B121
:1015400002B010BD0246014604F11803019801F0F3
:10155000BBF90028F4D0A369DC6102B010BD002003
:1015600002B010BD02205122072102F013F95120D0
:10157000E6E702205A22072102F00CF95A20DFE7A1
:10158000F8B5022384684FF0FF3104F13806304685
:10159000236202F02DFB054608BBA3695B7C022B8E
:1015A0001FD0E068436D012B28D02069436D012BCB
:1015B00021D0142002F0A0FB2146606801F034F82D
:1015C000304602F013FB0F4B1B68D3F8CC311BB134
:1015D0002246022061689847204602F09BFA28467E
:1015E000F8BD6769002FE4D0384601F01DFCB86AE9
:1015F00002F090FADDE701F017FCDAE701F014FCE5
:10160000D3E700BFBC7900222DE9F041054680698F
:1016100082B0437C027C0A2B3CD0002A36D00024C6
:1016200001AE03E0A869037CA3422FD921463246CC
:1016300001F050FD01340028F4D1019F97F90E30DC
:10164000002BEFDAFB7B03F00303032BEAD18023AB
:10165000BA6D2F496F61C7E90B20C7E911154FF02B
:10166000FF3001217B6302F057F907F12004B862D3
:10167000002847D0204602F021F802B0BDE8F081F2
:101680002B69002B37D0EA68002A34D0002002B042
:10169000BDE8F081002AF3D000244FF080081D4FF0
:1016A00001AE06E0022A1FD0A8690134037CA342E0
:1016B000E6D93246214601F00DFD0028F4D1019B08
:1016C00093F90E10DA7B002902F00302EADA022A0B
:1016D000EAD12A69C3F834801F65EB60002AE3D0A1
:1016E0001A46002AD2D106E0EA681F6558632B61CA
:1016F000002AD9D0CAE753220721022002F04AF873
:101700005320C4E712220721022002F043F8F7E732
:1017100021190002E09304000268022A11D0032A72
:101720000DD0012A08B50ED1C2680346022A04D1A1
:1017300082690A2A12D0022A0CD0572008BDFFF76E
:101740001FBFFFF761BD54220721022002F022F8DB
:10175000542008BDC269013A012AEED85A6A22B95A
:10176000986A002818BF572008BD022AE5D19B6A55
:10177000022B0CBF0020572008BD00BFF0B5036A44
:1017800083B023F00203012B03D05B24204603B077
:10179000F0BD0446154608295CD8DFE801F00928A9
:1017A0003E495B5155590500C36A13600024EDE7BB
:1017B000072201214FF0FF3002F0AEF80646002864
:1017C0004FD00727296802F0A5F86B680022337113
:1017D000AB6820217371EB682046B37133460097E4
:1017E000FFF746FE0446304602F094F9CEE70722A2
:1017F00001214FF0FF3002F08FF8064688B307272B
:1018000003460022204621210097FFF731FE0446BF
:1018100048B3304602F07EF9B8E70023D2E900125F
:10182000009342EA41022221FFF722FE0446ADE77F
:101830000023126823210093FFF71AFE0446A5E750
:10184000C06801F0F1FAB1E7006901F0EDFAADE727
:101850006263ABE754220721022001F09BFF54246E
:1018600094E7122492E7304602F052F82860337968
:101870006B607379AB60B379EB60CAE72DE9F04731
:101880009846036A012B2DD183695B7C0A2B29D1F1
:101890000023C568164605F12009C8F800304AB390
:1018A0000F4605F1640A10E05046296D02F0A0F9D8
:1018B000274410BBD8F800302A6B1344C8F8003016
:1018C0002B6B9C4216D1361B14D0EC6C4846B442AC
:1018D00028BF3446C5E90A7401F0F0FE0028E3D0C1
:1018E000BDE8F0875B220721022001F053FF5B2057
:1018F000BDE8F0870020BDE8F0875C24484601F091
:1019000023FFD8F800302A6B07211344C8F80030B1
:10191000022022466C6501F03DFF2046BDE8F087BD
:10192000436B03B1704770B5856A82686B6A044681
:1019300001336B62901C567802F080F96B6B0246A3
:1019400013B13146284698472046BDE8704001F063
:10195000B5BE00BF2DE9F0471F46036A012B2BD10E
:1019600083695B7C0A2B27D1002304690E46154648
:1019700004F1200804F164093B600FE04846216D42
:1019800002F036F95644F8B9236B3A681A443A60C3
:10199000236B9A450ED1B5EB0A050BD0E36C40469C
:1019A000AB4228BF2B46C4E90A639A4601F086FE83
:1019B0000028E3D0BDE8F0875B220721022001F078
:1019C000E9FE5B20BDE8F0875C25404601F0BCFEE7
:1019D0003B68226B072113443B6002202A46656561
:1019E00001F0D8FE2846BDE8F08700BF0021F8B519
:1019F00005461D4E1D4C336834220846C3F8F84096
:101A00006F6801F089FF58B32B6B0446C0E90137BA
:101A100000F07EF8054620B1204602F07BF828460B
:101A2000F8BD204600F014F905460028F4D1204600
:101A300000F03EFB204600F0C7F905460028EBD138
:101A40002146606800F0E4FD012033687C64D3F82F
:101A5000CC31A061002BE2D0224661689847DEE7D6
:101A600012252846F8BD00BFBC790022711A000279
:101A700010B582B069460C4800F098FD002421465C
:101A8000009801AA00F0EAFD08B102B010BD01986B
:101A9000C3690BB90134F2E700F008F8019AD36981
:101AA000013BD361F6E700BF380000222DE9F04189
:101AB000C76806463B6BB86A012B07F120081ED1A8
:101AC000057896F8222001241AB90FE00134A242C9
:101AD0000CD345FA04F3DB07F8D52146304600F075
:101AE00061FA96F822200134A242F2D2EA070AD41F
:101AF000002340463B63BDE8F04101F0DFBD02F04A
:101B00009DF885B2DDE7304600F05CF9F0E700BFF4
:101B1000F0B583B0002101AA0646806800F09EFF60
:101B2000019B022201214FF0FF301D6A01F0F4FEFB
:101B300000283DD002229FED246B9FED257B05F10F
:101B400080070446C5F8880085ED257F3846C5F82E
:101B50008C2001F0B3FD08BBD5F89070022F1DD189
:101B60002378204603F0010301336B6101F0D2FFBB
:101B7000B3685B69012B05D1D5F8EC3013B15B6913
:101B8000012B18D0019800F087FF00220198114620
:101B900006F1100300F098FE03B0F0BD204601F0FE
:101BA000B9FF5A220621022001F0F4FD5A20F3E782
:101BB000122003B0F0BD5A220621384601F0EAFD9A
:101BC000F4E700BFAFF300808000000000000000D9
:101BD0000000000000000000F8B502238568D5E988
:101BE0000220D2F8E860AB6101F01EF995F82220DE
:101BF000EF6892B1012402E00134A2420DD3EB6AF6
:101C0000E340DB07F8D522463046A96800F0F0FF34
:101C100095F822200134A242F1D2142002F06CF88F
:101C2000B86A01F077FF2946686800F0FDFC074BB1
:101C30001B68D3F8CC311BB12A460220696898474B
:101C4000284601F067FF0020F8BD00BFBC790022E4
:101C5000F8B50746092201214FF0FF30BE6801F0B8
:101C60005BFE08B309229FED366B9FED377B06F1D3
:101C70008005C6F88800044686ED257F2846C6F80C
:101C80008C2001F01BFD054648B9D6F89030092B91
:101C90000DD042220621022001F07CFD4225204683
:101CA00001F038FF2846F8BD12252846F8BD082265
:101CB0002046274907F1200301F0F6FD40F20121FB
:101CC000BA683B6992F85200DB7C43EA00238B42FE
:101CD00029D00BD8002BE2D0B3F5807F23D042254A
:101CE0002A460621022001F055FDD8E740F20221E4
:101CF0008B42F4D197F8221008291FD80029CED0A2
:101D00002B4641F001E0012641F2707002F1F40728
:101D1000F83206FA03F147F8331042F83300013382
:101D20000FF009C8BBE797F82230082B06D840F21D
:101D3000FF1141F27073C2E93D13B0E74525CFE7CB
:101D4000A0000000060000000029000000000000C4
:101D50004C0000220268022A0FD0032A0BD0012A6D
:101D600008B50CD1C268032A10D18369092B0CBFB6
:101D70000020572008BDFFF72FBFFFF737BE5422C2
:101D80000721022001F006FD542008BD572008BDA0
:101D900030B40025002914BF23242024806884B097
:101DA000C0F88C50CDE90123039100949DED007F94
:101DB00000F19403803083ED007F04B030BC01F06B
:101DC0007DBC00BF0020704770B50446002100694B
:101DD00004F10C0201F07EF9054678B9E66896F93F
:101DE0000E30002B04DAF37B03F00303032B07D040
:101DF00053220621022001F0CDFC5325284670BD58
:101E00004FF0FF308023B26D0A49C6E90B2571649B
:101E1000B46401213065736301F07EFDB06228B1C6
:101E200006F12000BDE8704001F048BCE5601225D5
:101E3000E4E700BFA12100022DE9F04701230D4690
:101E4000002681680446C06A84B0AB4012F00107E6
:101E50000396D1F8E89003EA000652D0002E77D11D
:101E60000343E3621023012229462046FFF790FF37
:101E70004FF00308642001F009FD2946204600F0D8
:101E8000E9F8002850D1294620460DF10A0302AA9C
:101E900000F040F90646002846D1BDF80830D907C1
:101EA00042D59A054FF00A0004D413F4806F0CBF9A
:101EB0003E460226A3685B69012B14BF4FF0FA0A65
:101EC0004FF0320A01F0E2FCA16803AAD1F8E80061
:101ED0003346CDE900A22A4601F09AF9002844D001
:101EE000112824D0572822D0B8F101081FD02A4643
:101EF0004846A16800F07CFE4FF4967001F0C6FCE5
:101F0000B8E756BB012329461A462046FFF740FF93
:101F10001123012229462046FFF73AFF1023012210
:101F200029462046FFF734FF04B0BDE8F087144B84
:101F30001B68D3F8CC311BB100218120039A98474C
:101F400044220521022001F025FC04B0BDE8F08701
:101F50002A46484600F04CFE84E720EA03032A465E
:101F60004846E36200F044FECCE7054B1B68D3F81B
:101F7000CC31002BD8D00146039A81209847D3E773
:101F8000BC79002211230122FFF702BF08B501220C
:101F90001323FFF7FDFEBDE808404322062102207F
:101FA00001F0F8BB70B582B00DF1060301AA054639
:101FB0000E4600F0AFF8044658B9BDF80630DA070F
:101FC00034D4980727D459071AD41A070DD4DB063E
:101FD00002D4204602B070BD28463146BDF8042028
:101FE00000F030F8204602B070BD31462846BDF8FA
:101FF0000420FFF7CBFFBDF80630DB06E9D5EBE7A1
:10200000BDF804203146284600F020F8BDF806301F
:102010001A07DCD5E9E731462846BDF80420FFF76A
:10202000B1FFBDF806305907CFD5E9E7284631465C
:10203000BDF80420FFF700FFBDF806309807C2D5B1
:10204000E9E700BF14230122FFF7A2BE12230122F9
:10205000FFF79EBEF0B50423032283B006460F4669
:10206000FFF796FE0446C0B90325394630460DF108
:10207000060301AA00F04EF8044670B9BDF8063018
:10208000DB060DD4642001F001FC013DEDD13122CD
:102090000621022001F07EFB3124204603B0F0BD72
:1020A00039463046BDF80420FFF7CCFFF5E700BF06
:1020B000838C9B072BD42DE9F04190F822700546C4
:1020C00017B30124A04608E02B6BA74223EA0606BB
:1020D0002E6304F1010317D01C4608230322214676
:1020E0002846FFF755FE08FA04F60028ECD195F8CB
:1020F0002600400001F0CAFB2B6BA74246EA03060C
:102100002E6304F10103E7D10020BDE8F081002037
:10211000704700BF2DE9F0478A460446BAF1000F28
:1021200090464FF001014FF004024FF0FF3014BF12
:10213000032600261F46A46801F0EEFB00B3054607
:102140000023042246F0A00604F18009C4F894603C
:102150004846C4E92633C4F8A0A0C4F88850C4F89F
:102160008C2001F0ABFA064620B9D4F89030042B4D
:102170000AD02926284601F0CDFC3046BDE8F0877C
:1021800012263046BDE8F087284601F057FD034689
:10219000A81CA8F8003001F051FD3880EAE700BF24
:1021A000426B836A4AB19B69022B05D0042A03D093
:1021B000222A01D001F082BA70470449DA6908681E
:1021C0000132DA61DC3001F037BD00BFBC7900229A
:1021D0000B4630B5434A85B004AD844607CA05E9CD
:1021E00007001946B3F810E0DB7BC969CEF30A0299
:1021F00003F003033C4CC2EBC20203EB4303086948
:1022000005321033A4FB0242DCE923546B4403443F
:1022100013F80C3C022803EB92039AB23AD0B4F5BF
:10222000007F09D000284BD102EB8202D20092B28B
:10223000AA4227D805B030BD002849D1D200AB4210
:1022400092B21FD8D1F8EC000028F3D0D1F8E430D6
:10225000013B06E0D0F8E430D0F8EC00013B002868
:10226000E8D001690229F5D101250021082400F1F7
:10227000F40C9D405CF831301D422CD1013C01F141
:102280000101F7D141220421022001F083FA41200B
:1022900005B030BDCEF3C12E0EF1010E1EFB02FEC5
:1022A000B4F5007F1FFA8EF205D0AA424FF000006D
:1022B000E8D805B030BDAA42E4D8002005B030BD52
:1022C0000128F2D102EB820292B2AA42F5D9D9E7F3
:1022D000AB42B7D9D6E700EBC100D0F8F830934253
:1022E000EBD2CFE784060102ABAAAAAA0B4670B4D0
:1022F000044685B03E4A04AE07CA06E907001946FF
:102300002046B3F810C0DB7BCCF30A02394DCC6910
:10231000C2EBC20203F00303053203EB4303A5FB48
:102320000252103325696B442B4413F80C3C022DE8
:1023300003EB920399B2D0E923263DD0B6F5007F96
:102340000BD0002D46D101EB8103DB009BB2D31AE9
:10235000C0F88C3005B070BC7047D21A0DB9C900F6
:1023600089B2D4F8EC30C0F88C20002BF2D0D4F82D
:10237000E420013A06E0D3F8E420D3F8EC30013A47
:10238000002BE7D018690228F5D11D46012455F825
:10239000F40F944014EA000227D1013255F83200BC
:1023A0000442FAD003EBC202D2F8F8305B1AC2F84A
:1023B000F83005B070BC7047CCF3C12C0CF1010CA7
:1023C0001CFB01FC1FFA8CF1521AC0F88C2005B0DE
:1023D00070BC7047012DF7D101EB81039BB2D31A7A
:1023E000C0F88C3005B070BC70470022DAE700BF3F
:1023F00090060102ABAAAAAA0B4670B4044685B0A7
:10240000404A04AE07CA06E9070019462046B3F859
:1024100010C0DB7BCCF30A023B4DCC69C2EBC2029D
:1024200003F00303053203EB4303A5FB0252103311
:1024300025696B442B4413F80C3C022D03EB9203EB
:1024400099B2D0E923263DD0B6F5007F0BD0002D00
:1024500049D101EB8103DB009BB21344C0F88C30FF
:1024600005B070BC70471A440DB9C90089B2D4F8E0
:10247000EC30C0F88C20002BF2D0D4F8E420013AE4
:1024800006E0D3F8E420D3F8EC30013A002BE7D093
:1024900018690228F5D101250020082403F1F4066B
:1024A000954003E0013C00F10100D9D056F83020FE
:1024B0001542F7D003EBC003D3F8F8200A44C3F861
:1024C000F820CDE7CCF3C12C0CF1010C1CFB01FC76
:1024D000B6F5007F1FFA8CF110D00A44C0F88C20AA
:1024E00005B070BC7047012DF7D101EB810112FAE4
:1024F00081F1C0F88C1005B070BC70471144C0F871
:102500008C10ADE79C060102ABAAAAAAF8B50D4E45
:102510003368D3E9002492B10746002505E033680B
:1025200001351B685834AB4209D9236C012BF6D115
:102530003846636C98470028F1D12046F8BD002446
:102540002046F8BDBC79002210B5002304460122C4
:102550008EB0CDE90B330A930192B4F85630049251
:10256000B4F8542094F85010CDE9053294F8512075
:1025700094F8523001A8CDE9071202940993FFF7AD
:10258000C5FF48B1034602215A6C01A823640D938C
:10259000019190470EB010BD032301A80493FFF7EB
:1025A000B5FF03460028EED15720F3E700232DE9BD
:1025B000F04182B088463F2201A90746019301F00D
:1025C0003FFB0446C8B9114E3368D3E9003533B92F
:1025D00017E0336801341B685835A34211D92B6CBE
:1025E000012BF6D1019A39462846013201F076FADC
:1025F0000028EED10446C8F80050204602B0BDE8DD
:10260000F0815924204602B0BDE8F081BC79002257
:10261000836C33B11A461B68002BFBD1002011607C
:102620007047816400207047836C10B50C6843B11B
:10263000994202D10FE08B420AD01A461B68002B48
:10264000F9D15B220421022001F0A4F85B2010BD27
:102650001460002010BD8464FBE700BF836C43B1AD
:10266000013101E01B6823B10139FBD10020136067
:1026700070475B20704700BF806C08B100F032B932
:10268000FF2070470023F0B583B00F463F2201A919
:102690000646019301F0D4FAC0B9154B1A68D2E985
:1026A000003433B914E0626C5834BA4218D0013B9C
:1026B0000ED0256C002DF6D1019A2046314601320C
:1026C00001F01AFA01232846C4E9103703B0F0BD1F
:1026D0001A220321022001F05DF81A2003B0F0BD98
:1026E00058220321022001F055F8582003B0F0BD14
:1026F000BC7900222DE9F8430F46B7F80E80044656
:10270000164601214FF0FF30424601F005F930B383
:10271000002305468022C4F8A030062346F4007644
:1027200004F18009C4F89C604846C4E92258C4F802
:102730009420C4F8983000F0C1FF064628B128461E
:1027400001F0E8F93046BDE8F883D4F8903043450D
:10275000F5D12946384600F0F3FC0646EFE712268D
:102760003046BDE8F88300BF2DE9F04F092204464A
:1027700083B001214FF0FF3001F0CEF8002857D090
:1027800094F85D800746B8F1000F56D000264FF050
:10279000090B4FF0800A04F1800902E00136B045D0
:1027A00034D00622002346F40071C4E926214846AD
:1027B000C4E9227BC4F894A0C4F8A03000F07EFFE6
:1027C000014660BBD4F89030092B28D1302201F0AB
:1027D000A3F8054650B32046294600F00DFD05F14B
:1027E0000C0308223846164901F05EF832462946A5
:1027F0002046FFF77FFF03460028CFD00190013627
:10280000284600F031F8B045019BCAD13846019303
:1028100001F080F9019B184603B0BDE8F08F422219
:102820000421022000F0B6FF4223EFE71223EDE778
:102830001223184603B0BDE8F08FFF23E6E700BF80
:102840006800002210B5846914B90AE0646A44B1D2
:10285000E37B002BFAD1204600F05AFC0028F5D08B
:1028600010BD002010BD00BF38B5846974B10025CB
:1028700001E0646A54B1E37B03B9A568AB42F8D1C7
:10288000204600F053FC646A002CF4D138BD00BF30
:1028900010B590B1044619B1646A74B10139FBD125
:1028A000A07B013204E0646A3CB1A17B814204D187
:1028B000013AF8D100201C6010BD522204210220F0
:1028C00000F068FF522010BD10B40468A04204D18B
:1028D00080695DF8044BFFF7DBBF51205DF8044BC6
:1028E000704700BF2DE9F041846992B0002C3FD0C1
:1028F000064600254FF00108022701E0646AFCB19A
:10290000E37B002BFAD1A27C617CE37CCDE9001251
:102910000293E36A04A803939DED007FD4E90C239E
:102920008DED0A7FCDE90484CDE90E230797FFF7EB
:10293000EDFD0028E2D0A061646A0135002CDFD1F2
:10294000B5B1304600F0A8F898B9B4698CB1022549
:10295000E37B3BB9A369CDE904541BB15A6C04A8CD
:1029600010939047646A002CF2D112B0BDE8F08158
:10297000572012B0BDE8F08138B509220023046A5F
:102980000546C4E92532C4F88C30427C04F180004D
:10299000C4E9272300F092FE48B90323A561A36090
:1029A000EB7C13F0400F0CBF01230223636138BDA1
:1029B0002DE9F041D0F8E880054608F1770717F8CF
:1029C00001EF00261EF0010F4FF0010C00F1800016
:1029D0001AD00CF1010C002308221FFA8CFC01E034
:1029E000C90714D50CEB0301013A03F101038CB2C2
:1029F0004EFA03F1F4D10136102E2BD017F801EF67
:102A0000A4461EF0010FE4D16446012303E0012235
:102A100002FA03F3DBB243EA0E03B04488F87830DD
:102A200000220523C5F89C40C5E92222C5E92523DB
:102A3000C5F8A02000F042FEEC60044610B120462C
:102A4000BDE8F08102233220AB6000F01FFF20467A
:102A5000BDE8F081FF242046BDE8F08108B5036899
:102A6000984212D1836C33B111B90BE0013909D00E
:102A7000DB69002BFAD151220421022000F08AFEEA
:102A8000512008BD0020136008BD502204210220FF
:102A900000F080FE502008BD036810B598421DD19B
:102AA000C27C04465206036A07D59A68032A1CD0E2
:102AB0002046FFF761FF60B110BD4169D3F8F020F7
:102AC0009142F2D943220421022000F063FE432008
:102AD00010BD2046BDE81040FFF7B4BE51220421CE
:102AE000022000F057FE512010BD9869FFF7BCFE90
:102AF000DEE700BF000000002DE9F8431222044683
:102B000001214FF0FF3000F007FF002858D00823C4
:102B10009FED316B9FED327B274604F18008C4F8AE
:102B20008800C4F88C300546A7ED257F404600F0AC
:102B3000C5FD064618B9D4F89030082B05D02846B4
:102B400000F0E8FF3046BDE8F88304F14C094B463D
:102B50000E222846244900F0A7FE94F85330202B7B
:102B600027D8072B27D9214AA3F10801C9B2CA40A7
:102B7000D20720D59FED186B9FED197B1222A4F888
:102B80007030C4F88850C4F88C20404687ED007F30
:102B9000C4F8B83000F092FD064618B9D4F8903069
:102BA000122B11D042220421022000F0F3FD422614
:102BB000C5E7402BDED0284600F0ACFF4226C1E737
:102BC00012263046BDE8F8834B460E2228460649B9
:102BD00000F06AFEB3E700BF8000000006000000BE
:102BE000000100000000000070000022010100014F
:102BF0002DE9F043304E8FB0D6F80080D8E9057447
:102C0000002F50D04FF0010C05463B4607EB0C0956
:102C100004E0013B04F59A7412D0F44620680CF1EC
:102C2000010E0028F5D0D4F8EC008842F1D1D4F898
:102C3000E4009042EDD1D4F8E800A842E9D1E146A1
:102C40004F4530D30A210322636CA1600192BBB1CE
:102C5000226C039301A8536C9847D6F80080D8F8EB
:102C6000CC311BB12246002182209847204600F03B
:102C700025F800202B6E013B2B660FB0BDE8F083DA
:102C8000A369002BEBD09F69002FE8D0FB6923B12B
:102C9000BA6901A8526C039390477F6A002FF5D15F
:102CA000D6F80080DBE750220421022000F072FDFC
:102CB00050200FB0BDE8F083BC7900222DE9F0412F
:102CC000876C8046002627B3BD69E5B1EB7B03B96D
:102CD000AE682C6A34B910E02046646900F01AFF2F
:102CE0005CB1EB7BB342F7D1204600F083F820467D
:102CF000646900F00FFF002CF3D128466D6A00F0E4
:102D000009FF002DE2D13846FF6900F003FF002FD4
:102D1000DAD1D8F81C0008B100F0FCFED8F8643015
:102D2000D8F8E8401BBB08F1C40000F05FFFD8F8FA
:102D30000C306BB10121013B04EBD30494F87820F3
:102D400003F0070301FA03F322EA030384F878305F
:102D500008F1240000F04AFF40464FF49A72002127
:102D600000F010FF0020C8F80000BDE8F08108F175
:102D70006005284600F058F8142000F0BDFF0F2130
:102D80002A462046236F9847CDE700BF38B5C37B5E
:102D9000C269DB070446D2F8E85019D50146284637
:102DA000FFF716FAE0B922460E2128462B6F984706
:102DB00000B138BD21462846FFF798FA00220C4999
:102DC00004F1640000F002FF0028F2D1646238BD13
:102DD00002460E2128462B6F98470028EED038BDBA
:102DE00041220421022000F0D5FC412038BD00BF63
:102DF000E001010238B5C26983680446D2F8E850A0
:102E000043B102460F2128462B6F984704F1640016
:102E100000F0ECFEE37BDB0705D521462846BDE844
:102E20003840FFF7E9BA38BD203000F08DBC00BF54
:102E300008B5074C20684FF0FF31DC3000F0D8FEB9
:102E40002368D3F8F83003B1984700F049FBF1E765
:102E5000BC7900222DE9F047002482B00E4690464E
:102E600001A93F2281461F46019400F0E9FE10BBF4
:102E7000DFF850A0DAF800309D681C69F5B1AC4667
:102E800004E0BCF1010C04F1940417D0256C002D72
:102E9000F7D1019A49462046013200F02DFE01216A
:102EA000DAF80020C4F86C80D368A7640B4421646E
:102EB0002046D360B04702B0BDE8F087122002B0D0
:102EC000BDE8F087BC790022F8B5174E30684FF0A6
:102ED000FF3100F5D87000F08BFE33689A68002A45
:102EE000F4D000251C692F462C44236C022B0AD0F9
:102EF000336801379A689435BA42E7D91C692C4483
:102F0000236C022BF4D1636E002BF1D0002211212F
:102F10002046236F9847EFF3108272B6636E013B31
:102F2000636682F31088E3E7BC790022F0B54FF0C6
:102F3000500C08240426202700215F4D87B02B6801
:102F40004FF41472C3F8CC01C3E907C708465C62AA
:102F50001E609E605C6100F0DFFC00286FD00021E5
:102F60002B684FF4B0721861084600F0D5FC68B3C6
:102F700000212B684FF41A625860084600F0CCFC20
:102F800020B300212E684FF40062B061084600F0C3
:102F9000C3FC2C68B062A36A002B4ED000214FF412
:102FA0008062084600F0B8FCC4F8FC002C68D4F835
:102FB000FC30002B41D00022404904F1DC0000F03D
:102FC00005FE00283FD015262C6801E012262C684B
:102FD000E36A63BBD4F8B0311BBBD4F8DC30D3B99F
:102FE000D4F8FC0010B100F095FD2C68A06A10B177
:102FF00000F090FD2C68A06910B100F08BFD2C68EA
:10300000606810B100F086FD2C68206900F082FD38
:10301000304607B0F0BD04F1DC0000F0E7FD2C689D
:10302000DEE704F5D87000F0E1FD2C68D5E704F187
:103030002C0000F049FE2C68CCE71226C8E71226C7
:10304000304607B0F0BD2B6802461D4903F5D87025
:1030500000F0BCFD0028B6D114264FF4006C012707
:103060002C68CDE901C6049003960597034604F148
:103070002C00A46A134A1449009400F005FE10B114
:1030800016262C68A4E702264FF4806C2C68CDE944
:103090000407CDE90266CDF804C0034604F580704C
:1030A000D4F8FC40094A0A49009400F0EDFD0646B8
:1030B0000028E5D1ACE700BFBC7900220002010284
:1030C00020020102312E000240020102C92E00023C
:1030D0005C02010208B50368984212D1036A33B159
:1030E00011B90BE0013909D05B69002BFAD15322E9
:1030F0000421022000F04EFB532008BD0020136085
:1031000008BD52220421022000F044FB522008BDD9
:1031100010B5046A14B907E064692CB12046FFF7C2
:1031200035FE0028F8D010BD002010BD10B5046A8F
:103130002CB12046FFF75EFE6469002CF9D110BD6A
:103140002DE9F047C68982B0002E4ED04FF000081E
:1031500007460D46C246DFF89C9008E0092B04BFE5
:10316000AB78BB60B44237D8361B25443DD02C78B1
:103170006B78022C30D90B2B19D0042BEED13246B0
:103180002946384600F04EF9BAF1000F04D1002864
:10319000E8D002B0BDE8F087B8F10108F7D1C24627
:1031A000C7E90988C7F82C800028DBD0F1E76B4617
:1031B00008224946284600F077FB9DF804109DF848
:1031C00005209DF80630B4424FF0010AC7E9091204
:1031D0009DF80380FB62C7D942220421022000F03F
:1031E000D9FA422002B0BDE8F087002002B0BDE865
:1031F000F08700BF54000022836C086209602BB185
:103200001A46DB69002BFBD1D1617047816470479E
:103210002DE9F0411E46036E7F2B44D805460F462C
:10322000904600F075F8044600283CD02B6E079AB3
:10323000013310602B66C0F8EC7000230127069A5A
:10324000C0E93985C0F8F020006006613A46C4E95B
:1032500002732D492430676100F0B8FC0246F0B9D2
:1032600004F16008C4E91D002849C4F86080E467DF
:10327000C4F8848004F1C40000F0A8FC78B9022EE0
:1032800014BF082640262B6F284642460E21A4F87C
:1032900070609847054678B12846BDE8F08115254D
:1032A0002846BDE8F081112511220421022000F0FA
:1032B00071FA2846BDE8F08120466766FFF778FB83
:1032C00005460028E8D12046FFF716FC05460028F1
:1032D000E2D12046FFF748FA05460028DCD1204617
:1032E000FFF732F95728054609D0E0690028D3D006
:1032F000266A002ED0D100F00DFCE661CCE7204616
:10330000FFF7BAF90546F0E77802010294020102DC
:10331000144B10B51A68D2E9053003B34FF04D0CC9
:103320000CFB03F310494D3B01FB03F30446002261
:10333000013303E0013B04F59A740DD050F82210DC
:103340004D320029F6D14FF49A72204600F01AFC53
:1033500001232360204610BD0024204610BD1C46DA
:10336000F8E700BFBC79002285382B3F70B50E46C8
:10337000002105468422084600F0CEFA002845D0F8
:103380000446AB6A06221B6A2549E3613046246085
:10339000646204F10C0300F087FAE17B228A01F0F9
:1033A000030152B171B9082A37D0082301E09A42CB
:1033B00021D05B00B3F5007FF9D9204600F0AAFBCD
:1033C000422070BD0229EED0C2F30A03B3F5806F2C
:1033D000F3D802F4C052B2F5C05FEED0A07C002852
:1033E000EBD0012916D0A96A096A0969022911D00E
:1033F000D20A02FB03332A6AA365A56142B11346D0
:103400005269002AFBD15C61002070BD122070BDA2
:103410002C62F9E71028EBD9CFE71346EBE700BFA2
:10342000800000222DE9F843894600210446154614
:103430000846382200F070FA00284CD0074600F108
:103440000C03092200602549484600F02DFAD4E912
:103450000923C7E90B23A369E26ABC627A63002BE4
:1034600037D01A465B6A002BFBD1576297F8108061
:1034700085B1B8F1000F0DD04E4634787378022C28
:103480000DD9052B13D0AC4209D8042B05D02D1B28
:103490002644F2D10020BDE8F883B145F7D042229E
:1034A0000421022000F076F94220BDE8F88331467D
:1034B0003846FFF75BFF08F1FF3826440028EAD1C1
:1034C000AC42ECD82D1BE5D0B8F1000FD5D10020CF
:1034D000E1E7A761CAE71220BDE8F8835C0000229B
:1034E0002DE9F047DFF8B4A0DAF800309A68002A36
:1034F00039D000254FF001092E4606E0DAF80030F9
:1035000001369A689435B2422DD91C692C44236C3B
:10351000022BF3D1E26C002AF0D0002704F14C0812
:1035200058F8043FDBB1EFF3108272B6D8F80030E0
:10353000013BC8F8003082F3108802213A46204649
:10354000236F9847562809D0A26E09FA07F3134053
:10355000C2070AD5E3B1D8F800306BB9E26C013785
:10356000BA42DDD8CAE7BDE8F087002BF6D039466D
:10357000204600F015F8F1E7EFF3108372B6002251
:10358000C8F8002083F310883946204600F008F878
:103590003946204600F014F8E26CE0E7BC790022DE
:1035A00038B50D4604462A460021FFF721FB0122CB
:1035B000A36EAA4023EA02030020A36638BD00BF21
:1035C0002DE9F0430E46002785B003213246036FF4
:1035D000039704469847562805464ED0642000F0CD
:1035E00055F9B94603AF324609212046236F984763
:1035F0008046002845D1236F324602212046984755
:1036000056284FEA901332D0C20735D5FA253246F4
:103610000095414620460197FFF7FAFD0546002830
:1036200038D0236C022B45D1112812D0572810D046
:10363000B9F1020F0AD0324641462046FFF7D8FAC8
:10364000642000F023F909F10109CCE7642000F0BF
:103650001DF901221849A36E0968B240D1F8CC5176
:103660001343A3661DB100218120039AA847442279
:103670000521022000F08EF84425284605B0BDE85B
:10368000F083642009F1010900F000F9B9F1030F9A
:10369000A9D1DEE701220849A36E0968B240D1F83A
:1036A000CC711343A366002FE7D00146039A812013
:1036B000B847E2E73325E0E7BC7900222DE9F04185
:1036C0004668F769EFF3108572B6BB68013B022BC1
:1036D0001BD801234363044600F000FB206685F3FA
:1036E0001088B37BD7F8E880590601D1FB6AE3B9AB
:1036F0002246D8F870300C2140469847B37B0546E7
:103700005A060BD02846BDE8F08185F31088B37BBC
:103710005B0601D1FB6A93B12525F3E707F124008D
:1037200000F08AFA2846BDE8F0814FF0FF3107F13A
:10373000240000F05DFA05460028D9D0E2E707F141
:10374000240000F079FAE7E7426838B5436BD269A4
:10375000012B0446D2F8E80001D0002038BD2246F3
:10376000036F0D2198470422636A656B62630BB196
:1037700020469847012DF0D1256E00F0AFFA854222
:10378000EBD0636A002BE8D104F1440000F054FA56
:10379000E3E700BF074B10B41B685C6C1A6401348C
:1037A0005C649C6C1CB123465DF8044B18475DF8C3
:1037B000044B7047C079002200285DD02DE9F0410C
:1037C0000D4621B3044617460A4600211E4600F066
:1037D000D9F92A4A2A4BDFF8B08004F14C01116074
:1037E00004F5697004F507721A60C8F800402544B2
:1037F000206004F56E7317B366B104F2D33121F083
:1038000007018D42636022D81220BDE8F081FA20C2
:10381000BDE8F08104F2BF3121F007018D42606004
:10382000F2D96A1A00F0FAF8D8F8000015490C30FD
:1038300000F0ACF9002818BF1720BDE8F08104F2B1
:10384000BF3121F00701A9426060DDD2E9E76A1AC1
:1038500000F0E4F832460021384600F093F9F91DF3
:1038600021F007013E44B142CED2D8F80020506882
:10387000721A00F0D3F8D7E7FA207047BC7900221B
:10388000B8790022B8020102C07900224FF47A729E
:1038900002FB00F0034BA3FB00308009013001F074
:1038A000ABBF00BFD34D621082B32DE9F041074694
:1038B0000E461C46002501EB020807E0042B1CD035
:1038C00017F8013B04F8013B464512D016F8013BBE
:1038D000022BF3D1E30703D504F8015BE307FBD424
:1038E000384600F0ABF9464507F1020724F8020B11
:1038F000ECD1BDE8F08104F8015BA207FBD13846AA
:1039000000F006F8043744F8040BDDE7704700BF09
:1039100000687047016070472DE9F0410646144683
:1039200000295FD13B4F3B681D68002D70D0002CF3
:103930006ED0386807340C3000F03AF9731C24F06C
:10394000070455D0072EB04638BF4FF00708072EA2
:103950004ED9284608EB040100F07EF800284ED02E
:10396000016800F108060A1A16EA080FA2F1080217
:1039700013D008F10803334423EA080343F8081C72
:103980006968254E013143F8046C6960A3F10801B0
:103990000160081A121A1E460846131B132B0BD976
:1039A00004F10803224604686968C4501A4C0344B1
:1039B00001315C60696003602B684560083B9B1ABD
:1039C0002B60AB680021834208BF0368304608BF04
:1039D000AB6000F0D7F838680C3000F0E7F83046FC
:1039E000BDE8F081012913D10A4F3B685D689CE76F
:1039F0002146284600F030F84FF00708AEE7386857
:103A00000C3000F0D3F8122208210220FFF7C2FE8A
:103A10000026E4E7C0790022EEEEFFFFF8B5164677
:103A20000C46054602271422002100F0ABF826F0D0
:103A30000302A3180749A2F10806C5E90067C5E912
:103A400002442A6143F8045C43F8084D0020C4E9AD
:103A50000031F8BDEEEEFFFFF0B4D0E90036B21E43
:103A600003EBC2038B4213D98446D0E90203984288
:103A70000ED3DCF810201344984209D80024164DC8
:103A8000731C4268AA4206D000680BB1013BF8D112
:103A90000020F0BC70470CB9CCF808000268141A7A
:103AA000083CA14214D9D2E90074AC4205D0002BE5
:103AB000EED03846013B0124E7E70760DCF8084018
:103AC000013E9442CCF80460F5D1CCF80800F2E74E
:103AD000002CDDD0F0BC7047EEEEFFFF013205E0B8
:103AE00011F801CB10F8013B9C4503D1013AF7D105
:103AF00000207047FF2070475AB100B542F001E046
:103B0000013811F8013B00F8013F0FF007C05DF8E4
:103B100004FB704738B50446184D28680C3000F097
:103B200047F8FCB154F8043C154A286893421AD06F
:103B3000CBB102689A4202D042689A4213D1104A2D
:103B400054F8081C44F8042C1A68083C9D68091BAA
:103B5000A5420A441A6088BF9C600C30BDE838401A
:103B600000F024B828680C3000F020F8BDE8384098
:103B7000192208210220FFF70DBE00BFC0790022E4
:103B8000EEEEFFFF0AB10BF0EFBA704710B5342329
:103B9000002202F021FB044608B9204610BD02466F
:103BA00008210220FFF7F6FD204610BD02F08ABB77
:103BB00008B54FF0FF3102F05DFB00B908BD0246C9
:103BC000BDE8084008210220FFF7E4BD10B51C2322
:103BD00002F04EFC044608B9204610BD02460821FA
:103BE0000220FFF7D7FD204610BD00BF02F08ABCBF
:103BF00030B50D4604468FB001F0E8FC0DAA0CABC1
:103C0000CDE903320BA90AAA09ABCDE90121009342
:103C100007AA08AB06A902F061FD064B099A1B68CA
:103C200020469968914238BF9A60294602F080FC8C
:103C30000FB030BDC079002202F090BC0088704700
:103C4000A8B1002310B5013802E00133934207D830
:103C500010F8014F002CF8D101B10B60002010BD0D
:103C6000FF2208210220FFF795FDFF2010BDFF2055
:103C7000704700BF08B5037823B101300BF0A3FAF9
:103C8000013008BD184608BD30B589B00C9C119DA7
:103C900000940D9C01940E9C02940F9C0394109C24
:103CA0000494B024CDE9055402F064FC044610B934
:103CB000204609B030BD024608210220FFF76AFD08
:103CC000204609B030BD00BF10B5044602F056FDD5
:103CD0002046BDE8104002F0EBBC00BFEFF30582C8
:103CE000034B1B68134301D101F070BC00207047E7
:103CF0008800002202F032BD10B582B001F066FCEF
:103D0000094B01AA1B680446996802F003FD08B13B
:103D100002B010BDFFF7EEFF2046019901AA02F0A4
:103D2000F9FC02B010BD00BFC079002238B5EFF336
:103D3000108C72B683685BB10269013B141D83600D
:103D40000C601368036110608CF31088002038BD8C
:103D50000B603AB3174B1C6824BB174C174D2468F3
:103D6000E167D4F8AC10E0660131C4F8AC10416AE8
:103D7000A5664D1C4562C9B1016A486FC4E91C10B3
:103D800004674C6701210820E2641A6820630A4432
:103D90001A60A1638CF31088204601F0F7FDD4F877
:103DA000840038BD8CF31088102038BD0462C4E94B
:103DB0001C44E7E7007A00229C7A0022C13D000201
:103DC00038B5EFF3108372B61A4A846E944202D06B
:103DD00083F3108838BDD0F8AC208A42F8D1C26E87
:103DE000002AF5D0144914688C42F1D1516A002997
:103DF000EED00024013984665162C1B1D0E91C14AF
:103E0000156A4C678542216711D0026B082ADFD101
:103E100010240A49C0F884400A6801320A6083F31A
:103E2000108801F037FDEFF3108372B6D0E711620E
:103E3000EBE700BFC13D0002434F4C42007A002235
:103E40002DE9F041164605461C468846069F033676
:103E500026F00306302200210BF086F927F0030735
:103E6000331DBB42B7FBF3FCC5E90547C5F8048029
:103E7000EE6104EB03003ED8BCF1000FE64614BF30
:103E8000E6464FF0010E00214EF001E0421862506C
:103E900019440FF005C8BB428CBF00270127002F33
:103EA0000CF1FF3208BF002203FB02006FF0030297
:103EB00014BF634601230021921BC5E902338150E0
:103EC0002C61EFF3108072B60C4A0D49136829601B
:103ED0000C4963B10968CC6ACD62A562C5E90A14D0
:103EE0000133136080F310880020BDE8F081AD62DB
:103EF0000D60ED62F4E70520BDE8F081D079002285
:103F0000434F4C42D479002238B50346EFF3108C6E
:103F100072B650F8042C106AD0B1516A013951625E
:103F2000A1B1D0E91C1411624C67216700240E492D
:103F3000C56F0A68846601322B60C0F884400A604D
:103F40008CF3108801F0A6FC002038BD1162EDE76B
:103F500091681069013143F8040D136191608CF38D
:103F60001088002038BD00BF007A002203322DE9FE
:103F7000F04104460F46984622F00306EFF3108204
:103F800072B6264B1D68256282F3108831462046A2
:103F900000F018F9EFF3108272B628B1386082F39E
:103FA00010880020BDE8F081236AAB42EBD1386075
:103FB000B8F1000F25D01A4B196811BBD5F8AC1019
:103FC00018480131C5F8AC10A16AA866481CEF6713
:103FD000EC66AE67A062C9B96562C5E91C550120EF
:103FE00009241968C5F84C80014419602C63A86342
:103FF00082F31088284601F0C9FCD5F88400BDE89A
:10400000F08182F310881020BDE8F081616A486F6A
:10401000C5E91C1005674D67E1E700BF9C7A0022E7
:10402000007A00222940000238B5EFF3108372B6FF
:104030001A4A846E944202D083F3108838BDD0F8B7
:10404000AC208A42F8D1C26E002AF5D01449146817
:104050008C42F1D1916A0029EED0002401398466A6
:104060009162C1B1D0E91C14556A4C678542216741
:1040700011D0026B092ADFD110240A49C0F884400C
:104080000A6801320A6083F3108801F003FCEFF341
:10409000108372B6D0E75162EBE700BF29400002FF
:1040A00045545942007A0022F8B51E4615460F467F
:1040B0003422002104460BF057F84FF0020C002187
:1040C00026F00303EA181548A3F10806C4E9026CB8
:1040D000C4E90653C4E90455676042F8044C42F849
:1040E000085DC5E900202162EFF3108172B60C4A29
:1040F0000C48136820600C4843B9E46204602463F0
:104100000133136081F310880020F8BD0068056B4F
:104110000463EC62C4E90B05F2E700BFEEEEFFFFBB
:10412000C879002245545942CC7900222DE9F0414A
:10413000EFF3108172B600241F4A13680460013B3C
:10414000136073BB1D4A136000271D4E446A336819
:10415000856A0133C0E90977336081F310889DB126
:104160004FF00108013DEFF3108272B6336820462C
:104170000133A766C4F884803360246F82F310880B
:1041800001F088FB002DEDD1EFF3108272B6336899
:10419000013B336082F3108801F05EFB0020BDE834
:1041A000F081064CD0E90B3225681A638542D36250
:1041B00008BF2360C8E700BFC8790022CC7900227D
:1041C000007A0022F0B5EFF3108C72B6D0E902232A
:1041D0009C1E02EBC4028A421AD90027324A446963
:1041E0001568324E013305626268B24220D02468FD
:1041F00093B1013B8CF31088EFF3108C72B6026A16
:10420000AA4203D0C368446901330562002BEBD195
:104210008CF310880020F0BD8CF31088EFF3108C25
:1042200072B6036A9D42EDD18CF310880020F2E74C
:1042300007B9446127683A1B083A914214D9D7E973
:1042400000E2B24204D0744663B1013B0127CFE7DC
:10425000C268C4F800E0013AC2604269BA42F5D1CE
:104260004461F3E70127C5E7002AD1D0531A132B85
:104270000AD901F108030A460C49E7502344596062
:10428000C1680131C1602360836860604169083B97
:104290009B1AA142836004BF236843618CF310889A
:1042A00004F10800F0BD00BF9C7A0022EEEEFFFF93
:1042B000EFF3108372B600287CD02DE9F0413F4A1D
:1042C00050F8044CA0F10805944204D01CB13C49BC
:1042D00026688E4204D083F310880320BDE8F08165
:1042E00038490E6850F8081C266240F8042CA26871
:1042F000491B0A446169A260A94200D96561A26AAA
:10430000002A52D02D4F656AD5F8788083F3108843
:1043100041462046FFF756FFEFF3108372B6A0F137
:104320000802266290B1D4E9091CA94215D050F8C0
:10433000085C40F8047CA1686069AD1A2944904289
:10434000A16088BF6261BCF1000FDCD183F31088EB
:1043500001F082FA0020BDE8F081A96F4145E6D165
:104360000CF1FF32A2621AB3D5E91C2162625167D7
:104370000A674FF0000E1449C5F868E00A6802F1B8
:10438000010CEA6F1060C5F884E0C1F800C083F347
:104390001088284601F07EFAEFF3108372B6D4F845
:1043A00028C0BCF1000FAED1D0E783F31088D1E76D
:1043B0006262DEE783F3108803207047EEEEFFFFB2
:1043C000455459429C7A0022007A002238B5EFF316
:1043D000108372B61B4A846E944202D083F3108815
:1043E00038BDD0F8AC208A42F8D1C26E002AF5D090
:1043F000154914688C42F1D151690029EED000258D
:1044000014698566DCB101395161B1B1D0E91C157F
:10441000A0424D67296710D0026B072ADED10B49F5
:10442000C0F884200A6801320A6083F3108801F022
:1044300031FAEFF3108372B6D0E71161ECE7012196
:10444000D160E9E7CD4300024E445644007A002291
:1044500038B50D460446242200210AF085FE656029
:10446000EFF3108172B60B4A0B48136820600B48BB
:1044700043B9A4610460E4610133136081F31088DF
:10448000002038BD0068C569C461AC61C4E9060597
:10449000F2E700BFE07900224E445644E47900225E
:1044A00070B50546EFF3108C72B68468006A24EA92
:1044B000000018602E6A24EA0600002E18BF044689
:1044C00002F002000C40002835D0A14233D00498FD
:1044D000002841D027480468002C3DD100293BD05A
:1044E000254C2468C4F88020D4F8AC20E36701325E
:1044F0006B69C4F8AC20214AA167E566A2667BBB64
:104500002C61C4E91C440122072101336B6103685B
:10451000049D1344E56403602163A2638CF3108857
:10452000204601F033FAEFF3108C72B6D4F8840011
:104530008CF3108870BD002CC9D012F001000CD093
:104540006B690BB1286990B1AB68002023EA0103C5
:10455000AB608CF3108870BD07208CF3108870BDA1
:104560002A69516F226761670C675467CBE70E4376
:104570002E62F2E7007A00229C7A0022CD430002EC
:10458000EFF3108C72B6930710D5436933B9836883
:104590000B4083608CF31088002070470369002B68
:1045A000F5D1036A63EA01030362F3E72DE9F04FF3
:1045B0008568036A0D4383B0856013B123EA010364
:1045C0000362D0E90428002A00F08D80B8F1010FC1
:1045D00000F0948000215D4E8E4633680C46013316
:1045E0000F4601923360016117E0D9452ED00729AB
:1045F00010D093423DD0596F51670A6701998B42A1
:1046000067D0416901394161002C39D0CEF8703052
:104610009E461F67B8F1010838D08CF31088EFF37D
:10462000108C72B6C168134629B18268019BD0F81C
:104630001480C7601543D3F880A0D3F878901AF09F
:10464000020F1A6F196B05EA090BCED10729D0D1D9
:10465000BBF1000FDED0D96F1AF0010F0D6003D04F
:10466000816821EA0901816093429F66C3F88470E2
:10467000C1D100210191416901394161002CC5D1AD
:10468000B8F101081C679E461C46C6D1019B036118
:10469000036A0BBB8CF310886CB12046246FEFF3D8
:1046A000108272B633680133336082F3108801F0F0
:1046B000F1F8002CF1D1EFF3108272B63368013BB0
:1046C000336082F3108801F0C7F8002003B0BDE822
:1046D000F08F196F019194E78268C0F8208022EA78
:1046E00003028260D6E7B8F1000F01D00123C36056
:1046F0008CF31088002003B0BDE8F08FD2F8801052
:10470000936F8E0705EA030401D59C42F0D1002C7B
:10471000EED0D46FC907256003D5816821EA030173
:1047200081600023094CC0E904332168936601319C
:104730002160C2F884308CF31088104601F0AAF88A
:10474000EFF3108372B683F31088BEE7007A00227D
:1047500008B500F077FFBDE8084001F00FBB00BFCF
:1047600010B50E4C236813F10F3F0AD04FF0F03311
:10477000236002F041FEFFF7EBFF094A13680133A3
:1047800013604FF0F033074A23601068FCF7A4FC75
:1047900000232360BDE8104002F07EBE88000022A6
:1047A000007A0022C479002238B5EFF3108372B684
:1047B0001A4A846E944202D083F3108838BDD0F830
:1047C000AC208A42F8D1C26E002AF5D01449146890
:1047D0008C42F1D1D1690029EED0002401398466E0
:1047E000D161C1B1D0E91C1495694C67854221673C
:1047F00011D0026B0D2ADFD11D240A49C0F8844074
:104800000A6801320A6083F3108801F043F8EFF37D
:10481000108372B6D0E79161EBE700BFA9470002B1
:104820004554554D007A002270B50446EFF31083CD
:1048300072B60D4ED0F8A40032680132326028B949
:104840003268013A326083F3108870BD01258560BB
:1048500083F3108800F05EF9EFF3108372B6D4F89A
:10486000A4000028F3D1EBE7007A002270B50446DB
:104870000E461546002134220AF076FC666025615A
:10488000EFF3108172B60C4B0C480D4A0D4D2560AC
:10489000186013680C4843B92462046064620133F1
:1048A000136081F31088002070BD0068456A44627F
:1048B0002C62C4E90805F2E7FC79002229480002CD
:1048C000D87900224554554DDC790022F8B5EFF334
:1048D000108C72B6384A83681468E3B90123C0E9C2
:1048E0000234A4B10369012B03D12023E26A83625D
:1048F0004261D4F8A430002B40D01A6B1863D06208
:10490000C0E90B32D4F8A0300133C4F8A0308CF3E6
:1049100010880020F8BDC268A24229D021B3274BDD
:104920001D680DBBD4F8AC50E0660135C4F8AC503E
:10493000234DA566C56935BB8461C4E91C440135B6
:10494000C561E1641968013119600D2101232163FA
:10495000A3638CF310880369012B1BD0204601F060
:1049600015F8D4F88400F8BD8CF310881D20F8BD2C
:10497000013383608CF310880020CBE7C4F8A400D7
:10498000C0E90B00BEE78669776F266767673C67FB
:104990007467D4E7E16A836A8B42D2F89C3088BF9F
:1049A00081629942D36A38BFC2F89C109942D5D22D
:1049B000104600F053F8D1E79C7A0022007A0022DA
:1049C000A947000270B5EFF3108C72B6C469012CD0
:1049D00026D98269022C116FD36ACD6A1DD01E4E72
:1049E000964633680133336005E0C4691A46196F8F
:1049F0008B4219D09E46D36ACD6A9D4238BF0A4683
:104A00008CF31088EFF3108C72B683697345ECD188
:104A1000C569A5421ED02C46E8E79D4238BF81619A
:104A20008CF31088002070BD3168934201F1FF3192
:104A3000316009D0D2E91C4161670C67596FC2E946
:104A40001C310A675A6782618CF3108800F004FFFA
:104A5000002070BD096FCBE7007A00222DE9F041FC
:104A600004460D46EFF3108272B6036B53B1D0F8D3
:104A70009830E1628B4228BF0B46C36382F31088F3
:104A8000BDE8F081C3640E23036301231E498363E1
:104A90000B68DFF87C800233D8F80060C76A0B60CF
:104AA00082F3108800F072FFEFF3108272B6D4F830
:104AB0009830E562AB4228BF2B46E36382F310884F
:104AC000204600F0E7FEEFF3108272B6D8F800300F
:104AD0009C4207D0216B29B9D96AE36A8B4205D879
:104AE000B44208D082F31088BDE8F081E06B8342C5
:104AF000F8D98142F6D3AF4238BF0449C8F8004024
:104B000038BF41F82340EDE7007A0022087A0022FE
:104B1000987A0022EFF3108272B68368002B5ED081
:104B20007C492DE9F04109680446C06894468842F2
:104B300003D0794D2968002962D0013BA360002B86
:104B400049D1002847D0D0F8A030013BC0F8A030B0
:104B5000002B5AD0D4E90B311963CB62D0F8A410E2
:104B6000A14252D0A6692369002E31D0012BD0F882
:104B700094707AD0E369684D012B35D9002E47D067
:104B80004FF00008D6F8A020002A66D1C6F8A4404D
:104B9000C4E90B440132C6F8A0200122013BE660C3
:104BA000E361A260002B52D1A36100222B68B266A0
:104BB00001332B60C6F884208CF310882369012B05
:104BC00000F08980304600F065FE0020BDE8F081ED
:104BD000002BCBD1E36082F310880020F6E782F34C
:104BE00010881E207047A66996B12369012B2AD12F
:104BF0002023F26AD4F80C80A3626261E369C1E702
:104C000082F310881E20BDE8F081C0F8A430A9E727
:104C10002B6801332B608CF310882022E068C36A74
:104C2000A262BB4202D03946FFF718FFEFF31082B1
:104C300072B600212B68E160013B2B6082F3108883
:104C400000F00AFEC9E74FF00008E3699AE7336F06
:104C5000726FA3615A671367A7E7D6F8A410086BB1
:104C60000C63C462C4E90B1094E72B4D2B6801332D
:104C70002B6082F31088D0F8A460202133464BB11A
:104C80001A69012A03D19A6A914228BF1146DB6A48
:104C90009E42F4D1EFF3108C72B62A68E3698F421A
:104CA00028BF0F46013A012BC0F89C102A609AD900
:104CB0002269012A1BD12B6801332B608CF31088E9
:104CC0002046FFF77FFEEFF3108C72B62B68A669C3
:104CD000013B2B6088E7E36973B9D8F82C30BB42FD
:104CE0003FF470AF39464046FFF7B8FE6AE7A66961
:104CF000002E7FF445AF8BE72046FFF763FEEFF30E
:104D0000108272B6A3690BB1DB6AA36282F31088CA
:104D1000E3E700BF9C7A0022007A002238B5EFF367
:104D2000108372B61C4A846E944202D083F31088BA
:104D300038BDD0F8AC208A42F8D1C26E002AF5D036
:104D4000164914688C42F1D1D16A0029EED00024B2
:104D500001398466D162E1B1D0E91C14956A4C67CF
:104D60008542216715D0016B0529DFD112690C49F5
:104D7000002A0CBF0A240B240A68C0F884400132C0
:104D80000A6083F3108800F085FDEFF3108372B69C
:104D9000CCE79162E7E700BF1D4D00025545555134
:104DA000007A0022F0B5164685B00F463822002161
:104DB00004461D460AF0D8F90A9BB200B3FBF2F391
:104DC000CDE90255009503FB0255C4E90176019532
:104DD0009DED007F636184ED067FE360EFF310815A
:104DE00072B60B4A0B48136820600B484BB924631A
:104DF000046064630133136081F31088002005B000
:104E0000F0BD0068456B44632C63C4E90C05F1E711
:104E1000E879002255455551EC7900222DE9F04101
:104E2000EFF3108172B600241F4A13680460013B3F
:104E3000136073BB1D4A136000271D4E846A3368DC
:104E4000C56A0133C0E90A77336081F310889DB1E8
:104E50004FF00108013DEFF3108272B6336820462F
:104E60000133A766C4F884803360246F82F310880E
:104E700000F010FD002DEDD1EFF3108272B6336813
:104E8000013B336082F3108800F0E6FC0020BDE8AF
:104E9000F081064CD0E90C3225685A6385421363D1
:104EA00008BF2360C8E700BFE8790022EC79002240
:104EB000007A002203462DE9F047EFF3108C72B61A
:104EC0000569C66A35B38768002E50D1066A012F7E
:104ED00056F8042B0A600ED97A1E42F001E03046E3
:104EE00050F8044B41F8044F0FF007C007F180471A
:104EF000013F06EB8706DA695969B24208BF9E692D
:104F0000013D01311E62C3E904518CF31088002079
:104F1000BDE8F087002A7AD06C4D2868002876D149
:104F20006B4C2468C4E91F10D4F8AC10E36601315F
:104F3000C4F8AC106749A166002E6DD0996A486F1D
:104F40002167606704674C67012105200136DE6236
:104F50002B68E2640B442B602063A1638CF3108800
:104F6000204600F013FDD4F88400BDE8F087806A85
:104F7000D0E91F54012C05F1040251D0D3F8208050
:104F8000012F58F8044B0C6072D907F1FF3A4446E0
:104F90004AF001E054F8049B41F8049F0FF007C069
:104FA00007F18044D3F81C90013C08EB840149458B
:104FB00071D01962596AD5F800E08846434D2F68D0
:104FC00001372F602F68013F2F6048F804EB4AF04B
:104FD00001E052F8047B41F8047F0FF007C008EBB2
:104FE0008408C84508BFD3F81880013EC3F8248060
:104FF00038D19E620022DE622B68826601332B600C
:10500000C0F884208CF3108800F044FC7FE78CF318
:1050100010880A20BDE8F0879C62C4E91C4493E72D
:105020002C68012F0C6008D9013F47F001E052F8CD
:10503000044B41F8044F0FF007C0013E44D0D0E9C3
:105040001C219A6251670A6700222049DE620B68C0
:10505000826601330B60C0F884208CF3108800F066
:1050600019FC54E7026F416F9A6251670A67C1E702
:10507000D3F81C90C8450ED02968144DC3F8208081
:105080002A68D3F8248001322A602A68013A2A600B
:1050900048F8041BA5E7596AD5F800E088460B4D8F
:1050A000012F2C6804F101042C602C6804F1FF34FA
:1050B0002C609C691C6248F804EB92D907F180448B
:1050C00007F1FF3A013C82E79E62BDE7007A0022C9
:1050D0009C7A00221D4D0002F8B50346EFF3108CB8
:1050E00072B64069DD6A30B39C6851F8046B002DDC
:1050F0004DD11A69013801321A615A6A012C1546DC
:10510000586145F8046B0DD9601E40F001E051F87C
:10511000040B42F8040F0FF007C004F18044013C77
:1051200005EB8405DA69AA4208BF9D695D628CF3CC
:1051300010880020F8BD002A4DD02C480668002EAB
:1051400049D12B4C2468C4E91F16D4F8AC10E3668F
:105150000131C4F8AC102749A166002D41D0996AED
:105160004E6F2167666734674C6701210135DD6248
:1051700005250368E2640B4403602563A1638CF397
:105180001088204600F002FCD4F88400F8BD013DF0
:10519000986A24D0026F476F9A6257673A67002275
:1051A000DD62C36F012C82661E6008D9013C44F0A9
:1051B00001E051F8042B43F8042F0FF007C0002141
:1051C0000A4AC0F884101368013313608CF3108806
:1051D00000F060FBADE78CF310880B20F8BD9D62FA
:1051E000DDE79C62C4E91C44BFE700BF007A0022EF
:1051F0009C7A00221D4D000238B5EFF3108372B681
:105200001A4A846E944202D083F3108838BDD0F8D5
:10521000AC208A42F8D1C26E002AF5D01449146835
:105220008C42F1D111690029EED000240139846645
:105230001161C1B1D0E91C14D5684C678542216762
:1052400011D0026B062ADFD10D240A49C0F8844030
:105250000A6801320A6083F3108800F01BFBEFF349
:10526000108372B6D0E7D160EBE700BFF9510002BE
:10527000414D4553007A0022002330B4C0E90112A9
:105280000360C360036143618361EFF3108172B611
:105290000B4A0C4C136804600B4C4BB94061206006
:1052A00080610133136081F31088002030BC7047A7
:1052B0002468A569A0616861C0E90545F1E700BF00
:1052C000F0790022414D4553F47900222DE9F04157
:1052D000EFF3108172B600241F4A13680460013B8B
:1052E000136073BB1D4A136000271D4EC4683368EA
:1052F00005690133C0E90377336081F310889DB1FC
:105300004FF00108013DEFF3108272B6336820467A
:105310000133A766C4F884803360246F82F3108859
:1053200000F0B8FA002DEDD1EFF3108272B63368B9
:10533000013B336082F3108800F08EFA0020BDE854
:10534000F081064CD0E9053225689A6185425361A7
:1053500008BF2360C8E700BFF0790022F47900227B
:10536000007A0022F8B5EFF3108272B683682BB191
:10537000013B836082F310880020F8BD31B3174BE6
:105380001C681CBB164C174D2468A566D4F8AC509D
:10539000E0660135C4F8AC500569DDB1C668776FC9
:1053A000266767673C67746701350561012006253C
:1053B000E1641968256301441960A06382F31088D1
:1053C000204600F0E3FAD4F88400F8BD82F3108898
:1053D0000D20F8BDC460C4E91C44E5E7007A002252
:1053E0009C7A0022F951000238B50346EFF3108190
:1053F00072B6026932B982680132826081F3108824
:10540000002038BD013AC06813D0D0E91C45DC60EB
:1054100065672C670024084D1A612B688466013388
:105420002B60C0F8844081F3108800F033FA00202C
:1054300038BDDA60EEE700BF007A00222DE9F84FB0
:105440000446DDE90A568A469146EF21324628464F
:105450000C9F9846DDF838B009F086FEB022002196
:10546000204609F081FE2023C4F89C300D9B374A6A
:105470009F424FF00303666106F1FF36E560354455
:105480002046C4E91198C4E906BBC4E91524304993
:10549000C4F828A0E762C4F89470256104BFE763EC
:1054A000C4F89870236302F04BF8EFF3108072B6E3
:1054B0002849294A0B682260284A6BBBC4F88840F7
:1054C0001460C4F88C40264A01330B601368013322
:1054D00013600F9B012B29D1EFF30582214B1B6831
:1054E0001343B3F1F03F07D280F31088204600F059
:1054F000D1F90020BDE8F88F1B4B1D68002DF3D0BB
:10550000EB6AEE6BEB6380F31088204600F0C2F983
:105510000020EE63BDE8F88F1268D2F88C50C2F814
:105520008C40C5F88840C4E92225CCE780F3108878
:10553000EFF3108172B61368013B136081F310889A
:1055400000F08AF90020BDE8F88F00BF355C00024A
:10555000A1570002907A002244524854947A0022C3
:10556000007A002288000022987A0022EFF310824D
:1055700072B6036B013B012B03D982F31088112013
:10558000704710B400240F490B680460013B0B60A6
:1055900083B1D0E922310C4CC3F88C10C1F88830AB
:1055A0002168814208BF236082F3108800205DF8E3
:1055B000044B704704490B6082F3108800205DF8AB
:1055C000044B7047907A0022947A0022EFF3108304
:1055D00072B6024A106883F3108870479C7A0022E2
:1055E0002DE9F041DDF82880DDE906C7DDE9086531
:1055F000EFF3108E72B609B1846A0C600AB1016BC8
:1056000011600BB142681A60BCF1000F03D0D0F8F2
:105610009430CCF8003017B1D0F898303B600EB120
:105620008369336015B1D0F888302B60B8F1000F72
:1056300002D0036FC8F800308EF310880020BDE858
:10564000F08100BF2020044A04491368086043F039
:10565000C7731360704700BFF8790022887A002270
:105660002DE9F84304460D46EFF3108172B6D0F8E9
:1056700094301360036B7BB1D0F89C30C0F8945029
:10568000AB4228BF2B46C0F89850C363C36281F376
:1056900010880020BDE8F883C3640E2301221F4E4A
:1056A00003633368DFF87C900333D9F80070D0F8D7
:1056B0002C808263336081F3108800F067F9D4F89E
:1056C0009C302046AB4228BF2B46C4E92555E363F6
:1056D000E36200F0DFF8EFF3108272B63368013B4B
:1056E0003360D9F800309C4207D0216B29B9D96AC0
:1056F000E36A8B4201D8BC4206D082F3108800F0E6
:10570000ABF80020BDE8F883A84538BF0449C9F8C4
:10571000004038BF41F82340EFE700BF007A002285
:10572000087A0022987A0022174B10B41B68EFF316
:10573000108C72B61549D3E907029A420860D86AFC
:1057400020D0134C134944F820200A60124A1268F2
:10575000824203D20E4850F822200A608CF310884F
:105760000A689A420BD04FF080520C4B5A60EFF30C
:10577000058323B9EFF3108362B683F310885DF8D5
:10578000044B70470349E1E79C7A0022A47A002287
:10579000087A0022987A0022887A002200ED00E040
:1057A00038B5124B1C68D4E911309847104B1B6870
:1057B0000BB120469847EFF3108072B60122002506
:1057C0000C4922630B68A26313440B60E56480F309
:1057D0001088EFF3148323F0040383F31488BFF3DA
:1057E0006F8F2046BDE8384000F0D0B89C7A002288
:1057F000FC790022007A002238B5EFF3108272B6ED
:10580000124B1C6864B1EFF30581114B1B680B430D
:1058100006D110B982F3108838BD0E4B196819B142
:1058200082F31088132038BDC4F884101968042549
:10583000013119600123E0642563A36382F31088BA
:10584000204600F0A3F8D4F8840038BD9C7A0022EA
:1058500088000022007A00220A4B1B688BB90A4A92
:105860000A4B12681B689A420BD04FF08052084BCB
:105870005A60EFF3058323B9EFF3108362B683F325
:1058800010887047007A00229C7A0022987A0022C1
:1058900000ED00E0F8B50446EFF3108572B6436EF4
:1058A000002B5DD04C3000F0AFFA314AA06B13688A
:1058B000216B013B1360002847D159B92D492E4B6C
:1058C0001B6885F310880968994202D01368002B81
:1058D0002DD0F8BD636B002B3CD1E06A27492363D0
:1058E00051F8203033B1586A224904625C62C4E93D
:1058F0000830E4E74FF0010C214E41F820403368B6
:105900000CFA00F11F4F0B4333603B68C4E90844B5
:1059100083421849D3D90B6838603BB3DB6B8342B1
:10592000CDD90C6085F310881368002BD1D14FF0CE
:105930008052154B5A60EFF30583002BC9D1EFF36A
:10594000108362B683F31088F8BD01390129B5D9F7
:10595000636B3BB1032000230649C4E90C03AEE7A7
:10596000C364A2E70349A3632363A8E70C60A6E727
:10597000007A0022987A00229C7A0022087A00227B
:105980008C7A0022887A002200ED00E0F8B5394BCD
:1059900004461D68EFF3108672B685423CD0364A45
:1059A000A16B1368012903F1FF33136008D0334B57
:1059B00086F310881B68AB4201D01368F3B1F8BDC1
:1059C0004FF0000C236AE06A9C42C4F838C032D021
:1059D000616A2B4F59620B6257F82010A14227D001
:1059E000264B1968A142E3D12649096857F82110CE
:1059F000196086F310881368002BE0D14FF08052B5
:105A0000214B5A60EFF30583002BD8D1EFF31083BD
:105A100062B683F31088F8BDEB6C013B033303D807
:105A200005F14C0000F0C4F9184BE2691A60B6E7C2
:105A300047F82030D4E7DFF858E0114FDEF80030A7
:105A4000814023EA010347F820C0CEF8003033B18B
:105A500093FAA3F3B3FA83F30A490B60C0E720205B
:105A60000849064C0860236086F310881368002BF1
:105A7000C4D0F8BD9C7A0022007A0022987A0022D5
:105A8000087A0022887A002200ED00E0A47A002241
:105A90008C7A002270B50446EFF3108672B64C3053
:105AA00000F0B2F9236B022B3CD0012B3AD0424DCF
:105AB0002A6801322A60002B3AD101220221E364D4
:105AC0002B68216313442B60A26386F31088EFF3E5
:105AD00005823A4B1B6813435BD04FF0E023D3F8A9
:105AE000343FD80705D5EFF31483B0EE400A5907C9
:105AF00053D52046FFF74AFFEFF3108372B683F3C6
:105B000010882F4B1B680BB120469847EFF310828B
:105B100072B62B68013B2B6082F31088FFF79CFE66
:105B2000002070BD86F31088FFF796FE002070BD40
:105B300002200122A36ED4F8AC102063A26386F386
:105B400010880BB120469847EFF3108372B60022FD
:105B5000A26383F31088EFF30582184B1B6813438D
:105B600024D04FF0E023D3F8343FDA070DD5EFF31C
:105B70001483B0EE400A5B0707D4EFF3148323F0DD
:105B8000040383F31488BFF36F8FEFF3108372B6AF
:105B9000B5E70C4B1B68A3429FD1EFF3148323F0AE
:105BA000040383F31488BFF36F8FA2E7054B1B68D0
:105BB000A342D6D1E1E700BF007A0022880000228C
:105BC000FC7900229C7A0022144B1B68EFF31082B0
:105BD00072B600201249086093B1196B81B9186A36
:105BE00010B4D9690F4C98429961216003D0D96AE9
:105BF000DB6B994207D082F310885DF8044B704745
:105C000082F310887047084C084B246843F8210041
:105C100053F8243006490B60EDE700BF9C7A002260
:105C2000407B0022A47A0022887A0022087A00228F
:105C3000987A0022EFF3108C72B6026B042A07D018
:105C4000826ED0F8AC108CF3108802B11047704708
:105C5000034A1368013313608CF31088FFF71ABEF0
:105C6000007A0022EFF3108372B6024A106883F3C1
:105C700010887047447B00222DE9F04F83B0EFF38A
:105C8000108A72B6374A1768002F5FD1364E3368D4
:105C9000002B5BD00123DFF8D880DFF8D8B0DFF825
:105CA000D8901360314B1B681868009008B1C0F899
:105CB00018D0D8F800002D4A43F8047B83421360C3
:105CC00008BFDBF80030376008BF13608AF3108824
:105CD000EFF3108A72B6009C002C32D001AD12E0B6
:105CE00020382060A56124610194C9F800408AF33E
:105CF0001088EFF3108A72B6019BC9F800709C42BD
:105D00002BD0009CECB1236901979C4223D06069A1
:105D100058610361C3F818D0206800932028DFD8A9
:105D2000D4E90123E068226012B12A46246101947B
:105D3000A261C9F800408AF31088002BD9D0984797
:105D4000D7E73368002BADD1064A13608AF3108879
:105D500003B0BDE8F08F0023DEE72046A76100F026
:105D600027F8CEE7A87A0022B07A0022B47A00227F
:105D7000B87A0022BC7A0022AC7A0022002230B429
:105D8000064B074D074C03F180002B60236006494A
:105D9000064B08601A6030BC704700BFC07A002212
:105DA000BC7A0022B47A0022B87A0022A87A0022B3
:105DB00003685A1E033201D8826902B17047202B52
:105DC00028BF20230D4A0E4912680968013B02EBE7
:105DD0008303994208D91A685AB151690861506120
:105DE000C0E904218361E9E7064A5B1A126813449B
:105DF000F1E7C0E904001860F4E700BFB47A0022BC
:105E0000B87A0022BC7A0022836963B102699042A9
:105E10000AD0416951610A611968814204BF9361E6
:105E20001A600023836170471A688242F9D1002208
:105E30001A60F6E7B8B110B40D4B04689C4203D069
:105E400002205DF8044B704779B132B1EFF3058C55
:105E5000084B1B6853EA0C0303D15DF8044BFDF7B4
:105E600065BF0420EDE7022070470320E9E700BF8B
:105E7000434F4C42880000222DE9F047DDE90884B9
:105E800008B1302C02D00220BDE8F0878946924646
:105E90001F460646EFF3108172B6234B1A68013293
:105EA0001A6081F31088214A1468214A15684CB1A0
:105EB000A84207D0A44601E0AE4203D0BCF1010CD9
:105EC000AD6AF9D1EFF3108172B61A68013A1A601F
:105ED00081F31088FFF7C0FCAE42D4D0FFB12AF0A6
:105EE0000303043328F00302934216D8EFF305812D
:105EF000104A13680B4306D0EFF3058113680B4378
:105F0000B3F1F03F0DD33B46524649463046CDF8FB
:105F10002080BDE8F047FDF793BF0520B4E70320DC
:105F2000B2E71320B0E700BF007A0022D079002248
:105F3000D47900228800002230B150F8043C1BB113
:105F4000034A1B68934201D003207047FDF7DCBF72
:105F5000434F4C42E8B130B4174C0568A54202D01B
:105F6000022030BC7047E1B1AAB1C469944212D397
:105F7000CBB9124CEFF3058C256855EA0C050DD012
:105F8000EFF3058524682C43B4F1F03F06D21320CB
:105F9000E7E702207047052030BC704730BCFDF7B2
:105FA000E5BF0320DDE7EFF3058C044C256855EAD7
:105FB0000C05DFD00420D4E7455459428800002264
:105FC0002DE9F047089C08B1342C02D00220BDE82E
:105FD000F0870646894690461F46EFF3108172B659
:105FE000204B1A6801321A6081F310881E4A156826
:105FF0001E4A14684CB1A84207D0A44601E0AE4244
:1060000003D0BCF1010CED6AF9D1EFF3108172B647
:106010001A68013A1A6081F31088FFF71DFCAE423E
:10602000D4D0B8F1000F18D0632F14D9EFF3058145
:106030000F4A13680B4306D0EFF3058113680B4337
:10604000B3F1F03F0BD33B46424649463046BDE8EC
:10605000F047FEF729B80520B9E70320B7E713207A
:10606000B5E700BF007A0022CC790022C87900226F
:106070008800002218B1084A0368934201D0022028
:106080007047EFF30582054B1B68134301D01320C3
:106090007047FEF74BB800BF4554594288000022B4
:1060A00080B1EFF30581084A13680B4306D0EFF384
:1060B000058113680B43B3F1F03F01D3FEF7F8B845
:1060C00013207047032070478800002208B1242A5B
:1060D00001D00620704770B505460E46EFF31081DB
:1060E00072B61A4A13680133136081F31088184B93
:1060F00018491B680C681BB904E0013BA46901D076
:10610000A542FAD1EFF3108172B61368013B136018
:1061100081F31088FFF7A0FBA54212D0EFF30581B1
:106120000D4A13680B4306D0EFF3058113680B4348
:10613000B3F1F03F07D331462846BDE87040FEF783
:1061400087B9062070BD132070BD00BF007A002201
:10615000E0790022E47900228800002270B4039CD8
:1061600018B10E4D0668AE4202D0062070BC7047D2
:106170007BB134B1EFF3058C094D2D6855EA0C0560
:1061800009D1032A03D8039470BCFEF789B908200B
:10619000ECE70320EAE70420E8E700BF4E4456445A
:1061A0008800002298B110B403680A4CA34203D0BF
:1061B00006205DF8044B704732F0020303D008203C
:1061C0005DF8044B70475DF8044BFEF7D9B9062023
:1061D000704700BF4E44564408B1342B01D01C20F8
:1061E0007047F8B505460F461646EFF3108172B6B4
:1061F0001C4A13680133136081F310881A4B1B4942
:106200001B680C681BB904E0013B246A01D0A5425D
:10621000FAD1EFF3108172B61368013B136081F37A
:106220001088FFF719FBA54217D0012E01D91F20B6
:10623000F8BDEFF305810E4A13680B4306D0EFF368
:10624000058113680B43B3F1F03F08D3324639465A
:106250002846BDE8F840FEF709BB1C20F8BD132016
:10626000F8BD00BF007A0022D8790022DC79002234
:106270008800002218B1114B02689A4201D01C20FC
:10628000704779B90E4BEFF3058C1A6852EA0C028D
:1062900006D0EFF305821B681343B3F1F03F0AD336
:1062A000FEF714BBEFF3058C054B1A6852EA0C029B
:1062B000E9D0042070471320704700BF4554554D66
:1062C0008800002218B10B4B02689A4201D01C20B2
:1062D0007047EFF30581084A13680B4306D0EFF3CC
:1062E000058113680B43B3F1F03F01D3FEF712BCF5
:1062F000132070474554554D880000222DE9F04782
:10630000DDE9088408B1382C02D00920BDE8F08707
:10631000894692461F460646EFF3108172B6234B1C
:106320001A6801321A6081F31088214A1468214AE0
:1063300015684CB1A84207D0A44601E0AE4203D094
:10634000BCF1010C2D6BF9D1EFF3108172B61A6814
:10635000013A1A6081F31088FFF77EFAAE42D4D07A
:1063600017B30AF1FF330F2B11D8BAEB980F0ED8E1
:10637000EFF30581104A13680B430BD0EFF305814F
:1063800013680B43B3F1F03F04D21320BEE705209E
:10639000BDE8F0873B46524649463046CDF820805E
:1063A000BDE8F047FEF7FEBC0320AFE7007A00220D
:1063B000E8790022EC7900228800002218B1084A0E
:1063C0000368934201D009207047EFF30582054B23
:1063D0001B68134301D013207047FEF71FBD00BF99
:1063E0005545555188000022B8B110B40D4B0468D2
:1063F0009C4203D009205DF8044B704779B132B15B
:10640000EFF3058C084B1B6853EA0C0303D15DF8CE
:10641000044BFEF74FBD0420EDE709207047032031
:10642000E9E700BF5545555188000022B8B110B4C6
:106430000D4B04689C4203D009205DF8044B704763
:1064400079B132B1EFF3058C084B1B6853EA0C03AA
:1064500003D15DF8044BFEF73FBE0420EDE70920B1
:1064600070470320E9E700BF5545555188000022D9
:1064700008B11C2B01D00C207047F8B505460F461B
:106480001646EFF3108172B61A4A1368013313608F
:1064900081F31088184B19491B680C681BB904E07C
:1064A000013B646901D0A542FAD1EFF3108172B6C5
:1064B0001368013B136081F31088FFF7CDF9A54203
:1064C00013D0EFF305810E4A13680B4306D0EFF3A8
:1064D000058113680B43B3F1F03F08D332463946C8
:1064E0002846BDE8F840FEF7C7BE0C20F8BD1320D3
:1064F000F8BD00BF007A0022F0790022F479002272
:106500008800002218B1084A0368934201D00C2089
:106510007047EFF30582054B1B68134301D013202E
:106520007047FEF7D3BE00BF414D4553880000229F
:1065300018B1084B02689A4201D00C20704729B16B
:10654000EFF30582044B1B68134301D1FEF70ABF2A
:1065500004207047414D45538800002218B1044A79
:106560000368934201D00C207047FEF73DBF00BF87
:10657000414D45532DE9F04F85B0DDE9109401946C
:10658000129CDDE90E570394139C0294149C08B1ED
:10659000B02C03D00E2005B0BDE8F08F8B4690469E
:1065A0009A460646EFF3108272B6DFF800C1DCF8B7
:1065B00000300133CCF8003082F31088384B7A1E5B
:1065C0001968384B2A441C6889B1A0420FD0E3688F
:1065D000AB4254D82069A84251D9012000259342EA
:1065E00042D8236993423FD90025D4F88840EFF37D
:1065F000108272B6DCF80030013BCCF8003082F338
:106600001088FFF729F9A642C4D0002D3BD0B8F17D
:10661000000F38D0C72F34D9B9F11F0F39D8019BDB
:10662000994538D3029B012B31D8EFF305811E4ADF
:1066300013680B4306D0EFF3058113680B43B3F1E6
:10664000F03F2AD3029B42461393039B5946129371
:10665000019B3046CDE910935346CDE90E5705B066
:10666000BDE8F04FFEF7EABE0139D4F88840BED04D
:10667000A642BCD00028BAD1E368AB42AAD9002018
:10668000ADE7052087E7032005B0BDE8F08F1020B7
:1066900081E70F207FE718207DE713207BE700BF0D
:1066A000907A0022947A002288000022007A002248
:1066B000EFF30581074A12680A4306D118B1064A6A
:1066C0000368934203D00E20704713207047FEF7F3
:1066D0004DBF00BF88000022445248542DE9F043CA
:1066E000DDF82C90DDE90767DDE909E818B10568F8
:1066F000074CA54202D00E20BDE8F083CDE90A89FF
:10670000CDE9087E0796BDE8F043FEF769BF00BFFC
:1067100044524854B0B130B40E4B05689D4202D08B
:106720000E2030BC704792B11F290DD8EFF30584BD
:10673000094B1B68234302D030BC1320704730BC88
:10674000FEF78EBF0E2070470F2030BC704703202D
:10675000E7E700BF4452485488000022054B1B68FD
:106760002BB1EFF30582044B1B68134300D0704735
:10677000FEF7DABF9C7A00228800002218B1084A8E
:106780000368934201D00E207047EFF30582054B5A
:106790001B68134301D013207047FFF77BB900BF7C
:1067A0004452485488000022704700BF2DE9F0474A
:1067B00002391446C56E82B00C2908D8DFE801F012
:1067C0001407070707070707070718141000022018
:1067D00054220121FCF7DEFF542002B0BDE8F0870F
:1067E0004FF40073A260D364002002B0BDE8F087CC
:1067F00000228C4B6768ED1AB5FA85F52261FB7BA8
:106800006D0913F0030668D0B31E012BECD8BB69E9
:10681000D4F80C805B7C022B00F0D7800A2B00F0B0
:10682000D580092BFB69BF7B99896FEA0707C7F3FE
:10683000C017009733460CBF95221522284606F054
:106840001FF907464FF4347680216B42334005FB35
:1068500006F607EBC70ADFF8EC9103EBCA03A26860
:10686000103306EBCA064E4403EB090EDFF8D8C11D
:10687000B260F784284649F80380CEF80480C6F851
:1068800004C086F83B1086F8285002F0D3FE664A12
:10689000DFF8B8E152F82520002DF2635EF82520DC
:1068A0004FF04803326414BF4FF434720022706416
:1068B00013FB0720DFF898C105EB850507EB4505BD
:1068C0005A494CF825404844103441F8254005F019
:1068D00073F8002888D023207FE7002D14BF4FF0E5
:1068E0001C084FF00008524B4FF0FF3198444046CF
:1068F000FFF71EFEA369092B7AD0B44630466269C1
:10690000E16842EA032262F30F0C226AC5F1000E2D
:1069100062F30F00E2690EF00A0E62F31F4C454A63
:1069200061F31F4042F80EC0DFF828919644CEF87C
:106930000400DFF824C105EBC50009EBC000052BFE
:10694000C0F804C04FEAC5004ED13346AE00002D5A
:10695000284406EB050709EBC00614BF0A200020F7
:106960004FF0000C104402EB4702A6F826C013813A
:106970004FF0010C8022A368B06128467161A6F82F
:106980002CC0B36086F83B2086F8285002F052FEF7
:10699000002D706414BF48200020244BE268484456
:1069A000103443F83740326104F0E2F9002D14BF8F
:1069B0004FF48C73002320484FF0FF311844FFF749
:1069C000B7FD4046FFF7CAFD0EE70422BB7BF9691D
:1069D000DB438989C3F3C01301390A44174803EB29
:1069E0004203DBB2C75C2DE7AE00FB699B89AEE7D3
:1069F0004FF410600F4AE36905EB850122F811009E
:106A0000DFF8509002EB41014B808E80CE8005EB89
:106A1000C5030B4909EBC3035960AE00E168E80008
:106A2000E3E700BF0010354094C80022187E002222
:106A3000487B002298840022807B00225888002214
:106A4000C96F0002687E00225D6A00028CC80022C5
:106A5000C87D002208840022596B00022DE9F04114
:106A600090F8282090F82650384902EB820305EB75
:106A7000430351F8237004467B689B695E7C0A2EB1
:106A800014BF4FF00008D7F82880002D4FD02946BA
:106A9000204601F007FC204601F012FCC30629D570
:106AA00094F828302A4903EB830305EB430322695A
:106AB00051F82330092E1A602CD006F0F706022E6A
:106AC00005D007F14400BDE8F041FDF7B5B8B8F1D5
:106AD000000F34D0D8F818305B7C0A2BF1D17B6AD8
:106AE000002BEED0A28D072AEBD0002238467A6325
:106AF0009847E6E794F82830154A03EB830305EB43
:106B0000430552F82520D4E90431092EA3EB0103F3
:106B10001360D2D100227B6A7A63002BD1D0384631
:106B2000984707F14400BDE8F041FDF785B84FF400
:106B30008C70084B00FB0230FFF710FDA7E77B6A63
:106B4000C7F83480002BEAD1BBE700BFC87D002224
:106B5000187E0022807B00222DE9F04FD0E904311D
:106B6000044640F2233790F82860A54A06EB8600D9
:106B700052F830205B1AA16994F8265013600A88F5
:106B800085B0BA4200F0A78040F223139A4200F089
:106B90009A80A32A2ED1D4E904629A4BB21A1846DD
:106BA000A16808F003FB026802F0FF13B3F1011FB4
:106BB00000F09D80B3F5803F00F0C480924E338892
:106BC000002B00F0A180914B1B88002B00F09C80D3
:106BD00002F4E062B2F5407F00F09C81B2F5A06F54
:106BE00000F0B581B2F5807F00F0C6810023A16975
:106BF00033800A88B2F5A06F36D1854B49881B884F
:106C000009031B024FF40062204603F47F4301F4A2
:106C1000704102F069F9A26994F8283051887D4EDC
:106C2000090336F81320204601F4704105F000F9FD
:106C3000A16994F828304A88774F36F8130027F86E
:106C4000132003EB4303402802EB430373484FEA4E
:106C500002320CBF42F0080242F0400220F813203A
:106C600000206F4B0A88186094F828C0B2F5D06FE6
:106C700018BF664619D14B88DA0504D5D4E904213A
:106C8000521A122A43D09B0566460ED5D4E9042336
:106C9000D21A092A09D9DFF88881D8F80070002FA4
:106CA00000F0F7800137C8F800704FF48C73C5EB23
:106CB000C505AD0003FB06555A48284405B0BDE89C
:106CC000F04FFFF74BBC504B1B88002BEDD001223F
:106CD0004E4B1A80E9E7544B4D4A09791B881180C5
:106CE00013B10122484B1A8094F82860DDE7012097
:106CF00000234D49444A454E0880A16933801380E2
:106D00000A8877E72C46039DA1690A8872E7A26882
:106D10004648D368D2F800E0576896680CEB8C0CB4
:106D200000EB8C0140F82CE04F608E60CB60138A42
:106D30000B82A3691A88B2F5D06FD5D15B8894F81D
:106D400028C0A0E70027304BA16937481F802F4E8D
:106D50000B79DFF8BCA094F828C0354A378007804B
:106D6000AAF8003032F81C000028CED00395E04687
:106D70002546DFF8C490144607E034F818200137A0
:106D8000BBB29A42BED9BAF80030D82606FB08F644
:106D900007EBC70206EB820639F80620F9009A4293
:106DA00001914E44E9D12846B369F2887188984729
:106DB0004FF0010B029404E00BF1010BBBF1090F42
:106DC0003CD01FFA8BF42146284605F0ABF97388B6
:106DD000B0EB033FF0D195F82830164A03EB83035C
:106DE0000BEB430352F8233023B1082221462846F7
:106DF00002F0EAFA2146284600F0FCFCDCE700BF7E
:106E0000187E0022BC7D0022C27D0022C07D0022AF
:106E1000C67D0022ECAE0022F0AE0022F8AE0022C9
:106E2000B87D0022807B0022C47D0022A0C7002202
:106E3000E8AE0022C8AD0022E0AF0022D822DDE992
:106E4000013402FB08F23B4402EB830295F8283040
:106E500009EB020E03EB430CBEF80230002103EBFA
:106E60004C03DFF85CC14FF00A0849F802C04D4AF4
:106E70004FF6FF76104602EB03121B01AEF80480BA
:106E8000C652A2F802809180D180118195F82880A5
:106E900073E74548A16800EB8C2008F087F9434A66
:106EA00094F828C032F81C30002B79D0D8269346AD
:106EB000DFF81091019505E03BF81C200137BBB2CB
:106EC0009A4222D906FB0CFA07EBC7030AEB830AA6
:106ED00009EB0A05AB880A2BEED12946204605F0BE
:106EE00083FF10B194F828C0E6E7AB4694F8286019
:106EF0002F4B019D33F81630D8F80070ABF80230F4
:106F00002C4B1B8829F80A30CCE66646019DD8F840
:106F10000070C7E6274B4FF400621B8800211B025C
:106F2000204603F47F4301F0DFFF4022002120468A
:106F300004F07EFF402708211F4A94F828301F489C
:106F400020F8137003EB430322F823104EE6194B8D
:106F50004FF400621B8800211B02204603F47F438C
:106F600001F0C2FFC0220021204604F061FFC027CB
:106F70004FF40071104AE0E70E4B4FF400621B889B
:106F800000211B02204603F47F4301F0ADFF802265
:106F90000021204604F04CFF80274021064ACCE720
:106FA00066467FE620AF0022A0BF0022E8AE0022A6
:106FB000F0AE0022C67D0022F8AE0022ECAE002228
:106FC000FFFF00F0E0AF00222DE9F0474FF48C778F
:106FD0004626054690F8263090F82820C3EBC303D8
:106FE0009B0007FB02331D491D4CC81824F8126092
:106FF000FFF7B4FA1B4A95F8283032F813701FB324
:107000003F0301244FF06408174EDFF86090BFB2D1
:1070100004E001340A2C17D095F8283008FB03F35C
:1070200004EB840203EB4203F25A3344012AF0D109
:10703000DB8809EA03039F42EBD1A1B22846013461
:1070400005F0D8FC0A2CE7D12846AB8DEA8C4FF42A
:107050009271BDE8F04703F03DBF00BF807B002286
:1070600010AF0022F0AE00229087002200F0FFFF58
:107070002DE9F04790F828A080460F46914682B04F
:10708000BAF1000F26D1374B1B681A0CADF804304B
:107090008DF80620344B1B689E681D6976B100246C
:1070A00003E0B44205F1940508D0022201A905F1DC
:1070B0000E0008F061F801340028F2D1B9F1020F96
:1070C00010D03946504605F04FFC012F2FD002B0AA
:1070D000BDE8F087254B1B681A0CADF804308DF81D
:1070E0000620D7E76423224803FB0AF310F80A209E
:1070F000204902EB820203EB42030B44DB8803F4DA
:107100007043B3EB073FDCD1002300F80A3098F856
:107110002820194C1949A35498F828208B5498F822
:1071200028A03946504605F01FFC012FCFD1002181
:107130002846FCF735FA00232B6698F82800104CF7
:10714000C0EBC00004EB8000FFF708FA98F82800B5
:10715000C0EBC00004EB800002B0BDE8F047FFF7D1
:10716000D1B900BFC8020102BC790022CC020102E1
:10717000B8BA002290870022B4BA0022B0BA002226
:10718000487B00222DE9F04F00248A684F6852792D
:107190008B6902F0F702022AB7F80280CA690E462C
:1071A0000CBF4FF00B0AA2461B88B2F800B087B0A4
:1071B000B8F1000F15D08146CDE9023104AD06E0EB
:1071C000052B14D0337823449CB2A04508D93E192E
:1071D0007378042BF4D17379092B1AD00E2BF1D1CB
:1071E000039E0022F3681A8007B0BDE8F08F59466D
:1071F00099F828005246CDE90065029B05F008FB8E
:10720000014628B12A4699F8280004F0D9FAD9E7AE
:10721000FEE74FF0950AD5E7704700BF30B403464C
:107220004FF4106501210222044C0020C3F88C5059
:107230001C67D9641A6430BC704700BFAD67000298
:1072400030B5184B184C8FB0CDE90043174A184B96
:107250008B29CDE9022304469DED007F154B0FD00D
:107260008DED077F144A0B9306920C9304AD09230E
:1072700029462046ADF8163004F06AFA0FB030BD4A
:1072800002220D4904AD069129468DED077FCDE917
:107290000B33ADF8162004F05BFA2946204604F0C3
:1072A00057FAE4E78571000219720002A96700022B
:1072B00071700002C9AB0002A8060102F0B50746D2
:1072C00095B000287BD1424B1B681A0CADF80430F6
:1072D0008DF806203F4B1B689E681C6976B100251F
:1072E00003E0B54204F1940408D0022201A904F19C
:1072F0000E0007F041FF01350028F2D1FCF708F835
:107300000121006081600546334BE06E0022C01A07
:10731000B0FA80F0C5F8EC20C5F8E84040098DF8D7
:10732000300002F087F9034602A8139302F064FECE
:107330000026C0281CBF8038B0FA80F04FF0080249
:1073400008BF02204FF001044FF0FA01C5E91D66A5
:1073500005F160032B66C5F88430D5F8E83018BF16
:107360004009A5F870201A6E28611C482244C5F80F
:10737000F010ED6740F82750C5F8E460EC6018495C
:1073800083F878401A6605F124002246FCF71EFCBB
:107390004FF48C70134A1C2300FB0720124932461D
:1073A000FFF766F81C2322461048C7EBC7071049B1
:1073B00000EB870015B0BDE8F040FFF759B80D4B62
:1073C0001B681A0CADF804308DF8062082E700BF68
:1073D000C8020102BC79002200103540B07D0022B5
:1073E00078020102807B0022D0020102487B002249
:1073F000E4020102CC02010210B472B60020154A68
:10740000154B16491468164A18600B68146043F04F
:107410000103144C0B60144A2368A2FB03239B094D
:10742000013BB3F1807F0AD24FF0E0224FF0F00C25
:1074300007210E4C536184F823C090611161F02242
:1074400000210A4B83F82310DA7783F822205DF8B5
:10745000044B704700000002C4790022001000E0D5
:10746000A07A002234D00022D34D621000ED00E05B
:1074700038B5074D074C2868206038B90121084607
:1074800007F024FC286820600028F7D038BD00BF32
:10749000987A00229C7A00220022074B1A60EFF3B0
:1074A000148C2CF0040C8CF3148862B64FF08052CC
:1074B000024B5A60FEE700BF007A002200ED00E0B8
:1074C0001B48016800292DD0EFF3098323E9F00F51
:1074D0001EF0100F01D123ED108A43F804ED8B60EC
:1074E000144C236813B18B6100232360124E36685D
:1074F000D6B10660706801307060B0692060F168D4
:1075000001F1280181F30B88B36853F804EB1EF0F6
:10751000100F01D1B3EC108AB3E8F00F83F30988A0
:107520007047FEE7034CE1E7FFF7A2FF0646E1E7FD
:107530009C7A0022A47A0022987A002200F01CB8DB
:107540006FF0020370B504690D4624F00704A4F13E
:1075500044068660342244F8443C0021A4F14000F3
:1075600007F002FE4FF0FF324FF0807344E903252D
:1075700044F8043C70BD00BF244925480A680368EC
:10758000013210B50A6013B1013B0360DBB1214A3F
:10759000214C136821681868F8B101221F4B1A604A
:1075A000FEF76AFB236833BB1D4B1B6853B11D4AB2
:1075B0001268934206D01C4B1B681BB94FF08052D7
:1075C0001A4B5A6010BD0121124A134C13681868F7
:1075D000216010B1114B1960E2E7154804330068CF
:1075E000136083420AD00D4B1B6811B9002BDBD00E
:1075F000D6E7002BD4D1FEF7E7FAD5E70D48074BC5
:1076000000681B6810600029F0D0F2E7447B00227C
:10761000A47A0022B47A0022407B0022B07A0022B1
:10762000987A00229C7A0022007A002200ED00E085
:10763000B87A0022BC7A002210B5044631B900F0B5
:10764000F5FDC30517D54FF4807010BD00F02AFE7C
:10765000204600F035FE10F4807F204606D000F072
:107660005DFE800A0130800180B210BD00F06AFE2C
:10767000C0F30A0010BD204600F0F6FD00F07F00C8
:1076800010BD00BF2DE9F843564B90F82860054621
:1076900033F816300C469BB2022B00F09880524F04
:1076A00006EB860301EB430357F82310B30029B11F
:1076B000012002F0B3FE95F82860B30000223344A5
:1076C00004EB43032146284647F8232004F046FCF8
:1076D00095F8286000F1FF391FFA89F921462846FC
:1076E00000F0C0FC2146284600F0EEFC214628466A
:1076F00000F02CFD2146284602F06EFC6423012296
:1077000006FB03F304EB8401384F03EB41033B44D6
:10771000598837484FEA840830F81630A2400029CB
:1077200052D013439BB2B9F1010F20F816300AD89A
:10773000642306FB03F308EB040203EB420341F46A
:1077400080613B4459802146284600F0ABFD64230C
:1077500006FB03F308EB040203EB42033B44284619
:1077600059884FEA420900F0BBFD012E32D0642354
:1077700003FB06F6A04406EB480637442846F98882
:1077800000F0F0FD2846398900F0FAFD2846002176
:1077900000F088FD2146284600F066FE2146284676
:1077A00002F006FC2146284600F016FE2146284637
:1077B00000F0E4FC2146284600F0F8FC214628466B
:1077C000BDE8F84300F00ABD23EA0203ABE74FF639
:1077D000FF7983E707EB09022846B2F8681000F04A
:1077E0008DFDC4E7A4C80022C8AD00229087002206
:1077F000AC84002270B53C4A90F82830054632F837
:1078000013200E4692B2022A14D0384C03EB8302A6
:1078100001EB420254F822109A0029B1012002F033
:10782000FDFD95F828309A0000211A4406EB42022B
:1078300044F822103146284602F0CEFB3146284655
:1078400000F010FC3146284600F03EFC3146284648
:1078500000F07CFC48F22F034FF400420021284640
:1078600000F02EFA0021284600F008FA10F02F044C
:10787000F0D13146284600F015FD2146284600F09B
:107880002FFD2146284600F039FD2146284600F00C
:1078900069FD2146284600F073FD2146284600F088
:1078A00001FD3146284600F0DFFD3146284602F052
:1078B0007FFB3146284600F08FFD3146284600F018
:1078C0005DFE3146284600F06FFE3146284600F046
:1078D00055FC3146284600F069FC31462846BDE893
:1078E000704000F07BBC00BFA4C80022C8AD0022DD
:1078F00070B5012206460D464FF6FF7400F010FEEB
:107900002946304600F04AFD013C10F0200FA4B299
:1079100000D170BD002CF3D170BD00BF70B504461E
:107920000E4682B1531E012B15460BD80A46294636
:1079300000F0A8FA2946204600F0A0F900F00F0058
:107940008642F7D170BD41EA030545F4004648F28E
:107950002F0332460021204600F0B2F900212046D4
:1079600000F08CF900F02F008542F0D170BD00BF0F
:1079700070B5054616466424FFF7D0FF0BE0284695
:1079800000F030F8013C284600F066F8A4B20A2066
:1079900002F014FA34B13146284600F0C3FA8304E9
:1079A000EDD570BDFF2070BD70B504460D4616467E
:1079B00000F0FAFD29462046324600F00BFE29462B
:1079C0002046BDE8704000F0C3BD00BF38B5044696
:1079D0000D4600F0D3FD29462046BDE8384000F0B2
:1079E000E3BD00BF90F82820054B33F812309BB25E
:1079F000022B1DBF436C188880B20020704700BF67
:107A0000A4C80022084B90F8282033F812309BB20B
:107A1000022B01D0012A00D07047426C13889BB220
:107A200043F0800313807047A4C80022094B90F8EC
:107A3000282033F812309BB2022B01D0012A00D04B
:107A40007047426C138823F080031B041B0C1380C7
:107A5000704700BFA4C8002290F82820054B33F8D7
:107A600012309BB2022B1DBF436C988880B200205D
:107A7000704700BFA4C8002210B5084B044690F818
:107A8000280033F810309BB2022B01D1002010BD2A
:107A900001F0D0FD0389606498B210BDA4C8002233
:107AA000406C03899BB223EA02030A40134303811B
:107AB000704700BF426C13899BB223EA0103138114
:107AC000704700BF426C13899BB243F4007313816B
:107AD000704700BF426C138923F400731B041B0C16
:107AE000138170470B4B90F8282033F812309BB26B
:107AF000022B04D0012907D0022908D009B10020A7
:107B00007047436C58697047436C98697047436C81
:107B1000D8697047A4C800220B4B90F828C033F8EE
:107B20001C309BB2022B04D0012906D0022907D0B9
:107B300001B17047436C5A617047436C9A6170475A
:107B4000436CDA61704700BFA4C8002210B41A4C1D
:107B500090F82830024634F8130080B202280CD086
:107B60004BB901291BD0022915D0184631B9536CE5
:107B7000988A80B202E0012B03D000205DF8044B0C
:107B80007047012913D002290DD00029F5D1536C7B
:107B9000D88A80B2F2E7536C988B80B2EEE7536CD0
:107BA000188B80B2EAE7536CD88B80B2E6E7536C4F
:107BB000588B80B2E2E700BFA4C80022144B90F8B3
:107BC000280033F810309BB2022B00D038B90129BD
:107BD0000BD0022906D021B90E4B9A82704701289A
:107BE00006D070470B4B9A8370470A4B1A83704735
:107BF000012909D0022904D00029F2D1064BDA82EA
:107C00007047054BDA83ECE7034B5A83704700BF9C
:107C1000A4C800220000254000103540144B90F805
:107C2000280033F810309BB2022B00D038B901295C
:107C30000BD0022906D021B90E4B1A7570470128C6
:107C400006D070470B4B1A7770470A4B1A7670476D
:107C5000012909D0022904D00029F2D1064BDA7596
:107C60007047054BDA77ECE7034BDA76704700BFD5
:107C7000A4C8002200002540001035400F4B90F8AA
:107C8000282033F812309BB2022B13D001290CD0DC
:107C9000022904D1436C988D2C3380B2704749B9C6
:107CA000436C188C203380B27047436C188D283396
:107CB00080B2704700231B88FFDE00BFA4C80022EB
:107CC00010B4124C90F828C034F81CC01FFA8CFC79
:107CD000BCF1020F16D0012911D0022902D1406C4B
:107CE0002C3002E071B9406C203001881A4089B212
:107CF00021EA030313435DF8044B03807047406C93
:107D00002830F2E700231B88FFDE00BFA4C8002252
:107D10000F4B90F8282033F812309BB2022B13D06F
:107D200001290ED0022902D1426C2C3202E059B94D
:107D3000426C2032138823F400531B041B0C138065
:107D40007047426C2832F5E700231B88FFDE00BF36
:107D5000A4C8002210B51A4B90F8282033F812302E
:107D60009BB2022B27D0012927D0022916D011BBA4
:107D7000446C203402F042F8238823F48053B0B1DD
:107D800023F00F031B041B0C238023881B07FCD14B
:107D900023889BB243F48053238010BD446C02F0CF
:107DA0002DF8A38D2C3423F480530028E8D11B0434
:107DB0001B0C2380ECE70024DCE7446C2834D9E773
:107DC000A4C800220F4B90F8282033F812309BB241
:107DD000022B13D001290ED0022902D1426C2C3281
:107DE00002E059B9426C2032138823F480531B04FB
:107DF0001B0C13807047426C2832F5E700231B8868
:107E0000FFDE00BFA4C8002230B41D4D90F828400A
:107E100035F814309BB2022B17D0012926D0022945
:107E200010D091B9416C203135F814309BB2022B3F
:107E300006D064B90B88E2B19BB243F480630B8037
:107E400030BC7047416C2C31EEE70021ECE7012C8F
:107E5000F6D10B8823F440631B041B0C0B80002A13
:107E6000EED00B889BB213430B80E9E7416C2831BD
:107E7000DAE723F480631B041B0C0B8030BC7047D3
:107E8000A4C8002230B5264B154690F8282083B0B0
:107E900033F812309BB2022B3FD0012936D0022991
:107EA00011D1446CA38D2C349BB2ADF8063001F097
:107EB000A5FF78B9BDF8063023F480531B041B0CD2
:107EC000ADF8063006E041BB446C238C20349BB2F5
:107ED000ADF80630BDF8063023F00F031B041B0C71
:107EE000ADF80630BDF806309BB2238023881B070F
:107EF000FCD1BDF806309BB243EA0502ADF806207E
:107F0000BDF806309BB2238003B030BD446C238D96
:107F100028349BB2ADF80630C9E700231B88FFDE8A
:107F2000A4C800220F4B90F8282033F812309BB2DF
:107F3000022B13D001290CD0022904D1436CD88D17
:107F40002E3380B2704749B9436C588C223380B2CB
:107F50007047436C588D2A3380B2704700231B88CA
:107F6000FFDE00BFA4C800220F4B90F8282033F892
:107F700012309BB2022B14D001290FD0022902D15A
:107F8000426C2E3202E061B9426C223213886FEAF1
:107F900043436FEA53439BB213807047426C2A32CB
:107FA000F4E700231B88FFDEA4C80022104B90F8E2
:107FB000282033F812309BB2022B16D001290ED0A4
:107FC000022905D14FF48042436C2E331A8070474A
:107FD00059B94FF48042436C22331A8070474FF4F2
:107FE0008042436C2A331A80704700231B80FFDED7
:107FF000A4C80022064B90F8282033F812309BB218
:10800000022B04D0426C138E9BB219431186704729
:10801000A4C80022426C138EC3F30E03138670476C
:10802000426C138E23F400531B041B0C1386704701
:10803000EFF3108272B60A4B90F828C033F81C3068
:108040009BB2022B08D00123406C8B40B0F836C0A5
:1080500043EA0C039BB2C38682F31088704700BFCB
:10806000A4C80022EFF3108C72B6094B90F82820B8
:1080700033F812309BB2022B07D00122406C8A40A9
:10808000C38E9BB223EA0201C1868CF3108870472D
:10809000A4C80022EFF3108272B60A4B90F828C0F1
:1080A00033F81C309BB2022B08D00123406C8B406C
:1080B000B0F838C043EA0C039BB2038782F3108800
:1080C000704700BFA4C80022EFF3108C72B6094BB2
:1080D00090F8282033F812309BB2022B07D00122EF
:1080E000406C8A40038F9BB223EA020101878CF324
:1080F00010887047A4C80022EFF3108C72B6114AA2
:1081000090F8283032F8132092B2022A16D010B517
:108110004FF0000E0122406C0B4C03EB830301EB8C
:10812000430324F813E0B0F83AE002FA01F343EA1B
:108130000E039BB243878CF3108810BD8CF310881C
:10814000704700BFA4C8002268870022EFF3108C9C
:1081500072B6094B90F8282033F812309BB2022BEC
:1081600007D00122406C8A40438F9BB223EA020170
:1081700041878CF310887047A4C80022EFF3108267
:1081800072B6094B90F828C033F81C309BB2022B12
:1081900007D001238B40DB43406CC3F30903A0F8F5
:1081A000463082F310887047A4C80022EFF3108293
:1081B00072B6094B90F828C033F81C309BB2022BE2
:1081C00007D001238B40DB43406CC3F30903A0F8C5
:1081D000483082F310887047A4C80022EFF3108261
:1081E00072B6094B90F828C033F81C309BB2022BB2
:1081F00007D001238B40DB43406CC3F30903A0F895
:108200004A3082F310887047A4C8002290F82820D2
:10821000054B33F812309BB2022B1DBF436CB3F8F1
:108220004C0080B200207047A4C8002290F828209B
:10823000054B33F812309BB2022B1DBF436CB3F8D1
:108240005C0080B200207047A4C8002290F828206B
:10825000044B33F812309BB2022B1CBF436CA3F8C3
:108260005C107047A4C8002290F82820054B33F812
:1082700012309BB2022B1DBF436CB3F85E0080B27C
:1082800000207047A4C8002290F82820044B33F83F
:1082900012309BB2022B1CBF436CA3F85E107047D8
:1082A000A4C8002290F82820044B33F812309BB267
:1082B000022B1CBF436CA3F864107047A4C80022B3
:1082C00090F82820054B33F812309BB2022B1DBFCB
:1082D000436CB3F8680080B200207047A4C8002245
:1082E00090F82820044B33F812309BB2022B1CBFAD
:1082F000436CA3F868107047A4C80022064B90F89E
:10830000282033F812309BB2022B04D0012A04BF7C
:10831000436CA3F86A107047A4C80022084B90F879
:10832000282033F812309BB2022B01D0012A01D051
:1083300000207047436CB3F86A0080B2704700BFFA
:10834000A4C8002290F82820054B33F812309BB2C5
:10835000022B1DBF436CB3F86C0080B20020704745
:10836000A4C8002290F82820044B33F812309BB2A6
:10837000022B1CBF436CA3F86C107047A4C80022EA
:1083800090F82820044B33F812309BB2022B1CBF0C
:10839000436CA3F86E107047A4C80022002282B07C
:1083A000ADF806200B4B90F8282033F812309BB222
:1083B000022B08D0436C59B103EB41036E331B8889
:1083C0009BB2ADF80630BDF8060080B202B070472F
:1083D0006033F4E7A4C800220A4B90F8282033F851
:1083E00012309BB2022B0BD0426C01F10041703273
:1083F000013932F811309BB243F4005322F81130A6
:10840000704700BFA4C800220A4B90F8282033F818
:1084100012309BB2022B0BD0426C01F10041703242
:10842000013932F811309BB243F4007322F8113055
:10843000704700BFA4C800220A4B90F8282033F8E8
:1084400012309BB2022B0CD0426C01F10041703211
:10845000013932F8113023F400731B041B0C22F88D
:1084600011307047A4C800220E4B90F8282033F832
:1084700012309BB2022B14D0436C39B9B3F8602090
:1084800092B242F48072A3F86020704701F100417B
:108490007033013933F8112092B242F4807223F81C
:1084A00011207047A4C800220E4B90F8282033F802
:1084B00012309BB2022B14D0436C39B9B3F8602050
:1084C00092B242F08002A3F86020704701F10041AF
:1084D0007033013933F8112092B242F0800223F850
:1084E00011207047A4C800220C4B90F828C033F824
:1084F0001C309BB2022B0ED0436C69B103EB4103DD
:108500006E33198821F003010904090C19801988B8
:1085100089B20A431A8070476033F2E7A4C8002288
:108520000A4B90F828C033F81C309BB2022B09D0BC
:10853000436C41B103EB41036E33198889B221EAE0
:1085400002021A8070476033F7E700BFA4C8002218
:10855000094B90F8282033F812309BB2022B09D037
:10856000426C0139903232F821309BB243F40073EF
:1085700022F82130704700BFA4C80022094B90F8B0
:10858000282033F812309BB2022B0AD0426C0139FA
:10859000903232F8213023F400731B041B0C22F8B4
:1085A00021307047A4C80022094B90F8282033F8E6
:1085B00012309BB2022B09D0426C0139903232F852
:1085C00021309BB243F4807322F82130704700BF02
:1085D000A4C80022064B90F828C033F81C309BB288
:1085E000022B04D0436C0139923323F821207047C9
:1085F000A4C80022084B90F8282033F812309BB210
:10860000022B01D0012A01D000207047436CB3F83F
:10861000400180B2704700BFA4C8002290F8283003
:10862000012B07D1426CB2F840319BB243F01003EA
:10863000A2F84031704700BF90F82830012B08D1D4
:10864000426CB2F8403123F010031B041B0CA2F85B
:108650004031704790F82830012B07D1426CB2F8B6
:1086600040319BB243F00803A2F84031704700BF8D
:1086700090F82830012B08D1426CB2F8403123F039
:1086800008031B041B0CA2F84031704730B41A4C8D
:1086900090F8283034F8132092B2022A25D09C4654
:1086A00001290CBF026CC26B5268516834F8132068
:1086B00092B2022A17D00978104A01EB8C0132F8E5
:1086C00011200F480F4D03EB830302EB430350F8D7
:1086D000234055F821100022A4EB010C8C4228BF46
:1086E000624640F8232030BC7047B3F1000C18BF3D
:1086F0004FF0010CD4E700BFA4C80022E0840022A0
:1087000070AE00220085002290F828305BB9012964
:10871000144A1DD0D2F80C1363F31041C2F80C13A5
:10872000D2F80C33704701290E4B08D0D3F8182328
:1087300022F48032C3F81823D3F818337047D3F8E3
:10874000142322F48032C3F81423D3F8143370476F
:10875000D2F8081363F31041C2F80813D2F80833B3
:10876000704700BF00C0004038B101290CBF036C46
:10877000C36B5B685B68187870470A20704700BF5E
:10878000F0B5204B04460E4693B040B19F691E4B96
:1087900033F81450ADB2012D08D013B0F0BDDF682E
:1087A000194B33F81450ADB2012DF6D120468DF897
:1087B000284000F03FFF314611906846FFF702FB6A
:1087C0001248134A038803EBC301013303F0070384
:1087D0000380CB00284602EBC1010E4D81F82840F2
:1087E000043203F12004155138338E85D7E909543A
:1087F000D5501344119A5C604A6401F0E1FD13B056
:10880000F0BD00BF00D00022A4C80022B084002226
:10881000208500221701040002210020FFF7B0BFCD
:10882000002878D02DE9F043066C0F467168012AC4
:108830004C6890F8285008BF20464FF0000C18BF35
:10884000C06B247818BF406804F1807418BF40687A
:1088500004F5207490F800803068A401846094F8D6
:108860001EE05FEADE1E39D10CF1010C1FFA8CFC10
:10887000BCF1640FF3D1012D096837D0B5F1000CBC
:1088800018BF4FF0010C02EB420E234A08EB85049F
:1088900032F814400CEBCC0CDFF880904FEA8C0CD3
:1088A0000CEB8E0C013C04EBD474E144D9F804C009
:1088B00064100134AD00A4B2C1F804C08F60454417
:1088C000CC8132F81520013BB3FBF2F3B2680133DF
:1088D0009BB25268BDE8F0438B81104794F81EC0EC
:1088E0005FEADC1CFAD14FF0010CB8E70B4D02EB4C
:1088F000420C094A08F1040405EB8C0532F81440D7
:108900006D6A4D60A51C013C48BF2C46A410013483
:108910000425A4B2D2E77047F08400229000002220
:108920002DE9F84F3B4F90F82830154637F81320C3
:10893000044692B2012A0E4613D04FF0000B9F005E
:10894000012D0CBF236CE36BDFF8D0805B685B68A4
:1089500093F8009007EB090A58F82A3053B9BDE89C
:10896000F88F2D4A9F0003EB830301EB430352F87A
:1089700023B0E5E729462046FFF724FA204629469A
:10898000FFF7C2FE59462A4658F82A30FFF748FF3B
:10899000204601F033FA48B33146204601F0D8FAB8
:1089A0004F4458F827203146013AB2FBF0F2013229
:1089B00092B22046FEF7F8FF31462046FFF738FB1B
:1089C0003146204601F0B4FA29462046FFF7A0F9C7
:1089D00020462946FFF7BEF9204601F00FFA60B99C
:1089E00031462046BDE8F84F01F0F0BA03462A466A
:1089F00031462046FEF792FFCEE73146204600235F
:108A00002A46FEF78BFF31462046BDE8F84F01F0BD
:108A1000DDBA00BFA4C8002218AE002200850022E3
:108A2000002868D02DE9F043C66B0D4671680746F3
:108A300090F828404868012A844657D09CF8008066
:108A40002D4F08EB840C37F81C900968994528BF16
:108A5000994613F0030F4FEA840E3BD0003C18BF39
:108A6000012404EBC404DFF894C002EB4202A4002A
:108A700004EB82029444DCF804204FEA59098A602E
:108A800000220478306804F1807404F52074A40195
:108A9000846094F81EC05FEADC1C16D1013292B2E9
:108AA000642AF6D11FFA89F94D60C644A1F80E90E8
:108AB00037F81E20013BB3FBF2F3B26801339BB2DF
:108AC0005268BDE8F0438B811047A27FD209FCD1E8
:108AD0000122DEE7012CC1D1084C02EB420204EB7B
:108AE0008202526A4FEA99098A60C9E73F6C7F683F
:108AF000D7F804C0A2E77047F0840022900000225B
:108B00002DE9F04FDFF838C190F8287005463CF8A1
:108B1000173088469BB2012B164683B020D0002226
:108B20004FEA8709012E0CBF2B6CEB6BDFF814B1F9
:108B30005B68002F5B6893F800A009EB0A035BF801
:108B4000234024F0010124F0030408BF0C468CB933
:108B50003CF817309BB2012B51D003B0BDE8F08F29
:108B6000334A07EB870301EB430352F823204FEA14
:108B70008709D7E731462846CDE90023FFF722F9D8
:108B800031462846FFF7C0FD2A49019B009A31F87B
:108B90001310A1422DD9002F40D15BF82A3026496D
:108BA00003F0010301F80A30244B09EB0A01101904
:108BB00043F821001146284623463246D1444BF85B
:108BC0002940FFF72DFF284601F018F9F8B1284693
:108BD0003146FFF7BFF8284601F010F90028BCD055
:108BE000002332464146284603B0BDE8F04FFEF769
:108BF00095BEB4FBF1F301FB1343E41ADAE7324606
:108C00004146284603B0BDE8F04F02F09BBD034645
:108C1000324641462846FEF781FED8E75BF823102E
:108C2000054B01F003014B4403F80A10BCE700BFF9
:108C300018AE0022F0840022D8840022B8840022DA
:108C4000A4C80022008500222DE9F04104460F4609
:108C500019461E469046FFF725FB2046FFF730FBDE
:108C60000346204613F0100F14BF0225012501F022
:108C7000C5F8B0B129462046FFF7A4F8204629469A
:108C8000FFF742FD43462A463946FFF7C9FE204614
:108C90002946FFF75FF8204601F0B0F840B9BDE87B
:108CA000F08103462A4631462046FEF737FEE1E7CB
:108CB0002A4631462046BDE8F0410023FEF72EBE8D
:108CC00001290CBF036CC36B2DE9F04F5B6890F872
:108CD00028505B6804461F785A4B0E4633F815003F
:108CE000594980B207EB8502012831F8121083B090
:108CF0004FEA850802D003B0BDE8F08F5348C9B2EF
:108D0000DFF854C108EB050901EB490930F812A05E
:108D10005CF82900DFF844E150455EF829B0019184
:108D20002FD34B4951F822A0A0EB0A004CF82900A0
:108D300000284AD04649DA4441F8220082B2C0B243
:108D4000BDBBDFF81C9100F0010022F001021FFA08
:108D500082FB09F807003F4808EB07020AEB0B010A
:108D600040F82210BBF1000F5FD133F815309BB2F1
:108D7000012B45D00023C14409F8073003B0BDE8FA
:108D8000F08FDFF8DC9009EB0802D25D002AECD10D
:108D9000BDF8045020462946FFF720FA3146204608
:108DA000FFF7E2F82946204603B0BDE8F04FFFF791
:108DB000A3B9DFF8AC9022F0030200F003001FFA21
:108DC00082FB09EB0802D055C5E7BDF804602046D8
:108DD0003146FFF703FA31462046FFF7DFFA430436
:108DE0000CD4184B33F8152092B2012A83D13146A6
:108DF000204603B0BDE8F04F03F08EBB3146D2E70A
:108E00000199204609EB0804E45D454401EB450562
:108E1000104B4CF8254008EB070453F82430324639
:108E20004EF8253002F08EFCA4E72046084C51464F
:108E300044F822B05A46019B03B0BDE8F04FFFF75B
:108E400003BF00BFA4C80022E0840022F0840022F7
:108E500000850022B884002270AE002218AE0022E5
:108E6000D884002201294FF0000317D0C26BD2E949
:108E700000214968097801F1807101F520718901AB
:108E800091608A7FD20904D101339BB2642BF8D15F
:108E900070478B7FDB09FCD10123F2E7026CD2E93A
:108EA00000214968097801F1807101F5207189017B
:108EB00091608A7FD20904D101339BB2642BF8D12F
:108EC00070478B7FDB09FCD10123F2E700B5036C0F
:108ED00085B09A6869461868D3699847BDF8040058
:108EE00005B05DF804FB00BF00B590F828E0BEF1C6
:108EF000010F01D05DF804FB9C465DF804EB4FF4D4
:108F0000FE4342EA0C0200F09DBC00BF2DE9F04791
:108F10004FF00009436C0446B3F84010B3F84260C8
:108F2000B3F846C0B3F84870B3F84A50B3F830E02D
:108F30005A8E92B2324012F0100FDE8EB3F838A083
:108F4000B3F83A80A0F82690A0F82C900DD04DF6FA
:108F500060026121A3F842205A8E22F030021204EE
:108F6000120C5A86E184BDE8F08712F0200F03D07E
:108F70004DF650026221EDE789B21FFA8EFE01EA3A
:108F80000E0111F4807F0FD14E051ED5ADB21FFA30
:108F900088F805EA0805EA430221C2F30902A3F8AA
:108FA0004A20C1848585DEE71FFA8CFCB6B20CEA44
:108FB000060C6FEA0C020121C2F30902A3F8462055
:108FC000C184A0F82CC0BDE8F0878D050CD417042F
:108FD00018D4160534D455061BD54DF6300145225C
:108FE000A3F84210C284BEE7BFB21FFA8AFA07EAAA
:108FF0000A07FA430321C2F30902A3F84820C184F7
:109000008785B0E745F670014122A3F84210C2847B
:10901000A9E7570419D4D60427D4D5071AD590F850
:109020002820012A9FD14DF670024621A3F8422044
:109030005A8E22F001021204120C5A86C18492E761
:1090400001F0A0FF4423E3848DE702F011FF4223E7
:10905000E38488E708040DD48A0484D54DF6FF71B3
:109060001322A3F84010E2847DE701F08BFF432335
:10907000E38478E747F6FF711122A3F84010E284F9
:1090800071E700BF10B5094B90F82820044633F86B
:1090900012300A2B02D0502B00D010BD012000F05E
:1090A0008DFE2046BDE8104002F0D8BE10AF002271
:1090B00038B505460C462846FEF7CEFC03461E2072
:1090C000238000F07FFE2846FEF7C6FC23886080E0
:1090D00043409A07EFD1142000F074FE2846FEF7B3
:1090E000BBFC2388608043409B07E4D12846FEF701
:1090F000C3FC608038BD00BF10B582B0694604462D
:10910000FFF7D6FFBDF8021011F007010AD1BDF834
:10911000003003F00303012B07D0022B0FD04320B4
:1091200002B010BD002002B010BD074B94F82820FB
:10913000204633F8121002F0E1FF4220F3E7204608
:1091400002F0DCFF4120EEE7C4AD002210B504467A
:1091500002F0BAFE204602F0CBFE204602F088FE66
:109160002046FFF7C9FF412814D0432805D02046E8
:10917000BDE81040422104F04DBE204604F06CFED4
:109180000B4B94F8282033F812300A2B08D0502BC0
:1091900006D010BD01462046BDE8104004F03ABE9E
:1091A000012000F00BFE2046BDE8104002F056BE44
:1091B00010AF0022012000F001BE00BF38B5044608
:1091C00050224021FEF76CFC322000F0FBFD94F8A9
:1091D0002830012B1ED0204602F054FE142000F04F
:1091E000F1FD03252046FEF747FC00F00703042BA2
:1091F00004D0BDE838401E2000F0E4BD013D0A2047
:10920000ADB200F0DFFD002DECD1BDE838401E20EE
:1092100000F0D8BD20464021FEF74CFC4FF496707C
:1092200000F0CCFDD7E700BF10B5044602F020FEE9
:10923000A02220212046FEF733FC142000F0C2FDBE
:10924000204602F01FFEBDE81040052000F0BABD28
:1092500008B5FEF711FC002200F00700431E032BA7
:109260004FEA801028BF104608BD00BF2DE9F0412D
:109270001C4690F828300546884616468BB94F089C
:1092800041D004EB470734F8022B31462846FEF75D
:1092900095FCBC42F7D118F0010F20D13846BDE84B
:1092A000F081012B2746F9D18B0809D004EB830705
:1092B00054F8042B31462846FEF72EFCBC42F7D169
:1092C00018F0020F2DD118F0010F1ED128464FF4CF
:1092D00000623146FEF798FD3846BDE8F081314620
:1092E00028460022FEF790FD17F8012B314628464C
:1092F000FEF794FC28464FF480623146FEF784FD69
:109300003846BDE8F0812746C5E7314628460022A9
:10931000FEF77AFD3146284617F8012BFEF77EFC52
:10932000D4E7314628464FF48062FEF76DFD3146A2
:10933000284637F8022BFEF741FCC4E72DE9F0413F
:109340001C4690F828300546884617468BB94E08CB
:1093500038D004EB460639462846FEF7F7FB24F8DA
:10936000020BB442F7D118F0010F22D13046BDE80C
:10937000F081012B2646F9D18B080BD004EB830634
:1093800039462846FEF7AEFB44F8040BB442F7D149
:1093900008F00308B8F1000FE8D039462846FEF778
:1093A000A1FBB04406F8010B46454FEA1020F9D165
:1093B000DCE739462846FEF7C9FB06F8010B3046C4
:1093C000BDE8F0812646CEE72DE9F04104460D4682
:1093D0001646FEF78DFA29462046FEF743FE29463B
:1093E0002046FEF771FE29462046FEF7AFFE2946CD
:1093F0002046FEF7EBFA00212046FEF73FFC00F086
:109400000F0085427CD001212046FEF737FC00F09A
:109410000F0085426DD002212046FEF72FFC00F0A0
:109420000F0085425ED02946204600F0C1FD294646
:109430002046FEF7D1FF94F82830354F03EB830325
:1094400005EB430357F82380B8F1000F48D0314AA9
:10945000294652F823302046C8F81430A8F82C606A
:10946000FEF79CFFA8F82E0094F828202A4902EB6A
:10947000820305EB430331F8131057F8233083F8C8
:109480003A10616C83F82820596494F82830E26B14
:1094900003EB830305EB430357F82310206C4B6861
:1094A000CA6308645BB1002208461146984794F8E5
:1094B000283003EB830305EB430357F82310012007
:1094C00000F0ACFF002394F82800294600EB80024E
:1094D00005EB420547F82530BDE8F04101F00AB838
:1094E000BDE8F0810023022220461946FEF716FA55
:1094F00099E70023012220461946FEF70FFA8AE772
:10950000002320461A461946FEF708FA7BE700BFFB
:10951000C8AD002270AE0022C0AE00222DE9F84393
:10952000064602F0D1FC304602F0E2FC304602F082
:109530009FFC4FF48055DFF8F490DFF8F48005E0ED
:1095400005F58055ADB2B5F5C04F42D0294630463D
:1095500002F0D8FC0028F3D096F8283039F8133000
:10956000002B5BD1012402E001340A2C1BD0A7B2EE
:109570003946304602F0D6FDA842F5D196F828309B
:1095800003EB830304EB430358F8233023B1082291
:1095900039463046FFF718FF394630460134FEF7AA
:1095A00029F90A2CE3D100222946304602F040FC7A
:1095B00096F82830012BC3D1294605F580554FF484
:1095C000FE4300223046ADB200F03CF9B5F5C04F85
:1095D000BCD13046FFF790FD422811D0432801D07E
:1095E00041280DD0304604F037FC0F4B96F8282068
:1095F00033F812300A2B09D0502B07D0BDE8F8837E
:1096000001463046BDE8F84304F004BC012000F0F8
:10961000D5FB3046BDE8F84302F020BC07213046B8
:1096200001F06EF99EE700BF10AF002214AF0022D8
:10963000C8AD002228B1044B01280CBF18460020F9
:1096400070470248704700BF0010354000002540B9
:1096500038B504460D4600F071FC830706D529464F
:109660002046BDE838400622FFF7AEBE2046FEF792
:10967000F3F994F828300E4903EB830305EB430319
:1096800031F81320013292B2012A21F8132008D0B8
:10969000052000F097FB29462046BDE8384000F041
:1096A00095BC29462046BDE838400722FFF78CBE0E
:1096B000C0AE0022426C13899BB243F08003138139
:1096C000704700BF426C138923F010031B041B0C6E
:1096D00013817047426C538E6FEA43436FEA5343E2
:1096E0009BB25386704700BF426C538EC3F30E0388
:1096F00053867047426C538E9BB243F4804353862B
:10970000704700BF426C538E23F480431B041B0C34
:1097100053867047426C538E9BB243F480535386FA
:10972000704700BF426C538E23F480531B041B0C04
:1097300053867047426C538E9BB243F4006353864A
:10974000704700BF426C538E23F400631B041B0C54
:1097500053867047426C538E9BB243F0200353866E
:10976000704700BF426C538E9BB243F01003538688
:10977000704700BF90F82830012B05D1426C538E02
:109780009BB243F001035386704700BF45F6700259
:10979000436CA3F84220704749F67002436CA3F86B
:1097A000422070474CF67002436CA3F84220704789
:1097B0004DF27002436CA3F8422070474DF6500200
:1097C000436CA3F8422070474DF66002436CA3F847
:1097D0004220704790F82830012B04D14DF67002DA
:1097E000436CA3F842207047436CA3F854107047B1
:1097F000436CA3F856107047436CA3F85810704799
:10980000436CA3F85A107047436CA3F8601070477C
:10981000426CB2F860309BB243F48043A2F86030EF
:10982000704700BFB1F5C04F4FEA113C08D247F670
:10983000C073426CD03232F81C2003EA0200704739
:10984000FF207047406C090B00F1D00C3CF8110070
:1098500080B220EA0300134018432CF8110070472F
:10986000406C090BD03030F8113023F0C0031B04DA
:109870001B0C20F8113030F811309BB2134320F844
:109880001130704710B5002858D17A4C23889BB20C
:1098900043F48063238023885805FCD523887648C9
:1098A0009BB243F04003238023889BB243F0200304
:1098B0002380238823F010031B041B0C238000F05B
:1098C00083FA4FF4806223889BB243F00103238024
:1098D00022842285A28510B3013880B2012821D8C4
:1098E000238932209BB243F04003238100F06AFABF
:1098F0002389604A23F040031B041B0C2381138936
:109900005907FCD4138903F00703012B00F0A98049
:10991000584A13899BB243F01003138102E04FF4BD
:109920000063638645F670004FF4E0614FF408422F
:10993000504BA3F8420019865A8610BD4F4C0120A7
:10994000E38F9BB243F03103E387E38F23F03003CF
:109950001B041B0CE387E38F9BB243F02003E387D8
:10996000E38F9BB243F48073E38700F027FAE38F21
:10997000012023F001031B041B0CE38700F022FAF3
:10998000E38F23F002031B041B0CE387B4F80231BE
:109990009BB243F48043A4F80231E388DA07FCD594
:1099A00040F60772238801209BB243F040032380D6
:1099B00023889BB243F020032380238823F01003E5
:1099C0001B041B0C238023889BB243F480732380E9
:1099D000628000F0F3F9A38F29489BB243F0200383
:1099E000A38700F0F1F94FF4006223889BB243F0A3
:1099F0000103238022842285A285002837D00138E4
:109A000080B2012821D8238932209BB243F0400341
:109A1000238100F0D7F92389184A23F040031B045F
:109A20001B0C238113895B07FCD4138903F0070304
:109A3000012B04D1938F9BB243F4807393870F4A19
:109A400013899BB243F01003138145F670004FF465
:109A5000E0614FF40842094BA3F8420019865A8688
:109A600010BD938F9BB243F48073938750E7628657
:109A7000EBE700BF00002540040025400010354002
:109A800004103540426C938F9BB243F480739387EC
:109A9000704700BF10B5124B5A6850B911051BD55D
:109AA000EFF31084012181F310885A6822F40062D8
:109AB00009E0D20410D5EFF31084012181F310885E
:109AC0005A6822F480525A605B68962005F0FEF8CE
:109AD00084F31088002010BD40F2DD5010BD00BF9F
:109AE0000030204030B4002840F0CA80AE4BD3F89C
:109AF000002460F30412C3F8002491F90E30002B07
:109B000080F2918091F90F30002B5FDA91F90D30DE
:109B1000002B2FDA91F90C30002B03DAA34B1960DC
:109B200030BC7047CA7CA24D03F160441201A148C9
:109B3000D2B204F5614484F8002303F5C65245F817
:109B4000231050F8224024F4803440F8224050F88A
:109B50002220BFF35F8F01205A09920003F01F03F8
:109B600002F1604202F5614200FA03F3C2F880316B
:109B70001360D3E70A7D8E4D03F1604412018D48D6
:109B8000D2B204F5614484F8002303F5C65245F8C7
:109B9000231050F8224024F4803440F8224050F83A
:109BA0002220BFF35F8F01205A09920003F01F03A8
:109BB00002F1604202F5614200FA03F3C2F880311B
:109BC000136091F90C30002BA8DBABE78A7D784D50
:109BD00003F1604412017748D2B204F5614484F87D
:109BE000002303F5C65245F8231050F8224024F410
:109BF000803440F8224050F82220BFF35F8F0120CC
:109C00005A09920003F01F0302F1604202F561421B
:109C100000FA03F3C2F88031136091F90D30002B84
:109C2000FFF678AFA6E74A7D03F160441201604D6C
:109C3000D2B204F5614484F800235E4A03F5C654A9
:109C400045F8231052F8245060F3104542F8245090
:109C500052F82420BFF35F8F01205A09920003F0CD
:109C60001F0302F1604202F5614200FA03F3C2F8F9
:109C70008031136091F90F30002BFFF647AFA5E755
:109C800001287FF44DAF91F91130002B61DA91F981
:109C90001230002B31DA91F91030002B03DA464BE9
:109CA000196030BC7047CA7D414D03F16044120118
:109CB0004048D2B204F5614484F8002303F5C6524B
:109CC00045F8231050F8224024F4803440F8224014
:109CD00050F82220BFF35F8F01205A09920003F051
:109CE0001F0302F1604202F5614200FA03F3C2F879
:109CF00080311360304B1960D3E74A7E2C4D03F15D
:109D0000604412012B48D2B204F5614484F8002368
:109D100003F5C65245F8231050F8224024F480344D
:109D200040F8224050F82220BFF35F8F01205A09EB
:109D3000920003F01F0302F1604202F5614200FA53
:109D400003F3C2F88031136091F91030002BA6DBC9
:109D5000A9E70A7E03F160441201154DD2B204F561
:109D6000614484F80023134A03F5C65445F82310D0
:109D700052F8245025F4803542F8245052F824201B
:109D8000BFF35F8F5A09920003F01F0302F1604294
:109D9000984002F56142C2F88001106091F91230DA
:109DA000002BFFF678AFA8E700002540648700226B
:109DB00000D000220060004060870022012104F0F2
:109DC00085BF00BFFBF718BD70B50646038803F0DA
:109DD000030301209DB2FBF70FFD3488012004F03E
:109DE0000304FBF709FDA5423388F0D103F0030219
:109DF00095421346EDD1284670BD00BF90F828006B
:109E0000A0F10100B0FA80F040097047EFF303833E
:109E1000103B0A4A5BB203F5C65352F8231021F4F3
:109E2000803142F8231052F82330054B1B889BB237
:109E3000012B00D0704701F0DDBE00BF0060004084
:109E4000A4C80022EFF30383103B064A5BB203F57C
:109E5000C65352F8231021F4803142F8231052F8EF
:109E60002330704700600040EFF30383103B064A45
:109E70005BB203F5C65352F8231021F4803142F847
:109E8000231052F82330704700600040EFF3038343
:109E9000103B064A5BB203F5C65352F8231021F477
:109EA000803142F8231052F82330704700600040A0
:109EB000EFF30383103B0A4A5BB203F5C65352F833
:109EC000231021F4803142F8231052F82330054B3F
:109ED0005B889BB2012B00D0704701F0E1BE00BF50
:109EE00000600040A4C80022EFF30383103B064A41
:109EF0005BB203F5C65352F8231021F4803142F8C7
:109F0000231052F82330704700600040EFF30383C2
:109F1000103B064A5BB203F5C65352F8231021F4F6
:109F2000803142F8231052F823307047006000401F
:109F3000092900D97047FEF7ADB800BF092901D93A
:109F40000020704708B5FEF729FA00F0030008BDAD
:109F500009290FD810B541B10446FEF7A3F92046F0
:109F6000FEF7F0F9C0F30A0010BDFEF77DF9C0F36B
:109F70000A0010BD00207047092901D90020704750
:109F800010B50446FEF78EF92046FEF799F900F069
:109F9000100010BD092901D90020704710B50446F2
:109FA000FEF780F92046FEF78BF900F4404010BD23
:109FB000092900D9704738B50C460546FEF724FA42
:109FC00021462846BDE83840FEF736BA092900D9AF
:109FD00070470122FEF788BA092900D9704738B5C1
:109FE0000C460546FDF784FC21462846BDE838406E
:109FF0000222FEF795BA00BF08B5FDF73DFD00222D
:10A0000000F00700431E032B4FEA801028BF1046C4
:10A0100008BD00BF2DE9F0478E46394DDFF8F4A0AA
:10A02000B5F80080887108EBC80C0AEB8C0C0F4661
:10A03000441EBEE80F00ACE80F00BEE80F00ACE81D
:10A040000F00DEF8003046464FEAC809CCF8003071
:10A050000C2C14D8DFE804F00713071F1F07074173
:10A0600034340707070000223978264B09EB080033
:10A0700053F821300AEB8000114698472E88224B76
:10A08000721CA3FB0213DB0803EB8303A2EB430266
:10A090002A80BDE8F08739781C4B33F811309BB229
:10A0A000012BECD11A4C174B09EB080053F8213067
:10A0B000002254F821100AEB800098472E88DEE732
:10A0C0003978104B09EB080053F8213000227969E8
:10A0D0000AEB800098472E88D1E73A780B4B33F88B
:10A0E00012309BB2012BCAD1064B09EB080053F882
:10A0F0002230796900220AEB800098472E88BEE75B
:10A10000A088002248CE0022CDCCCCCCA4C800220E
:10A1100044AD002250CE0022704700BF2DE9F04F21
:10A120004FF4187330258BB0CDE900356B4F85782F
:10A130006B4E03FB057305EB450504464822694950
:10A1400006EB0510FBF798FE002874D12378664FC4
:10A15000012B05463A784AD03B78002B40D17B78DA
:10A16000002B3DD1DFF8EC9109944C46DFF8E881F3
:10A17000A146A4F58C7638222824304601925B4B08
:10A1800001225B490094FCF7B9F8383600284ED11B
:10A19000B145F0D14C464FF03809DFF8C0B1DFF8D7
:10A1A000C0A1A8F50C764FF0280C30465B46012282
:10A1B0005146CDF80490CDF800C0FCF79FF8383632
:10A1C000002834D1B045EED105F58C75B5F50C7F7E
:10A1D00008F50C7804F58C74CAD1099CA37800E0CA
:10A1E000A37801220020FA540BB0BDE8F08F32B3FF
:10A1F000A3784049B3FA83F2520931F8122092B29F
:10A20000022AEED14FF0380828260122CDE9006855
:10A21000394B3A493A48FCF771F840B90122CDE987
:10A220000068384B38493948FCF768F858B10120C4
:10A230000BB0BDE8F08F02200BB0BDE8F08F7B784B
:10A24000002BD5D1DEE70122CDE90068304B314942
:10A250003148FCF753F80028E9D10122CDE9006824
:10A260002E4B2F492F48FCF749F80028DFD1012257
:10A27000CDE900682C4B2D492D48FCF73FF800280C
:10A28000D5D14FF00A0C4FF0B00801264FF42069E9
:10A29000284A034604900092CDE90568CDE902CC36
:10A2A000254A26492648CDF80490FCF763F9034671
:10A2B00088B9CDE905680B26224A04900092CDE9C1
:10A2C0000266214A21492248CDF80490FCF752F950
:10A2D00000283FF441AF032086E700BFF888002242
:10A2E000B88D00220003010238AD0022D088002280
:10A2F00064030102A4C80022B88E002210030102E8
:10A30000A0AB0022908E00221C03010268AB002249
:10A31000688E00222803010230AB0022408E00220A
:10A3200034030102C0AA0022188E00224003010259
:10A3300018AA0022E0980022B9B0000250030102DE
:10A3400088AC0022E08E0022EDD200025C03010204
:10A35000D8AB002258A8002210A50022A88800220D
:10A360007403010281B110B5002440F6B83C074BDC
:10A37000A24208BF624653F820000C60FCF734F894
:10A3800000B910BDFF2010BDFF207047D80000228B
:10A3900000B583B0019161B1084B002253F8200051
:10A3A00001A9FCF743F820B9019B13B103B05DF894
:10A3B00004FBFF2003B05DF804FB00BFD8000022BF
:10A3C00000B583B0019161B1084B002253F8200021
:10A3D00001A9FCF72BF820B9019B13B103B05DF87C
:10A3E00004FBFF2003B05DF804FB00BFD80000228F
:10A3F00079B1094B02EB420010B5002203EB0010CB
:10A400000C46FBF717FD10B9236803B110BDFF2000
:10A4100010BDFF20704700BFB88D002239B108B5CC
:10A420000846FBF789FD00B908BDFF2008BDFF20E5
:10A43000704700BF704700BF704700BF30B50C4683
:10A4400083B090F82850FBF777FD631E082B19D8CE
:10A450004FF40C72C4EBC404E40002FB05440A4B45
:10A4600000221C44204601A9FBF7BEFF50B9019809
:10A4700040B1FBF761FD0022204601A9FBF7B4FFC4
:10A480000028F4D003B030BDE0A2002270B50C4625
:10A4900082B0054690F82860FBF74EFD631E042B42
:10A4A00022D84FF40C72C4EBC404E40002FB06444F
:10A4B0000E4B00221C44204601A9FBF795FF50B922
:10A4C000019840B1FBF738FD0022204601A9FBF7B7
:10A4D0008BFF0028F4D04FF48C7095F82820044BA3
:10A4E00000FB0230FCF73AF802B070BDE0A2002297
:10A4F000807B00224B1E082B00D9704730B50546E3
:10A500004FF40C7405FB04F4C1EBC103164891B081
:10A5100004EBC303002201A91844FBF765FF86463C
:10A5200000BB019BF3B1114B114A33F815300DF10B
:10A53000080C9BB2012B14BF0523012352F82340C2
:10A540000FCCACE80F000FCCACE80F000FCCACE8A0
:10A550000F00724694E803008CE8030001A902A8EA
:10A56000FBF764FF11B030BDE0A20022A4C80022B6
:10A57000D80000224FF48C732DE9F04307461B4DA1
:10A58000DFF86C90EE1800FB03F3DFF8688091B001
:10A590001D441E440022284601A9FBF725FF8646DC
:10A5A000F0B9019B0DF1080CD3B139F817309BB20B
:10A5B000012B14BF0523012358F823400FCCACE82E
:10A5C0000F000FCCACE80F000FCCACE80F007246C8
:10A5D00094E803008CE8030001A902A8FBF726FF1A
:10A5E0003835B542D6D111B0BDE8F08340A700227E
:10A5F000A4C80022D800002210B54B1E82B0082B40
:10A6000001900ED84FF40C7CC1EBC10190F82800EA
:10A61000CB000CFB0030044C002201A92044FBF7C6
:10A6200005FF02B010BD00BFE0A2002210B54B1E16
:10A6300082B0042B01900ED84FF40C7CC1EBC10109
:10A6400090F82800CB000CFB0030044C002201A93C
:10A650002044FBF7EBFE02B010BD00BFE0A20022D9
:10A66000704700BF10B50446FFF784F82046FFF797
:10A67000B1F82046FDF7FCFF064B94F8282003EBC9
:10A680004201497800290CBF0321022103F812106E
:10A6900010BD00BF3CAD002210B50121044690F86A
:10A6A0002820064B03F81210FDF7D4FF2046FFF7D1
:10A6B00091F82046BDE81040FFF75CB83CAD0022A1
:10A6C00010B50121044690F82820064B03F812101B
:10A6D000FDF7C0FF2046FFF77DF82046BDE810409B
:10A6E000FFF748B83CAD00224FF0010110B5044619
:10A6F00090F82820064B23F81210FDF7ABFF2046F8
:10A70000FFF768F82046BDE81040FFF733B800BFF8
:10A710003CAD002270B506463046FDF76BFF05469E
:10A720000120FFF74FFB3046FDF764FF0446012090
:10A73000FFF748FB3046FDF75DFF85EA0403444020
:10A7400023439905E8D43046FFF714F8AA0505F02D
:10A75000100301D56BB170BD002BFCD03046FDF766
:10A760006BFF0122054B96F8281003EB41035A704A
:10A7700070BD3046BDE87040FDF750BF3CAD0022D3
:10A78000F8B5044615460E460021FFF725FC94F85F
:10A7900028302C4A2C4803EB8303DB00C6504FF4CF
:10A7A0008871D5502046FDF751FD00212046FDF768
:10A7B0007BFE264F94F8283037F81320132A35D023
:10A7C000002600212046FDF709FD94F82830204995
:10A7D00003EB83039B00CE5232463146204601F004
:10A7E000D7FC012805461DD020F00206B6B20EB1F6
:10A7F0002846F8BD94F8283037F81320022A14BFF1
:10A800001322042227F8132031462046FDF774FC5A
:10A8100031462046FFF78CFB20463146FFF7D6FB3A
:10A820002846F8BD072294F82830EBE7094A03EBE5
:10A83000830352F8333000212046DA8D01F068FCA2
:10A84000BEE700BF18AE002270AE002214AF002297
:10A85000C0AE0022C8AD002270B504460E461546B3
:10A860000021FFF7B9FB94F82830204A204803EB79
:10A870008303DB00C6508021D5502046FDF7E6FC5F
:10A8800080212046FEF7C0FF1A4E94F8283036F893
:10A890001320142A1AD0032A4FF0000514BF1420E5
:10A8A000052003EB8302144992008D5226F8130011
:10A8B00029462046FDF7BCFB29462046FFF738FB1A
:10A8C00029462046BDE87040FFF780BB0B4A03EBEA
:10A8D000830352F833300021DA8D204601F018FC52
:10A8E00094F8283036F81320D5E700BF18AE0022C0
:10A8F00070AE002214AF0022C0AE0022C8AD00220C
:10A90000F8B504460E460021FDF720FC0021204644
:10A91000FDF7A8FB00212046FDF7D6FB00212046CD
:10A92000FFF75AFB94F8281000295CD0012965D064
:10A93000002320461A461946FCF7F0FF0021204666
:10A94000FDF734FB0022202311462046FCF7E6FFEA
:10A9500000212046FDF72AFBA6F11103012B05D9A2
:10A9600000212C4B94F8282023F8121094F828305A
:10A97000294D03EB830355F833700021BE85204633
:10A98000FDF70CFDF88594F82820244E02EB820197
:10A9900055F8313036F8211083F83A10616C83F89D
:10A9A0002820596494F8283003EB830355F83310BA
:10A9B00059B14B684BB1002208461146984794F8AC
:10A9C000283003EB830355F833100120FFF726FDF1
:10A9D000002294F8280000EB8003DB00EA50BDE879
:10A9E000F840FFF7C7BD20464FF48062FDF70CFA30
:10A9F0004FF410612046FEF707FF99E720464FF419
:10AA000000620021FDF700FA4FF424512046FEF7C2
:10AA1000FBFE8DE714AF0022C8AD0022C0AE0022BD
:10AA200070B50446002184B0FDF790FB002120465C
:10AA3000FDF718FB94F828301F49204E03EB8302E2
:10AA4000D20089581E4DB2581E48516135F8132066
:10AA500040F82310013A132A15D8DFE802F00A144F
:10AA6000141416140A1414141414141414141414AE
:10AA700014166A4600212046FFF7EEFE072294F8DE
:10AA8000283025F8132004B070BD0526002120468B
:10AA90006A4625F81360FFF773FEFF2806D00622EA
:10AAA00094F8283025F8132004B070BD0721204603
:10AAB000FFF726FFE7E700BF70AE0022C8AD002217
:10AAC00014AF002268AE00222DE9F047044690F84A
:10AAD0002830394E03EB830256F83210374D8A691D
:10AAE00091F83B70118903EB430301EB430335F805
:10AAF0001310B2F800A0D588B2F80290B2F8048022
:10AB0000FDF7C2FB94F82830802F03EB830256F840
:10AB100032002946426903D1AA423CBF114695B290
:10AB20008A4288BF41610AF0800265B90AB9802F64
:10AB30003FD00025224A204622F813500821BDE8C4
:10AB4000F047FFF7DDBE7AB3802F0CBF032212223D
:10AB50001B48514620F813202046FEF745FE494683
:10AB60002046FEF745FE41462046FEF745FE2946B3
:10AB70002046FEF745FE002194F82830114A03EBE9
:10AB800083039B00D1522046FEF718FE2046FEF7B5
:10AB90001BFE2046FEF7DEFD2046FEF7E3FD2046C5
:10ABA000BDE8F047FEF734BE802F0CBF0222112211
:10ABB000CEE70122CCE700BFC8AD0022F8AE0022EC
:10ABC00014AF0022C0AE0022704700BF70B504462B
:10ABD0000D461646FDF746FA002094F82830154930
:10ABE00003EB830305EB430321F8130032462946A8
:10ABF000204601F0CDFA012809D829462046FDF764
:10AC00007BFA29462046BDE87040FFF791B902283B
:10AC100006D029462046BDE870400722FEF7D4BB87
:10AC200029462046FDF704FA29462046BDE8704033
:10AC3000FFF77EB9C0AE00222DE9F84390F8283026
:10AC4000444A03EB830301EB430352F823600446B9
:10AC500096F83B300D46D6F81480002B6DD029466F
:10AC60002046FCF745FE002194F82830B6683A4AA1
:10AC70003A4803EB830305EB4303394F40F8236065
:10AC800022F813102046294647F82380FDF7A6FA3C
:10AC900029462046FDF772FA2946204601F05EF962
:10ACA000064600283ED0431E9BB2012B33D8E36BEF
:10ACB00094F828905B6829465B68204693F80080EA
:10ACC000284B08EB890923F81950FCF7B5FC264AF4
:10ACD00022F8190094F8283008EB830803EB83036B
:10ACE00005EB430357F8233032F81820934228D954
:10ACF000B3FBF2F102FB11329B1A1C4A42F82830D6
:10AD0000294620463246FDF7FBFE29462046BDE88F
:10AD1000F843FFF75BB929462046BDE8F843072210
:10AD2000FEF752BB294602462046FFF74FFF294651
:10AD30002046BDE8F843FFF749B9F28D01F0E8F984
:10AD40008DE70A4A2946204642F82830FDF7D4F913
:10AD5000D6E700BFC8AD0022C0AE002218AE002268
:10AD600070AE0022E0840022F084002200850022E0
:10AD700070B5C58C044682B01DBB4FF48973056065
:10AD80008384012094F8282001A9FFF731FBE0B962
:10AD9000019E48222146304604F008FAA36903B117
:10ADA00005B3FAF713FCE36B01993062CB63236CB4
:10ADB00001200B64FFF7ECFA044608BB204602B002
:10ADC00070BD294601F0AEF918B9FF24204602B043
:10ADD00070BD00224FF48973092D2260A384D0D95D
:10ADE000FF24F3E7198806F130023186598871860D
:10ADF0009988B186D988F1861989B2613187D0E7FF
:10AE000001990120FFF70AFB204602B070BD00BF88
:10AE100070B5044682B00D46022094F8282001A99E
:10AE2000FFF7E6FA00B1FEE740F20513019E626CFF
:10AE300030607085F5847264B38494F828303146AC
:10AE400086F82830236AD4E90F520220C6E90F524F
:10AE50003362FFF79DFA08B902B070BD3146022097
:10AE6000FFF7DCFA02B070BD2DE9F041044682B074
:10AE70000F469046012094F8282001A91E46FFF7AE
:10AE8000B7FA00B1FEE7019D636C089A2860AF84B1
:10AE9000A5F82680AE606A606B6494F82830294675
:10AEA00085F82830236AD4E90F620120C5E90F62D2
:10AEB0002B62FFF76DFA044618B9204602B0BDE8D0
:10AEC000F08129460120FFF7A9FA204602B0BDE82B
:10AED000F08100BF2DE9F041044682B00F46904654
:10AEE000022094F8282001A91D46FFF781FA00B13D
:10AEF000FEE7019E636C3060B784A6F826807585F6
:10AF0000736494F82830314686F82830236AD4E9EF
:10AF10000F520220C6E90F523362FFF739FA10B917
:10AF200002B0BDE8F08131460220FFF777FA02B0A7
:10AF3000BDE8F08130B5114B90F82820044633F875
:10AF4000125083B06DB902F03FFF20465021FEF74A
:10AF500099F8294620466368A28C03B0BDE83040CA
:10AF600018470120FEF72EFF0023054DA18C204637
:10AF70001A460095FFF778FF03B030BD14AF0022EA
:10AF8000D9CA000210B5044600F09EFF204600F02A
:10AF9000AFFF2046BDE8104000F06ABFFF2A2DE950
:10AFA000F0418C4618BF4FF4817E4FF000014FF006
:10AFB0008008054608BF002290F82800254C00EBC9
:10AFC000C00604EBC60608BFDFF894E0224F7360AA
:10AFD00000EB800386F8280086F83B80B160716141
:10AFE000F18447F813E007EB4303B36195F82800B9
:10AFF0009A80D980A3F808C000EBC00304EBC30318
:10B000006A6C18465A64FFF7B3FED52802D0D0B157
:10B01000BDE8F081114E0220FEF7D4FE95F82830ED
:10B0200003EBC30204EBC202D18C104629B992F89B
:10B03000283036F81330282BEDD0FFF799FED528AD
:10B04000E9D00028E4D140F6B831284602F096FF56
:10B05000BDE8F08190B1002220B2002210AF0022A2
:10B0600000010100F8B5164604460F4600F062FFE5
:10B0700039460546204601F069F801462A4633461E
:10B080002046C1F30F31FFF789FF054608B1284676
:10B09000F8BD94F82830074E204636F81310FEF716
:10B0A0009BFF94F82830204636F81310FDF7DCF9A2
:10B0B0002846F8BD34B200222DE9F04FDFF8A49302
:10B0C000E54DE64FE64EDFF8A08383B042F2107202
:10B0D000012001A9FFF746F90028F7D16FF480722B
:10B0E000019CA38CB4F826B01344162BEED801A211
:10B0F00052F823F08BB400027DB400026DB400025C
:10B1000049B40002AFB4000299B40002BDB4000219
:10B110002DB400020DB40002E7B30002D5B3000263
:10B12000CDB00002C7B30002CDB00002B5B300023B
:10B13000CDB00002CDB0000261B300023BB300020B
:10B1400015B3000207B30002E9B2000251B10002D8
:10B150000BF1FF3BBBF1610FB8D801A353F82BF003
:10B1600049B6000241B6000239B6000227B6000215
:10B17000CDB00002CDB00002CDB00002CDB00002D3
:10B18000CDB00002CDB00002CDB00002CDB00002C3
:10B19000CDB00002CDB00002CDB00002CDB00002B3
:10B1A0001FB60002CDB0000217B60002CDB00002FB
:10B1B000CDB00002CDB00002CDB00002CDB0000293
:10B1C000CDB00002CDB00002CDB00002CDB0000283
:10B1D000CDB00002CDB00002CDB00002CDB0000273
:10B1E000CDB00002CDB00002CDB00002CDB0000263
:10B1F000CDB00002CDB00002CDB00002CDB0000253
:10B20000CDB00002CDB00002CDB00002CDB0000242
:10B21000CDB00002CDB00002CDB00002CDB0000232
:10B22000CDB00002CDB00002CDB00002CDB0000222
:10B23000CDB00002CDB00002CDB00002CDB0000212
:10B24000CDB00002CDB00002CDB00002CDB0000202
:10B25000CDB00002CDB00002CDB00002CDB00002F2
:10B260000FB6000207B60002FFB50002F7B50002F4
:10B27000CDB00002E5B50002CDB00002CDB00002B5
:10B28000CDB00002CDB00002CDB00002CDB00002C2
:10B29000CDB00002CDB00002CDB00002CDB00002B2
:10B2A000CDB00002CDB00002CDB00002CDB00002A2
:10B2B000CDB00002CDB00002CDB00002CDB0000292
:10B2C000CDB00002CDB00002CDB00002CDB0000282
:10B2D000CDB00002CDB00002CDB00002CDB0000272
:10B2E00085B5000245B5000259462046FDF7DCF859
:10B2F0004FF48B7200212046636898472146012055
:10B30000FFF78CF8E2E659462046FDF7ADF840F22B
:10B310001512EFE794F8283003EB83030BEB43039C
:10B3200055F82330002BE9D0BBF1000F40F0D3805B
:10B3300008212046FFF7E4FAE0E794F8283003EB11
:10B3400083030BEB430355F82330002BD6D0BBF11E
:10B35000000F40F0C68009212046FFF7D1FACDE763
:10B36000BBF1000F40F0C380A3692046198909038F
:10B3700001F4704100F0D2FD002800F0D88094F86C
:10B38000283003EB830255F83210002940F0C980C1
:10B3900045F8324039F81320002A00F05981142A68
:10B3A00000F05A81132A00F0618120460721FFF73F
:10B3B000A7FA8BE65A4620460BF0070100F0A8FEDC
:10B3C00040F20F1296E759462046FEF705FE40F27E
:10B3D0000D128FE72046FDF7B9FE2046FEF70CFE62
:10B3E0005946024687E7F0212046FCF763FB01201F
:10B3F000FEF7E8FC204600F067FD204600F078FDEF
:10B40000204600F035FD4FF4857273E794F828303C
:10B41000BBF1090F26F813B05BD8594642462046C7
:10B42000FFF720FE81B240F2091264E700212046B6
:10B4300002F0AEFC204600F033FD6420FEF7C2FCB3
:10B440004FF48472594656E72046FFF773FD4FF4D8
:10B45000827259464FE700BFC8AD002218AF0022E4
:10B4600034B2002214AF002275DF00022046FDF73F
:10B47000A5FE2046FEF7C0FD02463BE72046FEF74C
:10B480004DF84FF48172594635E72046FDF75EFED0
:10B4900040F2011259462EE7502294F828302046F7
:10B4A00027F81320FFF746FD4FF4837222E720466A
:10B4B000FDF7BAFE40F2051259461CE7204600F09F
:10B4C000E5FC0121204602F063FC40F207125946D8
:10B4D00011E7FF21A7E7594608222046FDF774FF30
:10B4E0000CE7594609222046FDF76EFF06E759464C
:10B4F000204600F017FE82462046514600F00EFD21
:10B50000D8B194F8282002EB82030BEB430355F8E3
:10B510002330002B00F0BB8059462046FFF76CF823
:10B52000D4E5A36920461989FFF780F8CEE5A36921
:10B5300020461989FEF7AAFFC8E559462046FEF7BE
:10B540007DFFC3E5142394F82820614903FB02F230
:10B550008B5A01339BB2012B8B523FF426AF05204F
:10B56000FEF730FC2046FEF729F92046FEF72CF9BD
:10B570002046FEF7EFF82046FEF7F4F82046FEF7E7
:10B5800047F9A3E594F8283039F81320013A112A35
:10B590003FF69CAD01A151F822F000BF87B6000232
:10B5A0006DB6000259B60002CDB00002CDB0000267
:10B5B000CDB00002CDB00002CDB00002CDB000028F
:10B5C000CDB00002CDB00002CDB00002CDB000027F
:10B5D000CDB00002CDB00002CDB000026DB60002C9
:10B5E00059B6000294F82830012B7FF46FAD204645
:10B5F000FFF790F86AE52046FDF7A8FD66E52046CE
:10B60000FDF78CFF62E5204602F046FC5EE5204631
:10B6100002F084FC5AE52046FCF702FD56E5204680
:10B62000FCF7F8FC52E52046A18DFDF71BFC2046F7
:10B63000A18DFDF745FB49E5204600F017FA45E5E9
:10B64000204600F04FFA41E5204600F0C5F93DE5FF
:10B650002046FFF739FA39E5282202FB03F3EB58BD
:10B6600020469A685969FFF7F7F82FE5282202FB70
:10B6700003F3EB5820469A685969FFF781F8FF28D1
:10B680007FF424AD91E62046FFF7CAF91EE50A23B0
:10B6900003FB02B245F82240BAF1000F0DD0BBF116
:10B6A000090F3FF613AD59462046FEF765FC594693
:10B6B00048B9204600F000FE08E55946204607221A
:10B6C000FDF782FE02E52046FFF7B6FAFEE400BF72
:10B6D000C0AE0022092900D970474FF0000C70B5A8
:10B6E00090F82830164E03EB830301EB43030C461E
:10B6F000054626F813C000F087FE032819D8DFE8B6
:10B7000000F0110A020370BD21462846BDE87040D2
:10B710000522FDF759BE21462846BDE870400422A7
:10B7200000F0FABE21462846BDE87040032200F032
:10B73000F3BE21462846BDE870400722FDF744BE0F
:10B74000C0AE0022092900D97047FFF73FBA00BFF9
:10B75000F8B5184D90F8283035F81320052A28D868
:10B76000D82606FB03F30A26044602EBC20203EBCB
:10B770008203114F114AD75013449E80CA88DA8041
:10B780008A689A60CE68DE600A691A614A695A61FD
:10B790008A699A61CA69DA610A6A4FF470411A6269
:10B7A0000022B04794F8282035F81230013325F8EC
:10B7B0001230F8BDE8AE0022FFFF00F0E0AF00223B
:10B7C00064232DE9F0410126844603FB00F3174D65
:10B7D00001EB810003EB4003EE52B04016882B448E
:10B7E000BCF1010F4FEA81045E8003D15388054408
:10B7F000A5F8683064274FF48C7000FB0CF007FB51
:10B800000CFC55680C44C1EBC10EDFF82C80084ECF
:10B8100000EB8E000CEB440C404446F80C501C230B
:10B82000BDE8F04100220349FAF722BE90870022CA
:10B8300096870022D0020102807B00222DE9F84F7A
:10B84000494D06462C78002C76D000274FF0D80AB8
:10B85000B8463D463C46DFF854B1DFF8549196F8BF
:10B860002800424B1AFB008024220021184403F0D8
:10B870007BFC06223C2196F828003D4B12FB00522F
:10B8800010010BEB02124BF80040C2E90144D460F6
:10B8900096F8280008F1240811FB007200EB400024
:10B8A00005EB4000013549F80240062D4A4423F8D3
:10B8B00010405460148107F10A07D0D1282796F868
:10B8C00028502C4805EB85063A46002100EBC600BF
:10B8D00003F04AFC28484FEAC6083A460021404493
:10B8E00003F042FC254BB2009C50254A03EB860333
:10B8F00022F81540234AC3E90144C3E90344224B1B
:10B9000022F815402148224A23F81540214B22F8FD
:10B91000154000213A46404423F8157003F024FCFA
:10B920000121012D08BF1C4B084608BF9C70FEF783
:10B9300083FD0020BDE8F88F48222146174803F018
:10B9400013FC174F174B4822214617481C60C7E9C4
:10B9500000443C8103F008FC0123C7F80A40C7F803
:10B960000E407C822B7070E740AD0022E0AF0022D9
:10B97000F8AE002270AE002218AE0022C0AE002247
:10B98000F0AE0022ECAE0022E8AE0022C8AD0022EC
:10B9900014AF002218AF00223CAD002290B100226B
:10B9A00020B2002234B20022D8B1002220AF0022FF
:10B9B0004CAD0022FBF744BCC38C33B9054B90F867
:10B9C000282033F81230282B01D0FFF7D1B9D52029
:10B9D000704700BF10AF002238B5858D0446EB07D5
:10B9E00016D5214B90F8282033F81230072B15D0AC
:10B9F000142B23D0052B0BD10022114600F004FD9F
:10BA0000032826D013D8022802D02046FFF708F8D2
:10BA100029462046BDE8384000F084BD0021FEF7ED
:10BA20006FFF29462046BDE8384000F07BBDFF2867
:10BA3000EED107212046FEF763FFE9E70022114619
:10BA400000F0E2FC032804D0F1D838B10128DCD0A2
:10BA5000DEE705212046FEF753FFD9E711212046F6
:10BA6000FEF74EFFD4E700BF14AF002270B5858DFE
:10BA70000446EB0705D429462046BDE8704000F097
:10BA800019BE0021FEF75AFA10F002061DD194F8F3
:10BA90002830134903EB83039B00CA5A013292B248
:10BAA000012ACA520CD00520FEF78CF931462046F7
:10BAB000FEF78CFA29462046BDE8704000F0FABD3A
:10BAC00007212046FEF71CFFD5E720460621FEF79A
:10BAD00017FF29462046BDE8704000F0EBBD00BFCF
:10BAE000C0AE002270B5858D0446EA0705D429460C
:10BAF0002046BDE8704000F013BE0021FEF71EFA9C
:10BB000083072BD43A4E94F8283036F81330043B90
:10BB10000F2BECD801A252F823F000BF9FBB00020C
:10BB2000EFBA0002C5BB0002CFBB0002EFBA0002B1
:10BB3000EFBA0002EFBA0002EFBA0002EFBA000259
:10BB4000EFBA0002EFBA0002EFBA0002EFBA000249
:10BB5000EFBA0002EFBA000271BB000220460621D4
:10BB6000FEF7CEFE29462046BDE8704000F0D8BD65
:10BB700000222046114600F00BFB022819D02AD8DB
:10BB800080B3072294F828302046002126F813209D
:10BB9000FCF7B2FA00212046FEF7CAF9A7E7002217
:10BBA0002046114600F0F4FA022802D013D80028EB
:10BBB000E7D120460021FCF79FFA00212046FEF73E
:10BBC000B7F994E700212046FEF79AFE8FE720465A
:10BBD000FEF726FF8BE7FF2889D107212046FEF7D5
:10BBE0008FFE84E712212046FEF78AFE7FE700BF22
:10BBF00014AF00222DE9F843EFF303834FF0000860
:10BC0000164D174F2C88174A04EBC404103B07EB62
:10BC1000C4065BB2404652F8239086F82880FDF7B0
:10BC200009FDE40070643A1D04F13803D9E9090103
:10BC3000D050134459603046FDF768F90120314671
:10BC400047F80480FEF7BCFB2B8801339BB20F2B17
:10BC500008BF43462B80BDE8F88300BF38B20022FE
:10BC600040B2002200D0002200B54FF00F0E4FF47A
:10BC7000876C40F217124EF001E0074B90F8281045
:10BC80000CFB01339A8448330FF005C00022034BAC
:10BC900023F811205DF804FB40B2002238B20022E4
:10BCA0002DE9F047EFF303820126194D194F6C88F7
:10BCB000194B04EBC404E400103A07EB040952B238
:10BCC00053F822A0304689F86064FDF7B3FC04F510
:10BCD0008768C9F87C043B1D04F58E64DAE9091213
:10BCE000B84419511C4440466260FDF70FF9002327
:10BCF0004146C9F838343046FEF762FB6B8833445E
:10BD00009BB20F2B08BF00236B80BDE8F08700BFFC
:10BD100038B2002240B2002200D00022022A84461B
:10BD2000F0B528D0032A01D00020F0BD002BFBD1B4
:10BD30003A4E3B4D305C70B1642303FB0CF300EBD7
:10BD4000800403EB44032B44DB880A0392B203F420
:10BD500070439A42E9D064230624042203FB0C5367
:10BD60009D8F0A330DB9002847D0013A04F1010430
:10BD7000F6D10A20F0BD002B37D02A4A284D105C9E
:10BD800070B1642202FB0CF200EB800602EB46026B
:10BD90002A44D2880C03A4B202F470429442C4D064
:10BDA000642201244FF0050E02FB0C521D4E1E4F63
:10BDB00007E017F80C504DB3BEF1010E04F1010479
:10BDC00019D050890A320028F6D1E0B2002BF0D009
:10BDD00016F80C50002DEFD10139144A03EB410342
:10BDE000DBB206F80C00D054F0BD0F4A0C4D105CCD
:10BDF0000028C6D1D4E70620F0BDCB1C0B4A5B005F
:10BE0000E0B2DBB206F80C00D054F0BD4B1E074A7E
:10BE10005B00DBB207F80C00D054F0BDB0BA0022D2
:10BE200090870022B4BA0022B8BA002258880022B3
:10BE300070B505460C46164631B1324621462846B5
:10BE4000BDE87040FDF70CBD4021FCF71DFA3246FD
:10BE500021462846BDE87040FDF702BD10B50446F6
:10BE6000FDF79AFC2046BDE81040FDF743BC00BF3B
:10BE700010B50446FDF790FC2046BDE81040FDF7E4
:10BE800041BC00BF70221021FBF70ABE10B504466A
:10BE9000FDF77CFC2046BDE81040FDF71BBC00BF51
:10BEA00010B50446FDF772FC2046BDE81040FDF7D2
:10BEB0001BBC00BF10B50446FDF77AFC2046BDE868
:10BEC0001040FDF737BC00BF10B50446FDF770FC0D
:10BED0002046BDE81040FDF735BC00BF10B5044654
:10BEE000FDF760FC2046BDE81040FDF713BC00BF25
:10BEF00010B50446FDF756FC2046BDE81040FDF79E
:10BF000011BC00BF08B5FDF78DFC0022FF2800F032
:10BF1000C00314BF1846104608BD00BF08B5FDF7A2
:10BF200081FC0022FF2800F0C00314BF1846104611
:10BF300008BD00BF092901D90020704710B504468B
:10BF4000FCF7B0F92046FCF7BBF9C34300F00F0241
:10BF5000D80000F08000104310BD00BF092901D9AE
:10BF60000020704738B50C46054641B3642095F86B
:10BF7000283001EB810100FB03F31A4A03EB410374
:10BF8000D15A012901D0002038BD1A44D3881B0B97
:10BF9000013B012BF7D8052CF5D821462846FCF7A4
:10BFA00081F92846FCF78CF9C30610D40E4B95F89E
:10BFB000282053F82200003818BF012038BDFCF7B4
:10BFC00053F9030B013BDBB2012BE6D9DBE7074B4F
:10BFD00095F8282053F82200003818BF01204000AF
:10BFE00038BD00BF908700228CC8002294C8002270
:10BFF0002DE9F04704460D46914690F82870FBF76E
:10C0000077FC29462046FFF7A9FF06462946204629
:10C01000FCF728F829462046FCF756F82946204622
:10C02000FCF794F829462046FBF7D0FC012E4AD0B5
:10C03000022E38D0DFF8C08007EB870605EB4606F6
:10C0400058F826A0BAF1000F3BD0294B294653F8E7
:10C0500026302046CAF81430AAF82C90FCF79EF936
:10C06000244BAAF82E0058F8264033F816303846EC
:10C0700084F83A30FDF7DEFA0022606458F82600B2
:10C080001146436880F82870984758F82610012018
:10C09000FEF7C4F900232946384648F82630BDE8A3
:10C0A000F047FEF727BA31462046FBF731FEC7B10D
:10C0B000012FBFD14FF4006231462046FBF7A4FEAA
:10C0C000B8E7BDE8F08731462046FBF721FE47B1CF
:10C0D000012FAFD14FF4006239462046FBF794FEA2
:10C0E000A8E74FF4806231462046FBF78DFEA1E7BA
:10C0F00070AE0022C0AE0022C8AD002209B9FBF725
:10C1000095BCFBF77FBC00BF4FF4E061FBF772BF4B
:10C11000092905D8530601D5FCF7C6B9FCF7A4B91F
:10C12000704700BF09290FD810B541B10446FCF78C
:10C13000B9F82046FCF706F900F4704010BDFCF792
:10C1400093F800F4704010BD0020704709291BD8F7
:10C1500008B5A1B10346642093F8283001EB8101B2
:10C1600000FB03F3094A03EB4103D15A012901D033
:10C17000FF2008BD1A44D08800F4704008BDFCF7C9
:10C1800073F800F4704008BDFF20704790870022CC
:10C190002DE9F04F092983B06DD851EA0206174600
:10C1A00008BF32460C4606BF202311460023054631
:10C1B000FBF7DEFBFF28064649D021462846FBF761
:10C1C0003BFA804621462846FDF7C2FE95F8283006
:10C1D000DFF8DCA003EB830304EB43035AF82330BE
:10C1E000CDF80080434536D9022621462846FDF782
:10C1F000A5FE214601902846FBF77AFB95F828908A
:10C20000DFF8B0B009EB890904EB49093A46414629
:10C210005BF829302846FDF729F84BF8290095F8F6
:10C220002830009903EB830304EB43035AF82320DF
:10C2300091422FD8A2EB08024AF823202146284633
:10C24000FBF7CCFF019B03F00303012B1AD0304610
:10C2500003B0BDE8F08F1FFA83F8B8F1000F0FD0DC
:10C26000B8FBF0F300FB13839BB24BB9B4FA84F62E
:10C2700076097600B9E70126304603B0BDE8F08FB5
:10C280000126B2E728462146FDF7A0FE304603B05E
:10C29000BDE8F08F002239464AF823202846FBF7F4
:10C2A00041FE0304CAD439462846FBF75DFEC5E7C4
:10C2B00070AE002218AE0022092900F285802DE917
:10C2C000F84390F82830494A03EB830301EB43031A
:10C2D00052F823900C4699F83B300546D9F8147073
:10C2E000002B6AD0002621462846FBF701FB95F873
:10C2F0002830D9F808103E4A3E48DFF8088103EBA1
:10C30000830304EB430348F8237020F8136042F8DA
:10C31000231028462146FFF721FE064650B3431E50
:10C320009BB2012B51D8D9F8403095F828905B6822
:10C3300021465B6828461F782F4B07EB890923F8B5
:10C340001940FBF779F92D4B324623F8190095F87F
:10C350002830214607EB830703EB830304EB4303F9
:10C3600058F82360264B284643F82760BDE8F84379
:10C37000FCF7D6BA0346024621462846FBF7CEFA1A
:10C3800021462846FDF7E4FD4FB1B7FBF0F200FB74
:10C39000127792B21FBB21462846FBF705FB2146C8
:10C3A0002846FDF713FE21462846FBF741FE2146AD
:10C3B0002846BDE8F843FDF7BBBDB9F82E305B0653
:10C3C0000AD5FCF771F88DE7704721462846BDE88D
:10C3D000F8430722FCF7F8BFFCF746F882E7013282
:10C3E0002146284692B2FBF7DFFAD8E7C8AD002213
:10C3F00018AE0022C0AE0022E0840022F0840022A9
:10C400000085002270AE002209292DE9F84F4BD893
:10C4100000230C4606461746FBF7AAFAFF280546F6
:10C4200042D021463046FDF793FD96F82830DFF8DC
:10C43000E48003EB830204EB420258F82210C5F3B8
:10C440000B05A942AA464FEA83023FD353D085B3D6
:10C45000B5FBF0F100FB115189B2002948D04FF033
:10C46000010921463046FBF743FA96F828309A0036
:10C470001A442946264D04EB420B30463A4655F8FD
:10C480002B30FCF75BFF45F82B0096F82830484628
:10C4900003EB830304EB430458F82430A3EB0A03B3
:10C4A00048F82430BDE8F88F4FF0FF094846BDE852
:10C4B000F88F21463046FBF71BFA4FF00109394649
:10C4C0003046FBF773FD4FF0000ADEE721463046A9
:10C4D000FBF70EFA96F828304FF0030903EB8302BE
:10C4E00004EB420258F822109A008DB2AA46BFE728
:10C4F0004FF00209BCE721463046FBF7F9F9A9469F
:10C50000002DDCD096F828304FF000099A00AFE7F4
:10C5100018AE002270AE0022092900D97047FFF73B
:10C5200067BD00BF2DE9F04F012490F828C05C4A98
:10C530000CEB8C0387B002EBC302DB0007468B4693
:10C54000A04692460293CDF800C002E001340A2CC6
:10C5500024D008FA04F31BEA030FF7D0A6B2314641
:10C560003846FBF73BFE5AF82430002BEED031461C
:10C570003846FFF7F3FC431E9BB2012B054610D94A
:10C5800031463846FDF7F8FC10282A463146384631
:10C5900077D00134FFF79EF80A2CDAD107B0BDE856
:10C5A000F08F01463846FCF7DFF88446009B2946A9
:10C5B0009A0001923B4A0CEB830932F819C00390B0
:10C5C0003846CDF814C0FBF7FDFB29463846FCF78A
:10C5D00049FC00232A4631463846FBF7C9F9324B5D
:10C5E000304933F8193031F819C0304A0490DDE988
:10C5F0000001081803EB400352F823303846013B92
:10C60000B3FBFCF301331FFA83F9FCF75FFC049BD7
:10C610008145264AC3F30B0129D80B468C46039863
:10C6200001990144224840F821C097F8281001EBF5
:10C63000810104EB410152F82110994224D0029962
:10C640000A4452F824209A422CBF4FF004094FF0BC
:10C65000050929463846FCF719F8314638464A4656
:10C66000FFF7C6FC29463846FBF7A0FC6EE771B120
:10C67000431C0598A9EB030313FB00139BB29C46D4
:10C68000CDE7FFF75FF861E74FF00309E1E70599B0
:10C69000A9EB000313FB01F39BB29C46BFE700BF6D
:10C6A000C8AD0022F0840022E084002270AE002297
:10C6B000008500222DE9F843012405460E46274651
:10C6C000DFF8588007FA04F31E4215D095F8283099
:10C6D0001FFA84F903EB830304EB430358F8233078
:10C6E00053B149462846FDF755FCB0F5404F08D0F8
:10C6F00049462846FCF7ACFF01340A2CE2D1BDE8DC
:10C70000F8832846FBF782FD03044CBF052207226D
:10C7100049462846FCF758FEEEE700BFC8AD0022A8
:10C720002DE9F047012406460D462746DFF8D8904C
:10C73000DFF8D88007FA04F31D4219D096F82830A4
:10C7400003EB830304EB430359F8232082B138F849
:10C7500013301FFA84FA012B0AD051463046FDF7F8
:10C76000EDFB800751462ED506223046FCF72CFE05
:10C770000134062CDED14FF00108234F08FA04F3F0
:10C780001D4215D096F828301FFA84F903EB830375
:10C7900004EB430357F8233053B149463046FDF7C5
:10C7A000CDFB830709D5062249463046FCF70CFE2F
:10C7B00001340A2CE2D1BDE8F08701224946304617
:10C7C000FFF716FCF4E73046FBF7E8FD4204CFD450
:10C7D00051463046FFF7C2FB80B9012296F8283057
:10C7E000514603EB830304EB43033046013428F83E
:10C7F0001320FFF7FDFB062C9CD1BCE751463046C9
:10C80000FBF7ECFCE9E700BFC8AD00226887002217
:10C81000F8B5069C94F801C0BCF1050F01D00020CA
:10C82000F8BD94F803C005460CF0030CBCF1020FF0
:10C830000E463CD0BCF1030F1F462FD0BCF1010FB8
:10C84000EDD194F90230002B3FDB952A4CF21022F7
:10C850003FD0A379002BE2D00020C02F75D0B3FACF
:10C8600083F3C3F11F039BB20028D8D0A77807F049
:10C870000F0717432279617942EA0632079C42EAA0
:10C880000122012D2780A280E380C9D1431E9BB2E3
:10C89000042B33D90023079A5380F8BD94F9023052
:10C8A000002B1BDB952A37D048F21002D1E794F910
:10C8B0000230A778002B18DB0B2A25D0952AAED1A1
:10C8C000002344F210220920D1E7952A4CF280225D
:10C8D000BFD1A3790920002BC8D0BEE70B2A22D0F4
:10C8E000952A39D04FF40042B3E70B2A25D0952A78
:10C8F00095D100234FF485420920B8E74301183B46
:10C9000043F470539BB2C6E762460123FFF706FA71
:10C91000002344F21022A7E7A37948F2100209206D
:10C92000002B9AD1A2E762460023FFF7F7F9A3791B
:10C930004FF40042002B90D196E762460023FFF7A8
:10C94000EDF900234FF485428EE7082B96BF03F1E3
:10C95000FF3307239BB287E7A3794FF400420920F6
:10C96000002B7FF47AAF81E72DE9F84F64244FF470
:10C970008C721D4B1D4E1F1904FB00F404F10A05B7
:10C9800027444FF0000B814602FB0066DFF860A0F1
:10C990004FEA01381C441D4406E00A35BD4204F14B
:10C9A0000A0406F11C061DD06389012BF5D1238AE8
:10C9B0000AEA03039845F0D1B9F1010FC5F800B0B8
:10C9C000C5F806B0304608BFA4F80EB0F9F7C6FDAA
:10C9D0000A353046F9F796FDBD4204F10A0406F126
:10C9E0001C06E1D1BDE8F88F908700229C7B0022D5
:10C9F00000F0FFFF4FF0640C38B590F828300C467B
:10CA00000CFB03F31D4A01EB810103EB4103D35AF5
:10CA1000012B00D038BD00210546FBF72FF900F0AF
:10CA20000F0084421CD001212846FBF727F900F0B3
:10CA30000F0084421BD002212846FBF71FF900F0AB
:10CA40000F00844205D021462846BDE83840FAF759
:10CA500019BE0023022228461946FAF75FFFF2E7C3
:10CA6000002328461A461946FAF758FFDBE7002349
:10CA7000012228461946FAF751FFDCE79087002289
:10CA800000B50B2A9DF804E005D0952A0CBF0920BB
:10CA900000205DF804FB1A4673465DF804EBFFF7CF
:10CAA0003DB900BF38B5094D90F8283035F813204E
:10CAB00052B10749044651F823300021984700221B
:10CAC00094F8283025F8132038BD00BFD4C70022C1
:10CAD000CCC70022704700BF134640F2231100224A
:10CAE000FEF7F8B94FF49271838DC28CFEF7F2B95C
:10CAF000F0B5052A00F29B80DFE802F0030388709E
:10CB00004F034FF4A01C90F82830494C03EB8302EC
:10CB1000DFF838E104EB4207464D474E44F812E097
:10CB2000C7F804C003EBC30203EB830306EB8306E1
:10CB300005EBC2039E6090F82820802602EB820C51
:10CB400004EB4C0CACF8081002EBC203BCF8061066
:10CB500005EBC30359610024012183F83B60DC84A9
:10CB6000446C9985354983F828205960C3F818C06A
:10CB70005C6490F82820C66B02EBC2033049DB00EE
:10CB8000046C3833CE5002EBC2020B4405EBC200FA
:10CB90005C60BDE8F040FEF7EBB890F82830294E15
:10CBA0004FF0000E06EB8326B6F802C0214DBCF50F
:10CBB000806F28BF4FF4806C03EB830203EBC30349
:10CBC00005EBC3031A4C9E601F4B44F8123004EB74
:10CBD0004203A3F806C0A3F804E0ACE74FF4102E1C
:10CBE00090F82830174A134D03EB830602EB83229B
:10CBF00003EBC3030E4C05EBC3039A60124B04EB2B
:10CC0000460C44F81630CCF804E094E74FF4901E3C
:10CC100090F82830064C03EB83020C4F04EB420CD7
:10CC200044F81270034D044ECCF804E07AE7F0BDEE
:10CC300070C80022E0C70022A0C70022E5CA000297
:10CC4000E4C70022A0BF0022800600028006000187
:10CC50002DE9F0434FF0800900254FF0010E4FF40D
:10CC6000A06890F828C0154F0CEBCC0307EBC3036A
:10CC7000134E83F83B905E60466C124C5E640CEB86
:10CC80008C0604EB460683F828C0DD849D605D6158
:10CC90009E61A3F82CE090F828E00CEB8C0C0EEBD6
:10CCA000CE0E24F81C80728007EBCE00B580F58094
:10CCB0003181BDE8F043FEF75BB800BFE0C700225A
:10CCC000E5CA000270C800222DE9F0434FF0800948
:10CCD00000254FF0010E4FF4106890F828C0154F52
:10CCE0000CEBCC0307EBC303134E83F83B905E6061
:10CCF000466C124C5E640CEB8C0604EB460683F823
:10CD000028C0DD849D605D619E61A3F82CE090F8F1
:10CD100028E00CEB8C0C0EEBCE0E24F81C807280FD
:10CD200007EBCE00B580F5803181BDE8F043FEF71A
:10CD30001FB800BFE0C70022E5CA000270C8002289
:10CD4000F8B54FF0000C4FF0800E044690F82830F4
:10CD5000214A224902EB432003EB830201EB42020A
:10CD60001F4DD6881F4F03EBC30205EBC20282F8AA
:10CD70002830C2E9017003EB830301EB430182F821
:10CD80003BE05661A2F826C0916194F82800626CDD
:10CD900000EBC00305EBC30318465A64FDF7E8FF38
:10CDA00080B2D52801D078B1F8BD0220FDF70AF88D
:10CDB00094F8283003EBC30305EBC300FDF7D8FF5D
:10CDC00080B2D528F1D0EEE72046BDE8F84040F625
:10CDD000B83101F0D3B800BF70BB0022C8BA00223E
:10CDE000DCBA002275DF00020023FF222DE9F047A4
:10CDF00090F828708AB0584CADF8023007EB8703E2
:10CE000004EB830423790546092BADF800206079F3
:10CE1000A2790FFA87FE62D041F60A232689B4F878
:10CE20000A809E4254D08A681388002B4AD09B0007
:10CE3000043B9B08FF204FF6FF7A013305E0B14524
:10CE400007D0013B02F104020ED0B2F80490D145A4
:10CE5000F5D1B2F80690D14538D0C14508BF0020C1
:10CE6000013B02F10402F0D1FF282CD04FF0000961
:10CE70003A4E4B4606EB8726B6F80280B8F5806F2F
:10CE800028BF4FF480680DE0042803F1050704D1A2
:10CE900016F807A0C888824530D0127813449BB298
:10CEA000F25C7AB1434506EB03020BD250780228BC
:10CEB000EAD1944612784FF0010913449BB2F25C18
:10CEC000002AEFD1FF200AB0BDE8F0870020B8E7C4
:10CED000B8F5007FA7D100200AB0BDE8F087002890
:10CEE0009AD11AB90123ADF8023095E7012A2ED064
:10CEF000022A04BF0323ADF802308DE7B9F1000F19
:10CF000001D0CDF808C00DF102030593144B019434
:10CF1000144C03EB4E03079304EB4E032846D1F861
:10CF200010800392089301A9CDF810D0C04795F85E
:10CF300028300D4A34F8131003EB4303F55D01EB81
:10CF4000430302EB0313BDF80000DD80BBE70223BF
:10CF5000ADF8023060E700BFA0C70022A0BF0022EA
:10CF6000ECAE0022F0AE002220AF00220B460022E1
:10CF700040F22111FDF7AEBF00234FF491711A4624
:10CF8000FDF7A8BF4FF0000C70B590F82830184C92
:10CF9000184E03EB830544F81560B2F5007F04EBEF
:10CFA0004505A5F804C01BD94FF400722981EA8019
:10CFB00000224FF0FF0E104D05EB432303F802E073
:10CFC00090F82830013203EB830104EB4101B1F802
:10CFD00006C091B28C45EFD8BDE87040FFF7B0BEF7
:10CFE000EA802981002AE3D1BDE87040FFF7A8BE9E
:10CFF000C8BA00228006000270BB00222DE9F0436F
:10D00000DFF81C9190F8283083B059F8233005469A
:10D01000B3F826804FEA0837BFB23946FEF772FFF1
:10D02000B8B3012402E001340A2C1DD0A6B2314667
:10D030002846FFF777F8B842F5D131462846FCF785
:10D040007DFF0128EFD131462846FAF751FC5021E7
:10D0500095F828302C4A03EB830304EB4303013497
:10D060000A2C22F81310E1D1092241462846FFF785
:10D0700089FF264B95F8282003EB4223DB7913F038
:10D08000200310D1B8F1010F28D05021204B23F8F4
:10D090001210022095F8283059F8231003B0BDE88B
:10D0A000F043FDF7BBB900241A491B4802EB82028A
:10D0B00001EB420341F8120028465C60A3F80880A7
:10D0C000FFF73EFE0028E4D1B8F1010F11D0502146
:10D0D0000F4B95F8282023F81210DAE70F491A466B
:10D0E000009128464FF48371FDF7BEFE95F8282085
:10D0F000CBE70A4903460246009128464FF4837164
:10D10000FDF7B2FEE3E700BF78BF002270BB00224C
:10D1100010AF0022C8BA002200030100D9CA0002E1
:10D12000D8C700222DE9F04F654A90F8283083B027
:10D1300052F823300646DC8C2503ADB22946FEF7B3
:10D14000E1FE002800F08280012C00F08F80642036
:10D15000FCF738FE092221463046FFF713FF594BF2
:10D1600096F8282003EB4223DB799B0600F18C80A4
:10D170004621554B23F812100124544F02E001348C
:10D180000A2C21D01FFA84F841463046FEF7DEFF14
:10D19000A842F4D196F8283003EB830304EB430351
:10D1A00037F81330502BEAD141463046FCF70EFFDA
:10D1B000002296F8283003EB830304EB4303013489
:10D1C0000A2C27F81320DDD196F828A0DFF814B137
:10D1D0003BF81A30002B40D000254FF0D808DFF87C
:10D1E000089107E096F828A03BF81A200135ABB269
:10D1F0009A4232D908FB0AF405EBC50304EB830419
:10D200004C446188EF000129ECD1236A00223046AA
:10D210009847462240F2072096F82810638801EBD1
:10D22000410403EB44032A4C04EB03135A80294BBB
:10D2300033F81120824236D0462208FB0AF32F44ED
:10D2400003EB87034B448A469A80CDE796F828A0E3
:10D250001D4B33F81A30462B8ED00220184B53F852
:10D260002A1003B0BDE8F04FFDF7D8B896F8282093
:10D270001349194B51F822203046918C009300231A
:10D280001A46FDF7F1FD62E7FF2221463046134BB7
:10D29000FDF784FE0028D9D146210B4B96F82820B3
:10D2A00023F8121068E70E4B304653F82130002166
:10D2B0009847002396F82810064A22F81130BBE759
:10D2C000D8C7002270BB002210AF002278BF002216
:10D2D00020AF0022D4C70022D9CA000275DF0002A5
:10D2E000CCC70022E8AE0022E0AF00222DE9F04FCB
:10D2F000B74FDFF80483DFF804A3DFF804B38FB07F
:10D3000042F21072022004A9FDF72CF80028F7D190
:10D31000049CA38C94F82890B3F5927F4D46E68C3C
:10D3200047F8294075D9A3F20222062A52D8A3F25F
:10D330000323052B00F21E84DFE803F0513E2F1279
:10D34000036040F2051340F20721A24AA3846368F8
:10D3500020462AF8191042F82930FFF7E3FECFE7FC
:10D360004FF4837340F206212046A384FFF746FE64
:10D3700040F2062294F8283096492AF81320626871
:10D38000012E41F82320A18CBAD1934B2046009363
:10D3900000231A46FDF768FDB2E74FF4837340F2AD
:10D3A00005218C4AA384636820462AF8191042F8A4
:10D3B0002930FFF723FEA3E74FF48473854AA38443
:10D3C0006368012E42F8293000F0A7814FF4017301
:10D3D0002AF8193021460220FDF720F890E740F2A4
:10D3E00007137C4AA3846368012E42F8293000F0B9
:10D3F000A98140F203232AF81930EBE740F2051324
:10D400004FF402712046A384FFF78CFE4FF40272A2
:10D41000B0E7B3F5827FDDD96FF4827213441F2B1E
:10D42000D8D801A252F823F06BD60002D5D300025F
:10D43000D5D30002D5D30002D5D30002D5D3000244
:10D44000D5D30002D5D30002D5D30002D5D3000234
:10D45000D5D30002D5D30002D5D30002D5D3000224
:10D46000D5D30002D5D30002D5D30002D5D3000214
:10D47000D5D30002D5D30002D5D30002D5D3000204
:10D48000D5D30002D5D30002D5D30002D5D30002F4
:10D49000D5D30002D5D3000205D600023BD5000249
:10D4A000D3D40002A9D4000231462046FEF73AFE4A
:10D4B00094F82830494A32F81320282A00F04A818B
:10D4C000462A00F0478157F823100220FCF7A6FFF8
:10D4D00016E7424B33F81930462B00F0A98100F2D1
:10D4E0005A810A2B00F09681282B7FF473AF628D4E
:10D4F0003B4E002126F819202046FEF799FC002219
:10D50000402594F82830374903EB430021F81320D5
:10D5100036F81310344E802926F8205000F0D481BC
:10D52000C02900F0D181A94200F0EF810A222B49E5
:10D5300057F8234021F813204CE70C2005A98DF85B
:10D540001490FCF767FD0021204600F021FC282301
:10D5500094F82850214A22F81530244B33F815301E
:10D5600083B34FF6FF794FF00A0C002403EBC3039B
:10D570009B001F4A243B9B0802FB03F305EB45027B
:10D5800023F0404302EBC20205EB450E013308EBEA
:10D59000C2024FEA4E0E1188B1420FD15188A2F853
:10D5A00004C071440BEB011009012BF801901149E3
:10D5B0001160A0F802C08480C4800481013B02F1A4
:10D5C0002402E8D157F825100220FCF727FF97E640
:10D5D000D8C70022CCC70022D9CA000210AF00224F
:10D5E000ECAE0022C8C70022F8AE0022E8AE00224E
:10D5F000398EE338FFFF00F0E0AF0022D4C70022ED
:10D6000020AF0022638D422B37D8402B7FF6E2AE4D
:10D61000C14931F819300A2B7FF4DCAE28220123EE
:10D6200021F81920BD4A22F81930BD4A12F81920F4
:10D63000022A00F0038200F06DFC94F82830B74A0B
:10D6400032F81320012A7FF43EAFB64B40F20311AB
:10D650000093002320461A46FDF706FC282294F882
:10D660002830AD4921F813202DE740F2051120465E
:10D670002AF81910FFF756FD42E6432B7FF4AAAEB5
:10D680000A230026A44A22F81930A74BA74A33F8E8
:10D69000193022F8196063B994E79B88462B14D09F
:10D6A000A14B94F82850013633F81520B3B29A42B2
:10D6B00088D9D82303FB05F306EBC60203EB8203EC
:10D6C0004344598810460129E7D1D82303FB05F5C7
:10D6D00005EB800508EB05092046D9F81830B9F8A4
:10D6E00006209847924B94F82820B9F802C00021F0
:10D6F00048F805300A204FF0FF3502EB42020CEBF0
:10D7000042030BEB03121B012BF80350A9F8040092
:10D7100050809180D1801181C2E70A237E4A22F88D
:10D72000193000234FF401722AF819207D4AA18C88
:10D73000204600921A46FDF797FB94F8283057F8D8
:10D74000234047E60A23744A22F81930002340F2A6
:10D750000322E9E72046FBF77BFD94F828300028F8
:10D760003FF4B1AE57F823209946568D002E00F0B5
:10D77000BE800A22684921F813203AF81320A2F249
:10D78000022292B2012A3FF69EAE2046FFF78AF9A6
:10D7900094F8283097E6502B7FF41CAE624B00259E
:10D7A00033F819303BB915E65F4B013533F81920D2
:10D7B000ABB29A422BD9D82303FB09F305EBC50280
:10D7C00003EB820343445988EE000129ECD1002287
:10D7D000DB692046984740F2052394F828203AF860
:10D7E0001210994264D0D823502103FB09F32E4430
:10D7F00003EB86034344588802EB420200EB4202EB
:10D800000BEB02125180998094F82890CCE757F8DE
:10D810002940DFE53AF81930B3F5017F7FF4DAAD3E
:10D820002046FFF73FF994F8283057F82340D1E518
:10D830003D4B33F81930002B3FF4CCAD711C204622
:10D8400000250C4606E0384B013533F81920ABB201
:10D850009A42DCD9D82303FB09F305EBC50203EB9D
:10D86000820343445A88EE00A242ECD11B6A002294
:10D8700021460390984740F20721039890F828200A
:10D880003AF812308B4219D0D823462103FB09F312
:10D890002E4403EB860343445E8802EB420206EB10
:10D8A00042020BEB02125180998090F82890CAE74F
:10D8B0002046FFF7F7F894F8282094E7FFF7F2F8EE
:10D8C000039890F82820DFE71A4B114620461B6882
:10D8D000984794F82800104B33F810300A2B69D081
:10D8E000F9F7ECFC94F8283057F8234072E5124A17
:10D8F00032F81330013B052B44D8DFE813F0C400A5
:10D90000E6001F0068004300F6002046FCF7BAF866
:10D91000204600F0F7FADCE710AF0022F0AE00225C
:10D920003CAD0022D9CA0002E8AE0022ECAE0022D3
:10D93000FFFF00F048010022C8C700220021984BD9
:10D940003022084653F82960F5F7E6FFB36C054628
:10D9500006620060002B00F00B811A46DB69002B89
:10D96000FBD1D56194F828008E4B082203EB802070
:10D970008D4905F10C03F5F797FF94F828908B4B30
:10D9800043F829508A4B33F81920013292B2052A04
:10D9900023F8192011D0062A63D0012A854B56D1CD
:10D9A00033F81920844B00215B682046984794F88F
:10D9B000283088E557F820400CE57E4B204633F8A8
:10D9C00019107D4B5B69984794F828307BE500255A
:10D9D0002422494600E00135784B33F811C0ABB240
:10D9E0009C4540F2A580002E40F0A280D82002FB8A
:10D9F00003F300FB0139C144B9F804000A28EAD155
:10DA0000D82212FB013120464144FFF7EDF938B925
:10DA1000012694F82830674931F81330A9F802300C
:10DA200094F82810614B53F821005E4B03EB8121E1
:10DA3000F5F786FB242294F82810CCE70B2005A9E3
:10DA40008DF815308DF81490FCF7E4FAF3E533F80F
:10DA50001910594B204653F82230984794F8283033
:10DA600031E54F4B53F82900F4F76EFD572894F831
:10DA700028307FF428AD4A4A52F82300F4F7FCFD21
:10DA800094F828301FE54B4E4D4B36F8195033F8BB
:10DA900019202D03ADB229462046FEF7C9F906220A
:10DAA000484B09EB890903EB8903DB7994F82810CB
:10DAB00003F07F031D4336F8113002FB0133424A65
:10DAC00022F8135094F828905CE7354B3D4A53F800
:10DAD000293009EB890902EB89003C490E224C33BD
:10DAE000F5F7E2FE94F828904CE7D822334900235A
:10DAF00009FB028231F8196009E02E49508831F89B
:10DB000019102432814203F1010513D02B4699B23A
:10DB10008E42F2D846232E4A22F819303AF81920BC
:10DB20004B46A2F2022292B2012A3FF6CCAC2CE67E
:10DB3000894627E7D8204FF0060E4FF0240C4625E3
:10DB400000FB09F00EFB091E0CFB03031C4A0BEB48
:10DB50000E1E32F819604344AEF80250AEF8086069
:10DB600000229D8020465B69984794F82890D1E771
:10DB7000B064F7E640F20B13164AA3846368012EE3
:10DB800042F8293004D040F202232AF8193021E467
:10DB90000A230F4A22F81930002340F20222C3E57B
:10DBA000B07D0022A0BF002268000022BCBA002283
:10DBB000C8C70022F0AE002248010022E8AE0022D1
:10DBC000ECAE0022A0C70022F8AE002270000022B6
:10DBD00010AF0022CCC700222DE9F84F574C054664
:10DBE0002178002900F09F80002495F82830544EB9
:10DBF000544803EB8302910000EB432006EB8203C1
:10DC000074504FF400722146C3E90144C3E9034450
:10DC100001F0AAFA95F828304B4F03EB830307EB8A
:10DC200083019B00FC50C1E90144C1E9034447481A
:10DC300095F828304FF48062214600EB832001F0F4
:10DC400093FA95F82810424B01EB810143F81140FB
:10DC500003EB41035C601C8195F828303D4803EBE1
:10DC6000C3034822214600EBC30001F07DFA4FF0C8
:10DC7000060E0A2395F828B0DFF800A1DFF800C1EE
:10DC80004AF82B4095F828504FF6FF722CF81540B3
:10DC90004EF001E0A446DFF8EC802F4F2F483049CA
:10DCA000DFF8E49028F8154029F8154047F825409A
:10DCB00020F8153021F815402A492B4F21F815403E
:10DCC0002A4905EB850021F8154005EB450101EBDC
:10DCD000C10107EBC10706EB800180003450C1E9A8
:10DCE0000144C1E9034405EB4505214EDFF89C8062
:10DCF0006D0005EB0C0006EB0011000132520CF137
:10DD0000010CC7F800804B80243747F8203C8C80FA
:10DD1000CC800C810FF013C802210846FCF78CFB65
:10DD20000020BDE8F88F134B48221348C3E90011C7
:10DD3000198101F019FA0123237055E7BABA0022BC
:10DD400078BF002270BB0022A0C70022A0BF002223
:10DD5000C8BA0022DCBA0022CCC7002210AF0022D1
:10DD6000ECAE0022F0AE0022E0AF0022E8AE0022CE
:10DD700020AF002270C80022E0C70022D8C70022CE
:10DD8000D4C7002270BF0022C8C70022FFFF00F0E6
:10DD9000012901D0F9F79EBE10B50446F9F792FEAD
:10DDA00094F82830012B00D010BD054B054A9B7814
:10DDB0002046BDE8104003EB430352F823301847D8
:10DDC0003CAD00220801002210B5114B90F828202C
:10DDD00033F81230502B06D0FBF774FCBDE810402E
:10DDE0000520FBF7EFBF0446FBF76CFC0120FBF7B7
:10DDF000E9FF2046FBF7DEF92046FBF75BFC2046F7
:10DE0000FEF72CF8BDE810400520FBF7DBBF00BF94
:10DE100018AF002270B504460D46FEF75FF82046A5
:10DE2000FEF772F929462046FFF7A0F894F828304B
:10DE3000012B00D070BD064B064A9B782046BDE8FA
:10DE4000704003EB430302EB83035B68184700BF9A
:10DE50003CAD00220801002210B590F8283004469D
:10DE6000012B08D10A4B0B4A9B7803EB430302EBCF
:10DE700083039B689847F0212046F9F71BFE204654
:10DE8000FEF718F82046BDE810404321FFF76EB8B2
:10DE90003CAD00220801002270B5194D90F82830E1
:10DEA00035F81360502E03D0BDE87040FBF736BB49
:10DEB0000446F9F7E1FD83060DD42046FBF71CF973
:10DEC000432813D02046FDF7C9FF31462046BDE860
:10DED0007040FBF7D7B8282294F82830204625F860
:10DEE00013200121BDE87040FCF792BF282294F86E
:10DEF0002830204625F81320BDE87040FBF70EBB04
:10DF000018AF00220022024B11461B68184700BFC1
:10DF1000480100226420FBF755BF00BFFFF72CB873
:10DF2000F8B5124F04463D880E4675B12046FDF700
:10DF30009BFE2046FFF750FE2046FDF77FFC314652
:10DF40002046BDE8F840FDF735BDFCF773FA4FF009
:10DF50000A0E0E224EF001E0054B9A715D702433DB
:10DF60000FF005C801233B80E0E700BF84C8002212
:10DF700050CE002201460420FCF70ABA042000B566
:10DF800083B00A460DEB0001FCF7ECF938B9019BB0
:10DF9000988D002818BFFF2003B05DF804FBFF2018
:10DFA00003B05DF804FB00BF2DE9F04192B00028FA
:10DFB0007BD00C46002978D08A78012A6FD8054694
:10DFC0000270CB78774903F07F03C370206AA861A1
:10DFD000754841F822006178022952D92178012937
:10DFE0005DD10B3BDBB2082B59D840F2DD1121FA91
:10DFF00003F3DB0753D5D4E909036C496C4E41F8B0
:10E0000022006C49C5E9070341F82230B25C012ABD
:10E0100000F0A18028B1D0E9011300681B6898477F
:10E020002B6A23B1D3E9011218681268904723784C
:10E03000012B03D12978604A22F811302046FCF7E1
:10E040006DF8002845D131787378194300F0868047
:10E0500001224FF4347000212B78584FF254584A63
:10E0600047F8231000FB0320564A22F813104822D9
:10E0700001F07AF894F80080B8F1010F2CD0002656
:10E080000FE0132B0BD801204F4E00FA03F333425D
:10E0900010D14E48034202D02378012B14D040F215
:10E0A000E256304612B0BDE8F0810126304612B08B
:10E0B000BDE8F0812378022BF1D10029EFD0002AAE
:10E0C00099D1022997D1EAE7022994D1012A92D065
:10E0D000E5E740F2DC56E4E728788DF82800FBF706
:10E0E000A9FA11909DF82800FBF7D4FC06460028F9
:10E0F000D7D16846E178FFF713FF9DF82800214645
:10E10000FBF7F0FC324B9DF8280023F81060627892
:10E11000022A38D0FBF7B6FB01216846FFF738FE2C
:10E120002C492D48F4F7AEFAE3788B2B1CD02378DA
:10E13000012BA4D12A78E97857F822008B400343B9
:10E140000B2947F822309AD157F8223043F48053F4
:10E1500047F8223093E740F2DD56A2E74FF4B4725D
:10E160001E4801F001F873E71D491E48F4F78AFACA
:10E170006378022B0FD0A3786BB91B4A1B491C484C
:10E18000F4F768FED3E723F810806846F9F73AFC05
:10E190009DF82800BEE70023164A14491648F4F7F4
:10E1A00059FEC4E748CE002219A1000294C80022FB
:10E1B00088C800228CC80022A4C800229CC8002263
:10E1C000A8C80022AC840022D107010000E80E009C
:10E1D000C4AD0022551D00023800002250CE00229E
:10E1E0001917000220000022000025401D720002C5
:10E1F0009803010200103540840301022DE9F84F15
:10E200000388DBB14FF0000A80464FF00109DFF8C8
:10E21000D4B00024314D4FEACA07D8F8043035F89D
:10E22000022BD919898891420AD00134032CF4D1E8
:10E23000B8F800300AF1010A5345EAD8BDE8F88F72
:10E24000DB5909FA04F603F0B853B3F1807F244B8D
:10E25000F6B293F84C2C12D0324230D104F12002A5
:10E260001BF81230DB09E0D01BF81230012123F03B
:10E270008003C8200BF8123000F028FDD5E73242A9
:10E2800010D004F120021BF81230DB09CDD11BF8AD
:10E290001230012143F08003C8200BF8123000F047
:10E2A00015FDC2E7012000F0BDFD0D4B012093F8E4
:10E2B0004C2C324383F84C2C00F084FDE1E7012024
:10E2C00000F0B0FD064B012093F84C2C22EA060228
:10E2D00083F84C2C00F076FDC0E700BFB0060102C9
:10E2E00000E0014000202040F8B50446FFF786FF1B
:10E2F000EFF31082012383F31088254E33681BB996
:10E30000402024490B75087533680133336082F36C
:10E310001088218849B3C9000839C90860681E4DB2
:10E32000013107E01B011344013945F8234000F196
:10E3300008001AD004688288E7034FEA1223D2B299
:10E34000F0D502EB031C55F82CE01B0124F48037B8
:10E350002EF4803E1344013945F82CE000F108000A
:10E3600045F82C7045F82340E4D1EFF310820123E7
:10E3700083F31088336813B13368013B336033682B
:10E380001BB9802003490B75087582F31088F8BD0E
:10E39000F8CF0022000D40400008404098B191B1F4
:10E3A0004A6808B503464AB1094A186890420CD039
:10E3B00008461A60FFF798FF002008BD0A88002A67
:10E3C000F2D0012008BD012070470E2008BD00BF1B
:10E3D00054524F5050B1064B02689A4204D1002368
:10E3E00082681846537770470720704701207047AE
:10E3F00043414D440620704780B179B1034610B4C3
:10E4000007481C68844205D100205DF8044BD960A0
:10E410005A61704707205DF8044B70470120704730
:10E4200043414D44A8B10C4B02689A420DD1436858
:10E430005B685B895BB9BFF34F8F0901826841F06C
:10E440000101C9B21846517770470720704706206E
:10E4500070470120704700BF43414D44E8B1114B64
:10E4600002689A421BD1C1B130B44FF480644FF4BA
:10E47000803582688C600D60B2F810C04FF6FF7373
:10E480001CF4404F18BF2346D46800204C609268AB
:10E4900030BC92B2C1E902327047012070470720B8
:10E4A000704700BF43414D4478B3194A01680346A1
:10E4B000914228D1002070B55A689D685268154E67
:10E4C0001178D468203146F821002877BCB14FF08C
:10E4D000010E92F90110104C4FEA511C01F01F017E
:10E4E0000CF1200C0EFA01F144F82C10BFF34F8F01
:10E4F000BFF36F8F094992F9012041F822000022F1
:10E5000010461A6070BD072070470120704700BF99
:10E5100043414D4400A8004000E100E000D000224B
:10E5200030B48268014613685568108AB2F810C08A
:10E53000C0F30120CCF3813443B13DB14FF0FF3C37
:10E540002B430CFA00F033EA000002D030BC01206B
:10E55000704714B99368002BF8D0BFF34F8F30BCCD
:10E5600001228B681A7770472DE9F047D0E9012323
:10E5700091F803E000247746566891F802903278CB
:10E58000B6F80A80920002F1804202F52842C9F3EF
:10E59000810CC2F88040CEF3810A1C774FEA8C1CB4
:10E5A000C2F880805C774FEA9E12CD894CEA8A3CA3
:10E5B00007F0C00A9203CEF3011EBAF1800FADB28C
:10E5C00042EA0E222BD0BAF1400F28D0BAF1C00F88
:10E5D00000F0AC80D0F80CE042F40052B8F1000F2B
:10E5E00018BF42F00102BEF1000F2CD1BAF1C00FEA
:10E5F00061D00020074692B21FFA8CFC9F62D8625D
:10E60000A3F814C01A824868726818608968596053
:10E610009D60DC609A6183F813E0BDE8F0878C8927
:10E6200005EB0545C9F3001E25F0FC25A4B242EA1E
:10E630000E32D0F80CE0B8F1000F18BF42F0010222
:10E64000BEF1000FD2D019F0200F5FD14FF0100EA5
:10E65000B37896F901701B01002FDBB25EDB07F186
:10E66000604808F5614888F80033344B07F5C65810
:10E6700043F82700324B53F8289029F4803943F8A7
:10E68000289053F82830BFF35F8F4FF001087B09C3
:10E690009B0007F01F0703F1604303F5614308FA8D
:10E6A00007F7C3F880711F60CF78836807F0C00A4E
:10E6B000BAF1C00F9DD1888907F00C07042F80B2F2
:10E6C00008BF074691F80290B1F80E8009F00C09D6
:10E6D00018BF37891FFA88F808BF4CF4005CB9F1FD
:10E6E000040F1CBF10FB08F81FFA88F0D1F8048053
:10E6F00008BF4CF0200CC3F82080D1F8088007EB4D
:10E70000074700EB0040C3F8248074E7BAF1C00F5C
:10E7100014BF4FF01C0E4FF0100E99E7DFF8248065
:10E7200007F00F09C84488F818309EE78C8905EB7C
:10E73000054525F0FC25A4B27BE700BF00D00022F0
:10E7400000600040FCEC00E0002855D0304B02682F
:10E750002DE9F0419A42044654D00D46002948D094
:10E760004A68002A45D01378072B47D8D06818B1DB
:10E7700092F90110002948DB2968002939D0CE78A8
:10E780003F2E04D9CE89B6B2B6F5806F31D84CF29F
:10E790002006498821F47F5121F01F0189B2B1423E
:10E7A00027D0002603F18073526903F520739B0183
:10E7B000C4E90230626165602661EFF310880127C9
:10E7C00087F31088134B1A6822F480021A601B68C2
:10E7D0009620394600F07AFA88F310880E4B2046CE
:10E7E00029681F70FFF7C0FE3046094B2360BDE863
:10E7F000F0810120BDE8F0810120704740F27A509D
:10E80000BDE8F0810E20BDE8F0810B20EFE700BFEE
:10E8100043414D440030204000A8004050B3174B06
:10E82000026810B59A42044601D0072010BDF9B124
:10E83000CA783F2A17D84CF220004B8823F47F5324
:10E8400023F01F039BB2834212D002F03002302A21
:10E8500012D02046FFF788FE2046FFF761FE002811
:10E8600018BF132010BDCB899BB2B3F5806FE2D9DE
:10E87000012010BD01207047062010BD43414D44CA
:10E8800038B3154A01680346914201D0072070470A
:10E8900030B4826810685568118AB2F810C0C1F3AC
:10E8A0000121CCF3813488B185B14FF0FF3C28437E
:10E8B0000CFA01F1884309D10CB9926832B1BFF367
:10E8C0004F8F30BC01229B681A777047012030BC03
:10E8D00070470120704700BF43414D44D8B10F4BF2
:10E8E00002689A4201D0072070470022D0E9013126
:10E8F00010B45868037844899B0003F1804303F502
:10E900002843C3F8802010460A77C3F880405DF89A
:10E91000044B4A7770470120704700BF43414D4484
:10E9200030B583B00191009260B3184A01689142FA
:10E9300002D0072003B030BD0024D0E90121556882
:10E940002A786D89920002F1804202F52842C2F8CD
:10E9500080400C77C2F880504C77019A0AB1019A36
:10E960000A60009A0AB1009A4A600A8A12F4404F7B
:10E9700014BFCB608B60FFF7D3FD002818BF1320B6
:10E9800003B030BD012003B030BD00BF43414D4452
:10E9900010B582B0EFF30383103B0F4A5BB203F56F
:10E9A000C65152F8210020F4803042F8210052F87C
:10E9B00021200A4A01A852F823406269E3680192C3
:10E9C0009847A368DB6823B1BFF34F8F0122A36888
:10E9D0001A7702B010BD00BF0060004000D00022D6
:10E9E0001E4A92F8263092F82420DBB202F00F0281
:10E9F000A2F1080103292BD8DFE801F020160C0250
:10EA00001749184A51F82330A2FB03231B09164A61
:10EA1000136070471249134A51F82330A2FB0323B5
:10EA2000114ADB08136070470D490E4A51F8233034
:10EA3000A2FB03230C4A9B08136070470849094A4C
:10EA400051F82330A2FB0323074A5B081360704789
:10EA5000034951F82330D340D9E700BF00E001401B
:10EA6000C0150022ABAAAAAA34D00022704700BF6A
:10EA7000F8B54AF20350012359495A4AA1F8FA035A
:10EA8000938093889BB2002BFBD101244FF400406C
:10EA90009FED4F6B9FED507B534B5449544D596143
:10EAA000C3E90751148083ED007F1861FFF798FFD9
:10EAB000092206214A4B83F8501A83F8A22093F8C2
:10EAC000002C1AB993F8013C98077BD0444C94F879
:10EAD000003C002B6BD00022414B83F8012C83F8C3
:10EAE000002C00233E4A82F8323092F83C3019075D
:10EAF000FBD545F6017040F231110023384C1085EA
:10EB0000A2F84C1082F82A3094F83C309B06FBD5D2
:10EB1000042201250526334B364F1A77276284F8E5
:10EB2000245084F82660FFF75BFF2946962000F00A
:10EB3000CDF8002384F824302762FFF751FF2946DF
:10EB4000962000F0C3F884F82660FFF749FF4AF2E8
:10EB50000152294B1A80BFF35F8F1D72BFF35F8F85
:10EB60004FF42541198084F8305084F8525084F8CD
:10EB7000535094F874301A4A43F0400384F87430C8
:10EB800092F87430DB09FBD0062447200723144990
:10EB900082F86C4082F8740082F8743091F8743016
:10EBA000DB09FBD14FF42543A1F8FA33F8BD01216D
:10EBB000C82084F8001C00F089F894F8003C012B70
:10EBC000FBD188E74FF47A70FFF750FF89E700BF69
:10EBD000006CDC0200127A0000800000002D310180
:10EBE00000E0014000C10140C015002200389C1C1B
:10EBF000001C4E0E322312310020004038B5002593
:10EC0000284C0121C82084F8285000F05FF884F8CF
:10EC1000245094F82430002BFBD194F8243021495F
:10EC200043F0020384F8243091F82430C3F3400009
:10EC30009B07F9D41B4A81F8220092F8223003F096
:10EC4000FF00002BF9D192F84030164960F3C7134A
:10EC500082F8403091F84030DB09FBD191F8420056
:10EC6000104A63F3C71081F8420092F84230DB0982
:10EC7000FBD192F844000B4963F3C71082F84400BB
:10EC800091F84430C3F3C014DB09F9D1012000F03E
:10EC9000C9F8054B012083F84C4CBDE8384000F022
:10ECA00091B800BF0020204000E00140034618B1A9
:10ECB000024A00201A6070470120704700000606D3
:10ECC000A0F101000028FBD1704700BF1E4B1F4A76
:10ECD0001B6800FB01F1934213D302F1854202F558
:10ECE000071203F5742302F6834203F23F23A2FBCB
:10ECF00003239B0CA3FB01314FF0FF30E1B1FFF781
:10ED0000DFBF4FF47A7210B4114C4FF0FF30B4FBF8
:10ED1000F3F3A1FB02C434B9BCFBF3F080B15DF89E
:10ED2000044BFFF7CDBFB1FBF3F1A1FB0212002AA8
:10ED3000F5D1084620B1F2E71846002BDFD1704725
:10ED40005DF8044B704700BF34D0002200127A00F7
:10ED500000CA9A3B70B500240D4B0E4EB3F800214B
:10ED6000B3F82051ADB2154025FA04F3DB0704D502
:10ED700056F82430E0B203B198470134102CF3D197
:10ED8000034AA2F81051B2F820311D42FBD170BDE8
:10ED900000C00040B8CF00220022092310B4074869
:10EDA000074C30F8021F02F5C65C013209B144F885
:10EDB0002C10013BF5D15DF8044B70476E06010243
:10EDC00000600040EFF31081012383F31088124BA1
:10EDD00033F8102092B22AB133F81020013A92B2DF
:10EDE00023F8102033F810309BB293B90B4A10B4BB
:10EDF000B2F8FA330A4C9BB234F8100043F42543BE
:10EE000023EA0003A2F8FA3381F310885DF8044B7B
:10EE1000704781F31088704724D0002200E0014041
:10EE20006408010230B4EFF31081012383F31088EA
:10EE30000E4A32F810309BB26BB90D4C0D4DB4F840
:10EE4000FA3335F810C09BB243EA0C0343F4254370
:10EE50009BB2A4F8FA3332F8103001339BB222F897
:10EE6000103081F3108830BC704700BF24D00022DE
:10EE700000E0014064080102094908B50A688318E6
:10EE8000B3F5805F03D807480B60104408BD00F05D
:10EE900085F90C2203464FF0FF301A6008BD00BF11
:10EEA00030D00022C001002200BE704708B500F03B
:10EEB00037F8F2F76BF9FEE7F8B5174F05463E68ED
:10EEC000A6B17C6806EB460604EB860602E00C342D
:10EED000B4420BD0637AAB42F9D1D4E900020021ED
:10EEE000121A0C3400F040F9B442F3D1BE6896B166
:10EEF000FC6804EB061602E01034A6420BD0637BDC
:10EF0000AB42F9D1D4E90002A168121A103400F022
:10EF10004DF9A642F3D1F8BDE4060102000000005D
:10EF2000F8B5644A644B5A61BFF34F8FBFF36F8FDC
:10EF30001B6803F47002B2F5801F00F0928013F496
:10EF4000600F7AD05D4A136843F004031360BFF387
:10EF50004F8FBFF36F8F4FF47002594B564C002008
:10EF6000C4F88820A360F1F7E5FD0025FFF780FDD8
:10EF70004AF202514FF42542524B0120A3F8FA13F2
:10EF800083F8B05AA3F8FA23F1F7D4FD4E4B83F37C
:10EF90000A884A4B1A68920703D5A268B2F1007F2B
:10EFA00063D00020FFF788FFFFF71AFDFFF726FE6A
:10EFB0000320FFF737FF00234FF00C0E1C464EF0E6
:10EFC00001E0424903F10C0221F8224001330FF025
:10EFD00007C80320FFF7F6FE0320FFF723FF3C4B93
:10EFE00003205C609C60DC601C61FFF7EBFE02208C
:10EFF000F1F7A0FD0120FFF75FFFBFF34F8FBFF3D5
:10F000006F8F2D4BC3F85042BFF34F8FBFF36F8FFD
:10F01000304B314D5B1B002B4FEAA30606DD00246D
:10F0200055F8043B01349847A642F9DCFFF7B4FEDB
:10F03000BDE8F840002000F051B8204A136843F0C2
:10F0400004031360BFF34F8FBFF36F8F4FF0E022C5
:10F05000936843F480339360BFF34F8FBFF36F8F98
:10F0600079E719077FF46EAF69E701211A695869DA
:10F07000C2F3C302093201FA02F300260027DB08BB
:10F0800043F007C0AFF30080E5E802670FF005C06A
:10F09000C0F3C303093301FA03F34FF00052DB0856
:10F0A00043F007C0AFF30080E2E802670FF005C04D
:10F0B00077E700BF01020E0000ED00E000E001E094
:10F0C0000000000200E00140C0110022000D40409D
:10F0D0000040204000090102FC080102704700BF07
:10F0E0000CB4184B30B50C1E9DB01D6808DA8B238C
:10F0F0004FF0FF302B601DB0BDE8304002B07047CC
:10F100004FF402730290069002A9ADF8143014BFB8
:10F1100004F1FF332346209A2846049307934FF6C1
:10F12000FF73ADF8163021AB019300F0A9F9431C31
:10F13000BCBF8B232B60002CDDD0029B00221A70F9
:10F14000D9E700BF680100220139024410B590429E
:10F1500001D1002005E0037811F8014FA34201D04E
:10F16000181B10BD0130F2E702440346934200D160
:10F17000704703F8011BF9E710B56AB1013984182B
:10F1800010F8012B11F8013F9A4203D1A04201D09F
:10F19000002AF5D1D01A10BD1046FCE7014B1868C3
:10F1A000704700BF68010022704770470A44431E41
:10F1B000914200D1704710B511F8014B914203F80C
:10F1C000014FF9D110BD034613F8012B002AFBD1E2
:10F1D000181A01387047000038B50546002941D09B
:10F1E00051F8043C0C1F002BB8BFE41800F0E0F805
:10F1F0001D4A136833B9636014602846BDE838407F
:10F2000000F0DCB8A34208D9206821188B4201BF66
:10F2100019685B6809182160EDE71A465B680BB155
:10F22000A342FAD911685018A0420BD120680144BA
:10F23000501811608342E0D118685B68084453603D
:10F240001060DAE702D90C232B60D6E7206821187A
:10F250008B4202BF19685B680918636008BF2160B0
:10F260005460CAE738BD00BF7CD1002270B50F4E94
:10F270000C460546316811B900F0A8FB3060214604
:10F28000284600F0A3FB431C03D14FF0FF34204677
:10F2900070BDC41C24F00304A042F8D0211A2846F3
:10F2A00000F094FB0130F2D1EFE700BF78D10022EB
:10F2B0002DE9F843CD1C064625F0030508350C2D35
:10F2C00038BF0C25002D01DBA94204D90C23336083
:10F2D0000020BDE8F883DFF8D48000F069F8D8F8A2
:10F2E00000301C4644BB29463046FFF7BFFF431C95
:10F2F000044658D1D8F800402746002F43D1002CAF
:10F300004BD023683946304604EB030900F05EFB1E
:10F31000814542D1216830466D1A2946FFF7A6FF84
:10F3200001303AD023682B442360D8F800305A6863
:10F3300062BBC8F800700FE02268521B20D40B2A71
:10F3400017D96119A342256018BF5960636808BFC7
:10F35000C8F8001062514B60304600F02FF804F1FD
:10F360000B00231D20F00700C21A1CBF1B1AA3505C
:10F37000AFE76268A3420CBFC8F800205A60EBE711
:10F3800023466468AEE73C467F68B6E71A465B688A
:10F39000A342FBD100235360DEE70C2330463360E9
:10F3A00000F00CF894E70560D6E700BF7CD100229E
:10F3B0000148FFF7F9BE00BF74D100220148FFF7F2
:10F3C000F4BE00BF74D100222DE9F0471F468E68BD
:10F3D00082460C46BE4290460B682DD8B1F90C20EF
:10F3E00012F4906F26D06569096905EB4505A3EB1A
:10F3F00001097B1C05EBD5754B446D109D4238BF50
:10F400001D46530527D52946FFF752FF064660B330
:10F410004A462169FFF7CAFEA38923F4906343F0AB
:10F420008003A38126614E446561A5EB0905266032
:10F430003E46A560BE4200D93E463246414620685F
:10F4400000F0AAFAA36800209B1BA3602368334442
:10F450002360BDE8F0872A4600F0D6FA0646002869
:10F46000E0D121695046FFF7B7FE0C234FF0FF3083
:10F47000CAF80030A38943F04003A381E9E7000004
:10F480002DE9F04F98468B899DB007461B060D4627
:10F49000144610D50B6973B94021FFF709FF2860A6
:10F4A000286130B90C233B604FF0FF301DB0BDE840
:10F4B000F08F40236B610023CDF80C804FF00109E1
:10F4C000DFF8A081099320238DF8293030238DF8AF
:10F4D0002A3023469A4613F8012B0AB1252AF9D17E
:10F4E000BAEB040B0BD05B46224629463846FFF7A1
:10F4F0006BFF013000F0A780099A5A4409929AF8EC
:10F500000030002B00F09F8000234FF0FF320AF103
:10F51000010A049307938DF853301A93CDE905231C
:10F52000544605224F4814F8011B00F05FFA049A74
:10F53000D8B9D00644BF20238DF85330110744BFFB
:10F540002B238DF853309AF800302A2B15D0079AC8
:10F55000544600204FF00A0C214611F8013B303B85
:10F56000092B4BD9B0B1079214E0A0EB0803A246D7
:10F5700009FA03F313430493D2E7039B191D1B6895
:10F58000002B0391BBBF5B4242F00202079307933B
:10F59000B8BF049223782E2B0AD163782A2B32D15C
:10F5A000039B02341A1D1B6843EAE373039205931D
:10F5B000DFF8C0A003222178504600F017FA38B1D6
:10F5C000A0EB0A004022049B0134824013430493C1
:10F5D00014F8011B062224488DF8281000F006FAC2
:10F5E000002836D0214B1BBB039B073323F00703B6
:10F5F00008330393099B334409936AE70CFB0232F7
:10F600000C460120A8E7002301344FF00A0C1946EC
:10F610000593204610F8012B303A092A03D9002B14
:10F62000C6D00591C4E70CFB012104460123F0E795
:10F6300003AB2A4604A9384600930D4BAFF3008074
:10F64000421C0646D6D1AB895B063FF52DAF099823
:10F650002CE703AB2A4604A938460093044B00F07C
:10F660007DF8EDE76E080102780801020000000055
:10F67000C9F30002740801022DE9F04716469846C6
:10F680008A6807460B690C46DDF820909342B8BFA4
:10F690001346336091F843200AB101333360236885
:10F6A000990642BF336802333360256815F00605BA
:10F6B00006D104F1190AE36832689B1AAB422BDCCD
:10F6C00094F843302268003B18BF0123920630D4DF
:10F6D00004F1430241463846C847013023D023682D
:10F6E0001A3454F80A2C03F00603042B0ABF54F80A
:10F6F0000E5C002533684FF0000608BFED1A54F881
:10F70000123C08BF25EAE5759342C4BF9B1AED1869
:10F71000B5421AD1002008E001235246414638463E
:10F72000C847013003D14FF0FF30BDE8F087013505
:10F73000C1E7E1185A1C30200233224481F843000B
:10F7400094F8451082F84310C2E70123224641464F
:10F750003846C8470130E6D00136D9E72DE9FF47E2
:10F760000F7E914680460C46782F9A460C9E01F1FA
:10F77000430207D8622F0AD8002F00F0D180582FFB
:10F7800000F0B88004F1420684F842703AE0A7F134
:10F790006303152BF6D801A151F823F0F5F7000209
:10F7A00009F8000285F7000285F7000285F70002DC
:10F7B00085F7000209F8000285F7000285F70002CC
:10F7C00085F7000285F7000207F9000233F800020E
:10F7D000C1F8000285F7000285F7000229F900024E
:10F7E00085F7000233F8000285F7000285F7000272
:10F7F000C9F8000233681A1D1B68326004F1420622
:10F8000084F8423001239CE033682068191D316080
:10F81000060601D51D6803E04506FBD5B3F9005087
:10F82000002D03DA2D236D4284F8433058480A2313
:10F8300011E021683368080653F8045B02D44906D6
:10F8400048BFADB26F2F3360514814BF0A2308235D
:10F85000002184F843106668002EA66005DB21684D
:10F860002E4321F0040121604BD01646B5FBF3F185
:10F8700003FB1157C75D06F8017D2F460D46BB42BD
:10F88000F4D9082B0BD12368DF0708D523696168F9
:10F890009942DEBF302306F8013C06F1FF36921B89
:10F8A00022614B4603AA21464046CDF800A0FFF74F
:10F8B000E3FE01304AD14FF0FF3004B0BDE8F087DD
:10F8C000236843F02003236078273248236884F8B4
:10F8D00045701F06316851F8045B02D45F0648BFCB
:10F8E000ADB23160D90744BF43F0200323601DB19E
:10F8F0001023ADE72648E9E7236823F020032360BF
:10F90000F6E71646BDE733682568181D6169306063
:10F910002E061B6801D5196002E06806FBD5198028
:10F92000002316462361BCE7336800211A1D3260AC
:10F930001E686268304600F059F808B1801B6060AC
:10F9400063682361002384F84330AAE723693246C1
:10F9500049464046D0470130ADD023689B0713D4B9
:10F96000E068039B9842B8BF1846A6E701233246D9
:10F9700049464046D04701309DD00135E3680399A0
:10F980005B1AAB42F2DCEBE7002504F11906F5E760
:10F990007F08010290080102884210B501EB0204C1
:10F9A00002D98442234607D8431EA14208D011F849
:10F9B000012B03F8012FF8E7024401468A4200D1E7
:10F9C00010BD13F8014D02F8014DF7E738B50023DB
:10F9D000054D044608462B60FFF74EFA431C02D142
:10F9E0002B6803B1236038BD70D10022C9B2034631
:10F9F000024410B59342184601D1002003E0047878
:10FA000001338C42F6D110BD2DE9F0410746144672
:10FA10000D4621B91146BDE8F041FFF749BC2AB9AE
:10FA20002546FFF7D9FB2846BDE8F08100F01AF81B
:10FA30008442064602D8B4EB500FF4D8214638462B
:10FA4000FFF736FC804608B94546ECE7B44222464B
:10FA5000294628BF3246FFF7A9FB29463846FFF75B
:10FA6000BBFBF1E751F8043C181F002BBCBF0B583F
:10FA7000C01870475465726D696E616C00000000BB
:10FA8000284E554C4C2900007274745F70726F637D
:10FA9000657373696E675F626C6F636B0000000073
:10FAA0007274745F6F705F7175657565000000003A
:10FAB000555342585F686364635F61636D5F71753E
:10FAC000657565000D0A52657475726E6564204532
:10FAD00072726F7220436F64653A20307825782007
:10FAE000200D0A005F55585F53595354454D5F49E7
:10FAF0004E495449414C495A4520415049204641BC
:10FB0000494C45442E2E000055585F5359535445D7
:10FB10004D20494E495449414C495A45205355437B
:10FB20004345535346554C4C5921000055585F48A6
:10FB30004F53545F535441434B5F494E49544941DD
:10FB40004C495A4520415049204641494C45442E94
:10FB50002E00000055585F484F53542053544143E2
:10FB60004B20494E495449414C495A45205355432D
:10FB70004345535346554C4C59210000525F555351
:10FB8000425F4F50454E20415049204641494C4527
:10FB9000442E2E0055585F484F53545F434C4153F9
:10FBA000535F4344435F41434D5F524541442041CD
:10FBB0005049204641494C45442E2E005553425849
:10FBC0005F504344432068617320726571756573AB
:10FBD00074656420646174612066726F6D20555392
:10FBE00042585F484344430055585F484F53545F61
:10FBF000434C4153535F4344435F41434D5F57522E
:10FC000049544520415049204641494C45442E2EF7
:10FC1000000000004C6F6F702D6261636B206461A7
:10FC200074612066726F6D20555342585F4843449B
:10FC3000432072656365697665642E0055534258AA
:10FC40002048434443204461746120636F6D7061B8
:10FC5000726564207375636365737366756C6C7924
:10FC60000D0A000055534258204843444320646124
:10FC700074612072656365697665642069732069C3
:10FC80006E636F72726563740D0A000054696D656E
:10FC90007374616D7020285469636B7329203D2053
:10FCA00030782530386C783A0D0A00000D0A20456E
:10FCB00052524F523A20525454206672616D657709
:10FCC0006F726B20696E6974204661696C65640DA2
:10FCD0000A0000004572726F7220696E2070726FA8
:10FCE00063657373696E672C20706C656173652042
:10FCF000636865636B20616761696E0D0A000000CF
:10FD0000312E30000D0A2A2A2A2A2A2A2A2A2A2AA9
:10FD10002A2A2A2A2A2A2A2A2A2A2A2A2A2A2A2A43
:10FD20002A2A2A2A2A2A2A2A2A2A2A2A2A2A2A2A33
:10FD30002A2A2A2A2A2A2A2A2A2A2A2A2A2A2A2A23
:10FD40002A2A2A2A2A2A2A2A2A2A2A2A2A2A2A2A13
:10FD50002A2A2A2A2A2A0D0A2A20202052656E657C
:10FD600073617320465350204578616D706C652037
:10FD700050726F6A65637420666F722055534258E3
:10FD80005F484344435F41434D204D6F64756C654C
:10FD90002020202020202020202020202020202063
:10FDA000202020202020202A0D0A2A2020204578EB
:10FDB000616D706C652050726F6A65637420566562
:10FDC0007273696F6E202573202020202020202050
:10FDD0002020202020202020202020202020202023
:10FDE0002020202020202020202020202020202013
:10FDF00020202020202020202A0D0A2A20202046F2
:10FE00006C657820536F667477617265205061630A
:10FE10006B2056657273696F6E202025642E2564F1
:10FE20002E2564202020202020202020202020207B
:10FE300020202020202020202020202020202020C2
:10FE4000202020202020202020202020202A0D0AD1
:10FE50002A2A2A2A2A2A2A2A2A2A2A2A2A2A2A2A02
:10FE60002A2A2A2A2A2A2A2A2A2A2A2A2A2A2A2AF2
:10FE70002A2A2A2A2A2A2A2A2A2A2A2A2A2A2A2AE2
:10FE80002A2A2A2A2A2A2A2A2A2A2A2A2A2A2A2AD2
:10FE90002A2A2A2A2A2A2A2A2A2A2A2A2A2A2A2AC2
:10FEA0000D0A526566657220746F20726561646D1B
:10FEB000652E7478742066696C6520666F72206D9B
:10FEC0006F72652064657461696C73206F6E204584
:10FED00078616D706C652050726F6A656374206123
:10FEE0006E640D0A46535020557365722773204D7A
:10FEF000616E75616C20666F72206D6F726520692E
:10FF00006E666F726D6174696F6E2061626F757479
:10FF100020555342585F484344435F41434D206D51
:10FF20006F64756C650D0A000D0A54686973207062
:10FF3000726F6A6563742064656D6F6E737472614D
:10FF400074657320746865206261736963206675E7
:10FF50006E6374696F6E616C697479206F66205589
:10FF600053425820486F7374204344432D41434DFE
:10FF7000204D6F64756C65200D0A72756E6E696E2A
:10FF800067206F6E2052656E657361732052412049
:10FF90004D435573206261736564206F6E20526516
:10FFA0006E6573617320465350207573696E6720C8
:10FFB000417A75726552544F532E20426F617264BC
:10FFC0002031206163747320617320486F73742043
:10FFD000646576696365200D0A72756E6E696E6779
:10FFE000205553425820484344432D41434D2065FA
:10FFF00078616D706C652070726F6A6563742061E2
:020000040201F7
:100000006E6420426F6172642032206163747320D9
:100010006173205065726970686572616C206465F7
:10002000766963652072756E6E696E670D0A555349
:10003000425820504344432D41434D206578616D23
:10004000706C652070726F6A65637420616E6420E5
:10005000636F6E6E65637465642077697468206D84
:100060006963726F20555342206361626C6520762C
:100070006961204F54472E0D0A54686520686F73DC
:10008000742063616E2073656E6420646174612006
:10009000746F207468652064657669636520616E9D
:1000A00064206465766963652077696C6C2065639C
:1000B000686F207468652064617461206261636B9D
:1000C00020746F20686F73742E205374617475737D
:1000D000206F66200D0A6170706C69636174696FCE
:1000E0006E2077696C6C20626520646973706C6146
:1000F000796564206F6E204A6C696E6B525454208F
:100100005669657765720D0A000000000D0A494EB8
:10011000464F203A202573000D0A4552524F522077
:100120003A2025730D0A00000D0A20525454205025
:1001300072696E74696E672052656365697665647D
:1001400020556E6B6E6F776E204D657373616765BA
:10015000204944000D0A00000D0A4572726F72209A
:100160003A206D656D6F72795F616C6C6F6361745D
:10017000655F727474206661696C65642E0D0A0097
:100180004E6577204576656E7420466C6167730016
:10019000484344432041434D2054687265616400E4
:1001A00046535020436F6D6D6F6E20496E69742009
:1001B00053656D00525454205468726561640000A8
:1001C00075785F686F73745F636C6173735F63648A
:1001D000635F61636D5F73656D6170686F72650009
:1001E00075785F7472616E736665725F7265717542
:1001F0006573745F73656D6170686F726500000090
:1002000075785F73797374656D5F686F73745F651C
:100210006E756D5F73656D6170686F72650000006B
:1002200075785F73797374656D5F686F73745F68F9
:1002300063645F73656D6170686F726500000000D4
:1002400075785F73797374656D5F686F73745F65DC
:100250006E756D5F746872656164000075785F68C3
:100260006F73745F737461636B5F6863645F7468FA
:10027000726561640000000075785F686F73745F79
:10028000656E64706F696E74305F73656D61706800
:100290006F72650075785F686F73745F7472616EFA
:1002A000736665725F726571756573745F73656D92
:1002B0006170686F7265000075785F73797374653B
:1002C0006D5F6D757465780066730000687300007B
:1002D0005553425F4653505F53454D585F484F5307
:1002E000540000005553425F4653505F53454D58EC
:1002F0005F484F53545F5441534B5F53454D00008B
:100300005553425F4D454D5F424C4F434B000000FB
:100310005553425F4843445F4D4258005553425F36
:100320004D47525F4D4258005553425F4855425F1A
:100330004D4258005553425F434C535F4D42580065
:100340005553425F484344435F4D4258000000000C
:100350004843445F5441534B000000004D47525FF7
:1003600054534B005553425F50495045305F4D4206
:10037000580000005553425F504950455F4D425868
:10038000000000006673705F757362785F68636475
:10039000635F6873000000006673705F7573627856
:1003A0005F686364635F6673000000000000000024
:1003B0000000000000005454522052454747455366
:1003C0000000000000000000303132333435363791
:1003D00038394142434445460101008B000000008A
:1003E00000000000000102030405060C0C0C0C0CBC
:1003F0000C0C0000000000000000000008040102D6
:1004000034040102000000000478002214040102F8
:10041000B8060102000000221C04010200070300CC
:1004200000000000010059001988000200000000CF
:10043000000000001C78002240040102B8060102FE
:10044000100000224804010201080300000000001F
:100450000100580000000000000000000000000043
:10046000400000006C0401020000000000000000D9
:10047000000000000080000002000000008000007A
:100480000300000000800000040000000080000065
:100490000500000000800000070000000040000090
:1004A000080000000040000009000000008000007B
:1004B0000B000000008000000E0000000080000023
:1004C0000F0000000000011C000100000000011CE2
:1004D000010100000000011C020100000000011CDD
:1004E000030100000000011C040100000000011CC9
:1004F000050100000000011C0601000004000000CE
:1005000007010000000001170C01000000000117A6
:100510000E010000000001000802000000000100C0
:1005200009020000000001000A02000000000100B2
:100530000B0200000000011700030000000001177B
:100540000103000000000117020300000000011772
:10055000030300000000011704030000000001175E
:10056000050300000000011706030000000001174A
:10057000070300000000011708030000000001133A
:10058000070400000000011408040000000001142A
:1005900009040000000401060A040000000401062A
:1005A0000B040000000001060C040000000401061A
:1005B0000D040000040000000E0400000000011300
:1005C0000005000000000113010500000004010700
:1005D0000B050000000401070C05000004000000EA
:1005E000000600000000011C000800000000011CC3
:1005F000010800000000011C020800000000011CAE
:10060000030800000000011C040800000000011C99
:1006100008080000040000000908000000000113A1
:100620000E080000000001130F0800000000010484
:10063000020A000000000104030A00000000010497
:10064000040A000000000104050A00000000000088
:10065000060A0000000C01050E0A0000000C01054E
:100660000F0A0000000C0114010B00000000000044
:100670005A005B005800590023012101220111009A
:10068000120000003F2DAD000926000D37130D3775
:100690003F2DAD000926000D37130D373F2DAD005E
:1006A0000926000D37130D3701000000FFFFFFFF83
:1006B000020403040404000049E700021DE80002EC
:1006C00021E9000281E80002DDE8000225E40002E1
:1006D000D5E300025DE40002A9E40002F5E30002B4
:1006E000F9E3000208000000040801020F00000006
:1006F0001407010203000000FC060102000000686C
:10070000000000680000008000000080C00100229E
:10071000C001002200000068000000680000009096
:100720000001090D000000680000006800000027BB
:100730000001020D00000068000000686400000273
:100740000001010D0000008000000080000000900A
:100750000001090800000080000000800000002760
:100760000001020800000080000000806400000218
:1007700000010108000000000000000000000090DF
:100780000101090500000000000000000000002732
:1007900001000205000000000000000064000002EB
:1007A0000100010500000020000000200000009072
:1007B00001010904000000200000002000000027C3
:1007C000010002040000002000000020640000027C
:1007D000010001040000002200000022000000903F
:1007E0000001090300000022000000220000002791
:1007F0000000020300000022B80100226400000291
:100800000000010300000068000000680001000D06
:1008100000000068000000680001000D000000807A
:10082000000000800001000800000080000000803F
:1008300000010008000000000000000001000005A9
:10084000000000200000002001000004B801002288
:10085000C001002200000003F015002280D1002218
:100860000000000301000200080010002000232DFA
:10087000302B2000686C4C006566674546470030A9
:1008800031323334353637383941424344454600F6
:1008900030313233343536373839616263646566F6
:1008A000000000004275696C7420776974682052FA
:1008B000656E6573617320416476616E6365642063
:1008C000466C657869626C6520536F6674776172F7
:1008D00065205061636B6167652076657273696F2F
:1008E0006E20362E362E3000362E362E300000008A
:0408F00000000606F8
:0408F400F8B500BF94
:0408F800F8B500BF90
:0408FC008D02000267
:04090000650200028A
:08090400C2E8FF7F01000000C2
:020000040300F7
:04A10000FFFFFFFF5F
:04A10400FFFFFFFF5B
:04A20000FFFFFFFD60
:04A2800000000000DA
:040000050200EEAD5A
:00000001FF
