:020000040200F8
:100000004007002251D4000221D3000261D4000233
:1000100061D4000261D4000261D4000261D4000204
:1000200000000000000000000000000061D4000299
:1000300061D4000200000000016A0002816A00022F
:10004000F98B0002318C0002618C0002898C000265
:10005000B18C0002E98C0002118D0002C9C80002B7
:04006000C9C8000209
:1000640012010002000000405B04020000020102D1
:1000740000010A0600020000004001000902F70026
:10008400030100C005080B0003010020000904005F
:100094000000010120000924010002086F0000088B
:1000A400240A1005010000112402040101091002B0
:1000B400000000000000000012240605040F0000E8
:1000C400000000000000000000000C2403060203EE
:1000D40000051000000011240207010200100203B1
:1000E4000000000000000012240608070F000000B2
:1000F4000000000000000000000C240309010104BA
:100104000810000000090401000001022000090495
:10011400010101010220001024010400010100007A
:10012400000200000000000624020102100705027C
:100134000DC00004082501000000000009040200AD
:100144000001022000090402010101022000102420
:100154000109000101000000020000000000062463
:100164000201021007058105C800040825010100E9
:1001740000000012010002000000405B04020000C5
:1001840002010203010907D000030100A032080B99
:100194000003010010000904000000010100000A2E
:1001A4002401000148000201020C24020401010997
:1001B40002030000000A24060504010300000009EC
:1001C40024030602040005000C24020701020002B5
:1001D400030000000A2406080701030000000924A4
:1001E40003090101040800090401000001020000E0
:1001F40009040101010102000007240104030100B4
:100204000E2402010202100244AC0080BB00090566
:100214000209C000010000072501010104000904CE
:1002240002000001020000090402010101020000B1
:10023400072401090101000E2402010202100244F4
:10024400AC0080BB0009058105C80001000007253A
:1002540001010000000904010752454E4553415372
:100264000904021755534220417564696F2044659F
:100274006D6F6E7374726174696F6E090403083074
:10028400303030303030300904040A46756C6C2D3F
:1002940053706565640904050848692D53706565E4
:1002A400640904060D3030303030303030303030B6
:1002B40030310904000018A0000000000000000014
:1002C40000000000000000A8000000000000000082
:1002D4000000000075785F736C6176655F636C6124
:1002E40073735F617564696F0001010101020101AB
:1002F40001020101010102020201010101010102E5
:1003040001010101010101010101010101010000DB
:10031400F0F0F0F000000000140025401400254027
:1003240000000000180025401800254000000000CF
:100334001C0025401C002540141035401610354083
:1003440017103540181035401A1035401B10354031
:100354001C1035401E1035401F10354000000000B1
:10036400448F06227C8F0622B48F0622EC8F06224D
:10037400249006225C90062294900622CC900622B9
:0C038400049106223C910622749106228E
:100390002DE9F04381B040F270761546C2F2002696
:1003A000884607463378532B36D0A82130460DF0C7
:1003B000E9F903203061706140F2E71040F618015E
:1003C000C0F20120B061C2F20021F1614FF480510E
:1003D00031620021B1627162F16241F61802306649
:1003E0004FF0100E4FF63860C2F200227266C6F867
:1003F00068E03167F1667167BFF35F8FC0F200207C
:100400000F30314600BF00BF10F8012901F8012B61
:100410000FF007C0BFF35F8F07EB470006EBC0008C
:1004200000F16009C76E046FBC4213D9D9E901011C
:10043000091BA94251EA35860119404632460DF0A2
:10044000A5F93019D9F80810411AB04450EA1184BE
:10045000AD1B00E00026381BA84250EA358545B1A7
:10046000D9F804002A46011940460DF08FF92E44B0
:100470002C44002E304618BFC9F8104001B0BDE82A
:10048000F083D4D4D4D4D4D410B50B46EFF3118474
:100490004FF0200181F311881946FFF779FF84F3AB
:1004A000118810BDD4D4D4D42DE9F04381B000EB31
:1004B000400040F27073C2F20023154603EBC00304
:1004C000894603F11808D86A022819D001280CD0EF
:1004D00048B9D8F80C40D8F81000E143A04267D9D9
:1004E0000844A8426AD2002689E0D8F80C40D8F81F
:1004F0001010A14233D9E0430144D8F8080033E09A
:10050000D8F80C40002621E0D8F808101044084420
:10051000091B884250EA31804946A84250EA358793
:10052000D8F8040020443A460DF030F93819D8F8CC
:100530000810411AA5EB070550EA11843E44B9445E
:10054000002DBFF35F8FC8F80C4058D0D8F81000CA
:10055000E243A042D8D91044D8F80810D8E7E243C3
:10056000D8F8080011440144A94251EA3586051B18
:10057000D8F804002044AE4209D2494632460DF074
:1005800005F9BFF35F8F3019C8F80C0037E0494612
:100590002A460DF0FBF8771BD8F8040009EB05019B
:1005A0003A460DF0F3F8BFF35F8FC8F80C7026E001
:1005B000D8F8082008441044A84294D3D8E901018F
:1005C0000E1B2044B54209D249462A460DF0DEF8FA
:1005D000BFF35F8F6019C8F80C000FE04946324640
:1005E0000DF0D4F8AF1BD8F8040009EB06013A4629
:1005F0000DF0CCF8BFF35F8FC8F80C702E46304674
:1006000001B0BDE8F083D4D4F0B581B040F270758C
:100610000C46C2F200252B78532B37D00646A82172
:10062000284617460DF0AEF803202861686140F2B5
:10063000E71040F61801C0F20120A861C2F20021C3
:10064000E9614FF4805129620021A9626962E9627F
:1006500041F6180228664FF0100E4FF63860C2F2CD
:1006600000226A66C5F868E02967E9666967BFF332
:100670005F8FC0F200200F3010F8011905F8011B40
:100680000FF007C03A463046BFF35F8FEFF3118596
:100690004FF0200181F311882146FFF705FF85F314
:1006A000118801B0F0BDD4D410B540F27074C2F21C
:1006B00000242078532837D0A82120460DF062F876
:1006C00003202061606140F2E71040F61801C0F29B
:1006D0000120A061C2F20021E1614FF4805121624A
:1006E0000021A1626162E16241F6180220664FF0CA
:1006F000100E4FF63860C2F200226266C4F868E05D
:100700002167E1666167BFF35F8FC0F200200F30A1
:10071000214600BF00BF00BF10F8012901F8012BDE
:100720000FF007C0BFF35F8FE06E216F81425FEA79
:100730000F9010BDD4D4D4D42DE9F04F9BB0924685
:100740000F464FF0000903901A900DF1580B00204E
:1007500006A9169140211791CDE918990EE0011DC7
:10076000CAF800100168CDE900385846234600F069
:100770000BFA1998B0F1FF3F40F3008217F8011B04
:1007800025291DD0002900F0E981DDE91720431C4F
:10079000934207D8169A115418931998179A013052
:1007A000199018469042E4D116991A98FFF72CFF39
:1007B0001899884240F0CD81CDF86090D9E700BF0C
:1007C0004FF000083978A1F123030D2B18D802222D
:1007D000DFE803F00E161616161616161016121669
:1007E000160748EA02080137ECE700BF00BF00BF68
:1007F0000822F6E70422F4E70122F2E700BF00BF77
:10080000A1F13A02002312F10A0F0FD300BF00BF7B
:100810000A4617F8011F03EB8303A1F13A0602EB26
:10082000430216F10B0FA2F13003F1D82E290FD19C
:100830003A4612F8016F2A2E0DD1DAF8001002376D
:100840000A1DCAF800200C6801211DE000BF00BF8E
:100850000021002418E0A6F13A0717F10A0F02D28E
:10086000002100240FE0002412F8011F04EB84078C
:10087000A1F13A0506EB470715F10B0FA7F130047C
:100880000E46F1D80121174617F8012B02F0FB069E
:10089000682EF9D0A2F15806202E26D8DFE806F0FF
:1008A0001211111111111111111111163C11111107
:1008B0001111111111111111691111761138111144
:1008C000120056E7DAF80000102248E7DDE91720A9
:1008D000411CDAF80030914203F10406CAF80060C6
:1008E0003FF660AF169A1B680AE0252A7FF441AFF5
:1008F000DDE91720411C91423FF654AF169A25239B
:10090000135418911998179A01301990084649E71D
:10091000DAF800000A2222E7DAF800100A1DCAF805
:10092000002009680591002951EA51B201210A2AE3
:100930000EDB4CF6CD4CCCF6CC4C00BF00BF00BF5C
:10094000A2FB0C56632A01F101014FEAD602F7D847
:100950008C4254EA81895E46002B54D0059908F0F8
:10096000040200295FEA5F9141EA9201A3EB010BC7
:100970004BE0DAF800001022011DCAF800100168EF
:1009800008230820CDE900095846F0E6DAF80020EF
:10099000131DCAF8003012684FF6EF73002AC0F238
:1009A000002352EA13865FEA01880AE000BF00BF15
:1009B0001998CDF86090B0F1FF3FA4F101047FF7E2
:1009C000D8AE16F8011B002C5FEA188200293FF40C
:1009D000D0AE002A7FF4CDAEDDE917235D1C954231
:1009E00007D81698C1542B461998179A01301895B4
:1009F00019909342DFD116991A98FFF705FE1899BE
:100A00008842D5D0A5E04FF0000B5FEA88710491D1
:100A100018D5BCB90598B0F1FF3F3DDD5FEA4870DD
:100A200057D5DDE91720411C914208D8169A2B238F
:100A3000135418911998179A01301990084690424A
:100A40003ED046E05FEAC871E4D1BBF1000FE1D0CF
:100A5000ABF101055D4538BFD945DBD2DDE9172192
:100A60004B1C934208D816982022425419461998D4
:100A7000179A013018931990914209D116991A9832
:100A8000FFF7C2FD1899884263D100201890199889
:100A90000028AB46DCD558E0DDE91720411C914227
:100AA00008D8169A2D23135418911998179A0130C3
:100AB0001990084690420598C0F10000059008D1B1
:100AC00016991A98FFF7A0FD1899884241D1002085
:100AD00018901998002851D4049900290BD40A229F
:100AE000304605992346CDE900B8B34600F04CF8EE
:100AF0004FF000093DE608F001012143EFD1BBF1C1
:100B0000000FECD0ABF101055D4538BFD945E6D209
:100B1000DDE917214B1C934208D816983022425425
:100B200019461998179A013018931990914209D1D2
:100B300016991A98FFF768FD1899884209D1002084
:100B4000189019980028AB46DCD54FF00009B34641
:100B50000FE64FF0FF301BB0BDE8F08F40B1189AA0
:100B600052B106A90398FFF74FFDDDE9181004E024
:100B700000201BB0BDE8F08F002108441BB0BDE889
:100B8000F08FD4D4D4D4D4D42DE9F04F81B015460D
:100B90008B4691421F460446DDF828904FF0010035
:100BA00007D3594600BF00BFB1FBF5F10130A942A0
:100BB000FAD2874257EA8088B9F1000F0B9938D0F2
:100BC00011F0010035D188074FF0200048BF3020D8
:100BD0002021002F50EA01864FF0000A06E000BFF6
:100BE000E068A9F10109B0F1FF3F22DDB9F1000F82
:100BF0001FD0C8451DD2D4E90120411C914207D81D
:100C000022681654A160E06862680130E06008461E
:100C10009042E5D121682069FFF7F6FCA16888427F
:100C200002D1C4F808A0DBE74FF0FF30E060A9F183
:100C30000109E068002842D4012603E000BF00BF9C
:100C4000013F6E43022FFBD2BBFBF6F1A942F8D263
:100C500040F60117A268C0F2012700BF00BF00BF25
:100C60006168531CBBFBF6FA8B4209D8206817F861
:100C70000A1081541A46E06861680130A360E060A0
:100C80008A4209D121682069FFF7BEFCA268904220
:100C90000CD10022E068A26000280AD4B6FBF5F16E
:100CA0000AFB16BBB5420E46DAD902E04FF0FF3020
:100CB000E0600B99C90718BFB9F1000F02D101B06C
:100CC000BDE8F08F2025A9F101064E4538BFC84583
:100CD000F5D26168531C8B4207D8206885541A46A8
:100CE000E06861680130A360E0608A4209D1216850
:100CF0002069FFF789FCA168884207D10022E068DB
:100D0000A260B0F1FF3FB146DDDCD8E74FF0FF3025
:100D1000E06001B0BDE8F08F82B080B582B0CDE96F
:100D2000042304AA019201AAFFF706FD02B0BDE860
:100D3000804002B07047D4D4B0B582B041F62800EC
:100D400040F23E5141F65C02C2F20020C0F20121A5
:100D5000C2F200224FF480733425009504F0BCFFEA
:100D600008B102B0B0BD41F65C1040F2950141F609
:100D70009413C2F20020C0F20121C2F2002301222A
:100D800038241425CDE9005405F0A2F940B141F60C
:100D900028010446C2F20021084605F00DF81FE0C4
:100DA00041F6A81040F2F01141F6E013C2F2002023
:100DB000C0F20121C2F200230122CDE9005405F066
:100DC00087F980B141F628010446C2F200210846A5
:100DD00004F0F2FF41F65C10C2F2002005F0F0F9D9
:100DE000204602B0B0BD002002B0B0BDD4D4D4D4EF
:100DF00080B541F62800C2F2002004F0DDFF41F684
:100E00005C10C2F2002005F0DBF941F6A810C2F236
:100E1000002005F0D5F940F209110020C0F20121AF
:100E20000122FFF779FF00BE80BDD4D4D4D4D4D43E
:100E3000022818BF704748F2407040F67811C2F29D
:100E40000620C0F201210BF083BAD4D4D4D4D4D478
:100E50009CB04FF0000ACDF83FA0CDF83CA0CDF8F3
:100E60000CA0CDE90DAA04F047FD40F2A202034612
:100E7000C0F201220DF1110023210CF09BFDFFF7C0
:100E80005BFF80B140F2B4410446C0F20121002072
:100E9000FFF742FF40F209110020C0F20121224673
:100EA000FFF73AFF00BE41F65C1440F2A20940F29F
:100EB000820640F2750B40F2A518C2F200241BAD69
:100EC000C0F2012912AFC0F20126C0F2012BC0F21C
:100ED000012804E000BF00BF012004F0FDF9FFF786
:100EE000E3FB002844D0D8460DF1340B00200F223C
:100EF0005946FFF7C9FA00F1090241F628004FF000
:100F0000FF33C2F200203946CDF848A004F0A8FE15
:100F100050B140F20E210020C0F20121FFF7FCFE8B
:100F200021E000BF00BF00BF1298039080F800A02E
:100F300058460CF0F9FC0399421C01F10900C1F874
:100F4000012059460CF022FC41F6A8104FF0FF3268
:100F5000C2F2002003A905F06BF9CDE90DAACDF886
:100F60003CA0CDF83FA0C34640F2A518C0F201282E
:100F7000CDF86CA00AE0FFF7CFFE00203146FFF766
:100F8000CBFE1B9804F030FF0A28A5D00122204692
:100F9000294605F02DF90028F6D11B9823214A4651
:100FA000D0F8053038460CF005FD1B980178013962
:100FB000032938D8DFE801F00732022500F10902E1
:100FC00000204146D7E711A8CDF844A00CF05CF909
:100FD0009DF845109DF846209DF84730CDE9002149
:100FE00040F2DA214FF6CA720020C0F20121C0F2AD
:100FF0000022FFF791FE40F253510020C0F2012180
:1010000016E0D0F80920002AB7D040F209110020DC
:10101000C0F20121FFF780FE00BEAEE700F1090239
:1010200000205946A7E740F6BE010020C0F201218A
:10103000FFF772FEA1E7D4D4F0B583B006460020D6
:101040000190029041F6280015460C4601F1090274
:10105000C2F2002002A94FF0FF3304F001FE50B1AC
:101060004FF68A710020C0F200210027FFF754FEDE
:10107000FFF7BEFE01E0029F01973E7004F03CFCCA
:10108000C7F8050007F1090029462246C7F80140C4
:101090000CF07CFB41F65C1001A9C2F200204FF07D
:1010A000FF3205F0C5F803B0F0BDD4D4D4D4D4D405
:1010B000F0B58FB040F614110DF1180CC0F20121FB
:1010C00062460CF10804E8C9E8C291E8E900E9C207
:1010D0000CF10C05002700BF0698002122462B4684
:1010E000CDE900770297CDE9037705F029FA099950
:1010F00031B90646012004F0EFF80EB92FF015C003
:101100000FB0F0BDD4D4D4D49AB0FFF7D1FF0020F3
:10111000199019A80CF0B8F8012000210022FFF75F
:101120008BFF41F6F8104FF41041C2F2002000226C
:10113000002301F0A5FF189060B140F2C712032010
:10114000C0F201222021FFF777FF18AA0420042112
:10115000FFF772FF40F23B120220C0F2012223216E
:101160000225FFF769FF40F2522040F2F511C2F26A
:101170000020C2F200215D22CDE90012029040F26F
:10118000000040F2131241F20947C2F20020C2F2FD
:10119000002240F21311E223C0F20027CDE90357E9
:1011A00001F01EFC189060B140F26E220320C0F2E4
:1011B00001222721FFF740FF18AA04200421FFF78E
:1011C0003BFF40F22D020220C0F201222921FFF74D
:1011D00033FF41F24140C021C0F200200E9041F2A5
:1011E000F1401091C0F200200F904FF480600C90FD
:1011F000129042F2E92042F25911C0F200201390FD
:1012000041F29170C0F200210D9141F27161C0F282
:101210000020069041F2A170C0F20021149141F229
:10122000F961C0F20020079041F2B170C0F20021D4
:101230001591C0F2002008900CA80B9040F2742089
:1012400041F64961C2F20020C0F2002101220023D0
:10125000082411941794C82616960A9505AF00978E
:10126000002501F0C5F9189060B140F2D942032081
:10127000C0F201222A21FFF7DFFE18AA0420042170
:10128000FFF7DAFE4FF636720220C0F200222E215E
:101290000227FFF7D1FE4AF6F8101021C2F2002013
:1012A0004BF680320523C0E90112A0F84060C0E986
:1012B0000A1264218183A0F844104AF64021C0E953
:1012C0000535C2F200213222C0E90E450284C1E98F
:1012D00000704AF64820C2F20020C8210CF052FAF1
:1012E00048F6700040F6DC11C2F20620C0F201217F
:1012F0000AF07AFF189060B14FF6CE720320C0F268
:1013000000221621FFF798FE18AA04200421FFF7F7
:1013100093FE40F256020220C0F201221F21FFF785
:101320008BFE4FF6F6720220C0F200221521FFF765
:1013300083FE4AF6103448F24870C2F20024C2F22A
:101340000620012103224FF0FF330093234604F0CF
:10135000BFFD21681890012907D14FF66472022061
:10136000C0F200221921FFF767FE48F2487540F6E7
:101370007C0A4AF6143B4AF618364AF61C384AF6F6
:1013800020390027C2F20625C0F2012AC2F2002B42
:10139000C2F20026C2F20028C2F20029276003E050
:1013A0002760012003F098FF0221032228462346EC
:1013B000009704F08DFD216818900229F1D10220D8
:1013C000422152462760FFF737FE8BF800703760E6
:1013D000C8F80070C9F80070012103224FF0FF30F7
:1013E00000902846234604F073FD216818900129D7
:1013F000D6D14FF6647202201921C0F20022FFF705
:101400001BFECDE7D4D4D4D4B0B50446012805D012
:101410000A2C12D102246FF0010101E06FF00201E9
:1014200048F248750222C2F20625284604F08CFDD7
:1014300000222846214604F087FD0020B0BDD4D408
:10144000F0B581B04AF61C350C460129C2F20025E0
:10145000009010D14AF624306A46C2F200200021E2
:10146000006800F0F5FEA0B34FF657620320C0F20B
:101470000022322137E02868012836D14AF6183098
:101480000026C2F200204AF62C37C2F2002706607E
:101490004AF61430C2F2002006704AF62830C2F232
:1014A00000200660387801281FD140F20752022040
:1014B000C0F201221321FFF7BFFD4AF630304AF691
:1014C0003431C2F20020C2F200213E7006600E608C
:1014D0000BE0009800F09CFE38B14FF6C562032087
:1014E000C0F200223721FFF7A7FD2C6001B0F0BD4C
:1014F0002DE9F04F83B00022CDE9012241F6F4122C
:10150000C2F2002211604AF61C31C2F200210968C1
:1015100001296FD102A901AA044600F0FDFD30B1F6
:1015200040F238220320C0F20122362160E04AF660
:1015300034324DF6FE30C2F20022C0F205000199AD
:10154000136883421DD82046E9B14AF6383C182971
:10155000DDF80880C2F2002C4FD200259946A1EB9D
:10156000050E08EB05030CEB090609F1010700BFA6
:1015700013F8015B1760013706F8015B0FF009C033
:1015800002E0204600E000214AF618320029C2F2AB
:101590000022136803F1010313604AF62832C2F2F5
:1015A000002213680B4413604AF63032C2F2002264
:1015B000136803F10101116011D0116801290ED1E6
:1015C00040F6E9020220C0F201221121FFF734FDAA
:1015D0004AF62C312046C2F2002101220A7000F0A6
:1015E00067FD38B140F2C1020320C0F20122372169
:1015F000FFF722FD03B0BDE8F08F0CEB030602F10C
:10160000040E751808EB010795425FEA9F9A76452C
:101610005FEA2F9B97425FEA9F99F0455FEA29892D
:10162000BE425FEA2F97A8455FEA278E1AEA0B0FA2
:101630004FF0000592D1B9F1000F8FD1BEF1000F2C
:101640007FF48CAF21F003050127A5F1040E03EB15
:10165000050907EB9E0E4746B7FC040F0433A6ECC2
:10166000040F0FF007C8A94213607FF478AF8BE72F
:1016700070B54AF620360C460129C2F200260FD179
:101680004AF64821C822C2F20021054600F000FCBB
:1016900000B340F25E120320C0F20122332124E0A5
:1016A0003068012814D14AF62C35C2F2002528787A
:1016B00070B140F2B3120220C0F201221421FFF7F0
:1016C000BBFC48F238710020C2F206212870086085
:1016D000346070BD284600F0C3FD0028F8D04FF6F6
:1016E000FC620320C0F200223A21FFF7A5FC34601F
:1016F00070BDD4D4D4D4D4D410B54AF62031C2F2BB
:101700000021096801293FD148F23C744AF6383279
:10171000C2F20624C2F2002221681144C82200F05D
:10172000B7FB48B14FF689620320C0F200222C219A
:10173000BDE81040FFF780BC206841F6F111C830C9
:10174000C0F27651A0FB0112510B40F277125143C7
:10175000A0EB8120206048F23870C2F206200168B8
:10176000013101600068012818BF10BD40F2291244
:101770000220C0F201221221FFF75EFC4AF62C3053
:101780000121C2F20020017010BDD4D4D4D4D4D42D
:101790004AF62431C2F2002108607047D4D4D4D470
:1017A0004AF624300021C2F2002001607047D4D4F0
:1017B00080B54AF64022C2F2002200F01DF938B18D
:1017C00040F2AB220320C0F201222F21FFF734FCAC
:1017D000002080BDD4D4D4D480B548F248704FF6F0
:1017E000B561C2F20620C0F20021242204F014FBED
:1017F000002808BF80BD48F248700021C2F20620D0
:10180000BDE8804000F004B8FFF7E6BFD4D4D4D4DC
:1018100000BE7047D4D4D4D47047D4D4D4D4D4D454
:1018200080B548F26C7048F27072C2F20620C2F2C3
:10183000062200211C230160117048F2747040F2EE
:101840009111C2F20620C0F20121012204F010FD24
:1018500030B148F274700021C2F20620FFF7D8FFC1
:1018600000F08AF800F048F8BDE88040FFF7D4BFE8
:10187000B0B548F274704FF0FF31C2F2062004F0A8
:101880006FFD30B148F274700021C2F20620FFF7FC
:10189000BFFF48F27070C2F20620017801B1B0BDFE
:1018A00001210170FFF7B0FF48F26C75C2F2062506
:1018B00028680138286008BFB0BD48F27474C2F2CD
:1018C000062405E000BF00BF286801382860E6D084
:1018D000204604F05DFD0028F6D000212046FFF7E9
:1018E00097FFF1E7D4D4D4D480B502F0C5FB002033
:1018F00080BDD4D4D4D4D4D480B588B048F26C7030
:101900004AF63873C2F206204FF48062C2F2062310
:101910004FF0B00C01680131016001201021CDE9C8
:10192000003241F66912C0F200220023CDE9021113
:101930004FF6E471C0F20021CDF818C0CDE90400E3
:1019400048F29070C2F2062004F02EFD48B148F231
:1019500090700021C2F2062008B0BDE88040FFF779
:1019600057BF08B080BDD4D480B5FFF781FFBDE874
:101970008040FFF76DBAD4D480B588B048F26C705F
:101980004BF23833C2F206204FF48062C2F20623D3
:101990004FF0B00C01680131016001200F21CDE949
:1019A000003241F6E912C0F200220023CDE9021113
:1019B00040F2F801C0F20121CDF818C0CDE90400D1
:1019C00048F69400C2F2062004F0EEFC48B148F656
:1019D00094000021C2F2062008B0BDE88040FFF765
:1019E00017BF08B080BDD4D480B5FFF741FFBDE874
:1019F0008040FFF789BBD4D42DE9F04F83B0446811
:101A0000154604F1920094F88C8094F88DB094F807
:101A10008E6094F88F9094F8917001F045FD2968DC
:101A2000002900F0C0806A6804F1380C02F110054A
:101A3000002200BF00BF00BF55F80C3C45F8102C39
:101A4000BB4207D06B68BB4230D0013905F1240599
:101A5000F2D1A8E05FEA08610290CDE900C107D4A5
:101A6000B9F1010F04D1BBF1010F08BF04285DD00B
:101A70000199002940F19780B9F1010F40F093805E
:101A8000BBF1020F00F08D80BBF1010F40F08B80A5
:101A90000428C0F0888055F8081C606C002908BF35
:101AA00055F8041C01F04CFB0421DFE0B9F1020FF2
:101AB0001BD0B9F1010F76D1002E08BFBBF1010F89
:101AC00071D100286FD04FFA88F22989B2F1FF3F17
:101AD00040F3B580606C0278914200F0CB80012128
:101AE00045F8101C00782881C4E0002E5BD1BBF1C2
:101AF000020F7ED0BBF1010F55D1022853D34FFA0C
:101B000088F1B1F1FF3F40F3B980B5F91060606C26
:101B100001F0CAFC00B2B04200F0AC80022045F8EF
:101B2000100C606C01F0C0FC2882A3E055F8080C92
:101B3000C8BB286801F0B8FC2968074601F10A0013
:101B400001F0FAFA012F00D868B3606C01F0F4FAE2
:101B500007EB47018E0026D082464FF0060807E0CB
:101B600008F1080008F10C08B04202983FF680AF77
:101B700028684044043801F0DFFA2968074601EB81
:101B8000080001F0D9FABA45EAD38245E8D855F8F9
:101B9000040C50456ED045F804AC042045F8100CF8
:101BA00068E0022807D204F1180000F0F1FEFF20DF
:101BB00003B0BDE8F08F55F8080C002845D0606CE4
:101BC000012101F075FC606C55F8081C023001F031
:101BD000B7FA606C55F8081C063001F0B1FA606C79
:101BE00000210A3001F0ACFA02990E2928BF0E211B
:101BF0003CE04FFA88F1B1F1FF3FD4DC0828D2D3A2
:101C0000626C0121064610464FF00108674601F05C
:101C10004FFC606C6989023001F04AFC606CA98954
:101C2000043001F045FCE889626C012850EA8881A3
:101C3000901D01F03DFC08213846324618E0626CE8
:101C4000117001210246604612E0286801F02CFC68
:101C500000EB4000029980000230884250EA318750
:101C6000606C29683A4601F077FB39460098029A81
:101C700001F022F9002003B0BDE8F08F298A626CE0
:101C800005461046644601F013FC022120462A4610
:101C9000EEE7D4D4D4D4D4D410B58168006A48F621
:101CA00044134A7CC2F20623806C012A1A6802F1AE
:101CB0002002426004D18A7C012A03D1816012E0B3
:101CC000572010BD826822B1927B8B7BD2431A448D
:101CD00000E00022C3699A420BD2C2EBC202036A3F
:101CE00003EB42125160C268886002B19047002045
:101CF00010BD022007211222122401F03DF92046D6
:101D000010BDD4D4D4D4D4D4016A8268896C8B68D1
:101D100023B1987B937BC043184400E0002010B5AA
:101D2000C0EBC0000B6AD17B002403EB4010426083
:101D300071B342F2591CC36DC0F2002CD269B3EBEF
:101D40000C0318BF802384606AB902200721422255
:101D5000422401F011F9204610BD00BF00BF00BFB2
:101D60005269002AF1D0D47B04F00304012CF7D18E
:101D7000947B04F08004A342F2D1D0F8D030146CEC
:101D8000083B9C420BD90220072112221224E0E7D3
:101D900008228450C26802B19047002010BDD0F8DC
:101DA000CC304FF0000C8260C0F8D4C063B1D0F8E2
:101DB000C8E0734600BF00BFC3E900CCD0E93324BC
:101DC000724423449342F7D3D0F8DC40D822E0E7B2
:101DD000006A806C426932B148F64411C2F20621B1
:101DE000096858311047FF207047D4D4D4D4D4D4D4
:101DF0002DE9F041006AD0F84880D8F81C10C1B134
:101E0000D8F82000002500F108060027344606E037
:101E1000013746F8045C8F423560264609D254F8F3
:101E2000E00B0028F4D0262101F03EF8D8F81C1071
:101E3000EEE7D8F810100020C8F8080009B14046B5
:101E400088470020BDE8F08101680139062914D8CF
:101E5000DFE801F004150F110D1719004169012980
:101E600013D18069013802280FD20020704700F09A
:101E70004BB8FFF7BDBFFFF7ABBF54207047FFF76C
:101E80000BBFFFF741BF00F00BBA57207047D4D407
:101E900070B548F64413C2F206231B681B6A032B75
:101EA0000ED1836853B193F90E30B3F1FF3F05DCD7
:101EB000D0F8D030A3F10804944203D2FF2070BDC3
:101EC000512070BDD0E9364CA44505D1DCF8004066
:101ED000002C1CBF5D2070BDD0E932E46344744423
:101EE0000646A34253EA3E850CF108031446184601
:101EF00001F032FAD6F8DC00C6F8DC5004600020AD
:101F000070BDD4D4D4D4D4D42DE9F04F87B0D0F858
:101F100024A049F24821C0F22411DAF814408C427E
:101F200003D9FF2007B0BDE8F08FC4EBC401242221
:101F3000056A002002EB4112002101F005F960B1B1
:101F4000834606956CB10BF12406DAF81400CBF841
:101F50002060CBF81C0040B960E0122007B0BDE85B
:101F6000F08FDBE90706002858D0DAF818404FF068
:101F7000140935464FF000084FF6F7712069C6F88E
:101F8000D000884259D86169083001FB00F7C6F8D3
:101F9000D000884250EA318297424ED3002000217F
:101FA0003A4601F0D1F80028C6F8C80047D0C6F874
:101FB000CC702768C6F8D800002FC6F8DC004FF0B8
:101FC000000008BF4FF4806700213A4601F0BCF8DA
:101FD0007061A0B306F1180162688DE881020020EB
:101FE0002B46CDE90400084640F21A51CDF80C907A
:101FF000C0F2012101F07CFA18BB06F10C0004F1DB
:102000000801082201F0A8F9DBF81C0008F101081A
:102010001834E035804546F8E0BBADD306980AF1A8
:1020200004011022C0F848B04BF80C0B584601F0E0
:1020300093F9002007B0BDE8F08FFF2507E01225D7
:1020400005E00546706901F0A7F9002070610220E3
:1020500007212A4600F090FFDBF81C00F8B1DBF8FE
:102060002000002600F1C80408E000BF00BF00BF48
:10207000DBF81C000136E034864210D254F8B40C70
:1020800038B1A4F1B00001F053FA54F8B40C01F0E7
:1020900083F920680028EBD001F07EF9E8E7584684
:1020A00001F07AF9284607B0BDE8F08FD4D4D4D433
:1020B00048F64411C2F206210968096A032920D1B1
:1020C000816801B391F90E1000291CD4D0F8DC10FE
:1020D0000A68D2B1D0F8D820914218D080B500F16A
:1020E000C80C9CE80C1002EB030E01EB0C037345CB
:1020F00053EA32820023C0F8DC2018460B6053609C
:1021000080BD51207047FF2070475D207047002040
:1021100008607047D4D4D4D448F64413C2F20623DE
:102120001B681B6A032B0ED1836873B193F90E30C1
:10213000002B0AD4D0F8DC30186840B110600020C1
:1021400008330B60704751207047FF2070475D20B7
:102150007047D4D4D4D4D4D4804604464FF0000978
:1021600058F8180B45680EE002200721232200F0E2
:1021700003FFD4F8D4000130C4F8D40000BF00BF7E
:10218000404601F0E5F928680328F9D1002602E06D
:1021900028680328F4D1A768002FF1D0002E07F19A
:1021A000200008BF3E6C3146324600F085FE002814
:1021B000DAD1D4F8D800F96ABF6B3A46E0E8027980
:1021C00001F0CAF804F1C802D4F8D83007CA0144B3
:1021D0001A448A4252EA3080016869B1022007211C
:1021E0005D2200F0C9FED4F8D4000130C4F8D40058
:1021F00004E000BF00BF00BFC4F8D8002269002A75
:10220000C6D0204639469047C2E7D4D4D4D4D4D4DB
:1022100048F64411C2F206210968096A032912D15D
:10222000816891B191F90E1000290ED4D0F8D81020
:10223000096800291CBF5D20704780B5183001F087
:1022400083F9002080BD51207047FF207047D4D40F
:10225000C1EBC101036A002003EB4111116070471B
:1022600048F64411C2F206210968096A032908D117
:10227000816821B191F90E10B1F1FF3F03DDFF201C
:10228000704751207047D0F8D810096829B180B53F
:10229000183001F059F9002080BD5D207047D4D47A
:1022A00070B5006A846CD4B1E069A8B104F1EC05A2
:1022B000002600BF00BF00BFA5F1B00001F038F953
:1022C00055F8B40C01F068F855F8E00B01F064F82B
:1022D000E06901368642EFD3204601F05DF8002028
:1022E00070BDD4D4D4D4D4D4804604464FF0000971
:1022F00058F8180B476807E002200721232200F056
:102300003BFE404601F024F938680328F9D1A5685E
:10231000002DF6D0D4F8D8100E6826B1E86A08313E
:10232000324601F019F805F120003146324600F03E
:10233000C3FD0028E0D104F1C802D4F8D83007CAA0
:1023400001441A44C3F800908A4252EA3080002EB9
:10235000AE6B11D00168C4F8D800E9B9D4F8D40044
:1023600007210130C4F8D40002205D2200F004FEF1
:1023700012E000BF00BF00BF016811B1C4F8D8006F
:102380000AE0022007215D2200F0F6FDD4F8D40017
:102390000130C4F8D40000BF22690AB92FF04DC043
:1023A000204631469047AFE72DE9F04F91B048F60F
:1023B0004412C2F206221468A04658F8202F032ABD
:1023C00017D1D4F8C87057B18B46054600BF00BF7F
:1023D000B87B854211D0BF690FB12FF007C802202A
:1023E00007215222522400F0C7FD204611B0BDE85B
:1023F000F08F542011B0BDE8F08FF87B834503D1F6
:10240000002011B0BDE8F08FD4F8E490B9F1000FCE
:102410001FD0D4F8E06003E0B9EB0A09564418D0A5
:10242000707896F800A00228F6D140F29D2108228B
:102430003046C2F200210EAB00F03AFE9DF83D009E
:10244000D4F8B8108142E7D1BDF83A90B9F1000F45
:102450000CD1FF2011B0BDE8F08F00BF00BF00BF5E
:10246000B9EB0A0956444FF0FF00F3D0707896F8A4
:1024700000A00428F4D140F2A52109223046C2F27E
:1024800000210BAB00F014FE9DF82E008542E7D131
:102490009DF82F008345E3D1FD69ADB14FF0000AEF
:1024A0002621284600F000FDA3690F2120462A4678
:1024B00098476869C5E900AAC5F814A0C5E906AA45
:1024C000054608B12FF015C00020F8613078B9EB4F
:1024D000000A5ED040F2892106440123C2F20021A5
:1024E00004E0CA46BAEB090A4E4452D0707896F816
:1024F0000090022818BF0428F3D00528F2D1D4F8A0
:10250000D820002A68D0D4F8D450286830B1013AD5
:1025100005F180054FF01200F7D19BE72B6005F124
:102520000C03062230468B4600F0C2FD48F64410EC
:10253000298AC2F206200068D0F858210846022AEB
:102540006FF3DF2005D1EA7BD20718BF11F4C05129
:102550001AD128644FF0FF30E866A3690E212046A7
:102560002A46AD62C5E906789847C8BBF86959465E
:1025700038B10246406908B12FF005C85561012302
:10258000B0E7FD610123ADE7012202EBD121484311
:10259000DFE70BA90C2207F10C0000F0DDFE48F686
:1025A0004411B87BC2F20621096801EB8000D0F823
:1025B000180168B1016C59B1062100910890C0F86A
:1025C0001071416C68460297884711B0BDE8F08FE2
:1025D000572011B0BDE8F08F122011B0BDE8F08F88
:1025E0000021296011B0BDE8F08FD4D4D4D4D4D464
:1025F0002DE9F0478CB0074691460C46002000902C
:1026000069463F2238461E4600F056FF10B10CB016
:10261000BDE8F08748F64410C2F206200168D1F800
:10262000100160B1D1F81411DDF850A001F58275E8
:1026300055F8C41C39B1013805F58A75F8D1122056
:102640000CB0BDE8F0870098A5F58278421C4046A2
:10265000394600F081FE0520019001A845F8C04CE4
:10266000C5E900A6C5F80890CDE9098AA047002869
:10267000CDD1012045F8C40C00200CB0BDE8F08796
:1026800010B500F0030348F64410C2F20620022BF6
:1026900000680AD0DBB901291ED1D0F8601121B33E
:1026A0000021C0F86411084610BDD0F8C81000E041
:1026B000896961B1CC69002CFAD000BF00BF00BFAE
:1026C000A37B9A420AD06469002CF9D1F0E700F1AB
:1026D0003802836914219847002010BD83691021B6
:1026E000224698470020606010BD542010BDD4D40D
:1026F0002DE9F04F93B048F644118046C2F206210E
:1027000000201290D1F800A0CDE91000DAF8B8103E
:10271000414500F0F480DAE93865BDB140F29D2909
:1027200010ACC2F2002902E0ED1B3E440ED07078DE
:1027300037780228F8D1082230464946234600F06F
:10274000B7FC9DF845008045EED106E0B8F1000FDA
:1027500003D0FF2013B0BDE8F08FDAF8B800B8B1AD
:10276000DAF8C840A4B103250DF1080906E000BF5E
:102770002046A76900F02CFA3C464FB160680295EC
:10278000002804940A90F3D0416C48468847EFE74C
:102790000020CAF8B8000546DAF8183013210122E3
:1027A00050460124CAF820409847B8F1000F00F0C5
:1027B000A98040F29D210AF1BC03C2F20021082247
:1027C0003046CAF8B88000F073FC48F644159DF80E
:1027D0004700C2F20625BDF8427010F0400F54EADF
:1027E00004922968002FC0F34010C1E9572000F07F
:1027F0007C8000244FF0000B0020019000900FE03F
:1028000040F2A52109223046C2F200210DAB00F0B2
:102810004FFC9DF8370080B1B7EB09074E4464D0F8
:10282000707896F800900428EAD00B28F4D1B47898
:10283000F07801904FF0010BEEE7BBF1010F1DD1D5
:102840009DF83620286894423CD1D0F81021002A07
:102850003DD0D0F8141103E0013A01F58A7136D069
:102860000B6C012BF8D1D1F80831A342F4D1D1F887
:102870000C319845F0D12246009124E02868D0F828
:10288000101151B39DF83620D0F8143104E000BF88
:10289000013903F58A730ED01D6C012DF8D1D3F8E0
:1028A00008519542F4D1D3F80C51A845F0D100EB72
:1028B0008200C0F8183148F644154FF0000BC2F200
:1028C00006250CE0009900EB8200C0F81811019871
:1028D000013801905FEA0F9B01E04FF0000B0022EE
:1028E0003046394600F0A4F996E70320CAF82000E4
:1028F000DAF818301321032250469847002013B00D
:10290000BDE8F08F284613B0BDE8F08FD4D4D4D4FE
:102910002DE9F0438BB048F64418C2F20628D8F8E7
:102920000040206A012819D0032820D1D4F8C850CB
:1029300095B10327E94605E02846AE6900F048F95D
:1029400035464EB168680097002802950890F3D08C
:10295000416C48468847EFE701202062A36904F1F3
:1029600038020F2120469847D8F8001001E0FF20D8
:102970002146D1F87C110022C4F8B820226219B196
:1029800004460A20884720460BB0BDE8F083D4D423
:10299000B0B548F64411C2F206210A68EFF310857B
:1029A00072B60968096A39B104464068022807D13D
:1029B000FF2085F31088B0BDFF2085F31088B0BDDF
:1029C00093691421104622469847E17B89071CBF72
:1029D0000221616085F31088B0BDD4D4D4D4D4D49E
:1029E0002DE9F04748F64419DDE90874C2F20629DA
:1029F0000B9E0A9DDDF830C0D9F800A0CAE93A2341
:102A00000AF1F002CAF87CC183C20AF1FC0000217D
:102A10004FF40A7270C00220CAF81001002000F0C2
:102A200093FB002843D0D9F800104FF48072C1F80E
:102A300014010020012100F087FB0028CAF864007F
:102A400000F08E80D9F80010D1F8EC00002844D0B6
:102A5000D1F8E82000274FF0000E00244FF0000CC2
:102A6000002500230EE000BF77449C4254EA838394
:102A7000AF4257EA858500244FF0000E0027401A28
:102A80000A4417D056781178022EEDD0042EF6D1D4
:102A9000D67826B11679B74257EA868702E0BE4457
:102AA000177901349678B4455CEA868CE7E7122002
:102AB000BDE8F08707EB0E00A84250EA85859C42EE
:102AC00054EA83824AB1BCF1100F0DD302200321D6
:102AD0001222122400F050FA43E002200321422285
:102AE000422400F049FA3CE0002000212023CAF8EB
:102AF000D020CAF8D85000F0B3FB88B3002DCAF834
:102B0000CC0041D00020002180232A4600F0A8FB01
:102B100030B340F20B0800F12C06C0F20128CAF8CD
:102B2000D40000BF00BF00BF002001214FF40062AD
:102B300000F00AFB306050B306F124040022204666
:102B4000414600F099FC20BBDAF8D40004F13001D2
:102B500000EBC51004F15C0600248142E4D310E0D0
:102B60001224DAF8CC0008B100F016FCDAF86400A0
:102B700008B100F011FCD9F80000D0F8140100F001
:102B80000BFC2046BDE8F0870020BDE8F08712244A
:102B900000E01524DAF8D400A6F12C0105E000BF0E
:102BA000DAF8D400A6F1AC01803E81420BD3304666
:102BB00050F8241F09B100F06FFC30680028EFD0F6
:102BC00000F0EAFBECE700F0E7FBCAE7D4D4D4D48A
:102BD0002DE9F04381B048F64417C569C2F20627D3
:102BE0008146D7F8008095B1002600BF00BF00BF26
:102BF00038680F212A466C6983699847C5E90066E1
:102C00006E61C5E9066625460CB12FF00FC8D9F8EC
:102C100018100022C9E906220020C9F80820C8F8C7
:102C2000C810C9E9002201B0BDE8F083D4D4D4D4DF
:102C30002DE9F04F81B048F64419C2F20629D9F8BF
:102C40000040D4F8D0204AB104F1200AD4F8CC5086
:102C50002B683BB1013A05F12005F9D1122001B0F2
:102C6000BDE8F08F2B460E460121092243F80C1BCC
:102C700040F2A521C2F20021074600F019FAD4F86B
:102C8000C80040B100BF00BF0146806908B12FF005
:102C900005C88D6101E0C4F8C8503878B6EB000B68
:102CA00061D040F289213E180122C2F200217078E1
:102CB00096F80080052807D0022818BF042848D1BC
:102CC00051E000BF00BF00BFD4F8D8000028C5D035
:102CD000D4F8D47000BF00BF3B6823B1013807F1BE
:102CE0008007F9D1BAE73A6007F10C0306223046B3
:102CF00000F0DEF9D9F80000398AD0F858210846EA
:102D0000022A6FF3DF2005D1FA7BD20718BF11F436
:102D1000C05123D138644FF0FF30F866A3690E210B
:102D200020463A46BF62C7E9065A984708BBE86999
:102D300048B100BF00BF00BF0146406908B12FF095
:102D400005C84F6100E0EF6140F289210122C2F223
:102D50000021BBEB080B4644A9D104E0012202EBA1
:102D6000D1214843D6E7284601B0BDE8F04F00F036
:102D700007B80021396001B0BDE8F08FD4D4D4D4B5
:102D8000B0B58CB048F64411827BC2F206210968C6
:102D900001EB8202D2F81841A4B101220192427CD7
:102DA0000DF1180C837CC57C8CE82C008A8DC98DB4
:102DB00003900546CDE90412616CC4F8100101A826
:102DC000884710B157200CB0B0BD02200190616C53
:102DD00001A80994884708B10CB0B0BD00206C6010
:102DE0000CB0B0BDD4D4D4D480B500F0030348F601
:102DF0004410C2F20620022B00680AD0FBB9012958
:102E000024D1D0F8601109B30121C0F86411002069
:102E100080BDD0F8C8C001E0DCF818C0BCF1000FDC
:102E20000DD0DCF81C30002BF6D000BF00BF00BF77
:102E3000997B8A420CD05B69002BF9D1ECE700F159
:102E40003802836914219847002080BD542080BD3A
:102E5000D0F818C014211A46E047002080BDD4D411
:102E6000B0B548F644124162C2F206221268EFF38E
:102E7000108572B6016801290FD1044693690D21AE
:102E800010462246984785F31088042044F8300BFA
:102E9000204600F005FB0020B0BD85F3108800201F
:102EA000B0BDD4D4D4D4D4D480B52030FFF7D8FF6B
:102EB000002080BDD4D4D4D42DE9F041C36D012BC2
:102EC00002D10020BDE8F0810C4648F64411C2F260
:102ED0000621EFF3108372B60F683F6A013F022F9D
:102EE00011D80127076083F3108886680D68F37B8B
:102EF0009B0716D0904607467068022808D16420C8
:102F000000F0C6F8F8E783F310882520BDE8F081CB
:102F100096F90E00B0F1FF3F08DD38460221B96294
:102F20000DE0816A03295FEA0F9104E0032138462E
:102F3000B96200214246A24218BF002C0ED10021E6
:102F400001650021C26802618161AB690C214461A5
:102F5000C46102462846BDE8F04118470029EED179
:102F6000318AB4FBF1F202FB11410029E7D10121C2
:102F7000E6E7D4D4D4D4D4D410B548F64C13C2F276
:102F800006231C68D4E911EC2264BCF1000F0EF199
:102F90000103636408BF10BDBDE810406047D4D48E
:102FA0002DE9F04381B0074600284FF0FA005ED0CB
:102FB0000E4600295BD01546002138463246994618
:102FC00000F02AFA48F6481007F14C01C2F2062038
:102FD000002D4FF46E7248F64C1801605FEA0F90B6
:102FE00048F64411B9F1000F5FEA0084C2F20621ED
:102FF00007F50770C2F20628002C086018BF4FF4CE
:10300000737207EB020107F5697001F1070107EB25
:103010000602034621F00701C8F8007018BF07F543
:103020006E739142C7E9000324D2521A00F028F9C6
:103030008CB1002128464A4600F0EEF9E91D05EB67
:10304000090021F00701814214D2D8F80030421A59
:10305000586800F015F9D8F8000040F285010C30EE
:10306000C0F2012100F0E4F9002818BF172001B0D8
:10307000BDE8F083122001B0BDE8F083D4D4D4D4ED
:10308000002818BF002901D1FA207047FFF788BF38
:103090004FF47A71484344F6D351C1F26201A0FB68
:1030A0000101012000EB911002F016B9D4D4D4D460
:1030B000002A08BF70472DE9F04381B014461D4631
:1030C0000E4607464FF0000808E000BF00BF00BFF3
:1030D00017F8010B05F8010B013C26D016F8010B7F
:1030E00004280DD00228F3D1E807384618BF05F8A8
:1030F000018B00F0D9F925F8020B0237ECE700BF8D
:10310000A8070BD005F0030080F00309C0F104010B
:1031100028460AF037FB05EB0900451C384600F04D
:103120000BF845F8040B0437D6E701B0BDE8F043CF
:103130007047D4D4D4D4D4D400687047D4D4D4D471
:1031400001607047D4D4D4D4F0B581B0012908D03F
:10315000002945D148F64C11C2F206210B681E46E3
:1031600005E048F64C11C2F206210B681E1D002A2C
:103170004FF000016ED03468002C6BD003F10C01CD
:1031800005460846174600F067F92E46072D98BFFA
:103190000726681C07F1070020F00705204608BF36
:1031A00007262946082E28BF314400F089F8C8B107
:1031B00002464EF6EE61CFF6FF7152F8083B16421A
:1031C0001FD03244083222EA06076668DA1B47F845
:1031D000041C47F8083D07603846731C636012E022
:1031E000002137E048F64C10C2F2062000680C308F
:1031F00000F02EF9022008211222FFF7BDFE002167
:1032000028E01A1A083A531B142B09D342190368F1
:1032100042F8083F6368516002602A46591C6160A9
:1032200044602368A1689B1A8842A3F108012160C9
:1032300001D10168A16000F108040021204600F0DE
:10324000EBF848F64C10C2F2062000680C3000F093
:10325000FFF82146084601B0F0BDD4D4D4D4D4D46C
:103260004BB180B5A3FB02CEBEF1000FBDE880409C
:1032700001D0002070475A43FFF766BFD4D4D4D49E
:1032800070B515460C4600211422064600F0C4F81D
:1032900025F003000222A0F1080131602118C6E9DF
:1032A0000124F460306141F8084D4EF6EE620020D2
:1032B0004E60CFF6FF72C4E9001270BDD4D4D4D4EE
:1032C00070B50246D0E9000E00EBCE001038814206
:1032D00007D2D2E90203984203D315692B449842DE
:1032E00001D9002070BD4EF6EE6C0EF10103CFF651
:1032F000FF7C002405E000BF0068022BA3F101035E
:10330000EFD345686545F7D1002C08BF906004688D
:10331000251A083D8D4219D2D4E9005666450BD1D5
:103320000560AEF1010E9568C2F804E0A5420AD02E
:103330000124E2E700BF00BF002B5FEA0F900124E9
:103340001B1A2846D9E790600124D6E7002D08BF54
:10335000002070BDD4D4D4D480B5002A08BF80BD6D
:10336000431A0F2B0BD842F001E000BF00BF00BF93
:1033700011F8012B00F8012B0FF007C00AE002F052
:1033800001E000BF00BF00BFB1EC101EA0EC101E9A
:103390001FF007C080BDD4D4B0B548F64C15044624
:1033A000C2F20625296801F10C0000F055F83CB185
:1033B0004EF6EE6254F8040CCFF6FF72904202D142
:1033C00028680C3009E0296828B10B6883420DD0C9
:1033D0004B6883420AD001F10C0000F039F802205A
:1033E00008211922BDE8B040FFF7C6BD836844F844
:1033F000042CA4F1080254F8085C9A420368A5EB77
:1034000002052B44036038BF826001F10C00BDE867
:10341000B04000F01DB8D4D4002A08BF704780B572
:103420000B4611461A460AF0A8F980BDD4D4D4D46C
:1034300010B50022342302F09BFD044620B1022087
:1034400008212246FFF798FD204610BDD4D4D4D4DD
:1034500002F01EBED4D4D4D480B54FF0FF3102F0B8
:10346000EBFD002808BF80BD024602200821BDE810
:103470008040FFF781BDD4D410B51C2302F0F8FEC4
:10348000044620B1022008212246FFF775FD2046A0
:1034900010BDD4D4D4D4D4D402F04ABFD4D4D4D41C
:1034A00002F076BFD4D4D4D400887047D4D4D4D416
:1034B00001807047D4D4D4D488B110B54FF0000C3B
:1034C00010F8013B6BB10CF1010C9445F8D90220C6
:1034D0000821FF22FF24FFF74FFD204610BDFF20EB
:1034E00070470020002918BFC1F800C010BDD4D417
:1034F0002DE9F04188B00DF1380E11AFB0240694DB
:103500009EE800518DE800510DF10C0CE0CF8CE8E5
:10351000E00002F049FF044620B1022008212246C3
:10352000FFF72AFD204608B0BDE8F081D4D4D4D4FA
:1035300010B5044603F038F82046BDE8104002F00C
:10354000E7BFD4D4D4D4D4D403F016B8D4D4D4D4CC
:1035500003F01EB8D4D4D4D410B5EFF3108E72B6E5
:1035600084685CB10269131D0B60611E8160116883
:103570000161106000208EF3108810BD4FF0000331
:103580000B6052B148F6242CC2F2062CDCF8003055
:103590003BB18EF31088102010BD8EF310881020E0
:1035A00010BD48F69013C2F206231C6843F209636B
:1035B000C0F20023C4E91A30436AE167D4F8AC10C2
:1035C00001F10101C4F8AC1003F10101416233B112
:1035D000006A416FC4E91C0144670C6702E00462A1
:1035E000C4E91C44082020630120A063E264DCF8E5
:1035F00000000130CCF800008EF31088204601F066
:10360000AFFFD4F8840010BD80B543F20962EFF338
:10361000108E72B6C0F20022836E934202D08EF3F7
:10362000108880BDD0F8AC209142F8D1C16E00293D
:10363000F5D044F643730A68C4F24C239A42EED1A3
:103640004B6A002BEBD04FF0000C5A1EC0F868C03C
:103650004A620BD0D0E91CC20B6A8342CCF87420BA
:10366000C2F870C008BFC1F820C001E0C1F820C096
:10367000016B0829D3D11021C0F8841048F6242109
:10368000C2F206210A6801320A608EF3108801F046
:10369000CBFEEFF3108E72B68EF3108880BDD4D4BB
:1036A0002DE9F0410F463021984616460446069D06
:1036B0000AF068F8F01C25F0030220F003006760B0
:1036C000011DC4F814809142C4E9062004D90020E9
:1036D000E0600520BDE8F081B2FBF1F30022454631
:1036E00001322F469A420D443D60F9D3281A002139
:1036F000C4E9022248F6701340F8041C44F64371F2
:10370000C4F81080EFF3108072B6C4F24C2121602F
:1037100048F67411C2F20621C2F206230A6822B1E9
:103720001B68DF6ADC62BC6202E01C60234627463D
:10373000C4E90A3701320A6080F310880020BDE82E
:10374000F081D4D4D4D4D4D410B50246EFF3108E83
:1037500072B6014652F8043D186A50B15A6A4FF0E9
:10376000000C013A5A620ED0D0E91C24546722673B
:103770000AE09868196911601A61013098608EF347
:103780001088002010BD0022C46F1A62C0F868C003
:10379000C0F884C0216048F62421C2F206210A68DC
:1037A00001320A608EF3108801F03EFE002010BD49
:1037B0002DE9F0410646D01C48F690120F46C2F2A1
:1037C0000622EFF3108172B6984620F003041568C4
:1037D0003562304681F31088214600F039F9EFF365
:1037E000108172B698B9306AA842F1D1B8F1000FD1
:1037F0004FF00000386010D048F62420C2F20620B6
:1038000002687AB181F310881020BDE8F081386039
:10381000002081F31088BDE8F08181F3108810202A
:10382000BDE8F08143F68902B36AC0F20022C5E91F
:103830001A26D5F8AC20C5E91E4702F10102C5F8E9
:10384000AC2003F10102B26233B1726A536FC5E971
:103850001C2355671D6702E07562C5E91C550922E6
:103860002A630122AA63C5F84C8002680132026013
:1038700081F31088284601F073FED5F88400BDE876
:10388000F081D4D4D4D4D4D480B543F68902EFF3F4
:10389000108E72B6C0F20022836E934202D08EF375
:1038A000108880BDD0F8AC209142F8D1C16E0029BB
:1038B000F5D045F245430A68C4F259239A42EED145
:1038C0008B6A002BEBD04FF0000C5A1EC0F868C07A
:1038D0008A620BD0D0E91CC24B6A8342CCF87420B8
:1038E000C2F870C008BFC1F824C001E0C1F824C00C
:1038F000016B0929D3D11021C0F8841048F6242186
:10390000C2F206210A6801320A608EF3108801F0C3
:103910008BFDEFF3108E72B68EF3108880BDD4D479
:10392000F0B581B00F4634211D461646044609F015
:1039300029FF25F00300C4E90660A0F10801304426
:103940006760A160C4E904660221E16040F8086D87
:103950004EF6EE614460CFF6FF71C6E9000145F214
:103960004541EFF3108072B6C4F25921216048F648
:103970007C11C2F2062148F67813C2F206230A68C7
:1039800022B11B681F6B1C63FC6202E01C602346B3
:103990002746C4E90B3701320A6080F31088002003
:1039A00001B0F0BDD4D4D4D42DE9F04148F67C1355
:1039B000EFF31081C2F2062372B6002202601F6884
:1039C000013F1F6048F67813C2F2062308D0D0E901
:1039D0000B271E6886421763FA6208BF1A6000E070
:1039E0001A6048F624244FF00008C2F20624226828
:1039F00001322260D0E90925C0E9098881F31088E5
:103A0000B5B11046012700BFEFF3108172B6C0F8C0
:103A10006880C0F88470066F22680132226081F3EA
:103A20001088013D01F000FD30460DB12FF015C0AA
:103A3000EFF3108072B621680139216080F310889D
:103A400001F0CAFC0020BDE8F081D4D4D4D4D4D491
:103A5000F0B5EFF3108E72B6D0E9022402EBC40287
:103A6000103A91424CD248F690124EF6EE6CC2F2E9
:103A70000622CFF6FF7C43690134126800250262FA
:103A800005E000BF00BF00BFA41B002C4BD05E6848
:103A9000664519D1002D08BF43611D68EE1A083E26
:103AA0008E4231D2D5E90067674511D11E60C768E3
:103AB0004669AE42A7F10105C56000D14361012509
:103AC0000CE000BF00BF00BF1B6807E000BF00BFE5
:103AD000002C5FEA0F930125E41A33468EF3108819
:103AE000EFF3108E72B6002C076A5FEA0F969742CA
:103AF000CAD0C468436901340262A4B12FF039C846
:103B00008EF310880020F0BD6EB1721A142A0ED305
:103B10005A18C468671CC76042F8085F1546C2F8A7
:103B200004C01A6004E08EF310880020F0BD314616
:103B3000586087684269791A08398160934208BFE2
:103B400045618EF3108803F10800F0BDD4D4D4D4BD
:103B50002DE9F04F81B0EFF3108172B648B14EF607
:103B6000EE6850F8044CCFF6FF78444518BF002C9F
:103B700005D181F31088032001B0BDE8F08F45F234
:103B800045432268C4F25923B2EB030918BF4FF032
:103B900003099A42EDD148F69013A0F10802C2F24F
:103BA000062340F8048C50F8080C1F686369801ADB
:103BB00027629A42A3681844A06038BF6261A06A75
:103BC000002851D048F6242B4FF0000AC2F2062BF1
:103BD00010E000BF00BF00BF626950F8083DC0F8A8
:103BE00004801B1A9042A2681A44A26038BF606128
:103BF000A06A88B3656A2046AE6F81F310883146AB
:103C0000FFF726FFEFF3108172B6276220B3626AD6
:103C10009542E1D1AA6FB242DED1A26A013AA26214
:103C200004D0D5E91C2353671A6700E00022EB6F2C
:103C30006262C5F868A0C5F884A01860DBF80000CF
:103C40000130CBF8000081F31088284601F0ECFB2E
:103C5000EFF3108172B6CBE781F3108801F0BCFB63
:103C6000484601B0BDE8F08F81F31088002001B014
:103C7000BDE8F08FD4D4D4D480B543F67942EFF3C5
:103C8000108E72B6C0F20022836E934202D08EF381
:103C9000108880BDD0F8AC209142F8D1C16E0029C7
:103CA000F5D044F24E430A68C4F256439A42EED12C
:103CB0004B69002BEBD0D1F810C00022BCF1000FF3
:103CC00082660AD05A1E4A610AD0D0E91C32844565
:103CD0005A67136706D10B6104E00122CA6001E054
:103CE00000220A61016B0729D1D10721C0F8841095
:103CF00048F62421C2F206210A6801320A608EF3D6
:103D0000108801F091FBEFF3108E72B68EF31088DD
:103D100080BDD4D4D4D4D4D4B0B50D462421044627
:103D200009F030FD44F24E416560EFF3108072B649
:103D3000C4F25641216048F6641148F66013C2F29D
:103D40000621C2F206230A6822B11B68DD69DC6124
:103D5000AC6102E01C6023462546C4E90635013209
:103D60000A6080F310880020B0BDD4D4D4D4D4D459
:103D700070B5EFF3108C72B6066A846824EA060602
:103D80001E60056A21EA050634408C425FEA0F9600
:103D900016EA520F06D12CB1D2072FD100208CF396
:103DA000108870BDDDF810E0BEF1000F32D048F68B
:103DB0002425C2F206254FF007042E6891B36EBB8E
:103DC00048F6901443F67946C2F20624C0F2002663
:103DD0002468C4E91E134169C4F88020D4F8AC20DB
:103DE000C4E91A6002F10102C4F8AC20F1B1026921
:103DF000536FC4E91C2354671C671AE042690AB177
:103E0000026972B3826822EA0101816000208CF3AA
:103E1000108870BD07208CF3108870BD20468CF38D
:103E2000108870BD20468CF3108870BD0461C4E911
:103E30001C4401314161072020630120A063C4F8C4
:103E40004CE02868013028608CF31088204601F08F
:103E500087FBEFF3108C72B6D4F884008CF31088D3
:103E600070BD2943016200208CF3108870BDD4D44A
:103E70002DE9F04F81B0EFF3108A72B692073FD46C
:103E8000026A8368002A43EA010BC0F808B01CBF2D
:103E900022EA01010162D0E90495B9F1000F3BD09B
:103EA000012D40D1D9F87810D9F8803001EA0B07FC
:103EB0008F425FEA0F9616EA530F31D187B3D9F8D4
:103EC0007C70DB07C7F800B003D0836823EA0101E8
:103ED00081600021C0E9041148F62420C9F8681067
:103EE000C2F20620C9F884100168013101608AF32A
:103EF0001088484601F098FAEFF3108A72B60FE086
:103F000042691AB10269002A00F0A180826811405A
:103F100081608AF31088A0E0002D1CBF0121C160E0
:103F20008AF3108899E048F624220021C2F2062282
:103F30000161CE461168013111600021002200921A
:103F400008E000BF00BF00BF002139671946009795
:103F5000013D4ED08AF31088EFF3108A72B6C36821
:103F600053B10022C260826845694BEA020B774672
:103F700003E000BF00BF00BF4F46BE6F3B6B06EAC9
:103F80000B02D7F87090B2425FEA0F98002A5FEAFE
:103F90001F9C072BD7F8804004D108EA540252EA4C
:103FA0000C02D5D1072B0BD1FA6FE307C2F800B092
:103FB00002D08268B24382600022BA66C7F88420C9
:103FC0004F4509D07A6FC9F87420BE45C2F8709089
:103FD00008BFD7F870E001E04FF0000E42690029F9
:103FE0003B46A2F101024261AED0009A0B46176730
:103FF000AAE7026AC0F810E02AB1836823EA020245
:1040000082600022026248F624258AF31088C2F2F8
:10401000062589B100BF00BF0C6FEFF3108072B6A8
:104020002A6801322A6080F31088084601F0FCF902
:1040300021460CB12FF011C0EFF3108072B6296841
:104040000139296080F3108801F0C6F905E0026AA1
:1040500062EA010101628AF31088002001B0BDE824
:10406000F08FD4D4D4D4D4D480B501F0B9F8BDE85D
:10407000804001F0E9BCD4D410B540F2B024C2F2C3
:104080000024206810F10F3F0DD04FF0F030206079
:1040900002F00EFCFFF7E8FF48F62420C2F20620EB
:1040A0000168013101604FF0F030206048F6801067
:1040B000C2F206200068FDF7B3FB00202060BDE8D7
:1040C000104002F085BCD4D480B544F2C902EFF3AD
:1040D000108E72B6C0F20022836E934202D08EF32D
:1040E000108880BDD0F8AC209142F8D1C16E002973
:1040F000F5D045F245430A68C4F655539A42EED1CD
:10410000CB69002BEBD04FF0000C5A1EC0F868C0F2
:10411000CA610BD0D0E91CC28B698342CCF87420F1
:10412000C2F870C008BFC1F818C001E0C1F818C0DB
:10413000016B0D29D3D11D21C0F8841048F624212C
:10414000C2F206210A6801320A608EF3108801F07B
:104150006BF9EFF3108E72B68EF3108880BDD4D455
:1041600070B548F62425EFF31081C2F2062572B629
:1041700004460126286801302860D4F8A40000BF56
:1041800060B1866081F3108800F08EF9EFF3108142
:1041900072B6D4F8A40008B12FF00FC02868013817
:1041A000286081F3108870BD70B50E463421154625
:1041B000044609F0E7FA45F2454166602561EFF3F0
:1041C000108072B6C4F65551216048F66C1148F65D
:1041D0002823C2F20621C2F2062344F261160A68BD
:1041E000C0F200261E6048F66813C2F2062322B110
:1041F0001B685E6A5C62346202E01C6023462646ED
:10420000C4E9083601320A6080F31088002070BDCE
:1042100070B548F69015EFF3108372B6C2F206251A
:1042200082682C6872B1C568A5421ED019B348F6E1
:10423000242CC2F2062CDCF8002002B383F3108891
:104240001D2070BD4FF00101C0E90214D4B3016913
:10425000012903D1E16A416120218162D4F8A410CF
:1042600029B30A6B0863D06225E0511C816083F397
:104270001088002070BD83F310881D2070BD44F2AB
:10428000C902D0F81CE0C0F20022C4E91A20D4F818
:10429000AC20BEF1000F02F10102C4F8AC2015D031
:1042A0008269566FC4E91C265467346711E00146E1
:1042B0000246C4F8A400C0E90B12D4F8A0000130F3
:1042C000C4F8A00083F31088002070BD8461C4E9A5
:1042D0001C440EF10102C2610D2222630122A2637D
:1042E000E164DCF800100131CCF8001083F3108891
:1042F0000169012910D1E16A826A8A4288BF81621C
:10430000D5F89C00814238BFC5F89C10E86A884205
:1043100002D9284600F068F8204601F021F9D4F8C7
:10432000840070BDD4D4D4D42DE9F041EFF31088CB
:1043300072B6D0F81CC0BCF1010F04D888F3108805
:104340000020BDE8F0818369BCF1020F1C6F09D128
:10435000D96AE26A8A4238BF846188F310880020F3
:10436000BDE8F08148F6242E1A46C2F2062EDEF889
:1043700000100131CEF8001008E000BF00BF00BF00
:104380002B462A46B4462C6F944211D0E76AD96A6C
:1043900088F31088EFF3108872B6D0E90656AA4267
:1043A000EED18F4254EA3383B445E9D12546EAE79A
:1043B000DEF800109342A1F10101CEF8001009D0FF
:1043C000D3E91C1783614F673967516FC3E91C211B
:1043D00053670B6788F3108800F0FEFF0020BDE8EC
:1043E000F081D4D4D4D4D4D42DE9F041EFF31082A9
:1043F00072B60446006B0D4650B1D4F89800E562E1
:10440000A84250EA3580E06382F31088BDE8F0816D
:1044100048F6941648F62420C2F20626C2F2062078
:10442000D4F82C8037680168023101600E202063C7
:104430000120A0630020E06482F31088204601F090
:104440008FF8EFF3108072B6D4F89810E562A942A5
:1044500051EA3581E16380F31088204600F0E4FFE3
:10446000EFF3108072B631688C4201D0226B1AB122
:1044700080F31088BDE8F081CA6AE16A914203D9ED
:10448000E36B9342F4D801E0BC42F1D1A84534601B
:10449000EED248F6A412C2F2062242F8214080F37E
:1044A0001088BDE8F081D4D4F0B581B0EFF310816D
:1044B00072B68368ABB148F69012C2F20622176852
:1044C000C268BA4205D048F62427C2F206273F68E0
:1044D000E7B1013B836007D081F31088002001B071
:1044E000F0BD81F3108813E0AAB1D2F8A030013BEF
:1044F000C2F8A03012D0D0E90B37D2F8A4608642BF
:104500001F63FB6208BFC2F8A4300AE081F3108881
:104510001E2001B0F0BD81F31088DFE70023C2F850
:10452000A4308369002B036908BF002B21D0012B25
:10453000D2F894402FD148F62423C2F206231F68F4
:1045400001371F6081F310882027D2F8A460BEB124
:10455000314606E000BF00BFC96AB14218BF00295A
:104560000ED00D69012DF7D18D6ABD4255EA37870E
:10457000F2E70022C26081F31088104601B0F0BD5E
:10458000EFF3108172B6A74257EA34841E68013EE9
:104590001E60C2F89C70C269022A15D30269012A02
:1045A00012D148F624260546C2F2062632680132A8
:1045B000326081F31088FFF7B7FEEFF3108172B617
:1045C00028463268013A3260856945B10269012A9C
:1045D0002AD1C668EA6A42612022826225E048F652
:1045E0002425C2F206252A6801322A6081F3108848
:1045F000C168CA6AA2424FF02002826205D0064614
:1046000008462146FFF7F0FE3046EFF3108172B600
:104610002A680024013A2A60C46081F3108800F0FF
:10462000DBFE204601B0F0BD0026D5F8A0202AB15F
:10463000D5F8A4301F6B1863F86203E0C5F8A40036
:1046400003460746C0E90B37C3690132C5F8A0200D
:104650000122C0E902255A1EC2614FF0000204D0B7
:10466000D5E91C375F673B6700E00023AA66C5F801
:10467000842048F624228361C2F2062213680133A3
:10468000136081F310880169012915D1C16961B1F5
:104690000746FFF749FEEFF3108072B6B9690029AB
:1046A0001CBFC96AB96280F31088F06AA04203D0C7
:1046B00030462146FFF798FE284600F0B5FE0DE78C
:1046C00080B544F2C162EFF3108E72B6C0F20022E0
:1046D000836E934202D08EF3108880BDD0F8AC2058
:1046E0009142F8D1C16E0029F5D044F255530A68C1
:1046F000C5F255139A42EED1CB6A002BEBD04FF0A6
:10470000000C5A1EC0F868C0CA620BD0D0E91CC2A7
:104710008B6A8342CCF87420C2F870C008BFC1F81D
:1047200028C001E0C1F828C0026B052AD3D109696D
:1047300000294FF00A0151EA0191C0F8841048F6AF
:104740002421C2F206210A6801320A608EF3108821
:1047500000F06AFEEFF3108E72B68EF3108880BD03
:104760002DE9F0410F4638211D4616460446DDF876
:10477000188009F007F8B000C4E90176656248F6D0
:104780005813B8FBF0F0C4E90505C2F2062300FB9C
:1047900006F1E06005EB8101C4E9071544F25551CB
:1047A000EFF3108072B6C5F25511216048F65C1126
:1047B000C2F206210A6822B11B685F6B5C633C632E
:1047C00002E01C6023462746C4E90C3701320A6028
:1047D00080F310880020BDE8F081D4D4D4D4D4D4A0
:1047E0002DE9F04148F65C13EFF31081C2F2062385
:1047F00072B6002202601F68013F1F6048F658131E
:10480000C2F2062308D0D0E90C271E6886425763FF
:104810003A6308BF1A6000E01A6048F624244FF09B
:104820000008C2F20624226801322260D0E90A257B
:10483000C0E90A8881F31088B5B11046012700BF8E
:10484000EFF3108172B6C0F86880C0F88470066F0C
:1048500022680132226081F31088013D00F0E4FDFE
:1048600030460DB12FF015C0EFF3108072B62168FD
:104870000139216080F3108800F0AEFD0020BDE812
:10488000F081D4D4D4D4D4D42DE9F04F81B0EFF357
:10489000108C72B60469C36AECB13BB3826A846857
:1048A000D2F88070012F2BD1D66F022C37680F60A1
:1048B000C0F02C818F1B0F2FA4F1010700F219818A
:1048C00047F001E00431341D54F8045B41F8045B07
:1048D0000FF007C01AE1F2B148F62427C2F206270A
:1048E0003E68002E55D08CF3108816E0026A876867
:1048F0001346022F53F8046B0E6010D21A4675E06F
:10490000076A022C3D46A4F1010B55F8046B0E60BA
:1049100023D22E4686E08CF310880A2411E1092F59
:10492000A7F1010654D38A1A102A51D326F00305A1
:1049300001272A1F06F0030807EB920E01EB8507FB
:1049400003EB8502043100BFB3EC041FA1EC101E81
:104950000FF007C0AE423ED148E0092C54D3CF1B24
:10496000102F51D32BF003070126A7F1040E0BF0F3
:10497000030801EB8709043106EB9E0E05EB870661
:10498000B5EC041FA1EC101E0FF007C0BB453ED1D3
:1049900048E048F69016002BC2F20626346844F22E
:1049A000C166C0F20026C4E91A604FF00006C4E9EF
:1049B0001F16D4F8AC1001F10101C4F8AC1000F0DE
:1049C000C480816A4E6FC4E91C164C673467BFE02F
:1049D000B0460F461A4648F001E0391D00BF00BF3F
:1049E00052F8043B41F8043B0FF007C0C1698A420A
:1049F00008BF8269416902620131621EC0E9042177
:104A000000248CF310889CE0D84689462E4648F056
:104A100001E009F1040100BF56F8045B41F8045BB2
:104A20000FF007C0D0F81C8048F62429C2F20629EE
:104A3000464508BF86690662022CD9F8007007F166
:104A40000107C9F80070D9F80070A7F10107C9F88B
:104A50000070456AD76F2E46396846F8041B01D2AC
:104A600034462BE0092C1CD3E91B102919D32BF059
:104A7000030A0125AAF1040106EB8A0405EB910E55
:104A80000BF0030507EB8A01043700BF00BF00BF2E
:104A9000B7EC041FA6EC101E0FF007C0D34503D1DE
:104AA0000CE05D463446394645F001E00E1D00BF7E
:104AB00056F8041B44F8041B0FF007C0444508BF18
:104AC0008469013B44624FF0000404D0D2E91C71B8
:104AD00079670F6700E00027C0E90A739466C2F89F
:104AE0008440D9F800000130C9F800008CF3108828
:104AF00024E00436043127F001E000BF00BF00BF0E
:104B0000B6EC041FA1EC041F1FF007C0591E4FF0A4
:104B1000000404D0D2E91C375F673B6700E0002344
:104B2000C0E90A3148F62420C2F206209466C2F891
:104B300084400168013101608CF31088104600F058
:104B400073FC204601B0BDE8F08F8462C4E91C44C8
:104B5000591CC162052020630120A063E26438680B
:104B6000013038608CF31088204600F0F9FCD4F84E
:104B70008440E6E7D4D4D4D4F0B581B0EFF3108705
:104B800072B64669C36A56B1B3B1013B826A4FF04F
:104B9000000521D0D2E91C64746726671DE0B2B31A
:104BA00048F6242CC2F2062CDCF80060002E00F03F
:104BB0006D8087F310882CE0426A731E14464361AF
:104BC00083680E6844F8046B0669022B06F101063F
:104BD000066120D2224685E00026C0E90A63D36F31
:104BE00086689566022E086818603FD3581A0F2809
:104BF000A6F101002DD840F001E0181D043100BFDE
:104C000051F8043B40F8043B0FF007C02EE087F357
:104C100010880B2485E0092BA3F1010353D3521A0A
:104C2000102A50D323F003060125321F03F0030C92
:104C300005EB920E04EB860201EB8605043100BF02
:104C4000B1EC041FA4EC101E0FF007C0B3423DD11D
:104C500048E00431043320F001E000BF00BF00BF92
:104C6000B1EC041FA3EC041F1FF007C048F624207A
:104C70000024C2F20620C2F88440016801310160BC
:104C800087F31088104600F0CFFB4AE048F69016F4
:104C9000C2F20626346844F2C166C0F20026C4E9B6
:104CA0001A604FF00006C4E91F16D4F8AC1001F1E9
:104CB0000101C4F8AC10F3B1816A4E6FC4E91C164F
:104CC0004C6734671AE09C4622460D464CF001E0E2
:104CD000291D00BF00BF00BF51F8043B42F8043B50
:104CE0000FF007C0C16900248A4208BF826942628E
:104CF00087F3108815E08462C4E91C44591CC16222
:104D0000052020630120A063E264DCF8000001308C
:104D1000CCF8000087F31088204600F021FCD4F87E
:104D20008440204601B0F0BD80B544F62952EFF32F
:104D3000108E72B6C0F20022836E934202D08EF3C0
:104D4000108880BDD0F8AC209142F8D1C16E002906
:104D5000F5D044F641530A68C5F245339A42EED184
:104D60000B69002BEBD04FF0000C5A1EC0F868C046
:104D70000A610BD0D0E91CC2CB688342CCF8742006
:104D8000C2F870C008BFC1F80CC001E0C1F80CC087
:104D9000016B0629D3D10D21C0F8841048F62421D7
:104DA000C2F206210A6801320A608EF3108800F010
:104DB0003BFBEFF3108E72B68EF3108880BDD4D417
:104DC00080B548F6541C0023C0E9003144F6415137
:104DD000C2F2062CC5F24531C0E902238361C0E965
:104DE0000433EFF3108E72B60160DCF8003048F641
:104DF0005011C2F2062123B10A689169906148619D
:104E000002E0086002460146C0E90521581CCCF8C2
:104E1000000000208EF3108880BDD4D4D4D4D4D424
:104E20002DE9F04148F65413EFF31081C2F2062346
:104E300072B6002202601F68013F1F6048F65013DF
:104E4000C2F2062308D0D0E905271E688642976182
:104E50007A6108BF1A6000E01A6048F624244FF017
:104E60000008C2F20624226801322260D0E903253C
:104E7000C0E9038881F31088B5B11046012700BF4F
:104E8000EFF3108172B6C0F86880C0F88470066FC6
:104E900022680132226081F31088013D00F0C4FADB
:104EA00030460DB12FF015C0EFF3108072B62168B7
:104EB0000139216080F3108800F08EFA0020BDE8EF
:104EC000F081D4D4D4D4D4D4EFF3108272B68368F2
:104ED0002BB1591E816082F310880020704751B1B8
:104EE00048F6242CC2F2062CDCF800303BB182F3E9
:104EF00010880D20704782F310880D207047B0B5E0
:104F000048F69013D0F810E0C2F20623BEF1000F6D
:104F10001C6844F62953C0F20023C4E91A30D4F8BF
:104F2000AC3003F10103C4F8AC3006D0C3685D6F48
:104F3000C4E91C355C672C6702E0C460C4E91C440A
:104F40000EF101030361062020630120A063E164E8
:104F5000DCF800000130CCF8000082F31088204615
:104F600000F0FEFAD4F88400B0BDD4D4D4D4D4D4A4
:104F7000EFF3108272B6016959B110B5B1F1010EAB
:104F8000C1684FF0000C0BD0D1E91C345C6723677B
:104F900007E081680131816082F31088002070474A
:104FA0000023C0E9033E48F62420C2F20620C1F8DF
:104FB00068C0C1F884C003680133036082F31088BD
:104FC000084600F031FABDE8104000207047D4D404
:104FD0002DE9F04F81B0DDE90A5993460F460446AA
:104FE000EF22284649469846DDF838A00C9E08F086
:104FF000C4FBB021204608F0C5FB05EB0900A76201
:105000000138C4E903500D98E662C4E911B82021C3
:1050100086423046C4E9059AC4F81CA018BF002097
:10502000E063C4F89C10C4E925600320206345F6C2
:10503000C10045F27921C0F20020C4E91504C0F294
:105040000021204601F020FD45F24422EFF31081BB
:1050500072B6C5F24842226048F69C12C2F206229D
:1050600048F698172046C2F2062713683BB13F68FE
:10507000D7F88C60C7F88C00C6F8880002E038606A
:10508000074606460133136048F62422C0E922761B
:10509000C2F206220F9F012F136803F10103136070
:1050A00014D140F2B022C2F200221268EFF305835D
:1050B0001A43B2F1F03F16D348F69412C2F2062218
:1050C000146884B1E56BE26AE2630EE081F3108854
:1050D000EFF3108072B611680139116080F3108807
:1050E00000F07AF907E00024002581F3108800F031
:1050F0009BF904B1E563002001B0BDE8F08FD4D482
:10510000EFF3108172B6026B013A022A1DD280B50C
:1051100048F69C1C0022C2F2062C0260DCF800302B
:10512000013BCCF8003048F6981CC2F2062C10D097
:10513000D0E9222EDCF800308342C2F88CE0CEF8B1
:10514000882008BFCCF8002005E081F310881120EA
:105150007047CCF8002081F31088002080BDD4D4A3
:1051600048F69010EFF31081C2F2062072B6006884
:1051700081F310887047D4D480B5EFF3108C72B6E9
:1051800000291CBFD0F828E0C1F800E0002A1CBFAD
:10519000016B1160002B02991CBF42681A60002944
:1051A000039A1CBFD0F894300B60002A04991CBFEE
:1051B000D0F8983013600029059A1CBF83690B60F2
:1051C000002A06991CBFD0F88830136000291CBF44
:1051D000006F08608CF31088002080BDD4D4D4D434
:1051E00048F6841048F68812C2F20620C2F206225F
:1051F00020210160106840F0C77010607047D4D45F
:10520000B0B5EFF3108172B6026B032A14D140F2ED
:10521000B022C2F200221268EFF305831A43B2F102
:10522000F03F12D348F69412C2F20622146864B119
:10523000E56BE26AE2630AE0426B012A16D10022C2
:105240004263192081F31088B0BD0024002548F680
:105250002422C2F2062213680133136081F31088FE
:1052600000F0E2F834B10020E563B0BD122081F314
:105270001088B0BD0020B0BD10B548F69010C2F245
:1052800006200468D4E91110884748F62820C2F2A5
:105290000620016809B120468847EFF3108072B6F6
:1052A00001212163A1630021E16448F62421C2F2B7
:1052B00006210A6801320A6080F31088EFF3148037
:1052C00020F0040080F31488BFF36F8F2046BDE800
:1052D000104000F045B9D4D410B548F69012EFF361
:1052E0001081C2F2062272B6146864B140F2B02294
:1052F000C2F200221268EFF305831A4307D081F34C
:105300001088132010BD81F31088132010BD48B100
:1053100048F62422C2F2062213683BB181F31088BA
:10532000132010BD81F31088002010BD04232363D7
:105330000123A3630023C4F88430E06410680130C3
:10534000106081F31088204600F00AF9D4F8840038
:1053500010BDD4D4D4D4D4D4EFF3108172B6026B80
:10536000531E022B27D3032A2BD042BB48F690139F
:1053700040F2B022C2F20623C2F20022D3F800C0EB
:105380001268EFF305831A4348F62422C2F206227C
:1053900008BF844519D010B5032303630123836339
:1053A0000024C46413680133136081F3108800F093
:1053B000D7F8204610BD142081F3108870470122D1
:1053C0004263002081F3108870471368002BE2D0FD
:1053D000142081F31088704748F62420C2F206207A
:1053E000006800B1704748F6941048F69011C2F278
:1053F0000620C2F20621006809688142F2D04EF60A
:1054000004504FF08051CEF200000160EFF30580B0
:10541000002818BF7047EFF3108062B680F3108841
:105420007047D4D4D4D4D4D42DE9F041EFF310850F
:1054300072B60446406E002804F14C0002D000F021
:105440004FFB01E00021016048F62420C2F2062053
:10545000016801390160A16B226B002948F69411A3
:10546000C2F2062108D0013A022A0CD3626B32B98B
:105470000022A263226306E02AB1626B2AB30022F3
:105480000323C4E90C3248F69012C2F206221268D5
:1054900085F3108809688A4201D0006808B1BDE828
:1054A000F0814EF604504FF08051CEF200000160C2
:1054B000EFF30580002818BFBDE8F081EFF31080FE
:1054C00062B680F31088BDE8F081E66A48F6A41E53
:1054D000C2F2062E002222635EF826302BB15A6AF1
:1054E0005C621462C4E90832CDE748F6841C48F6D1
:1054F000A018C2F2062C0122C2F20628B240DCF843
:1055000000304EF82640D8F80070C4E908449E42A6
:1055100042EA0702C8F80020B5D20B68CCF8006058
:10552000D3B1DA6B9642AED20C6085F31088006876
:105530000028B4D14EF604504FF08051CEF2000056
:105540000160EFF305800028A9D1EFF3108062B667
:1055500080F31088BDE8F0810C6094E7D4D4D4D4F3
:10556000F0B581B048F69011C2F206210D68EFF354
:10557000108472B6A84211D1014651F84C2F013A5D
:1055800012F1030F04D80646084600F079FA3046B7
:1055900048F6CC21C269C2F206210A6048F62421ED
:1055A00048F6941CC2F20621C2F2062C0A68013A9F
:1055B0000A60826B012A33D1026A4FF0000E8242E8
:1055C000C36AC0F838E00DD0466A48F6A41EC2F29D
:1055D000062E566232625EF8236086421CD14EF877
:1055E000232019E048F6A0160122C2F206269A40AE
:1055F000376837EA020248F6A417C2F2062732607B
:1056000047F823E04CD048F6841392FAA2F2C2F293
:105610000623B2FA82F21A60DCF8002090421BD016
:1056200084F31088DCF80000854201D0086808B1D6
:1056300001B0F0BD4EF604504FF08051CEF20000A4
:105640000160EFF305800028F2D1EFF3108062B61D
:1056500080F3108801B0F0BD48F6841048F6A4121B
:10566000C2F20620C2F20622006852F82000CCF8EE
:10567000000084F3108808680028D9D14EF6045041
:105680004FF08051CEF200000160EFF3058000285A
:10569000CED1EFF3108062B680F3108801B0F0BD78
:1056A00048F684102022C2F2062002600020CCF8C6
:1056B000000084F3108808680028B9D14EF6045021
:1056C0004FF08051CEF200000160EFF3058000281A
:1056D000AED1EFF3108062B680F3108801B0F0BD58
:1056E00070B5EFF3108672B604464C3000F0F8F94E
:1056F000206B012804D0022805D186F310889EE093
:1057000086F310889BE048F624250028C2F206257F
:105710004FF00100296801F1010129604FF00201F9
:105720002163A06327D0A26ED4F8AC1086F3108852
:105730000AB120469047EFF3108072B60021A163B2
:1057400080F3108840F2B020C2F200200068EFF32E
:10575000058108432FD148F69010C2F20620006858
:10576000844228D1EFF3148020F0040080F31488E1
:10577000BFF36F8F33E00020E064286801302860B9
:1057800040F2B02086F31088C2F200200068EFF3E8
:105790000581084327D148F69010C2F20620006820
:1057A000844220D1EFF3148020F0040080F31488A9
:1057B000BFF36F8F2BE04EF63470CEF2000000780E
:1057C000C0070CD0EFF314804007B0EE400A06D4B7
:1057D000EFF3148020F0040080F31488C8E7EFF39F
:1057E000108072B619E04EF63470CEF200000078E8
:1057F000C0070CD0EFF314804007B0EE400A06D487
:10580000EFF3148020F0040080F31488D0E72046E2
:10581000FFF7A6FEEFF3108072B680F3108848F60B
:105820002820C2F20620016809B120468847EFF31C
:10583000108072B629680139296080F31088FFF75B
:10584000CBFD002070BDD4D480B548F6901048F64A
:10585000C022C2F20620C2F2062200230168EFF342
:10586000108072B6136009B10A6B12B180F3108810
:1058700080BD48F6CC2CD1E90732C2F2062C8A4210
:105880008B61CCF80030F1D0CB6BC96A9942EDD175
:1058900048F6841C48F6A41EC2F2062CC2F2062E5C
:1058A000DCF800304EF8212048F69411C2F20621AF
:1058B0005EF823200A6080F3108880BDD4D4D4D44D
:1058C000EFF3108272B6016B04290AD148F6242145
:1058D000C2F206210B6801330B6082F31088FFF7D8
:1058E000A3BD836ED0F8AC1082F31088002B08BFE4
:1058F00070471847D4D4D4D448F6BC20EFF31081B5
:10590000C2F2062072B6006881F310887047D4D4C2
:105910002DE9F04F83B048F6B821EFF31085C2F2BD
:10592000062172B60868002840F0868048F6C4292F
:10593000C2F20629D9F80000002800F07D8048F660
:10594000B02648F6C82BC2F2062600270DF104083F
:10595000C2F2062B0DF1080A0120086004E000BF26
:10596000D9F80000002861D0306801680291002950
:1059700018BFC1F818A048F6B42140F8047BC2F261
:10598000062130600968884205D148F6AC20C2F291
:10599000062000683060C9F8007085F31088EFF3C6
:1059A000108572B600BF00BF029C002CD8D02069C1
:1059B00000210191844207D061694161C0F818A0BB
:1059C000086102E000BF00BF002021680290212989
:1059D0000ED3A1F120002060C4F818802461019446
:1059E000CBF8004085F3108813E000BF00BF00BF74
:1059F000D4E901212260E0681AB142462461019491
:105A000000E00022A261CBF8004085F3108801B1CC
:105A10008847EFF3108572B60198CBF80070A0426A
:105A2000C2D12046A76100F02BF8BDE748F6B821A7
:105A30000020C2F20621086085F3108803B0BDE89B
:105A4000F08FD4D4D4D4D4D448F6AC2048F6B022C5
:105A5000C2F2062048F62C21C2F20622C2F206212A
:105A6000016001F18000116048F6B421C2F2062104
:105A7000086048F6B820C2F2062000210160704795
:105A80000268511E11F1030F26D88369002B18BF3D
:105A90007047202A48F6B022C2F2062248F6AC230C
:105AA00088BF1F211268C2F2062302EB810148F66B
:105AB000B422C2F206221B6812688A1A28BF9918FB
:105AC0000A682AB1536950611861C0E9042302E0F1
:105AD000C0E90400086081617047D4D4D4D4D4D420
:105AE0008169002908BF70470269904207D0436965
:105AF00053611A610B68834206D1916103E00A6821
:105B0000824201D100220A60002181617047D4D411
:105B1000C0B144F64373D0F800C0C4F24C239C4596
:105B200010D189B162B140F2B023C2F20023D3F8A0
:105B300000C0EFF3058353EA0C031CBF0420704739
:105B4000FDF70ABD0220704703207047D4D4D4D497
:105B50002DE9F04F81B000284FF0020569D00B9F6E
:105B6000302F66D148F62426DDF82880C2F20626BA
:105B7000EFF3108772B6914635689B460135356064
:105B800087F3108848F67017C2F206273D6848F67A
:105B90007417C2F20627A8425FEA1F943F68002FDD
:105BA00018BFA8421AD10546EFF3108072B68A4694
:105BB00031680139316080F31088FFF70DFC0CB1BA
:105BC000022536E0BBF1000F15D029F0030028F0C4
:105BD00003010430884210D905252AE0012200BFC4
:105BE000AD6AA8425FEA1F94BA42DCD2A84202F131
:105BF0000102F5D1D7E703251BE040F2B0205B4658
:105C0000C2F200204A460168EFF30587394306D007
:105C10000068EFF305810843B0F1F03F08D3CDF8F9
:105C200028802846514601B0BDE8F04FFDF738BD49
:105C30001325284601B0BDE8F08FD4D4D4D4D4D4F1
:105C400058B150F8041C41B144F643720968C4F2DB
:105C50004C22914201D1FDF777BD03207047D4D487
:105C600010B578B145F2454ED0F800C0C4F2592EB7
:105C7000F44507D141B11AB1D0F81CC0624505D92D
:105C8000052010BD022010BD032010BD40F2B02C35
:105C9000C2F2002C43B1DCF800E0EFF3058454EAD3
:105CA0000E041CBF042010BDDCF800E0EFF30584F7
:105CB00054EA0E040AD0DCF800C0EFF3058444EA8D
:105CC0000C04B4F1F03F01D2132010BDBDE8104028
:105CD000FDF76EBDD4D4D4D42DE9F04700284FF0A1
:105CE000020564D0089F342F61D148F62424EFF3D5
:105CF0001087C2F2062472B692469846266801368C
:105D0000266087F3108848F67817C2F206273D68A8
:105D100048F67C17C2F20627A8425FEA1F963F6842
:105D2000002F18BFA84218D10546EFF3108072B6B5
:105D3000894621680139216080F31088FFF74CFB08
:105D400016B10220BDE8F087BAF1000F13D0B8F108
:105D5000640F13D20520BDE8F087012200BF00BF09
:105D6000ED6AA8425FEA1F96BA42DDD2A84202F16C
:105D70000102F5D1D8E70320BDE8F08740F2B0205A
:105D80005246C2F2002043460168EFF305873943CB
:105D900006D00068EFF305810843B0F1F03F05D36A
:105DA00028464946BDE8F047FDF7BABD1325284609
:105DB000BDE8F087D4D4D4D498B145F24542016807
:105DC000C4F2592291420CD140F2B021C2F200211A
:105DD0000968EFF3058211431CBF13207047FDF7DC
:105DE000E3BD02207047D4D488B140F2B021C2F2A2
:105DF00000210A68EFF305831A4306D00968EFF320
:105E000005821143B1F1F03F03D3FDF7A1BE03209A
:105E1000704713207047D4D470B500284FF00603A4
:105E200052D0242A50D148F62422EFF31083C2F234
:105E3000062272B60C4616680136166083F3108887
:105E400048F66013C2F2062348F66416C2F206262C
:105E50001B68356898425FEA1F96002D18BF98426C
:105E600023D10546EFF3108072B611680139116035
:105E700080F31088FFF7B0FA0EB1062070BD40F233
:105E8000B020C2F200200168EFF30582114306D072
:105E90000068EFF305810843B0F1F03F13D32846C3
:105EA0002146BDE87040FDF737BF012100BF00BFAC
:105EB0009B6998425FEA1F96A942D2D2984201F1AB
:105EC0000101F5D1CDE71323184670BDD4D4D4D445
:105ED00010B5DDF808E0D8B144F24E44D0F800C067
:105EE000C4F25644A44513D13BB3BEF1000F27D0F2
:105EF00040F2B024C2F20024D4F800C0EFF30584CD
:105F00005CEA040C5FEA1F9418BF4FF0040C02E037
:105F10004FF0060C0024002C644618BF0824032A06
:105F200054EA8C8CBCF1000F1CBF604610BDCDF84C
:105F300008E0BDE81040FDF71BBF4FF0030CE9E798
:105F40004FF0000C0124E6E778B144F24E43D0F85C
:105F500000C0C4F256439C4507D16FF002031A42B9
:105F60001CBF08207047FDF783BF06207047D4D4BC
:105F70002DE9F04100284FF01C0543D0342B41D1CE
:105F800048F62423EFF31087C2F2062372B6884640
:105F90001E6801361E6087F3108848F66817C2F243
:105FA000062716463D6848F66C17C2F20627A84237
:105FB0003C685FEA1F97002C18BFA84225D1054610
:105FC000EFF3108072B619680139196080F31088F8
:105FD000FFF702FA17B11C20BDE8F081012E22D88C
:105FE00040F2B0203246C2F200200168EFF3058390
:105FF00019431BD00068EFF305810843B0F1F03F6F
:1060000014D213252846BDE8F081012100BF00BF4E
:106010002D6AA8425FEA1F97A142D0D2A84201F19F
:106020000101F5D1CBE71F20BDE8F08128464146AC
:10603000BDE8F041FEF7B8B818B345F24543026831
:10604000C4F655539A421CD140F2B02CC2F2002C37
:1060500039B1DCF80030EFF305821A431CBF04208D
:106060007047DCF80020EFF305831A430BD0DCF80F
:106070000020EFF305831A43B2F1F03F03D213205F
:1060800070471C207047FEF7C3B8D4D4D4D4D4D4FE
:10609000C0B145F245420168C4F65552914211D152
:1060A00040F2B021C2F200210A68EFF305831A43DF
:1060B00006D00968EFF305821143B1F1F03F03D335
:1060C000FEF7F2B91C20704713207047D4D4D4D403
:1060D0002DE9F04700284FF0090C6DD0099F382FAB
:1060E0006AD148F62424DDF82080C2F20624EFF3BA
:1060F000108772B6914626689A460136266087F365
:10610000108848F65817C2F206273E6848F65C1712
:10611000C2F20627B0425FEA1F953F68002F18BF02
:10612000B04237D10646EFF3108072B60F462168B1
:106130000139216080F31088FFF74EF915B109206D
:10614000BDE8F087BAF1000F31D0A9F111004FF08E
:10615000050C10F1100F2FD34FEA98004A4648451E
:106160002AD3394640F2B027C2F2002730465346C0
:106170003E68EFF305852E4306D03F68EFF30586B2
:106180003743B7F1F03F15D3CDF82080BDE8F04795
:10619000FEF7E6BA012200BF366BB0425FEA1F95F8
:1061A000BA42BFD2B04202F10102F5D1BAE70320F0
:1061B000BDE8F0874FF0130C6046BDE8F087D4D4FB
:1061C00098B144F255520168C5F2551291420CD172
:1061D00040F2B021C2F200210968EFF305821143B9
:1061E0001CBF13207047FEF7FBBA09207047D4D4B8
:1061F000C0B144F25553D0F800C0C5F255139C45C8
:1062000010D189B162B140F2B023C2F20023D3F8B9
:1062100000C0EFF3058353EA0C031CBF0420704752
:10622000FEF732BB0920704703207047D4D4D4D482
:10623000C0B144F25553D0F800C0C5F255139C4587
:1062400010D189B162B140F2B023C2F20023D3F879
:1062500000C0EFF3058353EA0C031CBF0420704712
:10626000FEF78ABC0920704703207047D4D4D4D4E9
:106270002DE9F04100284FF00C0640D01C2B3ED1F8
:1062800048F62423EFF31087C2F2062372B60D46B8
:1062900090461E6801361E6087F3108848F6501736
:1062A000C2F206273E6848F65417C2F20627B042EB
:1062B0003C685FEA1F97002C18BFB04229D1064600
:1062C000EFF3108072B619680139196080F31088F5
:1062D000FFF782F817B10C20BDE8F08140F2B02042
:1062E000C2F200200168EFF3058211430AD0006872
:1062F000EFF305810843B0F1F03F03D21326304697
:10630000BDE8F081304629464246BDE8F041FEF73F
:1063100057BD012100BF00BF7669B0425FEA1F97F9
:10632000A142CCD2B04201F10101F5D1C7E7D4D4EA
:1063300098B144F641520168C5F2453291420CD100
:1063400040F2B021C2F200210968EFF30582114347
:106350001CBF13207047FEF763BD0C207047D4D4D8
:10636000A0B144F641530268C5F245339A420DD1BB
:1063700051B140F2B022C2F200221268EFF305835D
:106380001A431CBF04207047FEF79EBD0C207047C7
:1063900040B144F641520168C5F24532914201D103
:1063A000FEF7E6BD0C2070472DE9F04F83B00446A0
:1063B00000284FF00E0061D09146129AB02A5DD1AC
:1063C000119801901098009048F6242C0F98029094
:1063D000C2F2062CDDF83880DDE90C6BEFF310809B
:1063E00072B6DCF800200132CCF8002080F310886F
:1063F00048F69C10C2F20620026848F69810C2F2D5
:106400000620D0F800A01AB306EB0B000025471EAB
:10641000544518BF012D1BD0DAF80C00864203D278
:106420000025874209D20FE0DAF81050AE425FEA49
:106430002F9538BF0026874206D3DAF8100087422E
:1064400055EA2F9538BF0026013ADAF888A0DFD147
:10645000EFF3108072B60D46DCF800100139CCF86D
:10646000001080F310881F46FEF7B6FF544508D091
:106470000320B9F1000F18BF002E06D103B0BDE80C
:10648000F08F0E2003B0BDE8F08FBBF1C80F03D230
:10649000052003B0BDE8F08FB8F11F0F03D90F201E
:1064A00003B0BDE8F08F2946029D454503D9182069
:1064B00003B0BDE8F08FDDF804C0BCF1010F03D9D3
:1064C000102003B0BDE8F08F40F2B0203B46C2F28E
:1064D00000200268EFF305873A4306D00068EFF327
:1064E00005821043B0F1F03F0ED3CDF844C04A46C8
:1064F00000981090CDE90E852046CDE90C6B03B0D5
:10650000BDE8F04FFEF764BD132003B0BDE8F08F87
:1065100040F2B021C2F200210968EFF30582114375
:106520001CBF1320704740B145F244220168C5F2F8
:106530004842914201D1FEF7E3BD0E207047D4D40A
:1065400070B5B8B145F2442ED0F800C0C5F2484E3F
:10655000F4450FD1DDF820C0DDE9064EDDE9046524
:10656000CDF820C0CDE9064ECDE90465BDE8704008
:10657000FEF702BE0E2070BD40B145F24422016814
:10658000C5F24842914201D1FEF73ABE0E20704753
:1065900040B145F244220168C5F24842914201D11E
:1065A000FEF7DABE0E20704798B145F2442201682A
:1065B000C5F2484291420CD140F2B021C2F2002112
:1065C0000968EFF3058211431CBF13207047FFF7E2
:1065D00087B80E207047D4D448F644110122C2F285
:1065E00006210968086146F2A960C0F200208861AE
:1065F00000200A607047D4D4B0B548F64415F421A1
:10660000C2F206250E222C6804F12403D4F85801A6
:1066100001284FF0F00004BFE820EC216158205819
:10662000C4E9380140F28F21C2F20021FCF740FD9D
:1066300094F82B1004F1380242F21070C4F8A40050
:10664000A4F84810606EC4E91A01A3690E2120461F
:106650002266984728680022E263D0F87C11022065
:10666000C4F8800009B1012088470020B0BDD4D40F
:1066700048F6D021C088C2F2062109680860704738
:1066800010B5044601F054F9C04310F0700F07D163
:106690000520FCF7FDFC204602F03EFE002010BD68
:1066A000FF2010BDD4D4D4D470B594B0002313937C
:1066B0000368B3B141F200060569C4F235060A3930
:1066C000B5425FEA1F900B298DF82C0044D8DFE813
:1066D00001F006430B4545064506434F484500205B
:1066E0003BE0552014B070BD9068807B002846D0F8
:1066F00001A9144603F084FF224648F6D02104463F
:10670000C2F206215069002C02F1180341F824302E
:1067100079D0B5425FEA1F91D26803924AF65422BB
:106720000590C2F20622069046F66900ADF82A40AE
:10673000C0F20020029052F8210010904AF65C202E
:10674000C2F2062050F82100119001A803F050FD7C
:1067500000287AD0232000E054201390139814B01E
:1067600070BD907B0024D8B301A903F049FF38E045
:10677000032A3BD0082AB2D1FFF782FFEEE792F955
:10678000540048F6D023C2F2062302F11804B0F1F7
:10679000FF3F4FF0020050EAC091506991621C60C7
:1067A000032933D19DF82C104AF64623C2F2062362
:1067B00033F811100229D1D14AF25461C2F20621F4
:1067C0000988012901D1232113914AF2566101233D
:1067D000C2F206210B80D16801AA03F005FABDE7D9
:1067E000002001A902F018FC1394B7E748F6441002
:1067F000C2F206200068D0F87C1100293FF46FAF88
:10680000032088476BE7916A0329CBD0B5425FEA42
:106810001F914AF64623C2F2062333F811100229CB
:106820009CD14AF25461C2F206210988012901D1A2
:10683000232113914AF256610123C2F206210B80F3
:10684000D16801AA03F00CFA88E748F6F820C2F2F2
:106850000620015D01297FF442AF0021015513910B
:106860007CE7D4D4D4D4D4D4B0B5C48C05464AF291
:106870008821C2F20621C4EBC40001EB8000FFF7BF
:1068800087FD2846214601F07FF9284601F094F95A
:10689000C00628695CBF6969401A48F6D021C2F277
:1068A000062151F824100860B0BDD4D4D4D4D4D477
:1068B00048F6801172B6C2F20621002048F68C120A
:1068C000086040F20001C0F20021C2F2062209680D
:1068D000116041F20001CEF200010A6842F00102AB
:1068E0000A604AF6307144F6D352C2F20621C1F270
:1068F00062020968A1FB02124FF0FF3101EB921214
:106900004EF62351CEF20001B0EB126F09D14EF2D8
:106910001003CEF200035A60F0220A70986007223A
:106920001A600870F02001F8040C01F8010C70479F
:1069300070B548F6941C72B6C2F2062C48F6901E4A
:10694000C2F2062EDCF80000CEF8000040B14EF690
:1069500004514FF00062CEF200010A6062B670BDD1
:106960004EF690234EF2FA3148F60C3248F61034C7
:10697000C4F20103C4F20101C2F20622C2F20624EB
:106980004AF20255002609E062B6BFF36F8F72B675
:10699000DCF80000CEF800000028D8D1187810806C
:1069A0001088000703D0088820600D801E70BFF398
:1069B0004F8F30BFBFF36F8F10880007E4D010886F
:1069C0001870206840F425400880DDE7D4D4D4D482
:1069D00048F624200021C2F2062001604EF6045041
:1069E000CEF20000EFF3148C2CF0040C8CF314881E
:1069F00062B64FF080510160FEE7D4D4D4D4D4D431
:106A00001B48016800292DD0EFF3098323E9F00F1B
:106A10001EF0100F01D123ED108A43F804ED8B60B6
:106A2000144C236813B18B6100232360124E366827
:106A3000D6B106607068401C7060B0692060F16873
:106A400001F1280181F30B88B36853F804EB1EF0C1
:106A5000100F01D1B3EC108AB3E8F00F83F309886B
:106A60007047FEE7034CE1E7FFF762FF0646E1E708
:106A700090890622CC8A062294890622D4D4D4D4C2
:106A800000F01AB8D4D4D4D4B0B502690C4622F0C0
:106A900007056FF0020145F8441D8560281D34216B
:106AA00006F070FE4FF0FF304FF08071C5E90E0424
:106AB0002964B0BDD4D4D4D448F6BC20C2F2062098
:106AC00001680131016048F6CC20C2F2062001685D
:106AD00041B10139016005D148F6C0200121C2F25F
:106AE0000620016080B548F6B020C2F20620016899
:106AF0000A6882B148F6C4200121C2F20620016072
:106B0000FEF706FF48F6C020C2F20620006808B370
:106B1000FEF79AFE1EE048F6B4220431C2F20622C5
:106B200001601268914205D148F6AC21C2F20621FB
:106B30000968016048F6C420C2F20620016848F6E0
:106B4000C020C2F20620006850EA010202D00029EB
:106B5000D6D1DCE748F69410C2F206200068A8B14E
:106B600048F69011C2F20621096881420ED048F61B
:106B70002420C2F206200068002818BF80BD4EF60F
:106B800004504FF08051CEF20000016080BDD4D49B
:106B900010B5044661B100F0F7FF204601F00CF893
:106BA000C0050FD4204601F05FF86FF3DF2010BD61
:106BB00000F07EFFC0050ED4204600F0A9FF00F0D3
:106BC0007F0010BD204601F03BF86FF03F0101EA65
:106BD0001010403010BD4FF4807010BDD4D4D4D408
:106BE0002DE9F041044690F828604AF646200D460B
:106BF000C2F2062030F81600022817D148F628669F
:106C0000C2F2062656F8251011B1012002F098FEB6
:106C1000002046F825002046294603F019FD0138DA
:106C200094F8286002285FEA2F9700E000272046AA
:106C3000294600F0C5FD2046294600F005FE204605
:106C4000294600F051FE2046294602F08DFC48F608
:106C50005068002FC2F2062805EB850708D0642093
:106C600016FB008000EB4700418841F480614180C1
:106C70002046294600F088FF642016FB008000EBC8
:106C800047072046798800F0AFFF012E03D1B9886D
:106C9000204600F0C1FFF988204600F0FDFF398949
:106CA000204601F011F80021204600F06DFF20463B
:106CB000294601F0ADF82046294602F03DFC204669
:106CC000294601F045F82046294600F03DFE2046C1
:106CD000294600F05DFE20462946BDE8F04100F05F
:106CE0007BBED4D4D4D4D4D470B5044690F8280054
:106CF0004AF646220D46C2F2062232F81000022859
:106D00000CD148F62866C2F2062656F8251011B1B5
:106D1000012002F015FE002046F8250020462946F5
:106D200002F022FC2046294600F04AFD2046294672
:106D300000F08AFD2046294600F0D6FD00BF00BFC6
:106D400000214FF4004248F22F03204600F0B8FA29
:106D50000021204600F078FA10F02F0FF0D12046E5
:106D6000294600F011FF0021204600F03DFF0021E0
:106D7000204600F051FF0021204600F08DFF002149
:106D8000204600F0A1FF0021204600F0FDFE204635
:106D9000294601F03DF82046294602F0CDFB204669
:106DA000294600F0D5FF2046294601F0C1F82046CB
:106DB000294601F0DDF82046294600F0C5FD2046B1
:106DC000294600F0E5FD20462946BDE8704000F068
:106DD00003BED4D4D4D4D4D470B51546013A022A13
:106DE0000E4604460DD220462946324600F0B0FB3E
:106DF0002046294600F028FA00F00F00B042F7D1F3
:106E000019E0002D18BF70BD48F200001E43CFF6F8
:106E1000FF70304385B200BF002148F22F032046A7
:106E20002A4600F04DFA0021204600F00DFA00F04D
:106E30002F00B042F0D170BDB0B50C46054601F050
:106E400077F828462146BDE8B04001F091B8D4D487
:106E5000F0B581B001220C46054601F029F8002664
:106E60004FF6FF7700BF00BF2846214600F044FFE1
:106E7000800602D50136BE42F6D101B0F0BDD4D4B1
:106E8000F0B581B01446013A022A0E46054610D2EA
:106E900028462146324600F05BFB00BF00BF00BF22
:106EA0002846214600F0D0F900F00F00B042F7D19B
:106EB00019E0C4B948F2000043EA0607CFF6FF70B4
:106EC000384386B200BF00BF002148F22F03284696
:106ED000324600F0F5F90021284600F0B5F900F03F
:106EE0002F00B842F0D100262846214600F098FB3A
:106EF00081040DD4284600F023F8284600F0A4F8B9
:106F00000A2001F069FE632E06F10106ECD3FF2092
:106F100001B0F0BDD4D4D4D470B514460D460646A5
:106F200001F026F830462946224601F041F8304665
:106F30002946BDE8704000F0DBBFD4D4D4D4D4D40B
:106F400090F828004AF64621C2F2062131F81010C6
:106F500002290AD1002841F20000C4F2350004BF22
:106F60000020C4F225000088704700207047D4D468
:106F7000012818BF704741F20000C4F235000188B3
:106F800041F480710180704790F828104AF646203D
:106F9000C2F20620012930F8110008BF022800D0F3
:106FA000704741F20000C4F23500018821F480717D
:106FB00001807047D4D4D4D490F828104AF64620E3
:106FC000C2F20620012930F8110008BF022800D0C3
:106FD000704741F20000C4F23500018841F08001A1
:106FE00001807047D4D4D4D490F828204AF64620A3
:106FF000C2F20620012A30F8120008BF022800D091
:10700000704741F24010C4F23500028811430180FC
:107010007047D4D4D4D4D4D490F828204AF646204B
:10702000C2F20620012A30F8120008BF022800D060
:10703000704741F24010C4F23500028822EA010193
:1070400001807047D4D4D4D490F828004AF6462161
:10705000C2F2062131F8101002290AD1002841F2AB
:107060000400C4F2350004BF0420C4F225000088E7
:10707000704700207047D4D490F828004AF6462183
:10708000C2F2062131F8101002290AD1002841F27B
:107090000800C4F2350004BF0820C4F225000088AF
:1070A000704700207047D4D490F828204AF6462034
:1070B000C2F2062030F8120032B1022802BF41F2BB
:1070C0000C00C4F2350001807047D4D4D4D4D4D499
:1070D00090F828004AF64622C2F20622012832F829
:1070E00010204FF0000008BF002900D07047022A8E
:1070F00002BF41F21400C4F2350000687047D4D4D6
:1071000090F828304AF64620C2F20620012B30F8CB
:10711000130008BF002900D07047022802BF41F2C7
:107120001400C4F2350002607047D4D4D4D4D4D44F
:1071300090F828204AF64620C2F20620002930F8AE
:1071400012304FF0000008BF022B00D07047012A18
:1071500005D141F21600C4F23500008870471420B2
:10716000C4F225000088704790F828304AF646207F
:10717000C2F20620012B30F8130008BF022809D004
:1071800002291FD0012912D029BB1420C4F22500E6
:1071900002807047022919D001290DD0002918BF9B
:1071A000704741F21600C4F2350002807047142087
:1071B000C4F225008280704741F21600C4F2350007
:1071C000828070471420C4F2250003E041F21600CB
:1071D000C4F235000281704790F828304AF6462004
:1071E000C2F20620012B30F8130008BF022809D094
:1071F00002291FD0012912D029BB1420C4F2250076
:1072000002707047022919D001290DD0002918BF3A
:10721000704741F21700C4F2350002707047142025
:10722000C4F225000271704741F21700C4F2350024
:10723000027170471420C4F2250003E041F21700E8
:10724000C4F235000272704790F828204AF64620B2
:10725000C2F2062030F8120002280FD102291ED0F7
:1072600001290ED051B92020012AC4F2250004BF03
:1072700041F22000C4F235000088704700200088E9
:107280007047202041F22001C4F22500C4F23501EC
:107290000830012A08BF01F108000088704720204B
:1072A00041F22001C4F22500C4F235010C30012A5C
:1072B00008BF01F10C0000887047D4D4D4D4D4D4D2
:1072C00090F828C04AF64620C2F2062030F81C008A
:1072D00002280FD1022922D0012912D051B9202031
:1072E000BCF1010FC4F2250004BF41F22000C4F23A
:1072F000350000E0002001881A40994311440180C4
:107300007047202041F22001C4F22500C4F235016B
:107310000830BCF1010F08BF01F10800EBE72020A5
:1073200041F22001C4F22500C4F235010C30BCF159
:10733000010F08BF01F10C00DDE7D4D4D4D4D4D4BC
:1073400090F828204AF64620C2F2062030F81200B3
:1073500002280ED102291FD0012910D049B92020BE
:10736000012AC4F2250004BF41F22000C4F2350016
:1073700000E00020018821F40051018070472020A6
:1073800041F22001C4F22500C4F235010830012A7F
:1073900008BF01F10800EDE7202041F22001C4F20E
:1073A0002500C4F235010C30012A08BF01F10C00A0
:1073B000E0E7D4D4D4D4D4D410B590F828204AF639
:1073C0004623C2F2062333F81230022B0ED10229D3
:1073D00030D0012920D049B92024012AC4F2250443
:1073E00004BF41F22004C4F2350400E0002401F09F
:1073F000FBFB218840B14EF6F0700840208000BFB2
:1074000020880007FCD102E021F4805020802088F1
:1074100040F48050208010BD2021012AC4F22501B3
:1074200001F1080441F22001C4F2350108BF01F165
:107430000804DCE72021012AC4F2250101F10C0433
:1074400041F22001C4F2350108BF01F10C04CEE77E
:1074500090F828204AF64620C2F2062030F81200A2
:1074600002280ED102291FD0012910D049B92020AD
:10747000012AC4F2250004BF41F22000C4F2350005
:1074800000E00020018821F4805101807047202015
:1074900041F22001C4F22500C4F235010830012A6E
:1074A00008BF01F10800EDE7202041F22001C4F2FD
:1074B0002500C4F235010C30012A08BF01F10C008F
:1074C000E0E7D4D4D4D4D4D490F828004AF6462C9B
:1074D000C2F2062C3CF81030022B0ED1022929D022
:1074E00001291AD049B920210128C4F2250104BF7D
:1074F00041F22001C4F2350100E000213CF8100007
:10750000022809D10888002A20F44060088008BFBA
:1075100070470888104308807047202141F22003FB
:10752000C4F22501C4F235030831012808BF03F174
:107530000801E3E7202141F22003C4F22501C4F24F
:1075400035030C31012808BF03F10C01D6E7D4D470
:10755000B0B582B090F828304AF64625C2F206252A
:10756000144635F81350022D0ED1022922D00129DC
:1075700012D0B9BB2025012BC4F2250504BF41F26E
:107580002005C4F235052EE00025013901292A889D
:10759000ADF806201ED929E02021012BC4F22501D7
:1075A00001F1080541F22001C4F2350108BF01F1E3
:1075B00008050CE02021012BC4F2250101F10C0586
:1075C00041F22001C4F2350108BF01F10C05298800
:1075D000ADF8061001F008FB40B9BDF8060020F434
:1075E000805001E000252888ADF80600BDF80600AF
:1075F00020F00F00ADF80600BDF80600288000BF9F
:1076000028880007FCD1BDF806002043ADF806002D
:10761000BDF80600288002B0B0BDD4D4D4D4D4D4F0
:1076200090F828204AF64620C2F2062030F81200D0
:1076300002280FD102291ED001290ED051B92220D3
:10764000012AC4F2250004BF41F22200C4F2350031
:1076500000887047002000887047222041F22201F4
:10766000C4F22500C4F235010830012A08BF01F137
:10767000080000887047222041F22201C4F2250050
:10768000C4F235010C30012A08BF01F10C0000885A
:107690007047D4D4D4D4D4D490F828204AF64620C5
:1076A000C2F2062030F8120002280ED102291FD0A3
:1076B000012910D049B92220012AC4F2250004BFB3
:1076C00041F22200C4F2350000E00020018841F4BC
:1076D000004101807047222041F22201C4F22500BE
:1076E000C4F235010830012A08BF01F10800EDE7B6
:1076F000222041F22201C4F22500C4F235010C30EF
:10770000012A08BF01F10C00E0E7D4D4D4D4D4D4CA
:1077100090F828204AF64620C2F2062030F81200DF
:1077200002280ED102291ED001290FD049B92220EA
:10773000012AC4F2250004BF41F22200C4F2350040
:1077400000E000204FF4804101807047222041F288
:107750002201C4F22500C4F235010830012A08BF15
:1077600001F10800EEE7222041F22201C4F22500D7
:10777000C4F235010C30012A08BF01F10C00E1E729
:10778000EFF3108272B690F828004AF64623C2F250
:10779000062333F81030022B0FD1002841F23600B7
:1077A000C4F235004FF0010304BF3620C4F22500B7
:1077B00003FA01F103881943018082F310887047AE
:1077C000EFF3108272B690F828004AF64623C2F210
:1077D000062333F81030022B10D1002841F2360076
:1077E000C4F235004FF0010304BF3620C4F2250077
:1077F00003FA01F1038823EA0101018082F3108872
:107800007047D4D4D4D4D4D4EFF3108272B690F8A5
:1078100028004AF64623C2F2062333F81030022B22
:107820000FD1002841F23800C4F235004FF00103B7
:1078300004BF3820C4F2250003FA01F1038819437C
:10784000018082F310887047EFF3108272B690F8CF
:1078500028004AF64623C2F2062333F81030022BE2
:1078600010D1002841F23800C4F235004FF0010376
:1078700004BF3820C4F2250003FA01F1038823EA8B
:107880000101018082F310887047D4D4D4D4D4D4B9
:1078900080B5EFF3108E72B690F828004AF64623B2
:1078A000C2F2062333F81030022B18D148F61873B1
:1078B0000028C2F2062341F23A0018BF1433C4F282
:1078C00035004FF0010C04BF3A20C4F2250000221D
:1078D00023F811200CFA01F10288114301808EF384
:1078E000108880BDD4D4D4D4EFF3108272B690F84F
:1078F00028004AF64623C2F2062333F81030022B42
:1079000010D1002841F23A00C4F235004FF00103D3
:1079100004BF3A20C4F2250003FA01F1038823EAE8
:107920000101018082F310887047D4D4D4D4D4D418
:10793000002841F24000C4F2350004BF4020C4F2E8
:10794000250000887047D4D4EFF3108272B690F807
:1079500028004AF64623C2F2062333F81030022BE1
:1079600010D10123002841F2460003FA01F1C4F2CC
:10797000350040F2FF3304BF4620C4F2250023EA5D
:107980000101018082F310887047D4D4D4D4D4D4B8
:10799000EFF3108272B690F828004AF64623C2F23E
:1079A000062333F81030022B10D10123002841F2B6
:1079B000480003FA01F1C4F2350040F2FF3304BF7E
:1079C0004820C4F2250023EA0101018082F31088D7
:1079D0007047D4D4D4D4D4D4EFF3108272B690F8D4
:1079E00028004AF64623C2F2062333F81030022B51
:1079F00010D10123002841F24A0003FA01F1C4F238
:107A0000350040F2FF3304BF4A20C4F2250023EAC8
:107A10000101018082F310887047D4D4D4D4D4D427
:107A200090F828004AF64621C2F2062131F81010DB
:107A300002290AD1002841F24C00C4F2350004BFEB
:107A40004C20C4F225000088704700207047D4D431
:107A5000002841F25400C4F2350004BF5420C4F29F
:107A6000250000887047D4D4002841F25600C4F2A3
:107A7000350004BF5620C4F2250000887047D4D4D6
:107A8000002841F25800C4F2350004BF5820C4F267
:107A9000250000887047D4D4002841F25A00C4F26F
:107AA000350004BF5A20C4F2250000887047D4D4A2
:107AB00090F828004AF64621C2F2062131F810104B
:107AC00002290AD1002841F25C00C4F2350004BF4B
:107AD0005C20C4F225000088704700207047D4D491
:107AE00090F828004AF64622C2F2062232F8102008
:107AF000022A18BF7047002841F25C00C4F235002A
:107B000004BF5C20C4F2250001807047D4D4D4D4D3
:107B100090F828004AF64621C2F2062131F81010EA
:107B200002290AD1002841F25E00C4F2350004BFE8
:107B30005E20C4F225000088704700207047D4D42E
:107B400090F828004AF64622C2F2062232F81020A7
:107B5000022A18BF7047002841F25E00C4F23500C7
:107B600004BF5E20C4F2250001807047D4D4D4D471
:107B7000002841F26000C4F2350004BF6020C4F266
:107B8000250000887047D4D490F828004AF6462291
:107B9000C2F2062232F81020022A18BF70470028CD
:107BA00041F26400C4F2350004BF6420C4F2250031
:107BB00001807047D4D4D4D490F828004AF64621E6
:107BC000C2F2062131F8101002290AD1002841F230
:107BD0006800C4F2350004BF6820C4F225000088A4
:107BE000704700207047D4D490F828004AF6462207
:107BF000C2F2062232F81020022A18BF704700286D
:107C000041F26800C4F2350004BF6820C4F22500C8
:107C100001807047D4D4D4D490F828204AF6462066
:107C2000C2F20620012A30F8120001BF022841F2F8
:107C30006A00C4F2350001807047D4D4D4D4D4D4BF
:107C400090F828004AF64621C2F20621002831F8B1
:107C500010104FF0000006D0022902BF41F26A0066
:107C6000C4F235000088704790F828004AF6462193
:107C7000C2F2062131F8101002290AD1002841F27F
:107C80006C00C4F2350004BF6C20C4F225000088EB
:107C9000704700207047D4D490F828004AF6462256
:107CA000C2F2062232F81020022A18BF70470028BC
:107CB00041F26C00C4F2350004BF6C20C4F2250010
:107CC00001807047D4D4D4D490F828004AF64622D4
:107CD000C2F2062232F81020022A18BF704700288C
:107CE00041F26E00C4F2350004BF6E20C4F22500DC
:107CF00001807047D4D4D4D481B00022ADF80220E2
:107D000090F828004AF64622C2F2062232F81020E5
:107D1000022A18D141F2600340F2600CC4F235032C
:107D2000C4F2250C03F11002002802BF0CF110026E
:107D30006023C4F2250302EB4100002918BF831E13
:107D40001888ADF80200BDF8020001B07047D4D425
:107D500090F828004AF64622C2F2062232F8102095
:107D6000022A18BF7047002841F27000C4F23500A3
:107D700004BF7020C4F2250000EB410030F8021C63
:107D800041F4005120F8021C7047D4D4D4D4D4D488
:107D900090F828004AF64622C2F2062232F8102055
:107DA000022A18BF7047002841F27000C4F2350063
:107DB00004BF7020C4F2250000EB410030F8021C23
:107DC00041F4007120F8021C7047D4D4D4D4D4D428
:107DD00090F828004AF64622C2F2062232F8102015
:107DE000022A18BF7047002841F27000C4F2350023
:107DF00004BF7020C4F2250000EB410030F8021CE3
:107E000021F4007120F8021C7047D4D4D4D4D4D407
:107E100090F828004AF64622C2F2062232F81020D4
:107E2000022A18BF704758B141F26000C4F2350011
:107E300059B100EB4100C18941F48071C1817047A3
:107E400060200029C4F22500F3D1018841F480713B
:107E500001807047D4D4D4D490F828004AF6462341
:107E6000C2F2062333F81030022B18BF704780B5DA
:107E700041F2600340F2600CC4F23503C4F2250CF9
:107E800003F1100E002802BF0CF1100E6023C4F2A3
:107E900025030EEB4100002918BF831E188820F02F
:107EA00003001880188810431880BDE88040704790
:107EB00090F828004AF64623C2F2062333F8103021
:107EC000022B18BF704758B141F26000C4F2350070
:107ED00011B100EB41000E300188914301807047E1
:107EE00060200029C4F22500F3D1F5E7D4D4D4D41E
:107EF00090F828004AF64622C2F2062232F81020F4
:107F0000022A18BF7047002841F29000C4F23500E1
:107F100004BF9020C4F2250000EB810030F8041C5F
:107F200041F4007120F8041C7047D4D4D4D4D4D4C4
:107F300090F828004AF64622C2F2062232F81020B3
:107F4000022A18BF7047002841F29000C4F23500A1
:107F500004BF9020C4F2250000EB810030F8041C1F
:107F600021F4007120F8041C7047D4D4D4D4D4D4A4
:107F700090F828004AF64622C2F2062232F8102073
:107F8000022A18BF7047002841F29000C4F2350061
:107F900004BF9020C4F2250000EB810030F8041CDF
:107FA00041F4807120F8041C7047D4D4D4D4D4D4C4
:107FB00090F828004AF64623C2F2062333F8103020
:107FC000022B18BF7047002841F29200C4F235001E
:107FD00004BF9220C4F2250000EB810020F8042C9D
:107FE0007047D4D4D4D4D4D490F828004AF646218B
:107FF000C2F20621012831F810104FF0000001BF35
:10800000022941F24010C4F2350000887047D4D4F0
:10801000012818BF704741F20210C4F235000188F0
:1080200041F4804101807047012818BF704741F238
:108030000210C4F23500018821F4804101807047AC
:108040002DE9F04F83B090F828504AF6462CC2F242
:10805000062C044692463CF81530012B01D1002035
:1080600005E048F60062C2F2062252F821004FF005
:108070003C08BAF1010F08BF4FF0400854F808203F
:108080006FF00303002D52685268177848F61432D7
:10809000C2F2062202EB051B5BF8272008BF6FF037
:1080A000010312EA030618D0CDE901104CF2083999
:1080B00020465146C4F20009FFF7CAF994F8280097
:1080C000C0B1BAF1010F21D1D9F80C0020F48030F1
:1080D000C9F80C00D9F80C0029E03CF8150001287B
:1080E00000F0C58008465146224603B0BDE8F04F77
:1080F00002F04EB8BAF1010F11D1D9F8000020F406
:108100008030C9F80000D9F8000010E0D9F810005C
:1081100020F48030C9F81000D9F8100007E0D9F831
:10812000040020F48030C9F80400D9F8040048F6AF
:10813000343CC2F2062C0CEBC50131F817108E420C
:1081400018D248F6443248F64C30C2F206221BF8E8
:10815000271002EB85020323C2F20620002D00EB5C
:10816000051008BF01231940D1550299314440F848
:10817000271003E0B6FBF1F202FB01F654F8080009
:1081800094F82820E36B4BF8276040680CEBC2089A
:10819000406890F800E0586838F81E108E4256EAA1
:1081A000318CB107016808BF012A12D0002A5FEAAA
:1081B0000F9240F2B4250AEB4A07C2F200254FF0B5
:1081C000010942EAC20205EB820202EB8702043295
:1081D0000AE00AEB4A0240F2B425C2F200254FF051
:1081E000020905EB8202243212688A6040684AF272
:1081F0000005C4F200050278186805EB821200251C
:10820000826000BF00BF00BF977F01353F0625EAAF
:10821000E775AFB2642FF7D32CFA09F2029F4F60D3
:10822000CA8138F81E20771EB7FBF2F201328A812C
:108230009A6852689047204600F0D6FC019D28B904
:108240000023204629465246FEF7C6FD20465146E9
:10825000FFF7B2F8204600F0C7FC40B100232046EB
:108260002946524603B0BDE8F04FFEF7B5BD03B056
:10827000BDE8F08FD4D4D4D448B101294FF03C01EB
:1082800008BF4021405840684068007870470A2085
:108290007047D4D4D4D4D4D42DE9F047044690F810
:1082A00028004AF646231646C2F206230D4633F846
:1082B0001030012B02D14FF0000805E048F60061B4
:1082C000C2F2062151F825803C21012E08BF402131
:1082D00061584968496891F8009048F61431C2F233
:1082E000062101EB001757F82900002808BFBDE858
:1082F000F0874CF2083A20463146C4F2000AFFF7F4
:10830000A7F894F8280050B1012E13D1DAF80C0028
:1083100020F48030CAF80C00DAF80C001BE0012EC3
:1083200011D1DAF8000020F48030CAF80000DAF841
:10833000000010E0DAF8100020F48030CAF81000D5
:10834000DAF8100007E0DAF8040020F48030CAF808
:108350000400DAF8040057F8293020464146324636
:1083600000F03AF8204600F03FFC28B900232046F0
:1083700029463246FEF730FD2046294601F0A8F88E
:1083800057F829100139B1FBF0F02946013082B2CB
:108390002046FEF7C1FD20462946FFF7F1F92046A9
:1083A000294601F081F820463146FEF7C9FF2046F4
:1083B0003146FFF701F8204600F016FC28B10023F3
:1083C000204629463246FEF707FD20462946BDE8ED
:1083D000F04701F0C1B8D4D4002808BF70472DE998
:1083E000F0433C27D0F840E00546012A08BF40276B
:1083F000DEE900064AF2000CEF5995F828907468FF
:10840000C4F2000C7F6824787F6897F800800CEB3A
:1084100084140027846000BFA57F01372D0627EA5A
:10842000E577BDB2642DF7D3D6F800C048F63436F0
:10843000B9F1010FC2F2062612D102EB420240F25C
:10844000B424C2F2002404EB820206EB4804526A10
:10845000CCF804202289013A02EB927292101AE0C1
:10846000B9F1000F5FEA0F9440F2B42502EB42022B
:10847000C2F2002544EAC40405EB840404EB820242
:1084800006EBC9045268CCF8042034F81820013AED
:1084900002EBD272521006EBC9040132CCF808107C
:1084A000ACF80E2034F818105A1EB2FBF1F101316D
:1084B000ACF80C10DEF808104A686146BDE8F043DD
:1084C0001047D4D4D4D4D4D480B590F828304AF608
:1084D000462CC2F2062C002B5FEA0F923CF813E008
:1084E000BEF1020F52EA038201294FF03C0108BF9E
:1084F0004021405840684068017848F66C30C2F22C
:10850000062000EBC20030F811003CF81330022BBB
:1085100018BF80BD48F6143348F6D85CC2F2062373
:10852000C2F2062C03EB02125CF8203052F8211044
:10853000591A38BF00214CF8201080BDD4D4D4D4AF
:108540002DE9F04F83B0029119461E469346054629
:10855000FFF71AFB2846FFF72FFB044610F0100F19
:108560004FF0010050EA009A284600F03DFB28B980
:108570000023284631465246FEF72EFC01964CF267
:10858000083628465146C4F20006FEF761FF95F80A
:10859000280038B1E0060DD4F06820F48030F06097
:1085A000F06812E0E0060BD4306820F480303060D0
:1085B00030680AE0306920F480303061306904E0CE
:1085C000706820F4803070607068E0064FF03C0006
:1085D00058BF4020285895F82860EB6B40684068E9
:1085E00090F800E048F63430C2F2062000EBC609ED
:1085F000586839F81E108B455BEA318C5FEA8B7145
:10860000016808BF012E11D0002E5FEA0F9240F2E0
:10861000B4260AEB4A07C2F2002642EAC20206EB7F
:108620008202012602EB8702171D0AE00AEB4A02CA
:1086300040F2B426C2F2002606EB8202022602F1C4
:1086400024073A688A6040684AF20007C4F20007CB
:108650000278186807EB82170022876000BF00BF0E
:1086600097F81E8001324FEA086422EAE47294B25D
:10867000642CF5D32CFA06F2029F4F60CA8139F8B8
:108680001E20ABF10107B7FBF2F201328A819A6832
:108690005268904728465146FEF78EFE284600F065
:1086A000A3FA40B1002328460199524603B0BDE821
:1086B000F04FFEF791BB03B0BDE8F08FD4D4D4D413
:1086C0002DE9F04F81B03C22012908BF4022825899
:1086D00090F828704AF646285268C2F20628526876
:1086E000157848F66C32C2F2062202EBC70212F885
:1086F000154038F81720012A00F0A28048F63432DD
:1087000048F6D859C2F20622C2F2062902EBC70285
:1087100048F6006CC2F2062C32F8153059F82420C5
:108720009A4212D248F64432C2F2062202EB870283
:10873000525D002A61D10E4621460546FFF74CF9ED
:1087400028463146FEF7A8FF24E048F61433C2F26B
:10875000062303EB071A5CF824305AF82560921BB5
:1087600049F824201DD121460646FFF735F9304649
:1087700021463546FFF7C0FA40040BD438F81700FD
:1087800001285DD0012120462A4601B0BDE8F04F06
:1087900002F096B92846214601B0BDE8F04FFFF738
:1087A00077B806EB030E48F64433C2F206230326DD
:1087B00003EB870B002F08BF012606EA02060BF821
:1087C000056048F64C364FF6FC73C2F2062608BF29
:1087D0004FF6FE7306EB07164AF825201A4002EB07
:1087E0000E0346F8253008D04AF825207146234666
:1087F00001B0BDE8F04FFFF7A3BE38F81720012AFB
:1088000016D048F6443248F64C33C2F20622C2F281
:10881000062302EB870203EB0713525D49F824207D
:1088200053F825204CF824200246204601F0B0FCE5
:1088300048F644300021C2F2062000EB8700415583
:1088400001B0BDE8F08FD4D470B592B04AF6007094
:108850004AF64621C2F20620C2F2062184694888FF
:10886000012827D06846022101258DF828500226CC
:10887000FEF7EEFD48F67C3048F68033C2F2062063
:10888000C2F20623028802EBC201013202F00702A3
:10889000028003EBC10140F25110C0F204004862B3
:1088A00081F82850D4E90902C1E90F0205208E851C
:1088B00001F00EF812B070BD01294AF20001C4F2B5
:1088C000000112D1006CD0E900204068007801EB73
:1088D00080100021906000BF827F0131120621EAE2
:1088E000E2718AB2642AF7D312E0C06BD0E90020AB
:1088F0004068007801EB80100021906000BF00BF4D
:10890000827F0131120621EAE2718AB2642AF7D32A
:108910007047D4D4D4D4D4D480B584B0006C8168EA
:108920000068CA6969469047BDF8040004B080BD7C
:1089300010B543F204010028C4F22001086813D0E6
:10894000C00413D50120EFF3108480F31088086869
:1089500020F48050086008689620012104F09CFCF7
:1089600084F31088002010BD000502D440F2DD50D1
:1089700010BD0120EFF3108480F31088086820F404
:108980000060086008689620012104F085FC84F3EB
:108990001088002010BDD4D4B0B5012800F0A1800B
:1089A000002840F0188140F200404EF2001EC4F250
:1089B00025004AF6007CCEF2000EC2F2062C0268B8
:1089C00022F01002026091F90E304CF20032C4F233
:1089D0000002002B1DD4487D0EEB0304012500018D
:1089E00084F800034CF8231052F8230020F4803060
:1089F00042F8230052F82300580903F01F03BFF385
:108A00005F8F0EEB800405FA03F3C4F880314EF853
:108A1000203091F90F30002B1DD4887D0EEB03041C
:108A20000125000184F800034CF8231052F82300BC
:108A300020F4803042F8230052F82300580903F054
:108A40001F03BFF35F8F0EEB800405FA03F3C4F836
:108A500080314EF8203091F90D30002B1DD4087D67
:108A60000EEB03040125000184F800034CF82310E9
:108A700052F8230020F4803042F8230052F82300FB
:108A8000580903F01F03BFF35F8F0EEB800405FA54
:108A900003F3C4F880314EF8203091F90C30002BEC
:108AA00000F19980C87C0EEB0304000184F80003F8
:108AB0004CF8231052F8230020F4803042F82300B1
:108AC00052F82300580903F01F0201230EEB800126
:108AD00003FA02F2BFF35F8FC1F880214EF8202025
:108AE000B0BD91F911304EF2001E4CF20032CEF2C0
:108AF000000E002BC4F2000220D44AF6007C0D7E4A
:108B00000EEB0304C2F2062C2D01012084F8005361
:108B10004CF8231052F8235025F4803542F82350A6
:108B200052F823505D0903F01F03BFF35F8F0EEB74
:108B300085049840C4F880014EF8250091F9123060
:108B4000002B21D44AF60074487E0EEB0305C2F2D6
:108B50000624000185F8000344F8231052F823008E
:108B6000012420F4803042F8230052F823005809F1
:108B700003F01F03BFF35F8F0EEB800504FA03F3CE
:108B8000C5F880314EF8203091F91030002B48BFE5
:108B9000B0BD4AF60074C87D0EEB0305C2F2062490
:108BA000000185F8000344F8231052F8230020F454
:108BB000803042F8230052F82300580903F01F02C6
:108BC00001230EEB800103FA02F2BFF35F8FC1F8BD
:108BD00080214EF82020B0BD012104F05DBBD4D42B
:108BE000FCF77ABBD4D4D4D490F8280001285FEAEB
:108BF0001F907047D4D4D4D44FF07041EFF303806A
:108C000001EB00604CF200318015C4F200014258C3
:108C100022F48032425040584AF64621C2F20621E0
:108C20000888012808BF704701F0B2BCD4D4D4D45E
:108C30004FF07041EFF3038001EB00604CF2003124
:108C40008015C4F20001425822F4803242504AF6A4
:108C500000724158C2F206221058807800F08CBB96
:108C60004FF07041EFF3038001EB00604CF20031F4
:108C70008015C4F20001425822F48032425040581C
:108C80007047D4D4D4D4D4D44FF07041EFF30380E0
:108C900001EB00604CF200318015C4F20001425833
:108CA00022F48032425040587047D4D4D4D4D4D423
:108CB0004FF07041EFF3038001EB00604CF20031A4
:108CC0008015C4F20001425822F4803242504058CC
:108CD0004AF64621C2F206214888012808BF70479B
:108CE00001F056BCD4D4D4D44FF07041EFF30380DC
:108CF00001EB00604CF200318015C4F200014258D3
:108D000022F48032425040587047D4D4D4D4D4D4C2
:108D10004FF07041EFF3038001EB00604CF2003143
:108D20008015C4F20001425822F48032425040586B
:108D30007047D4D4D4D4D4D42DE9F04F81B040F2CC
:108D40004009012AC4F225094B4604BF41F2400301
:108D5000C4F235031F88DD88B3F808E0B3F80AB021
:108D600033F8106C33F80A4C33F808AC33F806CCFF
:108D7000B7F5807F4FF0000303800B8002D201B073
:108D8000BDE8F08F3E4041F240087304C4F235085C
:108D90001DD433B2B3F1FF3F21DDB6F5005F26D21B
:108DA000B6F5805F30D204EA0503F5059FB239D5E8
:108DB00017F0010336D0012A58EA098240F2FE3347
:108DC000D380012202800A8001B0BDE8F08F012A21
:108DD00058EA09816FF480420A80122110E0012ACA
:108DE00058EA098147F6FF720A80112108E0012A3A
:108DF00058EA09816FF4804202F500520A8013217B
:108E0000018001B0BDE8F08F012A58EA09826FF4B1
:108E1000804303F540531380142202800F8001B079
:108E2000BDE8F08F0CEA0B035FEA465B9BB20AD504
:108E300013F0010407D0012A58EA098240F2FE33F8
:108E40005381022210E00AEA0E045FEA865E1FFAEE
:108E500084FC0FD51CF001040CD0012A58EA0982C9
:108E600040F2FE331381032202800120088001B00A
:108E7000BDE8F08FB6F5006F17D2002D35D4BBF1E9
:108E8000000F3BD4BEF1000F7FF579AF012A58EAFD
:108E9000098240F2FF3323EA0C031381032202808C
:108EA000A1F800C001B0BDE8F08F044610460D46A1
:108EB0001646FEF73DFD012E58EA098728806FF41B
:108EC000804000F56050388015202080288800F010
:108ED000070006287FF453AF304600F05DFA00200B
:108EE0002080288001B0BDE8F08F012A58EA09826D
:108EF00040F2FF33BB43D38001228EE7012A58EAB8
:108F0000098240F2FF379F435781022202800B8083
:108F100001B0BDE8F08FD4D410B5044600F03CFA9F
:108F20002046FEF795FD4AF24C61C2F20621088008
:108F30002046FEF799FD4AF24E61C2F206210880F2
:108F40002046FEF79DFD4AF25061C2F206210880DC
:108F50002046FEF7A1FD4AF25261C2F206210880C6
:108F600010BDD4D4D4D4D4D480B590F82800FEF762
:108F7000DFFC00F0700030285FEA1F9080BDD4D481
:108F8000B0B54AF2A4314AF23C65C2F20621C2F2FF
:108F900006250446FF200988288001290FD1204694
:108FA00000F0DAF92046FEF7C3FC410408D440067D
:108FB00058BFB0BD204600F0AFF900202880B0BDFA
:108FC000D52028802046BDE8B04000F0D5B9D4D4E3
:108FD000B0B54AF24A650022C2F206252988A1F5F9
:108FE0008071B2EB912F18BFB0BD00210446FEF78F
:108FF0005BF869782046BDE8B040FEF755B8D4D498
:1090000010B5044690F8280000F0B6F994F828004E
:10901000BDE8104000F0A0B90346022208461946F8
:10902000FEF71ABFD4D4D4D400210222FEF714BF15
:109030002DE9F0411D4693F8283014460E4680462F
:109040005BB35FEA980708D054F8042B28463146F2
:10905000FEF756F8013F3804F6D15FEA88700BD569
:109060004FF4806228463146FEF72EFA34F8022B80
:1090700028463146FEF778F85FEAC8700AD0002229
:1090800028463146FEF720FA14F8012B28463146CF
:10909000FEF7A2F84FF400621BE05FEA580708D021
:1090A00034F8022B28463146FEF75EF8013F3804BB
:1090B000F6D15FEAC87010D0002228463146FEF78C
:1090C00003FA14F8012B28463146FEF785F84FF4D1
:1090D000806228463146FEF7F7F92046BDE8F08168
:1090E0002DE9F0411D4693F8283014460E4680467F
:1090F00013B35FEA980708D028463146FDF7E8FF2A
:10910000013F44F8040B3804F6D118F0030010D0E6
:109110000138012111FA80F728463146FDF7D8FFC2
:1091200047F001E000BF00BF04F8010B000A0FF098
:1091300005C82046BDE8F0815FEA580709D000BFA6
:1091400028463146FDF7F4FF013F24F8020B3804AE
:10915000F6D15FEAC870ECD028463146FDF7E8FF4B
:1091600004F8010B2046BDE8F081D4D4D4D4D4D483
:10917000F0B581B004460E46104621461546FDF76F
:1091800067FE28462146FEF71BFB28462146FEF7D0
:109190005BFB28462146FEF7A7FB28462146FDF744
:1091A0004BFE00212846FEF74FF800F00F00A042CA
:1091B00005D10021002200232846FDF70DFE0121E4
:1091C0002846FEF741F800F00F00A04209D1002127
:1091D000012200232846FDF7FFFD01212846FEF766
:1091E00037F902212846FEF72FF800F00F00A042C1
:1091F00009D10021022200232846FDF7EDFD0221BE
:109200002846FEF725F92846214600F095F928461C
:109210002146FEF79DFD48F62867C2F2062757F85B
:10922000240028B348F6D8518685C2F2062151F8A9
:109230002410416128462146FEF75EFD57F8243090
:109240005E68D8852EB1002100221846B04757F835
:1092500024300120194600F073FB95F82800002106
:1092600047F82410214601B0BDE8F04000F0E0BB13
:1092700001B0F0BDD4D4D4D410B548F6C054C2F275
:1092800006242188002908BF10BDFEF7C1FE642016
:10929000FFF7A2FC0020208010BDD4D4D4D4D4D4B5
:1092A00010B548F6C054C2F206242188002908BF30
:1092B00010BDFEF7ADFE6420FFF78EFC002020807D
:1092C00010BDD4D4D4D4D4D448F6C0510122C2F2B3
:1092D00006210A80FEF7A8BE002841F20000C4F271
:1092E000350004BF0020C4F22500018841F01001C0
:1092F00001807047D4D4D4D4002841F20000C4F2D5
:10930000350004BF0020C4F22500018821F01001BF
:1093100001807047D4D4D4D4002841F20800C4F2AC
:10932000350004BF0820C4F22500018841F4807193
:1093300001807047D4D4D4D4002841F23000C4F264
:10934000350004BF3020C4F22500018841F480417B
:1093500001807047D4D4D4D4002841F23000C4F244
:10936000350004BF3020C4F22500018821F480417B
:1093700001807047D4D4D4D4002841F24000C4F214
:1093800035004BF6FF7104BF4020C4F22500018078
:109390007047D4D4D4D4D4D4002841F24000C4F2CD
:1093A00035004FF6F77104BF4020C4F2250001805C
:1093B0007047D4D4D4D4D4D4002841F26000C4F28D
:1093C000350004BF6020C4F22500018841F004018B
:1093D00001807047D4D4D4D410B5002845D041F2D0
:1093E0003E04C4F23504208840F0310020802088FB
:1093F0006FF3DF3020800120FFF7EEFB208820F0A4
:10940000010020800120FFF7EBFB208820F0020004
:10941000208034F83E0C20F0200024F83E0C34F874
:109420003E0C40F0010024F83E0CB4F8C40040F4B7
:109430008040A4F8C40000BF34F8380CC007FBD04B
:1094400040F6077024F83C0C208840F4807020809F
:109450004FF4006024F81E0C24F8160C24F8120CAB
:1094600000206080A4F10E0017E00020C4F2250067
:10947000018841F48061018001884905FCD501889B
:1094800021F020010180018841F0010101804FF4A9
:10949000806101840185818530304FF41D41018058
:1094A00010BDD4D4D4D4D4D4092988BF7047FEF7D2
:1094B000ABB9D4D4D4D4D4D4092901D9002070476D
:1094C00080B5FEF719FC00F0030080BDD4D4D4D4DD
:1094D000092901D90020704710B541B10446FEF7B3
:1094E00053FB2046FEF7C0FB6FF3DF2010BDFEF7F5
:1094F0000FFB6FF3DF2010BD092901D90020704751
:1095000010B50446FEF740FB2046FEF755FB00F081
:10951000100010BDD4D4D4D4092901D9002070473B
:1095200010B50446FEF730FB2046FEF745FB00F47D
:10953000404010BDD4D4D4D4092988BF7047B0B5F9
:1095400004460D46FEF724FC20462946BDE8B040FF
:10955000FEF73EBCD4D4D4D4092988BF7047012279
:10956000FEF77ABCD4D4D4D4092988BF7047B0B5EB
:1095700004460D46FDF76CFC022220462946BDE854
:10958000B040FEF795BCD4D480B5FDF775FD00F072
:109590000700402101380022032838BF01EB801268
:1095A00090B280BDD4D4D4D42DE9F04148F64078AF
:1095B0004AF66823C2F20628C2F206238871A0F197
:1095C000010CB8F80020BCF10C0F02EBC20203EB57
:1095D000820E0A467346F0CAF0C392E8F100F1C366
:1095E00013D8DFE80CF00712072B2B0707352222D0
:1095F0000707070008784AF64C21C2F2062151F805
:1096000020300021002270469847B8F800004CF640
:10961000CD42013081B25143C90C01EB8101A0EB75
:109620004100A8F80000BDE8F08108784AF64C2215
:10963000C2F20622496952F82030E3E708784AF678
:109640004621C2F2062131F810100129D3D1DCE7FE
:1096500008784AF64622C2F2062232F81020012A81
:10966000D3D04AF64C234A8AC2F20623002A4FF08E
:10967000000253F820C070460CBF00214969E04742
:10968000C3E7D4D4D4D4D4D47047D4D4D4D4D4D489
:109690002DE9F04F89B08246807849F20C224FF4D0
:1096A0001877C2F2062210FB072300EB400149F2B3
:1096B000AC10C2F20620482200EB011040F29521C6
:1096C000C0F201213026CDE90076FCF741FA20B145
:1096D0000227384609B0BDE8F08F9AF8000001284B
:1096E00017D149F2CC60C2F2062042780178D0B29C
:1096F00051EA000245D09AF802204AF64623C2F207
:109700000623002A5FEA1F9233F81220084345D14E
:109710004EE049F224004FF6BE7149F2CE63C2F228
:109720000620C0F20021C2F2062301223827282693
:10973000CDE900670127FCF7CBFC0028C9D149F22D
:10974000A87200200A21C2F206224FF48063CDE9FC
:109750000023049049F2F860CDE9021140F2A32100
:1097600049F63152C2F20620C0F20121C0F20022B5
:109770000023B026CDE90576FCF716FE30B10327AD
:10978000A7E700200021084308D111E049F2CC608E
:10979000C2F2062001784078084309D09AF8020006
:1097A00049F2CC61C2F20621002701220A5490E757
:1097B00049F6A83049F6D85600220124C2F2062004
:1097C0004FF48C714FF0380B4FF02808C2F2062688
:1097D00002FB01054FF00509089200BF00BF00BF62
:1097E0004FF6496101222846C0F200213346CDE9F7
:1097F000008B0127FCF76CFC00287FF46AAFB9F1FD
:10980000010905F13805EBD149F600604FF40C7100
:10981000089AA146C2F2062002FB01050A2400BFF5
:109820004FF6B1714AF2602301222846C0F20021AE
:10983000C2F20623CDE9008B0127FCF749FC002882
:109840007FF447AF013C05F13805E9D15FEAC97003
:1098500049F6A8304FF001024FF00004C2F2062092
:109860004FF48C71B4D199E791B180B500230B60AE
:1098700040F2FC23002AC2F2002308BF40F6B832AF
:1098800053F82000FCF7B4FC002818BFFF2080BD6F
:10989000FF207047D4D4D4D410B582B04FF0FF0469
:1098A000019191B140F2FC210022C2F2002151F855
:1098B000200001A9FCF7BCFC019900294FF0FF0131
:1098C00018BF0021002851EA0484204602B010BDD0
:1098D00010B582B04FF0FF04019191B140F2FC212C
:1098E0000022C2F2002151F8200001A9FCF7A0FCDF
:1098F000019900294FF0FF0118BF0021002851EA0B
:109900000484204602B010BDA9B110B50C4602EB8C
:10991000420049F2AC110022C2F2062101EB001014
:109920002146FCF7F5F820B9206800281CBF00206C
:1099300010BDFF2010BDFF207047D4D4D4D4D4D4A0
:1099400039B180B50846FCF77BF9002818BFFF2025
:1099500080BDFF207047D4D4B0B582B090F82850B5
:109960000C46FCF76DF9A4F10A0010F1090F01D2C1
:1099700002B0B0BD49F600604FF40C71C2F206208F
:1099800015FB0100C4EBC401002200EBC10401A9D6
:109990002046FCF72DFC0028EAD101980028E7D0EA
:1099A00001AD00BF00BF00BFFCF74AF9002220460E
:1099B0002946FCF71DFC0028DAD101980028F3D1D4
:1099C000D6E7D4D4D4D4D4D4B0B582B090F828504B
:1099D0000C46FCF735F9A01F10F1050F01D202B0BB
:1099E000B0BD49F600604FF40C71C2F2062015FBC1
:1099F0000100C4EBC401002200EBC10401A9204610
:109A0000FCF7F6FB0028EAD101980028E7D001AD69
:109A1000FCF716F9002220462946FCF7E9FB00284E
:109A2000DDD101980028F3D1D9E7D4D4D4D4D4D44B
:109A3000A1F10A0212F1090F38BF7047B0B590B01A
:109A4000044649F600604FF40C72C2F2062004FB93
:109A50000200C1EBC101002200EBC1000FA9FCF71D
:109A6000C7FB18BB0F9808B34AF6462040F2FC2209
:109A7000C2F206201421C2F2002230F8140001289C
:109A800001A808BF042152F801C00246BCE81A40F0
:109A9000A2E81A40BCE83A40A2E83A409CE83A40C2
:109AA00082E83A400FA90022FCF7C2FB10B0BDE8E3
:109AB000B0407047D4D4D4D480B582B0A1F10A02AA
:109AC000019012F1090F11D390F8280049F60062B5
:109AD0004FF40C73C2F2062210FB0320C1EBC1014C
:109AE000002200EBC10001A9FCF7A2FB02B080BD7F
:109AF000B0B58AB0044600F043F806212046FDF7D1
:109B000073FA2A20FFF76CF82046FEF76DFA054637
:109B100006212046FDF780FA1620FFF761F8E805D8
:109B200007D44AF2A0300021C2F2062001800AB018
:109B3000B0BD18212046FDF757FA2A20FFF750F84C
:109B40002046FEF751FA054618212046FDF764FA33
:109B50004AF2A03115F4007FC2F206214FF0010055
:109B600050EA009094F82820088001A90B208DF875
:109B70000420FFF719FD0AB0B0BDD4D4D4D4D4D496
:109B800070B5044690F82800FDF7F2F9012120464F
:109B9000FDF72AFA0520FFF723F8002540F25726A3
:109BA0000AE000BF00BF00BF0B350120FFF718F827
:109BB000B54205F101050ED22046FDF745FA8007B2
:109BC000F3D10B20FFF70CF82046FDF73DFA800794
:109BD000EAD1012500E0002501212046FDF71CFA0D
:109BE000284670BDD4D4D4D4B0B514464AF25462D9
:109BF000C2F206220123138048F6D85248F60063C9
:109C0000C2F20622C2F2062310600022196000216F
:109C100020232046FDF7E0F800212046FDF778FDDF
:109C200000212046FDF7D8FE00200021224600F04A
:109C3000B7FD0546022802D0012D04D05DB90021F0
:109C40002046FDF725FE00212046FFF72DFC0021D0
:109C50002046FFF781FC2846B0BDD4D4D4D4D4D458
:109C600010B514464AF25462C2F206220123138050
:109C700048F6D85248F60063C2F20622C2F2062322
:109C8000106000221960002100232046FDF7A4F88F
:109C900000212046FDF73CFD00212046FDF770FD28
:109CA00000212046FFF700FC00212046BDE81040BF
:109CB000FFF752BCD4D4D4D4B0B505464AF25460B0
:109CC000C2F206204AF256620C46C2F20622002177
:109CD000018020461180FDF707FE00212046FDF798
:109CE0006FFD00212046FDF7AFFD94F828004FF4EA
:109CF000806200210128204608BF4FF40062FDF772
:109D0000E3FB25F00200052804D12046BDE8B04061
:109D1000FFF78AB9082D05D100212046BDE8B040E3
:109D2000FDF796B894F82800BDE8B040FFF744BBB3
:109D300082B04AF248684AF2F05A4AF24C694AF252
:109D4000586501ACC2F20628C2F2062A4FF0010B98
:109D5000C2F20629C2F2062505204FF47A72214686
:109D6000FFF782FD08B12FF009C8019EB08CA0F268
:109D700051100428F0D8DFE800F00A2B040321007A
:109D8000EAE7F08C08213246FFF7F2F9E4E7F08CBD
:109D900001381428E0D8B18DDFE800F00C472C30F2
:109DA0000B0B0B0B0B0B0B0B0B0B0B0B1E4B0B5665
:109DB0003900D1E7304600F087FBCDE796F8280060
:109DC000FFF76EFA019890F82800FFF7D9F8C3E77B
:109DD000304600F0ADF8BFE796F82800FDF7C8F868
:109DE00096F8280001F090FA402838D1304601F06A
:109DF000E3F9B1E7304600F09BFBADE730460F4694
:109E0000FEF75AFD30463946FEF75AFCA4E711F03A
:109E100007073ED001F00500012818BF052F42D1E9
:109E200096F82800FFF778F83DE0304600F088FB10
:109E300092E7DAF824301BB100210022304698471F
:109E40003046FFF7DDF887E7C1F302100BFA00F0A8
:109E500010F0F00F15D0304601F01AFA7CE73046CA
:109E600001F0BAF996F8280018F8000001287FF4EC
:109E700073AFF8F74DFD96F82800002108F80010A0
:109E80006AE710F00D0F7FF467AF304601F05CF920
:109E900062E74AF2A630C2F206200088012802D109
:109EA0003046FFF795F8B9F8000010F0600F1CD0AD
:109EB0004AF24E612880C2F206214AF25060C2F294
:109EC0000620DAF82C30098869804AF25261C2F221
:109ED00006210088A8800988E9800BB92FF0C5C049
:109EE000284639463246984736E7DFE807F0151925
:109EF0000D11091D040407203146FFF7DDFE2BE795
:109F0000304602F045F827E7304601F0EDFF23E741
:109F1000304601F0C1FD1FE7304601F049FB1BE769
:109F2000304601F09DFB17E7304601F0B9FD13E71D
:109F3000B0B5C48C0546FFF717F801280CD148F6D8
:109F40002860C2F2062050F8241061B1284621464C
:109F5000FFF7B2FD0020B0BD8CB128462146FFF7C7
:109F6000FBFC0020B0BD40F8245028462146FFF7F6
:109F7000C3FA50B1204600F093FB0020B0BD002191
:109F80002846FFF721FD0020B0BD204600F090FCE0
:109F90000020B0BDD4D4D4D480B54AF2A2304AF265
:109FA000A432C2F20620C2F20622002101804AF247
:109FB000A8301180C2F206204FF4FF7103F0E2FBDB
:109FC00080BDD4D4D4D4D4D480B54AF2A231C2F264
:109FD000062108804AF2A830C2F206204FF4FF7131
:109FE00003F0D0FB80BDD4D480B54FF0020E4AF20E
:109FF000A650C2F20620203087FF5F0800BF00BFD6
:10A0000000ED901EA0EC881E0FF007C080BDD4D4D8
:10A010004AF2F050C2F20620806800797047D4D42A
:10A0200080B54AF2F051C2F206218B681A78B3F873
:10A0300002E0964513D913444FF0000C06E000BF30
:10A0400019780A440B4492B272450AD2597804290D
:10A05000F6D19978884208BF93F803C0F0E74FF033
:10A06000000C1FFA8CF080BD2DE9F0474AF2F05247
:10A07000C2F2062293681F785A88BA4298BFBDE898
:10A08000F0874AF2A6583B444FF0000C4FF0200EE8
:10A09000C2F206284FF000094FF0000A3C4605E0E6
:10A0A0001D787C19A7B22B44974227D25D78052DE5
:10A0B0000AD0042DF4D19D78A84219D1DD78A942A7
:10A0C00016D193F804C015E01FFA8CF41FFA8AF534
:10A0D000A542E5D29C7809EB0A060AF1010AF6B21C
:10A0E00004F00F050EEA9404444424F81560D7E701
:10A0F0001D79A9441D782C44E4B2D3E7BDE8F0876C
:10A100004AF2A230C2F20620008840B14AF2F05072
:10A11000C2F206208068C079C0F34010704700206A
:10A120007047D4D4D4D4D4D44AF2F050C2F206202A
:10A130008068C079C0F380107047D4D4D4D4D4D40C
:10A14000B0B5092888BFB0BD0446154600F040FCF4
:10A15000032805D8DFE800F002120A0B03210EE005
:10A16000FF2801D1152103E0072101E0B0BD052141
:10A1700020462A46BDE8B040FEF7FABF042120463B
:10A180002A46BDE8B04000F09BBCD4D4D4D4D4D48B
:10A1900070B5092888BF70BD044610460E4621469A
:10A1A0001546FDF70DFB204631462A4600F0F8FA29
:10A1B000022808D3FF2810D0022810D128462146B3
:10A1C000FDF7DEFA03E028462146FDF761FB28464D
:10A1D0002146BDE87040FFF767B9152100E007216F
:10A1E00020462A46BDE87040FEF7C2BFD4D4D4D47E
:10A1F00070B582B0C58C65B1044690F82820002661
:10A2000006604FF4A970A08401A90120FFF77CFB30
:10A2100010B1FF2002B070BD01984822214603F022
:10A22000B5FAFAF79DFF019948F60232C2F206220A
:10A23000086205205655FFF72FFB044618B1019917
:10A240000120FFF77DFBC5EBC5004AF28821C2F271
:10A25000062101EB80004FF0FF31FCF781F820462A
:10A2600002B070BDD4D4D4D4F0B548684AF2F054EA
:10A27000C2F206244AF2E125D0E900C2C0F200256C
:10A28000002AD0F810E0D0E9023153EA0282C4E992
:10A2900000C104F108014AF299364AF2C93781E84F
:10A2A0000C4004F11401C0F20026C0F2002704F1B2
:10A2B000200CE0C14AF25941007DC0F200214AF26F
:10A2C00089424AF2C1434CF23107C0F20022C0F287
:10A2D0000023C0F2002784F830008CE88E00F0BD27
:10A2E0002DE9F04F81B00D462821804600F06CF832
:10A2F000C02D0DD14AF2F051C2F20621D1E9022659
:10A30000304612B107205070C86870B102210BE0CE
:10A310004AF2F050C2F206208668002E1CBF0221CD
:10A320007170C06808B1072141708EB198F828009B
:10A33000778800F06DFE3478A74227D94AF23E6A4A
:10A340004FF00009C2F2062A4FF0000B13E000BFE5
:10A35000FEE700BF00BF00BF5FFA8BF22846414610
:10A3600000F092FD002818BF0AF809002878204460
:10A3700084B2BC420AD2351968780528ECD004288A
:10A38000F4D195F8029095F805B0EFE701B0BDE87B
:10A39000F08FD4D4D4D4D4D480B58AB04AF24661F4
:10A3A0000122C2F206210A8090F828108DF80410CC
:10A3B000D0E90F10CDE9081001A90320FFF7F4F848
:10A3C0000AB080BDD4D4D4D42DE9F0418AB08046FF
:10A3D00090F828000D46FDF7ABFA282D27D110F094
:10A3E000800024D048F6F8204AF28821C2F20620E4
:10A3F000C2F20621461C01F11C050927002400BFFA
:10A40000284606F8014BFBF7C3FF2846FBF790FFF1
:10A41000013F05F11C05F3D198F828004AF2486184
:10A42000C2F20621085C012801D1F8F771FA4AF25C
:10A430004660C2F206200188012909D1002198F85E
:10A440002820018001A906208DF80420FFF7ACF830
:10A450000AB0BDE8F081D4D480B58AB090F8280065
:10A4600001A98DF804000420FFF79EF848F6441077
:10A47000C2F206200068D0F87C1109B10420884798
:10A480000AB080BDD4D4D4D480B58AB090F8281056
:10A490008DF80410D0E90F21CDE90821006A06905B
:10A4A00001A90520FFF780F848F64410C2F2062003
:10A4B0000068D0F87C1109B1052088470AB080BD3A
:10A4C0007047D4D4D4D4D4D410B5CA07044604D128
:10A4D0002046BDE8104000F077BB00200021224656
:10A4E00000F076FA022806DC0CD200212046BDE8F6
:10A4F0001040FDF765B903280CD0FF2818BF10BD28
:10A5000007200CE002280FD100212046BDE81040B2
:10A51000FFF722B800212046FDF7FAF80520214672
:10A52000BDE81040FFF7C8BB10BDD4D4D4D4D4D4F8
:10A53000CA0718BF704700F00BBCD4D4D4D4D4D40D
:10A5400010B5CA07044604D12046BDE8104000F00B
:10A550002FBC00200021224600F022F9022809D356
:10A560000ED0FF2818BF10BD07202146BDE81040BF
:10A57000FFF7A2BB00212046BDE81040FDF7B4B9AB
:10A5800000212046BDE81040FEF7E6BFD4D4D4D465
:10A59000B0B54AF26060C2F2062001884A1C02F09F
:10A5A000070202804FF07042EFF3038002EB00607D
:10A5B0004AF600728015C2F2062201EBC10115585D
:10A5C0004AF26462C2F20622A87802EBC104FEF7E6
:10A5D00053FEAA7840F25110A084A86A2064686AE9
:10A5E000E06304F1260004F12C0184F82820FEF732
:10A5F000A3FB05202146BDE8B040FFF769B9D4D4DC
:10A6000091F8281048F650626423C2F2062211FB2A
:10A610000322102101EAD00100F00F0001440C32A6
:10A62000012005E000BF00BF01300A320A280AD02D
:10A6300032F8023C012BF7D1138803F01F03994233
:10A64000F2D180B27047FF2080B27047D4D4D4D406
:10A65000092903D8C26B22B1052909D90022104665
:10A66000704705294FF00002F9D8036C002BF6D093
:10A6700010B50446FDF788FA2046FDF79DFA10F064
:10A68000100F4FF0010050EA009010BDD4D4D4D484
:10A6900080B5FCF755FCC0F3C01080BDD4D4D4D431
:10A6A000092888BF70472DE9F04381B0044648F679
:10A6B0002860C2F20620214650F8245028466E69D0
:10A6C000FCF7C6FB48F6006048F6D858C2F20620F0
:10A6D000C2F20628A96840F824102846214648F806
:10A6E0002460FDF779F928462146FDF72DF9E86B3E
:10A6F00010B1052C05D944E0052C42D8286C00285F
:10A700003FD028462146FDF73FFA2846FDF754FA88
:10A7100010F0100F95F828004FF0010151EA01994F
:10A720000028284649465FEA0F96FDF7A5FD48F642
:10A730006C310746C2F2062101EBC60121F8104038
:10A7400028462146FCF724FA48F63431C2F20621A5
:10A7500001EBC60258F82410814222F8170002D3F8
:10A76000B1FBF0F1414348F614304A46C2F20620EC
:10A7700000EB061040F8271028462146FDF760FC44
:10A7800004E0002120462A46FFF702FD2846214624
:10A7900001B0BDE8F043FEF7DFBED4D4D4D4D4D4A6
:10A7A000092801D9FF2070472DE9F04F81B00446F8
:10A7B00015460E46084304D000232846214632465B
:10A7C00003E00022202328462146FCF759FBFF28FE
:10A7D00003D1FF2001B0BDE8F08F28462146FCF7E9
:10A7E000D7F9814628462146FEF772FE48F6D85B27
:10A7F000C2F2062B5BF82410494503D902200090D1
:10A800004F4615E04FF001024FF0000771B11FFAFB
:10A8100081FC002C08BF0227BCFBF0F303FB10C037
:10A82000002857EA02820F46009201E001200090C2
:10A8300028462146FEF740FE804628462146FCF782
:10A8400007FB48F6006ABFB2C2F2062A3846314614
:10A850002B465AF82420FEF7EBFB5BF824104AF84D
:10A86000240049450ED200204BF8240028463146EA
:10A87000FCF7D6FE00B2002807D428463146FCF784
:10A880000BFF02E0C81B4BF8240028462146FDF7C9
:10A89000A3F808F00300012803D128462146FEF75B
:10A8A0005BFE009801B0BDE8F08FD4D4D4D4D4D4EA
:10A8B0002DE9F04381B0092802D901B0BDE8F08349
:10A8C000044648F62860C2F20620214650F824507B
:10A8D00028466E69FCF7BCFA48F6D85848F600617D
:10A8E000C2F20628E86BC2F20621002848F824606C
:10A8F000A86841F8240002D0052C04D940E0052CBA
:10A900003ED8286CE0B328462146FDF73DF928469D
:10A91000FDF752F995F8281000295FEA0F9610F01C
:10A92000100F4FF0010050EA009928464946FDF704
:10A93000A3FC48F66C310746C2F2062101EBC601C2
:10A9400021F8104028462146FCF722F948F6343118
:10A9500048F61432C2F20621C2F2062201EBC60109
:10A9600002EB061221F8170058F8240042F82700DD
:10A97000284621464A4601B0BDE8F043FDF78CBCAD
:10A980000022002328462146FCF726FA28462146C5
:10A99000FEF79EFD5EB1B6FBF0F101FB10600028F2
:10A9A00051EA0190214682B22846FCF7B5FA2846C2
:10A9B0002146FEF7D1FD28462146FCF7E1FE284658
:10A9C000214601B0BDE8F043FEF76EBDD4D4D4D427
:10A9D000092801D9FF2070472DE9F04F81B00446C6
:10A9E0000E4615460023104621463246FCF748FA2B
:10A9F000FF2803D1FF2001B0BDE8F08F07462846AD
:10AA000021466FF31F37FEF763FD48F6D858C2F2B0
:10AA1000062858F82410B9420AD228462146FCF7E5
:10AA200017FA58F824904FF0030AD7B34F4625E0A1
:10AA30000CD124B9B7FBF0F101FB107060B32846CC
:10AA40002146FCF705FA4FF0000A27E017B14FF056
:10AA5000020A07E0814628462146FCF7F9F94846F4
:10AA60004FF0010AB7FBF0F101FB1070B0B12846BE
:10AA70002146FCF7EDF94FF0010AB94648F6006BA4
:10AA8000B8B2C2F2062B31462B465BF82420FEF703
:10AA900027FB4BF8240008E04FF0020AB946002FCC
:10AAA000C4D128463146FCF733FE1FFA89F058F826
:10AAB0002410081A48F82400504601B0BDE8F08F71
:10AAC0002DE9F041092888BFBDE8F08104460E4613
:10AAD00092F82880104621461546FCF7B9F9E86B34
:10AAE00018B1052C07D9002712E0052C4FF00007FC
:10AAF0000ED8286C60B128462146FDF745F8284657
:10AB0000FDF75AF810F0100F4FF0010050EA0097CF
:10AB100028462146FCF754FE28462146FCF794FEC1
:10AB200028462146FCF7E0FE28462146FCF784F93A
:10AB3000022F0CD0012F17D101212846FCF700FC71
:10AB40000121B8F1000F0AD04FF4006209E00221A0
:10AB50002846FCF7F5FB0221B8F1000FF4D14FF4C1
:10AB600080622846FCF7B0FC48F62867C2F2062748
:10AB700057F8240020B348F6D8518685C2F2062142
:10AB800051F82410416128462146FDF7B5F857F8E1
:10AB90002430002100224FF00008D8855E68184656
:10ABA000DC84B04757F824100120FEF7C9FE95F861
:10ABB000280047F824802146BDE8F041FEF738BF61
:10ABC000BDE8F081D4D4D4D42DE9F04F81B08346D0
:10ABD00048F6D850C2F2062048F628648846051D7B
:10ABE000C2F20624012624E0101A009A00FB02F7A4
:10ABF00041F824702868494687424FF0040050EA23
:10AC00009094584608BF0324FDF75EFC3046214669
:10AC10005A46FFF755FF58464946FCF779FD48F676
:10AC20002864C2F2062400BF013604350A2E00F063
:10AC30008B8028FA06F0C007F6D058463146FCF75C
:10AC4000CBFE54F826000028EED0DBF83C0010B113
:10AC5000052E06D967E0052E65D8DBF840000028F0
:10AC600061D058463146FCF78FFF5846FCF7A4FFE9
:10AC700010F0100F4FF0010050EA00995846494675
:10AC8000FDF7FAFA9BF8281048F63437C2F2062787
:10AC9000044607EBC10131F81000494600905846C0
:10ACA000FCF7D6FB58464946FDF706FE00235846FA
:10ACB00031464A46FCF7E4F89BF8281048F66C3217
:10ACC000C2F2062248F6D853C2F2062302EBC102B2
:10ACD00007EBC101074632F81420584631F814102A
:10ACE00053F82220013AB2FBF1F101F1010AFDF71C
:10ACF00013FE9BF8281048F61432C2F206226FF3B6
:10AD00001F3702EB01111FFA8AF2824241F82470C8
:10AD10007FF670AF002F3FF467AFC0431044009A36
:10AD200000FB027764E758463146FEF7E5FB002159
:10AD3000102804D130465A46FFF72AFA74E7304605
:10AD40005A46FFF7FDF96FE701B0BDE8F08FD4D4A4
:10AD5000F0B581B048F628670C4605460126C2F2D8
:10AD6000062704E000BF00BF01360A2E1CD024FADB
:10AD700006F0C007F8D057F826000028F4D028467F
:10AD80003146FEF7C9FBB0F5404FEDD12846FCF740
:10AD900047FE00B20521B0F1FF3F30462A46C8BF4A
:10ADA0000721FEF7E5F9DFE701B0F0BDD4D4D4D434
:10ADB0002DE9F04381B0054648F61870C2F206202E
:10ADC00048F628680C46871C4FF00109C2F2062895
:10ADD000012609E0062130462A46FEF7C9F900BFE0
:10ADE00001360237062E2CD024FA06F0C007F7D021
:10ADF00058F826000028F3D095F8280000EB8000D2
:10AE000037F820000128EBD028463146FEF754FBE6
:10AE10008007DFD428463146FCF76EFF40040BD490
:10AE200095F8280001212A4600EB800027F82090A1
:10AE30003046FFF745FED3E728463146FCF728FDAC
:10AE4000CEE7062607E0012130462A46FFF738FE06
:10AE500001360A2E13D024FA06F0C007F8D058F8AD
:10AE600026000028F4D028463146FEF725FB80074F
:10AE7000E9D5062130462A46FEF77AF9E8E701B01F
:10AE8000BDE8F083D4D4D4D42DE9F04F81B0437819
:10AE9000052B66D1C37803F00303012B61D190F930
:10AEA0000230B3F1FF3F2EDD012A5AD191F828205C
:10AEB00048F650676426C2F2062712FB06774AF668
:10AEC000A6064CF2102C01240025C2F2062605E04D
:10AED000EB074FF002044FF0010547D104EB840368
:10AEE00037F81330002BF3D1B35C002BF0D1B454FE
:10AEF00048F6C25791F82820C2F206270CF1700CD0
:10AF0000B35C3B7335E0012A2BD191F8282048F639
:10AF100050676426C2F2062712FB06774AF6A4069B
:10AF20004CF2102C01240025C2F2062606E000BFD8
:10AF3000EB074FF002044FF0010519D104EB840335
:10AF400037F81330002BF3D1B35C002BF0D1B4549D
:10AF500048F6C25791F82820C2F20627B35C7B73EB
:10AF600007E00025E8B201B0BDE8F08F0CF1700CED
:10AF7000032448F650684FF0640BC2F2062812FB17
:10AF80000B8204EB8407002532F81720012AE9D050
:10AF90008278B0F804A04AF288201C2302F00F0245
:10AFA000C2F206200E464CEA02094FF67D7CC4EB45
:10AFB000C402C0F2002C614600EB82000022FBF7C5
:10AFC00057F996F82810012311FB0B82012902EB97
:10AFD000470022F81730A0F80290A0F806A00581DB
:10AFE00014D14AF6A6014AF6A402C2F20621C2F220
:10AFF0000622497852788C424FF0000108BF47F68C
:10B000004841944208BF47F6084181802546A9E798
:10B0100080B548F650616422C2F2062110FB02118D
:10B020004FF0090E0022F6460A3106E000BF00BFCD
:10B030000A31BEF1010E00D109E00B88012BF7D1D6
:10B0400001280A6008BF8A80C1F80620F0E74AF6A6
:10B05000A4014AF6A603C2F20621C2F20623002288
:10B060000A541A5480BDD4D42DE9F04148F65061F9
:10B070000446C2F20621012501F10A064FF06408D8
:10B080000AE000BF00BF00BF20462946FBF7A8FD2D
:10B0900001350A360A2D32D094F8280000FB08F05A
:10B0A000305A0128F4D100212046FCF7CDF8AFB288
:10B0B00000F00F00B84205D10021002200232046F5
:10B0C000FBF78AFE01212046FCF7BEF800F00F00D6
:10B0D000B84205D10021012200232046FBF77CFE67
:10B0E00002212046FCF7B0F800F00F00B842CBD1A7
:10B0F0000021022200232046FBF76EFEC4E7BDE8D4
:10B10000F081D4D4D4D4D4D4F0B581B048F6506111
:10B110000446C2F20621012501F10A06642703E074
:10B1200001350A360A2D0AD094F828007843305A9F
:10B130000128F5D120462946FBF7D6FDF0E701B0FE
:10B14000F0BDD4D4D4D4D4D4B0B5044600F000F9C2
:10B15000FEF722FF2046FEF717FA0146402807D0E7
:10B16000C02903D080290BD1012002E0022000E099
:10B17000002048F64412C2F206221268C2F85801B2
:10B180004AF2F055C2F206256B6943B14AF2A0308B
:10B19000C2F20620028820469847FBF72DFA0021CC
:10B1A0002046FCF79DFC2868C1792046BDE8B040E8
:10B1B000FCF7C6BCD4D4D4D410B504460A20FDF79D
:10B1C0000FFD2046FEF794FC94F82800BDE81040DF
:10B1D000FEF782B8D4D4D4D42DE9F0478046FBF7EB
:10B1E000D3FE98F82800FEF787F84AF2A230002133
:10B1F000C2F206204FF001094FF0640A01260180D7
:10B200004AF2A430C2F2062001804AF28820C2F23B
:10B21000062000F11C0548F6F820C2F20620471C63
:10B2200048F65060C2F2062000F10A0408E000BFB0
:10B2300001360A340A2E05F11C0507F1010718D062
:10B2400098F8280000FB0AF0205A0128F0D10821C4
:10B2500030464246FDF78CFF40463146FBF744FD41
:10B26000284687F80090FBF793F82846FBF760F82C
:10B27000DEE74AF2F050C2F20620C369002B08BF95
:10B28000BDE8F0871E2100224046BDE8F047184780
:10B29000B0B5044690F82800FEF74EF894F8280060
:10B2A000FCF746FB05462046FBF7CEFE94F8281037
:10B2B0006A061AD500F00300012816D10846FEF7E9
:10B2C00003F800F049F84AF2F050C2F20620036A8F
:10B2D000002B08BFB0BD4AF2A4300022C2F2062003
:10B2E00001882046BDE8B04018470846FEF744F8FC
:10B2F00094F82800BDE8B040FEF72EB8D4D4D4D4DA
:10B30000FDF792BED4D4D4D470B5044600BF00BFBC
:10B310002046FCF70DFB05460A20FDF75DFC2046A4
:10B32000FCF706FB06460A20FDF756FC2046FCF714
:10B33000FFFA06F0800205F080019142E8D100F0AA
:10B3400080008242E4D14020002908BF432070BD24
:10B350007047D4D4D4D4D4D47047D4D4D4D4D4D48F
:10B36000B0B548F644114578C2F20621F422012D09
:10B37000D1F800C04FF0F00108BFEC225CF802E009
:10B3800008BFE821BEF1000F24D05CF8013003EBC8
:10B390000E0106E000BF00BF93601A7813448B4291
:10B3A00018D25A78072AF8D8DFE802F00509050410
:10B3B00004040C0FF1E7012D4268EDD108E042686A
:10B3C0001360EAE74268D360E7E7012D4268E3D003
:10B3D0005360E2E7022D13D1DCF8E81081B1DCF80C
:10B3E000EC206AB10A4400BF4B78072B18BF002B32
:10B3F00004D00B7819449142F6D301E042685160C1
:10B400004AF6A80EDCF80011C2F2062E002918BF79
:10B41000CEF80010DCF8F8209AB1BCF8FC1081B12D
:10B4200002EB010C002300BF91784EF82120D17867
:10B4300011440A1D1946624503F10103F4D3023198
:10B4400000E001214068C0F810E00175B0BDD4D41F
:10B450002DE9F04F8DB080464AF2A6508946C2F2DF
:10B460000620402102F08EF94AF2A8304FF4FF7115
:10B47000C2F2062002F086F94AF24A600021C2F2C6
:10B4800006204AF23862C2F2062201804AF24C607B
:10B49000C2F20620116001804AF24E60C2F206201C
:10B4A00001804AF25060C2F2062001804AF25260E6
:10B4B000C2F2062001804AF25460C2F206200180E6
:10B4C0004AF25660C2F2062001804AF24660C2F299
:10B4D000062001804AF25860C2F2062041600160F5
:10B4E0004AF2F0503421C2F2062002F04BF948F63D
:10B4F00000602821C2F2062002F044F948F6D85034
:10B500002821C2F2062002F03DF94FF00A0E4AF659
:10B510006820C2F2062006300E2100BF00BF00BF27
:10B5200000F8241B0FF005C04AF224604FF0000B16
:10B53000C2F206202821C0F810B0C0F80CB0C0F844
:10B5400008B0C0F804B0C0F800B048F62860C2F2F5
:10B55000062002F017F94AF2A4314AF2A230C2F2F0
:10B560000621C2F206200DF1040AA1F800B04946F6
:10B57000A0F800B05046FCC9FCC091E8FC00FCC03B
:10B580004AF62810C2F2062002905046FFF7E8FE65
:10B5900040465146FEF768FE99F802004AF24861BB
:10B5A000C2F2062101F800B00DB0BDE8F08FD4D48E
:10B5B000F0B581B04AF24C616FF0FF02C2F2062191
:10B5C0000023497802EB01214AF256624FEA7121C9
:10B5D000C2F20622052913802AD004293ED14AF25C
:10B5E0004E664AF2A235C2F20626C2F2062504468B
:10B5F00031882F880846FEF7E7FC3088B8422DD006
:10B600004AF2F050C2F2062083693BB32988002237
:10B610002046984794F828104AF24862C2F206225F
:10B6200028880123535401B0BDE8F040F7F760B813
:10B630004AF2F051C2F206218B6A7BB14AF25061A4
:10B640004AF2A832C2F20621C2F20622098832F872
:10B650001110002201B0BDE8F040184701B0F0BD64
:10B660002DE9F04381B04AF24C61C2F2062109880B
:10B6700021F0FF024FEA7222062A00F2B881DFE8C9
:10B6800012F00700B601B601400077009B00B6013A
:10B690004AF24E62C2F206221288002A40F0A781C6
:10B6A0004AF25262C2F206221288022A40F09F81B8
:10B6B0004AF6401501F01F01C2F2062502294FF09B
:10B6C00000022A8000F0DE80012900F0CB800029F2
:10B6D00040F08D814AF25061C2F2062109880029AA
:10B6E00040F085810446FEF71FFD4AF2A431287020
:10B6F000C2F206210988012940F0E58040F00200ED
:10B70000E0E001F01F02012A00F08180002A40F0F1
:10B710006E814AF24E614FF0FF32C2F20621098873
:10B7200002EB1122072A00F26281CDB2DFE812F0AB
:10B730000800D60010015F015F015101EC005F01BC
:10B740004AF25061C2F206210988294340F04F8134
:10B7500002464AF2F050C2F206204AF25263C2F2A6
:10B76000062301681B880878834238BF1846B0E07A
:10B77000C90640F03C814AF24E61C2F206210988B6
:10B78000002901BF4AF25061C2F20621098800294E
:10B7900040F02D814AF25261C2F206210988012946
:10B7A00040F025814AF2A231C2F206210B784AF616
:10B7B0004221C2F2062126E001F01F01012940F0DA
:10B7C00016814AF24E61C2F206210988002940F032
:10B7D0000E814AF25261C2F206210988012940F025
:10B7E00006814AF25061C2F206210988FE2900F260
:10B7F000FE804AF2A832C2F2062212F811304AF64E
:10B800004421C2F20621024601200B7061E04AF297
:10B8100058624AF24E63C2F20622C2F206234AF28C
:10B820005267118019884AF2F05351804AF25061F0
:10B83000C2F20623C2F20621C2F20627DB6A098899
:10B840003F889180D78053B14AF258670021C2F2F5
:10B8500006270246384601B0BDE8F043184701B05C
:10B86000BDE8F0830446FDF77FFB012840F0BE8071
:10B870004AF25060C2F206200588FEF7C9FB8542F5
:10B8800021D3B3E04AF250660446C2F2062631885C
:10B89000090710D0FDF768FB012840F0A780308829
:10B8A0002146FEF7ADFEFF2800F0A08001462046AD
:10B8B000FDF702FE03E090F82800FCF759F9800735
:10B8C00001D5012028704AF640110220C2F206215B
:10B8D000224601B0BDE8F043FEF786B94AF2506156
:10B8E000C2F206210988294340F081800446FDF711
:10B8F0004BFE4AF2F051C028C2F2062101F10802C3
:10B9000008BF01F10C0219E00446FEF7C1FE012850
:10B9100001BF4AF25060C2F20620008850EA0500DA
:10B9200064D12046FDF730FE4AF2F051C028C2F241
:10B93000062101F10C0208BF01F108024AF252602F
:10B940001168C2F206204A8800888242C0D861E0AD
:10B950004AF2F051C2F2062191F83020954246D2C7
:10B960004AF642190969C2F206290322002D89F814
:10B97000012051F825304FD04AF2526193F80380EC
:10B98000C2F206214FF0020C09880CEB4807FAB20C
:10B990008E1E914206EBD67138BF4FEA61081FFA3E
:10B9A00088F289F800707AB1102A4FF000043DD275
:10B9B00000210D4601355F1809EB4106E9B23F79D8
:10B9C0008A42B770F470F5D802460CEB480080B29A
:10B9D0005DE00446FEF75CFE012801BF4AF25060BC
:10B9E000C2F20620008850EA050005D0204601B0CA
:10B9F000BDE8F043FDF718BB4AF2F0504AF252623C
:10BA0000C2F20620C2F206224168128808788242F9
:10BA1000BFF45EAF10465BE702464AF25260C2F2E4
:10BA200006200088022829D1022028E0571EF94369
:10BA300009064FF00001BCD0FF2FBAD809F1020669
:10BA40001F1DB918B14203D906EB42018F42AFD393
:10BA50004FF6F071012501EA080180EF5020A1F1B5
:10BA6000100E05EB1E1EB7EC101E86FC001EA6FC79
:10BA7000201E0FF009C08A429BD1A5E7042089F857
:10BA80000000197889F80210597889F803104AF6ED
:10BA90004211C2F206211CE7FDF7C6BAD4D4D4D4B1
:10BAA0002DE9F04389B04AF24C660446C2F20626FC
:10BAB000318821F0FF02A2F580724FEA7222052A36
:10BAC00000F2F580DFE802F0035335F385CF4AF248
:10BAD0005260C2F206200088002840F0E88001F0A1
:10BAE0001F00022800F01F81012800F0E0800028DC
:10BAF00040F0DD804AF24E654AF25067C2F20625F8
:10BB0000C2F206272888012840F03A8138880028A8
:10BB100040F03681FEF7F4FA012840F031814AF214
:10BB2000A4300021C2F2062001802046FDF714FD5A
:10BB300029E1C80640F0BB804AF252604AF25061E7
:10BB4000C2F20620C2F206210088098880B20843AA
:10BB500040F0AD804AF24E60C2F2062000887F2895
:10BB600000F2A58000212046FDF7F6FCA2E04AF293
:10BB70005260C2F206200088002840F0988001F050
:10BB80001F00022800F0E480012800F06B810028EB
:10BB900040F068814AF24E60C2F206200088022816
:10BBA00000F04181012840F06E814AF25060C2F2FB
:10BBB00006200088002840F05581FEF7A1FA0128F0
:10BBC00040F050814AF2A4300121C2F206200180E7
:10BBD00043E1C8066BD14AF2F0504AF24E65C2F218
:10BBE0000620C2F2062580682988407900295FEA8C
:10BBF0000F9281425FEA0F90024258D14AF25060A0
:10BC0000C2F206200088002851D14AF25260C2F2E6
:10BC10000620008800284AD100212046FDF79CFC20
:10BC20002888002846D04AF2A231C2F206210988AB
:10BC300088423FD0FEF7D8F9FEF7EAF960B1054631
:10BC4000002700BF00BF00BFB8B20021FEF70CFA0A
:10BC50000137B8B2A842F7D32046FFF755FA20467D
:10BC6000FFF702FA26E02046FDF77EF901281ED1F3
:10BC7000308800F01F00012819D14AF25065C2F245
:10BC800006252F88FEF7C4F9874210D84AF2526081
:10BC9000C2F20620008850B94AF24E692888C2F2E2
:10BCA0000629B9F80070FEF7BBF9874271D9204622
:10BCB000FDF7BAF94AF25665C2F20625288801282E
:10BCC0002AD14AF24E613088C2F20621ADF80C004A
:10BCD0000026029608884AF25261ADF80E004AF238
:10BCE0005060C2F20620C2F20621ADF8046000885E
:10BCF000ADF810000888ADF8120094208DF803000C
:10BD000094F828008DF80000F9F72AFA05906946A2
:10BD10000820FDF749FC2E8000202146FDF7CCFFCE
:10BD200009B0BDE8F0834AF24E674AF25068C2F2A9
:10BD30000627C2F206283888002857D02046FDF78B
:10BD400073F930883988B8F80020F6F799FCB1E724
:10BD50004AF24E60C2F206200088002840F082803D
:10BD60004AF25060C2F206200088010775D02146D1
:10BD7000FEF746FCFF2875D02146FDF74DF96CE033
:10BD80002046FDF751F9308829883A88F6F778FC83
:10BD900090E728884AF2A837C2F2062799F80010DF
:10BDA00037F8108027F8101000212046FDF7D4FB4B
:10BDB000FEF71AF9288837F81010FEF755F9B9F888
:10BDC0000010080608BFB8F1010F0BD128884AF20D
:10BDD0003E61C2F206212246085C0821FDF7C8F93F
:10BDE000B9F800102888F6F7DFFA63E7B8F8000022
:10BDF00001074CD02146FEF703FCFF289ED00546E4
:10BE000020462946FDF758FB012849D120462946FE
:10BE1000FBF71EF820462946FBF7FAFF2046294685
:10BE2000FDF79AFB44E02046FDF7AEFBC02819D190
:10BE30004AF25060C2F20620008800F5804109B243
:10BE400000290FD44AF2A6314AF24A63C2F206210F
:10BE5000C2F2062301220A80188000212046FDF745
:10BE60007BFB02E02046FDF7DFF84AF24E614AF222
:10BE70005062C2F20621C2F2062230880988128876
:10BE8000F6F7B2FF16E72046FFF73AFAEDE7002192
:10BE90002046FDF769FB00212046FDF75DFB50E7DA
:10BEA00020462946FDF760FB20462946FBF7B0FFF8
:10BEB000002120464FF00009FDF74EFB4AF22460B6
:10BEC000C2F2062030F8151001297FF43AAF4AF289
:10BED000386120F81590C2F20621002220460B6836
:10BEE000002198472DE7D4D470B58AB04AF24C654A
:10BEF0000446C2F20625697809024FEA7121062933
:10BF000041D8DFE801F004404004040404000021AB
:10BF10002046FDF721FB4AF25666C2F2062630881B
:10BF200001282AD14AF24E612888C2F20621ADF8D2
:10BF300010000025039508884AF25261ADF81200FE
:10BF40004AF25060C2F20620C2F20621ADF8085053
:10BF50000088ADF814000888ADF8160094208DF81C
:10BF6000070094F828008DF80400F9F7F9F8069016
:10BF700001A90820FDF718FB358000202146FDF7B8
:10BF80009BFE0AB070BD2046FDF74EF8C3E7D4D43F
:10BF900070B58AB04AF24C664FF4E062C2F20626EF
:10BFA00004467178B2EB012F04D100212046FDF741
:10BFB000D3FA02E02046FDF737F84AF25665C2F29E
:10BFC0000625288801282AD14AF24E613088C2F21B
:10BFD0000621ADF810000026039608884AF2526147
:10BFE000ADF812004AF25060C2F20620C2F20621F9
:10BFF000ADF808600088ADF814000888ADF81600A8
:10C0000094208DF8070094F828008DF80400F9F7C3
:10C01000A7F8069001A90820FDF7C6FA2E80002097
:10C020002146FDF749FE0AB070BDD4D4D4D4D4D48F
:10C0300070B592B0038803F06005402D18BF202D25
:10C0400068D1062912D8DFE801F004243414465AD6
:10C0500011004AF254604AF25662C2F20620C2F25D
:10C06000062200210180118012B070BD0720114608
:10C070002CE019064ED44AF2546192F82820C2F2FC
:10C0800006218DF828200988012948D100BF00BF6A
:10C09000FEE719063ED44AF2546192F82820C2F213
:10C0A00006218DF828200988012938D100BF00BF5A
:10C0B000FEE70021104600251446FDF74DFA4AF22E
:10C0C00056610020C2F206210D80214612B0BDE863
:10C0D0007040FDF7F1BD00210446104600261546CC
:10C0E000FDF73AFA4AF256602946C2F20620068067
:10C0F0000020FDF7E1FD2046FAF7BAFA09E0002139
:10C10000044610461546FDF727FA00202946FDF79C
:10C11000D3FD204612B0BDE8704000F015B848F6D7
:10C1200044114AF25662C2F20621C2F20622C088C7
:10C130000123096813806A46496EFDF791FD12B02C
:10C1400070BDD4D4D4D4D4D42DE9F0418CB00446FD
:10C15000008800F06001402918BF202940D148F62E
:10C16000441748F6D8580026C2F20627C2F206281D
:10C1700001AD0421019100BF00F01F014A1E012AF8
:10C180002AD8012902D121798E4225D1396801EBC3
:10C190008602D2F81821FAB1000A81F8AD00608851
:10C1A0000992A1F8AE00E088A1F8B200237881F8E6
:10C1B000AC30237981F8B030D8F80030C01A6379F8
:10C1C00081F8B1300867516C2846884740B10E2E7F
:10C1D00006D820880136CFE70E2E01D80136CBE7EE
:10C1E0000CB0BDE8F081D4D4F0B593B00D46044650
:10C1F0004AF64C22C978A878C2F2062249F289632D
:10C2000001F07F01E170296AC0F20023A16142F8C8
:10C2100020304AF66426D5E9091222624AF65422F1
:10C22000C2F20626C2F206222070335CE16142F8B7
:10C2300020104AF65C21C2F20621012BAA6A41F8BD
:10C24000202003D140F2DD5013B0F0BDE16911B1FF
:10C2500007C912689047216A11B107C9126890474F
:10C260002878012807D020784AF64621C2F2062114
:10C27000022221F810202846FDF70AFA18B140F2F0
:10C28000DC5013B0F0BD70783178C0B2084307D1EC
:10C290004AF668204FF4B471C2F2062001F072FA37
:10C2A00020780121002731544AF6D036C2F2062602
:10C2B0004FF4347146F820704AF6D830C2F20620A6
:10C2C00001F060FA29783846012903D02078FCF77C
:10C2D0002FFB08B113B0F0BD20462946FFF7B8F890
:10C2E00020782946FCF758FB6878022805D1207889
:10C2F0008DF82C0001A8FAF75FFE2078FDF76CF8A6
:10C300002078012840F20000C4F2250004BF41F269
:10C310000000C4F23500FAF75FF92078FEF7F4FF69
:10C32000402808D12078FAF723FE0A20FCF758FCB1
:10C330002078FCF7D1FF2878012806D0207856F81D
:10C34000201041F0400146F82010002013B0F0BD4D
:10C3500080B545F25422C5F24F020260084600F053
:10C3600003F8002080BDD4D470B5044600F064F812
:10C370004AF6FC6CEFF31081C2F2062C012080F328
:10C380001088DCF8000038B940F614500022C4F2DE
:10C390004000027040220270DCF800000130CCF84E
:10C3A000000081F31088208830B340F6000E002191
:10C3B000C4F2400E08E000BF0EEB8010013140F8DF
:10C3C00022302088814217D2606800EBC10250F809
:10C3D00031309288D8034FEA1220D2B2ECD50EEB5E
:10C3E000801555F8226026F4803645F8226023F443
:10C3F000803645F82260DFE70120EFF3108180F3FB
:10C400001088DCF8000020B1DCF800000138CCF81E
:10C410000000DCF8000010B181F3108870BD40F618
:10C4200014500022C4F2400002708022027081F396
:10C43000108870BDD4D4D4D42DE9F04F81B0044617
:10C440000088002862D04EF64C4B0025C4F2010B48
:10C450004FF0010A04E000BF20880135854255D223
:10C4600042F2400640F61E280027C4F22006C0F221
:10C4700001280AE000BF00BF3070C820012100F091
:10C480000BFF01370236032FE6D0606838F8021B35
:10C4900000EBC50082888A42F3D100689BF8001047
:10C4A00000F0B8500AFA07F9B0F1807F09EA0100FC
:10C4B00016D158B9012000F0A3FF9BF8000040EA14
:10C4C00009008BF80000012000F06EFF96F90000D3
:10C4D0000028D6D4307840F08000CDE700BF00BF00
:10C4E00058B1012000F08CFF9BF8000020EA090001
:10C4F0008BF80000012000F057FF96F90000B0F122
:10C50000FF3FBEDC307800F07F00B5E701B0BDE84A
:10C51000F08FD4D4D4D4D4D42DE9F04381B00D46D7
:10C52000496804464AF200060A78C4F200064560EB
:10C530004FF00008C4F810804FF0010906EB82109C
:10C54000A060C868E0604869606143F20000EFF3F2
:10C550001087C4F2200089F31088016821F480015B
:10C56000016000689620012100F096FE87F3108894
:10C5700086F8009886F810882046296800F0CCF8E4
:10C5800044F243110020C4F24D41216001B0BDE8E6
:10C59000F083D4D4D4D4D4D410B5044600F0BCF87D
:10C5A000BFF34F8FA168002001220A7710BDD4D4B9
:10C5B00080B582B00191009241684CF2802CC4F2A7
:10C5C000000C4FF0000E49680A784CF822E08268AF
:10C5D00082F81CE00A7849894CF82210816881F8B9
:10C5E0001DE0019911B1019982681160009911B1A2
:10C5F00000998268516081680A8AB2F5804F4FF0D5
:10C600000C0238BF08228B500122BFF34F8F816884
:10C6100000200A7702B080BDBFF34F8F81680020F1
:10C6200001220A777047D4D441684CF2802CC4F2BE
:10C63000000C002349680A784CF82230826813778E
:10C640000A7849894CF82210816800204B7770479E
:10C65000BFF34F8F82680901002001315177704785
:10C660008168002000224A777047D4D4D4D4D4D42F
:10C6700080684FF480628A604FF480320A60028AD8
:10C68000C3684B6000238068B3EB923F80B2C86000
:10C6900002D14FF6FF70886000207047D4D4D4D404
:10C6A000014640684CF2802C00224068C4F2000C25
:10C6B00003784CF823208B681A77C368EBB1B0B5C8
:10C6C00090F901304EF28015CEF200054FF0010EC8
:10C6D00003F01F0C5B090EFA0CF445F823404AF6F0
:10C6E0000073BFF34F8FBFF36F8F90F90100C2F259
:10C6F000062343F82020BDE8B04000200A607047C0
:10C7000006207047D4D4D4D403460020D9605A619F
:10C710007047D4D4D4D4D4D42DE9F04F42684CF22D
:10C720008025C4F20005002752684CF2C008137837
:10C7300045F8237083681F771378568945F823607E
:10C740004FF4404683684FF0FF355F774FF44073F6
:10C750000F68B1F80EB003EA175306EA174605EB67
:10C76000977503EB060C022D0ED84BEA0B46B1F879
:10C770000CE0022D26F0FC2B0AD04FF4805505EA80
:10C7800017254CEA050C03E04CF4005C4FF0000E5A
:10C79000C568538908EA173ADDB14FF01C08BC029E
:10C7A00058BF4FF01008BD0F92F901709678D94626
:10C7B0004EF2001B022D88BF4FF01008002FCEF262
:10C7C000000B4FEA061607D40BEB070585F800634C
:10C7D0000CE04FF000082DE074464EF6145E07F0B2
:10C7E0000F05CEF2000E05F80E60A6464AF600765A
:10C7F0004CF28024C2F20626C4F2000404EB870542
:10C80000012446F82700D5F8806026F48036C5F864
:10C810008060D5F880607E0907F01F07BFF35F8F47
:10C820000BEB860504FA07F7C5F880714BF8267004
:10C83000CB460F68BE0F022E0AD98D8907F04064DF
:10C84000CE89B4F1806F07D14AF4005AA94605E0B9
:10C8500085680026002715E0B2F8089007F4402705
:10C86000B7F5802F08BF012606FB05F74C688568E1
:10C8700049EA094608BF4AF0200AC7EA07472C627E
:10C880008C686C62AE62002B8668F7628768A7F8D6
:10C8900014A0876818BF4CF0010CA7F810C04B68B3
:10C8A00087683B608968836859608168C1F808B00F
:10C8B0008168C1F80CE0816852688A61806880F8FC
:10C8C0001380BDE8F08FD4D410B582B04FF0704122
:10C8D000EFF3038001EB00604CF200318015C4F2ED
:10C8E0000001425822F4803242504AF60072415808
:10C8F000C2F206221458E1686069019001A88847D5
:10C90000A068C06820B1BFF34F8FA06801210177F4
:10C9100002B010BDD4D4D4D44EF22401C4F201012B
:10C920008878098801F00F02A2F1080103293BD899
:10C93000DFE801F0022C101E40F24071C2F200212B
:10C9400051F820004AF6AB21CAF6AA21A0FB01014A
:10C95000480830E040F24071C2F2002151F8200056
:10C960004AF6AB21CAF6AA21A0FB0101C80822E0C1
:10C9700040F24071C2F2002151F820004AF6AB218A
:10C98000CAF6AA21A0FB0101080914E040F2407197
:10C99000C2F2002151F820004AF6AB21CAF6AA21C2
:10C9A000A0FB0101880806E040F24071C2F20021BC
:10C9B00051F82000D0404AF63071C2F206210860DA
:10C9C0007047D4D4D4D4D4D4D4D4D4D4D4D4D4D418
:10C9D0002DE9F04782B00FF288604EF2FA3840F24B
:10C9E0004076C4F201084AF2015190ED001FC2F2F4
:10C9F00000260FF27C60CFF6FF714EF25505023132
:10CA0000A8F8001086ED001F06F12003C4F201050E
:10CA100090ED001F48F2004040F60001C1F2D770CF
:10CA200043F6000286ED041FC2F6AF71C1F69C42C8
:10CA300007C315F82F0C35F8311C01F00F02A2F1D5
:10CA4000080103292BD8DFE801F002200C164AF672
:10CA5000AB2156F82000CAF6AA21A0FB0101480824
:10CA600020E04AF6AB2156F82000CAF6AA21A0FB26
:10CA70000101C80816E04AF6AB2156F82000CAF6B4
:10CA8000AA21A0FB010108090CE04AF6AB2156F8E7
:10CA90002000CAF6AA21A0FB0101880802E056F88E
:10CAA0002000D0404AF6307A4EF60044C2F2062A00
:10CAB000C4F201040A214EF60147CAF800004FF6FD
:10CAC0005060CFF6FF70C4F201072154092085F8A9
:10CAD0004D00207818B93878800700F0BC822078A3
:10CAE00048B901202070C820012100F0D5FB00BF0B
:10CAF00020780128FCD10020387020704AF20159BA
:10CB0000002005F81F0C05F8230C00BF00BF00BF74
:10CB100015F8190C0007FBD542F602314EF61450F9
:10CB2000C0F20101C5F8731040F2234125F8071C3B
:10CB3000002205F80B2C4FF60211C5F8571040F2F1
:10CB4000514125F8091CCEF200004EF20001BFF35E
:10CB50004F8FBFF36F8F0368CEF2010123F40033D0
:10CB60000360C0F83C22BFF34F8FBFF36F8F0A689A
:10CB700022F440520A60BFF34F8FBFF36F8F15F856
:10CB8000412C02F0F802013205F8412C00BF00BF31
:10CB900015F8412CD206FBD40A6842F440520A60D0
:10CBA000BFF34F8FBFF36F8F0168890312D4BFF3B8
:10CBB0004F8FBFF36F8F0021C0F83C12BFF34F8F30
:10CBC000BFF36F8F016841F400310160BFF34F8FF5
:10CBD000BFF36F8F002005F82B0C00BF00BF00BF14
:10CBE00015F8190C8006FBD54CF200040020C4F2A5
:10CBF000130420702078207820786068FA2807D005
:10CC0000FA20C1F6006000BF60606168FA29FBD1BC
:10CC1000A0687D2808D07D20CEF2001000BF00BFA4
:10CC2000A060A1687D29FBD143F23240C3F22320EA
:10CC300045F8350C42F2201025F8310C052005F896
:10CC40002F0C15F82F0C35F8311C01F00F02A2F152
:10CC5000080103292BD8DFE801F002200C164AF660
:10CC6000AB2156F82000CAF6AA21A0FB0101480812
:10CC700020E04AF6AB2156F82000CAF6AA21A0FB14
:10CC80000101C80816E04AF6AB2156F82000CAF6A2
:10CC9000AA21A0FB010108090CE04AF6AB2156F8D5
:10CCA0002000CAF6AA21A0FB0101880802E056F87C
:10CCB0002000D040CAF8000096200121012700F092
:10CCC000EBFA60686FF39F20652828BF277015F87E
:10CCD0002F0C35F8311C01F00F02A2F108010329D5
:10CCE0002BD8DFE801F002200C164AF6AB2156F8EB
:10CCF0002000CAF6AA21A0FB0101480820E04AF65C
:10CD0000AB2156F82000CAF6AA21A0FB0101C808F1
:10CD100016E04AF6AB2156F82000CAF6AA21A0FB7D
:10CD2000010108090CE04AF6AB2156F82000CAF6CA
:10CD3000AA21A0FB0101880802E056F82000D0409B
:10CD400042F20001CAF80000C4F200010120A1F87B
:10CD50000090BFF35F8F08724FF42540BFF35F8FE1
:10CD6000088095F8850040F0400085F8850000BFF8
:10CD700095F98500B0F1FF3FFADC032085F87F00CC
:10CD8000C92085F8850095F8850000F0BF0085F87A
:10CD9000850000BF00BF00BF95F985000028FBD4C7
:10CDA000012005F8020C002005F8170C802005F87A
:10CDB000170CE87F40F04000E87700BF00BF00BFDD
:10CDC00095F91F00B0F1FF3FFADC0720E8754A2013
:10CDD000E8770A20E87700BF95F91F000028FBD408
:10CDE0000720ADF806000DF1060000F049F995F8AE
:10CDF000210040F0400085F8210000BF00BF00BFC7
:10CE000095F92100B0F1FF3FFADC03206876CA20D3
:10CE100085F8210095F8210000F0BF0085F8210079
:10CE200095F921000028FBD4287840F040002870B4
:10CE300095F90000B0F1FF3FFADC022005F8010C83
:10CE4000CA202870287800F0BF00287000BF00BFFB
:10CE500095F900000028FBD4A87840F04000A870A5
:10CE600095F90200B0F1FF3FFADC00206870C7209E
:10CE7000A870A87800F0BF00A87000BF00BF00BF76
:10CE800095F902000028FBD4287A40F0400028726F
:10CE900095F90800B0F1FF3FFADC0120E871C620E7
:10CEA0002872287A00F0BF00287200BF00BF00BFC0
:10CEB00095F908000028FBD495F8230040F04000C5
:10CEC00085F8230000BF00BF95F92300B0F1FF3FB4
:10CED000FADC0220E876C92085F8230095F82300C3
:10CEE00000F0BF0085F8230095F923000028FBD44B
:10CEF000A87A40F04000A87295F90A00B0F1FF3F0F
:10CF0000FADC01206872CA20A872A87A00F0BF007B
:10CF1000A87200BF00BF00BF95F90A000028FBD42B
:10CF200095F8220040F0400085F8220000BF00BFC5
:10CF300095F92200B0F1FF3FFADC0420A876CA2060
:10CF400085F8220095F8220000F0BF0085F8220045
:10CF500095F922000028FBD4A87940F04000A87180
:10CF600095F90600B0F1FF3FFADC02206871CA2093
:10CF7000A871A87900F0BF00A87100BF00BF00BF72
:10CF800095F906000028FBD495F8860040F0400093
:10CF900085F8860000BF00BF95F98600B0F1FF3F1D
:10CFA000FADC022085F88000C52085F8860095F817
:10CFB000860000F0BF0085F8860000BF00BF00BFFC
:10CFC00095F986000028FBD495F8870040F04000D2
:10CFD00085F8870000BF00BF95F98700B0F1FF3FDB
:10CFE000FADC012085F88100C52085F8870095F8D6
:10CFF000870000F0BF0085F8870000BF00BF00BFBA
:10D0000095F987000028FBD495F8890040F040008E
:10D0100085F8890000BF00BF95F98900B0F1FF3F96
:10D02000FADC092085F88300C92085F8890095F885
:10D03000890000F0BF0085F8890000BF00BF00BF75
:10D0400095F989000028FBD44FF42540A8F800008A
:10D0500002B0BDE8F0874FF47A7000F0C9F84DE5F2
:10D06000006CDC0200127A000080000000366E01C5
:10D070000080000000CA9A3B0046C3235543DE13DC
:10D080002DE9F04F81B04EF2FA3143F20406C4F2BA
:10D0900001018246C4F220064AF20350B1F8009022
:10D0A00008804FF0010B00254FF480340127002049
:10D0B00008E000BF00BF00BFF8074FF001004FF0CD
:10D0C000000716D004FA00F132680A42F4D1EFF3F7
:10D0D00010888BF3108832680BFA00F0114331602E
:10D0E000316805439620012100F0D6F888F31088B6
:10D0F000E2E74EF2750740F24071C4F20107C2F256
:10D100000021387800F00F0051F8200017F8081CB3
:10D1100001F00F01022901D801220BE0CA1E052AE5
:10D1200006D240F69C41C0F2012151F8221003E0E2
:10D130000839102202FA01F1B0FBF1F04DF68361DB
:10D14000C4F21B31A0FB01016FF0010000EA514065
:10D15000012100F0A1F8387840F04000387000BF9D
:10D1600097F90000B0F1FF3FFADC9AF8010007F8E8
:10D17000080C9AF8000040F0400038709AF800005F
:10D18000387000BF00BF00BF97F900000028FBD433
:10D1900000204FF0010A4FF48038012406E000BF60
:10D1A000E0074FF001004FF0000415D025FA00F120
:10D1B000C907F5D0EFF310878AF3108808FA00F05A
:10D1C000316821EA0000306030689620012100F0CB
:10D1D00063F887F31088E3E74EF2FA3149F425400B
:10D1E000C4F20101088001B0BDE8F08FD4D4D4D4DA
:10D1F0007047D4D4D4D4D4D4B0B542F22404C820D7
:10D20000C4F2200401210025257100F045F82570A5
:10D21000207808B12FF005C0207840F0020020707F
:10D2200020788007FCD4002004F8020C00BF00BF67
:10D2300014F8020C08B12FF005C84FF0030E0020BF
:10D2400004F11C0100BF00BF11F8102002F07F02A2
:10D2500001F8102000BF00BF11F91020002AFBD4F4
:10D2600001300FF00FC8012000F0CAF84EF64C4113
:10D270000120C4F2010100220A70BDE8B04000F0B4
:10D2800093B8D4D4D4D4D4D4014600220020C0F220
:10D2900006620A607047D4D44AF6307241F2002325
:10D2A000C2F20622C0F27A03484312689A420FD3B0
:10D2B00044F23F21C0F20F0111444DF68362C4F2E3
:10D2C0001B32A1FB0212910CA0FB0101C9B11DE0B0
:10D2D0004CF60021C3F69A31B1FBF2F148F6381250
:10D2E000C0F24102904205D24FF47A725043B0FB33
:10D2F000F1F006E0B0FBF1F0904207D24FF47A7102
:10D300004843002808BF704700F006B84FF0FF30D0
:10D3100000F002B8D4D4D4D401380028FCD170472E
:10D32000F0B581B04CF220154AF6A867C4F20005AA
:10D330000024C2F2062755F8200C296801EA0006ED
:10D3400005E000BF00BF00BF0134152C0AD026FA4B
:10D3500004F0C007F8D057F824100029F4D0204674
:10D360008847F1E745F8106C28683042FCD101B0DD
:10D37000F0BDD4D4D4D4D4D480B54FF0090E40F647
:10D380000C204CF20031C0F20120C4F2000100BFB9
:10D3900030F8022B002A18BF0A6004310FF009C0D0
:10D3A00080BDD4D4D4D4D4D4EFF31081012282F33D
:10D3B00010884AF62472C2F2062232F8103023B1E5
:10D3C00032F81030013B22F8103032F8102012B140
:10D3D00081F3108870474EF2FA3240F6B04CC4F236
:10D3E0000102C0F2012C13883CF8100043F42543DD
:10D3F00023EA0000108081F310887047D4D4D4D47D
:10D4000010B5EFF31081012282F310884AF62472DE
:10D41000C2F2062232F8103083B94EF2FA3E40F6DC
:10D42000B04CC4F2010EC0F2012CBEF800403CF832
:10D430001030234343F42543AEF8003032F8103067
:10D44000013322F8103081F3108810BDD4D4D4D425
:10D4500000F00AF8F4F748FAFEE7D4D4D4D4D4D4D0
:10D4600000BE7047D4D4D4D42DE9F04381B04EF639
:10D47000085840F20120CEF20008C0F20E004EF231
:10D480000004C8F80C00CEF20104BFF34F8FBFF3C5
:10D490006F8F58F8081CC1F3035001285FEA1F92F0
:10D4A00011F00F0F5FEA0F911142216811D102288C
:10D4B0000FD241F0040020604EF20800BFF34F8FFE
:10D4C000CEF20000BFF36F8F016841F4803101603C
:10D4D00002E021F004002060BFF34F8FBFF36F8F95
:10D4E0004FF4700040F20001C8F880000020C0F244
:10D4F0000021C8F800100025F3F79AFCFFF768FA3E
:10D500004EF2FA304EF6B022C4F20100C4F201022B
:10D510004AF20251018015704FF42541018001202B
:10D52000F3F786FC40F24030C2F2002080F30A8814
:10D530002068800724D5D8F80000B0F1007F1FD103
:10D5400020694FF40071C0F3C300626901FA00F36F
:10D55000C2F3C30081400020DA08CB080146074629
:10D5600042F007C000BF00BFE7E802010FF005C0AE
:10D570004FF0005243F005C0E2E802010FF005C091
:10D5800040F67024C0F20124276897B160683E46D7
:10D59000051D05E000BF00BF013E05F10C0508D0E8
:10D5A00068790028F8D155E90101091A00F0EAF874
:10D5B000F2E7D4F80890B9F1000F13D0E0684E46B6
:10D5C00000F1080504E000BF013E05F1100509D097
:10D5D00068790028F8D155E902022968121A00F08A
:10D5E000D5F8F1E7FFF798F9FFF706FE0320FFF7FC
:10D5F00007FF4FF00E0E40F63050C4F240000021FD
:10D6000020F8041B0FF005C04EF210150320C4F2E1
:10D610000105FFF7C9FE0320FFF7F2FE44F2040004
:10D620000021C4F22000016041608160C1600320DC
:10D63000FFF7BAFED5F8C802800714D42878A0B145
:10D640000120FFF7DDFE00BF95F9000010F1410F4A
:10D65000FADC0020287000BF28783F28FCD8012081
:10D66000FFF7A2FE01E0D5F8C802D5F8C8024007CE
:10D6700015D42879A8B10120FFF7C2FE00BF00BF72
:10D6800095F9040010F1410FFADC0020287100BF69
:10D6900028793F28FCD80120FFF786FE01E0D5F865
:10D6A000C8020220F3F7C4FBA7B160684FF480768C
:10D6B000051D05E000BF00BF013F05F10C0509D0C5
:10D6C0006879B6EB002FF7D155E90101091A00F08E
:10D6D00059F8F1E7B9F1000F16D0E0684FF4807502
:10D6E00000F1080405E000BFB9F1010904F11004DC
:10D6F0000AD06079B5EB002FF6D154E90202216817
:10D70000121A00F043F8EFE74AF63874C2F2062422
:10D71000204600F037F9204600F0FBF8BFF34F8FAA
:10D72000BFF36F8F0020C8F8480241F24E0041F26B
:10D730004E01C0F20120C0F20121BFF34F8F081A41
:10D74000BFF36F8F8410012C0BDB41F24E05C0F24A
:10D75000012500BF00BF00BF55F8040B8047013C06
:10D76000FAD1FFF709FE002001B0BDE8F04300F058
:10D7700003B8D4D4D4D4D4D470470B4611461A4637
:10D7800000F07AB80A46002100F076B8844641EAF3
:10D79000000313F0030349D1403A23D30B6803601D
:10D7A0004B6843608B688360CB68C3600B6903611F
:10D7B0004B6943618B698361CB69C3610B6A036207
:10D7C0004B6A43628B6A8362CB6AC3620B6B0363EF
:10D7D0004B6B43638B6B8363CB6BC36340304031D4
:10D7E000403ADBD230320BD30B6803604B684360A6
:10D7F0008B688360CB68C36010301031103AF3D26D
:10D800000C3205D351F8043B40F8043B043AF9D2FA
:10D81000043208D0D2071CBF11F8013B00F8013BCD
:10D8200001D30B8803806046704700BF082A13D3DA
:10D830008B07B1D010F00303AED0C3F10403D21AAA
:10D84000DB071CBF11F8013B00F8013BA4D331F802
:10D85000023B20F8023B9FE7043AD9D3013A11F882
:10D86000013B00F8013BF9D20B7803704B78437011
:10D870008B7883706046704770B4840746D0541E1E
:10D88000002A41D0CDB2034602E0621EE4B3144642
:10D8900003F8015B9A07F8D1032C2ED9CDB245EAE3
:10D8A00005250F2C45EA054519D9264603F1100236
:10D8B000103E0F2E42F8105C42F80C5C42F8085CF7
:10D8C00042F8045C02F11002F2D8A4F1100222F036
:10D8D0000F0204F00F041032032C13440DD91E461E
:10D8E0002246121F032A46F8045BFAD8221F22F0B0
:10D8F0000302121D134404F003042CB1C9B21C44EA
:10D9000003F8011BA342FBD170BC704714460346C9
:10D91000C2E740F20801C0F20001401A4AF6347131
:10D92000C2F206210860704720F0030110F00300E6
:10D93000C0F1000051F8043B00F1040C4FEACC0C9C
:10D940006FF000021CBF22FA0CF213434FF0010CDF
:10D950004CEA0C2C4CEA0C4CA3EB0C0222EA03021E
:10D9600012EACC1204BF51F8043B001DF4D0C2F1FE
:10D97000000102EA0102B2FA82F2C2F11F0200EBD8
:10D98000D200704710B540F2903140F20002C0F270
:10D990000021C0F200020446FFF7F8FE40F200004A
:10D9A00040F20001C0F20000C0F200012044FFF785
:10D9B000E9FE10BD81B0B0B589B00C464DF6092125
:10D9C000C0F20021002501914FF4003194460DAAC8
:10D9D000009101190D93002C0892CDE90655049091
:10D9E000CDE9025518BF481E48BF00200590684683
:10D9F000614600F011F8002C1CBF04990D7009B0AD
:10DA0000BDE8B04001B07047D1E904239A421EBF7F
:10DA1000531C0B61107070472DE9F04F9BB081468D
:10DA200080781A92800740F1DF85D9F8040000273A
:10DA300012908A461A98199013A8821D0C92421EC1
:10DA40001192421D04300D920E900F91514611F823
:10DA5000010B252803D08A4638B900F0C7BD9AF8D3
:10DA600001500AF1020A252D07D1129A4946904722
:10DA700001370028EAD500F0B1BD002200244FF0A4
:10DA800000084FF0000B04E01AF8015B002D00F0D5
:10DA90001D811FFA8BF61F2E20D8A5F1200010281B
:10DAA0001ED8DFE810F015001D001D0018001D0035
:10DAB0001D001D0014001D001D001D0011001D0093
:10DAC000CC001D001D00C9004BF0020B00E0DBE79D
:10DAD0004BF0040BD8E74BF0100BD5E77F2E0DD899
:10DAE000A5F13000092840D8402E80F0A08004EB3A
:10DAF00084014BF0200B00EB4104C5E7A5F14C007D
:10DB00002E2800F2E480DFE810F08F00E200E2004F
:10DB1000E200E200E200E200E200E200E200E200F5
:10DB2000E200E200E200E200E200E200E200E200E5
:10DB3000E200E200E200E200E200E200E200E200D5
:10DB4000E200A400E2008F00E2009D00E200E2009B
:10DB5000E200E200E200E200E2002F00E200E20068
:10DB6000E200E200E2002F008EE7A5F12400562833
:10DB700000F2AD80DFE810F08300AB00AB00AB003B
:10DB8000AB00AB007400AB00AB00AB009A00AB0085
:10DB9000AB00AB00AB00AB00AB00AB00AB00AB002D
:10DBA000AB00AB00AB00AB00AB00AB00AB00AB001D
:10DBB000AB00AB00AB00AB00AB00AB00AB00AB000D
:10DBC000AB00AB00AB00AB005800AB00AB00AB0050
:10DBD000AB00AB00AB00AB00AB00AB00AB00AB00ED
:10DBE000AB00AB00AB00AB00AB00AB00AB00AB00DD
:10DBF000AB00AB00AB00AB00AB00AB00AB00AB00CD
:10DC00006D00AB005800AB006600AB00AB00AB0092
:10DC1000AB00AB00AB00AB005700AB00AB00AB0000
:10DC2000AB00AB0057002FE74BF4207B2CE708EB51
:10DC3000880100EB410827E74BF0010B24E74BF08C
:10DC4000080B21E70BF080004BEA800040F0800BCE
:10DC50001AE70BF480704BEA400040F4807B13E736
:10DC6000002A7FF411AF19983F2E00F10401199199
:10DC7000006828D84BF0200B0022044604E7DAB1F4
:10DC80001A98402E199019A90F98154654EA38820F
:10DC900000F0B0FC1998402E2A4600F104011991B9
:10DCA000006850EA348458EA3088EDE63F2E00F2EE
:10DCB0009D844BF0400BE7E622464FF0000800241D
:10DCC0004FF0000BE0E600228046DDE600252AB199
:10DCD0001A9819A919900F9800F08CFCB8F1000F50
:10DCE00048BF2BF0400B002C28EAE87C45F02002CE
:10DCF00048BF4BF0080B54EA54B0612A10901CBF87
:10DD0000A2F16500022825D81998561B612A00F156
:10DD1000070020F007010B46496853F8080B1993D8
:10DD200046D1F2B200925FEA4B6213AA58BF4FF09D
:10DD3000FF3C6346E04600F0FCFD01300B904BF4E5
:10DD4000C05B0123C0B28045D8BFA0F1010870209C
:10DD500009905EE0A5F16300122800F21781082304
:10DD60000026DFE810F04001130013011301130136
:10DD700013011300130113011301130113016F01A8
:10DD80006B01130113011A01130139011FFA8BF101
:10DD90005FEA0B6000F117811998021D1992006863
:10DDA000CA0540F11781890554BF00B240B211E1A4
:10DDB0005FEA4B6358BF4FF0060C662A0BD0652A0A
:10DDC00011D165254BF4805BE0460CF101034FF067
:10DDD000000C099511E066224BF4005B01250992C5
:10DDE0001123E0460AE05FEA0C63E04663464FF029
:10DDF000000C08BF0123023A0992002513AADBB2E6
:10DE0000CDE9005C112B28BF112301F0BDF80223DE
:10DE10000B90139DA4469DF85000A5F10A01A5F1B1
:10DE2000640211F1130F38BF022312F1C70F38BF7C
:10DE30000323C10711D15FEA8B713AD41FFA8BF12A
:10DE40001446202202EAC10E11F0040F22465FEAB6
:10DE50001F9410F00C0F06D131E04FF02D0E00246E
:10DE600010F00C0F2BD0002C4FF00300109950EA4B
:10DE700010902546814218D95FEA0B7160D4CCF12D
:10DE80000001F0468C455CEACCB1441A129A20207D
:10DE900049469047002800F1A18301370134F5D3AA
:10DEA0000024C646002D4ED055E00024002D4AD057
:10DEB00051E04FF02B0E002410F00C0FD3D11BF4C7
:10DEC000405F0392CDE907E5CDF814C040F015821C
:10DED0000A94B8F1010F0B9C4FF0010058EA8080C2
:10DEE0001FFA8BF1220600F0448198460E9BE2B2A5
:10DEF0009B5C302B22D1631E1A061DD00E9DDAB218
:10DF0000AD5C302D40F0DA81A31E1A0600F0DA81F4
:10DF10000E9DDAB2AD5C302D40F0D081E31E1A06C2
:10DF200000F0D0810E9DDAB2AD5C302D40F0C6819C
:10DF3000089D043C2206D9D1002400224346C5E1B5
:10DF400010990C1A3DB9129A70464946904700281C
:10DF500000F1448301379DF8500040F20351C0F2B4
:10DF60000121000740F22900C0F2012050EA51854A
:10DF70002878002800F01E83801B129A4946C0B200
:10DF80009047013701350028F2D527E3782A40F081
:10DF90009980C5F188032E4654E01998011D199106
:10DFA000006840F6FA01C0F20121002851EA00851C
:10DFB0005FEA4B6058BF4FF0FF3C2846614601F0D6
:10DFC00013FF064617E01998890500F18B80011DA3
:10DFD00019910068C1178DE04FF6EF700BEA000B46
:10DFE0000A2375262EE01998012613AD011D1991FB
:10DFF00000688DF84C005FEA0B7010D41098B042A6
:10E000000DD9129A202049469047002800F1E68257
:10E010001098013701381090B042F2D8109610983D
:10E020003744841B002E00F0C58215F8010B4946C9
:10E03000129A9047013E0028F4D5CFE24BF0100B26
:10E04000102378264FF6F9700BEA000E5FEA0B609A
:10E050000B960CD41998011D199106685FEACE51F0
:10E060000CD55FEA8E5054BFB6B2F6B206E01998EE
:10E070005FEA8E510AD4011D19910668002156EA03
:10E08000010008BF2BF0160E77D10DE0073020F00D
:10E0900007000246416852F8086B199256EA0100DF
:10E0A00008BF2BF0160E68D100265FEA4B6063D5DF
:10E0B0000021B8F1010F60DA4FF6E9700BEA0001B8
:10E0C000A04665E0129A252049469047002800F1B5
:10E0D0008582129A284649469047023700287FF5E4
:10E0E000B5AC7BE2073020F007010A46496852F8D8
:10E0F000080B199200295A46CDF82CC048BF42F4AB
:10E10000806250EA010323D080EAE17081EAE17382
:10E11000B0EBE17063EBE171A04613AC22F01006A6
:10E120000A23224600F08FFB3146061BDDF82CC087
:10E13000480630D54FF6FE7044460840664505DA7D
:10E14000002D08BF21F01100614627E0314625E08F
:10E150005FEA4B604FF0000040F1B2800021B8F15F
:10E16000010FD9DA4FF6EE70DDF82CC000EA0B0093
:10E1700014E000240022A9E00021A04613AC3046A0
:10E1800065462246764600F05EFB3146AC46061BED
:10E190000B9D4806CED40846314644461FFA80FB04
:10E1A000C0060BD440F206401BEA000F5FEA0F9056
:10E1B00000EB01085FEA0B700AD531E0002D4FF04B
:10E1C000010050EA009000EB01085FEA0B7027D4D1
:10E1D0005FEACB7009D01098B446804505DA1099F3
:10E1E0007018A0EB080C88461AE01098804517DAE2
:10E1F000002CCDF82CC054EA54B00A9060428442FE
:10E2000054EAC4B0A0EB0804129A20204946904773
:10E21000002800F1E3810137013CF5D1DDE90A8CEA
:10E220005FEACB6015D440F206401BEA000F24D011
:10E230005FEA8B7064464FF02B0058BF20205FEAE6
:10E240004B5148BF2D20129A49469047002812D5BD
:10E25000C4E1129A3020494664469047002800F1F4
:10E26000BD8145B1129A284649469047002800F1E1
:10E27000B581023700E00137A446E3466546B44560
:10E2800009DD129A302049469047002800F1A68106
:10E29000013DB542F5DC10985E45A0EB080456EA56
:10E2A000CB800744002E00F0858111984946129AD0
:10E2B000805D9047013E0028F4D58FE11C4603E0C5
:10E2C000002129E7002400224346089DC9060B943B
:10E2D00052EA508115F1040F09DB854207DA4BF44D
:10E2E000005B8D4206DAE84301EB000804E0A1F18F
:10E2F000010801E04FF000080A9C1FFA8BFCA5F50D
:10E300007A714FEA0C52CDF828C0B4465FEA8B40D0
:10E310000293049106920AD4184611F5FA6F98BF39
:10E3200004200521002A58BF0321084402E025EA01
:10E33000E57001300A9EB8F1000F84F00102109DD3
:10E34000A346C6F3001151EA08918B180344EB1A57
:10E350004FF0000553EAC58416F0090F1CD166463C
:10E3600094B108441044059A51428A4252EAC2B11B
:10E37000441A129A202049469047002800F12E8125
:10E3800001370134F5D300240798BBF1000F08D002
:10E39000069800280FD41FE066460798BBF1000FCF
:10E3A000F6D1129A49469047002800F117810137AB
:10E3B0000698002810D5129A302049469047002828
:10E3C00000F10C81C6F17800129A4946C0B290471C
:10E3D000002800F1038102370A9800070BD454B1DA
:10E3E0002744129A302049469047002800F1F680D1
:10E3F000013CF6D100240A98800429D49DF85100EC
:10E400004946129A9047002800F1E880B8F1010FC0
:10E410005ADB129A2E2049469047002800F1DE80F0
:10E4200008EB070000F1020B0B98C5B20020471C57
:10E43000AF4202D20C99085C00E03020129A4946A3
:10E440009047002800F1CA803846B845EFD149E02E
:10E450000898C8F1000B20EAE076851B0B985FFA5C
:10E4600080F8701C07D1129A2E2049469047002848
:10E4700000F1B48001373020002D03D44545BCBFE6
:10E480000D98405D49465E4507DD129A904701357B
:10E490000137013E0028E4D5A0E0129A90470028F9
:10E4A00000F19C800A99781CC90640F19580002EE5
:10E4B00040F09080129A2E2049469047B0F1FF3FDD
:10E4C00040F38C80023775E00A98C00602D407F149
:10E4D000010B07E0129A2E204946904700287DD470
:10E4E00007F1020B09984946129A801BC0B2904767
:10E4F000002873D408984946002850EA50B54FF0D8
:10E500002B0048BF2D20129A9047002866D404980B
:10E5100010F5FA6F16D844F6D350129AC1F2620081
:10E520004946A5FB0006302000EB9610C0B290478C
:10E53000002853D4B0094FF47A7100FB11550BF148
:10E54000030605E003980BF1020610F1C80F3DD851
:10E5500048F21F50129AC5F2EB104946A5FB00077E
:10E56000302000EB5710C0B29047002836D478090D
:10E57000642100FB115501364CF6CD40129ACCF6C1
:10E58000CC404946A5FB0007302000EBD700C0B2C5
:10E590009047002822D4F808013600EB8000A5EB54
:10E5A000400505F13000129A4946C0B29047002854
:10E5B00014D4771C012CFFF649AA129A2020494650
:10E5C00090470137013C0028F4D507E00298022863
:10E5D000D2D2E6E70746EDE70746EBE799F80200F7
:10E5E00040F0040089F802004FF0FF3738461BB0B6
:10E5F000BDE8F08F022AB8BF70472DE9F04F42F610
:10E6000089084FF0010CC0F2010804464FF0010EDA
:10E6100003E05F789C1C252F29D1234613F8015B6A
:10E62000252D01D025B90BE16778A31C252F1DD11D
:10E630001C4614F8015B252D01D025B900E15F7857
:10E640009C1C252F13D1234613F8015B252D01D0E7
:10E6500025B9F5E06778A31C252F07D11C4614F8CF
:10E66000015B252DD5D0002DD7D1E9E01C464FF018
:10E6700000094FF0000A002604E014F8017B002F87
:10E6800000F0AA803346BAF11F0F0AD8A7F120057F
:10E69000102D09D80CFA05F515EA080F40F07D8019
:10E6A00002E0BAF17F0F0AD8A7F13005092D3ED854
:10E6B00003EB83034AF0200A05EB4306DDE7A7F1ED
:10E6C0004C052E2D00F289801E46DFE815F068000B
:10E6D000860086008600860086008600860086000A
:10E6E00086008600860086008600860086008600FA
:10E6F00086008600860086008600860086008600EA
:10E70000860086008600780086006800860071001A
:10E7100086008600860086008600860086002F0020
:10E72000860086008600860086002F00A5E7A7F1F8
:10E73000240BBBF1560F00F250800026DFE80BF0EF
:10E74000334D4D4D4D4D324D4D4D324D4D4D4D4D49
:10E750004D4D4D4D4D4D4D4D4D4D4D4D4D4D4D4DE9
:10E760004D4D4D4D4D4D4D4D2F4D4D4D4D4D4D4DF7
:10E770004D4D4D4D4D4D4D4D4D4D4D4D4D4D4D4DC9
:10E780004D4D4D4D3F4D2F4D384D4D4D4D4D4D4DFA
:10E790002C4D4D4D4D4D2C00FFE71E466DE74AF4C4
:10E7A000207AFAE769E7B9F1000F0FD1994664E7DB
:10E7B0000AF080054AEA850545F0800AEDE70AF48B
:10E7C00080754AEA450545F4807AE6E773457FF4AB
:10E7D00054AF6327F14600E00027B9F1000F2FD0B6
:10E7E000F14524D147F02003612B1CBF653B022B70
:10E7F00005D80B68073323F00703083313E0A7F1AC
:10E800006303102B0AD8DFE803F00C090909090992
:10E81000090909090909090909090C005FEA0A63DC
:10E8200009D40B6804330EF1010E04460B609645C3
:10E83000FFF6F3AE04E00B685FEA8A54DAD4F1E73E
:10E84000BDE8F04F70472DE9F04703F01F069846EA
:10E8500091468A460546284651463246002300F036
:10E8600049FA044600FB16500F46A0EB08010928A0
:10E8700088BF01F13700303089F80000A81B7AF119
:10E88000000049D3204639463246002300F032FAD0
:10E89000054600FB16408A46A0EB0801092888BF00
:10E8A00001F13700303089F80100A01B77F100003A
:10E8B00036D3284651463246002300F01BFA044660
:10E8C00000FB16500F46A0EB0801092888BF01F194
:10E8D0003700303089F80200A81B7AF1000023D3FA
:10E8E000204639463246002300F004FA054600FB74
:10E8F00016408A46A0EB0801092888BF01F13700BD
:10E90000303089F8030009F10409A01B77F10000F9
:10E91000A1D24846BDE8F08709F10100BDE8F087C3
:10E9200009F10200BDE8F08709F103094846BDE896
:10E93000F0872DE9F04F86B0CF0FC1F30A566FF381
:10E940001F519B4650EA010517715FEA0F9508BFFA
:10E95000002E0FD040F2FF74A6423AD10420002DC1
:10E9600018BF08204FF0000B38441071584606B00D
:10E97000BDE8F08F002700200021DDF83CC0BBF18E
:10E98000000F176035D4BBF10D0F35D3030F00F026
:10E990000F0A43EA01130393030E541D43EA0123B4
:10E9A0000293030D0D0D43EA01330193030C43EA77
:10E9B0000147030B43EA015E030A43EA01680309C6
:10E9C000080A0590080943EA01790E0C0B0B049024
:10E9D00084E04FF60247002ECFF6FF771CBFA6F269
:10E9E000FF3701F58011DDF83CC0BBF1000F176067
:10E9F000C9D54FF0000B44E03325A5EB8B03C3F1E1
:10EA0000200513274FF0020EA7EB8B072EFA05F611
:10EA100001240025002F58BF0EFA07F658BF04FA4C
:10EA200007F504FA03F40EFA03F358BF002458BFA5
:10EA30000023D3F100094FF0000868EB060E013BFC
:10EA400066F1000603400E40E31A75EB060312D38D
:10EA50004FEA8B03C3F13406D3F1140320FA06F70F
:10EA6000C6F1200601FA06F646EA070658BF21FA63
:10EA700003F6F30701D00019694100EA090001EA31
:10EA80000E01030943EA0179030F541D43EA011300
:10EA90000393030E10F00F0A43EA012302934FEA97
:10EAA00010534FEA115543EA013301934FEA1043E3
:10EAB00043EA01474FEA103343EA015E4FEA10236D
:10EAC00043EA01684FEA11204FEA11464FEA113339
:10EAD00005904FEA1110049000F09880AAEB0C000A
:10EAE0000093BAF1090F88BF00F1270A0AF130003C
:10EAF000907409F00F004FF00D0BA0EB0C030928E8
:10EB000088BF03F12700BBF10C0F00F130005074F7
:10EB100098BF4FF00C0B08F00F00A0EB0C03092876
:10EB200088BF03F12700303010740EF00F00A0EB07
:10EB30000C03092888BF03F127003030D07307F099
:10EB40000F00A0EB0C03092888BF03F12700303029
:10EB50009073019800F00F00A0EB0C03092888BF08
:10EB600003F1270030305073029800F00F00A0EB43
:10EB70000C03092888BF03F1270030301073039875
:10EB800000F00F00A0EB0C03092888BF03F1270059
:10EB9000009B3030D07201F00F00A0EB0C0109286F
:10EBA00088BF01F1270030309072049800F00F0008
:10EBB000A0EB0C01092888BF01F12700303050720A
:10EBC000059800F00F00A0EB0C01092888BF01F1A7
:10EBD00027003030107203F00F00A0EB0C01092861
:10EBE00088BF01F127003030D07106F00F00A0EB94
:10EBF0000C01092888BF01F127003030907105F120
:10EC000030002070584606B0BDE8F08F19F00F00B4
:10EC100000937FF472AFBBF10C0FBFF46EAF18F02E
:10EC20000F0045D1BBF10B0F42D21EF00F0042D1B5
:10EC3000BBF10A0F3FD217F00F003FD1BBF1090F14
:10EC40003CD2019810F00F003BD1BBF1080F38D235
:10EC5000029810F00F0037D1BBF1070F34D20398A0
:10EC600010F00F0033D1BBF1060F30D211F00F00BE
:10EC700030D1BBF1050F2DD2049810F00F002CD12C
:10EC8000BBF1040F29D2059810F00F0028D1BBF179
:10EC9000030F25D213F00F0025D1BBF1020F22D2B2
:10ECA00006F00F0050EA0B0120D04FF0010B9EE759
:10ECB0004FF00B0B31E74FF00A0B38E74FF0090B21
:10ECC0003FE74FF0080B47E74FF0070B4FE74FF0D8
:10ECD000060B57E74FF0050B5FE74FF0040B67E7B4
:10ECE0004FF0030B6FE74FF0020B76E74FF0000B8E
:10ECF00085E7D4D440B584B002AE009600F004F8A5
:10ED0000029A039B04B040BD2DE9F04FDDF824B01A
:10ED1000844671B1C2B1BBB3B1FA81F7B3FA83F6DD
:10ED2000F71B202F07D207F10109B9F1200F1BD1E2
:10ED300037E0002B42D0BBF1000F18BFCBE900C178
:10ED400000200021BDE8F08F002B45D0002846D0E0
:10ED50005F1E3B427ED0B1FA81F7B3FA83F6F71B10
:10ED60001F2FE8D207F10109C7F11F0720FA09F6A2
:10ED700021FA09FC01FA07F4B84034434FF0000AC5
:10ED8000B9F1010F17D088E0571E3A4235D0B1FAD9
:10ED900081F7B2FA82F6F71B07F12109B9F1200FCA
:10EDA00045D14FF0000C4FF020090C464FF0000AFF
:10EDB000B9F1010F71D14FF0000EB8E0B0FBF2FCD9
:10EDC000BBF1000F1EBF0CFB12000021CBE90001BC
:10EDD00000216046BDE8F08F6046BDE8F08FB1FBD2
:10EDE000F3FCBBF1000F1EBF0CFB13100021CBE99D
:10EDF000001000216046BDE8F08FBBF1000F1EBF80
:10EE000000230740CBE90073012A00F0BA8092FA90
:10EE1000A2F24F00B2FA82F202F01F03D140D840B2
:10EE20001F23934307FA03F31843BDE8F08FB9F1AA
:10EE30001F0F1FD8C9F1200620FA09F721FA09FC93
:10EE400001FA06F4B0403C434FF0000AB9F1010F5B
:10EE5000B1D022E0BBF1000F1CBF07EA0100CBE9F3
:10EE600000C093FAA3F0B0FA80F021FA00F000217C
:10EE7000BDE8F08FA9F1200CC9F1400720FA0CF68B
:10EE800001FA07F4264321FA0CF400FA07FA4FF0CE
:10EE9000000C3046B9F1010F8DD029F00107012691
:10EEA000023F4FF0000B06EB570E4FEA4C0747EAC4
:10EEB000D477640044EAD0744000FD43E1438918EC
:10EEC00043EB0508A51A67EB0306B8F1000F56EAF5
:10EED000478755EA44867F0047EAD677760046EAB8
:10EEE000D07440EADA70A51A6FEA040167EB0306F2
:10EEF00089184FEA40006FEA0701594156EA478CEA
:10EF000055EA4484CF0F4BEA4A01BB4640EAD17030
:10EF1000490041EAD87A0FF039C05FEAC97103D1DC
:10EF20005246DDF824B01EE0DDF824B0BE4667008E
:10EF30004FEA4C0147EAD07741EAD471B7EB0208B7
:10EF40004FEA400061EB0304FD4352196FEA0106EA
:10EF500053EB060240EADA7054EA418C58EA4784DF
:10EF6000D70F4EEA4A02D10FBBF1000F41EA400130
:10EF70004FEA420020F0010018BFCBE9004C07EB3C
:10EF8000000C6046BDE8F08F2DE9F04F9FB00D46B4
:10EF9000CC0F6FF31F55994650EA0503C1F30A5190
:10EFA0005FEA1F9708BF00290ED040F2FF76B142FA
:10EFB00015D10820002F18BF04200025204410710F
:10EFC00028461FB0BDE8F08FA01C1071302001252D
:10EFD00050710020106028461FB0BDE8F08F0394E8
:10EFE000A1F235440029059206BF4FF6CC34CFF686
:10EFF000FF7405F58015AA00002B42EA907B5FEABA
:10F000000F9202295FEA2F91804642EA010A00F03E
:10F0100001018000002C04911390CDF81C90CDF8D4
:10F0200048A04ED4204600F017FD8146032C88BF2F
:10F03000A9F10109484600F01DFD14AF06464846F7
:10F04000394600F002FE18A81AA93A46CDF808A0E1
:10F05000CDE90010A9EB04003044294600F17C03FF
:10F06000404600F028FC80460B46B9F1150FCDF85C
:10F07000189053D8139E4CF6CD471CA8CCF6CC471D
:10F080001D460090304659463A464FF0CC335C4618
:10F09000BB4600F064FEDDE91C01DDF81C9082082F
:10F0A00042EA817120F0030008444042F04255D109
:10F0B0003046214600F0E7FC069988425FEA3F911E
:10F0C00083E06742CDF844B0384600F0CCFC0646F9
:10F0D000601C18BF013EBF1B384600F0CBFC14A9D2
:10F0E000834638460F4600F02DFD18A81AA93A4667
:10F0F000CDF808A0CDE90010A6EB0B0000F17D03D0
:10F100004046294600F0D7FB80460B463019012EB9
:10F1100006900DD8049890BB01213DE04CF6CD4BF4
:10F12000002000211290CCF6CC4BDDF81C904FE073
:10F130003E2E2ED84FF0FF30B6F1200200FA06F135
:10F1400058BF0021139F58BF9040119A27EA010130
:10F1500022EA000008435FEA1F911BE0049800BB0D
:10F160001298C043801964F1000100F08CFC0699EC
:10F170002B4688424FF000015FEA3F9027E0DDE92F
:10F180001A0101381A9061F100001B900020012142
:10F1900001E00021002012904CF6CD4BCCF6CC4B78
:10F1A00016E046F00200214600F06DFCDDE91A127F
:10F1B000069C4B1E62F10006A04253EA21804FF0EC
:10F1C00000011A9056EA22801B9000202B461290D4
:10F1D000DDE9280A10910028CDF828904DD0B8F12B
:10F1E0000A0073F1000001D201203AE000214FF043
:10F1F0000A0C02204FF064094FF47A751F4642F260
:10F20000107E0A22A2FB0C4601EB810306EB4303AE
:10F21000B8EB040477EB030320D3A2FB093401FB12
:10F220000944B8EB030377EB040314D3A2FB0534C2
:10F2300001FB0544B8EB030377EB04030DD3A2FBFA
:10F240000E23043001FB0E31B8EB020377EB010310
:10F25000D8D2013802E0013000E00230DDF81C9025
:10F260003B46069951440844B0EBDA7FB8BF4FEAF9
:10F27000DA70814559EAB0800A90DDE91A1A5F46D2
:10F28000DDE918B9002014AC13900F9009900846DE
:10F2900011932FE0119940463A464FF0CC3314AC0D
:10F2A0004FEADA0A009400F05AFD1398109910F012
:10F2B000FF0FDDE914235FEA1F9001400BEB8B0089
:10F2C000109140420E994942B1EB400F12995FEA0A
:10F2D0001F9001401291D00840EA437101EB800079
:10F2E000A8EB400013900F98884601300F90D80883
:10F2F0001190284651463A464FF0CC330094CDE960
:10F300000B0A00F02CFD584649463A464FF0CC33E4
:10F31000DDE9146A0094CDE90D9B00F020FDDDE9E4
:10F320001401F20842EA4A754FEAD109C00840EADE
:10F33000417BBBEB050079EBDA00ABD31199B8F157
:10F340000A0071F1000002D24FF0010E40E0089572
:10F3500000200A224FF0020E4FF00A0C64254FF4F1
:10F360007A76A2FB0C3400EB800704EB4707B8EB7E
:10F37000030371EB070326D3A2FB053700FB0577D8
:10F38000B8EB030371EB070318D3A2FB063700FBAE
:10F390000677B8EB030371EB070312D342F2107444
:10F3A0000EF1040EA2FB042300FB0430B8EB0203B1
:10F3B00071EB0003D5D2AEF1010E04E00EF1010EA7
:10F3C00001E00EF1020E089D4CF6CD47CCF6CC477D
:10F3D0000A9A48EA010010435FEA1F90964503DD50
:10F3E00010B90120099056E71298C00770D0DDF8D7
:10F3F00038B014A80D993A4600904FF0CC335846D7
:10F4000000F0ADFCDDE91410CBF10003CA0842EABC
:10F41000407505EB82025242B3EB420F60D1C20845
:10F42000DDE90FA9DDF84CC0DDE90B01119C934625
:10F4300014AA00923A464FF0CC33CDF84CC000F0FD
:10F440008EFC14982146119014A8009040463A462C
:10F450004FF0CC33159E00F082FC4CF6CD4214A840
:10F46000009028465946CCF6CC424FF0CC33DDE92B
:10F470001474CDF834B000F072FCF90841EA447E0F
:10F480000EEB81011398AB46CBF10007A8EB410CC2
:10F49000DDE9141210F0FF0F0AF1010A5FEA1F9074
:10F4A000E408CB0843EA427509EA0009119805EB24
:10F4B0008303F1085B42D208C008F046B7EB430F64
:10F4C0004CF6CD4740EA4670CCF6CC47AFD00DE0C5
:10F4D000C646DDF84CC0DDE90EBADDE9109405E062
:10F4E000C646DDE90FA9DDF84CC0119C0D988EEAE7
:10F4F0000B01234684EA00021143099A5FEA0F9147
:10F500001143CA07049900295FEA1F91002A04BF2A
:10F51000129811EA00010ED05FFA8CF105295FEA1A
:10F520000F92042962EA09025FEA9F9142EA0E0201
:10F5300002EA010801E04FF00108DDE905C11EEB18
:10F5400008000AEB010443F10001B0F10A0271F175
:10F55000000202D20127079B36E01394E6460025FD
:10F560004FF00A09022764234FF47A7B42F2107AA3
:10F570000A24A4FB096205EB850C02EB4C02861BF6
:10F5800071EB02021DD3A4FB032605FB0366821A5E
:10F5900071EB060212D3A4FB0B2605FB0B66821A45
:10F5A00071EB06020CD3A4FB0A42043705FB0A25C3
:10F5B000021B71EB0502DCD2013F02E0013700E0E3
:10F5C0000237079BF446139C0A9A97425FEAD88257
:10F5D000012A32D1289A4AB1299A22443A44012A6E
:10F5E000D8BF0122934253EAB2820A920A9A974202
:10F5F00023DD05304CF6CD4541F10001CCF6CC457C
:10F600004008013F40EAC170013410EB51024FEA5B
:10F61000510142F10002A2FB053626F0030303EB81
:10F6200096034FF0CC36D21A821A61F10001A2FB88
:10F63000050302FB063201FB05210A9A23B2974219
:10F6400057EAB28215B22B44A3F10108012DC0F292
:10F6500029810CEB050302F0030903F1050A042DCF
:10F6600002D24FF0000BB2E04CF6CD44CDE9109839
:10F6700003F104084FF0000BCCF6CC44A5EB0902D3
:10F68000129513926422002305460E46FFF732FBC3
:10F69000420800F0010042EAC17212EB510141F14F
:10F6A0000001A1FB042323F0030202EB93020023D9
:10F6B000891A4FF47A7240EA4100314640F030092D
:10F6C0002846FFF717FB42084CF6CD4742EAC172C5
:10F6D000CCF6CC4712EB510100F0010041F10002E1
:10F6E000690841EAC67111EB560343F10003A3FB1D
:10F6F000077424F0030707EB9407DB1B6FF0020786
:10F70000CB1A4CF6CD41CCF6CC41A3FB011C01EB4E
:10F710008104A5EB440444F0300408F804498BEA62
:10F7200007044CF6CD47CCF6CC470AF80490A2FB70
:10F73000074727F0030404EB97074CF6CD44A2EBF0
:10F740000702CCF6CC4440EA42006FF0030282EAA2
:10F750000B0240F030000AF802004FF0CC304FEAC4
:10F76000560203FB00C062F1000202FB04004A08DB
:10F7700001F0010142EAC07212EB500040F10000BA
:10F78000A0FB042323F0030202EB93020023801A60
:10F7900042F2107241EA40006FF0010181EA0B0170
:10F7A00040F030000AF8010028463146FFF7A2FA7F
:10F7B0000BF1040B139A5A457FF464AFDDF84090C7
:10F7C000DDF814C0DDE91185B9F1000F6AD04208F7
:10F7D0004CF6CD4442EAC172CCF6CC4412EB510354
:10F7E00043F10003A3FB047626F0030707EB96071B
:10F7F000DB1B4F08D31A67F10006B9F1010FA3FB19
:10F80000042E6FEA0B0402EB8207A0EB470747F0D8
:10F8100030070AF8047045D04FF0CC374CF6CD4491
:10F8200003FB07E3CCF6CC44570802F0010206FBC9
:10F83000043347EAC37717EB530343F10003B9F1ED
:10F84000020FA3FB0476AAEB0B0426F0030707EBD9
:10F850009607A3EB070342EA430242F0300204F8A2
:10F86000022C1FD064220023FFF744FA4208DDF87F
:10F8700014C042EAC17200F0010012EB51014CF6D3
:10F88000CD4241F10001CCF6CC42A1FB022323F092
:10F89000030202EB9302891A40EA410040F0300073
:10F8A00004F8030C03988CF80400CCF80080284678
:10F8B0001FB0BDE8F08F2DE9F04F8BB0490041EA51
:10F8C000D07405931646D2E9002345002846214608
:10F8D00008AF009700F043FAD6E90223834606A852
:10F8E0008946009028462146DDE9087A00F037FA7B
:10F8F00010EB0708DDE906234AEB010ADDE9080100
:10F90000571C059C43F10005B8EB00007AEB0100A1
:10F91000A4F1410455EA338357EA328296E8830022
:10F9200017EB0807F568049445EB0A0510EB0B008C
:10F9300059EB0100009457F10000CDE9062345F191
:10F940000001571C43F10005B0EB080471EB0A04F9
:10F95000CDF80CB055EA338357EA3282CDF80890DF
:10F9600000F01BFADDE91429169BC2E9000143B33C
:10F97000D6E900C1D6E902560398B8EB0505DDE9E2
:10F9800006236AEB06066C1E66F10007B0EB0C005E
:10F990000298DDF810B08841CDF800B054EA358007
:10F9A00057EA3681571E63F10006B8EB00057AEB83
:10F9B000010557EA328256EA338300F0EEF95F46DA
:10F9C0003EE0DDE906204FEA4804D6E900EC01906C
:10F9D0000598D6E90276A0F14005029800954FEA15
:10F9E0004A05039945EAD87544EAD0744300E71BF9
:10F9F00065EB0606B7F1010B43EAD17366F100002F
:10FA0000DEEB410173EB0C0150EA36815BEA378093
:10FA1000B4EB0803019F75EB0A035FEA2F937F00A5
:10FA200043EA420347EAD2775A1E67F10006241AD6
:10FA30008D4152EA338256EA378300F0AEF9049FD3
:10FA4000DDE90623C9E9000140465146009700F070
:10FA5000A4F90BB0BDE8F08F43F24141C0F20101BF
:10FA60004843800C704742F6FB61C0F20B014843EB
:10FA7000000D704749F24F31C0F212014843012195
:10FA800001EBD04070472DE9F04F4CF6CD4E45F6D6
:10FA9000294442F6F50A47F6D50847F6916943F23C
:10FAA000343B02460020CCF6CC4E4FF03333CCF240
:10FAB0008F24C8F65C7AC2F2E968C3F6FB29C3F268
:10FAC000333BA2FB0E5C4FF0CC3702FB07C7D5F1EE
:10FAD000333501FB0E7773EB07072ED3A2FB0475BA
:10FAE00002FB0A55D7F1333701FB045573EB0507C9
:10FAF00022D3A2FB087540F63106C1F6AC4602FBE4
:10FB00000655D7F1333701FB085573EB050716D3BC
:10FB1000A2FB09754CF67066CDF28826043002FB14
:10FB2000065201FB0921B7EB0B0271F133323A4661
:10FB3000C7D30138BDE8F08F0130BDE8F08F023047
:10FB4000BDE8F08F2DE9F04F87B005464EF64F40E7
:10FB5000C4F6C4608B46A5FB0001C8081A2100FB4F
:10FB600001F640F6C041C0F2012101EB0010B542A0
:10FB700009D190E80E00C0688BE80E00CBF80C00AD
:10FB800007B0BDE8F08FD0E9009240F69051C0F286
:10FB900001210192D0E90223A81B51F8307001EB3A
:10FBA000C000446804A800903846214600F0D7F809
:10FBB000019B824602A888460090384621464A4664
:10FBC00000F0CDF881460191DDE90201002210EB41
:10FBD0000A0758EB010842F10000012806D1DDE9CF
:10FBE00004010130049041F1000005902846FFF720
:10FBF00041FF04463046FFF73DFF0199241A48466D
:10FC00003A464346009400F0C8F86FF0030240F60D
:10FC1000606302EA9502C0F201239A581E2303EAA8
:10FC20004503DA4002F003068019DDE9042341F1BF
:10FC30000001CBE9000138464146009400F0ADF8E0
:10FC4000CBE9020107B0BDE8F08F2DE9F04F87B096
:10FC50008B464EF64F4105461930C4F6C461A0FBF1
:10FC60000101C8081A2100FB01F640F6B861C0F294
:10FC7000012101EB0010AE4209D190E80E00C068EE
:10FC80008BE80E00CBF80C0007B0BDE8F08FD0E990
:10FC900000A240F69051C0F201210192D0E9022366
:10FCA000701B51F8307001EBC000446804A800904C
:10FCB0003846214600F053F8804602A80090BAF179
:10FCC000010201988946214660F10003384600F0A0
:10FCD00046F804468A46DDE90201002210EB0807D7
:10FCE00051EB090842F10000012806D1DDE90401C9
:10FCF0000130049041F1000005903046FFF7BAFE54
:10FD000006462846FFF7B6FE361A204651463A46C2
:10FD10004346009600F041F86FF0030240F6A873E6
:10FD200002EA9502C0F201239A581E2303EA450312
:10FD3000DA4002F003054019DDE9042341F1000136
:10FD4000013041F10001CBE90001384641460096FF
:10FD500000F023F8CBE9020107B0BDE8F08FF0B561
:10FD6000A2FB01CEA2FB0075A3FB011415EB0C0551
:10FD7000DDF814C051EB0E06294644F1000432466A
:10FD8000E3FB0012A3FB0003401956EB030044F110
:10FD90000000CCE900203846F0BD10B5DDF808C001
:10FDA000CCF1400ECEF1200420FA0CF003FA0EF351
:10FDB00022FA04F42343DCF1200458BF02FA04F3CE
:10FDC00002FA0EF201FA04F440EA040058BF0022DD
:10FDD000BCF1200458BF21FA04F021FA0CF158BFFD
:10FDE00000211043194310BD024619B370B54218E3
:10FDF000A1F1010EA1F1020CCC1E0023C55C85B15E
:10FE00009E4515D0C5186E786EB19C4510D0AE7861
:10FE10005EB19C420CD0EE784EB104339942EDD1E4
:10FE200006E0C21804E06A1C02E0AA1C00E0EA1C1A
:10FE3000BDE87040101A70470000000000005454E4
:10FE40005220524547474553005553425F50495051
:10FE500045305F4D42580075785F6465766963652B
:10FE60005F636C6173735F617564696F5F737472F4
:10FE700065616D5F676574206F7065726174696F2D
:10FE80006E206661696C65640075785F646576698B
:10FE900063655F636C6173735F617564696F5F66EF
:10FEA00072616D655F777269746520697320666140
:10FEB000696C6564004E6577204576656E742046F2
:10FEC0006C6167730075785F6465766963655F630D
:10FED0006C6173735F617564696F5F726563657090
:10FEE00074696F6E5F7374617274206F7065726194
:10FEF00074696F6E206661696C65640075785F6413
:10FF000065766963655F636C6173735F617564696E
:10FF10006F5F7472616E736D697373696F6E5F7317
:10FF200074617274206F7065726174696F6E20669F
:10FF300061696C65640075785F64657669636520E6
:10FF4000737461636B20636C61737320726567699E
:10FF50007374657265642073756363657373667526
:10FF60006C6C79005553422064657669636520693D
:10FF70007320706C756767656420696E0055534225
:10FF80005F4653505F53454D58000D0A4572726FDE
:10FF9000723A206D656D6F72795F616C6C6F636131
:10FFA00074655F727474206661696C65642E0D0AF5
:10FFB000005553425F504950455F4D4258005553DC
:10FFC000425F5043445F4D425800312E3100525F32
:10FFD0005553425F4F70656E2041504920666169FC
:10FFE0006C65640052545420546872656164002842
:10FFF0004E554C4C2900496E7365727420746865C7
:020000040201F7
:1000000020555342206361626C650075785F74729D
:10001000616E736665725F726571756573745F7327
:10002000656D6170686F726500696E660075785FF6
:1000300064657669636520737461636B20696E69BA
:100040007469616C697A6564207375636365737341
:1000500066756C6C790055534220647269766572DE
:10006000206F70656E656420737563636573736676
:10007000756C6C79000D0A494E464F3A2025730D78
:100080000A000D0A0075785F73797374656D5F6D92
:1000900075746578007274745F6F705F71756575E3
:1000A000650054696D657374616D702028546963CF
:1000B0006B7329203D2030782530386C783A0D0A52
:1000C0000075785F6465766963655F636C617373FF
:1000D0005F617564696F5F726561645F6672616DAF
:1000E000655F66726565206F7065726174696F6EB9
:1000F000206661696C6564005553425820506175F3
:100100006420546872656164000D0A5265747572EA
:100110006E6564204572726F7220436F64653A2089
:100120003078257820200D0A0055534220777269D7
:10013000746520737461727465640075785F737997
:100140007374656D20696E697469616C697A656440
:10015000207375636365737366756C6C790075786D
:100160005F6465766963655F636C6173735F617516
:1001700064696F5F6672616D655F7772697465202F
:100180006F7065726174696F6E206661696C656419
:100190000046535020436F6D6D6F6E20496E697439
:1001A0002053656D000D0A4552524F523A20257377
:1001B0000D0A0055534220777269746520636F6D94
:1001C000706C657465640075785F73797374656DC0
:1001D0005F696E697469616C697A65204150492074
:1001E0006661696C6564005465726D696E616C006E
:1001F0006674705F636C69656E745F746872656164
:10020000645F696E7075745F7175657565004572C0
:10021000726F7220696E2070726F63657373696E9E
:10022000672C20706C6561736520636865636B2063
:10023000616761696E0D0A0075785F646576696350
:10024000655F636C6173735F617564696F5F72652D
:1002500061645F6672616D655F676574206F70656C
:10026000726174696F6E206661696C6564005F75A8
:10027000785F6465766963655F737461636B5F69FA
:100280006E697469616C697A6520415049206661C4
:10029000696C6564005553425F4D454D5F424C4F5C
:1002A000434B005043445F54534B0075785F646583
:1002B000766963655F636C6173735F617564696FB1
:1002C00032305F636F6E74726F6C5F70726F6365F4
:1002D0007373206661696C6564000D0A2A2A2A2AF4
:1002E0002A2A2A2A2A2A2A2A2A2A2A2A2A2A2A2A6E
:1002F0002A2A2A2A2A2A2A2A2A2A2A2A2A2A2A2A5E
:100300002A2A2A2A2A2A2A2A2A2A2A2A2A2A2A2A4D
:100310002A2A2A2A2A2A2A2A2A2A2A2A2A2A0D0A7A
:100320002A20202052656E65736173204653502049
:100330004578616D706C652050726F6A65637420DA
:10034000666F7220555342585F70617564204D6F1F
:1003500064756C6520202020202020202020202073
:10036000202A0D0A2A2020204578616D706C6520B6
:1003700050726F6A6563742056657273696F6E2080
:100380002573202020202020202020202020202015
:10039000202020202020202020202020202020205D
:1003A000202020202A0D0A2A202020466C65782053
:1003B000536F667477617265205061636B20566578
:1003C0007273696F6E202025642E25642E256420AB
:1003D000202020202020202020202020202020201D
:1003E00020202020202020202020202A0D0A2A2A18
:1003F0002A2A2A2A2A2A2A2A2A2A2A2A2A2A2A2A5D
:100400002A2A2A2A2A2A2A2A2A2A2A2A2A2A2A2A4C
:100410002A2A2A2A2A2A2A2A2A2A2A2A2A2A2A2A3C
:100420002A2A2A2A2A2A2A2A2A2A2A2A2A2A2A2A2C
:100430000D0A526566657220746F20726561646D85
:10044000652E7478742066696C6520666F72206D05
:100450006F72652064657461696C73206F6E2045EE
:1004600078616D706C652050726F6A65637420618D
:100470006E640D0A46535020557365722773204DE4
:10048000616E75616C20666F72206D6F7265206998
:100490006E666F726D6174696F6E2061626F7574E4
:1004A00020555342585F70617564206472697665A7
:1004B000720D0A000D0A4552524F523A207274745E
:1004C0005F6672616D65776F726B5F696E697420CC
:1004D0006661696C65640D0A0075785F64657669AC
:1004E00063655F737461636B5F636C6173735F7289
:1004F0006567697374657220415049206661696C53
:100500006564006E616E005553422072656164201F
:10051000636F6D706C657465640075785F64657693
:100520006963655F636C6173735F617564696F5F55
:1005300073747265616D5F74687265616400727472
:10054000745F70726F63657373696E675F626C6FFF
:10055000636B000D0A54686973206578616D706C77
:10056000652070726F6A6563742064656D6F6E7369
:100570007472617465732074686520626173696365
:100580002066756E6374696F6E616C6974696573FA
:10059000206F6620555342580D0A50657269706885
:1005A0006572616C20417564696F2064657669636A
:1005B0006520647269766572206F6E2052656E6583
:1005C000736173205241204D4355732062617365FE
:1005D00064206F6E2052656E6573617320465350C0
:1005E000207573696E6720417A7572652052544F89
:1005F000532E0D0A5241204D43552077696C6C20D3
:10060000626520636F6E6E6563746564206173203C
:1006100055534258207065726970686572616C202C
:10062000617564696F20746F2074686520686F73EA
:10063000742050432E20416E20617564696F2077CD
:1006400061762066696C652077696C6C0D0A62655D
:1006500020706C61796564206F6E20746865206815
:100660006F7374205043207573696E6720617564E1
:10067000696F20706C6179657220284175646163CF
:10068000697479292E205468652077617620617518
:1006900064696F20646174612077696C6C206265A5
:1006A0000D0A7472616E736665727265642066729B
:1006B0006F6D20686F737420504320746F207468CE
:1006C00065204D4355207573696E672074686520F9
:1006D00069736F6368726F6E6F7573204F55542C1A
:1006E000207468726F7567682055534258205041D6
:1006F0005544206D6F64756C652E204F6E63650DDB
:100700000A74686520617564696F20646174612092
:100710006973207265636569766564206F6E207405
:100720006865204D43552C207468652072656365AB
:100730006976656420617564696F20646174612005
:1007400077696C6C2062652073746F726564206FCA
:100750006E20746865204D4355205352414D2E0D37
:100760000A5768656E20686F737420504320737455
:1007700061727473207265636F7264696E6720744E
:10078000686520617564696F207573696E67207490
:10079000686520617564696F207265636F72646556
:1007A0007220284175646163697479292C204D4356
:1007B000552077696C6C207472616E736D69740D6D
:1007C0000A74686520617564696F206461746120D2
:1007D00073746F72656420696E20746865204D4380
:1007E00055205352414D20746F2074686520686F06
:1007F0007374205043207573696E67207468652098
:1008000069736F6368726F6E6F757320494E2C2029
:100810007468726F7567682055534258205041556F
:10082000440D0A6D6F64756C652E205468652075E3
:100830007365722077696C6C2062652061626C65FB
:1008400020746F20706C61792C206C697374656EF4
:1008500020616E642076657269667920746865200F
:100860007265636F7264656420617564696F206688
:10087000696C6520646174612E0D0A005553422035
:1008800064657669636520697320756E706C756741
:100890006765642E20436F6E6E6563742055534206
:1008A00020646576696365206361626C6520666FAC
:1008B0007220455020746F20776F726B2E000D0AE6
:1008C000525454205072696E74696E672052656389
:1008D000656976656420556E6B6E6F776E204D6529
:1008E0007373616765204944005553422072656106
:1008F00064207374617274656400286E756C6C2971
:10090000003031323334353637383941424344458B
:1009100046D4D4D4908706220000000000000000D6
:1009200000000000000000000000000000000000C7
:1009300000000000000000000000010008020000AC
:100940000000010009020000000001000A0200008E
:10095000000001000B02000000000113070400006A
:10096000000001140804000004000000000500005D
:1009700004000000070D0000080000003809010213
:100980000000000001080300000000000100C10297
:1009900000000000000000000000000054020022DF
:1009A00084090102408806229C090102240A0102EE
:1009B00000070300000000000100C2024988000295
:1009C000000000000000000064020022B0090102E3
:1009D00058880622C8090102240A0102020201867F
:1009E0000000000000000000000102030405060CE6
:1009F0000C0C0C0C0C0C00000000000000000000AF
:100A0000D0090102A4090102000000009A009B0025
:100A100098009900C302C102C202400041000204D2
:100A20000304040419C5000299C50002B1C50002FF
:100A300019C6000229C6000251C6000261C60002A2
:100A400071C60002A1C6000201C7000209C7000268
:100A500000000068000000680000008000000080C6
:100A600000000070000000704003002240030022DC
:100A70000B000000880A0102190000000C0B0102A3
:100A800004000000500A0102000000680000006835
:100A90000001000D00000068000000680001000D6A
:100AA00000000080000000800001000800000080BD
:100AB00000000080000100080000007000000070CD
:100AC0000001000A00000070000000700001000A30
:100AD00000000000000000000100000500000020F0
:100AE0000000002001000004400300224003002217
:100AF000000000037007002238AF06220000000348
:100B000038AF062238AF062200000003000000685C
:100B100000000068000000900001090D000000685E
:100B2000000000680000007800010B0D0000006864
:100B300000000068000000270001020D00000068AE
:100B400000000068640000020001010D0000008048
:100B500000000080000000900001090800000080F3
:100B6000000000800000007800010B0800000080F9
:100B70000000008000000027000102080000008043
:100B80000000008064000002000101080000007005
:100B900000000070000000900001090A00000070D1
:100BA000000000700000007800010B0A00000070D7
:100BB00000000070000000270001020A0000007021
:100BC00000000070640000020001010A0000000043
:100BD0000000000000000090010109050000000075
:100BE000000000000000007801010B05000000007B
:100BF00000000000000000270100020500000000C6
:100C00000000000064000002010001050000002057
:100C100000000020000000900101090400000020F5
:100C2000000000200000007801010B0400000020FB
:100C30000000002000000027010002040000002046
:100C400000000020640000020100010400000022F6
:100C500000000022000000900001090300000022B3
:100C6000000000220000007800010B0300000022B9
:100C70000000002200000027000002030000002204
:100C80002C030022640000020000010338AF06229A
:100C900038AF0622900300020000010306000000A6
:100CA0000800000003000000050000000A0000002A
:100CB00001000200080010002000D4D4D4D4D4D401
:100CC0000000000000000000000000000000001014
:100CD0000000000000000000B9340332B7F4AD1486
:100CE00010DB1AB30892540E0D307D951447BA1AD2
:100CF00066088F4D26ADC66DF598BF85E2B74511E4
:100D0000CA96853D92BD1DEBFCA11860DCEF521622
:100D10003C92AE220BB8C1B4839D2D5B0562DA1CF8
:100D2000304C7E8F4E8BB25B16F4529F8B56A512C1
:100D3000FBD4827643ED8AF08FE7F93115651918F7
:100D400050F19BD94A13EEB4284CF0A686C1251F5A
:100D5000035FC270CB9E4916E642889C44EB201488
:100D6000B0650836AD6EA58585F0CA14E2FD031A9C
:100D70000B899979D5B13D09D8DA973A35EBCF107F
:100D8000AC363F5E73BB38CF3E6752FA44AFBA15FC
:100D9000010000000000000005000000000000004D
:100DA00019000000000000007D00000000000000AD
:100DB0007102000000000000350C0000000000007F
:100DC000093D0000000000002D310100000000007E
:100DD000E1F505000000000065CD1D0000000000E9
:100DE000F902950000000000DD0EE902000000009D
:100DF000514A8D0E000000009573C24800000000AB
:100E0000E941CC6B010000008D49FD1A070000008C
:100E1000C16FF28623000000C52EBCA2B100000005
:100E2000D9E9AC2D780300003D9160E45811000031
:100E300031D6E275BC560000F52E6E4DAEB1010004
:100E4000C9EA268367780800ED95C28F055A2A0003
:100E5000A1EDCCCE1BC2D30025A4000A8BCA22046C
:100E60000000000000000000000000000000000082
:100E7000000000409559695955555455155555561A
:100E800004051541105455404551554440455044C2
:100E90005055554500400040400444966555565510
:100EA0004540455451411540559155555555405172
:100EB00005010000D4D4D4D40100000000000000DB
:100EC0000000000000000020345065C05FC9A65239
:100ED000BB13CBAEC440C21806C8DF7100D5A87CD6
:100EE000F56F0FDA58FC27136E4756357D242065C1
:100EF00002C7E768E48CA41DE9E60268D7CD396132
:100F00007977FCC2405BEF16798CDE43FFA751F97D
:100F100091F3B278F5BDBE11E857E9D6E8BEE87B9B
:100F2000B054AC8F848D751BEA23A499E9F9D38B57
:100F3000B7A3714061DA3E15CEE33ECB73F94808A2
:100F40008C97B427D51B7010A2BFEFB9EB85321573
:100F50004DB44DB49BBB6F1996B6076CF8E7EEAD78
:100F600036D9B4F59135AE13222218AF4E6A684DCA
:100F700091DAAA3D4F40741E9FBD9EE006A1C09825
:100F800057C2A7FDA40E90170E7D497173E3208F01
:100F9000B220D87605143B12853D7434811343B0DA
:100FA000AD297A5F27F4351C544554544555050442
:100FB0000010041014044000000001405555154174
:100FC00054040000440001000000004041000044BF
:100FD000504445505400555554556551004000400B
:100FE00001000001000501001154515154555505EF
:100FF00000154150000004401001040500000000ED
:1010000000000606362E362E30004275696C7420BC
:10101000776974682052656E6573617320416476E8
:10102000616E63656420466C657869626C65205307
:101030006F667477617265205061636B61676520CC
:0E10400076657273696F6E20362E362E300084
:040000050200D451D0
:00000001FF
