:020000040200F8
:100000002007002261C9000231C8000271C9000244
:1000100071C9000271C9000271C9000271C90002F0
:1000200000000000000000000000000071C9000294
:1000300071C9000200000000C1690002416A0002AB
:10004000F18500022986000259860002818600029D
:08005000B1BE0002B1BE0002C6
:1000580012010002000000405B04020000020102DD
:1000680000010A0600020000004001000907F7002D
:10007800030100C005080B0003010020000904006B
:100088000000010120000924010002086F00000897
:10009800240A1005010000112402040101091002BC
:1000A800000000000000000012240605040F0000F4
:1000B800000000000000000000000C2403060203FA
:1000C80000051000000011240207010200100203BD
:1000D8000000000000000012240608070F000000BE
:1000E8000000000000000000000C240309010104C6
:1000F80008100000000904010000010220000904A2
:100108000101010102200010240104000101000086
:100118000002000000000006240201021007050288
:100128000DC00004082501000000000009040200B9
:10013800000102200009040201010102200010242C
:10014800010900010100000002000000000006246F
:100158000201021007058105C800040825010100F5
:1001680000000012010002000000405B04020000D1
:1001780002010203010902D000030100A032080BAA
:100188000003010010000904000000010100000A3A
:100198002401000148000201020C240204010109A3
:1001A80002030000000A24060504010300000009F8
:1001B80024030602040005000C24020701020002C1
:1001C800030000000A2406080701030000000924B0
:1001D80003090101040800090401000001020000EC
:1001E80009040101010102000007240104030100C0
:1001F8000E2402010202100244AC0080BB00090573
:100208000209C000010000072501010104000904DA
:1002180002000001020000090402010101020000BD
:10022800072401090101000E240201020210024400
:10023800AC0080BB0009058105C800010000072546
:1002480001010000000904010752454E455341537E
:100258000904021755534220417564696F204465AB
:100268006D6F6E7374726174696F6E090403083080
:10027800303030303030300904040A46756C6C2D4B
:1002880053706565640904050848692D53706565F0
:10029800640904060D3030303030303030303030C2
:1002A8003031090400001890000000000000000030
:1002B800000000000000009800000000000000009E
:1002C8000000000075785F736C6176655F636C6130
:1002D80073735F617564696F0001010101020101B7
:1002E80001020101010102020201010101010102F1
:1002F80001010101010101010101010101010000E8
:10030800F0F0F0F000000000140025401400254033
:1003180000000000180025401800254000000000DB
:100328001C0025401C00254000000000708E06229D
:10033800A88E0622E08E0622188F0622508F0622EB
:10034800888F0622C08F0622F88F06223090062258
:0803580068900622A090062225
:100360002DE9F04381B040F250761546C2F20026E6
:10037000884607463378532B36D0A82130460CF0F8
:100380004DFC0320306170614FF2AE6040F2F871B5
:10039000C0F20020B061C2F20021F1614FF480513F
:1003A00031620021B1627162F16241F2F87230662D
:1003B0004FF0100E4FF2D020C2F200227266C6F843
:1003C00068E03167F1667167BFF35F8FC0F20020AC
:1003D0000F30314600BF00BF10F8012901F8012B92
:1003E0000FF007C0BFF35F8F07EB470006EBC000BD
:1003F00000F16009C76E046FBC4213D9D9E901014D
:10040000091BA94251EA35860119404632460CF0D3
:1004100009FC3019D9F80810411AB04450EA118487
:10042000AD1B00E00026381BA84250EA358545B1D7
:10043000D9F804002A46011940460CF0F3FB2E447B
:100440002C44002E304618BFC9F8104001B0BDE85A
:10045000F083D4D4D4D4D4D410B50B46EFF31184A4
:100460004FF0200181F311881946FFF779FF84F3DB
:10047000118810BDD4D4D4D42DE9F04381B000EB61
:10048000400040F25073C2F20023154603EBC00354
:10049000894603F11808D86A022819D001280CD01F
:1004A00048B9D8F80C40D8F81000E143A04267D909
:1004B0000844A8426AD2002689E0D8F80C40D8F84F
:1004C0001010A14233D9E0430144D8F8080033E0CA
:1004D000D8F80C40002621E0D8F808101044084451
:1004E000091B884250EA31804946A84250EA3587C4
:1004F000D8F8040020443A460CF094FB3819D8F898
:100500000810411AA5EB070550EA11843E44B9448E
:10051000002DBFF35F8FC8F80C4058D0D8F81000FA
:10052000E243A042D8D91044D8F80810D8E7E243F3
:10053000D8F8080011440144A94251EA3586051B48
:10054000D8F804002044AE4209D2494632460CF0A5
:1005500069FBBFF35F8F3019C8F80C0037E04946DC
:100560002A460CF05FFB771BD8F8040009EB050165
:100570003A460CF057FBBFF35F8FC8F80C7026E0CB
:10058000D8F8082008441044A84294D3D8E90101BF
:100590000E1B2044B54209D249462A460CF042FBC4
:1005A000BFF35F8F6019C8F80C000FE04946324670
:1005B0000CF038FBAF1BD8F8040009EB06013A46F3
:1005C0000CF030FBBFF35F8FC8F80C702E4630463E
:1005D00001B0BDE8F083D4D4F0B581B040F25075DD
:1005E0000C46C2F200252B78532B37D00646A821A3
:1005F000284617460CF012FB0320286168614FF271
:10060000AE6040F2F871C0F20020A861C2F2002191
:10061000E9614FF4805129620021A9626962E962AF
:1006200041F2F87228664FF0100E4FF2D020C2F25D
:1006300000226A66C5F868E02967E9666967BFF362
:100640005F8FC0F200200F3010F8011905F8011B70
:100650000FF007C03A463046BFF35F8FEFF31185C6
:100660004FF0200181F311882146FFF705FF85F344
:10067000118801B0F0BDD4D410B540F25074C2F26C
:1006800000242078532837D0A82120460CF0C6FA41
:100690000320206160614FF2AE6040F2F871C0F259
:1006A0000020A061C2F20021E1614FF4805121627B
:1006B0000021A1626162E16241F2F87220664FF0AE
:1006C000100E4FF2D020C2F200226266C4F868E039
:1006D0002167E1666167BFF35F8FC0F200200F30D2
:1006E000214600BF00BF00BF10F8012901F8012B0F
:1006F0000FF007C0BFF35F8FE06E216F81425FEAAA
:100700000F9010BDD4D4D4D42DE9F04F9BB09246B5
:100710000F464FF0000903901A900DF1580B00207E
:1007200006A9169140211791CDE918990EE0011DF7
:10073000CAF800100168CDE900385846234600F099
:100740000BFA1998B0F1FF3F40F3008217F8011B34
:1007500025291DD0002900F0E981DDE91720431C7F
:10076000934207D8169A115418931998179A013082
:10077000199018469042E4D116991A98FFF72CFF69
:100780001899884240F0CD81CDF86090D9E700BF3C
:100790004FF000083978A1F123030D2B18D802225D
:1007A000DFE803F00E161616161616161016121699
:1007B000160748EA02080137ECE700BF00BF00BF98
:1007C0000822F6E70422F4E70122F2E700BF00BFA7
:1007D000A1F13A02002312F10A0F0FD300BF00BFAC
:1007E0000A4617F8011F03EB8303A1F13A0602EB57
:1007F000430216F10B0FA2F13003F1D82E290FD1CD
:100800003A4612F8016F2A2E0DD1DAF8001002379D
:100810000A1DCAF800200C6801211DE000BF00BFBE
:100820000021002418E0A6F13A0717F10A0F02D2BE
:10083000002100240FE0002412F8011F04EB8407BC
:10084000A1F13A0506EB470715F10B0FA7F13004AC
:100850000E46F1D80121174617F8012B02F0FB06CE
:10086000682EF9D0A2F15806202E26D8DFE806F02F
:100870001211111111111111111111163C11111137
:100880001111111111111111691111761138111174
:10089000120056E7DAF80000102248E7DDE91720D9
:1008A000411CDAF80030914203F10406CAF80060F6
:1008B0003FF660AF169A1B680AE0252A7FF441AF25
:1008C000DDE91720411C91423FF654AF169A2523CB
:1008D000135418911998179A01301990084649E74E
:1008E000DAF800000A2222E7DAF800100A1DCAF836
:1008F000002009680591002951EA51B201210A2A14
:100900000EDB4CF6CD4CCCF6CC4C00BF00BF00BF8C
:10091000A2FB0C56632A01F101014FEAD602F7D877
:100920008C4254EA81895E46002B54D0059908F028
:10093000040200295FEA5F9141EA9201A3EB010BF7
:100940004BE0DAF800001022011DCAF8001001681F
:1009500008230820CDE900095846F0E6DAF800201F
:10096000131DCAF8003012684FF2B643002AC0F2D5
:10097000002352EA13865FEA01880AE000BF00BF45
:100980001998CDF86090B0F1FF3FA4F101047FF712
:10099000D8AE16F8011B002C5FEA188200293FF43C
:1009A000D0AE002A7FF4CDAEDDE917235D1C954261
:1009B00007D81698C1542B461998179A01301895E4
:1009C00019909342DFD116991A98FFF705FE1899EE
:1009D0008842D5D0A5E04FF0000B5FEA8871049102
:1009E00018D5BCB90598B0F1FF3F3DDD5FEA48700E
:1009F00057D5DDE91720411C914208D8169A2B23C0
:100A0000135418911998179A01301990084690427A
:100A10003ED046E05FEAC871E4D1BBF1000FE1D0FF
:100A2000ABF101055D4538BFD945DBD2DDE91721C2
:100A30004B1C934208D81698202242541946199804
:100A4000179A013018931990914209D116991A9862
:100A5000FFF7C2FD1899884263D1002018901998B9
:100A60000028AB46DCD558E0DDE91720411C914257
:100A700008D8169A2D23135418911998179A0130F3
:100A80001990084690420598C0F10000059008D1E1
:100A900016991A98FFF7A0FD1899884241D10020B5
:100AA00018901998002851D4049900290BD40A22CF
:100AB000304605992346CDE900B8B34600F04CF81E
:100AC0004FF000093DE608F001012143EFD1BBF1F1
:100AD000000FECD0ABF101055D4538BFD945E6D23A
:100AE000DDE917214B1C934208D816983022425456
:100AF00019461998179A013018931990914209D103
:100B000016991A98FFF768FD1899884209D10020B4
:100B1000189019980028AB46DCD54FF00009B34671
:100B20000FE64FF0FF301BB0BDE8F08F40B1189AD0
:100B300052B106A90398FFF74FFDDDE9181004E054
:100B400000201BB0BDE8F08F002108441BB0BDE8B9
:100B5000F08FD4D4D4D4D4D42DE9F04F81B015463D
:100B60008B4691421F460446DDF828904FF0010065
:100B700007D3594600BF00BFB1FBF5F10130A942D0
:100B8000FAD2874257EA8088B9F1000F0B9938D022
:100B900011F0010035D188074FF0200048BF302008
:100BA0002021002F50EA01864FF0000A06E000BF26
:100BB000E068A9F10109B0F1FF3F22DDB9F1000FB2
:100BC0001FD0C8451DD2D4E90120411C914207D84D
:100BD00022681654A160E06862680130E06008464F
:100BE0009042E5D121682069FFF7F6FCA1688842B0
:100BF00002D1C4F808A0DBE74FF0FF30E060A9F1B4
:100C00000109E068002842D4012603E000BF00BFCC
:100C1000013F6E43022FFBD2BBFBF6F1A942F8D293
:100C20004FF69357A268C0F2002700BF00BF00BF75
:100C30006168531CBBFBF6FA8B4209D8206817F891
:100C40000A1081541A46E06861680130A360E060D0
:100C50008A4209D121682069FFF7BEFCA268904250
:100C60000CD10022E068A26000280AD4B6FBF5F19E
:100C70000AFB16BBB5420E46DAD902E04FF0FF3050
:100C8000E0600B99C90718BFB9F1000F02D101B09C
:100C9000BDE8F08F2025A9F101064E4538BFC845B3
:100CA000F5D26168531C8B4207D8206885541A46D8
:100CB000E06861680130A360E0608A4209D1216880
:100CC0002069FFF789FCA168884207D10022E0680B
:100CD000A260B0F1FF3FB146DDDCD8E74FF0FF3056
:100CE000E06001B0BDE8F08F82B080B582B0CDE9A0
:100CF000042304AA019201AAFFF706FD02B0BDE891
:100D0000804002B07047D4D4B0B582B041F608003C
:100D10004FF6D61141F63C02C2F20020C0F200218B
:100D2000C2F200224FF480733425009504F0B8FF1E
:100D300008B102B0B0BD41F63C104FF25C5141F633
:100D40007413C2F20020C0F20021C2F2002301227B
:100D500038241425CDE9005405F09EF940B141F640
:100D600008010446C2F20021084605F009F81FE018
:100D700041F688104FF2B76141F6C013C2F200206D
:100D8000C0F20021C2F200230122CDE9005405F097
:100D900083F980B141F608010446C2F200210846F9
:100DA00004F0EEFF41F63C10C2F2002005F0ECF931
:100DB000204602B0B0BD002002B0B0BDD4D4D4D41F
:100DC00080B541F60800C2F2002004F0D9FF41F6D8
:100DD0003C10C2F2002005F0D7F941F68810C2F2AB
:100DE000002005F0D1F94FF2D0510020C0F20021CF
:100DF0000122FFF779FF00BE80BDD4D4D4D4D4D46F
:100E0000022818BF704748F2187040F23831C2F219
:100E10000620C0F201210AF08FBDD4D4D4D4D4D49A
:100E20009CB04FF0000ACDF83FA0CDF83CA0CDF823
:100E30000CA0CDE90DAA04F043FD4FF26952034620
:100E4000C0F200220DF1110023210BF0FFFFFFF78C
:100E50005BFF80B14FF64C110446C0F20021002028
:100E6000FFF742FF4FF2D0510020C0F2002122468E
:100E7000FFF73AFF00BE41F63C144FF269594FF2BA
:100E800049564FF23C5B4FF26C68C2F200241BAD36
:100E9000C0F2002912AFC0F20026C0F2002BC0F24F
:100EA000002804E000BF00BF012004F0F9F9FFF7BB
:100EB000E3FB002844D0D8460DF1340B00200F226C
:100EC0005946FFF7C9FA00F1090241F608004FF050
:100ED000FF33C2F200203946CDF848A004F0A4FE4A
:100EE00050B14FF2D5610020C0F20021FFF7FCFEA7
:100EF00021E000BF00BF00BF1298039080F800A05F
:100F000058460BF05DFF0399421C01F10900C1F83E
:100F1000012059460BF086FE41F688104FF0FF3253
:100F2000C2F2002003A905F067F9CDE90DAACDF8BA
:100F30003CA0CDF83FA0C3464FF26C68C0F2002839
:100F4000CDF86CA00AE0FFF7CFFE00203146FFF796
:100F5000CBFE1B9804F02CFF0A28A5D001222046C6
:100F6000294605F029F90028F6D11B9823214A4685
:100F7000D0F8053038460BF069FF1B98017801392D
:100F8000032938D8DFE801F00732022500F1090211
:100F900000204146D7E711A8CDF844A00BF0FCFB98
:100FA0009DF845109DF846209DF84730CDE9002179
:100FB0004FF272714FF291420020C0F20021C0F254
:100FC0000022FFF791FE4FF6EB110020C0F2002146
:100FD00016E0D0F80920002AB7D04FF2D0510020F7
:100FE000C0F20021FFF780FE00BEAEE700F109026B
:100FF00000205946A7E74FF614510020C0F2002107
:10100000FFF772FEA1E7D4D4F0B583B00646002006
:101010000190029041F6080015460C4601F10902C4
:10102000C2F2002002A94FF0FF3304F0FDFD50B1E1
:101030004FF251410020C0F200210027FFF754FE7B
:10104000FFF7BEFE01E0029F01973E7004F038FCFE
:10105000C7F8050007F1090029462246C7F80140F4
:101060000BF0E0FD41F63C1001A9C2F200204FF068
:10107000FF3205F0C1F803B0F0BDD4D4D4D4D4D439
:10108000F0B58FB04FF6A4510DF1180CC0F200214D
:1010900062460CF10804E8C9E8C291E8E900E9C237
:1010A0000CF10C05002700BF0698002122462B46B4
:1010B000CDE900770297CDE9037705F025FA099984
:1010C00031B90646012004F0EBF80EB92FF015C037
:1010D0000FB0F0BDD4D4D4D4D4D4D4D4D4D4D4D4B4
:1010E0009AB0FFF7CDFF0020199019A80BF054FB20
:1010F000012000210022FFF787FF41F6D8104FF4AE
:101100001041C2F200200022002301F0A1FF18903C
:1011100060B14FF28E620320C0F200222021FFF75F
:1011200073FF18AA04200421FFF76EFF4FF202623A
:101130000220C0F2002223210225FFF765FF40F2C2
:10114000522040F2F511C2F20020C2F200215D22CD
:10115000CDE90012029040F2000040F2131241F279
:101160000147C2F20020C2F2002240F21311E22332
:10117000C0F20027CDE9035701F01AFC189060B1C6
:101180004FF235720320C0F200222721FFF73CFF07
:1011900018AA04200421FFF737FF4FF2F44202207F
:1011A000C0F200222921FFF72FFF41F23940C02170
:1011B000C0F200200E9041F2E9401091C0F20020F0
:1011C0000F904FF480600C901290C820169042F25D
:1011D000B92042F22911C0F20020139041F2897027
:1011E000C0F200210D9141F26961C0F20020069029
:1011F00041F29970C0F20021149141F2F161C0F204
:101200000020079041F2A970C0F200211591C0F2B0
:10121000002008900CA80B9040F2742041F6196150
:10122000C2F20020C0F20021012200230824119400
:1012300017940A9505AF0097002501F0C1F91890A1
:1012400060B14FF671120320C0F200222A21FFF78D
:10125000DBFE18AA04200421FFF7D6FE4FF2FD3270
:101260000220C0F200222E210226FFF7CDFE5CA054
:101270005FA190ED001F4AF6D810C2F2002088ED61
:101280000A0F91ED001F05210161812141624AF69B
:10129000182188ED1A0FC2F200218583466004638D
:1012A0008587C1E900604AF62020C2F20020C821EB
:1012B0000BF0B4FC48F6480040F29C31C2F2062024
:1012C000C0F201210AF09CFA189060B14FF29542E9
:1012D0000320C0F200221621FFF796FE18AA042070
:1012E0000421FFF791FE4FF21D520220C0F20022AE
:1012F0001F21FFF789FE4FF2BD420220C0F20022FB
:101300001521FFF781FE4AF6E82448F22070C2F268
:101310000024C2F20620012103224FF0FF33009384
:10132000234604F0B9FD21681890012907D14FF236
:101330002B420220C0F200221921FFF765FE48F27D
:1013400020754FF6395A4AF6EC2B4AF6F0264AF643
:10135000F4284AF6F8290027C2F20625C0F2002A2E
:10136000C2F2002BC2F20026C2F20028C2F200290B
:10137000276005E000BF00BF2760012003F090FF59
:101380000221032228462346009704F085FD2168A8
:1013900018900229F1D10220422152462760FFF71E
:1013A00033FE8BF800703760C8F80070C9F8007021
:1013B000012103224FF0FF3000902846234604F01D
:1013C0006BFD216818900129D6D14FF22B420220E3
:1013D0001921C0F20022FFF717FECDE700BF00BFC2
:1013E000000000000000000080000000400000003D
:1013F0001000000000000000F0000000800000006D
:10140000B0B50446012805D00A2C12D102246FF091
:10141000010101E06FF0020148F220750222C2F2E0
:101420000625284604F074FD00222846214604F0D3
:101430006FFD0020B0BDD4D4F0B581B04AF6F425DC
:101440000C460129C2F20025009010D14AF6FC207A
:101450006A46C2F200200021006800F0E1FEA0B35D
:101460004FF21E320320C0F20022322137E02868FA
:10147000012836D14AF6F0200026C2F200204AF6B2
:101480000437C2F2002706604AF6EC20C2F20020C0
:1014900006704AF60030C2F2002006603878012853
:1014A0001FD14FF69F120220C0F200221321FFF736
:1014B000ABFD4AF608304AF60C31C2F20020C2F207
:1014C00000213E7006600E600BE0009800F088FE80
:1014D00038B14FF28C320320C0F200223721FFF7DF
:1014E00093FD2C6001B0F0BD2DE9F04F83B00022D8
:1014F000CDE9012241F6D412C2F2002211604AF66F
:10150000F421C2F20021096801296FD102A901AAC0
:10151000044600F0E9FD30B14FF2FF620320C0F253
:101520000022362160E04AF60C324DF6FE30C2F25F
:101530000022C0F205000199136883421DD820469D
:10154000E9B14AF6103C1829DDF80880C2F2002CF7
:101550004FD200259946A1EB050E08EB05030CEBD5
:10156000090609F1010700BF13F8015B1760013795
:1015700006F8015B0FF009C002E0204600E0002100
:101580004AF6F0220029C2F20022136803F1010397
:1015900013604AF60032C2F2002213680B44136053
:1015A0004AF60832C2F20022136803F10101116009
:1015B00011D0116801290ED14FF67B520220C0F2E2
:1015C00000221121FFF720FD4AF604312046C2F225
:1015D000002101220A7000F053FD38B14FF2885209
:1015E0000320C0F200223721FFF70EFD03B0BDE853
:1015F000F08F0CEB030602F1040E751808EB0107DF
:1016000095425FEA9F9A76455FEA2F9B97425FEA91
:101610009F99F0455FEA2989BE425FEA2F97A84566
:101620005FEA278E1AEA0B0F4FF0000592D1B9F14D
:10163000000F8FD1BEF1000F7FF48CAF21F00305B6
:101640000127A5F1040E03EB050907EB9E0E4746A3
:10165000B7FC040F0433A6EC040F0FF007C8A9422F
:1016600013607FF478AF8BE770B54AF6F8260C4626
:101670000129C2F200260FD14AF62021C822C2F267
:101680000021054600F0ECFB00B34FF22562032079
:10169000C0F20022332124E03068012814D14AF638
:1016A0000435C2F20025287870B14FF27A62022028
:1016B000C0F200221421FFF7A7FC48F210710020AD
:1016C000C2F2062128700860346070BD284600F020
:1016D000AFFD0028F8D04FF2C3320320C0F2002241
:1016E0003A21FFF791FC346070BDD4D4D4D4D4D463
:1016F00010B54AF6F821C2F20021096801293FD14C
:1017000048F214744AF61032C2F20624C2F20022E1
:1017100021681144C82200F0A3FB48B14FF25032B7
:101720000320C0F200222C21BDE81040FFF76CBC62
:10173000206841F6F111C830C0F27651A0FB0112C9
:10174000510B40F277125143A0EB8120206048F208
:101750001070C2F2062001680131016000680128A2
:1017600018BF10BD4FF2F0520220C0F20022122129
:10177000FFF74AFC4AF604300121C2F20020017052
:1017800010BDD4D4D4D4D4D44AF6FC21C2F2002162
:1017900008607047D4D4D4D44AF6FC200021C2F2A9
:1017A000002001607047D4D480B54AF61822C2F2F6
:1017B000002200F01DF938B14FF2E1220320C0F2FF
:1017C00000222F21FFF720FC002080BDD4D4D4D4E8
:1017D00080B548F220704FF27C31C2F20620C0F290
:1017E0000021242204F0FCFA002808BF80BD48F242
:1017F00020700021C2F20620BDE8804000F004B84D
:10180000FFF7E6BFD4D4D4D400BE7047D4D4D4D428
:101810007047D4D4D4D4D4D480B548F2447048F2BC
:101820004872C2F20620C2F2062200211C23016087
:10183000117048F24C704FF25861C2F20620C0F2AB
:101840000021012204F0F8FC30B148F24C70002174
:10185000C2F20620FFF7D8FF00F08AF800F048F83F
:10186000BDE88040FFF7D4BFB0B548F24C704FF0F0
:10187000FF31C2F2062004F057FD30B148F24C703F
:101880000021C2F20620FFF7BFFF48F24870C2F203
:101890000620017801B1B0BD01210170FFF7B0FF52
:1018A00048F24475C2F2062528680138286008BF4E
:1018B000B0BD48F24C74C2F2062405E000BF00BF80
:1018C000286801382860E6D0204604F045FD00284D
:1018D000F6D000212046FFF797FFF1E7D4D4D4D407
:1018E00080B502F0ADFB002080BDD4D4D4D4D4D4D4
:1018F00080B588B048F244704AF66803C2F2062008
:101900004FF48062C2F206234FF0B00C016801313F
:10191000016001201021CDE9003241F66112C0F2D0
:1019200000220023CDE902114FF2AB41C0F20021A9
:10193000CDF818C0CDE9040048F26870C2F2062064
:1019400004F016FD48B148F268700021C2F206208A
:1019500008B0BDE88040FFF757BF08B080BDD4D4C1
:1019600080B5FFF781FFBDE88040FFF759BAD4D4B6
:1019700080B588B048F244704AF66843C2F2062047
:101980004FF48062C2F206234FF0B00C01680131BF
:10199000016001200F21CDE9003241F6E112C0F2D1
:1019A00000220023CDE902114FF2BF51C0F2002105
:1019B000CDF818C0CDE9040048F66C00C2F206204C
:1019C00004F0D6FC48B148F66C000021C2F20620B3
:1019D00008B0BDE88040FFF717BF08B080BDD4D481
:1019E00080B5FFF741FFBDE88040FFF779BBD4D455
:1019F0002DE9F04F83B0D0F804B014469BF88E0068
:101A00009BF88C709BF88DA002909BF88F809BF8C0
:101A100091509BF890600BF1920001F029FD216834
:101A2000002900F0EF80B8F1010F5FEA0F92032860
:101A30005FEA2F935FEA0F9CBE46D4F804900BF147
:101A40003807134301970EF00304864618464CEA04
:101A5000020C09F11C0700220BE000BF00BF00BF11
:101A600057F80C3CAB4229D0013907F1200700F0B0
:101A7000C980012C47F81C2CF2D0022CF4D157F865
:101A8000183CB342F0D1BAF1810F06D0BAF1010F80
:101A9000EAD1BCF1000FE7D153E00028E4D1DBF834
:101AA000441057F8102C130A0A70120CDBF844107B
:101AB0004B70DBF844108A7003211DE0AAF181010C
:101AC00004291ED202990139FE29C0F09B80B8F189
:101AD000020F64D0B8F1010F40F09480BAF1810F89
:101AE00040F09080BEF1000F00F08C80DBF84410D5
:101AF00017F8082C0A7001217246019801F0C4F908
:101B000078E0BAF1010F40F07D8002980138FE289C
:101B100078D3B8F1020F71D0B8F1010F72D1DBF8B0
:101B2000500000286ED0DBF8440037F8082C01780C
:101B30008A425FD0012147F81C1C007827F8080C66
:101B400058E057F8140C002854D003784AF6AB2616
:101B5000CAF6AA2603EB4301CA1E1146012A28BF72
:101B60000121521AA2FB066253B301EB5201C21CBF
:101B700001F1010E4FF0FF30002100BF00BF00BF98
:101B800032F8023C12F8036B43EA06438B4253EAF5
:101B90008181834253EA30800FF00FC019E0BEF11B
:101BA000020F2FD3BAF1840FDBF8442047D0BAF1EB
:101BB000830F41D0BAF1820F49D137F8061C47E0B4
:101BC000C1788379B0F80120868842EA014046EA6C
:101BD0000341DBF844209378128842EA03428242B0
:101BE00052EA8080884250EA318047F8100C042085
:101BF00047F81C0C002003B0BDE8F08FDBF8500064
:101C0000022807D20BF1180000F0AAFEFF2003B053
:101C1000BDE8F08FB7F90040DBF8440001F028FC84
:101C200000B2A042E6D0022047F81C0CDBF84400CA
:101C300001F01EFC3880DDE737F8041C08E037F8B7
:101C4000021C019D7446012998BF012102E03988D8
:101C5000019D7446104601F00FFC022128462246E1
:101C60004CE7D4D4D4D4D4D410B58168006A48F6F3
:101C70001C134A7CC2F20623806C012A1A6802F106
:101C80002002426004D18A7C012A03D1816012E0E3
:101C9000572010BD826822B1927B8B7BD2431A44BD
:101CA00000E00022C3699A420BD2C2EBC202036A6F
:101CB00003EB42125160C268886002B19047002075
:101CC00010BD022007211222122401F03DF9204606
:101CD00010BDD4D4D4D4D4D4016A8268896C8B6802
:101CE00023B1987B937BC043184400E0002010B5DB
:101CF000C0EBC0000B6AD17B002403EB40104260B4
:101D000071B342F2291CC36DC0F2002CD269B3EB4F
:101D10000C0318BF802384606AB902200721422285
:101D2000422401F011F9204610BD00BF00BF00BFE2
:101D30005269002AF1D0D47B04F00304012CF7D1BE
:101D4000947B04F08004A342F2D1D0F8D030146C1C
:101D5000083B9C420BD90220072112221224E0E703
:101D600008228450C26802B19047002010BDD0F80C
:101D7000CC304FF0000C8260C0F8D4C063B1D0F812
:101D8000C8E0734600BF00BFC3E900CCD0E93324EC
:101D9000724423449342F7D3D0F8DC40D822E0E7E2
:101DA000006A806C426932B148F61C11C2F2062109
:101DB000096858311047FF207047D4D4D4D4D4D404
:101DC0002DE9F041006AD0F84880D8F81C10C1B164
:101DD000D8F82000002500F108060027344606E068
:101DE000013746F8045C8F423560264609D254F824
:101DF000E00B0028F4D0262101F03EF8D8F81C10A2
:101E0000EEE7D8F810100020C8F8080009B14046E5
:101E100088470020BDE8F08101680139062914D8FF
:101E2000DFE801F004150F110D17190041690129B0
:101E300013D18069013802280FD20020704700F0CA
:101E40004BB8FFF7BDBFFFF7ABBF54207047FFF79C
:101E50000BBFFFF741BF00F00BBA57207047D4D437
:101E600070B548F61C13C2F206231B681B6A032BCD
:101E70000ED1836853B193F90E30B3F1FF3F05DC07
:101E8000D0F8D030A3F10804944203D2FF2070BDF3
:101E9000512070BDD0E9364CA44505D1DCF8004096
:101EA000002C1CBF5D2070BDD0E932E46344744453
:101EB0000646A34253EA3E850CF108031446184631
:101EC00001F02EFAD6F8DC00C6F8DC5004600020E1
:101ED00070BDD4D4D4D4D4D42DE9F04F87B0D0F889
:101EE00024A049F24821C0F22411DAF814408C42AF
:101EF00003D9FF2007B0BDE8F08FC4EBC401242252
:101F0000056A002002EB4112002101F001F960B1E5
:101F1000834606956CB10BF12406DAF81400CBF871
:101F20002060CBF81C0040B960E0122007B0BDE88B
:101F3000F08FDBE90706002858D0DAF818404FF098
:101F4000140935464FF000084FF6F7712069C6F8BE
:101F5000D000884259D86169083001FB00F7C6F803
:101F6000D000884250EA318297424ED300200021AF
:101F70003A4601F0CDF80028C6F8C80047D0C6F8A8
:101F8000CC702768C6F8D800002FC6F8DC004FF0E8
:101F9000000008BF4FF4806700213A4601F0B8F80E
:101FA0007061A0B306F1180162688DE8810200201B
:101FB0002B46CDE9040008464FF6B211CDF80C903F
:101FC000C0F2002101F078FA18BB06F10C0004F110
:101FD0000801082201F0A4F9DBF81C0008F101084F
:101FE0001834E035804546F8E0BBADD306980AF1D9
:101FF00004011022C0F848B04BF80C0B584601F011
:102000008FF9002007B0BDE8F08FFF2507E012250B
:1020100005E00546706901F0A3F900207061022017
:1020200007212A4600F090FFDBF81C00F8B1DBF82E
:102030002000002600F1C80408E000BF00BF00BF78
:10204000DBF81C000136E034864210D254F8B40CA0
:1020500038B1A4F1B00001F04FFA54F8B40C01F01B
:102060007FF920680028EBD001F07AF9E8E75846BC
:1020700001F076F9284607B0BDE8F08FD4D4D4D467
:1020800048F61C11C2F206210968096A032920D109
:10209000816801B391F90E1000291CD4D0F8DC102E
:1020A0000A68D2B1D0F8D820914218D080B500F19A
:1020B000C80C9CE80C1002EB030E01EB0C037345FB
:1020C00053EA32820023C0F8DC2018460B605360CC
:1020D00080BD51207047FF2070475D207047002071
:1020E00008607047D4D4D4D448F61C13C2F2062337
:1020F0001B681B6A032B0ED1836873B193F90E30F2
:10210000002B0AD4D0F8DC30186840B110600020F1
:1021100008330B60704751207047FF2070475D20E7
:102120007047D4D4D4D4D4D4804604464FF00009A8
:1021300058F8180B45680EE002200721232200F012
:1021400003FFD4F8D4000130C4F8D40000BF00BFAE
:10215000404601F0E1F928680328F9D1002602E0A1
:1021600028680328F4D1A768002FF1D0002E07F1CA
:10217000200008BF3E6C3146324600F085FE002844
:10218000DAD1D4F8D800F96ABF6B3A46E0E80279B0
:1021900001F0C6F804F1C802D4F8D83007CA0144E7
:1021A0001A448A4252EA3080016869B1022007214C
:1021B0005D2200F0C9FED4F8D4000130C4F8D40088
:1021C00004E000BF00BF00BFC4F8D8002269002AA5
:1021D000C6D0204639469047C2E7D4D4D4D4D4D40C
:1021E00048F61C11C2F206210968096A032912D1B6
:1021F000816891B191F90E1000290ED4D0F8D81051
:10220000096800291CBF5D20704780B5183001F0B7
:102210007FF9002080BD51207047FF207047D4D443
:10222000C1EBC101036A002003EB4111116070474B
:1022300048F61C11C2F206210968096A032908D16F
:10224000816821B191F90E10B1F1FF3F03DDFF204C
:10225000704751207047D0F8D810096829B180B56F
:10226000183001F055F9002080BD5D207047D4D4AE
:1022700070B5006A846CD4B1E069A8B104F1EC05D2
:10228000002600BF00BF00BFA5F1B00001F034F987
:1022900055F8B40C01F064F855F8E00B01F060F863
:1022A000E06901368642EFD3204601F059F800205C
:1022B00070BDD4D4D4D4D4D4804604464FF00009A1
:1022C00058F8180B476807E002200721232200F086
:1022D0003BFE404601F020F938680328F9D1A56893
:1022E000002DF6D0D4F8D8100E6826B1E86A08316F
:1022F000324601F015F805F120003146324600F073
:10230000C3FD0028E0D104F1C802D4F8D83007CAD0
:1023100001441A44C3F800908A4252EA3080002EE9
:10232000AE6B11D00168C4F8D800E9B9D4F8D40074
:1023300007210130C4F8D40002205D2200F004FE21
:1023400012E000BF00BF00BF016811B1C4F8D8009F
:102350000AE0022007215D2200F0F6FDD4F8D40047
:102360000130C4F8D40000BF22690AB92FF04DC073
:10237000204631469047AFE72DE9F04F91B048F63F
:102380001C12C2F206221468A04658F8202F032A15
:1023900017D1D4F8C87057B18B46054600BF00BFAF
:1023A000B87B854211D0BF690FB12FF007C802205A
:1023B00007215222522400F0C7FD204611B0BDE88B
:1023C000F08F542011B0BDE8F08FF87B834503D126
:1023D000002011B0BDE8F08FD4F8E490B9F1000FFF
:1023E0001FD0D4F8E06003E0B9EB0A09564418D0D6
:1023F000707896F800A00228F6D140F29D210822BC
:102400003046C2F200210EAB00F03AFE9DF83D00CE
:10241000D4F8B8108142E7D1BDF83A90B9F1000F75
:102420000CD1FF2011B0BDE8F08F00BF00BF00BF8E
:10243000B9EB0A0956444FF0FF00F3D0707896F8D4
:1024400000A00428F4D140F2A52109223046C2F2AE
:1024500000210BAB00F014FE9DF82E008542E7D161
:102460009DF82F008345E3D1FD69ADB14FF0000A1F
:102470002621284600F000FDA3690F2120462A46A8
:1024800098476869C5E900AAC5F814A0C5E906AA75
:10249000054608B12FF015C00020F8613078B9EB7F
:1024A000000A5ED040F2892106440123C2F20021D5
:1024B00004E0CA46BAEB090A4E4452D0707896F846
:1024C0000090022818BF0428F3D00528F2D1D4F8D0
:1024D000D820002A68D0D4F8D450286830B1013A06
:1024E00005F180054FF01200F7D19BE72B6005F155
:1024F0000C03062230468B4600F0C2FD48F61C1045
:10250000298AC2F206200068D0F858210846022A1B
:102510006FF3DF2005D1EA7BD20718BF11F4C05159
:102520001AD128644FF0FF30E866A3690E212046D7
:102530002A46AD62C5E906789847C8BBF86959468E
:1025400038B10246406908B12FF005C85561012332
:10255000B0E7FD610123ADE7012202EBD121484341
:10256000DFE70BA90C2207F10C0000F0D9FE48F6BA
:102570001C11B87BC2F20621096801EB8000D0F87B
:10258000180168B1016C59B1062100910890C0F89A
:102590001071416C68460297884711B0BDE8F08F12
:1025A000572011B0BDE8F08F122011B0BDE8F08FB8
:1025B0000021296011B0BDE8F08FD4D4D4D4D4D494
:1025C0002DE9F0478CB0074691460C46002000905C
:1025D00069463F2238461E4600F052FF10B10CB04B
:1025E000BDE8F08748F61C10C2F206200168D1F859
:1025F000100160B1D1F81411DDF850A001F5827519
:1026000055F8C41C39B1013805F58A75F8D1122086
:102610000CB0BDE8F0870098A5F58278421C4046D2
:10262000394600F07DFE0520019001A845F8C04C18
:10263000C5E900A6C5F80890CDE9098AA047002899
:10264000CDD1012045F8C40C00200CB0BDE8F087C6
:1026500010B500F0030348F61C10C2F20620022B4E
:1026600000680AD0DBB901291ED1D0F8601121B36E
:102670000021C0F86411084610BDD0F8C81000E071
:10268000896961B1CC69002CFAD000BF00BF00BFDE
:10269000A37B9A420AD06469002CF9D1F0E700F1DB
:1026A0003802836914219847002010BD83691021E6
:1026B000224698470020606010BD542010BDD4D43D
:1026C0002DE9F04F93B048F61C118046C2F2062166
:1026D00000201290D1F800A0CDE91000DAF8B8106F
:1026E000414500F0F480DAE93865BDB140F29D293A
:1026F00010ACC2F2002902E0ED1B3E440ED070780F
:1027000037780228F8D1082230464946234600F09F
:10271000B7FC9DF845008045EED106E0B8F1000F0A
:1027200003D0FF2013B0BDE8F08FDAF8B800B8B1DD
:10273000DAF8C840A4B103250DF1080906E000BF8E
:102740002046A76900F02CFA3C464FB1606802951C
:10275000002804940A90F3D0416C48468847EFE77C
:102760000020CAF8B8000546DAF818301321012213
:1027700050460124CAF820409847B8F1000F00F0F5
:10278000A98040F29D210AF1BC03C2F20021082277
:102790003046CAF8B88000F073FC48F61C159DF866
:1027A0004700C2F20625BDF8427010F0400F54EA0F
:1027B00004922968002FC0F34010C1E9572000F0AF
:1027C0007C8000244FF0000B0020019000900FE06F
:1027D00040F2A52109223046C2F200210DAB00F0E3
:1027E0004FFC9DF8370080B1B7EB09074E4464D029
:1027F000707896F800900428EAD00B28F4D1B478C9
:10280000F07801904FF0010BEEE7BBF1010F1DD105
:102810009DF83620286894423CD1D0F81021002A37
:102820003DD0D0F8141103E0013A01F58A7136D099
:102830000B6C012BF8D1D1F80831A342F4D1D1F8B7
:102840000C319845F0D12246009124E02868D0F858
:10285000101151B39DF83620D0F8143104E000BFB8
:10286000013903F58A730ED01D6C012DF8D1D3F810
:1028700008519542F4D1D3F80C51A845F0D100EBA2
:102880008200C0F8183148F61C154FF0000BC2F258
:1028900006250CE0009900EB8200C0F818110198A1
:1028A000013801905FEA0F9B01E04FF0000B00221E
:1028B0003046394600F0A4F996E70320CAF8200014
:1028C000DAF818301321032250469847002013B03D
:1028D000BDE8F08F284613B0BDE8F08FD4D4D4D42F
:1028E0002DE9F0438BB048F61C18C2F20628D8F840
:1028F0000040206A012819D0032820D1D4F8C850FC
:1029000095B10327E94605E02846AE6900F048F98D
:1029100035464EB168680097002802950890F3D0BC
:10292000416C48468847EFE701202062A36904F123
:1029300038020F2120469847D8F8001001E0FF2008
:102940002146D1F87C110022C4F8B820226219B1C6
:1029500004460A20884720460BB0BDE8F083D4D453
:10296000B0B548F61C11C2F206210A68EFF31085D3
:1029700072B60968096A39B104464068022807D16D
:10298000FF2085F31088B0BDFF2085F31088B0BD0F
:1029900093691421104622469847E17B89071CBFA2
:1029A0000221616085F31088B0BDD4D4D4D4D4D4CE
:1029B0002DE9F04748F61C19DDE90874C2F2062932
:1029C0000B9E0A9DDDF830C0D9F800A0CAE93A2371
:1029D0000AF1F002CAF87CC183C20AF1FC000021AE
:1029E0004FF40A7270C00220CAF81001002000F0F3
:1029F0008FFB002843D0D9F800104FF48072C1F843
:102A000014010020012100F083FB0028CAF86400B3
:102A100000F08E80D9F80010D1F8EC00002844D0E6
:102A2000D1F8E82000274FF0000E00244FF0000CF2
:102A3000002500230EE000BF77449C4254EA8383C4
:102A4000AF4257EA858500244FF0000E0027401A58
:102A50000A4417D056781178022EEDD0042EF6D104
:102A6000D67826B11679B74257EA868702E0BE4487
:102A7000177901349678B4455CEA868CE7E7122032
:102A8000BDE8F08707EB0E00A84250EA85859C421E
:102A900054EA83824AB1BCF1100F0DD30220032106
:102AA0001222122400F050FA43E0022003214222B5
:102AB000422400F049FA3CE0002000212023CAF81B
:102AC000D020CAF8D85000F0AFFB88B3002DCAF868
:102AD000CC0041D00020002180232A4600F0A4FB36
:102AE00030B34FF2D24800F12C06C0F20028CAF8E9
:102AF000D40000BF00BF00BF002001214FF40062DE
:102B000000F006FB306050B306F12404002220469A
:102B1000414600F095FC20BBDAF8D40004F1300106
:102B200000EBC51004F15C0600248142E4D310E000
:102B30001224DAF8CC0008B100F012FCDAF86400D4
:102B400008B100F00DFCD9F80000D0F8140100F035
:102B500007FC2046BDE8F0870020BDE8F08712247E
:102B600000E01524DAF8D400A6F12C0105E000BF3E
:102B7000DAF8D400A6F1AC01803E81420BD3304696
:102B800050F8241F09B100F06BFC30680028EFD02A
:102B900000F0E6FBECE700F0E3FBCAE7D4D4D4D4C2
:102BA0002DE9F04381B048F61C17C569C2F206272B
:102BB0008146D7F8008095B1002600BF00BF00BF56
:102BC00038680F212A466C6983699847C5E9006611
:102BD0006E61C5E9066625460CB12FF00FC8D9F81D
:102BE00018100022C9E906220020C9F80820C8F8F8
:102BF000C810C9E9002201B0BDE8F083D4D4D4D410
:102C00002DE9F04F81B048F61C19C2F20629D9F817
:102C10000040D4F8D0204AB104F1200AD4F8CC50B6
:102C20002B683BB1013A05F12005F9D1122001B022
:102C3000BDE8F08F2B460E460121092243F80C1BFC
:102C400040F2A521C2F20021074600F019FAD4F89B
:102C5000C80040B100BF00BF0146806908B12FF035
:102C600005C88D6101E0C4F8C8503878B6EB000B98
:102C700061D040F289213E180122C2F20021707811
:102C800096F80080052807D0022818BF042848D1EC
:102C900051E000BF00BF00BFD4F8D8000028C5D065
:102CA000D4F8D47000BF00BF3B6823B1013807F1EE
:102CB0008007F9D1BAE73A6007F10C0306223046E3
:102CC00000F0DEF9D9F80000398AD0F8582108461A
:102CD000022A6FF3DF2005D1FA7BD20718BF11F467
:102CE000C05123D138644FF0FF30F866A3690E213C
:102CF00020463A46BF62C7E9065A984708BBE869CA
:102D000048B100BF00BF00BF0146406908B12FF0C5
:102D100005C84F6100E0EF6140F289210122C2F253
:102D20000021BBEB080B4644A9D104E0012202EBD1
:102D3000D1214843D6E7284601B0BDE8F04F00F066
:102D400007B80021396001B0BDE8F08FD4D4D4D4E5
:102D5000B0B58CB048F61C11827BC2F2062109681E
:102D600001EB8202D2F81841A4B101220192427C07
:102D70000DF1180C837CC57C8CE82C008A8DC98DE4
:102D800003900546CDE90412616CC4F8100101A856
:102D9000884710B157200CB0B0BD02200190616C83
:102DA00001A80994884708B10CB0B0BD00206C6040
:102DB0000CB0B0BDD4D4D4D480B500F0030348F631
:102DC0001C10C2F20620022B00680AD0FBB90129B0
:102DD00024D1D0F8601109B30121C0F8641100209A
:102DE00080BDD0F8C8C001E0DCF818C0BCF1000F0D
:102DF0000DD0DCF81C30002BF6D000BF00BF00BFA8
:102E0000997B8A420CD05B69002BF9D1ECE700F189
:102E10003802836914219847002080BD542080BD6A
:102E2000D0F818C014211A46E047002080BDD4D441
:102E3000B0B548F61C124162C2F206221268EFF3E6
:102E4000108572B6016801290FD1044693690D21DE
:102E500010462246984785F31088042044F8300B2A
:102E6000204600F001FB0020B0BD85F31088002053
:102E7000B0BDD4D4D4D4D4D480B52030FFF7D8FF9B
:102E8000002080BDD4D4D4D42DE9F041C36D012BF2
:102E900002D10020BDE8F0810C4648F61C11C2F2B8
:102EA0000621EFF3108372B60F683F6A013F022FCD
:102EB00011D80127076083F3108886680D68F37BBB
:102EC0009B0716D0904607467068022808D16420F8
:102ED00000F0C6F8F8E783F310882520BDE8F081FC
:102EE00096F90E00B0F1FF3F08DD38460221B962C5
:102EF0000DE0816A03295FEA0F9104E0032138465F
:102F0000B96200214246A24218BF002C0ED1002116
:102F100001650021C26802618161AB690C214461D5
:102F2000C46102462846BDE8F04118470029EED1A9
:102F3000318AB4FBF1F202FB11410029E7D10121F2
:102F4000E6E7D4D4D4D4D4D410B548F62413C2F2CE
:102F500006231C68D4E911EC2264BCF1000F0EF1C9
:102F60000103636408BF10BDBDE810406047D4D4BE
:102F70002DE9F04381B0074600284FF0FA005ED0FB
:102F80000E4600295BD01546002138463246994648
:102F900000F026FA48F6201007F14C01C2F2062094
:102FA000002D4FF46E7248F6241801605FEA0F900E
:102FB00048F61C11B9F1000F5FEA0084C2F2062145
:102FC00007F50770C2F20628002C086018BF4FF4FE
:102FD000737207EB020107F5697001F1070107EB56
:102FE0000602034621F00701C8F8007018BF07F574
:102FF0006E739142C7E9000324D2521A00F024F9FB
:103000008CB1002128464A4600F0EAF9E91D05EB9B
:10301000090021F00701814214D2D8F80030421A89
:10302000586800F011F9D8F800004FF24C510C30FC
:10303000C0F2002100F0E0F9002818BF172001B00D
:10304000BDE8F083122001B0BDE8F083D4D4D4D41D
:10305000002818BF002901D1FA207047FFF788BF68
:103060004FF47A71484344F6D351C1F26201A0FB98
:103070000101012000EB911002F012B9D4D4D4D494
:10308000002A08BF70472DE9F04381B014461D4661
:103090000E4607464FF0000808E000BF00BF00BF23
:1030A00017F8010B05F8010B013C26D016F8010BAF
:1030B00004280DD00228F3D1E807384618BF05F8D8
:1030C000018B00F0D5F925F8020B0237ECE700BFC1
:1030D000A8070BD005F0030080F00309C0F104013C
:1030E000284609F09BFD05EB0900451C384600F019
:1030F0000BF845F8040B0437D6E701B0BDE8F04300
:103100007047D4D4D4D4D4D400687047D4D4D4D4A1
:10311000F0B581B0012908D0002945D148F6241125
:10312000C2F206210B681E4605E048F62411C2F2E1
:1031300006210B681E1D002A4FF000016ED0346876
:10314000002C6BD003F10C0105460846174600F031
:1031500067F92E46072D98BF0726681C07F1070060
:1031600020F00705204608BF07262946082E28BF5D
:10317000314400F089F8C8B102464EF6EE61CFF650
:10318000FF7152F8083B16421FD03244083222EA3F
:1031900006076668DA1B47F8041C47F8083D076015
:1031A0003846731C636012E0002137E048F62410B3
:1031B000C2F2062000680C3000F02EF9022008212F
:1031C0001222FFF7C1FE002128E01A1A083A531B09
:1031D000142B09D34219036842F8083F6368516011
:1031E00002602A46591C616044602368A1689B1AEA
:1031F0008842A3F10801216001D10168A16000F1BA
:1032000008040021204600F0EBF848F62410C2F232
:10321000062000680C3000F0FFF82146084601B097
:10322000F0BDD4D4D4D4D4D44BB180B5A3FB02CE5A
:10323000BEF1000FBDE8804001D0002070475A4326
:10324000FFF766BFD4D4D4D470B515460C46002120
:103250001422064600F0C4F825F003000222A0F173
:10326000080131602118C6E90124F460306141F899
:10327000084D4EF6EE6200204E60CFF6FF72C4E9B4
:10328000001270BDD4D4D4D470B50246D0E9000E7B
:1032900000EBCE001038814207D2D2E902039842F7
:1032A00003D315692B44984201D9002070BD4EF616
:1032B000EE6C0EF10103CFF6FF7C002405E000BFA9
:1032C0000068022BA3F10103EFD345686545F7D1F0
:1032D000002C08BF90600468251A083D8D4219D261
:1032E000D4E9005666450BD10560AEF1010E956834
:1032F000C2F804E0A5420AD00124E2E700BF00BF03
:10330000002B5FEA0F9001241B1A2846D9E7906032
:103310000124D6E7002D08BF002070BDD4D4D4D43A
:1033200080B5002A08BF80BD431A0F2B0BD842F08E
:1033300001E000BF00BF00BF11F8012B00F8012B16
:103340000FF007C00AE002F001E000BF00BF00BFBD
:10335000B1EC101EA0EC101E1FF007C080BDD4D42D
:10336000B0B548F624150446C2F20625296801F1D5
:103370000C0000F055F83CB14EF6EE6254F8040C27
:10338000CFF6FF72904202D128680C3009E029681C
:1033900028B10B6883420DD04B6883420AD001F1FB
:1033A0000C0000F039F8022008211922BDE8B040D5
:1033B000FFF7CABD836844F8042CA4F1080254F84E
:1033C000085C9A420368A5EB02052B44036038BFF2
:1033D000826001F10C00BDE8B04000F01DB8D4D40B
:1033E000002A08BF704780B50B4611461A4609F0FF
:1033F00010FC80BDD4D4D4D410B50022342302F004
:103400009BFD044620B1022008212246FFF79CFDC7
:10341000204610BDD4D4D4D402F01EBED4D4D4D40B
:1034200080B54FF0FF3102F0EBFD002808BF80BDF2
:10343000024602200821BDE88040FFF785BDD4D4B4
:1034400010B51C2302F0F8FE044620B1022008212A
:103450002246FFF779FD204610BDD4D4D4D4D4D46D
:1034600002F04ABFD4D4D4D402F076BFD4D4D4D49A
:1034700000887047D4D4D4D401807047D4D4D4D435
:1034800088B110B54FF0000C10F8013B6BB10CF196
:10349000010C9445F8D902200821FF22FF24FFF7F0
:1034A00053FD204610BDFF2070470020002918BFA3
:1034B000C1F800C010BDD4D42DE9F04188B00DF1A1
:1034C000380E11AFB02406949EE800518DE80051EB
:1034D0000DF10C0CE0CF8CE8E00002F049FF04464F
:1034E00020B1022008212246FFF72EFD204608B019
:1034F000BDE8F081D4D4D4D410B5044603F038F834
:103500002046BDE8104002F0E7BFD4D4D4D4D4D4D0
:1035100003F016B8D4D4D4D403F01EB8D4D4D4D481
:1035200010B5EFF3108E72B684685CB10269131D9A
:103530000B60611E816011680161106000208EF3D4
:10354000108810BD4FF000030B6052B148F6FC1C10
:10355000C2F2062CDCF800303BB18EF3108810204C
:1035600010BD8EF31088102010BD48F66813C2F20B
:1035700006231C6843F2D153C0F20023C4E91A3079
:10358000436AE167D4F8AC1001F10101C4F8AC1052
:1035900003F10101416233B1006A416FC4E91C01CA
:1035A00044670C6702E00462C4E91C4408202063FD
:1035B0000120A063E264DCF800000130CCF80000D8
:1035C0008EF31088204601F0AFFFD4F8840010BDC0
:1035D00080B543F2D152EFF3108E72B6C0F20022E2
:1035E000836E934202D08EF3108880BDD0F8AC2059
:1035F0009142F8D1C16E0029F5D044F643730A68B0
:10360000C4F24C239A42EED14B6A002BEBD04FF020
:10361000000C5A1EC0F868C04A620BD0D0E91CC228
:103620000B6A8342CCF87420C2F870C008BFC1F89E
:1036300020C001E0C1F820C0016B0829D3D11021BE
:10364000C0F8841048F6FC11C2F206210A68013263
:103650000A608EF3108801F0CBFEEFF3108E72B685
:103660008EF3108880BDD4D42DE9F0410F4630216F
:10367000984616460446069D09F0D0FAF01C25F03F
:10368000030220F003006760011DC4F8148091421A
:10369000C4E9062004D90020E0600520BDE8F081DF
:1036A000B2FBF1F30022454601322F469A420D4407
:1036B0003D60F9D3281A0021C4E9022248F64813D4
:1036C00040F8041C44F64371C4F81080EFF31080F6
:1036D00072B6C4F24C21216048F64C11C2F20621A8
:1036E000C2F206230A6822B11B68DF6ADC62BC6290
:1036F00002E01C6023462746C4E90A3701320A600B
:1037000080F310880020BDE8F081D4D4D4D4D4D480
:1037100010B50246EFF3108E72B6014652F8043D22
:10372000186A50B15A6A4FF0000C013A5A620ED032
:10373000D0E91C24546722670AE09868196911606F
:103740001A61013098608EF31088002010BD0022AD
:10375000C46F1A62C0F868C0C0F884C0216048F61F
:10376000FC11C2F206210A6801320A608EF3108849
:1037700001F03EFE002010BD2DE9F0410646D01CB0
:1037800048F668120F46C2F20622EFF3108172B6B5
:10379000984620F0030415683562304681F310889E
:1037A000214600F039F9EFF3108172B698B9306A0A
:1037B000A842F1D1B8F1000F4FF00000386010D0EE
:1037C00048F6FC10C2F2062002687AB181F3108834
:1037D0001020BDE8F0813860002081F31088BDE83A
:1037E000F08181F310881020BDE8F08143F651028A
:1037F000B36AC0F20022C5E91A26D5F8AC20C5E9A3
:103800001E4702F10102C5F8AC2003F10102B262C9
:1038100033B1726A536FC5E91C2355671D6702E017
:103820007562C5E91C5509222A630122AA63C5F8FD
:103830004C8002680132026081F31088284601F052
:1038400073FED5F88400BDE8F081D4D4D4D4D4D4A8
:1038500080B543F65102EFF3108E72B6C0F200222B
:10386000836E934202D08EF3108880BDD0F8AC20D6
:103870009142F8D1C16E0029F5D045F245430A685E
:10388000C4F259239A42EED18B6A002BEBD04FF051
:10389000000C5A1EC0F868C08A620BD0D0E91CC266
:1038A0004B6A8342CCF87420C2F870C008BFC1F8DC
:1038B00024C001E0C1F824C0016B0929D3D1102133
:1038C000C0F8841048F6FC11C2F206210A680132E1
:1038D0000A608EF3108801F08BFDEFF3108E72B644
:1038E0008EF3108880BDD4D4F0B581B00F4634215A
:1038F0001D461646044609F091F925F00300C4E977
:103900000660A0F1080130446760A160C4E9046664
:103910000221E16040F8086D4EF6EE614460CFF69A
:10392000FF71C6E9000145F24541EFF3108072B620
:10393000C4F25921216048F65411C2F2062148F61A
:103940005013C2F206230A6822B11B681F6B1C6366
:10395000FC6202E01C6023462746C4E90B370132B3
:103960000A6080F31088002001B0F0BDD4D4D4D414
:103970002DE9F04148F65413EFF31081C2F206230B
:1039800072B6002202601F68013F1F6048F65013A4
:10399000C2F2062308D0D0E90B271E6886421763BF
:1039A000FA6208BF1A6000E01A6048F6FC144FF093
:1039B0000008C2F20624226801322260D0E90925FB
:1039C000C0E9098881F31088B5B11046012700BF0E
:1039D000EFF3108172B6C0F86880C0F88470066F8B
:1039E00022680132226081F31088013D01F000FD60
:1039F00030460DB12FF015C0EFF3108072B621687C
:103A00000139216080F3108801F0CAFC0020BDE874
:103A1000F081D4D4D4D4D4D4F0B5EFF3108E72B6F0
:103A2000D0E9022402EBC402103A91424CD248F68B
:103A300068124EF6EE6CC2F20622CFF6FF7C4369A6
:103A4000013412680025026205E000BF00BF00BF1C
:103A5000A41B002C4BD05E68664519D1002D08BF11
:103A600043611D68EE1A083E8E4231D2D5E90067E7
:103A7000674511D11E60C7684669AE42A7F10105CE
:103A8000C56000D1436101250CE000BF00BF00BF4D
:103A90001B6807E000BF00BF002C5FEA0F93012501
:103AA000E41A33468EF31088EFF3108E72B6002CB2
:103AB000076A5FEA0F969742CAD0C4684369013427
:103AC0000262A4B12FF039C88EF310880020F0BD37
:103AD0006EB1721A142A0ED35A18C468671CC760D4
:103AE00042F8085F1546C2F804C01A6004E08EF37D
:103AF00010880020F0BD3146586087684269791A05
:103B000008398160934208BF45618EF3108803F144
:103B10000800F0BDD4D4D4D42DE9F04F81B0EFF338
:103B2000108172B648B14EF6EE6850F8044CCFF6EC
:103B3000FF78444518BF002C05D181F3108803207D
:103B400001B0BDE8F08F45F245432268C4F2592325
:103B5000B2EB030918BF4FF003099A42EDD148F6C2
:103B60006813A0F10802C2F2062340F8048C50F852
:103B7000080C1F686369801A27629A42A368184478
:103B8000A06038BF6261A06A002851D048F6FC1BD3
:103B90004FF0000AC2F2062B10E000BF00BF00BFCA
:103BA000626950F8083DC0F804801B1A9042A26870
:103BB0001A44A26038BF6061A06A88B3656A204673
:103BC000AE6F81F310883146FFF726FFEFF31081C7
:103BD00072B6276220B3626A9542E1D1AA6FB242FF
:103BE000DED1A26A013AA26204D0D5E91C23536750
:103BF0001A6700E00022EB6F6262C5F868A0C5F8A2
:103C000084A01860DBF800000130CBF8000081F3DD
:103C10001088284601F0ECFBEFF3108172B6CBE779
:103C200081F3108801F0BCFB484601B0BDE8F08F7D
:103C300081F31088002001B0BDE8F08FD4D4D4D433
:103C400080B543F64142EFF3108E72B6C0F2002207
:103C5000836E934202D08EF3108880BDD0F8AC20E2
:103C60009142F8D1C16E0029F5D044F24E430A6862
:103C7000C4F256439A42EED14B69002BEBD0D1F8F7
:103C800010C00022BCF1000F82660AD05A1E4A61A1
:103C90000AD0D0E91C3284455A67136706D10B61FC
:103CA00004E00122CA6001E000220A61016B0729D9
:103CB000D1D10721C0F8841048F6FC11C2F20621C8
:103CC0000A6801320A608EF3108801F091FBEFF36D
:103CD000108E72B68EF3108880BDD4D4D4D4D4D4D0
:103CE000B0B50D462421044608F098FF44F24E4139
:103CF0006560EFF3108072B6C4F25641216048F659
:103D00003C1148F63813C2F20621C2F206230A68B3
:103D100022B11B68DD69DC61AC6102E01C602346F6
:103D20002546C4E9063501320A6080F31088002078
:103D3000B0BDD4D4D4D4D4D470B5EFF3108C72B653
:103D4000066A846824EA06061E60056A21EA0506FA
:103D500034408C425FEA0F9616EA520F06D12CB11E
:103D6000D2072FD100208CF3108870BDDDF810E051
:103D7000BEF1000F32D048F6FC15C2F206254FF016
:103D800007042E6891B36EBB48F6681443F64146AB
:103D9000C2F20624C0F200262468C4E91E13416959
:103DA000C4F88020D4F8AC20C4E91A6002F1010202
:103DB000C4F8AC20F1B10269536FC4E91C23546705
:103DC0001C671AE042690AB1026972B3826822EA8A
:103DD0000101816000208CF3108870BD07208CF3F6
:103DE000108870BD20468CF3108870BD20468CF37F
:103DF000108870BD0461C4E91C4401314161072091
:103E000020630120A063C4F84CE0286801302860DA
:103E10008CF31088204601F087FBEFF3108C72B60C
:103E2000D4F884008CF3108870BD2943016200200F
:103E30008CF3108870BDD4D42DE9F04F81B0EFF32E
:103E4000108A72B692073FD4026A8368002A43EA56
:103E5000010BC0F808B01CBF22EA01010162D0E9E1
:103E60000495B9F1000F3BD0012D40D1D9F878105D
:103E7000D9F8803001EA0B078F425FEA0F9616EA05
:103E8000530F31D187B3D9F87C70DB07C7F800B086
:103E900003D0836823EA010181600021C0E9041195
:103EA00048F6FC10C9F86810C2F20620C9F8841060
:103EB0000168013101608AF31088484601F098FAE0
:103EC000EFF3108A72B60FE042691AB10269002A54
:103ED00000F0A1808268114081608AF31088A0E020
:103EE000002D1CBF0121C1608AF3108899E048F6BB
:103EF000FC120021C2F206220161CE461168013196
:103F0000116000210022009208E000BF00BF00BF46
:103F10000021396719460097013D4ED08AF3108879
:103F2000EFF3108A72B6C36853B10022C260826890
:103F300045694BEA020B774603E000BF00BF00BFB4
:103F40004F46BE6F3B6B06EA0B02D7F87090B24249
:103F50005FEA0F98002A5FEA1F9C072BD7F8804082
:103F600004D108EA540252EA0C02D5D1072B0BD136
:103F7000FA6FE307C2F800B002D08268B2438260F1
:103F80000022BA66C7F884204F4509D07A6FC9F875
:103F90007420BE45C2F8709008BFD7F870E001E009
:103FA0004FF0000E426900293B46A2F10102426136
:103FB000AED0009A0B461767AAE7026AC0F810E075
:103FC0002AB1836823EA020282600022026248F674
:103FD000FC158AF31088C2F2062589B100BF00BF24
:103FE0000C6FEFF3108072B62A6801322A6080F3FA
:103FF0001088084601F0FCF921460CB12FF011C0E1
:10400000EFF3108072B629680139296080F31088B7
:1040100001F0C6F905E0026A62EA010101628AF371
:104020001088002001B0BDE8F08FD4D4D4D4D4D40B
:1040300080B501F0B9F8BDE8804001F0E9BCD4D406
:1040400010B540F2B024C2F20024206810F10F3FF6
:104050000DD04FF0F030206002F00AFCFFF7E8FFCF
:1040600048F6FC10C2F206200168013101604FF0F1
:10407000F030206048F65810C2F206200068FDF7C4
:10408000CBFB00202060BDE8104002F081BCD4D4FE
:1040900080B544F29102EFF3108E72B6C0F20022A6
:1040A000836E934202D08EF3108880BDD0F8AC208E
:1040B0009142F8D1C16E0029F5D045F245430A6816
:1040C000C4F655539A42EED1CB69002BEBD04FF09A
:1040D000000C5A1EC0F868C0CA610BD0D0E91CC2DF
:1040E0008B698342CCF87420C2F870C008BFC1F855
:1040F00018C001E0C1F818C0016B0D29D3D11D21F2
:10410000C0F8841048F6FC11C2F206210A68013298
:104110000A608EF3108801F06BF9EFF3108E72B61F
:104120008EF3108880BDD4D470B548F6FC15EFF33B
:104130001081C2F2062572B60446012628680130B5
:104140002860D4F8A40000BF60B1866081F31088B5
:1041500000F08EF9EFF3108172B6D4F8A40008B124
:104160002FF00FC028680138286081F3108870BDD7
:1041700070B50E4634211546044608F04FFD45F251
:10418000454166602561EFF3108072B6C4F6555163
:10419000216048F6441148F60023C2F20621C2F21B
:1041A000062344F229160A68C0F200261E6048F66B
:1041B0004013C2F2062322B11B685E6A5C6234625D
:1041C00002E01C6023462646C4E9083601320A6034
:1041D00080F31088002070BD70B548F66815EFF3C5
:1041E000108372B6C2F2062582682C6872B1C56867
:1041F000A5421ED019B348F6FC1CC2F2062CDCF80E
:10420000002002B383F310881D2070BD4FF0010120
:10421000C0E90214D4B30169012903D1E16A416103
:1042200020218162D4F8A41029B30A6B0863D062FC
:1042300025E0511C816083F31088002070BD83F35A
:1042400010881D2070BD44F29102D0F81CE0C0F22D
:104250000022C4E91A20D4F8AC20BEF1000F02F10C
:104260000102C4F8AC2015D08269566FC4E91C263F
:104270005467346711E001460246C4F8A400C0E95F
:104280000B12D4F8A0000130C4F8A00083F310880A
:10429000002070BD8461C4E91C440EF10102C261BA
:1042A0000D2222630122A263E164DCF800100131D7
:1042B000CCF8001083F310880169012910D1E16A5C
:1042C000826A8A4288BF8162D5F89C00814238BFE9
:1042D000C5F89C10E86A884202D9284600F068F8C0
:1042E000204601F021F9D4F8840070BDD4D4D4D490
:1042F0002DE9F041EFF3108872B6D0F81CC0BCF184
:10430000010F04D888F310880020BDE8F08183698C
:10431000BCF1020F1C6F09D1D96AE26A8A4238BF28
:10432000846188F310880020BDE8F08148F6FC1E07
:104330001A46C2F2062EDEF800100131CEF8001047
:1043400008E000BF00BF00BF2B462A46B4462C6FD2
:10435000944211D0E76AD96A88F31088EFF3108885
:1043600072B6D0E90656AA42EED18F4254EA3383A0
:10437000B445E9D12546EAE7DEF800109342A1F101
:104380000101CEF8001009D0D3E91C1783614F67F3
:104390003967516FC3E91C2153670B6788F3108895
:1043A00000F0FEFF0020BDE8F081D4D4D4D4D4D4F2
:1043B0002DE9F041EFF3108272B60446006B0D4612
:1043C00050B1D4F89800E562A84250EA3580E06325
:1043D00082F31088BDE8F08148F66C1648F6FC10B0
:1043E000C2F20626C2F20620D4F82C803768016893
:1043F000023101600E2020630120A0630020E064F0
:1044000082F31088204601F08FF8EFF3108072B627
:10441000D4F89810E562A94251EA3581E16380F34E
:104420001088204600F0E4FFEFF3108072B6316888
:104430008C4201D0226B1AB180F31088BDE8F08164
:10444000CA6AE16A914203D9E36B9342F4D801E06E
:10445000BC42F1D1A8453460EED248F67C12C2F2DB
:10446000062242F8214080F31088BDE8F081D4D4C0
:10447000F0B581B0EFF3108172B68368ABB148F646
:104480006812C2F206221768C268BA4205D048F61E
:10449000FC17C2F206273F68E7B1013B836007D0F3
:1044A00081F31088002001B0F0BD81F3108813E083
:1044B000AAB1D2F8A030013BC2F8A03012D0D0E9A6
:1044C0000B37D2F8A46086421F63FB6208BFC2F8B4
:1044D000A4300AE081F310881E2001B0F0BD81F302
:1044E0001088DFE70023C2F8A4308369002B03693A
:1044F00008BF002B21D0012BD2F894402FD148F6D1
:10450000FC13C2F206231F6801371F6081F3108875
:104510002027D2F8A460BEB1314606E000BF00BF3C
:10452000C96AB14218BF00290ED00D69012DF7D11B
:104530008D6ABD4255EA3787F2E70022C26081F3F7
:104540001088104601B0F0BDEFF3108172B6A7429B
:1045500057EA34841E68013E1E60C2F89C70C2692E
:10456000022A15D30269012A12D148F6FC16054623
:10457000C2F2062632680132326081F31088FFF7FA
:10458000B7FEEFF3108172B628463268013A326006
:10459000856945B10269012A2AD1C668EA6A426181
:1045A0002022826225E048F6FC15C2F206252A6820
:1045B00001322A6081F31088C168CA6AA2424FF0B2
:1045C0002002826205D0064608462146FFF7F0FE2B
:1045D0003046EFF3108172B62A680024013A2A604F
:1045E000C46081F3108800F0DBFE204601B0F0BD0E
:1045F0000026D5F8A0202AB1D5F8A4301F6B186387
:10460000F86203E0C5F8A40003460746C0E90B378B
:10461000C3690132C5F8A0200122C0E902255A1E53
:10462000C2614FF0000204D0D5E91C375F673B67D9
:1046300000E00023AA66C5F8842048F6FC128361D6
:10464000C2F2062213680133136081F310880169F6
:10465000012915D1C16961B10746FFF749FEEFF3A2
:10466000108072B6B96900291CBFC96AB96280F3AB
:104670001088F06AA04203D030462146FFF798FE2A
:10468000284600F0B5FE0DE780B544F28962EFF3ED
:10469000108E72B6C0F20022836E934202D08EF367
:1046A000108880BDD0F8AC209142F8D1C16E0029AD
:1046B000F5D044F255530A68C5F255139A42EED12B
:1046C000CB6A002BEBD04FF0000C5A1EC0F868C02C
:1046D000CA620BD0D0E91CC28B6A8342CCF874202A
:1046E000C2F870C008BFC1F828C001E0C1F828C0F6
:1046F000026B052AD3D1096900294FF00A0151EA5A
:104700000191C0F8841048F6FC11C2F206210A6833
:1047100001320A608EF3108800F06AFEEFF3108E0B
:1047200072B68EF3108880BD2DE9F0410F46382116
:104730001D4616460446DDF8188008F06FFAB000F2
:10474000C4E90176656248F63013B8FBF0F0C4E9BD
:104750000505C2F2062300FB06F1E06005EB8101CE
:10476000C4E9071544F25551EFF3108072B6C5F253
:104770005511216048F63411C2F206210A6822B1AF
:104780001B685F6B5C633C6302E01C60234627464A
:10479000C4E90C3701320A6080F310880020BDE8BC
:1047A000F081D4D4D4D4D4D42DE9F04148F63413D4
:1047B000EFF31081C2F2062372B6002202601F6876
:1047C000013F1F6048F63013C2F2062308D0D0E93B
:1047D0000C271E68864257633A6308BF1A6000E0E0
:1047E0001A6048F6FC144FF00008C2F20624226852
:1047F00001322260D0E90A25C0E90A8881F31088D5
:10480000B5B11046012700BFEFF3108172B6C0F8B2
:104810006880C0F88470066F22680132226081F3DC
:104820001088013D00F0E4FD30460DB12FF015C0B9
:10483000EFF3108072B621680139216080F310888F
:1048400000F0AEFD0020BDE8F081D4D4D4D4D4D49F
:104850002DE9F04F81B0EFF3108C72B60469C36A92
:10486000ECB13BB3826A8468D2F88070012F2BD1FF
:10487000D66F022C37680F60C0F02C818F1B0F2F72
:10488000A4F1010700F2198147F001E00431341D61
:1048900054F8045B41F8045B0FF007C01AE1F2B171
:1048A00048F6FC17C2F206273E68002E55D08CF35E
:1048B000108816E0026A87681346022F53F8046BCB
:1048C0000E6010D21A4675E0076A022C3D46A4F12C
:1048D000010B55F8046B0E6023D22E4686E08CF354
:1048E00010880A2411E1092FA7F1010654D38A1A6E
:1048F000102A51D326F0030501272A1F06F00308CA
:1049000007EB920E01EB850703EB8502043100BF34
:10491000B3EC041FA1EC101E0FF007C0AE423ED155
:1049200048E0092C54D3CF1B102F51D32BF0030791
:104930000126A7F1040E0BF0030801EB87090431EF
:1049400006EB9E0E05EB8706B5EC041FA1EC101ECE
:104950000FF007C0BB453ED148E048F66816002B73
:10496000C2F20626346844F28966C0F20026C4E921
:104970001A604FF00006C4E91F16D4F8AC1001F11C
:104980000101C4F8AC1000F0C480816A4E6FC4E924
:104990001C164C673467BFE0B0460F461A4648F015
:1049A00001E0391D00BF00BF52F8043B41F8043B51
:1049B0000FF007C0C1698A4208BF8269416902627B
:1049C0000131621EC0E9042100248CF310889CE0B0
:1049D000D84689462E4648F001E009F1040100BF9F
:1049E00056F8045B41F8045B0FF007C0D0F81C8058
:1049F00048F6FC19C2F20629464508BF86690662D8
:104A0000022CD9F8007007F10107C9F80070D9F835
:104A10000070A7F10107C9F80070456AD76F2E46EC
:104A2000396846F8041B01D234462BE0092C1CD30C
:104A3000E91B102919D32BF0030A0125AAF104015F
:104A400006EB8A0405EB910E0BF0030507EB8A01D8
:104A5000043700BF00BF00BFB7EC041FA6EC101E58
:104A60000FF007C0D34503D10CE05D46344639460C
:104A700045F001E00E1D00BF56F8041B44F8041B6E
:104A80000FF007C0444508BF8469013B44624FF002
:104A9000000404D0D2E91C7179670F6700E0002799
:104AA000C0E90A739466C2F88440D9F80000013066
:104AB000C9F800008CF3108824E00436043127F094
:104AC00001E000BF00BF00BFB6EC041FA1EC041F53
:104AD0001FF007C0591E4FF0000404D0D2E91C3764
:104AE0005F673B6700E00023C0E90A3148F6FC102D
:104AF000C2F206209466C2F8844001680131016068
:104B00008CF31088104600F073FC204601B0BDE81D
:104B1000F08F8462C4E91C44591CC16205202063E3
:104B20000120A063E2643868013038608CF310889B
:104B3000204600F0F9FCD4F88440E6E7D4D4D4D47D
:104B4000F0B581B0EFF3108772B64669C36A56B10B
:104B5000B3B1013B826A4FF0000521D0D2E91C6459
:104B6000746726671DE0B2B348F6FC1CC2F2062C3F
:104B7000DCF80060002E00F06D8087F310882CE0D8
:104B8000426A731E1446436183680E6844F8046BDE
:104B90000669022B06F10106066120D2224685E055
:104BA0000026C0E90A63D36F86689566022E0868FE
:104BB00018603FD3581A0F28A6F101002DD840F0F5
:104BC00001E0181D043100BF51F8043B40F8043BDC
:104BD0000FF007C02EE087F310880B2485E0092B27
:104BE000A3F1010353D3521A102A50D323F0030622
:104BF0000125321F03F0030C05EB920E04EB860235
:104C000001EB8605043100BFB1EC041FA4EC101EBB
:104C10000FF007C0B3423DD148E00431043320F027
:104C200001E000BF00BF00BFB1EC041FA3EC041FF4
:104C30001FF007C048F6FC100024C2F20620C2F89C
:104C4000844001680131016087F31088104600F04C
:104C5000CFFB4AE048F66816C2F20626346844F2F2
:104C60008966C0F20026C4E91A604FF00006C4E964
:104C70001F16D4F8AC1001F10101C4F8AC10F3B167
:104C8000816A4E6FC4E91C164C6734671AE09C4673
:104C900022460D464CF001E0291D00BF00BF00BFB9
:104CA00051F8043B42F8043B0FF007C0C1690024EF
:104CB0008A4208BF8269426287F3108815E08462E5
:104CC000C4E91C44591CC162052020630120A06373
:104CD000E264DCF800000130CCF8000087F31088B3
:104CE000204600F021FCD4F88440204601B0F0BDFD
:104CF00080B544F6F142EFF3108E72B6C0F2002296
:104D0000836E934202D08EF3108880BDD0F8AC2021
:104D10009142F8D1C16E0029F5D044F641530A689A
:104D2000C5F245339A42EED10B69002BEBD04FF020
:104D3000000C5A1EC0F868C00A610BD0D0E91CC232
:104D4000CB688342CCF87420C2F870C008BFC1F8A9
:104D50000CC001E0C1F80CC0016B0629D3D10D21B4
:104D6000C0F8841048F6FC11C2F206210A6801322C
:104D70000A608EF3108800F03BFBEFF3108E72B6E2
:104D80008EF3108880BDD4D480B548F62C1C002347
:104D9000C0E9003144F64151C2F2062CC5F245315A
:104DA000C0E902238361C0E90433EFF3108E72B6C9
:104DB0000160DCF8003048F62811C2F2062123B168
:104DC0000A6891699061486102E008600246014604
:104DD000C0E90521581CCCF8000000208EF3108893
:104DE00080BDD4D4D4D4D4D42DE9F04148F62C13CA
:104DF000EFF31081C2F2062372B6002202601F6830
:104E0000013F1F6048F62813C2F2062308D0D0E9FC
:104E100005271E68864297617A6108BF1A6000E024
:104E20001A6048F6FC144FF00008C2F2062422680B
:104E300001322260D0E90325C0E9038881F310889C
:104E4000B5B11046012700BFEFF3108172B6C0F86C
:104E50006880C0F88470066F22680132226081F396
:104E60001088013D00F0C4FA30460DB12FF015C096
:104E7000EFF3108072B621680139216080F3108849
:104E800000F08EFA0020BDE8F081D4D4D4D4D4D47C
:104E9000EFF3108272B683682BB1591E816082F3E2
:104EA00010880020704751B148F6FC1CC2F2062C55
:104EB000DCF800303BB182F310880D20704782F39C
:104EC00010880D207047B0B548F66813D0F810E090
:104ED000C2F20623BEF1000F1C6844F6F143C0F293
:104EE0000023C4E91A30D4F8AC3003F10103C4F84C
:104EF000AC3006D0C3685D6FC4E91C355C672C67B5
:104F000002E0C460C4E91C440EF101030361062001
:104F100020630120A063E164DCF800000130CCF8DC
:104F2000000082F31088204600F0FEFAD4F88400D6
:104F3000B0BDD4D4D4D4D4D4EFF3108272B6016906
:104F400059B110B5B1F1010EC1684FF0000C0BD092
:104F5000D1E91C345C67236707E081680131816017
:104F600082F31088002070470023C0E9033E48F612
:104F7000FC10C2F20620C1F868C0C1F884C0036802
:104F80000133036082F31088084600F031FABDE86F
:104F9000104000207047D4D42DE9F04F81B0DDE9F6
:104FA0000A5993460F460446EF222846494698463A
:104FB000DDF838A00C9E07F02CFEB021204607F04B
:104FC0002DFE05EB0900A7620138C4E903500D98D6
:104FD000E662C4E911B8202186423046C4E9059A48
:104FE000C4F81CA018BF0020E063C4F89C10C4E9FA
:104FF00025600320206345F6890045F24121C0F277
:105000000020C4E91504C0F20021204601F01CFD77
:1050100045F24422EFF3108172B6C5F24842226095
:1050200048F67412C2F2062248F670172046C2F201
:10503000062713683BB13F68D7F88C60C7F88C002F
:10504000C6F8880002E03860074606460133136060
:1050500048F6FC12C0E92276C2F206220F9F012F09
:10506000136803F10103136014D140F2B022C2F2BD
:1050700000221268EFF305831A43B2F1F03F16D312
:1050800048F66C12C2F20622146884B1E56BE26A3B
:10509000E2630EE081F31088EFF3108072B61168BE
:1050A0000139116080F3108800F07AF907E00024DC
:1050B000002581F3108800F09BF904B1E56300201E
:1050C00001B0BDE8F08FD4D4EFF3108172B6026B5B
:1050D000013A022A1DD280B548F6741C0022C2F2A1
:1050E000062C0260DCF80030013BCCF8003048F6BA
:1050F000701CC2F2062C10D0D0E9222EDCF8003051
:105100008342C2F88CE0CEF8882008BFCCF800209B
:1051100005E081F3108811207047CCF8002081F35E
:105120001088002080BDD4D448F66810EFF31081B9
:10513000C2F2062072B6006881F310887047D4D49A
:1051400080B5EFF3108C72B600291CBFD0F828E0B0
:10515000C1F800E0002A1CBF016B1160002B02990E
:105160001CBF42681A600029039A1CBFD0F8943013
:105170000B60002A04991CBFD0F8983013600029F6
:10518000059A1CBF83690B60002A06991CBFD0F8E2
:105190008830136000291CBF006F08608CF31088F2
:1051A000002080BDD4D4D4D448F65C1048F66012F8
:1051B000C2F20620C2F2062220210160106840F0EF
:1051C000C77010607047D4D4B0B5EFF3108172B6D9
:1051D000026B032A14D140F2B022C2F200221268FC
:1051E000EFF305831A43B2F1F03F12D348F66C1285
:1051F000C2F20622146864B1E56BE26AE2630AE077
:10520000426B012A16D100224263192081F31088D3
:10521000B0BD0024002548F6FC12C2F20622136835
:105220000133136081F3108800F0E2F834B10020FC
:10523000E563B0BD122081F31088B0BD0020B0BD81
:1052400010B548F66810C2F206200468D4E91110BF
:10525000884748F60020C2F20620016809B12046BE
:105260008847EFF3108072B601212163A16300210A
:10527000E16448F6FC11C2F206210A6801320A60B4
:1052800080F31088EFF3148020F0040080F314887A
:10529000BFF36F8F2046BDE8104000F045B9D4D46D
:1052A00010B548F66812EFF31081C2F2062272B60A
:1052B000146864B140F2B022C2F200221268EFF327
:1052C00005831A4307D081F31088132010BD81F3A2
:1052D0001088132010BD48B148F6FC12C2F2062215
:1052E00013683BB181F31088132010BD81F310883F
:1052F000002010BD042323630123A3630023C4F80B
:105300008430E06410680130106081F3108820461A
:1053100000F00AF9D4F8840010BDD4D4D4D4D4D485
:10532000EFF3108172B6026B531E022B27D3032AB0
:105330002BD042BB48F6681340F2B022C2F20623DB
:10534000C2F20022D3F800C01268EFF305831A43BB
:1053500048F6FC12C2F2062208BF844519D010B5E7
:1053600003230363012383630024C46413680133AC
:10537000136081F3108800F0D7F8204610BD142088
:1053800081F31088704701224263002081F3108866
:1053900070471368002BE2D0142081F31088704707
:1053A00048F6FC10C2F20620006800B1704748F6CB
:1053B0006C1048F66811C2F20620C2F2062100689D
:1053C00009688142F2D04EF604504FF08051CEF27F
:1053D00000000160EFF30580002818BF7047EFF36D
:1053E000108062B680F310887047D4D4D4D4D4D45B
:1053F0002DE9F041EFF3108572B60446406E0028A7
:1054000004F14C0002D000F04FFB01E000210160EC
:1054100048F6FC10C2F20620016801390160A16B58
:10542000226B002948F66C11C2F2062108D0013A1D
:10543000022A0CD3626B32B90022A263226306E017
:105440002AB1626B2AB300220323C4E90C3248F666
:105450006812C2F20622126885F3108809688A422F
:1054600001D0006808B1BDE8F0814EF604504FF05D
:105470008051CEF200000160EFF30580002818BFD4
:10548000BDE8F081EFF3108062B680F31088BDE8CC
:10549000F081E66A48F67C1EC2F2062E00222263E4
:1054A0005EF826302BB15A6A5C621462C4E9083295
:1054B000CDE748F65C1C48F67818C2F2062C0122AB
:1054C000C2F20628B240DCF800304EF82640D8F888
:1054D0000070C4E908449E4242EA0702C8F800206E
:1054E000B5D20B68CCF80060D3B1DA6B9642AED27D
:1054F0000C6085F3108800680028B4D14EF6045083
:105500004FF08051CEF200000160EFF305800028DB
:10551000A9D1EFF3108062B680F31088BDE8F08166
:105520000C6094E7D4D4D4D4F0B581B048F66811B7
:10553000C2F206210D68EFF3108472B6A84211D1B1
:10554000014651F84C2F013A12F1030F04D80646D8
:10555000084600F079FA304648F6A421C269C2F242
:1055600006210A6048F6FC1148F66C1CC2F20621BE
:10557000C2F2062C0A68013A0A60826B012A33D112
:10558000026A4FF0000E8242C36AC0F838E00DD0C4
:10559000466A48F67C1EC2F2062E566232625EF8F9
:1055A000236086421CD14EF8232019E048F6781675
:1055B0000122C2F206269A40376837EA020248F60C
:1055C0007C17C2F20627326047F823E04CD048F639
:1055D0005C1392FAA2F2C2F20623B2FA82F21A60C5
:1055E000DCF8002090421BD084F31088DCF8000027
:1055F000854201D0086808B101B0F0BD4EF60450F4
:105600004FF08051CEF200000160EFF305800028DA
:10561000F2D1EFF3108062B680F3108801B0F0BDD4
:1056200048F65C1048F67C12C2F20620C2F206224E
:10563000006852F82000CCF8000084F31088086855
:105640000028D9D14EF604504FF08051CEF2000020
:105650000160EFF305800028CED1EFF3108062B631
:1056600080F3108801B0F0BD48F65C102022C2F231
:10567000062002600020CCF8000084F3108808683F
:105680000028B9D14EF604504FF08051CEF2000000
:105690000160EFF305800028AED1EFF3108062B611
:1056A00080F3108801B0F0BD70B5EFF3108672B6CC
:1056B00004464C3000F0F8F9206B012804D0022891
:1056C00005D186F310889EE086F310889BE048F6AB
:1056D000FC150028C2F206254FF00100296801F1EF
:1056E000010129604FF002012163A06327D0A26E5F
:1056F000D4F8AC1086F310880AB120469047EFF337
:10570000108072B60021A16380F3108840F2B020AF
:10571000C2F200200068EFF3058108432FD148F65C
:105720006810C2F206200068844228D1EFF314808A
:1057300020F0040080F31488BFF36F8F33E0002063
:10574000E06428680130286040F2B02086F31088B9
:10575000C2F200200068EFF30581084327D148F624
:105760006810C2F206200068844220D1EFF3148052
:1057700020F0040080F31488BFF36F8F2BE04EF607
:105780003470CEF200000078C0070CD0EFF3148024
:105790004007B0EE400A06D4EFF3148020F0040076
:1057A00080F31488C8E7EFF3108072B619E04EF664
:1057B0003470CEF200000078C0070CD0EFF31480F4
:1057C0004007B0EE400A06D4EFF3148020F0040046
:1057D00080F31488D0E72046FFF7A6FEEFF3108091
:1057E00072B680F3108848F60020C2F206200168E5
:1057F00009B120468847EFF3108072B62968013955
:10580000296080F31088FFF7CBFD002070BDD4D451
:1058100080B548F6681048F69822C2F20620C2F217
:10582000062200230168EFF3108072B6136009B1FD
:105830000A6B12B180F3108880BD48F6A42CD1E920
:105840000732C2F2062C8A428B61CCF80030F1D0CC
:10585000CB6BC96A9942EDD148F65C1C48F67C1EB8
:10586000C2F2062CC2F2062EDCF800304EF82120DF
:1058700048F66C11C2F206215EF823200A6080F31C
:10588000108880BDD4D4D4D4EFF3108272B6016BEB
:1058900004290AD148F6FC11C2F206210B68013333
:1058A0000B6082F31088FFF7A3BD836ED0F8AC10B5
:1058B00082F31088002B08BF70471847D4D4D4D483
:1058C00048F69420EFF31081C2F2062072B6006809
:1058D00081F310887047D4D42DE9F04F83B048F697
:1058E0009021EFF31085C2F2062172B608680028F5
:1058F00040F0868048F69C29C2F20629D9F80000BB
:10590000002800F07D8048F6882648F6A02BC2F2D9
:10591000062600270DF10408C2F2062B0DF1080A35
:105920000120086004E000BFD9F80000002861D021
:10593000306801680291002918BFC1F818A048F624
:105940008C2140F8047BC2F206213060096888424D
:1059500005D148F68420C2F2062000683060C9F8FC
:10596000007085F31088EFF3108572B600BF00BF9A
:10597000029C002CD8D0206900210191844207D0DC
:1059800061694161C0F818A0086102E000BF00BF72
:1059900000202168029021290ED3A1F1200020606F
:1059A000C4F8188024610194CBF8004085F3108876
:1059B00013E000BF00BF00BFD4E901212260E0680E
:1059C0001AB142462461019400E00022A261CBF8A2
:1059D000004085F3108801B18847EFF3108572B657
:1059E0000198CBF80070A042C2D12046A76100F018
:1059F0002BF8BDE748F690210020C2F2062108608E
:105A000085F3108803B0BDE8F08FD4D4D4D4D4D4B7
:105A100048F6842048F68822C2F2062048F604217F
:105A2000C2F20622C2F20621016001F1800011607B
:105A300048F68C21C2F20621086048F69020C2F296
:105A400006200021016070470268511E11F1030F0A
:105A500026D88369002B18BF7047202A48F6882271
:105A6000C2F2062248F6842388BF1F211268C2F2C0
:105A7000062302EB810148F68C22C2F206221B6843
:105A800012688A1A28BF99180A682AB153695061A6
:105A90001861C0E9042302E0C0E9040008608161E4
:105AA0007047D4D4D4D4D4D48169002908BF7047B6
:105AB0000269904207D0436953611A610B688342BF
:105AC00006D1916103E00A68824201D100220A6096
:105AD000002181617047D4D4C0B144F64373D0F83B
:105AE00000C0C4F24C239C4510D189B162B140F290
:105AF000B023C2F20023D3F800C0EFF3058353EACA
:105B00000C031CBF04207047FDF70ABD022070473C
:105B100003207047D4D4D4D42DE9F04F81B00028AD
:105B20004FF0020569D00B9F302F66D148F6FC1666
:105B3000DDF82880C2F20626EFF3108772B6914690
:105B400035689B460135356087F3108848F648175D
:105B5000C2F206273D6848F64C17C2F20627A84253
:105B60005FEA1F943F68002F18BFA8421AD105466C
:105B7000EFF3108072B68A4631680139316080F3E4
:105B80001088FFF70DFC0CB1022536E0BBF1000FC9
:105B900015D029F0030028F003010430884210D901
:105BA00005252AE0012200BFAD6AA8425FEA1F94E2
:105BB000BA42DCD2A84202F10102F5D1D7E70325AF
:105BC0001BE040F2B0205B46C2F200204A4601686A
:105BD000EFF30587394306D00068EFF305810843EA
:105BE000B0F1F03F08D3CDF828802846514601B0E7
:105BF000BDE8F04FFDF738BD1325284601B0BDE8DC
:105C0000F08FD4D4D4D4D4D458B150F8041C41B1BA
:105C100044F643720968C4F24C22914201D1FDF767
:105C200077BD03207047D4D410B578B145F2454E06
:105C3000D0F800C0C4F2592EF44507D141B11AB1D1
:105C4000D0F81CC0624505D9052010BD022010BD4A
:105C5000032010BD40F2B02CC2F2002C43B1DCF89E
:105C600000E0EFF3058454EA0E041CBF042010BDCD
:105C7000DCF800E0EFF3058454EA0E040AD0DCF807
:105C800000C0EFF3058444EA0C04B4F1F03F01D204
:105C9000132010BDBDE81040FDF76EBDD4D4D4D4A0
:105CA0002DE9F04700284FF0020564D0089F342FFB
:105CB00061D148F6FC14EFF31087C2F2062472B6E5
:105CC0009246984626680136266087F3108848F683
:105CD0005017C2F206273D6848F65417C2F206274D
:105CE000A8425FEA1F963F68002F18BFA84218D14C
:105CF0000546EFF3108072B68946216801392160AC
:105D000080F31088FFF74CFB16B10220BDE8F08746
:105D1000BAF1000F13D0B8F1640F13D20520BDE81B
:105D2000F087012200BF00BFED6AA8425FEA1F961C
:105D3000BA42DDD2A84202F10102F5D1D8E7032030
:105D4000BDE8F08740F2B0205246C2F20020434640
:105D50000168EFF30587394306D00068EFF305814A
:105D60000843B0F1F03F05D328464946BDE8F04767
:105D7000FDF7BABD13252846BDE8F087D4D4D4D4A6
:105D800098B145F245420168C4F2592291420CD1C2
:105D900040F2B021C2F200210968EFF305821143FD
:105DA0001CBF13207047FDF7E3BD02207047D4D419
:105DB00088B140F2B021C2F200210A68EFF30583F6
:105DC0001A4306D00968EFF305821143B1F1F03FA1
:105DD00003D3FDF7A1BE0320704713207047D4D42E
:105DE00070B500284FF0060352D0242A50D148F64F
:105DF000FC12EFF31083C2F2062272B60C4616684C
:105E00000136166083F3108848F63813C2F2062371
:105E100048F63C16C2F206261B68356898425FEACF
:105E20001F96002D18BF984223D10546EFF310802E
:105E300072B611680139116080F31088FFF7B0FA6B
:105E40000EB1062070BD40F2B020C2F20020016801
:105E5000EFF30582114306D00068EFF30581084394
:105E6000B0F1F03F13D328462146BDE87040FDF75E
:105E700037BF012100BF00BF9B6998425FEA1F96B0
:105E8000A942D2D2984201F10101F5D1CDE7132305
:105E9000184670BDD4D4D4D410B5DDF808E0D8B11C
:105EA00044F24E44D0F800C0C4F25644A44513D185
:105EB0003BB3BEF1000F27D040F2B024C2F2002461
:105EC000D4F800C0EFF305845CEA040C5FEA1F9489
:105ED00018BF4FF0040C02E04FF0060C0024002C19
:105EE000644618BF0824032A54EA8C8CBCF1000FC6
:105EF0001CBF604610BDCDF808E0BDE81040FDF7BE
:105F00001BBF4FF0030CE9E74FF0000C0124E6E75C
:105F100078B144F24E43D0F800C0C4F256439C45D9
:105F200007D16FF002031A421CBF08207047FDF72B
:105F300083BF06207047D4D42DE9F04100284FF0EC
:105F40001C0543D0342B41D148F6FC13EFF31087E6
:105F5000C2F2062372B688461E6801361E6087F3B9
:105F6000108848F64017C2F2062716463D6848F6E4
:105F70004417C2F20627A8423C685FEA1F97002C2C
:105F800018BFA84225D10546EFF3108072B61968F4
:105F90000139196080F31088FFF702FA17B11C204D
:105FA000BDE8F081012E22D840F2B0203246C2F284
:105FB00000200168EFF3058319431BD00068EFF35D
:105FC00005810843B0F1F03F14D213252846BDE8FF
:105FD000F081012100BF00BF2D6AA8425FEA1F9730
:105FE000A142D0D2A84201F10101F5D1CBE71F2097
:105FF000BDE8F08128464146BDE8F041FEF7B8B85B
:1060000018B345F245430268C4F655539A421CD171
:1060100040F2B02CC2F2002C39B1DCF80030EFF3C2
:1060200005821A431CBF04207047DCF80020EFF300
:1060300005831A430BD0DCF80020EFF305831A43E5
:10604000B2F1F03F03D2132070471C207047FEF7D7
:10605000C3B8D4D4D4D4D4D4C0B145F24542016835
:10606000C4F65552914211D140F2B021C2F2002142
:106070000A68EFF305831A4306D00968EFF3058237
:106080001143B1F1F03F03D3FEF7F2B91C20704782
:1060900013207047D4D4D4D42DE9F04700284FF012
:1060A000090C6DD0099F382F6AD148F6FC14DDF831
:1060B0002080C2F20624EFF3108772B6914626685C
:1060C0009A460136266087F3108848F63017C2F2E8
:1060D00006273E6848F63417C2F20627B0425FEA48
:1060E0001F953F68002F18BFB04237D10646EFF327
:1060F000108072B60F4621680139216080F3108844
:10610000FFF74EF915B10920BDE8F087BAF1000F8D
:1061100031D0A9F111004FF0050C10F1100F2FD361
:106120004FEA98004A4648452AD3394640F2B027FC
:10613000C2F20027304653463E68EFF305852E43F2
:1061400006D03F68EFF305863743B7F1F03F15D32C
:10615000CDF82080BDE8F047FEF7E6BA012200BF87
:10616000366BB0425FEA1F95BA42BFD2B04202F12D
:106170000102F5D1BAE70320BDE8F0874FF0130C18
:106180006046BDE8F087D4D498B144F25552016816
:10619000C5F2551291420CD140F2B021C2F2002159
:1061A0000968EFF3058211431CBF13207047FEF707
:1061B000FBBA09207047D4D4C0B144F25553D0F88B
:1061C00000C0C5F255139C4510D189B162B140F2AF
:1061D000B023C2F20023D3F800C0EFF3058353EAE3
:1061E0000C031CBF04207047FEF732BB0920704728
:1061F00003207047D4D4D4D4C0B144F25553D0F85E
:1062000000C0C5F255139C4510D189B162B140F26E
:10621000B023C2F20023D3F800C0EFF3058353EAA2
:106220000C031CBF04207047FEF78ABC092070478E
:1062300003207047D4D4D4D42DE9F04100284FF086
:106240000C0640D01C2B3ED148F6FC13EFF3108710
:10625000C2F2062372B60D4690461E6801361E60D5
:1062600087F3108848F62817C2F206273E6848F6DA
:106270002C17C2F20627B0423C685FEA1F97002C39
:1062800018BFB04229D10646EFF3108072B61968E4
:106290000139196080F31088FFF782F817B10C20DC
:1062A000BDE8F08140F2B020C2F200200168EFF3B7
:1062B000058211430AD00068EFF305810843B0F16D
:1062C000F03F03D213263046BDE8F0813046294620
:1062D0004246BDE8F041FEF757BD012100BF00BFB7
:1062E0007669B0425FEA1F97A142CCD2B04201F179
:1062F0000101F5D1C7E7D4D498B144F64152016801
:10630000C5F2453291420CD140F2B021C2F20021D7
:106310000968EFF3058211431CBF13207047FEF795
:1063200063BD0C207047D4D4A0B144F64153026839
:10633000C5F245339A420DD151B140F2B022C2F2BA
:1063400000221268EFF305831A431CBF0420704734
:10635000FEF79EBD0C20704740B144F641520168E3
:10636000C5F24532914201D1FEF7E6BD0C207047DF
:106370002DE9F04F83B0044600284FF00E0061D0A5
:106380009146129AB02A5DD1119801901098009010
:1063900048F6FC1C0F980290C2F2062CDDF83880FB
:1063A000DDE90C6BEFF3108072B6DCF800200132EF
:1063B000CCF8002080F3108848F67410C2F2062052
:1063C000026848F67010C2F20620D0F800A01AB396
:1063D00006EB0B000025471E544518BF012D1BD0AE
:1063E000DAF80C00864203D20025874209D20FE07A
:1063F000DAF81050AE425FEA2F9538BF0026874288
:1064000006D3DAF81000874255EA2F9538BF0026E8
:10641000013ADAF888A0DFD1EFF3108072B60D46AA
:10642000DCF800100139CCF8001080F310881F460A
:10643000FEF7B6FF544508D00320B9F1000F18BF8E
:10644000002E06D103B0BDE8F08F0E2003B0BDE8EA
:10645000F08FBBF1C80F03D2052003B0BDE8F08F69
:10646000B8F11F0F03D90F2003B0BDE8F08F294604
:10647000029D454503D9182003B0BDE8F08FDDF833
:1064800004C0BCF1010F03D9102003B0BDE8F08FA8
:1064900040F2B0203B46C2F200200268EFF30587CD
:1064A0003A4306D00068EFF305821043B0F1F03FA5
:1064B0000ED3CDF844C04A4600981090CDE90E8521
:1064C0002046CDE90C6B03B0BDE8F04FFEF764BD8C
:1064D000132003B0BDE8F08F40F2B021C2F20021DA
:1064E0000968EFF3058211431CBF1320704740B1C8
:1064F00045F244220168C5F24842914201D1FEF7BB
:10650000E3BD0E207047D4D470B5B8B145F2442E27
:10651000D0F800C0C5F2484EF4450FD1DDF820C0D8
:10652000DDE9064EDDE90465CDF820C0CDE9064E73
:10653000CDE90465BDE87040FEF702BE0E2070BDD7
:1065400040B145F244220168C5F24842914201D16E
:10655000FEF73ABE0E20704740B145F24422016872
:10656000C5F24842914201D1FEF7DABE0E207047D3
:1065700098B145F244220168C5F2484291420CD1DB
:1065800040F2B021C2F200210968EFF30582114305
:106590001CBF13207047FFF787B80E207047D4D474
:1065A00048F61C110122C2F206210968086146F270
:1065B0007160C0F20020886100200A607047D4D466
:1065C000B0B548F61C15F421C2F206250E222C683F
:1065D00004F12403D4F8580101284FF0F00004BF5F
:1065E000E820EC2161582058C4E9380140F28F219D
:1065F000C2F20021FCF744FD94F82B1004F138029C
:1066000042F21070C4F8A400A4F84810606EC4E907
:106610001A01A3690E2120462266984728680022A5
:10662000E263D0F87C110220C4F8800009B1012097
:1066300088470020B0BDD4D448F6A821C088C2F253
:10664000062109680860704710B5044601F01CF87F
:10665000C04310F0700F07D10520FCF701FD204664
:1066600002F0A6FA002010BDFF2010BDD4D4D4D46F
:1066700070B594B0002313930368ABB1002605698D
:10668000C4F206060A39B5425FEA1F900B298DF85D
:106690002C0044D8DFE801F006430B4545064506CB
:1066A000434F484500203BE0552014B070BD906832
:1066B000807B002846D001A9144603F0C9FA22467F
:1066C00048F6A8210446C2F206215069002C02F1C6
:1066D000180341F8243079D0B5425FEA1F91D2689F
:1066E00003924AF29C320590C2F20622069046F6C8
:1066F0002900ADF82A40C0F20020029052F8210093
:1067000010904AF2A030C2F2062050F821001190F9
:1067100001A803F095F800287AD0232000E0542047
:106720001390139814B070BD907B0024D8B301A9C6
:1067300003F08EFA38E0032A3BD0082AB2D1FFF7E3
:1067400083FFEEE792F9540048F6A823C2F206232D
:1067500002F11804B0F1FF3F4FF0020050EAC0917F
:10676000506991621C60032933D19DF82C104AF2C4
:106770009633C2F2062333F811100229D1D149F61B
:10678000A471C2F206210988012901D123211391A4
:1067900049F6A6710123C2F206210B80D16801AA35
:1067A00002F04EFDBDE7002001A902F0E1F81394CC
:1067B000B7E748F61C10C2F206200068D0F87C113A
:1067C00000293FF46FAF032088476BE7916A0329E4
:1067D000CBD0B5425FEA1F914AF29633C2F206234C
:1067E00033F8111002299CD149F6A471C2F2062196
:1067F0000988012901D12321139149F6A6710123AA
:10680000C2F206210B80D16801AA02F055FD88E78B
:1068100048F6D020C2F20620015D01297FF442AF84
:106820000021015513917CE7B0B5C48C054649F6AB
:10683000D831C2F20621C4EBC40001EB8000FFF79F
:106840008BFD2846214601F037F8284601F048F82C
:10685000C00628695CBF6969401A48F6A821C2F2DF
:10686000062151F824100860B0BDD4D4D4D4D4D4B7
:1068700048F6581172B6C2F20621002048F664129A
:10688000086040F20001C0F20021C2F2062209684D
:10689000116041F20001CEF200010A6842F00102EB
:1068A0000A604AF6600144F6D352C2F20621C1F2F0
:1068B00062020968A1FB02124FF0FF3101EB921254
:1068C0004EF62351CEF20001B0EB126F09D14EF219
:1068D0001003CEF200035A60F0220A70986007227B
:1068E0001A600870F02001F8040C01F8010C7047E0
:1068F00070B548F66C1C72B6C2F2062C48F6681EDB
:10690000C2F2062EDCF80000CEF8000040B14EF6D0
:1069100004514FF00062CEF200010A6062B670BD11
:106920004EF690234EF2FA3148F6E42248F6E82477
:10693000C4F20103C4F20101C2F20622C2F206242B
:106940004AF20255002609E062B6BFF36F8F72B6B5
:10695000DCF80000CEF800000028D8D118781080AC
:106960001088000703D0088820600D801E70BFF3D8
:106970004F8F30BFBFF36F8F10880007E4D01088AF
:106980001870206840F425400880DDE7D4D4D4D4C2
:1069900048F6FC100021C2F2062001604EF60450B9
:1069A000CEF20000EFF3148C2CF0040C8CF314885E
:1069B00062B64FF080510160FEE7D4D4D4D4D4D471
:1069C0001B48016800292DD0EFF3098323E9F00F5C
:1069D0001EF0100F01D123ED108A43F804ED8B60F7
:1069E000144C236813B18B6100232360124E366868
:1069F000D6B106607068401C7060B0692060F168B4
:106A000001F1280181F30B88B36853F804EB1EF001
:106A1000100F01D1B3EC108AB3E8F00F83F30988AB
:106A20007047FEE7034CE1E7FFF762FF0646E1E748
:106A300068890622A48A06226C890622D4D4D4D47A
:106A400000F01AB8D4D4D4D4B0B502690C4622F000
:106A500007056FF0020145F8441D8560281D3421AB
:106A600006F0DCF84FF0FF304FF08071C5E90E04FE
:106A70002964B0BDD4D4D4D448F69420C2F2062000
:106A800001680131016048F6A420C2F206200168C5
:106A900041B10139016005D148F698200121C2F2C7
:106AA0000620016080B548F68820C2F20620016801
:106AB0000A6882B148F69C200121C2F206200160DA
:106AC000FEF70AFF48F69820C2F20620006808B3D5
:106AD000FEF79EFE1EE048F68C220431C2F206222A
:106AE00001601268914205D148F68421C2F2062164
:106AF0000968016048F69C20C2F20620016848F649
:106B00009820C2F20620006850EA010202D0002953
:106B1000D6D1DCE748F66C10C2F206200068A8B1B6
:106B200048F66811C2F20621096881420ED048F683
:106B3000FC10C2F206200068002818BF80BD4EF687
:106B400004504FF08051CEF20000016080BDD4D4DB
:106B500010B5044639B100F0AFFE204600F0ECFE5F
:106B60006FF3DF2010BD00F043FEC00505D42046C2
:106B700000F06AFE00F07F0010BD4FF4807010BD81
:106B80002DE9F041044690F828604AF296300D460F
:106B9000C2F2062030F81600022817D148F6CC566B
:106BA000C2F2062656F8251011B1012002F070FA43
:106BB000002046F825002046294603F071F80138E8
:106BC00094F8286002285FEA2F9700E0002720460B
:106BD000294600F0B1FC2046294600F0EDFC204695
:106BE000294600F031FD2046294602F0A9F848F672
:106BF000F458002FC2F2062805EB850708D0642060
:106C000016FB008000EB4700418841F48061418021
:106C10002046294600F050FE642016FB008000EB61
:106C200047062046718800F073FEF188204600F088
:106C30009BFE3189204600F0ABFE0021204600F08B
:106C40003BFE2046294600F033FF2046294602F04D
:106C50005FF82046294600F0D7FE2046294600F07E
:106C60001FFD2046294600F03BFD20462946BDE891
:106C7000F04100F055BDD4D470B5044690F828001A
:106C80004AF296320D46C2F2062232F8100002286D
:106C90000CD148F6CC56C2F2062656F8251011B192
:106CA000012002F0F5F9002046F82500204629468B
:106CB00002F046F82046294600F03EFC20462946D0
:106CC00000F07AFC2046294600F0BEFC00BF00BF61
:106CD00000214FF4004248F22F03204600F0C8F98B
:106CE0000021204600F08CF910F02F0FF0D1204643
:106CF000294600F0E1FD0021204600F009FE0021B8
:106D0000204600F031FE0021204600F041FE002127
:106D1000204600F0D1FD2046294600F0C9FE20465D
:106D2000294601F0F5FF2046294600F06DFE204679
:106D3000294600F049FF2046294600F061FF204621
:106D4000294600F0ADFC2046294600F0C9FC20464B
:106D50002946BDE8704000F0E3BCD4D4D4D4D4D4E8
:106D600070B51546013A022A0E4604460DD2204659
:106D70002946324600F0B4FA2046294600F040F990
:106D800000F00F00B042F7D119E0002D18BF70BD20
:106D900048F200001E43CFF6FF70304385B200BFBB
:106DA000002148F22F0320462A4600F061F9002115
:106DB000204600F025F900F02F00B042F0D170BD60
:106DC000B0B50C46054600F0FFFE28462146BDE85A
:106DD000B04000F015BFD4D4F0B581B001220C460C
:106DE000054600F0B1FE00264FF6FF7700BF00BF5A
:106DF0002846214600F0E0FD800602D50136BE425D
:106E0000F6D101B0F0BDD4D4F0B581B01446013A4A
:106E1000022A0E46054610D228462146324600F088
:106E20005FFA00BF00BF00BF2846214600F0E8F827
:106E300000F00F00B042F7D119E0C4B948F20000E9
:106E400043EA0607CFF6FF70384386B200BF00BFA3
:106E5000002148F22F032846324600F009F90021AC
:106E6000284600F0CDF800F02F00B842F0D10026FF
:106E70002846214600F098FA81040DD4284600F0F7
:106E800023F8284600F038F80A2001F0A5FB632E0D
:106E900006F10106ECD3FF2001B0F0BDD4D4D4D468
:106EA00070B514460D46064600F0AAFE3046294647
:106EB000224600F0C1FE30462946BDE8704000F091
:106EC00067BED4D4D4D4D4D490F828004AF29631F2
:106ED000C2F2062131F81010022908D10021002841
:106EE000C4F2060108BF01F5F811088870470020B8
:106EF0007047D4D4D4D4D4D490F828004AF2963130
:106F0000C2F2062131F81010022908D1042100280C
:106F1000C4F2060108BF01F5F81108887047002087
:106F20007047D4D4D4D4D4D490F828004AF29631FF
:106F3000C2F2062131F81010022908D108210028D8
:106F4000C4F2060108BF01F5F81108887047002057
:106F50007047D4D4D4D4D4D490F828204AF29630B0
:106F6000C2F20620002930F812304FF0000008BFAE
:106F7000022B00D07047012A04D11620C4F206006B
:106F8000008870471420C4F2250000887047D4D4CC
:106F900090F828304AF29630C2F20620012B30F8E1
:106FA000130008BF02280CD01420C4F2250039B108
:106FB000022904D0012918BF7047043000E00830CE
:106FC00002807047D4D4D4D490F828304AF2963056
:106FD000C2F20620012B30F8130008BF02280CD0A3
:106FE0001420C4F2250039B1022904D0012918BFA8
:106FF0007047043000E0083002707047D4D4D4D415
:1070000090F828204AF29630C2F2062030F812009A
:10701000022810D102291DD001290FD059B92020F2
:10702000012AC4F2060000F5F81004BF2020C4F2C3
:107030000600008870470020008870472021282023
:10704000C4F20601C4F22500012A08BF01F10800BC
:107050000088704728202021C4F22500C4F20601D0
:107060000430012A08BF01F10C0000887047D4D415
:1070700090F828C04AF29630C2F2062030F81C0080
:10708000022810D1022921D0012913D059B920207A
:10709000BCF1010FC4F2060000F5F81004BF202077
:1070A000C4F2060000E0002001881A409943114410
:1070B0000180704720212820C4F20601C4F2250077
:1070C000BCF1010F08BF01F10800EDE728202021E5
:1070D000C4F22500C4F206010430BCF1010F08BF60
:1070E00001F10C00E0E7D4D490F828204AF2963061
:1070F000C2F2062030F8120002280FD102291ED059
:10710000012911D051B92020012AC4F2060000F54E
:10711000F81004BF2020C4F2060000E0002001881F
:1071200021F400510180704720212820C4F206017B
:10713000C4F22500012A08BF01F10800EFE728206A
:107140002021C4F22500C4F206010430012A08BF40
:1071500001F10C00E3E7D4D410B590F828204AF2EE
:107160009633C2F2062333F81230022B0FD10229D4
:107170002DD0012920D051B92021012AC4F20601C5
:1071800001F5F81404BF2024C4F2060400E0002432
:1071900001F02AFA218838B14EF6F07008402080BC
:1071A00020880007FCD102E021F480502080208854
:1071B00040F48050208010BD20212824C4F2060114
:1071C000C4F22504012A08BF01F10804E0E72823DE
:1071D0002021C4F22503C4F206011C1D012A08BFA8
:1071E00001F10C04D4E7D4D490F828204AF2963068
:1071F000C2F2062030F8120002280FD102291ED058
:10720000012911D051B92020012AC4F2060000F54D
:10721000F81004BF2020C4F2060000E0002001881E
:1072200021F480510180704720212820C4F20601FA
:10723000C4F22500012A08BF01F10800EFE7282069
:107240002021C4F22500C4F206010430012A08BF3F
:1072500001F10C00E3E7D4D490F828004AF2963C00
:10726000C2F2062C3CF81030022B0FD1022928D094
:1072700001291BD051B920210128C4F2060101F5D2
:10728000F81104BF2021C4F2060100E000213CF8FF
:107290001000022809D10888002A20F440600880E4
:1072A00008BF7047088810430880704720232821B2
:1072B000C4F20603C4F22501012808BF03F1080146
:1072C000E5E728212023C4F22501C4F20603043196
:1072D000012808BF03F10C01D9E7D4D4D4D4D4D405
:1072E000B0B582B090F828304AF29635C2F2062541
:1072F000144635F81350022D0FD1022920D0012950
:1073000013D099BB2020012BC4F2060000F5F8151C
:1073100004BF2025C4F2060529E000250139012912
:107320002A88ADF8062019D924E020212825C4F2A6
:107330000601C4F22505012B08BF01F108050AE08A
:1073400028222021C4F22502C4F20601151D012BBA
:1073500008BF01F10C052988ADF8061001F044F9C9
:1073600040B9BDF8060020F4805001E000252888CF
:10737000ADF80600BDF8060020F00F00ADF80600DD
:10738000BDF80600288000BF28880007FCD1BDF8A2
:1073900006002043ADF80600BDF80600288002B0C4
:1073A000B0BDD4D4D4D4D4D490F828204AF29630A6
:1073B000C2F2062030F81200022810D102291DD096
:1073C00001290FD059B92220012AC4F2060000F584
:1073D000F81004BF2220C4F2060000887047002085
:1073E0000088704722212A20C4F20601C4F2250039
:1073F000012A08BF01F10800008870472A202221D5
:10740000C4F22500C4F206010430012A08BF01F1CC
:107410000C0000887047D4D490F828204AF29630A7
:10742000C2F2062030F8120002280FD102291ED025
:10743000012911D051B92220012AC4F2060000F519
:10744000F81004BF2220C4F2060000E000200188EA
:1074500041F400410180704722212A20C4F2060134
:10746000C4F22500012A08BF01F10800EFE72A2035
:107470002221C4F22500C4F206010430012A08BF0B
:1074800001F10C00E3E7D4D490F828204AF29630BA
:10749000C2F2062030F8120002280FD102291DD0B6
:1074A000012910D051B92220012AC4F2060000F5AA
:1074B000F81004BF2220C4F2060000E000204FF4C0
:1074C00080410180704722212A20C4F20601C4F2C3
:1074D0002500012A08BF01F10800F0E72A20222137
:1074E000C4F22500C4F206010430012A08BF01F1EC
:1074F0000C00E4E7D4D4D4D4EFF3108272B690F841
:1075000028004AF29633C2F2062333F81030022BD9
:107510000CD136230028C4F206034FF0010008BF47
:1075200003F5F813884019880843188082F31088FF
:107530007047D4D4D4D4D4D4EFF3108272B690F878
:1075400028004AF29633C2F2062333F81030022B99
:107550000DD136230028C4F206034FF0010008BF06
:1075600003F5F8138840198821EA0000188082F397
:1075700010887047D4D4D4D4EFF3108272B690F848
:1075800028004AF29633C2F2062333F81030022B59
:107590000CD138230028C4F206034FF0010008BFC5
:1075A00003F5F813884019880843188082F310887F
:1075B0007047D4D4D4D4D4D4EFF3108272B690F8F8
:1075C00028004AF29633C2F2062333F81030022B19
:1075D0000DD138230028C4F206034FF0010008BF84
:1075E00003F5F8138840198821EA0000188082F317
:1075F00010887047D4D4D4D4EFF3108272B690F8C8
:1076000028304AF29630C2F20620002B30F81300E0
:1076100008BF022802D082F31088704748F65860ED
:107620000023C2F206204FF0010C20F811303A205E
:10763000C4F225000CFA01F103881943018082F39A
:1076400010887047D4D4D4D4EFF3108272B690F877
:1076500028004AF29633C2F2062333F81030022B88
:107660000DD13A230028C4F206034FF0010008BFF1
:1076700003F5F8138840198821EA0000188082F386
:1076800010887047D4D4D4D440210028C4F2060115
:1076900008BF01F5F81108887047D4D4D4D4D4D4E5
:1076A000EFF3108272B690F828004AF29633C2F2D5
:1076B000062333F81030022B0FD10123002840F2AB
:1076C000460003FA01F1C4F2060040F2FF3308BF9E
:1076D00000F5F81023EA0101018082F31088704759
:1076E000EFF3108272B690F828004AF29633C2F295
:1076F000062333F81030022B0FD10123002840F26B
:10770000480003FA01F1C4F2060040F2FF3308BF5B
:1077100000F5F81023EA0101018082F31088704718
:10772000EFF3108272B690F828004AF29633C2F254
:10773000062333F81030022B0FD10123002840F22A
:107740004A0003FA01F1C4F2060040F2FF3308BF19
:1077500000F5F81023EA0101018082F310887047D8
:1077600090F828004AF29631C2F2062131F8101042
:10777000022908D14C210028C4F2060108BF01F5F6
:10778000F8110888704700207047D4D4D4D4D4D4DA
:1077900054210028C4F2060108BF01F5F811088839
:1077A0007047D4D4D4D4D4D456210028C4F20601CE
:1077B00008BF01F5F81108887047D4D4D4D4D4D4C4
:1077C00058210028C4F2060108BF01F5F811088805
:1077D0007047D4D4D4D4D4D45A210028C4F206019A
:1077E00008BF01F5F81108887047D4D4D4D4D4D494
:1077F00090F828004AF29631C2F2062131F81010B2
:10780000022908D15C210028C4F2060108BF01F555
:10781000F8110888704700207047D4D4D4D4D4D449
:1078200090F828004AF29632C2F2062232F810206E
:10783000022A18BF70475C220028C4F2060208BF63
:1078400002F5F8121180704790F828004AF296313C
:10785000C2F2062131F81010022908D15E21002859
:10786000C4F2060108BF01F5F8110888704700202E
:107870007047D4D4D4D4D4D490F828004AF29632A5
:10788000C2F2062232F81020022A18BF70475E2288
:107890000028C4F2060208BF02F5F81211807047F2
:1078A00060210028C4F2060108BF01F5F81108881C
:1078B0007047D4D4D4D4D4D490F828004AF2963265
:1078C000C2F2062232F81020022A18BF7047642242
:1078D0000028C4F2060208BF02F5F81211807047B2
:1078E00090F828004AF29631C2F2062131F81010C1
:1078F000022908D168210028C4F2060108BF01F559
:10790000F8110888704700207047D4D4D4D4D4D458
:1079100090F828004AF29632C2F2062232F810207D
:10792000022A18BF704768220028C4F2060208BF66
:1079300002F5F8121180704790F828004AF296314B
:10794000C2F2062131F81010022908D16C2100285A
:10795000C4F2060108BF01F5F8110888704700203D
:107960007047D4D4D4D4D4D490F828004AF29632B4
:10797000C2F2062232F81020022A18BF70476C2289
:107980000028C4F2060208BF02F5F8121180704701
:1079900090F828004AF29632C2F2062232F81020FD
:1079A000022A18BF70476E220028C4F2060208BFE0
:1079B00002F5F8121180704781B00022ADF8022064
:1079C00090F828004AF29632C2F2062232F81020CD
:1079D000022A13D160220028C4F2060202F1100329
:1079E00002BF7023C4F2250302F5F81203EB410035
:1079F000002918BF821E1088ADF80200BDF80200F1
:107A000001B07047D4D4D4D490F828004AF296320A
:107A1000C2F2062232F81020022A18BF70477022E4
:107A20000028C4F2060208BF02F5F81202EB41007A
:107A300030F8021C41F4005120F8021C7047D4D4E5
:107A400090F828004AF29632C2F2062232F810204C
:107A5000022A18BF704770220028C4F2060208BF2D
:107A600002F5F81202EB410030F8021C41F40071FB
:107A700020F8021C7047D4D490F828004AF29632BD
:107A8000C2F2062232F81020022A18BF7047702274
:107A90000028C4F2060208BF02F5F81202EB41000A
:107AA00030F8021C21F4007120F8021C7047D4D475
:107AB00090F828004AF29632C2F2062232F81020DC
:107AC000022A18BF704750B16020C4F2060059B1B5
:107AD00000EB4100C18941F48071C1817047602091
:107AE0000029C4F22500F3D1018841F4807101809E
:107AF0007047D4D4D4D4D4D490F828004AF2963322
:107B0000C2F2062333F81030022B18BF70476023EF
:107B10000028C4F2060303F1100C02BF40F2700CFF
:107B2000C4F2250C03F5F8130CEB4100002918BF33
:107B3000831E188820F003001880188810431880CE
:107B40007047D4D4D4D4D4D490F828004AF29633D1
:107B5000C2F2062333F81030022B18BF70470028FA
:107B600040F26000C4F2060005D000291CBF00EB03
:107B700041000E3008E029B16E20C4F2250000EB70
:107B8000410001E000F5F810018891430180704741
:107B900090F828004AF29632C2F2062232F81020FB
:107BA000022A18BF704790220028C4F2060208BFBC
:107BB00002F5F81202EB810030F8041C41F4007168
:107BC00020F8041C7047D4D490F828004AF296326A
:107BD000C2F2062232F81020022A18BF7047902203
:107BE0000028C4F2060208BF02F5F81202EB810079
:107BF00030F8041C21F4007120F8041C7047D4D420
:107C000090F828004AF29632C2F2062232F810208A
:107C1000022A18BF704790220028C4F2060208BF4B
:107C200002F5F81202EB810030F8041C41F4807177
:107C300020F8041C7047D4D490F828004AF29633F8
:107C4000C2F2062333F81030022B18BF704792237C
:107C50000028C4F2060308BF03F5F81303EB810004
:107C600020F8042C7047D4D47047D4D4D4D4D4D4BE
:107C70007047D4D4D4D4D4D42DE9F04F83B0044683
:107C800090F828504AF296309246C2F20620894671
:107C900030F81530012B01D1002105E048F6A45140
:107CA000C2F2062151F829104FF03C080291BAF1B6
:107CB000010F08BF4FF0400854F8081049684968A0
:107CC0000F7848F6EC21C2F2062101EB051B5BF8A8
:107CD000271031F0010613D020465146FFF784FAF1
:107CE00094F82800F0B94CF20830BAF1010FC4F250
:107CF000000012D1016821F480310160006811E0B8
:107D000030F81500012800F0998048465146224677
:107D100003B0BDE8F04F01F063BD416821F480314C
:107D20004160406848F6FC20CDF80490C2F206207D
:107D300000EBC50131F817108E4214D245B948F650
:107D400004321BF82710C2F2062201F00101D155BE
:107D500048F60831029AC2F20621324401EB0511BD
:107D600041F8272003E0B6FBF1F202FB01F654F8DC
:107D7000081094F82820D4F83CC040F2B428496890
:107D8000002A5FEA0F9300EBC2094968C2F200289B
:107D90004BF8276043EAC30291F800E0DCE90001F8
:107DA0000AEB4A0308EB820202EB8302D1E90013DB
:107DB00039F81E7052688A601A784AF20003C4F2D9
:107DC000000303EB82120023826000BF00BF00BFEC
:107DD000957F01332D0623EAE5739DB2642DF7D319
:107DE000BE4256EA3782029B4B605208CA8139F87C
:107DF0001E20731EB3FBF2F201328A81DCF80820E8
:107E000052689047204600F0EFFB019D28B90023FF
:107E1000204629465246FEF7A3FF20465146FFF76B
:107E20009BF9204600F0E0FB40B1002320462946A4
:107E3000524603B0BDE8F04FFEF792BF03B0BDE875
:107E4000F08FD4D4D4D4D4D448B101294FF03C011C
:107E500008BF4021405840684068007870470A20B9
:107E60007047D4D4D4D4D4D42DE9F04F83B0044691
:107E700090F828004AF296339046C2F206238B46C9
:107E800033F81030012B01D1002205E048F6A4514F
:107E9000C2F2062151F82B203C27B8F1010F08BF90
:107EA0004027E159496849680E7848F6EC21C2F24A
:107EB000062101EB001A5AF82600A0B120464146DF
:107EC0000192FFF791F994F82800A0B94CF208301C
:107ED000B8F1010FC4F2000008D1016821F480312B
:107EE0000160006807E003B0BDE8F08F416821F44D
:107EF000803141604068D4F840E0E2594AF200091C
:107F00005AF826C0DEE90001C4F200095268029660
:107F10004B6852681D7894F828301778002209EBD6
:107F20008515856000BF00BFAE7F0132360622EAAC
:107F3000E67296B2642EF7D3002B5FEA0F9240F2FE
:107F4000B42508EB4806C2F20025096842EAC202DD
:107F500005EB820248F6FC2502EB8602C2F20625FA
:107F600005EBC303012552684A6033F81720013A34
:107F700002EBD27205EB5202019D8D60CA8133F88B
:107F80001720ACF10103B3FBF2F201328A81DEF873
:107F9000082052689047204600F026FB28B90023AD
:107FA000204659464246FEF7DBFE2046594600F081
:107FB0007BFE02995AF821100139B1FBF0F05946C5
:107FC000013082B22046FEF76BFF20465946FFF78C
:107FD00093FA2046594600F053FE20464146FFF7EB
:107FE00083F820464146FFF7B7F8204600F0FCFA38
:107FF00028B10023204659464246FEF7B1FE2046EE
:10800000594603B0BDE8F04F00F092BED4D4D4D4AA
:1080100080B590F828304AF2963CC2F2062C002B2C
:108020005FEA0F923CF813E0BEF1020F52EA0382BE
:1080300001294FF03C0108BF40214058406840688A
:10804000017848F61830C2F2062000EBC20030F882
:1080500011003CF81330022B18BF80BD48F6EC230A
:1080600048F67C5CC2F20623C2F2062C03EB021235
:108070005CF8203052F82110591A38BF00214CF812
:10808000201080BDD4D4D4D42DE9F04F81B08846DF
:108090001946994692460546FFF70EFC2846FFF71B
:1080A0001FFC044610F0100F4FF0010050EA009B37
:1080B000284600F099FA28B90023284649465A462E
:1080C000FEF74EFE28465946FFF78EF895F8280031
:1080D00000284FEAC46010D14CF208310028C4F2E5
:1080E000000105D40A6822F480320A60096804E0BD
:1080F0004A6822F480324A60496895F8281048F6A8
:10810000FC27C2F206270BEB4B0600295FEA0F9211
:1081100000284FF03C0058BF40202858D5F83CC0FC
:1081200007EBC10440F2B427406842EAC202C2F23F
:108130000027406807EB820202EB860290F800E01D
:10814000DCE900015268D1E9001334F81E708A603E
:108150001A784AF20003C4F2000303EB82160022ED
:10816000866000BF00BF00BFB37F01321B0622EA5A
:10817000E37293B2642BF7D3BA455AEA3782C1F857
:108180000480AAF101035208CA8134F81E20B3FB0F
:10819000F2F201328A81DCF80820526890472846C2
:1081A0005946FEF7D9FF284600F01EFA40B10023D9
:1081B000284649465A4601B0BDE8F04FFEF7D0BD0B
:1081C00001B0BDE8F08FD4D42DE9F04F81B03C224E
:1081D000012908BF4022825890F828704AF2963848
:1081E0005268C2F206285268157848F61832C2F270
:1081F000062202EBC70212F8154038F81720012AB0
:1082000000F09B8048F6FC2248F67C59C2F2062218
:10821000C2F2062902EBC70248F6A45C59F82430E2
:10822000C2F2062C32F81520934212D248F60432DC
:10823000C2F2062202EB8702525D002A5AD10E4694
:1082400021460546FFF76CFA28463146FFF7E4F869
:1082500024E048F6EC22C2F2062202EB071A5AF892
:1082600025209E1A5CF8243049F824601DD121464F
:108270000646FFF755FA304621463546FFF79CFB88
:1082800040040BD438F81700012856D001212046AD
:108290002A4601B0BDE8F04F01F03ABF284621461A
:1082A00001B0BDE8F04FFFF7A7B902EB030E4AF8A3
:1082B000256057B948F6043B4FF6FE73C2F2062B11
:1082C00006F001021E400BF8052048F60833B2B252
:1082D000C2F2062303EB07131EFA86F643F8256065
:1082E00042B14AF825207146234601B0BDE8F04F5F
:1082F000FFF7CABE38F81720012A16D048F6043214
:1083000048F60833C2F20622C2F2062302EB8702C5
:1083100003EB0713525D49F8242053F825204CF84D
:1083200024200246204601F05BFA48F60430002182
:10833000C2F2062000EB8700415501B0BDE8F08F86
:1083400070B592B04AF63C004AF29631C2F206206D
:10835000C2F20621C4680888012827D06846022195
:1083600000258DF828500226FEF73EFF48F6203003
:1083700048F62433C2F20620C2F20623028802EB3A
:10838000C201013202F00702028003EBC10140F298
:108390005110C0F20400486281F82850D4E9090263
:1083A000C1E90F0205208E8500F03AFE12B070BDC3
:1083B00001294AF20001C4F2000112D1006CD0E997
:1083C00000204068007801EB80100021906000BF21
:1083D000827F0131120621EAE2718AB2642AF7D360
:1083E00012E0C06BD0E900204068007801EB8010FB
:1083F0000021906000BF00BF827F0131120621EA98
:10840000E2718AB2642AF7D37047D4D4D4D4D4D4D6
:1084100080B584B0006C81680068CA69694690477D
:10842000BDF8040004B080BD10B543F2040100287B
:10843000C4F22001086813D0C00413D50120EFF363
:10844000108480F31088086820F4006008600868D1
:108450001E20012104F0A8F984F31088002010BD2B
:10846000000502D440F2DD5010BD0120EFF310846E
:1084700080F31088086820F40060086008681E20F7
:10848000012104F091F984F31088002010BDD4D4A8
:10849000B0B500B1B0BD40F200404EF2001EC4F2D3
:1084A00025004AF63C0CCEF2000EC2F2062C026801
:1084B00022F01002026091F90E304CF20032C4F248
:1084C0000002002B1DD4487D0EEB030401250001A2
:1084D00084F800034CF8231052F8230020F4803075
:1084E00042F8230052F82300580903F01F03BFF39A
:1084F0005F8F0EEB800405FA03F3C4F880314EF869
:10850000203091F90F30002B1DD4887D0EEB030431
:108510000125000184F800034CF8231052F82300D1
:1085200020F4803042F8230052F82300580903F069
:108530001F03BFF35F8F0EEB800405FA03F3C4F84B
:1085400080314EF8203091F90D30002B1DD4087D7C
:108550000EEB03040125000184F800034CF82310FE
:1085600052F8230020F4803042F8230052F8230010
:10857000580903F01F03BFF35F8F0EEB800405FA69
:1085800003F3C4F880314EF8203091F90C30002B01
:1085900048BFB0BDC87C0EEB0304000184F80003A3
:1085A0004CF8231052F8230020F4803042F82300C6
:1085B00052F82300580903F01F0201230EEB80013B
:1085C00003FA02F2BFF35F8FC1F880214EF820203A
:1085D000B0BDD4D4D4D4D4D4012104F0E5B8D4D4DB
:1085E000FCF75EBED4D4D4D400207047D4D4D4D405
:1085F0004FF07041EFF3038001EB00604CF200316B
:108600008015C4F20001425822F480324250405892
:108610004AF29631C2F206210888012808BF704745
:1086200001F0DEBAD4D4D4D44FF07041EFF303801C
:1086300001EB00604CF200318015C4F20001425899
:1086400022F4803242504AF63C024158C2F20622DD
:108650001058807800F0D0BA4FF07041EFF30380EB
:1086600001EB00604CF200318015C4F20001425869
:1086700022F48032425040587047D4D4D4D4D4D459
:108680004FF07041EFF3038001EB00604CF20031DA
:108690008015C4F20001425822F480324250405802
:1086A0007047D4D4D4D4D4D42DE9F04F81B040F263
:1086B000400840F240094FF6F073C4F22508C4F2B6
:1086C0000609C0F21E03444609EB0306012A02BF55
:1086D0004024C4F20604A9F110062788E388B4F800
:1086E00008E0B4F80AB0368834F80A5C34F808AC0C
:1086F00034F806CCB7F5807F4FF0000404800C807E
:1087000002D201B0BDE8F08F3E4074041CD434B2F4
:10871000B4F1FF3F20DDB6F5005F25D2B6F5805FEE
:108720002FD22B40F7059DB239D515F0010336D075
:10873000012A59EA088240F2FE33D38001220280E6
:108740000A8001B0BDE8F08F012A59EA08816FF470
:1087500080420A80122110E0012A59EA088147F676
:10876000FF720A80112108E0012A59EA08816FF49A
:10877000804202F500520A801321018001B0BDE859
:10878000F08F012A59EA08826FF4804303F54053C1
:108790001380142202800F8001B0BDE8F08F0CEA34
:1087A0000B035FEA465B9BB20AD513F0010407D0C6
:1087B000012A59EA088240F2FE335381022210E076
:1087C0000AEA0E045FEA865E1FFA84FC0FD51CF0ED
:1087D00001040CD0012A59EA088240F2FE331381C9
:1087E000032202800120088001B0BDE8F08FB6F5B9
:1087F000006F17D2002F35D4BBF1000F3FD4BEF16C
:10880000000F7FF57EAF012A59EA088240F2FF335C
:1088100023EA0C03138103220280A1F800C001B0F7
:10882000BDE8F08F044610460D461646FEF72CFFB5
:10883000012E59EA088728806FF4804000F56050C7
:10884000388015202080288800F0070006287FF453
:1088500058AF304600F0DCF900202080288001B0BD
:10886000BDE8F08F012A59EA088240F2FF33AB439A
:10887000D380012202800D8001B0BDE8F08F012A73
:1088800059EA088240F2FF379F4357810222028053
:108890000B8001B0BDE8F08F10B5044600F0B8F9C8
:1088A0002046FEF775FF49F69C71C2F2062108804A
:1088B0002046FEF779FF49F69E71C2F20621088034
:1088C0002046FEF77DFF49F6A071C2F2062108801E
:1088D0002046FEF781FF49F6A271C2F20621088008
:1088E00010BDD4D4D4D4D4D480B590F82800FEF7E9
:1088F000CBFE00F0700030285FEA1F9080BDD4D41A
:10890000B0B549F6F24149F68C75C2F20621C2F2C1
:1089100006250446FF200988288001290FD120461A
:1089200000F05EF92046FEF7AFFE410408D4400691
:1089300058BFB0BD204600F03BF900202880B0BDF4
:10894000D52028802046BDE8B04000F055B9D4D4E9
:108950007047D4D4D4D4D4D410B5044690F82800A9
:1089600000F04AF994F82800BDE8104000F038B94A
:108970000346022208461946FFF7BEB8D4D4D4D421
:1089800000210222FFF7B8B82DE9F04180464708E0
:108990001D4614460E4608D034F8022B28463146B0
:1089A000FEF7F6FA013F3804F6D15FEAC87010D03E
:1089B000002228463146FEF74FFC14F8012B2846CA
:1089C0003146FEF701FB4FF4806228463146FEF740
:1089D00043FC2046BDE8F0812DE9F0418046460881
:1089E0001D4614460F4608D028463946FEF7B4FA0D
:1089F000013E24F8020B3004F6D15FEAC87005D0BE
:108A000028463946FEF7A8FA04F8010B2046BDE8CF
:108A1000F081D4D4D4D4D4D4F0B581B004460E4679
:108A2000104621461546FEF7D7F928462146FEF79F
:108A300083FD28462146FEF7BFFD28462146FEF766
:108A400003FE28462146FEF7BBF900212846FEF723
:108A5000D7FA00F00F00A04205D100210022002328
:108A60002846FEF77DF901212846FEF7C9FA00F0F5
:108A70000F00A04209D10021012200232846FEF761
:108A80006FF901212846FEF7AFFB02212846FEF7C9
:108A9000B7FA00F00F00A04209D100210222002302
:108AA0002846FEF75DF902212846FEF79DFB284681
:108AB000214600F02DF928462146FEF7A5FF48F68D
:108AC000CC57C2F2062757F8240028B348F67C5149
:108AD0008685C2F2062151F82410416128462146BC
:108AE000FEF76AFF57F824305E68D8852EB1002162
:108AF00000221846B04757F824300120194600F0EC
:108B0000C7FA95F82800002147F82410214601B043
:108B1000BDE8F04000F034BB01B0F0BDD4D4D4D4F3
:108B200010B548F66454C2F206242188002908BF13
:108B300010BDFFF799F86420FFF74EFD002020805C
:108B400010BDD4D4D4D4D4D410B548F66454C2F2F1
:108B500006242188002908BF10BDFFF785F864208E
:108B6000FFF73AFD0020208010BDD4D4D4D4D4D453
:108B700048F664510122C2F206210A80FFF778B854
:108B800000210028C4F2060108BF01F5F811088889
:108B900040F010000880704700210028C4F2060150
:108BA00008BF01F5F811088820F010000880704710
:108BB00008210028C4F2060108BF01F5F811088851
:108BC00040F480700880704730210028C4F206010C
:108BD00008BF01F5F811088840F48040088070470C
:108BE00030210028C4F2060108BF01F5F8110888F9
:108BF00020F480400880704740210028C4F206011C
:108C00004BF6FF7008BF01F5F81108807047D4D407
:108C100040210028C4F206014FF6F77008BF01F5A5
:108C2000F81108807047D4D460210028C4F20601EE
:108C300008BF01F5F811088840F00400088070476B
:108C4000002818BF70470020C4F22500018841F4B5
:108C50008061018000BF00BF01884905FCD5018803
:108C600021F020010180018841F0010101804FF4D1
:108C700080610184018581854FF41D410186704723
:108C8000092988BF7047FEF777BCD4D4D4D4D4D494
:108C9000092901D90020704780B5FEF78DFE00F04C
:108CA000030080BDD4D4D4D4092901D90020704751
:108CB00010B541B10446FEF7FFFD2046FEF73CFE2D
:108CC0006FF3DF2010BDFEF7BFFD6FF3DF2010BD97
:108CD000092901D90020704710B50446FEF7ECFDC4
:108CE0002046FEF7FDFD00F0100010BDD4D4D4D412
:108CF000092901D90020704710B50446FEF7DCFDB4
:108D00002046FEF7EDFD00F4404010BDD4D4D4D48D
:108D1000092988BF7047B0B504460D46FEF790FE9E
:108D200020462946BDE8B040FEF7A6BED4D4D4D430
:108D3000092988BF70470122FEF7DEBED4D4D4D4FF
:108D4000092988BF7047B0B504460D46FEF744F8C0
:108D5000022220462946BDE8B040FEF7F5BED4D435
:108D600080B5FEF7E1F800F007004021013800224D
:108D7000032838BF01EB801290B280BDD4D4D4D484
:108D80002DE9F04148F66C684AF2A833C2F2062891
:108D9000C2F206238871A0F1010CB8F80020BCF1E2
:108DA0000C0F02EBC20203EB820E0A467346F0CAB6
:108DB000F0C392E8F100F1C313D8DFE80CF007121A
:108DC000072B2B07073522220707070008784AF2EE
:108DD0009831C2F2062151F820300021002270465D
:108DE0009847B8F800004CF6CD42013081B25143AB
:108DF000C90C01EB8101A0EB4100A8F80000BDE81F
:108E0000F08108784AF29832C2F20622496952F893
:108E10002030E3E708784AF29631C2F2062131F8B1
:108E200010100129D3D1DCE708784AF29632C2F259
:108E3000062232F81020012AD3D04AF298334A8A07
:108E4000C2F20623002A4FF0000253F820C07046F9
:108E50000CBF00214969E047C3E7D4D4D4D4D4D4AB
:108E60007047D4D4D4D4D4D42DE9F04788B0044684
:108E7000807849F208124FF41877C2F2062210FBEC
:108E8000072300EB400149F2D800C2F20620482235
:108E900000EB01104FF25C71C0F200213026CDE9E9
:108EA0000076FCF739FE20B10224204608B0BDE868
:108EB000F0872078012843D149F640054FF2103859
:108EC00049F65817C2F2062505264FF038094FF02B
:108ED000280AC0F20028C2F20627012400BF00BF02
:108EE0000122284641463B46CDE900A9FDF7D4F8CA
:108EF0000028DAD1013E05F13805F1D149F6801597
:108F00004FF2784849F6B037C2F206250A264FF0EC
:108F100038094FF0280AC0F20028C2F206270124BF
:108F20000122284641463B46CDE900A9FDF7B4F8A9
:108F30000028BAD1013E05F13805F1D10024B4E78B
:108F400048F650704FF2854149F26833C2F206206C
:108F5000C0F20021C2F20623012238272826CDE9DB
:108F600000670124FDF798F800289ED149F240429D
:108F700000200A21C2F206224FF48063CDE90023CB
:108F8000049049F29030CDE902114FF26A7149F232
:108F90008932C2F20620C0F20021C0F20022002372
:108FA000B027CDE90547FDF7E3F900283FF484AF8A
:108FB00003247AE7D4D4D4D491B180B500230B60D4
:108FC00040F2D823002AC2F2002308BF40F6B8328C
:108FD00053F82000FDF7F0F8002818BFFF2080BDEF
:108FE000FF207047D4D4D4D410B582B04FF0FF0422
:108FF000019191B140F2D8210022C2F2002151F832
:10900000200001A9FDF7F8F8019900294FF0FF01B0
:1090100018BF0021002851EA0484204602B010BD88
:1090200010B582B04FF0FF04019191B140F2D82108
:109030000022C2F2002151F8200001A9FDF7DCF85E
:10904000019900294FF0FF0118BF0021002851EAC3
:109050000484204602B010BDA9B110B50C4602EB45
:10906000420049F2D8010022C2F2062101EB0010B1
:109070002146FCF731FD20B9206800281CBF0020E4
:1090800010BDFF2010BDFF207047D4D4D4D4D4D459
:1090900039B180B50846FCF7B7FD002818BFFF209E
:1090A00080BDFF207047D4D4B0B582B090F828506E
:1090B0000C46FCF7A9FDA4F10A0010F1090F01D23A
:1090C00002B0B0BD49F680104FF40C71C2F2062018
:1090D00015FB0100C4EBC401002200EBC10401A98F
:1090E0002046FDF769F80028EAD101980028E7D06A
:1090F00001AD00BF00BF00BFFCF786FD0022204687
:109100002946FDF759F80028DAD101980028F3D153
:10911000D6E7D4D4D4D4D4D4B0B582B090F8285003
:109120000C46FCF771FDA01F10F1050F01D202B033
:10913000B0BD49F680104FF40C71C2F2062015FB49
:109140000100C4EBC401002200EBC10401A92046C8
:10915000FDF732F80028EAD101980028E7D001ADE8
:10916000FCF752FD002220462946FDF725F800288D
:10917000DDD101980028F3D1D9E7D4D4D4D4D4D404
:10918000A1F10A0212F1090F38BF7047B0B590B0D3
:10919000044649F680104FF40C72C2F2062004FB1C
:1091A0000200C1EBC101002200EBC1000FA9FDF7D5
:1091B00003F818BB0F9808B34AF2963040F2D82251
:1091C000C2F206201421C2F2002230F81400012855
:1091D00001A808BF042152F801C00246BCE81A40A9
:1091E000A2E81A40BCE83A40A2E83A409CE83A407B
:1091F00082E83A400FA90022FCF7FEFF10B0BDE85C
:10920000B0407047D4D4D4D480B582B0A1F10A0262
:10921000019012F1090F11D390F8280049F680123D
:109220004FF40C73C2F2062210FB0320C1EBC10104
:10923000002200EBC10001A9FCF7DEFF02B080BDF7
:10924000B0B5144649F6A472C2F206220123138077
:1092500048F67C5248F6A453C2F20622C2F2062314
:10926000106000221960002120232046FDF778FDC0
:1092700000212046FEF708F900212046FEF750FAAB
:1092800000200021224600F0B3FD0546022802D04E
:10929000012D04D05DB900212046FEF7ADF9002173
:1092A0002046FFF7EDFC00212046FFF741FD284650
:1092B000B0BDD4D4D4D4D4D410B5144649F6A472D5
:1092C000C2F206220123138048F67C5248F6A453CA
:1092D000C2F20622C2F206231060002219600021A9
:1092E00000232046FDF73CFD00212046FEF7CCF888
:1092F00000212046FEF700F900212046FFF7C0FCC0
:1093000000212046BDE81040FFF712BDD4D4D4D4CC
:10931000B0B5054649F6A470C2F2062049F6A67219
:109320000C46C2F206220021018020461180FEF781
:109330008BF900212046FEF7FFF800212046FEF7BA
:109340003BF994F828004FF4806200210128204660
:1093500008BF4FF40062FDF77FFF25F002000528EB
:1093600004D12046BDE8B040FFF70ABB082D05D167
:1093700000212046BDE8B040FDF72EBD94F828003E
:10938000BDE8B040FFF750BC82B049F6987849F686
:10939000407A49F69C7949F6A87501ACC2F20628D4
:1093A000C2F2062A4FF0010BC2F20629C2F20625CC
:1093B00005204FF47A722146FFF7FEFD08B12FF029
:1093C00009C8019EB08CA0F251100428F0D8DFE843
:1093D00000F00A2B04032100EAE7F08C0821324652
:1093E000FFF71AFBE4E7F08C01381428E0D8B18DC0
:1093F000DFE800F00C43282C0B0B0B0B0B0B0B0BBB
:109400000B0B0B0B1E470B523500D1E7304600F01B
:1094100083FBCDE796F82800FFF796FB019890F8BC
:109420002800FFF76DFAC3E7304600F0A9F8BFE760
:1094300096F8280001F074FA402838D1304601F03F
:10944000CBF9B5E7304600F09BFBB1E730460F465D
:10945000FEF7AEFF30463946FEF7B6FEA8E711F03C
:1094600007073ED001F00500012818BF052F42D1A3
:1094700096F82800FFF710FA3DE0304600F088FB30
:1094800096E7DAF824301BB10021002230469847D5
:109490003046FFF761FA8BE7C1F302100BFA00F0D8
:1094A00010F0F00F15D0304601F0FEF980E730469D
:1094B00001F09EF996F8280018F8000001287FF4C2
:1094C00077AFF9F70DFA96F82800002108F8001098
:1094D0006EE710F00D0F7FF46BAF304601F048F9E6
:1094E00066E749F6F440C2F206200088012802D15E
:1094F0003046FFF72DFAB9F8000010F0600F1CD0CD
:1095000049F69E712880C2F2062149F6A070C2F287
:109510000620DAF82C300988698049F6A271C2F277
:1095200006210088A8800988E9800BB92FF0C1C006
:1095300028463946324698473AE7DFE807F01519DA
:109540000D11091D040407203146FFF7E1FE2FE746
:10955000304602F029F82BE7304601F0D1FF27E72B
:10956000304601F0A5FD23E7304601F02DFB1FE753
:10957000304601F081FB1BE7304601F09DFD17E707
:10958000B0B5C48C0546FFF7AFF901280CD148F6F9
:10959000CC50C2F2062050F8241061B12846214672
:1095A000FFF732FE0020B0BD8CB128462146FFF700
:1095B0007BFD0020B0BD40F8245028462146FFF72F
:1095C00087FB50B1204600F093FB0020B0BD002186
:1095D0002846FFF7A1FD0020B0BD204600F090FC1A
:1095E0000020B0BDD4D4D4D480B549F6F04049F6BB
:1095F000F242C2F20620C2F206220021018049F6A0
:10960000F8401180C2F206204FF4FF7103F006FB10
:1096100080BDD4D4D4D4D4D480B549F6F041C2F2BC
:109620000621088049F6F840C2F206204FF4FF7187
:1096300003F0F4FA80BDD4D480B54FF0020E49F6A1
:10964000F660C2F20620203087FF5F0800BF00BF2F
:1096500000ED901EA0EC881E0FF007C080BDD4D492
:1096600049F64070C2F20620806800797047D4D471
:1096700080B549F64071C2F206218B681A78B3F8BA
:1096800002E0964513D913444FF0000C06E000BFEA
:1096900019780A440B4492B272450AD259780429C7
:1096A000F6D19978884208BF93F803C0F0E74FF0ED
:1096B000000C1FFA8CF080BD2DE9F04749F640728E
:1096C000C2F2062293681F785A88BA4298BFBDE852
:1096D000F08749F6F6683B444FF0000C4FF0200E3F
:1096E000C2F206284FF000094FF0000A3C4605E0A0
:1096F0001D787C19A7B22B44974227D25D78052D9F
:109700000AD0042DF4D19D78A84219D1DD78A94260
:1097100016D193F804C015E01FFA8CF41FFA8AF5ED
:10972000A542E5D29C7809EB0A060AF1010AF6B2D5
:1097300004F00F050EEA9404444424F81560D7E7BA
:109740001D79A9441D782C44E4B2D3E7BDE8F08725
:1097500049F6F040C2F20620008840B149F6407058
:10976000C2F206208068C079C0F340107047002024
:109770007047D4D4D4D4D4D449F64070C2F2062071
:109780008068C079C0F380107047D4D4D4D4D4D4C6
:10979000B0B5092888BFB0BD0446154600F040FCAE
:1097A000032805D8DFE800F002120A0B03210EE0BF
:1097B000FF2801D1152103E0072101E0B0BD0521FB
:1097C00020462A46BDE8B040FFF726B904212046CE
:1097D0002A46BDE8B04000F09BBCD4D4D4D4D4D445
:1097E00070B5092888BF70BD044610460E46214654
:1097F0001546FDF7A1FE204631462A4600F0F8FA4C
:10980000022808D3FF2810D0022810D1284621466C
:10981000FDF772FE03E028462146FDF7EDFE2846DF
:109820002146BDE87040FFF72BBA152100E0072163
:1098300020462A46BDE87040FFF7EEB8D4D4D4D411
:1098400070B582B0C58C65B1044690F8282000261A
:1098500006604FF4A970A08401A90120FFF7FCFB6A
:1098600010B1FF2002B070BD01984822214603F0DC
:10987000D9F9FBF759FC019948F6DA22C2F206221F
:10988000086205205655FFF7AFFB044618B1019951
:109890000120FFF7FDFBC5EBC50049F6D831C2F248
:1098A000062101EB80004FF0FF31FCF73DFD204623
:1098B00002B070BDD4D4D4D4F0B5486849F6407431
:1098C000C2F2062449F63115D0E900C2C0F20025E3
:1098D000002AD0F810E0D0E9023153EA0282C4E94C
:1098E00000C104F1080149F6E91649F6192781E893
:1098F0000C4004F11401C0F20026C0F2002704F16C
:10990000200CE0C149F6A921007DC0F2002149F6F2
:10991000D92249F611334BF24967C0F20022C0F256
:109920000023C0F2002784F830008CE88E00F0BDE0
:109930002DE9F04F81B00D462821804600F06CF8EB
:10994000C02D0DD149F64071C2F20621D1E902269F
:10995000304612B107205070C86870B102210BE088
:1099600049F64070C2F206208668002E1CBF022114
:109970007170C06808B1072141708EB198F8280055
:10998000778800F05DFE3478A74227D949F68E7AB1
:109990004FF00009C2F2062A4FF0000B13E000BF9F
:1099A000FEE700BF00BF00BF5FFA8BF228464146CA
:1099B00000F092FD002818BF0AF80900287820441A
:1099C00084B2BC420AD2351968780528ECD0042844
:1099D000F4D195F8029095F805B0EFE701B0BDE835
:1099E000F08FD4D4D4D4D4D480B58AB049F696714B
:1099F0000122C2F206210A8090F828108DF8041086
:109A0000D0E90F10CDE9081001A90320FFF7B8F93C
:109A10000AB080BDD4D4D4D42DE9F0418AB08046B8
:109A200090F828000D46FDF72FFE282D27D110F0C5
:109A3000800024D048F6D02049F6D831C2F2062062
:109A4000C2F20621461C01F11C050927002400BFB3
:109A5000284606F8014BFCF77FFC2846FCF74CFC37
:109A6000013F05F11C05F3D198F8280049F69871DB
:109A7000C2F20621085C012801D1F8F731FF49F64E
:109A80009670C2F206200188012909D1002198F8B8
:109A90002820018001A906208DF80420FFF770F925
:109AA0000AB0BDE8F081D4D480B58AB090F828001F
:109AB00001A98DF804000420FFF762F948F61C1094
:109AC000C2F206200068D0F87C1109B10420884752
:109AD0000AB080BDD4D4D4D480B58AB090F8281010
:109AE0008DF80410D0E90F21CDE90821006A069015
:109AF00001A90520FFF744F948F61C10C2F2062020
:109B00000068D0F87C1109B1052088470AB080BDF3
:109B10007047D4D4D4D4D4D410B5CA07044604D1E1
:109B20002046BDE8104000F077BB0020002122460F
:109B300000F076FA022806DC0CD200212046BDE8AF
:109B40001040FDF7F9BC03280CD0FF2818BF10BD4A
:109B500007200CE002280FD100212046BDE810406C
:109B6000FFF7E6B800212046FDF78EFC05202146D0
:109B7000BDE81040FFF7CCBB10BDD4D4D4D4D4D4AE
:109B8000CA0718BF704700F00BBCD4D4D4D4D4D4C7
:109B900010B5CA07044604D12046BDE8104000F0C5
:109BA0002FBC00200021224600F022F9022809D310
:109BB0000ED0FF2818BF10BD07202146BDE8104079
:109BC000FFF7A6BB00212046BDE81040FDF73CBDD5
:109BD00000212046BDE81040FFF7AAB8D4D4D4D461
:109BE000B0B549F6B070C2F2062001884A1C02F0F6
:109BF000070202804FF07042EFF3038002EB006037
:109C00004AF63C028015C2F2062201EBC10115584A
:109C100049F6B472C2F20622A87802EBC104FEF73C
:109C20007FFFAA7840F25110A084A86A2064686A75
:109C3000E06304F1260004F12C0184F82820FEF7EB
:109C400033FD05202146BDE8B040FFF7E9B9D4D483
:109C500091F8281048F6F4526423C2F2062211FB50
:109C60000322102101EAD00100F00F0001440C3260
:109C7000012005E000BF00BF01300A320A280AD0E7
:109C800032F8023C012BF7D1138803F01F039942ED
:109C9000F2D180B27047FF2080B27047D4D4D4D4C0
:109CA000092903D8C26B22B1052909D9002210461F
:109CB000704705294FF00002F9D8036C002BF6D04D
:109CC00010B50446FDF7F8FD2046FDF709FE10F03B
:109CD000100F4FF0010050EA009010BDD4D4D4D43E
:109CE00080B5FDF7F1F8C0F3C01080BDD4D4D4D452
:109CF000092888BF70472DE9F04381B0044648F633
:109D0000CC50C2F20620214650F8245028466E69F5
:109D1000FDF762F848F6A45048F67C58C2F20620D7
:109D2000C2F20628A96840F824102846214648F8BF
:109D30002460FDF7F5FC28462146FDF7B1FCE86BF1
:109D400010B1052C05D944E0052C42D8286C002818
:109D50003FD028462146FDF7AFFD2846FDF7C0FD60
:109D600010F0100F95F828004FF0010151EA019909
:109D70000028284649465FEA0F96FEF765F848F640
:109D800018310746C2F2062101EBC60121F8104046
:109D900028462146FCF7DCFE48F6FC21C2F20621EB
:109DA00001EBC60258F82410814222F8170002D3B2
:109DB000B1FBF0F1414348F6EC204A46C2F20620DE
:109DC00000EB061040F8271028462146FDF754FF07
:109DD00004E0002120462A46FFF702FD28462146DE
:109DE00001B0BDE8F043FEF7A3BFD4D4D4D4D4D49B
:109DF000092801D9FF2070472DE9F04F81B00446B2
:109E000015460E46084304D0002328462146324614
:109E100003E00022202328462146FCF7F5FFFF2817
:109E200003D1FF2001B0BDE8F08F28462146FCF7A2
:109E30008FFE814628462146FEF736FF48F67C5BBA
:109E4000C2F2062B5BF82410494503D9022000908A
:109E50004F4615E04FF001024FF0000771B11FFAB5
:109E600081FC002C08BF0227BCFBF0F303FB10C0F1
:109E7000002857EA02820F46009201E0012000907C
:109E800028462146FEF704FF804628462146FCF777
:109E9000A3FF48F6A45ABFB2C2F2062A384631469A
:109EA0002B465AF82420FEF76FFD5BF824104AF881
:109EB000240049450ED200204BF8240028463146A4
:109EC000FDF772FA00B2002807D428463146FDF7A4
:109ED000A3FA02E0C81B4BF8240028462146FDF7F0
:109EE0001FFC08F00300012803D128462146FEF795
:109EF0001FFF009801B0BDE8F08FD4D4D4D4D4D4DF
:109F00002DE9F04381B0092802D901B0BDE8F08302
:109F1000044648F6CC50C2F20620214650F82450A0
:109F200028466E69FCF758FF48F67C5848F6A4515D
:109F3000C2F20628E86BC2F20621002848F8246025
:109F4000A86841F8240002D0052C04D940E0052C73
:109F50003ED8286CE0B328462146FDF7ADFC2846E4
:109F6000FDF7BEFC95F8281000295FEA0F9610F067
:109F7000100F4FF0010050EA009928464946FDF7BE
:109F800063FF48F618310746C2F2062101EBC6010D
:109F900021F8104028462146FCF7DAFD48F6FC215E
:109FA00048F6EC22C2F20621C2F2062201EBC601FB
:109FB00002EB061221F8170058F8240042F8270097
:109FC000284621464A4601B0BDE8F043FDF74CBFA4
:109FD0000022002328462146FCF7C2FE28462146DF
:109FE000FEF762FE5EB1B6FBF0F101FB10600028E7
:109FF00051EA0190214682B22846FCF751FF2846DB
:10A000002146FEF795FE28462146FDF775FA2846BB
:10A01000214601B0BDE8F043FEF732BED4D4D4D41B
:10A02000092801D9FF2070472DE9F04F81B004467F
:10A030000E4615460023104621463246FCF7E4FE44
:10A04000FF2803D1FF2001B0BDE8F08F0746284666
:10A0500021466FF31F37FEF727FE48F67C58C2F201
:10A06000062858F82410B9420AD228462146FCF79F
:10A07000B3FE58F824904FF0030AD7B34F4625E0BB
:10A080000CD124B9B7FBF0F101FB107060B3284686
:10A090002146FCF7A1FE4FF0000A27E017B14FF070
:10A0A000020A07E0814628462146FCF795FE48460D
:10A0B0004FF0010AB7FBF0F101FB1070B0B1284678
:10A0C0002146FCF789FE4FF0010AB94648F6A45B29
:10A0D000B8B2C2F2062B31462B465BF82420FEF7BD
:10A0E0007BFC4BF8240008E04FF0020AB946002F31
:10A0F000C4D128463146FDF7C7F91FFA89F058F850
:10A100002410081A48F82400504601B0BDE8F08F2A
:10A110002DE9F041092888BFBDE8F08104460E46CC
:10A1200092F82880104621461546FCF755FEE86B4C
:10A1300018B1052C07D9002712E0052C4FF00007B5
:10A140000ED8286C60B128462146FDF7B5FB28469D
:10A15000FDF7C6FB10F0100F4FF0010050EA00971A
:10A1600028462146FDF7E8F928462146FDF724FA5E
:10A1700028462146FDF768FA28462146FCF720FECE
:10A18000022F0CD0012F17D101212846FCF7ACFF7C
:10A190000121B8F1000F0AD04FF4006209E002215A
:10A1A0002846FCF7A1FF0221B8F1000FF4D14FF4CB
:10A1B00080622846FDF750F848F6CC57C2F20627D1
:10A1C00057F8240020B348F67C518685C2F2062158
:10A1D00051F82410416128462146FDF7EDFB57F860
:10A1E0002430002100224FF00008D8855E68184610
:10A1F000DC84B04757F824100120FEF749FF95F89A
:10A20000280047F824802146BDE8F041FEF7B8BF9A
:10A21000BDE8F081D4D4D4D42DE9F04F81B0834689
:10A2200048F67C50C2F2062048F6CC548846051DFC
:10A23000C2F20624012624E0101A009A00FB02F75D
:10A2400041F824702868494687424FF0040050EADC
:10A250009094584608BF0324FDF7DAFE30462146A5
:10A260005A46FFF755FF58464946FDF70DF948F69F
:10A27000CC54C2F2062400BF013604350A2E00F089
:10A280008B8028FA06F0C007F6D058463146FDF715
:10A2900047FA54F826000028EED0DBF83C0010B155
:10A2A000052E06D967E0052E65D8DBF840000028AA
:10A2B00061D058463146FDF7FFFA5846FDF710FBCE
:10A2C00010F0100F4FF0010050EA0099584649462F
:10A2D000FDF7BAFD9BF8281048F6FC27C2F20627C6
:10A2E000044607EBC10131F810004946009058467A
:10A2F000FCF77AFF58464946FEF75AF800235846BD
:10A3000031464A46FCF780FD9BF8281048F6183283
:10A31000C2F2062248F67C53C2F2062302EBC102C7
:10A3200007EBC101074632F81420584631F81410E3
:10A3300053F82220013AB2FBF1F101F1010AFEF7D4
:10A3400067F89BF8281048F6EC22C2F206226FF359
:10A350001F3702EB01111FFA8AF2824241F8247082
:10A360007FF670AF002F3FF467AFC0431044009AF0
:10A3700000FB027764E758463146FEF7A9FC00214E
:10A38000102804D130465A46FFF72AFA74E73046BF
:10A390005A46FFF7FDF96FE701B0BDE8F08FD4D45E
:10A3A000F0B581B048F6CC570C4605460126C2F2FE
:10A3B000062704E000BF00BF01360A2E1CD024FA95
:10A3C00006F0C007F8D057F826000028F4D0284639
:10A3D0003146FEF78DFCB0F5404FEDD12846FDF734
:10A3E000BFF900B20521B0F1FF3F30462A46C8BF91
:10A3F0000721FEF711FBDFE701B0F0BDD4D4D4D4C0
:10A400002DE9F04381B0054648F65860C2F20620B7
:10A4100048F6CC580C46871C4FF00109C2F20628BA
:10A42000012609E0062130462A46FEF7F5FA00BF6C
:10A4300001360237062E2CD024FA06F0C007F7D0DA
:10A4400058F826000028F3D095F8280000EB80008B
:10A4500037F820000128EBD028463146FEF718FCDB
:10A460008007DFD428463146FDF7A6FA40040BD416
:10A4700095F8280001212A4600EB800027F820905B
:10A480003046FFF745FED3E728463146FDF7B4F8DE
:10A49000CEE7062607E0012130462A46FFF738FEC0
:10A4A00001360A2E13D024FA06F0C007F8D058F867
:10A4B00026000028F4D028463146FEF7E9FB800745
:10A4C000E9D5062130462A46FEF7A6FAE8E701B0AC
:10A4D000BDE8F083D4D4D4D42DE9F04F81B04378D3
:10A4E000052B66D1C37803F00303012B61D190F9EA
:10A4F0000230B3F1FF3F2EDD012A5AD191F8282016
:10A5000048F6F4576426C2F2062712FB06774AF291
:10A51000F5164CF2102C01240025C2F2062605E0A7
:10A52000EB074FF002044FF0010547D104EB840321
:10A5300037F81330002BF3D1B35C002BF0D1B454B7
:10A5400048F6665791F82820C2F206270CF1700CE5
:10A55000B35C3B7335E0012A2BD191F8282048F6F3
:10A56000F4576426C2F2062712FB06774AF2F41665
:10A570004CF2102C01240025C2F2062606E000BF92
:10A58000EB074FF002044FF0010519D104EB8403EF
:10A5900037F81330002BF3D1B35C002BF0D1B45457
:10A5A00048F6665791F82820C2F20627B35C7B7301
:10A5B00007E00025E8B201B0BDE8F08F0CF1700CA7
:10A5C0000324E6B248F6F4584FF0640AC2F20628B3
:10A5D00012FB0A82B30053FA84F3002532F81320E9
:10A5E000012AE7D08278B0F804B049F6D8301C23AD
:10A5F00002F00F02C2F206200F464CEA02094FF2A7
:10A60000444CC6EBC602C0F2002C614600EB82004F
:10A610000022FBF711FE97F8280006EB86010123C4
:10A6200010FB0A8000EB410220F81130158125460D
:10A63000A2F80290A2F806B0BCE7D4D4D4D4D4D403
:10A6400080B548F6F4516422C2F2062110FB0211D3
:10A650004FF0090E0022F6460A3106E000BF00BFA7
:10A660000A31BEF1010E00D106E00B88012BF7D1B3
:10A670000A60C1F80620F3E74AF2F4114AF2F51332
:10A68000C2F20621C2F2062300220A541A5480BDE7
:10A690002DE9F04148F6F4510446C2F206210125A5
:10A6A00001F10A064FF064080AE000BF00BF00BFD6
:10A6B00020462946FCF764FA01350A360A2D32D0C5
:10A6C00094F8280000FB08F0305A0128F4D100214A
:10A6D0002046FCF795FCAFB200F00F00B84205D160
:10A6E0000021002200232046FCF73AFB01212046EE
:10A6F000FCF786FC00F00F00B84205D100210122D2
:10A7000000232046FCF72CFB02212046FCF778FCB6
:10A7100000F00F00B842CBD10021022200232046D6
:10A72000FCF71EFBC4E7BDE8F081D4D4D4D4D4D464
:10A73000F0B581B048F6F4510446C2F20621012575
:10A7400001F10A06642703E001350A360A2D0AD012
:10A7500094F828007843305A0128F5D1204629463C
:10A76000FCF78AFAF0E701B0F0BDD4D4D4D4D4D445
:10A77000B0B5044600F0F8F8FEF736FF2046FEF7C5
:10A78000EFFA0146402807D0C02903D080290BD119
:10A79000012002E0022000E0002048F61C12C2F274
:10A7A00006221268C2F8580149F64075C2F2062521
:10A7B0006B6923B1002220469847FBF701FF002177
:10A7C0002046FDF72DF82868C1792046BDE8B04045
:10A7D000FDF752B8D4D4D4D410B504460A20FDF7FE
:10A7E000FFFE94F82800BDE81040FEF7C9B9D4D4A4
:10A7F0002DE9F047804690F82800FEF7CDF949F69C
:10A80000F0400021C2F206204FF001094FF0640A27
:10A810000126018049F6F240C2F20620018049F685
:10A82000D830C2F2062000F11C0548F6D020C2F252
:10A830000620471C48F6F450C2F2062000F10A0434
:10A840000AE000BF00BF00BF01360A340A2E05F13E
:10A850001C0507F1010718D098F8280000FB0AF042
:10A86000205A0128F0D1082130464246FEF7D4F89C
:10A8700040463146FCF700FA284687F80090FBF77F
:10A880006BFD2846FBF738FDDEE749F64070C2F263
:10A890000620C369002B08BFBDE8F0871E210022F7
:10A8A0004046BDE8F0471847B0B5044690F8280088
:10A8B000FEF78AF994F82800FCF7E6FE05462046E4
:10A8C000FCF71AFB94F828106A061AD500F003006A
:10A8D000012816D10846FEF74BF900F049F849F671
:10A8E0004070C2F20620036A002B08BFB0BD49F6D3
:10A8F000F2400022C2F2062001882046BDE8B040A6
:10A9000018470846FEF778F994F82800BDE8B040EB
:10A91000FEF766B9D4D4D4D4FEF732B8D4D4D4D4A4
:10A9200070B5044600BF00BF2046FCF7ADFE0546EB
:10A930000A20FDF751FE2046FCF7A6FE06460A2037
:10A94000FDF74AFE2046FCF79FFE06F0800205F068
:10A9500080019142E8D100F080008242E4D14020A1
:10A96000002908BF432070BD7047D4D4D4D4D4D4B8
:10A970007047D4D4D4D4D4D4B0B548F61C1145789B
:10A98000C2F20621F422012DD1F800C04FF0F001EF
:10A9900008BFEC225CF802E008BFE821BEF1000F1E
:10A9A00024D05CF8013003EB0E0106E000BF00BFCD
:10A9B00093601A7813448B4218D25A78072AF8D831
:10A9C000DFE802F00509050404040C0FF1E7012D8E
:10A9D0004268EDD108E042681360EAE74268D3605C
:10A9E000E7E7012D4268E3D05360E2E7022D13D17F
:10A9F000DCF8E81081B1DCF8EC206AB10A4400BF51
:10AA00004B78072B18BF002B04D00B7819449142C8
:10AA1000F6D301E0426851604AF2F81EDCF80011FA
:10AA2000C2F2062E002918BFCEF80010DCF8F8207C
:10AA30009AB1BCF8FC1081B102EB010C002300BFFD
:10AA400091784EF82120D17811440A1D19466245AB
:10AA500003F10103F4D3023100E001214068C0F8A2
:10AA600010E00175B0BDD4D42DE9F04F8DB0804613
:10AA700049F6F6608946C2F20620402102F0CEF87F
:10AA800049F6F8404FF4FF71C2F2062002F0C6F812
:10AA900049F69A700021C2F2062049F68872C2F285
:10AAA0000622018049F69C70C2F2062011600180E6
:10AAB00049F69E70C2F20620018049F6A070C2F2EB
:10AAC0000620018049F6A270C2F20620018049F6F4
:10AAD000A470C2F20620018049F6A670C2F20620D8
:10AAE000018049F69670C2F20620018049F6A870EE
:10AAF000C2F206204160016049F640703421C2F282
:10AB0000062002F08BF848F6A4502821C2F2062055
:10AB100002F084F848F67C502821C2F2062002F0A8
:10AB20007DF84FF00A0E4AF2A830C2F20620063035
:10AB30000E2100BF00BF00BF00F8241B0FF005C0AE
:10AB400049F674704FF0000BC2F206202821C0F8BD
:10AB500010B0C0F80CB0C0F808B0C0F804B0C0F82D
:10AB600000B048F6CC50C2F2062002F057F849F681
:10AB7000F24149F6F040C2F20621C2F206200DF180
:10AB8000040AA1F800B04946A0F800B05046FCC93C
:10AB9000FCC091E8FC00FCC04AF27820C2F206201A
:10ABA00002905046FFF7E8FE40465146FEF784FE0D
:10ABB00099F8020049F69871C2F2062101F800B036
:10ABC0000DB0BDE8F08FD4D4F0B581B049F69C71DA
:10ABD0006FF0FF02C2F206210023497802EB012147
:10ABE00049F6A6724FEA7121C2F2062205291380A6
:10ABF0002AD004293ED149F69E7649F6F045C2F2A4
:10AC00000626C2F20625044631882F880846FEF73C
:10AC100003FD3088B8422DD049F64070C2F20620BC
:10AC200083693BB3298800222046984794F828106E
:10AC300049F69872C2F2062228880123535401B0C3
:10AC4000BDE8F040F7F73CBD49F64071C2F206217D
:10AC50008B6A7BB149F6A07149F6F842C2F206212F
:10AC6000C2F20622098832F81110002201B0BDE8B4
:10AC7000F040184701B0F0BD2DE9F04381B049F62E
:10AC80009C71C2F20621098821F0FF024FEA72226C
:10AC9000062A00F2B881DFE812F00700B601B6011B
:10ACA000400077009B00B60149F69E72C2F2062270
:10ACB0001288002A40F0A78149F6A272C2F2062249
:10ACC0001288022A40F09F814AF2902501F01F016C
:10ACD000C2F2062502294FF000022A8000F0DE8031
:10ACE000012900F0CB80002940F08D8149F6A07148
:10ACF000C2F206210988002940F085810446FEF74A
:10AD00003BFD49F6F2412870C2F20621098801296B
:10AD100040F0E58040F00200E0E001F01F02012A6F
:10AD200000F08180002A40F06E8149F69E714FF05C
:10AD3000FF32C2F20621098802EB1122072A00F233
:10AD40006281CDB2DFE812F00800D60010015F0189
:10AD50005F015101EC005F0149F6A071C2F20621CA
:10AD60000988294340F04F81024649F64070C2F2FB
:10AD7000062049F6A273C2F2062301681B880878F0
:10AD8000834238BF1846B0E0C90640F03C8149F61E
:10AD90009E71C2F206210988002901BF49F6A071FF
:10ADA000C2F206210988002940F02D8149F6A271DE
:10ADB000C2F206210988012940F0258149F6F041B7
:10ADC000C2F206210B784AF29231C2F2062126E045
:10ADD00001F01F01012940F0168149F69E71C2F26F
:10ADE00006210988002940F00E8149F6A271C2F2BD
:10ADF00006210988012940F0068149F6A071C2F2B6
:10AE000006210988FE2900F2FE8049F6F842C2F2C6
:10AE1000062212F811304AF29431C2F2062102469B
:10AE200001200B7061E049F6A87249F69E73C2F2E8
:10AE30000622C2F2062349F6A2771180198849F644
:10AE40004073518049F6A071C2F20623C2F2062176
:10AE5000C2F20627DB6A09883F889180D78053B108
:10AE600049F6A8770021C2F206270246384601B00B
:10AE7000BDE8F043184701B0BDE8F0830446FDF794
:10AE800033FD012840F0BE8049F6A070C2F20620D2
:10AE90000588FEF7E5FB854221D3B3E049F6A076AD
:10AEA0000446C2F206263188090710D0FDF71CFDC2
:10AEB000012840F0A78030882146FEF7C9FEFF2810
:10AEC00000F0A08001462046FDF7E2FE03E090F886
:10AED0002800FCF7E5FC800701D5012028704AF224
:10AEE00090210220C2F20621224601B0BDE8F043C3
:10AEF000FEF7A6B949F6A071C2F2062109882943D6
:10AF000040F081800446FDF72BFF49F64071C028D0
:10AF1000C2F2062101F1080208BF01F10C0219E09A
:10AF20000446FEF7DDFE012801BF49F6A070C2F21B
:10AF30000620008850EA050064D12046FDF710FF86
:10AF400049F64071C028C2F2062101F10C0208BF87
:10AF500001F1080249F6A2701168C2F206204A887F
:10AF600000888242C0D861E049F64071C2F20621F1
:10AF700091F83020954246D24AF292290969C2F2EC
:10AF800006290322002D89F8012051F825304FD0E1
:10AF900049F6A27193F80380C2F206214FF0020C29
:10AFA00009880CEB4807FAB28E1E914206EBD67167
:10AFB00038BF4FEA61081FFA88F289F800707AB149
:10AFC000102A4FF000043DD200210D4601355F18D4
:10AFD00009EB4106E9B23F798A42B770F470F5D8BF
:10AFE00002460CEB480080B25DE00446FEF778FEB6
:10AFF000012801BF49F6A070C2F20620008850EA7D
:10B00000050005D0204601B0BDE8F043FDF7B8BC0F
:10B0100049F6407049F6A272C2F20620C2F2062238
:10B020004168128808788242BFF45EAF10465BE741
:10B03000024649F6A270C2F206200088022829D1F1
:10B04000022028E0571EF94309064FF00001BCD04A
:10B05000FF2FBAD809F102061F1DB918B14203D952
:10B0600006EB42018F42AFD34FF6F071012501EAA2
:10B07000080180EF5020A1F1100E05EB1E1EB7EC69
:10B08000101E86FC001EA6FC201E0FF009C08A427E
:10B090009BD1A5E7042089F80000197889F80210EF
:10B0A000597889F803104AF29221C2F206211CE76E
:10B0B000FDF766BCD4D4D4D42DE9F04389B049F669
:10B0C0009C760446C2F20626318821F0FF02A2F5E2
:10B0D00080724FEA7222052A00F2F580DFE802F062
:10B0E000035335F385CF49F6A270C2F206200088DB
:10B0F000002840F0E88001F01F00022800F01F81C6
:10B10000012800F0E080002840F0DD8049F69E75BF
:10B1100049F6A077C2F20625C2F206272888012840
:10B1200040F03A813888002840F03681FEF710FB65
:10B13000012840F0318149F6F2400021C2F2062098
:10B1400001802046FDF7F4FD29E1C80640F0BB80F0
:10B1500049F6A27049F6A071C2F20620C2F2062199
:10B160000088098880B2084340F0AD8049F69E709F
:10B17000C2F2062000887F2800F2A5800021204628
:10B18000FDF7D6FDA2E049F6A270C2F206200088C3
:10B19000002840F0988001F01F00022800F0E480B1
:10B1A000012800F06B81002840F0688149F69E700C
:10B1B000C2F206200088022800F04181012840F0F8
:10B1C0006E8149F6A070C2F206200088002840F087
:10B1D0005581FEF7BDFA012840F0508149F6F24052
:10B1E0000121C2F20620018043E1C8066BD149F675
:10B1F000407049F69E75C2F20620C2F206258068AC
:10B200002988407900295FEA0F9281425FEA0F9016
:10B21000024258D149F6A070C2F2062000880028E8
:10B2200051D149F6A270C2F20620008800284AD106
:10B2300000212046FDF77CFD2888002846D049F6ED
:10B24000F041C2F20621098888423FD0FEF7F4F9A6
:10B25000FEF706FA60B10546002700BF00BF00BF39
:10B26000B8B20021FEF728FA0137B8B2A842F7D3E6
:10B270002046FFF75DFA2046FFF70AFA26E020464F
:10B28000FDF732FB01281ED1308800F01F00012895
:10B2900019D149F6A075C2F206252F88FEF7E0F90C
:10B2A000874210D849F6A270C2F20620008850B931
:10B2B00049F69E792888C2F20629B9F80070FEF78F
:10B2C000D7F9874271D92046FDF75AFB49F6A67592
:10B2D000C2F20625288801282AD149F69E713088B5
:10B2E000C2F20621ADF80C0000260296088849F645
:10B2F000A271ADF80E0049F6A070C2F20620C2F2AB
:10B300000621ADF804600088ADF810000888ADF89B
:10B31000120094208DF8030094F828008DF80000A6
:10B32000F9F702FF059069460820FDF729FD2E80F8
:10B3300000202146FDF7ECFF09B0BDE8F08349F697
:10B340009E7749F6A078C2F20627C2F2062838880E
:10B35000002857D02046FDF713FB30883988B8F80D
:10B360000020F7F775F9B1E749F69E70C2F20620A2
:10B370000088002840F0828049F6A070C2F20620C2
:10B380000088010775D02146FEF762FCFF2875D0C2
:10B390002146FDF7EDFA6CE02046FDF7F1FA308822
:10B3A00029883A88F7F754F990E7288849F6F8474A
:10B3B000C2F2062799F8001037F8108027F810100D
:10B3C00000212046FDF7B4FCFEF736F9288837F84F
:10B3D0001010FEF771F9B9F80010080608BFB8F1AF
:10B3E000010F0BD1288849F68E71C2F20621224640
:10B3F000085C0821FDF710FBB9F800102888F6F763
:10B40000BBFF63E7B8F8000001074CD02146FEF708
:10B410001FFCFF289ED0054620462946FDF738FC34
:10B42000012849D120462946FBF7D6FC204629466B
:10B43000FCF73EFB20462946FDF77AFC44E0204617
:10B44000FDF78EFCC02819D149F6A070C2F2062083
:10B45000008800F5804109B200290FD449F6F44173
:10B4600049F69A73C2F20621C2F2062301220A802B
:10B47000188000212046FDF75BFC02E02046FDF726
:10B480007FFA49F69E7149F6A072C2F20621C2F215
:10B490000622308809881288F7F78EFC16E72046C6
:10B4A000FFF73AFAEDE700212046FDF749FC0021BD
:10B4B0002046FDF73DFC50E720462946FDF740FCBD
:10B4C00020462946FCF7F4FA002120464FF00009F7
:10B4D000FDF72EFC49F67470C2F2062030F8151004
:10B4E00001297FF43AAF49F6887120F81590C2F22D
:10B4F0000621002220460B68002198472DE7D4D46E
:10B5000070B58AB049F69C750446C2F20625697882
:10B5100009024FEA7121062941D8DFE801F0044011
:10B5200040040404040000212046FDF701FC49F614
:10B53000A676C2F20626308801282AD149F69E71E5
:10B540002888C2F20621ADF810000025039508886E
:10B5500049F6A271ADF8120049F6A070C2F20620B9
:10B56000C2F20621ADF808500088ADF81400088832
:10B57000ADF8160094208DF8070094F828008DF897
:10B580000400F9F7D1FD069001A90820FDF7F8FBAA
:10B59000358000202146FDF7BBFE0AB070BD204675
:10B5A000FDF7EEF9C3E7D4D470B58AB049F69C76BE
:10B5B0004FF4E062C2F2062604467178B2EB012F26
:10B5C00004D100212046FDF7B3FB02E02046FDF741
:10B5D000D7F949F6A675C2F20625288801282AD18E
:10B5E00049F69E713088C2F20621ADF8100000269F
:10B5F0000396088849F6A271ADF8120049F6A070CA
:10B60000C2F20620C2F20621ADF808600088ADF84B
:10B6100014000888ADF8160094208DF8070094F8FF
:10B6200028008DF80400F9F77FFD069001A9082095
:10B63000FDF7A6FB2E8000202146FDF769FE0AB02B
:10B6400070BDD4D4D4D4D4D470B592B0038803F0F0
:10B650006005402D18BF202D68D1062912D8DFE8DB
:10B6600001F004243414465A110049F6A47049F636
:10B67000A672C2F20620C2F20622002101801180C9
:10B6800012B070BD072011462CE019064ED449F6C1
:10B69000A47192F82820C2F206218DF8282009888A
:10B6A000012948D100BF00BFFEE719063ED449F684
:10B6B000A47192F82820C2F206218DF8282009886A
:10B6C000012938D100BF00BFFEE700211046002548
:10B6D0001446FDF72DFB49F6A6710020C2F20621A3
:10B6E0000D80214612B0BDE87040FDF711BE00216B
:10B6F0000446104600261546FDF71AFB49F6A670CB
:10B700002946C2F2062006800020FDF701FE2046F1
:10B71000FAF792FF09E00021044610461546FDF7AE
:10B7200007FB00202946FDF7F3FD204612B0BDE8D7
:10B73000704000F015B848F61C1149F6A672C2F226
:10B740000621C2F20622C0880123096813806A46D6
:10B75000496EFDF7B1FD12B070BDD4D4D4D4D4D4A9
:10B760002DE9F0418CB00446008800F060014029CA
:10B7700018BF202940D148F61C1748F67C580026EF
:10B78000C2F20627C2F2062801AD0421019100BFD2
:10B7900000F01F014A1E012A2AD8012902D121796D
:10B7A0008E4225D1396801EB8602D2F81821FAB110
:10B7B000000A81F8AD0060880992A1F8AE00E08827
:10B7C000A1F8B200237881F8AC30237981F8B03049
:10B7D000D8F80030C01A637981F8B1300867516C2D
:10B7E0002846884740B10E2E06D820880136CFE77C
:10B7F0000E2E01D80136CBE70CB0BDE8F081D4D4D1
:10B80000F0B581B00D4604464AF29832C978A8785E
:10B81000C2F2062248F6616301F07F01E170296AF5
:10B82000C0F20023A16142F820304AF2A436D5E9E3
:10B83000091222624AF29C32C2F20626C2F20622A3
:10B840002070335CE16142F820104AF2A031C2F26C
:10B850000621012BAA6A41F8202003D140F2DD50D5
:10B8600001B0F0BDE16911B107C912689047216AC2
:10B8700011B107C9126890472878012807D02078AD
:10B880004AF29631C2F20621022221F810202846FF
:10B89000FDF7EAFA18B140F2DC5001B0F0BD4AF20F
:10B8A000A8304FF4B471C2F2062001F0B7F9207845
:10B8B0000121002731544AF21056C2F206264FF4F5
:10B8C000347146F820704AF21450C2F2062001F09A
:10B8D000A5F929783846012903D02078FCF7A4FD82
:10B8E00008B101B0F0BD20462946FFF7BDF8207829
:10B8F0002946FCF7CDFD2078FDF7A2F90020C4F21F
:10B900002500FAF74DFE2078FFF70AF8402805D108
:10B910000A20FCF765FE2078FDF732F92878012827
:10B9200006D0207856F8201041F0400146F820104B
:10B93000002001B0F0BDD4D480B545F25422C5F248
:10B940004F020260084600F003F8002080BDD4D406
:10B9500070B5044600F064F84AF6380CEFF3108135
:10B96000C2F2062C012080F31088DCF8000038B900
:10B9700040F614500022C4F24000027040220270CF
:10B98000DCF800000130CCF8000081F3108820883A
:10B9900030B340F6000E0021C4F2400E08E000BFB4
:10B9A0000EEB8010013140F822302088814217D2FE
:10B9B000606800EBC10250F831309288D8034FEA3A
:10B9C0001220D2B2ECD50EEB801555F8226026F489
:10B9D000803645F8226023F4803645F82260DFE7A0
:10B9E0000120EFF3108180F31088DCF8000020B113
:10B9F000DCF800000138CCF80000DCF8000010B1E1
:10BA000081F3108870BD40F614500022C4F240004B
:10BA100002708022027081F3108870BDD4D4D4D417
:10BA20002DE9F04F81B004460088002862D04EF620
:10BA30004C4B0025C4F2010B4FF0010A04E000BF9B
:10BA400020880135854255D242F2400640F2D8386E
:10BA50000027C4F22006C0F201280AE000BF00BFA0
:10BA60003070C820012100F09FFE01370236032FFD
:10BA7000E6D0606838F8021B00EBC50082888A4275
:10BA8000F3D100689BF8001000F0B8500AFA07F9EB
:10BA9000B0F1807F09EA010016D158B9012000F009
:10BAA00037FF9BF8000040EA09008BF800000120F6
:10BAB00000F002FF96F900000028D6D4307840F05C
:10BAC0008000CDE700BF00BF58B1012000F020FF8B
:10BAD0009BF8000020EA09008BF80000012000F02C
:10BAE000EBFE96F90000B0F1FF3FBEDC307800F0CD
:10BAF0007F00B5E701B0BDE8F08FD4D4D4D4D4D45E
:10BB00002DE9F04381B00D46496804464AF200062B
:10BB10000A78C4F2000645604FF00008C4F81080AF
:10BB20004FF0010906EB8210A060C868E060486928
:10BB3000606143F20000EFF31087C4F2200089F344
:10BB40001088016821F48001016000681E20012135
:10BB500000F02AFE87F3108886F8009886F810888F
:10BB60002046296800F0CCF844F243110020C4F2CA
:10BB70004D41216001B0BDE8F083D4D4D4D4D4D4F5
:10BB800010B5044600F0BCF8BFF34F8FA168002049
:10BB900001220A7710BDD4D480B582B00191009201
:10BBA00041684CF2802CC4F2000C4FF0000E496842
:10BBB0000A784CF822E0826882F81CE00A78498909
:10BBC0004CF82210816881F81DE0019911B10199AA
:10BBD00082681160009911B1009982685160816892
:10BBE0000A8AB2F5804F4FF00C0238BF08228B5002
:10BBF0000122BFF34F8F816800200A7702B080BD19
:10BC0000BFF34F8F8168002001220A777047D4D498
:10BC100041684CF2802CC4F2000C002349680A7879
:10BC20004CF82230826813770A7849894CF8221040
:10BC3000816800204B777047BFF34F8F82680901FE
:10BC400000200131517770478168002000224A7737
:10BC50007047D4D4D4D4D4D480684FF480628A603E
:10BC60004FF480320A60028AC3684B600023806808
:10BC7000B3EB923F80B2C86002D14FF6FF7088608C
:10BC800000207047D4D4D4D4014640684CF2802CB4
:10BC900000224068C4F2000C03784CF823208B6823
:10BCA0001A77C368EBB1B0B590F901304EF2801548
:10BCB000CEF200054FF0010E03F01F0C5B090EFAE7
:10BCC0000CF445F823404AF63C03BFF34F8FBFF313
:10BCD0006F8F90F90100C2F2062343F82020BDE8DF
:10BCE000B04000200A60704706207047D4D4D4D4F6
:10BCF00003460020D9605A617047D4D4D4D4D4D438
:10BD00002DE9F04F42684CF28025C4F2000500276F
:10BD100052684CF2C008137845F8237083681F7787
:10BD20001378568945F823604FF4404683684FF0F6
:10BD3000FF355F774FF440730F68B1F80EB003EA38
:10BD4000175306EA174605EB977503EB060C022D11
:10BD50000ED84BEA0B46B1F80CE0022D26F0FC2B76
:10BD60000AD04FF4805505EA17254CEA050C03E08C
:10BD70004CF4005C4FF0000EC568538908EA173A8E
:10BD8000DDB14FF01C08BC0258BF4FF01008BD0FCA
:10BD900092F901709678D9464EF2001B022D88BFA9
:10BDA0004FF01008002FCEF2000B4FEA061607D412
:10BDB0000BEB070585F800630CE04FF000082DE061
:10BDC00074464EF6145E07F00F05CEF2000E05F82D
:10BDD0000E60A6464AF63C064CF28024C2F20626C5
:10BDE000C4F2000404EB8705012446F82700D5F8C7
:10BDF000806026F48036C5F88060D5F880607E09C2
:10BE000007F01F07BFF35F8F0BEB860504FA07F7F8
:10BE1000C5F880714BF82670CB460F68BE0F022E16
:10BE20000AD98D8907F04064CE89B4F1806F07D1BB
:10BE30004AF4005AA94605E085680026002715E067
:10BE4000B2F8089007F44027B7F5802F08BF012605
:10BE500006FB05F74C68856849EA094608BF4AF0C1
:10BE6000200AC7EA07472C628C686C62AE62002B1E
:10BE70008668F7628768A7F814A0876818BF4CF037
:10BE8000010CA7F810C04B6887683B60896883681D
:10BE900059608168C1F808B08168C1F80CE0816818
:10BEA00052688A61806880F81380BDE8F08FD4D42E
:10BEB00010B582B04FF07041EFF3038001EB0060EA
:10BEC0004CF200318015C4F20001425822F4803255
:10BED00042504AF63C024158C2F206221458E16828
:10BEE0006069019001A88847A068C06820B1BFF3CD
:10BEF0004F8FA0680121017702B010BDD4D4D4D4F3
:10BF00004EF22401C4F201018878098801F00F0281
:10BF1000A2F1080103293BD8DFE801F0022C101E32
:10BF200040F22071C2F2002151F820004AF6AB2104
:10BF3000CAF6AA21A0FB0101480830E040F22071B6
:10BF4000C2F2002151F820004AF6AB21CAF6AA211C
:10BF5000A0FB0101C80822E040F22071C2F20021DA
:10BF600051F820004AF6AB21CAF6AA21A0FB010134
:10BF7000080914E040F22071C2F2002151F82000BB
:10BF80004AF6AB21CAF6AA21A0FB0101880806E007
:10BF900040F22071C2F2002151F82000D0404AF650
:10BFA0006001C2F2062108607047D4D4D4D4D4D43E
:10BFB0002DE9F04782B00FF228604EF2FA3840F2D5
:10BFC0002076C4F201084AF2015190ED001FC2F23E
:10BFD00000260FF21C60CFF6FF714EF255050231BC
:10BFE000A8F8001086ED001F06F12003C4F2010539
:10BFF00090ED001F48F2004040F60001C1F2D770FA
:10C0000043F6000286ED041FC2F6AF71C1F69C42F2
:10C0100007C315F82F0C35F8311C01F00F02A2F1FF
:10C02000080103292BD8DFE801F002200C164AF69C
:10C03000AB2156F82000CAF6AA21A0FB010148084E
:10C0400020E04AF6AB2156F82000CAF6AA21A0FB50
:10C050000101C80816E04AF6AB2156F82000CAF6DE
:10C06000AA21A0FB010108090CE04AF6AB2156F811
:10C070002000CAF6AA21A0FB0101880802E056F8B8
:10C080002000D0404AF6600A4AF20159C2F2062A5C
:10C090000A21CAF800004EF65020C4F201000170D7
:10C0A000092185F84D10012180F8B011002005F814
:10C0B0001F0C05F8230C00BF15F8190C0007FBD561
:10C0C00042F602314EF61450C0F20101C5F8731069
:10C0D00040F2234125F8071C002205F80B2C4FF6EF
:10C0E0000211C5F8571040F2514125F8091CCEF253
:10C0F00000004EF20001BFF34F8FBFF36F8F036854
:10C10000CEF2010123F400330360C0F83C22BFF3F8
:10C110004F8FBFF36F8F0A6822F440520A60BFF35B
:10C120004F8FBFF36F8F15F8412C02F0F8020132E8
:10C1300005F8412C00BF00BF15F8412CD206FBD4F6
:10C140000A6842F440520A60BFF34F8FBFF36F8F0B
:10C150000168890312D4BFF34F8FBFF36F8F0021A3
:10C16000C0F83C12BFF34F8FBFF36F8F016841F4EB
:10C1700000310160BFF34F8FBFF36F8F002005F8D0
:10C180002B0C00BF00BF00BF15F8190C8006FBD5B3
:10C190004CF200070020C4F2130738703878387862
:10C1A00038787868FA2807D0FA20C1F6006000BF16
:10C1B00078607968FA29FBD1B8687D2808D07D209D
:10C1C000CEF2001000BF00BFB860B9687D29FBD176
:10C1D00043F23240C3F2232045F8350C42F22020CE
:10C1E00025F8310C052005F82F0C15F82F0C35F823
:10C1F000311C01F00F02A2F1080103292BD8DFE85E
:10C2000001F002200C164AF6AB2156F82000CAF6BF
:10C21000AA21A0FB0101480820E04AF6AB2156F80C
:10C220002000CAF6AA21A0FB0101C80816E04AF6C0
:10C23000AB2156F82000CAF6AA21A0FB010108098B
:10C240000CE04AF6AB2156F82000CAF6AA21A0FB62
:10C250000101880802E056F82000D040CAF800002A
:10C260001E200121012400F09FFA78686FF39F20BF
:10C27000652828BF3C7015F82F0C35F8311C01F0EB
:10C280000F02A2F1080103292BD8DFE801F00220F8
:10C290000C164AF6AB2156F82000CAF6AA21A0FBDC
:10C2A0000101480820E04AF6AB2156F82000CAF602
:10C2B000AA21A0FB0101C80816E04AF6AB2156F8F6
:10C2C0002000CAF6AA21A0FB010108090CE04AF6E9
:10C2D000AB2156F82000CAF6AA21A0FB010188086C
:10C2E00002E056F82000D04042F20001CAF80000F7
:10C2F000C4F200010120A1F80090BFF35F8F087223
:10C300004FF42540BFF35F8F088095F8850040F01B
:10C31000400085F8850000BF95F98500B0F1FF3F2A
:10C32000FADC032085F87F00C92085F8850095F8A0
:10C33000850000F0BF0085F8850000BF00BF00BF8A
:10C3400095F985000028FBD4012005F8020C002097
:10C3500005F8170C802005F8170CE87F40F0400026
:10C36000E87700BF00BF00BF95F91F00B0F1FF3FA5
:10C37000FADC0720E8754A20E8770A20E87700BF52
:10C3800095F91F000028FBD40720ADF806000DF139
:10C39000060000F035F995F8210040F0400085F8DE
:10C3A000210000BF00BF00BF95F92100B0F1FF3FA1
:10C3B000FADC03206876CA2085F8210095F8210070
:10C3C00000F0BF0085F8210095F921000028FBD47A
:10C3D000287840F04000287095F90000B0F1FF3F48
:10C3E000FADC022005F8010CCA202870287800F039
:10C3F000BF00287000BF00BF95F900000028FBD4E3
:10C40000A87840F04000A87095F90200B0F1FF3F15
:10C41000FADC00206870C720A870A87800F0BF0080
:10C42000A87000BF00BF00BF95F902000028FBD430
:10C43000287A40F04000287295F90800B0F1FF3FDB
:10C44000FADC0120E871C6202872287A00F0BF00CB
:10C45000287200BF00BF00BF95F908000028FBD478
:10C4600095F8230040F0400085F8230000BF00BF8E
:10C4700095F92300B0F1FF3FFADC0220E876C920ED
:10C4800085F8230095F8230000F0BF0085F823000D
:10C4900095F923000028FBD4A87940F04000A8714A
:10C4A00095F90600B0F1FF3FFADC02206871CA205E
:10C4B000A871A87900F0BF00A87100BF00BF00BF3D
:10C4C00095F906000028FBD495F8860040F040005E
:10C4D00085F8860000BF00BF95F98600B0F1FF3FE8
:10C4E000FADC022085F88000C52085F8860095F8E2
:10C4F000860000F0BF0085F8860000BF00BF00BFC7
:10C5000095F986000028FBD495F8870040F040009C
:10C5100085F8870000BF00BF95F98700B0F1FF3FA5
:10C52000FADC012085F88100C52085F8870095F8A0
:10C53000870000F0BF0085F8870000BF00BF00BF84
:10C5400095F987000028FBD495F8890040F0400059
:10C5500085F8890000BF00BF95F98900B0F1FF3F61
:10C56000FADC092085F88300C92085F8890095F850
:10C57000890000F0BF0085F8890000BF00BF00BF40
:10C5800095F989000028FBD495F8880040F0400018
:10C5900085F8880000BF00BF95F98800B0F1FF3F23
:10C5A000FADC042085F88200C92085F8880095F817
:10C5B000880000F0BF0085F8880000BF00BF00BF02
:10C5C00095F988000028FBD44FF42540A8F8000016
:10C5D00002B0BDE8F08700BF00BF00BF00BF00BFD2
:10C5E000006CDC0200127A000080000000366E0150
:10C5F0000000000000CA9A3B0046C3235543DE13E7
:10C600002DE9F04F81B04EF2FA3143F20406C4F244
:10C6100001018246C4F220064AF20350B1F80090AC
:10C6200008804FF0010B00254FF4803401270020D3
:10C6300008E000BF00BF00BFF8074FF001004FF057
:10C64000000716D004FA00F132680A42F4D1EFF381
:10C6500010888BF3108832680BFA00F011433160B8
:10C66000316805431E20012100F09EF888F31088F0
:10C67000E2E74EF2750740F22071C4F20107C2F200
:10C680000021387800F00F0051F8200017F8081C3E
:10C6900001F00F01022901D801220BE0CA1E052A70
:10C6A00006D240F25861C0F2012151F8221003E095
:10C6B0000839102202FA01F1B0FBF1F04DF6836166
:10C6C000C4F21B31A0FB01016FF0010000EA5140F0
:10C6D000012100F069F8387840F04000387000BF60
:10C6E00097F90000B0F1FF3FFADC9AF8010007F873
:10C6F000080C9AF8000040F0400038709AF80000EA
:10C70000387000BF00BF00BF97F900000028FBD4BD
:10C7100000204FF0010A4FF48038012406E000BFEA
:10C72000E0074FF001004FF0000415D025FA00F1AA
:10C73000C907F5D0EFF310878AF3108808FA00F0E4
:10C74000316821EA0000306030681E20012100F0CD
:10C750002BF887F31088E3E74EF2FA3149F42540CD
:10C76000C4F20101088001B0BDE8F08FD4D4D4D464
:10C7700010B542F228000024C4F220000470012009
:10C7800000F0C6F84EF64C410120C4F201010C70D5
:10C79000BDE8104000F090B8014600220020C0F231
:10C7A00006620A607047D4D44AF6600241F2002360
:10C7B000C2F20622C0F27A03484312689A420FD3AB
:10C7C00044F23F21C0F20F0111444DF68362C4F2DE
:10C7D0001B32A1FB0212910CA0FB0101C9B11DE0AB
:10C7E0004CF60021C3F69A31B1FBF2F148F638124B
:10C7F000C0F24102904205D24FF47A725043B0FB2E
:10C80000F1F006E0B0FBF1F0904207D24FF47A71FC
:10C810004843002808BF704700F006B84FF0FF30CB
:10C8200000F002B8D4D4D4D401380028FCD1704729
:10C83000F0B581B04CF220154AF2E477C4F200055D
:10C840000024C2F2062755F8200C296801EA0006E8
:10C8500005E000BF00BF00BF0134152C0AD026FA46
:10C8600004F0C007F8D057F824100029F4D020466F
:10C870008847F1E745F8106C28683042FCD101B0D8
:10C88000F0BDD4D4D4D4D4D480B54FF0060E40F249
:10C89000CC304CF20031C0F20120C4F2000100BFE4
:10C8A00030F8022B002A18BF0A6004310FF009C0CB
:10C8B00080BDD4D4D4D4D4D4EFF31081012282F338
:10C8C00010884AF65402C2F2062232F8103023B120
:10C8D00032F81030013B22F8103032F8102012B13B
:10C8E00081F3108870474EF2FA3240F26C6CC4F259
:10C8F0000102C0F2012C13883CF8100043F42543D8
:10C9000023EA0000108081F310887047D4D4D4D477
:10C9100010B5EFF31081012282F310884AF6540219
:10C92000C2F2062232F8103083B94EF2FA3E40F2DB
:10C930006C6CC4F2010EC0F2012CBEF800403CF851
:10C940001030234343F42543AEF8003032F8103062
:10C95000013322F8103081F3108810BDD4D4D4D420
:10C9600000F00AF8F4F7BCFFFEE7D4D4D4D4D4D452
:10C9700000BE7047D4D4D4D42DE9F04381B04EF634
:10C98000085840F20120CEF20008C0F20E004EF22C
:10C990000004C8F80C00CEF20104BFF34F8FBFF3C0
:10C9A0006F8F58F8081CC1F3035001285FEA1F92EB
:10C9B00011F00F0F5FEA0F911142216811D1022887
:10C9C0000FD241F0040020604EF20800BFF34F8FF9
:10C9D000CEF20000BFF36F8F016841F48031016037
:10C9E00002E021F004002060BFF34F8FBFF36F8F90
:10C9F0004FF4700040F20001C8F880000020C0F23F
:10CA00000021C8F800100025F4F7FAF9FFF7D0FA72
:10CA10004EF2FA304EF6B022C4F20100C4F2010226
:10CA20004AF20251018015704FF425410180012026
:10CA3000F4F7E6F940F22030C2F2002080F30A88D1
:10CA40002068800724D5D8F80000B0F1007F1FD1FE
:10CA500020694FF40071C0F3C300626901FA00F36A
:10CA6000C2F3C30081400020DA08CB080146074624
:10CA700042F007C000BF00BFE7E802010FF005C0A9
:10CA80004FF0005243F005C0E2E802010FF005C08C
:10CA900040F22C44C0F20124276897B160683E46FA
:10CAA000051D05E000BF00BF013E05F10C0508D0E3
:10CAB00068790028F8D155E90101091A00F0AEF8AB
:10CAC000F2E7D4F80890B9F1000F13D0E0684E46B1
:10CAD00000F1080504E000BF013E05F1100509D092
:10CAE00068790028F8D155E902022968121A00F085
:10CAF00099F8F1E7FFF704FAFFF73AFE0320FFF792
:10CB000007FF4FF00E0E40F63050C4F240000021F7
:10CB100020F8041B0FF005C00320FFF7CDFE032013
:10CB2000FFF7F6FE44F204000021C4F22000016089
:10CB300041608160C1600320FFF7BEFE0220F4F770
:10CB40005FF99FB160684FF48076051D04E000BF77
:10CB5000013F05F10C0509D06879B6EB002FF7D13C
:10CB600055E90101091A00F059F8F1E7B9F1000F90
:10CB700016D0E0684FF4807500F1080405E000BFAE
:10CB8000B9F1010904F110040AD06079B5EB002F66
:10CB9000F6D154E902022168121A00F043F8EFE7D7
:10CBA0004AF66804C2F20624204600F037F920460F
:10CBB00000F0FBF8BFF34F8FBFF36F8F0020C8F872
:10CBC000480240F6062040F60621C0F20120C0F2DD
:10CBD0000121BFF34F8F081ABFF36F8F8410012C10
:10CBE0000BDB40F60625C0F2012500BF00BF00BFE9
:10CBF00055F8040B8047013CFAD1FFF745FE0020B1
:10CC000001B0BDE8F04300F003B8D4D4D4D4D4D4F8
:10CC100070470B4611461A4600F07AB80A460021C2
:10CC200000F076B8844641EA000313F0030349D1CB
:10CC3000403A23D30B6803604B6843608B68836082
:10CC4000CB68C3600B6903614B6943618B69836186
:10CC5000CB69C3610B6A03624B6A43628B6A83626E
:10CC6000CB6AC3620B6B03634B6B43638B6B836356
:10CC7000CB6BC36340304031403ADBD230320BD310
:10CC80000B6803604B6843608B688360CB68C3604C
:10CC900010301031103AF3D20C3205D351F8043B66
:10CCA00040F8043B043AF9D2043208D0D2071CBF42
:10CCB00011F8013B00F8013B01D30B88038060466B
:10CCC000704700BF082A13D38B07B1D010F00303BD
:10CCD000AED0C3F10403D21ADB071CBF11F8013B2D
:10CCE00000F8013BA4D331F8023B20F8023B9FE758
:10CCF000043AD9D3013A11F8013B00F8013BF9D2CB
:10CD00000B7803704B7843708B7883706046704764
:10CD100070B4840746D0541E002A41D0CDB20346D9
:10CD200002E0621EE4B3144603F8015B9A07F8D1EF
:10CD3000032C2ED9CDB245EA05250F2C45EA054531
:10CD400019D9264603F11002103E0F2E42F8105C4E
:10CD500042F80C5C42F8085C42F8045C02F11002F4
:10CD6000F2D8A4F1100222F00F0204F00F041032E6
:10CD7000032C13440DD91E462246121F032A46F8DF
:10CD8000045BFAD8221F22F00302121D134404F0A0
:10CD900003042CB1C9B21C4403F8011BA342FBD10C
:10CDA00070BC704714460346C2E740F20801C0F267
:10CDB0000001401A4AF66401C2F206210860704779
:10CDC00020F0030110F00300C0F1000051F8043B13
:10CDD00000F1040C4FEACC0C6FF000021CBF22FAE9
:10CDE0000CF213434FF0010C4CEA0C2C4CEA0C4CA7
:10CDF000A3EB0C0222EA030212EACC1204BF51F8A0
:10CE0000043B001DF4D0C2F1000102EA0102B2FAB3
:10CE100082F2C2F11F0200EBD200704710B540F25F
:10CE2000603140F20002C0F20021C0F2000204466C
:10CE3000FFF7F8FE40F2000040F20001C0F20000EF
:10CE4000C0F200012044FFF7E9FE10BD81B0B0B58B
:10CE500089B00C464CF6A161C0F200210025019179
:10CE60004FF4003194460DAA009101190D93002C46
:10CE70000892CDE906550490CDE9025518BF481E29
:10CE800048BF002005906846614600F011F8002C6C
:10CE90001CBF04990D7009B0BDE8B04001B07047E7
:10CEA000D1E904239A421EBF531C0B6110707047D6
:10CEB0002DE9F04F9BB0814680781A92800740F1AF
:10CEC000DF85D9F80400002712908A461A98199035
:10CED00013A8821D0C92421E1192421D04300D9225
:10CEE0000E900F91514611F8010B252803D08A4668
:10CEF00038B900F0C7BD9AF801500AF1020A252D91
:10CF000007D1129A4946904701370028EAD500F028
:10CF1000B1BD002200244FF000084FF0000B04E0E8
:10CF20001AF8015B002D00F01D811FFA8BF61F2EF1
:10CF300020D8A5F1200010281ED8DFE810F0150039
:10CF40001D001D0018001D001D001D0014001D0007
:10CF50001D001D0011001D00CC001D001D00C9009A
:10CF60004BF0020B00E0DBE74BF0040BD8E74BF093
:10CF7000100BD5E77F2E0DD8A5F13000092840D839
:10CF8000402E80F0A08004EB84014BF0200B00EBDE
:10CF90004104C5E7A5F14C002E2800F2E480DFE84B
:10CFA00010F08F00E200E200E200E200E200E200A6
:10CFB000E200E200E200E200E200E200E200E20061
:10CFC000E200E200E200E200E200E200E200E20051
:10CFD000E200E200E200E200E200A400E2008F00D2
:10CFE000E2009D00E200E200E200E200E200E20076
:10CFF000E2002F00E200E200E200E200E2002F0087
:10D000008EE7A5F12400562800F2AD80DFE810F08D
:10D010008300AB00AB00AB00AB00AB007400AB0017
:10D02000AB00AB009A00AB00AB00AB00AB00AB00B9
:10D03000AB00AB00AB00AB00AB00AB00AB00AB0098
:10D04000AB00AB00AB00AB00AB00AB00AB00AB0088
:10D05000AB00AB00AB00AB00AB00AB00AB00AB0078
:10D060005800AB00AB00AB00AB00AB00AB00AB00BB
:10D07000AB00AB00AB00AB00AB00AB00AB00AB0058
:10D08000AB00AB00AB00AB00AB00AB00AB00AB0048
:10D09000AB00AB00AB00AB006D00AB005800AB00C9
:10D0A0006600AB00AB00AB00AB00AB00AB00AB006D
:10D0B0005700AB00AB00AB00AB00AB0057002FE755
:10D0C0004BF4207B2CE708EB880100EB410827E7B5
:10D0D0004BF0010B24E74BF0080B21E70BF080002D
:10D0E0004BEA800040F0800B1AE70BF480704BEAAB
:10D0F000400040F4807B13E7002A7FF411AF1998B9
:10D100003F2E00F104011991006828D84BF0200B44
:10D110000022044604E7DAB11A98402E199019A9A2
:10D120000F98154654EA388200F0B0FC1998402E4A
:10D130002A4600F104011991006850EA348458EA43
:10D140003088EDE63F2E00F29D844BF0400BE7E681
:10D1500022464FF0000800244FF0000BE0E60022CA
:10D160008046DDE600252AB11A9819A919900F9872
:10D1700000F08CFCB8F1000F48BF2BF0400B002CE6
:10D1800028EAE87C45F0200248BF4BF0080B54EA3F
:10D1900054B0612A10901CBFA2F16500022825D866
:10D1A0001998561B612A00F1070020F007010B4671
:10D1B000496853F8080B199346D1F2B200925FEA1E
:10D1C0004B6213AA58BF4FF0FF3C6346E04600F0A5
:10D1D000FCFD01300B904BF4C05B0123C0B28045D5
:10D1E000D8BFA0F10108702009905EE0A5F16300AE
:10D1F000122800F2178108230026DFE810F0400112
:10D200001300130113011301130113001301130180
:10D210001301130113016F016B01130113011A01B3
:10D22000130139011FFA8BF15FEA0B6000F11781DE
:10D230001998021D19920068CA0540F117818905E5
:10D2400054BF00B240B211E15FEA4B6358BF4FF0E8
:10D25000060C662A0BD0652A11D165254BF4805B3C
:10D26000E0460CF101034FF0000C099511E0662235
:10D270004BF4005B012509921123E0460AE05FEAC6
:10D280000C63E04663464FF0000C08BF0123023AEE
:10D290000992002513AADBB2CDE9005C112B28BF4F
:10D2A000112301F0BDF802230B90139DA4469DF8B5
:10D2B0005000A5F10A01A5F1640211F1130F38BF66
:10D2C000022312F1C70F38BF0323C10711D15FEA50
:10D2D0008B713AD41FFA8BF11446202202EAC10E58
:10D2E00011F0040F22465FEA1F9410F00C0F06D1D4
:10D2F00031E04FF02D0E002410F00C0F2BD0002C3D
:10D300004FF00300109950EA10902546814218D939
:10D310005FEA0B7160D4CCF10001F0468C455CEA09
:10D32000CCB1441A129A202049469047002800F1B7
:10D33000A18301370134F5D30024C646002D4ED019
:10D3400055E00024002D4AD051E04FF02B0E002470
:10D3500010F00C0FD3D11BF4405F0392CDE907E529
:10D36000CDF814C040F015820A94B8F1010F0B9C5F
:10D370004FF0010058EA80801FFA8BF1220600F07E
:10D38000448198460E9BE2B29B5C302B22D1631EF7
:10D390001A061DD00E9DDAB2AD5C302D40F0DA8158
:10D3A000A31E1A0600F0DA810E9DDAB2AD5C302DB4
:10D3B00040F0D081E31E1A0600F0D0810E9DDAB253
:10D3C000AD5C302D40F0C681089D043C2206D9D1C9
:10D3D000002400224346C5E110990C1A3DB9129A67
:10D3E000704649469047002800F1448301379DF874
:10D3F00050004FF69B11C0F2002100074FF2F040A1
:10D40000C0F2002050EA51852878002800F01E83E1
:10D41000801B129A4946C0B2904701370135002857
:10D42000F2D527E3782A40F09980C5F188032E468B
:10D4300054E01998011D199100684FF68C51C0F203
:10D440000021002851EA00855FEA4B6058BF4FF089
:10D45000FF3C2846614601F013FF064617E0199885
:10D46000890500F18B80011D19910068C1178DE0BD
:10D470004FF6EF700BEA000B0A2375262EE0199881
:10D48000012613AD011D199100688DF84C005FEA6B
:10D490000B7010D41098B0420DD9129A2020494632
:10D4A0009047002800F1E68210980137013810906B
:10D4B000B042F2D8109610983744841B002E00F02A
:10D4C000C58215F8010B4946129A9047013E002883
:10D4D000F4D5CFE24BF0100B102378264FF6F970FD
:10D4E0000BEA000E5FEA0B600B960CD41998011D35
:10D4F000199106685FEACE510CD55FEA8E5054BF91
:10D50000B6B2F6B206E019985FEA8E510AD4011D50
:10D5100019910668002156EA010008BF2BF0160E8B
:10D5200077D10DE0073020F007000246416852F83D
:10D53000086B199256EA010008BF2BF0160E68D14D
:10D5400000265FEA4B6063D50021B8F1010F60DA75
:10D550004FF6E9700BEA0001A04665E0129A25201B
:10D5600049469047002800F18582129A284649468C
:10D570009047023700287FF5B5AC7BE2073020F0FA
:10D5800007010A46496852F8080B199200295A46C1
:10D59000CDF82CC048BF42F4806250EA010323D08A
:10D5A00080EAE17081EAE173B0EBE17063EBE17175
:10D5B000A04613AC22F010060A23224600F08FFB8F
:10D5C0003146061BDDF82CC0480630D54FF6FE70FC
:10D5D00044460840664505DA002D08BF21F01100D9
:10D5E000614627E0314625E05FEA4B604FF00000DE
:10D5F00040F1B2800021B8F1010FD9DA4FF6EE7098
:10D60000DDF82CC000EA0B0014E000240022A9E0A1
:10D610000021A04613AC304665462246764600F00F
:10D620005EFB3146AC46061B0B9D4806CED4084631
:10D63000314644461FFA80FBC0060BD440F2064038
:10D640001BEA000F5FEA0F9000EB01085FEA0B7026
:10D650000AD531E0002D4FF0010050EA009000EBB8
:10D6600001085FEA0B7027D45FEACB7009D01098ED
:10D67000B446804505DA10997018A0EB080C88466E
:10D680001AE01098804517DA002CCDF82CC054EA27
:10D6900054B00A906042844254EAC4B0A0EB08043B
:10D6A000129A202049469047002800F1E381013773
:10D6B000013CF5D1DDE90A8C5FEACB6015D440F27C
:10D6C00006401BEA000F24D05FEA8B7064464FF0DF
:10D6D0002B0058BF20205FEA4B5148BF2D20129AE3
:10D6E00049469047002812D5C4E1129A3020494695
:10D6F00064469047002800F1BD8145B1129A284642
:10D7000049469047002800F1B581023700E0013713
:10D71000A446E3466546B44509DD129A30204946E1
:10D720009047002800F1A681013DB542F5DC109834
:10D730005E45A0EB080456EACB800744002E00F0BB
:10D74000858111984946129A805D9047013E0028D4
:10D75000F4D58FE11C4603E0002129E700240022D4
:10D760004346089DC9060B9452EA508115F1040FF7
:10D7700009DB854207DA4BF4005B8D4206DAE843A9
:10D7800001EB000804E0A1F1010801E04FF00008FE
:10D790000A9C1FFA8BFCA5F57A714FEA0C52CDF862
:10D7A00028C0B4465FEA8B400293049106920AD4E3
:10D7B000184611F5FA6F98BF04200521002A58BFBA
:10D7C0000321084402E025EAE57001300A9EB8F121
:10D7D000000F84F00102109DA346C6F3001151EA28
:10D7E00008918B180344EB1A4FF0000553EAC584E7
:10D7F00016F0090F1CD1664694B108441044059AEE
:10D8000051428A4252EAC2B1441A129A2020494631
:10D810009047002800F12E8101370134F5D3002410
:10D820000798BBF1000F08D0069800280FD41FE01E
:10D8300066460798BBF1000FF6D1129A4946904709
:10D84000002800F1178101370698002810D5129A98
:10D85000302049469047002800F10C81C6F178003D
:10D86000129A4946C0B29047002800F1038102375E
:10D870000A9800070BD454B12744129A3020494625
:10D880009047002800F1F680013CF6D100240A9868
:10D89000800429D49DF851004946129A90470028E7
:10D8A00000F1E880B8F1010F5ADB129A2E204946A8
:10D8B0009047002800F1DE8008EB070000F1020B22
:10D8C0000B98C5B20020471CAF4202D20C99085CED
:10D8D00000E03020129A49469047002800F1CA80A3
:10D8E0003846B845EFD149E00898C8F1000B20EA66
:10D8F000E076851B0B985FFA80F8701C07D1129AAE
:10D900002E2049469047002800F1B480013730208E
:10D91000002D03D44545BCBF0D98405D49465E458A
:10D9200007DD129A904701350137013E0028E4D502
:10D93000A0E0129A9047002800F19C800A99781C78
:10D94000C90640F19580002E40F09080129A2E205A
:10D9500049469047B0F1FF3F40F38C80023775E0B5
:10D960000A98C00602D407F1010B07E0129A2E2094
:10D970004946904700287DD407F1020B0998494693
:10D98000129A801BC0B29047002873D40898494669
:10D99000002850EA50B54FF02B0048BF2D20129AB6
:10D9A0009047002866D4049810F5FA6F16D844F60C
:10D9B000D350129AC1F262004946A5FB00063020FE
:10D9C00000EB9610C0B29047002853D4B0094FF432
:10D9D0007A7100FB11550BF1030605E003980BF17A
:10D9E000020610F1C80F3DD848F21F50129AC5F236
:10D9F000EB104946A5FB0007302000EB5710C0B2E2
:10DA00009047002836D47809642100FB115501366F
:10DA10004CF6CD40129ACCF6CC404946A5FB000707
:10DA2000302000EBD700C0B29047002822D4F8087D
:10DA3000013600EB8000A5EB400505F13000129A9D
:10DA40004946C0B29047002814D4771C012CFFF639
:10DA500049AA129A2020494690470137013C0028E4
:10DA6000F4D507E002980228D2D2E6E70746EDE7B0
:10DA70000746EBE799F8020040F0040089F802003D
:10DA80004FF0FF3738461BB0BDE8F08F022AB8BF11
:10DA900070472DE9F04F42F689084FF0010CC0F2B3
:10DAA000010804464FF0010E03E05F789C1C252F0F
:10DAB00029D1234613F8015B252D01D025B90BE1AF
:10DAC0006778A31C252F1DD11C4614F8015B252D5A
:10DAD00001D025B900E15F789C1C252F13D1234686
:10DAE00013F8015B252D01D025B9F5E06778A31C5B
:10DAF000252F07D11C4614F8015B252DD5D0002D0C
:10DB0000D7D1E9E01C464FF000094FF0000A00268B
:10DB100004E014F8017B002F00F0AA803346BAF12C
:10DB20001F0F0AD8A7F12005102D09D80CFA05F50A
:10DB300015EA080F40F07D8002E0BAF17F0F0AD8A5
:10DB4000A7F13005092D3ED803EB83034AF0200AE4
:10DB500005EB4306DDE7A7F14C052E2D00F2898089
:10DB60001E46DFE815F06800860086008600860005
:10DB70008600860086008600860086008600860075
:10DB80008600860086008600860086008600860065
:10DB90008600860086008600860086008600780063
:10DBA0008600680086007100860086008600860078
:10DBB0008600860086002F0086008600860086008C
:10DBC00086002F00A5E7A7F1240BBBF1560F00F24A
:10DBD00050800026DFE80BF0334D4D4D4D4D324D5A
:10DBE0004D4D324D4D4D4D4D4D4D4D4D4D4D4D4D80
:10DBF0004D4D4D4D4D4D4D4D4D4D4D4D4D4D4D4D55
:10DC00002F4D4D4D4D4D4D4D4D4D4D4D4D4D4D4D62
:10DC10004D4D4D4D4D4D4D4D4D4D4D4D3F4D2F4D60
:10DC2000384D4D4D4D4D4D4D2C4D4D4D4D4D2C00C8
:10DC3000FFE71E466DE74AF4207AFAE769E7B9F193
:10DC4000000F0FD1994664E70AF080054AEA85057E
:10DC500045F0800AEDE70AF480754AEA450545F487
:10DC6000807AE6E773457FF454AF6327F14600E01E
:10DC70000027B9F1000F2FD0F14524D147F0200340
:10DC8000612B1CBF653B022B05D80B68073323F0C3
:10DC90000703083313E0A7F16303102B0AD8DFE86A
:10DCA00003F00C0909090909090909090909090900
:10DCB00009090C005FEA0A6309D40B6804330EF10A
:10DCC000010E04460B609645FFF6F3AE04E00B68C8
:10DCD0005FEA8A54DAD4F1E7BDE8F04F70472DE9E6
:10DCE000F04703F01F06984691468A4605462846A7
:10DCF00051463246002300F049FA044600FB165014
:10DD00000F46A0EB0801092888BF01F13700303029
:10DD100089F80000A81B7AF1000049D32046394653
:10DD20003246002300F032FA054600FB16408A46D0
:10DD3000A0EB0801092888BF01F13700303089F8CD
:10DD40000100A01B77F1000036D328465146324629
:10DD5000002300F01BFA044600FB16500F46A0EB10
:10DD60000801092888BF01F13700303089F8020026
:10DD7000A81B7AF1000023D32046394632460023FF
:10DD800000F004FA054600FB16408A46A0EB0801A5
:10DD9000092888BF01F13700303089F8030009F104
:10DDA0000409A01B77F10000A1D24846BDE8F08726
:10DDB00009F10100BDE8F08709F10200BDE8F08734
:10DDC00009F103094846BDE8F0872DE9F04F86B018
:10DDD000CF0FC1F30A566FF31F519B4650EA01055E
:10DDE00017715FEA0F9508BF002E0FD040F2FF7445
:10DDF000A6423AD10420002D18BF08204FF0000B96
:10DE000038441071584606B0BDE8F08F0027002056
:10DE10000021DDF83CC0BBF1000F176035D4BBF129
:10DE20000D0F35D3030F00F00F0A43EA01130393DC
:10DE3000030E541D43EA01230293030D0D0D43EA23
:10DE400001330193030C43EA0147030B43EA015EEC
:10DE5000030A43EA01680309080A0590080943EA2E
:10DE600001790E0C0B0B049084E04FF60247002E54
:10DE7000CFF6FF771CBFA6F2FF3701F58011DDF862
:10DE80003CC0BBF1000F1760C9D54FF0000B44E058
:10DE90003325A5EB8B03C3F1200513274FF0020EAA
:10DEA000A7EB8B072EFA05F601240025002F58BF9B
:10DEB0000EFA07F658BF04FA07F504FA03F40EFA4F
:10DEC00003F358BF002458BF0023D3F100094FF0DB
:10DED000000868EB060E013B66F1000603400E40A9
:10DEE000E31A75EB060312D34FEA8B03C3F1340632
:10DEF000D3F1140320FA06F7C6F1200601FA06F65C
:10DF000046EA070658BF21FA03F6F30701D00019C5
:10DF1000694100EA090001EA0E01030943EA0179B7
:10DF2000030F541D43EA01130393030E10F00F0A6D
:10DF300043EA012302934FEA10534FEA115543EA93
:10DF4000013301934FEA104343EA01474FEA10338C
:10DF500043EA015E4FEA102343EA01684FEA1120C9
:10DF60004FEA11464FEA113305904FEA1110049021
:10DF700000F09880AAEB0C000093BAF1090F88BF5B
:10DF800000F1270A0AF13000907409F00F004FF0F9
:10DF90000D0BA0EB0C03092888BF03F12700BBF190
:10DFA0000C0F00F13000507498BF4FF00C0B08F0CC
:10DFB0000F00A0EB0C03092888BF03F127003030C5
:10DFC00010740EF00F00A0EB0C03092888BF03F1BA
:10DFD00027003030D07307F00F00A0EB0C030928A6
:10DFE00088BF03F1270030309073019800F00F00D4
:10DFF000A0EB0C03092888BF03F1270030305073D1
:10E00000029800F00F00A0EB0C03092888BF03F171
:10E01000270030301073039800F00F00A0EB0C03C2
:10E02000092888BF03F12700009B3030D07201F02F
:10E030000F00A0EB0C01092888BF01F12700303048
:10E040009072049800F00F00A0EB0C01092888BF23
:10E0500001F1270030305072059800F00F00A0EB5E
:10E060000C01092888BF01F127003030107203F03D
:10E070000F00A0EB0C01092888BF01F12700303008
:10E08000D07106F00F00A0EB0C01092888BF01F148
:10E0900027003030907105F130002070584606B0EE
:10E0A000BDE8F08F19F00F0000937FF472AFBBF161
:10E0B0000C0FBFF46EAF18F00F0045D1BBF10B0F82
:10E0C00042D21EF00F0042D1BBF10A0F3FD217F02F
:10E0D0000F003FD1BBF1090F3CD2019810F00F00A7
:10E0E0003BD1BBF1080F38D2029810F00F0037D1A6
:10E0F000BBF1070F34D2039810F00F0033D1BBF1FE
:10E10000060F30D211F00F0030D1BBF1050F2DD228
:10E11000049810F00F002CD1BBF1040F29D2059800
:10E1200010F00F0028D1BBF1030F25D213F00F0020
:10E1300025D1BBF1020F22D206F00F0050EA0B01ED
:10E1400020D04FF0010B9EE74FF00B0B31E74FF063
:10E150000A0B38E74FF0090B3FE74FF0080B47E792
:10E160004FF0070B4FE74FF0060B57E74FF0050B4B
:10E170005FE74FF0040B67E74FF0030B6FE74FF0DB
:10E18000020B76E74FF0000B85E7D4D440B584B09E
:10E1900002AE009600F004F8029A039B04B040BD62
:10E1A0002DE9F04FDDF824B0844671B1C2B1BBB3A4
:10E1B000B1FA81F7B3FA83F6F71B202F07D207F1E4
:10E1C0000109B9F1200F1BD137E0002B42D0BBF180
:10E1D000000F18BFCBE900C100200021BDE8F08F7F
:10E1E000002B45D0002846D05F1E3B427ED0B1FABE
:10E1F00081F7B3FA83F6F71B1F2FE8D207F1010965
:10E20000C7F11F0720FA09F621FA09FC01FA07F401
:10E21000B84034434FF0000AB9F1010F17D088E03D
:10E22000571E3A4235D0B1FA81F7B2FA82F6F71B9F
:10E2300007F12109B9F1200F45D14FF0000C4FF043
:10E2400020090C464FF0000AB9F1010F71D14FF0CF
:10E25000000EB8E0B0FBF2FCBBF1000F1EBF0CFBE0
:10E2600012000021CBE9000100216046BDE8F08FDB
:10E270006046BDE8F08FB1FBF3FCBBF1000F1EBFA1
:10E280000CFB13100021CBE9001000216046BDE813
:10E29000F08FBBF1000F1EBF00230740CBE90073D6
:10E2A000012A00F0BA8092FAA2F24F00B2FA82F28A
:10E2B00002F01F03D140D8401F23934307FA03F312
:10E2C0001843BDE8F08FB9F11F0F1FD8C9F1200620
:10E2D00020FA09F721FA09FC01FA06F4B0403C43A0
:10E2E0004FF0000AB9F1010FB1D022E0BBF1000FED
:10E2F0001CBF07EA0100CBE900C093FAA3F0B0FA13
:10E3000080F021FA00F00021BDE8F08FA9F1200C87
:10E31000C9F1400720FA0CF601FA07F4264321FA66
:10E320000CF400FA07FA4FF0000C3046B9F1010F77
:10E330008DD029F001070126023F4FF0000B06EBBC
:10E34000570E4FEA4C0747EAD477640044EAD0748A
:10E350004000FD43E143891843EB0508A51A67EB2C
:10E360000306B8F1000F56EA478755EA44867F0056
:10E3700047EAD677760046EAD07440EADA70A51A02
:10E380006FEA040167EB030689184FEA40006FEA61
:10E390000701594156EA478C55EA4484CF0F4BEAAE
:10E3A0004A01BB4640EAD170490041EAD87A0FF0F1
:10E3B00039C05FEAC97103D15246DDF824B01EE0CE
:10E3C000DDF824B0BE4667004FEA4C0147EAD0773B
:10E3D00041EAD471B7EB02084FEA400061EB030455
:10E3E000FD4352196FEA010653EB060240EADA7068
:10E3F00054EA418C58EA4784D70F4EEA4A02D10FBB
:10E40000BBF1000F41EA40014FEA420020F0010059
:10E4100018BFCBE9004C07EB000C6046BDE8F08F5D
:10E420002DE9F04F9FB00D46CC0F6FF31F55994665
:10E4300050EA0503C1F30A515FEA1F9708BF00299C
:10E440000ED040F2FF76B14215D10820002F18BF40
:10E45000042000252044107128461FB0BDE8F08F2D
:10E46000A01C10713020012550710020106028463A
:10E470001FB0BDE8F08F0394A1F235440029059246
:10E4800006BF4FF6CC34CFF6FF7405F58015AA0011
:10E49000002B42EA907B5FEA0F9202295FEA2F91FC
:10E4A000804642EA010A00F001018000002C04913C
:10E4B0001390CDF81C90CDF848A04ED4204600F023
:10E4C00017FD8146032C88BFA9F10109484600F0D9
:10E4D0001DFD14AF06464846394600F002FE18A856
:10E4E0001AA93A46CDF808A0CDE90010A9EB04001E
:10E4F0003044294600F17C03404600F028FC804669
:10E500000B46B9F1150FCDF8189053D8139E4CF661
:10E51000CD471CA8CCF6CC471D4600903046594646
:10E520003A464FF0CC335C46BB4600F064FEDDE972
:10E530001C01DDF81C90820842EA817120F0030082
:10E5400008444042F04255D13046214600F0E7FCF5
:10E55000069988425FEA3F9183E06742CDF844B074
:10E56000384600F0CCFC0646601C18BF013EBF1BBD
:10E57000384600F0CBFC14A9834638460F4600F01D
:10E580002DFD18A81AA93A46CDF808A0CDE900102B
:10E59000A6EB0B0000F17D034046294600F0D7FBB7
:10E5A00080460B463019012E06900DD8049890BB7A
:10E5B00001213DE04CF6CD4B002000211290CCF61D
:10E5C000CC4BDDF81C904FE03E2E2ED84FF0FF30A4
:10E5D000B6F1200200FA06F158BF0021139F58BF80
:10E5E0009040119A27EA010122EA000008435FEAFD
:10E5F0001F911BE0049800BB1298C043801964F17E
:10E60000000100F08CFC06992B4688424FF0000177
:10E610005FEA3F9027E0DDE91A0101381A9061F1C5
:10E6200000001B900020012101E000210020129039
:10E630004CF6CD4BCCF6CC4B16E046F00200214612
:10E6400000F06DFCDDE91A12069C4B1E62F100061B
:10E65000A04253EA21804FF000011A9056EA22802E
:10E660001B9000202B461290DDE9280A109100280B
:10E67000CDF828904DD0B8F10A0073F1000001D216
:10E6800001203AE000214FF00A0C02204FF064090B
:10E690004FF47A751F4642F2107E0A22A2FB0C4606
:10E6A00001EB810306EB4303B8EB040477EB0303B0
:10E6B00020D3A2FB093401FB0944B8EB030377EB39
:10E6C000040314D3A2FB053401FB0544B8EB030398
:10E6D00077EB04030DD3A2FB0E23043001FB0E31B4
:10E6E000B8EB020377EB0103D8D2013802E0013026
:10E6F00000E00230DDF81C903B4606995144084486
:10E70000B0EBDA7FB8BF4FEADA70814559EAB080E2
:10E710000A90DDE91A1A5F46DDE918B9002014AC49
:10E7200013900F900990084611932FE011994046DD
:10E730003A464FF0CC3314AC4FEADA0A009400F0BA
:10E740005AFD1398109910F0FF0FDDE914235FEACA
:10E750001F9001400BEB8B00109140420E994942F3
:10E76000B1EB400F12995FEA1F9001401291D0085F
:10E7700040EA437101EB8000A8EB400013900F9832
:10E78000884601300F90D8081190284651463A46E5
:10E790004FF0CC330094CDE90B0A00F02CFD584625
:10E7A00049463A464FF0CC33DDE9146A0094CDE98E
:10E7B0000D9B00F020FDDDE91401F20842EA4A75E4
:10E7C0004FEAD109C00840EA417BBBEB050079EB79
:10E7D000DA00ABD31199B8F10A0071F1000002D24E
:10E7E0004FF0010E40E0089500200A224FF0020E83
:10E7F0004FF00A0C64254FF47A76A2FB0C3400EB40
:10E80000800704EB4707B8EB030371EB070326D33C
:10E81000A2FB053700FB0577B8EB030371EB070399
:10E8200018D3A2FB063700FB0677B8EB030371EBA6
:10E83000070312D342F210740EF1040EA2FB04235C
:10E8400000FB0430B8EB020371EB0003D5D2AEF14C
:10E85000010E04E00EF1010E01E00EF1020E089D22
:10E860004CF6CD47CCF6CC470A9A48EA0100104353
:10E870005FEA1F90964503DD10B90120099056E725
:10E880001298C00770D0DDF838B014A80D993A4638
:10E8900000904FF0CC33584600F0ADFCDDE9141089
:10E8A000CBF10003CA0842EA407505EB82025242EE
:10E8B000B3EB420F60D1C208DDE90FA9DDF84CC00F
:10E8C000DDE90B01119C934614AA00923A464FF0E1
:10E8D000CC33CDF84CC000F08EFC1498214611903A
:10E8E00014A8009040463A464FF0CC33159E00F0F5
:10E8F00082FC4CF6CD4214A8009028465946CCF62E
:10E90000CC424FF0CC33DDE91474CDF834B000F0D4
:10E9100072FCF90841EA447E0EEB81011398AB4684
:10E92000CBF10007A8EB410CDDE9141210F0FF0F4A
:10E930000AF1010A5FEA1F90E408CB0843EA427536
:10E9400009EA0009119805EB8303F1085B42D2083C
:10E95000C008F046B7EB430F4CF6CD4740EA46708F
:10E96000CCF6CC47AFD00DE0C646DDF84CC0DDE9B3
:10E970000EBADDE9109405E0C646DDE90FA9DDF821
:10E980004CC0119C0D988EEA0B01234684EA0002CC
:10E990001143099A5FEA0F911143CA0704990029AC
:10E9A0005FEA1F91002A04BF129811EA00010ED0FD
:10E9B0005FFA8CF105295FEA0F92042962EA0902E5
:10E9C0005FEA9F9142EA0E0202EA010801E04FF07D
:10E9D0000108DDE905C11EEB08000AEB010443F163
:10E9E0000001B0F10A0271F1000202D20127079B77
:10E9F00036E01394E64600254FF00A090227642307
:10EA00004FF47A7B42F2107A0A24A4FB096205EBE8
:10EA1000850C02EB4C02861B71EB02021DD3A4FB9A
:10EA2000032605FB0366821A71EB060212D3A4FBD0
:10EA30000B2605FB0B66821A71EB06020CD3A4FBB6
:10EA40000A42043705FB0A25021B71EB0502DCD2E2
:10EA5000013F02E0013700E00237079BF446139CB8
:10EA60000A9A97425FEAD882012A32D1289A4AB19B
:10EA7000299A22443A44012AD8BF0122934253EAF8
:10EA8000B2820A920A9A974223DD05304CF6CD45B0
:10EA900041F10001CCF6CC454008013F40EAC1708D
:10EAA000013410EB51024FEA510142F10002A2FB86
:10EAB000053626F0030303EB96034FF0CC36D21A4B
:10EAC000821A61F10001A2FB050302FB063201FB81
:10EAD00005210A9A23B2974257EAB28215B22B4413
:10EAE000A3F10108012DC0F229810CEB050302F00E
:10EAF000030903F1050A042D02D24FF0000BB2E026
:10EB00004CF6CD44CDE9109803F104084FF0000B0A
:10EB1000CCF6CC44A5EB0902129513926422002393
:10EB200005460E46FFF732FB420800F0010042EABC
:10EB3000C17212EB510141F10001A1FB042323F04A
:10EB4000030202EB93020023891A4FF47A7240EA1F
:10EB50004100314640F030092846FFF717FB4208D4
:10EB60004CF6CD4742EAC172CCF6CC4712EB5101CC
:10EB700000F0010041F10002690841EAC67111EBA1
:10EB8000560343F10003A3FB077424F0030707EBCC
:10EB90009407DB1B6FF00207CB1A4CF6CD41CCF685
:10EBA000CC41A3FB011C01EB8104A5EB440444F020
:10EBB000300408F804498BEA07044CF6CD47CCF63C
:10EBC000CC470AF80490A2FB074727F0030404EBA4
:10EBD00097074CF6CD44A2EB0702CCF6CC4440EAB2
:10EBE00042006FF0030282EA0B0240F030000AF8A4
:10EBF00002004FF0CC304FEA560203FB00C062F136
:10EC0000000202FB04004A0801F0010142EAC0725E
:10EC100012EB500040F10000A0FB042323F003029C
:10EC200002EB93020023801A42F2107241EA400084
:10EC30006FF0010181EA0B0140F030000AF8010099
:10EC400028463146FFF7A2FA0BF1040B139A5A45F6
:10EC50007FF464AFDDF84090DDF814C0DDE9118584
:10EC6000B9F1000F6AD042084CF6CD4442EAC172B5
:10EC7000CCF6CC4412EB510343F10003A3FB047622
:10EC800026F0030707EB9607DB1B4F08D31A67F143
:10EC90000006B9F1010FA3FB042E6FEA0B0402EB8F
:10ECA0008207A0EB470747F030070AF8047045D009
:10ECB0004FF0CC374CF6CD4403FB07E3CCF6CC4405
:10ECC000570802F0010206FB043347EAC37717EB4B
:10ECD000530343F10003B9F1020FA3FB0476AAEB3F
:10ECE0000B0426F0030707EB9607A3EB070342EAA2
:10ECF000430242F0300204F8022C1FD064220023A9
:10ED0000FFF744FA4208DDF814C042EAC17200F08D
:10ED1000010012EB51014CF6CD4241F10001CCF65D
:10ED2000CC42A1FB022323F0030202EB9302891AD7
:10ED300040EA410040F0300004F8030C03988CF8DE
:10ED40000400CCF8008028461FB0BDE8F08F2DE904
:10ED5000F04F8BB0490041EAD07405931646D2E9D2
:10ED6000002345002846214608AF009700F043FAEB
:10ED7000D6E90223834606A8894600902846214604
:10ED8000DDE9087A00F037FA10EB0708DDE9062321
:10ED90004AEB010ADDE90801571C059C43F1000517
:10EDA000B8EB00007AEB0100A4F1410455EA33838B
:10EDB00057EA328296E8830017EB0807F568049457
:10EDC00045EB0A0510EB0B0059EB0100009457F1DD
:10EDD0000000CDE9062345F10001571C43F1000571
:10EDE000B0EB080471EB0A04CDF80CB055EA33839C
:10EDF00057EA3282CDF8089000F01BFADDE91429B9
:10EE0000169BC2E9000143B3D6E900C1D6E9025618
:10EE10000398B8EB0505DDE906236AEB06066C1ED0
:10EE200066F10007B0EB0C000298DDF810B08841E5
:10EE3000CDF800B054EA358057EA3681571E63F1A9
:10EE40000006B8EB00057AEB010557EA328256EA74
:10EE5000338300F0EEF95F463EE0DDE906204FEA3D
:10EE60004804D6E900EC01900598D6E90276A0F1B5
:10EE70004005029800954FEA4A05039945EAD8757E
:10EE800044EAD0744300E71B65EB0606B7F1010BBB
:10EE900043EAD17366F10000DEEB410173EB0C0134
:10EEA00050EA36815BEA3780B4EB0803019F75EBCB
:10EEB0000A035FEA2F937F0043EA420347EAD277CF
:10EEC0005A1E67F10006241A8D4152EA338256EA2F
:10EED000378300F0AEF9049FDDE90623C9E900019C
:10EEE00040465146009700F0A4F90BB0BDE8F08F02
:10EEF00043F24141C0F201014843800C704742F6A1
:10EF0000FB61C0F20B014843000D704749F24F31DD
:10EF1000C0F212014843012101EBD04070472DE9B6
:10EF2000F04F4CF6CD4E45F6294442F6F50A47F629
:10EF3000D50847F6916943F2343B02460020CCF6EF
:10EF4000CC4E4FF03333CCF28F24C8F65C7AC2F249
:10EF5000E968C3F6FB29C3F2333BA2FB0E5C4FF01A
:10EF6000CC3702FB07C7D5F1333501FB0E7773EBC6
:10EF700007072ED3A2FB047502FB0A55D7F13337DE
:10EF800001FB045573EB050722D3A2FB087540F67D
:10EF90003106C1F6AC4602FB0655D7F1333701FB0B
:10EFA000085573EB050716D3A2FB09754CF670667E
:10EFB000CDF28826043002FB065201FB0921B7EB93
:10EFC0000B0271F133323A46C7D30138BDE8F08FF6
:10EFD0000130BDE8F08F0230BDE8F08F2DE9F04F31
:10EFE00087B005464EF64F40C4F6C4608B46A5FB7D
:10EFF0000001C8081A2100FB01F640F27861C0F256
:10F00000012101EB0010B54209D190E80E00C06863
:10F010008BE80E00CBF80C0007B0BDE8F08FD0E90C
:10F02000009240F24871C0F201210192D0E902231E
:10F03000A81B51F8307001EBC000446804A8009090
:10F040003846214600F0D7F8019B824602A8884640
:10F050000090384621464A4600F0CDF8814601919D
:10F06000DDE90201002210EB0A0758EB010842F12A
:10F070000000012806D1DDE904010130049041F1CE
:10F08000000005902846FFF741FF04463046FFF791
:10F090003DFF0199241A48463A464346009400F041
:10F0A000C8F86FF0030240F6180302EA9502C0F2B6
:10F0B00001239A581E2303EA4503DA4002F00306AF
:10F0C0008019DDE9042341F10001CBE90001384654
:10F0D0004146009400F0ADF8CBE9020107B0BDE86D
:10F0E000F08F2DE9F04F87B08B464EF64F41054625
:10F0F0001930C4F6C461A0FB0101C8081A2100FB45
:10F1000001F640F67001C0F2012101EB0010AE42A1
:10F1100009D190E80E00C0688BE80E00CBF80C0017
:10F1200007B0BDE8F08FD0E900A240F24871C0F20C
:10F1300001210192D0E90223701B51F8307001EBDC
:10F14000C000446804A800903846214600F053F8F7
:10F15000804602A80090BAF1010201988946214632
:10F1600060F10003384600F046F804468A46DDE9BF
:10F170000201002210EB080751EB090842F10000E0
:10F18000012806D1DDE904010130049041F10000BD
:10F1900005903046FFF7BAFE06462846FFF7B6FE52
:10F1A000361A204651463A464346009600F041F84A
:10F1B0006FF0030240F6601302EA9502C0F20123E9
:10F1C0009A581E2303EA4503DA4002F0030540196A
:10F1D000DDE9042341F10001013041F10001CBE9F7
:10F1E000000138464146009600F023F8CBE90201C1
:10F1F00007B0BDE8F08FF0B5A2FB01CEA2FB007511
:10F20000A3FB011415EB0C05DDF814C051EB0E0641
:10F21000294644F100043246E3FB0012A3FB00033D
:10F22000401956EB030044F10000CCE900203846B9
:10F23000F0BD10B5DDF808C0CCF1400ECEF12004D1
:10F2400020FA0CF003FA0EF322FA04F42343DCF163
:10F25000200458BF02FA04F302FA0EF201FA04F491
:10F2600040EA040058BF0022BCF1200458BF21FA34
:10F2700004F021FA0CF158BF00211043194310BDCE
:10F28000024619B370B54218A1F1010EA1F1020CAA
:10F29000CC1E0023C55C85B19E4515D0C5186E787F
:10F2A0006EB19C4510D0AE785EB19C420CD0EE7829
:10F2B0004EB104339942EDD106E0C21804E06A1C55
:10F2C00002E0AA1C00E0EA1CBDE87040101A70477A
:10F2D0000000000000005454522052454747455357
:10F2E0000075785F6465766963655F636C617373ED
:10F2F0005F617564696F31305F636F6E74726F6CDC
:10F300005F70726F63657373206661696C6564001A
:10F310005553425F50495045305F4D425800757813
:10F320005F6465766963655F636C6173735F617564
:10F3300064696F5F73747265616D5F676574206F78
:10F340007065726174696F6E206661696C656400D6
:10F3500075785F6465766963655F636C6173735F1D
:10F36000617564696F5F6672616D655F77726974FC
:10F3700065206973206661696C6564004E6577205D
:10F380004576656E7420466C6167730075785F64BE
:10F3900065766963655F636C6173735F61756469EA
:10F3A0006F5F726563657074696F6E5F73746172AD
:10F3B00074206F7065726174696F6E206661696C2C
:10F3C00065640075785F6465766963655F636C6129
:10F3D00073735F617564696F5F7472616E736D6979
:10F3E0007373696F6E5F7374617274206F7065728E
:10F3F0006174696F6E206661696C65640075785F21
:10F4000064657669636520737461636B20636C6106
:10F4100073732072656769737465726564207375B0
:10F42000636365737366756C6C7900555342206431
:10F43000657669636520697320706C7567676564BC
:10F4400020696E005553425F4653505F53454D58F7
:10F45000000D0A4572726F723A206D656D6F727998
:10F460005F616C6C6F636174655F72747420666158
:10F47000696C65642E0D0A005553425F5049504532
:10F480005F4D4258005553425F5043445F4D4258D0
:10F4900000312E3100525F5553425F4F70656E2030
:10F4A000415049206661696C65640052545420548F
:10F4B000687265616400284E554C4C2900496E7392
:10F4C0006572742074686520555342206361626CD4
:10F4D000650075785F7472616E736665725F7265E0
:10F4E00071756573745F73656D6170686F726500C7
:10F4F000696E660075785F6465766963652073740C
:10F5000061636B20696E697469616C697A656420F6
:10F510007375636365737366756C6C7900555342DC
:10F5200020647269766572206F70656E6564207301
:10F5300075636365737366756C6C79000D0A494E6B
:10F54000464F3A2025730D0A000D0A0075785F7347
:10F55000797374656D5F6D75746578007274745F2E
:10F560006F705F71756575650054696D6573746161
:10F570006D7020285469636B7329203D20307825F5
:10F5800030386C783A0D0A0075785F646576696387
:10F59000655F636C6173735F617564696F5F7265EA
:10F5A00061645F6672616D655F66726565206F702C
:10F5B00065726174696F6E206661696C656400557F
:10F5C000534258205061756420546872656164002C
:10F5D0000D0A52657475726E6564204572726F72A1
:10F5E00020436F64653A203078257820200D0A008A
:10F5F0005553422077726974652073746172746523
:10F60000640075785F73797374656D20696E6974D1
:10F6100069616C697A656420737563636573736689
:10F62000756C6C790075785F6465766963655F6396
:10F630006C6173735F617564696F5F6672616D653C
:10F640005F7772697465206F7065726174696F6E3F
:10F65000206661696C65640046535020436F6D6D90
:10F660006F6E20496E69742053656D000D0A455216
:10F67000524F523A2025730D0A005553422077729B
:10F6800069746520636F6D706C657465640075786E
:10F690005F73797374656D5F696E697469616C69B4
:10F6A0007A6520415049206661696C656400546543
:10F6B000726D696E616C006674705F636C69656E13
:10F6C000745F7468726561645F696E7075745F7190
:10F6D00075657565004572726F7220696E20707273
:10F6E0006F63657373696E672C20706C65617365F9
:10F6F00020636865636B20616761696E0D0A007540
:10F70000785F6465766963655F636C6173735F617D
:10F710007564696F5F726561645F6672616D655F74
:10F72000676574206F7065726174696F6E206661C1
:10F73000696C6564005F75785F6465766963655FB1
:10F74000737461636B5F696E697469616C697A6512
:10F7500020415049206661696C6564005553425FE1
:10F760004D454D5F424C4F434B005043445F545313
:10F770004B000D0A2A2A2A2A2A2A2A2A2A2A2A2A2F
:10F780002A2A2A2A2A2A2A2A2A2A2A2A2A2A2A2AD9
:10F790002A2A2A2A2A2A2A2A2A2A2A2A2A2A2A2AC9
:10F7A0002A2A2A2A2A2A2A2A2A2A2A2A2A2A2A2AB9
:10F7B0002A2A2A2A2A2A0D0A2A20202052656E6522
:10F7C00073617320465350204578616D706C6520DD
:10F7D00050726F6A65637420666F72205553425889
:10F7E0005F70617564204D6F64756C65202020200A
:10F7F0002020202020202020202A0D0A2A2020201E
:10F800004578616D706C652050726F6A6563742015
:10F8100056657273696F6E2025732020202020208A
:10F8200020202020202020202020202020202020D8
:10F830002020202020202020202020202A0D0A2ADD
:10F84000202020466C657820536F6674776172655E
:10F85000205061636B2056657273696F6E2020259E
:10F86000642E25642E2564202020202020202020A6
:10F870002020202020202020202020202020202088
:10F880002020202A0D0A2A2A2A2A2A2A2A2A2A2A33
:10F890002A2A2A2A2A2A2A2A2A2A2A2A2A2A2A2AC8
:10F8A0002A2A2A2A2A2A2A2A2A2A2A2A2A2A2A2AB8
:10F8B0002A2A2A2A2A2A2A2A2A2A2A2A2A2A2A2AA8
:10F8C0002A2A2A2A2A2A2A2A0D0A526566657220BD
:10F8D000746F20726561646D652E7478742066693A
:10F8E0006C6520666F72206D6F726520646574614F
:10F8F000696C73206F6E204578616D706C65205067
:10F90000726F6A65637420616E640D0A46535020FD
:10F91000557365722773204D616E75616C20666F3B
:10F9200072206D6F726520696E666F726D617469A9
:10F930006F6E2061626F757420555342585F70611D
:10F940007564206472697665720D0A000D0A45526D
:10F95000524F523A207274745F6672616D65776FB0
:10F96000726B5F696E6974206661696C65640D0A0B
:10F970000075785F6465766963655F737461636B56
:10F980005F636C6173735F7265676973746572201E
:10F99000415049206661696C6564006E616E005576
:10F9A0005342207265616420636F6D706C6574658D
:10F9B000640075785F6465766963655F636C617325
:10F9C000735F617564696F5F73747265616D5F7495
:10F9D0006872656164007274745F70726F636573DE
:10F9E00073696E675F626C6F636B000D0A546869C0
:10F9F00073206578616D706C652070726F6A6563E5
:10FA0000742064656D6F6E737472617465732074B5
:10FA100068652062617369632066756E6374696FDF
:10FA20006E616C6974696573206F66205553425826
:10FA30000D0A5065726970686572616C2041756469
:10FA4000696F2064657669636520647269766572A2
:10FA5000206F6E2052656E65736173205241204D98
:10FA6000435573206261736564206F6E2052656E2A
:10FA70006573617320465350207573696E6720412A
:10FA80007A7572652052544F532E0D0A5241204D03
:10FA900043552077696C6C20626520636F6E6E65DC
:10FAA00063746564206173205553425820706572F9
:10FAB0006970686572616C20617564696F20746F2C
:10FAC0002074686520686F73742050432E20416E47
:10FAD00020617564696F207761762066696C6520A6
:10FAE00077696C6C0D0A626520706C6179656420C1
:10FAF0006F6E2074686520686F73742050432075A2
:10FB000073696E6720617564696F20706C617965D7
:10FB10007220284175646163697479292E205468C4
:10FB2000652077617620617564696F206461746116
:10FB30002077696C6C2062650D0A7472616E736661
:10FB400065727265642066726F6D20686F737420D1
:10FB5000504320746F20746865204D4355207573A1
:10FB6000696E67207468652069736F6368726F6E71
:10FB70006F7573204F55542C207468726F756768C9
:10FB800020555342582050415544206D6F64756C88
:10FB9000652E204F6E63650D0A746865206175647B
:10FBA000696F20646174612069732072656365699F
:10FBB000766564206F6E20746865204D43552C2057
:10FBC0007468652072656365697665642061756433
:10FBD000696F20646174612077696C6C20626520B4
:10FBE00073746F726564206F6E20746865204D4376
:10FBF00055205352414D2E0D0A5768656E20686F8F
:10FC0000737420504320737461727473207265633F
:10FC10006F7264696E672074686520617564696FCE
:10FC2000207573696E672074686520617564696FFB
:10FC3000207265636F726465722028417564616328
:10FC4000697479292C204D43552077696C6C207498
:10FC500072616E736D69740D0A74686520617564F4
:10FC6000696F20646174612073746F7265642069C8
:10FC70006E20746865204D4355205352414D2074C9
:10FC80006F2074686520686F73742050432075730B
:10FC9000696E67207468652069736F6368726F6E40
:10FCA0006F757320494E2C207468726F75676820D9
:10FCB0005553425820504155440D0A6D6F64756C80
:10FCC000652E2054686520757365722077696C6CA9
:10FCD0002062652061626C6520746F20706C6179B0
:10FCE0002C206C697374656E20616E642076657279
:10FCF00069667920746865207265636F72646564F3
:10FD000020617564696F2066696C65206461746147
:10FD10002E0D0A000D0A52545420726563656976EF
:10FD2000656420616E20756E6B6E6F776E206D65F9
:10FD300073736167652049440055534220646576BA
:10FD400069636520697320756E706C75676765649B
:10FD50002E20436F6E6E6563742055534220646598
:10FD600076696365206361626C6520666F72204509
:10FD70005020746F20776F726B2E005553422072A3
:10FD8000656164207374617274656400286E756CBB
:10FD90006C290030313233343536373839414243FB
:10FDA000444546D468870622000000000000000099
:10FDB0000000000000000000000000000000000043
:10FDC00000000000000000000080000000000000B3
:10FDD0000080000001000000008000000200000020
:10FDE000008000000300000000800000040000000C
:10FDF00000800000050000000080000006000000F8
:10FE000000800000070000000080000008000000E3
:10FE10000080000009000000008000000A000000CF
:10FE2000008000000B000000008000000C000000BB
:10FE3000008000000D000000008000000E000000A7
:10FE4000008000000F000000000000000001000022
:10FE50000000010201010000000001030201000096
:10FE60000000010303010000000000000A0100007F
:10FE7000000001150B010000000001020C01000050
:10FE8000000001060D010000000401060E01000043
:10FE9000000401060F010000000001000102000043
:10FEA0000000010302020000000001030302000041
:10FEB000000001030402000000000103050200002D
:10FEC0000000011A06020000040000000702000002
:10FED000000001000802000000000100090200000B
:10FEE000000001000A020000000001000B020000F7
:10FEF000000001000C020000000001000D020000E3
:10FF000000000103000300000000011A04030000C8
:10FF10000000011A050300000000011A060300009A
:10FF20000000011A070300000000011A0803000086
:10FF300004000000090300000000011A0A03000089
:10FF40000000011A0B0300000000011A0C0300005E
:10FF5000000000000D030000004000000E03000040
:10FF6000000001060F03000000000105000400006E
:10FF700000000105010400000000011A0204000055
:10FF80000000011A030400000000011A040400002C
:10FF90000000011A050400000000011A0604000018
:10FFA0000000011307040000000001130804000012
:10FFB0000000011309040000040000000A0400000E
:10FFC000000000000B040000040000000C0400000E
:10FFD000040000000D040000000001040E040000F5
:10FFE000000001040F040000008000000005000074
:10FFF00000800000010500000080000002050000F4
:020000040201F7
:1000000000000000030500000000000004050000DF
:1000100004000000050500000000010307050000C2
:1000200000000103080500000500000009050000AC
:10003000050000000A0500000000011A0B05000081
:10004000040000000C050000008000000D05000009
:10005000000401070E050000000401070F05000061
:10006000000001030006000000000103010600007B
:100070000000010302060000000001030306000067
:100080000000010304060000000001030506000053
:100090000004010609060000000001060A0600002F
:1000A000040000000B060000000001030C06000025
:1000B000000001030D060000050000000E06000010
:1000C000000001020F0600000000011A00070000F6
:1000D0000000011A010700000000011A02070000D9
:1000E0000000011A030700000000011A04070000C5
:1000F0000000011A050700000000010906070000C2
:1001000000400000070700000000011A0807000077
:100110000000011A09070000000001040A0700009E
:100120000000011A0B0700000000011A0C07000074
:100130000000011A0D0700000000011A0E07000060
:10014000004000000F070000000000000008000051
:10015000004000000208000000400000030800000A
:1001600000000102040800000080000005080000F3
:1001700000800000060800000400000008080000DD
:100180000400000009080000008000000C080000C6
:10019000040000000D080000000001130E0800001C
:1001A000000001130F080000050000000009000016
:1001B0000000000001090000040000000409000024
:1001C0000000011A050900000000011A06090000DC
:1001D0000000011A070900000000011A08090000C8
:1001E0000000011A09090000000000000B090000CE
:1001F000000000000C090000040000000D090000D0
:1002000000000000000A000000000104020A0000D3
:1002100000000104030A000005000000040A0000B9
:100220000000010D050A000004000000060A00009D
:1002300000000000070A000000400000080A00005B
:1002400000400000090A0000004000000A0A000007
:10025000040000000B0A0000000001050C0A000069
:10026000000001050D0A0000000001050E0A000053
:10027000050000000F0A00000000011A000B00003A
:100280000000011A010B00000000011A020B00001F
:100290000000011A030B00000000011A040B00000B
:1002A00000400000050B000004000000060B0000E9
:1002B00000000000070B00000000011A080B0000FE
:1002C0000000011A090B00000000011A0A0B0000CF
:1002D0000000011A0B0B00000000011A0C0B0000BB
:1002E0000000011A0D0B00000000011A0E0B0000A7
:1002F000000001100F0C000000000110000D0000B4
:1003000000000115010D000000000115020D0000A4
:1003100000000115030D000000000115040D000090
:1003200000000115050D000000000115060D00007C
:1003300000000115070D0000AE000000C8FD00021E
:10034000000000000105030000000000010098000B
:100350000000000000000000000000005402002225
:1003600044030102188806225C030102E003010233
:100370000004030000000000010099004183000216
:10038000000000000000000064020022700301026F
:100390003088062288030102E00301020201008680
:1003A000000000000000000000010203DFDFDF0C9E
:1003B0000C0C0CFFFFFF000000000000000000001C
:1003C0009003010264030102000000009A009B00F8
:1003D0009800990040004100020403040404D4D4AE
:1003E00001BB000281BB000299BB000201BC0002FC
:1003F00011BC000239BC000249BC000259BC000219
:1004000089BC0002E9BC0002F1BC000200000068E7
:100410000000006800000080000000800000007004
:100420000000007020030022200300220B000000C7
:100430004404010219000000C80401020400000085
:100440000C04010200000068000000680001000DBB
:1004500000000068000000680001000D000000803E
:100460000000008000010008000000800000008003
:100470000001000800000070000000700001000A88
:1004800000000070000000700001000A0000000081
:100490000000000001000005000000200000002016
:1004A00001000004200300222003002200000003BA
:1004B0005007002268A806220000000368A8062250
:1004C00068A8062200000003000000680000006821
:1004D000000000900001090D0000006800000068A5
:1004E0000000007800010B0D0000006800000068AB
:1004F000000000270001020D0000006800000068F5
:10050000580000020001010D000000800000008082
:100510000000009000010908000000800000008039
:100520000000007800010B0800000080000000803F
:100530000000002700010208000000800000008089
:100540005800000200010108000000700000007067
:10055000000000900001090A000000700000007017
:100560000000007800010B0A00000070000000701D
:10057000000000270001020A000000700000007067
:10058000580000020001010A000000000000000005
:1005900000000090010109050000000000000000BB
:1005A0000000007801010B050000000000000000C1
:1005B000000000270100020500000000000000000C
:1005C000580000020100010500000020000000208A
:1005D000000000900101090400000020000000203C
:1005E0000000007801010B04000000200000002042
:1005F000000000270100020400000020000000208D
:100600005800000201000104000000220000002246
:1006100000000090000109030000002200000022F9
:100620000000007800010B030000002200000022FF
:10063000000000270000020300000022080300223F
:10064000580000020000010368A8062268A80622DC
:100650006003000200000103060000000800000023
:1006600003000000050000000A0000000100020075
:10067000080010002000D4D400000000000000009A
:10068000000000000000001000000000000000005A
:10069000B9340332B7F4AD1410DB1AB30892540E18
:1006A0000D307D951447BA1A66088F4D26ADC66D7C
:1006B000F598BF85E2B74511CA96853D92BD1DEB01
:1006C000FCA11860DCEF52163C92AE220BB8C1B40C
:1006D000839D2D5B0562DA1C304C7E8F4E8BB25BA6
:1006E00016F4529F8B56A512FBD4827643ED8AF006
:1006F0008FE7F9311565191850F19BD94A13EEB4FB
:10070000284CF0A686C1251F035FC270CB9E4916F8
:10071000E642889C44EB2014B0650836AD6EA58592
:1007200085F0CA14E2FD031A0B899979D5B13D0908
:10073000D8DA973A35EBCF10AC363F5E73BB38CF83
:100740003E6752FA44AFBA150100000000000000F5
:10075000050000000000000019000000000000007B
:100760007D00000000000000710200000000000099
:10077000350C000000000000093D000000000000F2
:100780002D31010000000000E1F50500000000002F
:1007900065CD1D0000000000F9029500000000007A
:1007A000DD0EE90200000000514A8D0E000000003D
:1007B0009573C24800000000E941CC6B01000000C5
:1007C0008D49FD1A07000000C16FF286230000006A
:1007D000C52EBCA2B1000000D9E9AC2D7803000001
:1007E0003D9160E45811000031D6E275BC5600001E
:1007F000F52E6E4DAEB10100C9EA26836778080078
:10080000ED95C28F055A2A00A1EDCCCE1BC2D300B4
:1008100025A4000A8BCA220400000000000000008A
:1008200000000000000000000000004095596959D8
:1008300055555455155555560405154110545540F8
:1008400045515544404550445055554500400040A1
:100850004004449665555655454045545141154010
:10086000559155555555405105010000D4D4D4D467
:100870000100000000000000000000000000002057
:10088000345065C05FC9A652BB13CBAEC440C2187A
:1008900006C8DF7100D5A87CF56F0FDA58FC271366
:1008A0006E4756357D24206502C7E768E48CA41D99
:1008B000E9E60268D7CD39617977FCC2405BEF1673
:1008C000798CDE43FFA751F991F3B278F5BDBE11E3
:1008D000E857E9D6E8BEE87BB054AC8F848D751B31
:1008E000EA23A499E9F9D38BB7A3714061DA3E15E5
:1008F000CEE33ECB73F948088C97B427D51B701014
:10090000A2BFEFB9EB8532154DB44DB49BBB6F1947
:1009100096B6076CF8E7EEAD36D9B4F59135AE135F
:10092000222218AF4E6A684D91DAAA3D4F40741EDC
:100930009FBD9EE006A1C09857C2A7FDA40E9017C8
:100940000E7D497173E3208FB220D87605143B12D7
:10095000853D7434811343B0AD297A5F27F4351C8B
:100960005445545445550504001004101404400027
:100970000000014055551541540400004400010099
:10098000000000404100004450444550540055557B
:100990005455655100400040010000010005010070
:1009A0001154515154555505001541500000044053
:1009B000100104050000000000000606362E362E49
:1009C00030004275696C7420776974682052656ED6
:1009D0006573617320416476616E63656420466C63
:1009E000657869626C6520536F6674776172652003
:1009F0005061636B6167652076657273696F6E2005
:060A0000362E362E3000F8
:0200000402C92F
:04F04000FFFFFFFFD0
:04F04400EDFFFFFFDE
:04F0C000FFFFFFFD52
:04F0C400FFFFFFFF4C
:04F1200000000000EB
:04F1240000000000E7
:040000050200C961CB
:00000001FF
