:1000000080050020155B000051590000115B0000C5
:10001000115B0000115B0000115B0000115B000030
:10002000000000000000000000000000710F000050
:10003000115B000000000000890F0000F10F0000BC
:08004000552400008924000092
:10004800B8000020A80000208400002064000020E0
:100058004C000020380000201C0000201C03300049
:100068003000300030003000300030003000300008
:1000780030003000300031001203480069002D00C4
:100088005300700065006500640000001603460018
:1000980075006C006C002D00530070006500650051
:1000A800640000001E03560065006E0064006F00C7
:1000B8007200200044006500760069006300650056
:1000C80000000000240355005300420020004400B3
:1000D80065006D006F006E007300740072006100AF
:1000E800740069006F006E001003520045004E0056
:1000F80045005300410053000403090409002E0081
:10010800010104C0320904000004FFFFFF000705D5
:10011800810240000007050202400000070586032F
:1001280040000107050703400002000009002E00F7
:10013800010105C0320904000004FFFFFF000705A4
:10014800810200020007050202000200070586037B
:100158004000010705070340000200000A060002EC
:10016800FFFFFF400100000012010002FFFFFF40F7
:100178000000FF000002010206014000000000002C
:100188002C1D0020281D0020241D00201C1D0020DF
:10019800201D0020181D0020141D0020101D002007
:0C01A8000C1D0020081D0020041D00207C
:1001B4000348044B834202D0034B03B118477047F2
:1001C4006C0100206C01002000000000064B074970
:1001D400C91A891048BF0131491003D0044B0BB12F
:1001E40001481847704700BF6C0100206C010020D3
:1001F4000000000010B5064C237843B9FFF7D8FF80
:10020400044B13B10448AFF300800123237010BDE5
:10021400980500200000000004A2000108B5054B69
:100224001BB105490548AFF30080BDE80840FFF75E
:10023400CDBF00BF000000009C05002004A2000107
:100244002DE9F041D0E902850446A8EB0507406892
:1002540097422844154408D80E463A46A5EB0805AB
:1002640007F092FB2A466068F11907F08DFBBFF393
:100274005F8FE560BDE8F0812DE9F8434FF0000998
:10028400064688461746D0E902243369151B9C426A
:1002940003F1FF3125BF03F1FF339B180B1B1B1B1D
:1002A400BD4228BF3D469D4228BF1D467068414659
:1002B4002A46204407F068FBB2682C44A24208BFD7
:1002C4000024A944A8447F1BBFF35F8FF460002F70
:1002D400DBD14846BDE8F883F8B5164CA8220021C6
:1002E400204607F049FB4FF48056002303211020D9
:1002F400114A124F124D21616161A261E7612662C8
:10030400A3626362E36222666566A0662367E366AE
:100314006367BFF35F8F0B4B9C46A3F11000ACEBFC
:10032400030213F9011D8342A154F8D1BFF35F8F77
:10033400F8BD00BFC4150020A8790000C405002042
:10034400B4050020B08C000038B5214B00EB40040C
:1003540003EBC40EDEF82C40013000EB4000012C0E
:100364008C46154603EBC00015D0022C0FD034BBCD
:10037400DEF82830DEF8242093429CBFDEF82010FB
:100384005B18013B9A1A95421CD9204638BDBDE83A
:100394003840FFF771BFDEF82830DEF82440A3426E
:1003A4009CBFDEF820105B18013B1C1B944228BF45
:1003B400144661462246FFF743FF204638BD002419
:1003C400204638BD2A466146FFF73AFF2C46DCE753
:1003D400C4150020F8B50B4B04461B780D46532B6F
:1003E400164601D0FFF778FFEFF311874FF0200195
:1003F40081F31188324629462046FFF7A5FF87F38B
:100404001188F8BDC4150020D0E9013210B50446A6
:10041400501C984207D8236899540246E1686368DF
:100424000131C4E902019A4200D010BD216820695B
:10043400FFF7D0FFA368984215BF4FF0FF330023A6
:10044400E360A36010BD00BF2DE9F84F91420F4651
:10045400DDE90A94154683461E4668D30B464FF0E1
:100464000108B3FBF5F39D4208F10108F9D9B04541
:1004740038BFB04614F0010A02D1B9F1000F3DD1E2
:10048400DBF80C30002B29DB012402E005FB04F42B
:10049400013E012EFAD8B7FBF4F39D4205D805FBC3
:1004A40004F4B7FBF4F39D42F9D9224E06E0AC42C2
:1004B400B4FBF5F30CD31C46B7FBF3F3F1565846E3
:1004C40004FB1377FFF7A0FFDBF80C30002BEEDA08
:1004D400BAF1000F02D0B9F1000F09D1BDE8F88FCD
:1004E40020215846FFF790FFDBF80C30002BF5DB9A
:1004F400C14509F1FF39F3D8BDE8F88FA30711D43A
:1005040020240CE021465846FFF77EFFDBF80C3030
:1005140009F1FF39002BE1DBB9F1000FB2D0C1457D
:10052400F0D8ADE7002E0CBF30242024F7E74FF0BD
:1005340001089CE7B48C00002DE9F04F002340240F
:100544009BB00DF12809CDE9049480460C4617466A
:10055400CDE90633089006E004A8FFF755FF079B92
:10056400002BC0F2AE8014F9011B002900F0A18019
:100574002529F1D10026234613F9011BA1F12302F9
:100584000D2A08D8DFE802F08007070707070707E6
:100594007C0784070778A1F13002D2B2092A4FF010
:1005A400000501D90EE0013305EB850501EB450596
:1005B40093F900101C46A1F13002D2B2092AA5F128
:1005C4003005F0D92E2900F080800022924694F95B
:1005D400001021F00403682B04F101045CD02529E8
:1005E400BAD05839CBB2202BB9D82029B7D801A317
:1005F40053F821F01D0700006305000063050000A7
:100604006305000063050000630500006305000046
:100614006305000063050000630500006305000036
:1006240039070000C10700006305000063050000EE
:100634006305000063050000630500006305000016
:100644006305000063050000630500006305000006
:1006540063050000A30700006305000063050000B4
:1006640067070000630500004D07000063050000F4
:10067400630500001D0700001C4646F002067AE7E9
:100684001C4646F0040676E71C4646F0080672E768
:100694001C4646F001066EE714F9011B21F0040321
:1006A400682B9CD114F9011B21F00403682B96D10B
:1006B400F2E7079B002B04DD069C002C40F0B2807F
:1006C400234418461BB0BDE8F08F94F901102A2981
:1006D40009D13B684FF0010A1A1D3A6094F90210DF
:1006E4001A68023475E7A1F13003DBB2092B4FF02D
:1006F400000204F1010400F2E18002EB820201EB4A
:10070400420214F9011F303AA1F13003DBB2092B84
:10071400F3D94FF0010A5CE71346102238680168E8
:100724000430CDE9005638600DEB0200FFF78CFE73
:10073400079B15E73B6804A81A1D93F900103A605B
:10074400FFF762FE079B0BE7386813460168043025
:10075400CDE900560A22386004A8FFF775FE079B0E
:10076400FEE63B68191D39601D68002D00F08D8080
:100774000132AE1815F9011B00293FF4F0AEBAF1AD
:10078400000F02D0B5423FF4EAAE04A8FFF73CFEE6
:10079400079B002BEEDA18461BB0BDE8F08F082348
:1007A400102200253868016804303860CDE900352E
:1007B4000DEB0200FFF748FE079BD1E63B684FF0C4
:1007C400010AD3F800B004333B608BEAEB73A3EB6C
:1007D400EB73092B09DD4A481946A0FB03C36329BF
:1007E4000AF1010A4FEAD303F6DC924538BF924678
:1007F4000DBB079900250B460029FFF662AFBBF13C
:10080400000F46DB730752D406F00303022B57D0C4
:10081400134659460A22CDE9005604A8FFF714FEF0
:10082400079B9DE62246494640460393FFF7D2FDC7
:10083400039B234445E7BBF1000F06F002031BDBD7
:10084400710719D4002B53D09AB1F3070FD510E0D8
:10085400202104A80392FFF7D7FD0799039A0029E2
:100864000B4605F1FF35FFF62CAF002DC4D0AA4589
:10087400EED307990B46BFE7013D0BB1002AF8D030
:10088400F107F6D4002DF2D1B3E74FF0000A1D4D65
:100894006EE72D2104A80392FFF7B6FD039ACBF16E
:1008A400000B079900290B46FFF60BAFACE72B2191
:1008B40004A80392FFF7A8FD039AF2E7924688E69C
:1008C400002AA5D1002DA3D0554517D9302104A85D
:1008D4000392FFF799FD0799013D00290B46FFF6A6
:1008E400F0AE039A002DEFD10029FFF6EAAE8FE7B0
:1008F400F007BCD5079B002B8ADAE2E60B46F3E748
:10090400CDCCCCCCB47900000EB400B582B003AB2E
:1009140053F8041B01AA0193FFF70EFE02B05DF821
:1009240004EB03B0704700BF022800D070470249AF
:10093400024804F08DBE00BF548D0000A0160020B4
:1009440038B504460B480D4604F034FB50B929462B
:100954000020FFF7D9FF224607490020FFF7D4FF04
:1009640000BE38BD054B064A06490020FFF7CCFF00
:10097400EDE700BFBC1B0020007A0000BC7900003A
:10098400DC8C0000E47900002DE9F04F002487B0EE
:1009940004A8049404F082FF9DF811009DF812301D
:1009A400AB4ACDE90030AB499DF813302046FFF740
:1009B400ABFFA9492046FFF7A7FFA84BA849A948C0
:1009C4001C8004F063FA002840F0D0810020A6497E
:1009D400FFF79AFFDFF8F882A44FA54DA54CDFF886
:1009E400F4B2DFF8F49298F80030002B46D14FF0BF
:1009F400FF322946386805F09FFD012803D0494697
:100A04001220FFF79DFF2A689379033B072BEAD84E
:100A1400DFE813F0B100F3006400960069009B0066
:100A2400390008009449937809789942DBD140F25F
:100A3400DC5193889BB28B42D5D0884B19888F4B5D
:100A440040291B78237000F07C814FF0000A8C4908
:100A5400142223788348C1E900AAC1E902AAC1F893
:100A640010A004F07DFC0646002840F0378185493B
:100A7400FFF74AFF98F80030002BB8D059461220EF
:100A8400FFF75EFFB3E77D49937809789942AAD1CD
:100A940040F2DC5193889BB28B42A4D0764B1B78F6
:100AA400237093681FFA83FCBCF1000F00F03081BF
:100AB4000023734A02E0634500F02A8112F8011B07
:100AC400D8B25E1C8842B3B2F5D000206E4B6F4A98
:100AD4006F49FFF719FF40F2DC562CE06D49002006
:100AE400FFF712FF7FE793899BB2FF2B40F2A180AF
:100AF400938903F47F43B3F5807F00F0FA809389F0
:100B040003F47F43B3F5007F7FF46DAF00226249A5
:100B1400544804F0ADFC0646002800F02381002070
:100B24005E4B5F4A5A49FFF7EFFE00205D4B574A80
:100B34005749FFF7E9FE30465B49FFF701FF52E7EB
:100B44005A490020FFF7E0FE4DE7938903F47F4301
:100B5400B3F5007F7FF447AF484B14221B78484914
:100B6400404804F0FDFB0646002840F0B780504999
:100B7400FFF7CAFE37E74FF0000A4E495046ADF87A
:100B84000EA0CDF814A0FFF7BFFE8A2235480DF160
:100B94000E0104F0BFFA0646002843D10123237056
:100BA4002378092B3FF61FAFDFF8B8A006E02378BF
:100BB4000133DBB223702378092B29D82278BDF8BE
:100BC4000E30D340DB07F2D5227805A9504604F055
:100BD40055FB23780646384900209DF81520FFF779
:100BE40093FE9DF91430002B9DF815300ADB002B81
:100BF400DDD12378214A1370D9E730490020FFF76B
:100C040083FEF0E6002BD2D123781B4A1370CEE783
:100C1400002E3FF4E8AE2A4B1C4A1D490020FFF782
:100C240073FE88E75046274B274A1949FFF76CFEA5
:100C3400F1E700210B4804F04BFC0646002854D091
:100C4400224B174A12490020FFF75EFE6DE700BFF2
:100C5400207A0000247A0000307C00003A01002051
:100C64006C8E0000BC1B0020047F00009C1600203A
:100C7400701600206E1600206D1600206C160020E1
:100C840088160020C88000000C800000208D000021
:100C9400E4790000A482000074160020A081000002
:100CA400EC8C0000FC810000C88200005C82000023
:100CB4001C820000807F0000C07F00008082000052
:100CC400E07F0000A07F0000008D00000081000094
:100CD4006F160020247F0000547F00002A4B2B4A0B
:100CE4002B490020FFF710FE25E72A49FFF70CFEE9
:100CF40079E6528A2849294892B204F089FB0646CB
:100D040060B3274B274A22490020FFF7FDFD0CE77B
:100D14004FF47A710A2004F0D3FD2B6822499A68B3
:100D24001E48237804F046FA064618B91F49FFF70F
:100D3400EBFD58E61E4B154A15490020FFF7E4FD6C
:100D4400F9E6937800221548114604F033FA064672
:100D54000028EFD11749FFF7D7FD44E61649FFF7FE
:100D6400D3FD40E61549FFF7CFFD3CE60546144B9D
:100D74002046144A0649FFF7C7FD2A462046124971
:100D8400FFF7C2FD00BE21E6AC800000208D00000C
:100D9400E47900002881000074160020BC1B0020A8
:100DA40050810000EC8C0000881600204080000078
:100DB400248000007880000074810000C481000059
:100DC400EC7E0000348D0000007A0000002300B5A2
:100DD400074A83B0019001A910681A4605F06CFA1D
:100DE400012802D00122034B1A7003B05DF804FB02
:100DF4009C1600206F16002008B5002204210A204A
:100E040005F0EEF9044B186000B108BD0146BDE8D9
:100E1400084000F005B800BF9C160020FFF7ECBFA7
:100E240000BE704738B5164C4FF0FF31206805F00E
:100E34003FFC012803D000212068FFF7F1FF114B8C
:100E44001A7802B138BD01221A70FFF7E7FF0E4D80
:100E54002B68013B2B60002BF4D0002320681A463A
:100E6400194605F029FA0128F2D000212068FFF77D
:100E7400D7FF2B68013B2B60002BEED138BD00BFA0
:100E8400B01B0020B41B0020B81B002038B5002381
:100E94000B4D0C4C01214FF480700B4A2B602370D6
:100EA40005F0CCF9094B186028B100F037F806F0CA
:100EB40091F8002038BD0146FFF7B2FFF5E700BF07
:100EC400B81B0020B41B0020681B0020B01B0020AE
:100ED400802330B4034D044C05600C60136030BCB7
:100EE400704700BF081B002008190020802330B47D
:100EF400034D044C05600C60136030BC704700BFA8
:100F0400A8180020A816002010B50446FFF78AFF91
:100F14002046BDE81040FFF737BD00BF30B50125BE
:100F24000C480D4C036883B0591901944FF4806246
:100F340001600A4B0A490B48009505F089FFA84255
:100F440001D103B030BD0021206803B0BDE83040BA
:100F5400FFF766BFB81B0020E01B0020688E00006E
:100F6400E88200000D0F000000BEFEE71EF0040F33
:100F74000CBFEFF30880EFF3098001490847000034
:100F8400151000000F4B1968EFF309821EF0100FC3
:100F940008BF22ED108A22E9F04FEFF30B8342F8E9
:100FA400043D0A604FF0100080F31188BFF34F8FA7
:100FB400BFF36F8F06F080F94FF0000080F31188C3
:100FC40000F002B820760020074801680A6802CAC7
:100FD40081F30B88B2E8F04F1EF0100F08BFB2EC9B
:100FE400108A82F3098870472076002010B5EFF349
:100FF4001184102383F3118806F04EF918B14FF0D1
:101004008052024B5A6084F3118810BD00ED00E059
:1010140008B5836913F8023C022B02D0032B04D8D1
:1010240008BDBDE80840FFF7CFBF4FF47E71024B07
:10103400024A034804F03CFCF4820000E88E0000FD
:101044000883000070B44FF080756FF00204094EFD
:10105400283122F0010240F80C6C40F8045C40F89E
:10106400244C40F8203C40F8082C70BC40F8481D43
:10107400704700BF6D0F000008B5EFF31181102316
:1010840083F311880A4A13680133012B136000D0DB
:1010940008BD084A084B11605B68C3F30803002BC2
:1010A400F6D040F2A441054B054A064804F000FC82
:1010B400E81B0020E41B002000ED00E0308300006A
:1010C400D48E000008830000094A08B513683BB1B8
:1010D400013B13601BB9074B1B6883F3118808BDE0
:1010E40040F2AD41044B054A054804F0E1FB00BF62
:1010F400E81B0020E41B002078830000C08E000061
:101104000883000080B3194B9A8990B2120409D461
:10111400BFF34F8F30BFBFF36F8F62B6BFF36F8FD4
:1011240072B670474AF202514FF0000CB3F8FE2336
:10113400A3F8FE1392B242F42542A3F80CC0A3F81C
:10114400FE23BFF34F8F30BFBFF36F8F62B6BFF381
:101154006F8F72B6B3F8FE23A3F8FE1392B242F473
:1011640025429881A3F8FE23704700BF00E00140A8
:1011740008B572B605F07CFF0120FFF7C3FF62B625
:10118400BDE8084005F07CBF0D4B0E4A1B68A2FB6E
:1011940003239B09013BB3F1807F00D370474FF0D9
:1011A400E0224FF0F00C0020072110B4064C5361EC
:1011B40084F823C05DF8044B90611161704700BF4F
:1011C4008C260020D34D621000ED00E0F02208B51B
:1011D4000B4B83F82220FFF7D7FF0A4A536B43F0E7
:1011E4004043536362B6BFF36F8FEFF3148C2CF05C
:1011F400040C8CF31488BFF36F8F02DF00BEFDE78D
:1012040000ED00E000EF00E008B5EFF30383103BCE
:101214001A0604D50E4BDB685B0511D408BD03F038
:10122400FF0202F1604303F5614393F800331B09A5
:10123400F0D140F20F61074B074A084804F038FB2D
:1012440040F22161064B044A044804F031FB00BF1C
:1012540000ED00E08C830000A08E000008830000F5
:10126400C483000010B5044631B900F00FFDC30576
:101274000AD54FF4807010BD00F080FD204600F0C8
:10128400C9FDC0F30A0010BD204600F033FD00F094
:101294007F0010BD2DE9F843424B90F824700446BA
:1012A40033F817300D469BB2022B46D000F08EFB6C
:1012B4002946204600F0C8FB2946204600F002FCDF
:1012C4002946204601F0D0FCDFF8E0904FEA85087B
:1012D400642607FB06F6A84406EB48064E44294656
:1012E400204600F04BFD2046718800F07BFD20462F
:1012F400F18800F0ABFD2046318900F0BFFD2046A7
:10130400002100F03BFD2946204600F05FFE2946FF
:10131400204601F095FC2946204600F0FBFD2946B5
:10132400204600F0FDFB2946204600F017FC294624
:101334002046BDE8F84300F02FBC1B4E56F82100B0
:1013440008B104F05BFD00232946204646F8253009
:1013540002F032FC06462946204694F8247000F038
:1013640035FB2946204600F06FFB013E2946204606
:1013740000F0A8FBB6B22946204601F075FC012E08
:10138400DFF828904FEA8508A2D8642307FB03F30B
:1013940005EB850203EB42034B445A8842F4806216
:1013A4005A8095E71C220020641C0020001C0020A9
:1013B40070B5344B90F82420054633F812300E46AD
:1013C4009BB2022B54D03146284601F04DFC3146E5
:1013D400284600F0FBFA3146284600F035FB31463A
:1013E400284600F06FFB48F22F034FF4004200211F
:1013F400284600F09FF90021284600F065F910F016
:101404002F04F0D13146284600F0B8FC2146284686
:1014140000F0E8FC2146284600F018FD2146284645
:1014240000F02CFD2146284600F0A8FC3146284651
:1014340000F0CCFD3146284601F002FC3146284636
:1014440000F068FD3146284600F06CFE314628461F
:1014540000F086FE3146284600F062FB31462846FD
:1014640000F07CFB31462846BDE8704000F094BB98
:10147400054C54F8210008B104F0C0FC002344F8E2
:101484002630A0E71C220020641C002070B5012235
:1014940006460D464FF6FF7400F0FEFD2946304621
:1014A40000F004FD013C10F0200FA4B200D170BD87
:1014B400002CF3D170BD00BFF8B50546164692B9AD
:1014C40041EA030444F4004748F22F033A4600215A
:1014D400284600F02FF90021284600F0F5F800F026
:1014E4002F008442F0D164240BE0284600F048F831
:1014F400013C284600F05EF8A4B20A2000F0A2FFE6
:1015040034B13146284600F099F98304EDD5F8BD8D
:10151400FF20F8BDAAB970B5044643EA010545F4B5
:101524000046324648F22F030021204600F002F91B
:101534000021204600F0C8F800F02F029542F0D1B7
:1015440070BD704770B504460D46164600F008FE9F
:1015540029462046324600F021FE29462046BDE8B1
:10156400704000F0C1BD00BF38B504460D4600F020
:10157400D9FD29462046BDE8384000F0F1BD00BF42
:10158400094B90F8242033F812309BB2022B01D07F
:10159400002070471AB9054B188880B27047044B75
:1015A400188880B2704700BF1C2200200000094048
:1015B40000000640094B90F8242033F812309BB207
:1015C400022B01D0002070471AB9054B988880B2CD
:1015D4007047044B988880B2704700BF1C220020DB
:1015E4000000094000000640094B90F8242033F81D
:1015F40012309BB2022B01D0002070471AB9054B60
:10160400188980B27047044B188980B2704700BFB4
:101614001C2200200000094000000640094B90F8FD
:10162400242033F812309BB2022B01D000207047E3
:101634000029FBD1012A0BBF034B044BD88A988A9B
:1016440080B270471C2200200000064000000940C0
:101654000C4B90F8240033F810309BB2022B0AD0C4
:1016640001290CD0022903D021B9074B9A82704773
:10167400054B9A8370470128FCD00129F2D1024B13
:101684001A8370471C220020000009400C4B90F87C
:10169400240033F810309BB2022B0AD001290CD05D
:1016A400022903D021B9074B1A757047054B1A77E5
:1016B40070470128FCD00129F2D1024B1A767047F9
:1016C4001C22002000000940134B90F8242033F81A
:1016D40012309BB2022B1CD1012912D0022907D14E
:1016E4000E490F4B012A08BF0B46188880B2704779
:1016F40079B90C490C4B012A08BF0B46188880B2F3
:1017040070470A490A4B012A08BF0B46188880B261
:10171400704700231B88FFDE1C2200202C0006409B
:101724002C00094020000640200009402800064003
:101734002800094010B4174C90F824C034F81C0059
:1017440080B2022822D1012919D0022906D11248D7
:101754001249BCF1010F08BF084606E0B1B91048B0
:101764001049BCF1010F08BF084601881A4089B22C
:1017740021EA030313435DF8044B038070470A48CE
:101784000A49BCF1010F08BF0846EEE700231B8895
:10179400FFDE00BF1C2200202C0009402C00064064
:1017A4002000094020000640280009402800064087
:1017B40010B41B4C90F8240034F810309BB2022B68
:1017C40004D101291AD0022924D0E9B1002134F826
:1017D40010309BB2022B02D05DF8044B70470B888B
:1017E40023F440631B041B0C0B80002AF4D00B88E9
:1017F4005DF8044B9BB213430B80704709490A4BB5
:10180400012808BF1946E2E70849094B012808BF27
:101814001946DCE70749084B012808BF1946D6E7F3
:101824001C2200202800094028000640200009400E
:10183400200006402C0009402C000640134B90F871
:10184400242033F812309BB2022B1CD1012912D070
:10185400022907D10E490F4B012A08BF0B461888ED
:1018640080B2704779B90C490C4B012A08BF0B466A
:10187400188880B270470A490A4B012A08BF0B46F0
:10188400188880B2704700231B88FFDE1C220020CA
:101894002E0006402E000940220006402200094086
:1018A4002A0006402A000940144B90F8242033F8FB
:1018B40012309BB2022B1DD1012915D0022905D16A
:1018C4000F49104B012A08BF194605E091B90E498A
:1018D4000E4B012A08BF19460B886FEA43436FEA8F
:1018E40053439BB20B80704709490A4B012A08BF36
:1018F4001946F1E700231B88FFDE00BF1C220020ED
:101904002E0009402E000640220009402200064015
:101914002A0009402A000640154B90F8242033F889
:1019240012309BB2022B1FD1012914D0022908D1F5
:10193400104B1149012A08BF0B464FF480421A800C
:10194400704789B90D4B0E49012A08BF0B464FF465
:1019540080421A8070470B4B0B49012A08BF0B4683
:101964004FF480421A80704700231B80FFDE00BFC3
:101974001C2200202E0009402E00064022000940AF
:10198400220006402A0009402A0006400C4B90F829
:10199400242033F812309BB2022B00D0704701236D
:1019A4008B409BB22AB90749CA8E92B21343CB86A5
:1019B40070470549CA8E92B21343CB86704700BF65
:1019C4001C22002000000940000006400B4B90F848
:1019D400242033F812309BB2022B00D0704701232D
:1019E4008B40DB439BB222B9054AD18E0B40D38690
:1019F4007047044AD18E0B40D38670471C220020C6
:101A040000000940000006400C4B90F8242033F8F5
:101A140012309BB2022B00D0704701238B409BB243
:101A24002AB907490A8F92B213430B8770470549B5
:101A34000A8F92B213430B87704700BF1C22002009
:101A440000000940000006400B4B90F8242033F8B6
:101A540012309BB2022B00D0704701238B40DB4332
:101A64009BB222B9054A118F0B4013877047044A71
:101A7400118F0B40138770471C220020000009407F
:101A8400000006400C4B90F8242033F812309BB22F
:101A9400022B00D07047002AFCD1012310B4074C5C
:101AA400074824F81120428F8B4013439BB25DF802
:101AB400044B4387704700BF1C220020F01B00200A
:101AC400000009400B4B90F8242033F812309BB2ED
:101AD400022B00D0704701238B40DB439BB222B919
:101AE400054A518F0B4053877047044A518F0B406E
:101AF400538770471C220020000009400000064064
:101B040020B9054BB3F8400080B27047034BB3F8DB
:101B1400400080B2704700BF00000940000006404A
:101B24000B4B90F8242033F812309BB2022B00D0D8
:101B3400704701238B40DB43C3F309031AB9054AF9
:101B4400A2F846307047044AA2F84630704700BFF6
:101B54001C22002000000940000006400B4B90F8B6
:101B6400242033F812309BB2022B00D0704701239B
:101B74008B40DB43C3F309031AB9054AA2F8483082
:101B84007047044AA2F84830704700BF1C22002066
:101B940000000940000006400B4B90F8242033F865
:101BA40012309BB2022B00D0704701238B40DB43E1
:101BB400C3F309031AB9054AA2F84A307047044A24
:101BC400A2F84A30704700BF1C22002000000940E0
:101BD400000006400A4B90F8242033F812309BB2E0
:101BE400022B01D00020704722B9064BB3F84C00F9
:101BF40080B27047044BB3F84C0080B2704700BF0A
:101C04001C220020000009400000064020B9054BBA
:101C1400B3F8540080B27047034BB3F8540080B259
:101C2400704700BF000009400000064020B9054B82
:101C3400B3F8560080B27047034BB3F8560080B235
:101C4400704700BF000009400000064020B9054B62
:101C5400B3F8580080B27047034BB3F8580080B211
:101C6400704700BF000009400000064020B9054B42
:101C7400B3F85A0080B27047034BB3F85A0080B2ED
:101C8400704700BF00000940000006400A4B90F86E
:101C9400242033F812309BB2022B01D0002070476D
:101CA40022B9064BB3F85C0080B27047044BB3F81A
:101CB4005C0080B2704700BF1C2200200000094075
:101CC40000000640084B90F8242033F812309BB2F1
:101CD400022B00D070471AB9044BA3F85C1070476C
:101CE400034BA3F85C1070471C220020000009403D
:101CF400000006400A4B90F8242033F812309BB2BF
:101D0400022B01D00020704722B9064BB3F85E00C5
:101D140080B27047044BB3F85E0080B2704700BFD6
:101D24001C2200200000094000000640084B90F8E7
:101D3400242033F812309BB2022B00D070471AB91A
:101D4400044BA3F85E107047034BA3F85E10704772
:101D54001C220020000009400000064020B9054B69
:101D6400B3F8600080B27047034BB3F8600080B2F0
:101D7400704700BF0000094000000640084B90F87F
:101D8400242033F812309BB2022B00D070471AB9CA
:101D9400044BA3F864107047034BA3F86410704716
:101DA4001C22002000000940000006400A4B90F865
:101DB400242033F812309BB2022B01D0002070474C
:101DC40022B9064BB3F8680080B27047044BB3F8ED
:101DD400680080B2704700BF1C2200200000094048
:101DE40000000640084B90F8242033F812309BB2D0
:101DF400022B00D070471AB9044BA3F8681070473F
:101E0400034BA3F8681070471C220020000009400F
:101E1400000006400A4B90F8242033F812309BB29D
:101E2400022B01D00020704722B9064BB3F86C0096
:101E340080B27047044BB3F86C0080B2704700BFA7
:101E44001C2200200000094000000640084B90F8C6
:101E5400242033F812309BB2022B00D070471AB9F9
:101E6400044BA3F86C107047034BA3F86C10704735
:101E74001C2200200000094000000640084B90F896
:101E8400242033F812309BB2022B00D070471AB9C9
:101E9400044BA3F86E107047034BA3F86E10704701
:101EA4001C22002000000940000006404FF0000CF6
:101EB400134B90F8242082B0ADF806C033F81230EA
:101EC4009BB2022B04D0BDF8060080B202B070476A
:101ED40062B181B10B4B03EB41031B889BB2ADF89C
:101EE4000630BDF8060080B202B0704729B1064B37
:101EF40003EB4103F1E7054BEFE7054BEDE700BFCB
:101F04001C2200206E0006406E000940600006405E
:101F1400600009400A4B90F8242033F812309BB239
:101F2400022B00D0704749003AB1064A0A4413888C
:101F34009BB243F4005313807047034A0A44F6E704
:101F44001C2200206E0006406E0009400D4B90F8E4
:101F5400242033F812309BB2022B00D0704742B9D0
:101F6400094A32F811309BB243F4007322F811305D
:101F74007047064A32F811309BB243F4007322F8DA
:101F8400113070471C2200206E0009406E0006408C
:101F94000B4B90F8242033F812309BB2022B00D064
:101FA4007047490042B1074A0A44138823F4007376
:101FB4001B041B0C13807047034A0A44F5E700BF57
:101FC4001C2200206E0006406E000940174B90F85A
:101FD400242033F812309BB2022B00D070474AB948
:101FE400D9B9134AB2F860309BB243F48073A2F8B3
:101FF4006030704741B90F4AB2F860309BB243F485
:102004008073A2F8603070470B4A32F811309BB2EB
:1020140043F4807322F81130E0E7084A32F81130B3
:102024009BB243F4807322F8113070471C220020C5
:1020340000000940000006406E0006406E000940A2
:10204400104B90F8240033F810309BB2022B00D0D0
:10205400704770B191B10C4B03EB41010B8823F035
:1020640003031B041B0C0B800B889BB213430B80D4
:10207400704729B1054B03EB4101EFE70449EDE754
:102084000449EBE71C2200206E0006406E00094064
:1020940060000640600009400E4B90F8240033F8BD
:1020A40010309BB2022B00D0704748B169B10A4B83
:1020B40003EB41010B889BB223EA02030B807047B8
:1020C40029B1064B03EB4101F4E70549F2E7054961
:1020D400F0E700BF1C2200206E0006406E0009409D
:1020E40060000640600009400B4B90F8242033F850
:1020F40012309BB2022B00D07047013989003AB1EB
:10210400064A0A4413889BB243F400731380704751
:10211400034A0A44F6E700BF1C2200209000064050
:10212400900009400B4B90F8242033F812309BB2F6
:10213400022B00D070470139890042B1064A0A4493
:10214400138823F400731B041B0C13807047034A89
:102154000A44F5E71C220020900006409000094044
:102164000B4B90F8242033F812309BB2022B00D092
:102174007047013989003AB1064A0A4413889BB270
:1021840043F4807313807047034A0A44F6E700BFA0
:102194001C2200209000064090000940094B90F852
:1021A400240033F810309BB2022B00D07047013961
:1021B400890018B1044B0B441A807047034B0B443D
:1021C400FAE700BF1C22002092000640920009405A
:1021D400704700BF704700BF0B4B5A6878B91105B0
:1021E4000FD5EFF31081012282F310885A6822F48C
:1021F40000625A605B6881F3108800207047D20443
:10220400EFD440F2DD5070470040084000283BD135
:1022140080223D4B1881A3F86020A3F87000A3F836
:102224007200A3F87400A3F87600A3F87800A3F86A
:102234007A00A3F87C00A3F87E00A3F88000D88677
:102244001887588718865886A3F84600A3F84800CC
:10225400A3F84A001A88002022F010021204120C7B
:102264001A801A8822F020021204120C1A801A888A
:1022740022F040021204120C1A801A8822F0010281
:102284001204120C1A807047002280211F4B002078
:102294001A81A3F86010A3F87020A3F87220A3F8A1
:1022A4007420A3F87620A3F87820A3F87A20A3F862
:1022B4007C20A3F87E20A3F88020DA861A875A8728
:1022C4001A865A86A3F84620A3F84820A3F84A2081
:1022D400198821F010010904090C1980198821F0CA
:1022E40020010904090C1980198821F0400109040E
:1022F400090C1980198821F001010904090C1980BD
:10230400A3F80221704700BF000009400000064006
:1023140010B50446FFF77AFFA4B9104B5A681105AB
:1023240015D45A68120515D4EFF31081012282F3F3
:1023340010885A6842F400625A605B6881F310881E
:10234400002010BD012CFBD040F2E25010BD40F241
:10235400DC5010BD4FF4BC6010BD00BF004008400D
:1023640090B910B4344BD3F8002460F30412C3F8CA
:10237400002491F90D30002B31DA91F90C30002B47
:1023840003DA5DF8044B70477047CA7C03F1604080
:1023940012012A4CD2B200F5614080F80023284A89
:1023A40003F1C00044F8231052F8201021F48031C6
:1023B40042F8201052F82020BFF35F8F01215A0900
:1023C400920003F01F0302F1604202F5614201FA38
:1023D40003F3C2F8803113605DF8044B70470A7D43
:1023E40003F1604C1201154CD2B20CF5614C8CF81F
:1023F4000023134A03F1C00C44F8231052F82C4074
:1024040060F3104442F82C4052F82C20BFF35F8F45
:1024140001205A09920003F01F0302F1604202F501
:10242400614200FA03F3C2F88031136091F90C3071
:10243400002BA6DBA9E700BF000009407826002096
:1024440000600040012103F03BBA00BF04F0EEBE7F
:10245400EFF30383103B094A5BB2C03352F82310F5
:1024640021F4803142F8231052F82330044B1B88A6
:102474009BB2012B00D1704701F0FEBA006000400E
:102484001C220020EFF30383103B094A5BB203F1E3
:10249400C00152F8210020F4803042F8210052F8A3
:1024A4002120044A52F82330987800F0A1BA00BFE2
:1024B4000060004078260020012A0CBF7B4B7C4B37
:1024C4002DE9F043B3F840E00446B3F84660B3F8AE
:1024D4004870B3F84A80B3F830C0D88E1D8F5B8F34
:1024E4001FFA85F99DB200231FFA8EFEBEF1FF0F7D
:1024F400238083B0B6B2BFB21FFA88F81FFA8CFCEF
:1025040080B20B800ED90EEA0C0313F4804F0CD06A
:10251400012A4BF6FF720CBF644B654BA3F84020B5
:102524001223238003B0BDE8F08313F4004F0DD1D0
:1025340013F4005F17D0012A4DF6FF720CBF5B4BFA
:102544005B4BA3F8402013232380EBE7012A47F6D3
:10255400FF720CBF554B564BA3F840201123238028
:1025640003B0BDE8F08313F4805F12D1304013F45C
:1025740080761BD010F0010F18D0012A40F2FE32F1
:102584000CBF4A4B4A4BA3F84620012323800B80FF
:10259400C8E7012A4EF6FF720CBF444B444BA3F824
:1025A400402014232380A1F800E0BBE713F4806CDF
:1025B40008EA05050FD015F0010F0CD0012A40F2EE
:1025C400FE320CBF394B3A4BA3F84A2002220123B6
:1025D40022800B80A6E713F4007F11D007EA0907D5
:1025E40017F0010F4DD0012A40F2FE320CBF2F4BE1
:1025F4002F4BA3F848200322012322800B8091E76C
:102604001F051DD47EB9BCF1000F8BD0EB43012A0A
:102614000CBF264A264AC3F30903A2F84A30022310
:1026240023800D807EE7C343012A0CBF1F4A204A42
:10263400C3F30903A2F8463001232380088071E71D
:10264400104601910092FFF75BFA0199009A088005
:102654004FF2FF70012A0CBF144B154BA3F8400036
:10266400152323800B8803F00703062B7FF45AAF4E
:102674001046009100F0CCF90023009923800B80D0
:1026840050E71B05DCD4002ECDD1BCF1000FBDD129
:10269400FB43012A0CBF054A054AC3F30903A2F808
:1026A4004830032323800F803CE700BF000006402E
:1026B4000000094010B5044600F0AAF92046FFF7CF
:1026C400A5FA0246094B20461A80FFF7AFFA0246E4
:1026D400074B20461A80FFF7B9FA0246054B2046FD
:1026E4001A80FFF7C3FA044B188010BD801D002028
:1026F4007E1D00207C1D00207A1D002008B590F866
:102704002400FFF7FDF900F07000A0F13000B0FAEA
:1027140080F0400908BD00BFFF220F4B70B51B8835
:102724000E4D012B2A8000D070BD044600F050F9F4
:102734002046FFF7E5F910F4804606D14306F3D5A9
:10274400204600F01DF92E8070BDD52320462B8035
:10275400BDE8704000F04CB9CE1D0020CC1D002017
:10276400704700BF10B5044690F8240000F040F90B
:1027740094F82400BDE8104000F02AB90B46022268
:1027840001461846FFF75CBC02220021FFF758BC43
:102794002DE9F041450880460F4614461E4623D0D5
:1027A40002EB450534F8022B39463046FEF750FF5C
:1027B400AC42F7D118F0010F02D12846BDE8F081F0
:1027C400394630460022FEF7F3FF15F8012B39464F
:1027D4003046FEF75BFF30464FF480623946FEF721
:1027E400E7FF2846BDE8F0811546E3E72DE9F0410F
:1027F400450880460F4614461E4618D002EB450590
:1028040039463046FEF70AFF24F8020BAC42F7D1F2
:1028140018F0010F02D12846BDE8F0813946304650
:10282400FEF7FCFE05F8010B2846BDE8F0811546CD
:10283400EEE700BF2DE9F041154604460F46014678
:102844001046FEF723FE21462846FFF7BFF821462F
:102854002846FFF7F9F821462846FFF733F92146C1
:102864002846FEF781FE00212846FEF72DFF00F0E2
:102874000F0084422DD021462846DFF8688000F0FE
:10288400DFF921462846FFF745FB58F82460F6B1E6
:10289400134B214653F82430284633613785FFF71C
:1028A40005FB708558F82400436823B100221146C3
:1028B400984758F8240003F0A1FA002348F824307C
:1028C400214695F82400BDE8F04100F07BBBBDE84B
:1028D400F081002328461A461946FEF71BFECAE774
:1028E400A41C0020641C002010B5064C238803B9E6
:1028F40010BDFFF76DFC6420FFF7A4FD00232380C7
:1029040010BD00BFEC1B002010B5064C238803B992
:1029140010BDFFF75DFC6420FFF794FD00232380C6
:1029240010BD00BFEC1B00200122024B1A80FFF7F0
:1029340051BC00BFEC1B002030B9074A13889BB27E
:1029440043F0100313807047044A13889BB243F08A
:1029540010031380704700BF0000094000000640C8
:1029640038B9054A138823F010031B041B0C138089
:102974007047024AF6E700BF000009400000064025
:1029840030B9074A13899BB243F4807313817047AB
:10299400044A13899BB243F480731381704700BFC8
:1029A400000009400000064030B9074A138E9BB26C
:1029B40043F4804313867047044A138E9BB243F456
:1029C40080431386704700BF0000094000000640A2
:1029D40038B9054A138E23F480431B041B0C138659
:1029E4007047024AF6E700BF0000094000000640B5
:1029F4004BF6FF7218B9044BA3F840207047034B01
:102A0400A3F84020704700BF0000094000000640C2
:102A14004FF6F77218B9044BA3F840207047034BE4
:102A2400A3F84020704700BF0000094000000640A2
:102A340040B9094AB2F860309BB243F00403A2F8EB
:102A440060307047054AB2F860309BB243F004032B
:102A5400A2F86030704700BF000009400000064043
:102A6400D8B90E4B1A8892B242F480621A801A883E
:102A74005205FCD54FF480614FF41D401A8822F0B2
:102A840020021204120C1A801A8892B242F0010237
:102A94001A801984198599851886704700000940A1
:102AA40088B90C4AB2F8603023F003031B041B0CF2
:102AB400A2F86030B2F860309BB231B943F0010340
:102AC400A2F860307047044AECE743F00203A2F82E
:102AD400603070470000094000000640104B90F839
:102AE40000C033F81C309BB2022B01D00020704789
:102AF4000C4B1B88012B10D000B54FF0010E93B086
:102B0400094B104601AA8DF828C0A3F800E000F094
:102B1400E9FA002013B05DF804FBD520704700BF2C
:102B24001C220020781D0020761D002030B5214B8A
:102B3400044600789BB033F810308DF848009BB2FF
:102B4400022B02D000201BB030BD0D4661B11A4BE0
:102B54001B88012B28D00124184B2946104609AAAA
:102B64001C8000F07BFAEDE7002AF0D1A38809A8C5
:102B7400E3B1FFF709FE00239425217803AA0C345E
:102B84008DF80010029394E80300ADF8043082E855
:102B940003008DF8035004F0F7FC0346694608204F
:102BA400059300F07DF8CDE7D520CCE700F056F88A
:102BB400E1E700BF1C220020781D0020761D0020C4
:102BC400072900D97047FEF71FBF00BF072901D9A5
:102BD4000020704708B5FFF769F900F0030008BD4D
:102BE40007290FD810B541B10446FFF7C7F82046AE
:102BF400FFF710F9C0F30A0010BDFFF77BF8C0F32C
:102C04000A0010BD00207047072901D90020704731
:102C140010B50446FFF7B2F82046FFF7C7F800F0F6
:102C2400100010BD072901D90020704710B50446D3
:102C3400FFF7A4F82046FFF7B9F800F4404010BDB0
:102C4400072900D9704738B50C460546FFF77EF9C9
:102C540021462846BDE83840FFF79AB9072900D92C
:102C640070470122FFF7ECB9072900D9704738B53E
:102C74000C460546FEF70AFC21462846BDE83840C6
:102C84000222FFF709BA00BF08B5FEF7ADFC00F059
:102C94000700431E022B8CBF0020800108BD00BF2B
:102CA4002DE9F0478E46364DDFF8E4A0B5F80080F4
:102CB400887108EBC80C0AEB8C0C0F46441EBEE866
:102CC4000F00ACE80F00BEE80F00ACE80F00DEF820
:102CD400003046464FEAC809CCF800300C2C14D812
:102CE400DFE804F00713071F1F0707342727070728
:102CF400070039780022234B09EB080053F82130F0
:102D04000AEB8000114698472E881F4B721CA3FBC8
:102D14000213DB0803EB8303A2EB43022A80BDE822
:102D2400F0873978194B33F811309BB2012BE1D17C
:102D3400EBE73A78134B09EB080053F82230796932
:102D440000220AEB800098472E88DEE739780F4B83
:102D540033F811309BB2012BD7D00A4B7A8A09EB96
:102D6400080053F821300AEB80001AB9114698473D
:102D74002E88CAE70022796998472E88C5E700BFE4
:102D8400C41C0020C8240020CDCCCCCC1C220020A4
:102D9400CC24002030B5037883B0012B1FD11D4C07
:102DA40004F11405002204210A2003F019FA44F85E
:102DB400040B88B1AC42F5D1174C04F1280500226C
:102DC40004210A2003F00CFA44F8040B20B1AC42AD
:102DD400F5D1002003B030BD022003B030BD002285
:102DE40004210A2003F0FCF90C4B186078B1042488
:102DF4000B48002301904FF400720A490A480094DA
:102E040004F026F80128CAD0032003B030BD012005
:102E140003B030BDF01C0020C81C0020201D002081
:102E2400301D0020F0830000AD32000038B5114B96
:102E340033F810309BB2012B07D00F4B186804F005
:102E440037F80E4B186803F0DDFC0D4C04F1140543
:102E540054F8040B03F0D6FCAC42F9D1094C04F14C
:102E6400280554F8040B03F0CDFCA542F9D1002049
:102E740038BD00BF1C220020301D0020201D002072
:102E8400F01C0020C81C0020B9B138B5002540F65C
:102E9400B833AA4208BF1A46094B0D6053F82030D4
:102EA4000C46186803F048FB012801D0FF2038BD08
:102EB4002368002BFAD0284638BDFF20704700BF96
:102EC4003C01002000B583B0019151B10023094AAF
:102ED40001A952F8202010681A4603F0EDF90128E0
:102EE40003D0FF2003B05DF804FB002003B05DF8BD
:102EF40004FB00BF3C010020002300B585B0019114
:102F0400039349B10D4A52F8201003AA086801A995
:102F140003F09EFA012803D0FF2005B05DF804FBFE
:102F2400039B3BB14FF08052054B5A60BFF34F8F68
:102F3400BFF36F8F002005B05DF804FB3C01002057
:102F440000ED00E030B50C4683B090F8245002F058
:102F540055FF231F052B11D805EB850304EB430410
:102F6400074D03E0019848B102F048FF002255F8EC
:102F7400240001A903F0E0FA0128F3D003B030BD26
:102F8400C81C002070B50E4682B090F8244002F0B0
:102F940035FF731E042B10D804EB8404084D34440D
:102FA40003E0019848B102F029FF002255F82400FB
:102FB40001A903F0C1FA0128F3D002B070BD00BF2B
:102FC400F01C00200B1F052B00D9704710B500EB37
:102FD4008003124A01EB430182B0044652F82100F7
:102FE400002201A903F0A8FA012801D002B010BD03
:102FF400019B002BFAD00A4A002332F81420094C12
:1030040092B2012A18BF052054F820001A4601A9DB
:10301400006803F051F902B010BD00BFC81C0020C5
:103024001C2200203C01002010B50B1F82B0052B90
:1030340001900ED88C46002390F82400064C00EB37
:1030440080000CEB400C1A4654F82C0001A903F044
:1030540033F902B010BD00BFC81C002070B50125B3
:10306400144600221C4B1D801C4B18601C48202356
:10307400016011462046FEF74DFA00212046FEF776
:103084004BFC00212046FEF787FD0021224608461E
:1030940000F0C8FD0128054613D020F00206B6B2A0
:1030A4000EB1284670BD31462046FEF7EBFC314692
:1030B4002046FFF785FD20463146FFF7CFFD284621
:1030C40070BD20460021FFF77BFD20460021FFF75D
:1030D400C5FD284670BD00BF781D0020A41C00203B
:1030E400841C00204FF0010C10B5104C0023A4F8F0
:1030F40000C014460E4A10600E481A460160194674
:103104002046FEF707FA20460021FEF705FC20467C
:103114000021FEF73BFC20460021FFF751FD20462D
:10312400BDE810400021FFF799BD00BF781D0020C5
:10313400A41C0020841C002070B500250C46064603
:10314400194A1A4B2946204615801D80FEF7BAFC01
:1031540029462046FEF73AFC29462046FEF774FC31
:1031640094F824302946012B0CBF4FF400624FF42D
:1031740080622046FEF71CFB26F00203052B07D0D5
:10318400082E0AD094F82400BDE87040FFF750BC24
:103194002046BDE87040FFF7F7BA2046BDE870400E
:1031A4000021FEF773B900BF781D0020761D0020B2
:1031B400704700BF704700BF03464FF0010C00B5D5
:1031C400074A8BB093F82430032001A9A2F800C069
:1031D4008DF80430FFF764FD0BB05DF804FB00BF0D
:1031E400741D0020034600B58BB093F824300420EE
:1031F40001A98DF80430FFF753FD0BB05DF804FB13
:10320400034600B58BB093F82420DB69052001A99F
:103214008DF804200693FFF743FD0BB05DF804FB23
:10322400704700BF094B1A88012A00D0704700225A
:1032340000B58BB090F824C001A906208DF804C015
:103244001A80FFF72DFD0BB05DF804FB741D002000
:1032540038B50446458CFFF751FA01280AD02946AF
:1032640020461DB1FFF76EFE002038BDFFF78AFE31
:10327400002038BD0B4B294653F8252020461AB1AF
:10328400FFF7D2FE002038BD43F82540FFF7BCFC11
:1032940018B9284600F04CFDE6E7284600F094FCF7
:1032A400E2E700BF641C00202DE9F04F824EDFF8F6
:1032B4001882824FDFF814A2DFF8149283B04FF41F
:1032C4007A72052001A9FFF7DFFD0028F7D16FF41A
:1032D400A872019C238C1344042BF0D801A252F849
:1032E40023F000BF253300001D330000113300001C
:1032F400C3320000FD32000094F82400FFF704FB01
:10330400019B93F82400FFF707FAD8E72246082127
:10331400608CFFF78FFAD2E72046FFF799FFCEE7DC
:10332400638C218D013B142BC9D801A252F823F0E0
:10333400E9330000E1330000D9330000C332000058
:10334400C3320000C3320000C3320000C3320000A5
:10335400C3320000C3320000C3320000C332000095
:10336400C3320000C3320000C3320000C332000085
:10337400C5330000B1330000C33200009B330000AA
:103384008933000001F00705052D33D8DFE805F087
:10339400672E322E322E01F07003402B5BD053D8AF
:1033A400102B8CD1204600F085FF88E7736A1BB18F
:1033B40000222046114698472046FFF7D3F97EE7BE
:1033C40094F8240001F012F84028204654D000F06C
:1033D4009BFF74E7204600F025FB70E7204600F0D1
:1033E40027FB6CE7204600F0EDFA68E794F8240028
:1033F400FFF760F9B8F8002012F0600F07D1691EDA
:10340400052950D8DFE801F04B47433F3B4F0023E9
:103414002B49B9F800C008881946BAF800E062F3ED
:103424000F036CF30F01D6F82CB06EF31F4360F357
:103434001F413B607960BBF1000F3FF440AF22466F
:1034440029461E48D8473AE7602B04D001F05001C2
:1034540050297FF434AF204600F092FF2FE7194B38
:103464001B88012B24D0B8F8002012F0600FCED1B5
:10347400204601F057F822E700F03AFF1FE7204604
:1034840001F0DCF91BE7204601F0DAFB17E72046E0
:1034940001F0D2F913E7204601F070FB0FE7204654
:1034A40001F080F80BE721460720FFF745FE06E709
:1034B4002046FFF755F9D6E7401D0020381D0020AF
:1034C4007A1D0020C81D0020801D00207E1D0020C4
:1034D4007C1D0020002110B4054C064B21804FF4C4
:1034E400FF7205485DF8044B198004F045BA00BF2B
:1034F400E21F0020CE1D0020E41D00208446044B62
:103504004FF4FF7200210348A3F800C004F034BA5A
:10351400E21F0020E41D00204FF0FF104FF0FF11C8
:10352400044B03F12002E3E802019A42C3E90601D5
:10353400F9D17047881D0020014B9B6818797047AA
:10354400401D002030B5104B9B6893F802E0D978F9
:103554001A784EEA012E7245134412D20546002011
:10356400197893F801C00A44BCF1040F1C4692B2C6
:103574000B4403D1A178A94208BFE0789645EFD85F
:1035840030BD002030BD00BF401D00202DE9F041BA
:10359400264B9B68DC7893F802E01A780EEB042E35
:1035A4001FFA8EFE7245134437D20025204E2F4653
:1035B4002C461DE0BCF1050F13D1AC4211D293F897
:1035C40002C093F902800CF00F0C4FEAD8780CEB90
:1035D400081C07EB04085FFA88F8013426F81C80FD
:1035E400A4B293F800C0624492B27245634414D208
:1035F40093F801C0BCF1040FDCD193F8028093F876
:1036040004C080450BD0BC441FFA8CF793F800C06B
:103614006244D2B272456344EAD3BDE8F08193F8C0
:1036240003808845EFD16546F0E700BF401D0020C8
:10363400881D0020044B188820B1044B9B68D8795E
:10364400C0F34010704700BFE21F0020401D00205F
:10365400024B9B68D879C0F380107047401D00204E
:10366400072800D9704738B50446154600F0A4FB76
:10367400032815D80138022822D8DFE800F0030215
:103684000A0038BD2A462046BDE83840042100F02F
:1036940011BC2A462046BDE838400521FFF7CAB8C8
:1036A400FF2806D12A462046BDE838401521FFF7F9
:1036B400C1B82A462046BDE838400721FFF7BAB80A
:1036C4002A462046BDE83840032100F0F3BB00BF82
:1036D400072800D9704770B504460E4615460146C2
:1036E4001046FEF773F92A463146204600F09AFA4E
:1036F400022813D008D9FF281AD12A462046BDE84B
:1037040070401521FFF796B821462846FEF7BAF90E
:1037140021462846BDE87040FFF752BA21462846A4
:10372400FEF734F921462846BDE87040FFF748BA51
:103734002A462046BDE870400721FFF77BB800BF4A
:1037440038B5438CD3B1044600224FF4A973442006
:103754002260238402F076FA054678B12146442299
:1037640004F012F903F010FF034629460520EB612B
:10377400FFF7A8FB044620B9204638BDFF242046A5
:1037840038BD284602F03AFB204638BD0021084BDC
:10379400084A0948C3E90522C3E90722C3E9092203
:1037A400C3E90011C3E90211D8621961704700BF6F
:1037B400401D0020B5310000B93100004A68134BA8
:1037C4002DE9F041D2E9000118609068DFF85080DB
:1037D400002908BF01469960D168DFF848E05960C4
:1037E4001169127DDFF840C0094F0A4E0A4D0B4C97
:1037F40083F83020C3E9058EC3E907C7C3E9096527
:10380400D8601961DC62BDE8F08100BF401D002072
:10381400E93100000532000025320000A14D00000E
:103824009D380000BD310000293200002DE9F04729
:10383400047894422AD20646174698464FF0000A66
:103844004FF0FF0911E0BCF1050F08D15246414683
:10385400284600F0F9FB002818BF4FF0000995F83E
:1038640000C06444A4B2A7420DD9351995F801C02B
:10387400BCF1040FE7D195F800C095F805A06444A5
:10388400A4B2A742F1D84846BDE8F0874FF0FF093B
:103894004846BDE8F08700BFF0B5214B05461A88BD
:1038A4000C46012A8BB028D01E4BC02C9A6819D024
:1038B40072B302215170DB680BB1072159701746AE
:1038C400FB78BE7895F8240006EB0326B6B200F028
:1038D40071FC2B463246214638460BB0BDE8F04019
:1038E400FFF7A4BFDF68CAB107215170DB680BB1D1
:1038F40002225A70002FE3D1FEE7002290F8241030
:1039040006208DF8041001A91A80FFF7C9F9CBE746
:10391400DB68002BF0D007225A70EDE73B46E6E760
:10392400741D0020401D00208A2310B58AB004694C
:103934008DF80730C368418C1B1B0393038DC26948
:10394400042B8DF80610069216D0052B11D040F2E8
:10395400DC52032B0CBF0023134690F8242001A94A
:103964000920ADF808308DF80420FFF799F90AB062
:1039740010BD40F2DF53F0E740F2DE53EDE700BF45
:1039840003464FF08A0C00B5B3F828E040F2DC524D
:10399400BEF1010F08BF00228BB08DF807C0B3F849
:1039A40022C00A208DF806C093F824C0DB6901A95F
:1039B4008DF804C00693ADF80820FFF771F90BB039
:1039C4005DF804FBCB0711D50021024610B504466F
:1039D400084600F0F1F9032810D019D8022807D1BD
:1039E4002046BDE810400021FFF738B900F068BA5E
:1039F4002046BDE810400021FDF7E8BF2046002125
:103A0400FDF78AFF2146BDE810400520FFF794BB6F
:103A1400FF2805D12146BDE810400720FFF78CBBE5
:103A240010BD00BFCB0700D5704700F077BA00BFC8
:103A3400CB0711D50021024610B50446084600F014
:103A4400F1F8022810D009D9FF2813D12146BDE886
:103A540010400720FFF770BB00F08CBA2046BDE889
:103A640010400021FEF72EB82046BDE8104000218A
:103A7400FFF7F4B810BD00BF184A70B51688731C60
:103A840003F0070313803401EFF30383144A103B5C
:103A94005BB252F82350A878FEF726FF40F2511289
:103AA4001048A31900EB83042284AA789B0084F8AD
:103AB400242003F13801D5E90965465001444D60DD
:103AC40003F12801223301441844FEF7F5FC214692
:103AD400BDE870400520FFF70FBA00BFE41F0020C7
:103AE40078260020E81F00202DE9F0411546044601
:103AF400884601461046FDF7C9FC21462846FDF7D5
:103B040065FF21462846FDF79FFF174E21462846AC
:103B1400FDF7D8FF21462846FDF726FD56F8247008
:103B2400FFB1124B214653F8243028463B61A7F8D5
:103B34002880FEF7BBF90022788556F82400114648
:103B440043684484984756F8240002F057F9002348
:103B540046F82430214695F82400BDE8F041FFF7EB
:103B640031BABDE8F08100BF641C0020A41C002011
:103B740091F824100F4B01EB810101EB810103EB60
:103B84008103C10801F0100100F00F000422084372
:103B940004E001320A2A03F10A0309D0198D01292C
:103BA400F7D1598D01F01F018842F2D190B27047CC
:103BB400FF207047001C00200020704708B5FDF767
:103BC400DFFCC0F3C01008BD072800D9704770B5EA
:103BD4000446114B014653F8205028462E69FDF740
:103BE40055FC0E4A0E4B42F82460AA68214628462A
:103BF40043F82420FDF7D0FF21462846FDF790FF27
:103C040020462A460021FFF763FD21462846BDE8E9
:103C14007040FFF723B800BF641C0020A41C0020E0
:103C2400841C00202DE9F04F072883B059D815468D
:103C340050EA010204460E4667D00A4600230146B4
:103C44002846FDF739FCFF284BD021462846FDF7CE
:103C540009FB0746DFF8D08021462846FEF7C0FF5F
:103C640058F82430BB46BB4229D94FF002092146FB
:103C74002846FEF7ABFFDFF8B4A0214601902846A2
:103C8400FDF704FC2B46314638465AF82420FEF74B
:103C94007FFD58F824304AF824009B4527D8DB1BC5
:103CA40048F8243021462846FDF776FF019B03F0AF
:103CB4000303012B2FD0484603B0BDE8F08F9FB219
:103CC40067B1B7FBF0F300FB13739BB233B9B4FADB
:103CD40084F94FEA59194FEA4909C8E74FF0010935
:103CE400C5E74FF0FF09484603B0BDE8F08F002355
:103CF4003146284648F82430FDF7A0FD0304D1D40A
:103D040031462846FDF7D0FDCCE72023114628464E
:103D1400FDF7D2FB97E728462146FEF79FFF48466A
:103D240003B0BDE8F08F00BFA41C0020841C002059
:103D3400072800D970471D4B70B553F8206004461E
:103D4400014630463569FDF7A1FB00231849194A9D
:103D540041F82450B168304642F8241021461A46EE
:103D6400FDF7D8FB21463046FEF73AFF4DB1B5FBCF
:103D7400F0F200FB125092B288B921463046FDF7AA
:103D8400E1FB21463046FEF769FF21463046FDF748
:103D9400FDFD21463046BDE87040FEF711BF0132FB
:103DA4002146304692B2FDF7CDFBEAE7641C0020C1
:103DB400A41C0020841C002007282DE9F04738D8D3
:103DC400164604460A468846002301463046FDF757
:103DD40073FBFF282DD0354FC0F30B052146304629
:103DE400FEF7FEFE57F82430AA46AB4233D33FD049
:103DF40025B3B5FBF0F300FB13539BB2002B43D068
:103E040021463046FDF742FB4FF001092846284D74
:103E14003346414655F82420FEF7E8FC45F82400D3
:103E240057F824304846A3EB0A0347F82430BDE88A
:103E3400F0874FF0FF094846BDE8F0872146304639
:103E4400FDF724FB4FF0010941463046FDF764FDC0
:103E54004FF0000AE4E721463046FDF717FB57F818
:103E6400243047F824509DB24FF00309AA46CDE709
:103E74009CB9B5FBF0F300FB13539BB23BB94FF075
:103E84000209002DE0D0C1E74FF00209BEE7214648
:103E94003046FDF7FBFAA146B8E721463046FDF768
:103EA400F5FA4FF00009002DCED0AFE7A41C002096
:103EB400841C0020072800D97047FFF715BE00BFF7
:103EC4002DE9F8430424012706460D46DFF84890FF
:103ED40007FA04F31D4204D10134082CF8D1BDE8DB
:103EE400F8831FFA84F841463046FDF755FE59F829
:103EF4002430002BF0D041463046FEF785FE1028D2
:103F0400324640464FF0000102D0FFF7A9FBE3E739
:103F1400FFF7DEFBE0E700BF641C00202DE9F84357
:103F24000424012607460D46DFF8449006FA04F3FC
:103F34001D420BD059F824301FFA84F833B141469E
:103F44003846FEF76FFEB0F5404F04D00134082C1C
:103F5400ECD1BDE8F8833846FDF73CFE10F4004F81
:103F64003A46404614BF05210721FEF763FCEDE7FE
:103F7400641C00202DE9F0470424012706460D4661
:103F8400DFF8BC8007FA04F31D420CD058F8243043
:103F9400DFF8B0903BB196F8243004EBC30339F852
:103FA4001330012B22D1042C01D10524EAE7062485
:103FB4000127DFF88C9007FA04F31D4210D059F85A
:103FC40024301FFA84F85BB141463046FEF7FEFD0B
:103FD40010F0020F3246404622D00621FEF72AFC9A
:103FE400062C01D10724E6E7BDE8F0871FFA84FA1E
:103FF40051463046FEF7EAFD820715D45146304655
:10400400FDF754FF430415D496F82430504604EBCE
:10401400C3033246012129F81370FFF765FDC2E797
:104024000121FFF761FDDBE7504632460621FEF72A
:1040340001FCB8E751463046FDF724FDB3E700BF65
:10404400641C0020F01B002003464078052814D18E
:10405400F0B593F803C00CF0030CBCF1020F0ED0C2
:10406400BCF1030F07D193F9024093F802C0002C6E
:104074003CDBFF2A5ED00020F0BD0020704793F99E
:10408400024093F802C0002C43DBFF2AF3D16422E0
:1040940091F824E0464C02FB0E42118D00295DD0BC
:1040A400528E002A55D006214FF4854708466422D3
:1040B40002FB0EF201EB810502EB4502A25A8E00CF
:1040C400012AD8D00E4499886423012203FB0EF3FD
:1040D40003EB4603E25200220CF00F0C234447EAA0
:1040E4000C0CA3F802C0D9801A81F0BDFF2AC2D1FA
:1040F400642291F824E02E4C02FB0E42B2F84610E2
:10410400002943D0928F002A4BD0014648F2100771
:10411400CDE7FF2AAFD1642291F824E0244C02FBBE
:104124000E42118D61B3528EB2B3062144F21027B0
:104134000846BCE7642291F824E01D4C02FB0E42C1
:10414400B2F84610B1B1928F72B101464FF40047F4
:10415400ADE701464FF485471426B3E704214FF435
:10416400854710260846ADE706214FF40047182678
:104174000846A7E707214FF400471C260846A1E795
:10418400042144F21027102608469BE7072148F231
:1041940010071C26084695E7014644F2102714260A
:1041A40090E7062148F21007182608468AE700BF60
:1041B400001C002000229446094B00EB800000EB19
:1041C400800003EB800319880532012904BFC3F87A
:1041D40000C0C3F806C0142A03F10A03F3D17047E0
:1041E400281C00202DE9F041042464270546224EB2
:1041F40095F8243004EB840207FB03F303EB42033A
:10420400F35A012B04D00134082CF1D1BDE8F0811C
:1042140000212846FDF758FA1FFA84F800F00F0031
:10422400404514D001212846FDF74EFA00F00F0056
:10423400404513D002212846FDF746FA00F00F004E
:10424400404512D041462846FDF724F8DBE7002319
:1042540028461A461946FDF75DF9E3E700230122D3
:1042640028461946FDF756F9E4E7002302222846BA
:104274001946FDF74FF9E5E7001C0020F8B50424C2
:10428400642705460A4E95F8243004EB840207FBA4
:1042940003F303EB4203F35A012B03D00134082C3C
:1042A400F1D1F8BD2846A1B2FDF782F8F6E700BFC8
:1042B400001C002038B504460C4D00F0B7F8FFF799
:1042C40009F92046FEF7E0FC6B691BB101460022A8
:1042D4002046984720460021FDF7F4FC2B68204631
:1042E400D979BDE83840FDF721BD00BF401D00204D
:1042F40010B504460A20FEF7A9F894F82400BDE896
:104304001040FEF719BB00BF2DE9F041054690F8B7
:104314002400FEF725FB002304246427144A1549CE
:10432400154E0B80138095F8243004EB840107FBB1
:1043340003F303EB4103F35A012B0BD00134082C94
:10434400F1D10E4BDB698BB12846BDE8F041002268
:104354001E2118471FFA84F840462A460821FEF712
:1043640069FA41462846FDF723F8E7E7BDE8F081FE
:10437400E21F0020CE1D0020001C0020401D002054
:1043840070B5044690F82400FEF70EFB94F8240060
:10439400FDF7B6FB05462046FDF70CF96B0603D581
:1043A40000F00300012809D094F82400FEF720FB54
:1043B40094F82400BDE87040FEF70ABB94F824008A
:1043C400FEF7B2FA00F034F8054B1B6A33B1054925
:1043D4002046BDE8704000220988184770BD00BF20
:1043E400401D0020CE1D0020FEF7CEB970B5064654
:1043F4003046FDF785FB05460A20FEF723F83046D4
:10440400FDF77EFB04460A20FEF71CF83046FDF754
:1044140077FB85EA0403444023431B06E8D415F0E4
:10442400800F0CBF4320402070BD00BF704700BF09
:10443400704700BF70B50024402205460E4625484B
:10444400002103F099FA4FF4FF720021224803F08F
:1044540093FA224B224A1C605C60224B22491C6066
:10446400224B0C801C80224B21461C80214B148043
:104474001C80214B34221C80204B21481C80214B62
:104484001C8003F079FA214620221F4803F074FAB5
:1044940021460E2420221D4803F06EFA1C4B03F51E
:1044A400B4729C7124339342FBD10024194B2146EE
:1044B400202219481C605C609C60DC6003F05CFA9C
:1044C400164A174B3146284614801C80BDE87040BC
:1044D400FFF774B9881D0020E41D0020381D00205A
:1044E400CA1D0020E01D0020801D00207E1D00202C
:1044F4007C1D00207A1D0020781D0020761D0020E0
:10450400401D0020741D0020841C0020A41C0020D9
:10451400CC240020D01D0020641C0020E21F0020B9
:10452400CE1D00202DE9F0410025174B174A1B88AA
:10453400158003F47F43B3F5106F0ED0B3F5306FDD
:1045440019D1134B9B6AB3B1124A134914882A46F2
:1045540031F81410BDE8F0411847104E104F0446CE
:104564003088B7F80080FEF7C9FF3388434502D08E
:10457400074B9B690BB9BDE8F0812A462046398870
:10458400BDE8F041184700BF801D0020761D0020C3
:10459400401D00207C1D0020E41D00207E1D002005
:1045A400E21F0020984B70B51B88044603F47F4239
:1045B400B2F5006F63D017D8002A37D0B2F5C06FB8
:1045C40015D113F01F0273D1904B1A88130A013BC3
:1045D400D5B2062B0BD8DFE813F09C008100DC0079
:1045E4000A000A00CE00AF00B2F5206F04D02046C6
:1045F400BDE87040FEF7C8B803F01F03012BF6D1E5
:10460400824B1B88002BF2D1814B18880128EED1F4
:10461400804B1B88FE2BEAD87F4A804932F813303E
:1046240022460B70BDE87040FEF718BD774A128829
:10463400002ADCD1764909880229D8D1784D03F0C3
:104644001F03012B2A8000F0BE80022B00F0AD80F6
:10465400002BCCD16F4B1B88002BC8D1FEF7F8FF81
:10466400704B28701B88012B04BF40F00200287097
:104674002246BDE8704002206949FEF7EFBC654957
:10468400624A0888128803F01F0142EA00030B43C0
:104694009BB2002BABD15E4B18880128A7D1624B8B
:1046A40062491B8822460B70BDE87040FEF7D6BCF9
:1046B400012A9CD15E48574D03802B885349544AA4
:1046C40083805C4B09881288DB6A4180C280002B9E
:1046D4006AD02246BDE87040002118474D4B1B8824
:1046E4002B4384D1FEF7D0FA524B494AD3E9021343
:1046F400C02808BF194615888B78CA7803EB0223B3
:1047040098B2A84222468DD92846BDE87040FEF7EB
:10471400A5BC404B1B882B437FF469AF454A3C4BF7
:10472400116818880B78224683423FF67BAFBDE8B8
:1047340070401846FEF792BCFFF740FA01287FF458
:1047440056AF344B1B882B437FF451AF2046FEF702
:104754009BFA0546374BD3E90221C02D08BF114609
:104764002B4BCA7818888B7803EB02239BB28342C5
:104774002246DCD956E7FFF721FA01287FF437AF48
:10478400244B1B882B437FF432AF2A4A204B5168B9
:10479400C7E7284B93F83020AA427FF628AF1A695E
:1047A4001B4B52F82510BCE770BD1A4E338819070D
:1047B40016D190F82400FDF7D1FA82077FF558AF9F
:1047C40001232B7054E7FDF799FF01287FF40FAF05
:1047D400FEF7B2FE0F4B1B888342FFF449AF06E796
:1047E400FDF78CFF01287FF402AF21463088FFF7E4
:1047F400BFF9FF2801463FF4FAAE2046FEF7E6F97A
:104804008307DDD434E700BF801D00207E1D002017
:104814007A1D00207C1D0020E41D002008220020B9
:1048240010220020CE1D0020E21F00200C220020B8
:10483400381D0020401D0020FDF7A6BFF0B5A74D90
:1048440004462B888BB003F47F42B2F5A06F00F0CE
:10485400C3801DD9B2F5106F00F08880B2F5306FB7
:1048640009D1FDF74BFF012805D12B8803F01F0365
:10487400012B00F0C3802046FDF786FF984E338855
:10488400012B2AD021460020FEF756FC0BB0F0BDC8
:10489400B2F5807F4ED0B2F5407FECD1914A1288B8
:1048A400002AE8D113F01F0300F0E680022BE2D1C6
:1048B4008D4B8E4A1B881088002BDCD1020707D051
:1048C4002146FFF755F9FF28D5D02146FDF756FFBD
:1048D40000212046FEF7C2F9D0E7002394228DF888
:1048E40003201A4629881D4661F30F037F49029568
:1048F4000988ADF8045061F30F027B49098861F31C
:104904001F43039394F824308DF80030754B1B88B3
:1049140063F31F42049202F037FE034669460820FF
:104924000593FEF7BDF9214600203580FEF704FC0F
:104934000BB0F0BD6B4A1288002A9CD113F01F0300
:1049440000F08480022B96D1674A684B12881B883A
:10495400002A90D113F00F0640F097803146FEF7FD
:1049640083F931462046FEF779F987E7DB0682D1E1
:104974005F4B5D4F9A683B8852799A4202D0002B74
:104984007FF479AF594A574B16881B881E43B6B239
:10499400002E7FF470AF31462046FEF75FF93B8866
:1049A400002B3FF46BAF534A12889A423FF466AF30
:1049B400FEF7B2FDFEF7C0FD074630B1B0B20021EC
:1049C4000136FEF7E3FDB742F8D12046FFF756FC67
:1049D4002046FFF707FC51E7444A424912880988F8
:1049E40003F01F030A4313439BB2002B7FF443AF2E
:1049F4003D4B1B887F2B7FF66BAF3CE7FEF79CFD9E
:104A04003A4F3B889842FFF436AF364A1688002E58
:104A14007FF431AF1846FEF795FD334B1B8898425F
:104A2400FFF429AF3A883146334EDBB2204626F8EC
:104A34001230FEF713F9FEF76FFD388836F81010C0
:104A4400FEF7A4FD2046FFF7CDFB17E7264B1B8896
:104A5400012B7FF410AF254B1E88002E7FF40BAF83
:104A6400FEF7E8FD01287FF406AF244B31462046CB
:104A74001E80FEF7F3F801E71B4B1B88012B59D06E
:104A8400022B41D0FFF7B0FCF8E601461846FFF7C9
:104A94006FF8FF2806463FF4EEAE01462046FEF7C7
:104AA40095F801283146204655D0FEF7DDF8314609
:104AB4002046FDF78BFA00212046FEF7CFF8104B75
:104AC40033F81620012A7FF4D9AE00220D4920467E
:104AD4000F6823F816201146B847CFE6801D002042
:104AE400761D00207A1D00207E1D00207C1D0020E4
:104AF400401D0020E21F0020E41D0020CE1D0020E8
:104B0400D01D0020E01D0020FEF7BEF8C0287FF471
:104B1400B2AE164B1B88A3F5804211047FF5ABAEF1
:104B240001261349134A0B80204600211680FEF704
:104B340095F8A3E60D4B1E88002E7FF49CAEFEF77D
:104B440079FD01287FF497AE0B4B3146188020463F
:104B5400FEF784F892E6FCF799FC31462046FDF70F
:104B640035FA31462046FEF779F8A4E77C1D00208B
:104B7400CA1D0020C81D0020CE1D002070B52B4E7C
:104B8400044633888AB003F47F43B3F5006F06D03C
:104B940013D9B3F5206F02D0B3F5406F12D1244D71
:104BA40000212046FEF75AF82B88012B11D021460C
:104BB4000020FEF7C1FA0AB070BD002BEFD0B3F5A8
:104BC400C06FECD01A4D2046FDF7DEFD2B88012B7B
:104BD400EDD1002394228DF803201A4631881E4615
:104BE40061F30F03134902960988ADF8046061F379
:104BF4000F021149098861F31F43039394F8243089
:104C04008DF800300D4B1B8863F31F42049202F0B1
:104C1400BBFC0346694608200593FEF741F821468C
:104C240000202E80FEF788FA0AB070BD801D002097
:104C3400761D00207C1D00207E1D00207A1D002092
:104C440070B5244E044633888AB003F47F43B3F529
:104C5400E06F0BD0204DFDF797FD2B88012B0CD076
:104C640021460020FEF768FA0AB070BD1A4D0021F3
:104C7400FDF7F4FF2B88012BF2D1002394228DF849
:104C840003201A4631881E4661F30F031349029626
:104C94000988ADF8046061F30F021149098861F3D2
:104CA4001F43039394F824308DF800300D4B1B8878
:104CB40063F31F42049202F067FC0346694608202E
:104CC4000593FDF7EDFF214600202E80FEF734FA10
:104CD4000AB070BD801D0020761D00207C1D0020C0
:104CE4007E1D00207A1D0020024630B50C468BB094
:104CF4005168006804AB03C300212046FDF7AEFFF2
:104D04000025942394F824208DF807308DF804208E
:104D14000395ADF8085002F037FC034601A90820BA
:104D24000693FDF7BDFF044B214628461D80FEF780
:104D340003FA0BB030BD00BF761D0020024630B52B
:104D44000C468BB05168006804AB03C320460021B5
:104D5400FDF784FF002594220E4B8DF80720196877
:104D6400BDF81630ADF808505B1A94F8241003937C
:104D74008DF8041002F008FC034601A908200693EC
:104D8400FDF78EFF044B214628461D80FEF7D4F91B
:104D94000BB030BDA41C0020761D002010B50346C6
:104DA40000888CB000F06000202801D0402806D193
:104DB40005295FD8DFE801F02F19501957354FF056
:104DC400940E92F824C000221868596806AB8DF836
:104DD4000FE003C3072003A98DF80CC00592ADF8BA
:104DE4001020FDF75DFF0CB010BD00244FF0940CB3
:104DF4001868596892F8242006AB8DF80C2003C378
:104E0400072003A90594ADF810408DF80FC0FDF7F5
:104E140047FF0CB010BD00231A491B4A0B801380B6
:104E2400E1E700244FF0940C1868596892F824E0E4
:104E340006AB03C303A9072001928DF80CE0059487
:104E4400ADF810408DF80FC0FDF72AFF019A2046F7
:104E54001146FEF771F9C6E7114618460CB0BDE8D5
:104E64001040FFF741BF114618460CB0BDE8104092
:104E7400FFF764BF114607200CB0BDE81040FEF7F1
:104E84005BB900BF781D0020761D0020002850D09B
:104E94002DE9F0410C4600294DD08B78012B44D8E4
:104EA4000370CA78054602F07F02C270096A816104
:104EB4003949E06941F823006178022902D9207850
:104EC400012832D1012B30D0102A2ED8334BD340B5
:104ED400DB072AD52378022B27D131B3626822B3AA
:104EE400022922D02E4F3A78012A4AD02D4A204650
:104EF4001380FDF74FFF064600BB01464FF4B47222
:104F0400294802F039FD01212B78DFF8A480F954F7
:104F14004FF42A723146254848F8236002F02CFDEC
:104F24002378012B0DD1002001E040F2E250BDE8CE
:104F3400F081012070470120BDE8F08140F2DC508F
:104F4400F5E72878FDF748F90028F0D121462846EE
:104F5400FFF770FA21462878FDF702FA2878FDF762
:104F64007FFD2878FFF742FA40280DD02378012BE3
:104F7400D9D02A7858F8223043F4806348F8223094
:104F8400D1E740F2DD50D2E70A20FDF75FFA287836
:104F9400FDF7D2FCEAE700BFC8240020D1070100D6
:104FA400142200201C220020CC24002020220020D7
:104FB40018220020F8B5002835D003780446012BC8
:104FC40023D802F055F8194E237836F8133002F03E
:104FD40057F802F04DF82078FDF79AF90546C0B964
:104FE4002078134B1D5436F810309BB2012B13D18B
:104FF4000027104B43F82070FDF718FF237826F89C
:10500400137002F03DF82846F8BD40F2E2552846F8
:10501400F8BD4FF4BC65F4E7FEF7B8FB2078FFF762
:10502400C9F82078E4E701252846F8BD1C220020B1
:105034001422002018220020002840D070B50D460C
:1050440092B0002941D00378304E012B044636F843
:10505400132016D82E4A52F8233093B302F008F8DE
:1050640006232278AB7036F8123036F812308DF8F9
:1050740028209BB2012B08D102F002F8002012B0C4
:1050840070BD40F2E25012B070BD002301A82B7035
:10509400FDF7FAFD80282FD0A0F1C000B0FA80F00F
:1050A4004009400068702078FCF72AFD00F0700386
:1050B400202B23D00CD8CBB10123AB7013E00120FB
:1050C400704740F2DC5012B070BD012012B070BDC8
:1050D400302B0ED02F2B06D9602B14D011D800F012
:1050E400600040280FD00023EB70C5E70623AB70A7
:1050F400F9E70323AB70F6E70120D3E70223AB7093
:10510400F1E7702BEFD10423AB70ECE71C220020F5
:1051140018220020002370B582B08DF806300028D4
:105124003BD00D46002938D00378204E012B04468D
:1051340036F813202DD801F09BFF2378204662789F
:1051440001A936F81330FFF777FF9DF80630032BDB
:1051540026D101232B80227836F812309BB2012B02
:1051640012D00421124B02EB820202EB820203EB07
:1051740082031A8D0A33012A03D128888A40024304
:105184002A8001310829F4D101F07AFF002002B00D
:1051940070BD40F2E25002B070BD012002B070BD9B
:1051A40001F06EFF40F2DC50F5E700BF1C22002046
:1051B400001C00202DE9F04192B0002852D0044692
:1051C400007801282AD81D46043B032B26D8DFF893
:1051D400A8800F4638F8103016469BB2022B3DD0FB
:1051E4000123234AE17852F820208B40134215D042
:1051F40001F03EFFA570204669466278FFF71CFF68
:10520400054628B99DF80230032B0DD040F2DC5539
:1052140001F036FF284612B0BDE8F08140F2E255B5
:10522400284612B0BDE8F081227838F812309BB2DB
:10523400012BEDD0A1780F4B01A88DF82820ADF8F3
:1052440026100397059602930695FEF779FA00282F
:10525400DED0D528DAD140F2DD55D9E70029BFD117
:10526400002ABDD00125284612B0BDE8F08100BF58
:1052740018220020853900001C2200200023F0B5EC
:1052840093B08DF8023000284AD00E46002947D04A
:105294001546002A44D003780446012B44D8092A31
:1052A40042D801F0E5FE2C4F2378204637F813103E
:1052B40062786946A5708DF82830FFF7BDFE9DF829
:1052C4000230032B3BD1227837F812309BB2012BEA
:1052D4002FD0642000FB02F2A178204B01EB810067
:1052E40002EB400213445B8801A803F00F02DB06C3
:1052F40048BF42F080023270FDF794FCB0F5004FD5
:1053040027D0B0F5404F22D0B0F5804F1CD10023F8
:105314007370A17801A8FDF763FC0024708009E094
:105324000124204613B0F0BD40F2E254204613B0ED
:10533400F0BD1C4601F0A4FE204613B0F0BD01F000
:105344009FFE40F2DC54ECE740F2DC54F2E7022327
:10535400DEE70123DCE700BF1C220020001C002044
:10536400F0B595B040B31D46043B032B28D80F4637
:1053740011B3164602B302780446012A20D8012349
:10538400204951F82220C1788B40134218D001F0F3
:105394006FFEA5702046627801A9FFF74DFE054611
:1053A40028B99DF80630032B0FD040F2DC5501F0EC
:1053B40067FE284615B0F0BD0125284615B0F0BD9E
:1053C40040F2E255284615B0F0BD22780E4B33F872
:1053D40012309BB2012BEAD0A1780C4B02A8CDE984
:1053E40005668DF82C20ADF82A10049703930795D1
:1053F400FEF7A6F90028DAD0D528D6D140F2DD553B
:10540400D5E700BF182200201C2200202D390000FF
:10541400F0B583B0E8B10E46D9B10446174601F0A1
:1054240027FE2046627801A9FFF706FE0546A0B9CB
:105434003A4631462046FDF751FBD52814D040F2B8
:10544400DC53FF2808BF1D4601F01AFE284603B0AE
:10545400F0BD0125284603B0F0BD40F2DC5501F053
:105464000FFE284603B0F0BD40F2DD55ECE700BF67
:10547400F0B583B0E8B10E46D9B10446174601F041
:10548400F7FD2046627801A9FFF7D6FD0546A0B9CD
:105494003A4631462046FDF749FBD52814D040F260
:1054A400DC53FF2808BF1D4601F0EAFD284603B07F
:1054B400F0BD0125284603B0F0BD40F2DC5501F0F3
:1054C400DFFD284603B0F0BD40F2DD55ECE700BF38
:1054D40070B582B0A0B104460E4601F0C9FD204665
:1054E400627801A9FFF7A8FD054668B9314620781E
:1054F400A680FDF7D5FA01F0C3FD284602B070BDC1
:105504000125284602B070BD40F2DC5501F0B8FD1B
:10551400284602B070BD00BF2DE9F8430388BBB133
:1055240007464FF00008DFF8789000241B4D4FEA3F
:10553400C8067B6835F8022B99198988914209D0ED
:105544000134032CF5D13B8808F101084345ECD81C
:10555400BDE8F8839B5904F1200203F0B853B3F17A
:10556400807F19F812300CD0DB09E9D019F8123019
:10557400012123F08003C82009F8123000F0A0F9BB
:10558400DEE7DB09DCD119F81230012143F0800396
:10559400C82009F8123000F093F9D1E7FC8E00001E
:1055A40000300840F8B50446FFF7B6FFEFF3108269
:1055B400012383F31088234F3B681BB92249CB7026
:1055C4004023CB703B6801333B6082F3108823880F
:1055D4002BB361681D4C01EBC30E06E01B010831BF
:1055E40013448E4544F8230019D008688A88C503FB
:1055F4004FEA1223D2B2F1D502EB031C54F82C600B
:105604001B01083120F4803526F4803613448E457E
:1056140044F82C6044F82C5044F82300E5D1EFF30F
:105624001082012383F310883B6813B13B68013B6C
:105634003B603B681BB980200349CB70C87082F380
:105644001088F8BD74260020000D084000080840AA
:1056540098B191B14A6808B503464AB1094A186835
:1056640090420CD008461A60FFF79CFF002008BD4A
:105674000A88002AF2D0012008BD012070470E20BC
:1056840008BD00BF54524F50064B074993F82600FB
:105694001A6A51F82030C2F302620449D3400B6005
:1056A400704700BF00E00140800500208C260020E8
:1056B400704700BFF8B54AF2035001234E494F4AE0
:1056C400A1F8FE03A2F80431B2F804319BB2002B16
:1056D400FAD101204FF400454FF0090C484CDFF893
:1056E40038E1484EC4F804E0474FDFF830E142495E
:1056F400E660C4F814E0A2F80001B860386091F8DC
:1057040026202660A5602561086A54F822203F4EB1
:10571400C0F30260C240326081F8133481F8A2C041
:1057240091F880341BB991F8813499075FD0324DD8
:1057340095F88034002B4FD000222F4B83F881241E
:1057440083F8802400232C4981F8323091F83C30CE
:105754001A07FBD54FF4B8500023274A088581F86F
:105764002A3092F83C309B06FBD5022005232349BE
:10577400F12581F81C012649116282F8263092F83D
:105784002630106A54F82310C0F30260C14001248B
:10579400F020204B31601D731C72187392F8743022
:1057A400154943F0400382F8743091F87430DB09F2
:1057B400FBD00624452005230F4A81F86C4081F86C
:1057C400740081F8743092F87430DB09FBD14FF423
:1057D4002543A2F8FE33F8BD0121C82085F88014C2
:1057E40000F06EF895F88034012BFBD1A4E74FF458
:1057F4007A70FFF75DFFA5E700E0014000C00140BB
:1058040080050020002D3101007000408C2600200E
:10581400322300310020004000127A00001C4E0E9A
:1058240038B500251C4C0121C82084F8285000F00C
:1058340047F884F8245094F82430002BFBD194F8D2
:105844002430154A43F0020384F8243092F82430BB
:10585400C3F340009B07F9D40F4982F8220091F862
:10586400223003F0FF00002BF9D191F840300A4AAE
:1058740060F3C71381F8403092F84030DB09FBD164
:1058840092F84200044963F3C71082F8420091F889
:105894004230DB09FBD138BD00300840034618B163
:1058A400024A00201A607047012070470000060673
:1058B40000BEFEE7A0F101000028FBD1704700BF45
:1058C4001F4B204A1B6800FB01F1934213D302F1E2
:1058D400854202F5071203F5741302F6834203F6B8
:1058E400FF03A2FB03231B0DA3FB01314FF0FF3089
:1058F400F9B1FFF7DFBF4FF47A7210B4A1FB02C411
:105904001148B0FBF3F34FF0FF3044B9BCFBF3FC98
:105914004FEA9C0088B15DF8044BFFF7CBBF9B00B6
:10592400B1FBF3F1A1FB0212002AF4D1084620B125
:10593400F1E71846002BDCD170475DF8044B704743
:105944008C26002000127A0000CA9A3B70B500240D
:105954000B4B0C4EB3F82021B3F84051ADB21540B7
:1059640025FA04F3DB0704D556F82430E0B203B17A
:1059740098470134102CF3D1014BA3F8305170BD7A
:10598400006000403426002030B5032085B000F0CC
:1059940093F84FF0FF336FF0FF002B492B4A0C882C
:1059A4009064CDE901330393F4B16FF001034D88A2
:1059B4000193DDB16FF00301254B01911167C3F829
:1059C4008012029903205167C3F8841203999167E6
:1059D400C3F8881200F040F81E4BC3F800431D4B77
:1059E400C3F8045305B030BD4D88B5B91749184AFA
:1059F4000B67C2F88032029B03204B67C2F88432E3
:105A0400039B8B67C2F8883200F026F8002CE9D09B
:105A1400104BC3F8004305B030BD6FF002010C4BCE
:105A240001911167C3F88012029903205167C3F8EA
:105A3400841203999167C3F8881200F00DF8054B9E
:105A4400C3F8045305B030BD9C8E000000800040B4
:105A540000E100E000600040EFF31081012383F3D4
:105A64001088124B33F8102092B22AB133F8102068
:105A7400013A92B223F8102033F810309BB293B954
:105A84000B4A10B4B2F8FE330A4C9BB234F810003F
:105A940043F4254323EA0003A2F8FE3381F310887C
:105AA4005DF8044B704781F310887047802600200E
:105AB40000E001406C8F000030B4EFF3108101234B
:105AC40083F310880E4A32F810309BB26BB90D4C38
:105AD4000D4DB4F8FE3335F810C09BB243EA0C0305
:105AE40043F425439BB2A4F8FE3332F8103001335B
:105AF4009BB222F8103081F3108830BC704700BF8D
:105B04008026002000E001406C8F000000BE70473A
:105B140008B500F035F8FBF7B9F9FEE7F8B5174F0B
:105B240005463E68A6B17C6806EB460604EB86068D
:105B340002E00C34B4420BD0637AAB42F9D1D4E91D
:105B440000020021121A0C3401F016FFB442F3D102
:105B5400BE6896B1FC6804EB061602E01034A64257
:105B64000BD0637BAB42F9D1D4E90002A168121ACD
:105B7400103401F009FFA642F3D1F8BD048F0000F0
:105B84004FF47001274B284A70B50020C3F88810E1
:105B94009A60FAF7C9FEFFF78DFD0120FAF7C4FEFB
:105BA400224B83F30A880020FFF7B8FFFFF76CFD50
:105BB400FFF736FE0320FFF77FFF00234FF6FF7049
:105BC4001B4903F108020133092B21F81200F8D113
:105BD40000240320FFF740FF0320FFF76DFF154B60
:105BE40003205C609C60DC601C61FFF735FF0220D1
:105BF400FAF79AFE0120FFF791FF0F4D0F4B5B1B45
:105C0400A3424FEAA30605DD55F8043B0134984747
:105C1400A642F9DCFFF7B8FEBDE87040002000F0B2
:105C24000FB800BF00ED00E000000000800100207C
:105C3400000D084000000E402C920000309200003D
:105C4400704700BFF8B5431E0A3361D810F007034C
:105C540000F1080466D15A4E01F00AFA336822466C
:105C6400002B72D0002C58DBDFF87CE1DEF80070EA
:105C7400A74252D3534954480A688242C0F08B80E9
:105C8400524DAA4298BF8C4608D984E0136843B1A8
:105C9400834273D3AB42944670D81A465168A142EA
:105CA400F4D33368934238D0DCF800600836864277
:105CB4007ED3AE427CD81368A142CCF8003070D3B6
:105CC400081B102807D911194D075DD148601351DD
:105CD400CCF8001021463E487F1A046841F0004188
:105CE400A7424FF0000438BF07603A485160036888
:105CF400146001330360CEF8007001F0C1F973073A
:105D04000ED040F25711344B344A3548FFF7D0FDDA
:105D14002B4E01F0ADF93368ABB101F0B1F90026B7
:105D24003046F8BDA3F10902A242F1D3244E10304B
:105D3400C41A01F09DF93368224633B1002AECDB22
:105D4400002C91D1E9E7002214461F48002147079F
:105D54001CBF073020F007000546224B194F23F0E3
:105D64000703181AC7E900513360C3E90011C5E9F4
:105D74000030174B18601C4B1860DFE7FB211B4BEE
:105D8400164A1748FFF794FD4FF48B71184B134ACA
:105D94001348FFF78DFDF521144B104A1048FFF707
:105DA40087FD40F20D11134B0C4A0D48FFF780FD9F
:105DB40040F20511104B094A0948FFF779FD00BF6D
:105DC400A0260020A4260020AC260020CB740020AE
:105DD400982600209426002088850000A08F0000CB
:105DE4006C840000C47400209C260020F88300000A
:105DF4005485000020850000AC84000000284BD0AE
:105E0400F8B53A4FA0F10804BC42054658D3384EC1
:105E1400B44255D850F8043C002B5FDA50F8082CF3
:105E2400002A54D123F0004340F8043C01F020F947
:105E34003048DFF8E8C00346DCF8002055F8041CBD
:105E44000A44CCF800201A461B689C42FBD88242C4
:105E540003D0BA422DD3B2422BD850681618B4429C
:105E64000FD06018834218D045F8083CA24218BFEE
:105E74001460214A136801331360BDE8F84001F04F
:105E8400FFB80144501883425160F2D11B480068A6
:105E940083420CD0144604E07047184800688342DB
:105EA400E2D0D3E900500144C4E90051DEE71360B5
:105EB400DFE74FF4FD71124B124A1348FFF7F8FC69
:105EC4004FF4B571114B124A0F48FFF7F1FC4FF430
:105ED400B671104B0E4A0C48FFF7EAFC40F26B1106
:105EE4000D4B0B4A0848FFF7E3FC00BFAC2600202B
:105EF400CB740020A426002090260020A026002099
:105F0400D0860000788F00006C840000C4850000F7
:105F1400948F0000A8860000348600009C26002090
:105F24004FF0FF31002200F10803C0E90131C0E95C
:105F340003330260704700BF00230361704700BF52
:105F4400D0E9003210B494680133C1E901246160DE
:105F540091605DF8044B08610360704730B40D68CC
:105F64006B1C10D000F108031C465B681A68AA4237
:105F7400FAD902684B60013299608C6061600861F3
:105F840030BC0260704704696368F2E70346026943
:105F940010B45468406899689C428160486008BFA6
:105FA4005160002110685DF8044B013819611060DC
:105FB400704700BF70B51646026C0446856B0AB381
:105FC40086B9406801F0E0FC6368216CA2680B4468
:105FD4009342636005F1010515D3236800206360D3
:105FE400A56370BDC06801F0CFFC226CE368514228
:105FF4009B1A2268E360934202D2A3680B44E360D5
:10600400022E03D001350020A56370BD012D38BFD9
:106014000125F8E770B50546FBF72EF895F84530ED
:106024005CB2002C14DD05F1240603E0631EDAB231
:106034005CB26AB16B6A5BB1304601F0D7F90028F3
:10604400F4D001F09BFA631EDAB25CB2002AF1D1FB
:10605400FF2385F84530FBF737F8FBF70DF895F883
:1060640044305CB2002C14DD05F1100603E0631E1D
:10607400DAB25CB26AB12B695BB1304601F0B6F9B1
:106084000028F4D001F07AFA631EDAB25CB2002A76
:10609400F1D1FF2385F84430BDE87040FBF714B814
:1060A40070B5002848D0C56B0446002D3DD0026C65
:1060B400A2FB0525002D38D10E46FAF7DDFFD4E901
:1060C4000F30FF2100FB03F32268181A62601344A7
:1060D4000244A563C4E9023284F8441084F84510EC
:1060E400BEB923691BB9FAF7EFFF012070BD04F1B3
:1060F400100001F07BF90028F5D04FF08052124BCC
:106104005A60BFF34F8FBFF36F8FFAF7DDFF0120A3
:1061140070BD04F11000FFF703FF04F12400FFF742
:10612400FFFEFAF7D1FF012070BD4FF4B671074BA3
:10613400074A0848FFF7BCFB40F23711064B044AF4
:106144000448FFF7B5FB00BF00ED00E084870000C2
:106154007C900000508700007C87000070B582B0FE
:1061640033B30646E8B10D461C4692B1C9B1482383
:106174000193019B482B22D101212046C4E90F65DC
:10618400226084F84610019BFFF78AFF204602B084
:1061940070BD31B948230193019B482B0FD122468E
:1061A400EAE74FF4D871094B094A0A48FFF780FB24
:1061B4004FF4C271084B064A0648FFF779FB4FF4C7
:1061C400CB71064B024A0348FFF772FBD4870000E9
:1061D4006090000050870000A8870000B887000086
:1061E400F8B5F0B1A1FB003705460E46CFB901FB67
:1061F40000F010F1490F14D84830FFF723FD04468E
:1062040058B180F8467056B100F148030121204688
:106214002360E5632664FFF743FF2046F8BD034689
:10622400F4E740F22A21024B024A0348FFF740FBFD
:10623400D48700004C9000005087000030B583B034
:10624400C0B188420D4615D314460AB348230193BE
:10625400019B482B15D1012100232260D0632046E5
:1062640084F846102364019AFFF71AFF2046A563B9
:1062740003B030BD4FF45E71094B0A4A0A48FFF778
:1062840017FB4FF4CB71094B094A0748FFF710FB82
:106294004FF4C271074B064A0348FFF709FB00BFDE
:1062A400E08700002890000050870000B8870000B5
:1062B40060900000A88700002DE9F04184B00192AD
:1062C400002800F0AF8004460F461E46002900F067
:1062D4008B80022E03D1E36B012B40F09C8001F0F4
:1062E40059F9002867D0FAF7C7FEA26BE36B9A420C
:1062F40053D3022E51D00020DFF8448105460DE02F
:10630400FAF7E2FE2046FFF785FE00F0B9FEFAF741
:10631400B3FEA26BE36B01209A423ED3019B002B98
:106324006DD0B0B3FAF7D0FE00F0A2FEFAF7A4FEE7
:1063340094F84430FF2B08BF84F8445094F8453057
:10634400FF2B08BF84F84550FAF7BEFE02A801A946
:1063540001F0CCF8002858D1FAF78EFEA26BE36B5B
:106364009A42CDD1FAF7B0FE019904F1100000F081
:10637400E9FF2046FFF74EFE00F082FE0028C6D15A
:106384004FF08053C8F80430BFF34F8FBFF36F8FC3
:10639400BDE702A801F09EF8C4E73246394620461C
:1063A400FFF708FE636A83B9A8B9FAF78DFE0120E6
:1063B40004B0BDE8F081019B002B94D040F2BB31C6
:1063C4001C4B1D4A1D48FFF773FA04F1240001F029
:1063D4000DF80028E9D04FF08052194B5A60BFF3F2
:1063E4004F8FBFF36F8FE0E7036C002B3FF471AF67
:1063F40040F2B731134B104A1048FFF759FAFAF735
:1064040063FE002004B0BDE8F0812046FFF702FEE1
:1064140000F036FEF5E74FF46E710B4B064A074861
:10642400FFF746FA40F2B631084B034A0348FFF738
:106434003FFA00BF908800001490000050870000CD
:1064440000ED00E0E8870000408800007C87000041
:106454002DE9F04100284ED004460D4617461E464D
:1064640000293ED0022E2CD1E36B012B4AD1FAF73E
:10647400CBFEEFF31188102383F31188A36B294615
:1064840094F84550324620466DB2A36BFFF792FD57
:106494006B1C0AD1636A93B104F1240000F0A6FFD7
:1064A40068B167B101233B6009E000F0EFFE85426B
:1064B40005D27F2D2DD001356DB284F845500120D1
:1064C4000BE0FAF7A1FEEFF31188102383F3118890
:1064D400A26BE36B9A42D2D3002088F31188BDE803
:1064E400F081036C002BBDD040F291410C4B0D4A5E
:1064F4000D48FFF7DDF94FF492610C4B094A0A4845
:10650400FFF7D6F940F29241094B064A0648FFF7D5
:10651400CFF940F21E51074B024A0348FFF7C8F96E
:10652400E8870000F88F0000508700007C87000097
:1065340040880000E4880000F0B585B0019200288E
:1065440000F0A38004460E4600296ED001F022F824
:10655400002857D0FAF790FDA56B002D6FD1019B51
:10656400002B35D002A800F0B5FF2F46FAF7ACFD9A
:1065740000F07EFDFAF780FD94F84430FF2B08BF4D
:1065840084F8447094F84530FF2B08BF84F84570B4
:10659400FAF79AFD01A902A800F0A8FFE8B9FAF7F2
:1065A4006BFDA36B33BBFAF78FFD019904F1240053
:1065B40000F0C8FE2046FFF72DFD00F061FD58B342
:1065C400FAF75AFDA56B002D39D1019B002BCDD1D3
:1065D400FAF77AFD002005B0F0BD2046FFF71AFD5A
:1065E40000F04EFDFAF748FDA36B002BF0D0FAF74C
:1065F4006BFDE5E7FAF768FD2046FFF70BFD00F0B9
:106604003FFDDDE7019B002BA4D040F2F251224B69
:10661400224A2348FFF74CF94FF08052214B5A602D
:10662400BFF34F8FBFF36F8FCAE7036C002B8DD07E
:1066340040F2ED511C4B194A1948FFF739F9226C05
:106644005AB1E168A36811449942E16028BF216806
:10665400304628BFE16001F097F92369013DA56345
:1066640023B9FAF731FD012005B0F0BD04F11000A3
:1066740000F0BCFE0028F4D04FF08052094B5A6061
:10668400BFF34F8FBFF36F8FEBE740F2E951074B36
:10669400024A0348FFF70CF990880000E88F0000D5
:1066A4005087000000ED00E0948900008889000014
:1066B40070B584B00191002800F09180036C044609
:1066C400002B40F0858000F065FF002855D0FAF7D4
:1066D400D3FCA56B002D63D1019BA3B302A800F0EA
:1066E400F9FE2E46FAF7F0FC00F0C2FCFAF7C4FCFF
:1066F40094F84430FF2B08BF84F8446094F8453084
:10670400FF2B08BF84F84560FAF7DEFC01A902A854
:1067140000F0ECFEE0B9FAF7AFFCA36B2BBBFAF781
:10672400D3FC019904F1240000F00CFE2046FFF78D
:1067340071FC00F0A5FC50B3FAF79EFCA56B7DBB81
:10674400019B002BCED1FAF7BFFC002004B070BD32
:106754002046FFF75FFC00F093FCFAF78DFCA36B77
:10676400002BF0D0FAF7B0FCE6E7FAF7ADFC2046D0
:10677400FFF750FC00F084FCDEE7019B002BA6D061
:1067840040F28B61194B1A4A1A48FFF791F84FF0FF
:106794008052194B5A60BFF34F8FBFF36F8FCBE713
:1067A4002369013DA56323B9FAF78EFC012004B0E7
:1067B40070BD04F1100000F019FE0028F4D04FF071
:1067C40080520D4B5A60BFF34F8FBFF36F8FEBE7CF
:1067D40040F28661094B064A0648FFF769F840F221
:1067E4008261074B024A0348FFF762F89088000071
:1067F400D48F00005087000000ED00E008890000FD
:106804008889000010B5D8B10023114C54F8332006
:10681400D900904206D001330A2BF7D190F84630C4
:1068240053B110BD002300220A4C2144C1E90023C6
:1068340090F84630002BF4D1BDE81040FFF7DEBAE3
:1068440040F6D401044B054A0548FFF731F800BF70
:10685400D4740020D07400207C870000C48F000012
:106864005087000070B500B3D9B10024124D2346FF
:106874002A4604E001330A2B02F108020ED05668BE
:1068840086420FD0002CF5D155F833600133002E29
:1068940008BF14460A2B02F10802F0D10CB1C4E976
:1068A400001070BD05EBC304F9E740F6C931034B92
:1068B400034A0448FEF7FCFFD07400204887000018
:1068C400B08F00005087000070B504460E46154690
:1068D400FAF7D2FB94F84430FF2B04BF002384F86A
:1068E400443094F84530FF2B04BF002384F845302E
:1068F400FAF7EAFBA36B23B12046BDE87040FFF72B
:1069040089BB04F124002A46314600F039FD2046B3
:10691400BDE87040FFF77EBB2DE9F0410446FAF76D
:10692400ABFB394A394E1368013313603368002BCB
:106934003DD0374FE36A3A68002A31D0354D3649A5
:1069440036480A6804F1040C01320A6002689A426B
:1069540038BF036003EB830305EB830041689B00AE
:10696400EA58D1F808E0A160C4F80CE00132CEF88E
:1069740004C0C1F808C06061EA50FAF7A5FB3B689F
:1069840063B13268E36AD26A9A4207D24FF0805206
:10699400234B5A60BFF34F8FBFF36F8FBDE8F08175
:1069A40032681C4DD26A9A4298BF3460C7E734609B
:1069B4001368012B03D0E36A164D154FBFE7154D3D
:1069C4002F4605F1640838461437FFF7A9FA4745FE
:1069D400F9D1DFF86880134F4046FFF7A1FA384633
:1069E400FFF79EFA1048FFF79BFA1048FFF798FA52
:1069F4000F48FFF795FA0F4BC3F800800E4B1F604A
:106A0400E36A034F9BE700BF48750020207600200F
:106A14003C750020BC7500202C75002040750020BA
:106A240000ED00E094750020787500206475002066
:106A34004C750020907500208C750020A8750020EE
:106A44002DE9F8430446264B2648274A274DD0F81B
:106A540000901768D3F8008028680E460430FFF7CA
:106A640095FA631C17D02B6819EB04045C600BD2F5
:106A7400296838460431FFF771FA1D4B1A68A2429F
:106A840000D91C60BDE8F88329684046BDE8F84396
:106A94000431FFF763BA76B92B6809F1FF325A6003
:106AA400B9F1000FF0D1296838460431FFF756FADE
:106AB4000F4B1B68E6E70F4B29685A681C688A600D
:106AC4002E680134286829681C602D689468043095
:106AD4000431F460606091606B61BDE8F88300BFCD
:106AE4008C750020447500209075002020760020CD
:106AF400287500204C7500202DE9F04702F18042F2
:106B0400DDE90984266B013A06EB820607469946BD
:106B1400DDF820A026F0070679B101F1FF3C01F170
:106B24000F0504F1330E1CF9011F0EF8011F09B102
:106B3400AC45F8D1002384F84330BAF1040F1BD8D4
:106B4400201DC4F82CA0FFF7F7F904F11800FFF793
:106B5400F3F9CAF10503A3613A464B463046216B6B
:106B640024616462FAF76EFA2060B8F1000F01D074
:106B7400C8F80040BDE8F08740F26471024B034A54
:106B84000348FEF795FE00BF248A000070910000C0
:106B9400F8890000F8B51A4D2B6823B3194F1A4E23
:106BA40005E0012B20D0022B22D12B68DBB1FAF7B0
:106BB40063FAFB68DC68201DFFF7E8F93368013BE2
:106BC40033602B68013B2B60FAF77EFA94F85D3052
:106BD400002BE6D1206BFFF711F92046FFF70EF9E1
:106BE4002B68002BE3D1F8BD2046FFF707F9DCE75B
:106BF40041F62E11054B064A0648FEF759FE00BF22
:106C0400607500206475002048750020388A0000F3
:106C140054910000F88900004FF0805608B5074CE5
:106C2400074DFFF7B7FF2368012B04D96E60BFF34C
:106C34004F8FBFF36F8FFAF79BFAF2E7BC75002012
:106C440000ED00E02DE9F04F4D4B83B01E68013696
:106C54001E60002E6BD04B490B689E425ED34A4F98
:106C64003B681868002879D00020B24684468146E3
:106C7400DFF838E1454D019146E05969D3E9022432
:106C8400946062604A68181D82420A6808BF4C60BA
:106C9400013AC3F814C00A60996A71B1D3E90724B0
:106CA400946062604A6803F11806B2420A6808BF39
:106CB4004C60013AC3F828C00A60DA6ADEF80010B2
:106CC4008A4202EB820105EB8108D8F8046055F88A
:106CD4002140D6F808B09E60C3F80CB0CBF804008D
:106CE400B060C3F814802A4B88BFCEF8002001346A
:106CF40045F8214019683B68C96A1B688A4288BF05
:106D04004FF00109002B27D03B68DB68DB685A6829
:106D14009245B2D2019948460A6000E000201D4B1A
:106D24001B68002B18BF012003B0BDE8F08F164B81
:106D34001A681268E2B9184A186811681960174984
:106D440010600A6801320A601A68126852B94FF07A
:106D5400FF330C490B607FE7484601994FF0FF333E
:106D64000B60DCE71B680749DB681B680B6073E793
:106D740041F25F210A4B0B4A0B48FEF799FD00BF15
:106D8400447500202875002090750020BC750020F3
:106D940020760020347500208C750020307500208A
:106DA4006C8A000010910000F889000040750020F2
:106DB4002DE9F0430E46002187B0DDF83C80109C9D
:106DC4000491B8F1000F24D0002C30D099466023F0
:106DD40005931746059A9A4222D105462046059BFB
:106DE40000F0CAFD28460E9DC4F8308000950225A7
:106DF400029484F85D5004AD4B463A463146019501
:106E0400FFF77AFE2046FFF787FD049807B0BDE838
:106E1400F08340F2F141094B094A0A48FEF748FD64
:106E240040F2FA41084B064A0648FEF741FD40F29B
:106E3400F241064B024A0348FEF73AFDE48A000099
:106E440088910000F8890000208B0000048B00006A
:106E54002DE9F043074685B09000164688469946CA
:106E6400FEF7F0FEF8B105466020FEF7EBFE04469F
:106E7400B0B16022002100F07FFD25630D9D4B46DB
:106E840001950C9D32464146384602940095FFF721
:106E940033FE2046FFF740FD012005B0BDE8F08336
:106EA4002846FEF7ABFF4FF0FF3005B0BDE8F08396
:106EB400F8B50446384EFAF7DFF8002C4CD0271DFD
:106EC4003846FFF763F8A36A1BB104F11800FFF713
:106ED4005DF8324A324D1368013313603368A342BC
:106EE4002B682CD02F4A1368013B13602E4B1A6871
:106EF40012689AB11A682D4BD26812681A60FAF7B0
:106F0400E3F894F85D309BB1012B33D0022B35D1DB
:106F14002B6813B13368A34220D0F8BD4FF0FF3281
:106F2400224B1A60FAF7D0F894F85D30002BEBD1BD
:106F3400206BFEF763FF2046FEF760FFE8E7002BB7
:106F4400D0D039461A48FEF7FBFF1A4A13680133BA
:106F54001360FAF7B9F8DBE73468B0E7164B1B683F
:106F64009BB94FF08052154B5A60BFF34F8FBFF35C
:106F74006F8FF8BD2046FEF741FFC9E741F62E1199
:106F84000F4B104A1048FEF793FC40F614110F4BB8
:106F94000F4A0D48FEF78CFC207600202C7500204B
:106FA4003C7500204875002090750020287500204D
:106FB40064750020607500202075002000ED00E05D
:106FC400388A000054910000F88900003C8B0000CE
:106FD4006491000030B500248DB01B4B07AA06A9AC
:106FE40005A80893CDE905448DF82440F9F770FF0E
:106FF400DDE905122346CDE901211448079A0094DE
:1070040008A9FFF7D5FE124B186018B9114B1B687D
:107014000DB030BD00F07AFC012808D00130F5D164
:1070240040F6A9610C4B0D4A0D48FEF741FC80F374
:1070340010884FF0FF350B490B4A0C4B0D60106064
:107044001C60FAF7C3F8E1E749444C451D6C0000A5
:10705400247500209C910000588B0000349100009E
:10706400F8890000287500203C7500204475002034
:10707400024A136801331360704700BF2075002073
:107084002DE9F04F5B4F83B0F9F7F6FF3B68002B17
:1070940000F0A8803B68013B3B60D7F80080B8F162
:1070A400000F40F09080544B1B68002B00F08B8045
:1070B400DFF870E1DEF80030002B00F090804F4BD9
:1070C400DFF864914E4E0193DEF80C30DB689A6A67
:1070D400D3E9070181604860506803F11804A042B5
:1070E40008BF51601168C3F82880013911605A69DA
:1070F400D3E902108860416051681D1DA9421168DE
:1071040008BF506001391160DA6AD9F800103D48AF
:107114008A4288BFC9F8002002EB8201006806EBAE
:10712400810CDCF80440D0F82CA056F82100D4F8E7
:1071340008B0013052459C60C3F80CB0CBF8045041
:10714400A560C3F814C046F8210002D90122019BAE
:107154001A60DEF80030002BB6D12B4B1A68126887
:10716400002A37D01A68294BD26812681A60284D51
:107174002C68A4B10126DDF8048006E0FFF762FD67
:1071840008B1C8F80060013C08D03B68002BF5D07A
:107194002B68013C03F101032B60F6D12C60019BA9
:1071A4001B6883B14FF080521A4B164909685A6024
:1071B400BFF34F8FBFF36F8F0124F9F785FF20468C
:1071C40003B0BDE8F08F0024F9F77EFF204603B03A
:1071D400BDE8F08F4FF0FF320C4B1A60C7E7074B46
:1071E4000193C4E740F68B710B4B0C4A0C48FEF735
:1071F4005FFB00BF20750020487500203475002017
:10720400BC75002020760020907500202875002091
:107214003875002000ED00E06C8B00002491000024
:10722400F8890000787500204075002008B560B129
:107234000E4B1A6801321A601B68012B0ED1002113
:10724400FFF7FEFBFFF71CFF38B94FF08052084BE5
:107254005A60BFF34F8FBFF36F8F08BD40F68E1196
:10726400044B054A0548FEF723FB00BF20750020A8
:1072740000ED00E0B48B000048910000F8890000A4
:10728400014B1868704700BF44750020014B186813
:10729400704700BF48750020054B1B680BB9FFF70A
:1072A400D1BC044A0020136801331360704700BF47
:1072B400207500203875002038B51A4B1B681BB1A7
:1072C4000122194B1A6038BD174A184C1360236801
:1072D400174803EB830250F82250990000EB820216
:1072E4003DB9C3B152F8141C013B09B9143AF8E78B
:1072F4009900CA1800EB820108464A6808305268AF
:1073040082424A6004BFCA684A600A49D2680A6075
:1073140023600B6838BD41F2FA31074B074A08482D
:10732400FEF7C6FA20750020347500204075002051
:10733400BC75002020760020D08B0000FC9000005B
:10734400F889000010B558B10C46094B196818317A
:10735400FEF704FE2046BDE810400121FFF770BB94
:107364004FF4A451034B044A0448FEF7A1FA00BFAA
:1073740020760020E08B0000E4900000F8890000F3
:10738400F8B5034610B3154C5D680846002A11464B
:107394002268D4F800E027682668D5611A68D4F812
:1073A40000C006F11804AE6807F1180702F10102E3
:1073B400CEF8206018BF4FF0FF307760AC60CCF897
:1073C40028301A60BDE8F840FFF73ABB41F2BE41ED
:1073D400034B044A0448FEF76BFA00BF20760020F2
:1073E400E08B0000C4900000F8890000F8B5C36881
:1073F400DB68002B54D0D3E9070100269A6A816028
:107404004860506803F11804A042294808BF51603D
:10741400116805680139D86A9E621160A5B1254AD0
:1074240015685168013515608D68D9611D626C60FD
:107434008C609A62204B1B68DB6A83422ED2012344
:107444001E4A18461360F8BD5A69D3E90241A16087
:107454004C6054681E1DB44208BF51601168013964
:107464001160174A11688142164938BF106000EB59
:10747400800201EB82077D689200D5F808C08C5821
:107484009D60C3F80CC0CCF80460AE605F610A4B29
:1074940001341B688C50DB6A8342D0D30020F8BDD2
:1074A40041F2F541084B094A0948FEF701FA00BFC9
:1074B4002075002078750020207600203475002087
:1074C40040750020BC750020EC8B0000A8900000E3
:1074D400F8890000034A044B12681B68C0E90023C2
:1074E400704700BF3075002044750020F8B550B3D4
:1074F4000D4679B30446F9F7BFFD2B68194A581CA9
:1075040011681BD0D4E90060DFF86CC0DCF80070AF
:10751400BE4208D0884206D8002301242B60F9F724
:10752400D3FD2046F8BD0F1ABB42F5D95B1ADCF82F
:107534000010126803442B60C4E900120024F9F718
:10754400C3FD2046F8BD41F2A551074B074A084840
:10755400FEF7AEF941F2A651064B044A0448FEF781
:10756400A7F900BF44750020FC8B00009090000038
:10757400F8890000088C0000307500200122014BBE
:107584001A60704734750020014B1868704700BFBB
:1075940020760020054B1B6833B1054B1868B0FA00
:1075A40080F0400940007047012070473C7500207E
:1075B40020750020F0B5124C83B0F9F75DFD256805
:1075C40025B103B0BDE8F040F9F77EBD0D4E0E4F76
:1075D4003046FEF7A5FC3846FEF7A2FC0B490C4BDF
:1075E40000950A201F600E600A4B0C210A4AFEF720
:1075F400B5FD20600028E4D00849FFF733F9E0E73F
:10760400EC7600200C770020F8760020F476002039
:10761400F0760020247600206C760020188C000080
:107624002DE9F047DFF884900546D9F800300F467D
:10763400DB68DC6804F104084046FEF7A7FC94F814
:1076440024305A070ED423F0010384F82430204652
:10765400236ABDE8F047184793421BD82046236AA3
:1076640098473546A3697A1BEE182CBF01210021E7
:10767400B74266602461EFD2AF4201D20029EDD057
:10768400D9F800004146FEF769FC2046236ABDE8AC
:10769400F0471847044B41461868FEF75FFC204644
:1076A400236ABDE8F0471847F0760020F4760020FE
:1076B4002DE9F04F00278D4D8D4E8E4CDFF848821A
:1076C40085B02B68D3F800B0BBF1000F00F0D9806F
:1076D400DB68D3F800B0FFF7CBFCFFF7D1FD3368CC
:1076E4008246834243D88345306040F2E6800022DC
:1076F4002068ABEB0A01FFF7E7F8FFF7C1FC38B9E4
:107704004FF080537C4A5360BFF34F8FBFF36F8FAA
:10771400CDE9017703970022206801A9FEF70CFF49
:107724000028CED0019B002BF5DBDDF80CA0DAF8A5
:1077340014301BB10AF10400FEF728FCFFF7A0FD8A
:1077440033688346984226D3019BC6F800B0013BB8
:10775400082BE0D8DFE803F029296C738C29296C05
:107764007300DB684FF0FF311868FFF759FF2B688F
:107774001A68002AF5D1D8F80020C6F800A02A60BB
:10778400C8F80030FFF77CFCC2E7DB684FF0FF313C
:107794001868FFF745FF2B681A68002AF5D1D8F856
:1077A4000020C8F800302A60CEE79AF824C0029876
:1077B400DAF818204CF0010183188AF824102CBF41
:1077C400012100215B45CAF80430CAF810A06AD828
:1077D400ABEB0000824244D81CF0040F13D12CF010
:1077E40001038AF824305046DAF82030984792E7AB
:1077F400ABEB030393426BD3DAF82030504698473F
:107804004B46DAF8182013EB02092CBF01200020A4
:10781400CB45CAF80490CAF810A0E9D29B4501D21E
:107824000028E9D028680AF10401FEF797FBDAE79B
:107834009AF8243023F001038AF824306BE79AF88D
:107844002420029B42F001028AF82420CAF818304E
:10785400002B44D05B445B45CAF80430CAF810A03E
:1078640025D8D8F800000AF10401FEF777FB52E7A7
:107874009AF824309A0727D523F001038AF8243094
:1078840049E7FFF7F5FBFFF7FBFC336882469842B4
:10789400FFF46DAFD8F80030C6F800A01A68B2FA49
:1078A40082F2520924E7584501D9002994D0286866
:1078B4000AF10401FEF752FB2DE7FFF7E1FB514605
:1078C4005846FFF7ADFE23E75046FEF797FA22E746
:1078D400D8F800000AF10401FEF740FB83E74FF4F7
:1078E4008261064B064A0748FDF7E2FFF476002062
:1078F400E4760020EC76002000ED00E0688C0000C7
:10790400A09100003C8C0000F076002010B588B0F7
:10791400FFF750FE114B1B68CBB1002407AA06A940
:1079240005A8CDE90544F9F7E1FA03222346059CAD
:1079340000920294069C0A490A48079A0194FFF7A8
:1079440037FA094B186010B1012008B010BD4FF48C
:10795400A371064B064A0748FDF7AAFFEC76002000
:10796400908C0000B5760000E8760020988C00002A
:10797400BC9100003C8C000002440346934200D1B9
:10798400704703F8011BF9E70A44431E914200D1F2
:10799400704710B511F8014B914203F8014FF9D12A
:1079A40010BD00005465726D696E616C00000000CA
:1079B400284E554C4C2900000D0A2A2A20525F55A6
:1079C40053425F436C6F736520415049204661699F
:1079D4006C6564202A2A200D0A20000000000000A3
:1079E4005B4552525D20496E2046756E6374696F23
:1079F4006E3A20257328292C202573000D0A526520
:107A04007475726E6564204572726F7220436F6480
:107A1400653A203078257820200D0A00312E300078
:107A24000D0A2A2A2A2A2A2A2A2A2A2A2A2A2A2AEF
:107A34002A2A2A2A2A2A2A2A2A2A2A2A2A2A2A2AA2
:107A44002A2A2A2A2A2A2A2A2A2A2A2A2A2A2A2A92
:107A54002A2A2A2A2A2A2A2A2A2A2A2A2A2A2A2A82
:107A64002A2A2A2A2A2A2A2A2A2A0D0A2A202020CD
:107A740052656E6573617320465350204578616D7D
:107A8400706C652050726F6A65637420666F722033
:107A9400555342205065726970686572616C205656
:107AA400656E646F7220436C617373204D6F6475EF
:107AB4006C65202A0D0A2A2020204578616D706C9F
:107AC400652050726F6A6563742056657273696FBE
:107AD4006E202573202020202020202020202020FC
:107AE4002020202020202020202020202020202092
:107AF4002020202020202020202020202A0D0A2A97
:107B0400202020466C657820536F66747761726517
:107B1400205061636B2056657273696F6E20202557
:107B2400642E25642E25642020202020202020205F
:107B34002020202020202020202020202020202041
:107B44002020202020202020202A0D0A2A2A2A2A28
:107B54002A2A2A2A2A2A2A2A2A2A2A2A2A2A2A2A81
:107B64002A2A2A2A2A2A2A2A2A2A2A2A2A2A2A2A71
:107B74002A2A2A2A2A2A2A2A2A2A2A2A2A2A2A2A61
:107B84002A2A2A2A2A2A2A2A2A2A2A2A2A2A2A2A51
:107B94002A2A2A2A0D0A526566657220746F207299
:107BA4006561646D652E7478742066696C65206601
:107BB4006F72206D6F72652064657461696C7320E7
:107BC4006F6E204578616D706C652050726F6A65C8
:107BD400637420616E640D0A4653502055736572B8
:107BE4002773204D616E75616C20666F72206D6F16
:107BF400726520696E666F726D6174696F6E206163
:107C0400626F7574205553422050657269706865BF
:107C140072616C2056656E646F7220436C6173737D
:107C2400206472697665720D0A0000000D0A5468BA
:107C340069732070726F6A6563742064656D6F6E1A
:107C4400737472617465732074686520626173690A
:107C5400632066756E6374696F6E616C69746965BF
:107C640073206F66205553422050657269706865B1
:107C740072616C2056656E646F7220636C617373FD
:107C8400206472697665720D0D6F6E2052656E65A3
:107C9400736173205241204D4355732062617365B3
:107CA40064206F6E2052656E657361732046535075
:107CB4002E20496E2074686973206578616D706C3C
:107CC400652C20746865206170706C6963617469E7
:107CD4006F6E2077696C6C20636F6E66696775726E
:107CE40065207468650D0A4D435520617320612039
:107CF40056656E646F722050657269706865726152
:107D04006C206465766963652E205468697320501D
:107D140065726970686572616C2064657669636513
:107D24002077696C6C20626520636F6E6E65637486
:107D3400656420746F207468652055534220486F31
:107D440073740D0A56656E646F7220646576696398
:107D54006520776869636820697320616E6F746851
:107D6400657220524120626F6172642E0A0A416674
:107D74007465722074686520656E756D65726174D2
:107D8400696F6E20697320636F6D706C65746564D0
:107D94002C207468652056656E646F72205065727D
:107DA4006970686572616C20626F617264207769C2
:107DB4006C6C20726561642031352042797465737E
:107DC400206F6620646174610D0A66726F6D2074A1
:107DD40068652056656E646F7220486F7374206204
:107DE4006F61726420616E642077726974652062C9
:107DF40061636B207468652073616D6520646174D0
:107E04006120746F207468652056656E646F7220FB
:107E1400486F737420626F6172642E205468652009
:107E240056656E646F720D0A486F737420616E64D8
:107E34002056656E646F7220506572697068657251
:107E4400616C206170706C69636174696F6E206924
:107E5400732064657369676E656420746F20636F53
:107E64006E74696E756F75736C79207472616E735C
:107E74006665722064617461206265747765656EFD
:107E840020626F74680D0A74686520626F617264A1
:107E9400732E20557365722077696C6C206265209F
:107EA40061626C6520746F2073656520616C6C2061
:107EB400746865206F7065726174696F6E20736594
:107EC4007175656E636520616E6420737461747589
:107ED40073206F6E204A4C696E6B2052545456695D
:107EE400657765722E0D0A000D0A525F5553425F85
:107EF4004F70656E206661696C65640D0A00000050
:107F04000D0A555342204F70656E65642073756386
:107F14006365737366756C6C792E0A0D000000003E
:107F24000D0A4572726F7220696E2073656E646902
:107F34006E6720757362206576656E74207468724E
:107F44006F7567682071756575650D0A000000001E
:107F54000D0A4572726F7220696E207265636569DD
:107F640076696E67206576656E74207468726F75C5
:107F740067682071756575650D0A000055534220C8
:107F8400436F6E66696775726564205375636365D4
:107F9400737366756C6C790D0A0000000D0A525FEC
:107FA4005553425F557365645069706573476574D2
:107FB400206661696C65640D0A0000000D0A427553
:107FC4006C6B506950653A202564205069706520B7
:107FD4004E756D6265723A20256400000D0A757352
:107FE400625F636F6E666967757265645F65766507
:107FF4006E745F70726F63657373206661696C651C
:10800400642E0D0A000000000D0A62756666657232
:108014005F636865636B206661696C65640D0A0063
:108024000D0A525F5553425F506970655772697407
:1080340065206661696C65642E0D0A000D0A55534E
:108044004220577269746520697320696E69746986
:10805400617465642066726F6D2050657269706822
:108064006572616C2056656E646F7220636C617317
:10807400730000000A5A4C502069732073756363BF
:1080840065737366756C6C79207772697474656E48
:108094002066726F6D205065726970686572616CDC
:1080A4002076656E646F72000D0A525F5553425F0D
:1080B4005069706552656164206661696C65642EFF
:1080C4000D0A00000D0A555342205265616420696F
:1080D4007320696E697469617465642066726F6D7A
:1080E400205065726970686572616C2056656E64B3
:1080F4006F7220636C6173730D0A00000D0A525F86
:108104005553425F50657269436F6E74726F6C535E
:108114007461747573536574206661696C65640D6C
:108124000A0000000D0A5553422041434B20737549
:10813400636365737366756C6C792073656E742004
:10814400746F20686F73740D0A0000000D0A525F8B
:108154005553425F50657269436F6E74726F6C441D
:10816400617461476574206661696C65640D0A0019
:108174000D0A5553422064617461206C656E677406
:108184006820697320726563656976656420667228
:108194006F6D20686F73740D0A0000000D0A525F42
:1081A4005541425F50657269436F6E74726F6C44DF
:1081B400617461536574206661696C65640D0A00BD
:1081C4000D0A5553422064617461206C656E6774B6
:1081D40068206973207365742073756363657373B2
:1081E40066756C6C7920696E20506572697068657B
:1081F40072616C0D0A0000000D0A7573625F73747E
:10820400617475735F7265717565737420666169F5
:108214006C65642E0D0A00000D0A55534220526508
:108224006164206F7065726174696F6E2020696E7D
:10823400697469617465642066726F6D205065723B
:108244006970686572616C2056656E646F72206334
:108254006C6173730D0A00000A5553422053544154
:10826400545553203A205553425F53544154555367
:108274005F4445544143480D0A0000000A555342E7
:1082840020535441545553203A205553425F53547C
:10829400415455535F53555350454E440D0A000005
:1082A4000A55534220535441545553203A205553B0
:1082B400425F5354415455535F524553554D450DF8
:1082C4000A0000000D0A70726F636573735F757343
:1082D400625F6576656E7473206661696C65642E91
:1082E4000D0A00005065726920546872656164006B
:1082F40075635356434E756D626572203C3D203361
:10830400000000002E2E2F72612F6673702F73727F
:10831400632F726D5F6672656572746F735F706FE1
:1083240072742F706F72742E630000002828285313
:1083340043425F54797065202A29202828307845E3
:1083440030303045303030554C29202B20307830B7
:10835400443030554C2920292D3E49435352202680
:1083640020283078314646554C202929203D3D208F
:10837400300000007578437269746963616C4E65FE
:108384007374696E67000000756C43757272656E74
:10839400745072696F72697479203E3D20282828D0
:1083A40028312929203C3C202838202D2034292913
:1083B40029203E3E202838202D20342900000000AA
:1083C4005F5F4E5649435F4765745072696F7269C7
:1083D400747947726F7570696E672829203C3D2057
:1083E4002838202D203429202D2031005043445F8B
:1083F40054534B002820282075696E74385F74200C
:108404002A20292028207078426C6F636B20292051
:108414003E3D202628207563486561705B2030202E
:108424005D20292029202626202820282075696EF1
:1084340074385F74202A20292028207078426C6FB9
:10844400636B2029203C3D20262820756348656104
:10845400705B2028323030303029202D2031205DCF
:1084640020292029000000002E2E2F72612F617711
:10847400732F4672656552544F532F467265655289
:10848400544F532F536F757263652F706F727461FD
:10849400626C652F4D656D4D616E672F6865617007
:1084A4005F342E63000000002820282075696E7454
:1084B400385F74202A20292028207076526574752C
:1084C400726E2029203E3D20262820756348656170
:1084D400705B2030205D202920292026262028209A
:1084E400282075696E74385F74202A20292028207A
:1084F400707652657475726E2029203C3D202628C2
:10850400207563486561705B202832303030302933
:10851400202D2031205D202920290000282028201A
:108524007078426C6F636B2D3E78426C6F636B5353
:10853400697A652029203C2028207857616E74656B
:108544006453697A6520292029203D3D20300000AC
:1085540028202820282073697A655F7420292070D8
:10856400784E6577426C6F636B4C696E6B20292083
:108574002620282030783030303720292029203D0B
:108584003D20300028202820282073697A655F74F4
:10859400202920707652657475726E202920262059
:1085A400282073697A655F74202920282030783068
:1085B40030303720292029203D3D203000000000A4
:1085C4002820282075696E74385F74202A20292099
:1085D400282070784C696E6B2029203E3D20262887
:1085E400207563486561705B2030205D2029202957
:1085F400202626202820282075696E74385F742070
:108604002A202920282070784C696E6B2029203C70
:108614003D202628207563486561705B2028323030
:1086240030303029202D2031205D202920290000E0
:1086340028202820282070784C696E6B2D3E7842C3
:108644006C6F636B53697A652029202620282028C3
:1086540020282073697A655F74202920312029201D
:108664003C3C202820282073697A656F6628207393
:10867400697A655F742029202A20282028207369BC
:108684007A655F742029203820292029202D203163
:1086940020292029202920213D2030202920213D66
:1086A4002030000070784C696E6B2D3E70784E65FA
:1086B400787446726565426C6F636B203D3D20287B
:1086C40028766F6964202A29302900002820282070
:1086D40075696E74385F74202A20292028207078E8
:1086E4004974657261746F722029203E3D202628EA
:1086F400207563486561705B2030205D2029202946
:10870400202626202820282075696E74385F74205E
:108714002A202920282070784974657261746F7248
:108724002029203C3D202628207563486561705B24
:108734002028323030303029202D2031205D20296E
:108744002029000078517565756500002E2E2F7262
:10875400612F6177732F4672656552544F532F46CC
:1087640072656552544F532F536F757263652F7141
:10877400756575652E6300007078517565756500C3
:108784007852657475726E20213D20282028202897
:108794002042617365547970655F7420292030200C
:1087A4002920290070785374617469635175657563
:1087B400650000007853697A65203D3D2073697A2D
:1087C400656F66282051756575655F742029000002
:1087D40070784E6577517565756500007848616EEF
:1087E400646C6500212820282070764974656D54D6
:1087F4006F5175657565203D3D202828766F696445
:10880400202A293029202920262620282070785142
:10881400756575652D3E75784974656D53697A651E
:1088240020213D2028205542617365547970655F8D
:1088340074202920305520292029000021282028AF
:108844002078436F7079506F736974696F6E203D3F
:108854003D202820282042617365547970655F7437
:10886400202920322029202920262620282070781B
:1088740051756575652D3E75784C656E6774682015
:10888400213D203120292029000000002128202812
:1088940020785461736B4765745363686564756CC1
:1088A400657253746174652829203D3D2028202871
:1088B4002042617365547970655F742029203020EB
:1088C400292029202626202820785469636B735494
:1088D4006F5761697420213D203020292029000030
:1088E40028206354784C6F636B202920213D202875
:1088F400202820696E74385F742029203132372093
:1089040029000000707851756575652D3E757849AC
:1089140074656D53697A65203D3D20300000000088
:108924002128202820707851756575652D3E706367
:1089340048656164203D3D202828766F6964202ABB
:108944002930292029202626202820707851756571
:1089540075652D3E752E7853656D6170686F72650F
:108964002E784D75746578486F6C64657220213D6E
:10897400202828766F6964202A2930292029202973
:108984000000000028207078517565756520290065
:10899400212820282028207076427566666572207A
:1089A40029203D3D202828766F6964202A29302912
:1089B40020292026262028202820707851756575C6
:1089C4006520292D3E75784974656D53697A652053
:1089D400213D2028205542617365547970655F7488
:1089E4002029203055202920290000007854617363
:1089F4006B0000002E2E2F72612F6177732F467249
:108A0400656552544F532F4672656552544F532F28
:108A1400536F757263652F7461736B732E630000FB
:108A240075785072696F72697479203C20283529F1
:108A34000000000070785443422D3E756353746106
:108A4400746963616C6C79416C6C6F6361746564A7
:108A5400203D3D202820282075696E74385F7420DD
:108A6400292032202900000028202820282028201E
:108A7400707844656C617965645461736B4C697397
:108A84007420292D3E75784E756D6265724F664966
:108A940074656D73203D3D202820554261736554F3
:108AA4007970655F74202920302029203F202820F8
:108AB400282042617365547970655F7420292031E0
:108AC4002029203A20282028204261736554797097
:108AD400655F7420292030202920292029000000E6
:108AE400707578537461636B427566666572202194
:108AF4003D202828766F6964202A29302900000047
:108B040070785461736B42756666657220213D20EE
:108B14002828766F6964202A293029007853697AD5
:108B240065203D3D2073697A656F66282054434271
:108B34005F742029000000007578536368656475CC
:108B44006C657253757370656E646564203D3D2079
:108B5400300000007852657475726E20213D202823
:108B6400202D3120290000007578536368656475F1
:108B74006C657253757370656E64656420213D2065
:108B840030550000707850726576696F757357615F
:108B94006B6554696D65000028207854696D6549DA
:108BA4006E6372656D656E74203E20305520290019
:108BB40075785363686564756C6572537573706515
:108BC4006E646564203D3D20315500007578546F16
:108BD400705072696F72697479000000707845761C
:108BE400656E744C697374007078556E626C6F6353
:108BF4006B65645443420000707854696D654F7529
:108C04007400000070785469636B73546F57616922
:108C140074000000546D7251000000002820785444
:108C2400696D6572506572696F64496E5469636BEE
:108C340073203E20302029002E2E2F72612F617761
:108C4400732F4672656552544F532F4672656552B1
:108C5400544F532F536F757263652F74696D65722A
:108C6400732E63002820707854696D65722D3E78E8
:108C740054696D6572506572696F64496E546963B5
:108C84006B73203E2030202900000000546D7220B8
:108C9400537663007852657475726E0000000000AC
:108CA40000005454522052454747455300000000E9
:108CB400303132333435363738394142434445460E
:108CC40028010020BC000020EC0000201C01002032
:108CD400000000200700000068616E646C655F6539
:108CE40072726F72000000007573625F7374617456
:108CF40075735F7265717565737400007573625F77
:108D0400636F6E666967757265645F6576656E74B8
:108D14005F70726F636573730000000070726F633D
:108D24006573735F7573625F6576656E7473000057
:108D34007573625F706572695F76656E646F725F8A
:108D44007468726561645F656E7472790000000016
:108D540021000000608D0000000000000080000081
:108D640000000000008000000100000000800000FE
:108D7400020000000000000003000000008000006A
:108D84000400000000800000050000000000000056
:108D94000600000000000000080000000080000041
:108DA4000D000000000000000E00000000000000A4
:108DB4000F0000000000010700010000000001078F
:108DC4000101000000000000050100000000010096
:108DD400080100000000000009010000000000007C
:108DE4000A010000000000000B010000040C000058
:108DF4000D010000040C0100070200000000010046
:108E04000003000000000000010300000000000057
:108E1400020300000000000004030000040C000032
:108E24000004000000000110010400000000011013
:108E3400020400000000000003040000000C011301
:108E44000704000000000000080400000000000007
:108E540009040000000001040A04000000000104E9
:108E64000B040000000000000201008AC48C000012
:108E7400000000000001DFDFDFDFDF0C0C0C0CFF63
:108E8400FFFF0000D10D0000000000000000000002
:108E940000000000000000006D006E0076506F724C
:108EA4007456616C6964617465496E746572727537
:108EB40070745072696F72697479000076506F72C1
:108EC4007445786974437269746963616C00000065
:108ED40076506F7274456E74657243726974696317
:108EE400616C000076506F727453564348616E642F
:108EF4006C65725F43000000020403040404000074
:108F040002000000548F000003000000248F0000C2
:108F1400010000001C8F000080010020800100205F
:108F240000000020000000200000006000010C038D
:108F340000000020000000200000000800000203E0
:108F4400000000206C010020480000000000010324
:108F54006C0100208001002000000003980500201F
:108F64002077002000000003010002000800100028
:108F740020000000707276496E73657274426C6FE3
:108F8400636B496E746F467265654C697374000057
:108F940076506F7274467265650000007076506F8B
:108FA40072744D616C6C6F630000000076517565DE
:108FB4007565416464546F526567697374727900AE
:108FC40076517565756544656C65746500000000CF
:108FD40078517565756553656D6170686F72655418
:108FE400616B650078517565756552656365697671
:108FF4006500000078517565756547656E65726931
:109004006353656E6446726F6D49535200000000ED
:1090140078517565756547656E6572696353656EEC
:109024006400000078517565756543726561746507
:10903400436F756E74696E6753656D6170686F72A6
:109044006553746174696300785175657565476526
:109054006E65726963437265617465007851756504
:10906400756547656E6572696343726561746553BE
:1090740074617469630000007851756575654765AE
:109084006E65726963526573657400007854617328
:109094006B436865636B466F7254696D654F757495
:1090A40000000000785461736B52656D6F766546FD
:1090B400726F6D4576656E744C69737400000000C0
:1090C400765461736B506C6163654F6E4576656E63
:1090D400744C697374526573747269637465640063
:1090E400765461736B506C6163654F6E4576656E43
:1090F400744C697374000000765461736B53776920
:10910400746368436F6E7465787400007854617397
:109114006B496E6372656D656E745469636B0000B0
:10912400785461736B526573756D65416C6C0000A6
:10913400765461736B5374617274536368656475B8
:109144006C657200765461736B44656C61790000E0
:1091540070727644656C6574655443420000000087
:10916400765461736B44656C6574650070727649FE
:109174006E697469616C6973654E65775461736B6C
:109184000000000070727643726561746553746107
:109194007469635461736B0004000000707276504C
:1091A400726F636573735265636569766564436F53
:1091B4006D6D616E647300007854696D65724372FD
:1091C4006561746554696D65725461736B00000068
:1091D4004275696C7420776974682052656E657392
:1091E400617320416476616E63656420466C6578C2
:1091F40069626C6520536F66747761726520506193
:10920400636B6167652076657273696F6E20362EB5
:10921400362E3000362E362E3000000000000606B2
:04922400F8B500BFDA
:04922800F8B500BFD6
:04922C00210200001B
:04923000F901000040
:020000040100F9
:04A10000FFFFFFFF5F
:04A20000FFFDFFFF60
:0400000300005B1589
:00000001FF
