:020000040200F8
:10000000E0110022F1EE0002C1ED000201EF00025A
:1000100001EF000201EF000201EF000201EF000218
:10002000000000000000000000000000092C000299
:1000300001EF000200000000212C0002912C0002C0
:10004000C1840002F9840002218500024985000272
:1000500071850002A9850002D185000249E30002F2
:1000600049E30002410B0002D9090002B90A00026B
:040070001109000270
:10007400102B01AD000018A00000000000000000DB
:1000840000000000000000A80000000000000000C4
:10009400000000000080DD010002000000040000F8
:1000A40094710022000000000000000014002540AC
:1000B40014002540000000001800254018002540C9
:1000C400000000001C0025401C0025401410354091
:1000D4001610354017103540181035401A103540A9
:1000E4001B1035401C1035401E1035401F10354084
:1000F40000000000000000000000000000000000FC
:1001040000000000000000000000000000000000EB
:1001140000000000000000000000000000000000DB
:1001240000000000000000000000000000000000CB
:1001340000000000000000000000000000000000BB
:100144000000000000000000A9580002215900022C
:10015400A958000200000000000000000000000098
:10016400000000000000000000000000000000008B
:10017400000000000000000000000000000000007B
:10018400000000000000000000000000000000006B
:10019400000000000CB0002210B0002214B00022B5
:1001A40018B000221CB0002220B0002224B000228B
:1001B40028B000222CB0002230B0002234B000223B
:1001C4000000000038B000223CB0002240B0002201
:1001D40044B000220000000048B000224CB00022CD
:1001E40050B0002254B0002258B000220194000202
:1001F40031940002319400023194000239940002D7
:10020400319400023194000231940002719400028E
:100214003194000231940002A1940002319400024E
:10022400319400023194000271BC000201BE00024C
:1002340071BC000271BC000271BC000271BC0002FE
:0802440071BE0002E1BE0002E0
:080250000100000000000000A5
:100260002DE9F047044680780D46097820F0030018
:10027000E561D5E90523471CD5F81C80A77048F235
:100280000007E362C4F2350707EB01216F78C4E988
:10029000081200212170A16217B940F00200A0707D
:1002A00095F90B204EF20019CEF2000901265009F3
:1002B00002F01F034CF2003AA97A09EB800006FA1B
:1002C00003F3C4F2000A4EF6185CC0F88030CEF298
:1002D000000CBFF34F8FBFF36F8F5AF82230002A04
:1002E00023F480334AF822304FEA01115AF82230C1
:1002F00004D409EB020383F8001304E002F00F03B7
:10030000634403F8041C95F905304DF2C43EC2F273
:10031000002E01215E0903F01F004EF8224001FA71
:1003200000F009EB86062979002BC6F880004FEA19
:100330000112BFF34F8FBFF36F8F5AF8230020F4E1
:1003400080304AF823005AF8230004D409EB030054
:1003500080F8002304E003F00F00604400F8042C50
:1003600095F9072001264EF82340AB79500902F099
:100370001F0106FA01F1002A09EB80004FEA03137E
:10038000C0F88010BFF34F8FBFF36F8F5AF8220071
:1003900020F480304AF822005AF8220004D409EBF5
:1003A000020080F8003304E002F00F00604400F81F
:1003B000043C95F909304EF822402A7A580903F096
:1003C0001F0106FA01F1002B09EB80004FEA02122F
:1003D000C0F88010BFF34F8FBFF36F8F5AF8230020
:1003E00020F480304AF823005AF8230004D409EBA3
:1003F000030080F8002304E003F00F00604400F8DD
:10040000042C4EF823400120EFF3108680F310886F
:1004100028784FF0004121FA00F043F20401C4F2C1
:1004200020010A6822EA0000086008681E200121F5
:100430000EF082FC86F310884FF48061206A4FF43E
:1004400080428160E869E9786E78437802EA813118
:10045000077866F30921DA03437B92B207F00307BA
:1004600003F00103114441EA4352236A42EA07625E
:10047000416802F580525A61027802F0FE03022BB5
:1004800007D14FF60471022ACFF6007108BF203160
:1004900000E00968226A11610C22017BAB78877841
:1004A00062F39F014FF44072022B08BF4FF4807239
:1004B000002B07F00103276A18BF114341EA0371BB
:1004C000F960226A002191612A78092A04D8226AF7
:1004D0000023C1F61F735362B0F80F20807B236A9C
:1004E00040EA022041F60172C0F21F021040186378
:1004F000C4E90311206A1022C4E90511C9F60752A4
:10050000B8F80A1021818266E06990F905104A095D
:1005100001F01F035AF8210020F480304AF821002E
:100520005AF8210009F5C0700121BFF35F8F01FA6D
:1005300003F340F8223049F82230E26992F90B20A7
:100540005AF8223023F480334AF822305AF8223005
:10055000530902F01F02BFF35F8F01FA02F240F865
:10056000232049F82320E26992F907205AF8223023
:1005700023F480334AF822305AF82230530902F02B
:100580001F02BFF35F8F01FA02F240F8232049F8FF
:100590002320E26992F909205AF8223023F48033AB
:1005A0004AF822305AF82230530902F01F02BFF3F2
:1005B0005F8F914040F8231049F8231040F2114119
:1005C000206AC0F201018160206A00BF00BF00BF45
:1005D000017FC907FCD044F642110020C5F2433127
:1005E0006160BDE8F087D4D4D0F820C0DCF80830D2
:1005F00023F44013CCF80830D0F820C000BF00BF6F
:10060000DCF848305B00FBD5DCF8083023F0100341
:10061000CCF80830D0F820C09CF81C30DB06FBD4A6
:10062000C0E903120020DCF8081041F01011CCF8EA
:1006300008107047D4D4D4D4026A4FF6EE73CFF6C4
:10064000CE73D2F808C003EA0C039360026A002359
:10065000C36009681161016A00202CF440128A60AD
:100660007047D4D4D4D4D4D444F642124168C5F2ED
:10067000433291426DD1B0B5016A8A6822F44012CA
:100680008A60016A8A6822F010028A60016A00BFEB
:100690000A7FD206FCD4C1694EF2801CCEF2000C57
:1006A000054691F907104A0901F01F03012101FADB
:1006B00003F34CF82230BFF34F8FBFF36F8FC26943
:1006C00092F90920530902F01F0201FA02F24CF8D4
:1006D0002320BFF34F8FBFF36F8F026A936823F419
:1006E00080339360C26992F90520530902F01F021A
:1006F00001FA02F24CF82320BFF34F8FBFF36F8F44
:10070000C26992F90B20530902F01F0201FA02F2AA
:100710004CF8232043F20402BFF34F8FBFF36F8FD7
:10072000EFF3108481F31088C169C4F220024FF006
:10073000004C1E20097813682CFA01F1194311604E
:10074000116801210EF0F8FA84F310880020686027
:10075000B0BD07207047D4D42DE9F04F8BB0FF25F2
:100760001C46C0F2FE051B6803EA05074EF254035F
:10077000C4F2010347F0004747F47F4727601F7822
:100780000E460192049007F00F07022F03D80120B4
:1007900000FA07F70EE0F81E052806D249F65021A8
:1007A000C0F2012151F8207004E0A7F108001021E7
:1007B00001FA00F7587848F2A068C0F2010800F08A
:1007C0000F000EF059FA0199414580F29580B0FB77
:1007D000F7F003904FF0000B010A0691A0FB08010F
:1007E000CDE90910012105F57F4008900020059012
:1007F0000FE000BF00BF00BF0198012105910299E1
:1008000080455FEADF9001424FF000004FF00001A9
:1008100076D00027029102E001370D2FECD040F294
:100820004B200599F84000F001008142F4D149F6CF
:1008300034200499C0F2012030F8170001FB00FABF
:100840000398B0FBFAF9B9F5807F98BF8245E3D8E9
:1008500049F626207022C0F20120C05DC0F3C1011C
:1008600002EA001040EA0150079000BF00BF00BF3D
:1008700009FB0AF5DDE90910EB172A4616F024FA00
:1008800076B10699B5FBF1F1C9B28029C4D34843CA
:10089000C21700EB1260001203E000BF00BF00BFF0
:1008A000002147F6601248F2A063CFF6FE72C0F254
:1008B00001031218A9F1010948BF1A1A42450DDABD
:1008C0004FEA09208F25236880B2CFF6CF758B467B
:1008D0002B40079D2843904618432060002E9BD054
:1008E000206808990840B9F1000F40EA0B6040F415
:1008F00080302060BCD18FE700200BB0BDE8F08FC6
:1009000001998845C8BF03200BB0BDE8F08FD4D44F
:1009100010B584B04FF07041EFF3038001EB00603D
:100920004CF200318015C4F20001425822F48032AA
:1009300042504DF2C4324158C2F200221458E069CC
:1009400000690028206902D0E0B104B010BDC8B130
:10095000A07800F003000228E06805D10088216A31
:1009600020F4DC40486002E0216A00780871A07839
:10097000E26800F003012069401A20611144E1603F
:100980000028E2D1206A0222816862F31551816059
:10099000616A00200029E060D7D0A06A40B1D0E9A8
:1009A00000CED0E90223CDE90223CDE900CE00E05C
:1009B0006846E269E36A12780260802202710022CE
:1009C000C0E902238847A06A00281CBF9DE81E00DA
:1009D0001EC004B010BDD4D4B0B586B04FF0704185
:1009E000EFF3038001EB00604CF200318015C4F29C
:1009F0000001425822F4803242504DF2C432415834
:100A0000C2F200221458A07800F00302206A022AE1
:100A100003D101686FF35F2100E00178A0690191C3
:100A2000D0B1606901A916F05BFCA078D4E9051289
:100A300000F003000144101AC4E9051037D1616ABF
:100A4000A9B3A06A00B3D0E900C3D0E90252CDE94E
:100A50000452CDE902C318E0626A42B3A06A40B111
:100A6000D0E900CED0E90235CDE90435CDE902CE9A
:100A700000E002A8E369E56A1B78C0E9021503609B
:100A80000423037190470AE002A8E269E36A12783E
:100A90000260012202710022C0E902238847A06A95
:100AA00028B102AD2ECD016042608360C56006B002
:100AB000B0BDD4D4D4D4D4D4B0B584B04FF0704148
:100AC000EFF3038001EB00604DF2C4328115C2F2F6
:100AD00000224FF6EF7304165558CFF6CF73296AEC
:100AE0008A681A408A60696AD9B1A86A40B1D0E9B7
:100AF00000CED0E90223CDE90223CDE900CE00E00B
:100B00006846EA69EB6A12780260022202710022EA
:100B1000C0E902238847A86A00281CBF9DE82E0070
:100B20002EC04CF20030C4F2000050F8241021F422
:100B3000803140F8241050F8240004B0B0BDD4D463
:100B4000F0B585B04FF07041EFF3038001EB00602A
:100B50004DF2C4328115C2F200225458A178236AA2
:100B600001F00301022904D1D3F800C06FF35F2C18
:100B700001E093F800C09A6C2025082105EAD245CF
:100B80004FF0100E01EA12611EEA126229440A4473
:100B900003D0996C090458BF4032996E051641F094
:100BA000C8519966636AC3B1A06A40B1D0E900E157
:100BB000D0E90267CDE90367CDE901E100E001A8D2
:100BC000E169027109780160E16AC0E902C19847F0
:100BD000A06A10B101AF8ECF8EC04CF20030C4F2CB
:100BE000000050F8251021F4803140F8251050F80D
:100BF000250005B0F0BDD4D449F678210268C0F2D2
:100C0000012109788A4244D1017904290AD00229B4
:100C10003FD141F24020C2F20020017841F00201B0
:100C20000170704741F24121C2F20021097881B37D
:100C300041F24421C2F200210A6880683F2A0FD89D
:100C40000A68531C0B6041F24823C2F200239854F7
:100C500041F24022C2F20022137843F004031370E1
:100C6000C0B208280ED00D2818BF0A2811D1086874
:100C700078B141F24020C2F20020017841F0010138
:100C8000017070470868022838BF7047086801384B
:100C900008607047D4D4D4D44DF2C031EFF3108241
:100CA000C2F20021012080F310880868002840F675
:100CB0001450C4F2400003D100230370402303709A
:100CC0000B6801330B6082F310884FF63862CFF661
:100CD000FF7240F60043C0F2014383504FF6346286
:100CE000CFF6FF7283500123EFF3108283F3108855
:100CF0000B6813B10B68013B0B60096819B900213F
:100D000001708021017010B541F2102049F6782160
:100D100082F31088C2F20020C0F20121FFF7A0FA8E
:100D200000B110BD49F664200021C0F201204FF44B
:100D30007A6244684FF4E1302346FFF70DFD002846
:100D4000EFD141F210202146C2F20020FFF774FCDF
:100D5000002818BF10BD41F241200121C2F200203D
:100D60000170002010BDD4D441F21020C2F2002046
:100D70004068002808BF704741F21020C2F20020EE
:100D8000FFF772BCD4D4D4D483B0B0B581B00446DC
:100D900005A80EC041F2882005AAC2F20020214613
:100DA000009217F05CFD002829D441F28820C2F29D
:100DB000002016F06EFB20B341F240250446C2F23B
:100DC000002541F28821C2F200212246287800F055
:100DD000FD00287041F21020C2F20020FFF704FC51
:100DE00090B90020A0EB0414287880070BD456207B
:100DF00001210DF0A1FF0134F6D3142004E00320FB
:100E000002E0172000E0002001B0BDE8B04003B0D0
:100E10007047D4D4D4D4D4D470B541F241250C4613
:100E2000C2F2002541F24426012CC2F200264FF006
:100E3000000129700DD1316859B1316841F2482261
:100E4000013931603168C2F20022515C0170012029
:100E500070BD3168A14241F2482138BF3468C2F206
:100E60000021224616F03CFA41F24020C2F2002056
:100E7000017801F0FA010170002030600120287033
:100E8000204670BDD4D4D4D441F24020C2F2002018
:100E9000007800F001007047022818BF704747F241
:100EA00094504CF20811C2F20020C0F201210CF063
:100EB0008FBFD4D4D4D4D4D482B00020019001A860
:100EC0000DF02AFF47F2EC650021C2F20025002256
:100ED0000023286813F0F4FB47F2A0600021C2F25F
:100EE000002000220023006813F0EAFBFFF7D4FE85
:100EF00000B100BE28684FF0FF3113F029FDB0B1FA
:100F00009DF806309DF8072049F6BE4049F6A061DD
:100F10009DF80570C0F20120C0F201210097FFF793
:100F200033FF286800210022002313F0C9FB286842
:100F30004FF0FF314FF0FF3913F00AFD58B149F679
:100F4000A460C0F20120FFF71FFF286800210022E3
:100F5000002313F0B5FB01F0BBFB4BF6507041F6DC
:100F60008821C0F20120C2F2002147F2546747F6FF
:100F7000F8468278C06908604CF69C40C2F20020B6
:100F800047F668544AF6597841F28101C2F20027C7
:100F90004FF0C80AC2F20026C2F20024C0F20128B3
:100FA000C0F2002140F8221028684FF0FF3113F002
:100FB000CFFC40B14046FFF7E7FE28680021002241
:100FC000002313F07DFB3868062100220023CDF8B2
:100FD000009013F089F83868062100220123CDF82B
:100FE00000A013F081F8410712D4306830B114F03A
:100FF00013FC012802D0306814F08EFD206890B3F5
:1010000014F00AFC03282ED0206814F069FC2AE0B2
:10101000800709D43068B8B114F0FEFB032813D060
:10102000306814F05DFC0FE03868102113F004F80C
:10103000306848B114F0F0FB012805D0306814F096
:101040006BFD00BF00BF00BF206860B114F0E4FB7F
:10105000012808D0206814F05FFD04E000BF00BF45
:10106000012014F079FB3868002113F0F1F810F03A
:10107000060FF5D1012014F06FFB95E7D4D4D4D43A
:1010800070B582B0C378002601968B2B11D0942BBB
:101090003BD1437B1B02B3F5005F05D0B3F5085F7E
:1010A00018BFB3F5045F60D102B0BDE8704000F036
:1010B0006FBB8379032B24D147F2546344F2413C44
:1010C000C2F20023C0F2012C14460222D3F800E041
:1010D00001AB054660460E46714615F089FD034694
:1010E00031462246284663B1019B53B14EF6045364
:1010F0004FF08056CEF200031E60BFF34F8FBFF358
:101100006F8F00F045FB02B070BD8379032B24D1B3
:1011100047F2546344F2413CC2F20023C0F2012C76
:1011200014460822D3F800E001AB054660460E469F
:10113000714615F05DFD034631462246284663B1EF
:10114000019B53B14EF604534FF08056CEF200038C
:101150001E60BFF34F8FBFF36F8F41F68823C2F23B
:1011600000231B68984702B070BD41F68823C2F285
:1011700000231B6802B0BDE870401847D4D4D4D413
:1011800010B50446002847F25460C2F2002018BF90
:10119000022461F382040068002113F059F8204210
:1011A0005FEA0F9010BDD4D42DE9F04190B047F222
:1011B00054670021C2F200270026386813F048F86F
:1011C00010F0060F3DD047F2EC654BF2E6286C4676
:1011D000C2F20025C0F2012800260BE000BF00BFCC
:1011E000012014F0B9FA3868002113F031F810F03A
:1011F000060F26D0FFF748FE0028F1D040212046F8
:10120000FFF70AFE80B928684FF0FF3113F0A0FB0A
:101210000028E5D04046FFF7B7FD286800210022EE
:10122000002313F04DFADBE704460120012614F0F9
:1012300093FA41F68C206946C2F20020224616F04D
:101240004FF8304610B0BDE8F081D4D4D4D4D4D413
:1012500010B5044616F01DF9002808BF10BD01198D
:101260004A1E0021134603E0013811701A4605D0CA
:1012700013F801490D2CF7D00A2CF5D010BDD4D4A9
:1012800084B047F6F840C2F20020006814F028FB52
:101290000FF2EC4041F6D821C2F2002141F6D42AE7
:1012A00090ED009F0FF2B8404AF6280747F23466E7
:1012B00041F6E02B47F2EC6941F68C2890ED00BF37
:1012C0000FF2AC400025C2F2002AC0F20127C2F2A0
:1012D0000026C2F2002B90ED00DFC2F20029C2F21C
:1012E0000028C1E9005506E04821404615F054FFAA
:1012F000012014F031FA9AF80000012804D19AF87C
:101300000000394601F040FA30680022594613F0D7
:101310005FFD012840F0DC80DBF80040A079033855
:10132000072800F2D580DFE800F004D3D35DD33D79
:10133000739441F6E4200821C2F200200022002329
:10134000C824057041F6E520C2F200200094057023
:1013500047F25460C2F20020006812F0C5FE47F266
:101360005C14DBF80000C2F200240B2202A9E27038
:1013700041F6D822C2F2002243784FF4E13089EDE1
:10138000008F106008209071204695800CF0E4FBDF
:10139000002800F09D804BF6CE41C0F2012101F003
:1013A000F3F995E0607B0002B0F5085F72D0B0F50C
:1013B000005F40F08D80637802A947F25C100DF168
:1013C0000702C2F200208DF8075089ED00CF0CF023
:1013D000C3FB00287CD049F6EC21C0F2012101F0CA
:1013E000D3F975E0D9F800004FF0FF3113F0B0FAEF
:1013F00000286DD04BF65420C0F20120FFF7C4FC4A
:10140000D9F8000000210022002313F059F95FE011
:10141000D9F800004FF0FF3113F09AFA98B1DBF8D9
:10142000000041F6E822C2F2002281684AF6867086
:10143000C0F20120FFF7A8FCD9F80000002100222B
:10144000002313F03DF941F6E840C2F20020057098
:101450003EE0C84641F6E829C2F200294FF4007187
:10146000484615F099FE637847F25C104FF400721D
:10147000C2F200204946C14641F68C28C2F200283B
:101480000CF0AAF820B34AF65141C0F2012101F054
:101490007BF91DE0637802A947F25C1041F6D8227F
:1014A000C2F20020C2F2002289ED00AF0CF054FB22
:1014B00028B14BF6AB21C0F2012101F065F941F6EC
:1014C000E5200121C2F20020017000BF00BF00BF73
:1014D00041F6E520C2F20020007801287FF408AF31
:1014E00041F6E840C2F20020007800287FF400AF07
:1014F00047F254600021C2F20020006812F0A8FEFA
:10150000C10600F1818080077FF5F2AED9F80000B6
:101510004FF0FF3113F01CFA60B14AF2C430C0F250
:101520000120FFF731FCD9F8000000210022002340
:1015300013F0C6F8D9F800004FF0FF3113F008FAA5
:1015400060B14BF67520C0F20120FFF71DFCD9F801
:10155000000000210022002313F0B2F847F2A0603F
:101560004FF0FF31C2F20020006813F0F1F90028BB
:101570003FF4BEAEFFF718FE044647F2A060C2F289
:101580000020002100220023006813F099F80A20AF
:1015900014F0E2F8002C3FF4ABAE98F80000A0F194
:1015A0003101022902D30D2840F0BC8041F6E84108
:1015B00041F6EC44C2F20021C2F20024012008707E
:1015C0004FF40071204615F0E7FD404615F061FF2D
:1015D00002462046414615F083FEDBF8000001225A
:1015E0002146437847F25C10C2F200200CF038F834
:1015F00000283FF47DAE4BF22261C0F2012101F0E0
:10160000C3F875E600BF00BF41F6E420C2F2002037
:101610000078D0B9D9F800004FF0FF3113F098F9F5
:1016200068B14BF2F9000121C0F20120FFF7ACFBD9
:10163000D9F8000000210022002313F041F841F600
:10164000E4210120C2F20021087098F8000031283E
:101650007FF44EAED9F800004FF0FF3113F078F967
:1016600060B14BF67520C0F20120FFF78DFBD9F871
:10167000000000210022002313F022F847F2A060AE
:101680004FF0FF31C2F20020006813F061F900282A
:101690003FF42EAEFFF788FD804647F2A060C2F20D
:1016A0000020002100220023006813F009F80A201E
:1016B00014F052F8B8F1000F41F68C28C2F200285D
:1016C0003FF416AE41F6E8410120C2F20021087055
:1016D0004046FFF7BDFD41F6EC444FF40071C2F205
:1016E0000024204615F058FD404615F0D2FE024673
:1016F0002046414615F0F4FDDBF800004FF400727F
:101700002146437847F25C10C2F200200BF0A8FF9C
:1017100000283FF4E9AD4BF22261C0F2012101F053
:1017200033F8E1E5D9F800004FF0FF3113F010F97C
:1017300060B14BF21040C0F20120FFF725FBD9F851
:10174000000000210022002312F0BAFF41F6E84019
:10175000C2F200200570CBE500BF00BF00BF00BF94
:10176000A1210000000000000000000007000000B0
:101770002122000000000000000000000000000026
:101780002120000000000000000000000700000011
:1017900080B582B08179019006290ED141F6E5200D
:1017A00047F25462C2F20020C2F20022002101700E
:1017B00010684FF6FF7112F04BFD47F2346001A93B
:1017C000C2F2002000220023006812F079FF0128F5
:1017D00005D041F6D4200121C2F20020017002B0F0
:1017E00080BDD4D4D4D4D4D484B047F66850C2F2E7
:1017F0000020006814F074F800F02EFE47F2EC6A46
:10180000C2F2002AA0B30446DAF800004FF0FF311C
:1018100013F09EF8A0B14BF2F3204AF25E414AF673
:101820006B42C0F20120C0F20121C0F20122FFF799
:10183000ABFADAF8000000210022002312F040FF8A
:10184000DAF800004FF0FF3113F082F868B14AF681
:10185000A0402146C0F20120FFF796FADAF8000016
:1018600000210022002312F02BFFFFF77DFA00BEBB
:1018700041F6EC6B4BF6F94747F2A06941F6ED648F
:1018800041F6F068C2F2002B0025C0F20127C2F237
:101890000029C2F20024C2F2002808E0FFF764FA2F
:1018A00000BE00BF00BF00BF012013F055FF9BF832
:1018B0000000012812D1DAF800004FF0FF3113F0D8
:1018C00047F848B13846FFF75FFADAF80000002120
:1018D0000022002312F0F4FE8BF80050D9F800002B
:1018E0004FF0FF3113F034F8002800F09183FFF738
:1018F0005BFC0646D9F8000000210022002312F00C
:10190000DFFE0A2013F028FF002E00F0818341F64D
:101910008C20C2F200200078A0F1360111F1060FF0
:101920000DD8DAF800004FF0FF3113F011F800285D
:1019300000F06E834BF6D700C0F201205FE3313830
:10194000DFE810F0660305000C018501720000203D
:101950000121FFF715FC002800F0468320780128BC
:1019600040F04283DAF800004FF0FF3112F0F0FF50
:1019700060B14AF21170C0F20120FFF705FADAF8FF
:10198000000000210022002312F09AFEDAF8000085
:101990004FF0FF3112F0DCFF464660B14AF274406E
:1019A000C0F20120FFF7F0F9DAF800000021002270
:1019B000002312F085FE30680022C0F3C711002317
:1019C000304610F08DFA002800F03582B0684FF0F4
:1019D000FF31C66ADAF8000012F0BAFF40F6F4717F
:1019E0008E4200F2A08388B1D8F8080040F6F57264
:1019F000C16A4AF61C60C0F20120FFF7C5F9DAF8A7
:101A0000000000210022002312F05AFEDAF8000044
:101A10004FF0FF3112F09CFF002800F0F9824AF2EB
:101A2000BF50C0F20120EAE200200121FFF7A8FB2D
:101A3000002800F03E812078012840F03A8147F2EA
:101A400080104146C2F2002001F00EFCA0B3064611
:101A5000DAF800004FF0FF3112F07AFFA0B14BF23C
:101A6000F3204BF28D114AF6D172C0F20120C0F280
:101A70000121C0F20122FFF787F9DAF80000002106
:101A80000022002312F01CFEDAF800004FF0FF31B4
:101A900012F05EFF68B14AF6A0403146C0F2012064
:101AA000FFF772F9DAF8000000210022002312F09B
:101AB00007FEFFF759F900BE47F28010C2F200207E
:101AC00001F0DEFBA0B30646DAF800004FF0FF316C
:101AD00012F03EFFA0B14BF2F3204BF28D114AF20F
:101AE0007C72C0F20120C0F20121C0F20122FFF796
:101AF0004BF9DAF8000000210022002312F0E0FD8B
:101B0000DAF800004FF0FF3112F022FF68B14AF618
:101B1000A0403146C0F20120FFF736F9DAF80000A4
:101B200000210022002312F0CBFDFFF71DF900BEBB
:101B3000DAF800004FF0FF3112F00AFF60B14AF608
:101B4000CF60C0F20120FFF71FF9DAF80000002192
:101B50000022002312F0B4FD2570BEE0DAF8000088
:101B60004FF0FF3112F0F4FE60B14BF25E70C0F244
:101B70000120FFF709F9DAF8000000210022002314
:101B800012F09EFD002001210395CDE90155FFF7DC
:101B9000F7FA002800F001812078012840F0FD804C
:101BA0004BF6D6204BF67411C0F20120C0F2012191
:101BB000002611F0E5FC002800F01381054641F6EF
:101BC00008704FF420514122C2F2002015F0DFFAD4
:101BD00044F208704FF42051C2F2002015F0DCFAF4
:101BE000DAF800004FF0FF3112F0B2FE60B14BF2B4
:101BF000D740C0F20120FFF7C7F8DAF80000002153
:101C00000022002312F05CFD41F6087001214FF420
:101C10002052C2F200202B4611F0A2FDB0F5205F49
:101C200040F01781284611F06FFD002800F01A835C
:101C3000DAF800004FF0FF3112F08AFE4BF6F94758
:101C40000028C0F20127354640F048815BE1DAF810
:101C500000004FF0FF3112F07BFE60B14BF25E707E
:101C6000C0F20120FFF790F8DAF80000002100220E
:101C7000002312F025FD4BF6D620C0F2012011F012
:101C800087FD002800F099800020002114F078FBE7
:101C9000022840F0BD81DAF800004FF0FF3112F069
:101CA00057FE002800F0B4814AF20030C0F2012053
:101CB000A5E1DAF800004FF0FF3112F049FE60B103
:101CC0004BF62910C0F20120FFF75EF8DAF80000A9
:101CD00000210022002312F0F3FCD9F800004FF09D
:101CE000FF3112F035FE002800F09281FFF75CFA18
:101CF0000646D9F8000000210022002312F0E0FC83
:101D00000A2013F029FD002E00F0828147F2546072
:101D10004FF6FF71C2F20020006812F099FA00F04D
:101D2000D7FC00F099FBA0B30646DAF800004FF0AC
:101D3000FF3112F00DFEA0B14BF2F3204AF6E04164
:101D40004AF66B42C0F20120C0F20121C0F201222A
:101D5000FFF71AF8DAF8000000210022002312F041
:101D6000AFFCDAF800004FF0FF3112F0F1FD68B17E
:101D70004AF6A0403146C0F20120FFF705F8DAF834
:101D8000000000210022002312F09AFCFEF7ECFF75
:101D900000BE01208BF800003AE1DAF800004FF0B5
:101DA000FF3112F0D5FD002800F0C6804BF6291057
:101DB000C0F20120FEF7E8FFB7E0DAF800004FF0CC
:101DC000FF3112F0C5FD002800F022814AF6C04024
:101DD0004BF6D621C0F20120C0F20121FEF7D4FF5C
:101DE0000FE1DAF800004FF0FF3112F0B1FDA0B1C1
:101DF0004BF2F3204BF2BD614BF6E122C0F2012021
:101E0000C0F20121C0F20122FEF7BEFFDAF80000A5
:101E100000210022002312F053FCDAF800004FF0FA
:101E2000FF3112F095FD4BF6F9470028C0F201276B
:101E300035466FD180E0DAF800004FF0FF3112F044
:101E400087FD002800F0E4804BF6C050C0F201206E
:101E5000D5E0DAF800004FF0FF3112F079FDA0B1C3
:101E60004BF2F3204BF2BD614BF67612C0F201202B
:101E7000C0F20121C0F20122FEF786FFDAF800006D
:101E800000210022002312F01BFCDAF800004FF0C2
:101E9000FF3112F05DFD88B10020002114F070FACE
:101EA00001464BF21130C0F20120FEF76DFFDAF867
:101EB000000000210022002312F002FC284611F04D
:101EC00023FC4BF6F947C0F201273546A0B3DAF8F8
:101ED00000004FF0FF3112F03BFDA0B14BF2F320B8
:101EE0004BF2BD614AF28F22C0F20120C0F2012103
:101EF000C0F20122FEF748FFDAF8000000210022BC
:101F0000002312F0DDFBDAF800004FF0FF3112F091
:101F10001FFD88B10020002114F032FA01464BF277
:101F20001130C0F20120FEF72FFFDAF80000002187
:101F30000022002312F0C4FB002001210395CDE90B
:101F40000155FFF71DF900284ED0207801284BD10C
:101F50004BF6D6204BF20051C0F20120C0F2012115
:101F600011F00EFB0646DAF800004FF0FF3112F0D8
:101F7000EFFC002E00F0C78060B14AF2CC40C0F206
:101F80000120FEF701FFDAF8000000210022002303
:101F900012F096FB44F2087001214FF42052C2F275
:101FA0000020334611F0C4FB002800F0EA80074609
:101FB000304611F0A9FB002800F03681DAF8000065
:101FC0004FF0FF3112F0C4FC002800F00F824BF2FA
:101FD000F3204BF2D1614AF28F22C0F20120C0F20D
:101FE0000121C0F20122F8E1DAF800004FF0FF31E0
:101FF00012F0AEFC60B14BF62910C0F20120FEF7E2
:10200000C3FEDAF8000000210022002312F058FB82
:10201000207801287FF448AC00200121FFF7B0F8B8
:1020200000287FF441ACDAF800004FF0FF3112F0E5
:102030008FFC60B14AF6D750C0F20120FEF7A4FE33
:10204000DAF8000000210022002312F039FBDAF850
:1020500000004FF0FF3112F07BFC60B14BF24A40C0
:10206000C0F20120FEF790FEDAF800000021002205
:10207000002312F025FB47F254600421C2F2002035
:10208000002200234FF0FF360068009612F02CF873
:1020900000F0E2F900283FF407AC0646DAF8000049
:1020A0004FF0FF3112F054FCA0B14BF2F3204AF292
:1020B0005E414AF66B42C0F20120C0F20121C0F23B
:1020C0000122FEF761FEDAF8000000210022002361
:1020D00012F0F6FADAF800004FF0FF3112F038FC97
:1020E00000283FF4DBAB4AF6A0403146C0F20120A5
:1020F000FEF74AFEDAF8000000210022002312F069
:10210000DFFAFFF7CBBB002800F084804BF2F3200E
:102110004BF2D1614BF6E122C0F20120C0F2012165
:10212000C0F201226DE0C0B14BF2F3204AF6BF715C
:102130004AF69A624AF2F253C0F20120C0F201213B
:10214000C0F20122C0F20123FEF71EFEDAF8000001
:1021500000210022002312F0B3FADAF800004FF059
:10216000FF3112F0F5FB00283FF452AF4BF2113073
:102170004AF2F251C0F20120C0F20121FEF704FE42
:102180003FE7DAF800004FF0FF3112F0E1FBC8B191
:102190000020002114F0F4F803464BF2F3204BF238
:1021A000D1614BF2A952C0F20120C0F20121C0F26C
:1021B0000122FEF7E9FDDAF80000002100220023E9
:1021C00012F07EFA304611F09FFA4BF6F9470028DC
:1021D000C0F201274FF000053FF41AAFDAF8000013
:1021E0004FF0FF3112F0B4FBA0B14BF2F3204BF2F1
:1021F000D1614AF28F22C0F20120C0F20121C0F267
:102200000122FEF7C1FDDAF80000002100220023C0
:1022100012F056FADAF800004FF0FF3112F098FB96
:10222000002840F0F280F3E64BF6D62001A9C0F278
:10223000012011F0CDFAC8B3DAF800004FF0FF31F9
:1022400012F086FB002800F0D1804BF2F3204BF215
:10225000D1614BF27A12C0F20120C0F20121C0F22A
:102260000122BAE04BF6D62001A9C0F2012011F0FC
:10227000AFFA4BF6F9470028C0F20127354673D074
:10228000DAF800004FF0FF3112F062FB00283FF453
:102290003AAE4BF2F3204BF2BD614BF27A12C0F230
:1022A0000120C0F20121C0F2012223E6DAF8000089
:1022B0004FF0FF31029E12F04BFBB74240F080809E
:1022C00088B14AF2F3504BF6D622C0F201203946CB
:1022D000C0F20122FEF758FDDAF8000000210022CA
:1022E000002312F0EDF9DAF800004FF0FF3112F0A0
:1022F0002FFB60B14BF27270C0F20120FEF744FD7B
:10230000DAF8000000210022002312F0D9F941F68A
:10231000087044F208714FF42052C2F20020C2F259
:10232000002117F00DFA0646DAF800004FF0FF31F1
:1023300012F00EFB4BF6F947002EC0F201274FF0CA
:1023400000057ED000283FF463AE4BF2F3204BF241
:10235000D1614BF24162C0F20120C0F20121C0F212
:102360000122FEF711FD4CE6DAF800004FF0FF31D4
:10237000029E12F0EDFAB6F5205F52D190B14BF209
:1023800017304BF6D6224FF42051C0F20120C0F294
:102390000122FEF7F9FCDAF80000002100220023F8
:1023A00012F08EF9DAF800004FF0FF3112F0D0FA97
:1023B00000283FF4C1AD4BF24930C0F20120F9E4EE
:1023C000A0B14BF2F3204BF2D16149F6EA32C0F2F0
:1023D0000120C0F20121C0F20122FEF7D5FCDAF89B
:1023E000000000210022002312F06AF9DAF8000050
:1023F0004FF0FF3112F0ACFA4BF6F9470028C0F26B
:1024000001274FF000053FF403AE0020002113F038
:10241000B7FF01464BF21130C0F20120FEF7B4FCC9
:10242000EFE500283FF46FAD4BF2F3204BF2BD61B6
:1024300049F6EA32C0F20120C0F20121C0F20122C5
:1024400058E500283FF4E4AD4BF67340C0F201209C
:10245000D5E5D4D4D4D4D4D470B582B041F6F061EB
:102460000020C2F20021CDE90000C1E90000C1E96D
:102470000200C1E9040000BF0121FEF781FE20B97E
:10248000012013F069F90020F6E747F28010694651
:10249000C2F2002000F08CFEB8B147F2EC660546AF
:1024A000C2F200264FF0FF31306812F051FAE0B36B
:1024B0004BF2F3204AF6364149F69822C0F2012049
:1024C000C0F20121C0F2012227E041F6F06447F298
:1024D000801040F22401C2F20024C2F20020C2F2B5
:1024E0000021224600F088FE002841D047F2EC6629
:1024F0000546C2F200264FF0FF31306812F028FA8C
:1025000098B14BF2F3204AF636414BF22022C0F24A
:102510000120C0F20121C0F20122FEF735FC306833
:1025200000210022002312F0CBF847F28010C2F203
:10253000002000F0A5FE044630684FF0FF3112F095
:1025400007FA90B14BF6A3104AF27C71C0F2012059
:10255000C0F20121002C50EA0180FEF715FC306822
:1025600000210022002312F0ABF8284602B070BD13
:102570002068C0F3C711204610F02EFD002854D06B
:1025800047F2EC660446C2F200264FF0FF31306895
:1025900012F0DEF998B14BF2F3204AF636414BF2D5
:1025A000E462C0F20120C0F20121C0F20122FEF774
:1025B000EBFB306800210022002312F081F847F283
:1025C0008010C2F2002000F05BFE054630684FF03C
:1025D000FF3112F0BDF990B14BF6A3104AF27C71B5
:1025E000C0F20120C0F20121002D50EA0180FEF767
:1025F000CBFB306800210022002312F061F8306824
:102600004FF0FF3112F0A4F960B14AF6A040214624
:10261000C0F20120FEF7B8FB306800210022002341
:1026200012F04EF8FEF7A0FB00BE4AF2F34041F66E
:10263000F061C0F20120C2F2002111F0F9F9E8BB0B
:1026400047F2EC654FF0FF31C2F20025286812F026
:102650007FF998B14BF2F3204AF636414BF2E4622F
:10266000C0F20120C0F20121C0F20122FEF78CFB72
:10267000286800210022002312F022F847F280107F
:10268000C2F2002000F0FCFD044628684FF0FF3144
:1026900012F05EF990B14BF6A3104AF27C71C0F2D1
:1026A0000120C0F20121002C50EA0180FEF76CFBF2
:1026B000286800210022002312F002F841F6ED60A4
:1026C0000121C2F200200170002002B070BDD4D4FC
:1026D000B0B547F280104BF6A871C2F20020C0F2EC
:1026E000012100F045FD47F2EC65C2F2002508B378
:1026F000044628684FF0FF3112F02AF998B14BF2E6
:10270000F3204AF286514BF60012C0F20120C0F2CB
:102710000121C0F20122FEF737FB286800210022C8
:10272000002311F0CDFF4BF2F9112046C0F2012138
:1027300000F02AF828684FF0FF3112F009F958B17B
:102740004AF29D50C0F20120FEF71EFB28680021CE
:102750000022002311F0B4FF28684FF0FF3112F07F
:10276000F7F8002808BFB0BD4BF2BD40C0F2012011
:10277000FEF70AFB2868002100220023BDE8B040D4
:1027800011F09EBFD4D4D4D470B547F2EC660D4698
:10279000C2F2002604464FF0FF31306812F0D8F83C
:1027A00080B14BF2F3204AF2F321C0F20120C0F2D3
:1027B00001212A46FEF7E8FA3068002100220023B2
:1027C00011F07EFF47F28010C2F2002000F058FDA9
:1027D000054630684FF0FF3112F0BAF890B14BF671
:1027E000A3104AF27C71C0F20120C0F20121002D39
:1027F00050EA0180FEF7C8FA306800210022002369
:1028000011F05EFF002C08BF70BD30684FF0FF3143
:1028100012F09EF860B14AF6A0402146C0F20120B5
:10282000FEF7B2FA306800210022002311F048FFC1
:10283000FEF79AFA00BE70BD70B582B0044600780B
:1028400041F6EC6547F254668007C2F20025C2F2F9
:1028500000264FF00001019118D50120287044F2A4
:1028600041303168C0F2012001AB042214F0C0F9FC
:1028700060B1019850B14EF604504FF08051CEF245
:1028800000000160BFF34F8FBFF36F8F2078C00748
:1028900006D00020287030684FF6FD7111F0D8FC8A
:1028A00002B070BDD4D4D4D480B582B047F29C526B
:1028B00047F2EC53C2F20022C2F20023142004219A
:1028C0004FF0000CCDF800C011F0EEFD47F234617E
:1028D000C2F20021086018B90020002100F044F87D
:1028E00047F23860C2F2002011F05EFB47F25461FB
:1028F000C2F20021086018B90020002100F034F86D
:1029000047F258630120C2F20023002100224FF059
:10291000030CCDF800C011F0C7FD47F2A061C2F270
:102920000021086018B90020002100F01DF847F2CE
:10293000A4610120C2F2002111F056FE47F2EC61C1
:102940000028C2F2002108601CBF02B080BD002038
:10295000002102B0BDE8804000F006B8D4D4D4D441
:10296000FFF7A2BFD4D4D4D400BE7047D4D4D4D4FB
:10297000B0B547F2F0644FF0FF31C2F20024206896
:1029800011F0E6FF012803D020680021FFF7ECFFDB
:1029900047F2F460C2F200200178002918BFB0BDF0
:1029A00001210170FFF7DCFF47F2F865C2F2002554
:1029B0002868013828600CD02068002100220023FC
:1029C00011F07EFE0128F3D020680021FFF7CCFF34
:1029D000EEE7B0BDD4D4D4D480B547F2F46247F268
:1029E000F860C2F20022C2F200200021117047F20A
:1029F000FC620160C2F200224FF48070012112F0EB
:102A000093F847F2F061C2F20021086018B9002083
:102A10000021FFF7A9FF00F0B3F800F06DF800F017
:102A200027F813F0E5F8002080BDD4D4D4D4D4D452
:102A300047F2447C47F2B073C2F2002CC2F200238A
:102A4000C0F800C00B60802010607047D4D4D4D48C
:102A500047F6B01C47F61C23C2F2002CC2F200233A
:102A6000C0F800C00B60802010607047D4D4D4D46C
:102A700080B584B047F2F8604CF21413C2F2002023
:102A800047F61C4C4CF2107EC0F2012301684FF453
:102A90008062013101600120009042F6E12049F698
:102AA000FF31C0F20020C0F20121C2F2002CC2F2BC
:102AB000012ECDE901EC12F0F3FA47F68841002827
:102AC000C2F2002108601CBF04B080BD00200021BC
:102AD00004B0BDE88040FFF747BFD4D4D4D4D4D4E9
:102AE00010B50446FFF744FF2046BDE81040FEF74E
:102AF000E3B9D4D4D4D4D4D480B584B047F2F86048
:102B00004CF21813C2F2002047F68C4C4DF2107EA6
:102B1000C0F2012301684FF480620131016002209C
:102B2000009042F669304BF6D461C0F20020C0F24A
:102B30000121C2F2002CC2F2012ECDE901EC12F00B
:102B4000AFFA47F6F8410028C2F2002108601CBF26
:102B500004B080BD0020002104B0BDE88040FFF734
:102B600003BFD4D4D4D4D4D410B50446FFF700FFA7
:102B70002046BDE81040FEF783BBD4D4D4D4D4D4CF
:102B800080B584B047F2F8604CF21C13C2F200200A
:102B900047F6FC4C4EF2107EC0F2012301684FF460
:102BA0008062013101600320009042F6F1304AF664
:102BB0003631C0F20020C0F20121C2F2002CC2F274
:102BC000012ECDE901EC12F06BFA47F668510028AE
:102BD000C2F2002108601CBF04B080BD00200021AB
:102BE00004B0BDE88040FFF7BFBED4D4D4D4D4D461
:102BF00010B50446FFF7BCFE2046BDE81040FEF7C6
:102C0000F3BDD4D4D4D4D4D41EF0040F0CBFEFF34E
:102C10000880EFF30980014908470000B92C000241
:102C20000F4B1968EFF309821EF0100F08BF22ED59
:102C3000108A22E9F04FEFF30B8342F8043D0A605B
:102C40004FF0100080F31188BFF34F8FBFF36F8FE9
:102C500012F00EFF4FF0000080F3118800F004B86E
:102C6000D8C40122D4D4D4D4074801680A6802CA5F
:102C700081F30B88B2E8F04F1EF0100F08BFB2ECE2
:102C8000108A82F309887047D8C40122D4D4D4D4DE
:102C900010B51020EFF3118480F3118813F048F879
:102CA00030B14EF604504FF08051CEF2000001607A
:102CB00084F3118810BDD4D4806910F8020C022866
:102CC00001D1FFF7D1BF042838BF704780B549F65E
:102CD00017304AF646324AF2A423C0F20120C0F26D
:102CE0000122C0F201234FF47E710CF01DF8D4D400
:102CF000283140F8481D42F619514FF0807CC0F24F
:102D0000002122F00102C1630264C0F844C06FF0E8
:102D10000201C0E90913704700BE00BF00BF00BF39
:102D2000FEE7D4D4D4D4D4D44EF62250F021CEF23F
:102D30000000017000F018F84EF63470CEF200007A
:102D4000016841F04041016062B6BFF36F8FEFF35D
:102D5000148C2CF0040C8CF31488BFF36F8F02DFFB
:102D600000BEFDE7D4D4D4D44DF2044044F6D35190
:102D7000C2F20020C1F262010068A0FB01014FF025
:102D8000FF3000EB91110020B0EB116F18BF7047BE
:102D90004EF21002F023CEF2000251604EF62351A3
:102DA000CEF200010B709060072010607047D4D401
:102DB000EFF31180102181F3118847F66C51C2F2B4
:102DC00000210A68002A02F101020A6018BF704758
:102DD00047F67051C2F2002108604EF60450CEF260
:102DE00000000068C00500D1704780B549F6173073
:102DF00049F63D324AF6F913C0F20120C0F2012231
:102E0000C0F2012340F2A4410BF08EFFD4D4D4D4FD
:102E100047F66C50C2F20020016859B101390160D7
:102E200018BF704747F67050C2F20020006880F368
:102E30001188704780B549F617304BF6F52249F6F0
:102E4000C623C0F20120C0F20122C0F2012340F2E9
:102E5000AD410BF069FFD4D410B572B64EF6902494
:102E6000C4F2010412F054FB2078010720D04EF286
:102E7000FA314AF2025CC4F20101CFF6FF7C002273
:102E80000B88A1F800C0227043F425420A80BFF3EA
:102E90004F8F30BFBFF36F8F62B6BFF36F8F72B6C5
:102EA0000A88A1F800C0207042F42540088008E09C
:102EB000BFF34F8F30BFBFF36F8F62B6BFF36F8F1B
:102EC00072B662B6BDE8104012F07EBBD4D4D4D442
:102ED00080B5EFF30380103840B2002806D44EF2DC
:102EE0000041CEF20001405C0F2817D94EF60C507D
:102EF000CEF200000068400558BF80BD49F617308B
:102F00004BF26A324AF2E833C0F20120C0F20122E9
:102F1000C0F2012340F221610BF006FF49F61730A1
:102F20004BF26A324BF6D713C0F20120C0F20122F5
:102F3000C0F2012340F20F610BF0F6FED4D4D4D4DA
:102F400000281CBF4FF0FF3111F0DABC80B54BF602
:102F5000073049F650324AF21D33C0F20120C0F268
:102F60000122C0F201236C210BF0DEFED4D4D4D4B4
:102F7000002818BF11F07CBB80B54BF607304AF231
:102F800026624AF21D33C0F20120C0F20122C0F2D3
:102F9000012377210BF0C8FE12F0DEBBD4D4D4D4C9
:102FA000006E002808BF704711F086B9D4D4D4D47D
:102FB00010B5044611F02CF8206620B1072111F05D
:102FC0003BF8012010BD002010BDD4D4D4D4D4D4FB
:102FD000B0B582B0044642F2107500BF00BF00BF1A
:102FE000206E022100220023009511F07DF8206E52
:102FF000022111F02DF98007F2D502B0B0BDD4D472
:1030000010B50446006E002111F022F980075FBF61
:10301000206E0221BDE8104011F00EB84BF60730CB
:103020004AF6AA224BF2FC63C0F20120C0F2012250
:10303000C0F20123D2210BF077FED4D4D4D4D4D45F
:10304000B0B50D46044613F0ABF9E90701D10020F5
:10305000B0BD216F00295FEA0F9281425FEA1280C2
:10306000B0BDD4D4D4D4D4D4B0B50D46044613F0F6
:1030700097F9E90708BFB0BD216F11B1814200D1B6
:10308000B0BD4BF607304AF66A024AF2F543C0F289
:103090000120C0F20122C0F20123FE210BF044FE08
:1030A000B0B582B0054613F07BF9296F21B181429A
:1030B00016D000BF00BF00BF286E012100220023F0
:1030C00042F21074009411F00FF8286E012111F0F3
:1030D000BFF8C007F0D013F063F9286702B0B0BDA5
:1030E0004BF607304BF6E4624BF28933C0F2012015
:1030F000C0F20122C0F2012340F20F110BF014FEC6
:10310000B0B50446006E0021002511F0A1F8C007FB
:1031100001BF206E01212567BDE8B04008BF10F057
:103120008BBF4BF607304BF637324BF20253C0F2EF
:103130000120C0F20122C0F201234FF498710BF07C
:10314000F3FDD4D4D4D4D4D480B582B08C46006EF0
:10315000042104220023CDF800C010F0C5FFC0F305
:10316000800002B080BDD4D4006E042110F064BF92
:10317000B0B5044604200D4611F01AFA206168B17A
:10318000296807C91268904750B121690546084669
:1031900011F0FAFE284600212161B0BD0920B0BD22
:1031A00046F28450C7F27000C4E900050020B0BDAB
:1031B000B0B584B0054640680C4600688268006877
:1031C0005168884708B104B0B0BD6868006881687C
:1031D0000068CA6901A990470028F4D19DF80C1035
:1031E000002CA9721CBFDDE90112C4E9002104B062
:1031F000B0BDD4D4D4D4D4D410B58AB014460022EF
:103200000794C4E90022C4E90222C4E904220A7C2A
:103210000B68E360D201C4E90020D1E901230492E4
:10322000C968CDE9021343F2A921C0F2002105913A
:1032300043F26131C0F200210691817A006909915F
:10324000089002A801A90FF043F90199A06011B1FB
:1032500064200AB010BD206840F00100206000200A
:103260000AB010BDD4D4D4D410B588680C460FF081
:10327000EFF900202168A06021F00101216010BD5C
:10328000B0B504464068006881680068096A8847EC
:10329000002818BFB0BD21690546084611F074FE2C
:1032A000284600212160B0BD2DE9F04381B040F2F5
:1032B0000A0815460E460746C8F20008D3F80490DF
:1032C00013F06EF8C9F80C000020A9F80800324687
:1032D000D9F804002B46006881680068CC6839463C
:1032E000A047E0B9002001214FF0FF3213F0B4F9FC
:1032F000012814D1B9F80800000710D4B9F8080063
:10330000C00602D44FF0000809E0D9F804000668AE
:10331000B16830688A690DF10101904718B14046E3
:1033200001B0BDE8F0830DF1010508E000BF00BF6A
:10333000B16830688A69294690470028EFD19DF826
:1033400002000128DED1D9F80400C1680029EFD0BD
:10335000006988470028EBD0E1E7D4D4D4D4D4D492
:103360002DE9F04381B040F20A0815460E460746A3
:10337000C8F20008D3F8049013F012F8C9F80C0052
:103380000020A9F808003246D9F804002B4600684E
:10339000816800688C683946A047E0B900200121A7
:1033A0004FF0FF3213F058F9012814D1B9F8080092
:1033B000000710D4B9F80800C00602D44FF0000886
:1033C00009E0D9F804000668B16830688A690DF12F
:1033D0000101904718B1404601B0BDE8F0830DF1FE
:1033E000010508E000BF00BFB16830688A6929465E
:1033F00090470028EFD19DF802000128DED1D9F8CE
:103400000400C1680029EFD0006988470028EBD08C
:10341000E1E7D4D4D4D4D4D4B0B584B00446008881
:1034200010F0630F656809D06A68516831B18DF892
:1034300008009068039002A88847208810F01C0FAD
:1034400019D0298908432881E868A0B10024019493
:10345000E86801AA002113F057F9EC60019850B117
:103460004EF604504FF08051CEF200000160BFF3E1
:103470004F8FBFF36F8F04B0B0BDD4D4D4D4D4D4A5
:1034800070B545F242550446C4F645550068A84259
:1034900001D10E2070BD88686160D1E9002300264B
:1034A0000168C4E98626C4F820328A68D1E900019F
:1034B00012689047002818BF70BDFF20207410F0DC
:1034C000A7FDC4F8140200206674256070BDD4D432
:1034D00070B582B00446406804F11401252280686A
:1034E0000123012525740068006801F045FF08B13B
:1034F00002B070BDD4F814C20121012200234FF0A4
:10350000FF3600960646604610F0EEFDD4E905123F
:103510003046657409BA013112BAC4E9021202B028
:1035200070BDD4D4D4D4D4D42DE9F04184B00446B1
:10353000406890460E468068257C0DF107011F46C5
:1035400000682A46006801F0DFFF10B104B0BDE852
:10355000F0819DF80700BBB23146424602F01CF8EC
:103560000028F3D1D4F81C0220B1D0E90012CDE933
:10357000021200E002A804210180D4F81812D4F845
:10358000202242608847D4F81C0200281CBFDDE9D5
:103590000212C0E90012002004B0BDE8F081D4D4CA
:1035A0002DE9F04184B00446406890460E4680689C
:1035B000257C0DF107011F4600682A46006801F0CE
:1035C000A3FF10B104B0BDE8F0819DF80700BBB2C5
:1035D0003146424602F028F80028F3D1D4F81C0204
:1035E00020B1D0E90012CDE9021200E002A80421C6
:1035F0000180D4F81812D4F8202242608847D4F809
:103600001C0200281CBFDDE90212C0E900120020E4
:1036100004B0BDE8F081D4D4F0B585B0044640686C
:1036200015460E468068237C0DF1070100681A4696
:10363000006801F069FF08B105B0F0BD8DB14CF232
:103640003C17C0F2012700BF9DF80700012339464F
:10365000324601F0E9FF0028EED1013D06F10106F6
:10366000F2D1D4F81C0220B1D0E90012CDE9021247
:1036700000E002A804210180D4F81812D4F8202216
:1036800042608847D4F81C0200281CBFDDE9021202
:10369000C0E90012002005B0F0BDD4D4D4D4D4D4F5
:1036A0008446C0F818120020CCE987327047D4D481
:1036B000B0B582B0044640680D4601A98068227CFE
:1036C0000068836800681B6A984708B102B0B0BD03
:1036D0009DF80610627C2A7006295FEA0F91A97096
:1036E0000021697002B0B0BDD0E90202C1E900203A
:1036F000002000220A81704745F242520168C4F658
:103700004552914212D1B0B541680446D0F8140236
:1037100089680D6810F0D0FDA96828684968884755
:10372000002818BFB0BD00202060B0BD0720704742
:1037300010B582B08179CA1E0C2A34D88469202140
:10374000DFE802F007100B0D313131313131313109
:103750001B0040780221207404E0402102E0FF2099
:1037600020820121D4F81822EAB1D4F81C0260B1F9
:10377000D0E900C3CDE900C308E0D4F81402012168
:1037800002B0BDE8104010F057BC68460180D4F884
:10379000201241609047D4F81C0200281CBFDDE9CC
:1037A0000012C0E9001202B010BDD4D4D4D4D4D4D5
:1037B000F0B590F8244047F6945EDDF818C0C2F2E8
:1037C000002E47F674562A290EEBC425C2F20026B5
:1037D00005EB4C2506EB0414059E2F7B54F82C407A
:1037E000C5E9014607F07F042C7390F824404FEAA6
:1037F00012660EEBC42404EB4C24257B05F08005F7
:10380000257390F824400EEBC42404EB4C24657B14
:1038100005F0F005657390F824400EEBC42404EB2A
:103820004C24657B05F00F05657390F824400EEB82
:10383000C42404EB4C24A57B05F0E005A57390F8A7
:1038400024400EEBC42404EB4C24A57B05F01F059B
:10385000A57390F824400EEBC42404EB4C24E173D0
:1038600090F824400EEBC42404EB4C254FF00004E8
:103870002C7490F824500EEBC52505EB4C256E7486
:103880004FEA124690F824500EEBC52505EB4C2567
:10389000AE744FEA122690F824500EEBC52505EBC6
:1038A0004C25EE7490F824500EEBC52505EB4C2505
:1038B0002A754FEA132590F824200EEBC22202EB62
:1038C0004C22547590F824200EEBC22202EB4C22BD
:1038D000957590F824200EEBC22202EB4C22D37592
:1038E00090F824200EEBC22202EB4C2214760BD06F
:1038F00028291ED190F824100EEBC12101EB4C2198
:103900000A7B42F0800208E090F824100EEBC121FF
:1039100001EB4C210A7B02F07F020A7390F824101D
:103920000EEBC12101EB4C218A7B02F0E0020A324E
:103930008A7390F8240048F69451C2F2002101EBFA
:10394000800111F80C10052918BFF0BD0EEBC02046
:1039500000EB4C20817B01F0E0010C318173F0BD64
:1039600070B590F8244047F6945CC2F2002C47F6FC
:103970007456C2F200260CEBC42E0EEB43254FF01A
:103980000C0E06EB04162C7B56F82360C5E9016289
:1039900004F07F022A7390F824200C460CEBC2221C
:1039A00002EB4322167B06F08006167390F8242063
:1039B0000CEBC22202EB4322567B06F0F006567354
:1039C00090F824200CEBC22202EB4322567B06F037
:1039D0000F06567390F824200CEBC22202EB432210
:1039E000967B06F01F0696730CEB43220F3200BF46
:1039F00090F8245014F8016BED02565501320FF087
:103A000009C80A78252A19D80FF20A0101EB8206A3
:103A10000621DFE802F0202B2B162B2B2B2B2B2B38
:103A20002B2B2B2B2B2B2B2B162B2B2B2B2B2B2BFB
:103A30002B202B2B202B2B2B2B152B155A2A15D15A
:103A40000A2190F824200CEBC22202EB4322167BC1
:103A500046F08006167390F824200CEBC22202EB8D
:103A60004322967B06F0E0063144917390F82400DF
:103A700048F69451C2F2002101EB8001C95C05298E
:103A800018BF70BD0CEBC02000EB4320817B01F020
:103A9000E0010C31817370BD2DE9F04F89B090F8D1
:103AA00024100446B0F822B047F6745048F6B052DD
:103AB000C2F20020C2F2002200EB011302EBC100AF
:103AC0004AF2A81801EB0112C2F200280BEB0B1A04
:103AD00053F82B7008EB02127D1C02EB8A02012DB9
:103AE0004FF0010555EA979743F82B7082F82410A0
:103AF00094F8247047F69453C2F2002330F81B5018
:103B000003EBC12044F2395607EB0713C0F200263D
:103B100000EB4B201F2708EB0313C2E901600020D4
:103B20005584C2E9047003EB8A00802382F83730A1
:103B3000226C026494F8240048F6A053C2F20023D9
:103B400000EB001253F82130059348F6A85308EB18
:103B50000212C2F2002302EB8A0253F82190E16BB9
:103B6000D16348F6D051C2F20021A36B01EB0B17D1
:103B7000936307F108062946324606F089FD204680
:103B8000294608F02DF894F8240048F68471C2F212
:103B900000212B4601EBC0004AF29951C0F20021EE
:103BA00030F81B0010F0400F40F20A2050EA10924B
:103BB000204606F089FD94F8240000EB001008EB85
:103BC000001000EB8A0006F09FF818B16FF00100BA
:103BD000053813E001A8CDF8109044F2395906A930
:103BE00080E8C004062040F6B832C0F2002905F093
:103BF00057FA38B1FF2020854FF6FE7080B209B029
:103C0000BDE8F08F0698008D2085012876D0092820
:103C100065D048F6B0590628C2F20029ECD10BEB6A
:103C20004B0048F61061C2F2002144F2395201EB18
:103C30004000C0F200228188204600F079FE94F80E
:103C400024004DF2C932C0F2002209EBC00030F866
:103C50001B10204606F068F868B90021204604F0E1
:103C60005BFE4AF2995140F20B22C0F20021002380
:103C7000204606F029FD94F8240048F6C051C2F20F
:103C8000002148F68472C2F20022002501EBC00137
:103C900002EBC0004DF2C93231F81B10C0F2002215
:103CA00020F81B50204606F03FF868B90021204656
:103CB00004F032FE4AF2995140F20B22C0F2002188
:103CC0000023204606F000FD94F8240048F6947185
:103CD000C2F2002101EBC00020F81B508CE794F8E1
:103CE000240048F6B051C2F20021092201EBC000C5
:103CF00030F81B10204606F007FC7DE720462946D9
:103D000002F0F2FD94F8241048F69C52C2F2002210
:103D100048F6847C40F20353C2F2002C32F81120A2
:103D20000CEBC1059A4225F81B006CD040F2025002
:103D3000059BDDE90367824240F04B8148F6C05A9B
:103D400001EB01104AF2C838C2F2002AC2F2002880
:103D50000AEBC10208EB001000EB860032F81B50A2
:103D60000022C0E90193458480F82410C0E9047260
:103D7000802280F83720216C016494F82400E26BE3
:103D800000EB001108EB011101EB8601CA63A26B85
:103D90008A632946029A06F07BFC2046294607F0F2
:103DA0001FFF94F8240048F69477C2F200274AF2E5
:103DB0009951C0F200212B4607EBC00030F81B00E0
:103DC00010F0400F40F20A2050EA1092204606F010
:103DD0007BFC94F8240000EB001008EB001000EBD3
:103DE000860005F091FF48B907A9062040F6B832D1
:103DF00005F056F9002860D0FF202085204659465E
:103E000000F026FFF5E001EB0110DA4648F6B05B62
:103E1000039EC2F2002B08EB00100BEBC102049BC7
:103E200000EB8600674632F81A50059AC0E9019205
:103E30000022458480F82410C0E90432802280F8F2
:103E40003720019A216C016494F82400294606F079
:103E50001FFC2046294607F0C3FE94F824004AF2CE
:103E60009951C0F200212B4607EBC00030F81A0030
:103E700010F0400F40F20A2050EA1092204606F05F
:103E800023FC94F8240000EB001008EB001000EB7A
:103E9000860005F039FF4FF6FE7640B908A90620E6
:103EA00040F6B83205F0FCF8E0B1FF20208520464E
:103EB000514600F0CDFEF01EA0E60798008D20854B
:103EC000C11E02293ED3062862D0092896D194F853
:103ED000240009220AEBC00030F81B10204606F02F
:103EE00013FB8BE70898008D2085012840D0092816
:103EF00033D048F684720628C2F20022D7D194F853
:103F000024000BEBC00102EBC000002231F81A10B4
:103F100020F81A204DF2C932C0F20022204605F0E6
:103F200003FF0028C3D10021204604F0F5FC4AF22B
:103F3000995140F20B22C0F200210023204606F0E6
:103F4000C3FBB4E72046294602F0CEFC94F82410C7
:103F500007EBC10121F81B003BE094F82400092283
:103F60000BEBC00030F81A10204606F0CDFA9EE7A1
:103F70002046294602F0B8FC94F8241048F68472D2
:103F8000C2F20022D34602EBC10121F81A0020E060
:103F900094F8240000220AEBC00107EBC00031F8BE
:103FA0001B1020F81B204DF2C932C0F2002220461F
:103FB00005F0BAFE68B90021204604F0ADFC4AF2D3
:103FC000995140F20B22C0F200210023204606F056
:103FD0007BFB2046594600F03BFE4FF6FF718842BE
:103FE0000BD04FF6FB7188427FF408AEC82004F076
:103FF0003FFA4FF6FE70033800E694F8240048F6C6
:10400000C0524AF2A411C2F2002248F69473C2F2DE
:104010000021C2F2002302EBC00203EBC003012720
:1040200021F8107032F81B104DF2C932002023F82D
:104030001B00C0F20022204605F076FE68B9002180
:10404000204604F069FC4AF2995140F20B22C0F27A
:1040500000210023204606F037FB2046594600F099
:10406000F7FDCBE5D4D4D4D42DE9F04F89B00C467C
:1040700049780893042940F0808090F8241048F68D
:10408000B050C2F200201646079194F800B000EB41
:10409000C10248F6C050C2F20020DDF8488000EBB3
:1040A000C1004FF6FF7122F81610059020F8161087
:1040B00006922078A8EB000159455EDD48F6D05104
:1040C0004FF0000AC2F2002101EB0613039306EB46
:1040D000460103F10802049248F61062C2F200227F
:1040E00002EB410908E000BF3978A8EB000259440F
:1040F0001FFA81FB934540DA04EB0B077978052919
:10410000F2D1F97801F003010229EDD199F802000A
:10411000B9F8045003F080FD97F902000F2200283F
:1041200012D40498CDE9007007982946089B07F03F
:10413000AFFB05994FF6FF7231F8161091420699C0
:1041400021F8160012D01CE00398CDE90070079802
:104150002946089B07F09CFB06994FF6FF7231F841
:1041600016109142059921F816000AD1BAF1000FF4
:1041700003D120784FF0010AB6E7FF2009B0BDE86F
:10418000F08F002009B0BDE8F08FD4D4D4D4D4D4BB
:1041900010B500EB400048F61062C2F200220C4657
:1041A00002EB400081888078618484F8240003F069
:1041B00033FD206410BDD4D480B58AB090F824209B
:1041C0004DF2C430C2F20020002A18BF103000683F
:1041D0008DF804208DF8051000281CBF006A079098
:1041E00001A9032004F0B8FB0AB080BDD4D4D4D414
:1041F00080B58AB00821ADF80A104CF26031C0F2E7
:104200000121039144F24921C0F20021049144F2BA
:104210006921C0F20021059144F22931C0F2002148
:10422000069144F27931C0F2002107914AF2995186
:10423000C0F20021CDE9081101A906F0B1F90AB0D8
:1042400080BDD4D4D4D4D4D4B0B50446002000BFAB
:10425000054681B2204600F02BFF032D05F1010039
:10426000F6D3B0BDD4D4D4D4F0B581B090F82450F6
:1042700048F6B06CC2F2002CD1E900648B694CF8AE
:10428000256048F6B866C2F200261B88D1E90272A2
:1042900046F8254048F6C866C2F20026CC6926F8E2
:1042A000153048F6C06348F6CC66C2F20023C2F26D
:1042B0000026248843F8257026F815400024148031
:1042C0007C79082C2BD148F6D064BF79C2F2002447
:1042D000675590F82450675D062F20D8012404FA12
:1042E00007F717F0640F1AD053F82570FB79502B9D
:1042F00015D13B79022B12D30F465CF8251036F806
:1043000015500022CC7B0646294600F085F828B9D6
:1043100030462946224600F07FF810B1FA68FF20A7
:10432000108001B0F0BDD4D470B582B00DF106029A
:104330000C46054600F07CFEFF2803D195F82400CA
:1043400006F06EFB4BF260064FF0FF31C2F2002622
:10435000306810F0FDFA44F2B9122846C0F200228B
:10436000214600F0A5FD306800210022002310F056
:10437000A7F902B070BDD4D42DE9F0418AB090F80D
:1043800024304DF2C432C2F200220E46002B18BF78
:104390001032012B08BF46F01006D2F8008006F05C
:1043A000F002102A48F610625FEA1F94C2F200225F
:1043B00006F00F05161D002206E000BF00BF00BF7B
:1043C00001320636042A0ED03788BD42F8D116F8DD
:1043D000027CA742F4D10D461146044600F068FE67
:1043E00094F824302946B8F1000F8DF804308DF888
:1043F000051003D0D8E908010790099101A906200A
:1044000004F0AAFA0AB0BDE8F081D4D4D4D4D4D44C
:104410007047D4D4D4D4D4D470B582B090F82430BA
:104420004AF2E85CC2F2002C72B149F6A47603EBC2
:104430008305C2F2002606EB03260CEB45057688C1
:10444000AE804FF4807606E003EB830600250CEB8C
:104450004606B580042603EB830549F6A47EC2F226
:10446000002E02F540720CEB4504E6804FF4D06656
:104470002CF81560628021810024FF25764600BF5C
:10448000190201347554013690F8243003EB83018E
:104490000CEB4102D1888C42F2D303EB031648F6B1
:1044A000E46CC2F2002C44F219550CEB8606C0F203
:1044B000002586F824300EEB032390F82440C6E94B
:1044C000015300257584C6E90412802204EB04130D
:1044D00086F83720026C0CEB83010A6490F8240004
:1044E00000EB00100CEB800005F06AFA30B901A96E
:1044F000072040F6B83204F0D3FD10B1FF2002B01F
:1045000070BD0198008D80B2002818BFFF2002B056
:1045100070BDD4D4D4D4D4D410B548F628640146A0
:10452000C2F200244422204612F0DAFE072021467F
:10453000BDE8104004F0D4BD10B548F66C640146E7
:10454000C2F200244422204612F0CAFE0620214670
:10455000BDE8104004F0C4BD10B548F6B05E48F6A2
:10456000C05CC2F2002EC2F2002C0EEBC00247F675
:1045700074510CEBC0034FF0FF34546047F6945273
:10458000C2F200214CF830405C604EF83040C2F27C
:1045900000224FF0040E01EB001102EBC02048F6A0
:1045A000106245F255340830C2F2002200234FF069
:1045B000010CC4F2423400BF40E9024C0361C0F870
:1045C0001330C0E9003322F8063B41F804CBC0E9C0
:1045D000023300F500700FF011C810BDD4D4D4D44C
:1045E0002DE9F04182B01C4690460D46DDE90837C2
:1045F000282122460646CDE90075FFF7D9F896F83E
:10460000240048F6A051C2F20021758440F2025203
:1046100041F8208048F6A851C2F2002141F82070EC
:1046200048F69C51C2F2002121F81020304602B019
:10463000BDE8F041FFF730BA2DE9F04182B01C46E9
:1046400090460D46DDE908372A2122460646CDE987
:104650000075FFF7ADF896F8240048F6A051C2F2B5
:104660000021758440F2035241F8208048F6A85199
:10467000C2F2002141F8207048F69C51C2F200219C
:1046800021F81020304602B0BDE8F041FFF704BA2F
:10469000B0B584B00C46054600200390CDE901007A
:1046A00001A9002228462346FFF75AF995F824006D
:1046B00048F69C51C2F200216C8440F2015221F86C
:1046C0001020284604B0BDE8B040FFF7E5B9D4D4C7
:1046D000F0B583B00E46044615460020CDF8010023
:1046E0000290CDF8050003208DF8000069461222E3
:1046F0002046334612278DF80470FFF731F994F8FD
:10470000240048F6A051C2F20021668440F2025211
:1047100041F8205048F6A851C2F2002141F820701B
:1047200048F69C51C2F2002121F81020204603B027
:10473000BDE8F040FFF7B0B9F0B583B00E460446CF
:1047400015460020CDF801000290CDF8050012209A
:104750008DF80000694624222046334624278DF830
:104760000470FFF7FDF894F8240048F6A051C2F257
:104770000021668440F2025241F8205048F6A851C8
:10478000C2F2002141F8207048F69C51C2F200218B
:1047900021F81020204603B0BDE8F040FFF77CB9B7
:1047A000F0B583B00E460446154600200290CDF8C1
:1047B0000500CDF8010025208DF80000694608228B
:1047C000204633460827FFF7CBF894F8240048F634
:1047D000A051C2F20021668440F2025241F82050FA
:1047E00048F6A851C2F2002141F8207048F69C51C9
:1047F000C2F2002121F81020204603B0BDE8F040AD
:10480000FFF74AB9D4D4D4D4F0B583B00E460446E9
:10481000154600200290CDF80500CDF801002320B8
:104820008DF80000694620222046334620278DF867
:104830000870FFF795F894F8240048F6A051C2F2EA
:104840000021668440F2025241F8205048F6A851F7
:10485000C2F2002141F8207048F69C51C2F20021BA
:1048600021F81020204603B0BDE8F040FFF714B94E
:10487000F0B581B0044690F8240029A648F6E46516
:10488000C2F2002548F6D86C96ED001F00EB00162A
:10489000C2F2002C012705EB8606ACF80810C6E929
:1048A000047C0027778486F82400C6E90132802240
:1048B00086F837206246206C306494F824008AED34
:1048C000000F00EB001000BF05EB800005F078F84A
:1048D000D52807D1012003F0CBFD94F8240000EB8C
:1048E0000010F1E76946062040F6B83204F0D8FB24
:1048F00010B1FF2001B0F0BD0098008D38B109283B
:10490000F7D100210922204605F0FEFDF1E7002045
:1049100001B0F0BD00BF00BF00BF00BF00BF00BFBF
:10492000A1FE0000000000000000000001000000E7
:1049300070B582B0044690F8240048F6E4650FF2A2
:10494000A00CC2F2002548F6707600EB00139CED37
:10495000001F4FF0000CC2F2002605EB83038EED22
:10496000000FA3F822C083F824003181C3E9012C91
:10497000802283F83720C3E904C6206C186494F8B9
:10498000240000EB001000BF05EB800005F0BCF92F
:10499000D52807D1012003F06BFD94F8240000EB2B
:1049A0000010F1E701A9062040F6B83204F078FBC8
:1049B00010B1FF2002B070BD0198008D38B10928F8
:1049C000F7D100210922204605F09EFDF1E70020E5
:1049D00002B070BD00BF00BF00BF00BF00BF00BF7E
:1049E00021FE0000000000000000000000000000A8
:1049F000B0B584B00C46054611780020CDF805000E
:104A00000390CDF809001E208DF804008DF80810E1
:104A100001A9002228462346FEF7A2FF95F82400AC
:104A200048F69C51C2F200216C8440F2015221F8F8
:104A30001020284604B0BDE8B040FFF72DB8D4D40C
:104A4000F0B583B0144612780D4600218DF80B1096
:104A5000CDF80710CDF80310511E2B294FF05A0343
:104A6000ADF800308DF802201AD81426DFE801F0E6
:104A70001C1818181818181C1818181818181818AE
:104A8000181818181818181818181C1618181818A4
:104A900018181818181818181818181B102603E0DA
:104AA000EF2003B0F0BD2C26694632462B468DF828
:104AB00008600746FEF754FF97F8240048F6A05117
:104AC000C2F200217D8440F2025241F8204048F6B3
:104AD000A851C2F2002141F8206048F69C51C2F270
:104AE000002121F81020384603B0BDE8F040FEF761
:104AF000D3BFD4D4D4D4D4D4F0B583B01446127A6E
:104B00000D46002302F03F01ADF80A300139CDF81F
:104B100006301B29CDF8023041F25502ADF80020D5
:104B200036D81426DFE801F00F3434343434340F2F
:104B30003434343434343434343434343434343435
:104B400034340F0E1026694632462B468DF8086025
:104B50000746FEF705FF97F8240048F6A051C2F279
:104B600000217D8440F2035241F8204048F6A851CC
:104B7000C2F2002141F8206048F69C51C2F20021A7
:104B800021F81020384603B0BDE8F040FEF784BF9E
:104B9000EF2003B0F0BDD4D448F6106100EB400024
:104BA000C2F2002131F810007047D4D4D4D4D4D448
:104BB00000F0F00148F6106310295FEA1F9C00F036
:104BC0000F020020C2F20023198831B101300633F0
:104BD0000428F9D1FF2080B2704780B201211980EA
:104BE0009A8083F802C07047042801D9FF207047DB
:104BF00000EB400148F61062C2F20022002002EBF6
:104C0000410322F81100987098807047D4D4D4D40E
:104C100000F0F00100F00F0248F6106010295FEA82
:104C20001F9CC2F20020031D002005E000BF00BF52
:104C300001300633042808D019888A42F8D113F8C5
:104C4000021C6145F4D180B27047FF2080B27047EA
:104C50002DE9F04F81B0044690F824000D4648F647
:104C6000C0584AF2C83BC2F2002800EB0011C2F261
:104C7000002B05EB051748F6A47A08EBC002C2F238
:104C8000002A0BEB011144F2395301EB870132F892
:104C900015600AEBC022C0F200234E8402EB4522CD
:104CA000C1E901320D22002381F82400C1E9042367
:104CB000802281F83720206C086448F6D05194F89F
:104CC0002400C2F2002101EB0512314605F0E0FCA0
:104CD0002046314606F084FF94F8240048F6947983
:104CE000C2F200294AF29951C0F20021334609EB81
:104CF000C00030F8150010F0400F40F20A2050EAD2
:104D00001092204605F0E0FC94F8240000EB00101F
:104D10000BEB001000EB870004F0F6FF18B16FF00A
:104D20000400871E0AE06946062040F6B8324FF6B6
:104D3000FB7704F0B5F928B1FF202085B8B201B0A7
:104D4000BDE8F08F0098008D2085C11E02290ED38A
:104D500006287ED00928F1D194F82400092208EB16
:104D6000C00030F81510204605F0CEFBE6E72046DF
:104D7000314601F0B9FD94F8242047F69451C2F26F
:104D800000216B0209EBC20C01EBC2260AEBC22127
:104D90002CF8150006EB452045F2553648F67C7C8C
:104DA000C5F24236C2F2002CCB58B34283685CF89D
:104DB0002260A3EB06032361C0D101EB45214068CB
:104DC0004B688342BAD1087B002844D00228B5D171
:104DD0004AF2A410013FC2F2002030F8121001295B
:104DE000ACD105EB450148F61063C2F20023002662
:104DF00003EB410120F8126044F2395220468988C1
:104E0000C0F20022FFF794FD94F8240048F6B05158
:104E1000C2F2002101EBC00030F81510204600F06E
:104E20001FF894F8240048F68471C2F2002108EBC0
:104E3000C00201EBC00032F8151020F815602046C2
:104E400000F00EF894F8240009EBC00020F815607B
:104E500074E7043772E7002770E7D4D4D4D4D4D4ED
:104E600010B54DF2C9320446C0F2002204F05CFFD6
:104E7000002818BF10BD0021204603F04DFD4AF266
:104E8000995140F20B22C0F2002100232046BDE8D8
:104E9000104005F019BCD4D44FF6FB739A4205D1EB
:104EA0004AF2FC52C2F20022FFF712BC10467047D1
:104EB0002DE9F04F83B090F824304AF2FC784AF69E
:104EC0000007C2F20028C2F20027044608460E4638
:104ED00047F82320012B28F8131008BF40F01000DA
:104EE000FFF796FEFF2858D0054694F824004AF6AE
:104EF000080944F23953C2F20029C0F2002309EB39
:104F0000402220463146FFF7B3FCFF2845D06420FD
:104F100003F0AEFA94F82400294609EB402220461B
:104F2000FFF70AFC60B14FF6FB71884235D14AF2B7
:104F3000FC522046C2F200222946FFF7C9FB60BBA3
:104F400094F82400294609EB40222046FFF75CFC38
:104F500060B14FF6FB7188421FD14AF2FC522046E5
:104F6000C2F200222946FFF7B3FBB0B994F824003F
:104F7000294609EB40222046FFF712FC064688B37B
:104F80004FF6FB70864208D14AF2FC522046C2F22C
:104F900000222946FFF79CFB18B1FF2003B0BDE8B3
:104FA000F08F4AF2FC5A4FF6FB76C2F2002A2046F6
:104FB0002946FFF76DFBB04209D1204629465246EB
:104FC000FFF786FB00284FF0FF00F0D02CE0002810
:104FD000E3D194F82400294609EB40222046FFF74C
:104FE000DFFB00264FF4007A4FF0010B00BF00BF3B
:104FF00094F8240000232946CDE900BA09EB4022A9
:105000002046FFF7EDFA20B10136FF200A2EEFD13E
:105010000AE094F824000022002538F8101057F810
:10502000203020469847284603B0BDE8F08FD4D4FE
:10503000B0B582B090F82430044608461546012BDE
:1050400008BF40F01000FFF7B3FDFF28288002D111
:10505000FF2002B0B0BD94F8241048F6945248F6F0
:10506000D063C2F20022C2F2002348F6C06C02EB09
:105070008102C2F2002C595C48F6C863115448F60C
:10508000B86194F82400C2F20021C2F200232A88F9
:1050900051F8201033F810308D785CF8201020463D
:1050A0000095FEF7E1FFFF2818BF002002B0B0BD59
:1050B00010B590F8242048F6B053C2F200230846F9
:1050C00048F6847148F6947403EBC20E48F6C05358
:1050D000C2F20023C2F20021C2F2002403EBC20399
:1050E00001EBC2014FF0FF3C04EBC2022EF810C0EE
:1050F00023F810C0002321F8103022F81030BDE84A
:105100001040FFF771BDD4D4F0B581B00446084615
:105110001E4617460D46FFF73FFD012840D1252FBB
:10512000069940D8FF20DFE817F026005900590003
:105130007200FC00590059005900590059005900EB
:1051400059005900590059005900590059005C0094
:105150005900590059005900590059005900590087
:10516000590059005900B40059005900590059001C
:105170009E005900880094F824004AF608424AF636
:105180000007C2F20022C2F2002740F2056322F8B3
:10519000103047F8201020462946FFF779FAA3E09F
:1051A000FF2001B0F0BD552F00F089805A2F15D196
:1051B00094F824004AF608424AF60007C2F2002298
:1051C000C2F2002740F2056322F81030324647F859
:1051D000201020462946FFF733FC85E0EF2001B080
:1051E000F0BD94F824004AF608424AF60007C2F2DD
:1051F0000022C2F2002740F2056322F81030324646
:1052000047F8201020462946FFF796FA6CE094F8FC
:1052100024004AF608424AF60007C2F20022C2F20F
:10522000002740F2056322F81030324647F820107C
:1052300020462946FFF74CFA56E094F824004AF637
:1052400008424AF60007C2F20022C2F2002740F2EA
:10525000056322F81030324647F8201020462946D0
:10526000FFF79EFA40E094F824004AF608424AF616
:105270000007C2F20022C2F2002740F2056322F8C2
:105280001030324647F8201020462946FFF7BCFA76
:105290002AE094F824004AF608424AF60007C2F2CF
:1052A0000022C2F2002740F2056322F81030324695
:1052B00047F8201020462946FFF79AFB14E094F89F
:1052C00024004AF608424AF60007C2F20022C2F25F
:1052D000002740F2056322F81030324647F82010CC
:1052E00020462946FFF708FC064605EB450048F630
:1052F000106194F82420C2F200214AF6000301EB69
:105300004000C2F20023818853F822300022204658
:1053100098473046EF2E18BFFF20002E50EA168027
:10532000E68401B0F0BDD4D4B0B504464AF60840D6
:10533000C2F200204AF60801C2F20021002520F83E
:10534000145001EB44204FF4007111F025FF4AF690
:1053500000004AF60C41C2F20020C2F2002140F8DF
:1053600024504AF2FC70C2F2002021F8145020F8B8
:105370001450B0BDD4D4D4D42DE9F04196B0074632
:1053800000284FF0010003D0002918BF002B02D1E4
:1053900016B0BDE8F0813E78012EF9D8052B44D82F
:1053A0003046154688468DF82C601C4602F034FCC9
:1053B0001290D7E90701CDE910010DF14E013846F1
:1053C00022467C703E4608F077FA9DF8500003288C
:1053D00026D13078012823D87778791EC9B20429DC
:1053E0001ED802F019FC15A930463A46777008F02D
:1053F00063FA9DF85610032912D131787078ADF810
:105400005200012905D1BDF8520040F01000ADF85E
:105410005200BDF85200FFF7FBFBC7B2FF2F09D1C6
:1054200040F2DC5016B0BDE8F08140F2E25016B018
:10543000BDE8F08144F2114102A8C0F200210091C0
:1054400039462A464346FFF75FFE28B1EF2823D1AD
:10545000012016B0BDE8F0819DF82C0048F6C0513F
:10546000C2F20021307001EBC00102A831F8172010
:10547000B270D1B205F080FDBDF82E104FF6FA7271
:10548000000B707091424FF00000B0602BD061BBF8
:105490000698B060002029E0BDF82E004FF6FB71A1
:1054A0008842BDD19DF82C0048F6C051C2F20021BF
:1054B0000122B280307001EBC00102A831F8172040
:1054C000B270D1B205F058FD000B70700025B560C8
:1054D00010F066FF70610F20314603F03DFA284658
:1054E00016B0BDE8F081022000E00120B08010F08D
:1054F00057FF70610F20314603F02EFA002016B0DE
:10550000BDE8F081D4D4D4D4F0B583B004460028EB
:105510004FF0010018BF002901D103B0F0BD207881
:1055200001282CD87AB3052A29D80E46154602F050
:1055300073FB02A920462A466570274608F0BCF98D
:105540009DF80A00032821D138787978ADF8061043
:10555000012805D1BDF8060040F01000ADF80600A6
:10556000BDF80600FFF754FB0146C0B2FF284FF01C
:105570000000317008BF40F2DC5003B0F0BD40F2D3
:10558000E25003B0F0BD012003B0F0BD40F2DC50AA
:1055900003B0F0BDD4D4D4D4D9B3F0B593B004469D
:1055A000042838D80E4602A920461F461546FEF7A5
:1055B000EFFD2046FFF7F0FA012826D19DF82C00D8
:1055C0004DF2C431C2F20021002818BF10310A6820
:1055D0007902002A1CBFD2E90923CDE910234AF63B
:1055E000084240F20663C2F20022CDE90071214672
:1055F00022F8103002A832462B46FEF7F1FF70B1B8
:10560000024602A82146FFF747FC40F2DC5013B0E7
:10561000F0BD0120704740F2E25013B0F0BD002011
:1056200013B0F0BDD4D4D4D4D9B3F0B593B00446FC
:10563000042838D80E4602A920461F461546FEF714
:10564000A7FD2046FFF7A8FA012826D19DF82C00D7
:105650004DF2C431C2F20021002818BF10310A688F
:105660007902002A1CBFD2E90923CDE910234AF6AA
:10567000084240F20663C2F20022CDE900712146E1
:1056800022F8103002A832462B46FEF7D5FF70B143
:10569000024602A82146FFF7FFFB40F2DC5013B0A0
:1056A000F0BD0120704740F2E25013B0F0BD002081
:1056B00013B0F0BDD4D4D4D42DE9F04F87B00E7818
:1056C00003929E4254D20C461D4607460DF1140922
:1056D0004FF0FF08FF200290049008E000BF00BFD9
:1056E000D9469AF80000304486B2AE4240D204EB6C
:1056F000060A9AF801000528F3D19AF8030000F091
:105700000300032810D0022836D19AF90200B0F124
:10571000FF3F0498D8BF01200490C8BF4FF0010894
:1057200004E000BF00BF00BF0120029097F82400F2
:105730004AF61041C2F200210B22039BCDE900A9D9
:1057400031F8101006F0A4F8B0B1014697F8240023
:105750004A46CB4604F09CFF1FFA88F0FF28BFD0D2
:10576000049880B2FF28BBD00298D946FF28B8D051
:10577000002007B0BDE8F08FFF2007B0BDE8F08F34
:105780002DE9F04389B08846054621B34AF61870E2
:105790000126C2F20020642400F110074FEA08300D
:1057A0001FFA80F904E000BF01360A370A2E12D032
:1057B00095F8240010FB047131F8061C0129F3D17F
:1057C0006043385A00F470408145EDD12846314697
:1057D00006F006FAE8E795F8240069468DF800001F
:1057E0008B208DF8030003208DF8018003F0B4F8BE
:1057F00009B0BDE8F083D4D4B0B58AB0044690F8BF
:1058000024000D4606F0C0F994F8240001A98DF893
:1058100004008B208DF8070006208DF8055003F05A
:105820009BF894F824104AF61442C2F20022002099
:105830004AF6244322F811004AF61842C2F2002226
:10584000C2F2002322F811004AF61042C2F20022EE
:1058500043F8210022F811004AF61C42C2F200224D
:1058600042F821006A1E92B2012A4AF62C42C2F284
:10587000002242F8210012D84BF6E462C2F2002264
:1058800050544BF6E66294F82410C2F200225054B1
:105890004BF6E86294F82410C2F2002250540AB089
:1058A000B0BDD4D4D4D4D4D410B58AB0044690F8C2
:1058B00024004BF6E4638DF80400628CC2F20023EE
:1058C0008DF80620D1B21B5C6FF074008B4250EA59
:1058D00000908DF80700204605F04EFB218D000B4F
:1058E0008DF80500033988B2D4E903120228A1EB30
:1058F0000201039106D84CF27031C0F2012131F857
:10590000100001E040F2DC50ADF80800E0690690BC
:1059100001A9092003F020F80AB010BDD4D4D4D4D2
:1059200010B58AB0044690F824008DF804008B214D
:10593000608C228D8DF807108DF80600C1B2501EC4
:1059400018BF40F2DC50ADF80800204605F014FB0B
:10595000000B8DF80500E069069001A90A2002F00D
:10596000FBFF0AB010BDD4D480B58AB00221ADF8D7
:105970000A104CF26831C0F20121039145F6C111C1
:10598000C0F20021049145F63121C0F200210591B9
:1059900045F28171C0F20021069145F2F971C0F221
:1059A000002107914AF29951C0F20021CDE9081176
:1059B00001A904F0F5FD0AB080BDD4D4D4D4D4D468
:1059C00010B54AF6354E90F82400C2F2002E01239D
:1059D00083409EF80020134218BF10BD4AF6144CB5
:1059E0004AF61844C2F2002CC2F2002400212CF81E
:1059F000101024F810104AF6104C4AF61C44C2F25B
:105A0000002CC2F200242CF8101044F820104AF6A2
:105A1000244C4AF62C44C2F2002CC2F200244CF86A
:105A2000201044F8201042EA03008EF8000010BD58
:105A3000B0B50C4690F824104AF61C4C4AF62445A2
:105A4000C2F2002CD4E90032C2F20025D4F808E0FA
:105A50004CF82130A36945F82120E5691A884AF6F7
:105A60001843C2F20023D4F80CC023F811204AF6E0
:105A70002C422B884AF61045C2F20022C2F20025C1
:105A800042F821E025F811300021ACF8001000F0B8
:105A900007F8002808BFB0BDE068FF210180B0BD55
:105AA00070B5044690F824004AF62441C2F2002161
:105AB00051F82010497802295BD14AF6104500229E
:105AC000C2F2002535F81010204606F01DFD94F8AE
:105AD00024004AF61446C2F2002636F810100131AE
:105AE00026F81010E18C11B104F09AFF12E04AF68A
:105AF0001C41C2F2002151F82010CA7B35F8101069
:105B0000204606F001FD94F8240036F8101001310B
:105B100026F81010E08CB0B994F824104CF6000070
:105B2000C2F200204A0200EB4121825C412A08D8DF
:105B300052080A7094F824104902425C013A425417
:105B400001E02020087094F824004BF61271C2F294
:105B500000214AF61842C2F2002201EB802132F8FD
:105B6000102020464B88FFF7A7FDFF2805D194F8A9
:105B7000240004F055FFFF2070BD002070BDD4D478
:105B800010B590F824104AF61443C2F20023002204
:105B90004AF61C4E4AF6104C23F811204AF61843D8
:105BA000C2F20023C2F2002EC2F2002C23F8112010
:105BB0004BF6E463C2F200234EF821204AF6344E3D
:105BC0002CF811205A544BF6E66390F82440C2F2A8
:105BD0000023C2F2002E4AF6244CC2F2002C1A55C1
:105BE0009EF8004090F824004AF62C43002C4BF617
:105BF000E864C2F20023C2F200244CF8212043F8EA
:105C00002120225418BF10BD01208EF8000010BDC5
:105C100010B5044661B100F0E3FD204600F0F0FD50
:105C2000C0050FD4204600F02FFE6FF3DF2010BD1B
:105C300000F096FDC0050ED4204600F0B1FD00F046
:105C40007F0010BD204600F00BFE6FF03F0101EA1F
:105C50001010403010BD4FF4807010BDD4D4D4D497
:105C60002DE9F041044690F824604CF696400D462C
:105C7000C2F2002030F81600022802D14FF00008CE
:105C80001FE006EB86004BF2A827C2F2002707EBC5
:105C9000C00050F8250018B10EF0E2F894F8246026
:105CA00006EB8600002107EBC00040F825102046D7
:105CB000294605F0DDF8013894F8246002285FEAEF
:105CC0002F982046294600F083FC2046294600F004
:105CD000A7FC2046294600F0D7FC2046294602F0C2
:105CE0001BFE4AF618706421C2F2002016FB010068
:105CF00005EB85014AF6364CC2F2002C012200EB7E
:105D00004107AA403CF81630788843EA020100288F
:105D100008BF23EA0201B8F1000F2CF8161002D0D8
:105D200040F4806078802046294600F059FD79884B
:105D3000204600F075FD012E03D1B988204600F001
:105D40007FFDF988204600F0AFFD3989204600F03C
:105D5000BBFD0021204600F043FD2046294600F00F
:105D60002BFE2046294602F0BFFD2046294600F0C2
:105D7000DBFD2046294600F09BFC2046294600F02A
:105D8000AFFC20462946BDE8F04100F0C1BCD4D4A8
:105D900070B5044690F824204CF696400D46C2F2A9
:105DA000002030F81200022815D002EB82004BF2DE
:105DB000A826C2F2002606EBC00050F8250018B154
:105DC0000EF04EF894F8242002EB8200002106EB3E
:105DD000C00040F825102046294602F09DFD2046CF
:105DE000294600F0F5FB2046294600F019FC204624
:105DF000294600F049FC00BF00214FF4004248F260
:105E00002F03204600F05CFA0021204600F040FA03
:105E100010F02F0FF0D12046294600F0E1FC0021C0
:105E2000204600F0FDFC0021204600F009FD002185
:105E3000204600F039FD0021204600F045FD0021FC
:105E4000204600F0CDFC2046294600F0B5FD204656
:105E5000294602F049FD2046294600F065FD20460E
:105E6000294600F035FE2046294600F049FE20462E
:105E7000294600F01DFC2046294600F031FC204652
:105E80002946BDE8704000F043BCD4D4D4D4D4D467
:105E900070B51546013A022A0E4604460DD2204638
:105EA0002946324600F0CCFA2046294600F0F0F9A7
:105EB00000F00F00B042F7D119E0002D18BF70BDFF
:105EC00048F200001E43CFF6FF70304385B200BF9A
:105ED000002148F22F0320462A4600F0F1F9002164
:105EE000204600F0D5F900F02F00B042F0D170BD8F
:105EF000B0B50C46054600F0EBFD28462146BDE84E
:105F0000B04000F0FDBDD4D4F0B581B001220C4604
:105F1000054600F0ADFD00264FF6FF7700BF00BF3D
:105F20002846214600F0E0FC800602D50136BE423C
:105F3000F6D101B0F0BDD4D4F0B581B01446013A29
:105F4000022A0E46054610D228462146324600F067
:105F500077FA00BF00BF00BF2846214600F098F93D
:105F600000F00F00B042F7D119E0C4B948F20000C8
:105F700043EA0607CFF6FF70384386B200BF00BF82
:105F8000002148F22F032846324600F099F90021FB
:105F9000284600F07DF900F02F00B842F0D100262D
:105FA0002846214600F090FA81040DD4284600F0DE
:105FB00023F8284600F058F80A2002F055FA632E1C
:105FC00006F10106ECD3FF2001B0F0BDD4D4D4D447
:105FD00070B514460D46064600F092FD304629463F
:105FE000224600F0A5FD30462946BDE8704000F08D
:105FF00057BDD4D4D4D4D4D490F824104CF69642BF
:10600000C2F2002232F81110022901D1002070479B
:10601000006C00887047D4D490F824204CF6964148
:10602000C2F20021012A31F8121007D1022908BF5B
:106030007047006C018841F0800101807047D4D422
:1060400090F824204CF69641C2F20021012A31F842
:10605000121007D1022908BF7047006C018821F097
:10606000800101807047D4D490F824104CF69642F9
:10607000C2F2002232F81110022901D1002070472B
:10608000006C80887047D4D410B5044690F8240082
:106090004CF69641C2F2002131F81010022901D1CC
:1060A000002010BD01F0B8FD2064008910BDD4D4DB
:1060B000006C114003899343194401817047D4D483
:1060C000006C028922EA010101817047D4D4D4D442
:1060D000006C018941F4007101817047D4D4D4D49B
:1060E000006C018921F4007101817047D4D4D4D4AB
:1060F00090F824204CF69643C2F2002333F8122085
:10610000022A4FF0000206D002299FBF8900006CCE
:1061100010FA81F0426910467047D4D4D4D4D4D454
:1061200090F824C04CF69643C2F2002333F81C309A
:10613000022B07D0022988BF70478900006C10FA33
:1061400081F042617047D4D490F824204CF69643F5
:10615000C2F2002333F81230022B12D0012A08D0E9
:106160007AB9022915D001290DD051B9006C808A65
:106170007047022910D0012908D011B9006CC08ADB
:10618000704700207047006C008B7047006C408B9C
:106190007047006C808B7047006CC08B7047D4D404
:1061A00090F824004CF69643C2F2002333F81030E6
:1061B000022B02D001280FD0F8B9022919D00129E9
:1061C00005D0D1B91420C4F22500028070471420F4
:1061D000C4F2250082807047022915D001290DD014
:1061E000002918BF704741F21600C4F23500028042
:1061F00070471420C4F225000281704741F2160056
:10620000C4F235008280704741F21600C4F23500B6
:10621000F2E7D4D4D4D4D4D490F824004CF69643E6
:10622000C2F2002333F81030022B02D001280FD025
:10623000F8B9022919D0012905D0D1B91420C4F226
:106240002500027070471420C4F2250002717047C7
:10625000022915D001290DD0002918BF704741F23D
:106260001700C4F23500027070471420C4F22500F4
:106270000272704741F21700C4F235000271704794
:1062800041F21700C4F23500F2E7D4D4D4D4D4D408
:1062900090F824204CF69643C2F2002333F81220E3
:1062A000022A4FF0000209D0022907D84CF27832B6
:1062B000006CC0F2012252F8211042181088704779
:1062C00080B590F824C04CF6964EC2F2002E3EF8EF
:1062D0001CC0BCF1020F4FF0000C0AD0022908D8F4
:1062E0004CF2783C006CC0F2012C5CF8211000EB01
:1062F000010CBCF8000003EA020198430844ACF822
:10630000000080BDD4D4D4D490F824204CF6964319
:10631000C2F2002333F81220022A4FF0000209D003
:10632000022907D84CF27832006CC0F2012252F8F0
:1063300021104218108820F4005010807047D4D4E7
:1063400010B590F824204CF69643C2F200230024A6
:1063500033F81220022A09D0022907D84CF27832E9
:10636000C0F2012252F82110026C541802F0A0F879
:10637000218848B14EF6F0700840208000BF00BF71
:1063800020880007FCD102E021F480502080208882
:1063900040F48050208010BD90F824204CF69643A5
:1063A000C2F2002333F81220022A4FF0000209D073
:1063B000022907D84CF27832006CC0F2012252F860
:1063C00021104218108820F4805010807047D4D4D7
:1063D00010B590F824404CF6964EC2F2002E4FF0C5
:1063E000000C3EF81430022B0AD0022908D84CF2D7
:1063F0007833006CC0F2012353F8211000EB010C3C
:106400003EF81400022819D0012C06D0B4B9BCF80B
:1064100000007AB140F480600EE0BCF80000002A71
:1064200020F44060ACF8000008BF10BDBCF80000CC
:10643000104301E020F48060ACF8000010BDD4D41B
:10644000B0B582B090F824304CF69645C2F20025E3
:10645000144635F81330022B01D1002509E0032939
:1064600015D24CF27832036CC0F2012252F821208E
:106470009D1801392A880129ADF806200BD802F0B1
:1064800017F840B9BDF8060020F4805001E000255F
:106490002888ADF80600BDF8060020F00F00ADF822
:1064A0000600BDF80600288028880007FCD1BDF84A
:1064B00006002043ADF80600BDF80600288002B0B3
:1064C000B0BDD4D4D4D4D4D490F824204CF6964380
:1064D000C2F2002333F81220022A4FF0000209D042
:1064E000022907D84CF28432006CC0F2012252F823
:1064F000211042181088704790F824204CF69643DB
:10650000C2F2002333F81220022A4FF0000209D011
:10651000022907D84CF28432006CC0F2012252F8F2
:1065200021104218108840F4004010807047D4D4E5
:1065300090F824204CF69643C2F2002333F8122040
:10654000022A4FF0000209D0022907D84CF2843207
:10655000006CC0F2012252F8211042184FF4804022
:1065600010807047D4D4D4D490F824204CF69643AD
:10657000C2F2002333F81220022A08BF7047006CD1
:10658000028E114301867047006C018E6FF3DF317C
:1065900001867047D4D4D4D4006C018E21F400510C
:1065A00001867047D4D4D4D490F824204CF6964376
:1065B000C2F2002333F81220022A08BF7047006C91
:1065C000012202FA01F1C38E1943C1867047D4D467
:1065D00090F824204CF69643C2F2002333F81220A0
:1065E000022A08BF7047006C012202FA01F1C38E33
:1065F00023EA0101C186704790F824204CF69643A7
:10660000C2F2002333F81220022A08BF7047006C40
:10661000012202FA01F1038F194301877047D4D494
:1066200090F824204CF69643C2F2002333F812204F
:10663000022A08BF7047006C012202FA01F1038FA1
:1066400023EA01010187704790F824204CF6964315
:10665000C2F2002333F81230022B08BF704702EB5E
:1066600082024AF6E073C2F2002303EB82020023A7
:1066700022F811300122006C02FA01F1438F194314
:1066800041877047D4D4D4D490F824204CF6964354
:10669000C2F2002333F81220022A08BF7047006CB0
:1066A000012202FA01F1438F23EA01014187704779
:1066B00090F824204CF69643C2F2002333F81220BF
:1066C000022A08BF70470122006C02FA01F140F271
:1066D000FF3222EA0101A0F846107047D4D4D4D486
:1066E00090F824204CF69643C2F2002333F812208F
:1066F000022A08BF70470122006C02FA01F140F241
:10670000FF3222EA0101A0F848107047D4D4D4D453
:1067100090F824204CF69643C2F2002333F812205E
:10672000022A08BF70470122006C02FA01F140F210
:10673000FF3222EA0101A0F84A107047D4D4D4D421
:1067400090F824104CF69642C2F2002232F8111052
:10675000022901D100207047006CB0F84C0070474E
:1067600090F824104CF69642C2F2002232F8111032
:10677000022901D100207047006CB0F85C0070471E
:1067800090F824204CF69643C2F2002333F81220EE
:10679000022A08BF7047006CA0F85C107047D4D480
:1067A00090F824104CF69642C2F2002232F81110F2
:1067B000022901D100207047006CB0F85E007047DC
:1067C00090F824204CF69643C2F2002333F81220AE
:1067D000022A08BF7047006CA0F85E107047D4D43E
:1067E00090F824204CF69643C2F2002333F812208E
:1067F000022A08BF7047006CA0F864107047D4D418
:1068000090F824104CF69642C2F2002232F8111091
:10681000022901D100207047006CB0F86800704771
:1068200090F824204CF69643C2F2002333F812204D
:10683000022A08BF7047006CA0F868107047D4D4D3
:1068400090F824304CF69642C2F20022012B32F826
:10685000132004D1022A1CBF006CA0F86A107047F4
:1068600090F824104CF69642C2F20022012932F828
:1068700011204FF0000104D1022A1CBF006CB0F8B7
:106880006A1008467047D4D490F824104CF696420B
:10689000C2F2002232F81110022901D10020704703
:1068A000006CB0F86C00704790F824204CF69643CA
:1068B000C2F2002333F81220022A08BF7047006C8E
:1068C000A0F86C107047D4D490F824204CF696436E
:1068D000C2F2002333F81220022A08BF7047006C6E
:1068E000A0F86E107047D4D481B00022ADF8022019
:1068F00090F824204CF69643C2F2002333F812207D
:10690000022A0AD021B1006C00EB41006E3001E098
:10691000006C60300088ADF80200BDF8020001B0E4
:106920007047D4D4D4D4D4D490F824204CF69643D1
:10693000C2F2002333F81220022A08BF7047006C0D
:1069400000EB4100B0F86E1041F40051A0F86E1059
:106950007047D4D4D4D4D4D490F824204CF69643A1
:10696000C2F2002333F81220022A08BF7047006CDD
:1069700000EB4100B0F86E1041F40071A0F86E1009
:106980007047D4D4D4D4D4D490F824204CF6964371
:10699000C2F2002333F81220022A08BF7047006CAD
:1069A00000EB4100B0F86E1021F40071A0F86E10F9
:1069B0007047D4D4D4D4D4D490F824204CF6964341
:1069C000C2F2002333F81220022A08BF704749B1EF
:1069D000006C00EB4100B0F86E1041F48071A0F83B
:1069E0006E107047006CB0F8601041F48071A0F830
:1069F00060107047D4D4D4D490F824204CF6964339
:106A0000C2F2002333F81220022A08BF704749B1AE
:106A1000006C00EB4100B0F86E1041F08001A0F86E
:106A20006E107047006CB0F8601041F08001A0F863
:106A300060107047D4D4D4D490F824C04CF6964358
:106A4000C2F2002333F81C30022B08BF704721B17B
:106A5000006C00EB41006E3001E0006C603001889A
:106A600021F0030101800188114301807047D4D4D3
:106A700090F824C04CF69643C2F2002333F81C3041
:106A8000022B08BF704721B1006C00EB41006E3053
:106A900001E0006C60300188914301807047D4D4DC
:106AA00090F824204CF69643C2F2002333F81220CB
:106AB000022A08BF7047006C00EB8100B0F88C1010
:106AC00041F40071A0F88C107047D4D4D4D4D4D43D
:106AD00090F824204CF69643C2F2002333F812209B
:106AE000022A08BF7047006C00EB8100B0F88C10E0
:106AF00021F40071A0F88C107047D4D4D4D4D4D42D
:106B000090F824204CF69643C2F2002333F812206A
:106B1000022A08BF7047006C00EB8100B0F88C10AF
:106B200041F48071A0F88C107047D4D4D4D4D4D45C
:106B300090F824C04CF69643C2F2002333F81C3080
:106B4000022B08BF7047006C00EB8100A0F88E207C
:106B50007047D4D4D4D4D4D490F824104CF69642B0
:106B6000C2F20022012932F811204FF0000104D1B5
:106B7000022A1CBF006CB0F8401108467047D4D4FC
:106B800090F82410012918BF7047006CB0F840112C
:106B900041F01001A0F840117047D4D4D4D4D4D41B
:106BA00090F82410012918BF7047006CB0F840110C
:106BB00021F01001A0F840117047D4D4D4D4D4D41B
:106BC00090F82410012918BF7047006CB0F84011EC
:106BD00041F00801A0F840117047D4D4D4D4D4D4E3
:106BE00090F82410012918BF7047006CB0F84011CC
:106BF00021F00801A0F840117047D4D4D4D4D4D4E3
:106C00002DE9F04F83B090F824504CF6964CC2F228
:106C1000002C044692463CF81530012B0AD105EBB6
:106C200085034BF24832C2F2002202EBC30252F853
:106C3000210000E000204FF03808BAF1010F08BF32
:106C40004FF03C0854F808206FF00303002D526801
:106C5000526817784AF63C42C2F2002202EB051B4A
:106C60005BF8272008BF6FF0010312EA030618D073
:106C7000CDE901104CF2083920465146C4F2000912
:106C8000FFF78AFB94F82400B8B1BAF1010F20D1C4
:106C9000D9F80C0020F48030C9F80C00D9F80C00A9
:106CA00028E03CF81500012840F0C18020465246FB
:106CB00003B0BDE8F04F03F08BBBBAF1010F11D167
:106CC000D9F8000020F48030C9F80000D9F800009D
:106CD00010E0D9F8100020F48030C9F81000D9F87D
:106CE000100007E0D9F8040020F48030C9F804004F
:106CF000D9F804004AF65C4CC2F2002C0CEBC5013A
:106D000031F817108E4218D24AF66C424AF6744097
:106D1000C2F200221BF8271002EB85020323C2F205
:106D20000020002D00EB051008BF01231940D155AC
:106D30000299314440F8271003E0B6FBF1F202FB60
:106D400001F654F8080094F82420A36B4BF8276050
:106D500040680CEBC208406890F800E0586838F8CA
:106D60001E108E4256EA318CB107016808BF012A15
:106D700012D0002A5FEA0F9240F238050AEB4A0768
:106D8000C2F200254FF0010942EAC20205EB82027D
:106D900002EB870204320AE00AEB4A0240F23805AD
:106DA000C2F200254FF0020905EB8202243212687C
:106DB0008A6040684AF20005C4F20005027818684B
:106DC00005EB821200258260977F01353F0625EA98
:106DD000E775AFB2642FF7D32CFA09F2029F4F6028
:106DE000CA8138F81E20771EB7FBF2F201328A8181
:106DF0009A6852689047204601F05AFB019D28B9D5
:106E00000023204629465246FFF742F820465146C5
:106E1000FFF796FA204601F04BFB40B100232046D5
:106E20002946524603B0BDE8F04FFFF731B803B032
:106E3000BDE8F08FD4D4D4D448B101294FF0380143
:106E400008BF3C21405840684068007870470A20DD
:106E50007047D4D4D4D4D4D42DE9F047044690F864
:106E600024004CF696431646C2F20023894633F8B6
:106E70001030012B0AD100EB80014BF24832C2F2F4
:106E8000002202EBC10151F8298001E04FF0000817
:106E90003821012E08BF3C216158496849680F78A4
:106EA0004AF63C41C2F2002101EB001555F82700DB
:106EB000002808BFBDE8F0874CF2083A204631466A
:106EC000C4F2000AFFF768FA94F8240050B1012ECA
:106ED00013D1DAF80C0020F48030CAF80C00DAF88C
:106EE0000C001BE0012E11D1DAF8000020F48030F4
:106EF000CAF80000DAF8000010E0DAF8100020F418
:106F00008030CAF81000DAF8100007E0DAF8040060
:106F100020F48030CAF80400DAF8040055F827306D
:106F200020464146324600F03BF8204601F0C0FAC8
:106F300028B90023204649463246FEF7A9FF2046DD
:106F4000494601F09DFC55F827100139B1FBF0F0DE
:106F50004946013082B22046FFF73AF820464946BA
:106F6000FFF722FB2046494601F076FC20463146D9
:106F7000FFF7CAF920463146FFF7E2F9204601F053
:106F800097FA28B10023204649463246FEF780FF93
:106F900020464946BDE8F04701F0B6BCD4D4D4D46D
:106FA000002808BF70472DE9F0433827D0F83CE0AF
:106FB0000546012A08BF3C27DEE900064AF2000C1C
:106FC000EF5995F824907468C4F2000C7F68247817
:106FD0007F6897F800800CEB84140027846000BF62
:106FE000A57F01372D0627EAE577BDB2642DF7D3DB
:106FF000D6F800C04AF65C46B9F1010FC2F200268D
:1070000012D102EB420240F23804C2F2002404EB37
:10701000820206EB4804526ACCF804202289013A25
:1070200002EB927292101AE0B9F1000F5FEA0F942E
:1070300040F2380502EB4202C2F2002544EAC404E1
:1070400005EB840404EB820206EBC9045268CCF819
:10705000042034F81820013A02EBD272521006EBE9
:10706000C9040132CCF80810ACF80E2034F818101E
:107070005A1EB2FBF1F10131ACF80C10DEF8081029
:107080004A686146BDE8F0431047D4D4D4D4D4D480
:1070900080B590F824204CF6964CC2F2002C002AC1
:1070A0005FEA0F933CF812E0BEF1020F53EA02834D
:1070B00001294FF0380108BF3C2140584AF694415D
:1070C000C2F20021406801EBC3014068007831F84A
:1070D00010E03CF81210022908BF80BD4AF63C417E
:1070E00002EB8202C2F2002101EB03114BF2F82302
:1070F000C2F2002303EBC20251F8200052F82E1016
:10710000081A42F82E0080BD2DE9F04F83B002919D
:1071100019461E4693460546FFF762FB2846FFF7D1
:107120006FFB044610F0100F4FF0010050EA009A78
:10713000284601F0BDF928B90023284631465246B9
:10714000FEF7A6FE01964CF2083628465146C4F2D8
:107150000006FFF721F995F8240038B1E0060DD4B8
:10716000F06820F48030F060F06812E0E0060BD4A4
:10717000306820F48030306030680AE0306920F4F4
:1071800080303061306904E0706820F480307060D5
:107190007068E0064FF0380058BF3C20285895F83A
:1071A0002460AB6B4068406890F800E04AF65C40B1
:1071B000C2F2002000EBC609586839F81E108B4552
:1071C0005BEA318C5FEA8B71016808BF012E11D038
:1071D000002E5FEA0F9240F238060AEB4A07C2F22D
:1071E000002642EAC20206EB8202012602EB870277
:1071F000171D0AE00AEB4A0240F23806C2F20026E6
:1072000006EB8202022602F124073A688A6040688F
:107210004AF20007C4F200070278186807EB8217E9
:107220000022876000BF00BF97F81E8001324FEA3E
:10723000086422EAE47294B2642CF5D32CFA06F2C4
:10724000029F4F60CA8139F81E20ABF10107B7FBDE
:10725000F2F201328A819A68526890472846514674
:10726000FFF76EF8284601F023F940B100232846C5
:107270000199524603B0BDE8F04FFEF709BE03B0D6
:10728000BDE8F08FD4D4D4D42DE9F04F81B03822AA
:10729000012908BF3C22825890F824704CF6964889
:1072A0005268C2F20028526815784AF69442C2F237
:1072B000002202EBC70212F815B038F81720012A95
:1072C00040F0AF804AF65C4307EB8702C2F200232E
:1072D0004BF2F82E03EBC706C2F2002E0EEBC203F0
:1072E0004BF2483C36F81540C2F2002C53F82B60A4
:1072F000A64212D24AF66C42C2F2002202EB870288
:10730000525D002A62D10E4659460546FFF700FA43
:1073100028463146FFF7F0F826E04AF63C44C2F230
:10732000002404EB07190CEBC20459F82520B61A07
:1073300054F82BA043F82B601DD159460646FFF7A1
:10734000E7F9304659463546FFF7CEFA40040BD4EC
:1073500038F81700012864D101222846594601B0A7
:10736000BDE8F04F04F010B82846594601B0BDE81A
:10737000F04FFFF769B992444AF66C42C2F200221C
:10738000032402EB8702002F08BF012404EA06044D
:1073900054554AF674424FF6FC73C2F2002208BFFD
:1073A0004FF6FE7302EB071416EA030249F8256054
:1073B00002EB0A0344F8253008D049F8252051464D
:1073C0005B4601B0BDE8F04FFFF79EBE38F81720CE
:1073D000012A1ED190F824204AF66C43C2F2002301
:1073E0004AF6744403EB8703C2F2002402EB8202E4
:1073F00004EB07145B5D0EEBC2060CEBC20246F811
:107400002B3054F8253042F82B300A46594602F00A
:10741000DFFF4AF66C400021C2F2002000EB87003B
:10742000415501B0BDE8F08FF0B591B04DF2C430D8
:107430004CF69641C2F20020C2F2002184694888CD
:1074400001282ED1012001258DF8245000F0E4FB05
:107450001090684602210227FEF79EFF4AF6A440DC
:107460004AF6A843C2F20020C2F2002301884E1C53
:1074700001EB011203EB820106F00702028040F2E9
:107480001710C0F20400086201F1380CD4E90902B7
:10749000109B81F824508CE80D0001200F8501F02D
:1074A00037FE11B0F0BDD4D401294AF20001C4F274
:1074B000000112D1C06BD0E900204068007801EBD8
:1074C00080100021906000BF827F0131120621EA06
:1074D000E2718AB2642AF7D312E0806BD0E900200F
:1074E0004068007801EB80100021906000BF00BF71
:1074F000827F0131120621EAE2718AB2642AF7D34F
:107500007047D4D4D4D4D4D480B584B0C06B81684F
:107510000068CA6969469047BDF8040004B080BDA0
:107520002DE9F04F81B0016CB1F84060B1F8422014
:10753000B1F846C0B1F84880B1F84AA00B8E4F8E22
:10754000CD8EB1F83890B1F83AB03A400027D40661
:10755000478407852AD4970636D433400FFA83FE32
:107560005FEACE5341D41FFA8EFC5FEA4C5345D4F8
:107570005FEA8C534BD413B2B3F1FF3F54DD1305D4
:1075800058D453065ED4B2F5804F63D2D30466D488
:10759000D20769D1BEF1FF3F78DD5FEA8C4221D589
:1075A0004DF6FF72A1F8402013211AE04DF630028B
:1075B000CFF6FF723032A1F84220016C4A8E22F0E1
:1075C00030024A8661210CE04DF63002CFF6FF72A0
:1075D0002032A1F84220016C4A8E22F030024A8605
:1075E0006221418401B0BDE8F08F05EA0C0240F24F
:1075F000FF339343A1F84630012110E00BEA0A0261
:1076000040F2FF339343A1F84A30022107E009EA30
:10761000080240F2FF339343A1F84830032141842C
:10762000028501B0BDE8F08F45F67002A1F8422056
:107630004121D6E7044602F0E7FA4420608401B015
:10764000BDE8F08F4DF63002CFF6FF72A1F8422070
:107650004521C6E7044603F07FFB4220EEE70446DF
:1076600002F0D2FA4320E9E790F82420012AB9D1A8
:107670004DF63002CFF6FF724032A1F84220016C85
:107680004A8E22F001024A864621AAE747F6FF7297
:10769000A1F840201121A4E7B0B5044602E000BFE4
:1076A000800714D02046FEF7DFFC05461E2000F0C0
:1076B000DFFE2046FEF7D8FC68408107F0D1142099
:1076C00000F0D6FE2046FEF7CFFC6840E8E72046F3
:1076D000FEF7DAFC40071CBF0020B0BD05F0030038
:1076E00002280BD0012810D194F824004BF2E46159
:1076F000C2F20021422531F8101001E0412500219D
:10770000204603F021FC2846B0BD4320B0BDD4D4B0
:1077100010B5044690F824004BF2E061C2F200215B
:1077200031F81000502818BF0A2807D1012000F0B6
:107730009BFE2046BDE8104003F002BB10BDD4D430
:10774000012000F091BED4D42DE9F04381B004466D
:1077500003F036FB204603F04BFB204603F0FCFA17
:107760004BF200284BF2A8290127C2F20028C2F2EE
:10777000002905E000BF00BFB8B20137052844D298
:10778000380385B22046294603F03EFB0028F3D09B
:1077900094F8240038F8100018B10721204601F0B1
:1077A000FBFF012607E000BF20463146FEF7F0FA56
:1077B00001360A2E18D02046314603F0DDFBA842E0
:1077C000F6D194F8240000EB800009EBC00050F8DB
:1077D00026000028E8D008222046314600F044F870
:1077E000E2E700BF00BF00BF00222046294603F0A9
:1077F00093FA94F824000128BED100224FF4FE43EE
:107800002046294600F01CFBB6E72046FFF744FF60
:10781000432805D042281BD0412801D1412118E03E
:10782000204605F031FD94F824004BF2E061C2F2ED
:10783000002131F81000502818BF0A280FD101206C
:1078400000F012FE204601B0BDE8F04303F078BA24
:107850004221204601B0BDE8F04305F0F1BC01B083
:10786000BDE8F083D4D4D4D4F0B581B016460C462C
:107870000546FEF749FB28462146FEF7A9FE2846A5
:107880002146FEF7CDFE28462146FEF7FDFE28469E
:107890002146FEF72DFB00212846FEF7F9FC00F0FB
:1078A0000F00A04205D10021002200232846FEF748
:1078B000EFFA01212846FEF7EBFC00F00F00A04292
:1078C00005D10021012200232846FEF7E1FA02211A
:1078D0002846FEF7DDFC00F00F00A04205D1002194
:1078E000022200232846FEF7D3FA2846214600F05C
:1078F000FBFF28462146FFF717F895F824004BF2C6
:10790000A827C2F2002700EB800107EBC10050F866
:10791000240000284ED04BF2F8220685C2F2002245
:1079200002EBC10151F82410016128462146FEF7FF
:10793000DBFF95F824104BF29833C2F2002301EBE1
:10794000810107EBC10203EB810152F8242050852D
:1079500011F8140082F83600286C106495F8241091
:1079600001EB810007EBC00050F82400436880F869
:107970002410E96BC163A96B816353B1002100221C
:10798000984795F8240000EB800007EBC00050F802
:1079900024000CF065FA95F82400002200EB800129
:1079A00007EBC10141F82420214601B0BDE8F040B9
:1079B00001F07EBC01B0F0BD10B5044603F000FA42
:1079C000204603F015FA204603F0C6F92046FFF7DB
:1079D00063FE43280BD0422803D0412801D1412126
:1079E00000E042212046BDE8104005F029BC2046B9
:1079F00005F04AFC94F824004BF2E061C2F2002149
:107A000031F8100050281CBF0A2810BD012000F0DA
:107A10002BFD2046BDE8104003F092B9D4D4D4D455
:107A2000B0B5402150220446FEF742FB322000F060
:107A30001FFD94F82400012807D140212046FEF7BD
:107A40003FFB4FF4967000F00FFD204603F090F9D5
:107A5000142000F00DFD00252046FEF715FB00F078
:107A60000700042806D10A2000F002FD022D05F1CE
:107A70000105F1D31E20BDE8B04000F0F9BCD4D41C
:107A800010B5044603F068F92021A0222046FEF735
:107A90000FFB142000F0ECFC204603F069F90520F0
:107AA000BDE8104000F0E4BC80B5FEF7EDFA00F050
:107AB0000700402101380022032838BF01EB801263
:107AC00090B280BDD4D4D4D42DE9F041054690F8CD
:107AD00024001C461646012888461FD000284FD196
:107AE0005FEA580709D000BF34F8022B2846314618
:107AF000FEF756FB013F3804F6D15FEAC8703FD06D
:107B0000002228463146FEF763FC14F8012B284674
:107B10003146FEF781FB4FF480622DE05FEA980763
:107B20000BD000BF00BF00BF54F8042B28463146DD
:107B3000FEF7F6FA013F3804F6D15FEA88700BD5FC
:107B40004FF4806228463146FEF742FC34F8022B9F
:107B500028463146FEF724FB5FEAC8700AD00022AF
:107B600028463146FEF734FC14F8012B28463146EE
:107B7000FEF752FB4FF4006228463146FEF728FC20
:107B80002046BDE8F081D4D42DE9F041054690F8B7
:107B900024001C461646012888461AD0002838D1F1
:107BA0005FEA580709D000BF28463146FEF7CCFAF5
:107BB000013F24F8020B3804F6D15FEAC87028D0E0
:107BC00028463146FEF7C0FA04F8010B2046BDE80E
:107BD000F0815FEA980708D028463146FEF788FA18
:107BE000013F44F8040B3804F6D118F0030010D01C
:107BF0000138012111FA80F728463146FEF778FA5C
:107C000047F001E000BF00BF04F8010B000A0FF0CD
:107C100005C82046BDE8F08130B1012808D141F205
:107C20000000C4F2350070470020C4F22500704700
:107C300000207047D4D4D4D4B0B50C46054600F02B
:107C400013FE80071DD42846FEF70EFA95F824008F
:107C50004BF29831C2F2002100EB800001EB800072
:107C600030F81410002901F1010120F814100AD095
:107C7000052000F0FDFB28462146BDE8B04000F09D
:107C800043BE062200E0072228462146BDE8B04058
:107C9000FFF7EABDD4D4D4D4006C018941F080014F
:107CA00001817047D4D4D4D4006C018921F0100133
:107CB00001817047D4D4D4D4006C418E41F400418A
:107CC00041867047D4D4D4D4006C418E6FF3DF3139
:107CD00041867047D4D4D4D4006C418E41F48041A5
:107CE00041867047D4D4D4D4006C418E21F48041B5
:107CF00041867047D4D4D4D4006C418E41F4805175
:107D000041867047D4D4D4D4006C418E21F4805184
:107D100041867047D4D4D4D4006C418E41F40061C4
:107D200041867047D4D4D4D4006C418E21F40061D4
:107D300041867047D4D4D4D4006C418E41F02001E8
:107D400041867047D4D4D4D4006C418E41F01001E8
:107D500041867047D4D4D4D490F82410012918BF98
:107D60007047006C418E41F0010141867047D4D4C8
:107D7000006C45F67001A0F842107047D4D4D4D4FA
:107D8000006C49F67001A0F842107047D4D4D4D4E6
:107D9000006C4CF67001A0F842107047D4D4D4D4D3
:107DA000006C4DF27001A0F842107047D4D4D4D4C6
:107DB000006C4DF65001A0F842107047D4D4D4D4D2
:107DC000006C4DF66001A0F842107047D4D4D4D4B2
:107DD00090F82410012918BF7047006C4DF670010F
:107DE000A0F842107047D4D4006CA0F8541070472B
:107DF000006CA0F856107047006CA0F8581070473F
:107E0000006CA0F85A107047006CA0F86010704722
:107E1000006CB0F8601041F48041A0F86010704729
:107E20004A0B022A01D9FF207047C1F30331006CCD
:107E300000EB410047F6C071B0F8D0000840704731
:107E4000C1F30331006C1A4000EB4100B0F8D010D0
:107E500099431144A0F8D0107047D4D4D4D4D4D4CA
:107E6000C1F30331006C00EB4100B0F8D01021F0F9
:107E7000C001A0F8D010B0F8D0101143A0F8D01075
:107E80007047D4D4D4D4D4D4F0B581B0002867D00E
:107E900041F20005C4F23505E88F40F03100E88773
:107EA000E88F6FF3DF30E887E88F40F48070E88771
:107EB000012000F0D9FAE88F20F00100E8870120C6
:107EC00000F0D6FAE88F20F00200E887B5F802014A
:107ED00040F48040A5F80201E888C007FCD028885B
:107EE00040F040002880288840F020002880288822
:107EF00020F010002880288840F48070288040F608
:107F000007706880012000F0AFFAA88F40F02000D1
:107F1000A887281D00F0B0FA298805F1300405F182
:107F2000320705F1420641F0010129804FF400615A
:107F300029842985A985411E02295AD2288940F021
:107F400040002881322000F093FA288920F0400078
:107F5000288100BF00BF00BF28894007FCD43AE059
:107F60000025C4F22505288840F48060288000BFE1
:107F700028884005FCD5288840F0400028802888C3
:107F800040F020002880288820F010002880281D3C
:107F900000F072FA298805F1300405F1320705F185
:107FA000420641F0010129804FF48061298429852E
:107FB000A985411E02291CD2288940F04000288151
:107FC000322000F055FA288920F04000288100BFB7
:107FD00028894007FCD4288900F00700012803D134
:107FE000A88F40F48070A887288940F0100028816D
:107FF00008E038B94FF4006025F8320FAC1E05F1E7
:1080000010062F4645F6700030804FF4E060208067
:108010004FF40840388001B0F0BDD4D4D4D4D4D4C7
:10802000006C818F41F4807181877047D4D4D4D49F
:1080300010B543F204010028C4F22001086813D0EF
:10804000C00413D50120EFF3108480F31088086872
:1080500020F48050086008681E20012106F06CFEA4
:1080600084F31088002010BD000502D440F2DD50DA
:1080700010BD0120EFF3108480F31088086820F40D
:108080000060086008681E20012106F055FE84F398
:108090001088002010BDD4D4C8B341F200000021E4
:1080A000C4F2350080220181A0F86020A0F8701091
:1080B000A0F87210A0F87410A0F87610A0F878104C
:1080C000A0F87A10A0F87C10A0F87E10A0F880101C
:1080D000C1860187418701864186A0F84610A0F835
:1080E0004810A0F84A10028822F01002028002888C
:1080F00022F020020280028822F0400202800288E0
:1081000022F001020280A0F8021100207047002036
:108110000021C4F2250080220181A0F86020A0F88F
:108120007010A0F87210A0F87410A0F87610A0F8E3
:108130007810A0F87A10A0F87C10A0F87E10A0F8B3
:108140008010C1860187418701864186A0F84610CC
:10815000A0F84810A0F84A10018821F01001018011
:10816000018821F020010180018821F04001018077
:10817000018821F00101018000207047D4D4D4D4BB
:1081800010B50446FFF788FF012C1DD0002C3AD112
:1081900043F20400C4F220000168090530D40168EC
:1081A000090533D40121EFF3108481F310880168AD
:1081B00041F40061016000681E20012106F0BCFD51
:1081C00084F31088002010BD43F20400C4F22000A4
:1081D0000168C90414D40168C90417D40121EFF35C
:1081E000108481F31088016841F4805101600068B7
:1081F0001E20012106F0A0FD84F31088002010BD90
:1082000040F2DC5010BD40F2E25010BD4FF4BC60B3
:1082100010BDD4D4D4D4D4D4B0B5012800F0A580F6
:10822000002818BFB0BD40F200404EF2001EC4F25C
:1082300025004DF2C43CCEF2000EC2F2002C0268C2
:1082400022F01002026091F90E304CF20032C4F2BA
:108250000002002B1DD4487D0EEB03040125000114
:1082600084F800034CF8231052F8230020F48030E7
:1082700042F8230052F82300580903F01F03BFF30C
:108280005F8F0EEB800405FA03F3C4F880314EF8DB
:10829000203091F90F30002B1DD4887D0EEB0304A4
:1082A0000125000184F800034CF8231052F8230044
:1082B00020F4803042F8230052F82300580903F0DC
:1082C0001F03BFF35F8F0EEB800405FA03F3C4F8BE
:1082D00080314EF8203091F90D30002B1DD4087DEF
:1082E0000EEB03040125000184F800034CF8231071
:1082F00052F8230020F4803042F8230052F8230083
:10830000580903F01F03BFF35F8F0EEB800405FADB
:1083100003F3C4F880314EF8203091F90C30002B73
:108320001DD4C87C0EEB03040125000184F8000372
:108330004CF8231052F8230020F4803042F8230038
:1083400052F82300580903F01F03BFF35F8F0EEBB1
:10835000800205FA03F3C2F880314EF820304AF665
:10836000C860C2F200200160B0BD91F911304EF238
:10837000001E4CF20032CEF2000E002BC4F20002BE
:1083800020D44DF2C43C0D7E0EEB0304C2F2002C4F
:108390002D01012084F800534CF8231052F823508B
:1083A00025F4803542F8235052F823505D0903F03C
:1083B0001F03BFF35F8F0EEB85049840C4F8800164
:1083C0004EF8250091F91230002B21D44DF2C4341F
:1083D000487E0EEB0305C2F20024000185F800037D
:1083E00044F8231052F82300012420F4803042F88E
:1083F000230052F82300580903F01F03BFF35F8FD7
:108400000EEB800504FA03F3C5F880314EF82030F6
:1084100091F91030002B21D44DF2C434C87D0EEBFD
:108420000305C2F20024000185F8000344F823107C
:1084300052F82300012520F4803042F8230052F83E
:108440002300580903F01F03BFF35F8F0EEB800278
:1084500005FA03F3C2F880314EF820304AF6CC60BA
:10846000C2F200200160B0BD012106F065BCD4D489
:108470000DF072B9D4D4D4D470B5044600BF00BF97
:10848000208800F0030501200DF066F9208800F037
:10849000030601200DF060F9B542F1D1208800F00B
:1084A00003008542ECD1284670BDD4D4D4D4D4D4B2
:1084B00090F8240001285FEA1F907047D4D4D4D4E8
:1084C0004FF07041EFF3038001EB00604CF200319C
:1084D0008015C4F20001425822F4803242504058C4
:1084E0004CF69641C2F200210888012818BF704757
:1084F00002F076BBD4D4D4D44FF07041EFF30380B4
:1085000001EB00604CF200318015C4F200014258CA
:1085100022F48032425040587047D4D4D4D4D4D4BA
:108520004FF07041EFF3038001EB00604CF200313B
:108530008015C4F20001425822F480324250405863
:108540007047D4D4D4D4D4D44FF07041EFF3038027
:1085500001EB00604CF200318015C4F2000142587A
:1085600022F48032425040587047D4D4D4D4D4D46A
:108570004FF07041EFF3038001EB00604CF20031EB
:108580008015C4F20001425822F480324250405813
:108590004CF69641C2F200214888012818BF704766
:1085A00002F07ABBD4D4D4D44FF07041EFF30380FF
:1085B00001EB00604CF200318015C4F2000142581A
:1085C00022F48032425040587047D4D4D4D4D4D40A
:1085D0004FF07041EFF3038001EB00604CF200318B
:1085E0008015C4F20001425822F4803242504058B3
:1085F0007047D4D4D4D4D4D42DE9F04192B090F8BB
:1086000000C04CF69643C2F200234FF0000E33F840
:108610001C30012B35D14378CCEB0C1C4BF2566847
:108620000391C2F20028049203EB8305059208EB44
:108630008C044AF2A14204EB4506ADF826E0C0F2F4
:10864000002202923381D0E9033744F81530776075
:1086500090F800C040788DF828C0CCEB0C1100EBEE
:10866000800008EB810101EB4000069080208DF82E
:108670003B006046FFF7D0FA119001A801F044FBDF
:108680008646704612B0BDE8F081D4D4D4D4D4D498
:108690002DE9F04192B090F800C04CF69643C2F23A
:1086A00000234FF0000E33F81C30012B35D14378F6
:1086B000CCEB0C1C4BF256680391C2F200280492DA
:1086C00003EB8305059208EB8C044AF2A14204EB0C
:1086D0004506ADF826E0C0F2002202923381D0E9CF
:1086E000033744F81530776090F800C040788DF873
:1086F00028C0CCEB0C1100EB800008EB810101EBF2
:108700004000069080208DF83B006046FFF784FA19
:10871000119001A801F0F8FA8646704612B0BDE843
:10872000F081D4D4D4D4D4D410B592B090F803E06E
:10873000BEF10B0F2DD390F801C04FEACE034AF6DD
:10874000D0640391C2F2002440F2800103EB4C0399
:1087500090F800C05A3BC2F20021DBB204920592AD
:1087600051F83E10E35C04466046ADF826300291B5
:1087700080218DF83B108DF828C0FFF74DFA11903D
:10878000D4E90701CDE90F0101A801F0BDFA12B04B
:1087900010BD002012B010BD10B592B090F803E0EB
:1087A000BEF10B0F2FD390F801C04FEACE0340F279
:1087B00080040391C2F20024059203EB4C03593B61
:1087C00004EBCE045FFA83FC4AF6D063C2F20023C6
:1087D00061680446029113F80C3090F800C0ADF8BF
:1087E0002630802160468DF83B108DF828C0FFF7B9
:1087F00013FA1190D4E90701CDE90F0101A801F0A6
:1088000083FA12B010BD002012B010BDD4D4D4D45D
:10881000C2780B2A1BD310B592B0437801EBC2018A
:108820004AF6D062C2F2002201EB43015A39C9B2C2
:10883000545C74B100788DF82800FFF7EDF91190C1
:1088400001A80822214601F05FFE12B010BDFF20F2
:108850007047FF2012B010BD092988BF7047FDF78F
:10886000CBBED4D4D4D4D4D4092901D900207047A4
:1088700080B5FEF739F800F0030080BDD4D4D4D41D
:10888000092901D90020704710B541B10446FDF710
:10889000A7FF2046FDF7F8FF6FF3DF2010BDFDF7BF
:1088A0007FFF6FF3DF2010BD092901D90020704739
:1088B00010B50446FDF794FF2046FDF7A1FF00F038
:1088C000100010BDD4D4D4D4092901D90020704798
:1088D00010B50446FDF784FF2046FDF791FF00F434
:1088E000404010BDD4D4D4D4092988BF7047B0B556
:1088F00004460D46FEF730F820462946BDE8B04054
:10890000FEF742B8D4D4D4D4092988BF70470122D5
:10891000FEF792B8D4D4D4D4092988BF7047B0B533
:1089200004460D46FDF7F0FA022220462946BDE82E
:10893000B040FEF79DB8D4D480B5FDF7A5FB00F09C
:108940000700402101380022032838BF01EB8012C4
:1089500090B280BDD4D4D4D42DE9F0414BF20808B4
:108960004CF6A843C2F20028C2F200238871A0F19D
:10897000010EB8F80020BEF10E0F02EBC20203EBAD
:10898000820C0A466346F0CAF0C392E8F100F1C3D4
:1089900033D8DFE80EF00832081A1A08084211111D
:1089A00008080832110008784CF69C41C2F20021F8
:1089B00051F8203000211DE008784CF69C424969AE
:1089C000C2F2002252F8203014E008784CF69641AA
:1089D000C2F2002131F8101001290ED14CF69C4151
:1089E0004BF2D862C2F20021C2F2002251F82030CC
:1089F00052F82010002260469847B8F800004CF664
:108A0000CD42013081B25143C90C01EB8101A0EB91
:108A10004100A8F80000BDE8F08108784CF69642C5
:108A2000C2F2002232F81020012AC6D0E5E7D4D4E1
:108A30002DE9F04F83B04BF25C080278C2F20028B7
:108A40008346012A98F8000098F8011040F0BE8192
:108A500050EA01020DD09BF802204CF69643C2F278
:108A60000023002A5FEA1F9233F81220022A40F006
:108A7000AD81002002900A20042100220BF064FD49
:108A80004BF20C010028C2F20021086000F0A9811D
:108A90000A20042100220BF057FD4BF210010028A0
:108AA000C2F20021086000F09C810A20042100220B
:108AB0000BF04AFD4BF214010028C2F200210860BD
:108AC00000F08F810A20042100220BF03DFD4BF2C3
:108AD00018010028C2F2002108604FF0010000F0E8
:108AE0007D81002103220BF02FFD4BF26001C2F2C9
:108AF0000021086020B10021002200230BF0E0FDDE
:108B00000A20042100220BF01FFD4BF22001002857
:108B1000C2F20021086000F064810A2004210022D2
:108B20000BF012FD4BF224010028C2F20021086074
:108B300000F057810A20042100220BF005FD4BF2C2
:108B400028010028C2F20021086000F04A810A20B2
:108B5000042100220BF0F8FC4BF238090028C2F285
:108B60000029C9F8000000F071814BF264070A2661
:108B7000C2F2002702AD44200BF03EF8002802901C
:108B800000F0648147F8040BD9F8000000220023AC
:108B900029460BF095FD013EEDD10A20042100226B
:108BA0000BF0D2FC4BF23C090028C2F20029C9F8B4
:108BB000000000F04B814BF28C070A26C2F200271E
:108BC00002AD44200BF018F80028029000F03E811E
:108BD00047F8040BD9F800000022002329460BF0C7
:108BE0006FFD013EEDD10A20042100220BF0ACFC08
:108BF0004BF240090028C2F20029C9F8000000F039
:108C000025814BF2B4070A26C2F2002702AD4420A8
:108C10000AF0F2FF0028029000F0188147F8040BD8
:108C2000D9F800000022002329460BF049FD013E3F
:108C3000EDD10A20042100220BF086FC4BF24409FE
:108C40000028C2F20029C9F8000000F0FF804BF2B2
:108C5000DC070A26C2F2002702AD44200AF0CCFF4E
:108C60000028029000F0F28047F8040BD9F80000C9
:108C70000022002329460BF023FD013EEDD10A20FE
:108C8000042100220BF060FC4BF248090028C2F2DC
:108C90000029C9F8000000F0D9804BF204170A2619
:108CA000C2F2002702AD44200AF0A6FF002802907D
:108CB00000F0CC8047F8040BD9F800000022002314
:108CC00029460BF0FDFC013EEDD10A2004210022D3
:108CD0000BF03AFC4BF24C090028C2F20029C9F80B
:108CE000000000F0B3804BF22C170A26C2F20027D6
:108CF00002AD44200AF080FF0028029000F0A68018
:108D000047F8040BD9F800000022002329460BF095
:108D1000D7FC013EEDD10A20042100220BF014FC07
:108D20004BF250090028C2F20029C9F8000000F0F7
:108D30008D804BF254170A26C2F2002702AD442060
:108D40000AF05AFF0028029000F0808047F8040BD8
:108D5000D9F800000022002329460BF0B1FC013EA7
:108D6000EDD149F689504AF655014BF27C17C0F215
:108D70000020C0F201214FF400720023C2F200274C
:108D80000426CDE900670CF0BBFA01284FF0030080
:108D900024D14CF2A1554BF28017C0F200254AF2C3
:108DA0003A61C2F20027C0F201214FF400720023A1
:108DB000CDE90007044628460CF0A2FA01462046F9
:108DC00001290BD198F8000098F8011008430CD045
:108DD0009BF80200012108F80010002003B0BDE854
:108DE000F08F012003B0BDE8F08F4BF2841A4BF2F4
:108DF000AC1900200125C2F2002AC2F2002900EBC2
:108E0000800605240AEB86070A20042100220BF0C5
:108E10009BFB3860D0B1013C07F10407F4D109EBAA
:108E2000C6060A2400BF00BF0A20042100220BF05E
:108E30008BFB306050B1013C06F10406F4D1E80729
:108E40004FF001004FF00005D9D1C1E7022003B077
:108E5000BDE8F08FD4D4D4D42DE9F04381B04BF2E7
:108E60005C044CF69643C2F20024C2F200230021B7
:108E7000215433F8107021786278012F40F0DE80A1
:108E800051EA020707D000285FEA1F9033F810006C
:108E9000022840F0D3804BF20C00C2F200200068A0
:108EA0000CF072F84BF21000C2F2002000680CF0D7
:108EB0006BF84BF21400C2F2002000680CF064F86A
:108EC0004BF21800C2F2002000680CF05DF84BF283
:108ED0006000C2F2002000680CF056F84BF220004F
:108EE000C2F2002000680CF04FF84BF22400C2F2EE
:108EF000002000680CF048F84BF22800C2F2002075
:108F000000680CF041F84BF23800C2F20020006813
:108F10000CF03AF84BF264050A26C2F2002500BFB5
:108F200055F8040B0AF09CFF013EF9D14BF23C00CE
:108F3000C2F2002000680CF027F84BF28C050A26DC
:108F4000C2F2002500BF00BF55F8040B0AF088FFED
:108F5000013EF9D14BF24000C2F2002000680CF053
:108F600013F84BF2B4050A26C2F2002500BF00BF79
:108F700055F8040B0AF074FF013EF9D14BF244009E
:108F8000C2F2002000680BF0FFFF4BF2DC050A265E
:108F9000C2F2002500BF00BF55F8040B0AF060FFC5
:108FA000013EF9D14BF24800C2F2002000680BF0FC
:108FB000EBFF4BF204150A26C2F2002500BF00BFEA
:108FC00055F8040B0AF04CFF013EF9D14BF24C006E
:108FD000C2F2002000680BF0D7FF4BF22C150A26D6
:108FE000C2F2002500BF00BF55F8040B0AF038FF9D
:108FF000013EF9D14BF25000C2F2002000680BF0A4
:10900000C3FF4BF254150A26C2F2002500BF00BF71
:1090100055F8040B0AF024FF013EF9D14BF27C1005
:10902000C2F2002000680CF0D7F94BF28010C2F2B7
:10903000002000680CF0D0F92178627851EA020033
:109040002AD14BF284184BF2AC1900200125C2F250
:109050000028C2F2002900BF00EB8007052608EBBC
:10906000870400BF00BF00BF54F8040B0BF08CFF57
:10907000013EF9D109EBC7040A2600BF00BF00BFBB
:1090800054F8040B0BF080FF013EF9D1E8074FF0D4
:1090900001004FF00005DFD1002001B0BDE8F083F2
:1090A000D1B110B50C460021002A216040F22011F8
:1090B000C2F2002151F82000214608BF40F6B83224
:1090C00000680BF085FE012804D1206800281CBF31
:1090D000002010BDFF2010BDFF207047D4D4D4D491
:1090E00080B582B0019181B140F220110022C2F21C
:1090F0000021002351F8200001A900680BF0E0FADC
:10910000013818BFFF2002B080BDFF2002B080BD33
:1091100080B582B0002901914FF0000100911DD06F
:1091200040F220116A46C2F20021002351F82000CB
:1091300001A900680BF088FD01280FD1009850B1FB
:109140004EF604504FF08051CEF200000160BFF3A4
:109150004F8FBFF36F8F002002B080BDFF2002B0A1
:1091600080BDD4D4D4D4D4D4B9B110B50C4640F217
:109170005011C2F20021002251F82000002121608C
:10918000214600680BF024FE012804D12068002845
:109190001CBF002010BDFF2010BDFF207047D4D49D
:1091A00080B582B0019181B140F250110022C2F22B
:1091B0000021002351F8200001A900680BF080FA7B
:1091C000013818BFFF2002B080BDFF2002B080BD73
:1091D0007047D4D4D4D4D4D47047D4D4D4D4D4D431
:1091E00070B582B090F824500C460AF039FEA4F114
:1091F0000A0010F1090F01D202B070BD05EB850025
:109200004BF2AC11C2F20021002201EBC00601A911
:1092100056F824000BF0DCFD0128EDD10198002860
:10922000EAD001AD00BF00BF0AF01AFE56F82400D4
:10923000002229460BF0CCFD0128DDD10198002841
:10924000F2D1D9E7D4D4D4D470B582B090F82450F8
:109250000C460AF005FEA01F10F1050F01D202B066
:1092600070BD05EB85004BF28411C2F20021002293
:1092700001EB800601A956F824000BF0A9FD012896
:10928000EDD101980028EAD001AD00BF00BF00BFBA
:109290000AF0E6FD56F82400002229460BF098FD5E
:1092A0000128DCD101980028F2D1D8E7D4D4D4D455
:1092B000A1F10A0212F1090F38BF704710B582B050
:1092C000044600EB80004BF2AC12C2F2002202EB2B
:1092D000C000002250F8210001A90BF079FD0128FF
:1092E00017D10198A8B14CF6964040F22011C2F275
:1092F0000020C2F200210022002330F814000128CF
:109300004FF0140008BF0420085801A900680BF0B2
:10931000D7F902B0BDE810407047D4D4D4D4D4D427
:10932000F0B581B0044600EB80004BF284110527B4
:10933000C2F200216D4601EB800603E000BF00BFD2
:10934000013F20D056F8040B002229460BF040FDC7
:109350000128F5D100980028F2D04CF6964040F252
:109360002011C2F20020C2F200210022002330F8B6
:10937000140001284FF0140008BF04200858694663
:1093800000680BF09DF901B0F0BDD4D4D4D4D4D48E
:1093900080B582B0A1F10A02019012F1090F10D339
:1093A00090F824004BF2AC12C2F20022002300EB32
:1093B000800002EBC000002250F8210001A90BF050
:1093C0007FF902B080BDD4D480B582B08A1F0190ED
:1093D00012F1050F10D390F824004BF28412C2F260
:1093E0000022002300EB800002EB8000002250F8F6
:1093F000210001A90BF064F902B080BDD4D4D4D40B
:1094000010B5044690F824004BF2FC110122C2F280
:10941000002101F810202046FDF7D2FB2046FEF780
:10942000D7FC2046BDE81040FEF796BCD4D4D4D477
:109430007047D4D4D4D4D4D410B50446FEF78CFCF1
:109440002046FEF7C5FC2046FDF7CAFB94F8240031
:109450004BF2FC11C2F2002101EB40025278002ACB
:109460004FF0020252EA129201F8102010BDD4D43B
:1094700010B5044690F824004BF2FC110122C2F210
:10948000002121F810202046FDF79AFB2046FEF728
:109490009FFC2046BDE81040FEF75EBCD4D4D4D477
:1094A00010B5044690F824004BF2FC110122C2F2E0
:1094B000002101F810202046FDF782FB2046FEF730
:1094C00087FC2046BDE81040FEF746BCD4D4D4D477
:1094D00070B5044600BF00BF2046FDF73DFB0546C2
:1094E0000120FEF7C5FF2046FDF736FB06460120AA
:1094F000FEF7BEFF2046FDF72FFB06F4007105F4D2
:1095000000768E42E8D100F400708142E4D120461A
:10951000FEF722FC86B9E80658BF70BD2046FDF76D
:109520003FFB94F824004BF2FC11C2F2002101EB46
:1095300040000121417006E0E80604D42046BDE861
:109540007040FDF71DBB70BDF0B581B00E46002127
:10955000154604460027FFF7DFF994F824004BF284
:10956000F8214BF24832C2F20021C2F2002200EB95
:10957000800041F8306042F830504FF48871204646
:10958000FDF7FEF800212046FDF736FA94F8240096
:109590004BF20026C2F2002636F8101013290CD127
:1095A0004BF2A82100EB8000C2F2002151F83000FC
:1095B0000021428D204601F0D3FC00212046FDF71A
:1095C000A7F894F824004BF29831C2F2002100224F
:1095D00000EB800021F820700021204601F0E0FC23
:1095E0000546002818BF022D19D194F8240036F83A
:1095F000101002294FF0130108BF042126F81010A3
:1096000000212046FDF720F800212046FFF724F92D
:1096100000212046FFF778F9284601B0F0BD012D62
:10962000FAD194F824000721E8E7D4D4D4D4D4D4D0
:10963000F0B581B00E460021154604460027FFF71D
:109640006BF994F824004BF2F8214BF24832C2F245
:109650000021C2F2002200EB800041F8306042F8A5
:10966000305080212046FDF78BF880212046FEF700
:10967000CBFB94F824004BF20025C2F2002535F80C
:109680001010142910D14BF2A82100EB8000C2F277
:10969000002151F830000021428D204601F060FC8D
:1096A00094F8240035F8101003294FF014014BF200
:1096B000983300EB800208BF0521C2F2002325F891
:1096C00010100021204623F82270FCF76DFF0021C6
:1096D0002046FFF7C1F80021204601B0BDE8F04068
:1096E000FFF712B9D4D4D4D470B584B000210446A5
:1096F000FCF7CAFF00212046FCF76AFF94F824001B
:109700004BF20026C2F200264BF2F8224BF2A825BB
:10971000C2F2002200EB800136F81030C2F20025C0
:1097200052F8312055F83150591E4BF2C0331329ED
:10973000C2F200232A6143F8202029D8DFE801F093
:109740000A28282813280A282828282828282828EA
:10975000282828136A4600212046FFF769FF94F85D
:109760002400072112E0052126F810106A46002186
:109770002046FFF7E9FEFF2805D10721204600F02B
:109780000BF804B070BD94F82400062126F81010E0
:1097900004B070BDD4D4D4D470B50D4600210446B5
:1097A000FCF772FF00212046FCF712FF0021204643
:1097B000FCF736FF00212046FFF7AEF894F82400AE
:1097C00030B1012810D14FF424564FF4006203E069
:1097D0004FF410664FF4806200212046FCF7F8FD3C
:1097E00020463146FEF710FB0021002200232046D0
:1097F0000026FCF74DFB00212046FCF799FE0021D6
:10980000002220232046FCF743FB00212046FCF7E2
:109810008FFEA5F1130194F8240011F1030F05D870
:109820004BF20021C2F2002121F810604BF2A82671
:1098300000EB8000C2F20026002156F830000585BA
:1098400020460025FDF750F894F8241001EB810123
:1098500056F8312050854BF29830C2F2002010F8B3
:10986000210082F83600206C106494F8241001EB7B
:10987000810056F83000436880F8241043B100217D
:109880000022984794F8240000EB800056F830003E
:109890000AF0E6FA94F8240000EB800146F8315013
:1098A000BDE87040FFF73CBD2DE9F047044690F855
:1098B00024004BF2A825C2F2002500EB800100EB4A
:1098C000400055F831104A6991F837604BF23E611B
:1098D000C2F20021138901EB8000B2F800A0B2F8B7
:1098E0000290B2F8048030F81310D7882046FCF7B5
:1098F00067FF94F8240000EB800155F831100B69E4
:10990000BB4253EA3782802E57EA128295B2AB42AD
:1099100088BF0D61110407D05FEA0A610BD50321EE
:10992000802E18BF12210AE05FEA0A6139D4802E26
:1099300037D1012103E00221802E18BF11214BF203
:109940000022C2F2002222F8101020465146FEF7F3
:109950004BFA20464946FEF74BFA20464146FEF7B1
:109960004BFA20462946FEF74BFA94F824004BF2B6
:109970009831C2F20021002200EB800021F8202063
:109980002046FEF715FA2046FEF71AFA2046FEF7A3
:10999000D3F92046FEF7D8F92046BDE8F047FEF798
:1099A00037BA4BF200220821C2F20022002322F82B
:1099B00010302046BDE8F047FFF7EEBED4D4D4D433
:1099C00070B5468C04466EB12046314601F0D4FA9B
:1099D000C8B3092E4FF0000020604FF48970208436
:1099E00005D930E0002020604FF4897020844420A5
:1099F0000AF002F938B34422214605460DF070FC06
:109A00007EB9606968B12A46018822F82C1F418816
:109A100042F8182C518081889180C188D1800089BA
:109A200010810CF0BDFCE861D4E90E01C5E90E011E
:109A300001202946FFF754FB38B1044628460AF0B6
:109A40000FFA204670BDFF2070BD002070BDD4D439
:109A500070B582B090F8242005460E4601A9022078
:109A6000FFF782FB08B100BFFEE7019C002040F237
:109A70000511206021846684E084286C206495F8B8
:109A80002400214684F82400E86BE063A86BA063FF
:109A9000E869E0610220FFF723FB18B102202146AC
:109AA000FFF77EFB02B070BD2DE9F04182B090F867
:109AB0002450044617460E4601A902202A4698461D
:109AC000FFF752FB08B100BFFEE7019D00202946C9
:109AD00028602E846F84A5F82680206C286494F872
:109AE000240085F82400E06BE863A06BA863E069BC
:109AF000E8610220FFF7F4FA18B102202946FFF7C7
:109B00004FFB02B0BDE8F0812DE9F04182B090F842
:109B10002450044617460E4601A901202A469846BD
:109B2000FFF722FB08B100BFFEE7019D0898002166
:109B30002E846F84C5E900102946C5F80880206C82
:109B4000286494F8240085F82400E06BE863A06B97
:109B5000A863E069E8610120FFF7C2FA28B1044672
:109B600001202946FFF71CFB204602B0BDE8F0812A
:109B700070B582B0044690F824004BF20021C2F286
:109B8000002131F8100060B10120FEF771FC94F85B
:109B90002420268C01A90120FFF7E6FA80B100BF3E
:109BA000FEE7204603F02CFB50212046FDF7B0FDD8
:109BB000228C63680021204602B0BDE8704018473F
:109BC000019D4CF299010020C0F200212E8468848E
:109BD000C5E900012946A860206C286494F8240097
:109BE00085F82400E06BE863A06BA863E069E86196
:109BF0000120FFF775FA18B101202946FFF7D0FAC6
:109C000002B070BDD4D4D4D410B5044601F0D8F855
:109C1000204601F0EDF82046BDE8104001F09CB868
:109C20002DE9F04381B090F824904BF21825C2F250
:109C3000002504464FF48170FF2A09EB09185FEAFA
:109C40001F9C09EB890E05EB88064BF20428C2F233
:109C5000002808BF4FF4807086F8249028F81E0072
:109C600094F82400B2F1FF0752EA178208EB4E077E
:109C700000EB0010A7F802C0BA80002205EB8000BC
:109C8000FA80C6E9013239817284C6E9042780214D
:109C900086F83710216C016494F8240000EB001062
:109CA00005EB8000FFF78CFED5281ED14BF2E06655
:109CB000C2F2002604E000BFFFF782FED52814D1CF
:109CC0000220FEF7D5FB94F8240000EB001005EB12
:109CD0008000418C0029EFD190F8241036F8111043
:109CE0002829E9D1D520D528EAD010B101B0BDE8A6
:109CF000F08340F6B831204603F06AFB01B0BDE8BE
:109D0000F083D4D4D4D4D4D4418C59B990F824104D
:109D10004BF2E062C2F2002232F81110282901D180
:109D2000D5207047FFF74CBE092901D9FF207047A5
:109D3000F0B581B0154604460E4601F07DF80746A1
:109D40002046314601F0D8F8010B20463A462B4612
:109D5000FFF766FF08B101B0F0BD94F824004BF2A4
:109D6000A025C2F2002535F810102046FEF7D4FDDC
:109D700094F8240035F810102046FCF71DFE002052
:109D800001B0F0BDD4D4D4D482B04BF2A02B4DF2AC
:109D9000C9384BF2A82901AC4FF0500AC2F2002B8F
:109DA000C0F20028C2F2002905E0304698470120A1
:109DB0003146FFF7F5F9012042F210722146FFF714
:109DC0006FF908B12FF009C8019E308CA0F2011084
:109DD0001628F0D8778CDFE810F021009A00670091
:109DE00085004000AA00D9008C005C01520051019E
:109DF000200037002000470020002000BA00280083
:109E000071001700A100E40030463946FCF7D4FD8C
:109E10007368002140F21512C7E7CCE73046FDF722
:109E2000CBFD736840F2011230E196F8240000EB9C
:109E3000800009EBC00050F827000028B7D0002FA1
:109E400000F04C81092248E030463946FEF764FDB7
:109E50007368002140F20D12A7E73046FDF710FEAF
:109E6000736840F2051211E107F0070130463A46E7
:109E700001F076F87368002140F20F1295E7F021A7
:109E80003046FCF71DF90120FEF7F2FA304600F0EB
:109E900097FF304600F0ACFF304600F05DFF73687E
:109EA00000214FF4857280E73046FDF7B9FD30465A
:109EB000FEF742FD02467368002176E796F824001B
:109EC00000EB800009EBC00050F8270000283FF4A9
:109ED0006EAF002F00F00481082230463946FDF7AE
:109EE000C3FC64E73046FFF743FE73684FF48272A9
:109EF000CCE00021304603F063F9304600F048FF23
:109F00006420FEF7B5FA73684FF48472BEE0304601
:109F1000FDF71AFC73684FF48172B7E0304639469A
:109F2000FCF76AFD736800214FF48B723DE796F8E9
:109F300024004BF2A421C2F2002121F810A03046E7
:109F4000FFF716FE736800214FF483722DE7002F90
:109F500000F0AD803046394601F00EF80546304637
:109F6000294600F05DFF002800F0BF8096F824002D
:109F700000EB800009EBC00050F82710002900F02A
:109F8000B98030463946FFF703FA14E7304600F04F
:109F9000F3FE0121304603F013F9736840F2071213
:109FA00074E0781E61283FF606AFDFE810F063002A
:109FB0002B011A011E016200620062006200620051
:109FC0006200620062006200620062006200EF00F4
:109FD00062002F01620062006200620062006200A3
:109FE0006200620062006200620062006200620061
:109FF0006200620062006200620062006200620051
:10A000006200620062006200620062006200620040
:10A010006200620062006200620062006200620030
:10A02000620062006200620062006200620033014E
:10A0300027014001160162003701620062006200E0
:10A040006200620062006200620062006200620000
:10A0500062006200620062006200620062006200F0
:10A060006200620062006200620062006200D20070
:10A07000F300A0E6304600F0E7FC9CE63046FDF732
:10A080009BFC3046FEF758FC024673683046394662
:10A090008CE696F82400394642462BF8107030467C
:10A0A000FFF742FE736881B240F209127DE67069E3
:10A0B0000089000381B2304600F0B2FE70B396F81A
:10A0C000241001EB810009EBC00050F827205AB39F
:10A0D000706901893046FFF777F96CE6092100E0E5
:10A0E00008213046FFF758FB61E630463946FFF756
:10A0F00077F860E6002D40F8276000F09C80092F7B
:10A100003FF659AE30463946FEF7CEFB002800F048
:10A11000B2803046394600F0B7F84CE670690189E4
:10A120003046FFF791F846E64BF2002240F82760F0
:10A13000C2F2002232F81110142900F09580132980
:10A1400000F08480002940F08A803046FFF7ACFBA5
:10A1500031E696F824004BF20021C2F2002131F8DA
:10A160001010013911293FF626AEDFE801F0890A07
:10A170006A090909090909090909090909090A6A8C
:10A1800019E600EB800059F8300060E03046FCF73B
:10A19000FBF910E696F824004BF29832C2F2002246
:10A1A00000EB800032F82010002901F1010122F8B3
:10A1B000201054D00520FEF75BF93046FDF7F8FD7E
:10A1C0003046FDF7FDFD3046FDF7B6FD3046FDF7A4
:10A1D000BBFD3046FDF71CFEEDE53046FDF7ECFB20
:10A1E000E9E5304600F070FCE5E5318D3046FDF7DD
:10A1F0005BF9318D3046FDF747F8DCE5304603F07A
:10A2000067F8D8E5304600F08FFCD4E53046FCF71F
:10A21000C3F9D0E5304603F09BF8CCE596F824006E
:10A2200001287FF4C8AD3046FFF752F9C3E5304648
:10A23000FDF78AFABFE5072230463946FDF714FBE1
:10A24000B9E500EB800059F830000EE00068826844
:10A2500001693046FFF778F9FF287FF4ACAD07219C
:10A260003046FFF799FAA6E5006882680169304632
:10A27000FFF7DEF99FE53046394600F02DFF9AE5FD
:10A280003046FFF731FA96E52DE9F041092988BFFC
:10A29000BDE8F081054690F824000C464BF2A82159
:10A2A000C2F2002100EB800001EBC00050F82460F6
:10A2B00096F83700376920B9728D2846214600F09C
:10A2C0004FFE28462146FBF71FFE95F824004BF26F
:10A2D000F8284BF248324BF29833C2F20028C2F20F
:10A2E000002200EB8000C2F2002308EBC00102EB69
:10A2F000C00203EB800041F82470B16842F82410DA
:10A30000002120F8141028462146FCF701FA2846BF
:10A310002146FCF7CDF92846214600F0A9FD064666
:10A32000013802282FD2A86B95F8241040684068A5
:10A3300007784AF69440C2F2002000EBC1002146A3
:10A3400020F817402846FBF763FC95F824104AF6DE
:10A350005C43C2F2002301EB810203EBC10308EB73
:10A36000C20223F8170052F82420824212D94AF67A
:10A370003C43B2FBF0F2C2F2002303EB0111504365
:10A3800041F8270012E0E6B900222846214600F0F5
:10A390001FF810E04AF63C40C2F2002000EB01102A
:10A3A000214640F827202846FCF74EF9284621464A
:10A3B0003246FCF725FC28462146BDE8F041FEF771
:10A3C000A3BA072228462146BDE8F041FDF74CBA62
:10A3D00070B5092988BF70BD0C4605461646FCF7C6
:10A3E000F7F895F824004BF29831C2F2002132467A
:10A3F00000EB800001EB8000002120F814102846BB
:10A40000214600F0CDFD022808D3FF2810D00228F5
:10A410000ED128462146FCF7C7F803E0284621461E
:10A42000FCF712F928462146BDE87040FEF714BA41
:10A43000072228462146BDE87040FDF715BAD4D45E
:10A44000B0B5092988BFB0BD90F824304BF29835DB
:10A45000C2F200250C4603EB830305EB83030025C2
:10A4600023F81150054600F00BFF032805D8DFE85C
:10A4700000F00210080903220CE0FF284FF0070249
:10A4800001E0B0BD052228462146BDE8B040FDF7F9
:10A49000EBB9042228462146BDE8B04000F074BF65
:10A4A00080B58AB0018DFF22062908BF012200294C
:10A4B00052EA11814269ADF8081090F82430C06961
:10A4C00011880690ADF810104FF41441ADF8061045
:10A4D000082051888DF80430ADF812109188ADF83D
:10A4E0001410D188ADF81610127A8DF805204BF2B1
:10A4F000C032C2F2002252F82320891A039101A926
:10A50000FEF72AFA0AB080BD70B582B090F8243008
:10A5100004464BF2A826C2F2002603EB830006EBAA
:10A52000C00050F8210040B10E46154601A9012097
:10A530001A46FEF719FE18B1FEE7D52002B070BD2D
:10A54000092D019D40F2131050EA009028844AF230
:10A55000995000216E84C0F20020C5E90010A96066
:10A560002946206C286494F8240085F82400E06BC8
:10A57000E863A06BA863E069E8610120FEF7B0FD25
:10A5800028B1044601202946FEF70AFE204602B003
:10A5900070BDD4D4D4D4D4D47047D4D4D4D4D4D4E7
:10A5A00070B590F824204BF2C836C2F2002636F877
:10A5B0001230052B88BF70BD4BF2CC3CD824C2F2C0
:10A5C000002C12FB04C203EBC3034FF6FF74CFF25F
:10A5D000000442F8234002EB8302CB880A2491ED69
:10A5E000021FD3809480CB6882ED021FD1E906451B
:10A5F000096A1162C2E906454FF47041002204461F
:10A60000984794F8240036F81010013126F81010FD
:10A6100070BDD4D4D4D4D4D4D4D4D4D4D4D4D4D475
:10A6200090F824C081B14BF2CC32D823C2F2002280
:10A630001CFB03224FF0FF33D08888420CD001333B
:10A640002432052BF8D370474BF2C8310022C2F2F6
:10A65000002121F81C20704709A090ED001F4BF24B
:10A66000C830C2F200208AED000F30F81C1001390A
:10A6700020F81C10704700BF00BF00BF00BF00BF24
:10A68000FFFF000000F000000A00000000000000D2
:10A6900080B54AF6187C6423C2F2002C00FB03C389
:10A6A00001EB8101012810884FF0010E03EB410CF2
:10A6B00023F811E0ACF8020002D15088ACF8040095
:10A6C0005068CCF8060080BD2DE9F04182B040F220
:10A6D0000B271E460D460446BA421AD040F20A2005
:10A6E00082420ED040F2092082421AD194F82420EE
:10A6F00001A90120FEF738FD48B300BF00BF00BF2D
:10A70000FEE794F8242001A90120FEF72DFDA0B159
:10A71000FEE794F8242001A90120FEF725FD88B169
:10A72000FEE7904694F8242001A90220FEF71CFDC4
:10A7300058B300BF00BF00BFFEE7019F00204FF4E9
:10A740008B7108E0019F002040F2151103E0019F8A
:10A75000002040F2091139847E8438607D60B86041
:10A760003946206C386494F8240087F82400E06BA4
:10A77000F863A06BB863E069F8610120FEF7B0FCF4
:10A7800018B30446012039461CE0019F0020A7F8B9
:10A7900020807E84C7E900050026206C386494F888
:10A7A000240087F82400E06BF863A06BB8630BF01B
:10A7B000F7FDF86101990220FEF792FC40B10446D2
:10A7C00001990220FEF7ECFC204602B0BDE8F081C2
:10A7D000304602B0BDE8F0812DE9F04F81B04BF278
:10A7E0007C548046C2F20024217819BB4BF2A02988
:10A7F0004BF21825C2F20029C2F200254421284656
:10A800000027A9F800700CF0C7FC4BF2042605F1F4
:10A810004400C2F200264421A9F802703781C6E93B
:10A8200000770CF0B9FC7782C6F80E70C6F80A7093
:10A83000012020704BF2CC354BF27E564BF23E6736
:10A840004BF25664C2F20025C2F20026C2F2002783
:10A85000C2F200244FF006094FF0D80A4FF0000B67
:10A8600098F82400242110FB0A500CF095FC98F86D
:10A8700024002435B9F1010900EB40004FEA4011F2
:10A8800006EB401046F801B006F11006C0F80CB017
:10A89000C0F808B0C0F804B098F82400C0EB00116C
:10A8A00000EB400004EB810244F821B027F820B00F
:10A8B00007F1020704F10A04C2F804B0A2F808B0D4
:10A8C000CED198F824504BF2F8204BF24831C2F226
:10A8D0000020C2F200214BF2983905EB8506C2F246
:10A8E00000294FF0280800EBC60001EBC604282120
:10A8F00009EB86070CF050FC282120460CF04CFC9C
:10A900004BF2CE604BF2D261C2F20020C2F20021C3
:10A91000002449F8264020F815404BF2C83021F8B1
:10A920001540C2F200204BF200213C61C2F200212E
:10A9300020F815404BF2A420FC6021F81540C2F22B
:10A9400000204BF2A821BC60C2F2002120F8158043
:10A9500001EBC60028217C600CF01EFC012D04D107
:10A960004BF2FC10C2F20020847001200121FEF79E
:10A9700033FC002001B0BDE8F08FD4D4D4D4D4D4BB
:10A9800080B58AB090F824104BF2D862C2F200224F
:10A99000C06900298DF8041042F821004DF2C4303E
:10A9A000C2F200204FF0010118BF10308DF80510E1
:10A9B00001A9006800281CBF006A07900420FDF769
:10A9C000CBFF0AB080BDD4D480B58AB090F82410F3
:10A9D00001228DF804108DF8052000294DF2C431B4
:10A9E000C2F2002118BF1031C0690690086801A9A1
:10A9F00000281CBF006A07900520FDF7ADFF0AB0D4
:10AA000080BDD4D4D4D4D4D410B50446FAF7ACFF66
:10AA10002046BDE81040F9F7EBBBD4D4D4D4D4D44D
:10AA200080B58AB04BF2CE618DF80400C2F20021ED
:10AA300011F810100D208DF8051001A9FDF78CFFFD
:10AA40000AB080BDD4D4D4D4B0B5048DE10735D0DC
:10AA500090F824104BF20022C2F2002232F81110BA
:10AA600014290ED0072909D0052927D10021002259
:10AA7000054600F005FC022812D20DE00021054633
:10AA800019E000210022054600F0FAFB022807DC4D
:10AA900078B10128284611D12846FEF725FE0CE0A2
:10AAA000032804D0FF28284608D1072102E0052109
:10AAB00000E011212846FEF76FFE28462146BDE83A
:10AAC000B04000F025BDD4D4B0B5048D0546E007F4
:10AAD00023D000212846FDF7C7FE800717D495F83C
:10AAE00024004BF29831C2F2002100EB800031F8D3
:10AAF0002020002A02F1010221F8202009D005209F
:10AB0000FDF7B6FC00212846FDF7FEFE05E0062114
:10AB100000E007212846FEF73FFE28462146BDE813
:10AB2000B04000F0E1BDD4D470B5048D0546E00717
:10AB300027D000212846FDF797FE80071DD495F801
:10AB400024004BF20026C2F2002636F8100004382A
:10AB50000F2816D8DFE800F008151F1B151515156E
:10AB6000151515151515152100210022284600F090
:10AB700017FA012821DCC0B925E006212846FEF796
:10AB80000BFE28462146BDE8704000F0E5BD284692
:10AB9000FEF7AAFDF5E70021F0E700210022284694
:10ABA00000F0FEF9012808DCB0B10128E9D195F8E0
:10ABB0002400072126F8101005E0022803D0FF2802
:10ABC000DFD10721DAE700212846FBF73DFD002110
:10ABD0002846FDF741FED4E71221CFE7D4D4D4D4E0
:10ABE0002DE9F04381B04BF6E068EFF30380C2F249
:10ABF00000284FF0704202EB00604BF2E869B8F8B1
:10AC000000108015C2F20029002701EB01164DF259
:10AC1000C431C2F2002109EB86040D58002084F8EB
:10AC20002470FCF7F9FF2064D5E90901C4E90E019D
:10AC30002046FCF775FC0120214649F82670FEF7F6
:10AC400067FAB8F80000411C89B20F3951EA009048
:10AC5000A8F8000001B0BDE8F083D4D4D4D4D4D493
:10AC600080B590F824004BF2E862C2F200224FF067
:10AC70000F0EC0EB002102EB810140F217122031D0
:10AC800021F8442B0FF005C04BF6E0610022C2F220
:10AC9000002121F8102080BDF0B581B04BF6E065B1
:10ACA000EFF30380C2F200254FF0704202EB006028
:10ACB0004BF2E8626988C2F20022801501EB0111B3
:10ACC00002EB81064DF2C431C2F2002106F57F7419
:10ACD0000F58012086F82004FCF79EFFC6F83C04BC
:10ACE000D7E90901C6F834042046C6F83814FCF741
:10ACF00017FC0020C6F8FC0301202146FEF708FAE5
:10AD00006888411C89B20F3951EA0090688001B00F
:10AD1000F0BDD4D4D4D4D4D409B1FDF7A1B870B562
:10AD20000D46402104461646FBF74AFD20463246B2
:10AD30002946BDE87040FDF793B8D4D4D4D4D4D418
:10AD400010B50446FDF71CF82046BDE81040FCF79E
:10AD5000C3BFD4D4D4D4D4D410B50446FDF710F86E
:10AD60002046BDE81040FCF7BFBFD4D4D4D4D4D41F
:10AD700010217022FBF79CB910B50446FCF7F8FFD0
:10AD80002046BDE81040FCF797BFD4D4D4D4D4D427
:10AD900010B50446FCF7ECFF2046BDE81040FCF778
:10ADA00093BFD4D4D4D4D4D410B50446FCF7F8FF60
:10ADB0002046BDE81040FCF7AFBFD4D4D4D4D4D4DF
:10ADC00010B50446FCF7ECFF2046BDE81040FCF748
:10ADD000ABBFD4D4D4D4D4D410B50446FCF7D8FF38
:10ADE0002046BDE81040FCF787BFD4D4D4D4D4D4D7
:10ADF00010B50446FCF7CCFF2046BDE81040FCF738
:10AE000083BFD4D4D4D4D4D480B5FDF709F8B0F13D
:10AE1000FF0118BF00F0C001084680BDD4D4D4D4CF
:10AE200080B5FCF7FDFFB0F1FF0118BF00F0C001D5
:10AE3000084680BDD4D4D4D4092902D90020C0B298
:10AE4000704710B50446FBF7CBFC2046FBF7D8FC57
:10AE500000F0100100F00F006FF07F0240EAC10027
:10AE60005040BDE81040C0B27047D4D4D4D4D4D43C
:10AE7000092902D9002290B27047B0B5044691B1B9
:10AE800094F824004AF618726423C2F2002210FBE0
:10AE9000032001EB810230F81230012B1FD100EBAF
:10AEA0004200C08804E020460D46FBF779FC2946A5
:10AEB00005294FF0000218D84FF0FF3303EB103094
:10AEC000012812D82046FBF78BFC2046FBF798FCA4
:10AED000C00606D4E06B00285FEA0F9205E000226E
:10AEE00003E0A26B002A18BF0222BDE8B04090B276
:10AEF0007047D4D4D4D4D4D4092917D8C9B190F880
:10AF000024004AF618726423C2F2002210FB0320C8
:10AF100001EB810130F81120012A07D100EB41003B
:10AF200040F6FF71C088884380B27047FF2080B22E
:10AF3000704780B5FBF734FC00F47040BDE88040FA
:10AF400080B27047D4D4D4D409B1FBF765B8FBF70D
:10AF500077B8D4D4D4D4D4D44FF4E061FBF704BB95
:10AF6000092988BF7047520601D4FBF725BDFBF7BE
:10AF700043BDD4D4D4D4D4D4092901D900207047F6
:10AF800010B541B10446FBF72BFC2046FBF77CFCD7
:10AF900000F4704010BDFBF703FC00F4704010BDDE
:10AFA000092901D9012070472DE9F04F81B00C46E5
:10AFB0001646054652EA010004D0002328462146E1
:10AFC000324603E00022202328462146FAF7B4FF48
:10AFD000FF2803D1FF2001B0BDE8F08F28462146AD
:10AFE000FAF716FE814628462146FDF749FC95F8FA
:10AFF00024104BF2F822C2F2002201EB810102EB95
:10B00000C10151F82410494503D94FF0020A4F46B7
:10B0100010E04FF0010A4FF0000759B18AB2002C3E
:10B0200008BF0227B2FBF0F303FB1020002857EA09
:10B030000A8A0F4628462146FDF716FC8046284618
:10B040002146FAF761FF95F824004BF2483BC2F223
:10B05000002BBFB23946324600EB80000BEBC0003C
:10B0600050F824302846FCF72FFD95F8241001EB0A
:10B0700081024BF2F821C2F2002101EBC2010BEB7D
:10B08000C20351F824204A4543F824000ED2002080
:10B0900041F8240028463146FBF716FA00B2002892
:10B0A00007D428463146FBF727FA02E0D01B41F8C7
:10B0B000240028462146FBF72BFB08F0030001285B
:10B0C00003D128462146FDF71FFC504601B0BDE8DC
:10B0D000F08FD4D4D4D4D4D42DE9F04381B009294D
:10B0E00002D901B0BDE8F083054690F824000C4673
:10B0F0004BF2A821C2F2002100EB800001EBC0005E
:10B1000050F8247097F837003E6958B9788D40069A
:10B1100004D428462146FBF74FFC03E0284621468D
:10B12000FBF76AFC28462146FAF7EEFE95F8240064
:10B130004BF2F828C2F200284BF29833C2F20023F7
:10B1400000EB800108EBC10242F824604BF2483268
:10B15000C2F2002202EBC10203EB8101BB6842F89C
:10B1600024304FF0000221F8142094B14AF61871EF
:10B170006422C2F2002110FB021004EB840130F8BB
:10B180001120012A54D100EB4100C088052C05D9BB
:10B190004EE02846FBF704FB052C49D84FF0FF3161
:10B1A00001EB1030012843D828462146FBF718FB55
:10B1B0002846FBF725FBC00604D4E86BC0B34FF06C
:10B1C000010903E0A86B98B34FF00209F86B95F8FA
:10B1D00024104068406807784AF69440C2F2002084
:10B1E00000EBC100214620F817402846FAF710FD71
:10B1F00095F824104AF65C424AF63C46C2F2002218
:10B20000C2F2002601EB810302EBC10208EBC3038B
:10B2100006EB011122F8170053F824004A4641F8C2
:10B2200027002846214601B0BDE8F043FBF714BED5
:10B230000022002328462146FAF72AFE2846214606
:10B24000FDF71EFB5EB1B6FBF0F101FB10600028BC
:10B2500051EA0190214682B22846FAF7B9FE284603
:10B260002146FDF751FB28462146FBF79DF928466C
:10B27000214601B0BDE8F043FDF7EEBAD4D4D4D4F2
:10B28000092901D9FF2070472DE9F04700230C461A
:10B2900005461746FAF750FEFF2802D1FF20BDE809
:10B2A000F0870646284621466FF31F36FDF7E8FA79
:10B2B00095F824104BF2F828C2F2002801EB810225
:10B2C00008EBC20252F82420B24210D2284621468E
:10B2D000FAF71AFE95F824004FF0030A00EB8000FD
:10B2E00008EBC00050F8249040F8246014E006D128
:10B2F00028462146FAF708FE4FF0000A0BE026B177
:10B30000B6FBF0F202FB1060B0B328462146FAF714
:10B31000FBFD4FF0010AB1463A46CEB195F8241034
:10B320004E4601EB81004BF24837C2F20027B1B222
:10B3300007EBC00050F824302846FCF725FC95F8B0
:10B34000241001EB810207EBC20242F8240005E061
:10B3500028461146FBF7ECF895F8241001EB810024
:10B360001FFA89F108EBC00050F82420511A40F868
:10B3700024105046BDE8F0874FF0020AB1463A4625
:10B38000CFE7D4D4D4D4D4D42DE9F04381B0092963
:10B3900000F2B88090F824900C4690460646FAF7E2
:10B3A000B3FD94B196F824004AF618716422C2F2F3
:10B3B000002110FB021004EB840130F81120012A57
:10B3C0001ED100EB4100C08802E03046FBF7E8F9EF
:10B3D000052C4FF0000719D84FF0FF3101EB10306A
:10B3E000012813D830462146FBF7FAF93046FBF71F
:10B3F00007FAC00606D4F06B00285FEA0F9705E055
:10B40000002703E0B76B002F18BF02273046214604
:10B41000FBF7DEF830462146FBF702F930462146BD
:10B42000FBF732F930462146FAF762FDB8B202283E
:10B430000FD0012823D101213046FAF765FFB9F179
:10B44000010F14D0B9F1000F19D101214FF480621E
:10B4500012E002213046FAF757FFB9F1010F08D088
:10B46000B9F1000F0BD102214FF4806204E00121F9
:10B4700000E002214FF400623046FAF7A9FF09EB21
:10B4800089054BF2A820C2F2002000EBC50757F84F
:10B490002400B8B34BF2F821A0F82880C2F20021B2
:10B4A00001EBC50151F82410016130462146FBF73C
:10B4B0001BFA4BF2983257F82410C2F2002202EB2A
:10B4C0008502488512F8140081F836004846FCF7DA
:10B4D000A3FB57F82410002200250864002157F828
:10B4E0002400436880F82490984757F8240008F017
:10B4F000B7FC47F824504846214601B0BDE8F04368
:10B50000FDF7D6BE01B0BDE8F083D4D4D4D4D4D4F2
:10B510002DE9F04F89B0044690F824004BF2A8239F
:10B520000D46C2F20023012600EB8002019103EBDD
:10B53000C2094AF65C43C2F20023CDF8149003EB33
:10B54000C00304934BF2F823C2F2002303EBC207BB
:10B5500003974AF6944703F1040BC2F200270BEB62
:10B56000C20A07EBC00702974AF63C47C2F200271F
:10B5700007EB001008904AF618706427C2F200200A
:10B5800000F110080EE020463146FEF759FF00BFDB
:10B5900001360BF1040B0A2E0AF1040A08F10A081D
:10B5A00000F09F8025FA06F0C007F1D02046314612
:10B5B000FBF7AEF859F826000028E9D094F82400EB
:10B5C00010FB078131F8061C012951D1052E4FD8F7
:10B5D00078434FF0FF3138F8000001EB10300128BC
:10B5E00046D820463146FBF7FBF82046FBF708F922
:10B5F000C00603D4E06BD8B3012502E0A06BB8B35A
:10B60000022520462946FBF717FC049F8146294660
:10B6100037F8100006902046FAF7BEFE204629466D
:10B62000FBF742FF0023204631462A460795FAF7EA
:10B6300083FC0299039A31F8191052F8211037F857
:10B640001920013907462046B1FBF2F5FBF75CFFF4
:10B650006A1C6FF31F3791B28142089941F8297033
:10B660001AD997B1281A069900FB017010E000BFA3
:10B6700020463146FDF718F9002210287FF483AFE9
:10B6800020463146FEF7A4FE82E7101A0699484389
:10B6900087B2089840F8297094F82400DDF81490D7
:10B6A000019D00EB80005BF83000874201D1032050
:10B6B00006E0DAF8000087424FF0040050EA90906C
:10B6C000079F069020463946FBF7E2FC20463146AC
:10B6D000069AFFF759FE20463946FAF729FF6427F4
:10B6E00056E709B0BDE8F08FF0B581B04BF2A8275E
:10B6F0000C4605460126C2F2002708E028463146DE
:10B70000FCF79AFA00BF00BF01360A2E22D024FAB5
:10B7100006F0C007F8D095F8240000EB800007EB96
:10B72000C00050F826000028EED028463146FDF72C
:10B73000CBF8B0F5404FE1D12846FBF701F800B255
:10B740003146B0F1FF3F2846D4BF05220722FCF75F
:10B750008BF8D9E701B0F0BD2DE9F04F81B0054677
:10B760004AF61870C2F200204BF2A82800F1100728
:10B770004AF6E070C2F200208946841C4FF0010AAC
:10B78000C2F200284FF0640B01260BE00622284687
:10B790003146FCF769F800BF01360A37062E04F17E
:10B7A00002044CD029FA06F0C007F5D095F8240021
:10B7B00000EB800008EBC00151F826100029EBD007
:10B7C00034F820000128E7D028463146FDF74CF830
:10B7D0008007DBD428463146FBF786F84004DBD4EB
:10B7E00095F8240010FB0B7131F8061C01291AD1C1
:10B7F00000FB0BF04FF0FF31385A01EB10300128FD
:10B8000011D828463146FAF7EBFF2846FAF7F8FF39
:10B81000C00602D4E86B10B905E0A86B18B1284641
:10B820003146FAF775FF95F824000122314600EB06
:10B83000800024F820A02846FFF7A6FDACE70626E6
:10B8400009E0012228463146FFF79EFD00BF00BFF8
:10B8500001360A2E19D029FA06F0C007F8D095F85B
:10B86000240000EB800008EBC00050F82600002800
:10B87000EED028463146FCF7F7FF8007E1D50622D7
:10B8800028463146FBF7F0FFE2E701B0BDE8F08F54
:10B890002DE9F04381B0089D6F78052F40F0368187
:10B8A000EF78DDF8249007F00304DFE814F03001AE
:10B8B000040021005A00952A95F902204FF0000457
:10B8C00048F2100608BF0924AF79B2F1FF3F4CF2ED
:10B8D0008022CFF6FF76CFF6FF72C8BF06F584420E
:10B8E000002F4FF000064BD1230640F020810DE1E0
:10B8F00095F90230B3F1FF3F55DD952A4FF0000472
:10B9000000F0D6800F2A00F0B2800B2A40F0FF80B2
:10B910004AF618726423C2F2002200FB03220124BB
:10B9200002F10A034BF6E662C2F2002204E000BF15
:10B930000134062C00F0C88033F80A7B002FF7D1C1
:10B94000175C002FF4D14FF0FF334AF6D06703EBBA
:10B950004103C2F20027DBB2145444F21022FC541B
:10B96000E4E095F90270B7F1FF3F51DD952A4FF001
:10B97000000448F2100208BF0924AF79002F72D0EA
:10B98000C02B07D10726092F38BF7E1E230640F0A3
:10B99000CE80BBE07B08B3FA83F3C3F12006230615
:10B9A00040F0C580B2E0952A4FF0000400F0B3806B
:10B9B0000F2A00F08C800B2A40F0A9804AF61872FA
:10B9C0006423C2F2002200FB0322012402F10A03D5
:10B9D0004BF6E462C2F2002206E000BF00BF00BFE7
:10B9E0000134062C00F09F8033F80A7B002FF7D13A
:10B9F000175C002FF4D1FE234AF6D06703EB410316
:10BA0000C2F20027DBB214544FF48542FC548DE09F
:10BA1000952A51D00B2A53D14AF618726427C2F2E4
:10BA2000002200FB0722062402F13C064BF6E862E6
:10BA3000C2F2002203E000BF01340A2C6FD036F8B6
:10BA40000A7B002FF8D1175C002FF5D1062714547C
:10BA500007EB41074AF6D062FFB2C2F20022D4558A
:10BA60004FF4004289E70026230660D14EE00446E9
:10BA700001280846884608BF40F01000F9F7C8F8CA
:10BA8000032843D84BF6E4620146C2F20022204666
:10BA9000125D022A6CD803296AD04BF6E662C2F224
:10BAA0000022125C022A63D8CC1C44F2102266E009
:10BAB00044F21022092439E009244FF400425CE7E3
:10BAC00000244FF4004258E744F210222DE00446CF
:10BAD00001280846884608BF40F01000F9F798F89A
:10BAE000032813D84BF6E4620146C2F20022204636
:10BAF000125D022A40D803293ED04BF6E662C2F21C
:10BB00000022125C022A37D8CC1C36E00024E0B2B6
:10BB100001B0BDE8F0834FF48542092406E00A2411
:10BB20004FF4004229E74FF4854206240026AB7803
:10BB30002F796D79012803F00F0347EA0131A9F845
:10BB4000066042EA0302A9F8002041EA0521A9F8AB
:10BB50000410DCD1E0B26FF01701062801EB4011B0
:10BB60004FF0000038BF41F47050A9F80200CEE752
:10BB70004C1C44F2102202E04C1C4FF4854200267B
:10BB80004146D4E7D4D4D4D480B54AF6187264239D
:10BB9000C2F2002200FB03224FF0090E0903F64611
:10BBA00012324FF0000C04E00A32BEF1010E00D157
:10BBB00012E032F8083C012BF6D132F8023C03F4D3
:10BBC00070439942F0D1012842F808CC42F802CCE7
:10BBD00008BF22F804CCE7E780BDD4D4D4D4D4D4B1
:10BBE000B0B5044690F824004AF618726423C2F2F5
:10BBF000002210FB03200D4601EB810130F81100FB
:10BC0000012818BFB0BD00212046FAF741FB00F023
:10BC10000F00A84205D10021002200232046FAF798
:10BC200037F901212046FAF733FB00F00F00A84254
:10BC300005D10021012200232046FAF729F902212B
:10BC40002046FAF725FB00F00F00A84205D100219D
:10BC5000022200232046FAF71BF920462946BDE8B8
:10BC6000B040F9F7FDBFD4D4D4D4D4D4D4D4D4D4F0
:10BC7000052A68D82DE9F0414CF2147C4CF2287E5C
:10BC8000C2F2002CC2F2002EDFE802F003031B5EBA
:10BC9000330390F8242056A494ED001F02EB820396
:10BCA00002EB02140CEB43050EEB84048DED000F48
:10BCB0004BF6EA65C2F2002505EB8303A36014236B
:10BCC00059E090F8242046A494ED001F02EB820373
:10BCD00002EB02140CEB43050EEB84048DED000F18
:10BCE0004BF6EA65C2F2002505EB8303A36012233D
:10BCF00041E090F824304BF61272C2F2002240F27A
:10BD00008067C0F200274FF0000802EB832403EBAA
:10BD10008302658803EB03130CEB42064CF81270A8
:10BD2000B5F5806F0EEB830728BF4FF48065F58073
:10BD3000A6F8048090F82420BC6002EB82050CEB8E
:10BD40004505EB8817E0704790F8242020A494ED77
:10BD5000001F02EB820302EB02140CEB43030EEB19
:10BD600084048BED000F4BF61273C2F2002303EB39
:10BD70008223A360092302EB820402EB02120CEB84
:10BD800044070EEB820239810021C2E904374CF2EC
:10BD9000A90351840121C0F2002311855360802141
:10BDA00082F83710016C116490F8242002EB021124
:10BDB0000EEB810181F82420C26BCA63806B88631B
:10BDC0000846BDE8F041FDF7FBBD00BF00BF00BF66
:10BDD00080060000000200000000000009000000D2
:10BDE00080060000000100000000000012000000BA
:10BDF00080060000000100000000000014000000A8
:10BE0000B0B590F824304CF2147EC2F2002E4FF4FC
:10BE1000A06503EB830C03EB03130EEB4C042EF82D
:10BE20001C504CF22875C2F20025628005EB83029B
:10BE300021810121002311854CF2A9016360538403
:10BE4000C2E90434C0F20021C2E90113802182F862
:10BE50003710016C116490F8241001EB011005EB10
:10BE6000800080F82410BDE8B040FDF7A9BDD4D40F
:10BE7000B0B590F824304CF2147EC2F2002E4FF48C
:10BE8000106503EB830C03EB03130EEB4C042EF84D
:10BE90001C504CF22875C2F20025628005EB83022B
:10BEA00021810121002311854CF2A9016360538493
:10BEB000C2E90434C0F20021C2E90113802182F8F2
:10BEC0003710016C116490F8241001EB011005EBA0
:10BED000800080F82410BDE8B040FDF771BDD4D4D7
:10BEE0007047D4D4D4D4D4D42DE9F0438BB090F897
:10BEF00024C04BF6EA63C2F200230026ADF82860A6
:10BF00000CEB8C0203EB820898F8043098F805706B
:10BF100098F80620FF2B08BFFF2F0ED083F00903EF
:10BF20003B435FEA1F9308BF002A09D0012A5FEA5A
:10BF30001F973B4206D002220AE0FF2A0AD0EDE713
:10BF4000012205E0022A5FEA1382012A02D10322BC
:10BF5000ADF82820B8F8083041F60A22B8F80A905F
:10BF6000934208BFB9F5007F23D08D68FF222F8848
:10BF7000B7F1000E23D0FFE74FF6FF720635FF271B
:10BF800007E000BF00BF00BF0435BEF1010E00D1C5
:10BF900011E035F8026C964218BFB342F4D12E88F6
:10BFA000B6B2B9EB060457EA1484B61A54EA1687F7
:10BFB000EAE7002203E0BAB2FF2A04D1FF221046CA
:10BFC0000BB0BDE8F0834BF612720027C2F20022DC
:10BFD00002EB8C225388B3F5806F28BF4FF4806347
:10BFE0000AE000BF00BF00BF022E08BFAE46D45D0E
:10BFF0002744D45D002CE1D0BFB29F42DED2D519D8
:10C000006E78042EF0D16E79CC88B442EFD1FF2245
:10C01000ADF82A200DF12A0204920AAA05924BF2E9
:10C02000D2624BF2CE66C2F20022C2F2002602EBCE
:10C030004C02079206EB4C0208920A6901A9CDF85E
:10C0400008E0CDF8048003950446904794F8240056
:10C050004BF27E52C2F2002200EB400136F8100093
:10C0600002EB411101EB00106979C180BDF82A2073
:10C07000A5E7D4D4D4D4D4D40B4640F22111002265
:10C08000FDF712BDD4D4D4D44FF491710022002313
:10C09000FDF70ABDD4D4D4D4134640F223110022B4
:10C0A000FDF702BDD4D4D4D4428C038D4FF49271E9
:10C0B000FDF7FABCD4D4D4D4D4D4D4D4D4D4D4D4E6
:10C0C0002DE9F04782B0044690F824004CF2B07895
:10C0D000C2F2002858F82000B0F822904FEA093048
:10C0E00085B220462946FEF78FFE002800F08E809C
:10C0F0004CF2B8700126C2F200204FF0500A871CA3
:10C1000006E000BF00BF00BF013602370A2E16D07E
:10C1100020463146FEF730FFA842F5D12046314691
:10C12000FCF7A2FB0128EFD120463146F9F7ECFEDF
:10C1300094F8240000EB800027F820A0E4E794F8AE
:10C1400024004CF2EC75C2F2002535A14CF6000635
:10C1500000EB800091ED001FC2F2002605EB4002CB
:10C160008AED000F94F82400A2F8089000EB8001FB
:10C1700005EB4101C988A1B14CF600020021C2F2D1
:10C180000022FF2300BF00BF4002013113540132DF
:10C1900094F8240000EB800705EB4707FF88B942BD
:10C1A000F2D3204600F064F994F8240006EB402115
:10C1B000C979890603D4B9F1010F12D01FE000EB51
:10C1C00080001BA105EB400091ED001F88ED000FE2
:10C1D000A0F80890204600F04BF9B8B9B9F1010F6A
:10C1E0000BD14CF299004FF48371C0F20020002271
:10C1F000002300902046FDF787FC94F824004BF2C2
:10C20000E0615022C2F2002121F8102094F82400AD
:10C2100058F82010022002B0BDE8F047FCF7C0BF7C
:10C22000800600000002000000000000090000007D
:10C2300000030000010000000000000000000000FA
:10C240002DE9F04F81B0044690F824004CF2B0760E
:10C25000C2F2002656F82000B0F822A04FEA0A30B9
:10C2600085B220462946FEF7CFFD4BF2E068002854
:10C27000C2F200285FD0BAF1010F0ED194F8240069
:10C280000022002356F82000018C4CF29900C0F2E5
:10C29000002000902046FDF737FC6420FCF7E8F80A
:10C2A00094F824006EA24CF6000992ED001F00EBFA
:10C2B00080014CF2EC70C2F20020C2F2002900EBC7
:10C2C00041038BED000F94F82410A3F808A001EBB4
:10C2D000810200EB4202D2889AB14CF600030022A0
:10C2E000C2F20023FF2700BF490201325F5401332D
:10C2F00094F8241001EB810600EB4606F688B24262
:10C30000F2D3204600F0B4F894F8241009EB412051
:10C31000C07980060BD54DF2C933FF22C0F200234D
:10C3200020465146FDF77CFC94F8241028B946209D
:10C3300028F8110001E094F8241038F8110046287C
:10C340007CD14CF2B8700126C2F200204FF00008F8
:10C35000871C05E000BF00BF013602370A2E18D047
:10C3600020463146FEF7C8FDA842F5D194F82400D6
:10C3700000EB800037F820005028EDD120463146F0
:10C38000FCF7C2FA94F8240000EB800027F8208024
:10C39000E2E794F824104BF2C83BC2F2002B3BF8C2
:10C3A000110000284AD04BF2CC304CF2E878C2F2AF
:10C3B0000020D82700F120064625C2F200284FF0C1
:10C3C000000A0AE000BF00BF29F81C5C3BF811001E
:10C3D0000AF1010A2436824530D201FB076939F897
:10C3E0001E0C0128F2D101FB07F001210022335875
:10C3F0002046984794F8241039F81E2C4BF27E53AF
:10C40000C2F2002301EB410003EB401000EB0210ED
:10C4100040F20722458038F811009042D4D14CF206
:10C42000E070C2F2002050F82130002120469847E9
:10C4300094F82410002028F81100C5E74CF2B070E1
:10C44000C2F2002050F82110022001B0BDE8F04FE8
:10C45000FCF7A6BE00BF00BF00BF00BF00BF00BF0B
:10C46000800600000002000000000000090000003B
:10C47000B0B5044690F824004CF608454CF2EC7335
:10C48000C2F20025C2F2002300EB00114CF6000CB2
:10C4900000EB8002C2F2002C05EB810103EB4202AB
:10C4A0004DF2C9330CEB402CC0F20023C1E9013C32
:10C4B000B2F806C000234B84C1E904C2802281F88F
:10C4C000372081F82400206C086400BF00BF00BF43
:10C4D00094F8240000EB001005EB8000FDF770FAE3
:10C4E00081B2D52903D10220FBF7C2FFF0E7010496
:10C4F0001CBF80B2B0BD40F6B8312046BDE8B040A8
:10C5000000F066BFD4D4D4D470B590F824404CF277
:10C51000EC7CC2F2002C7AB14CF6000E04EB8403E2
:10C52000C2F2002E0EEB442E0CEB4305BEF8023097
:10C530004FF4007EAB8008E004EB84030CEB430E69
:10C540000023AEF804304FF0040E04EB840602F52D
:10C5500040724FF4D0630CEB46052CF816306A801D
:10C560004CF60002A5F806E029810021C2F2002263
:10C570004FF0FF0E00BF00BF6302013102F803E07D
:10C58000013290F8244004EB84030CEB4303DB8876
:10C590009942F1D3BDE87040FFF76ABFD4D4D4D438
:10C5A0008CB04CF2B07B4CF2E87A4FF6FF790BADD1
:10C5B000C2F2002BC2F2002A2CE000BF00BF00BF75
:10C5C0008DF808000C2002A9FCF7C6F900214046AE
:10C5D00000F0F6FD98F824004BF2C831C2F20021B9
:10C5E0004BF2E062C2F200220A2531F810104FF43B
:10C5F0002F24282322F81030B1F1000E04D000F0CF
:10C60000E3BB00BF00BF00BF5BF820100220FCF7B7
:10C61000C7FD0BAD4CF2E074C2F2002420E04BF2F7
:10C62000E0610A22C2F2002121F81020D8F804208B
:10C63000B8F8201044F820204FF401722AF8102096
:10C640004CF2990000220023C0F2002000904046E6
:10C65000FDF75AFA98F824005BF820805EE000BFEE
:10C66000022042F210722946FCF71AFD08B12FF0A1
:10C6700009C8DDF82C80B8F8202098F82400B8F814
:10C680002270A2F2022106294BF820801FD8DFE891
:10C6900011F007000E01EE00FE00D7002501350164
:10C6A000012F40F20B11A8F8201040F0A2814BF2AC
:10C6B000E0610A22C2F2002121F81020D8F80420FB
:10C6C000B8F8201044F8202040F20222B6E7A2F287
:10C6D00005111F2922D8DFE811F0260021002100D2
:10C6E0002100210021002100210021002100210042
:10C6F0002100210021002100210021002100210032
:10C700002100210021002100210021002100210021
:10C7100021002900200037037F0051E70220414615
:10C72000FCF73EFD9CE740F20511E1E0B8F8261069
:10C73000A1F14102022A80F002814BF2E066C2F2CE
:10C74000002636F810100A29E8D14BF2FC1101221C
:10C75000C2F2002111F8101002294BF2CE61C2F290
:10C76000002121F810204FF0280126F8101014D1D4
:10C770004DF2C4310028C2F2002118BF10310968FF
:10C7800000291CBF096A089101218DF809108DF854
:10C7900008000B2002A9FCF7DFF800F0D5FD98F89F
:10C7A00024004BF2CE61C2F2002131F810100129B1
:10C7B00040F0C2824CF2990040F2031100220023A3
:10C7C000C0F2002000904046FDF79EF998F8240042
:10C7D000282126F81010AFE240463946FEF7CCFB80
:10C7E00098F824004BF2E066C2F2002636F81000FA
:10C7F000282840F09F824046FBF756F9002800F0B9
:10C80000998298F824305BF82300C08C002800F04F
:10C8100012813AF8132040F20110B0EB520F4FF0A2
:10C820000A0026F8130040F0858254F823300021D6
:10C830004046984798F8240000212AF8101079E221
:10C840004FF48370A8F820004046FFF739FC98F8B1
:10C850002400B8F82010D8F80420012F44F8202034
:10C8600040F206222AF810207FF4FAAE5CE0012F95
:10C870004FF48471A8F820103FF4D1AED8F804101A
:10C8800044F820104FF401712AF8101046E74FF4D5
:10C890008371A8F82010D8F8041044F8201040F252
:10C8A00005212AF810104046FFF70AFCD8E6012FB0
:10C8B00040F20711A8F8201040F0A4804BF2E0618C
:10C8C0000A22C2F2002121F81020D8F80420B8F87A
:10C8D000201044F8202040F20322AFE640F2051178
:10C8E000A8F82010D8F8041044F8201040F20721CE
:10C8F0002AF810104046FFF7A3FCB1E640F20510FD
:10C90000A8F820004046FFF79BFC98F82400B8F8F0
:10C910002010D8F80420012F44F820204FF4027290
:10C920002AF810207FF49CAE4CF2990000220023DC
:10C93000C0F2002000904046FDF7E6F890E643295B
:10C940007FF4ECAE4BF2C8310A22C2F2002131F87A
:10C95000101000294BF2E061C2F2002121F81020F2
:10C960004BF2D261C2F200214FF0000221F81020F8
:10C970003FF4D4AE4BF2CC354BF2C83A0024C2F2AD
:10C980000025C2F2002AD8262AE000BF00BF00BF5F
:10C99000FA8800FB06FBBB694046984798F82400DC
:10C9A0007A884BF27E53C2F2002300EB400103EB86
:10C9B000411101EB0213120121F802900A21598062
:10C9C00000229A80DA801A8125F80B904FF4704289
:10C9D0007A80B9803AF81010013424358C421AD28A
:10C9E00000FB065779880129D2D0BA88462ACFD0D1
:10C9F000F0E7D8F8041044F8201040F202212AF899
:10CA000010108BE6D8F8041044F8201040F20321EF
:10CA10002AF8101082E64CF2B07B4CF2E87AC2F2AF
:10CA2000002B4CF2E074C2F2002A0BAD5BF82080C0
:10CA3000C2F2002472E64CF60040C2F2002030F848
:10CA40001300012800F0CF804BF2C83B0628C2F249
:10CA5000002B4FD004284FF0D80140F0F0803BF875
:10CA60001300002800F0EB804BF2CC304FF00009AF
:10CA7000C2F200201C46871D4FF0000A00200190E2
:10CA80000CE000BF00BF00BF31463BF8130009F1C6
:10CA9000010924371C46814580F0D18004FB0175D3
:10CAA00035F8020C0A28F0D1A91F4046D826FFF716
:10CAB0001BFA98F824300028E6D1D821019E04FB07
:10CAC00001F05246385A022808BF012608284BF2C6
:10CAD000CE60C2F2002008BF012230F81300012E00
:10CAE000019625F8040C03D19246012ACDD1A6E087
:10CAF0009246CAE73BF81300D822002854D04BF2E4
:10CB0000CC300025C2F200204FF0000C00F11407D9
:10CB10004FF0000908E000BFD822D3463BF81300CD
:10CB20000135243785423FD203FB02744BF2CE61BC
:10CB3000C2F2002134F8120C31F813108142EDD109
:10CB400003EB43004BF27E56C2F20026DA4606EBB8
:10CB500040104BF2D26600EB0110C2F20026E34611
:10CB60004FF0460CA0F802C05A4336F81330038148
:10CB70004046BB58002224F810CC984734F80E0CDD
:10CB8000DC46022808BF4FF00109082808BF4FF013
:10CB9000010C98F82430B9F1010FBDD1BCF1010F9F
:10CBA0004FF0D802D346B9D14CF2E87A40F20110E6
:10CBB000C2F2002A4CF2B07B4CF2E0744FF6FF79DF
:10CBC0003AF81320C2F2002B0BADC2F2002446212A
:10CBD000B0EB520F4BF2E060C2F2002020F81310CD
:10CBE0003FF423AEA6E04BF2CE674BF2D262C2F224
:10CBF0000027C2F2002203EB830037F8134032F81B
:10CC000013204BF6EA632103C2F2002303EB8005F5
:10CC100089B24046FEF780F898F82430E97901F0AF
:10CC20007F0103EB430037F813204BF23E6741EAE4
:10CC30000431C2F2002707EB800020F812104CF6F6
:10CC40000042C2F2002232F81300052800F101016F
:10CC500022F813102ED04CF2B07B4CF2E87A042864
:10CC60004FF6FF79C2F2002BC2F2002A13D04CF229
:10CC7000E07400280BADC2F200244CD14BF2CE6020
:10CC80000021C2F2002030F8132040F2B810C2F2A6
:10CC9000002043684CE04BF2CE600522C2F2002037
:10CCA00030F8131040F2B810C2F200204369404639
:10CCB000984728E04BF2CE614BF61272C2F2002187
:10CCC000C2F2002203EB430031F8131002EB83227F
:10CCD0004BF27E53C2F20023527903EB401000EB7B
:10CCE0000110828040F2B810C2F2002083694046F1
:10CCF00098474CF2B07B4CF2E87A4FF6FF79C2F2DB
:10CD0000002BC2F2002A4CF2E07498F824000BAD1C
:10CD1000C2F2002410E04BF2CE608AB2C2F20020D0
:10CD200030F8131040F2B810C2F2002050F8223050
:10CD30004046984798F824005BF820100220FCF742
:10CD40002FFA8DE400BF00BF4BF2E061C2F2002178
:10CD500031F81010452967DC0A2900F0BC80282929
:10CD600040F032814BF2D264B8F82620C2F200249F
:10CD7000002124F810204046FDF7CEFF98F824004B
:10CD80004BF23E63C2F20023402700EB400234F82E
:10CD9000101023F822704CF60043C2F20023402901
:10CDA0004FF0000223F8102000F00781802918BFFF
:10CDB000C02940F0FA8040F2B8100021C2F20020F1
:10CDC000036840469847FFE04BF2CC32D82300EB93
:10CDD0004001C2F2002210FB03224BF27E53C2F24A
:10CDE000002303EB4111023208E000BF00BF00BF87
:10CDF0002432BEF1010E01D1FFF706BC32F8023C2D
:10CE0000BB42F5D113881E0101EB031321F80690F4
:10CE100000265D809E80DE801E8122F8029C1460C8
:10CE2000E6E700BF00BF00BF46294FF0D8026AD036
:10CE30004BF2C8395029C2F2002940F0C58039F8B8
:10CE40001010002900F0C0804BF2CC310025C2F256
:10CE5000002101F11C0417E000EB400137F81A2C07
:10CE60004BF27E53C2F2002303EB411101EB02119E
:10CE700050224A8027F8182CD82239F81010013592
:10CE800024348D4280F0A08000FB024737F81A1C42
:10CE90000129F2D1504301210022235840469847EE
:10CEA00098F824004CF2E876C2F2002640F20522FF
:10CEB00036F810109142CFD14CF2E071C2F200214D
:10CEC00051F8203000214046984798F8240000216E
:10CED00026F81010C0E73AF81010B1F5017F73D1B1
:10CEE0004CF2E0714FF40172C2F2002151F820308F
:10CEF00000214046984798F824004CF2E871C2F2AD
:10CF00000021002256E04BF2C83AC2F2002A3AF859
:10CF10001010002958D04BF2CC3107F10109C2F2B0
:10CF20000021002401F1200519E000BF00BF00BF6F
:10CF300000EB400137F81E2C4BF27E53C2F2002367
:10CF400003EB411101EB021146224A8027F81C2C09
:10CF5000D8223AF81010013424358C4234D200FB28
:10CF6000025737F81E1C8945F3D1504300222B5835
:10CF70004046984798F824004CF2E876C2F2002622
:10CF800040F2072236F810109142D1D14CF2E071F4
:10CF9000C2F2002151F8203000214046984798F80D
:10CFA0002400002126F81010C2E74BF2E0610A22AB
:10CFB000C2F2002121F8102006E04046FBF730F8CD
:10CFC000404600F0B9F900BF98F824004CF2B07B5D
:10CFD000C2F2002B5BF820100220FCF7E1F84CF2C3
:10CFE000E87A4FF6FF79C2F2002A0BADFFF712BBC9
:10CFF00070B54CF604450446C2F20025297881B983
:10D000004CF214700021C2F200200181C0E900112D
:10D010004CF22870C2F2002044210AF0BDF8012031
:10D02000287094F824004CF2B876C2F2002600254D
:10D0300000EB800106EB810246F821504CF600011E
:10D04000C2F20021156101EB40204FF40071D56060
:10D05000956055600AF0A0F894F824004BF6EA6158
:10D06000C2F2002100EB800001EB800241F8205069
:10D070004BF612711561D5609560556094F82400E7
:10D08000C2F2002101EB80204FF480610AF084F8A5
:10D0900094F824004CF2EC71C2F2002100EB800005
:10D0A00001EB400241F810504CF6084115815560E3
:10D0B00094F82400C2F2002100EB001001EB800084
:10D0C00044210AF069F894F824104CF2B0704CF640
:10D0D0009042C2F20020C2F200224BF2CE6340F82E
:10D0E00021504CF6004022F811504CF2E072C2F28E
:10D0F0000020C2F20022C2F2002301EB810420F8DA
:10D1000011504CF2E87042F821504BF2E062C2F24A
:10D110000020C2F2002223F8115006EB840320F80D
:10D1200011500A2022F811004BF2D262C2F2002202
:10D130005D609D60DD6022F811504BF2C832C2F292
:10D1400000221D61D82346F8245022F811504BF2DA
:10D15000CC32C2F2002211FB032201EB41014BF25F
:10D160007E53C2F2002312A64FF0060E03EB4111CC
:10D1700096ED001F04314FF6FF7300BF00BF00BFE4
:10D18000AAEC120F21F8043C21F8020C21F8105BE4
:10D1900021F80E5C21F80C5C0FF00FC00220022178
:10D1A000FCF71AF8002070BD00BF00BF00BF00BF31
:10D1B000FFFF000000F000000A0000000000000077
:10D1C00010B5012918D10446F8F782FF94F824100D
:10D1D000012918BF10BD4BF2FC1140F27C12C2F2C3
:10D1E0000021C2F200222046897801EB410152F869
:10D1F0002110BDE810400847BDE81040F8F770BFA7
:10D20000B0B5044690F824004BF2A421C2F20021EC
:10D2100031F810502046FAF747FD502D0BD1012070
:10D22000FBF726F92046FAF78BFA2046FAF734FD89
:10D230002046FDF785FD0520BDE8B040FBF718B995
:10D24000B0B50C460546FDF7C7FD2846FDF784FE40
:10D2500028462146FEF710FF95F82410012918BF33
:10D26000B0BD4BF2FC1140F27C12C2F20021C2F2BE
:10D2700000222846897801EB410102EB81014968CF
:10D28000BDE8B0400847D4D410B5044690F8240057
:10D2900001280FD14BF2FC1040F27C11C2F20020A9
:10D2A000C2F20021807800EB400001EB8000816831
:10D2B00020468847F0212046F8F702FF2046FDF778
:10D2C00073FD43212046BDE81040FEF7D5BED4D4FF
:10D2D000B0B5044690F824004BF2A425C2F2002514
:10D2E00035F8100050280ED12046F8F7CDFE800604
:10D2F0000ED42046FAF7D0F9432814D194F824002C
:10D30000282125F810102046BDE8B040FAF71CBAD5
:10D3100094F824000121282225F810202046BDE899
:10D32000B040FCF795BB2046FDF70AFD5021204692
:10D33000BDE8B040FAF7ECB940F2B8110022C2F2F1
:10D3400000210B68002118476420FBF791B8D4D462
:10D35000FEF79ABED4D4D4D470B54CF694460C469D
:10D36000C2F200260546327892B9FBF731FF4CF63F
:10D37000A8404FF00A0EC2F2002006300E21002213
:10D3800000F8241B00F8292C0FF007C00120307092
:10D390002846FDF765FC2846FFF72AFE2846FDF7DC
:10D3A0001BFA2846F8F7ECFB95F82400F7F7D4F8B9
:10D3B00095F82400F7F7B8FF28462146BDE87040ED
:10D3C000FDF722BBD4D4D4D401460420FBF788BE99
:10D3D00080B582B00A4601A90420FBF761FE10B1B6
:10D3E000FF2002B080BD0198008D002818BFFF20EB
:10D3F00002B080BDD4D4D4D4F0B591B00D46C97874
:10D4000004464CF6A446A878C2F20026207001F02B
:10D410007F01E170296A305CA1616A6AA96A01280A
:10D42000E261216203D140F2DD5011B0F0BD22B1C2
:10D4300092E80B001A689047216A11B107C9126877
:10D4400090472878012807D120784CF69641C2F2FF
:10D450000021012221F810202846FBF7E9FA18B133
:10D4600040F2DC5011B0F0BD70783178C0B20843A2
:10D4700007D14CF6A8404FF4B471C2F2002009F075
:10D480008BFE217801204FF42A724CF61067C2F20D
:10D49000002770544CF61860C2F2002011FB020005
:10D4A0004AF636420026C2F2002247F8216022F8EE
:10D4B0001160442109F070FE2978304601290AD113
:10D4C00026788DF824603046FAF7A6FB1090304697
:10D4D000FAF7AEFD08B111B0F0BDE9786846FFF784
:10D4E0003BFF9DF824002946FAF796FE9DF824009C
:10D4F0006A784BF2E461C2F20021022A4FF0000286
:10D5000021F8102007D1012221F810206846F8F7F1
:10D5100083FD9DF82400FAF7B7FC68460121012637
:10D52000FFF74EFE287801280ED12078E17806FA20
:10D5300001F157F82020114347F8201057F8201028
:10D5400041F4C05147F82010002011B0F0BDD4D4F0
:10D550002DE9F04192B0044607F0DAFF2078FAF79F
:10D560000FFE10B14FF4BC6530E020784CF6A441BA
:10D57000C2F200214CF69648C2F2002800250D5454
:10D5800038F81010012916D18DF82800FAF744FB5D
:10D59000119001A80221FDF743F8012700BF00BF49
:10D5A0009DF82800BEB23146FEF7EEFA052E07F1CF
:10D5B0000107F5D320784CF61061C2F2002141F842
:10D5C0002050FBF749FC207828F8105007F0FCFFAA
:10D5D000284612B0BDE8F081F0B581B00446C078AD
:10D5E0000F2812BF0C280B20E070207828B1880784
:10D5F00005D040F2E25001B0F0BDC807F9D11F4696
:10D600000E46154607F084FF20784CF69641C2F28C
:10D61000002131F81000022801D1627801E03A4679
:10D6200067706946204600F047F988B99DF8020006
:10D63000032840F2DC500BD10746204631462A46EB
:10D64000FBF772F8D52857EA1791002851EA1080A5
:10D65000044607F0B9FF204601B0F0BDD4D4D4D4BD
:10D66000F0B581B00446C0780F2812BF0C280B20FB
:10D67000E070207828B1880705D040F2E25001B070
:10D68000F0BDC807F9D11F460E46154607F040FF0A
:10D6900020784CF69641C2F2002131F810000228A1
:10D6A00001D1627801E03A4667706946204600F091
:10D6B00003F988B99DF80200032840F2DC500BD131
:10D6C0000746204631462A46FBF766F8D52857EA32
:10D6D0001791002851EA1080044607F075FF204694
:10D6E00001B0F0BDD4D4D4D470B582B00446C078B3
:10D6F00016460D460F284FF000018DF8061012BF98
:10D700000C280B20E07007F003FF20784CF69641C0
:10D71000C2F2002131F81000022801D1667800E041
:10D72000667001A92046324600F0C6F89DF8060052
:10D7300040F2DC56032809D120462946FBF768F859
:10D74000D52856EA1691002851EA108607F03CFFCA
:10D75000304602B070BDD4D470B592B004460078A3
:10D760004CF69641C2F2002131F81000022803D194
:10D7700040F2DC5012B070BD07F0CAFE01206070AC
:10D7800069460122204600F097F828B1044607F0C8
:10D790001BFF204612B070BD9DF80200032810D177
:10D7A00020788DF82800FAF737FA21784DF268359D
:10D7B000C2F2002511906A5C012A05D140F2DD56C3
:10D7C00005E007F001FFD3E70026012068544AF680
:10D7D000811101A8C0F2002140F205220123FCF7CB
:10D7E00073FF2178002818BF40F2DC5600206854EF
:10D7F00007F0EAFE304612B070BDD4D4D4D4D4D4ED
:10D8000070B592B0044600208DF8020007F080FE4B
:10D8100062786946204600F04FF89DF8021004290E
:10D8200014D1054620788DF82800FAF7F5F921780B
:10D830004CF69A46C2F200261190725C012A0BD176
:10D8400007F0C2FE40F2DD5012B070BD07F0BCFE22
:10D8500040F2E15012B070BD0120705463784AF676
:10D86000C911C0F2002101A840F20722FCF72CFFE9
:10D870002178002818BF40F2DC550020705407F0D2
:10D88000A3FE284612B070BDB0B592B00C46054656
:10D8900007F03EFE28788DF82800FAF7BDF9012C34
:10D8A0005FEA1F91119001A8FFF78AFC07F08CFE38
:10D8B000002012B0B0BDD4D4F0B581B006460078D7
:10D8C0004CF61063C2F2002353F8200058B31746F9
:10D8D0000C4607F01DFE35784CF69640C2F200204B
:10D8E00030F8151001294FF0060108BF7770A170BC
:10D8F00030F81500012855D12846FAF78DF905EBC7
:10D90000450170784BF27E52C2F2002202EB4111C7
:10D9100001EB0011CA88072A09DC022A0FD0032A6A
:10D920000BD184220EE040F2DC5001B0F0BD082A99
:10D9300007D0FF2A01D18A2204E0002202E08022DF
:10D9400000E09022227000230A89C02A08BF022327
:10D95000802A08BF012363704A880021312A07DD2D
:10D96000322A0BD0462A0BD0502A08BF04210AE0E5
:10D970000A2A07D0282A08BF012104E0022102E078
:10D98000032100E006210128A17009D14BF2FC100F
:10D99000C2F2002010F81500022801D1012000E099
:10D9A0000020E07007F010FE002001B0F0BDD4D4DC
:10D9B00040F2DC507047D4D440F2DC507047D4D4ED
:10D9C00040F2DC507047D4D4F0B581B016460C4616
:10D9D000054600208DF8020007F09AFD28784CF6E5
:10D9E0009647C2F2002737F81000012801D16E7067
:10D9F00000E06E78694628463246FFF75DFF9DF8E5
:10DA0000020003282BD129780120208037F811202B
:10DA1000012A27D14AF618726423C2F2002211FBB0
:10DA200003214FF0090E0122F6461031012306E0D2
:10DA300001330A310026BEF1010E00D113E031F8A6
:10DA4000067C012FF4D16F780E8806F47046B6EB91
:10DA5000073FEDD100FA03F73A432280E8E740F2AE
:10DA6000DC5600E0002607F0AFFD304601B0F0BD07
:10DA700070B592B016460C46054600208DF846005B
:10DA800007F046FD2878AE704CF696468DF82400D7
:10DA9000C2F2002636F81010012905D1FAF7BCF8B9
:10DAA000012210906A7000E06A7811A92846FFF7F9
:10DAB00003FF9DF84600032819D1287836F8100096
:10DAC000012819D1A9786E463046FDF7B5F9A97835
:10DAD00020703046FAF7F8FEB0F5404F10D0B0F5A0
:10DAE000004F0BD0B0F5804F13D1002009E007F0B4
:10DAF0006BFD40F2DC5410E001240CE0012000E05A
:10DB00000220A97860706846FAF7BAFE60800024A7
:10DB100001E040F2DC5407F057FD204612B070BD22
:10DB200080B507F0F5FC07F04FFD40F2DC5080BDFA
:10DB300010B5044607F0ECFC4CF69C40C2F2002005
:10DB4000C0E9004407F040FD002010BDD4D4D4D477
:10DB500040F2DC507047D4D4F0B581B01E46144674
:10DB60000F46054607F0D4FC694628463246FFF7C3
:10DB7000A3FE10B140F2DC5418E03888FA88214640
:10DB80009FFD000F000628466E708DED060F02D433
:10DB9000FAF77EFD01E0FAF72FFD0024FF2808BF09
:10DBA00040F2DC54D52808BF40F2DD5407F00CFDEC
:10DBB000204601B0F0BDD4D470B582B014460D46F5
:10DBC000064607F0A5FC727801A93046FFF774FEFF
:10DBD00010B140F2DC540DE0304629462246FAF7F7
:10DBE0000BFD0024FF2808BF40F2DC54D52808BFF5
:10DBF00040F2DD5407F0E8FC204602B070BDD4D4FA
:10DC000070B582B014460D46064607F081FC727866
:10DC100001A93046FFF750FE10B140F2DC540DE090
:10DC2000304629462246FAF733FD0024FF2808BF74
:10DC300040F2DC54D52808BF40F2DD5407F0C4FCA4
:10DC4000204602B070BDD4D440F2DC507047D4D42A
:10DC500080B507F0B9FC40F2DC5080BDD4D4D4D4F8
:10DC600080B507F055FC07F0AFFC40F2DC5080BDFA
:10DC700080B507F04DFC07F0A7FC40F2DC5080BDFA
:10DC8000B0B50C46054607F043FC2878207007F035
:10DC90009BFC0020B0BDD4D4B0B50C46054607F0BF
:10DCA00037FCE87840F08000207007F08DFC002001
:10DCB000B0BDD4D4D4D4D4D4B0B50C46054607F006
:10DCC00027FC6878207007F07FFC0020B0BDD4D41A
:10DCD000B0B50C46054607F01BFCA878207007F08D
:10DCE00073FC0020B0BDD4D4B0B50C46054607F097
:10DCF0000FFC28784CF69641C2F2002131F8101042
:10DD0000012923D100EB400069784BF27E52C2F228
:10DD1000002202EB401000EB01104088312807DDA3
:10DD200050280BD046280BD032280DD102200CE011
:10DD30000A2807D0282807D1012006E0042004E0A3
:10DD4000032002E0062000E00020208007F03CFCD9
:10DD50000020B0BDD4D4D4D4B0B50C46054607F0ED
:10DD6000D7FBA868206007F02FFC0020B0BDD4D4FA
:10DD7000B0B50C46054607F0CBFBD5E90301616061
:10DD8000206007F021FC0020B0BDD4D4D4D4D4D47A
:10DD900000284FF0010018BF002900D1704780B55E
:10DDA00007F0B6FB07F010FC40F2DC50BDE8804005
:10DDB0007047D4D4D4D4D4D438B180B507F0A8FBFC
:10DDC00007F002FC40F2DC5080BD01207047D4D443
:10DDD00080B545F25422C5F24F020260084600F0B9
:10DDE00003F8002080BDD4D470B5044600F064F878
:10DDF0004DF2C03CEFF31081C2F2002C012080F301
:10DE00001088DCF8000038B940F614500022C4F243
:10DE10004000027040220270DCF800000130CCF8B3
:10DE2000000081F31088208830B340F6000E0021F6
:10DE3000C4F2400E08E000BF0EEB8010013140F844
:10DE400022302088814217D2606800EBC10250F86E
:10DE500031309288D8034FEA1220D2B2ECD50EEBC3
:10DE6000801555F8226026F4803645F8226023F4A8
:10DE7000803645F82260DFE70120EFF3108180F360
:10DE80001088DCF8000020B1DCF800000138CCF884
:10DE90000000DCF8000010B181F3108870BD40F67E
:10DEA00014500022C4F2400002708022027081F3FC
:10DEB000108870BDD4D4D4D42DE9F04F81B004467D
:10DEC0000088002862D04EF64C4B0025C4F2010BAE
:10DED0004FF0010A04E000BF20880135854255D289
:10DEE00042F240064CF214480027C4F22006C0F269
:10DEF00001280AE000BF00BF3070C820012100F0F7
:10DF00001BFF01370236032FE6D0606838F8021B8A
:10DF100000EBC50082888A42F3D100689BF80010AC
:10DF200000F0B8500AFA07F9B0F1807F09EA010061
:10DF300016D158B9012000F0B3FF9BF8000040EA69
:10DF400009008BF80000012000F07EFF96F9000028
:10DF50000028D6D4307840F08000CDE700BF00BF65
:10DF600058B1012000F09CFF9BF8000020EA090056
:10DF70008BF80000012000F067FF96F90000B0F177
:10DF8000FF3FBEDC307800F07F00B5E701B0BDE8B0
:10DF9000F08FD4D4D4D4D4D42DE9F04381B00D463D
:10DFA000496804464AF200060A78C4F20006456051
:10DFB0004FF00008C4F810804FF0010906EB821002
:10DFC000A060C868E0604869606143F20000EFF358
:10DFD0001087C4F2200089F31088016821F48001C1
:10DFE000016000681E20012100F0A6FE87F3108862
:10DFF00086F8009886F810882046296800F0CCF84A
:10E0000044F243110020C4F24D41216001B0BDE84B
:10E01000F083D4D4D4D4D4D410B5044600F0BCF8E2
:10E02000BFF34F8FA168002001220A7710BDD4D41E
:10E0300080B582B00191009241684CF2802CC4F20C
:10E04000000C4FF0000E49680A784CF822E0826814
:10E0500082F81CE00A7849894CF82210816881F81E
:10E060001DE0019911B1019982681160009911B107
:10E0700000998268516081680A8AB2F5804F4FF03A
:10E080000C0238BF08228B500122BFF34F8F8168EA
:10E0900000200A7702B080BDBFF34F8F8168002057
:10E0A00001220A777047D4D441684CF2802CC4F224
:10E0B000000C002349680A784CF8223082681377F4
:10E0C0000A7849894CF82210816800204B77704704
:10E0D000BFF34F8F826809010020013151777047EB
:10E0E0008168002000224A777047D4D4D4D4D4D495
:10E0F00080684FF480628A604FF480320A60028A3E
:10E10000C3684B6000238068B3EB923F80B2C86065
:10E1100002D14FF6FF70886000207047D4D4D4D469
:10E12000014640684CF2802C00224068C4F2000C8A
:10E1300003784CF823208B681A77C368EBB1B0B52D
:10E1400090F901304EF28015CEF200054FF0010E2D
:10E1500003F01F0C5B090EFA0CF445F823404DF256
:10E16000C433BFF34F8FBFF36F8F90F90100C2F23A
:10E17000002343F82020BDE8B04000200A6070472B
:10E1800006207047D4D4D4D403460020D9605A6105
:10E190007047D4D4D4D4D4D42DE9F04F42684CF293
:10E1A0008025C4F20005002752684CF2C00813789D
:10E1B00045F8237083681F771378568945F82360E4
:10E1C0004FF4404683684FF0FF355F774FF440735C
:10E1D0000F68B1F80EB003EA175306EA174605EBCD
:10E1E000977503EB060C022D0ED84BEA0B46B1F8DF
:10E1F0000CE0022D26F0FC2B0AD04FF4805505EAE6
:10E2000017254CEA050C03E04CF4005C4FF0000EBF
:10E21000C568538908EA173ADDB14FF01C08BC0203
:10E2200058BF4FF01008BD0F92F901709678D9468B
:10E230004EF2001B022D88BF4FF01008002FCEF2C7
:10E24000000B4FEA061607D40BEB070585F80063B1
:10E250000CE04FF000082DE074464EF6145E07F017
:10E260000F05CEF2000E05F80E60A6464DF2C4363C
:10E270004CF28024C2F20026C4F2000404EB8705AD
:10E28000012446F82700D5F8806026F48036C5F8CA
:10E290008060D5F880607E0907F01F07BFF35F8FAD
:10E2A0000BEB860504FA07F7C5F880714BF826706A
:10E2B000CB460F68BE0F022E0AD98D8907F0406445
:10E2C000CE89B4F1806F07D14AF4005AA94605E01F
:10E2D00085680026002715E0B2F8089007F440276B
:10E2E000B7F5802F08BF012606FB05F74C68856847
:10E2F00049EA094608BF4AF0200AC7EA07472C62E4
:10E300008C686C62AE62002B8668F7628768A7F83B
:10E3100014A0876818BF4CF0010CA7F810C04B6818
:10E3200087683B608968836859608168C1F808B074
:10E330008168C1F80CE0816852688A61806880F861
:10E340001380BDE8F08FD4D410B582B04FF0704187
:10E35000EFF3038001EB00604CF200318015C4F252
:10E360000001425822F4803242504DF2C4324158EA
:10E37000C2F200221458E1686069019001A8884740
:10E38000A068C06820B1BFF34F8FA068012101775A
:10E3900002B010BDD4D4D4D44EF22401C4F2010191
:10E3A0008878098801F00F02A2F1080103293BD8FF
:10E3B000DFE801F0022C101E41F2E011C2F2002150
:10E3C00051F820004AF6AB21CAF6AA21A0FB0101B0
:10E3D000480830E041F2E011C2F2002151F820007B
:10E3E0004AF6AB21CAF6AA21A0FB0101C80822E027
:10E3F00041F2E011C2F2002151F820004AF6AB21AF
:10E40000CAF6AA21A0FB0101080914E041F2E011BB
:10E41000C2F2002151F820004AF6AB21CAF6AA2127
:10E42000A0FB0101880806E041F2E011C2F20021E0
:10E4300051F82000D0404DF20441C2F200210860A2
:10E440007047D4D4D4D4D4D4D4D4D4D4D4D4D4D47D
:10E450002DE9F04782B00FF288604EF2FA3841F2AF
:10E46000E016C4F201084AF2015190ED001FC2F219
:10E4700000260FF27C60CFF6FF714EF25505023197
:10E48000A8F8001086ED001F06F12003C4F2010574
:10E4900090ED001F48F2004040F60001C1F2D77035
:10E4A00043F6000286ED041FC2F6AF71C1F69C422E
:10E4B00007C315F82F0C35F8311C01F00F02A2F13B
:10E4C000080103292BD8DFE801F002200C164AF6D8
:10E4D000AB2156F82000CAF6AA21A0FB010148088A
:10E4E00020E04AF6AB2156F82000CAF6AA21A0FB8C
:10E4F0000101C80816E04AF6AB2156F82000CAF61A
:10E50000AA21A0FB010108090CE04AF6AB2156F84C
:10E510002000CAF6AA21A0FB0101880802E056F8F3
:10E520002000D0404DF2044A4EF60044C2F2002AC8
:10E53000C4F201040A214EF60147CAF800004FF662
:10E540005060CFF6FF70C4F201072154092085F80E
:10E550004D00207818B93878800700F0BC82207808
:10E5600048B901202070C820012100F0E5FB00BF60
:10E5700020780128FCD10020387020704AF201591F
:10E58000002005F81F0C05F8230C00BF00BF00BFDA
:10E5900015F8190C0007FBD542F602314EF614505F
:10E5A000C0F20101C5F8731040F2234125F8071CA1
:10E5B000002205F80B2C4FF60211C5F8571040F257
:10E5C000514125F8091CCEF200004EF20001BFF3C4
:10E5D0004F8FBFF36F8F0368CEF2010123F4003336
:10E5E0000360C0F83C22BFF34F8FBFF36F8F0A6800
:10E5F00022F440520A60BFF34F8FBFF36F8F15F8BC
:10E60000412C02F0F802013205F8412C00BF00BF96
:10E6100015F8412CD206FBD40A6842F440520A6035
:10E62000BFF34F8FBFF36F8F0168890312D4BFF31D
:10E630004F8FBFF36F8F0021C0F83C12BFF34F8F95
:10E64000BFF36F8F016841F400310160BFF34F8F5A
:10E65000BFF36F8F002005F82B0C00BF00BF00BF79
:10E6600015F8190C8006FBD54CF200040020C4F20A
:10E67000130420702078207820786068FA2807D06A
:10E68000FA20C1F6006000BF60606168FA29FBD122
:10E69000A0687D2808D07D20CEF2001000BF00BF0A
:10E6A000A060A1687D29FBD143F23240C3F2232050
:10E6B00045F8350C42F2202025F8310C052005F8EC
:10E6C0002F0C15F82F0C35F8311C01F00F02A2F1B8
:10E6D000080103292BD8DFE801F002200C164AF6C6
:10E6E000AB2156F82000CAF6AA21A0FB0101480878
:10E6F00020E04AF6AB2156F82000CAF6AA21A0FB7A
:10E700000101C80816E04AF6AB2156F82000CAF607
:10E71000AA21A0FB010108090CE04AF6AB2156F83A
:10E720002000CAF6AA21A0FB0101880802E056F8E1
:10E730002000D040CAF800001E200121012700F06F
:10E74000FBFA60686FF39F20652828BF277015F8D3
:10E750002F0C35F8311C01F00F02A2F1080103293A
:10E760002BD8DFE801F002200C164AF6AB2156F850
:10E770002000CAF6AA21A0FB0101480820E04AF6C1
:10E78000AB2156F82000CAF6AA21A0FB0101C80857
:10E7900016E04AF6AB2156F82000CAF6AA21A0FBE3
:10E7A000010108090CE04AF6AB2156F82000CAF630
:10E7B000AA21A0FB0101880802E056F82000D04001
:10E7C00042F20001CAF80000C4F200010120A1F8E1
:10E7D0000090BFF35F8F08724FF42540BFF35F8F47
:10E7E000088095F8850040F0400085F8850000BF5E
:10E7F00095F98500B0F1FF3FFADC032085F87F0032
:10E80000C92085F8850095F8850000F0BF0085F8DF
:10E81000850000BF00BF00BF95F985000028FBD42C
:10E82000012005F8020C002005F8170C802005F8DF
:10E83000170CE87F40F04000E87700BF00BF00BF42
:10E8400095F91F00B0F1FF3FFADC0720E8754A2078
:10E85000E8770A20E87700BF95F91F000028FBD46D
:10E860000720ADF806000DF1060000F049F995F813
:10E87000210040F0400085F8210000BF00BF00BF2C
:10E8800095F92100B0F1FF3FFADC03206876CA2039
:10E8900085F8210095F8210000F0BF0085F82100DF
:10E8A00095F921000028FBD4287840F0400028701A
:10E8B00095F90000B0F1FF3FFADC022005F8010CE9
:10E8C000CA202870287800F0BF00287000BF00BF61
:10E8D00095F900000028FBD4A87840F04000A8700B
:10E8E00095F90200B0F1FF3FFADC00206870C72004
:10E8F000A870A87800F0BF00A87000BF00BF00BFDC
:10E9000095F902000028FBD4287A40F040002872D4
:10E9100095F90800B0F1FF3FFADC0120E871C6204C
:10E920002872287A00F0BF00287200BF00BF00BF25
:10E9300095F908000028FBD495F8230040F040002A
:10E9400085F8230000BF00BF95F92300B0F1FF3F19
:10E95000FADC0220E876C92085F8230095F8230028
:10E9600000F0BF0085F8230095F923000028FBD4B0
:10E97000A87A40F04000A87295F90A00B0F1FF3F74
:10E98000FADC01206872CA20A872A87A00F0BF00E1
:10E99000A87200BF00BF00BF95F90A000028FBD491
:10E9A00095F8220040F0400085F8220000BF00BF2B
:10E9B00095F92200B0F1FF3FFADC0420A876CA20C6
:10E9C00085F8220095F8220000F0BF0085F82200AB
:10E9D00095F922000028FBD4A87940F04000A871E6
:10E9E00095F90600B0F1FF3FFADC02206871CA20F9
:10E9F000A871A87900F0BF00A87100BF00BF00BFD8
:10EA000095F906000028FBD495F8860040F04000F8
:10EA100085F8860000BF00BF95F98600B0F1FF3F82
:10EA2000FADC022085F88000C52085F8860095F87C
:10EA3000860000F0BF0085F8860000BF00BF00BF61
:10EA400095F986000028FBD495F8870040F0400037
:10EA500085F8870000BF00BF95F98700B0F1FF3F40
:10EA6000FADC012085F88100C52085F8870095F83B
:10EA7000870000F0BF0085F8870000BF00BF00BF1F
:10EA800095F987000028FBD495F8890040F04000F4
:10EA900085F8890000BF00BF95F98900B0F1FF3FFC
:10EAA000FADC092085F88300C92085F8890095F8EB
:10EAB000890000F0BF0085F8890000BF00BF00BFDB
:10EAC00095F989000028FBD44FF42540A8F80000F0
:10EAD00002B0BDE8F0874FF47A7000F0C9F84DE558
:10EAE000006CDC0200127A000080000000366E012B
:10EAF0000080000000CA9A3B0046C3235543DE1342
:10EB00002DE9F04F81B04EF2FA3143F20406C4F21F
:10EB100001018246C4F220064AF20350B1F8009087
:10EB200008804FF0010B00254FF4803401270020AE
:10EB300008E000BF00BF00BFF8074FF001004FF032
:10EB4000000716D004FA00F132680A42F4D1EFF35C
:10EB500010888BF3108832680BFA00F01143316093
:10EB6000316805431E20012100F0E6F888F3108883
:10EB7000E2E74EF2750741F2E011C4F20107C2F27A
:10EB80000021387800F00F0051F8200017F8081C19
:10EB900001F00F01022901D801220BE0CA1E052A4B
:10EBA00006D24CF29461C0F2012151F8221003E028
:10EBB0000839102202FA01F1B0FBF1F04DF6836141
:10EBC000C4F21B31A0FB01016FF0010000EA5140CB
:10EBD000012100F0B1F8387840F04000387000BFF3
:10EBE00097F90000B0F1FF3FFADC9AF8010007F84E
:10EBF000080C9AF8000040F0400038709AF80000C5
:10EC0000387000BF00BF00BF97F900000028FBD498
:10EC100000204FF0010A4FF48038012406E000BFC5
:10EC2000E0074FF001004FF0000415D025FA00F185
:10EC3000C907F5D0EFF310878AF3108808FA00F0BF
:10EC4000316821EA0000306030681E20012100F0A8
:10EC500073F887F31088E3E74EF2FA3149F4254060
:10EC6000C4F20101088001B0BDE8F08FD4D4D4D43F
:10EC70007047D4D4D4D4D4D441F2E011C2F20021EC
:10EC800051F820007047D4D4B0B542F22404C82013
:10EC9000C4F2200401210025257100F04DF82570F3
:10ECA000207808B12FF005C0207840F002002070D5
:10ECB00020788007FCD4002004F8020C00BF00BFBD
:10ECC00014F8020C08B12FF005C84FF0030E002015
:10ECD00004F11C0100BF00BF11F8102002F07F02F8
:10ECE00001F8102000BF00BF11F91020002AFBD44A
:10ECF00001300FF00FC8012000F0D2F84EF64C4161
:10ED00000120C4F2010100220A70BDE8B04000F009
:10ED10009BB8D4D4D4D4D4D4014600220020C0F26D
:10ED200006620A607047D4D400BE00BF00BF00BFB7
:10ED3000FEE7D4D4D4D4D4D44DF2044241F200231B
:10ED4000C2F20022C0F27A03484312689A420FD3FB
:10ED500044F23F21C0F20F0111444DF68362C4F228
:10ED60001B32A1FB0212910CA0FB0101C9B11DE0F5
:10ED70004CF60021C3F69A31B1FBF2F148F6381295
:10ED8000C0F24102904205D24FF47A725043B0FB78
:10ED9000F1F006E0B0FBF1F0904207D24FF47A7147
:10EDA0004843002808BF704700F006B84FF0FF3016
:10EDB00000F002B8D4D4D4D401380028FCD1704774
:10EDC000F0B581B04CF220154DF26C37C4F200055D
:10EDD0000024C2F2002755F8200C296801EA000639
:10EDE00005E000BF00BF00BF0134152C0AD026FA91
:10EDF00004F0C007F8D057F824100029F4D02046BA
:10EE00008847F1E745F8106C28683042FCD101B022
:10EE1000F0BDD4D4D4D4D4D480B54FF00D0E4CF280
:10EE200020104CF20031C0F20120C4F2000100BFFA
:10EE300030F8022B002A18BF0A6004310FF009C015
:10EE400080BDD4D4D4D4D4D4EFF31081012282F382
:10EE500010884DF2F832C2F2002232F8103023B19D
:10EE600032F81030013B22F8103032F8102012B185
:10EE700081F3108870474EF2FA324CF2A86CC4F25B
:10EE80000102C0F2012C13883CF8100043F4254322
:10EE900023EA0000108081F310887047D4D4D4D4C2
:10EEA00010B5EFF31081012282F310884DF2F83291
:10EEB000C2F2002232F8103083B94EF2FA3E4CF220
:10EEC000A86CC4F2010EC0F2012CBEF800403CF860
:10EED0001030234343F42543AEF8003032F81030AD
:10EEE000013322F8103081F3108810BDD4D4D4D46B
:10EEF00000F00AF8F3F770FDFEE7D4D4D4D4D4D4EC
:10EF000000BE7047D4D4D4D42DE9F04381B04EF67E
:10EF1000085840F20120CEF20008C0F20E004EF276
:10EF20000004C8F80C00CEF20104BFF34F8FBFF30A
:10EF30006F8F58F8081CC1F3035001285FEA1F9235
:10EF400011F00F0F5FEA0F911142216811D10228D1
:10EF50000FD241F0040020604EF20800BFF34F8F43
:10EF6000CEF20000BFF36F8F016841F48031016081
:10EF700002E021F004002060BFF34F8FBFF36F8FDA
:10EF80004FF4700040F20001C8F880000020C0F289
:10EF90000021C8F800100025F1F77EFFFFF758FAAE
:10EFA0004EF2FA304EF6B022C4F20100C4F2010271
:10EFB0004AF20251018015704FF425410180012071
:10EFC000F1F76AFF40F2E010C2F2002080F30A88F5
:10EFD0002068800724D5D8F80000B0F1007F1FD149
:10EFE00020694FF40071C0F3C300626901FA00F3B5
:10EFF000C2F3C30081400020DA08CB08014607466F
:10F0000042F007C000BF00BFE7E802010FF005C0F3
:10F010004FF0005243F005C0E2E802010FF005C0D6
:10F020004CF26844C0F20124276897B160683E46FC
:10F03000051D05E000BF00BF013E05F10C0508D02D
:10F0400068790028F8D155E90101091A08F0A4F8F7
:10F05000F2E7D4F80890B9F1000F13D0E0684E46FB
:10F0600000F1080504E000BF013E05F1100509D0DC
:10F0700068790028F8D155E902022968121A08F0C7
:10F080002FF9F1E7FFF788F9FFF7FEFD0320FFF7FF
:10F0900007FF4FF00E0E40F63050C4F24000002142
:10F0A00020F8041B0FF005C04EF210150320C4F227
:10F0B0000105FFF7C9FE0320FFF7F2FE44F204004A
:10F0C0000021C4F22000016041608160C160032022
:10F0D000FFF7BAFED5F8C802800714D42878A0B18B
:10F0E0000120FFF7DDFE00BF95F9000010F1410F90
:10F0F000FADC0020287000BF28783F28FCD80120C7
:10F10000FFF7A2FE01E0D5F8C8020220F1F7C4FE25
:10F11000A7B160684FF48076051D05E000BF00BF11
:10F12000013F05F10C0509D06879B6EB002FF7D146
:10F1300055E90101091A08F02FF8F1E7B9F1000FBC
:10F1400016D0E0684FF4807500F1080405E000BFB8
:10F15000B9F1010904F110040AD06079B5EB002F70
:10F16000F6D154E902022168121A08F0B9F8EFE763
:10F170004CF20874C2F20124204608F0B8F9204687
:10F1800008F07CF9BFF34F8FBFF36F8F0020C8F8F2
:10F1900048024DF2F6104DF2F611C0F20120C0F215
:10F1A0000121BFF34F8F081ABFF36F8F8410012C1A
:10F1B0000BDB4DF2F615C0F2012500BF00BF00BF0A
:10F1C00055F8040B8047013CFAD1FFF725FE0020DB
:10F1D00001B0BDE8F04304F00BBDD4D4D4D4D4D4F2
:10F1E00080B5002241F013C84CF2B4624FF0FF31F9
:10F1F000C0F2012200BF00BF10F8013B4B40DBB260
:10F2000052F8233083EA11210FF00BC0CA43104695
:10F2100080BDD4D4D4D4D4D410B5002241F017C0CA
:10F220004CF6B42C4CF6B433C0F2012CC0F20123DE
:10F2300010F8011B514092B2C9B21CF80140595C50
:10F2400081EA122141EA04220FF00FC090B210BDF2
:10F250002DE9F04F8DB08A46DDE916B907460D68F5
:10F26000D1F8088009AC0393019200208BF8990033
:10F2700048F34011CAF80410CDE9070000223846CF
:10F280002946234601F008FC099E0490002E00F157
:10F29000CF8097F85000CDE905550C280AD0386B7F
:10F2A000854207D1386AF96BB0FBF1F2814288BF21
:10F2B0000122049208F01800029000204FF000098B
:10F2C0000025ABF814000CE09A4200F0DF80002526
:10F2D000BBF814000130ABF81400C143090400F07E
:10F2E000AA80B9F1000F0BD00899B7F86820896897
:10F2F00011442039894503D209F120090FE000BFEC
:10F3000081B20023384604AA4FF0000800F0F4F858
:10F310000646002800F191800898D0F8089099F8E6
:10F320000080B8F1E50F3FD0B8F1000F00F0858004
:10F330000B21484604F00CF901078BF89900C6D45C
:10F340000BF11803D9F80000D9F80410D9F80720F8
:10F35000C3F8072059601860D9F80000D9F80410E4
:10F36000D9F80720CDF82B20CDE909010021184656
:10F370002E2306E000BF00BF013100F8012B0B294E
:10F380001EDA625C202A07D1072919DC08210B2923
:10F39000F7DB15E000BF00BF0829EDD100F8013B05
:10F3A000625CE9E700BF00BF00208BF89900DAF843
:10F3B0000400B0F1FF3F3FF78BAF9DB3013587E706
:10F3C000002505709BF899000399C04308427FF41B
:10F3D0007FAF029818280CD10B2248460AF10C0185
:10F3E0000AF0AEF928B9DAF8080040F00600CAF8C9
:10F3F000080001980BF1180110F8012B11F8013BDE
:10F40000A2F141051A2DA3F1410538BF42F02002B7
:10F410001A2D38BF43F02003002A3FF455AF9A421B
:10F42000EAD051E7BBF814000125CAF804004FE701
:10F430004FF0000821E04FF000080899DDF85C90DB
:10F4400019B1384603F050FB00E00020002E56EAC8
:10F450004086002E11D4DAF80400B0F1FF3F03DC3F
:10F46000BBF81400CAF804000298182805D1DAF88D
:10F47000080040F00200CAF80800B9F1000F404649
:10F4800018BFC9F800600DB0BDE8F08F59464A4674
:10F4900000F09AF8BBF81400DBF804800130ABF8F8
:10F4A0001400CAE7D4D4D4D470B582B0054614464B
:10F4B0000020C2E90000106101ABC2E90200002295
:10F4C00028460E4601F0E8FA01992060002910D480
:10F4D00095F85000C4E901660C280AD0286B8642D2
:10F4E00007D1286AEA6BB0FBF2F3824288BF01239E
:10F4F0002360084602B070BD2DE9F04798461646D5
:10F500000F46044600F030F9824600284DD42022F0
:10F510002046394600F07CFF8146B168204600F065
:10F5200023FF054620222046394600F045FF94F887
:10F53000501005440C290CD0206B7168814208D111
:10F54000B4F84C00E16B48434009B7FBF0F000FB16
:10F55000015594F8517020222046494600F03CFFA6
:10F56000316905FB070771B10868B84202D1888983
:10F57000800715D5204603F0B7FA824600284FF0E1
:10F580000000306111D401222046394603F058F9B9
:10F590000146002804BF40F2040AC8F2012A306183
:10F5A000B8F1000F18BF002902D15046BDE8F0871E
:10F5B0008868202200EB4911404607F091FE504632
:10F5C000BDE8F087D4D4D4D4F0B585B00F46154645
:10F5D0003E4610685168D2F8072046F8180F0023FD
:10F5E000C6F80720716028686968D5F80720CDF84B
:10F5F0000B20CDE9010101A92E22304605E000BF14
:10F60000013300F8014B0B2B10DACC5C202C07D116
:10F61000072B0BDC08230B2BF7DB07E000BF00BF39
:10F62000082BEDD100F8012BCC5CE9E7002101703B
:10F63000304607F02EFF0146304604F059F91421F8
:10F64000284603F089FF06461A21284603F084FF66
:10F6500040EA064078601C21284603F081FF3860AC
:10F660000B21284603F074FF87F8990005B0F0BD20
:10F6700010B50C46096921B103F036FA0021216169
:10F6800010BD002010BDD4D42DE9F04FDFB00746E7
:10F6900025A80D4604302C21994616464FF0000847
:10F6A000ADF87A81CDF8748107F076FD3C6B022EBF
:10F6B000CDE924844CD3A819CDF808900DF10F01A1
:10F6C0000DF5BD7210F8010C5DAB5C2812BF2F2840
:10F6D000701E86B22846009604F05AF981460DF154
:10F6E000900B0DF1C40A0DF1940800BF00BF00BFDC
:10F6F0000020ADF8D8001023384641464A46CDE9EF
:10F7000000ABFFF7A5FD259068B1044628460DF132
:10F710000F010DF5BD725DAB009604F039F981461D
:10F72000A0B12FF01BC8B9F1000F0ED0249881B200
:10F730003429014604BF2221C8F20E21B0F1FF3F57
:10F74000C4BF2221C8F20E2124910024DDF80890C4
:10F75000B9F1000F1CBF2498C9F8000020465FB023
:10F76000BDE8F08FD4D4D4D4F0B581B0144634259C
:10F7700020220F460646C8F2012500F005FE21684A
:10F78000421C8A424FF00001009102D905F5402544
:10F7900027E096F850100C290BD0326B616891422B
:10F7A00007D1B6F84C20336A5A43B7EB521F13D92E
:10F7B00017E0E268904210D005D9A168821A6B4622
:10F7C0000546304604E0054661686B4630462A46E9
:10F7D00000F03AFF01462846A160009D002D58BF69
:10F7E000E060284601B0F0BD2DE9F0479846164686
:10F7F0000F460446FFF7B8FF8246002850D4202267
:10F800002046394600F004FE8146B168204600F0EB
:10F81000ABFD054620222046394600F0CDFD94F888
:10F82000501005440C290CD0206B7168814208D11E
:10F83000B4F84C00E16B48434009B7FBF0F000FB23
:10F84000015594F8517020222046494600F0C4FD2D
:10F85000316905FB070771B10868B84202D1888990
:10F86000800716D4204603F03FF9824600284FF067
:10F870000000306114D402222046394602F0E0FF35
:10F880000146002804BF40F2040AC8F2012A306190
:10F8900006D08868202200EB4910414607F020FD81
:10F8A0005046BDE8F087D4D4F0B58DB01746044675
:10F8B0001D460E460020CDE9030005AB0022204680
:10F8C000394601F0E9F80599009000293DD494F8F3
:10F8D0005000CDE901770C280AD0206B874207D170
:10F8E000206AE16BB0FBF1F2814288BF01220092F5
:10F8F0006A4605AB20463146FFF7FEFD0646002866
:10F9000019D49DF8140098B1E52814D005A80B214E
:10F9100003F01EFEC14385F89900090718D19DF830
:10F920001400A98A00F0BF0008440138A88202E050
:10F930003426C8F20326049919B1204603F0D4F8FE
:10F9400000E00020002E56EA408108460DB0F0BDD0
:10F950000007F0D405AA2946FFF736FEA88A013031
:10F96000A882E8E7D4D4D4D42DE9F0418EB015466E
:10F9700004461E4688460020CDE9020006AB002260
:10F98000CDE904002046294601F086F8069F019043
:10F99000002F46D494F85000CDE902550C280AD027
:10F9A000206B854207D1206AE16BB0FBF1F2814206
:10F9B00088BF0122019201AA06AB20464146FFF70B
:10F9C0009BFD00282CD4059941B1204603F08CF80A
:10F9D000074600284FF00000059022D4149919B171
:10F9E00006A8202207F07CFC96F8992006AF0B2190
:10F9F000384603F0B9FDF2881421384603F0B8FD0B
:10FA000072681A21384603F0B3FD32681C2138466B
:10FA100003F0B2FD01AA204641463B46FFF7E4FE53
:10FA20000746059911B1204603F05EF838460EB03E
:10FA3000BDE8F081D4D4D4D42DE9F04F81B0044690
:10FA40004FF4C0600E46A085A06840F01905084636
:10FA5000A56007F01EFD00901FFA80FB00204FF00C
:10FA6000000A4BF00FC831460022DA4600BF00BF43
:10FA700011F8013B2E2B50EA00905AEA128A01320B
:10FA80000FF00BC0BBF10C0F0AD8ABEB0000012844
:10FA900006DCABEB0A00042802DCBAF1090F02D342
:10FAA00025F01000A06004F10C084FF000090025BB
:10FAB00012E000BF00BF00BFA7F16100C0B21A286A
:10FAC00009F1010038BF203F08F809708146B9F1FB
:10FAD0000B0F05F101055CDA775D002F49D0B9F114
:10FAE000000F08BF2E2F0FD0554515D194F82D00CB
:10FAF0008145B8BF84F82D90B9F1070F2EDD55462A
:10FB0000E5E700BF00BF00BFA0684FF0000920F08C
:10FB10000800A060DBE700BFB9F1080F07D1554529
:10FB200005DC16F80A0060B30AF10105775DA7F15C
:10FB30003000C0B20A28BFD307F0DF004138C0B29E
:10FB40001A28B9D34AF2B5201022C0F20120394652
:10FB500007F026FB0028AFD1A068D8E708EB090022
:10FB6000C9F10801202207F012FB4FF008095546A1
:10FB7000ADE7BAF1000F04D1B9F1050FD8BF84F891
:10FB80002D9004EB0900C9F10B010C30202207F085
:10FB9000FEFA94F82D00BAF1000F04D082453CBF64
:10FBA00084F82DA05046834502D2009884F82D0099
:10FBB00001B0BDE8F08FD4D42DE9F04FC5B08B462D
:10FBC0008846054600205BF80C1F3891DBE90032BF
:10FBD0003992DBF80710CDF8E710DBF80410DBF8FA
:10FBE0000720CDF837200CAECDE90C3138A92E22F4
:10FBF0000B90069005E000BF013001F8013B0B2897
:10FC000010DA335C202B07D107280BDC08200B28E7
:10FC1000F7DB07E000BF00BF0828EDD1335C01F837
:10FC2000012BE9E700200870D8F80800C14311F063
:10FC3000180F19D1810700F1378138AA00230BA8CA
:10FC4000CDE9006028464146FFF702FB0B9A0146CA
:10FC5000B2F1FF3F00F33581104692B2342A00F032
:10FC6000308145B0BDE8F08F01213222C8F209226F
:10FC700021EA101941AC4FF02E0A08AF501C039036
:10FC8000CDE904B800BF00BFB9F1000F38D0B9F119
:10FC9000040F09D84BF2C2320C213846C0F20122BF
:10FCA0004B4616E000BF00BF069818B102210DF1C7
:10FCB0001E0003E0686B0690042106A8FFF7ACFA6B
:10FCC0004BF29E120346ADF81E000C213846C0F2DE
:10FCD000012207F024FC384607F0DBFB98F82D10D2
:10FCE00082B2C2F10700884250EAB1804FF07E0133
:10FCF0000BF8001022B158443946013007F0F0FAF1
:10FD0000DBE900013890DBF80720CDF8E7203991D6
:10FD1000DBE90012DBF80700CDF83700CDE90C1263
:10FD2000002138A805E000BF013100F8012B0B29A4
:10FD300012DA725C202A07D107290DDC08210B2971
:10FD4000F7DB09E000BF00BF0829EDD1725C00F8C5
:10FD500001ABE9E700BF00BF00210170D8F80070D7
:10FD6000CDE93F11002228463946234600F094FE93
:10FD700041993C90B1F1FF3F40F39F8095F85000CE
:10FD8000CDE93D770C280AD0286B874207D1286A35
:10FD9000EA6BB0FBF2F3824288BF01233C934FF041
:10FDA000000B4FF000080B9110E000BF00BF00BF38
:10FDB0000027077038A8314607F00AF9002858D004
:10FDC0004FF6FF700BF1010B834551D0BBF1000FD3
:10FDD0000AD04098B5F868108068084420388045FB
:10FDE00002D208F120080BE00023284659463CAA1D
:10FDF000FFF782FB00280B903AD44098D0F8088097
:10FE000098F80000E528DBD090B30B21404603F0C2
:10FE10009FFBC0430007D3D020223046414607F065
:10FE20005FFAD8F80000D8F80410D8F80720CDF809
:10FE30000B21CDE941010021304606E000BF00BFA3
:10FE4000013100F8012B0B29B2DA625C202A07D1BC
:10FE50000729ADDC08210B29F7DBA9E700BF00BFAC
:10FE60000829EDD1625C00F801ABE9E700BF00BFF3
:10FE700001274099DDE904B831B1284602F034FE8B
:10FE800003E000BF00BF00BF0020002F0B907FF4F5
:10FE9000E8AE09F1010908AFB9F5803F7FF4F4AE8F
:10FEA000039845B0BDE8F08F40070CD498F82C00BB
:10FEB00040F0010045B0BDE8F08F002045B0BDE83E
:10FEC000F08F0029F2D03220C8F2092045B0BDE8F9
:10FED000F08FD4D4D4D4D4D4F0B583B00446006B1E
:10FEE0000D4681424FF00000029003D194F850007B
:10FEF0000C2846D1A06B80B902A9204600F0B0FEC4
:10FF00000146029838220028C8F20B22A16358BF8C
:10FF100002F10E0045D4002943D02046F3F7C0F883
:10FF200002AA2046294600F0FBFB029900292DD4A5
:10FF3000064602A90122204600F0DAFC0299054695
:10FF4000002924D46F460020009002208DF8040080
:10FF5000204631462A463B4600F00EFC02902046E1
:10FF6000394600F071FA029900294FF0010158BF9B
:10FF70000290204603F0BCFA0299002958BF029073
:10FF800005E03820C8F20B2003B0F0BD0025204664
:10FF9000F3F7B6F80298002803D42046294600F06B
:10FFA00003FB03B0F0BDD4D42DE9F04F8FB002F1C4
:10FFB00018048346204691460E46D1F800A007F06B
:10FFC00068FA0C2111FA80F043F61431C1F2B13114
:10FFD000A0FB01085846F2F7FBFF307AC00703D1B7
:10FFE00030462146FFF728FD58463146FFF7E4FD2D
:10FFF00006F10C0101AAB8C9B8C2074691E8390058
:020000040201F7
:1000000039C2002F4FF0000400F1F08058EA048557
:10001000D6F800800EAB002258464146CDE90C448C
:1000200000F03AFD0E9F0990002F5DD49BF8500020
:10003000CDE90A880C280DD0DBF83000804509D1C5
:10004000DBF82000DBF83C10B0FBF1F2814288BF06
:10005000012209924FF6FE71706833268842C8F279
:10006000072664DCCDF800A020EAE07600214FF6F8
:10007000FF744FF0000A00BFBAF1000F0CD0BBF8BC
:1000800068008A6810442038824505D20AF1200AA7
:100090001EE000BF00BF00BF00235846314609AA3A
:1000A000FFF72AFA074680B2342839D0002F17D438
:1000B0000D99BAF1000FD1F808A009D1BBF868007A
:1000C000B2B24009B2FBF0F303FB10200AEB401A76
:1000D0009AF80000E5280AD080B10136A642CBD1BB
:1000E0003326C8F2072620E03C46A8467EE0584664
:1000F00002F0FAFC074600200D9016E00998DBF8A4
:100100003C10BBF84C204843DDF800A05043B6EB50
:10011000501F0CD358464146FFF7DEFE074606E067
:1001200058464146FFF7D8FE0746DDF800A00D9976
:10013000A84619B1584602F0D7FC00E00020002F75
:1001400057EA4080002850EA4684002C46D499F8AB
:10015000992001AE0B21304603F006FAB9F80620CB
:100160001421304603F004FAB9F804201A2130466D
:1001700003F0FEF9D9F800201C21304603F0FCF909
:100180000020CDE90C000EAB00225846514600F08D
:1001900083FC0E9F0990002F26D49BF85000CDE9D8
:1001A0000AAA0C280DD0DBF83000824509D1DBF813
:1001B0002000DBF83C10B0FBF1F2814288BF012245
:1001C0000992A1B209AA01AB5846FFF70DFB0D99A0
:1001D000064629B1584602F087FC02E0274605E0B2
:1001E0000020002E56EA40874FF000085846F2F7EC
:1001F00007FFB9F1000F05D0002F5CBF08EB04002A
:10020000A9F8140038460FB0BDE8F08FD4D4D4D488
:100210002DE9F043ADB001AD8946044600200090C1
:10022000B02128469846174606F0B6FF05F118009B
:100230008022394609F007FB9DF81C20E52A5FEA79
:100240000F91AAB14CF6B4450A27C0F2012500BFB0
:1002500047F001E02B4600BF13F8016B961B51EAF3
:1002600016810FF007C810F8012F0AB12FF011C046
:10027000349DC1B16946204600F0EEFB0099029022
:10028000002930D401AA20464946FFF78DFE0028F8
:1002900000900CD4B8F1000F16D001A9B02240464E
:1002A00007F01EF810E02221C8F20F211BE02046C3
:1002B000F2F7F6FE029900222046002600F044FCE8
:1002C00020460296F2F71CFF204602F0E1F9009961
:1002D000B1F1FF3F07DDB0F1FF3F286004DD029878
:1002E0002DB0BDE8F083296000202DB0BDE8F0837B
:1002F0002DE9F04389B089B30C469046814601AFA1
:100300000AE000BF00BF00BF200428D00B21384600
:1003100003F01EF90F2822D1013C4846A6B24246FE
:1003200031463B46FFF7E8F80546002817D40B2175
:10033000384603F00DF90F28E6D10021E5223846B2
:1003400003F012F94846314642463B46FFF74CFA65
:100350002104054603D0002DD8D500E0002528460D
:1003600009B0BDE8F083D4D438B1022907D30239EB
:10037000C26B406A02FB0100704700207047806A30
:100380007047D4D4D4D4D4D4B0F84C30C06B5843D4
:10039000B0FBF2F0B1FBF0F07047D4D4D4D4D4D495
:1003A000B0F84C30C06B5843B0FBF2F0B1FBF0F347
:1003B00003FB101050437047B0F84CC0C06B00FBFB
:1003C0000CF0B0FBF2F0B1FBF0F303FB1010BCFB40
:1003D000F2F1B0FBF1F0704780B5B0F84CC0C36BE0
:1003E000B0F8680003FB0CF3B0FBF2F0B3FBF2FED5
:1003F000B1FBFEF303FB1E11BCFBF2F3B1FBF3FCFC
:100400000CFB1311B1FBF0F080BDD4D4D4D4D4D400
:1004100080B5B0F84CC0C36BB0F8680003FB0CF3B8
:10042000B0FBF2F0B3FBF2FEB1FBFEF303FB1E11D7
:10043000BCFBF2F3B1FBF3FC0CFB1311B1FBF0F2CC
:1004400002FB101080BDD4D40A46096819B10023FC
:10045000136002F049BB00207047D4D4D4D4D4D464
:100460002DE9F04F83B09B4617460C46064613B164
:100470009BF8045000E0012540F2000801213046BD
:10048000C8F20148F2F7F0FDF06A844208D296F80B
:10049000500002970B2807D00C2807D1A10007E0D5
:1004A00008F11609002077E0610001E004EB540137
:1004B000B6F84C200195B6F868A0BBF1000F92B2D7
:1004C0001FFA8AF7B1FBF2F303FB121532691A44E3
:1004D00096F85130A9B2B1FBF7F802FB038119D0AD
:1004E000DBF800404FF00009B4B12268CBF800906F
:1004F0008A4205D1019A920716D5A289920713D490
:1005000030460F46214602F0EFFA39468146002870
:1005100002D51EE04FF000093046019A02F090F932
:1005200098B1044696F8500008FB1A510B2889B27E
:1005300019D00C28029F20D1A06803F011F820F0F8
:100540007040BBF1000F15D11BE040F20409C8F266
:10055000000900211FFA89F0C8F20141029F40EA18
:100560000109002018E0A06802F0F6FF029FBBF12D
:10057000000F06D0CBF800400EE00020BBF1000FCA
:10058000F8D105463046214602F0AEFA81462846AB
:10059000B9F1000F48BF0020002F18BFC7F8009026
:1005A00003B0BDE8F08FD4D42DE9F04381B0044608
:1005B00038B1022907D3881EE16B626A01FB002073
:1005C00002E0002000E0A06AE16B4FF00009012981
:1005D00032DB94F8511040F20408C8F202480025BA
:1005E00000FB01F6002700BF5DB9422220463146DC
:1005F00002F026F920B3B4F868100746806806F0C8
:10060000CBFD7119BB6801222046CDF8009002F0A5
:10061000CBF8B0F1FF3F03DDE16B01358D42E3DB49
:10062000B9890546204621F48071B981394602F026
:100630005BFA002D55EA4089484601B0BDE8F083D9
:10064000C146F9E7D4D4D4D42DE9F04F85B00C4697
:100650000121019317460546002604964FF0010834
:10066000F2F7EEFC814602968DF80C8088B3AFB3AA
:100670000DF1100A0DF1080B40F6F77800BF00BF2E
:100680002846214652465B46FFF7EAFE049E002EAE
:1006900040D495F850100B290ED00C2910D14FF6EC
:1006A000F872C143C0F6FF7211425FEA1F9158B958
:1006B00015E000BF00BF00BF4FF6F771884200E0B1
:1006C00040455FEA9F9150B149B9013F0446D7D1F7
:1006D00006E02846F2F7E4FC002FC9D100262046A8
:1006E000B9F1000F04D104462846F2F709FD20466F
:1006F000029931B10446284602F0F6F90146204637
:1007000000E00021019A002E56EA4181116005B0F7
:10071000BDE8F08F0020B9F1000FE9D1E3E7D4D4B0
:1007200010B582B090F8503014460B2B0AD00C2B29
:100730000BD14FF6F873CA43C0F6FF731A425FEA53
:100740001F9307E04FF6F77201E040F6F77291420F
:100750005FEA9F934FF0000239B133B901AB4FF01C
:10076000FF32FFF771FF0146019A2260084602B08E
:1007700010BDD4D4D4D4D4D42DE9F04F85B00E46D6
:1007800040F2160B0121984692460546C8F2034BEB
:10079000F2F76AFC002E00F0A080E86A864280F042
:1007A0009C8095F850C0BCF10B0F04D0BCF10C0F2D
:1007B00003D1B10003E0710001E006EB5601B5F88A
:1007C0004C20B5F8687092B2BCB2B1FBF2F303FBF7
:1007D000121E2A691A4495F851301FFA8EF1B1FBA6
:1007E000F4F402FB0341F2074FF00F06029208BF38
:1007F0004FF47046B8F1000FCDF810E018D0D8F8DB
:1008000000900020B9F1000F13D0D9F80020C8F8EB
:1008100000008A4203D1B9F80C20920761D428461F
:100820000391494602F060F90399002801D52CE0B4
:100830000020CDF80CA0A2460446022228460196CC
:1008400001F0FEFFF0B195F850C08146DDF810E0F0
:100850000AFB17E1BCF10B0F89B21BD0BCF10C0FE6
:10086000039E1CD126F07042D9F8080002F084FEE5
:10087000B8F1000F2BD12846494605B0BDE8F04F2E
:1008800002F032B90420C8F200001BFA80F0A0F197
:10089000160B22E0039AD9F8080092B212E0D9F8B8
:1008A00008000F4602F058FE31016FF31F36029A1E
:1008B000002A18BF8EB201990140D9F8080041EA18
:1008C0000602394602F054FEB8F1000FD3D0A34619
:1008D000C8F80090022088F80400584605B0BDE82A
:1008E000F08FCDF80CA00196A2460024B0E7D4D436
:1008F0002DE9F04F87B090F85040804602200192D9
:1009000003910C2C08BF04200690D8F82C0004900A
:10091000012140460126F2F793FB029010B94046B0
:10092000F2F7BEFB0C2C56EA1690D8F83470B8F8E3
:100930004C2007FA00FAD8F81410BAFBF2F58D42F1
:100940004DD2B8F86810012421FA00FB00BF00BFA7
:10095000D8F8100001224119404601F071FF00282B
:1009600067D00595049D0646AF422AD2B7FBFBF03F
:1009700000FB1B7900BF00BFB8F84C0098F850206E
:100980000C2ABAFBF0F101FB10A1B06808D102F00B
:10099000E7FD20F070443CB912E000BF00BF00BF8B
:1009A00002F0DAFD04465CB1069809F101098244BF
:1009B0000137D94538BFAF42DED302E000BF00BFE8
:1009C00000244046314602F08FF8002836D4ACB3FC
:1009D000D8F81410059D01358D42B9D300E00020F0
:1009E0008D42029C07D104200027C8F20440039ED8
:1009F0001230CCB913E00199039E002918BF002FD3
:100A00000CD0781CC8F834004FF0FF320023404669
:100A10003946FFF7B1FE002848BF002724B9044635
:100A20004046F2F76DFB20463060384607B0BDE81F
:100A3000F08F04200027C8F2044006E00028059D3E
:100A400002D4D8F81410CBE70027DDE90246002CC9
:100A5000EAD1E4E7D4D4D4D470B582B005460020FE
:100A6000019028460C46F2F71BFB01A901222846FB
:100A7000FFF73EFF06462846F2F742FB26B101216A
:100A8000284602F035FD00E001982060304602B0B3
:100A900070BDD4D4D4D4D4D42DE9F04F85B006465B
:100AA0004FF6F87B01208DF810003046CDE9002389
:100AB0000C46C0F6FF7B0025CDE90255F2F7F0FAAF
:100AC0004FF6F7780DF1080A03AF40F6F77900BF4B
:100AD00096F850000B280BD00C280DD1E04310EAFB
:100AE0000B0F5FEA1F905CB918E000BF00BF00BFAA
:100AF000444502E000BF00BF4C455FEA9F906CB1E7
:100B000060B93046214652463B46FFF7A9FC0299A0
:100B10000446002901D40135DAE7002500980028B1
:100B200018BF0460039921B1304601F0DDFF04468F
:100B300000E000243046F2F7E3FA0198046028460A
:100B400005B0BDE8F08FD4D42DE9F04F85B08946CB
:100B500001210192054600240494F2F771FA0090F5
:100B600010B92846F2F79CFAA34602AF4E46C84693
:100B7000029402208DF80C002846414604AA3B4608
:100B8000FFF76EFC049C002C49D48246019858B1B2
:100B9000C84509D14FF0FF32284649463B46FFF78A
:100BA000EBFD044609E000BF0022284641463B46D3
:100BB000FFF7E2FD04460BF1010B002C04942ED448
:100BC00095F85000464556EA38860B2810D00C2878
:100BD00012D14FF6F8716FEA0A00C0F6FF710842B1
:100BE0005FEA1F90BAF1000F0ED111E000BF00BF05
:100BF0004FF6F77002E000BF40F6F77082455FEAFB
:100C00009F90BAF1000F03D0D04608B92FF04DC025
:100C1000686B4FF00108B04288BF6E6301E04FF08F
:100C200000080299009E19B1284601F05DFF00E01E
:100C30000020B8F1000F50EA148416B92846F2F7E4
:100C40005FFABBF1000F06D02846594602F018FCA7
:100C5000002C54EA4084204605B0BDE8F08FD4D47F
:100C60002DE9F04F85B00C4601218246F2F7E8F9F4
:100C7000054610B95046F2F713FABAF84C00CDE920
:100C80000154002863D09AF85000DAF814100C28A8
:100C90004FF0010050EA1090002958D0BAF86810BF
:100CA0004FF0000800274FF0000921FA00FBCDF8B3
:100CB0000CB000BF00BF00BFDAF81000012200EB4B
:100CC0000901504601F0BCFD002852D00446BBF19A
:100CD000000F28D00026002508EB0B00049000BF71
:100CE0009AF850000C28A06806D1314602F038FC72
:100CF00020F0704003E000BF294602F02DFCDAF836
:100D00002C10002857EA179788450AD808F10108DF
:100D1000BBF1010B05F1020506F10406E0D1DDF897
:100D20001080DDF80CB05046214601F0DDFE0028B1
:100D30000FD4DAF82C1088450BD8DAF814208F423B
:100D400009F1010957EA31879145B5D301E0002740
:100D50000020019921B904465046F2F7D1F9204606
:100D6000002848BF002702990860384605B0BDE852
:100D7000F08F0420C8F20540EBE7D4D4D4D4D4D407
:100D800000210378A3F12B024C2A00F23C80DFE81B
:100D900002F0363B3B3B3B3B3B3B3B3B3B3B3B3B2C
:100DA0003B3B3B3B3B3B3B3B2B3B3B333B3B3B3BAB
:100DB0003B3B3B3B3B3B3B3B3B2F3B3B3B3B273BA3
:100DC0003B3B3B3B3B3B3B3B2B3B3B3B3B3B3B3B83
:100DD0003B3B3B3B3B3B3B3B3B2F3B3B3B3B2700BE
:100DE00041F01A010130CCE741F00E010130C8E7B3
:100DF00041F001010130C4E761F07F0104E041F0FE
:100E000003010130BDE70BB10130BAE7C8B270474A
:100E10002DE9F04FDDB00C46834624A830219946D9
:100E2000924606F0B9F95FEA0A7701D520202690AC
:100E3000BBF1000F5DD020460025309506F029FB60
:100E4000029748B10646204410F801192F2918BF0F
:100E50005C2902D0013EF7D10026A0190DF10F0741
:100E6000411C8022384608F0EEFC24A83946012EA9
:100E70008DF88F5098BF0126FEF7DEFD0DF1C008FA
:100E8000B2B2584621464346FEF7FEFB00282490A6
:100E900030980BD0002809D4302002F0ADFE002895
:100EA00045D03021054606F077F93098002800F14A
:100EB000B98024A90DF10F020023584685F828A017
:100EC00031AECDE90068FEF7C3F9B8B1309800281B
:100ED00000F1A9804FFA8AF19DF85D0102240029F2
:100EE000C8F2023429D4102827D104F11E00309012
:100EF00099E00220C8F20230309097E00DF10F0027
:100F000006F0C7FA18360446304606F0C2FA8442A4
:100F100054D13198002851D10DF10F0031462246AD
:100F200002F00AFD012849D100203090D2E70220CA
:100F3000C8F202300130309078E01AF0060F18BF86
:100F400010F0010057D1DDE93112C5E90112BDF8F9
:100F5000D8100020E861E86201396985696AC5E94D
:100F60000402E860A86121F002006862DBF8580022
:100F7000C5F800B0249A2A62F1F7E2FFDBF85C20A2
:100F8000002A3CD0A86801E0CA6A92B31146926870
:100F90008242F9D12A6A0B6A9342F5D16A8D4B8D50
:100FA0009342F1D191F8282095F828301A4312F095
:100FB000060FE9D004F11C00309022E002980028CE
:100FC00005D40220C8F202301D3030902BE024A955
:100FD0000DF10F0231AB5846CDF80080FFF718F93C
:100FE000309800281FD4BDF8D8000130ADF8D800E3
:100FF00070E7CD6205E004F11F00309013E0CBF8FC
:101000005C50DBF85800F1F7B3FF5FEACA60309834
:1010100005D5002803D400206860E86107E0B0F13E
:10102000FF3F04DC15B1284602F01AFF0025B9F194
:10103000000F1CBF3098C9F8000028465DB0BDE81D
:10104000F08FD4D4D4D4D4D4B0B5AEB00225C8F285
:101050001435A0B104460068002867D0806DF1F710
:101060006FFF2068C16D29B1A1420BD0C96A09B1D7
:101070002FF007C0806DF1F77BFF283556E005F5AE
:10108000803553E0806DF1F773FF94F824008007FA
:101090002AD494F8280010F00E0F25D0D4E90001CE
:1010A000B0F84C20C36B5A43B1FBF2F303FB1211AF
:1010B00000293ED0618D226A02ABFEF7F5FB0546A2
:1010C000002812D4606810B1029988420DD008B986
:1010D00000210391618D02902068226A02AB0025F5
:1010E0000095FEF741FC2FE000252068806DF1F7A8
:1010F00027FF2068C26DA2420AD000BF00BF00BF18
:1011000042B11146D26AA242FAD1E26ACA6201E051
:10111000E16AC165806DF1F72BFF002D03D42068D3
:1011200001F0B6FA0546204602F09AFE28462EB097
:10113000B0BDA1680029BDD00121204600F064FEA9
:10114000002801D42068B5E70546CEE7D4D4D4D42E
:10115000F0B58FB0044600200E900EAB0222204660
:10116000FFF756FEB0B1054680680028696A41F075
:101170000200686210D02046F1F792FFA9680022B1
:101180002046FFF7E1FC06462046F1F7B9FF002EA6
:1011900005D556E00E9E54E00E9E002E51D4002040
:1011A0000590CDE90300CDE901002046F1F710FFDD
:1011B000296A01AA2046FEF777F900282DD4698D07
:1011C00001AA2046FFF794F8002826D4698D01AAC9
:1011D00006AB2046FEF790F9B0F1FF3F1DDD06AEED
:1011E000E5208DF8180014210022304602F0C0F9E5
:1011F0001A210022304602F0BBF9698D01AF20466A
:101200003A463346FEF7F0FA064620463946FEF7E0
:101210002FFA002E56EA408604E0064601A9204631
:10122000FEF726FA2046F1F7EBFE2846FFF70CFF03
:101230000546204601F02CFA002E02D4002D55EA76
:10124000408630460FB0F0BD2DE9F04F8DB0054619
:10125000002840F20400C8F20C301CD08B462968EC
:10126000E9B1886D14461F46F1F76AFE2868C16D22
:1012700041B104FB0BF900BFA94218D0C96A09B1FA
:101280002FF007C0806DF1F773FE2A20C8F21430EA
:101290000DB0BDE8F08F02380DB0BDE8F08F4FF60D
:1012A000FE71C0F2070108440DB0BDE8F08F806DFB
:1012B000F1F75EFE95F82800C00706D10420C8F2B9
:1012C0000C3020300DB0BDE8F08FE86969688142CC
:1012D00040F2B58100EB09028A4288BFA1EB000908
:1012E00009A928462E6800F0B7F98046E96901226D
:1012F0003046FFF78DF8B6F868A0B4460646484475
:10130000504526D9E6B3286801224146644601F0DB
:1013100097FA002800F0BE80C8468168AAEB06094B
:101320003144064638464A4605F0DAFF2868314619
:1013300001F0DAFBE96900284944E961099000F10C
:101340007B81B4F868A0A446A8EB090E07EB09025C
:101350001CE028680122414601F072FA002800F0E2
:10136000938081684A4631440646384605F0B8FF06
:101370002868314601F0B8FBE9694944E9615BE15D
:101380004846E9694FF0000986463A46DCF83C00D9
:1013900000FB0AF69CF851007043B1FBF0F303FB2D
:1013A000101797B307EB0E00B0422ED309A92846B9
:1013B0000496CDF820E06646904600F04DF9099A73
:1013C000002A00F133810146B6F86800F26B43460B
:1013D000B7FBF0F0171A0020009030463A4601F0B3
:1013E00037FB0028099000F12781B6F868A0DDF8E6
:1013F00020E0E869B44607FB1AEE049E07FB0A8268
:1014000007FB0A9907FB0A01E961B64548D2D645B0
:10141000CDF82090C0F0E08009ACB1FBFAF0DCF828
:101420003C101746BEFBFAF3B0FBF1F2F046E14682
:101430004A43101A08442146834253EA308628461C
:1014400000F00AF90999002900F1C4800146002042
:101450000090484632463B4601F0FAFA00280990CF
:1014600000F1B880B9F868A0E869CC4606FB1A8E8E
:1014700006FB0A01089806FB0A72D64506FB0A001D
:10148000E9610890C9D2A7E004204FF00009C8F232
:101490000C30D1E00420C8F20C300DB0BDE8F08F64
:1014A00009A92846CDF820E0CDF80CC0059200F03F
:1014B000D3F80998002800F1BF8008980496D5F861
:1014C00000800AACB0FBF6F6059F00210A91029657
:1014D000B6F1010A1DD001208DF830004046CDE95B
:1014E00006766E6900270B970A97F1F7D9FD4046FB
:1014F000314622460BABFEF7B3FF0A9900290CD404
:10150000711C88420AD101370646BA45EFD15746C9
:1015100004E04FF0010A4C4612E000274046F1F784
:10152000EFFD40460BA9FEF78FFF00280A9000F15F
:1015300083804C46D5F8008007F1010ADDE9067684
:10154000D8F83C00696900FB0AF94046FEF70CFF39
:101550002A683B4692F85110414300200090104603
:101560004A4601F075FA00280A9064D42868F1F719
:1015700097FD2868696952460AABFFF765F868610C
:101580002868F1F7BDFD0A98002854D4D5F80080EA
:101590002A69B6EB0A06DDF820E0B8F8681009FB06
:1015A000017702EB0A01059AA1460AAC29618FD1A5
:1015B000DDF80CC0049B029FE96907FB0311BCF82E
:1015C00068A007FB13EE099007FB0322E96107FB04
:1015D00003991CE73A46C646BEF1000F28D009A978
:1015E00028467446164600F037F8099ADDF8209030
:1015F000002A1BD401462868012201F021F9074680
:10160000002840F20400C8F20C3020D0B9683046FF
:10161000224605F065FE2868394601F065FAE96959
:1016200000282144E96158BFA14405E0104603E0C9
:10163000DDE9089000E0A14681B22C2903D1002009
:101640000DB0BDE8F08F002801D4B9FBFBF00DB060
:10165000BDE8F08FD4D4D4D4F0B581B006680C4680
:101660000546C16901223046FEF78EFE296907460C
:1016700088424FF00000009008D93046F1F710FD85
:10168000D5E904016B463A1A304607E00CD23046E1
:10169000F1F706FDA9686B4630463A46FEF7D4FFDF
:1016A00068613046F1F72CFD0099002917D42868AD
:1016B00069692F61FEF758FE06462868E96901222C
:1016C000FEF77AFE2B680644E969012293F851700F
:1016D0001846FEF781FE06FB0700009900E0002097
:1016E000216001B0F0BDD4D42DE9F04F8DB0D0B160
:1016F000064600680225C8F21435B8B1806D0C4664
:1017000017469B46F1F71CFC3068C16D31B1674349
:10171000B1420FD0C96A09B12FF007C0806DF1F74F
:1017200027FC283502E00225C8F20C3528460DB00A
:10173000BDE8F08F0425806DC8F21035F1F718FC74
:1017400096F82800810701D41F35EFE740070AD536
:101750007068F169814206D200210222304600F011
:10176000DBF900284FD4F069089738443768411CEA
:10177000304600F021FA002845D4F16901223846AC
:10178000FEF746FE804609A93046FFF765FFDDF803
:1017900024A0BAF1000F00F1A581B7F86890069770
:1017A000089F014608EB070048452ED9B8F1000F05
:1017B0005AD03068022201F043F80028B6D0816880
:1017C000A9EB080741440546084659463A4605F044
:1017D00087FD3068294601F087F98246002800F12C
:1017E00081817068F169394405978142F16188BF50
:1017F0007160069D089F0598CDF824A0B5F8689003
:101800003F1A834434E0054690E7B8F1000F04D155
:101810007068F269824280F001810222306801F032
:101820000FF8C0B18168054641443A46084659461A
:1018300005F056FD3068294601F056F905460028A6
:1018400009D47168F0693844F061884205D9706044
:10185000002D05D56AE700200890002D3FF566AF02
:101860000898B0FBF4F561E7F16900200590069D4A
:10187000E86B012200FB09F92846FEF791FDB0B3A1
:1018800080463844484532D309A93046CDF80C90FB
:10189000FFF7E2FE099D002D3FF548AF069D01468A
:1018A0005B46B5F86800EA6BB8FBF0F0A2EB000805
:1018B000002000902846424600F076FF824600282D
:1018C000099000F10F81B5F868107268F069059B06
:1018D00008FB010008FB0133F06108FB1177059359
:1018E00008FB01BB904288BF7060DDF80C904F454B
:1018F00008D25846B5F868103B468F4280F0908079
:101900001F46CDE009A93046CDF80C900897FFF7A7
:10191000A3FE099D002D3FF509AF089F03984FF0E6
:1019200000094FF0000AB7FBF0F35846CDF82890B5
:10193000CDF81CB00293012B049324D0002B00F0AF
:10194000D380D6F8008001208DF8300040467769BA
:10195000A3F1010900250B950A95F1F7A1FB0DF103
:10196000280A4046394652460BABFEF779FD0A99E4
:1019700000290AD4791C884208D101350746A945B7
:10198000EFD14D4602E000250EE000254046F1F77C
:10199000B7FB40460BA9FEF757FD0028089F4FF004
:1019A00000090A9000F19D80306805F10108C16BC3
:1019B00001FB08F57169FEF7D7FC3268079B92F8C6
:1019C0005110CDF80090414310462A4600F0ECFE3D
:1019D00000280A9000F185803068F1F761FB3068DB
:1019E000716942460AABFEF72FFE70613068F1F76D
:1019F00087FBDDF828A0BAF1000F73D43068049B90
:101A00003169079AB0F86800A3EB080305FB0022D0
:101A100001EB08000792306158468CE74222FDE650
:101A2000F2691F46DDF818908346B846B2FBF1F024
:101A3000D9F83C20B7FBF1F1B0FBF2F35343181A8D
:101A40001044814251EA3085304609A9FFF704FE6F
:101A5000DDF824A0BAF1000F20D401460020009048
:101A600048462A465B4600F09FFE824600280990C1
:101A700014D4B9F868107068F26905FB012205FBFF
:101A80001187F261824205FB01B088BF7260059B3D
:101A900005FB01338F420593C6D201E05846474605
:101AA000E7B10DF12408B946074630464146FFF735
:101AB000D3FD099D002D3FF539AE01460022304689
:101AC0004B46CDE9007800F06FF9059809EB000569
:101AD0000895099D002D7FF5C3AE27E6554605986C
:101AE000BAE68246554621E6DDE90225CDF824A076
:101AF000D6F804C0F16902FB0511059B02FB053312
:101B0000F16102FB1577059302FB0500614588BF73
:101B10007160069DEEE6D4D4F0B581B0044600288D
:101B200040F20200C8F214303BD02368CBB3074622
:101B3000986D16460D46F1F703FA2068C16D29B17C
:101B4000A1420AD0C96A09B12FF007C0806DF1F730
:101B50000FFA07F1280001B0F0BD806DF1F708FA27
:101B6000206800F095FD00281BD401462D20C8F206
:101B7000123066B1012E05D0022E12D1002D03DDE8
:101B800000250AE01C2200E00422A25815446268E5
:101B9000954202D9013001B0F0BDE06985420846A6
:101BA00001D101B0F0BD69462046E561FFF754FD63
:101BB0005DF8040BF0BDD4D42DE9F04FB1B0D0F8EE
:101BC00000A0044690F8280040F2230BC8F20A3B1C
:101BD000BAF84C50DAF83C7080075A464FF00000D3
:101BE000049040F1DA80606810B9A06800285CD0E9
:101BF0000022E66886B9D4F808C004F1180204ABE4
:101C000050460E466146FEF747FF049A3146002AC9
:101C10000646E06000F1C18007FB051007FB05F1F7
:101C20000138B0FBF1F7B74240F2B7805046656922
:101C3000F1F736FA04AA50462946FEF771FD0499D9
:101C4000002930D4A7EB06080546B8F1010F58DB90
:101C50000DF1080900262F460122504604A9FEF77F
:101C600047FE04990546002901D4002D4ED00029D5
:101C70004FD40020029002208DF80C0050463946C7
:101C80002A464B46FEF778FD0028049041D4504682
:101C90004946FEF7D9FB002804903AD401362F4676
:101CA0004645D9DB2EE0002636E004AA50460E4613
:101CB0001146FEF7D1FE049A6061002A6DD4618D51
:101CC000226A05AB5046FDF7EFFD002804901BD4B7
:101CD000618D6069226A069005AB50464FF000089E
:101CE000CDF80080FDF740FE02460028049054D451
:101CF00004F1080360690121A06183E80301314612
:101D000077E70026A56104E0024646E00BF12300D8
:101D10000490E0683044E0605046F1F7F1F9504635
:101D2000314601F0E5FB0499002958BF0490D4E93D
:101D300003010138814204D1D4E90510814218BF62
:101D40006061504600F0A4FC049A002A5CBF049035
:101D500002466068E16981421FD1606A43071CD472
:101D600040F0040060620020019001225046FEF71E
:101D70000BFB05465046F1F793F9A16801AB5046BD
:101D80002A46FEF761FCC4E904505046F1F7B8F961
:101D900004980199002850EA4182104631B0BDE80C
:101DA000F08FD4D4D4D4D4D4F0B581B016461D4627
:101DB00004461AB96068E269824221D20222206890
:101DC000079F00F03DFDA8B182680699324406469F
:101DD00010462A4605F084FA2068314600F084FE59
:101DE00000280AD46268E1692944E161914288BF10
:101DF000616002E00420C8F21030386001B0F0BD2C
:101E00004222DCE7D4D4D4D42DE9F043AFB0D0F8EB
:101E1000009080460E468168B9F84C702EAB0022C7
:101E20004846D9F83C50FEF737FED8F804402E99C2
:101E3000002E08BF05FB0744002949D405FB07F61F
:101E4000B4FBF6F5A84243D94846F1F729F9A64272
:101E5000D8F808102AD900224846FEF775FE2E90C1
:101E60004846F1F74DF92E99002931D4B8F82A10D7
:101E7000D8F8202002AB4846FDF716FD00282E902A
:101E80002AD4B8F82A10D8F8202002AB48460026F9
:101E900003960096FDF768FD0146002818D4C8E9AE
:101EA0000266C8F81060C8F8186011E06A1E2EAB10
:101EB0004846FEF7C9FB2E99002905D401460122A8
:101EC0004846FEF741FE2E904846F1F719F92E9943
:101ED00008462FB0BDE8F0830146F9E7D4D4D4D446
:101EE00080B582B04AF6583CC0F2012CCDF800C053
:101EF00000F002F802B080BD2DE9F04FA9B005ADA9
:101F00000F46044640F20308802128469A4691462F
:101F1000C8F2006805F040F90120069006200790FD
:101F200002200890A06805F14801259000F000FE0D
:101F30001798874211DA07EB4700B9F1000F05EB5C
:101F4000800151F84C0F249149681591059007D0F4
:101F500040F2A022CFF6C07206E008F10D08B0E210
:101F60004FF6E072CFF6FE7202F120030A449A4265
:101F700004D20022202302270C2503E02022012383
:101F800000270B250B97259F8DF83050CDE909329E
:101F9000B961F86007F0ADFB054607F0AAFB9DF8B4
:101FA0003040259ADDE9091340EA05400491029387
:101FB00019440392B2F868200C2C4FF0010353EA45
:101FC00013974FF020050D900898139108BF4025F6
:101FD000FA40BAF1000F55EA0387DDF854B04FF626
:101FE000EF7EABEB0101C0F6FE7E4FF20A090F92C5
:101FF000109700BF00BF00BF07FB0203C5194D1BB0
:102000001D44B5FBF3F303FB101503FB02F6B5FB10
:10201000F7F5B54255EA368C0C2C09D00B2C0BD1B8
:10202000ACF6F6754D4507D213E000BF00BF00BF08
:10203000ACF5803575450CD3BAF1000F04D0202FD4
:1020400034D07F001097D7E7012F31D07F08109749
:10205000D2E70CFB07F00C2C11900E93CDF848C082
:102060002FD10020B0EB1B5F2BD024990968B0EB77
:10207000513FDDE9045026D1C0F50055029C2E19D0
:10208000099506EB4301139611F07F0207D0A91AB8
:102090005A0001F180050995291913911144ABEB00
:1020A0000101B1FBF7F2CDE911120CE0202000E0B4
:1020B00001200CFB00F00E93CDE9110C08F109088A
:1020C000FFE1DDE9045000EB43010398294414913A
:1020D000B0F8680001F090FD0028169000F0F18142
:1020E000064626A80B22329907F0ADFB2598B0F8DA
:1020F000681000208DF8A300304605F04DF81698C2
:1021000045F25241C5F24F31EB22C0F8071046F2BA
:102110007251C5F26521C4F2906241600260259857
:102120000B21B0F86820169801F022FA099A169847
:102130000E2101F01DFA16981021022201F014FA66
:102140004FF6F0720A99C0F2FF72169802EA011275
:10215000112101F00DFA16981521F82201F004FA68
:10216000169818213F2201F003FA16981A21FF222F
:1021700001F0FEF9059A16981C2101F0FDF9109A5C
:1021800016980D2101F0F0F916981321002201F0A4
:10219000EFF9DDE91520202101F0EEF99DF830007E
:1021A0000C28169840D142F2320544F246160E9A97
:1021B0002421C2F22005C3F2543601F0DDF916984D
:1021C0002821002201F0D4F916982A21002201F0DA
:1021D000CFF90B9A16982C2101F0CEF9069A169891
:1021E000302101F0C5F9079A1698322101F0C0F9A3
:1021F00016984021002201F0B7F9169842212922B1
:1022000001F0B2F90D9A1698432101F0B5F916982C
:10221000DDF89F30DDE92612C0F84E30C0F84B20C3
:10222000C0F84710522035E02421002201F09CF92B
:1022300016982521002201F097F9169826212922C7
:1022400001F092F90D9A1698272101F095F90E9A4E
:102250001698162101F08CF916984FF02031C0F82D
:10226000321044F64151C2F24501C0F82F1045F634
:102270004D11C4F62061C0F82B1044F24610C3F291
:10228000543010F17E4642F23200C2F2200040F19A
:1022900003053620169900270A180E5055604AF695
:1022A0005522169B05992598A3F8FE210122009737
:1022B00000F07AFA9DF8301080460C290DD1B8F163
:1022C000000F0AD40599079A169B259811440122FC
:1022D0000027009700F068FA8046B8F1000F00F17F
:1022E000F0809DF830000C283ED12598B0F8681099
:1022F000169804F051FF45F252221698C4F261126A
:102300000021002401F038F947F272221698C6F233
:1023100041124FF4F27101F02FF9129A16984FF40E
:10232000F47101F029F916984FF4F671022201F0C8
:1023300023F900221698CAF655224FF4FE7101F0D7
:102340001BF9DDE905120094169B25981144012222
:1023500000F02AFA05AF2598169B009486CF114409
:102360000122394400F020FA2598059A099BB0F81B
:10237000681016989E1804F00FFF9DF830000C2886
:102380000ED00B2820D1169800214FF6F87201F0DC
:10239000EFF8169802214FF6FF7201F0E9F813E00A
:1023A0004FF6F8721698C0F6FF72002101F0E4F8BB
:1023B000169804214FF0FF3201F0DEF8169808213C
:1023C0006FF0704201F0D8F8169B25980122314633
:1023D0000024009400F0E8F9002807D40E99169B19
:1023E000259831440122009400F0DEF980462598BA
:1023F000B0F86810169804F0CFFE0E9C022C21DB7A
:10240000B8F1000F1ED4771C002500BF00BF00BF2D
:10241000169B259801223946009500F0C5F9002841
:102420004BD40E99169B259839440122009500F053
:10243000BBF90E9C0137A11980468F4202DAB8F130
:10244000FF3FE5DCB8F1000F3BD42598B0F86810E9
:10245000169804F0A1FE1698329B002519685A6858
:10246000D3F80730C0F807304260016016980821A1
:10247000C1720A981099002851EA008001281EDBD9
:1024800006EB440401270619169B259801222146D4
:10249000009500F089F9F907804605D02598B0F835
:1024A0006810169804F078FE0134B44209DAB8F1E5
:1024B000FF3F4FF00007E7DC03E0804601E04FF00C
:1024C0000008169801F0CCFC404629B0BDE8F08F1A
:1024D0002DE9F04F81B040F2030B8668C8F2011B72
:1024E0000BF108074FF0000456B132466FF35F223C
:1024F00032B945680BF10907B54218BF002D06D166
:102500000029204618BF0F6001B0BDE8F08FB5FB71
:10251000F6F808FB1652002AF2D181467420009189
:1025200001F06AFB70B17421044604F035FE2046C8
:10253000F0F73EFD82465F46C0B1D9F8000028B1F1
:1025400060660FE000245F460099D9E7284601F055
:1025500053FB0028606663D094F86D1041F00201CF
:1025600084F86D10294604F017FE0027BAF1000F19
:1025700057D01FFA88F0A4F868608000A4F86A8039
:1025800010FA88F0800001F037FB00285F46606594
:1025900047D0B4F86A80054694F86D00666E08EB83
:1025A000880740F0010084F86D00B900284604F067
:1025B000F3FD05F1140005EB8701814251EA8080AB
:1025C000401BA0F114010846012928BF0120B8F1E1
:1025D000000F12D04CF6CD42091ACCF6CC42A1FB2A
:1025E000021200EB121000F1010EB4F8680000BFF7
:1025F000AE60143506440FF005C8D9E90601A065A0
:102600000029009905D094F86D0040F0100084F87E
:102610006D0009F10C0300270DCB84E80D006FE776
:102620005F4694F86D00C10704D0606D01F018FC9E
:1026300094F86D00800702D5606E01F011FC204611
:10264000F0F7AEFC204601F00BFC0024009957E7A0
:10265000B8B110B5044690F86D00C10704D0606DA4
:1026600001F0FEFB94F86D00800702D5606E01F06A
:10267000F7FB2046F0F794FC204601F0F1FB002028
:1026800010BD0220C8F202107047D4D4D4D4D4D4E0
:10269000002800F083802DE9F04F81B00446806D62
:1026A000F0F74EFCB4F86A0000286BD040F209083D
:1026B0000027C8F60B3806E0002000BF00BF00BFAF
:1026C000013787425ED207EB8709616D01EB890113
:1026D000CA89002AF4D18A89D205F1D5A069D1F836
:1026E00000B0D1F808A028B1E16808440BF101015D
:1026F000814218D8D4F800C0BCF1000F13D0A368F1
:10270000012250465946E04740450CD100BF00BF6A
:102710001420F0F741FC2568A36801225046594671
:10272000A8474045F4D0606D012100EB890001739A
:10273000606D00EB8900818921F480718181B4F89A
:102740006A000028B8D0002105E000BF00BF00BF2C
:1027500001318142B4D2B942FAD0626D01EB8103FA
:1027600052F8295052F82360AE42F1D102EB8302B5
:102770009389DEB2012EEBD143F480709081B4F8DE
:102780006A00E5E7A06810B1016901B18847A06D52
:10279000F0F7EEFB002001B0BDE8F08F0220C8F298
:1027A00005107047D4D4D4D42DE9F047044680698D
:1027B0009A4616460F4648B1E1680844F11981422D
:1027C00004D91820C8F20810BDE8F0872068A0B32B
:1027D00040F20909DDF82080C8F60B39B8F1000F86
:1027E0000AD000BF00BF00BF2568A3685046394625
:1027F0003246A84718E000BF94F86D00C00602D426
:10280000A06DF0F79DFB2568A36850463946324617
:10281000A84794F86D10C90606D4A16D0546084670
:10282000F0F7A6FB284600BF4845CDD11420F0F7AD
:10283000B3FBB8F1000FD7D1DEE70020BDE8F08789
:102840002DE9F04F81B00446B0F86A000E464CF610
:10285000CD48616D924600EB80004FF4FA67CCF6EC
:10286000CC4801EB800540F2CF700CE000BF00BF08
:1028700000285AD1A06DF0F77BFB0A212046F0F723
:1028800063FC781E4DD0BB460746A06DF0F758FBA1
:10289000616DA942EED201F11400854255EA8080B3
:1028A000401A14380246012828BF0122801AA0FBD2
:1028B000080302EB131000F1010E084603E000BF0D
:1028C0001430A84210D20268B242F9D1828993052D
:1028D000F6D5C189BAF1010F02D1D3B2012B47D08D
:1028E0000029C7D149E000BFF646002006E000BF3E
:1028F00008461431BEF1010E00D1B9E7CA89002A99
:10290000F7D14A68002802F101024A60F0D043681A
:102910009A42EDD8EDD1028A0B8A934288BF0846CD
:10292000E7E7002001B0BDE8F08F8189C9053AD5FD
:10293000A169D0F80090D0F8088029B1E26811446C
:1029400009F101028A4273D8256865B3092700900E
:10295000C8F60B3700BF00BFA368012240464946B6
:10296000A847B8421CD11420F0F716FB2568F3E7FE
:10297000028A0131C181511C0DE00AF002010AF006
:10298000030322F0FF0243EAC11111438181018A4E
:102990000122C28101310182BBF1020FC2DB4CE096
:1029A0000028009844D4BAF1420FD0F8088007D12B
:1029B000B4F868100546404604F0EEFB28461EE0D9
:1029C000A16921B1E2681144721C8A4230D865685D
:1029D000ADB109278146C8F60B37A36800BF00BF19
:1029E000012240463146A847B84205D11420F0F7ED
:1029F000D3FAD4E90153F3E70028484618D4818973
:102A00004FF00112C0F80E20CAF3400201F47C41DD
:102A10000AF003031944002741EA0221C0E90067D4
:102A200001F500718181BBF1020FFFF67BAF04E07D
:102A30000020BBF1020FFFF675AFA16D04460846FA
:102A4000F0F796FA204601B0BDE8F08FD4D4D4D484
:102A50002DE9F047044680699A4616460F4648B16C
:102A6000E1680844F119814204D91720C8F207101F
:102A7000BDE8F0876068A0B340F20909DDF8208066
:102A8000C8F60B39B8F1000F0AD000BF00BF00BF75
:102A9000D4E90153504639463246A84718E000BFF2
:102AA00094F86D00C00602D4A06DF0F749FAD4E99D
:102AB0000153504639463246A84794F86D10C9066E
:102AC00006D4A16D05460846F0F752FA284600BF25
:102AD0004845CDD11420F0F75FFAB8F1000FD7D1F7
:102AE000DEE70020BDE8F087B0B50446806D0D46F6
:102AF000F0F726FAE88948B10138E881A06DF0F7CF
:102B000037FA2046F0F730FB0020B0BD4BF2C5305D
:102B10004BF292724BF26453C0F20120C0F20122D8
:102B2000C0F2012340F23121FCF7FEF8D4D4D4D412
:102B30002DE9F04FA5B08A46804640F20F0BD0F841
:102B4000189034215046C8F20E1B04F025FB0021DA
:102B5000012240460024FFF773FE002800F0848025
:102B6000856804904FF4FF712846C8F8184000F0BB
:102B7000EFFC552805950AD140F2FF11284600F0D8
:102B8000E7FCAA2803D10020019001250EE00021D6
:102B9000284600F0DDFCEB2869D10221284600F030
:102BA000D7FC902863D10025012001900DA84FF497
:102BB000DF7400F10806059F3846214600F0C8FC86
:102BC0003070211D384600F0C3FC707004F10C0118
:102BD000384600F0C5FC46F8040C04F108013846FC
:102BE00000F0BEFCB4F5F77F04F1100446F8080CC1
:102BF00006F10C06E0D1002D4FD00DA90AF104001A
:102C00000A1D4FF0FF31059C06E000BF00BF00BF6A
:102C100001310C3203293ED25368C3F30727052F35
:102C2000F6D00F2F18BF852FF2D05B0640F09481AD
:102C30001368002BECD0DAF80030161F03EB4307C3
:102C40000133CAF80030D6E9015400EB870324F4BD
:102C50008034C3E90154059CDAF80030032B336853
:102C600040F82730D4DD1CE0ABF10B0B8AE10021EA
:102C70002846002400F06CFC0221284600F068FC85
:102C80004FF4FF71284600F063FC40F2FF11284624
:102C900000F05EFC63E100200190DAF80030032BC5
:102CA00003DD4FF0000B012459E119A8002608307C
:102CB00006900598CDF800900AF10407079703E005
:102CC0000136042E00F0168106EB46010DAA02EB38
:102CD00081014A7A052A18BF852A40F0F980B8F8A0
:102CE00068000027D1E900C163244FEA5029E34678
:102CF0000296D8F818000390C8F818700C9101EBF0
:102D00000C000890CDF824C09FB13868584519D000
:102D1000D8F85800F0F714F9F889002800F04B8132
:102D20000138F881D8F85800F0F722F94046F0F75A
:102D30001BFA012240465946FFF782FD074600284C
:102D400000F0CA80B8684FF4FF710A9700F000FCE9
:102D500005460A9840F2FF11806800F0F9FB0A99D5
:102D6000552D08BFAA2840F08F80574646468D68EB
:102D70004FF4DF78DDF818A00B9400BF00BF00BF50
:102D80002846414600F0E4FB8AF8000008F10401FF
:102D9000284600F0DDFB8AF8010008F10C01284606
:102DA00000F0DEFB4AF8040C08F10801284600F0A8
:102DB000D7FBB8F5F77F08F110084AF8080C0AF1BC
:102DC0000C0ADDD14FF0FF30002119AAB046BA46F7
:102DD000DDF824C0DDE9074E09E000BF00BF00BFF9
:102DE000002851EA408001310C32042934D0536864
:102DF000002BF8D0557A052D18BF852DF0D00F2D5A
:102E0000EED015680C9E2B4403FB09F3B342EAD8BD
:102E100005FB09B36345E6D37345E4D8DAF800301F
:102E2000D2E9016703EB43050133CAF8003047F4E8
:102E3000803704EB8503C3E901671768DAF80030CF
:102E4000032B07EB0B0344F8253005DC64230B93BD
:102E5000C9E700BF00BF00BF0028DDE90A7313D433
:102E600000EB400019AAA3F1010402EB800152F823
:102E7000200000FB09CB486800FB09F00C901BB157
:102E80002FF0BFC000BF00BFD8F85800F0F758F8C7
:102E90000A99C889002800F08E800138C881D8F8C6
:102EA0005800F0F765F84046F0F75EF9DAF80030C0
:102EB00040F20F0B032B0398C8F81800C8F20E1B42
:102EC0000598029E7FF7FCAE17E000BF00BF00BF71
:102ED0000F2A3FF404AFF3E640F20F0B0398C8F853
:102EE00018004FF6F570C8F20E1B00248344DDF87D
:102EF000009034E0019931B92BB14FF0000B01245F
:102F0000DDF800902BE0152100F022FBA0F1F80184
:102F100000240829DDF800903AD204981321CAF859
:102F20000440806800F018FBCAF8080030B9049823
:102F30002021806800F014FBCAF80800DAF80C00C1
:102F40004FF4386101244FF0000B61F31000CAF810
:102F50000C00CAF8004002E0481C1ED00024D8F83B
:102F60005800EFF7EDFF0499C88920B30138C881F4
:102F7000D8F85800EFF7FCFF4046F0F7F5F80CB131
:102F8000DAF800B0C8F81890584625B0BDE8F08FC0
:102F9000F028C2D0ABF1010BE1E70E21204600F092
:102FA000DBFA0028DAD01021204600F0D1FA002800
:102FB000D4D0012070E64BF2C5304BF292724BF246
:102FC0006453C0F20120C0F20122C0F2012340F29A
:102FD0003121FBF7A9FED4D42DE9F04F8FB0D0F802
:102FE00008A040F20F08BAF1000FC8F203185ED033
:102FF0008946BAF86800BAF86A104143DAF8640002
:1030000004F0CAF8BAF86A50DAF854603046DAF8D0
:10301000647005EB8504A10004F0BEF806F114000D
:1030200006EB8401814251EA8080801BA0F11401EB
:103030000846012928BF01209DB14CF6CD42091A4E
:10304000CCF6CC42A1FB021200EB121000F1010EF3
:10305000BAF8680000BF00BFB760143607440FF02D
:1030600005C802AE0020CAF85C0050463146FFF7A2
:103070005FFD002800F1AC811ED0814521DA09EB0B
:1030800049004FF46E4206EB8000417BB2EB012F0A
:103090004168CAF80C1040F0B7801025B9F17F0FD5
:1030A000C8F20A1512D928460FB0BDE8F08FA8F172
:1030B0000D000FB0BDE8F08FA8F101000FB0BDE822
:1030C000F08F08F101000FB0BDE8F08F01225046EB
:1030D000FFF7B6FBF8B187684AF679010646C0F2F9
:1030E00001210822384606F02BFBD0B1DAF858004F
:1030F000EFF726FFF089002800F075810138F08194
:10310000DAF85800EFF734FF5046F0F72DF8681E54
:103110000FB0BDE8F08F0420C8F20A100FB0BDE870
:10312000F08F4821384600F01BFA0090B068542117
:1031300000F016FA0190B068102100F011FA8346F1
:10314000B0680C2100F00CFA0746B068102100228C
:1031500000F012FAB0683946FCF742F80446B0684D
:1031600010215A4600F008FADAF85800EFF7E8FEA6
:10317000F089002800F037810138F081DAF8580032
:10318000EFF7F6FE5046EFF7EFFFA34540F027813B
:10319000019CBAF8687004FB09F000990122B0FBA9
:1031A000F7F001445046FFF74BFB0646002840F27B
:1031B0000400C8F20A1000F00B81B7FBF4F01FFA0C
:1031C00089F1B1FBF0F202FB101004FB00F1B068D2
:1031D000203100F0C5F9CAF80C00DAF85800EFF712
:1031E000AFFEF089002800F0FE800138F081DAF8A7
:1031F0005800EFF7BDFE5046EFF7B6FFDAF80C10B7
:103200002846002900F0E48001225046FFF718FB11
:10321000002852D0054680680B2100F09DF9002857
:10322000AAF84C004ED06FF35F2000284AD1A8685E
:103230000E2100F091F9DAF80C10AAF84E000844BB
:10324000CAF81000A868102100F086F98AF8520028
:10325000A868162100F080F9CAF81400A8680D21AA
:1032600000F076F9BAF84C10BAF86820CAF83C00B9
:10327000B1FBF2F08AF85100A868132100F06CF954
:10328000CAF8180028B9A868202100F069F9CAF81E
:103290001800DAF8140038B3A9680122CAF83020FF
:1032A000D1F82B20D1F82F30D1F83210CAF84020B5
:1032B000CAF84430CAF8471031E0A8F10B000FB04B
:1032C000BDE8F08FDAF85800EFF73AFEE8890028F9
:1032D00000F089800138E881DAF85800EFF748FEFD
:1032E0005046EFF741FF76E0A868242100F038F956
:1032F000CAF81400A8682C2100F032F9A968CAF8AD
:103300003000D1F84700D1F84B20D1F84E10CAF860
:103310004000CAF84420CAF84710DAF814009AF8B6
:103320005210DAF8102000FB0120CAF82800DAF861
:103330005800EFF705FEE889002854D00138E881ED
:10334000DAF85800EFF714FE5046EFF70DFFBAF821
:103350004C0000283FD0A868112100F0FDF8BAF811
:103360004C1005469AF8522001EB4010DAE9053777
:10337000013890FBF1F0BAF84E10014403FB021241
:10338000DAF82830DAF83C100344BA1ACAE908031C
:103390004046CAF81C20D9B1B2FBF1F0CAF82C00A3
:1033A000504600F031F80421C8F20A11A1F10111D0
:1033B00088420DD835B99AF850000C2802D00C205C
:1033C0008AF8500001208AF853000020CAE90D0055
:1033D0000FB0BDE8F08F40460FB0BDE8F08F681D1C
:1033E0000FB0BDE8F08F4BF2C5304BF292724BF24A
:1033F0006453C0F20120C0F20122C0F2012340F266
:103400003121FBF791FCD4D4B0B501690122044607
:10341000FFF716FAE8B105468068002100F0A0F831
:10342000A06DEFF78DFDE889B8B10138E881A06D96
:10343000EFF79EFD2046EFF797FE4FF6F570E16A35
:1034400081424FF00B0050EA309084F85000002089
:10345000B0BD0420C8F20910B0BD4BF2C5304BF22C
:1034600092724BF26453C0F20120C0F20122C0F20A
:10347000012340F23121FBF757FCD4D4D4D4D4D467
:10348000B0B582B00446806B50B10D46002001906B
:10349000EFF78EFCA06B2844A063EFF7B9FC08E0BF
:1034A00001A92046FDF7DCFB0199A063B1F1FF3FC4
:1034B00019DD606BB8B901212046EFF7C1FD30B1CD
:1034C00001A900222046FDF713FA60630BE02046B5
:1034D000EFF7E6FD01A900222046FDF709FA606337
:1034E0002046EFF70DFE019802B0B0BDD4D4D4D47D
:1034F000B0B582B00446806B00284FF00000019008
:1035000009D00D46EFF754FCA06B401BA063EFF70A
:103510007FFC002107E001A92046FDF7A1FB0199EE
:10352000A06300290ED4606B60B92046EFF7B8FDA8
:1035300001A900222046FDF7DBF960632046EFF782
:10354000DFFD0199084602B0B0BDD4D4D4D4D4D4A0
:10355000405C7047D4D4D4D4405A7047D4D4D4D427
:1035600040587047D4D4D4D442547047D4D4D4D41F
:1035700042527047D4D4D4D442507047D4D4D4D417
:1035800010B586B00C4600F01FF802A900F0DCFA76
:1035900070B12046FDF7F4FB0246DDE9031001ABF4
:1035A000FDF736FC0446019800F092F8024601E06F
:1035B000002406220020002102F0C2FE204606B0B0
:1035C00010BDD4D4D4D4D4D470B582B00546002074
:1035D000012102F0D5FE064660B94FF4807000F07C
:1035E0000BFB002864D006460020012132463070D3
:1035F00002F0A6FE28782F2807D14AF6BD2206F150
:103600007F04C0F20122812111E0707806F17F046D
:1036100040B14AF22D328121C0F2012220463346C8
:10362000009506E04AF229328021C0F201222046AC
:103630002B4603F074FF00214FF0020C23460020BC
:1036400008E000BF00BF00BF3AB32F2853EA018152
:10365000013310461A782E2AF6D15E782E2EF4D138
:103660000029F2D098782F285CEA1C9200209E5CFA
:1036700076B11A440023551C0A4600BF00BF00BFA4
:1036800002F8016B013315F8016B16B12FF009C078
:103690000023C85423460021DCE713F8010DA342A0
:1036A00003D02F2804BF00201870204602B070BD40
:1036B0004BF2A3704AF6FA424BF2D553C0F2012006
:1036C000C0F20122C0F2012340F65101FBF72CFBAE
:1036D000B0F1FF3FC4BF0020704710B50446002082
:1036E0000221224602F02CFEA0B2672808D84CF630
:1036F000C04104F07F00C0F2012151F8200010BD4C
:103700000E2010BDD4D4D4D410B5FDF79DFCFFF726
:10371000DFFF024600284FF000004FF000015FEA93
:103720000FA402F00DFE204610BDD4D4D4D4D4D4BE
:1037300010B5844618466346FDF786FD0446FFF73C
:10374000C7FF024600284FF000004FF0000154EA86
:10375000008402F0F5FD204610BDD4D4D4D4D4D4D6
:1037600010B5844618466346FDF7BEFF0446FFF7D2
:10377000AFFF024600284FF000004FF0000154EA6E
:10378000008402F0DDFD204610BDD4D4D4D4D4D4BE
:1037900010B584B0FFF718FF694600F0D5F950B1B5
:1037A000DDE90110FDF7D4FCFFF792FF00285FEA86
:1037B0000FA4024602E006224FF0FF340020002151
:1037C00002F0BEFD204604B010BDD4D4D4D4D4D46D
:1037D0002DE9F041C0B08846054603A8302103F02A
:1037E000DBFC2846FFF7F0FE0FA900F0ADF900283A
:1037F0004AD0109E00273046139703F04AFE50B17E
:103800003118074611F801092F2818BF5C2802D08B
:10381000013FF7D10027F019012F00F1010503A89E
:10382000294698BF0127FCF707F9BAB213AF1198E0
:1038300031463B46FBF728FF13990390002947D4F4
:10384000119803A900232A4614ACCDE90047FBF7E1
:10385000FFFCE8B11399B8F1000F39D0002937D433
:103860009DF8E900C0064FF480405CBF48F20000BC
:10387000CFF6FF70A8F80A00DDE91402C8E90020BD
:103880001298A8F8080023E00621C8F602411EE0BD
:10389000284603F0FEFD04F118070646384603F0FB
:1038A000F8FD86420ED1149860B928463946324652
:1038B00000F042F8012805D100211391B8F1000F62
:1038C000CCD105E00620C8F6024000F119011391A1
:1038D0000846FFF7FDFE02460020002102F030FD01
:1038E0001398C01740B0BDE8F081D4D4D4D4D4D458
:1038F000002908BF704780B54FF0000C4FF0010E53
:103900000AE000BF00BF00BF8E4542F020020270F7
:103910000CD20EF1010E013002780CF1010CA2F173
:103920004103192BF0D90AB18E45F2D3BDE880408E
:103930007047D4D4D4D4D4D470B50C465AB9054603
:1039400003F0A7FD0646204603F0A3FD01463246DC
:1039500028468E421AD1012A16DB00BF00BF00BFE5
:1039600010F8011B14F8013BA1F141061A2EA3F136
:10397000410638BF41F020011A2E38BF43F0200322
:10398000994203D1013AEBD1012070BD002070BDF6
:103990002DE9F04381B00778914688465C2F5FEAB5
:1039A0001F962F2F5FEA1F973743089EBE421BDDED
:1039B00000223C46394603E001318CB2A64214D9BC
:1039C000045D2F2C18BF5C2CF6D1B9F800400132F1
:1039D00095B2A54204F1010457EA1197AC42EBD12C
:1039E0000A040AD1002100E039461A68012A02D1EE
:1039F0004FF0000818E001221A6089B2BAB28E1A9C
:103A000010FA87F1802E02DC4046324602E0802226
:103A10008026404603F064FC002008F80600B9F850
:103A200000000130A9F80000404601B0BDE8F08375
:103A30002DE9F04F81B0002974D0834600782F28FB
:103A40002FD15846894603F024FD064601F060FD5B
:103A50004DF2084AC2F2002ADAF8600058B9602133
:103A6000504603F099FB0120CAF860002F218AF824
:103A70000010CAF81000012E4FF000084FF00007A8
:103A800011D107EB47000F2259460AEBC00005F0A1
:103A9000DAFE80F80F800661D9F808104161012430
:103AA0003AE000243AE0DAF86000022827DB0AF165
:103AB0002C0501244FF0FF3710E000BF00BF00BF0E
:103AC00055F8180B002F54EA4781DAF860200028D7
:103AD00004F1010451EA078794420DDA55F8040C09
:103AE000B042EDD1A5F114005946324605F028FE4A
:103AF0000028E5D12746C4E7B7F1FF3FC1DCDAF87B
:103B00006000032807DCDAF86070002F07F101007D
:103B1000CAF86000B5D5002401F056FD204601B07A
:103B2000BDE8F08F49F611404AF2C5224BF60C234E
:103B3000C0F20120C0F20122C0F201235021FBF7A4
:103B4000F3F8D4D4D4D4D4D42DE9F04788468246AF
:103B500003F09FFC4DF208490021C2F20029C8E998
:103B60000011C8E90211D9F86020022A1EDB0646BE
:103B700009F12C05012405E0D9F86000013418355D
:103B8000844215DA55F8047CBE42F5D3A5F1140041
:103B900051463A4605F0D4FD0028EDD11AF8070049
:103BA00040B12F28E8D10AEB070007E001240AE022
:103BB000002108E04CF66060C0F20120C8F8040063
:103BC0002968C8F80810D9F86000844205D1D9F8EE
:103BD0001410C8F804A0C8F8081031B191F85300C7
:103BE00000281CBF0120BDE8F0870020BDE8F08759
:103BF0007047D4D4D4D4D4D470B5411E11F10A0F77
:103C000007D810F0070100F1080503D009398D42EB
:103C100071D9002501F07CFC4DF26C40C2F200200D
:103C2000026832B14DF27040C2F20020D0F800C0FC
:103C30002AE04DF27C410026C2F20021CA1D4B074A
:103C400001F5704318BF22F007014DF27442C2F231
:103C50000022C2E9001623F00702A2F10803036064
:103C600042E90266A3EB010CC1F804C002680A60D5
:103C70004CF27C404DF27041C2F20120C2F20021B0
:103C8000C0F800C0C1F800C0012D4FF00004C0F220
:103C90008180654500F27E804DF274404DF27C4E8D
:103CA000C2F20020C2F2002E01687145C0F0978078
:103CB0004EF6FF707044814200F291804B68AB4237
:103CC00017D20E68E6B14EF6FF700EEB000400BF8F
:103CD000764575D308463146A64271D84B68AB424B
:103CE00054D20E680EB12FF00DC8012691420ED1AC
:103CF0004FE0002605E020F0070000F1100589E7FD
:103D000001264DF27440C2F20020914241D0026877
:103D100002F10804744571D34EF6FF727244944266
:103D20006CD8002E0A68026078D15B1B102B10D96A
:103D300001EB050C5FEA4C7640F08080CCE9002373
:103D40004DF27042C2F20022C0F800C0D2F800C0AA
:103D500000E04D684CF27C40ACEB0502C2F2012061
:103D60004DF27046C2F20026036832609A424CF26D
:103D70008043C2F2012338BF026045F000400022B8
:103D8000C1E9002018680130186003E00026914264
:103D9000BDD1002401F018FC600704BF204670BDAF
:103DA0004AF664304AF214424AF68203C0F2012015
:103DB000C0F20122C0F2012340F25711FAF7B4FF1A
:103DC0004AF664304AF214424BF64433C0F2012002
:103DD000C0F20122C0F20123FB21FAF7A5FF4AF647
:103DE00064304AF214424BF64433C0F20120C0F270
:103DF0000122C0F20123F521FAF796FF4AF664305A
:103E00004AF214424BF20003C0F20120C0F2012238
:103E1000C0F2012340F20511FAF786FF4AF664303A
:103E20004AF2144249F64243C0F20120C0F2012294
:103E3000C0F2012340F20D11FAF776FF4AF6643022
:103E40004AF214424AF6A133C0F20120C0F2012224
:103E5000C0F201234FF48B71FAF766FFD4D4D4D4A7
:103E600070B5002808BF70BD4DF27C45A0F1080474
:103E7000C2F20025AC4256D34EF6FF7129448C4263
:103E800051D850F8041C00295DD52268002A6AD157
:103E900021F0004140F8041C064601F039FB4DF2C8
:103EA00070404DF27443C2F2002056F8041CC2F276
:103EB000002302680A4402601A4600BF00BF00BF28
:103EC00010461268A242FBD3984206D0A8425AD3A9
:103ED0004EF6FF732B44984255D84368C618A64245
:103EE00002D11944044641606318934201D013463D
:103EF0000AE04DF26C43C2F200231B689A4203D0E1
:103F0000D2E9003211446160A042236018BF04600E
:103F10004CF28440C2F20120016801310160BDE829
:103F2000704001F051BB4AF664304BF273024BF221
:103F3000D673C0F20120C0F20122C0F201234FF477
:103F4000B571FAF7F1FE4AF664304BF273024AF6A5
:103F50000553C0F20120C0F20122C0F2012340F259
:103F60006B11FAF7E1FE4AF664304BF273024BF63E
:103F7000B533C0F20120C0F20122C0F201234FF498
:103F8000B671FAF7D1FE4AF664304AF221424BF696
:103F90004503C0F20120C0F20122C0F201234FF418
:103FA000FD71FAF7C1FED4D410B582B080B11C21E6
:103FB000019101991C291AD100210160011D0446BB
:103FC000084600F0C1F901202076204602B010BD5D
:103FD0004AF6C0204AF63F224BF24D23C0F20120A0
:103FE000C0F20122C0F201235D21FAF79DFE4AF6DC
:103FF000C0204AF63F224AF65723C0F20120C0F201
:104000000122C0F201236521FAF78EFED4D4D4D464
:10401000B0B51C20FFF7F0FD002808BFB0BD011DA2
:10402000002505600446084600F08EF920462576F6
:10403000B0BDD4D4D4D4D4D42DE9F04198B30D4636
:10404000B1F1807F3FD2044600F10C0801F060FA24
:1040500027692068474540EA050020601DD00025FB
:104060000CE000BF00BF00BF36B141F00071DB01C2
:1040700048BF154302F07CF847450CD03846D7E9D5
:10408000003723F07F4221685E0101EA0206EBD58A
:104090009642EAD0F0E72068A843206001F094FA45
:1040A0002068BDE8F0814AF6C0204AF286324AF61E
:1040B0007853C0F20120C0F20122C0F2012340F285
:1040C0003221FAF731FE4AF6C0204AF286324AF629
:1040D000BB03C0F20120C0F20122C0F2012340F272
:1040E0003321FAF721FED4D42DE9F04381B0002822
:1040F0006DD00D46B1F1807F79D2002D00F0878020
:1041000004461F469046DDF8209002F051F9B9F1BF
:10411000000F02D0002800F08A8001F0F9F926682B
:1041200016EA05005FEA1F91A8425FEA0F90002F90
:1041300051EA008000283ED0B9F1000F41D041463D
:10414000B8F1000F18BF4FF08071002F04F1040088
:1041500018BF41F0806129434A4601F0F1FE01F0A9
:1041600033FA50B94EF604504FF08051CEF20000B1
:104170000160BFF34F8FBFF36F8F02F051FA064615
:10418000800115D4EEF714FE266816EA05005FEAF2
:104190000F91A8425FEA1F90002F51EA0080B8F10A
:1041A000000F1EBF002826EA05002060EEF730FE53
:1041B00026F07F4607E0B8F1000F02D026EA05009E
:1041C000206001F001FA304601B0BDE8F0834AF604
:1041D000C0204BF27D024AF67853C0F20120C0F2B3
:1041E0000122C0F2012340F24711FAF79DFD4AF681
:1041F000C0204BF27D024AF2A673C0F20120C0F249
:104200000122C0F201234FF4A471FAF78DFD4AF6A2
:10421000C0204BF27D024AF2DE73C0F20120C0F2F0
:104220000122C0F2012340F24911FAF77DFD4AF65E
:10423000C0204BF27D024AF23333C0F20120C0F2BB
:104240000122C0F201234FF4A671FAF76DFDD4D418
:1042500070B570B10D46B1F1807F1AD20446EEF709
:10426000A7FD266826EA05002060EEF7D1FD30465E
:1042700070BD4AF6C0204BF613224AF67853C0F2BE
:104280000120C0F20122C0F201234FF4F171FAF7CC
:104290004BFD4AF6C0204BF613224BF6F253C0F208
:1042A0000120C0F20122C0F2012340F2E311FAF72B
:1042B0003BFDD4D4D4D4D4D4B0B578B3044601F003
:1042C00027F9606878B104F10C0500BF00BF00BF9A
:1042D0002069A84212D04FF0007101F049FF6068D8
:1042E00008B12FF00BC801F06FF9207E002818BF2D
:1042F000B0BD2046BDE8B040FFF7B2BD4AF6C020D1
:104300004AF6F2224AF6EF03C0F20120C0F201227F
:10431000C0F2012340F29A21FAF706FD4AF6C020C6
:104320004AF6F2224BF2F833C0F20120C0F2012229
:10433000C0F2012340F28E21FAF7F6FCD4D4D4D493
:10434000FFF77ABED4D4D4D401464FF0FF3241F8FF
:10435000082F0022C0E90311C0E900217047D4D41E
:10436000002101617047D4D4D0E900C308619A6884
:10437000C1E90132996051600CF10101016070479F
:1043800080B5D1F800C01CF1010207D000F108028D
:104390009646526813686345FAD903E0D0F810E0F6
:1043A000DEF804204A609160C1F808E0CEF80410FD
:1043B000086101680131016080BDD4D4D4D4D4D463
:1043C0000269D0E9013C51688142C3F808C0CCF8C9
:1043D00004304FF0000308BFC2F804C01168036145
:1043E000013911600846704770B500284BD004466B
:1043F000C06BC0B30E46216CA0FB010199BBEEF768
:10440000D7FCD4E90F010025226801FB0023013805
:10441000A56300FB0120C4E90123E060FF2084F8CC
:10442000440084F8450004F110004EB1FFF78CFF02
:1044300004F12400FFF788FFEEF7EAFC012070BDCD
:1044400001680029F8D001F00FFE0028F4D04EF6E4
:1044500004504FF08051CEF200000160BFF34F8F47
:10446000BFF36F8FE8E74AF61A704BF628224BF23B
:10447000E853C0F20120C0F20122C0F201234FF440
:10448000B671FAF751FC4AF61A704BF628224BF235
:104490008053C0F20120C0F20122C0F2012340F299
:1044A0003711FAF741FCD4D410B582B05BB3D0B168
:1044B0001C4601B9BAB901B1AAB148230193019BC5
:1044C000482B30D1019B002954EA0282C4E90F0134
:1044D00001212046012384F846302260FFF784FF43
:1044E000204602B010BD4AF61A704AF604324BF26A
:1044F0006023C0F20120C0F20122C0F201234FF478
:10450000D871FAF711FC4AF61A704AF604324AF2E8
:104510004263C0F20120C0F20122C0F201234FF435
:10452000C271FAF701FC4AF61A704AF604324AF6EA
:104530007723C0F20120C0F20122C0F201234FF420
:10454000CB71FAF7F1FBD4D4B0B5F8B104460D46FF
:10455000A0FB0101D1B905FB04F010F1490F15D8FA
:104560004830FFF749FB002808BFB0BD002180F8A4
:1045700046100146002D18BF483101600121C0E9F5
:104580000F450446FFF730FF2046B0BD4AF61A70CB
:104590004AF250624BF26023C0F20120C0F20122C5
:1045A000C0F2012340F22A21FAF7BEFBD4D4D4D4BE
:1045B000B0B54820FFF720FB044698B10025012044
:1045C000C4E90F050121204684F846502460FFF716
:1045D0000BFF00210022002320462560C4E902557C
:1045E00000F06EF82046B0BDB0B582B0E9B1482009
:1045F00001900198482828D10C460198012081F8A3
:10460000460009600025C4E90F0501212046FFF797
:10461000EBFE00210022002320462560C4E902555C
:1046200000F04EF8204602B0B0BD4AF61A704AF6C5
:1046300004324AF24263C0F20120C0F20122C0F209
:1046400001234FF4C271FAF76FFB4AF61A704AF66B
:1046500004324AF67723C0F20120C0F20122C0F2F0
:1046600001234FF4CB71FAF75FFBD4D4D4D4D4D464
:10467000B0B5A8B10446856801F092FE85421CBF22
:104680000020B0BDE0680138E06001D00120B0BD7D
:10469000002100220023204600F012F80120B0BDC6
:1046A0004AF61A704BF2A3124AF23C43C0F20120C0
:1046B000C0F20122C0F2012340F2FB21FAF734FBE1
:1046C0002DE9F04F83B00028029200F0D880044614
:1046D0009B461646894619B9206C002840F0FF8099
:1046E000BBF1020F03D1E06B012840F0E88001F03C
:1046F0005FFE10B9002E40F0D280EEF759FBBBF1FF
:10470000020FA06B59D0E16B884256D301206F464F
:10471000002502AE0DE000BF204600F055FA00F083
:1047200053FFEEF745FBA06BE16B88424FF00000B2
:1047300043D30299002969D0C00702D0384601F05E
:1047400097FDEEF765FB00F0E3FEEEF731FB94F822
:104750004400FF2808BF84F8445094F84500FF281F
:1047600008BF84F84550EEF753FB3846314601F058
:104770008FFD00284DD1EEF71BFBD4F838A0D4F8FC
:104780003C80EEF745FBC245C6D1029904F110000A
:1047900001F0B2FB204600F017FA00F015FF0028E8
:1047A000BFD14EF604504FF08051CEF200000160B0
:1047B000BFF34F8FBFF36F8FB3E7A56B226CD2B1FE
:1047C000BBF1000F2ED0E068494602F089FD216858
:1047D000E268206C121AE2608A4203D24042A16869
:1047E0000844E060BBF1020F5FEA1F90002D5FEA12
:1047F00000802D1A23E0206808BBA06801F040FE6D
:1048000000285FEA1F900021A16019E0EEF700FB8D
:1048100004E0204600F0D8F900F0D6FE002003B0F6
:10482000BDE8F08F6068494602F05AFDD4E9010105
:10483000226C10446060884201D3206860600120CF
:1048400054F8241F002905F10101616114D02046AC
:1048500001F00AFC50B14EF604504FF08051CEF2F8
:1048600000000160BFF34F8FBFF36F8FEEF7D0FAF8
:10487000012003B0BDE8F08F0028ECD0F6E74AF63F
:104880001A704AF299324BF28053C0F20120C0F202
:104890000122C0F2012340F2B631FAF745FA4AF696
:1048A0001A704AF299324AF23333C0F20120C0F250
:1048B0000122C0F2012340F2BB31FAF735FA4AF681
:1048C0001A704AF299324AF26C63C0F20120C0F2C7
:1048D0000122C0F201234FF46E71FAF725FA4AF66D
:1048E0001A704AF299324BF62863C0F20120C0F2E6
:1048F0000122C0F2012340F2B731FAF715FAD4D4FD
:1049000070B590B104460D46866801F049FD8642B7
:1049100004D02046294600F01BF820B1E0680130A1
:10492000E060012070BD002070BD4AF61A704AF2A6
:1049300052524AF23C43C0F20120C0F20122C0F2BE
:10494000012340F23731FAF7EFF9D4D4D4D4D4D4D8
:104950002DE9F04F83B00028029100F0B3800446A7
:10496000006C002840F0BE800D4601F021FD10B91A
:10497000002D40F0C780EEF71BFAA16BD1B1481EA5
:10498000A063206810B901F05BFEA06054F8100F1E
:1049900070B1204601F068FB50B14EF604504FF064
:1049A0008051CEF200000160BFF34F8FBFF36F8FD5
:1049B000012481E004F124084FF0000B01206E4631
:1049C00002AF4FF000092AE0EEF722FA00F0A0FD56
:1049D000EEF7EEF994F84400FF2808BF84F844B0DD
:1049E00094F84500FF2808BF84F845B0EEF710FAA8
:1049F0003046394601F04CFCD0B1204600F0E4F8D6
:104A000000F0E2FDEEF7D4F9A56BEEF701FA002D08
:104A10003ED0EEF7CDF9A16B00200029AFD102996D
:104A2000002948D0C007CFD0304601F021FCCBE7A9
:104A3000EEF7BEF9D4F838A0EEF7EAF9BAF1000FB4
:104A400005D0204600F0C0F800F0BEFDE1E7206888
:104A500038B9EEF7ADF9A06801F0BEFC8146EEF77B
:104A6000D7F90299404601F047FA204600F0ACF829
:104A700000F0AAFD0028CCD14EF604504FF0805132
:104A8000CEF200000160BFF34F8FBFF36F8FC0E71E
:104A9000B9F1000F09D0EEF78BF9D8F8000030B16A
:104AA000206B0068C0F1050102E0002406E000214F
:104AB000A06801F049FD0024EEF7AAF9204603B0F2
:104AC000BDE8F08F4AF61A704AF692224AF26B530A
:104AD000C0F20120C0F20122C0F2012340F2826143
:104AE000FAF722F94AF61A704AF692224BF6DB33AD
:104AF000C0F20120C0F20122C0F2012340F286611F
:104B0000FAF712F94AF61A704AF692224AF2333349
:104B1000C0F20120C0F20122C0F2012340F28B61F9
:104B2000FAF702F9D4D4D4D4B0B582B0C8B10D46E6
:104B3000814216D8144622B348210191019948298F
:104B40002FD10199012184F846100021C4E90F01F9
:104B5000012120462460FFF747FCA563204602B0F0
:104B6000B0BD4AF61A704AF684524AF26463C0F243
:104B70000120C0F20122C0F201234FF45E71FAF766
:104B8000D3F84AF61A704AF604324AF24263C0F287
:104B90000120C0F20122C0F201234FF4C271FAF7E2
:104BA000C3F84AF61A704AF604324AF67723C0F27E
:104BB0000120C0F20122C0F201234FF4CB71FAF7B9
:104BC000B3F8D4D4D4D4D4D4F0B581B00446EEF73D
:104BD000EFF894F94560012E10DB04F1240503E0A1
:104BE00070B2013E012809DD286838B1284601F07D
:104BF0003BFA0028F4D001F09BFBF1E7FF2684F894
:104C00004560EEF705F9EEF7D3F894F94470012FFB
:104C100010DB04F1100503E078B2013F012809DD43
:104C2000286838B1284601F01FFA0028F4D001F0B6
:104C30007FFBF1E784F8446001B0BDE8F040EEF797
:104C4000E7B8D4D4D4D4D4D42DE9F04F81B000281F
:104C50007BD005461E4690460F4619B9286C0028A1
:104C600040F09380022E03D1E86B012840F07D8054
:104C7000EEF72EF9EFF31189102080F31188022E40
:104C8000A86B04D0E96B884201D3002058E095F965
:104C900045B0A86BAC6B2A6C5FFA8BFABAB1F6B16F
:104CA000E868394602F01CFB2968EA68286C121A89
:104CB000EA608A4203D24042A9680844E860022EB2
:104CC0005FEA1F90002C5FEA0080241A14E0286835
:104CD00090B9A86801F0D4FB0020A8600CE06868D7
:104CE000394602F0FDFAD5E901012A6C10446860EA
:104CF000884201D328686860BAF1FF0F04F101000F
:104D0000A8630BD001F0F0F8584518D9BAF17F0F1D
:104D10004BD00AF1010085F8450010E055F8240F4A
:104D200068B1284601F0A0F9B8F1000F01464FF034
:104D3000010005D0002918BFC8F8000000E00120DC
:104D400089F3118801B0BDE8F08F4AF61A704AF273
:104D5000AB324BF28053C0F20120C0F20122C0F20C
:104D600001234FF49261F9F7DFFF4AF61A704AF215
:104D7000AB324AF26C63C0F20120C0F20122C0F2F1
:104D8000012340F29241F9F7CFFF4AF61A704AF236
:104D9000AB324BF62863C0F20120C0F20122C0F210
:104DA000012340F29141F9F7BFFF4AF61A704AF227
:104DB000AB324BF29103C0F20120C0F20122C0F2EB
:104DC000012340F21E51F9F7AFFFD4D4D4D4D4D488
:104DD0002DE9F04F83B00028029200F0A480044631
:104DE0001646894619B9206C002840F0BC8001F0B5
:104DF000DFFA10B9002E40F0A680EDF7D9FFD4F805
:104E000038A0BAF1000F29D0226C52B1D4E90201C6
:104E10001144E160814201D32168E160484602F01B
:104E20005FFA54F8100F0028AAF10100A0620ED01A
:104E3000204601F019F950B14EF604504FF0805160
:104E4000CEF200000160BFF34F8FBFF36F8F0124DC
:104E5000EDF7DEFF204603B0BDE8F08F04F1240833
:104E600001206F464FF0000B02AE2DE000BF00BFE7
:104E7000EDF7CEFF00F04CFBEDF79AFF94F84400FD
:104E8000FF2808BF84F844B094F84500FF2808BF05
:104E900084F845B0EDF7BCFF3846314601F0F8F92B
:104EA000D0B12046FFF790FE00F08EFBEDF780FFBB
:104EB000A56BEDF7ADFFA5B3EDF77AFFD4F838A0F9
:104EC0000020BAF1000F9FD1029941B3C007CFD0A3
:104ED000384601F0CDF9CBE7EDF76AFFA56BEDF7AA
:104EE00097FF2DB12046FFF76FFE00F06DFBE3E763
:104EF0000299404601F000F82046FFF765FE00F0F9
:104F000063FB0028D8D14EF604504FF08051CEF20A
:104F100000000160BFF34F8FBFF36F8FCCE7002419
:104F200096E7002496E74AF61A704AF6A8524AF223
:104F30006B53C0F20120C0F20122C0F2012340F203
:104F4000E951F9F7F1FE4AF61A704AF6A8524AF208
:104F50003333C0F20120C0F20122C0F2012340F23B
:104F6000F251F9F7E1FE4AF61A704AF6A8524BF2EE
:104F70006B23C0F20120C0F20122C0F2012340F2F3
:104F8000ED51F9F7D1FED4D4D0B14CF2884C0021C8
:104F9000C2F2012C00BF00BF0CEBC1035A68824271
:104FA00003D001310A29F7D103E000224CF8312067
:104FB0005A6090F84610002918BF7047FEF750BF9E
:104FC00080B54AF61A704BF2C4224BF28053C0F2FD
:104FD0000120C0F20122C0F2012340F6D401F9F70A
:104FE000A3FED4D4D4D4D4D4B0B528B3002908BFF8
:104FF000B0BD4CF2884E4FF0000CC2F2012E0022E0
:10500000002304E000BF00BF0832502A0FD00EEB8F
:1050100002046568A84206D0002BF5D12368002B56
:1050200054EA0C83F0E72346C3E90010B0BD002B1F
:1050300018BFC3E90010B0BD4AF61A7049F6D8226D
:105040004BF27263C0F20120C0F20122C0F20123D0
:1050500040F6C931F9F768FE70B515460E460446AC
:10506000EDF7A6FE94F84400FF2802D1002084F852
:10507000440094F84500FF2802D1002084F8450040
:10508000EDF7C6FEA06B28B904F1240031462A468C
:1050900000F0AEFF2046BDE87040FFF795BDD4D4C8
:1050A0002DE9F04782B0DDF82CA0BAF1000F4AD00C
:1050B0000C9C002C57D081466C20019001986C28E4
:1050C00061D10D4601986C212046984617460A9EEC
:1050D00002F062F8C4F830A04FF0020084F86900D2
:1050E00075B104F13400112115F8012B00F8012BE2
:1050F0001AB10029A1F10101F6D1002084F8450080
:10510000052E50D20AEB8700E6620438A66420F030
:105110000705201DFFF724F904F11800FFF720F917
:10512000C6F10500A061216B28464A46434624612A
:105130006462EDF7DDFD2060204600F045F8204672
:1051400002B0BDE8F0874BF2BC104BF2B30249F657
:105150007543C0F20120C0F20122C0F2012340F2E7
:10516000F141F9F7E1FD4BF2BC104BF2B3024AF604
:10517000B313C0F20120C0F20122C0F2012340F2B9
:10518000F241F9F7D1FD4BF2BC104BF2B3024BF6F2
:105190009663C0F20120C0F20122C0F2012340F266
:1051A000FA41F9F7C1FD4BF2BC104AF6CE124AF6AD
:1051B0001703C0F20120C0F20122C0F2012340F225
:1051C0006471F9F7B1FDD4D42DE9F04381B0044600
:1051D000EDF7EEFD4CF2FC404CF2D847C2F2012054
:1051E000C2F201274CF2E0490168C2F20129013103
:1051F0000160396851B1D9F80000002842D13868FF
:10520000E16AC06A884298BF3C603BE03C6000684D
:10521000012837D14CF238550526C2F2012500BFCE
:105220002846FFF791F8013E05F11405F8D14CF23C
:10523000B458C2F201284046FFF786F84CF2C85530
:10524000C2F201252846FFF77FF84CF21050C2F257
:105250000120FFF779F84CF2E440C2F20120FFF799
:1052600073F84CF22450C2F20120FFF76DF84CF2B3
:1052700008504CF20C51C2F20120C2F20121C0F8D8
:1052800000800D604CF2DC40261DC2F20120016856
:10529000013101604CF29C51E06AC2F201210A68BE
:1052A000904288BF086000EB80004CF23851C2F297
:1052B000012101EB80026261536851F82020013224
:1052C00041F820209D68C4E902359E606E60EDF7CC
:1052D0009FFDD9F8000078B13868E16AC06A884259
:1052E0000AD24EF604504FF08051CEF20000016019
:1052F000BFF34F8FBFF36F8F01B0BDE8F083D4D4FD
:105300002DE9F04781469000984617460D46FEF776
:1053100073FC002845D004466C20FEF76DFC002885
:1053200043D06C210646DDF820A001F035FF346340
:1053300075B106F13400112115F8012B00F8012B8D
:105340001AB10029A1F10101F6D1002086F845002B
:10535000BAF1050F30D204EB8700099D0438C6F876
:105360002CA020F00704301DC6F848A0FEF7F8FF77
:1053700006F11800FEF7F4FFCAF10500B061316BC9
:1053800020464A46434636617662EDF7B1FC30600E
:105390003046002D18BF2E60FFF716FF0120BDE834
:1053A000F0874FF0FF30BDE8F0872046FEF758FD4C
:1053B0004FF0FF30BDE8F0874BF2BC104AF6CE123A
:1053C0004AF61703C0F20120C0F20122C0F2012305
:1053D00040F26471F9F7A8FCF0B581B00446EDF72E
:1053E000E7FC4CF2D846002CC2F2012608BF346814
:1053F000251D2846FEF7E4FFA06A18B104F1180045
:10540000FEF7DEFF4CF2DC404CF2E047C2F2012036
:10541000C2F201270168013101603068396891B139
:10542000844210D14CF2E4402946C2F20120FEF73A
:105430009BFF4CF2F840C2F201200168013101608B
:10544000EDF7E6FC27E04CF2FC40C2F201200168D7
:10545000013901604CF20850C2F20120016809686C
:1054600019B10068C068006801E04FF0FF304CF2ED
:10547000A451C2F201210860EDF7CAFC94F869005A
:10548000022808D0012803D078BB206BFEF7E8FC87
:105490002046FEF7E5FC386810B13068844201D040
:1054A00001B0F0BD4CF20050C2F20120006860B9BA
:1054B0004EF604504FF08051CEF200000160BFF371
:1054C0004F8FBFF36F8F01B0F0BD4BF2BC104BF2AA
:1054D000E7124AF24443C0F20120C0F20122C0F2B6
:1054E000012340F61411F9F71FFC4BF2BC104AF6E9
:1054F0005D024BF2C703C0F20120C0F20122C0F2EC
:10550000012341F62E11F9F70FFCD4D4D4D4D4D40E
:105510004CF20050C2F20120016801310160704775
:105520002DE9F04381B04CF204524CF20853C2F220
:1055300001224CF2D844C2F20123C2F201241568C0
:105540004CF20C52C2F20122D3F8008006460F46FC
:10555000D2F800902268101DFEF732FF701C18D19F
:10556000BFB14CF22450C2F20120D0E900122368EE
:1055700001319A6093682768FB60276804375F6091
:1055800023680433936022680160506101B0BDE874
:10559000F0832068AD194560206800F1040105D34F
:1055A000484601B0BDE8F043FEF7EABE4046FEF7CC
:1055B000E7FE4CF2A450C2F2012001688D4238BFD0
:1055C000056001B0BDE8F0832DE9F04F81B0EDF743
:1055D000EFFB4CF20050C2F201200168002900F0FC
:1055E000A980016801390160006830B10024EDF73D
:1055F0000FFC204601B0BDE8F08F4CF2FC40C2F237
:10560000012000680028F1D04CF2105B4CF2A05948
:10561000C2F2012B4CF2D848C2F20129C2F2012891
:10562000DBF80010002960D04CF29C5A4CF2385341
:105630004FF0000EC2F2012AC2F201234FF0010C1A
:10564000DBF80C70FC6804F11805A76AD4E90716AA
:105650007A68AA428E60716008BF7E603968C4F8BB
:1056600028E001393960261D6769D4E902157A6896
:10567000B2428D60696008BF7D6039680139396068
:10568000E76ADAF800108F4207EB870188BFCAF893
:10569000007003EB810262615568A868C4E902509A
:1056A000AE60466053F82100013043F82100D8F87D
:1056B0000000C06A874288BFC9F800C0DBF800005C
:1056C00008B12FF043C84CF20850C2F20120016823
:1056D000096819B10068C068006801E04FF0FF3048
:1056E0004CF2A451C2F2012108604CF2AC54C2F257
:1056F0000124266856B1012700F01AFB002818BFC4
:10570000C9F80070013EF7D100202060D9F80000F0
:1057100000283FF46BAFD8F800004EF60450CEF2EC
:1057200000004FF0805101240160BFF34F8FBFF3A1
:105730006F8F5CE74BF2BC104AF655124BF28D634B
:10574000C0F20120C0F20122C0F2012340F68B71A9
:10575000F9F7EAFAD4D4D4D42DE9F04100283ED0A8
:1057600004464CF20050C2F2012001680131016090
:105770000068012840D14CF204504CF20851C2F2AA
:1057800001204CF2D845C2F20121C2F2012507687E
:105790004CF20C50C2F20120D1F800800668286853
:1057A0000430FEF70DFE2868E4194460286800F113
:1057B000040103D33046FEF7E3FD0AE04046FEF75E
:1057C000DFFD4CF2A450C2F2012001688C4238BFC8
:1057D0000460FFF7F9FE002818BFBDE8F0814EF61F
:1057E00004504FF08051CEF200000160BFF34F8FA4
:1057F000BFF36F8FBDE8F0814BF2BC104BF28852C3
:105800004AF6D533C0F20120C0F20122C0F20123D2
:1058100040F68E11F9F788FA2DE9F04100284CD0B6
:1058200004464CF2D840C2F20120006884421DD0E8
:10583000EDF7BEFA4CF208504CF20C51C2F20120C6
:10584000C2F201216569A66A0768D1F80080EDF708
:10585000DFFA4CF21050C2F20120864209D0022039
:10586000BD4218BF454507D1BDE8F0810020BDE825
:10587000F0810120BDE8F0814CF22450C2F20120F9
:1058800085420CD04CF2E4410120C2F20121002DEE
:1058900008BF04208D4208BF0420BDE8F081A06A43
:1058A00000284FF0020018BFBDE8F08194F868109E
:1058B000012950EA0090BDE8F0814BF2BC104AF695
:1058C000F0324BF2F313C0F20120C0F20122C0F219
:1058D00001234FF41C61F9F727FAD4D4D4D4D4D4DB
:1058E000F0B581B00446EDF763FA4CF2D847002CCE
:1058F000C2F2012708BF3C68261D3046FEF760FD56
:10590000A06A18B104F11800FEF75AFD4CF22455B4
:105910003146C2F201252846FEF726FD94F86800BC
:10592000012802D1002084F86800EDF771FA4CF2EA
:10593000E046C2F201263068A8B1EDF739FA4CF220
:105940000850C2F201200168096819B10068C068F6
:10595000006801E04FF0FF304CF2A451C2F2012187
:105960000860EDF755FA3868844201D001B0F0BD07
:10597000306820B34CF20050C2F2012000680028C9
:1059800001BF4EF60450CEF200004FF0805101608E
:1059900001BFBFF34F8FBFF36F8F01B0F0BD4BF26C
:1059A000BC104BF63B224AF24443C0F20120C0F245
:1059B0000122C0F2012340F6A841F9F7B5F94CF2F3
:1059C000FC402968C2F201200068814203D1002016
:1059D000386001B0F0BD4CF20050C2F20120006806
:1059E00038B14CF2A0500121C2F20120016001B097
:1059F000F0BD4CF2A0500021C2F201204CF238530D
:105A0000C2F2012301604CF29C50C2F201200168F5
:105A100001EB810253F8226003EB82023EB900BF22
:105A2000A1B152F8143D01390BB92FF007C85368E2
:105A300002F108065B685360B34201D1D36853603A
:105A4000DA683A600160386801B0F0BD4BF2BC1012
:105A500049F6D7324BF69E43C0F20120C0F2012234
:105A6000C0F2012341F2FA31F9F75EF9D4D4D4D46B
:105A700080B54CF20050C2F20120006830B14CF207
:105A8000A0500121C2F20120016080BD4CF2A05063
:105A90004CF29C5CC2F20120C2F2012C00214CF2BB
:105AA00038530160C2F20123DCF8001001EB8102DF
:105AB00053F8220003EB820248B900BF00BF00BFC9
:105AC000C1B152F8140D013908B92FF007C8506858
:105AD00002F1080E43685360734501D1D3685360E7
:105AE0004CF2D842D868C2F201221060CCF8001003
:105AF000106880BD4BF2BC1049F6D7324BF69E437E
:105B0000C0F20120C0F20122C0F2012341F2FA31B9
:105B1000F9F70AF9D4D4D4D42DE9F041002854D0AF
:105B20004CF2D8460446C2F201263068844208BFCF
:105B3000BDE8F081EDF73CF94CF224516069C2F206
:105B40000121884203D0BDE8F041EDF761B9A06AB8
:105B50000028F8D194F868000128F4D004F1040872
:105B60004046FEF72DFC4CF29C51E06AC2F2012146
:105B70000A6890424CF2385288BF086000EB8001FE
:105B8000C2F2012202EB810363615D6852F82130A9
:105B9000013342F82130AF68C4E90257C5F80880E4
:105BA000C7F804803168C96A8142CCD24EF60450ED
:105BB0004FF08051CEF200000160BFF34F8FBFF372
:105BC0006F8FBDE8F041EDF723B94BF2BC104BF2FB
:105BD00004424AF6FE33C0F20120C0F20122C0F2B4
:105BE00001234FF45261F9F79FF8D4D4D4D4D4D41C
:105BF000B0B58CB044F2494005A9C4F24C500790AE
:105C000006A804AA00248DF82040CDE90544ECF74D
:105C10000FFFDDE90420019046F6610007A9C0F2FC
:105C200001200023069D00940295FFF739FA4CF2FB
:105C3000A850C2F20120056000F02EFE012811D00C
:105C4000013025D14BF2BC104BF279624AF63F434A
:105C5000C0F20120C0F20122C0F2012340F6A96186
:105C6000F9F762F84CF2A4510120C2F2012180F34D
:105C700010884FF0FF320A604CF2E0414CF20452BF
:105C8000C2F20121C2F2012208601460EDF74CF863
:105C90004CF66460C0F2012000680CB0B0BDD4D4F2
:105CA000F0B581B04CF2F845C2F201252868D0B3B6
:105CB0004CF2E4464CF2FC47C2F20126C2F2012744
:105CC0000AE000BF00BF00BF206BFEF7C9F8204606
:105CD000FEF7C6F8286830B3EDF76AF8F068C468D4
:105CE000201DFEF76DFB38680138386028680138E0
:105CF0002860EDF78DF894F869000228EAD00128B1
:105D0000E5D00028E0D04BF2BC104AF65D024BF221
:105D1000C703C0F20120C0F20122C0F2012341F604
:105D20002E11F9F701F801B0F0BDD4D4D4D4D4D4F5
:105D30002DE9F04F81B04CF20050C2F20120006812
:105D400050B14CF2AC50C2F2012001680131016047
:105D5000002001B0BDE8F08F4CF204504CF2A45288
:105D6000C2F20120C2F20122016811F1010BC0F858
:105D700000B021D34CF20850C2F20120016809683A
:105D8000002940F096804CF20C530168C2F20123C6
:105D90001F68076019604CF2B051C2F201210B6814
:105DA00001330B600168096819B10068C0680068B8
:105DB00001E04FF0FF3010601068834501D20020F1
:105DC0006CE04CF2085AC2F2012ADAF800000068CE
:105DD000002858D04CF29C594CF2385E4CF2D8480E
:105DE000C2F20129C2F2012EC2F20128002020E0F5
:105DF000F56AD9F800108D4205EB850188BFC9F816
:105E000000500EEB8102726153685EF8212001326E
:105E10004EF821209C68C6E902349F606760D8F87C
:105E20000010C96ADAF800208D4288BF012011688D
:105E300069B3DAF80010C968CE68374657F8041F0E
:105E40008B4526D37169D6E902354A68BA429D600E
:105E50006B6008BF4D60B56A0A68002DA2F10102AF
:105E60000A60C5D006F11802D6E90731D5F804C09A
:105E7000944599604B6008BF69600021B162296850
:105E800001392960B4E74FF0FF31002005E04FF001
:105E9000FF314CF2A452C2F2012211604CF2A05127
:105EA000C2F201210968002918BF012001B0BDE834
:105EB000F08F4BF2BC104AF6B65249F66133C0F28D
:105EC0000120C0F20122C0F2012341F25F21F8F764
:105ED0002BFFD4D4D4D4D4D44CF20450C2F2012039
:105EE00000687047D4D4D4D44CF2FC40C2F20120F4
:105EF00000687047D4D4D4D410B570B10C464CF2BD
:105F0000D841C2F2012109681831FEF739FA01219E
:105F10002046BDE81040FFF703BB4BF2BC104BF22C
:105F20000C624AF60C43C0F20120C0F20122C0F21A
:105F300001234FF4A451F8F7F7FED4D4D4D4D4D429
:105F400010B5002843D04CF20053C2F201231B6865
:105F5000002B1FBF4CF2D84EC2F2012EDEF800C05B
:105F600041F000411FBFCCF81810D0E900C1DEF8A5
:105F70000030D9611FBF8B68DEF800402362DEF875
:105F800000401FBF18345C60DEF8003018331FBFBC
:105F90008B60DEF80010886201211FBF0CF1010345
:105FA00003601046BDE8104018BFFFF7B9BA4BF2C6
:105FB000BC104AF2CF224BF6F433C0F20120C0F2FB
:105FC0000122C0F2012341F2A241F8F7ADFE4BF2EB
:105FD000BC104AF2CF224AF60C43C0F20120C0F2B4
:105FE0000122C0F2012341F29E41F8F79DFED4D474
:105FF000B0B530B34CF2D84ED0E900C3C2F2012E96
:10600000002ADEF80040E3619C68DEF800502C6254
:10601000DEF8005005F118056560DEF8004004F177
:1060200018049C60DEF8003018BF4FF0FF31986212
:106030000CF10103036008461146BDE8B040FFF7CC
:106040006FBA4BF2BC104AF664124AF60C43C0F227
:106050000120C0F20122C0F2012341F2BE41F8F753
:1060600063FED4D4D4D4D4D4B0B5C068C0680028FA
:106070006CD0826A00F1180CD0E9071E53686345A2
:10608000C1F808E0CEF804104FF0000108BFC2F8D4
:1060900004E013688162591E11604CF20051C2F293
:1060A0000121096889B14CF21051C2F201218162CB
:1060B000D1E9002301320A609D68C26AC0E9073550
:1060C000C5F804C0C3F808C02FE0426900F1040C11
:1060D000D0E9021E53686345C1F808E0CEF8041009
:1060E0004CF29C5308BFC2F804E01168C2F20123CD
:1060F00001391160C26A19684CF2385E8A42C2F2F4
:10610000012E02EB820188BF1A600EEB810343610E
:106110005C68A568C0E902455EF82100C4F808C0C3
:10612000C5F804C001304EF821004CF2D840C2F24C
:1061300001200068C06A824206D94CF2A0510120B9
:10614000C2F201210860B0BD0020B0BD4BF2BC100E
:106150004AF684124AF27753C0F20120C0F20122BB
:10616000C0F2012341F2F541F8F7DEFDD4D4D4D4D6
:10617000B0B54CF20052C2F201221268002A56D089
:10618000C46841F00041002C016060D0D0F810E0FC
:1061900004F1040CD0E90113DEF8042082428B6084
:1061A00059604FF0000108BFCEF804300161D4E916
:1061B00002206369DEF800100139CEF800105D6836
:1061C00090606545426008BF58601868E16A013810
:1061D00018604CF29C504CF2385EC2F20120C2F2C0
:1061E000012E0268914288BF016001EB81000EEB35
:1061F000800363615D68AA68C4E90252C5F808C0FB
:10620000C2F804C05EF8202001324EF820204CF283
:10621000D840C2F201200068C06A814298BFB0BD78
:106220004CF2A0500121C2F201200160B0BD4BF23E
:10623000BC104AF2B9624BF6F433C0F20120C0F24E
:106240000122C0F2012341F24351F8F76DFD4BF2F8
:10625000BC104AF2B9624AF27753C0F20120C0F290
:106260000122C0F2012341F24E51F8F75DFDD4D472
:106270004CF2B051C2F20121096801604CF20451A4
:10628000C2F20121096841607047D4D4D4D4D4D477
:1062900070B568B30D46D9B30446ECF789FD4CF2EE
:1062A000045EC2F2012EDEF8003029684A1C16D0C6
:1062B0004CF2B05CD4E90002C2F2012CDCF80060C0
:1062C000864201D093420CD29A1A914209D9881A77
:1062D0002860DCF800002060DEF800006060002428
:1062E00002E0012400202860ECF792FD204670BDFA
:1062F0004BF2BC104BF2D1224AF2DB63C0F2012018
:10630000C0F20122C0F2012341F2A551F8F70CFDC1
:106310004BF2BC104BF2D1224AF6E313C0F201203B
:10632000C0F20122C0F2012341F2A651F8F7FCFCB1
:106330004CF2A0500121C2F2012001607047D4D478
:10634000042988BF704728B94CF2D840C2F2012016
:10635000006818B100EB81000265704780B54BF210
:10636000BC104BF6AC424AF64573C0F20120C0F2B5
:106370000122C0F2012341F23F71F8F7D5FCD4D4D9
:10638000042909D820B94CF2D840C2F20120006893
:1063900000EB8100006D704700207047D4D4D4D446
:1063A0004CF2D840C2F2012000687047D4D4D4D453
:1063B0004CF2E040C2F20120006850B14CF20050B3
:1063C000C2F20120006800284FF0000008BF022040
:1063D000704701207047D4D408B3F0B581B04CF2B7
:1063E000D846C16AC2F201263268D26A914218D2F6
:1063F0008269002A04D43268D26AC2F1050282613D
:1064000001EB81014CF23855C2F20125426905EBDE
:1064100081018A420DD03168C96AC1622AE0002038
:106420007047806C3168C96A88425FEA2F9001B07A
:10643000F0BD041D07462046FDF7C2FF31684CF24F
:106440009C52C2F201223846C96AF9621368994225
:1064500088BF116001EB810105EB81024261536845
:106460009F68C0E902379C6055F821307C60581C59
:1064700045F82100012001B0F0BDD4D4D4D4D4D447
:1064800070B5E0B34CF2D841C2F2012109688842EC
:1064900037D1C16C002944D00139C1644FF00001EB
:1064A0002BD1826CC36A934227D0061D0546304625
:1064B000FDF786FFA96CE962C1F10502AA614CF201
:1064C0009C522846C2F201221368994288BF11608B
:1064D00001EB81014CF23852C2F2012202EB81033E
:1064E00043615D68AC68C0E90254AE60666052F812
:1064F0002160701C42F821000121084670BD002077
:1065000070BD4BF2BC104AF61E324AF2E563C0F28F
:106510000120C0F20122C0F2012341F62821F8F740
:1065200003FC4BF2BC104AF61E324BF2A863C0F2D9
:106530000120C0F20122C0F2012341F62921F8F71F
:10654000F3FBD4D4D4D4D4D470B528B3C26C002A0D
:1065500043D0836C8B4253EA8181012A1CD1C26AE9
:106560008A4208BF70BD4CF2D843C2F201231B68B7
:10657000984242D08369C162002B4CF238555CBF0F
:10658000C1F10501816102EB8201C2F2012542697C
:1065900005EB81018A4200D070BD041D06462046ED
:1065A000FDF70EFF4CF29C52F16AC2F20122304616
:1065B0001368994288BF116001EB810105EB8102EC
:1065C000426153689E68C0E9023655F821009C601C
:1065D0007460013045F8210070BD4BF2BC104AF2E6
:1065E000F3724BF2A863C0F20120C0F20122C0F2A4
:1065F000012341F68621F8F797FB4BF2BC104AF2D3
:10660000F3724BF29353C0F20120C0F20122C0F2A8
:10661000012341F6A121F8F787FBD4D4D4D4D4D4F4
:106620004CF2D841C2F20121086880690A68D26A36
:106630000968C2F105028A617047D4D4D4D4D4D495
:106640004CF2D840C2F201200068002808BF704711
:10665000C16C0131C164704770B5002844D14CF25F
:1066600000500C46C2F2012015460168013101605C
:10667000ECF79EFB4CF2D846C2F201263068406E21
:10668000B0B1ECF7C5FBFEF79FFFECF791FB30686C
:10669000456E2DB130680021002C08BF691E41668F
:1066A0003068002180F86810ECF7B2FB284670BD16
:1066B0003068012180F86810ECF7AAFB002DE2D0C9
:1066C00001212846FEF72CFFFEF77EFF0028DCD1D3
:1066D0004EF604504FF08051CEF200000160BFF33F
:1066E0004F8FBFF36F8FD0E74BF2BC104BF67E623B
:1066F0004AF2FB63C0F20120C0F20122C0F2012382
:1067000041F6C751F8F710FB2DE9F041002877D08A
:10671000002940F0858005469046ECF7D9FB102112
:10672000EFF3118081F31188022295F8681085F843
:1067300068206A6E012902F1010169665CD1A96ACB
:1067400000297DD14CF20051C2F20121096889B1C2
:106750004CF2105105F11807C2F20121A962D1E9EA
:10676000002301320A609E68EA6AC5E9073677604D
:106770009F602CE06A6905F1040CD5E902135468A6
:1067800064458B60596008BF53604CF29C5311689C
:10679000C2F2012301391160EA6A19688A4288BF8E
:1067A0001A6002EB82014CF23853C2F2012303EB70
:1067B00081046C616668B768C5E90267C6F808C0FD
:1067C000C7F804C053F82170013743F821704CF228
:1067D000D841C2F201210968C96A8A420CD9B8F1CC
:1067E000000F4FF001021CBF0121C8F800104CF24D
:1067F000A051C2F201210A6080F31188BDE8F08146
:106800004BF2BC104AF618424AF6C953C0F20120B6
:10681000C0F20122C0F201234FF4FE51F8F784FACE
:106820004BF2BC104AF618424AF69D13C0F2012002
:10683000C0F20122C0F2012341F6C171F8F774FAE7
:106840004BF2BC104AF618424BF61F43C0F201202F
:10685000C0F20122C0F2012341F6EA71F8F764FAAE
:106860004CF238544EF60455C2F20124CEF2000523
:106870004FF0805602E000BFECF7EEFAFFF710FA97
:1068800020680228F8D32E60BFF34F8FBFF36F8FBD
:10689000F2E7D4D4D4D4D4D480B586B000F03CF898
:1068A0004CF2DC50C2F20120006820B30020CDE998
:1068B000040005A804A903AAECF7CAF80DF10C0E10
:1068C0000320009046F699104BF64821C0F20120B3
:1068D0009EE80450C0F201210023CDE901CEFEF76D
:1068E000DFFB4CF2E0510028C2F2012108601EBF1C
:1068F000012006B080BD49F692404BF65D424AF653
:10690000F113C0F20120C0F20122C0F201234FF4C2
:10691000A371F8F709FAD4D470B582B0ECF748FA4D
:106920004CF2DC56C2F20126306868BB4CF2F054DF
:10693000C2F201242046FDF707FD4CF20465C2F2C5
:1069400001252846FDF700FD4CF2E4504CF2E851D9
:10695000C2F20120C2F201214CF260624CF21863D3
:1069600004600D60C2F20122C2F201230A2010214C
:1069700000250095FDF798FD306028B14AF2EE2120
:10698000C0F20121FEF730FB02B0BDE87040ECF729
:106990003FBAD4D4D4D4D4D486B04CF2E4584CF218
:1069A000E85A4CF2DC5BC2F201280DF10809C2F290
:1069B000012AC2F2012B00BFD8F8000006681EB100
:1069C000C068046801E000BF0024FEF7A1FD48464E
:1069D00000F026F9029919B1FEF7F6FD53E000BF69
:1069E000054646B3AC4226D8FEF7EEFDD8F80000C7
:1069F000C068C668301DFDF7E3FC96F82400410727
:106A00000DD400F0FA0086F8240039E000BF00BF82
:106A1000291B81422DD3316A304688473C46B069F4
:106A2000366107197760AF42F2D9A54223D2A74257
:106A30004046F0D220E00EB1002205E0DAF8000076
:106A4000006800285FEA1F92DBF80000611BFEF778
:106A500003FBFEF7B9FD01ACB0B94EF604504FF0A0
:106A60008051CEF200000160BFF34F8FBFF36F8FF4
:106A70000AE0504600E040460068311DFDF780FC0A
:106A8000316A3046884701AC0020CDE90400CDE9E9
:106A9000020005E0424610682946FDF771FC01AC92
:106AA000DBF8000000224946FEF792F908B92FF002
:106AB0007DC80298B0F1FF3F06DCDDE903200599AF
:106AC000904702980028EBD4049E706910B1301DE5
:106AD000FDF776FC204600F0A3F802990139082959
:106AE000DED80746DFE801F005053B255D05053BDF
:106AF0002500039AB06996F8241083183546BB42E6
:106B000041F0010486F8244045F8043F366105D978
:106B10009742BFD29342424604D2BCE7BA1A82429D
:106B20005246B8D34A0721D401F0FA0086F824006F
:106B300047E096F8241003980028B06141F0010165
:106B400086F8241042D038443146B84258EA8A8246
:106B500041F8040F36611068FDF712FCA0E796F8C3
:106B6000240000F0FE0086F8240099E703995446BB
:106B7000014409E000BF00BF791A814219D3316A8C
:106B800030468847B069514601EB000AC6F804A0B8
:106B9000BA453661F0D98F420DD28A454046EED2D1
:106BA0000AE096F824008107DBD43046FDF758F957
:106BB00076E7204600E0404600682946FDF7E0FB06
:106BC000A246316A3046884701AC69E749F69240EF
:106BD0004BF6BC024BF6AF63C0F20120C0F20122BB
:106BE000C0F201234FF48261F8F79EF8D4D4D4D4D4
:106BF00080B584B09C466FF00103CDE900304CF2C3
:106C0000DC50C2F201200291039269460068002321
:106C10006246FEF719F804B080BDD4D4D4D4D4D4DD
:106C20002DE9F04F81B08246FFF756F94CF2EC594E
:106C3000C2F20129D9F8001088423CD24CF2E45744
:106C40008046C2F201274CF2E85BC2F2012B3868A1
:106C50000168A9B9DBF800103960CBF80000012108
:106C6000404629E000BF00BFDBF800003146FDF7D9
:106C700087FB296A28468847386801680029E9D0D7
:106C8000C068C56804682E1D3046FDF799FB95F86D
:106C90002400410704D400F0FA0085F82400E8E756
:106CA000A9692D61081909196860DDD20446296AAD
:106CB00028468847F4E70021CAF80010C9F8000008
:106CC00001B0BDE8F08FD4D440B584B002AE0096D8
:106CD00000F004F8029A039B04B040BDB0B584B044
:106CE0000D4602A980EAE57000911C4682EAE37233
:106CF00085EAE571B0EBE57061EBE57183EAE3737A
:106D0000B2EBE47263EBE47300F017F8DDE9022301
:106D1000DDF820C083EAE57382EAE572B2EBE57242
:106D200063EBE573CCE90023E21782EAE572504099
:106D30005140801A914104B0B0BD2DE9F04FDDF80B
:106D400024B0844671B1C2B1BBB3B1FA81F7B3FAD2
:106D500083F6F71B202F07D207F10109B9F1200FA5
:106D60001BD137E0002B42D0BBF1000F18BFCBE99D
:106D700000C100200021BDE8F08F002B45D0002885
:106D800046D05F1E3B427ED0B1FA81F7B3FA83F65C
:106D9000F71B1F2FE8D207F10109C7F11F0720FADF
:106DA00009F621FA09FC01FA07F4B84034434FF020
:106DB000000AB9F1010F17D088E0571E3A4235D0CA
:106DC000B1FA81F7B2FA82F6F71B07F12109B9F19E
:106DD000200F45D14FF0000C4FF020090C464FF02A
:106DE000000AB9F1010F71D14FF0000EB8E0B0FB0D
:106DF000F2FCBBF1000F1EBF0CFB12000021CBE91F
:106E0000000100216046BDE8F08F6046BDE8F08FCC
:106E1000B1FBF3FCBBF1000F1EBF0CFB13100021F4
:106E2000CBE9001000216046BDE8F08FBBF1000FF8
:106E30001EBF00230740CBE90073012A00F0BA808F
:106E400092FAA2F24F00B2FA82F202F01F03D1408E
:106E5000D8401F23934307FA03F31843BDE8F08F8C
:106E6000B9F11F0F1FD8C9F1200620FA09F721FA3E
:106E700009FC01FA06F4B0403C434FF0000AB9F1B6
:106E8000010FB1D022E0BBF1000F1CBF07EA0100E7
:106E9000CBE900C093FAA3F0B0FA80F021FA00F039
:106EA0000021BDE8F08FA9F1200CC9F1400720FABC
:106EB0000CF601FA07F4264321FA0CF400FA07FA5B
:106EC0004FF0000C3046B9F1010F8DD029F00107C9
:106ED0000126023F4FF0000B06EB570E4FEA4C071E
:106EE00047EAD477640044EAD0744000FD43E143AC
:106EF000891843EB0508A51A67EB0306B8F1000FE4
:106F000056EA478755EA44867F0047EAD6777600F7
:106F100046EAD07440EADA70A51A6FEA040167EB1A
:106F2000030689184FEA40006FEA0701594156EA03
:106F3000478C55EA4484CF0F4BEA4A01BB4640EAEE
:106F4000D170490041EAD87A0FF039C05FEAC971BF
:106F500003D15246DDF824B01EE0DDF824B0BE4671
:106F600067004FEA4C0147EAD07741EAD471B7EBAA
:106F700002084FEA400061EB0304FD4352196FEA37
:106F8000010653EB060240EADA7054EA418C58EAF3
:106F90004784D70F4EEA4A02D10FBBF1000F41EAF6
:106FA00040014FEA420020F0010018BFCBE9004C3D
:106FB00007EB000C6046BDE8F08FD4D440B584B038
:106FC00002AE0096FFF7B9FE029A039B04B040BDE3
:106FD00080EA010C1CF0030F37D110F0030C20F0F5
:106FE000030021F0030150F8042B08BF51F8043BC3
:106FF0000ED08CF0030C6FF07F434FEACC0C23FAD9
:107000000CFC51F8043B42EA0C0243EA0C0300BFBB
:10701000A2F1013C9A4201BF2CEA020C1CF0803F15
:1070200050F8042B51F8043BF2D04FEA02604FEACB
:107030001222012828BFB0EB036F08BF1B0AF4D04F
:1070400003F0FF03000EC01A704710F0030F0AD0C0
:1070500010F8012B11F8013B012A28BF9A42F4D005
:10706000A2EB030070474DF8045D50F8042B01F0CB
:10707000030521F0030151F8043B022D26D04DD821
:1070800022F07F45B5EB132FA2F1013C2CEA020C54
:107090000DD11CF0803C08BF51F8043B0AD185EAB1
:1070A0000205B5EB036F0CD150F8042BE8E74FEA6B
:1070B00013235CE03CF07F4C54D10B784FEA12650F
:1070C00055E04FEA126503F0FF0350E04FEA024536
:1070D000A2F1013C4FEA15452CEA020CB5EB134F27
:1070E00018D11CF0803C08BF51F8043B07D185EA59
:1070F0000205B5EB034F09D150F8042BE6E75FEA30
:107100000C4C2FD10B884FEA124530E04FEA034375
:107110004FEA12454FEA134329E000BF02F0FF0592
:10712000B5EB136FA2F1013C2CEA020C0DD11CF05F
:10713000803C08BF51F8043B0AD185EA0205B5EB53
:10714000032F0AD150F8042BE8E74FEA13630EE04F
:1071500012F0FF0F06D051F8043B4FEA122523F03E
:107160007F4304E04FF000005DF8045B704705F0DA
:10717000FF0203F0FF00012828BF904204BF2D0A40
:107180001B0AF4D0A2EB00005DF8045B70470B46CD
:1071900011461A4600F01AB90A46002100F016B945
:1071A00070B5830708D0002A00F0908003785FFA5A
:1071B00081FE73453FD170BD1646042E65D3CAB219
:1071C0004FF001335A4340F2001CC0F2011C036827
:1071D0005340ACEB03052B43DB4313F0803F58D106
:1071E000331F042B47D345685540ACEB05042543BA
:1071F000ED4315F0803F40D1A6F10803042B3ED3A8
:1072000085685540ACEB05042543ED4315F0803F00
:1072100037D1A6F10C03042B35D3C5685540ACEB30
:1072200005042543ED4315F0803F30D1103E10306A
:10723000032ECCD829E084460130561E8307BCD0EB
:10724000002E43D003787345B5D00CF10200961E92
:107250008307B2D0D6B303787345ACD00CF10300EA
:10726000D61E8307A9D08EB303787345A3D0161F0B
:107270000CF10400A1E7043006E0043008E0083017
:1072800002E0083004E00C301E4616B91EE00C3057
:107290001E46721EA6F1020CA6F1030ECCB200210E
:1072A000435CA34214D08A4210D045186B78A342A5
:1072B00010D08C450AD0AB78A3420DD08E4505D0B6
:1072C000EB78A3420AD004318E42E9D1002070BD90
:1072D000084470BD681C70BDA81C70BDE81C70BD62
:1072E000844641EA000313F0030349D1403A23D313
:1072F0000B6803604B6843608B688360CB68C36036
:107300000B6903614B6943618B698361CB69C3611D
:107310000B6A03624B6A43628B6A8362CB6AC36205
:107320000B6B03634B6B43638B6B8363CB6BC363ED
:1073300040304031403ADBD230320BD30B6803602F
:107340004B6843608B688360CB68C360103010313A
:10735000103AF3D20C3205D351F8043B40F8043B09
:10736000043AF9D2043208D0D2071CBF11F8013B0D
:1073700000F8013B01D30B8803806046704700BFD3
:10738000082A13D38B07B1D010F00303AED0C3F19A
:107390000403D21ADB071CBF11F8013B00F8013BC4
:1073A000A4D331F8023B20F8023B9FE7043AD9D33B
:1073B000013A11F8013B00F8013BF9D20B78037058
:1073C0004B7843708B7883706046704770B4840745
:1073D00046D0541E002A41D0CDB2034602E0621EC0
:1073E000E4B3144603F8015B9A07F8D1032C2ED9B5
:1073F000CDB245EA05250F2C45EA054519D92646A3
:1074000003F11002103E0F2E42F8105C42F80C5CA3
:1074100042F8085C42F8045C02F11002F2D8A4F1D0
:10742000100222F00F0204F00F041032032C134458
:107430000DD91E462246121F032A46F8045BFAD8CD
:10744000221F22F00302121D134404F003042CB186
:10745000C9B21C4403F8011BA342FBD170BC7047A6
:1074600014460346C2E7D4D4D4D4D4D4D4D4D4D488
:10747000014800687047000000C7012240F208017F
:10748000C0F20001401A4CF20071C2F20121086002
:10749000704720F0030110F00300C0F1000051F824
:1074A000043B00F1040C4FEACC0C6FF000021CBF4F
:1074B00022FA0CF213434FF0010C4CEA0C2C4CEA6C
:1074C0000C4CA3EB0C0222EA030212EACC1204BF1A
:1074D00051F8043B001DF4D0C2F1000102EA0102A0
:1074E000B2FA82F2C2F11F0200EBD200704710B56F
:1074F00040F2502140F20802C0F20021C0F2000226
:107500000446FFF7EDFE40F2080040F20001C0F231
:107510000000C0F200012044FFF73EFE10BD81B024
:10752000B0B589B00C4647F27351C0F20121002575
:1075300001914FF4003194460DAA009101190D9369
:10754000002C0892CDE906550490CDE9025518BFEC
:10755000481E48BF002005906846614600F012F8BA
:10756000002C1CBF04990D7009B0BDE8B04001B0FB
:107570007047D1E904239A421EBF531C0B6110705F
:107580007047D4D42DE9F04F9BB0814680781A9291
:10759000800740F1DF85D9F80400002712908A4661
:1075A0001A98199013A8821D0C92421E1192421D26
:1075B00004300D920E900F91514611F8010B2528C1
:1075C00003D08A4638B900F0C7BD9AF801500AF1D5
:1075D000020A252D07D1129A494690470137002803
:1075E000EAD500F0B1BD002200244FF000084FF0B2
:1075F000000B04E01AF8015B002D00F01D811FFA5A
:107600008BF61F2E20D8A5F1200010281ED8DFE809
:1076100010F015001D001D0018001D001D001D00AC
:1076200014001D001D001D0011001D00CC001D00D8
:107630001D00C9004BF0020B00E0DBE74BF0040B30
:10764000D8E74BF0100BD5E77F2E0DD8A5F1300011
:10765000092840D8402E80F0A08004EB84014BF034
:10766000200B00EB4104C5E7A5F14C002E2800F2E9
:10767000E480DFE810F08F00E200E200E200E200C8
:10768000E200E200E200E200E200E200E200E200EA
:10769000E200E200E200E200E200E200E200E200DA
:1076A000E200E200E200E200E200E200E200A40008
:1076B000E2008F00E2009D00E200E200E200E20052
:1076C000E200E200E2002F00E200E200E200E2005D
:1076D000E2002F008EE7A5F12400562800F2AD80CD
:1076E000DFE810F08300AB00AB00AB00AB00AB00F9
:1076F0007400AB00AB00AB009A00AB00AB00AB007A
:10770000AB00AB00AB00AB00AB00AB00AB00AB0021
:10771000AB00AB00AB00AB00AB00AB00AB00AB0011
:10772000AB00AB00AB00AB00AB00AB00AB00AB0001
:10773000AB00AB005800AB00AB00AB00AB00AB0044
:10774000AB00AB00AB00AB00AB00AB00AB00AB00E1
:10775000AB00AB00AB00AB00AB00AB00AB00AB00D1
:10776000AB00AB00AB00AB00AB00AB006D00AB00FF
:107770005800AB006600AB00AB00AB00AB00AB0049
:10778000AB00AB005700AB00AB00AB00AB00AB00F5
:1077900057002FE74BF4207B2CE708EB880100EB28
:1077A000410827E74BF0010B24E74BF0080B21E7DA
:1077B0000BF080004BEA800040F0800B1AE70BF4DE
:1077C00080704BEA400040F4807B13E7002A7FF48E
:1077D00011AF19983F2E00F104011991006828D8C3
:1077E0004BF0200B0022044604E7DAB11A98402E31
:1077F000199019A90F98154654EA388200F0B0FC88
:107800001998402E2A4600F104011991006850EAA7
:10781000348458EA3088EDE63F2E00F29D844BF028
:10782000400BE7E622464FF0000800244FF0000B23
:10783000E0E600228046DDE600252AB11A9819A963
:1078400019900F9800F08CFCB8F1000F48BF2BF096
:10785000400B002C28EAE87C45F0200248BF4BF0A2
:10786000080B54EA54B0612A10901CBFA2F16500C5
:10787000022825D81998561B612A00F1070020F02C
:1078800007010B46496853F8080B199346D1F2B229
:1078900000925FEA4B6213AA58BF4FF0FF3C634669
:1078A000E04600F0FCFD01300B904BF4C05B01237F
:1078B000C0B28045D8BFA0F10108702009905EE0F9
:1078C000A5F16300122800F2178108230026DFE8E3
:1078D00010F04001130013011301130113011300F1
:1078E000130113011301130113016F016B01130144
:1078F00013011A01130139011FFA8BF15FEA0B60C2
:1079000000F117811998021D19920068CA0540F10B
:107910001781890554BF00B240B211E15FEA4B63A1
:1079200058BF4FF0060C662A0BD0652A11D1652589
:107930004BF4805BE0460CF101034FF0000C09951D
:1079400011E066224BF4005B012509921123E04609
:107950000AE05FEA0C63E04663464FF0000C08BFA4
:107960000123023A0992002513AADBB2CDE9005C9B
:10797000112B28BF112300F08CFF02230B90139DC5
:10798000A4469DF85000A5F10A01A5F1640211F189
:10799000130F38BF022312F1C70F38BF0323C107EB
:1079A00011D15FEA8B713AD41FFA8BF11446202271
:1079B00002EAC10E11F0040F22465FEA1F9410F094
:1079C0000C0F06D131E04FF02D0E002410F00C0FFB
:1079D0002BD0002C4FF00300109950EA1090254650
:1079E000814218D95FEA0B7160D4CCF10001F046F6
:1079F0008C455CEACCB1441A129A20204946904743
:107A0000002800F1A18301370134F5D30024C646D4
:107A1000002D4ED055E00024002D4AD051E04FF00B
:107A20002B0E002410F00C0FD3D11BF4405F0392F7
:107A3000CDE907E5CDF814C040F015820A94B8F1FD
:107A4000010F0B9C4FF0010058EA80801FFA8BF168
:107A5000220600F0448198460E9BE2B29B5C302BDC
:107A600022D1631E1A061DD00E9DDAB2AD5C302DF8
:107A700040F0DA81A31E1A0600F0DA810E9DDAB218
:107A8000AD5C302D40F0D081E31E1A0600F0D081AD
:107A90000E9DDAB2AD5C302D40F0C681089D043CED
:107AA0002206D9D1002400224346C5E110990C1AC0
:107AB0003DB9129A704649469047002800F1448328
:107AC00001379DF850004BF65021C0F2012100070C
:107AD0004AF6A620C0F2012050EA518528780028F5
:107AE00000F01E83801B129A4946C0B290470137AE
:107AF00001350028F2D527E3782A40F09980C5F1B6
:107B000088032E4654E01998011D199100684BF620
:107B1000EF61C0F20121002851EA00855FEA4B6065
:107B200058BF4FF0FF3C2846614601F054FF06461F
:107B300017E01998890500F18B80011D19910068E3
:107B4000C1178DE04FF6EF700BEA000B0A23752684
:107B50002EE01998012613AD011D199100688DF8CA
:107B60004C005FEA0B7010D41098B0420DD9129AF5
:107B7000202049469047002800F1E68210980137FE
:107B800001381090B042F2D8109610983744841BF8
:107B9000002E00F0C58215F8010B4946129A904755
:107BA000013E0028F4D5CFE24BF0100B10237826CD
:107BB0004FF6F9700BEA000E5FEA0B600B960CD4DF
:107BC0001998011D199106685FEACE510CD55FEA3C
:107BD0008E5054BFB6B2F6B206E019985FEA8E51E5
:107BE0000AD4011D19910668002156EA010008BF58
:107BF0002BF0160E77D10DE0073020F0070002467B
:107C0000416852F8086B199256EA010008BF2BF040
:107C1000160E68D100265FEA4B6063D50021B8F1EB
:107C2000010F60DA4FF6E9700BEA0001A04665E04B
:107C3000129A252049469047002800F18582129A21
:107C4000284649469047023700287FF5B5AC7BE2CD
:107C5000073020F007010A46496852F8080B1992CC
:107C600000295A46CDF82CC048BF42F4806250EA41
:107C7000010323D080EAE17081EAE173B0EBE170A7
:107C800063EBE171A04613AC22F010060A232246F2
:107C900000F08FFB3146061BDDF82CC0480630D5BE
:107CA0004FF6FE7044460840664505DA002D08BFD1
:107CB00021F01100614627E0314625E05FEA4B6084
:107CC0004FF0000040F1B2800021B8F1010FD9DA85
:107CD0004FF6EE70DDF82CC000EA0B0014E0002433
:107CE0000022A9E00021A04613AC3046654622469A
:107CF000764600F05EFB3146AC46061B0B9D4806FF
:107D0000CED40846314644461FFA80FBC0060BD449
:107D100040F206401BEA000F5FEA0F9000EB0108FB
:107D20005FEA0B700AD531E0002D4FF0010050EAF8
:107D3000009000EB01085FEA0B7027D45FEACB707C
:107D400009D01098B446804505DA10997018A0EB58
:107D5000080C88461AE01098804517DA002CCDF8F8
:107D60002CC054EA54B00A906042844254EAC4B031
:107D7000A0EB0804129A202049469047002800F101
:107D8000E3810137013CF5D1DDE90A8C5FEACB6084
:107D900015D440F206401BEA000F24D05FEA8B7036
:107DA00064464FF02B0058BF20205FEA4B5148BF7C
:107DB0002D20129A49469047002812D5C4E1129A04
:107DC0003020494664469047002800F1BD8145B106
:107DD000129A284649469047002800F1B58102379B
:107DE00000E00137A446E3466546B44509DD129A32
:107DF000302049469047002800F1A681013DB54258
:107E0000F5DC10985E45A0EB080456EACB800744E9
:107E1000002E00F0858111984946129A805D9047A6
:107E2000013E0028F4D58FE11C4603E0002129E73C
:107E3000002400224346089DC9060B9452EA508153
:107E400015F1040F09DB854207DA4BF4005B8D4224
:107E500006DAE84301EB000804E0A1F1010801E0C3
:107E60004FF000080A9C1FFA8BFCA5F57A714FEAC7
:107E70000C52CDF828C0B4465FEA8B4002930491BF
:107E800006920AD4184611F5FA6F98BF042005210E
:107E9000002A58BF0321084402E025EAE5700130BA
:107EA0000A9EB8F1000F84F00102109DA346C6F3AC
:107EB000001151EA08918B180344EB1A4FF00005AA
:107EC00053EAC58416F0090F1CD1664694B10844E4
:107ED0001044059A51428A4252EAC2B1441A129A97
:107EE000202049469047002800F12E8101370134B7
:107EF000F5D300240798BBF1000F08D0069800289E
:107F00000FD41FE066460798BBF1000FF6D1129A16
:107F100049469047002800F117810137069800284C
:107F200010D5129A302049469047002800F10C8164
:107F3000C6F17800129A4946C0B29047002800F175
:107F4000038102370A9800070BD454B12744129AD0
:107F5000302049469047002800F1F680013CF6D1D8
:107F600000240A98800429D49DF851004946129AA9
:107F70009047002800F1E880B8F1010F5ADB129A0F
:107F80002E2049469047002800F1DE8008EB0700CC
:107F900000F1020B0B98C5B20020471CAF4202D281
:107FA0000C99085C00E03020129A4946904700285E
:107FB00000F1CA803846B845EFD149E00898C8F1C9
:107FC000000B20EAE076851B0B985FFA80F8701CA6
:107FD00007D1129A2E2049469047002800F1B4801C
:107FE00001373020002D03D44545BCBF0D98405DBE
:107FF00049465E4507DD129A904701350137013E3B
:108000000028E4D5A0E0129A9047002800F19C8057
:108010000A99781CC90640F19580002E40F09080A6
:10802000129A2E2049469047B0F1FF3F40F38C80D2
:10803000023775E00A98C00602D407F1010B07E089
:10804000129A2E204946904700287DD407F1020B52
:1080500009984946129A801BC0B29047002873D4F1
:1080600008984946002850EA50B54FF02B0048BF09
:108070002D20129A9047002866D4049810F5FA6FC4
:1080800016D844F6D350129AC1F262004946A5FBB5
:108090000006302000EB9610C0B29047002853D461
:1080A000B0094FF47A7100FB11550BF1030605E09E
:1080B00003980BF1020610F1C80F3DD848F21F508B
:1080C000129AC5F2EB104946A5FB0007302000EBE1
:1080D0005710C0B29047002836D47809642100FBBD
:1080E000115501364CF6CD40129ACCF6CC4049469B
:1080F000A5FB0007302000EBD700C0B29047002856
:1081000022D4F808013600EB8000A5EB400505F10C
:108110003000129A4946C0B29047002814D4771C08
:10812000012CFFF649AA129A2020494690470137B0
:10813000013C0028F4D507E002980228D2D2E6E7F5
:108140000746EDE70746EBE799F8020040F0040028
:1081500089F802004FF0FF3738461BB0BDE8F08FBA
:10816000022AB8BF70472DE9F04F42F689084FF058
:10817000010CC0F2010804464FF0010E03E05F78E5
:108180009C1C252F29D1234613F8015B252D01D0F6
:1081900025B90BE16778A31C252F1DD11C4614F8C7
:1081A000015B252D01D025B900E15F789C1C252FAE
:1081B00013D1234613F8015B252D01D025B9F5E035
:1081C0006778A31C252F07D11C4614F8015B252DC9
:1081D000D5D0002DD7D1E9E01C464FF000094FF073
:1081E000000A002604E014F8017B002F00F0AA80AA
:1081F0003346BAF11F0F0AD8A7F12005102D09D870
:108200000CFA05F515EA080F40F07D8002E0BAF19E
:108210007F0F0AD8A7F13005092D3ED803EB830361
:108220004AF0200A05EB4306DDE7A7F14C052E2DA9
:1082300000F289801E46DFE815F06800860086009F
:1082400086008600860086008600860086008600FE
:1082500086008600860086008600860086008600EE
:1082600086008600860086008600860086008600DE
:10827000860078008600680086007100860086000F
:10828000860086008600860086002F008600860015
:108290008600860086002F00A5E7A7F1240BBBF11E
:1082A000560F00F250800026DFE80BF0334D4D4DA5
:1082B0004D4D324D4D4D324D4D4D4D4D4D4D4D4D24
:1082C0004D4D4D4D4D4D4D4D4D4D4D4D4D4D4D4DDE
:1082D0004D4D4D4D2F4D4D4D4D4D4D4D4D4D4D4DEC
:1082E0004D4D4D4D4D4D4D4D4D4D4D4D4D4D4D4DBE
:1082F0003F4D2F4D384D4D4D4D4D4D4D2C4D4D4D10
:108300004D4D2C00FFE71E466DE74AF4207AFAE750
:1083100069E7B9F1000F0FD1994664E70AF08005CB
:108320004AEA850545F0800AEDE70AF480754AEAD5
:10833000450545F4807AE6E773457FF454AF63273B
:10834000F14600E00027B9F1000F2FD0F14524D10C
:1083500047F02003612B1CBF653B022B05D80B683F
:10836000073323F00703083313E0A7F16303102B4F
:108370000AD8DFE803F00C09090909090909090904
:108380000909090909090C005FEA0A6309D40B68A5
:1083900004330EF1010E04460B609645FFF6F3AE72
:1083A00004E00B685FEA8A54DAD4F1E7BDE8F04FE5
:1083B00070472DE9F04703F01F06984691468A461C
:1083C00005462846514632460023FEF7F7FD04468F
:1083D00000FB16500F46A0EB0801092888BF01F1E9
:1083E0003700303089F80000A81B7AF1000049D32B
:1083F0002046394632460023FEF7E0FD054600FBE5
:1084000016408A46A0EB0801092888BF01F1370011
:10841000303089F80100A01B77F1000036D32846E0
:10842000514632460023FEF7C9FD044600FB1650B4
:108430000F46A0EB0801092888BF01F13700303052
:1084400089F80200A81B7AF1000023D320463946A0
:1084500032460023FEF7B2FD054600FB16408A4671
:10846000A0EB0801092888BF01F13700303089F8F6
:10847000030009F10409A01B77F10000A1D24846CE
:10848000BDE8F08709F10100BDE8F08709F10200BD
:10849000BDE8F08709F103094846BDE8F0872DE9FA
:1084A000F04F86B0CF0FC1F30A566FF31F519B46B2
:1084B00050EA010517715FEA0F9508BF002E0FD033
:1084C00040F2FF74A6423AD10420002D18BF0820C4
:1084D0004FF0000B38441071584606B0BDE8F08FDD
:1084E000002700200021DDF83CC0BBF1000F176021
:1084F00035D4BBF10D0F35D3030F00F00F0A43EA5B
:1085000001130393030E541D43EA01230293030D49
:108510000D0D43EA01330193030C43EA0147030BBA
:1085200043EA015E030A43EA01680309080A059069
:10853000080943EA01790E0C0B0B049084E04FF616
:108540000247002ECFF6FF771CBFA6F2FF3701F5DA
:108550008011DDF83CC0BBF1000F1760C9D54FF0AA
:10856000000B44E03325A5EB8B03C3F12005132753
:108570004FF0020EA7EB8B072EFA05F6012400251B
:10858000002F58BF0EFA07F658BF04FA07F504FA91
:1085900003F40EFA03F358BF002458BF0023D3F1AD
:1085A00000094FF0000868EB060E013B66F100067B
:1085B00003400E40E31A75EB060312D34FEA8B0318
:1085C000C3F13406D3F1140320FA06F7C6F12006EE
:1085D00001FA06F646EA070658BF21FA03F6F30742
:1085E00001D00019694100EA090001EA0E010309FE
:1085F00043EA0179030F541D43EA01130393030E69
:1086000010F00F0A43EA012302934FEA10534FEA96
:10861000115543EA013301934FEA104343EA0147FE
:108620004FEA103343EA015E4FEA102343EA016840
:108630004FEA11204FEA11464FEA113305904FEAF5
:108640001110049000F09880AAEB0C000093BAF18E
:10865000090F88BF00F1270A0AF13000907409F071
:108660000F004FF00D0BA0EB0C03092888BF03F19E
:108670002700BBF10C0F00F13000507498BF4FF091
:108680000C0B08F00F00A0EB0C03092888BF03F1C6
:108690002700303010740EF00F00A0EB0C030928F7
:1086A00088BF03F127003030D07307F00F00A0EB34
:1086B0000C03092888BF03F127003030907301981C
:1086C00000F00F00A0EB0C03092888BF03F127007E
:1086D00030305073029800F00F00A0EB0C03092813
:1086E00088BF03F1270030301073039800F00F00AB
:1086F000A0EB0C03092888BF03F12700009B303052
:10870000D07201F00F00A0EB0C01092888BF01F125
:10871000270030309072049800F00F00A0EB0C019D
:10872000092888BF01F1270030305072059800F009
:108730000F00A0EB0C01092888BF01F127003030A1
:10874000107203F00F00A0EB0C01092888BF01F1A3
:1087500027003030D07106F00F00A0EB0C01092883
:1087600088BF01F127003030907105F13000207092
:10877000584606B0BDE8F08F19F00F0000937FF463
:1087800072AFBBF10C0FBFF46EAF18F00F0045D104
:10879000BBF10B0F42D21EF00F0042D1BBF10A0F0A
:1087A0003FD217F00F003FD1BBF1090F3CD2019827
:1087B00010F00F003BD1BBF1080F38D2029810F037
:1087C0000F0037D1BBF1070F34D2039810F00F0020
:1087D00033D1BBF1060F30D211F00F0030D1BBF115
:1087E000050F2DD2049810F00F002CD1BBF1040F0F
:1087F00029D2059810F00F0028D1BBF1030F25D224
:1088000013F00F0025D1BBF1020F22D206F00F00AA
:1088100050EA0B0120D04FF0010B9EE74FF00B0BFD
:1088200031E74FF00A0B38E74FF0090B3FE74FF005
:10883000080B47E74FF0070B4FE74FF0060B57E7E2
:108840004FF0050B5FE74FF0040B67E74FF0030BAA
:108850006FE74FF0020B76E74FF0000B85E7B0B5FE
:1088600088B000250446CDE9040547F27350C0F2F4
:108870000120CDE9025501904FF400300090684688
:10888000CDE90655FEF77EFE002858BF255408B0F6
:10889000B0BD2DE9F04F9FB00D46CC0F6FF31F55C3
:1088A000994650EA0503C1F30A515FEA1F9708BFD2
:1088B00000290ED040F2FF76B14215D10820002FDA
:1088C00018BF042000252044107128461FB0BDE8C1
:1088D000F08FA01C10713020012550710020106015
:1088E00028461FB0BDE8F08F0394A1F2354400295B
:1088F000059206BF4FF6CC34CFF6FF7405F5801510
:10890000AA00002B42EA907B5FEA0F9202295FEAFD
:108910002F91804642EA010A00F001018000002CFC
:1089200004911390CDF81C90CDF848A04ED4204669
:1089300000F017FD8146032C88BFA9F101094846C4
:1089400000F01DFD14AF06464846394600F002FE11
:1089500018A81AA93A46CDF808A0CDE90010A9EB4D
:1089600004003044294600F17C03404600F028FC16
:1089700080460B46B9F1150FCDF8189053D8139EC9
:108980004CF6CD471CA8CCF6CC471D46009030468F
:1089900059463A464FF0CC335C46BB4600F064FE85
:1089A000DDE91C01DDF81C90820842EA817120F0AB
:1089B000030008444042F04255D13046214600F0C1
:1089C000E7FC069988425FEA3F9183E06742CDF871
:1089D00044B0384600F0CCFC0646601C18BF013E8F
:1089E000BF1B384600F0CBFC14A9834638460F461F
:1089F00000F02DFD18A81AA93A46CDF808A0CDE937
:108A00000010A6EB0B0000F17D034046294600F064
:108A1000D7FB80460B463019012E06900DD80498DE
:108A200090BB01213DE04CF6CD4B0020002112907F
:108A3000CCF6CC4BDDF81C904FE03E2E2ED84FF0FC
:108A4000FF30B6F1200200FA06F158BF0021139F53
:108A500058BF9040119A27EA010122EA000008431A
:108A60005FEA1F911BE0049800BB1298C043801975
:108A700064F1000100F08CFC06992B4688424FF00F
:108A800000015FEA3F9027E0DDE91A0101381A9002
:108A900061F100001B900020012101E00021002075
:108AA00012904CF6CD4BCCF6CC4B16E046F00200C3
:108AB000214600F06DFCDDE91A12069C4B1E62F1A6
:108AC0000006A04253EA21804FF000011A9056EAB6
:108AD00022801B9000202B461290DDE9280A10917D
:108AE0000028CDF828904DD0B8F10A0073F10000AD
:108AF00001D201203AE000214FF00A0C02204FF091
:108B000064094FF47A751F4642F2107E0A22A2FBD6
:108B10000C4601EB810306EB4303B8EB040477EB4F
:108B2000030320D3A2FB093401FB0944B8EB030380
:108B300077EB040314D3A2FB053401FB0544B8EB27
:108B4000030377EB04030DD3A2FB0E23043001FBD8
:108B50000E31B8EB020377EB0103D8D2013802E003
:108B6000013000E00230DDF81C903B46069951448C
:108B70000844B0EBDA7FB8BF4FEADA70814559EAB2
:108B8000B0800A90DDE91A1A5F46DDE918B90020C5
:108B900014AC13900F900990084611932FE011998F
:108BA00040463A464FF0CC3314AC4FEADA0A009410
:108BB00000F05AFD1398109910F0FF0FDDE914230F
:108BC0005FEA1F9001400BEB8B00109140420E9921
:108BD0004942B1EB400F12995FEA1F900140129198
:108BE000D00840EA437101EB8000A8EB40001390ED
:108BF0000F98884601300F90D808119028465146AA
:108C00003A464FF0CC330094CDE90B0A00F02CFD2E
:108C1000584649463A464FF0CC33DDE9146A009491
:108C2000CDE90D9B00F020FDDDE91401F20842EAD8
:108C30004A754FEAD109C00840EA417BBBEB050009
:108C400079EBDA00ABD31199B8F10A0071F10000A9
:108C500002D24FF0010E40E0089500200A224FF0AA
:108C6000020E4FF00A0C64254FF47A76A2FB0C3406
:108C700000EB800704EB4707B8EB030371EB070336
:108C800026D3A2FB053700FB0577B8EB030371EB96
:108C9000070318D3A2FB063700FB0677B8EB0303E4
:108CA00071EB070312D342F210740EF1040EA2FB13
:108CB000042300FB0430B8EB020371EB0003D5D2B0
:108CC000AEF1010E04E00EF1010E01E00EF1020E14
:108CD000089D4CF6CD47CCF6CC470A9A48EA0100ED
:108CE00010435FEA1F90964503DD10B901200990FB
:108CF00056E71298C00770D0DDF838B014A80D9967
:108D00003A4600904FF0CC33584600F0ADFCDDE918
:108D10001410CBF10003CA0842EA407505EB820249
:108D20005242B3EB420F60D1C208DDE90FA9DDF872
:108D30004CC0DDE90B01119C934614AA00923A46FF
:108D40004FF0CC33CDF84CC000F08EFC1498214687
:108D5000119014A8009040463A464FF0CC33159E2F
:108D600000F082FC4CF6CD4214A8009028465946EB
:108D7000CCF6CC424FF0CC33DDE91474CDF834B0EE
:108D800000F072FCF90841EA447E0EEB8101139871
:108D9000AB46CBF10007A8EB410CDDE9141210F053
:108DA000FF0F0AF1010A5FEA1F90E408CB0843EACB
:108DB000427509EA0009119805EB8303F1085B424B
:108DC000D208C008F046B7EB430F4CF6CD4740EA57
:108DD0004670CCF6CC47AFD00DE0C646DDF84CC0AF
:108DE000DDE90EBADDE9109405E0C646DDE90FA91C
:108DF000DDF84CC0119C0D988EEA0B01234684EAE5
:108E000000021143099A5FEA0F911143CA070499BE
:108E100000295FEA1F91002A04BF129811EA00019D
:108E20000ED05FFA8CF105295FEA0F92042962EAFD
:108E300009025FEA9F9142EA0E0202EA010801E09C
:108E40004FF00108DDE905C11EEB08000AEB010443
:108E500043F10001B0F10A0271F1000202D20127D0
:108E6000079B36E01394E64600254FF00A090227D7
:108E700064234FF47A7B42F2107A0A24A4FB09623D
:108E800005EB850C02EB4C02861B71EB02021DD335
:108E9000A4FB032605FB0366821A71EB060212D3BC
:108EA000A4FB0B2605FB0B66821A71EB06020CD3A2
:108EB000A4FB0A42043705FB0A25021B71EB0502DD
:108EC000DCD2013F02E0013700E00237079BF446A5
:108ED000139C0A9A97425FEAD882012A32D1289AD3
:108EE0004AB1299A22443A44012AD8BF0122934226
:108EF00053EAB2820A920A9A974223DD05304CF671
:108F0000CD4541F10001CCF6CC454008013F40EA97
:108F1000C170013410EB51024FEA510142F10002DD
:108F2000A2FB053626F0030303EB96034FF0CC3685
:108F3000D21A821A61F10001A2FB050302FB06327C
:108F400001FB05210A9A23B2974257EAB28215B271
:108F50002B44A3F10108012DC0F229810CEB05037C
:108F600002F0030903F1050A042D02D24FF0000BB1
:108F7000B2E04CF6CD44CDE9109803F104084FF06F
:108F8000000BCCF6CC44A5EB090212951392642297
:108F9000002305460E46FEF711F8420800F00100D6
:108FA00042EAC17212EB510141F10001A1FB04231D
:108FB00023F0030202EB93020023891A4FF47A7222
:108FC00040EA4100314640F030092846FDF7F6FFFF
:108FD00042084CF6CD4742EAC172CCF6CC4712EBC0
:108FE000510100F0010041F10002690841EAC67137
:108FF00011EB560343F10003A3FB077424F00307AE
:1090000007EB9407DB1B6FF00207CB1A4CF6CD4140
:10901000CCF6CC41A3FB011C01EB8104A5EB44047D
:1090200044F0300408F804498BEA07044CF6CD47B5
:10903000CCF6CC470AF80490A2FB074727F00304BC
:1090400004EB97074CF6CD44A2EB0702CCF6CC44D8
:1090500040EA42006FF0030282EA0B0240F0300067
:109060000AF802004FF0CC304FEA560203FB00C072
:1090700062F1000202FB04004A0801F0010142EA29
:10908000C07212EB500040F10000A0FB042323F05B
:10909000030202EB93020023801A42F2107241EAAB
:1090A00040006FF0010181EA0B0140F030000AF846
:1090B000010028463146FDF781FF0BF1040B139A9E
:1090C0005A457FF464AFDDF84090DDF814C0DDE967
:1090D0001185B9F1000F6AD042084CF6CD4442EA3E
:1090E000C172CCF6CC4412EB510343F10003A3FB55
:1090F000047626F0030707EB9607DB1B4F08D31A0D
:1091000067F10006B9F1010FA3FB042E6FEA0B040F
:1091100002EB8207A0EB470747F030070AF804701C
:1091200045D04FF0CC374CF6CD4403FB07E3CCF6EB
:10913000CC44570802F0010206FB043347EAC37728
:1091400017EB530343F10003B9F1020FA3FB0476BD
:10915000AAEB0B0426F0030707EB9607A3EB070324
:1091600042EA430242F0300204F8022C1FD064228B
:109170000023FDF723FF4208DDF814C042EAC17264
:1091800000F0010012EB51014CF6CD4241F100011B
:10919000CCF6CC42A1FB022323F0030202EB9302A4
:1091A000891A40EA410040F0300004F8030C0398AB
:1091B0008CF80400CCF8008028461FB0BDE8F08F82
:1091C0002DE9F04F8BB0490041EAD0740593164663
:1091D000D2E9002345002846214608AF009700F059
:1091E00043FAD6E90223834606A88946009028461A
:1091F0002146DDE9087A00F037FA10EB0708DDE9CF
:1092000006234AEB010ADDE90801571C059C43F1DE
:109210000005B8EB00007AEB0100A4F1410455EA27
:10922000338357EA328296E8830017EB0807F56824
:10923000049445EB0A0510EB0B0059EB0100009478
:1092400057F10000CDE9062345F10001571C43F119
:109250000005B0EB080471EB0A04CDF80CB055EA38
:10926000338357EA3282CDF8089000F01BFADDE92B
:109270001429169BC2E9000143B3D6E900C1D6E91F
:1092800002560398B8EB0505DDE906236AEB0606EE
:109290006C1E66F10007B0EB0C000298DDF810B010
:1092A0008841CDF800B054EA358057EA3681571E20
:1092B00063F10006B8EB00057AEB010557EA32824C
:1092C00056EA338300F0EEF95F463EE0DDE9062022
:1092D0004FEA4804D6E900EC01900598D6E90276F9
:1092E000A0F14005029800954FEA4A05039945EA26
:1092F000D87544EAD0744300E71B65EB0606B7F166
:10930000010B43EAD17366F10000DEEB410173EB20
:109310000C0150EA36815BEA3780B4EB0803019F09
:1093200075EB0A035FEA2F937F0043EA420347EAA3
:10933000D2775A1E67F10006241A8D4152EA338211
:1093400056EA378300F0AEF9049FDDE90623C9E948
:10935000000140465146009700F0A4F90BB0BDE86B
:10936000F08F43F24141C0F201014843800C704745
:1093700042F6FB61C0F20B014843000D704749F211
:109380004F31C0F212014843012101EBD040704738
:109390002DE9F04F4CF6CD4E45F6294442F6F50A3C
:1093A00047F6D50847F6916943F2343B0246002060
:1093B000CCF6CC4E4FF03333CCF28F24C8F65C7A27
:1093C000C2F2E968C3F6FB29C3F2333BA2FB0E5C91
:1093D0004FF0CC3702FB07C7D5F1333501FB0E77D1
:1093E00073EB07072ED3A2FB047502FB0A55D7F1D6
:1093F000333701FB045573EB050722D3A2FB087535
:1094000040F63106C1F6AC4602FB0655D7F13337BC
:1094100001FB085573EB050716D3A2FB09754CF643
:109420007066CDF28826043002FB065201FB09214A
:10943000B7EB0B0271F133323A46C7D30138BDE8BE
:10944000F08F0130BDE8F08F0230BDE8F08F2DE9DC
:10945000F04F87B005464EF64F40C4F6C4608B46C9
:10946000A5FB0001C8081A2100FB01F64CF6686153
:10947000C0F2012101EB0010B54209D190E80E00C5
:10948000C0688BE80E00CBF80C0007B0BDE8F08F89
:10949000D0E900924CF63871C0F201210192D0E976
:1094A0000223A81B51F8307001EBC000446804A8E7
:1094B00000903846214600F0D7F8019B824602A86A
:1094C00088460090384621464A4600F0CDF881464D
:1094D0000191DDE90201002210EB0A0758EB0108B7
:1094E00042F10000012806D1DDE9040101300490B9
:1094F00041F1000005902846FFF741FF0446304641
:10950000FFF73DFF0199241A48463A464346009426
:1095100000F0C8F86FF003024DF2080302EA95026A
:10952000C0F201239A581E2303EA4503DA4002F0F1
:1095300003068019DDE9042341F10001CBE90001B4
:1095400038464146009400F0ADF8CBE9020107B07F
:10955000BDE8F08F2DE9F04F87B08B464EF64F41B6
:1095600005461930C4F6C461A0FB0101C8081A21E0
:1095700000FB01F64DF26001C0F2012101EB001089
:10958000AE4209D190E80E00C0688BE80E00CBF81F
:109590000C0007B0BDE8F08FD0E900A24CF638719E
:1095A000C0F201210192D0E90223701B51F8307002
:1095B00001EBC000446804A800903846214600F042
:1095C00053F8804602A80090BAF10102019889463A
:1095D000214660F10003384600F046F804468A460A
:1095E000DDE90201002210EB080751EB090842F106
:1095F0000000012806D1DDE904010130049041F1A9
:10960000000005903046FFF7BAFE06462846FFF7F1
:10961000B6FE361A204651463A464346009600F0BA
:1096200041F86FF003024DF2501302EA9502C0F2C6
:1096300001239A581E2303EA4503DA4002F003058A
:109640004019DDE9042341F10001013041F100013D
:10965000CBE9000138464146009600F023F8CBE9FB
:10966000020107B0BDE8F08FF0B5A2FB01CEA2FB6E
:109670000075A3FB011415EB0C05DDF814C051EBCC
:109680000E06294644F100043246E3FB0012A3FB18
:109690000003401956EB030044F10000CCE9002020
:1096A0003846F0BD10B5DDF808C0CCF1400ECEF163
:1096B000200420FA0CF003FA0EF322FA04F42343F8
:1096C000DCF1200458BF02FA04F302FA0EF201FAA8
:1096D00004F440EA040058BF0022BCF1200458BF43
:1096E00021FA04F021FA0CF158BF0021104319436C
:1096F00010BD80B500F004F820F0004080BDD4D447
:10970000F0B50E4FFDF7B4FEC25947F62D7CC319D4
:10971000C4F6954C4FF22D465968C5F65106A2FB8A
:109720000C4502FB065201FB0CF1661CC65142EBD4
:109730000100586020F00040F0BD00BF08000000AC
:109740002DE9F041042A03D21346844633B928E0B8
:1097500041EA00039B072AD013468446581EA3F112
:109760000208A3F1030E00240D5D1CF80460AE4254
:109770001AD1A04215D00CEB04070A1955787E784F
:10978000AE4211D1A0450CD09578BE78AE420BD137
:10979000A64506D0D578FE78AE4205D10434A34262
:1097A000E2D10020BDE8F081701BBDE8F0814FF0F0
:1097B000000E044651F80E3050F80E709F422DD125
:1097C000131F01EB0E0504F1040C042B2BD300EB4B
:1097D0000E06D5F804807768474526D1A2F1080324
:1097E00004F1080C042B22D3D5F80880B76847454C
:1097F00020D1A2F10C0304F10C0C042B1DD3EF6853
:10980000F668BE421CD1103A0EF1100E1034032A35
:10981000D0D800EB0E0C7144134697E700EB0E0C0A
:10982000714413469AE7291D90E7291D96E705F133
:1098300008018BE705F1080190E705F10C0185E7C8
:1098400005F10C018AE72DE9F047042A5CD341EACF
:10985000000313F0030357D140F200184FF0000E3D
:10986000C0F20118054651F80E30A8EB03071F435C
:10987000FF4317F0803F40F09780A2F1040A01EB0C
:109880000E0905F1040CBAF1040F40F80E30C0F0D7
:109890009080D9F80440A8EB04072743FF4317F052
:1098A000803F40F0898000EB0E07A2F1080A05F125
:1098B000080CBAF1040F7C60C0F08180D9F8084030
:1098C000A8EB04062643F64316F0803F7AD1A2F1B6
:1098D0000C0A05F10C0CBAF1040FBC6075D3D9F871
:1098E0000C40A8EB04062643F64316F0803F6FD1E8
:1098F000103A0EF1100E1035042AFC60B3D200EBC2
:109900000E0C7144924601E092468446BAF1000F73
:1099100041D0CAF1000E002264468D5C0CF8025062
:10992000002D1CBF0EEB020616F1010520D08D188C
:109930000CEB02076B787B70002B18BF16F102034B
:109940001DD0AB78BB70002B18BF16F1030324D0D9
:10995000EB780432AAF1040AFB701BB1043412EB59
:109960000E03DAD10CEB0201BAF1000F0DD112E0B7
:10997000611CAAF1010ABAF1000F06D10BE0A11C8B
:10998000AAF1020ABAF1000F05D004460846514672
:10999000FDF702FC2046BDE8F087E11CAAF1030AAE
:1099A000BAF1000FF1D1F6E700EB0E0C71449246CC
:1099B000AFE709F10401A9E709F10401A9E709F1F9
:1099C0000801A3E709F10801A3E709F10C019DE7EC
:1099D00009F10C019DE7024619B370B54218A1F1D7
:1099E000010EA1F1020CCC1E0023C55C85B19E4581
:1099F00015D0C5186E786EB19C4510D0AE785EB1AA
:109A00009C420CD0EE784EB104339942EDD106E081
:109A1000C21804E06A1C02E0AA1C00E0EA1CBDE8CF
:109A20007040101A70470403010C00091408111C3F
:109A3000101918D40600080010001800200040007B
:109A40006000800000018001000200040008D4D4FE
:109A500006000000080000000300000005000000F0
:109A60000A00000000010000000000220F00FFFFBC
:109A70000000000101000000080200000C0A0C0CAC
:109A80000C0B0C090000000000000000F90B0002A4
:109A900000000000649A01020D0A524D5F465245D3
:109AA0004552544F535F504C55535F4641545F4DA0
:109AB00065646961496E6974204150492066616935
:109AC0006C65640D0A007578437269746963616C32
:109AD0004E657374696E670076517565756541648E
:109AE00064546F5265676973747279002A2A525FF1
:109AF0005553425F486F7374436F6E74726F6C544A
:109B000072616E7366657220415049203120464172
:109B1000494C45442A2A002E2E2F72612F667370FD
:109B20002F7372632F726D5F6672656572746F73E7
:109B30005F706F72742F706F72742E630076506F47
:109B40007274456E746572437269746963616C0006
:109B500046465F50656E6453656D6170686F7265EF
:109B6000002820282028202820707844656C6179FE
:109B700065645461736B4C69737420292D3E75784C
:109B80004E756D6265724F664974656D73203D3D1B
:109B90002028205542617365547970655F742029CF
:109BA00020302029203F202820282042617365543E
:109BB0007970655F74202920312029203A202820DF
:109BC000282042617365547970655F7420292030C4
:109BD00020292029202900765461736B53776974FA
:109BE0006368436F6E746578740066665F77726948
:109BF000746520415049206661696C656420005598
:109C0000534220436F6D6D6F6E20546872656164BE
:109C1000002E2E2F72612F6672656572746F732F1E
:109C20004C61622D50726F6A6563742D4672656572
:109C300052544F532D4641542F66665F7379732EED
:109C40006300282028207078426C6F636B2D3E786B
:109C5000426C6F636B53697A652029203C20282071
:109C60007857616E74656453697A652029202920CC
:109C70003D3D203000707578537461636B427566AA
:109C800066657220213D202828766F69642A293074
:109C900029002E2E2F72612F6177732F4672656512
:109CA00052544F532F4672656552544F532F536F82
:109CB000757263652F74696D6572732E63000D0A8A
:109CC0002A2A2A2A2A2A2A2A2A2A2A2A2A2A2A2AF4
:109CD0002A2A2A2A2A2A2A2A2A2A2A2A2A2A2A2AE4
:109CE0002A2A2A2A2A2A2A2A2A2A2A2A2A2A2A2AD4
:109CF0002A2A2A2A2A2A2A2A2A2A2A2A2A2A2A2AC4
:109D00002A2A0D0A2A20202052656E65736173206D
:109D1000465350204578616D706C652050726F6AB3
:109D200065637420666F7220555342204D756C74C4
:109D300069706C6520486F7374204D6F64756C6535
:109D400020202020202A0D0A2A2020204578616D1D
:109D5000706C652050726F6A65637420566572730B
:109D6000696F6E20257320202020202020202020B5
:109D700020202020202020202020202020202020E3
:109D800020202020202020202A0D0A2A20202046C2
:109D90006C657820536F66747761726520506163DB
:109DA0006B2056657273696F6E2025642E25642EB4
:109DB000256420202020202020202020202020205A
:109DC0002020202020202020202020202020202A89
:109DD0000D0A2A2A2A2A2A2A2A2A2A2A2A2A2A2A20
:109DE0002A2A2A2A2A2A2A2A2A2A2A2A2A2A2A2AD3
:109DF0002A2A2A2A2A2A2A2A2A2A2A2A2A2A2A2AC3
:109E00002A2A2A2A2A2A2A2A2A2A2A2A2A2A2A2AB2
:109E10002A2A2A2A0D0A526566657220746F2072FA
:109E20006561646D652E7478742066696C65206662
:109E30006F72206D6F72652064657461696C732048
:109E40006F6E204578616D706C652050726F6A6529
:109E5000637420616E640D0A465350205573657219
:109E60002773204D616E75616C20666F72206D6F77
:109E7000726520696E666F726D6174696F6E2061C4
:109E8000626F757420555342204D756C7469706C07
:109E90006520486F7374206472697665720D0A00DC
:109EA000312E30000D0A546869732070726F6A6534
:109EB00063742064656D6F6E737472617465732072
:109EC0007468652062617369632066756E63746986
:109ED0006F6E616C6974696573206F6620555342BB
:109EE00020486F73740D0A436F6D706F73697465EA
:109EF000202843444320616E64204D534329206F42
:109F00006E2052656E65736173205241204D43553A
:109F100073206261736564206F6E2052656E657395
:109F20006173204653502E0D0A496E207468697380
:109F3000206578616D706C652C2074686520617097
:109F4000706C69636174696F6E2077696C6C2063F3
:109F50006F6E66696775726520746865204D43553C
:109F6000206173206120486F73740D0A436F6D6D1B
:109F7000756E69636174696F6E7320446576696399
:109F80006520436C61737320284843444329206152
:109F90006E64206173206120486F7374204D61737B
:109FA000732053746F726167650D0A436C6173733C
:109FB0002028484D5343292E2054686520455020C1
:109FC00077696C6C2070726573656E742061206DAA
:109FD000656E75206C69737420666F722075736589
:109FE0007220746F20636F6D6D756E696361746547
:109FF0000D0A7769746820626F7468207468652040
:10A00000504D534320616E642050434443206465A7
:10A0100076696365732E20546865207573625F638B
:10A020006F6D706F736974652045502063616E2099
:10A0300062650D0A7573656420617320746865201C
:10A04000504344432064657669636520616E6420F3
:10A0500074686520504D53432064657669636520BC
:10A06000746F2064656D6F6E7374726174652074B3
:10A07000686973200D0A555342204D756C74692030
:10A08000486F7374206578616D706C652E20466F23
:10A09000722048434443206F7065726174696F6E2B
:10A0A0002C2074686520686F73742070726F6D70F7
:10A0B0007473207468650D0A7573657220746F205F
:10A0C000696E707574207465787420666F72207480
:10A0D00072616E7366657220746F207468652050BB
:10A0E0004344432064657669636520616E64207231
:10A0F00065747269657665730D0A6563686F65647A
:10A1000020646174612066726F6D207468652050F0
:10A11000434443206465766963652E20466F722050
:10A12000484D5343206F7065726174696F6E2C20C7
:10A130007468652045500D0A706572666F726D73A4
:10A140002046696C65204F7065726174696F6E732B
:10A150002073756368206173204372656174696E52
:10A16000672C2057726974696E672C205265616490
:10A17000696E6720616E640D0A44656C6574696E72
:10A1800067206F6620612066696C6520616E6420BF
:10A19000555342205370656369666963206F70652B
:10A1A000726174696F6E73207375636820617320C8
:10A1B000666F726D617474696E672C0D0A656A65ED
:10A1C0006374696E6720616E64207265696E69747C
:10A1D00069616C697A696E67206120555342206419
:10A1E000726976652E0D0A0D0A496E2063617365EA
:10A1F000206F6E6C79207468652043444320646549
:10A200007669636520697320636F6E6E656374653C
:10A2100064206F72206F6E6C792074686520504DD9
:10A220005343206465766963650D0A697320636F23
:10A230006E6E65637465642C2054686520455020FB
:10A2400077696C6C2070726F7669646520746865DC
:10A2500020636F72726573706F6E64696E67206FD2
:10A260007065726174696F6E3A0D0A484344432009
:10A270006F7065726174696F6E206F7220484D5304
:10A2800043206F7065726174696F6E2E0D0A0066EF
:10A29000665F66636C6F7365204150492066616933
:10A2A0006C65640075635356434E756D626572202C
:10A2B0003C3D20330024252D5F407E602128297BF2
:10A2C0007D5E23260046465F46535F416464007608
:10A2D0005461736B506C6163654F6E556E6F726441
:10A2E000657265644576656E744C69737400546D6F
:10A2F00072510068616E646C655F6572726F7200A6
:10A300001B5B313B33326D0D0A4E6F2073756368F2
:10A310002066696C65210D0A1B5B306D00707853F7
:10A32000656D6170686F7265002F25730025732F4E
:10A330002573002128202820785461736B476574A9
:10A340005363686564756C6572537461746528291C
:10A35000203D3D2028202820426173655479706596
:10A360005F7420292030202920292026262028201B
:10A37000785469636B73546F5761697420213D2071
:10A38000302029202900784576656E7447726F75F4
:10A3900070536574426974730078517565756547CB
:10A3A000656E6572696353656E6400785175657595
:10A3B0006547656E6572696353656E6446726F6D5D
:10A3C000495352000D0A212120546865204344431B
:10A3D0002064657669636520697320636F6E6E65BE
:10A3E00063746564202121005F5F4E5649435F47D7
:10A3F00065745072696F7269747947726F757069AC
:10A400006E672829203C3D202838202D2034292023
:10A410002D2031007076506F72744D616C6C6F63DB
:10A4200000707276496E73657274426C6F636B492B
:10A430006E746F467265654C6973740070784D7503
:10A440007465780075785363686564756C657253DC
:10A45000757370656E646564203D3D2030007573D2
:10A46000625F686D73635F7468726561645F656E77
:10A47000747279000D0A446F206E6F7420646973E2
:10A48000636F6E6E65637420746865205553422057
:10A49000646576696365207768696C6520666F72AC
:10A4A0006D617474696E6720697320696E207072C3
:10A4B0006F67726573732E200D0A506C656173654A
:10A4C0002057616974202E2E2E0D0A000D0A555357
:10A4D000422072656164206F7065726174696F6E8D
:10A4E0002077696C6C20626520696E69746961749B
:10A4F0006564002F0028207078494F4D616E6167B8
:10A5000065722D3E70764641544C6F636B48616EA8
:10A51000646C6520213D202828766F69642A2930E3
:10A520002920292026262028207078494F4D616E49
:10A53000616765722D3E70764641544C6F636B487F
:10A54000616E646C65203D3D2068616E646C6520C1
:10A55000290078517565756554616B654D75746535
:10A56000785265637572736976650028207078513A
:10A57000756575652029007078556E626C6F636B28
:10A58000656454434200696E69745F667265657202
:10A59000746F735F706C75735F666174000D0A0A87
:10A5A0004672656552544F532B464154204F706597
:10A5B0006E207375636365737366756C0D0A001B9B
:10A5C0005B313B33326D0D0A555342204465766949
:10A5D000636520666F726D617474696E6720756E55
:10A5E0007375636365737366756C2E0D0A1B5B3040
:10A5F0006D00000D0A256420627974657320446142
:10A600007461207375636365737366756C6C792010
:10A61000726561642066726F6D2066696C652020CA
:10A620002573200D0A0046465F52656C65617365AF
:10A6300053656D6170686F7265004D47525F54538A
:10A640004B0070785374617469635175657565006A
:10A6500078517565756547656E65726963437265A6
:10A66000617465007848616E646C6500212820285B
:10A670002078436F7079506F736974696F6E203DF5
:10A680003D202820282042617365547970655F74ED
:10A6900020292032202920292026262028207078D1
:10A6A00051756575652D3E75784C656E67746820CB
:10A6B000213D20312029202900765461736B526599
:10A6C0006D6F766546726F6D556E6F7264657265FB
:10A6D000644576656E744C69737400707854696D66
:10A6E000654F7574007078544342203D3D2070786A
:10A6F00043757272656E74544342007578496E6496
:10A700006578546F576169744F6E203C2028312959
:10A71000000D0A5553422044657669636520466FF3
:10A72000726D617474696E672077696C6C20626504
:10A7300020696E697469617465642E20466F726D5C
:10A74000617474696E672077696C6C2074616B65E5
:10A750002074696D65200D0A646570656E64696EAC
:10A7600067206F6E205553422044657669636520EB
:10A7700063617061636974792E0D0A000D0A524D90
:10A780005F4652454552544F535F504C55535F46B8
:10A7900041545F436C6F7365204150492066616985
:10A7A0006C65640D0A002820757842697473546FD3
:10A7B00057616974466F7220262028202820756909
:10A7C0006E7433325F742029203078666630303002
:10A7D0003030305520292029203D3D20300075782B
:10A7E00042697473546F57616974466F7220213DDA
:10A7F000203000765461736B5072696F726974799E
:10A80000446973696E6865726974416674657254EF
:10A81000696D656F75740075785072696F726974CF
:10A8200079203C20283529000D0A4572726F72206C
:10A83000696E2073656E64696E672075736220654A
:10A8400076656E74207468726F75676820717565BF
:10A8500075650D0A004843445F54534B007072768F
:10A8600044656C6574655443420046465F417373AA
:10A870006572745F4C6F636B0045464920504152CE
:10A88000540028202820282073697A655F742029C5
:10A8900020707652657475726E202920262028203B
:10A8A00073697A655F742029202820307830303031
:10A8B0003720292029203D3D20300028207578426E
:10A8C000697473546F5365742026202820282075DE
:10A8D000696E7433325F74202920307866663030B8
:10A8E000303030305520292029203D3D2030007067
:10A8F000785461736B7357616974696E67466F72E0
:10A90000426974732D3E784C697374456E642E7081
:10A91000784E65787420213D202820636F6E737413
:10A92000204C6973744974656D5F74202A20292056
:10A9300026282070785461736B7357616974696E4F
:10A9400067466F72426974732D3E784C6973744523
:10A950006E64202900785461736B526573756D6560
:10A96000416C6C00765461736B506C6163654F6E23
:10A970004576656E744C697374526573747269635D
:10A9800074656400785461736B52656D6F766546CB
:10A99000726F6D4576656E744C6973740075784995
:10A9A0006E646578546F4E6F74696679203C202818
:10A9B00031290070785461736B4275666665722048
:10A9C000213D202828766F69642A29302900707279
:10A9D00076496E697469616C6973654E6577546117
:10A9E000736B0070785469636B73546F576169744B
:10A9F000007852657475726E002828285343425FB0
:10AA000054797065202A2920282830784530303044
:10AA100045303030554C29202B20307830443030B0
:10AA2000554C2920292D3E494353522026202830B9
:10AA300078314646554C202929203D3D203000786C
:10AA40004576656E7447726F7570437265617465A3
:10AA5000537461746963007853697A65203D3D20C1
:10AA600073697A656F6628204576656E7447726FE4
:10AA700075705F742029007853697A65203D3D2008
:10AA800073697A656F66282051756575655F7420F6
:10AA9000290078517565756553656D6170686F72D1
:10AAA0006554616B6500696E660046465F556E6C65
:10AAB0006F636B4469726563746F7279002573000C
:10AAC0002E2E2F72612F6177732F46726565525457
:10AAD0004F532F4672656552544F532F536F757203
:10AAE00063652F6576656E745F67726F7570732E20
:10AAF0006300764576656E7447726F757044656C59
:10AB00006574650078517565756547656E65726930
:10AB1000634372656174655374617469630078544A
:10AB200061736B5072696F72697479446973696E8D
:10AB300068657269740055534220484D5343205450
:10AB400068726561640076506F7274535643486151
:10AB50006E646C65725F43004D595F4449534B20EE
:10AB6000202020002E2E2F72612F6177732F4672C6
:10AB7000656552544F532F4672656552544F532F9B
:10AB8000536F757263652F706F727461626C652F9D
:10AB90004D656D4D616E672F686561705F342E6322
:10ABA0000028202820282073697A655F74202920D6
:10ABB00070784E6577426C6F636B4C696E6B2029C1
:10ABC00020262028203078303030372029202920B6
:10ABD0003D3D20300075785363686564756C65721F
:10ABE00053757370656E646564203D3D203155007A
:10ABF000655461736B476574537461746500785470
:10AC000061736B546F526573756D6500707845762E
:10AC1000656E744C69737400765461736B47656E2E
:10AC2000657269634E6F74696679476976654672C5
:10AC30006F6D495352007573625F696E6974007875
:10AC400052657475726E20213D2028202D312029F7
:10AC5000002A2A525F5553425F5265616420415079
:10AC600049204641494C45442A2A000D0A45727242
:10AC70006F7220696E20696E697469616C697A69A6
:10AC80006E67204672656552544F532B46415420DF
:10AC900077697468205553425F484D53430D0A004D
:10ACA0000D0A52657475726E6564204572726F721A
:10ACB00020436F64653A203078257820200D0A0003
:10ACC0001B5B313B33326D0D0A44656C6574656402
:10ACD0002066696C653A2025730D0A1B5B306D0098
:10ACE00070726F636573735F7573625F6D73635FBB
:10ACF0006F7065726174696F6E0070727641425355
:10AD0000506174680028202820282070784C696ED3
:10AD10006B2D3E78426C6F636B53697A65202920F6
:10AD2000262028202820282073697A655F7420292E
:10AD300020312029203C3C202820282073697A6576
:10AD40006F66282073697A655F742029202A20287D
:10AD500020282073697A655F7420292038202920F3
:10AD600029202D203120292029202920213D203073
:10AD7000202920213D203000784576656E74477289
:10AD80006F7570007851756575654372656174659E
:10AD9000436F756E74696E6753656D6170686F722D
:10ADA00065537461746963007851756575655265A2
:10ADB000636569766500785461736B496E6372658B
:10ADC0006D656E745469636B00785461736B546F76
:10ADD0004E6F74696679000D0A55534220446576BA
:10ADE00069636520697320646973636F6E6E656360
:10ADF00074656420776974686F7574207573696E03
:10AE0000672074686520456A656374206F70746993
:10AE10006F6E2066697273742E0D0A000D0A446904
:10AE2000736B2073697A6520696E737566666963F2
:10AE300069656E7420666F722046415431362F4624
:10AE40004154333220666F726D61742E200D0A43B7
:10AE5000757272656E74206E756D626572206F66B4
:10AE600020636C7573746572733A2025642E204DCF
:10AE7000696E696D756D206E756D626572206F66A5
:10AE800020636C7573746572732072657175697275
:10AE900065643A2025642E0D0A000D0A2046465F9F
:10AEA000466F726D617420415049206661696C651E
:10AEB00064202025642E20436865636B20746865D8
:10AEC00020555342204465766963652E0D0A000DB6
:10AED0000A555342204465766963652063616E209C
:10AEE000626520736166656C792072656D6F766549
:10AEF00064206E6F77206F722050726573732061CB
:10AF00006E79206B657920746F2072652D696E698A
:10AF10007469616C697A650D0A002E2E2F72612F9B
:10AF20006177732F4672656552544F532F46726591
:10AF30006552544F532F536F757263652F7175654A
:10AF400075652E6300707854434220213D202828E7
:10AF5000766F69642A293029000D0A212120576162
:10AF60006974696E6720666F722061206465766916
:10AF7000636520746F20636F6E6E6563742E2E2E72
:10AF80002021210D0A000D0A52656365697665640A
:10AF900020646174612066726F6D2074686520435F
:10AFA0004443206465766963653A201B5B313B331B
:10AFB000326D27252E2A73271B5B306D0D0A006624
:10AFC0006F726D61745F7573625F646576696365E6
:10AFD000000D0A524D5F4652454552544F535F5043
:10AFE0004C55535F4641545F4469736B4465696EC9
:10AFF000697420415049206661696C65640D0A00DE
:10B000002820282075696E74385F74202A20292032
:10B010002820707652657475726E2029203E3D207E
:10B020002628207563486561705B2030205D2029EB
:10B030002029202626202820282075696E74385F54
:10B0400074202A2029202820707652657475726E2B
:10B050002029203C3D202628207563486561705BCF
:10B060002028363134343029202D2031205D20290C
:10B0700020290076506F72744672656500784576B7
:10B08000656E7447726F7570576169744269747345
:10B090000028206354784C6F636B202920213D20C9
:10B0A00028202820696E74385F74202920313237B7
:10B0B00020290070727643726561746553746174FF
:10B0C00069635461736B0070785443422D3E75631D
:10B0D000537461746963616C6C79416C6C6F63610A
:10B0E000746564203D3D202820282075696E7438E1
:10B0F0005F74202920322029000D0A212120546864
:10B100006520434443206465766963652069732044
:10B11000636F6E6E65637465642021210D0A55535B
:10B1200042204D756C746920486F7374206D656E94
:10B1300075206F7074696F6E732028434443204FED
:10B140007065726174696F6E293A0D0A20312E2084
:10B15000577269746520616E642072656164206451
:10B160006174612066726F6D20746865204344438A
:10B17000206465766963650D0A0066665F737461B5
:10B180007420415049206661696C65640075736282
:10B190005F736166656C795F656A6563740025300D
:10B1A000345800785175657565476976654D7574D5
:10B1B0006578526563757273697665002E2E2F72FD
:10B1C000612F6177732F4672656552544F532F4636
:10B1D00072656552544F532F536F757263652F74A8
:10B1E00061736B732E6300765461736B44656C6599
:10B1F0007465007078544342000D0A496E697469A1
:10B20000616C697A6520746865206D656469612088
:10B21000646576696365206661696C65640D0A0022
:10B220000D0A524D5F4652454552544F535F504CA4
:10B2300055535F4641545F4469736B496E6974208E
:10B24000415049206661696C65640D0A007078455B
:10B2500076656E7447726F757042756666657200CA
:10B2600070784E6577517565756500212820282016
:10B27000282070764275666665722029203D3D2043
:10B280002828766F69642A2930292029202626203B
:10B29000282028207078517565756520292D3E7508
:10B2A000784974656D53697A6520213D20282055C1
:10B2B00042617365547970655F7420292030552090
:10B2C0002920290076517565756544656C6574653E
:10B2D00000785461736B436865636B466F725469A1
:10B2E0006D654F7574000D0A4E6F20496E70757450
:10B2F0000D0A000D0A5B4552525D20496E204675CD
:10B300006E6374696F6E3A20257328292C2025738B
:10B31000002025640D0A000D0A25642062797465F9
:10B32000732044617461207375636365737366751C
:10B330006C6C79207772697474656E20746F206606
:10B34000696C652025730D0A005772697465206F5A
:10B350007065726174696F6E2069732053756363E1
:10B3600065737366756C200D0A0076506F727456A3
:10B37000616C6964617465496E746572727570742C
:10B380005072696F726974790046465F4861735FF5
:10B390004C6F636B28207078494F4D616E61676513
:10B3A000722C20307830312029203D3D2028202863
:10B3B0002042617365547970655F742029203020C4
:10B3C00029002564002E2E2F72612F66726565722A
:10B3D000746F732F4C61622D50726F6A6563742DA8
:10B3E0004672656552544F532D4641542F66665F31
:10B3F000696F6D616E2E630070784576656E74427C
:10B4000069747300765461736B526573756D650072
:10B410000D0A496E76616C696420696E7075742ED0
:10B4200020506C6561736520656E746572202731EC
:10B43000272C202732272C206F722070726573739F
:10B4400020456E7465722E0D0A000D0A506C656100
:10B450007365207265636F6E6E65637420746865D2
:10B46000205553422064657669636520616E6420CF
:10B470004578656375746520536166656C79204510
:10B480006A656374206F7074696F6E0D0A746F2043
:10B490006D616B6520737572652066696C65206FE0
:10B4A0007065726174696F6E7320776F726B732051
:10B4B000636F72726563746C792E0D0A000D0A4316
:10B4C0006F6E6E65637420555342204465766963E0
:10B4D000652E2E2E0D0A000D0A55534220777269F3
:10B4E0007465206F7065726174696F6E2077696C26
:10B4F0006C20626520696E697469617465642E00F0
:10B5000072002820784576656E7447726F757043B7
:10B510006C65617242697473282028207078494FE5
:10B520004D616E616765722D3E784576656E744734
:10B53000726F757020292C20302029202620282089
:10B540002820636F6E7374204576656E744269744B
:10B55000735F742029203078303120292029203D44
:10B560003D20300070784275666665722D3E7573B9
:10B570004E756D48616E646C657320213D2030000E
:10B580007078517565756500765461736B44656CB0
:10B59000617900707854434220213D2070784375D2
:10B5A0007272656E74544342002066665F72656114
:10B5B0006420415049206661696C65642E20436CAB
:10B5C0006F73696E67206F70656E65642066696C65
:10B5D00065200D0A007078576F726B696E67446959
:10B5E000726563746F7279007852657475726E203B
:10B5F000213D20282028202820426173655479703D
:10B60000655F742029203020292029007654617339
:10B610006B506C6163654F6E4576656E744C6973F3
:10B6200074000D0A2A2A525F5553425F577269749B
:10B630006520415049204641494C45442A2A0D0A7B
:10B64000001B5B313B33326D0D0A57726974652004
:10B65000616E642052656164206461746120646974
:10B6600064206E6F74206D617463680D0A1B5B301B
:10B670006D0078517565756500765461736B537410
:10B680006172745363686564756C65720075785394
:10B6900063686564756C657253757370656E646517
:10B6A0006420213D2030550070785443422D3E7572
:10B6B000784D75746578657348656C640075736260
:10B6C0005F77726974655F6F7065726174696F6EC0
:10B6D000007573625F726561645F6F70657261743B
:10B6E000696F6E000D0A46465F4D6F756E7420419E
:10B6F0005049206661696C65640D0A002820784510
:10B7000076656E7447726F7570436C6561724269DD
:10B710007473282028207078494F4D616E616765E9
:10B72000722D3E784576656E7447726F757020296C
:10B730002C2030202920262028202820636F6E739B
:10B7400074204576656E74426974735F7420292095
:10B750003078303220292029203D3D2030000D0A4C
:10B76000506C656173652057616974202E2E2E0D13
:10B770000A0052656164206F7065726174696F6E52
:10B78000206973205375636365737366756C200D50
:10B790000A0046465F52656C656173654275666670
:10B7A0006572002E2E2F72612F6672656572746F3E
:10B7B000732F4C61622D50726F6A6563742D4672EF
:10B7C000656552544F532D4641542F66665F73741E
:10B7D00064696F2E63002820282075696E74385FB5
:10B7E00074202A202920282070784C696E6B20292B
:10B7F000203E3D202628207563486561705B20301F
:10B80000205D20292029202626202820282075692F
:10B810006E74385F74202A202920282070784C69A3
:10B820006E6B2029203C3D202628207563486561E9
:10B83000705B2028363134343029202D2031205DB2
:10B8400020292029002820282075696E74385F740B
:10B85000202A202920282070784974657261746F2D
:10B86000722029203E3D202628207563486561709E
:10B870005B2030205D202920292026262028202812
:10B880002075696E74385F74202A20292028207062
:10B89000784974657261746F722029203C3D2026BE
:10B8A00028207563486561705B2028363134343058
:10B8B00029202D2031205D2029202900707276500A
:10B8C000726F636573735265636569766564436F10
:10B8D0006D6D616E6473000D0A496E76616C69640A
:10B8E00020696E7075742E2050726F7669646520C1
:10B8F000612076616C696420696E7075740D0A0050
:10B900000D0A524D5F4652454552544F535F504CBD
:10B9100055535F4641545F4F70656E20415049203A
:10B920006661696C65640D0A001B5B313B33326DE7
:10B930005553422044657669636520646973636F7B
:10B940006E6E6563746564206F72206E6F7420691B
:10B950006E697469616C697A656420616674657288
:10B9600020456A65637420636F6D6D616E640A1BA8
:10B970005B306D00770066665F667772697465207C
:10B98000415049206661696C65642E20436C6F7379
:10B99000696E67206F70656E65642066696C652EE0
:10B9A0000D0A000D0A4652454552544F5320504C43
:10B9B00055532046415420696E7374616E6365204F
:10B9C000436C6F7365642073756363657373667529
:10B9D0006C6C792E0D0A00756C43757272656E740D
:10B9E0005072696F72697479203E3D20282828289A
:10B9F000312929203C3C202838202D203429292990
:10BA0000203E3E202838202D2034290070784469BB
:10BA1000736B00784576656E7447726F7570436C12
:10BA20006561724269747300785175657565476523
:10BA30006E65726963526573657400765461736BE9
:10BA400053757370656E6400546D72205376630095
:10BA50006E616E000D0A21212055534220646576E7
:10BA60006963652069732064657461636865642037
:10BA700021210D0A000D0A506C6561736520656E09
:10BA80007465722074657874206461746120746FC9
:10BA900020777269746520746F2074686520434450
:10BAA00043206465766963650D0A002A2A525F5552
:10BAB00053425F486F7374436F6E74726F6C54724D
:10BAC000616E7366657220415049203320464149BA
:10BAD0004C45442A2A0072615F7573622E74787433
:10BAE0000066665F666F70656E2041504920666132
:10BAF000696C65640076506F72744578697443723E
:10BB000069746963616C002E2E2F72612F667370E9
:10BB10002F7372632F726D5F6672656572746F73D7
:10BB20005F706C75735F6661742F66665F6C6F63C0
:10BB30006B696E672E630046465F556E6C6F636B74
:10BB4000464154002820282075696E74385F74209F
:10BB50002A20292028207078426C6F636B202920CE
:10BB60003E3D202628207563486561705B203020AB
:10BB70005D20292029202626202820282075696E6E
:10BB800074385F74202A20292028207078426C6F36
:10BB9000636B2029203C3D20262820756348656181
:10BBA000705B2028363134343029202D2031205D3F
:10BBB000202920290070784C696E6B2D3E70784EDC
:10BBC00065787446726565426C6F636B203D3D20FD
:10BBD0002828766F69642A293029007078517565A4
:10BBE00075652D3E75784974656D53697A65203D9C
:10BBF0003D20300075785363686564756C657253D9
:10BC0000757370656E64656420213D20282055425F
:10BC1000617365547970655F742029203055002860
:10BC200020282026282070785443422D3E784576DF
:10BC3000656E744C6973744974656D202920292DD3
:10BC40003E7078436F6E7461696E65722029203D85
:10BC50003D202828766F69642A29302900785469A4
:10BC60006D657243726561746554696D6572546186
:10BC7000736B001B5B313B33326D0D0A5772697475
:10BC80006520616E64205265616420646174612086
:10BC900069732073616D650D0A1B5B306D007578EB
:10BCA000546F705072696F72697479007654617361
:10BCB0006B5365745468726561644C6F63616C5357
:10BCC000746F72616765506F696E746572002A2ABD
:10BCD000525F5553425F486F7374436F6E74726F57
:10BCE0006C5472616E736665722041504920322037
:10BCF0004641494C45442A2A000D0A212120546816
:10BD000065204D534320646576696365206973201F
:10BD1000636F6E6E65637465642021210D0A55534F
:10BD200042204D756C746920486F7374206D656E88
:10BD300075206F7074696F6E7320284D5343204FC8
:10BD40007065726174696F6E293A0D0A20322E2077
:10BD5000466F726D61742055534220647269766536
:10BD60000D0A20332E205772697465203130204B24
:10BD70004220746F2072615F7573622E7478742034
:10BD800066696C650D0A20342E2044656C65746507
:10BD90002074686520637265617465642066696CEF
:10BDA000650D0A20352E20536166656C7920656A21
:10BDB000656374205553422064726976650D0A00EC
:10BDC0001B5B313B33326D0D0A555342204465767F
:10BDD00069636520466F726D617474656420737564
:10BDE000636365737366756C6C79200D0A1B5B3039
:10BDF0006D002820757842697473546F436C6561D7
:10BE0000722026202820282075696E7433325F74D2
:10BE10002029203078666630303030303055202987
:10BE20002029203D3D2030002128202820707649FF
:10BE300074656D546F5175657565203D3D202828EA
:10BE4000766F69642A293029202920262620282077
:10BE5000707851756575652D3E75784974656D53BB
:10BE6000697A6520213D2028205542617365547907
:10BE700070655F7420292030552029202900756CB9
:10BE80005461736B47656E657269634E6F74696662
:10BE90007954616B65007853697A65203D3D207364
:10BEA000697A656F6628205443425F742029002810
:10BEB00020707854696D65722D3E7854696D657295
:10BEC000506572696F64496E5469636B73203E20DC
:10BED000302029005553422048434443205468727F
:10BEE0006561640046465F4C6F636B4641540028B1
:10BEF0006E756C6C2900D4D40108030000000000AA
:10BF00000100C1020000000000000000000000006D
:10BF100004000022F8BE0102086F002210BF0102D7
:10BF20001CC4010200070300000000000100C2025F
:10BF3000297400020000000000000000140000222C
:10BF400024BF0102206F00223CBF01021CC4010279
:10BF50000102018F00000000000000000001020348
:10BF60000405060C0C0C0C0C0C0C00003137000204
:10BF7000386F002244BF010218BF01020000000018
:10BF80005C71002250BF010290C3010280BF010218
:10BF900019340002807100228CBF0102386F002228
:10BFA00090BF01023CC301029CBF0102392800027C
:10BFB0000000000000000000000000000000000081
:10BFC000000000000200000000000000050000006A
:10BFD000000000000D00000000000000080100004B
:10BFE0000000000009010000000001000102000043
:10BFF000000000000702000000000100080200002D
:10C000000000010009020000000001000A02000017
:10C01000000001000B020000000C01000C020000F7
:10C02000000C01000D020000000001000E020000E3
:10C03000000001000F020000040C000003030000D8
:10C04000000000000C0300000000000001040000DC
:10C050000000000002040000000C011307040000AF
:10C06000000C011408040000000000000904000096
:10C07000000000000A040000000000000C040000A2
:10C08000000000000D040000050000000005000095
:10C09000000C010401050000040C00000006000073
:10C0A000000C010401060000000C0104020600005F
:10C0B000000C010403060000000C0104040600004B
:10C0C000050C000006060000000000000407000048
:10C0D000040C000008070000040C00000907000021
:10C0E000000C010406080000000000000A0800001F
:10C0F000040C0000070A000000000000010D000011
:10C1000005000000070D000029000000C0BF01026B
:10C11000000000000000000000000000000000001F
:10C120009A009B0098009900C302C102C20240001D
:10C130004100FF02FC02FE02FD02D4D40000000018
:10C1400000000000000000000000000000000000EF
:10C1500000000000000000000000000000000000DF
:10C1600000000000000000000000000000000000CF
:10C1700000000000000000000000000000000000BF
:10C1800000000000000000000000000000000000AF
:10C19000000000000000000000000000000000009F
:10C1A000000000000000000000000000000000008F
:10C1B000000000000000000000000000000000007F
:10C1C000000000000000000000000000000000006F
:10C1D000000000000000000000000000000000005F
:10C1E000000000000000000000000000000000004F
:10C1F000000000000000000000000000000000003F
:10C20000000000000000000000000000000000002E
:10C21000000000000000000000000000000000001E
:10C22000000000000000000000000000000000000E
:10C2300000000000000000000000000000000000FE
:10C2400000000000000000000000000000000000EE
:10C2500000000000000000000000000000000000DE
:10C2600000000000000000000000000000000000CE
:10C2700000000000000000000000000000000000BE
:10C2800000000000000000000000000000000000AE
:10C29000000000000000000000000000000000009E
:10C2A000000000000000000000000000000000008E
:10C2B000000000000000000000000000000000007E
:10C2C000000000000000000000000000000000006E
:10C2D000000000000000000000000000000000005E
:10C2E000000000000000000000000000000000004E
:10C2F000000000000000000000000000000000003E
:10C30000000000000000000000000000000000002D
:10C31000000000000000000000000000000000001D
:10C32000000000000000000000000000000000000D
:10C330000000000000000000000000008134000246
:10C34000D134000229350002A1350002193600025D
:10C35000A1360002B1360002E9360002F9360002C9
:10C3600001000000FFFFFFFF01000000FFFFFFFFD3
:10C370000000DE05DF05D4D4200000002800000006
:10C380002C000000220000002A0000002E00000007
:10C39000F9D3000251D50002D9D5000261D60002BE
:10C3A000E9D6000259D7000201D8000289D800025C
:10C3B000B9D80002B1D90002B9D90002C1D900022E
:10C3C000C9D9000271DA000221DB000231DB000270
:10C3D00051DB000259DB0002B9DB000201DC000284
:10C3E00049DC000251DC000261DC000271DC000269
:10C3F00081DC000299DC0002B9DC0002D1DC000221
:10C40000E9DC000259DD000271DD000291DD00026D
:10C41000B9DD0002020403040404D4D499DF00024D
:10C4200019E0000231E0000299E00002A9E00002F8
:10C43000D1E00002E1E00002F1E0000221E10002AF
:10C4400081E1000289E1000200000068000000684C
:10C4500000000080000000800000007000000070FC
:10C46000E0010022E00100220B00000080C4010274
:10C470001900000004C501020400000048C40102C4
:10C4800000000068000000680001000D0000006866
:10C49000000000680001000D000000800000008026
:10C4A000000100080000008000000080000100087A
:10C4B00000000070000000700001000A0000007021
:10C4C000000000700001000A0000000000000000F1
:10C4D0000100000500000020000000200100000411
:10C4E000E0010022E00100220000000310120022FF
:10C4F00004C701220000000310C7012210C7012257
:10C5000000000003000000680000006800000090C8
:10C510000001090D000000680000006800000078BC
:10C5200000010B0D000000680000006800000027FB
:10C530000001020D000000680000006874000002A5
:10C540000001010D0000008000000080000000904C
:10C550000001090800000080000000800000007851
:10C5600000010B0800000080000000800000002790
:10C57000000102080000008000000080740000023A
:10C580000001010800000070000000700000009031
:10C590000001090A0000007000000070000000782F
:10C5A00000010B0A0000007000000070000000276E
:10C5B0000001020A00000070000000707400000218
:10C5C0000001010A000000000000000000000090CF
:10C5D00001010905000000000000000000000078D3
:10C5E00001010B0500000000000000000000002712
:10C5F00001000205000000000000000074000002BD
:10C600000100010500000020000000200000009053
:10C610000101090400000020000000200000007853
:10C6200001010B0400000020000000200000002792
:10C63000010002040000002000000020740000023D
:10C640000100010400000022000000220000009010
:10C650000001090300000022000000220000007811
:10C6600000010B0300000022000000220000002750
:10C670000000020300000022D80100227400000222
:10C680000000010308C7012210C701225002000266
:10C690000000010306000000080000000300000085
:10C6A000050000000A000000010002000800100060
:10C6B0002000D4D400000000963007772C610EEEE5
:10C6C000BA51099919C46D078FF46A7035A563E9E9
:10C6D000A395649E3288DB0EA4B8DC791EE9D5E010
:10C6E00088D9D2972B4CB609BD7CB17E072DB8E70F
:10C6F000911DBF906410B71DF220B06A4871B9F364
:10C70000DE41BE847DD4DA1AEBE4DD6D51B5D4F49C
:10C71000C785D38356986C13C0A86B647AF962FD01
:10C72000ECC9658A4F5C0114D96C0663633D0FFA4E
:10C73000F50D088DC8206E3B5E10694CE44160D554
:10C74000727167A2D1E4033C47D4044BFD850DD23E
:10C750006BB50AA5FAA8B5356C98B242D6C9BBDB51
:10C7600040F9BCACE36CD832755CDF45CF0DD6DC4C
:10C77000593DD1ABAC30D9263A00DE518051D7C8F3
:10C780001661D0BFB5F4B42123C4B3569995BACF7E
:10C790000FA5BDB89EB802280888055FB2D90CC69F
:10C7A00024E90BB1877C6F2F114C6858AB1D61C118
:10C7B0003D2D66B69041DC760671DB01BC20D29837
:10C7C0002A10D5EF8985B1711FB5B606A5E4BF9FC4
:10C7D00033D4B8E8A2C9077834F9000F8EA80996B7
:10C7E00018980EE1BB0D6A7F2D3D6D08976C649122
:10C7F000015C63E6F4516B6B62616C1CD83065853B
:10C800004E0062F2ED95066C7BA5011BC1F4088217
:10C8100057C40FF5C6D9B06550E9B712EAB8BE8B58
:10C820007C88B9FCDF1DDD62492DDA15F37CD38CE1
:10C83000654CD4FB5861B24DCE51B53A7400BCA3DF
:10C84000E230BBD441A5DF4AD795D83D6DC4D1A411
:10C85000FBF4D6D36AE96943FCD96E34468867ADE8
:10C86000D0B860DA732D0444E51D03335F4C0AAA87
:10C87000C97C0DDD3C710550AA41022710100BBE8A
:10C8800086200CC925B56857B3856F2009D466B9D1
:10C890009FE461CE0EF9DE5E98C9D9292298D0B006
:10C8A000B4A8D7C7173DB359810DB42E3B5CBDB7B3
:10C8B000AD6CBAC02083B8EDB6B3BF9A0CE2B60334
:10C8C0009AD2B1743947D5EAAF77D29D1526DB04E9
:10C8D0008316DC73120B63E3843B64943E6A6D0D34
:10C8E000A85A6A7A0BCF0EE49DFF099327AE000A7F
:10C8F000B19E077D44930FF0D2A3088768F2011E12
:10C90000FEC206695D5762F7CB67658071366C19A8
:10C91000E7066B6E761BD4FEE02BD3895A7ADA10C9
:10C92000CC4ADD676FDFB9F9F9EFBE8E43BEB717AA
:10C93000D58EB060E8A3D6D67E93D1A1C4C2D83834
:10C9400052F2DF4FF167BBD16757BCA6DD06B53F9A
:10C950004B36B248DA2B0DD84C1B0AAFF64A0336D9
:10C96000607A0441C3EF60DF55DF67A8EF8E6E3158
:10C9700079BE69468CB361CB1A8366BCA0D26F25A1
:10C9800036E2685295770CCC03470BBBB9160222EE
:10C990002F260555BE3BBAC5280BBDB2925AB42B03
:10C9A000046AB35CA7FFD7C231CFD0B58B9ED92C18
:10C9B0001DAEDE5BB0C2649B26F263EC9CA36A757D
:10C9C0000A936D02A906099C3F360EEB8567077234
:10C9D00013570005824ABF95147AB8E2AE2BB17B9B
:10C9E000381BB60C9B8ED2920DBED5E5B7EFDC7C22
:10C9F00021DFDB0BD4D2D38642E2D4F1F8B3DD6879
:10CA00006E83DA1FCD16BE815B26B9F6E177B06F73
:10CA10007747B718E65A0888706A0FFFCA3B066660
:10CA20005C0B0111FF9E658F69AE62F8D3FF6B61ED
:10CA300045CF6C1678E20AA0EED20DD75483044E8F
:10CA4000C2B30339612667A7F71660D04D4769491D
:10CA5000DB776E3E4A6AD1AEDC5AD6D9660BDF4030
:10CA6000F03BD83753AEBCA9C59EBBDE7FCFB247E3
:10CA7000E9FFB5301CF2BDBD8AC2BACA3093B353C8
:10CA8000A6A3B4240536D0BA9306D7CD2957DE54D1
:10CA9000BF67D9232E7A66B3B84A61C4021B685DAA
:10CAA000942B6F2A37BE0BB4A18E0CC31BDF055A23
:10CAB0008DEF022D00C0C101C30302C2C60607C725
:10CAC00005C5C404CC0C0DCD0FCFCE0E0ACACB0BBE
:10CAD000C90908C8D81819D91BDBDA1A1EDEDF1FEE
:10CAE000DD1D1CDC14D4D515D71716D6D21213D3DE
:10CAF00011D1D010F03031F133F3F23236F6F7378E
:10CB0000F53534F43CFCFD3DFF3F3EFEFA3A3BFB7D
:10CB100039F9F83828E8E929EB2B2AEAEE2E2FEF2D
:10CB20002DEDEC2CE42425E527E7E62622E2E3239D
:10CB3000E12120E0A06061A163A3A26266A6A767CD
:10CB4000A56564A46CACAD6DAF6F6EAEAA6A6BAB3D
:10CB500069A9A86878B8B979BB7B7ABABE7E7FBF6D
:10CB60007DBDBC7CB47475B577B7B67672B2B3735D
:10CB7000B17170B05090915193535292965657970D
:10CB8000559594549C5C5D9D5F9F9E5E5A9A9B5BFD
:10CB900099595898884849894B8B8A4A4E8E8F4FAD
:10CBA0008D4D4C8C4484854587474686824243831D
:10CBB0004181804000C1814001C0804101C080416D
:10CBC00000C1814001C0804100C1814000C181405D
:10CBD00001C0804101C0804100C1814000C181404D
:10CBE00001C0804100C1814001C0804101C080413D
:10CBF00000C1814001C0804100C1814000C181402D
:10CC000001C0804100C1814001C0804101C080411C
:10CC100000C1814000C1814001C0804101C080410C
:10CC200000C1814001C0804100C1814000C18140FC
:10CC300001C0804101C0804100C1814000C18140EC
:10CC400001C0804100C1814001C0804101C08041DC
:10CC500000C1814000C1814001C0804101C08041CC
:10CC600000C1814001C0804100C1814000C18140BC
:10CC700001C0804100C1814001C0804101C08041AC
:10CC800000C1814001C0804100C1814000C181409C
:10CC900001C0804101C0804100C1814000C181408C
:10CCA00001C0804100C1814001C0804101C080417C
:10CCB00000C18140222A2F3A3C3E3F5C7F7CD4D485
:10CCC000000000000E000000090000000C00000041
:10CCD000050000000E0000000E0000000E00000025
:10CCE00087000000100000002A000000160000006D
:10CCF0001600000070000000870000004F000000D8
:10CD0000160000004F000000160000007000000038
:10CD100010000000320000001C0000001D00000098
:10CD20001D0000000E0000000E0000000E000000BC
:10CD30000E0000000E00000078000000020000005D
:10CD4000150000001E000000140000000D0000008F
:10CD50000D0000001C000000110000000200000097
:10CD600002000000050000000900000013000000A0
:10CD70000E000000160000001D0000000E00000064
:10CD80000E0000000E000000110000001C0000005A
:10CD9000590000005A000000160000000E000000BC
:10CDA0001C0000001C0000005B0000000E000000E2
:10CDB0000E0000000E0000000E0000000E0000003B
:10CDC0000E0000000E0000000E0000000E0000002B
:10CDD0000E0000000E0000001C0000000E0000000D
:10CDE0000E0000000E0000000E0000000E0000000B
:10CDF0000E0000000E0000000E0000000E000000FB
:10CE00000E0000000E0000000E0000000E000000EA
:10CE10000E0000000E0000000E0000000E000000DA
:10CE20000E0000000E0000000E0000000E000000CA
:10CE30000E0000000E0000000E0000000E000000BA
:10CE40000E0000000E0000000E0000000E000000AA
:10CE500032000000690000008A0000005B00000052
:10CE60002F00D4D4040000000000000000000000E7
:10CE700000000000000000100000000000000000A2
:10CE8000B9340332B7F4AD1410DB1AB30892540E60
:10CE90000D307D951447BA1A66088F4D26ADC66DC4
:10CEA000F598BF85E2B74511CA96853D92BD1DEB49
:10CEB000FCA11860DCEF52163C92AE220BB8C1B454
:10CEC000839D2D5B0562DA1C304C7E8F4E8BB25BEE
:10CED00016F4529F8B56A512FBD4827643ED8AF04E
:10CEE0008FE7F9311565191850F19BD94A13EEB443
:10CEF000284CF0A686C1251F035FC270CB9E491641
:10CF0000E642889C44EB2014B0650836AD6EA585DA
:10CF100085F0CA14E2FD031A0B899979D5B13D0950
:10CF2000D8DA973A35EBCF10AC363F5E73BB38CFCB
:10CF30003E6752FA44AFBA1501000000000000003D
:10CF400005000000000000001900000000000000C3
:10CF50007D000000000000007102000000000000E1
:10CF6000350C000000000000093D0000000000003A
:10CF70002D31010000000000E1F505000000000077
:10CF800065CD1D0000000000F902950000000000C2
:10CF9000DD0EE90200000000514A8D0E0000000085
:10CFA0009573C24800000000E941CC6B010000000D
:10CFB0008D49FD1A07000000C16FF28623000000B2
:10CFC000C52EBCA2B1000000D9E9AC2D7803000049
:10CFD0003D9160E45811000031D6E275BC56000066
:10CFE000F52E6E4DAEB10100C9EA268367780800C0
:10CFF000ED95C28F055A2A00A1EDCCCE1BC2D300FD
:10D0000025A4000A8BCA22040000000000000000D2
:10D010000000000000000000000000409559695920
:10D020005555545515555556040515411054554040
:10D0300045515544404550445055554500400040E9
:10D040004004449665555655454045545141154058
:10D05000559155555555405105010000D4D4D4D4AF
:10D06000010000000000000000000000000000209F
:10D07000345065C05FC9A652BB13CBAEC440C218C2
:10D0800006C8DF7100D5A87CF56F0FDA58FC2713AE
:10D090006E4756357D24206502C7E768E48CA41DE1
:10D0A000E9E60268D7CD39617977FCC2405BEF16BB
:10D0B000798CDE43FFA751F991F3B278F5BDBE112B
:10D0C000E857E9D6E8BEE87BB054AC8F848D751B79
:10D0D000EA23A499E9F9D38BB7A3714061DA3E152D
:10D0E000CEE33ECB73F948088C97B427D51B70105C
:10D0F000A2BFEFB9EB8532154DB44DB49BBB6F1990
:10D1000096B6076CF8E7EEAD36D9B4F59135AE13A7
:10D11000222218AF4E6A684D91DAAA3D4F40741E24
:10D120009FBD9EE006A1C09857C2A7FDA40E901710
:10D130000E7D497173E3208FB220D87605143B121F
:10D14000853D7434811343B0AD297A5F27F4351CD3
:10D15000544554544555050400100410140440006F
:10D1600000000140555515415404000044000100E1
:10D1700000000040410000445044455054005555C3
:10D1800054556551004000400100000100050100B8
:10D19000115451515455550500154150000004409B
:10D1A000100104050000000000000606362E362E91
:10D1B00030004275696C7420776974682052656E1E
:10D1C0006573617320416476616E63656420466CAB
:10D1D000657869626C6520536F667477617265204B
:10D1E0005061636B6167652076657273696F6E204D
:06D1F000362E362E300041
:0200000402C92F
:04F04000FFFFFFFFD0
:04F04400EFFFFFFFDC
:04F0C000FFFFFFFD52
:04F0C400FFFFFFFF4C
:04F1200000000000EB
:04F1240000000000E7
:040000050200EEF116
:00000001FF
