:020000040200F8
:100000000006002241C7000211C6000251C70002CB
:1000100051C7000251C7000251C7000251C7000278
:1000200000000000000000000000000051C70002B6
:1000300051C7000200000000116600029166000234
:100040004182000279820002A9820002D18200026C
:0800500091BC000291BC00020A
:10005800120100020200004000000200000201023A
:10006800060109024B00020100C005080B0002024C
:10007800020000090400000102020100052400102A
:1000880001042402020524060001052401030107D6
:1000980005830310001009040100020A000000078C
:1000A800058102400000070502024000001201001D
:1000B8000202000040000002000002010206010ADC
:1000C80006000200000040010009074B0002010081
:1000D800C005080B0002020200000904000001022A
:1000E8000201000524001001042402020524060070
:1000F8000105240103010705830310001009040109
:1001080000020A000000070581020002000705023C
:10011800020002000904010752454E4553415309A4
:10012800040215434443205553422044656D6F6EC5
:100138007374726174696F6E09040316436F6D6D91
:10014800756E69636174696F6E732044657669635F
:1001580065730904040A46756C6C2D5370656564F3
:100168000904050848692D53706565640904060D7E
:1001780030303030303030303030303031090400F9
:1001880000001890000000000000000000000000BF
:1001980000000098000000000000000000000000BF
:1001A80075785F736C6176655F636C6173735F63A9
:1001B80064635F61636D00010101010201010102D5
:1001C8000101010102020201010101010102010113
:1001D800010101010101010101010101F0F0F0F04B
:1001E8000000000014002540140025400000000015
:1001F8001800254018002540000000001C0025407C
:100208001C00254000000000646800229C68002251
:10021800D46800220C690022446900227C6900220B
:10022800B4690022EC690022246A00225C6A002278
:04023800946A0022A2
:100240002DE9F04381B040F230661546C2F2002637
:10025000884607463378532B36D0A82130460CF019
:10026000CDFB0320306170614FF2785040F2D861CD
:10027000C0F20020B061C2F20021F1614FF40061D0
:1002800031620021B1627162F16240F6D86230667B
:100290004FF0100E4FF2B000C2F200227266C6F8A4
:1002A00068E03167F1667167BFF35F8FC0F20020CD
:1002B0000F30314600BF00BF10F8012901F8012BB3
:1002C0000FF007C0BFF35F8F07EB470006EBC000DE
:1002D00000F16009C76E046FBC4213D9D9E901016E
:1002E000091BA94251EA35860119404632460CF0F5
:1002F00089FB3019D9F80810411AB04450EA11842A
:10030000AD1B00E00026381BA84250EA358545B1F8
:10031000D9F804002A46011940460CF073FB2E441C
:100320002C44002E304618BFC9F8104001B0BDE87B
:10033000F083D4D4D4D4D4D410B50B46EFF31184C5
:100340004FF0200181F311881946FFF779FF84F3FC
:10035000118810BDD4D4D4D42DE9F04381B000EB82
:10036000400040F23063C2F20023154603EBC003A5
:10037000894603F11808D86A022819D001280CD040
:1003800048B9D8F80C40D8F81000E143A04267D92A
:100390000844A8426AD2002689E0D8F80C40D8F870
:1003A0001010A14233D9E0430144D8F8080033E0EB
:1003B000D8F80C40002621E0D8F808101044084472
:1003C000091B884250EA31804946A84250EA3587E5
:1003D000D8F8040020443A460CF014FB3819D8F839
:1003E0000810411AA5EB070550EA11843E44B944B0
:1003F000002DBFF35F8FC8F80C4058D0D8F810001C
:10040000E243A042D8D91044D8F80810D8E7E24314
:10041000D8F8080011440144A94251EA3586051B69
:10042000D8F804002044AE4209D2494632460CF0C6
:10043000E9FABFF35F8F3019C8F80C0037E049467E
:100440002A460CF0DFFA771BD8F8040009EB050107
:100450003A460CF0D7FABFF35F8FC8F80C7026E06D
:10046000D8F8082008441044A84294D3D8E90101E0
:100470000E1B2044B54209D249462A460CF0C2FA66
:10048000BFF35F8F6019C8F80C000FE04946324691
:100490000CF0B8FAAF1BD8F8040009EB06013A4695
:1004A0000CF0B0FABFF35F8FC8F80C702E463046E0
:1004B00001B0BDE8F083D4D4F0B581B040F230652E
:1004C0000C46C2F200252B78532B37D00646A821C4
:1004D000284617460CF092FA0320286168614FF213
:1004E000785040F2D861C0F20020A861C2F2002129
:1004F000E9614FF4006129620021A9626962E96241
:1005000040F6D86228664FF0100E4FF2B000C2F2EB
:1005100000226A66C5F868E02967E9666967BFF383
:100520005F8FC0F200200F3010F8011905F8011B91
:100530000FF007C03A463046BFF35F8FEFF31185E7
:100540004FF0200181F311882146FFF705FF85F365
:10055000118801B0F0BDD4D410B540F23064C2F2BD
:1005600000242078532837D0A82120460CF046FAE2
:100570000320206160614FF2785040F2D861C0F2F0
:100580000020A061C2F20021E1614FF4006121620C
:100590000021A1626162E16240F6D86220664FF0FC
:1005A000100E4FF2B000C2F200226266C4F868E09A
:1005B0002167E1666167BFF35F8FC0F200200F30F3
:1005C000214600BF00BF00BF10F8012901F8012B30
:1005D0000FF007C0BFF35F8FE06E216F81425FEACB
:1005E0000F9010BDD4D4D4D42DE9F04F9BB09246D7
:1005F0000F464FF0000903901A900DF1580B0020A0
:1006000006A9169140211791CDE918990EE0011D18
:10061000CAF800100168CDE900385846234600F0BA
:100620000BFA1998B0F1FF3F40F3008217F8011B55
:1006300025291DD0002900F0E981DDE91720431CA0
:10064000934207D8169A115418931998179A0130A3
:10065000199018469042E4D116991A98FFF72CFF8A
:100660001899884240F0CD81CDF86090D9E700BF5D
:100670004FF000083978A1F123030D2B18D802227E
:10068000DFE803F00E1616161616161610161216BA
:10069000160748EA02080137ECE700BF00BF00BFB9
:1006A0000822F6E70422F4E70122F2E700BF00BFC8
:1006B000A1F13A02002312F10A0F0FD300BF00BFCD
:1006C0000A4617F8011F03EB8303A1F13A0602EB78
:1006D000430216F10B0FA2F13003F1D82E290FD1EE
:1006E0003A4612F8016F2A2E0DD1DAF800100237BF
:1006F0000A1DCAF800200C6801211DE000BF00BFE0
:100700000021002418E0A6F13A0717F10A0F02D2DF
:10071000002100240FE0002412F8011F04EB8407DD
:10072000A1F13A0506EB470715F10B0FA7F13004CD
:100730000E46F1D80121174617F8012B02F0FB06EF
:10074000682EF9D0A2F15806202E26D8DFE806F050
:100750001211111111111111111111163C11111158
:100760001111111111111111691111761138111195
:10077000120056E7DAF80000102248E7DDE91720FA
:10078000411CDAF80030914203F10406CAF8006017
:100790003FF660AF169A1B680AE0252A7FF441AF46
:1007A000DDE91720411C91423FF654AF169A2523EC
:1007B000135418911998179A01301990084649E76F
:1007C000DAF800000A2222E7DAF800100A1DCAF857
:1007D000002009680591002951EA51B201210A2A35
:1007E0000EDB4CF6CD4CCCF6CC4C00BF00BF00BFAE
:1007F000A2FB0C56632A01F101014FEAD602F7D899
:100800008C4254EA81895E46002B54D0059908F049
:10081000040200295FEA5F9141EA9201A3EB010B18
:100820004BE0DAF800001022011DCAF80010016840
:1008300008230820CDE900095846F0E6DAF8002040
:10084000131DCAF8003012684FF2CB13002AC0F211
:10085000002352EA13865FEA01880AE000BF00BF66
:100860001998CDF86090B0F1FF3FA4F101047FF733
:10087000D8AE16F8011B002C5FEA188200293FF45D
:10088000D0AE002A7FF4CDAEDDE917235D1C954282
:1008900007D81698C1542B461998179A0130189505
:1008A00019909342DFD116991A98FFF705FE18990F
:1008B0008842D5D0A5E04FF0000B5FEA8871049123
:1008C00018D5BCB90598B0F1FF3F3DDD5FEA48702F
:1008D00057D5DDE91720411C914208D8169A2B23E1
:1008E000135418911998179A01301990084690429C
:1008F0003ED046E05FEAC871E4D1BBF1000FE1D021
:10090000ABF101055D4538BFD945DBD2DDE91721E3
:100910004B1C934208D81698202242541946199825
:10092000179A013018931990914209D116991A9883
:10093000FFF7C2FD1899884263D1002018901998DA
:100940000028AB46DCD558E0DDE91720411C914278
:1009500008D8169A2D23135418911998179A013014
:100960001990084690420598C0F10000059008D102
:1009700016991A98FFF7A0FD1899884241D10020D6
:1009800018901998002851D4049900290BD40A22F0
:10099000304605992346CDE900B8B34600F04CF83F
:1009A0004FF000093DE608F001012143EFD1BBF112
:1009B000000FECD0ABF101055D4538BFD945E6D25B
:1009C000DDE917214B1C934208D816983022425477
:1009D00019461998179A013018931990914209D124
:1009E00016991A98FFF768FD1899884209D10020D6
:1009F000189019980028AB46DCD54FF00009B34693
:100A00000FE64FF0FF301BB0BDE8F08F40B1189AF1
:100A100052B106A90398FFF74FFDDDE9181004E075
:100A200000201BB0BDE8F08F002108441BB0BDE8DA
:100A3000F08FD4D4D4D4D4D42DE9F04F81B015465E
:100A40008B4691421F460446DDF828904FF0010086
:100A500007D3594600BF00BFB1FBF5F10130A942F1
:100A6000FAD2874257EA8088B9F1000F0B9938D043
:100A700011F0010035D188074FF0200048BF302029
:100A80002021002F50EA01864FF0000A06E000BF47
:100A9000E068A9F10109B0F1FF3F22DDB9F1000FD3
:100AA0001FD0C8451DD2D4E90120411C914207D86E
:100AB00022681654A160E06862680130E060084670
:100AC0009042E5D121682069FFF7F6FCA1688842D1
:100AD00002D1C4F808A0DBE74FF0FF30E060A9F1D5
:100AE0000109E068002842D4012603E000BF00BFEE
:100AF000013F6E43022FFBD2BBFBF6F1A942F8D2B5
:100B00004FF64727A268C0F2002700BF00BF00BF12
:100B10006168531CBBFBF6FA8B4209D8206817F8B2
:100B20000A1081541A46E06861680130A360E060F1
:100B30008A4209D121682069FFF7BEFCA268904271
:100B40000CD10022E068A26000280AD4B6FBF5F1BF
:100B50000AFB16BBB5420E46DAD902E04FF0FF3071
:100B6000E0600B99C90718BFB9F1000F02D101B0BD
:100B7000BDE8F08F2025A9F101064E4538BFC845D4
:100B8000F5D26168531C8B4207D8206885541A46F9
:100B9000E06861680130A360E0608A4209D12168A1
:100BA0002069FFF789FCA168884207D10022E0682C
:100BB000A260B0F1FF3FB146DDDCD8E74FF0FF3077
:100BC000E06001B0BDE8F08F82B080B582B0CDE9C1
:100BD000042304AA019201AAFFF706FD02B0BDE8B2
:100BE000804002B07047D4D4B0B582B040F6E8601F
:100BF0004FF6571140F61C72C2F20020C0F20021DD
:100C0000C2F200224FF480733425009504F0F0FD09
:100C100008B102B0B0BD41F21C004FF2432141F2D5
:100C20005403C2F20020C0F20021C2F200230122CC
:100C300038241425CDE9005405F006F840B140F6FB
:100C4000E8610446C2F20021084604F041FE1FE0BC
:100C500041F268004FF2815141F2A003C2F200203C
:100C6000C0F20021C2F200230122CDE9005404F0B9
:100C7000EBFF80B140F6E8610446C2F2002108466D
:100C800004F026FE41F21C00C2F2002005F054F8E8
:100C9000204602B0B0BD002002B0B0BDD4D4D4D440
:100CA00080B540F6E860C2F2002004F011FE41F287
:100CB0001C00C2F2002005F03FF841F26800C2F2C9
:100CC000002005F039F84FF26F210020C0F200211A
:100CD0000122FFF779FF00BE80BDD4D4D4D4D4D490
:100CE000022818BF704746F2CC0040F27401C2F2ED
:100CF0000020C0F201210AF00FBDD4D4D4D4D4D442
:100D000088B00020059000F017FB01200021002290
:100D100000F0D6FA41F2B4004FF49041C2F2002044
:100D20000022002301F03CFE069060B14FF23352E6
:100D30000320C0F20022202100F0C2FA06AA0420FB
:100D4000042100F0BDFA4FF2A9220220C0F20022D5
:100D50002321022400F0B4FA40F22D1040F2C40125
:100D6000C2F20020C2F200216922CDE900120290F5
:100D700040F25D0040F2000241F26907C2F2002039
:100D8000C2F2002267215D23C0F20027CDE90347AC
:100D900001F0B6FA069060B14FF210120320C0F2D3
:100DA0000022262100F08CFA06AA0420042100F07B
:100DB00087FA4FF23A120220C0F20022292100F0F5
:100DC0007FFA45F6B40741F29900C2F2002741F2DA
:100DD000B901C0F20020C0F20021C7E9000140F2D1
:100DE000501041F62901C2F20020C0F20021012278
:100DF0000023009701F0B4F8069060B14FF6A90205
:100E00000320C0F200222A2100F05AFA06AA042088
:100E1000042100F055FA4FF272620220C0F2002263
:100E20002E2100F04DFA4FF6D420C0F20020407879
:100E3000022808D0012840F010810020C4F20600EA
:100E400000F5F81002E00020C4F2060005F094F965
:100E5000069060B14FF6B1120320C0F200222421A7
:100E600000F02EFA06AA0420042100F029FA4FF21D
:100E7000A0620220C0F20022272100F021FA46F2EF
:100E80004C104FF6D421C2F20020C0F200210AF02B
:100E90009FFB60B14FF289120320C0F2002216219D
:100EA00000F00EFA06AA0420042100F009FA4FF21D
:100EB00004220220C0F200221F2100F001FA4FF2AA
:100EC000C2520220C0F20022522100F0F9F946F28B
:100ED000D40005ABC2F20020042100224FF0FF37FE
:100EE000009704F099FD05990690490707D530B998
:100EF0004FF28F220220C0F200221A2107E00029BF
:100F000007D44FF2C1020220C0F20022192100F0E2
:100F1000D7F946F2C80845F6C00945F6C40645F6B5
:100F2000C8044FF66C174FF0000B07ADC2F2002853
:100F3000C2F20029C2F20026C2F20024C0F2002749
:100F400005E000BF00BF00BF012003F051FF46F2E3
:100F5000D0200121C2F2002000222B46CDF81CB087
:100F6000D0F800A04FF0FF30009046F2D400C2F25B
:100F7000002004F051FD9DF81C00C00710D14FF671
:100F80000E1202202021C0F2002288F800B000F0EA
:100F900097F99DF81C00C00712D15DE000BF00BFAB
:100FA00098F8000060B94FF2AA1202202121C0F285
:100FB000002200F085F9012088F8000000BF00BF82
:100FC000DAF820000328FBD14FF6D301D9F800004E
:100FD0003B22C0F20021334600F01AFE079048B1D0
:100FE000032029213A4600F06BF9042004212A4607
:100FF00000F066F94FF4006120460BF0FFFCD9F8D1
:1010000000004FF400622146334600F071FD079066
:1010100060B14FF2E80203202821C0F2002200F064
:101020004FF9042004212A4600F04AF93268D9F821
:1010300000002146334600F0EBFD002807903FF406
:1010400083AF032029213A4600F03AF90420042115
:101050002A4600F035F977E7FEE7069800287FF486
:10106000F9AE04E7D4D4D4D480B50A2808D0012836
:101070000FD146F2D4000121C2F20020002206E086
:1010800046F2D4006FF00101C2F20020022204F007
:10109000FFFC002080BDD4D445F6C00C46F2D4033A
:1010A000C2F2002CC2F2002304210022CCF800007E
:1010B000184604F0EDBCD4D445F6C00C46F2D4007A
:1010C000C2F2002CC2F20020082100220023CCF83A
:1010D000003004F0DDBCD4D49CB04FF0000ACDF851
:1010E0003FA0CDF83CA0CDF80CA0CDE90DAA04F0AE
:1010F0008FF94FF250220346C0F200220DF1110089
:1011000023210BF093FDFFF76FFD80B14FF62E11F9
:101110000446C0F200210020FFF756FD4FF26F2178
:101120000020C0F200212246FFF74EFD00BE41F232
:101130001C044FF250294FF230264FF2232B4FF26E
:101140002558C2F200241BADC0F2002912AFC0F234
:101150000026C0F2002BC0F2002804E000BF00BF50
:10116000012003F045FEFFF7F7F9002844D0D846E8
:101170000DF1340B00200F225946FFF7DDF800F186
:10118000090240F6E8604FF0FF33C2F20020394612
:10119000CDF848A004F0F0FA50B14FF214610020ED
:1011A000C0F20021FFF710FD21E000BF00BF00BF2B
:1011B0001298039080F800A058460BF0F1FC0399B8
:1011C000421C01F10900C1F8012059460BF01AFC3C
:1011D00041F268004FF0FF32C2F2002003A904F090
:1011E000E3FDCDE90DAACDF83CA0CDF83FA0C34664
:1011F0004FF22558C0F20028CDF86CA00AE0FFF7A6
:10120000E3FC00203146FFF7DFFC1B9804F078FB7D
:101210000A28A5D001222046294604F0A5FD002871
:10122000F6D11B9823214A46D0F8053038460BF0FA
:10123000FDFC1B9801780139032938D8DFE801F05B
:101240000732022500F1090200204146D7E711A824
:10125000CDF844A00BF090F99DF845109DF846207C
:101260009DF84730CDE900214FF2CC214FF23612E4
:101270000020C0F20021C0F20022FFF7A5FC4FF2CF
:10128000CF610020C0F2002116E0D0F80920002A2A
:10129000B7D04FF26F210020C0F20021FFF794FC7D
:1012A00000BEAEE700F1090200205946A7E74FF65D
:1012B000D5110020C0F20021FFF786FCA1E7D4D4AD
:1012C000F0B583B0064600200190029040F6E86039
:1012D00015460C4601F10902C2F2002002A94FF0A6
:1012E000FF3304F049FA50B14FF23E610020C0F2E2
:1012F00000210027FFF768FCFFF7D2FC01E0029F06
:1013000001973E7004F084F8C7F8050007F1090062
:1013100029462246C7F801400BF074FB41F21C003D
:1013200001A9C2F200204FF0FF3204F03DFD03B0EE
:10133000F0BDD4D4D4D4D4D4F0B58FB04FF6582166
:101340000DF1180CC0F2002162460CF10804E8C946
:10135000E8C291E8E900E9C20CF10C05002700BFE2
:101360000698002122462B46CDE900770297CDE969
:10137000037704F0B5FE099931B90646012003F060
:1013800037FD0EB92FF015C00FB0F0BDD4D4D4D4B2
:1013900080B546F2D4004FF69511C2F20020C0F29B
:1013A0000021242204F0C4FA002808BF80BD46F2C0
:1013B000D4000021C2F20020BDE8804000F004B853
:1013C000FFF7E6BFD4D4D4D400BE7047D4D4D4D46D
:1013D0007047D4D4D4D4D4D480B546F2F80046F2C1
:1013E000FC02C2F20020C2F2002200211C23016094
:1013F000117046F200104FF2F041C2F20020C0F22C
:101400000021012204F0F0FC30B146F2001000216E
:10141000C2F20020FFF7D8FF00F04AF800F088F889
:10142000BDE88040FFF7D4BFB0B546F200104FF0E2
:10143000FF31C2F2002004F04FFD30B146F200103F
:101440000021C2F20020FFF7BFFF46F2FC00C2F20B
:101450000020017801B1B0BD01210170FFF7B0FF9C
:1014600046F2F805C2F2002528680138286008BF56
:10147000B0BD46F20014C2F2002405E000BF00BF78
:10148000286801382860E6D0204604F051FD002885
:10149000F6D000212046FFF797FFF1E7D4D4D4D44B
:1014A00080B502F0F1FA002080BDD4D4D4D4D4D4D5
:1014B00080B588B046F2F80048F22033C2F200202E
:1014C0004FF48062C2F200234FF0B00C016801318A
:1014D000016001200F21CDE9003241F22152C0F21A
:1014E00000220023CDE902114FF2D211C0F20021F7
:1014F000CDF818C0CDE9040046F27010C2F2002009
:1015000004F022FD48B146F270100021C2F2002022
:1015100008B0BDE88040FFF757BF08B080BDD4D405
:1015200080B5FFF781FFBDE88040FFF7E9BBD4D469
:1015300080B588B046F2F80048F22073C2F200206D
:101540004FF48062C2F200234FF0B00C0168013109
:10155000016001201021CDE9003241F2A152C0F218
:1015600000220023CDE902114FF29F11C0F20021A9
:10157000CDF818C0CDE9040046F22020C2F20020C8
:1015800004F0E2FC48B146F220200021C2F2002023
:1015900008B0BDE88040FFF717BF08B080BDD4D4C5
:1015A00080B5FFF741FFBDE88040FFF795BDD4D47B
:1015B0000146006A806C8A6841689060026019B1D7
:1015C00080B58847BDE8804000207047D4D4D4D48B
:1015D00082B004460068D0F81C8098F90E000028FC
:1015E00046F2D020C2F2002058BFD8F81480D0F8BC
:1015F000009008F1200B03E004F1840001F05CFC92
:10160000D9F820000328F7D1012101224FF0FF3043
:10161000009004F5F27001AB01F032FA0028EBD132
:10162000D4E988A0C4F82802BAF1000F24D04FF4FE
:101630000067002600BF00BF5546BAF5006F28BFFF
:101640004FF40065D8F82C00D4F828122A4657EA3F
:101650008A8701F035FB584629463A4601F0BCF826
:1016600080B92E44BAEB050AD4F828022844C4F8FD
:101670002802E1D1002106E0002100225846002680
:1016800001F0AAF80146D4F810320020C4F81C0278
:101690000BB92FF04BC8204632469847B0E7D4D458
:1016A0000446006804F59A78C76997F90E00B0F10E
:1016B000FF3F46F2D020C2F20020D8BF7F69066803
:1016C00007F1200904E00021002200232046A8475A
:1016D000306A032815D1398A48460A4601F07CF859
:1016E00008B12FF00BC8786CD4F8145210B1002D4B
:1016F000E9D1EDE70DB92FF015C8FA6ABB6B0021EF
:10170000E4E7404601F0D8FBE2E7D4D4D4D4D4D403
:101710002DE9F04146F2D021006AC2F20021846C2A
:101720000E6806F1AE0096F8AD7001F075FB054647
:1017300006F1B20001F070FB202F37D0212F12D01C
:10174000222F48D1E8074FF00000A4F87F0002D014
:10175000012084F87F00A80702D5012084F88000CA
:10176000E16899BB34E00546072828BF0725726E5B
:10177000A16F0746104606F1580801F095F9706E02
:1017800094F87C103A460171706E94F87D104171A6
:10179000706E94F87E1081710320C6F88000404678
:1017A000294601F019F80020BDE8F081706E01F0C3
:1017B00077F9726EA067E168107984F87C0050793F
:1017C00084F87D00907984F87E0009B1204688472E
:1017D0000020BDE8F081FF20BDE8F081D4D4D4D44E
:1017E000B0B5006A846C2068C16991F90E004A693D
:1017F000B0F1FF3F52EAC18051EAC285262100F0D4
:10180000E3FF2621284600F0DFFF072100222046C3
:10181000002500F0C9F8A16809B1204688470020DA
:10182000A4F87F50B0BDD4D401684A1E5421062AC2
:101830000AD8DFE802F0040F0B1113090D0040690C
:10184000B0F10A0118BF572108467047FFF7C8BF1B
:1018500000F0BAB9FFF7ACBEFFF75ABF00F000B80E
:101860002DE9F04387B00546066A002000214FF4B9
:101870000B7201F01DF9A0B10446686A04F110056D
:10188000B464D0E90012C4E901124FF6FA1180687D
:10189000E060C0F20021284601F07EFA18B1172757
:1018A0007BE012277CE004F144064FF20451C0F2C1
:1018B0000021304601F070FA08B117276AE04FF4B2
:1018C000E130A0670120A4F87C00082084F87E00A5
:1018D000002000214FF4006201F0EAF8C4F80C0285
:1018E00070B14FF29F5100F58060C4F8080204F512
:1018F000F270C0F2002101F0AFF818B1182733E000
:10190000122731E0D4F808124FF48069CDE90019AC
:101910004FF2535141F2D15204F18400C0F2002140
:10192000C0F20022234600274FF01408CDE90288B8
:10193000CDE9047701F090FAA8B9D4F80C12CDE9FA
:1019400000194FF61A2141F2A16204F59A70C0F213
:101950000021C0F200222346CDE90288CDE90477B8
:1019600001F07AFAE0B11627204650F8841F09B139
:1019700001F092FAD4F8E40118B104F5F27001F024
:101980007BF8D4F80C0208B101F0BAF9284601F04E
:1019900013FA3546284601F00FFA204601F0B0F957
:1019A000384607B0BDE8F083B0B54B1E082B00F2F7
:1019B0008280DFE803F0333E1E26164960050500ED
:1019C00000680839C069837B18BF802103F0800359
:1019D000994218BF4069016A01296AD0C266002095
:1019E000B0BD1178527880F8801080F87F200020F8
:1019F000B0BD90F8801090F87F00507000201170FA
:101A0000B0BD0068022AC3695DD0012A63D193F991
:101A10000E00B0F1FF3FC8BF5B695AE0137911684F
:101A2000816780F87C30B2F80510A0F87D100020A6
:101A3000B0BD90F87C30816F11601371B0F87D00FB
:101A4000A2F805000020B0BDD0F81812012930D04E
:101A5000D2E90012C0E9841200F18401044608466C
:101A600001F026FA04F59A7001F022FA0120C4F878
:101A700018020020B0BDD0F81812012919D1016850
:101A80000546CC69F92104F12002104600F078FEE9
:101A90006069F921203000F073FE05F1840001F047
:101AA0000BFA05F59A7001F007FA0020C5E98600E7
:101AB000B0BDFF20B0BD022007215422542400F005
:101AC000EBFE2046B0BD93F90E00B0F1FF3F00DC05
:101AD0005B69002000E0532053F8201F012918BF44
:101AE000B0BDF9210446184600F04AFE2046B0BDBC
:101AF0002DE9F047D0F81872012F02D1FF20BDE880
:101B0000F0870E4646F2D021C2F20021D1F800A0A3
:101B1000DAF82010032937D1016800F14408404663
:101B20001C46CF69154697F90E10B1F1FF3FD8BF9B
:101B30007F6901F049F907F120090020206000BF0A
:101B4000DAF82000032828D13DB3388A854255EAC7
:101B5000308148460A4600F03FFE40BBF96ABA6B46
:101B6000304601F0ADF8B86B21683A8A0144216033
:101B70000644B96B9142A5EB0105E1D2404601F064
:101B80001FF90020BDE8F0870220072151225124CF
:101B900000F082FE2046BDE8F087404601F010F9D3
:101BA000DAF82000032809D10020BDE8F0870446B8
:101BB000404601F005F92046BDE8F08702200721E4
:101BC00022222224E4E7D4D410B5006A846CD4B174
:101BD00004F1100001F0F0F804F1440001F0ECF819
:101BE00004F1840001F058F904F59A7001F054F9F9
:101BF00004F5F27000F040FFD4F80C0201F080F818
:101C0000204601F07DF8002010BDD4D4D4D4D4D423
:101C10002DE9F04F81B0D0F81872012F03D1FF20C9
:101C200001B0BDE8F08F0E4646F2D021C2F200218D
:101C3000D1F800B0DBF82010032950D1016800F181
:101C4000100738469A46D1F81C80154698F90E10B0
:101C5000002958BFD8F8148001F0B6F80020CAF85F
:101C6000000008F12009DBF82000002D08BF032840
:101C70003CD00328009727D135B34FF4006700BF4D
:101C8000B5F5006F4FF4006055EA3084D8F82C00A9
:101C9000314657EA8587224601F012F84846214628
:101CA0003A4600F099FD70BBD8F83800DAF8001019
:101CB0000144CAF80010DBF82010032904D1D8F839
:101CC000381006446D1ADBD1009801F079F8DBF882
:101CD0002000032812D1002001B0BDE8F08F0220BF
:101CE00007215122512400F0D7FD10E000210022ED
:101CF000484600F071FD0446384606E00220072100
:101D000022222224EFE70446009801F059F82046E9
:101D100001B0BDE8F08FD4D42DE9F04F91B046F278
:101D2000D022C2F200221468A04658F8202F032ABD
:101D300017D1D4F8C87057B18B46054600BF00BF15
:101D4000B87B854211D0BF690FB12FF007C80220C0
:101D500007215222522400F09FFD204611B0BDE819
:101D6000F08F542011B0BDE8F08FF87B834503D18C
:101D7000002011B0BDE8F08FD4F8E490B9F1000F65
:101D80001FD0D4F8E06003E0B9EB0A09564418D03C
:101D9000707896F800A00228F6D140F27B11082254
:101DA0003046C2F200210EAB00F012FE9DF83D005D
:101DB000D4F8B8108142E7D1BDF83A90B9F1000FDC
:101DC0000CD1FF2011B0BDE8F08F00BF00BF00BFF5
:101DD000B9EB0A0956444FF0FF00F3D0707896F83B
:101DE00000A00428F4D140F2831109223046C2F247
:101DF00000210BAB00F0ECFD9DF82E008542E7D1F1
:101E00009DF82F008345E3D1FD69ADB14FF0000A85
:101E10002621284600F0D8FCA3690F2120462A4637
:101E200098476869C5E900AAC5F814A0C5E906AADB
:101E3000054608B12FF015C00020F8613078B9EBE5
:101E4000000A5ED040F2671106440123C2F200216D
:101E500004E0CA46BAEB090A4E4452D0707896F8AC
:101E60000090022818BF0428F3D00528F2D1D4F836
:101E7000D820002A68D0D4F8D450286830B1013A6C
:101E800005F180054FF01200F7D19BE72B6005F1BB
:101E90000C03062230468B4600F09AFD46F2D02015
:101EA000298AC2F200200068D0F858210846022A88
:101EB0006FF3DF2005D1EA7BD20718BF11F4C051C0
:101EC0001AD128644FF0FF30E866A3690E2120463E
:101ED0002A46AD62C5E906789847C8BBF8695946F5
:101EE00038B10246406908B12FF005C85561012399
:101EF000B0E7FD610123ADE7012202EBD1214843A8
:101F0000DFE70BA90C2207F10C0000F0D9FE46F226
:101F1000D021B87BC2F20021096801EB8000D0F823
:101F2000180168B1016C59B1062100910890C0F800
:101F30001071416C68460297884711B0BDE8F08F78
:101F4000572011B0BDE8F08F122011B0BDE8F08F1E
:101F50000021296011B0BDE8F08FD4D4D4D4D4D4FA
:101F60002DE9F0478CB0074691460C4600200090C2
:101F700069463F2238461E4600F052FF10B10CB0B1
:101F8000BDE8F08746F2D020C2F200200168D1F807
:101F9000100160B1D1F81411DDF850A001F582757F
:101FA00055F8C41C39B1013805F58A75F8D11220ED
:101FB0000CB0BDE8F0870098A5F58278421C404639
:101FC000394600F07DFE0520019001A845F8C04C7F
:101FD000C5E900A6C5F80890CDE9098AA047002800
:101FE000CDD1012045F8C40C00200CB0BDE8F0872D
:101FF00010B500F0030346F2D020C2F20020022BFD
:1020000000680AD0DBB901291ED1D0F8601121B3D4
:102010000021C0F86411084610BDD0F8C81000E0D7
:10202000896961B1CC69002CFAD000BF00BF00BF44
:10203000A37B9A420AD06469002CF9D1F0E700F141
:102040003802836914219847002010BD836910214C
:10205000224698470020606010BD542010BDD4D4A3
:102060002DE9F04F93B046F2D0218046C2F2002114
:1020700000201290D1F800A0CDE91000DAF8B810D5
:10208000414500F0F480DAE93865BDB140F27B19D2
:1020900010ACC2F2002902E0ED1B3E440ED0707875
:1020A00037780228F8D1082230464946234600F006
:1020B0008FFC9DF845008045EED106E0B8F1000F99
:1020C00003D0FF2013B0BDE8F08FDAF8B800B8B144
:1020D000DAF8C840A4B103250DF1080906E000BFF5
:1020E0002046A76900F004FA3C464FB160680295AB
:1020F000002804940A90F3D0416C48468847EFE7E3
:102100000020CAF8B8000546DAF818301321012279
:1021100050460124CAF820409847B8F1000F00F05B
:10212000A98040F27B110AF1BC03C2F2002108220F
:102130003046CAF8B88000F04BFC46F2D0259DF836
:102140004700C2F20025BDF8427010F0400F54EA7B
:1021500004922968002FC0F34010C1E9572000F015
:102160007C8000244FF0000B0020019000900FE0D5
:1021700040F2831109223046C2F200210DAB00F07B
:1021800027FC9DF8370080B1B7EB09074E4464D0B7
:10219000707896F800900428EAD00B28F4D1B4782F
:1021A000F07801904FF0010BEEE7BBF1010F1DD16C
:1021B0009DF83620286894423CD1D0F81021002A9E
:1021C0003DD0D0F8141103E0013A01F58A7136D000
:1021D0000B6C012BF8D1D1F80831A342F4D1D1F81E
:1021E0000C319845F0D12246009124E02868D0F8BF
:1021F000101151B39DF83620D0F8143104E000BF1F
:10220000013903F58A730ED01D6C012DF8D1D3F876
:1022100008519542F4D1D3F80C51A845F0D100EB08
:102220008200C0F8183146F2D0254FF0000BC2F200
:1022300000250CE0009900EB8200C0F8181101980D
:10224000013801905FEA0F9B01E04FF0000B002284
:102250003046394600F07CF996E70320CAF82000A2
:10226000DAF818301321032250469847002013B0A3
:10227000BDE8F08F284613B0BDE8F08FD4D4D4D495
:102280002DE9F0438BB046F2D028C2F20028D8F8EE
:102290000040206A012819D0032820D1D4F8C85062
:1022A00095B10327E94605E02846AE6900F020F91C
:1022B00035464EB168680097002802950890F3D023
:1022C000416C48468847EFE701202062A36904F18A
:1022D00038020F2120469847D8F8001001E0FF206F
:1022E0002146D1F87C110022C4F8B820226219B12D
:1022F00004460A20884720460BB0BDE8F083D4D4BA
:102300002DE9F04746F2D029DDE90874C2F2002930
:102310000B9E0A9DDDF830C0D9F800A0CAE93A2327
:102320000AF1F002CAF87CC183C20AF1FC00002164
:102330004FF40A7270C00220CAF81001002000F0A9
:10234000B7FB002843D0D9F800104FF48072C1F8D1
:1023500014010020012100F0ABFB0028CAF8640042
:1023600000F08E80D9F80010D1F8EC00002844D09D
:10237000D1F8E82000274FF0000E00244FF0000CA9
:10238000002500230EE000BF77449C4254EA83837B
:10239000AF4257EA858500244FF0000E0027401A0F
:1023A0000A4417D056781178022EEDD0042EF6D1BB
:1023B000D67826B11679B74257EA868702E0BE443E
:1023C000177901349678B4455CEA868CE7E71220E9
:1023D000BDE8F08707EB0E00A84250EA85859C42D5
:1023E00054EA83824AB1BCF1100F0DD302200321BD
:1023F0001222122400F050FA43E00220032142226C
:10240000422400F049FA3CE0002000212023CAF8D1
:10241000D020CAF8D85000F0D7FB88B3002DCAF8F6
:10242000CC0041D00020002180232A4600F0CCFBC4
:1024300030B34FF2E21800F12C06C0F20028CAF8BF
:10244000D40000BF00BF00BF002001214FF4006294
:1024500000F02EFB306050B306F124040022204629
:10246000414600F0C1FC20BBDAF8D40004F1300191
:1024700000EBC51004F15C0600248142E4D310E0B7
:102480001224DAF8CC0008B100F03AFCDAF8640063
:1024900008B100F035FCD9F80000D0F8140100F0C4
:1024A0002FFC2046BDE8F0870020BDE8F08712240D
:1024B00000E01524DAF8D400A6F12C0105E000BFF5
:1024C000DAF8D400A6F1AC01803E81420BD330464D
:1024D00050F8241F09B100F097FC30680028EFD0B5
:1024E00000F00EFCECE700F00BFCCAE7D4D4D4D427
:1024F0002DE9F04381B046F2D027C569C2F200272A
:102500008146D7F8008095B1002600BF00BF00BF0C
:1025100038680F212A466C6983699847C5E90066C7
:102520006E61C5E9066625460CB12FF00FC8D9F8D3
:1025300018100022C9E906220020C9F80820C8F8AE
:10254000C810C9E9002201B0BDE8F083D4D4D4D4C6
:102550002DE9F04F81B046F2D029C2F20029D9F816
:102560000040D4F8D0204AB104F1200AD4F8CC506D
:102570002B683BB1013A05F12005F9D1122001B0D9
:10258000BDE8F08F2B460E460121092243F80C1BB3
:1025900040F28311C2F20021074600F019FAD4F884
:1025A000C80040B100BF00BF0146806908B12FF0EC
:1025B00005C88D6101E0C4F8C8503878B6EB000B4F
:1025C00061D040F267113E180122C2F200217078FA
:1025D00096F80080052807D0022818BF042848D1A3
:1025E00051E000BF00BF00BFD4F8D8000028C5D01C
:1025F000D4F8D47000BF00BF3B6823B1013807F1A5
:102600008007F9D1BAE73A6007F10C030622304699
:1026100000F0DEF9D9F80000398AD0F858210846D0
:10262000022A6FF3DF2005D1FA7BD20718BF11F41D
:10263000C05123D138644FF0FF30F866A3690E21F2
:1026400020463A46BF62C7E9065A984708BBE86980
:1026500048B100BF00BF00BF0146406908B12FF07C
:1026600005C84F6100E0EF6140F267110122C2F23C
:102670000021BBEB080B4644A9D104E0012202EB88
:10268000D1214843D6E7284601B0BDE8F04F00F01D
:1026900007B80021396001B0BDE8F08FD4D4D4D49C
:1026A000B0B58CB046F2D021827BC2F2002109681D
:1026B00001EB8202D2F81841A4B101220192427CBE
:1026C0000DF1180C837CC57C8CE82C008A8DC98D9B
:1026D00003900546CDE90412616CC4F8100101A80D
:1026E000884710B157200CB0B0BD02200190616C3A
:1026F00001A80994884708B10CB0B0BD00206C60F7
:102700000CB0B0BDD4D4D4D480B500F0030346F2ED
:10271000D020C2F20020022B00680AD0FBB90129A8
:1027200024D1D0F8601109B30121C0F86411002050
:1027300080BDD0F8C8C001E0DCF818C0BCF1000FC3
:102740000DD0DCF81C30002BF6D000BF00BF00BF5E
:10275000997B8A420CD05B69002BF9D1ECE700F140
:102760003802836914219847002080BD542080BD21
:10277000D0F818C014211A46E047002080BDD4D4F8
:10278000B0B546F2D0224162C2F200221268EFF3E5
:10279000108572B6016801290FD1044693690D2195
:1027A00010462246984785F31088042044F8300BE1
:1027B000204600F02DFB0020B0BD85F310880020DE
:1027C000B0BDD4D4D4D4D4D480B52030FFF7D8FF52
:1027D000002080BDD4D4D4D42DE9F041C36D012BA9
:1027E00002D10020BDE8F0810C4646F2D021C2F2B1
:1027F0000021EFF3108372B60F683F6A013F022F8A
:1028000011D80127076083F3108886680D68F37B71
:102810009B0716D0904607467068022808D16420AE
:1028200000F0C6F8F8E783F310882520BDE8F081B2
:1028300096F90E00B0F1FF3F08DD38460221B9627B
:102840000DE0816A03295FEA0F9104E00321384615
:10285000B96200214246A24218BF002C0ED10021CD
:1028600001650021C26802618161AB690C2144618C
:10287000C46102462846BDE8F04118470029EED160
:10288000318AB4FBF1F202FB11410029E7D10121A9
:10289000E6E7D4D4D4D4D4D410B546F2D823C2F2C7
:1028A00000231C68D4E911EC2264BCF1000F0EF186
:1028B0000103636408BF10BDBDE810406047D4D475
:1028C0002DE9F04381B0074600284FF0FA005ED0B2
:1028D0000E4600295BD015460021384632469946FF
:1028E00000F04EFA46F2D42007F14C01C2F200206B
:1028F000002D4FF46E7246F2D82801605FEA0F9007
:1029000046F2D021B9F1000F5FEA0084C2F2002143
:1029100007F50770C2F20028002C086018BF4FF4BA
:10292000737207EB020107F5697001F1070107EB0C
:102930000602034621F00701C8F8007018BF07F52A
:102940006E739142C7E9000324D2521A00F04CF989
:102950008CB1002128464A4600F012FAE91D05EB29
:10296000090021F00701814214D2D8F80030421A40
:10297000586800F039F9D8F800004FF233210C30D4
:10298000C0F2002100F008FA002818BF172001B09B
:10299000BDE8F083122001B0BDE8F083D4D4D4D4D4
:1029A000002818BF002901D1FA207047FFF788BF1F
:1029B0004FF47A71484344F6D351C1F26201A0FB4F
:1029C0000101012000EB911002F012BAD4D4D4D44A
:1029D000002A08BF70472DE9F04381B014461D4618
:1029E0000E4607464FF0000808E000BF00BF00BFDA
:1029F00017F8010B05F8010B013C26D016F8010B66
:102A000004280DD00228F3D1E807384618BF05F88E
:102A1000018B00F001FA25F8020B0237ECE700BF4A
:102A2000A8070BD005F0030080F00309C0F10401F2
:102A3000284609F0E3FF05EB0900451C384600F085
:102A40002FF845F8040B0437D6E701B0BDE8F04392
:102A50007047D4D4D4D4D4D410B5242202F068FF63
:102A6000002808BF10BD0446022008211822FFF7E5
:102A700013FF204610BDD4D402F0B6BFD4D4D4D4B2
:102A800010B582B01C4601ABDDF810C0CDF800C017
:102A900002F0C2FF0199216002B010BDD4D4D4D499
:102AA00000687047D4D4D4D401607047D4D4D4D44F
:102AB000F0B581B0012908D0002945D146F2D821CE
:102AC000C2F200210B681E4605E046F2D821C2F290
:102AD00000210B681E1D002A4FF000016ED03468E3
:102AE000002C6BD003F10C0105460846174600F098
:102AF0006BF92E46072D98BF0726681C07F10700C3
:102B000020F00705204608BF07262946082E28BFC3
:102B1000314400F089F8C8B102464EF6EE61CFF6B6
:102B2000FF7152F8083B16421FD03244083222EAA5
:102B300006076668DA1B47F8041C47F8083D07607B
:102B40003846731C636012E0002137E046F2D8205B
:102B5000C2F2002000680C3000F032F90220082197
:102B60001222FFF799FE002128E01A1A083A531B97
:102B7000142B09D34219036842F8083F6368516077
:102B800002602A46591C616044602368A1689B1A50
:102B90008842A3F10801216001D10168A16000F120
:102BA00008040021204600F0EBF846F2D820C2F2DB
:102BB000002000680C3000F003F92146084601B0FF
:102BC000F0BDD4D4D4D4D4D44BB180B5A3FB02CEC1
:102BD000BEF1000FBDE8804001D0002070475A438D
:102BE000FFF766BFD4D4D4D470B515460C46002187
:102BF0001422064600F0C4F825F003000222A0F1DA
:102C0000080131602118C6E90124F460306141F8FF
:102C1000084D4EF6EE6200204E60CFF6FF72C4E91A
:102C2000001270BDD4D4D4D470B50246D0E9000EE1
:102C300000EBCE001038814207D2D2E9020398425D
:102C400003D315692B44984201D9002070BD4EF67C
:102C5000EE6C0EF10103CFF6FF7C002405E000BF0F
:102C60000068022BA3F10103EFD345686545F7D156
:102C7000002C08BF90600468251A083D8D4219D2C7
:102C8000D4E9005666450BD10560AEF1010E95689A
:102C9000C2F804E0A5420AD00124E2E700BF00BF69
:102CA000002B5FEA0F9001241B1A2846D9E7906099
:102CB0000124D6E7002D08BF002070BDD4D4D4D4A1
:102CC00080B5002A08BF80BD431A0F2B0BD842F0F5
:102CD00001E000BF00BF00BF11F8012B00F8012B7D
:102CE0000FF007C00AE002F001E000BF00BF00BF24
:102CF000B1EC101EA0EC101E1FF007C080BDD4D494
:102D0000B0B546F2D8250446C2F20025296801F183
:102D10000C0000F059F83CB14EF6EE6254F8040C89
:102D2000CFF6FF72904202D128680C3009E0296882
:102D300028B10B6883420DD04B6883420AD001F161
:102D40000C0000F03DF8022008211922BDE8B04037
:102D5000FFF7A2BD836844F8042CA4F1080254F8DC
:102D6000085C9A420368A5EB02052B44036038BF58
:102D7000826001F10C00BDE8B04000F021B8D4D46D
:102D8000002A08BF704780B50B4611461A4609F065
:102D900030FE80BDD4D4D4D410B50022342302F048
:102DA0008BFE044620B1022008212246FFF774FD65
:102DB000204610BDD4D4D4D402F0E2BED4D4D4D4AE
:102DC00002F022BFD4D4D4D480B54FF0FF3102F04A
:102DD000EFFE002808BF80BD024602200821BDE8A2
:102DE0008040FFF759BDD4D410B51C2302F0FCFF7E
:102DF000044620B1022008212246FFF74DFD20465F
:102E000010BDD4D4D4D4D4D403F04EB8D4D4D4D4B4
:102E100003F08EB8D4D4D4D400887047D4D4D4D49A
:102E200088B110B54FF0000C10F8013B6BB10CF1FC
:102E3000010C9445F8D902200821FF22FF24FFF756
:102E40002BFD204610BDFF2070470020002918BF31
:102E5000C1F800C010BDD4D42DE9F04188B00DF107
:102E6000380E11AFB02406949EE800518DE8005151
:102E70000DF10C0CE0CF8CE8E00003F065F804469F
:102E800020B1022008212246FFF706FD204608B0A7
:102E9000BDE8F081D4D4D4D410B5044603F054F97D
:102EA0002046BDE8104003F003B9D4D4D4D4D4D420
:102EB00003F032B9D4D4D4D403F03AB9D4D4D4D4AE
:102EC00010B5EFF3108E72B684685CB10269131D01
:102ED0000B60611E816011680161106000208EF33B
:102EE000108810BD4FF000030B6052B146F2B03CA9
:102EF000C2F2002CDCF800303BB18EF310881020B9
:102F000010BD8EF31088102010BD46F21C33C2F2A3
:102F100000231C6842F67173C0F20023C4E91A3022
:102F2000436AE167D4F8AC1001F10101C4F8AC10B8
:102F300003F10101416233B1006A416FC4E91C0130
:102F400044670C6702E00462C4E91C440820206363
:102F50000120A063E264DCF800000130CCF800003E
:102F60008EF31088204602F087F8D4F8840010BD54
:102F700080B542F67172EFF3108E72B6C0F2002285
:102F8000836E934202D08EF3108880BDD0F8AC20BF
:102F90009142F8D1C16E0029F5D044F643730A6816
:102FA000C4F24C239A42EED14B6A002BEBD04FF087
:102FB000000C5A1EC0F868C04A620BD0D0E91CC28F
:102FC0000B6A8342CCF87420C2F870C008BFC1F805
:102FD00020C001E0C1F820C0016B0829D3D1102125
:102FE000C0F8841046F2B031C2F200210A68013202
:102FF0000A608EF3108801F0A3FFEFF3108E72B613
:103000008EF3108880BDD4D42DE9F0410F463021D5
:10301000984616460446069D09F0F0FCF01C25F083
:10302000030220F003006760011DC4F81480914280
:10303000C4E9062004D90020E0600520BDE8F08145
:10304000B2FBF1F30022454601322F469A420D446D
:103050003D60F9D3281A0021C4E9022246F2FC237C
:1030600040F8041C44F64371C4F81080EFF310805C
:1030700072B6C4F24C21216046F20031C2F2002146
:10308000C2F200230A6822B11B68DF6ADC62BC62FC
:1030900002E01C6023462746C4E90A3701320A6071
:1030A00080F310880020BDE8F081D4D4D4D4D4D4E7
:1030B00010B50246EFF3108E72B6014652F8043D89
:1030C000186A50B15A6A4FF0000C013A5A620ED099
:1030D000D0E91C24546722670AE0986819691160D6
:1030E0001A61013098608EF31088002010BD002214
:1030F000C46F1A62C0F868C0C0F884C0216046F28C
:10310000B031C2F200210A6801320A608EF31088E1
:1031100001F016FF002010BD2DE9F0410646D01C3D
:1031200046F21C320F46C2F20022EFF3108172B653
:10313000984620F0030415683562304681F3108804
:10314000214600F039F9EFF3108172B698B9306A70
:10315000A842F1D1B8F1000F4FF00000386010D054
:1031600046F2B030C2F2002002687AB181F31088D2
:103170001020BDE8F0813860002081F31088BDE8A0
:10318000F08181F310881020BDE8F08143F2F11244
:10319000B36AC0F20022C5E91A26D5F8AC20C5E909
:1031A0001E4702F10102C5F8AC2003F10102B26230
:1031B00033B1726A536FC5E91C2355671D6702E07E
:1031C0007562C5E91C5509222A630122AA63C5F864
:1031D0004C8002680132026081F31088284601F0B9
:1031E0004BFFD5F88400BDE8F081D4D4D4D4D4D436
:1031F00080B543F2F112EFF3108E72B6C0F20022E6
:10320000836E934202D08EF3108880BDD0F8AC203C
:103210009142F8D1C16E0029F5D045F245430A68C4
:10322000C4F259239A42EED18B6A002BEBD04FF0B7
:10323000000C5A1EC0F868C08A620BD0D0E91CC2CC
:103240004B6A8342CCF87420C2F870C008BFC1F842
:1032500024C001E0C1F824C0016B0929D3D1102199
:10326000C0F8841046F2B031C2F200210A6801327F
:103270000A608EF3108801F063FEEFF3108E72B6D1
:103280008EF3108880BDD4D4F0B581B00F463421C0
:103290001D461646044609F0B1FB25F00300C4E9BB
:1032A0000660A0F1080130446760A160C4E90466CB
:1032B0000221E16040F8086D4EF6EE614460CFF601
:1032C000FF71C6E9000145F24541EFF3108072B687
:1032D000C4F25921216046F20831C2F2002146F2BF
:1032E0000433C2F200230A6822B11B681F6B1C63FF
:1032F000FC6202E01C6023462746C4E90B3701321A
:103300000A6080F31088002001B0F0BDD4D4D4D47A
:103310002DE9F04146F20833EFF31081C2F20023A9
:1033200072B6002202601F68013F1F6046F204333C
:10333000C2F2002308D0D0E90B271E68864217632B
:10334000FA6208BF1A6000E01A6046F2B0344FF02B
:103350000008C2F20024226801322260D0E9092567
:10336000C0E9098881F31088B5B11046012700BF74
:10337000EFF3108172B6C0F86880C0F88470066FF1
:1033800022680132226081F31088013D01F0D8FDEE
:1033900030460DB12FF015C0EFF3108072B62168E2
:1033A0000139216080F3108801F0A2FD0020BDE802
:1033B000F081D4D4D4D4D4D4F0B5EFF3108E72B657
:1033C000D0E9022402EBC402103A91424CD246F2F8
:1033D0001C324EF6EE6CC2F20022CFF6FF7C43693F
:1033E000013412680025026205E000BF00BF00BF83
:1033F000A41B002C4BD05E68664519D1002D08BF78
:1034000043611D68EE1A083E8E4231D2D5E900674D
:10341000674511D11E60C7684669AE42A7F1010534
:10342000C56000D1436101250CE000BF00BF00BFB3
:103430001B6807E000BF00BF002C5FEA0F93012567
:10344000E41A33468EF31088EFF3108E72B6002C18
:10345000076A5FEA0F969742CAD0C468436901348D
:103460000262A4B12FF039C88EF310880020F0BD9D
:103470006EB1721A142A0ED35A18C468671CC7603A
:1034800042F8085F1546C2F804C01A6004E08EF3E3
:1034900010880020F0BD3146586087684269791A6B
:1034A00008398160934208BF45618EF3108803F1AB
:1034B0000800F0BDD4D4D4D42DE9F04F81B0EFF39F
:1034C000108172B648B14EF6EE6850F8044CCFF653
:1034D000FF78444518BF002C05D181F310880320E4
:1034E00001B0BDE8F08F45F245432268C4F259238C
:1034F000B2EB030918BF4FF003099A42EDD146F22F
:103500001C33A0F10802C2F2002340F8048C50F8EA
:10351000080C1F686369801A27629A42A3681844DE
:10352000A06038BF6261A06A002851D046F2B03B6B
:103530004FF0000AC2F2002B10E000BF00BF00BF36
:10354000626950F8083DC0F804801B1A9042A268D6
:103550001A44A26038BF6061A06A88B3656A2046D9
:10356000AE6F81F310883146FFF726FFEFF310812D
:1035700072B6276220B3626A9542E1D1AA6FB24265
:10358000DED1A26A013AA26204D0D5E91C235367B6
:103590001A6700E00022EB6F6262C5F868A0C5F808
:1035A00084A01860DBF800000130CBF8000081F344
:1035B0001088284601F0C4FCEFF3108172B6CBE707
:1035C00081F3108801F094FC484601B0BDE8F08F0B
:1035D00081F31088002001B0BDE8F08FD4D4D4D49A
:1035E00080B543F2E152EFF3108E72B6C0F20022C2
:1035F000836E934202D08EF3108880BDD0F8AC2049
:103600009142F8D1C16E0029F5D044F24E430A68C8
:10361000C4F256439A42EED14B69002BEBD0D1F85D
:1036200010C00022BCF1000F82660AD05A1E4A6107
:103630000AD0D0E91C3284455A67136706D10B6162
:1036400004E00122CA6001E000220A61016B07293F
:10365000D1D10721C0F8841046F2B031C2F2002166
:103660000A6801320A608EF3108801F069FCEFF3FA
:10367000108E72B68EF3108880BDD4D4D4D4D4D436
:10368000B0B50D462421044609F0B8F944F24E4184
:103690006560EFF3108072B6C4F25641216046F2C5
:1036A000F02146F2EC23C2F20021C2F200230A68A4
:1036B00022B11B68DD69DC61AC6102E01C6023465D
:1036C0002546C4E9063501320A6080F310880020DF
:1036D000B0BDD4D4D4D4D4D42DE9F04146F2F023F3
:1036E000EFF31081C2F2002372B6002202601F685D
:1036F000013F1F6046F2EC23C2F2002308D0D0E95C
:1037000006271E688642D761BA6108BF1A6000E0CA
:103710001A6046F2B0344FF00008C2F2002422686A
:1037200001322260D0E90425C0E9048881F31088C1
:10373000B5B11046012700BFEFF3108172B6C0F893
:103740006880C0F88470066F22680132226081F3BD
:103750001088013D01F0F4FB30460DB12FF015C08B
:10376000EFF3108072B621680139216080F3108870
:1037700001F0BEFB0020BDE8F081D4D4D4D4D4D471
:1037800070B5EFF3108C72B6066A846824EA0606F8
:103790001E60056A21EA050634408C425FEA0F96F6
:1037A00016EA520F06D12CB1D2072FD100208CF38C
:1037B000108870BDDDF810E0BEF1000F32D046F287
:1037C000B035C2F200254FF007042E6891B36EBBEE
:1037D00046F21C3443F2E156C2F20024C0F2002645
:1037E0002468C4E91E134169C4F88020D4F8AC20D1
:1037F000C4E91A6002F10102C4F8AC20F1B1026917
:10380000536FC4E91C2354671C671AE042690AB16C
:10381000026972B3826822EA0101816000208CF3A0
:10382000108870BD07208CF3108870BD20468CF383
:10383000108870BD20468CF3108870BD0461C4E907
:103840001C4401314161072020630120A063C4F8BA
:103850004CE02868013028608CF31088204601F085
:103860000BFCEFF3108C72B6D4F884008CF3108844
:1038700070BD2943016200208CF3108870BDD4D440
:103880002DE9F04F81B0EFF3108A72B692073FD462
:10389000026A8368002A43EA010BC0F808B01CBF23
:1038A00022EA01010162D0E90495B9F1000F3BD091
:1038B000012D40D1D9F87810D9F8803001EA0B07F2
:1038C0008F425FEA0F9616EA530F31D187B3D9F8CA
:1038D0007C70DB07C7F800B003D0836823EA0101DE
:1038E00081600021C0E9041146F2B030C9F86810C7
:1038F000C2F20020C9F884100168013101608AF326
:103900001088484601F01CFBEFF3108A72B60FE0F6
:1039100042691AB10269002A00F0A1808268114050
:1039200081608AF31088A0E0002D1CBF0121C160D6
:103930008AF3108899E046F2B0320021C2F20022E8
:103940000161CE4611680131116000210022009210
:1039500008E000BF00BF00BF00213967194600978B
:10396000013D4ED08AF31088EFF3108A72B6C36817
:1039700053B10022C260826845694BEA020B774668
:1039800003E000BF00BF00BF4F46BE6F3B6B06EABF
:103990000B02D7F87090B2425FEA0F98002A5FEAF4
:1039A0001F9C072BD7F8804004D108EA540252EA42
:1039B0000C02D5D1072B0BD1FA6FE307C2F800B088
:1039C00002D08268B24382600022BA66C7F88420BF
:1039D0004F4509D07A6FC9F87420BE45C2F870907F
:1039E00008BFD7F870E001E04FF0000E42690029EF
:1039F0003B46A2F101024261AED0009A0B46176726
:103A0000AAE7026AC0F810E02AB1836823EA02023A
:103A100082600022026246F2B0358AF31088C2F258
:103A2000002589B100BF00BF0C6FEFF3108072B6A4
:103A30002A6801322A6080F31088084601F080FA73
:103A400021460CB12FF011C0EFF3108072B6296837
:103A50000139296080F3108801F04AFA05E0026A12
:103A600062EA010101628AF31088002001B0BDE81A
:103A7000F08FD4D4D4D4D4D480B501F03DF9BDE8CE
:103A8000804001F06DBDD4D410B540F28C14C2F268
:103A90000024206810F10F3F0DD04FF0F03020606F
:103AA00002F00EFDFFF7E8FF46F2B030C2F2002050
:103AB0000168013101604FF0F030206046F20C30B7
:103AC000C2F200200068FDF787FC00202060BDE8FE
:103AD000104002F085BDD4D480B543F6D922EFF36F
:103AE000108E72B6C0F20022836E934202D08EF323
:103AF000108880BDD0F8AC209142F8D1C16E002969
:103B0000F5D045F245430A68C4F655539A42EED1C2
:103B1000CB69002BEBD04FF0000C5A1EC0F868C0E8
:103B2000CA610BD0D0E91CC28B698342CCF87420E7
:103B3000C2F870C008BFC1F818C001E0C1F818C0D1
:103B4000016B0D29D3D11D21C0F8841046F2B0318C
:103B5000C2F200210A6801320A608EF3108801F077
:103B6000EFF9EFF3108E72B68EF3108880BDD4D4C7
:103B700070B546F2B035EFF31081C2F2002572B68F
:103B800004460126286801302860D4F8A40000BF4C
:103B900060B1866081F3108800F0F2F9EFF31081D4
:103BA00072B6D4F8A40008B12FF00FC0286801380D
:103BB000286081F3108870BD70B50E46342115461B
:103BC000044608F01BFF45F2454166602561EFF3AE
:103BD000108072B6C4F65551216046F2F82146F2C3
:103BE000B433C2F20021C2F2002343F671360A68F0
:103BF000C0F200261E6046F2F423C2F2002322B176
:103C00001B685E6A5C62346202E01C6023462646E2
:103C1000C4E9083601320A6080F31088002070BDC4
:103C20002DE9F041014646F2F823C2F20023EFF3FA
:103C3000108272B6002008601F68013F1F6046F2C4
:103C4000F423C2F2002308D0D1E908071E688E428F
:103C50004762386208BF186000E0186046F2B0346E
:103C60000027C2F20024206801302060CB68D1E92F
:103C70000605C1E906775BB101238B6082F31088EA
:103C80000646084600F07CF93046EFF3108272B623
:103C900082F31088C5B14FF00008012700BF00BFB4
:103CA000EFF3108172B6C0F86880C0F88470066FB8
:103CB00022680132226081F31088013D01F040F951
:103CC00030460DB12FF015C0EFF3108072B62168A9
:103CD0000139216080F3108801F00AF90020BDE865
:103CE000F081D4D4D4D4D4D470B546F21C35EFF3DB
:103CF000108372B6C2F2002582682C6872B1C56862
:103D0000A5421ED019B346F2B03CC2F2002CDCF83A
:103D1000002002B383F310881D2070BD4FF0010115
:103D2000C0E90214D4B30169012903D1E16A4161F8
:103D300020218162D4F8A41029B30A6B0863D062F1
:103D400025E0511C816083F31088002070BD83F34F
:103D500010881D2070BD43F6D922D0F81CE0C0F2B7
:103D60000022C4E91A20D4F8AC20BEF1000F02F101
:103D70000102C4F8AC2015D08269566FC4E91C2634
:103D80005467346711E001460246C4F8A400C0E954
:103D90000B12D4F8A0000130C4F8A00083F31088FF
:103DA000002070BD8461C4E91C440EF10102C261AF
:103DB0000D2222630122A263E164DCF800100131CC
:103DC000CCF8001083F310880169012910D1E16A51
:103DD000826A8A4288BF8162D5F89C00814238BFDE
:103DE000C5F89C10E86A884202D9284600F068F8B5
:103DF000204601F041F9D4F8840070BDD4D4D4D465
:103E00002DE9F041EFF3108872B6D0F81CC0BCF178
:103E1000010F04D888F310880020BDE8F081836981
:103E2000BCF1020F1C6F09D1D96AE26A8A4238BF1D
:103E3000846188F310880020BDE8F08146F2B03E2E
:103E40001A46C2F2002EDEF800100131CEF8001042
:103E500008E000BF00BF00BF2B462A46B4462C6FC7
:103E6000944211D0E76AD96A88F31088EFF310887A
:103E700072B6D0E90656AA42EED18F4254EA338395
:103E8000B445E9D12546EAE7DEF800109342A1F1F6
:103E90000101CEF8001009D0D3E91C1783614F67E8
:103EA0003967516FC3E91C2153670B6788F310888A
:103EB00001F01EF80020BDE8F081D4D4D4D4D4D4CD
:103EC0002DE9F041EFF3108272B60446006B0D4607
:103ED00050B1D4F89800E562A84250EA3580E0631A
:103EE00082F31088BDE8F08146F2203646F2B03009
:103EF000C2F20026C2F20020D4F82C803768016894
:103F0000023101600E2020630120A0630020E064E4
:103F100082F31088204601F0AFF8EFF3108072B6FC
:103F2000D4F89810E562A94251EA3581E16380F343
:103F30001088204601F004F8EFF3108072B6316863
:103F40008C4201D0226B1AB180F31088BDE8F08159
:103F5000CA6AE16A914203D9E36B9342F4D801E063
:103F6000BC42F1D1A8453460EED246F23032C2F202
:103F7000002242F8214080F31088BDE8F081D4D4BB
:103F8000F0B581B0EFF3108172B68368ABB146F241
:103F90001C32C2F200221768C268BA4205D046F24B
:103FA000B037C2F200273F68E7B1013B836007D01A
:103FB00081F31088002001B0F0BD81F3108813E078
:103FC000AAB1D2F8A030013BC2F8A03012D0D0E99B
:103FD0000B37D2F8A46086421F63FB6208BFC2F8A9
:103FE000A4300AE081F310881E2001B0F0BD81F3F7
:103FF0001088DFE70023C2F8A4308369002B03692F
:1040000008BF002B21D0012BD2F894402FD146F2CB
:10401000B033C2F200231F6801371F6081F310889C
:104020002027D2F8A460BEB1314606E000BF00BF31
:10403000C96AB14218BF00290ED00D69012DF7D110
:104040008D6ABD4255EA3787F2E70022C26081F3EC
:104050001088104601B0F0BDEFF3108172B6A74290
:1040600057EA34841E68013E1E60C2F89C70C26923
:10407000022A15D30269012A12D146F2B03605464A
:10408000C2F2002632680132326081F31088FFF7F5
:10409000B7FEEFF3108172B628463268013A3260FB
:1040A000856945B10269012A2AD1C668EA6A426176
:1040B0002022826225E046F2B035C2F200252A684D
:1040C00001322A6081F31088C168CA6AA2424FF0A7
:1040D0002002826205D0064608462146FFF7F0FE20
:1040E0003046EFF3108172B62A680024013A2A6044
:1040F000C46081F3108800F0FBFE204601B0F0BDE3
:104100000026D5F8A0202AB1D5F8A4301F6B18637B
:10411000F86203E0C5F8A40003460746C0E90B3780
:10412000C3690132C5F8A0200122C0E902255A1E48
:10413000C2614FF0000204D0D5E91C375F673B67CE
:1041400000E00023AA66C5F8842046F2B0328361FD
:10415000C2F2002213680133136081F310880169F1
:10416000012915D1C16961B10746FFF749FEEFF397
:10417000108072B6B96900291CBFC96AB96280F3A0
:104180001088F06AA04203D030462146FFF798FE1F
:10419000284600F0D5FE0DE780B544F29912EFF302
:1041A000108E72B6C0F20022836E934202D08EF35C
:1041B000108880BDD0F8AC209142F8D1C16E0029A2
:1041C000F5D044F255530A68C5F255139A42EED120
:1041D000CB6A002BEBD04FF0000C5A1EC0F868C021
:1041E000CA620BD0D0E91CC28B6A8342CCF874201F
:1041F000C2F870C008BFC1F828C001E0C1F828C0EB
:10420000026B052AD3D1096900294FF00A0151EA4E
:104210000191C0F8841046F2B031C2F200210A6860
:1042200001320A608EF3108800F08AFEEFF3108EE0
:1042300072B68EF3108880BD2DE9F0410F4638210B
:104240001D4616460446DDF8188008F0D7FBB0007E
:10425000C4E90176656246F2E423B8FBF0F0C4E9F4
:104260000505C2F2002300FB06F1E06005EB8101C9
:10427000C4E9071544F25551EFF3108072B6C5F248
:104280005511216046F2E821C2F200210A6822B1EC
:104290001B685F6B5C633C6302E01C60234627463F
:1042A000C4E90C3701320A6080F310880020BDE8B1
:1042B000F081D4D4D4D4D4D42DE9F04146F2E8230B
:1042C000EFF31081C2F2002372B6002202601F6871
:1042D000013F1F6046F2E423C2F2002308D0D0E978
:1042E0000C271E68864257633A6308BF1A6000E0D5
:1042F0001A6046F2B0344FF00008C2F2002422687F
:1043000001322260D0E90A25C0E90A8881F31088C9
:10431000B5B11046012700BFEFF3108172B6C0F8A7
:104320006880C0F88470066F22680132226081F3D1
:104330001088013D00F004FE30460DB12FF015C08D
:10434000EFF3108072B621680139216080F3108884
:1043500000F0CEFD0020BDE8F081D4D4D4D4D4D474
:104360002DE9F04F81B0EFF3108C72B60469C36A87
:10437000ECB13BB3826A8468D2F88070012F2BD1F4
:10438000D66F022C37680F60C0F02C818F1B0F2F67
:10439000A4F1010700F2198147F001E00431341D56
:1043A00054F8045B41F8045B0FF007C01AE1F2B166
:1043B00046F2B037C2F200273E68002E55D08CF38B
:1043C000108816E0026A87681346022F53F8046BC0
:1043D0000E6010D21A4675E0076A022C3D46A4F121
:1043E000010B55F8046B0E6023D22E4686E08CF349
:1043F00010880A2411E1092FA7F1010654D38A1A63
:10440000102A51D326F0030501272A1F06F00308BE
:1044100007EB920E01EB850703EB8502043100BF29
:10442000B3EC041FA1EC101E0FF007C0AE423ED14A
:1044300048E0092C54D3CF1B102F51D32BF0030786
:104440000126A7F1040E0BF0030801EB87090431E4
:1044500006EB9E0E05EB8706B5EC041FA1EC101EC3
:104460000FF007C0BB453ED148E046F21C36002B9A
:10447000C2F20026346844F29916C0F20026C4E95C
:104480001A604FF00006C4E91F16D4F8AC1001F111
:104490000101C4F8AC1000F0C480816A4E6FC4E919
:1044A0001C164C673467BFE0B0460F461A4648F00A
:1044B00001E0391D00BF00BF52F8043B41F8043B46
:1044C0000FF007C0C1698A4208BF82694169026270
:1044D0000131621EC0E9042100248CF310889CE0A5
:1044E000D84689462E4648F001E009F1040100BF94
:1044F00056F8045B41F8045B0FF007C0D0F81C804D
:1045000046F2B039C2F20029464508BF8669066204
:10451000022CD9F8007007F10107C9F80070D9F82A
:104520000070A7F10107C9F80070456AD76F2E46E1
:10453000396846F8041B01D234462BE0092C1CD301
:10454000E91B102919D32BF0030A0125AAF1040154
:1045500006EB8A0405EB910E0BF0030507EB8A01CD
:10456000043700BF00BF00BFB7EC041FA6EC101E4D
:104570000FF007C0D34503D10CE05D463446394601
:1045800045F001E00E1D00BF56F8041B44F8041B63
:104590000FF007C0444508BF8469013B44624FF0F7
:1045A000000404D0D2E91C7179670F6700E000278E
:1045B000C0E90A739466C2F88440D9F8000001305B
:1045C000C9F800008CF3108824E00436043127F089
:1045D00001E000BF00BF00BFB6EC041FA1EC041F48
:1045E0001FF007C0591E4FF0000404D0D2E91C3759
:1045F0005F673B6700E00023C0E90A3146F2B03054
:10460000C2F200209466C2F8844001680131016062
:104610008CF31088104600F093FC204601B0BDE8F2
:10462000F08F8462C4E91C44591CC16205202063D8
:104630000120A063E2643868013038608CF3108890
:10464000204600F019FDD4F88440E6E7D4D4D4D451
:10465000F0B581B0EFF3108772B64669C36A56B100
:10466000B3B1013B826A4FF0000521D0D2E91C644E
:10467000746726671DE0B2B346F2B03CC2F2002C6C
:10468000DCF80060002E00F06D8087F310882CE0CD
:10469000426A731E1446436183680E6844F8046BD3
:1046A0000669022B06F10106066120D2224685E04A
:1046B0000026C0E90A63D36F86689566022E0868F3
:1046C00018603FD3581A0F28A6F101002DD840F0EA
:1046D00001E0181D043100BF51F8043B40F8043BD1
:1046E0000FF007C02EE087F310880B2485E0092B1C
:1046F000A3F1010353D3521A102A50D323F0030617
:104700000125321F03F0030C05EB920E04EB860229
:1047100001EB8605043100BFB1EC041FA4EC101EB0
:104720000FF007C0B3423DD148E00431043320F01C
:1047300001E000BF00BF00BFB1EC041FA3EC041FE9
:104740001FF007C046F2B0300024C2F20020C2F8C9
:10475000844001680131016087F31088104600F041
:10476000EFFB4AE046F21C36C2F20026346844F2FF
:104770009916C0F20026C4E91A604FF00006C4E999
:104780001F16D4F8AC1001F10101C4F8AC10F3B15C
:10479000816A4E6FC4E91C164C6734671AE09C4668
:1047A00022460D464CF001E0291D00BF00BF00BFAE
:1047B00051F8043B42F8043B0FF007C0C1690024E4
:1047C0008A4208BF8269426287F3108815E08462DA
:1047D000C4E91C44591CC162052020630120A06368
:1047E000E264DCF800000130CCF8000087F31088A8
:1047F000204600F041FCD4F88440204601B0F0BDD2
:1048000080B544F60102EFF3108E72B6C0F20022BA
:10481000836E934202D08EF3108880BDD0F8AC2016
:104820009142F8D1C16E0029F5D044F641530A688F
:10483000C5F245339A42EED10B69002BEBD04FF015
:10484000000C5A1EC0F868C00A610BD0D0E91CC227
:10485000CB688342CCF87420C2F870C008BFC1F89E
:104860000CC001E0C1F80CC0016B0629D3D10D21A9
:10487000C0F8841046F2B031C2F200210A68013259
:104880000A608EF3108800F05BFBEFF3108E72B6B7
:104890008EF3108880BDD4D480B546F2E02C00237E
:1048A000C0E9003144F64151C2F2002CC5F2453155
:1048B000C0E902238361C0E90433EFF3108E72B6BE
:1048C0000160DCF8003046F2DC21C2F2002123B1A5
:1048D0000A6891699061486102E0086002460146F9
:1048E000C0E90521581CCCF8000000208EF3108888
:1048F00080BDD4D4D4D4D4D42DE9F04146F2E02301
:10490000EFF31081C2F2002372B6002202601F682A
:10491000013F1F6046F2DC23C2F2002308D0D0E939
:1049200005271E68864297617A6108BF1A6000E019
:104930001A6046F2B0344FF00008C2F20024226838
:1049400001322260D0E90325C0E9038881F3108891
:10495000B5B11046012700BFEFF3108172B6C0F861
:104960006880C0F88470066F22680132226081F38B
:104970001088013D00F0E4FA30460DB12FF015C06B
:10498000EFF3108072B621680139216080F310883E
:1049900000F0AEFA0020BDE8F081D4D4D4D4D4D451
:1049A000EFF3108272B683682BB1591E816082F3D7
:1049B00010880020704751B146F2B03CC2F2002C82
:1049C000DCF800303BB182F310880D20704782F391
:1049D00010880D207047B0B546F21C33D0F810E0B7
:1049E000C2F20023BEF1000F1C6844F60103C0F2BE
:1049F0000023C4E91A30D4F8AC3003F10103C4F841
:104A0000AC3006D0C3685D6FC4E91C355C672C67A9
:104A100002E0C460C4E91C440EF1010303610620F6
:104A200020630120A063E164DCF800000130CCF8D1
:104A3000000082F31088204600F01EFBD4F88400AA
:104A4000B0BDD4D4D4D4D4D480B5EFF3108C72B626
:104A500000291CBFD0F804E0C1F800E0002A1CBF08
:104A600081681160002B02991CBFC2681A6000297E
:104A7000039A1CBF03690B60002A1CBF40691060C9
:104A80008CF31088002080BDEFF3108272B60169AC
:104A900059B110B5B1F1010EC1684FF0000C0BD047
:104AA000D1E91C345C67236707E0816801318160CC
:104AB00082F31088002070470023C0E9033E46F2CD
:104AC000B030C2F20020C1F868C0C1F884C00368E9
:104AD0000133036082F31088084600F031FABDE824
:104AE000104000207047D4D42DE9F04F81B0DDE9AB
:104AF0000A5993460F460446EF22284649469846EF
:104B0000DDF838A00C9E07F074FFB021204607F0B6
:104B100075FF05EB0900A7620138C4E903500D9841
:104B2000E662C4E911B8202186423046C4E9059AFC
:104B3000C4F81CA018BF0020E063C4F89C10C4E9AE
:104B400025600320206345F2D93044F69151C0F22C
:104B50000020C4E91504C0F20021204601F09CFDAC
:104B600045F24422EFF3108172B6C5F2484222604A
:104B700046F22832C2F2002246F224372046C2F220
:104B8000002713683BB13F68D7F88C60C7F88C00EA
:104B9000C6F8880002E03860074606460133136015
:104BA00046F2B032C0E92276C2F200220F9F012FF6
:104BB000136803F10103136014D140F28C12C2F2A6
:104BC00000221268EFF305831A43B2F1F03F16D3C7
:104BD00046F22032C2F20022146884B1E56BE26A28
:104BE000E2630EE081F31088EFF3108072B6116873
:104BF0000139116080F3108800F07AF907E0002491
:104C0000002581F3108800F09BF904B1E5630020D2
:104C100001B0BDE8F08FD4D4EFF3108172B6026B0F
:104C2000013A022A1DD280B546F2283C0022C2F287
:104C3000002C0260DCF80030013BCCF8003046F27A
:104C4000243CC2F2002C10D0D0E9222EDCF8003037
:104C50008342C2F88CE0CEF8882008BFCCF8002050
:104C600005E081F3108811207047CCF8002081F313
:104C70001088002080BDD4D446F21C30EFF31081A0
:104C8000C2F2002072B6006881F310887047D4D455
:104C900080B5EFF3108C72B600291CBFD0F828E065
:104CA000C1F800E0002A1CBF016B1160002B0299C3
:104CB0001CBF42681A600029039A1CBFD0F89430C8
:104CC0000B60002A04991CBFD0F8983013600029AB
:104CD000059A1CBF83690B60002A06991CBFD0F897
:104CE0008830136000291CBF006F08608CF31088A7
:104CF000002080BDD4D4D4D446F2103046F2143211
:104D0000C2F20020C2F2002220210160106840F0AF
:104D1000C77010607047D4D4B0B5EFF3108172B68D
:104D2000026B032A14D140F28C12C2F200221268E4
:104D3000EFF305831A43B2F1F03F12D346F220326B
:104D4000C2F20022146864B1E56BE26AE2630AE031
:104D5000426B012A16D100224263192081F3108888
:104D6000B0BD0024002546F2B032C2F20022136822
:104D70000133136081F3108800F0E2F834B10020B1
:104D8000E563B0BD122081F31088B0BD0020B0BD36
:104D900010B546F21C30C2F200200468D4E91110AC
:104DA000884746F2B430C2F20020016809B12046BB
:104DB0008847EFF3108072B601212163A1630021BF
:104DC000E16446F2B031C2F200210A6801320A60A1
:104DD00080F31088EFF3148020F0040080F314882F
:104DE000BFF36F8F2046BDE8104000F045B9D4D422
:104DF00010B546F21C32EFF31081C2F2002272B6F7
:104E0000146864B140F28C12C2F200221268EFF30F
:104E100005831A4307D081F31088132010BD81F356
:104E20001088132010BD48B146F2B032C2F2002201
:104E300013683BB181F31088132010BD81F31088F3
:104E4000002010BD042323630123A3630023C4F8BF
:104E50008430E06410680130106081F310882046CF
:104E600000F00AF9D4F8840010BDD4D4D4D4D4D43A
:104E7000EFF3108172B6026B531E022B27D3032A65
:104E80002BD042BB46F21C3340F28C12C2F20023FC
:104E9000C2F20022D3F800C01268EFF305831A4370
:104EA00046F2B032C2F2002208BF844519D010B5D4
:104EB00003230363012383630024C4641368013361
:104EC000136081F3108800F0D7F8204610BD14203D
:104ED00081F31088704701224263002081F310881B
:104EE00070471368002BE2D0142081F310887047BC
:104EF00046F2B030C2F20020006800B1704746F2BE
:104F0000203046F21C31C2F20020C2F200210068BB
:104F100009688142F2D04EF604504FF08051CEF233
:104F200000000160EFF30580002818BF7047EFF321
:104F3000108062B680F310887047D4D4D4D4D4D40F
:104F40002DE9F041EFF3108572B60446406E00285B
:104F500004F14C0002D000F04FFB01E000210160A1
:104F600046F2B030C2F20020016801390160A16B45
:104F7000226B002946F22031C2F2002108D0013A0A
:104F8000022A0CD3626B32B90022A263226306E0CC
:104F90002AB1626B2AB300220323C4E90C3246F221
:104FA0001C32C2F20022126885F3108809688A4216
:104FB00001D0006808B1BDE8F0814EF604504FF012
:104FC0008051CEF200000160EFF30580002818BF89
:104FD000BDE8F081EFF3108062B680F31088BDE881
:104FE000F081E66A46F2303EC2F2002E00222263D1
:104FF0005EF826302BB15A6A5C621462C4E908324A
:10500000CDE746F2103C46F22C38C2F2002C0122C9
:10501000C2F20028B240DCF800304EF82640D8F842
:105020000070C4E908449E4242EA0702C8F8002022
:10503000B5D20B68CCF80060D3B1DA6B9642AED231
:105040000C6085F3108800680028B4D14EF6045037
:105050004FF08051CEF200000160EFF30580002890
:10506000A9D1EFF3108062B680F31088BDE8F0811B
:105070000C6094E7D4D4D4D4F0B581B046F21C319E
:10508000C2F200210D68EFF3108472B6A84211D16C
:10509000014651F84C2F013A12F1030F04D806468D
:1050A000084600F079FA304646F25841C269C2F229
:1050B00000210A6046F2B03146F2203CC2F20021E3
:1050C000C2F2002C0A68013A0A60826B012A33D1CD
:1050D000026A4FF0000E8242C36AC0F838E00DD079
:1050E000466A46F2303EC2F2002E566232625EF8E6
:1050F000236086421CD14EF8232019E046F22C365C
:105100000122C2F200269A40376837EA020246F2CC
:105110003037C2F20027326047F823E04CD046F225
:10512000103392FAA2F2C2F20023B2FA82F21A60AB
:10513000DCF8002090421BD084F31088DCF80000DB
:10514000854201D0086808B101B0F0BD4EF60450A8
:105150004FF08051CEF200000160EFF3058000288F
:10516000F2D1EFF3108062B680F3108801B0F0BD89
:1051700046F2103046F23032C2F20020C2F2002273
:10518000006852F82000CCF8000084F3108808680A
:105190000028D9D14EF604504FF08051CEF20000D5
:1051A0000160EFF305800028CED1EFF3108062B6E6
:1051B00080F3108801B0F0BD46F210302022C2F218
:1051C000002002600020CCF8000084F310880868FA
:1051D0000028B9D14EF604504FF08051CEF20000B5
:1051E0000160EFF305800028AED1EFF3108062B6C6
:1051F00080F3108801B0F0BD70B5EFF3108672B681
:1052000004464C3000F0F8F9206B012804D0022845
:1052100005D186F310889EE086F310889BE046F265
:10522000B0350028C2F200254FF00100296801F1D5
:10523000010129604FF002012163A06327D0A26E13
:10524000D4F8AC1086F310880AB120469047EFF3EB
:10525000108072B60021A16380F3108840F28C1098
:10526000C2F200200068EFF3058108432FD146F217
:105270001C30C2F200200068844228D1EFF3148071
:1052800020F0040080F31488BFF36F8F33E0002018
:10529000E06428680130286040F28C1086F31088A2
:1052A000C2F200200068EFF30581084327D146F2DF
:1052B0001C30C2F200200068844220D1EFF3148039
:1052C00020F0040080F31488BFF36F8F2BE04EF6BC
:1052D0003470CEF200000078C0070CD0EFF31480D9
:1052E0004007B0EE400A06D4EFF3148020F004002B
:1052F00080F31488C8E7EFF3108072B619E04EF619
:105300003470CEF200000078C0070CD0EFF31480A8
:105310004007B0EE400A06D4EFF3148020F00400FA
:1053200080F31488D0E72046FFF7A6FEEFF3108045
:1053300072B680F3108846F2B430C2F200200168E1
:1053400009B120468847EFF3108072B62968013909
:10535000296080F31088FFF7CBFD002070BDD4D406
:1053600080B546F21C3046F24C42C2F20020C2F236
:10537000002200230168EFF3108072B6136009B1B8
:105380000A6B12B180F3108880BD46F2584CD1E907
:105390000732C2F2002C8A428B61CCF80030F1D087
:1053A000CB6BC96A9942EDD146F2103C46F2303ED1
:1053B000C2F2002CC2F2002EDCF800304EF82120A0
:1053C00046F22031C2F200215EF823200A6080F309
:1053D000108880BDD4D4D4D4EFF3108272B6016BA0
:1053E00004290AD146F2B031C2F200210B68013320
:1053F0000B6082F31088FFF7A3BD836ED0F8AC106A
:1054000082F31088002B08BF70471847D4D4D4D437
:1054100046F24840EFF31081C2F2002072B60068F5
:1054200081F310887047D4D42DE9F04F83B046F251
:105430004441EFF31085C2F2002172B608680028DB
:1054400040F0868046F25049C2F20029D9F80000A7
:10545000002800F07D8046F23C4646F2544BC2F2F2
:10546000002600270DF10408C2F2002B0DF1080AF6
:105470000120086004E000BFD9F80000002861D0D6
:10548000306801680291002918BFC1F818A046F2DF
:10549000404140F8047BC2F2002130600968884234
:1054A00005D146F23840C2F2002000683060C9F8E9
:1054B000007085F31088EFF3108572B600BF00BF4F
:1054C000029C002CD8D0206900210191844207D091
:1054D00061694161C0F818A0086102E000BF00BF27
:1054E00000202168029021290ED3A1F12000206024
:1054F000C4F8188024610194CBF8004085F310882B
:1055000013E000BF00BF00BFD4E901212260E068C2
:105510001AB142462461019400E00022A261CBF856
:10552000004085F3108801B18847EFF3108572B60B
:105530000198CBF80070A042C2D12046A76100F0CC
:105540002BF8BDE746F244410020C2F2002108607A
:1055500085F3108803B0BDE8F08FD4D4D4D4D4D46C
:1055600046F2384046F23C42C2F2002046F2B831E0
:10557000C2F20022C2F20021016001F1800011603C
:1055800046F24041C2F20021086046F24440C2F2B5
:1055900000200021016070470268511E11F1030FC5
:1055A00026D88369002B18BF7047202A46F23C4258
:1055B000C2F2002246F2384388BF1F211268C2F2AD
:1055C000002302EB810146F24042C2F200221B6836
:1055D00012688A1A28BF99180A682AB1536950615B
:1055E0001861C0E9042302E0C0E904000860816199
:1055F0007047D4D4D4D4D4D48169002908BF70476B
:105600000269904207D0436953611A610B68834273
:1056100006D1916103E00A68824201D100220A604A
:10562000002181617047D4D4C0B144F64373D0F8EF
:1056300000C0C4F24C239C4510D189B162B140F244
:105640008C13C2F20023D3F800C0EFF3058353EAB2
:105650000C031CBF04207047FDF732BC02207047CA
:1056600003207047D4D4D4D42DE9F04F81B0002862
:105670004FF0020569D00B9F302F66D146F2B0364D
:10568000DDF82880C2F20026EFF3108772B691464B
:1056900035689B460135356087F3108846F2FC2754
:1056A000C2F200273D6846F20037C2F20027A84246
:1056B0005FEA1F943F68002F18BFA8421AD1054621
:1056C000EFF3108072B68A4631680139316080F399
:1056D0001088FFF70DFC0CB1022536E0BBF1000F7E
:1056E00015D029F0030028F003010430884210D9B6
:1056F00005252AE0012200BFAD6AA8425FEA1F9497
:10570000BA42DCD2A84202F10102F5D1D7E7032563
:105710001BE040F28C105B46C2F200204A46016852
:10572000EFF30587394306D00068EFF3058108439E
:10573000B0F1F03F08D3CDF828802846514601B09B
:10574000BDE8F04FFDF760BC1325284601B0BDE869
:10575000F08FD4D4D4D4D4D458B150F8041C41B16F
:1057600044F643720968C4F24C22914201D1FDF71C
:105770009FBC03207047D4D410B578B145F2454E94
:10578000D0F800C0C4F2592EF44507D141B11AB186
:10579000D0F81CC0624505D9052010BD022010BDFF
:1057A000032010BD40F28C1CC2F2002C43B1DCF887
:1057B00000E0EFF3058454EA0E041CBF042010BD82
:1057C000DCF800E0EFF3058454EA0E040AD0DCF8BC
:1057D00000C0EFF3058444EA0C04B4F1F03F01D2B9
:1057E000132010BDBDE81040FDF796BCD4D4D4D42E
:1057F0002DE9F04700284FF0020564D0089F342FB0
:1058000061D146F2B034EFF31087C2F2002472B6D1
:105810009246984626680136266087F3108846F23D
:105820000437C2F200273D6846F20837C2F200276B
:10583000A8425FEA1F963F68002F18BFA84218D100
:105840000546EFF3108072B6894621680139216060
:1058500080F31088FFF74CFB16B10220BDE8F087FB
:10586000BAF1000F13D0B8F1640F13D20520BDE8D0
:10587000F087012200BF00BFED6AA8425FEA1F96D1
:10588000BA42DDD2A84202F10102F5D1D8E70320E5
:10589000BDE8F08740F28C105246C2F20020434629
:1058A0000168EFF30587394306D00068EFF30581FF
:1058B0000843B0F1F03F05D328464946BDE8F0471C
:1058C000FDF7E2BC13252846BDE8F087D4D4D4D434
:1058D00098B145F245420168C4F2592291420CD177
:1058E00040F28C11C2F200210968EFF305821143E6
:1058F0001CBF13207047FDF70BBD02207047D4D4A6
:1059000088B140F28C11C2F200210A68EFF30583DE
:105910001A4306D00968EFF305821143B1F1F03F55
:1059200003D3FDF7C9BD0320704713207047D4D4BB
:1059300070B500284FF0060352D0242A50D146F209
:10594000B032EFF31083C2F2002272B60C46166832
:105950000136166083F3108846F2EC23C2F200236E
:1059600046F2F026C2F200261B68356898425FEACC
:105970001F96002D18BF984223D10546EFF31080E3
:1059800072B611680139116080F31088FFF7B0FA20
:105990000EB1062070BD40F28C10C2F200200168EA
:1059A000EFF30582114306D00068EFF30581084349
:1059B000B0F1F03F13D328462146BDE87040FDF713
:1059C0005FBE012100BF00BF9B6998425FEA1F963E
:1059D000A942D2D2984201F10101F5D1CDE71323BA
:1059E000184670BDD4D4D4D498B144F24E42016864
:1059F000C4F2564291420CD140F28C11C2F2002105
:105A00000968EFF3058211431CBF13207047FDF7AF
:105A100063BE06207047D4D410B5DDF808E0D8B1D5
:105A200044F24E44D0F800C0C4F25644A44513D109
:105A30003BB3BEF1000F27D040F28C14C2F2002419
:105A4000D4F800C0EFF305845CEA040C5FEA1F940D
:105A500018BF4FF0040C02E04FF0060C0024002C9D
:105A6000644618BF0824032A54EA8C8CBCF1000F4A
:105A70001CBF604610BDCDF808E0BDE81040FDF742
:105A80007FBE4FF0030CE9E74FF0000C0124E6E77E
:105A900078B144F24E43D0F800C0C4F256439C455E
:105AA00007D16FF002031A421CBF08207047FDF7B0
:105AB000E7BE06207047D4D42DE9F04100284FF00E
:105AC0001C0543D0342B41D146F2B033EFF310879D
:105AD000C2F2002372B688461E6801361E6087F344
:105AE000108846F2F427C2F2002716463D6846F2B7
:105AF000F827C2F20027A8423C685FEA1F97002CF3
:105B000018BFA84225D10546EFF3108072B6196878
:105B10000139196080F31088FFF7EAF917B11C20EA
:105B2000BDE8F081012E22D840F28C103246C2F23C
:105B300000200168EFF3058319431BD00068EFF3E1
:105B400005810843B0F1F03F14D213252846BDE883
:105B5000F081012100BF00BF2D6AA8425FEA1F97B4
:105B6000A142D0D2A84201F10101F5D1CBE71F201B
:105B7000BDE8F08128464146BDE8F041FEF71CB87B
:105B800098B145F245420168C4F6555291420CD194
:105B900040F28C11C2F200210968EFF30582114333
:105BA0001CBF13207047FEF73BB81C207047D4D4AD
:105BB00018B345F245430268C4F655539A421CD1C6
:105BC00040F28C1CC2F2002C39B1DCF80030EFF34B
:105BD00005821A431CBF04207047DCF80020EFF355
:105BE00005831A430BD0DCF80020EFF305831A433A
:105BF000B2F1F03F03D2132070471C207047FEF72C
:105C000073B8D4D4D4D4D4D4C0B145F245420168D9
:105C1000C4F65552914211D140F28C11C2F20021CA
:105C20000A68EFF305831A4306D00968EFF305828B
:105C30001143B1F1F03F03D3FEF7A2B91C20704726
:105C400013207047D4D4D4D42DE9F04700284FF066
:105C5000090C6DD0099F382F6AD146F2B034DDF8B7
:105C60002080C2F20024EFF3108772B691462668B6
:105C70009A460136266087F3108846F2E427C2F27E
:105C800000273E6846F2E827C2F20027B0425FEAEA
:105C90001F953F68002F18BFB04237D10646EFF37B
:105CA000108072B60F4621680139216080F3108898
:105CB000FFF71EF915B10920BDE8F087BAF1000F12
:105CC00031D0A9F111004FF0050C10F1100F2FD3B6
:105CD0004FEA98004A4648452AD3394640F28C1785
:105CE000C2F20027304653463E68EFF305852E4347
:105CF00006D03F68EFF305863743B7F1F03F15D381
:105D0000CDF82080BDE8F047FEF796BA012200BF2B
:105D1000366BB0425FEA1F95BA42BFD2B04202F181
:105D20000102F5D1BAE70320BDE8F0874FF0130C6C
:105D30006046BDE8F087D4D498B144F2555201686A
:105D4000C5F2551291420CD140F28C11C2F20021E1
:105D50000968EFF3058211431CBF13207047FEF75B
:105D6000ABBA09207047D4D4C0B144F25553D0F82F
:105D700000C0C5F255139C4510D189B162B140F203
:105D80008C13C2F20023D3F800C0EFF3058353EA6B
:105D90000C031CBF04207047FEF7E2BA09207047CD
:105DA00003207047D4D4D4D4C0B144F25553D0F8B2
:105DB00000C0C5F255139C4510D189B162B140F2C3
:105DC0008C13C2F20023D3F800C0EFF3058353EA2B
:105DD0000C031CBF04207047FEF73ABC0920704733
:105DE00003207047D4D4D4D42DE9F04100284FF0DB
:105DF0000C0640D01C2B3ED146F2B033EFF3108797
:105E0000C2F2002372B60D4690461E6801361E602F
:105E100087F3108846F2DC27C2F200273E6846F27C
:105E2000E027C2F20027B0423C685FEA1F97002CCF
:105E300018BFB04229D10646EFF3108072B6196838
:105E40000139196080F31088FFF752F817B10C2060
:105E5000BDE8F08140F28C10C2F200200168EFF33F
:105E6000058211430AD00068EFF305810843B0F1C1
:105E7000F03F03D213263046BDE8F0813046294674
:105E80004246BDE8F041FEF707BD012100BF00BF5B
:105E90007669B0425FEA1F97A142CCD2B04201F1CD
:105EA0000101F5D1C7E7D4D498B144F64152016855
:105EB000C5F2453291420CD140F28C11C2F2002160
:105EC0000968EFF3058211431CBF13207047FEF7EA
:105ED00013BD0C207047D4D4A0B144F641530268DE
:105EE000C5F245339A420DD151B140F28C12C2F243
:105EF00000221268EFF305831A431CBF0420704789
:105F0000FEF74EBD0C20704780B578B144F6415E77
:105F1000D0F800C0C5F2453EF44507D1DDE902ECFA
:105F2000CDE902ECBDE88040FEF78EBD0C2080BDBF
:105F300040B144F641520168C5F24532914201D167
:105F4000FEF7A2BD0C2070472DE9F04F83B0044648
:105F500000284FF00E0061D09146129AB02A5DD110
:105F6000119801901098009046F2B03C0F98029062
:105F7000C2F2002CDDF83880DDE90C6BEFF3108005
:105F800072B6DCF800200132CCF8002080F31088D3
:105F900046F22830C2F20020026846F22430C2F2F3
:105FA0000020D0F800A01AB306EB0B000025471E16
:105FB000544518BF012D1BD0DAF80C00864203D2DD
:105FC0000025874209D20FE0DAF81050AE425FEAAE
:105FD0002F9538BF0026874206D3DAF81000874293
:105FE00055EA2F9538BF0026013ADAF888A0DFD1AC
:105FF000EFF3108072B60D46DCF800100139CCF8D2
:10600000001080F310881F46FEF772FF544508D039
:106010000320B9F1000F18BF002E06D103B0BDE870
:10602000F08F0E2003B0BDE8F08FBBF1C80F03D294
:10603000052003B0BDE8F08FB8F11F0F03D90F2082
:1060400003B0BDE8F08F2946029D454503D91820CD
:1060500003B0BDE8F08FDDF804C0BCF1010F03D937
:10606000102003B0BDE8F08F40F28C103B46C2F226
:1060700000200268EFF305873A4306D00068EFF38B
:1060800005821043B0F1F03F0ED3CDF844C04A462C
:1060900000981090CDE90E852046CDE90C6B03B039
:1060A000BDE8F04FFEF720BD132003B0BDE8F08F30
:1060B00040F28C11C2F200210968EFF3058211430E
:1060C0001CBF1320704740B145F244220168C5F25D
:1060D0004842914201D1FEF79FBD0E207047D4D4B3
:1060E00070B5B8B145F2442ED0F800C0C5F2484EA4
:1060F000F4450FD1DDF820C0DDE9064EDDE9046589
:10610000CDF820C0CDE9064ECDE90465BDE870406C
:10611000FEF7BEBD0E2070BD40B145F244220168BD
:10612000C5F24842914201D1FEF7F6BD0E207047FC
:1061300040B145F244220168C5F24842914201D182
:10614000FEF796BE0E20704798B145F244220168D2
:10615000C5F2484291420CD140F28C11C2F20021AA
:106160000968EFF3058211431CBF13207047FFF746
:1061700043B80E207047D4D446F2D0210122C2F297
:1061800000210968086146F23920C0F200208861C8
:1061900000200A607047D4D4B0B546F2D025F4216F
:1061A000C2F200250E222C6804F12403D4F8580111
:1061B00001284FF0F00004BFE820EC21615820587E
:1061C000C4E9380140F26D11C2F20021FCF700FC75
:1061D00094F82B1004F1380242F21070C4F8A400B5
:1061E000A4F84810606EC4E91A01A3690E21204684
:1061F0002266984728680022E263D0F87C110220CA
:10620000C4F8800009B1012088470020B0BDD4D473
:1062100010B5044601F060F8C04310F0700F07D1CC
:106220000520FCF7C5FB204602F0EAFA002010BD6D
:10623000FF2010BDD4D4D4D4F0B59DB000231C935E
:106240000368ABB100270669C4F206070A39BE42EB
:106250005FEA1F900B298DF8480062D8DFE801F053
:1062600006610B5863066306616E6663002059E0A1
:1062700055201DB0F0BD9068807B002865D008A92E
:10628000154603F041FB46F270410446C2F200217C
:106290002A466869002C05F1180341F824305CD0C7
:1062A0000C900D9046F25940BE425FEA1F91C0F239
:1062B0000020099000208DF86C0047F60460C2F2BF
:1062C0000020ADF84640D368D26C50F821001790FA
:1062D00047F608600A93C2F200201A9250F8210093
:1062E000189008A803F0D4F8FE2800F0AC8000282D
:1062F00040F0AB8046F25C40C2F20020015D012913
:1063000040F0A58000210155232068621C910AE01D
:106310009068807B002841D008A903F0F5FA044674
:106320003DE054201C901C981DB0F0BD907B0024D3
:10633000002855D008A903F0E7FA52E0032A55D007
:10634000082A93D1FFF764FFEDE746F270415069E8
:10635000C2F2002102F118030B60916A032952D1A5
:106360009DF8481047F6FE53C2F2002333F811108F
:106370000229D8D147F6CC11C2F20021098801299F
:1063800001D123211C9147F6CE110123C2F2002135
:106390000B80D16808AA02F07BFDC4E70024C4EB9F
:1063A000C40047F20C61C2F2002106AA01EB80058D
:1063B00003A807A905AB04AFCDE900702846FFF795
:1063C000A3FD04980128AED108AA0821204602F0B6
:1063D0004BF90598FCF770FD2846FFF7A9FDA2E7E9
:1063E000002008A902F0ECF81C949CE746F2D020AB
:1063F000C2F200200068D0F87C1100293FF436AFCB
:106400000320884732E7BE425FEA1F9147F6FE53FA
:10641000C2F2002333F8111002297FF484AF47F64B
:10642000CC11C2F200210988012901D123211C913C
:1064300047F6CE110123C2F200210B80D16808AAD1
:1064400002F062FD6FE75C206CE723206AE7002022
:10645000686267E7D4D4D4D4B0B5054690F84C0050
:10646000EC8CC0B946F2C070C2F2002050F8240093
:10647000808D152805D146F266400121C2F2002028
:106480000155C4EBC40047F20C61C2F2002101EBDC
:106490008000FFF74DFD2846214601F035F82846DB
:1064A00001F046F8C00628695CBF6969401A46F2E7
:1064B0007041C2F2002151F824100860B0BDD4D45C
:1064C00046F20C3172B6C2F20021002046F21832B8
:1064D000086040F20001C0F20021C2F20022096807
:1064E000116041F20001CEF200010A6842F001029F
:1064F0000A6048F2183144F6D352C2F20021C1F2C8
:1065000062020968A1FB02124FF0FF3101EB921207
:106510004EF62351CEF20001B0EB126F09D14EF2CC
:106520001003CEF200035A60F0220A70986007222E
:106530001A600870F02001F8040C01F8010C704793
:1065400070B546F2203C72B6C2F2002C46F21C3EF8
:10655000C2F2002EDCF80000CEF8000040B14EF68A
:1065600004514FF00062CEF200010A6062B670BDC5
:106570004EF690234EF2FA3146F2984246F29C448F
:10658000C4F20103C4F20101C2F20022C2F20024EB
:106590004AF20255002609E062B6BFF36F8F72B669
:1065A000DCF80000CEF800000028D8D11878108060
:1065B0001088000703D0088820600D801E70BFF38C
:1065C0004F8F30BFBFF36F8F10880007E4D0108863
:1065D0001870206840F425400880DDE7D4D4D4D476
:1065E00046F2B0300021C2F2002001604EF60450A5
:1065F000CEF20000EFF3148C2CF0040C8CF3148812
:1066000062B64FF080510160FEE7D4D4D4D4D4D424
:106610001B48016800292DD0EFF3098323E9F00F0F
:106620001EF0100F01D123ED108A43F804ED8B60AA
:10663000144C236813B18B6100232360124E36681B
:10664000D6B106607068401C7060B0692060F16867
:1066500001F1280181F30B88B36853F804EB1EF0B5
:10666000100F01D1B3EC108AB3E8F00F83F309885F
:106670007047FEE7034CE1E7FFF762FF0646E1E7FC
:106680001C6300225864002220630022D4D4D4D496
:1066900000F01AB8D4D4D4D4B0B502690C4622F0B4
:1066A00007056FF0020145F8441D8560281D34215F
:1066B00006F0A4F94FF0FF304FF08071C5E90E04E9
:1066C0002964B0BDD4D4D4D446F24840C2F20020EC
:1066D00001680131016046F25840C2F200200168B1
:1066E00041B10139016005D146F24C400121C2F2AD
:1066F0000020016080B546F23C40C2F200200168F3
:106700000A6882B146F250400121C2F200200160C5
:10671000FEF78AFE46F24C40C2F20020006808B341
:10672000FEF71EFE1EE046F240420431C2F2002295
:1067300001601268914205D146F23841C2F200214F
:106740000968016046F25040C2F20020016846F23A
:106750004C40C2F20020006850EA010202D0002939
:10676000D6D1DCE746F22030C2F200200068A8B1A2
:1067700046F21C31C2F20021096881420ED046F275
:10678000B030C2F200200068002818BF80BD4EF66D
:1067900004504FF08051CEF20000016080BDD4D48F
:1067A00010B5044639B100F0AFFE204600F0ECFE13
:1067B0006FF3DF2010BD00F043FEC00505D4204676
:1067C00000F06AFE00F07F0010BD4FF4807010BD35
:1067D0002DE9F041044690F8286047F6FE500D463A
:1067E000C2F2002030F81600022817D146F2C07617
:1067F000C2F2002656F8251011B1012002F070FAFD
:10680000002046F825002046294603F0A5F8013867
:1068100094F8286002285FEA2F9700E000272046BE
:10682000294600F0B1FC2046294600F0EDFC204648
:10683000294600F031FD2046294602F0A9F846F22B
:10684000E878002FC2F2002805EB850708D0642005
:1068500016FB008000EB4700418841F480614180D5
:106860002046294600F050FE642016FB008000EB15
:1068700047062046718800F073FEF188204600F03C
:106880009BFE3189204600F0ABFE0021204600F03F
:106890003BFE2046294600F033FF2046294602F001
:1068A0005FF82046294600F0D7FE2046294600F032
:1068B0001FFD2046294600F03BFD20462946BDE845
:1068C000F04100F055BDD4D470B5044690F82800CE
:1068D00047F6FE520D46C2F2002232F8100002289E
:1068E0000CD146F2C076C2F2002656F8251011B13E
:1068F000012002F0F5F9002046F82500204629463F
:1069000002F046F82046294600F03EFC2046294683
:1069100000F07AFC2046294600F0BEFC00BF00BF14
:1069200000214FF4004248F22F03204600F0C8F93E
:106930000021204600F08CF910F02F0FF0D12046F6
:10694000294600F0E1FD0021204600F009FE00216B
:10695000204600F031FE0021204600F041FE0021DB
:10696000204600F0D1FD2046294600F0C9FE204611
:10697000294601F0F5FF2046294600F06DFE20462D
:10698000294600F049FF2046294600F061FF2046D5
:10699000294600F0ADFC2046294600F0C9FC2046FF
:1069A0002946BDE8704000F0E3BCD4D4D4D4D4D49C
:1069B00070B51546013A022A0E4604460DD220460D
:1069C0002946324600F0B4FA2046294600F040F944
:1069D00000F00F00B042F7D119E0002D18BF70BDD4
:1069E00048F200001E43CFF6FF70304385B200BF6F
:1069F000002148F22F0320462A4600F061F90021C9
:106A0000204600F025F900F02F00B042F0D170BD13
:106A1000B0B50C46054600F0FFFE28462146BDE80D
:106A2000B04000F015BFD4D4F0B581B001220C46BF
:106A3000054600F0B1FE00264FF6FF7700BF00BF0D
:106A40002846214600F0E0FD800602D50136BE4210
:106A5000F6D101B0F0BDD4D4F0B581B01446013AFE
:106A6000022A0E46054610D228462146324600F03C
:106A70005FFA00BF00BF00BF2846214600F0E8F8DB
:106A800000F00F00B042F7D119E0C4B948F200009D
:106A900043EA0607CFF6FF70384386B200BF00BF57
:106AA000002148F22F032846324600F009F9002160
:106AB000284600F0CDF800F02F00B842F0D10026B3
:106AC0002846214600F098FA81040DD4284600F0AB
:106AD00023F8284600F038F80A2001F0A5FB632EC1
:106AE00006F10106ECD3FF2001B0F0BDD4D4D4D41C
:106AF00070B514460D46064600F0AAFE30462946FB
:106B0000224600F0C1FE30462946BDE8704000F044
:106B100067BED4D4D4D4D4D490F8280047F6FE511C
:106B2000C2F2002131F81010022908D100210028FA
:106B3000C4F2060108BF01F5F8110888704700206B
:106B40007047D4D4D4D4D4D490F8280047F6FE515A
:106B5000C2F2002131F81010022908D104210028C6
:106B6000C4F2060108BF01F5F8110888704700203B
:106B70007047D4D4D4D4D4D490F8280047F6FE512A
:106B8000C2F2002131F81010022908D10821002892
:106B9000C4F2060108BF01F5F8110888704700200B
:106BA0007047D4D4D4D4D4D490F8282047F6FE50DB
:106BB000C2F20020002930F812304FF0000008BF68
:106BC000022B00D07047012A04D11620C4F206001F
:106BD000008870471420C4F2250000887047D4D480
:106BE00090F8283047F6FE50C2F20020012B30F812
:106BF000130008BF02280CD01420C4F2250039B1BC
:106C0000022904D0012918BF7047043000E0083081
:106C100002807047D4D4D4D490F8283047F6FE5080
:106C2000C2F20020012B30F8130008BF02280CD05C
:106C30001420C4F2250039B1022904D0012918BF5B
:106C40007047043000E0083002707047D4D4D4D4C8
:106C500090F8282047F6FE50C2F2002030F81200CB
:106C6000022810D102291DD001290FD059B92020A6
:106C7000012AC4F2060000F5F81004BF2020C4F277
:106C800006000088704700200088704720212820D7
:106C9000C4F20601C4F22500012A08BF01F1080070
:106CA0000088704728202021C4F22500C4F2060184
:106CB0000430012A08BF01F10C0000887047D4D4C9
:106CC00090F828C047F6FE50C2F2002030F81C00B1
:106CD000022810D1022921D0012913D059B920202E
:106CE000BCF1010FC4F2060000F5F81004BF20202B
:106CF000C4F2060000E0002001881A4099431144C4
:106D00000180704720212820C4F20601C4F225002A
:106D1000BCF1010F08BF01F10800EDE72820202198
:106D2000C4F22500C4F206010430BCF1010F08BF13
:106D300001F10C00E0E7D4D490F8282047F6FE508B
:106D4000C2F2002030F8120002280FD102291ED012
:106D5000012911D051B92020012AC4F2060000F502
:106D6000F81004BF2020C4F2060000E000200188D3
:106D700021F400510180704720212820C4F206012F
:106D8000C4F22500012A08BF01F10800EFE728201E
:106D90002021C4F22500C4F206010430012A08BFF4
:106DA00001F10C00E3E7D4D410B590F8282047F6A1
:106DB000FE53C2F2002333F81230022B0FD1022906
:106DC0002DD0012920D051B92021012AC4F2060179
:106DD00001F5F81404BF2024C4F2060400E00024E6
:106DE00001F02AFA218838B14EF6F0700840208070
:106DF00020880007FCD102E021F480502080208808
:106E000040F48050208010BD20212824C4F20601C7
:106E1000C4F22504012A08BF01F10804E0E7282391
:106E20002021C4F22503C4F206011C1D012A08BF5B
:106E300001F10C04D4E7D4D490F8282047F6FE5092
:106E4000C2F2002030F8120002280FD102291ED011
:106E5000012911D051B92020012AC4F2060000F501
:106E6000F81004BF2020C4F2060000E000200188D2
:106E700021F480510180704720212820C4F20601AE
:106E8000C4F22500012A08BF01F10800EFE728201D
:106E90002021C4F22500C4F206010430012A08BFF3
:106EA00001F10C00E3E7D4D490F8280047F6FE5C2B
:106EB000C2F2002C3CF81030022B0FD1022928D04E
:106EC00001291BD051B920210128C4F2060101F586
:106ED000F81104BF2021C4F2060100E000213CF8B3
:106EE0001000022809D10888002A20F44060088098
:106EF00008BF704708881043088070472023282166
:106F0000C4F20603C4F22501012808BF03F10801F9
:106F1000E5E728212023C4F22501C4F20603043149
:106F2000012808BF03F10C01D9E7D4D4D4D4D4D4B8
:106F3000B0B582B090F8283047F6FE55C2F2002571
:106F4000144635F81350022D0FD1022920D0012903
:106F500013D099BB2020012BC4F2060000F5F815D0
:106F600004BF2025C4F2060529E0002501390129C6
:106F70002A88ADF8062019D924E020212825C4F25A
:106F80000601C4F22505012B08BF01F108050AE03E
:106F900028222021C4F22502C4F20601151D012B6E
:106FA00008BF01F10C052988ADF8061001F044F97D
:106FB00040B9BDF8060020F4805001E00025288883
:106FC000ADF80600BDF8060020F00F00ADF8060091
:106FD000BDF80600288000BF28880007FCD1BDF856
:106FE00006002043ADF80600BDF80600288002B078
:106FF000B0BDD4D4D4D4D4D490F8282047F6FE50D1
:10700000C2F2002030F81200022810D102291DD04F
:1070100001290FD059B92220012AC4F2060000F537
:10702000F81004BF2220C4F2060000887047002038
:107030000088704722212A20C4F20601C4F22500EC
:10704000012A08BF01F10800008870472A20222188
:10705000C4F22500C4F206010430012A08BF01F180
:107060000C0000887047D4D490F8282047F6FE50D2
:10707000C2F2002030F8120002280FD102291ED0DF
:10708000012911D051B92220012AC4F2060000F5CD
:10709000F81004BF2220C4F2060000E0002001889E
:1070A00041F400410180704722212A20C4F20601E8
:1070B000C4F22500012A08BF01F10800EFE72A20E9
:1070C0002221C4F22500C4F206010430012A08BFBF
:1070D00001F10C00E3E7D4D490F8282047F6FE50E5
:1070E000C2F2002030F8120002280FD102291DD070
:1070F000012910D051B92220012AC4F2060000F55E
:10710000F81004BF2220C4F2060000E000204FF473
:1071100080410180704722212A20C4F20601C4F276
:107120002500012A08BF01F10800F0E72A202221EA
:10713000C4F22500C4F206010430012A08BF01F19F
:107140000C00E4E7D4D4D4D4EFF3108272B690F8F4
:10715000280047F6FE53C2F2002333F81030022B0A
:107160000CD136230028C4F206034FF0010008BFFB
:1071700003F5F813884019880843188082F31088B3
:107180007047D4D4D4D4D4D4EFF3108272B690F82C
:10719000280047F6FE53C2F2002333F81030022BCA
:1071A0000DD136230028C4F206034FF0010008BFBA
:1071B00003F5F8138840198821EA0000188082F34B
:1071C00010887047D4D4D4D4EFF3108272B690F8FC
:1071D000280047F6FE53C2F2002333F81030022B8A
:1071E0000CD138230028C4F206034FF0010008BF79
:1071F00003F5F813884019880843188082F3108833
:107200007047D4D4D4D4D4D4EFF3108272B690F8AB
:10721000280047F6FE53C2F2002333F81030022B49
:107220000DD138230028C4F206034FF0010008BF37
:1072300003F5F8138840198821EA0000188082F3CA
:1072400010887047D4D4D4D4EFF3108272B690F87B
:10725000283047F6FE50C2F20020002B30F8130011
:1072600008BF022802D082F31088704746F64C000F
:107270000023C2F200204FF0010C20F811303A2018
:10728000C4F225000CFA01F103881943018082F34E
:1072900010887047D4D4D4D4EFF3108272B690F82B
:1072A000280047F6FE53C2F2002333F81030022BB9
:1072B0000DD13A230028C4F206034FF0010008BFA5
:1072C00003F5F8138840198821EA0000188082F33A
:1072D00010887047D4D4D4D440210028C4F20601C9
:1072E00008BF01F5F81108887047D4D4D4D4D4D499
:1072F000EFF3108272B690F8280047F6FE53C2F200
:10730000002333F81030022B0FD10123002840F264
:10731000460003FA01F1C4F2060040F2FF3308BF51
:1073200000F5F81023EA0101018082F3108870470C
:10733000EFF3108272B690F8280047F6FE53C2F2BF
:10734000002333F81030022B0FD10123002840F224
:10735000480003FA01F1C4F2060040F2FF3308BF0F
:1073600000F5F81023EA0101018082F310887047CC
:10737000EFF3108272B690F8280047F6FE53C2F27F
:10738000002333F81030022B0FD10123002840F2E4
:107390004A0003FA01F1C4F2060040F2FF3308BFCD
:1073A00000F5F81023EA0101018082F3108870478C
:1073B00090F8280047F6FE51C2F2002131F8101073
:1073C000022908D14C210028C4F2060108BF01F5AA
:1073D000F8110888704700207047D4D4D4D4D4D48E
:1073E00054210028C4F2060108BF01F5F8110888ED
:1073F0007047D4D4D4D4D4D456210028C4F2060182
:1074000008BF01F5F81108887047D4D4D4D4D4D477
:1074100058210028C4F2060108BF01F5F8110888B8
:107420007047D4D4D4D4D4D45A210028C4F206014D
:1074300008BF01F5F81108887047D4D4D4D4D4D447
:1074400090F8280047F6FE51C2F2002131F81010E2
:10745000022908D15C210028C4F2060108BF01F509
:10746000F8110888704700207047D4D4D4D4D4D4FD
:1074700090F8280047F6FE52C2F2002232F810209F
:10748000022A18BF70475C220028C4F2060208BF17
:1074900002F5F8121180704790F8280047F6FE5167
:1074A000C2F2002131F81010022908D15E21002813
:1074B000C4F2060108BF01F5F811088870470020E2
:1074C0007047D4D4D4D4D4D490F8280047F6FE52D0
:1074D000C2F2002232F81020022A18BF70475E2242
:1074E0000028C4F2060208BF02F5F81211807047A6
:1074F00060210028C4F2060108BF01F5F8110888D0
:107500007047D4D4D4D4D4D490F8280047F6FE528F
:10751000C2F2002232F81020022A18BF70476422FB
:107520000028C4F2060208BF02F5F8121180704765
:1075300090F8280047F6FE51C2F2002131F81010F1
:10754000022908D168210028C4F2060108BF01F50C
:10755000F8110888704700207047D4D4D4D4D4D40C
:1075600090F8280047F6FE52C2F2002232F81020AE
:10757000022A18BF704768220028C4F2060208BF1A
:1075800002F5F8121180704790F8280047F6FE5176
:10759000C2F2002131F81010022908D16C21002814
:1075A000C4F2060108BF01F5F811088870470020F1
:1075B0007047D4D4D4D4D4D490F8280047F6FE52DF
:1075C000C2F2002232F81020022A18BF70476C2243
:1075D0000028C4F2060208BF02F5F81211807047B5
:1075E00090F8280047F6FE52C2F2002232F810202E
:1075F000022A18BF70476E220028C4F2060208BF94
:1076000002F5F8121180704781B00022ADF8022017
:1076100090F8280047F6FE52C2F2002232F81020FD
:10762000022A13D160220028C4F2060202F11003DC
:1076300002BF7023C4F2250302F5F81203EB4100E8
:10764000002918BF821E1088ADF80200BDF80200A4
:1076500001B07047D4D4D4D490F8280047F6FE5235
:10766000C2F2002232F81020022A18BF704770229E
:107670000028C4F2060208BF02F5F81202EB41002E
:1076800030F8021C41F4005120F8021C7047D4D499
:1076900090F8280047F6FE52C2F2002232F810207D
:1076A000022A18BF704770220028C4F2060208BFE1
:1076B00002F5F81202EB410030F8021C41F40071AF
:1076C00020F8021C7047D4D490F8280047F6FE52E8
:1076D000C2F2002232F81020022A18BF704770222E
:1076E0000028C4F2060208BF02F5F81202EB4100BE
:1076F00030F8021C21F4007120F8021C7047D4D429
:1077000090F8280047F6FE52C2F2002232F810200C
:10771000022A18BF704750B16020C4F2060059B168
:1077200000EB4100C18941F48071C1817047602044
:107730000029C4F22500F3D1018841F48071018051
:107740007047D4D4D4D4D4D490F8280047F6FE534C
:10775000C2F2002333F81030022B18BF70476023A9
:107760000028C4F2060303F1100C02BF40F2700CB3
:10777000C4F2250C03F5F8130CEB4100002918BFE7
:10778000831E188820F00300188018881043188082
:107790007047D4D4D4D4D4D490F8280047F6FE53FC
:1077A000C2F2002333F81030022B18BF70470028B4
:1077B00040F26000C4F2060005D000291CBF00EBB7
:1077C00041000E3008E029B16E20C4F2250000EB24
:1077D000410001E000F5F8100188914301807047F5
:1077E00090F8280047F6FE52C2F2002232F810202C
:1077F000022A18BF704790220028C4F2060208BF70
:1078000002F5F81202EB810030F8041C41F400711B
:1078100020F8041C7047D4D490F8280047F6FE5294
:10782000C2F2002232F81020022A18BF70479022BC
:107830000028C4F2060208BF02F5F81202EB81002C
:1078400030F8041C21F4007120F8041C7047D4D4D3
:1078500090F8280047F6FE52C2F2002232F81020BB
:10786000022A18BF704790220028C4F2060208BFFF
:1078700002F5F81202EB810030F8041C41F480712B
:1078800020F8041C7047D4D490F8280047F6FE5323
:10789000C2F2002333F81030022B18BF7047922336
:1078A0000028C4F2060308BF03F5F81303EB8100B8
:1078B00020F8042C7047D4D47047D4D4D4D4D4D472
:1078C0007047D4D4D4D4D4D42DE9F04F83B0044637
:1078D00090F8285047F6FE509246C2F200208946A2
:1078E00030F81530012B01D1002105E046F29871E6
:1078F000C2F2002151F829104FF03C080291BAF170
:10790000010F08BF4FF0400854F808104968496853
:107910000F7846F2A041C2F2002101EB051B5BF893
:10792000271031F0010613D020465146FFF784FAA4
:1079300094F82800F0B94CF20830BAF1010FC4F203
:10794000000012D1016821F480310160006811E06B
:1079500030F81500012800F099804846514622462B
:1079600003B0BDE8F04F01F063BD416821F4803100
:107970004160406846F2B040CDF80490C2F2002069
:1079800000EBC50131F817108E4214D245B946F20A
:10799000B8421BF82710C2F2002201F00101D155B4
:1079A00046F2BC41029AC2F20021324401EB0511B9
:1079B00041F8272003E0B6FBF1F202FB01F654F890
:1079C000081094F82820D4F83CC040F29018496878
:1079D000002A5FEA0F9300EBC2094968C2F200284F
:1079E0004BF8276043EAC30291F800E0DCE90001AC
:1079F0000AEB4A0308EB820202EB8302D1E900138F
:107A000039F81E7052688A601A784AF20003C4F28C
:107A1000000303EB82120023826000BF00BF00BF9F
:107A2000957F01332D0623EAE5739DB2642DF7D3CC
:107A3000BE4256EA3782029B4B605208CA8139F82F
:107A40001E20731EB3FBF2F201328A81DCF808209B
:107A500052689047204600F0EFFB019D28B90023B3
:107A6000204629465246FEF7A3FF20465146FFF71F
:107A70009BF9204600F0E0FB40B100232046294658
:107A8000524603B0BDE8F04FFEF792BF03B0BDE829
:107A9000F08FD4D4D4D4D4D448B101294FF03C01D0
:107AA00008BF4021405840684068007870470A206D
:107AB0007047D4D4D4D4D4D42DE9F04F83B0044645
:107AC00090F8280047F6FE539046C2F200238B46FA
:107AD00033F81030012B01D1002205E046F29871F5
:107AE000C2F2002151F82B203C27B8F1010F08BF4A
:107AF0004027E159496849680E7846F2A041C2F230
:107B0000002101EB001A5AF82600A0B12046414698
:107B10000192FFF791F994F82800A0B94CF20830CF
:107B2000B8F1010FC4F2000008D1016821F48031DE
:107B30000160006807E003B0BDE8F08F416821F400
:107B4000803141604068D4F840E0E2594AF20009CF
:107B50005AF826C0DEE90001C4F200095268029614
:107B60004B6852681D7894F828301778002209EB8A
:107B70008515856000BF00BFAE7F0132360622EA60
:107B8000E67296B2642EF7D3002B5FEA0F9240F2B2
:107B9000901508EB4806C2F20025096842EAC202C5
:107BA00005EB820246F2B04502EB8602C2F20025E6
:107BB00005EBC303012552684A6033F81720013AE8
:107BC00002EBD27205EB5202019D8D60CA8133F83F
:107BD0001720ACF10103B3FBF2F201328A81DEF827
:107BE000082052689047204600F026FB28B9002361
:107BF000204659464246FEF7DBFE2046594600F035
:107C00007BFE02995AF821100139B1FBF0F0594678
:107C1000013082B22046FEF76BFF20465946FFF73F
:107C200093FA2046594600F053FE20464146FFF79E
:107C300083F820464146FFF7B7F8204600F0FCFAEB
:107C400028B10023204659464246FEF7B1FE2046A1
:107C5000594603B0BDE8F04F00F092BED4D4D4D45E
:107C600080B590F8283047F6FE5CC2F2002C002B5D
:107C70005FEA0F923CF813E0BEF1020F52EA038272
:107C800001294FF03C0108BF40214058406840683E
:107C9000017846F2CC40C2F2002000EBC20030F87E
:107CA00011003CF81330022B18BF80BD46F2A043F0
:107CB00046F2707CC2F20023C2F2002C03EB0212E7
:107CC0005CF8203052F82110591A38BF00214CF8C6
:107CD000201080BDD4D4D4D42DE9F04F81B0884693
:107CE0001946994692460546FFF70EFC2846FFF7CF
:107CF0001FFC044610F0100F4FF0010050EA009BEB
:107D0000284600F099FA28B90023284649465A46E1
:107D1000FEF74EFE28465946FFF78EF895F82800E4
:107D200000284FEAC46010D14CF208310028C4F298
:107D3000000105D40A6822F480320A60096804E070
:107D40004A6822F480324A60496895F8281046F261
:107D5000B047C2F200270BEB4B0600295FEA0F92F7
:107D600000284FF03C0058BF40202858D5F83CC0B0
:107D700007EBC10440F29017406842EAC202C2F227
:107D80000027406807EB820202EB860290F800E0D1
:107D9000DCE900015268D1E9001334F81E708A60F2
:107DA0001A784AF20003C4F2000303EB82160022A1
:107DB000866000BF00BF00BFB37F01321B0622EA0E
:107DC000E37293B2642BF7D3BA455AEA3782C1F80B
:107DD0000480AAF101035208CA8134F81E20B3FBC3
:107DE000F2F201328A81DCF8082052689047284676
:107DF0005946FEF7D9FF284600F01EFA40B100238D
:107E0000284649465A4601B0BDE8F04FFEF7D0BDBE
:107E100001B0BDE8F08FD4D42DE9F04F81B03C2201
:107E2000012908BF4022825890F8287047F6FE5872
:107E30005268C2F200285268157846F2CC42C2F26B
:107E4000002202EBC70212F8154038F81720012A69
:107E500000F09B8046F2B04246F27079C2F20022F6
:107E6000C2F2002902EBC70246F2987C59F824308E
:107E7000C2F2002C32F81520934212D246F2B842D8
:107E8000C2F2002202EB8702525D002A5AD10E464E
:107E900021460546FFF76CFA28463146FFF7E4F81D
:107EA00024E046F2A042C2F2002202EB071A5AF87E
:107EB00025209E1A5CF8243049F824601DD1214603
:107EC0000646FFF755FA304621463546FFF79CFB3C
:107ED00040040BD438F81700012856D00121204661
:107EE0002A4601B0BDE8F04F01F06EBF284621469A
:107EF00001B0BDE8F04FFFF7A7B902EB030E4AF857
:107F0000256057B946F2B84B4FF6FE73C2F2002B0C
:107F100006F001021E400BF8052046F2BC43B2B247
:107F2000C2F2002303EB07131EFA86F643F825601E
:107F300042B14AF825207146234601B0BDE8F04F12
:107F4000FFF7CABE38F81720012A16D046F2B84209
:107F500046F2BC43C2F20022C2F2002302EB8702C7
:107F600003EB0713525D49F8242053F825204CF801
:107F700024200246204601F05BFA46F2B840002178
:107F8000C2F2002000EB8700415501B0BDE8F08F40
:107F900070B594B048F2F42047F6FE51C2F20020CA
:107FA000C2F20021C4680888012827D0684602214F
:107FB00000258DF828500226FEF73EFF46F2D440F9
:107FC00046F2D843C2F20020C2F20023028802EB3C
:107FD0008201013202F00702028003EB011140F23C
:107FE0005110C0F20400486281F82850D4E9090217
:107FF000C1E90F0205208E8500F03AFE14B070BD75
:1080000001294AF20001C4F2000112D1006CD0E94A
:1080100000204068007801EB80100021906000BFD4
:10802000827F0131120621EAE2718AB2642AF7D313
:1080300012E0C06BD0E900204068007801EB8010AE
:108040000021906000BF00BF827F0131120621EA4B
:10805000E2718AB2642AF7D37047D4D4D4D4D4D48A
:1080600080B584B0006C81680068CA696946904731
:10807000BDF8040004B080BD10B543F2040100282F
:10808000C4F22001086813D0C00413D50120EFF317
:10809000108480F31088086820F400600860086885
:1080A0001E20012104F070FA84F31088002010BD16
:1080B000000502D440F2DD5010BD0120EFF3108422
:1080C00080F31088086820F40060086008681E20AB
:1080D000012104F059FA84F31088002010BDD4D493
:1080E000B0B500B1B0BD40F200404EF2001EC4F287
:1080F000250048F2F42CCEF2000EC2F2002C0268E9
:1081000022F01002026091F90E304CF20032C4F2FB
:108110000002002B1DD4487D0EEB03040125000155
:1081200084F800034CF8231052F8230020F4803028
:1081300042F8230052F82300580903F01F03BFF34D
:108140005F8F0EEB800405FA03F3C4F880314EF81C
:10815000203091F90F30002B1DD4887D0EEB0304E5
:108160000125000184F800034CF8231052F8230085
:1081700020F4803042F8230052F82300580903F01D
:108180001F03BFF35F8F0EEB800405FA03F3C4F8FF
:1081900080314EF8203091F90D30002B1DD4087D30
:1081A0000EEB03040125000184F800034CF82310B2
:1081B00052F8230020F4803042F8230052F82300C4
:1081C000580903F01F03BFF35F8F0EEB800405FA1D
:1081D00003F3C4F880314EF8203091F90C30002BB5
:1081E00048BFB0BDC87C0EEB0304000184F8000357
:1081F0004CF8231052F8230020F4803042F823007A
:1082000052F82300580903F01F0201230EEB8001EE
:1082100003FA02F2BFF35F8FC1F880214EF82020ED
:10822000B0BDD4D4D4D4D4D4012104F0ADB9D4D4C5
:10823000FCF7DEBDD4D4D4D400207047D4D4D4D439
:108240004FF07041EFF3038001EB00604CF200311E
:108250008015C4F20001425822F480324250405846
:1082600047F6FE51C2F200210888012808BF704776
:1082700001F012BBD4D4D4D44FF07041EFF303809B
:1082800001EB00604CF200318015C4F2000142584D
:1082900022F48032425048F2F4224158C2F20022C5
:1082A0001058807800F0D0BA4FF07041EFF303809F
:1082B00001EB00604CF200318015C4F2000142581D
:1082C00022F48032425040587047D4D4D4D4D4D40D
:1082D0004FF07041EFF3038001EB00604CF200318E
:1082E0008015C4F20001425822F4803242504058B6
:1082F0007047D4D4D4D4D4D42DE9F04F81B040F217
:10830000400840F240094FF6F073C4F22508C4F269
:108310000609C0F21E03444609EB0306012A02BF08
:108320004024C4F20604A9F110062788E388B4F8B3
:1083300008E0B4F80AB0368834F80A5C34F808ACBF
:1083400034F806CCB7F5807F4FF0000404800C8031
:1083500002D201B0BDE8F08F3E4074041CD434B2A8
:10836000B4F1FF3F20DDB6F5005F25D2B6F5805FA2
:108370002FD22B40F7059DB239D515F0010336D029
:10838000012A59EA088240F2FE33D380012202809A
:108390000A8001B0BDE8F08F012A59EA08816FF424
:1083A00080420A80122110E0012A59EA088147F62A
:1083B000FF720A80112108E0012A59EA08816FF44E
:1083C000804202F500520A801321018001B0BDE80D
:1083D000F08F012A59EA08826FF4804303F5405375
:1083E0001380142202800F8001B0BDE8F08F0CEAE8
:1083F0000B035FEA465B9BB20AD513F0010407D07A
:10840000012A59EA088240F2FE335381022210E029
:108410000AEA0E045FEA865E1FFA84FC0FD51CF0A0
:1084200001040CD0012A59EA088240F2FE3313817C
:10843000032202800120088001B0BDE8F08FB6F56C
:10844000006F17D2002F35D4BBF1000F3FD4BEF11F
:10845000000F7FF57EAF012A59EA088240F2FF3310
:1084600023EA0C03138103220280A1F800C001B0AB
:10847000BDE8F08F044610460D461646FEF72CFF69
:10848000012E59EA088728806FF4804000F560507B
:10849000388015202080288800F0070006287FF407
:1084A00058AF304600F0DCF900202080288001B071
:1084B000BDE8F08F012A59EA088240F2FF33AB434E
:1084C000D380012202800D8001B0BDE8F08F012A27
:1084D00059EA088240F2FF379F4357810222028007
:1084E0000B8001B0BDE8F08F10B5044600F0B8F97C
:1084F0002046FEF775FF47F6C411C2F2002108803E
:108500002046FEF779FF47F6C611C2F20021088027
:108510002046FEF77DFF47F6C811C2F20021088011
:108520002046FEF781FF47F6CA11C2F200210880FB
:1085300010BDD4D4D4D4D4D480B590F82800FEF79C
:10854000CBFE00F0700030285FEA1F9080BDD4D4CD
:10855000B0B547F2267147F6BC15C2F20021C2F24F
:1085600000250446FF200988288001290FD12046D4
:1085700000F05EF92046FEF7AFFE410408D4400645
:1085800058BFB0BD204600F03BF900202880B0BDA8
:10859000D52028802046BDE8B04000F055B9D4D49D
:1085A0007047D4D4D4D4D4D410B5044690F828005D
:1085B00000F04AF994F82800BDE8104000F038B9FE
:1085C0000346022208461946FFF7BEB8D4D4D4D4D5
:1085D00000210222FFF7B8B82DE9F0418046470894
:1085E0001D4614460E4608D034F8022B2846314664
:1085F000FEF7F6FA013F3804F6D15FEAC87010D0F2
:10860000002228463146FEF74FFC14F8012B28467D
:108610003146FEF701FB4FF4806228463146FEF7F3
:1086200043FC2046BDE8F0812DE9F0418046460834
:108630001D4614460F4608D028463946FEF7B4FAC0
:10864000013E24F8020B3004F6D15FEAC87005D071
:1086500028463946FEF7A8FA04F8010B2046BDE883
:10866000F081D4D4D4D4D4D4F0B581B004460E462D
:10867000104621461546FEF7D7F928462146FEF753
:1086800083FD28462146FEF7BFFD28462146FEF71A
:1086900003FE28462146FEF7BBF900212846FEF7D7
:1086A000D7FA00F00F00A04205D1002100220023DC
:1086B0002846FEF77DF901212846FEF7C9FA00F0A9
:1086C0000F00A04209D10021012200232846FEF715
:1086D0006FF901212846FEF7AFFB02212846FEF77D
:1086E000B7FA00F00F00A04209D1002102220023B6
:1086F0002846FEF75DF902212846FEF79DFB284635
:10870000214600F02DF928462146FEF7A5FF46F246
:10871000C077C2F2002757F8240028B346F27071E0
:108720008685C2F2002151F8241041612846214675
:10873000FEF76AFF57F824305E68D8852EB1002115
:1087400000221846B04757F824300120194600F09F
:10875000C7FA95F82800002147F82410214601B0F7
:10876000BDE8F04000F034BB01B0F0BDD4D4D4D4A7
:1087700010B546F25874C2F200242188002908BFBF
:1087800010BDFFF799F86420FFF74EFD0020208010
:1087900010BDD4D4D4D4D4D410B546F25874C2F297
:1087A00000242188002908BF10BDFFF785F8642048
:1087B000FFF73AFD0020208010BDD4D4D4D4D4D407
:1087C00046F258710122C2F200210A80FFF778B800
:1087D00000210028C4F2060108BF01F5F81108883D
:1087E00040F010000880704700210028C4F2060104
:1087F00008BF01F5F811088820F0100008807047C4
:1088000008210028C4F2060108BF01F5F811088804
:1088100040F480700880704730210028C4F20601BF
:1088200008BF01F5F811088840F4804008807047BF
:1088300030210028C4F2060108BF01F5F8110888AC
:1088400020F480400880704740210028C4F20601CF
:108850004BF6FF7008BF01F5F81108807047D4D4BB
:1088600040210028C4F206014FF6F77008BF01F559
:10887000F81108807047D4D460210028C4F20601A2
:1088800008BF01F5F811088840F00400088070471F
:10889000002818BF70470020C4F22500018841F469
:1088A0008061018000BF00BF01884905FCD50188B7
:1088B00021F020010180018841F0010101804FF485
:1088C00080610184018581854FF41D4101867047D7
:1088D000092988BF7047FEF777BCD4D4D4D4D4D448
:1088E000092901D90020704780B5FEF78DFE00F000
:1088F000030080BDD4D4D4D4092901D90020704705
:1089000010B541B10446FEF7FFFD2046FEF73CFEE0
:108910006FF3DF2010BDFEF7BFFD6FF3DF2010BD4A
:10892000092901D90020704710B50446FEF7ECFD77
:108930002046FEF7FDFD00F0100010BDD4D4D4D4C5
:10894000092901D90020704710B50446FEF7DCFD67
:108950002046FEF7EDFD00F4404010BDD4D4D4D441
:10896000092988BF7047B0B504460D46FEF790FE52
:1089700020462946BDE8B040FEF7A6BED4D4D4D4E4
:10898000092988BF70470122FEF7DEBED4D4D4D4B3
:10899000092988BF7047B0B504460D46FEF744F874
:1089A000022220462946BDE8B040FEF7F5BED4D4E9
:1089B00080B5FEF7E1F800F0070040210138002201
:1089C000032838BF01EB801290B280BDD4D4D4D438
:1089D0002DE9F04146F6600847F61063C2F2002820
:1089E000C2F200238871A0F1010CB8F80020BCF19C
:1089F0000C0F02EBC20203EB820E0A467346F0CA6A
:108A0000F0C392E8F100F1C313D8DFE80CF00712CD
:108A1000072B2B070735222207070700087847F6A0
:108A20000061C2F2002151F820300021002270467E
:108A30009847B8F800004CF6CD42013081B251435E
:108A4000C90C01EB8101A0EB4100A8F80000BDE8D2
:108A5000F081087847F60062C2F20022496952F8B4
:108A60002030E3E7087847F6FE51C2F2002131F8E2
:108A700010100129D3D1DCE7087847F6FE52C2F284
:108A8000002232F81020012AD3D047F600634A8A28
:108A9000C2F20023002A4FF0000253F820C07046B3
:108AA0000CBF00214969E047C3E7D4D4D4D4D4D45F
:108AB0007047D4D4D4D4D4D42DE9F04788B0044638
:108AC000807846F6FC224FF42877C2F2002210FB91
:108AD000072300EB400146F6CC20C2F200205022D2
:108AE00000EB01104FF26461C0F200213026CDE9A5
:108AF0000076FCF7B9FD20B10224204608B0BDE89D
:108B0000F0872078012843D147F274254FF2DA0824
:108B100047F28C37C2F2002505264FF038094FF096
:108B2000280AC0F20028C2F20027012400BF00BFBB
:108B30000122284641463B46CDE900A9FDF784F8CD
:108B40000028DAD1013E05F13805F1D147F2B435FC
:108B50004FF2701847F2E457C2F200250A264FF090
:108B600038094FF0280AC0F20028C2F20027012479
:108B70000122284641463B46CDE900A9FDF764F8AD
:108B80000028BAD1013E05F13805F1D10024B4E73F
:108B900046F644104FF27D1146F69C53C2F2002077
:108BA000C0F20021C2F20023012238272826CDE995
:108BB00000670124FDF748F800289ED146F674624C
:108BC00000200A21C2F200224FF48063CDE9002385
:108BD000049046F6C450CDE902114FF2C76148F641
:108BE000D972C2F20020C0F20021C0F2002200239C
:108BF000B027CDE90547FDF7A7F900283FF484AF7A
:108C000003247AE7D4D4D4D491B180B500230B6087
:108C100040F2B413002AC2F2002308BF40F6B83273
:108C200053F82000FDF7A0F8002818BFFF2080BDF2
:108C3000FF207047D4D4D4D410B582B04FF0FF04D5
:108C4000019191B140F2B4110022C2F2002151F819
:108C5000200001A9FDF7A8F8019900294FF0FF01B4
:108C600018BF0021002851EA0484204602B010BD3C
:108C700010B582B04FF0FF04019191B140F2B411F0
:108C80000022C2F2002151F8200001A9FDF78CF862
:108C9000019900294FF0FF0118BF0021002851EA77
:108CA0000484204602B010BDA9B110B50C4602EBF9
:108CB000420046F6CC210022C2F2002101EB001056
:108CC0002146FCF7B1FC20B9206800281CBF002019
:108CD00010BDFF2010BDFF207047D4D4D4D4D4D40D
:108CE00039B180B50846FCF737FD002818BFFF20D2
:108CF00080BDFF207047D4D4B0B582B090F8285022
:108D00000C46FCF729FDA4F10A0010F1090F01D26D
:108D100002B0B0BD47F2B4304FF40C71C2F2002083
:108D200015FB0100C4EBC401002200EBC10401A942
:108D30002046FDF719F80028EAD101980028E7D06D
:108D400001AD00BF00BF00BFFCF706FD00222046BA
:108D50002946FDF709F80028DAD101980028F3D157
:108D6000D6E7D4D4D4D4D4D4B0B582B090F82850B7
:108D70000C46FCF7F1FCA01F10F1050F01D202B068
:108D8000B0BD47F2B4304FF40C71C2F2002015FBB5
:108D90000100C4EBC401002200EBC10401A920467C
:108DA000FCF7E2FF0028EAD101980028E7D001ADE6
:108DB000FCF7D2FC002220462946FCF7D5FF00280C
:108DC000DDD101980028F3D1D9E7D4D4D4D4D4D4B8
:108DD000A1F10A0212F1090F38BF7047B0B590B087
:108DE000044647F2B4304FF40C72C2F2002004FB88
:108DF0000200C1EBC101002200EBC1000FA9FCF78A
:108E0000B3FF18BB0F9808B347F6FE5040F2B412F8
:108E1000C2F200201421C2F2002230F8140001280E
:108E200001A808BF042152F801C00246BCE81A405C
:108E3000A2E81A40BCE83A40A2E83A409CE83A402E
:108E400082E83A400FA90022FCF7AEFF10B0BDE85F
:108E5000B0407047D4D4D4D480B582B0A1F10A0216
:108E6000019012F1090F11D390F8280047F2B432A3
:108E70004FF40C73C2F2002210FB0320C1EBC101BE
:108E8000002200EBC10001A9FCF78EFF02B080BDFB
:108E9000B0B5144647F6CC12C2F20022012313806B
:108EA00046F2707246F29873C2F20022C2F20023B8
:108EB000106000221960002120232046FDF778FD74
:108EC00000212046FEF708F900212046FEF750FA5F
:108ED00000200021224600F0E7FD0546022802D0CE
:108EE000012D04D05DB900212046FEF7ADF9002127
:108EF0002046FFF7EDFC00212046FFF741FD284604
:108F0000B0BDD4D4D4D4D4D410B5144647F6CC12C2
:108F1000C2F200220123138046F2707246F2987367
:108F2000C2F20022C2F20023106000221960002168
:108F300000232046FDF73CFD00212046FEF7CCF83B
:108F400000212046FEF700F900212046FFF7C0FC73
:108F500000212046BDE81040FFF712BDD4D4D4D480
:108F6000B0B5054647F6CC10C2F2002047F6CE1247
:108F70000C46C2F200220021018020461180FEF73B
:108F80008BF900212046FEF7FFF800212046FEF76E
:108F90003BF994F828004FF4806200210128204614
:108FA00008BF4FF40062FDF77FFF25F0020005289F
:108FB00004D12046BDE8B040FFF70ABB082D05D11B
:108FC00000212046BDE8B040FDF72EBD94F82800F2
:108FD000BDE8B040FFF750BC82B047F6C01847F676
:108FE000701A47F6C41947F6D01501ACC2F2002832
:108FF000C2F2002A4FF0010BC2F20029C2F2002592
:1090000005204FF47A722146FFF7FEFD08B12FF0DC
:1090100009C8019EB08CA0F251100428F0D8DFE8F6
:1090200000F00A2B04032100EAE7F08C0821324605
:10903000FFF71AFBE4E7F08C01381428E0D8B18D73
:10904000DFE800F00C43282C0B0B0B0B0B0B0B0B6E
:109050000B0B0B0B1E470B523500D1E7304600F0CF
:10906000B7FBCDE796F82800FFF796FB019890F83C
:109070002800FFF76DFAC3E7304600F0A9F8BFE714
:1090800096F8280001F0E0FA402838D1304601F087
:1090900037FAB5E7304600F0CFFBB1E730460F4670
:1090A000FEF7AEFF30463946FEF7B6FEA8E711F0F0
:1090B00007073ED001F00500012818BF052F42D157
:1090C00096F82800FFF710FA3DE0304600F0BCFBB0
:1090D00096E7DAF824301BB1002100223046984789
:1090E0003046FFF761FA8BE7C1F302100BFA00F08C
:1090F00010F0F00F15D0304601F06AFA80E73046E4
:1091000001F00AFA96F8280018F8000001287FF408
:1091100077AFF9F7B5F896F82800002108F80010A5
:109120006EE710F00D0F7FF46BAF304601F0B4F92D
:1091300066E747F22870C2F200200088012802D1B9
:109140003046FFF72DFAB9F8000010F0600F1CD080
:1091500047F6C6112880C2F2002147F6C810C2F2B5
:109160000020DAF82C300988698047F6CA11C2F26B
:1091700000210088A8800988E9800BB92FF0C1C0C0
:1091800028463946324698473AE7DFE807F015198E
:109190000D11091D040407203146FFF7E1FE2FE7FA
:1091A000304602F085F82BE7304602F02DF827E72D
:1091B000304601F011FE23E7304601F099FB1FE72E
:1091C000304601F0EDFB1BE7304601F009FE17E7E2
:1091D000B0B5C48C0546FFF7AFF901280CD146F2B3
:1091E000C070C2F2002050F8241061B12846214618
:1091F000FFF732FE0020B0BD8CB128462146FFF7B4
:109200007BFD0020B0BD40F8245028462146FFF7E2
:1092100087FB50B1204600F0C7FB0020B0BD002105
:109220002846FFF7A1FD0020B0BD204600F0C4FC99
:109230000020B0BDD4D4D4D480B547F2247047F216
:109240002672C2F20020C2F200220021018047F201
:109250002C701180C2F200204FF4FF7103F0CEFB9E
:1092600080BDD4D4D4D4D4D480B547F22471C2F212
:109270000021088047F22C70C2F200204FF4FF71E9
:1092800003F0BCFB80BDD4D480B54FF0020E47F68E
:109290002A10C2F20020203087FF5F0800BF00BF05
:1092A00000ED901EA0EC881E0FF007C080BDD4D446
:1092B00047F67010C2F20020806800797047D4D45D
:1092C00080B547F67011C2F200218B681A78B3F8A6
:1092D00002E0964513D913444FF0000C06E000BF9E
:1092E00019780A440B4492B272450AD2597804297B
:1092F000F6D19978884208BF93F803C0F0E74FF0A1
:10930000000C1FFA8CF080BD2DE9F04747F6701273
:10931000C2F2002293681F785A88BA4298BFBDE80B
:10932000F08747F62A183B444FF0000C4FF0200E10
:10933000C2F200284FF000094FF0000A3C4605E059
:109340001D787C19A7B22B44974227D25D78052D52
:109350000AD0042DF4D19D78A84219D1DD78A94214
:1093600016D193F804C015E01FFA8CF41FFA8AF5A1
:10937000A542E5D29C7809EB0A060AF1010AF6B289
:1093800004F00F050EEA9404444424F81560D7E76E
:109390001D79A9441D782C44E4B2D3E7BDE8F087D9
:1093A00047F22470C2F20020008840B147F67010E6
:1093B000C2F200208068C079C0F3401070470020DE
:1093C0007047D4D4D4D4D4D447F67010C2F200205D
:1093D0008068C079C0F380107047D4D4D4D4D4D47A
:1093E000B0B5092888BFB0BD0446154600F074FC2E
:1093F000032805D8DFE800F002120A0B03210EE073
:10940000FF2801D1152103E0072101E0B0BD0521AE
:1094100020462A46BDE8B040FFF726B90421204681
:109420002A46BDE8B04000F0CFBCD4D4D4D4D4D4C4
:1094300070B5092888BF70BD044610460E46214607
:109440001546FDF7A1FE204631462A4600F02CFBCA
:10945000022808D3FF2810D0022810D12846214620
:10946000FDF772FE03E028462146FDF7EDFE284693
:109470002146BDE87040FFF72BBA152100E0072117
:1094800020462A46BDE87040FFF7EEB8D4D4D4D4C5
:109490002DE9F04188B0C48C64B1054690F82820CD
:1094A000002606604FF4A970A88407A90120FFF7E1
:1094B000FBFB18B1FF2008B0BDE8F08107985022EF
:1094C000294603F09FFAFBF7D7FB079946F2664857
:1094D000C2F2002805AA0862C4EBC40047F20C617E
:1094E00008F80460C2F2002104AB01EB800602A878
:1094F00006A903AFCDE900703046FCF705FD40B981
:10950000A86C013005D0059818B100213046FCF751
:10951000E3FC07990520FFF78FFB054618B1079973
:109520000120FFF7DDFB0798816C3046FCF7D4FC87
:1095300078B1079A0120082182F84C002046FFF7F5
:1095400093F807990120FFF7CBFBFE2008B0BDE898
:10955000F08118F804000128284603D1002008F8FB
:109560000400FD2008B0BDE8F081D4D4D4D4D4D414
:10957000F0B5486847F67014C2F2002449F2E95584
:10958000D0E900C2C0F20025002AD0F810E0D0E9EE
:10959000023153EA0282C4E900C104F1080149F230
:1095A000A16649F2D16781E80C4004F11401C0F2D0
:1095B0000026C0F2002704F1200CE0C149F26171DD
:1095C000007DC0F2002149F2917249F2C9734BF259
:1095D0005137C0F20022C0F20023C0F2002784F805
:1095E00030008CE88E00F0BD2DE9F04389B0804654
:1095F0000D46D0E90F01CDE907012821404600F0D2
:1096000067F8C02D0DD147F67011C2F20021D1E9E3
:109610000226304612B107205070C86870B102218E
:109620000BE047F67010C2F200208668002E1CBFC7
:1096300002217170C06808B10721417066B198F8C5
:109640002800778800F088FE3478A7421CD94FF0B4
:10965000000910E000BF00BFFEE700BF00BF00BF71
:109660005FFA89F22846414600F092FD28782044AE
:1096700084B2BC4208D2351968780528F0D0042895
:10968000F4D195F80590F1E798F8280069468DF82F
:1096900000000120FFF79CF909B0BDE8F083D4D4A5
:1096A00080B58AB047F6BE110122C2F200210A80BD
:1096B00090F828108DF80410D0E90F10CDE90810AB
:1096C00001A90320FFF784F90AB080BDD4D4D4D413
:1096D0002DE9F0418AB0804690F828000D46FDF74C
:1096E000FBFD282D27D110F0800024D046F25C40ED
:1096F00047F20C61C2F20020C2F20021461C01F1C7
:109700001C050927002400BF284606F8014BFCF77A
:109710000FFC2846FCF7C8FB013F05F11C05F3D1FF
:1097200098F8280047F6C011C2F20021085C012811
:1097300001D1F8F7A5FD47F6BE10C2F2002001885E
:10974000012909D1002198F82820018001A90620CB
:109750008DF80420FFF73CF90AB0BDE8F081D4D4BD
:1097600080B58AB090F8280001A98DF80400042083
:10977000FFF72EF946F2D020C2F200200068D0F8A0
:109780007C1109B1042088470AB080BDD4D4D4D458
:1097900080B58AB090F828108DF80410D0E90F2118
:1097A000CDE90821006A069001A90520FFF710F90C
:1097B00046F2D020C2F200200068D0F87C1109B136
:1097C000052088470AB080BD7047D4D4D4D4D4D4FF
:1097D00010B5CA07044604D12046BDE8104000F089
:1097E00077BB00200021224600F076FA022806DC32
:1097F0000CD200212046BDE81040FDF7C5BC03286F
:109800000CD0FF2818BF10BD07200CE002280FD194
:1098100000212046BDE81040FFF7B2B800212046E5
:10982000FDF75AFC05202146BDE81040FFF798BB24
:1098300010BDD4D4D4D4D4D4CA0718BF704700F014
:109840000BBCD4D4D4D4D4D410B5CA07044604D1A4
:109850002046BDE8104000F02FBC00200021224629
:1098600000F022F9022809D30ED0FF2818BF10BD3E
:1098700007202146BDE81040FFF772BB00212046BB
:10988000BDE81040FDF708BD00212046BDE81040AE
:10989000FFF776B8D4D4D4D4B0B547F6D810C2F216
:1098A000002001884A1C02F0070202804FF070423B
:1098B000EFF3038002EB006048F2F4228015C2F25D
:1098C000002201EB8101155847F6DC12C2F200229A
:1098D000A87802EB0114FEF74BFFAA7840F2511072
:1098E000A084A86A2064686AE06304F1260004F199
:1098F0002C0184F82820FEF7FFFC05202146BDE856
:10990000B040FFF7B5B9D4D491F8281046F2E87208
:109910006423C2F2002211FB0322102101EAD001CC
:1099200000F00F0001440C32012005E000BF00BF31
:1099300001300A320A280AD032F8023C012BF7D152
:10994000138803F01F039942F2D180B27047FF20C1
:1099500080B27047D4D4D4D4092903D8C26B22B1C1
:10996000052909D900221046704705294FF0000249
:10997000F9D8036C002BF6D010B50446FDF7C4FDF2
:109980002046FDF7D5FD10F0100F4FF0010050EA12
:10999000009010BDD4D4D4D480B5FDF7BDF8C0F389
:1099A000C01080BDD4D4D4D4092888BF70472DE915
:1099B000F04381B0044646F2C070C2F20020214656
:1099C00050F8245028466E69FDF72EF846F298703C
:1099D00046F27078C2F20020C2F20028A96840F86E
:1099E00024102846214648F82460FDF7C1FC28468B
:1099F0002146FDF77DFCE86B10B1052C05D944E04C
:109A0000052C42D8286C00283FD028462146FDF777
:109A10007BFD2846FDF78CFD10F0100F95F828000F
:109A20004FF0010151EA01990028284649465FEAB2
:109A30000F96FEF731F846F2CC410746C2F20021FC
:109A400001EBC60121F8104028462146FCF7A8FE8C
:109A500046F2B041C2F2002101EBC60258F82410D0
:109A6000814222F8170002D3B1FBF0F1414346F2E4
:109A7000A0404A46C2F2002000EB061040F8271032
:109A800028462146FDF720FF04E0002120462A4613
:109A9000FFF7CEFC2846214601B0BDE8F043FEF7B3
:109AA0006FBFD4D4D4D4D4D4092801D9FF207047AF
:109AB0002DE9F04F81B0044615460E46084304D008
:109AC000002328462146324603E000222023284670
:109AD0002146FCF7C1FFFF2803D1FF2001B0BDE8FC
:109AE000F08F28462146FCF75BFE8146284621463A
:109AF000FEF702FF46F2707BC2F2002B5BF82410E7
:109B0000494503D9022000904F4615E04FF001026D
:109B10004FF0000771B11FFA81FC002C08BF02272B
:109B2000BCFBF0F303FB10C0002857EA02820F468B
:109B3000009201E00120009028462146FEF7D0FE69
:109B4000804628462146FCF76FFF46F2987ABFB25E
:109B5000C2F2002A384631462B465AF82420FEF736
:109B60003BFD5BF824104AF8240049450ED2002042
:109B70004BF8240028463146FDF73EFA00B2002893
:109B800007D428463146FDF76FFA02E0C81B4BF8B0
:109B9000240028462146FDF7EBFB08F003000128CE
:109BA00003D128462146FEF7EBFE009801B0BDE840
:109BB000F08FD4D4D4D4D4D42DE9F04381B0092883
:109BC00002D901B0BDE8F083044646F2C070C2F28B
:109BD0000020214650F8245028466E69FCF724FFE7
:109BE00046F2707846F29871C2F20028E86BC2F231
:109BF0000021002848F82460A86841F8240002D019
:109C0000052C04D940E0052C3ED8286CE0B328464A
:109C10002146FDF779FC2846FDF78AFC95F82810C7
:109C200000295FEA0F9610F0100F4FF0010050EA84
:109C3000009928464946FDF72FFF46F2CC410746DA
:109C4000C2F2002101EBC60121F81040284621464E
:109C5000FCF7A6FD46F2B04146F2A042C2F2002156
:109C6000C2F2002201EBC60102EB061221F8170036
:109C700058F8240042F82700284621464A4601B0F9
:109C8000BDE8F043FDF718BF002200232846214617
:109C9000FCF78EFE28462146FEF72EFE5EB1B6FB8F
:109CA000F0F101FB1060002851EA0190214682B2D8
:109CB0002846FCF71DFF28462146FEF761FE284690
:109CC0002146FDF741FA2846214601B0BDE8F043A0
:109CD000FEF7FEBDD4D4D4D4092801D9FF207047A3
:109CE0002DE9F04F81B004460E461546002310467C
:109CF00021463246FCF7B0FEFF2803D1FF2001B019
:109D0000BDE8F08F0746284621466FF31F37FEF760
:109D1000F3FD46F27078C2F2002858F82410B942D8
:109D20000AD228462146FCF77FFE58F824904FF0CF
:109D3000030AD7B34F4625E00CD124B9B7FBF0F1A5
:109D400001FB107060B328462146FCF76DFE4FF012
:109D5000000A27E017B14FF0020A07E081462846C3
:109D60002146FCF761FE48464FF0010AB7FBF0F1CF
:109D700001FB1070B0B128462146FCF755FE4FF0AC
:109D8000010AB94646F2987BB8B2C2F2002B3146BE
:109D90002B465BF82420FEF747FC4BF8240008E034
:109DA0004FF0020AB946002FC4D128463146FDF7CC
:109DB00093F91FFA89F058F82410081A48F824007B
:109DC000504601B0BDE8F08F2DE9F041092888BF69
:109DD000BDE8F08104460E4692F8288010462146E0
:109DE0001546FCF721FEE86B18B1052C07D90027B2
:109DF00012E0052C4FF000070ED8286C60B1284601
:109E00002146FDF781FB2846FDF792FB10F0100F6D
:109E10004FF0010050EA009728462146FDF7B4F9BB
:109E200028462146FDF7F0F928462146FDF734FA89
:109E300028462146FCF7ECFD022F0CD0012F17D14C
:109E400001212846FCF778FF0121B8F1000F0AD064
:109E50004FF4006209E002212846FCF76DFF022161
:109E6000B8F1000FF4D14FF480622846FDF71CF8DA
:109E700046F2C077C2F2002757F8240020B346F21A
:109E800070718685C2F2002151F824104161284684
:109E90002146FDF7B9FB57F82430002100224FF08E
:109EA0000008D8855E681846DC84B04757F824104F
:109EB0000120FEF715FF95F8280047F82480214679
:109EC000BDE8F041FEF784BFBDE8F081D4D4D4D41E
:109ED0002DE9F04F81B0834646F27070C2F2002047
:109EE00046F2C0748846051DC2F20024012624E013
:109EF000101A009A00FB02F741F8247028684946BE
:109F000087424FF0040050EA9094584608BF03245B
:109F1000FDF7A6FE304621465A46FFF755FF584644
:109F20004946FDF7D9F846F2C074C2F2002400BFDA
:109F3000013604350A2E00F08B8028FA06F0C0079F
:109F4000F6D058463146FDF713FA54F8260000289B
:109F5000EED0DBF83C0010B1052E06D967E0052EE7
:109F600065D8DBF84000002861D058463146FDF73F
:109F7000CBFA5846FDF7DCFA10F0100F4FF0010055
:109F800050EA009958464946FDF786FD9BF828108F
:109F900046F2B047C2F20027044607EBC10131F890
:109FA0001000494600905846FCF746FF584649467F
:109FB000FEF726F80023584631464A46FCF74CFD8A
:109FC0009BF8281046F2CC42C2F2002246F270738F
:109FD000C2F2002302EBC10207EBC101074632F8CF
:109FE0001420584631F8141053F82220013AB2FBDD
:109FF000F1F101F1010AFEF733F89BF8281046F25F
:10A00000A042C2F200226FF31F3702EB01111FFAC8
:10A010008AF2824241F824707FF670AF002F3FF43D
:10A0200067AFC0431044009A00FB027764E75846CC
:10A030003146FEF775FC0021102804D130465A46FF
:10A04000FFF7F6F974E730465A46FFF7C9F96FE7AC
:10A0500001B0BDE8F08FD4D4F0B581B046F2C0773E
:10A060000C4605460126C2F2002704E000BF00BFEF
:10A0700001360A2E1CD024FA06F0C007F8D057F893
:10A0800026000028F4D028463146FEF759FCB0F5EA
:10A09000404FEDD12846FDF78BF900B20521B0F114
:10A0A000FF3F30462A46C8BF0721FEF7DDFADFE74B
:10A0B00001B0F0BDD4D4D4D42DE9F04381B005462D
:10A0C00046F64C00C2F2002046F2C0780C46871CCF
:10A0D0004FF00109C2F20028012609E006213046AE
:10A0E0002A46FEF7C1FA00BF01360237062E2CD0F1
:10A0F00024FA06F0C007F7D058F826000028F3D05D
:10A1000095F8280000EB800037F820000128EBD0FC
:10A1100028463146FEF7E4FB8007DFD42846314667
:10A12000FDF772FA40040BD495F8280001212A4665
:10A1300000EB800027F820903046FFF745FED3E77C
:10A1400028463146FDF780F8CEE7062607E00121D4
:10A1500030462A46FFF738FE01360A2E13D024FA7D
:10A1600006F0C007F8D058F826000028F4D028469A
:10A170003146FEF7B5FB8007E9D5062130462A4671
:10A18000FEF772FAE8E701B0BDE8F083D4D4D4D486
:10A190002DE9F04F81B04378052B04D1C37803F04B
:10A1A0000303022B04D20025E8B201B0BDE8F08F12
:10A1B000032B31D1022A4FF00005F5D190F902208E
:10A1C000B2F1FF3FF0DC91F8282046F2E8736427F3
:10A1D000C2F2002312FB073748F21003062407F1EE
:10A1E0003C0647F65E47C2F2002704E000BF00BF0E
:10A1F00001340A2C6AD036F80A5B002DF8D1BD5C18
:10A20000002DF5D1BC5446F25A7691F82820C2F2BE
:10A210000026BF5CF77061E090F90230B3F1FF3FB8
:10A2200028DD0A2ABFD191F8282046F2E873642776
:10A23000C2F2002312FB0733012403F10A0747F699
:10A240005D43C2F2002302E00134062C40D037F80F
:10A250000A6B002EF8D19E5C002EF5D19C5446F27C
:10A260005A7791F82820C2F200279B5C3B704FF48C
:10A27000854333E00A2A96D191F8282046F2E87304
:10A280006427C2F2002312FB0733012403F10A07FB
:10A2900047F65C43C2F2002305E000BF00BF00BFE9
:10A2A0000134062C17D037F80A6B002EF8D19E5CCB
:10A2B000002EF5D19C5446F25A7791F82820C2F22C
:10A2C00000279B5C7B7044F2102307E00A2405E022
:10A2D0004FF4854301E044F210230624E6B246F22F
:10A2E000E8784FF0640AC2F2002812FB0A82B50037
:10A2F00055FA84F532F815200025012A3FF454AFB1
:10A300008278B0F804B047F20C604FF2631C02F0A0
:10A310000F02C2F20020C0F2002C0F4643EA0209ED
:10A320001C23C6EBC602614600EB82000022FBF74D
:10A330005BFD97F8280006EB8601012310FB0A80DD
:10A3400000EB410220F8113015812546A2F8029059
:10A35000A2F806B028E7D4D480B546F2E8716422AA
:10A36000C2F2002110FB02114FF0090E0022F64646
:10A370000A3106E000BF00BF0A31BEF1010E00D174
:10A3800006E00B88012BF7D10A60C1F80620F3E73D
:10A3900047F65C410022C2F2002147F65E43C2F25A
:10A3A00000230A5447F65D41C2F200211A540A54B0
:10A3B00080BDD4D4D4D4D4D42DE9F04146F2E87190
:10A3C0000446C2F20021012501F10A064FF064089B
:10A3D0000AE000BF00BF00BF20462946FCF7F8F99D
:10A3E00001350A360A2D32D094F8280000FB08F017
:10A3F000305A0128F4D100212046FCF729FCAFB2E5
:10A4000000F00F00B84205D10021002200232046B1
:10A41000FCF7CEFA01212046FCF71AFC00F00F00F1
:10A42000B84205D10021012200232046FCF7C0FAE2
:10A4300002212046FCF70CFC00F00F00B842CBD103
:10A440000021022200232046FCF7B2FAC4E7BDE84F
:10A45000F081D4D4D4D4D4D4F0B581B046F2E8712C
:10A460000446C2F20021012501F10A06642703E037
:10A4700001350A360A2D0AD094F828007843305A5C
:10A480000128F5D120462946FCF71EFAF0E701B075
:10A49000F0BDD4D4D4D4D4D4B0B5044600F0F8F888
:10A4A000FEF7CAFE2046FEF783FA0146402807D091
:10A4B000C02903D080290BD1012002E0022000E056
:10A4C000002046F2D022C2F200221268C2F85801DF
:10A4D00047F67015C2F200256B6923B100222046B1
:10A4E0009847FBF759FE00212046FCF7C1FF28687A
:10A4F000C1792046BDE8B040FCF7E6BFD4D4D4D43F
:10A5000010B504460A20FDF793FE94F82800BDE834
:10A510001040FEF75DB9D4D42DE9F047804690F89D
:10A520002800FEF761F947F224700021C2F20020F2
:10A530004FF001094FF0640A0126018047F22670AE
:10A54000C2F20020018047F20C60C2F2002000F14C
:10A550001C0546F25C40C2F20020471C46F2E8703F
:10A56000C2F2002000F10A040AE000BF00BF00BFF1
:10A5700001360A340A2E05F11C0507F1010718D02F
:10A5800098F8280000FB0AF0205A0128F0D1082191
:10A5900030464246FEF768F840463146FCF794F9EB
:10A5A000284687F80090FBF7C3FC2846FBF77CFCA5
:10A5B000DEE747F67010C2F20020C369002B08BF27
:10A5C000BDE8F0871E2100224046BDE8F04718474D
:10A5D000B0B5044690F82800FEF71EF994F828005C
:10A5E000FCF77AFE05462046FCF7AEFA94F82810F0
:10A5F0006A061AD500F00300012816D10846FEF7B6
:10A60000DFF800F049F847F67010C2F20020036A44
:10A61000002B08BFB0BD47F226700022C2F2002016
:10A6200001882046BDE8B04018470846FEF70CF9FF
:10A6300094F82800BDE8B040FEF7FAB8D4D4D4D4DA
:10A64000FDF7C6BFD4D4D4D470B5044600BF00BF54
:10A650002046FCF741FE05460A20FDF7E5FD2046B1
:10A66000FCF73AFE06460A20FDF7DEFD2046FCF721
:10A6700033FE06F0800205F080019142E8D100F03F
:10A6800080008242E4D14020002908BF432070BDF1
:10A690007047D4D4D4D4D4D47047D4D4D4D4D4D45C
:10A6A000B0B546F2D0214578C2F20021F422012D46
:10A6B000D1F800C04FF0F00108BFEC225CF802E0D6
:10A6C00008BFE821BEF1000F24D05CF8013003EB95
:10A6D0000E0106E000BF00BF93601A7813448B425E
:10A6E00018D25A78072AF8D8DFE802F005090504DD
:10A6F00004040C0FF1E7012D4268EDD108E0426837
:10A700001360EAE74268D360E7E7012D4268E3D0CF
:10A710005360E2E7022D13D1DCF8E81081B1DCF8D8
:10A72000EC206AB10A4400BF4B78072B18BF002BFE
:10A7300004D00B7819449142F6D301E0426851608D
:10A7400047F6604EDCF80011C2F2002E002918BF57
:10A75000CEF80010DCF8F8209AB1BCF8FC1081B1FA
:10A7600002EB010C002300BF91784EF82120D17834
:10A7700011440A1D1946624503F10103F4D3023165
:10A7800000E001214068C0F810E00175B0BDD4D4EC
:10A790002DE9F04F8DB0804647F62A108946C2F267
:10A7A0000020402102F02AF947F22C704FF4FF718B
:10A7B000C2F2002002F022F947F6C2100021C2F2D4
:10A7C000002047F6B812C2F20022018047F6C410FA
:10A7D000C2F200201160018047F6C610C2F20020CC
:10A7E000018047F6C810C2F20020018047F6CA1067
:10A7F000C2F20020018047F6CC10C2F20020018096
:10A8000047F6CE10C2F20020018047F6BE10C2F219
:10A810000020018047F6D010C2F2002041600160A4
:10A8200047F670103421C2F2002002F0E7F846F239
:10A8300098702821C2F2002002F0E0F846F2707011
:10A840002821C2F2002002F0D9F84FF00A0E47F694
:10A850001060C2F2002006300E2100BF00BF00BF12
:10A8600000F8241B0FF005C047F6A4104FF0000BB2
:10A87000C2F200202821C0F810B0C0F80CB0C0F817
:10A8800008B0C0F804B0C0F800B046F2C070C2F220
:10A89000002002F0B3F847F2267147F22470C2F2AA
:10A8A0000021C2F200200DF1040AA1F800B04946CF
:10A8B000A0F800B05046FCC9FCC091E8FC00FCC008
:10A8C00047F6E040C2F2002002905046FFF7E8FE53
:10A8D00040465146FEF74CFE99F8020047F6C0117B
:10A8E000C2F2002101F800B00DB0BDE8F08FD4D461
:10A8F000F0B581B047F6C4116FF0FF02C2F200213B
:10A900000023497802EB012147F6CE124FEA71216C
:10A91000C2F20022052913802AD004293ED147F62D
:10A92000C61647F22475C2F20026C2F2002504467C
:10A9300031882F880846FEF797FC3088B8422DD022
:10A9400047F67010C2F2002083693BB329880022C9
:10A950002046984794F8281047F6C012C2F2002209
:10A9600028880123535401B0BDE8F040F7F778BBC5
:10A9700047F67011C2F200218B6A7BB147F6C8110D
:10A9800047F22C72C2F20021C2F20022098832F88A
:10A990001110002201B0BDE8F040184701B0F0BD31
:10A9A0002DE9F04381B047F6C411C2F200210988B5
:10A9B00021F0FF024FEA7222062A00F2B881DFE896
:10A9C00012F00700B601B601400077009B00B60107
:10A9D00047F6C612C2F200221288002A40F0A78170
:10A9E00047F6CA12C2F200221288022A40F09F8162
:10A9F00047F6F84501F01F01C2F2002502294FF089
:10AA000000022A8000F0DE80012900F0CB800029BE
:10AA100040F08D8147F6C811C2F200210988002953
:10AA200040F085810446FEF7CFFC47F2267128707E
:10AA3000C2F200210988012940F0E58040F00200BF
:10AA4000E0E001F01F02012A00F08180002A40F0BE
:10AA50006E8147F6C6114FF0FF32C2F2002109881D
:10AA600002EB1122072A00F26281CDB2DFE812F078
:10AA70000800D60010015F015F015101EC005F0189
:10AA800047F6C811C2F200210988294340F04F81DE
:10AA9000024647F67010C2F2002047F6CA13C2F20F
:10AAA000002301681B880878834238BF1846B0E04D
:10AAB000C90640F03C8147F6C611C2F20021098860
:10AAC000002901BF47F6C811C2F2002109880029F8
:10AAD00040F02D8147F6CA11C2F2002109880129F0
:10AAE00040F0258147F22471C2F200210B7847F62D
:10AAF000FA51C2F2002126E001F01F01012940F0C5
:10AB0000168147F6C611C2F200210988002940F0DB
:10AB10000E8147F6CA11C2F200210988012940F0CE
:10AB2000068147F6C811C2F200210988FE2900F209
:10AB3000FE8047F22C72C2F2002212F8113047F662
:10AB4000FC51C2F20021024601200B7061E047F681
:10AB5000D01247F6C613C2F20022C2F2002347F613
:10AB6000CA171180198847F67013518047F6C8112B
:10AB7000C2F20023C2F20021C2F20027DB6A098878
:10AB80003F889180D78053B147F6D0170021C2F299
:10AB900000270246384601B0BDE8F043184701B02F
:10ABA000BDE8F0830446FDF7C7FC012840F0BE80F5
:10ABB00047F6C810C2F200200588FEF779FB8542EF
:10ABC00021D3B3E047F6C8160446C2F20026318806
:10ABD000090710D0FDF7B0FC012840F0A7803088AD
:10ABE0002146FEF791FEFF2800F0A0800146204696
:10ABF000FDF776FE03E090F82800FCF779FC80076B
:10AC000001D50120287047F6F8410220C2F2002148
:10AC1000224601B0BDE8F043FEF73AB947F6C81145
:10AC2000C2F200210988294340F081800446FDF7E3
:10AC3000BFFE47F67011C028C2F2002101F10802E0
:10AC400008BF01F10C0219E00446FEF7A5FE012839
:10AC500001BF47F6C810C2F20020008850EA050084
:10AC600064D12046FDF7A4FE47F67011C028C2F259
:10AC7000002101F10C0208BF01F1080247F6CA10D9
:10AC80001168C2F200204A8800888242C0D861E080
:10AC900047F67011C2F2002191F83020954246D259
:10ACA00047F6FA490969C2F200290322002D89F802
:10ACB000012051F825304FD047F6CA1193F8038090
:10ACC000C2F200214FF0020C09880CEB4807FAB2DF
:10ACD0008E1E914206EBD67138BF4FEA61081FFA0B
:10ACE00088F289F800707AB1102A4FF000043DD242
:10ACF00000210D4601355F1809EB4106E9B23F79A5
:10AD00008A42B770F470F5D802460CEB480080B266
:10AD10005DE00446FEF740FE012801BF47F6C8107B
:10AD2000C2F20020008850EA050005D0204601B09C
:10AD3000BDE8F043FDF74CBC47F6701047F6CA1269
:10AD4000C2F20020C2F200224168128808788242D2
:10AD5000BFF45EAF10465BE7024647F6CA10C2F288
:10AD600000200088022829D1022028E0571EF9433C
:10AD700009064FF00001BCD0FF2FBAD809F1020636
:10AD80001F1DB918B14203D906EB42018F42AFD360
:10AD90004FF6F071012501EA080180EF5020A1F182
:10ADA000100E05EB1E1EB7EC101E86FC001EA6FC46
:10ADB000201E0FF009C08A429BD1A5E7042089F824
:10ADC0000000197889F80210597889F8031047F6BD
:10ADD000FA41C2F200211CE7FDF7FABBD4D4D4D467
:10ADE0002DE9F04389B047F6C4160446C2F20026A6
:10ADF000318821F0FF02A2F580724FEA7222052A03
:10AE000000F2F580DFE802F0035335F385CF47F613
:10AE1000CA10C2F200200088002840F0E88001F04B
:10AE20001F00022800F01F81012800F0E0800028A8
:10AE300040F0DD8047F6C61547F6C817C2F2002578
:10AE4000C2F200272888012840F03981388800287C
:10AE500040F03581FEF7A4FA012840F0308147F236
:10AE600026700021C2F2002001802046FDF788FDF7
:10AE700028E1C80640F0BB8047F6CA1047F6C81163
:10AE8000C2F20020C2F200210088098880B2084383
:10AE900040F0AD8047F6C610C2F2002000887F283F
:10AEA00000F2A58000212046FDF76AFDA2E047F6EA
:10AEB000CA10C2F200200088002840F0988001F0FB
:10AEC0001F00022800F0E480012800F05A810028C9
:10AED00040F0578147F6C610C2F2002000880228D1
:10AEE00000F03081012840F05D8147F6C810C2F2C1
:10AEF00000200088002840F04481FEF751FA012824
:10AF000040F03F8147F226700121C2F2002001800B
:10AF100032E1C8066BD147F6701047F6C615C2F28B
:10AF20000020C2F2002580682988407900295FEA64
:10AF30000F9281425FEA0F90024258D147F6C81043
:10AF4000C2F200200088002851D147F6CA10C2F290
:10AF50000020008800284AD100212046FDF710FD7E
:10AF60002888002846D047F22471C2F200210988BF
:10AF700088423FD0FEF788F9FEF79AF960B105469E
:10AF8000002700BF00BF00BFB8B20021FEF7BCF928
:10AF90000137B8B2A842F7D32046FFF75DFA204642
:10AFA000FFF70AFA26E02046FDF7C6FA01281ED16F
:10AFB000308800F01F00012819D147F6C815C2F2E9
:10AFC00000252F88FEF774F9874210D847F6CA107B
:10AFD000C2F20020008850B947F6C6182888C2F28D
:10AFE0000028B8F80070FEF76BF9874270D9204648
:10AFF000FDF7EEFA47F6CE15C2F2002528880128A3
:10B000002AD147F6C6113088C2F20021ADF80C00F3
:10B0100000260296088847F6CA11ADF80E0047F6DA
:10B02000C810C2F20020C2F20021ADF8046000880E
:10B03000ADF810000888ADF8120094208DF80300D8
:10B0400094F828008DF80000F9F716FE059069467F
:10B050000820FDF7BDFC2E8000202146FDF780FF73
:10B0600009B0BDE8F08347F6C61747F6C818C2F224
:10B070000027C2F200283888002846D02046FDF775
:10B08000A7FA30883988B8F80020F6F7B1FFB1E7A1
:10B0900047F6C610C2F200200088002871D147F69A
:10B0A000C810C2F200200088010765D02146FEF7D3
:10B0B0002BFCFF2865D02146FDF782FA5CE0204694
:10B0C000FDF786FA308829883A88F6F791FF91E7EC
:10B0D000288847F22C77C2F2002798F8001027F84A
:10B0E000101000212046FDF74BFCFEF7CDF8288814
:10B0F00037F81010FEF708F92046FFF75DF92888A9
:10B10000B8F80010F6F708FE74E7B8F80000010779
:10B110004CD02146FEF7F8FBFF28AFD0054620466D
:10B120002946FDF7DDFB012849D120462946FBF7DA
:10B130007BFC20462946FCF7E3FA20462946FDF72A
:10B140001FFC44E02046FDF733FCC02819D147F628
:10B15000C810C2F20020008800F5804109B2002921
:10B160000FD447F2287147F6C213C2F20021C2F28F
:10B17000002301220A80188000212046FDF700FCF0
:10B1800002E02046FDF724FA47F6C61147F6C8123A
:10B19000C2F20021C2F20022308809881288F7F733
:10B1A000B3FA27E72046FFF74BFAEDE700212046E8
:10B1B000FDF7EEFB00212046FDF7E2FB61E72046AC
:10B1C0002946FDF7E5FB20462946FCF799FA0021C0
:10B1D00020464FF00009FDF7D3FB47F6A410C2F25A
:10B1E000002030F8151001297FF44BAF47F6B81155
:10B1F00020F81590C2F20021002220460B680021A1
:10B2000098473EE7D4D4D4D470B58AB047F6C41575
:10B210000446C2F20025697809024FEA7121062925
:10B2200041D8DFE801F00440400404040400002198
:10B230002046FDF7A5FB47F6CE16C2F20026308861
:10B2400001282AD147F6C6112888C2F20021ADF89C
:10B25000100000250395088847F6CA11ADF81200C2
:10B2600047F6C810C2F20020C2F20021ADF8085023
:10B270000088ADF814000888ADF8160094208DF809
:10B28000070094F828008DF80400F9F7F5FC069003
:10B2900001A90820FDF79CFB358000202146FDF721
:10B2A0005FFE0AB070BD2046FDF792F9C3E7D4D423
:10B2B00070B58AB047F6C4164FF4E062C2F20026B9
:10B2C00004467178B2EB012F04D100212046FDF72E
:10B2D00057FB02E02046FDF77BF947F6CE15C2F298
:10B2E0000025288801282AD147F6C6113088C2F2E5
:10B2F0000021ADF8100000260396088847F6CA1111
:10B30000ADF8120047F6C810C2F20020C2F20021C8
:10B31000ADF808600088ADF814000888ADF8160094
:10B3200094208DF8070094F828008DF80400F9F7B0
:10B33000A3FC069001A90820FDF74AFB2E800020FF
:10B340002146FDF70DFE0AB070BDD4D4D4D4D4D4B8
:10B35000038803F06003402B1CBF202B7047062995
:10B3600008D8DFE801F01D040B04292C0700114662
:10B3700000F02AB807201146FDF7F2BDB0B5002154
:10B38000104600251446FDF7FBFA47F6CE110020C3
:10B39000C2F200210D802146BDE8B040FDF7E0BDBE
:10B3A00047F6CC1047F6CE12C2F20020C2F20022BD
:10B3B0000021018011807047114600F0B5B8114698
:10B3C00000F066B8D4D4D4D42DE9F04194B004464A
:10B3D000008802060DD447F6CC1091F82810C2F26E
:10B3E00000208DF82810008801283DD100BF00BF43
:10B3F000FEE700F06001402918BF202944D146F241
:10B40000D02746F270780026C2F20027C2F2002848
:10B410006D460421009100BF00F01F0101291FD1DA
:10B4200021798E421CD1396801EB8602D2F81821AD
:10B43000B2B1000A81F8AD006088D8F80030A1F8F8
:10B44000AE000892E088A1F8B200C01A0867516CFB
:10B4500028468847C0B10E2E16D820880136DBE773
:10B460000E2E11D80136D7E746F2D02047F6CE127D
:10B47000C2F20020C2F2002201230168E08813809A
:10B480006A46496EFDF740FD14B0BDE8F081D4D4A2
:10B490002DE9F0418CB00D46044600212846FDF709
:10B4A0006FFA00202946FDF75BFD208800F060015F
:10B4B000402918BF202933D146F2D02746F27078B0
:10B4C0000026C2F20027C2F2002801AD042101913A
:10B4D00000F01F0101291FD121798E421CD139684A
:10B4E00001EB8602D2F81821B2B1000A81F8AD0052
:10B4F0006088D8F80030A1F8AE000992E088A1F881
:10B50000B200C01A0867516C2846884740B10E2E19
:10B5100006D820880136DBE70E2E01D80136D7E7A2
:10B520000CB0BDE8F081D4D42DE9F0418CB00D46CB
:10B530000446002128460026FDF722FA47F6CE10E1
:10B540002946C2F2002006800020FDF709FD208870
:10B5500000F06001402918BF202935D146F2D027DC
:10B5600046F270780026C2F20027C2F2002801AD30
:10B570000421019100BF00BF00F01F0101291FD16C
:10B5800021798E421CD1396801EB8602D2F818214C
:10B59000B2B1000A81F8AD006088D8F80030A1F897
:10B5A000AE000992E088A1F8B200C01A0867516C99
:10B5B0002846884740B10E2E06D820880136DBE7A2
:10B5C0000E2E01D80136D7E70CB0BDE8F081D4D4F7
:10B5D000F0B581B00D46044647F60062C978A878F8
:10B5E000C2F2002248F6B12301F07F01E170296A1E
:10B5F000C0F20023A16142F8203047F60C66D5E97D
:10B600000912226247F60462C2F20026C2F2002248
:10B610002070335CE16142F8201047F60861C2F205
:10B620000021012BAA6A41F8202003D140F2DD500D
:10B6300001B0F0BDE16911B107C912689047216AF4
:10B6400011B107C9126890472878012807D02078DF
:10B6500047F6FE51C2F20021022221F810202846AE
:10B66000FDF72AFA18B140F2DC5001B0F0BD47F600
:10B6700010604FF4B471C2F2002001F0BFF92078DD
:10B6800001210027315447F67876C2F200264FF4A4
:10B69000487146F8207047F67C70C2F2002001F035
:10B6A000ADF929783846012903D02078FCF7E4FC6D
:10B6B00008B101B0F0BD20462946FFF769F82078AF
:10B6C0002946FCF70DFD2078FDF7E2F80020C4F2D2
:10B6D0002500FAF751FD2078FEF7B6FF402805D186
:10B6E0000A20FCF7A5FD2078FDF772F828780128DC
:10B6F0000CD0207856F8201041F0010146F82010B7
:10B7000056F8201041F0020146F82010002001B048
:10B71000F0BDD4D4D4D4D4D480B545F25422C5F2EB
:10B720004F020260084600F003F8002080BDD4D428
:10B7300070B5044600F064F848F2F02CEFF3108185
:10B74000C2F2002C012080F31088DCF8000038B928
:10B7500040F614500022C4F24000027040220270F1
:10B76000DCF800000130CCF8000081F3108820885C
:10B7700030B340F6000E0021C4F2400E08E000BFD6
:10B780000EEB8010013140F822302088814217D220
:10B79000606800EBC10250F831309288D8034FEA5C
:10B7A0001220D2B2ECD50EEB801555F8226026F4AB
:10B7B000803645F8226023F4803645F82260DFE7C2
:10B7C0000120EFF3108180F31088DCF8000020B135
:10B7D000DCF800000138CCF80000DCF8000010B103
:10B7E00081F3108870BD40F614500022C4F240006E
:10B7F00002708022027081F3108870BDD4D4D4D43A
:10B800002DE9F04F81B004460088002862D04EF642
:10B810004C4B0025C4F2010B4FF0010A04E000BFBD
:10B8200020880135854255D242F2400640F28C080C
:10B830000027C4F22006C0F201280AE000BF00BFC2
:10B840003070C820012100F09FFE01370236032F1F
:10B85000E6D0606838F8021B00EBC50082888A4297
:10B86000F3D100689BF8001000F0B8500AFA07F90D
:10B87000B0F1807F09EA010016D158B9012000F02B
:10B8800037FF9BF8000040EA09008BF80000012018
:10B8900000F002FF96F900000028D6D4307840F07E
:10B8A0008000CDE700BF00BF58B1012000F020FFAD
:10B8B0009BF8000020EA09008BF80000012000F04E
:10B8C000EBFE96F90000B0F1FF3FBEDC307800F0EF
:10B8D0007F00B5E701B0BDE8F08FD4D4D4D4D4D480
:10B8E0002DE9F04381B00D46496804464AF200064E
:10B8F0000A78C4F2000645604FF00008C4F81080D2
:10B900004FF0010906EB8210A060C868E06048694A
:10B91000606143F20000EFF31087C4F2200089F366
:10B920001088016821F48001016000681E20012157
:10B9300000F02AFE87F3108886F8009886F81088B1
:10B940002046296800F0CCF844F243110020C4F2EC
:10B950004D41216001B0BDE8F083D4D4D4D4D4D417
:10B9600010B5044600F0BCF8BFF34F8FA16800206B
:10B9700001220A7710BDD4D480B582B00191009223
:10B9800041684CF2802CC4F2000C4FF0000E496864
:10B990000A784CF822E0826882F81CE00A7849892B
:10B9A0004CF82210816881F81DE0019911B10199CC
:10B9B00082681160009911B10099826851608168B4
:10B9C0000A8AB2F5804F4FF00C0238BF08228B5024
:10B9D0000122BFF34F8F816800200A7702B080BD3B
:10B9E000BFF34F8F8168002001220A777047D4D4BB
:10B9F00041684CF2802CC4F2000C002349680A789C
:10BA00004CF82230826813770A7849894CF8221062
:10BA1000816800204B777047BFF34F8F8268090120
:10BA200000200131517770478168002000224A7759
:10BA30007047D4D4D4D4D4D480684FF480628A6060
:10BA40004FF480320A60028AC3684B60002380682A
:10BA5000B3EB923F80B2C86002D14FF6FF708860AE
:10BA600000207047D4D4D4D4014640684CF2802CD6
:10BA700000224068C4F2000C03784CF823208B6845
:10BA80001A77C368EBB1B0B590F901304EF280156A
:10BA9000CEF200054FF0010E03F01F0C5B090EFA09
:10BAA0000CF445F8234048F2F423BFF34F8FBFF363
:10BAB0006F8F90F90100C2F2002343F82020BDE807
:10BAC000B04000200A60704706207047D4D4D4D418
:10BAD00003460020D9605A617047D4D4D4D4D4D45A
:10BAE0002DE9F04F42684CF28025C4F20005002792
:10BAF00052684CF2C008137845F8237083681F77AA
:10BB00001378568945F823604FF4404683684FF018
:10BB1000FF355F774FF440730F68B1F80EB003EA5A
:10BB2000175306EA174605EB977503EB060C022D33
:10BB30000ED84BEA0B46B1F80CE0022D26F0FC2B98
:10BB40000AD04FF4805505EA17254CEA050C03E0AE
:10BB50004CF4005C4FF0000EC568538908EA173AB0
:10BB6000DDB14FF01C08BC0258BF4FF01008BD0FEC
:10BB700092F901709678D9464EF2001B022D88BFCB
:10BB80004FF01008002FCEF2000B4FEA061607D434
:10BB90000BEB070585F800630CE04FF000082DE083
:10BBA00074464EF6145E07F00F05CEF2000E05F84F
:10BBB0000E60A64648F2F4264CF28024C2F200261B
:10BBC000C4F2000404EB8705012446F82700D5F8E9
:10BBD000806026F48036C5F88060D5F880607E09E4
:10BBE00007F01F07BFF35F8F0BEB860504FA07F71B
:10BBF000C5F880714BF82670CB460F68BE0F022E39
:10BC00000AD98D8907F04064CE89B4F1806F07D1DD
:10BC10004AF4005AA94605E085680026002715E089
:10BC2000B2F8089007F44027B7F5802F08BF012627
:10BC300006FB05F74C68856849EA094608BF4AF0E3
:10BC4000200AC7EA07472C628C686C62AE62002B40
:10BC50008668F7628768A7F814A0876818BF4CF059
:10BC6000010CA7F810C04B6887683B60896883683F
:10BC700059608168C1F808B08168C1F80CE081683A
:10BC800052688A61806880F81380BDE8F08FD4D450
:10BC900010B582B04FF07041EFF3038001EB00600C
:10BCA0004CF200318015C4F20001425822F4803277
:10BCB000425048F2F4224158C2F200221458E1687E
:10BCC0006069019001A88847A068C06820B1BFF3EF
:10BCD0004F8FA0680121017702B010BDD4D4D4D415
:10BCE0004EF22401C4F201018878098801F00F02A4
:10BCF000A2F1080103293BD8DFE801F0022C101E55
:10BD000040F20061C2F2002151F820004AF6AB2156
:10BD1000CAF6AA21A0FB0101480830E040F2006108
:10BD2000C2F2002151F820004AF6AB21CAF6AA213E
:10BD3000A0FB0101C80822E040F20061C2F200212C
:10BD400051F820004AF6AB21CAF6AA21A0FB010156
:10BD5000080914E040F20061C2F2002151F820000D
:10BD60004AF6AB21CAF6AA21A0FB0101880806E029
:10BD700040F20061C2F2002151F82000D04048F2A8
:10BD80001831C2F2002108607047D4D4D4D4D4D47E
:10BD90002DE9F04782B00FF228604EF2FA3840F2F7
:10BDA0000066C4F201084AF2015190ED001FC2F290
:10BDB00000260FF21C60CFF6FF714EF255050231DE
:10BDC000A8F8001086ED001F06F12003C4F201055B
:10BDD00090ED001F48F2004040F60001C1F2D7701C
:10BDE00043F6000286ED041FC2F6AF71C1F69C4215
:10BDF00007C315F82F0C35F8311C01F00F02A2F122
:10BE0000080103292BD8DFE801F002200C164AF6BE
:10BE1000AB2156F82000CAF6AA21A0FB0101480870
:10BE200020E04AF6AB2156F82000CAF6AA21A0FB72
:10BE30000101C80816E04AF6AB2156F82000CAF600
:10BE4000AA21A0FB010108090CE04AF6AB2156F833
:10BE50002000CAF6AA21A0FB0101880802E056F8DA
:10BE60002000D04048F2183A4AF20159C2F2002AA2
:10BE70000A21CAF800004EF65020C4F201000170F9
:10BE8000092185F84D10012180F8B011002005F836
:10BE90001F0C05F8230C00BF15F8190C0007FBD583
:10BEA00042F602314EF61450C0F20101C5F873108B
:10BEB00040F2234125F8071C002205F80B2C4FF611
:10BEC0000211C5F8571040F2514125F8091CCEF275
:10BED00000004EF20001BFF34F8FBFF36F8F036876
:10BEE000CEF2010123F400330360C0F83C22BFF31B
:10BEF0004F8FBFF36F8F0A6822F440520A60BFF37E
:10BF00004F8FBFF36F8F15F8412C02F0F80201320A
:10BF100005F8412C00BF00BF15F8412CD206FBD418
:10BF20000A6842F440520A60BFF34F8FBFF36F8F2D
:10BF30000168890312D4BFF34F8FBFF36F8F0021C5
:10BF4000C0F83C12BFF34F8FBFF36F8F016841F40D
:10BF500000310160BFF34F8FBFF36F8F002005F8F2
:10BF60002B0C00BF00BF00BF15F8190C8006FBD5D5
:10BF70004CF200070020C4F2130738703878387884
:10BF800038787868FA2807D0FA20C1F6006000BF38
:10BF900078607968FA29FBD1B8687D2808D07D20BF
:10BFA000CEF2001000BF00BFB860B9687D29FBD198
:10BFB00043F23240C3F2232045F8350C42F22020F0
:10BFC00025F8310C052005F82F0C15F82F0C35F845
:10BFD000311C01F00F02A2F1080103292BD8DFE880
:10BFE00001F002200C164AF6AB2156F82000CAF6E2
:10BFF000AA21A0FB0101480820E04AF6AB2156F82F
:10C000002000CAF6AA21A0FB0101C80816E04AF6E2
:10C01000AB2156F82000CAF6AA21A0FB01010809AD
:10C020000CE04AF6AB2156F82000CAF6AA21A0FB84
:10C030000101880802E056F82000D040CAF800004C
:10C040001E200121012400F09FFA78686FF39F20E1
:10C05000652828BF3C7015F82F0C35F8311C01F00D
:10C060000F02A2F1080103292BD8DFE801F002201A
:10C070000C164AF6AB2156F82000CAF6AA21A0FBFE
:10C080000101480820E04AF6AB2156F82000CAF624
:10C09000AA21A0FB0101C80816E04AF6AB2156F818
:10C0A0002000CAF6AA21A0FB010108090CE04AF60B
:10C0B000AB2156F82000CAF6AA21A0FB010188088E
:10C0C00002E056F82000D04042F20001CAF8000019
:10C0D000C4F200010120A1F80090BFF35F8F087245
:10C0E0004FF42540BFF35F8F088095F8850040F03E
:10C0F000400085F8850000BF95F98500B0F1FF3F4D
:10C10000FADC032085F87F00C92085F8850095F8C2
:10C11000850000F0BF0085F8850000BF00BF00BFAC
:10C1200095F985000028FBD4012005F8020C0020B9
:10C1300005F8170C802005F8170CE87F40F0400048
:10C14000E87700BF00BF00BF95F91F00B0F1FF3FC7
:10C15000FADC0720E8754A20E8770A20E87700BF74
:10C1600095F91F000028FBD40720ADF806000DF15B
:10C17000060000F035F995F8210040F0400085F800
:10C18000210000BF00BF00BF95F92100B0F1FF3FC3
:10C19000FADC03206876CA2085F8210095F8210092
:10C1A00000F0BF0085F8210095F921000028FBD49C
:10C1B000287840F04000287095F90000B0F1FF3F6A
:10C1C000FADC022005F8010CCA202870287800F05B
:10C1D000BF00287000BF00BF95F900000028FBD405
:10C1E000A87840F04000A87095F90200B0F1FF3F38
:10C1F000FADC00206870C720A870A87800F0BF00A3
:10C20000A87000BF00BF00BF95F902000028FBD452
:10C21000287A40F04000287295F90800B0F1FF3FFD
:10C22000FADC0120E871C6202872287A00F0BF00ED
:10C23000287200BF00BF00BF95F908000028FBD49A
:10C2400095F8230040F0400085F8230000BF00BFB0
:10C2500095F92300B0F1FF3FFADC0220E876C9200F
:10C2600085F8230095F8230000F0BF0085F823002F
:10C2700095F923000028FBD4A87940F04000A8716C
:10C2800095F90600B0F1FF3FFADC02206871CA2080
:10C29000A871A87900F0BF00A87100BF00BF00BF5F
:10C2A00095F906000028FBD495F8860040F0400080
:10C2B00085F8860000BF00BF95F98600B0F1FF3F0A
:10C2C000FADC022085F88000C52085F8860095F804
:10C2D000860000F0BF0085F8860000BF00BF00BFE9
:10C2E00095F986000028FBD495F8870040F04000BF
:10C2F00085F8870000BF00BF95F98700B0F1FF3FC8
:10C30000FADC012085F88100C52085F8870095F8C2
:10C31000870000F0BF0085F8870000BF00BF00BFA6
:10C3200095F987000028FBD495F8890040F040007B
:10C3300085F8890000BF00BF95F98900B0F1FF3F83
:10C34000FADC092085F88300C92085F8890095F872
:10C35000890000F0BF0085F8890000BF00BF00BF62
:10C3600095F989000028FBD495F8880040F040003A
:10C3700085F8880000BF00BF95F98800B0F1FF3F45
:10C38000FADC042085F88200C92085F8880095F839
:10C39000880000F0BF0085F8880000BF00BF00BF24
:10C3A00095F988000028FBD44FF42540A8F8000038
:10C3B00002B0BDE8F08700BF00BF00BF00BF00BFF4
:10C3C000006CDC0200127A000080000000366E0172
:10C3D0000000000000CA9A3B0046C3235543DE1309
:10C3E0002DE9F04F81B04EF2FA3143F20406C4F267
:10C3F00001018246C4F220064AF20350B1F80090CF
:10C4000008804FF0010B00254FF4803401270020F5
:10C4100008E000BF00BF00BFF8074FF001004FF079
:10C42000000716D004FA00F132680A42F4D1EFF3A3
:10C4300010888BF3108832680BFA00F011433160DA
:10C44000316805431E20012100F09EF888F3108812
:10C45000E2E74EF2750740F20061C4F20107C2F252
:10C460000021387800F00F0051F8200017F8081C60
:10C4700001F00F01022901D801220BE0CA1E052A92
:10C4800006D240F20C31C0F2012151F8221003E033
:10C490000839102202FA01F1B0FBF1F04DF6836188
:10C4A000C4F21B31A0FB01016FF0010000EA514012
:10C4B000012100F069F8387840F04000387000BF82
:10C4C00097F90000B0F1FF3FFADC9AF8010007F895
:10C4D000080C9AF8000040F0400038709AF800000C
:10C4E000387000BF00BF00BF97F900000028FBD4E0
:10C4F00000204FF0010A4FF48038012406E000BF0D
:10C50000E0074FF001004FF0000415D025FA00F1CC
:10C51000C907F5D0EFF310878AF3108808FA00F006
:10C52000316821EA0000306030681E20012100F0EF
:10C530002BF887F31088E3E74EF2FA3149F42540EF
:10C54000C4F20101088001B0BDE8F08FD4D4D4D486
:10C5500010B542F228000024C4F22000047001202B
:10C5600000F0C6F84EF64C410120C4F201010C70F7
:10C57000BDE8104000F090B8014600220020C0F253
:10C5800006620A607047D4D448F2183241F20023A0
:10C59000C2F20022C0F27A03484312689A420FD3D3
:10C5A00044F23F21C0F20F0111444DF68362C4F200
:10C5B0001B32A1FB0212910CA0FB0101C9B11DE0CD
:10C5C0004CF60021C3F69A31B1FBF2F148F638126D
:10C5D000C0F24102904205D24FF47A725043B0FB50
:10C5E000F1F006E0B0FBF1F0904207D24FF47A711F
:10C5F0004843002808BF704700F006B84FF0FF30EE
:10C6000000F002B8D4D4D4D401380028FCD170474B
:10C61000F0B581B04CF2201548F29C27C4F2000519
:10C620000024C2F2002755F8200C296801EA000610
:10C6300005E000BF00BF00BF0134152C0AD026FA68
:10C6400004F0C007F8D057F824100029F4D0204691
:10C650008847F1E745F8106C28683042FCD101B0FA
:10C66000F0BDD4D4D4D4D4D480B54FF0060E40F26B
:10C6700080004CF20031C0F20120C4F2000100BF82
:10C6800030F8022B002A18BF0A6004310FF009C0ED
:10C6900080BDD4D4D4D4D4D4EFF31081012282F35A
:10C6A000108848F20C32C2F2002232F8103023B166
:10C6B00032F81030013B22F8103032F8102012B15D
:10C6C00081F3108870474EF2FA3240F2203CC4F2F7
:10C6D0000102C0F2012C13883CF8100043F42543FA
:10C6E00023EA0000108081F310887047D4D4D4D49A
:10C6F00010B5EFF31081012282F3108848F20C325A
:10C70000C2F2002232F8103083B94EF2FA3E40F203
:10C71000203CC4F2010EC0F2012CBEF800403CF8EF
:10C720001030234343F42543AEF8003032F8103084
:10C73000013322F8103081F3108810BDD4D4D4D442
:10C7400000F00AF8F4F7ACFEFEE7D4D4D4D4D4D485
:10C7500000BE7047D4D4D4D42DE9F04381B04EF656
:10C76000085840F20120CEF20008C0F20E004EF24E
:10C770000004C8F80C00CEF20104BFF34F8FBFF3E2
:10C780006F8F58F8081CC1F3035001285FEA1F920D
:10C7900011F00F0F5FEA0F911142216811D10228A9
:10C7A0000FD241F0040020604EF20800BFF34F8F1B
:10C7B000CEF20000BFF36F8F016841F48031016059
:10C7C00002E021F004002060BFF34F8FBFF36F8FB2
:10C7D0004FF4700040F20001C8F880000020C0F261
:10C7E0000021C8F800100025F4F77AFAFFF7D0FA14
:10C7F0004EF2FA304EF6B022C4F20100C4F2010249
:10C800004AF20251018015704FF425410180012048
:10C81000F4F766FA40F20020C2F2002080F30A88A2
:10C820002068800724D5D8F80000B0F1007F1FD120
:10C8300020694FF40071C0F3C300626901FA00F38C
:10C84000C2F3C30081400020DA08CB080146074646
:10C8500042F007C000BF00BFE7E802010FF005C0CB
:10C860004FF0005243F005C0E2E802010FF005C0AE
:10C8700040F2E004C0F20124276897B160683E46A8
:10C88000051D05E000BF00BF013E05F10C0508D005
:10C8900068790028F8D155E90101091A00F0AEF8CD
:10C8A000F2E7D4F80890B9F1000F13D0E0684E46D3
:10C8B00000F1080504E000BF013E05F1100509D0B4
:10C8C00068790028F8D155E902022968121A00F0A7
:10C8D00099F8F1E7FFF704FAFFF73AFE0320FFF7B4
:10C8E00007FF4FF00E0E40F63050C4F2400000211A
:10C8F00020F8041B0FF005C00320FFF7CDFE032036
:10C90000FFF7F6FE44F204000021C4F220000160AB
:10C9100041608160C1600320FFF7BEFE0220F4F792
:10C92000DFF99FB160684FF48076051D04E000BF19
:10C93000013F05F10C0509D06879B6EB002FF7D15E
:10C9400055E90101091A00F059F8F1E7B9F1000FB2
:10C9500016D0E0684FF4807500F1080405E000BFD0
:10C96000B9F1010904F110040AD06079B5EB002F88
:10C97000F6D154E902022168121A00F043F8EFE7F9
:10C9800048F22034C2F20024204600F037F9204655
:10C9900000F0FBF8BFF34F8FBFF36F8F0020C8F894
:10C9A000480240F2BE6040F2BE61C0F20120C0F217
:10C9B0000121BFF34F8F081ABFF36F8F8410012C32
:10C9C0000BDB40F2BE65C0F2012500BF00BF00BF17
:10C9D00055F8040B8047013CFAD1FFF745FE0020D3
:10C9E00001B0BDE8F04300F003B8D4D4D4D4D4D41B
:10C9F00070470B4611461A4600F07AB80A460021E5
:10CA000000F076B8844641EA000313F0030349D1ED
:10CA1000403A23D30B6803604B6843608B688360A4
:10CA2000CB68C3600B6903614B6943618B698361A8
:10CA3000CB69C3610B6A03624B6A43628B6A836290
:10CA4000CB6AC3620B6B03634B6B43638B6B836378
:10CA5000CB6BC36340304031403ADBD230320BD332
:10CA60000B6803604B6843608B688360CB68C3606E
:10CA700010301031103AF3D20C3205D351F8043B88
:10CA800040F8043B043AF9D2043208D0D2071CBF64
:10CA900011F8013B00F8013B01D30B88038060468D
:10CAA000704700BF082A13D38B07B1D010F00303DF
:10CAB000AED0C3F10403D21ADB071CBF11F8013B4F
:10CAC00000F8013BA4D331F8023B20F8023B9FE77A
:10CAD000043AD9D3013A11F8013B00F8013BF9D2ED
:10CAE0000B7803704B7843708B7883706046704787
:10CAF00070B4840746D0541E002A41D0CDB20346FC
:10CB000002E0621EE4B3144603F8015B9A07F8D111
:10CB1000032C2ED9CDB245EA05250F2C45EA054553
:10CB200019D9264603F11002103E0F2E42F8105C70
:10CB300042F80C5C42F8085C42F8045C02F1100216
:10CB4000F2D8A4F1100222F00F0204F00F04103208
:10CB5000032C13440DD91E462246121F032A46F801
:10CB6000045BFAD8221F22F00302121D134404F0C2
:10CB700003042CB1C9B21C4403F8011BA342FBD12E
:10CB800070BC704714460346C2E740F20801C0F289
:10CB90000001401A48F21C31C2F2002108607047BF
:10CBA00020F0030110F00300C0F1000051F8043B35
:10CBB00000F1040C4FEACC0C6FF000021CBF22FA0B
:10CBC0000CF213434FF0010C4CEA0C2C4CEA0C4CC9
:10CBD000A3EB0C0222EA030212EACC1204BF51F8C2
:10CBE000043B001DF4D0C2F1000102EA0102B2FAD6
:10CBF00082F2C2F11F0200EBD200704710B540F282
:10CC00003C2140F20002C0F20021C0F200020446C2
:10CC1000FFF7F8FE40F2000040F20001C0F2000011
:10CC2000C0F200012044FFF7E9FE10BD81B0B0B5AD
:10CC300089B00C464CF68141C0F2002100250191DB
:10CC40004FF4003194460DAA009101190D93002C68
:10CC50000892CDE906550490CDE9025518BF481E4B
:10CC600048BF002005906846614600F011F8002C8E
:10CC70001CBF04990D7009B0BDE8B04001B0704709
:10CC8000D1E904239A421EBF531C0B6110707047F8
:10CC90002DE9F04F9BB0814680781A92800740F1D1
:10CCA000DF85D9F80400002712908A461A98199057
:10CCB00013A8821D0C92421E1192421D04300D9247
:10CCC0000E900F91514611F8010B252803D08A468A
:10CCD00038B900F0C7BD9AF801500AF1020A252DB3
:10CCE00007D1129A4946904701370028EAD500F04B
:10CCF000B1BD002200244FF000084FF0000B04E00B
:10CD00001AF8015B002D00F01D811FFA8BF61F2E13
:10CD100020D8A5F1200010281ED8DFE810F015005B
:10CD20001D001D0018001D001D001D0014001D0029
:10CD30001D001D0011001D00CC001D001D00C900BC
:10CD40004BF0020B00E0DBE74BF0040BD8E74BF0B5
:10CD5000100BD5E77F2E0DD8A5F13000092840D85B
:10CD6000402E80F0A08004EB84014BF0200B00EB00
:10CD70004104C5E7A5F14C002E2800F2E480DFE86D
:10CD800010F08F00E200E200E200E200E200E200C8
:10CD9000E200E200E200E200E200E200E200E20083
:10CDA000E200E200E200E200E200E200E200E20073
:10CDB000E200E200E200E200E200A400E2008F00F4
:10CDC000E2009D00E200E200E200E200E200E20098
:10CDD000E2002F00E200E200E200E200E2002F00A9
:10CDE0008EE7A5F12400562800F2AD80DFE810F0B0
:10CDF0008300AB00AB00AB00AB00AB007400AB003A
:10CE0000AB00AB009A00AB00AB00AB00AB00AB00DB
:10CE1000AB00AB00AB00AB00AB00AB00AB00AB00BA
:10CE2000AB00AB00AB00AB00AB00AB00AB00AB00AA
:10CE3000AB00AB00AB00AB00AB00AB00AB00AB009A
:10CE40005800AB00AB00AB00AB00AB00AB00AB00DD
:10CE5000AB00AB00AB00AB00AB00AB00AB00AB007A
:10CE6000AB00AB00AB00AB00AB00AB00AB00AB006A
:10CE7000AB00AB00AB00AB006D00AB005800AB00EB
:10CE80006600AB00AB00AB00AB00AB00AB00AB008F
:10CE90005700AB00AB00AB00AB00AB0057002FE777
:10CEA0004BF4207B2CE708EB880100EB410827E7D7
:10CEB0004BF0010B24E74BF0080B21E70BF080004F
:10CEC0004BEA800040F0800B1AE70BF480704BEACD
:10CED000400040F4807B13E7002A7FF411AF1998DB
:10CEE0003F2E00F104011991006828D84BF0200B67
:10CEF0000022044604E7DAB11A98402E199019A9C5
:10CF00000F98154654EA388200F0B0FC1998402E6C
:10CF10002A4600F104011991006850EA348458EA65
:10CF20003088EDE63F2E00F29D844BF0400BE7E6A3
:10CF300022464FF0000800244FF0000BE0E60022EC
:10CF40008046DDE600252AB11A9819A919900F9894
:10CF500000F08CFCB8F1000F48BF2BF0400B002C08
:10CF600028EAE87C45F0200248BF4BF0080B54EA61
:10CF700054B0612A10901CBFA2F16500022825D888
:10CF80001998561B612A00F1070020F007010B4693
:10CF9000496853F8080B199346D1F2B200925FEA40
:10CFA0004B6213AA58BF4FF0FF3C6346E04600F0C7
:10CFB000FCFD01300B904BF4C05B0123C0B28045F7
:10CFC000D8BFA0F10108702009905EE0A5F16300D0
:10CFD000122800F2178108230026DFE810F0400134
:10CFE00013001301130113011301130013011301A3
:10CFF0001301130113016F016B01130113011A01D6
:10D00000130139011FFA8BF15FEA0B6000F1178100
:10D010001998021D19920068CA0540F11781890507
:10D0200054BF00B240B211E15FEA4B6358BF4FF00A
:10D03000060C662A0BD0652A11D165254BF4805B5E
:10D04000E0460CF101034FF0000C099511E0662257
:10D050004BF4005B012509921123E0460AE05FEAE8
:10D060000C63E04663464FF0000C08BF0123023A10
:10D070000992002513AADBB2CDE9005C112B28BF71
:10D08000112301F0BDF802230B90139DA4469DF8D7
:10D090005000A5F10A01A5F1640211F1130F38BF88
:10D0A000022312F1C70F38BF0323C10711D15FEA72
:10D0B0008B713AD41FFA8BF11446202202EAC10E7A
:10D0C00011F0040F22465FEA1F9410F00C0F06D1F6
:10D0D00031E04FF02D0E002410F00C0F2BD0002C5F
:10D0E0004FF00300109950EA10902546814218D95C
:10D0F0005FEA0B7160D4CCF10001F0468C455CEA2C
:10D10000CCB1441A129A202049469047002800F1D9
:10D11000A18301370134F5D30024C646002D4ED03B
:10D1200055E00024002D4AD051E04FF02B0E002492
:10D1300010F00C0FD3D11BF4405F0392CDE907E54B
:10D14000CDF814C040F015820A94B8F1010F0B9C81
:10D150004FF0010058EA80801FFA8BF1220600F0A0
:10D16000448198460E9BE2B29B5C302B22D1631E19
:10D170001A061DD00E9DDAB2AD5C302D40F0DA817A
:10D18000A31E1A0600F0DA810E9DDAB2AD5C302DD6
:10D1900040F0D081E31E1A0600F0D0810E9DDAB275
:10D1A000AD5C302D40F0C681089D043C2206D9D1EB
:10D1B000002400224346C5E110990C1A3DB9129A89
:10D1C000704649469047002800F1448301379DF896
:10D1D00050004FF65311C0F2002100074FF200201B
:10D1E000C0F2002050EA51852878002800F01E8304
:10D1F000801B129A4946C0B290470137013500287A
:10D20000F2D527E3782A40F09980C5F188032E46AD
:10D2100054E01998011D199100684FF64021C0F2A1
:10D220000021002851EA00855FEA4B6058BF4FF0AB
:10D23000FF3C2846614601F013FF064617E01998A7
:10D24000890500F18B80011D19910068C1178DE0DF
:10D250004FF6EF700BEA000B0A2375262EE01998A3
:10D26000012613AD011D199100688DF84C005FEA8D
:10D270000B7010D41098B0420DD9129A2020494654
:10D280009047002800F1E68210980137013810908D
:10D29000B042F2D8109610983744841B002E00F04C
:10D2A000C58215F8010B4946129A9047013E0028A5
:10D2B000F4D5CFE24BF0100B102378264FF6F9701F
:10D2C0000BEA000E5FEA0B600B960CD41998011D57
:10D2D000199106685FEACE510CD55FEA8E5054BFB3
:10D2E000B6B2F6B206E019985FEA8E510AD4011D73
:10D2F00019910668002156EA010008BF2BF0160EAE
:10D3000077D10DE0073020F007000246416852F85F
:10D31000086B199256EA010008BF2BF0160E68D16F
:10D3200000265FEA4B6063D50021B8F1010F60DA97
:10D330004FF6E9700BEA0001A04665E0129A25203D
:10D3400049469047002800F18582129A28464946AE
:10D350009047023700287FF5B5AC7BE2073020F01C
:10D3600007010A46496852F8080B199200295A46E3
:10D37000CDF82CC048BF42F4806250EA010323D0AC
:10D3800080EAE17081EAE173B0EBE17063EBE17197
:10D39000A04613AC22F010060A23224600F08FFBB1
:10D3A0003146061BDDF82CC0480630D54FF6FE701E
:10D3B00044460840664505DA002D08BF21F01100FB
:10D3C000614627E0314625E05FEA4B604FF0000000
:10D3D00040F1B2800021B8F1010FD9DA4FF6EE70BA
:10D3E000DDF82CC000EA0B0014E000240022A9E0C4
:10D3F0000021A04613AC304665462246764600F032
:10D400005EFB3146AC46061B0B9D4806CED4084653
:10D41000314644461FFA80FBC0060BD440F206405A
:10D420001BEA000F5FEA0F9000EB01085FEA0B7048
:10D430000AD531E0002D4FF0010050EA009000EBDA
:10D4400001085FEA0B7027D45FEACB7009D010980F
:10D45000B446804505DA10997018A0EB080C884690
:10D460001AE01098804517DA002CCDF82CC054EA49
:10D4700054B00A906042844254EAC4B0A0EB08045D
:10D48000129A202049469047002800F1E381013795
:10D49000013CF5D1DDE90A8C5FEACB6015D440F29E
:10D4A00006401BEA000F24D05FEA8B7064464FF001
:10D4B0002B0058BF20205FEA4B5148BF2D20129A05
:10D4C00049469047002812D5C4E1129A30204946B7
:10D4D00064469047002800F1BD8145B1129A284664
:10D4E00049469047002800F1B581023700E0013736
:10D4F000A446E3466546B44509DD129A3020494604
:10D500009047002800F1A681013DB542F5DC109856
:10D510005E45A0EB080456EACB800744002E00F0DD
:10D52000858111984946129A805D9047013E0028F6
:10D53000F4D58FE11C4603E0002129E700240022F6
:10D540004346089DC9060B9452EA508115F1040F19
:10D5500009DB854207DA4BF4005B8D4206DAE843CB
:10D5600001EB000804E0A1F1010801E04FF0000820
:10D570000A9C1FFA8BFCA5F57A714FEA0C52CDF884
:10D5800028C0B4465FEA8B400293049106920AD405
:10D59000184611F5FA6F98BF04200521002A58BFDC
:10D5A0000321084402E025EAE57001300A9EB8F143
:10D5B000000F84F00102109DA346C6F3001151EA4A
:10D5C00008918B180344EB1A4FF0000553EAC58409
:10D5D00016F0090F1CD1664694B108441044059A10
:10D5E00051428A4252EAC2B1441A129A2020494654
:10D5F0009047002800F12E8101370134F5D3002433
:10D600000798BBF1000F08D0069800280FD41FE040
:10D6100066460798BBF1000FF6D1129A494690472B
:10D62000002800F1178101370698002810D5129ABA
:10D63000302049469047002800F10C81C6F178005F
:10D64000129A4946C0B29047002800F10381023780
:10D650000A9800070BD454B12744129A3020494647
:10D660009047002800F1F680013CF6D100240A988A
:10D67000800429D49DF851004946129A9047002809
:10D6800000F1E880B8F1010F5ADB129A2E204946CA
:10D690009047002800F1DE8008EB070000F1020B44
:10D6A0000B98C5B20020471CAF4202D20C99085C0F
:10D6B00000E03020129A49469047002800F1CA80C5
:10D6C0003846B845EFD149E00898C8F1000B20EA88
:10D6D000E076851B0B985FFA80F8701C07D1129AD0
:10D6E0002E2049469047002800F1B48001373020B1
:10D6F000002D03D44545BCBF0D98405D49465E45AD
:10D7000007DD129A904701350137013E0028E4D524
:10D71000A0E0129A9047002800F19C800A99781C9A
:10D72000C90640F19580002E40F09080129A2E207C
:10D7300049469047B0F1FF3F40F38C80023775E0D7
:10D740000A98C00602D407F1010B07E0129A2E20B6
:10D750004946904700287DD407F1020B09984946B5
:10D76000129A801BC0B29047002873D4089849468B
:10D77000002850EA50B54FF02B0048BF2D20129AD8
:10D780009047002866D4049810F5FA6F16D844F62E
:10D79000D350129AC1F262004946A5FB0006302020
:10D7A00000EB9610C0B29047002853D4B0094FF454
:10D7B0007A7100FB11550BF1030605E003980BF19C
:10D7C000020610F1C80F3DD848F21F50129AC5F258
:10D7D000EB104946A5FB0007302000EB5710C0B204
:10D7E0009047002836D47809642100FB1155013692
:10D7F0004CF6CD40129ACCF6CC404946A5FB00072A
:10D80000302000EBD700C0B29047002822D4F8089F
:10D81000013600EB8000A5EB400505F13000129ABF
:10D820004946C0B29047002814D4771C012CFFF65B
:10D8300049AA129A2020494690470137013C002806
:10D84000F4D507E002980228D2D2E6E70746EDE7D2
:10D850000746EBE799F8020040F0040089F802005F
:10D860004FF0FF3738461BB0BDE8F08F022AB8BF33
:10D8700070472DE9F04F42F689084FF0010CC0F2D5
:10D88000010804464FF0010E03E05F789C1C252F31
:10D8900029D1234613F8015B252D01D025B90BE1D1
:10D8A0006778A31C252F1DD11C4614F8015B252D7C
:10D8B00001D025B900E15F789C1C252F13D12346A8
:10D8C00013F8015B252D01D025B9F5E06778A31C7D
:10D8D000252F07D11C4614F8015B252DD5D0002D2E
:10D8E000D7D1E9E01C464FF000094FF0000A0026AE
:10D8F00004E014F8017B002F00F0AA803346BAF14F
:10D900001F0F0AD8A7F12005102D09D80CFA05F52C
:10D9100015EA080F40F07D8002E0BAF17F0F0AD8C7
:10D92000A7F13005092D3ED803EB83034AF0200A06
:10D9300005EB4306DDE7A7F14C052E2D00F28980AB
:10D940001E46DFE815F06800860086008600860027
:10D950008600860086008600860086008600860097
:10D960008600860086008600860086008600860087
:10D970008600860086008600860086008600780085
:10D98000860068008600710086008600860086009A
:10D990008600860086002F008600860086008600AE
:10D9A00086002F00A5E7A7F1240BBBF1560F00F26C
:10D9B00050800026DFE80BF0334D4D4D4D4D324D7C
:10D9C0004D4D324D4D4D4D4D4D4D4D4D4D4D4D4DA2
:10D9D0004D4D4D4D4D4D4D4D4D4D4D4D4D4D4D4D77
:10D9E0002F4D4D4D4D4D4D4D4D4D4D4D4D4D4D4D85
:10D9F0004D4D4D4D4D4D4D4D4D4D4D4D3F4D2F4D83
:10DA0000384D4D4D4D4D4D4D2C4D4D4D4D4D2C00EA
:10DA1000FFE71E466DE74AF4207AFAE769E7B9F1B5
:10DA2000000F0FD1994664E70AF080054AEA8505A0
:10DA300045F0800AEDE70AF480754AEA450545F4A9
:10DA4000807AE6E773457FF454AF6327F14600E040
:10DA50000027B9F1000F2FD0F14524D147F0200362
:10DA6000612B1CBF653B022B05D80B68073323F0E5
:10DA70000703083313E0A7F16303102B0AD8DFE88C
:10DA800003F00C0909090909090909090909090922
:10DA900009090C005FEA0A6309D40B6804330EF12C
:10DAA000010E04460B609645FFF6F3AE04E00B68EA
:10DAB0005FEA8A54DAD4F1E7BDE8F04F70472DE908
:10DAC000F04703F01F06984691468A4605462846C9
:10DAD00051463246002300F049FA044600FB165036
:10DAE0000F46A0EB0801092888BF01F1370030304C
:10DAF00089F80000A81B7AF1000049D32046394676
:10DB00003246002300F032FA054600FB16408A46F2
:10DB1000A0EB0801092888BF01F13700303089F8EF
:10DB20000100A01B77F1000036D32846514632464B
:10DB3000002300F01BFA044600FB16500F46A0EB32
:10DB40000801092888BF01F13700303089F8020048
:10DB5000A81B7AF1000023D3204639463246002321
:10DB600000F004FA054600FB16408A46A0EB0801C7
:10DB7000092888BF01F13700303089F8030009F126
:10DB80000409A01B77F10000A1D24846BDE8F08748
:10DB900009F10100BDE8F08709F10200BDE8F08756
:10DBA00009F103094846BDE8F0872DE9F04F86B03A
:10DBB000CF0FC1F30A566FF31F519B4650EA010580
:10DBC00017715FEA0F9508BF002E0FD040F2FF7467
:10DBD000A6423AD10420002D18BF08204FF0000BB8
:10DBE00038441071584606B0BDE8F08F0027002079
:10DBF0000021DDF83CC0BBF1000F176035D4BBF14C
:10DC00000D0F35D3030F00F00F0A43EA01130393FE
:10DC1000030E541D43EA01230293030D0D0D43EA45
:10DC200001330193030C43EA0147030B43EA015E0E
:10DC3000030A43EA01680309080A0590080943EA50
:10DC400001790E0C0B0B049084E04FF60247002E76
:10DC5000CFF6FF771CBFA6F2FF3701F58011DDF884
:10DC60003CC0BBF1000F1760C9D54FF0000B44E07A
:10DC70003325A5EB8B03C3F1200513274FF0020ECC
:10DC8000A7EB8B072EFA05F601240025002F58BFBD
:10DC90000EFA07F658BF04FA07F504FA03F40EFA71
:10DCA00003F358BF002458BF0023D3F100094FF0FD
:10DCB000000868EB060E013B66F1000603400E40CB
:10DCC000E31A75EB060312D34FEA8B03C3F1340654
:10DCD000D3F1140320FA06F7C6F1200601FA06F67E
:10DCE00046EA070658BF21FA03F6F30701D00019E8
:10DCF000694100EA090001EA0E01030943EA0179DA
:10DD0000030F541D43EA01130393030E10F00F0A8F
:10DD100043EA012302934FEA10534FEA115543EAB5
:10DD2000013301934FEA104343EA01474FEA1033AE
:10DD300043EA015E4FEA102343EA01684FEA1120EB
:10DD40004FEA11464FEA113305904FEA1110049043
:10DD500000F09880AAEB0C000093BAF1090F88BF7D
:10DD600000F1270A0AF13000907409F00F004FF01B
:10DD70000D0BA0EB0C03092888BF03F12700BBF1B2
:10DD80000C0F00F13000507498BF4FF00C0B08F0EE
:10DD90000F00A0EB0C03092888BF03F127003030E7
:10DDA00010740EF00F00A0EB0C03092888BF03F1DC
:10DDB00027003030D07307F00F00A0EB0C030928C8
:10DDC00088BF03F1270030309073019800F00F00F6
:10DDD000A0EB0C03092888BF03F1270030305073F3
:10DDE000029800F00F00A0EB0C03092888BF03F194
:10DDF000270030301073039800F00F00A0EB0C03E5
:10DE0000092888BF03F12700009B3030D07201F051
:10DE10000F00A0EB0C01092888BF01F1270030306A
:10DE20009072049800F00F00A0EB0C01092888BF45
:10DE300001F1270030305072059800F00F00A0EB80
:10DE40000C01092888BF01F127003030107203F05F
:10DE50000F00A0EB0C01092888BF01F1270030302A
:10DE6000D07106F00F00A0EB0C01092888BF01F16A
:10DE700027003030907105F130002070584606B010
:10DE8000BDE8F08F19F00F0000937FF472AFBBF183
:10DE90000C0FBFF46EAF18F00F0045D1BBF10B0FA4
:10DEA00042D21EF00F0042D1BBF10A0F3FD217F051
:10DEB0000F003FD1BBF1090F3CD2019810F00F00C9
:10DEC0003BD1BBF1080F38D2029810F00F0037D1C8
:10DED000BBF1070F34D2039810F00F0033D1BBF120
:10DEE000060F30D211F00F0030D1BBF1050F2DD24B
:10DEF000049810F00F002CD1BBF1040F29D2059823
:10DF000010F00F0028D1BBF1030F25D213F00F0042
:10DF100025D1BBF1020F22D206F00F0050EA0B010F
:10DF200020D04FF0010B9EE74FF00B0B31E74FF085
:10DF30000A0B38E74FF0090B3FE74FF0080B47E7B4
:10DF40004FF0070B4FE74FF0060B57E74FF0050B6D
:10DF50005FE74FF0040B67E74FF0030B6FE74FF0FD
:10DF6000020B76E74FF0000B85E7D4D440B584B0C0
:10DF700002AE009600F004F8029A039B04B040BD84
:10DF80002DE9F04FDDF824B0844671B1C2B1BBB3C6
:10DF9000B1FA81F7B3FA83F6F71B202F07D207F106
:10DFA0000109B9F1200F1BD137E0002B42D0BBF1A2
:10DFB000000F18BFCBE900C100200021BDE8F08FA1
:10DFC000002B45D0002846D05F1E3B427ED0B1FAE0
:10DFD00081F7B3FA83F6F71B1F2FE8D207F1010987
:10DFE000C7F11F0720FA09F621FA09FC01FA07F424
:10DFF000B84034434FF0000AB9F1010F17D088E060
:10E00000571E3A4235D0B1FA81F7B2FA82F6F71BC1
:10E0100007F12109B9F1200F45D14FF0000C4FF065
:10E0200020090C464FF0000AB9F1010F71D14FF0F1
:10E03000000EB8E0B0FBF2FCBBF1000F1EBF0CFB02
:10E0400012000021CBE9000100216046BDE8F08FFD
:10E050006046BDE8F08FB1FBF3FCBBF1000F1EBFC3
:10E060000CFB13100021CBE9001000216046BDE835
:10E07000F08FBBF1000F1EBF00230740CBE90073F8
:10E08000012A00F0BA8092FAA2F24F00B2FA82F2AC
:10E0900002F01F03D140D8401F23934307FA03F334
:10E0A0001843BDE8F08FB9F11F0F1FD8C9F1200642
:10E0B00020FA09F721FA09FC01FA06F4B0403C43C2
:10E0C0004FF0000AB9F1010FB1D022E0BBF1000F0F
:10E0D0001CBF07EA0100CBE900C093FAA3F0B0FA35
:10E0E00080F021FA00F00021BDE8F08FA9F1200CAA
:10E0F000C9F1400720FA0CF601FA07F4264321FA89
:10E100000CF400FA07FA4FF0000C3046B9F1010F99
:10E110008DD029F001070126023F4FF0000B06EBDE
:10E12000570E4FEA4C0747EAD477640044EAD074AC
:10E130004000FD43E143891843EB0508A51A67EB4E
:10E140000306B8F1000F56EA478755EA44867F0078
:10E1500047EAD677760046EAD07440EADA70A51A24
:10E160006FEA040167EB030689184FEA40006FEA83
:10E170000701594156EA478C55EA4484CF0F4BEAD0
:10E180004A01BB4640EAD170490041EAD87A0FF013
:10E1900039C05FEAC97103D15246DDF824B01EE0F0
:10E1A000DDF824B0BE4667004FEA4C0147EAD0775D
:10E1B00041EAD471B7EB02084FEA400061EB030477
:10E1C000FD4352196FEA010653EB060240EADA708A
:10E1D00054EA418C58EA4784D70F4EEA4A02D10FDD
:10E1E000BBF1000F41EA40014FEA420020F001007C
:10E1F00018BFCBE9004C07EB000C6046BDE8F08F80
:10E200002DE9F04F9FB00D46CC0F6FF31F55994687
:10E2100050EA0503C1F30A515FEA1F9708BF0029BE
:10E220000ED040F2FF76B14215D10820002F18BF62
:10E23000042000252044107128461FB0BDE8F08F4F
:10E24000A01C10713020012550710020106028465C
:10E250001FB0BDE8F08F0394A1F235440029059268
:10E2600006BF4FF6CC34CFF6FF7405F58015AA0033
:10E27000002B42EA907B5FEA0F9202295FEA2F911E
:10E28000804642EA010A00F001018000002C04915E
:10E290001390CDF81C90CDF848A04ED4204600F045
:10E2A00017FD8146032C88BFA9F10109484600F0FB
:10E2B0001DFD14AF06464846394600F002FE18A878
:10E2C0001AA93A46CDF808A0CDE90010A9EB040040
:10E2D0003044294600F17C03404600F028FC80468B
:10E2E0000B46B9F1150FCDF8189053D8139E4CF684
:10E2F000CD471CA8CCF6CC471D4600903046594669
:10E300003A464FF0CC335C46BB4600F064FEDDE994
:10E310001C01DDF81C90820842EA817120F00300A4
:10E3200008444042F04255D13046214600F0E7FC17
:10E33000069988425FEA3F9183E06742CDF844B096
:10E34000384600F0CCFC0646601C18BF013EBF1BDF
:10E35000384600F0CBFC14A9834638460F4600F03F
:10E360002DFD18A81AA93A46CDF808A0CDE900104D
:10E37000A6EB0B0000F17D034046294600F0D7FBD9
:10E3800080460B463019012E06900DD8049890BB9C
:10E3900001213DE04CF6CD4B002000211290CCF63F
:10E3A000CC4BDDF81C904FE03E2E2ED84FF0FF30C6
:10E3B000B6F1200200FA06F158BF0021139F58BFA2
:10E3C0009040119A27EA010122EA000008435FEA1F
:10E3D0001F911BE0049800BB1298C043801964F1A0
:10E3E000000100F08CFC06992B4688424FF000019A
:10E3F0005FEA3F9027E0DDE91A0101381A9061F1E8
:10E4000000001B900020012101E00021002012905B
:10E410004CF6CD4BCCF6CC4B16E046F00200214634
:10E4200000F06DFCDDE91A12069C4B1E62F100063D
:10E43000A04253EA21804FF000011A9056EA228050
:10E440001B9000202B461290DDE9280A109100282D
:10E45000CDF828904DD0B8F10A0073F1000001D238
:10E4600001203AE000214FF00A0C02204FF064092D
:10E470004FF47A751F4642F2107E0A22A2FB0C4628
:10E4800001EB810306EB4303B8EB040477EB0303D2
:10E4900020D3A2FB093401FB0944B8EB030377EB5B
:10E4A000040314D3A2FB053401FB0544B8EB0303BA
:10E4B00077EB04030DD3A2FB0E23043001FB0E31D6
:10E4C000B8EB020377EB0103D8D2013802E0013048
:10E4D00000E00230DDF81C903B46069951440844A8
:10E4E000B0EBDA7FB8BF4FEADA70814559EAB08005
:10E4F0000A90DDE91A1A5F46DDE918B9002014AC6C
:10E5000013900F900990084611932FE011994046FF
:10E510003A464FF0CC3314AC4FEADA0A009400F0DC
:10E520005AFD1398109910F0FF0FDDE914235FEAEC
:10E530001F9001400BEB8B00109140420E99494215
:10E54000B1EB400F12995FEA1F9001401291D00881
:10E5500040EA437101EB8000A8EB400013900F9854
:10E56000884601300F90D8081190284651463A4607
:10E570004FF0CC330094CDE90B0A00F02CFD584647
:10E5800049463A464FF0CC33DDE9146A0094CDE9B0
:10E590000D9B00F020FDDDE91401F20842EA4A7506
:10E5A0004FEAD109C00840EA417BBBEB050079EB9B
:10E5B000DA00ABD31199B8F10A0071F1000002D270
:10E5C0004FF0010E40E0089500200A224FF0020EA5
:10E5D0004FF00A0C64254FF47A76A2FB0C3400EB62
:10E5E000800704EB4707B8EB030371EB070326D35F
:10E5F000A2FB053700FB0577B8EB030371EB0703BC
:10E6000018D3A2FB063700FB0677B8EB030371EBC8
:10E61000070312D342F210740EF1040EA2FB04237E
:10E6200000FB0430B8EB020371EB0003D5D2AEF16E
:10E63000010E04E00EF1010E01E00EF1020E089D44
:10E640004CF6CD47CCF6CC470A9A48EA0100104375
:10E650005FEA1F90964503DD10B90120099056E747
:10E660001298C00770D0DDF838B014A80D993A465A
:10E6700000904FF0CC33584600F0ADFCDDE91410AB
:10E68000CBF10003CA0842EA407505EB8202524210
:10E69000B3EB420F60D1C208DDE90FA9DDF84CC031
:10E6A000DDE90B01119C934614AA00923A464FF003
:10E6B000CC33CDF84CC000F08EFC1498214611905C
:10E6C00014A8009040463A464FF0CC33159E00F017
:10E6D00082FC4CF6CD4214A8009028465946CCF650
:10E6E000CC424FF0CC33DDE91474CDF834B000F0F7
:10E6F00072FCF90841EA447E0EEB81011398AB46A7
:10E70000CBF10007A8EB410CDDE9141210F0FF0F6C
:10E710000AF1010A5FEA1F90E408CB0843EA427558
:10E7200009EA0009119805EB8303F1085B42D2085E
:10E73000C008F046B7EB430F4CF6CD4740EA4670B1
:10E74000CCF6CC47AFD00DE0C646DDF84CC0DDE9D5
:10E750000EBADDE9109405E0C646DDE90FA9DDF843
:10E760004CC0119C0D988EEA0B01234684EA0002EE
:10E770001143099A5FEA0F911143CA0704990029CE
:10E780005FEA1F91002A04BF129811EA00010ED01F
:10E790005FFA8CF105295FEA0F92042962EA090207
:10E7A0005FEA9F9142EA0E0202EA010801E04FF09F
:10E7B0000108DDE905C11EEB08000AEB010443F185
:10E7C0000001B0F10A0271F1000202D20127079B99
:10E7D00036E01394E64600254FF00A090227642329
:10E7E0004FF47A7B42F2107A0A24A4FB096205EB0B
:10E7F000850C02EB4C02861B71EB02021DD3A4FBBD
:10E80000032605FB0366821A71EB060212D3A4FBF2
:10E810000B2605FB0B66821A71EB06020CD3A4FBD8
:10E820000A42043705FB0A25021B71EB0502DCD204
:10E83000013F02E0013700E00237079BF446139CDA
:10E840000A9A97425FEAD882012A32D1289A4AB1BD
:10E85000299A22443A44012AD8BF0122934253EA1A
:10E86000B2820A920A9A974223DD05304CF6CD45D2
:10E8700041F10001CCF6CC454008013F40EAC170AF
:10E88000013410EB51024FEA510142F10002A2FBA8
:10E89000053626F0030303EB96034FF0CC36D21A6D
:10E8A000821A61F10001A2FB050302FB063201FBA3
:10E8B00005210A9A23B2974257EAB28215B22B4435
:10E8C000A3F10108012DC0F229810CEB050302F030
:10E8D000030903F1050A042D02D24FF0000BB2E048
:10E8E0004CF6CD44CDE9109803F104084FF0000B2D
:10E8F000CCF6CC44A5EB09021295139264220023B6
:10E9000005460E46FFF732FB420800F0010042EADE
:10E91000C17212EB510141F10001A1FB042323F06C
:10E92000030202EB93020023891A4FF47A7240EA41
:10E930004100314640F030092846FFF717FB4208F6
:10E940004CF6CD4742EAC172CCF6CC4712EB5101EE
:10E9500000F0010041F10002690841EAC67111EBC3
:10E96000560343F10003A3FB077424F0030707EBEE
:10E970009407DB1B6FF00207CB1A4CF6CD41CCF6A7
:10E98000CC41A3FB011C01EB8104A5EB440444F042
:10E99000300408F804498BEA07044CF6CD47CCF65E
:10E9A000CC470AF80490A2FB074727F0030404EBC6
:10E9B00097074CF6CD44A2EB0702CCF6CC4440EAD4
:10E9C00042006FF0030282EA0B0240F030000AF8C6
:10E9D00002004FF0CC304FEA560203FB00C062F158
:10E9E000000202FB04004A0801F0010142EAC07281
:10E9F00012EB500040F10000A0FB042323F00302BF
:10EA000002EB93020023801A42F2107241EA4000A6
:10EA10006FF0010181EA0B0140F030000AF80100BB
:10EA200028463146FFF7A2FA0BF1040B139A5A4518
:10EA30007FF464AFDDF84090DDF814C0DDE91185A6
:10EA4000B9F1000F6AD042084CF6CD4442EAC172D7
:10EA5000CCF6CC4412EB510343F10003A3FB047644
:10EA600026F0030707EB9607DB1B4F08D31A67F165
:10EA70000006B9F1010FA3FB042E6FEA0B0402EBB1
:10EA80008207A0EB470747F030070AF8047045D02B
:10EA90004FF0CC374CF6CD4403FB07E3CCF6CC4427
:10EAA000570802F0010206FB043347EAC37717EB6D
:10EAB000530343F10003B9F1020FA3FB0476AAEB61
:10EAC0000B0426F0030707EB9607A3EB070342EAC4
:10EAD000430242F0300204F8022C1FD064220023CB
:10EAE000FFF744FA4208DDF814C042EAC17200F0B0
:10EAF000010012EB51014CF6CD4241F10001CCF680
:10EB0000CC42A1FB022323F0030202EB9302891AF9
:10EB100040EA410040F0300004F8030C03988CF800
:10EB20000400CCF8008028461FB0BDE8F08F2DE926
:10EB3000F04F8BB0490041EAD07405931646D2E9F4
:10EB4000002345002846214608AF009700F043FA0D
:10EB5000D6E90223834606A8894600902846214626
:10EB6000DDE9087A00F037FA10EB0708DDE9062343
:10EB70004AEB010ADDE90801571C059C43F1000539
:10EB8000B8EB00007AEB0100A4F1410455EA3383AD
:10EB900057EA328296E8830017EB0807F568049479
:10EBA00045EB0A0510EB0B0059EB0100009457F1FF
:10EBB0000000CDE9062345F10001571C43F1000593
:10EBC000B0EB080471EB0A04CDF80CB055EA3383BE
:10EBD00057EA3282CDF8089000F01BFADDE91429DB
:10EBE000169BC2E9000143B3D6E900C1D6E902563B
:10EBF0000398B8EB0505DDE906236AEB06066C1EF3
:10EC000066F10007B0EB0C000298DDF810B0884107
:10EC1000CDF800B054EA358057EA3681571E63F1CB
:10EC20000006B8EB00057AEB010557EA328256EA96
:10EC3000338300F0EEF95F463EE0DDE906204FEA5F
:10EC40004804D6E900EC01900598D6E90276A0F1D7
:10EC50004005029800954FEA4A05039945EAD875A0
:10EC600044EAD0744300E71B65EB0606B7F1010BDD
:10EC700043EAD17366F10000DEEB410173EB0C0156
:10EC800050EA36815BEA3780B4EB0803019F75EBED
:10EC90000A035FEA2F937F0043EA420347EAD277F1
:10ECA0005A1E67F10006241A8D4152EA338256EA51
:10ECB000378300F0AEF9049FDDE90623C9E90001BE
:10ECC00040465146009700F0A4F90BB0BDE8F08F24
:10ECD00043F24141C0F201014843800C704742F6C3
:10ECE000FB61C0F20B014843000D704749F24F3100
:10ECF000C0F212014843012101EBD04070472DE9D9
:10ED0000F04F4CF6CD4E45F6294442F6F50A47F64B
:10ED1000D50847F6916943F2343B02460020CCF611
:10ED2000CC4E4FF03333CCF28F24C8F65C7AC2F26B
:10ED3000E968C3F6FB29C3F2333BA2FB0E5C4FF03C
:10ED4000CC3702FB07C7D5F1333501FB0E7773EBE8
:10ED500007072ED3A2FB047502FB0A55D7F1333700
:10ED600001FB045573EB050722D3A2FB087540F69F
:10ED70003106C1F6AC4602FB0655D7F1333701FB2D
:10ED8000085573EB050716D3A2FB09754CF67066A0
:10ED9000CDF28826043002FB065201FB0921B7EBB5
:10EDA0000B0271F133323A46C7D30138BDE8F08F18
:10EDB0000130BDE8F08F0230BDE8F08F2DE9F04F53
:10EDC00087B005464EF64F40C4F6C4608B46A5FB9F
:10EDD0000001C8081A2100FB01F640F23031C0F2F0
:10EDE000012101EB0010B54209D190E80E00C06886
:10EDF0008BE80E00CBF80C0007B0BDE8F08FD0E92F
:10EE0000009240F20041C0F201210192D0E90223B8
:10EE1000A81B51F8307001EBC000446804A80090B2
:10EE20003846214600F0D7F8019B824602A8884662
:10EE30000090384621464A4600F0CDF881460191BF
:10EE4000DDE90201002210EB0A0758EB010842F14C
:10EE50000000012806D1DDE904010130049041F1F0
:10EE6000000005902846FFF741FF04463046FFF7B3
:10EE70003DFF0199241A48463A464346009400F063
:10EE8000C8F86FF0030240F2D04302EA9502C0F2E4
:10EE900001239A581E2303EA4503DA4002F00306D1
:10EEA0008019DDE9042341F10001CBE90001384676
:10EEB0004146009400F0ADF8CBE9020107B0BDE88F
:10EEC000F08F2DE9F04F87B08B464EF64F41054647
:10EED0001930C4F6C461A0FB0101C8081A2100FB67
:10EEE00001F640F22851C0F2012101EB0010AE42C0
:10EEF00009D190E80E00C0688BE80E00CBF80C003A
:10EF000007B0BDE8F08FD0E900A240F20041C0F2A6
:10EF100001210192D0E90223701B51F8307001EBFE
:10EF2000C000446804A800903846214600F053F819
:10EF3000804602A80090BAF1010201988946214654
:10EF400060F10003384600F046F804468A46DDE9E1
:10EF50000201002210EB080751EB090842F1000002
:10EF6000012806D1DDE904010130049041F10000DF
:10EF700005903046FFF7BAFE06462846FFF7B6FE74
:10EF8000361A204651463A464346009600F041F86C
:10EF90006FF0030240F2186302EA9502C0F2012307
:10EFA0009A581E2303EA4503DA4002F0030540198C
:10EFB000DDE9042341F10001013041F10001CBE919
:10EFC000000138464146009600F023F8CBE90201E3
:10EFD00007B0BDE8F08FF0B5A2FB01CEA2FB007533
:10EFE000A3FB011415EB0C05DDF814C051EB0E0664
:10EFF000294644F100043246E3FB0012A3FB000360
:10F00000401956EB030044F10000CCE900203846DB
:10F01000F0BD10B5DDF808C0CCF1400ECEF12004F3
:10F0200020FA0CF003FA0EF322FA04F42343DCF185
:10F03000200458BF02FA04F302FA0EF201FA04F4B3
:10F0400040EA040058BF0022BCF1200458BF21FA56
:10F0500004F021FA0CF158BF00211043194310BDF0
:10F06000024619B370B54218A1F1010EA1F1020CCC
:10F07000CC1E0023C55C85B19E4515D0C5186E78A1
:10F080006EB19C4510D0AE785EB19C420CD0EE784B
:10F090004EB104339942EDD106E0C21804E06A1C77
:10F0A00002E0AA1C00E0EA1CBDE87040101A70479C
:10F0B0000000000000005454522052454747455379
:10F0C0000055534220696E7374616E6365206465F8
:10F0D000616374697661746564005553425F504999
:10F0E0005045305F4D42580075785F6465766963BE
:10F0F000655F636C6173735F6364635F61636D5FBE
:10F100007265616420415049206661696C656400E4
:10F1100075785F6465766963655F737461636B5F5F
:10F12000696E697469616C697A652041504920662D
:10F1300061696C656400312E300075785F646576B6
:10F140006963655F737461636B20696E697469617B
:10F150006C697A6564207375636365737366756C37
:10F160006C79005553425F4653505F53454D5800EC
:10F170005553425F504950455F4D425800555342E8
:10F180005F5043445F4D425800525F5553425F4FBA
:10F1900070656E20415049206661696C656400525B
:10F1A00054542054687265616400537461747573BB
:10F1B000206F662055534220446576696365206957
:10F1C0007320617474616368656400284E554C4C0B
:10F1D0002900504344432041434D205468726561E7
:10F1E000640075785F7472616E736665725F7265D4
:10F1F00071756573745F73656D6170686F726500BA
:10F20000696E660055534220647269766572206F9C
:10F2100070656E6564207375636365737366756C82
:10F220006C79000D0A494E464F3A2025730D0A00AD
:10F230000D0A0075785F73797374656D5F6D757411
:10F240006578007274745F6F705F717565756500C5
:10F2500054696D657374616D7020285469636B73B4
:10F2600029203D2030782530386C783A0D0A000D81
:10F270000A52657475726E6564204572726F7220F1
:10F28000436F64653A203078257820200D0A0055B8
:10F29000534220656E756D65726174696F6E20638F
:10F2A0006F6D706C657465640075785F73797374E5
:10F2B000656D20696E697469616C697A6564207333
:10F2C00075636365737366756C6C79000D0A2A2A21
:10F2D0002A2A2A2A2A2A2A2A2A2A2A2A2A2A2A2A8E
:10F2E0002A2A2A2A2A2A2A2A2A2A2A2A2A2A2A2A7E
:10F2F0002A2A2A2A2A2A2A2A2A2A2A2A2A2A2A2A6E
:10F300002A2A2A2A2A2A2A2A2A2A2A2A2A2A2A2A5D
:10F310002A2A2A2A2A2A2A2A2A2A2A2A2A2A0D0A8A
:10F320002A20202052656E65736173204653502059
:10F330004578616D706C652050726F6A65637420EA
:10F34000666F7220555342585F504344435F4143B8
:10F350004D204D6F64756C652020202020202020DA
:10F360002020202020202020202020202020202A93
:10F370000D0A2A2020204578616D706C652050723E
:10F380006F6A6563742056657273696F6E202573AA
:10F39000202020202020202020202020202020206D
:10F3A000202020202020202020202020202020205D
:10F3B000202020202020202020202020202020204D
:10F3C0002A0D0A2A202020466C657820536F667427
:10F3D00077617265205061636B2056657273696F47
:10F3E0006E2025642E25642E2564202020202020D8
:10F3F000202020202020202020202020202020200D
:10F4000020202020202020202020202020202020FC
:10F4100020202020202A0D0A2A2A2A2A2A2A2A2ABB
:10F420002A2A2A2A2A2A2A2A2A2A2A2A2A2A2A2A3C
:10F430002A2A2A2A2A2A2A2A2A2A2A2A2A2A2A2A2C
:10F440002A2A2A2A2A2A2A2A2A2A2A2A2A2A2A2A1C
:10F450002A2A2A2A2A2A2A2A2A2A2A2A2A2A2A2A0C
:10F460002A2A2A2A2A2A2A2A0D0A52656665722021
:10F47000746F20726561646D652E7478742066699E
:10F480006C6520666F72206D6F72652064657461B3
:10F49000696C73206F6E204578616D706C652050CB
:10F4A000726F6A65637420616E640D0A4653502062
:10F4B000557365722773204D616E75616C20666FA0
:10F4C00072206D6F726520696E666F726D6174690E
:10F4D0006F6E2061626F757420555342585F5043C0
:10F4E00044435F41434D206D6F64756C650D0A00A8
:10F4F00046535020436F6D6D6F6E20496E697420C6
:10F5000053656D0075785F736C6176655F636C61E0
:10F5100073735F6364635F61636D5F6F75745F6D69
:10F5200075746578000D0A4552524F523A20257382
:10F530000D0A0075785F73797374656D5F696E6924
:10F540007469616C697A6520415049206661696C13
:10F5500065640075785F736C6176655F636C617379
:10F56000735F6364635F61636D5F62756C6B696E2B
:10F570005F746872656164005465726D696E616C78
:10F58000006674705F636C69656E745F7468726541
:10F5900061645F696E7075745F717565756500751E
:10F5A000785F6465766963655F636C6173735F63DD
:10F5B00064635F61636D5F6576656E745F666C61E1
:10F5C0006700546F207665726966792074686520DB
:10F5D000555342585F50434443206F7065726174C5
:10F5E000696F6E732C206F70656E20746865207370
:10F5F000657269616C207465726D696E616C206101
:10F600006E6420636865636B207468652073746141
:10F61000747573004572726F7220696E2070726F1C
:10F6200063657373696E672C20706C656173652008
:10F63000636865636B20616761696E0D0A000D0A7E
:10F640004572726F723A206D656D6F72795F616C91
:10F650006C6F636174655F727474206661696C6558
:10F66000640D0A005553425F4D454D5F424C4F4378
:10F670004B0075785F6465766963655F7374616379
:10F680006B5F636C61737320726567697374657215
:10F690006564207375636365737366756C6C79005C
:10F6A0007573625F706572695F7573627820696EE9
:10F6B000697469616C697A656420737563636573E5
:10F6C0007366756C6C79005043445F54534B000D66
:10F6D0000A546869732070726F6A65637420646588
:10F6E0006D6F6E73747261746573207468652062E7
:10F6F000617369632066756E6374696F6E616C69AE
:10F700007479206F662055534258204465766963AA
:10F7100065204344432041434D206D6F64756C6503
:10F720000D0A6F6E2052656E657361732052412021
:10F730004D435573206261736564206F6E2052657E
:10F740006E6573617320465350207573696E672030
:10F75000417A75726552544F532E20546865207556
:10F760007365722077696C6C2075736520616E20FB
:10F77000524120626F6172640D0A617320612043FF
:10F78000444320646576696365207768696368200F
:10F7900077696C6C20626520656E756D6572617449
:10F7A0006564206173206120434F4D20706F727437
:10F7B000207768656E20636F6E6E65637465642084
:10F7C000746F2074686520686F73742050432E0D29
:10F7D0000A4F6E63652074686520626F61726420F1
:10F7E000697320636F6E6E65637465642C20746842
:10F7F0006520757365722063616E2070726F766923
:10F80000646520696E7075742066726F6D2074680F
:10F81000652073657269616C207465726D696E61D3
:10F820006C2E0D0A546865207573657220696E70C0
:10F8300075742077696C6C206265206563686F65FC
:10F8400064206F6E207468652073657269616C2036
:10F850007465726D696E616C2E20546865206170EC
:10F86000706C69636174696F6E2073746174757311
:10F87000206D657373616765730D0A77696C6C2021
:10F88000626520646973706C61796564206F6E20B5
:10F89000746865204A2D4C696E6B20525454205672
:10F8A00069657765722E0D0A0075785F6465766903
:10F8B00063655F737461636B5F636C6173735F72C5
:10F8C0006567697374657220415049206661696C8F
:10F8D0006564000D0A456E74657220616E79206B57
:10F8E000657920746F206563686F206261636B20A7
:10F8F00074686520656E7465726564206461746106
:10F900000D0A5573657220496E7075743A00537410
:10F9100061747573206F6620555342204465766983
:10F9200063652069732072656D6F766564000D0AEA
:10F930004552524F523A207274745F6672616D651F
:10F94000776F726B5F696E6974206661696C65645C
:10F950000D0A006E616E007274745F70726F636581
:10F960007373696E675F626C6F636B0075785F6459
:10F9700065766963655F636C6173735F6364635F1E
:10F9800061636D5F777269746520415049206661DB
:10F99000696C65640043444341434D20416374698D
:10F9A00076617465204576656E7420466C61677378
:10F9B000007573625F706572695F757362785F6905
:10F9C0006E697469616C697A65204150492066618D
:10F9D000696C6564000D0A52545420726563656950
:10F9E00076656420616E20756E6B6E6F776E206D2C
:10F9F0006573736167652049440075785F736C6156
:10FA000076655F636C6173735F6364635F61636D8D
:10FA10005F696E5F6D757465780075785F736C6192
:10FA200076655F636C6173735F6364635F61636D6D
:10FA30005F62756C6B6F75745F746872656164008A
:10FA4000286E756C6C2900303132333435363738D6
:10FA500039414243444546D4206200220000000060
:10FA60000000000000000000000000000000000096
:10FA7000000000000000000000000000010503007D
:10FA800000000000010098000000000000000000DD
:10FA900000000000300100227CFA00021C610022FC
:10FAA00094FA000294000102000403000000000028
:10FAB00001009900917F000200000000000000009A
:10FAC00040010022A8FA000234610022C0FA0002BC
:10FAD000940001020201008000000000000000000C
:10FAE00000010203DFDFDF0C0C0C0CFFFFFF000046
:10FAF0000000000000000000C8FA00029CFA0002AA
:10FB000000000000008000000000000000800000F5
:10FB100001000000008000000200000000800000E2
:10FB200003000000008000000400000000800000CE
:10FB300005000000008000000600000000800000BA
:10FB400007000000008000000800000000800000A6
:10FB500009000000008000000A0000000080000092
:10FB60000B000000008000000C000000008000007E
:10FB70000D000000008000000E000000008000006A
:10FB80000F00000000000000000100000000010262
:10FB90000101000000000103020100000000010358
:10FBA00003010000000000000A0100000000011530
:10FBB0000B010000000001020C0100000000010622
:10FBC0000D010000000401060E0100000004010602
:10FBD0000F0100000000010001020000000001030D
:10FBE0000202000000000103030200000000010304
:10FBF0000402000000000103050200000000011AD9
:10FC000006020000040000000702000000000100DE
:10FC100008020000000001000902000000000100CD
:10FC20000A020000000001000B02000000000100B9
:10FC30000C020000000001000D02000000000103A2
:10FC4000000300000000011A040300000000011A74
:10FC5000050300000000011A060300000000011A5D
:10FC6000070300000000011A080300000400000060
:10FC7000090300000000011A0A0300000000011A35
:10FC80000B0300000000011A0C030000000000003C
:10FC90000D030000004000000E03000000000106FC
:10FCA0000F03000000000105000400000000010532
:10FCB000010400000000011A020400000000011A03
:10FCC000030400000000011A040400000000011AEF
:10FCD000050400000000011A0604000000000113E2
:10FCE00007040000000001130804000000000113D5
:10FCF00009040000040000000A04000000000000E5
:10FD00000B040000040000000C04000004000000CC
:10FD10000D040000000001040E04000000000104B6
:10FD20000F040000008000000005000000800000BB
:10FD30000105000000800000020500000000000036
:10FD4000030500000000000004050000040000009E
:10FD50000505000000000103070500000000010385
:10FD6000080500000500000009050000050000006E
:10FD70000A0500000000011A0B0500000400000045
:10FD80000C050000008000000D05000000040107C4
:10FD90000E050000000401070F050000000001032C
:10FDA000000600000000010301060000000001033E
:10FDB000020600000000010303060000000001032A
:10FDC000040600000000010305060000000401060F
:10FDD00009060000000001060A06000004000000F9
:10FDE0000B060000000001030C06000000000103E8
:10FDF0000D060000050000000E06000000000102D4
:10FE00000F0600000000011A000700000000011AA0
:10FE1000010700000000011A020700000000011A9B
:10FE2000030700000000011A040700000000011A87
:10FE3000050700000000010906070000004000005F
:10FE4000070700000000011A080700000000011A5F
:10FE500009070000000001040A0700000000011A61
:10FE60000B0700000000011A0C0700000000011A37
:10FE70000D0700000000011A0E07000000400000FE
:10FE80000F07000000000000000800000040000014
:10FE9000020800000040000003080000000001020A
:10FEA0000408000000800000050800000080000039
:10FEB000060800000400000008080000040000001C
:10FEC00009080000008000000C0800000400000089
:10FED0000D080000000001130E08000000000113CF
:10FEE0000F080000050000000009000000000000ED
:10FEF0000109000004000000040900000000011ACC
:10FF0000050900000000011A060900000000011A9E
:10FF1000070900000000011A080900000000011A8A
:10FF200009090000000000000B09000000000000AB
:10FF30000C090000040000000D0900000000000092
:10FF4000000A000000000104020A00000000010491
:10FF5000030A000005000000040A00000000010D73
:10FF6000050A000004000000060A0000000000006E
:10FF7000070A000000400000080A000000400000DE
:10FF8000090A0000004000000A0A00000400000006
:10FF90000B0A0000000001050C0A0000000001052A
:10FFA0000D0A0000000001050E0A00000500000017
:10FFB0000F0A00000000011A000B00000000011AE7
:10FFC000010B00000000011A020B00000000011AE2
:10FFD000030B00000000011A040B000000400000A9
:10FFE000050B000004000000060B000000000000EC
:10FFF000070B00000000011A080B00000000011AA6
:020000040201F7
:10000000090B00000000011A0A0B00000000011A91
:100010000B0B00000000011A0C0B00000000011A7D
:100020000D0B00000000011A0E0B00000000011073
:100030000F0C000000000110000D00000000011571
:10004000010D000000000115020D00000000011567
:10005000030D000000000115040D00000000011553
:10006000050D000000000115060D0000000001153F
:10007000070D0000AE00000004FB000200000000BD
:100080009A009B009800990040004100020403047C
:100090000404D4D4E1B8000261B9000279B90002C5
:1000A000E1B90002F1B9000219BA000229BA00024E
:1000B00039BA000269BA0002C9BA0002D1BA000214
:1000C0000000006800000068000000800000008060
:1000D00000000070000000700002002200020022F8
:1000E0000B000000F8000102190000007C01010271
:1000F00004000000C0000102000000680000006869
:100100000001000D00000068000000680001000D03
:100110000000008000000080000100080000008056
:100120000000008000010008000000700000007066
:100130000001000A00000070000000700001000AC9
:100140000000000000000000010000050000002089
:100150000000002001000004000200220002002232
:10016000000000033006002220830022000000036C
:10017000208300222083002200000003000000688A
:1001800000000068000000900001090D00000068F8
:10019000000000680000007800010B0D00000068FE
:1001A00000000068000000270001020D0000006848
:1001B00000000068580000020001010D00000080EE
:1001C000000000800000009000010908000000808D
:1001D000000000800000007800010B080000008093
:1001E00000000080000000270001020800000080DD
:1001F00000000080580000020001010800000070AB
:1002000000000070000000900001090A000000706A
:10021000000000700000007800010B0A0000007070
:1002200000000070000000270001020A00000070BA
:1002300000000070580000020001010A00000000E8
:10024000000000000000009001010905000000000E
:10025000000000000000007801010B050000000014
:10026000000000000000002701000205000000005F
:1002700000000000580000020100010500000020FD
:10028000000000200000009001010904000000208F
:10029000000000200000007801010B040000002095
:1002A00000000020000000270100020400000020E0
:1002B000000000205800000201000104000000229C
:1002C000000000220000009000010903000000224D
:1002D000000000220000007800010B030000002253
:1002E000000000220000002700000203000000229E
:1002F000E4010022580000020000010320830022D4
:10030000208300223C0200020000010306000000DE
:100310000800000003000000050000000A000000C3
:1003200001000200080010002000D4D4D4D4D4D49A
:1003300000000000000000000000000000000010AD
:100340000000000000000000B9340332B7F4AD141F
:1003500010DB1AB30892540E0D307D951447BA1A6B
:1003600066088F4D26ADC66DF598BF85E2B745117D
:10037000CA96853D92BD1DEBFCA11860DCEF5216BC
:100380003C92AE220BB8C1B4839D2D5B0562DA1C92
:10039000304C7E8F4E8BB25B16F4529F8B56A5125B
:1003A000FBD4827643ED8AF08FE7F9311565191891
:1003B00050F19BD94A13EEB4284CF0A686C1251FF4
:1003C000035FC270CB9E4916E642889C44EB201422
:1003D000B0650836AD6EA58585F0CA14E2FD031A36
:1003E0000B899979D5B13D09D8DA973A35EBCF1019
:1003F000AC363F5E73BB38CF3E6752FA44AFBA1596
:1004000001000000000000000500000000000000E6
:1004100019000000000000007D0000000000000046
:100420007102000000000000350C00000000000018
:10043000093D0000000000002D3101000000000017
:10044000E1F505000000000065CD1D000000000082
:10045000F902950000000000DD0EE9020000000036
:10046000514A8D0E000000009573C2480000000044
:10047000E941CC6B010000008D49FD1A0700000026
:10048000C16FF28623000000C52EBCA2B10000009F
:10049000D9E9AC2D780300003D9160E458110000CB
:1004A00031D6E275BC560000F52E6E4DAEB101009E
:1004B000C9EA268367780800ED95C28F055A2A009D
:1004C000A1EDCCCE1BC2D30025A4000A8BCA220406
:1004D000000000000000000000000000000000001C
:1004E00000000040955969595555545515555556B4
:1004F000040515411054554045515544404550445C
:1005000050555545004000404004449665555655A9
:10051000454045545141154055915555555540510B
:1005200005010000D4D4D4D4010000000000000074
:100530000000000000000020345065C05FC9A652D2
:10054000BB13CBAEC440C21806C8DF7100D5A87C6F
:10055000F56F0FDA58FC27136E4756357D2420655A
:1005600002C7E768E48CA41DE9E60268D7CD3961CB
:100570007977FCC2405BEF16798CDE43FFA751F917
:1005800091F3B278F5BDBE11E857E9D6E8BEE87B35
:10059000B054AC8F848D751BEA23A499E9F9D38BF1
:1005A000B7A3714061DA3E15CEE33ECB73F948083C
:1005B0008C97B427D51B7010A2BFEFB9EB8532150D
:1005C0004DB44DB49BBB6F1996B6076CF8E7EEAD12
:1005D00036D9B4F59135AE13222218AF4E6A684D64
:1005E00091DAAA3D4F40741E9FBD9EE006A1C098BF
:1005F00057C2A7FDA40E90170E7D497173E3208F9B
:10060000B220D87605143B12853D7434811343B073
:10061000AD297A5F27F4351C5445545445550504DB
:10062000001004101404400000000140555515410D
:100630005404000044000100000000404100004458
:1006400050444550540055555455655100400040A4
:100650000100000100050100115451515455550588
:100660000015415000000440100104050000000086
:1006700000000606362E362E30004275696C742056
:10068000776974682052656E657361732041647682
:10069000616E63656420466C657869626C652053A1
:1006A0006F667477617265205061636B6167652066
:0E06B00076657273696F6E20362E362E30001E
:0200000402C92F
:04F04000FFFFFFFFD0
:04F04400EDFFFFFFDE
:04F0C000FFFFFFFD52
:04F0C400FFFFFFFF4C
:04F1200000000000EB
:04F1240000000000E7
:040000050200C741ED
:00000001FF
