:020000040200F8
:10000000C0100022F1C70002C1C6000201C80002F0
:1000100001C8000201C8000201C8000201C80002B4
:1000200000000000000000000000000001C8000205
:1000300001C8000200000000F1A1000271A200024C
:0C00400079B4000201B6000271BC00029D
:1000500000001028000000000000000000008000E8
:10006000010400007803010299A700028CE6002237
:100070000000000000020000010100DF01DF02FFBC
:1000800002FF0000F0F0F0F0454C2046494C455886
:10009000F800000001000000436F70797269676822
:1000A0007420286329204D6963726F736F66742012
:1000B000436F72706F726174696F6E2E20416C6C49
:1000C00020726967687473207265736572766564FF
:1000D0002E20202A202046696C65582047656E65D1
:1000E0007269632056657273696F6E20362E312EE9
:0400F00035202A008D
:100100002DE9F04381B041F2F0061546C2F2002617
:10011000884607463378532B36D0A82130460CF05A
:1001200030FE0320306170614FF6807041F298110B
:10013000C0F20020B061C2F20021F1614FF4006111
:1001400031620021B1627162F16241F6981230664B
:100150004FF0100E4FF23640C2F200227266C6F81F
:1001600068E03167F1667167BFF35F8FC0F200200E
:100170000F30314600BF00BF10F8012901F8012BF4
:100180000FF007C0BFF35F8F07EB470006EBC0001F
:1001900000F16009C76E046FBC4213D9D9E90101AF
:1001A000091BA94251EA35860119404632460CF036
:1001B000EDFD3019D9F80810411AB04450EA118405
:1001C000AD1B00E00026381BA84250EA358545B13A
:1001D000D9F804002A46011940460CF0D7FD2E44F8
:1001E0002C44002E304618BFC9F8104001B0BDE8BD
:1001F000F083D4D4D4D4D4D410B50B46EFF3118407
:100200004FF0200181F311881946FFF779FF84F33D
:10021000118810BDD4D4D4D42DE9F04381B000EBC3
:10022000400041F2F003C2F20023154603EBC00385
:10023000894603F11808D86A022819D001280CD081
:1002400048B9D8F80C40D8F81000E143A04267D96B
:100250000844A8426AD2002689E0D8F80C40D8F8B1
:100260001010A14233D9E0430144D8F8080033E02C
:10027000D8F80C40002621E0D8F8081010440844B3
:10028000091B884250EA31804946A84250EA358726
:10029000D8F8040020443A460CF078FD3819D8F814
:1002A0000810411AA5EB070550EA11843E44B944F1
:1002B000002DBFF35F8FC8F80C4058D0D8F810005D
:1002C000E243A042D8D91044D8F80810D8E7E24356
:1002D000D8F8080011440144A94251EA3586051BAB
:1002E000D8F804002044AE4209D2494632460CF008
:1002F0004DFDBFF35F8F3019C8F80C0037E0494659
:100300002A460CF043FD771BD8F8040009EB0501E1
:100310003A460CF03BFDBFF35F8FC8F80C7026E047
:10032000D8F8082008441044A84294D3D8E9010121
:100330000E1B2044B54209D249462A460CF026FD40
:10034000BFF35F8F6019C8F80C000FE049463246D2
:100350000CF01CFDAF1BD8F8040009EB06013A466F
:100360000CF014FDBFF35F8FC8F80C702E463046BA
:1003700001B0BDE8F083D4D4F0B581B041F2F0050E
:100380000C46C2F200252B78532B37D00646A82105
:10039000284617460CF0F5FC0320286168614FF6EB
:1003A000807041F29811C0F20020A861C2F20021D1
:1003B000E9614FF4006129620021A9626962E96282
:1003C00041F6981228664FF0100E4FF23640C2F2F6
:1003D00000226A66C5F868E02967E9666967BFF3C5
:1003E0005F8FC0F200200F3010F8011905F8011BD3
:1003F0000FF007C03A463046BFF35F8FEFF3118529
:100400004FF0200181F311882146FFF705FF85F3A6
:10041000118801B0F0BDD4D410B541F2F004C2F29D
:1004200000242078532837D0A82120460CF0A9FCBE
:100430000320206160614FF6807041F29811C0F294
:100440000020A061C2F20021E1614FF4006121624D
:100450000021A1626162E16241F6981220664FF0CC
:10046000100E4FF23640C2F200226266C4F868E015
:100470002167E1666167BFF35F8FC0F200200F3034
:10048000214600BF00BF00BF10F8012901F8012B71
:100490000FF007C0BFF35F8FE06E216F81425FEA0C
:1004A0000F9010BDD4D4D4D42DE9F04F9BB0924618
:1004B0000F464FF0000903901A900DF1580B0020E1
:1004C00006A9169140211791CDE918990EE0011D5A
:1004D000CAF800100168CDE900385846234600F0FC
:1004E0000BFA1998B0F1FF3F40F3008217F8011B97
:1004F00025291DD0002900F0E981DDE91720431CE2
:10050000934207D8169A115418931998179A0130E4
:10051000199018469042E4D116991A98FFF72CFFCB
:100520001899884240F0CD81CDF86090D9E700BF9E
:100530004FF000083978A1F123030D2B18D80222BF
:10054000DFE803F00E1616161616161610161216FB
:10055000160748EA02080137ECE700BF00BF00BFFA
:100560000822F6E70422F4E70122F2E700BF00BF09
:10057000A1F13A02002312F10A0F0FD300BF00BF0E
:100580000A4617F8011F03EB8303A1F13A0602EBB9
:10059000430216F10B0FA2F13003F1D82E290FD12F
:1005A0003A4612F8016F2A2E0DD1DAF80010023700
:1005B0000A1DCAF800200C6801211DE000BF00BF21
:1005C0000021002418E0A6F13A0717F10A0F02D221
:1005D000002100240FE0002412F8011F04EB84071F
:1005E000A1F13A0506EB470715F10B0FA7F130040F
:1005F0000E46F1D80121174617F8012B02F0FB0631
:10060000682EF9D0A2F15806202E26D8DFE806F091
:100610001211111111111111111111163C11111199
:1006200011111111111111116911117611381111D6
:10063000120056E7DAF80000102248E7DDE917203B
:10064000411CDAF80030914203F10406CAF8006058
:100650003FF660AF169A1B680AE0252A7FF441AF87
:10066000DDE91720411C91423FF654AF169A25232D
:10067000135418911998179A01301990084649E7B0
:10068000DAF800000A2222E7DAF800100A1DCAF898
:10069000002009680591002951EA51B201210A2A76
:1006A0000EDB4CF6CD4CCCF6CC4C00BF00BF00BFEF
:1006B000A2FB0C56632A01F101014FEAD602F7D8DA
:1006C0008C4254EA81895E46002B54D0059908F08B
:1006D000040200295FEA5F9141EA9201A3EB010B5A
:1006E0004BE0DAF800001022011DCAF80010016882
:1006F00008230820CDE900095846F0E6DAF8002082
:10070000131DCAF8003012684FF2C573002AC0F2F8
:10071000002352EA13865FEA01880AE000BF00BFA7
:100720001998CDF86090B0F1FF3FA4F101047FF774
:10073000D8AE16F8011B002C5FEA188200293FF49E
:10074000D0AE002A7FF4CDAEDDE917235D1C9542C3
:1007500007D81698C1542B461998179A0130189546
:1007600019909342DFD116991A98FFF705FE189950
:100770008842D5D0A5E04FF0000B5FEA8871049164
:1007800018D5BCB90598B0F1FF3F3DDD5FEA487070
:1007900057D5DDE91720411C914208D8169A2B2322
:1007A000135418911998179A0130199008469042DD
:1007B0003ED046E05FEAC871E4D1BBF1000FE1D062
:1007C000ABF101055D4538BFD945DBD2DDE9172125
:1007D0004B1C934208D81698202242541946199867
:1007E000179A013018931990914209D116991A98C5
:1007F000FFF7C2FD1899884263D10020189019981C
:100800000028AB46DCD558E0DDE91720411C9142B9
:1008100008D8169A2D23135418911998179A013055
:100820001990084690420598C0F10000059008D143
:1008300016991A98FFF7A0FD1899884241D1002017
:1008400018901998002851D4049900290BD40A2231
:10085000304605992346CDE900B8B34600F04CF880
:100860004FF000093DE608F001012143EFD1BBF153
:10087000000FECD0ABF101055D4538BFD945E6D29C
:10088000DDE917214B1C934208D8169830224254B8
:1008900019461998179A013018931990914209D165
:1008A00016991A98FFF768FD1899884209D1002017
:1008B000189019980028AB46DCD54FF00009B346D4
:1008C0000FE64FF0FF301BB0BDE8F08F40B1189A33
:1008D00052B106A90398FFF74FFDDDE9181004E0B7
:1008E00000201BB0BDE8F08F002108441BB0BDE81C
:1008F000F08FD4D4D4D4D4D42DE9F04F81B01546A0
:100900008B4691421F460446DDF828904FF00100C7
:1009100007D3594600BF00BFB1FBF5F10130A94232
:10092000FAD2874257EA8088B9F1000F0B9938D084
:1009300011F0010035D188074FF0200048BF30206A
:100940002021002F50EA01864FF0000A06E000BF88
:10095000E068A9F10109B0F1FF3F22DDB9F1000F14
:100960001FD0C8451DD2D4E90120411C914207D8AF
:1009700022681654A160E06862680130E0600846B1
:100980009042E5D121682069FFF7F6FCA168884212
:1009900002D1C4F808A0DBE74FF0FF30E060A9F116
:1009A0000109E068002842D4012603E000BF00BF2F
:1009B000013F6E43022FFBD2BBFBF6F1A942F8D2F6
:1009C00040F2E627A268C0F2012700BF00BF00BFC7
:1009D0006168531CBBFBF6FA8B4209D8206817F8F4
:1009E0000A1081541A46E06861680130A360E06033
:1009F0008A4209D121682069FFF7BEFCA2689042B3
:100A00000CD10022E068A26000280AD4B6FBF5F100
:100A10000AFB16BBB5420E46DAD902E04FF0FF30B2
:100A2000E0600B99C90718BFB9F1000F02D101B0FE
:100A3000BDE8F08F2025A9F101064E4538BFC84515
:100A4000F5D26168531C8B4207D8206885541A463A
:100A5000E06861680130A360E0608A4209D12168E2
:100A60002069FFF789FCA168884207D10022E0686D
:100A7000A260B0F1FF3FB146DDDCD8E74FF0FF30B8
:100A8000E06001B0BDE8F08F82B080B582B0CDE902
:100A9000042304AA019201AAFFF706FD02B0BDE8F3
:100AA000804002B07047D4D4B0B582B041F6A810EF
:100AB00040F2F81141F6DC12C2F20020C0F201212E
:100AC000C2F200224FF480733425009503F074F9CC
:100AD00008B102B0B0BD41F6DC204FF6F43141F66A
:100AE0001433C2F20020C0F20021C2F2002301221E
:100AF00038241425CDE9005403F0AAFA40B141F698
:100B0000A8110446C2F20021084603F0C5F91FE00F
:100B100041F628304FF2474141F66033C2F20020DF
:100B2000C0F20021C2F200230122CDE9005403F0FB
:100B30008FFA80B141F6A8110446C2F2002108469E
:100B400003F0AAF941F6DC20C2F2002003F0F8FA23
:100B5000204602B0B0BD002002B0B0BDD4D4D4D481
:100B600080B541F6A810C2F2002003F095F941F6D5
:100B7000DC20C2F2002003F0E3FA41F62830C2F292
:100B8000002003F0DDFA4FF670610020C0F2002172
:100B90000122FFF779FF00BE80BDD4D4D4D4D4D4D1
:100BA000BCB000F0A9FE01200021002200F044FEAC
:100BB0004EF2AC6040F2AC31C2F20020C0F2012132
:100BC00009F0DEFB1A9060B14FF231620320C0F2EF
:100BD00000222A2100F030FE1AAA0420042100F08D
:100BE0002BFE07F019FD41F674354EF2C060C2F2DB
:100BF0000025C2F20020022103224FF4FA63009381
:100C00002B4603F0D5F9199048B92868022806D177
:100C10004FF29D520220C0F2002217210CE04FF249
:100C2000E76214201A90C0F2002203202D2100F068
:100C300003FE1AAA0420042100F0FEFD11AF0026D5
:100C400038462E60CDE9176607F10C083C1DCDE94A
:100C50001566CDE91366CDE911660CF072F946F21E
:100C600053513A18C2F27001395043F2310043F245
:100C70003021C3F2202050603846C0F23601916026
:100C80000CF05FF92021395238460CF05AF9391826
:100C900043F23142C3F23A123A5043F630200E7218
:100CA000C3F23130486020460EF061FA41F67834E4
:100CB0000646C2F200246060F81D0EF058FA814624
:100CC000A06040460EF053FAE06007F10F000EF00E
:100CD0004EFA206107F112000EF049FAB6F5FA6FEC
:100CE000606102D9A6F5166666609DF84400413839
:100CF000122813D80221DFE800F00A111119112F70
:100D00001111111B111121131511111117009DF84B
:100D100045000821702808BF04211DE021681CE05F
:100D20000B2119E00A2117E0092115E00C2113E03D
:100D30009DF84500612808D101210DE09DF846008D
:100D40000521722808BF032106E09DF846006E28A1
:100D50004FF0060050EA009121604846324609F003
:100D600067F904F10C0207CA09F08AF944F2480154
:100D700042F2B840C2F200210091029041F6903058
:100D80004FF265514AF2C13240F2BC33C2F2002048
:100D9000C0F20021C0F20022C0F201234FF400771C
:100DA000019709F0B1F8199060B14FF2B4520320E5
:100DB000C0F20022132100F03FFD19AA04200421F3
:100DC00000F03AFD1BAC4EF2C06704F12800109011
:100DD00004F12C000F9004F134000E9004F1300067
:100DE0000D9004F138000C9004F13C000B9004F1DC
:100DF00040000A900FF2887041F6903A04F1140B0B
:100E00004FF00008C2F2002790ED009F0DF1B306ED
:100E1000C2F2002A05E000BF0420042119AA00F054
:100E20000BFD0121032238462B46CDF8008003F04C
:100E3000BFF8199000BB286801281DD14FF2147229
:100E400002203821C0F2002200F0F6FC0221032229
:100E50004FF0FF30009038462B4603F0A9F8199068
:100E600050B92868022807D14FF29D52022017215D
:100E7000C0F2002200F0E0FC46F25F4042F66561FD
:100E8000C7F269203A9046F27450C7F67401C7F26F
:100E9000734039907420ADF8E000379145F66571E4
:100EA000ADF8D00042F66F60C6F66F61369146F23B
:100EB0002F61C7F67400339045F66570C6F6694138
:100EC000C7F27470CDE9311047F67400C0F27400B7
:100ED000309046F272503591C2F665602F9045F61B
:100EE00065700022C6F67400CDE92D1005200021A2
:100EF000C5F800808DF8EC8000F09EFC8DF8B38082
:100F0000304600F0D5FC08B12FF007C09DF8B300C3
:100F1000032875D002284BD0012840F08D80012194
:100F2000032238462B46CDF8008003F041F810B973
:100F30002868012870D04FF2FF5202203221C0F2FF
:100F4000002200F079FC012002F092FB4FF2B74240
:100F50000121CDE908114FF40070C0F20022079181
:100F6000CDE901214FF480724AF2C13144F24803C5
:100F7000CDE903284FF465120090C0F20021CDE9BD
:100F8000052040F2BC325046C0F20122C2F20023DA
:100F900008F07EFF002800F0E9804FF28042814691
:100FA00003201921C0F2002204E100BF00BF00BFEE
:100FB0000121032238462B46CDF8008002F0F8FFCD
:100FC00010B92868012827D040F27C0202202B218A
:100FD000C0F20122CDF86C8000F02EFC5046214674
:100FE00009F00AF8002800F0908040F2A70281463C
:100FF00003201E21C0F20122DCE000BF00BF00BFC1
:101000000121032238462B46CDF8008002F0D0FFA4
:10101000E8B9286801281AD14FF2C75203203821B5
:10102000C0F20022C5F8008000F006FC4FF0020973
:10103000C2E000BF00BF00BF40F25E0202201E21DE
:10104000C0F2012200F0F8FBCDF86480E9E644210B
:1010500020460BF096FE4FF2E04202205321C0F2F0
:10106000002200F0E9FB0E9800900F9801900D9877
:1010700002900C9803900B9804900A9805905046A3
:1010800021465A46109B08F023FD30B340F230024F
:101090008146C0F201228BE040F220305946C0F276
:1010A000012090E8BC00BCC11BAC072044212246B3
:1010B00000F0C2FB0E9800900F9801900D980290DE
:1010C0000C9803900B9804900A980590504621467E
:1010D0005A46109B08F028FDD0BB9DF88000C10641
:1010E000DAD4C00708D140F2F8215846C0F20121F5
:1010F00007E000BF00BF00BF40F20C315846C0F20D
:10110000012191E8BC00BCC0CEE7062004212246A4
:1011100000F092FB1B98B0F5007F36D340F2852299
:1011200002203821C0F2012200F086FB504639A986
:10113000CDF86C8008F0B4FC002869D081460B28FB
:101140007DD14FF6014202202221C0F2002265E04B
:1011500081460F2824D14EF2C06741F67435C2F2A1
:101160000027C2F20025CDF864805AE64FF65E7281
:1011700002202221C0F2002200F05EFB4EF2C06786
:10118000CDF86480C2F200274BE640F2FA02032059
:101190004121C0F2012200F04FFB4FF00A090BE0A1
:1011A0004FF69C7241F67435C0F20022C2F200255F
:1011B00003202E2100F040FB4FF2725203202B211E
:1011C000C0F20022CDF8649000F036FB504608F0E3
:1011D0002FFE38B14FF6F17203201821C0F2002221
:1011E00000F02AFB4EF2AC60C2F2002009F0DCF8FD
:1011F0004EF2C0670028C2F200273FF40DAE40F265
:10120000C50203202821C0F2012200F015FB03E6ED
:101210004FF6906202202421C0F2002200F00CFB65
:10122000504635A908F0C4FC80B181460B2824D172
:101230004FF26C7202201E21C0F200220CE04FF22D
:101240005B6203201F21C0F20022B3E74FF2C042CD
:1012500002202021C0F2002200F0EEFA504631A90F
:1012600008F0A6FC80B181460B2824D14FF6241249
:1012700002201E21C0F200220CE04FF2CC620320BB
:101280001B21C0F2002295E74FF26042022020218C
:10129000C0F2002200F0D0FA50462DA908F088FCD8
:1012A00080B181460B2843D14FF2994202201E2182
:1012B000C0F200220CE04FF6421203201B21C0F2C4
:1012C000002277E74FF24C7202202021C0F2002268
:1012D00000F0B2FA5046214608F08EFE00287FF456
:1012E00084AE06200421224600F0A6FA1B98B0F531
:1012F000205F24D34FF28A7202203B21C0F20022E9
:1013000000F09AFA4EF248270123C2F200274FF468
:10131000F07000905046394635AA08F0C9FCA8B1D3
:101320004FF23352814603201621C0F200229BE087
:1013300040F23B1203201B21C0F201223AE74FF298
:10134000CC7203203F21C0F2002224E7002138465E
:1013500008F036FD38B140F23522814603201C21C9
:10136000C0F2012280E049F248204FF4A041C2F2CD
:1013700000200BF006FD4FF4A06028EF580140F06C
:1013800001E044F24820C2F20020082100BF00BF63
:10139000A0EC101E11EE410F0FF007C04EF24820D6
:1013A00044F248214FF42052C2F20020C2F2002140
:1013B00008F01EFD38B14FF60E728146032017214A
:1013C000C0F2002250E04FF4FA6000904EF2C0608C
:1013D0004FF480710322C2F200202B4602F0E8FD98
:1013E00058B92868B0F5807F07D140F25612022024
:1013F0001D21C0F2012200F01FFA41F67837C5F82E
:101400000080C2F20027D7E9003CD7E90221CDE9EC
:1014100000C135A9D7E9040ECDE9020E504608F007
:10142000DFFB38B140F2BD22814603202221C0F209
:10143000012219E04EF24820C2F2002008F0A0FB81
:1014400038B14FF63972814603201721C0F20022CD
:101450000AE0504608F004FD78B14FF24952814647
:1014600003201821C0F2002200F0E6F94FF66012C6
:1014700003202921C0F200229CE64EF248270023D7
:10148000C2F200274FF4F07000905046394635AA5A
:1014900008F00EFC48B14FF233528146032016216A
:1014A000C0F2002200F0C8F95BE049F248214EF298
:1014B00028434FF420523846C2F20021C2F20023E2
:1014C00008F05AFC48B14FF6B46281460320162159
:1014D000C0F2002200F0B0F943E04FF4FA6000904F
:1014E0004EF2C0604FF480710322C2F200202B46FE
:1014F00002F05EFD58B92868B0F5807F07D140F250
:10150000731202202921C0F2012200F095F94EF257
:101510004820C5F80080C2F2002008F031FB48B135
:101520004FF63972814603201721C0F2002200F0E5
:1015300083F916E044F2482049F248214FF4205242
:10154000C2F20020C2F200210DF0CAFE80B14FF6B7
:10155000CA7203202721C0F2002200F06DF94FF07B
:10156000950940F20D2203202821C0F2012221E634
:1015700040F29C1202202121C0F20122FCE500BFB2
:10158000000001000200030004000500060007003F
:101590000088411E80EA01028A420CD990FAA0F02C
:1015A000B0FA80F0082809D0012805D0002818BF1B
:1015B0007047012104E07047022101E04FF480717F
:1015C0004EF2C0600022C2F2002002F02DBDD4D441
:1015D000022818BF70474EF2B86040F22841C2F2AC
:1015E0000020C0F201210AF087B8D4D4D4D4D4D4D6
:1015F000B2B00020CDF8570015900990CDE9130046
:1016000002F052FA4FF623420346C0F200220DF1D7
:10161000290023210BF0DBFCFFF746FA80B140F2F2
:10162000BD110446C0F201210020FFF72DFA4FF64C
:1016300070610020C0F200212246FFF725FA00BEAB
:1016400017A841F6DC244FF623464FF6F13907463A
:10165000C2F2002431ADC0F200260DF1A108C0F2A3
:1016600000290DF14C0A1430089004E000BF00BFBF
:10167000012001F0FDFFFEF7CFFE00283DD0002045
:101680000F225146FEF7B8FD00F10A020020179024
:1016900041F6A8104FF0FF33C2F20020394602F0A5
:1016A0004FFB48B14FF27A610020C0F20021FFF7F2
:1016B000EBF922E000BF00BF179809904FF0000B34
:1016C00080F800B050460BF03CFC0999421C01F137
:1016D0000900C1F8012051460BF058FB41F62830B3
:1016E0004FF0FF32C2F2002009A902F061FDCDE9FE
:1016F00013BBCDF854B0CDF857B0002031900AE0BC
:10170000FFF7C2F900204946FFF7BEF9319802F011
:10171000DBFB0A28ACD001222046294602F028FD36
:101720000028F6D1319823213246D0F805304046C2
:101730000BF04DFC319801780139062940D8DFE8DB
:1017400001F00A452832044F59004FF60B010020E2
:10175000C0F20021D4E70020179038460AF064FF59
:101760009DF85D109DF85E209DF85F30CDE9002169
:101770004FF642414FF261520020C0F20021C0F208
:101780000022FFF781F94FF689110020C0F20021F5
:10179000B6E74FF6507100F109020020C0F20021B7
:1017A000FFF772F9AEE7D0F80920002AAAD04FF669
:1017B00070610020C0F20021FFF766F900BEA1E7CA
:1017C00040F251210020C0F2012199E74FF65D114E
:1017D00000F109020020C0F20021FFF755F991E75E
:1017E00040F20901D0F809200020C0F20121FFF7E2
:1017F0004BF987E700F10901442238460BF0C6FA9D
:1018000021ABA346DDE9254CB646279ECDE905C6AA
:101810000FCBCDE9000202A83A4676461AC04FF631
:10182000CA610020C0F20021089B5C46FFF72CF93A
:1018300068E7D4D4D4D4D4D4F0B583B0064600201D
:101840000190029041F6A81015460C4601F10902DC
:10185000C2F2002002A94FF0FF3302F071FA50B13A
:101860004FF2A5610020C0F200210027FFF70CF91C
:10187000FFF776F901E0029F01973E7002F014F93C
:10188000C7F8050007F1090029462246C7F80140BC
:101890000BF07CFA41F6DC2001A9C2F200204FF0E7
:1018A000FF3202F085FC03B0F0BDD4D4D4D4D4D43C
:1018B000B0B582B004460020019041F62830C2F253
:1018C000002001A9FF2202F053FC08B102B0B0BD14
:1018D000019850B1017841B900F109010546084667
:1018E0000DF045FC01462846217002F0EDFA02B0E9
:1018F000B0BDD4D4D4D4D4D4F0B58FB040F2343108
:101900000DF1180CC0F2012162460CF10804E8C97F
:10191000E8C291E8E900E9C20CF10C05002700BF1C
:101920000698002122462B46CDE900770297CDE9A3
:10193000037702F095FD099931B90646012001F0BF
:1019400097FE0EB92FF015C00FB0F0BDD4D4D4D48B
:10195000006809F029BDD4D480B54EF2C06040F2D1
:101960007621C2F20020C0F20121242202F0C4FA42
:10197000002808BF80BD4EF2C0600021C2F20020E6
:10198000BDE8804000F044B880B588B04EF2947055
:101990004EF6C022C2F20020C2F2002200234FF015
:1019A000B00C01680131016001204FF48051CDE994
:1019B000002140F2ED0141F6F912C0F20121CDE91A
:1019C0000200C0F20022CDF818C0CDE904004EF2AA
:1019D000E460C2F2002002F08FFC48B14EF2E460F5
:1019E0000021C2F2002008B0BDE8804000F010B82D
:1019F00008B080BDD4D4D4D480B500F039F8BDE8A7
:101A00008040FFF7CDB8D4D4FFF7A6BFD4D4D4D448
:101A100000BE7047D4D4D4D47047D4D4D4D4D4D452
:101A200080B54EF294704EF29872C2F20020C2F26B
:101A3000002200211C23016011704EF29C704FF6B1
:101A40002571C2F20020C0F20021012202F0D0FB79
:101A500030B14EF29C700021C2F20020FFF7D8FF97
:101A6000FFF792FF00F048F8BDE88040FFF7D4BFD1
:101A7000B0B54EF29C704FF0FF31C2F2002002F080
:101A800017FC30B14EF29C700021C2F20020FFF72B
:101A9000BFFF4EF29870C2F20020017801B1B0BDD4
:101AA00001210170FFF7B0FF4EF29475C2F20025DC
:101AB00028680138286008BFB0BD4EF29C74C2F29D
:101AC000002405E000BF00BF286801382860E6D088
:101AD000204602F005FC0028F6D000212046FFF742
:101AE00097FFF1E7D4D4D4D480B500F0A9FC00204E
:101AF00080BDD4D4D4D4D4D480B588B04EF2947000
:101B00004FF6C023C2F200204FF48052C2F20023ED
:101B10004FF0B00C01680131016001200221CDE9D4
:101B2000003241F66932C0F200220023CDE90211F1
:101B30004FF60371C0F20021CDF818C0CDE90400C2
:101B40004EF2B870C2F2002002F0D6FB48B14EF25D
:101B5000B8700021C2F2002008B0BDE88040FFF755
:101B600057BF08B080BDD4D480B5FFF781FFBDE872
:101B70008040FFF73DBDD4D42DE9F0410646D01C8E
:101B80004EF6A0020F46C2F20022EFF3108172B6A9
:101B9000984620F0030415683562304681F31088BA
:101BA000214600F039F9EFF3108172B698B9306A26
:101BB000A842F1D1B8F1000F4FF00000386010D00A
:101BC0004EF63410C2F2002002687AB181F3108818
:101BD0001020BDE8F0813860002081F31088BDE856
:101BE000F08181F310881020BDE8F08141F6514268
:101BF000B36AC0F20022C5E91A26D5F8AC20C5E9BF
:101C00001E4702F10102C5F8AC2003F10102B262E5
:101C100033B1726A536FC5E91C2355671D6702E033
:101C20007562C5E91C5509222A630122AA63C5F819
:101C30004C8002680132026081F31088284601F06E
:101C40001BFED5F88400BDE8F081D4D4D4D4D4D41C
:101C500080B541F65142EFF3108E72B6C0F2002209
:101C6000836E934202D08EF3108880BDD0F8AC20F2
:101C70009142F8D1C16E0029F5D045F245430A687A
:101C8000C4F259239A42EED18B6A002BEBD04FF06D
:101C9000000C5A1EC0F868C08A620BD0D0E91CC282
:101CA0004B6A8342CCF87420C2F870C008BFC1F8F8
:101CB00024C001E0C1F824C0016B0929D3D110214F
:101CC000C0F884104EF63411C2F200210A680132C5
:101CD0000A608EF3108801F033FDEFF3108E72B6B8
:101CE0008EF3108880BDD4D4F0B581B00F46342176
:101CF0001D46164604460BF044F825F00300C4E9DF
:101D00000660A0F1080130446760A160C4E9046680
:101D10000221E16040F8086D4EF6EE614460CFF6B6
:101D2000FF71C6E9000145F24541EFF3108072B63C
:101D3000C4F2592121604EF68C01C2F200214EF608
:101D40008803C2F200230A6822B11B681F6B1C6360
:101D5000FC6202E01C6023462746C4E90B370132CF
:101D60000A6080F31088002001B0F0BDD4D4D4D430
:101D70002DE9F0414EF68C03EFF31081C2F20023FF
:101D800072B6002202601F68013F1F604EF6880392
:101D9000C2F2002308D0D0E90B271E6886421763E1
:101DA000FA6208BF1A6000E01A604EF634144FF071
:101DB0000008C2F20024226801322260D0E909251D
:101DC000C0E9098881F31088B5B11046012700BF2A
:101DD000EFF3108172B6C0F86880C0F88470066FA7
:101DE00022680132226081F31088013D01F0A8FCD5
:101DF00030460DB12FF015C0EFF3108072B6216898
:101E00000139216080F3108801F072FC0020BDE8E8
:101E1000F081D4D4D4D4D4D4F0B5EFF3108E72B60C
:101E2000D0E9022402EBC402103A91424CD24EF6A1
:101E3000A0024EF6EE6CC2F20022CFF6FF7C4369A0
:101E4000013412680025026205E000BF00BF00BF38
:101E5000A41B002C4BD05E68664519D1002D08BF2D
:101E600043611D68EE1A083E8E4231D2D5E9006703
:101E7000674511D11E60C7684669AE42A7F10105EA
:101E8000C56000D1436101250CE000BF00BF00BF69
:101E90001B6807E000BF00BF002C5FEA0F9301251D
:101EA000E41A33468EF31088EFF3108E72B6002CCE
:101EB000076A5FEA0F969742CAD0C4684369013443
:101EC0000262A4B12FF039C88EF310880020F0BD53
:101ED0006EB1721A142A0ED35A18C468671CC760F0
:101EE00042F8085F1546C2F804C01A6004E08EF399
:101EF00010880020F0BD3146586087684269791A21
:101F000008398160934208BF45618EF3108803F160
:101F10000800F0BDD4D4D4D42DE9F04F81B0EFF354
:101F2000108172B648B14EF6EE6850F8044CCFF608
:101F3000FF78444518BF002C05D181F31088032099
:101F400001B0BDE8F08F45F245432268C4F2592341
:101F5000B2EB030918BF4FF003099A42EDD14EF6D8
:101F6000A003A0F10802C2F2002340F8048C50F84C
:101F7000080C1F686369801A27629A42A368184494
:101F8000A06038BF6261A06A002851D04EF6341BB1
:101F90004FF0000AC2F2002B10E000BF00BF00BFEC
:101FA000626950F8083DC0F804801B1A9042A2688C
:101FB0001A44A26038BF6061A06A88B3656A20468F
:101FC000AE6F81F310883146FFF726FFEFF31081E3
:101FD00072B6276220B3626A9542E1D1AA6FB2421B
:101FE000DED1A26A013AA26204D0D5E91C2353676C
:101FF0001A6700E00022EB6F6262C5F868A0C5F8BE
:1020000084A01860DBF800000130CBF8000081F3F9
:102010001088284601F094FBEFF3108172B6CBE7ED
:1020200081F3108801F064FB484601B0BDE8F08FF1
:1020300081F31088002001B0BDE8F08FD4D4D4D44F
:1020400080B542F24102EFF3108E72B6C0F2002268
:10205000836E934202D08EF3108880BDD0F8AC20FE
:102060009142F8D1C16E0029F5D044F24E430A687E
:10207000C4F256439A42EED14B69002BEBD0D1F813
:1020800010C00022BCF1000F82660AD05A1E4A61BD
:102090000AD0D0E91C3284455A67136706D10B6118
:1020A00004E00122CA6001E000220A61016B0729F5
:1020B000D1D10721C0F884104EF63411C2F20021AC
:1020C0000A6801320A608EF3108801F039FBEFF3E1
:1020D000108E72B68EF3108880BDD4D4D4D4D4D4EC
:1020E000B0B50D46242104460AF04BFE44F24E41A1
:1020F0006560EFF3108072B6C4F2564121604EF66F
:102100007C014EF67803C2F20021C2F200230A6875
:1021100022B11B68DD69DC61AC6102E01C60234612
:102120002546C4E9063501320A6080F31088002094
:10213000B0BDD4D4D4D4D4D470B5EFF3108C72B66F
:10214000066A846824EA06061E60056A21EA050616
:1021500034408C425FEA0F9616EA520F06D12CB13A
:10216000D2072FD100208CF3108870BDDDF810E06D
:10217000BEF1000F32D04EF63415C2F200254FF0FA
:1021800007042E6891B36EBB4EF6A00442F24106DE
:10219000C2F20024C0F200262468C4E91E1341697B
:1021A000C4F88020D4F8AC20C4E91A6002F101021E
:1021B000C4F8AC20F1B10269536FC4E91C23546721
:1021C0001C671AE042690AB1026972B3826822EAA6
:1021D0000101816000208CF3108870BD07208CF312
:1021E000108870BD20468CF3108870BD20468CF39B
:1021F000108870BD0461C4E91C44013141610720AD
:1022000020630120A063C4F84CE0286801302860F6
:102210008CF31088204601F02FFBEFF3108C72B680
:10222000D4F884008CF3108870BD2943016200202B
:102230008CF3108870BDD4D42DE9F04F81B0EFF34A
:10224000108A72B692073FD4026A8368002A43EA72
:10225000010BC0F808B01CBF22EA01010162D0E9FD
:102260000495B9F1000F3BD0012D40D1D9F8781079
:10227000D9F8803001EA0B078F425FEA0F9616EA21
:10228000530F31D187B3D9F87C70DB07C7F800B0A2
:1022900003D0836823EA010181600021C0E90411B1
:1022A0004EF63410C9F86810C2F20020C9F8841044
:1022B0000168013101608AF31088484601F040FA54
:1022C000EFF3108A72B60FE042691AB10269002A70
:1022D00000F0A1808268114081608AF31088A0E03C
:1022E000002D1CBF0121C1608AF3108899E04EF6D1
:1022F00034120021C2F200220161CE461168013180
:10230000116000210022009208E000BF00BF00BF62
:102310000021396719460097013D4ED08AF3108895
:10232000EFF3108A72B6C36853B10022C2608268AC
:1023300045694BEA020B774603E000BF00BF00BFD0
:102340004F46BE6F3B6B06EA0B02D7F87090B24265
:102350005FEA0F98002A5FEA1F9C072BD7F880409E
:1023600004D108EA540252EA0C02D5D1072B0BD152
:10237000FA6FE307C2F800B002D08268B24382600D
:102380000022BA66C7F884204F4509D07A6FC9F891
:102390007420BE45C2F8709008BFD7F870E001E025
:1023A0004FF0000E426900293B46A2F10102426152
:1023B000AED0009A0B461767AAE7026AC0F810E091
:1023C0002AB1836823EA02028260002202624EF68A
:1023D00034158AF31088C2F2002589B100BF00BF0E
:1023E0000C6FEFF3108072B62A6801322A6080F316
:1023F0001088084601F0A4F921460CB12FF011C055
:10240000EFF3108072B629680139296080F31088D3
:1024100001F06EF905E0026A62EA010101628AF3E5
:102420001088002001B0BDE8F08FD4D4D4D4D4D427
:1024300080B501F099F8BDE8804001F01DBCD4D40E
:1024400010B540F23404C2F20024206810F10F3FAE
:102450000DD04FF0F030206007F022FEFFF7E8FFCC
:102460004EF63410C2F200200168013101604FF0D5
:10247000F03020604EF69000C2F200200068FFF7B6
:10248000CFFA00202060BDE8104007F099BED4D4F8
:1024900080B542F29142EFF3108E72B6C0F2002284
:1024A000836E934202D08EF3108880BDD0F8AC20AA
:1024B0009142F8D1C16E0029F5D045F245430A6832
:1024C000C4F655539A42EED1CB69002BEBD04FF0B6
:1024D000000C5A1EC0F868C0CA610BD0D0E91CC2FB
:1024E0008B698342CCF87420C2F870C008BFC1F871
:1024F00018C001E0C1F818C0016B0D29D3D11D210E
:10250000C0F884104EF63411C2F200210A6801327C
:102510000A608EF3108801F013F9EFF3108E72B693
:102520008EF3108880BDD4D470B54EF63415EFF319
:102530001081C2F2002572B60446012628680130D7
:102540002860D4F8A40000BF60B1866081F31088D1
:1025500000F0F2F9EFF3108172B6D4F8A40008B1DC
:102560002FF00FC028680138286081F3108870BDF3
:1025700070B50E463421154604460AF002FC45F2B9
:10258000454166602561EFF3108072B6C4F655517F
:1025900021604EF684014EF63813C2F20021C2F2D9
:1025A000002342F229560A68C0F200261E604EF649
:1025B0008003C2F2002322B11B685E6A5C6234624F
:1025C00002E01C6023462646C4E9083601320A6050
:1025D00080F31088002070BD2DE9F04101464EF6D1
:1025E0008403C2F20023EFF3108272B60020086069
:1025F0001F68013F1F604EF68003C2F2002308D01F
:10260000D1E908071E688E424762386208BF186029
:1026100000E018604EF634140027C2F2002420684F
:1026200001302060CB68D1E90605C1E906775BB1CE
:1026300001238B6082F310880646084600F07CF97F
:102640003046EFF3108272B682F31088C5B14FF0B6
:102650000008012700BF00BFEFF3108172B6C0F879
:102660006880C0F88470066F22680132226081F3AE
:102670001088013D01F064F830460DB12FF015C00F
:10268000EFF3108072B621680139216080F3108861
:1026900001F02EF80020BDE8F081D4D4D4D4D4D4F5
:1026A00070B54EF6A005EFF3108372B6C2F20025A6
:1026B00082682C6872B1C568A5421ED019B34EF667
:1026C000341CC2F2002CDCF8002002B383F3108823
:1026D0001D2070BD4FF00101C0E90214D4B301699F
:1026E000012903D1E16A416120218162D4F8A4105B
:1026F00029B30A6B0863D06225E0511C816083F323
:102700001088002070BD83F310881D2070BD42F238
:102710009142D0F81CE0C0F20022C4E91A20D4F89B
:10272000AC20BEF1000F02F10102C4F8AC2015D0BC
:102730008269566FC4E91C265467346711E001466C
:102740000246C4F8A400C0E90B12D4F8A00001307E
:10275000C4F8A00083F31088002070BD8461C4E930
:102760001C440EF10102C2610D2222630122A26308
:10277000E164DCF800100131CCF8001083F310881C
:102780000169012910D1E16A826A8A4288BF8162A7
:10279000D5F89C00814238BFC5F89C10E86A884291
:1027A00002D9284600F068F8204601F065F8D4F810
:1027B000840070BDD4D4D4D42DE9F041EFF3108857
:1027C00072B6D0F81CC0BCF1010F04D888F3108891
:1027D0000020BDE8F0818369BCF1020F1C6F09D1B4
:1027E000D96AE26A8A4238BF846188F3108800207F
:1027F000BDE8F0814EF6341E1A46C2F2002EDEF815
:1028000000100131CEF8001008E000BF00BF00BF8B
:102810002B462A46B4462C6F944211D0E76AD96AF7
:1028200088F31088EFF3108872B6D0E90656AA42F2
:10283000EED18F4254EA3383B445E9D12546EAE725
:10284000DEF800109342A1F10101CEF8001009D08A
:10285000D3E91C1783614F673967516FC3E91C21A6
:1028600053670B6788F3108800F042FF0020BDE833
:10287000F081D4D4D4D4D4D42DE9F041EFF3108234
:1028800072B60446006B0D4650B1D4F89800E5626C
:10289000A84250EA3580E06382F31088BDE8F081F9
:1028A0004EF6A4064EF63410C2F20026C2F2002004
:1028B000D4F82C8037680168023101600E20206353
:1028C0000120A0630020E06482F31088204600F01D
:1028D000D3FFEFF3108072B6D4F89810E562A942E6
:1028E00051EA3581E16380F31088204600F028FF2B
:1028F000EFF3108072B631688C4201D0226B1AB1AE
:1029000080F31088BDE8F081CA6AE16A914203D978
:10291000E36B9342F4D801E0BC42F1D1A8453460A6
:10292000EED24EF6B402C2F2002242F8214080F309
:102930001088BDE8F081D4D4F0B581B0EFF31081F8
:1029400072B68368ABB14EF6A002C2F200221768DD
:10295000C268BA4205D04EF63417C2F200273F686B
:10296000E7B1013B836007D081F31088002001B0FC
:10297000F0BD81F3108813E0AAB1D2F8A030013B7A
:10298000C2F8A03012D0D0E90B37D2F8A46086424A
:102990001F63FB6208BFC2F8A4300AE081F310880D
:1029A0001E2001B0F0BD81F31088DFE70023C2F8DC
:1029B000A4308369002B036908BF002B21D0012BB1
:1029C000D2F894402FD14EF63413C2F200231F6880
:1029D00001371F6081F310882027D2F8A460BEB1B0
:1029E000314606E000BF00BFC96AB14218BF0029E6
:1029F0000ED00D69012DF7D18D6ABD4255EA37879A
:102A0000F2E70022C26081F31088104601B0F0BDE9
:102A1000EFF3108172B6A74257EA34841E68013E74
:102A20001E60C2F89C70C269022A15D30269012A8D
:102A300012D14EF634160546C2F200263268013233
:102A4000326081F31088FFF7B7FEEFF3108172B6A2
:102A500028463268013A3260856945B10269012A27
:102A60002AD1C668EA6A42612022826225E04EF6D7
:102A70003415C2F200252A6801322A6081F31088D9
:102A8000C168CA6AA2424FF02002826205D006469F
:102A900008462146FFF7F0FE3046EFF3108172B68C
:102AA0002A680024013A2A60C46081F3108800F08B
:102AB0001FFE204601B0F0BD0026D5F8A0202AB1A7
:102AC000D5F8A4301F6B1863F86203E0C5F8A400C2
:102AD00003460746C0E90B37C3690132C5F8A02099
:102AE0000122C0E902255A1EC2614FF0000204D043
:102AF000D5E91C375F673B6700E00023AA66C5F88D
:102B000084204EF634128361C2F20022136801332E
:102B1000136081F310880169012915D1C16961B180
:102B20000746FFF749FEEFF3108072B6B969002936
:102B30001CBFC96AB96280F31088F06AA04203D052
:102B400030462146FFF798FE284600F0F9FD0DE7D4
:102B500080B542F65132EFF3108E72B6C0F2002209
:102B6000836E934202D08EF3108880BDD0F8AC20E3
:102B70009142F8D1C16E0029F5D044F255530A684C
:102B8000C5F255139A42EED1CB6A002BEBD04FF031
:102B9000000C5A1EC0F868C0CA620BD0D0E91CC233
:102BA0008B6A8342CCF87420C2F870C008BFC1F8A9
:102BB00028C001E0C1F828C0026B052AD3D10969F9
:102BC00000294FF00A0151EA0191C0F884104EF635
:102BD0003411C2F200210A6801320A608EF31088B3
:102BE00000F0AEFDEFF3108E72B68EF3108880BD4C
:102BF0002DE9F0410F4638211D4616460446DDF802
:102C000018800AF0BEF8B000C4E9017665624EF69D
:102C10007003B8FBF0F0C4E90505C2F2002300FB25
:102C200006F1E06005EB8101C4E9071544F2555156
:102C3000EFF3108072B6C5F2551121604EF67401A3
:102C4000C2F200210A6822B11B685F6B5C633C63BF
:102C500002E01C6023462746C4E90C3701320A60B3
:102C600080F310880020BDE8F081D4D4D4D4D4D42B
:102C70002DE9F0414EF67403EFF31081C2F2002308
:102C800072B6002202601F68013F1F604EF670039B
:102C9000C2F2002308D0D0E90C271E688642576391
:102CA0003A6308BF1A6000E01A604EF634144FF021
:102CB0000008C2F20024226801322260D0E90A250D
:102CC000C0E90A8881F31088B5B11046012700BF1A
:102CD000EFF3108172B6C0F86880C0F88470066F98
:102CE00022680132226081F31088013D00F028FD46
:102CF00030460DB12FF015C0EFF3108072B6216889
:102D00000139216080F3108800F0F2FC0020BDE85A
:102D1000F081D4D4D4D4D4D42DE9F04F81B0EFF3E2
:102D2000108C72B60469C36AECB13BB3826A8468E2
:102D3000D2F88070012F2BD1D66F022C37680F602C
:102D4000C0F02C818F1B0F2FA4F1010700F2198115
:102D500047F001E00431341D54F8045B41F8045B92
:102D60000FF007C01AE1F2B14EF63417C2F2002795
:102D70003E68002E55D08CF3108816E0026A8768F2
:102D80001346022F53F8046B0E6010D21A4675E0FA
:102D9000076A022C3D46A4F1010B55F8046B0E6046
:102DA00023D22E4686E08CF310880A2411E1092FE5
:102DB000A7F1010654D38A1A102A51D326F003052D
:102DC00001272A1F06F0030807EB920E01EB850787
:102DD00003EB8502043100BFB3EC041FA1EC101E0D
:102DE0000FF007C0AE423ED148E0092C54D3CF1BB0
:102DF000102F51D32BF003070126A7F1040E0BF07F
:102E0000030801EB8709043106EB9E0E05EB8706EC
:102E1000B5EC041FA1EC101E0FF007C0BB453ED15E
:102E200048E04EF6A006002BC2F20026346842F6B7
:102E30005136C0F20026C4E91A604FF00006C4E91A
:102E40001F16D4F8AC1001F10101C4F8AC1000F069
:102E5000C480816A4E6FC4E91C164C673467BFE0BA
:102E6000B0460F461A4648F001E0391D00BF00BFCA
:102E700052F8043B41F8043B0FF007C0C1698A4295
:102E800008BF8269416902620131621EC0E9042102
:102E900000248CF310889CE0D84689462E4648F0E2
:102EA00001E009F1040100BF56F8045B41F8045B3E
:102EB0000FF007C0D0F81C804EF63419C2F200297A
:102EC000464508BF86690662022CD9F8007007F1F2
:102ED0000107C9F80070D9F80070A7F10107C9F817
:102EE0000070456AD76F2E46396846F8041B01D238
:102EF00034462BE0092C1CD3E91B102919D32BF0E5
:102F0000030A0125AAF1040106EB8A0405EB910EE0
:102F10000BF0030507EB8A01043700BF00BF00BFB9
:102F2000B7EC041FA6EC101E0FF007C0D34503D169
:102F30000CE05D463446394645F001E00E1D00BF09
:102F400056F8041B44F8041B0FF007C0444508BFA3
:102F50008469013B44624FF0000404D0D2E91C7143
:102F600079670F6700E00027C0E90A739466C2F82A
:102F70008440D9F800000130C9F800008CF31088B3
:102F800024E00436043127F001E000BF00BF00BF99
:102F9000B6EC041FA1EC041F1FF007C0591E4FF030
:102FA000000404D0D2E91C375F673B6700E00023D0
:102FB000C0E90A314EF63410C2F200209466C2F81D
:102FC00084400168013101608CF31088104600F0E4
:102FD000B7FB204601B0BDE8F08F8462C4E91C4411
:102FE000591CC162052020630120A063E264386897
:102FF000013038608CF31088204600F03DFCD4F896
:103000008440E6E7D4D4D4D4F0B581B0EFF3108790
:1030100072B64669C36A56B1B3B1013B826A4FF0DA
:10302000000521D0D2E91C64746726671DE0B2B3A5
:103030004EF6341CC2F2002CDCF80060002E00F0CA
:103040006D8087F310882CE0426A731E144643613A
:1030500083680E6844F8046B0669022B06F10106CA
:10306000066120D2224685E00026C0E90A63D36FBC
:1030700086689566022E086818603FD3581A0F2894
:10308000A6F101002DD840F001E0181D043100BF69
:1030900051F8043B40F8043B0FF007C02EE087F3E3
:1030A00010880B2485E0092BA3F1010353D3521A96
:1030B000102A50D323F003060125321F03F0030C1E
:1030C00005EB920E04EB860201EB8605043100BF8E
:1030D000B1EC041FA4EC101E0FF007C0B3423DD1A9
:1030E00048E00431043320F001E000BF00BF00BF1E
:1030F000B1EC041FA3EC041F1FF007C04EF6341000
:103100000024C2F20020C2F884400168013101604D
:1031100087F31088104600F013FB4AE04EF6A00635
:10312000C2F20026346842F65136C0F20026C4E9E5
:103130001A604FF00006C4E91F16D4F8AC1001F174
:103140000101C4F8AC10F3B1816A4E6FC4E91C16DA
:103150004C6734671AE09C4622460D464CF001E06D
:10316000291D00BF00BF00BF51F8043B42F8043BDB
:103170000FF007C0C16900248A4208BF8269426219
:1031800087F3108815E08462C4E91C44591CC162AD
:10319000052020630120A063E264DCF80000013018
:1031A000CCF8000087F31088204600F065FBD4F8C7
:1031B0008440204601B0F0BD80B543F2B912EFF370
:1031C000108E72B6C0F20022836E934202D08EF34C
:1031D000108880BDD0F8AC209142F8D1C16E002992
:1031E000F5D044F641530A68C5F245339A42EED110
:1031F0000B69002BEBD04FF0000C5A1EC0F868C0D2
:103200000A610BD0D0E91CC2CB688342CCF8742091
:10321000C2F870C008BFC1F80CC001E0C1F80CC012
:10322000016B0629D3D10D21C0F884104EF634115C
:10323000C2F200210A6801320A608EF3108800F0A1
:103240007FFAEFF3108E72B68EF3108880BDD4D45F
:1032500080B54EF66C0C0023C0E9003144F64151B4
:10326000C2F2002CC5F24531C0E902238361C0E9F6
:103270000433EFF3108E72B60160DCF800304EF6C6
:103280006801C2F2002123B10A6891699061486126
:1032900002E0086002460146C0E90521581CCCF84E
:1032A000000000208EF3108880BDD4D4D4D4D4D4B0
:1032B000EFF3108272B683682BB1591E816082F3DE
:1032C00010880020704751B14EF6341CC2F2002C19
:1032D000DCF800303BB182F310880D20704782F398
:1032E00010880D207047B0B54EF6A003D0F810E05E
:1032F000C2F20023BEF1000F1C6843F2B913C0F202
:103300000023C4E91A30D4F8AC3003F10103C4F847
:10331000AC3006D0C3685D6FC4E91C355C672C67B0
:1033200002E0C460C4E91C440EF1010303610620FD
:1033300020630120A063E164DCF800000130CCF8D8
:10334000000082F31088204600F096FAD4F884003A
:10335000B0BDD4D4D4D4D4D4EFF3108272B6016902
:1033600059B110B5B1F1010EC1684FF0000C0BD08E
:10337000D1E91C345C67236707E081680131816013
:1033800082F31088002070470023C0E9033E4EF608
:103390003410C2F20020C1F868C0C1F884C00368CC
:1033A0000133036082F31088084600F0C9F9BDE8D4
:1033B000104000207047D4D42DE9F04F81B0DDE9F2
:1033C0000A5993460F460446EF2228464946984636
:1033D000DDF838A00C9E09F0CFFCB021204609F0A2
:1033E000D0FC05EB0900A7620138C4E903500D9831
:1033F000E662C4E911B8202186423046C4E9059A44
:10340000C4F81CA018BF0020E063C4F89C10C4E9F5
:1034100025600320206343F6712043F21161C0F25E
:103420000020C4E91504C0F20021204606F024FF64
:1034300045F24422EFF3108172B6C5F24842226091
:103440004EF6AC02C2F200224EF6A8072046C2F2A7
:10345000002713683BB13F68D7F88C60C7F88C0031
:10346000C6F8880002E0386007460646013313605C
:103470004EF63412C0E92276C2F200220F9F012FCD
:10348000136803F10103136014D140F23402C2F255
:1034900000221268EFF305831A43B2F1F03F16D30E
:1034A0004EF6A402C2F20022146884B1E56BE26A0F
:1034B000E2630EE081F31088EFF3108072B61168BA
:1034C0000139116080F3108800F012F907E0002440
:1034D000002581F3108800F033F904B1E563002082
:1034E00001B0BDE8F08FD4D44EF6A000EFF3108108
:1034F000C2F2002072B6006881F310887047D4D4FD
:1035000080B5EFF3108C72B600291CBFD0F828E00C
:10351000C1F800E0002A1CBF016B1160002B02996A
:103520001CBF42681A600029039A1CBFD0F894306F
:103530000B60002A04991CBFD0F898301360002952
:10354000059A1CBF83690B60002A06991CBFD0F83E
:103550008830136000291CBF006F08608CF310884E
:10356000002080BDD4D4D4D44EF694004EF69802F8
:10357000C2F20020C2F2002220210160106840F057
:10358000C77010607047D4D480B5D0F89430EFF392
:10359000108C72B68B42D0F8941018BF00238B4267
:1035A00001D918212EE0D0F898101160D0F89C10A5
:1035B0004EF69402C2F20022D0F82CE08B4253EA7D
:1035C00031811268C1630021C0F89830724538BF5C
:1035D0009A4217D24EF6A40EC2F2002EDEF8003048
:1035E00083420FD14EF6B400C2F2002050F8220000
:1035F000CEF800008CF3108800F07AF8EFF3108C0E
:1036000072B600218CF31088084680BDD4D4D4D47F
:1036100010B54EF6A000C2F200200468D4E91110E3
:1036200088474EF63810C2F20020016809B12046E2
:103630008847EFF3108072B601212163A163002156
:10364000E1644EF63411C2F200210A6801320A60C8
:1036500080F31088EFF3148020F0040080F31488C6
:10366000BFF36F8F2046BDE8104000F005B9D4D4F9
:1036700010B54EF6A002EFF31081C2F2002272B62E
:10368000146864B140F23402C2F200221268EFF30F
:1036900005831A4307D081F31088132010BD81F3EE
:1036A0001088132010BD48B14EF63412C2F2002229
:1036B00013683BB181F31088132010BD81F310888B
:1036C000002010BD042323630123A3630023C4F857
:1036D0008430E06410680130106081F31088204667
:1036E00000F0CAF8D4F8840010BDD4D4D4D4D4D413
:1036F0004EF63410C2F20020006800B170474EF65A
:10370000A4004EF6A001C2F20020C2F2002100681F
:1037100009688142F2D04EF604504FF08051CEF24B
:1037200000000160EFF30580002818BF7047EFF339
:10373000108062B680F310887047D4D4D4D4D4D427
:103740002DE9F041EFF3108572B60446406E002873
:1037500004F14C0002D000F0DBFA01E0002101602E
:103760004EF63410C2F20020016801390160A16BED
:10377000226B00294EF6A401C2F2002108D0013AC2
:10378000022A0CD3626B32B90022A263226306E0E4
:103790002AB1626B2AB300220323C4E90C324EF62D
:1037A000A002C2F20022126885F3108809688A42DA
:1037B00001D0006808B1BDE8F0814EF604504FF02A
:1037C0008051CEF200000160EFF30580002818BFA1
:1037D000BDE8F081EFF3108062B680F31088BDE899
:1037E000F081E66A4EF6B40EC2F2002E0022226389
:1037F0005EF826302BB15A6A5C621462C4E9083262
:10380000CDE74EF6940C4EF6B008C2F2002C012221
:10381000C2F20028B240DCF800304EF82640D8F85A
:103820000070C4E908449E4242EA0702C8F800203A
:10383000B5D20B68CCF80060D3B1DA6B9642AED249
:103840000C6085F3108800680028B4D14EF604504F
:103850004FF08051CEF200000160EFF305800028A8
:10386000A9D1EFF3108062B680F31088BDE8F08133
:103870000C6094E7D4D4D4D4F0B581B04EF6A00156
:10388000C2F200210D68EFF3108472B6A84211D184
:10389000014651F84C2F013A12F1030F04D80646A5
:1038A000084600F005FA30464EF6E411C269C2F24D
:1038B00000210A604EF634114EF6A40CC2F200212B
:1038C000C2F2002C0A68013A0A60826B012A33D1E5
:1038D000026A4FF0000E8242C36AC0F838E00DD091
:1038E000466A4EF6B40EC2F2002E566232625EF89E
:1038F000236086421CD14EF8232019E04EF6B00614
:103900000122C2F200269A40376837EA02024EF6D8
:10391000B407C2F20027326047F823E04CD04EF6DD
:10392000940392FAA2F2C2F20023B2FA82F21A606F
:10393000DCF8002090421BD084F31088DCF80000F3
:10394000854201D0086808B101B0F0BD4EF60450C0
:103950004FF08051CEF200000160EFF305800028A7
:10396000F2D1EFF3108062B680F3108801B0F0BDA1
:103970004EF694004EF6B402C2F20020C2F20022CB
:10398000006852F82000CCF8000084F31088086822
:103990000028D9D14EF604504FF08051CEF20000ED
:1039A0000160EFF305800028CED1EFF3108062B6FE
:1039B00080F3108801B0F0BD4EF694002022C2F2D0
:1039C000002002600020CCF8000084F31088086812
:1039D0000028B9D14EF604504FF08051CEF20000CD
:1039E0000160EFF305800028AED1EFF3108062B6DE
:1039F00080F3108801B0F0BD80B54EF6A0004EF601
:103A0000D012C2F20020C2F2002200230168EFF3BC
:103A1000108072B6136009B10A6B12B180F310887E
:103A200080BD4EF6E41CD1E90732C2F2002C8A4276
:103A30008B61CCF80030F1D0CB6BC96A9942EDD1E3
:103A40004EF6940C4EF6B40EC2F2002CC2F2002ECA
:103A5000DCF800304EF821204EF6A401C2F200211D
:103A60005EF823200A6080F3108880BDD4D4D4D4BB
:103A7000EFF3108272B6016B04290AD14EF63411AD
:103A8000C2F200210B6801330B6082F31088FFF74C
:103A900057BE836ED0F8AC1082F31088002B08BF9D
:103AA00070471847D4D4D4D44EF6CC10EFF310811D
:103AB000C2F2002072B6006881F310887047D4D437
:103AC0002DE9F0470F462C211D4616460446DDF829
:103AD0002880DDE908A909F054F9204644F64D1183
:103AE0006760656140F808AFC4F25411C4E90396F9
:103AF000EFF3108572B621604EF6DC114EF6D81346
:103B0000C2F20021C2F200230A6822B11B689F6A38
:103B10009C627C6202E01C6023462746B8F1010FDC
:103B2000C4E9093702F101020A6001D100F0C0F8CE
:103B300085F310880020BDE8F087D4D4D4D4D4D441
:103B40002DE9F04F83B04EF6C811EFF31085C2F2A5
:103B5000002172B60868002840F086804EF6D4191D
:103B6000C2F20029D9F80000002800F07D804EF64E
:103B7000C0164EF6E01BC2F2002600270DF1040825
:103B8000C2F2002B0DF1080A0120086004E000BF1A
:103B9000D9F80000002861D030680168029100293E
:103BA00018BFC1F818A04EF6C41140F8047BC2F249
:103BB000002130600968884205D14EF6BC10C2F27F
:103BC000002000683060C9F8007085F31088EFF3BA
:103BD000108572B600BF00BF029C002CD8D02069AF
:103BE00000210191844207D061694161C0F818A0A9
:103BF000086102E000BF00BF002021680290212977
:103C00000ED3A1F120002060C4F818802461019433
:103C1000CBF8004085F3108813E000BF00BF00BF61
:103C2000D4E901212260E0681AB14246246101947E
:103C300000E00022A261CBF8004085F3108801B1BA
:103C40008847EFF3108572B60198CBF80070A04258
:103C5000C2D12046A76100F02BF8BDE74EF6C8118F
:103C60000020C2F20021086085F3108803B0BDE88F
:103C7000F08FD4D4D4D4D4D44EF6BC104EF6C012A7
:103C8000C2F200204EF63C11C2F20022C2F2002124
:103C9000016001F1800011604EF6C411C2F20021F2
:103CA00008604EF6C810C2F2002000210160704783
:103CB0000268511E11F1030F26D88369002B18BF2B
:103CC0007047202A4EF6C012C2F200224EF6BC13F4
:103CD00088BF1F211268C2F2002302EB81014EF659
:103CE000C412C2F200221B6812688A1A28BF9918EF
:103CF0000A682AB1536950611861C0E9042302E0DF
:103D0000C0E90400086081617047D4D4D4D4D4D40D
:103D10008169002908BF70470269904207D0436952
:103D200053611A610B68834206D1916103E00A680E
:103D3000824201D100220A60002181617047D4D4FF
:103D400010B578B145F2454ED0F800C0C4F2592EF6
:103D5000F44507D141B11AB1D0F81CC0624505D96C
:103D6000052010BD022010BD032010BD40F2340C10
:103D7000C2F2002C43B1DCF800E0EFF3058454EA12
:103D80000E041CBF042010BDDCF800E0EFF3058436
:103D900054EA0E040AD0DCF800C0EFF3058444EACC
:103DA0000C04B4F1F03F01D2132010BDBDE8104067
:103DB000FDF7E2BED4D4D4D42DE9F04700284FF06B
:103DC000020564D0089F342F61D14EF63414EFF30E
:103DD0001087C2F2002472B69246984626680136D1
:103DE000266087F310884EF68807C2F200273D68E8
:103DF0004EF68C07C2F20027A8425FEA1F963F6882
:103E0000002F18BFA84218D10546EFF3108072B6F4
:103E1000894621680139216080F31088FFF768FC2A
:103E200016B10220BDE8F087BAF1000F13D0B8F147
:103E3000640F13D20520BDE8F087012200BF00BF48
:103E4000ED6AA8425FEA1F96BA42DDD2A84202F1AB
:103E50000102F5D1D8E70320BDE8F08740F2340035
:103E60005246C2F2002043460168EFF3058739430A
:103E700006D00068EFF305810843B0F1F03F05D3A9
:103E800028464946BDE8F047FDF72EBF13252846D2
:103E9000BDE8F087D4D4D4D498B145F24542016846
:103EA000C4F2592291420CD140F23401C2F20021F5
:103EB0000968EFF3058211431CBF13207047FDF71B
:103EC00057BF02207047D4D488B140F23401C2F207
:103ED00000210A68EFF305831A4306D00968EFF35F
:103EE00005821143B1F1F03F03D3FEF715B803206B
:103EF000704713207047D4D470B500284FF00603E4
:103F000052D0242A50D14EF63412EFF31083C2F26D
:103F1000002272B60C4616680136166083F31088CC
:103F20004EF67803C2F200234EF67C06C2F200265B
:103F30001B68356898425FEA1F96002D18BF9842AB
:103F400023D10546EFF3108072B611680139116074
:103F500080F31088FFF7CCFB0EB1062070BD40F255
:103F60003400C2F200200168EFF30582114306D04D
:103F70000068EFF305810843B0F1F03F13D3284602
:103F80002146BDE87040FEF7ABB8012100BF00BF7D
:103F90009B6998425FEA1F96A942D2D2984201F1EA
:103FA0000101F5D1CDE71323184670BDD4D4D4D484
:103FB00010B5DDF808E0D8B144F24E44D0F800C0A6
:103FC000C4F25644A44513D13BB3BEF1000F27D031
:103FD00040F23404C2F20024D4F800C0EFF30584A8
:103FE0005CEA040C5FEA1F9418BF4FF0040C02E077
:103FF0004FF0060C0024002C644618BF0824032A46
:1040000054EA8C8CBCF1000F1CBF604610BDCDF88B
:1040100008E0BDE81040FEF78FB84FF0030CE9E769
:104020004FF0000C0124E6E778B144F24E43D0F89B
:1040300000C0C4F256439C4507D16FF002031A42F8
:104040001CBF08207047FEF7F7B806207047D4D48D
:104050002DE9F04700284FF0090C6DD0099F382F4B
:104060006AD14EF63414DDF82080C2F20024EFF35A
:10407000108772B6914626689A460136266087F305
:1040800010884EF67007C2F200273E684EF674079D
:10409000C2F20027B0425FEA1F953F68002F18BFA9
:1040A000B04237D10646EFF3108072B60F46216852
:1040B0000139216080F31088FFF71AFB15B1092040
:1040C000BDE8F087BAF1000F31D0A9F111004FF02F
:1040D000050C10F1100F2FD34FEA98004A464845BF
:1040E0002AD3394640F23407C2F2002730465346FD
:1040F0003E68EFF305852E4306D03F68EFF3058653
:104100003743B7F1F03F15D3CDF82080BDE8F04735
:10411000FEF76EBD012200BF366BB0425FEA1F950D
:10412000BA42BFD2B04202F10102F5D1BAE7032090
:10413000BDE8F0874FF0130C6046BDE8F087D4D49B
:1041400098B144F255520168C5F2551291420CD112
:1041500040F23401C2F200210968EFF305821143F5
:104160001CBF13207047FEF783BD09207047D4D4CD
:10417000C0B144F25553D0F800C0C5F255139C4568
:1041800010D189B162B140F23403C2F20023D3F8F6
:1041900000C0EFF3058353EA0C031CBF04207047F3
:1041A000FEF7BABD0920704703207047D4D4D4D499
:1041B000C0B144F25553D0F800C0C5F255139C4528
:1041C00010D189B162B140F23403C2F20023D3F8B6
:1041D00000C0EFF3058353EA0C031CBF04207047B3
:1041E000FEF712BF0920704703207047D4D4D4D4FF
:1041F0002DE9F04100284FF00C0640D01C2B3ED199
:104200004EF63413EFF31087C2F2002372B60D4658
:1042100090461E6801361E6087F310884EF66807C8
:10422000C2F200273E684EF66C07C2F20027B04289
:104230003C685FEA1F97002C18BFB04229D10646A0
:10424000EFF3108072B619680139196080F3108895
:10425000FFF74EFA17B10C20BDE8F08140F23400B0
:10426000C2F200200168EFF3058211430AD0006812
:10427000EFF305810843B0F1F03F03D21326304637
:10428000BDE8F081304629464246BDE8F041FEF7E0
:10429000DFBF012100BF00BF7669B0425FEA1F9710
:1042A000A142CCD2B04201F10101F5D1C7E7D4D48B
:1042B000A0B144F641530268C5F245339A420DD18C
:1042C00051B140F23402C2F200221268EFF30583CA
:1042D0001A431CBF04207047FEF7EABF0C2070474A
:1042E00040B144F641520168C5F24532914201D1D4
:1042F000FFF732B80C2070472DE9F04F83B0044629
:1043000000284FF00E0061D09146129AB02A5DD17C
:1043100011980190109800904EF6341C0F9802905E
:10432000C2F2002CDDF83880DDE90C6BEFF3108071
:1043300072B6DCF800200132CCF8002080F310883F
:104340004EF6AC00C2F2002002684EF6A800C2F29F
:104350000020D0F800A01AB306EB0B000025471E82
:10436000544518BF012D1BD0DAF80C00864203D249
:104370000025874209D20FE0DAF81050AE425FEA1A
:104380002F9538BF0026874206D3DAF810008742FF
:1043900055EA2F9538BF0026013ADAF888A0DFD118
:1043A000EFF3108072B60D46DCF800100139CCF83E
:1043B000001080F310881F46FFF79AF9544508D083
:1043C0000320B9F1000F18BF002E06D103B0BDE8DD
:1043D000F08F0E2003B0BDE8F08FBBF5806F03D2E5
:1043E000052003B0BDE8F08FB8F11F0F03D90F20EF
:1043F00003B0BDE8F08F2946029D454503D918203A
:1044000003B0BDE8F08FDDF804C0BCF1010F03D9A3
:10441000102003B0BDE8F08F40F234003B46C2F2FA
:1044200000200268EFF305873A4306D00068EFF3F7
:1044300005821043B0F1F03F0ED3CDF844C04A4698
:1044400000981090CDE90E852046CDE90C6B03B0A5
:10445000BDE8F04FFEF7B0BF132003B0BDE8F08F0A
:1044600070B5B8B145F2442ED0F800C0C5F2484E40
:10447000F4450FD1DDF820C0DDE9064EDDE9046525
:10448000CDF820C0CDE9064ECDE90465BDE8704009
:10449000FFF736B80E2070BDD0F8E0200132C0F82A
:1044A000E0200B7823B32DE9F04FDDB000270A465A
:1044B00000262F2B18BF5C2B0AD112F8013F6BB1DD
:1044C000B6F5807F3746F3D308E000BF00BF00BFDA
:1044D00083F020033B4353EA0796EEE7A6F580738B
:1044E0005B9213F1FF0F05D20C205DB0BDE8F08F99
:1044F0000C20704744F2494300F69C12C4F6455321
:104500003E9200F69C22069202689A424FF0000208
:104510008DF8FC208DF81C2009D100F5E4740E46BE
:1045200005464FF0FF312046FEF7BAF818B11120CA
:104530005DB0BDE8F08FD5F8A81031B12046FEF788
:10454000FBF923205DB0BDE8F08FE96F2846002914
:1045500045D03EAA06AB5BA90091314601F02CFC88
:1045600058B15B983E9901F073FA68B12046FEF7A6
:10457000E3F90D205DB0BDE8F08F2046FEF7DCF9D1
:104580000B205DB0BDE8F08F06A93EAA284600F0DA
:10459000EBFF38B105462046FEF7CEF928465DB060
:1045A000BDE8F08F2F6CD7B12846D5F880600DF5A7
:1045B000B8784FF002093146424604F049F9002824
:1045C000E8D15C98711C002828460FD02A6C013F66
:1045D0000232914259EA26960FB12FF015C02046BB
:1045E000FEF7AAF90A205DB0BDE8F08F2A6CEB6FE8
:1045F000023291424FF0020151EA26915A1EC0E95F
:104600001F215B983E9901F023FA4EF6F411EFF367
:104610001080C2F2002172B6096849914EF6F0117D
:10462000C2F2002109684A9180F3108810208DF8A9
:1046300014013E9800214D91CDE94B6100782E2860
:1046400002D112208DF81401B21ED5E914AB61F12C
:104650000001574601FB0BF92846E2FB0B79A968DC
:1046600003220123CDE900134B4602923A4604F09F
:10467000B3FF38B180462046FEF75EF940465DB094
:10468000BDE8F08FA86ACDE904792F46D5F808C0B7
:10469000CDF86CC158B1002200236146043341F8C3
:1046A000042B8342FAD32F460CEB03005B90BBF143
:1046B000020F49D30498ABF10108421C059840F160
:1046C00000030020CDE9008038464FF00109CDF805
:1046D000089004F0D9FD002840F09080701E2F460D
:1046E0000BFB00A04FF0030BA0F1010AB8F1000F83
:1046F0002AD0D7F8B011B868D7F8BC200131C7F874
:10470000B0119021C7E923102846C7F88890C7F850
:10471000B8B0C7E925A9C7F8B0909047D5F88C0084
:104720002F46AAF1010AA8F101084FF00001C5F8CF
:10473000B01008B92FF027C02046FEF7FDF8D7F8D3
:104740008C005DB0BDE8F08F22A83EA9702208F071
:104750001DFB07F69C38CDF88880CDF86C814FF0B2
:104760000B0E20205B994A1C5B9208700FF007C06B
:10477000002127912E222846A5F89C2B049A3292DC
:10478000059ACDE9332122A900F0DAFAB0BB0698E8
:10479000007828B322A806A9702208F0F7FADDE90C
:1047A0004901CDE92D01CDF88880CDF86C814FF01D
:1047B0000B0E20205B994A1C5B9208700FF007C01B
:1047C00022982E2101702298417000212298817038
:1047D0002791CDE93011059833900498329006E086
:1047E00022982E2141700021229881702F91202043
:1047F000349022A9284600F0A3FA38B10746204693
:10480000FEF79AF838465DB0BDE8F08F42F2AC4151
:1048100028466A58314604F05FF938B1064620460A
:10482000FEF78AF830465DB0BDE8F08F3EA9284615
:1048300000F086FAAEE6D4D42DE9F04F8DB0824672
:104840008B46116800200C90DAF86801BBF1000F6C
:104850004FEA41180B9300F10100CAF86801079272
:1048600003D1DAF86400002876D0DAF82890DAF874
:10487000540000FB09F424B3B8FBF4F2BBF1000FC1
:1048800009910A9224D0DBF85010F1B1DBF8547092
:1048900097421AD8DBE91023DBE916656B407240BA
:1048A0001A430A9A11D1DBF84820DBF860309342B2
:1048B0000A9A0AD10022CBF850200A9A97420CD3C8
:1048C00027E002200DB0BDE8F08FDBF8341001E0E6
:1048D000DAF87410002797421BD242F2A8400CADC0
:1048E0000AEB000600BF00BF0229C0F01382306847
:1048F000814280F00F8250462A4603F0A9FF00282B
:1049000040F005820A9A01370C999742ECD3DAF805
:10491000540002FB1485DAF850200C4602390023BB
:10492000B5FBF9F73A4400FB0126DAF80800032149
:1049300001220090CDE901215046324604F04CFEA0
:10494000002840F0E481DAF828000697B5FBF0F182
:1049500001FB1055214621E0DAF828000991DAF828
:104960004810DAF80820B8FBF0F0009200230E1887
:1049700003200121CDE901105046324604F02CFEFF
:10498000002840F0C481DAF84800DAF82820801BBB
:10499000002100FB028500200A900690DAF808004A
:1049A0000B9C00EB050820460022C4E91062A564B8
:1049B000A26100F8042FB44698F80B20D4F80090B8
:1049C0000F2A03D198F80020E52A55D14FF0000CAA
:1049D000002060610022082301264FF02E0E44467D
:1049E000002089F8002006E009F802700132013B3E
:1049F0000134DD1C1CD02778202F15D02E2F03D09A
:104A00001FB915E000BF00BF0220012850EA8685CB
:104A1000002B55EA00800128E6D109F802E00132B6
:104A200027780220E0E700BF012850EA8680DEE711
:104A30000B9C99F80000636943B1E52806D1206812
:104A4000E5230370002089F8000000E080BB98F89F
:104A5000000020282CD1A9EB08000F281DD84FF00A
:104A60000B0E40464B4600BF10F8012B03F8012BFC
:104A70000B220FF007C81BE002F01F070D227A433C
:104A8000CDF814B00497A2F10D03FE2B40F28880FC
:104A90004FF0010B4846A76199E040F2FF700B22EE
:104AA000EDEE100A31FE4D8F98ED001E89ED001ECF
:104AB000002009F8020098F80B00207798F80C0005
:104AC000607710F0080F5FEA1F9252EA0C021CD0C8
:104AD0000B9D0C4698F80D1008F10E00A97703F015
:104AE000A7FE286208F1100003F0A2FE686208F138
:104AF000120003F09DFEDAF86410A862C9B108F153
:104B0000140003F095FE000414E00C2004E000BF44
:104B1000013809F10109DBD099F80020002AD7D02B
:104B2000A2F14103192BF3D842F0200289F80020AA
:104B3000EEE700200B9E079D706308F1160003F05E
:104B400077FEF06208F1180003F072FE306308F19E
:104B50001A0003F06DFE716B0844706308F11C00CD
:104B600003F06EFE01460020BBF1000FC6E90E10F7
:104B70000999F065C6E913103066C6E91500296089
:104B800000F0C5800BF140020A9BCBF8504007CAE9
:104B9000CBE915300020CBE917120DB0BDE8F08F3E
:104BA0001746FF2A28BFFF279F4257EA83834FF00B
:104BB000000B9B1A0E3A03F10E0E00BF00BF00BFA0
:104BC00023681344013283F801B00FF007C842F2A2
:104BD000A84281465244039222E00CF1010C0132BA
:104BE0000692DAF8080000900120019000230320CB
:104BF00002905046624600250E46674604F0ECFCE3
:104C0000BC463146002840F08280DAF80800089A55
:104C1000002A00EB0508099800F1010009907DD0F9
:104C200098F80000BBF1000F00F01F00A0F1010296
:104C300008922DD04FF0010BDAF82800203585427C
:104C4000E3D3059818B9DAF86400002852D0DAF8EE
:104C50005400069A01388242BFD350460CAA03F092
:104C6000F7FD002853D10C99022953D3039800680B
:104C700081424FD2881EDAE9142303FB002C0A98E4
:104C800001300A9000200690ABE700BF00BF00BFD4
:104C90000D204FF0000B02FB00FE012200230498C0
:104CA00006E00C2200BF00BF1E2A02F10202C3D29E
:104CB0000B2A18BF1A2AF7D00D2AF2D008EB0207E8
:104CC0007E784EB1FF2E02D13E78FF2E04D0D4F86C
:104CD00000904FF0010BA0613F787E1EFD2EE3D8BF
:104CE00003EB0E06FF2E0ED20B9C01332468A75552
:104CF0000B9CD9E7DAE912020CF1010C104484454F
:104D0000FFF46FAF06E0A061D4F8009092E70DB019
:104D1000BDE8F08F08200DB0BDE8F08FBBF1010FAA
:104D20004FF0010CDDF814B0C4F814C03FF44EAEDF
:104D300050E6D4D4D4D4D4D4D4D4D4D4D4D4D4D4A5
:104D40002DE9F04F8FB08846D0F86C210968013208
:104D5000C0F86C210978E52908D198F80410E529F4
:104D600004D14FF0000A88F804A001E04FF0010AD6
:104D7000076DD8E91023BA4203D20021CDE907110B
:104D800009E0D11B466DB1FBF6F101FB067702315C
:104D90000791D11B0891D8F8489087680321012614
:104DA000CDE9007604460291154604F015FC002872
:104DB00040F04C83D4F808E0D8F81400D8F8481034
:104DC00000280EEB0107A446CDF814900A9506942E
:104DD00052D0CDF810A0D8F800A04FF000090CABCD
:104DE000504600240025002608E000BF00BF00BF99
:104DF000002C55EA098556EA0496013410F8011B87
:104E00002E29F5D051B1202906D0B9F1070F9CBF4A
:104E100003F8091009F101090134EFE7B9F10A0FAC
:104E2000CDF824E009D803EB0900C9F10B012022D9
:104E300007F0A2FF0CABDDF818C0002E00F0D18007
:104E40001AF80610002900F0CF80721C8DF8381077
:104E50001AF80200002800F0C680B11C8DF8390055
:104E60001AF80120002A00F02D8303368DF83A202D
:104E7000072D40F2BB80C2E0D8F8180000286ED0A1
:104E8000397840F04000C0B2884268D142F2A84070
:104E900000264FF0E50A4FF0030B4FF0010905998A
:104EA0006044099006E000BF2037D8F818000136AA
:104EB000864254D2D8F8000020310078E52808BF97
:104EC00087F800A0DCF828008142EDD30A9D00237A
:104ED00060462A46CDF800E06446CDE9019B04F027
:104EE00003FD002840F0B282216D20468D4203D29E
:104EF00001358D4221D3E1E2416D089B01398B429E
:104F000002D20135591C17E007990BAA03F0A0FC47
:104F1000002840F09B820B990229C0F0CF820998AB
:104F20000068814280F0CA82069807918B1ED0E902
:104F3000141202FB03150021089100232A46816800
:104F40000091CDE9019B04460A9504F045FB002839
:104F500040F07C82A7680021BE46A446A5E74FF03A
:104F60002030C7F807007860386000202E213A46CC
:104F7000D8F800301B5C2E2B03D102F8011B013046
:104F8000F6E763B300203946D8F80020125C002A07
:104F900018BF2E2A0ED0A2F161030130DBB21A2B0A
:104FA00038BF203A082801F8012BEDD1D8F80000CD
:104FB000027A08209AB1013007F10801032200BFEC
:104FC000D8F800301B5C53B1A3F161060130F6B292
:104FD0001A2E38BF203B013A01F8013BF0D174464C
:104FE000DDE100260CE01646072D08D85819C5F15A
:104FF0000801202207F0C0FE0CABDDF818C0A9465E
:105000004EF64F40C4F6C460A4FB000188080D2191
:105010004143A14250EA009B002000210AE000BF6A
:105020001AF800202E2A15D108210CAB0B2900F10B
:10503000010016D25B5C202BF2D0082904D11AF8AB
:1050400000202E2A50EA10901AF80020934206D130
:105050000131EAE71AB900210020049D08E001208F
:1050600002E01AF800200020049D002A5FEA0F9158
:105070009DF83820002E5FEA0F93D2B2202A5FEA13
:1050800013820CAB002908BF002829D0D8F84C00A7
:10509000B9F1030FA0EE100B0FF234404FF03701BF
:1050A00028BF4FF0030990ED003F43EA0900B9FF24
:1050B000C22322FF400480EF5F2000EF520180EF07
:1050C000592021FE830F20EF502183EF502171FEE4
:1050D0004D0F21EE412F7E21017080ED012F01E067
:1050E000002AD3D19DF8300000218DF83B1081EFCC
:1050F0005A4E0246E52808BF6FF07002002D52EAB2
:1051000010808DF8300040F2FF70EDEE100ACDED0A
:1051100083AF9F2071FE4D0F93ED001EC146E0212D
:1051200001EE402F05FE830FCDED84AF19F8040F7B
:10513000DDED84AF002871FE4D0F01EE410FDDED76
:1051400083AF71FE4D0F83ED001E4DD00CA84FF0C4
:105150002031CDF837100D910C91002102464B46BD
:1051600013F8016B002E18BF2E2E07D0013102F864
:10517000016B0829F4D198F80C6008216EB1414404
:1051800000F108020531032311F8016B002E1CBF4A
:1051900002F8016BB3F10103F6D140F2FF7181EF28
:1051A0005A4EEDEE101ACDED83AF9F2171FE4D0FDB
:1051B00090ED001E01EE412FE02105FE830FCDEDA5
:1051C00084AFDDED84AF71FE4D0F01EE410FDDEDDB
:1051D00083AF71FE4D0F80ED001E9DF83000E52875
:1051E00008BF8F208DF830004FF00B0E00260CA862
:1051F000F1B2F20110F8013B42EA51015E180FF0E2
:1052000009C8BBF1000F4BF04000387000F09E80E1
:1052100042F2A8404FF0010EDDF814A06044049063
:1052200009E000BF00BF00BF2037BBF1010B87F8CA
:1052300000B000F08B809DF83000E52801D1E5201A
:1052400038700F20A7F80B000D2001220BFB00F196
:1052500000207E7378830D3906E00C2200BF00BF6A
:105260001E2A02F102021BD20B2A18BF1A2AF7D0FB
:105270000D2AF2D010B1FF23FF2503E0D8F800304B
:1052800000255B5CBC18BB546570D8F800305B5CD3
:105290000131002B08BFFF20E2E700BF00BF00BFC5
:1052A000DCF828000AF1200A8245BDD30A9D09983E
:1052B0000090002360462A466446F246CDF804E09A
:1052C0000327029704F010FB002840F0BF80216DF7
:1052D00020468D4204D201358D4222D3EEE000BF3C
:1052E000416D089B01398B4202D20135591C17E0F0
:1052F00007990BAA03F0ACFA002840F0A7800B999D
:105300000229C0F0DB8004980068814280F0D680DA
:10531000069807918B1ED0E9141202FB0315002199
:10532000089100232A4681680091CDE901A704462F
:105330000A9504F051F9002840F088804FF0010EE2
:10534000A7684FF0000AA44609976EE799F8000095
:1053500038B34FF02030C7F807007860386000207D
:10536000394619F8012B002A18BF2E2A07D0013020
:1053700001F8012B0828F4D198F80C200820099C8A
:105380006AB1404407F108010530032200BF00BFA5
:1053900010F8013B1BB1013A01F8013BF8D10B3782
:1053A0000CE04FF00B0E099C0CA800BF00BF00BF23
:1053B00010F8011B07F8011B0FF007C098F81C003C
:1053C000387098F81D00787098F81E00B870F81CB6
:1053D000D8F8201003F030FA781DD8F8241003F024
:1053E0002BFAF81DD8F8281003F026FA0698406E1C
:1053F000002807F1090002D0B8F8361000E00021BB
:1054000003F01AFA07F10B00D8F82C1003F014FA85
:1054100007F10D00D8F8301003F00EFA07F10F0075
:10542000D8F8341003F008FA07F11100D8F8381052
:1054300003F00AFA0094069C032001210023CDE921
:10544000011020460A9A04F04FFA10B10FB0BDE8DF
:10545000F08F94F8E00368B3D4E9AC01D8E91023E5
:1054600059405040084325D1D4F8B802D8F8481024
:1054700081421FD1D8F83400C4F8A402D8E90E1034
:10548000C4E9AA10B8F81C00A4F88C02D8F82C00C3
:10549000C4F89C02D8F83000C4F8A00298F81E00A6
:1054A00084F88E02D8F82000C4F89002D8F82400BE
:1054B000C4F8940200200FB0BDE8F08F08200FB0B0
:1054C000BDE8F08F0E46072D7FF690AD97E500BF43
:1054D0000C000000080000000400000000000000B4
:1054E0002DE9F04F83B08DE80E0044F249410746A4
:1054F000C4F645510068DDE910548842D7F8F4003D
:10550000DDE90E8600F10100DDE90CA9C7F8F40021
:1055100007D107F5E47B4FF0FF315846FDF7C0F89F
:1055200018B1112003B0BDE8F08F4EF6A000C2F212
:1055300000200068D0F8900018B10021C0F8701267
:1055400002E00020C7F850075846FDF7F5F9CDE90D
:105550000CA93846CDE90E86CDE910540EBCBDE845
:10556000F04F00F0BDBAD4D42DE9F04F95B0054608
:10557000D0F8740114460130C5F874011068002297
:1055800062610778002F00F092802E2F06D14278BA
:105590002E2A03D167E015B0BDE8F08F431C00222E
:1055A00000204FF0000C0AE0BCF1000F00F05E801C
:1055B00056E013F8017B0130002F00F05E80A7F168
:1055C00041061A2EF5D3A7F130060A2EF1D3A7F122
:1055D00061061A2EC0F04480202F18BFE52F00F07E
:1055E0003F802E2FE0D07EB2002EE2D4213F5D2FEF
:1055F00000F23980DFE807F039373939393939397C
:1056000039372F2F39373737373737373737373736
:1056100037372F372F373739373737373737373728
:10562000373737373737373737373737373737370A
:1056300037372F372F393939373737373737373704
:1056400037373737373737373737373737373737EA
:10565000373739373939FFE7FFE7FFE7FFE7FFE77C
:1056600001226261A5E70C2095E7A2E700288446A5
:105670007FF49FAF4FF0000CF2E7BCF1000FA0EBFE
:105680000C0703D0052F24BF012262610C2800D82B
:1056900072B14EF64F42C4F6C462A0FB02329308C8
:1056A0000D225A4382420FD103F1010B0EE0BC469A
:1056B0004FF0010BBCF1080F98BF092F06D3C4F8B7
:1056C00014B04FF0020B01E003F1020B086842F244
:1056D000A84205EB020A0D91007830B1D1F838905C
:1056E0000020086502200F4603E0D5F878900020DE
:1056F000002713904FF0FF3007F13401002F00EB2B
:105700004B16C84608BF05F174010F910020CDE982
:1057100010000EE0284631460E9A03F0DDF900280D
:105720007FF439AF13980B9EDDF84880484580F030
:1057300064812846394613AA2346FFF77DF80028DE
:105740007FF429AF2068017831B1E52901D12079B2
:1057500090B1C8461EE000BFBBF1020F0CD3002180
:105760006161E52202702068417028462146FFF7FA
:10577000E7FA00287FF40FAFC845139804D180469C
:10578000216C1191A16C1091A0EB080001305845DB
:1057900080F03B811398013013904845C6D3AA6A24
:1057A000696DCDF8488017B96B6E002BBCD0B3186B
:1057B000B3FBF2F2EB6F0A44013AB2FBF1F8434556
:1057C000B2D391420B960C9730D900200E90002650
:1057D000DAF804202846314603F07EF900287FF4E9
:1057E000DAAE0F98DAF800100068884280F0DD80A9
:1057F000002700BF00BF00BF06462846314614AA56
:1058000003F026F800287FF4C6AE022EC0F0F9801F
:105810001498864200F0F580296C01378F4200F21F
:10582000F080DAF800108842E6D3BFE0286C00234D
:10583000424600210E91CDE9078A002800F0DD8064
:10584000D5F88060C0F1010A14AF0A93013A0992B9
:10585000284631463A4602F0FBFF00287FF49BAE13
:10586000286C711C0230149A81424FF0020050EAF9
:10587000269032B10AF1010A0646BAF1010FE7D1CA
:10588000BBE0D5E91472B11E069202FB0172C5F8A5
:105890008000A8680090002301200190032002905E
:1058A0002846904603F098FE00287FF474AEA96A5B
:1058B00004974FF0030CA8684FF00007CDF814B020
:1058C00039B10022034600BF043243F8047B8A4208
:1058D000FAD3009000230120CDE9010C284642466E
:1058E00004F002F800287FF456AEDDF818B0BBF1E2
:1058F000020F40D308F10102002300200190012093
:1059000002902846ABF10108CDF8008003F0BCFC02
:1059100000287FF440AE701E04990BFB0010A0F12C
:10592000010B00BF00BF00BFB8F1000F23D0A86873
:10593000D5F8B011D5F8BC209023C5E92330032059
:10594000C5F8B80028460131C5F8B0110121C5F8E5
:105950008810C5E925B1C5F8B0109047D5F88C007E
:10596000ABF1010B0028A8F101084FF00001C5F8C8
:10597000B010D9D00FE60E9F0A99002F56EA07877C
:1059800031B12846324603F0A7F800287FF403AE71
:10599000099ACAF10000002A3346DDF814B00E97C8
:1059A000DDE9078A7FF449AF12E70026696DE86FE9
:1059B00001FB08F12268AB6AA0EB0800E86701FB75
:1059C00003F01178E52909EB501905D12079002859
:1059D00018BFCDF8489001E0CDF848900C9F0D9984
:1059E000002F4FF00000C1E90E907FF493AE686E77
:1059F000002818BFC5F878908CE60A2015B0BDE8DD
:105A0000F08F032015B0BDE8F08F4EF6F4124EF67D
:105A1000F013C2F20022C2F2002300201199C4E95F
:105A200010101099A164A4F81D00EFF3108172B654
:105A300012681B68C4E90823BBF1010FA36281F35C
:105A400010885FEA0F91616115B0BDE8F08FD4D482
:105A500000220A7002785C2A14BF2F2A013010B588
:105A6000013800BF00BF00BF10F8013F202BFBD062
:105A70004FF0000E4FF0000C0FE000BF00BF00BF62
:105A80002F2B18BF1EF1FF020BD001F8013B0CF1C8
:105A9000010C10F8013FAEF1010E002B18BF5C2B7A
:105AA000EED1BCF1010F4FF0010E5CEA3E82002402
:105AB0000C708B1A1B78202B0CD1BCF1010F5CEA07
:105AC0003E83C91A4B1E00BF01F8014913F8012992
:105AD000202AF9D00178002950EA118010BDD4D4D1
:105AE0002DE9F04FA3B00546002022908DF81C0050
:105AF000D5F814712E680137C5F8147144F249477E
:105B0000C4F64557BE4205F69C1706970AD105F51F
:105B1000E47A04914FF0FF315046CDE90232FCF7B0
:105B2000BFFD18B1112023B0BDE8F08F4EF6A000E4
:105B3000C2F200200068D0F890402CB1A3465BF878
:105B4000700B007840B913E0D5F8E00405F59C64CB
:105B5000007868B105F5AA6BD4F87002002800F04F
:105B60009780D4E90E89CDF804A0002105940AE0BD
:105B7000D5F878804FF0000B01214FF00009CDF8E7
:105B800004A000200590D4F870024FF0000AB0EB9A
:105B900008007AEB09001AD204F51C7706AC0091D4
:105BA000284605993A462346FEF746FE80B9069EEA
:105BB0003278E52A04BF9DF81C0000280BD1386814
:105BC00001303860B0EB08017AEB0901E8D30F200F
:105BD000DDF804A0D6E002AB002A05F5E47A0BCB91
:105BE00079D0741CDDF8B4C003F8012B14F8012B34
:105BF0000AB12FF007C82E9C4FF000021A7011B1A5
:105C00009DF834200A6000282F9B1CBF1499016066
:105C10002C99319A29B11298C0F3462000F2BC7039
:105C20000860BCF1000F309904D01298C0F3431003
:105C3000CCF800001CB1129800F01F0020601BB1CE
:105C40001198C0F3C420186019B11198C0F3451021
:105C5000086022B111983E2101EA400010603868C6
:105C6000BBF1000F05F5787C00F10100386034D0FD
:105C70000021624600BF00BF1BF8010BA0B3013139
:105C800002F8010BFF29F7D12F2085F8DF0445E04A
:105C900042F2A8400026676B05EB00090DF1880869
:105CA000266500BF00BF00BFD9F80000874271D24F
:105CB00028463946424602F0CBFD002862D1022F29
:105CC00007D32298874204D0296C013607468E42BA
:105CD000EAD9032056E00F2054E02F208CF8000072
:105CE00000214FF0010806E0FE2901F101084FF004
:105CF0002F00107014D808EB0500002300F578720F
:105D0000374600BF00BF00BF17F8010B60B1013379
:105D100002F8010B81EA0304FF2CF5D14FF48078DF
:105D200000208CF8000002E00020107098440098D9
:105D300008B1002006E005F500707022059907F013
:105D400025F80120C5F8FC0105F51C7006A9702294
:105D500007F01CF805F53871FF22C5F8701200BF76
:105D600016F8010BB8F1FF0F5FEA2F9301F8010B52
:105D700000285FEA1F9700203B4203D1002AA2F1CE
:105D80000102EDD104465046FCF7D6FD204623B073
:105D9000BDE8F08FA86A6A6DA0FB0601CDF804A0EB
:105DA000A0FB028001FB020958EA5F19C4E90E89D1
:105DB000DBE6D4D4D4D4D4D42DE9F04FA7B08346B5
:105DC0000E4699460020DBF8701125900131CBF882
:105DD0007011002B92461CBFD9F80010087037785C
:105DE00000252F2F18D05C2F4FF0000C25D04EF639
:105DF000A000B046C2F200200068D0F8906076B1F2
:105E000030680078C0B108AD70222846314606F0EF
:105E1000BDFF06F1700C0FE04FF0000C0DE0DBF859
:105E2000E004007840B108AD0BF59C617022284673
:105E300006F0ACFF0BF5AA6C46469BF8E003DDF8D4
:105E4000C0800BF5787E002800F0E3805C2F18BF3F
:105E50002F2F1BD1002072463446334600BF00BFAF
:105E600013F8016B002E6FD012F8017B31465C2EC7
:105E700008BF2F215C2F08BF2F27B94265D1013001
:105E8000FF28EDD194F8FF60FF205EE00022BCF116
:105E9000000F1AD07046614611F8013B9BB110F813
:105EA000017B5C2F08BF2F275C2B08BF2F239F424D
:105EB00040F0AF800132FF2AEED19CF8FF000028AD
:105EC00040F0A780FF221EF80200CDF810C05C2829
:105ED00018BF2F2840F07F8001324FF0000C0120C6
:105EE000FE2A00F27E8002EB0B012C46C2F1FF037A
:105EF000079301F57877002380F0010831461046BA
:105F0000029600BF00BF00BF11F8016B002E5FEAD0
:105F10001F9555EA080566D117F8015B5C2E08BF8E
:105F20002F265C2D08BF2F25AE425ED101330130F4
:105F3000D518FF2DE8D1FF2225460BF5787EDDF838
:105F4000C080029E079B57E000261EF80000864294
:105F500026465ED10BF51C7170225046DAF80060BF
:105F600006F014FF0BF53870FF213246CAF80060C6
:105F700010F8013B02F8013B1BB10029A1F101011E
:105F8000F6D1B9F1000F18D0DBF8FC01A8B10BF580
:105F9000007170224846D9F8005006F0F7FEC9F8A3
:105FA0000050FF21DBF8000210F8012B05F8012B4F
:105FB0001AB10029A1F10101F6D1B8F1000F18BF03
:105FC000C8F80060DBF8C4010130CBF8C401002040
:105FD00027B0BDE8F08F4FF0010C0020FE2A7FF6BD
:105FE00082AF002308E0024600E01A4425460BF584
:105FF000787EDDF8C080029EFF2A5FEA9F9050EA1B
:106000000C00DDF810C004D11EF80200F15C8142E2
:10601000A0D00BF69C00079042F2A84026AC584452
:106020000590304600218BF8E013CDF810C0B8F190
:10603000000F18BFC8F800000799FFF709FD03908B
:1060400035B30020D5F83480059C2865269000BF24
:106050002168884580F0B38001302690584641463B
:1060600025AA02F0F5FB002840F07481B8F1020F78
:10607000C0F002812599884500F0FE80DBF84020C1
:10608000269888469042E3D9F6E000BF00BF00BFE3
:10609000CDE90196DBF878804FF0000900202690CA
:1060A000069500BF00BF00BF58462946224653460A
:1060B000FEF7C2FB2699002801F10101269140F06C
:1060C0004981DAF800301A78002A00F0E1809AF865
:1060D0001C00070740D4E52A03D19AF80470002F6A
:1060E0003AD00133079F00BF3D78A2F16104E4B2CA
:1060F000A5F161061A2CF6B238BF203A1A2ED2B298
:1061000038BF203DEEB2B24207D113F8012B013760
:106110000AB12FF017C83A789AB39AF80470EFB121
:106120000AF10502079B26AC1E78FFB2A6F16105B5
:10613000EDB21A2D38BF203EF6B2B74212D112F896
:10614000017B01330FB12FF011C81A78002A5FEAE2
:106150000F9208E000BF00BF012205E00122069D6A
:1061600026AC01E00122069DB1EB08014FF00001D1
:1061700071EB090102D20AB12FF06BC0002A40F086
:106180008780C00640F17C8008AD702228465146C9
:1061900006F0FCFD1598DDF8049000280BF57877E3
:1061A000DDF8C080DDF810C026AC4FF000001C9078
:1061B0002ED00398029E00287FF439AF6CE0DBF804
:1061C0002810DBF85420A2FB01124C46002CCDE92C
:1061D0000146A1FB008102FB001958EA5F19C5E9DD
:1061E0000E8939D0702220462946276806F0CEFD58
:1061F00027600021286826AC10F8012B07F8012B36
:10620000002A3FF44BAFFF2901F10101F4D345E728
:106210000898B9F1000F4FF000050570C9D0702241
:10622000484608A9D9F8006006F0B0FD0898C9F8FA
:106230000060311A102911D24FF4807141F001E051
:10624000DDF810C000BF00BF10F8011B002506F8E4
:10625000011B0FF007C8ACE726AC1FE7102141F087
:1062600001E0DDF810C000BFB0EC101E0025A6EC68
:10627000101E0FF007C89CE7032027B0BDE8F08F81
:106280000398029E069D0BF57877DDF810C018B1D3
:10629000042027B0BDE8F08F31785C2901D10020BF
:1062A0001DE000202F2918BFBCF1000F08D12F29B5
:1062B00013D0FE2811D8411C2F223A5408460EE074
:1062C00039461CF8012B2AB1013001F8012BFF28B7
:1062D000F7D1FF2031785C29E9D1FF280CD800EBF9
:1062E0000B02A0F5807102F5787016F8012B32B11F
:1062F000013100F8012BF8D30020387001E00021B3
:1063000001703DB10BF500707022294606F03EFD8C
:10631000012000E00020CBF8FC010BF51C7070227E
:10632000514606F033FD0BF53871CBF87012DAF8F0
:106330000020002300BF00BFD05C01F8010BDAF899
:106340000020D05C00284FF0000003D0FF2B03F1A9
:106350000103F1D127B0BDE8F08FD4D4D4D4D4D484
:10636000F0B581B044F643460268C4F24966B11CF8
:106370008A4219D1856D44F24942C4F645522968D2
:10638000D5F82C31914203F10101C5F82C1108D147
:1063900005F5E47407464FF0FF312046FCF780F91D
:1063A00028B1112001B0F0BD072001B0F0BDF96D9A
:1063B00038468F4208D0026ED5F8C83083420A664C
:1063C000D16504D1C16D00E00021C5F8C810826814
:1063D000D5F8CC10012AA1F10101C5F8CC10066056
:1063E00021D1017BF9B14EF6F4114EF6F013C2F251
:1063F0000021C2F20023EFF3108272B609681B6815
:10640000C0E9243100F16801C0F8983082F31088A7
:10641000D0E91223C0E928232846FEF791FC002882
:1064200008BF002000E0002005462046FCF784FA63
:10643000284601B0F0BDD4D470B5BCB0D0F830213E
:1064400000260132C0F830210A4603E000BF00BF39
:1064500001321E46157800232F2D18BF5C2DF7D072
:106460002DB185F02003334353EA0693F0E7A6F5F8
:10647000807212F1FF0F02D20C203CB070BD44F2CA
:10648000494300F69C12C4F645531E9200F69C2226
:10649000029202689A424FF000028DF87C208DF83B
:1064A0000C2009D100F5E4740E4605464FF0FF318B
:1064B0002046FCF7F5F810B111203CB070BDD5F8BE
:1064C000A81029B12046FCF737FA23203CB070BD54
:1064D00028461EAA02AB3BA900913146FFF76CFC8F
:1064E00050B13B981E99FFF7B3FA58B12046FCF71C
:1064F00023FA0D203CB070BD2046FCF71DFA0B209E
:106500003CB070BD02A91EAA2846FFF72DF830BB8B
:106510003B981E99FFF79CFA4EF6F411EFF31080AA
:10652000C2F2002172B6096829914EF6F011C2F24A
:10653000002109682A9180F3108820201E998DF887
:10654000940000202D90CDE92B0008782E2802D150
:1065500022208DF894001EA92846FEF7F1FB05467F
:106560002046FCF7E9F928463CB070BDD4D4D4D419
:106570002DE9F0419EB0044644F24946C4F6455622
:1065800000F69C1027680290B7424FF000008DF88B
:106590000C000AD104F5E4750E464FF0FF31284691
:1065A00017469846FCF77CF818B111201EB0BDE8DC
:1065B000F08102AA00230020009020463146FFF718
:1065C000FBFBB8B9DDE925104001279A40EAC1205C
:1065D00048F60001CFF6F07140EA5200249A01EB30
:1065E00047210D9041EA481010430E9002A9204621
:1065F000FEF7A6FB04462846FCF79EF920461EB08F
:10660000BDE8F081D4D4D4D42DE9F04F85B044F660
:1066100045470168C4F24967B9424FF0000104914F
:106620001CD1856D44F24947C4F645572968D5F811
:106630004C61B94206F10101C5F84C110AD105F5CA
:10664000E47480464FF0FF31204692469B46FCF7AB
:1066500027F838B1112005B0BDE8F08F072005B04C
:10666000BDE8F08FD8F80800012809D1D5F8A83086
:106670006BB12046FCF760F9232005B0BDE8F08F30
:106680002046FCF759F9062005B0BDE8F08FD8E99F
:106690001232C146BAEB0303DC4651467BEB0202E1
:1066A00080F0A880D5F8CC20012389F80C300B4667
:1066B0006046C9E9121CB2F1000E20D0FFE705F1D7
:1066C000C80304E05C33BEF1010E00D115E01B6885
:1066D0004B45F7D0D9E92A20D3E92A6778407240A0
:1066E0001043EFD1D9F8B000D3F8B0208242E9D1FD
:1066F000C3E9121CC3E9281CE4E7D9E91230D9E93F
:1067000010279A1AB84175D2A86A6A6DD9F8143060
:1067100002FB00F6012B2CD942F2A8402A589342E2
:1067200027D228440190012208466146894607463F
:1067300019460392284604AA029302F089F8002819
:106740005FD1B91B3846494679F1000261D3801BFD
:10675000049B61F10001012BC146DC465746DDF880
:106760000CE00DD9019A126893420EF10102DDD3BB
:1067700006E0002002900F46084661464FF0000EEA
:10678000A6FB0E32DB1B72EB0C0206D22046FCF796
:10679000D3F8082005B0BDE8F08F029EF346B6F1AD
:1067A000020E4FF0000262F10002D5E9148302FBF1
:1067B00003FAAD6AEEFB038AABF10102C9F834209B
:1067C00000232A46C9F82060CDF80CC0064606F022
:1067D00089F918EB0002C9F83800B6FBF5F041EB77
:1067E0000A01039B00FB1560C9E91073C9F830006A
:1067F000C9E90A212046FCF79FF8002005B0BDE852
:10680000F08F05462046FCF797F8284605B0BDE80E
:10681000F08FC146DC465746DDF80CE0B0E7D4D433
:106820002DE9F04F89B044F249470446C4F6455774
:106830000068B8424FF0000008901DD18A464FF61C
:10684000F8751746D4F83811626EC0F6FF7504F576
:10685000E47B0131002A1E4608BF4FF6F8759A1EE8
:10686000C4F83811CAF8DC014FF0FF31584653EA3A
:106870001288FBF715FF18B1112009B0BDE8F08FA1
:1068800052460AF1D8000023394642F8680F00202A
:10689000107100902046FFF78FFA38B10446584631
:1068A000FCF74AF8204609B0BDE8F08F9AF884005A
:1068B00010F0180F06D05846FCF73EF8052009B036
:1068C000BDE8F08FB8F1010FB4462ED1D4F8A8205E
:1068D00032B15846FCF730F8232009B0BDE8F08FFC
:1068E000C0071BD1D4F8CC00F8B104F1C807DAE92D
:1068F0002A2303E0013807F15C0716D03F68D7E987
:106900002A61594056403143F4D1DAF8B010D7F833
:10691000B0608E42EED1B9680129EBD15846FCF740
:106920000BF8062009B0BDE8F08FA36A676D07FB7E
:1069300003F20AF19C0E0021CAF820109EE84140A3
:10694000002A6DD0BCF1020F4FF00101CAF81810F7
:1069500006926CD1B018CDE904374EF10001471E04
:1069600061F10009002338464946754606F0BAF839
:10697000BA1AAE4669EB03034FF000090021CDE9D6
:10698000025644F645404FF0000CDAF89C70B8F11E
:10699000000FC4F24960CAF800000AF1D800CAE941
:1069A00001088AF80CC0CAF81C90CAE90417CAF892
:1069B0005840CAF8D8C1CAE9126ECAE9142300F0D7
:1069C000AB80DAF82020CDF81CE0069DB2F1020E73
:1069D000B046039802996CF10002059E80EA050317
:1069E00002FB06F90B43276DEEFB0679002B40F006
:1069F000A680681E4FF00001049D61F10001002394
:106A00002A4606F06FF83A18079B41EB0901CAE9DC
:106A10001083CAF83800CAF83050CAE90A21A4E045
:106A20005846FBF789FF022009B0BDE8F08F022825
:106A30006BD342F2A8430021E258904280F0B0802C
:106A4000E11804914FF0010C002105918146204688
:106A5000494608AACDF81CE0674601F0F9FE002877
:106A60007FF41CAF0898814500F0BD80226C059929
:106A70000131914200F2B7808FB109F101024FF06C
:106A8000000C8242DDF81CE04FF000070CD1DAF870
:106A900018204FF0010C0132CAF8182004E04FF022
:106AA000000CDDF81CE00027069B9A1B77EB0E021A
:106AB00003D2F61A6EF1000E02E0DAF8202042B19D
:106AC000012840F29780049A059112689042BDD344
:106AD00092E086EA0302CAF8209052EA0E02059A72
:106AE000CAF83420ECD10228EAD3049A1268904202
:106AF00007D200264FF0000ECAF82000CAF8341062
:106B0000DEE74FF0000E1E46DAE74FF000090120E5
:106B10000021CDE902E64CE0CAF82070BA1E059FBC
:106B2000216D0023E7FB02130AF12800CAF834C0E4
:106B3000CAF838C080E80A10CAE910CC15E0049DF4
:106B400000232A46064605F0CDFF3918CAF838005A
:106B5000B6FBF5F049F10002079B00FB1560CAE99E
:106B60001083CAF83000CAE90A12D4F8C80028B164
:106B7000016EC0F860A0C1F85CA003E05046514629
:106B8000C4F8C8A0CAE91701D4F8CC000130C4F891
:106B9000CC005846FBF7D0FE002009B0BDE8F08FCE
:106BA00001204FF00009A36A676DCDE902E6DAE93A
:106BB000286E0493A3FB01233D460595A2FB0727FE
:106BC00003FB0573971B73EB0E0703D349B1002832
:106BD0003FF4D7AE5846FBF7AFFE082009B0BDE83A
:106BE000F08F0021CDE65846FBF7A6FE032009B042
:106BF000BDE8F08F0120D6E7A8425FEA2F90D2E7E8
:106C00002DE9F04F89B044F645470546C4F249677F
:106C10000068B8421CD18846AC6D44F249411E461A
:106C2000C4F645512068D4F83C31884203F1010094
:106C3000C4F83C0108D104F5E47A4FF0FF31504626
:106C40009146FBF72DFD38B1112009B0BDE8F08F5A
:106C5000072009B0BDE8F08F05F140030FCB871A7C
:106C600071EB030780F0FE80121A05968B41B2EBA0
:106C7000090773F100075FEA2F9752EA3989002F5D
:106C800053EA1782069252EA090200F0FE8042F2AD
:106C9000A440CB4620440790286BCDE903A90CE023
:106CA000D5E90A01013041F10001C5E90A010020DE
:106CB0002863BBF1000F00F0E68010B9A06A83459D
:106CC00027D2D5E90A23A068009001200190042072
:106CD0000290204602F080FC002840F0CC80A06AA0
:106CE000296B401AA268584550EA3B865018414625
:106CF000324602F0CDFE286BA16A3044B04488428F
:106D0000ABEB060B2863D4D3BBF1000F40F08280BD
:106D100074E0BBFBF0F7A86B616DA1EB000A2E6A73
:106D2000BA4508961BD22046314608AA01F090FDCC
:106D3000002840F0C180DDF82090B9F1020FC0F0CA
:106D4000BB8007984068814500F2B980701C81457E
:106D500005D1606D4E468244BA45E4D300E0B146A9
:106D6000BA455AEA3786012E14D1D5E90A23A0681C
:106D700000900120019004200290204602F02CFC9B
:106D8000002804F5E47A76D1A068A26A414602F0B0
:106D90007FFE13E0079FD5F8D801D5E90A233860B4
:106DA000042002902046CDE9008602F015FC002860
:106DB00004F5E47A4FF0000139605CD1D5E90A01AD
:106DC000721E8018A862D5E90D3741F100013A44DE
:106DD000676DE962A16AB2FBF7F001FB06882963DF
:106DE000034400FB17206B63A86301FB16BBC5F8C7
:106DF0002090DDF81090BBF1000F0BD1D5E9100108
:106E0000069E10EB0907D5E914234E41BA1A76EB1A
:106E100003023AD2A86B616D0130A8638842FFF487
:106E20003FAF296A204608AA01F012FD002848D188
:106E30000899022945D30798406881424CD8881E9A
:106E40004FF0000666F10002D4E91473296202FBD8
:106E500003F1E0FB0371686B0130C5E90A71C5E914
:106E60000D0624E75046FBF767FD0020306009203F
:106E700009B0BDE8F08F04465046FBF75DFD2046A3
:106E800009B0BDE8F08FD5E91001069A10EB0900B2
:106E90005141C5E910010598C0F800904EF6F01078
:106EA000C2F200200068C5F890005046FBF744FD90
:106EB000002009B0BDE8F08F0446039803E0039872
:106EC0000BE004465046FBF737FD2046002C08BF78
:106ED000082009B0BDE8F08F5046FBF72DFD0820D3
:106EE00009B0BDE8F08FD4D400230A46FFF78CBB6D
:106EF0002DE9F04F8DB044F645470368C4F2496769
:106F0000BB4210D1D0E91037856D9B1857F10007AF
:106F1000D5F8543103F10103C5F8543107D00A20E4
:106F20000DB0BDE8F08F07200DB0BDE8F08F44F242
:106F300049472B68C4F64557BB420AD105F5E474AE
:106F40008B46CDE909204FF0FF312046FBF7A8FB27
:106F500018B111200DB0BDE8F08FD5F8A80030B100
:106F60002046FBF7E9FC23200DB0BDE8F08F0A981E
:106F7000816801292CD1A96A6A6D02FB01F777B3F8
:106F8000D0E9102342F2A84EDDF824C0D0E914A8BD
:106F9000BAEB020668EB0303B6EB0C0273F10002D6
:106FA00005EB0E02079280F0C3800CEB07003A4617
:106FB0000138801B4FF0000666EB0301002305F04B
:106FC00091FDE96F814211D22046FBF7B5FCA6E79F
:106FD0002046FBF7B1FC06200DB0BDE8F08F20463F
:106FE000FBF7AAFC02200DB0BDE8F08F8146E0FB64
:106FF00007A80A98B8F1000F0269C7694A440261FC
:1070000018BF4FF0FF3AB9F1000FC0E914A6A1EB89
:107010000900E8676BD0286C0BAE002108910028AE
:10702000D2D0B846A9F10109D5F88070C0F1010AA3
:1070300028463946324601F00BFC002860D1286C06
:10704000791C02300B9A81424FF0020050EA2790DF
:1070500032B10AF1010A0746BAF1010FE8D1B3E7EC
:107060000899C5F88000002957EA01810891B8F114
:10707000000F0A9922D0C869804507D028464146AA
:107080003A4601F029FD0A99002844D1686D8B6BBE
:10709000421E934224D3AA6A0B6B934220D34A6BBD
:1070A000BB1E01324A632A6D0026E0FB03260F62F5
:1070B00000208863C1E90A26086311E0A7F1020CE9
:1070C000D5E914320026E2FB0C364F610F62002036
:1070D0004863C1E90A360863C1F89C70C1E9100031
:1070E000B9F1000FCAF100000BAE98D101E0002009
:1070F0000890079839464268284601F0EDFC10B127
:1071000005462046A6E10A98C16961B12846089A59
:1071100001F0E2FC38B106462046FBF70DFC304694
:107120000DB0BDE8F08F0A98A96ADDF824C0C761E8
:10713000036B06948B420ED3D0E90A1200F1280E9D
:10714000836B013103F1010383634FF0000342F1CC
:1071500000028EE80E00BCF1000F00F006815946D7
:107160004FF0040A4FF0010867464FF0000B0CE0A7
:10717000D0E90A23013243F10003C0E90A230023C6
:10718000036357EA0B0200F0F080089123B9AA6A62
:10719000B91A7BF1000138D2D0E90A23A8688DE83A
:1071A0000105284602F018FA002840F051810A9C97
:1071B000A86AAB68216B401A19443A1A7BF10002A5
:1071C0005FEA2F9257EA30860898002A5BEA128914
:1071D000324602F05DFCA868D4E90A238DE8010577
:1071E000284602F081FB002840F032810A98AA6A02
:1071F000BF1BDDF824C0016B6BEB090B8B190899E1
:10720000934231440363BCD36CE000230446384608
:1072100059460597CDF810B005F064FCA16B6A6D76
:10722000A2EB010B07468345266A0C961DD205F595
:10723000E474284631460CAA01F00AFB002840F00D
:107240000F81DDF830A0BAF1020FC0F00981079874
:107250000068824500F20781701C824505D1686D87
:1072600056468344BB45E4D300E0B2460A98BB458A
:107270005BEA37864FF0040BD0E90A23D946089819
:10728000CDE900062846CDF808B002F02DFB002815
:1072900040F0DE800A98731EDDF810B0DDF824C0DF
:1072A000D0E90A12C0F820A0C9188162D0E90D7493
:1072B00042F1000223446C6DC262AA6AB3FBF4F18E
:1072C0004FF00108CA460F4401FB143102FB06F3DC
:1072D0004763059F8163089902FB0611FF1A026349
:1072E0006BF1000B57EA0B020BD1D0E9102312EB24
:1072F0000C02D0E9146E43F10003921B73EB0E02F3
:1073000033D2826B6B6D013282639A42FFF430AFED
:107310000E46016A28460CAA01F09AFA002840F0AD
:10732000A4800C9A022AC0F0A08007984FF0010EAA
:107330000068824200F2A480B2F1020C4FF0000813
:107340000A98314668F10003D5E91446026203FB4E
:1073500006F2ECFB0642436B0133C0E90A42DDF85A
:1073600024C0C0E90D38F04609E700F14009D0F823
:107370004CA099E80A0211EB0C01C0E9289A43F1EC
:107380000003B9EB0107C0E910137AEB030752D2EF
:10739000D5F8CC70C0E91213B7F1000E4BD0FFE75F
:1073A00005F1C8014FF0000805E007F15C01BEF1EE
:1073B000010E00D13FE00F688742F6D0D0E92A14D1
:1073C000D7E92A36744059402143EED1D0F8B04075
:1073D000D7F8B010A142E8D1D0E91024C7E91224AF
:1073E00007F19C04C7F8B0103969D0F89C20002937
:1073F000D0F81CB0D0F850C0C7E92A36C7F81CB086
:1074000084E80406426DC7E914C2CED1D0E9041263
:1074100039613A62911ED5E914320026E2FB013649
:1074200007F12801C7F83480C7F8388081E848019F
:10743000C7E91088B9E7D0F8DC110122027301B165
:1074400088470698FBF778FA00200DB0BDE8F08F6A
:1074500005460698FBF770FA28460DB0BDE8F08F98
:107460000546204603E020460BE005460698FBF75C
:1074700063FA2846002D08BF08200DB0BDE8F08F44
:107480000698FBF759FA08200DB0BDE8F08FD4D468
:10749000F0B581B044F241460446C4F64556006852
:1074A00006F108018842D4F8580100F10100C4F83F
:1074B000580107D104F5E4754FF0FF312846FBF77A
:1074C000EFF810B1112001B0F0BDD4F8CC0040F0BD
:1074D0000DC044F6414104F1C800C4F2496100BF47
:1074E000006840F85C1B0FF005C803209021C4E938
:1074F0002201D4F8BC10204688474EF6EC1EEFF36C
:107500001080C2F2002E72B64EF6E81CDEF80020A3
:10751000C2F2002C012A03D10023CCF800300BE08A
:10752000D4E93431DCF80070A742C3F8D410C1F8B4
:10753000D03008BFCCF80030511ECEF800102660C5
:1075400080F310882846FBF747F8002001B0F0BD13
:1075500070B5D0F89050044605F10B0001F068F9C1
:107560000028A06242D005F1180001F061F9E06244
:1075700005F11A0001F05CF9206305F1130001F038
:1075800057F94FF00006C4E90E0630B905F12000A6
:1075900001F056F9C4E90E0640B305F10E0001F002
:1075A00047F9606410B3687B6065F8B105F11600B7
:1075B00001F03EF9A06528B905F1240001F040F979
:1075C000A06598B1287CE06590B105F11C0001F040
:1075D00037F9206705F1110001F02AF9A06705F1DC
:1075E0002C0001F02DF96067002070BD022070BDF5
:1075F000012070BDD4D4D4D42DE9F04F83B044F22F
:1076000043490446C4F64559006809F10601884219
:1076100006D104F5E4704FF0FF31FBF741F818B1E3
:10762000112003B0BDE8F08FD4F8CC6096B34EF6CD
:10763000F41A4EF6F01744F6434804F1C805C2F2B6
:10764000002AC2F200274FF0000BC4F2496803E0A1
:10765000013E45F85C8B1DD02D68A8680128F7D144
:10766000287B0028F4D0EFF3108072B6DAF800100F
:107670003A68C5E9251205F1680180F31088D5E95B
:107680001202C5E928022046FDF75AFBA0B985F889
:107690000CB0DDE7204601F09FFA204601F038FCEF
:1076A000D4E90E0100900122002320460027CDE9F5
:1076B000011701F0E9FD50B104F5E470FBF73CF966
:1076C0002046FFF7E5FE902003B0BDE8F08FA06EE6
:1076D00038B1E16FE26E8A4203D0D4F8A8100029D5
:1076E00046D0D4F8C001D4F8BC100130C4F8C001B1
:1076F00002209025C4E92205204688470820C4E9D5
:107700002205D4F8BC10204688474EF6EC11EFF362
:107710001083C2F2002172B64EF6E81C0A68C2F26B
:10772000002C012A05D104F5E4700027CCF8007084
:107730000DE0D4E9347604F5E470DCF80050A5429D
:10774000C7F8D460C6F8D07008BFCCF80070013A12
:107750000A60C4F8009083F31088FAF73DFFD4F86C
:10776000C41009B120468847002003B0BDE8F08F5F
:10777000E169D4F8AC31D4F8BC204FF0FF360F6883
:10778000C4E924700320C4F8B800581CC4F8AC0144
:107790002046C1E9026600264E7490210125C4E905
:1077A0002261C4F898509047D4F88C0000287FF4E8
:1077B00083AFD4F89060304601F042F845F2522190
:1077C000C4F2611188428CD106F5F27001F038F8EC
:1077D00047F27221C6F2411188427FF482AF06F56A
:1077E000F470E16F01F030F806F5F670D4F880100F
:1077F00001F02AF804F1880C0120D4F8B07190212E
:10780000A26ED4F8BC308CE84300C4F8B000032169
:10781000C4E92520781CC4F8B0012046C4F8B8108B
:107820009847D4F88C0000284FF00000C4F8B0004E
:107830007FF442AFE06FE06653E7D4D4D4D4D4D41D
:1078400044F249430268C4F645539A421AD170B5CE
:1078500000F5E4740D4606464FF0FF312046FAF776
:107860001FFF00281CBF112070BDB06A716D484316
:10787000F16FA0FB0101C5E900012046FBF75CF8B0
:10788000002070BD112070472DE9F04784B044F20C
:1078900049410546C4F645510068D5F85C21884247
:1078A00002F10100C5F85C0107D105F5E4744FF061
:1078B000FF312046FAF7F4FE18B1112004B0BDE8FC
:1078C000F087D5F8A80030B12046FBF735F8232023
:1078D00004B0BDE8F087D5F8CC6086B34EF6F41856
:1078E0004EF6F01A05F1C800C2F20028C2F2002AD2
:1078F0004FF0000904E000BF013E07F15C001ED01C
:107900000768B8680128F7D1387B0028F4D0EFF376
:10791000108072B6D8F80010DAF80020C7E92512F6
:1079200007F1680180F31088D7E91202C7E928023D
:107930002846FDF705FAA0B987F80C90DCE7284641
:1079400001F04AF9284601F0E3FAD5E90E0100906A
:107950000122002328460027CDE9011701F094FCFD
:1079600038B105462046FAF7E7FF284604B0BDE8DF
:10797000F087A86E18B1E96FEA6E8A4218D1D5F87F
:10798000C001D5F8BC100130C5F8C001022090221A
:10799000C5E92202284688472046D5F88C50FAF7D8
:1079A000CBFF2846002D18BF902004B0BDE8F0871B
:1079B000E969D5F8AC31D5F8BC204FF0FF360F6837
:1079C000C5E924700320C5F8B800581CC5F8AC01FF
:1079D0002846C1E9026600264E7490214FF0010C42
:1079E000C5E92261C5F898C09047D5F88C0030B140
:1079F0002046FAF7A1FF902004B0BDE8F087D5F843
:107A00009060304600F01CFF45F25221C4F2611133
:107A10008842B4D106F5F27000F012FF47F27221ED
:107A2000C6F241118842AAD106F5F470E96F00F060
:107A30000BFF06F5F670D5F8801000F005FF05F194
:107A4000880C0120D5F8B0719021AA6ED5F8BC3011
:107A50008CE84300C5F8B0000321C5E92520781C57
:107A6000C5F8B0012846C5F8B8109847D5F88C007D
:107A700000284FF00000C5F8B000B9D1E86FE86603
:107A80007DE7D4D4D4D4D4D4D4D4D4D4D4D4D4D4FA
:107A90002DE9F04F81B02DED048B88B01C9D41F293
:107AA0000107EF1B4FF0890B17F5805FC0F0618174
:107AB0001D9E0446A6F1810010F1800FC0F059818F
:107AC0001F461698C4E9027004F128008946DDE9D2
:107AD0001EA880E8200504201A99C4E9212000206E
:107AE000C4F8B400C4F8BC90C4E92A002046216759
:107AF0004FF0900BC4F88CB0C847D4F88C00002825
:107B000040F0378129463846C4F8907005F039F9BD
:107B100040F2380043F2EB42C2F200203A80391AB8
:107B200087F802B0033107290DD84FF0080E40F254
:107B30003801F81CC2F2002111F8012B00F8012BCA
:107B40000FF007C003E090FD800E87ED830E40F23A
:107B500040001C9DC2F2002029460078787507F18C
:107B60000B0000F069FE07F11800414600F064FECA
:107B700007F11A00514600F05FFEDDF864B0681EA0
:107B80001B99CDF810B000EB4B10DDF860A0A6F10A
:107B90000108B0FBF5F0C0430844B0FBF6F000F07C
:107BA000010100EB50021144B1FBF5F202FB15118B
:107BB000002952EA029B40F6F6720BFB0A81B1FBE8
:107BC000F6F1411A0791914254D341004FF0010B55
:107BD000B1FBF5F101FB05F2C2EB4002002A51EACC
:107BE00001914FF6F5720B4601FB0A81B1FBF6F1EC
:107BF000401A0790904243D34FF6FF7107F13000CF
:107C0000B5F5007F5BEA1B9B08BF012100F014FE65
:107C100007F12C00022100F017FE1B98CDF818B0D8
:107C2000A0EB0B0006FB05F3B0FBF6F08100B1FB07
:107C3000F5F101FB05F2C2EB8002002A51EA019B3B
:107C40004FF6F4720BFB0A81B246B1FBF6F1401A13
:107C5000079090424FEA531004900ED907F1240088
:107C6000594600F0F1FD4FF00008432042216A1E02
:107C7000059214E0B24601200690681E059005E0CA
:107C8000B24601200690681E05909B4607F116003B
:107C9000594600F0D1FD4FF0010827202621292266
:107CA0007A5440F244013844C2F200211A9D096816
:107CB00000F0CAFD4FF6FF701B9E3146864207F169
:107CC00013002CBF0021002600F0B6FD07F12000B4
:107CD000314600F0B9FD07F10E00069900F0ACFD49
:107CE00007F11C00294687F80DA0DDF860A087F891
:107CF00010A000F0A9FDB8F1000F06D007F11100A7
:107D0000049900F099FD2B2000E047201C9D179A54
:107D10003844002100BF00BF12F8013B23B1435497
:107D200001310B29F8D107E00A2905D80844C1F12F
:107D30000B01202205F020F87819552100F8021CCB
:107D40000599AA2078540720C4F888000120C4F8B7
:107D5000B000C4F89800C4F8B8002046C847D4F86A
:107D60008C0000284FF00000C4F8B00008D04FF09D
:107D7000900B584608B0BDEC048B01B0BDE8F08F05
:107D8000B5F5007F37D14FF6F5700799814232D3B0
:107D9000381D4FF4FE7104F0F4FF6DA007F5F27189
:107DA00090ED001F6EA087ED000F90ED001F4AF6CA
:107DB0005520A7F8FC0181ED000F079907F5F47035
:107DC000013900F041FD07F5F670032100F03CFD9C
:107DD0000120C4F88800C4E92500C4F8B000C4F844
:107DE000B8002046C847D4F88C0000284FF00000A7
:107DF000C4F8B000BBD1BAF1000FCDF814806AD03E
:107E00005BA04FF001080021CDF804B090ED009F79
:107E1000069803900AE00299DDF860A00131DDF8D0
:107E200004B0514503985844039054D0BBF1000F5F
:107E30000291F0D04FF0000B039EDDF804A000BFCC
:107E4000BBF1000F24D000218D4203D97818691AA4
:107E500004F097FF0220C4F8B8002046C4F88880D8
:107E6000C4E92568C4F8B080C847D4F88C0000285D
:107E70004FF00000C4F8B0007FF479AFBAF1010A06
:107E800006F10106ABF1010BDAD1C4E700BF00BF78
:107E900040F2400040F6F672C2F20020079991428B
:107EA000007838704FF6FF70A7F8010003D2032165
:107EB0008D42CBD8CEE7059828B1FF20F870042179
:107EC0008D42C3D8C6E70C2187ED838E0F20F87250
:107ED0008D42BFD9BAE70498691E01EB40163846B7
:107EE000294604F04EFFB54220D8B6FBF5F50698BA
:107EF0000BFB0A0B4FF0000801264FF0030A002786
:107F00000BEB0700C4E925062046C4F88860C4F8D6
:107F1000B060C4F8B8A0C847D4F88C00C4F8B080EA
:107F200000287FF424AF0137AF42E9D30820902125
:107F3000C4E92201D4F8BC1020468847D4F88CB09C
:107F400017E700BF00BF00BF00BF00BF00BF00BFFA
:107F500052000000520000006100000041000000DB
:107F6000720000007200000041000000610000008B
:107F70000F00FF00FF00FF000F00FF00FF00FF00E9
:107F80002DE9F04F85B04EF62C274EF63026C2F282
:107F900000274EF63425C2F20026C2F200253F68C3
:107FA00036682D6837432F4350D0814640F2480051
:107FB000C2F200200078002848D042F2A440DDF848
:107FC00038A009EB000BC9E9011A09F1D800F0212A
:107FD0001E46DDF83C80C9F8BC20C9F80C8000279B
:107FE000CBF800708BF80C70144604F0CAFE042025
:107FF000C9E9216048469025C9F88C50C9F8B47089
:10800000C9E92A77A047D9F88C0000BBD9F8B40198
:1080100009F188020130C9F8B4010520D9F8BC1073
:1080200082E821040120C9F89800C9F8B800484640
:108030008847D9F88C0070B108209021C9E9220145
:10804000D9F8BC1048468847012500E0222528467B
:1080500005B0BDE8F08F4846FFF77AFA48B108202E
:108060009021C9E92201D9F8BC1048468847022569
:10807000EDE7D9F89000303000F0DAFBD9F828604D
:10808000B04509D208209021C9E92201D9F8BC10D5
:10809000484688472125DAE7B8FBF6FE09F54A6C21
:1080A0005246F046BEF5807F28BF4FF480784FF0EF
:1080B000FF3A002365464146C9F8148000BF00BF5F
:1080C0002C4601392A602B82C5E902AA05F1180560
:1080D00032446561F4D10023BEF1100F45F8043C31
:1080E000A2F10101C9E9061CC9E9083312D3A8F1BC
:1080F000010141EA080281EA080191420AD10546DC
:108100000120C9F810004FF0FF3000EB980342F255
:10811000A04001E00546102049F8003009F5EB6069
:108120004FF4A07104F02DFED9F87800D9F85C2046
:10813000D9E9158106EB4010D9F84430013801FB2C
:108140000231D9E90E23B0FBF6F0C9E9121000267E
:108150004718C9F85070D01B424663F10001002354
:1081600004F0C0FC40F6F571C9F84000884205D81B
:108170000120C9E91806C9F8686008E04FF6F471F3
:10818000C9F86060884272D80020C9E919004E46DB
:108190004FF6F0704FF6FF71CBE90101002046F871
:1081A0007C0FB04648F8040FD9F860000E9C20B34D
:1081B000D9F84000013810F1040F22D8022504AF8D
:1081C00005E0D9F8400001350230854219D2484611
:1081D00029463A4600F03CFB002840F066810498AE
:1081E0000028EED1D8F800003168002801F1010024
:1081F000306008BFC8F80050E3E73068002800F09E
:10820000EB80D8F8000010B90220C8F8000040F256
:10821000E21109F5CA60C9F8E004002089F8E40415
:1082200089F85005A9F84F06C9F8500789F8E00306
:10823000C0F20121C9E9320009F5E4700022FAF721
:1082400097F94EF6E811EFF31085C2F2002172B6ED
:1082500044F249420868C4F64552C9F80020D0B13A
:10826000D0F8D410C0F8D490C1F8D09017E04FF6F1
:10827000EF74D9F87460C0F6FF74022E04F10100A7
:108280006FF07041CBE901014FF00100C9E9190518
:1082900018D20225DBE6C1F8009048464946C9E9F4
:1082A00034014EF6EC10C2F20020D9F8C01002687A
:1082B00002F10102026009B14846884785F310883F
:1082C0000025C4E6B01E00FB087000270DF1100861
:1082D000C9F8480048463146424600F0B9FA00283D
:1082E00040F0E3800498864200F0DF80D9F8401027
:1082F00001378F4200F2D980A0420646EAD94E46A5
:10830000002046F87C0FB04656F8281C56F8543C1E
:1083100001FB07F256F8141C002948F8040F03FB70
:1083200002F24FEA521246F8042C3FF43DAFD9F85E
:108330001C2009F1880CD9F8AC71D9F8BC3015684B
:10834000C2E902AA507490228CE825000320C9F8E3
:10835000B800781CC9F8AC0148460124C9E92514C5
:108360009847D9F88C00002840F0A980D9F890509F
:10837000284600F065FA45F25221C4F261118842A4
:1083800040F09D8005F5F27000F05AFA47F2722134
:10839000C6F24111884240F0928005F5F47000F079
:1083A0004FFAC9F87C00C9F86C0005F5F67000F0CA
:1083B00047FAD9F84010D9F87C20C9F880008A42E1
:1083C00005D8022803D3023188427FF6EDAE0020A3
:1083D0003060C8F80000E7E6D9E90E01CDE90001F8
:1083E0000122002348460127029700F04DFFD9F8EB
:1083F0005800C9F8084000283FF403AFD9F814101A
:108400004FF0020B0027002507E0D9F85800D9F8F3
:1084100014100D448542BFF4F4AE401BD9F844302B
:10842000884250EA318A09F18C010020C9F888009D
:108430009020D9F80820D9F8BC402B44C9F8B8B02E
:1084400081E80D044846A047D9F88C0068BBD9F8EC
:108450002800002100FB0AF006E0D9F8403001377F
:10846000023311449F421CD28142CED2D9F86420FB
:10847000D9F80830002A03EB010202D01368042265
:1084800001E013880222002B0493E6D1D8F80030D3
:108490003468002B04F10103336008BFC8F8007092
:1084A000DBE7D9F858000546B1E708209021C9E973
:1084B00022014846D9F8BC1088470325C7E50020AB
:1084C000C9F8680070E6D4D410B582B00C4669468D
:1084D000FFF7B6F908B102B010BDDDE900210029AF
:1084E00018BF4FF0FF32226002B010BDD4D4D4D4F4
:1084F000F0B588B00678E92E04D0EB2E43D187780A
:10850000902F40D1877D6FB9C77D5FB990F82470F7
:1085100047B990F825702FB990F8267017B990F8E0
:10852000277087B3067DC77C47EA06052D060FD165
:1085300090F8217090F8205045EA0706360615D1CC
:1085400090F8227017B990F82370E7B100240EE07C
:10855000F6B247EA0625B5B1002A1CBF002010601C
:10856000002B18BF1D604FF0000C3FE0FCB290F8EC
:10857000237090F8226045EA076747EA064747EA12
:108580000425002DE8D190F8FE71552F2CD190F8DC
:10859000FF714FF0040CAA2F28D16F46E64600F574
:1085A000E5703C1D0BE000BF50F8045C066844E930
:1085B000015610300834BEF1010E00D106E010F86B
:1085C000086C002EF0D100250026F0E703290BD817
:1085D000002A1CBF57F831001060002BC3D007EBF6
:1085E000C10045681D60BEE74FF0040C604608B04E
:1085F000F0BDD4D4D4D4D4D448F60003CFF6F0736D
:1086000003EB40204EF6F013C2F2002340EA411182
:10861000002011431960704780B584B04EF6E81011
:108620000021C2F2002044F6212245F259334FF0D6
:10863000010C01604EF6F010C2F20020C4F2586343
:10864000CDF808C002604EF6EC10C2F200204EF6E3
:10865000F412C2F2002201604EF6F810C2F20020BD
:1086600011604FF4807148F2F16201604EF6FC1027
:10867000C2F200201021C0F2002201604FF47A7093
:10868000CDE900004EF600204FF68971C2F20020BD
:10869000C0F20021FBF714FA4EF62C204EF63022E1
:1086A000C2F20020C2F200224EF634230168C2F268
:1086B0000023CFF6FF71016048F210011068C0F28C
:1086C000001108431968106041F4202040F47A70CA
:1086D000186004B080BDD4D44EF6F4134901C2F240
:1086E000002341EAC021002041EA5201196070478D
:1086F00045F25931C4F25861884218BF70472DE9DC
:10870000F0414EF6F41C4EF6F01EC2F2002CC2F2FE
:10871000002E3E21DCF80000DEF8007001EA400384
:10872000C7F34625C0F34512C0F3C42107F01F0666
:10873000322BC7F3431405F2BC7018D33B2AA3F1C4
:10874000320316D31729A2F13B0214D3611E0B2961
:1087500068D806F10108DFE801F0062E22261A3358
:10876000372A441E40101F2E4FF001012FE00A331C
:1087700047E0013245E0013143E01F2E35D17F2D26
:1087800050D005F2BD7001260021012439E01F2ED2
:108790004FF005011BE01F2E4FF00A0117E01F2EBE
:1087A0004FF0030113E01D2E4FF0040122E01F2EB5
:1087B0004FF008010BE017F4C06F18D01B2E17E024
:1087C0001D2E4FF0060115E01F2E4FF0070108BFC8
:1087D0004FF0010851EA119411E01D2E4FF00B01EA
:1087E00008E01D2E4FF0090104E00C2407E01C2EC8
:1087F0004FF0020188BF4FF0010851EA9194002127
:1088000046464002520140EA4410A0F50020A0F57F
:10881000EF203043CEF8000042EA530040EAC12086
:10882000CCF80000BDE8F0417047D4D4D4D4D4D4FF
:1088300000887047D4D4D4D401807047D4D4D4D421
:1088400000687047D4D4D4D401607047D4D4D4D451
:108850002DE9F04F89B00C23D0F8787103EA810339
:108860000137C0F8787103EB430300EB8306D0F8BF
:108870008031D6F8587706F5EB668F4203F1010791
:10888000C0F8807102D17068106038E0354655F844
:108890000C7F8F420CD13069106006ABAC6896E853
:1088A000070007C3D5E90037B460C6E9003725E003
:1088B000374657F8184F8C4209D1F069106006AB63
:1088C00096E8070007C397E8070007C611E0B3461C
:1088D0005BF8244F8C4216D1B06A106006AB96E864
:1088E000070007C39BE8070007C697E807008BE867
:1088F000070095E8070007C706AA07CA07C50020B2
:1089000009B0BDE8F08FF46A64B1884691468246AA
:1089100000F062F90028F3D1DAF8801150464B1EBE
:108920004A464146C0F88031036ED0F88441002B9E
:1089300004F10103C0F8843105923FD0049101EBAA
:1089400041014FEA5109816A426C8368B9FBF1F138
:108950000093002302EB010802210122CDE901214D
:108960004246824600F038FE0028C9D1DAF8442099
:10897000DAF82810A2EB0802DAF8083002FB0192BC
:10898000DDF810C05046013903EB020E9C5C0394E5
:108990005FEACC745ED18A4270D108F10102009383
:1089A000002302210124CDE9014100F015FE002839
:1089B000A6D1DAF80800DDE904C963E0426ED0F818
:1089C00008C0002A426C1FD04FEA810A846A012342
:1089D0000193BAFBF4F9002304914A440221CDF833
:1089E00000C00291804600F0F7FD00287FF488AFB8
:1089F00009FB14A0D8F808100844FFF721FF20F065
:108A00007040DDE904C952E08A464C00816A0023C7
:108A1000CDF800C08146B4FBF1F102EB0108022160
:108A20000122CDE90121424600F0D6FD00287FF465
:108A300067AFD9F84400D9F82810A0EB0800D9F89E
:108A4000082000FB01202044FFF7F2FEDDF814901F
:108A5000D4462CE08A421BD108F101020093002386
:108A600002210124CDE9014100F0B6FD00287FF488
:108A700047AFDAF80800DDE904C90DE00EF10100A6
:108A8000DDF8149000780822039900F00F0007E049
:108A90000EF10100DDF81490007803990909042211
:108AA000904008430109FE2988BF40F47040C9F88E
:108AB000000097E807008BE8070095E8070007C764
:108AC00096E8070007C5C6F800C0D9F80000706036
:108AD00015E7D4D4D4D4D4D42DE9F0410C27D0F860
:108AE0007C3107EA810701F003060133C0F87C31CD
:108AF00007EB4703D0F888C106EB46060CF10107E7
:108B000000EB8303C0F8887103F5EB6500EB0613F7
:108B100003F5EC64042300BF54F8087C8F421BD09B
:108B2000013B04F10C04F7D1EB6AD0F88C71012BF6
:108B3000C0F888C107F10103C0F88C3113D1044695
:108B40000E46174600F048F803463A46314620469E
:108B50004BB11846BDE8F081012344E901234FF0F1
:108B60000003EAB1F5E705F1180CEB6895E8104150
:108B7000002A29609CE8C010AB612B69EB616B692E
:108B80002B6205F10C036E62AF62C5F82CC06A60FF
:108B900083E810414FF00103AB604FF00003D8D1E0
:108BA000D0F8AC20002AD4D0D0E91423023906270B
:108BB0009026C0E92276D0F8BC7103FB0121D0F8E1
:108BC000BC200137C0F8BC71C0E9251390470023D1
:108BD0001846BDE8F081D4D42DE9F04F87B0834624
:108BE000D0F89001012600270130CBF890010BF658
:108BF000180004900BF5EC600690102003900BE039
:108C000001370698102F00F10C0006900398A0F190
:108C10000100039000F0758107EB47000BF5EB6155
:108C200001EB800081680029EAD0DBF860100029A0
:108C30000168DBF8280000F0C78001EB4101DBF898
:108C40000820490800233446B1FBF0F0DBF844105B
:108C500000920D180220029058462A46019600F014
:108C6000BBFC002840F04E81C7F1100005904FF08A
:108C7000000A4FF0FF3900BF19F10100A44615D0DA
:108C800009EB49000BF5EB6212F8201002EB8002B1
:108C9000C807DBF80800526806D10178120A62F3AF
:108CA000030102E000BF00BF1109017005984FF0F9
:108CB000FF398646B8460698394607E091467B70EC
:108CC00001310C30BEF1010E00D139E00268002AFA
:108CD000F6D050F8087CDBF8446007EB47025308F5
:108CE000DBF82820B3FBF2F43444AC42E8D1761B25
:108CF000DBF8084006FB0236013A50F8043C964285
:108D000051EA0982FF0704EB06074FF000040460F4
:108D10000AD1914289463B70D2D07E78C3F30323B7
:108D200006F0F0063344C9E73E789142894606F0E2
:108D30000F0646EA03163E70C2D01B09BEE700BF0D
:108D4000DBF80800CDE9000C0220029058462A46C4
:108D5000534600F0C9FD002840F0D480DBF85800ED
:108D600081054FEA902050EA0090C0B2002800F040
:108D7000C480DBF84410049F691A012619F101032D
:108D8000B1FBF0F04FEAD00100F0070006FA00F066
:108D90007A5C40EA0200785447463FF431AF01352F
:108DA000DBF80800009000230220029058462A4673
:108DB0004FF0000A3446019600F00EFC00283FF404
:108DC0005BAF9FE000BF00BFDBF86420DBF84430FE
:108DD000002ADBF8082037D089000092344601963B
:108DE000B1FBF0F01D1800230220029058462A46DD
:108DF00000F0F2FB002840F08580B946069E039FF4
:108E000006E000BF00BF00BF013F06F10C064FD0D7
:108E100030680028F8D056F8080CDBF828108000DD
:108E2000DBF84420B0FBF1F31344AB42ECD1521B0E
:108E3000DBF8083002FB0131084456F8041CFFF748
:108E400003FD00203060DFE74900009234460196C0
:108E5000B1FBF0F01D1800230220029058462A466C
:108E600000F0BAFB00284DD1B946069E039F03E0EF
:108E7000013F06F10C061BD030680028F8D056F8E8
:108E8000080CDBF828104000DBF84420B0FBF1F3BD
:108E90001344AB42ECD1521BDBF8083002FB01312A
:108EA000084456F8041CFFF7C7FC00203060DFE7D9
:108EB000DBF80800009000230220029058462A4662
:108EC000019400F011FDE8B9DBF85800049B81051E
:108ED0004FEA902050EA0090DBF84410691A2646C9
:108EE000C0B24F46B1FBF0F0C10800F0070004FA31
:108EF00000F05A5C1043585482E6022007B0BDE8E7
:108F0000F08F002007B0BDE8F08FD4D4D4D4D4D4EF
:108F10002DE9F04F85B00446806D81054FEA902021
:108F200050EA009004F6180800254FF0020A5FFA94
:108F300080F9012704E000BF0135B5F5806F3ED010
:108F4000E80805F0070118F80000C840C007F3D092
:108F5000606CA16D05FB0906084406EB090181421E
:108F600051EA308B5E45E7D2CDF81090A0680090B2
:108F7000002320463246CDE9017A00F02DFB18BBD4
:108F8000E06DC146A0F10108B8F1000F10D0A06D4E
:108F900032460023E0FB0823A0688DE881042046C8
:108FA00000F0A2FCA8F1010870B92FF013C800BFAF
:108FB0000136C8465E45DDF81090D7D3BCE7802166
:108FC000404603F0DEFE002005B0BDE8F08FD4D4AB
:108FD0002DE9F04F014600690028DDF824E051D06A
:108FE00042F2A04001250E6A0858104000EB4007ED
:108FF00000F01F0005FA00F001EB4714304308624F
:1090000094F8B1CC04F54A60BCF1000F0BD0D0E964
:1090100002455D4054402C4305D1D1F8A42100689D
:109020008860501CE9E090F82940002C48D0D0E935
:1090300008565E405540354342D1D1F8A461876956
:109040008F600136C1F8A461D0E90216C0E902239D
:1090500090F82820057C90F81280027490F82A205D
:10906000D0F800E0076044748274C0F818E080F81B
:109070002850C0E9081680F829C080F82A8000200E
:10908000BDE8F08F4F69C869002F4FF00006CEF899
:10909000006008BFBDE8F08F457C35B1D0E90254CF
:1090A0005C405540254300F09D80456925B1CEF8D0
:1090B0000000064645692846013FEDD1BDE8F08F26
:1090C00090F84150C5B3D0E90E675F4056403E432B
:1090D00032D1D1F8A46190F81290D0E902E8C0E949
:1090E000022390F840200136C1F8A461067C027486
:1090F00090F8422045748274D0E90825C0E90E2515
:1091000090F82820076B80F8402090F82A208F6084
:10911000016807608369036380F8414080F842205A
:109120008161C0E908E880F8286080F829C080F8EB
:109130002A900020BDE8F08F90F85990D0F8488030
:10914000D0E914BAB9F1000F5CD08AEA03068BEAC1
:1091500002073E4356D1D1F8A471C1F80880013707
:10916000C1F8A471D0E90261C0E9022390F8582047
:10917000077C027490F85A2090F812E08274026B17
:109180008264D0E90E23C0E9142390F8402080F8CF
:10919000595080F8582090F8422080F85A20D0E9A1
:1091A0000825C0E90E2590F8282080F8402090F886
:1091B0002A20D0F800A0C0F8008080F811908369C0
:1091C000036380F8414080F84220C0F818A0C0E94D
:1091D000086180F8287080F829C080F82AE0002013
:1091E000BDE8F08F02688A6026B142697261CA697F
:1091F0004261C861D1F8A4010130C1F8A401002086
:10920000BDE8F08F036B8364D0E90E36C0E91436F5
:1092100090F8403090F8582080F8583090F842305C
:1092200090F85A1080F85A30D0E90836C0E90E3666
:1092300090F8283080F8595080F8403090F82A3063
:10924000856980F8414080F8423003688361D0E945
:109250000234C0E90834037C80F82830837C05633D
:1092600080F829C080F82A30C0F80080C0E902BA2E
:10927000027480F8119081740021CEF80010BDE8CE
:10928000F08FD4D4D4D4D4D42DE9F04F8FB0DDE90D
:10929000181786460691891843EB070001390E918D
:1092A000DEE9041960F1000000291A99DEF824C0F3
:1092B00007970D90CDF824E000F0FF80DEF8200045
:1092C0000024002800F08281CDF82890DDF860901D
:1092D000DDF864B00590D9F11F00E24674EB0B0095
:1092E0005FEA2F900390B9F120007BF100005FEA64
:1092F0002F90029042F2A040704401900EF54A6017
:109300000B905AEA01004FF0000018BF59EA0B0118
:1093100000F0D0800E99891A0D999941C0F0CA8049
:1093200018982038199870F1000006D20198059914
:109330000068104000F01F0409E00599C80706D135
:10934000084689074FEA500104F10104F8D5CDE938
:109350000441A400002708930AE000BF00BF00BF3B
:109360004FF0000A0C9C0A988034844280F0898077
:1093700004EB44000B994FF004080C9401EBC0057A
:109380006E7C0EB3D5E90204811A74EB03011BD382
:109390000E99091A0D99A14116D3297CE1B1DEF885
:1093A000A81099B31A99F9B1ACF1010CAAF1010A0C
:1093B0004FF0FF30C5E9020000202882CEF824C01B
:1093C00012E000BF00BF00BF002E57EA07971A99AE
:1093D0005AEA01000FD1C3E71A9929B10020687435
:1093E0004FF0FF30C5E90200B9F101096BF1000B44
:1093F0005AEA0100B4D0002908BF59EA0B003BD05B
:10940000B8F1010805F11805BAD1ABE7DEF8B011E3
:1094100016460131CEF8B0112968CEF89010A97C1B
:109420000122CEF8882090230429CEF88C30CEF883
:109430009400CEF89820CEF8B81002D00120CEF8D3
:10944000B000DEF8BC1070468847DDF824E0002448
:10945000089B1A99DEF88C00CEF8B04050BBDEF8BD
:1094600024003246A0F1010CAAF1010A2C74CEF8B6
:1094700024C00029B2D1B7E74FF000094FF0000B2C
:1094800070E7049D49B147B90120DEF82010A840DB
:1094900021EA00001A99CEF820000298039C1218C5
:1094A000059843F10003E04005902C444FF0000084
:1094B0007FF427AF0FB0BDE8F08FB9F1000F4FF088
:1094C000000A00F083804FF0FF3B0EF11C00E046E5
:1094D0000EE000BF00BF00BF069801380690079855
:1094E00060F100000790B9F1010904F114006DD09A
:1094F0000468D4E9025655EA060067D058EA01002C
:109500004FF00000D6D0DDE906710F431A99D1D093
:109510000E98401B0D98B041E5D3A81A76EB0300D6
:10952000E1D3607C0028DED0207C002846D0DEF825
:10953000A80060B10029CFD0ACF1010CA8F101085E
:10954000C4E902BBA4F810A0CEF824C0C4E7DEF83A
:10955000B0011E460130CEF8B0012068CEF8900070
:10956000A07C17460121CEF8881004284FF0900205
:10957000CEF88C20CEF89450CEF89810CEF8B800E3
:1095800002D00120CEF8B000DEF8BC10704688474B
:10959000DDF824E01A99DEF88C00CEF8B0A000289F
:1095A0007FF488AFDEF824003A463346A0F1010C80
:1095B000A8F1010884F810A0CEF824C000293FF4D7
:1095C0008BAF84F811A0C4E902BB85E700200FB07F
:1095D000BDE8F08FD4D4D4D42DE9F04F85B0109DE0
:1095E0009846022D914683460E9F04D1DBF89401E4
:1095F0000130CBF89401DBF80800DBF89C118742BE
:1096000001F10100CBF89C0103D3DBF8180087427D
:1096100035D90F9CDBF8382019EB040048F1000124
:10962000013861F10001101A4FF00000884103D2A7
:10963000892005B0BDE8F08F002C00F0B0800DF15E
:10964000100A00BF00BF00BF58464A464346CDF847
:1096500000A0FFF7BDFC002840F08380DBF8080085
:10966000DBF82820394600F013FADBF8280019F15E
:10967000010948F10008013C0744E5D18FE004A846
:10968000009058464A464346FFF7A2FC002800F0E7
:1096900086800746407CDBF8A811002801F1010014
:1096A000CBF8A8012DD0387C58B3DBF8B001BA7CD8
:1096B0000130CBF8B0010120CBF888009021CBF825
:1096C0008C103968CBF89010B968CBF89410042A44
:1096D000CBF89800CBF8B82018BFCBF8B000DBF877
:1096E000BC1058468847DBF88C0000210028CBF8D6
:1096F000B01040F0F680DBF8240039740138CBF864
:109700002400DBE90E01B9EB000078EB01008FD2F9
:10971000DBF8AC0100240130CBF8AC019020CBF891
:109720008C003868CBE924090120CBF88840042D4F
:10973000CBF89800CBF8B85008BFCBF8B400DBF8F2
:10974000BC1058468847DBF88C00CBF8B4400028A2
:1097500000F0B080002179744FF0FF31C7E90211A9
:10976000B7E019EB040548F1000600BF00BF00BFD9
:10977000013D584666F100062A463346CDF800A062
:10978000FFF726FC78B9013CDBF8282002FB0471C6
:10979000DBF8080000F07CF90CB12FF017C80020AE
:1097A00005B0BDE8F08F58464A46434601260025DD
:1097B0008DE87000FFF768FDDBF8AC01CBE9247998
:1097C0000130CBF8AC019020CBE922501098CBF8B7
:1097D00098400428CBF8B80008BFCBF8B460DBF899
:1097E000BC1058468847DBF88C00CBF8B4500028F2
:1097F00077D1DBF81400B4EB900F4FF0000070D27B
:109800000126109D0EE00168DBF82820384600F0A4
:109810003FF9DBF8280019F1010948F10008013C83
:1098200007445CD058464A464346CDF800A0FFF7AF
:10983000CFFB0028B3D0417C69B3017C59B3827C53
:10984000DBF8B0110131CBF8B011CBF88860902172
:10985000CBF88C100168CBF8901005468068CBF8E7
:109860009400042ACBF89860CBF8B820584618BF6B
:10987000CBF8B060DBF8BC108847DBF88C00002127
:10988000CBF8B01068BB28462974DBF82410109D73
:109890000139CBF824100499C0E9029800294674D4
:1098A0008574B0D042694A61DBF81C104161CBF885
:1098B0001C00A8E70499C7E902984FF001027A74E6
:1098C000BD7431B17A694A61DBF81C107961CBF85B
:1098D0001C703968CBF8081005B0BDE8F08FDBF8D4
:1098E0008C0005B0BDE8F08F2DE9F04F83B0DDF8B6
:1098F00038B00C9FBBF1020F04D1D0F898110131A0
:10990000C0F898118168DDF83480D0F8A0518F42FA
:1099100005F10101C0F8A01102D381698F423ED93F
:1099200052EA03014FF0890100F0A58063EA0206C4
:10993000002E00F0A08012EB0801D0E90E5443F194
:109940000006013966F10006491B76EB040180F040
:1099500091804FF0010A4FF000098DE8000704469E
:109960001546FFF791FCD4F8B001C4E92475013025
:10997000C4F8B0019020C4E922A0BBF1040FC4F8E0
:109980009880C4F8B8B0204618BFC4F8B0A0D4F886
:10999000BC108847C4F8B090D4F88C106BE0016913
:1099A000E1B142F2A04104254158114001EB4101CF
:1099B00000EB411101F54A6106E000BF00BF00BFA6
:1099C000013D01F1180122D04C7C002CF8D0D1E9E6
:1099D00002465E4054402643F2D114E04569B5B1D9
:1099E000C16907E000BF00BF4E69013D002E51EA8A
:1099F000068165B14E7C002EF6D0D1E902645C4050
:109A000056402643F0D10A7CCAB3002133E052EA23
:109A100003014FF089012ED063EA02065EB312EB18
:109A20000801D0E90E6543F10003013963F1000339
:109A3000891B73EB05011DD2D0F8B01100F1880C21
:109A40000131C0F8B011012190238CE88A00C0F8E0
:109A50009420BBF1040FC0F89880C0F8B8B018BFCC
:109A6000C0F8B010D0F8BC10044688470020C4F8F5
:109A7000B00091E78921084603B0BDE8F08F426A43
:109A800001324262012008740021F4E7D4D4D4D416
:109A900003460846194603F079B9D4D4D4D4D4D4B3
:109AA00090B140F23402C2F200221268EFF3058353
:109AB0001A434FF0200209D14EF6A003C2F2002350
:109AC0001B681BB1FAF7E8BC1820704710467047B6
:109AD0002DE9F04708B340F234050D9FC2F200258E
:109AE000DDE90B9A089C4FF0200CDDE909E82D68B0
:109AF000EFF305862E4313D14EF6A005C2F20025E2
:109B00002D686DB10DF1280C0D978CE80007CDE99B
:109B1000084EBDE8F047FBF7E3BC1820BDE8F0872E
:109B20006046BDE8F087D4D42DE9F04708B340F291
:109B300034050D9FC2F20025DDE90B9A089C4FF019
:109B4000200CDDE909E82D68EFF305862E4313D1DB
:109B50004EF6A005C2F200252D686DB10DF1280C5E
:109B60000D978CE80007CDE9084EBDE8F047FBF7FC
:109B7000B7BF1820BDE8F0876046BDE8F087D4D4B1
:109B800090B140F23401C2F200210968EFF305827E
:109B900011434FF0200109D14EF6A002C2F200227B
:109BA00012681AB1FCF7DCBB1820704708467047F2
:109BB00090B140F23402C2F200221268EFF3058342
:109BC0001A434FF0200209D14EF6A003C2F200233F
:109BD0001B681BB1FCF730BC18207047104670475B
:109BE0002DE9F0414FF0180C002818BF002902D1D0
:109BF0006046BDE8F081A2F63C0717F1800F02D263
:109C00001220BDE8F081DDF818E0BEF1000F11D0A0
:109C10005E1E0B2E2AD80DF11C0898E83001DFE8F3
:109C200006F0061F060C060C06060C060C06BEF116
:109C30001F0F05D91420BDE8F081BEF11E0FF9D821
:109C4000172C02D91520BDE8F0813B2D02D9162032
:109C5000BDE8F081B8F13B0F0BD91720BDE8F081CA
:109C6000970720D0BEF11C0FE4D8E9E71320BDE828
:109C7000F08140F234074FF0200CC2F200273F6819
:109C8000EFF305863743B3D14EF6A006C2F20026A5
:109C90003668002EACD0CDE90858CDE906E4BDE821
:109CA000F041FCF765BCBEF11D0FC3D8C8E7D4D4A2
:109CB0002DE9F041002859D004460698B0F5F07F10
:109CC0004FF0180053D1002951D044F2494726687B
:109CD000C4F64557BE424AD1022B25D840F2340083
:109CE000C2F200200068EFF3058630434FF02000F9
:109CF0003DD14EF6A006C2F200263668002E08BFFF
:109D0000BDE8F0812068B8420BD1274604F5E47421
:109D10000E464FF0FF31204615469846F8F7C0FC36
:109D200028B11120BDE8F0810620BDE8F081D7F808
:109D3000CC00314658B107F1C80200BF00BF00BFD8
:109D4000126891420FD0013802F15C02F8D120462E
:109D50000C46F8F7F1FD384621462A464346BDE851
:109D6000F041FCF75DBD2046F8F7E6FD1820BDE8A0
:109D7000F081D4D4D4D4D4D480B54FF0180C18B119
:109D8000002918BF002B01D1604680BD40F2340C81
:109D9000C2F2002CDCF800C0EFF3058E5CEA0E0C7A
:109DA0004FF0200CF0D14EF6A00EC2F2002EDEF8DD
:109DB00000E0BEF1000FE7D0BDE88040FCF720BF17
:109DC00090B140F23402C2F200221268EFF3058330
:109DD0001A434FF0200209D14EF6A003C2F200232D
:109DE0001B681BB1FDF780B81820704710467047FC
:109DF0004FF0180C002818BF002901D160467047A9
:109E000040F23403C2F20023D3F800C0EFF305831D
:109E100053EA0C034FF0200CF0D14EF6A003C2F22F
:109E200000231B68002BE9D0FDF762B8D4D4D4D44A
:109E300090B140F23401C2F200210968EFF30582CB
:109E400011434FF0200109D14EF6A002C2F20022C8
:109E500012681AB1FDF7D0BB18207047084670474A
:109E600090B140F23401C2F200210968EFF305829B
:109E700011434FF0200109D14EF6A002C2F2002298
:109E800012681AB1FDF700BD1820704708467047E8
:109E90002DE9F04F83B04FF0180C18B1002918BF0E
:109EA000002B03D1604603B0BDE8F08F0DF13C0BF1
:109EB00040F23404C2F200244FF0200C9BE8E00F83
:109EC00000950E9D01950D9D0295DDF830E024680A
:109ED000EFF305852543E5D14EF6A004C2F2002438
:109EE0002468002CDED00DF1400C8CE8C00F009FE0
:109EF0000F97019F0E97029FCDE90CE703B0BDE8D5
:109F0000F04FFDF7C5BDD4D44FF0180C002818BF92
:109F1000002A01D1604670472DE9F04784B00C9DBE
:109F2000002D64D042F2B8470E9EBE425FD140F28F
:109F300034074FF0200CC2F200273F68EFF305868C
:109F4000374354D14EF6A007C2F200273F68002FD6
:109F50004DD04EF6F8174FF0020CC2F200273F68C2
:109F60007E423E40012E42D0BE4240D14EF6FC170A
:109F7000C2F200273F687E423E40012E37D0BE42EB
:109F800035D10E46914698460446F9F7ADFA03AA34
:109F900000210746F9F7F8FA4EF6EC10C2F200205D
:109FA000006860B14EF6E811C2F2002100BF00BFA8
:109FB00009688C4214D0013801F1D001F8D103991D
:109FC00003AA3846DDF834A0F9F7DEFA2046314618
:109FD0004A464346CDE9005AFDF7D2FF844606E0E3
:109FE000039903AA3846F9F7CFFA4FF0180C04B0DA
:109FF000BDE8F047604670471822002818BF0029C6
:10A0000001D11046704740F23402C2F200221268B9
:10A01000EFF305831A434FF02002F2D14EF6A0036E
:10A02000C2F200231B68002BEBD0FEF74DBAD4D44C
:10A03000A0F63C0313F1800F01D21220704772B1D9
:10A04000A1F1010CBCF10B0F14D8DFE80CF0060EE7
:10A05000060A060A06060A060A061F2A03D914205B
:10A0600070471E2AFBD8FEF7C7BA830704D01C2A04
:10A07000F5D8F8E7132070471D2AF0D8F3E7D4D4B9
:10A08000172801D9152070473B2901D916207047A0
:10A090003B2A01D917207047FEF71EBBD4D4D4D475
:10A0A0004EF6900172B6C2F2002100204EF69C02DC
:10A0B000086040F20001C0F20021C2F200220968EB
:10A0C000116041F20001CEF200010A6842F0010283
:10A0D0000A604EF6B02148F21F52C2F20021C5F2CA
:10A0E000EB120968A1FB02124FF0FF3101EB521293
:10A0F0004EF62351CEF20001B0EB126F09D14EF2B1
:10A100001003CEF200035A60F0220A709860072212
:10A110001A600870F02001F8040C01F8010C704777
:10A1200070B54EF6A40C72B6C2F2002C4EF6A00E1C
:10A13000C2F2002EDCF80000CEF8000040B14EF66E
:10A1400004514FF00062CEF200010A6062B670BDA9
:10A150004EF690234EF2FA314EF638224EF63C245B
:10A16000C4F20103C4F20101C2F20022C2F20024CF
:10A170004AF20255002609E062B6BFF36F8F72B64D
:10A18000DCF80000CEF800000028D8D11878108044
:10A190001088000703D0088820600D801E70BFF370
:10A1A0004F8F30BFBFF36F8F10880007E4D0108847
:10A1B0001870206840F425400880DDE7D4D4D4D45A
:10A1C0004EF634100021C2F2002001604EF6045019
:10A1D000CEF20000EFF3148C2CF0040C8CF31488F6
:10A1E00062B64FF080510160FEE7D4D4D4D4D4D409
:10A1F0001B48016800292DD0EFF3098323E9F00FF4
:10A200001EF0100F01D123ED108A43F804ED8B608E
:10A21000144C236813B18B6100232360124E3668FF
:10A22000D6B106607068401C7060B0692060F1684B
:10A2300001F1280181F30B88B36853F804EB1EF099
:10A24000100F01D1B3EC108AB3E8F00F83F3098843
:10A250007047FEE7034CE1E7FFF762FF0646E1E7E0
:10A26000A0E80022E4E90022A4E80022D4D4D4D457
:10A2700000F01AB8D4D4D4D4B0B502690C4622F098
:10A2800007056FF0020145F8441D8560281D342143
:10A2900002F077FD4FF0FF304FF08071C5E90E04FA
:10A2A0002964B0BDD4D4D4D44EF6CC10C2F2002070
:10A2B0000168013101604EF6E410C2F2002001682D
:10A2C00041B10139016005D14EF6D0100121C2F231
:10A2D0000020016080B54EF6C010C2F20020016877
:10A2E0000A6882B14EF6D4100121C2F2002001604A
:10A2F000F9F726FC4EF6D010C2F20020006808B331
:10A30000F9F77AFB1EE04EF6C4120431C2F20022C5
:10A3100001601268914205D14EF6BC11C2F20021D3
:10A32000096801604EF6D410C2F2002001684EF6B2
:10A33000D010C2F20020006850EA010202D00029C9
:10A34000D6D1DCE74EF6A400C2F200200068A8B126
:10A350004EF6A001C2F20021096881420ED04EF6ED
:10A360003410C2F200200068002818BF80BD4EF6ED
:10A3700004504FF08051CEF20000016080BDD4D473
:10A38000B0B50C46096805468A68D1E90001126833
:10A390009047002818BFB0BD46F27761C7F2880128
:10A3A000C5E90014B0BDD4D410B5044640680068B7
:10A3B00081680068096A884700200021216010BD7B
:10A3C000B0B584B00446D0F8881008294FF090004A
:10A3D000C4F88C0052D8D4F884000068DFE801F09B
:10A3E000441D0505240A053C05000020C4F88C0026
:10A3F00004B0B0BDD4F8901000220123054600F04F
:10A4000083F8D8BB686801AA00230179D4F89000CA
:10A41000FEF76EF8A0B30220E8E7226FD4F8983078
:10A42000D4E924152A441BE040680568A968286817
:10A430004968884710BBA9682868CA6901A990477C
:10A44000E0B99DF80D00012802D10120C4F8A80050
:10A450000020C4F8AC00C8E7226FD4F890100123A4
:10A4600000F0AEF850B9C0E7226FD4F89830D4E9C4
:10A4700024152A4400F048F80028B6D004B0B0BD36
:10A48000019A002AB1D0D4F8901001232846F1E7B0
:10A49000B0B582B00446008810F0630F656808D03C
:10A4A0006968896829B1ADF8000068460195884758
:10A4B0002088C10607D56968896821B1EFF3038058
:10A4C000C00516D0208810F01C0F10D0696889686C
:10A4D00041B14FF48070ADF80000606801906846AB
:10A4E000884720882989084328810120A87202B062
:10A4F000B0BD6068019068681021ADF800108168F7
:10A5000068468847F1E7D4D42DE9F04184B0044689
:10A51000406800270068A77287680068BF68B8476E
:10A5200010B104B0BDE8F08160680768A07A48B156
:10A530002089000719D42089C0061AD4002004B04D
:10A54000BDE8F081802601AD05E000BF00BF00BF7F
:10A55000A07A0128ECD0606881680029F8D02846EC
:10A56000ADF8046002948847F2E7642004B0BDE8C7
:10A57000F081B96838688A690DF10D0190470028AB
:10A58000CFD10DF10D054FF0100801AE07E000BF6F
:10A59000B96838688A69294690470028C1D19DF872
:10A5A0000E000128CAD1606881680029F0D03046C9
:10A5B000ADF8048002948847EAE7D4D4D4D4D4D444
:10A5C0002DE9F04184B00446406800270068A77276
:10A5D00087680068FF68B84710B104B0BDE8F08133
:10A5E00060680768A07A48B12089000719D42089DB
:10A5F000C0061AD4002004B0BDE8F081802601AD69
:10A6000005E000BF00BF00BFA07A0128ECD0606861
:10A6100081680029F8D02846ADF804600294884784
:10A62000F2E7642004B0BDE8F081B96838688A694F
:10A630000DF10D0190470028CFD10DF10D054FF020
:10A64000100801AE07E000BFB96838688A6929467A
:10A6500090470028C1D19DF80E000128CAD160683A
:10A6600081680029F0D03046ADF804800294884714
:10A67000EAE7D4D4D4D4D4D4B0B50D46896804461E
:10A68000456009688A68D1E900011268904700288E
:10A6900018BFB0BDD5E900120023C4E9051344F684
:10A6A0005351E261C4F6455123822160B0BDD4D438
:10A6B00010B586B00446406880680068816800680C
:10A6C0004A6801A9904708B106B010BDDDE9031240
:10A6D000C4E902129DF8051061740121217406B0CD
:10A6E00010BDD4D4D4D4D4D4406880680068D0F8E5
:10A6F00008C00068DCF808C06047D4D4D4D4D4D4EF
:10A70000406880680068D0F808C00068DCF80CC0B9
:10A710006047D4D4D4D4D4D44068806800688368B7
:10A7200000689B6A1847D4D4844641610020CCE974
:10A7300006327047D4D4D4D4B0B582B00446406851
:10A740000D460DF105018068006882680068526A54
:10A75000904708B102B0B0BD217CBDF80620297039
:10A76000A5F8012002B0B0BDD0E90223C1E9003252
:10A77000437C002000220A724B727047D4D4D4D498
:10A7800080B5416800230360896809688A680868A1
:10A79000116B8847002080BD70B582B08468018845
:10A7A000E2690192002211F0A00F00921CBF042266
:10A7B000ADF800204B0609D4237C012B09D148F2C7
:10A7C00008034068CFF6F953184202D00832ADF8BA
:10A7D0000020C80506D4C80709D188070FD492B94C
:10A7E00002B070BD1032ADF80020C807F5D042F0BD
:10A7F000010200202074ADF800208807EFD542F058
:10A800000200ADF8000061690029E9D0A06938B103
:10A81000D0E90056DDE90012C0E90012616900E0EC
:10A8200068468847A069002818BFC0E9005602B0F2
:10A8300070BDD4D4D4D4D4D42DE9F0470D464968A2
:10A840004FF0000A044649680968C1F800A0696829
:10A850008A68D1E9000112689047002818BFBDE856
:10A86000F08780464EF200194FF412712046CEF266
:10A87000000902F086FA42F200012878C4F22501AC
:10A88000012601F58061002804BF42F20001C4F2F4
:10A89000250121626560EFF3108786F31088287820
:10A8A00043F20801C4F22001C0F10C0006FA00F0E6
:10A8B0000A6822EA0000086008681E20012101F0F1
:10A8C000BBFE87F31088206AC0F838A0206AC0F861
:10A8D000C0A1206AC0F8C0616068216A007E0128BA
:10A8E00040F21D3008BF40F205300864C4F840A2B1
:10A8F000D5E90212C4F83C1295F91A00A97FC4F8F0
:10A90000442200284FEA011104D409EB000282F826
:10A91000001306E04EF6145300F00F02CEF20003CF
:10A92000D1544EF6982C4CF20031C2F2002CC4F2F5
:10A93000000147094CF8204051F8203009EB870608
:10A9400023F4803341F8203051F8203000F01F000C
:10A950000123BFF35F8F03FA00F0C6F8800149F8C6
:10A960002700404695F91C70002F1CD495F82060F4
:10A9700009EB0702360182F800634CF8274051F8D2
:10A98000272022F4803241F8272051F827207A0925
:10A9900007F01F07BFF35F8F09EB8206BB40C6F8C5
:10A9A000803149F8223095F91D30002B1ED495F8DE
:10A9B000212009EB0307120187F800234CF82340FC
:10A9C000012751F8232022F4803241F8232051F846
:10A9D0002310590903F01F03BFF35F8F09EB8102B6
:10A9E00007FA03F3C2F8803149F8213044F64902EE
:10A9F0000021C5F24432A1772260BDE8F087D4D4AB
:10AA00002DE9F04F85B08346006A002220278BF89D
:10AA10001E20C0F8C021DBF8203001204EF22008B3
:10AA20004EF6B02CC3F8C001C4F20108DBF82030A8
:10AA3000C2F2002C9F64DBF820309A66DBF82030ED
:10AA4000C3F8B021DBF82030C3F8CC21DBF820308C
:10AA5000C3F8E0216B46D8F80020B8F8047003F181
:10AA6000030AC2F3032347EA122607F00F0736074B
:10AA700005D4DCF80000B84020FA03F317E007F033
:10AA800007050324160A04FA05F5082F38BF00FA53
:10AA900007F506F00707DCF80060120506FB05F273
:10AAA00004FA07F758BF00FA03F7B2FBF7F341F6D1
:10AAB00080270020C0F2060723FA00F2BA4203D929
:10AAC00001300A28F8D110E001234FF20009CFF637
:10AAD000FF7983409E08DBF820304F4600BF00BF5F
:10AAE000DD6BAD0406D40137FAD349F6404005B01A
:10AAF000BDE8F08F0F4646F480710028986C08BFBF
:10AB000040F2FF1100F4007008439864DBF8200065
:10AB1000CBF80C204CF2E001016501204FF47A7172
:10AB200001F08AFD00210022584600F0E1FB10B13F
:10AB300005B0BDE8F08F08214FF4D572584600F0FB
:10AB4000D7FB142803D1142005B0BDE8F08F49F6D7
:10AB50004741DBF820208842906918BFB0F5D57FC7
:10AB600024D148F2000540F60676C4F2FF0500BF86
:10AB700037210022584600F0BBFB0028D8D16921BC
:10AB800058462A4600F0B4FB0028D1D1DBF820005B
:10AB90008069B0F1FF3F02DD013EE9D106E0C0F37C
:10ABA00080708BF81C0001208BF808005E4616F8B8
:10ABB000080FFF2899D002210022584600F098FB88
:10ABC0000028B5D1DBF8040003210078851C584625
:10ABD0002A0400F08DFB0028AAD1DBF82000806950
:10ABE0009BF8081000294FF0090118BF050C2C0430
:10ABF0005846224600F07CFB002899D1DBF8200063
:10AC000081690091016A0191816A0291006B039050
:10AC10009BF80820C0F38150002818BF002A38D1C3
:10AC20009AF80210BAF80030A4469AF8054043EAB0
:10AC30000141BAF803308A46C1F3C23143EA044EF7
:10AC4000DDF8094004F00F044FF0010303FA04F3A8
:10AC5000CEF38B1401F1020104F1010404FA01F1B5
:10AC60004FEA5323644603FB01F1CBF8101000B9FF
:10AC70005AB94FF6C0726FEA0E01C0F203021142D8
:10AC800002D10021CBF8101068B9CAF3C610013008
:10AC90000AE0012807D1DDF805004FF4806101EBDF
:10ACA0008020CBF810000120CBF81800072158466F
:10ACB000224600F01DFB00287FF43AAF9DF80A0001
:10ACC00047F6400AC0F27D1A400675D5DBF804004D
:10ACD000DBF8201002234068406800684A6C42F4A8
:10ACE00040724A64DBF820100BF13C02C1F8B0312D
:10ACF0000021CAF2180182600160DBF80410DBF861
:10AD0000202060324260012282811022C281486884
:10AD100007C852680968904700284DD1DBF8200029
:10AD20000021402254460161DBF82000C264DBF8B8
:10AD300020008163DBF82000C163CBF82410DBF82E
:10AD40002000016C41F0040121F001010164DBF8F5
:10AD500020004FF4F9414164DBF82000816C41F49C
:10AD600040718164DBF820004FF6F171816048F298
:10AD7000FF01DBF82000C1600621DBF82000016044
:10AD8000DBF8240004900498000214D447F6601AFB
:10AD9000CFF6FE7A0498400700F190801AF1010A7C
:10ADA00009D20120012101F047FCDBF824000490C6
:10ADB00004980002EED5A246D8F80000B8F80420A6
:10ADC00042EA102102F00F020907C0F3032108D460
:10ADD0004EF6B020C2F200200068904020FA01F246
:10ADE0001DE002F007034FF0030C040A0CFA03F312
:10ADF0004FF0010E082A38BF0EFA02F304F00702E2
:10AE00004EF6B024C2F2002400050CFA02F22468C7
:10AE100004FB03F058BF0EFA01F2B0FBF2F200207F
:10AE200022FA00F18A4503D201300A28F8D15CE603
:10AE3000012282409308DBF82020D46BA40403D4C1
:10AE400019F10109F9D350E643F480730028906C9E
:10AE500008BF40F2FF1300F4007018439064DBF861
:10AE60000400CBF80C1010214269584600F040FA5B
:10AE700000287FF45DAE5846294600F019FC0028F2
:10AE80007FF456AEDBF80400417E41B1DBF82010C0
:10AE9000896B11F0800F5FEA1F918BF809104069F0
:10AEA000CBF81400002F1CBF96E82F002FC70120FD
:10AEB0008BF81E00002005B0BDE8F08F9BF84C0019
:10AEC000C04300074FF28000C0F2FA2054EA008A23
:10AED00072E7D4D4D4D4D4D42DE9F041076AFE6B00
:10AEE00006F48146802E28D1867F012E29D146681E
:10AEF00090467568D6F814C06C684CEA0105AD0739
:10AF00004FF0020524687E6C46F440767E64066A43
:10AF100040F20007CAF21807C6F8B05115D000F188
:10AF20003C02A2600022012680F8286007F5801705
:10AF3000C0E90B13C0E90D2C08E049F64240BDE81A
:10AF4000F08149F64440BDE8F081A16027600646E3
:10AF50004168006A603060600CF10300A3818008E2
:10AF6000E08148681F4607C8526809689047002872
:10AF700018BFBDE8F0817068327F31464069002A11
:10AF8000024618BF012208FB02F3012F4FF0110205
:10AF900052EA9292022F366A05D34FF480753561DA
:10AFA0000E6A776101E0002737610F6AF8640020BC
:10AFB0000F6AB8630F6AF86348620F6A3E6C46F026
:10AFC000040626F001063E640F6A4FF4F9467E64DB
:10AFD0000F6ABE6C46F44076BE640F6A9EB21B0CCC
:10AFE000BE600F6AFB60096A0A60BDE8F081D4D4D4
:10AFF0002DE9F04F81B0066AF76B07F48147802F87
:10B0000009D1877F012F0BD1477A77B149F64540A7
:10B0100001B0BDE8F08F49F6424001B0BDE8F08FC5
:10B0200049F6444001B0BDE8F08F904642680225E1
:10B0300082465768546999467F683F68726C42F44B
:10B0400040727264026A44EA0106B607C2F8B0515F
:10B0500016D000F13C0B224658460E4601F096FEF3
:10B06000C7F804B00121CAE90D1400214B4650462F
:10B0700032198AF82850CAE90B29CAF6300102E0D1
:10B0800079604FF0284139604168006A6030B860EB
:10B09000E01CBB818008F881486807C852680968CD
:10B0A000904700284FF0180002D001B0BDE8F08FA3
:10B0B000DAF804109AF81C2057464B69002A194602
:10B0C00018BF012108FB01F2B9F1010F50EA90917C
:10B0D000B9F1020FDAF8200006D34FF4807606614A
:10B0E000386AC0F8149001E000260661386AC3642B
:10B0F00000203B6A98633B6AD86378623B6A1E6CA7
:10B1000046F0040626F001061E643B6A4FF4F94639
:10B110005E643B6A9E6C46F440769E643B6A96B2DF
:10B12000120C9E603B6ADA603A6A116001B0BDE8B9
:10B13000F08FD4D4D4D4D4D406207047D4D4D4D46B
:10B1400006207047D4D4D4D406207047D4D4D4D4A5
:10B1500006207047D4D4D4D406207047D4D4D4D495
:10B160004268127E012A026A03D1936BC3F3401333
:10B1700000E00123807F8B700870D06B00F4814069
:10B1800080285FEA0F9200204A707047D4D4D4D44C
:10B19000B0B5036ADB6B03F48143802B07D1837F57
:10B1A000012B07D1437A43B149F64540B0BD49F67A
:10B1B0004240B0BD49F64440B0BD037F012B02D1EF
:10B1C0000B46551806E043680A445B69594303FB84
:10B1D00002F50B4620211A46044600F089F800B11A
:10B1E000B0BD6A1E2121204600F082F8002818BF59
:10B1F000B0BD216A00208863216AC8636062216A49
:10B200000A6C42F0040222F001020A64216A4FF43F
:10B21000F9424A64216A8A6C42F440728A64216A63
:10B2200026228860216AC860216A0A60B0BDD4D431
:10B230008446C0F83C120020CCE990327047D4D448
:10B24000B0B542684EF2801C4EF6982ECEF2000C3D
:10B2500092F91A300021C2F2002E0160002B0ED4A8
:10B260005A0903F01F04012505FA04F44CF82240A2
:10B27000BFF34F8FBFF36F8F4EF82310426892F9E0
:10B280001C1000290ED44A0901F01F03012404FAFE
:10B2900003F34CF82230BFF34F8FBFF36F8F0022C0
:10B2A0004EF82120016A00228A63016ACA63426261
:10B2B000016A0B6C43F0040323F001030B64016A81
:10B2C0004FF4F9434B64016A8B6C43F440738B6415
:10B2D000016A8A60016ACA60016A0A60406840685F
:10B2E00081680068096A88470020B0BDD4D4D4D4EE
:10B2F000F0B581B00446006A16460D46C36B03F4F0
:10B300008143802B12D04BF2C147CFF6B37700BFF9
:10B310000120012101F090F9206AC16B01F4814103
:10B32000802903D0002F07F10107F1D100218163AB
:10B33000206AC1636162206A016C41F0040121F05E
:10B3400001010164206A4FF4F9414164206A816C73
:10B3500041F440718164206AB1B28160310C206A8D
:10B36000C160206A0560606A00900098000211D4F4
:10B370004DF6F005CFF6FF750098C0070ED10135E8
:10B380000FD20120012101F057F9606A0090009866
:10B390000002F1D549F6474001B0F0BD002001B0F0
:10B3A000F0BD142001B0F0BDF0B587B00446D0E97F
:10B3B0000C01884221D094F8280004F13C050128B2
:10B3C00006D1E06AA26B294601F0E0FC94F828005F
:10B3D000022807D1E66AA76B284631463A4601F0B3
:10B3E000D5FC01E0E66AA76BD4E90C010131616389
:10B3F000884206EB0700E06239D194F82800012862
:10B4000035D160680025C4E90B5584F82850C4E99B
:10B410000D5540688168006809698847206AC0F84E
:10B42000B0512020D4F83C12D4F84422CDE9005584
:10B430000292ADF80000D1B1D4F8400270B10DF124
:10B44000100C90E80E008CE80E009DE80E0080E8DD
:10B450000E00D4F83C12D4F8442200E06846826022
:10B460008847D4F8400210B104AB0ECB0EC007B031
:10B47000F0BDD4D4D4D4D4D42DE9F04186B04FF06B
:10B480007041EFF3038001EB00684EF698214FEA1C
:10B49000A850C2F20021002602960C58CDE90066A1
:10B4A00048F27F37206A016921F001010161236AB6
:10B4B000986BDA6B00F00501CD439D6302EA070348
:10B4C000276AC5076FEA0305FD6321D0276A0826AE
:10B4D000ADF800603E69F6054FF0280658BF182603
:10B4E000BE5901963E68262E06D1FF6B07F48147B0
:10B4F000802F09D1882609E03E6C46F0010626F02F
:10B5000004063E64082603E04FF48476ADF800603C
:10B5100048F27F073A4241EA034719D0206A46F0D1
:10B520004001ADF800100126066100256068C4E9FD
:10B530000B5547F4000784F82850C4E90D554068BE
:10B540008168006809698847206AC0F8B0511AE02C
:10B55000400718D594F82800012814D06068002509
:10B56000C4E90B5584F82850C4E90D55406881683A
:10B57000006809698847206AC0F8B05146F0200089
:10B580000126ADF80000606A4FEA28653843606222
:10B59000002E1CBFA07F5FEAC0700ED14CF20030BD
:10B5A000C4F2000050F8251021F4803140F8251035
:10B5B00050F8250006B0BDE8F081D4F83C1200290F
:10B5C000ECD0D4F8400258B190E80E00CDE9042345
:10B5D0009DE88C0080E88C000391D4F83C1200E0D8
:10B5E0006846D4F8442282608847D4F84002002894
:10B5F000D4D003AB0ECB0EC0D0E7D4D4D4D4D4D4A3
:10B60000B0B586B04FF070410023CDE90033EFF3C1
:10B61000038001EB00604EF698228115C2F20022F1
:10B620005458216A8A6B12F4847F05D0A3770123D2
:10B63000ADF80030032300E0022312F4047F4FEA48
:10B64000206518BFADF800306FF4467363EA02025C
:10B650008A63D4F83C12D4F844220292D1B1D4F8CF
:10B66000400270B10DF10C0C90E80E008CE80E0059
:10B670009DE80E0080E80E00D4F83C12D4F8442275
:10B6800000E0684682608847D4F8400210B103ABFE
:10B690000ECB0EC04CF20030C4F2000050F8251062
:10B6A00021F4803140F8251050F8250006B0B0BDD7
:10B6B000B0B5044640680A04372145782046FFF7B4
:10B6C00017FE00B1B0BDC5F3410246212046FFF789
:10B6D0000FFE002818BFB0BD44F2E000082D08BFDF
:10B6E00046F2E000216A012D08BF4CF2E000086537
:10B6F0000020B0BDD4D4D4D480B545F25422C5F2D4
:10B700004F020260084600F003F8002080BDD4D448
:10B7100070B5044600F064F84EF6942CEFF31081F7
:10B72000C2F2002C012080F31088DCF8000038B948
:10B7300040F614500022C4F2400002704022027011
:10B74000DCF800000130CCF8000081F3108820887C
:10B7500030B340F6000E0021C4F2400E08E000BFF6
:10B760000EEB8010013140F822302088814217D240
:10B77000606800EBC10250F831309288D8034FEA7C
:10B780001220D2B2ECD50EEB801555F8226026F4CB
:10B79000803645F8226023F4803645F82260DFE7E2
:10B7A0000120EFF3108180F31088DCF8000020B155
:10B7B000DCF800000138CCF80000DCF8000010B123
:10B7C00081F3108870BD40F614500022C4F240008E
:10B7D00002708022027081F3108870BDD4D4D4D45A
:10B7E0002DE9F04F81B004460088002862D04EF663
:10B7F0004C4B0025C4F2010B4FF0010A04E000BFDE
:10B8000020880135854255D242F2400640F29C48DC
:10B810000027C4F22006C0F201280AE000BF00BFE2
:10B820003070C820012100F007FF01370236032FD6
:10B83000E6D0606838F8021B00EBC50082888A42B7
:10B84000F3D100689BF8001000F0B8500AFA07F92D
:10B85000B0F1807F09EA010016D158B9012000F04B
:10B860009FFF9BF8000040EA09008BF800000120D0
:10B8700000F06AFF96F900000028D6D4307840F036
:10B880008000CDE700BF00BF58B1012000F088FF65
:10B890009BF8000020EA09008BF80000012000F06E
:10B8A00053FF96F90000B0F1FF3FBEDC307800F0A6
:10B8B0007F00B5E701B0BDE8F08FD4D4D4D4D4D4A0
:10B8C0002DE9F04381B00D46496804464AF200066E
:10B8D0000A78C4F2000645604FF00008C4F81080F2
:10B8E0004FF0010906EB8210A060C868E06048696B
:10B8F000606143F20000EFF31087C4F2200089F387
:10B900001088016821F48001016000681E20012177
:10B9100000F092FE87F3108886F8009886F8108869
:10B920002046296800F0CCF844F243110020C4F20C
:10B930004D41216001B0BDE8F083D4D4D4D4D4D437
:10B9400010B5044600F0BCF8BFF34F8FA16800208B
:10B9500001220A7710BDD4D480B582B00191009243
:10B9600041684CF2802CC4F2000C4FF0000E496884
:10B970000A784CF822E0826882F81CE00A7849894B
:10B980004CF82210816881F81DE0019911B10199EC
:10B9900082681160009911B10099826851608168D4
:10B9A0000A8AB2F5804F4FF00C0238BF08228B5044
:10B9B0000122BFF34F8F816800200A7702B080BD5B
:10B9C000BFF34F8F8168002001220A777047D4D4DB
:10B9D00041684CF2802CC4F2000C002349680A78BC
:10B9E0004CF82230826813770A7849894CF8221083
:10B9F000816800204B777047BFF34F8F8268090141
:10BA000000200131517770478168002000224A7779
:10BA10007047D4D4D4D4D4D480684FF480628A6080
:10BA20004FF480320A60028AC3684B60002380684A
:10BA3000B3EB923F80B2C86002D14FF6FF708860CE
:10BA400000207047D4D4D4D4014640684CF2802CF6
:10BA500000224068C4F2000C03784CF823208B6865
:10BA60001A77C368EBB1B0B590F901304EF280158A
:10BA7000CEF200054FF0010E03F01F0C5B090EFA29
:10BA80000CF445F823404EF69823BFF34F8FBFF3D5
:10BA90006F8F90F90100C2F2002343F82020BDE827
:10BAA000B04000200A60704706207047D4D4D4D438
:10BAB00003460020D9605A617047D4D4D4D4D4D47A
:10BAC0002DE9F04F42684CF28025C4F200050027B2
:10BAD00052684CF2C008137845F8237083681F77CA
:10BAE0001378568945F823604FF4404683684FF039
:10BAF000FF355F774FF440730F68B1F80EB003EA7B
:10BB0000175306EA174605EB977503EB060C022D53
:10BB10000ED84BEA0B46B1F80CE0022D26F0FC2BB8
:10BB20000AD04FF4805505EA17254CEA050C03E0CE
:10BB30004CF4005C4FF0000EC568538908EA173AD0
:10BB4000DDB14FF01C08BC0258BF4FF01008BD0F0C
:10BB500092F901709678D9464EF2001B022D88BFEB
:10BB60004FF01008002FCEF2000B4FEA061607D454
:10BB70000BEB070585F800630CE04FF000082DE0A3
:10BB800074464EF6145E07F00F05CEF2000E05F86F
:10BB90000E60A6464EF698264CF28024C2F200268D
:10BBA000C4F2000404EB8705012446F82700D5F809
:10BBB000806026F48036C5F88060D5F880607E0904
:10BBC00007F01F07BFF35F8F0BEB860504FA07F73B
:10BBD000C5F880714BF82670CB460F68BE0F022E59
:10BBE0000AD98D8907F04064CE89B4F1806F07D1FE
:10BBF0004AF4005AA94605E085680026002715E0AA
:10BC0000B2F8089007F44027B7F5802F08BF012647
:10BC100006FB05F74C68856849EA094608BF4AF003
:10BC2000200AC7EA07472C628C686C62AE62002B60
:10BC30008668F7628768A7F814A0876818BF4CF079
:10BC4000010CA7F810C04B6887683B60896883685F
:10BC500059608168C1F808B08168C1F80CE081685A
:10BC600052688A61806880F81380BDE8F08FD4D470
:10BC700010B582B04FF07041EFF3038001EB00602C
:10BC80004CF200318015C4F20001425822F4803297
:10BC900042504EF698224158C2F200221458E168F0
:10BCA0006069019001A88847A068C06820B1BFF30F
:10BCB0004F8FA0680121017702B010BDD4D4D4D435
:10BCC0004EF22401C4F201018878098801F00F02C4
:10BCD000A2F1080103293BD8DFE801F0022C101E75
:10BCE00041F2C001C2F2002151F820004AF6AB2116
:10BCF000CAF6AA21A0FB0101480830E041F2C001C8
:10BD0000C2F2002151F820004AF6AB21CAF6AA215E
:10BD1000A0FB0101C80822E041F2C001C2F20021EB
:10BD200051F820004AF6AB21CAF6AA21A0FB010176
:10BD3000080914E041F2C001C2F2002151F82000CC
:10BD40004AF6AB21CAF6AA21A0FB0101880806E049
:10BD500041F2C001C2F2002151F82000D0404EF65D
:10BD6000B021C2F2002108607047D4D4D4D4D4D416
:10BD70002DE9F04782B00FF288604EF2FA3841F2B6
:10BD8000C006C4F201084AF2015190ED001FC2F250
:10BD900000260FF27C60CFF6FF714EF2550502319E
:10BDA000A8F8001086ED001F06F12003C4F201057B
:10BDB00090ED001F48F2004040F60001C1F2D7703C
:10BDC00043F6000286ED041FC2F6AF71C1F69C4235
:10BDD00007C315F82F0C35F8311C01F00F02A2F142
:10BDE000080103292BD8DFE801F002200C164AF6DF
:10BDF000AB2156F82000CAF6AA21A0FB0101480891
:10BE000020E04AF6AB2156F82000CAF6AA21A0FB92
:10BE10000101C80816E04AF6AB2156F82000CAF620
:10BE2000AA21A0FB010108090CE04AF6AB2156F853
:10BE30002000CAF6AA21A0FB0101880802E056F8FA
:10BE40002000D0404EF6B02A4EF60044C2F2002A3E
:10BE5000C4F201040A214EF60147CAF800004FF669
:10BE60005060CFF6FF70C4F201072154092085F815
:10BE70004D00207818B93878800700F0BC8220780F
:10BE800048B901202070C820012100F0D5FB00BF77
:10BE900020780128FCD10020387020704AF2015926
:10BEA000002005F81F0C05F8230C00BF00BF00BFE1
:10BEB00015F8190C0007FBD542F602314EF6145066
:10BEC000C0F20101C5F8731040F2234125F8071CA8
:10BED000002205F80B2C4FF60211C5F8571040F25E
:10BEE000514125F8091CCEF200004EF20001BFF3CB
:10BEF0004F8FBFF36F8F0368CEF2010123F400333D
:10BF00000360C0F83C22BFF34F8FBFF36F8F0A6806
:10BF100022F440520A60BFF34F8FBFF36F8F15F8C2
:10BF2000412C02F0F802013205F8412C00BF00BF9D
:10BF300015F8412CD206FBD40A6842F440520A603C
:10BF4000BFF34F8FBFF36F8F0168890312D4BFF324
:10BF50004F8FBFF36F8F0021C0F83C12BFF34F8F9C
:10BF6000BFF36F8F016841F400310160BFF34F8F61
:10BF7000BFF36F8F002005F82B0C00BF00BF00BF80
:10BF800015F8190C8006FBD54CF200040020C4F211
:10BF9000130420702078207820786068FA2807D071
:10BFA000FA20C1F6006000BF60606168FA29FBD129
:10BFB000A0687D2808D07D20CEF2001000BF00BF11
:10BFC000A060A1687D29FBD143F23240C3F2232057
:10BFD00045F8350C42F2202025F8310C052005F8F3
:10BFE0002F0C15F82F0C35F8311C01F00F02A2F1BF
:10BFF000080103292BD8DFE801F002200C164AF6CD
:10C00000AB2156F82000CAF6AA21A0FB010148087E
:10C0100020E04AF6AB2156F82000CAF6AA21A0FB80
:10C020000101C80816E04AF6AB2156F82000CAF60E
:10C03000AA21A0FB010108090CE04AF6AB2156F841
:10C040002000CAF6AA21A0FB0101880802E056F8E8
:10C050002000D040CAF800001E200121012700F076
:10C06000EBFA60686FF39F20652828BF277015F8EA
:10C070002F0C35F8311C01F00F02A2F10801032941
:10C080002BD8DFE801F002200C164AF6AB2156F857
:10C090002000CAF6AA21A0FB0101480820E04AF6C8
:10C0A000AB2156F82000CAF6AA21A0FB0101C8085E
:10C0B00016E04AF6AB2156F82000CAF6AA21A0FBEA
:10C0C000010108090CE04AF6AB2156F82000CAF637
:10C0D000AA21A0FB0101880802E056F82000D04008
:10C0E00042F20001CAF80000C4F200010120A1F8E8
:10C0F0000090BFF35F8F08724FF42540BFF35F8F4E
:10C10000088095F8850040F0400085F8850000BF64
:10C1100095F98500B0F1FF3FFADC032085F87F0038
:10C12000C92085F8850095F8850000F0BF0085F8E6
:10C13000850000BF00BF00BF95F985000028FBD433
:10C14000012005F8020C002005F8170C802005F8E6
:10C15000170CE87F40F04000E87700BF00BF00BF49
:10C1600095F91F00B0F1FF3FFADC0720E8754A207F
:10C17000E8770A20E87700BF95F91F000028FBD474
:10C180000720ADF806000DF1060000F049F995F81A
:10C19000210040F0400085F8210000BF00BF00BF33
:10C1A00095F92100B0F1FF3FFADC03206876CA2040
:10C1B00085F8210095F8210000F0BF0085F82100E6
:10C1C00095F921000028FBD4287840F04000287021
:10C1D00095F90000B0F1FF3FFADC022005F8010CF0
:10C1E000CA202870287800F0BF00287000BF00BF68
:10C1F00095F900000028FBD4A87840F04000A87012
:10C2000095F90200B0F1FF3FFADC00206870C7200A
:10C21000A870A87800F0BF00A87000BF00BF00BFE2
:10C2200095F902000028FBD4287A40F040002872DB
:10C2300095F90800B0F1FF3FFADC0120E871C62053
:10C240002872287A00F0BF00287200BF00BF00BF2C
:10C2500095F908000028FBD495F8230040F0400031
:10C2600085F8230000BF00BF95F92300B0F1FF3F20
:10C27000FADC0220E876C92085F8230095F823002F
:10C2800000F0BF0085F8230095F923000028FBD4B7
:10C29000A87A40F04000A87295F90A00B0F1FF3F7B
:10C2A000FADC01206872CA20A872A87A00F0BF00E8
:10C2B000A87200BF00BF00BF95F90A000028FBD498
:10C2C00095F8220040F0400085F8220000BF00BF32
:10C2D00095F92200B0F1FF3FFADC0420A876CA20CD
:10C2E00085F8220095F8220000F0BF0085F82200B2
:10C2F00095F922000028FBD4A87940F04000A871ED
:10C3000095F90600B0F1FF3FFADC02206871CA20FF
:10C31000A871A87900F0BF00A87100BF00BF00BFDE
:10C3200095F906000028FBD495F8860040F04000FF
:10C3300085F8860000BF00BF95F98600B0F1FF3F89
:10C34000FADC022085F88000C52085F8860095F883
:10C35000860000F0BF0085F8860000BF00BF00BF68
:10C3600095F986000028FBD495F8870040F040003E
:10C3700085F8870000BF00BF95F98700B0F1FF3F47
:10C38000FADC012085F88100C52085F8870095F842
:10C39000870000F0BF0085F8870000BF00BF00BF26
:10C3A00095F987000028FBD495F8890040F04000FB
:10C3B00085F8890000BF00BF95F98900B0F1FF3F03
:10C3C000FADC092085F88300C92085F8890095F8F2
:10C3D000890000F0BF0085F8890000BF00BF00BFE2
:10C3E00095F989000028FBD44FF42540A8F80000F7
:10C3F00002B0BDE8F0874FF47A7000F0C9F84DE55F
:10C40000006CDC0200127A000080000000366E0131
:10C410000080000000CA9A3B0046C3235543DE1348
:10C420002DE9F04F81B04EF2FA3143F20406C4F226
:10C4300001018246C4F220064AF20350B1F800908E
:10C4400008804FF0010B00254FF4803401270020B5
:10C4500008E000BF00BF00BFF8074FF001004FF039
:10C46000000716D004FA00F132680A42F4D1EFF363
:10C4700010888BF3108832680BFA00F0114331609A
:10C48000316805431E20012100F0D6F888F310889A
:10C49000E2E74EF2750741F2C001C4F20107C2F2B1
:10C4A0000021387800F00F0051F8200017F8081C20
:10C4B00001F00F01022901D801220BE0CA1E052A52
:10C4C00006D240F21C71C0F2012151F8221003E0A3
:10C4D0000839102202FA01F1B0FBF1F04DF6836148
:10C4E000C4F21B31A0FB01016FF0010000EA5140D2
:10C4F000012100F0A1F8387840F04000387000BF0A
:10C5000097F90000B0F1FF3FFADC9AF8010007F854
:10C51000080C9AF8000040F0400038709AF80000CB
:10C52000387000BF00BF00BF97F900000028FBD49F
:10C5300000204FF0010A4FF48038012406E000BFCC
:10C54000E0074FF001004FF0000415D025FA00F18C
:10C55000C907F5D0EFF310878AF3108808FA00F0C6
:10C56000316821EA0000306030681E20012100F0AF
:10C5700063F887F31088E3E74EF2FA3149F4254077
:10C58000C4F20101088001B0BDE8F08FD4D4D4D446
:10C590007047D4D4D4D4D4D4B0B542F22404C82043
:10C5A000C4F2200401210025257100F045F8257012
:10C5B000207808B12FF005C0207840F002002070EC
:10C5C00020788007FCD4002004F8020C00BF00BFD4
:10C5D00014F8020C08B12FF005C84FF0030E00202C
:10C5E00004F11C0100BF00BF11F8102002F07F020F
:10C5F00001F8102000BF00BF11F91020002AFBD461
:10C6000001300FF00FC8012000F0CAF84EF64C417F
:10C610000120C4F2010100220A70BDE8B04000F020
:10C6200093B8D4D4D4D4D4D4014600220020C0F28C
:10C6300006620A607047D4D44EF6B02241F200235D
:10C64000C2F20022C0F27A03484312689A420FD322
:10C6500044F23F21C0F20F0111444DF68362C4F24F
:10C660001B32A1FB0212910CA0FB0101C9B11DE01C
:10C670004CF60021C3F69A31B1FBF2F148F63812BC
:10C68000C0F24102904205D24FF47A725043B0FB9F
:10C69000F1F006E0B0FBF1F0904207D24FF47A716E
:10C6A0004843002808BF704700F006B84FF0FF303D
:10C6B00000F002B8D4D4D4D401380028FCD170479B
:10C6C000F0B581B04CF220154EF64027C4F20005BB
:10C6D0000024C2F2002755F8200C296801EA000660
:10C6E00005E000BF00BF00BF0134152C0AD026FAB8
:10C6F00004F0C007F8D057F824100029F4D02046E1
:10C700008847F1E745F8106C28683042FCD101B049
:10C71000F0BDD4D4D4D4D4D480B54FF0030E40F2BD
:10C7200034404CF20031C0F20120C4F2000100BFDD
:10C7300030F8022B002A18BF0A6004310FF009C03C
:10C7400080BDD4D4D4D4D4D4EFF31081012282F3A9
:10C7500010884EF6A422C2F2002232F8103023B123
:10C7600032F81030013B22F8103032F8102012B1AC
:10C7700081F3108870474EF2FA3240F2307CC4F2F6
:10C780000102C0F2012C13883CF8100043F4254349
:10C7900023EA0000108081F310887047D4D4D4D4E9
:10C7A00010B5EFF31081012282F310884EF6A42217
:10C7B000C2F2002232F8103083B94EF2FA3E40F253
:10C7C000307CC4F2010EC0F2012CBEF800403CF8EF
:10C7D0001030234343F42543AEF8003032F81030D4
:10C7E000013322F8103081F3108810BDD4D4D4D492
:10C7F00000F00AF8F5F778F9FEE7D4D4D4D4D4D40D
:10C8000000BE7047D4D4D4D42DE9F04381B04EF6A5
:10C81000085840F20120CEF20008C0F20E004EF29D
:10C820000004C8F80C00CEF20104BFF34F8FBFF331
:10C830006F8F58F8081CC1F3035001285FEA1F925C
:10C8400011F00F0F5FEA0F911142216811D10228F8
:10C850000FD241F0040020604EF20800BFF34F8F6A
:10C86000CEF20000BFF36F8F016841F480310160A8
:10C8700002E021F004002060BFF34F8FBFF36F8F01
:10C880004FF4700040F20001C8F880000020C0F2B0
:10C890000021C8F800100025F4F79AFEFFF768FAA7
:10C8A0004EF2FA304EF6B022C4F20100C4F2010298
:10C8B0004AF20251018015704FF425410180012098
:10C8C000F4F786FE40F2C000C2F2002080F30A882E
:10C8D0002068800724D5D8F80000B0F1007F1FD170
:10C8E00020694FF40071C0F3C300626901FA00F3DC
:10C8F000C2F3C30081400020DA08CB080146074696
:10C9000042F007C000BF00BFE7E802010FF005C01A
:10C910004FF0005243F005C0E2E802010FF005C0FD
:10C9200040F2F044C0F20124276897B160683E46A7
:10C93000051D05E000BF00BF013E05F10C0508D054
:10C9400068790028F8D155E90101091A00F019FAAF
:10C95000F2E7D4F80890B9F1000F13D0E0684E4622
:10C9600000F1080504E000BF013E05F1100509D003
:10C9700068790028F8D155E902022968121A00F0F6
:10C9800005FAF1E7FFF79CF9FFF706FE0320FFF732
:10C9900007FF4FF00E0E40F63050C4F24000002169
:10C9A00020F8041B0FF005C04EF210150320C4F24E
:10C9B0000105FFF7C9FE0320FFF7F2FE44F2040071
:10C9C0000021C4F22000016041608160C160032049
:10C9D000FFF7BAFED5F8C802800714D42878A0B1B2
:10C9E0000120FFF7DDFE00BF95F9000010F1410FB7
:10C9F000FADC0020287000BF28783F28FCD80120EE
:10CA0000FFF7A2FE01E0D5F8C8020220F4F7E0FD2E
:10CA1000A7B160684FF48076051D05E000BF00BF38
:10CA2000013F05F10C0509D06879B6EB002FF7D16D
:10CA300055E90101091A00F0A4F9F1E7B9F1000F75
:10CA400016D0E0684FF4807500F1080405E000BFDF
:10CA5000B9F1010904F110040AD06079B5EB002F97
:10CA6000F6D154E902022168121A00F08FF9EFE7BB
:10CA70004EF6B824C2F20024204600F090FA204678
:10CA800000F054FABFF34F8FBFF36F8F0020C8F848
:10CA9000480240F64E4040F64E41C0F20120C0F23E
:10CAA0000121BFF34F8F081ABFF36F8F8410012C41
:10CAB0000BDB40F64E45C0F2012500BF00BF00BFB2
:10CAC00055F8040B8047013CFAD1FFF725FE002002
:10CAD00001B0BDE8F04300F003B8D4D4D4D4D4D42A
:10CAE0007047D4D440B584B002AE009600F004F88C
:10CAF000029A039B04B040BD2DE9F04FDDF824B04D
:10CB0000844671B1C2B1BBB3B1FA81F7B3FA83F60F
:10CB1000F71B202F07D207F10109B9F1200F1BD114
:10CB200037E0002B42D0BBF1000F18BFCBE900C1AA
:10CB300000200021BDE8F08F002B45D0002846D012
:10CB40005F1E3B427ED0B1FA81F7B3FA83F6F71B42
:10CB50001F2FE8D207F10109C7F11F0720FA09F6D4
:10CB600021FA09FC01FA07F4B84034434FF0000AF7
:10CB7000B9F1010F17D088E0571E3A4235D0B1FA0B
:10CB800081F7B2FA82F6F71B07F12109B9F1200FFC
:10CB900045D14FF0000C4FF020090C464FF0000A31
:10CBA000B9F1010F71D14FF0000EB8E0B0FBF2FC0B
:10CBB000BBF1000F1EBF0CFB12000021CBE90001EE
:10CBC00000216046BDE8F08F6046BDE8F08FB1FB04
:10CBD000F3FCBBF1000F1EBF0CFB13100021CBE9CF
:10CBE000001000216046BDE8F08FBBF1000F1EBFB2
:10CBF00000230740CBE90073012A00F0BA8092FAC3
:10CC0000A2F24F00B2FA82F202F01F03D140D840E4
:10CC10001F23934307FA03F31843BDE8F08FB9F1DC
:10CC20001F0F1FD8C9F1200620FA09F721FA09FCC5
:10CC300001FA06F4B0403C434FF0000AB9F1010F8D
:10CC4000B1D022E0BBF1000F1CBF07EA0100CBE925
:10CC500000C093FAA3F0B0FA80F021FA00F00021AE
:10CC6000BDE8F08FA9F1200CC9F1400720FA0CF6BD
:10CC700001FA07F4264321FA0CF400FA07FA4FF000
:10CC8000000C3046B9F1010F8DD029F001070126C3
:10CC9000023F4FF0000B06EB570E4FEA4C0747EAF6
:10CCA000D477640044EAD0744000FD43E14389181E
:10CCB00043EB0508A51A67EB0306B8F1000F56EA27
:10CCC000478755EA44867F0047EAD677760046EAEA
:10CCD000D07440EADA70A51A6FEA040167EB030624
:10CCE00089184FEA40006FEA0701594156EA478C1C
:10CCF00055EA4484CF0F4BEA4A01BB4640EAD17063
:10CD0000490041EAD87A0FF039C05FEAC97103D10E
:10CD10005246DDF824B01EE0DDF824B0BE466700C0
:10CD20004FEA4C0147EAD07741EAD471B7EB0208E9
:10CD30004FEA400061EB0304FD4352196FEA01061C
:10CD400053EB060240EADA7054EA418C58EA478411
:10CD5000D70F4EEA4A02D10FBBF1000F41EA400162
:10CD60004FEA420020F0010018BFCBE9004C07EB6E
:10CD7000000C6046BDE8F08F0B4611461A4600F0E5
:10CD80007BB80A46002100F077B8D4D4844641EA43
:10CD9000000313F0030349D1403A23D30B68036027
:10CDA0004B6843608B688360CB68C3600B69036129
:10CDB0004B6943618B698361CB69C3610B6A036211
:10CDC0004B6A43628B6A8362CB6AC3620B6B0363F9
:10CDD0004B6B43638B6B8363CB6BC36340304031DE
:10CDE000403ADBD230320BD30B6803604B684360B0
:10CDF0008B688360CB68C36010301031103AF3D277
:10CE00000C3205D351F8043B40F8043B043AF9D204
:10CE1000043208D0D2071CBF11F8013B00F8013BD7
:10CE200001D30B8803806046704700BF082A13D3E4
:10CE30008B07B1D010F00303AED0C3F10403D21AB4
:10CE4000DB071CBF11F8013B00F8013BA4D331F80C
:10CE5000023B20F8023B9FE7043AD9D3013A11F88C
:10CE6000013B00F8013BF9D20B7803704B7843701B
:10CE70008B7883706046704770B4840746D0541E28
:10CE8000002A41D0CDB2034602E0621EE4B314464C
:10CE900003F8015B9A07F8D1032C2ED9CDB245EAED
:10CEA00005250F2C45EA054519D9264603F1100240
:10CEB000103E0F2E42F8105C42F80C5C42F8085C01
:10CEC00042F8045C02F11002F2D8A4F1100222F040
:10CED0000F0204F00F041032032C13440DD91E4628
:10CEE0002246121F032A46F8045BFAD8221F22F0BA
:10CEF0000302121D134404F003042CB1C9B21C44F4
:10CF000003F8011BA342FBD170BC704714460346D3
:10CF1000C2E7D4D4D4D4D4D4D4D4D4D4D4D4D4D4D0
:10CF20000148006870470000B4EA002240F208019E
:10CF3000C0F20001401A4EF6B421C2F2002108608E
:10CF4000704720F0030110F00300C0F1000051F819
:10CF5000043B00F1040C4FEACC0C6FF000021CBF44
:10CF600022FA0CF213434FF0010C4CEA0C2C4CEA61
:10CF70000C4CA3EB0C0222EA030212EACC1204BF0F
:10CF800051F8043B001DF4D0C2F1000102EA010295
:10CF9000B2FA82F2C2F11F0200EBD200704710B564
:10CFA00040F2F40140F20002C0F20021C0F200029F
:10CFB0000446FFF7EBFE40F2000040F20401C0F22D
:10CFC0000000C0F200012044FFF7DBFE10BD81B07D
:10CFD000B0B589B00C464DF22301C0F20021002506
:10CFE00001914FF4003194460DAA009101190D935F
:10CFF000002C0892CDE906550490CDE9025518BFE2
:10D00000481E48BF002005906846614600F012F8AF
:10D01000002C1CBF04990D7009B0BDE8B04001B0F0
:10D020007047D1E904239A421EBF531C0B61107054
:10D030007047D4D42DE9F04F9BB0814680781A9286
:10D04000800740F1DF85D9F80400002712908A4656
:10D050001A98199013A8821D0C92421E1192421D1B
:10D0600004300D920E900F91514611F8010B2528B6
:10D0700003D08A4638B900F0C7BD9AF801500AF1CA
:10D08000020A252D07D1129A4946904701370028F8
:10D09000EAD500F0B1BD002200244FF000084FF0A7
:10D0A000000B04E01AF8015B002D00F01D811FFA4F
:10D0B0008BF61F2E20D8A5F1200010281ED8DFE8FF
:10D0C00010F015001D001D0018001D001D001D00A2
:10D0D00014001D001D001D0011001D00CC001D00CE
:10D0E0001D00C9004BF0020B00E0DBE74BF0040B26
:10D0F000D8E74BF0100BD5E77F2E0DD8A5F1300007
:10D10000092840D8402E80F0A08004EB84014BF029
:10D11000200B00EB4104C5E7A5F14C002E2800F2DE
:10D12000E480DFE810F08F00E200E200E200E200BD
:10D13000E200E200E200E200E200E200E200E200DF
:10D14000E200E200E200E200E200E200E200E200CF
:10D15000E200E200E200E200E200E200E200A400FD
:10D16000E2008F00E2009D00E200E200E200E20047
:10D17000E200E200E2002F00E200E200E200E20052
:10D18000E2002F008EE7A5F12400562800F2AD80C2
:10D19000DFE810F08300AB00AB00AB00AB00AB00EE
:10D1A0007400AB00AB00AB009A00AB00AB00AB006F
:10D1B000AB00AB00AB00AB00AB00AB00AB00AB0017
:10D1C000AB00AB00AB00AB00AB00AB00AB00AB0007
:10D1D000AB00AB00AB00AB00AB00AB00AB00AB00F7
:10D1E000AB00AB005800AB00AB00AB00AB00AB003A
:10D1F000AB00AB00AB00AB00AB00AB00AB00AB00D7
:10D20000AB00AB00AB00AB00AB00AB00AB00AB00C6
:10D21000AB00AB00AB00AB00AB00AB006D00AB00F4
:10D220005800AB006600AB00AB00AB00AB00AB003E
:10D23000AB00AB005700AB00AB00AB00AB00AB00EA
:10D2400057002FE74BF4207B2CE708EB880100EB1D
:10D25000410827E74BF0010B24E74BF0080B21E7CF
:10D260000BF080004BEA800040F0800B1AE70BF4D3
:10D2700080704BEA400040F4807B13E7002A7FF483
:10D2800011AF19983F2E00F104011991006828D8B8
:10D290004BF0200B0022044604E7DAB11A98402E26
:10D2A000199019A90F98154654EA388200F0B0FC7D
:10D2B0001998402E2A4600F104011991006850EA9D
:10D2C000348458EA3088EDE63F2E00F29D844BF01E
:10D2D000400BE7E622464FF0000800244FF0000B19
:10D2E000E0E600228046DDE600252AB11A9819A959
:10D2F00019900F9800F08CFCB8F1000F48BF2BF08C
:10D30000400B002C28EAE87C45F0200248BF4BF097
:10D31000080B54EA54B0612A10901CBFA2F16500BA
:10D32000022825D81998561B612A00F1070020F021
:10D3300007010B46496853F8080B199346D1F2B21E
:10D3400000925FEA4B6213AA58BF4FF0FF3C63465E
:10D35000E04600F0FCFD01300B904BF4C05B012374
:10D36000C0B28045D8BFA0F10108702009905EE0EE
:10D37000A5F16300122800F2178108230026DFE8D8
:10D3800010F04001130013011301130113011300E6
:10D39000130113011301130113016F016B01130139
:10D3A00013011A01130139011FFA8BF15FEA0B60B7
:10D3B00000F117811998021D19920068CA0540F101
:10D3C0001781890554BF00B240B211E15FEA4B6397
:10D3D00058BF4FF0060C662A0BD0652A11D165257F
:10D3E0004BF4805BE0460CF101034FF0000C099513
:10D3F00011E066224BF4005B012509921123E046FF
:10D400000AE05FEA0C63E04663464FF0000C08BF99
:10D410000123023A0992002513AADBB2CDE9005C90
:10D42000112B28BF112300F072FF02230B90139DD4
:10D43000A4469DF85000A5F10A01A5F1640211F17E
:10D44000130F38BF022312F1C70F38BF0323C107E0
:10D4500011D15FEA8B713AD41FFA8BF11446202266
:10D4600002EAC10E11F0040F22465FEA1F9410F089
:10D470000C0F06D131E04FF02D0E002410F00C0FF0
:10D480002BD0002C4FF00300109950EA1090254645
:10D49000814218D95FEA0B7160D4CCF10001F046EB
:10D4A0008C455CEACCB1441A129A20204946904738
:10D4B000002800F1A18301370134F5D30024C646CA
:10D4C000002D4ED055E00024002D4AD051E04FF001
:10D4D0002B0E002410F00C0FD3D11BF4405F0392ED
:10D4E000CDE907E5CDF814C040F015820A94B8F1F3
:10D4F000010F0B9C4FF0010058EA80801FFA8BF15E
:10D50000220600F0448198460E9BE2B29B5C302BD1
:10D5100022D1631E1A061DD00E9DDAB2AD5C302DED
:10D5200040F0DA81A31E1A0600F0DA810E9DDAB20D
:10D53000AD5C302D40F0D081E31E1A0600F0D081A2
:10D540000E9DDAB2AD5C302D40F0C681089D043CE2
:10D550002206D9D1002400224346C5E110990C1AB5
:10D560003DB9129A704649469047002800F144831D
:10D5700001379DF8500040F2F411C0F2012100077C
:10D580004FF62010C0F2002050EA5185287800287C
:10D5900000F01E83801B129A4946C0B290470137A3
:10D5A00001350028F2D527E3782A40F09980C5F1AB
:10D5B00088032E4654E01998011D1991006840F225
:10D5C000DF21C0F20121002851EA00855FEA4B60AB
:10D5D00058BF4FF0FF3C2846614601F004FF064665
:10D5E00017E01998890500F18B80011D19910068D9
:10D5F000C1178DE04FF6EF700BEA000B0A2375267A
:10D600002EE01998012613AD011D199100688DF8BF
:10D610004C005FEA0B7010D41098B0420DD9129AEA
:10D62000202049469047002800F1E68210980137F3
:10D6300001381090B042F2D8109610983744841BED
:10D64000002E00F0C58215F8010B4946129A90474A
:10D65000013E0028F4D5CFE24BF0100B10237826C2
:10D660004FF6F9700BEA000E5FEA0B600B960CD4D4
:10D670001998011D199106685FEACE510CD55FEA31
:10D680008E5054BFB6B2F6B206E019985FEA8E51DA
:10D690000AD4011D19910668002156EA010008BF4D
:10D6A0002BF0160E77D10DE0073020F00700024670
:10D6B000416852F8086B199256EA010008BF2BF036
:10D6C000160E68D100265FEA4B6063D50021B8F1E1
:10D6D000010F60DA4FF6E9700BEA0001A04665E041
:10D6E000129A252049469047002800F18582129A17
:10D6F000284649469047023700287FF5B5AC7BE2C3
:10D70000073020F007010A46496852F8080B1992C1
:10D7100000295A46CDF82CC048BF42F4806250EA36
:10D72000010323D080EAE17081EAE173B0EBE1709C
:10D7300063EBE171A04613AC22F010060A232246E7
:10D7400000F08FFB3146061BDDF82CC0480630D5B3
:10D750004FF6FE7044460840664505DA002D08BFC6
:10D7600021F01100614627E0314625E05FEA4B6079
:10D770004FF0000040F1B2800021B8F1010FD9DA7A
:10D780004FF6EE70DDF82CC000EA0B0014E0002428
:10D790000022A9E00021A04613AC3046654622468F
:10D7A000764600F05EFB3146AC46061B0B9D4806F4
:10D7B000CED40846314644461FFA80FBC0060BD43F
:10D7C00040F206401BEA000F5FEA0F9000EB0108F1
:10D7D0005FEA0B700AD531E0002D4FF0010050EAEE
:10D7E000009000EB01085FEA0B7027D45FEACB7072
:10D7F00009D01098B446804505DA10997018A0EB4E
:10D80000080C88461AE01098804517DA002CCDF8ED
:10D810002CC054EA54B00A906042844254EAC4B026
:10D82000A0EB0804129A202049469047002800F1F6
:10D83000E3810137013CF5D1DDE90A8C5FEACB6079
:10D8400015D440F206401BEA000F24D05FEA8B702B
:10D8500064464FF02B0058BF20205FEA4B5148BF71
:10D860002D20129A49469047002812D5C4E1129AF9
:10D870003020494664469047002800F1BD8145B1FB
:10D88000129A284649469047002800F1B581023790
:10D8900000E00137A446E3466546B44509DD129A27
:10D8A000302049469047002800F1A681013DB5424D
:10D8B000F5DC10985E45A0EB080456EACB800744DF
:10D8C000002E00F0858111984946129A805D90479C
:10D8D000013E0028F4D58FE11C4603E0002129E732
:10D8E000002400224346089DC9060B9452EA508149
:10D8F00015F1040F09DB854207DA4BF4005B8D421A
:10D9000006DAE84301EB000804E0A1F1010801E0B8
:10D910004FF000080A9C1FFA8BFCA5F57A714FEABC
:10D920000C52CDF828C0B4465FEA8B4002930491B4
:10D9300006920AD4184611F5FA6F98BF0420052103
:10D94000002A58BF0321084402E025EAE5700130AF
:10D950000A9EB8F1000F84F00102109DA346C6F3A1
:10D96000001151EA08918B180344EB1A4FF000059F
:10D9700053EAC58416F0090F1CD1664694B10844D9
:10D980001044059A51428A4252EAC2B1441A129A8C
:10D99000202049469047002800F12E8101370134AC
:10D9A000F5D300240798BBF1000F08D00698002893
:10D9B0000FD41FE066460798BBF1000FF6D1129A0C
:10D9C00049469047002800F1178101370698002842
:10D9D00010D5129A302049469047002800F10C815A
:10D9E000C6F17800129A4946C0B29047002800F16B
:10D9F000038102370A9800070BD454B12744129AC6
:10DA0000302049469047002800F1F680013CF6D1CD
:10DA100000240A98800429D49DF851004946129A9E
:10DA20009047002800F1E880B8F1010F5ADB129A04
:10DA30002E2049469047002800F1DE8008EB0700C1
:10DA400000F1020B0B98C5B20020471CAF4202D276
:10DA50000C99085C00E03020129A49469047002853
:10DA600000F1CA803846B845EFD149E00898C8F1BE
:10DA7000000B20EAE076851B0B985FFA80F8701C9B
:10DA800007D1129A2E2049469047002800F1B48011
:10DA900001373020002D03D44545BCBF0D98405DB3
:10DAA00049465E4507DD129A904701350137013E30
:10DAB0000028E4D5A0E0129A9047002800F19C804D
:10DAC0000A99781CC90640F19580002E40F090809C
:10DAD000129A2E2049469047B0F1FF3F40F38C80C8
:10DAE000023775E00A98C00602D407F1010B07E07F
:10DAF000129A2E204946904700287DD407F1020B48
:10DB000009984946129A801BC0B29047002873D4E6
:10DB100008984946002850EA50B54FF02B0048BFFE
:10DB20002D20129A9047002866D4049810F5FA6FB9
:10DB300016D844F6D350129AC1F262004946A5FBAA
:10DB40000006302000EB9610C0B29047002853D456
:10DB5000B0094FF47A7100FB11550BF1030605E093
:10DB600003980BF1020610F1C80F3DD848F21F5080
:10DB7000129AC5F2EB104946A5FB0007302000EBD6
:10DB80005710C0B29047002836D47809642100FBB2
:10DB9000115501364CF6CD40129ACCF6CC40494690
:10DBA000A5FB0007302000EBD700C0B2904700284B
:10DBB00022D4F808013600EB8000A5EB400505F102
:10DBC0003000129A4946C0B29047002814D4771CFE
:10DBD000012CFFF649AA129A2020494690470137A6
:10DBE000013C0028F4D507E002980228D2D2E6E7EB
:10DBF0000746EDE70746EBE799F8020040F004001E
:10DC000089F802004FF0FF3738461BB0BDE8F08FAF
:10DC1000022AB8BF70472DE9F04F42F689084FF04D
:10DC2000010CC0F2010804464FF0010E03E05F78DA
:10DC30009C1C252F29D1234613F8015B252D01D0EB
:10DC400025B90BE16778A31C252F1DD11C4614F8BC
:10DC5000015B252D01D025B900E15F789C1C252FA3
:10DC600013D1234613F8015B252D01D025B9F5E02A
:10DC70006778A31C252F07D11C4614F8015B252DBE
:10DC8000D5D0002DD7D1E9E01C464FF000094FF068
:10DC9000000A002604E014F8017B002F00F0AA809F
:10DCA0003346BAF11F0F0AD8A7F12005102D09D865
:10DCB0000CFA05F515EA080F40F07D8002E0BAF194
:10DCC0007F0F0AD8A7F13005092D3ED803EB830357
:10DCD0004AF0200A05EB4306DDE7A7F14C052E2D9F
:10DCE00000F289801E46DFE815F068008600860095
:10DCF00086008600860086008600860086008600F4
:10DD000086008600860086008600860086008600E3
:10DD100086008600860086008600860086008600D3
:10DD20008600780086006800860071008600860004
:10DD3000860086008600860086002F00860086000A
:10DD40008600860086002F00A5E7A7F1240BBBF113
:10DD5000560F00F250800026DFE80BF0334D4D4D9A
:10DD60004D4D324D4D4D324D4D4D4D4D4D4D4D4D19
:10DD70004D4D4D4D4D4D4D4D4D4D4D4D4D4D4D4DD3
:10DD80004D4D4D4D2F4D4D4D4D4D4D4D4D4D4D4DE1
:10DD90004D4D4D4D4D4D4D4D4D4D4D4D4D4D4D4DB3
:10DDA0003F4D2F4D384D4D4D4D4D4D4D2C4D4D4D05
:10DDB0004D4D2C00FFE71E466DE74AF4207AFAE746
:10DDC00069E7B9F1000F0FD1994664E70AF08005C1
:10DDD0004AEA850545F0800AEDE70AF480754AEACB
:10DDE000450545F4807AE6E773457FF454AF632731
:10DDF000F14600E00027B9F1000F2FD0F14524D102
:10DE000047F02003612B1CBF653B022B05D80B6834
:10DE1000073323F00703083313E0A7F16303102B44
:10DE20000AD8DFE803F00C090909090909090909F9
:10DE30000909090909090C005FEA0A6309D40B689A
:10DE400004330EF1010E04460B609645FFF6F3AE67
:10DE500004E00B685FEA8A54DAD4F1E7BDE8F04FDA
:10DE600070472DE9F04703F01F06984691468A4611
:10DE700005462846514632460023FEF733FE044647
:10DE800000FB16500F46A0EB0801092888BF01F1DE
:10DE90003700303089F80000A81B7AF1000049D320
:10DEA0002046394632460023FEF71CFE054600FB9D
:10DEB00016408A46A0EB0801092888BF01F1370007
:10DEC000303089F80100A01B77F1000036D32846D6
:10DED000514632460023FEF705FE044600FB16506D
:10DEE0000F46A0EB0801092888BF01F13700303048
:10DEF00089F80200A81B7AF1000023D32046394696
:10DF000032460023FEF7EEFD054600FB16408A462A
:10DF1000A0EB0801092888BF01F13700303089F8EB
:10DF2000030009F10409A01B77F10000A1D24846C3
:10DF3000BDE8F08709F10100BDE8F08709F10200B2
:10DF4000BDE8F08709F103094846BDE8F0872DE9EF
:10DF5000F04F86B0CF0FC1F30A566FF31F519B46A7
:10DF600050EA010517715FEA0F9508BF002E0FD028
:10DF700040F2FF74A6423AD10420002D18BF0820B9
:10DF80004FF0000B38441071584606B0BDE8F08FD2
:10DF9000002700200021DDF83CC0BBF1000F176016
:10DFA00035D4BBF10D0F35D3030F00F00F0A43EA50
:10DFB00001130393030E541D43EA01230293030D3F
:10DFC0000D0D43EA01330193030C43EA0147030BB0
:10DFD00043EA015E030A43EA01680309080A05905F
:10DFE000080943EA01790E0C0B0B049084E04FF60C
:10DFF0000247002ECFF6FF771CBFA6F2FF3701F5D0
:10E000008011DDF83CC0BBF1000F1760C9D54FF09F
:10E01000000B44E03325A5EB8B03C3F12005132748
:10E020004FF0020EA7EB8B072EFA05F60124002510
:10E03000002F58BF0EFA07F658BF04FA07F504FA86
:10E0400003F40EFA03F358BF002458BF0023D3F1A2
:10E0500000094FF0000868EB060E013B66F1000670
:10E0600003400E40E31A75EB060312D34FEA8B030D
:10E07000C3F13406D3F1140320FA06F7C6F12006E3
:10E0800001FA06F646EA070658BF21FA03F6F30737
:10E0900001D00019694100EA090001EA0E010309F3
:10E0A00043EA0179030F541D43EA01130393030E5E
:10E0B00010F00F0A43EA012302934FEA10534FEA8C
:10E0C000115543EA013301934FEA104343EA0147F4
:10E0D0004FEA103343EA015E4FEA102343EA016836
:10E0E0004FEA11204FEA11464FEA113305904FEAEB
:10E0F0001110049000F09880AAEB0C000093BAF184
:10E10000090F88BF00F1270A0AF13000907409F066
:10E110000F004FF00D0BA0EB0C03092888BF03F193
:10E120002700BBF10C0F00F13000507498BF4FF086
:10E130000C0B08F00F00A0EB0C03092888BF03F1BB
:10E140002700303010740EF00F00A0EB0C030928EC
:10E1500088BF03F127003030D07307F00F00A0EB29
:10E160000C03092888BF03F1270030309073019811
:10E1700000F00F00A0EB0C03092888BF03F1270073
:10E1800030305073029800F00F00A0EB0C03092808
:10E1900088BF03F1270030301073039800F00F00A0
:10E1A000A0EB0C03092888BF03F12700009B303047
:10E1B000D07201F00F00A0EB0C01092888BF01F11B
:10E1C000270030309072049800F00F00A0EB0C0193
:10E1D000092888BF01F1270030305072059800F0FF
:10E1E0000F00A0EB0C01092888BF01F12700303097
:10E1F000107203F00F00A0EB0C01092888BF01F199
:10E2000027003030D07106F00F00A0EB0C01092878
:10E2100088BF01F127003030907105F13000207087
:10E22000584606B0BDE8F08F19F00F0000937FF458
:10E2300072AFBBF10C0FBFF46EAF18F00F0045D1F9
:10E24000BBF10B0F42D21EF00F0042D1BBF10A0FFF
:10E250003FD217F00F003FD1BBF1090F3CD201981C
:10E2600010F00F003BD1BBF1080F38D2029810F02C
:10E270000F0037D1BBF1070F34D2039810F00F0015
:10E2800033D1BBF1060F30D211F00F0030D1BBF10A
:10E29000050F2DD2049810F00F002CD1BBF1040F04
:10E2A00029D2059810F00F0028D1BBF1030F25D219
:10E2B00013F00F0025D1BBF1020F22D206F00F00A0
:10E2C00050EA0B0120D04FF0010B9EE74FF00B0BF3
:10E2D00031E74FF00A0B38E74FF0090B3FE74FF0FB
:10E2E000080B47E74FF0070B4FE74FF0060B57E7D8
:10E2F0004FF0050B5FE74FF0040B67E74FF0030BA0
:10E300006FE74FF0020B76E74FF0000B85E72DE942
:10E31000F04F9FB00D46CC0F6FF31F55994650EA52
:10E320000503C1F30A515FEA1F9708BF00290ED009
:10E3300040F2FF76B14215D10820002F18BF04200B
:10E3400000252044107128461FB0BDE8F08FA01CA6
:10E3500010713020012550710020106028461FB038
:10E36000BDE8F08F0394A1F235440029059206BF61
:10E370004FF6CC34CFF6FF7405F58015AA00002BBC
:10E3800042EA907B5FEA0F9202295FEA2F91804672
:10E3900042EA010A00F001018000002C0491139070
:10E3A000CDF81C90CDF848A04ED4204600F017FDC3
:10E3B0008146032C88BFA9F10109484600F01DFDE4
:10E3C00014AF06464846394600F002FE18A81AA9BE
:10E3D0003A46CDF808A0CDE90010A9EB040030447E
:10E3E000294600F17C03404600F028FC80460B469D
:10E3F000B9F1150FCDF8189053D8139E4CF6CD47B0
:10E400001CA8CCF6CC471D460090304659463A46EB
:10E410004FF0CC335C46BB4600F064FEDDE91C01E6
:10E42000DDF81C90820842EA817120F00300084464
:10E430004042F04255D13046214600F0E7FC0699B3
:10E4400088425FEA3F9183E06742CDF844B03846A6
:10E4500000F0CCFC0646601C18BF013EBF1B3846CE
:10E4600000F0CBFC14A9834638460F4600F02DFD82
:10E4700018A81AA93A46CDF808A0CDE90010A6EBD5
:10E480000B0000F17D034046294600F0D7FB804693
:10E490000B463019012E06900DD8049890BB01212F
:10E4A0003DE04CF6CD4B002000211290CCF6CC4B39
:10E4B000DDF81C904FE03E2E2ED84FF0FF30B6F125
:10E4C000200200FA06F158BF0021139F58BF904068
:10E4D000119A27EA010122EA000008435FEA1F912E
:10E4E0001BE0049800BB1298C043801964F100013E
:10E4F00000F08CFC06992B4688424FF000015FEA41
:10E500003F9027E0DDE91A0101381A9061F100001F
:10E510001B900020012101E00021002012904CF608
:10E52000CD4BCCF6CC4B16E046F00200214600F075
:10E530006DFCDDE91A12069C4B1E62F10006A0423A
:10E5400053EA21804FF000011A9056EA22801B9076
:10E5500000202B461290DDE9280A10910028CDF802
:10E5600028904DD0B8F10A0073F1000001D20120CB
:10E570003AE000214FF00A0C02204FF064094FF4FA
:10E580007A751F4642F2107E0A22A2FB0C4601EB6E
:10E59000810306EB4303B8EB040477EB030320D3BA
:10E5A000A2FB093401FB0944B8EB030377EB040336
:10E5B00014D3A2FB053401FB0544B8EB030377EB4E
:10E5C00004030DD3A2FB0E23043001FB0E31B8EB84
:10E5D000020377EB0103D8D2013802E0013000E0FA
:10E5E0000230DDF81C903B46069951440844B0EBDC
:10E5F000DA7FB8BF4FEADA70814559EAB0800A90F5
:10E60000DDE91A1A5F46DDE918B9002014AC139051
:10E610000F900990084611932FE0119940463A4611
:10E620004FF0CC3314AC4FEADA0A009400F05AFDF4
:10E630001398109910F0FF0FDDE914235FEA1F9083
:10E6400001400BEB8B00109140420E994942B1EB17
:10E65000400F12995FEA1F9001401291D00840EAE2
:10E66000437101EB8000A8EB400013900F9888469F
:10E6700001300F90D8081190284651463A464FF085
:10E68000CC330094CDE90B0A00F02CFD58464946E6
:10E690003A464FF0CC33DDE9146A0094CDE90D9B86
:10E6A00000F020FDDDE91401F20842EA4A754FEA64
:10E6B000D109C00840EA417BBBEB050079EBDA00E9
:10E6C000ABD31199B8F10A0071F1000002D24FF0FA
:10E6D000010E40E0089500200A224FF0020E4FF094
:10E6E0000A0C64254FF47A76A2FB0C3400EB800709
:10E6F00004EB4707B8EB030371EB070326D3A2FB38
:10E70000053700FB0577B8EB030371EB070318D35C
:10E71000A2FB063700FB0677B8EB030371EB070398
:10E7200012D342F210740EF1040EA2FB042300FB7C
:10E730000430B8EB020371EB0003D5D2AEF1010E49
:10E7400004E00EF1010E01E00EF1020E089D4CF600
:10E75000CD47CCF6CC470A9A48EA010010435FEA5D
:10E760001F90964503DD10B90120099056E71298D5
:10E77000C00770D0DDF838B014A80D993A46009063
:10E780004FF0CC33584600F0ADFCDDE91410CBF16E
:10E790000003CA0842EA407505EB82025242B3EB1D
:10E7A000420F60D1C208DDE90FA9DDF84CC0DDE9F8
:10E7B0000B01119C934614AA00923A464FF0CC33B9
:10E7C000CDF84CC000F08EFC14982146119014A88E
:10E7D000009040463A464FF0CC33159E00F082FC44
:10E7E0004CF6CD4214A8009028465946CCF6CC42AF
:10E7F0004FF0CC33DDE91474CDF834B000F072FC86
:10E80000F90841EA447E0EEB81011398AB46CBF147
:10E810000007A8EB410CDDE9141210F0FF0F0AF11C
:10E82000010A5FEA1F90E408CB0843EA427509EA4F
:10E830000009119805EB8303F1085B42D208C00878
:10E84000F046B7EB430F4CF6CD4740EA4670CCF6A6
:10E85000CC47AFD00DE0C646DDF84CC0DDE90EBABE
:10E86000DDE9109405E0C646DDE90FA9DDF84CC0EE
:10E87000119C0D988EEA0B01234684EA0002114395
:10E88000099A5FEA0F911143CA07049900295FEAC8
:10E890001F91002A04BF129811EA00010ED05FFAFE
:10E8A0008CF105295FEA0F92042962EA09025FEA06
:10E8B0009F9142EA0E0202EA010801E04FF00108CE
:10E8C000DDE905C11EEB08000AEB010443F100017C
:10E8D000B0F10A0271F1000202D20127079B36E073
:10E8E0001394E64600254FF00A09022764234FF4EB
:10E8F0007A7B42F2107A0A24A4FB096205EB850CAC
:10E9000002EB4C02861B71EB02021DD3A4FB032613
:10E9100005FB0366821A71EB060212D3A4FB0B26D9
:10E9200005FB0B66821A71EB06020CD3A4FB0A42AC
:10E93000043705FB0A25021B71EB0502DCD2013FFF
:10E9400002E0013700E00237079BF446139C0A9A65
:10E9500097425FEAD882012A32D1289A4AB1299A8D
:10E9600022443A44012AD8BF0122934253EAB28298
:10E970000A920A9A974223DD05304CF6CD4541F1C3
:10E980000001CCF6CC454008013F40EAC17001349B
:10E9900010EB51024FEA510142F10002A2FB053691
:10E9A00026F0030303EB96034FF0CC36D21A821AFB
:10E9B00061F10001A2FB050302FB063201FB052108
:10E9C0000A9A23B2974257EAB28215B22B44A3F1B6
:10E9D0000108012DC0F229810CEB050302F00309A7
:10E9E00003F1050A042D02D24FF0000BB2E04CF601
:10E9F000CD44CDE9109803F104084FF0000BCCF69C
:10EA0000CC44A5EB0902129513926422002305461B
:10EA10000E46FEF767F8420800F0010042EAC172B4
:10EA200012EB510141F10001A1FB042323F0030289
:10EA300002EB93020023891A4FF47A7240EA4100F4
:10EA4000314640F030092846FEF74CF842084CF6B3
:10EA5000CD4742EAC172CCF6CC4712EB510100F02F
:10EA6000010041F10002690841EAC67111EB560349
:10EA700043F10003A3FB077424F0030707EB94079B
:10EA8000DB1B6FF00207CB1A4CF6CD41CCF6CC4124
:10EA9000A3FB011C01EB8104A5EB440444F030040A
:10EAA00008F804498BEA07044CF6CD47CCF6CC476E
:10EAB0000AF80490A2FB074727F0030404EB97072A
:10EAC0004CF6CD44A2EB0702CCF6CC4440EA42001F
:10EAD0006FF0030282EA0B0240F030000AF80200F5
:10EAE0004FF0CC304FEA560203FB00C062F1000247
:10EAF00002FB04004A0801F0010142EAC07212EB75
:10EB0000500040F10000A0FB042323F0030202EBBD
:10EB100093020023801A42F2107241EA40006FF023
:10EB2000010181EA0B0140F030000AF8010028469B
:10EB30003146FDF7D7FF0BF1040B139A5A457FF4CA
:10EB400064AFDDF84090DDF814C0DDE91185B9F15E
:10EB5000000F6AD042084CF6CD4442EAC172CCF6AE
:10EB6000CC4412EB510343F10003A3FB047626F0DF
:10EB7000030707EB9607DB1B4F08D31A67F1000664
:10EB8000B9F1010FA3FB042E6FEA0B0402EB82071D
:10EB9000A0EB470747F030070AF8047045D04FF064
:10EBA000CC374CF6CD4403FB07E3CCF6CC445708F6
:10EBB00002F0010206FB043347EAC37717EB530365
:10EBC00043F10003B9F1020FA3FB0476AAEB0B0497
:10EBD00026F0030707EB9607A3EB070342EA43027D
:10EBE00042F0300204F8022C1FD064220023FDF70B
:10EBF00079FF4208DDF814C042EAC17200F001005A
:10EC000012EB51014CF6CD4241F10001CCF6CC4261
:10EC1000A1FB022323F0030202EB9302891A40EACC
:10EC2000410040F0300004F8030C03988CF8040015
:10EC3000CCF8008028461FB0BDE8F08F2DE9F04FDA
:10EC40008BB0490041EAD07405931646D2E90023FF
:10EC500045002846214608AF009700F043FAD6E960
:10EC60000223834606A88946009028462146DDE90E
:10EC7000087A00F037FA10EB0708DDE906234AEBC3
:10EC8000010ADDE90801571C059C43F10005B8EBBA
:10EC900000007AEB0100A4F1410455EA338357EAFE
:10ECA000328296E8830017EB0807F568049445EB79
:10ECB0000A0510EB0B0059EB0100009457F100001E
:10ECC000CDE9062345F10001571C43F10005B0EBE7
:10ECD000080471EB0A04CDF80CB055EA338357EA07
:10ECE0003282CDF8089000F01BFADDE91429169B5A
:10ECF000C2E9000143B3D6E900C1D6E90256039840
:10ED0000B8EB0505DDE906236AEB06066C1E66F125
:10ED10000007B0EB0C000298DDF810B08841CDF888
:10ED200000B054EA358057EA3681571E63F1000679
:10ED3000B8EB00057AEB010557EA328256EA3383D5
:10ED400000F0EEF95F463EE0DDE906204FEA4804B8
:10ED5000D6E900EC01900598D6E90276A0F14005CD
:10ED6000029800954FEA4A05039945EAD87544EAA6
:10ED7000D0744300E71B65EB0606B7F1010B43EACD
:10ED8000D17366F10000DEEB410173EB0C0150EA38
:10ED900036815BEA3780B4EB0803019F75EB0A0309
:10EDA0005FEA2F937F0043EA420347EAD2775A1E75
:10EDB00067F10006241A8D4152EA338256EA3783FE
:10EDC00000F0AEF9049FDDE90623C9E900014046E1
:10EDD0005146009700F0A4F90BB0BDE8F08F43F264
:10EDE0004141C0F201014843800C704742F6FB618B
:10EDF000C0F20B014843000D704749F24F31C0F299
:10EE000012014843012101EBD04070472DE9F04F3A
:10EE10004CF6CD4E45F6294442F6F50A47F6D5089C
:10EE200047F6916943F2343B02460020CCF6CC4EC3
:10EE30004FF03333CCF28F24C8F65C7AC2F2E96823
:10EE4000C3F6FB29C3F2333BA2FB0E5C4FF0CC3779
:10EE500002FB07C7D5F1333501FB0E7773EB0707CC
:10EE60002ED3A2FB047502FB0A55D7F1333701FB01
:10EE7000045573EB050722D3A2FB087540F6310653
:10EE8000C1F6AC4602FB0655D7F1333701FB0855F6
:10EE900073EB050716D3A2FB09754CF67066CDF22D
:10EEA0008826043002FB065201FB0921B7EB0B0256
:10EEB00071F133323A46C7D30138BDE8F08F0130E3
:10EEC000BDE8F08F0230BDE8F08F2DE9F04F87B03C
:10EED00005464EF64F40C4F6C4608B46A5FB0001C4
:10EEE000C8081A2100FB01F640F24071C0F201216E
:10EEF00001EB0010B54209D190E80E00C0688BE824
:10EF00000E00CBF80C0007B0BDE8F08FD0E90092FE
:10EF100040F61001C0F201210192D0E90223A81BA2
:10EF200051F8307001EBC000446804A800903846E6
:10EF3000214600F0D7F8019B824602A8884600903F
:10EF4000384621464A4600F0CDF881460191DDE978
:10EF50000201002210EB0A0758EB010842F1000001
:10EF6000012806D1DDE904010130049041F10000DF
:10EF700005902846FFF741FF04463046FFF73DFF66
:10EF80000199241A48463A464346009400F0C8F8CE
:10EF90006FF0030240F6E00302EA9502C0F201239B
:10EFA0009A581E2303EA4503DA4002F0030680194B
:10EFB000DDE9042341F10001CBE900013846414677
:10EFC000009400F0ADF8CBE9020107B0BDE8F08F86
:10EFD0002DE9F04F87B08B464EF64F41054619306C
:10EFE000C4F6C461A0FB0101C8081A2100FB01F6A8
:10EFF00040F63811C0F2012101EB0010AE4209D1F8
:10F0000090E80E00C0688BE80E00CBF80C0007B04B
:10F01000BDE8F08FD0E900A240F61001C0F2012156
:10F020000192D0E90223701B51F8307001EBC0004F
:10F03000446804A800903846214600F053F8804602
:10F0400002A80090BAF1010201988946214660F1B8
:10F050000003384600F046F804468A46DDE902011E
:10F06000002210EB080751EB090842F100000128CB
:10F0700006D1DDE904010130049041F10000059062
:10F080003046FFF7BAFE06462846FFF7B6FE361AA8
:10F09000204651463A464346009600F041F86FF04C
:10F0A000030240F6282302EA9502C0F201239A588F
:10F0B0001E2303EA4503DA4002F003054019DDE9A7
:10F0C000042341F10001013041F10001CBE90001CD
:10F0D00038464146009600F023F8CBE9020107B01C
:10F0E000BDE8F08FF0B5A2FB01CEA2FB0075A3FB3B
:10F0F000011415EB0C05DDF814C051EB0E06294682
:10F1000044F100043246E3FB0012A3FB0003401964
:10F1100056EB030044F10000CCE900203846F0BD76
:10F1200010B5DDF808C0CCF1400ECEF1200420FA75
:10F130000CF003FA0EF322FA04F42343DCF120046A
:10F1400058BF02FA04F302FA0EF201FA04F440EA9C
:10F15000040058BF0022BCF1200458BF21FA04F07B
:10F1600021FA0CF158BF00211043194310BD0021B2
:10F170000A2200F001B8D4D42DE9F0410346242A34
:10F180002BD8012A29D040F680250026C0F201257F
:10F190009E46985D2F1897F880409F19240729D51F
:10F1A00078782C1894F88040240729D5B8782C1842
:10F1B00094F8804024072BD5F87804360EF1040E1D
:10F1C0002F1897F880703F07E3D49C19A4F1010E23
:10F1D0004FF0000C2B2822D125E0404A1624FDF7E1
:10F1E0009FFE845019B100200B60BDE8F081002023
:10F1F000BDE8F0817C1C4FF0000C2B280FD112E0F1
:10F200000EF1010EBC1C4FF0000C2B2807D10AE0B8
:10F210000EF1020EFC1C4FF0000C2B2803D02D2801
:10F2200004D14FF0010C20780EF1020430280CD1EB
:10F2300012F02F0F02BF207800F0DF00582848D0CE
:10F24000002A08BF0822302002E0002A08BF0A2254
:10F2500027466FF000460CEB0608461E392846F09C
:10F26000200688BFA6F12600A0F1300696421DD2E6
:10F27000B8FBF2F47B1E04FB128500200EE04CF07C
:10F28000020C13F8017F7E1E392F46F0200688BF3E
:10F29000A6F12607A7F13006964208D2A042EED882
:10F2A00001D1AE42EBD800FB0260EAE70020002962
:10F2B00018BF0B605FEACC7150EA00B05FEA8C7156
:10F2C00005D506492222FDF72BFE42504046BDE8F7
:10F2D000F081A71C607810222346BAE708000000DE
:10F2E0002DE9F041042A03D21346844633B928E0BD
:10F2F00041EA00039B072AD013468446581EA3F117
:10F300000208A3F1030E00240D5D1CF80460AE4258
:10F310001AD1A04215D00CEB04070A1955787E7853
:10F32000AE4211D1A0450CD09578BE78AE420BD13B
:10F33000A64506D0D578FE78AE4205D10434A34266
:10F34000E2D10020BDE8F081701BBDE8F0814FF0F4
:10F35000000E044651F80E3050F80E709F422DD129
:10F36000131F01EB0E0504F1040C042B2BD300EB4F
:10F370000E06D5F804807768474526D1A2F1080328
:10F3800004F1080C042B22D3D5F80880B768474550
:10F3900020D1A2F10C0304F10C0C042B1DD3EF6857
:10F3A000F668BE421CD1103A0EF1100E1034032A3A
:10F3B000D0D800EB0E0C7144134697E700EB0E0C0F
:10F3C000714413469AE7291D90E7291D96E705F138
:10F3D00008018BE705F1080190E705F10C0185E7CD
:10F3E00005F10C018AE7024619B370B54218A1F184
:10F3F000010EA1F1020CCC1E0023C55C85B19E4517
:10F4000015D0C5186E786EB19C4510D0AE785EB13F
:10F410009C420CD0EE784EB104339942EDD106E017
:10F42000C21804E06A1C02E0AA1C00E0EA1CBDE865
:10F430007040101A70470000000000005454522021
:10F440005245474745530066696C65785F7468723A
:10F450006561645F696E7075745F7175657565006F
:10F460000D0A46696C6532206372656174656420BB
:10F470007375636365737366756C6C792E0D0A0022
:10F480000D0A4D6564696120666F726D6174206656
:10F4900061696C65642E0D0A000D0A46696C65335E
:10F4A00020697320616C72656164792063726561A3
:10F4B0007465642E0D0A00566F6C756D6520310001
:10F4C0000D0A46696C65312063726561746564205C
:10F4D0007375636365737366756C6C792E0D0A00C2
:10F4E0000D0A46696C65204E616D65202020202044
:10F4F0002020202020204174747269627574652078
:10F5000020202020202046696C652053697A6520E0
:10F5100020204461746520262054696D65206F6643
:10F52000206C617374206D6F6469666963617469CE
:10F530006F6E000D0A46696C65206F70656E2066FF
:10F5400061696C65642E0D0A000D0A4D6564696180
:10F5500020666C757368206661696C65642E0D0A9F
:10F5600000312E300026675F66785F6D65646961E3
:10F5700030004572726F7220696E2066696C657822
:10F580005F626C6F636B6D656469615F73646D6D01
:10F59000635F6F7065726174696F6E2E000D0A5340
:10F5A00044204361726420697320696E73657274CC
:10F5B00065642E004D65646961206F70656E20661C
:10F5C00061696C65642E000D0A53442063617264A6
:10F5D0002069732072656D6F7665642E20506C65AE
:10F5E00061736520696E7365727420534420636192
:10F5F000726420746F2070726F636565642E000DF5
:10F600000A464154333220666F726D617474696EBC
:10F6100067206F6620534420636172642C206173FD
:10F6200020706572207573657220696E7075742E16
:10F63000000D0A524D5F46494C45585F424C4F43BE
:10F640004B5F4D454449415F4F70656E20415049C5
:10F65000206661696C65642E0D0A000D0A446972AA
:10F660006563746F7279206372656174696F6E206F
:10F670006661696C65642E0D0A004572726F7220B6
:10F68000696E2070726F63657373696E672C20708A
:10F690006C6561736520636865636B206167616990
:10F6A0006E2E0D0A000D0A4572726F723A206D655A
:10F6B0006D6F72795F616C6C6F636174655F72749A
:10F6C00074206661696C65642E0D0A000D0A466936
:10F6D0006C6531206372656174696F6E2066616963
:10F6E0006C65642E0D0A000D0A496E7365727420F4
:10F6F0006361726420616E642072657374617274F8
:10F7000020746865206170706C69636174696F6EE4
:10F710002E0D0A000D0A5344204361726420697360
:10F720002072656D6F7665642E20506C656173651F
:10F7300020696E7365727420534420636172642083
:10F74000746F2070726F636565642E000D0A4669E0
:10F750006C653320637265617465642073756363DF
:10F7600065737366756C6C792E0D0A000D0A466917
:10F770006C653120697320616C7265616479206306
:10F780007265617465642E0D0A000D0A526571750B
:10F790006972656420737061636520746F2077728D
:10F7A000697465207072652D646566696E65642094
:10F7B0006461746120697320617661696C61626C57
:10F7C000652E0D0A00284E554C4C29000D0A526535
:10F7D00071756972656420737061636520746F2050
:10F7E0007772697465207072652D646566696E65EF
:10F7F000642064617461206973206E6F7420617687
:10F8000061696C61626C652E0D0A000D0A46696CB7
:10F81000655820626C6F636B206D65646961204D73
:10F8200061696E204D656E75206F7074696F6E73BF
:10F830003A0D0A312E20456E746572203120746FA6
:10F8400020666F726D617420534420636172642E70
:10F850000D0A322E20456E746572203220746F209E
:10F860006372656174652061206469726563746F99
:10F870007279206F6E205344206361726420616648
:10F8800074657220636865636B696E672061766179
:10F89000696C61626C652073706163652E0D0A434B
:10F8A0007265617465206120746578742066696C86
:10F8B0006520696E73696465207468652064697287
:10F8C0006563746F72792C20777269746520616E3C
:10F8D000642072656164207072652D646566696E6E
:10F8E000656420646174612E0D0A332E20456E74A8
:10F8F0006572203320746F20646973706C617920A5
:10F900005344206361726420636F6E74656E742E5D
:10F910000D0A5573657220496E7075743A20200087
:10F92000696E66000D0A46696C6532206973206154
:10F930006C726561647920637265617465642E0D13
:10F940000A000D0A46696C6532206372656174694C
:10F950006F6E206661696C65642E0D0A0025730068
:10F960000D0A66696C65785F626C6F636B6D6564C8
:10F9700069615F73646D6D635F777269746520663A
:10F9800061696C65642E0D0A000D0A546865206576
:10F9900078616D706C652070726F6A656374207336
:10F9A000686F777320746865206F70657261746921
:10F9B0006F6E206F6620612046696C655820696E05
:10F9C00074657266616365206F6E20626C6F636B35
:10F9D0000D0A6D65646961206F7665722053444835
:10F9E0004920647269766572206F6E205241204D05
:10F9F00043552E20496E20746869732073616D70C1
:10FA00006C6520636F64652C207468652070726F6C
:10FA10006A6563742077696C6C0D0A706572666F35
:10FA2000726D20766172696F75732066696C6520EE
:10FA30006F7065726174696F6E7320286F70656E88
:10FA40002C20636C6F73652C20726561642C2077A9
:10FA5000726974652C20666F726D6174292C206147
:10FA60006E640D0A6F7074696F6E616C6C792061E1
:10FA70006464696E672074696D65207374616D706C
:10FA800020746F207468652066696C652C20776827
:10FA9000696C65206372656174696E67207468655E
:10FAA0002066696C65206F6E207468650D0A746845
:10FAB0006520534420636172642028657863657013
:10FAC0007420666F72204D434B2D52413854312CB7
:10FAD000204D434B2D52413854322077686963687A
:10FAE00020757365204D6963726F534420636172A2
:10FAF00064292E0D0A496E2073756D6D6172792C23
:10FB00002069742073686F7763617365732074680C
:10FB1000652046696C65582066756E6374696F6E02
:10FB2000616C697479207573696E6720426C6F63CC
:10FB30006B204D656469612053444D4D430D0A644B
:10FB40007269766572206F6E204653502E204A2DC2
:10FB50004C696E6B2052545420566965776572204B
:10FB600069732075736564206173207573657220F5
:10FB7000696E746572666163652E0D0A53797374DC
:10FB8000656D206D6573736167657320286572729A
:10FB90006F7220616E6420696E666F206D6573738D
:10FBA00061676573292077696C6C206265207072CB
:10FBB000696E746564206F6E204A2D4C696E6B20EF
:10FBC000525454205669657765720D0A64757269DE
:10FBD0006E672074686520657865637574696F6EFB
:10FBE000206F66207468652070726F6A6563742E7A
:10FBF000000D0A007274745F6F705F7175657565D2
:10FC0000000D0A4469726563746F7279206973200C
:10FC1000616C726561647920637265617465642EDC
:10FC20000D0A0054696D657374616D702028546904
:10FC3000636B7329203D2030782530386C783A0D7D
:10FC40000A000D0A2A2A2A2A2A2A2A2A2A2A2A2A9B
:10FC50002A2A2A2A2A2A2A2A2A2A2A2A2A2A2A2A04
:10FC60002A2A2A2A2A2A2A2A2A2A2A2A2A2A2A2AF4
:10FC70002A2A2A2A2A2A2A2A2A2A2A2A2A2A2A2AE4
:10FC80002A2A2A2A2A2A2A2A2A2A2A2A2A2A2A2AD4
:10FC90002A2A2A2A0D0A2A20202052656E657361BD
:10FCA0007320465350204578616D706C652050720A
:10FCB0006F6A65637420666F722046696C655820B0
:10FCC000426C6F636B204D656469612053444D4DF8
:10FCD00043204D6F64756C6520202020202020205B
:10FCE00020202020202A0D0A2A2020204578616D1E
:10FCF000706C652050726F6A65637420566572730C
:10FD0000696F6E20257320202020202020202020B5
:10FD100020202020202020202020202020202020E3
:10FD200020202020202020202020202020202020D3
:10FD30002020202020202A0D0A2A202020466C6521
:10FD40007820536F667477617265205061636B2011
:10FD500056657273696F6E2025642E25642E2564A6
:10FD60002020202020202020202020202020202093
:10FD70002020202020202020202020202020202083
:10FD800020202020202020202020202A0D0A2A2A7E
:10FD90002A2A2A2A2A2A2A2A2A2A2A2A2A2A2A2AC3
:10FDA0002A2A2A2A2A2A2A2A2A2A2A2A2A2A2A2AB3
:10FDB0002A2A2A2A2A2A2A2A2A2A2A2A2A2A2A2AA3
:10FDC0002A2A2A2A2A2A2A2A2A2A2A2A2A2A2A2A93
:10FDD0002A2A2A2A2A2A2A2A2A2A2A2A2A2A0D0AC0
:10FDE000526566657220746F20726561646D652E60
:10FDF0007478742066696C6520666F72206D6F720E
:10FE0000652064657461696C73206F6E204578614C
:10FE10006D706C652050726F6A65637420616E64EA
:10FE20000D0A46535020557365722773204D616E3D
:10FE300075616C20666F72206D6F726520696E66E9
:10FE40006F726D6174696F6E2061626F75742046A8
:10FE5000696C655820426C6F636B204D6564696105
:10FE60002053444D4D43206D6F64756C650D0A0041
:10FE70000D0A52657475726E6564204572726F72F8
:10FE800020436F64653A203078257820200D0A00E1
:10FE90000D0A4469726563746F72792063726561DB
:10FEA000746564207375636365737366756C6C79D0
:10FEB0002E0D0A000D0A46696C652072656164208A
:10FEC0006661696C65642E0D0A000A257320202086
:10FED00020202020202020257320202020202020CA
:10FEE000202564204279746573202020202020255D
:10FEF000642F25642F25642025643A25643A2564FF
:10FF00000D0A005254545F546872656164000D0A12
:10FF100046696C65207772697465206661696C65F5
:10FF2000642E0D0A0046535020436F6D6D6F6E2096
:10FF3000496E69742053656D000D0A46696C652031
:10FF4000636C6F7365206661696C65642E0D0A00D1
:10FF50000D0A4552524F523A2025730D0A000D0AE0
:10FF60004D6564696120666F726D617474656420AB
:10FF70007375636365737366756C6C79210D0A0024
:10FF80005465726D696E616C0046696C65582053EA
:10FF9000797374656D2054696D6572000D0A667819
:10FFA0005F6469726563746F72795F6E6578745FA0
:10FFB00066756C6C5F656E7472795F66696E6420DD
:10FFC0006661696C65642E0D0A000D0A57726974CA
:10FFD0006520616E642072656164206461746120D3
:10FFE000646964206E6F74206D617463682E0D0AFD
:10FFF000000D0A4D6564696120636C6F736520664E
:020000040201F7
:1000000061696C65642E0D0A000D0A417661696CA8
:1000100061626C65206D6564696120737061636500
:100020002069733A2025752062797465730D0A0082
:100030000D0C785F6469726563746F72795F6669CD
:100040007273745F66756C6C5F656E7472795F66EF
:10005000696E64206661696C65642E0D0A000D0A84
:10006000506C6561736520656E74657220612076E1
:10007000616C696420696E7075742E000D0A4368A6
:1000800065636B696E6720666F7220617661696C6B
:1000900061626C6520737061636520696E206D65B7
:1000A0006469612E0D0A000D0A4D65646961207353
:1000B0007061636520636865636B206661696C6568
:1000C000642E0D0A000D0A4572726F7220696E204F
:1000D000636C6F73696E672046494C45585F424CAC
:1000E0004F434B5F4D454449412E0D0A0046696C14
:1000F00065585F546872656164000D0A52657175D8
:100100006972656420737061636520666F72204454
:1001100069726563746F72792F46696C65206372CA
:10012000656174696F6E206973206E6F74206176EB
:1001300061696C61626C652E0D0A000D0A46696C7E
:100140006533206372656174696F6E206661696CE6
:1001500065642E0D0A000D0A5772697465206F7070
:1001600065726174696F6E20636F6D706C65746524
:10017000642E000D0A52656164206F7065726174AF
:10018000696F6E20636F6D706C6574656420737544
:10019000636365737366756C6C792E000D0A577214
:1001A00069746520616E64207265616420646174A5
:1001B00061206D6174636865642E0D0A000D0A4547
:1001C00052524F523A207274745F6672616D657755
:1001D0006F726B5F696E6974206661696C65640D2E
:1001E0000A0046696C6558204D65646961204D754B
:1001F000746578006E616E007274745F70726F6304
:10020000657373696E675F626C6F636B000D0A667E
:10021000696C65785F626C6F636B6D656469615F63
:1002200073646D6D635F72656164206661696C659E
:10023000642E0D0A000D0A46696C65207472756E95
:10024000636174696F6E206661696C65642E0D0A66
:10025000000D0A5254542072656365697665642006
:10026000616E20756E6B6E6F776E206D6573736156
:100270006765204944004D79204576656E742046B7
:100280006C616773000D0A5265717569726564204F
:10029000737061636520666F722044697265637470
:1002A0006F7279206372656174696F6E2069732063
:1002B000617661696C61626C652E0D0A000D0A53EE
:1002C000657474696E67204461746520616E642092
:1002D00054696D65206661696C65642E0D0A00289D
:1002E0006E756C6C2900303132333435363738391D
:1002F000414243444546D4D47772697461626C6567
:100300002066696C65000000000000007265616491
:10031000206F6E6C792066696C650000000000003B
:100320006469726563746F727900000000000000F8
:1003300000000000B8E700220000000000000000FC
:1003400000000000000000000000000000000000AD
:100350000000000000000000000202000100000098
:100360000100B20051190002000000002CE400223C
:10037000000000225803010274E60022700301020B
:10038000A40401022CE400221000002268040102EF
:100390008403010291A40002ACE600229003010252
:1003A0008CE600229403010244040102A00301022E
:1003B000000000009115000200000000ACE60022E1
:1003C000AC0301023C04010200000100080200002D
:1003D0000000010009020000000001000A02000004
:1003E000000001000B0200000008011500040000DD
:1003F000000C011501040000000C011502040000AE
:10040000000C011503040000000C01150404000099
:10041000000C011506040000000C01150007000087
:10042000000001150B0800000C000000C8030102C9
:1004300000000000AF00B1004000D4D481A300024E
:10044000A9A3000279A60002B1A60002E9A6000253
:1004500001A7000219A7000229A7000239A700027C
:1004600069A7000281A7000239A8000201AA0002C0
:10047000D9AE0002F1AF000239B1000241B1000271
:1004800049B1000251B1000259B1000261B100024C
:1004900091B1000231B2000241B200020204030431
:1004A0000404D4D4C1B8000241B9000259B9000211
:1004B000C1B90002D1B90002F9B9000209BA0002BB
:1004C00019BA000249BA0002A9BA0002B1BA000280
:1004D000000000680000006800000080000000804C
:1004E0000000007000000070C0000022C000002268
:1004F0000B00000008050102190000008C05010234
:1005000004000000D0040102000000680000006840
:100510000001000D00000068000000680001000DEF
:100520000000008000000080000100080000008042
:100530000000008000010008000000700000007052
:100540000001000A00000070000000700001000AB5
:100550000000000000000000010000050000002075
:100560000000002001000004C0000022C0000022A2
:1005700000000003F0100022B8EA0022000000038F
:10058000B8EA0022BCEA0022000000030000006874
:1005900000000068000000900001090D00000068E4
:1005A000000000680000007800010B0D00000068EA
:1005B00000000068000000270001020D0000006834
:1005C000000000684C0000020001010D00000080E6
:1005D0000000008000000090000109080000008079
:1005E000000000800000007800010B08000000807F
:1005F00000000080000000270001020800000080C9
:10060000000000804C0000020001010800000070A2
:1006100000000070000000900001090A0000007056
:10062000000000700000007800010B0A000000705C
:1006300000000070000000270001020A00000070A6
:10064000000000704C0000020001010A00000000E0
:1006500000000000000000900101090500000000FA
:10066000000000000000007801010B050000000000
:10067000000000000000002701000205000000004B
:10068000000000004C0000020100010500000020F5
:10069000000000200000009001010904000000207B
:1006A000000000200000007801010B040000002081
:1006B00000000020000000270100020400000020CC
:1006C000000000204C000002010001040000002294
:1006D0000000002200000090000109030000002239
:1006E000000000220000007800010B03000000223F
:1006F000000000220000002700000203000000228A
:10070000A40000225000000200000103B8EA002209
:10071000B8EA0022F4000002000001030600000015
:100720000800000003000000050000000A000000AF
:1007300001000200080010002000D4D4D4D4D4D486
:100740000000000000000000000000000000001099
:100750000000000000000000B9340332B7F4AD140B
:1007600010DB1AB30892540E0D307D951447BA1A57
:1007700066088F4D26ADC66DF598BF85E2B7451169
:10078000CA96853D92BD1DEBFCA11860DCEF5216A8
:100790003C92AE220BB8C1B4839D2D5B0562DA1C7E
:1007A000304C7E8F4E8BB25B16F4529F8B56A51247
:1007B000FBD4827643ED8AF08FE7F931156519187D
:1007C00050F19BD94A13EEB4284CF0A686C1251FE0
:1007D000035FC270CB9E4916E642889C44EB20140E
:1007E000B0650836AD6EA58585F0CA14E2FD031A22
:1007F0000B899979D5B13D09D8DA973A35EBCF1005
:10080000AC363F5E73BB38CF3E6752FA44AFBA1581
:1008100001000000000000000500000000000000D2
:1008200019000000000000007D0000000000000032
:100830007102000000000000350C00000000000004
:10084000093D0000000000002D3101000000000003
:10085000E1F505000000000065CD1D00000000006E
:10086000F902950000000000DD0EE9020000000022
:10087000514A8D0E000000009573C2480000000030
:10088000E941CC6B010000008D49FD1A0700000012
:10089000C16FF28623000000C52EBCA2B10000008B
:1008A000D9E9AC2D780300003D9160E458110000B7
:1008B00031D6E275BC560000F52E6E4DAEB101008A
:1008C000C9EA268367780800ED95C28F055A2A0089
:1008D000A1EDCCCE1BC2D30025A4000A8BCA2204F2
:1008E0000000000000000000000000000000000008
:1008F00000000040955969595555545515555556A0
:100900000405154110545540455155444045504447
:100910005055554500400040400444966555565595
:1009200045404554514115405591555555554051F7
:1009300005010000D4D4D4D4010000000000000060
:100940000000000000000020345065C05FC9A652BE
:10095000BB13CBAEC440C21806C8DF7100D5A87C5B
:10096000F56F0FDA58FC27136E4756357D24206546
:1009700002C7E768E48CA41DE9E60268D7CD3961B7
:100980007977FCC2405BEF16798CDE43FFA751F903
:1009900091F3B278F5BDBE11E857E9D6E8BEE87B21
:1009A000B054AC8F848D751BEA23A499E9F9D38BDD
:1009B000B7A3714061DA3E15CEE33ECB73F9480828
:1009C0008C97B427D51B7010A2BFEFB9EB853215F9
:1009D0004DB44DB49BBB6F1996B6076CF8E7EEADFE
:1009E00036D9B4F59135AE13222218AF4E6A684D50
:1009F00091DAAA3D4F40741E9FBD9EE006A1C098AB
:100A000057C2A7FDA40E90170E7D497173E3208F86
:100A1000B220D87605143B12853D7434811343B05F
:100A2000AD297A5F27F4351C5445545445550504C7
:100A300000100410140440000000014055551541F9
:100A40005404000044000100000000404100004444
:100A50005044455054005555545565510040004090
:100A60000100000100050100115451515455550574
:100A70000015415000000440100104050000000072
:100A80000000000000000000000000000000000066
:100A90000000000000000000000000000000000056
:100AA0000000000000000000000000000000000046
:100AB0000000000000000000000000000000000036
:100AC0000000000000000000000000000000000026
:100AD0000000000000000000000000000000000016
:100AE0000000000000000000000000000000000006
:100AF00000000000000000000000000000000000F6
:100B000020202020202020202028282828282020BD
:100B100020202020202020202020202020202020D5
:100B2000881010101010101010101010101010104D
:100B3000040404040404040404041010101010102D
:100B40001041414141414101010101010101010106
:100B5000010101010101010101010110101010103A
:100B600010424242424242020202020202020202D7
:100B700002020202020202020202021010101020FF
:100B80000000000000000000000000000000000065
:100B90000000000000000000000000000000000055
:100BA0000000000000000000000000000000000045
:100BB0000000000000000000000000000000000035
:100BC0000000000000000000000000000000000025
:100BD0000000000000000000000000000000000015
:100BE0000000000000000000000000000000000005
:100BF00000000000000000000000000000000000F5
:100C000000000606362E362E30004275696C7420C0
:100C1000776974682052656E6573617320416476EC
:100C2000616E63656420466C657869626C6520530B
:100C30006F667477617265205061636B61676520D0
:0E0C400076657273696F6E20362E362E300088
:0200000402C92F
:04F04000FFFFFFFFD0
:04F04400EFFFFFFFDC
:04F0C000FFFFFFFD52
:04F0C400FFFFFFFF4C
:04F1200000000000EB
:04F1240000000000E7
:040000050200C7F13D
:00000001FF
