T343C 000:006.526   SEGGER J-Link V9.42 Log File
T343C 000:006.767   DLL Compiled: May  6 2026 12:25:27
T343C 000:006.816   Logging started @ 2026-06-11 07:44
T343C 000:006.861   Process: C:\Users\a5123763\.eclipse\com.renesas.platform_1584587709\DebugComp\RA\e2-server-gdb.exe
T343C 000:006.932 - 6.919ms 
T343C 000:007.000 JLINK_GetDLLVersion()
T343C 000:007.051 - 0.053ms returns 94200
T343C 000:020.820 JLINK_OpenEx(...)
T343C 000:043.864   Firmware: J-Link OB-S124 compiled Dec 10 2025 15:52:46
T343C 000:045.195   Firmware: J-Link OB-S124 compiled Dec 10 2025 15:52:46
T343C 000:070.983   Hardware: V1.00
T343C 000:071.108   S/N: 831745433
T343C 000:071.180   OEM: SEGGER
T343C 000:071.268   Feature(s): None
T343C 000:072.651   Bootloader: 2017 Feb 06
T343C 000:073.563   USB speed mode: Full speed (12 MBit/s)
T343C 000:074.597   TELNET listener socket opened on port 19021
T343C 000:075.239   WEBSRV WEBSRV_Init(): Starting webserver thread(s)
T343C 000:075.649   WEBSRV Webserver running on local port 19080
T343C 000:076.129   Looking for J-Link GUI Server exe at: C:\Users\a5123763\.eclipse\com.renesas.platform_1584587709\DebugComp\RA\ARM\Segger_v9.42.0\JLinkGUIServer.exe
T343C 000:076.847   Looking for J-Link GUI Server exe at: \JLinkGUIServer.exe
T343C 000:380.871   Failed to connect to J-Link GUI Server.
T343C 000:380.956 - 360.128ms returns "O.K."
T343C 000:381.261 JLINK_ExecCommand("ProjectFile=C:\Users\a5123763\e2_studio\workspace_650\secure_data_at_rest_ek_ra6m3/secure_data_at_rest_ek_ra6m3 Debug_Flat.jlink", ...). 
T343C 000:444.446 - 63.192ms returns 0x00
T343C 000:445.055 JLINK_ExecCommand("device=R7FA6M3AH", ...). 
T343C 000:445.343   Flash bank @ 0x0100A150: SFL: Parsing sectorization info from ELF file
T343C 000:445.386     FlashDevice.SectorInfo[0]: .SectorSize = 0x00000020, .SectorStartAddr = 0x00000000
T343C 000:445.890   Flash bank @ 0x60000000: SFL: Parsing sectorization info from ELF file
T343C 000:445.935     FlashDevice.SectorInfo[0]: .SectorSize = 0x00010000, .SectorStartAddr = 0x00000000
T343C 000:450.161   Device "R7FA6M3AH" selected.
T343C 000:452.540 - 7.486ms returns 0x00
T343C 000:452.615 JLINK_ExecCommand("SetCPUConnectIDCODE = FFFFFFFFFFFFFFFFFFFFFFFFFFFFFFFF", ...). 
T343C 000:452.666 - 0.051ms returns 0x00
T343C 000:452.720 JLINK_TIF_GetAvailable(...)
T343C 000:453.148 - 0.427ms 
T343C 000:453.206 JLINK_TIF_Select(JLINKARM_TIF_SWD)
T343C 000:454.299 - 1.104ms returns 0x00
T343C 000:454.387 JLINK_SetSpeed(4000)
T343C 000:454.535 - 0.194ms 
T343C 000:454.570 JLINK_SetEndian(ARM_ENDIAN_LITTLE)
T343C 000:454.591 - 0.020ms returns 0
T343C 000:454.617 JLINK_SetInitRegsOnReset(OFF)
T343C 000:454.689 - 0.071ms returns 1
T343C 000:454.722 JLINK_SetResetType(JLINKARM_RESET_TYPE_NO_RESET)
T343C 000:454.743 - 0.021ms returns JLINKARM_RESET_TYPE_NORMAL
T343C 000:454.765 JLINK_ExecCommand("EnableFlashBPs", ...). 
T343C 000:454.791 - 0.025ms returns 0x00
T343C 000:454.816 JLINK_ExecCommand("SetAllowFlashCache = 0", ...). 
T343C 000:454.843 - 0.027ms returns 0x01
T343C 000:454.867 JLINK_ExecCommand("SetRestartOnClose = 0", ...). 
T343C 000:454.889 - 0.022ms returns 0x01
T343C 000:454.930 JLINK_ExecCommand("SetAllowSimulation = 0", ...). 
T343C 000:454.955 - 0.024ms returns 0x01
T343C 000:454.981 JLINK_EnableSoftBPs(ON)
T343C 000:455.008 - 0.030ms 
T343C 000:455.073 JLINK_Connect()
T343C 000:455.600   InitTarget() start
T343C 000:455.688    J-Link Script File: Executing InitTarget()
T343C 000:455.798   Identifying target device...
T343C 000:455.839   SWD selected. Executing JTAG -> SWD switching sequence...
T343C 000:456.649   Initializing DAP...
T343C 000:459.030   DAP initialized successfully.
T343C 000:469.406   Low power mode detected. Waking device from low power mode.
T343C 000:476.284   InitTarget() end - Took 20.6ms
T343C 000:477.524   Found SW-DP with ID 0x5BA02477
T343C 000:481.750   DPIDR: 0x5BA02477
T343C 000:481.808   CoreSight SoC-400 or earlier
T343C 000:481.848   Scanning AP map to find all available APs
T343C 000:483.661   AP[2]: Stopped AP scan as end of AP map has been reached
T343C 000:483.804   AP[0]: AHB-AP (IDR: 0x24770011, ADDR: 0x00000000)
T343C 000:483.854   AP[1]: APB-AP (IDR: 0x44770002, ADDR: 0x01000000)
T343C 000:483.913   Iterating through AP map to find AHB-AP to use
T343C 000:485.890   AP[0]: Core found
T343C 000:485.944   AP[0]: AHB-AP ROM base: 0xE00FF000
T343C 000:486.973   CPUID register: 0x410FC241. Implementer code: 0x41 (ARM)
T343C 000:487.073   Found Cortex-M4 r0p1, Little endian.
T343C 000:487.851   -- Max. mem block: 0x00001B60
T343C 000:489.150   CPU_ReadMem(4 bytes @ 0xE000EDF0)
T343C 000:489.872   CPU_WriteMem(4 bytes @ 0xE000EDF0)
T343C 000:490.589   CPU_ReadMem(4 bytes @ 0xE0002000)
T343C 000:491.247   FPUnit: 6 code (BP) slots and 2 literal slots
T343C 000:491.307   CPU_ReadMem(4 bytes @ 0xE000EDFC)
T343C 000:492.087   CPU_WriteMem(4 bytes @ 0xE000EDFC)
T343C 000:492.839   CPU_ReadMem(4 bytes @ 0xE0001000)
T343C 000:493.579   CPU_WriteMem(4 bytes @ 0xE0001000)
T343C 000:494.372   CPU_ReadMem(4 bytes @ 0xE000ED88)
T343C 000:495.091   CPU_WriteMem(4 bytes @ 0xE000ED88)
T343C 000:495.756   CPU_ReadMem(4 bytes @ 0xE000ED88)
T343C 000:496.513   CPU_WriteMem(4 bytes @ 0xE000ED88)
T343C 000:497.234   CoreSight components:
T343C 000:497.290   ROMTbl[0] @ E00FF000
T343C 000:497.328   CPU_ReadMem(64 bytes @ 0xE00FF000)
T343C 000:498.744   CPU_ReadMem(32 bytes @ 0xE000EFE0)
T343C 000:499.815   [0][0]: E000E000 CID B105E00D PID 000BB00C SCS-M7
T343C 000:499.875   CPU_ReadMem(32 bytes @ 0xE0001FE0)
T343C 000:500.847   [0][1]: E0001000 CID B105E00D PID 003BB002 DWT
T343C 000:500.905   CPU_ReadMem(32 bytes @ 0xE0002FE0)
T343C 000:501.923   [0][2]: E0002000 CID B105E00D PID 002BB003 FPB
T343C 000:501.979   CPU_ReadMem(32 bytes @ 0xE0000FE0)
T343C 000:503.138   [0][3]: E0000000 CID B105E00D PID 003BB001 ITM
T343C 000:503.200   CPU_ReadMem(32 bytes @ 0xE0040FE0)
T343C 000:504.325   [0][4]: E0040000 CID B105900D PID 000BB9A1 TPIU
T343C 000:504.427   CPU_ReadMem(32 bytes @ 0xE0041FE0)
T343C 000:505.515   [0][5]: E0041000 CID B105900D PID 000BB925 ETM
T343C 000:505.581   CPU_ReadMem(32 bytes @ 0xE0042FE0)
T343C 000:506.590   [0][6]: E0042000 CID B105900D PID 002BB908 CSTF
T343C 000:506.654   CPU_ReadMem(32 bytes @ 0xE0043FE0)
T343C 000:507.600   [0][7]: E0043000 CID B105900D PID 001BB961 TMC
T343C 000:507.657   CPU_ReadMem(32 bytes @ 0xE0044FE0)
T343C 000:508.795   [0][8]: E0044000 CID B105F00D PID 001BB101 TSG
T343C 000:508.998 - 53.924ms returns 0x00
T343C 000:509.127 JLINK_Halt()
T343C 000:514.274 - 5.146ms returns 0x00
T343C 000:514.331 JLINK_IsHalted()
T343C 000:514.383 - 0.051ms returns TRUE
T343C 000:514.420 JLINK_ResetPullsRESET(ON)
T343C 000:514.454 - 0.034ms 
T343C 000:514.482 JLINK_Reset()
T343C 000:514.580   JLINK_GetResetTypeDesc
T343C 000:514.619   - 0.039ms 
T343C 000:514.646   Reset type: CONNECT UNDER RESET (https://kb.segger.com/J-Link_Reset_Strategies)
T343C 000:514.726   CPU_WriteMem(4 bytes @ 0xE000EDF0)
T343C 000:515.547   CPU_WriteMem(4 bytes @ 0xE000EDFC)
T343C 000:516.181   Reset: Halt core after reset via DEMCR.VC_CORERESET.
T343C 000:517.137   Reset: Reset device via AIRCR.SYSRESETREQ.
T343C 000:517.205   CPU_WriteMem(4 bytes @ 0xE000ED0C)
T343C 000:571.910   CPU_ReadMem(4 bytes @ 0xE000EDF0)
T343C 000:573.231   CPU_ReadMem(4 bytes @ 0xE000EDF0)
T343C 000:574.381   CPU_WriteMem(4 bytes @ 0xE000EDFC)
T343C 000:582.057   CPU_ReadMem(4 bytes @ 0xE000EDF0)
T343C 000:588.389   CPU_WriteMem(4 bytes @ 0xE0002000)
T343C 000:589.613   CPU_ReadMem(4 bytes @ 0xE000EDFC)
T343C 000:590.555   CPU_ReadMem(4 bytes @ 0xE0001000)
T343C 000:591.885 - 77.402ms 
T343C 000:592.077 JLINK_ReadMemEx(0x407FB19C, 0x8 Bytes, Flags = 0x00000004)
T343C 000:592.151   CPU_ReadMem(8 bytes @ 0x407FB19C)
T343C 000:593.416   Data:  00 70 00 01 00 00 00 00
T343C 000:593.529 - 1.452ms returns 8 (0x8)
T343C 000:593.589 JLINK_ReadMem(0x01007024, 0x10 Bytes, ...)
T343C 000:593.631   CPU_ReadMem(16 bytes @ 0x01007024)
T343C 000:594.775   Data:  52 37 46 41 36 4D 33 41 48 33 43 46 43 20 20 20
T343C 000:595.036 - 1.446ms returns 0
T343C 000:595.160 JLINK_IsHalted()
T343C 000:595.207 - 0.046ms returns TRUE
T343C 000:596.630 JLINK_IsHalted()
T343C 000:596.702 - 0.071ms returns TRUE
T343C 000:596.779 JLINK_MeasureCPUSpeed(RAMAddr = 0xFFFFFFFF)
T343C 000:596.821   CPU_ReadMem(16 bytes @ 0x20000000)
T343C 000:598.023   CPU_ReadMem(64 bytes @ 0x20000000)
T343C 000:599.522    -- Updating C cache (64 bytes @ 0x20000000)
T343C 000:599.600    -- Read from C cache (6 bytes @ 0x20000000)
T343C 000:599.645   CPU_ReadMem(4 bytes @ 0xE000ED90)
T343C 000:600.376   CPU_ReadMem(4 bytes @ 0xE000ED94)
T343C 000:601.048   CPU_WriteMem(16 bytes @ 0x20000000)
T343C 000:601.973   CPU_WriteMem(6 bytes @ 0x20000000)
T343C 000:602.838   CPU_ReadMem(64 bytes @ 0x20000000)
T343C 000:604.246    -- Updating C cache (64 bytes @ 0x20000000)
T343C 000:604.304    -- Read from C cache (6 bytes @ 0x20000000)
T343C 000:604.366   CPU_WriteMem(4 bytes @ 0xE0002008)
T343C 000:604.416   CPU_WriteMem(4 bytes @ 0xE000200C)
T343C 000:604.452   CPU_WriteMem(4 bytes @ 0xE0002010)
T343C 000:604.493   CPU_WriteMem(4 bytes @ 0xE0002014)
T343C 000:604.529   CPU_WriteMem(4 bytes @ 0xE0002018)
T343C 000:604.565   CPU_WriteMem(4 bytes @ 0xE000201C)
T343C 000:616.622   CPU_WriteMem(4 bytes @ 0xE0002008)
T343C 000:617.452   CPU_WriteMem(4 bytes @ 0xE000200C)
T343C 000:618.288   CPU_WriteMem(4 bytes @ 0xE0002010)
T343C 000:619.148   CPU_WriteMem(4 bytes @ 0xE0002014)
T343C 000:619.865   CPU_WriteMem(4 bytes @ 0xE0002018)
T343C 000:620.753   CPU_WriteMem(4 bytes @ 0xE000201C)
T343C 000:650.622   CPU_WriteMem(6 bytes @ 0x20000000)
T343C 000:651.463   ClockFreq: 661050 Hz
T343C 000:651.537 - 54.757ms returns 661050
T343C 000:651.573 JLINK_ReadReg(XPSR)
T343C 000:651.605 - 0.032ms returns 0x01000000
T6C08 003:526.398 JLINK_ResetPullsRESET(ON)
T6C08 003:526.923 - 0.525ms 
T6C08 003:527.140 JLINK_Halt()
T6C08 003:528.179 - 1.037ms returns 0x00
T6C08 003:528.410 JLINK_IsHalted()
T6C08 003:528.519 - 0.108ms returns TRUE
T6C08 003:528.622 JLINK_Reset()
T6C08 003:528.762   JLINK_GetResetTypeDesc
T6C08 003:528.866   - 0.103ms 
T6C08 003:528.986   Reset type: CONNECT UNDER RESET (https://kb.segger.com/J-Link_Reset_Strategies)
T6C08 003:529.097   CPU_WriteMem(4 bytes @ 0xE000EDF0)
T6C08 003:530.203   CPU_WriteMem(4 bytes @ 0xE000EDFC)
T6C08 003:531.184   Reset: Halt core after reset via DEMCR.VC_CORERESET.
T6C08 003:532.539   Reset: Reset device via AIRCR.SYSRESETREQ.
T6C08 003:532.762   CPU_WriteMem(4 bytes @ 0xE000ED0C)
T6C08 003:589.445   CPU_ReadMem(4 bytes @ 0xE000EDF0)
T6C08 003:590.639   CPU_ReadMem(4 bytes @ 0xE000EDF0)
T6C08 003:591.721   CPU_WriteMem(4 bytes @ 0xE000EDFC)
T6C08 003:598.905   CPU_ReadMem(4 bytes @ 0xE000EDF0)
T6C08 003:605.464   CPU_WriteMem(4 bytes @ 0xE0002000)
T6C08 003:606.693   CPU_ReadMem(4 bytes @ 0xE000EDFC)
T6C08 003:607.814   CPU_ReadMem(4 bytes @ 0xE0001000)
T6C08 003:608.920 - 80.297ms 
T6C08 003:609.152 JLINK_SetEndian(ARM_ENDIAN_LITTLE)
T6C08 003:609.306 - 0.153ms returns 0
T6C08 003:610.479 JLINK_BeginDownload(Flags = 0x00000000)
T6C08 003:610.676 - 0.197ms 
T6C08 003:642.569 JLINK_WriteMem(0x00000000, 0x40 Bytes, ...)
T6C08 003:642.818   Data:  48 04 03 20 51 21 10 00 45 20 10 00 4D 21 10 00 ...
T6C08 003:643.961   completely In flash
T6C08 003:644.173 - 1.604ms returns 0x40
T6C08 003:645.668 JLINK_WriteMem(0x00000040, 0x88 Bytes, ...)
T6C08 003:645.885   Data:  02 00 00 00 B0 00 00 00 06 00 00 00 50 00 00 00 ...
T6C08 003:646.031   completely In flash
T6C08 003:646.176 - 0.508ms returns 0x88
T6C08 003:647.930 JLINK_WriteMem(0x00000400, 0x4 Bytes, ...)
T6C08 003:648.151   Data:  FF FF FF FF
T6C08 003:648.366   completely In flash
T6C08 003:648.500 - 0.571ms returns 0x4
T6C08 003:650.781 JLINK_WriteMem(0x00000404, 0x4 Bytes, ...)
T6C08 003:650.986   Data:  FF FD FF FF
T6C08 003:651.132   completely In flash
T6C08 003:651.277 - 0.497ms returns 0x4
T6C08 003:653.177 JLINK_WriteMem(0x00000408, 0x34 Bytes, ...)
T6C08 003:653.442   Data:  00 05 00 00 FF FF 07 00 00 00 FE 1F FF FF FE 1F ...
T6C08 003:653.696   completely In flash
T6C08 003:653.887 - 0.711ms returns 0x34
T6C08 003:655.524 JLINK_WriteMem(0x00000500, 0x490 Bytes, ...)
T6C08 003:655.723   Data:  06 4B 1B 68 1B 88 03 80 00 BF 00 BF 00 BF 00 BF ...
T6C08 003:655.930   completely In flash
T6C08 003:656.068 - 0.545ms returns 0x490
T6C08 003:657.714 JLINK_WriteMem(0x00000990, 0x800 Bytes, ...)
T6C08 003:657.915   Data:  08 B5 0A 4B 18 68 00 F0 DF FB 00 BF 00 BF 00 BF ...
T6C08 003:658.076   completely In flash
T6C08 003:658.242 - 0.528ms returns 0x800
T6C08 003:659.474 JLINK_WriteMem(0x00080000, 0x4 Bytes, ...)
T6C08 003:659.652   Data:  31 43 45 53
T6C08 003:659.794   completely In flash
T6C08 003:659.944 - 0.471ms returns 0x4
T6C08 003:661.153 JLINK_WriteMem(0x00080004, 0xC Bytes, ...)
T6C08 003:661.342   Data:  32 43 45 53 00 00 00 00 32 43 45 53
T6C08 003:661.502   completely In flash
T6C08 003:661.639 - 0.486ms returns 0xC
T6C08 003:662.982 JLINK_WriteMem(0x00080010, 0x4 Bytes, ...)
T6C08 003:663.280   Data:  00 00 00 00
T6C08 003:663.542   completely In flash
T6C08 003:663.770 - 0.789ms returns 0x4
T6C08 003:666.029 JLINK_WriteMem(0x00100000, 0x48 Bytes, ...)
T6C08 003:666.248   Data:  34 04 00 00 2C 04 00 00 30 04 00 00 28 04 00 00 ...
T6C08 003:667.442   completely In flash
T6C08 003:668.979 - 2.950ms returns 0x48
T6C08 003:671.081 JLINK_WriteMem(0x00100048, 0xBB8 Bytes, ...)
T6C08 003:671.314   Data:  03 48 04 4B 83 42 02 D0 03 4B 03 B1 18 47 70 47 ...
T6C08 003:671.506   completely In flash
T6C08 003:671.656 - 0.576ms returns 0xBB8
T6C08 003:673.242 JLINK_WriteMem(0x00100C00, 0xBB0 Bytes, ...)
T6C08 003:673.397   Data:  30 BD 00 BF 08 26 10 00 44 26 10 00 88 26 10 00 ...
T6C08 003:673.537   completely In flash
T6C08 003:673.650 - 0.408ms returns 0xBB0
T6C08 003:674.605 JLINK_WriteMem(0x001017B0, 0xBA0 Bytes, ...)
T6C08 003:674.692   Data:  01 23 83 F3 10 88 23 48 03 68 1B B9 22 49 CB 70 ...
T6C08 003:674.791   completely In flash
T6C08 003:674.872 - 0.267ms returns 0xBA0
T6C08 003:675.732 JLINK_WriteMem(0x00102350, 0xBA0 Bytes, ...)
T6C08 003:675.816   Data:  2A 2A 2A 2A 2A 2A 2A 2A 2A 2A 2A 2A 2A 2A 0A 0D ...
T6C08 003:675.896   completely In flash
T6C08 003:675.981 - 0.250ms returns 0xBA0
T6C08 003:676.960 JLINK_WriteMem(0x00102EF0, 0xBF0 Bytes, ...)
T6C08 003:677.074   Data:  20 73 72 61 6D 20 64 61 74 61 0A 0D 00 00 00 00 ...
T6C08 003:677.150   completely In flash
T6C08 003:677.221 - 0.261ms returns 0xBF0
T6C08 003:677.819 JLINK_WriteMem(0x00103AE0, 0x468 Bytes, ...)
T6C08 003:677.908   Data:  20 41 63 63 65 73 73 20 57 69 6E 64 6F 77 2E 2E ...
T6C08 003:677.989   completely In flash
T6C08 003:678.067 - 0.248ms returns 0x468
T6C08 003:678.640 JLINK_WriteMem(0x00103F48, 0x4 Bytes, ...)
T6C08 003:678.751   Data:  F8 B5 00 BF
T6C08 003:678.835   completely In flash
T6C08 003:678.931 - 0.293ms returns 0x4
T6C08 003:679.798 JLINK_WriteMem(0x00103F4C, 0x4 Bytes, ...)
T6C08 003:679.926   Data:  F8 B5 00 BF
T6C08 003:680.023   completely In flash
T6C08 003:680.096 - 0.298ms returns 0x4
T6C08 003:680.772 JLINK_WriteMem(0x00103F50, 0x4 Bytes, ...)
T6C08 003:680.917   Data:  B1 00 10 00
T6C08 003:681.041   completely In flash
T6C08 003:681.176 - 0.404ms returns 0x4
T6C08 003:682.177 JLINK_WriteMem(0x00103F54, 0x4 Bytes, ...)
T6C08 003:682.335   Data:  89 00 10 00
T6C08 003:682.468   completely In flash
T6C08 003:682.581 - 0.404ms returns 0x4
T6C08 003:710.929 JLINK_EndDownload()
T6C08 003:711.443   HandleBeforeFlashProg() start
T6C08 003:711.560    J-Link Script File: Executing HandleBeforeFlashProg()
T6C08 003:711.611   CPU_ReadMem(2 bytes @ 0x40000D04)
T6C08 003:712.372   CPU_ReadMem(2 bytes @ 0x40000D14)
T6C08 003:713.201   HandleBeforeFlashProg() end - Took 1.63ms
T6C08 003:713.329   CPU_ReadMem(4 bytes @ 0xE000ED90)
T6C08 003:714.129   CPU_ReadMem(4 bytes @ 0xE000ED94)
T6C08 003:714.890    -- --------------------------------------
T6C08 003:714.961    -- Flash bank @ 0x00000000: Default: L2 verify disabled because algorithm performs L1 verify
T6C08 003:715.058    -- Start of determining dirty areas in flash cache
T6C08 003:715.104    -- Filling invalid ranges in sector buffer (flash cache) for sector @ 0x00000000 if necessary
T6C08 003:715.223    -- Filling invalid ranges in sector buffer (flash cache) for sector @ 0x00080000 if necessary
T6C08 003:715.339    -- Filling invalid ranges in sector buffer (flash cache) for sector @ 0x00100000 if necessary
T6C08 003:715.538    -- End of determining dirty areas
T6C08 003:715.575    -- Start of preparing flash programming
T6C08 003:715.634    -- Calculating RAM usage
T6C08 003:715.828    -- RAM usage = 6548 Bytes
T6C08 003:715.875    -- Preserving CPU registers
T6C08 003:715.942    -- Determining CPU clock frequency
T6C08 003:763.888    -- Preparing target
T6C08 003:763.978    -- Preserving target RAM temporarily used for programming
T6C08 003:840.326    -- Downloading RAMCode
T6C08 003:888.871    -- Preparing RAMCode
T6C08 003:903.570    -- CPU frequency = 100000 kHz
T6C08 003:903.891    -- End of preparing flash programming
T6C08 003:904.102    -- CPU is running at 100000 kHz.
T6C08 003:904.295    -- Start of comparing flash
T6C08 003:904.544    -- CRC check was estimated as fastest method
T6C08 003:904.698    -- Comparing range 0x0000 - 0x1FFF (1 Sector, 8 KB), using multi-block CRC calculation
T6C08 003:908.886    -- CRC does not match for sector 0
T6C08 003:909.174    -- Comparing range 0x80000 - 0x87FFF (1 Sector, 32 KB), using multi-block CRC calculation
T6C08 003:914.809    -- CRC does not match for sector 0
T6C08 003:915.270    -- Comparing range 0x100000 - 0x107FFF (1 Sector, 32 KB), using multi-block CRC calculation
T6C08 003:921.343    -- CRC does not match for sector 0
T6C08 003:921.660    -- End of comparing flash
T6C08 003:921.809    -- Start of erasing sectors
T6C08 003:921.968    -- End of erasing sectors
T6C08 003:922.115    -- Start of flash programming
T6C08 003:922.264    -- Programming range 0x00000000 - 0x00001FFF (  1 Sector, 8 KB)
T6C08 003:968.460    -- Programming range 0x00080000 - 0x00087FFF (  1 Sector, 32 KB)
T6C08 003:992.481    -- Programming range 0x00100000 - 0x00107FFF (  1 Sector, 32 KB)
T6C08 004:181.171    -- End of flash programming
T6C08 004:181.372    -- 0x0000 - 0x1FFF (  1 Sector, 8 KB)
T6C08 004:181.511    -- 0x80000 - 0x87FFF (  1 Sector, 32 KB)
T6C08 004:181.658    -- 0x100000 - 0x107FFF (  1 Sector, 32 KB)
T6C08 004:181.790    -- Start of restoring
T6C08 004:181.940    -- Restoring RAMCode
T6C08 004:215.946    -- Restoring target memory
T6C08 004:282.844    -- Restore target
T6C08 004:282.951    -- Restoring CPU registers
T6C08 004:283.016    -- End of restoring
T6C08 004:283.087    -- Bank 1 @ 0x00000000: 3 ranges affected (73728 bytes)
T6C08 004:283.134    -- Total: 0.567s (Prepare: 0.188s, Compare: 0.017s, Erase: 0.000s, Program & Verify: 0.287s, Restore: 0.073s)
T6C08 004:283.197    -- Program & Verify speed: 250 KB/s
T6C08 004:295.162   HandleAfterFlashProg() start
T6C08 004:295.253    J-Link Script File: Executing HandleAfterFlashProg()
T6C08 004:295.285   HandleAfterFlashProg() end - Took 31us
T6C08 004:295.803 - 584.873ms returns 73728 (0x12000)
T6C08 004:296.048 JLINK_WriteReg(R15 (PC), 0x00102150)
T6C08 004:296.089 - 0.041ms returns 0
T6C08 004:296.119 JLINK_WriteReg(XPSR, 0x01000000)
T6C08 004:296.151 - 0.032ms returns 0
T6C08 004:297.050 JLINK_ResetPullsRESET(ON)
T6C08 004:297.121 - 0.071ms 
T6C08 004:297.153 JLINK_Halt()
T6C08 004:297.810 - 0.655ms returns 0x00
T6C08 004:297.881 JLINK_IsHalted()
T6C08 004:297.913 - 0.031ms returns TRUE
T6C08 004:297.952 JLINK_Reset()
T6C08 004:297.990   JLINK_GetResetTypeDesc
T6C08 004:298.018   - 0.027ms 
T6C08 004:298.044   Reset type: CONNECT UNDER RESET (https://kb.segger.com/J-Link_Reset_Strategies)
T6C08 004:298.079   CPU_WriteMem(4 bytes @ 0xE000EDF0)
T6C08 004:298.844   CPU_WriteMem(4 bytes @ 0xE000EDFC)
T6C08 004:299.614   Reset: Halt core after reset via DEMCR.VC_CORERESET.
T6C08 004:300.549   Reset: Reset device via AIRCR.SYSRESETREQ.
T6C08 004:300.634   CPU_WriteMem(4 bytes @ 0xE000ED0C)
T6C08 004:356.431   CPU_ReadMem(4 bytes @ 0xE000EDF0)
T6C08 004:357.727   CPU_ReadMem(4 bytes @ 0xE000EDF0)
T6C08 004:359.020   CPU_WriteMem(4 bytes @ 0xE000EDFC)
T6C08 004:366.181   CPU_ReadMem(4 bytes @ 0xE000EDF0)
T6C08 004:373.225   CPU_WriteMem(4 bytes @ 0xE0002000)
T6C08 004:374.563   CPU_ReadMem(4 bytes @ 0xE000EDFC)
T6C08 004:375.657   CPU_ReadMem(4 bytes @ 0xE0001000)
T6C08 004:377.009 - 79.055ms 
T6C08 004:377.133 JLINK_SetEndian(ARM_ENDIAN_LITTLE)
T6C08 004:377.179 - 0.046ms returns 0
T6C08 004:404.091 JLINK_ReadMem(0x00102150, 0x4 Bytes, ...)
T6C08 004:404.193   CPU_ReadMem(64 bytes @ 0x00102140)
T6C08 004:405.691    -- Updating C cache (64 bytes @ 0x00102140)
T6C08 004:405.768    -- Read from C cache (4 bytes @ 0x00102150)
T6C08 004:405.809   Data:  08 B5 00 F0
T6C08 004:405.847 - 1.756ms returns 0
T6C08 004:427.101 JLINK_ReadMem(0x00102150, 0x4 Bytes, ...)
T6C08 004:427.206    -- Read from C cache (4 bytes @ 0x00102150)
T6C08 004:427.246   Data:  08 B5 00 F0
T6C08 004:427.283 - 0.183ms returns 0
T6C08 006:644.929 JLINK_GetNumBPUnits(Type = 0xFFFFFF00)
T6C08 006:645.027 - 0.098ms returns 0x06
T6C08 006:645.066 JLINK_GetNumWPUnits()
T6C08 006:645.102 - 0.035ms returns 4
T6C08 006:645.145 JLINK_GetNumBPUnits(Type = 0xFFFFFF00)
T6C08 006:645.179 - 0.034ms returns 0x06
T6C08 006:645.223 JLINK_GetNumWPUnits()
T6C08 006:645.254 - 0.031ms returns 4
T6C08 006:645.292 JLINK_GetNumBPUnits(Type = 0xFFFFFF00)
T6C08 006:645.333 - 0.040ms returns 0x06
T6C08 006:645.365 JLINK_GetNumWPUnits()
T6C08 006:645.399 - 0.033ms returns 4
T6C08 006:645.488 JLINK_SetBPEx(Addr = 0x001016B0, Type = 0xFFFFFF00)
T6C08 006:645.533 - 0.045ms returns 0x00000001
T6C08 006:645.571 JLINK_ClrBPEx(BPHandle = 0x00000001)
T6C08 006:646.185 - 0.613ms returns 0x00
T6C08 006:660.873 JLINK_ReadMem(0x00101680, 0x40 Bytes, ...)
T6C08 006:661.005   CPU_ReadMem(64 bytes @ 0x00101680)
T6C08 006:662.479    -- Updating C cache (64 bytes @ 0x00101680)
T6C08 006:662.564    -- Read from C cache (64 bytes @ 0x00101680)
T6C08 006:662.603   Data:  32 B9 58 68 06 4B C0 1A B0 FA 80 F0 40 09 70 47 ...
T6C08 006:662.645 - 1.772ms returns 0
T6C08 006:664.006 JLINK_ReadMem(0x001016B0, 0x2 Bytes, ...)
T6C08 006:664.097    -- Read from C cache (2 bytes @ 0x001016B0)
T6C08 006:664.139   Data:  08 B5
T6C08 006:664.175 - 0.169ms returns 0
T6C08 006:664.657 JLINK_SetBPEx(Addr = 0x001016B0, Type = 0xFFFFFF00)
T6C08 006:664.712 - 0.056ms returns 0x00000002
T6C08 006:770.895 JLINK_ReadRegs(NumRegs = 20)
T6C08 006:771.008   
  R0 (0)        = 0x20000904           R1 (1)        = 0x103800             R2 (2)        = 0x00                 R3 (3)        = 0x4001C11C        
  R4 (4)        = 0x20000904           R5 (5)        = 0x2000095C           R6 (6)        = 0x2000095C           R7 (7)        = 0xB8745B1         
  R8 (8)        = 0x6EB363F7           R9 (9)        = 0xDF5C85BF           R10 (10)      = 0x75B3397B           R11 (11)      = 0xD6BFABD6        
  R12 (12)      = 0x20000888           R13 (SP) (13) = 0x20030448           R14 (14)      = 0xFFFFFFFF           R15 (PC) (15) = 0x102150          
  XPSR (16)     = 0x1000000            MSP (17)      = 0x20030448           PSP (18)      = 0x57F742B4           CFBP (20)     = 0x00              
T6C08 006:771.051 - 0.156ms returns 0x00
T6C08 006:772.638 JLINK_ReadMem(0x00102150, 0x4 Bytes, ...)
T6C08 006:772.759    -- Read from C cache (4 bytes @ 0x00102150)
T6C08 006:772.834   Data:  08 B5 00 F0
T6C08 006:772.899 - 0.261ms returns 0
T0C04 006:886.641 JLINK_GetNumBPUnits(Type = 0xFFFFFF00)
T0C04 006:886.748 - 0.110ms returns 0x06
T0C04 006:886.777 JLINK_GetNumWPUnits()
T0C04 006:886.802 - 0.025ms returns 4
T0C04 006:887.464 JLINK_GetNumBPUnits(Type = 0xFFFFFF00)
T0C04 006:887.535 - 0.072ms returns 0x06
T0C04 006:887.563 JLINK_GetNumWPUnits()
T0C04 006:887.591 - 0.028ms returns 4
T0C04 006:887.952 JLINK_GetNumBPUnits(Type = 0xFFFFFF00)
T0C04 006:888.008 - 0.058ms returns 0x06
T0C04 006:888.034 JLINK_GetNumWPUnits()
T0C04 006:888.063 - 0.028ms returns 4
T0C04 006:888.457 JLINK_GetNumBPUnits(Type = 0xFFFFFF00)
T0C04 006:888.509 - 0.053ms returns 0x06
T0C04 006:888.534 JLINK_GetNumWPUnits()
T0C04 006:888.558 - 0.023ms returns 4
T0C04 006:888.963 JLINK_GetNumBPUnits(Type = 0xFFFFFF00)
T0C04 006:889.047 - 0.084ms returns 0x06
T0C04 006:889.076 JLINK_GetNumWPUnits()
T0C04 006:889.101 - 0.025ms returns 4
T0C04 006:889.485 JLINK_GetNumBPUnits(Type = 0xFFFFFF00)
T0C04 006:889.617 - 0.132ms returns 0x06
T0C04 006:889.664 JLINK_GetNumWPUnits()
T0C04 006:889.713 - 0.048ms returns 4
T0C04 006:890.145 JLINK_GetNumBPUnits(Type = 0xFFFFFF00)
T0C04 006:890.201 - 0.056ms returns 0x06
T0C04 006:890.228 JLINK_GetNumWPUnits()
T0C04 006:890.256 - 0.028ms returns 4
T0C04 006:890.629 JLINK_GetNumBPUnits(Type = 0xFFFFFF00)
T0C04 006:890.679 - 0.051ms returns 0x06
T0C04 006:890.707 JLINK_GetNumWPUnits()
T0C04 006:890.731 - 0.023ms returns 4
T6C08 007:759.109 JLINK_ReadMem(0x00102150, 0x4 Bytes, ...)
T6C08 007:759.224    -- Read from C cache (4 bytes @ 0x00102150)
T6C08 007:759.265   Data:  08 B5 00 F0
T6C08 007:759.309 - 0.200ms returns 0
T6C08 016:019.837 JLINK_IsHalted()
T6C08 016:020.555 - 0.718ms returns TRUE
T6C08 016:020.624 JLINK_GoEx(MaxEmulInsts = 0, Flags = 0x01)
T6C08 016:020.669   CPU_WriteMem(4 bytes @ 0xE0002000)
T6C08 016:021.507   CPU_ReadMem(4 bytes @ 0xE0001000)
T6C08 016:022.357   CPU_WriteMem(4 bytes @ 0xE0002008)
T6C08 016:022.462   CPU_WriteMem(4 bytes @ 0xE000200C)
T6C08 016:022.507   CPU_WriteMem(4 bytes @ 0xE0002010)
T6C08 016:022.550   CPU_WriteMem(4 bytes @ 0xE0002014)
T6C08 016:022.605   CPU_WriteMem(4 bytes @ 0xE0002018)
T6C08 016:022.677   CPU_WriteMem(4 bytes @ 0xE000201C)
T6C08 016:025.792   CPU_WriteMem(4 bytes @ 0xE0001004)
T6C08 016:027.499   Memory map 'after startup completion point' is active
T6C08 016:027.608 - 6.983ms 
T6C08 016:125.626 JLINK_IsHalted()
T6C08 016:130.794 - 5.167ms returns TRUE
T6C08 016:130.877 JLINK_ReadReg(XPSR)
T6C08 016:130.914 - 0.036ms returns 0x61000000
T6C08 016:130.944 JLINK_ReadReg(R15 (PC))
T6C08 016:130.974 - 0.030ms returns 0x001016B0
T6C08 016:131.066 JLINK_ReadReg(XPSR)
T6C08 016:131.096 - 0.029ms returns 0x61000000
T6C08 016:131.144 JLINK_ReadReg(XPSR)
T6C08 016:131.181 - 0.036ms returns 0x61000000
T6C08 016:131.210 JLINK_ReadReg(R15 (PC))
T6C08 016:131.243 - 0.032ms returns 0x001016B0
T6C08 016:131.282 JLINK_ReadReg(XPSR)
T6C08 016:131.317 - 0.035ms returns 0x61000000
T6C08 016:131.346 JLINK_ReadMem(0x001016B0, 0x1 Bytes, ...)
T6C08 016:131.382   CPU_ReadMem(64 bytes @ 0x00101680)
T6C08 016:132.931    -- Updating C cache (64 bytes @ 0x00101680)
T6C08 016:133.003    -- Read from C cache (1 bytes @ 0x001016B0)
T6C08 016:133.046   Data:  08
T6C08 016:133.085 - 1.738ms returns 0
T6C08 016:133.123 JLINK_IsHalted()
T6C08 016:133.157 - 0.034ms returns TRUE
T6C08 016:133.202 JLINK_ReadReg(XPSR)
T6C08 016:133.238 - 0.035ms returns 0x61000000
T6C08 016:133.267 JLINK_ReadReg(XPSR)
T6C08 016:133.298 - 0.030ms returns 0x61000000
T6C08 016:133.325 JLINK_ReadReg(R15 (PC))
T6C08 016:133.363 - 0.038ms returns 0x001016B0
T6C08 016:133.402 JLINK_ReadReg(XPSR)
T6C08 016:133.429 - 0.026ms returns 0x61000000
T6C08 016:133.454 JLINK_ReadMem(0x001016B0, 0x1 Bytes, ...)
T6C08 016:133.490    -- Read from C cache (1 bytes @ 0x001016B0)
T6C08 016:133.526   Data:  08
T6C08 016:133.568 - 0.113ms returns 0
T6C08 016:133.648 JLINK_IsHalted()
T6C08 016:133.680 - 0.031ms returns TRUE
T6C08 016:133.712 JLINK_ReadReg(XPSR)
T6C08 016:133.738 - 0.025ms returns 0x61000000
T6C08 016:133.765 JLINK_ReadReg(R15 (PC))
T6C08 016:133.795 - 0.030ms returns 0x001016B0
T6C08 016:133.832 JLINK_ReadReg(XPSR)
T6C08 016:133.864 - 0.031ms returns 0x61000000
T6C08 016:133.890 JLINK_ReadReg(XPSR)
T6C08 016:133.914 - 0.023ms returns 0x61000000
T6C08 016:133.946 JLINK_ReadReg(R15 (PC))
T6C08 016:133.971 - 0.025ms returns 0x001016B0
T6C08 016:134.003 JLINK_ReadReg(XPSR)
T6C08 016:134.035 - 0.032ms returns 0x61000000
T6C08 016:134.062 JLINK_ReadMem(0x001016B0, 0x1 Bytes, ...)
T6C08 016:134.109    -- Read from C cache (1 bytes @ 0x001016B0)
T6C08 016:134.154   Data:  08
T6C08 016:134.192 - 0.130ms returns 0
T6C08 016:134.221 JLINK_IsHalted()
T6C08 016:134.246 - 0.024ms returns TRUE
T6C08 016:134.282 JLINK_ReadReg(XPSR)
T6C08 016:134.312 - 0.030ms returns 0x61000000
T6C08 016:134.338 JLINK_ReadReg(XPSR)
T6C08 016:134.381 - 0.043ms returns 0x61000000
T6C08 016:134.406 JLINK_ReadReg(R15 (PC))
T6C08 016:134.434 - 0.026ms returns 0x001016B0
T6C08 016:134.469 JLINK_ReadReg(XPSR)
T6C08 016:134.493 - 0.024ms returns 0x61000000
T6C08 016:134.523 JLINK_ReadMem(0x001016B0, 0x1 Bytes, ...)
T6C08 016:134.552    -- Read from C cache (1 bytes @ 0x001016B0)
T6C08 016:134.586   Data:  08
T6C08 016:134.626 - 0.102ms returns 0
T6C08 016:135.437 JLINK_ReadRegs(NumRegs = 20)
T6C08 016:135.504   
  R0 (0)        = 0x00                 R1 (1)        = 0x40040D00           R2 (2)        = 0x00                 R3 (3)        = 0x103EE8          
  R4 (4)        = 0x20000904           R5 (5)        = 0x2000095C           R6 (6)        = 0x2000095C           R7 (7)        = 0xB8745B1         
  R8 (8)        = 0x6EB363F7           R9 (9)        = 0xDF5C85BF           R10 (10)      = 0x75B3397B           R11 (11)      = 0xD6BFABD6        
  R12 (12)      = 0xB1                 R13 (SP) (13) = 0x20030440           R14 (14)      = 0x10215B             R15 (PC) (15) = 0x1016B0          
  XPSR (16)     = 0x61000000           MSP (17)      = 0x20030440           PSP (18)      = 0x57F742B4           CFBP (20)     = 0x00              
T6C08 016:135.542 - 0.105ms returns 0x00
T6C08 016:137.171 JLINK_ReadMem(0x001016B0, 0x4 Bytes, ...)
T6C08 016:137.274    -- Read from C cache (4 bytes @ 0x001016B0)
T6C08 016:137.312   Data:  08 B5 FF F7
T6C08 016:137.349 - 0.178ms returns 0
T6C08 016:138.786 JLINK_ClrBPEx(BPHandle = 0x00000002)
T6C08 016:138.904 - 0.118ms returns 0x00
T0C04 016:148.042 JLINK_IsHalted()
T0C04 016:148.134 - 0.092ms returns TRUE
T0C04 016:148.181 JLINK_ReadReg(XPSR)
T0C04 016:148.227 - 0.046ms returns 0x61000000
T0C04 016:148.264 JLINK_ReadReg(R15 (PC))
T0C04 016:148.304 - 0.041ms returns 0x001016B0
T0C04 016:148.363 JLINK_ReadReg(XPSR)
T0C04 016:148.405 - 0.041ms returns 0x61000000
T0C04 016:148.443 JLINK_ReadReg(XPSR)
T0C04 016:148.480 - 0.036ms returns 0x61000000
T0C04 016:148.518 JLINK_ReadReg(R15 (PC))
T0C04 016:148.560 - 0.039ms returns 0x001016B0
T0C04 016:148.606 JLINK_ReadReg(XPSR)
T0C04 016:148.651 - 0.045ms returns 0x61000000
T0C04 016:148.690 JLINK_ReadMem(0x001016B0, 0x1 Bytes, ...)
T0C04 016:148.734    -- Read from C cache (1 bytes @ 0x001016B0)
T0C04 016:148.792   Data:  08
T0C04 016:148.843 - 0.153ms returns 0
T0C04 016:148.883 JLINK_IsHalted()
T0C04 016:148.918 - 0.036ms returns TRUE
T0C04 016:148.962 JLINK_ReadReg(XPSR)
T0C04 016:149.003 - 0.041ms returns 0x61000000
T0C04 016:149.037 JLINK_ReadReg(XPSR)
T0C04 016:149.069 - 0.030ms returns 0x61000000
T0C04 016:149.093 JLINK_ReadReg(R15 (PC))
T0C04 016:149.114 - 0.021ms returns 0x001016B0
T0C04 016:149.150 JLINK_ReadReg(XPSR)
T0C04 016:149.176 - 0.025ms returns 0x61000000
T0C04 016:149.203 JLINK_ReadMem(0x001016B0, 0x1 Bytes, ...)
T0C04 016:149.234    -- Read from C cache (1 bytes @ 0x001016B0)
T0C04 016:149.267   Data:  08
T0C04 016:149.302 - 0.099ms returns 0
T0C04 016:149.352 JLINK_ReadMem(0xE0001000, 0x4 Bytes, ...)
T0C04 016:149.382   CPU_ReadMem(4 bytes @ 0xE0001000)
T0C04 016:150.091   Data:  01 00 00 40
T0C04 016:150.170   Debug reg: DWT_CTRL
T0C04 016:150.203 - 0.851ms returns 0
T0C04 016:150.242 JLINK_WriteMem(0xE0001FB0, 0x8 Bytes, ...)
T0C04 016:150.274   Data:  00 00 00 00 55 CE AC C5
T0C04 016:150.610   CPU_WriteMem(8 bytes @ 0xE0001FB0)
T0C04 016:151.483 - 1.240ms returns 0x8
T0C04 016:151.552 JLINK_ReadMem(0xE000EDFC, 0x4 Bytes, ...)
T0C04 016:151.586   CPU_ReadMem(4 bytes @ 0xE000EDFC)
T0C04 016:152.293   Data:  00 00 00 01
T0C04 016:152.352   Debug reg: DEMCR
T0C04 016:152.384 - 0.831ms returns 0
T0C04 016:153.557 JLINK_ReadMem(0xE0001004, 0x4 Bytes, ...)
T0C04 016:153.656   CPU_ReadMem(4 bytes @ 0xE0001004)
T0C04 016:154.426   Data:  11 16 02 00
T0C04 016:154.506   Debug reg: DWT_CYCCNT
T0C04 016:154.558 - 1.000ms returns 0
T6C08 016:172.934 JLINK_ReadMem(0x001016B0, 0x4 Bytes, ...)
T6C08 016:173.026    -- Read from C cache (4 bytes @ 0x001016B0)
T6C08 016:173.069   Data:  08 B5 FF F7
T6C08 016:173.104 - 0.170ms returns 0
T6C08 017:868.064 JLINK_ReadMem(0xE0001004, 0x4 Bytes, ...)
T6C08 017:868.294   Data:  11 16 02 00
T6C08 017:868.454   Debug reg: DWT_CYCCNT
T6C08 017:868.532 - 0.470ms returns 0
T6C08 017:868.580 JLINK_IsHalted()
T6C08 017:869.284 - 0.701ms returns TRUE
T6C08 017:870.242 JLINK_ReadMem(0xE0001004, 0x4 Bytes, ...)
T6C08 017:870.336   Data:  11 16 02 00
T6C08 017:870.422   Debug reg: DWT_CYCCNT
T6C08 017:870.488 - 0.246ms returns 0
T6C08 017:870.540 JLINK_GoEx(MaxEmulInsts = 0, Flags = 0x01)
T6C08 017:870.594   CPU_ReadMem(4 bytes @ 0xE0001000)
T6C08 017:871.418   CPU_WriteMem(4 bytes @ 0xE0002008)
T6C08 017:873.186 - 2.646ms 
T6C08 017:969.474 JLINK_IsHalted()
T6C08 017:970.518 - 1.044ms returns FALSE
T6C08 017:970.620 JLINK_IsHalted()
T6C08 017:971.498 - 0.877ms returns FALSE
T6C08 018:079.220 JLINK_IsHalted()
T6C08 018:080.278 - 1.059ms returns FALSE
T6C08 018:080.382 JLINK_IsHalted()
T6C08 018:081.520 - 1.136ms returns FALSE
T6C08 018:188.260 JLINK_IsHalted()
T6C08 018:189.356 - 1.096ms returns FALSE
T6C08 018:189.460 JLINK_IsHalted()
T6C08 018:190.514 - 1.052ms returns FALSE
T6C08 018:297.480 JLINK_IsHalted()
T6C08 018:298.308 - 0.825ms returns FALSE
T6C08 018:298.400 JLINK_IsHalted()
T6C08 018:299.104 - 0.702ms returns FALSE
T6C08 018:406.846 JLINK_IsHalted()
T6C08 018:407.524 - 0.677ms returns FALSE
T6C08 018:407.580 JLINK_IsHalted()
T6C08 018:408.204 - 0.625ms returns FALSE
T6C08 018:516.734 JLINK_IsHalted()
T6C08 018:517.364 - 0.628ms returns FALSE
T6C08 018:517.412 JLINK_IsHalted()
T6C08 018:517.934 - 0.519ms returns FALSE
T6C08 018:626.102 JLINK_IsHalted()
T6C08 018:627.048 - 0.944ms returns FALSE
T6C08 018:627.160 JLINK_IsHalted()
T6C08 018:628.188 - 1.027ms returns FALSE
T6C08 018:734.864 JLINK_IsHalted()
T6C08 018:736.094 - 1.232ms returns FALSE
T6C08 018:736.320 JLINK_IsHalted()
T6C08 018:737.364 - 1.041ms returns FALSE
T6C08 018:844.912 JLINK_IsHalted()
T6C08 018:846.084 - 1.171ms returns FALSE
T6C08 018:846.224 JLINK_IsHalted()
T6C08 018:847.194 - 0.968ms returns FALSE
T0C04 018:873.846 JLINK_IsHalted()
T0C04 018:874.748 - 0.899ms returns FALSE
T0C04 018:874.806 JLINK_IsHalted()
T0C04 018:875.516 - 0.708ms returns FALSE
T6C08 018:953.882 JLINK_IsHalted()
T6C08 018:954.614 - 0.733ms returns FALSE
T6C08 018:954.666 JLINK_IsHalted()
T6C08 018:955.200 - 0.533ms returns FALSE
T6C08 019:064.084 JLINK_IsHalted()
T6C08 019:065.132 - 1.044ms returns FALSE
T6C08 019:065.340 JLINK_IsHalted()
T6C08 019:067.726 - 2.382ms returns FALSE
T6C08 019:172.164 JLINK_IsHalted()
T6C08 019:173.094 - 0.929ms returns FALSE
T6C08 019:173.210 JLINK_IsHalted()
T6C08 019:174.248 - 1.038ms returns FALSE
T6C08 019:281.954 JLINK_IsHalted()
T6C08 019:283.268 - 1.314ms returns FALSE
T6C08 019:283.472 JLINK_IsHalted()
T6C08 019:284.360 - 0.884ms returns FALSE
T6C08 019:391.056 JLINK_IsHalted()
T6C08 019:392.036 - 0.978ms returns FALSE
T6C08 019:392.130 JLINK_IsHalted()
T6C08 019:393.004 - 0.874ms returns FALSE
T6C08 019:500.428 JLINK_IsHalted()
T6C08 019:501.372 - 0.945ms returns FALSE
T6C08 019:501.490 JLINK_IsHalted()
T6C08 019:502.660 - 1.170ms returns FALSE
T6C08 019:609.706 JLINK_IsHalted()
T6C08 019:610.456 - 0.749ms returns FALSE
T6C08 019:610.534 JLINK_IsHalted()
T6C08 019:611.244 - 0.709ms returns FALSE
T6C08 019:720.148 JLINK_IsHalted()
T6C08 019:721.068 - 0.917ms returns FALSE
T6C08 019:721.192 JLINK_IsHalted()
T6C08 019:722.064 - 0.871ms returns FALSE
T6C08 019:829.124 JLINK_IsHalted()
T6C08 019:830.286 - 1.160ms returns FALSE
T6C08 019:830.564 JLINK_IsHalted()
T6C08 019:831.676 - 1.109ms returns FALSE
T0C04 019:876.372 JLINK_IsHalted()
T0C04 019:877.468 - 1.095ms returns FALSE
T0C04 019:877.668 JLINK_IsHalted()
T0C04 019:878.756 - 1.086ms returns FALSE
T6C08 019:938.448 JLINK_IsHalted()
T6C08 019:939.546 - 1.096ms returns FALSE
T6C08 019:939.700 JLINK_IsHalted()
T6C08 019:940.914 - 1.213ms returns FALSE
T6C08 020:047.804 JLINK_IsHalted()
T6C08 020:049.012 - 1.207ms returns FALSE
T6C08 020:049.136 JLINK_IsHalted()
T6C08 020:050.118 - 0.981ms returns FALSE
T6C08 020:156.780 JLINK_IsHalted()
T6C08 020:157.866 - 1.082ms returns FALSE
T6C08 020:158.000 JLINK_IsHalted()
T6C08 020:159.044 - 1.042ms returns FALSE
T6C08 020:266.344 JLINK_IsHalted()
T6C08 020:267.512 - 1.167ms returns FALSE
T6C08 020:267.672 JLINK_IsHalted()
T6C08 020:268.746 - 1.071ms returns FALSE
T6C08 020:376.366 JLINK_IsHalted()
T6C08 020:377.080 - 0.712ms returns FALSE
T6C08 020:377.134 JLINK_IsHalted()
T6C08 020:377.984 - 0.848ms returns FALSE
T6C08 020:484.700 JLINK_IsHalted()
T6C08 020:485.926 - 1.223ms returns FALSE
T6C08 020:486.148 JLINK_IsHalted()
T6C08 020:487.194 - 1.042ms returns FALSE
T6C08 020:594.238 JLINK_IsHalted()
T6C08 020:595.316 - 1.076ms returns FALSE
T6C08 020:595.428 JLINK_IsHalted()
T6C08 020:596.428 - 1.000ms returns FALSE
T6C08 020:703.380 JLINK_IsHalted()
T6C08 020:704.078 - 0.697ms returns FALSE
T6C08 020:704.136 JLINK_IsHalted()
T6C08 020:704.748 - 0.610ms returns FALSE
T6C08 020:813.168 JLINK_IsHalted()
T6C08 020:813.916 - 0.747ms returns FALSE
T6C08 020:813.970 JLINK_IsHalted()
T6C08 020:814.640 - 0.670ms returns FALSE
T0C04 020:879.818 JLINK_IsHalted()
T0C04 020:880.588 - 0.768ms returns FALSE
T0C04 020:880.664 JLINK_IsHalted()
T0C04 020:881.518 - 0.853ms returns FALSE
T6C08 020:922.382 JLINK_IsHalted()
T6C08 020:923.426 - 1.041ms returns FALSE
T6C08 020:923.584 JLINK_IsHalted()
T6C08 020:924.398 - 0.813ms returns FALSE
T6C08 021:032.780 JLINK_IsHalted()
T6C08 021:033.908 - 1.126ms returns FALSE
T6C08 021:034.156 JLINK_IsHalted()
T6C08 021:035.286 - 1.126ms returns FALSE
T6C08 021:140.896 JLINK_IsHalted()
T6C08 021:141.652 - 0.756ms returns FALSE
T6C08 021:141.730 JLINK_IsHalted()
T6C08 021:142.416 - 0.686ms returns FALSE
T6C08 021:250.522 JLINK_IsHalted()
T6C08 021:251.490 - 0.964ms returns FALSE
T6C08 021:251.762 JLINK_IsHalted()
T6C08 021:253.034 - 1.269ms returns FALSE
T6C08 021:360.100 JLINK_IsHalted()
T6C08 021:360.748 - 0.650ms returns FALSE
T6C08 021:360.822 JLINK_IsHalted()
T6C08 021:361.396 - 0.573ms returns FALSE
T6C08 021:470.100 JLINK_IsHalted()
T6C08 021:471.286 - 1.185ms returns FALSE
T6C08 021:471.478 JLINK_IsHalted()
T6C08 021:472.684 - 1.205ms returns FALSE
T6C08 021:578.532 JLINK_IsHalted()
T6C08 021:579.482 - 0.948ms returns FALSE
T6C08 021:579.600 JLINK_IsHalted()
T6C08 021:580.374 - 0.773ms returns FALSE
T6C08 021:688.826 JLINK_IsHalted()
T6C08 021:689.938 - 1.111ms returns FALSE
T6C08 021:690.036 JLINK_IsHalted()
T6C08 021:690.804 - 0.765ms returns FALSE
T6C08 021:798.290 JLINK_IsHalted()
T6C08 021:799.452 - 1.161ms returns FALSE
T6C08 021:799.598 JLINK_IsHalted()
T6C08 021:800.680 - 1.079ms returns FALSE
T0C04 021:882.918 JLINK_IsHalted()
T0C04 021:883.848 - 0.929ms returns FALSE
T0C04 021:883.988 JLINK_IsHalted()
T0C04 021:885.036 - 1.046ms returns FALSE
T6C08 021:906.676 JLINK_IsHalted()
T6C08 021:907.816 - 1.139ms returns FALSE
T6C08 021:907.986 JLINK_IsHalted()
T6C08 021:909.080 - 1.093ms returns FALSE
T6C08 022:015.984 JLINK_IsHalted()
T6C08 022:017.098 - 1.112ms returns FALSE
T6C08 022:017.268 JLINK_IsHalted()
T6C08 022:018.188 - 0.919ms returns FALSE
T6C08 022:125.660 JLINK_IsHalted()
T6C08 022:126.524 - 0.864ms returns FALSE
T6C08 022:126.570 JLINK_IsHalted()
T6C08 022:127.342 - 0.772ms returns FALSE
T6C08 022:234.656 JLINK_IsHalted()
T6C08 022:235.530 - 0.873ms returns FALSE
T6C08 022:235.682 JLINK_IsHalted()
T6C08 022:236.472 - 0.789ms returns FALSE
T6C08 022:344.852 JLINK_IsHalted()
T6C08 022:347.414 - 2.560ms returns FALSE
T6C08 022:347.678 JLINK_IsHalted()
T6C08 022:348.694 - 1.015ms returns FALSE
T6C08 022:453.844 JLINK_IsHalted()
T6C08 022:455.116 - 1.271ms returns FALSE
T6C08 022:455.254 JLINK_IsHalted()
T6C08 022:456.308 - 1.052ms returns FALSE
T6C08 022:562.988 JLINK_IsHalted()
T6C08 022:563.952 - 0.962ms returns FALSE
T6C08 022:564.124 JLINK_IsHalted()
T6C08 022:565.208 - 1.081ms returns FALSE
T6C08 022:672.584 JLINK_IsHalted()
T6C08 022:673.284 - 0.701ms returns FALSE
T6C08 022:673.336 JLINK_IsHalted()
T6C08 022:674.094 - 0.758ms returns FALSE
T6C08 022:781.568 JLINK_IsHalted()
T6C08 022:782.542 - 0.973ms returns FALSE
T6C08 022:782.706 JLINK_IsHalted()
T6C08 022:783.592 - 0.883ms returns FALSE
T0C04 022:885.732 JLINK_IsHalted()
T0C04 022:886.632 - 0.900ms returns FALSE
T0C04 022:886.756 JLINK_IsHalted()
T0C04 022:887.510 - 0.754ms returns FALSE
T6C08 022:892.340 JLINK_IsHalted()
T6C08 022:893.268 - 0.926ms returns FALSE
T6C08 022:893.388 JLINK_IsHalted()
T6C08 022:894.184 - 0.796ms returns FALSE
T6C08 023:000.630 JLINK_IsHalted()
T6C08 023:001.410 - 0.779ms returns FALSE
T6C08 023:001.470 JLINK_IsHalted()
T6C08 023:002.016 - 0.545ms returns FALSE
T6C08 023:110.394 JLINK_IsHalted()
T6C08 023:111.110 - 0.717ms returns FALSE
T6C08 023:111.166 JLINK_IsHalted()
T6C08 023:111.780 - 0.612ms returns FALSE
T6C08 023:219.246 JLINK_IsHalted()
T6C08 023:220.048 - 0.801ms returns FALSE
T6C08 023:220.112 JLINK_IsHalted()
T6C08 023:220.650 - 0.537ms returns FALSE
T6C08 023:328.804 JLINK_IsHalted()
T6C08 023:329.550 - 0.747ms returns FALSE
T6C08 023:329.626 JLINK_IsHalted()
T6C08 023:330.296 - 0.670ms returns FALSE
T6C08 023:437.758 JLINK_IsHalted()
T6C08 023:438.618 - 0.857ms returns FALSE
T6C08 023:438.668 JLINK_IsHalted()
T6C08 023:439.310 - 0.640ms returns FALSE
T6C08 023:548.400 JLINK_IsHalted()
T6C08 023:549.474 - 1.071ms returns FALSE
T6C08 023:549.732 JLINK_IsHalted()
T6C08 023:550.556 - 0.824ms returns FALSE
T6C08 023:657.016 JLINK_IsHalted()
T6C08 023:657.822 - 0.805ms returns FALSE
T6C08 023:657.886 JLINK_IsHalted()
T6C08 023:658.528 - 0.640ms returns FALSE
T6C08 023:766.208 JLINK_IsHalted()
T6C08 023:767.054 - 0.844ms returns FALSE
T6C08 023:767.188 JLINK_IsHalted()
T6C08 023:767.914 - 0.723ms returns FALSE
T6C08 023:875.956 JLINK_IsHalted()
T6C08 023:876.868 - 0.910ms returns FALSE
T6C08 023:877.372 JLINK_IsHalted()
T6C08 023:878.046 - 0.673ms returns FALSE
T0C04 023:887.818 JLINK_IsHalted()
T0C04 023:888.564 - 0.745ms returns FALSE
T0C04 023:888.612 JLINK_IsHalted()
T0C04 023:889.280 - 0.667ms returns FALSE
T6C08 023:985.556 JLINK_IsHalted()
T6C08 023:986.298 - 0.740ms returns FALSE
T6C08 023:986.372 JLINK_IsHalted()
T6C08 023:986.938 - 0.564ms returns FALSE
T6C08 024:096.496 JLINK_IsHalted()
T6C08 024:099.866 - 3.369ms returns FALSE
T6C08 024:100.060 JLINK_IsHalted()
T6C08 024:101.116 - 1.052ms returns FALSE
T6C08 024:203.692 JLINK_IsHalted()
T6C08 024:204.616 - 0.923ms returns FALSE
T6C08 024:204.740 JLINK_IsHalted()
T6C08 024:205.446 - 0.706ms returns FALSE
T6C08 024:312.750 JLINK_IsHalted()
T6C08 024:313.662 - 0.910ms returns FALSE
T6C08 024:313.756 JLINK_IsHalted()
T6C08 024:314.476 - 0.721ms returns FALSE
T6C08 024:422.530 JLINK_IsHalted()
T6C08 024:424.518 - 1.986ms returns FALSE
T6C08 024:424.946 JLINK_IsHalted()
T6C08 024:426.118 - 1.171ms returns FALSE
T6C08 024:532.404 JLINK_IsHalted()
T6C08 024:533.468 - 1.056ms returns FALSE
T6C08 024:533.878 JLINK_IsHalted()
T6C08 024:534.990 - 1.108ms returns FALSE
T6C08 024:641.046 JLINK_IsHalted()
T6C08 024:641.752 - 0.704ms returns FALSE
T6C08 024:641.848 JLINK_IsHalted()
T6C08 024:642.534 - 0.685ms returns FALSE
T6C08 024:750.928 JLINK_IsHalted()
T6C08 024:751.654 - 0.726ms returns FALSE
T6C08 024:751.750 JLINK_IsHalted()
T6C08 024:752.452 - 0.701ms returns FALSE
T6C08 024:860.100 JLINK_IsHalted()
T6C08 024:861.500 - 1.401ms returns FALSE
T6C08 024:861.642 JLINK_IsHalted()
T6C08 024:862.470 - 0.827ms returns FALSE
T0C04 024:890.474 JLINK_IsHalted()
T0C04 024:891.622 - 1.148ms returns FALSE
T0C04 024:891.752 JLINK_IsHalted()
T0C04 024:892.516 - 0.762ms returns FALSE
T6C08 024:969.270 JLINK_IsHalted()
T6C08 024:970.368 - 1.096ms returns FALSE
T6C08 024:970.454 JLINK_IsHalted()
T6C08 024:971.282 - 0.825ms returns FALSE
T6C08 025:079.146 JLINK_IsHalted()
T6C08 025:080.180 - 1.033ms returns FALSE
T6C08 025:080.348 JLINK_IsHalted()
T6C08 025:081.416 - 1.063ms returns FALSE
T6C08 025:187.842 JLINK_IsHalted()
T6C08 025:189.036 - 1.202ms returns FALSE
T6C08 025:189.164 JLINK_IsHalted()
T6C08 025:189.986 - 0.821ms returns FALSE
T6C08 025:297.790 JLINK_IsHalted()
T6C08 025:301.836 - 4.045ms returns FALSE
T6C08 025:302.048 JLINK_IsHalted()
T6C08 025:303.100 - 1.046ms returns FALSE
T6C08 025:406.522 JLINK_IsHalted()
T6C08 025:416.960 - 10.436ms returns FALSE
T6C08 025:417.240 JLINK_IsHalted()
T6C08 025:435.324 - 18.079ms returns FALSE
T6C08 025:532.340 JLINK_IsHalted()
T6C08 025:534.222 - 1.885ms returns FALSE
T6C08 025:534.596 JLINK_IsHalted()
T6C08 025:537.884 - 3.285ms returns FALSE
T6C08 025:641.780 JLINK_IsHalted()
T6C08 025:643.028 - 1.246ms returns FALSE
T6C08 025:643.172 JLINK_IsHalted()
T6C08 025:646.026 - 2.850ms returns FALSE
T6C08 025:751.380 JLINK_IsHalted()
T6C08 025:752.268 - 0.889ms returns FALSE
T6C08 025:752.396 JLINK_IsHalted()
T6C08 025:753.206 - 0.807ms returns FALSE
T6C08 025:860.104 JLINK_IsHalted()
T6C08 025:862.084 - 1.978ms returns FALSE
T6C08 025:862.356 JLINK_IsHalted()
T6C08 025:864.548 - 2.189ms returns FALSE
T0C04 025:895.122 JLINK_IsHalted()
T0C04 025:896.240 - 1.118ms returns FALSE
T0C04 025:896.388 JLINK_IsHalted()
T0C04 025:897.180 - 0.791ms returns FALSE
T6C08 025:970.184 JLINK_IsHalted()
T6C08 025:973.400 - 3.211ms returns FALSE
T6C08 025:973.826 JLINK_IsHalted()
T6C08 025:976.732 - 2.905ms returns FALSE
T6C08 026:078.792 JLINK_IsHalted()
T6C08 026:079.544 - 0.752ms returns FALSE
T6C08 026:079.630 JLINK_IsHalted()
T6C08 026:081.114 - 1.481ms returns FALSE
T6C08 026:188.610 JLINK_IsHalted()
T6C08 026:190.656 - 2.045ms returns FALSE
T6C08 026:190.786 JLINK_IsHalted()
T6C08 026:191.786 - 0.998ms returns FALSE
T6C08 026:297.178 JLINK_IsHalted()
T6C08 026:298.044 - 0.865ms returns FALSE
T6C08 026:298.164 JLINK_IsHalted()
T6C08 026:299.028 - 0.859ms returns FALSE
T6C08 026:406.826 JLINK_IsHalted()
T6C08 026:408.744 - 1.921ms returns FALSE
T6C08 026:408.874 JLINK_IsHalted()
T6C08 026:409.630 - 0.755ms returns FALSE
T6C08 026:516.650 JLINK_IsHalted()
T6C08 026:517.420 - 0.771ms returns FALSE
T6C08 026:517.510 JLINK_IsHalted()
T6C08 026:518.196 - 0.685ms returns FALSE
T6C08 026:625.868 JLINK_IsHalted()
T6C08 026:626.762 - 0.893ms returns FALSE
T6C08 026:626.940 JLINK_IsHalted()
T6C08 026:628.252 - 1.313ms returns FALSE
T6C08 026:735.344 JLINK_IsHalted()
T6C08 026:736.320 - 0.973ms returns FALSE
T6C08 026:736.436 JLINK_IsHalted()
T6C08 026:737.172 - 0.732ms returns FALSE
T6C08 026:844.348 JLINK_IsHalted()
T6C08 026:845.046 - 0.697ms returns FALSE
T6C08 026:845.120 JLINK_IsHalted()
T6C08 026:845.824 - 0.704ms returns FALSE
T0C04 026:898.948 JLINK_IsHalted()
T0C04 026:899.660 - 0.712ms returns FALSE
T0C04 026:899.750 JLINK_IsHalted()
T0C04 026:900.420 - 0.668ms returns FALSE
T6C08 026:953.446 JLINK_IsHalted()
T6C08 026:954.214 - 0.766ms returns FALSE
T6C08 026:954.288 JLINK_IsHalted()
T6C08 026:955.066 - 0.777ms returns FALSE
T6C08 027:063.168 JLINK_IsHalted()
T6C08 027:067.578 - 4.409ms returns FALSE
T6C08 027:067.702 JLINK_IsHalted()
T6C08 027:068.710 - 1.005ms returns FALSE
T6C08 027:173.500 JLINK_IsHalted()
T6C08 027:174.448 - 0.947ms returns FALSE
T6C08 027:174.534 JLINK_IsHalted()
T6C08 027:175.212 - 0.678ms returns FALSE
T6C08 027:282.282 JLINK_IsHalted()
T6C08 027:283.302 - 1.018ms returns FALSE
T6C08 027:283.404 JLINK_IsHalted()
T6C08 027:285.034 - 1.628ms returns FALSE
T6C08 027:391.386 JLINK_IsHalted()
T6C08 027:392.198 - 0.812ms returns FALSE
T6C08 027:392.294 JLINK_IsHalted()
T6C08 027:392.988 - 0.693ms returns FALSE
T6C08 027:500.284 JLINK_IsHalted()
T6C08 027:501.076 - 0.791ms returns FALSE
T6C08 027:501.174 JLINK_IsHalted()
T6C08 027:501.988 - 0.812ms returns FALSE
T6C08 027:610.356 JLINK_IsHalted()
T6C08 027:612.100 - 1.741ms returns FALSE
T6C08 027:612.304 JLINK_IsHalted()
T6C08 027:613.168 - 0.864ms returns FALSE
T6C08 027:719.104 JLINK_IsHalted()
T6C08 027:719.770 - 0.666ms returns FALSE
T6C08 027:719.814 JLINK_IsHalted()
T6C08 027:720.448 - 0.634ms returns FALSE
T6C08 027:828.934 JLINK_IsHalted()
T6C08 027:829.636 - 0.700ms returns FALSE
T6C08 027:829.696 JLINK_IsHalted()
T6C08 027:830.268 - 0.571ms returns FALSE
T0C04 027:900.828 JLINK_IsHalted()
T0C04 027:901.606 - 0.776ms returns FALSE
T0C04 027:901.702 JLINK_IsHalted()
T0C04 027:902.404 - 0.702ms returns FALSE
T6C08 027:938.406 JLINK_IsHalted()
T6C08 028:033.430 - 95.022ms returns FALSE
T6C08 028:033.744 JLINK_IsHalted()
T6C08 028:034.672 - 0.925ms returns FALSE
T6C08 028:141.334 JLINK_IsHalted()
T6C08 028:143.228 - 1.893ms returns FALSE
T6C08 028:143.340 JLINK_IsHalted()
T6C08 028:145.546 - 2.204ms returns FALSE
T6C08 028:250.720 JLINK_IsHalted()
T6C08 028:252.016 - 1.292ms returns FALSE
T6C08 028:252.134 JLINK_IsHalted()
T6C08 028:252.912 - 0.774ms returns FALSE
T6C08 028:360.858 JLINK_IsHalted()
T6C08 028:362.506 - 1.646ms returns FALSE
T6C08 028:362.700 JLINK_IsHalted()
T6C08 028:365.244 - 2.541ms returns FALSE
T6C08 028:470.000 JLINK_IsHalted()
T6C08 028:471.644 - 1.650ms returns FALSE
T6C08 028:471.740 JLINK_IsHalted()
T6C08 028:472.502 - 0.760ms returns FALSE
T6C08 028:581.940 JLINK_IsHalted()
T6C08 028:582.756 - 0.815ms returns FALSE
T6C08 028:582.870 JLINK_IsHalted()
T6C08 028:583.818 - 0.944ms returns FALSE
T6C08 028:688.662 JLINK_IsHalted()
T6C08 028:689.424 - 0.759ms returns FALSE
T6C08 028:689.500 JLINK_IsHalted()
T6C08 028:690.220 - 0.718ms returns FALSE
T6C08 028:797.178 JLINK_IsHalted()
T6C08 028:797.994 - 0.815ms returns FALSE
T6C08 028:798.112 JLINK_IsHalted()
T6C08 028:799.014 - 0.901ms returns FALSE
T0C04 028:906.116 JLINK_IsHalted()
T0C04 028:906.982 - 0.864ms returns FALSE
T0C04 028:907.078 JLINK_IsHalted()
T0C04 028:907.818 - 0.739ms returns FALSE
T6C08 028:907.994 JLINK_IsHalted()
T6C08 028:908.768 - 0.775ms returns FALSE
T6C08 028:908.896 JLINK_IsHalted()
T6C08 028:909.734 - 0.822ms returns FALSE
T6C08 029:016.364 JLINK_IsHalted()
T6C08 029:017.114 - 0.748ms returns FALSE
T6C08 029:017.222 JLINK_IsHalted()
T6C08 029:017.978 - 0.753ms returns FALSE
T6C08 029:125.264 JLINK_IsHalted()
T6C08 029:126.518 - 1.255ms returns FALSE
T6C08 029:126.588 JLINK_IsHalted()
T6C08 029:127.274 - 0.675ms returns FALSE
T6C08 029:235.578 JLINK_IsHalted()
T6C08 029:236.396 - 0.818ms returns FALSE
T6C08 029:236.486 JLINK_IsHalted()
T6C08 029:237.196 - 0.710ms returns FALSE
T6C08 029:344.486 JLINK_IsHalted()
T6C08 029:345.156 - 0.667ms returns FALSE
T6C08 029:345.210 JLINK_IsHalted()
T6C08 029:345.834 - 0.623ms returns FALSE
T6C08 029:454.454 JLINK_IsHalted()
T6C08 029:455.188 - 0.734ms returns FALSE
T6C08 029:455.244 JLINK_IsHalted()
T6C08 029:455.792 - 0.548ms returns FALSE
T6C08 029:562.860 JLINK_IsHalted()
T6C08 029:564.356 - 1.495ms returns FALSE
T6C08 029:564.448 JLINK_IsHalted()
T6C08 029:565.100 - 0.650ms returns FALSE
T6C08 029:673.046 JLINK_IsHalted()
T6C08 029:673.788 - 0.741ms returns FALSE
T6C08 029:673.852 JLINK_IsHalted()
T6C08 029:674.420 - 0.567ms returns FALSE
T6C08 029:782.342 JLINK_IsHalted()
T6C08 029:783.012 - 0.665ms returns FALSE
T6C08 029:783.066 JLINK_IsHalted()
T6C08 029:783.708 - 0.641ms returns FALSE
T6C08 029:891.264 JLINK_IsHalted()
T6C08 029:892.566 - 1.301ms returns FALSE
T6C08 029:892.788 JLINK_IsHalted()
T6C08 029:893.876 - 1.082ms returns FALSE
T0C04 029:908.540 JLINK_IsHalted()
T0C04 029:909.292 - 0.749ms returns FALSE
T0C04 029:909.386 JLINK_IsHalted()
T0C04 029:910.090 - 0.702ms returns FALSE
T6C08 030:001.024 JLINK_IsHalted()
T6C08 030:001.776 - 0.751ms returns FALSE
T6C08 030:001.840 JLINK_IsHalted()
T6C08 030:002.512 - 0.671ms returns FALSE
T6C08 030:110.182 JLINK_IsHalted()
T6C08 030:110.970 - 0.785ms returns FALSE
T6C08 030:111.024 JLINK_IsHalted()
T6C08 030:111.580 - 0.557ms returns FALSE
T6C08 030:219.136 JLINK_IsHalted()
T6C08 030:219.782 - 0.647ms returns FALSE
T6C08 030:219.828 JLINK_IsHalted()
T6C08 030:220.416 - 0.586ms returns FALSE
T6C08 030:328.852 JLINK_IsHalted()
T6C08 030:329.532 - 0.680ms returns FALSE
T6C08 030:329.620 JLINK_IsHalted()
T6C08 030:330.244 - 0.625ms returns FALSE
T6C08 030:438.278 JLINK_IsHalted()
T6C08 030:438.940 - 0.663ms returns FALSE
T6C08 030:438.992 JLINK_IsHalted()
T6C08 030:439.546 - 0.551ms returns FALSE
T6C08 030:547.444 JLINK_IsHalted()
T6C08 030:549.172 - 1.727ms returns FALSE
T6C08 030:549.292 JLINK_IsHalted()
T6C08 030:550.804 - 1.509ms returns FALSE
T6C08 030:657.146 JLINK_IsHalted()
T6C08 030:671.332 - 14.186ms returns FALSE
T6C08 030:671.446 JLINK_IsHalted()
T6C08 030:672.460 - 1.010ms returns FALSE
T6C08 030:782.358 JLINK_IsHalted()
T6C08 030:785.434 - 3.087ms returns FALSE
T6C08 030:785.908 JLINK_IsHalted()
T6C08 030:788.156 - 2.249ms returns FALSE
T6C08 030:892.404 JLINK_IsHalted()
T6C08 030:896.068 - 3.656ms returns FALSE
T6C08 030:896.330 JLINK_IsHalted()
T6C08 030:897.238 - 0.908ms returns FALSE
T0C04 030:911.082 JLINK_IsHalted()
T0C04 030:911.958 - 0.876ms returns FALSE
T0C04 030:912.026 JLINK_IsHalted()
T0C04 030:912.634 - 0.607ms returns FALSE
T6C08 031:000.224 JLINK_IsHalted()
T6C08 031:000.960 - 0.733ms returns FALSE
T6C08 031:001.028 JLINK_IsHalted()
T6C08 031:001.620 - 0.593ms returns FALSE
T6C08 031:110.052 JLINK_IsHalted()
T6C08 031:110.854 - 0.802ms returns FALSE
T6C08 031:110.966 JLINK_IsHalted()
T6C08 031:111.866 - 0.898ms returns FALSE
T6C08 031:219.258 JLINK_IsHalted()
T6C08 031:220.080 - 0.820ms returns FALSE
T6C08 031:220.144 JLINK_IsHalted()
T6C08 031:220.826 - 0.681ms returns FALSE
T6C08 031:329.004 JLINK_IsHalted()
T6C08 031:329.648 - 0.640ms returns FALSE
T6C08 031:329.690 JLINK_IsHalted()
T6C08 031:330.250 - 0.560ms returns FALSE
T6C08 031:438.004 JLINK_IsHalted()
T6C08 031:438.900 - 0.895ms returns FALSE
T6C08 031:439.034 JLINK_IsHalted()
T6C08 031:439.770 - 0.736ms returns FALSE
T6C08 031:547.068 JLINK_IsHalted()
T6C08 031:547.732 - 0.659ms returns FALSE
T6C08 031:547.788 JLINK_IsHalted()
T6C08 031:548.388 - 0.599ms returns FALSE
T6C08 031:657.076 JLINK_IsHalted()
T6C08 031:657.792 - 0.717ms returns FALSE
T6C08 031:657.866 JLINK_IsHalted()
T6C08 031:658.516 - 0.646ms returns FALSE
T6C08 031:765.984 JLINK_IsHalted()
T6C08 031:766.710 - 0.725ms returns FALSE
T6C08 031:766.780 JLINK_IsHalted()
T6C08 031:767.396 - 0.615ms returns FALSE
T6C08 031:876.564 JLINK_IsHalted()
T6C08 031:877.248 - 0.685ms returns FALSE
T6C08 031:877.316 JLINK_IsHalted()
T6C08 031:878.028 - 0.712ms returns FALSE
T0C04 031:912.442 JLINK_IsHalted()
T0C04 031:913.136 - 0.693ms returns FALSE
T0C04 031:913.190 JLINK_IsHalted()
T0C04 031:913.852 - 0.661ms returns FALSE
T6C08 031:984.790 JLINK_IsHalted()
T6C08 031:985.520 - 0.729ms returns FALSE
T6C08 031:985.564 JLINK_IsHalted()
T6C08 031:986.202 - 0.634ms returns FALSE
T6C08 032:094.308 JLINK_IsHalted()
T6C08 032:094.964 - 0.655ms returns FALSE
T6C08 032:095.012 JLINK_IsHalted()
T6C08 032:095.622 - 0.612ms returns FALSE
T6C08 032:204.304 JLINK_IsHalted()
T6C08 032:205.094 - 0.792ms returns FALSE
T6C08 032:205.148 JLINK_IsHalted()
T6C08 032:205.772 - 0.623ms returns FALSE
T6C08 032:313.148 JLINK_IsHalted()
T6C08 032:313.818 - 0.671ms returns FALSE
T6C08 032:313.868 JLINK_IsHalted()
T6C08 032:314.432 - 0.563ms returns FALSE
T6C08 032:422.246 JLINK_IsHalted()
T6C08 032:423.018 - 0.769ms returns FALSE
T6C08 032:423.072 JLINK_IsHalted()
T6C08 032:423.686 - 0.614ms returns FALSE
T6C08 032:531.866 JLINK_IsHalted()
T6C08 032:532.528 - 0.660ms returns FALSE
T6C08 032:532.566 JLINK_IsHalted()
T6C08 032:533.148 - 0.582ms returns FALSE
T6C08 032:642.240 JLINK_IsHalted()
T6C08 032:642.948 - 0.705ms returns FALSE
T6C08 032:643.012 JLINK_IsHalted()
T6C08 032:643.628 - 0.615ms returns FALSE
T6C08 032:750.566 JLINK_IsHalted()
T6C08 032:751.280 - 0.710ms returns FALSE
T6C08 032:751.344 JLINK_IsHalted()
T6C08 032:751.978 - 0.633ms returns FALSE
T6C08 032:860.150 JLINK_IsHalted()
T6C08 032:860.874 - 0.723ms returns FALSE
T6C08 032:860.928 JLINK_IsHalted()
T6C08 032:861.584 - 0.654ms returns FALSE
T0C04 032:913.744 JLINK_IsHalted()
T0C04 032:914.800 - 1.057ms returns FALSE
T0C04 032:914.900 JLINK_IsHalted()
T0C04 032:916.144 - 1.242ms returns FALSE
T6C08 032:969.312 JLINK_IsHalted()
T6C08 032:970.122 - 0.808ms returns FALSE
T6C08 032:970.202 JLINK_IsHalted()
T6C08 032:970.876 - 0.676ms returns FALSE
T6C08 033:078.988 JLINK_IsHalted()
T6C08 033:079.744 - 0.755ms returns FALSE
T6C08 033:079.812 JLINK_IsHalted()
T6C08 033:080.490 - 0.677ms returns FALSE
T6C08 033:188.084 JLINK_IsHalted()
T6C08 033:189.034 - 0.948ms returns FALSE
T6C08 033:189.174 JLINK_IsHalted()
T6C08 033:189.916 - 0.739ms returns FALSE
T6C08 033:297.162 JLINK_IsHalted()
T6C08 033:298.092 - 0.931ms returns FALSE
T6C08 033:298.262 JLINK_IsHalted()
T6C08 033:299.014 - 0.752ms returns FALSE
T6C08 033:407.084 JLINK_IsHalted()
T6C08 033:407.776 - 0.690ms returns FALSE
T6C08 033:407.830 JLINK_IsHalted()
T6C08 033:408.522 - 0.691ms returns FALSE
T6C08 033:516.464 JLINK_IsHalted()
T6C08 033:517.254 - 0.788ms returns FALSE
T6C08 033:517.312 JLINK_IsHalted()
T6C08 033:517.898 - 0.583ms returns FALSE
T6C08 033:625.304 JLINK_IsHalted()
T6C08 033:625.992 - 0.692ms returns FALSE
T6C08 033:626.036 JLINK_IsHalted()
T6C08 033:626.652 - 0.615ms returns FALSE
T6C08 033:735.244 JLINK_IsHalted()
T6C08 033:736.032 - 0.786ms returns FALSE
T6C08 033:736.080 JLINK_IsHalted()
T6C08 033:736.712 - 0.633ms returns FALSE
T6C08 034:197.220 JLINK_IsHalted()
T6C08 034:197.976 - 0.760ms returns FALSE
T6C08 034:198.068 JLINK_IsHalted()
T6C08 034:198.708 - 0.640ms returns FALSE
T0C04 034:198.832 JLINK_IsHalted()
T0C04 034:199.588 - 0.752ms returns FALSE
T0C04 034:199.656 JLINK_IsHalted()
T0C04 034:200.432 - 0.775ms returns FALSE
T6B44 034:262.056   JLINK_RTTERMINAL_Control(Cmd = JLINKARM_RTTERMINAL_CMD_START)
T6B44 034:262.152   - 0.101ms returns 0x00
T6B44 034:262.356   JLINK_RTTERMINAL_Read(BufferIndex = 0, BufferSize = 0x00010000)
T6B44 034:262.404   - 0.045ms returns 0
T3680 034:287.752   CPU_ReadMem(4 bytes @ 0xE000ED00)
T3680 034:288.668   CPU_ReadMem(4 bytes @ 0xE000ED08)
T3680 034:289.832   CPU_ReadMem(4 bytes @ 0x00000020)
T3680 034:291.144   CPU_ReadMem(4096 bytes @ 0x20000000)
T6B44 034:339.628   JLINK_RTTERMINAL_Read(BufferIndex = 0, BufferSize = 0x00010000)
T6B44 034:339.712     RTT: Failed to find RTT control block in vector table, trying to find it in RAM.
T6B44 034:339.752     RTT: Search ranges: 0x20000000 - 0x20080000, 0x1FFE0000 - 0x20000000 
T6B44 034:339.796     Periodic RTT: Looking for RTT CB @ 0x20000000 (Range 1/2)
T6B44 034:339.832     RTT: Failed to find RTT control block in RAM.
T6B44 034:339.868   - 0.240ms returns 0
T6C08 034:340.032 JLINK_IsHalted()
T6C08 034:341.048 - 1.013ms returns FALSE
T6C08 034:341.144 JLINK_IsHalted()
T6C08 034:341.920 - 0.777ms returns FALSE
T6B44 034:390.752   JLINK_RTTERMINAL_Read(BufferIndex = 0, BufferSize = 0x00010000)
T6B44 034:390.856   - 0.100ms returns 0
T3680 034:406.688   CPU_ReadMem(4 bytes @ 0xE000ED00)
T3680 034:407.892   CPU_ReadMem(4 bytes @ 0xE000ED08)
T3680 034:409.224   CPU_ReadMem(4 bytes @ 0x00000020)
T3680 034:410.376   CPU_ReadMem(4096 bytes @ 0x20001000)
T6B44 034:458.852   JLINK_RTTERMINAL_Read(BufferIndex = 0, BufferSize = 0x00010000)
T6B44 034:459.004     RTT: Failed to find RTT control block in vector table, trying to find it in RAM.
T6B44 034:459.084     RTT: Search ranges: 0x20000000 - 0x20080000, 0x1FFE0000 - 0x20000000 
T6B44 034:459.168     Periodic RTT: Looking for RTT CB @ 0x20001000 (Range 1/2)
T6B44 034:459.228     RTT: Failed to find RTT control block in RAM.
T6B44 034:459.276   - 0.425ms returns 0
T6C08 034:459.460 JLINK_IsHalted()
T6C08 034:460.196 - 0.736ms returns FALSE
T6C08 034:460.264 JLINK_IsHalted()
T6C08 034:460.984 - 0.719ms returns FALSE
T6B44 034:509.884   JLINK_RTTERMINAL_Read(BufferIndex = 0, BufferSize = 0x00010000)
T6B44 034:510.004   - 0.121ms returns 0
T3680 034:522.872   CPU_ReadMem(4 bytes @ 0xE000ED00)
T3680 034:524.228   CPU_ReadMem(4 bytes @ 0xE000ED08)
T3680 034:525.016   CPU_ReadMem(4 bytes @ 0x00000020)
T3680 034:525.792   CPU_ReadMem(4096 bytes @ 0x20002000)
T6B44 034:574.256   JLINK_RTTERMINAL_Read(BufferIndex = 0, BufferSize = 0x00010000)
T6B44 034:574.328     RTT: Failed to find RTT control block in vector table, trying to find it in RAM.
T6B44 034:574.368     RTT: Search ranges: 0x20000000 - 0x20080000, 0x1FFE0000 - 0x20000000 
T6B44 034:574.404     Periodic RTT: Looking for RTT CB @ 0x20002000 (Range 1/2)
T6B44 034:574.440     RTT: Failed to find RTT control block in RAM.
T6B44 034:574.488   - 0.230ms returns 0
T6C08 034:574.648 JLINK_IsHalted()
T6C08 034:575.668 - 1.015ms returns FALSE
T6C08 034:575.760 JLINK_IsHalted()
T6C08 034:576.820 - 1.059ms returns FALSE
T6B44 034:625.424   JLINK_RTTERMINAL_Read(BufferIndex = 0, BufferSize = 0x00010000)
T6B44 034:625.544   - 0.119ms returns 0
T3680 034:639.656   CPU_ReadMem(4 bytes @ 0xE000ED00)
T3680 034:640.864   CPU_ReadMem(4 bytes @ 0xE000ED08)
T3680 034:642.044   CPU_ReadMem(4 bytes @ 0x00000020)
T3680 034:643.364   CPU_ReadMem(4096 bytes @ 0x20003000)
T6B44 034:691.936   JLINK_RTTERMINAL_Read(BufferIndex = 0, BufferSize = 0x00010000)
T6B44 034:692.020     RTT: Failed to find RTT control block in vector table, trying to find it in RAM.
T6B44 034:692.072     RTT: Search ranges: 0x20000000 - 0x20080000, 0x1FFE0000 - 0x20000000 
T6B44 034:692.136     Periodic RTT: Looking for RTT CB @ 0x20003000 (Range 1/2)
T6B44 034:692.196     RTT: Failed to find RTT control block in RAM.
T6B44 034:692.236   - 0.302ms returns 0
T6C08 034:692.408 JLINK_IsHalted()
T6C08 034:693.424 - 1.016ms returns FALSE
T6C08 034:693.532 JLINK_IsHalted()
T6C08 034:694.736 - 1.201ms returns FALSE
T6B44 034:742.616   JLINK_RTTERMINAL_Read(BufferIndex = 0, BufferSize = 0x00010000)
T6B44 034:742.756   - 0.137ms returns 0
T3680 034:755.300   CPU_ReadMem(4 bytes @ 0xE000ED00)
T3680 034:756.132   CPU_ReadMem(4 bytes @ 0xE000ED08)
T3680 034:757.016   CPU_ReadMem(4 bytes @ 0x00000020)
T3680 034:757.864   CPU_ReadMem(4096 bytes @ 0x20004000)
T6B44 034:806.360   JLINK_RTTERMINAL_Read(BufferIndex = 0, BufferSize = 0x00010000)
T6B44 034:806.476     RTT: Failed to find RTT control block in vector table, trying to find it in RAM.
T6B44 034:806.540     RTT: Search ranges: 0x20000000 - 0x20080000, 0x1FFE0000 - 0x20000000 
T6B44 034:806.616     Periodic RTT: Looking for RTT CB @ 0x20004000 (Range 1/2)
T6B44 034:806.680     RTT: Failed to find RTT control block in RAM.
T6B44 034:806.748   - 0.389ms returns 0
T6C08 034:808.056 JLINK_IsHalted()
T6C08 034:808.952 - 0.896ms returns FALSE
T6C08 034:809.072 JLINK_IsHalted()
T6C08 034:810.124 - 1.050ms returns FALSE
T6B44 034:857.384   JLINK_RTTERMINAL_Read(BufferIndex = 0, BufferSize = 0x00010000)
T6B44 034:857.520   - 0.140ms returns 0
T3680 034:869.936   CPU_ReadMem(4 bytes @ 0xE000ED00)
T3680 034:870.760   CPU_ReadMem(4 bytes @ 0xE000ED08)
T3680 034:871.464   CPU_ReadMem(4 bytes @ 0x00000020)
T3680 034:872.184   CPU_ReadMem(4096 bytes @ 0x20005000)
T6B44 034:920.664   JLINK_RTTERMINAL_Read(BufferIndex = 0, BufferSize = 0x00010000)
T6B44 034:920.748     RTT: Failed to find RTT control block in vector table, trying to find it in RAM.
T6B44 034:920.792     RTT: Search ranges: 0x20000000 - 0x20080000, 0x1FFE0000 - 0x20000000 
T6B44 034:920.836     Periodic RTT: Looking for RTT CB @ 0x20005000 (Range 1/2)
T6B44 034:920.872     RTT: Failed to find RTT control block in RAM.
T6B44 034:920.912   - 0.248ms returns 0
T6C08 034:921.080 JLINK_IsHalted()
T6C08 034:922.024 - 0.945ms returns FALSE
T6C08 034:922.140 JLINK_IsHalted()
T6C08 034:923.260 - 1.119ms returns FALSE
T6B44 034:972.640   JLINK_RTTERMINAL_Read(BufferIndex = 0, BufferSize = 0x00010000)
T6B44 034:972.844   - 0.205ms returns 0
T3680 034:985.232   CPU_ReadMem(4 bytes @ 0xE000ED00)
T3680 034:986.388   CPU_ReadMem(4 bytes @ 0xE000ED08)
T3680 034:987.536   CPU_ReadMem(4 bytes @ 0x00000020)
T3680 034:988.488   CPU_ReadMem(4096 bytes @ 0x20006000)
T6B44 035:037.076   JLINK_RTTERMINAL_Read(BufferIndex = 0, BufferSize = 0x00010000)
T6B44 035:037.192     RTT: Failed to find RTT control block in vector table, trying to find it in RAM.
T6B44 035:037.256     RTT: Search ranges: 0x20000000 - 0x20080000, 0x1FFE0000 - 0x20000000 
T6B44 035:037.312     Periodic RTT: Looking for RTT CB @ 0x20006000 (Range 1/2)
T6B44 035:037.368     RTT: Failed to find RTT control block in RAM.
T6B44 035:037.440   - 0.364ms returns 0
T6C08 035:037.664 JLINK_IsHalted()
T6C08 035:038.724 - 1.057ms returns FALSE
T6C08 035:038.856 JLINK_IsHalted()
T6C08 035:039.872 - 1.014ms returns FALSE
T6B44 035:088.020   JLINK_RTTERMINAL_Read(BufferIndex = 0, BufferSize = 0x00010000)
T6B44 035:088.136   - 0.115ms returns 0
T3680 035:099.252   CPU_ReadMem(4 bytes @ 0xE000ED00)
T3680 035:100.136   CPU_ReadMem(4 bytes @ 0xE000ED08)
T3680 035:100.984   CPU_ReadMem(4 bytes @ 0x00000020)
T3680 035:101.920   CPU_ReadMem(4096 bytes @ 0x20007000)
T6B44 035:151.476   JLINK_RTTERMINAL_Read(BufferIndex = 0, BufferSize = 0x00010000)
T6B44 035:151.772     RTT: Failed to find RTT control block in vector table, trying to find it in RAM.
T6B44 035:151.860     RTT: Search ranges: 0x20000000 - 0x20080000, 0x1FFE0000 - 0x20000000 
T6B44 035:151.936     Periodic RTT: Looking for RTT CB @ 0x20007000 (Range 1/2)
T6B44 035:152.004     RTT: Failed to find RTT control block in RAM.
T6B44 035:152.088   - 0.613ms returns 0
T6C08 035:152.556 JLINK_IsHalted()
T6C08 035:154.432 - 1.871ms returns FALSE
T6C08 035:154.744 JLINK_IsHalted()
T6C08 035:156.404 - 1.656ms returns FALSE
T0C04 035:200.824 JLINK_IsHalted()
T0C04 035:201.692 - 0.869ms returns FALSE
T0C04 035:201.760 JLINK_IsHalted()
T0C04 035:202.712 - 0.950ms returns FALSE
T6B44 035:202.836   JLINK_RTTERMINAL_Read(BufferIndex = 0, BufferSize = 0x00010000)
T6B44 035:202.908   - 0.074ms returns 0
T3680 035:215.964   CPU_ReadMem(4 bytes @ 0xE000ED00)
T3680 035:217.140   CPU_ReadMem(4 bytes @ 0xE000ED08)
T3680 035:218.184   CPU_ReadMem(4 bytes @ 0x00000020)
T3680 035:219.308   CPU_ReadMem(4096 bytes @ 0x20008000)
T6B44 035:267.900   JLINK_RTTERMINAL_Read(BufferIndex = 0, BufferSize = 0x00010000)
T6B44 035:267.992     RTT: Failed to find RTT control block in vector table, trying to find it in RAM.
T6B44 035:268.024     RTT: Search ranges: 0x20000000 - 0x20080000, 0x1FFE0000 - 0x20000000 
T6B44 035:268.064     Periodic RTT: Looking for RTT CB @ 0x20008000 (Range 1/2)
T6B44 035:268.100     RTT: Failed to find RTT control block in RAM.
T6B44 035:268.136   - 0.232ms returns 0
T6C08 035:268.316 JLINK_IsHalted()
T6C08 035:269.032 - 0.714ms returns FALSE
T6C08 035:269.088 JLINK_IsHalted()
T6C08 035:269.720 - 0.631ms returns FALSE
T6B44 035:318.856   JLINK_RTTERMINAL_Read(BufferIndex = 0, BufferSize = 0x00010000)
T6B44 035:318.952   - 0.100ms returns 0
T3680 035:330.464   CPU_ReadMem(4 bytes @ 0xE000ED00)
T3680 035:331.624   CPU_ReadMem(4 bytes @ 0xE000ED08)
T3680 035:332.580   CPU_ReadMem(4 bytes @ 0x00000020)
T3680 035:333.448   CPU_ReadMem(4096 bytes @ 0x20009000)
T6B44 035:381.956   JLINK_RTTERMINAL_Read(BufferIndex = 0, BufferSize = 0x00010000)
T6B44 035:382.060     RTT: Failed to find RTT control block in vector table, trying to find it in RAM.
T6B44 035:382.132     RTT: Search ranges: 0x20000000 - 0x20080000, 0x1FFE0000 - 0x20000000 
T6B44 035:382.188     Periodic RTT: Looking for RTT CB @ 0x20009000 (Range 1/2)
T6B44 035:382.248     RTT: Failed to find RTT control block in RAM.
T6B44 035:382.312   - 0.358ms returns 0
T6C08 035:382.540 JLINK_IsHalted()
T6C08 035:383.336 - 0.794ms returns FALSE
T6C08 035:383.480 JLINK_IsHalted()
T6C08 035:384.220 - 0.736ms returns FALSE
T6B44 035:433.600   JLINK_RTTERMINAL_Read(BufferIndex = 0, BufferSize = 0x00010000)
T6B44 035:433.696   - 0.096ms returns 0
T3680 035:443.624   CPU_ReadMem(4 bytes @ 0xE000ED00)
T3680 035:444.440   CPU_ReadMem(4 bytes @ 0xE000ED08)
T3680 035:445.204   CPU_ReadMem(4 bytes @ 0x00000020)
T3680 035:445.984   CPU_ReadMem(4096 bytes @ 0x2000A000)
T6B44 035:494.452   JLINK_RTTERMINAL_Read(BufferIndex = 0, BufferSize = 0x00010000)
T6B44 035:494.552     RTT: Failed to find RTT control block in vector table, trying to find it in RAM.
T6B44 035:494.604     RTT: Search ranges: 0x20000000 - 0x20080000, 0x1FFE0000 - 0x20000000 
T6B44 035:494.664     Periodic RTT: Looking for RTT CB @ 0x2000A000 (Range 1/2)
T6B44 035:494.716     RTT: Failed to find RTT control block in RAM.
T6B44 035:494.768   - 0.317ms returns 0
T6C08 035:494.972 JLINK_IsHalted()
T6C08 035:495.856 - 0.881ms returns FALSE
T6C08 035:495.980 JLINK_IsHalted()
T6C08 035:496.804 - 0.820ms returns FALSE
T6B44 035:545.348   JLINK_RTTERMINAL_Read(BufferIndex = 0, BufferSize = 0x00010000)
T6B44 035:545.476   - 0.126ms returns 0
T3680 035:556.920   CPU_ReadMem(4 bytes @ 0xE000ED00)
T3680 035:557.612   CPU_ReadMem(4 bytes @ 0xE000ED08)
T3680 035:558.232   CPU_ReadMem(4 bytes @ 0x00000020)
T3680 035:558.848   CPU_ReadMem(4096 bytes @ 0x2000B000)
T6B44 035:607.216   JLINK_RTTERMINAL_Read(BufferIndex = 0, BufferSize = 0x00010000)
T6B44 035:607.296     RTT: Failed to find RTT control block in vector table, trying to find it in RAM.
T6B44 035:607.336     RTT: Search ranges: 0x20000000 - 0x20080000, 0x1FFE0000 - 0x20000000 
T6B44 035:607.388     Periodic RTT: Looking for RTT CB @ 0x2000B000 (Range 1/2)
T6B44 035:607.424     RTT: Failed to find RTT control block in RAM.
T6B44 035:607.464   - 0.246ms returns 0
T6C08 035:607.628 JLINK_IsHalted()
T6C08 035:608.776 - 1.145ms returns FALSE
T6C08 035:608.880 JLINK_IsHalted()
T6C08 035:609.928 - 1.049ms returns FALSE
T6B44 035:658.772   JLINK_RTTERMINAL_Read(BufferIndex = 0, BufferSize = 0x00010000)
T6B44 035:658.900   - 0.127ms returns 0
T3680 035:670.676   CPU_ReadMem(4 bytes @ 0xE000ED00)
T3680 035:671.456   CPU_ReadMem(4 bytes @ 0xE000ED08)
T3680 035:672.172   CPU_ReadMem(4 bytes @ 0x00000020)
T3680 035:672.880   CPU_ReadMem(4096 bytes @ 0x2000C000)
T6B44 035:721.316   JLINK_RTTERMINAL_Read(BufferIndex = 0, BufferSize = 0x00010000)
T6B44 035:721.420     RTT: Failed to find RTT control block in vector table, trying to find it in RAM.
T6B44 035:721.484     RTT: Search ranges: 0x20000000 - 0x20080000, 0x1FFE0000 - 0x20000000 
T6B44 035:721.536     Periodic RTT: Looking for RTT CB @ 0x2000C000 (Range 1/2)
T6B44 035:721.584     RTT: Failed to find RTT control block in RAM.
T6B44 035:721.628   - 0.314ms returns 0
T6C08 035:721.760 JLINK_IsHalted()
T6C08 035:722.412 - 0.654ms returns FALSE
T6C08 035:722.472 JLINK_IsHalted()
T6C08 035:723.116 - 0.642ms returns FALSE
T6B44 035:772.508   JLINK_RTTERMINAL_Read(BufferIndex = 0, BufferSize = 0x00010000)
T6B44 035:772.592   - 0.083ms returns 0
T3680 035:782.484   CPU_ReadMem(4 bytes @ 0xE000ED00)
T3680 035:783.280   CPU_ReadMem(4 bytes @ 0xE000ED08)
T3680 035:783.976   CPU_ReadMem(4 bytes @ 0x00000020)
T3680 035:784.680   CPU_ReadMem(4096 bytes @ 0x2000D000)
T6B44 035:833.100   JLINK_RTTERMINAL_Read(BufferIndex = 0, BufferSize = 0x00010000)
T6B44 035:833.168     RTT: Failed to find RTT control block in vector table, trying to find it in RAM.
T6B44 035:833.204     RTT: Search ranges: 0x20000000 - 0x20080000, 0x1FFE0000 - 0x20000000 
T6B44 035:833.236     Periodic RTT: Looking for RTT CB @ 0x2000D000 (Range 1/2)
T6B44 035:833.272     RTT: Failed to find RTT control block in RAM.
T6B44 035:833.312   - 0.211ms returns 0
T6C08 035:834.248 JLINK_IsHalted()
T6C08 035:834.884 - 0.633ms returns FALSE
T6C08 035:834.936 JLINK_IsHalted()
T6C08 035:835.588 - 0.649ms returns FALSE
T6B44 035:884.728   JLINK_RTTERMINAL_Read(BufferIndex = 0, BufferSize = 0x00010000)
T6B44 035:884.800   - 0.074ms returns 0
T3680 035:896.664   CPU_ReadMem(4 bytes @ 0xE000ED00)
T3680 035:897.904   CPU_ReadMem(4 bytes @ 0xE000ED08)
T3680 035:898.732   CPU_ReadMem(4 bytes @ 0x00000020)
T3680 035:899.524   CPU_ReadMem(4096 bytes @ 0x2000E000)
T6B44 035:948.184   JLINK_RTTERMINAL_Read(BufferIndex = 0, BufferSize = 0x00010000)
T6B44 035:948.256     RTT: Failed to find RTT control block in vector table, trying to find it in RAM.
T6B44 035:948.308     RTT: Search ranges: 0x20000000 - 0x20080000, 0x1FFE0000 - 0x20000000 
T6B44 035:948.344     Periodic RTT: Looking for RTT CB @ 0x2000E000 (Range 1/2)
T6B44 035:948.380     RTT: Failed to find RTT control block in RAM.
T6B44 035:948.424   - 0.239ms returns 0
T6C08 035:948.588 JLINK_IsHalted()
T6C08 035:949.240 - 0.652ms returns FALSE
T6C08 035:949.300 JLINK_IsHalted()
T6C08 035:950.304 - 1.003ms returns FALSE
T6B44 035:998.916   JLINK_RTTERMINAL_Read(BufferIndex = 0, BufferSize = 0x00010000)
T6B44 035:999.116   - 0.200ms returns 0
T3680 036:010.644   CPU_ReadMem(4 bytes @ 0xE000ED00)
T3680 036:011.736   CPU_ReadMem(4 bytes @ 0xE000ED08)
T3680 036:012.872   CPU_ReadMem(4 bytes @ 0x00000020)
T3680 036:013.872   CPU_ReadMem(4096 bytes @ 0x2000F000)
T6B44 036:062.412   JLINK_RTTERMINAL_Read(BufferIndex = 0, BufferSize = 0x00010000)
T6B44 036:062.500     RTT: Failed to find RTT control block in vector table, trying to find it in RAM.
T6B44 036:062.536     RTT: Search ranges: 0x20000000 - 0x20080000, 0x1FFE0000 - 0x20000000 
T6B44 036:062.572     Periodic RTT: Looking for RTT CB @ 0x2000F000 (Range 1/2)
T6B44 036:062.612     RTT: Failed to find RTT control block in RAM.
T6B44 036:062.648   - 0.236ms returns 0
T6C08 036:062.808 JLINK_IsHalted()
T6C08 036:063.456 - 0.646ms returns FALSE
T6C08 036:063.520 JLINK_IsHalted()
T6C08 036:064.160 - 0.641ms returns FALSE
T6B44 036:113.704   JLINK_RTTERMINAL_Read(BufferIndex = 0, BufferSize = 0x00010000)
T6B44 036:113.824   - 0.123ms returns 0
T3680 036:125.668   CPU_ReadMem(4 bytes @ 0xE000ED00)
T3680 036:126.952   CPU_ReadMem(4 bytes @ 0xE000ED08)
T3680 036:127.880   CPU_ReadMem(4 bytes @ 0x00000020)
T3680 036:128.748   CPU_ReadMem(4096 bytes @ 0x20010000)
T6B44 036:177.240   JLINK_RTTERMINAL_Read(BufferIndex = 0, BufferSize = 0x00010000)
T6B44 036:177.364     RTT: Failed to find RTT control block in vector table, trying to find it in RAM.
T6B44 036:177.420     RTT: Search ranges: 0x20000000 - 0x20080000, 0x1FFE0000 - 0x20000000 
T6B44 036:177.476     Periodic RTT: Looking for RTT CB @ 0x20010000 (Range 1/2)
T6B44 036:177.540     RTT: Failed to find RTT control block in RAM.
T6B44 036:177.592   - 0.353ms returns 0
T6C08 036:177.780 JLINK_IsHalted()
T6C08 036:178.524 - 0.745ms returns FALSE
T6C08 036:178.596 JLINK_IsHalted()
T6C08 036:179.352 - 0.756ms returns FALSE
T0C04 036:204.188 JLINK_IsHalted()
T0C04 036:205.128 - 0.939ms returns FALSE
T0C04 036:205.248 JLINK_IsHalted()
T0C04 036:206.300 - 1.052ms returns FALSE
T6B44 036:228.660   JLINK_RTTERMINAL_Read(BufferIndex = 0, BufferSize = 0x00010000)
T6B44 036:228.792   - 0.134ms returns 0
T3680 036:240.620   CPU_ReadMem(4 bytes @ 0xE000ED00)
T3680 036:241.864   CPU_ReadMem(4 bytes @ 0xE000ED08)
T3680 036:243.044   CPU_ReadMem(4 bytes @ 0x00000020)
T3680 036:244.328   CPU_ReadMem(4096 bytes @ 0x20011000)
T6C08 036:293.784 JLINK_IsHalted()
T6C08 036:294.464 - 0.679ms returns FALSE
T6B44 036:294.512   JLINK_RTTERMINAL_Read(BufferIndex = 0, BufferSize = 0x00010000)
T6B44 036:294.552     RTT: Failed to find RTT control block in vector table, trying to find it in RAM.
T6B44 036:294.588     RTT: Search ranges: 0x20000000 - 0x20080000, 0x1FFE0000 - 0x20000000 
T6B44 036:294.620     Periodic RTT: Looking for RTT CB @ 0x20011000 (Range 1/2)
T6B44 036:294.648     RTT: Failed to find RTT control block in RAM.
T6B44 036:294.684   - 0.173ms returns 0
T6C08 036:294.808 JLINK_IsHalted()
T6C08 036:295.800 - 0.994ms returns FALSE
T6B44 036:345.176   JLINK_RTTERMINAL_Read(BufferIndex = 0, BufferSize = 0x00010000)
T6B44 036:345.288   - 0.113ms returns 0
T3680 036:355.792   CPU_ReadMem(4 bytes @ 0xE000ED00)
T3680 036:356.780   CPU_ReadMem(4 bytes @ 0xE000ED08)
T3680 036:357.600   CPU_ReadMem(4 bytes @ 0x00000020)
T3680 036:358.428   CPU_ReadMem(4096 bytes @ 0x20012000)
T6B44 036:410.600   JLINK_RTTERMINAL_Read(BufferIndex = 0, BufferSize = 0x00010000)
T6B44 036:410.812     RTT: Failed to find RTT control block in vector table, trying to find it in RAM.
T6B44 036:410.952     RTT: Search ranges: 0x20000000 - 0x20080000, 0x1FFE0000 - 0x20000000 
T6B44 036:411.096     Periodic RTT: Looking for RTT CB @ 0x20012000 (Range 1/2)
T6B44 036:411.200     RTT: Failed to find RTT control block in RAM.
T6B44 036:411.316   - 0.716ms returns 0
T6C08 036:411.708 JLINK_IsHalted()
T6C08 036:412.736 - 1.024ms returns FALSE
T6C08 036:412.952 JLINK_IsHalted()
T6C08 036:414.024 - 1.066ms returns FALSE
T6B44 036:462.408   JLINK_RTTERMINAL_Read(BufferIndex = 0, BufferSize = 0x00010000)
T6B44 036:462.868   - 0.459ms returns 0
T3680 036:474.888   CPU_ReadMem(4 bytes @ 0xE000ED00)
T3680 036:476.160   CPU_ReadMem(4 bytes @ 0xE000ED08)
T3680 036:477.424   CPU_ReadMem(4 bytes @ 0x00000020)
T3680 036:478.708   CPU_ReadMem(4096 bytes @ 0x20013000)
T6B44 036:527.660   JLINK_RTTERMINAL_Read(BufferIndex = 0, BufferSize = 0x00010000)
T6B44 036:527.832     RTT: Failed to find RTT control block in vector table, trying to find it in RAM.
T6B44 036:527.928     RTT: Search ranges: 0x20000000 - 0x20080000, 0x1FFE0000 - 0x20000000 
T6B44 036:528.028     Periodic RTT: Looking for RTT CB @ 0x20013000 (Range 1/2)
T6B44 036:528.132     RTT: Failed to find RTT control block in RAM.
T6B44 036:528.232   - 0.571ms returns 0
T6C08 036:528.552 JLINK_IsHalted()
T6C08 036:529.740 - 1.190ms returns FALSE
T6C08 036:529.948 JLINK_IsHalted()
T6C08 036:531.100 - 1.150ms returns FALSE
T6B44 036:579.640   JLINK_RTTERMINAL_Read(BufferIndex = 0, BufferSize = 0x00010000)
T6B44 036:579.712   - 0.073ms returns 0
T3680 036:588.844   CPU_ReadMem(4 bytes @ 0xE000ED00)
T3680 036:589.720   CPU_ReadMem(4 bytes @ 0xE000ED08)
T3680 036:590.536   CPU_ReadMem(4 bytes @ 0x00000020)
T3680 036:591.300   CPU_ReadMem(4096 bytes @ 0x20014000)
T6B44 036:639.840   JLINK_RTTERMINAL_Read(BufferIndex = 0, BufferSize = 0x00010000)
T6B44 036:640.008     RTT: Failed to find RTT control block in vector table, trying to find it in RAM.
T6B44 036:640.116     RTT: Search ranges: 0x20000000 - 0x20080000, 0x1FFE0000 - 0x20000000 
T6B44 036:640.216     Periodic RTT: Looking for RTT CB @ 0x20014000 (Range 1/2)
T6B44 036:640.308     RTT: Failed to find RTT control block in RAM.
T6B44 036:640.416   - 0.577ms returns 0
T6C08 036:640.704 JLINK_IsHalted()
T6C08 036:641.820 - 1.112ms returns FALSE
T6C08 036:642.020 JLINK_IsHalted()
T6C08 036:643.256 - 1.235ms returns FALSE
T6B44 036:691.448   JLINK_RTTERMINAL_Read(BufferIndex = 0, BufferSize = 0x00010000)
T6B44 036:691.592   - 0.143ms returns 0
T3680 036:703.724   CPU_ReadMem(4 bytes @ 0xE000ED00)
T3680 036:704.656   CPU_ReadMem(4 bytes @ 0xE000ED08)
T3680 036:705.768   CPU_ReadMem(4 bytes @ 0x00000020)
T3680 036:707.064   CPU_ReadMem(4096 bytes @ 0x20015000)
T6B44 036:755.736   JLINK_RTTERMINAL_Read(BufferIndex = 0, BufferSize = 0x00010000)
T6B44 036:755.860     RTT: Failed to find RTT control block in vector table, trying to find it in RAM.
T6B44 036:755.912     RTT: Search ranges: 0x20000000 - 0x20080000, 0x1FFE0000 - 0x20000000 
T6B44 036:755.968     Periodic RTT: Looking for RTT CB @ 0x20015000 (Range 1/2)
T6B44 036:756.032     RTT: Failed to find RTT control block in RAM.
T6B44 036:756.088   - 0.352ms returns 0
T6C08 036:756.284 JLINK_IsHalted()
T6C08 036:757.128 - 0.843ms returns FALSE
T6C08 036:757.268 JLINK_IsHalted()
T6C08 036:758.360 - 1.095ms returns FALSE
T6B44 036:807.728   JLINK_RTTERMINAL_Read(BufferIndex = 0, BufferSize = 0x00010000)
T6B44 036:807.876   - 0.146ms returns 0
T3680 036:817.776   CPU_ReadMem(4 bytes @ 0xE000ED00)
T3680 036:818.784   CPU_ReadMem(4 bytes @ 0xE000ED08)
T3680 036:819.612   CPU_ReadMem(4 bytes @ 0x00000020)
T3680 036:820.444   CPU_ReadMem(4096 bytes @ 0x20016000)
T6B44 036:868.948   JLINK_RTTERMINAL_Read(BufferIndex = 0, BufferSize = 0x00010000)
T6B44 036:869.060     RTT: Failed to find RTT control block in vector table, trying to find it in RAM.
T6B44 036:869.128     RTT: Search ranges: 0x20000000 - 0x20080000, 0x1FFE0000 - 0x20000000 
T6B44 036:869.196     Periodic RTT: Looking for RTT CB @ 0x20016000 (Range 1/2)
T6B44 036:869.272     RTT: Failed to find RTT control block in RAM.
T6B44 036:869.332   - 0.386ms returns 0
T6C08 036:870.696 JLINK_IsHalted()
T6C08 036:871.792 - 1.098ms returns FALSE
T6C08 036:871.932 JLINK_IsHalted()
T6C08 036:872.996 - 1.061ms returns FALSE
T6B44 036:920.788   JLINK_RTTERMINAL_Read(BufferIndex = 0, BufferSize = 0x00010000)
T6B44 036:920.900   - 0.110ms returns 0
T3680 036:932.676   CPU_ReadMem(4 bytes @ 0xE000ED00)
T3680 036:933.504   CPU_ReadMem(4 bytes @ 0xE000ED08)
T3680 036:934.732   CPU_ReadMem(4 bytes @ 0x00000020)
T3680 036:935.876   CPU_ReadMem(4096 bytes @ 0x20017000)
T6B44 036:984.472   JLINK_RTTERMINAL_Read(BufferIndex = 0, BufferSize = 0x00010000)
T6B44 036:984.556     RTT: Failed to find RTT control block in vector table, trying to find it in RAM.
T6B44 036:984.600     RTT: Search ranges: 0x20000000 - 0x20080000, 0x1FFE0000 - 0x20000000 
T6B44 036:984.636     Periodic RTT: Looking for RTT CB @ 0x20017000 (Range 1/2)
T6B44 036:984.676     RTT: Failed to find RTT control block in RAM.
T6B44 036:984.716   - 0.245ms returns 0
T6C08 036:984.900 JLINK_IsHalted()
T6C08 036:985.880 - 0.980ms returns FALSE
T6C08 036:985.976 JLINK_IsHalted()
T6C08 036:986.744 - 0.768ms returns FALSE
T6B44 037:036.192   JLINK_RTTERMINAL_Read(BufferIndex = 0, BufferSize = 0x00010000)
T6B44 037:036.316   - 0.124ms returns 0
T3680 037:046.496   CPU_ReadMem(4 bytes @ 0xE000ED00)
T3680 037:047.992   CPU_ReadMem(4 bytes @ 0xE000ED08)
T3680 037:049.232   CPU_ReadMem(4 bytes @ 0x00000020)
T3680 037:050.184   CPU_ReadMem(4096 bytes @ 0x20018000)
T6B44 037:098.712   JLINK_RTTERMINAL_Read(BufferIndex = 0, BufferSize = 0x00010000)
T6B44 037:098.856     RTT: Failed to find RTT control block in vector table, trying to find it in RAM.
T6B44 037:098.940     RTT: Search ranges: 0x20000000 - 0x20080000, 0x1FFE0000 - 0x20000000 
T6B44 037:099.044     Periodic RTT: Looking for RTT CB @ 0x20018000 (Range 1/2)
T6B44 037:099.128     RTT: Failed to find RTT control block in RAM.
T6B44 037:099.220   - 0.507ms returns 0
T6C08 037:099.432 JLINK_IsHalted()
T6C08 037:100.336 - 0.902ms returns FALSE
T6C08 037:100.420 JLINK_IsHalted()
T6C08 037:101.500 - 1.081ms returns FALSE
T6B44 037:149.984   JLINK_RTTERMINAL_Read(BufferIndex = 0, BufferSize = 0x00010000)
T6B44 037:150.092   - 0.110ms returns 0
T3680 037:162.064   CPU_ReadMem(4 bytes @ 0xE000ED00)
T3680 037:163.412   CPU_ReadMem(4 bytes @ 0xE000ED08)
T3680 037:164.712   CPU_ReadMem(4 bytes @ 0x00000020)
T3680 037:165.572   CPU_ReadMem(4096 bytes @ 0x20019000)
T6B44 037:214.108   JLINK_RTTERMINAL_Read(BufferIndex = 0, BufferSize = 0x00010000)
T6B44 037:214.232     RTT: Failed to find RTT control block in vector table, trying to find it in RAM.
T6B44 037:214.312     RTT: Search ranges: 0x20000000 - 0x20080000, 0x1FFE0000 - 0x20000000 
T6B44 037:214.392     Periodic RTT: Looking for RTT CB @ 0x20019000 (Range 1/2)
T6B44 037:214.480     RTT: Failed to find RTT control block in RAM.
T6B44 037:214.572   - 0.465ms returns 0
T6C08 037:214.840 JLINK_IsHalted()
T6C08 037:215.912 - 1.067ms returns FALSE
T6C08 037:216.084 JLINK_IsHalted()
T6C08 037:217.224 - 1.137ms returns FALSE
T0C04 037:217.604 JLINK_IsHalted()
T0C04 037:218.464 - 0.860ms returns FALSE
T0C04 037:218.632 JLINK_IsHalted()
T0C04 037:219.468 - 0.837ms returns FALSE
T6B44 037:265.668   JLINK_RTTERMINAL_Read(BufferIndex = 0, BufferSize = 0x00010000)
T6B44 037:265.880   - 0.215ms returns 0
T3680 037:278.488   CPU_ReadMem(4 bytes @ 0xE000ED00)
T3680 037:279.492   CPU_ReadMem(4 bytes @ 0xE000ED08)
T3680 037:280.344   CPU_ReadMem(4 bytes @ 0x00000020)
T3680 037:281.240   CPU_ReadMem(4096 bytes @ 0x2001A000)
T6B44 037:330.072   JLINK_RTTERMINAL_Read(BufferIndex = 0, BufferSize = 0x00010000)
T6B44 037:330.188     RTT: Failed to find RTT control block in vector table, trying to find it in RAM.
T6B44 037:330.252     RTT: Search ranges: 0x20000000 - 0x20080000, 0x1FFE0000 - 0x20000000 
T6B44 037:330.312     Periodic RTT: Looking for RTT CB @ 0x2001A000 (Range 1/2)
T6B44 037:330.396     RTT: Failed to find RTT control block in RAM.
T6B44 037:330.464   - 0.393ms returns 0
T6C08 037:330.668 JLINK_IsHalted()
T6C08 037:331.520 - 0.850ms returns FALSE
T6C08 037:331.624 JLINK_IsHalted()
T6C08 037:332.288 - 0.662ms returns FALSE
T6B44 037:381.264   JLINK_RTTERMINAL_Read(BufferIndex = 0, BufferSize = 0x00010000)
T6B44 037:381.404   - 0.139ms returns 0
T3680 037:392.712   CPU_ReadMem(4 bytes @ 0xE000ED00)
T3680 037:393.656   CPU_ReadMem(4 bytes @ 0xE000ED08)
T3680 037:394.864   CPU_ReadMem(4 bytes @ 0x00000020)
T3680 037:396.084   CPU_ReadMem(4096 bytes @ 0x2001B000)
T6B44 037:444.760   JLINK_RTTERMINAL_Read(BufferIndex = 0, BufferSize = 0x00010000)
T6B44 037:444.860     RTT: Failed to find RTT control block in vector table, trying to find it in RAM.
T6B44 037:444.908     RTT: Search ranges: 0x20000000 - 0x20080000, 0x1FFE0000 - 0x20000000 
T6B44 037:444.952     Periodic RTT: Looking for RTT CB @ 0x2001B000 (Range 1/2)
T6B44 037:444.996     RTT: Failed to find RTT control block in RAM.
T6B44 037:445.040   - 0.281ms returns 0
T6C08 037:445.208 JLINK_IsHalted()
T6C08 037:446.168 - 0.959ms returns FALSE
T6C08 037:446.276 JLINK_IsHalted()
T6C08 037:447.288 - 1.010ms returns FALSE
T6B44 037:496.392   JLINK_RTTERMINAL_Read(BufferIndex = 0, BufferSize = 0x00010000)
T6B44 037:496.480   - 0.088ms returns 0
T3680 037:507.712   CPU_ReadMem(4 bytes @ 0xE000ED00)
T3680 037:508.596   CPU_ReadMem(4 bytes @ 0xE000ED08)
T3680 037:509.640   CPU_ReadMem(4 bytes @ 0x00000020)
T3680 037:510.796   CPU_ReadMem(4096 bytes @ 0x2001C000)
T6B44 037:559.332   JLINK_RTTERMINAL_Read(BufferIndex = 0, BufferSize = 0x00010000)
T6B44 037:559.428     RTT: Failed to find RTT control block in vector table, trying to find it in RAM.
T6B44 037:559.480     RTT: Search ranges: 0x20000000 - 0x20080000, 0x1FFE0000 - 0x20000000 
T6B44 037:559.536     Periodic RTT: Looking for RTT CB @ 0x2001C000 (Range 1/2)
T6B44 037:559.588     RTT: Failed to find RTT control block in RAM.
T6B44 037:559.640   - 0.308ms returns 0
T6C08 037:559.808 JLINK_IsHalted()
T6C08 037:560.536 - 0.723ms returns FALSE
T6C08 037:560.584 JLINK_IsHalted()
T6C08 037:561.192 - 0.606ms returns FALSE
T6B44 037:611.180   JLINK_RTTERMINAL_Read(BufferIndex = 0, BufferSize = 0x00010000)
T6B44 037:611.484   - 0.304ms returns 0
T3680 037:623.496   CPU_ReadMem(4 bytes @ 0xE000ED00)
T3680 037:624.532   CPU_ReadMem(4 bytes @ 0xE000ED08)
T3680 037:625.500   CPU_ReadMem(4 bytes @ 0x00000020)
T3680 037:626.372   CPU_ReadMem(4096 bytes @ 0x2001D000)
T6B44 037:678.428   JLINK_RTTERMINAL_Read(BufferIndex = 0, BufferSize = 0x00010000)
T6B44 037:678.624     RTT: Failed to find RTT control block in vector table, trying to find it in RAM.
T6B44 037:678.688     RTT: Search ranges: 0x20000000 - 0x20080000, 0x1FFE0000 - 0x20000000 
T6B44 037:678.752     Periodic RTT: Looking for RTT CB @ 0x2001D000 (Range 1/2)
T6B44 037:678.812     RTT: Failed to find RTT control block in RAM.
T6B44 037:678.872   - 0.446ms returns 0
T6C08 037:679.052 JLINK_IsHalted()
T6C08 037:679.848 - 0.795ms returns FALSE
T6C08 037:679.960 JLINK_IsHalted()
T6C08 037:681.144 - 1.184ms returns FALSE
T6B44 037:729.968   JLINK_RTTERMINAL_Read(BufferIndex = 0, BufferSize = 0x00010000)
T6B44 037:730.088   - 0.119ms returns 0
T3680 037:752.904   CPU_ReadMem(4 bytes @ 0xE000ED00)
T3680 037:753.864   CPU_ReadMem(4 bytes @ 0xE000ED08)
T3680 037:755.016   CPU_ReadMem(4 bytes @ 0x00000020)
T3680 037:756.160   CPU_ReadMem(4096 bytes @ 0x2001E000)
T6B44 037:804.776   JLINK_RTTERMINAL_Read(BufferIndex = 0, BufferSize = 0x00010000)
T6B44 037:804.864     RTT: Failed to find RTT control block in vector table, trying to find it in RAM.
T6B44 037:804.916     RTT: Search ranges: 0x20000000 - 0x20080000, 0x1FFE0000 - 0x20000000 
T6B44 037:804.960     Periodic RTT: Looking for RTT CB @ 0x2001E000 (Range 1/2)
T6B44 037:805.008     RTT: Failed to find RTT control block in RAM.
T6B44 037:805.060   - 0.282ms returns 0
T6C08 037:805.252 JLINK_IsHalted()
T6C08 037:806.268 - 1.015ms returns FALSE
T6C08 037:806.388 JLINK_IsHalted()
T6C08 037:807.624 - 1.232ms returns FALSE
T6B44 037:855.592   JLINK_RTTERMINAL_Read(BufferIndex = 0, BufferSize = 0x00010000)
T6B44 037:855.740   - 0.153ms returns 0
T3680 037:867.620   CPU_ReadMem(4 bytes @ 0xE000ED00)
T3680 037:868.696   CPU_ReadMem(4 bytes @ 0xE000ED08)
T3680 037:869.704   CPU_ReadMem(4 bytes @ 0x00000020)
T3680 037:870.704   CPU_ReadMem(4096 bytes @ 0x2001F000)
T6B44 037:919.376   JLINK_RTTERMINAL_Read(BufferIndex = 0, BufferSize = 0x00010000)
T6B44 037:919.504     RTT: Failed to find RTT control block in vector table, trying to find it in RAM.
T6B44 037:919.576     RTT: Search ranges: 0x20000000 - 0x20080000, 0x1FFE0000 - 0x20000000 
T6B44 037:919.648     Periodic RTT: Looking for RTT CB @ 0x2001F000 (Range 1/2)
T6B44 037:919.716     RTT: Failed to find RTT control block in RAM.
T6B44 037:919.784   - 0.407ms returns 0
T6C08 037:920.900 JLINK_IsHalted()
T6C08 037:923.116 - 2.216ms returns FALSE
T6C08 037:923.396 JLINK_IsHalted()
T6C08 037:925.280 - 1.880ms returns FALSE
T6B44 037:970.624   JLINK_RTTERMINAL_Read(BufferIndex = 0, BufferSize = 0x00010000)
T6B44 037:970.704   - 0.077ms returns 0
T3680 037:982.248   CPU_ReadMem(4 bytes @ 0xE000ED00)
T3680 037:982.980   CPU_ReadMem(4 bytes @ 0xE000ED08)
T3680 037:983.608   CPU_ReadMem(4 bytes @ 0x00000020)
T3680 037:984.204   CPU_ReadMem(4096 bytes @ 0x20020000)
T6B44 038:032.596   JLINK_RTTERMINAL_Read(BufferIndex = 0, BufferSize = 0x00010000)
T6B44 038:032.664     RTT: Failed to find RTT control block in vector table, trying to find it in RAM.
T6B44 038:032.696     RTT: Search ranges: 0x20000000 - 0x20080000, 0x1FFE0000 - 0x20000000 
T6B44 038:032.736     Periodic RTT: Looking for RTT CB @ 0x20020000 (Range 1/2)
T6B44 038:032.776     RTT: Failed to find RTT control block in RAM.
T6B44 038:032.808   - 0.215ms returns 0
T6C08 038:032.932 JLINK_IsHalted()
T6C08 038:033.636 - 0.700ms returns FALSE
T6C08 038:033.696 JLINK_IsHalted()
T6C08 038:034.408 - 0.713ms returns FALSE
T6B44 038:083.476   JLINK_RTTERMINAL_Read(BufferIndex = 0, BufferSize = 0x00010000)
T6B44 038:083.616   - 0.139ms returns 0
T3680 038:094.792   CPU_ReadMem(4 bytes @ 0xE000ED00)
T3680 038:095.612   CPU_ReadMem(4 bytes @ 0xE000ED08)
T3680 038:096.328   CPU_ReadMem(4 bytes @ 0x00000020)
T3680 038:097.060   CPU_ReadMem(4096 bytes @ 0x20021000)
T6B44 038:145.416   JLINK_RTTERMINAL_Read(BufferIndex = 0, BufferSize = 0x00010000)
T6B44 038:145.496     RTT: Failed to find RTT control block in vector table, trying to find it in RAM.
T6B44 038:145.528     RTT: Search ranges: 0x20000000 - 0x20080000, 0x1FFE0000 - 0x20000000 
T6B44 038:145.560     Periodic RTT: Looking for RTT CB @ 0x20021000 (Range 1/2)
T6B44 038:145.592     RTT: Failed to find RTT control block in RAM.
T6B44 038:145.624   - 0.205ms returns 0
T6C08 038:145.792 JLINK_IsHalted()
T6C08 038:146.500 - 0.704ms returns FALSE
T6C08 038:146.544 JLINK_IsHalted()
T6C08 038:147.204 - 0.658ms returns FALSE
T6B44 038:196.368   JLINK_RTTERMINAL_Read(BufferIndex = 0, BufferSize = 0x00010000)
T6B44 038:196.480   - 0.109ms returns 0
T3680 038:209.660   CPU_ReadMem(4 bytes @ 0xE000ED00)
T3680 038:210.404   CPU_ReadMem(4 bytes @ 0xE000ED08)
T3680 038:211.032   CPU_ReadMem(4 bytes @ 0x00000020)
T3680 038:211.712   CPU_ReadMem(4096 bytes @ 0x20022000)
T6B44 038:260.280   JLINK_RTTERMINAL_Read(BufferIndex = 0, BufferSize = 0x00010000)
T6B44 038:260.436     RTT: Failed to find RTT control block in vector table, trying to find it in RAM.
T6B44 038:260.548     RTT: Search ranges: 0x20000000 - 0x20080000, 0x1FFE0000 - 0x20000000 
T6B44 038:260.640     Periodic RTT: Looking for RTT CB @ 0x20022000 (Range 1/2)
T6B44 038:260.740     RTT: Failed to find RTT control block in RAM.
T6B44 038:260.840   - 0.565ms returns 0
T0C04 038:261.140 JLINK_IsHalted()
T0C04 038:262.396 - 1.255ms returns FALSE
T0C04 038:262.584 JLINK_IsHalted()
T0C04 038:263.504 - 0.914ms returns FALSE
T6C08 038:263.784 JLINK_IsHalted()
T6C08 038:264.792 - 1.004ms returns FALSE
T6C08 038:264.984 JLINK_IsHalted()
T6C08 038:265.852 - 0.864ms returns FALSE
T6B44 038:311.912   JLINK_RTTERMINAL_Read(BufferIndex = 0, BufferSize = 0x00010000)
T6B44 038:312.048   - 0.137ms returns 0
T3680 038:322.636   CPU_ReadMem(4 bytes @ 0xE000ED00)
T3680 038:323.592   CPU_ReadMem(4 bytes @ 0xE000ED08)
T3680 038:324.808   CPU_ReadMem(4 bytes @ 0x00000020)
T3680 038:326.040   CPU_ReadMem(4096 bytes @ 0x20023000)
T6B44 038:374.724   JLINK_RTTERMINAL_Read(BufferIndex = 0, BufferSize = 0x00010000)
T6B44 038:374.864     RTT: Failed to find RTT control block in vector table, trying to find it in RAM.
T6B44 038:374.952     RTT: Search ranges: 0x20000000 - 0x20080000, 0x1FFE0000 - 0x20000000 
T6B44 038:375.024     Periodic RTT: Looking for RTT CB @ 0x20023000 (Range 1/2)
T6B44 038:375.096     RTT: Failed to find RTT control block in RAM.
T6B44 038:375.160   - 0.440ms returns 0
T6C08 038:375.412 JLINK_IsHalted()
T6C08 038:376.224 - 0.808ms returns FALSE
T6C08 038:377.428 JLINK_IsHalted()
T6C08 038:378.608 - 1.181ms returns FALSE
T6B44 038:426.524   JLINK_RTTERMINAL_Read(BufferIndex = 0, BufferSize = 0x00010000)
T6B44 038:426.716   - 0.191ms returns 0
T3680 038:437.540   CPU_ReadMem(4 bytes @ 0xE000ED00)
T3680 038:438.672   CPU_ReadMem(4 bytes @ 0xE000ED08)
T3680 038:439.844   CPU_ReadMem(4 bytes @ 0x00000020)
T3680 038:440.908   CPU_ReadMem(4096 bytes @ 0x20024000)
T6B44 038:489.752   JLINK_RTTERMINAL_Read(BufferIndex = 0, BufferSize = 0x00010000)
T6B44 038:489.852     RTT: Failed to find RTT control block in vector table, trying to find it in RAM.
T6B44 038:489.912     RTT: Search ranges: 0x20000000 - 0x20080000, 0x1FFE0000 - 0x20000000 
T6B44 038:489.960     Periodic RTT: Looking for RTT CB @ 0x20024000 (Range 1/2)
T6B44 038:490.008     RTT: Failed to find RTT control block in RAM.
T6B44 038:490.068   - 0.312ms returns 0
T6C08 038:490.248 JLINK_IsHalted()
T6C08 038:491.264 - 1.013ms returns FALSE
T6C08 038:491.384 JLINK_IsHalted()
T6C08 038:492.248 - 0.865ms returns FALSE
T6B44 038:540.824   JLINK_RTTERMINAL_Read(BufferIndex = 0, BufferSize = 0x00010000)
T6B44 038:540.900   - 0.077ms returns 0
T3680 038:551.012   CPU_ReadMem(4 bytes @ 0xE000ED00)
T3680 038:551.740   CPU_ReadMem(4 bytes @ 0xE000ED08)
T3680 038:552.420   CPU_ReadMem(4 bytes @ 0x00000020)
T3680 038:553.084   CPU_ReadMem(4096 bytes @ 0x20025000)
T6B44 038:601.540   JLINK_RTTERMINAL_Read(BufferIndex = 0, BufferSize = 0x00010000)
T6B44 038:601.616     RTT: Failed to find RTT control block in vector table, trying to find it in RAM.
T6B44 038:601.656     RTT: Search ranges: 0x20000000 - 0x20080000, 0x1FFE0000 - 0x20000000 
T6B44 038:601.692     Periodic RTT: Looking for RTT CB @ 0x20025000 (Range 1/2)
T6B44 038:601.732     RTT: Failed to find RTT control block in RAM.
T6B44 038:601.768   - 0.228ms returns 0
T6C08 038:601.944 JLINK_IsHalted()
T6C08 038:603.116 - 1.171ms returns FALSE
T6C08 038:603.224 JLINK_IsHalted()
T6C08 038:604.300 - 1.076ms returns FALSE
T6B44 038:652.660   JLINK_RTTERMINAL_Read(BufferIndex = 0, BufferSize = 0x00010000)
T6B44 038:652.776   - 0.114ms returns 0
T3680 038:664.692   CPU_ReadMem(4 bytes @ 0xE000ED00)
T3680 038:665.496   CPU_ReadMem(4 bytes @ 0xE000ED08)
T3680 038:666.324   CPU_ReadMem(4 bytes @ 0x00000020)
T3680 038:667.188   CPU_ReadMem(4096 bytes @ 0x20026000)
T6B44 038:715.868   JLINK_RTTERMINAL_Read(BufferIndex = 0, BufferSize = 0x00010000)
T6B44 038:715.932     RTT: Failed to find RTT control block in vector table, trying to find it in RAM.
T6B44 038:715.976     RTT: Search ranges: 0x20000000 - 0x20080000, 0x1FFE0000 - 0x20000000 
T6B44 038:716.016     Periodic RTT: Looking for RTT CB @ 0x20026000 (Range 1/2)
T6B44 038:716.056     RTT: Failed to find RTT control block in RAM.
T6B44 038:716.096   - 0.227ms returns 0
T6C08 038:716.256 JLINK_IsHalted()
T6C08 038:716.976 - 0.716ms returns FALSE
T6C08 038:717.032 JLINK_IsHalted()
T6C08 038:717.724 - 0.690ms returns FALSE
T6B44 038:767.076   JLINK_RTTERMINAL_Read(BufferIndex = 0, BufferSize = 0x00010000)
T6B44 038:767.192   - 0.120ms returns 0
T3680 038:777.408   CPU_ReadMem(4 bytes @ 0xE000ED00)
T3680 038:778.456   CPU_ReadMem(4 bytes @ 0xE000ED08)
T3680 038:779.288   CPU_ReadMem(4 bytes @ 0x00000020)
T3680 038:780.064   CPU_ReadMem(4096 bytes @ 0x20027000)
T6B44 038:828.536   JLINK_RTTERMINAL_Read(BufferIndex = 0, BufferSize = 0x00010000)
T6B44 038:828.624     RTT: Failed to find RTT control block in vector table, trying to find it in RAM.
T6B44 038:828.676     RTT: Search ranges: 0x20000000 - 0x20080000, 0x1FFE0000 - 0x20000000 
T6B44 038:828.724     Periodic RTT: Looking for RTT CB @ 0x20027000 (Range 1/2)
T6B44 038:828.776     RTT: Failed to find RTT control block in RAM.
T6B44 038:828.828   - 0.293ms returns 0
T6C08 038:828.992 JLINK_IsHalted()
T6C08 038:829.720 - 0.723ms returns FALSE
T6C08 038:829.788 JLINK_IsHalted()
T6C08 038:830.448 - 0.659ms returns FALSE
T6B44 038:879.620   JLINK_RTTERMINAL_Read(BufferIndex = 0, BufferSize = 0x00010000)
T6B44 038:879.704   - 0.082ms returns 0
T3680 038:891.268   CPU_ReadMem(4 bytes @ 0xE000ED00)
T3680 038:892.276   CPU_ReadMem(4 bytes @ 0xE000ED08)
T3680 038:893.404   CPU_ReadMem(4 bytes @ 0x00000020)
T3680 038:894.440   CPU_ReadMem(4096 bytes @ 0x20028000)
T6B44 038:942.904   JLINK_RTTERMINAL_Read(BufferIndex = 0, BufferSize = 0x00010000)
T6B44 038:942.972     RTT: Failed to find RTT control block in vector table, trying to find it in RAM.
T6B44 038:943.016     RTT: Search ranges: 0x20000000 - 0x20080000, 0x1FFE0000 - 0x20000000 
T6B44 038:943.056     Periodic RTT: Looking for RTT CB @ 0x20028000 (Range 1/2)
T6B44 038:943.092     RTT: Failed to find RTT control block in RAM.
T6B44 038:943.136   - 0.232ms returns 0
T6C08 038:944.268 JLINK_IsHalted()
T6C08 038:945.360 - 1.089ms returns FALSE
T6C08 038:945.452 JLINK_IsHalted()
T6C08 038:946.536 - 1.081ms returns FALSE
T6B44 038:993.592   JLINK_RTTERMINAL_Read(BufferIndex = 0, BufferSize = 0x00010000)
T6B44 038:993.696   - 0.102ms returns 0
T3680 039:008.720   CPU_ReadMem(4 bytes @ 0xE000ED00)
T3680 039:009.844   CPU_ReadMem(4 bytes @ 0xE000ED08)
T3680 039:010.968   CPU_ReadMem(4 bytes @ 0x00000020)
T3680 039:011.828   CPU_ReadMem(4096 bytes @ 0x20029000)
T6B44 039:060.288   JLINK_RTTERMINAL_Read(BufferIndex = 0, BufferSize = 0x00010000)
T6B44 039:060.352     RTT: Failed to find RTT control block in vector table, trying to find it in RAM.
T6B44 039:060.392     RTT: Search ranges: 0x20000000 - 0x20080000, 0x1FFE0000 - 0x20000000 
T6B44 039:060.428     Periodic RTT: Looking for RTT CB @ 0x20029000 (Range 1/2)
T6B44 039:060.468     RTT: Failed to find RTT control block in RAM.
T6B44 039:060.504   - 0.214ms returns 0
T6C08 039:060.632 JLINK_IsHalted()
T6C08 039:061.428 - 0.796ms returns FALSE
T6C08 039:061.480 JLINK_IsHalted()
T6C08 039:062.156 - 0.673ms returns FALSE
T6B44 039:111.436   JLINK_RTTERMINAL_Read(BufferIndex = 0, BufferSize = 0x00010000)
T6B44 039:111.540   - 0.101ms returns 0
T3680 039:124.488   CPU_ReadMem(4 bytes @ 0xE000ED00)
T3680 039:125.824   CPU_ReadMem(4 bytes @ 0xE000ED08)
T3680 039:127.124   CPU_ReadMem(4 bytes @ 0x00000020)
T3680 039:128.112   CPU_ReadMem(4096 bytes @ 0x2002A000)
T6B44 039:178.636   JLINK_RTTERMINAL_Read(BufferIndex = 0, BufferSize = 0x00010000)
T6B44 039:178.920     RTT: Failed to find RTT control block in vector table, trying to find it in RAM.
T6B44 039:179.000     RTT: Search ranges: 0x20000000 - 0x20080000, 0x1FFE0000 - 0x20000000 
T6B44 039:179.076     Periodic RTT: Looking for RTT CB @ 0x2002A000 (Range 1/2)
T6B44 039:179.172     RTT: Failed to find RTT control block in RAM.
T6B44 039:179.256   - 0.620ms returns 0
T6C08 039:179.768 JLINK_IsHalted()
T6C08 039:181.104 - 1.332ms returns FALSE
T6C08 039:181.312 JLINK_IsHalted()
T6C08 039:182.136 - 0.822ms returns FALSE
T6B44 039:230.084   JLINK_RTTERMINAL_Read(BufferIndex = 0, BufferSize = 0x00010000)
T6B44 039:230.184   - 0.102ms returns 0
T3680 039:241.704   CPU_ReadMem(4 bytes @ 0xE000ED00)
T3680 039:242.864   CPU_ReadMem(4 bytes @ 0xE000ED08)
T3680 039:243.656   CPU_ReadMem(4 bytes @ 0x00000020)
T3680 039:244.504   CPU_ReadMem(4096 bytes @ 0x2002B000)
T6B44 039:293.008   JLINK_RTTERMINAL_Read(BufferIndex = 0, BufferSize = 0x00010000)
T6B44 039:293.120     RTT: Failed to find RTT control block in vector table, trying to find it in RAM.
T6B44 039:293.184     RTT: Search ranges: 0x20000000 - 0x20080000, 0x1FFE0000 - 0x20000000 
T6B44 039:293.244     Periodic RTT: Looking for RTT CB @ 0x2002B000 (Range 1/2)
T6B44 039:293.316     RTT: Failed to find RTT control block in RAM.
T6B44 039:293.376   - 0.368ms returns 0
T0C04 039:293.560 JLINK_IsHalted()
T0C04 039:294.332 - 0.772ms returns FALSE
T0C04 039:294.400 JLINK_IsHalted()
T0C04 039:295.016 - 0.618ms returns FALSE
T6C08 039:295.144 JLINK_IsHalted()
T6C08 039:295.836 - 0.693ms returns FALSE
T6C08 039:295.904 JLINK_IsHalted()
T6C08 039:296.528 - 0.622ms returns FALSE
T6B44 039:345.036   JLINK_RTTERMINAL_Read(BufferIndex = 0, BufferSize = 0x00010000)
T6B44 039:345.140   - 0.103ms returns 0
T3680 039:357.268   CPU_ReadMem(4 bytes @ 0xE000ED00)
T3680 039:358.088   CPU_ReadMem(4 bytes @ 0xE000ED08)
T3680 039:358.876   CPU_ReadMem(4 bytes @ 0x00000020)
T3680 039:359.784   CPU_ReadMem(4096 bytes @ 0x2002C000)
T6B44 039:408.348   JLINK_RTTERMINAL_Read(BufferIndex = 0, BufferSize = 0x00010000)
T6B44 039:408.432     RTT: Failed to find RTT control block in vector table, trying to find it in RAM.
T6B44 039:408.480     RTT: Search ranges: 0x20000000 - 0x20080000, 0x1FFE0000 - 0x20000000 
T6B44 039:408.532     Periodic RTT: Looking for RTT CB @ 0x2002C000 (Range 1/2)
T6B44 039:408.576     RTT: Failed to find RTT control block in RAM.
T6B44 039:408.628   - 0.278ms returns 0
T6C08 039:408.820 JLINK_IsHalted()
T6C08 039:409.816 - 0.997ms returns FALSE
T6C08 039:409.928 JLINK_IsHalted()
T6C08 039:411.044 - 1.112ms returns FALSE
T6B44 039:459.968   JLINK_RTTERMINAL_Read(BufferIndex = 0, BufferSize = 0x00010000)
T6B44 039:460.072   - 0.104ms returns 0
T3680 039:474.904   CPU_ReadMem(4 bytes @ 0xE000ED00)
T3680 039:476.028   CPU_ReadMem(4 bytes @ 0xE000ED08)
T3680 039:477.184   CPU_ReadMem(4 bytes @ 0x00000020)
T3680 039:478.360   CPU_ReadMem(4096 bytes @ 0x2002D000)
T6B44 039:526.896   JLINK_RTTERMINAL_Read(BufferIndex = 0, BufferSize = 0x00010000)
T6B44 039:526.984     RTT: Failed to find RTT control block in vector table, trying to find it in RAM.
T6B44 039:527.024     RTT: Search ranges: 0x20000000 - 0x20080000, 0x1FFE0000 - 0x20000000 
T6B44 039:527.064     Periodic RTT: Looking for RTT CB @ 0x2002D000 (Range 1/2)
T6B44 039:527.104     RTT: Failed to find RTT control block in RAM.
T6B44 039:527.144   - 0.248ms returns 0
T6C08 039:527.312 JLINK_IsHalted()
T6C08 039:528.308 - 0.995ms returns FALSE
T6C08 039:528.404 JLINK_IsHalted()
T6C08 039:529.292 - 0.888ms returns FALSE
T6B44 039:577.680   JLINK_RTTERMINAL_Read(BufferIndex = 0, BufferSize = 0x00010000)
T6B44 039:577.744   - 0.066ms returns 0
T3680 039:589.464   CPU_ReadMem(4 bytes @ 0xE000ED00)
T3680 039:590.228   CPU_ReadMem(4 bytes @ 0xE000ED08)
T3680 039:591.000   CPU_ReadMem(4 bytes @ 0x00000020)
T3680 039:591.692   CPU_ReadMem(4096 bytes @ 0x2002E000)
T6B44 039:640.232   JLINK_RTTERMINAL_Read(BufferIndex = 0, BufferSize = 0x00010000)
T6B44 039:640.388     RTT: Failed to find RTT control block in vector table, trying to find it in RAM.
T6B44 039:640.484     RTT: Search ranges: 0x20000000 - 0x20080000, 0x1FFE0000 - 0x20000000 
T6B44 039:640.600     Periodic RTT: Looking for RTT CB @ 0x2002E000 (Range 1/2)
T6B44 039:640.692     RTT: Failed to find RTT control block in RAM.
T6B44 039:640.800   - 0.568ms returns 0
T6C08 039:641.116 JLINK_IsHalted()
T6C08 039:642.252 - 1.132ms returns FALSE
T6C08 039:642.472 JLINK_IsHalted()
T6C08 039:643.360 - 0.889ms returns FALSE
T6B44 039:691.700   JLINK_RTTERMINAL_Read(BufferIndex = 0, BufferSize = 0x00010000)
T6B44 039:692.120   - 0.426ms returns 0
T3680 039:705.292   CPU_ReadMem(4 bytes @ 0xE000ED00)
T3680 039:706.324   CPU_ReadMem(4 bytes @ 0xE000ED08)
T3680 039:707.712   CPU_ReadMem(4 bytes @ 0x00000020)
T3680 039:709.112   CPU_ReadMem(4096 bytes @ 0x2002F000)
T6B44 039:757.632   JLINK_RTTERMINAL_Read(BufferIndex = 0, BufferSize = 0x00010000)
T6B44 039:757.712     RTT: Failed to find RTT control block in vector table, trying to find it in RAM.
T6B44 039:757.756     RTT: Search ranges: 0x20000000 - 0x20080000, 0x1FFE0000 - 0x20000000 
T6B44 039:757.796     Periodic RTT: Looking for RTT CB @ 0x2002F000 (Range 1/2)
T6B44 039:757.832     RTT: Failed to find RTT control block in RAM.
T6B44 039:757.880   - 0.250ms returns 0
T6C08 039:758.044 JLINK_IsHalted()
T6C08 039:759.000 - 0.954ms returns FALSE
T6C08 039:759.112 JLINK_IsHalted()
T6C08 039:760.072 - 0.959ms returns FALSE
T6B44 039:808.812   JLINK_RTTERMINAL_Read(BufferIndex = 0, BufferSize = 0x00010000)
T6B44 039:808.936   - 0.126ms returns 0
T3680 039:821.192   CPU_ReadMem(4 bytes @ 0xE000ED00)
T3680 039:822.140   CPU_ReadMem(4 bytes @ 0xE000ED08)
T3680 039:823.212   CPU_ReadMem(4 bytes @ 0x00000020)
T3680 039:824.204   CPU_ReadMem(4096 bytes @ 0x20030000)
T3680 039:872.708   CPU_ReadMem(24 bytes @ 0x2003088C)
T3680 039:881.272   CPU_ReadMem(32 bytes @ 0x00102330)
T6C08 039:886.056 JLINK_IsHalted()
T6C08 039:887.080 - 1.019ms returns FALSE
T6B44 039:887.144   JLINK_RTTERMINAL_Read(BufferIndex = 0, BufferSize = 0x00010000)
T6B44 039:887.196     RTT: Failed to find RTT control block in vector table, trying to find it in RAM.
T6B44 039:887.224     RTT: Search ranges: 0x20000000 - 0x20080000, 0x1FFE0000 - 0x20000000 
T6B44 039:887.256     Periodic RTT: Looking for RTT CB @ 0x20030000 (Range 1/2)
T6B44 039:887.288     Periodic RTT: RTT CB auto-detected @ 0x2003088C
T6B44 039:887.332     RTT: Found RTT control block in RAM at address 0x2003088C
T6B44 039:887.368     Periodic RTT: RTT CB verified. Started data handling
T6B44 039:887.400   - 0.254ms returns 275
T6C08 039:887.576 JLINK_IsHalted()
T6C08 039:889.020 - 1.440ms returns FALSE
T6B44 039:889.144   JLINK_RTTERMINAL_Read(BufferIndex = 0, BufferSize = 0x00010000)
T6B44 039:889.188   - 0.046ms returns 0
T6B44 039:939.896   JLINK_RTTERMINAL_Read(BufferIndex = 0, BufferSize = 0x00010000)
T6B44 039:940.128   - 0.232ms returns 0
T6C08 039:984.772 JLINK_IsHalted()
T6C08 039:986.616 - 1.844ms returns FALSE
T6C08 039:986.724 JLINK_IsHalted()
T6C08 039:988.472 - 1.747ms returns FALSE
T6B44 039:992.576   JLINK_RTTERMINAL_Read(BufferIndex = 0, BufferSize = 0x00010000)
T6B44 039:992.688   - 0.111ms returns 0
T6B44 040:043.688   JLINK_RTTERMINAL_Read(BufferIndex = 0, BufferSize = 0x00010000)
T6B44 040:043.816   - 0.125ms returns 0
T6C08 040:094.364 JLINK_IsHalted()
T6C08 040:095.944 - 1.582ms returns FALSE
T6B44 040:095.996   JLINK_RTTERMINAL_Read(BufferIndex = 0, BufferSize = 0x00010000)
T6B44 040:096.056   - 0.057ms returns 0
T6C08 040:096.152 JLINK_IsHalted()
T6C08 040:097.904 - 1.753ms returns FALSE
T6B44 040:146.388   JLINK_RTTERMINAL_Read(BufferIndex = 0, BufferSize = 0x00010000)
T6B44 040:146.460   - 0.074ms returns 0
T6B44 040:197.540   JLINK_RTTERMINAL_Read(BufferIndex = 0, BufferSize = 0x00010000)
T6B44 040:197.644   - 0.105ms returns 0
T6C08 040:203.964 JLINK_IsHalted()
T6C08 040:205.272 - 1.306ms returns FALSE
T6C08 040:205.380 JLINK_IsHalted()
T6C08 040:207.224 - 1.846ms returns FALSE
T6B44 040:249.112   JLINK_RTTERMINAL_Read(BufferIndex = 0, BufferSize = 0x00010000)
T6B44 040:249.188   - 0.072ms returns 0
T0C04 040:295.416 JLINK_IsHalted()
T0C04 040:296.852 - 1.431ms returns FALSE
T0C04 040:296.936 JLINK_IsHalted()
T0C04 040:298.824 - 1.887ms returns FALSE
T6B44 040:300.360   JLINK_RTTERMINAL_Read(BufferIndex = 0, BufferSize = 0x00010000)
T6B44 040:300.432   - 0.072ms returns 0
T6C08 040:313.364 JLINK_IsHalted()
T6C08 040:315.224 - 1.864ms returns FALSE
T6C08 040:315.292 JLINK_IsHalted()
T6C08 040:317.044 - 1.750ms returns FALSE
T6B44 040:351.112   JLINK_RTTERMINAL_Read(BufferIndex = 0, BufferSize = 0x00010000)
T6B44 040:351.188   - 0.077ms returns 0
T6B44 040:402.204   JLINK_RTTERMINAL_Read(BufferIndex = 0, BufferSize = 0x00010000)
T6B44 040:402.280   - 0.073ms returns 0
T6C08 040:422.184 JLINK_IsHalted()
T6C08 040:423.896 - 1.709ms returns FALSE
T6C08 040:423.980 JLINK_IsHalted()
T6C08 040:425.880 - 1.900ms returns FALSE
T6B44 040:453.784   JLINK_RTTERMINAL_Read(BufferIndex = 0, BufferSize = 0x00010000)
T6B44 040:453.876   - 0.089ms returns 0
T6B44 040:504.776   JLINK_RTTERMINAL_Read(BufferIndex = 0, BufferSize = 0x00010000)
T6B44 040:504.856   - 0.079ms returns 0
T6C08 040:532.072 JLINK_IsHalted()
T6C08 040:533.748 - 1.674ms returns FALSE
T6C08 040:533.800 JLINK_IsHalted()
T6C08 040:535.608 - 1.805ms returns FALSE
T6B44 040:555.788   JLINK_RTTERMINAL_Read(BufferIndex = 0, BufferSize = 0x00010000)
T6B44 040:555.928   - 0.141ms returns 0
T6B44 040:607.032   JLINK_RTTERMINAL_Read(BufferIndex = 0, BufferSize = 0x00010000)
T6B44 040:607.112   - 0.079ms returns 0
T6C08 040:642.128 JLINK_IsHalted()
T6C08 040:643.672 - 1.541ms returns FALSE
T6C08 040:643.736 JLINK_IsHalted()
T6C08 040:645.668 - 1.930ms returns FALSE
T6B44 040:658.136   JLINK_RTTERMINAL_Read(BufferIndex = 0, BufferSize = 0x00010000)
T6B44 040:658.248   - 0.107ms returns 0
T6B44 040:709.052   JLINK_RTTERMINAL_Read(BufferIndex = 0, BufferSize = 0x00010000)
T6B44 040:709.180   - 0.128ms returns 0
T6C08 040:750.560 JLINK_IsHalted()
T6C08 040:752.124 - 1.560ms returns FALSE
T6C08 040:752.328 JLINK_IsHalted()
T6C08 040:753.880 - 1.556ms returns FALSE
T6B44 040:759.784   JLINK_RTTERMINAL_Read(BufferIndex = 0, BufferSize = 0x00010000)
T6B44 040:759.848   - 0.065ms returns 0
T6B44 040:811.048   JLINK_RTTERMINAL_Read(BufferIndex = 0, BufferSize = 0x00010000)
T6B44 040:811.148   - 0.101ms returns 0
T6C08 040:861.432 JLINK_IsHalted()
T6C08 040:863.100 - 1.668ms returns FALSE
T6B44 040:863.216   JLINK_RTTERMINAL_Read(BufferIndex = 0, BufferSize = 0x00010000)
T6B44 040:863.284   - 0.068ms returns 0
T6C08 040:863.448 JLINK_IsHalted()
T6C08 040:865.032 - 1.580ms returns FALSE
T6B44 040:914.912   JLINK_RTTERMINAL_Read(BufferIndex = 0, BufferSize = 0x00010000)
T6B44 040:915.020   - 0.108ms returns 0
T6B44 040:966.328   JLINK_RTTERMINAL_Read(BufferIndex = 0, BufferSize = 0x00010000)
T6B44 040:966.440   - 0.111ms returns 0
T6C08 040:970.004 JLINK_IsHalted()
T6C08 040:971.616 - 1.612ms returns FALSE
T6C08 040:971.728 JLINK_IsHalted()
T6C08 040:973.388 - 1.659ms returns FALSE
T6B44 041:017.456   JLINK_RTTERMINAL_Read(BufferIndex = 0, BufferSize = 0x00010000)
T6B44 041:017.584   - 0.129ms returns 0
T6B44 041:068.344   JLINK_RTTERMINAL_Read(BufferIndex = 0, BufferSize = 0x00010000)
T6B44 041:068.456   - 0.112ms returns 0
T6C08 041:078.712 JLINK_IsHalted()
T6C08 041:080.120 - 1.405ms returns FALSE
T6C08 041:080.248 JLINK_IsHalted()
T6C08 041:082.204 - 1.954ms returns FALSE
T6B44 041:119.224   JLINK_RTTERMINAL_Read(BufferIndex = 0, BufferSize = 0x00010000)
T6B44 041:119.308   - 0.084ms returns 0
T6B44 041:169.784   JLINK_RTTERMINAL_Read(BufferIndex = 0, BufferSize = 0x00010000)
T6B44 041:169.864   - 0.077ms returns 0
T6C08 041:188.680 JLINK_IsHalted()
T6C08 041:189.888 - 1.211ms returns FALSE
T6C08 041:189.944 JLINK_IsHalted()
T6C08 041:191.848 - 1.896ms returns FALSE
T6B44 041:221.012   JLINK_RTTERMINAL_Read(BufferIndex = 0, BufferSize = 0x00010000)
T6B44 041:221.140   - 0.125ms returns 0
T6B44 041:271.676   JLINK_RTTERMINAL_Read(BufferIndex = 0, BufferSize = 0x00010000)
T6B44 041:271.752   - 0.075ms returns 0
T6C08 041:297.544 JLINK_IsHalted()
T6C08 041:299.368 - 1.824ms returns FALSE
T6C08 041:299.444 JLINK_IsHalted()
T6C08 041:301.228 - 1.787ms returns FALSE
T0C04 041:301.428 JLINK_IsHalted()
T0C04 041:303.100 - 1.675ms returns FALSE
T0C04 041:303.180 JLINK_IsHalted()
T0C04 041:305.008 - 1.827ms returns FALSE
T6B44 041:322.744   JLINK_RTTERMINAL_Read(BufferIndex = 0, BufferSize = 0x00010000)
T6B44 041:322.852   - 0.106ms returns 0
T6B44 041:373.520   JLINK_RTTERMINAL_Read(BufferIndex = 0, BufferSize = 0x00010000)
T6B44 041:373.648   - 0.128ms returns 0
T6C08 041:406.776 JLINK_IsHalted()
T6C08 041:407.732 - 0.956ms returns FALSE
T6C08 041:407.848 JLINK_IsHalted()
T6C08 041:409.868 - 2.019ms returns FALSE
T6B44 041:425.400   JLINK_RTTERMINAL_Read(BufferIndex = 0, BufferSize = 0x00010000)
T6B44 041:425.528   - 0.130ms returns 0
T6B44 041:476.344   JLINK_RTTERMINAL_Read(BufferIndex = 0, BufferSize = 0x00010000)
T6B44 041:476.472   - 0.128ms returns 0
T6C08 041:516.212 JLINK_IsHalted()
T6C08 041:518.120 - 1.909ms returns FALSE
T6C08 041:518.312 JLINK_IsHalted()
T6C08 041:520.260 - 1.946ms returns FALSE
T6B44 041:529.192   JLINK_RTTERMINAL_Read(BufferIndex = 0, BufferSize = 0x00010000)
T6B44 041:529.396   - 0.204ms returns 0
T6B44 041:580.352   JLINK_RTTERMINAL_Read(BufferIndex = 0, BufferSize = 0x00010000)
T6B44 041:580.592   - 0.243ms returns 0
T6C08 041:626.136 JLINK_IsHalted()
T6C08 041:627.436 - 1.301ms returns FALSE
T6C08 041:627.496 JLINK_IsHalted()
T6C08 041:629.428 - 1.927ms returns FALSE
T6B44 041:632.340   JLINK_RTTERMINAL_Read(BufferIndex = 0, BufferSize = 0x00010000)
T6B44 041:632.396   - 0.072ms returns 0
T6B44 041:683.840   JLINK_RTTERMINAL_Read(BufferIndex = 0, BufferSize = 0x00010000)
T6B44 041:683.956   - 0.112ms returns 0
T6C08 041:735.056 JLINK_IsHalted()
T6C08 041:736.824 - 1.768ms returns FALSE
T6C08 041:736.916 JLINK_IsHalted()
T6C08 041:738.652 - 1.735ms returns FALSE
T6B44 041:738.788   JLINK_RTTERMINAL_Read(BufferIndex = 0, BufferSize = 0x00010000)
T6B44 041:738.860   - 0.076ms returns 0
T6B44 041:790.392   JLINK_RTTERMINAL_Read(BufferIndex = 0, BufferSize = 0x00010000)
T6B44 041:790.504   - 0.112ms returns 0
T6B44 041:842.516   JLINK_RTTERMINAL_Read(BufferIndex = 0, BufferSize = 0x00010000)
T6B44 041:842.616   - 0.103ms returns 0
T6C08 041:844.988 JLINK_IsHalted()
T6C08 041:847.212 - 2.223ms returns FALSE
T6C08 041:847.336 JLINK_IsHalted()
T6C08 041:849.160 - 1.827ms returns FALSE
T6B44 041:893.672   JLINK_RTTERMINAL_Read(BufferIndex = 0, BufferSize = 0x00010000)
T6B44 041:893.864   - 0.190ms returns 0
T6B44 041:945.652   JLINK_RTTERMINAL_Read(BufferIndex = 0, BufferSize = 0x00010000)
T6B44 041:945.816   - 0.164ms returns 0
T6C08 041:953.688 JLINK_IsHalted()
T6C08 041:955.320 - 1.633ms returns FALSE
T6C08 041:955.528 JLINK_IsHalted()
T6C08 041:957.232 - 1.698ms returns FALSE
T6B44 041:997.040   JLINK_RTTERMINAL_Read(BufferIndex = 0, BufferSize = 0x00010000)
T6B44 041:997.224   - 0.187ms returns 0
T6B44 042:048.320   JLINK_RTTERMINAL_Read(BufferIndex = 0, BufferSize = 0x00010000)
T6B44 042:048.500   - 0.181ms returns 0
T6C08 042:063.296 JLINK_IsHalted()
T6C08 042:065.108 - 1.811ms returns FALSE
T6C08 042:065.280 JLINK_IsHalted()
T6C08 042:066.952 - 1.667ms returns FALSE
T6B44 042:100.256   JLINK_RTTERMINAL_Read(BufferIndex = 0, BufferSize = 0x00010000)
T6B44 042:100.520   - 0.262ms returns 0
T6B44 042:152.256   JLINK_RTTERMINAL_Read(BufferIndex = 0, BufferSize = 0x00010000)
T6B44 042:152.616   - 0.359ms returns 0
T6C08 042:172.340 JLINK_IsHalted()
T6C08 042:173.240 - 0.897ms returns FALSE
T6C08 042:173.320 JLINK_IsHalted()
T6C08 042:175.076 - 1.754ms returns FALSE
T6B44 042:203.856   JLINK_RTTERMINAL_Read(BufferIndex = 0, BufferSize = 0x00010000)
T6B44 042:203.976   - 0.124ms returns 0
T6B44 042:255.424   JLINK_RTTERMINAL_Read(BufferIndex = 0, BufferSize = 0x00010000)
T6B44 042:255.528   - 0.102ms returns 0
T6C08 042:281.508 JLINK_IsHalted()
T6C08 042:283.208 - 1.704ms returns FALSE
T6C08 042:283.288 JLINK_IsHalted()
T6C08 042:285.096 - 1.811ms returns FALSE
T0C04 042:305.544 JLINK_IsHalted()
T0C04 042:306.652 - 1.107ms returns FALSE
T6B44 042:306.724   JLINK_RTTERMINAL_Read(BufferIndex = 0, BufferSize = 0x00010000)
T6B44 042:306.776   - 0.056ms returns 0
T0C04 042:306.940 JLINK_IsHalted()
T0C04 042:308.520 - 1.576ms returns FALSE
T6B44 042:357.904   JLINK_RTTERMINAL_Read(BufferIndex = 0, BufferSize = 0x00010000)
T6B44 042:357.976   - 0.071ms returns 0
T6C08 042:392.472 JLINK_IsHalted()
T6C08 042:394.232 - 1.760ms returns FALSE
T6C08 042:394.304 JLINK_IsHalted()
T6C08 042:396.116 - 1.809ms returns FALSE
T6B44 042:408.540   JLINK_RTTERMINAL_Read(BufferIndex = 0, BufferSize = 0x00010000)
T6B44 042:408.660   - 0.116ms returns 0
T6B44 042:458.968   JLINK_RTTERMINAL_Read(BufferIndex = 0, BufferSize = 0x00010000)
T6B44 042:459.060   - 0.091ms returns 0
T6C08 042:500.380 JLINK_IsHalted()
T6C08 042:502.312 - 1.930ms returns FALSE
T6C08 042:502.384 JLINK_IsHalted()
T6C08 042:504.152 - 1.764ms returns FALSE
T6B44 042:509.752   JLINK_RTTERMINAL_Read(BufferIndex = 0, BufferSize = 0x00010000)
T6B44 042:509.832   - 0.078ms returns 0
T6B44 042:560.556   JLINK_RTTERMINAL_Read(BufferIndex = 0, BufferSize = 0x00010000)
T6B44 042:560.628   - 0.070ms returns 0
T6C08 042:610.952 JLINK_IsHalted()
T6C08 042:612.780 - 1.829ms returns FALSE
T6B44 042:612.856   JLINK_RTTERMINAL_Read(BufferIndex = 0, BufferSize = 0x00010000)
T6B44 042:612.904   - 0.047ms returns 0
T6C08 042:613.016 JLINK_IsHalted()
T6C08 042:614.644 - 1.627ms returns FALSE
T6B44 042:663.256   JLINK_RTTERMINAL_Read(BufferIndex = 0, BufferSize = 0x00010000)
T6B44 042:663.332   - 0.076ms returns 0
T6B44 042:714.340   JLINK_RTTERMINAL_Read(BufferIndex = 0, BufferSize = 0x00010000)
T6B44 042:714.572   - 0.234ms returns 0
T6C08 042:719.472 JLINK_IsHalted()
T6C08 042:720.852 - 1.379ms returns FALSE
T6C08 042:720.916 JLINK_IsHalted()
T6C08 042:722.724 - 1.808ms returns FALSE
T6B44 042:765.600   JLINK_RTTERMINAL_Read(BufferIndex = 0, BufferSize = 0x00010000)
T6B44 042:765.672   - 0.075ms returns 0
T6B44 042:816.916   JLINK_RTTERMINAL_Read(BufferIndex = 0, BufferSize = 0x00010000)
T6B44 042:816.996   - 0.081ms returns 0
T6C08 042:830.068 JLINK_IsHalted()
T6C08 042:831.936 - 1.868ms returns FALSE
T6C08 042:831.992 JLINK_IsHalted()
T6C08 042:833.816 - 1.823ms returns FALSE
T6B44 042:867.652   JLINK_RTTERMINAL_Read(BufferIndex = 0, BufferSize = 0x00010000)
T6B44 042:867.728   - 0.076ms returns 0
T6B44 042:918.316   JLINK_RTTERMINAL_Read(BufferIndex = 0, BufferSize = 0x00010000)
T6B44 042:918.392   - 0.078ms returns 0
T6C08 042:938.372 JLINK_IsHalted()
T6C08 042:940.092 - 1.721ms returns FALSE
T6C08 042:940.152 JLINK_IsHalted()
T6C08 042:941.912 - 1.762ms returns FALSE
T6B44 042:969.608   JLINK_RTTERMINAL_Read(BufferIndex = 0, BufferSize = 0x00010000)
T6B44 042:969.804   - 0.199ms returns 0
T6B44 043:021.008   JLINK_RTTERMINAL_Read(BufferIndex = 0, BufferSize = 0x00010000)
T6B44 043:021.080   - 0.074ms returns 0
T6C08 043:047.764 JLINK_IsHalted()
T6C08 043:048.820 - 1.057ms returns FALSE
T6C08 043:048.888 JLINK_IsHalted()
T6C08 043:050.656 - 1.765ms returns FALSE
T6B44 043:072.588   JLINK_RTTERMINAL_Read(BufferIndex = 0, BufferSize = 0x00010000)
T6B44 043:072.672   - 0.084ms returns 0
T6B44 043:123.092   JLINK_RTTERMINAL_Read(BufferIndex = 0, BufferSize = 0x00010000)
T6B44 043:123.228   - 0.135ms returns 0
T6C08 043:156.884 JLINK_IsHalted()
T6C08 043:158.640 - 1.756ms returns FALSE
T6C08 043:158.700 JLINK_IsHalted()
T6C08 043:160.488 - 1.788ms returns FALSE
T6B44 043:173.580   JLINK_RTTERMINAL_Read(BufferIndex = 0, BufferSize = 0x00010000)
T6B44 043:173.660   - 0.078ms returns 0
T6B44 043:224.940   JLINK_RTTERMINAL_Read(BufferIndex = 0, BufferSize = 0x00010000)
T6B44 043:225.184   - 0.244ms returns 0
T6C08 043:266.200 JLINK_IsHalted()
T6C08 043:268.376 - 2.174ms returns FALSE
T6C08 043:268.480 JLINK_IsHalted()
T6C08 043:270.236 - 1.754ms returns FALSE
T6B44 043:276.056   JLINK_RTTERMINAL_Read(BufferIndex = 0, BufferSize = 0x00010000)
T6B44 043:276.168   - 0.107ms returns 0
T0C04 043:309.228 JLINK_IsHalted()
T0C04 043:311.244 - 2.014ms returns FALSE
T0C04 043:311.368 JLINK_IsHalted()
T0C04 043:313.088 - 1.715ms returns FALSE
T6B44 043:327.456   JLINK_RTTERMINAL_Read(BufferIndex = 0, BufferSize = 0x00010000)
T6B44 043:327.576   - 0.118ms returns 0
T6C08 043:376.068 JLINK_IsHalted()
T6C08 043:378.232 - 2.161ms returns FALSE
T6C08 043:378.376 JLINK_IsHalted()
T6C08 043:379.920 - 1.541ms returns FALSE
T6B44 043:380.060   JLINK_RTTERMINAL_Read(BufferIndex = 0, BufferSize = 0x00010000)
T6B44 043:380.152   - 0.093ms returns 0
T6B44 043:431.224   JLINK_RTTERMINAL_Read(BufferIndex = 0, BufferSize = 0x00010000)
T6B44 043:431.340   - 0.115ms returns 0
T6B44 043:482.768   JLINK_RTTERMINAL_Read(BufferIndex = 0, BufferSize = 0x00010000)
T6B44 043:483.224   - 0.452ms returns 0
T6C08 043:485.068 JLINK_IsHalted()
T6C08 043:488.684 - 3.613ms returns FALSE
T6C08 043:488.952 JLINK_IsHalted()
T6C08 043:490.512 - 1.553ms returns FALSE
T6B44 043:534.696   JLINK_RTTERMINAL_Read(BufferIndex = 0, BufferSize = 0x00010000)
T6B44 043:534.824   - 0.129ms returns 0
T6B44 043:585.480   JLINK_RTTERMINAL_Read(BufferIndex = 0, BufferSize = 0x00010000)
T6B44 043:585.620   - 0.138ms returns 0
T6C08 043:594.232 JLINK_IsHalted()
T6C08 043:595.532 - 1.301ms returns FALSE
T6C08 043:595.660 JLINK_IsHalted()
T6C08 043:597.396 - 1.734ms returns FALSE
T6B44 043:636.800   JLINK_RTTERMINAL_Read(BufferIndex = 0, BufferSize = 0x00010000)
T6B44 043:636.868   - 0.068ms returns 0
T6B44 043:687.720   JLINK_RTTERMINAL_Read(BufferIndex = 0, BufferSize = 0x00010000)
T6B44 043:687.816   - 0.100ms returns 0
T6C08 043:703.380 JLINK_IsHalted()
T6C08 043:704.268 - 0.889ms returns FALSE
T6C08 043:704.344 JLINK_IsHalted()
T6C08 043:706.160 - 1.817ms returns FALSE
T6B44 043:740.536   JLINK_RTTERMINAL_Read(BufferIndex = 0, BufferSize = 0x00010000)
T6B44 043:740.604   - 0.071ms returns 0
T6B44 043:791.708   JLINK_RTTERMINAL_Read(BufferIndex = 0, BufferSize = 0x00010000)
T6B44 043:791.816   - 0.109ms returns 0
T6C08 043:813.460 JLINK_IsHalted()
T6C08 043:815.704 - 2.243ms returns FALSE
T6C08 043:815.808 JLINK_IsHalted()
T6C08 043:817.404 - 1.596ms returns FALSE
T6B44 043:842.808   JLINK_RTTERMINAL_Read(BufferIndex = 0, BufferSize = 0x00010000)
T6B44 043:842.904   - 0.101ms returns 0
T6B44 043:893.788   JLINK_RTTERMINAL_Read(BufferIndex = 0, BufferSize = 0x00010000)
T6B44 043:893.908   - 0.118ms returns 0
T6C08 043:922.440 JLINK_IsHalted()
T6C08 043:923.496 - 1.055ms returns FALSE
T6C08 043:923.640 JLINK_IsHalted()
T6C08 043:925.352 - 1.706ms returns FALSE
T6B44 043:945.068   JLINK_RTTERMINAL_Read(BufferIndex = 0, BufferSize = 0x00010000)
T6B44 043:945.212   - 0.144ms returns 0
T6B44 043:996.000   JLINK_RTTERMINAL_Read(BufferIndex = 0, BufferSize = 0x00010000)
T6B44 043:996.308   - 0.307ms returns 0
T6C08 044:032.368 JLINK_IsHalted()
T6C08 044:033.992 - 1.621ms returns FALSE
T6C08 044:034.112 JLINK_IsHalted()
T6C08 044:035.820 - 1.708ms returns FALSE
T6B44 044:047.132   JLINK_RTTERMINAL_Read(BufferIndex = 0, BufferSize = 0x00010000)
T6B44 044:047.256   - 0.126ms returns 0
T6B44 044:097.624   JLINK_RTTERMINAL_Read(BufferIndex = 0, BufferSize = 0x00010000)
T6B44 044:097.744   - 0.119ms returns 0
T6C08 044:141.032 JLINK_IsHalted()
T6C08 044:142.164 - 1.129ms returns FALSE
T6C08 044:142.276 JLINK_IsHalted()
T6C08 044:143.924 - 1.647ms returns FALSE
T6B44 044:149.368   JLINK_RTTERMINAL_Read(BufferIndex = 0, BufferSize = 0x00010000)
T6B44 044:149.472   - 0.104ms returns 0
T6B44 044:200.700   JLINK_RTTERMINAL_Read(BufferIndex = 0, BufferSize = 0x00010000)
T6B44 044:200.832   - 0.130ms returns 0
T6C08 044:251.560 JLINK_IsHalted()
T6C08 044:252.740 - 1.177ms returns FALSE
T6B44 044:252.828   JLINK_RTTERMINAL_Read(BufferIndex = 0, BufferSize = 0x00010000)
T6B44 044:252.888   - 0.062ms returns 0
T6C08 044:253.108 JLINK_IsHalted()
T6C08 044:254.700 - 1.592ms returns FALSE
T6B44 044:303.332   JLINK_RTTERMINAL_Read(BufferIndex = 0, BufferSize = 0x00010000)
T6B44 044:303.448   - 0.116ms returns 0
T0C04 044:315.116 JLINK_IsHalted()
T0C04 044:316.952 - 1.837ms returns FALSE
T0C04 044:317.096 JLINK_IsHalted()
T0C04 044:318.788 - 1.691ms returns FALSE
T6B44 044:354.404   JLINK_RTTERMINAL_Read(BufferIndex = 0, BufferSize = 0x00010000)
T6B44 044:354.552   - 0.147ms returns 0
T6C08 044:359.720 JLINK_IsHalted()
T6C08 044:361.240 - 1.515ms returns FALSE
T6C08 044:361.420 JLINK_IsHalted()
T6C08 044:363.144 - 1.722ms returns FALSE
T6B44 044:405.736   JLINK_RTTERMINAL_Read(BufferIndex = 0, BufferSize = 0x00010000)
T6B44 044:405.892   - 0.155ms returns 0
T6B44 044:457.084   JLINK_RTTERMINAL_Read(BufferIndex = 0, BufferSize = 0x00010000)
T6B44 044:457.240   - 0.159ms returns 0
T6C08 044:469.112 JLINK_IsHalted()
T6C08 044:470.700 - 1.587ms returns FALSE
T6C08 044:470.852 JLINK_IsHalted()
T6C08 044:472.556 - 1.701ms returns FALSE
T6B44 044:508.028   JLINK_RTTERMINAL_Read(BufferIndex = 0, BufferSize = 0x00010000)
T6B44 044:508.128   - 0.101ms returns 0
T6B44 044:558.764   JLINK_RTTERMINAL_Read(BufferIndex = 0, BufferSize = 0x00010000)
T6B44 044:558.864   - 0.099ms returns 0
T6C08 044:578.936 JLINK_IsHalted()
T6C08 044:580.168 - 1.230ms returns FALSE
T6C08 044:580.276 JLINK_IsHalted()
T6C08 044:582.096 - 1.819ms returns FALSE
T6B44 044:609.644   JLINK_RTTERMINAL_Read(BufferIndex = 0, BufferSize = 0x00010000)
T6B44 044:609.712   - 0.067ms returns 0
T6B44 044:660.444   JLINK_RTTERMINAL_Read(BufferIndex = 0, BufferSize = 0x00010000)
T6B44 044:660.536   - 0.091ms returns 0
T6C08 044:688.636 JLINK_IsHalted()
T6C08 044:690.680 - 2.043ms returns FALSE
T6C08 044:690.960 JLINK_IsHalted()
T6C08 044:692.324 - 1.363ms returns FALSE
T6B44 044:713.312   JLINK_RTTERMINAL_Read(BufferIndex = 0, BufferSize = 0x00010000)
T6B44 044:713.480   - 0.167ms returns 0
T6B44 044:764.644   JLINK_RTTERMINAL_Read(BufferIndex = 0, BufferSize = 0x00010000)
T6B44 044:764.904   - 0.260ms returns 0
T6C08 044:797.656 JLINK_IsHalted()
T6C08 044:798.632 - 0.974ms returns FALSE
T6C08 044:798.688 JLINK_IsHalted()
T6C08 044:800.476 - 1.788ms returns FALSE
T6B44 044:815.800   JLINK_RTTERMINAL_Read(BufferIndex = 0, BufferSize = 0x00010000)
T6B44 044:815.912   - 0.112ms returns 0
T6B44 044:866.472   JLINK_RTTERMINAL_Read(BufferIndex = 0, BufferSize = 0x00010000)
T6B44 044:866.564   - 0.091ms returns 0
T6C08 044:906.468 JLINK_IsHalted()
T6C08 044:907.348 - 0.879ms returns FALSE
T6C08 044:907.404 JLINK_IsHalted()
T6C08 044:909.260 - 1.855ms returns FALSE
T6B44 044:917.320   JLINK_RTTERMINAL_Read(BufferIndex = 0, BufferSize = 0x00010000)
T6B44 044:917.576   - 0.257ms returns 0
T6B44 044:968.168   JLINK_RTTERMINAL_Read(BufferIndex = 0, BufferSize = 0x00010000)
T6B44 044:968.248   - 0.080ms returns 0
T6C08 045:016.024 JLINK_IsHalted()
T6C08 045:017.664 - 1.638ms returns FALSE
T6C08 045:017.768 JLINK_IsHalted()
T6C08 045:019.624 - 1.853ms returns FALSE
T6B44 045:020.032   JLINK_RTTERMINAL_Read(BufferIndex = 0, BufferSize = 0x00010000)
T6B44 045:020.164   - 0.130ms returns 0
T6B44 045:070.760   JLINK_RTTERMINAL_Read(BufferIndex = 0, BufferSize = 0x00010000)
T6B44 045:070.868   - 0.108ms returns 0
T6B44 045:122.708   JLINK_RTTERMINAL_Read(BufferIndex = 0, BufferSize = 0x00010000)
T6B44 045:122.796   - 0.087ms returns 0
T6C08 045:125.688 JLINK_IsHalted()
T6C08 045:127.288 - 1.598ms returns FALSE
T6C08 045:127.400 JLINK_IsHalted()
T6C08 045:129.008 - 1.606ms returns FALSE
T6B44 045:173.996   JLINK_RTTERMINAL_Read(BufferIndex = 0, BufferSize = 0x00010000)
T6B44 045:174.204   - 0.210ms returns 0
T6B44 045:225.984   JLINK_RTTERMINAL_Read(BufferIndex = 0, BufferSize = 0x00010000)
T6B44 045:226.168   - 0.182ms returns 0
T6C08 045:235.268 JLINK_IsHalted()
T6C08 045:237.100 - 1.829ms returns FALSE
T6C08 045:237.528 JLINK_IsHalted()
T6C08 045:241.412 - 3.882ms returns FALSE
T6B44 045:276.692   JLINK_RTTERMINAL_Read(BufferIndex = 0, BufferSize = 0x00010000)
T6B44 045:276.780   - 0.088ms returns 0
T0C04 045:319.608 JLINK_IsHalted()
T0C04 045:321.608 - 1.997ms returns FALSE
T0C04 045:321.728 JLINK_IsHalted()
T0C04 045:323.448 - 1.719ms returns FALSE
T6B44 045:327.752   JLINK_RTTERMINAL_Read(BufferIndex = 0, BufferSize = 0x00010000)
T6B44 045:327.848   - 0.093ms returns 0
T6C08 045:345.172 JLINK_IsHalted()
T6C08 045:346.280 - 1.105ms returns FALSE
T6C08 045:346.380 JLINK_IsHalted()
T6C08 045:348.520 - 2.141ms returns FALSE
T6B44 045:378.956   JLINK_RTTERMINAL_Read(BufferIndex = 0, BufferSize = 0x00010000)
T6B44 045:379.048   - 0.092ms returns 0
T6B44 045:430.760   JLINK_RTTERMINAL_Read(BufferIndex = 0, BufferSize = 0x00010000)
T6B44 045:430.884   - 0.125ms returns 0
T6C08 045:454.504 JLINK_IsHalted()
T6C08 045:456.068 - 1.563ms returns FALSE
T6C08 045:456.264 JLINK_IsHalted()
T6C08 045:458.248 - 1.983ms returns FALSE
T6B44 045:482.768   JLINK_RTTERMINAL_Read(BufferIndex = 0, BufferSize = 0x00010000)
T6B44 045:482.940   - 0.173ms returns 0
T6B44 045:534.444   JLINK_RTTERMINAL_Read(BufferIndex = 0, BufferSize = 0x00010000)
T6B44 045:534.620   - 0.176ms returns 0
T6C08 045:563.660 JLINK_IsHalted()
T6C08 045:565.484 - 1.821ms returns FALSE
T6C08 045:565.744 JLINK_IsHalted()
T6C08 045:567.368 - 1.622ms returns FALSE
T6B44 045:585.776   JLINK_RTTERMINAL_Read(BufferIndex = 0, BufferSize = 0x00010000)
T6B44 045:585.940   - 0.162ms returns 0
T6B44 045:637.376   JLINK_RTTERMINAL_Read(BufferIndex = 0, BufferSize = 0x00010000)
T6B44 045:637.508   - 0.129ms returns 0
T6C08 045:672.416 JLINK_IsHalted()
T6C08 045:674.040 - 1.622ms returns FALSE
T6C08 045:674.280 JLINK_IsHalted()
T6C08 045:675.604 - 1.322ms returns FALSE
T6B44 045:688.256   JLINK_RTTERMINAL_Read(BufferIndex = 0, BufferSize = 0x00010000)
T6B44 045:688.348   - 0.092ms returns 0
T6B44 045:739.508   JLINK_RTTERMINAL_Read(BufferIndex = 0, BufferSize = 0x00010000)
T6B44 045:739.576   - 0.071ms returns 0
T6C08 045:782.460 JLINK_IsHalted()
T6C08 045:784.572 - 2.110ms returns FALSE
T6C08 045:784.664 JLINK_IsHalted()
T6C08 045:786.176 - 1.506ms returns FALSE
T6B44 045:790.444   JLINK_RTTERMINAL_Read(BufferIndex = 0, BufferSize = 0x00010000)
T6B44 045:790.536   - 0.090ms returns 0
T6B44 045:841.260   JLINK_RTTERMINAL_Read(BufferIndex = 0, BufferSize = 0x00010000)
T6B44 045:841.364   - 0.100ms returns 0
T6C08 045:892.420 JLINK_IsHalted()
T6C08 045:894.168 - 1.746ms returns FALSE
T6B44 045:894.232   JLINK_RTTERMINAL_Read(BufferIndex = 0, BufferSize = 0x00010000)
T6B44 045:894.284   - 0.052ms returns 0
T6C08 045:894.384 JLINK_IsHalted()
T6C08 045:896.040 - 1.652ms returns FALSE
T6B44 045:944.904   JLINK_RTTERMINAL_Read(BufferIndex = 0, BufferSize = 0x00010000)
T6B44 045:945.008   - 0.103ms returns 0
T6B44 045:996.324   JLINK_RTTERMINAL_Read(BufferIndex = 0, BufferSize = 0x00010000)
T6B44 045:996.464   - 0.140ms returns 0
T6C08 046:001.392 JLINK_IsHalted()
T6C08 046:002.952 - 1.560ms returns FALSE
T6C08 046:003.096 JLINK_IsHalted()
T6C08 046:004.800 - 1.706ms returns FALSE
T6B44 046:048.072   JLINK_RTTERMINAL_Read(BufferIndex = 0, BufferSize = 0x00010000)
T6B44 046:048.244   - 0.175ms returns 0
T6B44 046:099.188   JLINK_RTTERMINAL_Read(BufferIndex = 0, BufferSize = 0x00010000)
T6B44 046:099.380   - 0.192ms returns 0
T6C08 046:109.976 JLINK_IsHalted()
T6C08 046:111.736 - 1.758ms returns FALSE
T6C08 046:111.932 JLINK_IsHalted()
T6C08 046:113.720 - 1.782ms returns FALSE
T6B44 046:150.200   JLINK_RTTERMINAL_Read(BufferIndex = 0, BufferSize = 0x00010000)
T6B44 046:150.472   - 0.271ms returns 0
T6B44 046:201.368   JLINK_RTTERMINAL_Read(BufferIndex = 0, BufferSize = 0x00010000)
T6B44 046:201.452   - 0.087ms returns 0
T6C08 046:219.208 JLINK_IsHalted()
T6C08 046:221.024 - 1.817ms returns FALSE
T6C08 046:221.096 JLINK_IsHalted()
T6C08 046:222.888 - 1.787ms returns FALSE
T6B44 046:252.424   JLINK_RTTERMINAL_Read(BufferIndex = 0, BufferSize = 0x00010000)
T6B44 046:252.508   - 0.082ms returns 0
T6B44 046:302.932   JLINK_RTTERMINAL_Read(BufferIndex = 0, BufferSize = 0x00010000)
T6B44 046:303.012   - 0.078ms returns 0
T0C04 046:324.264 JLINK_IsHalted()
T0C04 046:325.340 - 1.077ms returns FALSE
T0C04 046:325.396 JLINK_IsHalted()
T0C04 046:327.224 - 1.825ms returns FALSE
T6C08 046:328.784 JLINK_IsHalted()
T6C08 046:330.280 - 1.494ms returns FALSE
T6C08 046:330.344 JLINK_IsHalted()
T6C08 046:332.084 - 1.736ms returns FALSE
T6B44 046:356.036   JLINK_RTTERMINAL_Read(BufferIndex = 0, BufferSize = 0x00010000)
T6B44 046:356.092   - 0.058ms returns 0
T6B44 046:406.992   JLINK_RTTERMINAL_Read(BufferIndex = 0, BufferSize = 0x00010000)
T6B44 046:407.092   - 0.099ms returns 0
T6C08 046:438.672 JLINK_IsHalted()
T6C08 046:440.084 - 1.409ms returns FALSE
T6C08 046:440.152 JLINK_IsHalted()
T6C08 046:442.112 - 1.957ms returns FALSE
T6B44 046:460.656   JLINK_RTTERMINAL_Read(BufferIndex = 0, BufferSize = 0x00010000)
T6B44 046:460.952   - 0.298ms returns 0
T6B44 046:511.744   JLINK_RTTERMINAL_Read(BufferIndex = 0, BufferSize = 0x00010000)
T6B44 046:511.992   - 0.250ms returns 0
T6C08 046:548.260 JLINK_IsHalted()
T6C08 046:550.312 - 2.054ms returns FALSE
T6C08 046:550.464 JLINK_IsHalted()
T6C08 046:552.024 - 1.556ms returns FALSE
T6B44 046:562.952   JLINK_RTTERMINAL_Read(BufferIndex = 0, BufferSize = 0x00010000)
T6B44 046:563.096   - 0.146ms returns 0
T6B44 046:615.284   JLINK_RTTERMINAL_Write(BufferIndex = 0, BufferSize = 0x00000003)
T6B44 046:615.396     CPU_ReadMem(24 bytes @ 0x200308EC)
T6B44 046:616.632     CPU_WriteMem(3 bytes @ 0x2003047C)
T6B44 046:618.724     CPU_WriteMem(4 bytes @ 0x200308F8)
T6B44 046:620.656   - 5.383ms returns 3
T6B44 046:628.720   JLINK_RTTERMINAL_Read(BufferIndex = 0, BufferSize = 0x00010000)
T6B44 046:628.872   - 0.149ms returns 378
T6B44 046:629.308   JLINK_RTTERMINAL_Read(BufferIndex = 0, BufferSize = 0x00010000)
T6B44 046:629.404   - 0.096ms returns 0
T6C08 046:656.668 JLINK_IsHalted()
T6C08 046:657.768 - 1.098ms returns FALSE
T6C08 046:657.864 JLINK_IsHalted()
T6C08 046:659.896 - 2.030ms returns FALSE
T6B44 046:680.240   JLINK_RTTERMINAL_Read(BufferIndex = 0, BufferSize = 0x00010000)
T6B44 046:680.336   - 0.096ms returns 0
T6B44 046:731.412   JLINK_RTTERMINAL_Read(BufferIndex = 0, BufferSize = 0x00010000)
T6B44 046:731.512   - 0.100ms returns 0
T6C08 046:765.932 JLINK_IsHalted()
T6C08 046:767.628 - 1.693ms returns FALSE
T6C08 046:767.824 JLINK_IsHalted()
T6C08 046:768.996 - 1.169ms returns FALSE
T6B44 046:782.760   JLINK_RTTERMINAL_Read(BufferIndex = 0, BufferSize = 0x00010000)
T6B44 046:782.980   - 0.221ms returns 0
T6B44 046:833.528   JLINK_RTTERMINAL_Read(BufferIndex = 0, BufferSize = 0x00010000)
T6B44 046:833.624   - 0.101ms returns 0
T6C08 046:875.348 JLINK_IsHalted()
T6C08 046:876.612 - 1.261ms returns FALSE
T6C08 046:876.700 JLINK_IsHalted()
T6C08 046:878.476 - 1.773ms returns FALSE
T6B44 046:884.328   JLINK_RTTERMINAL_Read(BufferIndex = 0, BufferSize = 0x00010000)
T6B44 046:884.428   - 0.100ms returns 0
T6B44 046:935.092   JLINK_RTTERMINAL_Read(BufferIndex = 0, BufferSize = 0x00010000)
T6B44 046:935.276   - 0.185ms returns 0
T6C08 046:985.048 JLINK_IsHalted()
T6C08 046:986.344 - 1.291ms returns FALSE
T6B44 046:986.536   JLINK_RTTERMINAL_Read(BufferIndex = 0, BufferSize = 0x00010000)
T6B44 046:986.704   - 0.168ms returns 0
T6C08 046:987.096 JLINK_IsHalted()
T6C08 046:988.108 - 1.012ms returns FALSE
T6B44 047:037.300   JLINK_RTTERMINAL_Read(BufferIndex = 0, BufferSize = 0x00010000)
T6B44 047:037.384   - 0.083ms returns 0
T6B44 047:087.736   JLINK_RTTERMINAL_Read(BufferIndex = 0, BufferSize = 0x00010000)
T6B44 047:087.824   - 0.085ms returns 0
T6C08 047:094.960 JLINK_IsHalted()
T6C08 047:096.764 - 1.806ms returns FALSE
T6C08 047:096.840 JLINK_IsHalted()
T6C08 047:098.584 - 1.744ms returns FALSE
T6B44 047:140.628   JLINK_RTTERMINAL_Read(BufferIndex = 0, BufferSize = 0x00010000)
T6B44 047:140.724   - 0.099ms returns 0
T6B44 047:191.232   JLINK_RTTERMINAL_Read(BufferIndex = 0, BufferSize = 0x00010000)
T6B44 047:191.320   - 0.089ms returns 0
T6C08 047:204.132 JLINK_IsHalted()
T6C08 047:204.888 - 0.760ms returns FALSE
T6C08 047:204.952 JLINK_IsHalted()
T6C08 047:206.740 - 1.783ms returns FALSE
T6B44 047:242.588   JLINK_RTTERMINAL_Read(BufferIndex = 0, BufferSize = 0x00010000)
T6B44 047:242.680   - 0.093ms returns 0
T6B44 047:294.600   JLINK_RTTERMINAL_Read(BufferIndex = 0, BufferSize = 0x00010000)
T6B44 047:294.744   - 0.139ms returns 0
T6C08 047:313.468 JLINK_IsHalted()
T6C08 047:314.840 - 1.371ms returns FALSE
T6C08 047:314.936 JLINK_IsHalted()
T6C08 047:316.936 - 1.999ms returns FALSE
T0C04 047:328.344 JLINK_IsHalted()
T0C04 047:330.480 - 2.135ms returns FALSE
T0C04 047:330.588 JLINK_IsHalted()
T0C04 047:332.096 - 1.505ms returns FALSE
T6B44 047:346.896   JLINK_RTTERMINAL_Read(BufferIndex = 0, BufferSize = 0x00010000)
T6B44 047:347.000   - 0.102ms returns 0
T6B44 047:398.412   JLINK_RTTERMINAL_Read(BufferIndex = 0, BufferSize = 0x00010000)
T6B44 047:398.516   - 0.104ms returns 0
T6C08 047:422.328 JLINK_IsHalted()
T6C08 047:424.696 - 2.367ms returns FALSE
T6C08 047:424.788 JLINK_IsHalted()
T6C08 047:426.360 - 1.568ms returns FALSE
T6B44 047:449.148   JLINK_RTTERMINAL_Read(BufferIndex = 0, BufferSize = 0x00010000)
T6B44 047:449.396   - 0.244ms returns 0
T6B44 047:500.484   JLINK_RTTERMINAL_Read(BufferIndex = 0, BufferSize = 0x00010000)
T6B44 047:500.740   - 0.255ms returns 0
T6C08 047:531.776 JLINK_IsHalted()
T6C08 047:533.516 - 1.740ms returns FALSE
T6C08 047:533.660 JLINK_IsHalted()
T6C08 047:535.696 - 2.034ms returns FALSE
T6B44 047:552.576   JLINK_RTTERMINAL_Read(BufferIndex = 0, BufferSize = 0x00010000)
T6B44 047:552.716   - 0.142ms returns 0
T6B44 047:604.120   JLINK_RTTERMINAL_Read(BufferIndex = 0, BufferSize = 0x00010000)
T6B44 047:604.300   - 0.184ms returns 0
T6C08 047:641.208 JLINK_IsHalted()
T6C08 047:643.240 - 2.029ms returns FALSE
T6C08 047:643.432 JLINK_IsHalted()
T6C08 047:644.928 - 1.491ms returns FALSE
T6B44 047:656.184   JLINK_RTTERMINAL_Read(BufferIndex = 0, BufferSize = 0x00010000)
T6B44 047:656.424   - 0.237ms returns 0
T6B44 047:707.740   JLINK_RTTERMINAL_Read(BufferIndex = 0, BufferSize = 0x00010000)
T6B44 047:707.816   - 0.077ms returns 0
T6C08 047:750.692 JLINK_IsHalted()
T6C08 047:751.732 - 1.038ms returns FALSE
T6C08 047:751.832 JLINK_IsHalted()
T6C08 047:753.516 - 1.684ms returns FALSE
T6B44 047:758.644   JLINK_RTTERMINAL_Read(BufferIndex = 0, BufferSize = 0x00010000)
T6B44 047:758.704   - 0.061ms returns 0
T6B44 047:809.156   JLINK_RTTERMINAL_Read(BufferIndex = 0, BufferSize = 0x00010000)
T6B44 047:809.260   - 0.104ms returns 0
T6C08 047:859.976 JLINK_IsHalted()
T6C08 047:861.440 - 1.464ms returns FALSE
T6B44 047:861.548   JLINK_RTTERMINAL_Read(BufferIndex = 0, BufferSize = 0x00010000)
T6B44 047:861.616   - 0.068ms returns 0
T6C08 047:861.792 JLINK_IsHalted()
T6C08 047:863.440 - 1.647ms returns FALSE
T6B44 047:912.040   JLINK_RTTERMINAL_Read(BufferIndex = 0, BufferSize = 0x00010000)
T6B44 047:912.136   - 0.096ms returns 0
T6B44 047:965.112   JLINK_RTTERMINAL_Read(BufferIndex = 0, BufferSize = 0x00010000)
T6B44 047:965.208   - 0.100ms returns 0
T6C08 047:969.448 JLINK_IsHalted()
T6C08 047:971.064 - 1.617ms returns FALSE
T6C08 047:971.176 JLINK_IsHalted()
T6C08 047:972.808 - 1.631ms returns FALSE
T6B44 048:016.448   JLINK_RTTERMINAL_Read(BufferIndex = 0, BufferSize = 0x00010000)
T6B44 048:016.712   - 0.265ms returns 0
T6B44 048:068.424   JLINK_RTTERMINAL_Read(BufferIndex = 0, BufferSize = 0x00010000)
T6B44 048:068.528   - 0.101ms returns 0
T6C08 048:078.612 JLINK_IsHalted()
T6C08 048:080.284 - 1.672ms returns FALSE
T6C08 048:080.404 JLINK_IsHalted()
T6C08 048:082.120 - 1.713ms returns FALSE
T6B44 048:120.776   JLINK_RTTERMINAL_Read(BufferIndex = 0, BufferSize = 0x00010000)
T6B44 048:120.860   - 0.086ms returns 0
T6B44 048:172.548   JLINK_RTTERMINAL_Read(BufferIndex = 0, BufferSize = 0x00010000)
T6B44 048:172.700   - 0.154ms returns 0
T6C08 048:188.208 JLINK_IsHalted()
T6C08 048:190.296 - 2.084ms returns FALSE
T6C08 048:190.480 JLINK_IsHalted()
T6C08 048:192.148 - 1.665ms returns FALSE
T6B44 048:224.116   JLINK_RTTERMINAL_Read(BufferIndex = 0, BufferSize = 0x00010000)
T6B44 048:224.304   - 0.190ms returns 0
T6B44 048:274.856   JLINK_RTTERMINAL_Read(BufferIndex = 0, BufferSize = 0x00010000)
T6B44 048:274.952   - 0.096ms returns 0
T6C08 048:297.520 JLINK_IsHalted()
T6C08 048:299.408 - 1.885ms returns FALSE
T6C08 048:299.464 JLINK_IsHalted()
T6C08 048:301.248 - 1.785ms returns FALSE
T6B44 048:326.176   JLINK_RTTERMINAL_Read(BufferIndex = 0, BufferSize = 0x00010000)
T6B44 048:326.304   - 0.128ms returns 0
T0C04 048:333.644 JLINK_IsHalted()
T0C04 048:334.756 - 1.110ms returns FALSE
T0C04 048:334.872 JLINK_IsHalted()
T0C04 048:336.612 - 1.738ms returns FALSE
T6B44 048:376.984   JLINK_RTTERMINAL_Read(BufferIndex = 0, BufferSize = 0x00010000)
T6B44 048:377.088   - 0.106ms returns 0
T6C08 048:406.824 JLINK_IsHalted()
T6C08 048:408.776 - 1.950ms returns FALSE
T6C08 048:408.824 JLINK_IsHalted()
T6C08 048:410.568 - 1.748ms returns FALSE
T6B44 048:427.896   JLINK_RTTERMINAL_Read(BufferIndex = 0, BufferSize = 0x00010000)
T6B44 048:427.976   - 0.085ms returns 0
T6B44 048:478.512   JLINK_RTTERMINAL_Read(BufferIndex = 0, BufferSize = 0x00010000)
T6B44 048:478.616   - 0.101ms returns 0
T6C08 048:518.100 JLINK_IsHalted()
T6C08 048:519.912 - 1.813ms returns FALSE
T6C08 048:520.040 JLINK_IsHalted()
T6C08 048:522.064 - 2.024ms returns FALSE
T6B44 048:531.252   JLINK_RTTERMINAL_Read(BufferIndex = 0, BufferSize = 0x00010000)
T6B44 048:531.572   - 0.320ms returns 0
T6B44 048:582.228   JLINK_RTTERMINAL_Read(BufferIndex = 0, BufferSize = 0x00010000)
T6B44 048:582.340   - 0.110ms returns 0
T6C08 048:625.296 JLINK_IsHalted()
T6C08 048:626.920 - 1.621ms returns FALSE
T6C08 048:627.028 JLINK_IsHalted()
T6C08 048:628.832 - 1.804ms returns FALSE
T6B44 048:633.448   JLINK_RTTERMINAL_Read(BufferIndex = 0, BufferSize = 0x00010000)
T6B44 048:633.576   - 0.124ms returns 0
T6B44 048:684.224   JLINK_RTTERMINAL_Read(BufferIndex = 0, BufferSize = 0x00010000)
T6B44 048:684.312   - 0.087ms returns 0
T6C08 048:735.172 JLINK_IsHalted()
T6C08 048:736.348 - 1.177ms returns FALSE
T6B44 048:736.468   JLINK_RTTERMINAL_Read(BufferIndex = 0, BufferSize = 0x00010000)
T6B44 048:736.540   - 0.073ms returns 0
T6C08 048:736.740 JLINK_IsHalted()
T6C08 048:738.224 - 1.485ms returns FALSE
T6B44 048:787.648   JLINK_RTTERMINAL_Read(BufferIndex = 0, BufferSize = 0x00010000)
T6B44 048:787.788   - 0.141ms returns 0
T6B44 048:839.224   JLINK_RTTERMINAL_Read(BufferIndex = 0, BufferSize = 0x00010000)
T6B44 048:839.344   - 0.118ms returns 0
T6C08 048:845.360 JLINK_IsHalted()
T6C08 048:847.232 - 1.870ms returns FALSE
T6C08 048:847.356 JLINK_IsHalted()
T6C08 048:849.096 - 1.738ms returns FALSE
T6B44 048:890.744   JLINK_RTTERMINAL_Read(BufferIndex = 0, BufferSize = 0x00010000)
T6B44 048:890.888   - 0.140ms returns 0
T6B44 048:941.972   JLINK_RTTERMINAL_Read(BufferIndex = 0, BufferSize = 0x00010000)
T6B44 048:942.056   - 0.083ms returns 0
T6C08 048:953.356 JLINK_IsHalted()
T6C08 048:954.696 - 1.339ms returns FALSE
T6C08 048:954.796 JLINK_IsHalted()
T6C08 048:956.536 - 1.741ms returns FALSE
T6B44 048:992.572   JLINK_RTTERMINAL_Read(BufferIndex = 0, BufferSize = 0x00010000)
T6B44 048:992.680   - 0.113ms returns 0
T6B44 049:043.608   JLINK_RTTERMINAL_Read(BufferIndex = 0, BufferSize = 0x00010000)
T6B44 049:043.780   - 0.167ms returns 0
T6C08 049:063.624 JLINK_IsHalted()
T6C08 049:065.112 - 1.487ms returns FALSE
T6C08 049:065.212 JLINK_IsHalted()
T6C08 049:067.072 - 1.859ms returns FALSE
T6B44 049:094.988   JLINK_RTTERMINAL_Read(BufferIndex = 0, BufferSize = 0x00010000)
T6B44 049:095.144   - 0.156ms returns 0
T6B44 049:146.644   JLINK_RTTERMINAL_Read(BufferIndex = 0, BufferSize = 0x00010000)
T6B44 049:146.800   - 0.157ms returns 0
T6C08 049:172.412 JLINK_IsHalted()
T6C08 049:173.656 - 1.245ms returns FALSE
T6C08 049:173.720 JLINK_IsHalted()
T6C08 049:175.516 - 1.796ms returns FALSE
T6B44 049:197.356   JLINK_RTTERMINAL_Read(BufferIndex = 0, BufferSize = 0x00010000)
T6B44 049:197.440   - 0.083ms returns 0
T6B44 049:249.064   JLINK_RTTERMINAL_Read(BufferIndex = 0, BufferSize = 0x00010000)
T6B44 049:249.176   - 0.111ms returns 0
T6C08 049:282.408 JLINK_IsHalted()
T6C08 049:284.732 - 2.321ms returns FALSE
T6C08 049:285.008 JLINK_IsHalted()
T6C08 049:286.536 - 1.524ms returns FALSE
T6B44 049:300.116   JLINK_RTTERMINAL_Read(BufferIndex = 0, BufferSize = 0x00010000)
T6B44 049:300.212   - 0.096ms returns 0
T0C04 049:337.784 JLINK_IsHalted()
T0C04 049:339.456 - 1.667ms returns FALSE
T0C04 049:339.528 JLINK_IsHalted()
T0C04 049:341.308 - 1.771ms returns FALSE
T6B44 049:350.792   JLINK_RTTERMINAL_Read(BufferIndex = 0, BufferSize = 0x00010000)
T6B44 049:350.872   - 0.079ms returns 0
T6C08 049:392.576 JLINK_IsHalted()
T6C08 049:394.328 - 1.753ms returns FALSE
T6C08 049:394.424 JLINK_IsHalted()
T6C08 049:396.212 - 1.788ms returns FALSE
T6B44 049:401.716   JLINK_RTTERMINAL_Read(BufferIndex = 0, BufferSize = 0x00010000)
T6B44 049:401.772   - 0.058ms returns 0
T6B44 049:452.352   JLINK_RTTERMINAL_Read(BufferIndex = 0, BufferSize = 0x00010000)
T6B44 049:452.432   - 0.081ms returns 0
T6C08 049:500.216 JLINK_IsHalted()
T6C08 049:501.364 - 1.148ms returns FALSE
T6C08 049:501.424 JLINK_IsHalted()
T6C08 049:503.244 - 1.821ms returns FALSE
T6B44 049:504.948   JLINK_RTTERMINAL_Read(BufferIndex = 0, BufferSize = 0x00010000)
T6B44 049:505.016   - 0.065ms returns 0
T6B44 049:556.200   JLINK_RTTERMINAL_Read(BufferIndex = 0, BufferSize = 0x00010000)
T6B44 049:556.308   - 0.104ms returns 0
T6B44 049:607.084   JLINK_RTTERMINAL_Read(BufferIndex = 0, BufferSize = 0x00010000)
T6B44 049:607.188   - 0.102ms returns 0
T6C08 049:610.356 JLINK_IsHalted()
T6C08 049:612.592 - 2.236ms returns FALSE
T6C08 049:612.676 JLINK_IsHalted()
T6C08 049:614.536 - 1.862ms returns FALSE
T6B44 049:658.368   JLINK_RTTERMINAL_Read(BufferIndex = 0, BufferSize = 0x00010000)
T6B44 049:658.448   - 0.079ms returns 0
T6B44 049:708.824   JLINK_RTTERMINAL_Read(BufferIndex = 0, BufferSize = 0x00010000)
T6B44 049:708.904   - 0.079ms returns 0
T6C08 049:719.848 JLINK_IsHalted()
T6C08 049:721.356 - 1.509ms returns FALSE
T6C08 049:721.452 JLINK_IsHalted()
T6C08 049:723.368 - 1.917ms returns FALSE
T6B44 049:760.264   JLINK_RTTERMINAL_Read(BufferIndex = 0, BufferSize = 0x00010000)
T6B44 049:760.412   - 0.149ms returns 0
T6B44 049:811.752   JLINK_RTTERMINAL_Read(BufferIndex = 0, BufferSize = 0x00010000)
T6B44 049:811.896   - 0.147ms returns 0
T6C08 049:829.496 JLINK_IsHalted()
T6C08 049:830.728 - 1.231ms returns FALSE
T6C08 049:833.008 JLINK_IsHalted()
T6C08 049:834.680 - 1.669ms returns FALSE
T6B44 049:863.468   JLINK_RTTERMINAL_Read(BufferIndex = 0, BufferSize = 0x00010000)
T6B44 049:863.580   - 0.112ms returns 0
T6B44 049:915.116   JLINK_RTTERMINAL_Read(BufferIndex = 0, BufferSize = 0x00010000)
T6B44 049:915.324   - 0.211ms returns 0
T6C08 049:938.564 JLINK_IsHalted()
T6C08 049:941.096 - 2.530ms returns FALSE
T6C08 049:941.392 JLINK_IsHalted()
T6C08 049:942.920 - 1.525ms returns FALSE
T6B44 049:966.724   JLINK_RTTERMINAL_Read(BufferIndex = 0, BufferSize = 0x00010000)
T6B44 049:966.968   - 0.248ms returns 0
T6B44 050:017.660   JLINK_RTTERMINAL_Read(BufferIndex = 0, BufferSize = 0x00010000)
T6B44 050:017.736   - 0.074ms returns 0
T6C08 050:047.264 JLINK_IsHalted()
T6C08 050:049.008 - 1.743ms returns FALSE
T6C08 050:049.068 JLINK_IsHalted()
T6C08 050:050.856 - 1.787ms returns FALSE
T6B44 050:068.668   JLINK_RTTERMINAL_Read(BufferIndex = 0, BufferSize = 0x00010000)
T6B44 050:068.748   - 0.079ms returns 0
T6B44 050:120.500   JLINK_RTTERMINAL_Read(BufferIndex = 0, BufferSize = 0x00010000)
T6B44 050:120.576   - 0.075ms returns 0
T6C08 050:157.144 JLINK_IsHalted()
T6C08 050:158.200 - 1.058ms returns FALSE
T6C08 050:158.260 JLINK_IsHalted()
T6C08 050:160.008 - 1.747ms returns FALSE
T6B44 050:171.392   JLINK_RTTERMINAL_Read(BufferIndex = 0, BufferSize = 0x00010000)
T6B44 050:171.468   - 0.075ms returns 0
T6B44 050:222.200   JLINK_RTTERMINAL_Read(BufferIndex = 0, BufferSize = 0x00010000)
T6B44 050:222.296   - 0.096ms returns 0
T6C08 050:266.920 JLINK_IsHalted()
T6C08 050:268.812 - 1.892ms returns FALSE
T6C08 050:268.936 JLINK_IsHalted()
T6C08 050:270.924 - 1.989ms returns FALSE
T6B44 050:272.740   JLINK_RTTERMINAL_Read(BufferIndex = 0, BufferSize = 0x00010000)
T6B44 050:272.864   - 0.127ms returns 0
T6B44 050:323.860   JLINK_RTTERMINAL_Read(BufferIndex = 0, BufferSize = 0x00010000)
T6B44 050:323.956   - 0.098ms returns 0
T0C04 050:341.868 JLINK_IsHalted()
T0C04 050:343.376 - 1.506ms returns FALSE
T0C04 050:343.432 JLINK_IsHalted()
T0C04 050:345.348 - 1.915ms returns FALSE
T6B44 050:374.444   JLINK_RTTERMINAL_Read(BufferIndex = 0, BufferSize = 0x00010000)
T6B44 050:374.544   - 0.102ms returns 0
T6C08 050:375.780 JLINK_IsHalted()
T6C08 050:377.432 - 1.652ms returns FALSE
T6C08 050:377.548 JLINK_IsHalted()
T6C08 050:379.696 - 2.145ms returns FALSE
T6B44 050:425.640   JLINK_RTTERMINAL_Read(BufferIndex = 0, BufferSize = 0x00010000)
T6B44 050:425.824   - 0.185ms returns 0
T6B44 050:477.468   JLINK_RTTERMINAL_Read(BufferIndex = 0, BufferSize = 0x00010000)
T6B44 050:478.180   - 0.711ms returns 0
T6C08 050:484.928 JLINK_IsHalted()
T6C08 050:487.148 - 2.219ms returns FALSE
T6C08 050:487.276 JLINK_IsHalted()
T6C08 050:488.744 - 1.465ms returns FALSE
T6B44 050:528.576   JLINK_RTTERMINAL_Read(BufferIndex = 0, BufferSize = 0x00010000)
T6B44 050:528.652   - 0.076ms returns 0
T6B44 050:579.248   JLINK_RTTERMINAL_Read(BufferIndex = 0, BufferSize = 0x00010000)
T6B44 050:579.372   - 0.126ms returns 0
T6C08 050:594.104 JLINK_IsHalted()
T6C08 050:595.796 - 1.692ms returns FALSE
T6C08 050:595.928 JLINK_IsHalted()
T6C08 050:597.480 - 1.547ms returns FALSE
T6B44 050:629.896   JLINK_RTTERMINAL_Read(BufferIndex = 0, BufferSize = 0x00010000)
T6B44 050:630.012   - 0.115ms returns 0
T6B44 050:680.680   JLINK_RTTERMINAL_Read(BufferIndex = 0, BufferSize = 0x00010000)
T6B44 050:680.760   - 0.075ms returns 0
T6C08 050:703.396 JLINK_IsHalted()
T6C08 050:704.996 - 1.598ms returns FALSE
T6C08 050:705.056 JLINK_IsHalted()
T6C08 050:706.948 - 1.891ms returns FALSE
T6B44 050:732.004   JLINK_RTTERMINAL_Read(BufferIndex = 0, BufferSize = 0x00010000)
T6B44 050:732.076   - 0.075ms returns 0
T6B44 050:782.624   JLINK_RTTERMINAL_Read(BufferIndex = 0, BufferSize = 0x00010000)
T6B44 050:782.976   - 0.354ms returns 0
T6C08 050:813.496 JLINK_IsHalted()
T6C08 050:814.976 - 1.480ms returns FALSE
T6C08 050:815.068 JLINK_IsHalted()
T6C08 050:816.768 - 1.694ms returns FALSE
T6B44 050:834.652   JLINK_RTTERMINAL_Read(BufferIndex = 0, BufferSize = 0x00010000)
T6B44 050:834.784   - 0.134ms returns 0
T6B44 050:885.392   JLINK_RTTERMINAL_Read(BufferIndex = 0, BufferSize = 0x00010000)
T6B44 050:885.528   - 0.140ms returns 0
T6C08 050:922.536 JLINK_IsHalted()
T6C08 050:924.856 - 2.315ms returns FALSE
T6C08 050:925.088 JLINK_IsHalted()
T6C08 050:927.056 - 1.965ms returns FALSE
T6B44 050:937.624   JLINK_RTTERMINAL_Read(BufferIndex = 0, BufferSize = 0x00010000)
T6B44 050:937.988   - 0.364ms returns 0
T6B44 050:989.356   JLINK_RTTERMINAL_Read(BufferIndex = 0, BufferSize = 0x00010000)
T6B44 050:989.624   - 0.270ms returns 0
T6C08 051:032.224 JLINK_IsHalted()
T6C08 051:034.604 - 2.377ms returns FALSE
T6C08 051:035.076 JLINK_IsHalted()
T6C08 051:037.548 - 2.474ms returns FALSE
T6B44 051:040.636   JLINK_RTTERMINAL_Read(BufferIndex = 0, BufferSize = 0x00010000)
T6B44 051:040.928   - 0.289ms returns 0
T6B44 051:092.204   JLINK_RTTERMINAL_Read(BufferIndex = 0, BufferSize = 0x00010000)
T6B44 051:092.336   - 0.130ms returns 0
T6C08 051:141.496 JLINK_IsHalted()
T6C08 051:143.064 - 1.563ms returns FALSE
T6B44 051:143.132   JLINK_RTTERMINAL_Read(BufferIndex = 0, BufferSize = 0x00010000)
T6B44 051:143.192   - 0.061ms returns 0
T6C08 051:143.324 JLINK_IsHalted()
T6C08 051:144.844 - 1.518ms returns FALSE
T6B44 051:194.440   JLINK_RTTERMINAL_Read(BufferIndex = 0, BufferSize = 0x00010000)
T6B44 051:194.568   - 0.128ms returns 0
T6B44 051:245.900   JLINK_RTTERMINAL_Read(BufferIndex = 0, BufferSize = 0x00010000)
T6B44 051:246.024   - 0.124ms returns 0
T6C08 051:250.584 JLINK_IsHalted()
T6C08 051:252.396 - 1.813ms returns FALSE
T6C08 051:252.532 JLINK_IsHalted()
T6C08 051:254.536 - 2.000ms returns FALSE
T6B44 051:296.848   JLINK_RTTERMINAL_Read(BufferIndex = 0, BufferSize = 0x00010000)
T6B44 051:296.952   - 0.102ms returns 0
T0C04 051:345.184 JLINK_IsHalted()
T0C04 051:346.404 - 1.218ms returns FALSE
T0C04 051:346.536 JLINK_IsHalted()
T0C04 051:348.344 - 1.802ms returns FALSE
T6B44 051:348.456   JLINK_RTTERMINAL_Read(BufferIndex = 0, BufferSize = 0x00010000)
T6B44 051:348.528   - 0.074ms returns 0
T6C08 051:360.472 JLINK_IsHalted()
T6C08 051:361.868 - 1.392ms returns FALSE
T6C08 051:361.928 JLINK_IsHalted()
T6C08 051:363.688 - 1.761ms returns FALSE
T6B44 051:399.824   JLINK_RTTERMINAL_Read(BufferIndex = 0, BufferSize = 0x00010000)
T6B44 051:399.936   - 0.111ms returns 0
T6B44 051:451.304   JLINK_RTTERMINAL_Read(BufferIndex = 0, BufferSize = 0x00010000)
T6B44 051:451.516   - 0.210ms returns 0
T6C08 051:469.384 JLINK_IsHalted()
T6C08 051:471.508 - 2.118ms returns FALSE
T6C08 051:471.740 JLINK_IsHalted()
T6C08 051:473.440 - 1.694ms returns FALSE
T6B44 051:502.780   JLINK_RTTERMINAL_Read(BufferIndex = 0, BufferSize = 0x00010000)
T6B44 051:503.124   - 0.345ms returns 0
T6B44 051:554.820   JLINK_RTTERMINAL_Read(BufferIndex = 0, BufferSize = 0x00010000)
T6B44 051:554.920   - 0.104ms returns 0
T6C08 051:579.176 JLINK_IsHalted()
T6C08 051:580.448 - 1.270ms returns FALSE
T6C08 051:580.540 JLINK_IsHalted()
T6C08 051:582.328 - 1.789ms returns FALSE
T6B44 051:606.268   JLINK_RTTERMINAL_Read(BufferIndex = 0, BufferSize = 0x00010000)
T6B44 051:606.356   - 0.087ms returns 0
T6B44 051:657.136   JLINK_RTTERMINAL_Read(BufferIndex = 0, BufferSize = 0x00010000)
T6B44 051:657.196   - 0.062ms returns 0
T6C08 051:687.784 JLINK_IsHalted()
T6C08 051:689.044 - 1.257ms returns FALSE
T6C08 051:689.112 JLINK_IsHalted()
T6C08 051:690.936 - 1.824ms returns FALSE
T6B44 051:707.480   JLINK_RTTERMINAL_Read(BufferIndex = 0, BufferSize = 0x00010000)
T6B44 051:707.564   - 0.088ms returns 0
T6B44 051:758.232   JLINK_RTTERMINAL_Read(BufferIndex = 0, BufferSize = 0x00010000)
T6B44 051:758.356   - 0.125ms returns 0
T6C08 051:797.372 JLINK_IsHalted()
T6C08 051:798.648 - 1.276ms returns FALSE
T6C08 051:798.712 JLINK_IsHalted()
T6C08 051:800.532 - 1.815ms returns FALSE
T6B44 051:810.004   JLINK_RTTERMINAL_Read(BufferIndex = 0, BufferSize = 0x00010000)
T6B44 051:810.088   - 0.084ms returns 0
T6B44 051:860.988   JLINK_RTTERMINAL_Read(BufferIndex = 0, BufferSize = 0x00010000)
T6B44 051:861.112   - 0.121ms returns 0
T6C08 051:906.788 JLINK_IsHalted()
T6C08 051:907.832 - 1.047ms returns FALSE
T6C08 051:907.908 JLINK_IsHalted()
T6C08 051:909.748 - 1.837ms returns FALSE
T6B44 051:912.596   JLINK_RTTERMINAL_Read(BufferIndex = 0, BufferSize = 0x00010000)
T6B44 051:912.660   - 0.064ms returns 0
T6B44 051:963.464   JLINK_RTTERMINAL_Read(BufferIndex = 0, BufferSize = 0x00010000)
T6B44 051:963.584   - 0.117ms returns 0
T6B44 052:014.744   JLINK_RTTERMINAL_Read(BufferIndex = 0, BufferSize = 0x00010000)
T6B44 052:014.836   - 0.089ms returns 0
T6C08 052:016.344 JLINK_IsHalted()
T6C08 052:017.956 - 1.613ms returns FALSE
T6C08 052:018.008 JLINK_IsHalted()
T6C08 052:019.892 - 1.884ms returns FALSE
T6B44 052:066.092   JLINK_RTTERMINAL_Read(BufferIndex = 0, BufferSize = 0x00010000)
T6B44 052:066.216   - 0.123ms returns 0
T6B44 052:117.536   JLINK_RTTERMINAL_Read(BufferIndex = 0, BufferSize = 0x00010000)
T6B44 052:117.592   - 0.059ms returns 0
T6C08 052:125.544 JLINK_IsHalted()
T6C08 052:126.392 - 0.848ms returns FALSE
T6C08 052:126.444 JLINK_IsHalted()
T6C08 052:128.384 - 1.938ms returns FALSE
T6B44 052:168.220   JLINK_RTTERMINAL_Read(BufferIndex = 0, BufferSize = 0x00010000)
T6B44 052:168.320   - 0.097ms returns 0
T6B44 052:219.820   JLINK_RTTERMINAL_Read(BufferIndex = 0, BufferSize = 0x00010000)
T6B44 052:219.996   - 0.176ms returns 0
T6C08 052:234.648 JLINK_IsHalted()
T6C08 052:236.632 - 1.981ms returns FALSE
T6C08 052:236.768 JLINK_IsHalted()
T6C08 052:238.824 - 2.050ms returns FALSE
T6B44 052:270.940   JLINK_RTTERMINAL_Read(BufferIndex = 0, BufferSize = 0x00010000)
T6B44 052:271.212   - 0.273ms returns 0
T6B44 052:322.792   JLINK_RTTERMINAL_Read(BufferIndex = 0, BufferSize = 0x00010000)
T6B44 052:322.920   - 0.126ms returns 0
T6C08 052:344.552 JLINK_IsHalted()
T6C08 052:346.384 - 1.831ms returns FALSE
T6C08 052:346.480 JLINK_IsHalted()
T6C08 052:348.240 - 1.760ms returns FALSE
T0C04 052:349.800 JLINK_IsHalted()
T0C04 052:351.388 - 1.588ms returns FALSE
T0C04 052:351.512 JLINK_IsHalted()
T0C04 052:353.208 - 1.698ms returns FALSE
T6B44 052:373.380   JLINK_RTTERMINAL_Read(BufferIndex = 0, BufferSize = 0x00010000)
T6B44 052:373.464   - 0.087ms returns 0
T6B44 052:424.088   JLINK_RTTERMINAL_Read(BufferIndex = 0, BufferSize = 0x00010000)
T6B44 052:424.188   - 0.103ms returns 0
T6C08 052:453.676 JLINK_IsHalted()
T6C08 052:455.960 - 2.283ms returns FALSE
T6C08 052:456.116 JLINK_IsHalted()
T6C08 052:457.580 - 1.463ms returns FALSE
T6B44 052:474.808   JLINK_RTTERMINAL_Read(BufferIndex = 0, BufferSize = 0x00010000)
T6B44 052:474.964   - 0.155ms returns 0
T6B44 052:525.944   JLINK_RTTERMINAL_Read(BufferIndex = 0, BufferSize = 0x00010000)
T6B44 052:526.152   - 0.211ms returns 0
T6C08 052:563.620 JLINK_IsHalted()
T6C08 052:565.240 - 1.621ms returns FALSE
T6C08 052:565.496 JLINK_IsHalted()
T6C08 052:567.112 - 1.609ms returns FALSE
T6B44 052:577.404   JLINK_RTTERMINAL_Read(BufferIndex = 0, BufferSize = 0x00010000)
T6B44 052:577.544   - 0.141ms returns 0
T6B44 052:628.872   JLINK_RTTERMINAL_Read(BufferIndex = 0, BufferSize = 0x00010000)
T6B44 052:628.968   - 0.099ms returns 0
T6C08 052:672.444 JLINK_IsHalted()
T6C08 052:673.812 - 1.364ms returns FALSE
T6C08 052:673.888 JLINK_IsHalted()
T6C08 052:675.684 - 1.792ms returns FALSE
T6B44 052:679.368   JLINK_RTTERMINAL_Read(BufferIndex = 0, BufferSize = 0x00010000)
T6B44 052:679.448   - 0.076ms returns 0
T6B44 052:730.468   JLINK_RTTERMINAL_Read(BufferIndex = 0, BufferSize = 0x00010000)
T6B44 052:730.568   - 0.100ms returns 0
T6B44 052:781.336   JLINK_RTTERMINAL_Read(BufferIndex = 0, BufferSize = 0x00010000)
T6B44 052:781.460   - 0.125ms returns 0
T6C08 052:782.552 JLINK_IsHalted()
T6C08 052:784.680 - 2.126ms returns FALSE
T6C08 052:784.804 JLINK_IsHalted()
T6C08 052:786.360 - 1.553ms returns FALSE
T6B44 052:832.696   JLINK_RTTERMINAL_Read(BufferIndex = 0, BufferSize = 0x00010000)
T6B44 052:832.796   - 0.098ms returns 0
T6B44 052:883.564   JLINK_RTTERMINAL_Read(BufferIndex = 0, BufferSize = 0x00010000)
T6B44 052:883.700   - 0.134ms returns 0
T6C08 052:891.576 JLINK_IsHalted()
T6C08 052:892.496 - 0.918ms returns FALSE
T6C08 052:892.636 JLINK_IsHalted()
T6C08 052:894.312 - 1.670ms returns FALSE
T6B44 052:935.308   JLINK_RTTERMINAL_Write(BufferIndex = 0, BufferSize = 0x00000003)
T6B44 052:935.432     CPU_ReadMem(24 bytes @ 0x200308EC)
T6B44 052:937.312     CPU_WriteMem(3 bytes @ 0x2003047F)
T6B44 052:939.380     CPU_WriteMem(4 bytes @ 0x200308F8)
T6B44 052:941.248   - 5.938ms returns 3
T6B44 052:947.688   JLINK_RTTERMINAL_Read(BufferIndex = 0, BufferSize = 0x00010000)
T6B44 052:947.756   - 0.068ms returns 247
T6B44 052:948.040   JLINK_RTTERMINAL_Read(BufferIndex = 0, BufferSize = 0x00010000)
T6B44 052:948.092   - 0.055ms returns 0
T6B44 052:998.788   JLINK_RTTERMINAL_Read(BufferIndex = 0, BufferSize = 0x00010000)
T6B44 052:998.916   - 0.131ms returns 0
T6C08 053:000.488 JLINK_IsHalted()
T6C08 053:002.044 - 1.556ms returns FALSE
T6C08 053:002.128 JLINK_IsHalted()
T6C08 053:003.880 - 1.752ms returns FALSE
T6B44 053:050.228   JLINK_RTTERMINAL_Read(BufferIndex = 0, BufferSize = 0x00010000)
T6B44 053:050.328   - 0.099ms returns 0
T6B44 053:101.520   JLINK_RTTERMINAL_Read(BufferIndex = 0, BufferSize = 0x00010000)
T6B44 053:101.612   - 0.095ms returns 0
T6C08 053:111.364 JLINK_IsHalted()
T6C08 053:113.108 - 1.744ms returns FALSE
T6C08 053:113.228 JLINK_IsHalted()
T6C08 053:115.040 - 1.809ms returns FALSE
T6B44 053:152.396   JLINK_RTTERMINAL_Read(BufferIndex = 0, BufferSize = 0x00010000)
T6B44 053:152.468   - 0.070ms returns 0
T6B44 053:203.852   JLINK_RTTERMINAL_Read(BufferIndex = 0, BufferSize = 0x00010000)
T6B44 053:203.936   - 0.082ms returns 0
T6C08 053:219.384 JLINK_IsHalted()
T6C08 053:220.696 - 1.315ms returns FALSE
T6C08 053:220.812 JLINK_IsHalted()
T6C08 053:222.652 - 1.837ms returns FALSE
T6B44 053:254.792   JLINK_RTTERMINAL_Read(BufferIndex = 0, BufferSize = 0x00010000)
T6B44 053:254.900   - 0.111ms returns 0
T6B44 053:306.392   JLINK_RTTERMINAL_Read(BufferIndex = 0, BufferSize = 0x00010000)
T6B44 053:306.992   - 0.603ms returns 0
T6C08 053:328.552 JLINK_IsHalted()
T6C08 053:330.536 - 1.979ms returns FALSE
T6C08 053:330.632 JLINK_IsHalted()
T6C08 053:332.056 - 1.426ms returns FALSE
T0C04 053:353.812 JLINK_IsHalted()
T0C04 053:355.192 - 1.378ms returns FALSE
T0C04 053:355.448 JLINK_IsHalted()
T0C04 053:356.756 - 1.308ms returns FALSE
T6B44 053:358.464   JLINK_RTTERMINAL_Read(BufferIndex = 0, BufferSize = 0x00010000)
T6B44 053:358.540   - 0.077ms returns 0
T6B44 053:409.632   JLINK_RTTERMINAL_Read(BufferIndex = 0, BufferSize = 0x00010000)
T6B44 053:409.768   - 0.138ms returns 0
T6C08 053:437.996 JLINK_IsHalted()
T6C08 053:439.464 - 1.466ms returns FALSE
T6C08 053:439.588 JLINK_IsHalted()
T6C08 053:441.752 - 2.161ms returns FALSE
T6B44 053:461.508   JLINK_RTTERMINAL_Read(BufferIndex = 0, BufferSize = 0x00010000)
T6B44 053:461.656   - 0.153ms returns 0
T6B44 053:512.960   JLINK_RTTERMINAL_Read(BufferIndex = 0, BufferSize = 0x00010000)
T6B44 053:513.212   - 0.251ms returns 0
T6C08 053:548.412 JLINK_IsHalted()
T6C08 053:550.408 - 1.995ms returns FALSE
T6C08 053:550.652 JLINK_IsHalted()
T6C08 053:552.456 - 1.799ms returns FALSE
T6B44 053:564.272   JLINK_RTTERMINAL_Read(BufferIndex = 0, BufferSize = 0x00010000)
T6B44 053:564.724   - 0.454ms returns 0
T6B44 053:616.440   JLINK_RTTERMINAL_Read(BufferIndex = 0, BufferSize = 0x00010000)
T6B44 053:616.668   - 0.232ms returns 0
T6C08 053:656.860 JLINK_IsHalted()
T6C08 053:658.456 - 1.592ms returns FALSE
T6C08 053:658.716 JLINK_IsHalted()
T6C08 053:660.280 - 1.562ms returns FALSE
T6B44 053:667.980   JLINK_RTTERMINAL_Read(BufferIndex = 0, BufferSize = 0x00010000)
T6B44 053:668.256   - 0.276ms returns 0
T6B44 053:718.944   JLINK_RTTERMINAL_Read(BufferIndex = 0, BufferSize = 0x00010000)
T6B44 053:719.020   - 0.077ms returns 0
T6C08 053:766.132 JLINK_IsHalted()
T6C08 053:767.924 - 1.791ms returns FALSE
T6C08 053:767.988 JLINK_IsHalted()
T6C08 053:769.768 - 1.779ms returns FALSE
T6B44 053:769.816   JLINK_RTTERMINAL_Read(BufferIndex = 0, BufferSize = 0x00010000)
T6B44 053:769.876   - 0.054ms returns 0
T6B44 053:820.608   JLINK_RTTERMINAL_Read(BufferIndex = 0, BufferSize = 0x00010000)
T6B44 053:820.692   - 0.081ms returns 0
T6B44 053:872.200   JLINK_RTTERMINAL_Read(BufferIndex = 0, BufferSize = 0x00010000)
T6B44 053:872.276   - 0.076ms returns 0
T6C08 053:875.384 JLINK_IsHalted()
T6C08 053:876.556 - 1.172ms returns FALSE
T6C08 053:876.608 JLINK_IsHalted()
T6C08 053:878.452 - 1.840ms returns FALSE
T6B44 053:923.272   JLINK_RTTERMINAL_Read(BufferIndex = 0, BufferSize = 0x00010000)
T6B44 053:923.360   - 0.085ms returns 0
T6B44 053:973.752   JLINK_RTTERMINAL_Read(BufferIndex = 0, BufferSize = 0x00010000)
T6B44 053:973.844   - 0.095ms returns 0
T6C08 053:985.208 JLINK_IsHalted()
T6C08 053:985.992 - 0.783ms returns FALSE
T6C08 053:986.056 JLINK_IsHalted()
T6C08 053:987.872 - 1.820ms returns FALSE
T6B44 054:024.332   JLINK_RTTERMINAL_Read(BufferIndex = 0, BufferSize = 0x00010000)
T6B44 054:024.424   - 0.091ms returns 0
T6B44 054:075.316   JLINK_RTTERMINAL_Read(BufferIndex = 0, BufferSize = 0x00010000)
T6B44 054:075.412   - 0.092ms returns 0
T6C08 054:094.808 JLINK_IsHalted()
T6C08 054:096.792 - 1.975ms returns FALSE
T6C08 054:096.904 JLINK_IsHalted()
T6C08 054:098.476 - 1.577ms returns FALSE
T6B44 054:126.284   JLINK_RTTERMINAL_Read(BufferIndex = 0, BufferSize = 0x00010000)
T6B44 054:126.388   - 0.104ms returns 0
T6B44 054:177.912   JLINK_RTTERMINAL_Read(BufferIndex = 0, BufferSize = 0x00010000)
T6B44 054:178.060   - 0.149ms returns 0
T6C08 054:204.024 JLINK_IsHalted()
T6C08 054:206.380 - 2.354ms returns FALSE
T6C08 054:206.668 JLINK_IsHalted()
T6C08 054:207.816 - 1.138ms returns FALSE
T6B44 054:229.592   JLINK_RTTERMINAL_Read(BufferIndex = 0, BufferSize = 0x00010000)
T6B44 054:229.844   - 0.249ms returns 0
T6B44 054:281.560   JLINK_RTTERMINAL_Read(BufferIndex = 0, BufferSize = 0x00010000)
T6B44 054:281.772   - 0.210ms returns 0
T6C08 054:313.512 JLINK_IsHalted()
T6C08 054:315.720 - 2.204ms returns FALSE
T6C08 054:315.928 JLINK_IsHalted()
T6C08 054:317.368 - 1.434ms returns FALSE
T6B44 054:332.788   JLINK_RTTERMINAL_Read(BufferIndex = 0, BufferSize = 0x00010000)
T6B44 054:333.012   - 0.224ms returns 0
T0C04 054:357.560 JLINK_IsHalted()
T0C04 054:358.872 - 1.317ms returns FALSE
T0C04 054:358.968 JLINK_IsHalted()
T0C04 054:360.576 - 1.599ms returns FALSE
T6B44 054:384.520   JLINK_RTTERMINAL_Read(BufferIndex = 0, BufferSize = 0x00010000)
T6B44 054:384.632   - 0.120ms returns 0
T6C08 054:422.392 JLINK_IsHalted()
T6C08 054:423.860 - 1.465ms returns FALSE
T6C08 054:423.916 JLINK_IsHalted()
T6C08 054:425.772 - 1.858ms returns FALSE
T6B44 054:435.380   JLINK_RTTERMINAL_Read(BufferIndex = 0, BufferSize = 0x00010000)
T6B44 054:435.488   - 0.105ms returns 0
T6B44 054:486.568   JLINK_RTTERMINAL_Read(BufferIndex = 0, BufferSize = 0x00010000)
T6B44 054:486.740   - 0.171ms returns 0
T6C08 054:532.608 JLINK_IsHalted()
T6C08 054:534.668 - 2.056ms returns FALSE
T6C08 054:534.784 JLINK_IsHalted()
T6C08 054:536.760 - 1.975ms returns FALSE
T6B44 054:538.248   JLINK_RTTERMINAL_Read(BufferIndex = 0, BufferSize = 0x00010000)
T6B44 054:538.360   - 0.111ms returns 0
T6B44 054:589.032   JLINK_RTTERMINAL_Read(BufferIndex = 0, BufferSize = 0x00010000)
T6B44 054:589.100   - 0.074ms returns 0
T6B44 054:639.892   JLINK_RTTERMINAL_Read(BufferIndex = 0, BufferSize = 0x00010000)
T6B44 054:640.020   - 0.129ms returns 0
T6C08 054:642.696 JLINK_IsHalted()
T6C08 054:644.500 - 1.803ms returns FALSE
T6C08 054:644.620 JLINK_IsHalted()
T6C08 054:646.348 - 1.732ms returns FALSE
T6B44 054:690.592   JLINK_RTTERMINAL_Read(BufferIndex = 0, BufferSize = 0x00010000)
T6B44 054:690.848   - 0.258ms returns 0
T6B44 054:742.216   JLINK_RTTERMINAL_Read(BufferIndex = 0, BufferSize = 0x00010000)
T6B44 054:742.292   - 0.074ms returns 0
T6C08 054:750.348 JLINK_IsHalted()
T6C08 054:751.916 - 1.563ms returns FALSE
T6C08 054:752.020 JLINK_IsHalted()
T6C08 054:753.760 - 1.734ms returns FALSE
T6B44 054:794.036   JLINK_RTTERMINAL_Write(BufferIndex = 0, BufferSize = 0x00000003)
T6B44 054:794.120     CPU_ReadMem(24 bytes @ 0x200308EC)
T6B44 054:796.216     CPU_WriteMem(3 bytes @ 0x20030482)
T6B44 054:798.292     CPU_WriteMem(4 bytes @ 0x200308F8)
T6B44 054:800.200   - 6.163ms returns 3
T6B44 054:800.492   JLINK_RTTERMINAL_Read(BufferIndex = 0, BufferSize = 0x00010000)
T6B44 054:800.552   - 0.056ms returns 0
T6B44 054:851.512   JLINK_RTTERMINAL_Read(BufferIndex = 0, BufferSize = 0x00010000)
T6B44 054:851.596   - 0.081ms returns 323
T6B44 054:851.848   JLINK_RTTERMINAL_Read(BufferIndex = 0, BufferSize = 0x00010000)
T6B44 054:851.912   - 0.069ms returns 0
T6C08 054:860.328 JLINK_IsHalted()
T6C08 054:861.600 - 1.274ms returns FALSE
T6C08 054:861.736 JLINK_IsHalted()
T6C08 054:863.400 - 1.663ms returns FALSE
T6B44 054:902.508   JLINK_RTTERMINAL_Read(BufferIndex = 0, BufferSize = 0x00010000)
T6B44 054:902.600   - 0.088ms returns 0
T6B44 054:953.664   JLINK_RTTERMINAL_Read(BufferIndex = 0, BufferSize = 0x00010000)
T6B44 054:953.844   - 0.180ms returns 0
T6C08 054:969.184 JLINK_IsHalted()
T6C08 054:970.552 - 1.364ms returns FALSE
T6C08 054:970.696 JLINK_IsHalted()
T6C08 054:972.136 - 1.440ms returns FALSE
T6B44 055:004.904   JLINK_RTTERMINAL_Read(BufferIndex = 0, BufferSize = 0x00010000)
T6B44 055:005.012   - 0.110ms returns 0
T6B44 055:056.608   JLINK_RTTERMINAL_Read(BufferIndex = 0, BufferSize = 0x00010000)
T6B44 055:056.724   - 0.118ms returns 0
T6C08 055:078.952 JLINK_IsHalted()
T6C08 055:080.768 - 1.816ms returns FALSE
T6C08 055:080.888 JLINK_IsHalted()
T6C08 055:082.624 - 1.733ms returns FALSE
T6B44 055:108.052   JLINK_RTTERMINAL_Read(BufferIndex = 0, BufferSize = 0x00010000)
T6B44 055:108.168   - 0.118ms returns 0
T6B44 055:159.860   JLINK_RTTERMINAL_Read(BufferIndex = 0, BufferSize = 0x00010000)
T6B44 055:159.928   - 0.069ms returns 0
T6C08 055:187.788 JLINK_IsHalted()
T6C08 055:188.968 - 1.174ms returns FALSE
T6C08 055:189.032 JLINK_IsHalted()
T6C08 055:190.836 - 1.807ms returns FALSE
T6B44 055:210.484   JLINK_RTTERMINAL_Read(BufferIndex = 0, BufferSize = 0x00010000)
T6B44 055:210.552   - 0.067ms returns 0
T6B44 055:260.864   JLINK_RTTERMINAL_Read(BufferIndex = 0, BufferSize = 0x00010000)
T6B44 055:260.940   - 0.071ms returns 0
T6C08 055:298.036 JLINK_IsHalted()
T6C08 055:299.552 - 1.516ms returns FALSE
T6C08 055:299.624 JLINK_IsHalted()
T6C08 055:301.432 - 1.808ms returns FALSE
T6B44 055:311.860   JLINK_RTTERMINAL_Read(BufferIndex = 0, BufferSize = 0x00010000)
T6B44 055:312.184   - 0.325ms returns 0
T0C04 055:360.824 JLINK_IsHalted()
T0C04 055:361.996 - 1.169ms returns FALSE
T0C04 055:362.056 JLINK_IsHalted()
T0C04 055:363.860 - 1.799ms returns FALSE
T6B44 055:363.936   JLINK_RTTERMINAL_Read(BufferIndex = 0, BufferSize = 0x00010000)
T6B44 055:363.992   - 0.055ms returns 0
T6C08 055:407.476 JLINK_IsHalted()
T6C08 055:409.288 - 1.812ms returns FALSE
T6C08 055:409.448 JLINK_IsHalted()
T6C08 055:410.836 - 1.387ms returns FALSE
T6B44 055:415.276   JLINK_RTTERMINAL_Read(BufferIndex = 0, BufferSize = 0x00010000)
T6B44 055:415.360   - 0.078ms returns 0
T6B44 055:465.736   JLINK_RTTERMINAL_Read(BufferIndex = 0, BufferSize = 0x00010000)
T6B44 055:465.824   - 0.085ms returns 0
T6C08 055:516.280 JLINK_IsHalted()
T6C08 055:517.752 - 1.472ms returns FALSE
T6B44 055:517.856   JLINK_RTTERMINAL_Read(BufferIndex = 0, BufferSize = 0x00010000)
T6B44 055:517.908   - 0.052ms returns 0
T6C08 055:518.056 JLINK_IsHalted()
T6C08 055:519.628 - 1.573ms returns FALSE
T6B44 055:568.300   JLINK_RTTERMINAL_Read(BufferIndex = 0, BufferSize = 0x00010000)
T6B44 055:568.376   - 0.073ms returns 0
T6B44 055:619.500   JLINK_RTTERMINAL_Read(BufferIndex = 0, BufferSize = 0x00010000)
T6B44 055:619.572   - 0.071ms returns 0
T6C08 055:626.060 JLINK_IsHalted()
T6C08 055:627.820 - 1.757ms returns FALSE
T6C08 055:627.884 JLINK_IsHalted()
T6C08 055:629.684 - 1.798ms returns FALSE
T6B44 055:672.808   JLINK_RTTERMINAL_Read(BufferIndex = 0, BufferSize = 0x00010000)
T6B44 055:672.896   - 0.086ms returns 0
T6B44 055:725.320   JLINK_RTTERMINAL_Read(BufferIndex = 0, BufferSize = 0x00010000)
T6B44 055:725.384   - 0.063ms returns 0
T6C08 055:737.080 JLINK_IsHalted()
T6C08 055:738.904 - 1.827ms returns FALSE
T6C08 055:738.996 JLINK_IsHalted()
T6C08 055:740.776 - 1.780ms returns FALSE
T6B44 055:775.796   JLINK_RTTERMINAL_Read(BufferIndex = 0, BufferSize = 0x00010000)
T6B44 055:775.864   - 0.071ms returns 0
T6B44 055:827.168   JLINK_RTTERMINAL_Read(BufferIndex = 0, BufferSize = 0x00010000)
T6B44 055:827.532   - 0.363ms returns 0
T6C08 055:844.544 JLINK_IsHalted()
T6C08 055:845.976 - 1.429ms returns FALSE
T6C08 055:846.040 JLINK_IsHalted()
T6C08 055:847.796 - 1.755ms returns FALSE
T6B44 055:878.504   JLINK_RTTERMINAL_Read(BufferIndex = 0, BufferSize = 0x00010000)
T6B44 055:878.580   - 0.071ms returns 0
T6B44 055:930.368   JLINK_RTTERMINAL_Read(BufferIndex = 0, BufferSize = 0x00010000)
T6B44 055:930.444   - 0.079ms returns 0
T6C08 055:955.288 JLINK_IsHalted()
T6C08 055:957.068 - 1.773ms returns FALSE
T6C08 055:957.132 JLINK_IsHalted()
T6C08 055:958.956 - 1.820ms returns FALSE
T6B44 055:980.920   JLINK_RTTERMINAL_Read(BufferIndex = 0, BufferSize = 0x00010000)
T6B44 055:981.000   - 0.078ms returns 0
T6B44 056:032.076   JLINK_RTTERMINAL_Read(BufferIndex = 0, BufferSize = 0x00010000)
T6B44 056:032.152   - 0.079ms returns 0
T6C08 056:063.284 JLINK_IsHalted()
T6C08 056:065.280 - 1.994ms returns FALSE
T6C08 056:065.356 JLINK_IsHalted()
T6C08 056:067.128 - 1.770ms returns FALSE
T6B44 056:083.640   JLINK_RTTERMINAL_Read(BufferIndex = 0, BufferSize = 0x00010000)
T6B44 056:083.700   - 0.060ms returns 0
T6B44 056:134.856   JLINK_RTTERMINAL_Read(BufferIndex = 0, BufferSize = 0x00010000)
T6B44 056:134.924   - 0.066ms returns 0
T6C08 056:172.268 JLINK_IsHalted()
T6C08 056:173.064 - 0.788ms returns FALSE
T6C08 056:173.112 JLINK_IsHalted()
T6C08 056:175.040 - 1.925ms returns FALSE
T6B44 056:185.332   JLINK_RTTERMINAL_Read(BufferIndex = 0, BufferSize = 0x00010000)
T6B44 056:185.400   - 0.070ms returns 0
T6B44 056:236.512   JLINK_RTTERMINAL_Read(BufferIndex = 0, BufferSize = 0x00010000)
T6B44 056:236.584   - 0.069ms returns 0
T6C08 056:281.932 JLINK_IsHalted()
T6C08 056:283.244 - 1.306ms returns FALSE
T6C08 056:283.348 JLINK_IsHalted()
T6C08 056:285.016 - 1.671ms returns FALSE
T6B44 056:287.848   JLINK_RTTERMINAL_Read(BufferIndex = 0, BufferSize = 0x00010000)
T6B44 056:287.904   - 0.058ms returns 0
T6B44 056:338.796   JLINK_RTTERMINAL_Read(BufferIndex = 0, BufferSize = 0x00010000)
T6B44 056:339.008   - 0.213ms returns 0
T0C04 056:363.540 JLINK_IsHalted()
T0C04 056:365.336 - 1.799ms returns FALSE
T0C04 056:365.416 JLINK_IsHalted()
T0C04 056:367.192 - 1.777ms returns FALSE
T6B44 056:391.160   JLINK_RTTERMINAL_Read(BufferIndex = 0, BufferSize = 0x00010000)
T6B44 056:391.232   - 0.069ms returns 0
T6C08 056:392.088 JLINK_IsHalted()
T6C08 056:393.032 - 0.942ms returns FALSE
T6C08 056:393.096 JLINK_IsHalted()
T6C08 056:394.904 - 1.815ms returns FALSE
T6B44 056:442.284   JLINK_RTTERMINAL_Write(BufferIndex = 0, BufferSize = 0x00000003)
T6B44 056:442.392     CPU_ReadMem(24 bytes @ 0x200308EC)
T6B44 056:444.072     CPU_WriteMem(3 bytes @ 0x20030485)
T6B44 056:446.144     CPU_WriteMem(4 bytes @ 0x200308F8)
T6B44 056:448.084   - 5.794ms returns 3
T6B44 056:454.472   JLINK_RTTERMINAL_Read(BufferIndex = 0, BufferSize = 0x00010000)
T6B44 056:454.580   - 0.112ms returns 233
T6B44 056:455.008   JLINK_RTTERMINAL_Read(BufferIndex = 0, BufferSize = 0x00010000)
T6B44 056:455.092   - 0.083ms returns 0
T6C08 056:501.216 JLINK_IsHalted()
T6C08 056:502.988 - 1.769ms returns FALSE
T6C08 056:503.040 JLINK_IsHalted()
T6C08 056:504.888 - 1.846ms returns FALSE
T6B44 056:506.464   JLINK_RTTERMINAL_Read(BufferIndex = 0, BufferSize = 0x00010000)
T6B44 056:506.516   - 0.053ms returns 0
T6B44 056:556.844   JLINK_RTTERMINAL_Read(BufferIndex = 0, BufferSize = 0x00010000)
T6B44 056:556.960   - 0.118ms returns 0
T6B44 056:608.072   JLINK_RTTERMINAL_Read(BufferIndex = 0, BufferSize = 0x00010000)
T6B44 056:608.184   - 0.111ms returns 0
T6C08 056:611.192 JLINK_IsHalted()
T6C08 056:612.852 - 1.658ms returns FALSE
T6C08 056:612.940 JLINK_IsHalted()
T6C08 056:614.764 - 1.821ms returns FALSE
T6B44 056:659.732   JLINK_RTTERMINAL_Read(BufferIndex = 0, BufferSize = 0x00010000)
T6B44 056:659.852   - 0.117ms returns 0
T6B44 056:710.604   JLINK_RTTERMINAL_Read(BufferIndex = 0, BufferSize = 0x00010000)
T6B44 056:710.680   - 0.072ms returns 0
T6C08 056:719.320 JLINK_IsHalted()
T6C08 056:720.824 - 1.501ms returns FALSE
T6C08 056:720.916 JLINK_IsHalted()
T6C08 056:722.708 - 1.792ms returns FALSE
T6B44 056:762.284   JLINK_RTTERMINAL_Read(BufferIndex = 0, BufferSize = 0x00010000)
T6B44 056:762.388   - 0.102ms returns 0
T6B44 056:813.740   JLINK_RTTERMINAL_Read(BufferIndex = 0, BufferSize = 0x00010000)
T6B44 056:813.896   - 0.149ms returns 0
T6C08 056:828.584 JLINK_IsHalted()
T6C08 056:830.552 - 1.970ms returns FALSE
T6C08 056:830.840 JLINK_IsHalted()
T6C08 056:832.332 - 1.489ms returns FALSE
T6B44 056:864.760   JLINK_RTTERMINAL_Read(BufferIndex = 0, BufferSize = 0x00010000)
T6B44 056:864.840   - 0.080ms returns 0
T6B44 056:915.500   JLINK_RTTERMINAL_Read(BufferIndex = 0, BufferSize = 0x00010000)
T6B44 056:915.768   - 0.268ms returns 0
T6C08 056:938.464 JLINK_IsHalted()
T6C08 056:940.104 - 1.633ms returns FALSE
T6C08 056:940.300 JLINK_IsHalted()
T6C08 056:942.264 - 1.959ms returns FALSE
T6B44 056:967.656   JLINK_RTTERMINAL_Read(BufferIndex = 0, BufferSize = 0x00010000)
T6B44 056:967.840   - 0.187ms returns 0
T6B44 057:019.080   JLINK_RTTERMINAL_Read(BufferIndex = 0, BufferSize = 0x00010000)
T6B44 057:019.188   - 0.108ms returns 0
T6C08 057:047.960 JLINK_IsHalted()
T6C08 057:049.420 - 1.456ms returns FALSE
T6C08 057:049.536 JLINK_IsHalted()
T6C08 057:051.544 - 2.010ms returns FALSE
T6B44 057:069.664   JLINK_RTTERMINAL_Read(BufferIndex = 0, BufferSize = 0x00010000)
T6B44 057:069.800   - 0.139ms returns 0
T6B44 057:122.280   JLINK_RTTERMINAL_Read(BufferIndex = 0, BufferSize = 0x00010000)
T6B44 057:122.400   - 0.124ms returns 0
T6C08 057:157.512 JLINK_IsHalted()
T6C08 057:158.616 - 1.109ms returns FALSE
T6C08 057:158.796 JLINK_IsHalted()
T6C08 057:160.512 - 1.712ms returns FALSE
T6B44 057:173.396   JLINK_RTTERMINAL_Read(BufferIndex = 0, BufferSize = 0x00010000)
T6B44 057:173.528   - 0.134ms returns 0
T6B44 057:224.264   JLINK_RTTERMINAL_Read(BufferIndex = 0, BufferSize = 0x00010000)
T6B44 057:224.424   - 0.160ms returns 0
T6C08 057:266.132 JLINK_IsHalted()
T6C08 057:268.232 - 2.098ms returns FALSE
T6C08 057:268.376 JLINK_IsHalted()
T6C08 057:269.932 - 1.550ms returns FALSE
T6B44 057:275.360   JLINK_RTTERMINAL_Read(BufferIndex = 0, BufferSize = 0x00010000)
T6B44 057:275.500   - 0.141ms returns 0
T6B44 057:326.344   JLINK_RTTERMINAL_Read(BufferIndex = 0, BufferSize = 0x00010000)
T6B44 057:326.488   - 0.142ms returns 0
T0C04 057:367.960 JLINK_IsHalted()
T0C04 057:369.880 - 1.921ms returns FALSE
T0C04 057:369.984 JLINK_IsHalted()
T0C04 057:371.688 - 1.700ms returns FALSE
T6C08 057:375.384 JLINK_IsHalted()
T6C08 057:377.356 - 1.967ms returns FALSE
T6B44 057:377.420   JLINK_RTTERMINAL_Read(BufferIndex = 0, BufferSize = 0x00010000)
T6B44 057:377.464   - 0.048ms returns 0
T6C08 057:377.608 JLINK_IsHalted()
T6C08 057:379.168 - 1.563ms returns FALSE
T6B44 057:428.428   JLINK_RTTERMINAL_Read(BufferIndex = 0, BufferSize = 0x00010000)
T6B44 057:428.532   - 0.101ms returns 0
T6B44 057:479.628   JLINK_RTTERMINAL_Read(BufferIndex = 0, BufferSize = 0x00010000)
T6B44 057:479.848   - 0.218ms returns 0
T6C08 057:485.556 JLINK_IsHalted()
T6C08 057:487.208 - 1.651ms returns FALSE
T6C08 057:487.448 JLINK_IsHalted()
T6C08 057:489.172 - 1.723ms returns FALSE
T6B44 057:531.096   JLINK_RTTERMINAL_Read(BufferIndex = 0, BufferSize = 0x00010000)
T6B44 057:531.200   - 0.103ms returns 0
T6B44 057:581.932   JLINK_RTTERMINAL_Read(BufferIndex = 0, BufferSize = 0x00010000)
T6B44 057:582.196   - 0.262ms returns 0
T6C08 057:594.804 JLINK_IsHalted()
T6C08 057:596.520 - 1.712ms returns FALSE
T6C08 057:596.672 JLINK_IsHalted()
T6C08 057:598.740 - 2.066ms returns FALSE
T6B44 057:633.844   JLINK_RTTERMINAL_Read(BufferIndex = 0, BufferSize = 0x00010000)
T6B44 057:634.072   - 0.233ms returns 0
T6B44 057:685.960   JLINK_RTTERMINAL_Read(BufferIndex = 0, BufferSize = 0x00010000)
T6B44 057:686.124   - 0.169ms returns 0
T6C08 057:703.692 JLINK_IsHalted()
T6C08 057:706.176 - 2.479ms returns FALSE
T6C08 057:706.360 JLINK_IsHalted()
T6C08 057:708.012 - 1.649ms returns FALSE
T6B44 057:737.672   JLINK_RTTERMINAL_Read(BufferIndex = 0, BufferSize = 0x00010000)
T6B44 057:737.736   - 0.064ms returns 0
T6B44 057:788.960   JLINK_RTTERMINAL_Read(BufferIndex = 0, BufferSize = 0x00010000)
T6B44 057:789.068   - 0.111ms returns 0
T6C08 057:813.304 JLINK_IsHalted()
T6C08 057:814.552 - 1.247ms returns FALSE
T6C08 057:814.688 JLINK_IsHalted()
T6C08 057:816.268 - 1.578ms returns FALSE
T6B44 057:839.432   JLINK_RTTERMINAL_Read(BufferIndex = 0, BufferSize = 0x00010000)
T6B44 057:839.592   - 0.158ms returns 0
T6B44 057:890.648   JLINK_RTTERMINAL_Read(BufferIndex = 0, BufferSize = 0x00010000)
T6B44 057:890.712   - 0.062ms returns 0
T6C08 057:924.864 JLINK_IsHalted()
T6C08 057:926.976 - 2.106ms returns FALSE
T6C08 057:927.252 JLINK_IsHalted()
T6C08 057:929.048 - 1.792ms returns FALSE
T6B44 057:943.552   JLINK_RTTERMINAL_Read(BufferIndex = 0, BufferSize = 0x00010000)
T6B44 057:943.852   - 0.301ms returns 0
T6B44 057:995.416   JLINK_RTTERMINAL_Read(BufferIndex = 0, BufferSize = 0x00010000)
T6B44 057:995.744   - 0.327ms returns 0
T6C08 058:031.756 JLINK_IsHalted()
T6C08 058:033.836 - 2.073ms returns FALSE
T6C08 058:034.088 JLINK_IsHalted()
T6C08 058:035.528 - 1.438ms returns FALSE
T6B44 058:047.400   JLINK_RTTERMINAL_Read(BufferIndex = 0, BufferSize = 0x00010000)
T6B44 058:047.520   - 0.122ms returns 0
T6B44 058:098.156   JLINK_RTTERMINAL_Read(BufferIndex = 0, BufferSize = 0x00010000)
T6B44 058:098.296   - 0.138ms returns 0
T6C08 058:143.032 JLINK_IsHalted()
T6C08 058:145.024 - 1.988ms returns FALSE
T6C08 058:145.204 JLINK_IsHalted()
T6C08 058:146.892 - 1.685ms returns FALSE
T6B44 058:149.256   JLINK_RTTERMINAL_Read(BufferIndex = 0, BufferSize = 0x00010000)
T6B44 058:149.420   - 0.162ms returns 0
T6B44 058:200.756   JLINK_RTTERMINAL_Read(BufferIndex = 0, BufferSize = 0x00010000)
T6B44 058:200.888   - 0.135ms returns 0
T6C08 058:250.444 JLINK_IsHalted()
T6C08 058:252.448 - 2.003ms returns FALSE
T6B44 058:252.568   JLINK_RTTERMINAL_Read(BufferIndex = 0, BufferSize = 0x00010000)
T6B44 058:252.620   - 0.055ms returns 0
T6C08 058:252.736 JLINK_IsHalted()
T6C08 058:254.024 - 1.280ms returns FALSE
T6B44 058:303.540   JLINK_RTTERMINAL_Read(BufferIndex = 0, BufferSize = 0x00010000)
T6B44 058:303.668   - 0.127ms returns 0
T6B44 058:355.316   JLINK_RTTERMINAL_Read(BufferIndex = 0, BufferSize = 0x00010000)
T6B44 058:355.416   - 0.100ms returns 0
T6C08 058:360.480 JLINK_IsHalted()
T6C08 058:362.164 - 1.682ms returns FALSE
T6C08 058:362.272 JLINK_IsHalted()
T6C08 058:364.000 - 1.729ms returns FALSE
T0C04 058:372.544 JLINK_IsHalted()
T0C04 058:373.784 - 1.241ms returns FALSE
T0C04 058:373.848 JLINK_IsHalted()
T0C04 058:375.624 - 1.772ms returns FALSE
T6B44 058:406.796   JLINK_RTTERMINAL_Read(BufferIndex = 0, BufferSize = 0x00010000)
T6B44 058:406.880   - 0.080ms returns 0
T6B44 058:458.152   JLINK_RTTERMINAL_Read(BufferIndex = 0, BufferSize = 0x00010000)
T6B44 058:458.220   - 0.068ms returns 0
T6C08 058:469.460 JLINK_IsHalted()
T6C08 058:470.696 - 1.235ms returns FALSE
T6C08 058:470.752 JLINK_IsHalted()
T6C08 058:472.536 - 1.780ms returns FALSE
T6B44 058:508.504   JLINK_RTTERMINAL_Read(BufferIndex = 0, BufferSize = 0x00010000)
T6B44 058:508.576   - 0.070ms returns 0
T6B44 058:559.476   JLINK_RTTERMINAL_Read(BufferIndex = 0, BufferSize = 0x00010000)
T6B44 058:559.648   - 0.171ms returns 0
T6C08 058:578.540 JLINK_IsHalted()
T6C08 058:580.108 - 1.573ms returns FALSE
T6C08 058:580.160 JLINK_IsHalted()
T6C08 058:582.104 - 1.939ms returns FALSE
T6B44 058:611.148   JLINK_RTTERMINAL_Read(BufferIndex = 0, BufferSize = 0x00010000)
T6B44 058:611.224   - 0.077ms returns 0
T6B44 058:662.336   JLINK_RTTERMINAL_Read(BufferIndex = 0, BufferSize = 0x00010000)
T6B44 058:662.432   - 0.095ms returns 0
T6C08 058:688.640 JLINK_IsHalted()
T6C08 058:690.060 - 1.414ms returns FALSE
T6C08 058:690.112 JLINK_IsHalted()
T6C08 058:692.012 - 1.897ms returns FALSE
T6B44 058:713.652   JLINK_RTTERMINAL_Write(BufferIndex = 0, BufferSize = 0x00000003)
T6B44 058:713.736     CPU_ReadMem(24 bytes @ 0x200308EC)
T6B44 058:715.136     CPU_WriteMem(3 bytes @ 0x20030488)
T6B44 058:717.132     CPU_WriteMem(4 bytes @ 0x200308F8)
T6B44 058:719.000   - 5.354ms returns 3
T6B44 058:719.272   JLINK_RTTERMINAL_Read(BufferIndex = 0, BufferSize = 0x00010000)
T6B44 058:719.320   - 0.049ms returns 0
T6B44 058:769.940   JLINK_RTTERMINAL_Read(BufferIndex = 0, BufferSize = 0x00010000)
T6B44 058:769.996   - 0.060ms returns 208
T6B44 058:770.264   JLINK_RTTERMINAL_Read(BufferIndex = 0, BufferSize = 0x00010000)
T6B44 058:770.356   - 0.085ms returns 0
T6C08 058:797.528 JLINK_IsHalted()
T6C08 058:799.128 - 1.603ms returns FALSE
T6C08 058:799.208 JLINK_IsHalted()
T6C08 058:801.192 - 1.985ms returns FALSE
T6B44 058:821.548   JLINK_RTTERMINAL_Read(BufferIndex = 0, BufferSize = 0x00010000)
T6B44 058:821.632   - 0.081ms returns 0
T6B44 058:872.352   JLINK_RTTERMINAL_Read(BufferIndex = 0, BufferSize = 0x00010000)
T6B44 058:872.472   - 0.119ms returns 0
T6C08 058:906.976 JLINK_IsHalted()
T6C08 058:908.756 - 1.781ms returns FALSE
T6C08 058:908.884 JLINK_IsHalted()
T6C08 058:910.616 - 1.733ms returns FALSE
T6B44 058:925.196   JLINK_RTTERMINAL_Read(BufferIndex = 0, BufferSize = 0x00010000)
T6B44 058:925.260   - 0.063ms returns 0
T6B44 058:976.512   JLINK_RTTERMINAL_Read(BufferIndex = 0, BufferSize = 0x00010000)
T6B44 058:976.812   - 0.304ms returns 0
T6C08 059:016.920 JLINK_IsHalted()
T6C08 059:018.356 - 1.428ms returns FALSE
T6C08 059:018.584 JLINK_IsHalted()
T6C08 059:020.268 - 1.679ms returns FALSE
T6B44 059:028.524   JLINK_RTTERMINAL_Read(BufferIndex = 0, BufferSize = 0x00010000)
T6B44 059:028.724   - 0.199ms returns 0
T6B44 059:080.180   JLINK_RTTERMINAL_Read(BufferIndex = 0, BufferSize = 0x00010000)
T6B44 059:080.320   - 0.140ms returns 0
T6C08 059:125.632 JLINK_IsHalted()
T6C08 059:126.636 - 1.003ms returns FALSE
T6C08 059:126.708 JLINK_IsHalted()
T6C08 059:128.424 - 1.718ms returns FALSE
T6B44 059:131.992   JLINK_RTTERMINAL_Read(BufferIndex = 0, BufferSize = 0x00010000)
T6B44 059:132.212   - 0.219ms returns 0
T6B44 059:183.752   JLINK_RTTERMINAL_Read(BufferIndex = 0, BufferSize = 0x00010000)
T6B44 059:183.884   - 0.136ms returns 0
T6B44 059:234.464   JLINK_RTTERMINAL_Read(BufferIndex = 0, BufferSize = 0x00010000)
T6B44 059:234.616   - 0.155ms returns 0
T6C08 059:234.880 JLINK_IsHalted()
T6C08 059:236.532 - 1.650ms returns FALSE
T6C08 059:236.648 JLINK_IsHalted()
T6C08 059:238.400 - 1.753ms returns FALSE
T6B44 059:286.092   JLINK_RTTERMINAL_Read(BufferIndex = 0, BufferSize = 0x00010000)
T6B44 059:286.400   - 0.307ms returns 0
T6B44 059:337.816   JLINK_RTTERMINAL_Read(BufferIndex = 0, BufferSize = 0x00010000)
T6B44 059:338.092   - 0.277ms returns 0
T6C08 059:344.920 JLINK_IsHalted()
T6C08 059:346.840 - 1.915ms returns FALSE
T6C08 059:346.892 JLINK_IsHalted()
T6C08 059:348.756 - 1.861ms returns FALSE
T0C04 059:377.760 JLINK_IsHalted()
T0C04 059:379.576 - 1.816ms returns FALSE
T0C04 059:379.624 JLINK_IsHalted()
T0C04 059:381.452 - 1.832ms returns FALSE
T6B44 059:389.504   JLINK_RTTERMINAL_Read(BufferIndex = 0, BufferSize = 0x00010000)
T6B44 059:389.588   - 0.079ms returns 0
T6B44 059:440.712   JLINK_RTTERMINAL_Read(BufferIndex = 0, BufferSize = 0x00010000)
T6B44 059:440.788   - 0.080ms returns 0
T6C08 059:453.440 JLINK_IsHalted()
T6C08 059:455.136 - 1.696ms returns FALSE
T6C08 059:455.244 JLINK_IsHalted()
T6C08 059:457.356 - 2.108ms returns FALSE
T6B44 059:491.320   JLINK_RTTERMINAL_Read(BufferIndex = 0, BufferSize = 0x00010000)
T6B44 059:491.464   - 0.141ms returns 0
T6B44 059:542.504   JLINK_RTTERMINAL_Read(BufferIndex = 0, BufferSize = 0x00010000)
T6B44 059:542.700   - 0.199ms returns 0
T6C08 059:563.560 JLINK_IsHalted()
T6C08 059:566.056 - 2.492ms returns FALSE
T6C08 059:566.196 JLINK_IsHalted()
T6C08 059:567.688 - 1.487ms returns FALSE
T6B44 059:593.512   JLINK_RTTERMINAL_Read(BufferIndex = 0, BufferSize = 0x00010000)
T6B44 059:593.624   - 0.110ms returns 0
T6B44 059:644.936   JLINK_RTTERMINAL_Read(BufferIndex = 0, BufferSize = 0x00010000)
T6B44 059:645.036   - 0.103ms returns 0
T6C08 059:673.992 JLINK_IsHalted()
T6C08 059:675.776 - 1.781ms returns FALSE
T6C08 059:675.924 JLINK_IsHalted()
T6C08 059:677.664 - 1.741ms returns FALSE
T6B44 059:697.312   JLINK_RTTERMINAL_Read(BufferIndex = 0, BufferSize = 0x00010000)
T6B44 059:697.484   - 0.173ms returns 0
T6B44 059:748.584   JLINK_RTTERMINAL_Read(BufferIndex = 0, BufferSize = 0x00010000)
T6B44 059:748.744   - 0.162ms returns 0
T6C08 059:782.496 JLINK_IsHalted()
T6C08 059:783.904 - 1.407ms returns FALSE
T6C08 059:783.956 JLINK_IsHalted()
T6C08 059:785.856 - 1.901ms returns FALSE
T6B44 059:799.752   JLINK_RTTERMINAL_Read(BufferIndex = 0, BufferSize = 0x00010000)
T6B44 059:799.848   - 0.090ms returns 0
T6B44 059:850.336   JLINK_RTTERMINAL_Read(BufferIndex = 0, BufferSize = 0x00010000)
T6B44 059:850.444   - 0.113ms returns 0
T6C08 059:892.064 JLINK_IsHalted()
T6C08 059:893.908 - 1.839ms returns FALSE
T6C08 059:894.028 JLINK_IsHalted()
T6C08 059:895.744 - 1.715ms returns FALSE
T6B44 059:903.704   JLINK_RTTERMINAL_Read(BufferIndex = 0, BufferSize = 0x00010000)
T6B44 059:903.808   - 0.097ms returns 0
T6B44 059:954.540   JLINK_RTTERMINAL_Read(BufferIndex = 0, BufferSize = 0x00010000)
T6B44 059:954.616   - 0.078ms returns 0
T6C08 060:001.236 JLINK_IsHalted()
T6C08 060:003.392 - 2.158ms returns FALSE
T6C08 060:003.520 JLINK_IsHalted()
T6C08 060:005.260 - 1.736ms returns FALSE
T6B44 060:005.480   JLINK_RTTERMINAL_Read(BufferIndex = 0, BufferSize = 0x00010000)
T6B44 060:005.588   - 0.105ms returns 0
T6B44 060:056.096   JLINK_RTTERMINAL_Read(BufferIndex = 0, BufferSize = 0x00010000)
T6B44 060:056.204   - 0.110ms returns 0
T6B44 060:106.732   JLINK_RTTERMINAL_Read(BufferIndex = 0, BufferSize = 0x00010000)
T6B44 060:106.880   - 0.150ms returns 0
T6C08 060:109.932 JLINK_IsHalted()
T6C08 060:111.464 - 1.528ms returns FALSE
T6C08 060:111.616 JLINK_IsHalted()
T6C08 060:113.344 - 1.729ms returns FALSE
T6B44 060:158.760   JLINK_RTTERMINAL_Read(BufferIndex = 0, BufferSize = 0x00010000)
T6B44 060:158.920   - 0.160ms returns 0
T6B44 060:210.228   JLINK_RTTERMINAL_Read(BufferIndex = 0, BufferSize = 0x00010000)
T6B44 060:210.420   - 0.190ms returns 0
T6C08 060:219.320 JLINK_IsHalted()
T6C08 060:220.820 - 1.496ms returns FALSE
T6C08 060:220.992 JLINK_IsHalted()
T6C08 060:222.988 - 1.993ms returns FALSE
T6B44 060:261.292   JLINK_RTTERMINAL_Read(BufferIndex = 0, BufferSize = 0x00010000)
T6B44 060:261.440   - 0.144ms returns 0
T6B44 060:312.396   JLINK_RTTERMINAL_Read(BufferIndex = 0, BufferSize = 0x00010000)
T6B44 060:312.492   - 0.092ms returns 0
T6C08 060:329.268 JLINK_IsHalted()
T6C08 060:331.528 - 2.260ms returns FALSE
T6C08 060:331.732 JLINK_IsHalted()
T6C08 060:333.016 - 1.282ms returns FALSE
T6B44 060:364.364   JLINK_RTTERMINAL_Read(BufferIndex = 0, BufferSize = 0x00010000)
T6B44 060:364.488   - 0.121ms returns 0
T0C04 060:381.256 JLINK_IsHalted()
T0C04 060:383.112 - 1.853ms returns FALSE
T0C04 060:383.168 JLINK_IsHalted()
T0C04 060:384.840 - 1.673ms returns FALSE
T6B44 060:415.080   JLINK_RTTERMINAL_Read(BufferIndex = 0, BufferSize = 0x00010000)
T6B44 060:415.188   - 0.109ms returns 0
T6C08 060:437.888 JLINK_IsHalted()
T6C08 060:439.208 - 1.318ms returns FALSE
T6C08 060:439.416 JLINK_IsHalted()
T6C08 060:441.268 - 1.843ms returns FALSE
T6B44 060:466.440   JLINK_RTTERMINAL_Read(BufferIndex = 0, BufferSize = 0x00010000)
T6B44 060:466.612   - 0.176ms returns 0
T6B44 060:517.736   JLINK_RTTERMINAL_Read(BufferIndex = 0, BufferSize = 0x00010000)
T6B44 060:517.832   - 0.096ms returns 0
T6C08 060:547.848 JLINK_IsHalted()
T6C08 060:549.812 - 1.961ms returns FALSE
T6C08 060:549.868 JLINK_IsHalted()
T6C08 060:551.672 - 1.807ms returns FALSE
T6B44 060:568.436   JLINK_RTTERMINAL_Read(BufferIndex = 0, BufferSize = 0x00010000)
T6B44 060:568.532   - 0.101ms returns 0
T6B44 060:619.116   JLINK_RTTERMINAL_Read(BufferIndex = 0, BufferSize = 0x00010000)
T6B44 060:619.224   - 0.111ms returns 0
T6C08 060:657.144 JLINK_IsHalted()
T6C08 060:658.164 - 1.023ms returns FALSE
T6C08 060:658.228 JLINK_IsHalted()
T6C08 060:660.012 - 1.788ms returns FALSE
T6B44 060:670.072   JLINK_RTTERMINAL_Read(BufferIndex = 0, BufferSize = 0x00010000)
T6B44 060:670.168   - 0.092ms returns 0
T6B44 060:720.768   JLINK_RTTERMINAL_Read(BufferIndex = 0, BufferSize = 0x00010000)
T6B44 060:720.852   - 0.087ms returns 0
T6C08 060:766.388 JLINK_IsHalted()
T6C08 060:768.040 - 1.649ms returns FALSE
T6C08 060:768.084 JLINK_IsHalted()
T6C08 060:769.920 - 1.834ms returns FALSE
T6B44 060:771.656   JLINK_RTTERMINAL_Read(BufferIndex = 0, BufferSize = 0x00010000)
T6B44 060:771.700   - 0.045ms returns 0
T6B44 060:822.196   JLINK_RTTERMINAL_Read(BufferIndex = 0, BufferSize = 0x00010000)
T6B44 060:822.272   - 0.077ms returns 0
T6B44 060:872.800   JLINK_RTTERMINAL_Read(BufferIndex = 0, BufferSize = 0x00010000)
T6B44 060:872.904   - 0.104ms returns 0
T6C08 060:876.488 JLINK_IsHalted()
T6C08 060:878.176 - 1.690ms returns FALSE
T6C08 060:878.272 JLINK_IsHalted()
T6C08 060:880.288 - 2.011ms returns FALSE
T6B44 060:924.308   JLINK_RTTERMINAL_Read(BufferIndex = 0, BufferSize = 0x00010000)
T6B44 060:924.404   - 0.099ms returns 0
T6B44 060:976.564   JLINK_RTTERMINAL_Read(BufferIndex = 0, BufferSize = 0x00010000)
T6B44 060:976.712   - 0.151ms returns 0
T6C08 060:985.640 JLINK_IsHalted()
T6C08 060:986.944 - 1.298ms returns FALSE
T6C08 060:987.144 JLINK_IsHalted()
T6C08 060:988.588 - 1.445ms returns FALSE
T6B44 061:027.616   JLINK_RTTERMINAL_Read(BufferIndex = 0, BufferSize = 0x00010000)
T6B44 061:027.924   - 0.310ms returns 0
T6B44 061:079.180   JLINK_RTTERMINAL_Read(BufferIndex = 0, BufferSize = 0x00010000)
T6B44 061:079.276   - 0.096ms returns 0
T6C08 061:095.168 JLINK_IsHalted()
T6C08 061:096.600 - 1.434ms returns FALSE
T6C08 061:096.704 JLINK_IsHalted()
T6C08 061:098.528 - 1.824ms returns FALSE
T6B44 061:129.868   JLINK_RTTERMINAL_Read(BufferIndex = 0, BufferSize = 0x00010000)
T6B44 061:129.984   - 0.113ms returns 0
T6B44 061:181.868   JLINK_RTTERMINAL_Read(BufferIndex = 0, BufferSize = 0x00010000)
T6B44 061:181.992   - 0.123ms returns 0
T6C08 061:205.384 JLINK_IsHalted()
T6C08 061:207.252 - 1.867ms returns FALSE
T6C08 061:207.340 JLINK_IsHalted()
T6C08 061:209.076 - 1.734ms returns FALSE
T6B44 061:232.536   JLINK_RTTERMINAL_Read(BufferIndex = 0, BufferSize = 0x00010000)
T6B44 061:232.660   - 0.118ms returns 0
T6B44 061:284.980   JLINK_RTTERMINAL_Read(BufferIndex = 0, BufferSize = 0x00010000)
T6B44 061:285.088   - 0.109ms returns 0
T6C08 061:313.536 JLINK_IsHalted()
T6C08 061:314.680 - 1.145ms returns FALSE
T6C08 061:314.776 JLINK_IsHalted()
T6C08 061:316.524 - 1.748ms returns FALSE
T6B44 061:336.128   JLINK_RTTERMINAL_Read(BufferIndex = 0, BufferSize = 0x00010000)
T6B44 061:336.236   - 0.107ms returns 0
T0C04 061:386.104 JLINK_IsHalted()
T0C04 061:388.104 - 1.999ms returns FALSE
T6B44 061:388.212   JLINK_RTTERMINAL_Read(BufferIndex = 0, BufferSize = 0x00010000)
T6B44 061:388.264   - 0.051ms returns 0
T0C04 061:388.424 JLINK_IsHalted()
T0C04 061:389.972 - 1.550ms returns FALSE
T6C08 061:422.068 JLINK_IsHalted()
T6C08 061:423.276 - 1.211ms returns FALSE
T6C08 061:423.352 JLINK_IsHalted()
T6C08 061:425.132 - 1.780ms returns FALSE
T6B44 061:439.112   JLINK_RTTERMINAL_Write(BufferIndex = 0, BufferSize = 0x00000003)
T6B44 061:439.192     CPU_ReadMem(24 bytes @ 0x200308EC)
T6B44 061:440.844     CPU_WriteMem(1 bytes @ 0x2003048B)
T6B44 061:442.824     CPU_WriteMem(2 bytes @ 0x2003047C)
T6B44 061:444.684     CPU_WriteMem(4 bytes @ 0x200308F8)
T6B44 061:446.592   - 7.481ms returns 3
T6B44 061:446.880   JLINK_RTTERMINAL_Read(BufferIndex = 0, BufferSize = 0x00010000)
T6B44 061:446.936   - 0.059ms returns 0
T6B44 061:497.448   JLINK_RTTERMINAL_Read(BufferIndex = 0, BufferSize = 0x00010000)
T6B44 061:497.536   - 0.089ms returns 403
T6B44 061:497.780   JLINK_RTTERMINAL_Read(BufferIndex = 0, BufferSize = 0x00010000)
T6B44 061:497.856   - 0.080ms returns 0
T6C08 061:532.200 JLINK_IsHalted()
T6C08 061:533.396 - 1.198ms returns FALSE
T6C08 061:533.464 JLINK_IsHalted()
T6C08 061:535.340 - 1.875ms returns FALSE
T6B44 061:550.120   JLINK_RTTERMINAL_Read(BufferIndex = 0, BufferSize = 0x00010000)
T6B44 061:550.360   - 0.242ms returns 0
T6B44 061:601.000   JLINK_RTTERMINAL_Read(BufferIndex = 0, BufferSize = 0x00010000)
T6B44 061:601.100   - 0.106ms returns 0
T6C08 061:642.560 JLINK_IsHalted()
T6C08 061:644.712 - 2.143ms returns FALSE
T6C08 061:644.936 JLINK_IsHalted()
T6C08 061:646.168 - 1.234ms returns FALSE
T6B44 061:652.116   JLINK_RTTERMINAL_Read(BufferIndex = 0, BufferSize = 0x00010000)
T6B44 061:652.244   - 0.126ms returns 0
T6B44 061:703.488   JLINK_RTTERMINAL_Read(BufferIndex = 0, BufferSize = 0x00010000)
T6B44 061:703.660   - 0.179ms returns 0
T6C08 061:750.560 JLINK_IsHalted()
T6C08 061:752.376 - 1.817ms returns FALSE
T6C08 061:752.456 JLINK_IsHalted()
T6C08 061:754.232 - 1.779ms returns FALSE
T6B44 061:755.872   JLINK_RTTERMINAL_Read(BufferIndex = 0, BufferSize = 0x00010000)
T6B44 061:755.936   - 0.063ms returns 0
T6B44 061:807.256   JLINK_RTTERMINAL_Read(BufferIndex = 0, BufferSize = 0x00010000)
T6B44 061:807.352   - 0.092ms returns 0
T6B44 061:858.092   JLINK_RTTERMINAL_Read(BufferIndex = 0, BufferSize = 0x00010000)
T6B44 061:858.440   - 0.344ms returns 0
T6C08 061:859.640 JLINK_IsHalted()
T6C08 061:860.876 - 1.233ms returns FALSE
T6C08 061:860.984 JLINK_IsHalted()
T6C08 061:862.816 - 1.829ms returns FALSE
T6B44 061:909.128   JLINK_RTTERMINAL_Read(BufferIndex = 0, BufferSize = 0x00010000)
T6B44 061:909.248   - 0.125ms returns 0
T6B44 061:961.004   JLINK_RTTERMINAL_Read(BufferIndex = 0, BufferSize = 0x00010000)
T6B44 061:961.272   - 0.266ms returns 0
T6C08 061:970.356 JLINK_IsHalted()
T6C08 061:972.888 - 2.532ms returns FALSE
T6C08 061:973.228 JLINK_IsHalted()
T6C08 061:974.656 - 1.428ms returns FALSE
T6B44 062:012.788   JLINK_RTTERMINAL_Read(BufferIndex = 0, BufferSize = 0x00010000)
T6B44 062:013.108   - 0.318ms returns 0
T6B44 062:065.224   JLINK_RTTERMINAL_Read(BufferIndex = 0, BufferSize = 0x00010000)
T6B44 062:065.492   - 0.265ms returns 0
T6C08 062:079.416 JLINK_IsHalted()
T6C08 062:082.176 - 2.758ms returns FALSE
T6C08 062:082.516 JLINK_IsHalted()
T6C08 062:084.032 - 1.512ms returns FALSE
T6B44 062:116.908   JLINK_RTTERMINAL_Read(BufferIndex = 0, BufferSize = 0x00010000)
T6B44 062:117.064   - 0.153ms returns 0
T6B44 062:170.344   JLINK_RTTERMINAL_Read(BufferIndex = 0, BufferSize = 0x00010000)
T6B44 062:170.632   - 0.290ms returns 0
T6C08 062:188.628 JLINK_IsHalted()
T6C08 062:190.732 - 2.101ms returns FALSE
T6C08 062:191.060 JLINK_IsHalted()
T6C08 062:193.672 - 2.607ms returns FALSE
T6B44 062:221.740   JLINK_RTTERMINAL_Read(BufferIndex = 0, BufferSize = 0x00010000)
T6B44 062:222.068   - 0.330ms returns 0
T6B44 062:273.452   JLINK_RTTERMINAL_Read(BufferIndex = 0, BufferSize = 0x00010000)
T6B44 062:273.612   - 0.164ms returns 0
T6C08 062:297.836 JLINK_IsHalted()
T6C08 062:299.432 - 1.589ms returns FALSE
T6C08 062:299.508 JLINK_IsHalted()
T6C08 062:301.268 - 1.764ms returns FALSE
T6B44 062:326.476   JLINK_RTTERMINAL_Read(BufferIndex = 0, BufferSize = 0x00010000)
T6B44 062:326.624   - 0.146ms returns 0
T6B44 062:377.012   JLINK_RTTERMINAL_Read(BufferIndex = 0, BufferSize = 0x00010000)
T6B44 062:377.100   - 0.094ms returns 0
T0C04 062:390.616 JLINK_IsHalted()
T0C04 062:392.012 - 1.392ms returns FALSE
T0C04 062:392.116 JLINK_IsHalted()
T0C04 062:393.876 - 1.759ms returns FALSE
T6C08 062:407.340 JLINK_IsHalted()
T6C08 062:408.992 - 1.655ms returns FALSE
T6C08 062:409.112 JLINK_IsHalted()
T6C08 062:410.668 - 1.551ms returns FALSE
T6B44 062:428.692   JLINK_RTTERMINAL_Read(BufferIndex = 0, BufferSize = 0x00010000)
T6B44 062:428.800   - 0.114ms returns 0
T6B44 062:481.580   JLINK_RTTERMINAL_Read(BufferIndex = 0, BufferSize = 0x00010000)
T6B44 062:481.708   - 0.128ms returns 0
T6C08 062:516.788 JLINK_IsHalted()
T6C08 062:518.644 - 1.855ms returns FALSE
T6C08 062:518.816 JLINK_IsHalted()
T6C08 062:520.600 - 1.785ms returns FALSE
T6B44 062:532.568   JLINK_RTTERMINAL_Read(BufferIndex = 0, BufferSize = 0x00010000)
T6B44 062:532.736   - 0.163ms returns 0
T6B44 062:583.264   JLINK_RTTERMINAL_Read(BufferIndex = 0, BufferSize = 0x00010000)
T6B44 062:583.348   - 0.081ms returns 0
T6C08 062:626.080 JLINK_IsHalted()
T6C08 062:628.052 - 1.972ms returns FALSE
T6C08 062:628.108 JLINK_IsHalted()
T6C08 062:629.932 - 1.823ms returns FALSE
T6B44 062:634.152   JLINK_RTTERMINAL_Read(BufferIndex = 0, BufferSize = 0x00010000)
T6B44 062:634.232   - 0.082ms returns 0
T6B44 062:685.224   JLINK_RTTERMINAL_Read(BufferIndex = 0, BufferSize = 0x00010000)
T6B44 062:685.336   - 0.111ms returns 0
T6C08 062:735.284 JLINK_IsHalted()
T6C08 062:738.872 - 3.589ms returns FALSE
T6B44 062:739.052   JLINK_RTTERMINAL_Read(BufferIndex = 0, BufferSize = 0x00010000)
T6B44 062:739.272   - 0.218ms returns 0
T6C08 062:739.624 JLINK_IsHalted()
T6C08 062:740.780 - 1.155ms returns FALSE
T6B44 062:790.920   JLINK_RTTERMINAL_Read(BufferIndex = 0, BufferSize = 0x00010000)
T6B44 062:790.976   - 0.055ms returns 0
T6B44 062:841.384   JLINK_RTTERMINAL_Read(BufferIndex = 0, BufferSize = 0x00010000)
T6B44 062:841.496   - 0.111ms returns 0
T6C08 062:845.004 JLINK_IsHalted()
T6C08 062:847.372 - 2.367ms returns FALSE
T6C08 062:847.480 JLINK_IsHalted()
T6C08 062:849.216 - 1.733ms returns FALSE
T6B44 062:892.748   JLINK_RTTERMINAL_Read(BufferIndex = 0, BufferSize = 0x00010000)
T6B44 062:892.840   - 0.088ms returns 0
T6B44 062:943.416   JLINK_RTTERMINAL_Read(BufferIndex = 0, BufferSize = 0x00010000)
T6B44 062:943.496   - 0.078ms returns 0
T6C08 062:954.284 JLINK_IsHalted()
T6C08 062:955.180 - 0.893ms returns FALSE
T6C08 062:955.232 JLINK_IsHalted()
T6C08 062:957.032 - 1.796ms returns FALSE
T6B44 062:994.124   JLINK_RTTERMINAL_Read(BufferIndex = 0, BufferSize = 0x00010000)
T6B44 062:994.196   - 0.070ms returns 0
T6B44 063:044.536   JLINK_RTTERMINAL_Read(BufferIndex = 0, BufferSize = 0x00010000)
T6B44 063:044.620   - 0.083ms returns 0
T6C08 063:063.412 JLINK_IsHalted()
T6C08 063:064.936 - 1.521ms returns FALSE
T6C08 063:065.044 JLINK_IsHalted()
T6C08 063:066.764 - 1.722ms returns FALSE
T6B44 063:095.848   JLINK_RTTERMINAL_Read(BufferIndex = 0, BufferSize = 0x00010000)
T6B44 063:095.916   - 0.073ms returns 0
T6B44 063:146.540   JLINK_RTTERMINAL_Read(BufferIndex = 0, BufferSize = 0x00010000)
T6B44 063:146.604   - 0.066ms returns 0
T6C08 063:172.168 JLINK_IsHalted()
T6C08 063:173.768 - 1.593ms returns FALSE
T6C08 063:173.856 JLINK_IsHalted()
T6C08 063:175.896 - 2.045ms returns FALSE
T6B44 063:197.280   JLINK_RTTERMINAL_Read(BufferIndex = 0, BufferSize = 0x00010000)
T6B44 063:197.384   - 0.102ms returns 0
T6B44 063:248.236   JLINK_RTTERMINAL_Read(BufferIndex = 0, BufferSize = 0x00010000)
T6B44 063:248.352   - 0.124ms returns 0
T6C08 063:282.504 JLINK_IsHalted()
T6C08 063:283.744 - 1.242ms returns FALSE
T6C08 063:283.936 JLINK_IsHalted()
T6C08 063:285.716 - 1.775ms returns FALSE
T6B44 063:299.512   JLINK_RTTERMINAL_Read(BufferIndex = 0, BufferSize = 0x00010000)
T6B44 063:299.700   - 0.186ms returns 0
T6B44 063:350.700   JLINK_RTTERMINAL_Read(BufferIndex = 0, BufferSize = 0x00010000)
T6B44 063:350.824   - 0.121ms returns 0
T6C08 063:391.224 JLINK_IsHalted()
T6C08 063:392.520 - 1.296ms returns FALSE
T6C08 063:392.628 JLINK_IsHalted()
T6C08 063:394.548 - 1.921ms returns FALSE
T0C04 063:394.764 JLINK_IsHalted()
T0C04 063:396.148 - 1.383ms returns FALSE
T0C04 063:396.264 JLINK_IsHalted()
T0C04 063:398.004 - 1.741ms returns FALSE
T6B44 063:402.732   JLINK_RTTERMINAL_Read(BufferIndex = 0, BufferSize = 0x00010000)
T6B44 063:402.920   - 0.186ms returns 0
T6B44 063:453.536   JLINK_RTTERMINAL_Read(BufferIndex = 0, BufferSize = 0x00010000)
T6B44 063:453.644   - 0.109ms returns 0
T6C08 063:500.532 JLINK_IsHalted()
T6C08 063:502.504 - 1.967ms returns FALSE
T6C08 063:502.688 JLINK_IsHalted()
T6C08 063:504.256 - 1.566ms returns FALSE
T6B44 063:505.908   JLINK_RTTERMINAL_Read(BufferIndex = 0, BufferSize = 0x00010000)
T6B44 063:506.028   - 0.123ms returns 0
T6B44 063:557.260   JLINK_RTTERMINAL_Read(BufferIndex = 0, BufferSize = 0x00010000)
T6B44 063:557.452   - 0.192ms returns 0
T6B44 063:608.544   JLINK_RTTERMINAL_Read(BufferIndex = 0, BufferSize = 0x00010000)
T6B44 063:608.832   - 0.285ms returns 0
T6C08 063:612.364 JLINK_IsHalted()
T6C08 063:615.464 - 3.086ms returns FALSE
T6C08 063:615.992 JLINK_IsHalted()
T6C08 063:618.132 - 2.138ms returns FALSE
T6B44 063:660.000   JLINK_RTTERMINAL_Read(BufferIndex = 0, BufferSize = 0x00010000)
T6B44 063:660.212   - 0.213ms returns 0
T6B44 063:712.212   JLINK_RTTERMINAL_Read(BufferIndex = 0, BufferSize = 0x00010000)
T6B44 063:712.392   - 0.181ms returns 0
T6C08 063:719.288 JLINK_IsHalted()
T6C08 063:720.724 - 1.426ms returns FALSE
T6C08 063:720.832 JLINK_IsHalted()
T6C08 063:722.408 - 1.571ms returns FALSE
T6B44 063:763.680   JLINK_RTTERMINAL_Read(BufferIndex = 0, BufferSize = 0x00010000)
T6B44 063:763.764   - 0.084ms returns 0
T6B44 063:814.868   JLINK_RTTERMINAL_Read(BufferIndex = 0, BufferSize = 0x00010000)
T6B44 063:814.968   - 0.101ms returns 0
T6C08 063:828.680 JLINK_IsHalted()
T6C08 063:830.028 - 1.349ms returns FALSE
T6C08 063:830.152 JLINK_IsHalted()
T6C08 063:831.912 - 1.758ms returns FALSE
T6B44 063:865.408   JLINK_RTTERMINAL_Read(BufferIndex = 0, BufferSize = 0x00010000)
T6B44 063:865.504   - 0.095ms returns 0
T6B44 063:916.684   JLINK_RTTERMINAL_Read(BufferIndex = 0, BufferSize = 0x00010000)
T6B44 063:916.792   - 0.104ms returns 0
T6C08 063:938.540 JLINK_IsHalted()
T6C08 063:940.032 - 1.487ms returns FALSE
T6C08 063:942.612 JLINK_IsHalted()
T6C08 063:943.680 - 1.069ms returns FALSE
T6B44 063:967.296   JLINK_RTTERMINAL_Read(BufferIndex = 0, BufferSize = 0x00010000)
T6B44 063:967.400   - 0.098ms returns 0
T6B44 064:018.668   JLINK_RTTERMINAL_Read(BufferIndex = 0, BufferSize = 0x00010000)
T6B44 064:018.804   - 0.137ms returns 0
T6C08 064:047.340 JLINK_IsHalted()
T6C08 064:049.140 - 1.799ms returns FALSE
T6C08 064:049.356 JLINK_IsHalted()
T6C08 064:051.112 - 1.746ms returns FALSE
T6B44 064:069.704   JLINK_RTTERMINAL_Read(BufferIndex = 0, BufferSize = 0x00010000)
T6B44 064:069.896   - 0.191ms returns 0
T6B44 064:121.204   JLINK_RTTERMINAL_Read(BufferIndex = 0, BufferSize = 0x00010000)
T6B44 064:121.292   - 0.095ms returns 0
T6C08 064:157.248 JLINK_IsHalted()
T6C08 064:158.260 - 1.009ms returns FALSE
T6C08 064:158.336 JLINK_IsHalted()
T6C08 064:160.160 - 1.822ms returns FALSE
T6B44 064:173.612   JLINK_RTTERMINAL_Read(BufferIndex = 0, BufferSize = 0x00010000)
T6B44 064:173.704   - 0.094ms returns 0
T6B44 064:224.736   JLINK_RTTERMINAL_Read(BufferIndex = 0, BufferSize = 0x00010000)
T6B44 064:225.076   - 0.342ms returns 0
T6C08 064:266.976 JLINK_IsHalted()
T6C08 064:269.492 - 2.510ms returns FALSE
T6C08 064:269.792 JLINK_IsHalted()
T6C08 064:271.444 - 1.648ms returns FALSE
T6B44 064:276.856   JLINK_RTTERMINAL_Read(BufferIndex = 0, BufferSize = 0x00010000)
T6B44 064:277.096   - 0.239ms returns 0
T6B44 064:327.704   JLINK_RTTERMINAL_Read(BufferIndex = 0, BufferSize = 0x00010000)
T6B44 064:327.840   - 0.135ms returns 0
T6C08 064:375.880 JLINK_IsHalted()
T6C08 064:378.088 - 2.207ms returns FALSE
T6C08 064:378.220 JLINK_IsHalted()
T6C08 064:379.660 - 1.440ms returns FALSE
T6B44 064:379.744   JLINK_RTTERMINAL_Read(BufferIndex = 0, BufferSize = 0x00010000)
T6B44 064:379.808   - 0.061ms returns 0
T0C04 064:400.120 JLINK_IsHalted()
T0C04 064:402.036 - 1.909ms returns FALSE
T0C04 064:402.112 JLINK_IsHalted()
T0C04 064:403.616 - 1.502ms returns FALSE
T6B44 064:430.688   JLINK_RTTERMINAL_Read(BufferIndex = 0, BufferSize = 0x00010000)
T6B44 064:430.804   - 0.112ms returns 0
T6B44 064:482.840   JLINK_RTTERMINAL_Read(BufferIndex = 0, BufferSize = 0x00010000)
T6B44 064:482.968   - 0.129ms returns 0
T6C08 064:485.064 JLINK_IsHalted()
T6C08 064:487.384 - 2.322ms returns FALSE
T6C08 064:487.508 JLINK_IsHalted()
T6C08 064:489.108 - 1.600ms returns FALSE
T6B44 064:533.876   JLINK_RTTERMINAL_Read(BufferIndex = 0, BufferSize = 0x00010000)
T6B44 064:534.040   - 0.170ms returns 0
T6B44 064:587.168   JLINK_RTTERMINAL_Read(BufferIndex = 0, BufferSize = 0x00010000)
T6B44 064:587.384   - 0.216ms returns 0
T6C08 064:594.156 JLINK_IsHalted()
T6C08 064:596.712 - 2.546ms returns FALSE
T6C08 064:597.012 JLINK_IsHalted()
T6C08 064:598.456 - 1.438ms returns FALSE
T6B44 064:638.260   JLINK_RTTERMINAL_Read(BufferIndex = 0, BufferSize = 0x00010000)
T6B44 064:638.356   - 0.096ms returns 0
T6B44 064:688.824   JLINK_RTTERMINAL_Read(BufferIndex = 0, BufferSize = 0x00010000)
T6B44 064:688.936   - 0.107ms returns 0
T6C08 064:704.904 JLINK_IsHalted()
T6C08 064:706.412 - 1.512ms returns FALSE
T6C08 064:706.528 JLINK_IsHalted()
T6C08 064:708.288 - 1.756ms returns FALSE
T6B44 064:739.840   JLINK_RTTERMINAL_Read(BufferIndex = 0, BufferSize = 0x00010000)
T6B44 064:739.956   - 0.116ms returns 0
T6B44 064:790.936   JLINK_RTTERMINAL_Read(BufferIndex = 0, BufferSize = 0x00010000)
T6B44 064:790.988   - 0.054ms returns 0
T6C08 064:813.672 JLINK_IsHalted()
T6C08 064:814.612 - 0.942ms returns FALSE
T6C08 064:814.664 JLINK_IsHalted()
T6C08 064:816.480 - 1.812ms returns FALSE
T6B44 064:843.080   JLINK_RTTERMINAL_Read(BufferIndex = 0, BufferSize = 0x00010000)
T6B44 064:843.180   - 0.102ms returns 0
T6B44 064:893.964   JLINK_RTTERMINAL_Read(BufferIndex = 0, BufferSize = 0x00010000)
T6B44 064:894.068   - 0.098ms returns 0
T6C08 064:922.464 JLINK_IsHalted()
T6C08 064:923.912 - 1.439ms returns FALSE
T6C08 064:924.052 JLINK_IsHalted()
T6C08 064:926.092 - 2.045ms returns FALSE
T6B44 064:945.000   JLINK_RTTERMINAL_Read(BufferIndex = 0, BufferSize = 0x00010000)
T6B44 064:945.120   - 0.120ms returns 0
T6B44 064:996.696   JLINK_RTTERMINAL_Read(BufferIndex = 0, BufferSize = 0x00010000)
T6B44 064:996.940   - 0.248ms returns 0
T6C08 065:032.584 JLINK_IsHalted()
T6C08 065:035.128 - 2.549ms returns FALSE
T6C08 065:035.392 JLINK_IsHalted()
T6C08 065:036.672 - 1.275ms returns FALSE
T6B44 065:048.780   JLINK_RTTERMINAL_Read(BufferIndex = 0, BufferSize = 0x00010000)
T6B44 065:049.196   - 0.415ms returns 0
T6B44 065:101.036   JLINK_RTTERMINAL_Read(BufferIndex = 0, BufferSize = 0x00010000)
T6B44 065:101.332   - 0.290ms returns 0
T6C08 065:141.480 JLINK_IsHalted()
T6C08 065:142.868 - 1.386ms returns FALSE
T6C08 065:142.976 JLINK_IsHalted()
T6C08 065:144.696 - 1.722ms returns FALSE
T6B44 065:152.748   JLINK_RTTERMINAL_Read(BufferIndex = 0, BufferSize = 0x00010000)
T6B44 065:152.852   - 0.107ms returns 0
T6B44 065:205.024   JLINK_RTTERMINAL_Read(BufferIndex = 0, BufferSize = 0x00010000)
T6B44 065:205.112   - 0.090ms returns 0
T6C08 065:250.860 JLINK_IsHalted()
T6C08 065:252.512 - 1.653ms returns FALSE
T6C08 065:252.568 JLINK_IsHalted()
T6C08 065:254.388 - 1.815ms returns FALSE
T6B44 065:255.464   JLINK_RTTERMINAL_Read(BufferIndex = 0, BufferSize = 0x00010000)
T6B44 065:255.508   - 0.046ms returns 0
T6B44 065:306.072   JLINK_RTTERMINAL_Read(BufferIndex = 0, BufferSize = 0x00010000)
T6B44 065:306.156   - 0.083ms returns 0
T6B44 065:356.824   JLINK_RTTERMINAL_Read(BufferIndex = 0, BufferSize = 0x00010000)
T6B44 065:356.916   - 0.092ms returns 0
T6C08 065:360.544 JLINK_IsHalted()
T6C08 065:362.580 - 2.032ms returns FALSE
T6C08 065:362.944 JLINK_IsHalted()
T6C08 065:364.408 - 1.459ms returns FALSE
T0C04 065:403.904 JLINK_IsHalted()
T0C04 065:405.164 - 1.265ms returns FALSE
T0C04 065:405.240 JLINK_IsHalted()
T0C04 065:406.956 - 1.715ms returns FALSE
T6B44 065:408.716   JLINK_RTTERMINAL_Read(BufferIndex = 0, BufferSize = 0x00010000)
T6B44 065:408.788   - 0.066ms returns 0
T6B44 065:459.604   JLINK_RTTERMINAL_Read(BufferIndex = 0, BufferSize = 0x00010000)
T6B44 065:459.712   - 0.113ms returns 0
T6C08 065:469.760 JLINK_IsHalted()
T6C08 065:471.112 - 1.350ms returns FALSE
T6C08 065:471.168 JLINK_IsHalted()
T6C08 065:473.484 - 2.311ms returns FALSE
T6B44 065:511.060   JLINK_RTTERMINAL_Read(BufferIndex = 0, BufferSize = 0x00010000)
T6B44 065:511.176   - 0.116ms returns 0
T6B44 065:562.560   JLINK_RTTERMINAL_Read(BufferIndex = 0, BufferSize = 0x00010000)
T6B44 065:562.764   - 0.206ms returns 0
T6C08 065:578.644 JLINK_IsHalted()
T6C08 065:579.912 - 1.263ms returns FALSE
T6C08 065:580.120 JLINK_IsHalted()
T6C08 065:582.024 - 1.897ms returns FALSE
T6B44 065:613.880   JLINK_RTTERMINAL_Read(BufferIndex = 0, BufferSize = 0x00010000)
T6B44 065:614.280   - 0.401ms returns 0
T6B44 065:665.656   JLINK_RTTERMINAL_Read(BufferIndex = 0, BufferSize = 0x00010000)
T6B44 065:665.832   - 0.177ms returns 0
T6C08 065:689.324 JLINK_IsHalted()
T6C08 065:691.180 - 1.849ms returns FALSE
T6C08 065:691.476 JLINK_IsHalted()
T6C08 065:693.004 - 1.526ms returns FALSE
T6B44 065:717.076   JLINK_RTTERMINAL_Read(BufferIndex = 0, BufferSize = 0x00010000)
T6B44 065:717.356   - 0.285ms returns 0
T6B44 065:768.600   JLINK_RTTERMINAL_Read(BufferIndex = 0, BufferSize = 0x00010000)
T6B44 065:768.776   - 0.169ms returns 0
T6C08 065:798.028 JLINK_IsHalted()
T6C08 065:799.032 - 1.008ms returns FALSE
T6C08 065:799.092 JLINK_IsHalted()
T6C08 065:800.948 - 1.852ms returns FALSE
T6B44 065:819.936   JLINK_RTTERMINAL_Read(BufferIndex = 0, BufferSize = 0x00010000)
T6B44 065:820.012   - 0.075ms returns 0
T6B44 065:872.064   JLINK_RTTERMINAL_Read(BufferIndex = 0, BufferSize = 0x00010000)
T6B44 065:872.200   - 0.138ms returns 0
T6C08 065:908.820 JLINK_IsHalted()
T6C08 065:910.356 - 1.536ms returns FALSE
T6C08 065:910.444 JLINK_IsHalted()
T6C08 065:912.300 - 1.856ms returns FALSE
T6B44 065:923.412   JLINK_RTTERMINAL_Read(BufferIndex = 0, BufferSize = 0x00010000)
T6B44 065:923.512   - 0.099ms returns 0
T6B44 065:974.092   JLINK_RTTERMINAL_Read(BufferIndex = 0, BufferSize = 0x00010000)
T6B44 065:974.248   - 0.160ms returns 0
T6C08 066:016.716 JLINK_IsHalted()
T6C08 066:018.732 - 2.018ms returns FALSE
T6C08 066:018.936 JLINK_IsHalted()
T6C08 066:020.652 - 1.714ms returns FALSE
T6B44 066:024.896   JLINK_RTTERMINAL_Read(BufferIndex = 0, BufferSize = 0x00010000)
T6B44 066:025.056   - 0.165ms returns 0
T6B44 066:076.172   JLINK_RTTERMINAL_Read(BufferIndex = 0, BufferSize = 0x00010000)
T6B44 066:076.480   - 0.306ms returns 0
T6C08 066:126.120 JLINK_IsHalted()
T6C08 066:127.872 - 1.749ms returns FALSE
T6B44 066:128.012   JLINK_RTTERMINAL_Read(BufferIndex = 0, BufferSize = 0x00010000)
T6B44 066:128.120   - 0.105ms returns 0
T6C08 066:128.340 JLINK_IsHalted()
T6C08 066:129.752 - 1.411ms returns FALSE
T6B44 066:179.512   JLINK_RTTERMINAL_Read(BufferIndex = 0, BufferSize = 0x00010000)
T6B44 066:179.668   - 0.150ms returns 0
T6B44 066:230.184   JLINK_RTTERMINAL_Read(BufferIndex = 0, BufferSize = 0x00010000)
T6B44 066:230.324   - 0.144ms returns 0
T6C08 066:234.668 JLINK_IsHalted()
T6C08 066:236.128 - 1.459ms returns FALSE
T6C08 066:236.256 JLINK_IsHalted()
T6C08 066:237.960 - 1.696ms returns FALSE
T6B44 066:281.664   JLINK_RTTERMINAL_Read(BufferIndex = 0, BufferSize = 0x00010000)
T6B44 066:281.816   - 0.159ms returns 0
T6B44 066:332.424   JLINK_RTTERMINAL_Read(BufferIndex = 0, BufferSize = 0x00010000)
T6B44 066:332.544   - 0.116ms returns 0
T6C08 066:345.128 JLINK_IsHalted()
T6C08 066:346.400 - 1.270ms returns FALSE
T6C08 066:346.488 JLINK_IsHalted()
T6C08 066:347.936 - 1.445ms returns FALSE
T6B44 066:383.084   JLINK_RTTERMINAL_Read(BufferIndex = 0, BufferSize = 0x00010000)
T6B44 066:383.264   - 0.178ms returns 0
T0C04 066:407.744 JLINK_IsHalted()
T0C04 066:410.048 - 2.300ms returns FALSE
T0C04 066:410.156 JLINK_IsHalted()
T0C04 066:411.604 - 1.444ms returns FALSE
T6B44 066:434.408   JLINK_RTTERMINAL_Read(BufferIndex = 0, BufferSize = 0x00010000)
T6B44 066:434.496   - 0.088ms returns 0
T6C08 066:453.396 JLINK_IsHalted()
T6C08 066:454.920 - 1.519ms returns FALSE
T6C08 066:455.028 JLINK_IsHalted()
T6C08 066:456.812 - 1.785ms returns FALSE
T6B44 066:485.140   JLINK_RTTERMINAL_Read(BufferIndex = 0, BufferSize = 0x00010000)
T6B44 066:485.248   - 0.105ms returns 0
T6B44 066:536.216   JLINK_RTTERMINAL_Read(BufferIndex = 0, BufferSize = 0x00010000)
T6B44 066:536.344   - 0.128ms returns 0
T6C08 066:563.008 JLINK_IsHalted()
T6C08 066:565.484 - 2.474ms returns FALSE
T6C08 066:565.704 JLINK_IsHalted()
T6C08 066:567.052 - 1.349ms returns FALSE
T6B44 066:587.156   JLINK_RTTERMINAL_Read(BufferIndex = 0, BufferSize = 0x00010000)
T6B44 066:587.464   - 0.312ms returns 0
T6B44 066:640.332   JLINK_RTTERMINAL_Read(BufferIndex = 0, BufferSize = 0x00010000)
T6B44 066:640.440   - 0.107ms returns 0
T6C08 066:672.192 JLINK_IsHalted()
T6C08 066:673.216 - 1.025ms returns FALSE
T6C08 066:673.292 JLINK_IsHalted()
T6C08 066:675.072 - 1.777ms returns FALSE
T6B44 066:692.232   JLINK_RTTERMINAL_Read(BufferIndex = 0, BufferSize = 0x00010000)
T6B44 066:692.300   - 0.070ms returns 0
T6B44 066:743.328   JLINK_RTTERMINAL_Read(BufferIndex = 0, BufferSize = 0x00010000)
T6B44 066:743.468   - 0.141ms returns 0
T6C08 066:781.716 JLINK_IsHalted()
T6C08 066:783.436 - 1.724ms returns FALSE
T6C08 066:783.584 JLINK_IsHalted()
T6C08 066:785.208 - 1.624ms returns FALSE
T6B44 066:794.944   JLINK_RTTERMINAL_Read(BufferIndex = 0, BufferSize = 0x00010000)
T6B44 066:795.052   - 0.108ms returns 0
T6B44 066:845.560   JLINK_RTTERMINAL_Read(BufferIndex = 0, BufferSize = 0x00010000)
T6B44 066:845.640   - 0.077ms returns 0
T6C08 066:891.188 JLINK_IsHalted()
T6C08 066:893.240 - 2.053ms returns FALSE
T6C08 066:893.384 JLINK_IsHalted()
T6C08 066:894.824 - 1.440ms returns FALSE
T6B44 066:896.532   JLINK_RTTERMINAL_Read(BufferIndex = 0, BufferSize = 0x00010000)
T6B44 066:896.652   - 0.125ms returns 0
T6B44 066:947.276   JLINK_RTTERMINAL_Read(BufferIndex = 0, BufferSize = 0x00010000)
T6B44 066:947.384   - 0.112ms returns 0
T6B44 066:998.196   JLINK_RTTERMINAL_Read(BufferIndex = 0, BufferSize = 0x00010000)
T6B44 066:998.324   - 0.127ms returns 0
T6C08 067:000.352 JLINK_IsHalted()
T6C08 067:002.360 - 2.004ms returns FALSE
T6C08 067:002.496 JLINK_IsHalted()
T6C08 067:003.928 - 1.435ms returns FALSE
T6B44 067:048.992   JLINK_RTTERMINAL_Read(BufferIndex = 0, BufferSize = 0x00010000)
T6B44 067:049.176   - 0.180ms returns 0
T6B44 067:099.992   JLINK_RTTERMINAL_Read(BufferIndex = 0, BufferSize = 0x00010000)
T6B44 067:100.140   - 0.148ms returns 0
T6C08 067:110.008 JLINK_IsHalted()
T6C08 067:111.568 - 1.554ms returns FALSE
T6C08 067:111.696 JLINK_IsHalted()
T6C08 067:113.384 - 1.687ms returns FALSE
T6B44 067:152.744   JLINK_RTTERMINAL_Read(BufferIndex = 0, BufferSize = 0x00010000)
T6B44 067:152.832   - 0.088ms returns 0
T6B44 067:203.560   JLINK_RTTERMINAL_Read(BufferIndex = 0, BufferSize = 0x00010000)
T6B44 067:203.656   - 0.096ms returns 0
T6C08 067:219.024 JLINK_IsHalted()
T6C08 067:221.288 - 2.258ms returns FALSE
T6C08 067:221.392 JLINK_IsHalted()
T6C08 067:222.680 - 1.286ms returns FALSE
T6B44 067:254.824   JLINK_RTTERMINAL_Read(BufferIndex = 0, BufferSize = 0x00010000)
T6B44 067:255.120   - 0.302ms returns 0
T6B44 067:306.648   JLINK_RTTERMINAL_Read(BufferIndex = 0, BufferSize = 0x00010000)
T6B44 067:306.960   - 0.306ms returns 0
T6C08 067:328.704 JLINK_IsHalted()
T6C08 067:330.368 - 1.665ms returns FALSE
T6C08 067:330.896 JLINK_IsHalted()
T6C08 067:333.368 - 2.472ms returns FALSE
T6B44 067:358.600   JLINK_RTTERMINAL_Read(BufferIndex = 0, BufferSize = 0x00010000)
T6B44 067:358.888   - 0.286ms returns 0
T6B44 067:410.480   JLINK_RTTERMINAL_Read(BufferIndex = 0, BufferSize = 0x00010000)
T6B44 067:410.576   - 0.091ms returns 0
T0C04 067:412.904 JLINK_IsHalted()
T0C04 067:415.088 - 2.192ms returns FALSE
T0C04 067:415.184 JLINK_IsHalted()
T0C04 067:416.704 - 1.517ms returns FALSE
T6C08 067:442.496 JLINK_IsHalted()
T6C08 067:444.256 - 1.760ms returns FALSE
T6C08 067:444.312 JLINK_IsHalted()
T6C08 067:446.112 - 1.798ms returns FALSE
T6B44 067:460.952   JLINK_RTTERMINAL_Read(BufferIndex = 0, BufferSize = 0x00010000)
T6B44 067:461.048   - 0.098ms returns 0
T6B44 067:512.216   JLINK_RTTERMINAL_Read(BufferIndex = 0, BufferSize = 0x00010000)
T6B44 067:512.280   - 0.065ms returns 0
T6C08 067:547.368 JLINK_IsHalted()
T6C08 067:548.752 - 1.379ms returns FALSE
T6C08 067:548.840 JLINK_IsHalted()
T6C08 067:550.656 - 1.820ms returns FALSE
T6B44 067:564.688   JLINK_RTTERMINAL_Read(BufferIndex = 0, BufferSize = 0x00010000)
T6B44 067:564.768   - 0.074ms returns 0
T6B44 067:615.920   JLINK_RTTERMINAL_Read(BufferIndex = 0, BufferSize = 0x00010000)
T6B44 067:615.984   - 0.070ms returns 0
T6C08 067:656.512 JLINK_IsHalted()
T6C08 067:658.144 - 1.634ms returns FALSE
T6C08 067:658.192 JLINK_IsHalted()
T6C08 067:660.016 - 1.823ms returns FALSE
T6B44 067:666.672   JLINK_RTTERMINAL_Read(BufferIndex = 0, BufferSize = 0x00010000)
T6B44 067:666.736   - 0.059ms returns 0
T6B44 067:717.736   JLINK_RTTERMINAL_Read(BufferIndex = 0, BufferSize = 0x00010000)
T6B44 067:717.872   - 0.134ms returns 0
T6C08 067:766.336 JLINK_IsHalted()
T6C08 067:767.488 - 1.150ms returns FALSE
T6C08 067:767.624 JLINK_IsHalted()
T6C08 067:769.392 - 1.773ms returns FALSE
T6B44 067:769.528   JLINK_RTTERMINAL_Read(BufferIndex = 0, BufferSize = 0x00010000)
T6B44 067:769.664   - 0.136ms returns 0
T6B44 067:820.248   JLINK_RTTERMINAL_Read(BufferIndex = 0, BufferSize = 0x00010000)
T6B44 067:820.336   - 0.086ms returns 0
T6B44 067:871.064   JLINK_RTTERMINAL_Write(BufferIndex = 0, BufferSize = 0x00000003)
T6B44 067:871.152     CPU_ReadMem(24 bytes @ 0x200308EC)
T6B44 067:873.472     CPU_WriteMem(3 bytes @ 0x2003047E)
T6B44 067:875.544     CPU_WriteMem(4 bytes @ 0x200308F8)
T6B44 067:877.416   - 6.353ms returns 3
T6C08 067:877.648 JLINK_IsHalted()
T6C08 067:880.472 - 2.830ms returns FALSE
T6B44 067:880.592   JLINK_RTTERMINAL_Read(BufferIndex = 0, BufferSize = 0x00010000)
T6B44 067:880.640   - 0.044ms returns 0
T6C08 067:880.800 JLINK_IsHalted()
T6C08 067:882.480 - 1.682ms returns FALSE
T6B44 067:931.088   JLINK_RTTERMINAL_Read(BufferIndex = 0, BufferSize = 0x00010000)
T6B44 067:931.184   - 0.092ms returns 181
T6B44 067:931.408   JLINK_RTTERMINAL_Read(BufferIndex = 0, BufferSize = 0x00010000)
T6B44 067:931.480   - 0.074ms returns 0
T6B44 067:982.288   JLINK_RTTERMINAL_Read(BufferIndex = 0, BufferSize = 0x00010000)
T6B44 067:982.448   - 0.153ms returns 0
T6C08 067:985.536 JLINK_IsHalted()
T6C08 067:986.888 - 1.349ms returns FALSE
T6C08 067:986.960 JLINK_IsHalted()
T6C08 067:988.752 - 1.790ms returns FALSE
T6B44 068:033.504   JLINK_RTTERMINAL_Read(BufferIndex = 0, BufferSize = 0x00010000)
T6B44 068:033.616   - 0.118ms returns 0
T6B44 068:086.968   JLINK_RTTERMINAL_Read(BufferIndex = 0, BufferSize = 0x00010000)
T6B44 068:087.080   - 0.113ms returns 0
T6C08 068:094.944 JLINK_IsHalted()
T6C08 068:096.488 - 1.541ms returns FALSE
T6C08 068:096.616 JLINK_IsHalted()
T6C08 068:098.304 - 1.685ms returns FALSE
T6B44 068:138.688   JLINK_RTTERMINAL_Read(BufferIndex = 0, BufferSize = 0x00010000)
T6B44 068:138.928   - 0.235ms returns 0
T6B44 068:191.336   JLINK_RTTERMINAL_Read(BufferIndex = 0, BufferSize = 0x00010000)
T6B44 068:191.440   - 0.103ms returns 0
T6C08 068:204.488 JLINK_IsHalted()
T6C08 068:206.536 - 2.045ms returns FALSE
T6C08 068:206.648 JLINK_IsHalted()
T6C08 068:208.376 - 1.726ms returns FALSE
T6B44 068:242.608   JLINK_RTTERMINAL_Read(BufferIndex = 0, BufferSize = 0x00010000)
T6B44 068:242.736   - 0.123ms returns 0
T6B44 068:294.096   JLINK_RTTERMINAL_Read(BufferIndex = 0, BufferSize = 0x00010000)
T6B44 068:294.352   - 0.257ms returns 0
T6C08 068:313.768 JLINK_IsHalted()
T6C08 068:316.040 - 2.266ms returns FALSE
T6C08 068:316.352 JLINK_IsHalted()
T6C08 068:319.072 - 2.713ms returns FALSE
T6B44 068:346.736   JLINK_RTTERMINAL_Read(BufferIndex = 0, BufferSize = 0x00010000)
T6B44 068:347.000   - 0.270ms returns 0
T6B44 068:398.664   JLINK_RTTERMINAL_Read(BufferIndex = 0, BufferSize = 0x00010000)
T6B44 068:398.736   - 0.071ms returns 0
T0C04 068:417.040 JLINK_IsHalted()
T0C04 068:418.792 - 1.751ms returns FALSE
T0C04 068:418.880 JLINK_IsHalted()
T0C04 068:420.720 - 1.836ms returns FALSE
T6C08 068:422.544 JLINK_IsHalted()
T6C08 068:423.800 - 1.261ms returns FALSE
T6C08 068:423.880 JLINK_IsHalted()
T6C08 068:426.032 - 2.155ms returns FALSE
T6B44 068:449.800   JLINK_RTTERMINAL_Read(BufferIndex = 0, BufferSize = 0x00010000)
T6B44 068:449.936   - 0.137ms returns 0
T6B44 068:502.208   JLINK_RTTERMINAL_Read(BufferIndex = 0, BufferSize = 0x00010000)
T6B44 068:502.304   - 0.097ms returns 0
T6C08 068:532.384 JLINK_IsHalted()
T6C08 068:533.744 - 1.349ms returns FALSE
T6C08 068:533.872 JLINK_IsHalted()
T6C08 068:535.624 - 1.742ms returns FALSE
T6B44 068:553.616   JLINK_RTTERMINAL_Read(BufferIndex = 0, BufferSize = 0x00010000)
T6B44 068:553.736   - 0.122ms returns 0
T6B44 068:604.784   JLINK_RTTERMINAL_Read(BufferIndex = 0, BufferSize = 0x00010000)
T6B44 068:604.888   - 0.114ms returns 0
T6C08 068:641.600 JLINK_IsHalted()
T6C08 068:643.728 - 2.119ms returns FALSE
T6C08 068:643.992 JLINK_IsHalted()
T6C08 068:645.776 - 1.777ms returns FALSE
T6B44 068:655.808   JLINK_RTTERMINAL_Read(BufferIndex = 0, BufferSize = 0x00010000)
T6B44 068:656.016   - 0.209ms returns 0
T6B44 068:707.208   JLINK_RTTERMINAL_Read(BufferIndex = 0, BufferSize = 0x00010000)
T6B44 068:707.392   - 0.188ms returns 0
T6C08 068:750.616 JLINK_IsHalted()
T6C08 068:752.048 - 1.434ms returns FALSE
T6C08 068:752.168 JLINK_IsHalted()
T6C08 068:753.688 - 1.522ms returns FALSE
T6B44 068:758.816   JLINK_RTTERMINAL_Read(BufferIndex = 0, BufferSize = 0x00010000)
T6B44 068:758.920   - 0.106ms returns 0
T6B44 068:809.488   JLINK_RTTERMINAL_Read(BufferIndex = 0, BufferSize = 0x00010000)
T6B44 068:809.576   - 0.091ms returns 0
T6B44 068:861.032   JLINK_RTTERMINAL_Read(BufferIndex = 0, BufferSize = 0x00010000)
T6B44 068:861.120   - 0.089ms returns 0
T6C08 068:861.264 JLINK_IsHalted()
T6C08 068:863.272 - 2.006ms returns FALSE
T6C08 068:863.376 JLINK_IsHalted()
T6C08 068:865.112 - 1.735ms returns FALSE
T6B44 068:912.552   JLINK_RTTERMINAL_Read(BufferIndex = 0, BufferSize = 0x00010000)
T6B44 068:912.640   - 0.089ms returns 0
T6B44 068:964.040   JLINK_RTTERMINAL_Read(BufferIndex = 0, BufferSize = 0x00010000)
T6B44 068:964.120   - 0.082ms returns 0
T6C08 068:969.616 JLINK_IsHalted()
T6C08 068:971.080 - 1.466ms returns FALSE
T6C08 068:971.184 JLINK_IsHalted()
T6C08 068:973.360 - 2.179ms returns FALSE
T6B44 069:015.176   JLINK_RTTERMINAL_Read(BufferIndex = 0, BufferSize = 0x00010000)
T6B44 069:015.304   - 0.131ms returns 0
T6B44 069:066.040   JLINK_RTTERMINAL_Read(BufferIndex = 0, BufferSize = 0x00010000)
T6B44 069:066.184   - 0.143ms returns 0
T6C08 069:080.240 JLINK_IsHalted()
T6C08 069:082.344 - 2.108ms returns FALSE
T6C08 069:082.504 JLINK_IsHalted()
T6C08 069:083.928 - 1.430ms returns FALSE
T6B44 069:117.024   JLINK_RTTERMINAL_Read(BufferIndex = 0, BufferSize = 0x00010000)
T6B44 069:117.200   - 0.174ms returns 0
T6B44 069:168.984   JLINK_RTTERMINAL_Read(BufferIndex = 0, BufferSize = 0x00010000)
T6B44 069:169.112   - 0.127ms returns 0
T6C08 069:188.064 JLINK_IsHalted()
T6C08 069:190.384 - 2.316ms returns FALSE
T6C08 069:190.608 JLINK_IsHalted()
T6C08 069:191.976 - 1.368ms returns FALSE
T6B44 069:220.240   JLINK_RTTERMINAL_Read(BufferIndex = 0, BufferSize = 0x00010000)
T6B44 069:220.424   - 0.184ms returns 0
T6B44 069:273.408   JLINK_RTTERMINAL_Read(BufferIndex = 0, BufferSize = 0x00010000)
T6B44 069:273.584   - 0.167ms returns 0
T6C08 069:297.528 JLINK_IsHalted()
T6C08 069:298.928 - 1.393ms returns FALSE
T6C08 069:299.120 JLINK_IsHalted()
T6C08 069:300.784 - 1.671ms returns FALSE
T6B44 069:324.784   JLINK_RTTERMINAL_Read(BufferIndex = 0, BufferSize = 0x00010000)
T6B44 069:324.944   - 0.162ms returns 0
T6B44 069:376.352   JLINK_RTTERMINAL_Read(BufferIndex = 0, BufferSize = 0x00010000)
T6B44 069:376.496   - 0.145ms returns 0
T6C08 069:407.056 JLINK_IsHalted()
T6C08 069:409.416 - 2.355ms returns FALSE
T6C08 069:409.536 JLINK_IsHalted()
T6C08 069:411.224 - 1.691ms returns FALSE
T0C04 069:421.640 JLINK_IsHalted()
T0C04 069:423.464 - 1.827ms returns FALSE
T0C04 069:423.560 JLINK_IsHalted()
T0C04 069:425.392 - 1.839ms returns FALSE
T6B44 069:427.104   JLINK_RTTERMINAL_Read(BufferIndex = 0, BufferSize = 0x00010000)
T6B44 069:427.184   - 0.084ms returns 0
T6B44 069:477.680   JLINK_RTTERMINAL_Read(BufferIndex = 0, BufferSize = 0x00010000)
T6B44 069:477.800   - 0.111ms returns 0
T6C08 069:516.288 JLINK_IsHalted()
T6C08 069:518.000 - 1.706ms returns FALSE
T6C08 069:518.136 JLINK_IsHalted()
T6C08 069:519.848 - 1.706ms returns FALSE
T6B44 069:529.176   JLINK_RTTERMINAL_Read(BufferIndex = 0, BufferSize = 0x00010000)
T6B44 069:529.320   - 0.136ms returns 0
T6B44 069:580.424   JLINK_RTTERMINAL_Read(BufferIndex = 0, BufferSize = 0x00010000)
T6B44 069:580.592   - 0.164ms returns 0
T6C08 069:627.720 JLINK_IsHalted()
T6C08 069:629.248 - 1.527ms returns FALSE
T6C08 069:629.440 JLINK_IsHalted()
T6C08 069:631.232 - 1.787ms returns FALSE
T6B44 069:631.456   JLINK_RTTERMINAL_Read(BufferIndex = 0, BufferSize = 0x00010000)
T6B44 069:631.600   - 0.147ms returns 0
T6B44 069:682.304   JLINK_RTTERMINAL_Read(BufferIndex = 0, BufferSize = 0x00010000)
T6B44 069:682.376   - 0.068ms returns 0
T6B44 069:732.640   JLINK_RTTERMINAL_Read(BufferIndex = 0, BufferSize = 0x00010000)
T6B44 069:732.720   - 0.073ms returns 0
T6C08 069:734.872 JLINK_IsHalted()
T6C08 069:736.592 - 1.713ms returns FALSE
T6C08 069:736.640 JLINK_IsHalted()
T6C08 069:738.408 - 1.766ms returns FALSE
T6B44 069:784.168   JLINK_RTTERMINAL_Read(BufferIndex = 0, BufferSize = 0x00010000)
T6B44 069:784.272   - 0.112ms returns 0
T6B44 069:835.280   JLINK_RTTERMINAL_Read(BufferIndex = 0, BufferSize = 0x00010000)
T6B44 069:835.352   - 0.074ms returns 0
T6C08 069:844.952 JLINK_IsHalted()
T6C08 069:845.952 - 0.992ms returns FALSE
T6C08 069:845.992 JLINK_IsHalted()
T6C08 069:847.824 - 1.828ms returns FALSE
T6B44 069:886.544   JLINK_RTTERMINAL_Read(BufferIndex = 0, BufferSize = 0x00010000)
T6B44 069:886.608   - 0.069ms returns 0
T6B44 069:937.536   JLINK_RTTERMINAL_Read(BufferIndex = 0, BufferSize = 0x00010000)
T6B44 069:937.608   - 0.068ms returns 0
T6C08 069:953.680 JLINK_IsHalted()
T6C08 069:954.800 - 1.125ms returns FALSE
T6C08 069:954.856 JLINK_IsHalted()
T6C08 069:956.528 - 1.676ms returns FALSE
T6B44 069:988.864   JLINK_RTTERMINAL_Read(BufferIndex = 0, BufferSize = 0x00010000)
T6B44 069:988.976   - 0.111ms returns 0
T6B44 070:039.960   JLINK_RTTERMINAL_Read(BufferIndex = 0, BufferSize = 0x00010000)
T6B44 070:040.104   - 0.146ms returns 0
T6C08 070:063.568 JLINK_IsHalted()
T6C08 070:065.792 - 2.229ms returns FALSE
T6C08 070:065.976 JLINK_IsHalted()
T6C08 070:067.664 - 1.681ms returns FALSE
T6B44 070:090.672   JLINK_RTTERMINAL_Read(BufferIndex = 0, BufferSize = 0x00010000)
T6B44 070:090.840   - 0.172ms returns 0
T6B44 070:143.056   JLINK_RTTERMINAL_Read(BufferIndex = 0, BufferSize = 0x00010000)
T6B44 070:143.184   - 0.125ms returns 0
T6C08 070:172.632 JLINK_IsHalted()
T6C08 070:174.368 - 1.736ms returns FALSE
T6C08 070:174.576 JLINK_IsHalted()
T6C08 070:176.400 - 1.820ms returns FALSE
T6B44 070:193.712   JLINK_RTTERMINAL_Read(BufferIndex = 0, BufferSize = 0x00010000)
T6B44 070:193.824   - 0.112ms returns 0
T6B44 070:245.136   JLINK_RTTERMINAL_Write(BufferIndex = 0, BufferSize = 0x00000003)
T6B44 070:245.280     CPU_ReadMem(24 bytes @ 0x200308EC)
T6B44 070:247.504     CPU_WriteMem(3 bytes @ 0x20030481)
T6B44 070:249.608     CPU_WriteMem(4 bytes @ 0x200308F8)
T6B44 070:251.504   - 6.366ms returns 3
T6B44 070:252.016   JLINK_RTTERMINAL_Read(BufferIndex = 0, BufferSize = 0x00010000)
T6B44 070:252.104   - 0.090ms returns 0
T6C08 070:282.384 JLINK_IsHalted()
T6C08 070:284.240 - 1.860ms returns FALSE
T6C08 070:284.336 JLINK_IsHalted()
T6C08 070:286.072 - 1.736ms returns FALSE
T6B44 070:303.200   JLINK_RTTERMINAL_Read(BufferIndex = 0, BufferSize = 0x00010000)
T6B44 070:303.280   - 0.083ms returns 378
T6B44 070:303.512   JLINK_RTTERMINAL_Read(BufferIndex = 0, BufferSize = 0x00010000)
T6B44 070:303.568   - 0.054ms returns 0
T6B44 070:354.904   JLINK_RTTERMINAL_Read(BufferIndex = 0, BufferSize = 0x00010000)
T6B44 070:355.024   - 0.112ms returns 0
T6C08 070:391.032 JLINK_IsHalted()
T6C08 070:392.864 - 1.829ms returns FALSE
T6C08 070:392.976 JLINK_IsHalted()
T6C08 070:394.640 - 1.659ms returns FALSE
T6B44 070:405.680   JLINK_RTTERMINAL_Read(BufferIndex = 0, BufferSize = 0x00010000)
T6B44 070:405.784   - 0.100ms returns 0
T0C04 070:427.552 JLINK_IsHalted()
T0C04 070:429.600 - 2.048ms returns FALSE
T0C04 070:429.936 JLINK_IsHalted()
T0C04 070:431.240 - 1.307ms returns FALSE
T6B44 070:456.312   JLINK_RTTERMINAL_Read(BufferIndex = 0, BufferSize = 0x00010000)
T6B44 070:456.416   - 0.102ms returns 0
T6C08 070:501.488 JLINK_IsHalted()
T6C08 070:503.648 - 2.156ms returns FALSE
T6C08 070:503.864 JLINK_IsHalted()
T6C08 070:505.560 - 1.691ms returns FALSE
T6B44 070:508.456   JLINK_RTTERMINAL_Read(BufferIndex = 0, BufferSize = 0x00010000)
T6B44 070:508.600   - 0.146ms returns 0
T6B44 070:559.296   JLINK_RTTERMINAL_Read(BufferIndex = 0, BufferSize = 0x00010000)
T6B44 070:559.424   - 0.123ms returns 0
T6C08 070:610.832 JLINK_IsHalted()
T6C08 070:612.272 - 1.439ms returns FALSE
T6B44 070:612.392   JLINK_RTTERMINAL_Read(BufferIndex = 0, BufferSize = 0x00010000)
T6B44 070:612.464   - 0.080ms returns 0
T6C08 070:612.656 JLINK_IsHalted()
T6C08 070:614.456 - 1.797ms returns FALSE
T6B44 070:664.096   JLINK_RTTERMINAL_Read(BufferIndex = 0, BufferSize = 0x00010000)
T6B44 070:664.240   - 0.144ms returns 0
T6B44 070:715.448   JLINK_RTTERMINAL_Read(BufferIndex = 0, BufferSize = 0x00010000)
T6B44 070:715.624   - 0.176ms returns 0
T6C08 070:719.200 JLINK_IsHalted()
T6C08 070:721.104 - 1.908ms returns FALSE
T6C08 070:721.296 JLINK_IsHalted()
T6C08 070:722.896 - 1.598ms returns FALSE
T6B44 070:767.248   JLINK_RTTERMINAL_Read(BufferIndex = 0, BufferSize = 0x00010000)
T6B44 070:767.352   - 0.101ms returns 0
T6B44 070:818.120   JLINK_RTTERMINAL_Read(BufferIndex = 0, BufferSize = 0x00010000)
T6B44 070:818.224   - 0.099ms returns 0
T6C08 070:829.208 JLINK_IsHalted()
T6C08 070:830.872 - 1.663ms returns FALSE
T6C08 070:830.920 JLINK_IsHalted()
T6C08 070:832.800 - 1.878ms returns FALSE
T6B44 070:868.760   JLINK_RTTERMINAL_Read(BufferIndex = 0, BufferSize = 0x00010000)
T6B44 070:868.840   - 0.079ms returns 0
T6B44 070:919.280   JLINK_RTTERMINAL_Read(BufferIndex = 0, BufferSize = 0x00010000)
T6B44 070:919.384   - 0.112ms returns 0
T6C08 070:938.288 JLINK_IsHalted()
T6C08 070:940.488 - 2.197ms returns FALSE
T6C08 070:940.592 JLINK_IsHalted()
T6C08 070:942.368 - 1.768ms returns FALSE
T6B44 070:970.968   JLINK_RTTERMINAL_Read(BufferIndex = 0, BufferSize = 0x00010000)
T6B44 070:971.048   - 0.076ms returns 0
T6B44 071:022.056   JLINK_RTTERMINAL_Read(BufferIndex = 0, BufferSize = 0x00010000)
T6B44 071:022.160   - 0.115ms returns 0
T6C08 071:047.760 JLINK_IsHalted()
T6C08 071:049.768 - 2.003ms returns FALSE
T6C08 071:049.944 JLINK_IsHalted()
T6C08 071:051.848 - 1.895ms returns FALSE
T6B44 071:073.128   JLINK_RTTERMINAL_Read(BufferIndex = 0, BufferSize = 0x00010000)
T6B44 071:073.408   - 0.285ms returns 0
T6B44 071:124.928   JLINK_RTTERMINAL_Read(BufferIndex = 0, BufferSize = 0x00010000)
T6B44 071:125.040   - 0.116ms returns 0
T6C08 071:157.176 JLINK_IsHalted()
T6C08 071:159.296 - 2.116ms returns FALSE
T6C08 071:159.456 JLINK_IsHalted()
T6C08 071:160.928 - 1.472ms returns FALSE
T6B44 071:175.856   JLINK_RTTERMINAL_Read(BufferIndex = 0, BufferSize = 0x00010000)
T6B44 071:176.360   - 0.503ms returns 0
T6B44 071:227.552   JLINK_RTTERMINAL_Read(BufferIndex = 0, BufferSize = 0x00010000)
T6B44 071:227.664   - 0.114ms returns 0
T6C08 071:266.608 JLINK_IsHalted()
T6C08 071:268.528 - 1.908ms returns FALSE
T6C08 071:268.656 JLINK_IsHalted()
T6C08 071:270.408 - 1.751ms returns FALSE
T6B44 071:278.256   JLINK_RTTERMINAL_Read(BufferIndex = 0, BufferSize = 0x00010000)
T6B44 071:278.392   - 0.133ms returns 0
T6B44 071:329.480   JLINK_RTTERMINAL_Read(BufferIndex = 0, BufferSize = 0x00010000)
T6B44 071:329.624   - 0.149ms returns 0
T6C08 071:375.344 JLINK_IsHalted()
T6C08 071:377.200 - 1.857ms returns FALSE
T6C08 071:377.352 JLINK_IsHalted()
T6C08 071:378.976 - 1.621ms returns FALSE
T6B44 071:380.512   JLINK_RTTERMINAL_Read(BufferIndex = 0, BufferSize = 0x00010000)
T6B44 071:380.656   - 0.140ms returns 0
T0C04 071:432.184 JLINK_IsHalted()
T0C04 071:433.848 - 1.664ms returns FALSE
T6B44 071:433.968   JLINK_RTTERMINAL_Read(BufferIndex = 0, BufferSize = 0x00010000)
T6B44 071:434.056   - 0.088ms returns 0
T0C04 071:434.248 JLINK_IsHalted()
T0C04 071:435.960 - 1.711ms returns FALSE
T6C08 071:484.720 JLINK_IsHalted()
T6C08 071:486.304 - 1.587ms returns FALSE
T6B44 071:486.368   JLINK_RTTERMINAL_Read(BufferIndex = 0, BufferSize = 0x00010000)
T6B44 071:486.416   - 0.047ms returns 0
T6C08 071:486.504 JLINK_IsHalted()
T6C08 071:488.264 - 1.756ms returns FALSE
T6B44 071:537.520   JLINK_RTTERMINAL_Read(BufferIndex = 0, BufferSize = 0x00010000)
T6B44 071:537.648   - 0.121ms returns 0
T6B44 071:589.616   JLINK_RTTERMINAL_Read(BufferIndex = 0, BufferSize = 0x00010000)
T6B44 071:589.840   - 0.219ms returns 0
T6C08 071:594.744 JLINK_IsHalted()
T6C08 071:596.496 - 1.750ms returns FALSE
T6C08 071:596.688 JLINK_IsHalted()
T6C08 071:598.392 - 1.704ms returns FALSE
T6B44 071:640.832   JLINK_RTTERMINAL_Read(BufferIndex = 0, BufferSize = 0x00010000)
T6B44 071:641.144   - 0.312ms returns 0
T6B44 071:692.624   JLINK_RTTERMINAL_Read(BufferIndex = 0, BufferSize = 0x00010000)
T6B44 071:692.752   - 0.123ms returns 0
T6C08 071:703.968 JLINK_IsHalted()
T6C08 071:706.112 - 2.147ms returns FALSE
T6C08 071:706.232 JLINK_IsHalted()
T6C08 071:707.936 - 1.698ms returns FALSE
T6B44 071:743.792   JLINK_RTTERMINAL_Read(BufferIndex = 0, BufferSize = 0x00010000)
T6B44 071:743.920   - 0.126ms returns 0
T6B44 071:795.016   JLINK_RTTERMINAL_Read(BufferIndex = 0, BufferSize = 0x00010000)
T6B44 071:795.184   - 0.171ms returns 0
T6C08 071:813.424 JLINK_IsHalted()
T6C08 071:816.080 - 2.658ms returns FALSE
T6C08 071:816.264 JLINK_IsHalted()
T6C08 071:817.736 - 1.471ms returns FALSE
T6B44 071:846.480   JLINK_RTTERMINAL_Read(BufferIndex = 0, BufferSize = 0x00010000)
T6B44 071:846.544   - 0.064ms returns 0
T6B44 071:896.952   JLINK_RTTERMINAL_Read(BufferIndex = 0, BufferSize = 0x00010000)
T6B44 071:897.048   - 0.093ms returns 0
T6C08 071:922.368 JLINK_IsHalted()
T6C08 071:923.952 - 1.580ms returns FALSE
T6C08 071:924.056 JLINK_IsHalted()
T6C08 071:926.040 - 1.983ms returns FALSE
T6B44 071:947.624   JLINK_RTTERMINAL_Read(BufferIndex = 0, BufferSize = 0x00010000)
T6B44 071:947.712   - 0.092ms returns 0
T6B44 071:998.744   JLINK_RTTERMINAL_Read(BufferIndex = 0, BufferSize = 0x00010000)
T6B44 071:998.840   - 0.093ms returns 0
T6C08 072:032.168 JLINK_IsHalted()
T6C08 072:033.608 - 1.436ms returns FALSE
T6C08 072:033.656 JLINK_IsHalted()
T6C08 072:035.472 - 1.815ms returns FALSE
T6B44 072:049.608   JLINK_RTTERMINAL_Read(BufferIndex = 0, BufferSize = 0x00010000)
T6B44 072:049.672   - 0.065ms returns 0
T6B44 072:100.760   JLINK_RTTERMINAL_Read(BufferIndex = 0, BufferSize = 0x00010000)
T6B44 072:100.848   - 0.082ms returns 0
T6C08 072:141.392 JLINK_IsHalted()
T6C08 072:143.144 - 1.747ms returns FALSE
T6C08 072:143.208 JLINK_IsHalted()
T6C08 072:144.976 - 1.775ms returns FALSE
T6B44 072:151.768   JLINK_RTTERMINAL_Read(BufferIndex = 0, BufferSize = 0x00010000)
T6B44 072:151.832   - 0.060ms returns 0
T6B44 072:202.464   JLINK_RTTERMINAL_Read(BufferIndex = 0, BufferSize = 0x00010000)
T6B44 072:202.552   - 0.096ms returns 0
T6C08 072:250.848 JLINK_IsHalted()
T6C08 072:252.984 - 2.132ms returns FALSE
T6C08 072:253.112 JLINK_IsHalted()
T6C08 072:254.712 - 1.600ms returns FALSE
T6B44 072:254.848   JLINK_RTTERMINAL_Read(BufferIndex = 0, BufferSize = 0x00010000)
T6B44 072:254.928   - 0.078ms returns 0
T6B44 072:305.760   JLINK_RTTERMINAL_Read(BufferIndex = 0, BufferSize = 0x00010000)
T6B44 072:305.840   - 0.082ms returns 0
T6B44 072:356.912   JLINK_RTTERMINAL_Read(BufferIndex = 0, BufferSize = 0x00010000)
T6B44 072:357.008   - 0.095ms returns 0
T6C08 072:360.032 JLINK_IsHalted()
T6C08 072:361.936 - 1.898ms returns FALSE
T6C08 072:362.056 JLINK_IsHalted()
T6C08 072:363.408 - 1.348ms returns FALSE
T6B44 072:407.384   JLINK_RTTERMINAL_Read(BufferIndex = 0, BufferSize = 0x00010000)
T6B44 072:407.504   - 0.116ms returns 0
T0C04 072:437.088 JLINK_IsHalted()
T0C04 072:438.656 - 1.565ms returns FALSE
T0C04 072:438.784 JLINK_IsHalted()
T0C04 072:440.592 - 1.810ms returns FALSE
T6B44 072:458.960   JLINK_RTTERMINAL_Read(BufferIndex = 0, BufferSize = 0x00010000)
T6B44 072:459.056   - 0.097ms returns 0
T6C08 072:469.808 JLINK_IsHalted()
T6C08 072:471.624 - 1.820ms returns FALSE
T6C08 072:471.728 JLINK_IsHalted()
T6C08 072:473.344 - 1.616ms returns FALSE
T6B44 072:510.416   JLINK_RTTERMINAL_Read(BufferIndex = 0, BufferSize = 0x00010000)
T6B44 072:510.504   - 0.093ms returns 0
T6B44 072:561.408   JLINK_RTTERMINAL_Read(BufferIndex = 0, BufferSize = 0x00010000)
T6B44 072:561.488   - 0.075ms returns 0
T6C08 072:579.240 JLINK_IsHalted()
T6C08 072:580.168 - 0.931ms returns FALSE
T6C08 072:580.240 JLINK_IsHalted()
T6C08 072:581.904 - 1.672ms returns FALSE
T6B44 072:612.408   JLINK_RTTERMINAL_Read(BufferIndex = 0, BufferSize = 0x00010000)
T6B44 072:612.496   - 0.090ms returns 0
T6B44 072:663.920   JLINK_RTTERMINAL_Read(BufferIndex = 0, BufferSize = 0x00010000)
T6B44 072:664.040   - 0.110ms returns 0
T6C08 072:689.984 JLINK_IsHalted()
T6C08 072:691.312 - 1.329ms returns FALSE
T6C08 072:691.448 JLINK_IsHalted()
T6C08 072:693.232 - 1.782ms returns FALSE
T6B44 072:714.872   JLINK_RTTERMINAL_Read(BufferIndex = 0, BufferSize = 0x00010000)
T6B44 072:714.960   - 0.089ms returns 0
T6B44 072:765.768   JLINK_RTTERMINAL_Read(BufferIndex = 0, BufferSize = 0x00010000)
T6B44 072:765.856   - 0.091ms returns 0
T6C08 072:798.392 JLINK_IsHalted()
T6C08 072:799.944 - 1.552ms returns FALSE
T6C08 072:800.056 JLINK_IsHalted()
T6C08 072:801.592 - 1.535ms returns FALSE
T6B44 072:816.376   JLINK_RTTERMINAL_Read(BufferIndex = 0, BufferSize = 0x00010000)
T6B44 072:816.472   - 0.095ms returns 0
T6B44 072:867.016   JLINK_RTTERMINAL_Read(BufferIndex = 0, BufferSize = 0x00010000)
T6B44 072:867.072   - 0.056ms returns 0
T6C08 072:908.112 JLINK_IsHalted()
T6C08 072:909.848 - 1.741ms returns FALSE
T6C08 072:909.968 JLINK_IsHalted()
T6C08 072:912.016 - 2.049ms returns FALSE
T6B44 072:919.680   JLINK_RTTERMINAL_Read(BufferIndex = 0, BufferSize = 0x00010000)
T6B44 072:919.768   - 0.087ms returns 0
T6B44 072:970.320   JLINK_RTTERMINAL_Read(BufferIndex = 0, BufferSize = 0x00010000)
T6B44 072:970.448   - 0.131ms returns 0
T6C08 073:016.304 JLINK_IsHalted()
T6C08 073:017.344 - 1.036ms returns FALSE
T6C08 073:017.400 JLINK_IsHalted()
T6C08 073:019.112 - 1.709ms returns FALSE
T6B44 073:022.416   JLINK_RTTERMINAL_Read(BufferIndex = 0, BufferSize = 0x00010000)
T6B44 073:022.488   - 0.075ms returns 0
T6B44 073:074.096   JLINK_RTTERMINAL_Read(BufferIndex = 0, BufferSize = 0x00010000)
T6B44 073:074.176   - 0.088ms returns 0
T6B44 073:125.040   JLINK_RTTERMINAL_Read(BufferIndex = 0, BufferSize = 0x00010000)
T6B44 073:125.136   - 0.097ms returns 0
T6C08 073:126.288 JLINK_IsHalted()
T6C08 073:127.944 - 1.657ms returns FALSE
T6C08 073:128.048 JLINK_IsHalted()
T6C08 073:129.792 - 1.740ms returns FALSE
T6B44 073:177.280   JLINK_RTTERMINAL_Read(BufferIndex = 0, BufferSize = 0x00010000)
T6B44 073:177.392   - 0.111ms returns 0
T6B44 073:228.008   JLINK_RTTERMINAL_Read(BufferIndex = 0, BufferSize = 0x00010000)
T6B44 073:228.136   - 0.132ms returns 0
T6C08 073:236.272 JLINK_IsHalted()
T6C08 073:237.952 - 1.669ms returns FALSE
T6C08 073:238.080 JLINK_IsHalted()
T6C08 073:239.672 - 1.589ms returns FALSE
T6B44 073:279.152   JLINK_RTTERMINAL_Read(BufferIndex = 0, BufferSize = 0x00010000)
T6B44 073:279.296   - 0.144ms returns 0
T6B44 073:330.160   JLINK_RTTERMINAL_Read(BufferIndex = 0, BufferSize = 0x00010000)
T6B44 073:330.288   - 0.120ms returns 0
T6C08 073:344.848 JLINK_IsHalted()
T6C08 073:345.904 - 1.057ms returns FALSE
T6C08 073:346.032 JLINK_IsHalted()
T6C08 073:347.744 - 1.717ms returns FALSE
T6B44 073:381.376   JLINK_RTTERMINAL_Read(BufferIndex = 0, BufferSize = 0x00010000)
T6B44 073:381.496   - 0.116ms returns 0
T6B44 073:432.568   JLINK_RTTERMINAL_Read(BufferIndex = 0, BufferSize = 0x00010000)
T6B44 073:432.952   - 0.384ms returns 0
T0C04 073:441.720 JLINK_IsHalted()
T0C04 073:443.576 - 1.853ms returns FALSE
T0C04 073:443.696 JLINK_IsHalted()
T0C04 073:445.520 - 1.816ms returns FALSE
T6C08 073:453.632 JLINK_IsHalted()
T6C08 073:455.408 - 1.774ms returns FALSE
T6C08 073:455.512 JLINK_IsHalted()
T6C08 073:457.608 - 2.088ms returns FALSE
T6B44 073:484.912   JLINK_RTTERMINAL_Read(BufferIndex = 0, BufferSize = 0x00010000)
T6B44 073:484.992   - 0.077ms returns 0
T6B44 073:535.600   JLINK_RTTERMINAL_Read(BufferIndex = 0, BufferSize = 0x00010000)
T6B44 073:535.680   - 0.079ms returns 0
T6C08 073:565.568 JLINK_IsHalted()
T6C08 073:567.048 - 1.475ms returns FALSE
T6C08 073:567.136 JLINK_IsHalted()
T6C08 073:568.896 - 1.759ms returns FALSE
T6B44 073:586.240   JLINK_RTTERMINAL_Read(BufferIndex = 0, BufferSize = 0x00010000)
T6B44 073:586.352   - 0.104ms returns 0
T6B44 073:637.040   JLINK_RTTERMINAL_Read(BufferIndex = 0, BufferSize = 0x00010000)
T6B44 073:637.136   - 0.088ms returns 0
T6C08 073:673.296 JLINK_IsHalted()
T6C08 073:675.344 - 2.047ms returns FALSE
T6C08 073:675.456 JLINK_IsHalted()
T6C08 073:677.264 - 1.809ms returns FALSE
T6B44 073:687.832   JLINK_RTTERMINAL_Read(BufferIndex = 0, BufferSize = 0x00010000)
T6B44 073:688.160   - 0.331ms returns 0
T6B44 073:739.152   JLINK_RTTERMINAL_Read(BufferIndex = 0, BufferSize = 0x00010000)
T6B44 073:739.232   - 0.086ms returns 0
T6C08 073:782.360 JLINK_IsHalted()
T6C08 073:783.496 - 1.128ms returns FALSE
T6C08 073:783.568 JLINK_IsHalted()
T6C08 073:785.392 - 1.824ms returns FALSE
T6B44 073:790.000   JLINK_RTTERMINAL_Read(BufferIndex = 0, BufferSize = 0x00010000)
T6B44 073:790.080   - 0.083ms returns 0
T6B44 073:841.672   JLINK_RTTERMINAL_Read(BufferIndex = 0, BufferSize = 0x00010000)
T6B44 073:841.784   - 0.119ms returns 0
T6C08 073:890.992 JLINK_IsHalted()
T6C08 073:892.520 - 1.517ms returns FALSE
T6B44 073:892.568   JLINK_RTTERMINAL_Read(BufferIndex = 0, BufferSize = 0x00010000)
T6B44 073:892.616   - 0.045ms returns 0
T6C08 073:892.696 JLINK_IsHalted()
T6C08 073:894.432 - 1.732ms returns FALSE
T6B44 073:943.552   JLINK_RTTERMINAL_Read(BufferIndex = 0, BufferSize = 0x00010000)
T6B44 073:943.648   - 0.092ms returns 0
T6B44 073:994.088   JLINK_RTTERMINAL_Read(BufferIndex = 0, BufferSize = 0x00010000)
T6B44 073:994.192   - 0.105ms returns 0
T6C08 074:001.008 JLINK_IsHalted()
T6C08 074:001.976 - 0.966ms returns FALSE
T6C08 074:002.032 JLINK_IsHalted()
T6C08 074:003.856 - 1.828ms returns FALSE
T6B44 074:044.776   JLINK_RTTERMINAL_Read(BufferIndex = 0, BufferSize = 0x00010000)
T6B44 074:044.848   - 0.072ms returns 0
T6B44 074:095.624   JLINK_RTTERMINAL_Read(BufferIndex = 0, BufferSize = 0x00010000)
T6B44 074:095.712   - 0.092ms returns 0
T6C08 074:110.920 JLINK_IsHalted()
T6C08 074:113.248 - 2.329ms returns FALSE
T6C08 074:113.552 JLINK_IsHalted()
T6C08 074:115.168 - 1.617ms returns FALSE
T6B44 074:147.800   JLINK_RTTERMINAL_Read(BufferIndex = 0, BufferSize = 0x00010000)
T6B44 074:148.048   - 0.249ms returns 0
T6B44 074:199.368   JLINK_RTTERMINAL_Read(BufferIndex = 0, BufferSize = 0x00010000)
T6B44 074:199.464   - 0.096ms returns 0
T6C08 074:219.920 JLINK_IsHalted()
T6C08 074:221.136 - 1.222ms returns FALSE
T6C08 074:221.232 JLINK_IsHalted()
T6C08 074:223.024 - 1.792ms returns FALSE
T6B44 074:250.216   JLINK_RTTERMINAL_Read(BufferIndex = 0, BufferSize = 0x00010000)
T6B44 074:250.312   - 0.096ms returns 0
T6B44 074:300.976   JLINK_RTTERMINAL_Read(BufferIndex = 0, BufferSize = 0x00010000)
T6B44 074:301.072   - 0.087ms returns 0
T6C08 074:329.064 JLINK_IsHalted()
T6C08 074:330.920 - 1.852ms returns FALSE
T6C08 074:331.000 JLINK_IsHalted()
T6C08 074:332.760 - 1.759ms returns FALSE
T6B44 074:352.320   JLINK_RTTERMINAL_Read(BufferIndex = 0, BufferSize = 0x00010000)
T6B44 074:352.408   - 0.089ms returns 0
T6B44 074:403.016   JLINK_RTTERMINAL_Read(BufferIndex = 0, BufferSize = 0x00010000)
T6B44 074:403.088   - 0.082ms returns 0
T6C08 074:438.448 JLINK_IsHalted()
T6C08 074:440.352 - 1.899ms returns FALSE
T6C08 074:440.496 JLINK_IsHalted()
T6C08 074:442.280 - 1.782ms returns FALSE
T0C04 074:447.680 JLINK_IsHalted()
T0C04 074:449.992 - 2.307ms returns FALSE
T0C04 074:450.104 JLINK_IsHalted()
T0C04 074:451.544 - 1.436ms returns FALSE
T6B44 074:453.672   JLINK_RTTERMINAL_Read(BufferIndex = 0, BufferSize = 0x00010000)
T6B44 074:453.768   - 0.093ms returns 0
T6B44 074:504.896   JLINK_RTTERMINAL_Read(BufferIndex = 0, BufferSize = 0x00010000)
T6B44 074:504.984   - 0.091ms returns 0
T6C08 074:548.088 JLINK_IsHalted()
T6C08 074:549.888 - 1.800ms returns FALSE
T6C08 074:549.968 JLINK_IsHalted()
T6C08 074:551.704 - 1.736ms returns FALSE
T6B44 074:555.504   JLINK_RTTERMINAL_Read(BufferIndex = 0, BufferSize = 0x00010000)
T6B44 074:555.568   - 0.072ms returns 0
T6B44 074:606.072   JLINK_RTTERMINAL_Read(BufferIndex = 0, BufferSize = 0x00010000)
T6B44 074:606.168   - 0.096ms returns 0
T6C08 074:656.752 JLINK_IsHalted()
T6C08 074:658.640 - 1.888ms returns FALSE
T6B44 074:658.832   JLINK_RTTERMINAL_Read(BufferIndex = 0, BufferSize = 0x00010000)
T6B44 074:658.984   - 0.147ms returns 0
T6C08 074:660.720 JLINK_IsHalted()
T6C08 074:662.296 - 1.572ms returns FALSE
T6B44 074:709.776   JLINK_RTTERMINAL_Read(BufferIndex = 0, BufferSize = 0x00010000)
T6B44 074:709.904   - 0.135ms returns 0
T6B44 074:761.544   JLINK_RTTERMINAL_Read(BufferIndex = 0, BufferSize = 0x00010000)
T6B44 074:761.664   - 0.122ms returns 0
T6C08 074:766.064 JLINK_IsHalted()
T6C08 074:768.072 - 2.007ms returns FALSE
T6C08 074:768.208 JLINK_IsHalted()
T6C08 074:770.128 - 1.921ms returns FALSE
T6B44 074:812.304   JLINK_RTTERMINAL_Read(BufferIndex = 0, BufferSize = 0x00010000)
T6B44 074:812.432   - 0.123ms returns 0
T6B44 074:863.008   JLINK_RTTERMINAL_Read(BufferIndex = 0, BufferSize = 0x00010000)
T6B44 074:863.120   - 0.107ms returns 0
T6C08 074:875.376 JLINK_IsHalted()
T6C08 074:876.576 - 1.205ms returns FALSE
T6C08 074:876.664 JLINK_IsHalted()
T6C08 074:878.440 - 1.771ms returns FALSE
T6B44 074:913.608   JLINK_RTTERMINAL_Read(BufferIndex = 0, BufferSize = 0x00010000)
T6B44 074:913.696   - 0.090ms returns 0
T6B44 074:964.648   JLINK_RTTERMINAL_Read(BufferIndex = 0, BufferSize = 0x00010000)
T6B44 074:964.768   - 0.120ms returns 0
T6C08 074:984.592 JLINK_IsHalted()
T6C08 074:985.584 - 0.996ms returns FALSE
T6C08 074:985.680 JLINK_IsHalted()
T6C08 074:987.328 - 1.645ms returns FALSE
T6C08 075:094.536 JLINK_IsHalted()
T6C08 075:096.048 - 1.514ms returns FALSE
T6C08 075:096.176 JLINK_IsHalted()
T6C08 075:097.936 - 1.753ms returns FALSE
T6C08 075:203.968 JLINK_IsHalted()
T6C08 075:206.408 - 2.442ms returns FALSE
T6C08 075:206.544 JLINK_IsHalted()
T6C08 075:208.200 - 1.655ms returns FALSE
T6C08 075:313.000 JLINK_IsHalted()
T6C08 075:314.976 - 1.973ms returns FALSE
T6C08 075:315.080 JLINK_IsHalted()
T6C08 075:316.816 - 1.731ms returns FALSE
T6C08 075:422.512 JLINK_IsHalted()
T6C08 075:423.648 - 1.137ms returns FALSE
T6C08 075:423.760 JLINK_IsHalted()
T6C08 075:425.616 - 1.857ms returns FALSE
T0C04 075:453.520 JLINK_IsHalted()
T0C04 075:454.992 - 1.460ms returns FALSE
T0C04 075:455.120 JLINK_IsHalted()
T0C04 075:456.864 - 1.745ms returns FALSE
T6C08 075:532.208 JLINK_IsHalted()
T6C08 075:533.840 - 1.622ms returns FALSE
T6C08 075:533.976 JLINK_IsHalted()
T6C08 075:535.800 - 1.822ms returns FALSE
T6C08 075:642.112 JLINK_IsHalted()
T6C08 075:643.792 - 1.681ms returns FALSE
T6C08 075:643.856 JLINK_IsHalted()
T6C08 075:645.680 - 1.829ms returns FALSE
T6C08 075:750.688 JLINK_IsHalted()
T6C08 075:752.864 - 2.174ms returns FALSE
T6C08 075:753.024 JLINK_IsHalted()
T6C08 075:754.792 - 1.766ms returns FALSE
T6C08 075:860.128 JLINK_IsHalted()
T6C08 075:861.896 - 1.761ms returns FALSE
T6C08 075:862.136 JLINK_IsHalted()
T6C08 075:863.800 - 1.661ms returns FALSE
T6C08 075:969.168 JLINK_IsHalted()
T6C08 075:971.296 - 2.127ms returns FALSE
T6C08 075:971.472 JLINK_IsHalted()
T6C08 075:972.976 - 1.499ms returns FALSE
T6C08 076:078.800 JLINK_IsHalted()
T6C08 076:080.680 - 1.877ms returns FALSE
T6C08 076:080.736 JLINK_IsHalted()
T6C08 076:082.480 - 1.745ms returns FALSE
T6C08 076:187.904 JLINK_IsHalted()
T6C08 076:189.352 - 1.444ms returns FALSE
T6C08 076:189.416 JLINK_IsHalted()
T6C08 076:191.136 - 1.719ms returns FALSE
T6C08 076:297.480 JLINK_IsHalted()
T6C08 076:299.008 - 1.530ms returns FALSE
T6C08 076:299.224 JLINK_IsHalted()
T6C08 076:300.728 - 1.500ms returns FALSE
T6C08 076:407.056 JLINK_IsHalted()
T6C08 076:409.272 - 2.208ms returns FALSE
T6C08 076:409.392 JLINK_IsHalted()
T6C08 076:410.952 - 1.554ms returns FALSE
T0C04 076:457.832 JLINK_IsHalted()
T0C04 076:460.176 - 2.339ms returns FALSE
T0C04 076:460.464 JLINK_IsHalted()
T0C04 076:461.808 - 1.347ms returns FALSE
T6C08 076:516.736 JLINK_IsHalted()
T6C08 076:518.416 - 1.686ms returns FALSE
T6C08 076:518.480 JLINK_IsHalted()
T6C08 076:520.256 - 1.777ms returns FALSE
T6C08 076:626.552 JLINK_IsHalted()
T6C08 076:628.336 - 1.782ms returns FALSE
T6C08 076:628.400 JLINK_IsHalted()
T6C08 076:630.192 - 1.787ms returns FALSE
T6C08 076:734.688 JLINK_IsHalted()
T6C08 076:736.384 - 1.693ms returns FALSE
T6C08 076:736.504 JLINK_IsHalted()
T6C08 076:738.104 - 1.596ms returns FALSE
T6C08 076:845.232 JLINK_IsHalted()
T6C08 076:847.136 - 1.898ms returns FALSE
T6C08 076:847.296 JLINK_IsHalted()
T6C08 076:848.680 - 1.384ms returns FALSE
T6C08 076:954.272 JLINK_IsHalted()
T6C08 076:957.008 - 2.737ms returns FALSE
T6C08 076:957.520 JLINK_IsHalted()
T6C08 076:958.728 - 1.206ms returns FALSE
T343C 077:569.640 JLINK_Halt()
T343C 077:578.848 - 9.207ms returns 0x00
T343C 077:578.952 JLINK_ReadReg(XPSR)
T343C 077:580.688 - 1.743ms returns 0x61000000
T343C 077:588.776 JLINK_Close()
T343C 077:589.808   OnDisconnectTarget() start
T343C 077:589.888    J-Link Script File: Executing OnDisconnectTarget()
T343C 077:589.912   Restoring low power mode settings.
T343C 077:594.632   OnDisconnectTarget() end - Took 4.73ms
T343C 077:606.224 - 17.448ms
T343C 077:606.512   
T343C 077:606.560   Closed
