T15CC 000:004.088   SEGGER J-Link V9.42 Log File
T15CC 000:004.386   DLL Compiled: May  6 2026 12:25:27
T15CC 000:004.419   Logging started @ 2026-07-02 10:41
T15CC 000:004.448   Process: C:\Users\a5145404\.eclipse\com.renesas.platform_699832640\DebugComp\RA\e2-server-gdb.exe
T15CC 000:004.478 - 4.473ms 
T15CC 000:004.516 JLINK_GetDLLVersion()
T15CC 000:004.544 - 0.028ms returns 94200
T15CC 000:021.934 JLINK_OpenEx(...)
T15CC 000:041.541   Firmware: J-Link OB-S124 compiled Dec 10 2025 15:52:46
T15CC 000:043.096   Firmware: J-Link OB-S124 compiled Dec 10 2025 15:52:46
T15CC 000:068.658   Hardware: V1.00
T15CC 000:068.738   S/N: 831102132
T15CC 000:068.766   OEM: SEGGER
T15CC 000:068.803   Feature(s): None
T15CC 000:070.405   Bootloader: 2019 Oct 15
T15CC 000:084.053   USB speed mode: Full speed (12 MBit/s)
T15CC 000:085.596   TELNET listener socket opened on port 19021
T15CC 000:086.301   WEBSRV WEBSRV_Init(): Starting webserver thread(s)
T15CC 000:086.488   WEBSRV Failed to put socket into listener state (port 19080)
T15CC 000:086.822   WEBSRV Webserver running on local port 19081
T15CC 000:087.286   Looking for J-Link GUI Server exe at: C:\Users\a5145404\.eclipse\com.renesas.platform_699832640\DebugComp\RA\ARM\Segger_v9.42.0\JLinkGUIServer.exe
T15CC 000:087.668   Looking for J-Link GUI Server exe at: C:\Users\a5145404\SEGGER\JLink_V856a\JLinkGUIServer.exe
T15CC 000:087.826   Forking J-Link GUI Server: C:\Users\a5145404\SEGGER\JLink_V856a\JLinkGUIServer.exe
T15CC 000:103.847   J-Link GUI Server info: "J-Link GUI server V8.56a "
T15CC 000:104.564 - 82.623ms returns "O.K."
T15CC 000:104.821 JLINK_ExecCommand("ProjectFile=C:\Workspace\protected_mcuboot\RA4_MCUboot_Protected_Mode\app_ra4m3_primary/app_ra4m3_primary Debug_Flat.jlink", ...). 
T15CC 000:147.609 - 42.790ms returns 0x00
T15CC 000:148.562 JLINK_ExecCommand("device=R7FA4M3AF", ...). 
T15CC 000:149.820   Flash bank @ 0x0100A100: SFL: Parsing sectorization info from ELF file
T15CC 000:149.922     FlashDevice.SectorInfo[0]: .SectorSize = 0x00000010, .SectorStartAddr = 0x00000000
T15CC 000:149.974   FlashBank @0x0100A100: Sectorization info from SFL ELF file ignored because sectorization override from DLL / XML file is active.
T15CC 000:150.075   Flash bank @ 0x00000000: SFL: Parsing sectorization info from ELF file
T15CC 000:150.134     FlashDevice.SectorInfo[0]: .SectorSize = 0x00002000, .SectorStartAddr = 0x00000000
T15CC 000:150.196   FlashBank @0x00000000: Sectorization info from SFL ELF file ignored because sectorization override from DLL / XML file is active.
T15CC 000:150.610   Flash bank @ 0x08000000: SFL: Parsing sectorization info from ELF file
T15CC 000:150.685     FlashDevice.SectorInfo[0]: .SectorSize = 0x00000040, .SectorStartAddr = 0x00000000
T15CC 000:150.735   FlashBank @0x08000000: Sectorization info from SFL ELF file ignored because sectorization override from DLL / XML file is active.
T15CC 000:150.901   Flash bank @ 0x60000000: SFL: Parsing sectorization info from ELF file
T15CC 000:150.963     FlashDevice.SectorInfo[0]: .SectorSize = 0x00010000, .SectorStartAddr = 0x00000000
T15CC 000:154.228   Device "R7FA4M3AF" selected.
T15CC 000:156.520 - 7.957ms returns 0x00
T15CC 000:156.581 JLINK_TIF_GetAvailable(...)
T15CC 000:157.250 - 0.668ms 
T15CC 000:157.383 JLINK_TIF_Select(JLINKARM_TIF_SWD)
T15CC 000:159.141 - 1.760ms returns 0x00
T15CC 000:159.310 JLINK_SetSpeed(4000)
T15CC 000:159.608 - 0.300ms 
T15CC 000:159.752 JLINK_ReadMem(0xE000EDF0, 0x4 Bytes, ...)
T15CC 000:160.193   ConfigTargetSettings() start
T15CC 000:160.253    J-Link Script File: Executing ConfigTargetSettings()
T15CC 000:160.281   Configuring FlashDLNoRMWThreshold=0x200 in order to make sure that option bytes programming is done via read-modify-write
T15CC 000:191.351   ConfigTargetSettings() end - Took 31.0ms
T15CC 000:191.408   InitTarget() start
T15CC 000:191.438    J-Link Script File: Executing InitTarget()
T15CC 000:191.461   SWD selected. Executing JTAG -> SWD switching sequence.
T15CC 000:196.120   DAP initialized successfully.
T15CC 000:196.208   Determining TrustZone configuration...
T15CC 000:198.708     Secure Debug: Enabled (SSD)
T15CC 000:198.781   Determining currently configured transfer type by reading the AHB-AP CSW register.
T15CC 000:200.398     --> Correct transfer type configured. Done.
T15CC 000:200.467   InitTarget() end - Took 9.02ms
T15CC 000:201.585   Found SW-DP with ID 0x6BA02477
T15CC 000:206.509   DPIDR: 0x6BA02477
T15CC 000:206.580   CoreSight SoC-400 or earlier
T15CC 000:206.612   Scanning AP map to find all available APs
T15CC 000:208.985   AP[2]: Stopped AP scan as end of AP map has been reached
T15CC 000:209.062   AP[0]: AHB-AP (IDR: 0x84770001, ADDR: 0x00000000)
T15CC 000:209.093   AP[1]: APB-AP (IDR: 0x54770002, ADDR: 0x01000000)
T15CC 000:209.124   Iterating through AP map to find AHB-AP to use
T15CC 000:211.194   AP[0]: Core found
T15CC 000:211.282   AP[0]: AHB-AP ROM base: 0xE00FE000
T15CC 000:212.294   CPUID register: 0x410FD214. Implementer code: 0x41 (ARM)
T15CC 000:212.340   Feature set: Mainline
T15CC 000:213.352   Cache: No cache
T15CC 000:213.402   Found Cortex-M33 r0p4, Little endian.
T15CC 000:214.307   -- Max. mem block: 0x00001610
T15CC 000:216.528   CPU_ReadMem(4 bytes @ 0xE000EDF0)
T15CC 000:217.602   CPU_ReadMem(4 bytes @ 0xE0002000)
T15CC 000:218.450   FPUnit: 8 code (BP) slots and 0 literal slots
T15CC 000:218.486   CPU_ReadMem(4 bytes @ 0xE000EDFC)
T15CC 000:219.279   CPU_ReadMem(4 bytes @ 0xE0001000)
T15CC 000:219.999   CPU_ReadMem(4 bytes @ 0xE0001000)
T15CC 000:220.877   CPU_ReadMem(4 bytes @ 0xE0001028)
T15CC 000:221.659   CPU_ReadMem(4 bytes @ 0xE0001038)
T15CC 000:222.488   CPU_ReadMem(4 bytes @ 0xE0001048)
T15CC 000:223.282   CPU_ReadMem(4 bytes @ 0xE0001058)
T15CC 000:224.196   CPU_WriteMem(4 bytes @ 0xE0001000)
T15CC 000:225.036   CPU_ReadMem(4 bytes @ 0xE000ED88)
T15CC 000:225.804   CPU_WriteMem(4 bytes @ 0xE000ED88)
T15CC 000:226.701   CPU_ReadMem(4 bytes @ 0xE000ED88)
T15CC 000:227.494   CPU_WriteMem(4 bytes @ 0xE000ED88)
T15CC 000:228.381   CPU_ReadMem(4 bytes @ 0xE000EFB8)
T15CC 000:229.176   Security extension: implemented
T15CC 000:229.253   Secure debug: enabled
T15CC 000:229.283   CoreSight components:
T15CC 000:229.313   ROMTbl[0] @ E00FE000
T15CC 000:229.344   CPU_ReadMem(64 bytes @ 0xE00FE000)
T15CC 000:230.894   CPU_ReadMem(32 bytes @ 0xE0044FE0)
T15CC 000:232.016   CPU_ReadMem(4 bytes @ 0xE0044FBC)
T15CC 000:232.911   CPU_ReadMem(4 bytes @ 0xE0044FCC)
T15CC 000:233.709   [0][0]: E0044000 CID B105900D PID 005BB906 DEVARCH 00000000 DEVTYPE 14 CTI (?)
T15CC 000:233.746   CPU_ReadMem(32 bytes @ 0xE0047FE0)
T15CC 000:234.907   CPU_ReadMem(4 bytes @ 0xE0047FBC)
T15CC 000:235.669   CPU_ReadMem(4 bytes @ 0xE0047FCC)
T15CC 000:236.506   [0][1]: E0047000 CID B105900D PID 003BB908 DEVARCH 00000000 DEVTYPE 12 CSTF
T15CC 000:236.543   CPU_ReadMem(32 bytes @ 0xE0048FE0)
T15CC 000:237.665   CPU_ReadMem(4 bytes @ 0xE0048FBC)
T15CC 000:238.493   CPU_ReadMem(4 bytes @ 0xE0048FCC)
T15CC 000:239.361   [0][2]: E0048000 CID B105900D PID 001BB961 DEVARCH 00000000 DEVTYPE 21 TMC
T15CC 000:239.459   CPU_ReadMem(32 bytes @ 0xE0049FE0)
T15CC 000:240.660   [0][3]: E0049000 CID B105F00D PID 001BB101 TSG
T15CC 000:240.755   CPU_ReadMem(32 bytes @ 0xE0040FE0)
T15CC 000:241.978   CPU_ReadMem(4 bytes @ 0xE0040FBC)
T15CC 000:242.933   CPU_ReadMem(4 bytes @ 0xE0040FCC)
T15CC 000:243.832   [0][4]: E0040000 CID B105900D PID 000BBD21 DEVARCH 00000000 DEVTYPE 11 TPIU
T15CC 000:243.870   CPU_ReadMem(32 bytes @ 0xE00FFFE0)
T15CC 000:245.104   [0][5]: E00FF000 CID B105100D PID 000BB4C9 ROM Table
T15CC 000:245.143   ROMTbl[1] @ E00FF000
T15CC 000:245.174   CPU_ReadMem(64 bytes @ 0xE00FF000)
T15CC 000:246.805   CPU_ReadMem(32 bytes @ 0xE000EFE0)
T15CC 000:248.155   CPU_ReadMem(4 bytes @ 0xE000EFBC)
T15CC 000:248.978   CPU_ReadMem(4 bytes @ 0xE000EFCC)
T15CC 000:249.813   [1][0]: E000E000 CID B105900D PID 000BBD21 DEVARCH 47702A04 DEVTYPE 00 Cortex-M33
T15CC 000:249.907   CPU_ReadMem(32 bytes @ 0xE0001FE0)
T15CC 000:251.109   CPU_ReadMem(4 bytes @ 0xE0001FBC)
T15CC 000:251.988   CPU_ReadMem(4 bytes @ 0xE0001FCC)
T15CC 000:252.783   [1][1]: E0001000 CID B105900D PID 000BBD21 DEVARCH 47701A02 DEVTYPE 00 DWT
T15CC 000:252.818   CPU_ReadMem(32 bytes @ 0xE0002FE0)
T15CC 000:254.024   CPU_ReadMem(4 bytes @ 0xE0002FBC)
T15CC 000:255.159   CPU_ReadMem(4 bytes @ 0xE0002FCC)
T15CC 000:256.122   [1][2]: E0002000 CID B105900D PID 000BBD21 DEVARCH 47701A03 DEVTYPE 00 FPB
T15CC 000:256.220   CPU_ReadMem(32 bytes @ 0xE0000FE0)
T15CC 000:257.542   CPU_ReadMem(4 bytes @ 0xE0000FBC)
T15CC 000:258.397   CPU_ReadMem(4 bytes @ 0xE0000FCC)
T15CC 000:259.217   [1][3]: E0000000 CID B105900D PID 000BBD21 DEVARCH 47701A01 DEVTYPE 43 ITM
T15CC 000:259.258   CPU_ReadMem(32 bytes @ 0xE0041FE0)
T15CC 000:260.408   CPU_ReadMem(4 bytes @ 0xE0041FBC)
T15CC 000:261.237   CPU_ReadMem(4 bytes @ 0xE0041FCC)
T15CC 000:262.157   [1][5]: E0041000 CID B105900D PID 002BBD21 DEVARCH 47724A13 DEVTYPE 13 ETM
T15CC 000:262.242   CPU_ReadMem(32 bytes @ 0xE0042FE0)
T15CC 000:263.609   CPU_ReadMem(4 bytes @ 0xE0042FBC)
T15CC 000:264.622   CPU_ReadMem(4 bytes @ 0xE0042FCC)
T15CC 000:265.560   [1][6]: E0042000 CID B105900D PID 000BBD21 DEVARCH 47701A14 DEVTYPE 14 CSS600-CTI
T15CC 000:265.658   CPU_ReadMem(4 bytes @ 0xE000EDF0)
T15CC 000:266.576   Data:  01 00 14 01
T15CC 000:266.634   Debug reg: DHCSR
T15CC 000:266.665 - 106.913ms returns 0
T15CC 000:266.770 JLINK_ReadMem(0x400E002C, 0x4 Bytes, ...)
T15CC 000:266.802   CPU_ReadMem(4 bytes @ 0x400E002C)
T15CC 000:267.971   Data:  02 00 00 00
T15CC 000:268.030 - 1.260ms returns 0
T15CC 000:268.153 JLINK_ReadMem(0xE000EDF0, 0x4 Bytes, ...)
T15CC 000:268.185   CPU_ReadMem(4 bytes @ 0xE000EDF0)
T15CC 000:269.181   Data:  01 00 14 01
T15CC 000:269.277   Debug reg: DHCSR
T15CC 000:269.323 - 1.169ms returns 0
T15CC 000:269.513 JLINK_ReadMem(0xE000EDF0, 0x4 Bytes, ...)
T15CC 000:269.566   CPU_ReadMem(4 bytes @ 0xE000EDF0)
T15CC 000:270.434   Data:  01 00 14 01
T15CC 000:270.503   Debug reg: DHCSR
T15CC 000:270.533 - 1.019ms returns 0
T15CC 000:270.646 JLINK_ReadMem(0x400E001C, 0x4 Bytes, ...)
T15CC 000:270.679   CPU_ReadMem(4 bytes @ 0x400E001C)
T15CC 000:271.547   Data:  00 FC FF 00
T15CC 000:271.608 - 0.962ms returns 0
T15CC 000:271.721 JLINK_ReadMem(0xE000EDF0, 0x4 Bytes, ...)
T15CC 000:271.754   CPU_ReadMem(4 bytes @ 0xE000EDF0)
T15CC 000:272.633   Data:  01 00 14 01
T15CC 000:272.691   Debug reg: DHCSR
T15CC 000:272.725 - 1.003ms returns 0
T15CC 000:272.822 JLINK_ReadMem(0x400E0018, 0x4 Bytes, ...)
T15CC 000:272.854   CPU_ReadMem(4 bytes @ 0x400E0018)
T15CC 000:273.755   Data:  00 80 FF 00
T15CC 000:273.812 - 0.989ms returns 0
T15CC 000:273.913 JLINK_ReadMem(0xE000EDF0, 0x4 Bytes, ...)
T15CC 000:273.944   CPU_ReadMem(4 bytes @ 0xE000EDF0)
T15CC 000:274.826   Data:  01 00 14 01
T15CC 000:274.883   Debug reg: DHCSR
T15CC 000:274.912 - 0.999ms returns 0
T15CC 000:275.007 JLINK_ReadMem(0x400E0020, 0x4 Bytes, ...)
T15CC 000:275.038   CPU_ReadMem(4 bytes @ 0x400E0020)
T15CC 000:275.951   Data:  00 FC 00 00
T15CC 000:276.008 - 1.001ms returns 0
T15CC 000:276.111 JLINK_ReadMem(0xE000EDF0, 0x4 Bytes, ...)
T15CC 000:276.147   CPU_ReadMem(4 bytes @ 0xE000EDF0)
T15CC 000:277.152   Data:  01 00 14 01
T15CC 000:277.215   Debug reg: DHCSR
T15CC 000:277.244 - 1.133ms returns 0
T15CC 000:277.335 JLINK_ReadMem(0x400E0028, 0x4 Bytes, ...)
T15CC 000:277.366   CPU_ReadMem(4 bytes @ 0x400E0028)
T15CC 000:278.280   Data:  00 FC 1F 00
T15CC 000:278.347 - 1.012ms returns 0
T15CC 000:278.458 JLINK_ReadMem(0xE000EDF0, 0x4 Bytes, ...)
T15CC 000:278.490   CPU_ReadMem(4 bytes @ 0xE000EDF0)
T15CC 000:279.393   Data:  01 00 14 01
T15CC 000:279.455   Debug reg: DHCSR
T15CC 000:279.484 - 1.025ms returns 0
T15CC 000:279.582 JLINK_ReadMem(0x400E0024, 0x4 Bytes, ...)
T15CC 000:279.613   CPU_ReadMem(4 bytes @ 0x400E0024)
T15CC 000:280.539   Data:  00 E0 1F 00
T15CC 000:280.597 - 1.015ms returns 0
T15CC 000:280.701 JLINK_ReadMem(0xE000EDF0, 0x4 Bytes, ...)
T15CC 000:280.732   CPU_ReadMem(4 bytes @ 0xE000EDF0)
T15CC 000:281.746   Data:  01 00 14 01
T15CC 000:281.810   Debug reg: DHCSR
T15CC 000:281.839 - 1.138ms returns 0
T15CC 000:281.929 JLINK_ReadMem(0x400E002C, 0x4 Bytes, ...)
T15CC 000:281.958   CPU_ReadMem(4 bytes @ 0x400E002C)
T15CC 000:283.020   Data:  02 00 00 00
T15CC 000:283.077 - 1.147ms returns 0
T15CC 000:283.178 JLINK_ReadMem(0xE000EDF0, 0x4 Bytes, ...)
T15CC 000:283.218   CPU_ReadMem(4 bytes @ 0xE000EDF0)
T15CC 000:284.121   Data:  01 00 14 01
T15CC 000:284.207   Debug reg: DHCSR
T15CC 000:284.249 - 1.071ms returns 0
T15CC 000:284.364 JLINK_ReadMem(0x400E001C, 0x4 Bytes, ...)
T15CC 000:284.409   CPU_ReadMem(4 bytes @ 0x400E001C)
T15CC 000:285.233   Data:  00 FC FF 00
T15CC 000:285.312 - 0.948ms returns 0
T15CC 000:285.436 JLINK_ReadMem(0xE000EDF0, 0x4 Bytes, ...)
T15CC 000:285.477   CPU_ReadMem(4 bytes @ 0xE000EDF0)
T15CC 000:286.322   Data:  01 00 14 01
T15CC 000:286.368   Debug reg: DHCSR
T15CC 000:286.399 - 0.963ms returns 0
T15CC 000:286.480 JLINK_ReadMem(0x400E0018, 0x4 Bytes, ...)
T15CC 000:286.505   CPU_ReadMem(4 bytes @ 0x400E0018)
T15CC 000:287.271   Data:  00 80 FF 00
T15CC 000:287.305 - 0.825ms returns 0
T15CC 000:287.378 JLINK_ReadMem(0xE000EDF0, 0x4 Bytes, ...)
T15CC 000:287.403   CPU_ReadMem(4 bytes @ 0xE000EDF0)
T15CC 000:288.204   Data:  01 00 14 01
T15CC 000:288.243   Debug reg: DHCSR
T15CC 000:288.270 - 0.892ms returns 0
T15CC 000:288.344 JLINK_ReadMem(0x400E0020, 0x4 Bytes, ...)
T15CC 000:288.369   CPU_ReadMem(4 bytes @ 0x400E0020)
T15CC 000:289.211   Data:  00 FC 00 00
T15CC 000:289.271 - 0.927ms returns 0
T15CC 000:289.368 JLINK_ReadMem(0xE000EDF0, 0x4 Bytes, ...)
T15CC 000:289.397   CPU_ReadMem(4 bytes @ 0xE000EDF0)
T15CC 000:290.224   Data:  01 00 14 01
T15CC 000:290.262   Debug reg: DHCSR
T15CC 000:290.291 - 0.923ms returns 0
T15CC 000:290.368 JLINK_ReadMem(0x400E0028, 0x4 Bytes, ...)
T15CC 000:290.394   CPU_ReadMem(4 bytes @ 0x400E0028)
T15CC 000:291.188   Data:  00 FC 1F 00
T15CC 000:291.233 - 0.865ms returns 0
T15CC 000:291.318 JLINK_ReadMem(0xE000EDF0, 0x4 Bytes, ...)
T15CC 000:291.345   CPU_ReadMem(4 bytes @ 0xE000EDF0)
T15CC 000:292.127   Data:  01 00 14 01
T15CC 000:292.187   Debug reg: DHCSR
T15CC 000:292.214 - 0.896ms returns 0
T15CC 000:292.291 JLINK_ReadMem(0x400E0024, 0x4 Bytes, ...)
T15CC 000:292.317   CPU_ReadMem(4 bytes @ 0x400E0024)
T15CC 000:293.242   Data:  00 E0 1F 00
T15CC 000:293.306 - 1.014ms returns 0
T15CC 000:293.677 JLINK_SetEndian(ARM_ENDIAN_LITTLE)
T15CC 000:293.709 - 0.033ms returns 0
T15CC 000:293.730 JLINK_SetInitRegsOnReset(OFF)
T15CC 000:293.749 - 0.019ms returns 1
T15CC 000:293.770 JLINK_SetResetType(JLINKARM_CM3_RESET_TYPE_CONNECT_UNDER_RESET)
T15CC 000:293.790 - 0.019ms returns JLINKARM_CM3_RESET_TYPE_NORMAL
T15CC 000:293.812 JLINK_ExecCommand("EnableFlashBPs", ...). 
T15CC 000:293.832 - 0.020ms returns 0x00
T15CC 000:293.854 JLINK_ExecCommand("SetAllowFlashCache = 1", ...). 
T15CC 000:293.879 - 0.024ms returns 0x01
T15CC 000:293.901 JLINK_ExecCommand("SetRestartOnClose = 0", ...). 
T15CC 000:293.921 - 0.020ms returns 0x01
T15CC 000:293.942 JLINK_ExecCommand("SetAllowSimulation = 0", ...). 
T15CC 000:293.963 - 0.020ms returns 0x00
T15CC 000:293.984 JLINK_EnableSoftBPs(ON)
T15CC 000:294.003 - 0.021ms 
T15CC 000:294.024 JLINK_Connect()
T15CC 000:294.620   ConfigTargetSettings() start
T15CC 000:294.715    J-Link Script File: Executing ConfigTargetSettings()
T15CC 000:294.751   Configuring FlashDLNoRMWThreshold=0x200 in order to make sure that option bytes programming is done via read-modify-write
T15CC 000:320.056   ConfigTargetSettings() end - Took 25.3ms
T15CC 000:320.106   InitTarget() start
T15CC 000:320.138    J-Link Script File: Executing InitTarget()
T15CC 000:320.160   SWD selected. Executing JTAG -> SWD switching sequence.
T15CC 000:325.020   DAP initialized successfully.
T15CC 000:325.080   Determining TrustZone configuration...
T15CC 000:328.041     Secure Debug: Enabled (SSD)
T15CC 000:328.106   Determining currently configured transfer type by reading the AHB-AP CSW register.
T15CC 000:329.938     --> Correct transfer type configured. Done.
T15CC 000:330.069   InitTarget() end - Took 9.92ms
T15CC 000:331.229   Found SW-DP with ID 0x6BA02477
T15CC 000:335.890   DPIDR: 0x6BA02477
T15CC 000:335.955   CoreSight SoC-400 or earlier
T15CC 000:335.984   AP map detection skipped. Manually configured AP map found.
T15CC 000:336.013   AP[0]: AHB-AP (IDR: Not set, ADDR: 0x00000000)
T15CC 000:337.897   AP[0]: Core found
T15CC 000:337.935   AP[0]: AHB-AP ROM base: 0xE00FE000
T15CC 000:338.916   CPUID register: 0x410FD214. Implementer code: 0x41 (ARM)
T15CC 000:338.950   Feature set: Mainline
T15CC 000:339.921   Cache: No cache
T15CC 000:339.955   Found Cortex-M33 r0p4, Little endian.
T15CC 000:340.417   -- Max. mem block: 0x00001430
T15CC 000:340.465   CPU_ReadMem(4 bytes @ 0xE000EDF0)
T15CC 000:341.212   CPU_ReadMem(4 bytes @ 0xE0002000)
T15CC 000:342.036   FPUnit: 8 code (BP) slots and 0 literal slots
T15CC 000:342.073   CPU_ReadMem(4 bytes @ 0xE000EDFC)
T15CC 000:342.890   CPU_ReadMem(4 bytes @ 0xE0001000)
T15CC 000:343.666   CPU_ReadMem(4 bytes @ 0xE0001000)
T15CC 000:344.439   CPU_ReadMem(4 bytes @ 0xE0001028)
T15CC 000:345.169   CPU_ReadMem(4 bytes @ 0xE0001038)
T15CC 000:345.957   CPU_ReadMem(4 bytes @ 0xE0001048)
T15CC 000:346.773   CPU_ReadMem(4 bytes @ 0xE0001058)
T15CC 000:347.626   CPU_WriteMem(4 bytes @ 0xE0001000)
T15CC 000:348.545   CPU_ReadMem(4 bytes @ 0xE000ED88)
T15CC 000:349.433   CPU_WriteMem(4 bytes @ 0xE000ED88)
T15CC 000:350.265   CPU_ReadMem(4 bytes @ 0xE000ED88)
T15CC 000:351.127   CPU_WriteMem(4 bytes @ 0xE000ED88)
T15CC 000:351.940   CPU_ReadMem(4 bytes @ 0xE000EFB8)
T15CC 000:352.797   Security extension: implemented
T15CC 000:352.870   Secure debug: enabled
T15CC 000:352.897   CoreSight components:
T15CC 000:352.925   ROMTbl[0] @ E00FE000
T15CC 000:352.953   CPU_ReadMem(64 bytes @ 0xE00FE000)
T15CC 000:354.600   CPU_ReadMem(32 bytes @ 0xE0044FE0)
T15CC 000:355.955   CPU_ReadMem(4 bytes @ 0xE0044FBC)
T15CC 000:356.840   CPU_ReadMem(4 bytes @ 0xE0044FCC)
T15CC 000:357.713   [0][0]: E0044000 CID B105900D PID 005BB906 DEVARCH 00000000 DEVTYPE 14 CTI (?)
T15CC 000:357.768   CPU_ReadMem(32 bytes @ 0xE0047FE0)
T15CC 000:359.013   CPU_ReadMem(4 bytes @ 0xE0047FBC)
T15CC 000:359.973   CPU_ReadMem(4 bytes @ 0xE0047FCC)
T15CC 000:360.912   [0][1]: E0047000 CID B105900D PID 003BB908 DEVARCH 00000000 DEVTYPE 12 CSTF
T15CC 000:360.968   CPU_ReadMem(32 bytes @ 0xE0048FE0)
T15CC 000:362.088   CPU_ReadMem(4 bytes @ 0xE0048FBC)
T15CC 000:363.113   CPU_ReadMem(4 bytes @ 0xE0048FCC)
T15CC 000:364.083   [0][2]: E0048000 CID B105900D PID 001BB961 DEVARCH 00000000 DEVTYPE 21 TMC
T15CC 000:364.145   CPU_ReadMem(32 bytes @ 0xE0049FE0)
T15CC 000:365.514   [0][3]: E0049000 CID B105F00D PID 001BB101 TSG
T15CC 000:365.579   CPU_ReadMem(32 bytes @ 0xE0040FE0)
T15CC 000:366.717   CPU_ReadMem(4 bytes @ 0xE0040FBC)
T15CC 000:367.502   CPU_ReadMem(4 bytes @ 0xE0040FCC)
T15CC 000:368.289   [0][4]: E0040000 CID B105900D PID 000BBD21 DEVARCH 00000000 DEVTYPE 11 TPIU
T15CC 000:368.345   CPU_ReadMem(32 bytes @ 0xE00FFFE0)
T15CC 000:369.599   [0][5]: E00FF000 CID B105100D PID 000BB4C9 ROM Table
T15CC 000:369.655   ROMTbl[1] @ E00FF000
T15CC 000:369.688   CPU_ReadMem(64 bytes @ 0xE00FF000)
T15CC 000:371.346   CPU_ReadMem(32 bytes @ 0xE000EFE0)
T15CC 000:372.582   CPU_ReadMem(4 bytes @ 0xE000EFBC)
T15CC 000:373.447   CPU_ReadMem(4 bytes @ 0xE000EFCC)
T15CC 000:374.276   [1][0]: E000E000 CID B105900D PID 000BBD21 DEVARCH 47702A04 DEVTYPE 00 Cortex-M33
T15CC 000:374.310   CPU_ReadMem(32 bytes @ 0xE0001FE0)
T15CC 000:375.439   CPU_ReadMem(4 bytes @ 0xE0001FBC)
T15CC 000:376.226   CPU_ReadMem(4 bytes @ 0xE0001FCC)
T15CC 000:377.099   [1][1]: E0001000 CID B105900D PID 000BBD21 DEVARCH 47701A02 DEVTYPE 00 DWT
T15CC 000:377.225   CPU_ReadMem(32 bytes @ 0xE0002FE0)
T15CC 000:378.436   CPU_ReadMem(4 bytes @ 0xE0002FBC)
T15CC 000:379.233   CPU_ReadMem(4 bytes @ 0xE0002FCC)
T15CC 000:380.010   [1][2]: E0002000 CID B105900D PID 000BBD21 DEVARCH 47701A03 DEVTYPE 00 FPB
T15CC 000:380.067   CPU_ReadMem(32 bytes @ 0xE0000FE0)
T15CC 000:381.268   CPU_ReadMem(4 bytes @ 0xE0000FBC)
T15CC 000:382.027   CPU_ReadMem(4 bytes @ 0xE0000FCC)
T15CC 000:382.817   [1][3]: E0000000 CID B105900D PID 000BBD21 DEVARCH 47701A01 DEVTYPE 43 ITM
T15CC 000:382.853   CPU_ReadMem(32 bytes @ 0xE0041FE0)
T15CC 000:384.078   CPU_ReadMem(4 bytes @ 0xE0041FBC)
T15CC 000:384.964   CPU_ReadMem(4 bytes @ 0xE0041FCC)
T15CC 000:385.760   [1][5]: E0041000 CID B105900D PID 002BBD21 DEVARCH 47724A13 DEVTYPE 13 ETM
T15CC 000:385.801   CPU_ReadMem(32 bytes @ 0xE0042FE0)
T15CC 000:387.024   CPU_ReadMem(4 bytes @ 0xE0042FBC)
T15CC 000:387.762   CPU_ReadMem(4 bytes @ 0xE0042FCC)
T15CC 000:388.492   [1][6]: E0042000 CID B105900D PID 000BBD21 DEVARCH 47701A14 DEVTYPE 14 CSS600-CTI
T15CC 000:388.532 - 94.506ms returns 0x00
T15CC 000:388.617 JLINK_Halt()
T15CC 000:395.493 - 6.874ms returns 0x00
T15CC 000:395.627 JLINK_IsHalted()
T15CC 000:395.656 - 0.029ms returns TRUE
T15CC 000:395.677 JLINK_ResetPullsRESET(ON)
T15CC 000:395.696 - 0.018ms 
T15CC 000:395.714 JLINK_Reset()
T15CC 000:397.069   ResetTarget() start
T15CC 000:397.188    J-Link Script File: Executing ResetTarget()
T15CC 000:397.214   CPU_ReadMem(4 bytes @ 0xE000ED44)
T15CC 000:398.145   CPU_ReadMem(4 bytes @ 0xE000EE08)
T15CC 000:398.922   CPU_WriteMem(4 bytes @ 0xE000EE08)
T15CC 000:399.713   CPU_ReadMem(4 bytes @ 0xE000EE08)
T15CC 000:400.515   Reset: ARMv8M core with Security Extension enabled detected. Switch to secure domain.
T15CC 000:400.567   Reset: Halt core after reset via DEMCR.VC_CORERESET.
T15CC 000:400.599   CPU_WriteMem(4 bytes @ 0xE000EDF0)
T15CC 000:401.575   CPU_WriteMem(4 bytes @ 0xE000EDFC)
T15CC 000:403.165   Reset: Reset device via AIRCR.SYSRESETREQ.
T15CC 000:403.227   CPU_WriteMem(4 bytes @ 0xE000ED0C)
T15CC 000:456.514   CPU_ReadMem(4 bytes @ 0xE000EDF0)
T15CC 000:457.472   CPU_ReadMem(4 bytes @ 0xE000EDF0)
T15CC 000:458.376   CPU_WriteMem(4 bytes @ 0xE000EDFC)
T15CC 000:459.324   ResetTarget() end - Took 62.1ms
T15CC 000:459.363   Device specific reset executed.
T15CC 000:466.835   CPU_WriteMem(4 bytes @ 0xE0002000)
T15CC 000:467.730   CPU_ReadMem(4 bytes @ 0xE000EDFC)
T15CC 000:468.429   CPU_ReadMem(4 bytes @ 0xE0001000)
T15CC 000:469.166   CPU_ReadMem(4 bytes @ 0xE000EE08)
T15CC 000:469.873 - 74.157ms 
T15CC 000:470.011 JLINK_ReadMem(0xE000EDF0, 0x4 Bytes, ...)
T15CC 000:470.050   CPU_ReadMem(4 bytes @ 0xE000EDF0)
T15CC 000:470.815   Data:  03 00 13 00
T15CC 000:470.860   Debug reg: DHCSR
T15CC 000:470.886 - 0.878ms returns 0
T15CC 000:470.981 JLINK_ReadMem(0x010080F0, 0x10 Bytes, ...)
T15CC 000:471.008   CPU_ReadMem(16 bytes @ 0x010080F0)
T15CC 000:472.058   Data:  52 37 46 41 34 4D 33 41 46 33 43 46 42 20 20 20
T15CC 000:472.106 - 1.126ms returns 0
T15CC 000:472.181 JLINK_IsHalted()
T15CC 000:472.206 - 0.025ms returns TRUE
T15CC 000:472.489 JLINK_IsHalted()
T15CC 000:472.517 - 0.028ms returns TRUE
T15CC 000:472.540 JLINK_ReadMem(0xE000EDF0, 0x4 Bytes, ...)
T15CC 000:472.562   CPU_ReadMem(4 bytes @ 0xE000EDF0)
T15CC 000:473.403   Data:  03 00 13 00
T15CC 000:473.443   Debug reg: DHCSR
T15CC 000:473.471 - 0.930ms returns 0
T15CC 000:473.537 JLINK_ReadMem(0x400E002C, 0x4 Bytes, ...)
T15CC 000:473.560   CPU_ReadMem(4 bytes @ 0x400E002C)
T15CC 000:474.403   Data:  02 00 00 00
T15CC 000:474.436 - 0.899ms returns 0
T15CC 000:474.513 JLINK_MeasureCPUSpeed(RAMAddr = 0x20000000)
T15CC 000:474.537   CPU_ReadMem(16 bytes @ 0x20000000)
T15CC 000:475.469   CPU_ReadMem(4 bytes @ 0xE000EDFC)
T15CC 000:476.220   CPU_ReadMem(4 bytes @ 0xE0001000)
T15CC 000:477.006   CPU_ReadMem(6 bytes @ 0x20000000)
T15CC 000:477.822   CPU_ReadMem(4 bytes @ 0xE000ED90)
T15CC 000:478.603   CPU_ReadMem(4 bytes @ 0xE000ED94)
T15CC 000:479.417   CPU_WriteMem(16 bytes @ 0x20000000)
T15CC 000:480.403   CPU_WriteMem(6 bytes @ 0x20000000)
T15CC 000:481.223   CPU_ReadMem(6 bytes @ 0x20000000)
T15CC 000:482.079   CPU_ReadMem(4 bytes @ 0xE000EE08)
T15CC 000:482.894   CPU_WriteMem(4 bytes @ 0xE0002008)
T15CC 000:482.927   CPU_WriteMem(4 bytes @ 0xE000200C)
T15CC 000:482.955   CPU_WriteMem(4 bytes @ 0xE0002010)
T15CC 000:482.980   CPU_WriteMem(4 bytes @ 0xE0002014)
T15CC 000:483.005   CPU_WriteMem(4 bytes @ 0xE0002018)
T15CC 000:483.030   CPU_WriteMem(4 bytes @ 0xE000201C)
T15CC 000:483.056   CPU_WriteMem(4 bytes @ 0xE0002020)
T15CC 000:483.081   CPU_WriteMem(4 bytes @ 0xE0002024)
T15CC 000:487.146   CPU_WriteMem(4 bytes @ 0xE0001004)
T15CC 000:499.005   CPU_ReadMem(4 bytes @ 0xE0001004)
T15CC 000:499.927   CPU_ReadMem(4 bytes @ 0xE000EE08)
T15CC 000:500.769   CPU_WriteMem(4 bytes @ 0xE0002008)
T15CC 000:501.671   CPU_WriteMem(4 bytes @ 0xE000200C)
T15CC 000:502.479   CPU_WriteMem(4 bytes @ 0xE0002010)
T15CC 000:503.407   CPU_WriteMem(4 bytes @ 0xE0002014)
T15CC 000:504.270   CPU_WriteMem(4 bytes @ 0xE0002018)
T15CC 000:505.111   CPU_WriteMem(4 bytes @ 0xE000201C)
T15CC 000:505.958   CPU_WriteMem(4 bytes @ 0xE0002020)
T15CC 000:506.736   CPU_WriteMem(4 bytes @ 0xE0002024)
T15CC 000:507.569   CPU_ReadMem(4 bytes @ 0xE000EE08)
T15CC 000:508.432   CPU_ReadMem(4 bytes @ 0xE000EE08)
T15CC 000:509.216   CPU_WriteMem(4 bytes @ 0xE0001004)
T15CC 000:541.425   CPU_ReadMem(4 bytes @ 0xE0001004)
T15CC 000:542.344   CPU_WriteMem(6 bytes @ 0x20000000)
T15CC 000:543.268   ClockFreq: 2073000 Hz
T15CC 000:543.326 - 68.812ms returns 2073000
T15CC 000:543.419 JLINK_ReadReg(XPSR)
T15CC 000:543.456   CPU_ReadMem(4 bytes @ 0xE000EE08)
T15CC 000:544.340 - 0.921ms returns 0xF9000000
T4C88 002:658.462 JLINK_WriteMem(0x20000F24, 0x4 Bytes, ...)
T4C88 002:658.502   Data:  00 00 00 00
T4C88 002:658.787   CPU_WriteMem(4 bytes @ 0x20000F24)
T4C88 002:660.038 - 1.575ms returns 0x4
T4C88 002:660.204 JLINK_ReadMem(0x20000F24, 0x4 Bytes, ...)
T4C88 002:660.236   CPU_ReadMem(4 bytes @ 0x20000F24)
T4C88 002:661.121   Data:  00 00 00 00
T4C88 002:661.183 - 0.980ms returns 0
T4C88 002:661.282 JLINK_ReadMem(0x20000F00, 0x4 Bytes, ...)
T4C88 002:661.314   CPU_ReadMem(4 bytes @ 0x20000F00)
T4C88 002:662.174   Data:  94 09 00 20
T4C88 002:662.239 - 0.956ms returns 0
T4C88 002:662.330 JLINK_ReadMem(0x0001B350, 0x4 Bytes, ...)
T4C88 002:662.358   CPU_ReadMem(64 bytes @ 0x0001B340)
T4C88 002:664.205    -- Updating C cache (64 bytes @ 0x0001B340)
T4C88 002:664.279    -- Read from C cache (4 bytes @ 0x0001B350)
T4C88 002:664.304   Data:  04 00 00 00
T4C88 002:664.330 - 2.000ms returns 0
T4C88 003:264.903 JLINK_ResetPullsRESET(ON)
T4C88 003:265.024 - 0.122ms 
T4C88 003:265.069 JLINK_Halt()
T4C88 003:266.070 - 0.999ms returns 0x00
T4C88 003:266.287 JLINK_IsHalted()
T4C88 003:266.343 - 0.055ms returns TRUE
T4C88 003:266.393 JLINK_Reset()
T4C88 003:266.889   ResetTarget() start
T4C88 003:266.971    J-Link Script File: Executing ResetTarget()
T4C88 003:267.032   CPU_ReadMem(4 bytes @ 0xE000ED44)
T4C88 003:268.080   CPU_ReadMem(4 bytes @ 0xE000EE08)
T4C88 003:269.044   CPU_WriteMem(4 bytes @ 0xE000EE08)
T4C88 003:270.006   CPU_ReadMem(4 bytes @ 0xE000EE08)
T4C88 003:270.942   Reset: ARMv8M core with Security Extension enabled detected. Switch to secure domain.
T4C88 003:271.057   Reset: Halt core after reset via DEMCR.VC_CORERESET.
T4C88 003:271.132   CPU_WriteMem(4 bytes @ 0xE000EDF0)
T4C88 003:272.166   CPU_WriteMem(4 bytes @ 0xE000EDFC)
T4C88 003:273.748   Reset: Reset device via AIRCR.SYSRESETREQ.
T4C88 003:273.795   CPU_WriteMem(4 bytes @ 0xE000ED0C)
T4C88 003:326.224   CPU_ReadMem(4 bytes @ 0xE000EDF0)
T4C88 003:327.474   CPU_ReadMem(4 bytes @ 0xE000EDF0)
T4C88 003:328.474   CPU_WriteMem(4 bytes @ 0xE000EDFC)
T4C88 003:329.518   ResetTarget() end - Took 62.5ms
T4C88 003:329.605   Device specific reset executed.
T4C88 003:337.099   CPU_WriteMem(4 bytes @ 0xE0002000)
T4C88 003:338.158   CPU_ReadMem(4 bytes @ 0xE000EDFC)
T4C88 003:338.997   CPU_ReadMem(4 bytes @ 0xE0001000)
T4C88 003:340.035   CPU_ReadMem(4 bytes @ 0xE000EE08)
T4C88 003:341.049 - 74.654ms 
T4C88 003:341.199 JLINK_SetEndian(ARM_ENDIAN_LITTLE)
T4C88 003:341.230 - 0.030ms returns 0
T4C88 003:341.446 JLINK_BeginDownload(Flags = 0x00000000)
T4C88 003:341.498 - 0.051ms 
T4C88 003:359.507 JLINK_ReadMem(0xE000EDF0, 0x4 Bytes, ...)
T4C88 003:359.602   CPU_ReadMem(4 bytes @ 0xE000EDF0)
T4C88 003:360.558   Data:  03 00 13 00
T4C88 003:360.636   Debug reg: DHCSR
T4C88 003:360.671 - 1.164ms returns 0
T4C88 003:361.958 JLINK_WriteMem(0x00018000, 0xBD0 Bytes, ...)
T4C88 003:362.043   Data:  3D B8 F3 96 00 00 00 00 00 02 00 00 A2 31 00 00 ...
T4C88 003:362.350   completely In flash
T4C88 003:362.400 - 0.442ms returns 0xBD0
T4C88 003:363.033 JLINK_WriteMem(0x00018BD0, 0xBE0 Bytes, ...)
T4C88 003:363.092   Data:  C0 F2 01 00 C0 F2 01 02 C0 F2 01 03 4F F4 7E 71 ...
T4C88 003:363.141   completely In flash
T4C88 003:363.175 - 0.142ms returns 0xBE0
T4C88 003:363.610 JLINK_WriteMem(0x000197B0, 0xBD0 Bytes, ...)
T4C88 003:363.666   Data:  AC F9 E1 68 20 6C 22 68 09 1A 91 42 E1 60 03 D2 ...
T4C88 003:363.706   completely In flash
T4C88 003:363.740 - 0.129ms returns 0xBD0
T4C88 003:364.182 JLINK_WriteMem(0x0001A380, 0xBD0 Bytes, ...)
T4C88 003:364.225   Data:  00 09 00 68 00 28 64 D0 40 F6 94 7E 40 F6 30 74 ...
T4C88 003:364.262   completely In flash
T4C88 003:364.294 - 0.111ms returns 0xBD0
T4C88 003:364.686 JLINK_WriteMem(0x0001AF50, 0xBE0 Bytes, ...)
T4C88 003:364.726   Data:  6B 65 00 78 51 75 65 75 65 47 65 6E 65 72 69 63 ...
T4C88 003:364.760   completely In flash
T4C88 003:364.792 - 0.105ms returns 0xBE0
T4C88 003:365.145 JLINK_WriteMem(0x0001BB30, 0xBF0 Bytes, ...)
T4C88 003:365.179   Data:  FF FF FF FF FF FF FF FF FF FF FF FF FF FF FF FF ...
T4C88 003:365.211   completely In flash
T4C88 003:365.242 - 0.097ms returns 0xBF0
T4C88 003:365.640 JLINK_WriteMem(0x0001C720, 0xBF0 Bytes, ...)
T4C88 003:365.688   Data:  FF FF FF FF FF FF FF FF FF FF FF FF FF FF FF FF ...
T4C88 003:365.722   completely In flash
T4C88 003:365.757 - 0.116ms returns 0xBF0
T4C88 003:366.112 JLINK_WriteMem(0x0001D310, 0xBF0 Bytes, ...)
T4C88 003:366.150   Data:  FF FF FF FF FF FF FF FF FF FF FF FF FF FF FF FF ...
T4C88 003:366.184   completely In flash
T4C88 003:366.214 - 0.103ms returns 0xBF0
T4C88 003:366.591 JLINK_WriteMem(0x0001DF00, 0xBF0 Bytes, ...)
T4C88 003:366.626   Data:  FF FF FF FF FF FF FF FF FF FF FF FF FF FF FF FF ...
T4C88 003:366.659   completely In flash
T4C88 003:366.690 - 0.099ms returns 0xBF0
T4C88 003:367.060 JLINK_WriteMem(0x0001EAF0, 0xBF0 Bytes, ...)
T4C88 003:367.101   Data:  FF FF FF FF FF FF FF FF FF FF FF FF FF FF FF FF ...
T4C88 003:367.134   completely In flash
T4C88 003:367.165 - 0.105ms returns 0xBF0
T4C88 003:367.574 JLINK_WriteMem(0x0001F6E0, 0xBF0 Bytes, ...)
T4C88 003:367.624   Data:  FF FF FF FF FF FF FF FF FF FF FF FF FF FF FF FF ...
T4C88 003:367.662   completely In flash
T4C88 003:367.693 - 0.119ms returns 0xBF0
T4C88 003:368.064 JLINK_WriteMem(0x000202D0, 0xBF0 Bytes, ...)
T4C88 003:368.102   Data:  FF FF FF FF FF FF FF FF FF FF FF FF FF FF FF FF ...
T4C88 003:368.134   completely In flash
T4C88 003:368.166 - 0.102ms returns 0xBF0
T4C88 003:368.560 JLINK_WriteMem(0x00020EC0, 0xBF0 Bytes, ...)
T4C88 003:368.604   Data:  FF FF FF FF FF FF FF FF FF FF FF FF FF FF FF FF ...
T4C88 003:368.638   completely In flash
T4C88 003:368.670 - 0.110ms returns 0xBF0
T4C88 003:369.032 JLINK_WriteMem(0x00021AB0, 0xBF0 Bytes, ...)
T4C88 003:369.072   Data:  FF FF FF FF FF FF FF FF FF FF FF FF FF FF FF FF ...
T4C88 003:369.104   completely In flash
T4C88 003:369.135 - 0.103ms returns 0xBF0
T4C88 003:369.514 JLINK_WriteMem(0x000226A0, 0xBF0 Bytes, ...)
T4C88 003:369.556   Data:  FF FF FF FF FF FF FF FF FF FF FF FF FF FF FF FF ...
T4C88 003:369.590   completely In flash
T4C88 003:369.622 - 0.108ms returns 0xBF0
T4C88 003:370.004 JLINK_WriteMem(0x00023290, 0xBF0 Bytes, ...)
T4C88 003:370.046   Data:  FF FF FF FF FF FF FF FF FF FF FF FF FF FF FF FF ...
T4C88 003:370.080   completely In flash
T4C88 003:370.111 - 0.107ms returns 0xBF0
T4C88 003:370.511 JLINK_WriteMem(0x00023E80, 0xBF0 Bytes, ...)
T4C88 003:370.553   Data:  FF FF FF FF FF FF FF FF FF FF FF FF FF FF FF FF ...
T4C88 003:370.584   completely In flash
T4C88 003:370.616 - 0.104ms returns 0xBF0
T4C88 003:370.985 JLINK_WriteMem(0x00024A70, 0xBF0 Bytes, ...)
T4C88 003:371.019   Data:  FF FF FF FF FF FF FF FF FF FF FF FF FF FF FF FF ...
T4C88 003:371.051   completely In flash
T4C88 003:371.082 - 0.096ms returns 0xBF0
T4C88 003:371.433 JLINK_WriteMem(0x00025660, 0xBF0 Bytes, ...)
T4C88 003:371.511   Data:  FF FF FF FF FF FF FF FF FF FF FF FF FF FF FF FF ...
T4C88 003:371.546   completely In flash
T4C88 003:371.577 - 0.143ms returns 0xBF0
T4C88 003:371.939 JLINK_WriteMem(0x00026250, 0xBF0 Bytes, ...)
T4C88 003:371.977   Data:  FF FF FF FF FF FF FF FF FF FF FF FF FF FF FF FF ...
T4C88 003:372.009   completely In flash
T4C88 003:372.040 - 0.101ms returns 0xBF0
T4C88 003:372.559 JLINK_WriteMem(0x00026E40, 0xBF0 Bytes, ...)
T4C88 003:372.610   Data:  FF FF FF FF FF FF FF FF FF FF FF FF FF FF FF FF ...
T4C88 003:372.659   completely In flash
T4C88 003:372.711 - 0.152ms returns 0xBF0
T4C88 003:373.134 JLINK_WriteMem(0x00027A30, 0xBF0 Bytes, ...)
T4C88 003:373.175   Data:  FF FF FF FF FF FF FF FF FF FF FF FF FF FF FF FF ...
T4C88 003:373.210   completely In flash
T4C88 003:373.247 - 0.112ms returns 0xBF0
T4C88 003:373.679 JLINK_WriteMem(0x00028620, 0xBF0 Bytes, ...)
T4C88 003:373.724   Data:  FF FF FF FF FF FF FF FF FF FF FF FF FF FF FF FF ...
T4C88 003:373.759   completely In flash
T4C88 003:373.791 - 0.112ms returns 0xBF0
T4C88 003:374.150 JLINK_WriteMem(0x00029210, 0xBF0 Bytes, ...)
T4C88 003:374.182   Data:  FF FF FF FF FF FF FF FF FF FF FF FF FF FF FF FF ...
T4C88 003:374.215   completely In flash
T4C88 003:374.246 - 0.096ms returns 0xBF0
T4C88 003:374.599 JLINK_WriteMem(0x00029E00, 0xBF0 Bytes, ...)
T4C88 003:374.638   Data:  FF FF FF FF FF FF FF FF FF FF FF FF FF FF FF FF ...
T4C88 003:374.670   completely In flash
T4C88 003:374.700 - 0.101ms returns 0xBF0
T4C88 003:375.050 JLINK_WriteMem(0x0002A9F0, 0xBF0 Bytes, ...)
T4C88 003:375.081   Data:  FF FF FF FF FF FF FF FF FF FF FF FF FF FF FF FF ...
T4C88 003:375.117   completely In flash
T4C88 003:375.148 - 0.097ms returns 0xBF0
T4C88 003:375.501 JLINK_WriteMem(0x0002B5E0, 0xBF0 Bytes, ...)
T4C88 003:375.533   Data:  FF FF FF FF FF FF FF FF FF FF FF FF FF FF FF FF ...
T4C88 003:375.564   completely In flash
T4C88 003:375.595 - 0.093ms returns 0xBF0
T4C88 003:375.928 JLINK_WriteMem(0x0002C1D0, 0xBF0 Bytes, ...)
T4C88 003:375.957   Data:  FF FF FF FF FF FF FF FF FF FF FF FF FF FF FF FF ...
T4C88 003:375.989   completely In flash
T4C88 003:376.021 - 0.093ms returns 0xBF0
T4C88 003:376.346 JLINK_WriteMem(0x0002CDC0, 0xBF0 Bytes, ...)
T4C88 003:376.376   Data:  FF FF FF FF FF FF FF FF FF FF FF FF FF FF FF FF ...
T4C88 003:376.407   completely In flash
T4C88 003:376.443 - 0.096ms returns 0xBF0
T4C88 003:376.816 JLINK_WriteMem(0x0002D9B0, 0xBF0 Bytes, ...)
T4C88 003:376.845   Data:  FF FF FF FF FF FF FF FF FF FF FF FF FF FF FF FF ...
T4C88 003:376.919   completely In flash
T4C88 003:376.953 - 0.137ms returns 0xBF0
T4C88 003:377.510 JLINK_WriteMem(0x0002E5A0, 0xBF0 Bytes, ...)
T4C88 003:377.556   Data:  FF FF FF FF FF FF FF FF FF FF FF FF FF FF FF FF ...
T4C88 003:377.590   completely In flash
T4C88 003:377.621 - 0.111ms returns 0xBF0
T4C88 003:378.150 JLINK_WriteMem(0x0002F190, 0xBF0 Bytes, ...)
T4C88 003:378.236   Data:  FF FF FF FF FF FF FF FF FF FF FF FF FF FF FF FF ...
T4C88 003:378.292   completely In flash
T4C88 003:378.325 - 0.174ms returns 0xBF0
T4C88 003:378.877 JLINK_WriteMem(0x0002FD80, 0xBF0 Bytes, ...)
T4C88 003:378.927   Data:  FF FF FF FF FF FF FF FF FF FF FF FF FF FF FF FF ...
T4C88 003:378.964   completely In flash
T4C88 003:378.995 - 0.118ms returns 0xBF0
T4C88 003:379.442 JLINK_WriteMem(0x00030970, 0xBF0 Bytes, ...)
T4C88 003:379.515   Data:  FF FF FF FF FF FF FF FF FF FF FF FF FF FF FF FF ...
T4C88 003:379.561   completely In flash
T4C88 003:379.607 - 0.165ms returns 0xBF0
T4C88 003:380.060 JLINK_WriteMem(0x00031560, 0xBF0 Bytes, ...)
T4C88 003:380.125   Data:  FF FF FF FF FF FF FF FF FF FF FF FF FF FF FF FF ...
T4C88 003:380.162   completely In flash
T4C88 003:380.195 - 0.135ms returns 0xBF0
T4C88 003:380.630 JLINK_WriteMem(0x00032150, 0xBF0 Bytes, ...)
T4C88 003:380.676   Data:  FF FF FF FF FF FF FF FF FF FF FF FF FF FF FF FF ...
T4C88 003:380.713   completely In flash
T4C88 003:380.744 - 0.114ms returns 0xBF0
T4C88 003:381.109 JLINK_WriteMem(0x00032D40, 0xBF0 Bytes, ...)
T4C88 003:381.144   Data:  FF FF FF FF FF FF FF FF FF FF FF FF FF FF FF FF ...
T4C88 003:381.175   completely In flash
T4C88 003:381.209 - 0.100ms returns 0xBF0
T4C88 003:381.589 JLINK_WriteMem(0x00033930, 0xBF0 Bytes, ...)
T4C88 003:381.630   Data:  FF FF FF FF FF FF FF FF FF FF FF FF FF FF FF FF ...
T4C88 003:381.665   completely In flash
T4C88 003:381.697 - 0.108ms returns 0xBF0
T4C88 003:382.050 JLINK_WriteMem(0x00034520, 0xBF0 Bytes, ...)
T4C88 003:382.084   Data:  FF FF FF FF FF FF FF FF FF FF FF FF FF FF FF FF ...
T4C88 003:382.120   completely In flash
T4C88 003:382.150 - 0.101ms returns 0xBF0
T4C88 003:382.532 JLINK_WriteMem(0x00035110, 0xBF0 Bytes, ...)
T4C88 003:382.574   Data:  FF FF FF FF FF FF FF FF FF FF FF FF FF FF FF FF ...
T4C88 003:382.606   completely In flash
T4C88 003:382.636 - 0.104ms returns 0xBF0
T4C88 003:383.008 JLINK_WriteMem(0x00035D00, 0xBF0 Bytes, ...)
T4C88 003:383.052   Data:  FF FF FF FF FF FF FF FF FF FF FF FF FF FF FF FF ...
T4C88 003:383.146   completely In flash
T4C88 003:383.178 - 0.170ms returns 0xBF0
T4C88 003:383.566 JLINK_WriteMem(0x000368F0, 0xBF0 Bytes, ...)
T4C88 003:383.606   Data:  FF FF FF FF FF FF FF FF FF FF FF FF FF FF FF FF ...
T4C88 003:383.640   completely In flash
T4C88 003:383.670 - 0.104ms returns 0xBF0
T4C88 003:384.025 JLINK_WriteMem(0x000374E0, 0xB20 Bytes, ...)
T4C88 003:384.066   Data:  FF FF FF FF FF FF FF FF FF FF FF FF FF FF FF FF ...
T4C88 003:384.100   completely In flash
T4C88 003:384.131 - 0.105ms returns 0xB20
T4C88 003:404.110 JLINK_EndDownload()
T4C88 003:405.242   HandleBeforeFlashProg() start
T4C88 003:405.347    J-Link Script File: Executing HandleBeforeFlashProg()
T4C88 003:405.396   CPU_ReadMem(4 bytes @ 0x40007040)
T4C88 003:406.334   CPU_ReadMem(4 bytes @ 0x40007000)
T4C88 003:407.289   HandleBeforeFlashProg() end - Took 1.94ms
T4C88 003:407.364   CPU_ReadMem(4 bytes @ 0xE000ED90)
T4C88 003:408.209   CPU_ReadMem(4 bytes @ 0xE000ED94)
T4C88 003:409.095    -- --------------------------------------
T4C88 003:409.157    -- Start of determining flash info (Bank @ 0x00000000)
T4C88 003:409.191    -- End of determining flash info
T4C88 003:409.223    -- Start of determining dirty areas in flash cache
T4C88 003:409.272    -- Filling invalid ranges in sector buffer (flash cache) for sector @ 0x00018000 if necessary
T4C88 003:409.305    -- Filling invalid ranges in sector buffer (flash cache) for sector @ 0x00020000 if necessary
T4C88 003:409.338    -- Filling invalid ranges in sector buffer (flash cache) for sector @ 0x00028000 if necessary
T4C88 003:409.370    -- Filling invalid ranges in sector buffer (flash cache) for sector @ 0x00030000 if necessary
T4C88 003:409.550    -- End of determining dirty areas
T4C88 003:409.581    -- Start of preparing flash programming
T4C88 003:409.615    -- Preparing RAMCode
T4C88 003:409.646    -- Calculating RAM usage
T4C88 003:409.677    -- RAM usage = 12144 Bytes
T4C88 003:409.707    -- Preserving CPU registers
T4C88 003:410.594    -- Preparing memory
T4C88 003:410.664    -- Determining CPU clock frequency
T4C88 003:475.546    -- CPU frequency = 2072 kHz
T4C88 003:475.629    -- Preparing target
T4C88 003:475.660    -- Preserving target RAM temporarily used for programming
T4C88 003:620.472    -- Downloading RAMCode
T4C88 003:674.909    -- Initializing RAMCode (InitType: 3 = Verify)
T4C88 003:674.992    -- Executing Init(3)
T4C88 003:698.999    -- End of preparing flash programming
T4C88 003:702.554   
  ***** Warning: 
T4C88 003:702.635   CPU is running at low speed (2072 kHz).
T4C88 003:702.672    -- CPU is running at 2072 kHz.
T4C88 003:702.702    -- Start of comparing flash
T4C88 003:702.736    -- CRC check was estimated as fastest method
T4C88 003:726.810    -- Comparing range 0x18000 - 0x1FFFF (1 Sector, 32 KB), using single-block CRC calculation
T4C88 003:749.525    -- CRC matches
T4C88 003:749.999    -- Comparing range 0x20000 - 0x27FFF (1 Sector, 32 KB), using single-block CRC calculation
T4C88 003:771.807    -- CRC matches
T4C88 003:772.283    -- Comparing range 0x28000 - 0x2FFFF (1 Sector, 32 KB), using single-block CRC calculation
T4C88 003:794.723    -- CRC matches
T4C88 003:795.228    -- Comparing range 0x30000 - 0x37FFF (1 Sector, 32 KB), using single-block CRC calculation
T4C88 003:817.232    -- CRC matches
T4C88 003:817.704    -- Comparing range 0x18000 - 0x1FFFF (1 Sector, 32 KB), using alternative single-block CRC calculation
T4C88 003:839.981    -- CRC matches
T4C88 003:840.449    -- Comparing range 0x20000 - 0x27FFF (1 Sector, 32 KB), using alternative single-block CRC calculation
T4C88 003:862.319    -- CRC matches
T4C88 003:862.735    -- Comparing range 0x28000 - 0x2FFFF (1 Sector, 32 KB), using alternative single-block CRC calculation
T4C88 003:884.808    -- CRC matches
T4C88 003:885.193    -- Comparing range 0x30000 - 0x37FFF (1 Sector, 32 KB), using alternative single-block CRC calculation
T4C88 003:907.078    -- CRC matches
T4C88 003:907.170    -- End of comparing flash
T4C88 003:907.202    -- Start of erasing sectors
T4C88 003:907.235    -- End of erasing sectors
T4C88 003:907.266    -- Start of flash programming
T4C88 003:907.296    -- End of flash programming
T4C88 003:907.326    -- Start of verifying flash
T4C88 003:907.356    -- End of verifying flash
T4C88 003:907.386    -- Start of restoring
T4C88 003:907.416    -- Executing UnInit()
T4C88 003:916.755    -- Restoring target memory
T4C88 004:040.590    -- Restoring CPU registers
T4C88 004:041.799    -- End of restoring
T4C88 004:041.901    -- Bank 1 @ 0x00000000: Skipped. Contents already match
T4C88 004:041.954    -- Bank 1 @ 0x00000000: Skipped. Contents already match
T4C88 004:061.487   HandleAfterFlashProg() start
T4C88 004:061.585    J-Link Script File: Executing HandleAfterFlashProg()
T4C88 004:061.610   HandleAfterFlashProg() end - Took 24us
T4C88 004:062.235 - 658.122ms returns 0 (0x0)
T4C88 004:062.587 JLINK_WriteMem(0x20000F24, 0x4 Bytes, ...)
T4C88 004:062.624   Data:  00 00 00 00
T4C88 004:062.668   CPU_WriteMem(4 bytes @ 0x20000F24)
T4C88 004:063.659 - 1.071ms returns 0x4
T4C88 004:063.822 JLINK_ReadMem(0x20000F24, 0x4 Bytes, ...)
T4C88 004:063.870   CPU_ReadMem(4 bytes @ 0x20000F24)
T4C88 004:064.787   Data:  00 00 00 00
T4C88 004:064.938 - 1.115ms returns 0
T4C88 004:065.071 JLINK_ReadMem(0x20000F00, 0x4 Bytes, ...)
T4C88 004:065.129   CPU_ReadMem(4 bytes @ 0x20000F00)
T4C88 004:066.045   Data:  94 09 00 20
T4C88 004:066.139 - 1.068ms returns 0
T4C88 004:066.254 JLINK_ReadMem(0x0001B350, 0x4 Bytes, ...)
T4C88 004:066.285    -- Read from flash cache (4 bytes @ 0x0001B350)
T4C88 004:066.312   Data:  04 00 00 00
T4C88 004:066.338 - 0.085ms returns 0
T4C88 004:067.005 JLINK_ResetPullsRESET(ON)
T4C88 004:067.080 - 0.075ms 
T4C88 004:067.119 JLINK_Halt()
T4C88 004:067.953 - 0.833ms returns 0x00
T4C88 004:068.125 JLINK_IsHalted()
T4C88 004:068.182 - 0.056ms returns TRUE
T4C88 004:068.206 JLINK_Reset()
T4C88 004:068.544   ResetTarget() start
T4C88 004:068.599    J-Link Script File: Executing ResetTarget()
T4C88 004:068.625   CPU_ReadMem(4 bytes @ 0xE000ED44)
T4C88 004:069.489   CPU_ReadMem(4 bytes @ 0xE000EE08)
T4C88 004:070.374   CPU_WriteMem(4 bytes @ 0xE000EE08)
T4C88 004:071.446   CPU_ReadMem(4 bytes @ 0xE000EE08)
T4C88 004:072.368   Reset: ARMv8M core with Security Extension enabled detected. Switch to secure domain.
T4C88 004:072.434   Reset: Halt core after reset via DEMCR.VC_CORERESET.
T4C88 004:072.468   CPU_WriteMem(4 bytes @ 0xE000EDF0)
T4C88 004:073.354   CPU_WriteMem(4 bytes @ 0xE000EDFC)
T4C88 004:074.879   Reset: Reset device via AIRCR.SYSRESETREQ.
T4C88 004:074.950   CPU_WriteMem(4 bytes @ 0xE000ED0C)
T4C88 004:128.008   CPU_ReadMem(4 bytes @ 0xE000EDF0)
T4C88 004:128.963   CPU_ReadMem(4 bytes @ 0xE000EDF0)
T4C88 004:129.851   CPU_WriteMem(4 bytes @ 0xE000EDFC)
T4C88 004:130.680   ResetTarget() end - Took 62.0ms
T4C88 004:130.744   Device specific reset executed.
T4C88 004:137.897   CPU_WriteMem(4 bytes @ 0xE0002000)
T4C88 004:138.847   CPU_ReadMem(4 bytes @ 0xE000EDFC)
T4C88 004:139.678   CPU_ReadMem(4 bytes @ 0xE0001000)
T4C88 004:140.449   CPU_ReadMem(4 bytes @ 0xE000EE08)
T4C88 004:141.228 - 73.021ms 
T4C88 004:141.309 JLINK_SetEndian(ARM_ENDIAN_LITTLE)
T4C88 004:141.329 - 0.020ms returns 0
T4C88 004:141.370 JLINK_ReadMem(0x20000F24, 0x4 Bytes, ...)
T4C88 004:141.393   CPU_ReadMem(4 bytes @ 0x20000F24)
T4C88 004:142.154   Data:  00 00 00 00
T4C88 004:142.190 - 0.820ms returns 0
T4C88 004:142.261 JLINK_ReadMem(0x20000F00, 0x4 Bytes, ...)
T4C88 004:142.283   CPU_ReadMem(4 bytes @ 0x20000F00)
T4C88 004:143.091   Data:  94 09 00 20
T4C88 004:143.121 - 0.860ms returns 0
T4C88 004:143.184 JLINK_ReadMem(0x0001B350, 0x4 Bytes, ...)
T4C88 004:143.205    -- Read from flash cache (4 bytes @ 0x0001B350)
T4C88 004:143.230   Data:  04 00 00 00
T4C88 004:143.254 - 0.070ms returns 0
T4C88 004:168.346 JLINK_ReadMem(0x20000F24, 0x4 Bytes, ...)
T4C88 004:168.452   CPU_ReadMem(4 bytes @ 0x20000F24)
T4C88 004:169.438   Data:  00 00 00 00
T4C88 004:169.524 - 1.178ms returns 0
T4C88 004:169.640 JLINK_ReadMem(0x20000F00, 0x4 Bytes, ...)
T4C88 004:169.699   CPU_ReadMem(4 bytes @ 0x20000F00)
T4C88 004:170.602   Data:  94 09 00 20
T4C88 004:170.705 - 1.062ms returns 0
T4C88 004:170.803 JLINK_ReadMem(0x0001B350, 0x4 Bytes, ...)
T4C88 004:170.832    -- Read from flash cache (4 bytes @ 0x0001B350)
T4C88 004:170.857   Data:  04 00 00 00
T4C88 004:170.882 - 0.079ms returns 0
T4C88 004:170.930 JLINK_ReadRegs(NumRegs = 20)
T4C88 004:170.956   CPU_ReadMem(4 bytes @ 0xE000EE08)
T4C88 004:171.780   
  R0 (0)        = 0x00                 R1 (1)        = 0x00                 R2 (2)        = 0x00                 R3 (3)        = 0x00              
  R4 (4)        = 0x00                 R5 (5)        = 0x00                 R6 (6)        = 0x00                 R7 (7)        = 0x00              
  R8 (8)        = 0x2001FF00           R9 (9)        = 0x2001FF00           R10 (10)      = 0x00                 R11 (11)      = 0x00              
  R12 (12)      = 0x20000FC4           R13 (SP) (13) = 0x20001640           R14 (14)      = 0xFFFFFFFF           R15 (PC) (15) = 0x806C            
  XPSR (16)     = 0xF9000000           MSPLIM (86)   = 0x00                 PSPLIM (87)   = 0x00                 CFBP (20)     = 0x00              
T4C88 004:171.832 - 0.902ms returns 0x00
T4C88 004:175.819 JLINK_WriteMem(0x20000F24, 0x4 Bytes, ...)
T4C88 004:175.869   Data:  00 00 00 00
T4C88 004:175.905   CPU_WriteMem(4 bytes @ 0x20000F24)
T4C88 004:176.770 - 0.951ms returns 0x4
T4C88 004:176.874 JLINK_ReadMem(0x20000F24, 0x4 Bytes, ...)
T4C88 004:176.901   CPU_ReadMem(4 bytes @ 0x20000F24)
T4C88 004:177.736   Data:  00 00 00 00
T4C88 004:177.780 - 0.906ms returns 0
T4C88 004:177.866 JLINK_ReadMem(0x20000F00, 0x4 Bytes, ...)
T4C88 004:177.889   CPU_ReadMem(4 bytes @ 0x20000F00)
T4C88 004:178.660   Data:  94 09 00 20
T4C88 004:178.714 - 0.848ms returns 0
T4C88 004:178.788 JLINK_ReadMem(0x0001B350, 0x4 Bytes, ...)
T4C88 004:178.812    -- Read from flash cache (4 bytes @ 0x0001B350)
T4C88 004:178.839   Data:  04 00 00 00
T4C88 004:178.865 - 0.077ms returns 0
T4C88 004:180.566 JLINK_ReadMem(0x20000F24, 0x4 Bytes, ...)
T4C88 004:180.768   CPU_ReadMem(4 bytes @ 0x20000F24)
T4C88 004:181.752   Data:  00 00 00 00
T4C88 004:181.865 - 1.300ms returns 0
T4C88 004:182.000 JLINK_ReadMem(0x20000F00, 0x4 Bytes, ...)
T4C88 004:182.057   CPU_ReadMem(4 bytes @ 0x20000F00)
T4C88 004:183.008   Data:  94 09 00 20
T4C88 004:183.072 - 1.071ms returns 0
T4C88 004:183.181 JLINK_ReadMem(0x0001B350, 0x4 Bytes, ...)
T4C88 004:183.208    -- Read from flash cache (4 bytes @ 0x0001B350)
T4C88 004:183.234   Data:  04 00 00 00
T4C88 004:183.258 - 0.077ms returns 0
T4C88 004:183.284 JLINK_ReadMem(0x20000F24, 0x4 Bytes, ...)
T4C88 004:183.308   CPU_ReadMem(4 bytes @ 0x20000F24)
T4C88 004:184.063   Data:  00 00 00 00
T4C88 004:184.100 - 0.816ms returns 0
T4C88 004:184.173 JLINK_ReadMem(0x20000F00, 0x4 Bytes, ...)
T4C88 004:184.196   CPU_ReadMem(4 bytes @ 0x20000F00)
T4C88 004:185.018   Data:  94 09 00 20
T4C88 004:185.049 - 0.876ms returns 0
T4C88 004:185.111 JLINK_ReadMem(0x0001B350, 0x4 Bytes, ...)
T4C88 004:185.131    -- Read from flash cache (4 bytes @ 0x0001B350)
T4C88 004:185.156   Data:  04 00 00 00
T4C88 004:185.180 - 0.068ms returns 0
T4C88 004:185.957 JLINK_ReadMem(0x0000806C, 0x4 Bytes, ...)
T4C88 004:186.016   CPU_ReadMem(64 bytes @ 0x00008040)
T4C88 004:187.623    -- Updating C cache (64 bytes @ 0x00008040)
T4C88 004:187.684    -- Read from C cache (4 bytes @ 0x0000806C)
T4C88 004:187.718   Data:  00 F0 06 F8
T4C88 004:187.743 - 1.786ms returns 0
T4C88 004:213.521 JLINK_ReadMem(0x20000F24, 0x4 Bytes, ...)
T4C88 004:213.620   CPU_ReadMem(4 bytes @ 0x20000F24)
T4C88 004:214.528   Data:  00 00 00 00
T4C88 004:214.606 - 1.085ms returns 0
T4C88 004:214.717 JLINK_ReadMem(0x20000F00, 0x4 Bytes, ...)
T4C88 004:214.749   CPU_ReadMem(4 bytes @ 0x20000F00)
T4C88 004:215.581   Data:  94 09 00 20
T4C88 004:215.645 - 0.927ms returns 0
T4C88 004:215.746 JLINK_ReadMem(0x0001B350, 0x4 Bytes, ...)
T4C88 004:215.778    -- Read from flash cache (4 bytes @ 0x0001B350)
T4C88 004:215.809   Data:  04 00 00 00
T4C88 004:215.846 - 0.100ms returns 0
T4C88 004:215.879 JLINK_ReadMem(0x20000F24, 0x4 Bytes, ...)
T4C88 004:215.901   CPU_ReadMem(4 bytes @ 0x20000F24)
T4C88 004:216.768   Data:  00 00 00 00
T4C88 004:216.842 - 0.962ms returns 0
T4C88 004:216.951 JLINK_ReadMem(0x20000F00, 0x4 Bytes, ...)
T4C88 004:216.993   CPU_ReadMem(4 bytes @ 0x20000F00)
T4C88 004:217.840   Data:  94 09 00 20
T4C88 004:217.973 - 1.020ms returns 0
T4C88 004:218.125 JLINK_ReadMem(0x0001B350, 0x4 Bytes, ...)
T4C88 004:218.171    -- Read from flash cache (4 bytes @ 0x0001B350)
T4C88 004:218.213   Data:  04 00 00 00
T4C88 004:218.250 - 0.125ms returns 0
T4C88 004:219.333 JLINK_ReadMem(0x0000806C, 0x4 Bytes, ...)
T4C88 004:219.413    -- Read from C cache (4 bytes @ 0x0000806C)
T4C88 004:219.444   Data:  00 F0 06 F8
T4C88 004:219.471 - 0.139ms returns 0
T4C88 005:766.696 JLINK_GetNumBPUnits(Type = 0xFFFFFF00)
T4C88 005:766.847 - 0.151ms returns 0x08
T4C88 005:766.887 JLINK_GetNumWPUnits()
T4C88 005:766.927 - 0.039ms returns 4
T4C88 005:766.975 JLINK_GetNumBPUnits(Type = 0xFFFFFF00)
T4C88 005:767.013 - 0.039ms returns 0x08
T4C88 005:767.053 JLINK_GetNumWPUnits()
T4C88 005:767.089 - 0.036ms returns 4
T4C88 005:767.134 JLINK_GetNumBPUnits(Type = 0xFFFFFF00)
T4C88 005:767.173 - 0.039ms returns 0x08
T4C88 005:767.211 JLINK_GetNumWPUnits()
T4C88 005:767.255 - 0.043ms returns 4
T4C88 005:767.340 JLINK_SetBPEx(Addr = 0x00000706, Type = 0xFFFFFF00)
T4C88 005:767.386 - 0.046ms returns 0x00000001
T4C88 005:767.431 JLINK_ClrBPEx(BPHandle = 0x00000001)
T4C88 005:768.481 - 1.048ms returns 0x00
T4C88 005:786.171 JLINK_ReadMem(0x00018A8C, 0x2 Bytes, ...)
T4C88 005:786.282    -- Read from flash cache (2 bytes @ 0x00018A8C)
T4C88 005:786.335   Data:  40 F6
T4C88 005:786.385 - 0.215ms returns 0
T4C88 005:786.929 JLINK_ReadMem(0x00000708, 0x2 Bytes, ...)
T4C88 005:787.039   CPU_ReadMem(64 bytes @ 0x00000700)
T4C88 005:788.984    -- Updating C cache (64 bytes @ 0x00000700)
T4C88 005:789.177    -- Read from C cache (2 bytes @ 0x00000708)
T4C88 005:789.242   Data:  FF F7
T4C88 005:789.304 - 2.375ms returns 0
T4C88 005:790.528 JLINK_SetBPEx(Addr = 0x00000708, Type = 0xFFFFFF00)
T4C88 005:790.644 - 0.116ms returns 0x00000002
T4C88 005:791.457 JLINK_ClrBPEx(BPHandle = 0x00000002)
T4C88 005:791.578 - 0.121ms returns 0x00
T4C88 005:791.637 JLINK_SetBPEx(Addr = 0x00000708, Type = 0xFFFFFF00)
T4C88 005:791.681 - 0.045ms returns 0x00000003
T4C88 005:791.728 JLINK_SetBPEx(Addr = 0x00018A8C, Type = 0xFFFFFF00)
T4C88 005:791.769 - 0.041ms returns 0x00000004
T4C88 005:907.094 JLINK_ReadMem(0x20000F24, 0x4 Bytes, ...)
T4C88 005:907.216   CPU_ReadMem(4 bytes @ 0x20000F24)
T4C88 005:908.309   Data:  00 00 00 00
T4C88 005:908.432 - 1.339ms returns 0
T4C88 005:908.615 JLINK_ReadMem(0x20000F00, 0x4 Bytes, ...)
T4C88 005:908.681   CPU_ReadMem(4 bytes @ 0x20000F00)
T4C88 005:909.687   Data:  94 09 00 20
T4C88 005:909.804 - 1.189ms returns 0
T4C88 005:909.975 JLINK_ReadMem(0x0001B350, 0x4 Bytes, ...)
T4C88 005:910.063    -- Read from flash cache (4 bytes @ 0x0001B350)
T4C88 005:910.125   Data:  04 00 00 00
T4C88 005:910.184 - 0.210ms returns 0
T4C88 005:911.246 JLINK_ReadMem(0x20000F24, 0x4 Bytes, ...)
T4C88 005:911.338   CPU_ReadMem(4 bytes @ 0x20000F24)
T4C88 005:912.455   Data:  00 00 00 00
T4C88 005:912.551 - 1.305ms returns 0
T4C88 005:912.686 JLINK_ReadMem(0x20000F00, 0x4 Bytes, ...)
T4C88 005:912.732   CPU_ReadMem(4 bytes @ 0x20000F00)
T4C88 005:913.688   Data:  94 09 00 20
T4C88 005:913.801 - 1.114ms returns 0
T4C88 005:913.956 JLINK_ReadMem(0x0001B350, 0x4 Bytes, ...)
T4C88 005:914.012    -- Read from flash cache (4 bytes @ 0x0001B350)
T4C88 005:914.063   Data:  04 00 00 00
T4C88 005:914.113 - 0.157ms returns 0
T4C88 005:914.198 JLINK_ReadRegs(NumRegs = 20)
T4C88 005:914.319   
  R0 (0)        = 0x00                 R1 (1)        = 0x00                 R2 (2)        = 0x00                 R3 (3)        = 0x00              
  R4 (4)        = 0x00                 R5 (5)        = 0x00                 R6 (6)        = 0x00                 R7 (7)        = 0x00              
  R8 (8)        = 0x2001FF00           R9 (9)        = 0x2001FF00           R10 (10)      = 0x00                 R11 (11)      = 0x00              
  R12 (12)      = 0x20000FC4           R13 (SP) (13) = 0x20001640           R14 (14)      = 0xFFFFFFFF           R15 (PC) (15) = 0x806C            
  XPSR (16)     = 0xF9000000           MSPLIM (86)   = 0x00                 PSPLIM (87)   = 0x00                 CFBP (20)     = 0x00              
T4C88 005:914.389 - 0.191ms returns 0x00
T4C88 005:915.095 JLINK_ReadMem(0x20000F24, 0x4 Bytes, ...)
T4C88 005:915.202   CPU_ReadMem(4 bytes @ 0x20000F24)
T4C88 005:916.174   Data:  00 00 00 00
T4C88 005:916.239 - 1.145ms returns 0
T4C88 005:916.351 JLINK_ReadMem(0x20000F00, 0x4 Bytes, ...)
T4C88 005:916.386   CPU_ReadMem(4 bytes @ 0x20000F00)
T4C88 005:917.281   Data:  94 09 00 20
T4C88 005:917.330 - 0.979ms returns 0
T4C88 005:917.426 JLINK_ReadMem(0x0001B350, 0x4 Bytes, ...)
T4C88 005:917.458    -- Read from flash cache (4 bytes @ 0x0001B350)
T4C88 005:917.497   Data:  04 00 00 00
T4C88 005:917.533 - 0.107ms returns 0
T4C88 005:917.567 JLINK_ReadMem(0x20000F24, 0x4 Bytes, ...)
T4C88 005:917.597   CPU_ReadMem(4 bytes @ 0x20000F24)
T4C88 005:918.455   Data:  00 00 00 00
T4C88 005:918.537 - 0.970ms returns 0
T4C88 005:918.655 JLINK_ReadMem(0x20000F00, 0x4 Bytes, ...)
T4C88 005:918.693   CPU_ReadMem(4 bytes @ 0x20000F00)
T4C88 005:919.594   Data:  94 09 00 20
T4C88 005:919.674 - 1.019ms returns 0
T4C88 005:919.804 JLINK_ReadMem(0x0001B350, 0x4 Bytes, ...)
T4C88 005:919.838    -- Read from flash cache (4 bytes @ 0x0001B350)
T4C88 005:919.875   Data:  04 00 00 00
T4C88 005:919.910 - 0.106ms returns 0
T4C88 005:920.899 JLINK_ReadMem(0x0000806C, 0x4 Bytes, ...)
T4C88 005:920.991    -- Read from C cache (4 bytes @ 0x0000806C)
T4C88 005:921.029   Data:  00 F0 06 F8
T4C88 005:921.065 - 0.167ms returns 0
T27FC 006:031.125 JLINK_GetNumBPUnits(Type = 0xFFFFFF00)
T27FC 006:031.253 - 0.128ms returns 0x08
T27FC 006:031.285 JLINK_GetNumWPUnits()
T27FC 006:031.313 - 0.027ms returns 4
T27FC 006:032.281 JLINK_GetNumBPUnits(Type = 0xFFFFFF00)
T27FC 006:032.399 - 0.118ms returns 0x08
T27FC 006:032.443 JLINK_GetNumWPUnits()
T27FC 006:032.496 - 0.053ms returns 4
T27FC 006:033.099 JLINK_GetNumBPUnits(Type = 0xFFFFFF00)
T27FC 006:033.193 - 0.094ms returns 0x08
T27FC 006:033.243 JLINK_GetNumWPUnits()
T27FC 006:033.282 - 0.038ms returns 4
T27FC 006:033.760 JLINK_GetNumBPUnits(Type = 0xFFFFFF00)
T27FC 006:033.841 - 0.081ms returns 0x08
T27FC 006:033.880 JLINK_GetNumWPUnits()
T27FC 006:033.916 - 0.035ms returns 4
T27FC 006:034.346 JLINK_GetNumBPUnits(Type = 0xFFFFFF00)
T27FC 006:034.410 - 0.064ms returns 0x08
T27FC 006:034.444 JLINK_GetNumWPUnits()
T27FC 006:034.476 - 0.031ms returns 4
T27FC 006:034.858 JLINK_GetNumBPUnits(Type = 0xFFFFFF00)
T27FC 006:034.933 - 0.074ms returns 0x08
T27FC 006:034.973 JLINK_GetNumWPUnits()
T27FC 006:035.009 - 0.035ms returns 4
T27FC 006:035.411 JLINK_GetNumBPUnits(Type = 0xFFFFFF00)
T27FC 006:035.482 - 0.071ms returns 0x08
T27FC 006:035.522 JLINK_GetNumWPUnits()
T27FC 006:035.560 - 0.037ms returns 4
T27FC 006:035.952 JLINK_GetNumBPUnits(Type = 0xFFFFFF00)
T27FC 006:036.021 - 0.069ms returns 0x08
T27FC 006:036.062 JLINK_GetNumWPUnits()
T27FC 006:036.100 - 0.037ms returns 4
T27FC 006:062.090 JLINK_ReadReg(XPSR)
T27FC 006:062.236 - 0.145ms returns 0xF9000000
T27FC 006:062.281 JLINK_ReadReg(R15 (PC))
T27FC 006:062.320 - 0.038ms returns 0x0000806C
T4C88 006:329.270 JLINK_ReadMem(0x20000F24, 0x4 Bytes, ...)
T4C88 006:329.411   CPU_ReadMem(4 bytes @ 0x20000F24)
T4C88 006:330.557   Data:  00 00 00 00
T4C88 006:330.749 - 1.480ms returns 0
T4C88 006:330.932 JLINK_ReadMem(0x20000F00, 0x4 Bytes, ...)
T4C88 006:330.995   CPU_ReadMem(4 bytes @ 0x20000F00)
T4C88 006:332.079   Data:  94 09 00 20
T4C88 006:332.207 - 1.274ms returns 0
T4C88 006:332.409 JLINK_ReadMem(0x0001B350, 0x4 Bytes, ...)
T4C88 006:332.476    -- Read from flash cache (4 bytes @ 0x0001B350)
T4C88 006:332.533   Data:  04 00 00 00
T4C88 006:332.591 - 0.182ms returns 0
T4C88 006:332.649 JLINK_ReadMem(0x20000F24, 0x4 Bytes, ...)
T4C88 006:332.700   CPU_ReadMem(4 bytes @ 0x20000F24)
T4C88 006:333.720   Data:  00 00 00 00
T4C88 006:333.824 - 1.175ms returns 0
T4C88 006:333.980 JLINK_ReadMem(0x20000F00, 0x4 Bytes, ...)
T4C88 006:334.031   CPU_ReadMem(4 bytes @ 0x20000F00)
T4C88 006:334.994   Data:  94 09 00 20
T4C88 006:335.113 - 1.132ms returns 0
T4C88 006:335.301 JLINK_ReadMem(0x0001B350, 0x4 Bytes, ...)
T4C88 006:335.357    -- Read from flash cache (4 bytes @ 0x0001B350)
T4C88 006:335.409   Data:  04 00 00 00
T4C88 006:335.472 - 0.171ms returns 0
T4C88 006:336.766 JLINK_ReadMem(0x0000806C, 0x4 Bytes, ...)
T4C88 006:336.876    -- Read from C cache (4 bytes @ 0x0000806C)
T4C88 006:336.914   Data:  00 F0 06 F8
T4C88 006:336.952 - 0.187ms returns 0
T4C88 009:643.064 JLINK_ReadMem(0x20000F24, 0x4 Bytes, ...)
T4C88 009:643.198   CPU_ReadMem(4 bytes @ 0x20000F24)
T4C88 009:644.231   Data:  00 00 00 00
T4C88 009:644.330 - 1.267ms returns 0
T4C88 009:644.463 JLINK_ReadMem(0x20000F00, 0x4 Bytes, ...)
T4C88 009:644.506   CPU_ReadMem(4 bytes @ 0x20000F00)
T4C88 009:645.641   Data:  94 09 00 20
T4C88 009:645.784 - 1.319ms returns 0
T4C88 009:646.009 JLINK_ReadMem(0x0001B350, 0x4 Bytes, ...)
T4C88 009:646.085    -- Read from flash cache (4 bytes @ 0x0001B350)
T4C88 009:646.165   Data:  04 00 00 00
T4C88 009:646.274 - 0.264ms returns 0
T4C88 009:646.334 JLINK_ReadMem(0x20000F24, 0x4 Bytes, ...)
T4C88 009:646.392   CPU_ReadMem(4 bytes @ 0x20000F24)
T4C88 009:647.606   Data:  00 00 00 00
T4C88 009:647.754 - 1.418ms returns 0
T4C88 009:648.088 JLINK_ReadMem(0x20000F00, 0x4 Bytes, ...)
T4C88 009:648.174   CPU_ReadMem(4 bytes @ 0x20000F00)
T4C88 009:649.203   Data:  94 09 00 20
T4C88 009:649.321 - 1.233ms returns 0
T4C88 009:649.510 JLINK_ReadMem(0x0001B350, 0x4 Bytes, ...)
T4C88 009:649.581    -- Read from flash cache (4 bytes @ 0x0001B350)
T4C88 009:649.650   Data:  04 00 00 00
T4C88 009:649.725 - 0.216ms returns 0
T4C88 009:651.332 JLINK_ReadMem(0x20000F24, 0x4 Bytes, ...)
T4C88 009:651.469   CPU_ReadMem(4 bytes @ 0x20000F24)
T4C88 009:652.522   Data:  00 00 00 00
T4C88 009:652.641 - 1.308ms returns 0
T4C88 009:652.830 JLINK_ReadMem(0x20000F00, 0x4 Bytes, ...)
T4C88 009:652.902   CPU_ReadMem(4 bytes @ 0x20000F00)
T4C88 009:653.944   Data:  94 09 00 20
T4C88 009:654.122 - 1.291ms returns 0
T4C88 009:654.308 JLINK_ReadMem(0x0001B350, 0x4 Bytes, ...)
T4C88 009:654.371    -- Read from flash cache (4 bytes @ 0x0001B350)
T4C88 009:654.434   Data:  04 00 00 00
T4C88 009:654.494 - 0.186ms returns 0
T4C88 009:654.553 JLINK_ReadMem(0x20000F24, 0x4 Bytes, ...)
T4C88 009:654.609   CPU_ReadMem(4 bytes @ 0x20000F24)
T4C88 009:655.675   Data:  00 00 00 00
T4C88 009:655.786 - 1.232ms returns 0
T4C88 009:655.974 JLINK_ReadMem(0x20000F00, 0x4 Bytes, ...)
T4C88 009:656.034   CPU_ReadMem(4 bytes @ 0x20000F00)
T4C88 009:657.010   Data:  94 09 00 20
T4C88 009:657.115 - 1.141ms returns 0
T4C88 009:657.296 JLINK_ReadMem(0x0001B350, 0x4 Bytes, ...)
T4C88 009:657.372    -- Read from flash cache (4 bytes @ 0x0001B350)
T4C88 009:657.440   Data:  04 00 00 00
T4C88 009:657.508 - 0.212ms returns 0
T4C88 015:562.685 JLINK_ReadMem(0x20000F24, 0x4 Bytes, ...)
T4C88 015:562.794   CPU_ReadMem(4 bytes @ 0x20000F24)
T4C88 015:563.749   Data:  00 00 00 00
T4C88 015:563.845 - 1.161ms returns 0
T4C88 015:563.997 JLINK_ReadMem(0x20000F00, 0x4 Bytes, ...)
T4C88 015:564.053   CPU_ReadMem(4 bytes @ 0x20000F00)
T4C88 015:565.026   Data:  94 09 00 20
T4C88 015:565.138 - 1.141ms returns 0
T4C88 015:565.269 JLINK_ReadMem(0x0001B350, 0x4 Bytes, ...)
T4C88 015:565.306    -- Read from flash cache (4 bytes @ 0x0001B350)
T4C88 015:565.344   Data:  04 00 00 00
T4C88 015:565.376 - 0.108ms returns 0
T4C88 015:565.435 JLINK_IsHalted()
T4C88 015:566.374 - 0.936ms returns TRUE
T4C88 015:566.562 JLINK_GoEx(MaxEmulInsts = 0, Flags = 0x01)
T4C88 015:566.616   CPU_WriteMem(4 bytes @ 0xE0002000)
T4C88 015:567.598   CPU_WriteMem(4 bytes @ 0xE0002000)
T4C88 015:568.531   CPU_ReadMem(4 bytes @ 0xE0001000)
T4C88 015:569.410   CPU_WriteMem(4 bytes @ 0xE0002008)
T4C88 015:569.515   CPU_WriteMem(4 bytes @ 0xE000200C)
T4C88 015:569.555   CPU_WriteMem(4 bytes @ 0xE0002010)
T4C88 015:569.600   CPU_WriteMem(4 bytes @ 0xE0002014)
T4C88 015:569.638   CPU_WriteMem(4 bytes @ 0xE0002018)
T4C88 015:569.675   CPU_WriteMem(4 bytes @ 0xE000201C)
T4C88 015:569.714   CPU_WriteMem(4 bytes @ 0xE0002020)
T4C88 015:569.752   CPU_WriteMem(4 bytes @ 0xE0002024)
T4C88 015:573.842   CPU_WriteMem(4 bytes @ 0xE0001004)
T4C88 015:576.406   Memory map 'after startup completion point' is active
T4C88 015:576.522 - 9.958ms 
T4C88 015:680.592 JLINK_IsHalted()
T4C88 015:687.547 - 6.953ms returns TRUE
T4C88 015:687.707 JLINK_ReadReg(XPSR)
T4C88 015:687.742   CPU_ReadMem(4 bytes @ 0xE000EE08)
T4C88 015:688.651 - 0.942ms returns 0x69000000
T4C88 015:688.789 JLINK_ReadReg(R15 (PC))
T4C88 015:688.824 - 0.036ms returns 0x00000708
T4C88 015:688.875 JLINK_ReadReg(XPSR)
T4C88 015:688.896 - 0.020ms returns 0x69000000
T4C88 015:688.914 JLINK_ReadReg(XPSR)
T4C88 015:688.930 - 0.016ms returns 0x69000000
T4C88 015:688.949 JLINK_ReadReg(R15 (PC))
T4C88 015:688.965 - 0.016ms returns 0x00000708
T4C88 015:688.989 JLINK_ReadReg(XPSR)
T4C88 015:689.006 - 0.017ms returns 0x69000000
T4C88 015:689.026 JLINK_ReadMem(0x00000708, 0x1 Bytes, ...)
T4C88 015:689.048   CPU_ReadMem(64 bytes @ 0x00000700)
T4C88 015:690.704    -- Updating C cache (64 bytes @ 0x00000700)
T4C88 015:690.794    -- Read from C cache (1 bytes @ 0x00000708)
T4C88 015:690.832   Data:  FF
T4C88 015:690.866 - 1.841ms returns 0
T4C88 015:690.982 JLINK_IsHalted()
T4C88 015:691.014 - 0.031ms returns TRUE
T4C88 015:691.066 JLINK_ReadReg(XPSR)
T4C88 015:691.094 - 0.028ms returns 0x69000000
T4C88 015:691.120 JLINK_ReadReg(XPSR)
T4C88 015:691.144 - 0.023ms returns 0x69000000
T4C88 015:691.166 JLINK_ReadReg(R15 (PC))
T4C88 015:691.182 - 0.016ms returns 0x00000708
T4C88 015:691.206 JLINK_ReadReg(XPSR)
T4C88 015:691.224 - 0.017ms returns 0x69000000
T4C88 015:691.242 JLINK_ReadMem(0x00000708, 0x1 Bytes, ...)
T4C88 015:691.261    -- Read from C cache (1 bytes @ 0x00000708)
T4C88 015:691.285   Data:  FF
T4C88 015:691.309 - 0.066ms returns 0
T4C88 015:691.381 JLINK_IsHalted()
T4C88 015:691.400 - 0.019ms returns TRUE
T4C88 015:691.418 JLINK_ReadReg(XPSR)
T4C88 015:691.435 - 0.017ms returns 0x69000000
T4C88 015:691.451 JLINK_ReadReg(R15 (PC))
T4C88 015:691.469 - 0.016ms returns 0x00000708
T4C88 015:691.493 JLINK_ReadReg(XPSR)
T4C88 015:691.510 - 0.017ms returns 0x69000000
T4C88 015:691.526 JLINK_ReadReg(XPSR)
T4C88 015:691.546 - 0.018ms returns 0x69000000
T4C88 015:691.563 JLINK_ReadReg(R15 (PC))
T4C88 015:691.587 - 0.023ms returns 0x00000708
T4C88 015:691.622 JLINK_ReadReg(XPSR)
T4C88 015:691.640 - 0.017ms returns 0x69000000
T4C88 015:691.658 JLINK_ReadMem(0x00000708, 0x1 Bytes, ...)
T4C88 015:691.675    -- Read from C cache (1 bytes @ 0x00000708)
T4C88 015:691.702   Data:  FF
T4C88 015:691.728 - 0.069ms returns 0
T4C88 015:691.744 JLINK_IsHalted()
T4C88 015:691.762 - 0.017ms returns TRUE
T4C88 015:691.784 JLINK_ReadReg(XPSR)
T4C88 015:691.802 - 0.017ms returns 0x69000000
T4C88 015:691.819 JLINK_ReadReg(XPSR)
T4C88 015:691.837 - 0.017ms returns 0x69000000
T4C88 015:691.853 JLINK_ReadReg(R15 (PC))
T4C88 015:691.870 - 0.016ms returns 0x00000708
T4C88 015:691.893 JLINK_ReadReg(XPSR)
T4C88 015:691.910 - 0.017ms returns 0x69000000
T4C88 015:691.928 JLINK_ReadMem(0x00000708, 0x1 Bytes, ...)
T4C88 015:691.944    -- Read from C cache (1 bytes @ 0x00000708)
T4C88 015:691.968   Data:  FF
T4C88 015:691.992 - 0.063ms returns 0
T4C88 015:692.016 JLINK_ReadMem(0x20000F24, 0x4 Bytes, ...)
T4C88 015:692.035   CPU_ReadMem(4 bytes @ 0x20000F24)
T4C88 015:692.883   Data:  00 00 00 00
T4C88 015:692.925 - 0.909ms returns 0
T4C88 015:692.994 JLINK_ReadMem(0x20000F00, 0x4 Bytes, ...)
T4C88 015:693.024   CPU_ReadMem(4 bytes @ 0x20000F00)
T4C88 015:693.846   Data:  94 09 00 20
T4C88 015:693.878 - 0.884ms returns 0
T4C88 015:693.942 JLINK_ReadMem(0x0001B350, 0x4 Bytes, ...)
T4C88 015:693.963    -- Read from flash cache (4 bytes @ 0x0001B350)
T4C88 015:693.989   Data:  04 00 00 00
T4C88 015:694.013 - 0.070ms returns 0
T4C88 015:694.733 JLINK_ReadMem(0x20000F24, 0x4 Bytes, ...)
T4C88 015:694.883   CPU_ReadMem(4 bytes @ 0x20000F24)
T4C88 015:695.856   Data:  00 00 00 00
T4C88 015:696.040 - 1.308ms returns 0
T4C88 015:696.141 JLINK_ReadMem(0x20000F00, 0x4 Bytes, ...)
T4C88 015:696.174   CPU_ReadMem(4 bytes @ 0x20000F00)
T4C88 015:696.946   Data:  94 09 00 20
T4C88 015:697.005 - 0.863ms returns 0
T4C88 015:697.090 JLINK_ReadMem(0x0001B350, 0x4 Bytes, ...)
T4C88 015:697.114    -- Read from flash cache (4 bytes @ 0x0001B350)
T4C88 015:697.139   Data:  04 00 00 00
T4C88 015:697.165 - 0.075ms returns 0
T4C88 015:697.213 JLINK_ReadRegs(NumRegs = 20)
T4C88 015:697.251   
  R0 (0)        = 0x00                 R1 (1)        = 0x00                 R2 (2)        = 0xA510               R3 (3)        = 0x10              
  R4 (4)        = 0x00                 R5 (5)        = 0x00                 R6 (6)        = 0x00                 R7 (7)        = 0x00              
  R8 (8)        = 0x2001FF00           R9 (9)        = 0x2001FF00           R10 (10)      = 0x00                 R11 (11)      = 0x00              
  R12 (12)      = 0x4001E3FE           R13 (SP) (13) = 0x20001638           R14 (14)      = 0x8075               R15 (PC) (15) = 0x708             
  XPSR (16)     = 0x69000000           MSPLIM (86)   = 0x20000640           PSPLIM (87)   = 0x00                 CFBP (20)     = 0x00              
T4C88 015:697.277 - 0.063ms returns 0x00
T4C88 015:698.230 JLINK_ReadMem(0x20000F24, 0x4 Bytes, ...)
T4C88 015:698.314   CPU_ReadMem(4 bytes @ 0x20000F24)
T4C88 015:699.190   Data:  00 00 00 00
T4C88 015:699.288 - 1.057ms returns 0
T4C88 015:699.427 JLINK_ReadMem(0x20000F00, 0x4 Bytes, ...)
T4C88 015:699.477   CPU_ReadMem(4 bytes @ 0x20000F00)
T4C88 015:700.402   Data:  94 09 00 20
T4C88 015:700.459 - 1.032ms returns 0
T4C88 015:700.541 JLINK_ReadMem(0x0001B350, 0x4 Bytes, ...)
T4C88 015:700.565    -- Read from flash cache (4 bytes @ 0x0001B350)
T4C88 015:700.589   Data:  04 00 00 00
T4C88 015:700.613 - 0.072ms returns 0
T4C88 015:700.637 JLINK_ReadMem(0x20000F24, 0x4 Bytes, ...)
T4C88 015:700.659   CPU_ReadMem(4 bytes @ 0x20000F24)
T4C88 015:701.490   Data:  00 00 00 00
T4C88 015:701.534 - 0.897ms returns 0
T4C88 015:701.605 JLINK_ReadMem(0x20000F00, 0x4 Bytes, ...)
T4C88 015:701.627   CPU_ReadMem(4 bytes @ 0x20000F00)
T4C88 015:702.421   Data:  94 09 00 20
T4C88 015:702.499 - 0.894ms returns 0
T4C88 015:702.626 JLINK_ReadMem(0x0001B350, 0x4 Bytes, ...)
T4C88 015:702.662    -- Read from flash cache (4 bytes @ 0x0001B350)
T4C88 015:702.702   Data:  04 00 00 00
T4C88 015:702.741 - 0.114ms returns 0
T4C88 015:703.870 JLINK_ReadMem(0x00000708, 0x4 Bytes, ...)
T4C88 015:703.987    -- Read from C cache (4 bytes @ 0x00000708)
T4C88 015:704.026   Data:  FF F7 EE FF
T4C88 015:704.061 - 0.191ms returns 0
T4C88 015:706.541 JLINK_ClrBPEx(BPHandle = 0x00000003)
T4C88 015:706.653 - 0.112ms returns 0x00
T4C88 015:706.680 JLINK_ClrBPEx(BPHandle = 0x00000004)
T4C88 015:706.706 - 0.024ms returns 0x00
T4C88 015:706.741 JLINK_SetBPEx(Addr = 0x00018A8C, Type = 0xFFFFFF00)
T4C88 015:706.766 - 0.026ms returns 0x00000005
T4C88 015:707.205 JLINK_ClrBPEx(BPHandle = 0x00000005)
T4C88 015:707.306 - 0.099ms returns 0x00
T27FC 015:708.813 JLINK_ReadReg(XPSR)
T27FC 015:708.894 - 0.083ms returns 0x69000000
T27FC 015:708.914 JLINK_ReadReg(R15 (PC))
T27FC 015:708.931 - 0.017ms returns 0x00000708
T27FC 015:713.138 JLINK_IsHalted()
T27FC 015:713.213 - 0.074ms returns TRUE
T27FC 015:713.234 JLINK_ReadReg(XPSR)
T27FC 015:713.259 - 0.026ms returns 0x69000000
T27FC 015:713.277 JLINK_ReadReg(R15 (PC))
T27FC 015:713.294 - 0.017ms returns 0x00000708
T27FC 015:713.331 JLINK_ReadReg(XPSR)
T27FC 015:713.349 - 0.017ms returns 0x69000000
T27FC 015:713.366 JLINK_ReadReg(XPSR)
T27FC 015:713.384 - 0.016ms returns 0x69000000
T27FC 015:713.402 JLINK_ReadReg(R15 (PC))
T27FC 015:713.418 - 0.016ms returns 0x00000708
T27FC 015:713.442 JLINK_ReadReg(XPSR)
T27FC 015:713.459 - 0.017ms returns 0x69000000
T27FC 015:713.477 JLINK_ReadMem(0x00000708, 0x1 Bytes, ...)
T27FC 015:713.499    -- Read from C cache (1 bytes @ 0x00000708)
T27FC 015:713.523   Data:  FF
T27FC 015:713.547 - 0.069ms returns 0
T27FC 015:713.566 JLINK_IsHalted()
T27FC 015:713.582 - 0.015ms returns TRUE
T27FC 015:713.606 JLINK_ReadReg(XPSR)
T27FC 015:713.624 - 0.017ms returns 0x69000000
T27FC 015:713.642 JLINK_ReadReg(XPSR)
T27FC 015:713.658 - 0.016ms returns 0x69000000
T27FC 015:713.674 JLINK_ReadReg(R15 (PC))
T27FC 015:713.691 - 0.016ms returns 0x00000708
T27FC 015:713.739 JLINK_ReadReg(XPSR)
T27FC 015:713.779 - 0.040ms returns 0x69000000
T27FC 015:713.805 JLINK_ReadMem(0x00000708, 0x1 Bytes, ...)
T27FC 015:713.835    -- Read from C cache (1 bytes @ 0x00000708)
T27FC 015:713.874   Data:  FF
T27FC 015:713.914 - 0.107ms returns 0
T27FC 015:713.989 JLINK_ReadMem(0xE0001000, 0x4 Bytes, ...)
T27FC 015:714.029   CPU_ReadMem(4 bytes @ 0xE0001000)
T27FC 015:714.968   Data:  01 00 00 40
T27FC 015:715.050   Debug reg: DWT_CTRL
T27FC 015:715.093 - 1.104ms returns 0
T27FC 015:715.226 JLINK_WriteMem(0xE0001FB0, 0x8 Bytes, ...)
T27FC 015:715.266   Data:  00 00 00 00 55 CE AC C5
T27FC 015:715.574   CPU_WriteMem(8 bytes @ 0xE0001FB0)
T27FC 015:716.630 - 1.404ms returns 0x8
T27FC 015:716.784 JLINK_ReadMem(0xE000EDFC, 0x4 Bytes, ...)
T27FC 015:716.822   CPU_ReadMem(4 bytes @ 0xE000EDFC)
T27FC 015:717.637   Data:  00 00 10 01
T27FC 015:717.794   Debug reg: DEMCR
T27FC 015:717.834 - 1.050ms returns 0
T27FC 015:718.837 JLINK_ReadMem(0xE0001004, 0x4 Bytes, ...)
T27FC 015:718.912   CPU_ReadMem(4 bytes @ 0xE0001004)
T27FC 015:719.845   Data:  E6 81 02 00
T27FC 015:719.954   Debug reg: DWT_CYCCNT
T27FC 015:720.005 - 1.168ms returns 0
T4C88 015:733.637 JLINK_ReadMem(0x00000708, 0x4 Bytes, ...)
T4C88 015:733.725    -- Read from C cache (4 bytes @ 0x00000708)
T4C88 015:733.770   Data:  FF F7 EE FF
T4C88 015:733.810 - 0.173ms returns 0
T4C88 015:764.326 JLINK_ReadMem(0x20000F24, 0x4 Bytes, ...)
T4C88 015:764.454   CPU_ReadMem(4 bytes @ 0x20000F24)
T4C88 015:765.570   Data:  00 00 00 00
T4C88 015:765.651 - 1.327ms returns 0
T4C88 015:765.808 JLINK_ReadMem(0x20000F00, 0x4 Bytes, ...)
T4C88 015:765.866   CPU_ReadMem(4 bytes @ 0x20000F00)
T4C88 015:766.782   Data:  94 09 00 20
T4C88 015:766.872 - 1.064ms returns 0
T4C88 015:767.014 JLINK_ReadMem(0x0001B350, 0x4 Bytes, ...)
T4C88 015:767.053    -- Read from flash cache (4 bytes @ 0x0001B350)
T4C88 015:767.083   Data:  04 00 00 00
T4C88 015:767.114 - 0.100ms returns 0
T4C88 015:767.144 JLINK_ReadMem(0x20000F24, 0x4 Bytes, ...)
T4C88 015:767.171   CPU_ReadMem(4 bytes @ 0x20000F24)
T4C88 015:768.050   Data:  00 00 00 00
T4C88 015:768.154 - 1.010ms returns 0
T4C88 015:768.270 JLINK_ReadMem(0x20000F00, 0x4 Bytes, ...)
T4C88 015:768.314   CPU_ReadMem(4 bytes @ 0x20000F00)
T4C88 015:769.146   Data:  94 09 00 20
T4C88 015:769.234 - 0.963ms returns 0
T4C88 015:769.366 JLINK_ReadMem(0x0001B350, 0x4 Bytes, ...)
T4C88 015:769.410    -- Read from flash cache (4 bytes @ 0x0001B350)
T4C88 015:769.442   Data:  04 00 00 00
T4C88 015:769.480 - 0.112ms returns 0
T4C88 015:770.518 JLINK_ReadMem(0x20000F24, 0x4 Bytes, ...)
T4C88 015:770.619   CPU_ReadMem(4 bytes @ 0x20000F24)
T4C88 015:771.632   Data:  00 00 00 00
T4C88 015:771.739 - 1.221ms returns 0
T4C88 015:771.886 JLINK_ReadMem(0x20000F00, 0x4 Bytes, ...)
T4C88 015:771.933   CPU_ReadMem(4 bytes @ 0x20000F00)
T4C88 015:772.920   Data:  94 09 00 20
T4C88 015:773.038 - 1.151ms returns 0
T4C88 015:773.181 JLINK_ReadMem(0x0001B350, 0x4 Bytes, ...)
T4C88 015:773.229    -- Read from flash cache (4 bytes @ 0x0001B350)
T4C88 015:773.270   Data:  04 00 00 00
T4C88 015:773.310 - 0.129ms returns 0
T4C88 015:773.352 JLINK_ReadMem(0x20000F24, 0x4 Bytes, ...)
T4C88 015:773.384   CPU_ReadMem(4 bytes @ 0x20000F24)
T4C88 015:774.237   Data:  00 00 00 00
T4C88 015:774.307 - 0.955ms returns 0
T4C88 015:774.410 JLINK_ReadMem(0x20000F00, 0x4 Bytes, ...)
T4C88 015:774.446   CPU_ReadMem(4 bytes @ 0x20000F00)
T4C88 015:775.227   Data:  94 09 00 20
T4C88 015:775.315 - 0.905ms returns 0
T4C88 015:775.432 JLINK_ReadMem(0x0001B350, 0x4 Bytes, ...)
T4C88 015:775.474    -- Read from flash cache (4 bytes @ 0x0001B350)
T4C88 015:775.512   Data:  04 00 00 00
T4C88 015:775.550 - 0.118ms returns 0
T4C88 016:415.136 JLINK_ReadMem(0x20000F24, 0x4 Bytes, ...)
T4C88 016:415.262   CPU_ReadMem(4 bytes @ 0x20000F24)
T4C88 016:416.544   Data:  00 00 00 00
T4C88 016:416.670 - 1.535ms returns 0
T4C88 016:416.843 JLINK_ReadMem(0x20000F00, 0x4 Bytes, ...)
T4C88 016:416.910   CPU_ReadMem(4 bytes @ 0x20000F00)
T4C88 016:417.915   Data:  94 09 00 20
T4C88 016:418.034 - 1.190ms returns 0
T4C88 016:418.251 JLINK_ReadMem(0x0001B350, 0x4 Bytes, ...)
T4C88 016:418.320    -- Read from flash cache (4 bytes @ 0x0001B350)
T4C88 016:418.382   Data:  04 00 00 00
T4C88 016:418.442 - 0.190ms returns 0
T4C88 016:419.282 JLINK_ReadMem(0xE0001004, 0x4 Bytes, ...)
T4C88 016:419.368   Data:  E6 81 02 00
T4C88 016:419.429   Debug reg: DWT_CYCCNT
T4C88 016:419.480 - 0.199ms returns 0
T4C88 016:419.522 JLINK_IsHalted()
T4C88 016:420.480 - 0.957ms returns TRUE
T4C88 016:421.395 JLINK_ReadMem(0xE0001004, 0x4 Bytes, ...)
T4C88 016:421.478   Data:  E6 81 02 00
T4C88 016:421.541   Debug reg: DWT_CYCCNT
T4C88 016:421.603 - 0.208ms returns 0
T4C88 016:421.645 JLINK_GoEx(MaxEmulInsts = 0, Flags = 0x01)
T4C88 016:421.704   CPU_ReadMem(4 bytes @ 0xE0001000)
T4C88 016:422.749   CPU_WriteMem(4 bytes @ 0xE0002008)
T4C88 016:422.872   CPU_WriteMem(4 bytes @ 0xE000200C)
T4C88 016:425.584 - 3.938ms 
T4C88 016:525.461 JLINK_IsHalted()
T4C88 016:526.512 - 1.049ms returns FALSE
T4C88 016:526.658 JLINK_IsHalted()
T4C88 016:527.395 - 0.737ms returns FALSE
T4C88 016:633.600 JLINK_IsHalted()
T4C88 016:634.726 - 1.124ms returns FALSE
T4C88 016:634.896 JLINK_IsHalted()
T4C88 016:635.792 - 0.893ms returns FALSE
T4C88 016:743.272 JLINK_IsHalted()
T4C88 016:744.461 - 1.187ms returns FALSE
T4C88 016:744.678 JLINK_IsHalted()
T4C88 016:745.555 - 0.874ms returns FALSE
T4C88 016:852.838 JLINK_IsHalted()
T4C88 016:853.868 - 1.029ms returns FALSE
T4C88 016:854.020 JLINK_IsHalted()
T4C88 016:854.892 - 0.874ms returns FALSE
T4C88 016:961.866 JLINK_IsHalted()
T4C88 016:962.964 - 1.098ms returns FALSE
T4C88 016:963.190 JLINK_IsHalted()
T4C88 016:964.140 - 0.947ms returns FALSE
T4C88 017:071.246 JLINK_IsHalted()
T4C88 017:072.142 - 0.895ms returns FALSE
T4C88 017:072.310 JLINK_IsHalted()
T4C88 017:073.060 - 0.748ms returns FALSE
T4C88 017:181.138 JLINK_IsHalted()
T4C88 017:182.128 - 0.989ms returns FALSE
T4C88 017:182.218 JLINK_IsHalted()
T4C88 017:182.980 - 0.763ms returns FALSE
T4C88 017:290.028 JLINK_IsHalted()
T4C88 017:291.020 - 0.993ms returns FALSE
T4C88 017:291.136 JLINK_IsHalted()
T4C88 017:291.916 - 0.782ms returns FALSE
T4C88 017:399.856 JLINK_IsHalted()
T4C88 017:400.732 - 0.877ms returns FALSE
T4C88 017:400.922 JLINK_IsHalted()
T4C88 017:401.756 - 0.834ms returns FALSE
T27FC 017:419.780 JLINK_IsHalted()
T27FC 017:420.598 - 0.817ms returns FALSE
T27FC 017:420.710 JLINK_IsHalted()
T27FC 017:421.440 - 0.728ms returns FALSE
T4C88 017:509.154 JLINK_IsHalted()
T4C88 017:510.246 - 1.096ms returns FALSE
T4C88 017:510.332 JLINK_IsHalted()
T4C88 017:511.302 - 0.970ms returns FALSE
T4C88 017:618.492 JLINK_IsHalted()
T4C88 017:619.570 - 1.076ms returns FALSE
T4C88 017:619.682 JLINK_IsHalted()
T4C88 017:620.444 - 0.762ms returns FALSE
T4C88 017:727.964 JLINK_IsHalted()
T4C88 017:729.006 - 1.041ms returns FALSE
T4C88 017:729.164 JLINK_IsHalted()
T4C88 017:730.010 - 0.845ms returns FALSE
T4C88 017:837.588 JLINK_IsHalted()
T4C88 017:838.634 - 1.044ms returns FALSE
T4C88 017:838.730 JLINK_IsHalted()
T4C88 017:839.474 - 0.744ms returns FALSE
T4C88 017:946.874 JLINK_IsHalted()
T4C88 017:947.860 - 0.986ms returns FALSE
T4C88 017:948.064 JLINK_IsHalted()
T4C88 017:948.812 - 0.743ms returns FALSE
T4C88 018:055.706 JLINK_IsHalted()
T4C88 018:056.792 - 1.085ms returns FALSE
T4C88 018:056.948 JLINK_IsHalted()
T4C88 018:057.698 - 0.749ms returns FALSE
T4C88 018:165.400 JLINK_IsHalted()
T4C88 018:166.620 - 1.219ms returns FALSE
T4C88 018:166.748 JLINK_IsHalted()
T4C88 018:167.628 - 0.880ms returns FALSE
T4C88 018:274.420 JLINK_IsHalted()
T4C88 018:275.434 - 1.012ms returns FALSE
T4C88 018:275.572 JLINK_IsHalted()
T4C88 018:276.420 - 0.848ms returns FALSE
T4C88 018:384.164 JLINK_IsHalted()
T4C88 018:385.058 - 0.894ms returns FALSE
T4C88 018:385.206 JLINK_IsHalted()
T4C88 018:385.900 - 0.692ms returns FALSE
T27FC 018:422.694 JLINK_IsHalted()
T27FC 018:423.744 - 1.049ms returns FALSE
T27FC 018:423.898 JLINK_IsHalted()
T27FC 018:424.772 - 0.873ms returns FALSE
T4C88 018:493.068 JLINK_IsHalted()
T4C88 018:494.038 - 0.971ms returns FALSE
T4C88 018:494.158 JLINK_IsHalted()
T4C88 018:495.094 - 0.936ms returns FALSE
T4C88 018:602.788 JLINK_IsHalted()
T4C88 018:603.924 - 1.133ms returns FALSE
T4C88 018:604.010 JLINK_IsHalted()
T4C88 018:604.980 - 0.968ms returns FALSE
T4C88 018:712.066 JLINK_IsHalted()
T4C88 018:713.088 - 1.023ms returns FALSE
T4C88 018:713.240 JLINK_IsHalted()
T4C88 018:714.030 - 0.790ms returns FALSE
T4C88 018:821.218 JLINK_IsHalted()
T4C88 018:822.676 - 1.456ms returns FALSE
T4C88 018:822.850 JLINK_IsHalted()
T4C88 018:823.842 - 0.990ms returns FALSE
T4C88 018:930.988 JLINK_IsHalted()
T4C88 018:932.122 - 1.133ms returns FALSE
T4C88 018:932.214 JLINK_IsHalted()
T4C88 018:934.072 - 1.858ms returns FALSE
T4C88 019:040.804 JLINK_IsHalted()
T4C88 019:042.278 - 1.472ms returns FALSE
T4C88 019:042.412 JLINK_IsHalted()
T4C88 019:044.108 - 1.695ms returns FALSE
T4C88 019:149.898 JLINK_IsHalted()
T4C88 019:151.480 - 1.581ms returns FALSE
T4C88 019:151.592 JLINK_IsHalted()
T4C88 019:153.316 - 1.723ms returns FALSE
T4C88 019:258.952 JLINK_IsHalted()
T4C88 019:259.984 - 1.030ms returns FALSE
T4C88 019:260.172 JLINK_IsHalted()
T4C88 019:261.706 - 1.532ms returns FALSE
T4C88 019:368.670 JLINK_IsHalted()
T4C88 019:370.052 - 1.381ms returns FALSE
T4C88 019:370.180 JLINK_IsHalted()
T4C88 019:371.872 - 1.690ms returns FALSE
T27FC 019:426.012 JLINK_IsHalted()
T27FC 019:427.078 - 1.066ms returns FALSE
T27FC 019:427.232 JLINK_IsHalted()
T27FC 019:428.910 - 1.677ms returns FALSE
T4C88 019:477.376 JLINK_IsHalted()
T4C88 019:478.556 - 1.180ms returns FALSE
T4C88 019:478.664 JLINK_IsHalted()
T4C88 019:480.442 - 1.775ms returns FALSE
T4C88 019:586.794 JLINK_IsHalted()
T4C88 019:588.900 - 2.107ms returns FALSE
T4C88 019:589.064 JLINK_IsHalted()
T4C88 019:590.832 - 1.767ms returns FALSE
T4C88 019:696.488 JLINK_IsHalted()
T4C88 019:697.610 - 1.120ms returns FALSE
T4C88 019:697.716 JLINK_IsHalted()
T4C88 019:699.476 - 1.758ms returns FALSE
T4C88 019:806.330 JLINK_IsHalted()
T4C88 019:808.000 - 1.668ms returns FALSE
T4C88 019:808.148 JLINK_IsHalted()
T4C88 019:809.912 - 1.762ms returns FALSE
T4C88 019:915.232 JLINK_IsHalted()
T4C88 019:916.412 - 1.179ms returns FALSE
T4C88 019:916.572 JLINK_IsHalted()
T4C88 019:918.372 - 1.797ms returns FALSE
T4C88 020:024.556 JLINK_IsHalted()
T4C88 020:026.212 - 1.656ms returns FALSE
T4C88 020:026.348 JLINK_IsHalted()
T4C88 020:028.084 - 1.736ms returns FALSE
T4C88 020:133.748 JLINK_IsHalted()
T4C88 020:135.186 - 1.435ms returns FALSE
T4C88 020:135.302 JLINK_IsHalted()
T4C88 020:136.992 - 1.689ms returns FALSE
T4C88 020:243.068 JLINK_IsHalted()
T4C88 020:245.514 - 2.442ms returns FALSE
T4C88 020:245.682 JLINK_IsHalted()
T4C88 020:247.440 - 1.756ms returns FALSE
T4C88 020:353.028 JLINK_IsHalted()
T4C88 020:354.260 - 1.232ms returns FALSE
T4C88 020:354.362 JLINK_IsHalted()
T4C88 020:356.108 - 1.746ms returns FALSE
T27FC 020:429.190 JLINK_IsHalted()
T27FC 020:430.778 - 1.586ms returns FALSE
T27FC 020:430.952 JLINK_IsHalted()
T27FC 020:434.380 - 3.426ms returns FALSE
T4C88 020:461.874 JLINK_IsHalted()
T4C88 020:463.514 - 1.637ms returns FALSE
T4C88 020:463.756 JLINK_IsHalted()
T4C88 020:465.388 - 1.630ms returns FALSE
T4C88 020:571.708 JLINK_IsHalted()
T4C88 020:572.956 - 1.248ms returns FALSE
T4C88 020:573.032 JLINK_IsHalted()
T4C88 020:574.822 - 1.790ms returns FALSE
T4C88 020:680.732 JLINK_IsHalted()
T4C88 020:683.262 - 2.530ms returns FALSE
T4C88 020:683.354 JLINK_IsHalted()
T4C88 020:685.056 - 1.700ms returns FALSE
T4C88 020:790.188 JLINK_IsHalted()
T4C88 020:791.770 - 1.581ms returns FALSE
T4C88 020:791.916 JLINK_IsHalted()
T4C88 020:795.344 - 3.424ms returns FALSE
T4C88 020:899.808 JLINK_IsHalted()
T4C88 020:901.126 - 1.319ms returns FALSE
T4C88 020:901.228 JLINK_IsHalted()
T4C88 020:902.964 - 1.735ms returns FALSE
T4C88 021:009.444 JLINK_IsHalted()
T4C88 021:011.396 - 1.949ms returns FALSE
T4C88 021:011.598 JLINK_IsHalted()
T4C88 021:013.256 - 1.656ms returns FALSE
T4C88 021:118.276 JLINK_IsHalted()
T4C88 021:119.058 - 0.782ms returns FALSE
T4C88 021:119.156 JLINK_IsHalted()
T4C88 021:120.944 - 1.787ms returns FALSE
T4C88 021:227.634 JLINK_IsHalted()
T4C88 021:229.330 - 1.695ms returns FALSE
T4C88 021:229.516 JLINK_IsHalted()
T4C88 021:231.222 - 1.704ms returns FALSE
T4C88 021:337.210 JLINK_IsHalted()
T4C88 021:338.418 - 1.205ms returns FALSE
T4C88 021:338.570 JLINK_IsHalted()
T4C88 021:340.684 - 2.113ms returns FALSE
T27FC 021:434.296 JLINK_IsHalted()
T27FC 021:436.146 - 1.849ms returns FALSE
T27FC 021:436.276 JLINK_IsHalted()
T27FC 021:443.232 - 6.955ms returns FALSE
T4C88 021:447.020 JLINK_IsHalted()
T4C88 021:448.986 - 1.965ms returns FALSE
T4C88 021:449.132 JLINK_IsHalted()
T4C88 021:450.912 - 1.779ms returns FALSE
T4C88 021:555.790 JLINK_IsHalted()
T4C88 021:557.988 - 2.195ms returns FALSE
T4C88 021:558.166 JLINK_IsHalted()
T4C88 021:559.904 - 1.735ms returns FALSE
T4C88 021:665.064 JLINK_IsHalted()
T4C88 021:667.026 - 1.960ms returns FALSE
T4C88 021:667.300 JLINK_IsHalted()
T4C88 021:668.900 - 1.598ms returns FALSE
T4C88 021:775.004 JLINK_IsHalted()
T4C88 021:776.684 - 1.675ms returns FALSE
T4C88 021:776.864 JLINK_IsHalted()
T4C88 021:778.682 - 1.815ms returns FALSE
T4C88 021:883.766 JLINK_IsHalted()
T4C88 021:886.116 - 2.346ms returns FALSE
T4C88 021:886.336 JLINK_IsHalted()
T4C88 021:887.848 - 1.510ms returns FALSE
T4C88 021:993.172 JLINK_IsHalted()
T4C88 021:994.560 - 1.385ms returns FALSE
T4C88 021:994.802 JLINK_IsHalted()
T4C88 021:996.374 - 1.571ms returns FALSE
T4C88 022:102.676 JLINK_IsHalted()
T4C88 022:104.040 - 1.362ms returns FALSE
T4C88 022:104.172 JLINK_IsHalted()
T4C88 022:105.842 - 1.668ms returns FALSE
T4C88 022:212.044 JLINK_IsHalted()
T4C88 022:214.226 - 2.179ms returns FALSE
T4C88 022:214.382 JLINK_IsHalted()
T4C88 022:216.116 - 1.733ms returns FALSE
T4C88 022:321.228 JLINK_IsHalted()
T4C88 022:323.154 - 1.922ms returns FALSE
T4C88 022:323.282 JLINK_IsHalted()
T4C88 022:325.114 - 1.830ms returns FALSE
T4C88 022:431.430 JLINK_IsHalted()
T4C88 022:433.548 - 2.115ms returns FALSE
T4C88 022:433.676 JLINK_IsHalted()
T4C88 022:435.532 - 1.856ms returns FALSE
T27FC 022:443.742 JLINK_IsHalted()
T27FC 022:445.208 - 1.464ms returns FALSE
T27FC 022:445.324 JLINK_IsHalted()
T27FC 022:447.080 - 1.757ms returns FALSE
T4C88 022:540.414 JLINK_IsHalted()
T4C88 022:542.246 - 1.830ms returns FALSE
T4C88 022:542.380 JLINK_IsHalted()
T4C88 022:544.084 - 1.702ms returns FALSE
T4C88 022:649.940 JLINK_IsHalted()
T4C88 022:651.964 - 2.024ms returns FALSE
T4C88 022:652.256 JLINK_IsHalted()
T4C88 022:653.734 - 1.478ms returns FALSE
T4C88 022:759.564 JLINK_IsHalted()
T4C88 022:760.844 - 1.279ms returns FALSE
T4C88 022:760.980 JLINK_IsHalted()
T4C88 022:762.818 - 1.836ms returns FALSE
T4C88 022:867.968 JLINK_IsHalted()
T4C88 022:870.028 - 2.058ms returns FALSE
T4C88 022:870.154 JLINK_IsHalted()
T4C88 022:871.892 - 1.738ms returns FALSE
T4C88 022:977.490 JLINK_IsHalted()
T4C88 022:979.712 - 2.221ms returns FALSE
T4C88 022:979.868 JLINK_IsHalted()
T4C88 022:981.460 - 1.589ms returns FALSE
T4C88 023:087.488 JLINK_IsHalted()
T4C88 023:090.180 - 2.692ms returns FALSE
T4C88 023:090.284 JLINK_IsHalted()
T4C88 023:092.086 - 1.801ms returns FALSE
T4C88 023:196.426 JLINK_IsHalted()
T4C88 023:198.586 - 2.160ms returns FALSE
T4C88 023:198.736 JLINK_IsHalted()
T4C88 023:202.118 - 3.381ms returns FALSE
T4C88 023:305.834 JLINK_IsHalted()
T4C88 023:307.592 - 1.758ms returns FALSE
T4C88 023:307.684 JLINK_IsHalted()
T4C88 023:309.388 - 1.703ms returns FALSE
T4C88 023:414.804 JLINK_IsHalted()
T4C88 023:417.628 - 2.822ms returns FALSE
T4C88 023:417.732 JLINK_IsHalted()
T4C88 023:419.462 - 1.729ms returns FALSE
T27FC 023:448.408 JLINK_IsHalted()
T27FC 023:449.788 - 1.380ms returns FALSE
T27FC 023:449.944 JLINK_IsHalted()
T27FC 023:451.696 - 1.749ms returns FALSE
T4C88 023:524.572 JLINK_IsHalted()
T4C88 023:525.812 - 1.242ms returns FALSE
T4C88 023:525.888 JLINK_IsHalted()
T4C88 023:527.724 - 1.835ms returns FALSE
T4C88 023:633.630 JLINK_IsHalted()
T4C88 023:635.466 - 1.835ms returns FALSE
T4C88 023:635.548 JLINK_IsHalted()
T4C88 023:637.372 - 1.823ms returns FALSE
T4C88 023:743.140 JLINK_IsHalted()
T4C88 023:744.548 - 1.406ms returns FALSE
T4C88 023:744.704 JLINK_IsHalted()
T4C88 023:746.436 - 1.731ms returns FALSE
T4C88 023:853.162 JLINK_IsHalted()
T4C88 023:854.900 - 1.736ms returns FALSE
T4C88 023:854.990 JLINK_IsHalted()
T4C88 023:856.614 - 1.623ms returns FALSE
T4C88 023:951.468 JLINK_IsHalted()
T4C88 023:953.140 - 1.674ms returns FALSE
T4C88 023:953.282 JLINK_IsHalted()
T4C88 023:955.024 - 1.741ms returns FALSE
T4C88 023:955.152 JLINK_IsHalted()
T4C88 023:956.836 - 1.684ms returns FALSE
T4C88 023:956.936 JLINK_IsHalted()
T4C88 023:958.752 - 1.814ms returns FALSE
T4C88 023:958.870 JLINK_Halt()
T4C88 023:967.556 - 8.682ms returns 0x00
T4C88 023:967.702 JLINK_IsHalted()
T4C88 023:967.732 - 0.030ms returns TRUE
T4C88 023:967.764 JLINK_ReadReg(XPSR)
T4C88 023:967.800   CPU_ReadMem(4 bytes @ 0xE000EE08)
T4C88 023:971.172 - 3.409ms returns 0x01000000
T4C88 023:971.356 JLINK_ReadReg(R15 (PC))
T4C88 023:971.380 - 0.025ms returns 0x00018D4C
T4C88 023:971.430 JLINK_ReadReg(XPSR)
T4C88 023:971.448 - 0.018ms returns 0x01000000
T4C88 023:971.466 JLINK_ReadReg(XPSR)
T4C88 023:971.482 - 0.016ms returns 0x01000000
T4C88 023:971.500 JLINK_ReadReg(R15 (PC))
T4C88 023:971.516 - 0.016ms returns 0x00018D4C
T4C88 023:971.540 JLINK_ReadReg(XPSR)
T4C88 023:971.556 - 0.017ms returns 0x01000000
T4C88 023:971.574 JLINK_ReadMem(0x00018D4C, 0x1 Bytes, ...)
T4C88 023:971.594    -- Read from flash cache (1 bytes @ 0x00018D4C)
T4C88 023:971.618   Data:  BF
T4C88 023:971.644 - 0.070ms returns 0
T4C88 023:971.660 JLINK_IsHalted()
T4C88 023:971.678 - 0.016ms returns TRUE
T4C88 023:971.700 JLINK_ReadReg(XPSR)
T4C88 023:971.718 - 0.018ms returns 0x01000000
T4C88 023:971.736 JLINK_ReadReg(XPSR)
T4C88 023:971.752 - 0.016ms returns 0x01000000
T4C88 023:971.772 JLINK_ReadReg(R15 (PC))
T4C88 023:971.788 - 0.016ms returns 0x00018D4C
T4C88 023:971.812 JLINK_ReadReg(XPSR)
T4C88 023:971.828 - 0.017ms returns 0x01000000
T4C88 023:971.846 JLINK_ReadMem(0x00018D4C, 0x1 Bytes, ...)
T4C88 023:971.862    -- Read from flash cache (1 bytes @ 0x00018D4C)
T4C88 023:971.884   Data:  BF
T4C88 023:971.908 - 0.063ms returns 0
T4C88 023:971.940 JLINK_IsHalted()
T4C88 023:971.956 - 0.016ms returns TRUE
T4C88 023:971.974 JLINK_ReadReg(XPSR)
T4C88 023:971.990 - 0.016ms returns 0x01000000
T4C88 023:972.008 JLINK_ReadReg(R15 (PC))
T4C88 023:972.024 - 0.016ms returns 0x00018D4C
T4C88 023:972.046 JLINK_ReadReg(XPSR)
T4C88 023:972.064 - 0.017ms returns 0x01000000
T4C88 023:972.080 JLINK_ReadReg(XPSR)
T4C88 023:972.098 - 0.016ms returns 0x01000000
T4C88 023:972.114 JLINK_ReadReg(R15 (PC))
T4C88 023:972.130 - 0.016ms returns 0x00018D4C
T4C88 023:972.156 JLINK_ReadReg(XPSR)
T4C88 023:972.172 - 0.017ms returns 0x01000000
T4C88 023:972.200 JLINK_ReadMem(0x00018D4C, 0x1 Bytes, ...)
T4C88 023:972.218    -- Read from flash cache (1 bytes @ 0x00018D4C)
T4C88 023:972.244   Data:  BF
T4C88 023:972.268 - 0.067ms returns 0
T4C88 023:972.284 JLINK_IsHalted()
T4C88 023:972.300 - 0.015ms returns TRUE
T4C88 023:972.324 JLINK_ReadReg(XPSR)
T4C88 023:972.340 - 0.017ms returns 0x01000000
T4C88 023:972.356 JLINK_ReadReg(XPSR)
T4C88 023:972.374 - 0.016ms returns 0x01000000
T4C88 023:972.390 JLINK_ReadReg(R15 (PC))
T4C88 023:972.410 - 0.019ms returns 0x00018D4C
T4C88 023:972.436 JLINK_ReadReg(XPSR)
T4C88 023:972.460 - 0.022ms returns 0x01000000
T4C88 023:972.478 JLINK_ReadMem(0x00018D4C, 0x1 Bytes, ...)
T4C88 023:972.500    -- Read from flash cache (1 bytes @ 0x00018D4C)
T4C88 023:972.524   Data:  BF
T4C88 023:972.548 - 0.070ms returns 0
T4C88 023:972.572 JLINK_ReadMem(0x20000F24, 0x4 Bytes, ...)
T4C88 023:972.606   CPU_ReadMem(4 bytes @ 0x20000F24)
T4C88 023:974.340   Data:  03 00 00 00
T4C88 023:974.388 - 1.814ms returns 0
T4C88 023:974.468 JLINK_ReadMem(0x20000F00, 0x4 Bytes, ...)
T4C88 023:974.496   CPU_ReadMem(4 bytes @ 0x20000F00)
T4C88 023:976.224   Data:  94 09 00 20
T4C88 023:976.284 - 1.814ms returns 0
T4C88 023:976.356 JLINK_ReadMem(0x0001B350, 0x4 Bytes, ...)
T4C88 023:976.378    -- Read from flash cache (4 bytes @ 0x0001B350)
T4C88 023:976.402   Data:  04 00 00 00
T4C88 023:976.426 - 0.068ms returns 0
T4C88 023:976.444 JLINK_ReadMem(0x20000F08, 0x4 Bytes, ...)
T4C88 023:976.460   CPU_ReadMem(4 bytes @ 0x20000F08)
T4C88 023:977.990   Data:  01 00 00 00
T4C88 023:978.040 - 1.597ms returns 0
T4C88 023:978.974 JLINK_ReadMem(0x20000F24, 0x4 Bytes, ...)
T4C88 023:979.116   CPU_ReadMem(4 bytes @ 0x20000F24)
T4C88 023:981.574   Data:  03 00 00 00
T4C88 023:981.644 - 2.672ms returns 0
T4C88 023:981.738 JLINK_ReadMem(0x20000F00, 0x4 Bytes, ...)
T4C88 023:981.780   CPU_ReadMem(4 bytes @ 0x20000F00)
T4C88 023:985.276   Data:  94 09 00 20
T4C88 023:985.332 - 3.593ms returns 0
T4C88 023:985.436 JLINK_ReadMem(0x0001B350, 0x4 Bytes, ...)
T4C88 023:985.458    -- Read from flash cache (4 bytes @ 0x0001B350)
T4C88 023:985.480   Data:  04 00 00 00
T4C88 023:985.504 - 0.069ms returns 0
T4C88 023:985.524 JLINK_ReadMem(0x20000F08, 0x4 Bytes, ...)
T4C88 023:985.544   CPU_ReadMem(4 bytes @ 0x20000F08)
T4C88 023:987.188   Data:  01 00 00 00
T4C88 023:987.228 - 1.706ms returns 0
T4C88 023:987.332 JLINK_ReadRegs(NumRegs = 20)
T4C88 023:987.382   
  R0 (0)        = 0x4001E00C           R1 (1)        = 0x4000               R2 (2)        = 0x1D64               R3 (3)        = 0x01              
  R4 (4)        = 0x20000F30           R5 (5)        = 0xE000ED04           R6 (6)        = 0x10000000           R7 (7)        = 0x00              
  R8 (8)        = 0x00                 R9 (9)        = 0x00                 R10 (10)      = 0x00                 R11 (11)      = 0x00              
  R12 (12)      = 0x20000FC4           R13 (SP) (13) = 0x20000BE8           R14 (14)      = 0x18DAF              R15 (PC) (15) = 0x18D4C           
  XPSR (16)     = 0x1000000            MSPLIM (86)   = 0x20000000           PSPLIM (87)   = 0x20000A18           CFBP (20)     = 0x2000001         
T4C88 023:987.408 - 0.074ms returns 0x00
T4C88 023:991.632 JLINK_ReadMem(0x20000F24, 0x4 Bytes, ...)
T4C88 023:991.702   CPU_ReadMem(4 bytes @ 0x20000F24)
T4C88 023:992.876   Data:  03 00 00 00
T4C88 023:992.922 - 1.288ms returns 0
T4C88 023:992.996 JLINK_ReadMem(0x20000F00, 0x4 Bytes, ...)
T4C88 023:993.020   CPU_ReadMem(4 bytes @ 0x20000F00)
T4C88 023:994.722   Data:  94 09 00 20
T4C88 023:994.772 - 1.774ms returns 0
T4C88 023:994.860 JLINK_ReadMem(0x0001B350, 0x4 Bytes, ...)
T4C88 023:994.884    -- Read from flash cache (4 bytes @ 0x0001B350)
T4C88 023:994.908   Data:  04 00 00 00
T4C88 023:994.936 - 0.077ms returns 0
T4C88 023:994.956 JLINK_ReadMem(0x20000F08, 0x4 Bytes, ...)
T4C88 023:994.978   CPU_ReadMem(4 bytes @ 0x20000F08)
T4C88 023:998.304   Data:  01 00 00 00
T4C88 023:998.378 - 3.423ms returns 0
T4C88 023:998.508 JLINK_ReadMem(0x20000F24, 0x4 Bytes, ...)
T4C88 023:998.558   CPU_ReadMem(4 bytes @ 0x20000F24)
T4C88 024:000.132   Data:  03 00 00 00
T4C88 024:000.246 - 1.738ms returns 0
T4C88 024:000.416 JLINK_ReadMem(0x20000F00, 0x4 Bytes, ...)
T4C88 024:000.480   CPU_ReadMem(4 bytes @ 0x20000F00)
T4C88 024:001.934   Data:  94 09 00 20
T4C88 024:002.040 - 1.625ms returns 0
T4C88 024:002.172 JLINK_ReadMem(0x0001B350, 0x4 Bytes, ...)
T4C88 024:002.214    -- Read from flash cache (4 bytes @ 0x0001B350)
T4C88 024:002.284   Data:  04 00 00 00
T4C88 024:002.328 - 0.156ms returns 0
T4C88 024:002.356 JLINK_ReadMem(0x20000F08, 0x4 Bytes, ...)
T4C88 024:002.382   CPU_ReadMem(4 bytes @ 0x20000F08)
T4C88 024:003.770   Data:  01 00 00 00
T4C88 024:003.860 - 1.505ms returns 0
T4C88 024:005.034 JLINK_ReadMem(0x00018D4C, 0x4 Bytes, ...)
T4C88 024:005.122    -- Read from flash cache (4 bytes @ 0x00018D4C)
T4C88 024:005.156   Data:  BF F3 6F 8F
T4C88 024:005.194 - 0.161ms returns 0
T4C88 024:006.682 JLINK_ReadMem(0x20000F24, 0x4 Bytes, ...)
T4C88 024:006.766   CPU_ReadMem(4 bytes @ 0x20000F24)
T4C88 024:009.340   Data:  03 00 00 00
T4C88 024:009.418 - 2.737ms returns 0
T4C88 024:009.548 JLINK_ReadMem(0x20000F00, 0x4 Bytes, ...)
T4C88 024:009.596   CPU_ReadMem(4 bytes @ 0x20000F00)
T4C88 024:011.204   Data:  94 09 00 20
T4C88 024:011.252 - 1.705ms returns 0
T4C88 024:011.334 JLINK_ReadMem(0x0001B350, 0x4 Bytes, ...)
T4C88 024:011.356    -- Read from flash cache (4 bytes @ 0x0001B350)
T4C88 024:011.380   Data:  04 00 00 00
T4C88 024:011.404 - 0.070ms returns 0
T4C88 024:011.424 JLINK_ReadMem(0x20000F08, 0x4 Bytes, ...)
T4C88 024:011.444   CPU_ReadMem(4 bytes @ 0x20000F08)
T4C88 024:013.090   Data:  01 00 00 00
T4C88 024:013.122 - 1.697ms returns 0
T4C88 024:013.212 JLINK_ReadReg(XPSR)
T4C88 024:013.236 - 0.024ms returns 0x01000000
T4C88 024:013.252 JLINK_ReadReg(MSP_S)
T4C88 024:013.272 - 0.018ms returns 0x200003A0
T4C88 024:013.612 JLINK_ReadMem(0x20000F24, 0x4 Bytes, ...)
T4C88 024:013.684   CPU_ReadMem(4 bytes @ 0x20000F24)
T4C88 024:014.944   Data:  03 00 00 00
T4C88 024:014.988 - 1.376ms returns 0
T4C88 024:015.068 JLINK_ReadMem(0x20000F00, 0x4 Bytes, ...)
T4C88 024:015.090   CPU_ReadMem(4 bytes @ 0x20000F00)
T4C88 024:016.724   Data:  94 09 00 20
T4C88 024:016.760 - 1.693ms returns 0
T4C88 024:016.834 JLINK_ReadMem(0x0001B350, 0x4 Bytes, ...)
T4C88 024:016.854    -- Read from flash cache (4 bytes @ 0x0001B350)
T4C88 024:016.878   Data:  04 00 00 00
T4C88 024:016.902 - 0.069ms returns 0
T4C88 024:016.920 JLINK_ReadMem(0x20000F08, 0x4 Bytes, ...)
T4C88 024:016.938   CPU_ReadMem(4 bytes @ 0x20000F08)
T4C88 024:018.634   Data:  01 00 00 00
T4C88 024:018.676 - 1.755ms returns 0
T4C88 024:018.778 JLINK_ReadReg(XPSR)
T4C88 024:018.802 - 0.024ms returns 0x01000000
T4C88 024:018.820 JLINK_ReadReg(MSP_NS)
T4C88 024:018.836 - 0.016ms returns 0x00000000
T4C88 024:019.064 JLINK_ReadMem(0x20000F24, 0x4 Bytes, ...)
T4C88 024:019.102   CPU_ReadMem(4 bytes @ 0x20000F24)
T4C88 024:022.406   Data:  03 00 00 00
T4C88 024:022.456 - 3.392ms returns 0
T4C88 024:022.556 JLINK_ReadMem(0x20000F00, 0x4 Bytes, ...)
T4C88 024:022.580   CPU_ReadMem(4 bytes @ 0x20000F00)
T4C88 024:024.240   Data:  94 09 00 20
T4C88 024:024.302 - 1.746ms returns 0
T4C88 024:024.390 JLINK_ReadMem(0x0001B350, 0x4 Bytes, ...)
T4C88 024:024.428    -- Read from flash cache (4 bytes @ 0x0001B350)
T4C88 024:024.460   Data:  04 00 00 00
T4C88 024:024.492 - 0.100ms returns 0
T4C88 024:024.524 JLINK_ReadMem(0x20000F08, 0x4 Bytes, ...)
T4C88 024:024.544   CPU_ReadMem(4 bytes @ 0x20000F08)
T4C88 024:026.148   Data:  01 00 00 00
T4C88 024:026.188 - 1.665ms returns 0
T4C88 024:026.288 JLINK_ReadReg(XPSR)
T4C88 024:026.312 - 0.024ms returns 0x01000000
T4C88 024:026.330 JLINK_ReadReg(PSP_S)
T4C88 024:026.348 - 0.016ms returns 0x20000BE8
T4C88 024:026.612 JLINK_ReadMem(0x20000F24, 0x4 Bytes, ...)
T4C88 024:026.644   CPU_ReadMem(4 bytes @ 0x20000F24)
T4C88 024:028.004   Data:  03 00 00 00
T4C88 024:028.076 - 1.463ms returns 0
T4C88 024:028.188 JLINK_ReadMem(0x20000F00, 0x4 Bytes, ...)
T4C88 024:028.218   CPU_ReadMem(4 bytes @ 0x20000F00)
T4C88 024:029.934   Data:  94 09 00 20
T4C88 024:030.004 - 1.816ms returns 0
T4C88 024:030.100 JLINK_ReadMem(0x0001B350, 0x4 Bytes, ...)
T4C88 024:030.172    -- Read from flash cache (4 bytes @ 0x0001B350)
T4C88 024:030.204   Data:  04 00 00 00
T4C88 024:030.244 - 0.143ms returns 0
T4C88 024:030.274 JLINK_ReadMem(0x20000F08, 0x4 Bytes, ...)
T4C88 024:030.300   CPU_ReadMem(4 bytes @ 0x20000F08)
T4C88 024:031.838   Data:  01 00 00 00
T4C88 024:031.886 - 1.612ms returns 0
T4C88 024:031.998 JLINK_ReadReg(XPSR)
T4C88 024:032.028 - 0.028ms returns 0x01000000
T4C88 024:032.044 JLINK_ReadReg(PSP_NS)
T4C88 024:032.062 - 0.016ms returns 0xEC4C2BB8
T4C88 024:032.608 JLINK_ReadMem(0x00018DAE, 0x4 Bytes, ...)
T4C88 024:032.652    -- Read from flash cache (4 bytes @ 0x00018DAE)
T4C88 024:032.676   Data:  62 B6 BD E8
T4C88 024:032.700 - 0.093ms returns 0
T4C88 024:032.958 JLINK_ReadMem(0x20000BC0, 0x40 Bytes, ...)
T4C88 024:032.988   CPU_ReadMem(64 bytes @ 0x20000BC0)
T4C88 024:034.786   Data:  CC 0F 00 20 00 0F 00 20 AC 0F 00 20 95 A0 01 00 ...
T4C88 024:034.836 - 1.877ms returns 0
T27FC 024:040.182 JLINK_ReadReg(XPSR)
T27FC 024:040.302 - 0.119ms returns 0x01000000
T27FC 024:040.324 JLINK_ReadReg(R15 (PC))
T27FC 024:040.342 - 0.017ms returns 0x00018D4C
T27FC 024:040.684 JLINK_IsHalted()
T27FC 024:040.756 - 0.071ms returns TRUE
T27FC 024:040.786 JLINK_ReadReg(XPSR)
T27FC 024:040.818 - 0.031ms returns 0x01000000
T27FC 024:040.846 JLINK_ReadReg(R15 (PC))
T27FC 024:040.876 - 0.027ms returns 0x00018D4C
T27FC 024:040.926 JLINK_ReadReg(XPSR)
T27FC 024:040.958 - 0.031ms returns 0x01000000
T27FC 024:040.980 JLINK_ReadReg(XPSR)
T27FC 024:041.004 - 0.023ms returns 0x01000000
T27FC 024:041.028 JLINK_ReadReg(R15 (PC))
T27FC 024:041.108 - 0.078ms returns 0x00018D4C
T27FC 024:041.170 JLINK_ReadReg(XPSR)
T27FC 024:041.204 - 0.033ms returns 0x01000000
T27FC 024:041.236 JLINK_ReadMem(0x00018D4C, 0x1 Bytes, ...)
T27FC 024:041.268    -- Read from flash cache (1 bytes @ 0x00018D4C)
T27FC 024:041.310   Data:  BF
T27FC 024:041.352 - 0.115ms returns 0
T27FC 024:041.380 JLINK_IsHalted()
T27FC 024:041.406 - 0.026ms returns TRUE
T27FC 024:041.444 JLINK_ReadReg(XPSR)
T27FC 024:041.474 - 0.029ms returns 0x01000000
T27FC 024:041.500 JLINK_ReadReg(XPSR)
T27FC 024:041.528 - 0.026ms returns 0x01000000
T27FC 024:041.554 JLINK_ReadReg(R15 (PC))
T27FC 024:041.580 - 0.026ms returns 0x00018D4C
T27FC 024:041.620 JLINK_ReadReg(XPSR)
T27FC 024:041.646 - 0.027ms returns 0x01000000
T27FC 024:041.676 JLINK_ReadMem(0x00018D4C, 0x1 Bytes, ...)
T27FC 024:041.704    -- Read from flash cache (1 bytes @ 0x00018D4C)
T27FC 024:041.746   Data:  BF
T27FC 024:041.788 - 0.111ms returns 0
T27FC 024:042.204 JLINK_ReadMem(0xE0001004, 0x4 Bytes, ...)
T27FC 024:042.248   CPU_ReadMem(4 bytes @ 0xE0001004)
T27FC 024:044.238   Data:  A2 A0 EB 2C
T27FC 024:044.300   Debug reg: DWT_CYCCNT
T27FC 024:044.336 - 2.131ms returns 0
T4C88 024:061.318 JLINK_ReadMem(0x00018D4C, 0x4 Bytes, ...)
T4C88 024:061.396    -- Read from flash cache (4 bytes @ 0x00018D4C)
T4C88 024:061.434   Data:  BF F3 6F 8F
T4C88 024:061.468 - 0.149ms returns 0
T4C88 024:062.164 JLINK_ReadMem(0x00018DAE, 0x4 Bytes, ...)
T4C88 024:062.244    -- Read from flash cache (4 bytes @ 0x00018DAE)
T4C88 024:062.276   Data:  62 B6 BD E8
T4C88 024:062.302 - 0.138ms returns 0
T4C88 024:062.646 JLINK_ReadMem(0x20000BC0, 0x40 Bytes, ...)
T4C88 024:062.708   CPU_ReadMem(64 bytes @ 0x20000BC0)
T4C88 024:065.660   Data:  CC 0F 00 20 00 0F 00 20 AC 0F 00 20 95 A0 01 00 ...
T4C88 024:065.708 - 3.063ms returns 0
T4C88 024:066.188 JLINK_ReadMem(0x0001A780, 0x4 Bytes, ...)
T4C88 024:066.226    -- Read from flash cache (4 bytes @ 0x0001A780)
T4C88 024:066.250   Data:  F2 E7 80 B5
T4C88 024:066.274 - 0.087ms returns 0
T4C88 024:066.572 JLINK_ReadMem(0x0001A780, 0x4 Bytes, ...)
T4C88 024:066.598    -- Read from flash cache (4 bytes @ 0x0001A780)
T4C88 024:066.622   Data:  F2 E7 80 B5
T4C88 024:066.650 - 0.078ms returns 0
T4C88 024:091.788 JLINK_ReadMem(0x20000F24, 0x4 Bytes, ...)
T4C88 024:091.932   CPU_ReadMem(4 bytes @ 0x20000F24)
T4C88 024:093.240   Data:  03 00 00 00
T4C88 024:093.336 - 1.548ms returns 0
T4C88 024:093.482 JLINK_ReadMem(0x20000F00, 0x4 Bytes, ...)
T4C88 024:093.540   CPU_ReadMem(4 bytes @ 0x20000F00)
T4C88 024:095.108   Data:  94 09 00 20
T4C88 024:095.216 - 1.734ms returns 0
T4C88 024:095.354 JLINK_ReadMem(0x0001B350, 0x4 Bytes, ...)
T4C88 024:095.400    -- Read from flash cache (4 bytes @ 0x0001B350)
T4C88 024:095.436   Data:  04 00 00 00
T4C88 024:095.468 - 0.113ms returns 0
T4C88 024:095.488 JLINK_ReadMem(0x20000F08, 0x4 Bytes, ...)
T4C88 024:095.516   CPU_ReadMem(4 bytes @ 0x20000F08)
T4C88 024:097.012   Data:  01 00 00 00
T4C88 024:097.134 - 1.645ms returns 0
T4C88 024:097.332 JLINK_ReadMem(0x20000F24, 0x4 Bytes, ...)
T4C88 024:097.404   CPU_ReadMem(4 bytes @ 0x20000F24)
T4C88 024:098.852   Data:  03 00 00 00
T4C88 024:098.980 - 1.648ms returns 0
T4C88 024:099.136 JLINK_ReadMem(0x20000F00, 0x4 Bytes, ...)
T4C88 024:099.198   CPU_ReadMem(4 bytes @ 0x20000F00)
T4C88 024:102.488   Data:  94 09 00 20
T4C88 024:102.624 - 3.487ms returns 0
T4C88 024:102.812 JLINK_ReadMem(0x0001B350, 0x4 Bytes, ...)
T4C88 024:102.864    -- Read from flash cache (4 bytes @ 0x0001B350)
T4C88 024:102.922   Data:  04 00 00 00
T4C88 024:102.972 - 0.160ms returns 0
T4C88 024:103.068 JLINK_ReadMem(0x20000F08, 0x4 Bytes, ...)
T4C88 024:103.108   CPU_ReadMem(4 bytes @ 0x20000F08)
T4C88 024:104.230   Data:  01 00 00 00
T4C88 024:104.312 - 1.242ms returns 0
T4C88 024:105.252 JLINK_ReadMem(0x20000F24, 0x4 Bytes, ...)
T4C88 024:105.352   CPU_ReadMem(4 bytes @ 0x20000F24)
T4C88 024:107.470   Data:  03 00 00 00
T4C88 024:107.582 - 2.332ms returns 0
T4C88 024:107.760 JLINK_ReadMem(0x20000F00, 0x4 Bytes, ...)
T4C88 024:107.820   CPU_ReadMem(4 bytes @ 0x20000F00)
T4C88 024:109.392   Data:  94 09 00 20
T4C88 024:109.500 - 1.739ms returns 0
T4C88 024:109.618 JLINK_ReadMem(0x0001B350, 0x4 Bytes, ...)
T4C88 024:109.658    -- Read from flash cache (4 bytes @ 0x0001B350)
T4C88 024:109.692   Data:  04 00 00 00
T4C88 024:109.716 - 0.099ms returns 0
T4C88 024:109.738 JLINK_ReadMem(0x20000F08, 0x4 Bytes, ...)
T4C88 024:109.772   CPU_ReadMem(4 bytes @ 0x20000F08)
T4C88 024:111.230   Data:  01 00 00 00
T4C88 024:111.386 - 1.647ms returns 0
T4C88 024:111.510 JLINK_ReadMem(0x20000F24, 0x4 Bytes, ...)
T4C88 024:111.544   CPU_ReadMem(4 bytes @ 0x20000F24)
T4C88 024:114.718   Data:  03 00 00 00
T4C88 024:114.824 - 3.312ms returns 0
T4C88 024:114.986 JLINK_ReadMem(0x20000F00, 0x4 Bytes, ...)
T4C88 024:115.052   CPU_ReadMem(4 bytes @ 0x20000F00)
T4C88 024:116.580   Data:  94 09 00 20
T4C88 024:116.690 - 1.705ms returns 0
T4C88 024:116.824 JLINK_ReadMem(0x0001B350, 0x4 Bytes, ...)
T4C88 024:116.870    -- Read from flash cache (4 bytes @ 0x0001B350)
T4C88 024:116.910   Data:  04 00 00 00
T4C88 024:116.948 - 0.124ms returns 0
T4C88 024:116.978 JLINK_ReadMem(0x20000F08, 0x4 Bytes, ...)
T4C88 024:117.012   CPU_ReadMem(4 bytes @ 0x20000F08)
T4C88 024:118.524   Data:  01 00 00 00
T4C88 024:118.748 - 1.769ms returns 0
T4C88 046:390.404 JLINK_WriteMem(0xE0001004, 0x4 Bytes, ...)
T4C88 046:390.504   Data:  00 00 00 00
T4C88 046:390.552   Debug reg: DWT_CYCCNT
T4C88 046:390.616 - 0.214ms returns 0x4
T4C88 046:390.652 JLINK_ReadMem(0xE0001000, 0x4 Bytes, ...)
T4C88 046:390.684   CPU_ReadMem(4 bytes @ 0xE0001000)
T4C88 046:391.896   Data:  01 00 00 40
T4C88 046:392.008   Debug reg: DWT_CTRL
T4C88 046:392.048 - 1.396ms returns 0
T4C88 046:392.236 JLINK_WriteMem(0xE0001FB0, 0x8 Bytes, ...)
T4C88 046:392.292   Data:  00 00 00 00 55 CE AC C5
T4C88 046:392.356   CPU_WriteMem(8 bytes @ 0xE0001FB0)
T4C88 046:393.944 - 1.705ms returns 0x8
T4C88 046:394.188 JLINK_ReadMem(0xE000EDFC, 0x4 Bytes, ...)
T4C88 046:394.248   Data:  00 00 10 01
T4C88 046:394.356   Debug reg: DEMCR
T4C88 046:394.436 - 0.247ms returns 0
T4C88 046:395.216 JLINK_ReadMem(0xE0001004, 0x4 Bytes, ...)
T4C88 046:395.308   Data:  00 00 00 00
T4C88 046:395.372   Debug reg: DWT_CYCCNT
T4C88 046:395.404 - 0.187ms returns 0
T4C88 046:395.432 JLINK_ResetPullsRESET(ON)
T4C88 046:395.460 - 0.027ms 
T4C88 046:395.492 JLINK_Halt()
T4C88 046:397.564 - 2.073ms returns 0x00
T4C88 046:397.784 JLINK_IsHalted()
T4C88 046:397.828 - 0.043ms returns TRUE
T4C88 046:397.860 JLINK_Reset()
T4C88 046:400.688   Memory map 'before startup completion point' is active
T4C88 046:400.776   ResetTarget() start
T4C88 046:400.816    J-Link Script File: Executing ResetTarget()
T4C88 046:400.864   CPU_ReadMem(4 bytes @ 0xE000ED44)
T4C88 046:401.884   CPU_ReadMem(4 bytes @ 0xE000EE08)
T4C88 046:402.900   CPU_WriteMem(4 bytes @ 0xE000EE08)
T4C88 046:403.832   CPU_ReadMem(4 bytes @ 0xE000EE08)
T4C88 046:404.756   Reset: ARMv8M core with Security Extension enabled detected. Switch to secure domain.
T4C88 046:404.840   Reset: Halt core after reset via DEMCR.VC_CORERESET.
T4C88 046:404.888   CPU_WriteMem(4 bytes @ 0xE000EDF0)
T4C88 046:405.832   CPU_WriteMem(4 bytes @ 0xE000EDFC)
T4C88 046:407.392   Reset: Reset device via AIRCR.SYSRESETREQ.
T4C88 046:407.508   CPU_WriteMem(4 bytes @ 0xE000ED0C)
T4C88 046:460.436   CPU_ReadMem(4 bytes @ 0xE000EDF0)
T4C88 046:461.516   CPU_ReadMem(4 bytes @ 0xE000EDF0)
T4C88 046:462.568   CPU_WriteMem(4 bytes @ 0xE000EDFC)
T4C88 046:463.564   ResetTarget() end - Took 62.7ms
T4C88 046:463.656   Device specific reset executed.
T4C88 046:471.416   CPU_WriteMem(4 bytes @ 0xE0002000)
T4C88 046:472.424   CPU_ReadMem(4 bytes @ 0xE000EDFC)
T4C88 046:473.428   CPU_ReadMem(4 bytes @ 0xE0001000)
T4C88 046:474.320   CPU_ReadMem(4 bytes @ 0xE000EE08)
T4C88 046:475.620 - 77.760ms 
T4C88 046:475.776 JLINK_SetEndian(ARM_ENDIAN_LITTLE)
T4C88 046:475.816 - 0.040ms returns 0
T4C88 046:475.880 JLINK_WriteMem(0xE0001004, 0x4 Bytes, ...)
T4C88 046:475.912   Data:  00 00 00 00
T4C88 046:475.964   Debug reg: DWT_CYCCNT
T4C88 046:476.036   CPU_ReadMem(4 bytes @ 0xE000EE08)
T4C88 046:477.832 - 1.950ms returns 0x4
T4C88 046:478.032 JLINK_ReadMem(0xE0001000, 0x4 Bytes, ...)
T4C88 046:478.072   CPU_ReadMem(4 bytes @ 0xE0001000)
T4C88 046:478.920   Data:  01 00 00 40
T4C88 046:479.000   Debug reg: DWT_CTRL
T4C88 046:479.040 - 1.008ms returns 0
T4C88 046:479.176 JLINK_WriteMem(0xE0001FB0, 0x8 Bytes, ...)
T4C88 046:479.216   Data:  00 00 00 00 55 CE AC C5
T4C88 046:479.272   CPU_WriteMem(8 bytes @ 0xE0001FB0)
T4C88 046:480.620 - 1.438ms returns 0x8
T4C88 046:480.904 JLINK_ReadMem(0xE000EDFC, 0x4 Bytes, ...)
T4C88 046:480.964   CPU_ReadMem(4 bytes @ 0xE000EDFC)
T4C88 046:481.932   Data:  00 00 10 01
T4C88 046:482.028   Debug reg: DEMCR
T4C88 046:482.072 - 1.172ms returns 0
T4C88 046:482.824 JLINK_ReadMem(0xE0001004, 0x4 Bytes, ...)
T4C88 046:482.892   Data:  00 00 00 00
T4C88 046:482.940   Debug reg: DWT_CYCCNT
T4C88 046:482.984 - 0.157ms returns 0
T4C88 046:483.316 JLINK_BeginDownload(Flags = 0x00000000)
T4C88 046:483.352 - 0.040ms 
T4C88 046:503.552 JLINK_WriteMem(0x00038000, 0xBD0 Bytes, ...)
T4C88 046:503.632   Data:  3D B8 F3 96 00 00 00 00 00 02 00 00 66 41 00 00 ...
T4C88 046:503.688   completely In flash
T4C88 046:503.740 - 0.191ms returns 0xBD0
T4C88 046:504.440 JLINK_WriteMem(0x00038BD0, 0xBD0 Bytes, ...)
T4C88 046:504.504   Data:  01 1D CB F8 00 10 01 68 16 A8 99 E0 16 A8 25 21 ...
T4C88 046:504.564   completely In flash
T4C88 046:504.612 - 0.173ms returns 0xBD0
T4C88 046:505.144 JLINK_WriteMem(0x000397A0, 0xBE0 Bytes, ...)
T4C88 046:505.192   Data:  01 01 4F F0 80 7C 22 F0 01 02 C1 63 6F F0 02 01 ...
T4C88 046:505.228   completely In flash
T4C88 046:505.288 - 0.144ms returns 0xBE0
T4C88 046:505.820 JLINK_WriteMem(0x0003A380, 0xBC0 Bytes, ...)
T4C88 046:505.872   Data:  82 B0 60 B1 0D 46 81 42 09 D8 14 46 00 21 00 22 ...
T4C88 046:505.984   completely In flash
T4C88 046:506.016 - 0.196ms returns 0xBC0
T4C88 046:506.644 JLINK_WriteMem(0x0003AF40, 0xBD0 Bytes, ...)
T4C88 046:506.724   Data:  00 00 00 68 30 B1 41 F2 A0 60 C2 F2 00 00 01 21 ...
T4C88 046:506.776   completely In flash
T4C88 046:506.828 - 0.186ms returns 0xBD0
T4C88 046:507.588 JLINK_WriteMem(0x0003BB10, 0xBE0 Bytes, ...)
T4C88 046:507.656   Data:  53 53 20 3D 3D 20 65 72 72 00 75 63 53 56 43 4E ...
T4C88 046:507.712   completely In flash
T4C88 046:507.764 - 0.176ms returns 0xBE0
T4C88 046:508.500 JLINK_WriteMem(0x0003C6F0, 0xBF0 Bytes, ...)
T4C88 046:508.576   Data:  FF FF FF FF FF FF FF FF FF FF FF FF FF FF FF FF ...
T4C88 046:508.628   completely In flash
T4C88 046:508.672 - 0.173ms returns 0xBF0
T4C88 046:509.428 JLINK_WriteMem(0x0003D2E0, 0xBF0 Bytes, ...)
T4C88 046:509.512   Data:  FF FF FF FF FF FF FF FF FF FF FF FF FF FF FF FF ...
T4C88 046:509.592   completely In flash
T4C88 046:509.656 - 0.230ms returns 0xBF0
T4C88 046:510.520 JLINK_WriteMem(0x0003DED0, 0xBF0 Bytes, ...)
T4C88 046:510.600   Data:  FF FF FF FF FF FF FF FF FF FF FF FF FF FF FF FF ...
T4C88 046:510.664   completely In flash
T4C88 046:510.720 - 0.198ms returns 0xBF0
T4C88 046:511.496 JLINK_WriteMem(0x0003EAC0, 0xBF0 Bytes, ...)
T4C88 046:511.576   Data:  FF FF FF FF FF FF FF FF FF FF FF FF FF FF FF FF ...
T4C88 046:511.628   completely In flash
T4C88 046:511.664 - 0.166ms returns 0xBF0
T4C88 046:512.356 JLINK_WriteMem(0x0003F6B0, 0xBF0 Bytes, ...)
T4C88 046:512.424   Data:  FF FF FF FF FF FF FF FF FF FF FF FF FF FF FF FF ...
T4C88 046:512.496   completely In flash
T4C88 046:512.548 - 0.193ms returns 0xBF0
T4C88 046:513.240 JLINK_WriteMem(0x000402A0, 0xBF0 Bytes, ...)
T4C88 046:513.344   Data:  FF FF FF FF FF FF FF FF FF FF FF FF FF FF FF FF ...
T4C88 046:513.396   completely In flash
T4C88 046:513.436 - 0.196ms returns 0xBF0
T4C88 046:514.268 JLINK_WriteMem(0x00040E90, 0xBF0 Bytes, ...)
T4C88 046:514.376   Data:  FF FF FF FF FF FF FF FF FF FF FF FF FF FF FF FF ...
T4C88 046:514.424   completely In flash
T4C88 046:514.464 - 0.195ms returns 0xBF0
T4C88 046:515.120 JLINK_WriteMem(0x00041A80, 0xBF0 Bytes, ...)
T4C88 046:515.192   Data:  FF FF FF FF FF FF FF FF FF FF FF FF FF FF FF FF ...
T4C88 046:515.256   completely In flash
T4C88 046:515.304 - 0.183ms returns 0xBF0
T4C88 046:515.968 JLINK_WriteMem(0x00042670, 0xBF0 Bytes, ...)
T4C88 046:516.032   Data:  FF FF FF FF FF FF FF FF FF FF FF FF FF FF FF FF ...
T4C88 046:516.084   completely In flash
T4C88 046:516.136 - 0.166ms returns 0xBF0
T4C88 046:516.776 JLINK_WriteMem(0x00043260, 0xBF0 Bytes, ...)
T4C88 046:516.840   Data:  FF FF FF FF FF FF FF FF FF FF FF FF FF FF FF FF ...
T4C88 046:516.888   completely In flash
T4C88 046:516.936 - 0.156ms returns 0xBF0
T4C88 046:517.536 JLINK_WriteMem(0x00043E50, 0xBF0 Bytes, ...)
T4C88 046:517.600   Data:  FF FF FF FF FF FF FF FF FF FF FF FF FF FF FF FF ...
T4C88 046:517.648   completely In flash
T4C88 046:517.680 - 0.143ms returns 0xBF0
T4C88 046:518.292 JLINK_WriteMem(0x00044A40, 0xBF0 Bytes, ...)
T4C88 046:518.364   Data:  FF FF FF FF FF FF FF FF FF FF FF FF FF FF FF FF ...
T4C88 046:518.420   completely In flash
T4C88 046:518.472 - 0.175ms returns 0xBF0
T4C88 046:519.144 JLINK_WriteMem(0x00045630, 0xBF0 Bytes, ...)
T4C88 046:519.192   Data:  FF FF FF FF FF FF FF FF FF FF FF FF FF FF FF FF ...
T4C88 046:519.228   completely In flash
T4C88 046:519.256 - 0.117ms returns 0xBF0
T4C88 046:519.700 JLINK_WriteMem(0x00046220, 0xBF0 Bytes, ...)
T4C88 046:519.752   Data:  FF FF FF FF FF FF FF FF FF FF FF FF FF FF FF FF ...
T4C88 046:519.784   completely In flash
T4C88 046:519.816 - 0.117ms returns 0xBF0
T4C88 046:520.288 JLINK_WriteMem(0x00046E10, 0xBF0 Bytes, ...)
T4C88 046:520.332   Data:  FF FF FF FF FF FF FF FF FF FF FF FF FF FF FF FF ...
T4C88 046:520.372   completely In flash
T4C88 046:520.400 - 0.111ms returns 0xBF0
T4C88 046:520.912 JLINK_WriteMem(0x00047A00, 0xBF0 Bytes, ...)
T4C88 046:520.956   Data:  FF FF FF FF FF FF FF FF FF FF FF FF FF FF FF FF ...
T4C88 046:520.984   completely In flash
T4C88 046:521.016 - 0.103ms returns 0xBF0
T4C88 046:521.532 JLINK_WriteMem(0x000485F0, 0xBF0 Bytes, ...)
T4C88 046:521.584   Data:  FF FF FF FF FF FF FF FF FF FF FF FF FF FF FF FF ...
T4C88 046:521.620   completely In flash
T4C88 046:521.648 - 0.117ms returns 0xBF0
T4C88 046:522.064 JLINK_WriteMem(0x000491E0, 0xBF0 Bytes, ...)
T4C88 046:522.136   Data:  FF FF FF FF FF FF FF FF FF FF FF FF FF FF FF FF ...
T4C88 046:522.176   completely In flash
T4C88 046:522.216 - 0.153ms returns 0xBF0
T4C88 046:522.680 JLINK_WriteMem(0x00049DD0, 0xBF0 Bytes, ...)
T4C88 046:522.728   Data:  FF FF FF FF FF FF FF FF FF FF FF FF FF FF FF FF ...
T4C88 046:522.760   completely In flash
T4C88 046:522.804 - 0.120ms returns 0xBF0
T4C88 046:523.348 JLINK_WriteMem(0x0004A9C0, 0xBF0 Bytes, ...)
T4C88 046:523.408   Data:  FF FF FF FF FF FF FF FF FF FF FF FF FF FF FF FF ...
T4C88 046:523.448   completely In flash
T4C88 046:523.476 - 0.130ms returns 0xBF0
T4C88 046:524.112 JLINK_WriteMem(0x0004B5B0, 0xBF0 Bytes, ...)
T4C88 046:524.184   Data:  FF FF FF FF FF FF FF FF FF FF FF FF FF FF FF FF ...
T4C88 046:524.228   completely In flash
T4C88 046:524.268 - 0.158ms returns 0xBF0
T4C88 046:524.692 JLINK_WriteMem(0x0004C1A0, 0xBF0 Bytes, ...)
T4C88 046:524.740   Data:  FF FF FF FF FF FF FF FF FF FF FF FF FF FF FF FF ...
T4C88 046:524.772   completely In flash
T4C88 046:524.816 - 0.125ms returns 0xBF0
T4C88 046:525.384 JLINK_WriteMem(0x0004CD90, 0xBF0 Bytes, ...)
T4C88 046:525.428   Data:  FF FF FF FF FF FF FF FF FF FF FF FF FF FF FF FF ...
T4C88 046:525.460   completely In flash
T4C88 046:525.488 - 0.107ms returns 0xBF0
T4C88 046:525.892 JLINK_WriteMem(0x0004D980, 0xBF0 Bytes, ...)
T4C88 046:525.940   Data:  FF FF FF FF FF FF FF FF FF FF FF FF FF FF FF FF ...
T4C88 046:525.972   completely In flash
T4C88 046:526.004 - 0.111ms returns 0xBF0
T4C88 046:526.544 JLINK_WriteMem(0x0004E570, 0xBF0 Bytes, ...)
T4C88 046:526.612   Data:  FF FF FF FF FF FF FF FF FF FF FF FF FF FF FF FF ...
T4C88 046:526.664   completely In flash
T4C88 046:526.712 - 0.171ms returns 0xBF0
T4C88 046:527.396 JLINK_WriteMem(0x0004F160, 0xBF0 Bytes, ...)
T4C88 046:527.480   Data:  FF FF FF FF FF FF FF FF FF FF FF FF FF FF FF FF ...
T4C88 046:527.532   completely In flash
T4C88 046:527.584 - 0.189ms returns 0xBF0
T4C88 046:528.208 JLINK_WriteMem(0x0004FD50, 0xBF0 Bytes, ...)
T4C88 046:528.284   Data:  FF FF FF FF FF FF FF FF FF FF FF FF FF FF FF FF ...
T4C88 046:528.340   completely In flash
T4C88 046:528.380 - 0.174ms returns 0xBF0
T4C88 046:528.996 JLINK_WriteMem(0x00050940, 0xBF0 Bytes, ...)
T4C88 046:529.128   Data:  FF FF FF FF FF FF FF FF FF FF FF FF FF FF FF FF ...
T4C88 046:529.180   completely In flash
T4C88 046:529.220 - 0.227ms returns 0xBF0
T4C88 046:529.948 JLINK_WriteMem(0x00051530, 0xBF0 Bytes, ...)
T4C88 046:530.032   Data:  FF FF FF FF FF FF FF FF FF FF FF FF FF FF FF FF ...
T4C88 046:530.104   completely In flash
T4C88 046:530.156 - 0.208ms returns 0xBF0
T4C88 046:530.892 JLINK_WriteMem(0x00052120, 0xBF0 Bytes, ...)
T4C88 046:530.980   Data:  FF FF FF FF FF FF FF FF FF FF FF FF FF FF FF FF ...
T4C88 046:531.048   completely In flash
T4C88 046:531.092 - 0.199ms returns 0xBF0
T4C88 046:531.740 JLINK_WriteMem(0x00052D10, 0xBF0 Bytes, ...)
T4C88 046:531.804   Data:  FF FF FF FF FF FF FF FF FF FF FF FF FF FF FF FF ...
T4C88 046:531.864   completely In flash
T4C88 046:531.916 - 0.177ms returns 0xBF0
T4C88 046:532.632 JLINK_WriteMem(0x00053900, 0xBF0 Bytes, ...)
T4C88 046:532.708   Data:  FF FF FF FF FF FF FF FF FF FF FF FF FF FF FF FF ...
T4C88 046:532.748   completely In flash
T4C88 046:532.792 - 0.160ms returns 0xBF0
T4C88 046:533.452 JLINK_WriteMem(0x000544F0, 0xBF0 Bytes, ...)
T4C88 046:533.512   Data:  FF FF FF FF FF FF FF FF FF FF FF FF FF FF FF FF ...
T4C88 046:533.560   completely In flash
T4C88 046:533.596 - 0.144ms returns 0xBF0
T4C88 046:534.168 JLINK_WriteMem(0x000550E0, 0xBF0 Bytes, ...)
T4C88 046:534.216   Data:  FF FF FF FF FF FF FF FF FF FF FF FF FF FF FF FF ...
T4C88 046:534.248   completely In flash
T4C88 046:534.280 - 0.111ms returns 0xBF0
T4C88 046:534.856 JLINK_WriteMem(0x00055CD0, 0xBF0 Bytes, ...)
T4C88 046:534.940   Data:  FF FF FF FF FF FF FF FF FF FF FF FF FF FF FF FF ...
T4C88 046:534.972   completely In flash
T4C88 046:535.000 - 0.148ms returns 0xBF0
T4C88 046:535.592 JLINK_WriteMem(0x000568C0, 0xBF0 Bytes, ...)
T4C88 046:535.644   Data:  FF FF FF FF FF FF FF FF FF FF FF FF FF FF FF FF ...
T4C88 046:535.680   completely In flash
T4C88 046:535.728 - 0.137ms returns 0xBF0
T4C88 046:536.308 JLINK_WriteMem(0x000574B0, 0xB50 Bytes, ...)
T4C88 046:536.368   Data:  FF FF FF FF FF FF FF FF FF FF FF FF FF FF FF FF ...
T4C88 046:536.424   completely In flash
T4C88 046:536.472 - 0.167ms returns 0xB50
T4C88 046:578.584 JLINK_EndDownload()
T4C88 046:580.688   HandleBeforeFlashProg() start
T4C88 046:580.816    J-Link Script File: Executing HandleBeforeFlashProg()
T4C88 046:580.860   CPU_ReadMem(4 bytes @ 0x40007040)
T4C88 046:581.688   CPU_ReadMem(4 bytes @ 0x40007000)
T4C88 046:582.468   HandleBeforeFlashProg() end - Took 1.65ms
T4C88 046:582.532   CPU_ReadMem(4 bytes @ 0xE000ED90)
T4C88 046:583.424   CPU_ReadMem(4 bytes @ 0xE000ED94)
T4C88 046:584.332    -- --------------------------------------
T4C88 046:584.408    -- Start of determining flash info (Bank @ 0x00000000)
T4C88 046:584.452    -- End of determining flash info
T4C88 046:584.484    -- Start of determining dirty areas in flash cache
T4C88 046:584.556    -- Filling invalid ranges in sector buffer (flash cache) for sector @ 0x00038000 if necessary
T4C88 046:584.596    -- Filling invalid ranges in sector buffer (flash cache) for sector @ 0x00040000 if necessary
T4C88 046:584.640    -- Filling invalid ranges in sector buffer (flash cache) for sector @ 0x00048000 if necessary
T4C88 046:584.672    -- Filling invalid ranges in sector buffer (flash cache) for sector @ 0x00050000 if necessary
T4C88 046:584.856    -- End of determining dirty areas
T4C88 046:584.888    -- Start of preparing flash programming
T4C88 046:584.920    -- Preparing RAMCode
T4C88 046:584.948    -- Calculating RAM usage
T4C88 046:584.976    -- RAM usage = 12144 Bytes
T4C88 046:585.008    -- Preserving CPU registers
T4C88 046:585.076    -- Preparing memory
T4C88 046:585.108    -- Determining CPU clock frequency
T4C88 046:648.428    -- CPU frequency = 2072 kHz
T4C88 046:648.548    -- Preparing target
T4C88 046:648.592    -- Preserving target RAM temporarily used for programming
T4C88 046:794.724    -- Downloading RAMCode
T4C88 046:849.096    -- Initializing RAMCode (InitType: 3 = Verify)
T4C88 046:849.228    -- Executing Init(3)
T4C88 046:872.456    -- End of preparing flash programming
T4C88 046:876.644   
  ***** Warning: 
T4C88 046:876.740   CPU is running at low speed (2072 kHz).
T4C88 046:876.784    -- CPU is running at 2072 kHz.
T4C88 046:876.828    -- Start of comparing flash
T4C88 046:876.872    -- CRC check was estimated as fastest method
T4C88 046:893.708    -- Comparing range 0x38000 - 0x3FFFF (1 Sector, 32 KB), using single-block CRC calculation
T4C88 046:917.716    -- CRC does not match for sector 13
T4C88 046:918.292    -- Comparing range 0x40000 - 0x47FFF (1 Sector, 32 KB), using single-block CRC calculation
T4C88 046:941.176    -- CRC matches
T4C88 046:941.576    -- Comparing range 0x48000 - 0x4FFFF (1 Sector, 32 KB), using single-block CRC calculation
T4C88 046:964.160    -- CRC matches
T4C88 046:964.736    -- Comparing range 0x50000 - 0x57FFF (1 Sector, 32 KB), using single-block CRC calculation
T4C88 046:988.384    -- CRC does not match for sector 16
T4C88 046:988.920    -- Comparing range 0x40000 - 0x47FFF (1 Sector, 32 KB), using alternative single-block CRC calculation
T4C88 047:011.020    -- CRC matches
T4C88 047:011.712    -- Comparing range 0x48000 - 0x4FFFF (1 Sector, 32 KB), using alternative single-block CRC calculation
T4C88 047:034.076    -- CRC matches
T4C88 047:034.212    -- End of comparing flash
T4C88 047:034.264    -- Start of erasing sectors
T4C88 047:034.316    -- Erasing range 0x00038000 - 0x0003FFFF (  1 Sector, 32 KB)
T4C88 047:034.372    -- Initializing RAMCode (InitType: 1 = Erase)
T4C88 047:034.424    -- Executing UnInit()
T4C88 047:044.964    -- Executing Init(1)
T4C88 047:063.388    -- Erasing range 0x00050000 - 0x00057FFF (  1 Sector, 32 KB)
T4C88 047:071.880    -- End of erasing sectors
T4C88 047:071.992    -- Start of flash programming
T4C88 047:072.056    -- Programming range 0x00038000 - 0x0003FFFF (  1 Sector, 32 KB)
T4C88 047:075.212    -- Initializing RAMCode (InitType: 2 = Program)
T4C88 047:075.320    -- Executing UnInit()
T4C88 047:087.320    -- Executing Init(2)
T4C88 047:253.980    -- Programming range 0x00050000 - 0x00057FFF (  1 Sector, 32 KB)
T4C88 047:313.112    -- End of flash programming
T4C88 047:313.256    -- 0x38000 - 0x3FFFF (  1 Sector, 32 KB)
T4C88 047:313.312    -- 0x50000 - 0x57FFF (  1 Sector, 32 KB)
T4C88 047:313.368    -- Start of verifying flash
T4C88 047:313.424    -- Checksum calculation was estimated as fastest method
T4C88 047:313.492    -- Checksum is not supported by this flash bank. Switched to read back method.
T4C88 047:313.560    -- Initializing RAMCode (InitType: 3 = Verify)
T4C88 047:313.632    -- Executing UnInit()
T4C88 047:345.000    -- Executing Init(3)
T4C88 047:380.344    -- Checksum calculation was estimated as fastest method
T4C88 047:380.480    -- Checksum is not supported by this flash bank. Switched to read back method.
T4C88 047:405.708    -- End of verifying flash
T4C88 047:405.856    -- Start of restoring
T4C88 047:405.912    -- Executing UnInit()
T4C88 047:416.136    -- Restoring target memory
T4C88 047:540.324    -- Restoring CPU registers
T4C88 047:541.480    -- End of restoring
T4C88 047:541.536    -- Bank 1 @ 0x00000000: 2 ranges affected (65536 bytes)
T4C88 047:541.576    -- Total: 0.956s (Prepare: 0.291s, Compare: 0.157s, Erase: 0.037s, Program: 0.259s, Verify: 0.073s, Restore: 0.135s)
T4C88 047:541.616    -- Program & Verify speed: 191 KB/s
T4C88 047:563.880   HandleAfterFlashProg() start
T4C88 047:564.016    J-Link Script File: Executing HandleAfterFlashProg()
T4C88 047:564.056   HandleAfterFlashProg() end - Took 37us
T4C88 047:565.212 - 986.626ms returns 65536 (0x10000)
T4C88 047:566.544 JLINK_WriteMem(0x20000F24, 0x4 Bytes, ...)
T4C88 047:566.656   Data:  00 00 00 00
T4C88 047:566.768   CPU_WriteMem(4 bytes @ 0x20000F24)
T4C88 047:568.120 - 1.571ms returns 0x4
T4C88 047:568.400 JLINK_ReadMem(0x20000F24, 0x4 Bytes, ...)
T4C88 047:568.472   CPU_ReadMem(4 bytes @ 0x20000F24)
T4C88 047:569.784   Data:  00 00 00 00
T4C88 047:569.904 - 1.501ms returns 0
T4C88 047:570.028 JLINK_ReadMem(0x20000F00, 0x4 Bytes, ...)
T4C88 047:570.076   CPU_ReadMem(4 bytes @ 0x20000F00)
T4C88 047:571.884   Data:  94 09 00 20
T4C88 047:572.016 - 1.989ms returns 0
T4C88 047:572.184 JLINK_ReadMem(0x0001B350, 0x4 Bytes, ...)
T4C88 047:572.244    -- Read from flash cache (4 bytes @ 0x0001B350)
T4C88 047:572.304   Data:  04 00 00 00
T4C88 047:572.344 - 0.163ms returns 0
T4C88 050:297.976 JLINK_ReadMem(0x20000F24, 0x4 Bytes, ...)
T4C88 050:298.104   CPU_ReadMem(4 bytes @ 0x20000F24)
T4C88 050:299.144   Data:  00 00 00 00
T4C88 050:299.244 - 1.270ms returns 0
T4C88 050:299.384 JLINK_ReadMem(0x20000F00, 0x4 Bytes, ...)
T4C88 050:299.428   CPU_ReadMem(4 bytes @ 0x20000F00)
T4C88 050:300.328   Data:  94 09 00 20
T4C88 050:300.440 - 1.056ms returns 0
T4C88 050:300.580 JLINK_ReadMem(0x0001B350, 0x4 Bytes, ...)
T4C88 050:300.616    -- Read from flash cache (4 bytes @ 0x0001B350)
T4C88 050:300.668   Data:  04 00 00 00
T4C88 050:300.720 - 0.141ms returns 0
T4C88 050:301.276 JLINK_ReadMem(0xE0001004, 0x4 Bytes, ...)
T4C88 050:301.344   CPU_ReadMem(4 bytes @ 0xE0001004)
T4C88 050:302.296   Data:  78 F9 DF 02
T4C88 050:302.372   Debug reg: DWT_CYCCNT
T4C88 050:302.404 - 1.125ms returns 0
T4C88 050:302.520 JLINK_IsHalted()
T4C88 050:303.328 - 0.804ms returns TRUE
T4C88 050:303.800 JLINK_ReadMem(0xE0001004, 0x4 Bytes, ...)
T4C88 050:303.848   Data:  78 F9 DF 02
T4C88 050:303.892   Debug reg: DWT_CYCCNT
T4C88 050:303.928 - 0.128ms returns 0
T4C88 050:303.956 JLINK_GoEx(MaxEmulInsts = 0, Flags = 0x01)
T4C88 050:304.004   CPU_ReadMem(4 bytes @ 0xE0001000)
T4C88 050:312.312   Memory map 'after startup completion point' is active
T4C88 050:312.420 - 8.463ms 
T4C88 050:415.704 JLINK_IsHalted()
T4C88 050:417.476 - 1.769ms returns FALSE
T4C88 050:417.576 JLINK_IsHalted()
T4C88 050:418.340 - 0.759ms returns FALSE
T4C88 050:524.792 JLINK_IsHalted()
T4C88 050:525.712 - 0.917ms returns FALSE
T4C88 050:525.860 JLINK_IsHalted()
T4C88 050:526.712 - 0.850ms returns FALSE
T4C88 050:634.040 JLINK_IsHalted()
T4C88 050:634.840 - 0.797ms returns FALSE
T4C88 050:634.928 JLINK_IsHalted()
T4C88 050:635.648 - 0.718ms returns FALSE
T4C88 050:743.196 JLINK_IsHalted()
T4C88 050:744.048 - 0.851ms returns FALSE
T4C88 050:744.128 JLINK_IsHalted()
T4C88 050:744.888 - 0.761ms returns FALSE
T4C88 050:853.060 JLINK_IsHalted()
T4C88 050:853.916 - 0.857ms returns FALSE
T4C88 050:854.056 JLINK_IsHalted()
T4C88 050:854.816 - 0.761ms returns FALSE
T4C88 050:961.780 JLINK_IsHalted()
T4C88 050:962.616 - 0.832ms returns FALSE
T4C88 050:962.712 JLINK_IsHalted()
T4C88 050:963.356 - 0.641ms returns FALSE
T4C88 051:071.372 JLINK_IsHalted()
T4C88 051:072.200 - 0.825ms returns FALSE
T4C88 051:072.284 JLINK_IsHalted()
T4C88 051:073.084 - 0.799ms returns FALSE
T4C88 051:181.052 JLINK_IsHalted()
T4C88 051:181.992 - 0.942ms returns FALSE
T4C88 051:182.096 JLINK_IsHalted()
T4C88 051:182.872 - 0.778ms returns FALSE
T4C88 051:290.372 JLINK_IsHalted()
T4C88 051:291.304 - 0.931ms returns FALSE
T4C88 051:291.440 JLINK_IsHalted()
T4C88 051:292.308 - 0.866ms returns FALSE
T27FC 051:300.744 JLINK_IsHalted()
T27FC 051:301.640 - 0.893ms returns FALSE
T27FC 051:301.732 JLINK_IsHalted()
T27FC 051:302.444 - 0.711ms returns FALSE
T4C88 051:399.408 JLINK_IsHalted()
T4C88 051:401.144 - 1.737ms returns FALSE
T4C88 051:401.276 JLINK_IsHalted()
T4C88 051:402.008 - 0.731ms returns FALSE
T4C88 051:508.568 JLINK_IsHalted()
T4C88 051:509.656 - 1.084ms returns FALSE
T4C88 051:509.928 JLINK_IsHalted()
T4C88 051:511.464 - 1.535ms returns FALSE
T4C88 051:618.072 JLINK_IsHalted()
T4C88 051:619.416 - 1.342ms returns FALSE
T4C88 051:619.652 JLINK_IsHalted()
T4C88 051:621.644 - 1.986ms returns FALSE
T4C88 051:728.168 JLINK_IsHalted()
T4C88 051:729.068 - 0.901ms returns FALSE
T4C88 051:729.232 JLINK_IsHalted()
T4C88 051:730.016 - 0.782ms returns FALSE
T4C88 051:836.824 JLINK_IsHalted()
T4C88 051:838.524 - 1.703ms returns FALSE
T4C88 051:838.636 JLINK_IsHalted()
T4C88 051:839.408 - 0.769ms returns FALSE
T4C88 051:946.920 JLINK_IsHalted()
T4C88 051:948.040 - 1.121ms returns FALSE
T4C88 051:948.236 JLINK_IsHalted()
T4C88 051:949.240 - 1.003ms returns FALSE
T4C88 052:055.892 JLINK_IsHalted()
T4C88 052:056.884 - 0.989ms returns FALSE
T4C88 052:057.048 JLINK_IsHalted()
T4C88 052:057.880 - 0.827ms returns FALSE
T4C88 052:165.528 JLINK_IsHalted()
T4C88 052:166.652 - 1.120ms returns FALSE
T4C88 052:166.792 JLINK_IsHalted()
T4C88 052:167.668 - 0.873ms returns FALSE
T4C88 052:274.840 JLINK_IsHalted()
T4C88 052:275.888 - 1.049ms returns FALSE
T4C88 052:276.024 JLINK_IsHalted()
T4C88 052:276.824 - 0.800ms returns FALSE
T27FC 052:303.692 JLINK_IsHalted()
T27FC 052:305.456 - 1.760ms returns FALSE
T27FC 052:305.592 JLINK_IsHalted()
T27FC 052:306.440 - 0.846ms returns FALSE
T4C88 052:384.760 JLINK_IsHalted()
T4C88 052:386.456 - 1.693ms returns FALSE
T4C88 052:386.628 JLINK_IsHalted()
T4C88 052:387.388 - 0.761ms returns FALSE
T4C88 052:493.276 JLINK_IsHalted()
T4C88 052:494.464 - 1.186ms returns FALSE
T4C88 052:494.716 JLINK_IsHalted()
T4C88 052:495.640 - 0.924ms returns FALSE
T4C88 052:603.180 JLINK_IsHalted()
T4C88 052:604.072 - 0.889ms returns FALSE
T4C88 052:604.216 JLINK_IsHalted()
T4C88 052:604.996 - 0.781ms returns FALSE
T4C88 052:711.740 JLINK_IsHalted()
T4C88 052:712.792 - 1.050ms returns FALSE
T4C88 052:712.956 JLINK_IsHalted()
T4C88 052:713.860 - 0.900ms returns FALSE
T4C88 052:821.168 JLINK_IsHalted()
T4C88 052:822.228 - 1.055ms returns FALSE
T4C88 052:822.444 JLINK_IsHalted()
T4C88 052:823.428 - 0.980ms returns FALSE
T4C88 052:930.424 JLINK_IsHalted()
T4C88 052:931.436 - 1.003ms returns FALSE
T4C88 052:931.592 JLINK_IsHalted()
T4C88 052:932.576 - 0.983ms returns FALSE
T4C88 053:040.676 JLINK_IsHalted()
T4C88 053:041.592 - 0.914ms returns FALSE
T4C88 053:041.992 JLINK_IsHalted()
T4C88 053:042.904 - 0.912ms returns FALSE
T4C88 053:149.188 JLINK_IsHalted()
T4C88 053:150.076 - 0.891ms returns FALSE
T4C88 053:150.228 JLINK_IsHalted()
T4C88 053:150.952 - 0.726ms returns FALSE
T4C88 053:259.160 JLINK_IsHalted()
T4C88 053:260.080 - 0.921ms returns FALSE
T4C88 053:260.248 JLINK_IsHalted()
T4C88 053:260.976 - 0.731ms returns FALSE
T27FC 053:307.208 JLINK_IsHalted()
T27FC 053:308.164 - 0.938ms returns FALSE
T27FC 053:308.364 JLINK_IsHalted()
T27FC 053:309.340 - 0.975ms returns FALSE
T4C88 053:368.368 JLINK_IsHalted()
T4C88 053:369.536 - 1.165ms returns FALSE
T4C88 053:369.696 JLINK_IsHalted()
T4C88 053:370.612 - 0.914ms returns FALSE
T4C88 053:477.972 JLINK_IsHalted()
T4C88 053:479.540 - 1.567ms returns FALSE
T4C88 053:479.672 JLINK_IsHalted()
T4C88 053:480.460 - 0.789ms returns FALSE
T4C88 053:586.812 JLINK_IsHalted()
T4C88 053:587.968 - 1.155ms returns FALSE
T4C88 053:588.116 JLINK_IsHalted()
T4C88 053:589.064 - 0.946ms returns FALSE
T4C88 053:696.064 JLINK_IsHalted()
T4C88 053:697.320 - 1.256ms returns FALSE
T4C88 053:697.460 JLINK_IsHalted()
T4C88 053:698.344 - 0.880ms returns FALSE
T4C88 053:806.336 JLINK_IsHalted()
T4C88 053:807.340 - 0.988ms returns FALSE
T4C88 053:807.512 JLINK_IsHalted()
T4C88 053:808.544 - 1.029ms returns FALSE
T4C88 053:914.764 JLINK_IsHalted()
T4C88 053:915.720 - 0.953ms returns FALSE
T4C88 053:915.884 JLINK_IsHalted()
T4C88 053:916.564 - 0.678ms returns FALSE
T4C88 054:024.564 JLINK_IsHalted()
T4C88 054:025.612 - 1.046ms returns FALSE
T4C88 054:025.728 JLINK_IsHalted()
T4C88 054:026.508 - 0.782ms returns FALSE
T4C88 054:133.928 JLINK_IsHalted()
T4C88 054:134.924 - 0.996ms returns FALSE
T4C88 054:135.048 JLINK_IsHalted()
T4C88 054:135.992 - 0.943ms returns FALSE
T4C88 054:243.316 JLINK_IsHalted()
T4C88 054:244.424 - 1.107ms returns FALSE
T4C88 054:244.588 JLINK_IsHalted()
T4C88 054:245.400 - 0.814ms returns FALSE
T27FC 054:310.936 JLINK_IsHalted()
T27FC 054:311.880 - 0.939ms returns FALSE
T27FC 054:311.992 JLINK_IsHalted()
T27FC 054:312.744 - 0.746ms returns FALSE
T4C88 054:352.628 JLINK_IsHalted()
T4C88 054:353.688 - 1.058ms returns FALSE
T4C88 054:353.816 JLINK_IsHalted()
T4C88 054:354.772 - 0.952ms returns FALSE
T4C88 054:462.424 JLINK_IsHalted()
T4C88 054:463.340 - 0.916ms returns FALSE
T4C88 054:463.528 JLINK_IsHalted()
T4C88 054:464.296 - 0.767ms returns FALSE
T4C88 054:571.380 JLINK_IsHalted()
T4C88 054:572.360 - 0.973ms returns FALSE
T4C88 054:572.480 JLINK_IsHalted()
T4C88 054:573.356 - 0.871ms returns FALSE
T4C88 054:680.628 JLINK_IsHalted()
T4C88 054:681.576 - 0.946ms returns FALSE
T4C88 054:681.704 JLINK_IsHalted()
T4C88 054:682.516 - 0.810ms returns FALSE
T4C88 054:789.812 JLINK_IsHalted()
T4C88 054:790.816 - 1.005ms returns FALSE
T4C88 054:790.964 JLINK_IsHalted()
T4C88 054:791.680 - 0.717ms returns FALSE
T4C88 054:899.432 JLINK_IsHalted()
T4C88 054:900.392 - 0.959ms returns FALSE
T4C88 054:900.536 JLINK_IsHalted()
T4C88 054:901.344 - 0.808ms returns FALSE
T4C88 055:008.608 JLINK_IsHalted()
T4C88 055:009.544 - 0.936ms returns FALSE
T4C88 055:009.716 JLINK_IsHalted()
T4C88 055:011.624 - 1.900ms returns FALSE
T4C88 055:118.056 JLINK_IsHalted()
T4C88 055:119.080 - 1.027ms returns FALSE
T4C88 055:119.244 JLINK_IsHalted()
T4C88 055:120.020 - 0.774ms returns FALSE
T4C88 055:227.340 JLINK_IsHalted()
T4C88 055:228.448 - 1.106ms returns FALSE
T4C88 055:228.616 JLINK_IsHalted()
T4C88 055:229.420 - 0.806ms returns FALSE
T27FC 055:313.056 JLINK_IsHalted()
T27FC 055:314.004 - 0.945ms returns FALSE
T27FC 055:314.164 JLINK_IsHalted()
T27FC 055:314.956 - 0.790ms returns FALSE
T4C88 055:336.672 JLINK_IsHalted()
T4C88 055:337.652 - 0.973ms returns FALSE
T4C88 055:337.800 JLINK_IsHalted()
T4C88 055:339.496 - 1.693ms returns FALSE
T4C88 055:446.240 JLINK_IsHalted()
T4C88 055:447.328 - 1.088ms returns FALSE
T4C88 055:447.508 JLINK_IsHalted()
T4C88 055:448.372 - 0.865ms returns FALSE
T4C88 055:555.488 JLINK_IsHalted()
T4C88 055:556.608 - 1.115ms returns FALSE
T4C88 055:556.780 JLINK_IsHalted()
T4C88 055:557.592 - 0.810ms returns FALSE
T4C88 055:665.592 JLINK_IsHalted()
T4C88 055:667.496 - 1.902ms returns FALSE
T4C88 055:667.636 JLINK_IsHalted()
T4C88 055:668.504 - 0.869ms returns FALSE
T4C88 055:775.104 JLINK_IsHalted()
T4C88 055:776.184 - 1.080ms returns FALSE
T4C88 055:776.360 JLINK_IsHalted()
T4C88 055:777.128 - 0.772ms returns FALSE
T4C88 055:884.568 JLINK_IsHalted()
T4C88 055:885.600 - 1.032ms returns FALSE
T4C88 055:885.780 JLINK_IsHalted()
T4C88 055:886.604 - 0.822ms returns FALSE
T4C88 055:993.032 JLINK_IsHalted()
T4C88 055:994.164 - 1.132ms returns FALSE
T4C88 055:994.316 JLINK_IsHalted()
T4C88 055:995.208 - 0.884ms returns FALSE
T4C88 056:102.720 JLINK_IsHalted()
T4C88 056:103.720 - 0.994ms returns FALSE
T4C88 056:103.840 JLINK_IsHalted()
T4C88 056:104.640 - 0.802ms returns FALSE
T4C88 056:212.428 JLINK_IsHalted()
T4C88 056:213.432 - 1.003ms returns FALSE
T4C88 056:213.512 JLINK_IsHalted()
T4C88 056:215.148 - 1.636ms returns FALSE
T27FC 056:316.120 JLINK_IsHalted()
T27FC 056:317.480 - 1.357ms returns FALSE
T27FC 056:317.592 JLINK_IsHalted()
T27FC 056:318.392 - 0.799ms returns FALSE
T4C88 056:321.836 JLINK_IsHalted()
T4C88 056:322.584 - 0.749ms returns FALSE
T4C88 056:322.700 JLINK_IsHalted()
T4C88 056:323.448 - 0.748ms returns FALSE
T4C88 056:430.440 JLINK_IsHalted()
T4C88 056:431.424 - 0.985ms returns FALSE
T4C88 056:431.564 JLINK_IsHalted()
T4C88 056:432.236 - 0.668ms returns FALSE
T4C88 056:540.104 JLINK_IsHalted()
T4C88 056:541.804 - 1.702ms returns FALSE
T4C88 056:541.940 JLINK_IsHalted()
T4C88 056:542.676 - 0.738ms returns FALSE
T4C88 056:649.364 JLINK_IsHalted()
T4C88 056:650.380 - 1.018ms returns FALSE
T4C88 056:650.536 JLINK_IsHalted()
T4C88 056:651.380 - 0.840ms returns FALSE
T4C88 056:758.636 JLINK_IsHalted()
T4C88 056:759.572 - 0.930ms returns FALSE
T4C88 056:759.736 JLINK_IsHalted()
T4C88 056:760.460 - 0.722ms returns FALSE
T4C88 056:868.184 JLINK_IsHalted()
T4C88 056:869.228 - 1.044ms returns FALSE
T4C88 056:869.388 JLINK_IsHalted()
T4C88 056:870.280 - 0.888ms returns FALSE
T4C88 056:978.024 JLINK_IsHalted()
T4C88 056:979.020 - 0.997ms returns FALSE
T4C88 056:979.156 JLINK_IsHalted()
T4C88 056:980.104 - 0.942ms returns FALSE
T4C88 057:087.040 JLINK_IsHalted()
T4C88 057:088.056 - 1.018ms returns FALSE
T4C88 057:088.216 JLINK_IsHalted()
T4C88 057:089.128 - 0.912ms returns FALSE
T4C88 057:196.556 JLINK_IsHalted()
T4C88 057:198.232 - 1.678ms returns FALSE
T4C88 057:198.380 JLINK_IsHalted()
T4C88 057:199.256 - 0.876ms returns FALSE
T4C88 057:306.028 JLINK_IsHalted()
T4C88 057:307.008 - 0.978ms returns FALSE
T4C88 057:307.136 JLINK_IsHalted()
T4C88 057:307.988 - 0.851ms returns FALSE
T27FC 057:318.376 JLINK_IsHalted()
T27FC 057:319.336 - 0.959ms returns FALSE
T27FC 057:319.488 JLINK_IsHalted()
T27FC 057:320.308 - 0.819ms returns FALSE
T4C88 057:415.640 JLINK_IsHalted()
T4C88 057:416.632 - 0.986ms returns FALSE
T4C88 057:416.744 JLINK_IsHalted()
T4C88 057:417.516 - 0.768ms returns FALSE
T4C88 057:524.936 JLINK_IsHalted()
T4C88 057:525.928 - 0.991ms returns FALSE
T4C88 057:526.060 JLINK_IsHalted()
T4C88 057:526.932 - 0.864ms returns FALSE
T4C88 057:634.508 JLINK_IsHalted()
T4C88 057:635.468 - 0.957ms returns FALSE
T4C88 057:635.616 JLINK_IsHalted()
T4C88 057:636.512 - 0.897ms returns FALSE
T4C88 057:743.496 JLINK_IsHalted()
T4C88 057:744.600 - 1.104ms returns FALSE
T4C88 057:744.792 JLINK_IsHalted()
T4C88 057:745.576 - 0.776ms returns FALSE
T4C88 057:853.080 JLINK_IsHalted()
T4C88 057:853.992 - 0.905ms returns FALSE
T4C88 057:854.152 JLINK_IsHalted()
T4C88 057:854.976 - 0.821ms returns FALSE
T4C88 057:962.036 JLINK_IsHalted()
T4C88 057:962.936 - 0.904ms returns FALSE
T4C88 057:963.104 JLINK_IsHalted()
T4C88 057:963.828 - 0.723ms returns FALSE
T4C88 058:071.992 JLINK_IsHalted()
T4C88 058:072.936 - 0.941ms returns FALSE
T4C88 058:073.108 JLINK_IsHalted()
T4C88 058:073.896 - 0.790ms returns FALSE
T4C88 058:181.336 JLINK_IsHalted()
T4C88 058:182.520 - 1.183ms returns FALSE
T4C88 058:182.696 JLINK_IsHalted()
T4C88 058:184.232 - 1.540ms returns FALSE
T4C88 058:290.760 JLINK_IsHalted()
T4C88 058:291.796 - 1.032ms returns FALSE
T4C88 058:292.032 JLINK_IsHalted()
T4C88 058:292.916 - 0.881ms returns FALSE
T27FC 058:321.260 JLINK_IsHalted()
T27FC 058:322.580 - 1.313ms returns FALSE
T27FC 058:322.744 JLINK_IsHalted()
T27FC 058:323.552 - 0.807ms returns FALSE
T4C88 058:399.496 JLINK_IsHalted()
T4C88 058:400.500 - 0.998ms returns FALSE
T4C88 058:400.660 JLINK_IsHalted()
T4C88 058:401.512 - 0.848ms returns FALSE
T4C88 058:509.004 JLINK_IsHalted()
T4C88 058:510.004 - 1.000ms returns FALSE
T4C88 058:510.176 JLINK_IsHalted()
T4C88 058:510.984 - 0.811ms returns FALSE
T4C88 058:618.380 JLINK_IsHalted()
T4C88 058:619.688 - 1.303ms returns FALSE
T4C88 058:619.832 JLINK_IsHalted()
T4C88 058:620.672 - 0.835ms returns FALSE
T4C88 058:727.520 JLINK_IsHalted()
T4C88 058:728.416 - 0.894ms returns FALSE
T4C88 058:728.584 JLINK_IsHalted()
T4C88 058:729.416 - 0.832ms returns FALSE
T4C88 058:837.268 JLINK_IsHalted()
T4C88 058:838.304 - 1.035ms returns FALSE
T4C88 058:838.484 JLINK_IsHalted()
T4C88 058:839.416 - 0.930ms returns FALSE
T4C88 058:946.892 JLINK_IsHalted()
T4C88 058:947.872 - 0.979ms returns FALSE
T4C88 058:948.064 JLINK_IsHalted()
T4C88 058:948.884 - 0.819ms returns FALSE
T4C88 059:056.396 JLINK_IsHalted()
T4C88 059:057.420 - 1.021ms returns FALSE
T4C88 059:057.544 JLINK_IsHalted()
T4C88 059:058.272 - 0.732ms returns FALSE
T4C88 059:165.320 JLINK_IsHalted()
T4C88 059:166.368 - 1.045ms returns FALSE
T4C88 059:166.568 JLINK_IsHalted()
T4C88 059:168.328 - 1.764ms returns FALSE
T4C88 059:275.040 JLINK_IsHalted()
T4C88 059:276.008 - 0.962ms returns FALSE
T4C88 059:276.152 JLINK_IsHalted()
T4C88 059:277.032 - 0.876ms returns FALSE
T27FC 059:324.640 JLINK_IsHalted()
T27FC 059:325.976 - 1.336ms returns FALSE
T27FC 059:326.112 JLINK_IsHalted()
T27FC 059:326.932 - 0.824ms returns FALSE
T4C88 059:384.024 JLINK_IsHalted()
T4C88 059:385.096 - 1.065ms returns FALSE
T4C88 059:385.236 JLINK_IsHalted()
T4C88 059:386.004 - 0.770ms returns FALSE
T4C88 059:493.760 JLINK_IsHalted()
T4C88 059:494.708 - 0.943ms returns FALSE
T4C88 059:494.900 JLINK_IsHalted()
T4C88 059:496.736 - 1.831ms returns FALSE
T4C88 059:602.712 JLINK_IsHalted()
T4C88 059:603.776 - 1.056ms returns FALSE
T4C88 059:603.980 JLINK_IsHalted()
T4C88 059:604.904 - 0.921ms returns FALSE
T4C88 059:712.248 JLINK_IsHalted()
T4C88 059:713.320 - 1.064ms returns FALSE
T4C88 059:713.460 JLINK_IsHalted()
T4C88 059:714.260 - 0.798ms returns FALSE
T4C88 059:821.612 JLINK_IsHalted()
T4C88 059:822.548 - 0.934ms returns FALSE
T4C88 059:822.740 JLINK_IsHalted()
T4C88 059:823.608 - 0.871ms returns FALSE
T4C88 059:931.340 JLINK_IsHalted()
T4C88 059:932.364 - 1.023ms returns FALSE
T4C88 059:932.536 JLINK_IsHalted()
T4C88 059:933.352 - 0.808ms returns FALSE
T4C88 060:040.180 JLINK_IsHalted()
T4C88 060:041.336 - 1.157ms returns FALSE
T4C88 060:041.484 JLINK_IsHalted()
T4C88 060:043.296 - 1.809ms returns FALSE
T4C88 060:149.192 JLINK_IsHalted()
T4C88 060:150.200 - 1.004ms returns FALSE
T4C88 060:150.376 JLINK_IsHalted()
T4C88 060:151.212 - 0.837ms returns FALSE
T4C88 060:258.880 JLINK_IsHalted()
T4C88 060:259.976 - 1.092ms returns FALSE
T4C88 060:260.140 JLINK_IsHalted()
T4C88 060:261.108 - 0.959ms returns FALSE
T27FC 060:326.984 JLINK_IsHalted()
T27FC 060:327.852 - 0.866ms returns FALSE
T27FC 060:328.012 JLINK_IsHalted()
T27FC 060:328.808 - 0.790ms returns FALSE
T4C88 060:368.152 JLINK_IsHalted()
T4C88 060:369.176 - 1.021ms returns FALSE
T4C88 060:369.304 JLINK_IsHalted()
T4C88 060:370.156 - 0.846ms returns FALSE
T4C88 060:478.040 JLINK_IsHalted()
T4C88 060:479.064 - 1.023ms returns FALSE
T4C88 060:479.208 JLINK_IsHalted()
T4C88 060:480.052 - 0.840ms returns FALSE
T4C88 060:587.264 JLINK_IsHalted()
T4C88 060:588.180 - 0.914ms returns FALSE
T4C88 060:588.364 JLINK_IsHalted()
T4C88 060:589.236 - 0.874ms returns FALSE
T4C88 060:696.600 JLINK_IsHalted()
T4C88 060:697.624 - 1.021ms returns FALSE
T4C88 060:697.792 JLINK_IsHalted()
T4C88 060:698.540 - 0.754ms returns FALSE
T4C88 060:806.060 JLINK_IsHalted()
T4C88 060:807.160 - 1.105ms returns FALSE
T4C88 060:807.340 JLINK_IsHalted()
T4C88 060:808.276 - 0.935ms returns FALSE
T4C88 060:915.784 JLINK_IsHalted()
T4C88 060:916.776 - 0.985ms returns FALSE
T4C88 060:916.916 JLINK_IsHalted()
T4C88 060:917.640 - 0.721ms returns FALSE
T4C88 061:024.460 JLINK_IsHalted()
T4C88 061:026.472 - 2.010ms returns FALSE
T4C88 061:026.616 JLINK_IsHalted()
T4C88 061:027.372 - 0.757ms returns FALSE
T4C88 061:134.176 JLINK_IsHalted()
T4C88 061:135.700 - 1.524ms returns FALSE
T4C88 061:135.816 JLINK_IsHalted()
T4C88 061:136.788 - 0.971ms returns FALSE
T4C88 061:243.080 JLINK_IsHalted()
T4C88 061:244.032 - 0.955ms returns FALSE
T4C88 061:244.216 JLINK_IsHalted()
T4C88 061:245.176 - 0.956ms returns FALSE
T27FC 061:329.696 JLINK_IsHalted()
T27FC 061:331.296 - 1.590ms returns FALSE
T27FC 061:331.468 JLINK_IsHalted()
T27FC 061:332.168 - 0.696ms returns FALSE
T4C88 061:352.596 JLINK_IsHalted()
T4C88 061:354.388 - 1.791ms returns FALSE
T4C88 061:354.560 JLINK_IsHalted()
T4C88 061:355.468 - 0.910ms returns FALSE
T4C88 061:462.584 JLINK_IsHalted()
T4C88 061:463.636 - 1.048ms returns FALSE
T4C88 061:463.768 JLINK_IsHalted()
T4C88 061:465.452 - 1.678ms returns FALSE
T4C88 061:571.180 JLINK_IsHalted()
T4C88 061:572.200 - 1.018ms returns FALSE
T4C88 061:572.340 JLINK_IsHalted()
T4C88 061:573.176 - 0.838ms returns FALSE
T4C88 061:681.192 JLINK_IsHalted()
T4C88 061:682.156 - 0.965ms returns FALSE
T4C88 061:682.304 JLINK_IsHalted()
T4C88 061:683.284 - 0.978ms returns FALSE
T4C88 061:790.728 JLINK_IsHalted()
T4C88 061:791.764 - 1.038ms returns FALSE
T4C88 061:791.916 JLINK_IsHalted()
T4C88 061:792.908 - 0.991ms returns FALSE
T4C88 061:899.316 JLINK_IsHalted()
T4C88 061:900.456 - 1.138ms returns FALSE
T4C88 061:900.632 JLINK_IsHalted()
T4C88 061:901.384 - 0.753ms returns FALSE
T4C88 062:009.176 JLINK_IsHalted()
T4C88 062:010.216 - 1.035ms returns FALSE
T4C88 062:010.380 JLINK_IsHalted()
T4C88 062:011.176 - 0.790ms returns FALSE
T4C88 062:118.316 JLINK_IsHalted()
T4C88 062:119.308 - 0.993ms returns FALSE
T4C88 062:119.456 JLINK_IsHalted()
T4C88 062:120.352 - 0.895ms returns FALSE
T4C88 062:227.436 JLINK_IsHalted()
T4C88 062:229.076 - 1.640ms returns FALSE
T4C88 062:229.236 JLINK_IsHalted()
T4C88 062:230.028 - 0.791ms returns FALSE
T27FC 062:333.516 JLINK_IsHalted()
T27FC 062:334.392 - 0.872ms returns FALSE
T27FC 062:334.516 JLINK_IsHalted()
T27FC 062:335.252 - 0.731ms returns FALSE
T4C88 062:336.876 JLINK_IsHalted()
T4C88 062:337.836 - 0.965ms returns FALSE
T4C88 062:337.964 JLINK_IsHalted()
T4C88 062:338.676 - 0.707ms returns FALSE
T4C88 062:446.272 JLINK_IsHalted()
T4C88 062:447.136 - 0.865ms returns FALSE
T4C88 062:447.288 JLINK_IsHalted()
T4C88 062:448.044 - 0.754ms returns FALSE
T4C88 062:555.944 JLINK_IsHalted()
T4C88 062:557.848 - 1.903ms returns FALSE
T4C88 062:558.028 JLINK_IsHalted()
T4C88 062:558.792 - 0.765ms returns FALSE
T4C88 062:665.120 JLINK_IsHalted()
T4C88 062:666.216 - 1.093ms returns FALSE
T4C88 062:666.388 JLINK_IsHalted()
T4C88 062:667.584 - 1.199ms returns FALSE
T4C88 062:775.040 JLINK_IsHalted()
T4C88 062:776.448 - 1.409ms returns FALSE
T4C88 062:776.680 JLINK_IsHalted()
T4C88 062:777.460 - 0.785ms returns FALSE
T4C88 062:883.724 JLINK_IsHalted()
T4C88 062:887.128 - 3.409ms returns FALSE
T4C88 062:887.296 JLINK_IsHalted()
T4C88 062:888.896 - 1.599ms returns FALSE
T4C88 062:993.344 JLINK_IsHalted()
T4C88 062:994.728 - 1.380ms returns FALSE
T4C88 062:994.872 JLINK_IsHalted()
T4C88 062:996.648 - 1.775ms returns FALSE
T4C88 063:102.776 JLINK_IsHalted()
T4C88 063:104.608 - 1.827ms returns FALSE
T4C88 063:104.800 JLINK_IsHalted()
T4C88 063:106.408 - 1.601ms returns FALSE
T4C88 063:212.072 JLINK_IsHalted()
T4C88 063:214.336 - 2.266ms returns FALSE
T4C88 063:214.484 JLINK_IsHalted()
T4C88 063:216.056 - 1.575ms returns FALSE
T4C88 063:321.896 JLINK_IsHalted()
T4C88 063:325.588 - 3.686ms returns FALSE
T4C88 063:325.780 JLINK_IsHalted()
T4C88 063:327.416 - 1.635ms returns FALSE
T27FC 063:335.872 JLINK_IsHalted()
T27FC 063:337.396 - 1.522ms returns FALSE
T27FC 063:337.524 JLINK_IsHalted()
T27FC 063:339.176 - 1.649ms returns FALSE
T4C88 063:430.668 JLINK_IsHalted()
T4C88 063:432.044 - 1.370ms returns FALSE
T4C88 063:432.224 JLINK_IsHalted()
T4C88 063:433.996 - 1.770ms returns FALSE
T4C88 063:539.904 JLINK_IsHalted()
T4C88 063:541.720 - 1.817ms returns FALSE
T4C88 063:541.940 JLINK_IsHalted()
T4C88 063:543.464 - 1.522ms returns FALSE
T4C88 063:649.576 JLINK_IsHalted()
T4C88 063:652.588 - 3.016ms returns FALSE
T4C88 063:652.744 JLINK_IsHalted()
T4C88 063:654.440 - 1.693ms returns FALSE
T4C88 063:758.892 JLINK_IsHalted()
T4C88 063:762.304 - 3.412ms returns FALSE
T4C88 063:762.528 JLINK_IsHalted()
T4C88 063:764.040 - 1.511ms returns FALSE
T4C88 063:867.928 JLINK_IsHalted()
T4C88 063:869.504 - 1.568ms returns FALSE
T4C88 063:869.652 JLINK_IsHalted()
T4C88 063:871.320 - 1.669ms returns FALSE
T4C88 063:978.008 JLINK_IsHalted()
T4C88 063:980.296 - 2.286ms returns FALSE
T4C88 063:980.488 JLINK_IsHalted()
T4C88 063:982.176 - 1.684ms returns FALSE
T4C88 064:087.704 JLINK_IsHalted()
T4C88 064:091.232 - 3.526ms returns FALSE
T4C88 064:091.360 JLINK_IsHalted()
T4C88 064:093.096 - 1.734ms returns FALSE
T4C88 064:196.588 JLINK_IsHalted()
T4C88 064:197.848 - 1.262ms returns FALSE
T4C88 064:197.976 JLINK_IsHalted()
T4C88 064:199.732 - 1.749ms returns FALSE
T4C88 064:305.876 JLINK_IsHalted()
T4C88 064:307.816 - 1.942ms returns FALSE
T4C88 064:307.992 JLINK_IsHalted()
T4C88 064:311.288 - 3.294ms returns FALSE
T27FC 064:339.412 JLINK_IsHalted()
T27FC 064:341.292 - 1.882ms returns FALSE
T27FC 064:341.428 JLINK_IsHalted()
T27FC 064:343.200 - 1.766ms returns FALSE
T4C88 064:415.732 JLINK_IsHalted()
T4C88 064:417.536 - 1.804ms returns FALSE
T4C88 064:417.656 JLINK_IsHalted()
T4C88 064:419.412 - 1.753ms returns FALSE
T4C88 064:524.564 JLINK_IsHalted()
T4C88 064:525.964 - 1.397ms returns FALSE
T4C88 064:526.112 JLINK_IsHalted()
T4C88 064:527.944 - 1.828ms returns FALSE
T4C88 064:634.444 JLINK_IsHalted()
T4C88 064:635.712 - 1.269ms returns FALSE
T4C88 064:635.860 JLINK_IsHalted()
T4C88 064:637.592 - 1.737ms returns FALSE
T4C88 064:743.368 JLINK_IsHalted()
T4C88 064:745.292 - 1.928ms returns FALSE
T4C88 064:745.484 JLINK_IsHalted()
T4C88 064:747.008 - 1.521ms returns FALSE
T4C88 064:852.608 JLINK_IsHalted()
T4C88 064:854.860 - 2.251ms returns FALSE
T4C88 064:855.020 JLINK_IsHalted()
T4C88 064:856.760 - 1.743ms returns FALSE
T4C88 064:961.836 JLINK_IsHalted()
T4C88 064:963.176 - 1.333ms returns FALSE
T4C88 064:963.288 JLINK_IsHalted()
T4C88 064:965.004 - 1.716ms returns FALSE
T4C88 065:071.296 JLINK_IsHalted()
T4C88 065:072.940 - 1.642ms returns FALSE
T4C88 065:073.080 JLINK_IsHalted()
T4C88 065:074.828 - 1.742ms returns FALSE
T4C88 065:180.744 JLINK_IsHalted()
T4C88 065:182.260 - 1.516ms returns FALSE
T4C88 065:182.392 JLINK_IsHalted()
T4C88 065:184.148 - 1.748ms returns FALSE
T4C88 065:289.836 JLINK_IsHalted()
T4C88 065:291.928 - 2.087ms returns FALSE
T4C88 065:292.104 JLINK_IsHalted()
T4C88 065:293.772 - 1.670ms returns FALSE
T27FC 065:344.140 JLINK_IsHalted()
T27FC 065:347.456 - 3.309ms returns FALSE
T27FC 065:347.596 JLINK_IsHalted()
T27FC 065:349.288 - 1.689ms returns FALSE
T4C88 065:399.936 JLINK_IsHalted()
T4C88 065:401.012 - 1.068ms returns FALSE
T4C88 065:401.164 JLINK_IsHalted()
T4C88 065:404.532 - 3.363ms returns FALSE
T4C88 065:509.304 JLINK_IsHalted()
T4C88 065:510.664 - 1.358ms returns FALSE
T4C88 065:510.796 JLINK_IsHalted()
T4C88 065:512.408 - 1.614ms returns FALSE
T4C88 065:618.252 JLINK_IsHalted()
T4C88 065:619.648 - 1.394ms returns FALSE
T4C88 065:619.816 JLINK_IsHalted()
T4C88 065:621.428 - 1.612ms returns FALSE
T4C88 065:727.796 JLINK_IsHalted()
T4C88 065:729.268 - 1.470ms returns FALSE
T4C88 065:729.472 JLINK_IsHalted()
T4C88 065:731.168 - 1.699ms returns FALSE
T4C88 065:837.388 JLINK_IsHalted()
T4C88 065:839.160 - 1.771ms returns FALSE
T4C88 065:839.304 JLINK_IsHalted()
T4C88 065:841.100 - 1.795ms returns FALSE
T4C88 065:946.252 JLINK_IsHalted()
T4C88 065:947.508 - 1.254ms returns FALSE
T4C88 065:947.768 JLINK_IsHalted()
T4C88 065:949.484 - 1.713ms returns FALSE
T4C88 066:055.528 JLINK_IsHalted()
T4C88 066:057.172 - 1.642ms returns FALSE
T4C88 066:057.364 JLINK_IsHalted()
T4C88 066:059.008 - 1.640ms returns FALSE
T4C88 066:164.916 JLINK_IsHalted()
T4C88 066:166.668 - 1.748ms returns FALSE
T4C88 066:166.828 JLINK_IsHalted()
T4C88 066:168.504 - 1.671ms returns FALSE
T4C88 066:274.772 JLINK_IsHalted()
T4C88 066:278.124 - 3.349ms returns FALSE
T4C88 066:278.360 JLINK_IsHalted()
T4C88 066:279.956 - 1.590ms returns FALSE
T27FC 066:349.580 JLINK_IsHalted()
T27FC 066:351.564 - 1.979ms returns FALSE
T27FC 066:351.732 JLINK_IsHalted()
T27FC 066:353.464 - 1.734ms returns FALSE
T4C88 066:383.904 JLINK_IsHalted()
T4C88 066:385.900 - 1.990ms returns FALSE
T4C88 066:386.072 JLINK_IsHalted()
T4C88 066:387.688 - 1.617ms returns FALSE
T4C88 066:493.332 JLINK_IsHalted()
T4C88 066:495.572 - 2.238ms returns FALSE
T4C88 066:495.732 JLINK_IsHalted()
T4C88 066:497.440 - 1.711ms returns FALSE
T4C88 066:602.548 JLINK_IsHalted()
T4C88 066:605.216 - 2.662ms returns FALSE
T4C88 066:605.368 JLINK_IsHalted()
T4C88 066:607.008 - 1.639ms returns FALSE
T4C88 066:712.416 JLINK_IsHalted()
T4C88 066:714.304 - 1.890ms returns FALSE
T4C88 066:714.508 JLINK_IsHalted()
T4C88 066:716.172 - 1.661ms returns FALSE
T4C88 066:821.452 JLINK_IsHalted()
T4C88 066:822.808 - 1.353ms returns FALSE
T4C88 066:822.956 JLINK_IsHalted()
T4C88 066:824.684 - 1.722ms returns FALSE
T4C88 066:930.776 JLINK_IsHalted()
T4C88 066:934.152 - 3.376ms returns FALSE
T4C88 066:934.312 JLINK_IsHalted()
T4C88 066:936.012 - 1.696ms returns FALSE
T4C88 067:039.928 JLINK_IsHalted()
T4C88 067:042.136 - 2.206ms returns FALSE
T4C88 067:042.296 JLINK_IsHalted()
T4C88 067:043.924 - 1.628ms returns FALSE
T4C88 067:149.392 JLINK_IsHalted()
T4C88 067:150.536 - 1.143ms returns FALSE
T4C88 067:150.704 JLINK_IsHalted()
T4C88 067:152.496 - 1.795ms returns FALSE
T4C88 067:206.224 JLINK_IsHalted()
T4C88 067:208.440 - 2.220ms returns FALSE
T4C88 067:208.608 JLINK_IsHalted()
T4C88 067:210.304 - 1.696ms returns FALSE
T4C88 067:210.448 JLINK_IsHalted()
T4C88 067:213.912 - 3.469ms returns FALSE
T4C88 067:214.072 JLINK_IsHalted()
T4C88 067:215.824 - 1.754ms returns FALSE
T4C88 067:215.992 JLINK_Halt()
T4C88 067:224.800 - 8.805ms returns 0x00
T4C88 067:224.976 JLINK_IsHalted()
T4C88 067:225.040 - 0.061ms returns TRUE
T4C88 067:225.080 JLINK_ReadReg(XPSR)
T4C88 067:225.136   CPU_ReadMem(4 bytes @ 0xE000EE08)
T4C88 067:228.304 - 3.225ms returns 0x01000000
T4C88 067:228.488 JLINK_ReadReg(R15 (PC))
T4C88 067:228.536 - 0.053ms returns 0x000198FC
T4C88 067:228.592 JLINK_ReadReg(XPSR)
T4C88 067:228.608 - 0.020ms returns 0x01000000
T4C88 067:228.624 JLINK_ReadReg(XPSR)
T4C88 067:228.640 - 0.015ms returns 0x01000000
T4C88 067:228.656 JLINK_ReadReg(R15 (PC))
T4C88 067:228.672 - 0.015ms returns 0x000198FC
T4C88 067:228.688 JLINK_ReadReg(XPSR)
T4C88 067:228.704 - 0.015ms returns 0x01000000
T4C88 067:228.720 JLINK_ReadMem(0x000198FC, 0x1 Bytes, ...)
T4C88 067:228.744    -- Read from flash cache (1 bytes @ 0x000198FC)
T4C88 067:228.760   Data:  F0
T4C88 067:228.784 - 0.061ms returns 0
T4C88 067:228.800 JLINK_IsHalted()
T4C88 067:228.816 - 0.014ms returns TRUE
T4C88 067:228.840 JLINK_ReadReg(XPSR)
T4C88 067:228.848 - 0.015ms returns 0x01000000
T4C88 067:228.864 JLINK_ReadReg(XPSR)
T4C88 067:228.880 - 0.017ms returns 0x01000000
T4C88 067:228.904 JLINK_ReadReg(R15 (PC))
T4C88 067:228.912 - 0.014ms returns 0x000198FC
T4C88 067:228.936 JLINK_ReadReg(XPSR)
T4C88 067:228.952 - 0.015ms returns 0x01000000
T4C88 067:228.968 JLINK_ReadMem(0x000198FC, 0x1 Bytes, ...)
T4C88 067:228.976    -- Read from flash cache (1 bytes @ 0x000198FC)
T4C88 067:229.008   Data:  F0
T4C88 067:229.024 - 0.056ms returns 0
T4C88 067:229.056 JLINK_IsHalted()
T4C88 067:229.072 - 0.016ms returns TRUE
T4C88 067:229.088 JLINK_ReadReg(XPSR)
T4C88 067:229.104 - 0.015ms returns 0x01000000
T4C88 067:229.120 JLINK_ReadReg(R15 (PC))
T4C88 067:229.136 - 0.014ms returns 0x000198FC
T4C88 067:229.152 JLINK_ReadReg(XPSR)
T4C88 067:229.168 - 0.015ms returns 0x01000000
T4C88 067:229.184 JLINK_ReadReg(XPSR)
T4C88 067:229.200 - 0.014ms returns 0x01000000
T4C88 067:229.216 JLINK_ReadReg(R15 (PC))
T4C88 067:229.232 - 0.014ms returns 0x000198FC
T4C88 067:229.248 JLINK_ReadReg(XPSR)
T4C88 067:229.264 - 0.015ms returns 0x01000000
T4C88 067:229.280 JLINK_ReadMem(0x000198FC, 0x1 Bytes, ...)
T4C88 067:229.296    -- Read from flash cache (1 bytes @ 0x000198FC)
T4C88 067:229.320   Data:  F0
T4C88 067:229.344 - 0.061ms returns 0
T4C88 067:229.360 JLINK_IsHalted()
T4C88 067:229.368 - 0.014ms returns TRUE
T4C88 067:229.392 JLINK_ReadReg(XPSR)
T4C88 067:229.408 - 0.015ms returns 0x01000000
T4C88 067:229.424 JLINK_ReadReg(XPSR)
T4C88 067:229.440 - 0.015ms returns 0x01000000
T4C88 067:229.456 JLINK_ReadReg(R15 (PC))
T4C88 067:229.464 - 0.014ms returns 0x000198FC
T4C88 067:229.488 JLINK_ReadReg(XPSR)
T4C88 067:229.504 - 0.015ms returns 0x01000000
T4C88 067:229.520 JLINK_ReadMem(0x000198FC, 0x1 Bytes, ...)
T4C88 067:229.536    -- Read from flash cache (1 bytes @ 0x000198FC)
T4C88 067:229.552   Data:  F0
T4C88 067:229.576 - 0.056ms returns 0
T4C88 067:229.600 JLINK_ReadMem(0x20000F24, 0x4 Bytes, ...)
T4C88 067:229.616   CPU_ReadMem(4 bytes @ 0x20000F24)
T4C88 067:231.352   Data:  F8 17 00 20
T4C88 067:231.416 - 1.817ms returns 0
T4C88 067:231.544 JLINK_ReadMem(0x20000F00, 0x4 Bytes, ...)
T4C88 067:231.600   CPU_ReadMem(4 bytes @ 0x20000F00)
T4C88 067:233.200   Data:  D8 16 00 20
T4C88 067:233.264 - 1.721ms returns 0
T4C88 067:233.376 JLINK_ReadMem(0x0001B350, 0x4 Bytes, ...)
T4C88 067:233.400    -- Read from flash cache (4 bytes @ 0x0001B350)
T4C88 067:233.432   Data:  04 00 00 00
T4C88 067:233.464 - 0.091ms returns 0
T4C88 067:234.360 JLINK_ReadMem(0x20000F24, 0x4 Bytes, ...)
T4C88 067:234.424   CPU_ReadMem(4 bytes @ 0x20000F24)
T4C88 067:236.296   Data:  F8 17 00 20
T4C88 067:236.392 - 2.026ms returns 0
T4C88 067:236.496 JLINK_ReadMem(0x20000F00, 0x4 Bytes, ...)
T4C88 067:236.528   CPU_ReadMem(4 bytes @ 0x20000F00)
T4C88 067:239.848   Data:  D8 16 00 20
T4C88 067:239.936 - 3.446ms returns 0
T4C88 067:240.040 JLINK_ReadMem(0x0001B350, 0x4 Bytes, ...)
T4C88 067:240.080    -- Read from flash cache (4 bytes @ 0x0001B350)
T4C88 067:240.112   Data:  04 00 00 00
T4C88 067:240.144 - 0.107ms returns 0
T4C88 067:240.216 JLINK_ReadRegs(NumRegs = 20)
T4C88 067:240.280   
  R0 (0)        = 0x4001E00C           R1 (1)        = 0x4000               R2 (2)        = 0x3E26               R3 (3)        = 0x01              
  R4 (4)        = 0x20001624           R5 (5)        = 0xE000ED04           R6 (6)        = 0x10000000           R7 (7)        = 0x00              
  R8 (8)        = 0x00                 R9 (9)        = 0x00                 R10 (10)      = 0x00                 R11 (11)      = 0x00              
  R12 (12)      = 0x200016B8           R13 (SP) (13) = 0x20001250           R14 (14)      = 0x1995F              R15 (PC) (15) = 0x198FC           
  XPSR (16)     = 0x1000000            MSPLIM (86)   = 0x20000620           PSPLIM (87)   = 0x20001088           CFBP (20)     = 0x2000001         
T4C88 067:240.320 - 0.100ms returns 0x00
T4C88 067:242.112 JLINK_ReadMem(0x20000F24, 0x4 Bytes, ...)
T4C88 067:242.184   CPU_ReadMem(4 bytes @ 0x20000F24)
T4C88 067:244.240   Data:  F8 17 00 20
T4C88 067:244.352 - 2.238ms returns 0
T4C88 067:244.480 JLINK_ReadMem(0x20000F00, 0x4 Bytes, ...)
T4C88 067:244.528   CPU_ReadMem(4 bytes @ 0x20000F00)
T4C88 067:246.080   Data:  D8 16 00 20
T4C88 067:246.144 - 1.662ms returns 0
T4C88 067:246.240 JLINK_ReadMem(0x0001B350, 0x4 Bytes, ...)
T4C88 067:246.264    -- Read from flash cache (4 bytes @ 0x0001B350)
T4C88 067:246.288   Data:  04 00 00 00
T4C88 067:246.320 - 0.080ms returns 0
T4C88 067:246.344 JLINK_ReadMem(0x20000F24, 0x4 Bytes, ...)
T4C88 067:246.376   CPU_ReadMem(4 bytes @ 0x20000F24)
T4C88 067:247.904   Data:  F8 17 00 20
T4C88 067:247.960 - 1.617ms returns 0
T4C88 067:248.048 JLINK_ReadMem(0x20000F00, 0x4 Bytes, ...)
T4C88 067:248.104   CPU_ReadMem(4 bytes @ 0x20000F00)
T4C88 067:251.456   Data:  D8 16 00 20
T4C88 067:251.504 - 3.455ms returns 0
T4C88 067:251.584 JLINK_ReadMem(0x0001B350, 0x4 Bytes, ...)
T4C88 067:251.616    -- Read from flash cache (4 bytes @ 0x0001B350)
T4C88 067:251.640   Data:  04 00 00 00
T4C88 067:251.664 - 0.081ms returns 0
T4C88 067:252.784 JLINK_ReadMem(0x000198FC, 0x4 Bytes, ...)
T4C88 067:252.856    -- Read from flash cache (4 bytes @ 0x000198FC)
T4C88 067:252.888   Data:  F0 8F 04 F1
T4C88 067:252.912 - 0.128ms returns 0
T4C88 067:253.464 JLINK_ReadMem(0x20000F24, 0x4 Bytes, ...)
T4C88 067:253.520   CPU_ReadMem(4 bytes @ 0x20000F24)
T4C88 067:254.656   Data:  F8 17 00 20
T4C88 067:254.768 - 1.300ms returns 0
T4C88 067:254.896 JLINK_ReadMem(0x20000F00, 0x4 Bytes, ...)
T4C88 067:254.960   CPU_ReadMem(4 bytes @ 0x20000F00)
T4C88 067:256.480   Data:  D8 16 00 20
T4C88 067:256.560 - 1.665ms returns 0
T4C88 067:256.696 JLINK_ReadMem(0x0001B350, 0x4 Bytes, ...)
T4C88 067:256.736    -- Read from flash cache (4 bytes @ 0x0001B350)
T4C88 067:256.776   Data:  04 00 00 00
T4C88 067:256.816 - 0.115ms returns 0
T4C88 067:256.888 JLINK_ReadReg(XPSR)
T4C88 067:256.912 - 0.025ms returns 0x01000000
T4C88 067:256.944 JLINK_ReadReg(MSP_S)
T4C88 067:256.976 - 0.026ms returns 0x200009C0
T4C88 067:257.320 JLINK_ReadMem(0x20000F24, 0x4 Bytes, ...)
T4C88 067:257.376   CPU_ReadMem(4 bytes @ 0x20000F24)
T4C88 067:258.384   Data:  F8 17 00 20
T4C88 067:258.440 - 1.119ms returns 0
T4C88 067:258.552 JLINK_ReadMem(0x20000F00, 0x4 Bytes, ...)
T4C88 067:258.600   CPU_ReadMem(4 bytes @ 0x20000F00)
T4C88 067:260.232   Data:  D8 16 00 20
T4C88 067:260.312 - 1.756ms returns 0
T4C88 067:260.440 JLINK_ReadMem(0x0001B350, 0x4 Bytes, ...)
T4C88 067:260.480    -- Read from flash cache (4 bytes @ 0x0001B350)
T4C88 067:260.528   Data:  04 00 00 00
T4C88 067:260.576 - 0.136ms returns 0
T4C88 067:260.648 JLINK_ReadReg(XPSR)
T4C88 067:260.688 - 0.045ms returns 0x01000000
T4C88 067:260.728 JLINK_ReadReg(MSP_NS)
T4C88 067:260.760 - 0.034ms returns 0x00000000
T4C88 067:261.136 JLINK_ReadMem(0x20000F24, 0x4 Bytes, ...)
T4C88 067:261.200   CPU_ReadMem(4 bytes @ 0x20000F24)
T4C88 067:263.816   Data:  F8 17 00 20
T4C88 067:263.896 - 2.768ms returns 0
T4C88 067:264.016 JLINK_ReadMem(0x20000F00, 0x4 Bytes, ...)
T4C88 067:264.048   CPU_ReadMem(4 bytes @ 0x20000F00)
T4C88 067:265.656   Data:  D8 16 00 20
T4C88 067:265.704 - 1.689ms returns 0
T4C88 067:265.776 JLINK_ReadMem(0x0001B350, 0x4 Bytes, ...)
T4C88 067:265.808    -- Read from flash cache (4 bytes @ 0x0001B350)
T4C88 067:265.832   Data:  04 00 00 00
T4C88 067:265.856 - 0.075ms returns 0
T4C88 067:265.896 JLINK_ReadReg(XPSR)
T4C88 067:265.912 - 0.020ms returns 0x01000000
T4C88 067:265.936 JLINK_ReadReg(PSP_S)
T4C88 067:265.944 - 0.016ms returns 0x20001250
T4C88 067:266.160 JLINK_ReadMem(0x20000F24, 0x4 Bytes, ...)
T4C88 067:266.208   CPU_ReadMem(4 bytes @ 0x20000F24)
T4C88 067:267.536   Data:  F8 17 00 20
T4C88 067:267.600 - 1.442ms returns 0
T4C88 067:267.728 JLINK_ReadMem(0x20000F00, 0x4 Bytes, ...)
T4C88 067:267.768   CPU_ReadMem(4 bytes @ 0x20000F00)
T4C88 067:269.456   Data:  D8 16 00 20
T4C88 067:269.576 - 1.846ms returns 0
T4C88 067:269.720 JLINK_ReadMem(0x0001B350, 0x4 Bytes, ...)
T4C88 067:269.768    -- Read from flash cache (4 bytes @ 0x0001B350)
T4C88 067:269.808   Data:  04 00 00 00
T4C88 067:269.904 - 0.175ms returns 0
T4C88 067:269.984 JLINK_ReadReg(XPSR)
T4C88 067:270.024 - 0.042ms returns 0x01000000
T4C88 067:270.056 JLINK_ReadReg(PSP_NS)
T4C88 067:270.088 - 0.031ms returns 0xEC4C2BB8
T4C88 067:270.552 JLINK_ReadMem(0x20001240, 0x40 Bytes, ...)
T4C88 067:270.616   CPU_ReadMem(64 bytes @ 0x20001240)
T4C88 067:273.280   Data:  00 00 00 10 00 00 00 00 24 16 00 20 04 ED 00 E0 ...
T4C88 067:273.336 - 2.781ms returns 0
T27FC 067:277.464 JLINK_ReadReg(XPSR)
T27FC 067:277.592 - 0.125ms returns 0x01000000
T27FC 067:277.624 JLINK_ReadReg(R15 (PC))
T27FC 067:277.656 - 0.031ms returns 0x000198FC
T27FC 067:278.096 JLINK_IsHalted()
T27FC 067:278.176 - 0.079ms returns TRUE
T27FC 067:278.208 JLINK_ReadReg(XPSR)
T27FC 067:278.240 - 0.033ms returns 0x01000000
T27FC 067:278.264 JLINK_ReadReg(R15 (PC))
T27FC 067:278.288 - 0.024ms returns 0x000198FC
T27FC 067:278.344 JLINK_ReadReg(XPSR)
T27FC 067:278.368 - 0.029ms returns 0x01000000
T27FC 067:278.400 JLINK_ReadReg(XPSR)
T27FC 067:278.416 - 0.023ms returns 0x01000000
T27FC 067:278.448 JLINK_ReadReg(R15 (PC))
T27FC 067:278.488 - 0.041ms returns 0x000198FC
T27FC 067:278.520 JLINK_ReadReg(XPSR)
T27FC 067:278.536 - 0.018ms returns 0x01000000
T27FC 067:278.552 JLINK_ReadMem(0x000198FC, 0x1 Bytes, ...)
T27FC 067:278.576    -- Read from flash cache (1 bytes @ 0x000198FC)
T27FC 067:278.608   Data:  F0
T27FC 067:278.624 - 0.071ms returns 0
T27FC 067:278.648 JLINK_IsHalted()
T27FC 067:278.664 - 0.016ms returns TRUE
T27FC 067:278.704 JLINK_ReadReg(XPSR)
T27FC 067:278.728 - 0.028ms returns 0x01000000
T27FC 067:278.744 JLINK_ReadReg(XPSR)
T27FC 067:278.768 - 0.016ms returns 0x01000000
T27FC 067:278.784 JLINK_ReadReg(R15 (PC))
T27FC 067:278.800 - 0.017ms returns 0x000198FC
T27FC 067:278.832 JLINK_ReadReg(XPSR)
T27FC 067:278.840 - 0.018ms returns 0x01000000
T27FC 067:278.864 JLINK_ReadMem(0x000198FC, 0x1 Bytes, ...)
T27FC 067:278.880    -- Read from flash cache (1 bytes @ 0x000198FC)
T27FC 067:278.920   Data:  F0
T27FC 067:278.960 - 0.100ms returns 0
T27FC 067:279.496 JLINK_ReadMem(0xE0001004, 0x4 Bytes, ...)
T27FC 067:279.536   CPU_ReadMem(4 bytes @ 0xE0001004)
T27FC 067:280.672   Data:  EC 65 75 67
T27FC 067:280.736   Debug reg: DWT_CYCCNT
T27FC 067:280.760 - 1.265ms returns 0
T4C88 067:300.016 JLINK_ReadMem(0x000198FC, 0x4 Bytes, ...)
T4C88 067:300.096    -- Read from flash cache (4 bytes @ 0x000198FC)
T4C88 067:300.136   Data:  F0 8F 04 F1
T4C88 067:300.176 - 0.158ms returns 0
T4C88 067:300.656 JLINK_ReadMem(0x20001240, 0x40 Bytes, ...)
T4C88 067:300.720   CPU_ReadMem(64 bytes @ 0x20001240)
T4C88 067:303.176   Data:  00 00 00 10 00 00 00 00 24 16 00 20 04 ED 00 E0 ...
T4C88 067:303.256 - 2.610ms returns 0
T4C88 067:362.856 JLINK_ReadMem(0x20000F24, 0x4 Bytes, ...)
T4C88 067:362.944   CPU_ReadMem(4 bytes @ 0x20000F24)
T4C88 067:364.944   Data:  F8 17 00 20
T4C88 067:365.048 - 2.195ms returns 0
T4C88 067:365.192 JLINK_ReadMem(0x20000F00, 0x4 Bytes, ...)
T4C88 067:365.248   CPU_ReadMem(4 bytes @ 0x20000F00)
T4C88 067:366.776   Data:  D8 16 00 20
T4C88 067:366.872 - 1.682ms returns 0
T4C88 067:367.016 JLINK_ReadMem(0x0001B350, 0x4 Bytes, ...)
T4C88 067:367.072    -- Read from flash cache (4 bytes @ 0x0001B350)
T4C88 067:367.112   Data:  04 00 00 00
T4C88 067:367.136 - 0.121ms returns 0
T4C88 067:367.176 JLINK_ReadMem(0x20000F24, 0x4 Bytes, ...)
T4C88 067:367.216   CPU_ReadMem(4 bytes @ 0x20000F24)
T4C88 067:368.712   Data:  F8 17 00 20
T4C88 067:368.832 - 1.657ms returns 0
T4C88 067:368.976 JLINK_ReadMem(0x20000F00, 0x4 Bytes, ...)
T4C88 067:369.024   CPU_ReadMem(4 bytes @ 0x20000F00)
T4C88 067:370.640   Data:  D8 16 00 20
T4C88 067:370.776 - 1.802ms returns 0
T4C88 067:370.960 JLINK_ReadMem(0x0001B350, 0x4 Bytes, ...)
T4C88 067:371.024    -- Read from flash cache (4 bytes @ 0x0001B350)
T4C88 067:371.080   Data:  04 00 00 00
T4C88 067:371.160 - 0.200ms returns 0
T4C88 067:372.304 JLINK_ReadMem(0x20000F24, 0x4 Bytes, ...)
T4C88 067:372.416   CPU_ReadMem(4 bytes @ 0x20000F24)
T4C88 067:375.504   Data:  F8 17 00 20
T4C88 067:375.600 - 3.297ms returns 0
T4C88 067:375.768 JLINK_ReadMem(0x20000F00, 0x4 Bytes, ...)
T4C88 067:375.832   CPU_ReadMem(4 bytes @ 0x20000F00)
T4C88 067:377.264   Data:  D8 16 00 20
T4C88 067:377.328 - 1.560ms returns 0
T4C88 067:377.424 JLINK_ReadMem(0x0001B350, 0x4 Bytes, ...)
T4C88 067:377.448    -- Read from flash cache (4 bytes @ 0x0001B350)
T4C88 067:377.472   Data:  04 00 00 00
T4C88 067:377.496 - 0.071ms returns 0
T4C88 067:377.520 JLINK_ReadMem(0x20000F24, 0x4 Bytes, ...)
T4C88 067:377.544   CPU_ReadMem(4 bytes @ 0x20000F24)
T4C88 067:379.112   Data:  F8 17 00 20
T4C88 067:379.208 - 1.688ms returns 0
T4C88 067:379.344 JLINK_ReadMem(0x20000F00, 0x4 Bytes, ...)
T4C88 067:379.408   CPU_ReadMem(4 bytes @ 0x20000F00)
T4C88 067:380.960   Data:  D8 16 00 20
T4C88 067:381.040 - 1.695ms returns 0
T4C88 067:381.184 JLINK_ReadMem(0x0001B350, 0x4 Bytes, ...)
T4C88 067:381.224    -- Read from flash cache (4 bytes @ 0x0001B350)
T4C88 067:381.264   Data:  04 00 00 00
T4C88 067:381.296 - 0.113ms returns 0
T4C88 067:383.136 JLINK_ReadMem(0x20001240, 0x40 Bytes, ...)
T4C88 067:383.248   CPU_ReadMem(64 bytes @ 0x20001240)
T4C88 067:385.424   Data:  00 00 00 10 00 00 00 00 24 16 00 20 04 ED 00 E0 ...
T4C88 067:385.560 - 2.423ms returns 0
T4C88 068:668.384 JLINK_ReadMem(0x20000F24, 0x4 Bytes, ...)
T4C88 068:668.488   CPU_ReadMem(4 bytes @ 0x20000F24)
T4C88 068:670.080   Data:  F8 17 00 20
T4C88 068:670.192 - 1.809ms returns 0
T4C88 068:670.344 JLINK_ReadMem(0x20000F00, 0x4 Bytes, ...)
T4C88 068:670.400   CPU_ReadMem(4 bytes @ 0x20000F00)
T4C88 068:673.744   Data:  D8 16 00 20
T4C88 068:673.848 - 3.507ms returns 0
T4C88 068:673.992 JLINK_ReadMem(0x0001B350, 0x4 Bytes, ...)
T4C88 068:674.032    -- Read from flash cache (4 bytes @ 0x0001B350)
T4C88 068:674.072   Data:  04 00 00 00
T4C88 068:674.120 - 0.129ms returns 0
T4C88 068:700.368 JLINK_ReadMem(0x20000F24, 0x4 Bytes, ...)
T4C88 068:700.488   CPU_ReadMem(4 bytes @ 0x20000F24)
T4C88 068:701.760   Data:  F8 17 00 20
T4C88 068:701.832 - 1.465ms returns 0
T4C88 068:701.944 JLINK_ReadMem(0x20000F00, 0x4 Bytes, ...)
T4C88 068:701.992   CPU_ReadMem(4 bytes @ 0x20000F00)
T4C88 068:703.600   Data:  D8 16 00 20
T4C88 068:703.712 - 1.765ms returns 0
T4C88 068:703.872 JLINK_ReadMem(0x0001B350, 0x4 Bytes, ...)
T4C88 068:703.936    -- Read from flash cache (4 bytes @ 0x0001B350)
T4C88 068:703.992   Data:  04 00 00 00
T4C88 068:704.056 - 0.185ms returns 0
T4C88 068:704.120 JLINK_ReadMem(0x20000F24, 0x4 Bytes, ...)
T4C88 068:704.192   CPU_ReadMem(4 bytes @ 0x20000F24)
T4C88 068:707.208   Data:  F8 17 00 20
T4C88 068:707.344 - 3.215ms returns 0
T4C88 068:707.504 JLINK_ReadMem(0x20000F00, 0x4 Bytes, ...)
T4C88 068:707.576   CPU_ReadMem(4 bytes @ 0x20000F00)
T4C88 068:709.024   Data:  D8 16 00 20
T4C88 068:709.160 - 1.647ms returns 0
T4C88 068:709.328 JLINK_ReadMem(0x0001B350, 0x4 Bytes, ...)
T4C88 068:709.392    -- Read from flash cache (4 bytes @ 0x0001B350)
T4C88 068:709.448   Data:  04 00 00 00
T4C88 068:709.504 - 0.175ms returns 0
T4C88 068:710.704 JLINK_ReadMem(0x20000F24, 0x4 Bytes, ...)
T4C88 068:710.832   CPU_ReadMem(4 bytes @ 0x20000F24)
T4C88 068:712.256   Data:  F8 17 00 20
T4C88 068:712.376 - 1.669ms returns 0
T4C88 068:712.520 JLINK_ReadMem(0x20000F00, 0x4 Bytes, ...)
T4C88 068:712.584   CPU_ReadMem(4 bytes @ 0x20000F00)
T4C88 068:714.032   Data:  D8 16 00 20
T4C88 068:714.160 - 1.638ms returns 0
T4C88 068:714.392 JLINK_ReadMem(0x0001B350, 0x4 Bytes, ...)
T4C88 068:714.448    -- Read from flash cache (4 bytes @ 0x0001B350)
T4C88 068:714.496   Data:  04 00 00 00
T4C88 068:714.544 - 0.148ms returns 0
T4C88 068:714.584 JLINK_ReadMem(0x20000F24, 0x4 Bytes, ...)
T4C88 068:714.632   CPU_ReadMem(4 bytes @ 0x20000F24)
T4C88 068:715.960   Data:  F8 17 00 20
T4C88 068:716.072 - 1.482ms returns 0
T4C88 068:716.240 JLINK_ReadMem(0x20000F00, 0x4 Bytes, ...)
T4C88 068:716.304   CPU_ReadMem(4 bytes @ 0x20000F00)
T4C88 068:719.600   Data:  D8 16 00 20
T4C88 068:719.792 - 3.548ms returns 0
T4C88 068:720.048 JLINK_ReadMem(0x0001B350, 0x4 Bytes, ...)
T4C88 068:720.128    -- Read from flash cache (4 bytes @ 0x0001B350)
T4C88 068:720.240   Data:  04 00 00 00
T4C88 068:720.344 - 0.296ms returns 0
T4C88 068:721.680 JLINK_ReadMem(0x20000F24, 0x4 Bytes, ...)
T4C88 068:721.776   CPU_ReadMem(4 bytes @ 0x20000F24)
T4C88 068:723.888   Data:  F8 17 00 20
T4C88 068:724.048 - 2.367ms returns 0
T4C88 068:724.232 JLINK_ReadMem(0x20000F00, 0x4 Bytes, ...)
T4C88 068:724.312   CPU_ReadMem(4 bytes @ 0x20000F00)
T4C88 068:725.776   Data:  D8 16 00 20
T4C88 068:725.856 - 1.628ms returns 0
T4C88 068:725.976 JLINK_ReadMem(0x0001B350, 0x4 Bytes, ...)
T4C88 068:726.008    -- Read from flash cache (4 bytes @ 0x0001B350)
T4C88 068:726.040   Data:  04 00 00 00
T4C88 068:726.080 - 0.107ms returns 0
T4C88 068:726.112 JLINK_ReadMem(0x20000F24, 0x4 Bytes, ...)
T4C88 068:726.144   CPU_ReadMem(4 bytes @ 0x20000F24)
T4C88 068:727.664   Data:  F8 17 00 20
T4C88 068:727.800 - 1.690ms returns 0
T4C88 068:727.984 JLINK_ReadMem(0x20000F00, 0x4 Bytes, ...)
T4C88 068:728.056   CPU_ReadMem(4 bytes @ 0x20000F00)
T4C88 068:731.272   Data:  D8 16 00 20
T4C88 068:731.408 - 3.428ms returns 0
T4C88 068:731.584 JLINK_ReadMem(0x0001B350, 0x4 Bytes, ...)
T4C88 068:731.640    -- Read from flash cache (4 bytes @ 0x0001B350)
T4C88 068:731.688   Data:  04 00 00 00
T4C88 068:731.752 - 0.167ms returns 0
T15CC 069:188.200 JLINK_Halt()
T15CC 069:190.544 - 2.339ms returns 0x00
T15CC 069:190.832 JLINK_ReadReg(XPSR)
T15CC 069:190.920 - 0.085ms returns 0x01000000
T15CC 069:197.920 JLINK_Close()
T15CC 069:207.984 - 10.066ms
T15CC 069:208.112   
T15CC 069:208.144   Closed
                                                                                                                                                                                                                                                                                                                                                                                                                                                                                                                                                                                                                                                                                                                                                                                                                                                                                                                                                                                                                                                                                                                                                                                                                                                                                                                                                                                                                                                                                                                                                                                                                                                                                                                                                                                                                                                                                                                                                                                                                                                                                                                                                                                                                                                                                                                                                                                                                                                                                                                                                                                                                                                                                                                                                                                                                                                                                                                                                                                                                                                                                                                                                                                                                                                                                                                                                                                                                                                                                                                                                                                                                                                                                                                                                                                                                                                                                                                                                                                                                                                                                                                                                                                                                                                                                                                                                                                                                                                                                                                                                                                                                                                                                                                                                                                                                                                                                                                                                                                                                                                                                                                                                                                                                                                                                                                                                                                                                                                                                                                                                                                                                                                                                                                                                                                                                                                                                                                                                                                                                                                                                                                                                                                                                                                                                                                                                                                                                                                                                                                                                                                                                                                                                                                                                                                                                                                                                                                                                                                                                                                                                                                                                                                                                                                                                                                                                                                                                                                                                                                                                                                                                                                                                                                                                                                                                                                                                                                                                                                                                                                                                                                                                                                                                                                                                                                                                                                                                                                                                                                                                                                                                                                                                                                                                                                                                                                                                                                                                                                                                                                                                                                                                                                                                                                                                                                                                                                                                                                                                                                                                                                                                                                                                                                                                                                                                                                                                                                                                                                                                                                                                                                                                                                                                                                                                                                                                                                                                                                                                                                                                                                                                                                                                                                                                                                                                                                                                                                                                                                                                                                                                                                                                                                                                                                                                                                                                                                                                                                                                                                                                                                                                                                                                                                                                                                                                                                                                                                                                                                                                                                                                                                                                                                                                                                                                                                                                                                                                                                                                                                                                                                                                                                                                                                                                                                                                                                                                                                                                                                                                                                                                                                                                                                                                                                                                                                                                                                                                                                                                                                                                                                                                                                                                                                                                                                                                                                                                                                                                                                                                                                                                                                                                                                                                                                                                                                                                                                                                                                                                                                                                                                                                                                                                                                                                                                                                                                                                                                                                                                                                                                                                                                                                                                                                                                                                                                                                                                                                                                                                                                                                                                                                                                                                                                                                                                                                                                                                                                                                                                                                                                                                                                                                                                                                                                                                                                                                                                                                                                                                                                                                                                                                                                                                                                                                                                                                                                                                                                                                                                                                                                                                                                                                                                                                                                                                                                                                                                                                                                                                                                                                                                                                                                                                                                                                                                                                                                                                                                                                                                                                                                                                                                                                                                                                                                                                                                                                                                                                                                                                                                                                                                                                                                                                                                                                                                                                                                                                                                                                                                                                                                                                                                                                                                                                                                                                                                                                                                                                                                                                                                                                                                                                                                                                                                                                                                                                                                                                                                                                                                                                                                                                                                                                                                                                                                                                                                                                                                                                                                                                                                                                                                                                                                                                                                                                                                                                                                                                                                                                                                                                                                                                                                                                                                                                                                                                                                                                                                                                                                                                                                                                                                                                                                                                                                                                                                                                                                                                                                                                                                                                                                                                                                                                                                                                                                                                                                                                                                                                                                                                                                                                                                                                                                                                                                                                                                                                                                                                                                                                                                                                                                                                                                                                                                                                                                                                                                                                                                                                                                                                                                                                                                                                                                                                                                                                                                                                                                                                                                                                                                                                                                                                                                                                                                                                                                                                                                                                                                                                                                                                                                                                                                                                                                                                                                                                                                                                                                                                                                                                                                                                                                                                                                                                                                                                                                                                                                                                                                                                                                                                                                                                                                                                                                                                                                                                                                                                                                                                                                                                                                                                                                                                                                                                                                                                                                                                                                                                                                                                                                                                                                                                                                                                                                                                                                                                                                                                                                                                                                                                                                                                                                                                                                                                                                                                                                                                                                                                                                                                                                                                                                                                                                                                                                                                                                                                                                                                                                                                                                                                                                                                                                                                                                                                                                                                                                                                                                                                                                                                                                                                                                                                                                                                                                                                                                                                                                                                                                                                                                                                                                                                                                                                                                                                                                                                                                                                                                                                                                                                                                                                                                                                                                                                                                                                                                                                                                                                                                                                                                                                                                                                                                                                                                                                                                                                                                                                                                                                                                                                                                                                                                                                                                                                                                                                                                                                                                                                                                                                                                                                                                                                                                                                                                                                                                                                                                                                                                                                                                                                                                                                                                                                                                                                                                                                                                                                                                                                                                                                                                                                                                                                                                                                                                                                                                                                                                                                                                                                                                                                                                                                                                                                                                                                                                                                                                                                                                                                                                                                                                                                                                                                                                                                                                                                                                                                                                                                                                                                                                                                                                                                                                                                                                                                                                                                                                                                                                                                                                                                                                                                                                                                                                                                                                                                                                                                                                                                                                                                                                                                                                                                                                                                                                                                                                                                                                                                                                                                                                                                                                                                                                                                                                                                                                                                                                                                                                                                                                                                                                                                                                                                                                                                                                                                                                                                                                                                                                                                                                                                                                                                                                                                                                                                                                                                                                                                                                                                                                                                                                                                                                                                                                                                                                                                                                                                                                                                                                                                                                                                                                                                                                                                                                                                                                                                                                                                                                                                                                                                                                                                                                                                                                                                                                                                                                                                                                                                                                                                                                                                                                                                                                                                                                                                                                                                                                                                                                                                                                                                                                                                                                                                                                                                                                                                                                                                                                                                                                                                                                                                                                                                                                                                                                                                                                                                                                                                                                                                                                                                                                                                                                                                                                                                                                                                                                                                                                                                                                                                                                                                                                                                                                                                                                                                                                                                                                                                                                                                                                                                                                                                                                                                                                                                                                                                                                                                                                                                                                                                                                                                                                                                                                                                                                                                                                                                                                                                                                                                                                                                                                                                                                                                                                                                                                                                                                                                                                                                                                                                                                                                                                                                                                                                                                                                                                                                                                                                                                                                                                                                                                                                                                                                                                                                                                                                                                                                                                                                                                                                                                                                                                                                                                                                                                                                                                                                                                                                                                                                                                                                                                                                                                                                                                                                                                                                                                                                                                                                                                                                                                                                                                                                                                                                                                                                                                                                                                                                                                                                                                                                                                                                                                                                                                                                                                                                                                                                                                                                                                                                                                                                                                                                                                                                                                                                                                                                                                                                                                                                                                                                                                                                                                                                                                                                                                                                                                                                                                                                                                                                                                                                                                                                                                                                                                                                                                                                                                                                                                                                                                                                                                                                                                                                                                                                                                                                                                                                                                                                                                                                                                                                                                                                                                                                                                                                                                                                                                                                                                                                                                                                                                                                                                                                                                                                                                                                                                                                                                                                                                                                                                                                                                                                                                                                                                                                                                                                                                                                                                                                                                                                                                                                                                                                                                                                                                                                                                                                                                                                                                                                                                                                                                                                                                                                                                                                                                                                                                                                                                                                                                                                                                                                                                                                                                                                                                                                                                                                                                                                                                                                                                                                                                                                                                                                                                                                                                                                                                                                                                                                                                                                                                                                                                                                                                                                                                                                                                                                                                                                                                                                                                                                                                                                                                                                                                                                                                                                                                                                                                                                                                                                                                                                                                                                                                                                                                                                                                                                                                                                                                                                                                                                                                                                                                                                                                                                                                                                                                                                                                                                                                                                                                                                                                                                                                                                                                                                                                                                                                                                                                                                                                                                                                                                                                                                                                                                                                                                                                                                                                                                                                                                                                                                                                                                                                                                                                                                                                                                                                                                                                                                                                                                                                                                                                                                                                                                                                                                                                                                                                                                                                                                                                                                                                                                                                                                                                                                                                                                                                                                                                                                                                                                                                                                                                                                                                                                                                                                                                                                                                                                                                                                                                                                                                                                                                                                                                                                                                                                                                                                                                                                                                                                                                                                                                                                                                                                                                                                                                                                                                                                                                                                                                                                                                                                                                                                                                                                                                                                                                                                                                                                                                                                                                                                                                                                                                                                                                                                                                                                                                                                                                                                                                                                                                                                                                                                                                                                                                                                                                                                                                                                                                                                                                                                                                                                                                                                                                                                                                                                                                                                                                                                                                                                                                                                                                                                                                                                                                                                                                                                                                                                                                                                                                                                                                                                                                                                                                                                                                                                                                                                                                                                                                                                                                                                                                                                                                                                                                                                                                                                                                                                                                                                                                                                                                                                                                                                                                                                                                                                                                                                                                                                                                                                                                                                                                                                                                                                                                                                                                                                                                                                                                                                                                                                                                                                                                                                                                                                                                                                                                                                                                                                                                                                                                                                                                                                                                                                                                                                                                                                                                                                                                                                                                                                                                                                                                                                                                                                                                                                                                                                                                                                                                                                                                                                                                                                                                                                                                                                                                                                                                                                                                                                                                                                                                                                                                                                                                                                                                                                                                                                                                                                                                                                                                                                                                                                                                                                                                                                                                                                                                                                                                                                                                                                                                                                                                                                                                                                                                                                                                                                                                                                                                                                                                                                                                                                                                                                                                                                                                                                                                                                                                                                                                                                                                                                                                                                                                                                                                                                                                                                                                                                                                                                                                                                                                                                                                                                                                                                                                                                                                                                                                                                                                                                                                                                                                                                                                                                                                                                                                                                                                                                                                                                                                                                                                                                                                                                                                                                                                                                                                                                                                                                                                                                                                                                                                                                                                                                                                                                                                                                                                                                                                                                                                                                                                                                                                                                                                                                                                                                                                                                                                                                                                                                                                                                                                                                                                                                                                                                                                                                                                                                                                                                                                                                                                                                                                                                                                                                                                                                                                                                                                                                                                                                                                                                                                                                                                                                                                                                                                                                                                                                                                                                                                                                                                                                                                                                                                                                                                                                                                                                                                                                                                                                                                                                                                                                                                                                                                                                                                                                                                                                                                                                                                                                                                                                                                                                                                                                                                                                                                                                                                                                                                                                                                                                                                                                                                                                                                                                                                                                                                                                                                                                                                                                                                                                                                                                                                                                                                                                                                                                                                                                                                                                                                                                                                                                                                                                                                                                                                                                                                                                                                                                                                                                                                                                                                                                                                                                                                                                                                                                                                                                                                                                                                                                                                                                                                                                                                                                                                                                                                                                                                                                                                                                                                                                                                                                                                                                                                                                                                                                                                                                                                                                                                                                                                                                                                                                                                                                                                                                                                                                                                                                                                                                                                                                                                                                                                                                                                                                                                                                                                                                                                                                                                                                                                                                                                                                                                                                                                                                                                                                                                                                                                                                                                                                                                                                                                                                                                                                                                                                                                                                                                                                                                                                                                                                                                                                                                                                                                                                                                                                                                                                                                                                                                                                                                                                                                                                                                                                                                                                                                                                                                                                                                                                                                                                                                                                                                                                                                                                                                                                                                                                                                                                                                                                                                                                                                                                                                                                                                                                                                                                                                                                                                                                                                                                                                                                                                                                                                                                                                                                                                                                                                                                                                                                                                                                                                                                                                                                                                                                                                                                                                                                                                                                                                                                                                                                                                                                                                                                                                                                                                                                                                                                                                                                                                                                                                                                                                                                                                                                                                                                                                                                                                                                                                                                                                                                                                                                                                                                                                                                                                                                                                                                                                                                                                                                                                                                                                                                                                                                                                                                                                                                                                                                                                                                                                                                                                                                                                                                                                                                                                                                                                                                                                                                                                                                                                                                                                                                                                                                                                                                                                                                                                                                                                                                                                                                                                                                                                                                                                                                                                                                                                                                                                                                                                                                                                                                                                                                                                                                                                                                                                                                                                                                                                                                                                                                                                                                                                                                                                                                                                                                                                                                                                                                                                                                                                                                                                                                                                                                                                                                                                                                                                                                                                                                                                                                                                                                                                                                                                                                                                                                                                                                                                                                                                                                                                                                                                                                                                                                                                                                                                                                                                                                                                                                                                                                                                                                                                                                                                                                                                                                                                                                                                                                                                                                                                                                                                                                                                                                                                                                                                                                                                                                                                                                                                                                                                                                                                                                                                                                                                                                                                                                                                                                                                                                                                                                                                                                                                                                                                                                                                                                                                                                                                                                                                                                                                                                                                                                                                                                                                                                                                                                                                                                                                                                                                                                                                                                                                                                                                                                                                                                                                                                                                                                                                                                                                                                                                                                                                                                                                                                                                                                                                                                                                                                                                                                                                                                                                                                                                                                                                                                                                                                                                                                                                                                                                                                                                                                                                                                                                                                                                                                                                                                                                                                                                                                                                                                                                                                                                                                                                                                                                                                                                                                                                                                                                                                                                                                                                                                                                                                                                                                                                                                                                                                                                                                                                                                                                                                                                                                                                                                                                                                                                                                                                                                                                                                                                                                                                                                                                                                                                                                                                                                                                                                                                                                                                                                                                                                                                                                                                                                                                                                                                                                                                                                                                                                                                                                                                                                                                                                                                                                                                                                                                                                                                                                                                                                                                                                                                                                                                                                                                                                                                                                                                                                                                                                                                                                                                                                                                                                                                                                                                                                                                                                                                                                                                                                                                                                                                                                                                                                                                                                                                                                                                                                                                                                                                                                                                                                                                                                                                                                                                                                                                                                                                                                                                                                                                                                                                                                                                                                                                                                                                                                                                                                                                                                                                                                                                                                                                                                                                                                                                                                                                                                                                                                                                                                                                                                                                                                                                                                                                                                                                                                                                                                                                                                                                                                                                                                                                                                                                                                                                                                                                                                                                                                                                                                                                                                                                                                                                                                                                                                                                                                                                                                                                                                                                                                                                                                                                                                                                                                                                                                                                                                                                                                                                                                                                                                                                                                                                                                                                                                                                                                                                                                                                                                                                                                                                                                                                                                                                                                                                                                                                                                                                                                                                                                                                                                                                                                                                                                                                                                                                                                                                                                                                                                                                                                                                                                                                                                                                                                                                                                                                                                                                                                                                                                                                                                                                                                                                                                                                                                                                                                                                                                                                                                                                                                                                                                                                                                                                                                                                                                                                                                                                                                                                                                                                                                                                                                                                                                                                                                                                                                                                                                                                                                                                                                                                                                                                                                                                                                                                                                                                                                                                                                                                                                                                                                                                                                                                                                                                                                                                                                                                                                                                                                                                                                                                                                                                                                                                                                                                                                                                                                                                                                                                                                                                                                                                                                                                                                                                                                                                                                                                                                                                                                                                                                                                                                                                                                                                                                                                                                                                                                                                                                                                                                                                                                                                                                                                                                                                                                                                                                                                                                                                                                                                                                                                                                                                                                                                                                                                                                                                                                                                                                                                                                                                                                                                                                                                                                                                                                                                                                                                                                                                                                                                                                                                                                                                                                                                                                                                                                                                                                                                                                                                                                                                                                                                                                                                                                                                                                                                                                                                                                                                                                                                                                                                                                                                                                                                                                                                                                                                                                                                                                                                                                                                                                                                                                                                                                                                                                                                                                                                                                                                                                                                                                                                                                                                                                                                                                                                                                                                                                                                                                                                                                                                                                                                                                                                                                                                                                                                                                                                                                                                                                                                                                                                                                                                                                                                                                                                                                                                                                                                                                                                                                                                                                                                                                                                                                                                                                                                                                                                                                                                                                                                                                                                                                                                                                                                                                                                                                                                                                                                                                                                                                                                                                                                                                                                                                                                                                                                                                                                                                                                                                                                                                                                                                                                                                                                                                                                                                                                                                                                                                                                                                                                                                                                                                                                                                                                                                                                                                                                                                                                                                                                                                                                                                                                                                                                                                                                                                                                                                                                                                                                                                                                                                                                                                                                                                                                                                                                                                                                                                                                                                                                                                                                                                                                                                                                                                                                                                                                                                                                                                                                                                                                                                                                                                                                                                                                                                                                                                                                                                                                                                                                                                                                                                                                                                                                                                                                                                                                                                                                                                                                                                                                                                                                                                                                                                                                                                                                                                                                                                                                                                                                                                                                                                                                                                                                                                                                                                                                                                                                                                                                                                                                                                                                                                                                                                                                                                                                                                                                                                                                                                                                                                                                                                                                                                                                                                                                                                                                                                                                                                                                                                                                                                                                                                                                                                                                                                                                                                                                                                                                                                                                                                                                                                                                                                                                                                                                                                                                                                                                                                                                                                                                                                                                                                                                                                                                                                                                                                                                                                                                                                                                                                                                                                                                                                                                                                                                                                                                                                                                                                                                                                                                                                                                                                                                                                                                                                                                                                                                                                                                                                                                                                                                                                                                                                                                                                                                                                                                                                                                                                                                                                                                                                                                                                                                                                                                                                                                                                                                                                                                                                                                                                                                                                                                                                                                                                                                                                                                                                                                                                                                                                                                                                                                                                                                                                                                                                                                                                                                                                                                                                                                                                                                                                                                                                                                                                                                                                                                                                                                                                                                                                                                                                                                                                                                                                                                                                                                                                                                                                                                                                                                                                                                                                                                                                                                                                                                                                                                                                                                                                                                                                                                                                                                                                                                                                                                                                                                                                                                                                                                                                                                                                                                                                                                                                                                                                                                                                                                                                                                                                                                                                                                                                                                                                                                                                                                                                                                                                                                                                                                                                                                                                                                                                                                                                                                                                                                                                                                                                                                                                                                                                                                                                                                                                                                                                                                                                                                                                                                                                                                                                                                                                                                                                                                                                                                                                                                                                                                                                                                                                                                                                                                                                                                                                                                                                                                                                                                                                                                                                                                                                                                                                                                                                                                                                                                                                                                                                                                                                                                                                                                                                                                                                                                                                                                                                                                                                                                                                                                                                                                                                                                                                                                                                                                                                                                                                                                                                                                                                                                                                                                                                                                                                                                                                                                                                                                                                                                                                                                                                                                                                                                                                                                                                                                                                                                                                                                                                                                                                                                                                                                                                                                                                                                                                                                                                                                                                                                                                                                                                                                                                                                                                                                                                                                                                                                                                                                                                                                                                                                                                                                                                                                                                                                                                                                                                                                                                                                                                                                                                                                                                                                                                                                                                                                                                                                                                                                                                                                                                                                                                                                                                                                                                                                                                                                                                                                                                                                                                                                                                                                                                                                                                                                                                                                                                                                                                                                                                                                                                                                                                                                                                                                                                                                                                                                                                                                                                                                                                                                                                                                                                                                                                                                                                                                                                                                                                                                                                                                                                                                                                                                                                                                                                                                                                                                                                                                                                                                                                                                                                                                                                                                                                                                                                                                                                                                                                                                                                                                                                                                                                                                                                                                                                                                                                                                                                                                                                                                                                                                                                                                                                                                                                                                                                                                                                                                                                                                                                                                                                                                                                                                                                                                                                                                                                                                                                                                                                                                                                                                                                                                                                                                                                                                                                                                                                                                                                                                                                                                                                                                                                                                                                                                                                                                                                                                                                                                                                                                                                                                                                                                                                                                                                                                                                                                                                                                                                                                                                                                                                                                                                                                                                                                                                                                                                                                                                                                                                                                                                                                                                                                                                                                                                                                                                                                                                                                                                                                                                                                                                                                                                                                                                                                                                                                                                                                                                                                                                                                                                                                                                                                                                                                                                                                                                                                                                                                                                                                                                                                                                                                                                                                                                                                                                                                                                                                                                                                                                                                                                                                                                                                                                                                                                                                                                                                                                                                                                                                                                                                                                                                                                                                                                                                                                                                                                                                                                                                                                                                                                                                                                                                                                                                                                                                                                                                                                                                                                                                                                                                                                                                                                                                                                                                                                                                                                                                                                                                                                                                                                                                                                                                                                                                                                                                                                                                                                                                                                                                                                                                                                                                                                                                                                                                                                                                                                                                                                                                                                                                                                                                                                                                                                                                                                                                                                                                                                                                                                                                                                                                                                                                                                                                                                                                                                                                                                                                                                                                                                                                                                                                                                                                                                                                                                                                                                                                                                                                                                                                                                                                                                                                                                                                                                                                                                                                                                                                                                                                                                                                                                                                                                                                                                                                                                                                                                                                                                                                                                                                                                                                                                                                                                                                                                                                                                                                                                                                                                                                                                                                                                                                                                                                                                                                                                                                                                                                                                                                                                                                                                                                                                                                                                                                                                                                                                                                                                                                                                                                                                                                                                                                                                                                                                                                                                                                                                                                                                                                                                                                                                                                                                                                                                                                                                                                                                                                                                                                                                                                                                                                                                                                                                                                                                                                                                                                                                                                                                                                                                                                                                                                                                                                                                                                                                                                                                                                                                                                                                                                                                                                                                                                                                                                                                                                                                                                                                                                                                                                                                                                                                                                                                                                                                                                                                                                                                                                                                                                                                                                                                                                                                                                                                                                                                                                                                                                                                                                                                                                                                                                                                                                                                                                                                                                                                                                                                                                                                                                                                                                                                                                                                                                                                                                                                                                                                                                                                                                                                                                                                                                                                                                                                                                                                                                                                                                                                                                                                                                                                                                                                                                                                                                                                                                                                                                                                                                                                                                                                                                                                                                                                                                                                                                                                                                                                                                                                                                                                                                                                                                                                                                                                                                                                                                                                                                                                                                                                                                                                                                                                                                                                                                                                                                                                                                                                                                                                                                                                                                                                                                                                                                                                                                                                                                                                                                                                                                                                                                                                                                                                                                                                                                                                                                                                                                                                                                                                                                                                                                                                                                                                                                                                                                                                                                                                                                                                                                                                                                                                                                                                                                                                                                                                                                                                                                                                                                                                                                                                                                                                                                                                                                                                                                                                                                                                                                                                                                                                                                                                                                                                                                                                                                                                                                                                                                                                                                                                                                                                                                                                                                                                                                                                                                                                                                                                                                                                                                                                                                                                                                                                                                                                                                                                                                                                                                                                                                                                                                                                                                                                                                                                                                                                                                                                                                                                                                                                                                                                                                                                                                                                                                                                                                                                                                                                                                                                                                                                                                                                                                                                                                                                                                                                                                                                                                                                                                                                                                                                                                                                                                                                                                                                                                                                                                                                                                                                                                                                                                                                                                                                                                                                                                                                                                                                                                                                                                                                                                                                                                                                                                                                                                                                                                                                                                                                                                                                                                                                                                                                                                                                                                                                                                                                                                                                                                                                                                                                                                                                                                                                                                                                                                                                                                                                                                                                                                                                                                                                                                                                                                                                                                                                                                                                                                                                                                                                                                                                                                                                                                                                                                                                                                                                                                                                                                                                                                                                                                                                                                                                                                                                                                                                                                                                                                                                                                                                                                                                                                                                                                                                                                                                                                                                                                                                                                                                                                                                                                                                                                                                                                                                                                                                                                                                                                                                                                                                                                                                                                                                                                                                                                                                                                                                                                                                                                                                                                                                                                                                                                                                                                                                                                                                                                                                                                                                                                                                                                                                                                                                                                                                                                                                                                                                                                                                                                                                                                                                                                                                                                                                                                                                                                                                                                                                                                                                                                                                                                                                                                                                                                                                                                                                                                                                                                                                                                                                                                                                                                                                                                                                                                                                                                                                                                                                                                                                                                                                                                                                                                                                                                                                                                                                                                                                                                                                                                                                                                                                                                                                                                                                                                                                                                                                                                                                                                                                                                                                                                                                                                                                                                                                                                                                                                                                                                                                                                                                                                                                                                                                                                                                                                                                                                                                                                                                                                                                                                                                                                                                                                                                                                                                                                                                                                                                                                                                                                                                                                                                                                                                                                                                                                                                                                                                                                                                                                                                                                                                                                                                                                                                                                                                                                                                                                                                                                                                                                                                                                                                                                                                                                                                                                                                                                                                                                                                                                                                                                                                                                                                                                                                                                                                                                                                                                                                                                                                                                                                                                                                                                                                                                                                                                                                                                                                                                                                                                                                                                                                                                                                                                                                                                                                                                                                                                                                                                                                                                                                                                                                                                                                                                                                                                                                                                                                                                                                                                                                                                                                                                                                                                                                                                                                                                                                                                                                                                                                                                                                                                                                                                                                                                                                                                                                                                                                                                                                                                                                                                                                                                                                                                                                                                                                                                                                                                                                                                                                                                                                                                                                                                                                                                                                                                                                                                                                                                                                                                                                                                                                                                                                                                                                                                                                                                                                                                                                                                                                                                                                                                                                                                                                                                                                                                                                                                                                                                                                                                                                                                                                                                                                                                                                                                                                                                                                                                                                                                                                                                                                                                                                                                                                                                                                                                                                                                                                                                                                                                                                                                                                                                                                                                                                                                                                                                                                                                                                                                                                                                                                                                                                                                                                                                                                                                                                                                                                                                                                                                                                                                                                                                                                                                                                                                                                                                                                                                                                                                                                                                                                                                                                                                                                                                                                                                                                                                                                                                                                                                                                                                                                                                                                                                                                                                                                                                                                                                                                                                                                                                                                                                                                                                                                                                                                                                                                                                                                                                                                                                                                                                                                                                                                                                                                                                                                                                                                                                                                                                                                                                                                                                                                                                                                                                                                                                                                                                                                                                                                                                                                                                                                                                                                                                                                                                                                                                                                                                                                                                                                                                                                                                                                                                                                                                                                                                                                                                                                                                                                                                                                                                                                                                                                                                                                                                                                                                                                                                                                                                                                                                                                                                                                                                                                                                                                                                                                                                                                                                                                                                                                                                                                                                                                                                                                                                                                                                                                                                                                                                                                                                                                                                                                                                                                                                                                                                                                                                                                                                                                                                                                                                                                                                                                                                                                                                                                                                                                                                                                                                                                                                                                                                                                                                                                                                                                                                                                                                                                                                                                                                                                                                                                                                                                                                                                                                                                                                                                                                                                                                                                                                                                                                                                                                                                                                                                                                                                                                                                                                                                                                                                                                                                                                                                                                                                                                                                                                                                                                                                                                                                                                                                                                                                                                                                                                                                                                                                                                                                                                                                                                                                                                                                                                                                                                                                                                                                                                                                                                                                                                                                                                                                                                                                                                                                                                                                                                                                                                                                                                                                                                                                                                                                                                                                                                                                                                                                                                                                                                                                                                                                                                                                                                                                                                                                                                                                                                                                                                                                                                                                                                                                                                                                                                                                                                                                                                                                                                                                                                                                                                                                                                                                                                                                                                                                                                                                                                                                                                                                                                                                                                                                                                                                                                                                                                                                                                                                                                                                                                                                                                                                                                                                                                                                                                                                                                                                                                                                                                                                                                                                                                                                                                                                                                                                                                                                                                                                                                                                                                                                                                                                                                                                                                                                                                                                                                                                                                                                                                                                                                                                                                                                                                                                                                                                                                                                                                                                                                                                                                                                                                                                                                                                                                                                                                                                                                                                                                                                                                                                                                                                                                                                                                                                                                                                                                                                                                                                                                                                                                                                                                                                                                                                                                                                                                                                                                                                                                                                                                                                                                                                                                                                                                                                                                                                                                                                                                                                                                                                                                                                                                                                                                                                                                                                                                                                                                                                                                                                                                                                                                                                                                                                                                                                                                                                                                                                                                                                                                                                                                                                                                                                                                                                                                                                                                                                                                                                                                                                                                                                                                                                                                                                                                                                                                                                                                                                                                                                                                                                                                                                                                                                                                                                                                                                                                                                                                                                                                                                                                                                                                                                                                                                                                                                                                                                                                                                                                                                                                                                                                                                                                                                                                                                                                                                                                                                                                                                                                                                                                                                                                                                                                                                                                                                                                                                                                                                                                                                                                                                                                                                                                                                                                                                                                                                                                                                                                                                                                                                                                                                                                                                                                                                                                                                                                                                                                                                                                                                                                                                                                                                                                                                                                                                                                                                                                                                                                                                                                                                                                                                                                                                                                                                                                                                                                                                                                                                                                                                                                                                                                                                                                                                                                                                                                                                                                                                                                                                                                                                                                                                                                                                                                                                                                                                                                                                                                                                                                                                                                                                                                                                                                                                                                                                                                                                                                                                                                                                                                                                                                                                                                                                                                                                                                                                                                                                                                                                                                                                                                                                                                                                                                                                                                                                                                                                                                                                                                                                                                                                                                                                                                                                                                                                                                                                                                                                                                                                                                                                                                                                                                                                                                                                                                                                                                                                                                                                                                                                                                                                                                                                                                                                                                                                                                                                                                                                                                                                                                                                                                                                                                                                                                                                                                                                                                                                                                                                                                                                                                                                                                                                                                                                                                                                                                                                                                                                                                                                                                                                                                                                                                                                                                                                                                                                                                                                                                                                                                                                                                                                                                                                                                                                                                                                                                                                                                                                                                                                                                                                                                                                                                                                                                                                                                                                                                                                                                                                                                                                                                                                                                                                                                                                                                                                                                                                                                                                                                                                                                                                                                                                                                                                                                                                                                                                                                                                                                                                                                                                                                                                                                                                                                                                                                                                                                                                                                                                                                                                                                                                                                                                                                                                                                                                                                                                                                                                                                                                                                                                                                                                                                                                                                                                                                                                                                                                                                                                                                                                                                                                                                                                                                                                                                                                                                                                                                                                                                                                                                                                                                                                                                                                                                                                                                                                                                                                                                                                                                                                                                                                                                                                                                                                                                                                                                                                                                                                                                                                                                                                                                                                                                                                                                                                                                                                                                                                                                                                                                                                                                                                                                                                                                                                                                                                                                                                                                                                                                                                                                                                                                                                                                                                                                                                                                                                                                                                                                                                                                                                                                                                                                                                                                                                                                                                                                                                                                                                                                                                                                                                                                                                                                                                                                                                                                                                                                                                                                                                                                                                                                                                                                                                                                                                                                                                                                                                                                                                                                                                                                                                                                                                                                                                                                                                                                                                                                                                                                                                                                                                                                                                                                                                                                                                                                                                                                                                                                                                                                                                                                                                                                                                                                                                                                                                                                                                                                                                                                                                                                                                                                                                                                                                                                                                                                                                                                                                                                                                                                                                                                                                                                                                                                                                                                                                                                                                                                                                                                                                                                                                                                                                                                                                                                                                                                                                                                                                                                                                                                                                                                                                                                                                                                                                                                                                                                                                                                                                                                                                                                                                                                                                                                                                                                                                                                                                                                                                                                                                                                                                                                                                                                                                                                                                                                                                                                                                                                                                                                                                                                                                                                                                                                                                                                                                                                                                                                                                                                                                                                                                                                                                                                                                                                                                                                                                                                                                                                                                                                                                                                                                                                                                                                                                                                                                                                                                                                                                                                                                                                                                                                                                                                                                                                                                                                                                                                                                                                                                                                                                                                                                                                                                                                                                                                                                                                                                                                                                                                                                                                                                                                                                                                                                                                                                                                                                                                                                                                                                                                                                                                                                                                                                                                                                                                                                                                                                                                                                                                                                                                                                                                                                                                                                                                                                                                                                                                                                                                                                                                                                                                                                                                                                                                                                                                                                                                                                                                                                                                                                                                                                                                                                                                                                                                                                                                                                                                                                                                                                                                                                                                                                                                                                                                                                                                                                                                                                                                                                                                                                                                                                                                                                                                                                                                                                                                                                                                                                                                                                                                                                                                                                                                                                                                                                                                                                                                                                                                                                                                                                                                                                                                                                                                                                                                                                                                                                                                                                                                                                                                                                                                                                                                                                                                                                                                                                                                                                                                                                                                                                                                                                                                                                                                                                                                                                                                                                                                                                                                                                                                                                                                                                                                                                                                                                                                                                                                                                                                                                                                                                                                                                                                                                                                                                                                                                                                                                                                                                                                                                                                                                                                                                                                                                                                                                                                                                                                                                                                                                                                                                                                                                                                                                                                                                                                                                                                                                                                                                                                                                                                                                                                                                                                                                                                                                                                                                                                                                                                                                                                                                                                                                                                                                                                                                                                                                                                                                                                                                                                                                                                                                                                                                                                                                                                                                                                                                                                                                                                                                                                                                                                                                                                                                                                                                                                                                                                                                                                                                                                                                                                                                                                                                                                                                                                                                                                                                                                                                                                                                                                                                                                                                                                                                                                                                                                                                                                                                                                                                                                                                                                                                                                                                                                                                                                                                                                                                                                                                                                                                                                                                                                                                                                                                                                                                                                                                                                                                                                                                                                                                                                                                                                                                                                                                                                                                                                                                                                                                                                                                                                                                                                                                                                                                                                                                                                                                                                                                                                                                                                                                                                                                                                                                                                                                                                                                                                                                                                                                                                                                                                                                                                                                                                                                                                                                                                                                                                                                                                                                                                                                                                                                                                                                                                                                                                                                                                                                                                                                                                                                                                                                                                                                                                                                                                                                                                                                                                                                                                                                                                                                                                                                                                                                                                                                                                                                                                                                                                                                                                                                                                                                                                                                                                                                                                                                                                                                                                                                                                                                                                                                                                                                                                                                                                                                                                                                                                                                                                                                                                                                                                                                                                                                                                                                                                                                                                                                                                                                                                                                                                                                                                                                                                                                                                                                                                                                                                                                                                                                                                                                                                                                                                                                                                                                                                                                                                                                                                                                                                                                                                                                                                                                                                                                                                                                                                                                                                                                                                                                                                                                                                                                                                                                                                                                                                                                                                                                                                                                                                                                                                                                                                                                                                                                                                                                                                                                                                                                                                                                                                                                                                                                                                                                                                                                                                                                                                                                                                                                                                                                                                                                                                                                                                                                                                                                                                                                                                                                                                                                                                                                                                                                                                                                                                                                                                                                                                                                                                                                                                                                                                                                                                                                                                                                                                                                                                                                                                                                                                                                                                                                                                                                                                                                                                                                                                                                                                                                                                                                                                                                                                                                                                                                                                                                                                                                                                                                                                                                                                                                                                                                                                                                                                                                                                                                                                                                                                                                                                                                                                                                                                                                                                                                                                                                                                                                                                                                                                                                                                                                                                                                                                                                                                                                                                                                                                                                                                                                                                                                                                                                                                                                                                                                                                                                                                                                                                                                                                                                                                                                                                                                                                                                                                                                                                                                                                                                                                                                                                                                                                                                                                                                                                                                                                                                                                                                                                                                                                                                                                                                                                                                                                                                                                                                                                                                                                                                                                                                                                                                                                                                                                                                                                                                                                                                                                                                                                                                                                                                                                                                                                                                                                                                                                                                                                                                                                                                                                                                                                                                                                                                                                                                                                                                                                                                                                                                                                                                                                                                                                                                                                                                                                                                                                                                                                                                                                                                                                                                                                                                                                                                                                                                                                                                                                                                                                                                                                                                                                                                                                                                                                                                                                                                                                                                                                                                                                                                                                                                                                                                                                                                                                                                                                                                                                                                                                                                                                                                                                                                                                                                                                                                                                                                                                                                                                                                                                                                                                                                                                                                                                                                                                                                                                                                                                                                                                                                                                                                                                                                                                                                                                                                                                                                                                                                                                                                                                                                                                                                                                                                                                                                                                                                                                                                                                                                                                                                                                                                                                                                                                                                                                                                                                                                                                                                                                                                                                                                                                                                                                                                                                                                                                                                                                                                                                                                                                                                                                                                                                                                                                                                                                                                                                                                                                                                                                                                                                                                                                                                                                                                                                                                                                                                                                                                                                                                                                                                                                                                                                                                                                                                                                                                                                                                                                                                                                                                                                                                                                                                                                                                                                                                                                                                                                                                                                                                                                                                                                                                                                                                                                                                                                                                                                                                                                                                                                                                                                                                                                                                                                                                                                                                                                                                                                                                                                                                                                                                                                                                                                                                                                                                                                                                                                                                                                                                                                                                                                                                                                                                                                                                                                                                                                                                                                                                                                                                                                                                                                                                                                                                                                                                                                                                                                                                                                                                                                                                                                                                                                                                                                                                                                                                                                                                                                                                                                                                                                                                                                                                                                                                                                                                                                                                                                                                                                                                                                                                                                                                                                                                                                                                                                                                                                                                                                                                                                                                                                                                                                                                                                                                                                                                                                                                                                                                                                                                                                                                                                                                                                                                                                                                                                                                                                                                                                                                                                                                                                                                                                                                                                                                                                                                                                                                                                                                                                                                                                                                                                                                                                                                                                                                                                                                                                                                                                                                                                                                                                                                                                                                                                                                                                                                                                                                                                                                                                                                                                                                                                                                                                                                                                                                                                                                                                                                                                                                                                                                                                                                                                                                                                                                                                                                                                                                                                                                                                                                                                                                                                                                                                                                                                                                                                                                                                                                                                                                                                                                                                                                                                                                                                                                                                                                                                                                                                                                                                                                                                                                                                                                                                                                                                                                                                                                                                                                                                                                                                                                                                                                                                                                                                                                                                                                                                                                                                                                                                                                                                                                                                                                                                                                                                                                                                                                                                                                                                                                                                                                                                                                                                                                                                                                                                                                                                                                                                                                                                                                                                                                                                                                                                                                                                                                                                                                                                                                                                                                                                                                                                                                                                                                                                                                                                                                                                                                                                                                                                                                                                                                                                                                                                                                                                                                                                                                                                                                                                                                                                                                                                                                                                                                                                                                                                                                                                                                                                                                                                                                                                                                                                                                                                                                                                                                                                                                                                                                                                                                                                                                                                                                                                                                                                                                                                                                                                                                                                                                                                                                                                                                                                                                                                                                                                                                                                                                                                                                                                                                                                                                                                                                                                                                                                                                                                                                                                                                                                                                                                                                                                                                                                                                                                                                                                                                                                                                                                                                                                                                                                                                                                                                                                                                                                                                                                                                                                                                                                                                                                                                                                                                                                                                                                                                                                                                                                                                                                                                                                                                                                                                                                                                                                                                                                                                                                                                                                                                                                                                                                                                                                                                                                                                                                                                                                                                                                                                                                                                                                                                                                                                                                                                                                                                                                                                                                                                                                                                                                                                                                                                                                                                                                                                                                                                                                                                                                                                                                                                                                                                                                                                                                                                                                                                                                                                                                                                                                                                                                                                                                                                                                                                                                                                                                                                                                                                                                                                                                                                                                                                                                                                                                                                                                                                                                                                                                                                                                                                                                                                                                                                                                                                                                                                                                                                                                                                                                                                                                                                                                                                                                                                                                                                                                                                                                                                                                                                                                                                                                                                                                                                                                                                                                                                                                                                                                                                                                                                                                                                                                                                                                                                                                                                                                                                                                                                                                                                                                                                                                                                                                                                                                                                                                                                                                                                                                                                                                                                                                                                                                                                                                                                                                                                                                                                                                                                                                                                                                                                                                                                                                                                                                                                                                                                                                                                                                                                                                                                                                                                                                                                                                                                                                                                                                                                                                                                                                                                                                                                                                                                                                                                                                                                                                                                                                                                                                                                                                                                                                                                                                                                                                                                                                                                                                                                                                                                                                                                                                                                                                                                                                                                                                                                                                                                                                                                                                                                                                                                                                                                                                                                                                                                                                                                                                                                                                                                                                                                                                                                                                                                                                                                                                                                                                                                                                                                                                                                                                                                                                                                                                                                                                                                                                                                                                                                                                                                                                                                                                                                                                                                                                                                                                                                                                                                                                                                                                                                                                                                                                                                                                                                                                                                                                                                                                                                                                                                                                                                                                                                                                                                                                                                                                                                                                                                                                                                                                                                                                                                                                                                                                                                                                                                                                                                                                                                                                                                                                                                                                                                                                                                                                                                                                                                                                                                                                                                                                                                                                                                                                                                                                                                                                                                                                                                                                                                                                                                                                                                                                                                                                                                                                                                                                                                                                                                                                                                                                                                                                                                                                                                                                                                                                                                                                                                                                                                                                                                                                                                                                                                                                                                                                                                                                                                                                                                                                                                                                                                                                                                                                                                                                                                                                                                                                                                                                                                                                                                                                                                                                                                                                                                                                                                                                                                                                                                                                                                                                                                                                                                                                                                                                                                                                                                                                                                                                                                                                                                                                                                                                                                                                                                                                                                                                                                                                                                                                                                                                                                                                                                                                                                                                                                                                                                                                                                                                                                                                                                                                                                                                                                                                                                                                                                                                                                                                                                                                                                                                                                                                                                                                                                                                                                                                                                                                                                                                                                                                                                                                                                                                                                                                                                                                                                                                                                                                                                                                                                                                                                                                                                                                                                                                                                                                                                                                                                                                                                                                                                                                                                                                                                                                                                                                                                                                                                                                                                                                                                                                                                                                                                                                                                                                                                                                                                                                                                                                                                                                                                                                                                                                                                                                                                                                                                                                                                                                                                                                                                                                                                                                                                                                                                                                                                                                                                                                                                                                                                                                                                                                                                                                                                                                                                                                                                                                                                                                                                                                                                                                                                                                                                                                                                                                                                                                                                                                                                                                                                                                                                                                                                                                                                                                                                                                                                                                                                                                                                                                                                                                                                                                                                                                                                                                                                                                                                                                                                                                                                                                                                                                                                                                                                                                                                                                                                                                                                                                                                                                                                                                                                                                                                                                                                                                                                                                                                                                                                                                                                                                                                                                                                                                                                                                                                                                                                                                                                                                                                                                                                                                                                                                                                                                                                                                                                                                                                                                                                                                                                                                                                                                                                                                                                                                                                                                                                                                                                                                                                                                                                                                                                                                                                                                                                                                                                                                                                                                                                                                                                                                                                                                                                                                                                                                                                                                                                                                                                                                                                                                                                                                                                                                                                                                                                                                                                                                                                                                                                                                                                                                                                                                                                                                                                                                                                                                                                                                                                                                                                                                                                                                                                                                                                                                                                                                                                                                                                                                                                                                                                                                                                                                                                                                                                                                                                                                                                                                                                                                                                                                                                                                                                                                                                                                                                                                                                                                                                                                                                                                                                                                                                                                                                                                                                                                                                                                                                                                                                                                                                                                                                                                                                                                                                                                                                                                                                                                                                                                                                                                                                                                                                                                                                                                                                                                                                                                                                                                                                                                                                                                                                                                                                                                                                                                                                                                                                                                                                                                                                                                                                                                                                                                                                                                                                                                                                                                                                                                                                                                                                                                                                                                                                                                                                                                                                                                                                                                                                                                                                                                                                                                                                                                                                                                                                                                                                                                                                                                                                                                                                                                                                                                                                                                                                                                                                                                                                                                                                                                                                                                                                                                                                                                                                                                                                                                                                                                                                                                                                                                                                                                                                                                                                                                                                                                                                                                                                                                                                                                                                                                                                                                                                                                                                                                                                                                                                                                                                                                                                                                                                                                                                                                                                                                                                                                                                                                                                                                                                                                                                                                                                                                                                                                                                                                                                                                                                                                                                                                                                                                                                                                                                                                                                                                                                                                                                                                                                                                                                                                                                                                                                                                                                                                                                                                                                                                                                                                                                                                                                                                                                                                                                                                                                                                                                                                                                                                                                                                                                                                                                                                                                                                                                                                                                                                                                                                                                                                                                                                                                                                                                                                                                                                                                                                                                                                                                                                                                                                                                                                                                                                                                                                                                                                                                                                                                                                                                                                                                                                                                                                                                                                                                                                                                                                                                                                                                                                                                                                                                                                                                                                                                                                                                                                                                                                                                                                                                                                                                                                                                                                                                                                                                                                                                                                                                                                                                                                                                                                                                                                                                                                                                                                                                                                                                                                                                                                                                                                                                                                                                                                                                                                                                                                                                                                                                                                                                                                                                                                                                                                                                                                                                                                                                                                                                                                                                                                                                                                                                                                                                                                                                                                                                                                                                                                                                                                                                                                                                                                                                                                                                                                                                                                                                                                                                                                                                                                                                                                                                                                                                                                                                                                                                                                                                                                                                                                                                                                                                                                                                                                                                                                                                                                                                                                                                                                                                                                                                                                                                                                                                                                                                                                                                                                                                                                                                                                                                                                                                                                                                                                                                                                                                                                                                                                                                                                                                                                                                                                                                                                                                                                                                                                                                                                                                                                                                                                                                                                                                                                                                                                                                                                                                                                                                                                                                                                                                                                                                                                                                                                                                                                                                                                                                                                                                                                                                                                                                                                                                                                                                                                                                                                                                                                                                                                                                                                                                                                                                                                                                                                                                                                                                                                                                                                                                                                                                                                                                                                                                                                                                                                                                                                                                                                                                                                                                                                                                                                                                                                                                                                                                                                                                                                                                                                                                                                                                                                                                                                                                                                                                                                                                                                                                                                                                                                                                                                                                                                                                                                                                                                                                                                                                                                                                                                                                                                                                                                                                                                                                                                                                                                                                                                                                                                                                                                                                                                                                                                                                                                                                                                                                                                                                                                                                                                                                                                                                                                                                                                                                                                                                                                                                                                                                                                                                                                                                                                                                                                                                                                                                                                                                                                                                                                                                                                                                                                                                                                                                                                                                                                                                                                                                                                                                                                                                                                                                                                                                                                                                                                                                                                                                                                                                                                                                                                                                                                                                                                                                                                                                                                                                                                                                                                                                                                                                                                                                                                                                                                                                                                                                                                                                                                                                                                                                                                                                                                                                                                                                                                                                                                                                                                                                                                                                                                                                                                                                                                                                                                                                                                                                                                                                                                                                                                                                                                                                                                                                                                                                                                                                                                                                                                                                                                                                                                                                                                                                                                                                                                                                                                                                                                                                                                                                                                                                                                                                                                                                                                                                                                                                                                                                                                                                                                                                                                                                                                                                                                                                                                                                                                                                                                                                                                                                                                                                                                                                                                                                                                                                                                                                                                                                                                                                                                                                                                                                                                                                                                                                                                                                                                                                                                                                                                                                                                                                                                                                                                                                                                                                                                                                                                                                                                                                                                                                                                                                                                                                                                                                                                                                                                                                                                                                                                                                                                                                                                                                                                                                                                                                                                                                                                                                                                                                                                                                                                                                                                                                                                                                                                                                                                                                                                                                                                                                                                                                                                                                                                                                                                                                                                                                                                                                                                                                                                                                                                                                                                                                                                                                                                                                                                                                                                                                                                                                                                                                                                                                                                                                                                                                                                                                                                                                                                                                                                                                                                                                                                                                                                                                                                                                                                                                                                                                                                                                                                                                                                                                                                                                                                                                                                                                                                                                                                                                                                                                                                                                                                                                                                                                                                                                                                                                                                                                                                                                                                                                                                                                                                                                                                                                                                                                                                                                                                                                                                                                                                                                                                                                                                                                                                                                                                                                                                                                                                                                                                                                                                                                                                                                                                                                                                                                                                                                                                                                                                                                                                                                                                                                                                                                                                                                                                                                                                                                                                                                                                                                                                                                                                                                                                                                                                                                                                                                                                                                                                                                                                                                                                                                                                                                                                                                                                                                                                                                                                                                                                                                                                                                                                                                                                                                                                                                                                                                                                                                                                                                                                                                                                                                                                                                                                                                                                                                                                                                                                                                                                                                                                                                                                                                                                                                                                                                                                                                                                                                                                                                                                                                                                                                                                                                                                                                                                                                                                                                                                                                                                                                                                                                                                                                                                                                                                                                                                                                                                                                                                                                                                                                                                                                                                                                                                                                                                                                                                                                                                                                                                                                                                                                                                                                                                                                                                                                                                                                                                                                                                                                                                                                                                                                                                                                                                                                                                                                                                                                                                                                                                                                                                                                                                                                                                                                                                                                                                                                                                                                                                                                                                                                                                                                                                                                                                                                                                                                                                                                                                                                                                                                                                                                                                                                                                                                                                                                                                                                                                                                                                                                                                                                                                                                                                                                                                                                                                                                                                                                                                                                                                                                                                                                                                                                                                                                                                                                                                                                                                                                                                                                                                                                                                                                                                                                                                                                                                                                                                                                                                                                                                                                                                                                                                                                                                                                                                                                                                                                                                                                                                                                                                                                                                                                                                                                                                                                                                                                                                                                                                                                                                                                                                                                                                                                                                                                                                                                                                                                                                                                                                                                                                                                                                                                                                                                                                                                                                                                                                                                                                                                                                                                                                                                                                                                                                                                                                                                                                                                                                                                                                                                                                                                                                                                                                                                                                                                                                                                                                                                                                                                                                                                                                                                                                                                                                                                                                                                                                                                                                                                                                                                                                                                                                                                                                                                                                                                                                                                                                                                                                                                                                                                                                                                                                                                                                                                                                                                                                                                                                                                                                                                                                                                                                                                                                                                                                                                                                                                                                                                                                                                                                                                                                                                                                                                                                                                                                                                                                                                                                                                                                                                                                                                                                                                                                                                                                                                                                                                                                                                                                                                                                                                                                                                                                                                                                                                                                                                                                                                                                                                                                                                                                                                                                                                                                                                                                                                                                                                                                                                                                                                                                                                                                                                                                                                                                                                                                                                                                                                                                                                                                                                                                                                                                                                                                                                                                                                                                                                                                                                                                                                                                                                                                                                                                                                                                                                                                                                                                                                                                                                                                                                                                                                                                                                                                                                                                                                                                                                                                                                                                                                                                                                                                                                                                                                                                                                                                                                                                                                                                                                                                                                                                                                                                                                                                                                                                                                                                                                                                                                                                                                                                                                                                                                                                                                                                                                                                                                                                                                                                                                                                                                                                                                                                                                                                                                                                                                                                                                                                                                                                                                                                                                                                                                                                                                                                                                                                                                                                                                                                                                                                                                                                                                                                                                                                                                                                                                                                                                                                                                                                                                                                                                                                                                                                                                                                                                                                                                                                                                                                                                                                                                                                                                                                                                                                                                                                                                                                                                                                                                                                                                                                                                                                                                                                                                                                                                                                                                                                                                                                                                                                                                                                                                                                                                                                                                                                                                                                                                                                                                                                                                                                                                                                                                                                                                                                                                                                                                                                                                                                                                                                                                                                                                                                                                                                                                                                                                                                                                                                                                                                                                                                                                                                                                                                                                                                                                                                                                                                                                                                                                                                                                                                                                                                                                                                                                                                                                                                                                                                                                                                                                                                                                                                                                                                                                                                                                                                                                                                                                                                                                                                                                                                                                                                                                                                                                                                                                                                                                                                                                                                                                                                                                                                                                                                                                                                                                                                                                                                                                                                                                                                                                                                                                                                                                                                                                                                                                                                                                                                                                                                                                                                                                                                                                                                                                                                                                                                                                                                                                                                                                                                                                                                                                                                                                                                                                                                                                                                                                                                                                                                                                                                                                                                                                                                                                                                                                                                                                                                                                                                                                                                                                                                                                                                                                                                                                                                                                                                                                                                                                                                                                                                                                                                                                                                                                                                                                                                                                                                                                                                                                                                                                                                                                                                                                                                                                                                                                                                                                                                                                                                                                                                                                                                                                                                                                                                                                                                                                                                                                                                                                                                                                                                                                                                                                                                                                                                                                                                                                                                                                                                                                                                                                                                                                                                                                                                                                                                                                                                                                                                                                                                                                                                                                                                                                                                                                                                                                                                                                                                                                                                                                                                                                                                                                                                                                                                                                                                                                                                                                                                                                                                                                                                                                                                                                                                                                                                                                                                                                                                                                                                                                                                                                                                                                                                                                                                                                                                                                                                                                                                                                                                                                                                                                                                                                                                                                                                                                                                                                                                                                                                                                                                                                                                                                                                                                                                                                                                                                                                                                                                                                                                                                                                                                                                                                                                                                                                                                                                                                                                                                                                                                                                                                                                                                                                                                                                                                                                                                                                                                                                                                                                                                                                                                                                                                                                                                                                                                                                                                                                                                                                                                                                                                                                                                                                                                                                                                                                                                                                                                                                                                                                                                                                                                                                                                                                                                                                                                                                                                                                                                                                                                                                                                                                                                                                                                                                                                                                                                                                                                                                                                                                                                                                                                                                                                                                                                                                                                                                                                                                                                                                                                                                                                                                                                                                                                                                                                                                                                                                                                                                                                                                                                                                                                                                                                                                                                                                                                                                                                                                                                                                                                                                                                                                                                                                                                                                                                                                                                                                                                                                                                                                                                                                                                                                                                                                                                                                                                                                                                                                                                                                                                                                                                                                                                                                                                                                                                                                                                                                                                                                                                                                                                                                                                                                                                                                                                                                                                                                                                                                                                                                                                                                                                                                                                                                                                                                                                                                                                                                                                                                                                                                                                                                                                                                                                                                                                                                                                                                                                                                                                                                                                                                                                                                                                                                                                                                                                                                                                                                                                                                                                                                                                                                                                                                                                                                                                                                                                                                                                                                                                                                                                                                                                                                                                                                                                                                                                                                                                                                                                                                                                                                                                                                                                                                                                                                                                                                                                                                                                                                                                                                                                                                                                                                                                                                                                                                                                                                                                                                                                                                                                                                                                                                                                                                                                                                                                                                                                                                                                                                                                                                                                                                                                                                                                                                                                                                                                                                                                                                                                                                                                                                                                                                                                                                                                                                                                                                                                                                                                                                                                                                                                                                                                                                                                                                                                                                                                                                                                                                                                                                                                                                                                                                                                                                                                                                                                                                                                                                                                                                                                                                                                                                                                                                                                                                                                                                                                                                                                                                                                                                                                                                                                                                                                                                                                                                                                                                                                                                                                                                                                                                                                                                                                                                                                                                                                                                                                                                                                                                                                                                                                                                                                                                                                                                                                                                                                                                                                                                                                                                                                                                                                                                                                                                                                                                                                                                                                                                                                                                                                                                                                                                                                                                                                                                                                                                                                                                                                                                                                                                                                                                                                                                                                                                                                                                                                                                                                                                                                                                                                                                                                                                                                                                                                                                                                                                                                                                                                                                                                                                                                                                                                                                                                                                                                                                                                                                                                                                                                                                                                                                                                                                                                                                                                                                                                                                                                                                                                                                                                                                                                                                                                                                                                                                                                                                                                                                                                                                                                                                                                                                                                                                                                                                                                                                                                                                                                                                                                                                                                                                                                                                                                                                                                                                                                                                                                                                                                                                                                                                                                                                                                                                                                                                                                                                                                                                                                                                                                                                                                                                                                                                                                                                                                                                                                                                                                                                                                                                                                                                                                                                                                                                                                                                                                                                                                                                                                                                                                                                                                                                                                                                                                                                                                                                                                                                                                                                                                                                                                                                                                                                                                                                                                                                                                                                                                                                                                                                                                                                                                                                                                                                                                                                                                                                                                                                                                                                                                                                                                                                                                                                                                                                                                                                                                                                                                                                                                                                                                                                                                                                                                                                                                                                                                                                                                                                                                                                                                                                                                                                                                                                                                                                                                                                                                                                                                                                                                                                                                                                                                                                                                                                                                                                                                                                                                                                                                                                                                                                                                                                                                                                                                                                                                                                                                                                                                                                                                                                                                                                                                                                                                                                                                                                                                                                                                                                                                                                                                                                                                                                                                                                                                                                                                                                                                                                                                                                                                                                                                                                                                                                                                                                                                                                                                                                                                                                                                                                                                                                                                                                                                                                                                                                                                                                                                                                                                                                                                                                                                                                                                                                                                                                                                                                                                                                                                                                                                                                                                                                                                                                                                                                                                                                                                                                                                                                                                                                                                                                                                                                                                                                                                                                                                                                                                                                                                                                                                                                                                                                                                                                                                                                                                                                                                                                                                                                                                                                                                                                                                                                                                                                                                                                                                                                                                                                                                                                                                                                                                                                                                                                                                                                                                                                                                                                                                                                                                                                                                                                                                                                                                                                                                                                                                                                                                                                                                                                                                                                                                                                                                                                                                                                                                                                                                                                                                                                                                                                                                                                                                                                                                                                                                                                                                                                                                                                                                                                                                                                                                                                                                                                                                                                                                                                                                                                                                                                                                                                                                                                                                                                                                                                                                                                                                                                                                                                                                                                                                                                                                                                                                                                                                                                                                                                                                                                                                                                                                                                                                                                                                                                                                                                                                                                                                                                                                                                                                                                                                                                                                                                                                                                                                                                                                                                                                                                                                                                                                                                                                                                                                                                                                                                                                                                                                                                                                                                                                                                                                                                                                                                                                                                                                                                                                                                                                                                                                                                                                                                                                                                                                                                                                                                                                                                                                                                                                                                                                                                                                                                                                                                                                                                                                                                                                                                                                                                                                                                                                                                                                                                                                                                                                                                                                                                                                                                                                                                                                                                                                                                                                                                                                                                                                                                                                                                                                                                                                                                                                                                                                                                                                                                                                                                                                                                                                                                                                                                                                                                                                                                                                                                                                                                                                                                                                                                                                                                                                                                                                                                                                                                                                                                                                                                                                                                                                                                                                                                                                                                                                                                                                                                                                                                                                                                                                                                                                                                                                                                                                                                                                                                                                                                                                                                                                                                                                                                                                                                                                                                                                                                                                                                                                                                                                                                                                                                                                                                                                                                                                                                                                                                                                                                                                                                                                                                                                                                                                                                                                                                                                                                                                                                                                                                                                                                                                                                                                                                                                                                                                                                                                                                                                                                                                                                                                                                                                                                                                                                                                                                                                                                                                                                                                                                                                                                                                                                                                                                                                                                                                                                                                                                                                                                                                                                                                                                                                                                                                                                                                                                                                                                                                                                                                                                                                                                                                                                                                                                                                                                                                                                                                                                                                                                                                                                                                                                                                                                                                                                                                                                                                                                                                                                                                                                                                                                                                                                                                                                                                                                                                                                                                                                                                                                                                                                                                                                                                                                                                                                                                                                                                                                                                                                                                                                                                                                                                                                                                                                                                                                                                                                                                                                                                                                                                                                                                                                                                                                                                                                                                                                                                                                                                                                                                                                                                                                                                                                                                                                                                                                                                                                                                                                                                                                                                                                                                                                                                                                                                                                                                                                                                                                                                                                                                                                                                                                                                                                                                                                                                                                                                                                                                                                                                                                                                                                                                                                                                                                                                                                                                                                                                                                                                                                                                                                                                                                                                                                                                                                                                                                                                                                                                                                                                                                                                                                                                                                                                                                                                                                                                                                                                                                                                                                                                                                                                                                                                                                                                                                                                                                                                                                                                                                                                                                                                                                                                                                                                                                                                                                                                                                                                                                                                                                                                                                                                                                                                                                                                                                                                                                                                                                                                                                                                                                                                                                                                                                                                                                                                                                                                                                                                                                                                                                                                                                                                                                                                                                                                                                                                                                                                                                                                                                                                                                                                                                                                                                                                                                                                                                                                                                                                                                                                                                                                                                                                                                                                                                                                                                                                                                                                                                                                                                                                                                                                                                                                                                                                                                                                                                                                                                                                                                                                                                                                                                                                                                                                                                                                                                                                                                                                                                                                                                                                                                                                                                                                                                                                                                                                                                                                                                                                                                                                                                                                                                                                                                                                                                                                                                                                                                                                                                                                                                                                                                                                                                                                                                                                                                                                                                                                                                                                                                                                                                                                                                                                                                                                                                                                                                                                                                                                                                                                                                                                                                                                                                                                                                                                                                                                                                                                                                                                                                                                                                                                                                                                                                                                                                                                                                                                                                                                                                                                                                                                                                                                                                                                                                                                                                                                                                                                                                                                                                                                                                                                                                                                                                                                                                                                                                                                                                                                                                                                                                                                                                                                                                                                                                                                                                                                                                                                                                                                                                                                                                                                                                                                                                                                                                                                                                                                                                                                                                                                                                                                                                                                                                                                                                                                                                                                                                                                                                                                                                                                                                                                                                                                                                                                                                                                                                                                                                                                                                                                                                                                                                                                                                                                                                                                                                                                                                                                                                                                                                                                                                                                                                                                                                                                                                                                                                                                                                                                                                                                                                                                                                                                                                                                                                                                                                                                                                                                                                                                                                                                                                                                                                                                                                                                                                                                                                                                                                                                                                                                                                                                                                                                                                                                                                                                                                                                                                                                                                                                                                                                                                                                                                                                                                                                                                                                                                                                                                                                                                                                                                                                                                                                                                                                                                                                                                                                                                                                                                                                                                                                                                                                                                                                                                                                                                                                                                                                                                                                                                                                                                                                                                                                                                                                                                                                                                                                                                                                                                                                                                                                                                                                                                                                                                                                                                                                                                                                                                                                                                                                                                                                                                                                                                                                                                                                                                                                                                                                                                                                                                                                                                                                                                                                                                                                                                                                                                                                                                                                                                                                                                                                                                                                                                                                                                                                                                                                                                                                                                                                                                                                                                                                                                                                                                                                                                                                                                                                                                                                                                                                                                                                                                                                                                                                                                                                                                                                                                                                                                                                                                                                                                                                                                                                                                                                                                                                                                                                                                                                                                                                                                                                                                                                                                                                                                                                                                                                                                                                                                                                                                                                                                                                                                                                                                                                                                                                                                                                                                                                                                                                                                                                                                                                                                                                                                                                                                                                                                                                                                                                                                                                                                                                                                                                                                                                                                                                                                                                                                                                                                                                                                                                                                                                                                                                                                                                                                                                                                                                                                                                                                                                                                                                                                                                                                                                                                                                                                                                                                                                                                                                                                                                                                                                                                                                                                                                                                                                                                                                                                                                                                                                                                                                                                                                                                                                                                                                                                                                                                                                                                                                                                                                                                                                                                                                                                                                                                                                                                                                                                                                                                                                                                                                                                                                                                                                                                                                                                                                                                                                                                                                                                                                                                                                                                                                                                                                                                                                                                                                                                                                                                                                                                                                                                                                                                                                                                                                                                                                                                                                                                                                                                                                                                                                                                                                                                                                                                                                                                                                                                                                                                                                                                                                                                                                                                                                                                                                                                                                                                                                                                                                                                                                                                                                                                                                                                                                                                                                                                                                                                                                                                                                                                                                                                                                                                                                                                                                                                                                                                                                                                                                                                                                                                                                                                                                                                                                                                                                                                                                                                                                                                                                                                                                                                                                                                                                                                                                                                                                                                                                                                                                                                                                                                                                                                                                                                                                                                                                                                                                                                                                                                                                                                                                                                                                                                                                                                                                                                                                                                                                                                                                                                                                                                                                                                                                                                                                                                                                                                                                                                                                                                                                                                                                                                                                                                                                                                                                                                                                                                                                                                                                                                                                                                                                                                                                                                                                                                                                                                                                                                                                                                                                                                                                                                                                                                                                                                                                                                                                                                                                                                                                                                                                                                                                                                                                                                                                                                                                                                                                                                                                                                                                                                                                                                                                                                                                                                                                                                                                                                                                                                                                                                                                                                                                                                                                                                                                                                                                                                                                                                                                                                                                                                                                                                                                                                                                                                                                                                                                                                                                                                                                                                                                                                                                                                                                                                                                                                                                                                                                                                                                                                                                                                                                                                                                                                                                                                                                                                                                                                                                                                                                                                                                                                                                                                                                                                                                                                                                                                                                                                                                                                                                                                                                                                                                                                                                                                                                                                                                                                                                                                                                                                                                                                                                                                                                                                                                                                                                                                                                                                                                                                                                                                                                                                                                                                                                                                                                                                                                                                                                                                                                                                                                                                                                                                                                                                                                                                                                                                                                                                                                                                                                                                                                                                                                                                                                                                                                                                                                                                                                                                                                                                                                                                                                                                                                                                                                                                                                                                                                                                                                                                                                                                                                                                                                                                                                                                                                                                                                                                                                                                                                                                                                                                                                                                                                                                                                                                                                                                                                                                                                                                                                                                                                                                                                                                                                                                                                                                                                                                                                                                                                                                                                                                                                                                                                                                                                                                                                                                                                                                                                                                                                                                                                                                                                                                                                                                                                                                                                                                                                                                                                                                                                                                                                                                                                                                                                                                                                                                                                                                                                                                                                                                                                                                                                                                                                                                                                                                                                                                                                                                                                                                                                                                                                                                                                                                                                                                                                                                                                                                                                                                                                                                                                                                                                                                                                                                                                                                                                                                                                                                                                                                                                                                                                                                                                                                                                                                                                                                                                                                                                                                                                                                                                                                                                                                                                                                                                                                                                                                                                                                                                                                                                                                                                                                                                                                                                                                                                                                                                                                                                                                                                                                                                                                                                                                                                                                                                                                                                                                                                                                                                                                                                                                                                                                                                                                                                                                                                                                                                                                                                                                                                                                                                                                                                                                                                                                                                                                                                                                                                                                                                                                                                                                                                                                                                                                                                                                                                                                                                                                                                                                                                                                                                                                                                                                                                                                                                                                                                                                                                                                                                                                                                                                                                                                                                                                                                                                                                                                                                                                                                                                                                                                                                                                                                                                                                                                                                                                                                                                                                                                                                                                                                                                                                                                                                                                                                                                                                                                                                                                                                                                                                                                                                                                                                                                                                                                                                                                                                                                                                                                                                                                                                                                                                                                                                                                                                                                                                                                                                                                                                                                                                                                                                                                                                                                                                                                                                                                                                                                                                                                                                                                                                                                                                                                                                                                                                                                                                                                                                                                                                                                                                                                                                                                                                                                                                                                                                                                                                                                                                                                                                                                                                                                                                                                                                                                                                                                                                                                                                                                                                                                                                                                                                                                                                                                                                                                                                                                                                                                                                                                                                                                                                                                                                                                                                                                                                                                                                                                                                                                                                                                                                                                                                                                                                                                                                                                                                                                                                                                                                                                                                                                                                                                                                                                                                                                                                                                                                                                                                                                                                                                                                                                                                                                                                                                                                                                                                                                                                                                                                                                                                                                                                                                                                                                                                                                                                                                                                                                                                                                                                                                                                                                                                                                                                                                                                                                                                                                                                                                                                                                                                                                                                                                                                                                                                                                                                                                                                                                                                                                                                                                                                                                                                                                                                                                                                                                                                                                                                                                                                                                                                                                                                                                                                                                                                                                                                                                                                                                                                                                                                                                                                                                                                                                                                                                                                                                                                                                                                                                                                                                                                                                                                                                                                                                                                                                                                                                                                                                                                                                                                                                                                                                                                                                                                                                                                                                                                                                                                                                                                                                                                                                                                                                                                                                                                                                                                                                                                                                                                                                                                                                                                                                                                                                                                                                                                                                                                                                                                                                                                                                                                                                                                                                                                                                                                                                                                                                                                                                                                                                                                                                                                                                                                                                                                                                                                                                                                                                                                                                                                                                                                                                                                                                                                                                                                                                                                                                                                                                                                                                                                                                                                                                                                                                                                                                                                                                                                                                                                                                                                                                                                                                                                                                                                                                                                                                                                                                                                                                                                                                                                                                                                                                                                                                                                                                                                                                                                                                                                                                                                                                                                                                                                                                                                                                                                                                                                                                                                                                                                                                                                                                                                                                                                                                                                                                                                                                                                                                                                                                                                                                                                                                                                                                                                                                                                                                                                                                                                                                                                                                                                                                                                                                                                                                                                                                                                                                                                                                                                                                                                                                                                                                                                                                                                                                                                                                                                                                                                                                                                                                                                                                                                                                                                                                                                                                                                                                                                                                                                                                                                                                                                                                                                                                                                                                                                                                                                                                                                                                                                                                                                                                                                                                                                                                                                                                                                                                                                                                                                                                                                                                                                                                                                                                                                                                                                                                                                                                                                                                                                                                                                                                                                                                                                                                                                                                                                                                                                                                                                                                                                                                                                                                                                                                                                                                                                                                                                                                                                                                                                                                                                                                                                                                                                                                                                                                                                                                                                                                                                                                                                                                                                                                                                                                                                                                                                                                                                                                                                                                                                                                                                                                                                                                                                                                                                                                                                                                                                                                                                                                                                                                                                                                                                                                                                                                                                                                                                                                                                                                                                                                                                                                                                                                                                                                                                                                                                                                                                                                                                                                                                                                                                                                                                                                                                                                                                                                                                                                                                                                                                                                                                                                                                                                                                                                                                                                                                                                                                                                                                                                                                                                                                                                                                                                                                                                                                                                                                                                                                                                                                                                                                                                                                                                                                                                                                                                                                                                                                                                                                                                                                                                                                                                                                                                                                                                                                                                                                                                                                                                                                                                                                                                                                                                                                                                                                                                                                                                                                                                                                                                                                                                                                                                                                                                                                                                                                                                                                                                                                                                                                                                                                                                                                                                                                                                                                                                                                                                                                                                                                                                                                                                                                                                                                                                                                                                                                                                                                                                                                                                                                                                                                                                                                                                                                                                                                                                                                                                                                                                                                                                                                                                                                                                                                                                                                                                                                                                                                                                                                                                                                                                                                                                                                                                                                                                                                                                                                                                                                                                                                                                                                                                                                                                                                                                                                                                                                                                                                                                                                                                                                                                                                                                                                                                                                                                                                                                                                                                                                                                                                                                                                                                                                                                                                                                                                                                                                                                                                                                                                                                                                                                                                                                                                                                                                                                                                                                                                                                                                                                                                                                                                                                                                                                                                                                                                                                                                                                                                                                                                                                                                                                                                                                                                                                                                                                                                                                                                                                                                                                                                                                                                                                                                                                                                                                                                                                                                                                                                                                                                                                                                                                                                                                                                                                                                                                                                                                                                                                                                                                                                                                                                                                                                                                                                                                                                                                                                                                                                                                                                                                                                                                                                                                                                                                                                                                                                                                                                                                                                                                                                                                                                                                                                                                                                                                                                                                                                                                                                                                                                                                                                                                                                                                                                                                                                                                                                                                                                                                                                                                                                                                                                                                                                                                                                                                                                                                                                                                                                                                                                                                                                                                                                                                                                                                                                                                                                                                                                                                                                                                                                                                                                                                                                                                                                                                                                                                                                                                                                                                                                                                                                                                                                                                                                                                                                                                                                                                                                                                                                                                                                                                                                                                                                                                                                                                                                                                                                                                                                                                                                                                                                                                                                                                                                                                                                                                                                                                                                                                                                                                                                                                                                                                                                                                                                                                                                                                                                                                                                                                                                                                                                                                                                                                                                                                                                                                                                                                                                                                                                                                                                                                                                                                                                                                                                                                       T62A0 483:302.720   JLINK_RTTERMINAL_Control(Cmd = JLINKARM_RTTERMINAL_CMD_STOP)
T62A0 483:303.616   - 0.956ms returns 0x01
T62A0 486:173.376   JLINK_RTTERMINAL_Control(Cmd = JLINKARM_RTTERMINAL_CMD_STOP)
T62A0 486:173.504   - 0.074ms returns 0x01
T62A0 486:311.232   JLINK_RTTERMINAL_Control(Cmd = JLINKARM_RTTERMINAL_CMD_STOP)
T62A0 486:311.264   - 0.070ms returns 0x01
T62A0 486:975.168   JLINK_RTTERMINAL_Control(Cmd = JLINKARM_RTTERMINAL_CMD_STOP)
T62A0 486:975.232   - 0.059ms returns 0x01
T7288 501:810.240   JLINK_RTTERMINAL_Control(Cmd = JLINKARM_RTTERMINAL_CMD_START, CtrlBlockAddr = 0x2000041C)
T7288 501:810.336   - 0.114ms returns 0x00
T6BF4 501:810.592   CPU_ReadMem(24 bytes @ 0x2000041C)
T6BF4 501:820.512   CPU_ReadMem(32 bytes @ 0x0001B0E0)
T7288 501:822.784   JLINK_RTTERMINAL_Read(BufferIndex = 0, BufferSize = 0x00010000)
T7288 501:822.912     Periodic RTT: RTT CB auto-detected @ 0x2000041C
T7288 501:822.912     RTT: Found RTT control block at address 0x2000041C
T7288 501:822.976     Periodic RTT: RTT CB verified. Started data handling
T7288 501:823.040   - 0.245ms returns 369
T7288 501:823.424   JLINK_RTTERMINAL_Read(BufferIndex = 0, BufferSize = 0x00010000)
T7288 501:823.488   - 0.046ms returns 0
T7288 501:874.080   JLINK_RTTERMINAL_Read(BufferIndex = 0, BufferSize = 0x00010000)
T7288 501:874.176   - 0.093ms returns 0
T7288 501:925.024   JLINK_RTTERMINAL_Read(BufferIndex = 0, BufferSize = 0x00010000)
T7288 501:925.120   - 0.106ms returns 0
T7288 501:976.128   JLINK_RTTERMINAL_Read(BufferIndex = 0, BufferSize = 0x00010000)
T7288 501:976.224   - 0.111ms returns 0
T7288 502:027.200   JLINK_RTTERMINAL_Read(BufferIndex = 0, BufferSize = 0x00010000)
T7288 502:027.360   - 0.137ms returns 0
T7288 502:078.656   JLINK_RTTERMINAL_Read(BufferIndex = 0, BufferSize = 0x00010000)
T7288 502:078.784   - 0.108ms returns 0
T7288 502:129.152   JLINK_RTTERMINAL_Read(BufferIndex = 0, BufferSize = 0x00010000)
T7288 502:129.216   - 0.063ms returns 0
T7288 502:180.000   JLINK_RTTERMINAL_Read(BufferIndex = 0, BufferSize = 0x00010000)
T7288 502:180.096   - 0.112ms returns 0
T7288 502:230.784   JLINK_RTTERMINAL_Read(BufferIndex = 0, BufferSize = 0x00010000)
T7288 502:230.880   - 0.103ms returns 0
T7288 502:281.664   JLINK_RTTERMINAL_Read(BufferIndex = 0, BufferSize = 0x00010000)
T7288 502:281.792   - 0.065ms returns 0
T7288 502:332.672   JLINK_RTTERMINAL_Read(BufferIndex = 0, BufferSize = 0x00010000)
T7288 502:332.832   - 0.114ms returns 0
T7288 502:383.424   JLINK_RTTERMINAL_Read(BufferIndex = 0, BufferSize = 0x00010000)
T7288 502:383.520   - 0.068ms returns 123
T7288 502:383.808   JLINK_RTTERMINAL_Read(BufferIndex = 0, BufferSize = 0x00010000)
T7288 502:383.936   - 0.106ms returns 0
T7288 502:435.072   JLINK_RTTERMINAL_Read(BufferIndex = 0, BufferSize = 0x00010000)
T7288 502:435.168   - 0.116ms returns 0
T7288 502:485.952   JLINK_RTTERMINAL_Read(BufferIndex = 0, BufferSize = 0x00010000)
T7288 502:486.080   - 0.104ms returns 0
T7288 502:537.792   JLINK_RTTERMINAL_Read(BufferIndex = 0, BufferSize = 0x00010000)
T7288 502:537.824   - 0.084ms returns 0
T7288 502:588.512   JLINK_RTTERMINAL_Read(BufferIndex = 0, BufferSize = 0x00010000)
T7288 502:588.608   - 0.104ms returns 0
T7288 502:639.456   JLINK_RTTERMINAL_Read(BufferIndex = 0, BufferSize = 0x00010000)
T7288 502:639.552   - 0.104ms returns 0
T7288 502:690.368   JLINK_RTTERMINAL_Read(BufferIndex = 0, BufferSize = 0x00010000)
T7288 502:690.464   - 0.076ms returns 0
T7288 502:741.344   JLINK_RTTERMINAL_Read(BufferIndex = 0, BufferSize = 0x00010000)
T7288 502:741.440   - 0.106ms returns 0
T7288 502:792.256   JLINK_RTTERMINAL_Read(BufferIndex = 0, BufferSize = 0x00010000)
T7288 502:792.512   - 0.240ms returns 0
T7288 502:842.976   JLINK_RTTERMINAL_Read(BufferIndex = 0, BufferSize = 0x00010000)
T7288 502:843.072   - 0.107ms returns 0
T7288 502:893.920   JLINK_RTTERMINAL_Read(BufferIndex = 0, BufferSize = 0x00010000)
T7288 502:894.016   - 0.070ms returns 0
T7288 502:945.216   JLINK_RTTERMINAL_Read(BufferIndex = 0, BufferSize = 0x00010000)
T7288 502:945.280   - 0.089ms returns 0
T7288 502:996.576   JLINK_RTTERMINAL_Read(BufferIndex = 0, BufferSize = 0x00010000)
T7288 502:996.672   - 0.082ms returns 0
T7288 503:047.328   JLINK_RTTERMINAL_Read(BufferIndex = 0, BufferSize = 0x00010000)
T7288 503:047.360   - 0.054ms returns 0
T7288 503:098.624   JLINK_RTTERMINAL_Read(BufferIndex = 0, BufferSize = 0x00010000)
T7288 503:098.784   - 0.144ms returns 0
T7288 503:150.080   JLINK_RTTERMINAL_Read(BufferIndex = 0, BufferSize = 0x00010000)
T7288 503:150.144   - 0.070ms returns 0
T7288 503:202.240   JLINK_RTTERMINAL_Read(BufferIndex = 0, BufferSize = 0x00010000)
T7288 503:202.304   - 0.072ms returns 0
T7288 503:253.408   JLINK_RTTERMINAL_Read(BufferIndex = 0, BufferSize = 0x00010000)
T7288 503:253.504   - 0.090ms returns 0
T7288 503:304.096   JLINK_RTTERMINAL_Read(BufferIndex = 0, BufferSize = 0x00010000)
T7288 503:304.192   - 0.114ms returns 0
T7288 503:354.816   JLINK_RTTERMINAL_Read(BufferIndex = 0, BufferSize = 0x00010000)
T7288 503:354.880   - 0.070ms returns 123
T7288 503:355.072   JLINK_RTTERMINAL_Read(BufferIndex = 0, BufferSize = 0x00010000)
T7288 503:355.136   - 0.051ms returns 0
T7288 503:407.264   JLINK_RTTERMINAL_Read(BufferIndex = 0, BufferSize = 0x00010000)
T7288 503:407.360   - 0.089ms returns 0
T7288 503:458.720   JLINK_RTTERMINAL_Read(BufferIndex = 0, BufferSize = 0x00010000)
T7288 503:458.816   - 0.105ms returns 0
T7288 503:509.760   JLINK_RTTERMINAL_Read(BufferIndex = 0, BufferSize = 0x00010000)
T7288 503:509.824   - 0.070ms returns 0
T7288 503:560.352   JLINK_RTTERMINAL_Read(BufferIndex = 0, BufferSize = 0x00010000)
T7288 503:560.448   - 0.072ms returns 0
T7288 503:611.040   JLINK_RTTERMINAL_Read(BufferIndex = 0, BufferSize = 0x00010000)
T7288 503:611.136   - 0.103ms returns 0
T7288 503:662.176   JLINK_RTTERMINAL_Read(BufferIndex = 0, BufferSize = 0x00010000)
T7288 503:662.272   - 0.114ms returns 0
T7288 503:713.184   JLINK_RTTERMINAL_Read(BufferIndex = 0, BufferSize = 0x00010000)
T7288 503:713.216   - 0.080ms returns 0
T7288 503:763.808   JLINK_RTTERMINAL_Read(BufferIndex = 0, BufferSize = 0x00010000)
T7288 503:763.872   - 0.075ms returns 0
T7288 503:814.816   JLINK_RTTERMINAL_Read(BufferIndex = 0, BufferSize = 0x00010000)
T7288 503:814.848   - 0.070ms returns 0
T7288 503:865.440   JLINK_RTTERMINAL_Read(BufferIndex = 0, BufferSize = 0x00010000)
T7288 503:865.536   - 0.104ms returns 0
T7288 503:916.448   JLINK_RTTERMINAL_Read(BufferIndex = 0, BufferSize = 0x00010000)
T7288 503:916.544   - 0.071ms returns 0
T7288 503:967.040   JLINK_RTTERMINAL_Read(BufferIndex = 0, BufferSize = 0x00010000)
T7288 503:967.168   - 0.154ms returns 0
T7288 504:019.008   JLINK_RTTERMINAL_Read(BufferIndex = 0, BufferSize = 0x00010000)
T7288 504:019.040   - 0.066ms returns 0
T7288 504:069.984   JLINK_RTTERMINAL_Read(BufferIndex = 0, BufferSize = 0x00010000)
T7288 504:070.080   - 0.091ms returns 0
T7288 504:121.344   JLINK_RTTERMINAL_Read(BufferIndex = 0, BufferSize = 0x00010000)
T7288 504:121.440   - 0.083ms returns 0
T7288 504:171.936   JLINK_RTTERMINAL_Read(BufferIndex = 0, BufferSize = 0x00010000)
T7288 504:172.032   - 0.093ms returns 0
T7288 504:222.368   JLINK_RTTERMINAL_Read(BufferIndex = 0, BufferSize = 0x00010000)
T7288 504:222.464   - 0.097ms returns 0
T7288 504:273.344   JLINK_RTTERMINAL_Read(BufferIndex = 0, BufferSize = 0x00010000)
T7288 504:273.472   - 0.101ms returns 0
T7288 504:324.416   JLINK_RTTERMINAL_Read(BufferIndex = 0, BufferSize = 0x00010000)
T7288 504:324.512   - 0.117ms returns 0
T7288 504:375.392   JLINK_RTTERMINAL_Read(BufferIndex = 0, BufferSize = 0x00010000)
T7288 504:375.456   - 0.062ms returns 123
T7288 504:375.712   JLINK_RTTERMINAL_Read(BufferIndex = 0, BufferSize = 0x00010000)
T7288 504:375.744   - 0.072ms returns 0
T7288 504:426.400   JLINK_RTTERMINAL_Read(BufferIndex = 0, BufferSize = 0x00010000)
T7288 504:426.432   - 0.075ms returns 0
T7288 504:476.832   JLINK_RTTERMINAL_Read(BufferIndex = 0, BufferSize = 0x00010000)
T7288 504:476.864   - 0.060ms returns 0
T7288 504:527.872   JLINK_RTTERMINAL_Read(BufferIndex = 0, BufferSize = 0x00010000)
T7288 504:527.968   - 0.102ms returns 0
T7288 504:579.072   JLINK_RTTERMINAL_Read(BufferIndex = 0, BufferSize = 0x00010000)
T7288 504:579.168   - 0.102ms returns 0
T7288 504:631.360   JLINK_RTTERMINAL_Read(BufferIndex = 0, BufferSize = 0x00010000)
T7288 504:631.456   - 0.100ms returns 0
T7288 504:682.048   JLINK_RTTERMINAL_Read(BufferIndex = 0, BufferSize = 0x00010000)
T7288 504:682.144   - 0.081ms returns 0
T7288 504:733.440   JLINK_RTTERMINAL_Read(BufferIndex = 0, BufferSize = 0x00010000)
T7288 504:733.536   - 0.107ms returns 0
T7288 504:784.832   JLINK_RTTERMINAL_Read(BufferIndex = 0, BufferSize = 0x00010000)
T7288 504:784.960   - 0.130ms returns 0
T7288 504:835.392   JLINK_RTTERMINAL_Read(BufferIndex = 0, BufferSize = 0x00010000)
T7288 504:835.488   - 0.085ms returns 0
T7288 504:886.592   JLINK_RTTERMINAL_Read(BufferIndex = 0, BufferSize = 0x00010000)
T7288 504:886.624   - 0.084ms returns 0
T7288 504:937.888   JLINK_RTTERMINAL_Read(BufferIndex = 0, BufferSize = 0x00010000)
T7288 504:937.984   - 0.079ms returns 0
T7288 504:988.736   JLINK_RTTERMINAL_Read(BufferIndex = 0, BufferSize = 0x00010000)
T7288 504:988.832   - 0.086ms returns 0
T7288 505:039.808   JLINK_RTTERMINAL_Read(BufferIndex = 0, BufferSize = 0x00010000)
T7288 505:039.872   - 0.077ms returns 0
T7288 505:090.752   JLINK_RTTERMINAL_Read(BufferIndex = 0, BufferSize = 0x00010000)
T7288 505:090.880   - 0.077ms returns 0
T7288 505:142.080   JLINK_RTTERMINAL_Read(BufferIndex = 0, BufferSize = 0x00010000)
T7288 505:142.112   - 0.079ms returns 0
T7288 505:193.632   JLINK_RTTERMINAL_Read(BufferIndex = 0, BufferSize = 0x00010000)
T7288 505:193.664   - 0.073ms returns 0
T7288 505:244.352   JLINK_RTTERMINAL_Read(BufferIndex = 0, BufferSize = 0x00010000)
T7288 505:244.416   - 0.097ms returns 0
T7288 505:295.264   JLINK_RTTERMINAL_Read(BufferIndex = 0, BufferSize = 0x00010000)
T7288 505:295.296   - 0.067ms returns 0
T7288 505:346.464   JLINK_RTTERMINAL_Read(BufferIndex = 0, BufferSize = 0x00010000)
T7288 505:346.496   - 0.067ms returns 0
T7288 505:397.504   JLINK_RTTERMINAL_Read(BufferIndex = 0, BufferSize = 0x00010000)
T7288 505:397.600   - 0.111ms returns 123
T7288 505:398.016   JLINK_RTTERMINAL_Read(BufferIndex = 0, BufferSize = 0x00010000)
T7288 505:398.080   - 0.062ms returns 0
T7288 505:449.280   JLINK_RTTERMINAL_Read(BufferIndex = 0, BufferSize = 0x00010000)
T7288 505:449.376   - 0.114ms returns 0
T7288 505:500.608   JLINK_RTTERMINAL_Read(BufferIndex = 0, BufferSize = 0x00010000)
T7288 505:500.736   - 0.090ms returns 0
T7288 505:552.384   JLINK_RTTERMINAL_Read(BufferIndex = 0, BufferSize = 0x00010000)
T7288 505:552.448   - 0.062ms returns 0
T7288 505:603.648   JLINK_RTTERMINAL_Read(BufferIndex = 0, BufferSize = 0x00010000)
T7288 505:603.744   - 0.113ms returns 0
T7288 505:654.432   JLINK_RTTERMINAL_Read(BufferIndex = 0, BufferSize = 0x00010000)
T7288 505:654.528   - 0.076ms returns 0
T7288 505:704.864   JLINK_RTTERMINAL_Read(BufferIndex = 0, BufferSize = 0x00010000)
T7288 505:704.960   - 0.077ms returns 0
T7288 505:755.584   JLINK_RTTERMINAL_Read(BufferIndex = 0, BufferSize = 0x00010000)
T7288 505:755.648   - 0.062ms returns 0
T7288 505:806.240   JLINK_RTTERMINAL_Read(BufferIndex = 0, BufferSize = 0x00010000)
T7288 505:806.400   - 0.145ms returns 0
T7288 505:858.144   JLINK_RTTERMINAL_Read(BufferIndex = 0, BufferSize = 0x00010000)
T7288 505:858.240   - 0.107ms returns 0
T7288 505:909.408   JLINK_RTTERMINAL_Read(BufferIndex = 0, BufferSize = 0x00010000)
T7288 505:909.504   - 0.114ms returns 0
T7288 505:960.448   JLINK_RTTERMINAL_Read(BufferIndex = 0, BufferSize = 0x00010000)
T7288 505:960.544   - 0.106ms returns 0
T7288 506:011.584   JLINK_RTTERMINAL_Read(BufferIndex = 0, BufferSize = 0x00010000)
T7288 506:011.648   - 0.085ms returns 0
T7288 506:062.432   JLINK_RTTERMINAL_Read(BufferIndex = 0, BufferSize = 0x00010000)
T7288 506:062.496   - 0.066ms returns 0
T7288 506:113.440   JLINK_RTTERMINAL_Read(BufferIndex = 0, BufferSize = 0x00010000)
T7288 506:113.536   - 0.083ms returns 0
T7288 506:164.800   JLINK_RTTERMINAL_Read(BufferIndex = 0, BufferSize = 0x00010000)
T7288 506:164.896   - 0.088ms returns 0
T7288 506:216.384   JLINK_RTTERMINAL_Read(BufferIndex = 0, BufferSize = 0x00010000)
T7288 506:216.512   - 0.092ms returns 0
T7288 506:267.392   JLINK_RTTERMINAL_Read(BufferIndex = 0, BufferSize = 0x00010000)
T7288 506:267.488   - 0.076ms returns 0
T7288 506:317.888   JLINK_RTTERMINAL_Read(BufferIndex = 0, BufferSize = 0x00010000)
T7288 506:317.984   - 0.107ms returns 0
T7288 506:368.704   JLINK_RTTERMINAL_Read(BufferIndex = 0, BufferSize = 0x00010000)
T7288 506:368.832   - 0.114ms returns 123
T7288 506:369.280   JLINK_RTTERMINAL_Read(BufferIndex = 0, BufferSize = 0x00010000)
T7288 506:369.344   - 0.070ms returns 0
T7288 506:420.544   JLINK_RTTERMINAL_Read(BufferIndex = 0, BufferSize = 0x00010000)
T7288 506:420.640   - 0.075ms returns 0
T7288 506:471.104   JLINK_RTTERMINAL_Read(BufferIndex = 0, BufferSize = 0x00010000)
T7288 506:471.232   - 0.101ms returns 0
T7288 506:522.208   JLINK_RTTERMINAL_Read(BufferIndex = 0, BufferSize = 0x00010000)
T7288 506:522.272   - 0.079ms returns 0
T7288 506:573.376   JLINK_RTTERMINAL_Read(BufferIndex = 0, BufferSize = 0x00010000)
T7288 506:573.408   - 0.091ms returns 0
T7288 506:624.448   JLINK_RTTERMINAL_Read(BufferIndex = 0, BufferSize = 0x00010000)
T7288 506:624.576   - 0.101ms returns 0
T7288 506:675.136   JLINK_RTTERMINAL_Read(BufferIndex = 0, BufferSize = 0x00010000)
T7288 506:675.264   - 0.079ms returns 0
T7288 506:726.208   JLINK_RTTERMINAL_Read(BufferIndex = 0, BufferSize = 0x00010000)
T7288 506:726.240   - 0.073ms returns 0
T7288 506:778.368   JLINK_RTTERMINAL_Read(BufferIndex = 0, BufferSize = 0x00010000)
T7288 506:778.464   - 0.096ms returns 0
T7288 506:828.864   JLINK_RTTERMINAL_Read(BufferIndex = 0, BufferSize = 0x00010000)
T7288 506:828.896   - 0.079ms returns 0
T7288 506:879.296   JLINK_RTTERMINAL_Read(BufferIndex = 0, BufferSize = 0x00010000)
T7288 506:879.328   - 0.077ms returns 0
T7288 506:931.264   JLINK_RTTERMINAL_Read(BufferIndex = 0, BufferSize = 0x00010000)
T7288 506:931.296   - 0.049ms returns 0
T7288 506:981.824   JLINK_RTTERMINAL_Read(BufferIndex = 0, BufferSize = 0x00010000)
T7288 506:981.952   - 0.096ms returns 0
T7288 507:032.384   JLINK_RTTERMINAL_Read(BufferIndex = 0, BufferSize = 0x00010000)
T7288 507:032.480   - 0.107ms returns 0
T7288 507:083.328   JLINK_RTTERMINAL_Read(BufferIndex = 0, BufferSize = 0x00010000)
T7288 507:083.424   - 0.087ms returns 0
T7288 507:134.208   JLINK_RTTERMINAL_Read(BufferIndex = 0, BufferSize = 0x00010000)
T7288 507:134.304   - 0.092ms returns 0
T7288 507:185.152   JLINK_RTTERMINAL_Read(BufferIndex = 0, BufferSize = 0x00010000)
T7288 507:185.216   - 0.095ms returns 0
T7288 507:235.744   JLINK_RTTERMINAL_Read(BufferIndex = 0, BufferSize = 0x00010000)
T7288 507:235.840   - 0.112ms returns 0
T7288 507:289.408   JLINK_RTTERMINAL_Read(BufferIndex = 0, BufferSize = 0x00010000)
T7288 507:289.504   - 0.125ms returns 0
T7288 507:340.608   JLINK_RTTERMINAL_Read(BufferIndex = 0, BufferSize = 0x00010000)
T7288 507:340.736   - 0.134ms returns 0
T7288 507:392.064   JLINK_RTTERMINAL_Read(BufferIndex = 0, BufferSize = 0x00010000)
T7288 507:392.160   - 0.119ms returns 0
T7288 507:443.456   JLINK_RTTERMINAL_Read(BufferIndex = 0, BufferSize = 0x00010000)
T7288 507:443.616   - 0.167ms returns 0
T7288 507:494.048   JLINK_RTTERMINAL_Read(BufferIndex = 0, BufferSize = 0x00010000)
T7288 507:494.144   - 0.094ms returns 0
T7288 507:545.856   JLINK_RTTERMINAL_Read(BufferIndex = 0, BufferSize = 0x00010000)
T7288 507:545.952   - 0.069ms returns 0
T7288 507:596.736   JLINK_RTTERMINAL_Read(BufferIndex = 0, BufferSize = 0x00010000)
T7288 507:596.864   - 0.110ms returns 0
T7288 507:648.160   JLINK_RTTERMINAL_Read(BufferIndex = 0, BufferSize = 0x00010000)
T7288 507:648.320   - 0.123ms returns 0
T7288 507:698.880   JLINK_RTTERMINAL_Read(BufferIndex = 0, BufferSize = 0x00010000)
T7288 507:699.008   - 0.113ms returns 0
T7288 507:866.880   JLINK_RTTERMINAL_Read(BufferIndex = 0, BufferSize = 0x00010000)
T7288 507:867.040   - 0.153ms returns 0
T7288 507:920.544   JLINK_RTTERMINAL_Read(BufferIndex = 0, BufferSize = 0x00010000)
T7288 507:920.640   - 0.096ms returns 0
T7288 507:971.488   JLINK_RTTERMINAL_Read(BufferIndex = 0, BufferSize = 0x00010000)
T7288 507:971.648   - 0.135ms returns 0
T7288 508:026.784   JLINK_RTTERMINAL_Read(BufferIndex = 0, BufferSize = 0x00010000)
T7288 508:026.944   - 0.135ms returns 0
T7288 508:118.272   JLINK_RTTERMINAL_Read(BufferIndex = 0, BufferSize = 0x00010000)
T7288 508:118.464   - 0.195ms returns 0
T7288 508:169.472   JLINK_RTTERMINAL_Read(BufferIndex = 0, BufferSize = 0x00010000)
T7288 508:169.568   - 0.134ms returns 0
T7288 508:220.480   JLINK_RTTERMINAL_Read(BufferIndex = 0, BufferSize = 0x00010000)
T7288 508:220.576   - 0.135ms returns 0
T7288 508:275.616   JLINK_RTTERMINAL_Read(BufferIndex = 0, BufferSize = 0x00010000)
T7288 508:275.712   - 0.111ms returns 0
T7288 508:327.072   JLINK_RTTERMINAL_Read(BufferIndex = 0, BufferSize = 0x00010000)
T7288 508:327.168   - 0.122ms returns 0
T7288 508:378.048   JLINK_RTTERMINAL_Read(BufferIndex = 0, BufferSize = 0x00010000)
T7288 508:378.208   - 0.134ms returns 0
T7288 508:428.992   JLINK_RTTERMINAL_Read(BufferIndex = 0, BufferSize = 0x00010000)
T7288 508:429.120   - 0.114ms returns 0
T7288 508:479.840   JLINK_RTTERMINAL_Read(BufferIndex = 0, BufferSize = 0x00010000)
T7288 508:479.936   - 0.121ms returns 0
T7288 508:530.624   JLINK_RTTERMINAL_Read(BufferIndex = 0, BufferSize = 0x00010000)
T7288 508:530.784   - 0.184ms returns 0
T7288 508:582.144   JLINK_RTTERMINAL_Read(BufferIndex = 0, BufferSize = 0x00010000)
T7288 508:582.240   - 0.130ms returns 0
T7288 508:633.344   JLINK_RTTERMINAL_Read(BufferIndex = 0, BufferSize = 0x00010000)
T7288 508:633.440   - 0.092ms returns 0
T7288 508:684.480   JLINK_RTTERMINAL_Read(BufferIndex = 0, BufferSize = 0x00010000)
T7288 508:684.608   - 0.083ms returns 0
T7288 508:735.648   JLINK_RTTERMINAL_Read(BufferIndex = 0, BufferSize = 0x00010000)
T7288 508:735.808   - 0.130ms returns 0
T7288 508:787.808   JLINK_RTTERMINAL_Read(BufferIndex = 0, BufferSize = 0x00010000)
T7288 508:787.968   - 0.150ms returns 0
T7288 508:838.816   JLINK_RTTERMINAL_Read(BufferIndex = 0, BufferSize = 0x00010000)
T7288 508:838.848   - 0.081ms returns 0
T7288 508:889.952   JLINK_RTTERMINAL_Read(BufferIndex = 0, BufferSize = 0x00010000)
T7288 508:890.048   - 0.103ms returns 0
T7288 508:940.800   JLINK_RTTERMINAL_Read(BufferIndex = 0, BufferSize = 0x00010000)
T7288 508:940.960   - 0.120ms returns 0
T7288 508:991.840   JLINK_RTTERMINAL_Read(BufferIndex = 0, BufferSize = 0x00010000)
T7288 508:991.936   - 0.098ms returns 0
T7288 509:042.848   JLINK_RTTERMINAL_Read(BufferIndex = 0, BufferSize = 0x00010000)
T7288 509:042.944   - 0.103ms returns 0
T7288 509:093.984   JLINK_RTTERMINAL_Read(BufferIndex = 0, BufferSize = 0x00010000)
T7288 509:094.080   - 0.114ms returns 0
T7288 509:144.832   JLINK_RTTERMINAL_Read(BufferIndex = 0, BufferSize = 0x00010000)
T7288 509:144.992   - 0.120ms returns 0
T7288 509:195.840   JLINK_RTTERMINAL_Read(BufferIndex = 0, BufferSize = 0x00010000)
T7288 509:195.936   - 0.092ms returns 0
T7288 509:248.576   JLINK_RTTERMINAL_Read(BufferIndex = 0, BufferSize = 0x00010000)
T7288 509:248.672   - 0.124ms returns 0
T7288 509:299.136   JLINK_RTTERMINAL_Read(BufferIndex = 0, BufferSize = 0x00010000)
T7288 509:299.264   - 0.136ms returns 0
T7288 509:350.144   JLINK_RTTERMINAL_Read(BufferIndex = 0, BufferSize = 0x00010000)
T7288 509:350.240   - 0.095ms returns 0
T7288 509:401.152   JLINK_RTTERMINAL_Read(BufferIndex = 0, BufferSize = 0x00010000)
T7288 509:401.248   - 0.100ms returns 0
T7288 509:452.128   JLINK_RTTERMINAL_Read(BufferIndex = 0, BufferSize = 0x00010000)
T7288 509:452.192   - 0.075ms returns 0
T7288 509:502.656   JLINK_RTTERMINAL_Read(BufferIndex = 0, BufferSize = 0x00010000)
T7288 509:502.784   - 0.074ms returns 0
T7288 509:553.472   JLINK_RTTERMINAL_Read(BufferIndex = 0, BufferSize = 0x00010000)
T7288 509:553.504   - 0.059ms returns 0
T7288 509:605.024   JLINK_RTTERMINAL_Read(BufferIndex = 0, BufferSize = 0x00010000)
T7288 509:605.120   - 0.096ms returns 0
T7288 509:656.416   JLINK_RTTERMINAL_Read(BufferIndex = 0, BufferSize = 0x00010000)
T7288 509:656.480   - 0.091ms returns 0
T7288 509:707.680   JLINK_RTTERMINAL_Read(BufferIndex = 0, BufferSize = 0x00010000)
T7288 509:707.712   - 0.082ms returns 0
T7288 509:758.144   JLINK_RTTERMINAL_Read(BufferIndex = 0, BufferSize = 0x00010000)
T7288 509:758.272   - 0.093ms returns 0
T7288 509:809.216   JLINK_RTTERMINAL_Read(BufferIndex = 0, BufferSize = 0x00010000)
T7288 509:809.344   - 0.140ms returns 0
T7288 509:860.960   JLINK_RTTERMINAL_Read(BufferIndex = 0, BufferSize = 0x00010000)
T7288 509:861.056   - 0.125ms returns 0
T7288 509:912.160   JLINK_RTTERMINAL_Read(BufferIndex = 0, BufferSize = 0x00010000)
T7288 509:912.256   - 0.073ms returns 0
T7288 509:963.840   JLINK_RTTERMINAL_Read(BufferIndex = 0, BufferSize = 0x00010000)
T7288 509:963.936   - 0.122ms returns 0
T7288 510:014.528   JLINK_RTTERMINAL_Read(BufferIndex = 0, BufferSize = 0x00010000)
T7288 510:014.560   - 0.078ms returns 0
T7288 510:065.760   JLINK_RTTERMINAL_Read(BufferIndex = 0, BufferSize = 0x00010000)
T7288 510:065.856   - 0.099ms returns 0
T7288 510:116.512   JLINK_RTTERMINAL_Read(BufferIndex = 0, BufferSize = 0x00010000)
T7288 510:116.608   - 0.097ms returns 0
T7288 510:167.648   JLINK_RTTERMINAL_Read(BufferIndex = 0, BufferSize = 0x00010000)
T7288 510:167.744   - 0.077ms returns 0
T7288 510:218.176   JLINK_RTTERMINAL_Read(BufferIndex = 0, BufferSize = 0x00010000)
T7288 510:218.240   - 0.083ms returns 0
T7288 510:268.864   JLINK_RTTERMINAL_Read(BufferIndex = 0, BufferSize = 0x00010000)
T7288 510:268.928   - 0.076ms returns 0
T7288 510:320.288   JLINK_RTTERMINAL_Read(BufferIndex = 0, BufferSize = 0x00010000)
T7288 510:320.384   - 0.123ms returns 0
T7288 510:370.752   JLINK_RTTERMINAL_Read(BufferIndex = 0, BufferSize = 0x00010000)
T7288 510:370.816   - 0.082ms returns 0
T7288 510:421.568   JLINK_RTTERMINAL_Read(BufferIndex = 0, BufferSize = 0x00010000)
T7288 510:421.664   - 0.102ms returns 0
T7288 510:472.032   JLINK_RTTERMINAL_Read(BufferIndex = 0, BufferSize = 0x00010000)
T7288 510:472.128   - 0.092ms returns 0
T7288 510:522.720   JLINK_RTTERMINAL_Read(BufferIndex = 0, BufferSize = 0x00010000)
T7288 510:522.816   - 0.123ms returns 0
T7288 510:573.248   JLINK_RTTERMINAL_Read(BufferIndex = 0, BufferSize = 0x00010000)
T7288 510:573.312   - 0.065ms returns 0
T7288 510:624.064   JLINK_RTTERMINAL_Read(BufferIndex = 0, BufferSize = 0x00010000)
T7288 510:624.160   - 0.118ms returns 0
T7288 510:674.752   JLINK_RTTERMINAL_Read(BufferIndex = 0, BufferSize = 0x00010000)
T7288 510:674.784   - 0.078ms returns 0
T7288 510:726.048   JLINK_RTTERMINAL_Read(BufferIndex = 0, BufferSize = 0x00010000)
T7288 510:726.144   - 0.097ms returns 0
T7288 510:778.112   JLINK_RTTERMINAL_Read(BufferIndex = 0, BufferSize = 0x00010000)
T7288 510:778.208   - 0.086ms returns 0
T7288 510:828.864   JLINK_RTTERMINAL_Read(BufferIndex = 0, BufferSize = 0x00010000)
T7288 510:828.960   - 0.085ms returns 0
T7288 510:879.936   JLINK_RTTERMINAL_Read(BufferIndex = 0, BufferSize = 0x00010000)
T7288 510:880.000   - 0.070ms returns 0
T7288 510:931.392   JLINK_RTTERMINAL_Read(BufferIndex = 0, BufferSize = 0x00010000)
T7288 510:931.456   - 0.074ms returns 0
T7288 510:981.984   JLINK_RTTERMINAL_Read(BufferIndex = 0, BufferSize = 0x00010000)
T7288 510:982.048   - 0.089ms returns 0
T7288 511:033.088   JLINK_RTTERMINAL_Read(BufferIndex = 0, BufferSize = 0x00010000)
T7288 511:033.152   - 0.084ms returns 0
T7288 511:083.680   JLINK_RTTERMINAL_Read(BufferIndex = 0, BufferSize = 0x00010000)
T7288 511:083.776   - 0.091ms returns 0
T7288 511:134.784   JLINK_RTTERMINAL_Read(BufferIndex = 0, BufferSize = 0x00010000)
T7288 511:134.880   - 0.102ms returns 0
T7288 511:185.920   JLINK_RTTERMINAL_Read(BufferIndex = 0, BufferSize = 0x00010000)
T7288 511:186.080   - 0.119ms returns 0
T7288 511:236.672   JLINK_RTTERMINAL_Read(BufferIndex = 0, BufferSize = 0x00010000)
T7288 511:236.768   - 0.111ms returns 0
T7288 511:288.000   JLINK_RTTERMINAL_Read(BufferIndex = 0, BufferSize = 0x00010000)
T7288 511:288.128   - 0.121ms returns 0
T7288 511:339.520   JLINK_RTTERMINAL_Read(BufferIndex = 0, BufferSize = 0x00010000)
T7288 511:339.616   - 0.076ms returns 0
T7288 511:390.368   JLINK_RTTERMINAL_Read(BufferIndex = 0, BufferSize = 0x00010000)
T7288 511:390.528   - 0.132ms returns 0
T7288 511:441.056   JLINK_RTTERMINAL_Read(BufferIndex = 0, BufferSize = 0x00010000)
T7288 511:441.216   - 0.128ms returns 0
T7288 511:492.160   JLINK_RTTERMINAL_Read(BufferIndex = 0, BufferSize = 0x00010000)
T7288 511:492.256   - 0.064ms returns 0
T7288 511:542.624   JLINK_RTTERMINAL_Read(BufferIndex = 0, BufferSize = 0x00010000)
T7288 511:542.688   - 0.077ms returns 0
T7288 511:593.120   JLINK_RTTERMINAL_Read(BufferIndex = 0, BufferSize = 0x00010000)
T7288 511:593.216   - 0.073ms returns 0
T7288 511:643.840   JLINK_RTTERMINAL_Read(BufferIndex = 0, BufferSize = 0x00010000)
T7288 511:643.904   - 0.065ms returns 0
T7288 511:695.168   JLINK_RTTERMINAL_Read(BufferIndex = 0, BufferSize = 0x00010000)
T7288 511:695.200   - 0.086ms returns 0
T7288 511:746.752   JLINK_RTTERMINAL_Read(BufferIndex = 0, BufferSize = 0x00010000)
T7288 511:746.816   - 0.087ms returns 0
T7288 511:797.152   JLINK_RTTERMINAL_Read(BufferIndex = 0, BufferSize = 0x00010000)
T7288 511:797.312   - 0.132ms returns 0
T7288 511:848.352   JLINK_RTTERMINAL_Read(BufferIndex = 0, BufferSize = 0x00010000)
T7288 511:848.384   - 0.068ms returns 0
T7288 511:898.944   JLINK_RTTERMINAL_Read(BufferIndex = 0, BufferSize = 0x00010000)
T7288 511:899.040   - 0.102ms returns 0
T7288 511:949.504   JLINK_RTTERMINAL_Read(BufferIndex = 0, BufferSize = 0x00010000)
T7288 511:949.632   - 0.085ms returns 0
T7288 511:999.904   JLINK_RTTERMINAL_Read(BufferIndex = 0, BufferSize = 0x00010000)
T7288 512:000.000   - 0.076ms returns 0
T7288 512:050.432   JLINK_RTTERMINAL_Read(BufferIndex = 0, BufferSize = 0x00010000)
T7288 512:050.528   - 0.096ms returns 0
T7288 512:100.960   JLINK_RTTERMINAL_Read(BufferIndex = 0, BufferSize = 0x00010000)
T7288 512:101.056   - 0.109ms returns 0
T7288 512:152.160   JLINK_RTTERMINAL_Read(BufferIndex = 0, BufferSize = 0x00010000)
T7288 512:152.384   - 0.166ms returns 0
T7288 512:203.328   JLINK_RTTERMINAL_Read(BufferIndex = 0, BufferSize = 0x00010000)
T7288 512:203.424   - 0.095ms returns 0
T7288 512:254.656   JLINK_RTTERMINAL_Read(BufferIndex = 0, BufferSize = 0x00010000)
T7288 512:254.784   - 0.076ms returns 0
T7288 512:306.592   JLINK_RTTERMINAL_Read(BufferIndex = 0, BufferSize = 0x00010000)
T7288 512:306.624   - 0.074ms returns 0
T7288 512:357.472   JLINK_RTTERMINAL_Read(BufferIndex = 0, BufferSize = 0x00010000)
T7288 512:357.536   - 0.055ms returns 0
T7288 512:408.672   JLINK_RTTERMINAL_Read(BufferIndex = 0, BufferSize = 0x00010000)
T7288 512:408.736   - 0.090ms returns 0
T7288 512:461.120   JLINK_RTTERMINAL_Read(BufferIndex = 0, BufferSize = 0x00010000)
T7288 512:461.152   - 0.055ms returns 0
T7288 512:512.256   JLINK_RTTERMINAL_Read(BufferIndex = 0, BufferSize = 0x00010000)
T7288 512:512.416   - 0.123ms returns 0
T7288 512:563.520   JLINK_RTTERMINAL_Read(BufferIndex = 0, BufferSize = 0x00010000)
T7288 512:563.616   - 0.072ms returns 0
T7288 512:614.816   JLINK_RTTERMINAL_Read(BufferIndex = 0, BufferSize = 0x00010000)
T7288 512:614.848   - 0.073ms returns 0
T7288 512:665.696   JLINK_RTTERMINAL_Read(BufferIndex = 0, BufferSize = 0x00010000)
T7288 512:665.792   - 0.086ms returns 0
T7288 512:716.352   JLINK_RTTERMINAL_Read(BufferIndex = 0, BufferSize = 0x00010000)
T7288 512:716.448   - 0.094ms returns 0
T7288 512:766.976   JLINK_RTTERMINAL_Read(BufferIndex = 0, BufferSize = 0x00010000)
T7288 512:767.072   - 0.095ms returns 0
T7288 512:817.984   JLINK_RTTERMINAL_Read(BufferIndex = 0, BufferSize = 0x00010000)
T7288 512:818.080   - 0.097ms returns 0
T7288 512:869.056   JLINK_RTTERMINAL_Read(BufferIndex = 0, BufferSize = 0x00010000)
T7288 512:869.120   - 0.060ms returns 0
T7288 512:920.224   JLINK_RTTERMINAL_Read(BufferIndex = 0, BufferSize = 0x00010000)
T7288 512:920.320   - 0.091ms returns 0
T7288 512:972.192   JLINK_RTTERMINAL_Read(BufferIndex = 0, BufferSize = 0x00010000)
T7288 512:972.288   - 0.077ms returns 0
T7288 513:023.424   JLINK_RTTERMINAL_Read(BufferIndex = 0, BufferSize = 0x00010000)
T7288 513:023.552   - 0.108ms returns 0
T7288 513:074.336   JLINK_RTTERMINAL_Read(BufferIndex = 0, BufferSize = 0x00010000)
T7288 513:074.432   - 0.116ms returns 0
T7288 513:125.120   JLINK_RTTERMINAL_Read(BufferIndex = 0, BufferSize = 0x00010000)
T7288 513:125.184   - 0.087ms returns 0
T7288 513:176.128   JLINK_RTTERMINAL_Read(BufferIndex = 0, BufferSize = 0x00010000)
T7288 513:176.160   - 0.070ms returns 0
T7288 513:227.264   JLINK_RTTERMINAL_Read(BufferIndex = 0, BufferSize = 0x00010000)
T7288 513:227.328   - 0.090ms returns 0
T7288 513:278.560   JLINK_RTTERMINAL_Read(BufferIndex = 0, BufferSize = 0x00010000)
T7288 513:278.624   - 0.078ms returns 0
T7288 513:329.312   JLINK_RTTERMINAL_Read(BufferIndex = 0, BufferSize = 0x00010000)
T7288 513:329.408   - 0.064ms returns 0
T7288 513:379.904   JLINK_RTTERMINAL_Read(BufferIndex = 0, BufferSize = 0x00010000)
T7288 513:379.936   - 0.068ms returns 0
T7288 513:430.624   JLINK_RTTERMINAL_Read(BufferIndex = 0, BufferSize = 0x00010000)
T7288 513:430.688   - 0.074ms returns 0
T7288 513:481.568   JLINK_RTTERMINAL_Read(BufferIndex = 0, BufferSize = 0x00010000)
T7288 513:481.664   - 0.063ms returns 0
T7288 513:533.632   JLINK_RTTERMINAL_Read(BufferIndex = 0, BufferSize = 0x00010000)
T7288 513:533.760   - 0.080ms returns 0
T7288 513:584.192   JLINK_RTTERMINAL_Read(BufferIndex = 0, BufferSize = 0x00010000)
T7288 513:584.288   - 0.100ms returns 0
T7288 513:634.976   JLINK_RTTERMINAL_Read(BufferIndex = 0, BufferSize = 0x00010000)
T7288 513:635.072   - 0.131ms returns 0
T7288 513:686.592   JLINK_RTTERMINAL_Read(BufferIndex = 0, BufferSize = 0x00010000)
T7288 513:686.624   - 0.088ms returns 0
T7288 513:737.728   JLINK_RTTERMINAL_Read(BufferIndex = 0, BufferSize = 0x00010000)
T7288 513:737.824   - 0.094ms returns 0
T7288 513:788.768   JLINK_RTTERMINAL_Read(BufferIndex = 0, BufferSize = 0x00010000)
T7288 513:788.864   - 0.117ms returns 0
T7288 513:840.192   JLINK_RTTERMINAL_Read(BufferIndex = 0, BufferSize = 0x00010000)
T7288 513:840.288   - 0.122ms returns 0
T7288 513:892.512   JLINK_RTTERMINAL_Read(BufferIndex = 0, BufferSize = 0x00010000)
T7288 513:892.672   - 0.127ms returns 0
T7288 513:943.360   JLINK_RTTERMINAL_Read(BufferIndex = 0, BufferSize = 0x00010000)
T7288 513:943.392   - 0.066ms returns 0
T7288 513:994.432   JLINK_RTTERMINAL_Read(BufferIndex = 0, BufferSize = 0x00010000)
T7288 513:994.560   - 0.139ms returns 0
T7288 514:045.600   JLINK_RTTERMINAL_Read(BufferIndex = 0, BufferSize = 0x00010000)
T7288 514:045.760   - 0.130ms returns 0
T7288 514:096.832   JLINK_RTTERMINAL_Read(BufferIndex = 0, BufferSize = 0x00010000)
T7288 514:096.960   - 0.113ms returns 0
T7288 514:148.000   JLINK_RTTERMINAL_Read(BufferIndex = 0, BufferSize = 0x00010000)
T7288 514:148.032   - 0.079ms returns 0
T7288 514:198.592   JLINK_RTTERMINAL_Read(BufferIndex = 0, BufferSize = 0x00010000)
T7288 514:198.720   - 0.143ms returns 0
T7288 514:249.408   JLINK_RTTERMINAL_Read(BufferIndex = 0, BufferSize = 0x00010000)
T7288 514:249.472   - 0.072ms returns 0
T7288 514:300.224   JLINK_RTTERMINAL_Read(BufferIndex = 0, BufferSize = 0x00010000)
T7288 514:300.320   - 0.107ms returns 0
T7288 514:351.360   JLINK_RTTERMINAL_Read(BufferIndex = 0, BufferSize = 0x00010000)
T7288 514:351.456   - 0.104ms returns 0
T7288 514:402.304   JLINK_RTTERMINAL_Read(BufferIndex = 0, BufferSize = 0x00010000)
T7288 514:402.400   - 0.081ms returns 0
T7288 514:453.568   JLINK_RTTERMINAL_Read(BufferIndex = 0, BufferSize = 0x00010000)
T7288 514:453.600   - 0.068ms returns 0
T7288 514:504.448   JLINK_RTTERMINAL_Read(BufferIndex = 0, BufferSize = 0x00010000)
T7288 514:504.544   - 0.070ms returns 0
T7288 514:555.712   JLINK_RTTERMINAL_Read(BufferIndex = 0, BufferSize = 0x00010000)
T7288 514:555.744   - 0.075ms returns 0
T7288 514:606.912   JLINK_RTTERMINAL_Read(BufferIndex = 0, BufferSize = 0x00010000)
T7288 514:606.944   - 0.093ms returns 0
T7288 514:657.856   JLINK_RTTERMINAL_Read(BufferIndex = 0, BufferSize = 0x00010000)
T7288 514:657.888   - 0.091ms returns 0
T7288 514:708.928   JLINK_RTTERMINAL_Read(BufferIndex = 0, BufferSize = 0x00010000)
T7288 514:709.088   - 0.132ms returns 0
T7288 514:760.128   JLINK_RTTERMINAL_Read(BufferIndex = 0, BufferSize = 0x00010000)
T7288 514:760.192   - 0.070ms returns 0
T7288 514:811.392   JLINK_RTTERMINAL_Read(BufferIndex = 0, BufferSize = 0x00010000)
T7288 514:811.456   - 0.074ms returns 0
T7288 514:864.384   JLINK_RTTERMINAL_Read(BufferIndex = 0, BufferSize = 0x00010000)
T7288 514:864.480   - 0.078ms returns 0
T7288 514:914.912   JLINK_RTTERMINAL_Read(BufferIndex = 0, BufferSize = 0x00010000)
T7288 514:914.976   - 0.074ms returns 0
T7288 514:966.272   JLINK_RTTERMINAL_Read(BufferIndex = 0, BufferSize = 0x00010000)
T7288 514:966.368   - 0.111ms returns 0
T7288 515:017.312   JLINK_RTTERMINAL_Read(BufferIndex = 0, BufferSize = 0x00010000)
T7288 515:017.376   - 0.077ms returns 0
T7288 515:067.968   JLINK_RTTERMINAL_Read(BufferIndex = 0, BufferSize = 0x00010000)
T7288 515:068.064   - 0.081ms returns 0
T7288 515:119.808   JLINK_RTTERMINAL_Read(BufferIndex = 0, BufferSize = 0x00010000)
T7288 515:119.936   - 0.103ms returns 0
T7288 515:170.976   JLINK_RTTERMINAL_Read(BufferIndex = 0, BufferSize = 0x00010000)
T7288 515:171.008   - 0.068ms returns 0
T7288 515:222.112   JLINK_RTTERMINAL_Read(BufferIndex = 0, BufferSize = 0x00010000)
T7288 515:222.208   - 0.102ms returns 0
T7288 515:273.472   JLINK_RTTERMINAL_Read(BufferIndex = 0, BufferSize = 0x00010000)
T7288 515:273.536   - 0.073ms returns 0
T7288 515:324.736   JLINK_RTTERMINAL_Read(BufferIndex = 0, BufferSize = 0x00010000)
T7288 515:324.832   - 0.098ms returns 0
T7288 515:375.872   JLINK_RTTERMINAL_Read(BufferIndex = 0, BufferSize = 0x00010000)
T7288 515:375.968   - 0.087ms returns 0
T7288 515:427.264   JLINK_RTTERMINAL_Read(BufferIndex = 0, BufferSize = 0x00010000)
T7288 515:427.392   - 0.096ms returns 0
T7288 515:478.528   JLINK_RTTERMINAL_Read(BufferIndex = 0, BufferSize = 0x00010000)
T7288 515:478.624   - 0.096ms returns 0
T7288 515:529.376   JLINK_RTTERMINAL_Read(BufferIndex = 0, BufferSize = 0x00010000)
T7288 515:529.472   - 0.076ms returns 0
T7288 515:579.968   JLINK_RTTERMINAL_Read(BufferIndex = 0, BufferSize = 0x00010000)
T7288 515:580.064   - 0.079ms returns 0
T7288 515:631.168   JLINK_RTTERMINAL_Read(BufferIndex = 0, BufferSize = 0x00010000)
T7288 515:631.264   - 0.069ms returns 0
T7288 515:681.888   JLINK_RTTERMINAL_Read(BufferIndex = 0, BufferSize = 0x00010000)
T7288 515:681.984   - 0.084ms returns 0
T7288 515:732.896   JLINK_RTTERMINAL_Read(BufferIndex = 0, BufferSize = 0x00010000)
T7288 515:732.992   - 0.113ms returns 0
T7288 515:784.096   JLINK_RTTERMINAL_Read(BufferIndex = 0, BufferSize = 0x00010000)
T7288 515:784.192   - 0.143ms returns 0
T7288 515:834.976   JLINK_RTTERMINAL_Read(BufferIndex = 0, BufferSize = 0x00010000)
T7288 515:835.072   - 0.101ms returns 0
T7288 515:886.944   JLINK_RTTERMINAL_Read(BufferIndex = 0, BufferSize = 0x00010000)
T7288 515:887.040   - 0.098ms returns 0
T7288 515:937.856   JLINK_RTTERMINAL_Read(BufferIndex = 0, BufferSize = 0x00010000)
T7288 515:937.984   - 0.152ms returns 0
T7288 515:988.320   JLINK_RTTERMINAL_Read(BufferIndex = 0, BufferSize = 0x00010000)
T7288 515:988.480   - 0.127ms returns 0
T7288 516:039.072   JLINK_RTTERMINAL_Read(BufferIndex = 0, BufferSize = 0x00010000)
T7288 516:039.168   - 0.083ms returns 0
T7288 516:089.920   JLINK_RTTERMINAL_Read(BufferIndex = 0, BufferSize = 0x00010000)
T7288 516:089.952   - 0.100ms returns 0
T7288 516:141.056   JLINK_RTTERMINAL_Read(BufferIndex = 0, BufferSize = 0x00010000)
T7288 516:141.152   - 0.081ms returns 0
T7288 516:191.648   JLINK_RTTERMINAL_Read(BufferIndex = 0, BufferSize = 0x00010000)
T7288 516:191.744   - 0.069ms returns 0
T7288 516:242.496   JLINK_RTTERMINAL_Read(BufferIndex = 0, BufferSize = 0x00010000)
T7288 516:242.528   - 0.086ms returns 0
T7288 516:293.024   JLINK_RTTERMINAL_Read(BufferIndex = 0, BufferSize = 0x00010000)
T7288 516:293.184   - 0.150ms returns 0
T7288 516:343.808   JLINK_RTTERMINAL_Read(BufferIndex = 0, BufferSize = 0x00010000)
T7288 516:343.904   - 0.137ms returns 0
T7288 516:394.432   JLINK_RTTERMINAL_Read(BufferIndex = 0, BufferSize = 0x00010000)
T7288 516:394.656   - 0.163ms returns 0
T7288 516:445.120   JLINK_RTTERMINAL_Read(BufferIndex = 0, BufferSize = 0x00010000)
T7288 516:445.248   - 0.108ms returns 0
T7288 516:495.616   JLINK_RTTERMINAL_Read(BufferIndex = 0, BufferSize = 0x00010000)
T7288 516:495.776   - 0.118ms returns 0
T7288 516:546.880   JLINK_RTTERMINAL_Read(BufferIndex = 0, BufferSize = 0x00010000)
T7288 516:546.976   - 0.099ms returns 0
T7288 516:597.952   JLINK_RTTERMINAL_Read(BufferIndex = 0, BufferSize = 0x00010000)
T7288 516:598.112   - 0.113ms returns 0
T7288 516:649.408   JLINK_RTTERMINAL_Read(BufferIndex = 0, BufferSize = 0x00010000)
T7288 516:649.568   - 0.130ms returns 0
T7288 516:701.088   JLINK_RTTERMINAL_Read(BufferIndex = 0, BufferSize = 0x00010000)
T7288 516:701.248   - 0.134ms returns 0
T7288 516:751.712   JLINK_RTTERMINAL_Read(BufferIndex = 0, BufferSize = 0x00010000)
T7288 516:751.808   - 0.111ms returns 0
T7288 516:802.624   JLINK_RTTERMINAL_Read(BufferIndex = 0, BufferSize = 0x00010000)
T7288 516:802.720   - 0.088ms returns 0
T7288 516:854.080   JLINK_RTTERMINAL_Read(BufferIndex = 0, BufferSize = 0x00010000)
T7288 516:854.176   - 0.105ms returns 0
T7288 516:905.472   JLINK_RTTERMINAL_Read(BufferIndex = 0, BufferSize = 0x00010000)
T7288 516:905.568   - 0.105ms returns 0
T7288 516:955.904   JLINK_RTTERMINAL_Read(BufferIndex = 0, BufferSize = 0x00010000)
T7288 516:956.000   - 0.080ms returns 0
T7288 517:007.872   JLINK_RTTERMINAL_Read(BufferIndex = 0, BufferSize = 0x00010000)
T7288 517:007.968   - 0.081ms returns 0
T7288 517:058.720   JLINK_RTTERMINAL_Read(BufferIndex = 0, BufferSize = 0x00010000)
T7288 517:058.816   - 0.097ms returns 0
T7288 517:109.824   JLINK_RTTERMINAL_Read(BufferIndex = 0, BufferSize = 0x00010000)
T7288 517:109.856   - 0.072ms returns 0
T7288 517:160.512   JLINK_RTTERMINAL_Read(BufferIndex = 0, BufferSize = 0x00010000)
T7288 517:160.608   - 0.079ms returns 0
T7288 517:211.456   JLINK_RTTERMINAL_Read(BufferIndex = 0, BufferSize = 0x00010000)
T7288 517:211.552   - 0.079ms returns 0
T7288 517:262.784   JLINK_RTTERMINAL_Read(BufferIndex = 0, BufferSize = 0x00010000)
T7288 517:262.912   - 0.092ms returns 0
T7288 517:314.208   JLINK_RTTERMINAL_Read(BufferIndex = 0, BufferSize = 0x00010000)
T7288 517:314.304   - 0.092ms returns 0
T7288 517:365.056   JLINK_RTTERMINAL_Read(BufferIndex = 0, BufferSize = 0x00010000)
T7288 517:365.088   - 0.080ms returns 0
T7288 517:415.520   JLINK_RTTERMINAL_Read(BufferIndex = 0, BufferSize = 0x00010000)
T7288 517:415.616   - 0.096ms returns 0
T7288 517:466.368   JLINK_RTTERMINAL_Read(BufferIndex = 0, BufferSize = 0x00010000)
T7288 517:466.464   - 0.109ms returns 0
T7288 517:517.760   JLINK_RTTERMINAL_Read(BufferIndex = 0, BufferSize = 0x00010000)
T7288 517:517.888   - 0.090ms returns 0
T7288 517:568.448   JLINK_RTTERMINAL_Read(BufferIndex = 0, BufferSize = 0x00010000)
T7288 517:568.576   - 0.082ms returns 0
T7288 517:618.944   JLINK_RTTERMINAL_Read(BufferIndex = 0, BufferSize = 0x00010000)
T7288 517:619.104   - 0.144ms returns 0
T7288 517:670.336   JLINK_RTTERMINAL_Read(BufferIndex = 0, BufferSize = 0x00010000)
T7288 517:670.464   - 0.092ms returns 0
T7288 517:721.344   JLINK_RTTERMINAL_Read(BufferIndex = 0, BufferSize = 0x00010000)
T7288 517:721.440   - 0.130ms returns 0
T7288 517:771.968   JLINK_RTTERMINAL_Read(BufferIndex = 0, BufferSize = 0x00010000)
T7288 517:772.032   - 0.066ms returns 0
T7288 517:823.040   JLINK_RTTERMINAL_Read(BufferIndex = 0, BufferSize = 0x00010000)
T7288 517:823.136   - 0.070ms returns 0
T7288 517:874.240   JLINK_RTTERMINAL_Read(BufferIndex = 0, BufferSize = 0x00010000)
T7288 517:874.272   - 0.077ms returns 0
T7288 517:925.216   JLINK_RTTERMINAL_Read(BufferIndex = 0, BufferSize = 0x00010000)
T7288 517:925.312   - 0.120ms returns 0
T7288 517:975.872   JLINK_RTTERMINAL_Read(BufferIndex = 0, BufferSize = 0x00010000)
T7288 517:975.968   - 0.081ms returns 0
T7288 518:026.336   JLINK_RTTERMINAL_Read(BufferIndex = 0, BufferSize = 0x00010000)
T7288 518:026.432   - 0.092ms returns 0
T7288 518:077.600   JLINK_RTTERMINAL_Read(BufferIndex = 0, BufferSize = 0x00010000)
T7288 518:077.760   - 0.137ms returns 0
T7288 518:128.544   JLINK_RTTERMINAL_Read(BufferIndex = 0, BufferSize = 0x00010000)
T7288 518:128.640   - 0.081ms returns 0
T7288 518:179.424   JLINK_RTTERMINAL_Read(BufferIndex = 0, BufferSize = 0x00010000)
T7288 518:179.584   - 0.109ms returns 0
T7288 518:230.464   JLINK_RTTERMINAL_Read(BufferIndex = 0, BufferSize = 0x00010000)
T7288 518:230.528   - 0.059ms returns 0
T7288 518:281.312   JLINK_RTTERMINAL_Read(BufferIndex = 0, BufferSize = 0x00010000)
T7288 518:281.376   - 0.079ms returns 0
T7288 518:332.864   JLINK_RTTERMINAL_Read(BufferIndex = 0, BufferSize = 0x00010000)
T7288 518:332.928   - 0.082ms returns 0
T7288 518:384.288   JLINK_RTTERMINAL_Read(BufferIndex = 0, BufferSize = 0x00010000)
T7288 518:384.320   - 0.066ms returns 0
T7288 518:434.912   JLINK_RTTERMINAL_Read(BufferIndex = 0, BufferSize = 0x00010000)
T7288 518:435.008   - 0.091ms returns 0
T7288 518:486.016   JLINK_RTTERMINAL_Read(BufferIndex = 0, BufferSize = 0x00010000)
T7288 518:486.112   - 0.074ms returns 0
T7288 518:536.608   JLINK_RTTERMINAL_Read(BufferIndex = 0, BufferSize = 0x00010000)
T7288 518:536.768   - 0.124ms returns 0
T7288 518:589.024   JLINK_RTTERMINAL_Read(BufferIndex = 0, BufferSize = 0x00010000)
T7288 518:589.120   - 0.105ms returns 0
T7288 518:640.192   JLINK_RTTERMINAL_Read(BufferIndex = 0, BufferSize = 0x00010000)
T7288 518:640.320   - 0.166ms returns 0
T7288 518:691.392   JLINK_RTTERMINAL_Read(BufferIndex = 0, BufferSize = 0x00010000)
T7288 518:691.424   - 0.071ms returns 0
T7288 518:742.272   JLINK_RTTERMINAL_Read(BufferIndex = 0, BufferSize = 0x00010000)
T7288 518:742.336   - 0.085ms returns 0
T7288 518:793.728   JLINK_RTTERMINAL_Read(BufferIndex = 0, BufferSize = 0x00010000)
T7288 518:793.824   - 0.111ms returns 0
T7288 518:845.344   JLINK_RTTERMINAL_Read(BufferIndex = 0, BufferSize = 0x00010000)
T7288 518:845.440   - 0.074ms returns 0
T7288 518:896.576   JLINK_RTTERMINAL_Read(BufferIndex = 0, BufferSize = 0x00010000)
T7288 518:896.736   - 0.130ms returns 0
T7288 518:947.904   JLINK_RTTERMINAL_Read(BufferIndex = 0, BufferSize = 0x00010000)
T7288 518:947.936   - 0.091ms returns 0
T7288 518:998.432   JLINK_RTTERMINAL_Read(BufferIndex = 0, BufferSize = 0x00010000)
T7288 518:998.528   - 0.115ms returns 0
T7288 519:049.568   JLINK_RTTERMINAL_Read(BufferIndex = 0, BufferSize = 0x00010000)
T7288 519:049.664   - 0.074ms returns 0
T7288 519:100.000   JLINK_RTTERMINAL_Read(BufferIndex = 0, BufferSize = 0x00010000)
T7288 519:100.064   - 0.060ms returns 0
T7288 519:150.912   JLINK_RTTERMINAL_Read(BufferIndex = 0, BufferSize = 0x00010000)
T7288 519:151.008   - 0.095ms returns 0
T7288 519:201.952   JLINK_RTTERMINAL_Read(BufferIndex = 0, BufferSize = 0x00010000)
T7288 519:202.048   - 0.074ms returns 0
T7288 519:252.320   JLINK_RTTERMINAL_Read(BufferIndex = 0, BufferSize = 0x00010000)
T7288 519:252.416   - 0.059ms returns 0
T7288 519:302.976   JLINK_RTTERMINAL_Read(BufferIndex = 0, BufferSize = 0x00010000)
T7288 519:303.008   - 0.060ms returns 0
T7288 519:353.952   JLINK_RTTERMINAL_Read(BufferIndex = 0, BufferSize = 0x00010000)
T7288 519:354.016   - 0.083ms returns 0
T7288 519:405.056   JLINK_RTTERMINAL_Read(BufferIndex = 0, BufferSize = 0x00010000)
T7288 519:405.152   - 0.069ms returns 0
T7288 519:456.256   JLINK_RTTERMINAL_Read(BufferIndex = 0, BufferSize = 0x00010000)
T7288 519:456.352   - 0.078ms returns 0
T7288 519:507.104   JLINK_RTTERMINAL_Read(BufferIndex = 0, BufferSize = 0x00010000)
T7288 519:507.200   - 0.092ms returns 0
T7288 519:558.304   JLINK_RTTERMINAL_Read(BufferIndex = 0, BufferSize = 0x00010000)
T7288 519:558.400   - 0.094ms returns 0
T7288 519:608.736   JLINK_RTTERMINAL_Read(BufferIndex = 0, BufferSize = 0x00010000)
T7288 519:608.832   - 0.095ms returns 0
T7288 519:659.200   JLINK_RTTERMINAL_Read(BufferIndex = 0, BufferSize = 0x00010000)
T7288 519:659.328   - 0.088ms returns 0
T7288 519:711.840   JLINK_RTTERMINAL_Read(BufferIndex = 0, BufferSize = 0x00010000)
T7288 519:711.904   - 0.086ms returns 0
T7288 519:762.784   JLINK_RTTERMINAL_Read(BufferIndex = 0, BufferSize = 0x00010000)
T7288 519:762.880   - 0.071ms returns 0
T7288 519:813.952   JLINK_RTTERMINAL_Read(BufferIndex = 0, BufferSize = 0x00010000)
T7288 519:813.984   - 0.062ms returns 0
T7288 519:864.768   JLINK_RTTERMINAL_Read(BufferIndex = 0, BufferSize = 0x00010000)
T7288 519:864.832   - 0.093ms returns 0
T7288 519:915.776   JLINK_RTTERMINAL_Read(BufferIndex = 0, BufferSize = 0x00010000)
T7288 519:915.840   - 0.066ms returns 0
T7288 519:967.232   JLINK_RTTERMINAL_Read(BufferIndex = 0, BufferSize = 0x00010000)
T7288 519:967.296   - 0.057ms returns 0
T7288 520:017.824   JLINK_RTTERMINAL_Read(BufferIndex = 0, BufferSize = 0x00010000)
T7288 520:017.856   - 0.064ms returns 0
T7288 520:068.544   JLINK_RTTERMINAL_Read(BufferIndex = 0, BufferSize = 0x00010000)
T7288 520:068.608   - 0.076ms returns 0
T7288 520:119.616   JLINK_RTTERMINAL_Read(BufferIndex = 0, BufferSize = 0x00010000)
T7288 520:119.712   - 0.093ms returns 0
T7288 520:171.872   JLINK_RTTERMINAL_Read(BufferIndex = 0, BufferSize = 0x00010000)
T7288 520:171.968   - 0.065ms returns 0
T7288 520:222.528   JLINK_RTTERMINAL_Read(BufferIndex = 0, BufferSize = 0x00010000)
T7288 520:222.624   - 0.082ms returns 0
T7288 520:273.664   JLINK_RTTERMINAL_Read(BufferIndex = 0, BufferSize = 0x00010000)
T7288 520:273.728   - 0.069ms returns 0
T7288 520:324.160   JLINK_RTTERMINAL_Read(BufferIndex = 0, BufferSize = 0x00010000)
T7288 520:324.256   - 0.078ms returns 0
T7288 520:374.624   JLINK_RTTERMINAL_Read(BufferIndex = 0, BufferSize = 0x00010000)
T7288 520:374.720   - 0.079ms returns 0
T7288 520:425.728   JLINK_RTTERMINAL_Read(BufferIndex = 0, BufferSize = 0x00010000)
T7288 520:425.792   - 0.071ms returns 0
T7288 520:478.368   JLINK_RTTERMINAL_Read(BufferIndex = 0, BufferSize = 0x00010000)
T7288 520:478.400   - 0.076ms returns 0
T7288 520:529.472   JLINK_RTTERMINAL_Read(BufferIndex = 0, BufferSize = 0x00010000)
T7288 520:529.568   - 0.105ms returns 0
T7288 520:580.192   JLINK_RTTERMINAL_Read(BufferIndex = 0, BufferSize = 0x00010000)
T7288 520:580.256   - 0.074ms returns 0
T7288 520:630.720   JLINK_RTTERMINAL_Read(BufferIndex = 0, BufferSize = 0x00010000)
T7288 520:630.848   - 0.100ms returns 0
T7288 520:681.984   JLINK_RTTERMINAL_Read(BufferIndex = 0, BufferSize = 0x00010000)
T7288 520:682.080   - 0.099ms returns 0
T7288 520:732.928   JLINK_RTTERMINAL_Read(BufferIndex = 0, BufferSize = 0x00010000)
T7288 520:732.992   - 0.068ms returns 0
T7288 520:783.776   JLINK_RTTERMINAL_Read(BufferIndex = 0, BufferSize = 0x00010000)
T7288 520:783.808   - 0.080ms returns 0
T7288 520:834.816   JLINK_RTTERMINAL_Read(BufferIndex = 0, BufferSize = 0x00010000)
T7288 520:834.912   - 0.084ms returns 0
T7288 520:885.504   JLINK_RTTERMINAL_Read(BufferIndex = 0, BufferSize = 0x00010000)
T7288 520:885.600   - 0.092ms returns 0
T7288 520:936.384   JLINK_RTTERMINAL_Read(BufferIndex = 0, BufferSize = 0x00010000)
T7288 520:936.512   - 0.067ms returns 0
T7288 520:987.744   JLINK_RTTERMINAL_Read(BufferIndex = 0, BufferSize = 0x00010000)
T7288 520:987.808   - 0.077ms returns 0
T7288 521:038.144   JLINK_RTTERMINAL_Read(BufferIndex = 0, BufferSize = 0x00010000)
T7288 521:038.240   - 0.080ms returns 0
T7288 521:088.864   JLINK_RTTERMINAL_Read(BufferIndex = 0, BufferSize = 0x00010000)
T7288 521:088.960   - 0.075ms returns 0
T7288 521:141.440   JLINK_RTTERMINAL_Read(BufferIndex = 0, BufferSize = 0x00010000)
T7288 521:141.504   - 0.062ms returns 0
T7288 521:192.448   JLINK_RTTERMINAL_Read(BufferIndex = 0, BufferSize = 0x00010000)
T7288 521:192.544   - 0.078ms returns 0
T7288 521:243.552   JLINK_RTTERMINAL_Read(BufferIndex = 0, BufferSize = 0x00010000)
T7288 521:243.584   - 0.090ms returns 0
T7288 521:294.336   JLINK_RTTERMINAL_Read(BufferIndex = 0, BufferSize = 0x00010000)
T7288 521:294.432   - 0.080ms returns 0
T7288 521:345.216   JLINK_RTTERMINAL_Read(BufferIndex = 0, BufferSize = 0x00010000)
T7288 521:345.344   - 0.069ms returns 0
T7288 521:397.600   JLINK_RTTERMINAL_Read(BufferIndex = 0, BufferSize = 0x00010000)
T7288 521:397.664   - 0.067ms returns 0
T7288 521:448.608   JLINK_RTTERMINAL_Read(BufferIndex = 0, BufferSize = 0x00010000)
T7288 521:448.640   - 0.074ms returns 0
T7288 521:499.712   JLINK_RTTERMINAL_Read(BufferIndex = 0, BufferSize = 0x00010000)
T7288 521:499.744   - 0.072ms returns 0
T7288 521:550.240   JLINK_RTTERMINAL_Read(BufferIndex = 0, BufferSize = 0x00010000)
T7288 521:550.336   - 0.077ms returns 0
T7288 521:600.928   JLINK_RTTERMINAL_Read(BufferIndex = 0, BufferSize = 0x00010000)
T7288 521:601.024   - 0.084ms returns 0
T7288 521:652.064   JLINK_RTTERMINAL_Read(BufferIndex = 0, BufferSize = 0x00010000)
T7288 521:652.160   - 0.081ms returns 0
T7288 521:703.168   JLINK_RTTERMINAL_Read(BufferIndex = 0, BufferSize = 0x00010000)
T7288 521:703.264   - 0.074ms returns 0
T7288 521:753.760   JLINK_RTTERMINAL_Read(BufferIndex = 0, BufferSize = 0x00010000)
T7288 521:753.856   - 0.082ms returns 0
T7288 521:804.704   JLINK_RTTERMINAL_Read(BufferIndex = 0, BufferSize = 0x00010000)
T7288 521:804.800   - 0.065ms returns 0
T7288 521:856.096   JLINK_RTTERMINAL_Read(BufferIndex = 0, BufferSize = 0x00010000)
T7288 521:856.192   - 0.088ms returns 0
T7288 521:907.136   JLINK_RTTERMINAL_Read(BufferIndex = 0, BufferSize = 0x00010000)
T7288 521:907.200   - 0.072ms returns 0
T7288 521:957.728   JLINK_RTTERMINAL_Read(BufferIndex = 0, BufferSize = 0x00010000)
T7288 521:957.824   - 0.093ms returns 0
T7288 522:008.384   JLINK_RTTERMINAL_Read(BufferIndex = 0, BufferSize = 0x00010000)
T7288 522:008.480   - 0.068ms returns 0
T7288 522:059.072   JLINK_RTTERMINAL_Read(BufferIndex = 0, BufferSize = 0x00010000)
T7288 522:059.168   - 0.079ms returns 0
T7288 522:111.488   JLINK_RTTERMINAL_Read(BufferIndex = 0, BufferSize = 0x00010000)
T7288 522:111.584   - 0.096ms returns 0
T7288 522:162.368   JLINK_RTTERMINAL_Read(BufferIndex = 0, BufferSize = 0x00010000)
T7288 522:162.496   - 0.094ms returns 0
T7288 522:214.144   JLINK_RTTERMINAL_Read(BufferIndex = 0, BufferSize = 0x00010000)
T7288 522:214.208   - 0.088ms returns 0
T7288 522:265.024   JLINK_RTTERMINAL_Read(BufferIndex = 0, BufferSize = 0x00010000)
T7288 522:265.152   - 0.075ms returns 0
T7288 522:315.840   JLINK_RTTERMINAL_Read(BufferIndex = 0, BufferSize = 0x00010000)
T7288 522:315.872   - 0.067ms returns 0
T7288 522:366.528   JLINK_RTTERMINAL_Read(BufferIndex = 0, BufferSize = 0x00010000)
T7288 522:366.624   - 0.097ms returns 0
T7288 522:417.568   JLINK_RTTERMINAL_Read(BufferIndex = 0, BufferSize = 0x00010000)
T7288 522:417.664   - 0.113ms returns 0
T7288 522:468.256   JLINK_RTTERMINAL_Read(BufferIndex = 0, BufferSize = 0x00010000)
T7288 522:468.288   - 0.075ms returns 0
T7288 522:520.416   JLINK_RTTERMINAL_Read(BufferIndex = 0, BufferSize = 0x00010000)
T7288 522:520.512   - 0.094ms returns 0
T7288 522:570.944   JLINK_RTTERMINAL_Read(BufferIndex = 0, BufferSize = 0x00010000)
T7288 522:571.072   - 0.101ms returns 0
T7288 522:622.272   JLINK_RTTERMINAL_Read(BufferIndex = 0, BufferSize = 0x00010000)
T7288 522:622.368   - 0.074ms returns 0
T7288 522:673.856   JLINK_RTTERMINAL_Read(BufferIndex = 0, BufferSize = 0x00010000)
T7288 522:673.984   - 0.102ms returns 0
T7288 522:725.024   JLINK_RTTERMINAL_Read(BufferIndex = 0, BufferSize = 0x00010000)
T7288 522:725.120   - 0.107ms returns 0
T7288 522:775.456   JLINK_RTTERMINAL_Read(BufferIndex = 0, BufferSize = 0x00010000)
T7288 522:775.488   - 0.065ms returns 0
T7288 522:826.176   JLINK_RTTERMINAL_Read(BufferIndex = 0, BufferSize = 0x00010000)
T7288 522:826.304   - 0.066ms returns 0
T7288 522:878.208   JLINK_RTTERMINAL_Read(BufferIndex = 0, BufferSize = 0x00010000)
T7288 522:878.304   - 0.099ms returns 0
T7288 522:928.800   JLINK_RTTERMINAL_Read(BufferIndex = 0, BufferSize = 0x00010000)
T7288 522:928.896   - 0.082ms returns 0
T7288 522:980.032   JLINK_RTTERMINAL_Read(BufferIndex = 0, BufferSize = 0x00010000)
T7288 522:980.096   - 0.069ms returns 0
T7288 523:030.976   JLINK_RTTERMINAL_Read(BufferIndex = 0, BufferSize = 0x00010000)
T7288 523:031.104   - 0.069ms returns 0
T7288 523:081.984   JLINK_RTTERMINAL_Read(BufferIndex = 0, BufferSize = 0x00010000)
T7288 523:082.080   - 0.066ms returns 0
T7288 523:132.352   JLINK_RTTERMINAL_Read(BufferIndex = 0, BufferSize = 0x00010000)
T7288 523:132.416   - 0.059ms returns 0
T7288 523:183.424   JLINK_RTTERMINAL_Read(BufferIndex = 0, BufferSize = 0x00010000)
T7288 523:183.520   - 0.073ms returns 0
T7288 523:234.400   JLINK_RTTERMINAL_Read(BufferIndex = 0, BufferSize = 0x00010000)
T7288 523:234.496   - 0.103ms returns 0
T7288 523:285.920   JLINK_RTTERMINAL_Read(BufferIndex = 0, BufferSize = 0x00010000)
T7288 523:286.016   - 0.122ms returns 0
T7288 523:336.896   JLINK_RTTERMINAL_Read(BufferIndex = 0, BufferSize = 0x00010000)
T7288 523:337.024   - 0.099ms returns 0
T7288 523:387.488   JLINK_RTTERMINAL_Read(BufferIndex = 0, BufferSize = 0x00010000)
T7288 523:387.584   - 0.080ms returns 0
T7288 523:438.592   JLINK_RTTERMINAL_Read(BufferIndex = 0, BufferSize = 0x00010000)
T7288 523:438.688   - 0.100ms returns 0
T7288 523:489.792   JLINK_RTTERMINAL_Read(BufferIndex = 0, BufferSize = 0x00010000)
T7288 523:489.888   - 0.078ms returns 0
T7288 523:540.832   JLINK_RTTERMINAL_Read(BufferIndex = 0, BufferSize = 0x00010000)
T7288 523:540.896   - 0.057ms returns 0
T7288 523:592.096   JLINK_RTTERMINAL_Read(BufferIndex = 0, BufferSize = 0x00010000)
T7288 523:592.192   - 0.092ms returns 0
T7288 523:644.064   JLINK_RTTERMINAL_Read(BufferIndex = 0, BufferSize = 0x00010000)
T7288 523:644.160   - 0.119ms returns 0
T7288 523:694.912   JLINK_RTTERMINAL_Read(BufferIndex = 0, BufferSize = 0x00010000)
T7288 523:695.008   - 0.077ms returns 0
T7288 523:746.912   JLINK_RTTERMINAL_Read(BufferIndex = 0, BufferSize = 0x00010000)
T7288 523:746.976   - 0.071ms returns 0
T7288 523:797.568   JLINK_RTTERMINAL_Read(BufferIndex = 0, BufferSize = 0x00010000)
T7288 523:797.664   - 0.099ms returns 0
T7288 523:848.960   JLINK_RTTERMINAL_Read(BufferIndex = 0, BufferSize = 0x00010000)
T7288 523:849.024   - 0.074ms returns 0
T7288 523:899.552   JLINK_RTTERMINAL_Read(BufferIndex = 0, BufferSize = 0x00010000)
T7288 523:899.584   - 0.074ms returns 0
T7288 523:949.920   JLINK_RTTERMINAL_Read(BufferIndex = 0, BufferSize = 0x00010000)
T7288 523:949.984   - 0.062ms returns 0
T7288 524:001.216   JLINK_RTTERMINAL_Read(BufferIndex = 0, BufferSize = 0x00010000)
T7288 524:001.280   - 0.082ms returns 0
T7288 524:051.808   JLINK_RTTERMINAL_Read(BufferIndex = 0, BufferSize = 0x00010000)
T7288 524:051.904   - 0.092ms returns 0
T7288 524:102.976   JLINK_RTTERMINAL_Read(BufferIndex = 0, BufferSize = 0x00010000)
T7288 524:103.072   - 0.080ms returns 0
T7288 524:153.920   JLINK_RTTERMINAL_Read(BufferIndex = 0, BufferSize = 0x00010000)
T7288 524:153.952   - 0.071ms returns 0
T7288 524:204.384   JLINK_RTTERMINAL_Read(BufferIndex = 0, BufferSize = 0x00010000)
T7288 524:204.480   - 0.082ms returns 0
T7288 524:256.768   JLINK_RTTERMINAL_Read(BufferIndex = 0, BufferSize = 0x00010000)
T7288 524:256.864   - 0.075ms returns 0
T7288 524:307.296   JLINK_RTTERMINAL_Read(BufferIndex = 0, BufferSize = 0x00010000)
T7288 524:307.392   - 0.101ms returns 0
T7288 524:357.792   JLINK_RTTERMINAL_Read(BufferIndex = 0, BufferSize = 0x00010000)
T7288 524:357.888   - 0.065ms returns 0
T7288 524:408.128   JLINK_RTTERMINAL_Read(BufferIndex = 0, BufferSize = 0x00010000)
T7288 524:408.224   - 0.073ms returns 0
T7288 524:459.264   JLINK_RTTERMINAL_Read(BufferIndex = 0, BufferSize = 0x00010000)
T7288 524:459.328   - 0.061ms returns 0
T7288 524:510.368   JLINK_RTTERMINAL_Read(BufferIndex = 0, BufferSize = 0x00010000)
T7288 524:510.464   - 0.081ms returns 0
T7288 524:561.472   JLINK_RTTERMINAL_Read(BufferIndex = 0, BufferSize = 0x00010000)
T7288 524:561.568   - 0.096ms returns 0
T7288 524:612.256   JLINK_RTTERMINAL_Read(BufferIndex = 0, BufferSize = 0x00010000)
T7288 524:612.352   - 0.092ms returns 0
T7288 524:662.592   JLINK_RTTERMINAL_Read(BufferIndex = 0, BufferSize = 0x00010000)
T7288 524:662.688   - 0.096ms returns 0
T7288 524:715.168   JLINK_RTTERMINAL_Read(BufferIndex = 0, BufferSize = 0x00010000)
T7288 524:715.200   - 0.056ms returns 0
T7288 524:766.400   JLINK_RTTERMINAL_Read(BufferIndex = 0, BufferSize = 0x00010000)
T7288 524:766.528   - 0.082ms returns 0
T7288 524:817.472   JLINK_RTTERMINAL_Read(BufferIndex = 0, BufferSize = 0x00010000)
T7288 524:817.568   - 0.093ms returns 0
T7288 524:868.160   JLINK_RTTERMINAL_Read(BufferIndex = 0, BufferSize = 0x00010000)
T7288 524:868.192   - 0.068ms returns 0
T7288 524:919.136   JLINK_RTTERMINAL_Read(BufferIndex = 0, BufferSize = 0x00010000)
T7288 524:919.296   - 0.138ms returns 0
T7288 524:970.240   JLINK_RTTERMINAL_Read(BufferIndex = 0, BufferSize = 0x00010000)
T7288 524:970.304   - 0.063ms returns 0
T7288 525:020.768   JLINK_RTTERMINAL_Read(BufferIndex = 0, BufferSize = 0x00010000)
T7288 525:020.928   - 0.158ms returns 0
T7288 525:072.288   JLINK_RTTERMINAL_Read(BufferIndex = 0, BufferSize = 0x00010000)
T7288 525:072.384   - 0.111ms returns 0
T7288 525:123.328   JLINK_RTTERMINAL_Read(BufferIndex = 0, BufferSize = 0x00010000)
T7288 525:123.424   - 0.095ms returns 0
T7288 525:174.016   JLINK_RTTERMINAL_Read(BufferIndex = 0, BufferSize = 0x00010000)
T7288 525:174.112   - 0.091ms returns 0
T7288 525:225.568   JLINK_RTTERMINAL_Read(BufferIndex = 0, BufferSize = 0x00010000)
T7288 525:225.792   - 0.168ms returns 0
T7288 525:276.352   JLINK_RTTERMINAL_Read(BufferIndex = 0, BufferSize = 0x00010000)
T7288 525:276.480   - 0.123ms returns 0
T7288 525:327.456   JLINK_RTTERMINAL_Read(BufferIndex = 0, BufferSize = 0x00010000)
T7288 525:327.552   - 0.122ms returns 0
T7288 525:378.240   JLINK_RTTERMINAL_Read(BufferIndex = 0, BufferSize = 0x00010000)
T7288 525:378.368   - 0.076ms returns 0
T7288 525:429.088   JLINK_RTTERMINAL_Read(BufferIndex = 0, BufferSize = 0x00010000)
T7288 525:429.152   - 0.070ms returns 0
T7288 525:479.776   JLINK_RTTERMINAL_Read(BufferIndex = 0, BufferSize = 0x00010000)
T7288 525:479.872   - 0.078ms returns 0
T7288 525:530.720   JLINK_RTTERMINAL_Read(BufferIndex = 0, BufferSize = 0x00010000)
T7288 525:530.784   - 0.065ms returns 0
T7288 525:582.528   JLINK_RTTERMINAL_Read(BufferIndex = 0, BufferSize = 0x00010000)
T7288 525:582.656   - 0.093ms returns 0
T7288 525:633.024   JLINK_RTTERMINAL_Read(BufferIndex = 0, BufferSize = 0x00010000)
T7288 525:633.088   - 0.061ms returns 0
T7288 525:683.872   JLINK_RTTERMINAL_Read(BufferIndex = 0, BufferSize = 0x00010000)
T7288 525:684.032   - 0.166ms returns 0
T7288 525:735.168   JLINK_RTTERMINAL_Read(BufferIndex = 0, BufferSize = 0x00010000)
T7288 525:735.232   - 0.083ms returns 0
T7288 525:785.760   JLINK_RTTERMINAL_Read(BufferIndex = 0, BufferSize = 0x00010000)
T7288 525:785.856   - 0.105ms returns 0
T7288 525:836.736   JLINK_RTTERMINAL_Read(BufferIndex = 0, BufferSize = 0x00010000)
T7288 525:836.800   - 0.093ms returns 0
T7288 525:888.000   JLINK_RTTERMINAL_Read(BufferIndex = 0, BufferSize = 0x00010000)
T7288 525:888.096   - 0.115ms returns 0
T7288 525:938.944   JLINK_RTTERMINAL_Read(BufferIndex = 0, BufferSize = 0x00010000)
T7288 525:939.040   - 0.080ms returns 0
T7288 525:990.464   JLINK_RTTERMINAL_Read(BufferIndex = 0, BufferSize = 0x00010000)
T7288 525:990.560   - 0.116ms returns 0
T7288 526:041.696   JLINK_RTTERMINAL_Read(BufferIndex = 0, BufferSize = 0x00010000)
T7288 526:041.792   - 0.083ms returns 0
T7288 526:092.640   JLINK_RTTERMINAL_Read(BufferIndex = 0, BufferSize = 0x00010000)
T7288 526:092.736   - 0.128ms returns 0
T7288 526:143.584   JLINK_RTTERMINAL_Read(BufferIndex = 0, BufferSize = 0x00010000)
T7288 526:143.680   - 0.097ms returns 0
T7288 526:196.160   JLINK_RTTERMINAL_Read(BufferIndex = 0, BufferSize = 0x00010000)
T7288 526:196.288   - 0.093ms returns 0
T7288 526:246.816   JLINK_RTTERMINAL_Read(BufferIndex = 0, BufferSize = 0x00010000)
T7288 526:246.848   - 0.059ms returns 0
T7288 526:298.112   JLINK_RTTERMINAL_Read(BufferIndex = 0, BufferSize = 0x00010000)
T7288 526:298.176   - 0.082ms returns 0
T7288 526:349.248   JLINK_RTTERMINAL_Read(BufferIndex = 0, BufferSize = 0x00010000)
T7288 526:349.376   - 0.090ms returns 0
T7288 526:401.344   JLINK_RTTERMINAL_Read(BufferIndex = 0, BufferSize = 0x00010000)
T7288 526:401.376   - 0.077ms returns 0
T7288 526:452.576   JLINK_RTTERMINAL_Read(BufferIndex = 0, BufferSize = 0x00010000)
T7288 526:452.672   - 0.115ms returns 0
T7288 526:503.360   JLINK_RTTERMINAL_Read(BufferIndex = 0, BufferSize = 0x00010000)
T7288 526:503.424   - 0.074ms returns 0
T7288 526:554.368   JLINK_RTTERMINAL_Read(BufferIndex = 0, BufferSize = 0x00010000)
T7288 526:554.464   - 0.084ms returns 0
T7288 526:605.312   JLINK_RTTERMINAL_Read(BufferIndex = 0, BufferSize = 0x00010000)
T7288 526:605.408   - 0.088ms returns 0
T7288 526:656.672   JLINK_RTTERMINAL_Read(BufferIndex = 0, BufferSize = 0x00010000)
T7288 526:656.768   - 0.077ms returns 0
T7288 526:707.776   JLINK_RTTERMINAL_Read(BufferIndex = 0, BufferSize = 0x00010000)
T7288 526:707.872   - 0.083ms returns 0
T7288 526:759.936   JLINK_RTTERMINAL_Read(BufferIndex = 0, BufferSize = 0x00010000)
T7288 526:760.032   - 0.097ms returns 0
T7288 526:810.880   JLINK_RTTERMINAL_Read(BufferIndex = 0, BufferSize = 0x00010000)
T7288 526:811.040   - 0.117ms returns 0
T7288 526:862.688   JLINK_RTTERMINAL_Read(BufferIndex = 0, BufferSize = 0x00010000)
T7288 526:862.784   - 0.079ms returns 0
T7288 526:913.728   JLINK_RTTERMINAL_Read(BufferIndex = 0, BufferSize = 0x00010000)
T7288 526:913.792   - 0.075ms returns 0
T7288 526:964.416   JLINK_RTTERMINAL_Read(BufferIndex = 0, BufferSize = 0x00010000)
T7288 526:964.544   - 0.087ms returns 0
T7288 527:014.976   JLINK_RTTERMINAL_Read(BufferIndex = 0, BufferSize = 0x00010000)
T7288 527:015.072   - 0.112ms returns 0
T7288 527:066.368   JLINK_RTTERMINAL_Read(BufferIndex = 0, BufferSize = 0x00010000)
T7288 527:066.528   - 0.150ms returns 0
T7288 527:117.568   JLINK_RTTERMINAL_Read(BufferIndex = 0, BufferSize = 0x00010000)
T7288 527:117.632   - 0.075ms returns 0
T7288 527:168.672   JLINK_RTTERMINAL_Read(BufferIndex = 0, BufferSize = 0x00010000)
T7288 527:168.704   - 0.068ms returns 0
T7288 527:219.456   JLINK_RTTERMINAL_Read(BufferIndex = 0, BufferSize = 0x00010000)
T7288 527:219.520   - 0.073ms returns 0
T7288 527:270.656   JLINK_RTTERMINAL_Read(BufferIndex = 0, BufferSize = 0x00010000)
T7288 527:270.720   - 0.084ms returns 0
T7288 527:321.760   JLINK_RTTERMINAL_Read(BufferIndex = 0, BufferSize = 0x00010000)
T7288 527:321.792   - 0.089ms returns 0
T7288 527:372.288   JLINK_RTTERMINAL_Read(BufferIndex = 0, BufferSize = 0x00010000)
T7288 527:372.384   - 0.108ms returns 0
T7288 527:423.488   JLINK_RTTERMINAL_Read(BufferIndex = 0, BufferSize = 0x00010000)
T7288 527:423.584   - 0.118ms returns 0
T7288 527:474.176   JLINK_RTTERMINAL_Read(BufferIndex = 0, BufferSize = 0x00010000)
T7288 527:474.240   - 0.086ms returns 0
T7288 527:525.120   JLINK_RTTERMINAL_Read(BufferIndex = 0, BufferSize = 0x00010000)
T7288 527:525.184   - 0.095ms returns 0
T7288 527:576.224   JLINK_RTTERMINAL_Read(BufferIndex = 0, BufferSize = 0x00010000)
T7288 527:576.256   - 0.060ms returns 0
T7288 527:627.328   JLINK_RTTERMINAL_Read(BufferIndex = 0, BufferSize = 0x00010000)
T7288 527:627.520   - 0.168ms returns 0
T7288 527:678.016   JLINK_RTTERMINAL_Read(BufferIndex = 0, BufferSize = 0x00010000)
T7288 527:678.048   - 0.067ms returns 0
T7288 527:728.960   JLINK_RTTERMINAL_Read(BufferIndex = 0, BufferSize = 0x00010000)
T7288 527:728.992   - 0.067ms returns 0
T7288 527:780.160   JLINK_RTTERMINAL_Read(BufferIndex = 0, BufferSize = 0x00010000)
T7288 527:780.192   - 0.074ms returns 0
T7288 527:831.104   JLINK_RTTERMINAL_Read(BufferIndex = 0, BufferSize = 0x00010000)
T7288 527:831.200   - 0.083ms returns 0
T7288 527:882.432   JLINK_RTTERMINAL_Read(BufferIndex = 0, BufferSize = 0x00010000)
T7288 527:882.496   - 0.062ms returns 0
T7288 527:933.184   JLINK_RTTERMINAL_Read(BufferIndex = 0, BufferSize = 0x00010000)
T7288 527:933.280   - 0.092ms returns 0
T7288 527:983.776   JLINK_RTTERMINAL_Read(BufferIndex = 0, BufferSize = 0x00010000)
T7288 527:983.808   - 0.072ms returns 0
T7288 528:034.752   JLINK_RTTERMINAL_Read(BufferIndex = 0, BufferSize = 0x00010000)
T7288 528:034.816   - 0.072ms returns 0
T7288 528:085.952   JLINK_RTTERMINAL_Read(BufferIndex = 0, BufferSize = 0x00010000)
T7288 528:086.016   - 0.092ms returns 0
T7288 528:137.312   JLINK_RTTERMINAL_Read(BufferIndex = 0, BufferSize = 0x00010000)
T7288 528:137.408   - 0.070ms returns 0
T7288 528:188.160   JLINK_RTTERMINAL_Read(BufferIndex = 0, BufferSize = 0x00010000)
T7288 528:188.256   - 0.096ms returns 0
T7288 528:239.424   JLINK_RTTERMINAL_Read(BufferIndex = 0, BufferSize = 0x00010000)
T7288 528:239.520   - 0.075ms returns 0
T7288 528:290.144   JLINK_RTTERMINAL_Read(BufferIndex = 0, BufferSize = 0x00010000)
T7288 528:290.208   - 0.068ms returns 0
T7288 528:341.184   JLINK_RTTERMINAL_Read(BufferIndex = 0, BufferSize = 0x00010000)
T7288 528:341.248   - 0.067ms returns 0
T7288 528:391.776   JLINK_RTTERMINAL_Read(BufferIndex = 0, BufferSize = 0x00010000)
T7288 528:391.872   - 0.057ms returns 0
T7288 528:443.968   JLINK_RTTERMINAL_Read(BufferIndex = 0, BufferSize = 0x00010000)
T7288 528:444.000   - 0.068ms returns 0
T7288 528:494.496   JLINK_RTTERMINAL_Read(BufferIndex = 0, BufferSize = 0x00010000)
T7288 528:494.528   - 0.076ms returns 0
T7288 528:545.536   JLINK_RTTERMINAL_Read(BufferIndex = 0, BufferSize = 0x00010000)
T7288 528:545.632   - 0.076ms returns 0
T7288 528:596.288   JLINK_RTTERMINAL_Read(BufferIndex = 0, BufferSize = 0x00010000)
T7288 528:596.384   - 0.101ms returns 0
T7288 528:647.264   JLINK_RTTERMINAL_Read(BufferIndex = 0, BufferSize = 0x00010000)
T7288 528:647.360   - 0.092ms returns 0
T7288 528:698.048   JLINK_RTTERMINAL_Read(BufferIndex = 0, BufferSize = 0x00010000)
T7288 528:698.112   - 0.090ms returns 0
T7288 528:749.056   JLINK_RTTERMINAL_Read(BufferIndex = 0, BufferSize = 0x00010000)
T7288 528:749.152   - 0.099ms returns 0
T7288 528:800.416   JLINK_RTTERMINAL_Read(BufferIndex = 0, BufferSize = 0x00010000)
T7288 528:800.448   - 0.069ms returns 0
T7288 528:851.392   JLINK_RTTERMINAL_Read(BufferIndex = 0, BufferSize = 0x00010000)
T7288 528:851.456   - 0.061ms returns 0
T7288 528:902.656   JLINK_RTTERMINAL_Read(BufferIndex = 0, BufferSize = 0x00010000)
T7288 528:902.752   - 0.084ms returns 0
T7288 528:953.760   JLINK_RTTERMINAL_Read(BufferIndex = 0, BufferSize = 0x00010000)
T7288 528:953.792   - 0.095ms returns 0
T7288 529:005.056   JLINK_RTTERMINAL_Read(BufferIndex = 0, BufferSize = 0x00010000)
T7288 529:005.152   - 0.080ms returns 0
T7288 529:056.320   JLINK_RTTERMINAL_Read(BufferIndex = 0, BufferSize = 0x00010000)
T7288 529:056.416   - 0.141ms returns 0
T7288 529:106.784   JLINK_RTTERMINAL_Read(BufferIndex = 0, BufferSize = 0x00010000)
T7288 529:106.848   - 0.074ms returns 0
T7288 529:157.440   JLINK_RTTERMINAL_Read(BufferIndex = 0, BufferSize = 0x00010000)
T7288 529:157.536   - 0.100ms returns 0
T7288 529:208.640   JLINK_RTTERMINAL_Read(BufferIndex = 0, BufferSize = 0x00010000)
T7288 529:208.736   - 0.125ms returns 0
T7288 529:260.032   JLINK_RTTERMINAL_Read(BufferIndex = 0, BufferSize = 0x00010000)
T7288 529:260.128   - 0.133ms returns 0
T62A0 529:304.832   JLINK_RTTERMINAL_Control(Cmd = JLINKARM_RTTERMINAL_CMD_STOP)
T62A0 529:306.368     CPU_WriteMem(4 bytes @ 0x2000041C)
T62A0 529:307.232   - 2.376ms returns 0x00
T62A0 529:382.208     JLINK_RTTERMINAL_Control(Cmd = JLINKARM_RTTERMINAL_CMD_START)
T62A0 529:382.336     - 0.129ms returns 0x00
T7288 529:382.656   JLINK_RTTERMINAL_Read(BufferIndex = 0, BufferSize = 0x00010000)
T7288 529:382.720   - 0.054ms returns 0
T6BF4 529:382.976   CPU_ReadMem(24 bytes @ 0x2000041C)
T6BF4 529:393.504   CPU_ReadMem(24 bytes @ 0x2000041C)
T6BF4 529:404.928   CPU_ReadMem(24 bytes @ 0x2000041C)
T6BF4 529:416.192   CPU_ReadMem(24 bytes @ 0x2000041C)
T6BF4 529:428.032   CPU_ReadMem(24 bytes @ 0x2000041C)
T7288 529:433.088   JLINK_RTTERMINAL_Read(BufferIndex = 0, BufferSize = 0x00010000)
T7288 529:433.152     RTT: Failed to load RTT control block at address 0x2000041C
T7288 529:433.184     RTT: Failed to load RTT control block at address 0x2000041C
T7288 529:433.248     RTT: Failed to load RTT control block at address 0x2000041C
T7288 529:433.280     RTT: Failed to load RTT control block at address 0x2000041C
T7288 529:433.344     RTT: Failed to load RTT control block at address 0x2000041C
T7288 529:433.440   - 0.334ms returns 0
T6BF4 529:439.840   CPU_ReadMem(24 bytes @ 0x2000041C)
T6BF4 529:450.944   CPU_ReadMem(24 bytes @ 0x2000041C)
T6BF4 529:462.976   CPU_ReadMem(24 bytes @ 0x2000041C)
T6BF4 529:474.912   CPU_ReadMem(24 bytes @ 0x2000041C)
T7288 529:484.032   JLINK_RTTERMINAL_Read(BufferIndex = 0, BufferSize = 0x00010000)
T7288 529:484.128     RTT: Failed to load RTT control block at address 0x2000041C
T7288 529:484.128     RTT: Failed to load RTT control block at address 0x2000041C
T7288 529:484.192     RTT: Failed to load RTT control block at address 0x2000041C
T7288 529:484.224     RTT: Failed to load RTT control block at address 0x2000041C
T7288 529:484.288   - 0.270ms returns 0
T62A0 529:485.664   JLINK_RTTERMINAL_Control(Cmd = JLINKARM_RTTERMINAL_CMD_STOP)
T62A0 529:486.752   - 1.077ms returns 0x00
T62A0 530:471.168     JLINK_RTTERMINAL_Control(Cmd = JLINKARM_RTTERMINAL_CMD_START)
T62A0 530:471.264     - 0.109ms returns 0x00
T7288 530:472.288   JLINK_RTTERMINAL_Read(BufferIndex = 0, BufferSize = 0x00010000)
T7288 530:472.384   - 0.096ms returns 0
T6BF4 530:476.960   CPU_ReadMem(24 bytes @ 0x2000041C)
T6BF4 530:489.760   CPU_ReadMem(24 bytes @ 0x2000041C)
T6BF4 530:501.696   CPU_ReadMem(24 bytes @ 0x2000041C)
T6BF4 530:513.824   CPU_ReadMem(24 bytes @ 0x2000041C)
T7288 530:522.816   JLINK_RTTERMINAL_Read(BufferIndex = 0, BufferSize = 0x00010000)
T7288 530:522.976     RTT: Failed to load RTT control block at address 0x2000041C
T7288 530:523.040     RTT: Failed to load RTT control block at address 0x2000041C
T7288 530:523.072     RTT: Failed to load RTT control block at address 0x2000041C
T7288 530:523.136     RTT: Failed to load RTT control block at address 0x2000041C
T7288 530:523.200   - 0.360ms returns 0
T6BF4 530:524.768   CPU_ReadMem(24 bytes @ 0x2000041C)
T6BF4 530:536.704   CPU_ReadMem(24 bytes @ 0x2000041C)
T6BF4 530:547.808   CPU_ReadMem(24 bytes @ 0x2000041C)
T6BF4 530:558.784   CPU_ReadMem(24 bytes @ 0x2000041C)
T6BF4 530:569.920   CPU_ReadMem(24 bytes @ 0x2000041C)
T7288 530:573.984   JLINK_RTTERMINAL_Read(BufferIndex = 0, BufferSize = 0x00010000)
T7288 530:574.144     RTT: Failed to load RTT control block at address 0x2000041C
T7288 530:574.176     RTT: Failed to load RTT control block at address 0x2000041C
T7288 530:574.240     RTT: Failed to load RTT control block at address 0x2000041C
T7288 530:574.240     RTT: Failed to load RTT control block at address 0x2000041C
T7288 530:574.272     RTT: Failed to load RTT control block at address 0x2000041C
T7288 530:574.336   - 0.345ms returns 0
T6BF4 530:581.568   CPU_ReadMem(24 bytes @ 0x2000041C)
T6BF4 530:592.064   CPU_ReadMem(24 bytes @ 0x2000041C)
T6BF4 530:603.456   CPU_ReadMem(24 bytes @ 0x2000041C)
T6BF4 530:614.464   CPU_ReadMem(24 bytes @ 0x2000041C)
T7288 530:625.600   JLINK_RTTERMINAL_Read(BufferIndex = 0, BufferSize = 0x00010000)
T7288 530:625.632     RTT: Failed to load RTT control block at address 0x2000041C
T7288 530:625.696     RTT: Failed to load RTT control block at address 0x2000041C
T7288 530:625.728     RTT: Failed to load RTT control block at address 0x2000041C
T7288 530:625.792     RTT: Failed to load RTT control block at address 0x2000041C
T7288 530:625.856   - 0.256ms returns 0
T6BF4 530:626.624   CPU_ReadMem(24 bytes @ 0x2000041C)
T6BF4 530:638.592   CPU_ReadMem(24 bytes @ 0x2000041C)
T6BF4 530:649.664   CPU_ReadMem(24 bytes @ 0x2000041C)
T6BF4 530:660.768   CPU_ReadMem(24 bytes @ 0x2000041C)
T6BF4 530:672.576   CPU_ReadMem(24 bytes @ 0x2000041C)
T7288 530:677.184   JLINK_RTTERMINAL_Read(BufferIndex = 0, BufferSize = 0x00010000)
T7288 530:677.312     RTT: Failed to load RTT control block at address 0x2000041C
T7288 530:677.344     RTT: Failed to load RTT control block at address 0x2000041C
T7288 530:677.408     RTT: Failed to load RTT control block at address 0x2000041C
T7288 530:677.440     RTT: Failed to load RTT control block at address 0x2000041C
T7288 530:677.504     RTT: Failed to load RTT control block at address 0x2000041C
T7288 530:677.568   - 0.339ms returns 0
T6BF4 530:683.136   CPU_ReadMem(24 bytes @ 0x2000041C)
T6BF4 530:694.752   CPU_ReadMem(24 bytes @ 0x2000041C)
T6BF4 530:706.880   CPU_ReadMem(24 bytes @ 0x2000041C)
T6BF4 530:718.656   CPU_ReadMem(24 bytes @ 0x2000041C)
T7288 530:728.384   JLINK_RTTERMINAL_Read(BufferIndex = 0, BufferSize = 0x00010000)
T7288 530:728.544     RTT: Failed to load RTT control block at address 0x2000041C
T7288 530:728.608     RTT: Failed to load RTT control block at address 0x2000041C
T7288 530:728.640     RTT: Failed to load RTT control block at address 0x2000041C
T7288 530:728.768     RTT: Failed to load RTT control block at address 0x2000041C
T7288 530:728.800   - 0.435ms returns 0
T6BF4 530:729.280   CPU_ReadMem(24 bytes @ 0x2000041C)
T6BF4 530:740.320   CPU_ReadMem(24 bytes @ 0x2000041C)
T6BF4 530:751.488   CPU_ReadMem(24 bytes @ 0x2000041C)
T6BF4 530:762.560   CPU_ReadMem(24 bytes @ 0x2000041C)
T6BF4 530:773.760   CPU_ReadMem(24 bytes @ 0x2000041C)
T7288 530:780.000   JLINK_RTTERMINAL_Read(BufferIndex = 0, BufferSize = 0x00010000)
T7288 530:780.160     RTT: Failed to load RTT control block at address 0x2000041C
T7288 530:780.224     RTT: Failed to load RTT control block at address 0x2000041C
T7288 530:780.256     RTT: Failed to load RTT control block at address 0x2000041C
T7288 530:780.320     RTT: Failed to load RTT control block at address 0x2000041C
T7288 530:780.352     RTT: Failed to load RTT control block at address 0x2000041C
T7288 530:780.416   - 0.401ms returns 0
T6BF4 530:785.184   CPU_ReadMem(24 bytes @ 0x2000041C)
T6BF4 530:796.224   CPU_ReadMem(24 bytes @ 0x2000041C)
T6BF4 530:807.296   CPU_ReadMem(24 bytes @ 0x2000041C)
T6BF4 530:818.304   CPU_ReadMem(24 bytes @ 0x2000041C)
T6BF4 530:830.272   CPU_ReadMem(24 bytes @ 0x2000041C)
T7288 530:831.424   JLINK_RTTERMINAL_Read(BufferIndex = 0, BufferSize = 0x00010000)
T7288 530:831.552     RTT: Failed to load RTT control block at address 0x2000041C
T7288 530:831.616     RTT: Failed to load RTT control block at address 0x2000041C
T7288 530:831.680     RTT: Failed to load RTT control block at address 0x2000041C
T7288 530:831.712     RTT: Failed to load RTT control block at address 0x2000041C
T7288 530:831.808     RTT: Failed to load RTT control block at address 0x2000041C
T7288 530:831.872   - 0.447ms returns 0
T6BF4 530:841.280   CPU_ReadMem(24 bytes @ 0x2000041C)
T6BF4 530:853.216   CPU_ReadMem(24 bytes @ 0x2000041C)
T6BF4 530:864.384   CPU_ReadMem(24 bytes @ 0x2000041C)
T6BF4 530:875.456   CPU_ReadMem(24 bytes @ 0x2000041C)
T7288 530:883.008   JLINK_RTTERMINAL_Read(BufferIndex = 0, BufferSize = 0x00010000)
T7288 530:883.136     RTT: Failed to load RTT control block at address 0x2000041C
T7288 530:883.136     RTT: Failed to load RTT control block at address 0x2000041C
T7288 530:883.168     RTT: Failed to load RTT control block at address 0x2000041C
T7288 530:883.232     RTT: Failed to load RTT control block at address 0x2000041C
T7288 530:883.264   - 0.253ms returns 0
T6BF4 530:886.560   CPU_ReadMem(24 bytes @ 0x2000041C)
T6BF4 530:898.080   CPU_ReadMem(24 bytes @ 0x2000041C)
T6BF4 530:909.120   CPU_ReadMem(24 bytes @ 0x2000041C)
T6BF4 530:921.120   CPU_ReadMem(24 bytes @ 0x2000041C)
T6BF4 530:932.128   CPU_ReadMem(24 bytes @ 0x2000041C)
T7288 530:934.208   JLINK_RTTERMINAL_Read(BufferIndex = 0, BufferSize = 0x00010000)
T7288 530:934.336     RTT: Failed to load RTT control block at address 0x2000041C
T7288 530:934.432     RTT: Failed to load RTT control block at address 0x2000041C
T7288 530:934.464     RTT: Failed to load RTT control block at address 0x2000041C
T7288 530:934.528     RTT: Failed to load RTT control block at address 0x2000041C
T7288 530:934.624     RTT: Failed to load RTT control block at address 0x2000041C
T7288 530:934.688   - 0.475ms returns 0
T6BF4 530:944.096   CPU_ReadMem(24 bytes @ 0x2000041C)
T6BF4 530:956.128   CPU_ReadMem(24 bytes @ 0x2000041C)
T6BF4 530:968.480   CPU_ReadMem(24 bytes @ 0x2000041C)
T6BF4 530:979.936   CPU_ReadMem(24 bytes @ 0x2000041C)
T7288 530:985.120   JLINK_RTTERMINAL_Read(BufferIndex = 0, BufferSize = 0x00010000)
T7288 530:985.152     RTT: Failed to load RTT control block at address 0x2000041C
T7288 530:985.216     RTT: Failed to load RTT control block at address 0x2000041C
T7288 530:985.280     RTT: Failed to load RTT control block at address 0x2000041C
T7288 530:985.376     RTT: Failed to load RTT control block at address 0x2000041C
T7288 530:985.408   - 0.309ms returns 0
T6BF4 530:990.784   CPU_ReadMem(24 bytes @ 0x2000041C)
T6BF4 531:002.784   CPU_ReadMem(24 bytes @ 0x2000041C)
T6BF4 531:014.816   CPU_ReadMem(24 bytes @ 0x2000041C)
T6BF4 531:026.784   CPU_ReadMem(24 bytes @ 0x2000041C)
T7288 531:035.904   JLINK_RTTERMINAL_Read(BufferIndex = 0, BufferSize = 0x00010000)
T7288 531:035.968     RTT: Failed to load RTT control block at address 0x2000041C
T7288 531:036.000     RTT: Failed to load RTT control block at address 0x2000041C
T7288 531:036.000     RTT: Failed to load RTT control block at address 0x2000041C
T7288 531:036.064     RTT: Failed to load RTT control block at address 0x2000041C
T7288 531:036.096   - 0.214ms returns 0
T6BF4 531:038.720   CPU_ReadMem(24 bytes @ 0x2000041C)
T6BF4 531:049.824   CPU_ReadMem(24 bytes @ 0x2000041C)
T6BF4 531:061.568   CPU_ReadMem(24 bytes @ 0x2000041C)
T6BF4 531:073.376   CPU_ReadMem(24 bytes @ 0x2000041C)
T6BF4 531:084.960   CPU_ReadMem(24 bytes @ 0x2000041C)
T7288 531:087.168   JLINK_RTTERMINAL_Read(BufferIndex = 0, BufferSize = 0x00010000)
T7288 531:087.296     RTT: Failed to load RTT control block at address 0x2000041C
T7288 531:087.360     RTT: Failed to load RTT control block at address 0x2000041C
T7288 531:087.424     RTT: Failed to load RTT control block at address 0x2000041C
T7288 531:087.456     RTT: Failed to load RTT control block at address 0x2000041C
T7288 531:087.552     RTT: Failed to load RTT control block at address 0x2000041C
T7288 531:087.616   - 0.473ms returns 0
T6BF4 531:096.640   CPU_ReadMem(24 bytes @ 0x2000041C)
T6BF4 531:108.608   CPU_ReadMem(24 bytes @ 0x2000041C)
T6BF4 531:120.576   CPU_ReadMem(24 bytes @ 0x2000041C)
T6BF4 531:131.584   CPU_ReadMem(24 bytes @ 0x2000041C)
T7288 531:138.880   JLINK_RTTERMINAL_Read(BufferIndex = 0, BufferSize = 0x00010000)
T7288 531:138.912     RTT: Failed to load RTT control block at address 0x2000041C
T7288 531:138.976     RTT: Failed to load RTT control block at address 0x2000041C
T7288 531:139.008     RTT: Failed to load RTT control block at address 0x2000041C
T7288 531:139.072     RTT: Failed to load RTT control block at address 0x2000041C
T7288 531:139.136   - 0.256ms returns 0
T6BF4 531:142.816   CPU_ReadMem(24 bytes @ 0x2000041C)
T6BF4 531:153.920   CPU_ReadMem(24 bytes @ 0x2000041C)
T6BF4 531:165.888   CPU_ReadMem(24 bytes @ 0x2000041C)
T6BF4 531:177.152   CPU_ReadMem(24 bytes @ 0x2000041C)
T6BF4 531:188.224   CPU_ReadMem(24 bytes @ 0x2000041C)
T7288 531:190.368   JLINK_RTTERMINAL_Read(BufferIndex = 0, BufferSize = 0x00010000)
T7288 531:190.432     RTT: Failed to load RTT control block at address 0x2000041C
T7288 531:190.464     RTT: Failed to load RTT control block at address 0x2000041C
T7288 531:190.592     RTT: Failed to load RTT control block at address 0x2000041C
T7288 531:190.624     RTT: Failed to load RTT control block at address 0x2000041C
T7288 531:190.688     RTT: Failed to load RTT control block at address 0x2000041C
T7288 531:190.720   - 0.377ms returns 0
T6BF4 531:199.328   CPU_ReadMem(24 bytes @ 0x2000041C)
T6BF4 531:210.336   CPU_ReadMem(24 bytes @ 0x2000041C)
T6BF4 531:221.408   CPU_ReadMem(24 bytes @ 0x2000041C)
T6BF4 531:232.448   CPU_ReadMem(24 bytes @ 0x2000041C)
T7288 531:241.472   JLINK_RTTERMINAL_Read(BufferIndex = 0, BufferSize = 0x00010000)
T7288 531:241.568     RTT: Failed to load RTT control block at address 0x2000041C
T7288 531:241.568     RTT: Failed to load RTT control block at address 0x2000041C
T7288 531:241.632     RTT: Failed to load RTT control block at address 0x2000041C
T7288 531:241.632     RTT: Failed to load RTT control block at address 0x2000041C
T7288 531:241.664   - 0.203ms returns 0
T6BF4 531:244.384   CPU_ReadMem(24 bytes @ 0x2000041C)
T6BF4 531:255.360   CPU_ReadMem(24 bytes @ 0x2000041C)
T6BF4 531:267.392   CPU_ReadMem(24 bytes @ 0x2000041C)
T6BF4 531:277.472   CPU_ReadMem(24 bytes @ 0x2000041C)
T6BF4 531:288.672   CPU_ReadMem(24 bytes @ 0x2000041C)
T7288 531:292.320   JLINK_RTTERMINAL_Read(BufferIndex = 0, BufferSize = 0x00010000)
T7288 531:292.480     RTT: Failed to load RTT control block at address 0x2000041C
T7288 531:292.512     RTT: Failed to load RTT control block at address 0x2000041C
T7288 531:292.608     RTT: Failed to load RTT control block at address 0x2000041C
T7288 531:292.736     RTT: Failed to load RTT control block at address 0x2000041C
T7288 531:292.768     RTT: Failed to load RTT control block at address 0x2000041C
T7288 531:292.864   - 0.535ms returns 0
T6BF4 531:300.192   CPU_ReadMem(24 bytes @ 0x2000041C)
T6BF4 531:311.520   CPU_ReadMem(24 bytes @ 0x2000041C)
T6BF4 531:323.552   CPU_ReadMem(24 bytes @ 0x2000041C)
T6BF4 531:334.496   CPU_ReadMem(24 bytes @ 0x2000041C)
T7288 531:343.616   JLINK_RTTERMINAL_Read(BufferIndex = 0, BufferSize = 0x00010000)
T7288 531:343.680     RTT: Failed to load RTT control block at address 0x2000041C
T7288 531:343.712     RTT: Failed to load RTT control block at address 0x2000041C
T7288 531:343.808     RTT: Failed to load RTT control block at address 0x2000041C
T7288 531:343.808     RTT: Failed to load RTT control block at address 0x2000041C
T7288 531:343.872   - 0.297ms returns 0
T6BF4 531:346.528   CPU_ReadMem(24 bytes @ 0x2000041C)
T6BF4 531:357.504   CPU_ReadMem(24 bytes @ 0x2000041C)
T6BF4 531:369.216   CPU_ReadMem(24 bytes @ 0x2000041C)
T6BF4 531:380.672   CPU_ReadMem(24 bytes @ 0x2000041C)
T6BF4 531:392.352   CPU_ReadMem(24 bytes @ 0x2000041C)
T7288 531:394.464   JLINK_RTTERMINAL_Read(BufferIndex = 0, BufferSize = 0x00010000)
T7288 531:394.496     RTT: Failed to load RTT control block at address 0x2000041C
T7288 531:394.496     RTT: Failed to load RTT control block at address 0x2000041C
T7288 531:394.560     RTT: Failed to load RTT control block at address 0x2000041C
T7288 531:394.560     RTT: Failed to load RTT control block at address 0x2000041C
T7288 531:394.624     RTT: Failed to load RTT control block at address 0x2000041C
T7288 531:394.624   - 0.184ms returns 0
T6BF4 531:404.288   CPU_ReadMem(24 bytes @ 0x2000041C)
T6BF4 531:416.384   CPU_ReadMem(24 bytes @ 0x2000041C)
T6BF4 531:427.392   CPU_ReadMem(24 bytes @ 0x2000041C)
T6BF4 531:438.784   CPU_ReadMem(24 bytes @ 0x2000041C)
T7288 531:445.856   JLINK_RTTERMINAL_Read(BufferIndex = 0, BufferSize = 0x00010000)
T7288 531:445.920     RTT: Failed to load RTT control block at address 0x2000041C
T7288 531:445.920     RTT: Failed to load RTT control block at address 0x2000041C
T7288 531:445.952     RTT: Failed to load RTT control block at address 0x2000041C
T7288 531:446.016     RTT: Failed to load RTT control block at address 0x2000041C
T7288 531:446.080   - 0.206ms returns 0
T6BF4 531:449.856   CPU_ReadMem(24 bytes @ 0x2000041C)
T6BF4 531:460.800   CPU_ReadMem(24 bytes @ 0x2000041C)
T6BF4 531:472.288   CPU_ReadMem(24 bytes @ 0x2000041C)
T6BF4 531:483.392   CPU_ReadMem(24 bytes @ 0x2000041C)
T6BF4 531:495.008   CPU_ReadMem(24 bytes @ 0x2000041C)
T7288 531:497.120   JLINK_RTTERMINAL_Read(BufferIndex = 0, BufferSize = 0x00010000)
T7288 531:497.152     RTT: Failed to load RTT control block at address 0x2000041C
T7288 531:497.280     RTT: Failed to load RTT control block at address 0x2000041C
T7288 531:497.312     RTT: Failed to load RTT control block at address 0x2000041C
T7288 531:497.376     RTT: Failed to load RTT control block at address 0x2000041C
T7288 531:497.408     RTT: Failed to load RTT control block at address 0x2000041C
T7288 531:497.472   - 0.386ms returns 0
T6BF4 531:506.944   CPU_ReadMem(24 bytes @ 0x2000041C)
T6BF4 531:518.880   CPU_ReadMem(24 bytes @ 0x2000041C)
T6BF4 531:530.144   CPU_ReadMem(24 bytes @ 0x2000041C)
T6BF4 531:541.152   CPU_ReadMem(24 bytes @ 0x2000041C)
T7288 531:548.224   JLINK_RTTERMINAL_Read(BufferIndex = 0, BufferSize = 0x00010000)
T7288 531:548.320     RTT: Failed to load RTT control block at address 0x2000041C
T7288 531:548.352     RTT: Failed to load RTT control block at address 0x2000041C
T7288 531:548.416     RTT: Failed to load RTT control block at address 0x2000041C
T7288 531:548.480     RTT: Failed to load RTT control block at address 0x2000041C
T7288 531:548.512   - 0.317ms returns 0
T6BF4 531:553.120   CPU_ReadMem(24 bytes @ 0x2000041C)
T6BF4 531:564.096   CPU_ReadMem(24 bytes @ 0x2000041C)
T6BF4 531:575.232   CPU_ReadMem(24 bytes @ 0x2000041C)
T6BF4 531:586.464   CPU_ReadMem(24 bytes @ 0x2000041C)
T6BF4 531:597.568   CPU_ReadMem(24 bytes @ 0x2000041C)
T7288 531:599.680   JLINK_RTTERMINAL_Read(BufferIndex = 0, BufferSize = 0x00010000)
T7288 531:599.712     RTT: Failed to load RTT control block at address 0x2000041C
T7288 531:599.776     RTT: Failed to load RTT control block at address 0x2000041C
T7288 531:599.776     RTT: Failed to load RTT control block at address 0x2000041C
T7288 531:599.808     RTT: Failed to load RTT control block at address 0x2000041C
T7288 531:599.808     RTT: Failed to load RTT control block at address 0x2000041C
T7288 531:599.872   - 0.190ms returns 0
T6BF4 531:608.512   CPU_ReadMem(24 bytes @ 0x2000041C)
T6BF4 531:620.512   CPU_ReadMem(24 bytes @ 0x2000041C)
T6BF4 531:632.544   CPU_ReadMem(24 bytes @ 0x2000041C)
T6BF4 531:644.512   CPU_ReadMem(24 bytes @ 0x2000041C)
T7288 531:650.656   JLINK_RTTERMINAL_Read(BufferIndex = 0, BufferSize = 0x00010000)
T7288 531:650.720     RTT: Failed to load RTT control block at address 0x2000041C
T7288 531:650.752     RTT: Failed to load RTT control block at address 0x2000041C
T7288 531:650.752     RTT: Failed to load RTT control block at address 0x2000041C
T7288 531:650.816     RTT: Failed to load RTT control block at address 0x2000041C
T7288 531:650.816   - 0.156ms returns 0
T6BF4 531:655.008   CPU_ReadMem(24 bytes @ 0x2000041C)
T6BF4 531:667.008   CPU_ReadMem(24 bytes @ 0x2000041C)
T6BF4 531:678.880   CPU_ReadMem(24 bytes @ 0x2000041C)
T6BF4 531:689.888   CPU_ReadMem(24 bytes @ 0x2000041C)
T6BF4 531:701.504   CPU_ReadMem(24 bytes @ 0x2000041C)
T7288 531:702.528   JLINK_RTTERMINAL_Read(BufferIndex = 0, BufferSize = 0x00010000)
T7288 531:702.624     RTT: Failed to load RTT control block at address 0x2000041C
T7288 531:702.688     RTT: Failed to load RTT control block at address 0x2000041C
T7288 531:702.720     RTT: Failed to load RTT control block at address 0x2000041C
T7288 531:702.720     RTT: Failed to load RTT control block at address 0x2000041C
T7288 531:702.784     RTT: Failed to load RTT control block at address 0x2000041C
T7288 531:702.848   - 0.288ms returns 0
T6BF4 531:712.768   CPU_ReadMem(24 bytes @ 0x2000041C)
T6BF4 531:723.712   CPU_ReadMem(24 bytes @ 0x2000041C)
T6BF4 531:735.104   CPU_ReadMem(24 bytes @ 0x2000041C)
T6BF4 531:746.112   CPU_ReadMem(24 bytes @ 0x2000041C)
T7288 531:753.152   JLINK_RTTERMINAL_Read(BufferIndex = 0, BufferSize = 0x00010000)
T7288 531:753.280     RTT: Failed to load RTT control block at address 0x2000041C
T7288 531:753.312     RTT: Failed to load RTT control block at address 0x2000041C
T7288 531:753.376     RTT: Failed to load RTT control block at address 0x2000041C
T7288 531:753.376     RTT: Failed to load RTT control block at address 0x2000041C
T7288 531:753.408   - 0.218ms returns 0
T6BF4 531:757.120   CPU_ReadMem(24 bytes @ 0x2000041C)
T6BF4 531:769.088   CPU_ReadMem(24 bytes @ 0x2000041C)
T6BF4 531:779.424   CPU_ReadMem(24 bytes @ 0x2000041C)
T6BF4 531:790.688   CPU_ReadMem(24 bytes @ 0x2000041C)
T6BF4 531:801.792   CPU_ReadMem(24 bytes @ 0x2000041C)
T7288 531:803.840   JLINK_RTTERMINAL_Read(BufferIndex = 0, BufferSize = 0x00010000)
T7288 531:803.968     RTT: Failed to load RTT control block at address 0x2000041C
T7288 531:804.000     RTT: Failed to load RTT control block at address 0x2000041C
T7288 531:804.064     RTT: Failed to load RTT control block at address 0x2000041C
T7288 531:804.064     RTT: Failed to load RTT control block at address 0x2000041C
T7288 531:804.096     RTT: Failed to load RTT control block at address 0x2000041C
T7288 531:804.096   - 0.257ms returns 0
T6BF4 531:812.800   CPU_ReadMem(24 bytes @ 0x2000041C)
T6BF4 531:824.896   CPU_ReadMem(24 bytes @ 0x2000041C)
T6BF4 531:835.840   CPU_ReadMem(24 bytes @ 0x2000041C)
T6BF4 531:847.840   CPU_ReadMem(24 bytes @ 0x2000041C)
T7288 531:854.848   JLINK_RTTERMINAL_Read(BufferIndex = 0, BufferSize = 0x00010000)
T7288 531:854.912     RTT: Failed to load RTT control block at address 0x2000041C
T7288 531:854.912     RTT: Failed to load RTT control block at address 0x2000041C
T7288 531:854.944     RTT: Failed to load RTT control block at address 0x2000041C
T7288 531:854.944     RTT: Failed to load RTT control block at address 0x2000041C
T7288 531:855.008   - 0.158ms returns 0
T6BF4 531:858.784   CPU_ReadMem(24 bytes @ 0x2000041C)
T6BF4 531:870.304   CPU_ReadMem(24 bytes @ 0x2000041C)
T6BF4 531:881.728   CPU_ReadMem(24 bytes @ 0x2000041C)
T6BF4 531:892.736   CPU_ReadMem(24 bytes @ 0x2000041C)
T6BF4 531:904.352   CPU_ReadMem(24 bytes @ 0x2000041C)
T7288 531:905.472   JLINK_RTTERMINAL_Read(BufferIndex = 0, BufferSize = 0x00010000)
T7288 531:905.600     RTT: Failed to load RTT control block at address 0x2000041C
T7288 531:905.632     RTT: Failed to load RTT control block at address 0x2000041C
T7288 531:905.632     RTT: Failed to load RTT control block at address 0x2000041C
T7288 531:905.696     RTT: Failed to load RTT control block at address 0x2000041C
T7288 531:905.696     RTT: Failed to load RTT control block at address 0x2000041C
T7288 531:905.728   - 0.258ms returns 0
T6BF4 531:916.224   CPU_ReadMem(24 bytes @ 0x2000041C)
T6BF4 531:927.360   CPU_ReadMem(24 bytes @ 0x2000041C)
T6BF4 531:938.304   CPU_ReadMem(24 bytes @ 0x2000041C)
T6BF4 531:950.272   CPU_ReadMem(24 bytes @ 0x2000041C)
T7288 531:956.320   JLINK_RTTERMINAL_Read(BufferIndex = 0, BufferSize = 0x00010000)
T7288 531:956.416     RTT: Failed to load RTT control block at address 0x2000041C
T7288 531:956.480     RTT: Failed to load RTT control block at address 0x2000041C
T7288 531:956.544     RTT: Failed to load RTT control block at address 0x2000041C
T7288 531:956.544     RTT: Failed to load RTT control block at address 0x2000041C
T7288 531:956.576   - 0.250ms returns 0
T6BF4 531:961.280   CPU_ReadMem(24 bytes @ 0x2000041C)
T6BF4 531:972.416   CPU_ReadMem(24 bytes @ 0x2000041C)
T6BF4 531:983.872   CPU_ReadMem(24 bytes @ 0x2000041C)
T6BF4 531:995.456   CPU_ReadMem(24 bytes @ 0x2000041C)
T6BF4 532:006.496   CPU_ReadMem(24 bytes @ 0x2000041C)
T7288 532:007.584   JLINK_RTTERMINAL_Read(BufferIndex = 0, BufferSize = 0x00010000)
T7288 532:007.616     RTT: Failed to load RTT control block at address 0x2000041C
T7288 532:007.680     RTT: Failed to load RTT control block at address 0x2000041C
T7288 532:007.680     RTT: Failed to load RTT control block at address 0x2000041C
T7288 532:007.744     RTT: Failed to load RTT control block at address 0x2000041C
T7288 532:007.776     RTT: Failed to load RTT control block at address 0x2000041C
T7288 532:007.776   - 0.230ms returns 0
T6BF4 532:018.496   CPU_ReadMem(24 bytes @ 0x2000041C)
T6BF4 532:029.536   CPU_ReadMem(24 bytes @ 0x2000041C)
T6BF4 532:040.768   CPU_ReadMem(24 bytes @ 0x2000041C)
T6BF4 532:051.808   CPU_ReadMem(24 bytes @ 0x2000041C)
T7288 532:058.816   JLINK_RTTERMINAL_Read(BufferIndex = 0, BufferSize = 0x00010000)
T7288 532:058.944     RTT: Failed to load RTT control block at address 0x2000041C
T7288 532:058.976     RTT: Failed to load RTT control block at address 0x2000041C
T7288 532:059.040     RTT: Failed to load RTT control block at address 0x2000041C
T7288 532:059.072     RTT: Failed to load RTT control block at address 0x2000041C
T7288 532:059.136   - 0.286ms returns 0
T6BF4 532:062.784   CPU_ReadMem(24 bytes @ 0x2000041C)
T6BF4 532:074.304   CPU_ReadMem(24 bytes @ 0x2000041C)
T6BF4 532:085.920   CPU_ReadMem(24 bytes @ 0x2000041C)
T6BF4 532:096.960   CPU_ReadMem(24 bytes @ 0x2000041C)
T6BF4 532:108.960   CPU_ReadMem(24 bytes @ 0x2000041C)
T7288 532:110.016   JLINK_RTTERMINAL_Read(BufferIndex = 0, BufferSize = 0x00010000)
T7288 532:110.144     RTT: Failed to load RTT control block at address 0x2000041C
T7288 532:110.176     RTT: Failed to load RTT control block at address 0x2000041C
T7288 532:110.240     RTT: Failed to load RTT control block at address 0x2000041C
T7288 532:110.272     RTT: Failed to load RTT control block at address 0x2000041C
T7288 532:110.336     RTT: Failed to load RTT control block at address 0x2000041C
T7288 532:110.400   - 0.333ms returns 0
T6BF4 532:120.480   CPU_ReadMem(24 bytes @ 0x2000041C)
T6BF4 532:131.488   CPU_ReadMem(24 bytes @ 0x2000041C)
T6BF4 532:143.456   CPU_ReadMem(24 bytes @ 0x2000041C)
T6BF4 532:154.528   CPU_ReadMem(24 bytes @ 0x2000041C)
T7288 532:161.600   JLINK_RTTERMINAL_Read(BufferIndex = 0, BufferSize = 0x00010000)
T7288 532:161.696     RTT: Failed to load RTT control block at address 0x2000041C
T7288 532:161.696     RTT: Failed to load RTT control block at address 0x2000041C
T7288 532:161.728     RTT: Failed to load RTT control block at address 0x2000041C
T7288 532:161.728     RTT: Failed to load RTT control block at address 0x2000041C
T7288 532:161.792   - 0.189ms returns 0
T6BF4 532:165.472   CPU_ReadMem(24 bytes @ 0x2000041C)
T6BF4 532:176.576   CPU_ReadMem(24 bytes @ 0x2000041C)
T6BF4 532:187.648   CPU_ReadMem(24 bytes @ 0x2000041C)
T6BF4 532:199.168   CPU_ReadMem(24 bytes @ 0x2000041C)
T6BF4 532:209.216   CPU_ReadMem(24 bytes @ 0x2000041C)
T7288 532:212.320   JLINK_RTTERMINAL_Read(BufferIndex = 0, BufferSize = 0x00010000)
T7288 532:212.384     RTT: Failed to load RTT control block at address 0x2000041C
T7288 532:212.416     RTT: Failed to load RTT control block at address 0x2000041C
T7288 532:212.480     RTT: Failed to load RTT control block at address 0x2000041C
T7288 532:212.544     RTT: Failed to load RTT control block at address 0x2000041C
T7288 532:212.544     RTT: Failed to load RTT control block at address 0x2000041C
T7288 532:212.576   - 0.250ms returns 0
T6BF4 532:220.736   CPU_ReadMem(24 bytes @ 0x2000041C)
T6BF4 532:232.256   CPU_ReadMem(24 bytes @ 0x2000041C)
T6BF4 532:243.712   CPU_ReadMem(24 bytes @ 0x2000041C)
T6BF4 532:254.656   CPU_ReadMem(24 bytes @ 0x2000041C)
T7288 532:263.744   JLINK_RTTERMINAL_Read(BufferIndex = 0, BufferSize = 0x00010000)
T7288 532:263.840     RTT: Failed to load RTT control block at address 0x2000041C
T7288 532:263.840     RTT: Failed to load RTT control block at address 0x2000041C
T7288 532:263.872     RTT: Failed to load RTT control block at address 0x2000041C
T7288 532:263.872     RTT: Failed to load RTT control block at address 0x2000041C
T7288 532:263.936   - 0.161ms returns 0
T6BF4 532:266.656   CPU_ReadMem(24 bytes @ 0x2000041C)
T6BF4 532:278.464   CPU_ReadMem(24 bytes @ 0x2000041C)
T6BF4 532:288.704   CPU_ReadMem(24 bytes @ 0x2000041C)
T6BF4 532:299.680   CPU_ReadMem(24 bytes @ 0x2000041C)
T6BF4 532:310.720   CPU_ReadMem(24 bytes @ 0x2000041C)
T7288 532:314.880   JLINK_RTTERMINAL_Read(BufferIndex = 0, BufferSize = 0x00010000)
T7288 532:314.976     RTT: Failed to load RTT control block at address 0x2000041C
T7288 532:315.040     RTT: Failed to load RTT control block at address 0x2000041C
T7288 532:315.072     RTT: Failed to load RTT control block at address 0x2000041C
T7288 532:315.136     RTT: Failed to load RTT control block at address 0x2000041C
T7288 532:315.136     RTT: Failed to load RTT control block at address 0x2000041C
T7288 532:315.200   - 0.343ms returns 0
T6BF4 532:322.720   CPU_ReadMem(24 bytes @ 0x2000041C)
T6BF4 532:334.336   CPU_ReadMem(24 bytes @ 0x2000041C)
T6BF4 532:345.280   CPU_ReadMem(24 bytes @ 0x2000041C)
T6BF4 532:356.352   CPU_ReadMem(24 bytes @ 0x2000041C)
T7288 532:366.432   JLINK_RTTERMINAL_Read(BufferIndex = 0, BufferSize = 0x00010000)
T7288 532:366.528     RTT: Failed to load RTT control block at address 0x2000041C
T7288 532:366.592     RTT: Failed to load RTT control block at address 0x2000041C
T7288 532:366.656     RTT: Failed to load RTT control block at address 0x2000041C
T7288 532:366.688     RTT: Failed to load RTT control block at address 0x2000041C
T7288 532:366.752   - 0.297ms returns 0
T6BF4 532:367.296   CPU_ReadMem(24 bytes @ 0x2000041C)
T6BF4 532:378.816   CPU_ReadMem(24 bytes @ 0x2000041C)
T6BF4 532:390.336   CPU_ReadMem(24 bytes @ 0x2000041C)
T6BF4 532:400.544   CPU_ReadMem(24 bytes @ 0x2000041C)
T6BF4 532:412.064   CPU_ReadMem(24 bytes @ 0x2000041C)
T7288 532:417.184   JLINK_RTTERMINAL_Read(BufferIndex = 0, BufferSize = 0x00010000)
T7288 532:417.216     RTT: Failed to load RTT control block at address 0x2000041C
T7288 532:417.216     RTT: Failed to load RTT control block at address 0x2000041C
T7288 532:417.280     RTT: Failed to load RTT control block at address 0x2000041C
T7288 532:417.280     RTT: Failed to load RTT control block at address 0x2000041C
T7288 532:417.344     RTT: Failed to load RTT control block at address 0x2000041C
T7288 532:417.344   - 0.187ms returns 0
T6BF4 532:424.032   CPU_ReadMem(24 bytes @ 0x2000041C)
T6BF4 532:436.416   CPU_ReadMem(24 bytes @ 0x2000041C)
T6BF4 532:447.424   CPU_ReadMem(24 bytes @ 0x2000041C)
T6BF4 532:458.432   CPU_ReadMem(24 bytes @ 0x2000041C)
T7288 532:468.544   JLINK_RTTERMINAL_Read(BufferIndex = 0, BufferSize = 0x00010000)
T7288 532:468.640     RTT: Failed to load RTT control block at address 0x2000041C
T7288 532:468.672     RTT: Failed to load RTT control block at address 0x2000041C
T7288 532:468.672     RTT: Failed to load RTT control block at address 0x2000041C
T7288 532:468.736     RTT: Failed to load RTT control block at address 0x2000041C
T7288 532:468.800   - 0.221ms returns 0
T6BF4 532:469.952   CPU_ReadMem(24 bytes @ 0x2000041C)
T6BF4 532:480.416   CPU_ReadMem(24 bytes @ 0x2000041C)
T6BF4 532:490.592   CPU_ReadMem(24 bytes @ 0x2000041C)
T6BF4 532:501.568   CPU_ReadMem(24 bytes @ 0x2000041C)
T6BF4 532:512.864   CPU_ReadMem(24 bytes @ 0x2000041C)
T7288 532:520.096   JLINK_RTTERMINAL_Read(BufferIndex = 0, BufferSize = 0x00010000)
T7288 532:520.128     RTT: Failed to load RTT control block at address 0x2000041C
T7288 532:520.128     RTT: Failed to load RTT control block at address 0x2000041C
T7288 532:520.192     RTT: Failed to load RTT control block at address 0x2000041C
T7288 532:520.192     RTT: Failed to load RTT control block at address 0x2000041C
T7288 532:520.256     RTT: Failed to load RTT control block at address 0x2000041C
T7288 532:520.256   - 0.192ms returns 0
T6BF4 532:524.448   CPU_ReadMem(24 bytes @ 0x2000041C)
T6BF4 532:535.360   CPU_ReadMem(24 bytes @ 0x2000041C)
T6BF4 532:547.392   CPU_ReadMem(24 bytes @ 0x2000041C)
T6BF4 532:559.200   CPU_ReadMem(24 bytes @ 0x2000041C)
T6BF4 532:570.880   CPU_ReadMem(24 bytes @ 0x2000041C)
T7288 532:571.968   JLINK_RTTERMINAL_Read(BufferIndex = 0, BufferSize = 0x00010000)
T7288 532:572.000     RTT: Failed to load RTT control block at address 0x2000041C
T7288 532:572.064     RTT: Failed to load RTT control block at address 0x2000041C
T7288 532:572.096     RTT: Failed to load RTT control block at address 0x2000041C
T7288 532:572.160     RTT: Failed to load RTT control block at address 0x2000041C
T7288 532:572.224     RTT: Failed to load RTT control block at address 0x2000041C
T7288 532:572.256   - 0.323ms returns 0
T6BF4 532:582.464   CPU_ReadMem(24 bytes @ 0x2000041C)
T6BF4 532:593.920   CPU_ReadMem(24 bytes @ 0x2000041C)
T6BF4 532:605.600   CPU_ReadMem(24 bytes @ 0x2000041C)
T6BF4 532:616.544   CPU_ReadMem(24 bytes @ 0x2000041C)
T7288 532:622.592   JLINK_RTTERMINAL_Read(BufferIndex = 0, BufferSize = 0x00010000)
T7288 532:622.656     RTT: Failed to load RTT control block at address 0x2000041C
T7288 532:622.688     RTT: Failed to load RTT control block at address 0x2000041C
T7288 532:622.752     RTT: Failed to load RTT control block at address 0x2000041C
T7288 532:622.752     RTT: Failed to load RTT control block at address 0x2000041C
T7288 532:622.784   - 0.207ms returns 0
T6BF4 532:628.928   CPU_ReadMem(24 bytes @ 0x2000041C)
T6BF4 532:640.928   CPU_ReadMem(24 bytes @ 0x2000041C)
T6BF4 532:651.936   CPU_ReadMem(24 bytes @ 0x2000041C)
T6BF4 532:663.040   CPU_ReadMem(24 bytes @ 0x2000041C)
T7288 532:673.184   JLINK_RTTERMINAL_Read(BufferIndex = 0, BufferSize = 0x00010000)
T7288 532:673.280     RTT: Failed to load RTT control block at address 0x2000041C
T7288 532:673.280     RTT: Failed to load RTT control block at address 0x2000041C
T7288 532:673.344     RTT: Failed to load RTT control block at address 0x2000041C
T7288 532:673.344     RTT: Failed to load RTT control block at address 0x2000041C
T7288 532:673.376   - 0.213ms returns 0
T6BF4 532:674.048   CPU_ReadMem(24 bytes @ 0x2000041C)
T6BF4 532:685.664   CPU_ReadMem(24 bytes @ 0x2000041C)
T6BF4 532:696.992   CPU_ReadMem(24 bytes @ 0x2000041C)
T6BF4 532:708.000   CPU_ReadMem(24 bytes @ 0x2000041C)
T6BF4 532:720.032   CPU_ReadMem(24 bytes @ 0x2000041C)
T7288 532:724.288   JLINK_RTTERMINAL_Read(BufferIndex = 0, BufferSize = 0x00010000)
T7288 532:724.384     RTT: Failed to load RTT control block at address 0x2000041C
T7288 532:724.416     RTT: Failed to load RTT control block at address 0x2000041C
T7288 532:724.544     RTT: Failed to load RTT control block at address 0x2000041C
T7288 532:724.576     RTT: Failed to load RTT control block at address 0x2000041C
T7288 532:724.640     RTT: Failed to load RTT control block at address 0x2000041C
T7288 532:724.672   - 0.419ms returns 0
T6BF4 532:730.208   CPU_ReadMem(24 bytes @ 0x2000041C)
T6BF4 532:741.312   CPU_ReadMem(24 bytes @ 0x2000041C)
T6BF4 532:752.704   CPU_ReadMem(24 bytes @ 0x2000041C)
T6BF4 532:763.840   CPU_ReadMem(24 bytes @ 0x2000041C)
T6BF4 532:775.072   CPU_ReadMem(24 bytes @ 0x2000041C)
T7288 532:776.032   JLINK_RTTERMINAL_Read(BufferIndex = 0, BufferSize = 0x00010000)
T7288 532:776.128     RTT: Failed to load RTT control block at address 0x2000041C
T7288 532:776.192     RTT: Failed to load RTT control block at address 0x2000041C
T7288 532:776.256     RTT: Failed to load RTT control block at address 0x2000041C
T7288 532:776.288     RTT: Failed to load RTT control block at address 0x2000041C
T7288 532:776.352     RTT: Failed to load RTT control block at address 0x2000041C
T7288 532:776.384   - 0.349ms returns 0
T6BF4 532:786.112   CPU_ReadMem(24 bytes @ 0x2000041C)
T6BF4 532:797.792   CPU_ReadMem(24 bytes @ 0x2000041C)
T6BF4 532:809.888   CPU_ReadMem(24 bytes @ 0x2000041C)
T6BF4 532:821.504   CPU_ReadMem(24 bytes @ 0x2000041C)
T7288 532:827.648   JLINK_RTTERMINAL_Read(BufferIndex = 0, BufferSize = 0x00010000)
T7288 532:827.744     RTT: Failed to load RTT control block at address 0x2000041C
T7288 532:827.744     RTT: Failed to load RTT control block at address 0x2000041C
T7288 532:827.808     RTT: Failed to load RTT control block at address 0x2000041C
T7288 532:827.840     RTT: Failed to load RTT control block at address 0x2000041C
T7288 532:827.840   - 0.216ms returns 0
T6BF4 532:832.576   CPU_ReadMem(24 bytes @ 0x2000041C)
T6BF4 532:844.608   CPU_ReadMem(24 bytes @ 0x2000041C)
T6BF4 532:855.808   CPU_ReadMem(24 bytes @ 0x2000041C)
T6BF4 532:867.136   CPU_ReadMem(24 bytes @ 0x2000041C)
T6BF4 532:878.592   CPU_ReadMem(24 bytes @ 0x2000041C)
T7288 532:879.616   JLINK_RTTERMINAL_Read(BufferIndex = 0, BufferSize = 0x00010000)
T7288 532:879.680     RTT: Failed to load RTT control block at address 0x2000041C
T7288 532:879.712     RTT: Failed to load RTT control block at address 0x2000041C
T7288 532:879.712     RTT: Failed to load RTT control block at address 0x2000041C
T7288 532:879.776     RTT: Failed to load RTT control block at address 0x2000041C
T7288 532:879.808     RTT: Failed to load RTT control block at address 0x2000041C
T7288 532:879.808   - 0.216ms returns 0
T6BF4 532:889.760   CPU_ReadMem(24 bytes @ 0x2000041C)
T6BF4 532:901.376   CPU_ReadMem(24 bytes @ 0x2000041C)
T6BF4 532:912.384   CPU_ReadMem(24 bytes @ 0x2000041C)
T6BF4 532:923.328   CPU_ReadMem(24 bytes @ 0x2000041C)
T7288 532:930.400   JLINK_RTTERMINAL_Read(BufferIndex = 0, BufferSize = 0x00010000)
T7288 532:930.464     RTT: Failed to load RTT control block at address 0x2000041C
T7288 532:930.496     RTT: Failed to load RTT control block at address 0x2000041C
T7288 532:930.496     RTT: Failed to load RTT control block at address 0x2000041C
T7288 532:930.560     RTT: Failed to load RTT control block at address 0x2000041C
T7288 532:930.560   - 0.161ms returns 0
T6BF4 532:935.328   CPU_ReadMem(24 bytes @ 0x2000041C)
T6BF4 532:945.408   CPU_ReadMem(24 bytes @ 0x2000041C)
T6BF4 532:956.416   CPU_ReadMem(24 bytes @ 0x2000041C)
T6BF4 532:968.352   CPU_ReadMem(24 bytes @ 0x2000041C)
T6BF4 532:980.288   CPU_ReadMem(24 bytes @ 0x2000041C)
T7288 532:981.344   JLINK_RTTERMINAL_Read(BufferIndex = 0, BufferSize = 0x00010000)
T7288 532:981.440     RTT: Failed to load RTT control block at address 0x2000041C
T7288 532:981.440     RTT: Failed to load RTT control block at address 0x2000041C
T7288 532:981.504     RTT: Failed to load RTT control block at address 0x2000041C
T7288 532:981.568     RTT: Failed to load RTT control block at address 0x2000041C
T7288 532:981.600     RTT: Failed to load RTT control block at address 0x2000041C
T7288 532:981.664   - 0.275ms returns 0
T6BF4 532:991.488   CPU_ReadMem(24 bytes @ 0x2000041C)
T6BF4 533:002.560   CPU_ReadMem(24 bytes @ 0x2000041C)
T6BF4 533:014.464   CPU_ReadMem(24 bytes @ 0x2000041C)
T6BF4 533:025.536   CPU_ReadMem(24 bytes @ 0x2000041C)
T7288 533:032.768   JLINK_RTTERMINAL_Read(BufferIndex = 0, BufferSize = 0x00010000)
T7288 533:032.800     RTT: Failed to load RTT control block at address 0x2000041C
T7288 533:032.864     RTT: Failed to load RTT control block at address 0x2000041C
T7288 533:032.896     RTT: Failed to load RTT control block at address 0x2000041C
T7288 533:032.960     RTT: Failed to load RTT control block at address 0x2000041C
T7288 533:033.056   - 0.302ms returns 0
T6BF4 533:036.608   CPU_ReadMem(24 bytes @ 0x2000041C)
T6BF4 533:048.160   CPU_ReadMem(24 bytes @ 0x2000041C)
T6BF4 533:059.328   CPU_ReadMem(24 bytes @ 0x2000041C)
T6BF4 533:071.296   CPU_ReadMem(24 bytes @ 0x2000041C)
T6BF4 533:082.528   CPU_ReadMem(24 bytes @ 0x2000041C)
T7288 533:084.096   JLINK_RTTERMINAL_Read(BufferIndex = 0, BufferSize = 0x00010000)
T7288 533:084.224     RTT: Failed to load RTT control block at address 0x2000041C
T7288 533:084.224     RTT: Failed to load RTT control block at address 0x2000041C
T7288 533:084.256     RTT: Failed to load RTT control block at address 0x2000041C
T7288 533:084.320     RTT: Failed to load RTT control block at address 0x2000041C
T7288 533:084.352     RTT: Failed to load RTT control block at address 0x2000041C
T7288 533:084.416   - 0.299ms returns 0
T6BF4 533:093.024   CPU_ReadMem(24 bytes @ 0x2000041C)
T6BF4 533:104.064   CPU_ReadMem(24 bytes @ 0x2000041C)
T6BF4 533:115.072   CPU_ReadMem(24 bytes @ 0x2000041C)
T6BF4 533:126.080   CPU_ReadMem(24 bytes @ 0x2000041C)
T7288 533:135.168   JLINK_RTTERMINAL_Read(BufferIndex = 0, BufferSize = 0x00010000)
T7288 533:135.264     RTT: Failed to load RTT control block at address 0x2000041C
T7288 533:135.296     RTT: Failed to load RTT control block at address 0x2000041C
T7288 533:135.360     RTT: Failed to load RTT control block at address 0x2000041C
T7288 533:135.424     RTT: Failed to load RTT control block at address 0x2000041C
T7288 533:135.456   - 0.299ms returns 0
T6BF4 533:138.080   CPU_ReadMem(24 bytes @ 0x2000041C)
T6BF4 533:150.048   CPU_ReadMem(24 bytes @ 0x2000041C)
T6BF4 533:161.312   CPU_ReadMem(24 bytes @ 0x2000041C)
T6BF4 533:172.384   CPU_ReadMem(24 bytes @ 0x2000041C)
T6BF4 533:183.392   CPU_ReadMem(24 bytes @ 0x2000041C)
T7288 533:186.656   JLINK_RTTERMINAL_Read(BufferIndex = 0, BufferSize = 0x00010000)
T7288 533:186.752     RTT: Failed to load RTT control block at address 0x2000041C
T7288 533:186.816     RTT: Failed to load RTT control block at address 0x2000041C
T7288 533:186.816     RTT: Failed to load RTT control block at address 0x2000041C
T7288 533:186.880     RTT: Failed to load RTT control block at address 0x2000041C
T7288 533:186.880     RTT: Failed to load RTT control block at address 0x2000041C
T7288 533:186.912   - 0.243ms returns 0
T6BF4 533:195.168   CPU_ReadMem(24 bytes @ 0x2000041C)
T6BF4 533:207.488   CPU_ReadMem(24 bytes @ 0x2000041C)
T6BF4 533:219.584   CPU_ReadMem(24 bytes @ 0x2000041C)
T6BF4 533:230.752   CPU_ReadMem(24 bytes @ 0x2000041C)
T7288 533:237.824   JLINK_RTTERMINAL_Read(BufferIndex = 0, BufferSize = 0x00010000)
T7288 533:237.856     RTT: Failed to load RTT control block at address 0x2000041C
T7288 533:237.920     RTT: Failed to load RTT control block at address 0x2000041C
T7288 533:237.952     RTT: Failed to load RTT control block at address 0x2000041C
T7288 533:237.952     RTT: Failed to load RTT control block at address 0x2000041C
T7288 533:238.016   - 0.240ms returns 0
T6BF4 533:242.720   CPU_ReadMem(24 bytes @ 0x2000041C)
T6BF4 533:254.720   CPU_ReadMem(24 bytes @ 0x2000041C)
T6BF4 533:265.760   CPU_ReadMem(24 bytes @ 0x2000041C)
T6BF4 533:277.376   CPU_ReadMem(24 bytes @ 0x2000041C)
T6BF4 533:288.512   CPU_ReadMem(24 bytes @ 0x2000041C)
T7288 533:289.632   JLINK_RTTERMINAL_Read(BufferIndex = 0, BufferSize = 0x00010000)
T7288 533:289.664     RTT: Failed to load RTT control block at address 0x2000041C
T7288 533:289.664     RTT: Failed to load RTT control block at address 0x2000041C
T7288 533:289.728     RTT: Failed to load RTT control block at address 0x2000041C
T7288 533:289.728     RTT: Failed to load RTT control block at address 0x2000041C
T7288 533:289.792     RTT: Failed to load RTT control block at address 0x2000041C
T7288 533:289.792   - 0.166ms returns 0
T6BF4 533:299.616   CPU_ReadMem(24 bytes @ 0x2000041C)
T6BF4 533:311.552   CPU_ReadMem(24 bytes @ 0x2000041C)
T6BF4 533:322.656   CPU_ReadMem(24 bytes @ 0x2000041C)
T6BF4 533:333.664   CPU_ReadMem(24 bytes @ 0x2000041C)
T7288 533:340.768   JLINK_RTTERMINAL_Read(BufferIndex = 0, BufferSize = 0x00010000)
T7288 533:340.832     RTT: Failed to load RTT control block at address 0x2000041C
T7288 533:340.864     RTT: Failed to load RTT control block at address 0x2000041C
T7288 533:340.928     RTT: Failed to load RTT control block at address 0x2000041C
T7288 533:340.928     RTT: Failed to load RTT control block at address 0x2000041C
T7288 533:340.992   - 0.225ms returns 0
T6BF4 533:345.120   CPU_ReadMem(24 bytes @ 0x2000041C)
T6BF4 533:356.192   CPU_ReadMem(24 bytes @ 0x2000041C)
T6BF4 533:367.488   CPU_ReadMem(24 bytes @ 0x2000041C)
T6BF4 533:379.072   CPU_ReadMem(24 bytes @ 0x2000041C)
T6BF4 533:390.656   CPU_ReadMem(24 bytes @ 0x2000041C)
T7288 533:391.712   JLINK_RTTERMINAL_Read(BufferIndex = 0, BufferSize = 0x00010000)
T7288 533:391.776     RTT: Failed to load RTT control block at address 0x2000041C
T7288 533:391.808     RTT: Failed to load RTT control block at address 0x2000041C
T7288 533:391.872     RTT: Failed to load RTT control block at address 0x2000041C
T7288 533:391.936     RTT: Failed to load RTT control block at address 0x2000041C
T7288 533:391.936     RTT: Failed to load RTT control block at address 0x2000041C
T7288 533:391.968   - 0.282ms returns 0
T6BF4 533:402.624   CPU_ReadMem(24 bytes @ 0x2000041C)
T6BF4 533:414.592   CPU_ReadMem(24 bytes @ 0x2000041C)
T6BF4 533:425.760   CPU_ReadMem(24 bytes @ 0x2000041C)
T6BF4 533:436.768   CPU_ReadMem(24 bytes @ 0x2000041C)
T7288 533:442.816   JLINK_RTTERMINAL_Read(BufferIndex = 0, BufferSize = 0x00010000)
T7288 533:442.912     RTT: Failed to load RTT control block at address 0x2000041C
T7288 533:442.976     RTT: Failed to load RTT control block at address 0x2000041C
T7288 533:443.008     RTT: Failed to load RTT control block at address 0x2000041C
T7288 533:443.072     RTT: Failed to load RTT control block at address 0x2000041C
T7288 533:443.136   - 0.324ms returns 0
T6BF4 533:448.768   CPU_ReadMem(24 bytes @ 0x2000041C)
T6BF4 533:460.064   CPU_ReadMem(24 bytes @ 0x2000041C)
T6BF4 533:471.584   CPU_ReadMem(24 bytes @ 0x2000041C)
T6BF4 533:484.384   CPU_ReadMem(24 bytes @ 0x2000041C)
T7288 533:494.432   JLINK_RTTERMINAL_Read(BufferIndex = 0, BufferSize = 0x00010000)
T7288 533:494.528     RTT: Failed to load RTT control block at address 0x2000041C
T7288 533:494.592     RTT: Failed to load RTT control block at address 0x2000041C
T7288 533:494.592     RTT: Failed to load RTT control block at address 0x2000041C
T7288 533:494.624     RTT: Failed to load RTT control block at address 0x2000041C
T7288 533:494.624   - 0.219ms returns 0
T6BF4 533:495.232   CPU_ReadMem(24 bytes @ 0x2000041C)
T6BF4 533:506.912   CPU_ReadMem(24 bytes @ 0x2000041C)
T6BF4 533:518.016   CPU_ReadMem(24 bytes @ 0x2000041C)
T6BF4 533:530.016   CPU_ReadMem(24 bytes @ 0x2000041C)
T6BF4 533:542.656   CPU_ReadMem(24 bytes @ 0x2000041C)
T7288 533:545.056   JLINK_RTTERMINAL_Read(BufferIndex = 0, BufferSize = 0x00010000)
T7288 533:545.056     RTT: Failed to load RTT control block at address 0x2000041C
T7288 533:545.120     RTT: Failed to load RTT control block at address 0x2000041C
T7288 533:545.120     RTT: Failed to load RTT control block at address 0x2000041C
T7288 533:545.152     RTT: Failed to load RTT control block at address 0x2000041C
T7288 533:545.152     RTT: Failed to load RTT control block at address 0x2000041C
T7288 533:545.216   - 0.170ms returns 0
T6BF4 533:553.056   CPU_ReadMem(24 bytes @ 0x2000041C)
T6BF4 533:564.096   CPU_ReadMem(24 bytes @ 0x2000041C)
T6BF4 533:575.520   CPU_ReadMem(24 bytes @ 0x2000041C)
T6BF4 533:586.080   CPU_ReadMem(24 bytes @ 0x2000041C)
T7288 533:595.904   JLINK_RTTERMINAL_Read(BufferIndex = 0, BufferSize = 0x00010000)
T7288 533:596.000     RTT: Failed to load RTT control block at address 0x2000041C
T7288 533:596.064     RTT: Failed to load RTT control block at address 0x2000041C
T7288 533:596.064     RTT: Failed to load RTT control block at address 0x2000041C
T7288 533:596.096     RTT: Failed to load RTT control block at address 0x2000041C
T7288 533:596.160   - 0.234ms returns 0
T6BF4 533:597.760   CPU_ReadMem(24 bytes @ 0x2000041C)
T6BF4 533:608.800   CPU_ReadMem(24 bytes @ 0x2000041C)
T6BF4 533:619.808   CPU_ReadMem(24 bytes @ 0x2000041C)
T6BF4 533:631.136   CPU_ReadMem(24 bytes @ 0x2000041C)
T6BF4 533:642.144   CPU_ReadMem(24 bytes @ 0x2000041C)
T7288 533:647.200   JLINK_RTTERMINAL_Read(BufferIndex = 0, BufferSize = 0x00010000)
T7288 533:647.264     RTT: Failed to load RTT control block at address 0x2000041C
T7288 533:647.264     RTT: Failed to load RTT control block at address 0x2000041C
T7288 533:647.296     RTT: Failed to load RTT control block at address 0x2000041C
T7288 533:647.296     RTT: Failed to load RTT control block at address 0x2000041C
T7288 533:647.360     RTT: Failed to load RTT control block at address 0x2000041C
T7288 533:647.360   - 0.184ms returns 0
T6BF4 533:653.152   CPU_ReadMem(24 bytes @ 0x2000041C)
T6BF4 533:665.088   CPU_ReadMem(24 bytes @ 0x2000041C)
T6BF4 533:676.864   CPU_ReadMem(24 bytes @ 0x2000041C)
T6BF4 533:687.904   CPU_ReadMem(24 bytes @ 0x2000041C)
T7288 533:697.984   JLINK_RTTERMINAL_Read(BufferIndex = 0, BufferSize = 0x00010000)
T7288 533:698.048     RTT: Failed to load RTT control block at address 0x2000041C
T7288 533:698.112     RTT: Failed to load RTT control block at address 0x2000041C
T7288 533:698.112     RTT: Failed to load RTT control block at address 0x2000041C
T7288 533:698.144     RTT: Failed to load RTT control block at address 0x2000041C
T7288 533:698.208   - 0.200ms returns 0
T6BF4 533:698.912   CPU_ReadMem(24 bytes @ 0x2000041C)
T6BF4 533:709.920   CPU_ReadMem(24 bytes @ 0x2000041C)
T6BF4 533:720.928   CPU_ReadMem(24 bytes @ 0x2000041C)
T6BF4 533:732.928   CPU_ReadMem(24 bytes @ 0x2000041C)
T6BF4 533:743.968   CPU_ReadMem(24 bytes @ 0x2000041C)
T7288 533:748.992   JLINK_RTTERMINAL_Read(BufferIndex = 0, BufferSize = 0x00010000)
T7288 533:749.056     RTT: Failed to load RTT control block at address 0x2000041C
T7288 533:749.088     RTT: Failed to load RTT control block at address 0x2000041C
T7288 533:749.088     RTT: Failed to load RTT control block at address 0x2000041C
T7288 533:749.152     RTT: Failed to load RTT control block at address 0x2000041C
T7288 533:749.152     RTT: Failed to load RTT control block at address 0x2000041C
T7288 533:749.184   - 0.174ms returns 0
T6BF4 533:755.968   CPU_ReadMem(24 bytes @ 0x2000041C)
T6BF4 533:767.936   CPU_ReadMem(24 bytes @ 0x2000041C)
T6BF4 533:779.520   CPU_ReadMem(24 bytes @ 0x2000041C)
T6BF4 533:791.072   CPU_ReadMem(24 bytes @ 0x2000041C)
T7288 533:799.840   JLINK_RTTERMINAL_Read(BufferIndex = 0, BufferSize = 0x00010000)
T7288 533:799.936     RTT: Failed to load RTT control block at address 0x2000041C
T7288 533:800.000     RTT: Failed to load RTT control block at address 0x2000041C
T7288 533:800.000     RTT: Failed to load RTT control block at address 0x2000041C
T7288 533:800.032     RTT: Failed to load RTT control block at address 0x2000041C
T7288 533:800.032   - 0.217ms returns 0
T6BF4 533:802.688   CPU_ReadMem(24 bytes @ 0x2000041C)
T6BF4 533:814.720   CPU_ReadMem(24 bytes @ 0x2000041C)
T6BF4 533:826.720   CPU_ReadMem(24 bytes @ 0x2000041C)
T6BF4 533:838.688   CPU_ReadMem(24 bytes @ 0x2000041C)
T6BF4 533:849.792   CPU_ReadMem(24 bytes @ 0x2000041C)
T7288 533:850.944   JLINK_RTTERMINAL_Read(BufferIndex = 0, BufferSize = 0x00010000)
T7288 533:850.976     RTT: Failed to load RTT control block at address 0x2000041C
T7288 533:851.040     RTT: Failed to load RTT control block at address 0x2000041C
T7288 533:851.040     RTT: Failed to load RTT control block at address 0x2000041C
T7288 533:851.072     RTT: Failed to load RTT control block at address 0x2000041C
T7288 533:851.072     RTT: Failed to load RTT control block at address 0x2000041C
T7288 533:851.136   - 0.199ms returns 0
T6BF4 533:861.696   CPU_ReadMem(24 bytes @ 0x2000041C)
T6BF4 533:873.312   CPU_ReadMem(24 bytes @ 0x2000041C)
T6BF4 533:885.440   CPU_ReadMem(24 bytes @ 0x2000041C)
T6BF4 533:896.448   CPU_ReadMem(24 bytes @ 0x2000041C)
T7288 533:901.504   JLINK_RTTERMINAL_Read(BufferIndex = 0, BufferSize = 0x00010000)
T7288 533:901.568     RTT: Failed to load RTT control block at address 0x2000041C
T7288 533:901.632     RTT: Failed to load RTT control block at address 0x2000041C
T7288 533:901.664     RTT: Failed to load RTT control block at address 0x2000041C
T7288 533:901.664     RTT: Failed to load RTT control block at address 0x2000041C
T7288 533:901.728   - 0.200ms returns 0
T6BF4 533:908.480   CPU_ReadMem(24 bytes @ 0x2000041C)
T6BF4 533:920.448   CPU_ReadMem(24 bytes @ 0x2000041C)
T6BF4 533:931.520   CPU_ReadMem(24 bytes @ 0x2000041C)
T6BF4 533:942.528   CPU_ReadMem(24 bytes @ 0x2000041C)
T7288 533:952.576   JLINK_RTTERMINAL_Read(BufferIndex = 0, BufferSize = 0x00010000)
T7288 533:952.672     RTT: Failed to load RTT control block at address 0x2000041C
T7288 533:952.704     RTT: Failed to load RTT control block at address 0x2000041C
T7288 533:952.704     RTT: Failed to load RTT control block at address 0x2000041C
T7288 533:952.768     RTT: Failed to load RTT control block at address 0x2000041C
T7288 533:952.768   - 0.205ms returns 0
T6BF4 533:953.536   CPU_ReadMem(24 bytes @ 0x2000041C)
T6BF4 533:964.544   CPU_ReadMem(24 bytes @ 0x2000041C)
T6BF4 533:976.320   CPU_ReadMem(24 bytes @ 0x2000041C)
T6BF4 533:987.584   CPU_ReadMem(24 bytes @ 0x2000041C)
T6BF4 533:998.656   CPU_ReadMem(24 bytes @ 0x2000041C)
T7288 534:003.456   JLINK_RTTERMINAL_Read(BufferIndex = 0, BufferSize = 0x00010000)
T7288 534:003.552     RTT: Failed to load RTT control block at address 0x2000041C
T7288 534:003.616     RTT: Failed to load RTT control block at address 0x2000041C
T7288 534:003.648     RTT: Failed to load RTT control block at address 0x2000041C
T7288 534:003.712     RTT: Failed to load RTT control block at address 0x2000041C
T7288 534:003.712     RTT: Failed to load RTT control block at address 0x2000041C
T7288 534:003.776   - 0.315ms returns 0
T6BF4 534:010.368   CPU_ReadMem(24 bytes @ 0x2000041C)
T6BF4 534:021.696   CPU_ReadMem(24 bytes @ 0x2000041C)
T6BF4 534:033.728   CPU_ReadMem(24 bytes @ 0x2000041C)
T6BF4 534:044.736   CPU_ReadMem(24 bytes @ 0x2000041C)
T7288 534:054.816   JLINK_RTTERMINAL_Read(BufferIndex = 0, BufferSize = 0x00010000)
T7288 534:054.848     RTT: Failed to load RTT control block at address 0x2000041C
T7288 534:054.912     RTT: Failed to load RTT control block at address 0x2000041C
T7288 534:054.912     RTT: Failed to load RTT control block at address 0x2000041C
T7288 534:054.976     RTT: Failed to load RTT control block at address 0x2000041C
T7288 534:054.976   - 0.168ms returns 0
T6BF4 534:055.776   CPU_ReadMem(24 bytes @ 0x2000041C)
T6BF4 534:067.872   CPU_ReadMem(24 bytes @ 0x2000041C)
T6BF4 534:079.424   CPU_ReadMem(24 bytes @ 0x2000041C)
T6BF4 534:090.912   CPU_ReadMem(24 bytes @ 0x2000041C)
T6BF4 534:102.176   CPU_ReadMem(24 bytes @ 0x2000041C)
T7288 534:105.280   JLINK_RTTERMINAL_Read(BufferIndex = 0, BufferSize = 0x00010000)
T7288 534:105.344     RTT: Failed to load RTT control block at address 0x2000041C
T7288 534:105.344     RTT: Failed to load RTT control block at address 0x2000041C
T7288 534:105.408     RTT: Failed to load RTT control block at address 0x2000041C
T7288 534:105.408     RTT: Failed to load RTT control block at address 0x2000041C
T7288 534:105.440     RTT: Failed to load RTT control block at address 0x2000041C
T7288 534:105.440   - 0.169ms returns 0
T6BF4 534:114.208   CPU_ReadMem(24 bytes @ 0x2000041C)
T6BF4 534:126.176   CPU_ReadMem(24 bytes @ 0x2000041C)
T6BF4 534:137.184   CPU_ReadMem(24 bytes @ 0x2000041C)
T6BF4 534:148.256   CPU_ReadMem(24 bytes @ 0x2000041C)
T7288 534:156.384   JLINK_RTTERMINAL_Read(BufferIndex = 0, BufferSize = 0x00010000)
T7288 534:156.448     RTT: Failed to load RTT control block at address 0x2000041C
T7288 534:156.480     RTT: Failed to load RTT control block at address 0x2000041C
T7288 534:156.544     RTT: Failed to load RTT control block at address 0x2000041C
T7288 534:156.608     RTT: Failed to load RTT control block at address 0x2000041C
T7288 534:156.608   - 0.243ms returns 0
T6BF4 534:159.200   CPU_ReadMem(24 bytes @ 0x2000041C)
T6BF4 534:171.232   CPU_ReadMem(24 bytes @ 0x2000041C)
T6BF4 534:182.336   CPU_ReadMem(24 bytes @ 0x2000041C)
T6BF4 534:194.272   CPU_ReadMem(24 bytes @ 0x2000041C)
T6BF4 534:205.376   CPU_ReadMem(24 bytes @ 0x2000041C)
T7288 534:207.488   JLINK_RTTERMINAL_Read(BufferIndex = 0, BufferSize = 0x00010000)
T7288 534:207.552     RTT: Failed to load RTT control block at address 0x2000041C
T7288 534:207.584     RTT: Failed to load RTT control block at address 0x2000041C
T7288 534:207.648     RTT: Failed to load RTT control block at address 0x2000041C
T7288 534:207.680     RTT: Failed to load RTT control block at address 0x2000041C
T7288 534:207.680     RTT: Failed to load RTT control block at address 0x2000041C
T7288 534:207.744   - 0.261ms returns 0
T6BF4 534:216.768   CPU_ReadMem(24 bytes @ 0x2000041C)
T6BF4 534:227.712   CPU_ReadMem(24 bytes @ 0x2000041C)
T6BF4 534:239.808   CPU_ReadMem(24 bytes @ 0x2000041C)
T6BF4 534:250.752   CPU_ReadMem(24 bytes @ 0x2000041C)
T7288 534:258.784   JLINK_RTTERMINAL_Read(BufferIndex = 0, BufferSize = 0x00010000)
T7288 534:258.880     RTT: Failed to load RTT control block at address 0x2000041C
T7288 534:258.880     RTT: Failed to load RTT control block at address 0x2000041C
T7288 534:258.944     RTT: Failed to load RTT control block at address 0x2000041C
T7288 534:259.008     RTT: Failed to load RTT control block at address 0x2000041C
T7288 534:259.040   - 0.242ms returns 0
T6BF4 534:261.824   CPU_ReadMem(24 bytes @ 0x2000041C)
T6BF4 534:273.440   CPU_ReadMem(24 bytes @ 0x2000041C)
T6BF4 534:284.544   CPU_ReadMem(24 bytes @ 0x2000041C)
T6BF4 534:295.712   CPU_ReadMem(24 bytes @ 0x2000041C)
T6BF4 534:306.368   CPU_ReadMem(24 bytes @ 0x2000041C)
T7288 534:309.376   JLINK_RTTERMINAL_Read(BufferIndex = 0, BufferSize = 0x00010000)
T7288 534:309.440     RTT: Failed to load RTT control block at address 0x2000041C
T7288 534:309.440     RTT: Failed to load RTT control block at address 0x2000041C
T7288 534:309.472     RTT: Failed to load RTT control block at address 0x2000041C
T7288 534:309.472     RTT: Failed to load RTT control block at address 0x2000041C
T7288 534:309.536     RTT: Failed to load RTT control block at address 0x2000041C
T7288 534:309.536   - 0.166ms returns 0
T6BF4 534:318.144   CPU_ReadMem(24 bytes @ 0x2000041C)
T6BF4 534:330.112   CPU_ReadMem(24 bytes @ 0x2000041C)
T6BF4 534:342.144   CPU_ReadMem(24 bytes @ 0x2000041C)
T6BF4 534:354.080   CPU_ReadMem(24 bytes @ 0x2000041C)
T7288 534:360.320   JLINK_RTTERMINAL_Read(BufferIndex = 0, BufferSize = 0x00010000)
T7288 534:360.416     RTT: Failed to load RTT control block at address 0x2000041C
T7288 534:360.480     RTT: Failed to load RTT control block at address 0x2000041C
T7288 534:360.480     RTT: Failed to load RTT control block at address 0x2000041C
T7288 534:360.512     RTT: Failed to load RTT control block at address 0x2000041C
T7288 534:360.576   - 0.245ms returns 0
T6BF4 534:365.184   CPU_ReadMem(24 bytes @ 0x2000041C)
T6BF4 534:376.864   CPU_ReadMem(24 bytes @ 0x2000041C)
T6BF4 534:387.872   CPU_ReadMem(24 bytes @ 0x2000041C)
T6BF4 534:399.744   CPU_ReadMem(24 bytes @ 0x2000041C)
T6BF4 534:410.752   CPU_ReadMem(24 bytes @ 0x2000041C)
T7288 534:411.872   JLINK_RTTERMINAL_Read(BufferIndex = 0, BufferSize = 0x00010000)
T7288 534:411.936     RTT: Failed to load RTT control block at address 0x2000041C
T7288 534:411.968     RTT: Failed to load RTT control block at address 0x2000041C
T7288 534:411.968     RTT: Failed to load RTT control block at address 0x2000041C
T7288 534:411.968     RTT: Failed to load RTT control block at address 0x2000041C
T7288 534:412.032     RTT: Failed to load RTT control block at address 0x2000041C
T7288 534:412.096   - 0.193ms returns 0
T6BF4 534:422.528   CPU_ReadMem(24 bytes @ 0x2000041C)
T6BF4 534:434.464   CPU_ReadMem(24 bytes @ 0x2000041C)
T6BF4 534:446.432   CPU_ReadMem(24 bytes @ 0x2000041C)
T6BF4 534:457.440   CPU_ReadMem(24 bytes @ 0x2000041C)
T7288 534:462.560   JLINK_RTTERMINAL_Read(BufferIndex = 0, BufferSize = 0x00010000)
T7288 534:462.656     RTT: Failed to load RTT control block at address 0x2000041C
T7288 534:462.656     RTT: Failed to load RTT control block at address 0x2000041C
T7288 534:462.720     RTT: Failed to load RTT control block at address 0x2000041C
T7288 534:462.784     RTT: Failed to load RTT control block at address 0x2000041C
T7288 534:462.816   - 0.240ms returns 0
T6BF4 534:469.024   CPU_ReadMem(24 bytes @ 0x2000041C)
T6BF4 534:480.576   CPU_ReadMem(24 bytes @ 0x2000041C)
T6BF4 534:492.064   CPU_ReadMem(24 bytes @ 0x2000041C)
T6BF4 534:503.328   CPU_ReadMem(24 bytes @ 0x2000041C)
T7288 534:513.408   JLINK_RTTERMINAL_Read(BufferIndex = 0, BufferSize = 0x00010000)
T7288 534:513.472     RTT: Failed to load RTT control block at address 0x2000041C
T7288 534:513.504     RTT: Failed to load RTT control block at address 0x2000041C
T7288 534:513.568     RTT: Failed to load RTT control block at address 0x2000041C
T7288 534:513.600     RTT: Failed to load RTT control block at address 0x2000041C
T7288 534:513.664   - 0.288ms returns 0
T6BF4 534:514.624   CPU_ReadMem(24 bytes @ 0x2000041C)
T6BF4 534:526.624   CPU_ReadMem(24 bytes @ 0x2000041C)
T6BF4 534:537.632   CPU_ReadMem(24 bytes @ 0x2000041C)
T6BF4 534:548.800   CPU_ReadMem(24 bytes @ 0x2000041C)
T6BF4 534:560.096   CPU_ReadMem(24 bytes @ 0x2000041C)
T7288 534:564.256   JLINK_RTTERMINAL_Read(BufferIndex = 0, BufferSize = 0x00010000)
T7288 534:564.352     RTT: Failed to load RTT control block at address 0x2000041C
T7288 534:564.448     RTT: Failed to load RTT control block at address 0x2000041C
T7288 534:564.512     RTT: Failed to load RTT control block at address 0x2000041C
T7288 534:564.608     RTT: Failed to load RTT control block at address 0x2000041C
T7288 534:564.672     RTT: Failed to load RTT control block at address 0x2000041C
T7288 534:564.768   - 0.500ms returns 0
T6BF4 534:572.096   CPU_ReadMem(24 bytes @ 0x2000041C)
T6BF4 534:582.432   CPU_ReadMem(24 bytes @ 0x2000041C)
T6BF4 534:594.112   CPU_ReadMem(24 bytes @ 0x2000041C)
T6BF4 534:606.080   CPU_ReadMem(24 bytes @ 0x2000041C)
T7288 534:616.160   JLINK_RTTERMINAL_Read(BufferIndex = 0, BufferSize = 0x00010000)
T7288 534:616.224     RTT: Failed to load RTT control block at address 0x2000041C
T7288 534:616.256     RTT: Failed to load RTT control block at address 0x2000041C
T7288 534:616.256     RTT: Failed to load RTT control block at address 0x2000041C
T7288 534:616.320     RTT: Failed to load RTT control block at address 0x2000041C
T7288 534:616.320   - 0.187ms returns 0
T6BF4 534:618.048   CPU_ReadMem(24 bytes @ 0x2000041C)
T6BF4 534:630.080   CPU_ReadMem(24 bytes @ 0x2000041C)
T6BF4 534:642.080   CPU_ReadMem(24 bytes @ 0x2000041C)
T6BF4 534:653.088   CPU_ReadMem(24 bytes @ 0x2000041C)
T6BF4 534:664.256   CPU_ReadMem(24 bytes @ 0x2000041C)
T7288 534:667.264   JLINK_RTTERMINAL_Read(BufferIndex = 0, BufferSize = 0x00010000)
T7288 534:667.328     RTT: Failed to load RTT control block at address 0x2000041C
T7288 534:667.360     RTT: Failed to load RTT control block at address 0x2000041C
T7288 534:667.360     RTT: Failed to load RTT control block at address 0x2000041C
T7288 534:667.424     RTT: Failed to load RTT control block at address 0x2000041C
T7288 534:667.424     RTT: Failed to load RTT control block at address 0x2000041C
T7288 534:667.456   - 0.186ms returns 0
T6BF4 534:675.200   CPU_ReadMem(24 bytes @ 0x2000041C)
T6BF4 534:687.296   CPU_ReadMem(24 bytes @ 0x2000041C)
T6BF4 534:698.688   CPU_ReadMem(24 bytes @ 0x2000041C)
T6BF4 534:710.336   CPU_ReadMem(24 bytes @ 0x2000041C)
T7288 534:718.400   JLINK_RTTERMINAL_Read(BufferIndex = 0, BufferSize = 0x00010000)
T7288 534:718.464     RTT: Failed to load RTT control block at address 0x2000041C
T7288 534:718.528     RTT: Failed to load RTT control block at address 0x2000041C
T7288 534:718.528     RTT: Failed to load RTT control block at address 0x2000041C
T7288 534:718.560     RTT: Failed to load RTT control block at address 0x2000041C
T7288 534:718.560   - 0.164ms returns 0
T6BF4 534:722.304   CPU_ReadMem(24 bytes @ 0x2000041C)
T6BF4 534:733.376   CPU_ReadMem(24 bytes @ 0x2000041C)
T6BF4 534:743.744   CPU_ReadMem(24 bytes @ 0x2000041C)
T6BF4 534:755.168   CPU_ReadMem(24 bytes @ 0x2000041C)
T6BF4 534:766.432   CPU_ReadMem(24 bytes @ 0x2000041C)
T7288 534:769.344   JLINK_RTTERMINAL_Read(BufferIndex = 0, BufferSize = 0x00010000)
T7288 534:769.472     RTT: Failed to load RTT control block at address 0x2000041C
T7288 534:769.504     RTT: Failed to load RTT control block at address 0x2000041C
T7288 534:769.568     RTT: Failed to load RTT control block at address 0x2000041C
T7288 534:769.568     RTT: Failed to load RTT control block at address 0x2000041C
T7288 534:769.600     RTT: Failed to load RTT control block at address 0x2000041C
T7288 534:769.600   - 0.244ms returns 0
T6BF4 534:777.920   CPU_ReadMem(24 bytes @ 0x2000041C)
T6BF4 534:788.928   CPU_ReadMem(24 bytes @ 0x2000041C)
T6BF4 534:800.320   CPU_ReadMem(24 bytes @ 0x2000041C)
T6BF4 534:811.328   CPU_ReadMem(24 bytes @ 0x2000041C)
T7288 534:820.416   JLINK_RTTERMINAL_Read(BufferIndex = 0, BufferSize = 0x00010000)
T7288 534:820.512     RTT: Failed to load RTT control block at address 0x2000041C
T7288 534:820.544     RTT: Failed to load RTT control block at address 0x2000041C
T7288 534:820.768     RTT: Failed to load RTT control block at address 0x2000041C
T7288 534:820.800     RTT: Failed to load RTT control block at address 0x2000041C
T7288 534:820.960   - 0.552ms returns 0
T6BF4 534:823.360   CPU_ReadMem(24 bytes @ 0x2000041C)
T6BF4 534:833.760   CPU_ReadMem(24 bytes @ 0x2000041C)
T6BF4 534:845.792   CPU_ReadMem(24 bytes @ 0x2000041C)
T6BF4 534:857.792   CPU_ReadMem(24 bytes @ 0x2000041C)
T6BF4 534:868.832   CPU_ReadMem(24 bytes @ 0x2000041C)
T7288 534:872.576   JLINK_RTTERMINAL_Read(BufferIndex = 0, BufferSize = 0x00010000)
T7288 534:872.640     RTT: Failed to load RTT control block at address 0x2000041C
T7288 534:872.640     RTT: Failed to load RTT control block at address 0x2000041C
T7288 534:872.672     RTT: Failed to load RTT control block at address 0x2000041C
T7288 534:872.672     RTT: Failed to load RTT control block at address 0x2000041C
T7288 534:872.736     RTT: Failed to load RTT control block at address 0x2000041C
T7288 534:872.736   - 0.173ms returns 0
T6BF4 534:879.488   CPU_ReadMem(24 bytes @ 0x2000041C)
T6BF4 534:891.072   CPU_ReadMem(24 bytes @ 0x2000041C)
T6BF4 534:902.848   CPU_ReadMem(24 bytes @ 0x2000041C)
T6BF4 534:914.816   CPU_ReadMem(24 bytes @ 0x2000041C)
T7288 534:923.968   JLINK_RTTERMINAL_Read(BufferIndex = 0, BufferSize = 0x00010000)
T7288 534:924.128     RTT: Failed to load RTT control block at address 0x2000041C
T7288 534:924.128     RTT: Failed to load RTT control block at address 0x2000041C
T7288 534:924.192     RTT: Failed to load RTT control block at address 0x2000041C
T7288 534:924.224     RTT: Failed to load RTT control block at address 0x2000041C
T7288 534:924.224   - 0.269ms returns 0
T6BF4 534:926.784   CPU_ReadMem(24 bytes @ 0x2000041C)
T6BF4 534:937.920   CPU_ReadMem(24 bytes @ 0x2000041C)
T6BF4 534:949.792   CPU_ReadMem(24 bytes @ 0x2000041C)
T6BF4 534:960.832   CPU_ReadMem(24 bytes @ 0x2000041C)
T6BF4 534:972.320   CPU_ReadMem(24 bytes @ 0x2000041C)
T7288 534:975.424   JLINK_RTTERMINAL_Read(BufferIndex = 0, BufferSize = 0x00010000)
T7288 534:975.488     RTT: Failed to load RTT control block at address 0x2000041C
T7288 534:975.552     RTT: Failed to load RTT control block at address 0x2000041C
T7288 534:975.584     RTT: Failed to load RTT control block at address 0x2000041C
T7288 534:975.648     RTT: Failed to load RTT control block at address 0x2000041C
T7288 534:975.680     RTT: Failed to load RTT control block at address 0x2000041C
T7288 534:975.744   - 0.292ms returns 0
T6BF4 534:983.840   CPU_ReadMem(24 bytes @ 0x2000041C)
T6BF4 534:994.880   CPU_ReadMem(24 bytes @ 0x2000041C)
T6BF4 535:005.504   CPU_ReadMem(24 bytes @ 0x2000041C)
T6BF4 535:016.896   CPU_ReadMem(24 bytes @ 0x2000041C)
T7288 535:027.008   JLINK_RTTERMINAL_Read(BufferIndex = 0, BufferSize = 0x00010000)
T7288 535:027.104     RTT: Failed to load RTT control block at address 0x2000041C
T7288 535:027.136     RTT: Failed to load RTT control block at address 0x2000041C
T7288 535:027.200     RTT: Failed to load RTT control block at address 0x2000041C
T7288 535:027.264     RTT: Failed to load RTT control block at address 0x2000041C
T7288 535:027.296   - 0.277ms returns 0
T6BF4 535:028.832   CPU_ReadMem(24 bytes @ 0x2000041C)
T6BF4 535:039.936   CPU_ReadMem(24 bytes @ 0x2000041C)
T6BF4 535:051.872   CPU_ReadMem(24 bytes @ 0x2000041C)
T6BF4 535:062.880   CPU_ReadMem(24 bytes @ 0x2000041C)
T6BF4 535:074.720   CPU_ReadMem(24 bytes @ 0x2000041C)
T7288 535:078.592   JLINK_RTTERMINAL_Read(BufferIndex = 0, BufferSize = 0x00010000)
T7288 535:078.720     RTT: Failed to load RTT control block at address 0x2000041C
T7288 535:078.752     RTT: Failed to load RTT control block at address 0x2000041C
T7288 535:078.752     RTT: Failed to load RTT control block at address 0x2000041C
T7288 535:078.816     RTT: Failed to load RTT control block at address 0x2000041C
T7288 535:078.848     RTT: Failed to load RTT control block at address 0x2000041C
T7288 535:078.848   - 0.253ms returns 0
T6BF4 535:085.472   CPU_ReadMem(24 bytes @ 0x2000041C)
T6BF4 535:096.992   CPU_ReadMem(24 bytes @ 0x2000041C)
T6BF4 535:108.608   CPU_ReadMem(24 bytes @ 0x2000041C)
T6BF4 535:119.552   CPU_ReadMem(24 bytes @ 0x2000041C)
T7288 535:129.696   JLINK_RTTERMINAL_Read(BufferIndex = 0, BufferSize = 0x00010000)
T7288 535:129.760     RTT: Failed to load RTT control block at address 0x2000041C
T7288 535:129.792     RTT: Failed to load RTT control block at address 0x2000041C
T7288 535:129.792     RTT: Failed to load RTT control block at address 0x2000041C
T7288 535:129.856     RTT: Failed to load RTT control block at address 0x2000041C
T7288 535:129.856   - 0.186ms returns 0
T6BF4 535:131.552   CPU_ReadMem(24 bytes @ 0x2000041C)
T6BF4 535:142.560   CPU_ReadMem(24 bytes @ 0x2000041C)
T6BF4 535:153.664   CPU_ReadMem(24 bytes @ 0x2000041C)
T6BF4 535:164.672   CPU_ReadMem(24 bytes @ 0x2000041C)
T6BF4 535:175.744   CPU_ReadMem(24 bytes @ 0x2000041C)
T7288 535:180.960   JLINK_RTTERMINAL_Read(BufferIndex = 0, BufferSize = 0x00010000)
T7288 535:180.992     RTT: Failed to load RTT control block at address 0x2000041C
T7288 535:181.056     RTT: Failed to load RTT control block at address 0x2000041C
T7288 535:181.120     RTT: Failed to load RTT control block at address 0x2000041C
T7288 535:181.152     RTT: Failed to load RTT control block at address 0x2000041C
T7288 535:181.152     RTT: Failed to load RTT control block at address 0x2000041C
T7288 535:181.216   - 0.275ms returns 0
T6BF4 535:187.808   CPU_ReadMem(24 bytes @ 0x2000041C)
T6BF4 535:199.296   CPU_ReadMem(24 bytes @ 0x2000041C)
T6BF4 535:210.336   CPU_ReadMem(24 bytes @ 0x2000041C)
T6BF4 535:222.272   CPU_ReadMem(24 bytes @ 0x2000041C)
T7288 535:231.744   JLINK_RTTERMINAL_Read(BufferIndex = 0, BufferSize = 0x00010000)
T7288 535:231.840     RTT: Failed to load RTT control block at address 0x2000041C
T7288 535:231.840     RTT: Failed to load RTT control block at address 0x2000041C
T7288 535:231.904     RTT: Failed to load RTT control block at address 0x2000041C
T7288 535:231.904     RTT: Failed to load RTT control block at address 0x2000041C
T7288 535:231.936   - 0.195ms returns 0
T6BF4 535:233.632   CPU_ReadMem(24 bytes @ 0x2000041C)
T6BF4 535:244.800   CPU_ReadMem(24 bytes @ 0x2000041C)
T6BF4 535:256.768   CPU_ReadMem(24 bytes @ 0x2000041C)
T6BF4 535:268.032   CPU_ReadMem(24 bytes @ 0x2000041C)
T6BF4 535:279.168   CPU_ReadMem(24 bytes @ 0x2000041C)
T7288 535:283.264   JLINK_RTTERMINAL_Read(BufferIndex = 0, BufferSize = 0x00010000)
T7288 535:283.296     RTT: Failed to load RTT control block at address 0x2000041C
T7288 535:283.360     RTT: Failed to load RTT control block at address 0x2000041C
T7288 535:283.392     RTT: Failed to load RTT control block at address 0x2000041C
T7288 535:283.456     RTT: Failed to load RTT control block at address 0x2000041C
T7288 535:283.520     RTT: Failed to load RTT control block at address 0x2000041C
T7288 535:283.520   - 0.268ms returns 0
T6BF4 535:291.584   CPU_ReadMem(24 bytes @ 0x2000041C)
T6BF4 535:302.816   CPU_ReadMem(24 bytes @ 0x2000041C)
T6BF4 535:313.408   CPU_ReadMem(24 bytes @ 0x2000041C)
T6BF4 535:324.352   CPU_ReadMem(24 bytes @ 0x2000041C)
T7288 535:334.464   JLINK_RTTERMINAL_Read(BufferIndex = 0, BufferSize = 0x00010000)
T7288 535:334.560     RTT: Failed to load RTT control block at address 0x2000041C
T7288 535:334.560     RTT: Failed to load RTT control block at address 0x2000041C
T7288 535:334.592     RTT: Failed to load RTT control block at address 0x2000041C
T7288 535:334.592     RTT: Failed to load RTT control block at address 0x2000041C
T7288 535:334.656   - 0.168ms returns 0
T6BF4 535:335.488   CPU_ReadMem(24 bytes @ 0x2000041C)
T6BF4 535:346.496   CPU_ReadMem(24 bytes @ 0x2000041C)
T6BF4 535:358.528   CPU_ReadMem(24 bytes @ 0x2000041C)
T6BF4 535:369.568   CPU_ReadMem(24 bytes @ 0x2000041C)
T6BF4 535:381.184   CPU_ReadMem(24 bytes @ 0x2000041C)
T7288 535:385.280   JLINK_RTTERMINAL_Read(BufferIndex = 0, BufferSize = 0x00010000)
T7288 535:385.344     RTT: Failed to load RTT control block at address 0x2000041C
T7288 535:385.408     RTT: Failed to load RTT control block at address 0x2000041C
T7288 535:385.440     RTT: Failed to load RTT control block at address 0x2000041C
T7288 535:385.504     RTT: Failed to load RTT control block at address 0x2000041C
T7288 535:385.536     RTT: Failed to load RTT control block at address 0x2000041C
T7288 535:385.600   - 0.291ms returns 0
T6BF4 535:393.216   CPU_ReadMem(24 bytes @ 0x2000041C)
T6BF4 535:404.352   CPU_ReadMem(24 bytes @ 0x2000041C)
T6BF4 535:416.416   CPU_ReadMem(24 bytes @ 0x2000041C)
T6BF4 535:428.352   CPU_ReadMem(24 bytes @ 0x2000041C)
T7288 535:435.936   JLINK_RTTERMINAL_Read(BufferIndex = 0, BufferSize = 0x00010000)
T7288 535:435.968     RTT: Failed to load RTT control block at address 0x2000041C
T7288 535:436.032     RTT: Failed to load RTT control block at address 0x2000041C
T7288 535:436.032     RTT: Failed to load RTT control block at address 0x2000041C
T7288 535:436.096     RTT: Failed to load RTT control block at address 0x2000041C
T7288 535:436.096   - 0.172ms returns 0
T6BF4 535:438.848   CPU_ReadMem(24 bytes @ 0x2000041C)
T6BF4 535:450.816   CPU_ReadMem(24 bytes @ 0x2000041C)
T6BF4 535:461.888   CPU_ReadMem(24 bytes @ 0x2000041C)
T6BF4 535:473.408   CPU_ReadMem(24 bytes @ 0x2000041C)
T6BF4 535:484.480   CPU_ReadMem(24 bytes @ 0x2000041C)
T7288 535:486.528   JLINK_RTTERMINAL_Read(BufferIndex = 0, BufferSize = 0x00010000)
T7288 535:486.624     RTT: Failed to load RTT control block at address 0x2000041C
T7288 535:486.624     RTT: Failed to load RTT control block at address 0x2000041C
T7288 535:486.656     RTT: Failed to load RTT control block at address 0x2000041C
T7288 535:486.656     RTT: Failed to load RTT control block at address 0x2000041C
T7288 535:486.720     RTT: Failed to load RTT control block at address 0x2000041C
T7288 535:486.720   - 0.209ms returns 0
T6BF4 535:495.584   CPU_ReadMem(24 bytes @ 0x2000041C)
T6BF4 535:506.528   CPU_ReadMem(24 bytes @ 0x2000041C)
T6BF4 535:518.144   CPU_ReadMem(24 bytes @ 0x2000041C)
T6BF4 535:529.152   CPU_ReadMem(24 bytes @ 0x2000041C)
T7288 535:537.216   JLINK_RTTERMINAL_Read(BufferIndex = 0, BufferSize = 0x00010000)
T7288 535:537.248     RTT: Failed to load RTT control block at address 0x2000041C
T7288 535:537.312     RTT: Failed to load RTT control block at address 0x2000041C
T7288 535:537.312     RTT: Failed to load RTT control block at address 0x2000041C
T7288 535:537.344     RTT: Failed to load RTT control block at address 0x2000041C
T7288 535:537.344   - 0.158ms returns 0
T6BF4 535:540.160   CPU_ReadMem(24 bytes @ 0x2000041C)
T6BF4 535:551.584   CPU_ReadMem(24 bytes @ 0x2000041C)
T6BF4 535:562.848   CPU_ReadMem(24 bytes @ 0x2000041C)
T6BF4 535:574.368   CPU_ReadMem(24 bytes @ 0x2000041C)
T6BF4 535:586.464   CPU_ReadMem(24 bytes @ 0x2000041C)
T7288 535:588.512   JLINK_RTTERMINAL_Read(BufferIndex = 0, BufferSize = 0x00010000)
T7288 535:588.608     RTT: Failed to load RTT control block at address 0x2000041C
T7288 535:588.672     RTT: Failed to load RTT control block at address 0x2000041C
T7288 535:588.672     RTT: Failed to load RTT control block at address 0x2000041C
T7288 535:588.704     RTT: Failed to load RTT control block at address 0x2000041C
T7288 535:588.768     RTT: Failed to load RTT control block at address 0x2000041C
T7288 535:588.800   - 0.282ms returns 0
T6BF4 535:598.016   CPU_ReadMem(24 bytes @ 0x2000041C)
T6BF4 535:609.696   CPU_ReadMem(24 bytes @ 0x2000041C)
T6BF4 535:621.792   CPU_ReadMem(24 bytes @ 0x2000041C)
T6BF4 535:632.736   CPU_ReadMem(24 bytes @ 0x2000041C)
T7288 535:640.000   JLINK_RTTERMINAL_Read(BufferIndex = 0, BufferSize = 0x00010000)
T7288 535:640.128     RTT: Failed to load RTT control block at address 0x2000041C
T7288 535:640.160     RTT: Failed to load RTT control block at address 0x2000041C
T7288 535:640.224     RTT: Failed to load RTT control block at address 0x2000041C
T7288 535:640.256     RTT: Failed to load RTT control block at address 0x2000041C
T7288 535:640.320   - 0.327ms returns 0
T6BF4 535:642.880   CPU_ReadMem(24 bytes @ 0x2000041C)
T6BF4 535:653.888   CPU_ReadMem(24 bytes @ 0x2000041C)
T6BF4 535:665.824   CPU_ReadMem(24 bytes @ 0x2000041C)
T6BF4 535:677.376   CPU_ReadMem(24 bytes @ 0x2000041C)
T6BF4 535:688.288   CPU_ReadMem(24 bytes @ 0x2000041C)
T7288 535:691.456   JLINK_RTTERMINAL_Read(BufferIndex = 0, BufferSize = 0x00010000)
T7288 535:691.520     RTT: Failed to load RTT control block at address 0x2000041C
T7288 535:691.584     RTT: Failed to load RTT control block at address 0x2000041C
T7288 535:691.616     RTT: Failed to load RTT control block at address 0x2000041C
T7288 535:691.680     RTT: Failed to load RTT control block at address 0x2000041C
T7288 535:691.680     RTT: Failed to load RTT control block at address 0x2000041C
T7288 535:691.712   - 0.245ms returns 0
T6BF4 535:700.160   CPU_ReadMem(24 bytes @ 0x2000041C)
T6BF4 535:711.072   CPU_ReadMem(24 bytes @ 0x2000041C)
T6BF4 535:723.072   CPU_ReadMem(24 bytes @ 0x2000041C)
T6BF4 535:734.624   CPU_ReadMem(24 bytes @ 0x2000041C)
T7288 535:742.624   JLINK_RTTERMINAL_Read(BufferIndex = 0, BufferSize = 0x00010000)
T7288 535:742.720     RTT: Failed to load RTT control block at address 0x2000041C
T7288 535:742.720     RTT: Failed to load RTT control block at address 0x2000041C
T7288 535:742.784     RTT: Failed to load RTT control block at address 0x2000041C
T7288 535:742.816     RTT: Failed to load RTT control block at address 0x2000041C
T7288 535:742.816   - 0.186ms returns 0
T6BF4 535:745.632   CPU_ReadMem(24 bytes @ 0x2000041C)
T6BF4 535:756.544   CPU_ReadMem(24 bytes @ 0x2000041C)
T6BF4 535:767.648   CPU_ReadMem(24 bytes @ 0x2000041C)
T6BF4 535:779.008   CPU_ReadMem(24 bytes @ 0x2000041C)
T6BF4 535:790.016   CPU_ReadMem(24 bytes @ 0x2000041C)
T7288 535:793.760   JLINK_RTTERMINAL_Read(BufferIndex = 0, BufferSize = 0x00010000)
T7288 535:793.824     RTT: Failed to load RTT control block at address 0x2000041C
T7288 535:793.856     RTT: Failed to load RTT control block at address 0x2000041C
T7288 535:793.856     RTT: Failed to load RTT control block at address 0x2000041C
T7288 535:793.920     RTT: Failed to load RTT control block at address 0x2000041C
T7288 535:793.984     RTT: Failed to load RTT control block at address 0x2000041C
T7288 535:794.016   - 0.271ms returns 0
T6BF4 535:801.664   CPU_ReadMem(24 bytes @ 0x2000041C)
T6BF4 535:813.312   CPU_ReadMem(24 bytes @ 0x2000041C)
T6BF4 535:824.448   CPU_ReadMem(24 bytes @ 0x2000041C)
T6BF4 535:835.296   CPU_ReadMem(24 bytes @ 0x2000041C)
T7288 535:844.416   JLINK_RTTERMINAL_Read(BufferIndex = 0, BufferSize = 0x00010000)
T7288 535:844.512     RTT: Failed to load RTT control block at address 0x2000041C
T7288 535:844.512     RTT: Failed to load RTT control block at address 0x2000041C
T7288 535:844.544     RTT: Failed to load RTT control block at address 0x2000041C
T7288 535:844.544     RTT: Failed to load RTT control block at address 0x2000041C
T7288 535:844.608   - 0.190ms returns 0
T6BF4 535:847.264   CPU_ReadMem(24 bytes @ 0x2000041C)
T6BF4 535:859.296   CPU_ReadMem(24 bytes @ 0x2000041C)
T6BF4 535:870.464   CPU_ReadMem(24 bytes @ 0x2000041C)
T6BF4 535:881.920   CPU_ReadMem(24 bytes @ 0x2000041C)
T6BF4 535:894.016   CPU_ReadMem(24 bytes @ 0x2000041C)
T7288 535:895.136   JLINK_RTTERMINAL_Read(BufferIndex = 0, BufferSize = 0x00010000)
T7288 535:895.200     RTT: Failed to load RTT control block at address 0x2000041C
T7288 535:895.232     RTT: Failed to load RTT control block at address 0x2000041C
T7288 535:895.296     RTT: Failed to load RTT control block at address 0x2000041C
T7288 535:895.360     RTT: Failed to load RTT control block at address 0x2000041C
T7288 535:895.360     RTT: Failed to load RTT control block at address 0x2000041C
T7288 535:895.392   - 0.232ms returns 0
T6BF4 535:905.600   CPU_ReadMem(24 bytes @ 0x2000041C)
T6BF4 535:916.608   CPU_ReadMem(24 bytes @ 0x2000041C)
T6BF4 535:928.576   CPU_ReadMem(24 bytes @ 0x2000041C)
T6BF4 535:939.584   CPU_ReadMem(24 bytes @ 0x2000041C)
T7288 535:946.816   JLINK_RTTERMINAL_Read(BufferIndex = 0, BufferSize = 0x00010000)
T7288 535:946.912     RTT: Failed to load RTT control block at address 0x2000041C
T7288 535:946.912     RTT: Failed to load RTT control block at address 0x2000041C
T7288 535:946.944     RTT: Failed to load RTT control block at address 0x2000041C
T7288 535:946.944     RTT: Failed to load RTT control block at address 0x2000041C
T7288 535:947.008   - 0.181ms returns 0
T6BF4 535:950.592   CPU_ReadMem(24 bytes @ 0x2000041C)
T6BF4 535:962.560   CPU_ReadMem(24 bytes @ 0x2000041C)
T6BF4 535:974.080   CPU_ReadMem(24 bytes @ 0x2000041C)
T6BF4 535:985.088   CPU_ReadMem(24 bytes @ 0x2000041C)
T6BF4 535:997.088   CPU_ReadMem(24 bytes @ 0x2000041C)
T7288 535:998.208   JLINK_RTTERMINAL_Read(BufferIndex = 0, BufferSize = 0x00010000)
T7288 535:998.272     RTT: Failed to load RTT control block at address 0x2000041C
T7288 535:998.304     RTT: Failed to load RTT control block at address 0x2000041C
T7288 535:998.304     RTT: Failed to load RTT control block at address 0x2000041C
T7288 535:998.368     RTT: Failed to load RTT control block at address 0x2000041C
T7288 535:998.368     RTT: Failed to load RTT control block at address 0x2000041C
T7288 535:998.400   - 0.221ms returns 0
T6BF4 536:009.056   CPU_ReadMem(24 bytes @ 0x2000041C)
T6BF4 536:021.088   CPU_ReadMem(24 bytes @ 0x2000041C)
T6BF4 536:032.064   CPU_ReadMem(24 bytes @ 0x2000041C)
T6BF4 536:043.104   CPU_ReadMem(24 bytes @ 0x2000041C)
T7288 536:049.088   JLINK_RTTERMINAL_Read(BufferIndex = 0, BufferSize = 0x00010000)
T7288 536:049.216     RTT: Failed to load RTT control block at address 0x2000041C
T7288 536:049.216     RTT: Failed to load RTT control block at address 0x2000041C
T7288 536:049.248     RTT: Failed to load RTT control block at address 0x2000041C
T7288 536:049.312     RTT: Failed to load RTT control block at address 0x2000041C
T7288 536:049.312   - 0.195ms returns 0
T6BF4 536:055.104   CPU_ReadMem(24 bytes @ 0x2000041C)
T6BF4 536:067.136   CPU_ReadMem(24 bytes @ 0x2000041C)
T6BF4 536:078.176   CPU_ReadMem(24 bytes @ 0x2000041C)
T6BF4 536:089.248   CPU_ReadMem(24 bytes @ 0x2000041C)
T7288 536:099.776   JLINK_RTTERMINAL_Read(BufferIndex = 0, BufferSize = 0x00010000)
T7288 536:099.904     RTT: Failed to load RTT control block at address 0x2000041C
T7288 536:099.904     RTT: Failed to load RTT control block at address 0x2000041C
T7288 536:099.936     RTT: Failed to load RTT control block at address 0x2000041C
T7288 536:099.936     RTT: Failed to load RTT control block at address 0x2000041C
T7288 536:100.000   - 0.161ms returns 0
T6BF4 536:100.704   CPU_ReadMem(24 bytes @ 0x2000041C)
T6BF4 536:112.032   CPU_ReadMem(24 bytes @ 0x2000041C)
T6BF4 536:123.040   CPU_ReadMem(24 bytes @ 0x2000041C)
T6BF4 536:134.048   CPU_ReadMem(24 bytes @ 0x2000041C)
T6BF4 536:145.056   CPU_ReadMem(24 bytes @ 0x2000041C)
T7288 536:151.136   JLINK_RTTERMINAL_Read(BufferIndex = 0, BufferSize = 0x00010000)
T7288 536:151.232     RTT: Failed to load RTT control block at address 0x2000041C
T7288 536:151.296     RTT: Failed to load RTT control block at address 0x2000041C
T7288 536:151.360     RTT: Failed to load RTT control block at address 0x2000041C
T7288 536:151.392     RTT: Failed to load RTT control block at address 0x2000041C
T7288 536:151.456     RTT: Failed to load RTT control block at address 0x2000041C
T7288 536:151.488   - 0.322ms returns 0
T6BF4 536:157.088   CPU_ReadMem(24 bytes @ 0x2000041C)
T6BF4 536:168.032   CPU_ReadMem(24 bytes @ 0x2000041C)
T6BF4 536:178.496   CPU_ReadMem(24 bytes @ 0x2000041C)
T6BF4 536:189.504   CPU_ReadMem(24 bytes @ 0x2000041C)
T6BF4 536:200.608   CPU_ReadMem(24 bytes @ 0x2000041C)
T7288 536:202.752   JLINK_RTTERMINAL_Read(BufferIndex = 0, BufferSize = 0x00010000)
T7288 536:202.848     RTT: Failed to load RTT control block at address 0x2000041C
T7288 536:202.912     RTT: Failed to load RTT control block at address 0x2000041C
T7288 536:202.944     RTT: Failed to load RTT control block at address 0x2000041C
T7288 536:203.008     RTT: Failed to load RTT control block at address 0x2000041C
T7288 536:203.072     RTT: Failed to load RTT control block at address 0x2000041C
T7288 536:203.104   - 0.346ms returns 0
T6BF4 536:211.712   CPU_ReadMem(24 bytes @ 0x2000041C)
T6BF4 536:223.648   CPU_ReadMem(24 bytes @ 0x2000041C)
T6BF4 536:234.688   CPU_ReadMem(24 bytes @ 0x2000041C)
T6BF4 536:246.688   CPU_ReadMem(24 bytes @ 0x2000041C)
T7288 536:253.792   JLINK_RTTERMINAL_Read(BufferIndex = 0, BufferSize = 0x00010000)
T7288 536:253.856     RTT: Failed to load RTT control block at address 0x2000041C
T7288 536:253.888     RTT: Failed to load RTT control block at address 0x2000041C
T7288 536:253.888     RTT: Failed to load RTT control block at address 0x2000041C
T7288 536:253.952     RTT: Failed to load RTT control block at address 0x2000041C
T7288 536:254.016   - 0.193ms returns 0
T6BF4 536:257.728   CPU_ReadMem(24 bytes @ 0x2000041C)
T6BF4 536:269.152   CPU_ReadMem(24 bytes @ 0x2000041C)
T6BF4 536:280.256   CPU_ReadMem(24 bytes @ 0x2000041C)
T6BF4 536:292.192   CPU_ReadMem(24 bytes @ 0x2000041C)
T6BF4 536:303.360   CPU_ReadMem(24 bytes @ 0x2000041C)
T7288 536:304.448   JLINK_RTTERMINAL_Read(BufferIndex = 0, BufferSize = 0x00010000)
T7288 536:304.480     RTT: Failed to load RTT control block at address 0x2000041C
T7288 536:304.480     RTT: Failed to load RTT control block at address 0x2000041C
T7288 536:304.544     RTT: Failed to load RTT control block at address 0x2000041C
T7288 536:304.544     RTT: Failed to load RTT control block at address 0x2000041C
T7288 536:304.576     RTT: Failed to load RTT control block at address 0x2000041C
T7288 536:304.640   - 0.218ms returns 0
T6BF4 536:314.816   CPU_ReadMem(24 bytes @ 0x2000041C)
T6BF4 536:326.816   CPU_ReadMem(24 bytes @ 0x2000041C)
T6BF4 536:338.848   CPU_ReadMem(24 bytes @ 0x2000041C)
T6BF4 536:350.304   CPU_ReadMem(24 bytes @ 0x2000041C)
T7288 536:355.424   JLINK_RTTERMINAL_Read(BufferIndex = 0, BufferSize = 0x00010000)
T7288 536:355.520     RTT: Failed to load RTT control block at address 0x2000041C
T7288 536:355.584     RTT: Failed to load RTT control block at address 0x2000041C
T7288 536:355.648     RTT: Failed to load RTT control block at address 0x2000041C
T7288 536:355.680     RTT: Failed to load RTT control block at address 0x2000041C
T7288 536:355.744   - 0.325ms returns 0
T6BF4 536:361.312   CPU_ReadMem(24 bytes @ 0x2000041C)
T6BF4 536:373.312   CPU_ReadMem(24 bytes @ 0x2000041C)
T6BF4 536:384.832   CPU_ReadMem(24 bytes @ 0x2000041C)
T6BF4 536:396.384   CPU_ReadMem(24 bytes @ 0x2000041C)
T7288 536:406.112   JLINK_RTTERMINAL_Read(BufferIndex = 0, BufferSize = 0x00010000)
T7288 536:406.176     RTT: Failed to load RTT control block at address 0x2000041C
T7288 536:406.208     RTT: Failed to load RTT control block at address 0x2000041C
T7288 536:406.272     RTT: Failed to load RTT control block at address 0x2000041C
T7288 536:406.336     RTT: Failed to load RTT control block at address 0x2000041C
T7288 536:406.336   - 0.220ms returns 0
T6BF4 536:408.000   CPU_ReadMem(24 bytes @ 0x2000041C)
T6BF4 536:419.136   CPU_ReadMem(24 bytes @ 0x2000041C)
T6BF4 536:430.176   CPU_ReadMem(24 bytes @ 0x2000041C)
T6BF4 536:441.440   CPU_ReadMem(24 bytes @ 0x2000041C)
T6BF4 536:452.512   CPU_ReadMem(24 bytes @ 0x2000041C)
T7288 536:457.632   JLINK_RTTERMINAL_Read(BufferIndex = 0, BufferSize = 0x00010000)
T7288 536:457.664     RTT: Failed to load RTT control block at address 0x2000041C
T7288 536:457.728     RTT: Failed to load RTT control block at address 0x2000041C
T7288 536:457.728     RTT: Failed to load RTT control block at address 0x2000041C
T7288 536:457.792     RTT: Failed to load RTT control block at address 0x2000041C
T7288 536:457.824     RTT: Failed to load RTT control block at address 0x2000041C
T7288 536:457.824   - 0.235ms returns 0
T6BF4 536:463.552   CPU_ReadMem(24 bytes @ 0x2000041C)
T6BF4 536:474.528   CPU_ReadMem(24 bytes @ 0x2000041C)
T6BF4 536:486.400   CPU_ReadMem(24 bytes @ 0x2000041C)
T6BF4 536:496.896   CPU_ReadMem(24 bytes @ 0x2000041C)
T6BF4 536:507.552   CPU_ReadMem(24 bytes @ 0x2000041C)
T7288 536:508.608   JLINK_RTTERMINAL_Read(BufferIndex = 0, BufferSize = 0x00010000)
T7288 536:508.672     RTT: Failed to load RTT control block at address 0x2000041C
T7288 536:508.736     RTT: Failed to load RTT control block at address 0x2000041C
T7288 536:508.768     RTT: Failed to load RTT control block at address 0x2000041C
T7288 536:508.768     RTT: Failed to load RTT control block at address 0x2000041C
T7288 536:508.832     RTT: Failed to load RTT control block at address 0x2000041C
T7288 536:508.832   - 0.237ms returns 0
T6BF4 536:518.592   CPU_ReadMem(24 bytes @ 0x2000041C)
T6BF4 536:529.760   CPU_ReadMem(24 bytes @ 0x2000041C)
T6BF4 536:541.696   CPU_ReadMem(24 bytes @ 0x2000041C)
T6BF4 536:552.864   CPU_ReadMem(24 bytes @ 0x2000041C)
T7288 536:560.064   JLINK_RTTERMINAL_Read(BufferIndex = 0, BufferSize = 0x00010000)
T7288 536:560.128     RTT: Failed to load RTT control block at address 0x2000041C
T7288 536:560.128     RTT: Failed to load RTT control block at address 0x2000041C
T7288 536:560.192     RTT: Failed to load RTT control block at address 0x2000041C
T7288 536:560.192     RTT: Failed to load RTT control block at address 0x2000041C
T7288 536:560.224   - 0.159ms returns 0
T6BF4 536:563.808   CPU_ReadMem(24 bytes @ 0x2000041C)
T6BF4 536:576.096   CPU_ReadMem(24 bytes @ 0x2000041C)
T6BF4 536:587.584   CPU_ReadMem(24 bytes @ 0x2000041C)
T6BF4 536:599.104   CPU_ReadMem(24 bytes @ 0x2000041C)
T6BF4 536:610.400   CPU_ReadMem(24 bytes @ 0x2000041C)
T7288 536:611.424   JLINK_RTTERMINAL_Read(BufferIndex = 0, BufferSize = 0x00010000)
T7288 536:611.520     RTT: Failed to load RTT control block at address 0x2000041C
T7288 536:611.584     RTT: Failed to load RTT control block at address 0x2000041C
T7288 536:611.648     RTT: Failed to load RTT control block at address 0x2000041C
T7288 536:611.680     RTT: Failed to load RTT control block at address 0x2000041C
T7288 536:611.744     RTT: Failed to load RTT control block at address 0x2000041C
T7288 536:611.776   - 0.329ms returns 0
T6BF4 536:621.248   CPU_ReadMem(24 bytes @ 0x2000041C)
T6BF4 536:632.320   CPU_ReadMem(24 bytes @ 0x2000041C)
T6BF4 536:643.328   CPU_ReadMem(24 bytes @ 0x2000041C)
T6BF4 536:654.528   CPU_ReadMem(24 bytes @ 0x2000041C)
T7288 536:662.880   JLINK_RTTERMINAL_Read(BufferIndex = 0, BufferSize = 0x00010000)
T7288 536:662.976     RTT: Failed to load RTT control block at address 0x2000041C
T7288 536:663.040     RTT: Failed to load RTT control block at address 0x2000041C
T7288 536:663.104     RTT: Failed to load RTT control block at address 0x2000041C
T7288 536:663.104     RTT: Failed to load RTT control block at address 0x2000041C
T7288 536:663.136   - 0.228ms returns 0
T6BF4 536:664.768   CPU_ReadMem(24 bytes @ 0x2000041C)
T6BF4 536:676.256   CPU_ReadMem(24 bytes @ 0x2000041C)
T6BF4 536:687.296   CPU_ReadMem(24 bytes @ 0x2000041C)
T6BF4 536:698.784   CPU_ReadMem(24 bytes @ 0x2000041C)
T6BF4 536:710.336   CPU_ReadMem(24 bytes @ 0x2000041C)
T7288 536:714.432   JLINK_RTTERMINAL_Read(BufferIndex = 0, BufferSize = 0x00010000)
T7288 536:714.496     RTT: Failed to load RTT control block at address 0x2000041C
T7288 536:714.560     RTT: Failed to load RTT control block at address 0x2000041C
T7288 536:714.560     RTT: Failed to load RTT control block at address 0x2000041C
T7288 536:714.592     RTT: Failed to load RTT control block at address 0x2000041C
T7288 536:714.592     RTT: Failed to load RTT control block at address 0x2000041C
T7288 536:714.656   - 0.237ms returns 0
T6BF4 536:721.504   CPU_ReadMem(24 bytes @ 0x2000041C)
T6BF4 536:732.416   CPU_ReadMem(24 bytes @ 0x2000041C)
T6BF4 536:743.616   CPU_ReadMem(24 bytes @ 0x2000041C)
T6BF4 536:754.688   CPU_ReadMem(24 bytes @ 0x2000041C)
T7288 536:765.184   JLINK_RTTERMINAL_Read(BufferIndex = 0, BufferSize = 0x00010000)
T7288 536:765.248     RTT: Failed to load RTT control block at address 0x2000041C
T7288 536:765.280     RTT: Failed to load RTT control block at address 0x2000041C
T7288 536:765.344     RTT: Failed to load RTT control block at address 0x2000041C
T7288 536:765.376     RTT: Failed to load RTT control block at address 0x2000041C
T7288 536:765.376   - 0.230ms returns 0
T6BF4 536:766.048   CPU_ReadMem(24 bytes @ 0x2000041C)
T6BF4 536:777.472   CPU_ReadMem(24 bytes @ 0x2000041C)
T6BF4 536:788.544   CPU_ReadMem(24 bytes @ 0x2000041C)
T6BF4 536:800.064   CPU_ReadMem(24 bytes @ 0x2000041C)
T6BF4 536:811.680   CPU_ReadMem(24 bytes @ 0x2000041C)
T7288 536:815.808   JLINK_RTTERMINAL_Read(BufferIndex = 0, BufferSize = 0x00010000)
T7288 536:815.936     RTT: Failed to load RTT control block at address 0x2000041C
T7288 536:815.936     RTT: Failed to load RTT control block at address 0x2000041C
T7288 536:815.968     RTT: Failed to load RTT control block at address 0x2000041C
T7288 536:816.032     RTT: Failed to load RTT control block at address 0x2000041C
T7288 536:816.064     RTT: Failed to load RTT control block at address 0x2000041C
T7288 536:816.064   - 0.278ms returns 0
T6BF4 536:823.712   CPU_ReadMem(24 bytes @ 0x2000041C)
T6BF4 536:834.816   CPU_ReadMem(24 bytes @ 0x2000041C)
T6BF4 536:846.752   CPU_ReadMem(24 bytes @ 0x2000041C)
T6BF4 536:857.760   CPU_ReadMem(24 bytes @ 0x2000041C)
T7288 536:866.912   JLINK_RTTERMINAL_Read(BufferIndex = 0, BufferSize = 0x00010000)
T7288 536:867.008     RTT: Failed to load RTT control block at address 0x2000041C
T7288 536:867.008     RTT: Failed to load RTT control block at address 0x2000041C
T7288 536:867.072     RTT: Failed to load RTT control block at address 0x2000041C
T7288 536:867.136     RTT: Failed to load RTT control block at address 0x2000041C
T7288 536:867.136   - 0.217ms returns 0
T6BF4 536:868.768   CPU_ReadMem(24 bytes @ 0x2000041C)
T6BF4 536:880.384   CPU_ReadMem(24 bytes @ 0x2000041C)
T6BF4 536:891.264   CPU_ReadMem(24 bytes @ 0x2000041C)
T6BF4 536:902.848   CPU_ReadMem(24 bytes @ 0x2000041C)
T6BF4 536:913.536   CPU_ReadMem(24 bytes @ 0x2000041C)
T7288 536:917.632   JLINK_RTTERMINAL_Read(BufferIndex = 0, BufferSize = 0x00010000)
T7288 536:917.760     RTT: Failed to load RTT control block at address 0x2000041C
T7288 536:917.760     RTT: Failed to load RTT control block at address 0x2000041C
T7288 536:917.824     RTT: Failed to load RTT control block at address 0x2000041C
T7288 536:917.888     RTT: Failed to load RTT control block at address 0x2000041C
T7288 536:917.888     RTT: Failed to load RTT control block at address 0x2000041C
T7288 536:917.888   - 0.255ms returns 0
T6BF4 536:925.504   CPU_ReadMem(24 bytes @ 0x2000041C)
T6BF4 536:936.512   CPU_ReadMem(24 bytes @ 0x2000041C)
T6BF4 536:947.584   CPU_ReadMem(24 bytes @ 0x2000041C)
T6BF4 536:959.616   CPU_ReadMem(24 bytes @ 0x2000041C)
T7288 536:968.832   JLINK_RTTERMINAL_Read(BufferIndex = 0, BufferSize = 0x00010000)
T7288 536:969.024     RTT: Failed to load RTT control block at address 0x2000041C
T7288 536:969.024     RTT: Failed to load RTT control block at address 0x2000041C
T7288 536:969.088     RTT: Failed to load RTT control block at address 0x2000041C
T7288 536:969.088     RTT: Failed to load RTT control block at address 0x2000041C
T7288 536:969.088   - 0.236ms returns 0
T6BF4 536:970.752   CPU_ReadMem(24 bytes @ 0x2000041C)
T6BF4 536:982.144   CPU_ReadMem(24 bytes @ 0x2000041C)
T6BF4 536:993.216   CPU_ReadMem(24 bytes @ 0x2000041C)
T6BF4 537:004.864   CPU_ReadMem(24 bytes @ 0x2000041C)
T6BF4 537:016.704   CPU_ReadMem(24 bytes @ 0x2000041C)
T7288 537:019.904   JLINK_RTTERMINAL_Read(BufferIndex = 0, BufferSize = 0x00010000)
T7288 537:019.968     RTT: Failed to load RTT control block at address 0x2000041C
T7288 537:020.032     RTT: Failed to load RTT control block at address 0x2000041C
T7288 537:020.032     RTT: Failed to load RTT control block at address 0x2000041C
T7288 537:020.032     RTT: Failed to load RTT control block at address 0x2000041C
T7288 537:020.096     RTT: Failed to load RTT control block at address 0x2000041C
T7288 537:020.096   - 0.232ms returns 0
T6BF4 537:028.736   CPU_ReadMem(24 bytes @ 0x2000041C)
T6BF4 537:039.808   CPU_ReadMem(24 bytes @ 0x2000041C)
T6BF4 537:050.880   CPU_ReadMem(24 bytes @ 0x2000041C)
T6BF4 537:061.952   CPU_ReadMem(24 bytes @ 0x2000041C)
T7288 537:070.976   JLINK_RTTERMINAL_Read(BufferIndex = 0, BufferSize = 0x00010000)
T7288 537:071.040     RTT: Failed to load RTT control block at address 0x2000041C
T7288 537:071.104     RTT: Failed to load RTT control block at address 0x2000041C
T7288 537:071.104     RTT: Failed to load RTT control block at address 0x2000041C
T7288 537:071.168     RTT: Failed to load RTT control block at address 0x2000041C
T7288 537:071.232   - 0.210ms returns 0
T6BF4 537:072.832   CPU_ReadMem(24 bytes @ 0x2000041C)
T6BF4 537:084.480   CPU_ReadMem(24 bytes @ 0x2000041C)
T6BF4 537:095.552   CPU_ReadMem(24 bytes @ 0x2000041C)
T6BF4 537:107.200   CPU_ReadMem(24 bytes @ 0x2000041C)
T6BF4 537:119.232   CPU_ReadMem(24 bytes @ 0x2000041C)
T7288 537:122.304   JLINK_RTTERMINAL_Read(BufferIndex = 0, BufferSize = 0x00010000)
T7288 537:122.368     RTT: Failed to load RTT control block at address 0x2000041C
T7288 537:122.368     RTT: Failed to load RTT control block at address 0x2000041C
T7288 537:122.432     RTT: Failed to load RTT control block at address 0x2000041C
T7288 537:122.432     RTT: Failed to load RTT control block at address 0x2000041C
T7288 537:122.432     RTT: Failed to load RTT control block at address 0x2000041C
T7288 537:122.496   - 0.212ms returns 0
T6BF4 537:131.136   CPU_ReadMem(24 bytes @ 0x2000041C)
T6BF4 537:142.144   CPU_ReadMem(24 bytes @ 0x2000041C)
T6BF4 537:153.280   CPU_ReadMem(24 bytes @ 0x2000041C)
T6BF4 537:164.352   CPU_ReadMem(24 bytes @ 0x2000041C)
T7288 537:173.376   JLINK_RTTERMINAL_Read(BufferIndex = 0, BufferSize = 0x00010000)
T7288 537:173.504     RTT: Failed to load RTT control block at address 0x2000041C
T7288 537:173.504     RTT: Failed to load RTT control block at address 0x2000041C
T7288 537:173.568     RTT: Failed to load RTT control block at address 0x2000041C
T7288 537:173.568     RTT: Failed to load RTT control block at address 0x2000041C
T7288 537:173.632   - 0.178ms returns 0
T6BF4 537:175.744   CPU_ReadMem(24 bytes @ 0x2000041C)
T6BF4 537:186.752   CPU_ReadMem(24 bytes @ 0x2000041C)
T6BF4 537:198.912   CPU_ReadMem(24 bytes @ 0x2000041C)
T6BF4 537:209.408   CPU_ReadMem(24 bytes @ 0x2000041C)
T6BF4 537:220.480   CPU_ReadMem(24 bytes @ 0x2000041C)
T7288 537:224.576   JLINK_RTTERMINAL_Read(BufferIndex = 0, BufferSize = 0x00010000)
T7288 537:224.576     RTT: Failed to load RTT control block at address 0x2000041C
T7288 537:224.640     RTT: Failed to load RTT control block at address 0x2000041C
T7288 537:224.640     RTT: Failed to load RTT control block at address 0x2000041C
T7288 537:224.704     RTT: Failed to load RTT control block at address 0x2000041C
T7288 537:224.768     RTT: Failed to load RTT control block at address 0x2000041C
T7288 537:224.768   - 0.250ms returns 0
T6BF4 537:232.512   CPU_ReadMem(24 bytes @ 0x2000041C)
T6BF4 537:244.544   CPU_ReadMem(24 bytes @ 0x2000041C)
T6BF4 537:255.552   CPU_ReadMem(24 bytes @ 0x2000041C)
T6BF4 537:266.496   CPU_ReadMem(24 bytes @ 0x2000041C)
T7288 537:276.032   JLINK_RTTERMINAL_Read(BufferIndex = 0, BufferSize = 0x00010000)
T7288 537:276.160     RTT: Failed to load RTT control block at address 0x2000041C
T7288 537:276.160     RTT: Failed to load RTT control block at address 0x2000041C
T7288 537:276.224     RTT: Failed to load RTT control block at address 0x2000041C
T7288 537:276.224     RTT: Failed to load RTT control block at address 0x2000041C
T7288 537:276.288   - 0.179ms returns 0
T6BF4 537:277.952   CPU_ReadMem(24 bytes @ 0x2000041C)
T6BF4 537:289.088   CPU_ReadMem(24 bytes @ 0x2000041C)
T6BF4 537:300.032   CPU_ReadMem(24 bytes @ 0x2000041C)
T6BF4 537:311.744   CPU_ReadMem(24 bytes @ 0x2000041C)
T6BF4 537:323.648   CPU_ReadMem(24 bytes @ 0x2000041C)
T7288 537:326.848   JLINK_RTTERMINAL_Read(BufferIndex = 0, BufferSize = 0x00010000)
T7288 537:326.912     RTT: Failed to load RTT control block at address 0x2000041C
T7288 537:326.976     RTT: Failed to load RTT control block at address 0x2000041C
T7288 537:326.976     RTT: Failed to load RTT control block at address 0x2000041C
T7288 537:326.976     RTT: Failed to load RTT control block at address 0x2000041C
T7288 537:326.976     RTT: Failed to load RTT control block at address 0x2000041C
T7288 537:327.040   - 0.204ms returns 0
T6BF4 537:334.784   CPU_ReadMem(24 bytes @ 0x2000041C)
T6BF4 537:346.304   CPU_ReadMem(24 bytes @ 0x2000041C)
T6BF4 537:357.312   CPU_ReadMem(24 bytes @ 0x2000041C)
T6BF4 537:368.256   CPU_ReadMem(24 bytes @ 0x2000041C)
T7288 537:377.536   JLINK_RTTERMINAL_Read(BufferIndex = 0, BufferSize = 0x00010000)
T7288 537:377.600     RTT: Failed to load RTT control block at address 0x2000041C
T7288 537:377.664     RTT: Failed to load RTT control block at address 0x2000041C
T7288 537:377.664     RTT: Failed to load RTT control block at address 0x2000041C
T7288 537:377.664     RTT: Failed to load RTT control block at address 0x2000041C
T7288 537:377.728   - 0.221ms returns 0
T6BF4 537:379.328   CPU_ReadMem(24 bytes @ 0x2000041C)
T6BF4 537:391.040   CPU_ReadMem(24 bytes @ 0x2000041C)
T6BF4 537:402.176   CPU_ReadMem(24 bytes @ 0x2000041C)
T6BF4 537:412.736   CPU_ReadMem(24 bytes @ 0x2000041C)
T6BF4 537:423.744   CPU_ReadMem(24 bytes @ 0x2000041C)
T7288 537:428.864   JLINK_RTTERMINAL_Read(BufferIndex = 0, BufferSize = 0x00010000)
T7288 537:428.928     RTT: Failed to load RTT control block at address 0x2000041C
T7288 537:428.928     RTT: Failed to load RTT control block at address 0x2000041C
T7288 537:428.992     RTT: Failed to load RTT control block at address 0x2000041C
T7288 537:429.056     RTT: Failed to load RTT control block at address 0x2000041C
T7288 537:429.056     RTT: Failed to load RTT control block at address 0x2000041C
T7288 537:429.120   - 0.226ms returns 0
T6BF4 537:434.752   CPU_ReadMem(24 bytes @ 0x2000041C)
T6BF4 537:446.784   CPU_ReadMem(24 bytes @ 0x2000041C)
T6BF4 537:458.816   CPU_ReadMem(24 bytes @ 0x2000041C)
T6BF4 537:470.656   CPU_ReadMem(24 bytes @ 0x2000041C)
T7288 537:480.384   JLINK_RTTERMINAL_Read(BufferIndex = 0, BufferSize = 0x00010000)
T7288 537:480.384     RTT: Failed to load RTT control block at address 0x2000041C
T7288 537:480.448     RTT: Failed to load RTT control block at address 0x2000041C
T7288 537:480.512     RTT: Failed to load RTT control block at address 0x2000041C
T7288 537:480.576     RTT: Failed to load RTT control block at address 0x2000041C
T7288 537:480.576   - 0.189ms returns 0
T6BF4 537:482.176   CPU_ReadMem(24 bytes @ 0x2000041C)
T6BF4 537:493.376   CPU_ReadMem(24 bytes @ 0x2000041C)
T6BF4 537:504.896   CPU_ReadMem(24 bytes @ 0x2000041C)
T6BF4 537:516.544   CPU_ReadMem(24 bytes @ 0x2000041C)
T6BF4 537:528.512   CPU_ReadMem(24 bytes @ 0x2000041C)
T7288 537:531.584   JLINK_RTTERMINAL_Read(BufferIndex = 0, BufferSize = 0x00010000)
T7288 537:531.648     RTT: Failed to load RTT control block at address 0x2000041C
T7288 537:531.712     RTT: Failed to load RTT control block at address 0x2000041C
T7288 537:531.776     RTT: Failed to load RTT control block at address 0x2000041C
T7288 537:531.776     RTT: Failed to load RTT control block at address 0x2000041C
T7288 537:531.776     RTT: Failed to load RTT control block at address 0x2000041C
T7288 537:531.840   - 0.252ms returns 0
T6BF4 537:540.480   CPU_ReadMem(24 bytes @ 0x2000041C)
T6BF4 537:552.512   CPU_ReadMem(24 bytes @ 0x2000041C)
T6BF4 537:563.968   CPU_ReadMem(24 bytes @ 0x2000041C)
T6BF4 537:574.912   CPU_ReadMem(24 bytes @ 0x2000041C)
T7288 537:582.592   JLINK_RTTERMINAL_Read(BufferIndex = 0, BufferSize = 0x00010000)
T7288 537:582.656     RTT: Failed to load RTT control block at address 0x2000041C
T7288 537:582.720     RTT: Failed to load RTT control block at address 0x2000041C
T7288 537:582.720     RTT: Failed to load RTT control block at address 0x2000041C
T7288 537:582.720     RTT: Failed to load RTT control block at address 0x2000041C
T7288 537:582.784   - 0.211ms returns 0
T6BF4 537:585.472   CPU_ReadMem(24 bytes @ 0x2000041C)
T6BF4 537:597.440   CPU_ReadMem(24 bytes @ 0x2000041C)
T6BF4 537:609.088   CPU_ReadMem(24 bytes @ 0x2000041C)
T6BF4 537:620.352   CPU_ReadMem(24 bytes @ 0x2000041C)
T6BF4 537:632.384   CPU_ReadMem(24 bytes @ 0x2000041C)
T7288 537:633.472   JLINK_RTTERMINAL_Read(BufferIndex = 0, BufferSize = 0x00010000)
T7288 537:633.600     RTT: Failed to load RTT control block at address 0x2000041C
T7288 537:633.664     RTT: Failed to load RTT control block at address 0x2000041C
T7288 537:633.664     RTT: Failed to load RTT control block at address 0x2000041C
T7288 537:633.664     RTT: Failed to load RTT control block at address 0x2000041C
T7288 537:633.728     RTT: Failed to load RTT control block at address 0x2000041C
T7288 537:633.792   - 0.271ms returns 0
T6BF4 537:643.392   CPU_ReadMem(24 bytes @ 0x2000041C)
T6BF4 537:654.656   CPU_ReadMem(24 bytes @ 0x2000041C)
T6BF4 537:665.728   CPU_ReadMem(24 bytes @ 0x2000041C)
T6BF4 537:677.696   CPU_ReadMem(24 bytes @ 0x2000041C)
T7288 537:684.928   JLINK_RTTERMINAL_Read(BufferIndex = 0, BufferSize = 0x00010000)
T7288 537:685.056     RTT: Failed to load RTT control block at address 0x2000041C
T7288 537:685.120     RTT: Failed to load RTT control block at address 0x2000041C
T7288 537:685.120     RTT: Failed to load RTT control block at address 0x2000041C
T7288 537:685.120     RTT: Failed to load RTT control block at address 0x2000041C
T7288 537:685.120   - 0.236ms returns 0
T6BF4 537:688.768   CPU_ReadMem(24 bytes @ 0x2000041C)
T6BF4 537:699.840   CPU_ReadMem(24 bytes @ 0x2000041C)
T6BF4 537:710.336   CPU_ReadMem(24 bytes @ 0x2000041C)
T6BF4 537:722.240   CPU_ReadMem(24 bytes @ 0x2000041C)
T6BF4 537:734.272   CPU_ReadMem(24 bytes @ 0x2000041C)
T7288 537:736.384   JLINK_RTTERMINAL_Read(BufferIndex = 0, BufferSize = 0x00010000)
T7288 537:736.448     RTT: Failed to load RTT control block at address 0x2000041C
T7288 537:736.512     RTT: Failed to load RTT control block at address 0x2000041C
T7288 537:736.512     RTT: Failed to load RTT control block at address 0x2000041C
T7288 537:736.576     RTT: Failed to load RTT control block at address 0x2000041C
T7288 537:736.576     RTT: Failed to load RTT control block at address 0x2000041C
T7288 537:736.640   - 0.264ms returns 0
T6BF4 537:746.304   CPU_ReadMem(24 bytes @ 0x2000041C)
T6BF4 537:757.312   CPU_ReadMem(24 bytes @ 0x2000041C)
T6BF4 537:768.320   CPU_ReadMem(24 bytes @ 0x2000041C)
T6BF4 537:779.968   CPU_ReadMem(24 bytes @ 0x2000041C)
T7288 537:788.032   JLINK_RTTERMINAL_Read(BufferIndex = 0, BufferSize = 0x00010000)
T7288 537:788.096     RTT: Failed to load RTT control block at address 0x2000041C
T7288 537:788.160     RTT: Failed to load RTT control block at address 0x2000041C
T7288 537:788.160     RTT: Failed to load RTT control block at address 0x2000041C
T7288 537:788.224     RTT: Failed to load RTT control block at address 0x2000041C
T7288 537:788.288   - 0.206ms returns 0
T6BF4 537:791.872   CPU_ReadMem(24 bytes @ 0x2000041C)
T6BF4 537:803.392   CPU_ReadMem(24 bytes @ 0x2000041C)
T6BF4 537:815.040   CPU_ReadMem(24 bytes @ 0x2000041C)
T6BF4 537:826.176   CPU_ReadMem(24 bytes @ 0x2000041C)
T6BF4 537:837.312   CPU_ReadMem(24 bytes @ 0x2000041C)
T7288 537:839.360   JLINK_RTTERMINAL_Read(BufferIndex = 0, BufferSize = 0x00010000)
T7288 537:839.424     RTT: Failed to load RTT control block at address 0x2000041C
T7288 537:839.488     RTT: Failed to load RTT control block at address 0x2000041C
T7288 537:839.488     RTT: Failed to load RTT control block at address 0x2000041C
T7288 537:839.488     RTT: Failed to load RTT control block at address 0x2000041C
T7288 537:839.552     RTT: Failed to load RTT control block at address 0x2000041C
T7288 537:839.616   - 0.259ms returns 0
T6BF4 537:848.384   CPU_ReadMem(24 bytes @ 0x2000041C)
T6BF4 537:859.200   CPU_ReadMem(24 bytes @ 0x2000041C)
T6BF4 537:870.208   CPU_ReadMem(24 bytes @ 0x2000041C)
T6BF4 537:881.920   CPU_ReadMem(24 bytes @ 0x2000041C)
T7288 537:889.920   JLINK_RTTERMINAL_Read(BufferIndex = 0, BufferSize = 0x00010000)
T7288 537:889.984     RTT: Failed to load RTT control block at address 0x2000041C
T7288 537:889.984     RTT: Failed to load RTT control block at address 0x2000041C
T7288 537:890.048     RTT: Failed to load RTT control block at address 0x2000041C
T7288 537:890.048     RTT: Failed to load RTT control block at address 0x2000041C
T7288 537:890.112   - 0.178ms returns 0
T6BF4 537:892.864   CPU_ReadMem(24 bytes @ 0x2000041C)
T6BF4 537:904.512   CPU_ReadMem(24 bytes @ 0x2000041C)
T6BF4 537:916.736   CPU_ReadMem(24 bytes @ 0x2000041C)
T6BF4 537:928.320   CPU_ReadMem(24 bytes @ 0x2000041C)
T6BF4 537:940.352   CPU_ReadMem(24 bytes @ 0x2000041C)
T7288 537:941.376   JLINK_RTTERMINAL_Read(BufferIndex = 0, BufferSize = 0x00010000)
T7288 537:941.440     RTT: Failed to load RTT control block at address 0x2000041C
T7288 537:941.504     RTT: Failed to load RTT control block at address 0x2000041C
T7288 537:941.504     RTT: Failed to load RTT control block at address 0x2000041C
T7288 537:941.568     RTT: Failed to load RTT control block at address 0x2000041C
T7288 537:941.568     RTT: Failed to load RTT control block at address 0x2000041C
T7288 537:941.632   - 0.234ms returns 0
T6BF4 537:951.296   CPU_ReadMem(24 bytes @ 0x2000041C)
T6BF4 537:961.600   CPU_ReadMem(24 bytes @ 0x2000041C)
T6BF4 537:972.544   CPU_ReadMem(24 bytes @ 0x2000041C)
T6BF4 537:984.192   CPU_ReadMem(24 bytes @ 0x2000041C)
T7288 537:992.320   JLINK_RTTERMINAL_Read(BufferIndex = 0, BufferSize = 0x00010000)
T7288 537:992.320     RTT: Failed to load RTT control block at address 0x2000041C
T7288 537:992.384     RTT: Failed to load RTT control block at address 0x2000041C
T7288 537:992.384     RTT: Failed to load RTT control block at address 0x2000041C
T7288 537:992.448     RTT: Failed to load RTT control block at address 0x2000041C
T7288 537:992.448   - 0.179ms returns 0
T6BF4 537:995.264   CPU_ReadMem(24 bytes @ 0x2000041C)
T6BF4 538:006.400   CPU_ReadMem(24 bytes @ 0x2000041C)
T6BF4 538:017.984   CPU_ReadMem(24 bytes @ 0x2000041C)
T6BF4 538:028.992   CPU_ReadMem(24 bytes @ 0x2000041C)
T6BF4 538:040.960   CPU_ReadMem(24 bytes @ 0x2000041C)
T7288 538:043.008   JLINK_RTTERMINAL_Read(BufferIndex = 0, BufferSize = 0x00010000)
T7288 538:043.072     RTT: Failed to load RTT control block at address 0x2000041C
T7288 538:043.136     RTT: Failed to load RTT control block at address 0x2000041C
T7288 538:043.136     RTT: Failed to load RTT control block at address 0x2000041C
T7288 538:043.200     RTT: Failed to load RTT control block at address 0x2000041C
T7288 538:043.200     RTT: Failed to load RTT control block at address 0x2000041C
T7288 538:043.264   - 0.173ms returns 0
T6BF4 538:051.968   CPU_ReadMem(24 bytes @ 0x2000041C)
T6BF4 538:063.040   CPU_ReadMem(24 bytes @ 0x2000041C)
T6BF4 538:074.496   CPU_ReadMem(24 bytes @ 0x2000041C)
T6BF4 538:086.016   CPU_ReadMem(24 bytes @ 0x2000041C)
T7288 538:094.144   JLINK_RTTERMINAL_Read(BufferIndex = 0, BufferSize = 0x00010000)
T7288 538:094.208     RTT: Failed to load RTT control block at address 0x2000041C
T7288 538:094.208     RTT: Failed to load RTT control block at address 0x2000041C
T7288 538:094.272     RTT: Failed to load RTT control block at address 0x2000041C
T7288 538:094.272     RTT: Failed to load RTT control block at address 0x2000041C
T7288 538:094.336   - 0.169ms returns 0
T6BF4 538:097.024   CPU_ReadMem(24 bytes @ 0x2000041C)
T6BF4 538:108.224   CPU_ReadMem(24 bytes @ 0x2000041C)
T6BF4 538:119.232   CPU_ReadMem(24 bytes @ 0x2000041C)
T6BF4 538:131.264   CPU_ReadMem(24 bytes @ 0x2000041C)
T6BF4 538:142.336   CPU_ReadMem(24 bytes @ 0x2000041C)
T7288 538:145.408   JLINK_RTTERMINAL_Read(BufferIndex = 0, BufferSize = 0x00010000)
T7288 538:145.472     RTT: Failed to load RTT control block at address 0x2000041C
T7288 538:145.536     RTT: Failed to load RTT control block at address 0x2000041C
T7288 538:145.536     RTT: Failed to load RTT control block at address 0x2000041C
T7288 538:145.600     RTT: Failed to load RTT control block at address 0x2000041C
T7288 538:145.664     RTT: Failed to load RTT control block at address 0x2000041C
T7288 538:145.664   - 0.257ms returns 0
T6BF4 538:154.240   CPU_ReadMem(24 bytes @ 0x2000041C)
T6BF4 538:165.248   CPU_ReadMem(24 bytes @ 0x2000041C)
T6BF4 538:177.216   CPU_ReadMem(24 bytes @ 0x2000041C)
T6BF4 538:188.416   CPU_ReadMem(24 bytes @ 0x2000041C)
T7288 538:196.416   JLINK_RTTERMINAL_Read(BufferIndex = 0, BufferSize = 0x00010000)
T7288 538:196.544     RTT: Failed to load RTT control block at address 0x2000041C
T7288 538:196.608     RTT: Failed to load RTT control block at address 0x2000041C
T7288 538:196.608     RTT: Failed to load RTT control block at address 0x2000041C
T7288 538:196.608     RTT: Failed to load RTT control block at address 0x2000041C
T7288 538:196.608   - 0.205ms returns 0
T6BF4 538:199.360   CPU_ReadMem(24 bytes @ 0x2000041C)
T6BF4 538:209.856   CPU_ReadMem(24 bytes @ 0x2000041C)
T6BF4 538:222.016   CPU_ReadMem(24 bytes @ 0x2000041C)
T6BF4 538:233.536   CPU_ReadMem(24 bytes @ 0x2000041C)
T6BF4 538:244.736   CPU_ReadMem(24 bytes @ 0x2000041C)
T7288 538:247.680   JLINK_RTTERMINAL_Read(BufferIndex = 0, BufferSize = 0x00010000)
T7288 538:247.744     RTT: Failed to load RTT control block at address 0x2000041C
T7288 538:247.744     RTT: Failed to load RTT control block at address 0x2000041C
T7288 538:247.808     RTT: Failed to load RTT control block at address 0x2000041C
T7288 538:247.808     RTT: Failed to load RTT control block at address 0x2000041C
T7288 538:247.808     RTT: Failed to load RTT control block at address 0x2000041C
T7288 538:247.808   - 0.190ms returns 0
T6BF4 538:255.680   CPU_ReadMem(24 bytes @ 0x2000041C)
T6BF4 538:266.624   CPU_ReadMem(24 bytes @ 0x2000041C)
T6BF4 538:278.144   CPU_ReadMem(24 bytes @ 0x2000041C)
T6BF4 538:289.152   CPU_ReadMem(24 bytes @ 0x2000041C)
T7288 538:298.240   JLINK_RTTERMINAL_Read(BufferIndex = 0, BufferSize = 0x00010000)
T7288 538:298.304     RTT: Failed to load RTT control block at address 0x2000041C
T7288 538:298.368     RTT: Failed to load RTT control block at address 0x2000041C
T7288 538:298.368     RTT: Failed to load RTT control block at address 0x2000041C
T7288 538:298.432     RTT: Failed to load RTT control block at address 0x2000041C
T7288 538:298.496   - 0.192ms returns 0
T6BF4 538:301.120   CPU_ReadMem(24 bytes @ 0x2000041C)
T6BF4 538:311.808   CPU_ReadMem(24 bytes @ 0x2000041C)
T6BF4 538:322.880   CPU_ReadMem(24 bytes @ 0x2000041C)
T6BF4 538:334.144   CPU_ReadMem(24 bytes @ 0x2000041C)
T6BF4 538:345.280   CPU_ReadMem(24 bytes @ 0x2000041C)
T7288 538:349.312   JLINK_RTTERMINAL_Read(BufferIndex = 0, BufferSize = 0x00010000)
T7288 538:349.440     RTT: Failed to load RTT control block at address 0x2000041C
T7288 538:349.440     RTT: Failed to load RTT control block at address 0x2000041C
T7288 538:349.440     RTT: Failed to load RTT control block at address 0x2000041C
T7288 538:349.440     RTT: Failed to load RTT control block at address 0x2000041C
T7288 538:349.504     RTT: Failed to load RTT control block at address 0x2000041C
T7288 538:349.568   - 0.244ms returns 0
T6BF4 538:357.120   CPU_ReadMem(24 bytes @ 0x2000041C)
T6BF4 538:369.152   CPU_ReadMem(24 bytes @ 0x2000041C)
T6BF4 538:380.160   CPU_ReadMem(24 bytes @ 0x2000041C)
T6BF4 538:391.296   CPU_ReadMem(24 bytes @ 0x2000041C)
T7288 538:400.448   JLINK_RTTERMINAL_Read(BufferIndex = 0, BufferSize = 0x00010000)
T7288 538:400.512     RTT: Failed to load RTT control block at address 0x2000041C
T7288 538:400.576     RTT: Failed to load RTT control block at address 0x2000041C
T7288 538:400.640     RTT: Failed to load RTT control block at address 0x2000041C
T7288 538:400.640     RTT: Failed to load RTT control block at address 0x2000041C
T7288 538:400.640   - 0.222ms returns 0
T6BF4 538:402.432   CPU_ReadMem(24 bytes @ 0x2000041C)
T6BF4 538:413.440   CPU_ReadMem(24 bytes @ 0x2000041C)
T6BF4 538:424.384   CPU_ReadMem(24 bytes @ 0x2000041C)
T6BF4 538:435.456   CPU_ReadMem(24 bytes @ 0x2000041C)
T6BF4 538:446.400   CPU_ReadMem(24 bytes @ 0x2000041C)
T7288 538:451.584   JLINK_RTTERMINAL_Read(BufferIndex = 0, BufferSize = 0x00010000)
T7288 538:451.584     RTT: Failed to load RTT control block at address 0x2000041C
T7288 538:451.648     RTT: Failed to load RTT control block at address 0x2000041C
T7288 538:451.712     RTT: Failed to load RTT control block at address 0x2000041C
T7288 538:451.776     RTT: Failed to load RTT control block at address 0x2000041C
T7288 538:451.840     RTT: Failed to load RTT control block at address 0x2000041C
T7288 538:451.840   - 0.287ms returns 0
T6BF4 538:458.432   CPU_ReadMem(24 bytes @ 0x2000041C)
T6BF4 538:470.400   CPU_ReadMem(24 bytes @ 0x2000041C)
T6BF4 538:481.472   CPU_ReadMem(24 bytes @ 0x2000041C)
T6BF4 538:492.480   CPU_ReadMem(24 bytes @ 0x2000041C)
T7288 538:502.592   JLINK_RTTERMINAL_Read(BufferIndex = 0, BufferSize = 0x00010000)
T7288 538:502.656     RTT: Failed to load RTT control block at address 0x2000041C
T7288 538:502.720     RTT: Failed to load RTT control block at address 0x2000041C
T7288 538:502.784     RTT: Failed to load RTT control block at address 0x2000041C
T7288 538:502.784     RTT: Failed to load RTT control block at address 0x2000041C
T7288 538:502.784   - 0.196ms returns 0
T6BF4 538:503.680   CPU_ReadMem(24 bytes @ 0x2000041C)
T6BF4 538:515.264   CPU_ReadMem(24 bytes @ 0x2000041C)
T6BF4 538:527.360   CPU_ReadMem(24 bytes @ 0x2000041C)
T6BF4 538:539.200   CPU_ReadMem(24 bytes @ 0x2000041C)
T6BF4 538:550.400   CPU_ReadMem(24 bytes @ 0x2000041C)
T7288 538:553.664   JLINK_RTTERMINAL_Read(BufferIndex = 0, BufferSize = 0x00010000)
T7288 538:553.728     RTT: Failed to load RTT control block at address 0x2000041C
T7288 538:553.728     RTT: Failed to load RTT control block at address 0x2000041C
T7288 538:553.728     RTT: Failed to load RTT control block at address 0x2000041C
T7288 538:553.792     RTT: Failed to load RTT control block at address 0x2000041C
T7288 538:553.792     RTT: Failed to load RTT control block at address 0x2000041C
T7288 538:553.856   - 0.232ms returns 0
T6BF4 538:561.536   CPU_ReadMem(24 bytes @ 0x2000041C)
T6BF4 538:572.544   CPU_ReadMem(24 bytes @ 0x2000041C)
T6BF4 538:582.912   CPU_ReadMem(24 bytes @ 0x2000041C)
T6BF4 538:593.920   CPU_ReadMem(24 bytes @ 0x2000041C)
T7288 538:604.416   JLINK_RTTERMINAL_Read(BufferIndex = 0, BufferSize = 0x00010000)
T7288 538:604.608     RTT: Failed to load RTT control block at address 0x2000041C
T7288 538:604.672     RTT: Failed to load RTT control block at address 0x2000041C
T7288 538:604.672     RTT: Failed to load RTT control block at address 0x2000041C
T7288 538:604.736     RTT: Failed to load RTT control block at address 0x2000041C
T7288 538:604.800   - 0.346ms returns 0
T6BF4 538:605.312   CPU_ReadMem(24 bytes @ 0x2000041C)
T6BF4 538:616.576   CPU_ReadMem(24 bytes @ 0x2000041C)
T6BF4 538:628.480   CPU_ReadMem(24 bytes @ 0x2000041C)
T6BF4 538:640.448   CPU_ReadMem(24 bytes @ 0x2000041C)
T6BF4 538:651.840   CPU_ReadMem(24 bytes @ 0x2000041C)
T7288 538:656.064   JLINK_RTTERMINAL_Read(BufferIndex = 0, BufferSize = 0x00010000)
T7288 538:656.128     RTT: Failed to load RTT control block at address 0x2000041C
T7288 538:656.192     RTT: Failed to load RTT control block at address 0x2000041C
T7288 538:656.256     RTT: Failed to load RTT control block at address 0x2000041C
T7288 538:656.320     RTT: Failed to load RTT control block at address 0x2000041C
T7288 538:656.384     RTT: Failed to load RTT control block at address 0x2000041C
T7288 538:656.384   - 0.366ms returns 0
T6BF4 538:663.808   CPU_ReadMem(24 bytes @ 0x2000041C)
T6BF4 538:674.816   CPU_ReadMem(24 bytes @ 0x2000041C)
T6BF4 538:686.016   CPU_ReadMem(24 bytes @ 0x2000041C)
T6BF4 538:697.088   CPU_ReadMem(24 bytes @ 0x2000041C)
T7288 538:707.264   JLINK_RTTERMINAL_Read(BufferIndex = 0, BufferSize = 0x00010000)
T7288 538:707.328     RTT: Failed to load RTT control block at address 0x2000041C
T7288 538:707.392     RTT: Failed to load RTT control block at address 0x2000041C
T7288 538:707.392     RTT: Failed to load RTT control block at address 0x2000041C
T7288 538:707.456     RTT: Failed to load RTT control block at address 0x2000041C
T7288 538:707.520   - 0.261ms returns 0
T6BF4 538:708.096   CPU_ReadMem(24 bytes @ 0x2000041C)
T6BF4 538:719.744   CPU_ReadMem(24 bytes @ 0x2000041C)
T6BF4 538:730.816   CPU_ReadMem(24 bytes @ 0x2000041C)
T6BF4 538:741.824   CPU_ReadMem(24 bytes @ 0x2000041C)
T6BF4 538:753.792   CPU_ReadMem(24 bytes @ 0x2000041C)
T7288 538:758.848   JLINK_RTTERMINAL_Read(BufferIndex = 0, BufferSize = 0x00010000)
T7288 538:759.040     RTT: Failed to load RTT control block at address 0x2000041C
T7288 538:759.040     RTT: Failed to load RTT control block at address 0x2000041C
T7288 538:759.104     RTT: Failed to load RTT control block at address 0x2000041C
T7288 538:759.168     RTT: Failed to load RTT control block at address 0x2000041C
T7288 538:759.232     RTT: Failed to load RTT control block at address 0x2000041C
T7288 538:759.296   - 0.394ms returns 0
T6BF4 538:765.824   CPU_ReadMem(24 bytes @ 0x2000041C)
T6BF4 538:777.856   CPU_ReadMem(24 bytes @ 0x2000041C)
T6BF4 538:789.440   CPU_ReadMem(24 bytes @ 0x2000041C)
T6BF4 538:800.448   CPU_ReadMem(24 bytes @ 0x2000041C)
T7288 538:810.560   JLINK_RTTERMINAL_Read(BufferIndex = 0, BufferSize = 0x00010000)
T7288 538:810.624     RTT: Failed to load RTT control block at address 0x2000041C
T7288 538:810.624     RTT: Failed to load RTT control block at address 0x2000041C
T7288 538:810.688     RTT: Failed to load RTT control block at address 0x2000041C
T7288 538:810.688     RTT: Failed to load RTT control block at address 0x2000041C
T7288 538:810.752   - 0.161ms returns 0
T6BF4 538:811.520   CPU_ReadMem(24 bytes @ 0x2000041C)
T6BF4 538:823.232   CPU_ReadMem(24 bytes @ 0x2000041C)
T6BF4 538:835.264   CPU_ReadMem(24 bytes @ 0x2000041C)
T6BF4 538:847.168   CPU_ReadMem(24 bytes @ 0x2000041C)
T6BF4 538:858.240   CPU_ReadMem(24 bytes @ 0x2000041C)
T7288 538:861.440   JLINK_RTTERMINAL_Read(BufferIndex = 0, BufferSize = 0x00010000)
T7288 538:861.568     RTT: Failed to load RTT control block at address 0x2000041C
T7288 538:861.632     RTT: Failed to load RTT control block at address 0x2000041C
T7288 538:861.632     RTT: Failed to load RTT control block at address 0x2000041C
T7288 538:861.696     RTT: Failed to load RTT control block at address 0x2000041C
T7288 538:861.696     RTT: Failed to load RTT control block at address 0x2000041C
T7288 538:861.760   - 0.305ms returns 0
T6BF4 538:869.312   CPU_ReadMem(24 bytes @ 0x2000041C)
T6BF4 538:880.896   CPU_ReadMem(24 bytes @ 0x2000041C)
T6BF4 538:892.864   CPU_ReadMem(24 bytes @ 0x2000041C)
T6BF4 538:903.936   CPU_ReadMem(24 bytes @ 0x2000041C)
T7288 538:912.896   JLINK_RTTERMINAL_Read(BufferIndex = 0, BufferSize = 0x00010000)
T7288 538:912.960     RTT: Failed to load RTT control block at address 0x2000041C
T7288 538:912.960     RTT: Failed to load RTT control block at address 0x2000041C
T7288 538:913.024     RTT: Failed to load RTT control block at address 0x2000041C
T7288 538:913.088     RTT: Failed to load RTT control block at address 0x2000041C
T7288 538:913.088   - 0.193ms returns 0
T6BF4 538:914.752   CPU_ReadMem(24 bytes @ 0x2000041C)
T6BF4 538:925.824   CPU_ReadMem(24 bytes @ 0x2000041C)
T6BF4 538:936.832   CPU_ReadMem(24 bytes @ 0x2000041C)
T6BF4 538:948.800   CPU_ReadMem(24 bytes @ 0x2000041C)
T6BF4 538:960.512   CPU_ReadMem(24 bytes @ 0x2000041C)
T7288 538:963.648   JLINK_RTTERMINAL_Read(BufferIndex = 0, BufferSize = 0x00010000)
T7288 538:963.712     RTT: Failed to load RTT control block at address 0x2000041C
T7288 538:963.776     RTT: Failed to load RTT control block at address 0x2000041C
T7288 538:963.840     RTT: Failed to load RTT control block at address 0x2000041C
T7288 538:963.840     RTT: Failed to load RTT control block at address 0x2000041C
T7288 538:963.904     RTT: Failed to load RTT control block at address 0x2000041C
T7288 538:963.968   - 0.287ms returns 0
T6BF4 538:971.648   CPU_ReadMem(24 bytes @ 0x2000041C)
T6BF4 538:983.104   CPU_ReadMem(24 bytes @ 0x2000041C)
T6BF4 538:994.112   CPU_ReadMem(24 bytes @ 0x2000041C)
T6BF4 539:005.696   CPU_ReadMem(24 bytes @ 0x2000041C)
T7288 539:014.720   JLINK_RTTERMINAL_Read(BufferIndex = 0, BufferSize = 0x00010000)
T7288 539:014.784     RTT: Failed to load RTT control block at address 0x2000041C
T7288 539:014.784     RTT: Failed to load RTT control block at address 0x2000041C
T7288 539:014.784     RTT: Failed to load RTT control block at address 0x2000041C
T7288 539:014.848     RTT: Failed to load RTT control block at address 0x2000041C
T7288 539:014.848   - 0.153ms returns 0
T6BF4 539:017.664   CPU_ReadMem(24 bytes @ 0x2000041C)
T6BF4 539:029.632   CPU_ReadMem(24 bytes @ 0x2000041C)
T6BF4 539:040.640   CPU_ReadMem(24 bytes @ 0x2000041C)
T6BF4 539:052.672   CPU_ReadMem(24 bytes @ 0x2000041C)
T6BF4 539:063.680   CPU_ReadMem(24 bytes @ 0x2000041C)
T7288 539:065.920   JLINK_RTTERMINAL_Read(BufferIndex = 0, BufferSize = 0x00010000)
T7288 539:065.984     RTT: Failed to load RTT control block at address 0x2000041C
T7288 539:065.984     RTT: Failed to load RTT control block at address 0x2000041C
T7288 539:065.984     RTT: Failed to load RTT control block at address 0x2000041C
T7288 539:065.984     RTT: Failed to load RTT control block at address 0x2000041C
T7288 539:066.048     RTT: Failed to load RTT control block at address 0x2000041C
T7288 539:066.112   - 0.208ms returns 0
T6BF4 539:074.688   CPU_ReadMem(24 bytes @ 0x2000041C)
T6BF4 539:086.208   CPU_ReadMem(24 bytes @ 0x2000041C)
T6BF4 539:097.216   CPU_ReadMem(24 bytes @ 0x2000041C)
T6BF4 539:108.736   CPU_ReadMem(24 bytes @ 0x2000041C)
T7288 539:117.568   JLINK_RTTERMINAL_Read(BufferIndex = 0, BufferSize = 0x00010000)
T7288 539:117.632     RTT: Failed to load RTT control block at address 0x2000041C
T7288 539:117.696     RTT: Failed to load RTT control block at address 0x2000041C
T7288 539:117.696     RTT: Failed to load RTT control block at address 0x2000041C
T7288 539:117.696     RTT: Failed to load RTT control block at address 0x2000041C
T7288 539:117.760   - 0.197ms returns 0
T6BF4 539:120.448   CPU_ReadMem(24 bytes @ 0x2000041C)
T6BF4 539:132.288   CPU_ReadMem(24 bytes @ 0x2000041C)
T6BF4 539:143.296   CPU_ReadMem(24 bytes @ 0x2000041C)
T6BF4 539:154.432   CPU_ReadMem(24 bytes @ 0x2000041C)
T6BF4 539:166.464   CPU_ReadMem(24 bytes @ 0x2000041C)
T7288 539:168.640   JLINK_RTTERMINAL_Read(BufferIndex = 0, BufferSize = 0x00010000)
T7288 539:168.704     RTT: Failed to load RTT control block at address 0x2000041C
T7288 539:168.768     RTT: Failed to load RTT control block at address 0x2000041C
T7288 539:168.832     RTT: Failed to load RTT control block at address 0x2000041C
T7288 539:168.896     RTT: Failed to load RTT control block at address 0x2000041C
T7288 539:168.896     RTT: Failed to load RTT control block at address 0x2000041C
T7288 539:168.896   - 0.295ms returns 0
T6BF4 539:177.856   CPU_ReadMem(24 bytes @ 0x2000041C)
T6BF4 539:188.480   CPU_ReadMem(24 bytes @ 0x2000041C)
T6BF4 539:199.616   CPU_ReadMem(24 bytes @ 0x2000041C)
T6BF4 539:210.624   CPU_ReadMem(24 bytes @ 0x2000041C)
T7288 539:219.776   JLINK_RTTERMINAL_Read(BufferIndex = 0, BufferSize = 0x00010000)
T7288 539:219.840     RTT: Failed to load RTT control block at address 0x2000041C
T7288 539:219.904     RTT: Failed to load RTT control block at address 0x2000041C
T7288 539:219.968     RTT: Failed to load RTT control block at address 0x2000041C
T7288 539:220.032     RTT: Failed to load RTT control block at address 0x2000041C
T7288 539:220.032   - 0.272ms returns 0
T6BF4 539:222.656   CPU_ReadMem(24 bytes @ 0x2000041C)
T6BF4 539:233.728   CPU_ReadMem(24 bytes @ 0x2000041C)
T6BF4 539:244.736   CPU_ReadMem(24 bytes @ 0x2000041C)
T6BF4 539:255.936   CPU_ReadMem(24 bytes @ 0x2000041C)
T6BF4 539:266.944   CPU_ReadMem(24 bytes @ 0x2000041C)
T7288 539:271.040   JLINK_RTTERMINAL_Read(BufferIndex = 0, BufferSize = 0x00010000)
T7288 539:271.040     RTT: Failed to load RTT control block at address 0x2000041C
T7288 539:271.104     RTT: Failed to load RTT control block at address 0x2000041C
T7288 539:271.168     RTT: Failed to load RTT control block at address 0x2000041C
T7288 539:271.232     RTT: Failed to load RTT control block at address 0x2000041C
T7288 539:271.296     RTT: Failed to load RTT control block at address 0x2000041C
T7288 539:271.296   - 0.261ms returns 0
T6BF4 539:278.464   CPU_ReadMem(24 bytes @ 0x2000041C)
T6BF4 539:289.536   CPU_ReadMem(24 bytes @ 0x2000041C)
T6BF4 539:300.480   CPU_ReadMem(24 bytes @ 0x2000041C)
T6BF4 539:311.680   CPU_ReadMem(24 bytes @ 0x2000041C)
T7288 539:322.368   JLINK_RTTERMINAL_Read(BufferIndex = 0, BufferSize = 0x00010000)
T7288 539:322.496     RTT: Failed to load RTT control block at address 0x2000041C
T7288 539:322.560     RTT: Failed to load RTT control block at address 0x2000041C
T7288 539:322.560     RTT: Failed to load RTT control block at address 0x2000041C
T7288 539:322.624     RTT: Failed to load RTT control block at address 0x2000041C
T7288 539:322.688   - 0.272ms returns 0
T6BF4 539:323.264   CPU_ReadMem(24 bytes @ 0x2000041C)
T6BF4 539:334.336   CPU_ReadMem(24 bytes @ 0x2000041C)
T6BF4 539:346.304   CPU_ReadMem(24 bytes @ 0x2000041C)
T6BF4 539:357.312   CPU_ReadMem(24 bytes @ 0x2000041C)
T6BF4 539:368.384   CPU_ReadMem(24 bytes @ 0x2000041C)
T7288 539:373.568   JLINK_RTTERMINAL_Read(BufferIndex = 0, BufferSize = 0x00010000)
T7288 539:373.632     RTT: Failed to load RTT control block at address 0x2000041C
T7288 539:373.696     RTT: Failed to load RTT control block at address 0x2000041C
T7288 539:373.696     RTT: Failed to load RTT control block at address 0x2000041C
T7288 539:373.696     RTT: Failed to load RTT control block at address 0x2000041C
T7288 539:373.760     RTT: Failed to load RTT control block at address 0x2000041C
T7288 539:373.824   - 0.261ms returns 0
T6BF4 539:379.968   CPU_ReadMem(24 bytes @ 0x2000041C)
T6BF4 539:390.400   CPU_ReadMem(24 bytes @ 0x2000041C)
T6BF4 539:401.472   CPU_ReadMem(24 bytes @ 0x2000041C)
T6BF4 539:412.608   CPU_ReadMem(24 bytes @ 0x2000041C)
T6BF4 539:424.128   CPU_ReadMem(24 bytes @ 0x2000041C)
T7288 539:425.152   JLINK_RTTERMINAL_Read(BufferIndex = 0, BufferSize = 0x00010000)
T7288 539:425.152     RTT: Failed to load RTT control block at address 0x2000041C
T7288 539:425.216     RTT: Failed to load RTT control block at address 0x2000041C
T7288 539:425.216     RTT: Failed to load RTT control block at address 0x2000041C
T7288 539:425.280     RTT: Failed to load RTT control block at address 0x2000041C
T7288 539:425.280     RTT: Failed to load RTT control block at address 0x2000041C
T7288 539:425.344   - 0.196ms returns 0
T6BF4 539:435.008   CPU_ReadMem(24 bytes @ 0x2000041C)
T6BF4 539:447.040   CPU_ReadMem(24 bytes @ 0x2000041C)
T6BF4 539:459.072   CPU_ReadMem(24 bytes @ 0x2000041C)
T6BF4 539:470.144   CPU_ReadMem(24 bytes @ 0x2000041C)
T7288 539:476.288   JLINK_RTTERMINAL_Read(BufferIndex = 0, BufferSize = 0x00010000)
T7288 539:476.416     RTT: Failed to load RTT control block at address 0x2000041C
T7288 539:476.416     RTT: Failed to load RTT control block at address 0x2000041C
T7288 539:476.480     RTT: Failed to load RTT control block at address 0x2000041C
T7288 539:476.544     RTT: Failed to load RTT control block at address 0x2000041C
T7288 539:476.608   - 0.294ms returns 0
T6BF4 539:481.728   CPU_ReadMem(24 bytes @ 0x2000041C)
T6BF4 539:493.312   CPU_ReadMem(24 bytes @ 0x2000041C)
T6BF4 539:503.744   CPU_ReadMem(24 bytes @ 0x2000041C)
T6BF4 539:515.520   CPU_ReadMem(24 bytes @ 0x2000041C)
T6BF4 539:527.168   CPU_ReadMem(24 bytes @ 0x2000041C)
T7288 539:528.256   JLINK_RTTERMINAL_Read(BufferIndex = 0, BufferSize = 0x00010000)
T7288 539:528.320     RTT: Failed to load RTT control block at address 0x2000041C
T7288 539:528.320     RTT: Failed to load RTT control block at address 0x2000041C
T7288 539:528.384     RTT: Failed to load RTT control block at address 0x2000041C
T7288 539:528.384     RTT: Failed to load RTT control block at address 0x2000041C
T7288 539:528.448     RTT: Failed to load RTT control block at address 0x2000041C
T7288 539:528.448   - 0.222ms returns 0
T6BF4 539:538.240   CPU_ReadMem(24 bytes @ 0x2000041C)
T6BF4 539:550.144   CPU_ReadMem(24 bytes @ 0x2000041C)
T6BF4 539:561.216   CPU_ReadMem(24 bytes @ 0x2000041C)
T6BF4 539:572.224   CPU_ReadMem(24 bytes @ 0x2000041C)
T7288 539:579.904   JLINK_RTTERMINAL_Read(BufferIndex = 0, BufferSize = 0x00010000)
T7288 539:579.968     RTT: Failed to load RTT control block at address 0x2000041C
T7288 539:580.032     RTT: Failed to load RTT control block at address 0x2000041C
T7288 539:580.032     RTT: Failed to load RTT control block at address 0x2000041C
T7288 539:580.032     RTT: Failed to load RTT control block at address 0x2000041C
T7288 539:580.096   - 0.217ms returns 0
T6BF4 539:583.744   CPU_ReadMem(24 bytes @ 0x2000041C)
T6BF4 539:594.688   CPU_ReadMem(24 bytes @ 0x2000041C)
T6BF4 539:606.656   CPU_ReadMem(24 bytes @ 0x2000041C)
T6BF4 539:618.496   CPU_ReadMem(24 bytes @ 0x2000041C)
T6BF4 539:629.504   CPU_ReadMem(24 bytes @ 0x2000041C)
T7288 539:631.232   JLINK_RTTERMINAL_Read(BufferIndex = 0, BufferSize = 0x00010000)
T7288 539:631.232     RTT: Failed to load RTT control block at address 0x2000041C
T7288 539:631.296     RTT: Failed to load RTT control block at address 0x2000041C
T7288 539:631.360     RTT: Failed to load RTT control block at address 0x2000041C
T7288 539:631.424     RTT: Failed to load RTT control block at address 0x2000041C
T7288 539:631.488     RTT: Failed to load RTT control block at address 0x2000041C
T7288 539:631.488   - 0.304ms returns 0
T6BF4 539:640.512   CPU_ReadMem(24 bytes @ 0x2000041C)
T6BF4 539:651.584   CPU_ReadMem(24 bytes @ 0x2000041C)
T6BF4 539:662.528   CPU_ReadMem(24 bytes @ 0x2000041C)
T6BF4 539:673.600   CPU_ReadMem(24 bytes @ 0x2000041C)
T7288 539:682.176   JLINK_RTTERMINAL_Read(BufferIndex = 0, BufferSize = 0x00010000)
T7288 539:682.304     RTT: Failed to load RTT control block at address 0x2000041C
T7288 539:682.304     RTT: Failed to load RTT control block at address 0x2000041C
T7288 539:682.368     RTT: Failed to load RTT control block at address 0x2000041C
T7288 539:682.432     RTT: Failed to load RTT control block at address 0x2000041C
T7288 539:682.432   - 0.248ms returns 0
T6BF4 539:685.056   CPU_ReadMem(24 bytes @ 0x2000041C)
T6BF4 539:697.152   CPU_ReadMem(24 bytes @ 0x2000041C)
T6BF4 539:708.160   CPU_ReadMem(24 bytes @ 0x2000041C)
T6BF4 539:719.808   CPU_ReadMem(24 bytes @ 0x2000041C)
T6BF4 539:731.776   CPU_ReadMem(24 bytes @ 0x2000041C)
T7288 539:732.928   JLINK_RTTERMINAL_Read(BufferIndex = 0, BufferSize = 0x00010000)
T7288 539:733.056     RTT: Failed to load RTT control block at address 0x2000041C
T7288 539:733.056     RTT: Failed to load RTT control block at address 0x2000041C
T7288 539:733.120     RTT: Failed to load RTT control block at address 0x2000041C
T7288 539:733.120     RTT: Failed to load RTT control block at address 0x2000041C
T7288 539:733.120     RTT: Failed to load RTT control block at address 0x2000041C
T7288 539:733.120   - 0.206ms returns 0
T6BF4 539:742.912   CPU_ReadMem(24 bytes @ 0x2000041C)
T6BF4 539:753.920   CPU_ReadMem(24 bytes @ 0x2000041C)
T6BF4 539:765.184   CPU_ReadMem(24 bytes @ 0x2000041C)
T6BF4 539:777.344   CPU_ReadMem(24 bytes @ 0x2000041C)
T7288 539:783.680   JLINK_RTTERMINAL_Read(BufferIndex = 0, BufferSize = 0x00010000)
T7288 539:783.808     RTT: Failed to load RTT control block at address 0x2000041C
T7288 539:783.808     RTT: Failed to load RTT control block at address 0x2000041C
T7288 539:783.808     RTT: Failed to load RTT control block at address 0x2000041C
T7288 539:783.872     RTT: Failed to load RTT control block at address 0x2000041C
T7288 539:783.936   - 0.246ms returns 0
T6BF4 539:787.712   CPU_ReadMem(24 bytes @ 0x2000041C)
T6BF4 539:798.656   CPU_ReadMem(24 bytes @ 0x2000041C)
T6BF4 539:809.984   CPU_ReadMem(24 bytes @ 0x2000041C)
T6BF4 539:821.504   CPU_ReadMem(24 bytes @ 0x2000041C)
T6BF4 539:832.512   CPU_ReadMem(24 bytes @ 0x2000041C)
T7288 539:834.624   JLINK_RTTERMINAL_Read(BufferIndex = 0, BufferSize = 0x00010000)
T7288 539:834.688     RTT: Failed to load RTT control block at address 0x2000041C
T7288 539:834.752     RTT: Failed to load RTT control block at address 0x2000041C
T7288 539:834.752     RTT: Failed to load RTT control block at address 0x2000041C
T7288 539:834.752     RTT: Failed to load RTT control block at address 0x2000041C
T7288 539:834.816     RTT: Failed to load RTT control block at address 0x2000041C
T7288 539:834.880   - 0.266ms returns 0
T6BF4 539:844.480   CPU_ReadMem(24 bytes @ 0x2000041C)
T6BF4 539:855.488   CPU_ReadMem(24 bytes @ 0x2000041C)
T6BF4 539:866.560   CPU_ReadMem(24 bytes @ 0x2000041C)
T6BF4 539:878.592   CPU_ReadMem(24 bytes @ 0x2000041C)
T7288 539:886.016   JLINK_RTTERMINAL_Read(BufferIndex = 0, BufferSize = 0x00010000)
T7288 539:886.080     RTT: Failed to load RTT control block at address 0x2000041C
T7288 539:886.144     RTT: Failed to load RTT control block at address 0x2000041C
T7288 539:886.208     RTT: Failed to load RTT control block at address 0x2000041C
T7288 539:886.208     RTT: Failed to load RTT control block at address 0x2000041C
T7288 539:886.208   - 0.217ms returns 0
T6BF4 539:888.896   CPU_ReadMem(24 bytes @ 0x2000041C)
T6BF4 539:899.968   CPU_ReadMem(24 bytes @ 0x2000041C)
T6BF4 539:912.128   CPU_ReadMem(24 bytes @ 0x2000041C)
T6BF4 539:923.200   CPU_ReadMem(24 bytes @ 0x2000041C)
T6BF4 539:935.232   CPU_ReadMem(24 bytes @ 0x2000041C)
T7288 539:937.280   JLINK_RTTERMINAL_Read(BufferIndex = 0, BufferSize = 0x00010000)
T7288 539:937.344     RTT: Failed to load RTT control block at address 0x2000041C
T7288 539:937.344     RTT: Failed to load RTT control block at address 0x2000041C
T7288 539:937.408     RTT: Failed to load RTT control block at address 0x2000041C
T7288 539:937.408     RTT: Failed to load RTT control block at address 0x2000041C
T7288 539:937.408     RTT: Failed to load RTT control block at address 0x2000041C
T7288 539:937.472   - 0.205ms returns 0
T6BF4 539:946.368   CPU_ReadMem(24 bytes @ 0x2000041C)
T6BF4 539:958.464   CPU_ReadMem(24 bytes @ 0x2000041C)
T6BF4 539:969.408   CPU_ReadMem(24 bytes @ 0x2000041C)
T6BF4 539:980.992   CPU_ReadMem(24 bytes @ 0x2000041C)
T7288 539:988.032   JLINK_RTTERMINAL_Read(BufferIndex = 0, BufferSize = 0x00010000)
T7288 539:988.096     RTT: Failed to load RTT control block at address 0x2000041C
T7288 539:988.096     RTT: Failed to load RTT control block at address 0x2000041C
T7288 539:988.096     RTT: Failed to load RTT control block at address 0x2000041C
T7288 539:988.096     RTT: Failed to load RTT control block at address 0x2000041C
T7288 539:988.224   - 0.222ms returns 0
T6BF4 539:991.872   CPU_ReadMem(24 bytes @ 0x2000041C)
T6BF4 540:002.944   CPU_ReadMem(24 bytes @ 0x2000041C)
T6BF4 540:014.464   CPU_ReadMem(24 bytes @ 0x2000041C)
T6BF4 540:026.112   CPU_ReadMem(24 bytes @ 0x2000041C)
T6BF4 540:037.056   CPU_ReadMem(24 bytes @ 0x2000041C)
T7288 540:039.296   JLINK_RTTERMINAL_Read(BufferIndex = 0, BufferSize = 0x00010000)
T7288 540:039.296     RTT: Failed to load RTT control block at address 0x2000041C
T7288 540:039.360     RTT: Failed to load RTT control block at address 0x2000041C
T7288 540:039.360     RTT: Failed to load RTT control block at address 0x2000041C
T7288 540:039.424     RTT: Failed to load RTT control block at address 0x2000041C
T7288 540:039.424     RTT: Failed to load RTT control block at address 0x2000041C
T7288 540:039.488   - 0.210ms returns 0
T6BF4 540:048.256   CPU_ReadMem(24 bytes @ 0x2000041C)
T6BF4 540:059.264   CPU_ReadMem(24 bytes @ 0x2000041C)
T6BF4 540:070.336   CPU_ReadMem(24 bytes @ 0x2000041C)
T6BF4 540:081.216   CPU_ReadMem(24 bytes @ 0x2000041C)
T7288 540:090.368   JLINK_RTTERMINAL_Read(BufferIndex = 0, BufferSize = 0x00010000)
T7288 540:090.432     RTT: Failed to load RTT control block at address 0x2000041C
T7288 540:090.496     RTT: Failed to load RTT control block at address 0x2000041C
T7288 540:090.496     RTT: Failed to load RTT control block at address 0x2000041C
T7288 540:090.496     RTT: Failed to load RTT control block at address 0x2000041C
T7288 540:090.560   - 0.199ms returns 0
T6BF4 540:092.224   CPU_ReadMem(24 bytes @ 0x2000041C)
T6BF4 540:103.360   CPU_ReadMem(24 bytes @ 0x2000041C)
T6BF4 540:114.560   CPU_ReadMem(24 bytes @ 0x2000041C)
T6BF4 540:125.696   CPU_ReadMem(24 bytes @ 0x2000041C)
T6BF4 540:135.744   CPU_ReadMem(24 bytes @ 0x2000041C)
T7288 540:141.888   JLINK_RTTERMINAL_Read(BufferIndex = 0, BufferSize = 0x00010000)
T7288 540:141.952     RTT: Failed to load RTT control block at address 0x2000041C
T7288 540:141.952     RTT: Failed to load RTT control block at address 0x2000041C
T7288 540:142.016     RTT: Failed to load RTT control block at address 0x2000041C
T7288 540:142.016     RTT: Failed to load RTT control block at address 0x2000041C
T7288 540:142.080     RTT: Failed to load RTT control block at address 0x2000041C
T7288 540:142.144   - 0.247ms returns 0
T6BF4 540:146.816   CPU_ReadMem(24 bytes @ 0x2000041C)
T6BF4 540:158.720   CPU_ReadMem(24 bytes @ 0x2000041C)
T6BF4 540:169.856   CPU_ReadMem(24 bytes @ 0x2000041C)
T6BF4 540:181.440   CPU_ReadMem(24 bytes @ 0x2000041C)
T7288 540:192.576   JLINK_RTTERMINAL_Read(BufferIndex = 0, BufferSize = 0x00010000)
T7288 540:192.640     RTT: Failed to load RTT control block at address 0x2000041C
T7288 540:192.704     RTT: Failed to load RTT control block at address 0x2000041C
T7288 540:192.768     RTT: Failed to load RTT control block at address 0x2000041C
T7288 540:192.896     RTT: Failed to load RTT control block at address 0x2000041C
T7288 540:192.960   - 0.421ms returns 0
T6BF4 540:193.344   CPU_ReadMem(24 bytes @ 0x2000041C)
T6BF4 540:204.480   CPU_ReadMem(24 bytes @ 0x2000041C)
T6BF4 540:215.872   CPU_ReadMem(24 bytes @ 0x2000041C)
T6BF4 540:227.392   CPU_ReadMem(24 bytes @ 0x2000041C)
T6BF4 540:239.104   CPU_ReadMem(24 bytes @ 0x2000041C)
T7288 540:244.160   JLINK_RTTERMINAL_Read(BufferIndex = 0, BufferSize = 0x00010000)
T7288 540:244.288     RTT: Failed to load RTT control block at address 0x2000041C
T7288 540:244.288     RTT: Failed to load RTT control block at address 0x2000041C
T7288 540:244.352     RTT: Failed to load RTT control block at address 0x2000041C
T7288 540:244.352     RTT: Failed to load RTT control block at address 0x2000041C
T7288 540:244.352     RTT: Failed to load RTT control block at address 0x2000041C
T7288 540:244.416   - 0.225ms returns 0
T6BF4 540:250.048   CPU_ReadMem(24 bytes @ 0x2000041C)
T6BF4 540:261.440   CPU_ReadMem(24 bytes @ 0x2000041C)
T6BF4 540:272.512   CPU_ReadMem(24 bytes @ 0x2000041C)
T6BF4 540:283.648   CPU_ReadMem(24 bytes @ 0x2000041C)
T6BF4 540:295.168   CPU_ReadMem(24 bytes @ 0x2000041C)
T7288 540:296.256   JLINK_RTTERMINAL_Read(BufferIndex = 0, BufferSize = 0x00010000)
T7288 540:296.320     RTT: Failed to load RTT control block at address 0x2000041C
T7288 540:296.320     RTT: Failed to load RTT control block at address 0x2000041C
T7288 540:296.320     RTT: Failed to load RTT control block at address 0x2000041C
T7288 540:296.384     RTT: Failed to load RTT control block at address 0x2000041C
T7288 540:296.384     RTT: Failed to load RTT control block at address 0x2000041C
T7288 540:296.448   - 0.217ms returns 0
T6BF4 540:307.264   CPU_ReadMem(24 bytes @ 0x2000041C)
T6BF4 540:318.336   CPU_ReadMem(24 bytes @ 0x2000041C)
T6BF4 540:328.640   CPU_ReadMem(24 bytes @ 0x2000041C)
T6BF4 540:339.840   CPU_ReadMem(24 bytes @ 0x2000041C)
T7288 540:347.776   JLINK_RTTERMINAL_Read(BufferIndex = 0, BufferSize = 0x00010000)
T7288 540:347.840     RTT: Failed to load RTT control block at address 0x2000041C
T7288 540:347.904     RTT: Failed to load RTT control block at address 0x2000041C
T7288 540:347.968     RTT: Failed to load RTT control block at address 0x2000041C
T7288 540:348.032     RTT: Failed to load RTT control block at address 0x2000041C
T7288 540:348.032   - 0.237ms returns 0
T6BF4 540:350.720   CPU_ReadMem(24 bytes @ 0x2000041C)
T6BF4 540:361.856   CPU_ReadMem(24 bytes @ 0x2000041C)
T6BF4 540:372.800   CPU_ReadMem(24 bytes @ 0x2000041C)
T6BF4 540:383.872   CPU_ReadMem(24 bytes @ 0x2000041C)
T6BF4 540:395.008   CPU_ReadMem(24 bytes @ 0x2000041C)
T7288 540:399.104   JLINK_RTTERMINAL_Read(BufferIndex = 0, BufferSize = 0x00010000)
T7288 540:399.232     RTT: Failed to load RTT control block at address 0x2000041C
T7288 540:399.232     RTT: Failed to load RTT control block at address 0x2000041C
T7288 540:399.232     RTT: Failed to load RTT control block at address 0x2000041C
T7288 540:399.296     RTT: Failed to load RTT control block at address 0x2000041C
T7288 540:399.296     RTT: Failed to load RTT control block at address 0x2000041C
T7288 540:399.360   - 0.249ms returns 0
T6BF4 540:406.976   CPU_ReadMem(24 bytes @ 0x2000041C)
T6BF4 540:418.048   CPU_ReadMem(24 bytes @ 0x2000041C)
T6BF4 540:429.760   CPU_ReadMem(24 bytes @ 0x2000041C)
T6BF4 540:441.728   CPU_ReadMem(24 bytes @ 0x2000041C)
T7288 540:449.856   JLINK_RTTERMINAL_Read(BufferIndex = 0, BufferSize = 0x00010000)
T7288 540:449.920     RTT: Failed to load RTT control block at address 0x2000041C
T7288 540:449.920     RTT: Failed to load RTT control block at address 0x2000041C
T7288 540:449.984     RTT: Failed to load RTT control block at address 0x2000041C
T7288 540:449.984     RTT: Failed to load RTT control block at address 0x2000041C
T7288 540:450.048   - 0.178ms returns 0
T6BF4 540:452.864   CPU_ReadMem(24 bytes @ 0x2000041C)
T6BF4 540:464.000   CPU_ReadMem(24 bytes @ 0x2000041C)
T6BF4 540:476.032   CPU_ReadMem(24 bytes @ 0x2000041C)
T6BF4 540:487.040   CPU_ReadMem(24 bytes @ 0x2000041C)
T6BF4 540:498.048   CPU_ReadMem(24 bytes @ 0x2000041C)
T7288 540:501.184   JLINK_RTTERMINAL_Read(BufferIndex = 0, BufferSize = 0x00010000)
T7288 540:501.312     RTT: Failed to load RTT control block at address 0x2000041C
T7288 540:501.312     RTT: Failed to load RTT control block at address 0x2000041C
T7288 540:501.376     RTT: Failed to load RTT control block at address 0x2000041C
T7288 540:501.376     RTT: Failed to load RTT control block at address 0x2000041C
T7288 540:501.376     RTT: Failed to load RTT control block at address 0x2000041C
T7288 540:501.440   - 0.229ms returns 0
T6BF4 540:510.528   CPU_ReadMem(24 bytes @ 0x2000041C)
T6BF4 540:522.240   CPU_ReadMem(24 bytes @ 0x2000041C)
T6BF4 540:533.248   CPU_ReadMem(24 bytes @ 0x2000041C)
T6BF4 540:544.384   CPU_ReadMem(24 bytes @ 0x2000041C)
T7288 540:552.512   JLINK_RTTERMINAL_Read(BufferIndex = 0, BufferSize = 0x00010000)
T7288 540:552.576     RTT: Failed to load RTT control block at address 0x2000041C
T7288 540:552.576     RTT: Failed to load RTT control block at address 0x2000041C
T7288 540:552.640     RTT: Failed to load RTT control block at address 0x2000041C
T7288 540:552.704     RTT: Failed to load RTT control block at address 0x2000041C
T7288 540:552.704   - 0.205ms returns 0
T6BF4 540:556.352   CPU_ReadMem(24 bytes @ 0x2000041C)
T6BF4 540:567.424   CPU_ReadMem(24 bytes @ 0x2000041C)
T6BF4 540:579.904   CPU_ReadMem(24 bytes @ 0x2000041C)
T6BF4 540:591.872   CPU_ReadMem(24 bytes @ 0x2000041C)
T6BF4 540:602.944   CPU_ReadMem(24 bytes @ 0x2000041C)
T7288 540:604.032   JLINK_RTTERMINAL_Read(BufferIndex = 0, BufferSize = 0x00010000)
T7288 540:604.032     RTT: Failed to load RTT control block at address 0x2000041C
T7288 540:604.032     RTT: Failed to load RTT control block at address 0x2000041C
T7288 540:604.096     RTT: Failed to load RTT control block at address 0x2000041C
T7288 540:604.096     RTT: Failed to load RTT control block at address 0x2000041C
T7288 540:604.160     RTT: Failed to load RTT control block at address 0x2000041C
T7288 540:604.160   - 0.204ms returns 0
T6BF4 540:614.592   CPU_ReadMem(24 bytes @ 0x2000041C)
T6BF4 540:625.600   CPU_ReadMem(24 bytes @ 0x2000041C)
T6BF4 540:637.056   CPU_ReadMem(24 bytes @ 0x2000041C)
T6BF4 540:648.512   CPU_ReadMem(24 bytes @ 0x2000041C)
T7288 540:654.592   JLINK_RTTERMINAL_Read(BufferIndex = 0, BufferSize = 0x00010000)
T7288 540:654.656     RTT: Failed to load RTT control block at address 0x2000041C
T7288 540:654.720     RTT: Failed to load RTT control block at address 0x2000041C
T7288 540:654.720     RTT: Failed to load RTT control block at address 0x2000041C
T7288 540:654.784     RTT: Failed to load RTT control block at address 0x2000041C
T7288 540:654.848   - 0.255ms returns 0
T6BF4 540:659.840   CPU_ReadMem(24 bytes @ 0x2000041C)
T6BF4 540:670.912   CPU_ReadMem(24 bytes @ 0x2000041C)
T6BF4 540:682.560   CPU_ReadMem(24 bytes @ 0x2000041C)
T6BF4 540:693.888   CPU_ReadMem(24 bytes @ 0x2000041C)
T6BF4 540:704.960   CPU_ReadMem(24 bytes @ 0x2000041C)
T7288 540:706.240   JLINK_RTTERMINAL_Read(BufferIndex = 0, BufferSize = 0x00010000)
T7288 540:706.304     RTT: Failed to load RTT control block at address 0x2000041C
T7288 540:706.304     RTT: Failed to load RTT control block at address 0x2000041C
T7288 540:706.368     RTT: Failed to load RTT control block at address 0x2000041C
T7288 540:706.368     RTT: Failed to load RTT control block at address 0x2000041C
T7288 540:706.432     RTT: Failed to load RTT control block at address 0x2000041C
T7288 540:706.432   - 0.206ms returns 0
T6BF4 540:716.544   CPU_ReadMem(24 bytes @ 0x2000041C)
T6BF4 540:728.000   CPU_ReadMem(24 bytes @ 0x2000041C)
T6BF4 540:740.032   CPU_ReadMem(24 bytes @ 0x2000041C)
T6BF4 540:752.000   CPU_ReadMem(24 bytes @ 0x2000041C)
T7288 540:757.120   JLINK_RTTERMINAL_Read(BufferIndex = 0, BufferSize = 0x00010000)
T7288 540:757.184     RTT: Failed to load RTT control block at address 0x2000041C
T7288 540:757.184     RTT: Failed to load RTT control block at address 0x2000041C
T7288 540:757.248     RTT: Failed to load RTT control block at address 0x2000041C
T7288 540:757.248     RTT: Failed to load RTT control block at address 0x2000041C
T7288 540:757.312   - 0.186ms returns 0
T6BF4 540:764.032   CPU_ReadMem(24 bytes @ 0x2000041C)
T6BF4 540:775.040   CPU_ReadMem(24 bytes @ 0x2000041C)
T6BF4 540:786.496   CPU_ReadMem(24 bytes @ 0x2000041C)
T6BF4 540:798.528   CPU_ReadMem(24 bytes @ 0x2000041C)
T7288 540:807.808   JLINK_RTTERMINAL_Read(BufferIndex = 0, BufferSize = 0x00010000)
T7288 540:807.808     RTT: Failed to load RTT control block at address 0x2000041C
T7288 540:807.872     RTT: Failed to load RTT control block at address 0x2000041C
T7288 540:807.872     RTT: Failed to load RTT control block at address 0x2000041C
T7288 540:807.936     RTT: Failed to load RTT control block at address 0x2000041C
T7288 540:807.936   - 0.188ms returns 0
T6BF4 540:809.664   CPU_ReadMem(24 bytes @ 0x2000041C)
T6BF4 540:820.736   CPU_ReadMem(24 bytes @ 0x2000041C)
T6BF4 540:831.936   CPU_ReadMem(24 bytes @ 0x2000041C)
T6BF4 540:843.968   CPU_ReadMem(24 bytes @ 0x2000041C)
T6BF4 540:854.976   CPU_ReadMem(24 bytes @ 0x2000041C)
T7288 540:859.008   JLINK_RTTERMINAL_Read(BufferIndex = 0, BufferSize = 0x00010000)
T7288 540:859.136     RTT: Failed to load RTT control block at address 0x2000041C
T7288 540:859.200     RTT: Failed to load RTT control block at address 0x2000041C
T7288 540:859.200     RTT: Failed to load RTT control block at address 0x2000041C
T7288 540:859.264     RTT: Failed to load RTT control block at address 0x2000041C
T7288 540:859.264     RTT: Failed to load RTT control block at address 0x2000041C
T7288 540:859.328   - 0.288ms returns 0
T6BF4 540:865.984   CPU_ReadMem(24 bytes @ 0x2000041C)
T6BF4 540:876.928   CPU_ReadMem(24 bytes @ 0x2000041C)
T6BF4 540:888.192   CPU_ReadMem(24 bytes @ 0x2000041C)
T6BF4 540:900.032   CPU_ReadMem(24 bytes @ 0x2000041C)
T7288 540:911.552   JLINK_RTTERMINAL_Read(BufferIndex = 0, BufferSize = 0x00010000)
T7288 540:911.616     RTT: Failed to load RTT control block at address 0x2000041C
T7288 540:911.680     RTT: Failed to load RTT control block at address 0x2000041C
T7288 540:911.744     RTT: Failed to load RTT control block at address 0x2000041C
T7288 540:911.744     RTT: Failed to load RTT control block at address 0x2000041C
T7288 540:911.808   - 0.237ms returns 0
T6BF4 540:912.000   CPU_ReadMem(24 bytes @ 0x2000041C)
T6BF4 540:922.240   CPU_ReadMem(24 bytes @ 0x2000041C)
T6BF4 540:932.800   CPU_ReadMem(24 bytes @ 0x2000041C)
T6BF4 540:943.808   CPU_ReadMem(24 bytes @ 0x2000041C)
T6BF4 540:954.752   CPU_ReadMem(24 bytes @ 0x2000041C)
T7288 540:962.944   JLINK_RTTERMINAL_Read(BufferIndex = 0, BufferSize = 0x00010000)
T7288 540:962.944     RTT: Failed to load RTT control block at address 0x2000041C
T7288 540:963.008     RTT: Failed to load RTT control block at address 0x2000041C
T7288 540:963.008     RTT: Failed to load RTT control block at address 0x2000041C
T7288 540:963.072     RTT: Failed to load RTT control block at address 0x2000041C
T7288 540:963.072     RTT: Failed to load RTT control block at address 0x2000041C
T7288 540:963.136   - 0.228ms returns 0
T6BF4 540:965.888   CPU_ReadMem(24 bytes @ 0x2000041C)
T6BF4 540:977.792   CPU_ReadMem(24 bytes @ 0x2000041C)
T6BF4 540:988.992   CPU_ReadMem(24 bytes @ 0x2000041C)
T6BF4 540:999.936   CPU_ReadMem(24 bytes @ 0x2000041C)
T6BF4 541:011.072   CPU_ReadMem(24 bytes @ 0x2000041C)
T7288 541:013.568   JLINK_RTTERMINAL_Read(BufferIndex = 0, BufferSize = 0x00010000)
T7288 541:013.632     RTT: Failed to load RTT control block at address 0x2000041C
T7288 541:013.696     RTT: Failed to load RTT control block at address 0x2000041C
T7288 541:013.696     RTT: Failed to load RTT control block at address 0x2000041C
T7288 541:013.760     RTT: Failed to load RTT control block at address 0x2000041C
T7288 541:013.824     RTT: Failed to load RTT control block at address 0x2000041C
T7288 541:013.888   - 0.265ms returns 0
T6BF4 541:021.120   CPU_ReadMem(24 bytes @ 0x2000041C)
T6BF4 541:033.088   CPU_ReadMem(24 bytes @ 0x2000041C)
T6BF4 541:045.120   CPU_ReadMem(24 bytes @ 0x2000041C)
T6BF4 541:056.128   CPU_ReadMem(24 bytes @ 0x2000041C)
T7288 541:065.280   JLINK_RTTERMINAL_Read(BufferIndex = 0, BufferSize = 0x00010000)
T7288 541:065.344     RTT: Failed to load RTT control block at address 0x2000041C
T7288 541:065.408     RTT: Failed to load RTT control block at address 0x2000041C
T7288 541:065.408     RTT: Failed to load RTT control block at address 0x2000041C
T7288 541:065.472     RTT: Failed to load RTT control block at address 0x2000041C
T7288 541:065.536   - 0.241ms returns 0
T6BF4 541:067.200   CPU_ReadMem(24 bytes @ 0x2000041C)
T6BF4 541:078.208   CPU_ReadMem(24 bytes @ 0x2000041C)
T6BF4 541:089.664   CPU_ReadMem(24 bytes @ 0x2000041C)
T6BF4 541:100.416   CPU_ReadMem(24 bytes @ 0x2000041C)
T6BF4 541:112.704   CPU_ReadMem(24 bytes @ 0x2000041C)
T7288 541:115.840   JLINK_RTTERMINAL_Read(BufferIndex = 0, BufferSize = 0x00010000)
T7288 541:115.968     RTT: Failed to load RTT control block at address 0x2000041C
T7288 541:116.032     RTT: Failed to load RTT control block at address 0x2000041C
T7288 541:116.032     RTT: Failed to load RTT control block at address 0x2000041C
T7288 541:116.096     RTT: Failed to load RTT control block at address 0x2000041C
T7288 541:116.160     RTT: Failed to load RTT control block at address 0x2000041C
T7288 541:116.224   - 0.346ms returns 0
T6BF4 541:124.800   CPU_ReadMem(24 bytes @ 0x2000041C)
T6BF4 541:136.512   CPU_ReadMem(24 bytes @ 0x2000041C)
T6BF4 541:148.480   CPU_ReadMem(24 bytes @ 0x2000041C)
T6BF4 541:159.424   CPU_ReadMem(24 bytes @ 0x2000041C)
T7288 541:166.464   JLINK_RTTERMINAL_Read(BufferIndex = 0, BufferSize = 0x00010000)
T7288 541:166.592     RTT: Failed to load RTT control block at address 0x2000041C
T7288 541:166.656     RTT: Failed to load RTT control block at address 0x2000041C
T7288 541:166.720     RTT: Failed to load RTT control block at address 0x2000041C
T7288 541:166.720     RTT: Failed to load RTT control block at address 0x2000041C
T7288 541:166.720   - 0.236ms returns 0
T6BF4 541:170.432   CPU_ReadMem(24 bytes @ 0x2000041C)
T6BF4 541:181.632   CPU_ReadMem(24 bytes @ 0x2000041C)
T6BF4 541:193.600   CPU_ReadMem(24 bytes @ 0x2000041C)
T6BF4 541:205.120   CPU_ReadMem(24 bytes @ 0x2000041C)
T6BF4 541:216.000   CPU_ReadMem(24 bytes @ 0x2000041C)
T7288 541:218.176   JLINK_RTTERMINAL_Read(BufferIndex = 0, BufferSize = 0x00010000)
T7288 541:218.240     RTT: Failed to load RTT control block at address 0x2000041C
T7288 541:218.304     RTT: Failed to load RTT control block at address 0x2000041C
T7288 541:218.368     RTT: Failed to load RTT control block at address 0x2000041C
T7288 541:218.432     RTT: Failed to load RTT control block at address 0x2000041C
T7288 541:218.432     RTT: Failed to load RTT control block at address 0x2000041C
T7288 541:218.432   - 0.279ms returns 0
T6BF4 541:227.776   CPU_ReadMem(24 bytes @ 0x2000041C)
T6BF4 541:238.784   CPU_ReadMem(24 bytes @ 0x2000041C)
T6BF4 541:249.792   CPU_ReadMem(24 bytes @ 0x2000041C)
T6BF4 541:260.800   CPU_ReadMem(24 bytes @ 0x2000041C)
T7288 541:268.928   JLINK_RTTERMINAL_Read(BufferIndex = 0, BufferSize = 0x00010000)
T7288 541:268.992     RTT: Failed to load RTT control block at address 0x2000041C
T7288 541:268.992     RTT: Failed to load RTT control block at address 0x2000041C
T7288 541:269.056     RTT: Failed to load RTT control block at address 0x2000041C
T7288 541:269.120     RTT: Failed to load RTT control block at address 0x2000041C
T7288 541:269.120   - 0.183ms returns 0
T6BF4 541:271.808   CPU_ReadMem(24 bytes @ 0x2000041C)
T6BF4 541:283.392   CPU_ReadMem(24 bytes @ 0x2000041C)
T6BF4 541:294.400   CPU_ReadMem(24 bytes @ 0x2000041C)
T6BF4 541:305.408   CPU_ReadMem(24 bytes @ 0x2000041C)
T6BF4 541:316.928   CPU_ReadMem(24 bytes @ 0x2000041C)
T7288 541:320.000   JLINK_RTTERMINAL_Read(BufferIndex = 0, BufferSize = 0x00010000)
T7288 541:320.064     RTT: Failed to load RTT control block at address 0x2000041C
T7288 541:320.064     RTT: Failed to load RTT control block at address 0x2000041C
T7288 541:320.128     RTT: Failed to load RTT control block at address 0x2000041C
T7288 541:320.192     RTT: Failed to load RTT control block at address 0x2000041C
T7288 541:320.256     RTT: Failed to load RTT control block at address 0x2000041C
T7288 541:320.320   - 0.305ms returns 0
T6BF4 541:328.512   CPU_ReadMem(24 bytes @ 0x2000041C)
T6BF4 541:340.544   CPU_ReadMem(24 bytes @ 0x2000041C)
T6BF4 541:352.576   CPU_ReadMem(24 bytes @ 0x2000041C)
T6BF4 541:364.544   CPU_ReadMem(24 bytes @ 0x2000041C)
T7288 541:370.752   JLINK_RTTERMINAL_Read(BufferIndex = 0, BufferSize = 0x00010000)
T7288 541:370.816     RTT: Failed to load RTT control block at address 0x2000041C
T7288 541:370.880     RTT: Failed to load RTT control block at address 0x2000041C
T7288 541:370.944     RTT: Failed to load RTT control block at address 0x2000041C
T7288 541:371.008     RTT: Failed to load RTT control block at address 0x2000041C
T7288 541:371.008   - 0.243ms returns 0
T6BF4 541:375.680   CPU_ReadMem(24 bytes @ 0x2000041C)
T6BF4 541:386.432   CPU_ReadMem(24 bytes @ 0x2000041C)
T6BF4 541:397.888   CPU_ReadMem(24 bytes @ 0x2000041C)
T6BF4 541:409.792   CPU_ReadMem(24 bytes @ 0x2000041C)
T6BF4 541:420.928   CPU_ReadMem(24 bytes @ 0x2000041C)
T7288 541:421.952   JLINK_RTTERMINAL_Read(BufferIndex = 0, BufferSize = 0x00010000)
T7288 541:422.016     RTT: Failed to load RTT control block at address 0x2000041C
T7288 541:422.144     RTT: Failed to load RTT control block at address 0x2000041C
T7288 541:422.208     RTT: Failed to load RTT control block at address 0x2000041C
T7288 541:422.208     RTT: Failed to load RTT control block at address 0x2000041C
T7288 541:422.272     RTT: Failed to load RTT control block at address 0x2000041C
T7288 541:422.336   - 0.385ms returns 0
T6BF4 541:432.576   CPU_ReadMem(24 bytes @ 0x2000041C)
T6BF4 541:444.608   CPU_ReadMem(24 bytes @ 0x2000041C)
T6BF4 541:456.512   CPU_ReadMem(24 bytes @ 0x2000041C)
T6BF4 541:467.584   CPU_ReadMem(24 bytes @ 0x2000041C)
T7288 541:473.664   JLINK_RTTERMINAL_Read(BufferIndex = 0, BufferSize = 0x00010000)
T7288 541:473.664     RTT: Failed to load RTT control block at address 0x2000041C
T7288 541:473.728     RTT: Failed to load RTT control block at address 0x2000041C
T7288 541:473.792     RTT: Failed to load RTT control block at address 0x2000041C
T7288 541:473.856     RTT: Failed to load RTT control block at address 0x2000041C
T7288 541:473.920   - 0.289ms returns 0
T6BF4 541:479.680   CPU_ReadMem(24 bytes @ 0x2000041C)
T6BF4 541:490.688   CPU_ReadMem(24 bytes @ 0x2000041C)
T6BF4 541:502.016   CPU_ReadMem(24 bytes @ 0x2000041C)
T6BF4 541:513.088   CPU_ReadMem(24 bytes @ 0x2000041C)
T6BF4 541:524.352   CPU_ReadMem(24 bytes @ 0x2000041C)
T7288 541:525.376   JLINK_RTTERMINAL_Read(BufferIndex = 0, BufferSize = 0x00010000)
T7288 541:525.376     RTT: Failed to load RTT control block at address 0x2000041C
T7288 541:525.440     RTT: Failed to load RTT control block at address 0x2000041C
T7288 541:525.568     RTT: Failed to load RTT control block at address 0x2000041C
T7288 541:525.632     RTT: Failed to load RTT control block at address 0x2000041C
T7288 541:525.632     RTT: Failed to load RTT control block at address 0x2000041C
T7288 541:525.696   - 0.367ms returns 0
T6BF4 541:535.360   CPU_ReadMem(24 bytes @ 0x2000041C)
T6BF4 541:547.392   CPU_ReadMem(24 bytes @ 0x2000041C)
T6BF4 541:559.296   CPU_ReadMem(24 bytes @ 0x2000041C)
T6BF4 541:570.432   CPU_ReadMem(24 bytes @ 0x2000041C)
T7288 541:576.576   JLINK_RTTERMINAL_Read(BufferIndex = 0, BufferSize = 0x00010000)
T7288 541:576.640     RTT: Failed to load RTT control block at address 0x2000041C
T7288 541:576.704     RTT: Failed to load RTT control block at address 0x2000041C
T7288 541:576.768     RTT: Failed to load RTT control block at address 0x2000041C
T7288 541:576.832     RTT: Failed to load RTT control block at address 0x2000041C
T7288 541:576.832   - 0.311ms returns 0
T6BF4 541:582.080   CPU_ReadMem(24 bytes @ 0x2000041C)
T6BF4 541:594.048   CPU_ReadMem(24 bytes @ 0x2000041C)
T6BF4 541:605.120   CPU_ReadMem(24 bytes @ 0x2000041C)
T6BF4 541:616.704   CPU_ReadMem(24 bytes @ 0x2000041C)
T7288 541:627.456   JLINK_RTTERMINAL_Read(BufferIndex = 0, BufferSize = 0x00010000)
T7288 541:627.520     RTT: Failed to load RTT control block at address 0x2000041C
T7288 541:627.584     RTT: Failed to load RTT control block at address 0x2000041C
T7288 541:627.648     RTT: Failed to load RTT control block at address 0x2000041C
T7288 541:627.712     RTT: Failed to load RTT control block at address 0x2000041C
T7288 541:627.776   - 0.317ms returns 0
T6BF4 541:628.288   CPU_ReadMem(24 bytes @ 0x2000041C)
T6BF4 541:639.424   CPU_ReadMem(24 bytes @ 0x2000041C)
T6BF4 541:650.304   CPU_ReadMem(24 bytes @ 0x2000041C)
T6BF4 541:661.376   CPU_ReadMem(24 bytes @ 0x2000041C)
T6BF4 541:672.384   CPU_ReadMem(24 bytes @ 0x2000041C)
T7288 541:678.464   JLINK_RTTERMINAL_Read(BufferIndex = 0, BufferSize = 0x00010000)
T7288 541:678.592     RTT: Failed to load RTT control block at address 0x2000041C
T7288 541:678.656     RTT: Failed to load RTT control block at address 0x2000041C
T7288 541:678.720     RTT: Failed to load RTT control block at address 0x2000041C
T7288 541:678.720     RTT: Failed to load RTT control block at address 0x2000041C
T7288 541:678.720     RTT: Failed to load RTT control block at address 0x2000041C
T7288 541:678.784   - 0.294ms returns 0
T6BF4 541:683.904   CPU_ReadMem(24 bytes @ 0x2000041C)
T6BF4 541:696.064   CPU_ReadMem(24 bytes @ 0x2000041C)
T6BF4 541:707.904   CPU_ReadMem(24 bytes @ 0x2000041C)
T6BF4 541:719.040   CPU_ReadMem(24 bytes @ 0x2000041C)
T7288 541:729.152   JLINK_RTTERMINAL_Read(BufferIndex = 0, BufferSize = 0x00010000)
T7288 541:729.216     RTT: Failed to load RTT control block at address 0x2000041C
T7288 541:729.280     RTT: Failed to load RTT control block at address 0x2000041C
T7288 541:729.344     RTT: Failed to load RTT control block at address 0x2000041C
T7288 541:729.408     RTT: Failed to load RTT control block at address 0x2000041C
T7288 541:729.408   - 0.256ms returns 0
T6BF4 541:730.048   CPU_ReadMem(24 bytes @ 0x2000041C)
T6BF4 541:741.184   CPU_ReadMem(24 bytes @ 0x2000041C)
T6BF4 541:753.216   CPU_ReadMem(24 bytes @ 0x2000041C)
T6BF4 541:764.288   CPU_ReadMem(24 bytes @ 0x2000041C)
T6BF4 541:775.488   CPU_ReadMem(24 bytes @ 0x2000041C)
T7288 541:780.928   JLINK_RTTERMINAL_Read(BufferIndex = 0, BufferSize = 0x00010000)
T7288 541:780.992     RTT: Failed to load RTT control block at address 0x2000041C
T7288 541:781.056     RTT: Failed to load RTT control block at address 0x2000041C
T7288 541:781.120     RTT: Failed to load RTT control block at address 0x2000041C
T7288 541:781.120     RTT: Failed to load RTT control block at address 0x2000041C
T7288 541:781.120     RTT: Failed to load RTT control block at address 0x2000041C
T7288 541:781.184   - 0.299ms returns 0
T6BF4 541:786.368   CPU_ReadMem(24 bytes @ 0x2000041C)
T6BF4 541:798.272   CPU_ReadMem(24 bytes @ 0x2000041C)
T6BF4 541:809.344   CPU_ReadMem(24 bytes @ 0x2000041C)
T6BF4 541:821.056   CPU_ReadMem(24 bytes @ 0x2000041C)
T7288 541:831.808   JLINK_RTTERMINAL_Read(BufferIndex = 0, BufferSize = 0x00010000)
T7288 541:831.936     RTT: Failed to load RTT control block at address 0x2000041C
T7288 541:832.000     RTT: Failed to load RTT control block at address 0x2000041C
T7288 541:832.064     RTT: Failed to load RTT control block at address 0x2000041C
T7288 541:832.064     RTT: Failed to load RTT control block at address 0x2000041C
T7288 541:832.128   - 0.307ms returns 0
T6BF4 541:832.768   CPU_ReadMem(24 bytes @ 0x2000041C)
T6BF4 541:843.712   CPU_ReadMem(24 bytes @ 0x2000041C)
T6BF4 541:855.936   CPU_ReadMem(24 bytes @ 0x2000041C)
T6BF4 541:866.944   CPU_ReadMem(24 bytes @ 0x2000041C)
T6BF4 541:878.784   CPU_ReadMem(24 bytes @ 0x2000041C)
T7288 541:882.880   JLINK_RTTERMINAL_Read(BufferIndex = 0, BufferSize = 0x00010000)
T7288 541:883.008     RTT: Failed to load RTT control block at address 0x2000041C
T7288 541:883.008     RTT: Failed to load RTT control block at address 0x2000041C
T7288 541:883.008     RTT: Failed to load RTT control block at address 0x2000041C
T7288 541:883.072     RTT: Failed to load RTT control block at address 0x2000041C
T7288 541:883.136     RTT: Failed to load RTT control block at address 0x2000041C
T7288 541:883.136   - 0.262ms returns 0
T6BF4 541:889.856   CPU_ReadMem(24 bytes @ 0x2000041C)
T6BF4 541:900.928   CPU_ReadMem(24 bytes @ 0x2000041C)
T6BF4 541:912.128   CPU_ReadMem(24 bytes @ 0x2000041C)
T6BF4 541:923.264   CPU_ReadMem(24 bytes @ 0x2000041C)
T7288 541:934.336   JLINK_RTTERMINAL_Read(BufferIndex = 0, BufferSize = 0x00010000)
T7288 541:934.400     RTT: Failed to load RTT control block at address 0x2000041C
T7288 541:934.464     RTT: Failed to load RTT control block at address 0x2000041C
T7288 541:934.464     RTT: Failed to load RTT control block at address 0x2000041C
T7288 541:934.528     RTT: Failed to load RTT control block at address 0x2000041C
T7288 541:934.592   - 0.255ms returns 0
T6BF4 541:935.168   CPU_ReadMem(24 bytes @ 0x2000041C)
T6BF4 541:946.304   CPU_ReadMem(24 bytes @ 0x2000041C)
T6BF4 541:957.248   CPU_ReadMem(24 bytes @ 0x2000041C)
T6BF4 541:968.320   CPU_ReadMem(24 bytes @ 0x2000041C)
T6BF4 541:980.800   CPU_ReadMem(24 bytes @ 0x2000041C)
T7288 541:985.920   JLINK_RTTERMINAL_Read(BufferIndex = 0, BufferSize = 0x00010000)
T7288 541:986.048     RTT: Failed to load RTT control block at address 0x2000041C
T7288 541:986.112     RTT: Failed to load RTT control block at address 0x2000041C
T7288 541:986.176     RTT: Failed to load RTT control block at address 0x2000041C
T7288 541:986.176     RTT: Failed to load RTT control block at address 0x2000041C
T7288 541:986.240     RTT: Failed to load RTT control block at address 0x2000041C
T7288 541:986.304   - 0.358ms returns 0
T6BF4 541:992.832   CPU_ReadMem(24 bytes @ 0x2000041C)
T6BF4 542:004.096   CPU_ReadMem(24 bytes @ 0x2000041C)
T6BF4 542:015.104   CPU_ReadMem(24 bytes @ 0x2000041C)
T6BF4 542:026.624   CPU_ReadMem(24 bytes @ 0x2000041C)
T7288 542:037.376   JLINK_RTTERMINAL_Read(BufferIndex = 0, BufferSize = 0x00010000)
T7288 542:037.440     RTT: Failed to load RTT control block at address 0x2000041C
T7288 542:037.504     RTT: Failed to load RTT control block at address 0x2000041C
T7288 542:037.504     RTT: Failed to load RTT control block at address 0x2000041C
T7288 542:037.632     RTT: Failed to load RTT control block at address 0x2000041C
T7288 542:037.632   - 0.230ms returns 0
T6BF4 542:038.336   CPU_ReadMem(24 bytes @ 0x2000041C)
T6BF4 542:050.304   CPU_ReadMem(24 bytes @ 0x2000041C)
T6BF4 542:062.208   CPU_ReadMem(24 bytes @ 0x2000041C)
T6BF4 542:073.536   CPU_ReadMem(24 bytes @ 0x2000041C)
T6BF4 542:084.736   CPU_ReadMem(24 bytes @ 0x2000041C)
T7288 542:088.896   JLINK_RTTERMINAL_Read(BufferIndex = 0, BufferSize = 0x00010000)
T7288 542:088.960     RTT: Failed to load RTT control block at address 0x2000041C
T7288 542:089.024     RTT: Failed to load RTT control block at address 0x2000041C
T7288 542:089.024     RTT: Failed to load RTT control block at address 0x2000041C
T7288 542:089.088     RTT: Failed to load RTT control block at address 0x2000041C
T7288 542:089.088     RTT: Failed to load RTT control block at address 0x2000041C
T7288 542:089.088   - 0.242ms returns 0
T6BF4 542:095.872   CPU_ReadMem(24 bytes @ 0x2000041C)
T6BF4 542:106.880   CPU_ReadMem(24 bytes @ 0x2000041C)
T6BF4 542:118.400   CPU_ReadMem(24 bytes @ 0x2000041C)
T6BF4 542:129.984   CPU_ReadMem(24 bytes @ 0x2000041C)
T7288 542:140.032   JLINK_RTTERMINAL_Read(BufferIndex = 0, BufferSize = 0x00010000)
T7288 542:140.160     RTT: Failed to load RTT control block at address 0x2000041C
T7288 542:140.224     RTT: Failed to load RTT control block at address 0x2000041C
T7288 542:140.224     RTT: Failed to load RTT control block at address 0x2000041C
T7288 542:140.288     RTT: Failed to load RTT control block at address 0x2000041C
T7288 542:140.288   - 0.222ms returns 0
T6BF4 542:140.864   CPU_ReadMem(24 bytes @ 0x2000041C)
T6BF4 542:151.872   CPU_ReadMem(24 bytes @ 0x2000041C)
T6BF4 542:163.840   CPU_ReadMem(24 bytes @ 0x2000041C)
T6BF4 542:174.976   CPU_ReadMem(24 bytes @ 0x2000041C)
T6BF4 542:185.984   CPU_ReadMem(24 bytes @ 0x2000041C)
T7288 542:191.232   JLINK_RTTERMINAL_Read(BufferIndex = 0, BufferSize = 0x00010000)
T7288 542:191.296     RTT: Failed to load RTT control block at address 0x2000041C
T7288 542:191.360     RTT: Failed to load RTT control block at address 0x2000041C
T7288 542:191.424     RTT: Failed to load RTT control block at address 0x2000041C
T7288 542:191.424     RTT: Failed to load RTT control block at address 0x2000041C
T7288 542:191.488     RTT: Failed to load RTT control block at address 0x2000041C
T7288 542:191.488   - 0.259ms returns 0
T6BF4 542:197.056   CPU_ReadMem(24 bytes @ 0x2000041C)
T6BF4 542:208.000   CPU_ReadMem(24 bytes @ 0x2000041C)
T6BF4 542:219.200   CPU_ReadMem(24 bytes @ 0x2000041C)
T6BF4 542:231.040   CPU_ReadMem(24 bytes @ 0x2000041C)
T6BF4 542:242.432   CPU_ReadMem(24 bytes @ 0x2000041C)
T7288 542:243.520   JLINK_RTTERMINAL_Read(BufferIndex = 0, BufferSize = 0x00010000)
T7288 542:243.648     RTT: Failed to load RTT control block at address 0x2000041C
T7288 542:243.648     RTT: Failed to load RTT control block at address 0x2000041C
T7288 542:243.712     RTT: Failed to load RTT control block at address 0x2000041C
T7288 542:243.712     RTT: Failed to load RTT control block at address 0x2000041C
T7288 542:243.712     RTT: Failed to load RTT control block at address 0x2000041C
T7288 542:243.776   - 0.223ms returns 0
T6BF4 542:253.760   CPU_ReadMem(24 bytes @ 0x2000041C)
T6BF4 542:265.728   CPU_ReadMem(24 bytes @ 0x2000041C)
T6BF4 542:277.760   CPU_ReadMem(24 bytes @ 0x2000041C)
T6BF4 542:288.960   CPU_ReadMem(24 bytes @ 0x2000041C)
T7288 542:295.168   JLINK_RTTERMINAL_Read(BufferIndex = 0, BufferSize = 0x00010000)
T7288 542:295.232     RTT: Failed to load RTT control block at address 0x2000041C
T7288 542:295.232     RTT: Failed to load RTT control block at address 0x2000041C
T7288 542:295.296     RTT: Failed to load RTT control block at address 0x2000041C
T7288 542:295.296     RTT: Failed to load RTT control block at address 0x2000041C
T7288 542:295.360   - 0.205ms returns 0
T6BF4 542:300.032   CPU_ReadMem(24 bytes @ 0x2000041C)
T6BF4 542:310.976   CPU_ReadMem(24 bytes @ 0x2000041C)
T6BF4 542:322.176   CPU_ReadMem(24 bytes @ 0x2000041C)
T6BF4 542:333.952   CPU_ReadMem(24 bytes @ 0x2000041C)
T6BF4 542:345.984   CPU_ReadMem(24 bytes @ 0x2000041C)
T7288 542:347.008   JLINK_RTTERMINAL_Read(BufferIndex = 0, BufferSize = 0x00010000)
T7288 542:347.072     RTT: Failed to load RTT control block at address 0x2000041C
T7288 542:347.136     RTT: Failed to load RTT control block at address 0x2000041C
T7288 542:347.136     RTT: Failed to load RTT control block at address 0x2000041C
T7288 542:347.136     RTT: Failed to load RTT control block at address 0x2000041C
T7288 542:347.200     RTT: Failed to load RTT control block at address 0x2000041C
T7288 542:347.264   - 0.251ms returns 0
T6BF4 542:357.248   CPU_ReadMem(24 bytes @ 0x2000041C)
T6BF4 542:368.128   CPU_ReadMem(24 bytes @ 0x2000041C)
T6BF4 542:379.264   CPU_ReadMem(24 bytes @ 0x2000041C)
T6BF4 542:389.696   CPU_ReadMem(24 bytes @ 0x2000041C)
T7288 542:397.824   JLINK_RTTERMINAL_Read(BufferIndex = 0, BufferSize = 0x00010000)
T7288 542:397.888     RTT: Failed to load RTT control block at address 0x2000041C
T7288 542:397.952     RTT: Failed to load RTT control block at address 0x2000041C
T7288 542:398.016     RTT: Failed to load RTT control block at address 0x2000041C
T7288 542:398.080     RTT: Failed to load RTT control block at address 0x2000041C
T7288 542:398.080   - 0.227ms returns 0
T6BF4 542:401.856   CPU_ReadMem(24 bytes @ 0x2000041C)
T6BF4 542:413.760   CPU_ReadMem(24 bytes @ 0x2000041C)
T6BF4 542:425.344   CPU_ReadMem(24 bytes @ 0x2000041C)
T6BF4 542:436.736   CPU_ReadMem(24 bytes @ 0x2000041C)
T6BF4 542:447.744   CPU_ReadMem(24 bytes @ 0x2000041C)
T7288 542:448.768   JLINK_RTTERMINAL_Read(BufferIndex = 0, BufferSize = 0x00010000)
T7288 542:448.896     RTT: Failed to load RTT control block at address 0x2000041C
T7288 542:448.896     RTT: Failed to load RTT control block at address 0x2000041C
T7288 542:448.960     RTT: Failed to load RTT control block at address 0x2000041C
T7288 542:449.024     RTT: Failed to load RTT control block at address 0x2000041C
T7288 542:449.024     RTT: Failed to load RTT control block at address 0x2000041C
T7288 542:449.024   - 0.216ms returns 0
T6BF4 542:458.752   CPU_ReadMem(24 bytes @ 0x2000041C)
T6BF4 542:470.592   CPU_ReadMem(24 bytes @ 0x2000041C)
T6BF4 542:481.664   CPU_ReadMem(24 bytes @ 0x2000041C)
T6BF4 542:494.272   CPU_ReadMem(24 bytes @ 0x2000041C)
T7288 542:499.712   JLINK_RTTERMINAL_Read(BufferIndex = 0, BufferSize = 0x00010000)
T7288 542:499.776     RTT: Failed to load RTT control block at address 0x2000041C
T7288 542:499.840     RTT: Failed to load RTT control block at address 0x2000041C
T7288 542:499.840     RTT: Failed to load RTT control block at address 0x2000041C
T7288 542:499.904     RTT: Failed to load RTT control block at address 0x2000041C
T7288 542:499.968   - 0.212ms returns 0
T6BF4 542:504.704   CPU_ReadMem(24 bytes @ 0x2000041C)
T6BF4 542:515.904   CPU_ReadMem(24 bytes @ 0x2000041C)
T6BF4 542:527.104   CPU_ReadMem(24 bytes @ 0x2000041C)
T6BF4 542:538.112   CPU_ReadMem(24 bytes @ 0x2000041C)
T6BF4 542:550.016   CPU_ReadMem(24 bytes @ 0x2000041C)
T7288 542:551.168   JLINK_RTTERMINAL_Read(BufferIndex = 0, BufferSize = 0x00010000)
T7288 542:551.232     RTT: Failed to load RTT control block at address 0x2000041C
T7288 542:551.232     RTT: Failed to load RTT control block at address 0x2000041C
T7288 542:551.296     RTT: Failed to load RTT control block at address 0x2000041C
T7288 542:551.296     RTT: Failed to load RTT control block at address 0x2000041C
T7288 542:551.360     RTT: Failed to load RTT control block at address 0x2000041C
T7288 542:551.424   - 0.215ms returns 0
T6BF4 542:561.088   CPU_ReadMem(24 bytes @ 0x2000041C)
T6BF4 542:571.904   CPU_ReadMem(24 bytes @ 0x2000041C)
T6BF4 542:583.488   CPU_ReadMem(24 bytes @ 0x2000041C)
T6BF4 542:595.584   CPU_ReadMem(24 bytes @ 0x2000041C)
T7288 542:602.560   JLINK_RTTERMINAL_Read(BufferIndex = 0, BufferSize = 0x00010000)
T7288 542:602.624     RTT: Failed to load RTT control block at address 0x2000041C
T7288 542:602.624     RTT: Failed to load RTT control block at address 0x2000041C
T7288 542:602.624     RTT: Failed to load RTT control block at address 0x2000041C
T7288 542:602.688     RTT: Failed to load RTT control block at address 0x2000041C
T7288 542:602.752   - 0.177ms returns 0
T6BF4 542:606.720   CPU_ReadMem(24 bytes @ 0x2000041C)
T6BF4 542:618.112   CPU_ReadMem(24 bytes @ 0x2000041C)
T6BF4 542:629.824   CPU_ReadMem(24 bytes @ 0x2000041C)
T6BF4 542:640.704   CPU_ReadMem(24 bytes @ 0x2000041C)
T6BF4 542:651.904   CPU_ReadMem(24 bytes @ 0x2000041C)
T7288 542:654.016   JLINK_RTTERMINAL_Read(BufferIndex = 0, BufferSize = 0x00010000)
T7288 542:654.080     RTT: Failed to load RTT control block at address 0x2000041C
T7288 542:654.080     RTT: Failed to load RTT control block at address 0x2000041C
T7288 542:654.144     RTT: Failed to load RTT control block at address 0x2000041C
T7288 542:654.144     RTT: Failed to load RTT control block at address 0x2000041C
T7288 542:654.208     RTT: Failed to load RTT control block at address 0x2000041C
T7288 542:654.272   - 0.246ms returns 0
T6BF4 542:663.872   CPU_ReadMem(24 bytes @ 0x2000041C)
T6BF4 542:675.008   CPU_ReadMem(24 bytes @ 0x2000041C)
T6BF4 542:686.592   CPU_ReadMem(24 bytes @ 0x2000041C)
T6BF4 542:697.536   CPU_ReadMem(24 bytes @ 0x2000041C)
T7288 542:705.088   JLINK_RTTERMINAL_Read(BufferIndex = 0, BufferSize = 0x00010000)
T7288 542:705.152     RTT: Failed to load RTT control block at address 0x2000041C
T7288 542:705.216     RTT: Failed to load RTT control block at address 0x2000041C
T7288 542:705.216     RTT: Failed to load RTT control block at address 0x2000041C
T7288 542:705.280     RTT: Failed to load RTT control block at address 0x2000041C
T7288 542:705.280   - 0.164ms returns 0
T6BF4 542:708.032   CPU_ReadMem(24 bytes @ 0x2000041C)
T6BF4 542:719.552   CPU_ReadMem(24 bytes @ 0x2000041C)
T6BF4 542:731.136   CPU_ReadMem(24 bytes @ 0x2000041C)
T6BF4 542:742.144   CPU_ReadMem(24 bytes @ 0x2000041C)
T6BF4 542:753.152   CPU_ReadMem(24 bytes @ 0x2000041C)
T7288 542:756.224   JLINK_RTTERMINAL_Read(BufferIndex = 0, BufferSize = 0x00010000)
T7288 542:756.288     RTT: Failed to load RTT control block at address 0x2000041C
T7288 542:756.352     RTT: Failed to load RTT control block at address 0x2000041C
T7288 542:756.352     RTT: Failed to load RTT control block at address 0x2000041C
T7288 542:756.416     RTT: Failed to load RTT control block at address 0x2000041C
T7288 542:756.480     RTT: Failed to load RTT control block at address 0x2000041C
T7288 542:756.480   - 0.219ms returns 0
T6BF4 542:765.184   CPU_ReadMem(24 bytes @ 0x2000041C)
T6BF4 542:777.152   CPU_ReadMem(24 bytes @ 0x2000041C)
T6BF4 542:788.736   CPU_ReadMem(24 bytes @ 0x2000041C)
T6BF4 542:800.704   CPU_ReadMem(24 bytes @ 0x2000041C)
T7288 542:808.000   JLINK_RTTERMINAL_Read(BufferIndex = 0, BufferSize = 0x00010000)
T7288 542:808.128     RTT: Failed to load RTT control block at address 0x2000041C
T7288 542:808.128     RTT: Failed to load RTT control block at address 0x2000041C
T7288 542:808.192     RTT: Failed to load RTT control block at address 0x2000041C
T7288 542:808.192     RTT: Failed to load RTT control block at address 0x2000041C
T7288 542:808.192   - 0.214ms returns 0
T6BF4 542:811.904   CPU_ReadMem(24 bytes @ 0x2000041C)
T6BF4 542:823.040   CPU_ReadMem(24 bytes @ 0x2000041C)
T6BF4 542:834.304   CPU_ReadMem(24 bytes @ 0x2000041C)
T6BF4 542:845.312   CPU_ReadMem(24 bytes @ 0x2000041C)
T6BF4 542:856.448   CPU_ReadMem(24 bytes @ 0x2000041C)
T7288 542:859.648   JLINK_RTTERMINAL_Read(BufferIndex = 0, BufferSize = 0x00010000)
T7288 542:859.648     RTT: Failed to load RTT control block at address 0x2000041C
T7288 542:859.712     RTT: Failed to load RTT control block at address 0x2000041C
T7288 542:859.712     RTT: Failed to load RTT control block at address 0x2000041C
T7288 542:859.776     RTT: Failed to load RTT control block at address 0x2000041C
T7288 542:859.776     RTT: Failed to load RTT control block at address 0x2000041C
T7288 542:859.840   - 0.203ms returns 0
T6BF4 542:867.456   CPU_ReadMem(24 bytes @ 0x2000041C)
T6BF4 542:878.336   CPU_ReadMem(24 bytes @ 0x2000041C)
T6BF4 542:889.984   CPU_ReadMem(24 bytes @ 0x2000041C)
T6BF4 542:900.992   CPU_ReadMem(24 bytes @ 0x2000041C)
T7288 542:911.104   JLINK_RTTERMINAL_Read(BufferIndex = 0, BufferSize = 0x00010000)
T7288 542:911.168     RTT: Failed to load RTT control block at address 0x2000041C
T7288 542:911.168     RTT: Failed to load RTT control block at address 0x2000041C
T7288 542:911.232     RTT: Failed to load RTT control block at address 0x2000041C
T7288 542:911.232     RTT: Failed to load RTT control block at address 0x2000041C
T7288 542:911.296   - 0.219ms returns 0
T6BF4 542:912.896   CPU_ReadMem(24 bytes @ 0x2000041C)
T6BF4 542:924.416   CPU_ReadMem(24 bytes @ 0x2000041C)
T6BF4 542:936.128   CPU_ReadMem(24 bytes @ 0x2000041C)
T6BF4 542:948.416   CPU_ReadMem(24 bytes @ 0x2000041C)
T6BF4 542:959.168   CPU_ReadMem(24 bytes @ 0x2000041C)
T7288 542:962.304   JLINK_RTTERMINAL_Read(BufferIndex = 0, BufferSize = 0x00010000)
T7288 542:962.432     RTT: Failed to load RTT control block at address 0x2000041C
T7288 542:962.432     RTT: Failed to load RTT control block at address 0x2000041C
T7288 542:962.496     RTT: Failed to load RTT control block at address 0x2000041C
T7288 542:962.560     RTT: Failed to load RTT control block at address 0x2000041C
T7288 542:962.560     RTT: Failed to load RTT control block at address 0x2000041C
T7288 542:962.560   - 0.240ms returns 0
T6BF4 542:971.200   CPU_ReadMem(24 bytes @ 0x2000041C)
T6BF4 542:982.720   CPU_ReadMem(24 bytes @ 0x2000041C)
T6BF4 542:993.664   CPU_ReadMem(24 bytes @ 0x2000041C)
T6BF4 543:005.568   CPU_ReadMem(24 bytes @ 0x2000041C)
T7288 543:013.760   JLINK_RTTERMINAL_Read(BufferIndex = 0, BufferSize = 0x00010000)
T7288 543:013.888     RTT: Failed to load RTT control block at address 0x2000041C
T7288 543:013.888     RTT: Failed to load RTT control block at address 0x2000041C
T7288 543:013.952     RTT: Failed to load RTT control block at address 0x2000041C
T7288 543:014.016     RTT: Failed to load RTT control block at address 0x2000041C
T7288 543:014.016   - 0.202ms returns 0
T6BF4 543:016.640   CPU_ReadMem(24 bytes @ 0x2000041C)
T6BF4 543:027.776   CPU_ReadMem(24 bytes @ 0x2000041C)
T6BF4 543:039.104   CPU_ReadMem(24 bytes @ 0x2000041C)
T6BF4 543:050.176   CPU_ReadMem(24 bytes @ 0x2000041C)
T6BF4 543:061.120   CPU_ReadMem(24 bytes @ 0x2000041C)
T7288 543:065.344   JLINK_RTTERMINAL_Read(BufferIndex = 0, BufferSize = 0x00010000)
T7288 543:065.472     RTT: Failed to load RTT control block at address 0x2000041C
T7288 543:065.472     RTT: Failed to load RTT control block at address 0x2000041C
T7288 543:065.536     RTT: Failed to load RTT control block at address 0x2000041C
T7288 543:065.536     RTT: Failed to load RTT control block at address 0x2000041C
T7288 543:065.664     RTT: Failed to load RTT control block at address 0x2000041C
T7288 543:065.728   - 0.377ms returns 0
T6BF4 543:072.128   CPU_ReadMem(24 bytes @ 0x2000041C)
T6BF4 543:083.328   CPU_ReadMem(24 bytes @ 0x2000041C)
T6BF4 543:094.336   CPU_ReadMem(24 bytes @ 0x2000041C)
T6BF4 543:105.280   CPU_ReadMem(24 bytes @ 0x2000041C)
T6BF4 543:116.416   CPU_ReadMem(24 bytes @ 0x2000041C)
T7288 543:117.440   JLINK_RTTERMINAL_Read(BufferIndex = 0, BufferSize = 0x00010000)
T7288 543:117.504     RTT: Failed to load RTT control block at address 0x2000041C
T7288 543:117.504     RTT: Failed to load RTT control block at address 0x2000041C
T7288 543:117.568     RTT: Failed to load RTT control block at address 0x2000041C
T7288 543:117.632     RTT: Failed to load RTT control block at address 0x2000041C
T7288 543:117.696     RTT: Failed to load RTT control block at address 0x2000041C
T7288 543:117.696   - 0.262ms returns 0
T6BF4 543:127.744   CPU_ReadMem(24 bytes @ 0x2000041C)
T6BF4 543:139.776   CPU_ReadMem(24 bytes @ 0x2000041C)
T6BF4 543:151.808   CPU_ReadMem(24 bytes @ 0x2000041C)
T6BF4 543:163.776   CPU_ReadMem(24 bytes @ 0x2000041C)
T7288 543:168.896   JLINK_RTTERMINAL_Read(BufferIndex = 0, BufferSize = 0x00010000)
T7288 543:168.960     RTT: Failed to load RTT control block at address 0x2000041C
T7288 543:169.024     RTT: Failed to load RTT control block at address 0x2000041C
T7288 543:169.088     RTT: Failed to load RTT control block at address 0x2000041C
T7288 543:169.152     RTT: Failed to load RTT control block at address 0x2000041C
T7288 543:169.152   - 0.300ms returns 0
T6BF4 543:174.784   CPU_ReadMem(24 bytes @ 0x2000041C)
T6BF4 543:186.624   CPU_ReadMem(24 bytes @ 0x2000041C)
T6BF4 543:198.720   CPU_ReadMem(24 bytes @ 0x2000041C)
T6BF4 543:209.600   CPU_ReadMem(24 bytes @ 0x2000041C)
T7288 543:220.224   JLINK_RTTERMINAL_Read(BufferIndex = 0, BufferSize = 0x00010000)
T7288 543:220.352     RTT: Failed to load RTT control block at address 0x2000041C
T7288 543:220.352     RTT: Failed to load RTT control block at address 0x2000041C
T7288 543:220.416     RTT: Failed to load RTT control block at address 0x2000041C
T7288 543:220.480     RTT: Failed to load RTT control block at address 0x2000041C
T7288 543:220.480   - 0.247ms returns 0
T6BF4 543:221.120   CPU_ReadMem(24 bytes @ 0x2000041C)
T6BF4 543:232.448   CPU_ReadMem(24 bytes @ 0x2000041C)
T6BF4 543:243.968   CPU_ReadMem(24 bytes @ 0x2000041C)
T6BF4 543:255.936   CPU_ReadMem(24 bytes @ 0x2000041C)
T6BF4 543:267.008   CPU_ReadMem(24 bytes @ 0x2000041C)
T7288 543:271.168   JLINK_RTTERMINAL_Read(BufferIndex = 0, BufferSize = 0x00010000)
T7288 543:271.296     RTT: Failed to load RTT control block at address 0x2000041C
T7288 543:271.296     RTT: Failed to load RTT control block at address 0x2000041C
T7288 543:271.296     RTT: Failed to load RTT control block at address 0x2000041C
T7288 543:271.360     RTT: Failed to load RTT control block at address 0x2000041C
T7288 543:271.424     RTT: Failed to load RTT control block at address 0x2000041C
T7288 543:271.424   - 0.265ms returns 0
T6BF4 543:279.104   CPU_ReadMem(24 bytes @ 0x2000041C)
T6BF4 543:290.752   CPU_ReadMem(24 bytes @ 0x2000041C)
T6BF4 543:302.720   CPU_ReadMem(24 bytes @ 0x2000041C)
T6BF4 543:313.728   CPU_ReadMem(24 bytes @ 0x2000041C)
T7288 543:322.496   JLINK_RTTERMINAL_Read(BufferIndex = 0, BufferSize = 0x00010000)
T7288 543:322.560     RTT: Failed to load RTT control block at address 0x2000041C
T7288 543:322.560     RTT: Failed to load RTT control block at address 0x2000041C
T7288 543:322.624     RTT: Failed to load RTT control block at address 0x2000041C
T7288 543:322.624     RTT: Failed to load RTT control block at address 0x2000041C
T7288 543:322.688   - 0.190ms returns 0
T6BF4 543:325.376   CPU_ReadMem(24 bytes @ 0x2000041C)
T6BF4 543:337.344   CPU_ReadMem(24 bytes @ 0x2000041C)
T6BF4 543:348.416   CPU_ReadMem(24 bytes @ 0x2000041C)
T6BF4 543:360.384   CPU_ReadMem(24 bytes @ 0x2000041C)
T6BF4 543:371.392   CPU_ReadMem(24 bytes @ 0x2000041C)
T7288 543:373.504   JLINK_RTTERMINAL_Read(BufferIndex = 0, BufferSize = 0x00010000)
T7288 543:373.568     RTT: Failed to load RTT control block at address 0x2000041C
T7288 543:373.632     RTT: Failed to load RTT control block at address 0x2000041C
T7288 543:373.696     RTT: Failed to load RTT control block at address 0x2000041C
T7288 543:373.696     RTT: Failed to load RTT control block at address 0x2000041C
T7288 543:373.696     RTT: Failed to load RTT control block at address 0x2000041C
T7288 543:373.696   - 0.190ms returns 0
T6BF4 543:382.912   CPU_ReadMem(24 bytes @ 0x2000041C)
T6BF4 543:394.880   CPU_ReadMem(24 bytes @ 0x2000041C)
T6BF4 543:405.952   CPU_ReadMem(24 bytes @ 0x2000041C)
T6BF4 543:417.984   CPU_ReadMem(24 bytes @ 0x2000041C)
T7288 543:424.192   JLINK_RTTERMINAL_Read(BufferIndex = 0, BufferSize = 0x00010000)
T7288 543:424.320     RTT: Failed to load RTT control block at address 0x2000041C
T7288 543:424.384     RTT: Failed to load RTT control block at address 0x2000041C
T7288 543:424.384     RTT: Failed to load RTT control block at address 0x2000041C
T7288 543:424.384     RTT: Failed to load RTT control block at address 0x2000041C
T7288 543:424.448   - 0.220ms returns 0
T6BF4 543:429.120   CPU_ReadMem(24 bytes @ 0x2000041C)
T6BF4 543:441.088   CPU_ReadMem(24 bytes @ 0x2000041C)
T6BF4 543:452.032   CPU_ReadMem(24 bytes @ 0x2000041C)
T6BF4 543:464.064   CPU_ReadMem(24 bytes @ 0x2000041C)
T6BF4 543:475.200   CPU_ReadMem(24 bytes @ 0x2000041C)
T7288 543:476.224   JLINK_RTTERMINAL_Read(BufferIndex = 0, BufferSize = 0x00010000)
T7288 543:476.288     RTT: Failed to load RTT control block at address 0x2000041C
T7288 543:476.352     RTT: Failed to load RTT control block at address 0x2000041C
T7288 543:476.352     RTT: Failed to load RTT control block at address 0x2000041C
T7288 543:476.352     RTT: Failed to load RTT control block at address 0x2000041C
T7288 543:476.416     RTT: Failed to load RTT control block at address 0x2000041C
T7288 543:476.416   - 0.222ms returns 0
T6BF4 543:486.144   CPU_ReadMem(24 bytes @ 0x2000041C)
T6BF4 543:497.152   CPU_ReadMem(24 bytes @ 0x2000041C)
T6BF4 543:508.288   CPU_ReadMem(24 bytes @ 0x2000041C)
T6BF4 543:520.128   CPU_ReadMem(24 bytes @ 0x2000041C)
T7288 543:527.488   JLINK_RTTERMINAL_Read(BufferIndex = 0, BufferSize = 0x00010000)
T7288 543:527.552     RTT: Failed to load RTT control block at address 0x2000041C
T7288 543:527.552     RTT: Failed to load RTT control block at address 0x2000041C
T7288 543:527.552     RTT: Failed to load RTT control block at address 0x2000041C
T7288 543:527.616     RTT: Failed to load RTT control block at address 0x2000041C
T7288 543:527.680   - 0.194ms returns 0
T6BF4 543:530.176   CPU_ReadMem(24 bytes @ 0x2000041C)
T6BF4 543:542.144   CPU_ReadMem(24 bytes @ 0x2000041C)
T6BF4 543:552.704   CPU_ReadMem(24 bytes @ 0x2000041C)
T6BF4 543:563.904   CPU_ReadMem(24 bytes @ 0x2000041C)
T6BF4 543:574.848   CPU_ReadMem(24 bytes @ 0x2000041C)
T7288 543:578.432   JLINK_RTTERMINAL_Read(BufferIndex = 0, BufferSize = 0x00010000)
T7288 543:578.496     RTT: Failed to load RTT control block at address 0x2000041C
T7288 543:578.496     RTT: Failed to load RTT control block at address 0x2000041C
T7288 543:578.496     RTT: Failed to load RTT control block at address 0x2000041C
T7288 543:578.560     RTT: Failed to load RTT control block at address 0x2000041C
T7288 543:578.560     RTT: Failed to load RTT control block at address 0x2000041C
T7288 543:578.624   - 0.211ms returns 0
T6BF4 543:585.408   CPU_ReadMem(24 bytes @ 0x2000041C)
T6BF4 543:596.608   CPU_ReadMem(24 bytes @ 0x2000041C)
T6BF4 543:607.616   CPU_ReadMem(24 bytes @ 0x2000041C)
T6BF4 543:619.648   CPU_ReadMem(24 bytes @ 0x2000041C)
T7288 543:629.440   JLINK_RTTERMINAL_Read(BufferIndex = 0, BufferSize = 0x00010000)
T7288 543:629.504     RTT: Failed to load RTT control block at address 0x2000041C
T7288 543:629.568     RTT: Failed to load RTT control block at address 0x2000041C
T7288 543:629.568     RTT: Failed to load RTT control block at address 0x2000041C
T7288 543:629.632     RTT: Failed to load RTT control block at address 0x2000041C
T7288 543:629.632   - 0.187ms returns 0
T6BF4 543:631.296   CPU_ReadMem(24 bytes @ 0x2000041C)
T6BF4 543:642.816   CPU_ReadMem(24 bytes @ 0x2000041C)
T6BF4 543:654.528   CPU_ReadMem(24 bytes @ 0x2000041C)
T6BF4 543:666.624   CPU_ReadMem(24 bytes @ 0x2000041C)
T6BF4 543:677.696   CPU_ReadMem(24 bytes @ 0x2000041C)
T7288 543:680.704   JLINK_RTTERMINAL_Read(BufferIndex = 0, BufferSize = 0x00010000)
T7288 543:680.768     RTT: Failed to load RTT control block at address 0x2000041C
T7288 543:680.832     RTT: Failed to load RTT control block at address 0x2000041C
T7288 543:680.832     RTT: Failed to load RTT control block at address 0x2000041C
T7288 543:680.896     RTT: Failed to load RTT control block at address 0x2000041C
T7288 543:680.896     RTT: Failed to load RTT control block at address 0x2000041C
T7288 543:680.896   - 0.190ms returns 0
T6BF4 543:688.960   CPU_ReadMem(24 bytes @ 0x2000041C)
T6BF4 543:700.992   CPU_ReadMem(24 bytes @ 0x2000041C)
T6BF4 543:712.000   CPU_ReadMem(24 bytes @ 0x2000041C)
T6BF4 543:723.456   CPU_ReadMem(24 bytes @ 0x2000041C)
T7288 543:732.224   JLINK_RTTERMINAL_Read(BufferIndex = 0, BufferSize = 0x00010000)
T7288 543:732.288     RTT: Failed to load RTT control block at address 0x2000041C
T7288 543:732.352     RTT: Failed to load RTT control block at address 0x2000041C
T7288 543:732.352     RTT: Failed to load RTT control block at address 0x2000041C
T7288 543:732.352     RTT: Failed to load RTT control block at address 0x2000041C
T7288 543:732.416   - 0.215ms returns 0
T6BF4 543:735.104   CPU_ReadMem(24 bytes @ 0x2000041C)
T6BF4 543:747.136   CPU_ReadMem(24 bytes @ 0x2000041C)
T6BF4 543:759.104   CPU_ReadMem(24 bytes @ 0x2000041C)
T6BF4 543:770.112   CPU_ReadMem(24 bytes @ 0x2000041C)
T6BF4 543:782.528   CPU_ReadMem(24 bytes @ 0x2000041C)
T7288 543:783.744   JLINK_RTTERMINAL_Read(BufferIndex = 0, BufferSize = 0x00010000)
T7288 543:783.808     RTT: Failed to load RTT control block at address 0x2000041C
T7288 543:783.808     RTT: Failed to load RTT control block at address 0x2000041C
T7288 543:783.808     RTT: Failed to load RTT control block at address 0x2000041C
T7288 543:783.872     RTT: Failed to load RTT control block at address 0x2000041C
T7288 543:783.872     RTT: Failed to load RTT control block at address 0x2000041C
T7288 543:783.936   - 0.220ms returns 0
T6BF4 543:794.688   CPU_ReadMem(24 bytes @ 0x2000041C)
T6BF4 543:805.632   CPU_ReadMem(24 bytes @ 0x2000041C)
T6BF4 543:816.704   CPU_ReadMem(24 bytes @ 0x2000041C)
T6BF4 543:827.776   CPU_ReadMem(24 bytes @ 0x2000041C)
T7288 543:834.880   JLINK_RTTERMINAL_Read(BufferIndex = 0, BufferSize = 0x00010000)
T7288 543:834.944     RTT: Failed to load RTT control block at address 0x2000041C
T7288 543:834.944     RTT: Failed to load RTT control block at address 0x2000041C
T7288 543:835.008     RTT: Failed to load RTT control block at address 0x2000041C
T7288 543:835.008     RTT: Failed to load RTT control block at address 0x2000041C
T7288 543:835.008   - 0.163ms returns 0
T6BF4 543:838.336   CPU_ReadMem(24 bytes @ 0x2000041C)
T6BF4 543:850.368   CPU_ReadMem(24 bytes @ 0x2000041C)
T6BF4 543:862.400   CPU_ReadMem(24 bytes @ 0x2000041C)
T6BF4 543:873.920   CPU_ReadMem(24 bytes @ 0x2000041C)
T6BF4 543:885.120   CPU_ReadMem(24 bytes @ 0x2000041C)
T7288 543:886.272   JLINK_RTTERMINAL_Read(BufferIndex = 0, BufferSize = 0x00010000)
T7288 543:886.336     RTT: Failed to load RTT control block at address 0x2000041C
T7288 543:886.400     RTT: Failed to load RTT control block at address 0x2000041C
T7288 543:886.400     RTT: Failed to load RTT control block at address 0x2000041C
T7288 543:886.464     RTT: Failed to load RTT control block at address 0x2000041C
T7288 543:886.464     RTT: Failed to load RTT control block at address 0x2000041C
T7288 543:886.464   - 0.208ms returns 0
T6BF4 543:896.256   CPU_ReadMem(24 bytes @ 0x2000041C)
T6BF4 543:908.288   CPU_ReadMem(24 bytes @ 0x2000041C)
T6BF4 543:919.296   CPU_ReadMem(24 bytes @ 0x2000041C)
T6BF4 543:930.368   CPU_ReadMem(24 bytes @ 0x2000041C)
T7288 543:937.472   JLINK_RTTERMINAL_Read(BufferIndex = 0, BufferSize = 0x00010000)
T7288 543:937.600     RTT: Failed to load RTT control block at address 0x2000041C
T7288 543:937.600     RTT: Failed to load RTT control block at address 0x2000041C
T7288 543:937.664     RTT: Failed to load RTT control block at address 0x2000041C
T7288 543:937.664     RTT: Failed to load RTT control block at address 0x2000041C
T7288 543:937.664   - 0.196ms returns 0
T6BF4 543:941.376   CPU_ReadMem(24 bytes @ 0x2000041C)
T6BF4 543:952.768   CPU_ReadMem(24 bytes @ 0x2000041C)
T6BF4 543:964.736   CPU_ReadMem(24 bytes @ 0x2000041C)
T6BF4 543:975.872   CPU_ReadMem(24 bytes @ 0x2000041C)
T6BF4 543:987.008   CPU_ReadMem(24 bytes @ 0x2000041C)
T7288 543:988.096   JLINK_RTTERMINAL_Read(BufferIndex = 0, BufferSize = 0x00010000)
T7288 543:988.160     RTT: Failed to load RTT control block at address 0x2000041C
T7288 543:988.224     RTT: Failed to load RTT control block at address 0x2000041C
T7288 543:988.224     RTT: Failed to load RTT control block at address 0x2000041C
T7288 543:988.288     RTT: Failed to load RTT control block at address 0x2000041C
T7288 543:988.352     RTT: Failed to load RTT control block at address 0x2000041C
T7288 543:988.352   - 0.241ms returns 0
T6BF4 543:999.040   CPU_ReadMem(24 bytes @ 0x2000041C)
T6BF4 544:010.048   CPU_ReadMem(24 bytes @ 0x2000041C)
T6BF4 544:020.992   CPU_ReadMem(24 bytes @ 0x2000041C)
T6BF4 544:032.128   CPU_ReadMem(24 bytes @ 0x2000041C)
T7288 544:039.168   JLINK_RTTERMINAL_Read(BufferIndex = 0, BufferSize = 0x00010000)
T7288 544:039.296     RTT: Failed to load RTT control block at address 0x2000041C
T7288 544:039.296     RTT: Failed to load RTT control block at address 0x2000041C
T7288 544:039.296     RTT: Failed to load RTT control block at address 0x2000041C
T7288 544:039.360     RTT: Failed to load RTT control block at address 0x2000041C
T7288 544:039.360   - 0.223ms returns 0
T6BF4 544:043.904   CPU_ReadMem(24 bytes @ 0x2000041C)
T6BF4 544:055.360   CPU_ReadMem(24 bytes @ 0x2000041C)
T6BF4 544:067.392   CPU_ReadMem(24 bytes @ 0x2000041C)
T6BF4 544:079.360   CPU_ReadMem(24 bytes @ 0x2000041C)
T7288 544:090.112   JLINK_RTTERMINAL_Read(BufferIndex = 0, BufferSize = 0x00010000)
T7288 544:090.176     RTT: Failed to load RTT control block at address 0x2000041C
T7288 544:090.240     RTT: Failed to load RTT control block at address 0x2000041C
T7288 544:090.240     RTT: Failed to load RTT control block at address 0x2000041C
T7288 544:090.240     RTT: Failed to load RTT control block at address 0x2000041C
T7288 544:090.240   - 0.179ms returns 0
T6BF4 544:090.944   CPU_ReadMem(24 bytes @ 0x2000041C)
T6BF4 544:101.952   CPU_ReadMem(24 bytes @ 0x2000041C)
T6BF4 544:112.896   CPU_ReadMem(24 bytes @ 0x2000041C)
T6BF4 544:124.032   CPU_ReadMem(24 bytes @ 0x2000041C)
T6BF4 544:135.296   CPU_ReadMem(24 bytes @ 0x2000041C)
T7288 544:141.056   JLINK_RTTERMINAL_Read(BufferIndex = 0, BufferSize = 0x00010000)
T7288 544:141.184     RTT: Failed to load RTT control block at address 0x2000041C
T7288 544:141.184     RTT: Failed to load RTT control block at address 0x2000041C
T7288 544:141.184     RTT: Failed to load RTT control block at address 0x2000041C
T7288 544:141.248     RTT: Failed to load RTT control block at address 0x2000041C
T7288 544:141.248     RTT: Failed to load RTT control block at address 0x2000041C
T7288 544:141.312   - 0.227ms returns 0
T6BF4 544:145.856   CPU_ReadMem(24 bytes @ 0x2000041C)
T6BF4 544:156.928   CPU_ReadMem(24 bytes @ 0x2000041C)
T6BF4 544:167.936   CPU_ReadMem(24 bytes @ 0x2000041C)
T6BF4 544:180.032   CPU_ReadMem(24 bytes @ 0x2000041C)
T6BF4 544:191.552   CPU_ReadMem(24 bytes @ 0x2000041C)
T7288 544:192.640   JLINK_RTTERMINAL_Read(BufferIndex = 0, BufferSize = 0x00010000)
T7288 544:192.640     RTT: Failed to load RTT control block at address 0x2000041C
T7288 544:192.640     RTT: Failed to load RTT control block at address 0x2000041C
T7288 544:192.704     RTT: Failed to load RTT control block at address 0x2000041C
T7288 544:192.704     RTT: Failed to load RTT control block at address 0x2000041C
T7288 544:192.768     RTT: Failed to load RTT control block at address 0x2000041C
T7288 544:192.832   - 0.208ms returns 0
T6BF4 544:202.560   CPU_ReadMem(24 bytes @ 0x2000041C)
T6BF4 544:213.440   CPU_ReadMem(24 bytes @ 0x2000041C)
T6BF4 544:224.576   CPU_ReadMem(24 bytes @ 0x2000041C)
T6BF4 544:236.416   CPU_ReadMem(24 bytes @ 0x2000041C)
T7288 544:243.392   JLINK_RTTERMINAL_Read(BufferIndex = 0, BufferSize = 0x00010000)
T7288 544:243.456     RTT: Failed to load RTT control block at address 0x2000041C
T7288 544:243.520     RTT: Failed to load RTT control block at address 0x2000041C
T7288 544:243.520     RTT: Failed to load RTT control block at address 0x2000041C
T7288 544:243.584     RTT: Failed to load RTT control block at address 0x2000041C
T7288 544:243.584   - 0.191ms returns 0
T6BF4 544:247.424   CPU_ReadMem(24 bytes @ 0x2000041C)
T6BF4 544:259.456   CPU_ReadMem(24 bytes @ 0x2000041C)
T6BF4 544:270.592   CPU_ReadMem(24 bytes @ 0x2000041C)
T6BF4 544:281.600   CPU_ReadMem(24 bytes @ 0x2000041C)
T6BF4 544:292.224   CPU_ReadMem(24 bytes @ 0x2000041C)
T7288 544:294.208   JLINK_RTTERMINAL_Read(BufferIndex = 0, BufferSize = 0x00010000)
T7288 544:294.272     RTT: Failed to load RTT control block at address 0x2000041C
T7288 544:294.272     RTT: Failed to load RTT control block at address 0x2000041C
T7288 544:294.336     RTT: Failed to load RTT control block at address 0x2000041C
T7288 544:294.336     RTT: Failed to load RTT control block at address 0x2000041C
T7288 544:294.400     RTT: Failed to load RTT control block at address 0x2000041C
T7288 544:294.400   - 0.227ms returns 0
T6BF4 544:303.232   CPU_ReadMem(24 bytes @ 0x2000041C)
T6BF4 544:314.240   CPU_ReadMem(24 bytes @ 0x2000041C)
T6BF4 544:325.824   CPU_ReadMem(24 bytes @ 0x2000041C)
T6BF4 544:337.792   CPU_ReadMem(24 bytes @ 0x2000041C)
T7288 544:345.472   JLINK_RTTERMINAL_Read(BufferIndex = 0, BufferSize = 0x00010000)
T7288 544:345.536     RTT: Failed to load RTT control block at address 0x2000041C
T7288 544:345.536     RTT: Failed to load RTT control block at address 0x2000041C
T7288 544:345.600     RTT: Failed to load RTT control block at address 0x2000041C
T7288 544:345.600     RTT: Failed to load RTT control block at address 0x2000041C
T7288 544:345.664   - 0.183ms returns 0
T6BF4 544:348.480   CPU_ReadMem(24 bytes @ 0x2000041C)
T6BF4 544:359.424   CPU_ReadMem(24 bytes @ 0x2000041C)
T6BF4 544:370.688   CPU_ReadMem(24 bytes @ 0x2000041C)
T6BF4 544:381.504   CPU_ReadMem(24 bytes @ 0x2000041C)
T6BF4 544:392.064   CPU_ReadMem(24 bytes @ 0x2000041C)
T7288 544:396.224   JLINK_RTTERMINAL_Read(BufferIndex = 0, BufferSize = 0x00010000)
T7288 544:396.288     RTT: Failed to load RTT control block at address 0x2000041C
T7288 544:396.352     RTT: Failed to load RTT control block at address 0x2000041C
T7288 544:396.352     RTT: Failed to load RTT control block at address 0x2000041C
T7288 544:396.416     RTT: Failed to load RTT control block at address 0x2000041C
T7288 544:396.416     RTT: Failed to load RTT control block at address 0x2000041C
T7288 544:396.416   - 0.235ms returns 0
T6BF4 544:403.072   CPU_ReadMem(24 bytes @ 0x2000041C)
T6BF4 544:414.080   CPU_ReadMem(24 bytes @ 0x2000041C)
T6BF4 544:425.344   CPU_ReadMem(24 bytes @ 0x2000041C)
T6BF4 544:436.928   CPU_ReadMem(24 bytes @ 0x2000041C)
T7288 544:447.104   JLINK_RTTERMINAL_Read(BufferIndex = 0, BufferSize = 0x00010000)
T7288 544:447.168     RTT: Failed to load RTT control block at address 0x2000041C
T7288 544:447.232     RTT: Failed to load RTT control block at address 0x2000041C
T7288 544:447.232     RTT: Failed to load RTT control block at address 0x2000041C
T7288 544:447.296     RTT: Failed to load RTT control block at address 0x2000041C
T7288 544:447.360   - 0.174ms returns 0
T6BF4 544:448.960   CPU_ReadMem(24 bytes @ 0x2000041C)
T6BF4 544:460.928   CPU_ReadMem(24 bytes @ 0x2000041C)
T6BF4 544:472.256   CPU_ReadMem(24 bytes @ 0x2000041C)
T6BF4 544:484.224   CPU_ReadMem(24 bytes @ 0x2000041C)
T6BF4 544:496.128   CPU_ReadMem(24 bytes @ 0x2000041C)
T7288 544:498.304   JLINK_RTTERMINAL_Read(BufferIndex = 0, BufferSize = 0x00010000)
T7288 544:498.304     RTT: Failed to load RTT control block at address 0x2000041C
T7288 544:498.368     RTT: Failed to load RTT control block at address 0x2000041C
T7288 544:498.368     RTT: Failed to load RTT control block at address 0x2000041C
T7288 544:498.432     RTT: Failed to load RTT control block at address 0x2000041C
T7288 544:498.496     RTT: Failed to load RTT control block at address 0x2000041C
T7288 544:498.496   - 0.227ms returns 0
T6BF4 544:508.096   CPU_ReadMem(24 bytes @ 0x2000041C)
T6BF4 544:519.808   CPU_ReadMem(24 bytes @ 0x2000041C)
T6BF4 544:531.776   CPU_ReadMem(24 bytes @ 0x2000041C)
T6BF4 544:543.680   CPU_ReadMem(24 bytes @ 0x2000041C)
T7288 544:549.824   JLINK_RTTERMINAL_Read(BufferIndex = 0, BufferSize = 0x00010000)
T7288 544:549.888     RTT: Failed to load RTT control block at address 0x2000041C
T7288 544:549.888     RTT: Failed to load RTT control block at address 0x2000041C
T7288 544:549.952     RTT: Failed to load RTT control block at address 0x2000041C
T7288 544:549.952     RTT: Failed to load RTT control block at address 0x2000041C
T7288 544:550.016   - 0.158ms returns 0
T6BF4 544:555.712   CPU_ReadMem(24 bytes @ 0x2000041C)
T6BF4 544:567.680   CPU_ReadMem(24 bytes @ 0x2000041C)
T6BF4 544:578.944   CPU_ReadMem(24 bytes @ 0x2000041C)
T6BF4 544:590.400   CPU_ReadMem(24 bytes @ 0x2000041C)
T6BF4 544:601.024   CPU_ReadMem(24 bytes @ 0x2000041C)
T7288 544:602.048   JLINK_RTTERMINAL_Read(BufferIndex = 0, BufferSize = 0x00010000)
T7288 544:602.112     RTT: Failed to load RTT control block at address 0x2000041C
T7288 544:602.176     RTT: Failed to load RTT control block at address 0x2000041C
T7288 544:602.176     RTT: Failed to load RTT control block at address 0x2000041C
T7288 544:602.240     RTT: Failed to load RTT control block at address 0x2000041C
T7288 544:602.240     RTT: Failed to load RTT control block at address 0x2000041C
T7288 544:602.240   - 0.187ms returns 0
T6BF4 544:612.992   CPU_ReadMem(24 bytes @ 0x2000041C)
T6BF4 544:624.960   CPU_ReadMem(24 bytes @ 0x2000041C)
T6BF4 544:636.864   CPU_ReadMem(24 bytes @ 0x2000041C)
T6BF4 544:648.832   CPU_ReadMem(24 bytes @ 0x2000041C)
T7288 544:653.312   JLINK_RTTERMINAL_Read(BufferIndex = 0, BufferSize = 0x00010000)
T7288 544:653.376     RTT: Failed to load RTT control block at address 0x2000041C
T7288 544:653.440     RTT: Failed to load RTT control block at address 0x2000041C
T7288 544:653.440     RTT: Failed to load RTT control block at address 0x2000041C
T7288 544:653.440     RTT: Failed to load RTT control block at address 0x2000041C
T7288 544:653.440   - 0.146ms returns 0
T6BF4 544:660.224   CPU_ReadMem(24 bytes @ 0x2000041C)
T6BF4 544:671.296   CPU_ReadMem(24 bytes @ 0x2000041C)
T6BF4 544:682.304   CPU_ReadMem(24 bytes @ 0x2000041C)
T6BF4 544:693.696   CPU_ReadMem(24 bytes @ 0x2000041C)
T7288 544:703.744   JLINK_RTTERMINAL_Read(BufferIndex = 0, BufferSize = 0x00010000)
T7288 544:703.808     RTT: Failed to load RTT control block at address 0x2000041C
T7288 544:703.872     RTT: Failed to load RTT control block at address 0x2000041C
T7288 544:703.872     RTT: Failed to load RTT control block at address 0x2000041C
T7288 544:703.936     RTT: Failed to load RTT control block at address 0x2000041C
T7288 544:703.936   - 0.239ms returns 0
T6BF4 544:705.664   CPU_ReadMem(24 bytes @ 0x2000041C)
T6BF4 544:716.736   CPU_ReadMem(24 bytes @ 0x2000041C)
T6BF4 544:727.872   CPU_ReadMem(24 bytes @ 0x2000041C)
T6BF4 544:737.856   CPU_ReadMem(24 bytes @ 0x2000041C)
T6BF4 544:748.864   CPU_ReadMem(24 bytes @ 0x2000041C)
T7288 544:754.944   JLINK_RTTERMINAL_Read(BufferIndex = 0, BufferSize = 0x00010000)
T7288 544:755.072     RTT: Failed to load RTT control block at address 0x2000041C
T7288 544:755.072     RTT: Failed to load RTT control block at address 0x2000041C
T7288 544:755.072     RTT: Failed to load RTT control block at address 0x2000041C
T7288 544:755.136     RTT: Failed to load RTT control block at address 0x2000041C
T7288 544:755.136     RTT: Failed to load RTT control block at address 0x2000041C
T7288 544:755.200   - 0.245ms returns 0
T6BF4 544:759.936   CPU_ReadMem(24 bytes @ 0x2000041C)
T6BF4 544:771.840   CPU_ReadMem(24 bytes @ 0x2000041C)
T6BF4 544:782.080   CPU_ReadMem(24 bytes @ 0x2000041C)
T6BF4 544:792.320   CPU_ReadMem(24 bytes @ 0x2000041C)
T6BF4 544:804.224   CPU_ReadMem(24 bytes @ 0x2000041C)
T7288 544:806.272   JLINK_RTTERMINAL_Read(BufferIndex = 0, BufferSize = 0x00010000)
T7288 544:806.336     RTT: Failed to load RTT control block at address 0x2000041C
T7288 544:806.400     RTT: Failed to load RTT control block at address 0x2000041C
T7288 544:806.464     RTT: Failed to load RTT control block at address 0x2000041C
T7288 544:806.528     RTT: Failed to load RTT control block at address 0x2000041C
T7288 544:806.528     RTT: Failed to load RTT control block at address 0x2000041C
T7288 544:806.528   - 0.259ms returns 0
T6BF4 544:815.232   CPU_ReadMem(24 bytes @ 0x2000041C)
T6BF4 544:826.880   CPU_ReadMem(24 bytes @ 0x2000041C)
T6BF4 544:838.336   CPU_ReadMem(24 bytes @ 0x2000041C)
T6BF4 544:849.408   CPU_ReadMem(24 bytes @ 0x2000041C)
T7288 544:857.536   JLINK_RTTERMINAL_Read(BufferIndex = 0, BufferSize = 0x00010000)
T7288 544:857.664     RTT: Failed to load RTT control block at address 0x2000041C
T7288 544:857.728     RTT: Failed to load RTT control block at address 0x2000041C
T7288 544:857.728     RTT: Failed to load RTT control block at address 0x2000041C
T7288 544:857.792     RTT: Failed to load RTT control block at address 0x2000041C
T7288 544:857.792   - 0.298ms returns 0
T6BF4 544:860.416   CPU_ReadMem(24 bytes @ 0x2000041C)
T6BF4 544:872.384   CPU_ReadMem(24 bytes @ 0x2000041C)
T6BF4 544:883.840   CPU_ReadMem(24 bytes @ 0x2000041C)
T6BF4 544:895.872   CPU_ReadMem(24 bytes @ 0x2000041C)
T6BF4 544:907.008   CPU_ReadMem(24 bytes @ 0x2000041C)
T7288 544:909.056   JLINK_RTTERMINAL_Read(BufferIndex = 0, BufferSize = 0x00010000)
T7288 544:909.120     RTT: Failed to load RTT control block at address 0x2000041C
T7288 544:909.184     RTT: Failed to load RTT control block at address 0x2000041C
T7288 544:909.184     RTT: Failed to load RTT control block at address 0x2000041C
T7288 544:909.184     RTT: Failed to load RTT control block at address 0x2000041C
T7288 544:909.248     RTT: Failed to load RTT control block at address 0x2000041C
T7288 544:909.312   - 0.254ms returns 0
T6BF4 544:919.168   CPU_ReadMem(24 bytes @ 0x2000041C)
T6BF4 544:930.624   CPU_ReadMem(24 bytes @ 0x2000041C)
T6BF4 544:941.696   CPU_ReadMem(24 bytes @ 0x2000041C)
T6BF4 544:952.704   CPU_ReadMem(24 bytes @ 0x2000041C)
T7288 544:959.872   JLINK_RTTERMINAL_Read(BufferIndex = 0, BufferSize = 0x00010000)
T7288 544:959.936     RTT: Failed to load RTT control block at address 0x2000041C
T7288 544:960.000     RTT: Failed to load RTT control block at address 0x2000041C
T7288 544:960.064     RTT: Failed to load RTT control block at address 0x2000041C
T7288 544:960.128     RTT: Failed to load RTT control block at address 0x2000041C
T7288 544:960.128   - 0.279ms returns 0
T6BF4 544:963.840   CPU_ReadMem(24 bytes @ 0x2000041C)
T6BF4 544:974.976   CPU_ReadMem(24 bytes @ 0x2000041C)
T6BF4 544:986.432   CPU_ReadMem(24 bytes @ 0x2000041C)
T6BF4 544:997.440   CPU_ReadMem(24 bytes @ 0x2000041C)
T6BF4 545:008.576   CPU_ReadMem(24 bytes @ 0x2000041C)
T7288 545:010.752   JLINK_RTTERMINAL_Read(BufferIndex = 0, BufferSize = 0x00010000)
T7288 545:010.816     RTT: Failed to load RTT control block at address 0x2000041C
T7288 545:010.816     RTT: Failed to load RTT control block at address 0x2000041C
T7288 545:010.816     RTT: Failed to load RTT control block at address 0x2000041C
T7288 545:010.816     RTT: Failed to load RTT control block at address 0x2000041C
T7288 545:010.880     RTT: Failed to load RTT control block at address 0x2000041C
T7288 545:010.944   - 0.211ms returns 0
T6BF4 545:019.584   CPU_ReadMem(24 bytes @ 0x2000041C)
T6BF4 545:030.656   CPU_ReadMem(24 bytes @ 0x2000041C)
T6BF4 545:042.368   CPU_ReadMem(24 bytes @ 0x2000041C)
T6BF4 545:053.312   CPU_ReadMem(24 bytes @ 0x2000041C)
T7288 545:061.504   JLINK_RTTERMINAL_Read(BufferIndex = 0, BufferSize = 0x00010000)
T7288 545:061.568     RTT: Failed to load RTT control block at address 0x2000041C
T7288 545:061.568     RTT: Failed to load RTT control block at address 0x2000041C
T7288 545:061.632     RTT: Failed to load RTT control block at address 0x2000041C
T7288 545:061.632     RTT: Failed to load RTT control block at address 0x2000041C
T7288 545:061.696   - 0.181ms returns 0
T6BF4 545:065.280   CPU_ReadMem(24 bytes @ 0x2000041C)
T6BF4 545:076.480   CPU_ReadMem(24 bytes @ 0x2000041C)
T6BF4 545:088.256   CPU_ReadMem(24 bytes @ 0x2000041C)
T6BF4 545:100.224   CPU_ReadMem(24 bytes @ 0x2000041C)
T6BF4 545:112.192   CPU_ReadMem(24 bytes @ 0x2000041C)
T7288 545:113.344   JLINK_RTTERMINAL_Read(BufferIndex = 0, BufferSize = 0x00010000)
T7288 545:113.408     RTT: Failed to load RTT control block at address 0x2000041C
T7288 545:113.472     RTT: Failed to load RTT control block at address 0x2000041C
T7288 545:113.472     RTT: Failed to load RTT control block at address 0x2000041C
T7288 545:113.472     RTT: Failed to load RTT control block at address 0x2000041C
T7288 545:113.472     RTT: Failed to load RTT control block at address 0x2000041C
T7288 545:113.536   - 0.204ms returns 0
T6BF4 545:123.328   CPU_ReadMem(24 bytes @ 0x2000041C)
T6BF4 545:134.336   CPU_ReadMem(24 bytes @ 0x2000041C)
T6BF4 545:145.472   CPU_ReadMem(24 bytes @ 0x2000041C)
T6BF4 545:157.376   CPU_ReadMem(24 bytes @ 0x2000041C)
T7288 545:164.480   JLINK_RTTERMINAL_Read(BufferIndex = 0, BufferSize = 0x00010000)
T7288 545:164.544     RTT: Failed to load RTT control block at address 0x2000041C
T7288 545:164.544     RTT: Failed to load RTT control block at address 0x2000041C
T7288 545:164.608     RTT: Failed to load RTT control block at address 0x2000041C
T7288 545:164.672     RTT: Failed to load RTT control block at address 0x2000041C
T7288 545:164.672   - 0.213ms returns 0
T6BF4 545:169.344   CPU_ReadMem(24 bytes @ 0x2000041C)
T6BF4 545:180.544   CPU_ReadMem(24 bytes @ 0x2000041C)
T6BF4 545:191.616   CPU_ReadMem(24 bytes @ 0x2000041C)
T6BF4 545:202.688   CPU_ReadMem(24 bytes @ 0x2000041C)
T6BF4 545:213.696   CPU_ReadMem(24 bytes @ 0x2000041C)
T7288 545:215.744   JLINK_RTTERMINAL_Read(BufferIndex = 0, BufferSize = 0x00010000)
T7288 545:215.808     RTT: Failed to load RTT control block at address 0x2000041C
T7288 545:215.808     RTT: Failed to load RTT control block at address 0x2000041C
T7288 545:215.872     RTT: Failed to load RTT control block at address 0x2000041C
T7288 545:215.872     RTT: Failed to load RTT control block at address 0x2000041C
T7288 545:215.872     RTT: Failed to load RTT control block at address 0x2000041C
T7288 545:215.872   - 0.182ms returns 0
T6BF4 545:224.640   CPU_ReadMem(24 bytes @ 0x2000041C)
T6BF4 545:236.160   CPU_ReadMem(24 bytes @ 0x2000041C)
T6BF4 545:247.808   CPU_ReadMem(24 bytes @ 0x2000041C)
T6BF4 545:258.752   CPU_ReadMem(24 bytes @ 0x2000041C)
T7288 545:266.816   JLINK_RTTERMINAL_Read(BufferIndex = 0, BufferSize = 0x00010000)
T7288 545:267.008     RTT: Failed to load RTT control block at address 0x2000041C
T7288 545:267.008     RTT: Failed to load RTT control block at address 0x2000041C
T7288 545:267.072     RTT: Failed to load RTT control block at address 0x2000041C
T7288 545:267.072     RTT: Failed to load RTT control block at address 0x2000041C
T7288 545:267.072   - 0.239ms returns 0
T6BF4 545:270.720   CPU_ReadMem(24 bytes @ 0x2000041C)
T6BF4 545:281.984   CPU_ReadMem(24 bytes @ 0x2000041C)
T6BF4 545:292.544   CPU_ReadMem(24 bytes @ 0x2000041C)
T6BF4 545:303.552   CPU_ReadMem(24 bytes @ 0x2000041C)
T6BF4 545:314.496   CPU_ReadMem(24 bytes @ 0x2000041C)
T7288 545:317.632   JLINK_RTTERMINAL_Read(BufferIndex = 0, BufferSize = 0x00010000)
T7288 545:317.696     RTT: Failed to load RTT control block at address 0x2000041C
T7288 545:317.760     RTT: Failed to load RTT control block at address 0x2000041C
T7288 545:317.760     RTT: Failed to load RTT control block at address 0x2000041C
T7288 545:317.760     RTT: Failed to load RTT control block at address 0x2000041C
T7288 545:317.824     RTT: Failed to load RTT control block at address 0x2000041C
T7288 545:317.824   - 0.207ms returns 0
T6BF4 545:326.464   CPU_ReadMem(24 bytes @ 0x2000041C)
T6BF4 545:338.240   CPU_ReadMem(24 bytes @ 0x2000041C)
T6BF4 545:350.208   CPU_ReadMem(24 bytes @ 0x2000041C)
T6BF4 545:362.176   CPU_ReadMem(24 bytes @ 0x2000041C)
T7288 545:368.320   JLINK_RTTERMINAL_Read(BufferIndex = 0, BufferSize = 0x00010000)
T7288 545:368.384     RTT: Failed to load RTT control block at address 0x2000041C
T7288 545:368.448     RTT: Failed to load RTT control block at address 0x2000041C
T7288 545:368.448     RTT: Failed to load RTT control block at address 0x2000041C
T7288 545:368.448     RTT: Failed to load RTT control block at address 0x2000041C
T7288 545:368.512   - 0.215ms returns 0
T6BF4 545:373.248   CPU_ReadMem(24 bytes @ 0x2000041C)
T6BF4 545:384.768   CPU_ReadMem(24 bytes @ 0x2000041C)
T6BF4 545:396.672   CPU_ReadMem(24 bytes @ 0x2000041C)
T6BF4 545:407.808   CPU_ReadMem(24 bytes @ 0x2000041C)
T6BF4 545:418.880   CPU_ReadMem(24 bytes @ 0x2000041C)
T7288 545:419.904   JLINK_RTTERMINAL_Read(BufferIndex = 0, BufferSize = 0x00010000)
T7288 545:419.968     RTT: Failed to load RTT control block at address 0x2000041C
T7288 545:420.032     RTT: Failed to load RTT control block at address 0x2000041C
T7288 545:420.032     RTT: Failed to load RTT control block at address 0x2000041C
T7288 545:420.096     RTT: Failed to load RTT control block at address 0x2000041C
T7288 545:420.096     RTT: Failed to load RTT control block at address 0x2000041C
T7288 545:420.160   - 0.208ms returns 0
T6BF4 545:429.824   CPU_ReadMem(24 bytes @ 0x2000041C)
T6BF4 545:440.896   CPU_ReadMem(24 bytes @ 0x2000041C)
T6BF4 545:451.904   CPU_ReadMem(24 bytes @ 0x2000041C)
T6BF4 545:462.912   CPU_ReadMem(24 bytes @ 0x2000041C)
T7288 545:471.104   JLINK_RTTERMINAL_Read(BufferIndex = 0, BufferSize = 0x00010000)
T7288 545:471.104     RTT: Failed to load RTT control block at address 0x2000041C
T7288 545:471.168     RTT: Failed to load RTT control block at address 0x2000041C
T7288 545:471.232     RTT: Failed to load RTT control block at address 0x2000041C
T7288 545:471.232     RTT: Failed to load RTT control block at address 0x2000041C
T7288 545:471.296   - 0.199ms returns 0
T6BF4 545:473.920   CPU_ReadMem(24 bytes @ 0x2000041C)
T6BF4 545:484.992   CPU_ReadMem(24 bytes @ 0x2000041C)
T6BF4 545:496.768   CPU_ReadMem(24 bytes @ 0x2000041C)
T6BF4 545:508.032   CPU_ReadMem(24 bytes @ 0x2000041C)
T6BF4 545:519.232   CPU_ReadMem(24 bytes @ 0x2000041C)
T7288 545:522.368   JLINK_RTTERMINAL_Read(BufferIndex = 0, BufferSize = 0x00010000)
T7288 545:522.432     RTT: Failed to load RTT control block at address 0x2000041C
T7288 545:522.432     RTT: Failed to load RTT control block at address 0x2000041C
T7288 545:522.496     RTT: Failed to load RTT control block at address 0x2000041C
T7288 545:522.496     RTT: Failed to load RTT control block at address 0x2000041C
T7288 545:522.560     RTT: Failed to load RTT control block at address 0x2000041C
T7288 545:522.560   - 0.188ms returns 0
T6BF4 545:530.432   CPU_ReadMem(24 bytes @ 0x2000041C)
T6BF4 545:541.888   CPU_ReadMem(24 bytes @ 0x2000041C)
T6BF4 545:553.984   CPU_ReadMem(24 bytes @ 0x2000041C)
T6BF4 545:565.120   CPU_ReadMem(24 bytes @ 0x2000041C)
T7288 545:573.440   JLINK_RTTERMINAL_Read(BufferIndex = 0, BufferSize = 0x00010000)
T7288 545:573.504     RTT: Failed to load RTT control block at address 0x2000041C
T7288 545:573.504     RTT: Failed to load RTT control block at address 0x2000041C
T7288 545:573.568     RTT: Failed to load RTT control block at address 0x2000041C
T7288 545:573.568     RTT: Failed to load RTT control block at address 0x2000041C
T7288 545:573.632   - 0.208ms returns 0
T6BF4 545:576.384   CPU_ReadMem(24 bytes @ 0x2000041C)
T6BF4 545:587.072   CPU_ReadMem(24 bytes @ 0x2000041C)
T6BF4 545:599.040   CPU_ReadMem(24 bytes @ 0x2000041C)
T6BF4 545:610.176   CPU_ReadMem(24 bytes @ 0x2000041C)
T6BF4 545:621.440   CPU_ReadMem(24 bytes @ 0x2000041C)
T7288 545:623.936   JLINK_RTTERMINAL_Read(BufferIndex = 0, BufferSize = 0x00010000)
T7288 545:624.000     RTT: Failed to load RTT control block at address 0x2000041C
T7288 545:624.064     RTT: Failed to load RTT control block at address 0x2000041C
T7288 545:624.128     RTT: Failed to load RTT control block at address 0x2000041C
T7288 545:624.192     RTT: Failed to load RTT control block at address 0x2000041C
T7288 545:624.192     RTT: Failed to load RTT control block at address 0x2000041C
T7288 545:624.192   - 0.242ms returns 0
T6BF4 545:631.872   CPU_ReadMem(24 bytes @ 0x2000041C)
T6BF4 545:643.520   CPU_ReadMem(24 bytes @ 0x2000041C)
T6BF4 545:654.912   CPU_ReadMem(24 bytes @ 0x2000041C)
T6BF4 545:665.984   CPU_ReadMem(24 bytes @ 0x2000041C)
T6BF4 545:677.056   CPU_ReadMem(24 bytes @ 0x2000041C)
T6BF4 545:688.256   CPU_ReadMem(24 bytes @ 0x2000041C)
T380C 545:691.328   RTT: Failed to load RTT control block at address 0x2000041C
T380C 545:691.456   RTT: Failed to load RTT control block at address 0x2000041C
T380C 545:691.520   RTT: Failed to load RTT control block at address 0x2000041C
T380C 545:691.520   RTT: Failed to load RTT control block at address 0x2000041C
T380C 545:691.520   RTT: Failed to load RTT control block at address 0x2000041C
T380C 545:691.520   RTT: Failed to load RTT control block at address 0x2000041C
T380C 545:691.584 JLINK_ExecCommand("SetRTTAddr 20000A3C", ...). 
T380C 545:692.800 - 1.234ms returns 0x00
T6BF4 545:699.456   CPU_ReadMem(24 bytes @ 0x20000A3C)
T380C 545:702.976   Periodic RTT: RTT CB auto-detected @ 0x20000A3C
T380C 545:703.040   RTT: Found RTT control block at address 0x20000A3C
T380C 545:703.104   Periodic RTT: RTT CB verified. Started data handling
T6BF4 545:719.168   CPU_ReadMem(32 bytes @ 0x0001BFD2)
T6BF4 567:205.376   
  ***** Error: Connection to emulator lost!
T6BF4 585:369.344   
  ***** Error: Connection to emulator lost!
